"","gene","log2FC_at_4dpi","padj_at_4dpi","log2FC_at_4wpi","padj_at_4wpi","padj_interaction","effect_change"
"1","DCC",0.48791095183668,4.72829447947241e-08,-3.40235755286485,6.8637866387775e-54,3.63344105068291e-56,-3.89026850470153
"2","APOE",0.208785091401517,0.0790882970718017,3.55270885878505,2.06533512800083e-47,5.51984649396945e-33,3.34392376738353
"3","TAFA1",-0.0568376057810571,0.632625605785129,3.20315888086414,1.16568088064607e-29,1.20793381464973e-29,3.25999648664519
"4","EBF1",0.00132807488925589,0.993862924944784,-3.06316013323457,1.8911027709717e-19,1.07802547709943e-18,-3.06448820812383
"5","RGCC",-0.136869616983285,0.349856877630478,2.7010495089083,4.39708077349013e-18,1.06244105044773e-18,2.83791912589159
"6","HSD17B14",-0.398406898963287,2.03696955437314e-10,2.1942830402635,3.6763264620906e-35,1.48986126349604e-51,2.59268993922678
"7","MAP7",-0.482845222486483,1.05404810591308e-06,2.09000830229971,3.70513681312854e-17,3.33639163473146e-23,2.57285352478619
"8","MMD2",-0.119051196447201,0.242598671750106,2.39621034470328,2.29387186029269e-28,3.014297605463e-29,2.51526154115048
"9","MTARC2",-0.195557347507123,0.0132667222760962,2.25539978578634,8.22503451918024e-31,1.89786160326251e-38,2.45095713329346
"10","ZNF503",-0.0126756001274145,0.921921271127505,-2.43639504418439,7.64977737862117e-19,1.70011154643244e-19,-2.42371944405698
"11","EFEMP1",-0.355407157364247,0.00982906712610259,2.0650206710812,3.79296056791705e-11,6.13435200039937e-16,2.42042782844545
"12","PNCK",-0.452493416566236,5.74529537216286e-13,1.9637871158794,5.83815992619157e-25,3.03156663400115e-37,2.41628053244564
"13","MMP28",0.0324934455879205,0.708676625119397,2.44420193639041,1.9742612152212e-37,1.28242919510671e-37,2.41170849080249
"14","C16orf46",-0.229739701596806,0.0253393879470767,2.13588232810646,6.76486313845685e-21,4.031186200934e-27,2.36562202970327
"15","NAALAD2",-0.493863015548502,2.05384384665571e-10,1.86948110783838,9.81329746971363e-18,4.18067869861892e-26,2.36334412338688
"16","FGFR3",-0.301016306120588,0.0000918284476998015,2.03085021532207,3.76711190695466e-24,4.24267229013243e-32,2.33186652144266
"17","LYSMD2",-0.359321292141161,5.56467651127023e-08,1.96985214858404,7.80530197367464e-24,7.14926801801541e-33,2.3291734407252
"18","TTYH2",0.0939237710482082,0.129996318743873,2.41095998167943,3.28109192697926e-39,1.60388240279507e-39,2.31703621063122
"19","RGS9",-0.433250408866315,8.22464160567955e-07,1.87118469515226,4.63077263340073e-16,3.90683173893792e-26,2.30443510401857
"20","ZCCHC18",-0.4580511503057,3.20365937746334e-13,1.82934355609421,4.78567009056357e-21,2.87468930857524e-33,2.28739470639991
"21","TRIL",0.231477422628599,0.000487628156580694,2.51215572170602,3.55061588885418e-35,9.2443456462501e-33,2.28067829907742
"22","HNMT",0.156960135302838,0.0493457138611752,2.42469176740593,1.78156496021589e-36,5.55590221999756e-33,2.26773163210309
"23","CHDH",-0.489056425059245,1.83884810663312e-08,1.76200962415045,2.57708098518415e-17,1.29469056092556e-27,2.25106604920969
"24","GABRB1",-0.410065826669416,0.000114866487749737,1.80750058007581,1.84170521359703e-14,1.08008487988276e-17,2.21756640674523
"25","SLC22A5",-0.263565577230535,0.000351849943951228,1.93764065581989,2.98088482906251e-24,3.24534417186934e-31,2.20120623305043
"26","CSGALNACT1",-0.192875534191633,0.0217090527818408,1.99813872461508,1.36496029846133e-18,1.32085698105854e-20,2.19101425880671
"27","HSD17B6",-0.478192046697204,0.000094927252372417,1.7050038057277,8.83224159386125e-10,1.32291155694359e-17,2.18319585242491
"28","LAMB2",0.162377749291023,0.0614950171141132,2.34503550216854,6.77748701470574e-32,3.1784287093762e-28,2.18265775287752
"29","AP5B1",-0.187662176815883,0.013852232257347,1.9808433761733,1.62321286117162e-23,1.48715353605316e-29,2.16850555298918
"30","DNAJC12",-0.0964105566110808,0.0535435761742684,2.06825131992181,9.92477833010684e-28,2.98166851814247e-32,2.16466187653289
"31","CCDC160",0.166674418023462,0.138656370942054,2.32281301383753,1.16086923513365e-19,2.35814438420814e-19,2.15613859581407
"32","MAPKAPK3",0.164727422552819,0.0121705585747554,2.31581951101942,1.03635910588858e-34,1.2645357693244e-34,2.1510920884666
"33","RAB36",-0.364720216641311,0.0000338657365403709,1.77716987893674,2.64265128354466e-16,1.40003169447838e-25,2.14189009557805
"34","CDH6",-0.0952901623729903,0.476458522788946,2.04412120446979,1.10998699903458e-11,3.61994443704112e-11,2.13941136684278
"35","SYTL2",-0.210640132771511,0.0166684979991292,1.91556979354756,1.88269809744594e-18,2.26851389215926e-23,2.12620992631907
"36","PTGDS",0.314646630695055,0.0258608123389509,2.42514241919242,5.65168314914879e-13,1.30533410792879e-10,2.11049578849736
"37","MFAP3L",-0.0310586774602324,0.710108605679243,2.07344565867297,5.09426910650861e-30,2.06225660193666e-30,2.10450433613321
"38","GABBR2",-0.412112326662888,8.33379900149184e-07,1.69129544103627,8.52566440439985e-14,5.55562399647922e-19,2.10340776769915
"39","RNLS",-0.197073268829052,0.0409917099609126,1.89470291972246,2.87860996533296e-15,2.52239664480873e-18,2.09177618855151
"40","PLCD3",0.171456941302314,0.0670446262975611,2.26079026465885,3.93949350152219e-27,2.60499025263236e-25,2.08933332335653
"41","PEX12",0.0974809330285893,0.214499999653194,2.17970783499479,2.91093366970863e-32,1.5454524215468e-30,2.0822269019662
"42","SLC25A48",0.0168600118289014,0.878599955376001,2.0988697724451,6.18666214089415e-20,8.35654838390008e-17,2.0820097606162
"43","SDCBP2",0.05031214197382,0.575010700953901,2.13228849561531,1.70152035766407e-28,3.19571910388996e-29,2.08197635364149
"44","MT3",0.373555398061266,4.98020587740482e-06,2.45167169405383,1.17731063228338e-34,1.87127589653577e-22,2.07811629599256
"45","VAV3",-0.0761963488454368,0.34474738971291,1.9773572090074,8.54751253312501e-17,2.80011718537305e-21,2.05355355785284
"46","MSTN",-0.333636234396367,0.0144483936373097,1.71709507759551,8.12186741480236e-09,2.85819955714195e-11,2.05073131199188
"47","SOCS1",0.0841794180282853,0.379976854981453,2.1238615401472,4.88698357209959e-22,9.33970562488126e-24,2.03968212211891
"48","FGF1",0.208934437499805,0.0301703497899206,2.24552133258133,1.51022045420686e-23,8.32451327191696e-19,2.03658689508152
"49","GCNT1",-0.296745521004412,0.00034881649138383,1.72811104151337,1.9182296716154e-13,1.06788269016316e-19,2.02485656251778
"50","PNMA8C",-0.37875152679983,5.31121177052585e-07,1.63857060480985,4.67601906665989e-16,2.48698367830744e-25,2.01732213160967
"51","RHPN1",0.145879423019219,0.0667002783643709,2.16275905813874,1.70152035766407e-28,3.66440902122662e-27,2.01687963511952
"52","MANSC1",-0.180647098001102,0.000647419078909317,1.82133443186531,5.09516674585413e-21,2.88156483378038e-28,2.00198152986641
"53","HTR2A",-0.366458228084442,0.0000569201654188133,1.63521266264067,3.2300807386499e-15,6.97953941555957e-23,2.00167089072511
"54","NCDN",0.0817307204178308,0.283007155754237,2.08214514619578,8.31191394752736e-24,4.33061217485404e-25,2.00041442577795
"55","LRRC34",-0.14414508783873,0.0482186745123053,1.85071868997118,5.06710263409774e-20,1.93131733566107e-24,1.99486377780991
"56","ARHGDIG",-0.49862883670661,0.0000130836341035694,1.48651092826106,4.89185466598873e-08,1.3764594297047e-15,1.98513976496767
"57","SLC6A11",0.0529111566393752,0.619992124693445,2.03410654499782,4.38253427514625e-15,2.7660648517751e-14,1.98119538835844
"58","CAMK2A",-0.236490804038774,0.00678661131188823,1.74323028144906,2.40580956088046e-15,2.49279459427939e-20,1.97972108548784
"59","SP5",0.0869533993824132,0.632403994924828,-1.89174852070423,2.70060444422301e-07,2.7916264411886e-08,-1.97870192008664
"60","RELB",0.16773032788387,0.031571631102721,2.14383945574349,8.64351406644044e-31,7.62451632491589e-26,1.97610912785962
"61","EPHX2",-0.368903395908162,0.000109698775165924,1.59780149431881,1.01967320757798e-11,7.03209569438721e-20,1.96670489022698
"62","EHD3",-0.237156817254452,0.000502693698495207,1.71418244855609,1.05676978562782e-18,4.34771224367032e-25,1.95133926581054
"63","ACSF2",-0.256281353006335,0.00380403648400189,1.69347108268699,9.88792726771332e-16,2.7489430090103e-21,1.94975243569332
"64","ITGA3",0.108581060227233,0.41160884652053,2.0528941289619,6.11169654091441e-14,1.07792274987528e-11,1.94431306873466
"65","GRIN2A",-0.218367589352941,0.0816625490561238,1.72573394026556,2.50509748550845e-09,4.23546116879377e-12,1.9441015296185
"66","PHETA1",-0.0822889004867925,0.236217072107329,1.86113012817456,1.19418607647022e-22,6.76833298799671e-26,1.94341902866135
"67","SLC9A4",0.371809538884571,0.187415848680764,-1.57145731684656,0.0171508075458432,0.000057532865235026,-1.94326685573113
"68","NAP1L2",-0.326352259002783,6.08603962890932e-07,1.60826502176447,5.13497603024268e-15,2.05736384083319e-24,1.93461728076725
"69","TTC30B",-0.0491953945573216,0.519125463037595,1.88234638575292,1.23530784852212e-22,3.39649395761455e-25,1.93154178031025
"70","ENDOD1",-0.274826542385553,0.000901623365448974,1.65298748895439,1.59454670650088e-14,2.03807935226069e-21,1.92781403133994
"71","UPP1",-0.425790424172196,0.0000672612363210568,1.49816188313928,2.54868787407252e-08,8.79600265841626e-16,1.92395230731148
"72","GM2A",0.0722478249214374,0.474731907136883,1.99341230220243,7.46971518796696e-19,4.94530649480139e-20,1.92116447728099
"73","ACSL6",-0.370037912300196,9.42712833705376e-06,1.54967796474982,1.73900159890731e-11,1.85492533389603e-19,1.91971587705002
"74","GPC5",-0.413987310463747,0.000192953680930915,1.50117136114319,5.16485600282364e-07,2.22618758175589e-09,1.91515867160693
"75","ENSG00000285777",0.0479817454972204,0.587044015763067,1.96036664199874,9.98345317763408e-22,4.75142533642583e-23,1.91238489650152
"76","PPP1R3D",-0.0941014587965509,0.170758620762604,1.81498137170033,9.60219751905034e-21,2.60499025263236e-25,1.90908283049688
"77","TSHZ2",-0.157370614514414,0.128801405663635,-2.0653292181085,7.86268135179284e-15,1.53718131762914e-11,-1.90795860359409
"78","DAAM2",0.403848738528979,0.00326018087090018,2.30128759864843,2.73559718033474e-14,8.69249178017778e-10,1.89743886011945
"79","MT-TF",-0.422019612640333,0.0178459731489372,1.47396271090041,0.00033864360091739,6.08191814389134e-09,1.89598232354074
"80","S100A6",0.0812915987521636,0.724043893308062,1.97604646670072,0.0000306638572967682,0.0000108371172123464,1.89475486794855
"81","ARRB1",-0.392910100491318,0.0000133975980988676,1.49514901239948,1.08296637778697e-10,1.34500706332806e-18,1.8880591128908
"82","ENSG00000280187",-0.190275268013126,0.00507167296220891,1.69564820531078,1.81563166628632e-17,6.19696442788567e-24,1.88592347332391
"83","DPH2",-0.00166287152061377,0.983588469269391,1.88245925037778,1.94883514447156e-21,8.02220822040227e-24,1.8841221218984
"84","RASA4B",-0.0285946036658191,0.697561980127234,1.85356006529509,6.72447664642022e-24,7.67038269206118e-25,1.88215466896091
"85","CD82",0.0635516952071938,0.41264146555641,1.94481611647952,2.05879178506796e-24,1.34860671646401e-25,1.88126442127232
"86","CYB561",0.00517465090105262,0.947033286981234,1.88164421384521,4.78567009056357e-21,1.27859815881881e-23,1.87646956294416
"87","SLC9C2",-0.0593781965512262,0.534727732081494,1.81319520331169,3.50013686119285e-15,5.79518091791329e-18,1.87257339986291
"88","OTX1",-0.0866580550421903,0.161366179087713,1.78095068963529,1.25740235882023e-17,3.25391008031057e-22,1.86760874467748
"89","IRAK2",-0.198526575358428,0.051624965750337,1.66837969858384,3.29545135718482e-13,2.85833787246184e-17,1.86690627394227
"90","GOLGA8M",-0.415549107524607,0.0000206103169441042,1.44917609645845,7.02008861430997e-11,5.05381718707907e-17,1.86472520398305
"91","KLF16",-0.0402537995381334,0.628236000211241,1.82347269414587,2.9644651134268e-19,1.16879495035107e-22,1.86372649368401
"92","ST6GALNAC4",0.121835516598032,0.0329400797417114,1.98505400148239,1.76307964907953e-29,1.49775014535005e-26,1.86321848488435
"93","WDR81",0.173645808536063,0.0252247527163889,2.03647243197418,2.37881547295875e-27,1.04247642684627e-23,1.86282662343812
"94","PLXND1",-0.116651641769861,0.300120590522861,1.74100216009088,3.850828593672e-10,4.85544126237485e-14,1.85765380186074
"95","MSRB3",-0.195132432632548,0.0109989103002991,1.65719833040722,1.62562592915314e-13,7.87654716459848e-20,1.85233076303977
"96","LPAR1",0.0292009269570359,0.792651156305684,1.87740986399966,4.49199132103912e-16,3.89818840914282e-13,1.84820893704262
"97","FAM47E",-0.349724333738252,0.000278777643202468,1.49322363060532,5.64717810323761e-10,2.20928755847609e-17,1.84294796434357
"98","DDX60L",0.0245046490088987,0.844893681828936,1.85993198284779,1.58601206869681e-14,2.45918809584232e-15,1.83542733383889
"99","LGI1",-0.288891803491495,0.0578456869690029,1.54370064182963,9.44034226437823e-06,9.71863247775561e-09,1.83259244532112
"100","SPATA6L",-0.235005107704191,0.00358094726497099,1.59435373596859,2.33442633505111e-14,8.75796511790103e-19,1.82935884367278
"101","INSYN1",-0.223737581677367,0.00804610961069923,1.59643879894058,7.26496294070502e-15,1.8661068348833e-21,1.82017638061795
"102","MTARC1",-0.194645505132708,0.0121705585747554,1.62346704419966,4.52947277871114e-13,7.40565432107602e-18,1.81811254933237
"103","NSUN7",-0.448389169244687,2.31789328159333e-08,1.36731855439411,1.61617380185065e-09,4.5236857212458e-18,1.81570772363879
"104","TMOD1",0.071266082974527,0.384025339299731,1.88238941537467,1.30188840862454e-19,1.60393642811141e-20,1.81112333240015
"105","FHL3",0.117678822286362,0.119715366920059,1.92471612565979,2.1227267731494e-22,1.2477205555169e-20,1.80703730337343
"106","CCDC24",0.0655750078709998,0.393826359530079,1.86506177249157,1.30188840862454e-19,1.31018418239696e-21,1.79948676462057
"107","SLC46A3",-0.139294865034604,0.0401064409517883,1.65782586517535,1.50005182365768e-19,9.10734943358008e-22,1.79712073020995
"108","HAGHL",0.143054071629249,0.0797305600715695,1.93763590093055,3.56896080833337e-22,1.28129485982793e-21,1.79458182930131
"109","SPATA20",-0.0352737246493248,0.703378930882812,1.75834933204785,2.38205389539068e-18,1.08338469003577e-21,1.79362305669717
"110","RWDD2B",0.268287284819565,0.000510634425869919,2.05368160579641,1.4871202256699e-26,2.87101594917298e-22,1.78539432097685
"111","CDC42EP1",0.0274650992353934,0.818792392279243,1.81110595979339,1.74119708059807e-13,3.05002844689317e-14,1.783640860558
"112","DMGDH",-0.0453999028602834,0.552034185489138,1.73648576208235,2.40583318147391e-16,1.95934886360943e-15,1.78188566494264
"113","UPK2",0.0080964151448797,0.93429166330488,1.78370910866825,6.81875103397231e-20,9.79326248407227e-21,1.77561269352337
"114","DLC1",0.13238093142207,0.287904962276511,1.90781411847865,6.57041979871507e-12,1.68268211819515e-11,1.77543318705658
"115","GPR37L1",0.281892859226079,0.00149123998275722,2.05610301628561,2.63626242331868e-23,2.32346928265193e-18,1.77421015705953
"116","MYORG",0.0878063079350777,0.207010301589922,1.86152488818894,1.59427990071199e-25,1.26170665738644e-26,1.77371858025387
"117","LENG9",-0.393914026601677,0.0000463983505160732,1.37703899294497,4.225220944274e-09,6.17915026123252e-17,1.77095301954664
"118","CNTNAP2",0.248692717356266,0.0172445101616777,-1.51845565949797,7.16803971566979e-10,1.38489075607911e-10,-1.76714837685423
"119","SEMA4A",-0.210016637816536,0.00513811016424477,1.55676952955465,4.46456075001133e-13,2.28540776085182e-19,1.76678616737119
"120","RPS6KA4",-0.149055871876516,0.0866825801127358,1.61099352289344,4.37435449200539e-15,1.42614937841271e-19,1.76004939476996
"121","EDNRA",0.187312910764488,0.257426732685429,1.94564206380059,2.44792922596547e-08,1.59279793218598e-07,1.7583291530361
"122","PCED1B",-0.402336127610723,0.000686224758650492,1.35537269225874,2.33374752835113e-06,1.50915480091008e-11,1.75770881986946
"123","LPL",-0.485305236424977,0.0000115177977177315,1.26756639260268,2.6249799843837e-06,2.76087091230412e-13,1.75287162902765
"124","ACSBG1",0.0567490954650244,0.601734395189665,1.80858471570183,4.91093931183875e-16,5.5515864244509e-15,1.75183562023681
"125","CABCOCO1",0.0902766651920476,0.383267991048799,1.84082850982378,4.38253427514625e-15,1.50288330603675e-14,1.75055184463173
"126","CFAP276",-0.0359625658853332,0.666236206811413,1.71312656176528,4.70867571384443e-15,1.03336178934003e-18,1.74908912765061
"127","MASP1",0.0651133359771721,0.295308965075908,1.8140974498533,4.68523121394839e-18,5.97078172645105e-19,1.74898411387613
"128","HRK",-0.168161025693698,0.0445904823273635,1.57881837544964,6.92307031966842e-12,1.7636760007612e-13,1.74697940114334
"129","GAS7",-0.397206323188383,5.40295490625301e-09,1.34317519920284,4.57610792791656e-09,3.71322577840732e-16,1.74038152239122
"130","MDH1B",-0.250016083882627,0.0131623513624304,1.49017234563122,1.60538874369179e-09,3.01656034127815e-15,1.74018842951384
"131","PRRT3",-0.0997201313521964,0.162690410948651,1.64045080438836,5.94995150118201e-16,8.95756426494731e-21,1.74017093574055
"132","PIERCE1",0.0265104955239981,0.736582052496937,1.76293293934933,3.31562423420301e-17,7.28374197929516e-20,1.73642244382534
"133","TRIM39",-0.163407025896415,0.0266242935285692,1.56856795447507,5.887598454725e-15,3.28055300493738e-20,1.73197498037148
"134","C3orf18",-0.314400746629436,0.00162953495645858,1.41685306388769,1.44331610938586e-09,3.89742224123923e-16,1.73125381051712
"135","AJUBA",0.0568225138327946,0.651040741379341,1.78806765965454,2.78455768575313e-12,1.6490487352033e-12,1.73124514582175
"136","DRC1",-0.150607777347695,0.0953603154894689,1.57754800556111,2.73719665950696e-11,2.1527709084317e-16,1.72815578290881
"137","HSD17B8",0.168309706691025,0.12942172371712,1.89227674648141,6.06232120142513e-15,8.59296108593292e-14,1.72396703979039
"138","ACKR4",-0.464074740557551,9.63679881403759e-07,1.25586942346403,2.2196986300553e-08,2.37301804290548e-16,1.71994416402159
"139","PHYHD1",0.163979485052225,0.0856007525320504,1.88177294302693,1.13637704570022e-20,4.99053360586421e-17,1.71779345797471
"140","TUBA4A",-0.00377499374938874,0.973281207412011,1.71252885121767,9.59427081825009e-15,4.01524036186057e-17,1.71630384496706
"141","B3GALNT1",-0.371806893189308,1.39653759360323e-08,1.34367927456858,7.84907569095534e-10,2.37900462068544e-17,1.71548616775788
"142","NR4A2",-0.301008581048183,0.00353177208147486,1.41399949762059,7.02621989316269e-07,2.01317541270944e-12,1.71500807866877
"143","SLC27A3",-0.225672952074203,0.00602560248235954,1.4837426899547,3.0869329016159e-11,9.71537167801143e-18,1.70941564202891
"144","CCDC80",0.267478054525708,0.00534145630093849,1.97674170534227,1.77600266904391e-18,3.74954896014527e-15,1.70926365081657
"145","IDUA",0.0973627458386969,0.240130277501841,1.80130589191362,4.24060277147207e-20,9.37659003100219e-21,1.70394314607492
"146","CDNF",-0.289519360805398,0.00075699690238414,1.40963576374162,8.98861306567677e-11,9.05487479561594e-17,1.69915512454701
"147","SPOCK2",0.288699195996082,0.00193773568897111,1.97840791827243,6.53629820202233e-16,3.05002844689317e-14,1.68970872227635
"148","RASGRP2",0.0088936650786211,0.957395443287125,1.69820481954151,1.0193424196959e-07,9.75750198505106e-09,1.68931115446289
"149","EOGT",0.0173920643759532,0.848496600486671,1.70329370346926,1.42560360818283e-17,2.64850544869619e-19,1.68590163909331
"150","BBS12",0.230273116342205,0.00168681213790375,1.91564640019336,8.22898478479317e-22,8.67590852458223e-20,1.68537328385116
"151","LURAP1",0.141616417075214,0.130568007432836,1.82409494094917,4.66549942248254e-18,2.75198450641457e-17,1.68247852387395
"152","COL27A1",-0.0436776554913435,0.501045988087433,1.63710168539202,1.06185064528781e-19,3.56177549355118e-22,1.68077934088337
"153","PPM1H",-0.120782198797221,0.108586122826488,1.55943407466639,6.54943291860189e-14,5.82415699310609e-15,1.68021627346361
"154","GLIPR1",0.0642077418778459,0.59543305926312,1.74149813050374,4.36682793858771e-13,5.94828492810686e-13,1.67729038862589
"155","CCDC39",-0.491668037924763,1.49857442299403e-07,1.18366553026613,1.11149757157568e-06,2.81765102510279e-14,1.67533356819089
"156","FAH",0.085368520606439,0.494814656606554,1.76012307470769,6.41293798755908e-11,1.52823709655127e-11,1.67475455410125
"157","ADCY7",-0.288366168197222,7.6436763427102e-06,1.38455836014467,2.94517960482706e-12,1.52062711231401e-18,1.6729245283419
"158","RGS19",-0.0984842380833306,0.186914237103018,1.57174067333717,3.35996238291805e-15,6.7534437355051e-19,1.6702249114205
"159","ETNK2",-0.141775450110715,0.0348066144071469,1.5273208287904,8.51837330101712e-12,1.45530693415277e-17,1.66909627890111
"160","SLC6A9",-0.242548609997426,0.000371037738289758,1.41310322862885,1.38403869744155e-10,2.85833787246184e-17,1.65565183862628
"161","ENSG00000278886",-0.152834096513041,0.482420834693031,1.49421669593294,0.0018038173249463,0.0000210404353117332,1.64705079244598
"162","RASL10B",0.0286622862107012,0.70181376770243,1.67380342438455,3.92711347351905e-18,2.45204991266786e-19,1.64514113817385
"163","C1QTNF1",0.413196783039764,0.149470017747947,2.05590427774731,0.00159851141921461,0.0365844854586219,1.64270749470755
"164","S100A13",0.41868834417062,0.000314885526481854,2.06121508395166,2.80025057454551e-13,4.95155293485595e-11,1.64252673978104
"165","VXN",0.137781263046748,0.249807560740298,1.77976777007018,8.21089146727175e-10,9.54672976925517e-10,1.64198650702343
"166","EFNA4",0.330681273591142,1.74837462570269e-07,1.97157034775115,1.64718240922704e-24,8.12571391878516e-22,1.64088907416001
"167","THBS2",-0.19221123532432,0.0765722758274313,1.44766848096065,5.48862173425213e-09,1.40755469758669e-13,1.63987971628497
"168","GSTO2",-0.145691388662887,0.0562012550249591,1.49418535283818,4.31802267868723e-12,1.58465085280573e-16,1.63987674150106
"169","NFKB2",-0.437024091368328,0.0000808927273045721,1.20248776163643,3.92186932763734e-06,6.07632062782372e-12,1.63951185300476
"170","BHLHE41",0.106194797182399,0.434379490070115,1.74535809866091,1.37120219279534e-08,6.40635277071694e-10,1.63916330147852
"171","ENSG00000279673",0.327343871252336,0.0283476048544347,1.96523526056987,1.78156922426843e-09,2.24352543669337e-07,1.63789138931753
"172","DNAJC28",-0.0433015060890389,0.613419850882535,1.59410285261801,2.96421943079103e-15,2.50200600911225e-17,1.63740435870705
"173","TIMP3",0.0368183524376983,0.615582636077879,1.67336306950266,1.14729978024522e-23,3.14781305639287e-20,1.63654471706497
"174","PDGFRB",0.0507178757510948,0.592357184966667,1.68716950640415,6.89861969901375e-17,4.99053360586421e-17,1.63645163065305
"175","SOX13",0.0283811292177721,0.814141734260982,1.66306014384148,6.14560173058588e-10,6.52435507515205e-11,1.6346790146237
"176","TMBIM1",-0.446935917674239,0.0250573596315999,1.18719152442713,0.0134890716988822,2.38114446814977e-06,1.63412744210137
"177","ZNF283",-0.365674623968841,1.25412813349631e-06,-1.9994700590154,1.59427990071199e-25,4.09810292723207e-18,-1.63379543504655
"178","USP35",0.0713476491816982,0.391377445123734,1.70270178787675,2.39918228362658e-17,1.30567047564867e-18,1.63135413869505
"179","CFAP70",0.040884434609291,0.547477190446831,1.67124010437334,2.80377301550149e-17,3.87267034465929e-16,1.63035566976405
"180","TMEM221",-0.407516749126579,5.06076302737446e-06,1.21770589593195,1.21751687382269e-07,1.23806834854495e-14,1.62522264505852
"181","WFS1",-0.111644900214585,0.0867237407607377,1.5125324442601,6.85086450060828e-15,1.53660574645663e-19,1.62417734447469
"182","KIFC2",-0.1596174481048,0.0666067823223919,1.46403061734026,1.28121741334507e-11,2.10494858723967e-14,1.62364806544506
"183","RGS14",0.0728693934059433,0.353083166969181,1.69564131404605,3.46806725074893e-17,1.26935273106897e-18,1.62277192064011
"184","PDE4A",-0.150229854405443,0.0125487089795842,1.47035286451343,5.5884603867835e-13,4.22112375671176e-18,1.62058271891888
"185","ITGB5",0.43735420643252,0.000112299296777661,2.05442534642059,4.95328483312307e-14,3.0596632159487e-10,1.61707113998807
"186","ALK",-0.148875280380839,0.133342882883115,1.46653497697606,2.72127867810427e-09,3.83847453282413e-10,1.6154102573569
"187","CCDC102A",-0.0973931498792296,0.255989698403404,1.5125247614102,2.56059976401696e-13,3.815389622654e-17,1.60991791128943
"188","NR1D1",-0.0422563121565102,0.711483622712371,1.55887555138433,1.62996513981112e-11,4.9677452557939e-14,1.60113186354084
"189","FPGT",0.436926443752379,4.9279866067498e-08,2.03707397286766,2.57001421162393e-23,4.7546013666897e-18,1.60014752911528
"190","A2ML1",-0.475664749084051,0.0000105573563473005,1.12055098123504,0.0000132273734342646,9.44889056181319e-13,1.59621573031909
"191","TGFBR2",0.337134612091416,0.00325536389937006,1.93165220489687,6.61426900712534e-13,1.58750396107522e-09,1.59451759280545
"192","SPP1",-0.247493104091958,0.155588027417377,1.34654272390208,0.000719300757920744,8.83049594907154e-06,1.59403582799404
"193","IFI35",0.128156958710064,0.155266224623702,1.72095869293426,1.17159214970346e-16,3.75062132010495e-17,1.59280173422419
"194","MAP3K8",0.110507828257977,0.117055008027906,1.69939150775191,2.54654763377417e-20,7.19710998162586e-21,1.58888367949394
"195","NCEH1",-0.0441799495400938,0.644751732110084,1.54354505997695,4.88912942458224e-11,6.22165781896993e-13,1.58772500951704
"196","MOCOS",-0.442663007222176,1.46598984795685e-06,1.14455611062752,5.12805458717783e-06,2.05508460142469e-12,1.5872191178497
"197","CFAP300",-0.0167400017042783,0.888084940768968,1.56564449767012,9.14872054834262e-09,1.18044166098157e-10,1.5823844993744
"198","EVA1B",0.47444326181255,3.9112247333401e-06,2.05213833811598,4.84849376392326e-17,5.59563817289102e-12,1.57769507630343
"199","PROCR",0.0453498653777543,0.644321965941911,1.62257964218278,6.26775472802538e-16,4.24119396798105e-15,1.57722977680503
"200","NELL2",-0.334720528359209,1.33739237598156e-06,-1.91076519253455,5.38043838284326e-30,8.327645663621e-17,-1.57604466417534
"201","SAMD15",0.0253160096890255,0.811270050071232,1.59999254005793,9.0179611400531e-12,4.08413615407802e-14,1.57467653036891
"202","AGPAT2",0.185799406120202,0.0860898742410889,1.75836426798751,2.31495774270949e-13,1.2937404803324e-11,1.57256486186731
"203","NTNG2",-0.129502309369702,0.0831165481141101,1.44030124952953,9.11312730691361e-10,7.11672076629846e-14,1.56980355889923
"204","LURAP1L",0.0533717768212777,0.525433565952415,1.62241264039349,4.02202833667386e-12,6.90612818961267e-13,1.56904086357222
"205","DIPK1C",0.15919664370242,0.159657852168935,1.72733855477614,3.40456193485283e-11,9.12728379182157e-11,1.56814191107372
"206","TAGLN",0.258725001091793,0.0521168320401471,1.8239961337765,1.73717189116245e-10,1.87484903410419e-08,1.56527113268471
"207","MARS2",-0.0729157414804446,0.462216092921363,1.48936006661361,4.69992448120935e-12,3.22969521425155e-15,1.56227580809405
"208","HEPH",0.326476057997849,1.43843296361082e-06,1.88579893327216,3.91379537062165e-18,1.80762760922952e-15,1.55932287527431
"209","PELI3",0.0975050108720957,0.180027135009754,1.65249268470073,1.54420575712068e-16,1.07877176722466e-16,1.55498767382863
"210","AK8",0.050220468592798,0.567687100717259,1.60045318404844,2.00666295559997e-14,3.38316280868156e-15,1.55023271545564
"211","NID1",-0.464801364708881,3.34841173429925e-07,1.07802542065532,1.74486466420115e-08,4.44863401575997e-14,1.5428267853642
"212","ERAP2",-0.403471701817378,0.000241351751448303,1.13024048765125,0.0000130867728911813,1.12895023357859e-10,1.53371218946862
"213","ROBO3",0.459146718844853,2.70013395194457e-06,1.99111042688863,7.82058637521317e-16,8.71346913020448e-13,1.53196370804377
"214","PIFO",0.147187493097433,0.308573936192294,1.67760289802577,2.27484620791285e-07,8.59611342584863e-08,1.53041540492833
"215","OGFOD2",0.279635136870882,0.00115659700370331,1.80881451363174,9.15682514683437e-20,1.38333090260049e-16,1.52917937676086
"216","GATM",0.119523624301153,0.28578576033217,1.64853018951647,3.75064927458976e-10,1.06867854252926e-09,1.52900656521532
"217","C5orf49",-0.239843752575002,0.0303794346870133,1.28795341993537,2.58599908612493e-06,2.74060657039577e-10,1.52779717251038
"218","ENSG00000280143",-0.400814114356021,1.25321399677294e-06,1.12485005184491,1.49868794148698e-07,1.0370559762568e-14,1.52566416620093
"219","CDH1",0.114909325769512,0.40521096384765,1.63766929643368,3.28922736393026e-08,3.0248985393595e-09,1.52275997066416
"220","RHCG",0.0260865807696567,0.767104200288014,1.54756415534069,1.29384620057015e-14,3.52505125021214e-16,1.52147757457103
"221","ADCY8",-0.283577236440443,0.0493673305863133,1.23609116359797,0.000371972297446588,1.67976134542574e-06,1.51966840003841
"222","TSNAXIP1",-0.176545425041073,0.02476814164734,1.3428539650049,4.49076882510519e-10,2.37801804469646e-15,1.51939939004597
"223","NAAA",-0.259422362092932,0.00277840427277346,1.25975038552033,2.50265072724872e-08,9.49552098184292e-14,1.51917274761326
"224","GJB7",0.00379157904091072,0.973168179579222,-1.51343905196316,5.10342745901354e-10,1.74975210630315e-11,-1.51723063100407
"225","VWA1",0.206921855440672,0.0213712153830998,1.72275012315206,4.21814453920959e-18,4.90683242169767e-15,1.51582826771139
"226","TSPAN15",-0.199022582510758,0.0068925634388441,1.31247662478713,3.99952320995548e-10,5.16785075825101e-15,1.51149920729788
"227","DCDC2B",-0.0603217944509359,0.471238940349836,1.44781116904511,3.48315861913055e-13,5.56625592866984e-15,1.50813296349604
"228","IPO4",0.114353569386892,0.195080329494406,1.62013205230222,1.0790029639487e-15,1.24590656653172e-15,1.50577848291533
"229","MYL5",0.187505149370159,0.0605149698136265,1.69172449303419,5.83488260242887e-14,6.72263582873471e-13,1.50421934366403
"230","STC2",-0.342203688276712,0.0243120258981333,1.15947875023236,0.00123571978432841,5.95281565112577e-08,1.50168243850908
"231","EOLA1",-0.0689543109589345,0.405169794971048,1.42801112783642,1.2753446813027e-11,1.30528608335668e-15,1.49696543879536
"232","DUSP23",-0.0330719036030476,0.675840326137425,1.46267911613667,3.89358190794592e-11,6.44127993961763e-15,1.49575101973972
"233","ZNF563",-0.103910812742881,0.265025064057084,1.39095959778658,9.25473472074723e-11,1.97707369772267e-14,1.49487041052946
"234","HBEGF",0.0231253030446314,0.841721619392623,1.51724878072498,2.91372578561441e-10,1.52823709655127e-11,1.49412347768035
"235","RGS11",0.218534963150781,0.17974645821884,1.71137878435592,1.46050720114444e-06,3.11104117778916e-06,1.49284382120514
"236","ZBTB9",-0.00874618260244185,0.93017986310063,1.47801817017014,1.6543368014897e-12,8.39772111275081e-15,1.48676435277258
"237","IGIP",-0.0698546400070543,0.527744555016212,1.41657175655363,1.27999902450565e-09,3.31138569240223e-12,1.48642639656068
"238","SLC2A10",0.0762258066735263,0.471949384659655,1.5605761317511,1.89442179218189e-12,3.47210868878545e-11,1.48435032507757
"239","RBM43",0.406753120182496,0.000423897762618606,1.89085326558366,1.66286607612257e-12,1.49202403261783e-08,1.48410014540116
"240","CD72",-0.263458102121588,0.0134502713412846,1.21910001007392,1.04227902172087e-06,5.96705709886055e-11,1.48255811219551
"241","B3GALT4",0.00285928395706282,0.980349645043106,1.48288948619512,1.05313329065278e-10,2.06983542684957e-12,1.48003020223806
"242","SLC9A3R2",0.079745409708575,0.375364325934624,1.55917690901866,2.98878525427297e-13,7.42304702630024e-15,1.47943149931008
"243","RSPH1",-0.200488000611085,0.162901602176628,1.27670783499054,0.00015689142708781,1.6894549155879e-06,1.47719583560163
"244","TC2N",-0.0686056003253755,0.60282214230898,1.40674205367187,3.75138671327685e-07,2.82698053297729e-08,1.47534765399725
"245","EEF1AKMT3",-0.0891292068029352,0.40521096384765,1.38594635419938,1.20056983291563e-09,3.13620729049156e-12,1.47507556100232
"246","BLOC1S3",-0.0234903805610137,0.77886231046951,1.45029504274882,8.16189946083989e-13,1.92478457535137e-15,1.47378542330984
"247","PITPNM1",-0.115690330154581,0.19942643758161,1.35735089530797,4.18145821526645e-09,5.04357867737309e-13,1.47304122546255
"248","METTL1",-0.0557629468613657,0.540387473452753,1.41509833904221,3.8428114487681e-11,6.05572670079626e-13,1.47086128590358
"249","PLPP6",-0.147239268363129,0.0444565274302052,1.32197566611201,1.12230781728003e-09,9.99074174726205e-15,1.46921493447514
"250","C2orf72",-0.241918943101084,0.0000102144373910006,1.22711946961378,1.14090433901593e-24,5.89807319760929e-30,1.46903841271487
"251","MAP1LC3B2",-0.280380768058558,0.000700051379832915,1.18700034931334,7.14932051977404e-07,1.42323593196971e-11,1.4673811173719
"252","MYOCOS",0.0726568424681282,0.548579702698587,-1.39306214512829,3.2985417747499e-06,1.25116357348297e-08,-1.46571898759641
"253","ADAP2",-0.140071245511677,0.073835638708617,1.32467359995007,1.48313778693729e-10,2.214533167636e-13,1.46474484546175
"254","CCDC183",-0.476227774737608,7.52043763104341e-11,0.98829989359206,3.64776501589934e-07,4.67100266011959e-13,1.46452766832967
"255","WDR49",0.287392596455125,0.00182729138310055,1.75032519806247,6.08062877288993e-12,7.87646670250495e-11,1.46293260160735
"256","PM20D1",-0.241755619033875,0.00381498683449192,1.21743783819186,2.89535638811386e-08,2.91216370045515e-13,1.45919345722574
"257","TCEAL5",0.17557822211304,0.0923561409601088,1.63308086442513,4.98133048296807e-12,3.97099409801843e-11,1.45750264231209
"258","SLC47A2",0.0921045421311634,0.255672518771682,1.54866993116389,6.97277078040397e-15,2.77015641067073e-14,1.45656538903273
"259","MRPL53",-0.0723253947063618,0.444922347709592,1.38204400789448,2.21170593870011e-10,9.58891338982844e-14,1.45436940260084
"260","PREX2",0.0654466820998189,0.317385520069411,1.5196239198902,1.06551856369784e-20,5.06999057984669e-18,1.45417723779038
"261","C1orf53",0.412345853285178,1.07598515518422e-08,1.86598783290006,2.19445950203714e-19,2.18252147453491e-15,1.45364197961488
"262","PTPN7",-0.0390806371604978,0.719303488980496,1.41317795092187,2.90256239768734e-09,3.38199430253691e-12,1.45225858808237
"263","LRRC3C",-0.245530072986902,0.0136019061538921,1.20558121038932,3.18721574154671e-07,1.52250423878923e-11,1.45111128337623
"264","PNMA8B",-0.431744152857861,3.66159359944855e-10,1.01722126618574,7.31363964316319e-07,4.14474591108323e-13,1.4489654190436
"265","GCHFR",0.0050416908013318,0.955279398030534,1.44949484102144,4.7290786902161e-11,1.21352401484576e-13,1.44445315022011
"266","GLT8D2",-0.139190480135351,0.0524167329544509,1.30456439711214,1.15956850322588e-09,2.70399758541414e-12,1.44375487724749
"267","NUPR1",0.249503847419326,0.0408808024207609,1.69317091631325,1.25669054232891e-09,5.46602963686065e-07,1.44366706889393
"268","DNAAF8",-0.214362522526688,0.0147425952110974,1.22769890893506,6.60860364681258e-08,3.18410073873049e-13,1.44206143146175
"269","STK17B",-0.475096417437518,6.26126979724028e-10,0.965524962083278,6.93822196892157e-07,7.01764911193782e-13,1.44062137952079
"270","ALCAM",-0.347369534874676,0.000123486312290014,1.09119366067791,1.82926108320653e-06,2.108111127156e-09,1.43856319555259
"271","MFNG",-0.0978656529420359,0.14008345888738,-1.53560339725743,1.34604839209217e-17,2.82820614750537e-18,-1.43773774431539
"272","HOGA1",0.121011243872831,0.148973916343484,1.55856839261431,5.9935913947543e-13,7.23075488420372e-14,1.43755714874147
"273","AMIGO1",0.219737010337699,0.0178014446830361,1.65614722937192,1.72813354358249e-14,5.17375338612759e-14,1.43641021903422
"274","PLCD4",-0.0788273922678101,0.339692990761914,1.35717776772061,2.36178873096189e-09,6.33762729509884e-13,1.43600515998842
"275","POU3F1",0.0947886986441996,0.249807560740298,-1.34081933682032,6.87916327135522e-11,4.10881973208382e-11,-1.43560803546452
"276","TRPM4",-0.0151220104186701,0.849981808855393,1.41816939223052,2.75413264826974e-11,1.88472664869339e-14,1.43329140264919
"277","GXYLT2",0.0201415676391096,0.828446175636316,1.44692699848433,4.35913126457288e-10,5.94015124983262e-11,1.42678543084522
"278","SSPN",0.0231163974739658,0.844434329223995,1.44970514438181,2.90579788146014e-09,9.5700460770634e-09,1.42658874690785
"279","SNX33",0.312486739750964,0.00928546822869636,1.73629706941603,3.40920129871345e-11,2.88664148940541e-09,1.42381032966506
"280","SPDYE12",-0.133811351390646,0.177756017520474,1.28511997153912,5.40424508150684e-09,4.20200889582599e-12,1.41893132292977
"281","FIBIN",0.255690049378454,0.0541313580117578,1.67125179714473,3.54286885389906e-08,3.91188462112461e-07,1.41556174776628
"282","PANX2",-0.267807457275604,0.00886735269157399,1.1448610824228,1.72612801703949e-06,3.78576446965967e-11,1.41266853969841
"283","PCDHGC3",0.35799659938766,0.00035747635263609,1.76746214390532,2.47550090374243e-16,5.094640837944e-11,1.40946554451766
"284","PPP1R17",0.427640444296644,3.16241444324245e-06,1.83691386720646,8.70211972523491e-13,4.6963368364363e-09,1.40927342290982
"285","PPIC",0.252633033569006,0.0356277066747547,1.6611880874501,3.24032049792491e-09,2.71221673965971e-08,1.40855505388109
"286","MAP3K5",0.359258701137568,0.00551860930186053,1.76764827303751,2.82974933782542e-10,9.87428307368162e-06,1.40838957189995
"287","KNDC1",-0.486655247726047,8.39236603246738e-15,0.919881884916208,3.11153559983974e-08,4.86261536219795e-16,1.40653713264225
"288","SLC29A2",-0.00828426636200953,0.925533849425337,1.39810959751998,1.89669643301088e-10,1.88239613094915e-13,1.40639386388199
"289","SPAG6",-0.04839991697648,0.613095457375926,-1.4512374546657,5.66557284332297e-09,4.70558434917729e-11,-1.40283753768922
"290","ATP1A2",0.0206458622711736,0.845865454628372,1.42196054913964,6.47836272962996e-13,4.40155409086718e-10,1.40131468686847
"291","NUDT17",0.360421148529366,0.0000232631295502414,1.76072435991052,5.65731990081679e-18,2.68402668339505e-14,1.40030321138115
"292","TIGD3",-0.470320673513119,2.3444258118563e-07,-1.86581834835447,5.10015261416722e-17,9.46862858083539e-13,-1.39549767484135
"293","CFAP43",-0.24487811223385,0.0019382053207644,1.14894153695078,4.45511584865982e-08,2.73897152273039e-10,1.39381964918463
"294","CFAP126",-0.255923988348257,0.159657852168935,1.13398471429374,0.00873272682648196,0.0000298788392583187,1.389908702642
"295","GABRA3",-0.446835543866557,3.33155226391774e-10,0.942580888130327,3.18254321259531e-06,3.59257347929921e-11,1.38941643199688
"296","FSD2",-0.394901195971477,4.52467684627907e-07,0.993081176853197,0.0000100860645904001,4.61442560033638e-10,1.38798237282467
"297","HSBP1L1",0.216396886848869,0.0126254895824547,1.60254533852074,5.32083501137976e-13,1.37599109218563e-13,1.38614845167187
"298","USP2",0.0550961728293045,0.505522622868175,1.44094730497133,6.79765608617592e-12,6.36191059051168e-14,1.38585113214202
"299","KICS2",-0.0227888315255783,0.815534116774387,1.36286352049013,1.58876745788427e-10,6.29312085015551e-13,1.38565235201571
"300","LIX1",0.106756492862988,0.0932854384606529,1.48788831034089,6.16213125285101e-21,1.38777828996313e-17,1.3811318174779
"301","SGK1",-0.132552939533776,0.181251932929821,1.2482985211344,1.23340791427344e-07,1.41271994495998e-07,1.38085146066817
"302","S1PR3",0.170859919586339,0.0757009612371924,1.54681808775908,2.49548336865577e-10,2.04787867990316e-11,1.37595816817274
"303","PRRT1",-0.00178874565862401,0.984672485960357,1.37248893048424,4.72745049195097e-09,2.0786377962623e-11,1.37427767614286
"304","USP50",-0.119541095297673,0.186104591725491,1.25357219670981,4.05306881148705e-08,1.13679379573303e-11,1.37311329200748
"305","UBTD1",0.497590508368433,4.48699591711132e-16,1.86627741413685,3.61427631171082e-27,3.01656034127815e-15,1.36868690576842
"306","PRKG1",-0.386910142790889,2.14740281220509e-12,0.97853880395357,2.0281432800702e-14,1.67047902612642e-22,1.36544894674446
"307","MICALL2",0.0835999027909322,0.413165527784123,1.44790103445415,1.397582877029e-10,7.89908592434029e-12,1.36430113166322
"308","S100A16",0.404257355729617,0.00246277629066869,1.76816111309872,6.45063591130535e-08,1.88646067650466e-06,1.3639037573691
"309","ENSG00000279880",-0.333388259885633,0.00127774213657747,-1.69636548915491,8.37708890807143e-14,5.094640837944e-11,-1.36297722926928
"310","MYO15B",-0.228494131817778,0.0193331680242586,1.13409823454391,8.99016696379646e-07,1.02330723500388e-10,1.36259236636169
"311","PCDH1",-0.18635318811898,0.0653936237946531,1.17370707525272,7.53796732580461e-07,7.73146882952189e-11,1.3600602633717
"312","MMACHC",0.170038870978103,0.0258579254458478,1.52838476064005,2.92523068110373e-13,1.61196100084534e-12,1.35834588966195
"313","CC2D2B",-0.316292120057625,0.00653453114279094,1.04155785483883,0.000146728999663804,2.28778078566167e-08,1.35784997489646
"314","PCK2",-0.0935127269024207,0.407487805676556,1.26433185566383,1.56718908428142e-07,1.55203695583539e-09,1.35784458256625
"315","MISP3",0.0912250086143981,0.268105379774033,1.44722590307939,5.64549466252914e-13,5.14341863883468e-12,1.35600089446499
"316","ZNF396",0.113277357350939,0.178603741286552,1.46924902109428,1.41342552777539e-12,4.71825078577588e-13,1.35597166374334
"317","VSIG10L",0.0364976112977988,0.662892306407442,1.39224746519817,9.10668425529548e-11,1.11002056939026e-12,1.35574985390037
"318","ARHGEF4",0.0792217601552149,0.292188413801386,1.43438267765795,9.96154389824654e-17,2.59518755535408e-13,1.35516091750274
"319","TYMP",-0.212206054388479,0.0128920118518126,1.14280471757477,1.46073296420627e-07,4.97914997288378e-12,1.35501077196325
"320","ANKRD33B",-0.201683616492423,0.0457193430153878,1.1522157712868,0.0000122359062611452,1.98300512259451e-08,1.35389938777923
"321","DUSP15",-0.0255195298640693,0.780300157853153,1.32719898670537,4.41087572118656e-09,6.14933471027644e-11,1.35271851656944
"322","DOCK6",-0.0253271206219932,0.833250760470097,1.32701598768842,1.72083504640487e-07,3.10980435711252e-09,1.35234310831042
"323","CX3CL1",-0.055203945602806,0.641156402313178,1.29515149568455,4.12338757434005e-07,4.00683685510849e-09,1.35035544128735
"324","AKAP3",0.296263171197676,0.00111327535158912,1.64570146033352,2.74781522125363e-14,1.3549627396807e-12,1.34943828913584
"325","PIH1D2",0.0272927191748361,0.739117853150398,1.37500025384414,2.87630878941624e-11,1.40287563143087e-11,1.3477075346693
"326","ENSG00000279500",-0.476520676697699,0.00139275002346053,0.869264449653301,0.0180824587556382,4.54505049542161e-07,1.345785126351
"327","SLC15A2",-0.0296746637783297,0.666590206022135,1.31455763199878,5.59267038055208e-18,5.0603461021748e-17,1.34423229577711
"328","GPR146",-0.491061493762593,0.00151887186992847,0.852805619806679,0.0262988040858385,1.46842761247516e-06,1.34386711356927
"329","ZNF324B",0.0903414463625548,0.327534634575035,1.43160256465846,4.88912942458224e-11,1.67009915388375e-12,1.3412611182959
"330","TPPP",-0.0726552284089464,0.45715328209531,1.26587608565071,2.68086081978696e-08,4.16553827821797e-11,1.33853131405965
"331","HAP1",0.143596326888379,0.161841859682493,1.48205660283185,4.88912942458224e-11,9.48931991406173e-10,1.33846027594347
"332","MOCS1",0.156709677679905,0.237077518447176,1.49336232910426,1.83613660022103e-07,8.77716233353406e-08,1.33665265142435
"333","RANBP3L",0.00684323958759578,0.951452821828556,1.34272185883434,3.866166676957e-09,8.69404116381558e-09,1.33587861924674
"334","SLC46A1",-0.267957556230918,0.00309236792472108,1.06566569729952,1.54936773989818e-06,1.53077060056605e-11,1.33362325353044
"335","CCDC170",-0.497494280147323,0.0000351055986601362,0.835726842179782,0.00915581059913479,7.61678351923019e-07,1.3332211223271
"336","C17orf97",-0.194036579111792,0.0042669249193685,1.13642774293602,3.04432138440089e-08,1.49233592105943e-10,1.33046432204781
"337","MBLAC1",0.287621759399353,0.00131269668421504,1.61782369533094,4.37610985823173e-15,1.17389084247993e-12,1.33020193593159
"338","MICA",-0.278088728720885,0.00176818725215064,1.05204300076842,0.0000114595963569305,3.86441479567938e-10,1.3301317294893
"339","PLD5",0.0199231268598314,0.780840156996534,1.34864256731734,6.27807197596307e-18,4.15755745208984e-15,1.32871944045751
"340","PDCD1LG2",0.00668799590391139,0.948073951533077,1.33331556130189,9.6450065365501e-10,8.24579483537848e-12,1.32662756539798
"341","ENSG00000279557",-0.248843681219531,0.00358096788555449,1.07619207925292,1.01258611917439e-06,1.62670834611324e-11,1.32503576047245
"342","PAQR8",-0.184908406764172,0.0287470341821722,1.13909372202489,3.98702631115432e-11,2.12736807862193e-12,1.32400212878906
"343","KCNJ10",-0.0963133109518144,0.176704801135177,1.22615693567907,5.08159941278752e-16,1.80298818805605e-16,1.32247024663088
"344","WDR24",0.161930119615995,0.0392001076611874,1.48271816782955,1.12256736061627e-11,1.1506967440331e-12,1.32078804821356
"345","JPH1",-0.485707578616099,3.39627919590503e-09,0.834616903656692,0.000709137875522565,1.18583223370673e-07,1.32032448227279
"346","PIEZO1",-0.113339383278183,0.453844216314676,1.20415690313457,0.00024485003453214,4.99721809648245e-06,1.31749628641275
"347","MC1R",-0.0828568374376251,0.426525633533459,1.23344443273264,1.1580247738513e-07,1.02330723500388e-10,1.31630127017026
"348","ARSA",0.297383777594652,0.000545483257474009,1.61266449991418,1.72498741849767e-15,6.26965147085608e-13,1.31528072231953
"349","EME2",0.262665576967879,0.00775596856858502,1.57770432772457,2.47063673916246e-12,4.6213632454989e-11,1.31503875075669
"350","HMOX1",0.271002279291448,0.0251264035261457,1.58546556601016,9.11629850798441e-09,2.33104369585272e-07,1.31446328671871
"351","FBXO2",0.177328914974687,0.0864903232964654,1.4887927903879,8.57307830863675e-10,4.45053438001863e-10,1.31146387541321
"352","PGBD4",0.0636070852918206,0.452103448895155,1.37264008894844,3.14585070619343e-11,1.53077060056605e-11,1.30903300365662
"353","S1PR1",-0.0142964088535141,0.836067079469975,1.29365983848218,4.36066478155631e-19,6.29258362228098e-18,1.3079562473357
"354","PLAT",-0.0066597747115515,0.936980659402131,1.3010062126758,4.62611103755964e-09,1.10435318734045e-09,1.30766598738735
"355","NEURL2",0.10602271750762,0.284532658690743,1.41077847094689,3.66682791611362e-10,3.75037856636787e-11,1.30475575343927
"356","BHLHE40",-0.236075512173416,0.00113431714791775,1.06585781833172,5.58268570843993e-11,4.1494342655514e-14,1.30193333050513
"357","LYPD1",0.156986560335994,0.0132212200101499,1.45831915370422,1.62020120209403e-17,1.27272862407086e-13,1.30133259336823
"358","CXCL17",-0.365298651135544,0.000135306958259507,0.936019582074466,0.000187217337368865,5.0657775187484e-09,1.30131823321001
"359","ZNF501",-0.449389057123548,5.57496644154511e-10,0.851343645765003,0.0000591362873983036,7.06637881242169e-10,1.30073270288855
"360","CA12",0.156231158235271,0.00765483081847932,1.45338288813178,1.0350019900266e-18,5.09183212264354e-15,1.29715172989651
"361","FABP12",0.246634248865158,0.00762775739987807,1.54044412614762,3.74332623937506e-12,2.24212934782435e-09,1.29380987728247
"362","UAP1L1",0.252068716859524,0.0472465224782478,1.54431914496136,5.82629055009487e-08,3.53966789027746e-07,1.29225042810184
"363","VWA3A",0.154214960561866,0.10729692027418,1.44227711870818,1.50974501488192e-09,5.61315638772149e-10,1.28806215814632
"364","PCSK2",0.194917519721117,0.0220164945628392,-1.09009180783291,2.06789801196184e-07,2.67218516348556e-08,-1.28500932755402
"365","B3GAT2",-0.275720621578843,1.82207263355179e-07,1.008995005227,8.17073339703195e-16,6.59344306826763e-21,1.28471562680584
"366","TRIM47",0.44669866051616,0.0000176239978590381,1.73107833632674,5.52436432699467e-13,1.9942365001561e-07,1.28437967581058
"367","HESX1",-0.325055934654369,0.000153717083106417,0.959220534215154,0.0000198526277056732,1.40965122240799e-09,1.28427646886952
"368","REC114",-0.156552689822514,0.151316199292305,-1.44004113586196,4.66458550923089e-08,4.85303758309419e-09,-1.28348844603944
"369","ODAD2",-0.0879109078618849,0.400433834539524,1.19382393563646,3.83551444774434e-06,3.29643271243039e-08,1.28173484349834
"370","ACBD4",-0.468524324217697,0.0000106578645076256,0.811538577508339,0.00236640170992312,2.99905129893147e-08,1.28006290172604
"371","ALOX12",-0.370514662358306,0.00171841681840195,0.908726957924797,0.0014143267914712,4.88373979294361e-08,1.2792416202831
"372","STON1",-0.0717550288545437,0.347997537908211,1.20731994690353,3.79571524181804e-09,1.00883112880589e-11,1.27907497575807
"373","CYP27A1",0.028625520299306,0.766254149509396,1.3025307442883,3.7572616737018e-09,2.39683357428451e-10,1.27390522398899
"374","TRIM21",0.0316442181536837,0.792987001834883,1.30426455505929,9.88839771614275e-08,2.02148758612641e-08,1.27262033690561
"375","PPP1R3C",-0.48385803199404,4.80276054711856e-10,0.786175821103941,0.0000592425609528271,7.9288815674584e-11,1.27003385309798
"376","CEBPB",-0.386680150158727,0.0000223737496165821,0.883124533463892,0.000222924114827959,9.31733981358361e-08,1.26980468362262
"377","LYN",-0.121320404337132,0.196403355759433,1.1467743514987,9.64721717225193e-08,1.53067122186161e-09,1.26809475583583
"378","STOM",0.120429521557896,0.193185383588728,1.38229224164783,1.31543364422515e-09,5.96623634793707e-11,1.26186272008993
"379","PPP1R1C",0.367824083230285,0.000519906732712992,1.62753357607781,4.30843774816507e-11,3.71830715554127e-08,1.25970949284753
"380","PDE1C",0.290579893030461,6.05179905233902e-06,-0.967308751194632,1.28963969678092e-10,3.63708051003831e-14,-1.25788864422509
"381","DDX47",0.298875429150061,0.0151672305056368,-0.958736500989133,0.000786328021005637,4.28583525655171e-07,-1.25761193013919
"382","BORCS7-ASMT",-0.284771191077835,0.00193835359460683,0.970910060630174,0.000011772100177518,7.50979354216239e-10,1.25568125170801
"383","AJM1",-0.481684852240586,2.25383796454567e-06,0.7682766247079,0.00279343498425074,1.29448818651109e-08,1.24996147694849
"384","NEK8",0.210209062845089,0.0144543612718234,1.4580900077493,4.92266334947874e-11,2.23619318310132e-11,1.24788094490421
"385","ACOX2",0.259223489250064,0.0213918712283463,1.50627146540503,3.52154930342689e-09,4.64917684366971e-08,1.24704797615497
"386","TEX26",0.0319694897004126,0.835169193359693,1.27695935139819,0.0000777276754905302,3.29863146623322e-06,1.24498986169777
"387","SIPA1",0.184664820080524,0.0362785590377736,1.42884056558761,2.35776098635571e-10,7.89782832840701e-11,1.24417574550708
"388","CCDC96",-0.2047859460996,0.0827414471135753,1.03655996368393,0.000235542554495838,1.50447822227725e-07,1.24134590978353
"389","CPVL",0.302537022077949,0.0000152049513166208,1.54075396555616,5.04582584820031e-12,9.75564351271007e-11,1.23821694347821
"390","EFHC2",0.0705056404399654,0.571647680061759,1.30826799564682,8.00345079156566e-07,1.75294265028863e-06,1.23776235520686
"391","GCNT4",-0.126087895477991,0.297301856929005,1.11043041439998,0.0000215055413932737,1.4279388346101e-06,1.23651830987797
"392","NMRK1",0.0553980762204251,0.487283590896294,1.29127883218095,2.55518473760135e-09,8.83955234697413e-11,1.23588075596052
"393","MALRD1",-0.148970828566699,0.109762842720867,1.0861096373485,0.0000378220185294456,3.09071340865768e-07,1.2350804659152
"394","HSD17B1",0.150325587771108,0.101989731431196,1.38383840127943,5.96892028127035e-11,7.15567136944966e-11,1.23351281350832
"395","ELFN1",-0.000772836669728685,0.994907009675465,1.23223620220472,0.0000147292902494937,2.51167850578672e-07,1.23300903887445
"396","TRADD",0.0179989048349414,0.930887650547934,1.24975520926082,0.00332117917334805,0.0010141162377489,1.23175630442588
"397","GDPD2",0.147500160551162,0.262739812583805,1.37868351208633,4.60512257097897e-06,1.88161793095479e-06,1.23118335153517
"398","SGK3",-0.357868775627015,9.07704038396831e-06,0.87322432253706,1.57595551964315e-07,7.04971496263553e-12,1.23109309816408
"399","NECAB2",-0.143771908836821,0.0877839812107517,1.0812487718214,0.0000111270678170529,5.04879173814373e-09,1.22502068065822
"400","ENSG00000279901",-0.0897483962761111,0.36459755807472,1.1332780667841,4.02229254376826e-07,8.12315781208591e-10,1.22302646306022
"401","PTPRE",0.0245037761866559,0.834525570247428,1.24438691579329,1.84462145732952e-07,2.11620496515503e-06,1.21988313960664
"402","APOBEC2",-0.10277520063724,0.244732994666259,1.11701485848965,2.26365370855659e-07,9.15844366849758e-11,1.21979005912689
"403","TINCR",-0.0357333680703556,0.694593327370848,1.18192084566005,9.65003459412996e-08,4.973249731312e-10,1.21765421373041
"404","MYC",-0.413129681589978,7.39815640788564e-07,0.804030081192933,0.0000380482920740862,2.0343112255871e-09,1.21715976278291
"405","SLC7A11",0.0284420306931529,0.771907941885691,1.24280017343176,1.23415352482274e-09,3.97694950011396e-08,1.2143581427386
"406","IGSF5",0.128491774463196,0.260593596280232,1.3427233981669,3.23887141831234e-07,2.70256654742762e-07,1.21423162370371
"407","CCDC74B",-0.393622515393369,9.24765260391405e-07,0.819305617279934,0.000170458022952149,5.43398322283517e-09,1.2129281326733
"408","IAPP",0.266584391500381,0.00633008246597544,-0.943902233330173,0.000738671346647426,0.0000118576489217922,-1.21048662483055
"409","PP2D1",0.0150389175370736,0.867362226356417,1.22350670746748,3.93951949338094e-09,1.22487779604466e-09,1.20846778993041
"410","CCDC13",0.184015846286485,0.00826432586179173,1.39137334451415,9.0179611400531e-12,1.33482735085229e-10,1.20735749822766
"411","IGSF9",-0.312426415396345,2.55312582794436e-06,-1.51963530036541,1.08981403353161e-11,4.98896858000148e-11,-1.20720888496907
"412","PLAG1",-0.258143096977083,0.0000427086498369237,0.946849120409804,0.0000988903797458399,4.2461484390285e-09,1.20499221738689
"413","ZNF57",0.0983641519397012,0.294280688304926,1.30295482854276,1.34731764001392e-09,1.03260088803767e-10,1.20459067660306
"414","CYYR1",0.249638191596274,0.000139275417990363,-0.95212041169652,8.18353678947446e-08,1.01732250147522e-10,-1.20175860329279
"415","NWD1",-0.201363628691078,0.117132288316557,1.00028464189747,0.0010115653868183,2.8595132573976e-06,1.20164827058855
"416","BMPER",-0.0528304516486649,0.652901727982165,1.14832960341205,2.58526294937383e-06,8.70261844426424e-06,1.20116005506072
"417","UNC5B",-0.359081904090044,0.000470910737333222,0.839987165727772,0.000375848948029736,3.00121552454378e-06,1.19906906981782
"418","ENSG00000285043",-0.200319450395366,0.0526110095965776,0.998143437946507,0.0000409189873449503,3.57898289600865e-08,1.19846288834187
"419","BTBD19",-0.014838620139945,0.919332889500811,1.17864238012918,0.0000704960640530401,2.03893320887671e-06,1.19348100026912
"420","LRRC9",-0.246976496286548,0.00330222671427399,0.943229269960513,8.14481229298647e-06,9.18187810634236e-08,1.19020576624706
"421","GDPGP1",-0.133378910236844,0.109894378229665,1.05423444050429,2.04793201055453e-06,4.63033707708907e-10,1.18761335074113
"422","MORN5",-0.0433391907156011,0.798014768497007,1.14361929553651,0.00162822649405959,0.000101451106119318,1.18695848625212
"423","CLN3",0.13055507057931,0.162214184907282,1.31446755605564,1.00166165004868e-09,3.48179722666972e-10,1.18391248547633
"424","LRRC10B",0.137188778786949,0.11391141412661,1.3188343315622,4.02868729017206e-10,7.82142101114107e-09,1.18164555277525
"425","EDNRB",0.387451803846749,0.038965122067463,1.56894558982669,0.000879086430980151,0.00244242653133724,1.18149378597994
"426","PARS2",0.256425262529647,0.00135661681774572,1.43646290428606,4.27446722723115e-12,5.15770138794719e-11,1.18003764175641
"427","ENSG00000279019",-0.447866838640967,4.66439153705851e-07,0.730965396081859,0.00145676846723906,3.65942223451342e-07,1.17883223472283
"428","SMKR1",-0.381508707335499,0.0000119263787193713,0.793138822756907,0.00068308413823595,2.84726168647475e-07,1.17464753009241
"429","ZBBX",-0.0858731059514131,0.374342205466038,1.08855944269386,0.0000606158347271953,8.1814715509031e-08,1.17443254864527
"430","GALNT15",0.027404992998409,0.832245170158112,1.19638013829193,0.0000106730908586637,2.83171574782288e-07,1.16897514529352
"431","SOX3",0.143256107230456,0.118256373284948,1.31194507577063,4.76630428323451e-07,4.74001183264788e-08,1.16868896854017
"432","MINDY4",-0.201129694787081,0.00344346969095254,0.966192437040381,0.0000200799120113922,8.71293125400519e-09,1.16732213182746
"433","ACY1",0.414349080365178,4.66437023963383e-09,1.58022562694723,1.96462766908237e-15,4.46567826604884e-11,1.16587654658205
"434","PCDH10",-0.0819780247360762,0.233890603818267,1.0838038850626,1.09844200935772e-11,1.53718131762914e-11,1.16578190979868
"435","DNASE1L1",0.328721561122018,0.0000356108776840114,1.49124130709068,1.31863959666497e-10,8.32793372300149e-10,1.16251974596866
"436","INPP1",0.00310337241599693,0.97175936362045,1.16503224602993,2.01689425591652e-12,1.14218536177718e-10,1.16192887361393
"437","TMEM178A",-0.205078596170774,0.000160127337429767,0.955794987430106,9.31933408801662e-10,1.46939820197103e-12,1.16087358360088
"438","COL14A1",-0.173842987857034,0.343175408164827,0.98142917358294,0.0214843843332392,0.000307270173135166,1.15527216143997
"439","MCF2L2",-0.359469063865749,2.13266484421019e-10,0.794544387374706,1.29683799718836e-08,1.20282918710241e-14,1.15401345124045
"440","SELPLG",0.0187007671086519,0.887067544669515,-1.13401800653384,0.000101691831343936,1.90082563790333e-06,-1.15271877364249
"441","GRIN2B",-0.475097569790627,2.29915795869527e-14,0.675328009890162,9.94076254395192e-06,8.16561949065921e-13,1.15042557968079
"442","RNF212B",0.340734945564457,0.000137248112067374,1.48983418595036,4.98133048296807e-12,2.38440692925457e-09,1.1490992403859
"443","CNTN3",-0.453715312658895,7.97291374981071e-06,0.693393256448787,0.0293519550374314,0.0000954678680058743,1.14710856910768
"444","COL5A1",-0.190044938742556,0.0807336100224106,0.954611507795764,0.000405171204976502,8.16451868019902e-07,1.14465644653832
"445","SLC25A20",0.326633574109601,0.0000374893320462509,1.47073687421694,3.06031531852011e-12,2.93711902495465e-09,1.14410330010734
"446","IFI44L",-0.0934518746787708,0.143735170731645,1.04518480534172,3.09232018397877e-13,7.59335321604766e-14,1.13863668002049
"447","ENSG00000288894",0.0794171839507593,0.350379750407498,-1.05743654249714,3.55400963332607e-07,4.37420725013371e-08,-1.1368537264479
"448","TRAM1L1",-0.0134112282366487,0.897733983622142,1.12298218081535,7.35244322127768e-07,2.78929528425238e-09,1.136393409052
"449","HES6",0.345165252045423,4.29777597603718e-20,-0.790119735309568,2.47228768975952e-19,9.71279210569002e-33,-1.13528498735499
"450","SNCA",-0.334384942394305,0.0000407734945298377,0.800602937633193,0.00117724012882444,8.61931343509056e-06,1.1349878800275
"451","SMCO4",-0.303148614803805,0.000384827125363837,0.831492505992049,0.000904980695535103,1.4918557021197e-07,1.13464112079585
"452","GLIPR1L2",-0.170858083189897,0.0864903232964654,0.963549082903694,0.0000961584186904214,1.29245533059766e-07,1.13440716609359
"453","SNX10",-0.41978761369511,2.30570522771126e-09,0.713958897532785,0.0071146576057104,6.46978271586719e-07,1.13374651122789
"454","CLDN10",0.154473150328284,0.168812632675158,1.28805660460455,2.58737846229638e-07,4.80837297859566e-07,1.13358345427626
"455","TSPAN10",0.373441482782307,0.00129935975838392,1.50442388948779,2.29135707252784e-08,1.53583782446226e-06,1.13098240670548
"456","NIBAN1",-0.0768291309936211,0.644342372910355,1.05074316499121,0.00403669202889392,0.000756842473462047,1.12757229598483
"457","EFHD1",-0.282274742024575,3.36844372447782e-06,0.845131233190419,7.63190817052641e-07,1.55997865411645e-09,1.12740597521499
"458","PPP1R3B",-0.309471495654755,0.0207401527014268,0.817755196562695,0.0116881043316995,0.0000353368545916957,1.12722669221745
"459","MAST4",-0.360062765611567,3.20972189978597e-16,0.766893988853333,2.33612178378105e-12,4.37922424700837e-22,1.1269567544649
"460","GLMP",0.43132400332198,0.000534225882873676,1.55806976443136,3.32887567336456e-08,0.0000112444169462157,1.12674576110938
"461","ALDH4A1",0.373451317536675,5.43898216104096e-07,1.49741515598132,1.64611993003396e-13,1.46253923601061e-10,1.12396383844465
"462","RAB40A",-0.411095938730235,1.06545359467973e-06,0.71128280388294,0.00286159921665956,1.44232142463303e-07,1.12237874261318
"463","NXPH1",-0.304329816350946,0.0558361079634737,0.817436153616548,0.0353193303109971,0.00877027393741859,1.12176596996749
"464","TTPA",-0.203647895978462,0.00195398633328581,0.918069339007485,5.53398433612519e-08,1.88128379412003e-11,1.12171723498595
"465","PDE8B",-0.0346436066971973,0.816991658456948,1.08606607435999,0.000527303811985108,0.0000156905201643544,1.12070968105719
"466","ADORA1",-0.356196531452654,3.88204344962482e-08,0.764378309906541,0.0000252083590162178,2.30931536255886e-09,1.12057484135919
"467","SNED1",-0.325796127615977,1.63693717384217e-07,0.794596962754288,0.0000303465106970973,8.27243325577184e-09,1.12039309037027
"468","LPCAT2",-0.198758654127539,0.0346398214693675,0.918068269870495,0.000196081785978171,1.41910360472316e-06,1.11682692399803
"469","BTN3A3",0.390687702250593,0.00217318640768649,1.50530546849604,1.32840270841925e-07,0.0000514017159670558,1.11461776624545
"470","MAEL",0.142107240709976,0.249708462302588,1.25596746526294,0.0000116801073960243,0.0000255104359705439,1.11386022455297
"471","RSPH4A",-0.0169949173239403,0.862387749429849,1.09478580057322,1.79311253231277e-06,9.49784205052118e-08,1.11178071789716
"472","ADORA2B",-0.233068201597733,0.0103861736788719,0.877361841203512,6.34849581700324e-06,1.08444471415504e-07,1.11043004280125
"473","TIGD2",0.0676544040310179,0.455343629850502,1.17644672214619,7.92722278762718e-08,2.12054234776111e-09,1.10879231811517
"474","CCN3",-0.153446520856966,0.295396830943437,0.954102664705502,0.00536769545866455,0.0000758185326704381,1.10754918556247
"475","POU6F2",-0.0946287277672475,0.285453807997641,1.01287806588633,0.0000334859006816234,0.0000684846583932291,1.10750679365358
"476","XKR9",-0.212935604242759,0.0163823871819381,0.892303312727826,0.000545827622205239,3.2183039383255e-07,1.10523891697058
"477","HLA-DMA",-0.412027145832266,0.0000745396962304234,0.690387539323293,0.0127220791837667,1.90082563790333e-06,1.10241468515556
"478","ARID5A",0.350097052502331,5.13318395875745e-06,1.45182292013992,1.70056170475102e-12,4.08712284342995e-10,1.10172586763759
"479","ADAMTS13",0.154938948186465,0.0992628120477183,1.25599266292818,2.01045596130311e-08,4.52400146361791e-09,1.10105371474171
"480","GPLD1",-0.407601215620871,1.22613815226895e-13,0.691959638261309,0.0000163665192951581,1.84967858945107e-11,1.09956085388218
"481","DDIT3",-0.316655262325124,2.58706915279316e-08,0.782491356551358,8.7997785741026e-08,1.43042529442669e-12,1.09914661887648
"482","MVP",-0.116558743189833,0.130518763569622,0.981911628254299,4.76848423003832e-06,7.28783838304847e-07,1.09847037144413
"483","ENSG00000279319",0.0282355472544999,0.792737956015925,-1.06868060836215,1.92212030723231e-07,8.84023182385504e-07,-1.09691615561665
"484","ADPRHL1",0.07376873048218,0.449145868496693,-1.02288718206814,0.0000109533485724024,1.46368440923857e-06,-1.09665591255032
"485","CTF1",-0.0985766268218289,0.440903057750097,0.997982362165532,0.000401901254800685,7.07981096710042e-06,1.09655898898736
"486","FBXO4",0.0775581615644566,0.340604933119174,1.17395190597809,5.64781756285403e-08,7.25953772958595e-09,1.09639374441363
"487","RAB24",-0.191620210385894,0.00486647475699353,0.904502360039719,4.27060622819051e-06,1.15811578950197e-07,1.09612257042561
"488","CSPG5",-0.223159861728362,0.000224322422574494,0.872798977586907,1.31995739167528e-09,1.1571807565289e-12,1.09595883931527
"489","PTN",0.446270242823075,1.25175227457017e-12,1.54113572748122,1.30093896052952e-26,2.17139517017056e-11,1.09486548465814
"490","ENSG00000285458",0.176872193169391,0.201705977088406,1.27093568257671,0.0000417346668149261,0.0000512196738075844,1.09406348940732
"491","SKAP2",-0.402956502921328,9.43767263946503e-09,0.690284609395571,0.00029281884541381,2.97985233238893e-08,1.0932411123169
"492","GRID1",-0.29613307694326,1.85163644389976e-09,0.791198606567061,9.13919903371036e-09,2.27473184049298e-14,1.08733168351032
"493","FBXO15",-0.353898070331851,0.0000809769236033721,0.732487310224851,0.00473615743221767,8.92822431944563e-07,1.0863853805567
"494","SLC9A9",-0.303069884536106,8.16120881116352e-07,0.781778376120919,3.27065169851692e-07,1.39618810764873e-11,1.08484826065703
"495","GGACT",0.146212237941134,0.225460714354825,1.23105161741775,4.28385505856131e-06,2.29741223689873e-06,1.08483937947662
"496","IQCN",-0.254544739217415,0.0234377515627605,0.829904027924829,0.00519700198015571,2.01378633027499e-06,1.08444876714224
"497","CCDC71",0.054991472689846,0.565860685146136,1.13794852709921,2.30200429986034e-07,7.51004314425186e-09,1.08295705440936
"498","PIGZ",-0.480455431009378,1.55467492789497e-16,0.601741489459912,0.000215991963465171,6.37883001044655e-11,1.08219692046929
"499","MAOA",0.00294909157757702,0.962292545998859,1.08467300848234,3.71157591205851e-15,4.27416402556303e-14,1.08172391690476
"500","ENSG00000279289",0.413366015907098,0.000176569081402689,1.49217613074929,1.59567224136537e-09,2.67517351862459e-06,1.07881011484219
"501","UPP2",-0.309321557199498,2.45675929421679e-06,0.769091947697464,0.000029481274754209,1.21297939243888e-08,1.07841350489696
"502","TMEM79",-0.102195499733818,0.238162765290995,0.975447746660155,2.46843393057372e-06,1.93102912234298e-07,1.07764324639397
"503","FZD8",-0.165376776669369,0.0716103770755586,0.912211880931191,6.71606713242107e-06,1.64174749714837e-06,1.07758865760056
"504","SGCD",-0.425734676853048,0.0000122453692146441,0.651737546686944,0.0181496411596674,0.000119433808934111,1.07747222353999
"505","CTSV",-0.387110034750544,5.0266581648437e-06,0.689994528834992,0.00119848053030534,2.66313336891556e-07,1.07710456358554
"506","CSRNP1",0.44562755663452,5.6744193879018e-07,1.52053232529381,1.99149615496245e-12,2.36685486827226e-08,1.07490476865929
"507","GEM",-0.351629133519357,0.0000285793437133594,0.719432265564128,0.000288936145062321,2.83171574782288e-07,1.07106139908348
"508","LAMA4",0.409720501209834,0.000212686018900908,1.47845968210429,1.7292395350044e-08,0.000084462647601491,1.06873918089446
"509","DBNDD1",-0.303612196341531,0.000508860623175535,0.764326981888049,0.000539359685966234,6.40843982416508e-06,1.06793917822958
"510","CELF6",-0.280952875408686,0.0000843325614284463,0.784430183432151,0.00104310722935991,1.9942365001561e-07,1.06538305884084
"511","ZBTB47",-0.170775104903948,0.0175709835868978,0.894453720094046,2.3570428970027e-07,4.9713500284583e-09,1.06522882499799
"512","CASTOR1",0.447746618217895,0.000167975136940592,1.51207267955042,3.39239320201147e-08,8.97764416054698e-06,1.06432606133253
"513","EEPD1",0.145874185556822,0.00868738902125557,1.21016596908215,1.08717053128978e-22,1.02642073786734e-14,1.06429178352533
"514","TFEB",0.218544131829496,0.0997959479607154,1.28154786629114,0.0000133509071242556,0.000109002380124342,1.06300373446164
"515","DNAI7",-0.125502033309242,0.12935284020602,0.934980195734375,0.0000291177075422412,3.48702169858739e-06,1.06048222904362
"516","ANKRD45",0.0495621678263071,0.586113902724033,1.10915117865564,5.93700287653444e-07,5.78223362814152e-08,1.05958901082934
"517","FCHSD1",0.0658938318986291,0.599122644742244,1.12368994140238,0.0000289747324900128,3.43923465342214e-06,1.05779610950375
"518","IGFL4",-0.185683544627694,0.040369139827959,0.86871154481479,0.000188521228384651,6.73924481605047e-07,1.05439508944248
"519","NTRK2",0.221290492945169,0.000948664807688671,1.27392060320225,1.62382405687254e-17,3.97969813428878e-10,1.05263011025708
"520","NPAS2",-0.196766734932575,0.000370519597481026,0.855309759582458,3.83575655189544e-10,1.23907733807078e-12,1.05207649451503
"521","NUDT4B",0.188324260036688,0.335617223910987,1.23980455064079,0.00527080517391466,0.00249464742850656,1.0514802906041
"522","TMEM163",-0.0338627992962115,0.720597574224946,1.01549887915143,3.82966571684024e-07,1.90082563790333e-06,1.04936167844764
"523","HGH1",-0.0148862572113102,0.868319487767084,1.03403012562891,2.36877880674593e-06,4.95027081348221e-08,1.04891638284022
"524","NPW",0.0461222962705679,0.673306353492301,1.09503518672703,4.08674571939657e-06,3.74747706483887e-07,1.04891289045647
"525","EGR3",0.054010959165477,0.825006500873165,1.10220580339249,0.0385384078754441,0.0361929858653775,1.04819484422701
"526","TMEM59L",-0.158111289956281,7.29498914237303e-06,0.887961844505919,3.63220928700988e-19,6.32919035891115e-24,1.0460731344622
"527","SLC22A4",-0.349017984686365,0.0000105087004105995,0.696673649604067,0.000616983048056346,8.53320888613872e-07,1.04569163429043
"528","TMEM47",-0.097257803831587,0.0088979445644752,0.947184285766454,9.04618610786343e-24,7.63117555761626e-26,1.04444208959804
"529","DHRS4",-0.317719703591697,0.0000756377809722597,0.725167863909349,0.0000767402795595164,6.77124812712533e-08,1.04288756750105
"530","PPP1R1A",-0.0734823106040497,0.462316955648716,0.967763971729537,0.000234132503939208,1.96346518151938e-06,1.04124628233359
"531","CA3",0.118413666893981,0.328114470129648,1.15641693681434,4.83926316438971e-06,0.000164122029521014,1.03800326992036
"532","IFIT2",-0.055055061936376,0.578560774759428,0.9768048504115,1.74133360276835e-06,3.65795244859083e-06,1.03185991234788
"533","SLC44A3",0.363084380762145,6.16419907735548e-09,1.39391145574536,1.82922806514791e-17,2.66395356572828e-09,1.03082707498322
"534","KIT",-0.0756090130988628,0.418216708299451,-1.10628262127193,1.08259319390536e-06,2.27449075012968e-06,-1.03067360817307
"535","CFLAR",-0.0692398545365741,0.470764326181436,0.954939044277723,5.71632744615501e-08,3.09431180644934e-07,1.0241788988143
"536","SPATA12",0.0821759229178803,0.530365253022123,1.10130913813487,0.0000948150293772749,0.0000446168033100054,1.01913321521699
"537","PDE6B",-0.325491060570423,1.91617595498922e-07,0.693490471211571,0.0000219606074704979,1.87683914292402e-09,1.01898153178199
"538","DOCK3",-0.328584263505509,8.78763965643495e-29,0.689483835188301,1.12630292536491e-20,5.73363775436414e-38,1.01806809869381
"539","PAH",-0.286738881613817,0.0121760724534098,-1.3034429906138,9.07833560195525e-07,7.71009571853215e-06,-1.01670410899998
"540","ZNF804A",0.286450993349924,1.80919871819947e-10,-0.727409225985109,5.67789281811629e-12,7.85878200646438e-19,-1.01386021933503
"541","LRRTM4",-0.334401949002522,1.79947105678398e-08,0.675916035170392,2.5561737713232e-06,6.22770147797091e-11,1.01031798417291
"542","CASP8",0.295151070240423,0.00391238720808719,1.30545245343475,3.70916749628854e-08,1.91618824919389e-06,1.01030138319433
"543","SLC6A15",-0.352218282041966,1.03180679198261e-07,0.658046426354693,0.014422288131889,2.92739789098424e-06,1.01026470839666
"544","SPARCL1",0.235181546172146,0.0182763572498943,1.24425583609731,3.04432138440089e-08,0.0000998520830033152,1.00907428992516
"545","PCSK5",-0.263730548307477,0.000140980328073616,0.743511213277506,5.95123575849796e-06,9.71863247775561e-09,1.00724176158498
"546","PLSCR4",0.118479572834698,0.203407532596052,1.12349093002833,1.73973949801631e-07,5.21383299217174e-06,1.00501135719363
"547","EFNA1",0.298535636166612,0.000393953514772303,1.29919650403982,7.03318496503494e-09,1.3392101835511e-07,1.00066086787321
"548","SYNGR2",0.0839913119321762,0.413464688034222,1.08336388338697,4.09631474663247e-06,7.85823233215597e-07,0.999372571454793
"549","CCDC86",0.0577822273917982,0.530473026871611,1.05375815124264,1.76004471397665e-06,2.01861783732332e-07,0.99597592385084
"550","NRG3",-0.412273635453566,1.20553196312771e-26,0.582532268181536,1.05186177210164e-10,1.65537065152855e-24,0.994805903635102
"551","ACAP1",-0.286721842952695,0.00171507563984162,0.706910689722429,0.00626753656955278,4.51056975747196e-06,0.993632532675123
"552","ALG1L2",0.135197371212628,0.128368607885751,1.1274647463225,4.75739594164056e-07,1.15036095018415e-07,0.992267375109868
"553","KANK1",0.0692946883270348,0.20598039138568,1.06099938343827,2.8662064228898e-18,7.0977338804544e-14,0.991704695111235
"554","TGIF2-RAB5IF",-0.433809875615227,2.95380663803321e-09,-1.42486744265998,4.37865385769769e-11,1.13174834120455e-07,-0.991057567044749
"555","CST3",0.310125282463856,7.20432830082102e-08,1.30115943516002,3.5581053475381e-23,2.16404881367603e-11,0.991034152696168
"556","AHR",-0.178731761317442,0.026748189316202,0.811176120322227,0.00156963582515423,0.0000204369595850965,0.989907881639669
"557","CACNB2",-0.083951099715214,0.199128583336967,0.905394576893119,4.35913126457288e-10,5.56387474152351e-10,0.989345676608333
"558","STX3",-0.248830068315682,0.00738014005349196,0.737542359742116,0.00357230633867315,5.73957698707377e-06,0.986372428057799
"559","MAN1A1",-0.370730052375361,2.9723929658774e-06,0.614592654431058,0.00223760241780058,3.07300608469349e-06,0.98532270680642
"560","OR2H2",0.18186982809964,0.0539602126993046,1.16492888497331,1.2206887346331e-06,3.56113977361648e-07,0.983059056873672
"561","GALNT18",-0.465906821131185,4.56513552358481e-10,0.516912946737929,0.0197726979559568,0.0000215603112977431,0.982819767869114
"562","LRRC26",-0.0933597861399228,0.43740906162389,-1.0753736423123,0.000212404232222326,0.000027549531435316,-0.982013856172373
"563","RAB29",0.146458495294869,0.0070103875593565,1.12522011695744,2.44500534215393e-16,2.52076214994859e-11,0.978761621662571
"564","ITPRIPL2",0.230223823007418,0.044111283197033,1.20594248344774,3.74430408524783e-06,0.0000195325984929176,0.975718660440319
"565","HS3ST3B1",0.283567395004716,0.0249486882756089,1.2585481798122,0.0000371954866665701,0.000159321673592455,0.97498078480748
"566","PHKA1",-0.43383358834368,2.05318028961993e-10,0.539518714673289,0.000702505541334054,4.82151202849089e-09,0.97335230301697
"567","CDK6",0.211884023029171,0.00595362142279919,-0.759767220392664,0.0000146337698161978,4.14102509932913e-07,-0.971651243421835
"568","OGFRL1",-0.027362002442518,0.658124722356369,0.943782427931592,2.98586844052711e-15,2.4878044695602e-13,0.97114443037411
"569","SLFN5",0.132660916715341,0.109857157798411,1.10331017745162,3.03357764631578e-06,2.45348406721611e-07,0.97064926073628
"570","NPTX2",-0.30158562875564,0.00714836054918392,0.666730502166175,0.0384796193889584,0.000756138027931736,0.968316130921815
"571","ADCYAP1R1",0.0937350555465298,0.0823933333732329,1.06173627972339,2.52239538333234e-12,5.70461142290877e-10,0.968001224176861
"572","AATK",-0.368824076013934,8.67222567608656e-15,0.598010294960679,0.000498756966565145,1.48094741371345e-08,0.966834370974613
"573","DTWD2",-0.227637488819063,0.0000145885321079797,0.735885609512469,2.41729807761657e-08,3.73510038501862e-12,0.963523098331532
"574","IFIT3",-0.106089605967601,0.112929760458235,0.856918897038576,6.98131867390088e-08,1.05076077299702e-08,0.963008503006176
"575","TRANK1",-0.0142413985905915,0.906819255883121,0.947807274585256,0.000299379565435791,0.000013417152707256,0.962048673175847
"576","LOX",-0.371911291460016,0.000412200220189704,0.589421276620446,0.0161702433165094,0.000154402036278711,0.961332568080462
"577","PRUNE2",-0.233833097398631,0.0000686342124925603,0.726162079480962,1.37791797444309e-06,1.46147924132347e-09,0.959995176879593
"578","RARB",-0.314119200596545,0.0000255195496969405,-1.27217588533494,5.74828242796475e-10,0.0000141704723443514,-0.958056684738397
"579","EGF",0.191541446920227,0.0759546842473929,1.14951174267982,0.0000122266026414124,0.0000172855505483735,0.957970295759597
"580","TTYH1",0.116881624038056,0.0280266956566815,1.06788091686674,3.96870178988984e-18,1.26026074101865e-12,0.950999292828681
"581","CADPS",-0.136112700607342,0.00140033855206917,0.814375755569844,3.2237981383261e-15,9.88958775104281e-18,0.950488456177187
"582","FSTL5",-0.210492149159986,0.00442480110420621,0.738828630458118,0.0000269704188425276,6.10117543891186e-07,0.949320779618103
"583","GADD45B",0.159621440693345,0.0542715335523091,1.10866897449857,1.31278939870889e-07,0.0000181716532189851,0.949047533805224
"584","THSD1",0.115024331057315,0.0663205982780026,1.05709960227766,3.51997673340402e-11,3.34456944494402e-08,0.942075271220342
"585","IL1RAP",0.09311013697573,0.548895012087494,1.03416980342434,0.00230851215252804,0.00404729912777957,0.941059666448614
"586","SLIT3",-0.259857094290979,0.0812597593622835,-1.19996519512081,0.000883395551096762,0.000600465571172365,-0.940108100829827
"587","MT2A",0.46791231853376,1.32278703113545e-13,1.40490284116412,1.11978658235268e-21,1.9584562237601e-08,0.936990522630355
"588","ROPN1L",-0.239534504708748,0.00138888010563945,-1.17565110007844,1.23762249101639e-06,1.52686913958215e-06,-0.936116595369687
"589","SERPINB8",0.333059613637872,0.00469447337097903,1.26853733848606,2.88358979284615e-06,0.0000814555061227901,0.93547772484819
"590","FNDC5",-0.159184143380433,0.100142167239302,0.776039375049176,0.00135130315567575,0.000286131819109987,0.935223518429609
"591","CDH20",-0.124608445554172,0.142711956684258,0.809552913455872,0.00131301864545442,0.0000597837227015381,0.934161359010044
"592","ENSG00000279670",0.0792881856728218,0.277996336500711,-0.854318514068362,5.31176653708887e-06,6.40440851655551e-07,-0.933606699741184
"593","ZNF391",-0.483125394915586,3.10290400795563e-12,0.449732091543106,0.0485272387042515,0.0000280845425203873,0.932857486458692
"594","MGLL",-0.0924623114998801,0.117847202256484,0.840288773000576,1.18808910464507e-10,6.43043898511459e-11,0.932751084500456
"595","BBOX1",0.482661535245521,9.53703470334636e-06,1.41499088310728,7.4079402522452e-08,0.000829505702213016,0.932329347861763
"596","CTSH",0.446522202912431,7.74047934992231e-09,1.37769625726237,6.09212886604478e-16,1.204298792048e-06,0.93117405434994
"597","TGFB2",0.277949421410086,0.00211410841373336,1.20911334795327,8.74855164502372e-09,0.000107009763420649,0.93116392654318
"598","BEST1",-0.179437572439561,0.0590182195294442,0.751225926801806,0.00281528835236413,5.79486224044848e-06,0.930663499241367
"599","HEPACAM",0.417935495533832,0.0000778304473727842,1.34821443700341,3.38227234755111e-08,0.000447143184970575,0.930278941469577
"600","TPD52",-0.208178669733459,0.000545483257474009,0.718705016617483,0.0000508051750851867,9.64774858391923e-07,0.926883686350942
"601","KCTD21",0.0655250237471062,0.37790110417226,0.992257674628934,4.67409595798384e-07,5.4889049709967e-06,0.926732650881828
"602","NAGPA",-0.0233220842255516,0.734799382926574,0.901015587747302,4.10302376043102e-06,5.58836326256613e-06,0.924337671972853
"603","NEIL1",-0.102643827613713,0.0555850700400026,0.819016568946972,1.9514011498023e-08,1.35700525096876e-09,0.921660396560685
"604","RNASEL",0.269008131045044,0.00169581279079428,1.18993844242153,1.19920597044997e-07,3.74219104406833e-07,0.92093031137649
"605","PLEKHA6",0.0102297133542155,0.874453444833114,0.931012641692021,3.31974181407008e-10,1.61566066720229e-08,0.920782928337805
"606","RAB11FIP5",-0.301311727827026,1.54068044018019e-06,0.618947842451186,0.00124885709188041,2.3614767459095e-06,0.920259570278212
"607","CCDC74A",-0.328881590461847,1.16247665734393e-09,0.588160414663528,0.000243097030556392,1.26262141018386e-08,0.917042005125375
"608","G0S2",-0.31568595179552,0.00429984080717953,0.600627699652231,0.0301155413806662,0.00134147683032322,0.916313651447752
"609","HS3ST5",-0.260875712675925,0.000649779244422417,0.655182305821654,0.000109795003683179,7.03751799873619e-07,0.916058018497579
"610","VASN",0.119321980510297,0.379010885309258,1.03502733378549,0.000689528643320216,0.000238165732890772,0.915705353275189
"611","CHRNA5",0.0211735092787684,0.767304054262283,-0.893726410925326,2.50406020390688e-06,4.15039548413342e-06,-0.914899920204094
"612","CACNA1E",-0.406587217117469,5.70961760402053e-07,0.508154215711667,0.0309108839099919,0.000166374091983428,0.914741432829136
"613","CORO1A",0.0593216133383807,0.407181621720449,-0.854535546633342,6.67031123515754e-06,3.25311305762138e-06,-0.913857159971723
"614","ZNF521",0.195506249536224,0.00380887442742108,-0.717768072094435,5.51562956530878e-06,1.71199162427735e-07,-0.913274321630659
"615","GRID2",-0.409949974147178,2.42081434954361e-08,0.502419275247721,0.00558597555749609,1.86292623210724e-06,0.912369249394899
"616","NAT8L",-0.0874016414855685,0.0723292864712716,0.824776339498875,2.71968456863865e-12,2.82659032406436e-13,0.912177980984444
"617","SLC4A3",-0.304822081312156,4.79881300359146e-07,0.605441324861246,0.000706700542574022,6.39921036301777e-07,0.910263406173403
"618","CNTNAP3",-0.0424065141905757,0.635617232964298,0.86776715929719,0.000147874190801925,0.0000473782345521075,0.910173673487766
"619","TUBB3",0.294084773986325,8.74988668877601e-13,-0.616057940849202,4.9951913268872e-11,1.85492533389603e-19,-0.910142714835527
"620","CFAP54",-0.233874076073522,0.0129614809002791,0.673720590238272,0.00337126528380197,0.000341116365545163,0.907594666311794
"621","SYNM",0.0922358936183621,0.248734176947628,0.999765092261055,9.20788655453348e-10,6.94660354931719e-07,0.907529198642692
"622","ADGRB1",-0.303938649555401,0.000218682103304637,0.60351697276791,0.00873063939625711,0.000103321044906542,0.90745562232331
"623","KIFC3",-0.25596165547221,0.0000267614960021359,0.651056800707938,0.000158032609723862,5.22779428021693e-07,0.907018456180147
"624","PNPLA3",-0.123453744381889,0.0791405158444481,0.780331045948754,0.000824779807326418,0.000132594812294698,0.903784790330643
"625","KCTD16",-0.462329126713378,2.03109115798194e-10,0.440970900605045,0.0141599446896443,1.42264099436153e-06,0.903300027318423
"626","FOXP2",-0.404323608151862,0.0000236336218284695,-1.30518293945984,7.00543129813923e-09,0.000621428617226172,-0.900859331307983
"627","CTSL",-0.165855462025854,0.00117105933907479,0.733310433720069,1.75762866900468e-08,8.93878150290843e-11,0.899165895745923
"628","CFAP69",-0.366545128448798,8.24379932367663e-08,0.531992431044035,0.0039404011897119,2.13368716585899e-06,0.898537559492833
"629","CAPN3",-0.0603166495147521,0.581909215286426,0.837643141370351,0.00207411934130534,0.0000303551543782039,0.897959790885104
"630","KLHL35",0.443644422510577,4.42956082389906e-10,-0.453778153144511,0.021063700403752,6.64046032493446e-06,-0.897422575655088
"631","CDK18",-0.237710436614367,0.0158616436079441,0.657556284486151,0.0235958732130614,0.000086874669039971,0.895266721100518
"632","MSX1",0.289068648791211,0.00181787291214309,1.17942771535885,9.06968811500932e-07,8.47465677002811e-06,0.890359066567638
"633","TMEM54",-0.107443049845691,0.214945550401565,0.782446594112574,0.0000720331732710708,0.0000301682657589215,0.889889643958265
"634","TTC30A",0.151386820649417,0.0240633881702712,1.03969867625843,7.94879830092755e-09,2.82882004124838e-06,0.888311855609012
"635","PLPPR1",-0.378310954445327,7.65870354891408e-06,0.5099056090127,0.0267650014668142,0.000181696376629063,0.888216563458027
"636","PFKFB3",-0.430066233060622,7.36911441994619e-28,0.454500827668583,1.3839383601253e-06,4.59916258127959e-19,0.884567060729205
"637","MYO1F",-0.049310986080728,0.48397564377183,0.834310209925114,0.0000272544395518122,0.0000193881626963437,0.883621196005842
"638","AP1S3",-0.113576961597659,0.0891980795275688,0.769674032083905,0.00018518546817449,0.0000427027877566335,0.883250993681565
"639","IL33",0.180708366511331,0.00859074869704902,1.0635588617452,1.35469908874345e-12,1.47568560263239e-07,0.882850495233866
"640","PDLIM1",0.333554994604675,0.00290966098825609,-0.547977830438005,0.048756574636453,0.000896449749446429,-0.88153282504268
"641","VANGL1",-0.394249017955984,9.34626047953074e-06,0.48429494590151,0.0313795044345169,0.0000705740016466157,0.878543963857495
"642","LMCD1",0.0894389545115762,0.327928318355075,0.967057691976237,0.0000133566155541197,0.0000322716498443973,0.877618737464661
"643","PMFBP1",-0.142074001248651,0.123381142263459,-1.01898490932493,2.08607692620343e-06,0.0000144949817918125,-0.876910908076279
"644","DTNA",0.125184252395929,0.00976050132110788,1.00177502684571,1.25234504924163e-20,1.96403798894693e-13,0.876590774449782
"645","PYGL",-0.27307998064445,0.00344755412976613,0.603202582333092,0.00592645585661021,0.0000901718891534657,0.876282562977542
"646","PPP1R42",-0.13156359887054,0.051911926538271,0.741577179469616,0.0000219184434544004,1.70216383945172e-06,0.873140778340156
"647","SLC9A2",-0.225118313354106,0.0686302068449058,-1.09769781820509,0.0000110152178199407,0.00222461067516871,-0.872579504850985
"648","TSSK3",0.178212168197924,0.0768028869433419,1.05068799901588,8.71047174916208e-06,5.94839716242126e-06,0.87247583081796
"649","SORCS1",0.279575058371343,0.00728465820263378,-0.592728356998442,0.0196324224257406,0.00142414723536807,-0.872303415369785
"650","IQUB",-0.429969731005079,2.89948680168019e-09,0.440859020055269,0.0303937695027546,0.0000199805769448925,0.870828751060349
"651","LY6H",-0.148589142324845,0.00532026993266287,0.720385105337861,1.12944076371756e-07,1.94243900496118e-09,0.868974247662706
"652","MYO5C",0.0565380742554868,0.565154458137437,0.925098529380265,0.000133948902977616,0.000115920487090036,0.868560455124778
"653","DLGAP3",-0.314835353508609,0.0112278287778992,-1.18305474363594,0.000192986302712176,0.000644987116873915,-0.868219390127334
"654","NKAIN1",-0.107883228169875,0.0670446262975611,-0.974932680189947,2.46102427541146e-08,2.65608529378386e-06,-0.867049452020072
"655","SLC4A5",-0.229055458589639,0.0000431555796733713,0.637474115582859,0.0000910019251522081,3.15360982594572e-07,0.866529574172498
"656","CFAP119",0.273963016628694,0.000313625652153604,1.14009267778683,1.10472088703751e-08,8.51956545393682e-06,0.86612966115814
"657","ERMAP",-0.0809047425507281,0.365104034969567,0.784767224673086,0.000023551511277516,0.0000294383211347496,0.865671967223814
"658","GALC",-0.149601278207788,0.00384976342702471,0.715819496531414,9.8886731953614e-06,1.95943080417612e-07,0.865420774739202
"659","ZBTB38",-0.30977520595811,2.60642352278336e-10,0.555528473872517,0.0000233866947097472,5.02029762642247e-10,0.865303679830627
"660","GRIK4",0.0342493671968106,0.65145457896504,0.897917278904548,5.67571059068624e-08,1.8041640677147e-06,0.863667911707738
"661","NOD1",0.105867315105822,0.090682044128137,0.968428666744159,2.35726654814907e-09,5.81207658082017e-07,0.862561351638337
"662","P4HA2",-0.266335421159644,0.0000507574570624311,0.595530296525526,0.000719756808313206,1.95868274814006e-06,0.861865717685171
"663","GALNT16",-0.258801946242635,1.43040853135145e-06,0.602280341915618,0.000354292501516965,5.85179631667173e-07,0.861082288158253
"664","N4BP2L1",-0.297950933760764,4.36891037134605e-08,0.562255018621839,0.0000445433787725082,2.31153552309429e-09,0.860205952382604
"665","SLITRK2",0.199481925834728,0.000610606725271827,1.05941905124423,1.52060524393e-11,3.54724572343482e-07,0.859937125409503
"666","PTGR1",0.00113778052632503,0.990798615459733,0.860577318494711,0.0000167225186465368,0.0000639920582296918,0.859439537968386
"667","RASGEF1B",0.287383452283914,0.000616243244234508,-0.569048617912303,0.015751572096139,0.00067388996352419,-0.856432070196217
"668","CASZ1",-0.303083083132409,0.000384293697991778,0.553210050639142,0.0171462183317159,0.000311748262155037,0.856293133771551
"669","CLDN20",0.0451074730622601,0.561923085950244,-0.810677571294254,0.0000654088431934578,0.0000731273869814516,-0.855785044356514
"670","SLC12A4",0.01106230152203,0.907413692163154,0.866457466057874,5.00674777552764e-06,0.0000359212169696681,0.855395164535844
"671","GABRA2",-0.317133537143641,1.57786942504284e-07,0.536303693189142,0.000273045001048275,5.60935445347447e-08,0.853437230332783
"672","B3GALT5",-0.0201557031538699,0.792419831822863,0.833116066769122,6.83692753672956e-07,2.40829518629803e-06,0.853271769922992
"673","TENT5A",0.265958246672826,0.0255811106994114,1.11822609490901,0.000252093145489925,0.00100419502749236,0.852267848236185
"674","PFKFB2",-0.174582718890605,0.00416445936589169,0.676930741049568,0.000331009459426718,0.0000120761908346478,0.851513459940172
"675","SLC4A10",-0.0469580568055212,0.50693300038481,0.80292074490867,1.4629619784254e-06,2.29834771493641e-06,0.849878801714192
"676","ADCY2",-0.213590627394105,0.000290656717176714,0.63607471554274,0.0000166724031967872,6.11034280874129e-08,0.849665342936845
"677","FADS3",-0.45455886690248,3.3501307343244e-16,0.393069928791748,0.016420872870222,1.86918171615182e-07,0.847628795694227
"678","CCDC184",-0.280155094344457,3.71611212507497e-06,0.565384536395603,0.00194771325197268,5.70590303663841e-06,0.84553963074006
"679","LRP2",-0.165065512434651,0.202740633159049,0.679278990864171,0.0466826148972308,0.00359243298612005,0.844344503298822
"680","VCAM1",0.00281768484447053,0.9816890105133,0.847127822434568,0.00185205754936216,0.00194121197207227,0.844310137590097
"681","NRP2",0.261810363983209,0.0000976000419674387,1.10524520639115,2.04721564779139e-10,7.97257943183419e-06,0.843434842407937
"682","TRIB3",-0.303857973423756,6.42975997197441e-07,0.538391646405349,0.00718967437888884,0.0000250941048738123,0.842249619829105
"683","HERC6",0.00247558623487317,0.987880025131887,0.843235687860997,0.0173682679762031,0.0016642250466425,0.840760101626124
"684","DNAH6",-0.0342895567806986,0.685726044388903,0.806251633859177,0.0000728176680223488,0.00012134065042188,0.840541190639876
"685","LRFN1",-0.297815791944861,1.15232957844399e-06,0.542241248702592,0.0098367236381801,0.0000596797604120906,0.840057040647453
"686","PLEKHO2",-0.180885661175309,0.0950383431676417,0.659029180265265,0.00510076152263497,0.00100419502749236,0.839914841440573
"687","CRB2",0.00760514464043327,0.912536014816217,0.847503462440124,7.91130811354959e-09,3.77294244752537e-08,0.839898317799691
"688","SIRPA",-0.0645611191532184,0.419747219845732,0.7729448372493,5.00674777552764e-06,4.54094009754724e-06,0.837505956402519
"689","TEX2",-0.0530119900100402,0.198720879745179,0.783062538115823,3.88272087027851e-14,2.12047060355638e-14,0.836074528125863
"690","CDH3",-0.486069105610828,1.71352085493205e-08,-1.32160344282969,1.21568043088955e-07,9.87410730994935e-06,-0.835534337218863
"691","CPE",0.162562212204834,6.64389674672746e-07,0.997907488084741,2.00767457830475e-39,1.13774763209632e-23,0.835345275879907
"692","EAF2",0.0891653246410069,0.175670286900533,0.923580110435274,1.80505969748886e-09,9.56981800515574e-07,0.834414785794267
"693","NCAM2",-0.134443651123184,0.00622630072948928,0.698086321571592,5.41445471707787e-10,1.2974754555347e-11,0.832529972694776
"694","PLLP",0.0060944804580835,0.941132498524615,-0.823727285401909,0.0000425930319085031,0.0000993051141648814,-0.829821765859993
"695","CPEB1",-0.289116315089493,0.0000263119031537544,0.539882345674193,0.00875152724113464,0.0000661177049173221,0.828998660763686
"696","GALNT13",-0.410853688958006,5.29990920092984e-12,0.417563118842878,0.00636950227244207,1.03715891983838e-07,0.828416807800884
"697","PPL",0.239167045257436,0.00523564075459247,1.06682464964107,6.64604733785677e-06,4.12901543503877e-06,0.827657604383638
"698","TMCO6",-0.0472046703060637,0.582894405060651,-0.874800327542768,0.0000167865078185563,0.0000613824088777305,-0.827595657236704
"699","RENBP",-0.0477269764479433,0.424846306736383,0.779841519641265,0.0000128091165945012,0.0000113098578804351,0.827568496089208
"700","ALDH8A1",-0.267792362207833,0.0320061632691458,-1.09481826604774,0.000224430501529039,0.000185693972848137,-0.827025903839906
"701","CCDC149",-0.234699582396281,2.58377714110796e-07,0.589854503621232,3.99746101554639e-07,1.84967858945107e-11,0.824554086017512
"702","SHISA6",-0.213011482090063,0.00454437136751174,0.61043978980299,0.00112358851391923,0.0000308978394288445,0.823451271893054
"703","PLXDC2",-0.047858016163746,0.561923085950244,0.775525400934465,9.57632625353692e-06,0.0000236709789902006,0.823383417098212
"704","NDRG4",-0.0398374945230158,0.342526080735206,0.78314283638634,7.44494440985139e-15,2.46940284029225e-14,0.822980330909355
"705","IKBKE",0.257742318725097,0.00668473854814714,1.07995202765892,2.74290211560815e-06,0.0000438039600421289,0.822209708933821
"706","FSIP1",-0.353287869785942,1.37555675074247e-08,0.468174698044133,0.00706547061778766,3.18036712019105e-06,0.821462567830076
"707","FHIT",0.0425777991699554,0.540880697268775,0.863204607731932,2.63590073558174e-08,1.4949620947377e-06,0.820626808561977
"708","ATP2B2",-0.253080421607901,1.2917419126778e-08,0.567414984756866,0.0000189402442259852,2.1593629898998e-09,0.820495406364767
"709","DUSP7",-0.171234600037338,0.0592322498886991,0.646401600791155,0.00608491766351871,0.0000650408768707696,0.817636200828493
"710","ASTN2",-0.339410255930347,4.73924372467412e-11,0.478051128939421,0.0002413938562751,2.02615827376612e-09,0.817461384869767
"711","CHST15",0.140275093160945,0.0568117744026658,0.955257924156061,0.000125046871598488,0.0000145198855005181,0.814982830995116
"712","GLS2",-0.269945259065325,0.00242567522537685,0.541432144364267,0.0283045823100782,0.000130736419005578,0.811377403429592
"713","VAT1L",0.280198530560569,6.9808492259163e-06,1.09144635293062,1.25166310524008e-10,8.33002262546221e-06,0.811247822370051
"714","CNTNAP1",-0.306328363954051,5.89463444523401e-07,0.503732146551597,0.0056882854744934,0.0000124916155315672,0.810060510505648
"715","IL17D",-0.377876025190853,1.49564290410718e-11,0.431700137572247,0.000936159921851065,3.15934889050752e-09,0.8095761627631
"716","CLCN4",-0.19605571610646,0.000281574550007328,0.611864574560476,0.000311984604336572,5.24356630000612e-06,0.807920290666936
"717","TMEM51",-0.237596328592532,0.000164661171246501,0.570267585662618,0.000431392483177716,1.34454885523735e-06,0.80786391425515
"718","SCRT2",0.247808078144595,0.00765231391384887,-0.559913049750349,0.0288588934398881,0.00151437557711697,-0.807721127894944
"719","CYRIA",-0.235107045970546,0.0000954527888241233,0.572223133862309,0.00113187185644261,0.0000167296257093874,0.807330179832855
"720","ENSG00000280046",-0.237369124138381,0.00484464477666428,0.569571660568458,0.0204439968094126,0.000929408586799119,0.80694078470684
"721","NNAT",0.18001508777739,0.0000335709054368032,-0.625936299457126,2.64829928007023e-10,9.12050630444584e-14,-0.805951387234516
"722","SPTBN4",-0.336053137565579,4.13282110651842e-08,0.4687467116692,0.0067365315731738,8.54499886506652e-06,0.804799849234779
"723","CCDC88B",0.00215615319015001,0.98442844410006,0.806778767636016,0.00102261996692227,0.0000670703214683068,0.804622614445866
"724","SPEF2",-0.449047440973491,4.63920309442303e-15,0.355092832879739,0.0381602788612531,1.489439026094e-06,0.804140273853229
"725","UBE2E2",-0.298576644044442,3.26877049767568e-11,0.504304994587602,9.3524867368134e-06,2.20486119616137e-11,0.802881638632044
"726","SPRYD3",-0.370972516687076,3.97227273809451e-11,0.429952197643274,0.0170971088326249,7.1907823341058e-06,0.80092471433035
"727","GLUD1",-0.0682763492658201,0.0399814707430292,0.729453990260101,4.78567009056357e-21,8.81705591552858e-22,0.797730339525921
"728","VEGFD",0.218125096791307,0.0449452421007222,1.0147895931543,0.000254949855136487,0.000283338601989224,0.79666449636299
"729","PIK3IP1",-0.106955809938307,0.037236111816252,0.689405948706272,6.60603069031346e-07,4.32480168926207e-08,0.796361758644579
"730","BCL3",0.16943338724404,0.192470011532978,0.96386889327543,0.00114697306264662,0.000982835644345002,0.794435506031389
"731","GFOD1",-0.346245854185346,9.48819473067832e-12,0.446244090544887,0.00190144731196399,7.21968810155962e-08,0.792489944730234
"732","STKLD1",-0.224518618129118,0.0412264558009136,0.567610204171133,0.0493355678662295,0.000461949983930813,0.792128822300251
"733","CLDN5",0.0698278384890401,0.659643667189852,0.861949487183962,0.0140521248531257,0.0489656449781225,0.792121648694922
"734","ENOX1",-0.11733221879641,0.0374079781428372,-0.908279241772195,4.40976173504909e-13,1.68485471130417e-08,-0.790947022975785
"735","SEC14L2",-0.261877046824962,1.31026389538979e-08,0.527979604480023,1.3839383601253e-06,1.00773313984061e-11,0.789856651304985
"736","MYOM1",0.370983261660515,0.000353543809430312,1.16029419647462,7.54355899092358e-06,0.0000804327893220329,0.789310934814101
"737","NUDT14",-0.243973652845375,0.0000433100449125983,0.543879017911112,0.00607980265725272,0.0000464387280258881,0.787852670756488
"738","RCCD1",-0.279169078762016,1.12244986009116e-09,0.508613182601263,0.0000701315022021733,2.17221899563771e-09,0.787782261363278
"739","NOL3",-0.121114801540218,0.0297296582290129,0.66626673319343,3.97127668196437e-06,3.05746679015125e-07,0.787381534733648
"740","SMIM10L2A",0.0747329616143989,0.394819238555034,0.862024357186883,0.000267066997931229,0.0000254371855712896,0.787291395572484
"741","ALDH5A1",-0.238278125759612,0.0000351587828621541,0.549000592389957,0.000162517850970883,2.60347734602762e-07,0.78727871814957
"742","ABCC4",-0.355757492555478,9.39565432828197e-09,0.429343336971705,0.0353913910250773,0.0000751614825653884,0.785100829527182
"743","RBM20",0.252831652779307,0.0187529186499845,1.03698291833191,8.92229873807338e-07,0.00448805042530603,0.784151265552607
"744","SLC25A43",-0.124578182050361,0.151256303070134,0.659368913424812,0.000568438480727609,0.0000974141153518263,0.783947095475173
"745","NAP1L3",-0.367128952677013,8.39412692729388e-29,0.416364355687882,1.26400149608373e-06,1.05995582265068e-18,0.783493308364895
"746","RBMS3",0.149659677149956,0.0271683247972977,0.92994502217922,1.95925878155733e-09,6.71149623364553e-06,0.780285345029264
"747","CEP126",-0.39058104886625,3.34348754576855e-23,0.388444092414572,0.000686453919529072,1.98417474129917e-11,0.779025141280822
"748","FAM234B",-0.339081971257465,2.52326412539593e-09,0.43922168335842,0.00450788654701169,9.81537549637144e-07,0.778303654615886
"749","GARNL3",-0.148168880587079,5.94360309715693e-06,0.627781765013539,6.74771200536111e-17,1.79490460100046e-21,0.775950645600618
"750","IFIT1",-0.150613991723535,0.129407685374907,0.624430562451438,0.00915581059913479,0.00132844805025123,0.775044554174973
"751","PHF11",0.161792629691558,0.0356569831075839,0.934763486921322,1.43216450470833e-07,0.0000599261111245778,0.772970857229763
"752","PPP2R2B",0.106886066736691,0.073948595207881,0.879135972840943,6.46061020105892e-11,3.32207356113435e-07,0.772249906104251
"753","KLHDC8B",0.0230752133491527,0.741049075290098,0.7951537847326,6.34849581700324e-06,0.0000321572025962693,0.772078571383448
"754","DOK5",-0.00743826656650728,0.888084940768968,0.764521221129445,4.63443699906101e-13,2.23619318310132e-11,0.771959487695952
"755","VCAN",0.241442943352423,0.000017746017940198,-0.528927420565832,0.000100832571233973,1.35645675060794e-07,-0.770370363918255
"756","ENSG00000278817",0.347667687193342,0.0000123635066669395,1.11785634815567,3.54819924363797e-07,0.0000159716754661494,0.770188660962325
"757","DIO2",-0.459168868248223,8.70092600573917e-06,-1.22743391700701,1.5383601753854e-06,0.00161093957258111,-0.768265048758785
"758","ADHFE1",0.0630470878632229,0.335502069755964,0.829517067195579,2.53026567177607e-09,4.5459180169728e-07,0.766469979332357
"759","DTX4",-0.0305694006889241,0.55599859465582,0.735343006974608,8.58628750587821e-08,1.17430393908739e-07,0.765912407663532
"760","LCA5L",-0.0535260176866991,0.508813164214585,0.712195955153048,0.000556943389462904,0.000347537239296313,0.765721972839747
"761","PINLYP",0.150185812574866,0.0429079941353618,-0.613838699761194,0.00521499630707356,0.000702168016783623,-0.764024512336061
"762","SEZ6",0.297677433287486,3.48534884195001e-07,-0.466005462157093,0.00366266724171637,3.97543356680099e-06,-0.763682895444579
"763","FBXO44",-0.272253159919473,1.15808821880309e-09,0.489484753791413,0.000203242293841724,1.64632911025387e-08,0.761737913710886
"764","COMTD1",-0.114780910648492,0.135602326281664,0.646066013692641,0.00227876718863442,0.000299868236545791,0.760846924341133
"765","ECHDC2",0.23276510193662,0.00131939532482801,0.993485347835743,1.10786938328281e-07,0.000213271224280693,0.760720245899123
"766","NEB",-0.336994948144085,2.35466196204422e-07,0.423570602935387,0.0312298267137452,0.000112967809287428,0.760565551079473
"767","GOLGA8B",-0.266738958914896,1.84122772165141e-07,0.493220448262702,0.00612562851814974,0.0000248086917498589,0.759959407177598
"768","GYG1",-0.00874148287388251,0.880926224822306,0.751113886729051,5.03023070275405e-08,1.95943080417612e-07,0.759855369602934
"769","SAMD12",-0.392939265190966,1.80338246199775e-13,0.366490222374276,0.0202838724216105,1.46842761247516e-06,0.759429487565242
"770","NT5DC1",0.0419767095218628,0.43740906162389,0.800899588294827,1.26400149608373e-06,9.59693993598675e-06,0.758922878772964
"771","LIMCH1",-0.034203964941481,0.472776626646638,0.724059287879056,1.425266191515e-11,5.73396563420485e-11,0.758263252820537
"772","GPR158",0.394117023975264,3.48969178897983e-11,1.15232138881219,3.75086652184839e-18,5.35431348143021e-07,0.758204364836927
"773","SAT1",0.317333859462366,3.23218035589025e-11,1.07218898960602,8.31191394752736e-24,2.59592063929661e-10,0.754855130143658
"774","TMEM145",-0.253073696665941,7.17663430624453e-07,0.501665473276221,0.00402507056043728,0.0000163752047495124,0.754739169942162
"775","ACTL6B",0.283077110072861,0.0000435949341116403,-0.470676494343433,0.0137598164267443,0.000087518377727531,-0.753753604416294
"776","SNX18",-0.276205060317893,4.78520042517766e-10,0.477311081215746,0.0000217672426879425,1.30253043969071e-10,0.753516141533638
"777","MLC1",0.38993763068386,2.6108321530376e-11,1.14118547395483,2.5612573965627e-17,5.20608944868265e-07,0.751247843270974
"778","GUCY1A2",-0.0940360073898059,0.130988316105799,-0.844998254942224,6.05072922226453e-07,0.0000344721788456507,-0.750962247552418
"779","KANK3",-0.104590364332752,0.345335391409792,0.646302649859834,0.0142132986566125,0.000344059904815645,0.750893014192587
"780","SRRM4",0.103641187977882,0.171772836078675,-0.646980178600208,0.000393293611272142,0.0001181844318884,-0.75062136657809
"781","CAMK2G",-0.146630756745123,8.24681937459897e-06,0.60369649079709,7.81440785505198e-14,3.01758219664254e-18,0.750327247542213
"782","C1orf198",-0.113629609600005,0.0119192687055805,0.63663051431567,5.07709388909472e-08,1.40965122240799e-09,0.750260123915675
"783","GAS2L1",-0.0417826700342678,0.498836148374113,0.707756371381974,2.44065932525191e-06,2.57708413640031e-06,0.749539041416242
"784","NDST3",0.127122448993672,0.0729283729664299,0.87537581790681,1.01493358903208e-06,0.000132859898947344,0.748253368913139
"785","AVPI1",-0.272636007347943,0.000783496159540688,0.471187350870548,0.0298298366430707,0.000609105250145897,0.743823358218491
"786","CA13",-0.036125525660694,0.612723556623356,0.707221312406853,0.0000355941205317784,0.0000390034755673081,0.743346838067547
"787","SERPINE2",0.100680300951578,0.18470874547828,0.843857559825863,4.83926316438971e-06,0.000284758843227543,0.743177258874285
"788","NTM",-0.256686243408553,1.22926889207512e-06,0.4864211175407,0.000110616576812372,3.71830715554127e-08,0.743107360949253
"789","MARVELD1",0.422668366513445,1.56825804405199e-06,1.16573579454118,5.13590181896527e-07,0.0000419044591853925,0.743067428027732
"790","KCNQ3",0.289446694980864,0.000544507743995214,-0.453437265909121,0.0368725266267733,0.00105915591803131,-0.742883960889984
"791","LRRC3B",-0.144062926152493,0.014367649380111,0.598810882927863,6.80059382518923e-06,2.8262934030245e-07,0.742873809080356
"792","EMID1",-0.241900525580354,0.0000104133411382137,0.500406065062091,0.000556572228628678,8.59227925907345e-07,0.742306590642445
"793","PACRG",-0.356159322249921,8.67271322617048e-10,0.385873144607425,0.010039780838155,1.31533969760482e-06,0.742032466857346
"794","MDFIC",0.00249564309260659,0.973779703141903,0.74438276771048,8.28256049455396e-06,0.000021267174163744,0.741887124617874
"795","CDH10",-0.321627972354325,1.48013746642768e-08,0.419860818020823,0.00544054339544177,2.13372756410337e-06,0.741488790375148
"796","ADAMTSL1",-0.125548714262078,0.211862662481537,0.615936603316516,0.0175832145550954,0.00929537808727115,0.741485317578593
"797","RASD1",-0.217998899159515,0.00472557523892843,-0.956738231752513,3.69986699983905e-09,0.0000648816871609907,-0.738739332592998
"798","ANXA2",0.379332632159722,0.00135932423692436,1.11786637893926,0.0000430480357348078,0.0124088538171636,0.738533746779539
"799","CCDC120",-0.287557512140515,1.86497036766742e-14,0.450955697536915,5.17930059753141e-06,6.33762729509884e-13,0.73851320967743
"800","TSC22D3",-0.0779052774976851,0.179681575063193,0.660035088344723,2.39422424821335e-06,1.13401633701813e-06,0.737940365842408
"801","HYKK",0.259721850558407,0.00862530811781399,0.997526870046579,0.000133948902977616,0.000170345743729255,0.737805019488172
"802","SFRP2",0.329596581618888,0.0000160368490367464,1.06669616504737,4.34969688016459e-08,0.00014001847885806,0.737099583428483
"803","PDLIM3",0.18391856372947,0.00334958159820962,0.92039217924244,4.55943200141272e-10,6.25089170699035e-06,0.73647361551297
"804","ITM2C",0.0774160716639682,0.0459360703621792,0.813626285566137,1.35536972639043e-19,4.04604666135182e-14,0.736210213902169
"805","NIM1K",-0.221483302410692,3.52766989167511e-07,0.514358596653506,2.12076674112798e-06,9.37861733179162e-11,0.735841899064198
"806","RHCE",-0.2159928421744,0.00582896092168214,0.518352784475245,0.0360107696412431,0.000991264377712926,0.734345626649645
"807","SPOCK1",-0.231630122604976,0.003351276041298,0.501885481075822,0.0098367236381801,0.000329869303849446,0.733515603680797
"808","TECTA",-0.31262797854052,7.30373276239244e-06,0.420539423851657,0.028334981001153,0.000172205233780793,0.733167402392177
"809","DENND2C",-0.114738815095009,0.223303595157476,0.618132794897493,0.0159161937435621,0.000464119799014086,0.732871609992502
"810","DAB2IP",-0.208066053529006,3.69156130582393e-08,0.520176837693973,1.26158978227669e-06,6.12340476578521e-11,0.72824289122298
"811","SH3BGR",-0.170106359834651,0.000894617373398144,0.556407030881619,0.00015689142708781,2.06789592023521e-06,0.72651339071627
"812","IFIH1",-0.0374762143788267,0.745986274332388,0.688486194321675,0.00384921343261239,0.00434872201521437,0.725962408700501
"813","RND3",-0.0517987546283554,0.346759876001575,-0.77745721888511,2.06326446008107e-11,1.85689308522513e-08,-0.725658464256755
"814","LETMD1",-0.196423023840325,0.0000140985676791417,0.528745750493115,0.0000533813053969896,8.65175784174548e-08,0.72516877433344
"815","ARC",-0.18952008923779,0.0514144680605056,0.533962970401285,0.0182759087322126,0.00329979724156019,0.723483059639075
"816","BTBD17",0.140002305307922,0.0350629350274055,0.863380815721715,1.8359658828606e-06,0.000181920392450008,0.723378510413792
"817","TLCD3B",0.180987164163984,0.0154645176655196,-0.541621848243821,0.0107098607652118,0.00121175966120041,-0.722609012407805
"818","ELAVL4",-0.0455792012389703,0.466731958567378,-0.767665245226077,1.79466710950567e-08,1.48151737133325e-06,-0.722086043987106
"819","FZD7",0.414012528447604,2.26162395088719e-13,1.13202701242361,3.14546210053353e-13,0.0000215603112977431,0.718014483976002
"820","EXPH5",-0.149293474847466,0.156372742418787,0.56834543987032,0.0269889066507518,0.00369214213337891,0.717638914717786
"821","SLIT2",-0.0795390735956271,0.282212783292836,0.637959266382832,0.000108926732579204,0.0000885899422413703,0.717498339978459
"822","TFPI",0.233930553946162,0.0461924919779748,0.951371697859632,0.000782677969745443,0.009244589248305,0.71744114391347
"823","FAHD2B",-0.0310754453013238,0.554510218306046,0.685048252029214,4.72131430390746e-07,5.75707086015379e-07,0.716123697330538
"824","SDC3",-0.242346847889039,5.16871898811288e-06,0.473601881668274,0.00023176306250349,1.36958232380089e-07,0.715948729557313
"825","DNAH7",-0.212113960048162,0.00824108529562059,0.501843155671514,0.0177841767704074,0.00108126789700417,0.713957115719676
"826","TPRG1L",-0.254443879870969,1.77325077121785e-06,0.459234742635995,0.00591539284883732,0.0000238650061904012,0.713678622506964
"827","ZP3",-0.116856469699163,0.174310274335912,0.595824816594824,0.00527831829109635,0.00118861304335868,0.712681286293987
"828","HIVEP3",-0.117135435779589,0.0442350378844566,0.593428934211839,3.36268331161517e-06,4.39059869592149e-07,0.710564369991428
"829","ATP13A4",0.0818902408067243,0.349856877630478,0.791282233506045,0.0000178470703665073,0.000620143449161982,0.70939199269932
"830","MT1X",0.36874324108528,2.74274951739386e-10,1.07805413488477,3.28291976319239e-17,1.04141748745807e-06,0.709310893799495
"831","SLIT1",0.00905484632735028,0.884993515294669,-0.699863339805486,4.75739594164056e-07,2.01122250672164e-06,-0.708918186132836
"832","SFMBT2",0.0368360480584101,0.445546736942113,0.74545520933437,3.07490559028651e-10,3.07871845161675e-08,0.70861916127596
"833","CD9",-0.0663381076371427,0.568146235130699,0.642242004129007,0.0114312299765976,0.0142310683895131,0.70858011176615
"834","DPP6",0.0405550126260906,0.450125238878786,0.74898986821394,5.41027239217617e-11,2.36297775838825e-08,0.70843485558785
"835","ALDOA",-0.194300632552981,0.00251701614989698,0.513501470091928,0.00460695888497117,0.000114833012068847,0.707802102644909
"836","CD24",0.200290358135901,0.0000906235393348003,-0.506508945769684,0.0000687363197673577,1.49265036505722e-07,-0.706799303905585
"837","FAM189A2",0.026748306269718,0.794045150504951,0.733545012643077,0.000650394889174234,0.00312691401646048,0.706796706373359
"838","TIGD6",-0.252115115985988,0.0000292065244606878,0.454324575258791,0.0181640537164498,0.000269965969751133,0.706439691244779
"839","MEGF10",-0.0100401575118632,0.876192269912811,0.695602171364392,2.51902211079446e-06,7.17479447884251e-06,0.705642328876255
"840","AP5S1",-0.122138231038986,0.106406643143123,0.583472508997438,0.0027750076193129,0.000618932203108959,0.705610740036423
"841","MAMSTR",0.128853471001844,0.137334315366045,0.833383121369068,0.000236251454803789,0.000103095350047435,0.704529650367225
"842","SLC13A3",-0.270682788027367,1.56874853084487e-08,0.430121589576409,0.00089594639826864,1.72152719139767e-07,0.700804377603776
"843","GIT1",-0.237323299198371,4.42372616904501e-12,0.462105125499442,5.1818308497557e-06,1.97040259265976e-11,0.699428424697813
"844","LPAR4",0.176293055978362,0.000145442993471919,0.87322840744022,4.9242847306152e-15,6.44740300143931e-09,0.696935351461858
"845","TFE3",-0.0805111307526418,0.0258973608881973,0.616335186750692,5.34647507026804e-13,2.24325873913587e-14,0.696846317503334
"846","PRR7",-0.23939659704157,3.494591996215e-09,0.456887244814745,0.0000720331732710708,4.81709128850101e-09,0.696283841856315
"847","PDE4D",0.232585840069359,1.53460632508043e-08,-0.46343678657562,2.75216447373914e-06,3.53888982020724e-11,-0.696022626644979
"848","HSF5",-0.12172290112345,0.335174016440594,-0.815825109571319,0.00949205497204288,0.00568348033001447,-0.694102208447869
"849","CRYBG1",-0.0996123206039621,0.28764029287483,0.594074054382713,0.0201877004872215,0.000597164616124321,0.693686374986675
"850","DALRD3",-0.234630657693679,6.51661432030599e-11,0.458690542839528,7.64299336176554e-06,5.21032861507882e-11,0.693321200533206
"851","LRP1B",-0.091484849535722,0.256912001248819,0.60162526255825,0.00171066436560873,0.000877729369337722,0.693110112093972
"852","TFCP2",-0.174413534703096,2.30808845463546e-06,0.518453922146476,6.37332628048976e-07,1.78932134231204e-10,0.692867456849572
"853","KLHL34",-0.21373235527641,0.0481357046260514,-0.905734766480884,0.000639258687373843,0.00102917870340141,-0.692002411204475
"854","IL20RB",0.288995768996208,3.03188307976849e-06,-0.402606602566613,0.0045898775181463,4.10869516859978e-06,-0.691602371562821
"855","DNAH9",-0.249392264494983,0.0000123400518069406,0.441711797400633,0.00299036964777351,7.30449460731923e-06,0.691104061895615
"856","DKK3",-0.00208543088899816,0.966899402868923,0.687342260515171,3.25220590466578e-08,1.03126092357774e-07,0.689427691404169
"857","PLXNA2",0.00687212798363796,0.895113774771783,-0.682424848015004,8.35250245483157e-11,2.47119775836217e-09,-0.689296975998642
"858","LRRN2",-0.0473843848581233,0.349793455324708,0.64171420591684,5.56908665757309e-07,3.51015280177356e-07,0.689098590774963
"859","DHRS12",-0.321051404314464,6.77385646585701e-08,0.367611709260515,0.0258001766809779,0.0000361027151421634,0.688663113574979
"860","DDIT4",-0.396737420943309,4.30789122736315e-28,0.29143101729047,0.00159332107440873,3.18410073873049e-13,0.688168438233779
"861","SERP2",-0.0461580006414321,0.412522440996064,0.641416877890448,0.000112704049632671,0.0000789059333636453,0.68757487853188
"862","FANK1",0.102790668933781,0.224939737609144,0.790339565250788,0.000119022639586142,0.00187777419381089,0.687548896317007
"863","HUNK",-0.0921489144316115,0.106635067962447,-0.779396343114956,2.32517181264525e-09,1.59981133082329e-06,-0.687247428683344
"864","C19orf44",-0.222885995486439,0.000430570938824576,0.4636521699231,0.00760633890449795,0.000130754482692413,0.686538165409539
"865","PCDHAC1",-0.230865764434635,0.0236536036253593,-0.917212718668664,0.0000700320614851629,0.00323430898711622,-0.686346954234029
"866","PCDH7",-0.158308369805174,0.0478715685131183,0.525965838573837,0.00671470704343248,0.00111204654482401,0.68427420837901
"867","SEMA4G",-0.208797983690437,0.000163801731104413,0.475395876472264,0.00286041712145338,0.0000311352655263573,0.684193860162701
"868","GDAP1L1",0.233716833597118,5.10257610261189e-07,-0.449653042594161,0.000313575215948957,1.08444471415504e-07,-0.683369876191278
"869","HES1",0.2880658680157,7.85693031801136e-06,0.970388641515698,2.5561790253662e-10,0.0000429295716838612,0.682322773499998
"870","P4HA1",-0.429735575943091,2.61330843263623e-50,0.252076810268626,0.000332329060982666,4.19467450065662e-21,0.681812386211718
"871","OSBPL6",-0.157626521471091,0.00988020824442979,0.523674031797097,0.000355008705287967,0.0000172134428637631,0.681300553268189
"872","COBLL1",0.097651984091542,0.364154359191766,0.778387453731733,0.000583299623712431,0.00900813615487253,0.680735469640191
"873","CMTM4",-0.258511163976654,5.09776025370415e-14,0.42109549502069,5.27703324557833e-06,1.48767604802428e-12,0.679606658997344
"874","KATNAL2",-0.0933163538074163,0.050170828381697,0.586221776151836,2.36877880674593e-06,2.44591310679196e-07,0.679538129959252
"875","NME5",-0.221590037281618,0.000177311917857733,0.457735986252818,0.00484566846286916,0.0000449686241809793,0.679326023534436
"876","DNAAF11",-0.225332240302927,3.53393540387124e-06,0.453472012224298,0.00052465442105073,4.57485139349246e-07,0.678804252527226
"877","DNAH11",-0.126744579793793,0.0768729689859816,-0.80506056614688,2.26365370855659e-07,0.000139691143142183,-0.678315986353087
"878","AHRR",0.116661705116314,0.114981715750532,-0.56106891458935,0.00337490980302902,0.00078569249903488,-0.677730619705664
"879","DAPK2",-0.072847748962571,0.344173501283073,0.604661070207686,0.00466935778227131,0.00152826485979933,0.677508819170257
"880","SLX4",-0.307677278150071,1.2040311563564e-09,0.369570809530859,0.0158796120542067,9.61959242083763e-06,0.67724808768093
"881","LRP3",-0.280296607488964,8.45883990475641e-18,0.396606508735793,4.3495984550916e-06,4.44863401575997e-14,0.676903116224757
"882","LLGL1",-0.243535709034155,5.6419877052593e-06,0.432831693391386,0.00324792954191708,7.97283704544579e-06,0.676367402425541
"883","CENPW",0.153053795080974,0.013817045929628,-0.522811324302023,0.00212557318518975,0.000127473617492949,-0.675865119382997
"884","ZSCAN22",0.0137014383751585,0.900491973029323,0.685648888969613,0.00493068697680145,0.000599441757423655,0.671947450594455
"885","PLPPR4",-0.0805024729495307,0.246927586312351,0.591050802738359,0.000123649103812849,0.0000721365372485096,0.67155327568789
"886","UNC5D",-0.123327470497635,0.211407650142679,0.547022142195531,0.0188082242083425,0.0089215379553734,0.670349612693167
"887","TUSC1",-0.216738900923027,1.87767092141473e-06,0.453343133247911,0.00956290112711412,0.000116534522588194,0.670082034170937
"888","TBC1D2",-0.118512568419172,0.0769858220883222,0.551161580989922,0.00436187068519446,0.000860275570378012,0.669674149409093
"889","TNS3",-0.157691611284713,0.0199819593287203,0.511785586451363,0.00325863946592079,0.000212280934079369,0.669477197736076
"890","RAB6B",-0.0368799371599893,0.30562079096004,0.631571842546237,2.55459322063133e-12,3.46213491427211e-12,0.668451779706226
"891","ZNF865",-0.0862308294010467,0.197710970245184,0.580594175985873,0.00190956306388214,0.000657871135551706,0.66682500538692
"892","LHFPL2",-0.041536041619533,0.477588858286409,0.624804639313981,6.32404344949366e-06,0.0000104486496599117,0.666340680933514
"893","STAT2",-0.164826373550064,0.0000261674333343068,0.501427467973655,2.00032133933751e-07,8.59154037022463e-11,0.666253841523718
"894","KHDC1",-0.111515988272749,0.0027479999725746,0.553493835810383,1.46417694576866e-08,1.21725391272123e-10,0.665009824083132
"895","HNRNPA1L3",0.195925957083608,3.13059279658768e-07,-0.468559649112084,1.21675708034928e-07,3.77185628306606e-12,-0.664485606195692
"896","KCNK10",-0.260164262956649,0.0000208545408371157,0.403904605995449,0.0329124237693151,0.000411289601666739,0.664068868952097
"897","TCIM",-0.0111515064795923,0.884245066833578,0.651752807704284,0.000213058739937132,0.000166374091983428,0.662904314183877
"898","PNPO",0.436371224761037,0.0000896014921679111,1.09798694203034,0.0000357182971933175,0.00316549421109276,0.661615717269301
"899","SCHIP1",-0.0271723867348444,0.724471555933019,0.634148265112601,0.00102083409483187,0.00126744501099868,0.661320651847445
"900","SALL2",-0.0677288519323335,0.0914844174233492,0.593440003566822,1.5224901484681e-09,3.23278987194395e-10,0.661168855499156
"901","IFI6",-0.0754495173817702,0.166869643264816,0.58529857318428,8.1152124731842e-06,1.90082563790333e-06,0.660748090566051
"902","TSPAN13",0.202732293748418,0.000421696009275324,-0.457446094089512,0.0184537045787026,0.000581222055027678,-0.66017838783793
"903","PODXL",-0.0918811517308298,0.0952021270478571,0.568075129462611,0.000271791605238626,0.0000514169028180535,0.659956281193441
"904","MCTP1",-0.183489406431051,0.00748166822216425,0.474596415736247,0.0146155194394916,0.00118653851741956,0.658085822167297
"905","PTPRM",-0.0311903999384076,0.548598485415822,0.625507414536495,3.88676453985538e-08,1.41271994495998e-07,0.656697814474903
"906","MAGEE1",-0.203312807243858,0.000251876366692004,0.452423298437251,0.0134599834205949,0.000399794626240607,0.655736105681109
"907","AZIN2",-0.0990290417972546,0.0468119174405792,0.556624879245219,0.00013480070869043,0.0000144951973843273,0.655653921042473
"908","GPC2",0.252498722092723,2.14042247094406e-09,-0.402361042417293,0.000161030677788175,4.36290853143514e-09,-0.654859764510016
"909","GSDME",-0.177836024336005,0.000392208576363875,0.476992655022076,0.000677446711995193,6.89923107271892e-06,0.654828679358081
"910","KIAA1671",-0.158791837431141,0.00410883242516057,0.494712137274613,0.00048137598288743,8.22861746015622e-06,0.653503974705753
"911","RNASET2",-0.316376134240051,1.20127414635331e-13,0.336974614548307,0.00855332757673484,4.27176269638395e-07,0.653350748788358
"912","SHISA3",0.325501116629985,0.0521184502408939,0.978583801002296,0.0248718793048974,0.0186180085823314,0.653082684372312
"913","ARAP1",0.0963619555443145,0.253495449852863,0.748981688176213,0.0000803161542476064,0.00183441820979958,0.652619732631898
"914","ANO5",-0.346122706412952,4.86610553872303e-18,0.305481225016484,0.00418183609931259,1.88510592221215e-09,0.651603931429436
"915","ACSS1",0.0154095363024444,0.826111917144645,0.666890087094087,0.000018790840838002,0.000099106224673908,0.651480550791642
"916","HS6ST2",0.156739601043488,0.000290584094052381,0.807078648047754,8.17119239550904e-16,4.31247482682904e-09,0.650339047004266
"917","C22orf23",-0.162451243132601,0.00877258487206432,0.487024742045296,0.0113350242599426,0.000987749369414019,0.649475985177897
"918","HNF4G",-0.148320591621531,0.0411532946283122,0.499284076291379,0.0054733254686018,0.000506585901462736,0.64760466791291
"919","PTGR2",-0.171188209370664,0.000196714253961652,0.476316700924585,0.0000508258081883292,1.7793288481177e-07,0.647504910295249
"920","NEK6",0.184295442678792,0.0000750766596440395,0.831102652110718,3.61498551417437e-13,1.50447822227725e-07,0.646807209431925
"921","LXN",-0.185835567339295,0.0121267197789527,0.458529201438339,0.0458486865574456,0.00343497011929017,0.644364768777634
"922","SLC38A7",0.0198640867794244,0.659002234449532,0.663993516659511,4.72131430390746e-07,2.87211700981445e-06,0.644129429880086
"923","NLRC5",0.24287196655818,0.0607187952090221,0.886831344397514,0.00327332366390963,0.0481363325272566,0.643959377839334
"924","CDH11",0.228993854154769,0.0000288019791021128,0.872842186259066,1.33919505482042e-10,0.0000287299722990287,0.643848332104297
"925","MYO16",-0.134252154038385,0.167526914079428,0.509406417675251,0.0286689946855834,0.0108467961187601,0.643658571713635
"926","NRBP2",-0.0372130344923549,0.470775450832685,0.604727854529576,6.12133912564776e-09,2.42953218089904e-08,0.641940889021931
"927","HHIPL1",0.221437708907714,0.0335199981805774,0.862340438065017,0.00168994834006799,0.000994731238705167,0.640902729157303
"928","RIOX2",-0.163647095943292,0.012465260783414,0.476169210710298,0.00783923146289349,0.000382516086178269,0.63981630665359
"929","TMEM150C",-0.251128043661919,1.48439305477789e-07,0.387609363251283,0.00205613554531283,1.11416950845535e-06,0.638737406913202
"930","IRF7",0.340949919333501,0.0000352573547931848,0.979680316708256,8.36642619804181e-06,0.000260593937236189,0.638730397374755
"931","ARAP3",0.20962094162789,0.0180630552796773,-0.428494892027301,0.0238460874226676,0.00154202792650999,-0.638115833655191
"932","ARHGAP10",0.0379289140822358,0.735157046920701,0.675960765987805,0.0116237261039834,0.0177961391867454,0.638031851905569
"933","TSPAN33",-0.00587644161298425,0.93688628676012,0.631668655925151,0.000144221702331345,0.000277455485810491,0.637545097538135
"934","BAG3",-0.0610142931450538,0.288103120500388,0.575550106923157,0.000123561511039575,0.0000511945614200069,0.636564400068211
"935","RAB38",0.338191687505374,0.00381432863624009,0.974325824112137,0.000709137875522565,0.0133426558888311,0.636134136606763
"936","FAM110A",-0.0259518835172894,0.80946228796959,-0.661612511203469,0.01069607922209,0.0151686415024565,-0.63566062768618
"937","H4C3",-0.0448572569219496,0.205367422359163,-0.679796418730597,4.51462547760048e-19,4.20365730965088e-14,-0.634939161808647
"938","ABHD3",-0.232383569130927,2.26671531238347e-07,0.402336116769255,0.000533579743144466,3.1317758217582e-07,0.634719685900182
"939","SLC2A8",-0.0329405375311432,0.575071371209403,0.601646632116224,0.0000687721924613335,0.0000726959503324327,0.634587169647367
"940","SERPINI2",0.0427899838544039,0.750200665063869,0.676363900384749,0.0431942274661948,0.0123439340830242,0.633573916530345
"941","DBP",-0.0381294149801733,0.542208388835747,0.595043678973573,1.97342649497417e-06,5.46375301964798e-06,0.633173093953747
"942","TMSB10",0.363065676805505,4.82928254106382e-37,-0.269284263463417,0.000103630713456063,1.76787177707729e-18,-0.632349940268922
"943","STMN2",-0.0465327563350978,0.575684149505969,-0.678519048064206,0.00017256585958813,0.00183850697162664,-0.631986291729109
"944","ZNF500",-0.281766188539566,5.35370379201378e-10,0.350054208279344,0.00523365708467152,7.49830848164023e-07,0.63182039681891
"945","CTTNBP2",-0.0467562974731239,0.555836535263027,0.585042007546444,0.00645116600194344,0.00630593334732303,0.631798305019568
"946","TANGO2",-0.144366410199874,0.00413431808067898,0.487313966357444,0.000338155251931842,9.166560459438e-06,0.631680376557318
"947","RASA4",0.132959940590999,0.201879675566255,0.763926318363044,0.00271330010466097,0.000913308595029863,0.630966377772045
"948","PYCR3",0.0277695293616666,0.718524327880593,0.657740734076507,0.00134063682900294,0.00118479884670201,0.62997120471484
"949","FMO5",-0.341244761807644,8.52275698313742e-09,0.288089780249302,0.049377832854597,0.0000294029419979338,0.629334542056946
"950","CD81",0.174468917589361,2.54617869754342e-13,0.803519922184944,2.90604378372262e-47,6.13045278616358e-25,0.629051004595583
"951","RPS27",0.237396194891769,3.12887234086688e-58,-0.391566431317704,2.74641387697579e-30,1.10312912060212e-64,-0.628962626209473
"952","SPATA1",-0.00386275330974401,0.95700815514621,0.624429511922906,0.0000750902957136997,0.000197919299830509,0.62829226523265
"953","DOK6",-0.260327997912969,6.28846018752979e-09,0.367766161568253,0.00193943296067663,2.72161217811363e-07,0.628094159481221
"954","LRATD2",0.121584029325212,0.19942643758161,0.748894300380919,0.000634442972622283,0.00691383325597788,0.627310271055707
"955","LINC00672",-0.160307680266361,0.00197747704993465,0.466575604486873,0.00258228987388912,0.0000814555061227901,0.626883284753233
"956","ATP6V1E2",-0.296300239260855,7.8261467462654e-09,0.330534784622146,0.028915117583207,0.0000345641343046968,0.626835023883001
"957","LEMD1",-0.0907103227142603,0.0919334323179088,-0.717217903480169,5.67571059068624e-08,0.0000252260358195089,-0.626507580765909
"958","SLC25A18",0.275400160906886,8.80859446487187e-08,0.901646244308281,2.69810300891655e-13,4.31401914074665e-06,0.626246083401396
"959","PITPNM2",-0.23936441476589,6.2107289731059e-07,0.38448803537133,0.00419364116298554,5.9561571793734e-06,0.623852450137219
"960","PCDH17",-0.1057806491536,0.152936699708677,0.517367566996347,0.00286826849704462,0.00093152641602583,0.623148216149947
"961","GSTK1",-0.0204403706666182,0.660373527409054,0.601982934547295,1.95067659496336e-08,6.50769182302844e-08,0.622423305213913
"962","MLF1",-0.151668448273883,0.00104068423574318,0.470505809761166,0.0000828167104545836,9.64165126201364e-07,0.622174258035049
"963","CFAP418",-0.0556859298514584,0.435992772283036,0.565610140114842,0.00164228325757719,0.00104920384940265,0.6212960699663
"964","INSM1",-0.0227355076251505,0.731960756140826,-0.642902425955263,3.04422709736087e-06,0.0000469504898482236,-0.620166918330113
"965","TMSB15A",0.0180014875960151,0.652016178625214,-0.602023655476698,4.94474778452372e-13,1.03635718129332e-11,-0.620025143072713
"966","AIFM2",0.0373165108868147,0.640802245465989,0.656983646626215,0.000878233770987024,0.00264596454550308,0.6196671357394
"967","ZFAND2A",-0.308530430272092,4.86771769883722e-11,0.309099438068249,0.0234913389784329,6.05780806661459e-06,0.617629868340341
"968","PSAT1",-0.0589966457490749,0.318929936928573,0.557488168276819,0.0000349844141617373,0.0000228746774686063,0.616484814025894
"969","EPDR1",-0.00670045464811966,0.909012592619756,0.609688011698224,1.63560409361592e-06,7.06963464872678e-06,0.616388466346343
"970","DEPDC1B",-0.0545026762980945,0.367034571842398,-0.669983453363244,4.01331982661696e-06,0.0000956138727186693,-0.615480777065149
"971","FRMD8",-0.0267764457484566,0.694568038637276,0.58856125381468,0.000166785526505738,0.000262461871678128,0.615337699563137
"972","CRYZ",-0.236240984086813,0.00102181893502104,0.377918096647878,0.0300911246939787,0.000544452165074737,0.614159080734691
"973","GCNT2",0.085342920813219,0.08643822217254,-0.528370344955855,4.98503264869895e-06,7.93047332120933e-07,-0.613713265769074
"974","LDLRAD4",-0.238357361482124,0.0000240406617139319,0.373760174038946,0.00901414958702732,0.000049351576926505,0.61211753552107
"975","PRNP",-0.0361856967923468,0.480828818385968,0.575897955967855,5.56557271494182e-07,9.58204029851276e-07,0.612083652760202
"976","USP51",-0.143476094584958,0.0224974057454357,0.467919553824989,0.0137737489059514,0.00173258129654635,0.611395648409947
"977","UHRF1",-0.388486839144581,6.15555006057364e-10,-0.999714681146152,1.63569709361659e-11,0.00027766703280943,-0.611227842001571
"978","LEF1",0.0969875921525421,0.17095918565627,-0.514045261706809,0.00670866172384867,0.00224749095216741,-0.611032853859351
"979","SLC8A2",-0.181950622940024,0.0930217108972367,-0.792815608612201,0.00938629474733838,0.00759553430060587,-0.610864985672177
"980","TAFA5",-0.11329714372403,0.000616767615641859,0.497425648713803,8.2356146535141e-09,1.97040259265976e-11,0.610722792437833
"981","DENND6B",-0.242808068878281,1.93117354283306e-09,0.367881646924938,0.00224118262114926,6.05713568495973e-07,0.610689715803219
"982","TNIK",0.253101346425579,1.45739631579085e-08,0.863435019932307,5.82999378186137e-18,8.25572716551647e-08,0.610333673506728
"983","ADD3",0.227667384361149,1.87052892606851e-12,0.837466318341342,2.36528309059519e-29,1.22477806505867e-13,0.609798933980193
"984","TMEM169",0.0944123522246475,0.0350629350274055,-0.515172696770491,0.0000110152178199407,1.05715536813644e-06,-0.609585048995139
"985","TPRG1",0.330725301796416,0.00312884980478021,0.940246772612608,0.000705771201823462,0.0120838565669444,0.609521470816192
"986","SMOC1",0.0965836349086182,0.336722007460681,-0.512687041441905,0.0289302236235497,0.0171530680237806,-0.609270676350523
"987","NQO2",-0.216261138432328,1.22089793618896e-07,0.391795007514875,0.000304181076700084,7.57007147108207e-08,0.608056145947203
"988","CCDC113",-0.147408863324884,0.00861091440948267,0.460538488127127,0.00298259287169457,0.000154083158612268,0.607947351452011
"989","C11orf71",-0.225760693704919,1.12337847530232e-06,0.381509752718335,0.0118331109190346,0.0000665432652021092,0.607270446423254
"990","CROT",0.245337784478179,3.24006415990468e-06,0.852479289245903,5.5884603867835e-13,6.11236331909131e-06,0.607141504767724
"991","KCTD11",0.303532582031994,0.00677744988624564,0.909937435953661,0.000661428009611239,0.00327629818536779,0.606404853921667
"992","PRXL2C",0.0932349749248249,0.23847921210994,0.699512843566963,0.0000341158373790815,0.00148914194315463,0.606277868642138
"993","ARHGEF28",-0.201392337730793,0.000815641576717594,0.404160082105753,0.00537352204908662,0.0000772152384582753,0.605552419836546
"994","OAT",-0.0314334973716736,0.340697086591887,0.573377387286514,3.37338984332521e-15,1.28196806023594e-14,0.604810884658188
"995","PTPRN2",-0.104174125617741,0.00142779248025669,-0.708072941834025,2.19988591671319e-21,2.10430602059615e-13,-0.603898816216285
"996","ST3GAL5",-0.25578978103597,2.57272347429999e-07,0.347824147357785,0.00541231942728927,3.31503946209349e-06,0.603613928393754
"997","DECR2",0.0918799553459467,0.223351767141952,0.694727407778759,0.00162584816850494,0.0103177969580067,0.602847452432812
"998","PLEC",0.146641771116059,0.00550555878860273,0.749401015814763,2.00475093674729e-10,3.95227620578565e-06,0.602759244698705
"999","CPM",0.359581599298308,0.0000246144564396531,0.96228172044442,0.0000398207378877465,0.000396185911349611,0.602700121146111
"1000","DGKE",-0.29338303523956,8.34039914682224e-13,0.309156067685786,0.0121347333735916,9.83150047436714e-07,0.602539102925346
"1001","PER3",-0.176956017280553,5.30278762340731e-06,0.424119715624935,8.50389752366864e-06,3.05763698848442e-09,0.601075732905488
"1002","PLEKHG3",-0.0860580974083134,0.291008380604723,0.51479146819861,0.00240255939686249,0.00146919450426092,0.600849565606923
"1003","PEX6",-0.139244895478096,0.0000447955687847616,0.459686471207932,6.00653019342683e-07,5.81802303901378e-10,0.598931366686028
"1004","PKD1",-0.248628179537679,8.35338142871268e-11,0.349769169350929,0.000657055424236981,1.67044204463541e-08,0.598397348888608
"1005","ZNF229",-0.122170134679372,0.0777613513601942,0.476047681989035,0.00477858482395353,0.000889169427343325,0.598217816668407
"1006","MPPE1",-0.109377536463442,0.00288760586472203,0.487636043860982,1.70209260238323e-07,1.67575012764577e-09,0.597013580324423
"1007","ABCB9",-0.296190663078962,7.54790463762007e-10,0.299764105419555,0.0427008090853255,0.0000514169028180535,0.595954768498516
"1008","NAGLU",-0.111222649644871,0.0046815960479621,0.484728357658128,8.87386866413678e-06,1.84455035784437e-07,0.595951007302999
"1009","SNTA1",0.00292038869301236,0.956279539990951,0.597557545071972,2.38244775064213e-07,1.49766681619008e-06,0.59463715637896
"1010","STARD13",0.128840899230993,0.0732575090022116,0.720689363951853,0.0000150551379919277,0.00146919450426092,0.59184846472086
"1011","EDEM1",-0.282891313692159,2.2004773184452e-11,0.308151579876555,0.00518393721651519,1.7269904120747e-07,0.591042893568714
"1012","TSPAN18",-0.00142529000475312,0.979081034201541,0.588903113177981,2.15107948525798e-06,0.0000107049121844955,0.590328403182734
"1013","ATP1B2",0.262866789672636,3.51740290655109e-08,0.852987402540058,6.82565093815277e-15,1.37851802427793e-06,0.590120612867421
"1014","TPRN",-0.20834192565336,0.000181029713614365,0.381423655732871,0.0225527911798406,0.000520805713671907,0.589765581386231
"1015","TSGA10",-0.13462645912504,0.00197242199613283,0.455048820476287,0.000150014094934299,2.6802038940796e-06,0.589675279601328
"1016","PLOD1",-0.270220242053431,0.0000318651716506472,0.318932214606467,0.0487020014221785,0.000428658579836632,0.589152456659898
"1017","SYBU",-0.24817501753489,3.6858398106979e-10,0.340213282937707,0.0060723120542944,2.01356214689384e-06,0.588388300472597
"1018","ARHGAP31",0.350243753680823,3.35249689389554e-11,0.937903020396394,5.10435049270093e-14,0.0000298011513134209,0.587659266715571
"1019","FAM171B",0.0606833926824139,0.0735105221053457,0.648227867556847,1.2649236800087e-18,4.71825078577588e-13,0.587544474874433
"1020","RCOR2",0.0290230167286562,0.583397107198805,-0.558335229617636,5.93547209671199e-06,9.82182998376916e-06,-0.587358246346292
"1021","TTC39B",-0.237844951166629,1.16628899703664e-06,0.349504817830728,0.0162892080754426,0.0000721563779199953,0.587349768997357
"1022","ABHD4",0.136411730617909,0.140822973637316,0.72315593156891,0.000636043916690322,0.0134289823797466,0.586744200951001
"1023","C6orf52",-0.0369060370798894,0.54040544675916,0.549809239589152,0.0022202848092936,0.00173527262599033,0.586715276669042
"1024","PNMA6A",0.00236979359433414,0.973779703141903,0.588964667378525,0.00783923146289349,0.00369214213337891,0.586594873784191
"1025","FGF11",-0.256660102162594,0.0000641813997637514,0.329133819392935,0.0253235262236993,0.000150637685281969,0.585793921555529
"1026","SASH1",-0.184169963016362,0.0130977065055756,0.401572236614152,0.0368725266267733,0.00335440761526525,0.585742199630514
"1027","ELAPOR1",0.125206954050068,0.103896148939974,0.708905928447229,0.00205204879910079,0.0166400601684462,0.583698974397161
"1028","PRMT9",-0.180404264867434,5.86679236155978e-07,0.402877255991715,0.000222396176619714,1.8928550264273e-07,0.583281520859149
"1029","FZD6",-0.154823394444087,0.0299541188502206,0.427180882242422,0.0249287442577438,0.0032941807118203,0.582004276686509
"1030","DPP7",0.100111896440462,0.130983675946599,0.681682367838234,2.9269380224523e-06,0.000434458300307688,0.581570471397773
"1031","ST8SIA1",-0.00431060359805511,0.930136260497136,0.576248626156378,3.92696043536495e-07,1.38977098007647e-06,0.580559229754433
"1032","ZDHHC8",-0.216970831887492,1.36599657968034e-06,0.362769191843855,0.00332117917334805,5.24315142145914e-06,0.579740023731346
"1033","ENSG00000279369",0.0884444627239168,0.1754288876671,-0.489668153565064,0.00901371206464943,0.00308310081826947,-0.578112616288981
"1034","NCAPH",-0.447403365686333,8.34816328793081e-08,-1.02533054099566,1.16386891212129e-07,0.0031109464396522,-0.577927175309325
"1035","SYCP2L",-0.335758605091844,4.95159126760127e-16,0.242114613343978,0.0426453772484101,1.15493870806683e-06,0.577873218435823
"1036","SCN1A",0.0515017724294427,0.59543305926312,0.629357360388584,0.00290052524012044,0.0147411151215021,0.577855587959142
"1037","ZNF671",-0.181703030879501,0.00139526922534759,0.395929387154775,0.0105533908453814,0.000313723446903781,0.577632418034276
"1038","RND1",-0.0821995558430946,0.197146257108018,0.495203199004542,0.0146393038461064,0.00573953229299647,0.577402754847637
"1039","PPARGC1A",0.00976016745855506,0.90357601666473,0.585813928774638,0.0010783564402856,0.0022158086189731,0.576053761316083
"1040","FAM102A",-0.173078325621456,0.000193939808614065,0.402109737417359,0.000178494330702982,5.86970568055242e-07,0.575188063038815
"1041","ZFAND1",-0.318872372192892,4.14548286467966e-21,0.256178521878621,0.0136396240871785,2.0784485693841e-08,0.575050894071513
"1042","C16orf74",0.0863366778481103,0.231260689689526,0.66118722921367,0.0000672902847373696,0.00139664573416524,0.57485055136556
"1043","BLVRB",0.171397362423411,0.000449549965425505,0.743822194952795,9.24719571875928e-10,0.0000181078672382762,0.572424832529384
"1044","SEMA6D",-0.0358604636469224,0.422538134677121,0.536443992827707,1.92081653208365e-07,2.8864371601209e-07,0.572304456474629
"1045","APOL2",0.0657855126196491,0.528736440729784,0.638065981974342,0.00405845940436674,0.0320804161609791,0.572280469354692
"1046","SLC38A1",-0.201317841325319,8.36945355090681e-07,0.370619197080983,0.00134733428026672,1.39521251794446e-06,0.571937038406302
"1047","AK7",0.188685285349328,0.0396221073661758,0.759587127018221,0.00300732252882955,0.00367441723550148,0.570901841668893
"1048","EPB41L4A",0.221431000085254,0.0000976067794254398,0.792302865617837,1.87854435052341e-06,0.00177915992605426,0.570871865532583
"1049","DNM1",-0.128915608893606,0.00093691697803285,0.440907058854491,0.000010762573981586,8.64470333589096e-08,0.569822667748097
"1050","PBXIP1",0.286824114172713,1.05860785674059e-09,0.856230101497752,5.83488260242887e-14,7.15548568801259e-06,0.569405987325039
"1051","EYA2",0.144092503361859,0.218286147504155,0.712804457945761,0.0139137529878871,0.0323110650614854,0.568711954583902
"1052","ARHGAP23",-0.222510258197464,8.34982695190832e-07,0.345889161133242,0.00107458571000173,4.28583525655171e-07,0.568399419330706
"1053","NAIF1",-0.0233475392895626,0.779477379302311,0.544995701529281,0.00718967437888884,0.00777663366253776,0.568343240818843
"1054","OSTF1",-0.187962423934463,0.00470076089808552,0.380278198565234,0.0403696345396697,0.00297278928938078,0.568240622499697
"1055","UBE2Q1",-0.0506766790582606,0.156408758004208,0.51727060604855,3.96535277892531e-12,3.84571110612245e-12,0.56794728510681
"1056","SOX11",0.278161963621616,1.48020378167001e-09,-0.289562129591029,0.0119241384166633,1.90082563790333e-06,-0.567724093212645
"1057","TMEM132B",0.297114181517694,0.000455663234094212,0.86431951464102,0.0000858058253272441,0.0258160001065946,0.567205333123326
"1058","KAZN",-0.0256937036515903,0.636283608833588,0.541392758610008,4.96721300437285e-06,0.0000146355202740468,0.567086462261598
"1059","MLLT11",0.275745208413906,4.51927628811271e-12,-0.291320594922562,0.00336855343839041,3.96246889941418e-08,-0.567065803336468
"1060","IGF2BP2",0.0172211017345081,0.681088735323583,0.583689939630594,1.46487183564285e-09,6.35998433929579e-08,0.566468837896086
"1061","TMSB15B.1",0.0803611631462812,0.154623602968835,-0.485866779229101,0.000939115903254551,0.000273832159294054,-0.566227942375382
"1062","MIB2",-0.0269474787955585,0.537990591957492,0.53843114414763,4.21182980076118e-06,4.64702336782264e-06,0.565378622943189
"1063","GAS1",0.0564991997617293,0.430095115357237,-0.508728902350353,0.00119768576411083,0.000982835644345002,-0.565228102112082
"1064","IGDCC3",0.154245317059254,0.0000322477707213838,-0.410105690791226,0.0000309159525431683,5.96501832219772e-08,-0.564351007850481
"1065","MARCHF1",-0.188721947768522,6.71278086717352e-07,-0.752526379469714,3.64730301925654e-18,6.66601832071922e-09,-0.563804431701193
"1066","ABR",-0.106428178272245,0.000902686432343875,0.457056560462816,1.29353489648032e-07,7.19766736178607e-10,0.563484738735061
"1067","TMEM231",-0.219559350403767,0.0000117656484578375,0.34354234206745,0.0122051187487382,0.0000620938781648946,0.563101692471217
"1068","ZBTB7C",0.0450570611419323,0.572494462490975,0.607012203474718,0.00109617389740158,0.00607596851075803,0.561955142332786
"1069","PRC1",-0.222132317457426,1.91549409001032e-07,-0.782914271680883,2.5631989200669e-14,6.46682891767335e-07,-0.560781954223457
"1070","ACTR3B",-0.167705504008785,0.00013829959603978,0.392978000592397,0.000343701499105139,1.9557230654327e-06,0.560683504601182
"1071","IFI27",-0.0210638304184078,0.813858949664692,0.539311207050861,0.021011338022839,0.00952418578052358,0.560375037469269
"1072","SLITRK1",-0.435017732761511,8.18911220864195e-09,-0.995268621081422,2.67074348419582e-06,0.0044701992112648,-0.560250888319911
"1073","ANKRD29",0.118849907054995,0.317457803493114,0.679076919789874,0.0168904884571339,0.020094333233713,0.560227012734879
"1074","ANXA4",-0.262619876718443,4.75722601362191e-09,0.297448200322054,0.0181599444363443,0.0000106815774252892,0.560068077040497
"1075","FAIM",0.0882005459898072,0.240565499851661,0.648258350646789,0.00016522480920634,0.00309733924145383,0.560057804656982
"1076","SIAE",-0.0808185181180937,0.22610479048345,0.478577334867306,0.00286672944041284,0.00101215186267759,0.5593958529854
"1077","IRF1",-0.0514672362740557,0.468917112172837,0.507398968829051,0.000304181076700084,0.000379974017512963,0.558866205103107
"1078","EZH2",0.0457476352495236,0.170593906847012,-0.512899198177557,2.18386267890696e-12,2.48653731218868e-12,-0.558646833427081
"1079","ALPK1",0.214483964480975,0.0373205209516091,0.773082472783951,0.0189938055141128,0.00361267504457744,0.558598508302976
"1080","FBXO32",0.446907569487316,2.62468769575444e-09,1.00530972193717,1.91750060893379e-07,0.0120579305220827,0.558402152449852
"1081","H1-4",0.0207879886501265,0.648218715273269,-0.537297747829284,1.69438339608639e-09,2.04499217077279e-08,-0.558085736479411
"1082","TCN2",-0.0333056625422498,0.598054890543689,0.524634785679702,0.00167836869960132,0.00162344829864832,0.557940448221952
"1083","ZSCAN30",-0.176844322207868,1.54627489645106e-07,0.380751678473909,0.0000360674047728145,6.32681297430284e-09,0.557596000681777
"1084","C5",-0.269782333054934,5.55790156233854e-07,0.287507366887875,0.0414580833007989,0.000125589250852131,0.55728969994281
"1085","TUBB",0.206189826126351,1.49521291942533e-15,-0.350263793908423,7.05592157053081e-09,9.44477685232509e-18,-0.556453620034775
"1086","HLA-E",0.212639830867388,0.0111991578331748,0.768172579315976,0.0000381959792593409,0.0106161130233896,0.555532748448589
"1087","TRIP6",-0.0119822936567865,0.864787559722018,0.543476818735641,0.0000532055516661867,0.000249616405212988,0.555459112392428
"1088","MYADM",-0.230035477567325,0.0000146192270204794,0.325157026155534,0.0186865375584522,0.0000962773627990312,0.55519250372286
"1089","DLL3",0.237643564758671,3.60214515111176e-09,-0.317360911779625,0.00205363015932995,1.95943080417612e-07,-0.555004476538296
"1090","TUBA1C",0.0632782666409955,0.239246396553768,-0.491673686084325,0.000110397601537247,0.0000499972154686405,-0.554951952725321
"1091","SGSM2",-0.0468077903784319,0.22511286272832,0.507878563683879,1.69570347814247e-07,8.51536730203286e-08,0.55468635406231
"1092","KYAT1",-0.245554870507189,2.62468769575444e-09,0.308744185017459,0.00839409901968861,3.16594250103244e-06,0.554299055524647
"1093","RUNDC3A",0.169776363528827,0.00157574136504916,-0.384103448114327,0.0301292193195464,0.00199494801425783,-0.553879811643154
"1094","NTRK3",-0.0678697396851397,0.243893079517914,0.485941539544097,0.000832561319119482,0.000337311199191327,0.553811279229236
"1095","FAM149A",0.19544075208188,0.00193743223111395,0.748238243544958,0.000228508413906614,0.0123326477088907,0.552797491463079
"1096","SERPINB6",0.106599171520794,0.0947452662614569,0.659214569097976,2.90407650845446e-06,0.000522341472274314,0.552615397577182
"1097","SHFL",-0.106927339807739,0.0783876216152018,0.445463371198622,0.00295787356364595,0.00051768557333149,0.552390711006361
"1098","CECR2",0.308435137801887,5.80382990403007e-33,-0.243915246339031,0.0001227086109209,5.25098767290335e-17,-0.552350384140917
"1099","ATP13A1",-0.0718437671520516,0.191993268524232,0.480349426522418,0.00358512113769315,0.00126811824895739,0.55219319367447
"1100","JUP",-0.00565501031428048,0.942921671267728,-0.556095107196569,0.0030621872796802,0.00618077585838086,-0.550440096882289
"1101","TYMS",0.194862010596352,0.00064575042103985,-0.355344122314019,0.0154095048863299,0.000366701406203565,-0.550206132910371
"1102","SLC39A11",0.243312269334029,2.57616500697014e-11,-0.305575611658959,0.00179263544857101,5.19132891763036e-08,-0.548887880992988
"1103","EFNB3",-0.298788438447374,7.46792005167729e-13,0.249699390606714,0.0449349944434792,7.85020755344141e-06,0.548487829054088
"1104","KLHL36",-0.0420481931580435,0.316305126378351,0.506249984244729,6.48797962843063e-06,3.78439645816749e-06,0.548298177402772
"1105","KRBA1",0.0589441367492345,0.441057834720924,0.60652333101306,0.00308757905015561,0.0119681265308741,0.547579194263826
"1106","FOXP4",-0.164206670328144,0.00940236328983506,-0.71172132270147,0.000252633279527756,0.00910498530059552,-0.547514652373326
"1107","C9orf40",-0.255091120570398,1.57810034733844e-11,0.291574382296147,0.0214843843332392,0.0000115152062220396,0.546665502866545
"1108","PKNOX2",-0.258295331880355,1.55894059585381e-08,0.288183033990478,0.0340067133660419,0.0000553353225158398,0.546478365870834
"1109","SLC3A2",-0.0643757863605449,0.0936111456226115,0.480675069881055,7.75201902265837e-08,1.98019366596814e-08,0.5450508562416
"1110","CDC25A",-0.302668788790647,4.42208320041395e-07,-0.847719176152474,3.38656930034647e-09,0.000530433456482424,-0.545050387361827
"1111","SLC41A1",-0.201335149601253,1.42170953128435e-06,0.343600025087183,0.00303165848127697,4.80895859077395e-06,0.544935174688437
"1112","RPL17",0.326949780420847,2.81748072362345e-23,-0.216846417270525,0.00876728588839605,9.80768996726769e-11,-0.543796197691372
"1113","FAM181B",0.0695213729902277,0.331705254978247,0.612864931097163,0.000123171693443355,0.00223766377695269,0.543343558106935
"1114","PTPRD",-0.196571762526291,0.000231576504769809,-0.739662576451008,2.47752137511568e-09,0.000117353021143304,-0.543090813924716
"1115","SMG8",0.151706474844722,0.00253031870452635,-0.391222251402753,0.00390900727843354,0.000129217351900608,-0.542928726247475
"1116","ACADSB",-0.101599782831289,0.00942628877568203,0.441183278804863,0.0000180496383518292,6.21911615805223e-07,0.542783061636152
"1117","GAL3ST3",-0.0677591160131692,0.272017346413608,0.474796190906461,0.00910093702457655,0.00415402076049883,0.54255530691963
"1118","PLIN2",-0.137738548832242,0.00284195857911037,0.404479465726272,0.00133485146497144,0.000037679694155264,0.542218014558514
"1119","PROSER3",-0.101567599285311,0.0764085834664212,0.440206434014147,0.00634636430868654,0.00122658618247196,0.541774033299458
"1120","ALG3",-0.112901148031528,0.0205484065775615,0.4283215781412,0.00496771765884719,0.000547757745767272,0.541222726172728
"1121","IQGAP2",0.116187020554567,0.0128364015937078,0.657250076119942,3.44753518343275e-10,2.92591438434264e-06,0.541063055565375
"1122","SCARA3",0.155935849753126,0.00243047779347538,0.696778228847433,5.34035917710087e-10,0.0000233256803324389,0.540842379094308
"1123","TMEFF1",-0.065039824865484,0.0216503158318505,-0.605505613813363,7.62368357934115e-22,5.35957272225381e-15,-0.540465788947879
"1124","PLTP",0.299740114835088,5.00442802511448e-07,0.838980525724046,4.97191448768322e-08,0.00168370545417668,0.539240410888958
"1125","RXYLT1",-0.333195119350715,1.07716240391984e-22,0.205775493766893,0.0322652687480702,1.21297939243888e-08,0.538970613117608
"1126","KIAA0513",-0.16702248742978,0.00161532751655934,0.371669333523132,0.0382496133403417,0.00313364747569329,0.538691820952912
"1127","MCM8",-0.393043967445426,1.67426898523565e-11,-0.931264353778386,1.37229840220309e-11,0.00065738575577784,-0.53822038633296
"1128","DYNLT3",-0.00193941641313349,0.979714293565902,0.536272683013247,0.00399921570913857,0.00675120131739086,0.538212099426381
"1129","DOK1",-0.140575261801514,0.0355037849069271,0.397271329275439,0.0205044836759273,0.00283760045098135,0.537846591076953
"1130","GYS1",-0.164054830503167,0.000359439116975351,0.373779430879954,0.00389142866236466,0.0000632072928232004,0.537834261383121
"1131","CBFA2T3",0.0734845862228653,0.245209849242918,-0.464147082938538,0.0260153512610233,0.00969353313703063,-0.537631669161403
"1132","ENTPD6",-0.0421777750699341,0.400150166933216,0.494837440397399,0.000987242921742117,0.000619880165747386,0.537015215467333
"1133","EFCAB10",-0.121382819544993,0.0327982391172171,-0.657184411597245,0.000277892830662388,0.00594947898197826,-0.535801592052253
"1134","LIMD2",0.0434369365364175,0.408622436179535,-0.492135444901451,0.000504025542317157,0.000351878525296605,-0.535572381437869
"1135","NPEPL1",-0.140987805047739,0.00674906594133559,0.393539268697364,0.00245916237621124,0.000103026743504276,0.534527073745103
"1136","ENSG00000286185",-0.118497833033491,0.171480805860223,0.415589114532081,0.0277988266768614,0.0106554197135107,0.534086947565572
"1137","FCGRT",0.194924675466355,0.00317484340861773,0.728909093827251,2.95234183109199e-06,0.0018710132545845,0.533984418360896
"1138","GADD45G",0.159395791972299,0.00202352118802435,-0.373760848473194,0.0038867078010753,0.0000991882054407738,-0.533156640445493
"1139","MN1",0.0946295323969691,0.03813761304719,-0.43801134497713,0.0000599753607171312,6.71149623364553e-06,-0.5326408773741
"1140","HES5",0.11390117215437,0.119798870069903,-0.418347760522793,0.0149028471029263,0.00372094601459433,-0.532248932677163
"1141","GSTM4",-0.199981302412316,0.00253388711519563,0.33199934134695,0.0404559805945345,0.00153224531451614,0.531980643759266
"1142","LITAF",0.210300012794922,3.667521071287e-07,0.742112769449982,3.843887181729e-13,2.280069411569e-06,0.531812756655059
"1143","ESRRG",-0.291016663912666,0.00045444060776256,-0.822784890618179,0.0000365861959047872,0.0262594220284311,-0.531768226705513
"1144","PML",-0.0425686731239649,0.400036322294138,-0.574126168183563,6.88424454507606e-06,0.00011638006832423,-0.531557495059598
"1145","UACA",-0.0691066498182284,0.27108445339324,0.462219213015985,0.00205384717001584,0.000986981101276809,0.531325862834213
"1146","FABP7",0.498993338043367,5.49010486060565e-41,1.02997973491625,1.90970342863414e-33,4.94126795003143e-08,0.530986396872886
"1147","MAN2B1",-0.0639156610972039,0.115683339983164,0.466954200420193,0.0000354669076234351,7.910003398476e-06,0.530869861517397
"1148","SH3BP4",0.0702722058140565,0.25407654811618,-0.459215240970971,0.000870565844983723,0.000443490440522708,-0.529487446785028
"1149","PPM1K",-0.226628698505472,9.77275025538762e-15,0.302528223440855,0.000274982718223109,5.46043253276882e-10,0.529156921946327
"1150","PCDHA9",0.0403440722903662,0.467267358482499,-0.488683010631542,0.0000227223973009308,0.000032762618804219,-0.529027082921908
"1151","PRAG1",0.252711606162083,6.54607082348524e-13,-0.275742191722226,0.00231152282802151,1.53240806388218e-08,-0.52845379788431
"1152","LHPP",-0.146932524810068,0.000102536811316982,0.380164810256571,0.0000854479275326346,2.13020236265622e-07,0.527097335066639
"1153","STPG2",-0.00732228366807836,0.9292988213589,-0.534396309734761,0.00854938467154334,0.0169160749789936,-0.527074026066683
"1154","SNX21",-0.0894338267225341,0.123727848553327,0.437423728077766,0.00461423627227333,0.00118456040602838,0.5268575548003
"1155","GAS2L3",-0.167465647363266,0.0362972263731452,-0.694078770982854,0.0000454143918301898,0.00750386453875039,-0.526613123619588
"1156","TCTN1",-0.175862769095365,2.21864520716729e-06,0.350412179059274,0.000254005570062177,1.50365552222544e-07,0.526274948154639
"1157","TESK2",-0.11770495220425,0.153832653626022,-0.643832240066046,0.0018475534414023,0.0219738952530124,-0.526127287861797
"1158","STMN1",0.0471802157167643,0.149082048375843,-0.478740389976106,1.70676141238121e-11,1.62670834611324e-11,-0.52592060569287
"1159","AMOT",-0.0110149310840684,0.81740328272378,0.51452352255649,2.1550300874279e-06,6.95930507574759e-06,0.525538453640559
"1160","CDH24",-0.0890320445626281,0.190012369814365,-0.614345062879929,0.00102845113220163,0.0100633285665147,-0.525313018317301
"1161","RBM14-RBM4",-0.223417841204399,0.0000128949589513109,0.301765384267858,0.0310898534783364,0.000233751412487897,0.525183225472256
"1162","SHROOM4",0.204151198561544,0.0246794428474103,0.728840514625094,0.00486299632603108,0.0227616531191368,0.524689316063549
"1163","NIPSNAP3A",-0.114452058936416,0.00281721615626495,0.410128941650129,0.000098948177878353,1.99830295062376e-06,0.524581000586545
"1164","KIF16B",0.00345850438549171,0.949876966526409,0.526828806248322,0.000317190764562384,0.000723406678279138,0.52337030186283
"1165","PIEZO2",-0.310799040369289,0.000941645909478435,-0.834014716764615,0.00150142994085297,0.0127322522037074,-0.523215676395327
"1166","DNAAF4",-0.218930274162857,5.2147562938549e-08,0.304210512560684,0.00435041438171205,2.17328124597426e-06,0.523140786723541
"1167","BCL6",-0.149425876450281,0.0224382796445904,0.373688876652127,0.0293455627007784,0.0035493979720937,0.523114753102408
"1168","PBX3",-0.341303742900806,5.40825378982307e-07,-0.864146342817546,4.28773963871077e-08,0.00431165168221154,-0.52284259991674
"1169","PCGF5",-0.0676613025123934,0.122639862579332,0.454822677615547,1.30375068283569e-06,4.14909056431414e-07,0.522483980127941
"1170","TRIM25",-0.195690301815061,0.0000475998539722893,0.326608679166553,0.00955848009249816,0.0000639920582296918,0.522298980981614
"1171","PEX7",-0.0455000258343482,0.282099731392696,0.475899312393277,4.70580018089887e-06,2.81076406453584e-06,0.521399338227626
"1172","GLRB",-0.370455159798503,1.84540420511701e-11,-0.891189077189299,7.6804364081193e-08,0.00599987319761053,-0.520733917390796
"1173","LAMP5",0.266146996892784,0.0002901362508339,0.78651644459589,1.60614206992797e-06,0.00573953229299647,0.520369447703106
"1174","ARMH1",-0.00565262707452956,0.922631700954526,0.513967335951226,0.0000893195948021566,0.000221298185169404,0.519619963025755
"1175","CPNE5",-0.0194998835642744,0.824220478748118,0.499554818974294,0.0202677453337603,0.0213544058098994,0.519054702538568
"1176","AKAP1",-0.190559042558918,1.85321065356273e-06,0.328342828086278,0.00794631661395722,0.0000369485255229045,0.518901870645196
"1177","KCTD8",0.0452891817990215,0.574715224314729,0.563620887214112,0.00169072924936817,0.00924912393664764,0.518331705415091
"1178","C19orf18",0.0281527948320139,0.672855829061827,0.546260571578599,0.00121394913462026,0.00421813752070554,0.518107776746585
"1179","NEXN",-0.0967176496495691,0.0440464604261492,0.421255345045568,0.000310621264624349,0.0000295797492253668,0.517972994695137
"1180","HPS1",0.026440354297942,0.631757777879819,0.54437325500361,0.000192210137009509,0.000874834179159561,0.517932900705668
"1181","GORASP1",-0.0966032256093338,0.0445557406901374,0.421283256153452,0.00299036964777351,0.000434709696631229,0.517886481762786
"1182","MAN1C1",0.140568988184006,0.0268155865141599,0.658183566811186,2.34653160000193e-06,0.00112648693586297,0.51761457862718
"1183","MIX23",-0.0793991341143847,0.045475766361891,-0.596830835595951,5.22356044132712e-11,2.72161217811363e-07,-0.517431701481567
"1184","IGFBP4",-0.0165049155784318,0.812933216847808,0.500060834185116,0.000654060890307973,0.00142541549341018,0.516565749763548
"1185","PEA15",0.24260777998142,9.52981750740149e-16,0.758978959448937,5.51883811260397e-27,5.094640837944e-11,0.516371179467516
"1186","RPL36A",0.145639164664123,5.03041362694526e-18,-0.369278953113734,4.72403354573228e-21,9.45504542988423e-34,-0.514918117777857
"1187","RPL37",0.24499300118557,2.31942955637419e-68,-0.269850979754778,3.29247544521722e-16,9.12021517500846e-48,-0.514843980940348
"1188","CDCA7L",0.0621850284969215,0.214840214424296,-0.451455715877905,0.0000169921554164742,0.0000132236082806929,-0.513640744374827
"1189","GMNN",-0.247291192062529,7.79780838285229e-10,-0.760527101347644,3.54016188751813e-15,2.78693469464385e-06,-0.513235909285114
"1190","AGRN",-0.0266474816487619,0.57126545212548,0.485704509232356,0.000202910774224055,0.000192879032647349,0.512351990881118
"1191","MARS1",-0.248547981330984,1.1250462532522e-16,0.263556510209383,0.00258950106015614,6.56155407030517e-09,0.512104491540367
"1192","ARHGAP26",-0.140271921190966,0.027800187928934,0.371651413108163,0.0186139994771512,0.00235097507544684,0.511923334299129
"1193","EPHA4",-0.0347100435369032,0.468961169899175,-0.545101302058367,1.30079006214813e-07,8.51956545393682e-06,-0.510391258521464
"1194","RNF122",0.0104914051850477,0.841671948481115,-0.499310040487755,0.0000199353063839946,0.0000536376397720748,-0.509801445672803
"1195","MAML3",-0.159144496564285,0.0000184829047400145,-0.668900600430976,3.98239500015234e-15,9.35792136515093e-08,-0.509756103866691
"1196","PARD6B",-0.248321851884898,4.6178141119749e-09,0.261254393154872,0.025221689750335,0.0000163752047495124,0.50957624503977
"1197","REXO2",0.0955517149461482,0.0463521701381044,0.604883933029878,2.41729807761657e-08,0.0000268736484524159,0.50933221808373
"1198","TMEM121",-0.197067976954142,1.40501713611529e-06,0.311466355944281,0.0165392269231386,0.0000994417943677362,0.508534332898423
"1199","MED9",-0.0439894138563935,0.292199687788107,-0.551602532927849,1.14505735183058e-09,3.83045652194565e-07,-0.507613119071456
"1200","CHCHD2",-0.154578990035083,1.63086758265371e-13,0.352628861702656,4.3195663887302e-13,4.57452682978608e-22,0.50720785173774
"1201","ENSG00000279281",0.130145931814082,0.03525416090884,-0.37687919458976,0.00626112316988054,0.000677323549369662,-0.507025126403842
"1202","NCOA7",-0.250230246773659,3.26064932281351e-13,0.256761236788836,0.0085853051274135,2.99445162457804e-07,0.506991483562496
"1203","SIRT5",-0.214460262379033,1.2917419126778e-08,0.292506067972289,0.00760633890449795,5.56145694177833e-06,0.506966330351323
"1204","SCRIB",-0.0832255582791194,0.0513228452211551,0.423669004556032,0.0000885573305093428,0.0000105663913040696,0.506894562835151
"1205","PPP1R14C",0.287264594634505,0.00466664157645162,0.794052671243329,0.0119592882586467,0.010779188437858,0.506788076608824
"1206","KIRREL1",0.0213340013272645,0.653142375923802,-0.484949628208379,0.0000497014858867467,0.0000845485986744296,-0.506283629535643
"1207","PSTPIP2",-0.0696407174549042,0.218065780563022,0.436035568646525,0.0136968046276004,0.00554644378443531,0.505676286101429
"1208","HMGB2",-0.462612732622873,6.32997773949032e-22,-0.967889735050632,1.55729380658303e-18,0.000074884519566687,-0.505277002427759
"1209","RNFT1",0.0000602133137246755,0.999105438549784,0.504045313469755,4.861715954486e-07,3.45332109082926e-06,0.50398510015603
"1210","LRCH1",0.00414256203506439,0.92626441602728,-0.499817416248772,5.01919001202306e-08,6.40440851655551e-07,-0.503959978283837
"1211","PAQR6",0.0460917249511183,0.544733723570807,0.550048044085203,0.00202287421002105,0.00857283441761498,0.503956319134085
"1212","TLE4",-0.0294383698250473,0.598344773918697,-0.532772087174594,0.0000204987392588222,0.000276441011828509,-0.503333717349546
"1213","OSBPL3",0.229616957959687,0.00135418899672154,0.73273620426129,0.0000116487501916127,0.0089023101940161,0.503119246301603
"1214","DENND3",-0.445123746334525,5.21778888215893e-10,-0.947834485533712,5.35517484166549e-06,0.0128808338527791,-0.502710739199187
"1215","AIG1",-0.20602154303827,4.18654334823158e-12,0.29648222841511,0.000101310954209141,2.2892643429069e-10,0.50250377145338
"1216","POU2F2",-0.419916963042103,2.08755213805582e-09,-0.922339588187149,3.75138671327685e-07,0.0172480945904033,-0.502422625145046
"1217","SEMA6B",-0.0988094717956698,0.108942363091899,-0.598680526964958,0.00812479548518281,0.0319248940691816,-0.499871055169288
"1218","CHD3",0.208999561321308,0.000199927644341387,-0.290796363717388,0.0440853173729938,0.000860275570378012,-0.499795925038696
"1219","ENGASE",-0.140243651653593,0.0474695440294949,0.359097792370159,0.0487020014221785,0.00893152780951166,0.499341444023753
"1220","GAA",0.0434299320618623,0.477588858286409,0.542764823267949,0.000718643880620203,0.00382790818937055,0.499334891206087
"1221","ITGA6",0.0550338167532263,0.276588872401902,0.554153640018681,1.30596590745659e-07,0.0000317167037471244,0.499119823265455
"1222","TGFB1",-0.289290989809914,1.64341543430234e-13,0.209675411183336,0.0433116744842149,1.63721983657693e-06,0.49896640099325
"1223","ZBTB2",0.00471476004262943,0.92626441602728,-0.494045909336758,5.8146531400788e-06,0.0000271956709372384,-0.498760669379387
"1224","LRATD1",-0.0333030718553841,0.697637525600165,0.465218961976749,0.0212853939861995,0.0205269339977791,0.498522033832133
"1225","ZFYVE19",-0.0554195825404642,0.356050404614863,0.442468674605825,0.00926479453729536,0.00516342598008783,0.497888257146289
"1226","LRRD1",-0.282535821615563,0.0000346328171395079,-0.779727732899004,0.000515272333974558,0.0140513228223336,-0.497191911283441
"1227","PTPRG",-0.256556351352221,9.90597939530225e-13,0.240596367232892,0.00834247729398114,1.20817634914661e-07,0.497152718585114
"1228","SLC40A1",-0.0605491030712078,0.502194760816531,0.43618978503593,0.0319763009681541,0.025459714972256,0.496738888107138
"1229","RNF157",-0.212859834466024,1.01294690514416e-14,0.283724061276954,0.0000841825836464924,3.40281181767631e-11,0.496583895742978
"1230","NOL6",0.0241447442756497,0.772383861255825,0.520480156496631,0.0150866203103308,0.0272897888793002,0.496335412220981
"1231","PROS1",0.188907873539677,0.000666347272720205,0.685139790556328,1.11207592995994e-07,0.000642432841934394,0.496231917016651
"1232","RRAS2",-0.170256086023822,5.67877172831829e-06,0.325969723002206,0.003650846848106,0.0000168262901381119,0.496225809026028
"1233","LARP6",0.0155694718699539,0.695379546004557,0.511551711969723,8.73088902436185e-08,1.41910360472316e-06,0.49598224009977
"1234","PTGFRN",-0.0489623326017194,0.217818797644374,0.446765088531132,4.76848423003832e-06,2.00624219047842e-06,0.495727421132851
"1235","ENDOV",-0.281769034962182,2.38660588977877e-16,0.213826144041084,0.0273599964617097,2.66007644896373e-07,0.495595179003266
"1236","RHPN2",0.0415607399453686,0.514177151343528,0.536482687452993,0.0000634679775388658,0.000867625002368197,0.494921947507625
"1237","SFRP4",0.09001919240101,0.193356542864557,0.584308958103855,0.000431662325153987,0.00754753208631569,0.494289765702845
"1238","TFPT",-0.0603644285834951,0.265063647129215,0.433669286475418,0.00130088094367348,0.000593572461033754,0.494033715058913
"1239","BCAP29",-0.0154217663549819,0.651570504550162,0.478293432204546,9.51865581339324e-11,8.49514020369098e-10,0.493715198559528
"1240","MCAM",0.0146361632253901,0.883052132993034,0.508311354248538,0.0298175250014183,0.0320492671330773,0.493675191023147
"1241","RRAGD",-0.0414330304754684,0.3820222401669,0.452057623370284,0.0000374246023219872,0.0000355442527294117,0.493490653845752
"1242","SELENOP",0.0232668014859409,0.754076104238308,0.516261797045133,0.00107840033784874,0.00540111367357962,0.492994995559192
"1243","ATP8A2",-0.259619845047472,0.00039659129684948,-0.75177059595087,0.00031935297029457,0.0283704608431227,-0.492150750903398
"1244","CTNNA2",-0.0245942820803198,0.462027243478054,0.465918113119469,3.46046694451554e-11,2.25372858359842e-10,0.490512395199789
"1245","ANKDD1A",-0.196453096327145,0.0000137067223900225,0.293975053542071,0.00800103783766099,0.0000245594340951917,0.490428149869216
"1246","EMP3",0.384852458091121,5.64897840641592e-12,0.874938145181527,9.63986946304864e-12,0.000923384426730188,0.490085687090406
"1247","MYH14",0.124618058964639,0.0464635103163069,0.614544513730202,0.000049520091538971,0.00374594303379248,0.489926454765563
"1248","C3orf70",-0.231843506119198,4.14332773659937e-06,0.257576930829771,0.0367438307194899,0.000143089258533272,0.489420436948969
"1249","SBDS",-0.0502379808851418,0.104255793466964,0.438800735740569,5.15670229224261e-10,1.65060536884458e-10,0.489038716625711
"1250","GCNT7",0.0883998955798144,0.269036013992252,-0.400531844915951,0.0497591886870416,0.0244816795407471,-0.488931740495766
"1251","TMEM140",-0.054504354647697,0.422727804781618,0.434012436916635,0.0344377894728589,0.0217325493453521,0.488516791564332
"1252","THNSL1",-0.0815253100045887,0.0856195259651755,0.40663724249803,0.00522979762278188,0.00122543951093553,0.488162552502619
"1253","SYCP3",-0.0854925349406525,0.177883918681121,0.402344163041158,0.0105241985672067,0.00354241672196201,0.48783669798181
"1254","HNRNPA1",0.159278332834124,2.69649971162672e-29,-0.328488886746501,6.72447664642022e-24,2.19063174724239e-43,-0.487767219580624
"1255","ACAD8",0.0461506597283203,0.244266513155057,0.532875245845177,8.12330688855165e-08,5.67386332888916e-06,0.486724586116856
"1256","DBNDD2",-0.07853130291414,0.0357433767768899,0.40813789806831,6.20109526172797e-06,5.29741600852937e-07,0.48666920098245
"1257","MICAL3",-0.306406279125542,7.39786702205118e-34,0.180136923573808,0.00690431757734058,3.15407022496707e-13,0.48654320269935
"1258","RPL39",0.212540041608199,2.02193963599025e-44,-0.27361179890838,1.15356633773366e-14,3.03156663400115e-37,-0.486151840516579
"1259","TMPRSS5",-0.102192003491014,0.144844988482353,0.383885016595432,0.0154936396874247,0.00516985044469966,0.486077020086446
"1260","CCDC175",0.138712098030462,0.0714891672226659,0.624374068098451,0.00133649240075257,0.0224515678807661,0.485661970067989
"1261","ENSG00000278905",0.000668559506877719,0.991737760567849,0.485976559473387,0.00274942633710524,0.00477332393149035,0.485307999966509
"1262","GRAMD4",-0.141513432778475,0.000180109016130727,0.343309588036944,0.000194136895093503,7.51098071260629e-07,0.484823020815419
"1263","CPEB4",-0.02514148379669,0.422685136054887,0.459495557018022,5.4761181423267e-12,3.64839936145658e-11,0.484637040814712
"1264","DDAH1",0.112814466569704,0.0603163085351909,0.596830267233822,0.0000141665582674803,0.00166155822164437,0.484015800664118
"1265","SLC16A10",-0.233061378435339,0.00104873024590931,-0.716925488238947,0.00152324983165154,0.0378235181854348,-0.483864109803608
"1266","ZNF813",0.0567673313569555,0.347658076077109,-0.42705492571276,0.00388389385504791,0.00228888310004937,-0.483822257069716
"1267","NR2F6",-0.154082783351906,0.0000231604083712547,0.329469890023188,0.00144507448671206,5.85792834624292e-06,0.483552673375094
"1268","NAMPT",-0.157778897470952,2.36159606421955e-06,0.325701829866803,0.0000701621261873367,2.47481443221773e-08,0.483480727337755
"1269","PCBP3",-0.244908151949401,0.0000282585385884914,-0.728112950067531,1.64381303235518e-06,0.00425320360308934,-0.483204798118131
"1270","BCL11B",0.0722114889371876,0.364061222184117,-0.41088702163219,0.0273376246946605,0.0164558670090812,-0.483098510569377
"1271","FUOM",0.491667491070321,2.56386516999959e-07,0.974403074957817,0.000124566816223394,0.00723715522639206,0.482735583887496
"1272","INPP4B",0.0787631967128276,0.343071072523228,0.561418417906151,0.00392030759311694,0.0268301624755682,0.482655221193323
"1273","NFYA",0.0576705605483458,0.190609598411644,-0.424918021265063,0.000104534429306798,0.0000390940083650654,-0.482588581813409
"1274","COQ10B",0.00175325654464169,0.967765685061731,0.484335832501798,1.29619382369407e-07,1.28457648589971e-06,0.482582575957156
"1275","CPNE4",0.100097252704047,0.200764089715758,0.582124369528205,0.00107840033784874,0.0166321461365668,0.482027116824159
"1276","KCNH2",-0.115774296132997,0.0697491363170074,-0.597384836224702,0.00702303094115301,0.0339793621508373,-0.481610540091705
"1277","CHST14",-0.0385066132099554,0.689920975168932,0.44303626655076,0.0348536108176844,0.0391601011592893,0.481542879760716
"1278","ACTG1",0.339037907478634,4.92564948294732e-88,-0.142331210797835,0.000759164635363944,3.22563531436651e-29,-0.481369118276469
"1279","RPL39L",0.135639771749738,0.0016761349430456,-0.345456706185631,0.0076061828598251,0.000315220024066396,-0.481096477935369
"1280","ETFRF1",-0.0148952857952274,0.694854087790212,0.465926613927586,6.75300403608372e-08,2.1419736115032e-07,0.480821899722814
"1281","APLF",-0.155658925482573,0.00223609651953442,0.325112247296377,0.0261989038216668,0.00134237306110939,0.48077117277895
"1282","SLC35E1",-0.179054793408027,8.71774265013009e-07,0.301572584876331,0.00192401547655777,1.90938604191169e-06,0.480627378284357
"1283","ACTN2",-0.0402748550304366,0.616155100003748,0.440222396994551,0.00886611121779661,0.00937845101456873,0.480497252024987
"1284","DGCR6",0.113552324301695,0.201824023981584,0.59384104764615,0.0137768562306212,0.00755460118139041,0.480288723344455
"1285","PTPRF",-0.213461323951916,2.68207435589632e-12,0.266280242818351,0.00263287825363926,8.56841101564742e-08,0.479741566770267
"1286","ZKSCAN2",-0.0787178688701127,0.120599386241949,-0.558388018613084,0.0000277883612235144,0.000946221518372958,-0.479670149742971
"1287","FABP5",0.359158185568916,3.21604215255632e-13,0.838759002906218,4.3338622443754e-12,0.000533264713557075,0.479600817337302
"1288","ASAH1",-0.0253074341502862,0.500639107007515,0.454185980579587,2.87057491360047e-07,5.66227774104932e-07,0.479493414729873
"1289","SCARB1",-0.0745095204026212,0.144371231771406,0.404632785630902,0.00136046773193793,0.000391119362648934,0.479142306033524
"1290","CHMP2B",-0.180076002555708,1.03496410892444e-08,0.298861399548896,0.000192206332025539,1.18766917784619e-08,0.478937402104603
"1291","PGAP1",0.217821374741172,3.68752662299727e-10,-0.260340649570815,0.00266328742571354,1.27220211402829e-07,-0.478162024311987
"1292","ERF",-0.0960907297415613,0.109500472056053,0.381510636288826,0.00762520211237808,0.00166772855626839,0.477601366030387
"1293","FLCN",-0.11260566101566,0.00335462214359012,0.364994505621334,0.000932014979027591,0.0000312950640722141,0.477600166636993
"1294","PRICKLE2",0.0253494486190652,0.76844318754054,0.502555719108978,0.00634071329694403,0.0220718691645902,0.477206270489913
"1295","CBR1",0.193195209453558,5.75354859222469e-06,0.669805295706831,1.56653508673984e-10,0.0000404988461710708,0.476610086253273
"1296","CNIH3",-0.135537113146607,0.00135631502975679,0.340493341646885,0.000581967743516136,7.06963464872678e-06,0.476030454793492
"1297","TLN2",-0.160472089342967,0.000026809318460105,0.315487678755027,0.000974184854248051,2.54179370337491e-06,0.475959768097994
"1298","TMEM17",-0.0132042135741292,0.846713296788159,0.462098074958432,0.00973538297455863,0.0123270289187034,0.475302288532561
"1299","METTL7A",0.0747391293477408,0.190372179672124,0.549943688504077,7.76319327312995e-06,0.000563838173301897,0.475204559156337
"1300","MCM7",-0.133201145830182,0.000590710885614638,-0.608385794078911,9.12729769095326e-11,4.97497412597973e-06,-0.475184648248729
"1301","APBA1",-0.272113159998376,1.81585957562684e-13,0.202819698037664,0.0270030121260413,4.23611232551837e-07,0.47493285803604
"1302","MEX3A",0.0706730394069546,0.0056867962844867,-0.40345576917028,3.91193640326427e-12,5.53199145475492e-14,-0.474128808577235
"1303","ZWINT",-0.445034016960786,3.19550505895427e-10,-0.918039944570869,3.61725126699927e-08,0.0115509406257457,-0.473005927610083
"1304","PPP2R1B",0.185864704257656,7.00733070061569e-08,-0.286544626246044,0.00102261996692227,2.3374698417166e-07,-0.4724093305037
"1305","PRKX",0.175376446817309,2.32194769512605e-07,-0.296848304314151,0.000285915176404354,4.7873444769418e-08,-0.472224751131461
"1306","TMEM9B",0.037142220385969,0.349903241034415,0.509268147131391,8.7946047826812e-09,1.335902438581e-06,0.472125926745422
"1307","TECR",-0.0750858458120768,0.0105127180528651,0.396792434703788,6.05925265578453e-07,1.92067485799199e-08,0.471878280515865
"1308","PPP2R3B",-0.216612645107771,8.14233631123091e-09,0.254837791793644,0.0316522031151373,0.0000650408768707696,0.471450436901414
"1309","SOX4",0.021233014921682,0.5173101488154,-0.450113346988061,4.43760292422702e-11,3.77889882648258e-10,-0.471346361909743
"1310","BCL11A",-0.106503015177423,0.0943140788662505,-0.577741931316568,0.0000881978049765776,0.00438739798068224,-0.471238916139145
"1311","RIDA",0.000665503531527344,0.987880025131887,0.471049341710074,6.29316927835139e-07,4.6888910480288e-06,0.470383838178547
"1312","XPO5",-0.234558669588651,3.98093887556143e-17,0.235800085029281,0.00163185302175845,7.32656649479682e-10,0.470358754617933
"1313","GPAM",-0.0177087610626717,0.681499776194949,0.452278825836859,1.38142152151839e-06,3.77305537204498e-06,0.469987586899531
"1314","HEATR3",-0.23846196436589,1.09562813939641e-08,0.231303463194276,0.0486203983156292,0.0000669259336687963,0.469765427560165
"1315","PEDS1",-0.106756934369818,0.0281852532756081,0.362971797825368,0.00825252859103721,0.00101959623697319,0.469728732195185
"1316","ARNTL",0.230541630114831,2.49916327487192e-06,0.699653046588566,1.24451287068715e-09,0.000296465669994724,0.469111416473735
"1317","ANKRD42",-0.186087687108043,0.000116045341816649,0.282793047062956,0.0347884006060424,0.000587119753497983,0.468880734171
"1318","MOK",-0.136882715844734,0.00101304058694665,0.331420088118366,0.00189568350569672,0.0000324049132085617,0.4683028039631
"1319","LRRC51",-0.0597183125162377,0.375364325934624,0.407827655252301,0.013265388282875,0.00807633490186907,0.467545967768538
"1320","TUBG2",-0.16818632131693,0.0000697336171727825,0.299334760565453,0.0122519707331761,0.000136780379365883,0.467521081882383
"1321","NPAS3",-0.0619054112714242,0.150034347471305,0.405205801651374,0.0000278001300245763,9.87701968279809e-06,0.467111212922798
"1322","SLC25A6",0.312485591727638,5.9054248717208e-74,-0.154415940834131,0.000358749635685154,4.20449625006052e-26,-0.466901532561769
"1323","SORBS3",-0.107535938020428,0.0217619511819865,0.357519854515966,0.00220083001222015,0.000193754246099204,0.465055792536394
"1324","RHBDL2",-0.0771711597123696,0.0906143710270352,0.387815254376829,0.00136322513285695,0.000287642118802519,0.464986414089199
"1325","NCKAP5",0.0638540927590909,0.2582600414061,0.52871598445219,0.0000491534932182918,0.00125910307499804,0.464861891693099
"1326","ENKUR",0.0966139800951843,0.108362465408111,0.561044893590742,0.0000877866193694558,0.00299779399646951,0.464430913495558
"1327","CHRNB1",-0.17878079528361,0.0000748187842309985,0.285643729668691,0.0313795044345169,0.000569190409830301,0.464424524952301
"1328","ATP6AP2",0.0012907351000759,0.964470781559207,0.465378433429448,7.2897255450158e-16,1.93301576374883e-13,0.464087698329372
"1329","PNMA8A",-0.190565789583421,0.0000110750962928252,0.273431128221797,0.038968312631,0.000494570104029676,0.463996917805218
"1330","TRPC3",-0.245729366028796,0.00552436011181685,-0.709617750921878,0.00728686966487595,0.0192629409266063,-0.463888384893081
"1331","EMC9",-0.120977955848336,0.00345747460836924,0.342597848602538,0.00227876718863442,0.0000770168660180108,0.463575804450874
"1332","MEGF8",-0.229110876909091,3.91976204176146e-11,0.234315436898737,0.0156373608368842,2.10757035460472e-06,0.463426313807828
"1333","VEPH1",0.0254691735475668,0.678697877216488,0.488375954976863,0.000196411713151733,0.00123372578953539,0.462906781429296
"1334","TRAF4",0.1384056754325,2.10461674896148e-06,-0.324261122757184,0.0000613645255302904,4.63584724891135e-08,-0.462666798189684
"1335","ADAL",-0.169468926301497,6.75911498467811e-06,0.29315607000163,0.00411470077174344,0.0000122366669858052,0.462624996303127
"1336","EFHD2",0.0808395187849944,0.145688238876556,0.543414027752953,0.0000100400634816012,0.000637246194683354,0.462574508967958
"1337","DUSP1",-0.0292006117624411,0.474575953356983,-0.49174862073186,5.47263057325316e-07,0.0000154071161316675,-0.462548008969419
"1338","SPC24",-0.273616322863482,7.47287784598279e-06,-0.736147554420555,8.92565971986654e-07,0.00446123489429594,-0.462531231557072
"1339","CDO1",-0.0259432153629914,0.479148902475211,0.435451759093028,7.58547402112521e-08,1.62139347796946e-07,0.461394974456019
"1340","ACP6",-0.0665954833312104,0.15450977489482,0.394764408259447,0.000317190764562384,0.0000994718003139421,0.461359891590658
"1341","SRFBP1",-0.267161601597652,5.14953525155629e-23,0.193527713405691,0.00477027794899615,4.16553827821797e-11,0.460689315003343
"1342","TMEM38A",-0.173752867203022,0.0000319985679650808,0.286530728495971,0.0172387833511116,0.000181949348366245,0.460283595698992
"1343","SAAL1",-0.0425838634009353,0.202755396727212,-0.502511968923094,5.70406370308487e-10,1.84455035784437e-07,-0.459928105522158
"1344","TXNIP",-0.0697765303077047,0.0178921863498373,0.389966376760018,6.27493682905691e-09,3.22005831894095e-10,0.459742907067722
"1345","ECE1",-0.202729677607853,0.000196090379469044,0.256948570527681,0.0435022306950702,0.000611495275237401,0.459678248135533
"1346","PDE4B",-0.0532550490820439,0.199181219757584,0.406298450021962,0.0000185851308809241,8.01839013302457e-06,0.459553499104006
"1347","ZNF660",-0.0595114716681647,0.0953603154894689,-0.517423231081652,8.68365324192545e-11,2.1907859257833e-07,-0.457911759413487
"1348","P4HTM",0.0602722866307647,0.104614166041118,0.518155125110932,1.33143978606111e-07,0.0000165442003992409,0.457882838480167
"1349","ZFAT",-0.141377098758153,0.00572707125594188,-0.59915893039936,2.7025194554526e-07,0.000501295889907194,-0.457781831641207
"1350","MCM2",-0.346272018678049,7.05633191903385e-10,-0.803214708991064,2.32156421315903e-09,0.0028457414898484,-0.456942690313015
"1351","C8orf82",0.229123531599851,3.56961788605204e-11,-0.227793076491271,0.023802519426498,6.26652440871452e-06,-0.456916608091123
"1352","PYGO2",-0.133165564142787,0.0137463950238835,0.323312622551283,0.0202897577957369,0.00176866465302069,0.456478186694069
"1353","GSN",0.304384051259392,2.89988352880742e-06,0.760839198903908,0.0000107114311002248,0.017542286374083,0.456455147644516
"1354","EPHA7",0.138337962672613,0.0833417267883558,0.594692835247886,0.00363744187150288,0.0473436408173541,0.456354872575273
"1355","SBF1",-0.120865614626644,0.00149548071678925,0.335375723554735,0.00185928623236803,0.0000470292361460395,0.45624133818138
"1356","TUBA8",-0.0985764498275471,0.16678223434279,-0.554292466905156,0.00605506550579196,0.0392227969002736,-0.455716017077609
"1357","CARMIL1",-0.0285479687435307,0.62830442814175,0.427095799712726,0.000822777511527074,0.00124317043010835,0.455643768456257
"1358","CCDC102B",-0.0921352005940186,0.0559914134303372,0.363280334992416,0.00286513006348081,0.000435440699999474,0.455415535586435
"1359","MEIS2",0.0125937308486673,0.828532139577455,-0.442773295639586,0.000249034820442362,0.000664249122852074,-0.455367026488253
"1360","SINHCAF",0.119440717078872,0.0000248138507841524,-0.335621191145519,2.91923702161904e-06,2.02032141403681e-09,-0.455061908224392
"1361","TRPS1",0.000133379870995175,0.997738794038223,0.455116840552232,3.50742232406943e-07,3.93839348010841e-06,0.454983460681237
"1362","ETHE1",0.210964376246441,1.11488536722136e-11,-0.243782992553412,0.00236602650132509,4.1423808706072e-08,-0.454747368799853
"1363","RNF141",-0.0555490325785576,0.106698356213357,0.398952035609452,8.53811303276746e-07,2.04956884199174e-07,0.45450106818801
"1364","ADCY1",-0.0915492710144124,0.0934901178251851,-0.545732506540013,0.0000162191375630241,0.00153984849941232,-0.454183235525601
"1365","SHC2",-0.144427845284101,0.000321610696347292,0.309071416991972,0.00464550209412111,0.0000708301288292268,0.453499262276073
"1366","MAPK8IP1",-0.10844372968234,0.000933163439094396,0.344975554516482,0.000253104536133429,3.78394418921962e-06,0.453419284198822
"1367","PHF1",-0.198226186044328,5.46456396391504e-08,0.254750872582331,0.0235751542159048,0.0000588788432854749,0.452977058626658
"1368","NACC2",0.446869593415196,5.19105115796482e-13,0.899508281086185,1.32111417799669e-11,0.0036913323020155,0.452638687670989
"1369","SLC12A5",-0.0505528166364074,0.415411819397914,-0.503000239740234,0.0116754068987581,0.0342423059508493,-0.452447423103826
"1370","NOP53",0.105259146243759,1.82207263355179e-07,-0.34706532978567,1.33037519943727e-12,7.5671018956844e-18,-0.452324476029429
"1371","QTRT2",-0.215364097080762,1.03569420097533e-06,0.236902449082169,0.0411355771995588,0.000128172830550418,0.452266546162931
"1372","ASPH",-0.207805922384373,1.18909171084257e-27,0.244418774732602,9.7774366347328e-08,1.14545302552932e-20,0.452224697116975
"1373","XPOT",-0.249755255739864,7.95463524101029e-20,0.202417162663911,0.0071432052878538,2.17615774674875e-09,0.452172418403775
"1374","EYS",0.260094214665138,0.000456264213393666,0.71155328508625,0.0000414686796287117,0.024686408140807,0.451459070421112
"1375","ANKRD9",0.114012463231076,0.0265649937237706,0.56542919765689,0.000014103436475719,0.00160182242021088,0.451416734425814
"1376","SETMAR",-0.0622295108864389,0.170954546146194,-0.513632896636837,9.92473637115117e-07,0.000103054755361242,-0.451403385750398
"1377","H2AC20",0.0168603149180664,0.807152429786644,-0.434443497665095,0.00137840523893398,0.00310236072521592,-0.451303812583162
"1378","CDC25B",-0.065902630001838,0.152109201580959,0.384791449973607,0.000458572764746634,0.000136375896652117,0.450694079975445
"1379","ZNF547",-0.0874845226921439,0.111263841220627,0.362927098629676,0.0194417844696119,0.00539039570546082,0.45041162132182
"1380","TAFAZZIN",-0.184685479836923,1.33557988161886e-07,0.265284230344975,0.00980884153827573,0.0000161855817168086,0.449969710181898
"1381","IDS",0.0323027821725073,0.231644843159165,0.482209166813892,3.2300807386499e-15,1.74619827607012e-11,0.449906384641384
"1382","ATRNL1",-0.185173535254611,0.000016655459624688,-0.635038764377369,9.51865581339324e-11,0.0000514622298189756,-0.449865229122758
"1383","PAX6",0.0444642682133188,0.412804110564614,0.494261620858597,0.0000537582538391736,0.00117864369774818,0.449797352645278
"1384","SCPEP1",0.00800202597371664,0.894490257988584,0.457788340298518,0.00138224773021823,0.00368041806532787,0.449786314324801
"1385","SLC44A1",-0.0261341000366648,0.627693324866632,0.423608067589502,0.000210793609612799,0.000361148149904459,0.449742167626166
"1386","SLC2A11",-0.142733721203947,0.0019399943573543,0.306832382945817,0.0329004106889264,0.00209762255350108,0.449566104149764
"1387","SORL1",0.178612643245515,0.000709088852033801,0.628101624538096,8.75370165793139e-08,0.000844354506585922,0.449488981292582
"1388","C4orf33",-0.175659288442039,0.000414075716101116,0.27355072286654,0.0328317882898266,0.000693004531148295,0.449210011308579
"1389","RTN1",-0.0331017894227986,0.518217103956992,0.415307753819862,0.000206450737982784,0.000281311522165976,0.44840954324266
"1390","CLDN12",-0.229149239250576,3.21850046027344e-10,0.219095131972566,0.0437697159687589,0.0000332846371730712,0.448244371223142
"1391","MED12L",-0.262986362945416,5.18196107034789e-06,-0.710407581260665,4.77417360563429e-08,0.00320307019077975,-0.447421218315249
"1392","RCAN1",0.0397217108936359,0.359770492850153,0.486950513815056,2.59345321717708e-07,0.0000182814877426879,0.44722880292142
"1393","LACTB2",-0.0911354776372823,0.1319796174625,0.355764604875457,0.0410944428762081,0.0123999919230281,0.446900082512739
"1394","MYO1B",-0.04998836837322,0.396506359048039,-0.496633746772693,0.0000857195341576275,0.00151719375831256,-0.446645378399473
"1395","MTSS2",-0.085391655193642,0.0275200022627089,0.361038938104783,0.0000232358708375348,1.53158202975045e-06,0.446430593298425
"1396","ZFPL1",0.183017150869477,2.47674618476044e-06,-0.263199947238202,0.013792184231114,0.0000474649555256717,-0.446217098107679
"1397","FANCG",-0.0373460937204296,0.518521070897589,-0.483314610202979,0.000771810221369283,0.00434872201521437,-0.445968516482549
"1398","SLCO5A1",-0.0717950955725855,0.385910226946329,-0.517579472837225,0.00683108523409905,0.0385672705650558,-0.445784377264639
"1399","LPIN2",-0.081776924667603,0.00429801162915995,0.36387501015117,1.74134332611885e-08,1.92283004965733e-10,0.445651934818773
"1400","ARL4D",-0.0476659237043894,0.444274074315249,-0.492914667626406,0.000326415796321139,0.00329457262983951,-0.445248743922016
"1401","DNMBP",-0.192479327947792,0.0000509400420809181,0.251838654341694,0.02858555326779,0.000223219664710651,0.444317982289486
"1402","TACC1",-0.0457649254645825,0.1886976193874,0.398477011078733,3.32515935572758e-07,1.91116243306072e-07,0.444241936543316
"1403","ORAI2",-0.142987191927485,1.35723301644273e-06,0.300098677594921,0.000192211303647908,1.1805748215103e-07,0.443085869522406
"1404","RPS3",0.192096619709414,7.35907185483623e-28,-0.250960270052216,1.12230781728003e-09,8.30976676514788e-24,-0.44305688976163
"1405","SH3BGRL3",0.287190636706465,2.46304433298171e-30,-0.155644388561461,0.016742887512053,8.79476209734287e-12,-0.442835025267926
"1406","LMLN",-0.143430719453033,0.00223155579623247,0.299113087938791,0.0185430034515715,0.00078569249903488,0.442543807391824
"1407","DNM2",-0.0863553748304202,0.00195165097371878,0.355994449178877,4.66870272368689e-07,4.11077959386476e-09,0.442349824009297
"1408","RRP9",-0.00740209364494647,0.896014946190363,-0.449351722191861,0.000672412912912516,0.00187975727696765,-0.441949628546914
"1409","MAP3K14",0.0861645204648449,0.0502958337177115,0.527620062035649,9.71863769741262e-09,0.0000235086064892539,0.441455541570805
"1410","SMIM3",-0.0494836943442781,0.505672284929216,0.391815151617616,0.0443473157363051,0.0275784169725892,0.441298845961894
"1411","CERCAM",-0.104646587939902,0.0626470417669521,0.33648147829554,0.0172846833102704,0.00315696846089542,0.441128066235442
"1412","ST6GALNAC5",-0.244211745511492,0.0000409824517334588,-0.685046897954071,5.24775411860395e-07,0.00551607176916099,-0.440835152442579
"1413","ZDHHC2",0.00645674193108486,0.878181403059865,0.446719661218521,9.92031124077256e-08,2.02778073777259e-06,0.440262919287436
"1414","PTMA",0.0859755806097806,9.51826935980292e-06,-0.353882850773671,1.0790029639487e-15,5.19793497579111e-20,-0.439858431383451
"1415","TIMM17B",0.162944521989192,1.61085352393814e-11,-0.276670593786902,0.0000160950671745403,5.60553033962372e-11,-0.439615115776094
"1416","NADK2",0.0270848547508323,0.534406013903603,0.466674921882952,2.36877880674593e-06,0.0000475276606278171,0.439590067132119
"1417","CD320",-0.191430664849872,4.29724048894288e-08,0.247645868623895,0.0214132895098395,0.000045315010804924,0.439076533473767
"1418","TUBA1B",-0.0285315570088465,0.211220146640391,-0.467539109824,2.47992426579404e-22,1.41195857399299e-16,-0.439007552815153
"1419","EFEMP2",0.0943962318878175,0.283098144827214,0.532662578481202,0.00464550209412111,0.0485346049136059,0.438266346593384
"1420","KCTD18",-0.123576510619471,0.00410377543572774,0.314272210173875,0.0111819104734831,0.00062013877495277,0.437848720793346
"1421","IMPACT",-0.107390974648391,0.0167701580428507,0.32954011676316,0.00536769545866455,0.000436334227070355,0.436931091411552
"1422","TRIM4",-0.268481657223451,0.0000195958772287446,-0.705279205173937,0.000090576327862379,0.0311795539019658,-0.436797547950486
"1423","DCX",0.111675473537546,0.0146797603429335,-0.323022050855217,0.00296465160018082,0.00019809480508283,-0.434697524392763
"1424","NLGN3",-0.0463398364458563,0.258802866036303,0.38814512785694,0.000215763826252863,0.0000917198621431506,0.434484964302796
"1425","PLEKHA7",0.213320381387929,5.45011367361300e-09,-0.220865066584762,0.0215594172854017,9.41662291864697e-06,-0.434185447972691
"1426","MEIS1",0.24768961908355,3.17802644434992e-16,-0.186492608101576,0.0130075371696187,1.73331139196591e-08,-0.434182227185126
"1427","RND2",0.0595931736568332,0.272473569512926,0.493670502070241,0.000801438835702197,0.00675120131739086,0.434077328413408
"1428","ADGRB2",0.0869727072839082,0.0334314008907559,0.520709429861068,0.000037622884286432,0.0013030774011235,0.43373672257716
"1429","SARAF",-0.0480456764345846,0.0128591941476495,0.385488778412571,2.16277802854529e-17,9.43364230530248e-19,0.433534454847156
"1430","FBXO36",-0.165288205407508,0.0000117105584710743,0.268235998432601,0.0100896530506631,0.000054009618346158,0.433524203840109
"1431","WDR76",-0.329308332417287,1.2445525891666e-10,-0.762345619361176,2.23244671236275e-11,0.00118802081750972,-0.433037286943889
"1432","SLC4A4",-0.0912782090564423,0.162557283655675,0.341705158126959,0.022795293776119,0.00786034859361115,0.432983367183402
"1433","REXO4",-0.157914135828621,7.23379199090512e-06,0.27424571345814,0.00836099970423582,0.0000469347218948908,0.43215984928676
"1434","CNIH2",-0.0671203086618838,0.100142167239302,0.364268909417749,0.00136629994548551,0.000342272774470168,0.431389218079633
"1435","CMC4",0.0196697619302431,0.70161415358765,0.450878282334712,0.0000464133282724951,0.000394716795118132,0.431208520404469
"1436","C1RL",0.0416062485221863,0.581649686510035,0.472687165677466,0.00261268015050118,0.0149600688717626,0.431080917155279
"1437","CPSF7",-0.200891764577249,5.76354511614948e-15,0.230134563055985,0.000402972950805391,1.76629567410166e-10,0.431026327633234
"1438","TM7SF2",0.145790685137173,0.0000347058270484533,0.576764797741116,1.94093160922737e-09,0.0000363653216414518,0.430974112603943
"1439","PSTK",-0.107793582521235,0.00116266783091619,0.322927405386675,0.000282343648967174,4.08161708582464e-06,0.43072098790791
"1440","BCL9L",-0.184167581350266,1.93129047771489e-06,0.24634400397468,0.0153858657537726,0.0000397110962650559,0.430511585324946
"1441","CAMK1",0.033617733126561,0.444115155719661,0.464019544269813,1.76772747784476e-06,0.0000602296173273625,0.430401811143252
"1442","SDC2",-0.0211427049713393,0.762804183363131,0.409035087810574,0.00719523563537218,0.0102062672666684,0.430177792781914
"1443","ZNF784",0.0775391538190827,0.348675798801078,0.507501231860707,0.0233786427691203,0.0489830199422851,0.429962078041624
"1444","B4GAT1",-0.0986328526942621,0.0048027910660627,0.331135490832702,0.00165983530013598,0.0000792271525357483,0.429768343526964
"1445","SMIM30",0.112664308764482,0.0233576089233762,0.542368557753135,6.65433287718597e-06,0.00123372578953539,0.429704248988653
"1446","PEX11A",0.0719778283858921,0.207826035758864,0.501297070295187,0.000100864213422461,0.00270373252486843,0.429319241909295
"1447","RPL37A",0.228826137857283,2.90705697753207e-63,-0.200343156721625,5.64717810323761e-10,6.40018779029346e-36,-0.429169294578908
"1448","LTBP3",-0.159580232568869,6.21423725041304e-07,0.269086374514136,0.00129240859754961,7.77560082490423e-07,0.428666607083005
"1449","CDIP1",-0.104339480053268,0.0015638340804162,0.324290061164694,0.000881493708868743,0.0000218640611747262,0.428629541217962
"1450","COMMD8",-0.085121125731368,0.0266122708230375,0.343146913465154,0.00104041348621842,0.0000979577153205381,0.428268039196522
"1451","C1orf56",0.0547466524167817,0.156372742418787,0.482230328281196,2.17271021302503e-06,0.000103123241623417,0.427483675864414
"1452","LRSAM1",-0.130135456211689,0.00018581959196978,0.297281867691917,0.00198526056539305,0.0000195270433346874,0.427417323903606
"1453","USP49",0.0849752100708844,0.119149782001926,-0.342165313564966,0.0146328896400579,0.00408952026164408,-0.427140523635851
"1454","NALF1",-0.0721804908124404,0.207456238740982,0.354760924910839,0.00988461728239324,0.00438739798068224,0.426941415723279
"1455","PTMS",0.274807137073286,3.03958076328419e-22,-0.152029115459416,0.0372712725841758,4.64739838594529e-09,-0.426836252532702
"1456","TMEM107",-0.132397394904418,0.00479709271919411,0.29406805851902,0.013116483942144,0.000637259264845997,0.426465453423437
"1457","RGL2",0.0382087989564391,0.406936638409224,0.464663166231657,0.0000424273645703268,0.000535388182375729,0.426454367275218
"1458","GNS",0.00838643326185984,0.811539665179407,0.434776179217742,4.22355805148172e-08,6.79594604502953e-07,0.426389745955882
"1459","AFDN",0.0519055279967112,0.0776782016812222,-0.374057855678829,1.82720702839639e-08,3.63754355989628e-09,-0.42596338367554
"1460","C12orf29",-0.163251233039377,0.000026508305090673,0.262366998135423,0.0113074215925797,0.0000710252842285836,0.4256182311748
"1461","RNF149",-0.276601096262492,4.74750648458815e-31,0.148967842354555,0.0247458146033402,6.60601333120623e-11,0.425568938617047
"1462","ZNF783",-0.165872540131054,0.000542669096714409,0.259219040064952,0.046056419778378,0.00143664896448027,0.425091580196006
"1463","CCPG1",-0.105723961173541,0.000042884455165537,0.317652427041873,8.08159320174859e-07,7.01537156940408e-10,0.423376388215414
"1464","STON2",0.0233527439634627,0.587715863664492,0.446657973317919,1.77557481260832e-06,0.0000312458347258758,0.423305229354456
"1465","FKBP14",-0.171106253268063,4.95412674219523e-06,0.252154944127777,0.0144478612003454,0.0000587886142318563,0.42326119739584
"1466","SORBS1",0.145359231998694,1.65612445945367e-07,0.568517225969705,1.2787733910518e-19,1.55673461877938e-09,0.423157993971011
"1467","RASSF2",0.188676446363505,4.79867077117042e-11,-0.233515328172225,0.00240255939686249,9.99341794684265e-08,-0.42219177453573
"1468","DESI1",-0.0669248415584406,0.048069613936839,0.355187874214247,0.0000558062774638786,6.18761513965509e-06,0.422112715772687
"1469","COLGALT2",-0.0894192452788736,0.200188483890998,0.332460233475692,0.0491728751456121,0.0184314039775389,0.421879478754566
"1470","LRRC58",-0.168207403300927,3.97630845008044e-12,0.253619570288379,0.0000456632359316497,1.01732250147522e-10,0.421826973589306
"1471","UXS1",-0.0508354324477728,0.0687052513469136,-0.472506360521036,2.58798304080741e-12,1.01803876981222e-08,-0.421670928073263
"1472","H2AJ",-0.00660900873860083,0.916190366552912,0.414963951971543,0.00395355009863539,0.00649016734580278,0.421572960710144
"1473","DNAJB9",-0.1099179080417,0.0033668145589943,0.31147483340327,0.00116046278485077,0.0000328337421881682,0.42139274144497
"1474","GPR19",-0.0665230887472279,0.139654627588401,0.354328892859587,0.0131869679710026,0.00427395393235769,0.420851981606815
"1475","RPL34",0.23196053905291,2.31841269086415e-52,-0.188686237454139,2.23319883086699e-07,6.39959946311371e-28,-0.420646776507049
"1476","LEPR",0.134066002530098,0.00147864723448987,-0.285938619243691,0.00998492150535188,0.000324125031464045,-0.420004621773789
"1477","IPO13",0.0389186833997581,0.514261403917114,0.457920415275367,0.0017886679338721,0.00882135064601147,0.419001731875609
"1478","PPP2R5A",0.125810089617221,0.00174720407047184,0.544432615313394,2.26625561941643e-09,0.0000429295716838612,0.418622525696173
"1479","DUSP10",0.0875766386758029,0.105410583938596,-0.331002140786116,0.0157901992643241,0.00375833330287616,-0.418578779461918
"1480","BOC",0.117029134238822,0.0240034481034362,-0.30109435038013,0.0267520881933354,0.0028802867325527,-0.418123484618952
"1481","DNAJB4",-0.110198616109453,0.0169854138849441,0.307717203154037,0.0161411344698493,0.00162267578198878,0.41791581926349
"1482","C17orf80",-0.130141573188025,0.0000536332515323339,0.287625951161028,0.00085313635985881,3.47021628368583e-06,0.417767524349053
"1483","CIB2",-0.114690198016975,0.00717700865179229,0.302951445581858,0.0131943988700592,0.000932816140237427,0.417641643598834
"1484","MLXIP",-0.159984296355035,5.08496036438849e-08,0.25704594529469,0.00130410824156694,4.67443040373464e-07,0.417030241649725
"1485","GABARAPL1",0.0620968971887251,0.0886312671449301,0.478822097099735,3.83526384185256e-06,0.000188769430019838,0.41672519991101
"1486","NPDC1",0.0748932734516452,0.00202618423708004,0.491617719772642,4.70867571384443e-15,8.85158538829955e-10,0.416724446320997
"1487","ACTB",0.314446290108141,9.92714616234874e-84,-0.102235526560443,0.0138313984612182,2.49301751737385e-24,-0.416681816668584
"1488","ZBTB4",-0.0975320796104016,0.00353777879264951,0.318818672195574,0.0000555992277263129,9.63691441667916e-07,0.416350751805975
"1489","NDRG2",0.0356790096361278,0.452262607032835,0.45144581832275,0.0000122359062611452,0.000284758843227543,0.415766808686622
"1490","HEBP1",-0.00317533879959178,0.955279398030534,0.41254844325214,0.000579732471395624,0.00148026621075464,0.415723782051732
"1491","DZIP3",-0.242632250592286,2.45708458586504e-21,0.172967705742358,0.0141924374256413,3.71388238118712e-09,0.415599956334644
"1492","TMEM131L",-0.045909107654196,0.247536849599427,-0.461450176352362,3.62815069540268e-08,9.41368432392088e-06,-0.415541068698166
"1493","AOAH",-0.317660357797733,0.00239894733776645,-0.733112599601268,0.00990577234358115,0.0452485553452592,-0.415452241803535
"1494","TFDP2",0.116459072437726,5.82171897986853e-07,-0.29843876774405,4.04436979445498e-08,1.33275186352492e-12,-0.414897840181776
"1495","NRXN2",-0.192313953323618,2.82255003706386e-08,0.222083144666658,0.0119794662792127,5.5493673449624e-06,0.414397097990275
"1496","ZNF764",0.0166185452457181,0.76860908037802,-0.397138835982373,0.00292221237509918,0.0041022654292704,-0.413757381228091
"1497","CCND2",0.0465840055717158,0.156373668476126,-0.367168264392876,3.82966571684024e-07,1.8802748370349e-07,-0.413752269964592
"1498","TIGD7",-0.145432134556083,0.00164518019971314,0.267630363030493,0.0473192663868542,0.00273274673491226,0.413062497586576
"1499","UNC119",0.00686272607068034,0.85345116050938,0.419464933063385,0.0000707353949273883,0.000210056783486197,0.412602206992705
"1500","MTTP",0.0152079777889938,0.837228310454726,0.426203987188116,0.0115443767026062,0.0217052360701266,0.410996009399122
"1501","ATCAY",0.0927086901294861,0.0585142734546325,-0.318281690901973,0.00828289480323567,0.00122904518403405,-0.410990381031459
"1502","ANXA6",0.00318339213881599,0.93017986310063,0.413901425695194,4.02951798671769e-08,6.2452486508605e-07,0.410718033556378
"1503","ERCC6",-0.154433315724382,3.93041356105449e-06,0.256204513589256,0.00378038910101121,7.8148251916284e-06,0.410637829313638
"1504","MPP2",-0.0873169946737514,0.0602449609006784,0.32274934011629,0.0286617097693889,0.0070033766189836,0.410066334790041
"1505","AKTIP",-0.106978426809327,0.00133381867792568,0.302873956749457,0.000574011218166209,9.43143409314513e-06,0.409852383558784
"1506","MFSD3",-0.0052797460906375,0.932537234694932,0.404522395004253,0.0161715347067384,0.0207343075166359,0.40980214109489
"1507","SYS1",-0.0472276866648342,0.27606859909606,0.362472395721292,0.00138626059708872,0.000658929651730913,0.409700082386126
"1508","PRR14",0.164298419758537,4.69532094102445e-07,-0.244248918608124,0.00567476024646218,7.3385952515469e-06,-0.408547338366661
"1509","ST6GAL2",-0.0424386782931881,0.405919511364619,0.36606315759987,0.00511411663653747,0.00301884356225087,0.408501835893058
"1510","GPR162",-0.0813471388187476,0.148240055085003,0.32705400555341,0.0475484445665743,0.0181742206452021,0.408401144372158
"1511","RFXANK",0.179980007583041,4.28000425953226e-09,0.588029024879191,5.51802835000086e-14,2.29967867744128e-06,0.40804901729615
"1512","SIRT2",-0.013141770298567,0.671305453311883,0.394638927799849,4.04166614683495e-08,1.499114833604e-07,0.407780698098416
"1513","TSC2",-0.103622438353145,0.00160557418012137,0.303999691949641,0.000640042017150434,0.0000124022865548067,0.407622130302786
"1514","DYNLRB1",0.167740994548593,3.29257573061371e-07,-0.239653467344275,0.00303270993721644,1.59573698890036e-06,-0.407394461892867
"1515","HSPA4L",-0.0276969961835091,0.489482394989803,0.379594409098867,0.000167658768085432,0.000145557696354457,0.407291405282376
"1516","MAN1B1",-0.114164947293229,0.00355715026695459,0.292872563833173,0.0103526882589436,0.000555261044265863,0.407037511126401
"1517","ATP10D",-0.00226582287774039,0.963810272949708,0.403607876283927,0.000103510166206134,0.000341116365545163,0.405873699161668
"1518","KCNH8",0.211278325392235,1.22249045632177e-09,-0.194349410374997,0.0358953832967595,0.000012692409029718,-0.405627735767232
"1519","NYAP1",-0.149039268834957,0.00537255900284459,-0.554586393383663,0.000113194924324526,0.0115716870548245,-0.405547124548706
"1520","RETREG1",0.0108118997637868,0.795611740893217,0.416030096060782,1.98516947116297e-06,0.0000311352655263573,0.405218196296995
"1521","CCND3",0.0329695269968018,0.522839025006342,0.437872973581003,0.000408727551081676,0.00281916946484829,0.404903446584202
"1522","ABHD6",-0.0864051572748066,0.128068686602072,0.318175453545885,0.0435611599542098,0.0166752443527801,0.404580610820692
"1523","TSC22D4",0.127078151497381,0.006486312872246,0.531615497678914,4.17238881280132e-07,0.000631686481421587,0.404537346181534
"1524","TMEM94",-0.00883447597590597,0.816942381705238,0.39542300145064,0.0000299575915070824,0.0000645650817318035,0.404257477426545
"1525","CAVIN4",-0.144846333837221,0.000426217371948591,-0.549100711158775,7.05065882847474e-09,0.000145770435621586,-0.404254377321554
"1526","ALDH1B1",0.0637043793433178,0.333643582569789,0.467515476753142,0.00838662599205955,0.0325964599799419,0.403811097409824
"1527","EPHX1",0.185263519487009,0.000117954928486073,0.589059268161232,1.4512883283377e-06,0.0035341296145342,0.403795748674223
"1528","PXN",0.0819778938943618,0.0629941747301723,0.48564331325813,2.28200552928591e-06,0.000388344880707402,0.403665419363769
"1529","RPL35A",0.178842732846076,1.91726014077455e-32,-0.224504670820888,2.22619775311176e-10,1.67095466106617e-26,-0.403347403666965
"1530","PLEKHG1",0.356092144391186,1.20956590803053e-17,0.759298305571891,5.13221417836228e-14,0.000382516086178269,0.403206161180705
"1531","GOLPH3L",-0.093079750752777,0.0197505488060154,0.309785960348557,0.00427054691476686,0.000411697326946411,0.402865711101334
"1532","MFN2",-0.0991774542204818,0.00583146892033055,0.303581591397227,0.00239971110073275,0.000114459041531251,0.402759045617709
"1533","CNPY4",0.0615739785038487,0.147666339359393,0.464295568509239,0.0000316654305716557,0.000870337626522207,0.40272159000539
"1534","PBX2",0.0309749627784991,0.530238265737391,-0.371481267233649,0.00226454881010801,0.00205221434554551,-0.402456230012148
"1535","HSPBP1",0.125739474382896,0.000504687894797378,-0.276404422613428,0.0114784431769658,0.000337821953409198,-0.402143896996324
"1536","TMPO",-0.0803337728460659,0.00384245694391568,-0.482444254908927,1.86707579191032e-14,9.0075315883297e-09,-0.402110482062861
"1537","OLFM2",-0.0451466131432314,0.281186321121689,0.35636530514652,0.000139731639295252,0.000086874669039971,0.401511918289751
"1538","NR1D2",-0.146183606906549,0.000282981982345172,0.255005278837148,0.00887800565129418,0.0000976196533558367,0.401188885743697
"1539","CNP",-0.0273858674594126,0.381766291998425,0.373761120394529,2.17096926477458e-06,1.94253131129564e-06,0.401146987853941
"1540","RPS21",0.169163484581939,2.35143247868596e-19,-0.231679687748984,3.17265176435473e-07,7.51390291895671e-17,-0.400843172330923
"1541","KIAA0930",-0.035368575492768,0.389864387058436,0.36525718241879,0.00144341464316067,0.000937142897394494,0.400625757911558
"1542","ABHD8",-0.025200602617749,0.542069139059442,0.375389861569968,0.000716809427876098,0.000660112454515534,0.400590464187717
"1543","RFK",-0.131119041351889,0.0000693557939804451,0.269228916551136,0.00300118173049629,0.0000228746774686063,0.400347957903024
"1544","B4GALT4",-0.0780453486999606,0.0293220436670203,0.32192593551675,0.0013105213380245,0.000139494464816366,0.39997128421671
"1545","FMC1",0.105222850360238,0.00167382090854927,-0.294454890957016,0.000255565760434236,3.54560293856431e-06,-0.399677741317253
"1546","HK1",-0.180382498855033,1.23520507704343e-12,0.219131045364789,0.00106354708660889,7.57761394282374e-09,0.399513544219822
"1547","ARHGEF6",0.141315959830936,0.0204112090210631,0.540614724222296,0.000146925392610519,0.0134698449800778,0.39929876439136
"1548","COL6A1",0.175616015983915,1.33639910703555e-06,0.574810921458745,2.22196440968128e-09,0.000165711299912089,0.39919490547483
"1549","PIGA",0.0491999158533859,0.54548927647547,0.44834177719033,0.0043525023198274,0.0294111702317993,0.399141861336944
"1550","NOMO2",-0.294280228881215,6.50624474613411e-06,-0.691151745194828,0.0000394326698566329,0.0403544076808585,-0.396871516313613
"1551","ZNF487",-0.0374922724674319,0.59186815056145,0.359036005446052,0.0273207282888113,0.0248955991967024,0.396528277913484
"1552","TECPR2",-0.0982075897582895,0.000192235909644382,0.298033164195,5.93547209671199e-06,1.55148791069771e-08,0.396240753953289
"1553","ATP1A1",-0.0507436187781012,0.155000211927862,0.345410068225886,0.0000344568372919132,9.76112850845076e-06,0.396153687003987
"1554","ORAI3",0.0985710990247345,0.122139525365909,0.49406325715552,0.00297117948037768,0.0306588405035672,0.395492158130786
"1555","MCM3",-0.225330925381489,4.51842149328608e-06,-0.620706897079626,4.04436979445498e-08,0.00275187692807137,-0.395375971698138
"1556","CADM1",0.0710764252680087,0.053222120243539,-0.323955408664819,0.000124599495766859,0.0000171616014643676,-0.395031833932828
"1557","TCF7L1",0.0941534988834907,0.11298268412225,0.488819503067647,0.000516538647012622,0.0132154936168547,0.394666004184156
"1558","WDHD1",-0.259970631344949,4.26452772368625e-09,-0.654545861636764,1.95119596497176e-10,0.000950891494372045,-0.394575230291815
"1559","FOXP1",-0.366167241583088,2.5189682269964e-19,-0.760686128345863,3.64542436795961e-12,0.00147206171000907,-0.394518886762775
"1560","LRRC69",-0.0811803080601644,0.211696089272346,-0.475296126988431,0.00332117917334805,0.0271427167881844,-0.394115818928266
"1561","ARHGEF26",0.197615370225956,0.0000199986031587892,0.591709245684215,2.00287530638904e-08,0.00125483164901258,0.394093875458259
"1562","UGP2",-0.0264814298049786,0.313283542245675,0.366874609278243,1.60224040653128e-09,2.35557535279914e-09,0.393356039083222
"1563","SMC4",-0.176798450280494,0.0000166644826885311,-0.569733861676557,2.86370372910006e-10,0.000161861280376472,-0.392935411396063
"1564","APLP2",0.0243351000943486,0.311956844894165,0.41719710431806,1.14650451211383e-15,7.01118379894562e-12,0.392862004223711
"1565","KLF10",-0.110795416796714,0.0108437967964497,0.281761115819142,0.00539459784303449,0.000308352377760704,0.392556532615856
"1566","HSD17B12",-0.0963022599222009,0.00221495626118747,0.296023073433488,0.0000457264352020915,5.79927585812232e-07,0.392325333355689
"1567","AMOTL2",0.0925746981632728,0.0398677924784191,-0.299723311445178,0.0192525504778574,0.00311355312560103,-0.392298009608451
"1568","ACER2",0.169622806577529,0.00441916209210192,0.561548253778553,0.00122542906036621,0.0413220311209517,0.391925447201024
"1569","BDH2",0.201571855111313,0.0000169877293485389,0.593448309947937,2.76950735166129e-07,0.00250464881407507,0.391876454836623
"1570","NTAQ1",-0.0581969663256679,0.0864513554164445,-0.449774708838209,2.77068862451955e-08,0.0000110178895947831,-0.391577742512541
"1571","PPP1R9B",0.0386203565908109,0.525433565952415,-0.352808989363599,0.0261106026847246,0.021068503481968,-0.39142934595441
"1572","RPL38",0.174408318436889,8.34629114098481e-37,-0.21686384558086,4.43760292422702e-11,6.94721375342657e-29,-0.39127216401775
"1573","C20orf27",-0.0931740718648076,0.006298462458049,0.297827499244593,0.00129556857359033,0.0000532033240831424,0.3910015711094
"1574","PHLDA3",0.354011087863163,6.27781955355075e-11,0.744956783340485,1.67088661673197e-07,0.0172292783525216,0.390945695477321
"1575","TCOF1",0.00653059815410587,0.869464090030836,-0.383944475270503,0.0000357182971933175,0.0000971186110641297,-0.390475073424609
"1576","DDX59",-0.176311593530864,8.03461373593334e-07,0.214035070931935,0.0227546077657357,0.00005150967984653,0.390346664462798
"1577","RHBDD2",-0.0174748695688727,0.651508259667661,0.372757100657525,0.000587493862427647,0.000639205091675599,0.390231970226398
"1578","HSPH1",-0.205956299274422,2.15107591095433e-17,0.184257420207243,0.00436187068519446,2.91289870016241e-09,0.390213719481665
"1579","TIMP2",-0.07945857579705,0.00185645679337545,0.31029852613591,1.16730032989628e-07,8.40544978019725e-10,0.38975710193296
"1580","CEMIP2",-0.290681956592396,2.23783981071793e-06,-0.680379977000049,8.62274432738157e-07,0.0168567071734312,-0.389698020407652
"1581","ISOC2",0.004899709783676,0.905531317275151,0.39458474360113,0.00015731173775469,0.000447854911299174,0.389685033817454
"1582","EPHA3",0.0935624688729939,0.105410583938596,-0.29608625098404,0.0340067133660419,0.00929327995294557,-0.389648719857034
"1583","CASKIN2",0.00166574732450578,0.980349645043106,0.390933473236092,0.019749839008225,0.0308017641385847,0.389267725911586
"1584","TMEM187",0.0120014972875217,0.824285895066693,0.40125690592685,0.00260844835018238,0.00658065979484357,0.389255408639329
"1585","MFAP2",-0.498618504063233,1.72043404347138e-08,-0.88779493706181,0.00124406036161381,0.0278993849889585,-0.389176432998577
"1586","ID4",0.210951907754155,2.15074109143321e-08,0.599662847069455,9.90164735524655e-12,0.000121962463413785,0.3887109393153
"1587","ELK4",-0.135595655453836,5.6333809162651e-06,0.252999579496162,0.000322483604931489,2.14105817825609e-07,0.388595234949997
"1588","PLPP3",0.386262277938537,4.42755773855457e-12,0.774753437686179,2.95345661810264e-09,0.0110820764616224,0.388491159747642
"1589","AKR1C1",-0.0512314885892732,0.409332503671361,-0.439564584909305,0.00873843636959917,0.0280104003005625,-0.388333096320031
"1590","ATL3",-0.0268227267590967,0.64892140055304,0.361477243692963,0.00349291182936134,0.00450492551618724,0.388299970452059
"1591","SYNE1",-0.120283038909182,2.08511728529895e-07,0.267572588580002,2.12841599543593e-06,1.04021937629053e-10,0.387855627489184
"1592","PGRMC1",-0.226761128602767,3.0121188875612e-28,0.160872654497873,0.00474332120130986,1.27259334631065e-11,0.387633783100641
"1593","PPARD",-0.115098418256171,0.00532869927119432,0.272244089480629,0.0067880001727069,0.000280941755364942,0.3873425077368
"1594","FHL1",0.0409098138664723,0.159894734774199,0.428008550793711,1.47860769660198e-09,4.8503412613642e-07,0.387098736927238
"1595","GNG4",-0.0628649873336289,0.0309062562516334,-0.449384592142804,3.21684474323081e-11,2.13678930989994e-07,-0.386519604809175
"1596","NCAPG2",-0.380405827843147,3.01674329674602e-11,-0.766814881074719,2.80185019314803e-09,0.0118933487417959,-0.386409053231573
"1597","ARL8B",-0.0381227624455839,0.127685631875873,0.347577642305935,8.16665130602596e-10,3.73073761055596e-10,0.385700404751519
"1598","DLG2",-0.188454614446905,9.28775018540087e-10,0.19660369354783,0.0103864157278549,1.29452689205508e-06,0.385058307994735
"1599","INTS14",-0.137095146633,0.0000503123036808771,0.247746061029868,0.0113074215925797,0.000124655949114707,0.384841207662868
"1600","SLC15A4",-0.0703720582951129,0.0793454835752994,0.314441884289794,0.00209554628723676,0.000416806995568926,0.384813942584907
"1601","BZW2",0.0885616749127115,0.00816839431344103,-0.296234163641634,0.000582655243846163,0.0000282316199972433,-0.384795838554345
"1602","PHKG1",0.00397088358284547,0.950565199329657,0.388695525957868,0.0144847282822151,0.0241249389383382,0.384724642375022
"1603","CTBS",0.236329819704364,0.00017758680628673,0.620965258919916,0.000068929004867883,0.0297190888277228,0.384635439215552
"1604","THBS3",-0.0289918519502289,0.611475738373322,0.355599103239056,0.00746309639612832,0.00768833129551642,0.384590955189284
"1605","LYST",-0.00746364205512209,0.847921450867571,0.377090280485565,1.77557481260832e-06,9.87428307368162e-06,0.384553922540687
"1606","CTNS",-0.0983420530172987,0.0401034587720958,0.285943942212604,0.0344885397239209,0.00624817404557343,0.384285995229903
"1607","ZNF724",-0.211991433001499,9.13233293297533e-08,-0.595679370958387,3.51297901647852e-09,0.000691180480360352,-0.383687937956888
"1608","LRFN4",-0.127204849719549,0.0000432575440275383,0.256333220848119,0.00704561510608661,0.0000800686288683965,0.383538070567668
"1609","SFXN5",0.19657626326795,1.17562754575174e-07,0.580097210274227,2.54781550901674e-11,0.0000920279378725032,0.383520947006276
"1610","LAMP2",0.230005806131816,7.55504282563826e-10,0.612790156096245,1.12218135911275e-12,0.000101055580396711,0.382784349964428
"1611","SVIP",-0.0360897800520657,0.488702480342145,0.346586172928242,0.0297208241636378,0.0196379794401725,0.382675952980307
"1612","DDA1",0.15797539220933,7.42112707080477e-10,-0.224661616234465,0.00113727274346421,8.64470333589096e-08,-0.382637008443794
"1613","CYB5D2",-0.0571311676434499,0.187299709244586,0.325498706481555,0.00389708862965161,0.0014629366496946,0.382629874125005
"1614","AFAP1",0.0859966326721332,0.0128284156061747,-0.296456814770557,0.000217346910207652,0.0000102740431746131,-0.382453447442691
"1615","STX17",-0.133437422017453,9.08941887614876e-06,0.248581457612908,0.0015648169181829,3.13317483150753e-06,0.382018879630362
"1616","SAMHD1",-0.00775627300780804,0.885408760542782,-0.389557068249103,0.00102074459910757,0.0032355141405501,-0.381800795241295
"1617","FDX2",-0.0675807829008511,0.0621685095674647,0.313910919536438,0.00254367208984625,0.000452941516641739,0.381491702437289
"1618","TMEM60",0.0562423983443847,0.100430451412839,0.437708102170425,9.26091930112008e-07,0.0000841943481165032,0.38146570382604
"1619","TPST2",-0.000580543865432692,0.992315644800705,0.380811266438628,0.00866854645509929,0.0140089882101446,0.38139181030406
"1620","FGF2",0.0335398156202255,0.484330060109787,0.414883545898061,0.00022913550347003,0.0018662493048826,0.381343730277836
"1621","PEG10",0.119446402314628,0.0159376727821651,-0.261866180026191,0.0308678267144821,0.00308925446512416,-0.381312582340819
"1622","PHRF1",-0.130455147496291,0.000341794199063598,0.250814596702784,0.00710671369046774,0.0000939952497637547,0.381269744199075
"1623","NCAN",0.290547858411451,7.69334727956553e-31,0.671723336463599,6.30421026096893e-31,5.79659041290692e-09,0.381175478052149
"1624","SPNS2",-0.392370124219197,0.000134439259183228,-0.772651586717908,0.00682503411952037,0.0499036572131928,-0.380281462498711
"1625","MIF4GD",-0.083475593413613,0.0382444675292835,0.296473240545899,0.00464629979378051,0.000582847226045393,0.379948833959512
"1626","LRIG3",0.0507525467906608,0.42492555299337,0.430486327296346,0.00798842174307148,0.0270955748201378,0.379733780505685
"1627","ZNF862",-0.171042542736502,5.54266437494105e-12,0.208520441394333,0.001933511139691,3.82257397327752e-08,0.379562984130835
"1628","RAB39A",-0.163279846529718,0.00117933195992307,-0.542409282603269,0.00015692359331665,0.0171835578610628,-0.379129436073551
"1629","GABRB3",-0.041730084215544,0.300947053962963,-0.420827192492701,0.0000203831394638042,0.000403462986012534,-0.379097108277157
"1630","GABPB2",-0.163396246555968,0.000017151868457512,0.215399738648538,0.0374638103457761,0.000347714747287574,0.378795985204506
"1631","PIK3R3",0.186666707328687,2.41941997346234e-19,-0.191854420513378,0.000161972143164701,9.2320673358523e-13,-0.378521127842064
"1632","PGAP6",0.0600945944815509,0.249560065658145,0.438358269259658,0.000749795841451313,0.00807633490186907,0.378263674778107
"1633","PGM3",-0.0775716850894273,0.00984598703528245,0.300408311361329,0.0000438971498075221,1.71614157225383e-06,0.377979996450757
"1634","TIMM29",-0.0657666305032252,0.0580118898467149,0.311713606729931,0.000257270985499015,0.0000362275885391242,0.377480237233157
"1635","INAFM2",0.033839431839738,0.603589832822665,0.411122566995265,0.0158330563386172,0.0407456538612747,0.377283135155527
"1636","DEAF1",-0.14436564919331,4.77249375853054e-10,0.232917411048096,0.00033864360091739,1.88097156250972e-08,0.377283060241407
"1637","DFFA",-0.102747628959357,0.000109763672264783,0.274478782564888,0.0000712378466148859,2.30396566037478e-07,0.377226411524245
"1638","SELENOM",-0.0184435152117498,0.74884859760676,0.358764143805322,0.0169485535537783,0.0177800496141279,0.377207659017071
"1639","MTHFS",0.0496743184842207,0.273218243830744,0.426802495763433,0.000153716995289615,0.00232530017078787,0.377128177279212
"1640","PCDHB2",0.152977633410443,2.11172475131176e-07,-0.223848097761544,0.00421692715090609,3.34533570049707e-06,-0.376825731171987
"1641","FAM3C",-0.0539645621774342,0.0767766705713764,0.322845804135525,8.05077958168644e-06,1.28625509974975e-06,0.376810366312959
"1642","ITGB1BP1",-0.176344765742655,3.24440294642484e-15,0.200093365047223,0.000796548543178032,8.10261396220203e-10,0.376438130789878
"1643","NXT2",0.0423110633208602,0.494996577000205,0.418123353856423,0.00230316681769328,0.0150406676865195,0.375812290535563
"1644","LRP1",0.034543622016771,0.171132560814169,0.410314509001798,4.7752979306168e-11,2.79985302120308e-08,0.375770886985026
"1645","MTCL1",-0.0286258148728233,0.464136341484383,-0.403794349775084,4.70438308386091e-06,0.000118200691522067,-0.37516853490226
"1646","INA",0.00206700766028042,0.976688845811242,-0.373032185091809,0.0207651455939705,0.0318060410987797,-0.375099192752089
"1647","SOWAHC",-0.138711329064739,0.00143980859945183,0.236307488463273,0.0450153435910379,0.00200722794537757,0.375018817528011
"1648","COL9A2",0.362438301288477,6.16288312791606e-06,0.737334798428606,0.00223611370757975,0.0170946485487006,0.374896497140129
"1649","VAC14",-0.0321607274110164,0.374559453432702,0.34246294587576,0.000135080276778717,0.0000978334308017168,0.374623673286776
"1650","CYP27C1",-0.422844496139648,8.46569870461351e-11,-0.797318001177869,0.0000345625806200321,0.0353014107784721,-0.374473505038221
"1651","BRSK2",-0.0385898824304593,0.349856877630478,-0.412949974040569,0.0000713540001262837,0.000957255296944442,-0.37436009161011
"1652","ARHGAP5",-0.0351864631545406,0.141852022257141,0.338397618552494,1.65995937310248e-10,9.72485365801165e-11,0.373584081707034
"1653","FECH",-0.0210551303605993,0.705555070695021,0.352239754501344,0.00934703480749637,0.0105358234063105,0.373294884861944
"1654","FNDC3B",0.114545216653345,0.00161101905464229,0.487575568623743,2.33582480571256e-08,0.00012907470041645,0.373030351970398
"1655","MBOAT7",-0.0867595020515957,0.0258365966333281,0.285611019859513,0.0126261941834914,0.00168934331034662,0.372370521911109
"1656","TMEM106B",-0.0247762060742234,0.305852008740394,0.347527335060449,1.27895054802578e-07,9.31662393657829e-08,0.372303541134672
"1657","TRIM56",-0.0344622720628744,0.606143839450931,0.337539326841461,0.0244908150081034,0.0237585633716754,0.372001598904336
"1658","ENSG00000239920",0.0912269314453107,0.147343827267319,0.463116285155941,0.0121347333735916,0.0467804816730328,0.371889353710631
"1659","DBN1",0.179778933322488,8.18422038680405e-13,-0.192057868309765,0.00297410310350121,2.47057989326479e-08,-0.371836801632253
"1660","SOCS2",0.0379304360372966,0.582403358976656,-0.333482737304034,0.0145596145526684,0.0152907530323484,-0.371413173341331
"1661","FAM156A",-0.0395201511271469,0.434460236773698,0.331849371516892,0.0157776639914407,0.0105549859626878,0.371369522644039
"1662","RAB40C",-0.0764464293279227,0.0666049647466062,0.294848377663615,0.0166851692907384,0.00365272682504764,0.371294806991537
"1663","B3GAT1",0.104090604628941,0.0275262347695037,0.474953523137746,0.000110549936176336,0.0069045235904893,0.370862918508805
"1664","TNS1",0.0743929393479663,0.237308477494592,0.444989020317209,0.00261268015050118,0.0259091637034385,0.370596080969242
"1665","NUBP2",-0.0144988365921042,0.676800321304518,-0.38466637655946,9.38658070509641e-06,0.0000777766918333236,-0.370167539967356
"1666","FLAD1",-0.0250011027377764,0.50466445540637,-0.394869797241934,0.0000211050990700377,0.000244515406006278,-0.369868694504157
"1667","SFRP1",0.0219045602174122,0.714161743095641,0.391345230875422,0.00359302915378946,0.0135479944073176,0.36944067065801
"1668","RPL26",0.135797849784361,6.63549678682446e-19,-0.233354380667797,5.60011456089706e-11,5.15457057827147e-22,-0.369152230452159
"1669","ACTN1",0.155551863631176,0.00102780119196203,0.524573222519667,3.03207388916265e-07,0.00163202511047999,0.369021358888491
"1670","SEMA3A",0.00762478736329373,0.891406732959954,0.376023892282321,0.00212710079012263,0.00664701524328991,0.368399104919027
"1671","CACHD1",0.165581248097119,0.0034239479019152,0.533978830470768,0.000239453726282137,0.0259056930768661,0.36839758237365
"1672","RO60",-0.0181664330770939,0.226096911055156,0.350208160138846,1.72354997499141e-25,3.8407370343473e-24,0.36837459321594
"1673","TMEM120B",0.0206410195938205,0.636397918711835,-0.347719164253455,0.00204357032554845,0.00224160307565126,-0.368360183847275
"1674","DGKI",-0.040087721914965,0.382970293348529,0.327994477697721,0.00145760170920282,0.00104286107852243,0.368082199612686
"1675","SAMD1",-0.167714785263435,7.43620573536234e-07,0.199978510528996,0.0213274221824208,0.0000397011635890008,0.367693295792431
"1676","GCNA",0.0351132298086512,0.557055339923204,-0.332541495284211,0.0300144145653603,0.0251908612994879,-0.367654725092863
"1677","ABHD5",-0.182882013071114,8.68944309125425e-09,0.184633596769204,0.041123928221149,0.0000519818936940693,0.367515609840318
"1678","MED12",0.00521795227061822,0.910288874028874,-0.362193759146121,0.000346542975617679,0.000866638191838935,-0.367411711416739
"1679","ZMAT2",0.173510593502193,7.30931683736892e-20,-0.193857633541793,0.000139592953213084,2.67856244866372e-12,-0.367368227043986
"1680","IQCK",-0.0871979667164205,0.00337674077142417,0.279197815369428,0.000340458072899844,7.97257943183419e-06,0.366395782085848
"1681","EEF1AKMT1",-0.0792894884357666,0.049762956828898,0.287022364335976,0.00954171349404915,0.00163037926395426,0.366311852771742
"1682","NEXMIF",-0.152795264684506,2.03193703984461e-06,0.213446942109542,0.0101105175884736,0.0000205530550557584,0.366242206794048
"1683","LAMP1",0.14352064200156,0.0000120527271805512,0.509469027531101,8.79740152278294e-11,0.0000327009683238927,0.36594838552954
"1684","HOMER2",-0.147180196635199,0.000154180632295177,0.218401735515689,0.0491547941457448,0.00123372578953539,0.365581932150888
"1685","CCNA2",-0.225424571138351,0.000587110370023742,-0.590957478931541,0.000186255636065616,0.0317856848136242,-0.36553290779319
"1686","FMR1",-0.105038702953726,9.67595572843464e-06,0.259980185819183,2.28674416958833e-06,6.8665787907331e-10,0.365018888772908
"1687","SH2B2",0.00766025194504175,0.886064375827383,-0.357211951226407,0.0131170249880793,0.0172007206615401,-0.364872203171449
"1688","KCNQ2",0.148746751282647,1.49361707086054e-09,-0.216077790688444,0.00127706234876893,1.60679299247189e-07,-0.364824541971091
"1689","CPLX2",-0.000404475197369065,0.994906146356584,-0.365149432731425,0.0113078249763558,0.0184203736960342,-0.364744957534056
"1690","FRMD5",-0.128757687624957,0.000559737790697806,0.235964955609809,0.0114072235542358,0.000199864319252475,0.364722643234766
"1691","OPA3",-0.131600775881313,0.00134960305892272,0.233001789302929,0.036661179223195,0.00153559104360238,0.364602565184242
"1692","ZNF692",-0.0119983527921977,0.819740833460198,-0.37656761345595,0.00203215085070111,0.0062116015203679,-0.364569260663752
"1693","AKAP7",-0.00824271353824845,0.844282425563579,0.356239465379437,0.000227220592585596,0.000479335094008858,0.364482178917686
"1694","FEN1",-0.411389053923276,2.18922392065055e-16,-0.775377598820696,5.0918328182368e-10,0.0130906737515263,-0.36398854489742
"1695","SLC4A7",-0.0372394771337125,0.160522901224465,-0.400917273082435,1.12865595834876e-11,2.61047961332462e-08,-0.363677795948723
"1696","TIMELESS",-0.164689320546671,0.00050789785940234,-0.52767512070955,0.000018336313312939,0.00893197736994641,-0.362985800162879
"1697","JUN",0.0715220091985554,0.0355789197933922,0.43442463575854,2.49312157947406e-08,0.0000274494780820012,0.362902626559985
"1698","ITPK1",-0.0913622478420114,0.00877258487206432,0.271342375239035,0.00186758794246731,0.0000918701580975478,0.362704623081046
"1699","TAOK3",-0.0691635429933199,0.00119383374839794,0.293219287561628,1.68950428672423e-09,7.10502480927822e-12,0.362382830554948
"1700","LSR",0.337673399707018,0.0000339861023217139,0.69973670986787,0.00461216201536491,0.0266578718886221,0.362063310160853
"1701","CDC37L1",-0.149139946625889,4.9151291884058e-09,0.212915176502282,0.00141168958647411,1.70210597410579e-07,0.36205512312817
"1702","E2F6",-0.0757936640121362,0.0391694161872168,0.285653703590621,0.00345005815159582,0.000450652290417788,0.361447367602757
"1703","ZNF544",-0.224193527736063,4.60848403979831e-22,0.136314056106678,0.043815938238253,5.20359755671076e-08,0.360507583842741
"1704","SH3BGRL2",0.0342393453115608,0.419653671359106,-0.326064268102974,0.0063101586897316,0.00439674247908355,-0.360303613414535
"1705","TRAF3",-0.0724556049766025,0.0726653379167898,0.287674711066298,0.0172755980706474,0.00394457134274505,0.3601303160429
"1706","PLCL2",-0.0264369852464434,0.44975371521446,-0.385982787917954,1.35106765039405e-06,0.0000376983992171801,-0.359545802671511
"1707","CANX",0.0921427760131031,0.0000770965652277377,0.451576891042996,6.61000730054937e-17,2.06875948809129e-09,0.359434115029893
"1708","KIAA2013",-0.0560457261180846,0.127218264482476,0.303311614802633,0.00163522295032167,0.000431408755468272,0.359357340920717
"1709","POLR2J3.1",-0.161422382226567,5.06433313389594e-08,0.19784143215927,0.0110897548478546,7.3247121822385e-06,0.359263814385836
"1710","PCMT1",-0.0836936085568312,4.55290409037484e-06,0.275529210697143,1.01235237426431e-09,9.49552098184292e-14,0.359222819253974
"1711","MLYCD",-0.0231123399448746,0.628683529120357,0.335881950674881,0.00534823337116077,0.00536393897780872,0.358994290619756
"1712","FGGY",-0.0410873609769354,0.405768277238233,0.317751432680224,0.00709293586926282,0.00462478687147154,0.358838793657159
"1713","CENPV",-0.0877813930897254,0.00144518418504378,-0.446557547476255,4.72974487924071e-13,2.17677169278253e-07,-0.35877615438653
"1714","GINS2",-0.2027513674294,1.94989027142759e-07,-0.561363499660215,4.41254799033082e-09,0.00103774227022859,-0.358612132230816
"1715","NFE2L1",-0.0562210640263043,0.065107815168464,0.30236108747855,0.000228741571117968,0.0000362223943617247,0.358582151504855
"1716","GPR137B",0.0153290032044545,0.685024146895429,0.373833578195968,2.0447901928387e-06,0.0000423677759063061,0.358504574991514
"1717","TST",-0.0560076904891206,0.330002157123544,0.302486955828612,0.0281483358168331,0.0148434927724063,0.358494646317733
"1718","TMEM132A",0.0967135110491031,0.0651094615275866,0.454728837368331,0.000918494158156286,0.0194006970978632,0.358015326319228
"1719","DYRK1B",-0.0416311105117405,0.273344110492713,0.316291747414844,0.00133539770548244,0.000641030713211326,0.357922857926585
"1720","PARD3B",0.366353801774567,6.46324656400077e-15,0.724064216737589,1.1112662306145e-10,0.00647888883842585,0.357710414963021
"1721","AXL",0.0988687012999354,0.0449525402480977,0.456361072779886,0.000089333023103485,0.00639690296801427,0.357492371479951
"1722","SLC27A5",-0.0619215451419591,0.098607264928403,0.295304970161152,0.00610624333233315,0.00146263854888063,0.357226515303112
"1723","FRMPD3",0.158970229426507,0.0176040049346328,0.515156283985958,0.000814652168609174,0.0467804816730328,0.356186054559451
"1724","PTOV1",0.104780468927909,0.000251148949291992,-0.250609178120763,0.000642198097820223,4.64891791777219e-06,-0.355389647048672
"1725","SULT1C4",0.195310195146316,0.0000456381399106025,0.550643975935071,2.08607692620343e-06,0.00710558712541275,0.355333780788754
"1726","ASCL1",0.087189005610014,0.0282527981024745,-0.267237570406916,0.00446338083888346,0.000431515113267386,-0.35442657601693
"1727","H1-10",-0.0224167877654392,0.528762158650194,-0.376832117063394,1.16659843147672e-06,0.0000359751409203522,-0.354415329297955
"1728","MGAT5B",-0.162122175831911,0.00332229291309271,-0.516468183624892,0.00113253711386313,0.0442451825175392,-0.354346007792981
"1729","GJC1",-0.0797862444986872,0.0123345983022972,-0.434093708664238,1.92300260868578e-07,0.000103120186079034,-0.354307464165551
"1730","SCOC",-0.145992633166888,1.20281207548739e-07,0.207771382528434,0.00454552318248502,3.10439292385372e-06,0.353764015695322
"1731","PAK3",-0.0406695448346416,0.135789611916456,-0.394422575199276,2.37543789445093e-11,7.59133655286136e-08,-0.353753030364634
"1732","TMEM65",-0.112006132843337,0.000275954551525536,0.241528856389669,0.0010226315262749,6.34986459011399e-06,0.353534989233006
"1733","SESN2",0.195603520361744,0.0000146380079214843,0.548564236630545,6.27945336357159e-06,0.00975393192189401,0.352960716268801
"1734","KIF1A",-0.0563341860099067,0.0156858162181066,0.29656208949995,4.20693579483293e-07,1.77968321290838e-08,0.352896275509857
"1735","FBXO25",-0.118468837008171,0.000673990567759597,0.234328101366353,0.00785011820204317,0.000140632951349495,0.352796938374524
"1736","PLEKHG4B",0.0234801776022783,0.688681879837324,-0.329196229749189,0.0313795044345169,0.0317688705938123,-0.352676407351468
"1737","PDE8A",-0.00766373968164134,0.860725853299554,0.344741623923508,0.0000877866193694558,0.000313025363394127,0.35240536360515
"1738","ENHO",0.00326156784688586,0.928281543629501,0.355653133095764,0.0000743702035236105,0.000248021518668283,0.352391565248878
"1739","SPART",-0.0000487027095097629,0.999105438549784,0.35231839948749,2.6348984349803e-07,2.59466630438049e-06,0.352367102197
"1740","KLF12",0.0673956065225656,0.00550222349123058,-0.284325927838011,2.55279277852786e-07,4.82151202849089e-09,-0.351721534360576
"1741","ELOVL1",0.14927287603783,0.0208446782093864,0.500596402651934,0.00122264508574175,0.0443067278237352,0.351323526614104
"1742","NSMF",0.126576795206858,0.00398020166400282,0.477850424185403,0.000153014720497378,0.0117913208771873,0.351273628978545
"1743","COX17",0.0786339262197582,0.00874230809745903,-0.272130411896425,0.000329964987203743,0.0000138774149936283,-0.350764338116183
"1744","ADAM15",-0.0488158767505309,0.354987460107378,0.301776971542704,0.0256064989806549,0.0147622267915425,0.350592848293235
"1745","ACADVL",0.142590606216048,0.0000149682975199371,0.493151733830549,6.17386406879297e-09,0.000190443953734982,0.350561127614501
"1746","TOLLIP",0.0423119944024929,0.223303595157476,0.39283272258646,0.0000319523671581676,0.000584254944134495,0.350520728183967
"1747","ACTR1A",0.142786236954681,5.95725693359998e-07,-0.207731809574881,0.00678527857410423,9.52986247347561e-06,-0.350518046529562
"1748","GLI2",0.0656916061894932,0.0175548761263749,-0.284794858059318,0.0000152499154028788,7.41747945925999e-07,-0.350486464248811
"1749","PLEKHM2",-0.0944109470388317,0.00054691210345644,0.256024623666896,0.000242800036815771,2.03893320887671e-06,0.350435570705728
"1750","PTRH1",0.113558072457179,0.00244857747988557,0.46376001560277,0.0000198190875307656,0.00316549421109276,0.350201943145592
"1751","ACER3",-0.110547223371711,0.0000339863297813821,0.23958763840676,0.000116579291111012,1.58065367019413e-07,0.350134861778471
"1752","SV2A",-0.147134135452194,2.33226002939915e-06,0.202936865864638,0.0172333022203008,0.0000655088271998563,0.350071001316832
"1753","UBL3",-0.0407304051270613,0.113774001878536,0.309315539086689,1.16945033986881e-07,3.96208495452335e-08,0.350045944213751
"1754","DMWD",-0.119570457999369,0.0000846194165049437,0.230448367672749,0.00474370145201239,0.0000376745630707142,0.350018825672118
"1755","TMED7",-0.0113265780979657,0.717737741559054,0.338377728184354,5.48800944573464e-07,2.13472886161735e-06,0.34970430628232
"1756","PID1",-0.233209569373529,2.82206663713645e-07,-0.582844888010702,2.29135707252784e-08,0.00399108493220638,-0.349635318637174
"1757","COX6B1",0.255674989357725,2.11749833925435e-52,-0.093864597380104,0.0486198861289586,2.44560883110503e-14,-0.349539586737829
"1758","DHRS1",0.0277049704630701,0.545149187297022,0.376355142884302,0.000654780667833586,0.00381806618061177,0.348650172421232
"1759","BORCS7",0.0865310259217229,0.0131088548667581,0.434875047062115,1.33353664833043e-07,0.000157854891555449,0.348344021140392
"1760","WRAP53",-0.0667763144562962,0.189150585259449,-0.415065674090882,0.00469632183438081,0.0289596121589225,-0.348289359634585
"1761","SYNJ2BP",-0.116829997465961,0.0000105007714165318,0.231060322872248,0.00173731437345318,5.39218480977478e-06,0.347890320338209
"1762","CISD1",-0.0435614668219205,0.08643822217254,0.303711053829469,1.12553400127957e-06,2.21733847352166e-07,0.34727252065139
"1763","PDE1A",0.238615987567259,1.99897188309069e-06,0.585811330141763,6.4325850774331e-07,0.0113113880319045,0.347195342574505
"1764","RASSF4",0.0481555101645542,0.340327773173409,0.395149251345261,0.00107099761282787,0.00881057053126751,0.346993741180707
"1765","CYP2U1",-0.00403314596917314,0.946519235659482,0.342796006202333,0.0179305574736286,0.0251775877689471,0.346829152171506
"1766","REEP5",-0.0148388421133554,0.577730345859266,0.331717640863565,1.20405392488295e-08,4.63115126759915e-08,0.34655648297692
"1767","EPHB1",-0.147251031645555,0.000111195455766712,0.198999331349656,0.045466153850913,0.000719362714471866,0.346250362995211
"1768","DBT",-0.0742098672633872,0.019067173787785,0.271637302175208,0.000755054691432326,0.0000549032562373046,0.345847169438595
"1769","RPS29",0.0922996293100473,4.53597351003414e-12,-0.253293069243253,2.70256353028981e-16,6.13045278616358e-25,-0.3455926985533
"1770","MAPRE3",-0.0918238025198144,0.00614516169983718,0.253435344898588,0.00950192477326333,0.00065000511356443,0.345259147418403
"1771","AP3D1",0.00309605432844148,0.905845097127532,0.348346137290281,1.4208500880754e-09,2.99905129893147e-08,0.34525008296184
"1772","CCDC117",-0.0968327228954761,0.00826592790885153,0.247925129864072,0.0163528956692234,0.00126881125175528,0.344757852759548
"1773","COPRS",-0.0492855740741664,0.173901241156453,0.295224615711166,0.000600146721044871,0.000204132910518418,0.344510189785332
"1774","UBE2V1",0.0213009209087411,0.708228336199081,0.365808227370256,0.0135753597317485,0.0311804499750425,0.344507306461515
"1775","BAZ2B",0.0716330009382926,0.00096199794898073,-0.272772604112784,3.53311790041607e-08,1.38738428741211e-10,-0.344405605051077
"1776","DTX3",-0.110483813387746,0.00124846157411355,0.233771464375362,0.0170971088326249,0.000653286642040212,0.344255277763108
"1777","ALDH6A1",0.0635575443682722,0.131449367124856,0.40774977349859,0.0000408676274426249,0.00188813681639102,0.344192229130318
"1778","ROR1",0.401468135167201,8.2227671300708e-16,0.745445827935389,1.89893315927826e-09,0.0185628974322913,0.343977692768188
"1779","CCDC7",-0.101118507186865,0.00248337700620441,0.242489686107486,0.00440331178856611,0.000138516650639264,0.343608193294352
"1780","TCTA",-0.0354138160538719,0.526339939243972,0.307891066744975,0.0497591886870416,0.0380448508992075,0.343304882798847
"1781","CCDC142",0.0144143182944548,0.812933216847808,-0.328362555894713,0.0334203025183175,0.0383721988919368,-0.342776874189167
"1782","CDC7",-0.37430056076344,1.49791848751662e-14,-0.716825005016906,1.40769619673896e-09,0.0143625955294347,-0.342524444253466
"1783","SCD",-0.0656706621813636,0.0471474298310554,0.2767642949131,0.000650915091140699,0.0000736472715823052,0.342434957094464
"1784","TMEM205",0.0152525591776622,0.728964854041333,0.357657481540131,0.000530626918697681,0.00223254175484509,0.342404922362469
"1785","BYSL",-0.111138908472709,0.0231636633652929,-0.453389709513603,0.000355008705287967,0.0153458047187937,-0.342250801040893
"1786","WDR59",-0.134749182187095,5.72123262380925e-08,0.20745154152095,0.000802318439304837,1.4057368342301e-07,0.342200723708045
"1787","RPL31",0.197205483110527,1.64896463561769e-43,-0.144860891503,0.0000432915593349178,1.14545302552932e-20,-0.342066374613527
"1788","CDKN2C",-0.185789969526217,0.00797067764136579,-0.527753782400265,0.000231905979597402,0.0470656102802232,-0.341963812874048
"1789","RPS15A",0.183722006757254,4.05777498812237e-27,-0.157831508540395,0.000136576589572726,2.40815565393346e-15,-0.341553515297648
"1790","CCDC88C",0.0597530144581759,0.110817311683945,-0.281706701675507,0.0032995897314563,0.000895560447242134,-0.341459716133683
"1791","SPTAN1",-0.0268921959689937,0.211696089272346,0.314539179227555,9.51865581339324e-11,1.07652261197555e-10,0.341431375196549
"1792","MT-ND2",0.0337535435877774,0.0307498697862812,0.375130737547134,7.98770285448401e-28,1.52469232914265e-19,0.341377193959356
"1793","ZSCAN18",-0.138929951592189,1.62657823264674e-08,0.2022624151185,0.00462882310763092,2.94134301359841e-06,0.341192366710689
"1794","PRCP",0.0324647135968584,0.542501599860269,0.37363590402513,0.00198526056539305,0.0105615277756165,0.341171190428271
"1795","ATP1A3",-0.124438156736197,0.00871170395007868,-0.465449299030763,0.000286450022711241,0.0178647756826019,-0.341011142294566
"1796","PCYT1A",-0.127690380012478,0.0000209909559387085,0.212920371563145,0.00828739698542609,0.0000448917404710152,0.340610751575623
"1797","PAXX",-0.0583248962030518,0.0276451100391544,0.282133755824603,0.0000731291648210156,5.97496166672851e-06,0.340458652027655
"1798","ZNF770",-0.13284283400463,5.06145725008008e-08,0.207459015174886,0.00145322348855879,4.86994899576589e-07,0.340301849179516
"1799","AP3S2",-0.091438437763984,0.0459825105093228,0.248847105451107,0.0484270517561358,0.00952888852632921,0.340285543215091
"1800","UROS",-0.0321289273240727,0.271192743391641,0.30794127957753,0.0000345567195877906,0.000018208009029373,0.340070206901603
"1801","ZNF195",0.0835372627701865,0.00587821012409715,-0.256395956430548,0.00132948581927506,0.0000559134068060439,-0.339933219200734
"1802","NR6A1",-0.189255653764405,4.38814459309216e-15,0.149979639912929,0.0219622986876715,2.47587502556747e-07,0.339235293677334
"1803","NFE2L2",0.0892314510190245,0.000877831354589116,0.42829123960731,1.02956566081827e-11,1.347304574688e-06,0.339059788588285
"1804","AUTS2",0.0739219739557087,0.011609910931441,-0.264774047752941,0.000104531981908313,4.49897968078141e-06,-0.33869602170865
"1805","TOM1",0.138845944650429,0.00216852410204475,0.476869765669126,0.000232305300151563,0.0184305280787246,0.338023821018697
"1806","MDFI",0.0189024186578249,0.759201582347123,-0.318989475054336,0.028350018448768,0.0338447470117585,-0.337891893712161
"1807","NPTXR",-0.0956422157126791,0.00725555876223341,0.242096733512061,0.00974590413200664,0.000555261044265863,0.33773894922474
"1808","FSCN1",0.0764332066597975,0.00339731718461322,-0.261002886229506,0.0000635095914686765,1.24370264340234e-06,-0.337436092889303
"1809","PDE3A",0.250947133322072,3.15103863070483e-09,0.587606758487158,2.77828088382998e-08,0.00462478687147154,0.336659625165086
"1810","RPS28",0.240323050834653,8.49131739056216e-46,-0.0962559162870699,0.0277736465934957,5.63204518495789e-15,-0.336578967121723
"1811","EHBP1",-0.233028265683459,1.79709400284206e-40,0.102920887988679,0.025002333264925,1.16783675534254e-13,0.335949153672137
"1812","TMBIM6",0.114751427780242,3.26167431475709e-06,0.450560045605396,2.72297713733727e-15,1.50447822227725e-07,0.335808617825154
"1813","HEATR5A",0.050232083311823,0.182234234512591,0.385271008815051,0.0000144450933174628,0.000700840817870052,0.335038925503228
"1814","GLTP",0.045352411919016,0.216580516816774,0.380312652345465,4.7707104269605e-06,0.000293962886464332,0.334960240426449
"1815","MACROH2A2",-0.0323092600134,0.182104328760436,-0.367210663525381,1.59145194038796e-10,9.96503364476487e-08,-0.334901403511981
"1816","DTX1",-0.111473749368693,0.00517559820077487,0.222884859640226,0.0389605053399663,0.00281916946484829,0.334358609008919
"1817","CHPT1",-0.115811510238441,0.000675462715022465,0.218405865188926,0.00853483505373848,0.000134902622912707,0.334217375427367
"1818","PSAP",0.154377265330477,2.43371730965276e-12,0.488348034590806,5.1936637724453e-20,1.78782997303172e-08,0.333970769260329
"1819","NHEJ1",0.00850072042294137,0.865412182256772,-0.324777412978008,0.0079040762145965,0.0114526162802026,-0.333278133400949
"1820","ZSCAN25",-0.00919260982161098,0.88126435077821,0.324034730266336,0.0166463505658203,0.0243305644133299,0.333227340087947
"1821","ACVR2B",-0.0913928826666526,0.00268086386430763,-0.42458632368616,8.32573221485644e-08,0.000134564484731794,-0.333193441019508
"1822","ANP32B",0.0230829693916,0.284287701514074,-0.309536293316173,2.95974357455721e-11,6.50637881363914e-11,-0.332619262707773
"1823","SEL1L",-0.16505632250023,6.21230628464979e-10,0.167492482353449,0.0199129601960022,5.35586798024109e-06,0.332548804853679
"1824","ARSK",-0.048235524428256,0.32586703406043,0.283890872380031,0.0347511203444334,0.0189639098176753,0.332126396808287
"1825","LMBRD1",-0.15844592832822,1.84837621402806e-12,0.17325669991924,0.00281007706278458,3.00611962054415e-08,0.331702628247461
"1826","MT-ND5",-0.0431063045380763,0.00513811016424477,0.288473599969711,1.59897857423817e-16,2.91562110132539e-18,0.331579904507787
"1827","PLPPR3",-0.0113956780630626,0.838347636466332,-0.34259832512426,0.0108743592819294,0.0238531978539557,-0.331202647061197
"1828","ATP6V1A",-0.123819303352156,2.13766986327866e-09,0.207363869890219,0.000153014720497378,6.69415760025649e-09,0.331183173242375
"1829","LONRF2",0.0206695991272522,0.671897085959522,0.351610598494759,0.000670408909123601,0.0040047355283189,0.330940999367507
"1830","WDR45B",-0.0943708708853156,0.0000320811068646985,0.236457269882281,0.0000357182971933175,5.00392689122767e-08,0.330828140767596
"1831","RHOQ",0.0786390580624531,0.034246365584258,0.409399505618543,4.57081988090682e-07,0.000290209634558836,0.33076044755609
"1832","RNF144A",0.122512331488298,0.000835564496511116,-0.207801716220314,0.0391131738254936,0.00140747482662918,-0.330314047708612
"1833","PTBP3",0.0283434326024432,0.460854762074268,-0.301873521901544,0.000315666328087117,0.000332243968088554,-0.330216954503987
"1834","SEMA4B",0.0552607202588233,0.240522356471781,0.385396421355261,0.000504025542317157,0.00733601978873416,0.330135701096438
"1835","PITPNC1",-0.0313983238332216,0.265206094493831,0.298658487571008,2.09044072372726e-06,1.63040563407487e-06,0.330056811404229
"1836","ATP5MG",0.220136791698379,2.47287743396321e-43,-0.109875857569567,0.00707569188261187,7.55475700558732e-16,-0.330012649267946
"1837","REX1BD",0.014110103941892,0.599865824235135,0.344092738581065,7.28812381656561e-08,1.88429891938725e-06,0.329982634639173
"1838","KIF26B",0.427065602235572,1.30155702358851e-15,0.757001055086014,1.03642064508503e-09,0.0265254989841669,0.329935452850442
"1839","FBXO7",-0.171115516374566,4.59180193553151e-10,0.158776412714877,0.0302188577271904,8.70261844426424e-06,0.329891929089444
"1840","RNF165",-0.113344926176352,0.00511639321060304,-0.443190915609453,0.0000104478872043975,0.00347095456517742,-0.329845989433102
"1841","HDAC2",0.0465991180386094,0.0931622400874231,-0.283164143333372,8.04913512756537e-06,1.72422248546111e-06,-0.329763261371981
"1842","FSTL1",0.25000345100642,8.17038720532765e-09,0.579554785863846,5.70147509182426e-09,0.00394676651469353,0.329551334857425
"1843","MAPK4",-0.0755645520004032,0.0460282740057441,0.253882610135291,0.00524702762321424,0.000764124399086407,0.329447162135694
"1844","PRXL2A",0.125852065222085,0.0017721563342574,0.454860263669278,7.47458594214673e-06,0.00400386029592976,0.329008198447193
"1845","SMARCB1",0.146732018855895,9.36911000918841e-20,-0.182254878708772,0.0000118525817655695,3.54645670986782e-14,-0.328986897564667
"1846","NEDD4L",0.010740589505015,0.802868727062791,-0.318026890223799,0.000407002605668412,0.000918508933384754,-0.328767479728814
"1847","TAPBP",0.0111680793383106,0.824375699737931,0.339359184799337,0.00148824591341594,0.00541785005621988,0.328191105461026
"1848","SESN3",0.263237154126449,1.60198765433269e-28,0.591267888744957,8.92569715517113e-26,2.70693260079537e-07,0.328030734618508
"1849","FERMT2",0.110455392583346,0.00104322954853782,0.438460161688654,3.13481390530352e-09,0.000101852330639137,0.328004769105308
"1850","TRIM9",0.0956575086506144,0.0302101069309714,0.42354175629671,0.0000225873610305595,0.00381654351545047,0.327884247646095
"1851","RAD50",-0.111517172418065,1.55199169644613e-08,0.216208325242845,0.000015351052476463,5.03505961921548e-10,0.32772549766091
"1852","ZER1",-0.0471057687541947,0.143062652419142,0.280323491357198,0.000524493013472361,0.000151385723669003,0.327429260111393
"1853","TIAM2",0.0341460327449114,0.327324283007714,-0.293092096601942,0.000212007915230015,0.000147038331723909,-0.327238129346853
"1854","BCL7B",0.09751349397414,0.000958623522778986,-0.229213327866803,0.00627247070109309,0.00017215079562851,-0.326726821840943
"1855","FAM3A",0.0279914093574173,0.526785770362961,0.354563442000755,0.00287625200180941,0.0108393376079236,0.326572032643337
"1856","HEXB",0.0391600473488345,0.421543915374613,0.365610233112937,0.00402507056043728,0.0187351516956734,0.326450185764103
"1857","ERV3-1",0.00749707594174637,0.834267978749852,-0.318654521718828,0.00023366500124548,0.000453948165302244,-0.326151597660574
"1858","UBA52",0.192733250419298,2.4767513008401e-48,-0.132527742570912,0.0000400757567723883,2.63984411669877e-22,-0.32526099299021
"1859","SPRY3",-0.126285191404961,0.0047722859131676,-0.451384091162929,0.0000763918665679707,0.0115946105130924,-0.325098899757968
"1860","MPST",0.0656620160911427,0.011362704510208,-0.258866880161516,0.0000523158320548417,2.12575203936193e-06,-0.324528896252659
"1861","FDFT1",0.0594884668058718,0.119255597883677,-0.26490492911626,0.00441709294092041,0.00115822084425107,-0.324393395922132
"1862","IFI44",0.0525303834766167,0.285845181449239,-0.271697218051745,0.0246936978097261,0.0119888517397297,-0.324227601528362
"1863","ARHGEF3",0.1950120145717,6.52239531749074e-06,0.51898014341676,4.92064210585828e-07,0.00637330694234071,0.32396812884506
"1864","AGGF1",-0.0483181618634321,0.046371771994861,0.275578629091291,9.38791224688165e-06,1.04380431667556e-06,0.323896790954723
"1865","ARL6IP5",0.076587476073806,0.00342914616083662,0.400480776635607,2.57952422340257e-10,3.87011650468653e-06,0.323893300561801
"1866","PAK4",-0.0836408462489803,0.0532884089027129,-0.407271399952161,0.00028723585203825,0.00928302736827391,-0.32363055370318
"1867","PCDH9",0.108098802555172,0.0470244542664883,0.431585526608916,0.000722490614751065,0.026886757010005,0.323486724053744
"1868","NDUFB8",0.185320267744498,1.81173946233418e-23,-0.138017274875638,0.00406908389154345,3.7430171825091e-11,-0.323337542620136
"1869","RFLNA",-0.00131904832048245,0.974015400704493,-0.324355343943284,0.000250528980290133,0.000847704014806948,-0.323036295622802
"1870","FGF9",-0.122216678233267,0.012130542820223,-0.444959337640394,0.000200097876804794,0.0166768304629635,-0.322742659407127
"1871","NXF1",-0.000730518466589507,0.987331338035223,-0.323154548700041,0.00283629869143408,0.00592045965335582,-0.322424030233451
"1872","SRRD",0.0510702019201476,0.225721236805644,0.373411086879574,0.000765171684148088,0.00783082244713125,0.322340884959427
"1873","NT5C3B",0.0611099401572181,0.00363769437900139,-0.261185299841348,2.51431836756646e-06,4.70068537824919e-08,-0.322295239998566
"1874","MRPL9",0.125965845761549,1.25391981065338e-06,-0.196213090320908,0.00245176476989543,2.12159622081923e-06,-0.322178936082457
"1875","UBXN1",0.158384301681863,3.59949815085526e-17,-0.163768282680734,0.00081018709160485,1.61772987791087e-10,-0.322152584362597
"1876","CBX2",-0.0256360475476573,0.553629411422791,-0.347523364589557,0.000153716995289615,0.00169422869303027,-0.3218873170419
"1877","VAMP4",-0.10731840463918,0.00346653678531856,0.214423891774337,0.0313913793145704,0.00183850697162664,0.321742296413517
"1878","RELA",-0.0314467076581885,0.415412961243414,0.290290706250663,0.00377376644532736,0.00256676584501708,0.321737413908852
"1879","LCOR",0.0159456378283035,0.442417254778069,-0.305734564911745,3.73917151266417e-12,2.23619318310132e-11,-0.321680202740049
"1880","CCDC28A",0.0721664443856368,0.191835868882769,-0.249463792452083,0.0475094223966121,0.0182806751772037,-0.32163023683772
"1881","UBN1",-0.0817807917537199,0.00191041935161941,0.239097213381839,0.000500655767172926,9.59693993598675e-06,0.320878005135559
"1882","CCNQ",0.0359222824048512,0.42789709602008,0.356557998652939,0.00609819536159022,0.0218604048822272,0.320635716248087
"1883","TSPAN3",0.0845303997667617,0.000108439642558191,0.40509620851571,1.32643869775809e-15,1.23906249270891e-08,0.320565808748949
"1884","GNA11",0.0131469038603488,0.71258550568632,0.333413355763263,0.0000150527111214648,0.000159624239304169,0.320266451902914
"1885","PBX1",-0.0835391972753745,0.000220832707685894,-0.403653890357059,2.51044278811294e-15,2.06078850213694e-08,-0.320114693081684
"1886","WDR45",0.07180441909566,0.041348807262893,0.39181026172241,5.10734378978163e-06,0.000806205763006356,0.32000584262675
"1887","SEPTIN6",-0.0459771972651041,0.369176909220282,-0.365867092346248,0.00394352154579922,0.0232719747482238,-0.319889895081143
"1888","TCEAL1",-0.146101217129848,1.12080802359811e-06,0.173642134747553,0.0343193355402152,0.000127455307819285,0.319743351877401
"1889","NUBP1",0.0380241742682934,0.352416073977011,-0.281447272598662,0.00287625200180941,0.0018603278800083,-0.319471446866956
"1890","MCOLN1",0.0144298997236518,0.741994253619532,0.333448548041389,0.0115477566390404,0.0223770107371015,0.319018648317737
"1891","RPL10",0.2048121518782,1.63667213925261e-32,-0.114094117380819,0.00860518071345301,3.32381739968631e-13,-0.318906269259019
"1892","LTBP4",-0.0565984766121747,0.273381981871132,0.262083035525072,0.0476057534052073,0.0234590129588916,0.318681512137247
"1893","CYSTM1",0.238578630198373,6.03761298041371e-12,0.557008010272744,9.72878142874606e-12,0.000728109132991653,0.31842938007437
"1894","VPS53",-0.178285929755867,9.02088499309941e-20,0.139546322924957,0.00717931024986992,1.48476700208282e-09,0.317832252680824
"1895","LSM10",0.113605135948919,0.0000888731975501599,0.431350967930046,6.56350187069068e-09,0.000110769492307854,0.317745831981127
"1896","ELMO2",-0.128588047935044,0.00020447244520225,0.189029096247,0.0482863689556664,0.00117164209379321,0.317617144182044
"1897","TTC19",-0.197891945565095,5.71226754203587e-34,0.119702461870821,0.00648224736689286,5.09454122138494e-13,0.317594407435916
"1898","RPLP2",0.158878481003684,2.08574247467608e-31,-0.157904250045099,1.14754928110275e-06,2.34224589780524e-20,-0.316782731048784
"1899","DPYSL4",0.126279107451142,0.000199684007206919,-0.190280941356563,0.0475581390908758,0.00124011261688417,-0.316560048807705
"1900","BBS2",-0.0751828596424905,0.0112786928166782,0.241360318986306,0.00167119350302514,0.000102485798696213,0.316543178628797
"1901","CENATAC",-0.126387221712731,3.08825761342707e-06,0.189960798273531,0.00584001760732771,0.0000104898998487803,0.316348019986262
"1902","GLT8D1",-0.0637688203885497,0.0489400416772382,0.252515671233067,0.00376326225603644,0.000569217067772854,0.316284491621617
"1903","PSPH",-0.0413965788349426,0.275799124306569,0.274809869830122,0.00704561510608661,0.00337410291471923,0.316206448665064
"1904","ENSG00000254692",-0.0371024751211879,0.433899290115959,-0.353142889737348,0.00371937073263308,0.0177304402967873,-0.31604041461616
"1905","HEY1",0.0154361791946004,0.783067536900177,0.331349534695577,0.0098810793004084,0.0252174218035288,0.315913355500976
"1906","MOSPD2",-0.117957026863732,0.00118989944301632,0.197807584362567,0.0402217304871887,0.00157756913805577,0.315764611226298
"1907","CYB5A",0.200346452633531,1.3764848187795e-10,0.516053875740369,3.60369008168917e-11,0.000342501020107063,0.315707423106838
"1908","POMGNT2",0.0083549706095226,0.87206916100046,0.323850038877308,0.0129807813315316,0.0244816795407471,0.315495068267786
"1909","TPGS2",0.0802512354732025,0.000527846243954549,-0.234887364832961,0.00002704448153546,1.35538191897235e-07,-0.315138600306163
"1910","CCNJ",-0.00997771587226427,0.82401218456811,-0.324862611294938,0.000548945018316898,0.00247079164817456,-0.314884895422674
"1911","GCLM",-0.0612721630235349,0.102065520468277,0.253550264790865,0.0045898775181463,0.00108881731740088,0.3148224278144
"1912","WBP2",0.0788989465304818,0.00626273366958155,0.393188762320781,2.9002268327511e-07,0.000187836359075494,0.314289815790299
"1913","MTA2",0.0408570580810288,0.337058671104367,-0.273091252382349,0.0132621596433642,0.00750695663610873,-0.313948310463378
"1914","ENDOG",-0.120157729400279,0.0000661528144192157,0.193492216542093,0.0258788739958435,0.000400458860144745,0.313649945942373
"1915","CITED2",-0.163513246818439,8.36163493461373e-08,-0.476723484242225,1.08712129329466e-10,0.000180329395788976,-0.313210237423787
"1916","SNX3",0.122328408059066,4.55022559170855e-06,0.435473490502248,8.89638013204409e-13,5.52214292291578e-06,0.313145082443182
"1917","RSRP1",-0.0998583372894346,7.26550505934731e-06,0.213213546027092,0.0000765894859421175,4.86413137060256e-08,0.313071883316527
"1918","TMEM25",-0.082336607896564,0.0071846246471441,0.230708879420355,0.0086380213435816,0.000596013132991259,0.313045487316919
"1919","SNRPD2",0.101574053305269,1.31340332267736e-09,-0.211120622922232,9.41858026219044e-08,1.7636760007612e-13,-0.312694676227501
"1920","ARL2",-0.0837303524169705,0.0126896026773003,0.228951306748094,0.0160167678263517,0.00153559104360238,0.312681659165065
"1921","UXT",0.173446251758535,3.9550092816911e-16,-0.139181209768637,0.0101508491038445,1.65632928982032e-08,-0.312627461527171
"1922","BCL2L2",-0.052254507152844,0.305683956408736,0.259901971750604,0.0395740053457953,0.0210696358631197,0.312156478903448
"1923","ID2",0.32858534230548,1.2324358765458e-15,0.640658644114268,2.35257116142724e-11,0.00570825430109701,0.312073301808788
"1924","EMC10",0.0975344945585947,0.00435255006925434,0.40952977702367,2.52298242934268e-06,0.00126811824895739,0.311995282465076
"1925","POLE4",-0.0807168798450908,0.0233062911332619,0.231270597810145,0.0135451272721483,0.00154182128781355,0.311987477655236
"1926","MPND",-0.0202558867299955,0.644321965941911,0.291704513395802,0.0197726979559568,0.017982869920452,0.311960400125798
"1927","CCDC65",-0.1277937299781,9.34348570028024e-06,0.184163134447667,0.0231289596481286,0.00016707908670948,0.311956864425767
"1928","TMEM259",-0.0913561895006967,0.00104068423574318,0.22052262537086,0.00822118631601351,0.000281039687922261,0.311878814871557
"1929","LDLR",-0.0639615841431959,0.0887934731014411,-0.374945172547331,0.0000476503179551635,0.00228064648992799,-0.310983588404135
"1930","RALGDS",0.0193100342932818,0.555897589044078,-0.291376500815296,0.00036418580678356,0.000401005121408512,-0.310686535108578
"1931","HEXIM1",0.0219294726665105,0.662892306407442,0.332248541194098,0.00779012606957558,0.0227730444015738,0.310319068527587
"1932","RDH11",0.032037660370043,0.120453036131609,0.34210580780037,7.11801970864031e-12,1.10079178667687e-08,0.310068147430327
"1933","TPD52L2",-0.128439906565969,0.0000240579954755503,0.181315258515651,0.0413761447977516,0.000581222055027678,0.309755165081621
"1934","SWAP70",-0.00792077896633434,0.881944707972026,0.3018320421079,0.013290360035529,0.0191496424058824,0.309752821074235
"1935","ZNF189",-0.0984063064791813,0.00412780852490441,-0.407836639654269,4.78112826855207e-07,0.000686533541952285,-0.309430333175088
"1936","SSR2",0.19243734136235,8.05834039977378e-32,-0.116955611561482,0.00756565843862861,1.7666106246133e-12,-0.309392952923832
"1937","FUNDC1",0.0676206253449544,0.0185742002076279,0.376720935455828,4.54347392876285e-07,0.000159321673592455,0.309100310110874
"1938","STK40",0.0391686637119854,0.345932855167088,0.347986422974909,0.00077103957428144,0.00662159023489606,0.308817759262923
"1939","SLC22A17",-0.0212187632318366,0.5559902121079,0.287330971993738,0.00429942982568483,0.00370157396103249,0.308549735225575
"1940","CERS4",0.0397213243784875,0.245459235291065,0.34815171481947,0.0000878433271432628,0.0014328302616168,0.308430390440982
"1941","RPLP1",0.191398872361323,8.15822761033227e-22,-0.116873996171227,0.0212888731020444,1.55673461877938e-09,-0.30827286853255
"1942","GPAA1",0.0799655022430619,0.00804132161585679,0.388021864765839,8.58074656825097e-06,0.0011570010773567,0.308056362522777
"1943","PPP1R14B",0.116860532222564,1.03997745773798e-10,-0.1908174631739,7.47458594214673e-06,1.23177625399505e-11,-0.307677995396463
"1944","STIMATE",-0.00925615742953939,0.84356147861661,0.298408068223271,0.00771733360867034,0.0109425644077056,0.30766422565281
"1945","NRBF2",-0.0612909506084794,0.0715601083066703,0.246149185583523,0.00979319825417811,0.00207502814098436,0.307440136192002
"1946","SEC24D",-0.0209820986377566,0.669276618849872,0.286401313327561,0.0240395228369557,0.0227616531191368,0.307383411965318
"1947","MND1",-0.104332786920828,0.0229223813809577,-0.411527972845559,0.000109138115054349,0.0111298886630462,-0.307195185924731
"1948","LDB1",0.0640756954834667,0.0328134987849763,-0.242804045971096,0.00184686639744357,0.000207385058910711,-0.306879741454563
"1949","FAM171A2",0.0783329972506664,0.0317498184785212,-0.228471538756586,0.0438489032645012,0.00848134632300955,-0.306804536007253
"1950","XRRA1",-0.149795012475569,1.10475442968696e-07,0.157003039810217,0.0305633192889346,0.0000374736467930474,0.306798052285787
"1951","DNAJC10",-0.146637735840433,1.376129573327e-08,0.160138464543917,0.0168118512676554,8.01839013302457e-06,0.30677620038435
"1952","B4GALT2",0.00762761608006426,0.850206236397219,-0.299112252376344,0.0040000118471246,0.00576865407681599,-0.306739868456408
"1953","DNASE1",-0.125276589603344,0.0000342382930446726,0.18127500472375,0.0347183092956931,0.000457369086037934,0.306551594327094
"1954","HMGCS1",-0.0389276407185359,0.335279639609804,0.267400978623676,0.00458613970932413,0.00272121736857398,0.306328619342212
"1955","IFT57",-0.0821975307328703,0.0143872301541588,0.224083971175452,0.0105533908453814,0.000853031682059681,0.306281501908322
"1956","EDEM3",-0.0768040289673887,0.00533190087964019,0.228986382925175,0.000852472044570764,0.0000283829460978753,0.305790411892564
"1957","ITPKC",-0.0116928788309537,0.838947899160803,-0.317247364199013,0.0219439643348083,0.0426195145463916,-0.305554485368059
"1958","RIMS2",-0.243670062257876,8.33904045595093e-07,-0.548500114574233,2.9269380224523e-06,0.027109759618142,-0.304830052316358
"1959","IRF9",0.137000670999275,0.0233062911332619,0.441651327521655,0.000371229786071731,0.0381263664676744,0.304650656522379
"1960","PITPNA",-0.0544829595538721,0.0281008846190704,0.25012483741065,0.0000642330430669715,4.99705197927322e-06,0.304607796964522
"1961","CAST",0.0772325383388016,0.164091612805178,0.381494629435935,0.00377376644532736,0.0390412177989932,0.304262091097134
"1962","FAM91A1",-0.126983595186205,0.00025091590850926,0.177130732704589,0.0397640330301284,0.000695203703574907,0.304114327890793
"1963","ZHX3",-0.131060972883641,7.17889828743432e-08,0.17289757806296,0.00456677219055998,1.71653724130083e-06,0.303958550946601
"1964","SLC48A1",0.00818418077152177,0.871789940339692,-0.295725574245194,0.0234063267947575,0.029198655770384,-0.303909755016716
"1965","APEX1",0.0968197961850047,1.80974106501704e-10,-0.207019545708478,1.80971387035179e-08,1.01570658698494e-14,-0.303839341893482
"1966","AFG3L2",-0.0718183900954487,0.00752152180791646,0.231827197688112,0.00114303764979441,0.0000532650074755595,0.303645587783561
"1967","TMEM50B",-0.0896013618754928,0.00328353863258993,0.213832688437615,0.00439160374798284,0.00013729285218852,0.303434050313108
"1968","SYPL1",0.00889115283036323,0.849893253149922,0.312196196358269,0.00306575171605378,0.00845663164084861,0.303305043527906
"1969","CNTLN",-0.141995233257229,2.10379246812018e-06,-0.445185420515832,1.29907897981379e-10,0.000129870485531119,-0.303190187258603
"1970","COPS8",-0.0625919562856795,0.00893876354359057,0.240271439171818,0.0000753757839918224,2.87162314679268e-06,0.302863395457498
"1971","SETBP1",0.0543328306391786,0.0115391006556806,-0.248230302433478,3.8009854189801e-07,1.31174818970267e-08,-0.302563133072656
"1972","ILK",0.0438506921474729,0.0920521837470009,0.346390455447573,1.52948749007224e-07,0.0000280612943603405,0.3025397633001
"1973","RORB",0.0637115353563492,0.16157321939504,0.365772874187348,0.000356927843617686,0.00886920414533279,0.302061338830999
"1974","SFR1",0.0141268569741391,0.777738538584103,-0.287436708150956,0.0113078249763558,0.014624608945378,-0.301563565125095
"1975","SNRPB2",0.0814963416966084,4.36994909505631e-07,-0.219743052621621,7.60232187088673e-08,3.91678753948309e-12,-0.30123939431823
"1976","ITM2B",0.128663156723521,1.52776707169716e-08,0.429727195010839,2.19803046892869e-16,3.26779831448618e-07,0.301064038287318
"1977","LMNB1",-0.219482663885808,2.41959244159018e-15,-0.520440361489359,2.68388883819543e-15,0.0000578247642680531,-0.300957697603551
"1978","NCSTN",-0.0343570572945796,0.34829640590835,0.266578834067835,0.0112024827344042,0.00647522362901446,0.300935891362414
"1979","HMGN1",0.0195174982344122,0.138656370942054,-0.281296676936241,4.92775821841836e-20,1.15149643440301e-19,-0.300814175170654
"1980","NAV1",0.0687368087137904,0.0223495213019556,0.369404486909075,6.19321689989225e-08,0.0000904693735664443,0.300667678195285
"1981","GDE1",0.131891645879119,2.1413037485441e-06,0.432501017942129,2.78855457338332e-09,0.000203358669996601,0.30060937206301
"1982","C6orf120",0.0740525126599807,0.0478012864248421,0.3739432940692,0.00030859308798116,0.00817562564609049,0.299890781409219
"1983","SURF1",0.0167193453786041,0.586218516652749,0.31654273332,0.0000527227999583439,0.000384613507047006,0.299823387941396
"1984","RPS11",0.116832194499203,2.63204540877479e-09,-0.182935829285649,0.0000916040892761847,1.5800373150231e-09,-0.299768023784851
"1985","PPP1R18",0.0760828726544038,0.0555969571712809,-0.223503430788228,0.0262372981876685,0.00477448474539577,-0.299586303442632
"1986","ANAPC15",0.069806347102175,0.0219387298782239,-0.229354397659317,0.00171066436560873,0.000136793980433238,-0.299160744761492
"1987","GPR155",-0.0531871795838688,0.222703944939573,0.245938175417427,0.0179354939669041,0.00773125014586649,0.299125355001296
"1988","PIGX",-0.158477326722823,8.69122403510599e-11,0.140468110199039,0.0424836370049045,0.0000154568276420501,0.298945436921862
"1989","GDAP1",0.0988046084852517,0.000270599137698758,-0.200080671531025,0.00389142866236466,0.0000385444943890929,-0.298885280016277
"1990","ZNF184",0.0168927520540636,0.70963428494822,-0.281953326803431,0.00693124682750113,0.00849548747503634,-0.298846078857495
"1991","ATXN1",0.127357624536036,0.00593552550851613,0.425659972079628,0.0000618263312428063,0.0151471469963302,0.298302347543591
"1992","MID1IP1",-0.100931520065546,0.00800423160808619,0.197314574240337,0.0437773509582064,0.0035750243794794,0.298246094305882
"1993","ZNF232",-0.13434783974114,0.000610278484328545,-0.432583668157465,0.0000316654305716557,0.0107017466098312,-0.298235828416325
"1994","RANBP10",-0.0975057372311078,0.00128886861221923,0.200558349997746,0.00763843594104776,0.000172341508347148,0.298064087228854
"1995","TLE5",0.0584592219267414,0.0627570357160913,-0.239379546266653,0.00159717416382098,0.000242167497224174,-0.297838768193395
"1996","PHACTR1",-0.139973025336691,0.0000189642435812817,-0.437772878360769,7.91130811354959e-09,0.000580428653718682,-0.297799853024078
"1997","ZNF66",-0.300455679748989,2.53775985416939e-20,-0.598164946561045,1.08998104216168e-14,0.000867625002368197,-0.297709266812056
"1998","RBM3",0.106298034753952,0.000156350126107785,-0.191396105394095,0.0054431504219084,0.0000430001109280133,-0.297694140148047
"1999","H3-3A",0.185553046221403,1.21510973950625e-40,-0.11207995644085,0.00110743380977441,2.30636264008232e-17,-0.297633002662252
"2000","VCPIP1",-0.0611896347139099,0.086045753678537,0.236206301304524,0.00762640355663763,0.00163295915248584,0.297395936018434
"2001","CREBL2",-0.0777797131274553,0.0247901161150197,0.218650417539919,0.021063700403752,0.00272575317578388,0.296430130667374
"2002","UBE2S",-0.0151369882324735,0.655397179516073,-0.311515616193203,0.000021278007266972,0.000249246672140219,-0.29637862796073
"2003","GAN",-0.0729022335728718,0.0153419094309814,0.223187211243656,0.00250074626614074,0.00016707908670948,0.296089444816528
"2004","XIAP",-0.0896995045209488,0.0000268794507463504,0.206348609886661,0.0000948150293772749,1.36047936814772e-07,0.29604811440761
"2005","RPP25L",-0.0171872878718182,0.714142909698475,0.27877905320469,0.0283804644038347,0.0277598555040679,0.295966341076508
"2006","RAB21",-0.101923287104401,0.000017776807276398,0.193638941496142,0.00159503874819399,4.30374635996704e-06,0.295562228600543
"2007","SUGCT",0.00212622345068908,0.971426544826794,0.297568801534646,0.0324993590478238,0.0468086465236474,0.295442578083957
"2008","ACTL6A",-0.0364857463785219,0.20640713973205,-0.331844112722267,5.59332808586675e-07,0.0000594306045970741,-0.295358366343745
"2009","GPR137C",-0.0574700187958701,0.11743869714369,-0.352726948350641,0.0000300481602141435,0.00179339214756528,-0.295256929554771
"2010","FZR1",-0.0281837156406991,0.562400774472457,0.266336794497969,0.0382343024230576,0.0308530255150337,0.294520510138668
"2011","SLC25A25",-0.0973396133086983,0.00750202904992923,0.19713232546682,0.0335953650500637,0.00241378541917606,0.294471938775519
"2012","SAR1B",-0.0328722095115457,0.295493069181165,0.261363956361181,0.000236583180092346,0.000147017071863554,0.294236165872727
"2013","SEC22C",-0.0287257451590468,0.263377028342713,0.26526982415929,0.000034379962204108,0.0000178814371926438,0.293995569318337
"2014","SLC18B1",-0.0727922088875134,0.0479099915948466,0.220873985365173,0.0466317320259783,0.0100641900011087,0.293666194252686
"2015","MRPL40",0.0421868582516534,0.113113178417373,0.335745318685403,1.84650814629332e-07,0.0000332733691185861,0.29355846043375
"2016","PLCXD2",-0.0470280945220691,0.265014026340481,-0.340569915212123,0.00241583294309142,0.0166752443527801,-0.293541820690054
"2017","RPL32",0.126783183048857,2.59634607157966e-18,-0.166467180724408,1.32404882952116e-06,1.08334829967841e-15,-0.293250363773265
"2018","PGAP2",-0.0509391609683912,0.171345852810074,0.242183886981887,0.0182463755157076,0.00660769456261315,0.293123047950279
"2019","CPNE3",0.12463208033285,2.91150358909069e-12,0.417624554082,1.32624090780189e-22,6.80042687485109e-10,0.29299247374915
"2020","HSPA9",-0.108083025311971,4.75165298931261e-07,0.184653111035488,0.000748394773834551,3.42453242984687e-07,0.292736136347459
"2021","PTPRJ",-0.135627466717553,4.54336396868674e-07,0.156861795518728,0.0290253498425082,0.0000676498359664371,0.292489262236281
"2022","SCD5",-0.0234452071098781,0.527545160994162,0.268769403507716,0.00126337379886465,0.00129300382102993,0.292214610617594
"2023","TMEM19",0.01643495884514,0.693070618337475,-0.27544755532179,0.00740720080103497,0.00828797473712388,-0.29188251416693
"2024","OSBPL2",-0.112633867166717,0.000347096898998521,0.179149674931975,0.0415497860174462,0.00120359508929288,0.291783542098691
"2025","CPT1C",0.00818927158814272,0.856377671490303,0.299968651998375,0.00881873994320498,0.0183716631531103,0.291779380410232
"2026","NFKBIB",-0.0179704481821309,0.739453181097818,0.273354919164247,0.0468388797439249,0.0470706544378626,0.291325367346377
"2027","BAZ1A",0.0539204282240992,0.0282767168819202,-0.237381732519087,0.0000374246023219872,2.81205692801633e-06,-0.291302160743186
"2028","ZNF738",-0.173225575525022,4.03704728006133e-15,-0.464406908055647,4.5104477910112e-19,6.81792118203618e-07,-0.291181332530625
"2029","RBBP8",-0.175543765096738,9.29665662952715e-07,-0.466678152855801,5.41277022637906e-08,0.00306063865889002,-0.291134387759063
"2030","SQSTM1",0.15139603352591,5.24880669489512e-09,0.442529873945774,6.41371335632736e-12,0.0000563203697253466,0.291133840419864
"2031","RPL35",0.160179553993826,1.51703717621214e-26,-0.13091077327745,0.000416300138733257,3.66375148914835e-14,-0.291090327271275
"2032","CEP76",-0.0246632648484206,0.516358187107244,-0.315218453108183,0.00154941069267363,0.00693555798451392,-0.290555188259762
"2033","CBFA2T2",0.0557638922136106,0.0360737232964724,-0.234724014399629,0.000224689999399413,0.0000230917118259683,-0.290487906613239
"2034","CERS6",-0.123140051786495,0.000736278410957937,-0.413483807880624,7.45848601286612e-07,0.00239188827230005,-0.290343756094129
"2035","CRISPLD1",-0.0506961868911524,0.242137068049179,0.238944060391149,0.0300271494919673,0.0132848392860925,0.289640247282301
"2036","CYTH3",-0.0554859087949211,0.0942580978390714,0.234016244915104,0.0038181254008393,0.00082853448279426,0.289502153710025
"2037","TBC1D14",-0.13045705572383,1.42363284534275e-08,0.158688334379304,0.00867272719358467,3.16647089429296e-06,0.289145390103134
"2038","ZNF730",-0.268561438340003,3.39708438178488e-18,-0.557696131754822,1.68561888729293e-14,0.000603573695636595,-0.289134693414819
"2039","MAZ",-0.0296471152126526,0.409866710909382,-0.318710335544837,0.0001877509108441,0.00212765703587021,-0.289063220332185
"2040","ZSWIM6",0.115096919054027,1.40791610890616e-07,-0.173961558946644,0.00161636495499613,5.33580537275452e-07,-0.28905847800067
"2041","CENPO",-0.118362699365727,0.00948756501090627,-0.407405935374281,0.000267318177917343,0.0223378925532787,-0.289043236008554
"2042","CLSTN1",-0.108980507080589,7.08527992441105e-07,0.179906450455211,0.00165875407655187,1.32846996005833e-06,0.288886957535799
"2043","RPL22",0.116813517577627,1.58649375192508e-13,-0.172037001293277,4.85407387089202e-06,5.25461906994217e-13,-0.288850518870905
"2044","SLC11A2",-0.0979917903893813,0.00138107561359146,0.190789000397963,0.0327052494245506,0.00161307349372184,0.288780790787344
"2045","MEX3B",-0.165097014849799,1.42203606542676e-06,-0.453570613377844,2.2196986300553e-08,0.00173258129654635,-0.288473598528045
"2046","ZC3H12C",-0.0354223764301918,0.365928828792311,-0.32383116291677,0.00014672137642278,0.00268637437225009,-0.288408786486579
"2047","DAGLB",-0.156912839591122,0.000151279284905633,-0.445148991343572,0.0000162480065339048,0.0144127489724678,-0.288236151752451
"2048","CLEC11A",0.0317511596038875,0.453670707471814,0.319889594231052,0.00336827459089448,0.0153501063056612,0.288138434627165
"2049","SNX5",0.0172744918432428,0.623558493471579,0.30541176641204,0.0000588815444732356,0.000607805237710542,0.288137274568797
"2050","SEC22B",0.0693397670612424,0.0130059092035348,-0.218715500092657,0.00186430265963482,0.000117520100056051,-0.2880552671539
"2051","FNDC4",0.152991355837743,0.0000126564108515105,0.440911383310208,0.0000578018403245472,0.0176674533396145,0.287920027472466
"2052","ADGRA3",-0.0254753731956531,0.318273187362629,-0.312481025886424,1.66262096991902e-08,2.97695252203734e-06,-0.287005652690771
"2053","CDH2",0.0595868238755794,0.00440457733534341,-0.227403328714956,1.87854435052341e-06,3.15792241410496e-08,-0.286990152590535
"2054","KIAA0895L",-0.120578981735851,0.000933266699355134,-0.40728292081699,0.000012060912855764,0.00639091715607603,-0.286703939081139
"2055","RRM2B",0.179552951255187,1.2141807995573e-06,0.465951672134679,3.58257527069418e-07,0.0062005660539376,0.286398720879491
"2056","ISCA2",0.037947277911911,0.264305790018471,0.324261386220734,0.0000980437292311298,0.00178140447662505,0.286314108308823
"2057","TYW3",0.081427898144692,0.104453835223973,0.367404529384381,0.00325863946592079,0.0401986197865763,0.285976631239689
"2058","CELSR1",-0.0106576263971054,0.849893253149922,0.275255605635169,0.0335297967298813,0.0481554275327704,0.285913232032274
"2059","UNC50",-0.0194660094428437,0.556156603275517,0.266402012767336,0.000588599143029051,0.000643628813072273,0.28586802221018
"2060","CREBZF",-0.162654948880503,1.52767791511898e-11,0.123055729128993,0.0483041044399803,5.4889049709967e-06,0.285710678009496
"2061","ADGRB3",-0.105192583494836,4.86509488134236e-07,0.180089294843304,0.000345817504453143,9.87751669570053e-08,0.285281878338139
"2062","CERS1",0.0652414480309023,0.171051541450855,0.350406018894039,0.00307489049944343,0.0308530255150337,0.285164570863137
"2063","SBK1",0.0429044525186056,0.332900453045459,-0.24217415720101,0.0297269290412227,0.0166768304629635,-0.285078609719616
"2064","ZBTB48",0.0202675115674732,0.688546789816276,-0.264640073488561,0.0458581759127502,0.0441257649337053,-0.284907585056034
"2065","TECPR1",-0.00366727855862206,0.927413746299905,0.281052790572964,0.00257713971267151,0.00469530223982757,0.284720069131586
"2066","TERF2",-0.116108707454796,3.72574287013709e-06,0.168429610773282,0.0146142247913851,0.0000586272743818691,0.284538318228077
"2067","TGFBR1",-0.110335491226347,0.0000157323040438221,-0.394737126210719,1.03745073768704e-10,0.0000337133170411332,-0.284401634984372
"2068","ADD2",0.0023683501465005,0.955279398030534,-0.281811234639768,0.00178975548165192,0.00407067146023251,-0.284179584786268
"2069","FAM229B",0.033405578245065,0.321081556152496,0.316957530422368,0.000103249954475759,0.00157405830715084,0.283551952177303
"2070","TAF13",0.0593729279526615,0.134636546670111,0.342842454175499,0.000156841195780328,0.00525058753197792,0.283469526222837
"2071","PHTF1",-0.00787707539829084,0.752297589256619,-0.291196911516469,1.14646712502684e-07,2.32367213834841e-06,-0.283319836118178
"2072","SNUPN",-0.0837363930213216,0.0154896699195313,0.199521525055565,0.041971497823242,0.00520992350437376,0.283257918076887
"2073","PXYLP1",-0.0015486269709606,0.968520559846604,0.281655754434689,0.00030748552871151,0.00102873889859512,0.283204381405649
"2074","ZNF117",-0.0303095975574411,0.344363826108166,-0.313180260063142,0.0000354669076234351,0.00069614602759236,-0.282870662505701
"2075","LRIF1",-0.117501779181004,0.000077621802286827,0.165329489957357,0.0496741656766842,0.000971597464236402,0.282831269138361
"2076","FAM199X",-0.0375781163406078,0.306753006893267,0.245113274336437,0.00262017062509281,0.00146201273833195,0.282691390677045
"2077","CRYL1",0.0886107697649327,0.0340119419317631,0.370940495075184,0.0000980437292311298,0.00937555463656237,0.282329725310251
"2078","MFHAS1",-0.0675685001968302,0.0195550276470703,0.214632794770502,0.00381568865089374,0.00034655023766248,0.282201294967332
"2079","KCTD5",-0.0639785862274106,0.0679756114180471,0.218198775396665,0.0240360026969,0.00526337592297026,0.282177361624075
"2080","TCF12",0.172094924370872,7.44191217705731e-22,-0.11000997249368,0.0154383172142381,7.31822196290995e-10,-0.282104896864552
"2081","CDKN2D",-0.0542277808270061,0.282206475553727,-0.336279259227893,0.00827881329884243,0.0455869357563748,-0.282051478400887
"2082","MT-ND1",0.0928703098282132,1.3615652044495e-12,0.374709898231744,3.25904739083871e-36,1.36175167827161e-17,0.281839588403531
"2083","METTL23",-0.0405658440725508,0.228602523190137,0.241137289930006,0.0110752223850581,0.00462478687147154,0.281703134002557
"2084","MRPL48",-0.121334613933172,0.0000259317676916237,-0.40298426761002,1.27874731955514e-08,0.000411289601666739,-0.281649653676848
"2085","ATP11A",-0.0957182186876352,0.00281188342688789,0.185429436285792,0.0253154522489516,0.0011570010773567,0.281147654973427
"2086","TTC28",0.0407477531783447,0.037236111816252,-0.240370454419727,5.07753885539677e-08,5.0657775187484e-09,-0.281118207598071
"2087","VAMP3",0.0570857110625416,0.202374064826168,0.338145298366727,0.000785693344359912,0.0130794666609681,0.281059587304185
"2088","BASP1",0.00511998502859216,0.900559842862187,-0.275747749972628,0.00136107697368982,0.00310066244463263,-0.28086773500122
"2089","INTS1",-0.0314476644354819,0.47588719007289,0.249263827411412,0.031432432769424,0.0228225371278296,0.280711491846894
"2090","SH3GL1",-0.0879027104262416,0.00361734883569639,0.192796047274606,0.0289392340613904,0.00194588069565236,0.280698757700848
"2091","MIEF1",-0.0765967091112588,0.0135980360944381,0.203837279147356,0.0169891163365555,0.00160961436757223,0.280433988258615
"2092","ZSCAN21",-0.0114282262121786,0.74284223990456,-0.29167354293885,0.000547794142900698,0.0021859096693867,-0.280245316726671
"2093","HNRNPA0",0.0679560809113471,0.0000323680546655962,-0.212204880724821,1.25137379734846e-07,6.90126604237866e-11,-0.280160961636168
"2094","TEX261",0.000915331303147054,0.982601099750791,0.2808979839867,0.00586262586351136,0.0107882179318273,0.279982652683553
"2095","JPT1",0.120379583942904,6.99179070357007e-07,-0.159414722758606,0.00932944875430838,0.0000112008584024315,-0.27979430670151
"2096","LIG4",0.0216673456232162,0.650485021746021,-0.257955126071271,0.0347455286920269,0.0327065717897037,-0.279622471694488
"2097","VRK1",-0.228711313208108,3.22468277965537e-10,-0.508303024918062,1.392222443911e-08,0.0067591720714993,-0.279591711709954
"2098","FAM53C",-0.0389008329378621,0.214840214424296,0.240317190814246,0.00390629645486703,0.0015370348889382,0.279218023752108
"2099","FAHD2A",-0.0611353924481144,0.0663104426942815,0.217931292709909,0.0192132749217805,0.00409030717019181,0.279066685158024
"2100","HSCB",0.0390520129967237,0.298951117040814,0.317728361232169,0.000548024082918828,0.00587351990786139,0.278676348235445
"2101","NIT2",-0.00509600082401426,0.88541336809509,0.273494733816065,0.000951064227361862,0.00177915992605426,0.278590734640079
"2102","SPAG16",-0.0851500871480784,0.00725183434945777,0.193143808519943,0.0172505603232159,0.00109393448833391,0.278293895668021
"2103","CHD7",0.0882006437971451,0.00861462843945492,-0.19009197484672,0.0204175072525,0.00138201527809661,-0.278292618643866
"2104","ZNF286A",0.0098586517651973,0.755571870516199,-0.268153487290397,0.0001227086109209,0.000259178475587597,-0.278012139055595
"2105","EMC7",-0.0938175299261203,0.00516459350343278,0.184162166435696,0.0356156959410385,0.00234003897889785,0.277979696361816
"2106","PIK3C2A",-0.101348573555656,1.79897491088095e-08,0.175711614580218,0.0000599812182240596,2.28867383138263e-09,0.277060188135874
"2107","AGL",-0.128555821398798,9.01368871959967e-06,0.14840278515768,0.0404493124611576,0.000209872117753079,0.276958606556479
"2108","CCS",0.0276841467592879,0.371412342072036,0.30432596424055,0.000179935833667995,0.00165575768444377,0.276641817481262
"2109","SNRPF",0.0922984885948771,1.1081179037359e-09,-0.184334960972988,5.84356847271238e-07,1.96045397042663e-12,-0.276633449567865
"2110","ATP6V1G2",0.0496111702479597,0.203093454060763,0.326167776343618,0.00240459698525253,0.0194942265836651,0.276556606095658
"2111","NUDT9",-0.0601024945295203,0.0488563994972433,0.216413909980369,0.00544054339544177,0.00080947213867887,0.27651640450989
"2112","DAG1",0.0628252368470214,0.0443052563439049,0.33927609225801,2.22769223318912e-06,0.000588465521960738,0.276450855410989
"2113","PCNX2",-0.098246334197398,0.000714203264182472,0.177956671083316,0.016247925185107,0.000352962130884212,0.276203005280714
"2114","TRAF7",-0.0314831824913227,0.374424089582397,0.244613776308834,0.013169371994373,0.00788972864085287,0.276096958800157
"2115","ALG13",-0.121352339433258,3.47058387298228e-06,0.154342778062642,0.0240403703323449,0.0000900077381231617,0.275695117495901
"2116","SEPTIN8",-0.040620851250388,0.292188413801386,0.234934577562801,0.00882540915981031,0.00445386804234116,0.275555428813189
"2117","PURA",-0.00150829706586608,0.96103627320033,0.273881503997883,0.0000373259745496218,0.00013498405346771,0.275389801063749
"2118","RRBP1",0.0531207964063958,0.281430519800765,0.328289550296566,0.00577110262756681,0.0373957758789068,0.27516875389017
"2119","MMGT1",-0.0559363947286323,0.142352554389605,0.219098613671955,0.0266521469201378,0.0085036324810618,0.275035008400587
"2120","GNG2",-0.0736661530766667,0.0101461334312626,-0.348400381715977,2.27002195013799e-07,0.000252447799566865,-0.27473422863931
"2121","PHYHIPL",-0.0139171502710539,0.788286585445763,0.260791175303935,0.0219237671834742,0.0278535676641531,0.274708325574989
"2122","AHCYL1",0.05011644306897,0.0175727251302205,0.324777522304796,7.10602444361386e-12,1.82708703868095e-07,0.274661079235826
"2123","ZNF16",-0.11006723831843,0.0198784887339679,-0.38461867045382,0.00127305143000228,0.0425661626102187,-0.274551432135389
"2124","SSBP3",-0.236831052350454,5.64936882292239e-15,-0.511323882467285,9.32808390428036e-12,0.00145816899841973,-0.274492830116831
"2125","CREBRF",-0.0536853772743837,0.115763907945646,0.220703386906566,0.00563540591185845,0.00146795048049855,0.27438876418095
"2126","CEP120",-0.110509746899138,0.000801401045854818,-0.384708481351945,7.58577795433207e-07,0.00190681397204427,-0.274198734452807
"2127","PDE7A",-0.0929120121587646,0.0000181972213029999,-0.367044395226644,6.62805643899012e-13,1.5439201445266e-06,-0.27413238306788
"2128","ENOX2",0.0718462981306263,0.0160001898082851,-0.202284737125409,0.00858220983949482,0.000741001330650236,-0.274131035256036
"2129","CTNND2",0.00696158649281385,0.802558425317437,0.281014536542261,7.30485668737054e-07,0.0000132804715633316,0.274052950049447
"2130","SFT2D1",-0.0242065055545642,0.540695343530016,0.249803202237171,0.00452965886872087,0.00438739798068224,0.274009707791735
"2131","BTG1",-0.0109814175428258,0.736216872211316,-0.284869044745936,0.0000276378932630116,0.000283338601989224,-0.27388762720311
"2132","ZNF704",-0.058922582332965,0.113309407253284,-0.332788228228409,0.0000667534351092268,0.0036913323020155,-0.273865645895444
"2133","EVL",0.0447372159384525,0.0580272346009376,-0.229093290274947,0.000034804538650578,4.64891791777219e-06,-0.273830506213399
"2134","C2orf49",-0.0669262102334723,0.0481062407894826,0.206895440097668,0.0187606469488229,0.00315977075601542,0.27382165033114
"2135","STK24",0.0597566189430678,0.011779834200416,-0.213983772392995,0.000188127299090623,8.78344760818699e-06,-0.273740391336063
"2136","PABIR1",-0.0994388963054833,0.007316114350061,-0.373138290464098,0.0000408676274426249,0.0077606784630852,-0.273699394158614
"2137","TCEAL7",-0.0912944043764702,0.000555169463011829,0.182148886909446,0.014273907729567,0.000377878057668877,0.273443291285916
"2138","PDXP",-0.0116895219767082,0.801215545988736,-0.285069464611719,0.0161715347067384,0.0330539536971133,-0.273379942635011
"2139","IGF1R",-0.0630359780100355,0.00339809607852221,-0.335814247210716,8.82854452929787e-12,6.07130238431458e-07,-0.27277826920068
"2140","PHB2",0.152292478552435,2.69166202873599e-18,-0.120338850051547,0.0113865217762284,1.31174818970267e-08,-0.272631328603981
"2141","APC",0.0441015593847046,0.068431892098725,0.316686529266607,2.23136517569037e-09,4.41185093472363e-06,0.272584969881902
"2142","NASP",-0.0987786492094497,1.4998068341554e-06,-0.371353175320592,1.58064809701845e-15,2.13020236265622e-07,-0.272574526111142
"2143","NONO",0.0937426857284296,2.24363288510166e-12,-0.177850458121347,9.33448002201749e-08,1.49287792039866e-14,-0.271593143849776
"2144","OXR1",0.0418979956632412,0.139277496842059,0.313206710207742,6.51071347959648e-07,0.000116377908639478,0.271308714544501
"2145","BCAS4",-0.0474489327795661,0.211107278285462,0.223703332746235,0.0441542652562834,0.0194584411593933,0.271152265525801
"2146","PDXDC1",-0.149984522331475,9.41111222506462e-16,0.120657295556129,0.0116754068987581,2.75946461357805e-08,0.270641817887604
"2147","PPFIA1",-0.0459211282382483,0.0230515038899285,0.22471665602401,3.72301108126622e-06,2.32175951271008e-07,0.270637784262258
"2148","NRDE2",-0.0746138735791694,0.0209043259017037,-0.345235286738324,9.00608473813267e-06,0.00189832744849859,-0.270621413159155
"2149","EZR",0.273289855667013,9.75513013573181e-18,0.543571215408024,2.88663009268057e-13,0.00191348044758028,0.270281359741012
"2150","TIMMDC1",-0.0642075000401545,0.0224393507654617,0.205910198481637,0.00436875076028414,0.000403048013875765,0.270117698521791
"2151","ENTR1",-0.0751324226882928,0.0241050637913736,0.194185359738201,0.0303683651475504,0.00398795413502487,0.269317782426494
"2152","UBE2Z",-0.0464845653982507,0.091343650251564,0.222727033433275,0.00127821866979083,0.000269541998651918,0.269211598831526
"2153","PHF5A",-0.0276615786163004,0.290587089628306,-0.296542502020734,7.45110255496551e-07,0.0000495767131849672,-0.268880923404433
"2154","MOCS2",0.049530527674626,0.137966535648625,0.318233653828076,0.0000601036188705475,0.00217074002400196,0.26870312615345
"2155","ARMC9",-0.0922064965194169,0.00389137232808404,0.176404254535871,0.0388040651719169,0.0023845166243358,0.268610751055288
"2156","DPYSL3",-0.0522197005356438,0.174885258008351,-0.32077229589637,0.000188521228384651,0.00566796243270459,-0.268552595360726
"2157","MRPL24",-0.0186236201351461,0.611219720710301,0.249861391244144,0.00456215181631419,0.00461013795280126,0.26848501137929
"2158","BEX1",0.0935670851664692,0.000316032209475786,-0.174806752898885,0.00920347641413487,0.00012781859505385,-0.268373838065354
"2159","STYXL1",-0.0383094403552767,0.302270216776946,0.229944861467141,0.0255856947049681,0.0133451987027669,0.268254301822417
"2160","RPLP0",0.115157024652308,1.78325953673587e-12,-0.153092794109146,0.000104922454482052,1.15067039457208e-10,-0.268249818761453
"2161","ZEB2",-0.14144130899947,0.0000360991812165673,-0.409627357515949,1.58830987440454e-07,0.00294213906509762,-0.268186048516479
"2162","PLOD3",0.0089390435466478,0.846713296788159,0.276692905885703,0.0113074215925797,0.0244816795407471,0.267753862339055
"2163","TMEM97",0.0698279522435221,0.0275116142308262,-0.197561431513874,0.0256615504021226,0.00369214213337891,-0.267389383757396
"2164","INTS13",0.00800451099300498,0.849846493617975,-0.258972764110476,0.00507725472158686,0.00829685179793745,-0.266977275103481
"2165","BRI3",0.138290630083737,3.69645879232334e-11,0.40517299955848,1.76761256882048e-16,1.51907924862207e-06,0.266882369474742
"2166","SLC25A23",0.0408838713223352,0.215320748508809,0.307664003404819,0.000327713313072684,0.00416965843498132,0.266780132082483
"2167","NOL7",0.00532664467311728,0.800512234244814,0.27175967446902,1.12813701506309e-09,4.85407015002948e-08,0.266433029795903
"2168","AGO3",-0.160283598727446,9.32274153760805e-17,0.106021134071916,0.036264502658478,1.62889646591092e-07,0.266304732799362
"2169","RPS10",0.17156493108086,5.96298648225376e-24,-0.0944974453526282,0.030373623133595,1.0348362076563e-09,-0.266062376433488
"2170","IPO8",0.0973116898866348,0.00310370567463558,-0.168747099133626,0.0444664890467587,0.00239811693456079,-0.266058789020261
"2171","BARD1",0.035563666225761,0.291069931313504,-0.230479815981521,0.00259955175951207,0.0014629366496946,-0.266043482207283
"2172","CLCN3",-0.108037916263559,2.18512808748364e-06,0.157916710196299,0.00565510274428886,8.31206637256492e-06,0.265954626459858
"2173","TMEM170A",-0.0609201807677422,0.0774168694638707,0.204914975602135,0.0179354939669041,0.00382408144046196,0.265835156369877
"2174","ECH1",0.0514622193664491,0.0347203352657088,0.317252539483032,6.82349883432876e-07,0.000142107868928406,0.265790320116583
"2175","SPATA13",0.0130800383391694,0.69432690394555,0.278869726705053,0.000186564694221674,0.00120193777169422,0.265789688365883
"2176","GNAO1",-0.0299838791867282,0.258728082355006,0.235555002358239,0.000103897413608653,0.0000536411570498134,0.265538881544967
"2177","BLOC1S4",-0.0976844315088446,0.000162982618996711,0.167702006890615,0.0190317996756893,0.000315721329178588,0.26538643839946
"2178","AREL1",-0.0674480107212373,0.0307840640437862,-0.332780122000415,8.25438885938069e-06,0.00150373013928781,-0.265332111279177
"2179","PIK3CB",-0.0625479737903022,0.0132749511933188,0.202658699346035,0.000607565797940647,0.0000318319434744078,0.265206673136337
"2180","ZBED1",0.0552608139752792,0.0901391935144957,-0.209938001946315,0.00963891000813538,0.00214787721854478,-0.265198815921595
"2181","HMGXB3",-0.107693220761743,0.000278166651633223,0.157129195406296,0.045421121737272,0.00105697992191993,0.264822416168039
"2182","SGTA",-0.0130850418496191,0.751762403145256,0.251614816874463,0.025221689750335,0.0266578718886221,0.264699858724082
"2183","STK11",0.0499305464275781,0.149470017747947,0.314371060704531,0.000236583180092346,0.00517525595360114,0.264440514276953
"2184","NGDN",0.0760644039764152,0.0110968110343134,-0.188323992920326,0.0190648075008139,0.00164187559524801,-0.264388396896742
"2185","XRCC4",-0.0265664172635622,0.486325408634371,-0.290813861189253,0.000645239857120707,0.00546736967127976,-0.264247443925691
"2186","CKAP4",0.0501826187174668,0.0493532037434673,-0.213759193241509,0.00093117508046999,0.000127285296506196,-0.263941811958975
"2187","FMN2",0.0104836832446496,0.681966965671582,0.274241807856224,3.75703490529781e-07,0.0000105663913040696,0.263758124611575
"2188","KLF7",-0.00154164755852283,0.971623735298367,-0.26511851167453,0.00266286736020215,0.00699229007479819,-0.263576864116007
"2189","CCDC136",-0.0400460387686163,0.240192960800078,0.223175833123161,0.00805170248006474,0.0034731184362484,0.263221871891777
"2190","PCCA",0.0337388791827928,0.332192688855728,-0.229365409563826,0.0038625289687499,0.00240486163127114,-0.263104288746619
"2191","SPDYA",0.00458630897476727,0.920726702704428,-0.258500032954066,0.0152427708459965,0.0230504542457598,-0.263086341928833
"2192","STX4",0.118967203216895,0.000610165814539364,0.382026114392566,0.0000184205201343637,0.00877029769574893,0.263058911175671
"2193","HNRNPA3",0.0177414061290896,0.158051209934917,-0.245225862476072,2.19445950203714e-19,9.80972396554579e-19,-0.262967268605162
"2194","NR2F2",0.176782017770752,5.9907914674354e-08,0.439634638159283,2.02554101677696e-08,0.00354720340579233,0.262852620388531
"2195","PANX1",-0.0844575280525466,0.0418501265036336,-0.347128418242012,0.000917967155638195,0.0254026588674334,-0.262670890189465
"2196","OXA1L",0.0552611692779317,0.112849877385656,0.317739619797002,0.00018518546817449,0.0053397196828822,0.26247845051907
"2197","BTBD1",-0.073814275756021,0.00335880039740322,0.188638232985613,0.00306236366975738,0.0000978035835156203,0.262452508741634
"2198","CTBP1",-0.0659394336766246,0.0432349266125058,0.196384141755493,0.0286689946855834,0.00513880274521362,0.262323575432117
"2199","RAB8A",0.0939599110354702,0.000702705445617131,0.356168837825182,8.73383742691338e-08,0.000461512363806896,0.262208926789712
"2200","DCLK1",0.17632740220798,1.82713536534379e-08,0.438151843641535,9.86706865105421e-10,0.00161101315797356,0.261824441433555
"2201","LBR",-0.0655727861534256,0.00151942373255195,-0.327336579250499,6.34369950976823e-12,8.16451868019902e-07,-0.261763793097074
"2202","MGAT4B",0.0550624129814529,0.0609995983690963,0.316792555818698,0.0000253513835800976,0.00158416348332886,0.261730142837245
"2203","PCYOX1",-0.0468190835723716,0.11298268412225,0.214637918542503,0.00330921915697126,0.000823247965899076,0.261457002114874
"2204","ATAD2",-0.267759969594415,4.28380837163601e-09,-0.528727375352506,7.00273618285806e-07,0.0403900413092805,-0.260967405758091
"2205","NAB1",0.0806102810281645,0.0191861653479465,-0.180287441509743,0.0450580230455392,0.00565135327054672,-0.260897722537907
"2206","SRSF3",0.0247623127162913,0.174255747708776,-0.235977697759066,2.59557891059104e-09,2.04804562106799e-09,-0.260740010475357
"2207","AHSA1",-0.0495516018434436,0.0239132299289274,0.211090188535845,0.000288467874717321,0.0000236002760730942,0.260641790379288
"2208","MIA3",-0.122596061102844,8.88074353646328e-09,0.137657076527095,0.0137407274478431,5.62988424710194e-06,0.260253137629939
"2209","RAP1B",-0.0168992546674916,0.410076438206509,0.242843715721837,4.33861069360844e-07,6.2452486508605e-07,0.259742970389329
"2210","SPCS1",0.0371743837889573,0.15864476347282,0.296459017012807,9.80295762961706e-07,0.000117092561731832,0.25928463322385
"2211","MAGEH1",-0.0720999110105679,0.00773499657510945,0.187173896511653,0.00801306409505221,0.000489522902016584,0.259273807522221
"2212","PMEPA1",-0.14192835673071,0.0000648492278713674,-0.400819941275888,1.32219628333764e-06,0.00670675974593836,-0.258891584545177
"2213","SLC20A2",-0.0899414114188121,0.000849291924694899,0.168277412530635,0.0162806983089341,0.000408454963133581,0.258218823949447
"2214","RNF167",-0.0226967427676987,0.46778295408525,0.23517579549454,0.00222809296851809,0.00180499088925086,0.257872538262239
"2215","EIF3F",0.129187007908312,1.01266613072769e-15,-0.128635449349318,0.00144414170321098,7.00243536300324e-10,-0.25782245725763
"2216","IDH3B",0.0881939175044302,0.0024132177171623,-0.169535323211808,0.0344628124067019,0.00187777419381089,-0.257729240716238
"2217","RNF44",-0.117849368691916,0.000808200257094791,-0.375431402206516,0.0000336883877848281,0.0117321982436218,-0.2575820335146
"2218","ARID5B",0.280876230029385,5.69428542161653e-16,0.537761131178984,9.01239373913937e-11,0.00801010384877417,0.256884901149599
"2219","CILK1",0.0846793095275393,0.00191513743902259,-0.172200638103529,0.0120200905057399,0.00037390941869558,-0.256879947631068
"2220","FRMD4A",-0.0207188076641698,0.48428109527341,0.235787742320568,0.000377615110385235,0.000393278922386217,0.256506549984738
"2221","PDCL3",0.0625418772401905,0.0183118586188202,-0.193935739647055,0.00175690058247494,0.00012134065042188,-0.256477616887246
"2222","SLC25A26",0.0502197924894525,0.179056819062869,-0.206215358568604,0.0179162778758254,0.00655403296460454,-0.256435151058057
"2223","PRMT1",0.0586260812410747,0.000298593606983374,-0.197356197683348,8.38166308512881e-07,2.38673708677739e-09,-0.255982278924423
"2224","KIF13A",-0.0443056464472563,0.106530476449965,0.211634011531972,0.00146026075414356,0.000329621102766915,0.255939657979228
"2225","AP2B1",-0.0499808419955304,0.00161626072779361,0.205922211163597,1.11207592995994e-07,7.9944435039139e-10,0.255903053159128
"2226","GABBR1",-0.0133722704298528,0.579428402351929,0.242194918906106,7.94052922282084e-06,0.000014774736902159,0.255567189335959
"2227","SNRPE",0.0686416162547266,0.000128348788698042,-0.186535210985936,9.80425000110515e-06,1.9780119551903e-08,-0.255176827240663
"2228","ATMIN",0.0889624069690751,0.0002343031919063,0.343978846286412,4.51194786276011e-08,0.000256140856031611,0.255016439317337
"2229","NUDT1",-0.0982390546366997,0.00139757738809925,-0.353145712997482,1.7335579987907e-06,0.00233721694209131,-0.254906658360783
"2230","ZNF827",0.0227617183138278,0.538232736622022,-0.231805278821875,0.00628558077430755,0.005880894328011,-0.254566997135703
"2231","BMI1",0.0543938080507536,0.083966612316246,-0.200162282907224,0.0100059113091676,0.00215162107102538,-0.254556090957977
"2232","MAVS",-0.0511572521269984,0.143336567922704,0.202851805776045,0.0258039776950778,0.0082926479106864,0.254009057903043
"2233","ACAP3",-0.1272578883958,0.000972355252342142,-0.381209214866432,0.000614958288696968,0.0416708848049638,-0.253951326470632
"2234","SWI5",0.0160372192039577,0.63745082299618,0.269242916757367,0.000616021737937896,0.00326419066351773,0.253205697553409
"2235","AKT3",-0.0525499042384968,0.0434170201208208,-0.305454393004771,1.71625751772784e-07,0.000118122069817336,-0.252904488766274
"2236","ABHD13",-0.0356154165580989,0.353452144646723,0.217117042396816,0.0306576323803678,0.0180151519098202,0.252732458954915
"2237","SLC25A4",0.0172279112870508,0.456341832465047,0.269900002567862,6.68304013640228e-07,0.000021358373547083,0.252672091280811
"2238","RRAGC",0.0191673017650298,0.562812566996666,0.271783695594029,0.000623109208683299,0.0036913323020155,0.252616393828999
"2239","GSTM3",0.0525009452504781,0.094848351690483,0.305002036982574,0.0000505861535672491,0.00264899041422051,0.252501091732096
"2240","HIBCH",-0.0201489867644283,0.440336139233046,0.232286720421848,0.000052218076110813,0.0000603867731456814,0.252435707186276
"2241","CAMK2N1",-0.0170475293761124,0.639360899745669,0.235331527938183,0.00311041124958918,0.00381695215562833,0.252379057314295
"2242","ZNRF2",-0.0761725565135244,0.0606027473549793,-0.328408629110436,0.00129784978046359,0.0272897888793002,-0.252236072596912
"2243","SLC38A2",-0.0717847350746172,0.0233886451220992,-0.323875622150962,0.0000127362992819492,0.00255970002432753,-0.252090887076345
"2244","EEA1",-0.0727436692816408,0.0119579147392829,0.179337192914795,0.0099586782995916,0.000677010001258542,0.252080862196436
"2245","TMEM30A",-0.0103101107434469,0.72317145476859,0.241714215683271,0.000162637289225929,0.000319880183923503,0.252024326426718
"2246","NME3",0.245677208136477,6.65778469742006e-13,0.497122539944518,8.42106074985264e-10,0.00802655389371713,0.251445331808041
"2247","KDM5C",-0.123405860287672,2.83865849894844e-09,0.127838186504826,0.0206817270608696,7.97257943183419e-06,0.251244046792498
"2248","SPTBN1",-0.0213275752261344,0.278626542970871,0.229492554109117,1.05893932254657e-07,1.19136204469178e-07,0.250820129335251
"2249","MRPL58",0.0741401556395392,0.009558043005177,-0.176640618080214,0.0134833923777517,0.000905155108069812,-0.250780773719754
"2250","RFC5",-0.256816390807098,1.30982024896589e-11,-0.507279499710073,9.79158781413984e-08,0.0248308911276765,-0.250463108902975
"2251","FAM107B",0.0587307265522046,0.0122852261040006,-0.191701341530299,0.000924028999852987,0.0000501318645339886,-0.250432068082504
"2252","ERP29",0.0656301558156118,0.00913773403405344,0.316039454378564,5.26827023377699e-07,0.000344032216580766,0.250409298562953
"2253","IGSF8",0.177662277606712,1.00230475230069e-07,0.42796347819976,0.0000102693774305178,0.0224179241924594,0.250301200593048
"2254","DARS1",-0.0947968230434227,0.000770129612248785,0.15545649505038,0.02979951634284,0.000816098699179953,0.250253318093803
"2255","CCT7",0.0996479737671051,1.26170960221848e-06,-0.150160947639096,0.00646506754767466,0.0000119200105924995,-0.249808921406201
"2256","POT1",-0.00914321072292251,0.775847347977301,-0.258758428921075,0.000214438313170869,0.00121517180369306,-0.249615218198153
"2257","AKT1",0.0833226660257332,0.000646418727144312,-0.166158416657272,0.0178889670974228,0.000555964034900944,-0.249481082683005
"2258","THOC6",-0.147152874987252,0.000348567199534707,-0.396599008671331,0.0000989845774185732,0.0335574507286828,-0.249446133684079
"2259","SDR39U1",0.00629121431518946,0.845314081132339,-0.243119831602082,0.00236640170992312,0.00364361382887925,-0.249411045917271
"2260","H2AZ1",-0.0231305312119679,0.180524929741272,-0.272424431649086,5.08898810878102e-13,2.28799000554646e-09,-0.249293900437118
"2261","C4orf46",-0.148084674635214,0.0000352947591584491,-0.397346930029429,0.0000178326905146185,0.0182929681187654,-0.249262255394215
"2262","TBC1D22B",-0.0132960548136566,0.741379074291113,0.23587603308724,0.010039780838155,0.0125643289449571,0.249172087900897
"2263","OSBPL1A",-0.0319988540107263,0.430606213054978,0.216741323361289,0.025663510956086,0.0172605330672191,0.248740177372015
"2264","C6orf89",-0.0180179412355687,0.514713291947626,0.230472515510893,0.000497763871151689,0.000492780917838071,0.248490456746462
"2265","SEPHS2",-0.0181050425593444,0.571003704372692,0.230164790258483,0.00563008068226821,0.00512914547170004,0.248269832817827
"2266","RNF213",0.0133518658179644,0.700749314398238,0.261476899466786,0.000479665163026751,0.00274870004387466,0.248125033648821
"2267","IRF2BP2",-0.0728089754564767,0.00995890224912068,0.175024261839367,0.0113074215925797,0.000739657455971333,0.247833237295844
"2268","PPP2CB",-0.0190098316730807,0.324917208834084,0.228467161021411,6.51772145184981e-08,8.8449686322519e-08,0.247476992694492
"2269","TMEM164",0.0268420341520498,0.369949443592559,0.274000579993895,0.000139592953213084,0.00175503315783407,0.247158545841845
"2270","EIF2S2",-0.104094035222582,2.98446657854076e-07,0.143048470026069,0.00689713858817974,6.65154116003807e-06,0.247142505248651
"2271","CUEDC1",-0.0541310130547402,0.0604474305532774,0.192844035582879,0.0127220791837667,0.0023845166243358,0.246975048637619
"2272","PNPLA8",-0.0969541336318666,1.14512111971893e-06,0.149993386507908,0.00393171756962523,4.98546070210339e-06,0.246947520139775
"2273","RPL11",0.130117191079528,3.6403900334236e-20,-0.116647264425148,0.00076024052334246,6.87065965654396e-12,-0.246764455504676
"2274","USP4",-0.0918005702262765,0.000676080382794584,0.154700481091104,0.0344432634912746,0.0010956828833369,0.24650105131738
"2275","RALY",0.0906171184688237,5.56181087014655e-08,-0.155583017478677,0.000200877596528511,2.26151518300913e-08,-0.246200135947501
"2276","CFAP97",-0.103526819093975,4.02392574184855e-07,0.142625267050728,0.00991305880230178,0.0000151660903545187,0.246152086144703
"2277","CCDC112",-0.0768474900839711,0.00349320685798293,-0.322475331838719,1.31278939870889e-07,0.000352190371375995,-0.245627841754748
"2278","DEF8",0.0308795890379241,0.351329899138179,-0.214503879690265,0.0152034796914724,0.00888306253418107,-0.245383468728189
"2279","ZNF100",-0.122456518001497,0.000276756155554385,-0.367752411186181,8.97898719303818e-07,0.0046052611308625,-0.245295893184684
"2280","CCDC50",0.0901762523053619,1.40743818808134e-06,-0.15504087974962,0.00112363038451309,9.19836861099498e-07,-0.245217132054982
"2281","BAIAP2",0.0512315888468047,0.176926732640994,0.296256771427897,0.00313536523239038,0.0266517277339715,0.245025182581093
"2282","FUT9",0.0050722373521657,0.894382832059449,0.24954844025035,0.00227224721541906,0.00681394730745521,0.244476202898184
"2283","TRIM13",0.0458965230432921,0.101220693811842,-0.198239304537257,0.00209615164670129,0.000462555969749299,-0.244135827580549
"2284","PTPRZ1",0.350780660457513,1.81944708649483e-19,0.59487674016167,4.7290786902161e-11,0.0244021828631144,0.244096079704157
"2285","DDX54",0.053679785018418,0.183465697479939,0.297677302274952,0.00396147050222042,0.0336771875285309,0.243997517256534
"2286","H1-2",-0.17444548074167,0.0000178299225193262,-0.418134231445018,4.71010351577127e-06,0.0239592360524554,-0.243688750703348
"2287","HDDC2",-0.0803478878251398,0.00253378118171653,0.163259852742662,0.0169577163514217,0.00067629072565294,0.243607740567802
"2288","EBF4",-0.113147983559958,0.00247942780768368,-0.356527372888483,0.0000802371208927721,0.0188857061016756,-0.243379389328525
"2289","ISY1",0.0307822969728867,0.452121546289557,-0.212591951906691,0.0349233741889349,0.0248044815979324,-0.243374248879578
"2290","PSMD4",0.114870619851922,1.37587980621573e-11,-0.128503390063202,0.00806809388808301,7.55054845226616e-07,-0.243374009915123
"2291","PGM1",-0.0135916367370127,0.778836155077056,0.229543745665452,0.0455273251793974,0.0498744498261683,0.243135382402465
"2292","CAMSAP1",-0.104728116310674,0.0000146711026865518,-0.347361053318831,3.02345157022501e-10,0.000107129413163383,-0.242632937008157
"2293","CBX6",-0.0617100718932348,0.0205484065775615,0.180916230181666,0.0118331109190346,0.00127903774697789,0.242626302074901
"2294","GNA12",0.00409609121550013,0.85602143729105,0.246669879389791,5.36003072901929e-07,6.29273108724096e-06,0.242573788174291
"2295","SERINC1",-0.0408113711560314,0.0212674514141033,0.201704529409232,2.08607692620343e-06,1.27670606770022e-07,0.242515900565263
"2296","GPSM1",-0.0946528257446688,0.00682751278099681,-0.336261152058726,0.000318287902212651,0.0211442937068374,-0.241608326314057
"2297","IVNS1ABP",-0.185372126755125,1.33083258003075e-10,-0.426890913981253,1.70726681218809e-09,0.00306172778428688,-0.241518787226128
"2298","CETN2",-0.0352075773769065,0.283835292763783,0.206228150232442,0.0124149079881952,0.00611450601049423,0.241435727609348
"2299","ADIPOR1",-0.0140699914493379,0.621382231986733,0.227353014916776,0.000684756154095906,0.000860275570378012,0.241423006366114
"2300","NPTN",-0.0844956640969004,0.0000845375656087656,0.156529278185466,0.00564942039619367,0.0000455284148628773,0.241024942282366
"2301","ELMOD3",-0.0601975337658954,0.0882100104200668,0.180669114303123,0.0453720617757252,0.0116905838883742,0.240866648069018
"2302","TEX22",-0.0486494189377245,0.252760415599585,-0.289336042342943,0.00548988398407304,0.0387144769015255,-0.240686623405218
"2303","ACAT2",0.00371078161542335,0.92479708753088,-0.236845836188593,0.00591068404527824,0.0105549859626878,-0.240556617804017
"2304","SUN2",0.0268217198665174,0.54040544675916,-0.213624429915268,0.0463593643190138,0.0369294143647642,-0.240446149781786
"2305","MED29",7.95221215450531e-06,0.999782626570346,0.240397972983069,0.00310128076026918,0.00646355893522332,0.240390020770915
"2306","CAPN1",0.103213470307551,0.00103873116372487,0.343590609990879,0.0000303403680186398,0.00948592243890825,0.240377139683328
"2307","PLEKHA8",-0.0203227796843692,0.459022687813866,-0.260410233318522,0.0000207141139224335,0.000405042098201437,-0.240087453634152
"2308","DNAJC3",-0.0287249503681666,0.443977917403866,0.211346504793166,0.0155958387374905,0.0111377438351551,0.240071455161332
"2309","AGPAT5",-0.111543862739774,4.45411318574954e-07,0.128468729654252,0.0203344774279393,0.0000275205068294767,0.240012592394027
"2310","MRPL57",-0.0659153511973135,0.00129186169430699,0.174040848714957,0.00104878456587777,0.0000189488573740497,0.239956199912271
"2311","ASB8",-0.0609939981452166,0.00821556171943672,0.178795178209111,0.00325863946592079,0.000180329395788976,0.239789176354328
"2312","AASDH",-0.102608071106479,0.0000144331309686006,0.13717746210034,0.0252090038204852,0.000147781943444794,0.23978553320682
"2313","DRG2",-0.059658205520107,0.0995364857040512,-0.299405833236173,0.0031782962309999,0.0317876673544473,-0.239747627716066
"2314","TRIM28",0.0507636897216536,0.0255554219937504,-0.188903197536285,0.00169518606758062,0.000167464700616116,-0.239666887257938
"2315","ZNF260",-0.106250118054726,8.91321950998322e-06,0.13336390834182,0.0298098525794126,0.000153756794424613,0.239614026396547
"2316","SMARCE1",0.085839485607601,1.45374383388959e-06,-0.153744381445054,0.000728636941450633,5.47240370851835e-07,-0.239583867052655
"2317","BTG3",0.073321583233343,0.0122774738712623,-0.166249642231236,0.025221689750335,0.00225189876759068,-0.239571225464579
"2318","GCSH",0.168447388559353,2.86798511305046e-06,0.407773441707148,1.8953761421929e-06,0.0164006055493806,0.239326053147795
"2319","NOL4L",-0.164660641006219,4.50333381909107e-06,-0.403703410278983,0.000011201121995545,0.0238167401702812,-0.239042769272764
"2320","COTL1",0.135386474584164,0.000482174850217769,0.374227670611748,0.000527773779920037,0.0491170368196587,0.238841196027584
"2321","RPL21",0.131424201028798,2.60427690750835e-15,-0.106843875285469,0.0102966737108562,2.36297775838825e-08,-0.238268076314267
"2322","ACBD5",-0.0879471615590126,0.00316746899374998,0.150200713296359,0.0450538973922276,0.00244900710312349,0.238147874855372
"2323","ACOT13",0.107333148935815,0.00116926249676516,0.345375605099762,0.0000881878170486239,0.0164277243241346,0.238042456163947
"2324","PPIA",0.110896124646026,1.15671475426148e-25,-0.12709498827912,8.35221295561932e-07,2.02473023232833e-18,-0.237991112925146
"2325","ZNF43",-0.0965206220894292,0.0000492621101805,-0.334422361839543,7.81592850305063e-10,0.000117520100056051,-0.237901739750114
"2326","TMED10",0.137638133116767,3.5054851820812e-06,0.375485613974656,1.07433011899664e-07,0.00326037181999469,0.23784748085789
"2327","PRKN",-0.0939180272661382,0.000264198032832565,0.143732525543691,0.0309506080100847,0.000580130455085631,0.237650552809829
"2328","SEPTIN11",0.0609973234139129,0.000387616144807588,-0.176522926138011,8.41561357728956e-06,2.97985233238893e-08,-0.237520249551924
"2329","RALGAPA2",-0.0322481938060004,0.161695930893301,-0.269723967847923,1.08712982578208e-07,0.0000287849675050213,-0.237475774041923
"2330","SELENOW",0.180322079710201,1.75154733691026e-18,0.417590650848725,1.34604839209217e-17,0.0000206677876393934,0.237268571138524
"2331","ZNF219",-0.0941374572721417,0.00136077217266239,-0.330930506819976,0.0000131897863691747,0.0055854172810973,-0.236793049547834
"2332","LARP1",-0.0850028175561486,4.00910015761322e-06,0.151722371112059,0.00239318638106978,5.02016668226122e-06,0.236725188668208
"2333","UBAC2",0.0107242143156018,0.653926234805664,-0.225581083733634,0.000024676246271868,0.0000512649303407167,-0.236305298049236
"2334","ELAVL3",-0.00815478614161697,0.843760994169428,-0.243917148209102,0.00691415137875348,0.0180151519098202,-0.235762362067485
"2335","NMT1",-0.0486131295394461,0.0392995556564728,0.187021093026747,0.00224111184956608,0.000281534523961684,0.235634222566193
"2336","PRELID3B",-0.0324666422496792,0.414358126939741,-0.268071950257739,0.00396986498936344,0.0230893886403048,-0.23560530800806
"2337","EVI5",-0.0394644963092968,0.124439264981445,0.195919552567968,0.000980422410273345,0.000255772301786981,0.235384048877264
"2338","THOC3",-0.131607976022051,1.70878224876878e-06,-0.366861875182107,5.05466022887397e-07,0.00427681184207519,-0.235253899160056
"2339","EFCAB14",0.0223942445765076,0.528736440729784,0.257634775001074,0.00102083409483187,0.00708739644963549,0.235240530424566
"2340","MED11",0.0443999054881535,0.262980259698138,0.27951908524842,0.00519910653202684,0.0336621508010064,0.235119179760267
"2341","MMADHC",0.0235700692630149,0.353740463475366,-0.211380029905929,0.000552186964491421,0.000372923362419943,-0.234950099168944
"2342","MAP1LC3B",0.0725688647349552,0.000188978666331547,0.307440316969089,5.25620422643679e-11,6.89478073573272e-06,0.234871452234133
"2343","HSP90AA1",0.00538715681235567,0.690619783331763,0.239983502481986,5.96547004141862e-18,1.5622644646566e-14,0.23459634566963
"2344","NHP2",0.0764781849577284,0.0000959233853993233,-0.157941382439244,0.00328933713651613,0.0000283415808615065,-0.234419567396973
"2345","UBIAD1",-0.0491263256556278,0.233915873259232,-0.283542869006528,0.00396394556637877,0.0339191380515561,-0.234416543350901
"2346","AIM2",-0.109160173966434,0.00318626159245339,-0.343473039802327,0.000553685850366335,0.0381181166231045,-0.234312865835893
"2347","YTHDF1",-0.0522695313838772,0.093212242356703,0.181928830566634,0.0315127294086367,0.00840929484078164,0.234198361950511
"2348","CTSB",0.0545864626922178,0.0664548256905365,0.288719904870551,0.000485930447755664,0.00968157455750215,0.234133442178333
"2349","ABHD17B",-0.0711071271198779,0.00420742524385968,-0.305195056256087,4.87474851741797e-08,0.000212235994735491,-0.234087929136209
"2350","APAF1",-0.111980855167951,0.000632792623105342,-0.345945817835104,5.17453492854187e-06,0.00713896098430879,-0.233964962667153
"2351","RBPJ",0.00796929827738099,0.669333672367619,-0.225915437353022,6.20340610902297e-09,4.34579845144236e-08,-0.233884735630403
"2352","ATP5F1B",0.0942532057078883,1.45549441448188e-07,-0.139606760380718,0.00230858284311191,1.0166276227978e-06,-0.233859966088606
"2353","SDK1",0.0346910898114676,0.343909863566816,-0.198903145746602,0.0230361508929943,0.0134262913536464,-0.233594235558069
"2354","ZNF737",-0.011531363881557,0.72240998957281,-0.244610864291492,0.00133638886040597,0.00501755503481453,-0.233079500409935
"2355","PCSK1N",0.220376557430651,2.89443488215381e-13,0.45328143484659,1.1734530494305e-09,0.00735364179410563,0.232904877415939
"2356","TRUB1",-0.110022836667432,0.00115267657233731,-0.342865179363123,0.0000796238930342521,0.0182297238218602,-0.232842342695691
"2357","SPNS1",0.135223731164174,0.0000544537231913387,0.367913849738453,0.000251845363089416,0.038601639757553,0.232690118574279
"2358","RPS25",0.138774029960369,1.08446882375581e-22,-0.0934511137414561,0.00931023326853922,1.83707337769836e-10,-0.232225143701825
"2359","ANKUB1",-0.144029117049248,0.000405802289383236,-0.375417668832897,0.0000575634453844757,0.0338184259347437,-0.231388551783649
"2360","TMA16",-0.156251484690402,5.04665708410738e-06,-0.387415670257114,6.51398309502304e-06,0.0190996088698115,-0.231164185566712
"2361","TOMM22",0.108536884639429,1.59607153822608e-07,-0.122538159097605,0.0302808418885307,0.0000608901646152202,-0.231075043737034
"2362","FXYD6",0.0289537748912294,0.168757951645576,0.259477669550705,7.00740216984054e-08,0.0000144951973843273,0.230523894659476
"2363","TCEA1",-0.0185386610271789,0.458566464227326,0.211550102030894,0.000116113114484309,0.000132601206078696,0.230088763058073
"2364","HABP4",-0.0794252044154475,0.00248353468208664,0.150606377492447,0.0253235262236993,0.00103991384808314,0.230031581907894
"2365","TRMT6",-0.0815298867715125,0.0313915743614168,-0.311525526448756,0.00159754953743239,0.0380448508992075,-0.229995639677244
"2366","RNPEP",0.0711824342610114,0.0202802339431235,0.301095589218653,0.0000443808734469947,0.00563941937496889,0.229913154957641
"2367","RBM8A",0.0941455276129615,7.45714855035081e-09,-0.135452296212826,0.00114303764979441,1.3126963345823e-07,-0.229597823825787
"2368","USP42",-0.128865885187299,2.51273873452748e-08,-0.358441381647748,1.41940094669602e-10,0.000296396437966965,-0.229575496460449
"2369","NT5C",0.0758249034065512,0.0625047760249244,0.305257021223963,0.00209928780862063,0.0414970115539899,0.229432117817412
"2370","CALCOCO1",0.0887464109366518,0.00264433708133087,0.318150260482205,8.79830144182496e-06,0.00459150843168782,0.229403849545553
"2371","HMGN3",0.0380289896901032,0.0849719472212326,0.267390882802463,1.04056892862252e-07,0.0000436949761848811,0.229361893112359
"2372","MIDN",0.0401499253222354,0.090451060568907,-0.188281410470009,0.000559327673354073,0.0001135909953136,-0.228431335792244
"2373","RABGEF1",-0.128751007229175,8.15313835351384e-14,0.0996597902442015,0.0300392488329616,7.77560082490423e-07,0.228410797473376
"2374","NELFB",-0.000292031125042072,0.993493621880535,0.227757794948297,0.0113250333152717,0.0177477194738243,0.228049826073339
"2375","ZNF345",-0.00577261360598418,0.895113774771783,-0.233680469562533,0.0274352025611959,0.0479193867721958,-0.227907855956549
"2376","HDGFL3",-0.0397522041404106,0.0410202808487807,-0.267563206657878,2.33243565637804e-09,4.66218344322808e-06,-0.227811002517467
"2377","ALDH2",0.190623197513731,2.82038566822197e-13,0.417656433450074,7.6752775423877e-10,0.00337880453112299,0.227033235936342
"2378","DDX5",0.0651295900330125,2.38401100767477e-06,-0.161884720660161,5.23864712918807e-07,5.96705709886055e-11,-0.227014310693173
"2379","FNBP1",-0.0161352354361137,0.476315607658967,0.210673247376761,0.000060453760514296,0.0000692587762784679,0.226808482812874
"2380","VSIG10",-0.0329301694930054,0.347644631527985,0.193780810473126,0.036661179223195,0.0213816002466549,0.226710979966131
"2381","ANTXR1",0.057764959619589,0.00238170244905005,-0.168870866844134,0.000224430501529039,3.84303745744009e-06,-0.226635826463723
"2382","MAD2L1BP",0.0189931070556923,0.637383834302975,0.24538265853598,0.0196981853919318,0.0478356933131419,0.226389551480288
"2383","ATAT1",0.0798163978840315,0.00247486964450423,-0.145818586195554,0.043544418852516,0.00252424797681488,-0.225634984079586
"2384","TRAPPC5",0.100451189672391,6.54398805174001e-06,0.325961575090881,2.24329692112508e-08,0.000520845564144339,0.22551038541849
"2385","CDC14B",0.0405631059138803,0.303212011828645,0.265811358293606,0.00307330298960499,0.0259256161910127,0.225248252379726
"2386","HNRNPAB",0.0229019818745365,0.203108081185323,-0.202337999864757,1.32404882952116e-06,6.99618413034915e-07,-0.225239981739293
"2387","FAM184A",-0.0612538962018318,0.0538866464160526,0.163922094308819,0.03787791152366,0.00722478129916226,0.225175990510651
"2388","TCAF1",0.0513273635090718,0.0923839493747593,-0.173794507681175,0.0210823748276639,0.00501812524064397,-0.225121871190247
"2389","KIAA1958",0.00528011620906826,0.898043079157672,-0.21970629548709,0.0111220753322704,0.0189560604570437,-0.224986411696159
"2390","SKA2",0.0571278829612771,0.022082733953631,-0.167769327839811,0.00687579403747828,0.000644987116873915,-0.224897210801088
"2391","GHITM",-0.0689895708770579,0.00030377307122578,0.155529116127859,0.00285765829554579,0.000036574476094033,0.224518687004917
"2392","CALM1",0.261318440993778,7.95892446230074e-31,0.484808784656294,1.73221758530016e-20,0.000237336302060993,0.223490343662515
"2393","ATXN2",-0.0603866401152259,0.000283503538614657,0.162921455790915,0.000029197773667414,1.04072148325439e-07,0.22330809590614
"2394","KIFBP",-0.0465755904318179,0.0477248295852894,0.17664342934726,0.00302642391050637,0.000431785347535628,0.223219019779078
"2395","GRIPAP1",-0.121162883096865,9.12204360012213e-12,0.101998434235978,0.0430098110408914,8.93184957700789e-06,0.223161317332843
"2396","QDPR",0.0101939199250269,0.754806499040762,0.233217541834384,0.00271330010466097,0.00840788528120855,0.223023621909357
"2397","NFRKB",0.0488233330251844,0.11810560430071,-0.173940546133084,0.0291159874875313,0.00850435897278004,-0.222763879158268
"2398","ANKRD36",-0.462310152198747,2.15154920434618e-89,-0.239700293846204,0.0000280097837875212,0.000459751281361129,0.222609858352543
"2399","DAZAP1",0.0320601134711043,0.26507871004377,-0.190538770958382,0.00973692012076825,0.00461312815090062,-0.222598884429486
"2400","SETD7",0.00257228653211417,0.945991353049446,0.225043747163079,0.0160332113607052,0.0272114096948321,0.222471460630965
"2401","VRK3",-0.0134092401687999,0.73191106874352,0.208448932106882,0.0336235264070698,0.0352677025942932,0.221858172275681
"2402","RHEB",0.0315470670040395,0.130029340112032,0.253396391415111,1.25753965499836e-07,0.0000298788392583187,0.221849324411071
"2403","CNTFR",0.0431750301018421,0.150821634903656,-0.178579729965489,0.041156597215813,0.0154851791358513,-0.221754760067331
"2404","BCOR",-0.10394500149246,0.00135535640117843,-0.325568839346985,0.0000219606074704979,0.0114479108439001,-0.221623837854526
"2405","RBM48",-0.0591211066799264,0.144108958761428,-0.280713548483273,0.00388228596799714,0.0438398119145825,-0.221592441803347
"2406","ACSL3",0.0657018587655407,0.00559559426370795,0.287141477723249,1.1312865544865e-07,0.000284797914784812,0.221439618957708
"2407","INTU",-0.0819427204257953,0.000844616166405195,0.139461793929781,0.0284458008004544,0.000793203058806162,0.221404514355576
"2408","FUBP3",-0.0763170835067973,0.000825333685260583,0.144992359682313,0.0138118565934994,0.000330277526677977,0.22130944318911
"2409","TRIM36",-0.121283820583918,0.000276958306644564,-0.342426648306449,5.26257332672407e-06,0.0112869759582872,-0.221142827722531
"2410","RORA",-0.0285050765507125,0.40487943911499,0.192178081463973,0.0168902886440745,0.0113032117370335,0.220683158014686
"2411","SLC25A24",-0.0581126192548813,0.0501363083348724,-0.278762636464618,0.0000604002359251808,0.0047631590418539,-0.220650017209737
"2412","LAMTOR4",0.182943234302332,7.33462752584581e-13,0.402739703480142,9.58683102585973e-11,0.00215053516681983,0.21979646917781
"2413","CHMP4B",0.0182363628816968,0.540957850317835,0.23799671812022,0.0010776869741368,0.00562326253363358,0.219760355238523
"2414","OPHN1",-0.036328556114182,0.151420545296723,0.183425033439953,0.00220018235179609,0.000702125946772116,0.219753589554135
"2415","UBE2I",-0.0149337919495144,0.384517129745678,-0.234475889054918,9.30814462539096e-10,1.90712994676642e-07,-0.219542097105404
"2416","FZD3",0.0668651792162343,0.0000693876866093309,-0.152414178516292,0.000153014720497378,3.44384234079824e-07,-0.219279357732527
"2417","NBR1",0.0373846249908746,0.170758620762604,0.256640470650866,0.000102309499831795,0.00276614343210689,0.219255845659992
"2418","TRAPPC10",-0.0937570574980798,0.0000984355825529237,0.125310299020868,0.0489920829685943,0.00080959195616678,0.219067356518948
"2419","ZNF74",-0.0487186153314481,0.15961638576551,-0.26776709661386,0.00705372172049502,0.0443984875122824,-0.219048481282412
"2420","UQCC2",-0.0209544985288873,0.474434617333992,0.198000972777384,0.00572431974807949,0.00458727415576413,0.218955471306271
"2421","STX12",-0.0679089139114332,0.000861107280083793,0.15103381258101,0.00393272791392091,0.0000730043288646209,0.218942726492444
"2422","DERL2",-0.0525409049871231,0.0732167951183056,0.166034450088985,0.0283497402408745,0.00627353439354345,0.218575355076108
"2423","WWP2",0.0790115773818388,0.00332479441834429,-0.139481402698016,0.0380240798529502,0.0019466738351957,-0.218492980079855
"2424","GTDC1",-0.147396778159283,1.15045321433968e-08,-0.365496283106872,7.88582056788091e-10,0.00149220155598097,-0.218099504947589
"2425","ANTKMT",0.0601403182485065,0.0626136768231585,0.278156406998065,0.00103631478013187,0.020484422896904,0.218016088749559
"2426","CCNI",0.0990293017431655,0.0000260336070576065,-0.118839860626999,0.0482792519376492,0.000438598337761313,-0.217869162370165
"2427","GNAS",0.13630782820023,8.33309829699955e-24,-0.08144379189752,0.019588881759997,4.81017568845203e-10,-0.21775162009775
"2428","FKBP3",0.127548315557936,2.277857085901e-20,-0.0901976217420073,0.015696088019323,5.91136890514494e-09,-0.217745937299943
"2429","NUDC",-0.10808804103107,1.6797584167636e-09,0.109640920419815,0.0259348582915746,0.0000124303644263372,0.217728961450886
"2430","CNKSR2",0.0715412555256292,0.0346398214693675,0.289018962115373,0.000191639850619333,0.0141949428439612,0.217477706589744
"2431","MYL6",0.366228146439097,3.25635884025029e-92,0.149345696170755,0.000813339247597978,5.2422838235388e-06,-0.216882450268343
"2432","TTC9C",-0.0389662414728224,0.230987488782592,0.177896016772199,0.0462607325490375,0.0210239975019636,0.216862258245022
"2433","FEZ2",0.0797836959319691,0.000365327938513053,0.296557684008763,1.26009250286194e-08,0.000212188726790791,0.216773988076794
"2434","NBEAL1",-0.0366109582268037,0.0938515332244665,0.179779577561508,0.000621363453430104,0.000129317011325645,0.216390535788312
"2435","KPNA6",-0.0746648024301355,0.000130291997075371,0.141659883960181,0.00447733342222371,0.0000357132734043085,0.216324686390317
"2436","SQLE",-0.0386545567367038,0.146688621970049,-0.254838247885597,0.0000635753142352728,0.00225964714825394,-0.216183691148893
"2437","PTPRA",-0.0323498621628793,0.0107295660748539,0.183624010150222,1.33631771786184e-09,3.9159413597159e-11,0.215973872313101
"2438","DIAPH1",0.017302926429511,0.582894405060651,-0.198436900491815,0.00393171756962523,0.00424638814692516,-0.215739826921326
"2439","ARCN1",0.000986065940387501,0.975297112999972,0.216571556911426,0.00133055597840957,0.00370116113030274,0.215585490971039
"2440","BACE1",-0.0199448760068743,0.451734460566696,0.195314671063839,0.00317884394260211,0.0024450021149019,0.215259547070713
"2441","PPA2",-0.0188559447199277,0.464688927506267,0.196173216324127,0.00114303764979441,0.00096701607991996,0.215029161044054
"2442","PACSIN2",-0.0534776314714151,0.0661551171579731,0.161505950470961,0.0217277599919403,0.00422725511588306,0.214983581942377
"2443","LIX1L",-0.0237919631199861,0.421491679822865,0.190968458130098,0.00641976935287161,0.00453985907322806,0.214760421250084
"2444","BANP",-0.108256552464054,0.000488540437792801,-0.322979589899144,0.0000335727183728424,0.015374939094149,-0.214723037435091
"2445","BMP2K",0.00638930105242972,0.83969112792292,0.221095521992041,0.00180641369715764,0.00588978461719259,0.214706220939612
"2446","ANP32A",0.0616267172223385,0.000792279451566742,-0.153049001596412,0.00101587883454593,0.0000130934310229319,-0.214675718818751
"2447","PEPD",0.169912445784036,6.67994027485698e-10,0.384522591858598,8.85206628697547e-08,0.00887823980204918,0.214610146074562
"2448","SOCS4",0.0607211387342879,0.0190195816894986,-0.153639338804988,0.0187066417835919,0.00189112230578289,-0.214360477539276
"2449","DHPS",0.0403064876364184,0.136601707697496,-0.174049196902954,0.010912629713897,0.00320463985930679,-0.214355684539372
"2450","NETO2",-0.172025825403439,9.51865018929317e-10,-0.385980803943954,2.65553025411449e-09,0.00457798836063383,-0.213954978540516
"2451","SUMO3",0.00237469059957156,0.93636923858173,0.216277300679131,0.00320297962459235,0.00670845060177807,0.213902610079559
"2452","ZNF718",-0.430869643034072,7.98718414188202e-54,-0.216989276181658,0.00260046906011767,0.0071175047772931,0.213880366852414
"2453","EFCAB7",-0.366134122648868,2.10160540212647e-44,-0.152256539635214,0.0271661864796717,0.00337605907546197,0.213877583013654
"2454","PCNT",0.00311469166966318,0.940311810641863,-0.210680017717628,0.0200699414640669,0.0312849152133434,-0.213794709387291
"2455","C19orf12",0.035945443801368,0.282832028462901,-0.177032743219276,0.0467563186515812,0.0241105948758852,-0.212978187020644
"2456","YPEL1",-0.0729285028497128,0.0341271665927721,-0.285895757834257,0.000572664128424233,0.0231754713689983,-0.212967254984544
"2457","PPT1",0.00140613719133589,0.972856010467035,0.214283454424584,0.0274352025611959,0.0440471138352477,0.212877317233248
"2458","VPS72",0.0699696656583492,0.00139828864560274,-0.142871943879894,0.0231019638053561,0.00102645206822857,-0.212841609538243
"2459","ANAPC16",-0.0454146499474326,0.0338986818557714,0.16738096726819,0.00186116872152213,0.000212834119676248,0.212795617215623
"2460","SMARCD1",0.0573069523925475,0.0193396013516671,-0.155258476595111,0.00938451159135166,0.000813187752613635,-0.212565428987659
"2461","CAAP1",0.00757616047226542,0.809430288860817,-0.204965414430374,0.00230851215252804,0.0040730193042936,-0.21254157490264
"2462","MT-ND4",0.0194289939737552,0.146688621970049,0.231798430769844,1.34362397547293e-15,3.59094277226039e-11,0.212369436796089
"2463","EPC2",-0.0628197843198308,0.00327104973577828,-0.275056494493612,8.20205828350311e-09,0.0000866698812129844,-0.212236710173781
"2464","FBH1",-0.0576894637625752,0.0356576377931202,0.154478590066852,0.0305909419323693,0.00474006972618882,0.212168053829427
"2465","PSENEN",0.0686691133031157,0.0508470974021655,0.280816941331597,0.00213605650547369,0.0381950761569751,0.212147828028482
"2466","NRIP1",-0.028125214869923,0.209924430964157,-0.240113638128621,1.75231108483513e-06,0.000149875423870199,-0.211988423258698
"2467","ERG28",0.0092800429868127,0.751396311125559,0.220800550691488,0.0026258720324745,0.00745833681586593,0.211520507704676
"2468","RGS12",-0.00383659871620015,0.878615341713951,-0.215347044948624,0.000037622884286432,0.000235263447342593,-0.211510446232424
"2469","DAPK1",-0.0960983209949246,0.00643028846452932,-0.307546166455826,0.000133948902977616,0.0226857478294017,-0.211447845460902
"2470","REPS1",-0.0913212184285733,4.51842149328608e-06,0.119857570867489,0.0166270681499455,0.0000502585967464693,0.211178789296062
"2471","SRP54",-0.0623837877481799,0.0119934912081209,0.148715298163555,0.0154681494790202,0.00117638423720838,0.211099085911735
"2472","SEC61G",0.0948543040978565,1.37153803922429e-06,-0.116056059465946,0.0200331250049932,0.0000442078217086408,-0.210910363563802
"2473","SEPTIN2",0.116856020921517,5.79685342527937e-09,0.327168581647202,2.14068370486939e-12,0.0000761959418372279,0.210312560725685
"2474","HSPA5",0.153826130513004,7.26234433993237e-07,0.363972314281933,1.21555135608729e-06,0.0155168224801545,0.21014618376893
"2475","CRTC1",-0.0192498124497091,0.570994517533222,0.190872392233615,0.0200629344678686,0.0177939330835318,0.210122204683324
"2476","NEDD4",-0.0389432518117193,0.303205162476757,0.171026420733935,0.0493276779465093,0.0271067447707685,0.209969672545654
"2477","USPL1",-0.449713511182056,1.01150859507321e-43,-0.239823676447042,0.00350129881872691,0.0226599518948158,0.209889834735014
"2478","NARS1",-0.0499110862884547,0.0426749563588387,0.159836615133911,0.0155503718113082,0.00246638897114464,0.209747701422366
"2479","RIT1",0.0476745224010008,0.115547320755539,0.257336612655317,0.000332106147055225,0.00939394831706958,0.209662090254316
"2480","GOLM2",-0.080998911619433,6.52229051038281e-08,0.128437446523043,0.00038688981988313,4.60060104370527e-08,0.209436358142476
"2481","GRINA",0.0619817412527967,0.0421994310923752,0.271258027587018,0.00107936623679196,0.0229107720266956,0.209276286334221
"2482","ALDH3A2",0.0766231261351246,0.00318120818284234,0.285896651463298,2.2136647010378e-06,0.00230166551441482,0.209273525328173
"2483","ZNF583",-0.0434727421585033,0.180046397877498,-0.252440843548234,0.00118778811872011,0.0163527361402151,-0.20896810138973
"2484","SRM",0.0676059450659375,0.00258548469431388,-0.141349215443025,0.0228795770971084,0.00116400745678672,-0.208955160508963
"2485","LSM7",0.0733573693722097,0.0000516176677577288,-0.135367341648128,0.00277548680937569,0.0000122973742354089,-0.208724711020337
"2486","LONRF1",-0.123054840391171,2.19270248587579e-06,-0.331535356082911,2.33207659015288e-06,0.00867314646864659,-0.208480515691739
"2487","FLYWCH2",0.0843347577037249,0.00795209643908975,0.292613256963915,0.0000491182219218081,0.0120450446826926,0.20827849926019
"2488","GINM1",-0.00304026553285032,0.926057708838462,0.205160337248989,0.00312906782687119,0.00637708209504933,0.208200602781839
"2489","RPS24",0.117444717285288,2.50753160830615e-13,-0.0907428920031237,0.0265598139292405,5.38352148659485e-07,-0.208187609288412
"2490","SET",0.0491089533251946,0.0000928330846553354,-0.158918988033232,1.04761295733518e-07,9.61782162689201e-11,-0.208027941358427
"2491","PDCD6",0.119707053962181,9.06318249001986e-10,0.32765760147712,1.98256598654535e-12,0.0000832177448449176,0.207950547514939
"2492","ABCD3",0.109410757351916,0.0000227378942116175,0.316616847647209,1.24072866224436e-07,0.00256685226087378,0.207206090295293
"2493","EXOC7",-0.0198743629694151,0.443893118580734,0.187127405518377,0.00385323292450891,0.00288607499313982,0.207001768487792
"2494","ENTPD4",-0.0666358904211232,0.0395506254848742,-0.273219417174634,0.000962606784137431,0.0263356759477563,-0.206583526753511
"2495","PRPS1",0.206465868184439,1.87909043183689e-10,0.412452893844377,2.05566878613205e-08,0.0185628974322913,0.205987025659939
"2496","CSTB",0.161550028518641,6.86733582777223e-09,0.367051169939913,3.94199899400475e-08,0.00807633490186907,0.205501141421272
"2497","IVD",-0.00215660055047775,0.951920314166268,0.203222440284304,0.00944490805596057,0.0162317425634608,0.205379040834782
"2498","SAFB2",-0.0912598445036968,0.0000241903208819255,0.113986649648894,0.0493355678662295,0.000536683634951855,0.20524649415259
"2499","UBE2A",-0.000742944948527335,0.975194716771556,0.204244726789389,0.000090619348517546,0.000315721329178588,0.204987671737917
"2500","USP13",0.0111773752323665,0.727385280991164,-0.193710633452157,0.00869482581776929,0.0107232041671424,-0.204888008684523
"2501","HINT2",0.0591525793457612,0.0707351882508358,0.263511008577479,0.00341578807150902,0.0401921049663195,0.204358429231717
"2502","FOXN3",0.0738573682490377,0.000488456267590057,-0.130496552115092,0.0124501223575221,0.000196346641644258,-0.204353920364129
"2503","PPM1D",0.0144071401982065,0.63973832295259,-0.189847797345533,0.00664960474808847,0.00735896721313846,-0.204254937543739
"2504","SCRN1",0.0559734277470758,0.0928688762464127,0.260025835770076,0.00193649442177231,0.0286598194410174,0.204052408023
"2505","CTNNBL1",-0.0683526827065517,0.00408873591667383,-0.272260321540524,3.24542601250952e-06,0.00187777419381089,-0.203907638833972
"2506","TDG",0.0288629653127941,0.292685189023658,-0.174776922763677,0.0112211385140803,0.00570770769451135,-0.203639888076471
"2507","TBC1D5",-0.0414257735151884,0.0435816526134119,-0.244995846626691,1.22347745614276e-07,0.0000925681093435831,-0.203570073111502
"2508","SRSF2",-0.0222774842628432,0.221208324796587,-0.225791304604728,3.25220590466578e-08,7.04441750040706e-06,-0.203513820341885
"2509","RRP36",-0.0300998967215805,0.225809194117554,0.173263920525097,0.00923236120464013,0.00384651687056079,0.203363817246677
"2510","SUMO2",0.107802640015432,1.35644010555534e-16,-0.095447474455394,0.0031782962309999,1.10279331288076e-09,-0.203250114470826
"2511","WWP1",0.0261720226371505,0.332900453045459,0.22920277671661,0.000243442674058098,0.00344653961636882,0.20303075407946
"2512","ADGRG1",0.159727160739057,2.38944000949418e-08,0.362210449329777,3.42324888844597e-07,0.0138910765086051,0.20248328859072
"2513","VAV2",0.0220941080167812,0.449145868496693,-0.18009908768574,0.00691565609897948,0.00540595348532135,-0.202193195702521
"2514","IFNAR1",0.0614966995904228,0.03238654868717,0.263533067378547,0.000106441142534748,0.00873554422638374,0.202036367788125
"2515","PARP11",-0.0211470261616913,0.4395145208924,-0.223075586594433,0.000164960362724941,0.00232192896016075,-0.201928560432742
"2516","IQGAP1",-0.00729498275820174,0.845865454628372,0.194626471539947,0.0128108246293905,0.0195737191150858,0.201921454298148
"2517","OCIAD1",-0.086069826673841,1.39585765339149e-06,0.115557419970091,0.0118467096113983,0.0000227732342369922,0.201627246643932
"2518","ARL8A",-0.0188982756012548,0.457703191474054,0.182524393038303,0.003202451408634,0.00257087303580309,0.201422668639557
"2519","TSTD3",0.0195404132792607,0.583525816309813,0.220866017867119,0.00658293541771245,0.0259683692539058,0.201325604587858
"2520","ADIPOR2",-0.0568441913211428,0.0215451885080788,-0.258062036839867,0.000028254437254029,0.00341881341756543,-0.201217845518724
"2521","HFM1",-0.210597735946602,2.66618567758504e-11,-0.411750081865402,2.3319060209379e-08,0.021598342481604,-0.2011523459188
"2522","CASP3",0.0354842006651618,0.201300481796908,0.236545097833121,0.000253104536133429,0.00533734852765348,0.20106089716796
"2523","CHMP1A",0.00228069910599915,0.948073951533077,0.203274070595916,0.0248434193812675,0.0382514850777263,0.200993371489917
"2524","EIF3D",0.042873753872005,0.0313346359846936,-0.157933281349666,0.00149089337830716,0.000156612191218012,-0.200807035221671
"2525","PABPC1",0.0444657960110445,0.00450305274503963,-0.156264358658106,0.0000385659510974429,8.37185318607223e-07,-0.20073015466915
"2526","DNAJC13",0.0297085593461698,0.25938477507562,-0.170941130669671,0.00652825194707092,0.00310066244463263,-0.200649690015841
"2527","RAB11A",-0.111577599135872,8.17941614212226e-13,0.0888285163801337,0.0348412239891511,2.10841014159596e-06,0.200406115516006
"2528","MRPL32",0.0616755107544342,0.0215251487058482,-0.138507815984454,0.0338872121005361,0.00381319455053591,-0.200183326738888
"2529","RBM12",0.00939272346143296,0.785606282769689,-0.190582172909626,0.0098367236381801,0.0140458570398734,-0.199974896371059
"2530","RHOB",0.0610677848468489,0.0610760238113334,0.260999294049239,0.00075376315201766,0.0227634925404832,0.19993150920239
"2531","DYNC1I2",0.0616319179348204,0.000868308325897481,-0.137979413369976,0.00171211892505816,0.0000212148365661783,-0.199611331304796
"2532","ST3GAL2",0.0318017055756865,0.330731895713906,0.231325741974262,0.00634416789442713,0.0321870320462142,0.199524036398575
"2533","TMBIM4",0.0453889602562888,0.127850089315359,0.244614140890878,0.000419418094654748,0.0108006727527681,0.19922518063459
"2534","NAGK",-0.0309497060750163,0.265181054286394,0.168167447171491,0.0229336203263382,0.0109814456538423,0.199117153246507
"2535","CDK12",-0.00449440584229254,0.859725852046705,-0.203537917109208,0.000317190764562384,0.00129028214618669,-0.199043511266915
"2536","AHDC1",0.010787170125774,0.75935033095582,0.209803016986989,0.0149807680645913,0.0347002193077834,0.199015846861215
"2537","CDC42EP4",-0.00276733770952918,0.936300703998712,0.195508751822822,0.0118923591965614,0.0196272279440222,0.198276089532351
"2538","WASF3",0.0442456316012658,0.163348179525288,0.242414405212398,0.00292825187857946,0.0279113841728183,0.198168773611133
"2539","GSR",0.0141200681767489,0.690750257506335,-0.183837150857419,0.0335576487530488,0.0340519368901844,-0.197957219034168
"2540","EWSR1",0.0244632223966013,0.176926732640994,-0.173356078426495,0.0000527227999583439,0.0000200154373394927,-0.197819300823096
"2541","ZCRB1",0.0219155010451249,0.270922569107435,0.219676542354482,1.53854741798753e-06,0.0000935854167380521,0.197761041309357
"2542","KALRN",0.0132346251405319,0.710312755857415,-0.184327139138139,0.0216596969560643,0.0239794456656768,-0.197561764278671
"2543","TOP2B",-0.0184161857982,0.292244479506438,-0.21565507163071,1.45971828411799e-08,2.99210093398865e-06,-0.19723888583251
"2544","PGP",-0.0341965019493255,0.246987210911123,0.163008012396028,0.0267562740452276,0.0121912172537804,0.197204514345354
"2545","TMEM147",0.154442759809273,6.07535571982461e-09,0.351555485718866,1.39451443940973e-07,0.0105177576221102,0.197112725909594
"2546","FNIP1",-0.0171593742279008,0.439698900166295,0.179887768946709,0.000253273934594387,0.000260882236901064,0.19704714317461
"2547","WASF2",-0.0186945930556218,0.431052527001343,0.17831339884064,0.000654780667833586,0.000581222055027678,0.197007991896261
"2548","ANKRD36C",-0.334485610799415,8.36301612823856e-47,-0.137482220212136,0.0206072678740255,0.0017230799449131,0.197003390587278
"2549","TNRC6A",0.017717572785707,0.313318678909707,0.214706061997383,5.51394031672278e-08,6.45016744648275e-06,0.196988489211676
"2550","MT-ND4L",0.0402374165017543,0.0372352822885202,0.236761892774332,3.09607717577014e-06,0.000421958379033434,0.196524476272578
"2551","DDX18",-0.0331708766042272,0.106509076318727,-0.22956596241924,6.33494945368672e-06,0.000461606996804503,-0.196395085815012
"2552","ACYP2",-0.0439977384102808,0.0360947401330302,0.152208172801595,0.00278114657850959,0.000326599218649167,0.196205911211875
"2553","ELF2",-0.136621816254613,3.39556490396412e-08,-0.3327076210703,4.23150643311703e-09,0.00280707924924116,-0.196085804815687
"2554","GON4L",-0.0839817692536618,0.0000175440563672785,0.11187941519559,0.0389620589114923,0.000398283828136724,0.195861184449252
"2555","AKIRIN1",0.030326944712534,0.125785503936459,0.225926241860631,9.86773834096295e-06,0.000461606996804503,0.195599297148097
"2556","AGPAT3",0.0135831935278325,0.626885941899119,0.209022875005633,0.00101206397690484,0.00530039115568899,0.195439681477801
"2557","NUCB2",-0.0351933038729149,0.0459873736888101,0.160164405470785,0.000340185026681221,0.0000433369039568587,0.1953577093437
"2558","PJA2",0.140604253576852,4.98414216443403e-15,0.335709198981489,3.12543414315512e-16,0.0000341095170459679,0.195104945404637
"2559","PTGES3",-0.0744830578757962,0.0000213184216386856,0.120365662825317,0.00589238071082149,0.0000219732497229017,0.194848720701113
"2560","KIN",-0.049286819414957,0.0700882330085109,0.145520520728269,0.0387518525493321,0.00877787822529497,0.194807340143226
"2561","TUFM",0.0958853648272463,4.38389003068811e-07,0.290673503627794,6.04775396847282e-09,0.000492780917838071,0.194788138800548
"2562","NAXE",0.00194895440459684,0.952355399329815,0.196691232090224,0.011060384604226,0.020303465760521,0.194742277685627
"2563","SIPA1L1",0.200630145571451,1.22615222773871e-08,0.395177590862225,1.169087205697e-06,0.0457007162957503,0.194547445290774
"2564","PHF6",0.0373872686778102,0.00938479610560365,-0.156982382373466,4.91116688534706e-06,1.57978281103168e-07,-0.194369651051276
"2565","MAP3K7",-0.0481072887689028,0.0438928748354319,0.146017341244103,0.0170214284811425,0.00270995414356915,0.194124630013006
"2566","SDCBP",0.271785799943819,6.5553505767784e-26,0.465811506821718,1.27166895468638e-14,0.0069045235904893,0.194025706877899
"2567","AASDHPPT",-0.0772924907291779,0.0000633687365118958,0.11654514839745,0.0378125175484341,0.000695097133649778,0.193837639126628
"2568","PAK2",0.0838002944475325,2.0216608204433e-07,-0.110010973499199,0.00703435067858468,4.79169618767619e-06,-0.193811267946731
"2569","MT-CO3",0.164989848992941,3.53904928371689e-34,0.358702028871862,1.86527525944209e-31,3.00811001004057e-08,0.193712179878922
"2570","EML4",-0.0225405112619899,0.392489346653244,-0.215754784071917,0.000747365420097403,0.00611450601049423,-0.193214272809927
"2571","WASL",0.00289824543965968,0.896340446819284,0.1960842851322,0.0000264795630503973,0.000167884177389883,0.19318603969254
"2572","FRG1",-0.0210401165678994,0.420126290239124,-0.214139144086205,0.000246151681551024,0.00302317225588989,-0.193099027518305
"2573","KDM1A",-0.0297437198100774,0.0881517510787399,-0.222493471567408,2.05604691715106e-08,0.000012244582308073,-0.192749751757331
"2574","BRD7",0.0212116557224477,0.327532204312159,-0.171486758689223,0.00103562333472078,0.000609529157003976,-0.192698414411671
"2575","MESD",0.0358947940466163,0.157030572341513,0.228326688178644,0.000343029954311693,0.00641384302535514,0.192431894132027
"2576","PPP6R2",-0.00535396840453684,0.792651156305684,0.186858496195241,0.0000223492960489534,0.0000667469482981682,0.192212464599777
"2577","EIF3H",0.0283047410411438,0.0375422271189364,-0.16387533618614,4.54347392876285e-07,4.52123176968249e-08,-0.192180077227284
"2578","REEP2",0.0247027954776988,0.459737205462696,0.216858379423648,0.0135232690569414,0.0452727431213993,0.192155583945949
"2579","SUMF1",-0.0217510637602417,0.329994115255636,-0.213722769434383,0.0000189389014880225,0.000555403432134319,-0.191971705674141
"2580","NEMF",-0.0832462010861887,4.28943599148409e-08,0.10843208892684,0.00649392620271604,3.16647089429296e-06,0.191678290013028
"2581","PWWP2A",-0.0409977083819332,0.0661024026350372,0.150383285834061,0.00537623914959411,0.000950891494372045,0.191380994215995
"2582","ZNF766",-0.169834346851579,1.11087353534956e-09,-0.361214425032342,7.46317189999233e-07,0.0234766135532134,-0.191380078180762
"2583","MMUT",-0.00942135534375619,0.771940235970109,0.181771613903645,0.0191774123278519,0.0227634925404832,0.191192969247401
"2584","COX7A2L",0.0325750801630706,0.106982974087827,-0.158588593706854,0.0012590488012864,0.000298388979761274,-0.191163673869924
"2585","PGAM1",-0.0952443550986307,8.55503897642445e-08,0.0952792566126142,0.0442981343859741,0.0000746944393256292,0.190523611711245
"2586","EMC6",0.0513212072212936,0.04634638968685,0.241785126150395,0.0000932960976913737,0.006083758604116,0.190463918929102
"2587","BACH1",0.0573228166234293,0.00542061103162128,-0.132970603412497,0.012502884153688,0.000662222905564253,-0.190293420035926
"2588","HLTF",-0.294179038379664,3.271383680264e-49,-0.103943916387356,0.0478579557135157,0.000434218893472329,0.190235121992308
"2589","RBM15B",-0.0142304986001206,0.608959104670928,-0.204450280119625,0.00222475887272145,0.00948795217754806,-0.190219781519505
"2590","CMC1",-0.00362222357845634,0.900855623720111,-0.193611556022257,0.00359795522576255,0.00910498530059552,-0.1899893324438
"2591","LYRM2",-0.0272281307676815,0.278047414875184,0.161643256353791,0.00666802649835772,0.00338361855438251,0.188871387121473
"2592","CRK",-0.0289971235204146,0.149740911790196,0.159658357433306,0.0022889817110084,0.000693004531148295,0.18865548095372
"2593","VTI1B",-0.0635027177194005,0.00405384397583505,0.125137340196965,0.0487020014221785,0.0038210805166153,0.188640057916366
"2594","ATP6V1C1",0.0461226006098789,0.0969216157452688,0.234700361008273,0.000675869091651838,0.0145045054178917,0.188577760398394
"2595","HMGB3",-0.0286656787318621,0.174634124455022,-0.216751401343884,0.0000135081180384146,0.000634162132946871,-0.188085722612022
"2596","ARID2",0.00653466858163301,0.731757003363513,-0.181524924568846,5.27703324557833e-06,0.0000183947324533518,-0.188059593150479
"2597","EIF4A1",0.113438872972416,4.49500573238507e-18,-0.074491395301506,0.0317040838454409,6.11034280874129e-08,-0.187930268273922
"2598","COG6",-0.148369580473392,2.89379388993517e-08,-0.336130883065296,3.54819924363797e-07,0.0144098497295617,-0.187761302591904
"2599","H2AZ2",0.00557427510897889,0.777452595136968,-0.182147656295575,7.60372177165521e-06,0.0000295891397085165,-0.187721931404554
"2600","TMEM39B",-0.0654612581493138,0.0441641247250599,-0.253055893964974,0.00296465160018082,0.0498824649742231,-0.18759463581566
"2601","MTFR1",-0.0347125214957758,0.216237614261202,-0.222178373523069,0.000976864466229876,0.0125390205649252,-0.187465852027293
"2602","MARK2",-0.0410526457447389,0.113466780109344,0.146268793220465,0.0233469390316658,0.00635461426745352,0.187321438965204
"2603","AP1S2",0.473880069405148,4.9714707991687e-58,0.287024319166623,0.0000534380460740457,0.0233355757690913,-0.186855750238526
"2604","RPL14",0.100176720581316,9.69422948239531e-12,-0.086649747928687,0.0205255537704323,9.99998515997971e-07,-0.186826468510003
"2605","DNAJC19",-0.057216746191977,0.0149123602448052,0.129571525364164,0.0390969114844822,0.00435671642690465,0.186788271556141
"2606","THUMPD3",-0.036788268535228,0.165180530416298,0.14956428228858,0.029934928728712,0.010779188437858,0.186352550823808
"2607","EIF3L",0.0865566698944649,2.60145576315179e-09,-0.0996945964498826,0.00812479548518281,1.67976134542574e-06,-0.186251266344347
"2608","DTD1",0.0222008948506098,0.212668048293055,-0.163088179799103,0.000114772788346325,0.0000512675868891387,-0.185289074649713
"2609","SLAIN2",-0.013550278669392,0.577899392063738,-0.198790040667276,0.000125077409359638,0.00134626152172815,-0.185239761997884
"2610","RNF38",0.00797775612929763,0.694593327370848,-0.176804062708264,0.0000398251594634177,0.0000949034897492758,-0.184781818837562
"2611","SMS",0.0374488893353926,0.143666966449378,-0.147292613148074,0.0169358796318371,0.00520907736306054,-0.184741502483467
"2612","VEZF1",-0.00698156282364925,0.744906222910564,-0.190995346250781,0.0000424847293059037,0.00034655023766248,-0.184013783427131
"2613","TFG",-0.064240712882823,0.00145546075624028,0.119668732495428,0.0270150711472232,0.00105111876518766,0.183909445378251
"2614","STXBP3",0.0387911216540938,0.271984027414858,0.222624322016796,0.0071146576057104,0.0484878276878037,0.183833200362703
"2615","VCL",0.0961398763419172,0.0027812585921785,0.27969688234681,0.000178494330702982,0.0337018101705236,0.183557006004893
"2616","SERP1",-0.0353524940288531,0.0761131261536729,0.148064173057661,0.0025284317977845,0.000477089157763247,0.183416667086514
"2617","CEP170",-0.00607134166171116,0.802149723232283,-0.189312955405552,0.000183952175532299,0.00107444585383234,-0.183241613743841
"2618","SNRPA",-0.0388948302955723,0.149331479375922,-0.221770381384133,0.000886325200138653,0.0139792212793588,-0.18287555108856
"2619","PRKD3",0.0135631136393821,0.632984392959519,-0.169311119263873,0.00590001818024116,0.00706029539566529,-0.182874232903255
"2620","TAB2",-0.0791769776249106,0.000107663939957401,0.10363639099332,0.046827876256207,0.000695216252237957,0.18281336861823
"2621","FAM217B",0.0166275757736424,0.601610857924446,0.199269904624535,0.0203767000329004,0.0499036572131928,0.182642328850892
"2622","NKAPD1",0.0202808971894672,0.489790181097185,-0.162340011246769,0.0288588934398881,0.0218050298413578,-0.182620908436237
"2623","PKN1",-0.0038034803365164,0.881740993921966,0.178373782287445,0.00302147611848903,0.0050847599291646,0.182177262623962
"2624","MACO1",-0.0559250006826858,0.0370992425404687,-0.237934528106705,0.000185550361387169,0.0110645028540545,-0.182009527424019
"2625","H3-3B",0.0385567230001728,0.0160162677755106,-0.14317133924749,0.000125527091500787,6.6863882276864e-06,-0.181728062247663
"2626","TMEM160",0.0562059032736327,0.0115596581306218,0.237845574943522,0.0000486496956305639,0.00525321509387495,0.181639671669889
"2627","RAB5A",-0.00411127736876914,0.86655066281926,0.177160166099322,0.000891288494331814,0.00187235057953481,0.181271443468092
"2628","SEPTIN7",0.0216890566397422,0.270534473495612,0.202584813266839,2.08607692620343e-06,0.000153681011576325,0.180895756627097
"2629","CYCS",0.00583634887568468,0.789109829118644,0.186694916690075,0.000353212449751913,0.00139785591182287,0.18085856781439
"2630","GSE1",-0.105559612351069,0.000231276819900327,-0.286176469246199,0.0000247338131730763,0.0212080199493573,-0.180616856895131
"2631","SRSF7",-0.104792461156556,3.42116456503835e-10,-0.285336970354367,9.31868829290549e-13,0.0000693704847165612,-0.180544509197811
"2632","SRSF6",-0.0588260873325973,0.00979207230407424,-0.239187372715071,8.25438885938069e-06,0.00297731732265017,-0.180361285382473
"2633","MAP4K4",0.0423012876913713,0.0160631465170899,-0.137900079221292,0.000869888080081111,0.000053128401370437,-0.180201366912664
"2634","CBX3",0.0368101242733909,0.00216190037095233,-0.143334867548906,7.97650292528151e-07,8.06476264357806e-09,-0.180144991822296
"2635","MACROH2A1",0.0873213943063482,4.73459288291744e-11,-0.0927096824317788,0.00892905626325422,7.03185380906614e-07,-0.180031076738127
"2636","UBE2L3",0.102895647718959,1.98764633652811e-10,0.282707085437632,3.14546210053353e-13,0.000042433563476331,0.179811437718673
"2637","ULK2",-0.325564813229624,3.49295667479351e-36,-0.146267864213105,0.0368800481293274,0.0169303212534198,0.179296949016519
"2638","SLC25A5",0.262647997593678,1.04417419242798e-37,0.441301608237105,9.84697923957968e-21,0.00128942495138223,0.178653610643428
"2639","DHX9",0.0208161440986862,0.173044089280818,-0.157350074596619,4.13928731513506e-06,1.83668206756253e-06,-0.178166218695305
"2640","CDC26",0.0387263746758098,0.175787174748481,0.216723393839985,0.00162822649405959,0.0210767437854321,0.177997019164175
"2641","ZBTB17",-0.064573792361534,0.0338473187797461,-0.242557875923536,0.000761637031094083,0.0303896450813604,-0.177984083562002
"2642","IMMP2L",-0.0529153876202381,0.0947452662614569,-0.230580709391885,0.00175690058247494,0.0342225484774615,-0.177665321771647
"2643","MAP2",0.0611703343809138,0.000126293079816986,-0.116209939781205,0.00259312348742944,0.000014418590185883,-0.177380274162119
"2644","FARSB",-0.401595013836382,3.83664773717034e-53,-0.224283909890149,0.000904980695535103,0.0200513196895842,0.177311103946232
"2645","CRADD",-0.000362690180796377,0.991599760625077,-0.177664178528288,0.0151455316225744,0.0282791762088035,-0.177301488347491
"2646","ATP1B1",-0.0140574796333087,0.645670571400047,0.16309619704242,0.0178332861579717,0.0186401195741575,0.177153676675728
"2647","TCEA2",0.11036746310586,1.83535333799032e-07,0.286999203775532,6.27648921060373e-08,0.00345385933548254,0.176631740669672
"2648","CSNK1D",-0.0304993700454403,0.275488429864499,0.146095543369165,0.0464170584818964,0.0230369724767465,0.176594913414605
"2649","LAMTOR3",-0.0283636894299917,0.325324525572366,0.148139364136467,0.0336658939550727,0.0187166780996771,0.176503053566459
"2650","CDK19",-0.0389623227440784,0.124256784956129,-0.215448555744874,0.000230085767835266,0.00722387053731633,-0.176486233000795
"2651","GNPAT",-0.0150930618337863,0.540992528494592,-0.191484389548071,0.00141376863750005,0.00737413878008488,-0.176391327714285
"2652","CORO1C",-0.0611902692226478,0.027799250870393,-0.237374593877016,0.000176641611646089,0.0152901726140738,-0.176184324654368
"2653","CCDC91",-0.0355758189163317,0.146064697884106,0.140328609633391,0.0258974821173181,0.00850109262780165,0.175904428549722
"2654","SELENOT",0.0377285450429675,0.152623652843571,0.213454341661999,0.000537867016378508,0.0112119409877053,0.175725796619031
"2655","KAT7",0.0137909848713341,0.701744671390782,-0.161881638844626,0.0360191154069888,0.039557115878295,-0.17567262371596
"2656","MGST3",0.109674653721678,3.32249267757753e-10,0.285210356165255,7.73824108906642e-12,0.000221806231576347,0.175535702443576
"2657","SLC39A6",-0.0484458226056004,0.0097942307907234,-0.223676108541466,2.33319820145389e-06,0.000867339504496622,-0.175230285935866
"2658","PELI1",-0.00169784853120015,0.959017130859067,-0.176501449547104,0.0116272002616558,0.0239342503059969,-0.174803601015904
"2659","TCP1",0.052262452371387,0.00334558157106064,-0.122072297464178,0.00747488840918962,0.000284797914784812,-0.174334749835565
"2660","PCBP2",0.0593647861840681,0.000292552919405191,-0.114038259980962,0.0034316766619861,0.0000296399040798364,-0.17340304616503
"2661","SNRPD1",0.0113079544142052,0.544481806859246,-0.162093066701815,0.0000968888832789572,0.00013729285218852,-0.17340102111602
"2662","BAZ1B",-0.0356882575180581,0.0665207697007343,-0.209013321929928,4.3495984550916e-06,0.000652697734606279,-0.17332506441187
"2663","TMEM237",0.0129443927278751,0.671075230847892,-0.160266372711929,0.0437398063573487,0.041427989039078,-0.173210765439804
"2664","RAB18",-0.0423177878332118,0.0543226580539644,0.130844081368346,0.0172602720570007,0.00305778918570401,0.173161869201558
"2665","YBX1",0.0714803429954918,1.83205819039753e-08,-0.10152876761145,0.00102541557136446,1.06982782754345e-07,-0.173009110606942
"2666","TMX3",-0.131962503877043,5.45851582858e-08,-0.304965447982109,1.21139983011392e-07,0.00992948466883122,-0.173002944105066
"2667","ILF2",0.0792018136244022,8.7378009582756e-08,-0.0935769733551037,0.0237102097030454,0.0000402266679747237,-0.172778786979506
"2668","UBR4",-0.0231289825342609,0.311956844894165,0.149493465711086,0.00607980265725272,0.00334423915875529,0.172622448245347
"2669","CPSF2",-0.0078660520394332,0.792873248966207,0.164641588819011,0.0170214284811425,0.0215721288035519,0.172507640858444
"2670","UPF2",-0.0750559224325906,0.000995915081379056,-0.247527011955455,7.01543045698393e-06,0.00592315935956935,-0.172471089522864
"2671","APPL1",-0.0694069148727801,0.000285648774420322,0.102977915505976,0.0371571644161205,0.000764440233770086,0.172384830378756
"2672","GPM6A",0.162415799843082,3.92791552784056e-21,0.334636804157065,4.81302789500439e-17,0.000191122927261078,0.172221004313984
"2673","ZNF462",-0.00163478380103593,0.948442812600419,-0.173818820899013,0.00119848053030534,0.00347234859196595,-0.172184037097977
"2674","ETNK1",-0.034834988483726,0.0382599533251338,-0.20683962151121,4.68788498884503e-07,0.000156443167576774,-0.172004633027484
"2675","ZKSCAN8",-0.00805107318718344,0.813028068181058,-0.180055187071438,0.0225930073934356,0.0475258601723926,-0.172004113884254
"2676","U2AF1",0.0221067494039668,0.133910765460609,-0.149883021730204,0.0000141665582674803,4.43484607644159e-06,-0.17198977113417
"2677","PHAX",-0.0322114945157658,0.136599749666185,0.13886680182368,0.0104423494297882,0.00312168541690814,0.171078296339446
"2678","TAX1BP1",-0.0290017080078262,0.219877618195617,0.142054988984773,0.0108510159568997,0.00448097108809039,0.171056696992599
"2679","ZNF711",-0.0956811975618197,0.0000302033487182843,-0.266438495661858,1.03421345836738e-06,0.00637049773913061,-0.170757298100038
"2680","SORT1",0.344679015540968,6.12375433681753e-39,0.174004894152288,0.00681087982329177,0.0172007206615401,-0.170674121388681
"2681","TPM1",0.0196264197549497,0.511532631225554,0.190254951118461,0.00981662727220851,0.0351372126085893,0.170628531363511
"2682","RPL4",0.0950403350445462,2.46277248459245e-12,-0.0753327776606891,0.0325711578940958,1.82484105847403e-06,-0.170373112705235
"2683","KLF13",-0.0243919301446195,0.426437221623051,-0.194752685171943,0.00446031314757573,0.0270049679172873,-0.170360755027324
"2684","TOB2",0.0681161158377196,0.0113978493316176,0.238330025595516,0.00036418580678356,0.024701793170341,0.170213909757796
"2685","DDX3X",0.0309709370448676,0.0452974782525484,0.201096748403274,2.33531729834345e-08,0.0000217623309235012,0.170125811358406
"2686","STAMBP",0.0103681904512667,0.696282493984013,0.180267670066045,0.00566594271673335,0.0168567071734312,0.169899479614778
"2687","HNRNPL",-0.0557223081192187,0.00312243918742571,-0.225605209517075,1.30129385606868e-06,0.00114803467522284,-0.169882901397856
"2688","PSMB7",0.0659533630320921,0.0000270733998983072,-0.103268568927506,0.0124149079881952,0.0000796786313286467,-0.169221931959598
"2689","MAPK6",-0.036889380444286,0.0675644621960722,-0.206051102669021,0.0000191847855820234,0.00165857752397608,-0.169161722224735
"2690","STK38L",0.047530558325778,0.106167414652951,0.216306097881801,0.0018497913048794,0.0318060410987797,0.168775539556023
"2691","STOX2",-0.0850874861224942,0.000207410480125473,-0.253821814213871,3.49296901205987e-06,0.00725174244641554,-0.168734328091377
"2692","NCK2",0.0321196331019745,0.180494304458587,-0.136375627769404,0.0208641682360504,0.007529743106392,-0.168495260871378
"2693","SEC62",0.0373091452686078,0.0381617246305524,0.205803451702602,1.37424999442527e-06,0.000401098294725325,0.168494306433994
"2694","RYBP",-0.064028362149307,0.0281088833823273,-0.232298990903172,0.000581967743516136,0.0292955471099051,-0.168270628753865
"2695","RBMX",-0.0410564113747959,0.0110588063330626,-0.209156260531666,5.70202483131546e-08,0.0000922882377251243,-0.168099849156871
"2696","MRPS34",0.0475183479479604,0.0388088119060931,0.215352815416969,0.000361979182286338,0.0123831982756079,0.167834467469008
"2697","ZNF780B",-0.398438390266204,2.04369874824747e-58,-0.230822857592714,0.000273107223324238,0.0202451978251768,0.16761553267349
"2698","C4orf48",0.310506043730535,3.29987250080614e-39,0.142977355256769,0.0300206262099708,0.0176900295645949,-0.167528688473766
"2699","UBE2E3",-0.0520667807840821,0.0322439808999136,-0.219464064836266,0.0000935949165091295,0.00891636380135069,-0.167397284052184
"2700","ZNF253",-0.0781990881021227,0.00258368093678845,-0.245593359291184,0.000270137871325914,0.0284130145981446,-0.167394271189062
"2701","ABAT",-0.0410792267754819,0.0997160451534488,0.126156046584817,0.0487918338003453,0.0136159104625096,0.167235273360299
"2702","SUPT6H",0.0724769134450914,0.00450763214744936,0.239644356031585,0.000178494330702982,0.0213816002466549,0.167167442586493
"2703","ZNF254",-0.0557369244878729,0.00345135763449513,-0.222671210556246,4.59411760172493e-07,0.00082636175278719,-0.166934286068373
"2704","CCNB1IP1",-0.000719063620111689,0.980633855937617,-0.167424391061475,0.0146754957457065,0.0255922102026147,-0.166705327441363
"2705","TRIM2",-0.0283638667665288,0.174255747708776,-0.195045037783811,0.0000275621449556901,0.00141660830904129,-0.166681171017282
"2706","RAB30",0.00617948736794191,0.844704830017231,0.172831233289061,0.0142612978872023,0.0323146649094736,0.166651745921119
"2707","CAB39L",-0.0687459298775219,0.0248737530004018,-0.23537793172506,0.00102244212632611,0.0434206366998393,-0.166632001847538
"2708","PLEKHO1",0.0472455320944672,0.0436350470122777,-0.119369560703071,0.0485378011590309,0.0089294382175224,-0.166615092797539
"2709","MRPS26",-0.0349953882371361,0.129264241236715,0.131180710847517,0.0317040838454409,0.00995317123868118,0.166176099084654
"2710","TUBGCP2",-0.0153433077353673,0.460228455850325,0.150817373649433,0.0061518904422384,0.00453230241602059,0.166160681384801
"2711","XPO1",-0.276124152453422,1.82008171800869e-46,-0.1100117656308,0.0296855919294108,0.00178576137403876,0.166112386822622
"2712","ZNF292",-0.073544893556269,7.26765016972878e-06,-0.23963967930685,1.740936165696e-10,0.000100521935401162,-0.166094785750581
"2713","DHX15",-0.078412710959746,0.0000732371470026636,-0.24430327568188,1.91836251984378e-07,0.00193428749004659,-0.165890564722134
"2714","PPM1A",-0.0739951760448928,0.0015184493711214,-0.239851806620659,7.20819848498296e-06,0.0069444170919617,-0.165856630575766
"2715","SPCS2",0.0127206257475369,0.617769571302297,0.178485575019053,0.00151656782075794,0.00814583181803421,0.165764949271516
"2716","C14orf132",0.0202057285115751,0.489526939076029,0.1857329395133,0.00785872368476037,0.0327506001934615,0.165527211001725
"2717","BTBD9",0.0514778077038536,0.00818894570921798,-0.11386864413317,0.0222617040762135,0.00158503438662368,-0.165346451837023
"2718","C14orf119",0.00709854311171955,0.811703265159531,0.172349337143146,0.0196518673816066,0.0396158506713263,0.165250794031426
"2719","KIAA1586",-0.0170386718132705,0.516665189322411,-0.182169967117271,0.00324792954191708,0.0160517819193488,-0.165131295304
"2720","MPC2",0.0814231604729627,0.0000303030460820204,0.246230102523603,2.86097064809054e-07,0.00249464742850656,0.16480694205064
"2721","DOCK4",0.036831893802105,0.146598230584051,0.201512928318559,0.000949599736893211,0.0159842818841467,0.164681034516454
"2722","MED17",-0.063653259656682,0.00551946988262859,-0.228211521274713,0.0000269781992933607,0.00780143920493552,-0.164558261618031
"2723","VGLL4",0.0879614954123145,1.18694280538465e-06,0.252293150135719,5.72169971529493e-09,0.000880100388640106,0.164331654723404
"2724","PRRC2B",-0.0239182934029318,0.170383974517395,-0.188140401518272,2.38958014826777e-06,0.000213279744452515,-0.16422210811534
"2725","RAB28",-0.0774058737076274,0.0000418716364441944,-0.24159577385001,1.32889616480077e-07,0.00159969112157838,-0.164189900142383
"2726","NDUFS1",0.00127275832573264,0.933443593502444,0.165400695749021,1.90969723867463e-06,0.0000122366669858052,0.164127937423288
"2727","UGGT1",-0.0142296976124462,0.615799942044458,-0.178218071127829,0.00646704324317149,0.0237819395810138,-0.163988373515383
"2728","LPP",0.256236366887388,3.6376928200141e-19,0.42015201031872,4.45499264705438e-10,0.0441577560226865,0.163915643431332
"2729","CNTRL",-0.409734254093594,1.43692181731914e-48,-0.245929565692585,0.000343701499105139,0.0393864882824875,0.16380468840101
"2730","RBBP4",0.0623197043725759,1.33689661082585e-09,-0.100845905838508,0.000364248352293436,2.71221673965971e-08,-0.163165610211084
"2731","KIF1B",-0.0270778381164776,0.0384956162305853,0.135748648503917,7.33066422647465e-06,7.33609130749014e-07,0.162826486620395
"2732","ABL1",-0.0568949374118208,0.00321461437219334,0.105522825370852,0.0288941033496912,0.00135667424090691,0.162417762782673
"2733","PPP4R1",-0.00258085537531599,0.924371684242419,-0.164805329606862,0.00273544470043968,0.0080071845970713,-0.162224474231546
"2734","SFPQ",-0.0285948022535363,0.0160302520041939,-0.190588890902602,2.24140344980143e-12,7.71255852251549e-08,-0.161994088649066
"2735","CAMLG",0.024019870477975,0.1909655103807,0.1859096184371,0.0000110583067408979,0.000581222055027678,0.161889747959125
"2736","RTN4",0.083895752543562,1.74062575040508e-12,-0.0779399823454716,0.00897186203107098,1.35126395958781e-07,-0.161835734889034
"2737","PTP4A2",-0.0314252748066916,0.0733190530063722,0.130210304260654,0.0037452226144444,0.000714796159292366,0.161635579067346
"2738","RNF214",-0.0597017571739455,0.00837276768276752,-0.221218857239824,0.0001236442853387,0.0128275388001109,-0.161517100065879
"2739","ORMDL1",-0.0249091808076143,0.328832127696246,0.136356079128153,0.0272579519601638,0.0152901726140738,0.161265259935768
"2740","NR2C1",-0.311535241982812,1.01714387266955e-28,-0.150452608926986,0.0371247083676282,0.0423400171955988,0.161082633055825
"2741","SMARCC1",-0.0368643164342388,0.0177268198228427,-0.197906899217484,2.42326282231204e-08,0.0000511441716200271,-0.161042582783245
"2742","ATP2B4",-0.00763648174667342,0.793834571045894,0.153235735367195,0.0176251601513488,0.0229832167153401,0.160872217113869
"2743","KLHL7",-0.0461293021850982,0.0190348888323449,-0.206725906925207,7.59118548934339e-06,0.00196739938167801,-0.160596604740109
"2744","KAT6B",-0.0305361504328843,0.184143912060296,-0.191046034901413,0.00020887921306095,0.00573953229299647,-0.160509884468529
"2745","LASP1",-0.0135302111531412,0.649256033258631,0.146932377633126,0.0391131738254936,0.0375701600715764,0.160462588786268
"2746","PPP1R10",-0.0580054435553308,0.00398687881361559,-0.218301363273274,9.41577716162883e-06,0.00391376940246003,-0.160295919717943
"2747","BOD1L1",-0.045245780184032,0.0253536885267574,-0.20538259503248,0.0000189402442259852,0.00304659307000115,-0.160136814848448
"2748","TFDP1",-0.0413169861312543,0.131180707057921,-0.200640719422706,0.00436187068519446,0.0429604808846409,-0.159323733291451
"2749","COX4I1",0.24333368885417,2.14584332189631e-62,0.0843810391810677,0.0298298366430707,0.0000684716497984568,-0.158952649673102
"2750","USP8",-0.0450618282182307,0.0215520864785758,0.113532440070012,0.0177908695547207,0.00182198987942853,0.158594268288242
"2751","CWC15",-0.0270969260649057,0.204815914897807,0.131329888879725,0.0117229180431299,0.00462109202172903,0.158426814944631
"2752","POLR2C",-0.0364888218457273,0.179304798178875,-0.194861498742426,0.00601254633058612,0.0447623713764242,-0.158372676896699
"2753","KHDRBS1",0.0873522758267035,4.30850521798714e-13,-0.0704776616936788,0.0246110154104355,6.40440851655551e-07,-0.157829937520382
"2754","AKR7A2",0.126811258225915,1.24591626005069e-06,0.284219558046066,0.0000147210912579707,0.0396510643456423,0.157408299820151
"2755","IFT43",-0.0319791273989299,0.130333336655418,0.125409253349388,0.0228834479369524,0.00690832355194611,0.157388380748318
"2756","MRPL11",0.00400270407431498,0.898667434035989,-0.153276697815521,0.0284826777742254,0.0408790583570953,-0.157279401889836
"2757","DCUN1D4",-0.0609848662117644,0.0075647374239592,-0.218004740064061,0.0000697784441126381,0.0117371407214052,-0.157019873852297
"2758","RBM4B",-0.0483200157512982,0.0436409991472914,-0.205191901483244,0.000913733984668178,0.0235581550927373,-0.156871885731946
"2759","TTC21B",-0.130281539972191,6.98293277234679e-07,-0.286944294613085,1.47363620779419e-06,0.0267077628215955,-0.156662754640894
"2760","CREB1",-0.0559379972770385,0.00096199794898073,-0.212379104135717,1.05981849096612e-07,0.000528021270511976,-0.156441106858679
"2761","PDE10A",-0.0858068813481253,0.00179069965583258,-0.242182179708701,0.000270758903210689,0.0415256124296687,-0.156375298360576
"2762","OSTC",0.0107454594407768,0.716228883138426,0.166828118368541,0.0145410807844257,0.038527559546157,0.156082658927765
"2763","AP2S1",0.0878519499978411,4.00907964597169e-07,0.243790846301701,1.07716931378905e-07,0.00255642108401242,0.15593889630386
"2764","SNX27",-0.0307514886587405,0.1569140166602,0.124974399421498,0.0250660556614979,0.00855776063354638,0.155725888080238
"2765","MT-ATP6",0.179129447587047,7.74021045437231e-33,0.334692943647398,1.68757509041436e-22,0.0000948527376430669,0.155563496060351
"2766","TCF25",0.0769464960588039,7.18646082188552e-08,0.232178127406126,4.55982391743335e-10,0.000191043561266371,0.155231631347322
"2767","HNRNPK",0.0559069336436189,1.03881725863559e-06,-0.0992170042622107,0.000390134960089329,1.64140252297562e-07,-0.15512393790583
"2768","VPS41",0.0156873197148446,0.528808858506716,0.170579581017256,0.00400184552535162,0.0182844962598897,0.154892261302412
"2769","SNRPB",-0.0471686681081175,0.0237311999586235,-0.201920893542899,0.0000713540001262837,0.00704681075863315,-0.154752225434782
"2770","ACOX1",0.108529589220715,0.0000467341229806526,0.262974845489917,0.000070424453139512,0.0447089859664873,0.154445256269201
"2771","GMFB",-0.0183534725891539,0.469326221472427,0.135874070780049,0.0285454948362502,0.0210088232599577,0.154227543369203
"2772","HNRNPD",-0.0603220128122955,2.74448418684752e-06,-0.214345592703226,5.91974698510552e-13,4.4616899531555e-06,-0.15402357989093
"2773","NSA2",0.0600856236045323,0.000877872684226593,-0.0936314367902611,0.0486292137481087,0.00175692931609016,-0.153717060394793
"2774","RUVBL1",-0.104339381945109,0.000034927935842124,-0.257976754082865,0.0000442431275119349,0.0352851062533153,-0.153637372137756
"2775","ABCD4",0.013494583609321,0.627050645571088,0.166635028494205,0.0165410961675467,0.044320232605885,0.153140444884884
"2776","ADSS2",-0.112833876986743,4.08492872467089e-06,-0.265421376329552,0.0000786161485016442,0.0479080529865526,-0.152587499342809
"2777","CBX1",0.0074297256705845,0.689801768437983,-0.14504428700547,0.000689214975686016,0.00101662335344955,-0.152474012676054
"2778","NSFL1C",0.00311710523304497,0.904612898877337,-0.149271742859911,0.0146155194394916,0.0215592516003339,-0.152388848092956
"2779","KIF21A",0.0220590832425113,0.310994227833581,-0.130169560856194,0.0104257191722907,0.00568967679709971,-0.152228644098705
"2780","CBL",-0.0265846667712082,0.227569781570331,0.125481062894861,0.0167327810041184,0.00711219293272024,0.152065729666069
"2781","MRPL18",-0.0184957287610606,0.47866816025169,0.133487337861755,0.0365266351449782,0.0269885252899123,0.151983066622815
"2782","RERE",-0.0534320870325226,0.00365317640766069,-0.205356349658047,1.06740234348316e-06,0.00149220155598097,-0.151924262625525
"2783","MRPL20",0.0628862451343709,0.00877822691807629,0.214048619058951,0.000274706737847746,0.0241255824516983,0.151162373924581
"2784","MAPK8",-0.0553307116456176,0.0172445101616777,-0.206241467290094,0.000151743744059737,0.0148722541164683,-0.150910755644476
"2785","VAPA",0.0258975383694562,0.0983951779690818,0.176156761825029,1.45688827608281e-06,0.000222624376339805,0.150259223455573
"2786","NUP58",-0.299082699450721,1.21546512276204e-47,-0.149315932180786,0.0056067337641322,0.0113483248175088,0.149766767269936
"2787","ELP2",-0.292195858855527,3.09110140379126e-40,-0.142850539754134,0.0164567355201917,0.021068503481968,0.149345319101393
"2788","PNKD",0.0394687746276209,0.135300682009976,0.188688988346959,0.00290738508758443,0.0373183532596873,0.149220213719338
"2789","ACTR2",0.0245760172795674,0.126499112089661,0.173660537491794,3.590726870736e-06,0.000349768345442765,0.149084520212227
"2790","CLTC",0.111833851882683,7.20965097017209e-12,0.260727864534117,3.65570757033442e-11,0.000982652221753371,0.148894012651434
"2791","KIAA1328",-0.185026102426723,5.6931116490415e-14,-0.333535264530718,4.08925916402004e-09,0.0286388439313574,-0.148509162103996
"2792","HNRNPLL",-0.0220691087835239,0.328114470129648,-0.170315833042009,0.000732952656960985,0.00886992346686368,-0.148246724258485
"2793","ZNF714",-0.280944643901114,4.04689251594553e-29,-0.132949223128318,0.0455377152206467,0.0401630201965774,0.147995420772796
"2794","SRPK1",-0.105909323958815,5.48537051729958e-09,-0.253636856494776,6.7726265379024e-09,0.0033663700526285,-0.14772753253596
"2795","CSNK1G3",0.0333044369666928,0.0852656227410959,-0.113732484046774,0.0220721909274448,0.00516943660130235,-0.147036921013467
"2796","MAPK1",0.0457318982302039,0.0190589128059883,0.192696970438543,0.0000145581881072999,0.00365922519423858,0.146965072208339
"2797","CALU",0.12228824119711,7.22020803043887e-07,0.26899337203437,6.17944061117056e-06,0.0356764970163977,0.14670513083726
"2798","ARPP19",-0.0181299336887341,0.286049551627574,0.12843564370148,0.00129627653811888,0.00069614170606498,0.146565577390214
"2799","HAUS1",-0.02017855387458,0.391176167186931,-0.166458677377468,0.00269682740522342,0.0179344947930065,-0.146280123502888
"2800","PTBP2",-0.129459830180322,6.68569198155267e-19,-0.275467484287255,4.29314627974726e-16,0.000185871349178203,-0.146007654106933
"2801","MAPRE1",0.123857787898412,1.21856295356662e-10,0.269654912446778,4.73179013720528e-08,0.010397253227094,0.145797124548366
"2802","COX7C",0.231122862627358,7.36930290376271e-68,0.0855654774615729,0.0171072884453,0.0000885418878505557,-0.145557385165785
"2803","CAPZA2",-0.0087121352952591,0.474668747777505,0.136677695457811,9.18829036402904e-07,1.5662343116989e-06,0.14538983075307
"2804","CDKAL1",-0.181387277104805,1.65060624647736e-21,-0.326716218882047,4.95328483312307e-14,0.00468462285628702,-0.145328941777242
"2805","RPN2",-0.0141439062843217,0.533583268365883,-0.158997998043838,0.0019505302622165,0.0108166276643311,-0.144854091759517
"2806","NCOA4",0.0296645661530727,0.242292771146476,0.174389966029237,0.00654078946297881,0.0424085149714737,0.144725399876164
"2807","BNIP2",-0.00765659632382585,0.796169870907933,0.136555528568046,0.0368540243635185,0.0449825472964056,0.144212124891872
"2808","TPRKB",-0.080564147893296,0.000199669249392845,-0.224748403622738,0.0000473966790987151,0.0225049374451389,-0.144184255729442
"2809","NAP1L1",0.0526687393010164,0.00313947754572154,-0.0911222558181818,0.0451535664674391,0.00248067839983306,-0.143790995119198
"2810","ZMIZ1",-0.0323581628269767,0.156372742418787,-0.176001320993107,0.00125965318369549,0.0188783965186612,-0.143643158166131
"2811","SOD1",0.057305928930836,0.00423677433894568,0.200736532000208,0.0000344884457281555,0.00930713599672829,0.143430603069372
"2812","HNRNPH1",-0.0321516113340387,0.0536157211169783,-0.175374503466984,3.41079385795587e-06,0.000751350825121778,-0.143222892132945
"2813","CYRIB",-0.252855794212928,4.22282445376875e-46,-0.109892055030326,0.0263428934055759,0.00610768524424812,0.142963739182602
"2814","DENND4A",-0.274614486656634,1.11677370412849e-32,-0.131902803471016,0.0268255198529498,0.0284309788293921,0.142711683185619
"2815","TMEM178B",-0.0136242598713499,0.447861714182454,-0.156310925645108,0.0000967805811788717,0.00137488677532828,-0.142686665773758
"2816","HIKESHI",0.0113713865225225,0.587076942532784,0.153854785613457,0.00253883975807934,0.0107455621021703,0.142483399090934
"2817","RNF7",0.0678330448528983,0.000204766668638709,0.210022152126872,7.34729959178204e-06,0.00722445724937564,0.142189107273974
"2818","MOB1B",0.0198634096775906,0.434525578445269,0.16175902873102,0.00610624333233315,0.031591482143155,0.14189561905343
"2819","FNBP1L",-0.0483379115061564,0.00412675712015075,-0.189829301054817,1.28652474423737e-06,0.00141211054314355,-0.141491389548661
"2820","CHCHD3",0.0196324536640869,0.251585751543723,-0.121405485946298,0.00263287825363926,0.00123590430603276,-0.141037939610385
"2821","HACD3",-0.0105101349015592,0.647957937297374,0.13038037347427,0.0127220791837667,0.0137532734210927,0.140890508375829
"2822","CSTF3",-0.144119698717796,9.81780538878806e-18,-0.284884243954633,4.73919163456596e-12,0.00323411793913343,-0.140764545236837
"2823","OLA1",-0.0941572992149461,3.69260831322055e-07,-0.234845998646386,2.92834049037528e-08,0.00412374464134684,-0.14068869943144
"2824","MRPS18C",0.00321549608472361,0.895837895267165,-0.13648069740228,0.0190899753717495,0.0268686582719858,-0.139696193487003
"2825","UBE2K",-0.0624398031702662,5.67877172831829e-06,0.0760589631661625,0.0366770713764806,0.000207137963021267,0.138498766336429
"2826","TAF3",-0.0500510243987835,0.0273975383147009,-0.188305536884567,0.000521588411204773,0.0253717187656084,-0.138254512485784
"2827","SHOC2",-0.0289129862125437,0.139974893878353,-0.16712096822066,0.000600073802157648,0.0107582315733107,-0.138207982008117
"2828","SNW1",-0.0274596174295146,0.143963988412793,-0.16564770747109,0.000378026716990158,0.00763202320728705,-0.138188090041576
"2829","MSH6",-0.15907909132899,1.30318871545505e-12,-0.297223842498128,4.02803469479714e-08,0.0318858693111675,-0.138144751169139
"2830","CAP1",0.111690774477403,1.42362572611551e-09,0.249701315121362,1.19277490126811e-07,0.0110061646683376,0.138010540643959
"2831","ARHGEF7",-0.104266952460003,1.49735928547734e-07,-0.24206426419905,2.81737254336168e-07,0.01187706968474,-0.137797311739047
"2832","SSRP1",0.0189540096649049,0.378655195045431,-0.118724500197676,0.0298298366430707,0.0186180085823314,-0.137678509862581
"2833","ATRX",0.00453697846968988,0.807783711787117,-0.132888156509004,0.000753344009397654,0.00152179811762037,-0.137425134978694
"2834","UBAP2L",0.0179531582959,0.41533735565585,0.154808865769472,0.00340826158764217,0.019626195362832,0.136855707473572
"2835","TRIM33",-0.0706608686589841,0.000024214432403785,-0.206973155200326,1.05981849096612e-07,0.00226435939353141,-0.136312286541342
"2836","RAC1",0.0697922283839301,5.52082298729954e-10,0.20576811468949,1.06777403099285e-14,6.10073894715496e-06,0.13597588630556
"2837","TCEAL9",0.0727448374713508,0.00352165576076854,0.208624505363435,0.000454424302533505,0.0493635122015219,0.135879667892084
"2838","RTN3",-0.054164109166803,0.0000143943155687025,0.0815565177468407,0.0109954873899397,0.0000481621008237513,0.135720626913644
"2839","HNRNPDL",-0.0220456666171218,0.065150350487418,-0.15759198870299,6.37337200933958e-09,7.3385952515469e-06,-0.135546322085868
"2840","IST1",-0.0276395143193258,0.193497782045817,-0.162678308564322,0.00119923969226495,0.0166752443527801,-0.135038794244996
"2841","ZNF84",-0.0828102955307219,0.0000280002282173338,-0.217798310574499,8.76387361673085e-06,0.0164669792045347,-0.134988015043777
"2842","ANKRD10",-0.0848481274351653,9.82607549278755e-06,-0.219730500743728,5.40920327712974e-07,0.00820423446260153,-0.134882373308563
"2843","AP3S1",-0.0680499678407286,0.000185561866876096,-0.202406568434952,5.59841764875214e-06,0.00835125715038794,-0.134356600594223
"2844","HSPD1",0.00972916268458762,0.67019313516834,0.143994033963408,0.00544054339544177,0.0195025808046832,0.13426487127882
"2845","ELAPOR2",-0.092872130299156,0.000176480551360155,-0.226767281854261,0.0000991553679093165,0.0497513528212625,-0.133895151555105
"2846","FUBP1",-0.0505907939350394,0.00749700185348534,-0.184478136619825,0.0000260643028174164,0.00750878148122187,-0.133887342684786
"2847","SAR1A",-0.0027630057468487,0.916143281777635,0.130557195900609,0.0344054397356483,0.0467481118312854,0.133320201647458
"2848","NDUFB7",0.230448132902392,1.89549924567178e-44,0.0985065619505519,0.0311965876989699,0.00622911695624422,-0.131941570951841
"2849","MRFAP1",0.0549105269947973,0.00032443168677455,0.186551901039963,5.57789384088378e-07,0.00178140447662505,0.131641374045165
"2850","SREBF2",-0.0376443419624282,0.121579275679042,-0.168660617075183,0.0040342160317964,0.0489018751021199,-0.131016275112755
"2851","VMP1",-0.0242493278379482,0.217122901299865,0.106632895580013,0.0271217950740757,0.0112564851042385,0.130882223417961
"2852","XRCC5",-0.0165245859873304,0.196089325796002,-0.146939768829877,2.45201612300726e-07,0.0000397110962650559,-0.130415182842546
"2853","SCAI",-0.336720831485377,7.41095354998122e-59,-0.206667445977495,0.0000629374096462345,0.0299093502784417,0.130053385507882
"2854","BTBD10",-0.051981988838859,0.0119842600652617,-0.181313839430083,0.000379262110832482,0.025461951635765,-0.129331850591223
"2855","ATXN7L3B",0.00213457217362247,0.927493573931267,-0.127169558146468,0.0253235262236993,0.0350643586142597,-0.12930413032009
"2856","GLO1",0.0339083896972059,0.121706105283409,0.162981286524561,0.00353779962467695,0.0385585297563856,0.129072896827355
"2857","BTF3",-0.00470842133950414,0.818850423552536,-0.131789803221105,0.00288001619654708,0.00954089016219609,-0.127081381881601
"2858","HNRNPM",-0.0310639981631108,0.0212402013420901,-0.157911341703914,5.58663398355023e-07,0.000338133939112913,-0.126847343540803
"2859","MARCHF6",-0.0953183149547016,9.32106718923084e-09,-0.221129961589371,1.65397029550092e-08,0.00560188941244546,-0.125811646634669
"2860","PHACTR4",-0.0169857335060415,0.414621286843919,-0.142365356895436,0.00240362575248654,0.0170272819411023,-0.125379623389394
"2861","DEK",-0.139926865027076,1.49230985441056e-11,-0.26508982494067,5.17393247954344e-08,0.031317494082211,-0.125162959913594
"2862","R3HDM1",-0.252213127530877,8.76435052360256e-47,-0.127156024774711,0.00538321327547672,0.0129922437669616,0.125057102756166
"2863","MT-RNR2",0.273791035152525,1.0622250821918e-52,0.14947772393882,0.000690636470538634,0.0124088538171636,-0.124313311213704
"2864","MARK3",-0.045796008230693,0.00309595840778684,0.0783464172782445,0.0429443218993252,0.00218473575238546,0.124142425508937
"2865","HNRNPUL1",-0.0210663376969034,0.143896763364749,-0.144876629732601,0.0000434651769768732,0.00157864985894798,-0.123810292035698
"2866","SSR4",0.284433806148899,4.91203571535072e-55,0.160624571465902,0.00107936623679196,0.0249581040072244,-0.123809234682996
"2867","PPA1",-0.0480486398980366,0.00569860422050026,-0.171644914049805,0.0000589052417976322,0.0106854710940439,-0.123596274151768
"2868","CLNS1A",-0.0112749655381812,0.587044015763067,0.11227748033019,0.0235779930807529,0.0214734428480528,0.123552445868371
"2869","ALMS1",-0.115276604428045,2.88837711195339e-08,-0.238778527364015,9.71159513314596e-07,0.0323853449684782,-0.12350192293597
"2870","MEGF9",-0.155033917872862,2.40092137260793e-12,-0.278436959232302,8.12330688855165e-08,0.0468086465236474,-0.12340304135944
"2871","ATP5IF1",0.00547375644645142,0.779875697210456,0.128525352509456,0.00671678709484634,0.0172724756598136,0.123051596063005
"2872","SF3B2",-0.0412898673038011,0.000513502798294255,0.0817226711832962,0.013817738605052,0.000338823657651902,0.123012538487097
"2873","YTHDF2",0.0223094493975229,0.187277530381168,-0.100488702913076,0.02185970709186,0.00834027454001829,-0.122798152310599
"2874","SPATS2",-0.0251085118869757,0.203944627023361,-0.14759763331115,0.00119848053030534,0.0169303212534198,-0.122489121424174
"2875","XRN2",0.00429520483721184,0.833243860538237,-0.117760024811113,0.00979929535620051,0.0142575900552502,-0.122055229648324
"2876","SMARCAD1",-0.119045615726811,4.21949225733526e-13,-0.24086190254938,1.56907368674855e-09,0.00890491042894759,-0.12181628682257
"2877","TPT1",0.267957888950955,1.43677855665421e-49,0.146319589547126,0.00107126044405681,0.0161489221613557,-0.121638299403829
"2878","POU2F1",-0.0402736176156975,0.0425116252601645,-0.160929175918201,0.000413684276199536,0.0209355520204668,-0.120655558302504
"2879","UBTD2",-0.0172210953040766,0.430160185186727,-0.13774781504352,0.00669411335467133,0.0333530715961704,-0.120526719739443
"2880","RNGTT",-0.144071221322153,1.07155574531766e-14,-0.264592936043632,1.14696368285749e-09,0.0199312617692692,-0.120521714721479
"2881","OAZ1",0.0327522298194784,0.0723965190448769,0.152741567636302,0.000372043621589804,0.0134217473774324,0.119989337816823
"2882","HMGB1",0.0196910142402177,0.104055959436664,-0.100052447271967,0.000343029954311693,0.0000795558195003802,-0.119743461512185
"2883","SRP14",0.195591966742797,1.9334892603398e-61,0.0759707337463173,0.0133033298262293,0.000202667345702478,-0.119621232996479
"2884","UBE2B",-0.00122271785773005,0.949342878392474,0.118249196008776,0.00409963318431252,0.00824229275416748,0.119471913866506
"2885","PBRM1",-0.0500537410465848,0.00527893766461605,-0.169335670336227,0.000052081008378466,0.0127297268840311,-0.119281929289642
"2886","C11orf58",-0.0342117468910936,0.03910823294708,0.0850644852702651,0.0390867909298191,0.00635849341189039,0.119276232161359
"2887","RAN",0.0305314276472082,0.0507256238980671,-0.0880638491272101,0.0281483358168331,0.00509607382232298,-0.118595276774418
"2888","PPP1R12A",-0.0094713482927641,0.616155100003748,0.108719823547805,0.00812914449061751,0.00894272379820895,0.118191171840569
"2889","RNF130",-0.0587145559666355,0.00143605013001355,-0.176644476871431,0.0000464126641745584,0.0183716631531103,-0.117929920904796
"2890","MRPS24",0.0453953144510583,0.0256828752288541,0.162861596028602,0.00177407641113557,0.0465219689978071,0.117466281577544
"2891","XKR6",0.0104803392881728,0.593562072715995,0.127532358287291,0.00546846769277468,0.0213437755133659,0.117052018999118
"2892","ROCK2",0.0231722176289685,0.274450063789504,0.140055305979099,0.0036308061123965,0.0319463971191438,0.116883088350131
"2893","NDFIP1",0.0141658492007778,0.334672172511254,0.130382303076552,0.000094022091505763,0.00175018151437184,0.116216453875775
"2894","TRA2A",-0.247166374961124,7.74155301294565e-45,-0.131518657354041,0.00277373042703097,0.0189315899896578,0.115647717607082
"2895","RPL28",0.214428561672754,4.09293001502674e-56,0.0991368601371805,0.0040342160317964,0.00208780324594702,-0.115291701535573
"2896","MTCH1",0.0379302918758703,0.0419089704454619,0.153130656057495,0.00346346801468263,0.0480120453754943,0.115200364181624
"2897","EEF2",0.197785780430526,3.07835225299987e-58,0.0830527063610414,0.0105533908453814,0.000853223895046423,-0.114733074069485
"2898","RBM25",-0.0808388002849743,3.97162908803659e-08,-0.195471743375163,5.32051818708271e-08,0.00560390375622542,-0.114632943090189
"2899","STAU2",0.00941327937767303,0.658215802216371,-0.104720327816508,0.0350458217105629,0.0345778542304554,-0.114133607194181
"2900","PSMA3",-0.0169223096943927,0.300899281232746,0.0971266644134593,0.0179517826019413,0.00943252252023214,0.114048974107852
"2901","PPP1CC",0.0691222623798955,0.000047248187605969,0.183083034996333,0.0000198682899641281,0.020713993987322,0.113960772616438
"2902","ARID4B",-0.0193990091402138,0.285074352846053,-0.132974501833017,0.00126212323530263,0.0141949428439612,-0.113575492692804
"2903","RBM17",0.00644267057761717,0.763768621851759,0.119819678214302,0.013554587608162,0.0347320150775578,0.113377007636685
"2904","ARID1A",-0.0597257902537711,0.000225945749214424,-0.173087079861345,5.00378264393423e-06,0.00942065156545673,-0.113361289607574
"2905","GOLGA4",-0.0287845460449073,0.0848764159712847,0.0844982566078705,0.0441312099387729,0.0109922025384714,0.113282802652778
"2906","LRP6",-0.072650729725019,0.000209061520586687,-0.185875609073556,0.0000863416665631199,0.0403710686625747,-0.113224879348537
"2907","FUS",-0.0252158306343235,0.0602530996455115,-0.138374319245973,8.83236895168359e-06,0.00121517180369306,-0.11315848861165
"2908","CHMP2A",0.137193230295115,3.78454221935093e-15,0.249767419771427,1.69770251181763e-08,0.0310369559467171,0.112574189476312
"2909","CHMP5",0.0382047995151092,0.062859091048174,0.150010367729802,0.00259119359143812,0.0484568894713021,0.111805568214692
"2910","FIS1",0.195698979600746,3.32652155671894e-31,0.30663726994804,1.62562592915314e-13,0.0257353245316066,0.110938290347295
"2911","TIAL1",-0.0375314479805348,0.0133766128593128,-0.147658085690394,0.000154370580370209,0.0118413232617619,-0.110126637709859
"2912","HDLBP",0.0364900333754402,0.0438952129505193,0.145981661946839,0.00125231406995594,0.0319179993183837,0.109491628571399
"2913","EIF1",-0.00810057081366368,0.705768831783387,0.100948599274642,0.0380299041576468,0.0405420808710881,0.109049170088306
"2914","NDUFA11",0.194384391537211,6.54309046544807e-42,0.0856025578902023,0.0317040838454409,0.0101125473761162,-0.108781833647009
"2915","RAB14",0.00373077336711399,0.841721619392623,0.111741945503248,0.00854446229427564,0.0206107612062801,0.108011172136134
"2916","HNRNPR",-0.0570976463429241,2.72109697948061e-07,-0.164993369215347,1.32703525375767e-10,0.00023615045972735,-0.107895722872423
"2917","CALM2",0.0438266036943452,0.00416808827538261,0.151498133099633,0.00002601509692147,0.00886379749596034,0.107671529405288
"2918","BMPR2",-0.0368859026537174,0.06879967320155,-0.144384458105068,0.00219115785535648,0.0467804816730328,-0.107498555451351
"2919","UBXN4",0.0245487409402559,0.059754699848398,0.130831350143363,0.0000420304710647424,0.00284530319795796,0.106282609203107
"2920","PARK7",0.0620724372155549,0.0000224517371734725,0.16820920828061,2.34581108287954e-06,0.00953829121264978,0.106136771065055
"2921","MTPN",-0.0167753929792255,0.386690508984723,0.089241405790138,0.0485378011590309,0.0307089983404587,0.106016798769364
"2922","SRSF10",-0.083283110207249,2.39247941611919e-08,-0.188926837761635,1.19467425159214e-07,0.0109814456538423,-0.105643727554386
"2923","PAIP2",0.0142713015962344,0.387752392372931,-0.0912375630363295,0.0205755196102929,0.0131584413669264,-0.105508864632564
"2924","HNRNPA2B1",-0.0102491735538054,0.334316635067941,-0.115736281920926,9.29766310585341e-07,0.0000575453959956563,-0.10548710836712
"2925","CSDE1",0.0239070179777118,0.0080085645911236,-0.0815565966244935,0.0004585174431567,0.0000198760628075553,-0.105463614602205
"2926","RWDD1",0.210072721357891,3.05880666994264e-40,0.104728860784556,0.0141047698592079,0.0239005443096234,-0.105343860573336
"2927","ZMYM2",-0.0288361578290911,0.0821042241145085,-0.133671020745729,0.000458763713131281,0.0156813069764065,-0.104834862916638
"2928","DDX46",-0.0422968905315048,0.00465488702915846,-0.146636182228429,0.0000697553256618319,0.0126710730765462,-0.104339291696924
"2929","ZNF706",0.124068653609665,9.51923831601405e-17,0.227150475987769,2.49920013239114e-09,0.0212080199493573,0.103081822378103
"2930","BEX3",0.103268497075814,1.58147842809851e-13,0.20633994604715,1.4208500880754e-09,0.00969497163646214,0.103071448971336
"2931","ADD1",0.0185610352696845,0.303136480299784,0.120909601086986,0.00357443920523569,0.0283182833423092,0.102348565817302
"2932","MAP4K5",-0.0496518693469033,0.00517681954621008,-0.15135997229722,0.000275181184291383,0.0346091599925865,-0.101708102950316
"2933","SMC3",-0.0529394266424993,0.000270135254138509,-0.154627585688769,0.0000119014984360015,0.0119681265308741,-0.101688159046269
"2934","MT-CO2",0.161270765304432,2.14246854185854e-22,0.262704367741885,7.99636001589323e-12,0.0286598194410174,0.101433602437453
"2935","RPL7",0.196565484697888,5.05837403747396e-36,0.0954132998657554,0.0167253746105142,0.0210409654755295,-0.101152184832133
"2936","HNRNPC",-0.0320449822537548,0.0203520196807262,-0.132989229316308,0.0000296584698470769,0.00527301516397653,-0.100944247062553
"2937","SKP1",0.0660542554466109,0.000232094024365017,0.166882498281727,0.0000991547836623417,0.0440815149791921,0.100828242835117
"2938","SDCCAG8",0.0598144115209831,0.000266313252089042,0.159939292936357,0.000104508990981781,0.0347320150775578,0.100124881415374
"2939","WDR70",-0.0572748412945195,0.00169979143424504,-0.157310910523676,0.000238146086590531,0.0450542836251636,-0.100036069229156
"2940","MARCHF7",-0.0490390791059202,0.00752152180791646,-0.147583976863012,0.000601543357938472,0.0480791182463893,-0.0985448977570922
"2941","ST13",0.0921572201633632,1.97202941267769e-09,0.190577999683999,4.46315607563348e-07,0.0263130214771008,0.0984207795206356
"2942","KATNBL1",-0.184064782820525,3.42764685856319e-33,-0.0866639937150828,0.0422908011424886,0.0337534501582732,0.0974007891054419
"2943","HNRNPU",-0.0387459063783191,0.000506637932817383,-0.135729738940049,1.46730787746142e-07,0.000966598487412979,-0.0969838325617297
"2944","EPC1",-0.0827584399013248,4.47548456776128e-07,-0.179388817532527,2.97481180919799e-06,0.0328245467446364,-0.0966303776312023
"2945","TNRC6B",0.0051202196420594,0.715914329882977,0.101726434786707,0.0013105213380245,0.00568348033001447,0.0966062151446474
"2946","EIF5",-0.000511186785645227,0.976513485304307,0.0950982078630059,0.0191300566833704,0.0301115623749451,0.0956093946486512
"2947","SOS1",-0.107944613565273,1.18952335221447e-10,-0.202220516622725,2.87866690840896e-07,0.0454587890949133,-0.094275903057452
"2948","UBE2R2",0.0231761004254382,0.0642292840440161,-0.0698039251458886,0.0278782376311228,0.00566231148341863,-0.0929800255713267
"2949","ACBD6",-0.0404564180989345,0.00535985674178492,-0.133245518071162,0.00023762008261559,0.0244539144483794,-0.0927890999722278
"2950","KMT2E",-0.0201878018841338,0.185380055003778,-0.112828156057856,0.00158240435051787,0.0212695150859594,-0.0926403541737225
"2951","RAB6A",-0.000493267098280765,0.979079698758041,0.0909028111006519,0.0277249330628337,0.0442502354034914,0.0913960781989327
"2952","ATP5F1D",0.166778121160687,3.80630655899467e-27,0.257937668163756,2.23244671236275e-11,0.0498830440845018,0.0911595470030689
"2953","MT-CYB",0.21072727659555,2.65266076329513e-44,0.300293965964778,6.28865552449439e-18,0.0362262160044891,0.0895666893692283
"2954","CAMTA1",0.0143662003560484,0.25170342134185,0.103591511113628,0.000416231241675157,0.00643311603386811,0.08922531075758
"2955","RAB10",0.0266978229556054,0.0506248140042879,0.111542934506639,0.0006115141691051,0.0216217486243557,0.084845111551034
"2956","EDF1",0.128006288237829,3.35327932175411e-20,0.212419916752289,8.83224159386125e-10,0.0418821462666455,0.0844136285144604
"2957","TAOK1",0.00234180254212565,0.888344812658661,0.0854526738510987,0.0173709930706645,0.0369982619617219,0.0831108713089731
"2958","HNRNPH3",-0.109857844812552,6.50662680904078e-18,-0.189665790594297,7.32685351443764e-10,0.0298483902002191,-0.0798079457817453
"2959","TOMM20",-0.00591047495261207,0.531480882149955,0.0666095581619111,0.00454552318248502,0.0040322803562991,0.0725200331145232
