"","p_val","avg_log2FC","pct.1","pct.2","p_val_adj","gene"
"RPS28",0,0.487,0.991,0.988,0,"RPS28"
"RPL37A",1.4e-222,0.359,0.992,0.99,2.6e-218,"RPL37A"
"RPL37",3.13e-177,0.353,0.987,0.985,5.83e-173,"RPL37"
"RPS29",1.19e-171,0.336,0.986,0.982,2.21e-167,"RPS29"
"IGF2BP2",3.81e-151,0.733,0.452,0.327,7.1e-147,"IGF2BP2"
"RPS27",8.32e-147,0.328,0.989,0.984,1.55e-142,"RPS27"
"RPS21",5.81e-140,0.302,0.975,0.971,1.08e-135,"RPS21"
"MAML2",1.11e-137,0.735,0.797,0.753,2.06e-133,"MAML2"
"NEGR1",3.6e-136,0.84,0.617,0.507,6.71e-132,"NEGR1"
"ATP5F1E",7.2e-135,0.411,0.967,0.962,1.34e-130,"ATP5F1E"
"MT-ND3",3.56e-128,0.632,0.97,0.963,6.63e-124,"MT-ND3"
"LIMA1",4.83e-120,0.546,0.778,0.72,9e-116,"LIMA1"
"TMSB4X",1.11e-117,0.398,0.998,0.997,2.06e-113,"TMSB4X"
"COPS9",3.86e-116,0.473,0.786,0.751,7.19e-112,"COPS9"
"p23031-mCherry",1.7e-112,1.055,0.287,0.192,3.17e-108,"p23031-mCherry"
"GPM6A",6.23e-112,0.331,0.97,0.952,1.16e-107,"GPM6A"
"TMEM258",5.03e-105,0.408,0.805,0.785,9.37e-101,"TMEM258"
"RPLP2",1.04e-104,0.222,0.991,0.988,1.94e-100,"RPLP2"
"COX7C",3.07e-104,0.332,0.963,0.958,5.72e-100,"COX7C"
"RPL39",4.69e-104,0.236,0.99,0.986,8.74e-100,"RPL39"
"TMA7",1.89e-103,0.374,0.947,0.94,3.52e-99,"TMA7"
"UQCR11",3.11e-101,0.44,0.806,0.776,5.78e-97,"UQCR11"
"GABARAP",6.41e-99,0.306,0.971,0.966,1.19e-94,"GABARAP"
"GRIA3",6.13e-98,0.696,0.69,0.612,1.14e-93,"GRIA3"
"RPS15A",1.11e-97,0.243,0.99,0.988,2.06e-93,"RPS15A"
"PTMS",6.9e-96,0.284,0.989,0.983,1.28e-91,"PTMS"
"FTH1",1.16e-94,0.474,0.997,0.995,2.16e-90,"FTH1"
"RPS17",3.67e-93,0.245,0.983,0.98,6.84e-89,"RPS17"
"TCF12",1.57e-92,0.308,0.987,0.984,2.93e-88,"TCF12"
"SERF2",6.57e-92,0.465,0.935,0.921,1.22e-87,"SERF2"
"CADM2",9.7e-91,0.76,0.666,0.595,1.81e-86,"CADM2"
"ID1",4.38e-88,0.874,0.272,0.189,8.15e-84,"ID1"
"LSAMP",9.33e-87,0.418,0.934,0.894,1.74e-82,"LSAMP"
"MT-CO1",1.18e-86,0.444,0.987,0.983,2.2e-82,"MT-CO1"
"RPL38",6.66e-86,0.241,0.981,0.974,1.24e-81,"RPL38"
"ID3",8.41e-86,1.161,0.325,0.245,1.57e-81,"ID3"
"RPS27L",3.98e-85,0.6,0.831,0.816,7.41e-81,"RPS27L"
"UBL5",2.19e-84,0.339,0.914,0.903,4.08e-80,"UBL5"
"MEST",2.02e-83,0.692,0.458,0.373,3.77e-79,"MEST"
"MT-ND2",3.43e-83,0.321,0.975,0.969,6.38e-79,"MT-ND2"
"H3-3A",2.71e-82,0.186,0.996,0.994,5.04e-78,"H3-3A"
"RPS25",2.01e-80,0.248,0.986,0.984,3.74e-76,"RPS25"
"CFL1",4.4e-80,0.213,0.992,0.988,8.19e-76,"CFL1"
"AFF2",5.9e-80,0.528,0.452,0.364,1.1e-75,"AFF2"
"MT-ND5",3.6e-79,0.234,0.964,0.956,6.69e-75,"MT-ND5"
"SOX6",3.77e-79,0.481,0.924,0.893,7.01e-75,"SOX6"
"FHL1",3.22e-78,0.542,0.51,0.429,5.99e-74,"FHL1"
"UQCRQ",3.24e-78,0.335,0.852,0.829,6.03e-74,"UQCRQ"
"OST4",2.35e-76,0.462,0.86,0.849,4.38e-72,"OST4"
"YBX1",2.94e-76,0.202,0.993,0.991,5.47e-72,"YBX1"
"RPL34",3.53e-76,0.228,0.99,0.988,6.58e-72,"RPL34"
"RBMS3",7.38e-75,0.913,0.302,0.221,1.37e-70,"RBMS3"
"C4orf48",5.1e-74,0.391,0.757,0.712,9.49e-70,"C4orf48"
"TRPS1",9.45e-74,0.384,0.625,0.549,1.76e-69,"TRPS1"
"NCL",2.76e-73,0.255,0.946,0.936,5.13e-69,"NCL"
"RPL23",1.69e-72,0.229,0.99,0.988,3.15e-68,"RPL23"
"RPL36",2.15e-72,0.298,0.972,0.969,4.01e-68,"RPL36"
"SEPTIN2",2.7e-72,0.274,0.913,0.899,5.02e-68,"SEPTIN2"
"MT-ND1",3.47e-72,0.336,0.971,0.965,6.45e-68,"MT-ND1"
"NOP10",4.28e-72,0.396,0.748,0.718,7.97e-68,"NOP10"
"ZFAND6",9.31e-72,0.299,0.832,0.803,1.73e-67,"ZFAND6"
"SLC1A2",1.37e-71,-0.278,0.545,0.636,2.55e-67,"SLC1A2"
"NKX2-1",6.07e-68,0.503,0.351,0.266,1.13e-63,"NKX2-1"
"ATP5MG",1.19e-67,0.213,0.972,0.967,2.22e-63,"ATP5MG"
"ABCA1",1.23e-67,0.515,0.596,0.523,2.28e-63,"ABCA1"
"MAP2",3.99e-67,0.269,0.998,0.997,7.43e-63,"MAP2"
"ESR1",4.15e-67,0.45,0.636,0.575,7.73e-63,"ESR1"
"MT-ND4",4.51e-67,0.29,0.981,0.978,8.39e-63,"MT-ND4"
"GRIA4",3.98e-66,0.386,0.353,0.266,7.41e-62,"GRIA4"
"EEF1A1",1.2e-64,0.244,0.997,0.996,2.23e-60,"EEF1A1"
"BAX",2.51e-64,0.535,0.551,0.499,4.66e-60,"BAX"
"SON",6.25e-64,0.24,0.925,0.917,1.16e-59,"SON"
"GAP43",8.56e-64,0.547,0.751,0.713,1.59e-59,"GAP43"
"EID1",1.04e-63,0.235,0.957,0.949,1.94e-59,"EID1"
"HINT1",2.19e-63,0.219,0.98,0.975,4.07e-59,"HINT1"
"KLHL13",3.71e-62,0.506,0.395,0.313,6.9e-58,"KLHL13"
"ATP5MK",9.65e-62,0.306,0.861,0.845,1.8e-57,"ATP5MK"
"ITGB1",2.28e-61,0.274,0.81,0.788,4.24e-57,"ITGB1"
"ALDOC",3.09e-61,-1.105,0.076,0.127,5.76e-57,"ALDOC"
"RPL27A",9.94e-61,0.197,0.99,0.988,1.85e-56,"RPL27A"
"WDR83OS",3.7e-60,0.317,0.802,0.782,6.89e-56,"WDR83OS"
"SRP14",9.16e-60,0.214,0.987,0.985,1.71e-55,"SRP14"
"UBA52",9.8e-60,0.191,0.981,0.978,1.82e-55,"UBA52"
"KCND3",1.94e-59,0.542,0.396,0.321,3.6e-55,"KCND3"
"NRCAM",2.71e-59,0.415,0.772,0.72,5.05e-55,"NRCAM"
"ATP5MF",2.78e-59,0.331,0.773,0.75,5.17e-55,"ATP5MF"
"FXYD6",6.81e-59,0.339,0.809,0.779,1.27e-54,"FXYD6"
"CCND1",1.43e-58,1.335,0.084,0.043,2.66e-54,"CCND1"
"COX6C",3.4e-58,0.284,0.932,0.929,6.33e-54,"COX6C"
"COX7A2",3.79e-58,0.237,0.943,0.935,7.06e-54,"COX7A2"
"ATP5ME",3.84e-58,0.33,0.727,0.692,7.15e-54,"ATP5ME"
"ASTN2",4e-58,0.865,0.393,0.323,7.45e-54,"ASTN2"
"METTL7B",4.63e-58,1.078,0.129,0.078,8.62e-54,"METTL7B"
"MT-ND4L",1.23e-57,0.369,0.651,0.601,2.28e-53,"MT-ND4L"
"KTN1",1.54e-57,0.302,0.835,0.822,2.87e-53,"KTN1"
"RPS4X",2.82e-57,0.183,0.994,0.992,5.25e-53,"RPS4X"
"ROMO1",7.3e-57,0.402,0.574,0.522,1.36e-52,"ROMO1"
"GNAS",7.69e-57,0.177,0.996,0.994,1.43e-52,"GNAS"
"CHCHD2",9.22e-57,0.248,0.763,0.683,1.72e-52,"CHCHD2"
"LSM7",3.27e-56,0.218,0.907,0.898,6.08e-52,"LSM7"
"ARID5B",3.82e-56,0.463,0.446,0.374,7.11e-52,"ARID5B"
"ARF5",4.48e-56,0.388,0.514,0.448,8.34e-52,"ARF5"
"GRIA1",1.6e-55,0.559,0.501,0.427,2.97e-51,"GRIA1"
"RPLP1",2.11e-55,0.255,0.994,0.992,3.92e-51,"RPLP1"
"PFN1",3.3e-55,0.364,0.829,0.812,6.14e-51,"PFN1"
"COX8A",4.38e-55,0.261,0.85,0.834,8.15e-51,"COX8A"
"NDUFB2",9.15e-55,0.31,0.845,0.828,1.7e-50,"NDUFB2"
"SPARC",1.27e-54,0.994,0.324,0.264,2.36e-50,"SPARC"
"RYR3",1.58e-54,1.177,0.176,0.12,2.94e-50,"RYR3"
"CALM2",2.39e-54,0.196,0.991,0.989,4.44e-50,"CALM2"
"MCC",4.61e-54,0.486,0.562,0.504,8.59e-50,"MCC"
"RFX4",4.7e-54,0.606,0.567,0.515,8.75e-50,"RFX4"
"RPS10",1.29e-53,0.192,0.989,0.987,2.4e-49,"RPS10"
"DPP6",1.49e-53,0.763,0.431,0.368,2.78e-49,"DPP6"
"KCNB2",1.77e-53,-0.813,0.198,0.263,3.29e-49,"KCNB2"
"SMARCA5",1.9e-53,0.212,0.882,0.865,3.54e-49,"SMARCA5"
"MT-CYB",6.75e-53,0.379,0.98,0.974,1.26e-48,"MT-CYB"
"RNASEK",8.67e-53,0.285,0.83,0.808,1.61e-48,"RNASEK"
"NRP2",1.01e-52,1.081,0.133,0.084,1.87e-48,"NRP2"
"MT-CO2",1.01e-52,0.32,0.983,0.978,1.89e-48,"MT-CO2"
"CAMTA1",1.1e-52,0.196,0.955,0.95,2.06e-48,"CAMTA1"
"CBX5",4.15e-52,0.241,0.891,0.88,7.73e-48,"CBX5"
"TNRC6B",5.53e-52,0.208,0.936,0.924,1.03e-47,"TNRC6B"
"COX6B1",1.84e-51,0.268,0.852,0.839,3.42e-47,"COX6B1"
"ELOB",2.17e-51,0.266,0.922,0.918,4.05e-47,"ELOB"
"SLC8A1",2.85e-51,-0.402,0.5,0.569,5.3e-47,"SLC8A1"
"NFIA",3.58e-51,0.19,0.975,0.938,6.67e-47,"NFIA"
"RPS26",4.05e-51,0.296,0.869,0.866,7.53e-47,"RPS26"
"HMGN1",8.73e-51,0.204,0.921,0.914,1.63e-46,"HMGN1"
"CSNK1A1",9.1e-51,0.202,0.947,0.942,1.69e-46,"CSNK1A1"
"BZW1",1.02e-50,0.288,0.835,0.82,1.9e-46,"BZW1"
"SLC25A6",1.42e-50,0.22,0.916,0.908,2.64e-46,"SLC25A6"
"HTATSF1",1.42e-50,0.448,0.739,0.693,2.65e-46,"HTATSF1"
"CAMK2D",1.6e-50,0.453,0.7,0.657,2.97e-46,"CAMK2D"
"PDE1A",2.14e-50,0.737,0.483,0.419,3.98e-46,"PDE1A"
"ITM2B",3.86e-50,0.251,0.894,0.878,7.19e-46,"ITM2B"
"RPS8",4.76e-50,0.172,0.992,0.99,8.86e-46,"RPS8"
"BBLN",5.81e-50,0.359,0.699,0.667,1.08e-45,"BBLN"
"ITGB8",1.01e-49,0.477,0.645,0.611,1.88e-45,"ITGB8"
"FTL",1.61e-49,0.409,0.991,0.988,2.99e-45,"FTL"
"LMO4",3.29e-49,0.444,0.804,0.78,6.12e-45,"LMO4"
"SEMA6D",1.04e-48,0.381,0.38,0.313,1.93e-44,"SEMA6D"
"DOK6",1.24e-48,0.465,0.282,0.216,2.31e-44,"DOK6"
"RPS2",1.29e-48,0.286,0.993,0.991,2.39e-44,"RPS2"
"DDX5",1.41e-48,0.167,0.996,0.992,2.63e-44,"DDX5"
"NFIB",1.67e-48,0.101,0.993,0.983,3.1e-44,"NFIB"
"GTF2I",1.8e-48,0.161,0.989,0.988,3.35e-44,"GTF2I"
"MARCKSL1",2.33e-48,0.16,0.993,0.989,4.33e-44,"MARCKSL1"
"RPS12",2.34e-48,0.219,0.989,0.988,4.35e-44,"RPS12"
"C11orf58",3.33e-48,0.205,0.926,0.917,6.19e-44,"C11orf58"
"ATP6V1G1",5.39e-48,0.219,0.955,0.951,1e-43,"ATP6V1G1"
"RPL28",5.94e-48,0.23,0.986,0.983,1.11e-43,"RPL28"
"ZMAT3",6.61e-48,0.569,0.499,0.451,1.23e-43,"ZMAT3"
"RPS14",1.46e-47,0.189,0.993,0.99,2.72e-43,"RPS14"
"GSTP1",2.49e-47,0.271,0.914,0.898,4.63e-43,"GSTP1"
"XRCC5",2.55e-47,0.163,0.972,0.968,4.75e-43,"XRCC5"
"LPP",4.41e-47,0.374,0.599,0.547,8.2e-43,"LPP"
"STARD13",4.47e-47,0.605,0.382,0.316,8.33e-43,"STARD13"
"ATP5MC2",6.65e-47,0.23,0.916,0.909,1.24e-42,"ATP5MC2"
"ILDR2",6.94e-47,0.561,0.399,0.341,1.29e-42,"ILDR2"
"VEGFA",1.24e-46,-0.821,0.22,0.28,2.31e-42,"VEGFA"
"ATP6V0B",1.48e-46,0.271,0.739,0.701,2.75e-42,"ATP6V0B"
"ITGA7",2.48e-46,0.818,0.291,0.236,4.62e-42,"ITGA7"
"SRI",3.13e-46,0.258,0.817,0.789,5.83e-42,"SRI"
"DGKI",3.86e-46,0.512,0.573,0.514,7.18e-42,"DGKI"
"RAB3IP",7.92e-46,0.482,0.609,0.557,1.47e-41,"RAB3IP"
"SOX5",8.31e-46,0.234,0.967,0.952,1.55e-41,"SOX5"
"ASCC3",1.02e-45,0.358,0.654,0.612,1.9e-41,"ASCC3"
"RPS20",1.1e-45,0.152,0.984,0.983,2.05e-41,"RPS20"
"BRI3",3.86e-45,0.279,0.875,0.867,7.18e-41,"BRI3"
"NDST3",3.94e-45,0.752,0.137,0.09,7.34e-41,"NDST3"
"RPL41",4.93e-45,0.328,0.992,0.991,9.18e-41,"RPL41"
"NDUFA11",8.28e-45,0.254,0.843,0.832,1.54e-40,"NDUFA11"
"JUND",8.35e-45,0.24,0.89,0.862,1.55e-40,"JUND"
"SVIP",1.08e-44,0.896,0.142,0.095,2.01e-40,"SVIP"
"LUZP2",1.19e-44,0.931,0.065,0.033,2.21e-40,"LUZP2"
"PROS1",1.34e-44,0.633,0.259,0.202,2.49e-40,"PROS1"
"TBCA",1.75e-44,0.187,0.945,0.942,3.26e-40,"TBCA"
"FYN",2.08e-44,0.212,0.965,0.958,3.87e-40,"FYN"
"S100A10",3.08e-44,1.228,0.088,0.051,5.74e-40,"S100A10"
"NES",3.73e-44,0.703,0.523,0.486,6.95e-40,"NES"
"STMN4",5.18e-44,0.353,0.573,0.519,9.64e-40,"STMN4"
"SUB1",6.61e-44,0.193,0.976,0.971,1.23e-39,"SUB1"
"TCF25",7.11e-44,0.264,0.75,0.727,1.32e-39,"TCF25"
"SKP1",1.46e-43,0.202,0.979,0.976,2.72e-39,"SKP1"
"TPT1",3.84e-43,0.25,0.993,0.991,7.15e-39,"TPT1"
"COX5B",4.82e-43,0.257,0.862,0.852,8.97e-39,"COX5B"
"UQCRH",5.96e-43,0.173,0.953,0.945,1.11e-38,"UQCRH"
"MT-ATP8",9.36e-43,0.363,0.586,0.545,1.74e-38,"MT-ATP8"
"DOCK10",2.38e-42,1.716,0.066,0.035,4.44e-38,"DOCK10"
"NDUFA13",2.61e-42,0.247,0.912,0.909,4.86e-38,"NDUFA13"
"RBM39",2.72e-42,0.162,0.935,0.927,5.06e-38,"RBM39"
"MICOS10",3.09e-42,0.288,0.776,0.759,5.74e-38,"MICOS10"
"RPL35",3.82e-42,0.202,0.976,0.977,7.11e-38,"RPL35"
"NBEA",3.98e-42,0.578,0.916,0.9,7.4e-38,"NBEA"
"PCDH17",4.04e-42,0.607,0.262,0.205,7.53e-38,"PCDH17"
"RPS3",4.8e-42,0.172,0.989,0.987,8.93e-38,"RPS3"
"RPAIN",6.36e-42,0.219,0.898,0.879,1.18e-37,"RPAIN"
"SEC61B",7.24e-42,0.232,0.928,0.923,1.35e-37,"SEC61B"
"METTL9",1.03e-41,0.213,0.859,0.851,1.93e-37,"METTL9"
"COMMD6",1.13e-41,0.208,0.945,0.943,2.1e-37,"COMMD6"
"SLC44A1",1.2e-41,0.479,0.845,0.816,2.23e-37,"SLC44A1"
"ATP6V0E1",1.31e-41,0.314,0.701,0.671,2.43e-37,"ATP6V0E1"
"SLIRP",1.5e-41,0.264,0.745,0.727,2.8e-37,"SLIRP"
"EPHA3",1.61e-41,-0.175,0.546,0.625,3e-37,"EPHA3"
"TMEM255A",3.58e-41,0.829,0.156,0.11,6.67e-37,"TMEM255A"
"RPS7",3.87e-41,0.172,0.99,0.989,7.2e-37,"RPS7"
"MDGA2",3.93e-41,1.009,0.105,0.066,7.31e-37,"MDGA2"
"H3-3B",4.73e-41,0.142,0.995,0.993,8.81e-37,"H3-3B"
"RPL27",1.09e-40,0.16,0.989,0.988,2.03e-36,"RPL27"
"HMGA1",4.21e-40,0.455,0.395,0.338,7.83e-36,"HMGA1"
"ANXA1",4.48e-40,0.835,0.192,0.144,8.34e-36,"ANXA1"
"ATXN1",4.49e-40,0.299,0.801,0.775,8.36e-36,"ATXN1"
"CLASP2",4.72e-40,0.235,0.975,0.969,8.79e-36,"CLASP2"
"SERINC1",8.61e-40,0.231,0.795,0.769,1.6e-35,"SERINC1"
"CDV3",1.08e-39,0.414,0.549,0.496,2.01e-35,"CDV3"
"RPS9",1.59e-39,0.199,0.984,0.984,2.95e-35,"RPS9"
"PRDX6",1.63e-39,1.217,0.593,0.572,3.03e-35,"PRDX6"
"LAMTOR2",4.58e-39,0.345,0.611,0.577,8.52e-35,"LAMTOR2"
"NDUFA1",6.66e-39,0.288,0.709,0.683,1.24e-34,"NDUFA1"
"CD63",7.67e-39,0.807,0.794,0.771,1.43e-34,"CD63"
"UBE2H",8.31e-39,0.235,0.896,0.883,1.55e-34,"UBE2H"
"C19orf53",1.28e-38,0.354,0.66,0.639,2.39e-34,"C19orf53"
"ABLIM1",1.3e-38,0.498,0.17,0.121,2.43e-34,"ABLIM1"
"YWHAB",1.34e-38,0.195,0.921,0.914,2.5e-34,"YWHAB"
"SACS",1.5e-38,0.295,0.858,0.828,2.79e-34,"SACS"
"CAPRIN1",1.74e-38,0.187,0.861,0.847,3.24e-34,"CAPRIN1"
"RAB31",1.87e-38,0.506,0.342,0.287,3.48e-34,"RAB31"
"DYNLL1",2.18e-38,0.2,0.976,0.969,4.07e-34,"DYNLL1"
"PFDN5",2.54e-38,0.188,0.95,0.945,4.73e-34,"PFDN5"
"CDKN1A",2.86e-38,0.827,0.173,0.126,5.32e-34,"CDKN1A"
"RPL30",3.1e-38,0.126,0.993,0.992,5.76e-34,"RPL30"
"TOMM7",3.47e-38,0.226,0.902,0.895,6.45e-34,"TOMM7"
"EEF2",5.34e-38,0.215,0.948,0.944,9.94e-34,"EEF2"
"BEX3",8.33e-38,0.197,0.956,0.948,1.55e-33,"BEX3"
"CCT3",9.34e-38,0.245,0.807,0.794,1.74e-33,"CCT3"
"EPHA4",1.54e-37,-0.379,0.455,0.515,2.86e-33,"EPHA4"
"RPL18",1.83e-37,0.181,0.992,0.989,3.4e-33,"RPL18"
"BRK1",1.88e-37,0.219,0.892,0.887,3.5e-33,"BRK1"
"SYT1",1.9e-37,0.225,0.632,0.573,3.53e-33,"SYT1"
"POLR2F",2.42e-37,0.293,0.726,0.701,4.5e-33,"POLR2F"
"PDGFRA",3.3e-37,0.451,0.327,0.271,6.15e-33,"PDGFRA"
"ATOX1",3.38e-37,0.309,0.658,0.631,6.29e-33,"ATOX1"
"NDUFA3",7.97e-37,0.395,0.513,0.466,1.48e-32,"NDUFA3"
"STRAP",9.1e-37,0.209,0.87,0.869,1.69e-32,"STRAP"
"UQCRB",1.21e-36,0.213,0.938,0.935,2.25e-32,"UQCRB"
"UBE2QL1",1.98e-36,-0.402,0.168,0.221,3.68e-32,"UBE2QL1"
"EMP1",2e-36,0.962,0.096,0.061,3.72e-32,"EMP1"
"PRKCE",2.95e-36,0.354,0.558,0.506,5.48e-32,"PRKCE"
"CIAO2B",3.37e-36,0.212,0.881,0.873,6.27e-32,"CIAO2B"
"CLTA",4e-36,0.208,0.912,0.913,7.45e-32,"CLTA"
"LMO3",4.29e-36,-0.312,0.422,0.482,7.98e-32,"LMO3"
"SMAD9",7.29e-36,0.508,0.38,0.326,1.36e-31,"SMAD9"
"SNRPN",8.37e-36,0.226,0.866,0.85,1.56e-31,"SNRPN"
"GALNT14",1.07e-35,0.715,0.362,0.317,1.99e-31,"GALNT14"
"ZNF536",1.08e-35,0.27,0.539,0.473,2.02e-31,"ZNF536"
"DTNA",1.13e-35,0.304,0.484,0.424,2.1e-31,"DTNA"
"KRT10",1.2e-35,0.23,0.802,0.786,2.24e-31,"KRT10"
"ZMYND8",1.33e-35,0.271,0.729,0.698,2.47e-31,"ZMYND8"
"DPM3",1.36e-35,0.419,0.326,0.272,2.53e-31,"DPM3"
"MRPS21",1.47e-35,0.272,0.717,0.704,2.73e-31,"MRPS21"
"PCDH10",1.69e-35,0.437,0.261,0.209,3.15e-31,"PCDH10"
"NENF",1.75e-35,0.336,0.518,0.474,3.26e-31,"NENF"
"EFNA5",3.02e-35,0.399,0.382,0.323,5.62e-31,"EFNA5"
"PHLDA3",5.69e-35,0.621,0.173,0.129,1.06e-30,"PHLDA3"
"VPS35",6.02e-35,0.197,0.84,0.821,1.12e-30,"VPS35"
"HNRNPC",1.09e-34,0.137,0.974,0.97,2.03e-30,"HNRNPC"
"RHOA",1.14e-34,0.244,0.836,0.827,2.13e-30,"RHOA"
"SEC11C",1.33e-34,0.272,0.673,0.632,2.48e-30,"SEC11C"
"SLC26A7",1.45e-34,1.116,0.135,0.095,2.7e-30,"SLC26A7"
"RPL31",1.45e-34,0.193,0.937,0.939,2.71e-30,"RPL31"
"TOX",1.89e-34,0.362,0.824,0.795,3.52e-30,"TOX"
"TOP1",3.64e-34,0.17,0.919,0.911,6.78e-30,"TOP1"
"GPHN",4.25e-34,0.197,0.955,0.949,7.92e-30,"GPHN"
"ATP6V1F",4.31e-34,0.241,0.827,0.816,8.02e-30,"ATP6V1F"
"AP2M1",4.33e-34,0.235,0.768,0.746,8.05e-30,"AP2M1"
"NDUFA4",4.96e-34,0.22,0.946,0.942,9.22e-30,"NDUFA4"
"TIMP4",7.54e-34,1.519,0.035,0.015,1.4e-29,"TIMP4"
"ZNF706",8.37e-34,0.256,0.787,0.77,1.56e-29,"ZNF706"
"RTL8C",1.17e-33,0.29,0.675,0.652,2.18e-29,"RTL8C"
"MYL6",1.3e-33,0.231,0.976,0.974,2.41e-29,"MYL6"
"PPP1R14B",1.58e-33,0.154,0.973,0.967,2.95e-29,"PPP1R14B"
"PTCHD4",2e-33,0.7,0.165,0.121,3.72e-29,"PTCHD4"
"SET",3.04e-33,0.14,0.975,0.97,5.66e-29,"SET"
"ANGPT2",5.19e-33,0.296,0.391,0.331,9.67e-29,"ANGPT2"
"MT-ATP6",5.42e-33,0.257,0.986,0.98,1.01e-28,"MT-ATP6"
"FKBP3",5.83e-33,0.207,0.806,0.789,1.08e-28,"FKBP3"
"TNFRSF12A",5.85e-33,0.794,0.134,0.095,1.09e-28,"TNFRSF12A"
"CACNB2",6.11e-33,0.58,0.355,0.305,1.14e-28,"CACNB2"
"BTF3",7.1e-33,0.152,0.963,0.957,1.32e-28,"BTF3"
"RPL22",7.33e-33,0.129,0.987,0.985,1.36e-28,"RPL22"
"PJA2",7.93e-33,0.241,0.886,0.883,1.48e-28,"PJA2"
"TM9SF3",8.27e-33,0.238,0.704,0.685,1.54e-28,"TM9SF3"
"COL4A1",8.49e-33,0.546,0.288,0.24,1.58e-28,"COL4A1"
"PSMB5",8.69e-33,0.255,0.795,0.788,1.62e-28,"PSMB5"
"SMAD1",9.02e-33,0.306,0.571,0.533,1.68e-28,"SMAD1"
"RPL36A",9.75e-33,0.166,0.948,0.946,1.82e-28,"RPL36A"
"PPP1CA",1.1e-32,0.321,0.545,0.509,2.05e-28,"PPP1CA"
"KLHL4",1.22e-32,0.373,0.459,0.409,2.27e-28,"KLHL4"
"CHD4",1.23e-32,0.224,0.799,0.782,2.28e-28,"CHD4"
"ARHGEF3",1.3e-32,0.401,0.38,0.326,2.42e-28,"ARHGEF3"
"PSMD8",1.42e-32,0.224,0.813,0.801,2.65e-28,"PSMD8"
"SH3D19",1.43e-32,0.774,0.321,0.272,2.66e-28,"SH3D19"
"SNRPG",1.8e-32,0.21,0.851,0.843,3.36e-28,"SNRPG"
"PAX6",2.16e-32,-0.392,0.29,0.343,4.03e-28,"PAX6"
"NTN1",2.23e-32,0.447,0.278,0.227,4.16e-28,"NTN1"
"CAP1",2.24e-32,0.278,0.657,0.63,4.17e-28,"CAP1"
"ASAP1",2.52e-32,0.245,0.968,0.965,4.7e-28,"ASAP1"
"UGGT2",3.25e-32,0.275,0.691,0.656,6.05e-28,"UGGT2"
"GNG10",3.26e-32,0.273,0.691,0.666,6.07e-28,"GNG10"
"HNRNPA2B1",3.4e-32,0.132,0.992,0.991,6.34e-28,"HNRNPA2B1"
"NAP1L1",5.06e-32,0.141,0.949,0.944,9.42e-28,"NAP1L1"
"UQCR10",5.21e-32,0.223,0.853,0.846,9.7e-28,"UQCR10"
"FRMPD3",5.53e-32,0.479,0.518,0.472,1.03e-27,"FRMPD3"
"SF3B5",5.89e-32,0.238,0.78,0.765,1.1e-27,"SF3B5"
"TSPAN18",6.93e-32,-0.48,0.17,0.216,1.29e-27,"TSPAN18"
"PRKDC",7.37e-32,0.226,0.879,0.877,1.37e-27,"PRKDC"
"CUTA",7.4e-32,0.26,0.727,0.707,1.38e-27,"CUTA"
"MORF4L1",1.02e-31,0.139,0.951,0.948,1.9e-27,"MORF4L1"
"SRGAP1",1.13e-31,0.205,0.893,0.876,2.09e-27,"SRGAP1"
"MMD2",1.63e-31,-0.991,0.073,0.108,3.04e-27,"MMD2"
"UBE2M",1.95e-31,0.229,0.686,0.652,3.63e-27,"UBE2M"
"TMEM178B",2.28e-31,0.203,0.944,0.933,4.25e-27,"TMEM178B"
"MAP6",2.46e-31,0.354,0.46,0.408,4.58e-27,"MAP6"
"ENAH",4.81e-31,0.142,0.982,0.979,8.95e-27,"ENAH"
"PTH2R",5.29e-31,-1.391,0.026,0.049,9.84e-27,"PTH2R"
"GRIK2",6.04e-31,0.664,0.212,0.167,1.12e-26,"GRIK2"
"DYNC1LI2",8.35e-31,0.202,0.838,0.818,1.55e-26,"DYNC1LI2"
"OCIAD1",9.03e-31,0.178,0.87,0.864,1.68e-26,"OCIAD1"
"PRXL2A",9.41e-31,0.324,0.458,0.409,1.75e-26,"PRXL2A"
"YES1",1.01e-30,0.245,0.646,0.601,1.89e-26,"YES1"
"HOMER3",1.18e-30,0.246,0.616,0.571,2.19e-26,"HOMER3"
"NDUFB1",1.36e-30,0.301,0.64,0.615,2.52e-26,"NDUFB1"
"ERBB4",1.49e-30,0.376,0.541,0.485,2.77e-26,"ERBB4"
"WLS",1.82e-30,0.468,0.459,0.413,3.39e-26,"WLS"
"OPCML",1.96e-30,0.727,0.223,0.177,3.65e-26,"OPCML"
"HSP90B1",2.17e-30,0.38,0.744,0.73,4.04e-26,"HSP90B1"
"UBE2L3",2.65e-30,0.205,0.768,0.752,4.94e-26,"UBE2L3"
"EIF4G3",2.75e-30,0.15,0.956,0.951,5.11e-26,"EIF4G3"
"COLGALT2",2.93e-30,0.63,0.254,0.21,5.46e-26,"COLGALT2"
"SNRPE",3.14e-30,0.146,0.969,0.966,5.84e-26,"SNRPE"
"AOPEP",3.43e-30,0.246,0.773,0.759,6.38e-26,"AOPEP"
"A2M",3.6e-30,0.478,0.244,0.198,6.69e-26,"A2M"
"SELENOW",3.6e-30,0.259,0.833,0.824,6.71e-26,"SELENOW"
"SNRPD2",5.78e-30,0.164,0.885,0.88,1.07e-25,"SNRPD2"
"KDELR1",6.04e-30,0.316,0.682,0.67,1.12e-25,"KDELR1"
"MAPK10",6.67e-30,0.183,0.899,0.877,1.24e-25,"MAPK10"
"COPG2",7.75e-30,0.382,0.51,0.461,1.44e-25,"COPG2"
"ADAM9",1.07e-29,0.338,0.58,0.549,1.98e-25,"ADAM9"
"G3BP2",1.17e-29,0.205,0.784,0.765,2.18e-25,"G3BP2"
"OLIG2",1.18e-29,0.897,0.142,0.104,2.2e-25,"OLIG2"
"GRIN2B",1.35e-29,0.402,0.208,0.162,2.51e-25,"GRIN2B"
"CAMK2A",1.42e-29,1.015,0.067,0.04,2.63e-25,"CAMK2A"
"XYLT1",1.48e-29,-0.318,0.395,0.449,2.75e-25,"XYLT1"
"SLC44A5",1.52e-29,0.32,0.623,0.578,2.83e-25,"SLC44A5"
"RCN2",1.7e-29,0.195,0.94,0.938,3.17e-25,"RCN2"
"DHRS3",1.8e-29,-0.548,0.137,0.178,3.34e-25,"DHRS3"
"CUX2",1.91e-29,0.458,0.263,0.214,3.56e-25,"CUX2"
"ENOX1",2.25e-29,-0.161,0.534,0.591,4.18e-25,"ENOX1"
"TCF4",2.31e-29,0.187,0.993,0.988,4.31e-25,"TCF4"
"NCOR2",2.35e-29,0.3,0.564,0.521,4.38e-25,"NCOR2"
"KHDRBS2",2.98e-29,0.507,0.236,0.19,5.55e-25,"KHDRBS2"
"PDIA6",3.44e-29,0.359,0.72,0.71,6.39e-25,"PDIA6"
"GRIK4",3.53e-29,0.548,0.193,0.151,6.57e-25,"GRIK4"
"TOMM20",3.77e-29,0.178,0.901,0.895,7.02e-25,"TOMM20"
"C1orf122",3.79e-29,0.313,0.655,0.635,7.06e-25,"C1orf122"
"RPL35A",3.99e-29,0.133,0.988,0.986,7.43e-25,"RPL35A"
"PXYLP1",4.17e-29,0.302,0.564,0.519,7.77e-25,"PXYLP1"
"DDX17",4.47e-29,0.145,0.943,0.937,8.32e-25,"DDX17"
"HUNK",4.68e-29,-0.326,0.366,0.418,8.7e-25,"HUNK"
"MT-CO3",4.82e-29,0.231,0.988,0.987,8.97e-25,"MT-CO3"
"HSP90AB1",7.17e-29,0.154,0.985,0.983,1.33e-24,"HSP90AB1"
"ARMCX3",7.21e-29,0.275,0.628,0.598,1.34e-24,"ARMCX3"
"RPS15",7.38e-29,0.153,0.99,0.987,1.37e-24,"RPS15"
"TXNL4A",7.4e-29,0.208,0.713,0.691,1.38e-24,"TXNL4A"
"PAK2",8.55e-29,0.153,0.942,0.933,1.59e-24,"PAK2"
"TMTC2",9.69e-29,-0.301,0.653,0.689,1.8e-24,"TMTC2"
"ATP1A2",9.94e-29,-0.565,0.152,0.192,1.85e-24,"ATP1A2"
"CLTB",1.13e-28,0.266,0.583,0.547,2.11e-24,"CLTB"
"SRPK2",1.25e-28,0.16,0.904,0.892,2.33e-24,"SRPK2"
"NXPH1",1.3e-28,0.377,0.284,0.232,2.41e-24,"NXPH1"
"GABARAPL2",1.33e-28,0.219,0.855,0.843,2.47e-24,"GABARAPL2"
"NCAN",1.45e-28,0.379,0.604,0.572,2.7e-24,"NCAN"
"MARCKS",1.89e-28,0.125,0.993,0.991,3.52e-24,"MARCKS"
"TIMM8B",1.92e-28,0.306,0.618,0.598,3.57e-24,"TIMM8B"
"RNF7",3.88e-28,0.274,0.633,0.606,7.23e-24,"RNF7"
"SCGN",3.96e-28,-0.225,0.208,0.257,7.37e-24,"SCGN"
"CRYAB",5.03e-28,1.076,0.23,0.191,9.37e-24,"CRYAB"
"YWHAH",6.02e-28,0.226,0.731,0.704,1.12e-23,"YWHAH"
"HSPD1",6.14e-28,0.236,0.833,0.831,1.14e-23,"HSPD1"
"ORMDL1",6.52e-28,0.218,0.708,0.681,1.21e-23,"ORMDL1"
"DYNC1H1",6.66e-28,0.146,0.926,0.922,1.24e-23,"DYNC1H1"
"NTRK2",7.17e-28,-0.27,0.626,0.571,1.33e-23,"NTRK2"
"RPLP0",8.14e-28,0.23,0.983,0.983,1.52e-23,"RPLP0"
"ARHGEF26",8.25e-28,0.34,0.527,0.482,1.54e-23,"ARHGEF26"
"ADARB2",8.86e-28,-0.885,0.105,0.142,1.65e-23,"ADARB2"
"SORCS3",1.02e-27,-0.716,0.139,0.18,1.91e-23,"SORCS3"
"BBC3",1.38e-27,0.529,0.145,0.108,2.57e-23,"BBC3"
"ARPC5",1.41e-27,0.204,0.861,0.852,2.63e-23,"ARPC5"
"OTX2",1.42e-27,0.635,0.203,0.163,2.65e-23,"OTX2"
"MAP7D3",1.5e-27,0.637,0.136,0.1,2.79e-23,"MAP7D3"
"GAB1",1.81e-27,0.281,0.6,0.567,3.38e-23,"GAB1"
"ACTB",2.06e-27,0.129,0.997,0.995,3.83e-23,"ACTB"
"BMPER",2.5e-27,-0.635,0.061,0.091,4.65e-23,"BMPER"
"RBP1",2.57e-27,0.415,0.344,0.295,4.78e-23,"RBP1"
"ADGRL3",2.59e-27,0.316,0.703,0.661,4.82e-23,"ADGRL3"
"ARPP19",2.93e-27,0.173,0.813,0.803,5.46e-23,"ARPP19"
"TAGLN2",2.94e-27,0.813,0.2,0.161,5.47e-23,"TAGLN2"
"SYT17",3.22e-27,0.361,0.315,0.268,6e-23,"SYT17"
"IDS",3.26e-27,0.341,0.56,0.528,6.07e-23,"IDS"
"SUMO1",3.39e-27,0.156,0.895,0.884,6.31e-23,"SUMO1"
"BBX",3.5e-27,0.176,0.761,0.733,6.51e-23,"BBX"
"APP",3.97e-27,0.139,0.926,0.924,7.4e-23,"APP"
"CRB1",4.02e-27,0.187,0.737,0.691,7.48e-23,"CRB1"
"ATP5MJ",4.65e-27,0.217,0.812,0.798,8.66e-23,"ATP5MJ"
"TMEM50A",5.03e-27,0.188,0.75,0.731,9.36e-23,"TMEM50A"
"CCT6A",5.3e-27,0.183,0.829,0.82,9.87e-23,"CCT6A"
"SCD5",5.97e-27,0.364,0.703,0.668,1.11e-22,"SCD5"
"PEG10",6e-27,0.531,0.766,0.736,1.12e-22,"PEG10"
"MAP1LC3B",6.69e-27,0.206,0.748,0.726,1.24e-22,"MAP1LC3B"
"ABAT",7.45e-27,0.245,0.617,0.581,1.39e-22,"ABAT"
"SCP2",8.55e-27,0.286,0.657,0.636,1.59e-22,"SCP2"
"MLF2",8.6e-27,0.208,0.798,0.789,1.6e-22,"MLF2"
"EGLN3",8.68e-27,-0.56,0.158,0.199,1.62e-22,"EGLN3"
"IGF2R",1.05e-26,0.312,0.495,0.459,1.95e-22,"IGF2R"
"CAMK4",1.06e-26,-0.307,0.354,0.405,1.96e-22,"CAMK4"
"NAP1L4",1.09e-26,0.153,0.857,0.85,2.03e-22,"NAP1L4"
"GNB2",1.1e-26,0.213,0.767,0.754,2.05e-22,"GNB2"
"RAB2A",1.25e-26,0.139,0.953,0.946,2.33e-22,"RAB2A"
"MYL12B",1.35e-26,0.197,0.881,0.877,2.52e-22,"MYL12B"
"RHOBTB3",1.61e-26,0.218,0.809,0.794,3e-22,"RHOBTB3"
"OSBPL6",1.9e-26,0.392,0.3,0.255,3.53e-22,"OSBPL6"
"TPM3",1.9e-26,0.223,0.706,0.686,3.54e-22,"TPM3"
"AP1S1",1.92e-26,0.237,0.619,0.587,3.57e-22,"AP1S1"
"MGAT4B",2.31e-26,0.377,0.393,0.35,4.29e-22,"MGAT4B"
"CIRBP",2.33e-26,0.154,0.939,0.937,4.34e-22,"CIRBP"
"CXADR",2.93e-26,0.253,0.508,0.455,5.45e-22,"CXADR"
"HUWE1",3.21e-26,0.196,0.812,0.793,5.98e-22,"HUWE1"
"HNRNPAB",3.29e-26,0.188,0.77,0.743,6.13e-22,"HNRNPAB"
"EIF1AX",4.02e-26,0.176,0.89,0.878,7.49e-22,"EIF1AX"
"MRPL33",4.58e-26,0.226,0.696,0.672,8.53e-22,"MRPL33"
"NDUFC1",4.84e-26,0.3,0.658,0.64,9e-22,"NDUFC1"
"PDGFD",4.99e-26,0.239,0.576,0.53,9.28e-22,"PDGFD"
"LRRC3B",4.99e-26,-0.281,0.277,0.324,9.28e-22,"LRRC3B"
"C11orf96",5.44e-26,0.34,0.673,0.64,1.01e-21,"C11orf96"
"PNISR",6.3e-26,0.121,0.943,0.935,1.17e-21,"PNISR"
"RFX3",8.85e-26,0.212,0.939,0.939,1.65e-21,"RFX3"
"LBH",9.03e-26,0.38,0.362,0.317,1.68e-21,"LBH"
"FAU",9.12e-26,0.127,0.989,0.988,1.7e-21,"FAU"
"POLR2L",1.06e-25,0.38,0.513,0.489,1.97e-21,"POLR2L"
"WWC2",1.17e-25,0.398,0.251,0.208,2.18e-21,"WWC2"
"SF3B6",1.32e-25,0.152,0.915,0.913,2.47e-21,"SF3B6"
"JAZF1",1.48e-25,0.334,0.469,0.422,2.75e-21,"JAZF1"
"ATP5MC3",1.61e-25,0.179,0.906,0.905,2.99e-21,"ATP5MC3"
"MLLT3",1.82e-25,-0.331,0.844,0.863,3.39e-21,"MLLT3"
"LARGE1",1.84e-25,0.223,0.755,0.72,3.43e-21,"LARGE1"
"KLHL29",1.91e-25,0.632,0.197,0.158,3.55e-21,"KLHL29"
"NDUFB4",1.92e-25,0.207,0.823,0.811,3.58e-21,"NDUFB4"
"RAP2B",2.13e-25,0.542,0.435,0.392,3.96e-21,"RAP2B"
"TRIR",2.16e-25,0.135,0.935,0.927,4.02e-21,"TRIR"
"KDM5B",2.61e-25,0.143,0.954,0.947,4.85e-21,"KDM5B"
"HSBP1",2.72e-25,0.186,0.878,0.874,5.06e-21,"HSBP1"
"STIM2",2.81e-25,0.387,0.584,0.551,5.22e-21,"STIM2"
"IPO8",2.9e-25,0.389,0.373,0.328,5.39e-21,"IPO8"
"GPX4",2.94e-25,0.208,0.799,0.785,5.47e-21,"GPX4"
"HIGD2A",3.03e-25,0.28,0.59,0.561,5.64e-21,"HIGD2A"
"SEC11A",4.66e-25,0.242,0.794,0.79,8.66e-21,"SEC11A"
"SNX3",5.46e-25,0.264,0.795,0.78,1.02e-20,"SNX3"
"NETO1",5.5e-25,1.375,0.032,0.016,1.02e-20,"NETO1"
"YBX3",5.74e-25,0.386,0.325,0.282,1.07e-20,"YBX3"
"SAP18",6.23e-25,0.17,0.84,0.83,1.16e-20,"SAP18"
"MAL2",6.27e-25,0.781,0.081,0.054,1.17e-20,"MAL2"
"LDHB",6.39e-25,0.216,0.875,0.872,1.19e-20,"LDHB"
"SEC62",6.45e-25,0.168,0.851,0.834,1.2e-20,"SEC62"
"SEC61G",6.76e-25,0.121,0.931,0.922,1.26e-20,"SEC61G"
"FIS1",7.18e-25,0.252,0.712,0.693,1.34e-20,"FIS1"
"FAT3",7.49e-25,0.124,0.226,0.182,1.39e-20,"FAT3"
"IGSF9B",8.49e-25,0.678,0.139,0.104,1.58e-20,"IGSF9B"
"LAMTOR1",8.89e-25,0.288,0.652,0.631,1.66e-20,"LAMTOR1"
"IGFBP7",9.24e-25,0.837,0.18,0.144,1.72e-20,"IGFBP7"
"NFIX",9.68e-25,0.18,0.812,0.792,1.8e-20,"NFIX"
"MEGF11",1.03e-24,0.634,0.128,0.094,1.91e-20,"MEGF11"
"COX14",1.26e-24,0.348,0.461,0.423,2.34e-20,"COX14"
"ANXA5",1.32e-24,0.648,0.529,0.514,2.45e-20,"ANXA5"
"EIF1B",1.52e-24,0.155,0.895,0.878,2.82e-20,"EIF1B"
"RYBP",1.52e-24,0.299,0.738,0.703,2.84e-20,"RYBP"
"PRSS48",1.54e-24,1.282,0.029,0.013,2.86e-20,"PRSS48"
"HIPK2",1.67e-24,0.182,0.844,0.831,3.11e-20,"HIPK2"
"RUFY3",1.71e-24,0.139,0.958,0.956,3.18e-20,"RUFY3"
"PHC2",1.72e-24,0.209,0.701,0.668,3.2e-20,"PHC2"
"TRIM44",1.75e-24,0.194,0.768,0.746,3.26e-20,"TRIM44"
"PHPT1",1.87e-24,0.259,0.818,0.808,3.48e-20,"PHPT1"
"NID1",1.93e-24,-0.868,0.091,0.124,3.6e-20,"NID1"
"RPS23",2.14e-24,0.133,0.992,0.991,3.98e-20,"RPS23"
"DBN1",2.72e-24,0.189,0.795,0.769,5.07e-20,"DBN1"
"SRSF9",3e-24,0.172,0.892,0.89,5.58e-20,"SRSF9"
"IGF2BP1",3.01e-24,0.441,0.188,0.149,5.6e-20,"IGF2BP1"
"BASP1",3.27e-24,-0.12,0.962,0.971,6.08e-20,"BASP1"
"PHF6",3.37e-24,0.145,0.906,0.898,6.27e-20,"PHF6"
"ARL5A",4.16e-24,0.203,0.705,0.687,7.74e-20,"ARL5A"
"RBX1",4.59e-24,0.142,0.944,0.94,8.55e-20,"RBX1"
"GUK1",4.83e-24,0.236,0.732,0.717,8.99e-20,"GUK1"
"IRX1",5.78e-24,2.036,0.016,0.005,1.08e-19,"IRX1"
"RUNX1T1",6.14e-24,-0.565,0.211,0.255,1.14e-19,"RUNX1T1"
"ZEB1",6.19e-24,0.314,0.82,0.803,1.15e-19,"ZEB1"
"HIP1",6.9e-24,0.322,0.805,0.783,1.28e-19,"HIP1"
"TMEM100",7.53e-24,1.024,0.042,0.024,1.4e-19,"TMEM100"
"RPL17",7.84e-24,-0.165,0.585,0.639,1.46e-19,"RPL17"
"SH3GLB1",7.97e-24,0.212,0.696,0.674,1.48e-19,"SH3GLB1"
"TFDP2",8.81e-24,0.184,0.798,0.774,1.64e-19,"TFDP2"
"ATP5PF",8.86e-24,0.153,0.942,0.938,1.65e-19,"ATP5PF"
"CNTN5",9.65e-24,-0.676,0.079,0.11,1.8e-19,"CNTN5"
"BTG2",9.85e-24,0.336,0.575,0.546,1.83e-19,"BTG2"
"BRD7",1e-23,0.241,0.674,0.656,1.87e-19,"BRD7"
"RCAN1",1.02e-23,0.414,0.339,0.295,1.9e-19,"RCAN1"
"UBXN4",1.02e-23,0.155,0.854,0.845,1.9e-19,"UBXN4"
"MLEC",1.11e-23,0.268,0.566,0.54,2.06e-19,"MLEC"
"B3GALT5",1.19e-23,0.549,0.159,0.123,2.22e-19,"B3GALT5"
"PNN",1.22e-23,0.146,0.878,0.867,2.28e-19,"PNN"
"TSPO",1.33e-23,0.258,0.543,0.502,2.48e-19,"TSPO"
"PLPPR4",1.43e-23,0.486,0.34,0.3,2.66e-19,"PLPPR4"
"SDCBP",1.54e-23,0.256,0.746,0.724,2.87e-19,"SDCBP"
"FXR1",1.59e-23,0.143,0.886,0.877,2.96e-19,"FXR1"
"C3orf70",1.69e-23,-0.329,0.252,0.297,3.15e-19,"C3orf70"
"RPL12",2.14e-23,0.218,0.958,0.958,3.99e-19,"RPL12"
"NPC2",2.64e-23,0.497,0.47,0.44,4.91e-19,"NPC2"
"USP11",3.17e-23,0.135,0.881,0.874,5.9e-19,"USP11"
"SNX6",3.45e-23,0.188,0.806,0.797,6.42e-19,"SNX6"
"DNAJC8",3.58e-23,0.16,0.826,0.82,6.67e-19,"DNAJC8"
"RPL7A",3.76e-23,0.154,0.992,0.99,6.99e-19,"RPL7A"
"CDK2AP1",3.8e-23,0.265,0.758,0.744,7.06e-19,"CDK2AP1"
"PCCA",4.19e-23,0.202,0.661,0.626,7.81e-19,"PCCA"
"KIF2A",4.26e-23,0.158,0.949,0.94,7.93e-19,"KIF2A"
"EDIL3",4.38e-23,0.368,0.209,0.17,8.16e-19,"EDIL3"
"C5orf24",4.53e-23,0.218,0.584,0.549,8.42e-19,"C5orf24"
"ZNF516",4.75e-23,0.251,0.638,0.61,8.84e-19,"ZNF516"
"LHFPL6",5.47e-23,0.416,0.437,0.4,1.02e-18,"LHFPL6"
"HECW1",5.57e-23,-0.504,0.139,0.176,1.04e-18,"HECW1"
"RASD2",5.69e-23,1.068,0.05,0.029,1.06e-18,"RASD2"
"SH3RF1",7.13e-23,0.25,0.648,0.614,1.33e-18,"SH3RF1"
"CAVIN1",7.35e-23,0.569,0.077,0.052,1.37e-18,"CAVIN1"
"ARPC3",7.56e-23,0.186,0.878,0.874,1.41e-18,"ARPC3"
"L3MBTL4",7.69e-23,0.645,0.353,0.313,1.43e-18,"L3MBTL4"
"FRMD5",7.78e-23,0.223,0.673,0.629,1.45e-18,"FRMD5"
"CKB",8.33e-23,0.242,0.979,0.975,1.55e-18,"CKB"
"SSR4",8.4e-23,0.225,0.718,0.704,1.56e-18,"SSR4"
"MRPL52",9.05e-23,0.269,0.515,0.484,1.68e-18,"MRPL52"
"OAZ1",9.51e-23,0.167,0.932,0.932,1.77e-18,"OAZ1"
"CNPY2",1e-22,0.248,0.623,0.6,1.87e-18,"CNPY2"
"PTTG1IP",1.07e-22,0.287,0.621,0.6,1.99e-18,"PTTG1IP"
"SYNE1",1.14e-22,0.223,0.619,0.582,2.12e-18,"SYNE1"
"SSBP2",1.18e-22,0.179,0.982,0.979,2.2e-18,"SSBP2"
"TIMP1",1.21e-22,0.531,0.275,0.236,2.26e-18,"TIMP1"
"HDDC2",1.25e-22,0.291,0.47,0.43,2.32e-18,"HDDC2"
"TRIM24",1.3e-22,0.138,0.884,0.868,2.42e-18,"TRIM24"
"SEM1",1.35e-22,0.144,0.88,0.88,2.51e-18,"SEM1"
"NDUFAF8",1.4e-22,0.323,0.546,0.524,2.6e-18,"NDUFAF8"
"FAM210B",1.51e-22,0.335,0.418,0.377,2.81e-18,"FAM210B"
"ITPRID2",1.52e-22,0.5,0.365,0.331,2.82e-18,"ITPRID2"
"REEP3",1.77e-22,0.25,0.588,0.559,3.3e-18,"REEP3"
"ERH",1.87e-22,0.127,0.941,0.944,3.48e-18,"ERH"
"GOLGB1",2.02e-22,0.182,0.748,0.727,3.76e-18,"GOLGB1"
"TMEM183A",2.17e-22,0.206,0.665,0.642,4.04e-18,"TMEM183A"
"APLP1",2.19e-22,0.221,0.64,0.6,4.07e-18,"APLP1"
"APLP2",2.23e-22,0.178,0.819,0.81,4.15e-18,"APLP2"
"ZNF827",2.48e-22,0.299,0.504,0.466,4.61e-18,"ZNF827"
"TCIM",2.91e-22,-0.705,0.059,0.086,5.41e-18,"TCIM"
"ATP10A",2.95e-22,0.553,0.115,0.085,5.48e-18,"ATP10A"
"FRAS1",3.22e-22,0.732,0.071,0.047,5.99e-18,"FRAS1"
"AFF3",3.43e-22,-0.19,0.558,0.606,6.38e-18,"AFF3"
"TCEAL4",3.44e-22,0.201,0.771,0.761,6.41e-18,"TCEAL4"
"PHACTR1",3.67e-22,-0.152,0.73,0.772,6.83e-18,"PHACTR1"
"CORO1C",4.71e-22,0.201,0.856,0.839,8.77e-18,"CORO1C"
"NONO",5.05e-22,0.152,0.857,0.858,9.39e-18,"NONO"
"NRXN1",5.15e-22,-0.199,0.957,0.965,9.58e-18,"NRXN1"
"BSG",5.66e-22,0.243,0.553,0.524,1.05e-17,"BSG"
"STMP1",5.92e-22,0.167,0.798,0.793,1.1e-17,"STMP1"
"MIEN1",6.06e-22,0.238,0.529,0.493,1.13e-17,"MIEN1"
"SPARCL1",6.47e-22,0.274,0.275,0.233,1.2e-17,"SPARCL1"
"SLITRK2",6.8e-22,0.596,0.176,0.141,1.27e-17,"SLITRK2"
"CADM4",6.84e-22,0.289,0.51,0.474,1.27e-17,"CADM4"
"CHD2",8.69e-22,0.113,0.989,0.989,1.62e-17,"CHD2"
"B3GALT1",9.29e-22,0.457,0.54,0.504,1.73e-17,"B3GALT1"
"SLF1",1.03e-21,-0.295,0.388,0.433,1.91e-17,"SLF1"
"CNIH2",1.06e-21,0.375,0.303,0.261,1.97e-17,"CNIH2"
"GNG5",1.19e-21,0.393,0.669,0.657,2.21e-17,"GNG5"
"CCT2",1.32e-21,0.156,0.858,0.859,2.45e-17,"CCT2"
"MYO6",1.49e-21,0.246,0.535,0.499,2.78e-17,"MYO6"
"EIF5B",1.5e-21,0.211,0.661,0.641,2.78e-17,"EIF5B"
"CRTAP",1.5e-21,0.317,0.341,0.303,2.8e-17,"CRTAP"
"PTPRK",1.79e-21,0.523,0.462,0.424,3.33e-17,"PTPRK"
"TMEM98",1.99e-21,0.2,0.664,0.641,3.7e-17,"TMEM98"
"DNAJA2",2.13e-21,0.221,0.603,0.577,3.96e-17,"DNAJA2"
"APOE",2.49e-21,-1.193,0.141,0.174,4.63e-17,"APOE"
"TMEM117",2.5e-21,0.351,0.251,0.21,4.65e-17,"TMEM117"
"PDE4D",2.67e-21,0.187,0.656,0.608,4.98e-17,"PDE4D"
"GOLGA7",2.71e-21,0.26,0.618,0.591,5.05e-17,"GOLGA7"
"ODC1",2.78e-21,0.195,0.754,0.744,5.17e-17,"ODC1"
"FKBP1A",3.05e-21,0.259,0.624,0.602,5.68e-17,"FKBP1A"
"RABAC1",3.16e-21,0.211,0.727,0.712,5.88e-17,"RABAC1"
"MORF4L2",3.27e-21,0.141,0.854,0.845,6.09e-17,"MORF4L2"
"SETD7",3.32e-21,0.36,0.296,0.255,6.17e-17,"SETD7"
"ETV5",3.37e-21,0.462,0.216,0.179,6.28e-17,"ETV5"
"GRIA2",3.87e-21,0.449,0.193,0.156,7.21e-17,"GRIA2"
"ZCRB1",4.24e-21,0.169,0.737,0.716,7.9e-17,"ZCRB1"
"PGD",5.01e-21,0.277,0.533,0.507,9.32e-17,"PGD"
"VWC2",5.16e-21,1.246,0.033,0.018,9.6e-17,"VWC2"
"GABRA5",6.22e-21,1.316,0.026,0.012,1.16e-16,"GABRA5"
"GRB2",6.24e-21,0.168,0.781,0.754,1.16e-16,"GRB2"
"ARPC1B",6.54e-21,0.468,0.171,0.137,1.22e-16,"ARPC1B"
"RPL36AL",6.82e-21,0.197,0.829,0.83,1.27e-16,"RPL36AL"
"DYNLT1",7.43e-21,0.155,0.921,0.917,1.38e-16,"DYNLT1"
"PCNX2",7.64e-21,0.235,0.537,0.498,1.42e-16,"PCNX2"
"TMEM256",8.16e-21,0.287,0.511,0.481,1.52e-16,"TMEM256"
"CARMIL1",8.47e-21,-0.226,0.488,0.53,1.58e-16,"CARMIL1"
"CALU",8.69e-21,0.224,0.651,0.634,1.62e-16,"CALU"
"DDX24",8.73e-21,0.162,0.823,0.809,1.62e-16,"DDX24"
"NACA",8.84e-21,0.1,0.991,0.99,1.65e-16,"NACA"
"PRRG1",9.64e-21,0.495,0.081,0.056,1.79e-16,"PRRG1"
"CLCN3",1.04e-20,0.183,0.721,0.702,1.94e-16,"CLCN3"
"SP8",1.04e-20,-0.296,0.146,0.183,1.94e-16,"SP8"
"ATP6V1D",1.13e-20,0.173,0.724,0.701,2.1e-16,"ATP6V1D"
"RAP1B",1.17e-20,0.207,0.674,0.654,2.17e-16,"RAP1B"
"POLR2J",1.22e-20,0.205,0.725,0.716,2.27e-16,"POLR2J"
"COX6A1",1.3e-20,0.142,0.915,0.909,2.41e-16,"COX6A1"
"SOX2",1.35e-20,0.136,0.924,0.909,2.51e-16,"SOX2"
"USP47",1.4e-20,0.128,0.914,0.898,2.61e-16,"USP47"
"NDUFAB1",1.46e-20,0.175,0.808,0.803,2.72e-16,"NDUFAB1"
"SNF8",1.46e-20,0.192,0.672,0.651,2.72e-16,"SNF8"
"ZNF462",1.48e-20,0.187,0.89,0.882,2.75e-16,"ZNF462"
"NDUFV2",1.51e-20,0.182,0.767,0.757,2.81e-16,"NDUFV2"
"A1BG",1.53e-20,0.338,0.306,0.266,2.85e-16,"A1BG"
"NDUFB5",1.55e-20,0.273,0.579,0.558,2.88e-16,"NDUFB5"
"GRIP2",1.59e-20,0.449,0.302,0.263,2.97e-16,"GRIP2"
"BLOC1S1",2.17e-20,0.239,0.673,0.652,4.04e-16,"BLOC1S1"
"COL4A6",2.24e-20,0.951,0.21,0.177,4.16e-16,"COL4A6"
"SPART",2.42e-20,0.234,0.561,0.536,4.5e-16,"SPART"
"MTDH",2.57e-20,0.127,0.888,0.885,4.78e-16,"MTDH"
"HK2",3.02e-20,-0.741,0.052,0.076,5.62e-16,"HK2"
"TUBB3",3.11e-20,-0.207,0.407,0.45,5.79e-16,"TUBB3"
"SLC4A4",3.17e-20,-0.334,0.436,0.47,5.9e-16,"SLC4A4"
"ACTG1",3.23e-20,0.152,0.996,0.995,6.01e-16,"ACTG1"
"SCN1A",3.41e-20,0.367,0.278,0.238,6.35e-16,"SCN1A"
"PCYT1B",3.54e-20,0.356,0.338,0.297,6.59e-16,"PCYT1B"
"SLC25A3",3.84e-20,0.179,0.851,0.85,7.15e-16,"SLC25A3"
"RAB7A",3.87e-20,0.158,0.834,0.825,7.21e-16,"RAB7A"
"PRPS1",3.88e-20,0.368,0.486,0.455,7.22e-16,"PRPS1"
"NFKB1",4.66e-20,0.273,0.34,0.298,8.67e-16,"NFKB1"
"ZRANB2",4.67e-20,0.182,0.764,0.755,8.69e-16,"ZRANB2"
"DENR",5.51e-20,0.215,0.616,0.592,1.03e-15,"DENR"
"SMIM26",5.57e-20,0.232,0.615,0.591,1.04e-15,"SMIM26"
"EIF4B",5.9e-20,0.157,0.861,0.848,1.1e-15,"EIF4B"
"SERBP1",5.92e-20,0.197,0.834,0.836,1.1e-15,"SERBP1"
"SCARB2",6.03e-20,0.183,0.732,0.711,1.12e-15,"SCARB2"
"SMIM14",6.52e-20,0.206,0.633,0.604,1.21e-15,"SMIM14"
"TMEM14C",6.64e-20,0.206,0.657,0.64,1.24e-15,"TMEM14C"
"NASP",7.28e-20,0.14,0.887,0.872,1.35e-15,"NASP"
"VOPP1",7.59e-20,0.234,0.764,0.741,1.41e-15,"VOPP1"
"C1QBP",7.72e-20,0.217,0.717,0.707,1.44e-15,"C1QBP"
"PPP2R2C",7.75e-20,-0.54,0.05,0.074,1.44e-15,"PPP2R2C"
"PREX1",8.42e-20,0.512,0.321,0.288,1.57e-15,"PREX1"
"TRAF3",8.6e-20,0.321,0.207,0.17,1.6e-15,"TRAF3"
"NQO1",9.24e-20,0.605,0.175,0.142,1.72e-15,"NQO1"
"CTNNA1",9.25e-20,0.168,0.771,0.752,1.72e-15,"CTNNA1"
"CREB5",1e-19,0.455,0.446,0.413,1.86e-15,"CREB5"
"H1-10",1.04e-19,0.126,0.857,0.832,1.94e-15,"H1-10"
"RREB1",1.05e-19,0.351,0.202,0.167,1.96e-15,"RREB1"
"QKI",1.09e-19,0.109,0.998,0.998,2.03e-15,"QKI"
"MRPL34",1.22e-19,0.294,0.401,0.363,2.26e-15,"MRPL34"
"SLC9A2",1.23e-19,-0.618,0.076,0.103,2.28e-15,"SLC9A2"
"SST",1.23e-19,0.712,0.041,0.024,2.3e-15,"SST"
"ATRX",1.25e-19,0.115,0.983,0.978,2.32e-15,"ATRX"
"GRIPAP1",1.31e-19,0.195,0.639,0.607,2.43e-15,"GRIPAP1"
"TXNDC17",1.32e-19,0.261,0.633,0.619,2.46e-15,"TXNDC17"
"LDLRAD3",1.35e-19,0.354,0.61,0.586,2.51e-15,"LDLRAD3"
"TMEM165",1.49e-19,0.184,0.7,0.689,2.77e-15,"TMEM165"
"WNK1",1.51e-19,0.131,0.882,0.871,2.81e-15,"WNK1"
"KLHL5",1.53e-19,0.244,0.512,0.478,2.85e-15,"KLHL5"
"SLIT2",1.56e-19,0.351,0.284,0.244,2.9e-15,"SLIT2"
"HSPE1",1.61e-19,0.257,0.835,0.835,3e-15,"HSPE1"
"PRRC2C",1.61e-19,0.124,0.898,0.895,3e-15,"PRRC2C"
"RPS19",1.64e-19,0.196,0.992,0.991,3.06e-15,"RPS19"
"TP53INP1",1.65e-19,0.293,0.427,0.389,3.07e-15,"TP53INP1"
"ITGAV",1.68e-19,0.322,0.516,0.489,3.12e-15,"ITGAV"
"MT-ND6",1.88e-19,0.242,0.674,0.656,3.51e-15,"MT-ND6"
"SH3BGRL",1.9e-19,0.134,0.854,0.837,3.55e-15,"SH3BGRL"
"PPM1G",1.96e-19,0.159,0.773,0.759,3.65e-15,"PPM1G"
"ACADM",1.98e-19,0.195,0.652,0.63,3.69e-15,"ACADM"
"LHX6",2.1e-19,0.361,0.229,0.191,3.9e-15,"LHX6"
"IL1RAP",2.11e-19,0.668,0.06,0.04,3.92e-15,"IL1RAP"
"EIF4A1",2.12e-19,0.149,0.948,0.948,3.94e-15,"EIF4A1"
"DIP2B",2.23e-19,0.174,0.866,0.856,4.15e-15,"DIP2B"
"SUPT16H",2.3e-19,0.157,0.773,0.761,4.28e-15,"SUPT16H"
"BCAP31",2.36e-19,0.264,0.517,0.491,4.38e-15,"BCAP31"
"KRTCAP2",2.5e-19,0.221,0.666,0.651,4.65e-15,"KRTCAP2"
"AP3B1",2.61e-19,0.205,0.598,0.569,4.85e-15,"AP3B1"
"HS6ST2",2.63e-19,0.518,0.301,0.26,4.89e-15,"HS6ST2"
"FJX1",2.65e-19,0.383,0.384,0.349,4.93e-15,"FJX1"
"PRKACB",2.7e-19,0.178,0.725,0.701,5.02e-15,"PRKACB"
"DSTN",2.7e-19,0.154,0.871,0.872,5.03e-15,"DSTN"
"PTPRD",2.84e-19,-0.29,0.438,0.488,5.28e-15,"PTPRD"
"FAT1",2.93e-19,0.268,0.451,0.416,5.46e-15,"FAT1"
"MAGEF1",3.08e-19,0.264,0.5,0.468,5.74e-15,"MAGEF1"
"NDUFA8",3.56e-19,0.21,0.673,0.656,6.62e-15,"NDUFA8"
"PAIP1",3.58e-19,0.178,0.711,0.692,6.67e-15,"PAIP1"
"BAZ2B",3.59e-19,0.115,0.932,0.927,6.68e-15,"BAZ2B"
"PLPPR1",3.71e-19,-0.923,0.06,0.084,6.91e-15,"PLPPR1"
"SGCB",3.85e-19,0.206,0.671,0.65,7.17e-15,"SGCB"
"CSRNP3",3.89e-19,0.261,0.786,0.762,7.23e-15,"CSRNP3"
"HSPA4",3.89e-19,0.195,0.67,0.653,7.24e-15,"HSPA4"
"TAF15",3.9e-19,0.122,0.835,0.827,7.26e-15,"TAF15"
"TOMM5",4.32e-19,0.22,0.678,0.667,8.05e-15,"TOMM5"
"MBIP",4.57e-19,0.144,0.686,0.654,8.51e-15,"MBIP"
"USP22",4.7e-19,0.149,0.86,0.85,8.74e-15,"USP22"
"PCBP2",4.72e-19,0.118,0.924,0.922,8.79e-15,"PCBP2"
"SF3B1",4.74e-19,0.135,0.89,0.882,8.83e-15,"SF3B1"
"EIF3A",4.78e-19,0.147,0.834,0.827,8.9e-15,"EIF3A"
"PCDH15",4.92e-19,1.415,0.036,0.021,9.17e-15,"PCDH15"
"LRFN2",4.97e-19,-0.557,0.114,0.145,9.26e-15,"LRFN2"
"TNFRSF10B",5.21e-19,0.277,0.238,0.2,9.69e-15,"TNFRSF10B"
"NME3",5.41e-19,0.361,0.347,0.311,1.01e-14,"NME3"
"C6orf62",5.44e-19,0.18,0.674,0.657,1.01e-14,"C6orf62"
"CALM1",5.69e-19,0.234,0.975,0.97,1.06e-14,"CALM1"
"SNX17",6.05e-19,0.314,0.351,0.315,1.13e-14,"SNX17"
"STUB1",6.25e-19,0.253,0.521,0.493,1.16e-14,"STUB1"
"ALK",6.28e-19,0.902,0.069,0.047,1.17e-14,"ALK"
"ACTR2",6.47e-19,0.14,0.819,0.812,1.2e-14,"ACTR2"
"YWHAE",6.65e-19,0.126,0.983,0.982,1.24e-14,"YWHAE"
"ID2",6.72e-19,0.241,0.671,0.645,1.25e-14,"ID2"
"RWDD1",6.73e-19,0.167,0.73,0.717,1.25e-14,"RWDD1"
"MTCH1",7.13e-19,0.217,0.611,0.586,1.33e-14,"MTCH1"
"LAMTOR5",7.64e-19,0.181,0.852,0.855,1.42e-14,"LAMTOR5"
"RIMS1",7.8e-19,0.28,0.385,0.341,1.45e-14,"RIMS1"
"DUSP14",8.07e-19,0.391,0.227,0.192,1.5e-14,"DUSP14"
"S100B",8.08e-19,0.689,0.25,0.218,1.5e-14,"S100B"
"MAPRE1",8.52e-19,0.235,0.622,0.604,1.59e-14,"MAPRE1"
"UBE3A",8.58e-19,0.136,0.912,0.906,1.6e-14,"UBE3A"
"PDK1",8.75e-19,-0.484,0.186,0.221,1.63e-14,"PDK1"
"WWTR1",9.32e-19,0.457,0.411,0.377,1.73e-14,"WWTR1"
"ARHGEF7",9.54e-19,0.157,0.834,0.812,1.78e-14,"ARHGEF7"
"SYBU",9.64e-19,0.471,0.181,0.148,1.79e-14,"SYBU"
"CD38",9.65e-19,-0.65,0.039,0.059,1.8e-14,"CD38"
"ARF1",1.03e-18,0.157,0.766,0.751,1.91e-14,"ARF1"
"XKR6",1.03e-18,0.162,0.781,0.76,1.92e-14,"XKR6"
"PTK2",1.13e-18,0.109,0.931,0.928,2.11e-14,"PTK2"
"PPA2",1.24e-18,0.243,0.574,0.551,2.3e-14,"PPA2"
"SUGT1",1.25e-18,0.202,0.69,0.668,2.32e-14,"SUGT1"
"CDH4",1.3e-18,0.483,0.425,0.388,2.42e-14,"CDH4"
"HNRNPH2",1.33e-18,0.234,0.546,0.521,2.47e-14,"HNRNPH2"
"PI16",1.42e-18,-2.021,0.004,0.013,2.65e-14,"PI16"
"PLEKHA4",1.43e-18,0.453,0.138,0.108,2.66e-14,"PLEKHA4"
"RAI2",1.49e-18,0.367,0.202,0.167,2.78e-14,"RAI2"
"CHCHD1",1.65e-18,0.225,0.563,0.538,3.07e-14,"CHCHD1"
"SPATA6",1.65e-18,0.437,0.331,0.297,3.07e-14,"SPATA6"
"CBX3",1.65e-18,0.128,0.917,0.91,3.08e-14,"CBX3"
"ZC3H12B",1.66e-18,0.208,0.613,0.578,3.1e-14,"ZC3H12B"
"MACF1",1.71e-18,0.104,0.984,0.983,3.18e-14,"MACF1"
"GALNT10",1.76e-18,0.309,0.293,0.254,3.27e-14,"GALNT10"
"PHB2",1.81e-18,0.199,0.675,0.663,3.36e-14,"PHB2"
"SCRG1",1.82e-18,0.251,0.537,0.502,3.39e-14,"SCRG1"
"PCSK1N",2.14e-18,0.193,0.746,0.732,3.97e-14,"PCSK1N"
"ATP1B3",2.2e-18,0.139,0.761,0.75,4.09e-14,"ATP1B3"
"JAM3",2.21e-18,0.252,0.678,0.657,4.11e-14,"JAM3"
"PROKR2",2.25e-18,0.464,0.122,0.094,4.19e-14,"PROKR2"
"PTAR1",2.28e-18,0.236,0.586,0.562,4.24e-14,"PTAR1"
"MYOF",2.56e-18,0.601,0.056,0.037,4.76e-14,"MYOF"
"PPP4C",2.67e-18,0.198,0.696,0.689,4.96e-14,"PPP4C"
"HAS2",2.75e-18,0.931,0.037,0.021,5.11e-14,"HAS2"
"BANF1",2.79e-18,0.145,0.864,0.861,5.18e-14,"BANF1"
"LMO1",2.88e-18,0.654,0.196,0.164,5.35e-14,"LMO1"
"FERMT1",2.88e-18,0.777,0.056,0.037,5.36e-14,"FERMT1"
"FBXO21",2.89e-18,0.157,0.792,0.777,5.38e-14,"FBXO21"
"TMX4",3.01e-18,0.233,0.508,0.471,5.59e-14,"TMX4"
"SRPX2",3.01e-18,1.049,0.031,0.017,5.6e-14,"SRPX2"
"SMIM30",3.06e-18,0.367,0.299,0.264,5.69e-14,"SMIM30"
"PTPN13",3.12e-18,0.262,0.489,0.455,5.8e-14,"PTPN13"
"KMT2E",3.45e-18,0.113,0.965,0.965,6.43e-14,"KMT2E"
"CALR",3.59e-18,0.287,0.631,0.608,6.68e-14,"CALR"
"ARFGEF3",3.65e-18,0.647,0.134,0.105,6.79e-14,"ARFGEF3"
"COX16",3.7e-18,0.184,0.777,0.77,6.88e-14,"COX16"
"SPAG9",3.71e-18,0.132,0.931,0.927,6.9e-14,"SPAG9"
"UBE2E3",3.72e-18,0.126,0.885,0.877,6.92e-14,"UBE2E3"
"ARHGEF4",3.75e-18,0.541,0.18,0.148,6.97e-14,"ARHGEF4"
"HNRNPR",3.9e-18,0.109,0.969,0.966,7.26e-14,"HNRNPR"
"ZC3H13",3.93e-18,0.136,0.843,0.823,7.32e-14,"ZC3H13"
"DAD1",4.1e-18,0.207,0.746,0.737,7.63e-14,"DAD1"
"ABRACL",4.17e-18,0.213,0.479,0.442,7.76e-14,"ABRACL"
"DOCK3",4.35e-18,0.195,0.449,0.406,8.1e-14,"DOCK3"
"UQCRFS1",4.38e-18,0.195,0.687,0.675,8.16e-14,"UQCRFS1"
"UBL3",4.44e-18,0.225,0.682,0.665,8.27e-14,"UBL3"
"MYEF2",4.72e-18,0.141,0.809,0.795,8.79e-14,"MYEF2"
"RNF150",4.75e-18,0.296,0.488,0.449,8.84e-14,"RNF150"
"GLCCI1",5.1e-18,0.273,0.875,0.858,9.49e-14,"GLCCI1"
"CPNE3",5.24e-18,0.168,0.744,0.722,9.75e-14,"CPNE3"
"TMEM59",5.26e-18,0.152,0.812,0.802,9.8e-14,"TMEM59"
"PTPRS",5.42e-18,0.142,0.877,0.867,1.01e-13,"PTPRS"
"TPR",6.05e-18,0.143,0.804,0.799,1.13e-13,"TPR"
"MTPN",6.1e-18,0.145,0.876,0.871,1.13e-13,"MTPN"
"VPS13C",6.12e-18,0.165,0.745,0.726,1.14e-13,"VPS13C"
"MMP2",6.57e-18,0.536,0.084,0.06,1.22e-13,"MMP2"
"LMAN2",6.58e-18,0.22,0.576,0.554,1.22e-13,"LMAN2"
"ZFAND3",6.88e-18,0.104,0.968,0.966,1.28e-13,"ZFAND3"
"UNC5D",7.92e-18,0.873,0.241,0.21,1.47e-13,"UNC5D"
"VDAC1",7.94e-18,0.21,0.743,0.745,1.48e-13,"VDAC1"
"SRSF8",8.1e-18,0.307,0.288,0.251,1.51e-13,"SRSF8"
"CAPZB",8.69e-18,0.152,0.804,0.796,1.62e-13,"CAPZB"
"HS3ST3A1",9.16e-18,0.913,0.056,0.037,1.71e-13,"HS3ST3A1"
"ST7",9.33e-18,0.176,0.841,0.813,1.74e-13,"ST7"
"PSMD1",9.65e-18,0.146,0.736,0.719,1.8e-13,"PSMD1"
"KCNQ1",1.01e-17,0.58,0.075,0.053,1.88e-13,"KCNQ1"
"PLXNA4",1.1e-17,0.234,0.534,0.495,2.04e-13,"PLXNA4"
"CALD1",1.19e-17,0.165,0.762,0.741,2.21e-13,"CALD1"
"ARL8A",1.22e-17,0.202,0.591,0.562,2.28e-13,"ARL8A"
"MDH2",1.27e-17,0.167,0.725,0.716,2.36e-13,"MDH2"
"RBFOX3",1.27e-17,0.581,0.116,0.089,2.36e-13,"RBFOX3"
"ENO4",1.29e-17,-0.128,0.296,0.34,2.39e-13,"ENO4"
"STMN2",1.35e-17,-0.172,0.547,0.59,2.51e-13,"STMN2"
"TMOD2",1.39e-17,0.247,0.456,0.42,2.59e-13,"TMOD2"
"TANC2",1.43e-17,0.124,0.925,0.921,2.67e-13,"TANC2"
"NOL4",1.44e-17,0.278,0.83,0.813,2.68e-13,"NOL4"
"TMEM9B",1.44e-17,0.258,0.472,0.441,2.69e-13,"TMEM9B"
"PTGES3",1.45e-17,0.111,0.946,0.946,2.7e-13,"PTGES3"
"DNAJC7",1.46e-17,0.168,0.725,0.71,2.72e-13,"DNAJC7"
"SORCS1",1.49e-17,0.458,0.256,0.219,2.78e-13,"SORCS1"
"CTNNA2",1.53e-17,0.128,0.862,0.824,2.84e-13,"CTNNA2"
"DNAJB6",1.65e-17,0.138,0.889,0.88,3.07e-13,"DNAJB6"
"PPP1R1C",1.73e-17,0.831,0.06,0.04,3.22e-13,"PPP1R1C"
"PDZRN3",1.79e-17,-0.201,0.814,0.839,3.32e-13,"PDZRN3"
"KIF1B",1.8e-17,0.119,0.976,0.976,3.35e-13,"KIF1B"
"DDIT4",1.82e-17,-0.51,0.305,0.341,3.39e-13,"DDIT4"
"PTPRE",1.87e-17,0.598,0.216,0.184,3.47e-13,"PTPRE"
"IAPP",1.87e-17,-0.851,0.018,0.032,3.48e-13,"IAPP"
"MAN1A2",1.88e-17,0.153,0.75,0.728,3.49e-13,"MAN1A2"
"HMGN3",1.88e-17,0.168,0.848,0.832,3.5e-13,"HMGN3"
"RAB11A",1.95e-17,0.142,0.84,0.821,3.64e-13,"RAB11A"
"DUSP16",1.98e-17,0.304,0.346,0.308,3.68e-13,"DUSP16"
"PLS3",2.19e-17,0.225,0.75,0.713,4.08e-13,"PLS3"
"PFDN2",2.23e-17,0.111,0.907,0.899,4.15e-13,"PFDN2"
"TEX14",2.24e-17,-0.173,0.151,0.183,4.17e-13,"TEX14"
"TMEM106B",2.24e-17,0.263,0.429,0.393,4.17e-13,"TMEM106B"
"SNU13",2.29e-17,0.167,0.739,0.731,4.26e-13,"SNU13"
"USP34",2.32e-17,0.116,0.922,0.915,4.32e-13,"USP34"
"NEDD8",2.34e-17,0.156,0.815,0.82,4.36e-13,"NEDD8"
"PET100",2.35e-17,0.199,0.58,0.552,4.37e-13,"PET100"
"LYPD1",2.38e-17,0.919,0.121,0.095,4.42e-13,"LYPD1"
"NRP1",2.5e-17,0.312,0.216,0.181,4.65e-13,"NRP1"
"BCAP29",2.52e-17,0.236,0.529,0.503,4.7e-13,"BCAP29"
"ZYX",2.53e-17,0.46,0.213,0.181,4.71e-13,"ZYX"
"TPD52L1",2.62e-17,0.615,0.103,0.078,4.87e-13,"TPD52L1"
"RAMP1",2.63e-17,0.718,0.143,0.115,4.89e-13,"RAMP1"
"TIMM13",2.63e-17,0.295,0.51,0.49,4.89e-13,"TIMM13"
"DLK1",2.84e-17,1.428,0.033,0.019,5.29e-13,"DLK1"
"MPDZ",2.9e-17,0.137,0.739,0.717,5.39e-13,"MPDZ"
"GABBR2",2.94e-17,0.961,0.087,0.064,5.47e-13,"GABBR2"
"SYT11",3.14e-17,0.171,0.834,0.823,5.85e-13,"SYT11"
"MDM2",3.14e-17,0.205,0.554,0.53,5.85e-13,"MDM2"
"RFFL",3.16e-17,0.309,0.512,0.483,5.89e-13,"RFFL"
"TPM4",3.35e-17,0.155,0.76,0.745,6.23e-13,"TPM4"
"ATP10B",3.44e-17,-0.471,0.05,0.071,6.4e-13,"ATP10B"
"DDR1",3.57e-17,0.249,0.548,0.528,6.65e-13,"DDR1"
"BSCL2",3.62e-17,0.275,0.512,0.484,6.74e-13,"BSCL2"
"EEF1D",3.65e-17,0.166,0.79,0.791,6.79e-13,"EEF1D"
"PCSK5",3.96e-17,0.562,0.158,0.127,7.36e-13,"PCSK5"
"GLOD4",4.06e-17,0.195,0.602,0.583,7.55e-13,"GLOD4"
"FLRT2",4.17e-17,-0.33,0.39,0.43,7.77e-13,"FLRT2"
"DNM3",4.25e-17,0.271,0.503,0.469,7.92e-13,"DNM3"
"PSMB3",4.41e-17,0.159,0.778,0.775,8.21e-13,"PSMB3"
"FZD3",4.55e-17,0.131,0.907,0.9,8.47e-13,"FZD3"
"FHOD3",4.61e-17,-0.169,0.538,0.579,8.59e-13,"FHOD3"
"RACK1",5.03e-17,0.153,0.984,0.982,9.37e-13,"RACK1"
"GNAI2",5.05e-17,0.209,0.775,0.766,9.41e-13,"GNAI2"
"LRRTM2",5.1e-17,0.331,0.287,0.252,9.5e-13,"LRRTM2"
"HADHA",5.53e-17,0.162,0.692,0.674,1.03e-12,"HADHA"
"CSNK1E",5.82e-17,0.198,0.746,0.724,1.08e-12,"CSNK1E"
"N4BP2L2",6e-17,0.123,0.902,0.899,1.12e-12,"N4BP2L2"
"ARPC2",6.03e-17,0.153,0.883,0.882,1.12e-12,"ARPC2"
"PDGFRB",6.08e-17,-0.618,0.064,0.087,1.13e-12,"PDGFRB"
"MYDGF",6.34e-17,0.267,0.47,0.44,1.18e-12,"MYDGF"
"NME2",6.56e-17,0.54,0.083,0.061,1.22e-12,"NME2"
"RPS27A",6.61e-17,0.11,0.991,0.99,1.23e-12,"RPS27A"
"IFT20",6.68e-17,0.263,0.349,0.313,1.24e-12,"IFT20"
"BLOC1S2",6.99e-17,0.238,0.487,0.458,1.3e-12,"BLOC1S2"
"ARHGEF9",7.06e-17,0.19,0.663,0.64,1.31e-12,"ARHGEF9"
"RAB13",7.2e-17,0.332,0.378,0.345,1.34e-12,"RAB13"
"MRPS5",7.42e-17,0.355,0.201,0.168,1.38e-12,"MRPS5"
"MYO16",8.22e-17,0.535,0.162,0.133,1.53e-12,"MYO16"
"COL4A5",8.26e-17,0.663,0.381,0.353,1.54e-12,"COL4A5"
"SPCS2",8.6e-17,0.149,0.875,0.876,1.6e-12,"SPCS2"
"IGF2BP3",8.92e-17,0.137,0.792,0.766,1.66e-12,"IGF2BP3"
"KIZ",9.11e-17,0.349,0.34,0.303,1.7e-12,"KIZ"
"SPCS1",9.3e-17,0.216,0.739,0.733,1.73e-12,"SPCS1"
"TRIB2",1e-16,0.269,0.292,0.257,1.86e-12,"TRIB2"
"SLC2A3",1.01e-16,-0.52,0.204,0.237,1.89e-12,"SLC2A3"
"JPT1",1.04e-16,0.13,0.963,0.954,1.93e-12,"JPT1"
"CCSER1",1.05e-16,-0.361,0.367,0.408,1.96e-12,"CCSER1"
"FAM177A1",1.11e-16,0.195,0.63,0.604,2.07e-12,"FAM177A1"
"CRACDL",1.13e-16,0.731,0.061,0.042,2.1e-12,"CRACDL"
"CRLS1",1.13e-16,0.273,0.467,0.435,2.11e-12,"CRLS1"
"LGALS3",1.14e-16,0.578,0.151,0.122,2.12e-12,"LGALS3"
"CMTM6",1.17e-16,0.26,0.478,0.447,2.18e-12,"CMTM6"
"GSX2",1.26e-16,-0.278,0.269,0.306,2.34e-12,"GSX2"
"ST3GAL5",1.37e-16,0.406,0.229,0.196,2.55e-12,"ST3GAL5"
"NIPBL",1.4e-16,0.115,0.931,0.922,2.61e-12,"NIPBL"
"ST13",1.42e-16,0.133,0.853,0.845,2.65e-12,"ST13"
"ARHGAP18",1.45e-16,-0.265,0.173,0.208,2.7e-12,"ARHGAP18"
"SNX9",1.48e-16,0.22,0.468,0.434,2.75e-12,"SNX9"
"RAB9A",1.53e-16,0.282,0.396,0.362,2.85e-12,"RAB9A"
"CDK2AP2",1.55e-16,0.312,0.265,0.231,2.88e-12,"CDK2AP2"
"PLEKHH2",1.56e-16,0.204,0.074,0.053,2.91e-12,"PLEKHH2"
"KDELR2",1.57e-16,0.251,0.466,0.436,2.91e-12,"KDELR2"
"MRPS26",1.86e-16,0.217,0.565,0.545,3.46e-12,"MRPS26"
"PAXBP1",1.91e-16,0.136,0.778,0.772,3.55e-12,"PAXBP1"
"TCF7L1",1.94e-16,0.37,0.328,0.294,3.6e-12,"TCF7L1"
"CYYR1",1.97e-16,0.55,0.085,0.062,3.66e-12,"CYYR1"
"FEZ1",1.97e-16,0.175,0.906,0.902,3.67e-12,"FEZ1"
"CLEC19A",2.15e-16,0.89,0.029,0.016,3.99e-12,"CLEC19A"
"CMBL",2.23e-16,0.305,0.278,0.244,4.14e-12,"CMBL"
"NDUFB3",2.3e-16,0.208,0.663,0.652,4.29e-12,"NDUFB3"
"CHST1",2.51e-16,-0.657,0.027,0.044,4.68e-12,"CHST1"
"KLHDC10",2.62e-16,0.22,0.662,0.636,4.87e-12,"KLHDC10"
"VSTM4",2.66e-16,0.576,0.088,0.065,4.94e-12,"VSTM4"
"NDRG2",2.7e-16,-0.445,0.24,0.275,5.03e-12,"NDRG2"
"ERC1",2.99e-16,0.119,0.836,0.822,5.57e-12,"ERC1"
"DNAJA1",3.37e-16,0.121,0.917,0.913,6.27e-12,"DNAJA1"
"GNG12",3.48e-16,0.594,0.245,0.215,6.48e-12,"GNG12"
"ZNF608",3.6e-16,0.232,0.664,0.637,6.7e-12,"ZNF608"
"RORB",3.63e-16,0.245,0.471,0.433,6.76e-12,"RORB"
"SMAP1",3.64e-16,0.131,0.747,0.725,6.77e-12,"SMAP1"
"SEZ6L",3.74e-16,0.44,0.271,0.236,6.96e-12,"SEZ6L"
"PARM1",3.77e-16,0.401,0.073,0.052,7.02e-12,"PARM1"
"PIP5K1B",3.84e-16,0.422,0.369,0.337,7.14e-12,"PIP5K1B"
"TMEM30A",3.85e-16,0.214,0.515,0.484,7.17e-12,"TMEM30A"
"ATP5F1A",3.91e-16,0.149,0.799,0.791,7.27e-12,"ATP5F1A"
"PGBD5",4.2e-16,-0.375,0.228,0.263,7.82e-12,"PGBD5"
"MBD5",4.46e-16,0.131,0.974,0.974,8.3e-12,"MBD5"
"CHURC1",4.47e-16,0.198,0.604,0.583,8.31e-12,"CHURC1"
"MAP9",4.49e-16,0.235,0.42,0.385,8.36e-12,"MAP9"
"ST8SIA4",4.52e-16,0.339,0.419,0.385,8.4e-12,"ST8SIA4"
"DHRS7",4.56e-16,0.207,0.584,0.557,8.48e-12,"DHRS7"
"SNRPF",4.59e-16,0.127,0.878,0.875,8.55e-12,"SNRPF"
"PPIA",4.81e-16,0.101,0.978,0.977,8.96e-12,"PPIA"
"COPB2",4.86e-16,0.179,0.662,0.645,9.05e-12,"COPB2"
"RPL3",4.86e-16,0.135,0.992,0.989,9.05e-12,"RPL3"
"LONRF2",4.98e-16,0.498,0.434,0.407,9.26e-12,"LONRF2"
"C21orf62",5.13e-16,0.548,0.211,0.182,9.55e-12,"C21orf62"
"CPEB2",5.16e-16,0.357,0.31,0.276,9.61e-12,"CPEB2"
"H2AC20",5.63e-16,0.192,0.416,0.374,1.05e-11,"H2AC20"
"AP2S1",5.72e-16,0.191,0.672,0.663,1.07e-11,"AP2S1"
"THSD1",5.84e-16,0.512,0.118,0.092,1.09e-11,"THSD1"
"MT-RNR2",5.85e-16,0.175,0.995,0.995,1.09e-11,"MT-RNR2"
"RAC1",5.87e-16,0.118,0.957,0.957,1.09e-11,"RAC1"
"EDA2R",5.96e-16,0.468,0.11,0.085,1.11e-11,"EDA2R"
"GALNTL6",6.16e-16,0.617,0.033,0.02,1.15e-11,"GALNTL6"
"TRIM2",6.21e-16,-0.107,0.946,0.96,1.16e-11,"TRIM2"
"ACTA2",6.25e-16,0.644,0.058,0.04,1.16e-11,"ACTA2"
"RASD1",6.53e-16,-0.377,0.164,0.196,1.22e-11,"RASD1"
"TRAPPC3",6.83e-16,0.262,0.402,0.37,1.27e-11,"TRAPPC3"
"MARCHF6",7.01e-16,0.134,0.933,0.928,1.3e-11,"MARCHF6"
"RTN3",7.2e-16,0.102,0.987,0.986,1.34e-11,"RTN3"
"KLHL20",7.47e-16,0.206,0.601,0.577,1.39e-11,"KLHL20"
"APEX1",7.6e-16,0.14,0.837,0.838,1.41e-11,"APEX1"
"PPIB",7.65e-16,0.217,0.806,0.808,1.42e-11,"PPIB"
"BEST3",8.06e-16,0.293,0.316,0.28,1.5e-11,"BEST3"
"TMCO1",8.52e-16,0.196,0.681,0.675,1.59e-11,"TMCO1"
"AAK1",8.65e-16,0.146,0.744,0.726,1.61e-11,"AAK1"
"SARAF",9.14e-16,0.146,0.823,0.816,1.7e-11,"SARAF"
"SMC5",9.2e-16,0.175,0.741,0.734,1.71e-11,"SMC5"
"MYL12A",9.29e-16,0.369,0.345,0.314,1.73e-11,"MYL12A"
"SRRM4",9.77e-16,-0.176,0.329,0.371,1.82e-11,"SRRM4"
"ZFR",9.98e-16,0.113,0.85,0.847,1.86e-11,"ZFR"
"RADX",1.02e-15,0.583,0.229,0.198,1.89e-11,"RADX"
"RBPMS",1.04e-15,0.415,0.206,0.175,1.93e-11,"RBPMS"
"GREB1L",1.06e-15,0.372,0.248,0.215,1.97e-11,"GREB1L"
"TMEM219",1.08e-15,0.244,0.507,0.482,2e-11,"TMEM219"
"SMARCC2",1.11e-15,0.151,0.783,0.767,2.07e-11,"SMARCC2"
"PAPSS2",1.13e-15,-0.525,0.066,0.088,2.1e-11,"PAPSS2"
"PPP2R1A",1.28e-15,0.156,0.723,0.711,2.38e-11,"PPP2R1A"
"RDH5",1.3e-15,0.422,0.145,0.117,2.42e-11,"RDH5"
"NT5C3B",1.31e-15,0.205,0.521,0.492,2.43e-11,"NT5C3B"
"ZFHX4",1.39e-15,-0.303,0.508,0.534,2.59e-11,"ZFHX4"
"CCAR1",1.47e-15,0.131,0.784,0.768,2.73e-11,"CCAR1"
"SELENOK",1.58e-15,0.149,0.773,0.765,2.93e-11,"SELENOK"
"SPHKAP",1.58e-15,0.709,0.027,0.015,2.94e-11,"SPHKAP"
"SLC39A7",1.59e-15,0.263,0.358,0.325,2.97e-11,"SLC39A7"
"FOXN2",1.7e-15,0.211,0.511,0.479,3.16e-11,"FOXN2"
"LAPTM4A",1.76e-15,0.152,0.791,0.783,3.27e-11,"LAPTM4A"
"LHFPL2",1.77e-15,0.386,0.167,0.138,3.29e-11,"LHFPL2"
"MRPL20",1.94e-15,0.189,0.67,0.656,3.61e-11,"MRPL20"
"MRPS6",1.98e-15,0.226,0.611,0.593,3.69e-11,"MRPS6"
"ECHDC1",1.99e-15,0.183,0.597,0.574,3.7e-11,"ECHDC1"
"KIF5A",2.03e-15,0.248,0.506,0.473,3.78e-11,"KIF5A"
"AEN",2.18e-15,0.457,0.095,0.072,4.06e-11,"AEN"
"PCDHB2",2.21e-15,0.221,0.381,0.344,4.1e-11,"PCDHB2"
"ANAPC11",2.21e-15,0.122,0.847,0.845,4.11e-11,"ANAPC11"
"SETD5",2.3e-15,0.113,0.873,0.865,4.28e-11,"SETD5"
"YTHDC1",2.43e-15,0.15,0.77,0.752,4.52e-11,"YTHDC1"
"ABCD3",2.43e-15,0.203,0.634,0.62,4.53e-11,"ABCD3"
"RAB11B",2.44e-15,0.198,0.586,0.556,4.54e-11,"RAB11B"
"C4orf3",2.48e-15,0.219,0.578,0.559,4.62e-11,"C4orf3"
"COX7B",2.52e-15,0.163,0.801,0.801,4.68e-11,"COX7B"
"PTGES2",2.54e-15,0.286,0.26,0.227,4.72e-11,"PTGES2"
"LAPTM4B",2.57e-15,0.253,0.607,0.597,4.78e-11,"LAPTM4B"
"PAFAH1B1",2.58e-15,0.103,0.939,0.934,4.8e-11,"PAFAH1B1"
"EIF3E",2.62e-15,0.165,0.834,0.831,4.87e-11,"EIF3E"
"ITGB5",2.75e-15,0.532,0.113,0.089,5.12e-11,"ITGB5"
"SLC12A8",2.84e-15,0.555,0.123,0.098,5.28e-11,"SLC12A8"
"SELENOS",2.9e-15,0.267,0.465,0.439,5.4e-11,"SELENOS"
"TMED10",2.95e-15,0.258,0.602,0.591,5.49e-11,"TMED10"
"GALNT17",2.95e-15,0.412,0.285,0.253,5.49e-11,"GALNT17"
"ILF2",3.02e-15,0.145,0.804,0.803,5.62e-11,"ILF2"
"LSM4",3.12e-15,0.19,0.657,0.642,5.8e-11,"LSM4"
"PKN2",3.23e-15,0.124,0.876,0.873,6.01e-11,"PKN2"
"NUTF2",3.3e-15,0.214,0.524,0.5,6.14e-11,"NUTF2"
"ATP2B1",3.35e-15,0.317,0.494,0.464,6.23e-11,"ATP2B1"
"NTM",3.37e-15,-0.245,0.41,0.441,6.26e-11,"NTM"
"AGPAT5",3.48e-15,0.174,0.784,0.767,6.47e-11,"AGPAT5"
"RBM20",3.48e-15,-0.696,0.041,0.058,6.48e-11,"RBM20"
"DCUN1D5",3.53e-15,0.182,0.601,0.579,6.56e-11,"DCUN1D5"
"TCEA2",3.54e-15,0.214,0.573,0.557,6.58e-11,"TCEA2"
"XKR4",3.64e-15,0.345,0.16,0.131,6.77e-11,"XKR4"
"S100A11",3.71e-15,0.821,0.03,0.017,6.91e-11,"S100A11"
"SLCO5A1",3.74e-15,-0.245,0.409,0.446,6.95e-11,"SLCO5A1"
"EI24",3.8e-15,0.187,0.645,0.63,7.08e-11,"EI24"
"USB1",3.84e-15,0.351,0.209,0.177,7.14e-11,"USB1"
"CRACD",3.84e-15,0.142,0.95,0.936,7.14e-11,"CRACD"
"ATP5F1D",3.85e-15,0.169,0.756,0.749,7.16e-11,"ATP5F1D"
"BRS3",3.85e-15,2.017,0.012,0.005,7.16e-11,"BRS3"
"FBXO22",3.9e-15,0.187,0.479,0.448,7.26e-11,"FBXO22"
"C1orf43",3.91e-15,0.205,0.609,0.591,7.27e-11,"C1orf43"
"GDAP1",3.96e-15,0.205,0.748,0.723,7.37e-11,"GDAP1"
"MAML3",4.04e-15,-0.31,0.46,0.496,7.51e-11,"MAML3"
"NR3C1",4.37e-15,0.358,0.352,0.319,8.12e-11,"NR3C1"
"REV3L",4.72e-15,0.164,0.903,0.896,8.78e-11,"REV3L"
"NDUFS6",4.88e-15,0.192,0.75,0.75,9.09e-11,"NDUFS6"
"TPGS1",5.08e-15,0.326,0.236,0.204,9.45e-11,"TPGS1"
"DDT",5.42e-15,0.16,0.748,0.739,1.01e-10,"DDT"
"PKIG",5.44e-15,0.209,0.453,0.422,1.01e-10,"PKIG"
"ACIN1",5.52e-15,0.149,0.7,0.683,1.03e-10,"ACIN1"
"RBBP7",5.53e-15,0.144,0.771,0.758,1.03e-10,"RBBP7"
"LAMP2",5.94e-15,0.323,0.5,0.478,1.11e-10,"LAMP2"
"CDC34",5.96e-15,0.274,0.393,0.362,1.11e-10,"CDC34"
"ATF6",5.97e-15,0.146,0.632,0.604,1.11e-10,"ATF6"
"SQSTM1",5.99e-15,0.32,0.515,0.491,1.12e-10,"SQSTM1"
"METRNL",6.22e-15,0.45,0.13,0.104,1.16e-10,"METRNL"
"NME1",6.36e-15,0.256,0.556,0.538,1.18e-10,"NME1"
"TMBIM6",6.38e-15,0.198,0.838,0.839,1.19e-10,"TMBIM6"
"HSD17B12",6.61e-15,0.233,0.488,0.461,1.23e-10,"HSD17B12"
"HIGD1A",6.77e-15,0.247,0.541,0.522,1.26e-10,"HIGD1A"
"FBXL17",7.17e-15,0.147,0.743,0.717,1.33e-10,"FBXL17"
"CSDE1",7.49e-15,0.11,0.919,0.915,1.39e-10,"CSDE1"
"BUD31",7.67e-15,0.177,0.584,0.561,1.43e-10,"BUD31"
"KLC1",7.94e-15,0.109,0.856,0.844,1.48e-10,"KLC1"
"ELF1",8.61e-15,0.261,0.35,0.316,1.6e-10,"ELF1"
"UBE2N",8.82e-15,0.125,0.784,0.772,1.64e-10,"UBE2N"
"BMPR1A",9.36e-15,0.159,0.816,0.806,1.74e-10,"BMPR1A"
"CIAO2A",9.43e-15,0.207,0.416,0.381,1.76e-10,"CIAO2A"
"MEF2C",9.69e-15,0.152,0.546,0.518,1.8e-10,"MEF2C"
"PSAP",1.01e-14,0.222,0.672,0.659,1.88e-10,"PSAP"
"SPECC1",1.02e-14,0.172,0.765,0.753,1.9e-10,"SPECC1"
"WIPI1",1.03e-14,0.392,0.094,0.071,1.92e-10,"WIPI1"
"LMNA",1.04e-14,0.201,0.564,0.54,1.93e-10,"LMNA"
"DCTN1",1.05e-14,0.235,0.403,0.369,1.95e-10,"DCTN1"
"PDE4B",1.06e-14,0.473,0.454,0.428,1.98e-10,"PDE4B"
"LRPAP1",1.08e-14,0.248,0.405,0.375,2e-10,"LRPAP1"
"PCM1",1.09e-14,0.1,0.924,0.918,2.04e-10,"PCM1"
"TIAM1",1.12e-14,0.347,0.687,0.668,2.08e-10,"TIAM1"
"VPS41",1.12e-14,0.165,0.622,0.6,2.08e-10,"VPS41"
"PHF21A",1.14e-14,0.133,0.891,0.878,2.11e-10,"PHF21A"
"TIGAR",1.16e-14,0.219,0.377,0.344,2.16e-10,"TIGAR"
"METAP2",1.2e-14,0.164,0.734,0.73,2.23e-10,"METAP2"
"GRIK3",1.29e-14,0.212,0.394,0.357,2.39e-10,"GRIK3"
"FBXW11",1.29e-14,0.134,0.792,0.776,2.41e-10,"FBXW11"
"SLC10A4",1.43e-14,-0.266,0.141,0.171,2.66e-10,"SLC10A4"
"ST8SIA5",1.44e-14,-0.136,0.48,0.518,2.68e-10,"ST8SIA5"
"GPX1",1.45e-14,0.238,0.608,0.593,2.7e-10,"GPX1"
"UNC80",1.51e-14,0.278,0.267,0.234,2.81e-10,"UNC80"
"PROX1",1.54e-14,0.218,0.464,0.428,2.86e-10,"PROX1"
"ZNF436",1.6e-14,0.446,0.176,0.148,2.99e-10,"ZNF436"
"SERPINH1",1.61e-14,0.406,0.19,0.162,3e-10,"SERPINH1"
"OSBPL8",1.66e-14,0.109,0.934,0.927,3.09e-10,"OSBPL8"
"SATB1",1.69e-14,0.295,0.297,0.263,3.14e-10,"SATB1"
"EIF3F",1.7e-14,0.136,0.878,0.878,3.16e-10,"EIF3F"
"THOC2",1.85e-14,0.145,0.807,0.797,3.44e-10,"THOC2"
"BAALC",1.89e-14,0.25,0.277,0.244,3.52e-10,"BAALC"
"GFAP",1.9e-14,0.478,0.181,0.153,3.54e-10,"GFAP"
"ADGRG6",1.98e-14,0.811,0.041,0.026,3.68e-10,"ADGRG6"
"HAGH",2e-14,0.207,0.586,0.565,3.73e-10,"HAGH"
"ELOVL1",2.1e-14,0.555,0.113,0.089,3.91e-10,"ELOVL1"
"PSMA1",2.23e-14,0.158,0.73,0.72,4.15e-10,"PSMA1"
"ADAMTS3",2.27e-14,0.729,0.222,0.193,4.23e-10,"ADAMTS3"
"PDIA3",2.29e-14,0.179,0.718,0.707,4.26e-10,"PDIA3"
"SLC38A1",2.3e-14,0.16,0.285,0.249,4.27e-10,"SLC38A1"
"KCTD13",2.49e-14,0.332,0.373,0.341,4.64e-10,"KCTD13"
"TOMM6",2.5e-14,0.443,0.119,0.095,4.65e-10,"TOMM6"
"UBE2V1",2.51e-14,0.37,0.115,0.091,4.68e-10,"UBE2V1"
"CAPS2",2.54e-14,0.403,0.255,0.223,4.73e-10,"CAPS2"
"USF2",2.62e-14,0.237,0.454,0.427,4.87e-10,"USF2"
"ZKSCAN1",2.65e-14,0.141,0.749,0.74,4.93e-10,"ZKSCAN1"
"PSMD11",2.66e-14,0.14,0.733,0.718,4.95e-10,"PSMD11"
"PAPPA",2.73e-14,0.907,0.057,0.04,5.08e-10,"PAPPA"
"NBDY",2.77e-14,0.156,0.697,0.684,5.15e-10,"NBDY"
"ENSG00000279099",2.92e-14,0.895,0.057,0.04,5.44e-10,"ENSG00000279099"
"PARK7",2.96e-14,0.156,0.893,0.898,5.51e-10,"PARK7"
"SHC3",3.06e-14,0.355,0.275,0.243,5.69e-10,"SHC3"
"TDG",3.07e-14,0.184,0.555,0.526,5.71e-10,"TDG"
"VIM",3.15e-14,0.807,0.586,0.566,5.86e-10,"VIM"
"MBNL1",3.22e-14,0.152,0.637,0.616,6e-10,"MBNL1"
"PSMD2",3.23e-14,0.155,0.686,0.673,6.01e-10,"PSMD2"
"YAF2",3.27e-14,0.136,0.751,0.731,6.09e-10,"YAF2"
"SLC16A9",3.28e-14,0.413,0.219,0.189,6.11e-10,"SLC16A9"
"PCSK2",3.35e-14,-0.483,0.05,0.069,6.23e-10,"PCSK2"
"MYRFL",3.41e-14,0.647,0.098,0.077,6.34e-10,"MYRFL"
"TSPAN14",3.43e-14,0.16,0.563,0.531,6.39e-10,"TSPAN14"
"NHP2",3.49e-14,0.209,0.592,0.577,6.49e-10,"NHP2"
"CANX",3.55e-14,0.217,0.755,0.749,6.6e-10,"CANX"
"PDCD4",3.57e-14,0.224,0.457,0.425,6.64e-10,"PDCD4"
"ITGA2",3.63e-14,0.292,0.148,0.121,6.76e-10,"ITGA2"
"TAC3",3.7e-14,0.51,0.233,0.205,6.89e-10,"TAC3"
"BROX",3.72e-14,0.233,0.434,0.402,6.92e-10,"BROX"
"FLNA",3.92e-14,0.36,0.418,0.398,7.29e-10,"FLNA"
"MMP28",4e-14,-0.628,0.053,0.072,7.44e-10,"MMP28"
"CLSTN2",4.03e-14,0.748,0.141,0.115,7.5e-10,"CLSTN2"
"GABRB3",4.06e-14,0.169,0.419,0.382,7.56e-10,"GABRB3"
"DNAAF2",4.15e-14,0.25,0.385,0.353,7.73e-10,"DNAAF2"
"TLE5",4.25e-14,0.181,0.807,0.783,7.9e-10,"TLE5"
"KHDRBS3",4.27e-14,0.636,0.177,0.15,7.95e-10,"KHDRBS3"
"SPTBN1",4.31e-14,0.125,0.842,0.83,8.03e-10,"SPTBN1"
"SPOCK2",4.35e-14,0.511,0.078,0.058,8.09e-10,"SPOCK2"
"PRDX1",4.41e-14,0.197,0.828,0.825,8.2e-10,"PRDX1"
"PACC1",4.62e-14,0.288,0.366,0.335,8.61e-10,"PACC1"
"ANKRD17",4.69e-14,0.11,0.92,0.921,8.72e-10,"ANKRD17"
"STAT1",4.99e-14,0.234,0.554,0.531,9.29e-10,"STAT1"
"DOCK4",5.02e-14,0.136,0.685,0.657,9.34e-10,"DOCK4"
"TP53BP1",5.32e-14,0.133,0.727,0.708,9.9e-10,"TP53BP1"
"DIRAS3",5.38e-14,1.631,0.033,0.02,1e-09,"DIRAS3"
"DGKH",5.39e-14,0.275,0.362,0.329,1e-09,"DGKH"
"GSN",5.41e-14,0.461,0.143,0.118,1.01e-09,"GSN"
"NARS1",5.92e-14,0.241,0.505,0.485,1.1e-09,"NARS1"
"COA4",6.01e-14,0.243,0.516,0.497,1.12e-09,"COA4"
"ATRNL1",6.08e-14,0.203,0.734,0.705,1.13e-09,"ATRNL1"
"PEPD",6.14e-14,0.331,0.377,0.352,1.14e-09,"PEPD"
"ITPR2",6.42e-14,0.549,0.253,0.224,1.2e-09,"ITPR2"
"SPCS3",6.44e-14,0.227,0.461,0.436,1.2e-09,"SPCS3"
"TJP1",6.45e-14,0.156,0.644,0.629,1.2e-09,"TJP1"
"PHLDA1",6.73e-14,0.3,0.304,0.273,1.25e-09,"PHLDA1"
"GABRB1",7.02e-14,-0.213,0.084,0.108,1.31e-09,"GABRB1"
"CHD3",7.28e-14,0.216,0.641,0.618,1.35e-09,"CHD3"
"ARHGEF28",7.41e-14,-0.314,0.189,0.218,1.38e-09,"ARHGEF28"
"TPP1",7.77e-14,0.362,0.191,0.163,1.45e-09,"TPP1"
"STAT3",7.82e-14,0.157,0.639,0.614,1.45e-09,"STAT3"
"TAGLN3",7.88e-14,0.197,0.662,0.629,1.47e-09,"TAGLN3"
"COL4A2",7.93e-14,0.366,0.419,0.396,1.48e-09,"COL4A2"
"EIF3J",8.14e-14,0.2,0.601,0.585,1.52e-09,"EIF3J"
"EML5",8.3e-14,0.397,0.133,0.108,1.54e-09,"EML5"
"SYAP1",8.46e-14,0.172,0.643,0.628,1.57e-09,"SYAP1"
"HCN1",8.49e-14,0.631,0.06,0.042,1.58e-09,"HCN1"
"SEC14L1",8.63e-14,0.17,0.61,0.592,1.61e-09,"SEC14L1"
"DOCK1",8.99e-14,0.248,0.394,0.365,1.67e-09,"DOCK1"
"EMC7",9.06e-14,0.214,0.512,0.487,1.69e-09,"EMC7"
"RHOC",9.18e-14,0.383,0.341,0.314,1.71e-09,"RHOC"
"CORO1B",9.18e-14,0.352,0.206,0.177,1.71e-09,"CORO1B"
"MAP1A",9.38e-14,0.248,0.445,0.417,1.75e-09,"MAP1A"
"TNPO1",9.48e-14,0.113,0.857,0.849,1.77e-09,"TNPO1"
"MED13L",9.8e-14,0.112,0.938,0.935,1.82e-09,"MED13L"
"PRPF6",1.01e-13,0.153,0.585,0.555,1.88e-09,"PRPF6"
"UVRAG",1.03e-13,0.147,0.69,0.67,1.92e-09,"UVRAG"
"XPC",1.04e-13,0.266,0.378,0.346,1.93e-09,"XPC"
"NDUFS1",1.07e-13,0.141,0.696,0.682,1.98e-09,"NDUFS1"
"ATAD2B",1.09e-13,0.162,0.792,0.777,2.04e-09,"ATAD2B"
"H2AW",1.14e-13,0.268,0.33,0.299,2.12e-09,"H2AW"
"SMIM11",1.16e-13,0.26,0.319,0.287,2.16e-09,"SMIM11"
"LYST",1.16e-13,0.356,0.469,0.444,2.16e-09,"LYST"
"PHLDA2",1.18e-13,0.973,0.019,0.009,2.19e-09,"PHLDA2"
"NDUFS5",1.19e-13,0.158,0.9,0.905,2.21e-09,"NDUFS5"
"RNF145",1.19e-13,0.162,0.604,0.584,2.22e-09,"RNF145"
"NPDC1",1.24e-13,0.228,0.493,0.469,2.31e-09,"NPDC1"
"VEZF1",1.33e-13,0.15,0.71,0.693,2.48e-09,"VEZF1"
"VAPA",1.34e-13,0.113,0.861,0.863,2.49e-09,"VAPA"
"SSU72",1.38e-13,0.204,0.596,0.581,2.56e-09,"SSU72"
"CYRIA",1.38e-13,0.443,0.177,0.151,2.57e-09,"CYRIA"
"DTD1",1.39e-13,0.135,0.827,0.815,2.58e-09,"DTD1"
"SENP6",1.39e-13,0.105,0.891,0.887,2.59e-09,"SENP6"
"AURKAIP1",1.42e-13,0.19,0.613,0.603,2.64e-09,"AURKAIP1"
"SNRNP25",1.42e-13,0.236,0.451,0.422,2.65e-09,"SNRNP25"
"RRM2B",1.45e-13,0.33,0.258,0.228,2.69e-09,"RRM2B"
"CRK",1.47e-13,0.177,0.563,0.54,2.73e-09,"CRK"
"C6orf226",1.54e-13,0.312,0.218,0.188,2.86e-09,"C6orf226"
"ATP1B1",1.56e-13,-0.186,0.657,0.689,2.9e-09,"ATP1B1"
"TCAF1",1.59e-13,0.152,0.788,0.77,2.96e-09,"TCAF1"
"CCN3",1.59e-13,0.963,0.029,0.017,2.96e-09,"CCN3"
"NCAM2",1.62e-13,0.354,0.428,0.393,3.02e-09,"NCAM2"
"GPBP1L1",1.68e-13,0.174,0.575,0.55,3.13e-09,"GPBP1L1"
"EEPD1",1.69e-13,-0.38,0.3,0.33,3.14e-09,"EEPD1"
"BCL11A",1.69e-13,-0.193,0.588,0.618,3.15e-09,"BCL11A"
"PTPN11",1.74e-13,0.155,0.635,0.61,3.25e-09,"PTPN11"
"ACO1",1.75e-13,0.22,0.396,0.364,3.25e-09,"ACO1"
"LSM1",1.77e-13,0.223,0.554,0.534,3.3e-09,"LSM1"
"FDXR",1.79e-13,0.391,0.099,0.078,3.33e-09,"FDXR"
"AVEN",1.81e-13,0.256,0.232,0.2,3.38e-09,"AVEN"
"IP6K2",1.82e-13,0.113,0.78,0.767,3.39e-09,"IP6K2"
"SRP19",1.83e-13,0.142,0.678,0.665,3.41e-09,"SRP19"
"RPL15",1.84e-13,0.115,0.991,0.991,3.42e-09,"RPL15"
"THSD7A",1.86e-13,-0.155,0.248,0.281,3.46e-09,"THSD7A"
"CLTC",1.87e-13,0.174,0.777,0.78,3.48e-09,"CLTC"
"VMA21",1.87e-13,0.187,0.569,0.548,3.49e-09,"VMA21"
"HDGFL2",1.9e-13,0.177,0.61,0.595,3.53e-09,"HDGFL2"
"SCN7A",1.93e-13,0.872,0.016,0.008,3.6e-09,"SCN7A"
"DECR1",1.97e-13,0.207,0.578,0.558,3.67e-09,"DECR1"
"SYT6",2.04e-13,0.942,0.032,0.02,3.79e-09,"SYT6"
"HDLBP",2.06e-13,0.176,0.639,0.625,3.84e-09,"HDLBP"
"DESI1",2.06e-13,0.295,0.263,0.233,3.84e-09,"DESI1"
"RFTN2",2.07e-13,0.193,0.64,0.612,3.85e-09,"RFTN2"
"ATP6V1G2",2.09e-13,0.283,0.299,0.268,3.88e-09,"ATP6V1G2"
"SAFB",2.14e-13,0.15,0.693,0.676,3.99e-09,"SAFB"
"FLYWCH2",2.15e-13,0.23,0.52,0.499,4.01e-09,"FLYWCH2"
"SLCO4C1",2.16e-13,0.843,0.048,0.033,4.03e-09,"SLCO4C1"
"GSPT2",2.3e-13,0.244,0.351,0.32,4.28e-09,"GSPT2"
"BCL2L12",2.32e-13,0.444,0.107,0.085,4.32e-09,"BCL2L12"
"DLGAP2",2.35e-13,-0.568,0.055,0.074,4.37e-09,"DLGAP2"
"RNPS1",2.52e-13,0.134,0.672,0.654,4.69e-09,"RNPS1"
"CYFIP1",2.58e-13,0.173,0.569,0.547,4.8e-09,"CYFIP1"
"ZNRF3",2.71e-13,0.3,0.445,0.421,5.05e-09,"ZNRF3"
"RGL1",2.75e-13,0.208,0.579,0.554,5.11e-09,"RGL1"
"TMSB10",2.75e-13,0.109,0.993,0.989,5.13e-09,"TMSB10"
"CSNK2B",2.83e-13,0.137,0.765,0.76,5.27e-09,"CSNK2B"
"LARP6",2.9e-13,0.306,0.219,0.189,5.4e-09,"LARP6"
"DNAJB11",2.93e-13,0.247,0.427,0.398,5.45e-09,"DNAJB11"
"RASL10A",2.99e-13,-1.004,0.012,0.022,5.57e-09,"RASL10A"
"ENDOD1",3.14e-13,0.454,0.087,0.067,5.85e-09,"ENDOD1"
"FSTL4",3.33e-13,-0.616,0.046,0.064,6.2e-09,"FSTL4"
"LSM2",3.43e-13,0.163,0.658,0.651,6.39e-09,"LSM2"
"EXOC4",3.44e-13,0.122,0.924,0.918,6.4e-09,"EXOC4"
"LAMC1",3.45e-13,0.317,0.308,0.278,6.43e-09,"LAMC1"
"BRINP3",3.58e-13,0.445,0.361,0.333,6.67e-09,"BRINP3"
"CHRDL1",3.76e-13,-0.187,0.224,0.256,6.99e-09,"CHRDL1"
"CLIC1",3.84e-13,0.256,0.545,0.532,7.14e-09,"CLIC1"
"CNKSR3",3.86e-13,0.339,0.178,0.15,7.18e-09,"CNKSR3"
"RND2",3.91e-13,0.369,0.172,0.146,7.29e-09,"RND2"
"SYNC",4.13e-13,0.218,0.451,0.421,7.68e-09,"SYNC"
"VCL",4.2e-13,0.352,0.519,0.5,7.81e-09,"VCL"
"FAM133B",4.2e-13,0.127,0.728,0.715,7.82e-09,"FAM133B"
"PCNP",4.2e-13,0.136,0.753,0.744,7.82e-09,"PCNP"
"RSF1",4.26e-13,0.105,0.952,0.95,7.93e-09,"RSF1"
"RBIS",4.43e-13,0.178,0.661,0.651,8.25e-09,"RBIS"
"SORBS2",4.54e-13,0.177,0.491,0.455,8.44e-09,"SORBS2"
"NOVA1",4.55e-13,0.53,0.783,0.786,8.46e-09,"NOVA1"
"LEF1",4.68e-13,0.445,0.122,0.098,8.7e-09,"LEF1"
"ECI2",4.78e-13,0.406,0.557,0.541,8.91e-09,"ECI2"
"AKAP13",4.87e-13,0.196,0.59,0.578,9.06e-09,"AKAP13"
"METRN",4.89e-13,0.2,0.404,0.37,9.09e-09,"METRN"
"HDGF",4.89e-13,0.157,0.59,0.572,9.1e-09,"HDGF"
"EHMT1",5.13e-13,0.104,0.868,0.855,9.55e-09,"EHMT1"
"YWHAZ",5.21e-13,0.102,0.956,0.956,9.7e-09,"YWHAZ"
"TLK1",5.28e-13,0.129,0.747,0.738,9.83e-09,"TLK1"
"NF1",5.29e-13,0.108,0.941,0.937,9.85e-09,"NF1"
"IGSF21",5.31e-13,1.178,0.019,0.01,9.89e-09,"IGSF21"
"EMC6",5.36e-13,0.217,0.543,0.526,9.97e-09,"EMC6"
"TTC39C",5.84e-13,0.167,0.299,0.265,1.09e-08,"TTC39C"
"MACROH2A1",6.09e-13,0.102,0.875,0.873,1.13e-08,"MACROH2A1"
"SOX11",6.13e-13,0.135,0.971,0.958,1.14e-08,"SOX11"
"TULP4",6.26e-13,0.124,0.903,0.892,1.16e-08,"TULP4"
"PLXNB2",6.52e-13,0.289,0.249,0.22,1.21e-08,"PLXNB2"
"SMG6",6.59e-13,0.129,0.718,0.7,1.23e-08,"SMG6"
"HIF3A",6.66e-13,-0.335,0.092,0.115,1.24e-08,"HIF3A"
"MRPS11",7.01e-13,0.226,0.371,0.341,1.31e-08,"MRPS11"
"IGSF1",7.03e-13,0.186,0.426,0.389,1.31e-08,"IGSF1"
"CD59",7.08e-13,0.269,0.454,0.432,1.32e-08,"CD59"
"HMG20B",7.46e-13,0.237,0.356,0.326,1.39e-08,"HMG20B"
"RAB10",7.48e-13,0.109,0.886,0.885,1.39e-08,"RAB10"
"ZBTB8OS",7.68e-13,0.173,0.514,0.488,1.43e-08,"ZBTB8OS"
"IGFBP5",7.86e-13,-0.547,0.264,0.294,1.46e-08,"IGFBP5"
"TMBIM4",7.91e-13,0.194,0.552,0.533,1.47e-08,"TMBIM4"
"GTF3A",8e-13,0.161,0.584,0.566,1.49e-08,"GTF3A"
"PRMT1",8.1e-13,0.125,0.813,0.81,1.51e-08,"PRMT1"
"NDUFV3",8.27e-13,0.21,0.522,0.498,1.54e-08,"NDUFV3"
"KIF26B",8.28e-13,0.35,0.323,0.293,1.54e-08,"KIF26B"
"TLE1",8.39e-13,0.178,0.65,0.629,1.56e-08,"TLE1"
"RBM41",8.4e-13,0.17,0.701,0.688,1.56e-08,"RBM41"
"ZNF277",8.84e-13,0.177,0.451,0.42,1.65e-08,"ZNF277"
"TSC22D1",8.95e-13,0.123,0.94,0.932,1.67e-08,"TSC22D1"
"ANKRD10",9.09e-13,0.123,0.822,0.816,1.69e-08,"ANKRD10"
"SLC38A7",9.31e-13,0.363,0.119,0.096,1.73e-08,"SLC38A7"
"ARNTL",9.44e-13,0.352,0.214,0.187,1.76e-08,"ARNTL"
"GPATCH2L",1.01e-12,0.148,0.72,0.707,1.88e-08,"GPATCH2L"
"EPS8",1.02e-12,0.193,0.621,0.603,1.9e-08,"EPS8"
"SPTAN1",1.06e-12,0.112,0.802,0.791,1.97e-08,"SPTAN1"
"SATB2",1.12e-12,0.149,0.146,0.121,2.08e-08,"SATB2"
"ZNHIT1",1.14e-12,0.21,0.587,0.57,2.13e-08,"ZNHIT1"
"SRP9",1.15e-12,0.119,0.947,0.945,2.14e-08,"SRP9"
"PNMA8A",1.19e-12,0.387,0.159,0.133,2.22e-08,"PNMA8A"
"TRAPPC5",1.2e-12,0.213,0.508,0.49,2.23e-08,"TRAPPC5"
"PAWR",1.2e-12,0.225,0.335,0.304,2.24e-08,"PAWR"
"CX3CL1",1.22e-12,0.556,0.055,0.039,2.26e-08,"CX3CL1"
"PRDX3",1.22e-12,0.171,0.641,0.629,2.27e-08,"PRDX3"
"NELL2",1.22e-12,-0.315,0.122,0.147,2.27e-08,"NELL2"
"NDRG1",1.22e-12,-0.748,0.022,0.034,2.28e-08,"NDRG1"
"RB1",1.23e-12,0.132,0.744,0.732,2.29e-08,"RB1"
"LANCL1",1.24e-12,0.222,0.569,0.542,2.3e-08,"LANCL1"
"WTIP",1.25e-12,0.43,0.094,0.073,2.33e-08,"WTIP"
"DHX36",1.28e-12,0.119,0.844,0.831,2.38e-08,"DHX36"
"ANAPC5",1.29e-12,0.163,0.611,0.591,2.4e-08,"ANAPC5"
"FHL3",1.3e-12,0.42,0.07,0.052,2.41e-08,"FHL3"
"RAB5C",1.34e-12,0.176,0.658,0.647,2.5e-08,"RAB5C"
"PPP1R14C",1.35e-12,0.438,0.032,0.02,2.51e-08,"PPP1R14C"
"OLFM2",1.42e-12,0.267,0.631,0.605,2.64e-08,"OLFM2"
"COL14A1",1.42e-12,1.105,0.024,0.014,2.65e-08,"COL14A1"
"GTF2A2",1.43e-12,0.123,0.824,0.822,2.65e-08,"GTF2A2"
"TSPAN3",1.45e-12,0.159,0.78,0.773,2.7e-08,"TSPAN3"
"NRIP3",1.46e-12,-0.337,0.142,0.167,2.72e-08,"NRIP3"
"LMBRD1",1.47e-12,0.194,0.551,0.523,2.74e-08,"LMBRD1"
"TMEM263",1.49e-12,0.22,0.464,0.439,2.77e-08,"TMEM263"
"COX17",1.49e-12,0.223,0.451,0.425,2.77e-08,"COX17"
"C7orf50",1.55e-12,0.19,0.575,0.562,2.88e-08,"C7orf50"
"TPM1",1.55e-12,0.217,0.494,0.468,2.89e-08,"TPM1"
"DHX32",1.64e-12,0.211,0.367,0.337,3.06e-08,"DHX32"
"STRADB",1.7e-12,0.224,0.351,0.321,3.16e-08,"STRADB"
"RPL22L1",1.73e-12,0.406,0.295,0.267,3.23e-08,"RPL22L1"
"FAM169A",1.74e-12,0.188,0.294,0.261,3.24e-08,"FAM169A"
"GPNMB",1.78e-12,1.038,0.024,0.014,3.31e-08,"GPNMB"
"MNAT1",1.8e-12,0.116,0.88,0.874,3.36e-08,"MNAT1"
"CXXC5",1.84e-12,0.305,0.558,0.548,3.43e-08,"CXXC5"
"FRYL",1.87e-12,0.107,0.91,0.902,3.48e-08,"FRYL"
"MT1M",1.91e-12,-1.156,0.011,0.021,3.55e-08,"MT1M"
"DDX3X",1.94e-12,0.12,0.86,0.861,3.61e-08,"DDX3X"
"UBTD1",1.95e-12,0.383,0.097,0.076,3.62e-08,"UBTD1"
"NGRN",1.96e-12,0.153,0.776,0.771,3.64e-08,"NGRN"
"RNF128",2.01e-12,1.243,0.017,0.008,3.74e-08,"RNF128"
"LGR4",2.04e-12,0.373,0.213,0.185,3.79e-08,"LGR4"
"ATP2B2",2.19e-12,-0.252,0.131,0.157,4.08e-08,"ATP2B2"
"MTLN",2.33e-12,0.3,0.18,0.153,4.34e-08,"MTLN"
"P2RY1",2.33e-12,0.657,0.044,0.03,4.35e-08,"P2RY1"
"CERS1",2.47e-12,0.318,0.19,0.163,4.59e-08,"CERS1"
"R3HDM2",2.55e-12,0.102,0.849,0.842,4.75e-08,"R3HDM2"
"MAEL",2.58e-12,0.558,0.048,0.033,4.81e-08,"MAEL"
"RAB14",2.6e-12,0.158,0.775,0.77,4.85e-08,"RAB14"
"ACTN4",2.71e-12,0.212,0.538,0.518,5.05e-08,"ACTN4"
"PALLD",2.71e-12,0.193,0.805,0.801,5.05e-08,"PALLD"
"PKD2",2.73e-12,0.145,0.719,0.702,5.09e-08,"PKD2"
"SOCS4",2.8e-12,0.192,0.435,0.405,5.21e-08,"SOCS4"
"PSD2",2.88e-12,-0.436,0.062,0.081,5.36e-08,"PSD2"
"RLF",2.95e-12,-0.145,0.69,0.722,5.49e-08,"RLF"
"PRKAR1A",3.05e-12,0.193,0.599,0.585,5.67e-08,"PRKAR1A"
"AKAP6",3.05e-12,0.134,0.816,0.8,5.68e-08,"AKAP6"
"FAM135B",3.14e-12,-0.914,0.044,0.06,5.84e-08,"FAM135B"
"SNRPD3",3.24e-12,0.152,0.704,0.694,6.03e-08,"SNRPD3"
"ATE1",3.27e-12,0.15,0.684,0.67,6.09e-08,"ATE1"
"REPS2",3.28e-12,0.386,0.214,0.187,6.1e-08,"REPS2"
"GPR137C",3.33e-12,0.19,0.64,0.612,6.2e-08,"GPR137C"
"CLDND1",3.47e-12,0.198,0.526,0.502,6.46e-08,"CLDND1"
"DYNC1I1",3.76e-12,-0.246,0.23,0.261,6.99e-08,"DYNC1I1"
"TMEM160",3.84e-12,0.202,0.537,0.515,7.14e-08,"TMEM160"
"ANTKMT",3.86e-12,0.28,0.293,0.265,7.18e-08,"ANTKMT"
"ERBIN",3.91e-12,0.13,0.864,0.856,7.28e-08,"ERBIN"
"GPD1",4.07e-12,0.537,0.138,0.116,7.58e-08,"GPD1"
"SEZ6L2",4.07e-12,0.287,0.29,0.261,7.58e-08,"SEZ6L2"
"MRPS7",4.16e-12,0.193,0.459,0.435,7.75e-08,"MRPS7"
"NCKAP5",4.24e-12,0.614,0.289,0.261,7.89e-08,"NCKAP5"
"CSTPP1",4.29e-12,0.115,0.798,0.786,7.98e-08,"CSTPP1"
"TMEM134",4.34e-12,0.3,0.273,0.245,8.09e-08,"TMEM134"
"HOPX",4.59e-12,0.426,0.252,0.224,8.55e-08,"HOPX"
"CDK4",4.64e-12,0.196,0.579,0.565,8.63e-08,"CDK4"
"FLRT3",4.69e-12,0.58,0.082,0.064,8.72e-08,"FLRT3"
"SMARCC1",4.96e-12,0.102,0.938,0.933,9.24e-08,"SMARCC1"
"GLRX5",4.98e-12,0.149,0.658,0.645,9.27e-08,"GLRX5"
"SSR2",5.05e-12,0.129,0.811,0.801,9.4e-08,"SSR2"
"LSM10",5.14e-12,0.268,0.359,0.333,9.57e-08,"LSM10"
"LNPK",5.25e-12,-0.111,0.683,0.711,9.78e-08,"LNPK"
"RTF1",5.26e-12,0.108,0.851,0.841,9.79e-08,"RTF1"
"HSPA5",5.36e-12,0.347,0.575,0.561,9.97e-08,"HSPA5"
"PHTF1",5.59e-12,0.172,0.55,0.527,1.04e-07,"PHTF1"
"HACD3",5.62e-12,0.103,0.838,0.832,1.05e-07,"HACD3"
"ARID2",5.75e-12,0.108,0.871,0.862,1.07e-07,"ARID2"
"HNRNPF",5.77e-12,0.153,0.756,0.75,1.07e-07,"HNRNPF"
"BMERB1",6.04e-12,0.115,0.848,0.835,1.12e-07,"BMERB1"
"RPE65",6.1e-12,0.603,0.121,0.1,1.14e-07,"RPE65"
"HEXB",6.19e-12,0.269,0.197,0.17,1.15e-07,"HEXB"
"SPATS2L",6.3e-12,0.232,0.496,0.474,1.17e-07,"SPATS2L"
"STK32A",6.35e-12,0.421,0.121,0.099,1.18e-07,"STK32A"
"WIPI2",6.36e-12,0.17,0.528,0.504,1.18e-07,"WIPI2"
"ADAM10",6.48e-12,0.119,0.74,0.717,1.21e-07,"ADAM10"
"ENHO",6.63e-12,0.25,0.308,0.278,1.23e-07,"ENHO"
"HS2ST1",6.66e-12,0.159,0.645,0.624,1.24e-07,"HS2ST1"
"PSMD10",6.73e-12,0.179,0.577,0.557,1.25e-07,"PSMD10"
"ST3GAL1",6.88e-12,-0.338,0.117,0.141,1.28e-07,"ST3GAL1"
"SELENON",7.01e-12,0.302,0.244,0.218,1.3e-07,"SELENON"
"LRP1",7.16e-12,0.205,0.484,0.46,1.33e-07,"LRP1"
"EPN2",7.23e-12,0.167,0.732,0.716,1.34e-07,"EPN2"
"RAB18",7.31e-12,0.134,0.738,0.728,1.36e-07,"RAB18"
"DNAH11",7.54e-12,-0.168,0.169,0.198,1.4e-07,"DNAH11"
"STC1",7.55e-12,-0.32,0.082,0.102,1.41e-07,"STC1"
"ATP6AP2",7.59e-12,0.154,0.783,0.776,1.41e-07,"ATP6AP2"
"ARF4",8.12e-12,0.128,0.798,0.795,1.51e-07,"ARF4"
"CAMLG",8.32e-12,0.128,0.768,0.758,1.55e-07,"CAMLG"
"CFLAR",8.38e-12,-0.4,0.043,0.059,1.56e-07,"CFLAR"
"HS6ST3",8.79e-12,0.841,0.027,0.016,1.64e-07,"HS6ST3"
"CDH6",8.86e-12,0.544,0.048,0.033,1.65e-07,"CDH6"
"ACADVL",8.9e-12,0.299,0.269,0.241,1.66e-07,"ACADVL"
"PLPPR2",9.06e-12,0.325,0.203,0.176,1.69e-07,"PLPPR2"
"STAG3",9.17e-12,0.266,0.349,0.32,1.71e-07,"STAG3"
"PLXNA2",9.17e-12,0.169,0.61,0.583,1.71e-07,"PLXNA2"
"ZMAT2",9.3e-12,0.157,0.621,0.602,1.73e-07,"ZMAT2"
"GALNT2",9.56e-12,0.153,0.54,0.513,1.78e-07,"GALNT2"
"SYCE1L",9.66e-12,0.437,0.087,0.068,1.8e-07,"SYCE1L"
"THRAP3",9.71e-12,0.103,0.845,0.845,1.81e-07,"THRAP3"
"RNF165",1.06e-11,-0.183,0.318,0.351,1.98e-07,"RNF165"
"COPE",1.07e-11,0.173,0.743,0.742,2e-07,"COPE"
"DDOST",1.08e-11,0.179,0.598,0.586,2.01e-07,"DDOST"
"TXN2",1.1e-11,0.225,0.455,0.43,2.05e-07,"TXN2"
"MAPK4",1.11e-11,0.3,0.407,0.379,2.07e-07,"MAPK4"
"MRPL19",1.13e-11,0.158,0.622,0.611,2.1e-07,"MRPL19"
"ATP9B",1.15e-11,0.145,0.666,0.652,2.15e-07,"ATP9B"
"SHOC2",1.16e-11,0.122,0.689,0.668,2.16e-07,"SHOC2"
"MYCBP2",1.16e-11,0.16,0.949,0.942,2.16e-07,"MYCBP2"
"VDAC2",1.2e-11,0.111,0.867,0.867,2.23e-07,"VDAC2"
"SORBS1",1.21e-11,0.184,0.673,0.659,2.25e-07,"SORBS1"
"L1CAM",1.26e-11,-0.31,0.068,0.087,2.35e-07,"L1CAM"
"SMPD3",1.28e-11,-0.186,0.168,0.197,2.38e-07,"SMPD3"
"MRPL41",1.34e-11,0.21,0.586,0.573,2.5e-07,"MRPL41"
"UBC",1.38e-11,0.113,0.981,0.979,2.57e-07,"UBC"
"BMP6",1.41e-11,-0.899,0.013,0.022,2.62e-07,"BMP6"
"TET2",1.42e-11,0.113,0.849,0.838,2.65e-07,"TET2"
"PDLIM5",1.46e-11,0.266,0.377,0.35,2.71e-07,"PDLIM5"
"FABP7",1.48e-11,0.146,0.588,0.559,2.75e-07,"FABP7"
"MRPL23",1.49e-11,0.28,0.164,0.139,2.78e-07,"MRPL23"
"USP9X",1.5e-11,0.109,0.929,0.928,2.79e-07,"USP9X"
"LRP12",1.5e-11,0.169,0.548,0.523,2.8e-07,"LRP12"
"LIN28B",1.51e-11,0.675,0.03,0.019,2.8e-07,"LIN28B"
"MPPED2",1.51e-11,-0.326,0.517,0.531,2.82e-07,"MPPED2"
"VCP",1.53e-11,0.141,0.703,0.698,2.84e-07,"VCP"
"PPP2CA",1.57e-11,0.13,0.757,0.752,2.93e-07,"PPP2CA"
"CDH11",1.58e-11,0.262,0.227,0.199,2.95e-07,"CDH11"
"DCN",1.59e-11,-0.96,0.005,0.012,2.96e-07,"DCN"
"CYB5R3",1.66e-11,0.216,0.431,0.406,3.08e-07,"CYB5R3"
"PHF3",1.7e-11,0.116,0.768,0.755,3.16e-07,"PHF3"
"TIPRL",1.76e-11,0.142,0.69,0.673,3.27e-07,"TIPRL"
"TAX1BP1",1.8e-11,0.108,0.841,0.837,3.34e-07,"TAX1BP1"
"ROCK2",1.8e-11,0.167,0.86,0.854,3.35e-07,"ROCK2"
"IPO9",1.85e-11,0.119,0.759,0.752,3.44e-07,"IPO9"
"RALYL",1.91e-11,-0.447,0.143,0.168,3.56e-07,"RALYL"
"TLN1",1.91e-11,0.169,0.559,0.538,3.56e-07,"TLN1"
"ATOH8",1.96e-11,0.512,0.074,0.057,3.65e-07,"ATOH8"
"HECTD2",2e-11,0.214,0.589,0.567,3.73e-07,"HECTD2"
"RRP36",2.06e-11,0.209,0.424,0.397,3.83e-07,"RRP36"
"BRD3",2.08e-11,0.149,0.667,0.651,3.87e-07,"BRD3"
"COX20",2.1e-11,0.122,0.777,0.768,3.9e-07,"COX20"
"SUPT6H",2.13e-11,0.19,0.436,0.407,3.96e-07,"SUPT6H"
"PAM16",2.13e-11,0.492,0.074,0.057,3.96e-07,"PAM16"
"M6PR",2.15e-11,0.236,0.366,0.338,3.99e-07,"M6PR"
"PIN4",2.15e-11,0.134,0.617,0.599,4e-07,"PIN4"
"NEO1",2.16e-11,0.139,0.608,0.586,4.03e-07,"NEO1"
"ZSWIM7",2.17e-11,0.195,0.395,0.367,4.04e-07,"ZSWIM7"
"ENPP1",2.19e-11,0.673,0.052,0.038,4.08e-07,"ENPP1"
"POLR2K",2.19e-11,0.144,0.672,0.662,4.08e-07,"POLR2K"
"DLG3",2.21e-11,0.287,0.264,0.236,4.11e-07,"DLG3"
"DPF3",2.24e-11,0.199,0.344,0.313,4.16e-07,"DPF3"
"SSB",2.26e-11,0.13,0.872,0.875,4.2e-07,"SSB"
"ATF7IP",2.26e-11,0.105,0.823,0.813,4.2e-07,"ATF7IP"
"UBE2I",2.28e-11,0.101,0.848,0.84,4.25e-07,"UBE2I"
"CAT",2.3e-11,-0.515,0.024,0.036,4.28e-07,"CAT"
"GRN",2.3e-11,0.341,0.203,0.177,4.28e-07,"GRN"
"ADIPOR1",2.34e-11,0.213,0.463,0.44,4.36e-07,"ADIPOR1"
"TRIP12",2.35e-11,0.139,0.785,0.778,4.37e-07,"TRIP12"
"MMP24OS",2.38e-11,0.233,0.337,0.308,4.43e-07,"MMP24OS"
"HYAL2",2.42e-11,0.247,0.317,0.287,4.5e-07,"HYAL2"
"HEXA",2.43e-11,0.212,0.351,0.321,4.51e-07,"HEXA"
"ZDHHC14",2.46e-11,0.268,0.283,0.254,4.58e-07,"ZDHHC14"
"TM9SF2",2.51e-11,0.18,0.616,0.6,4.67e-07,"TM9SF2"
"NKAIN2",2.56e-11,-0.516,0.063,0.081,4.77e-07,"NKAIN2"
"PID1",2.62e-11,-0.218,0.537,0.573,4.87e-07,"PID1"
"CEP162",2.64e-11,0.168,0.487,0.459,4.92e-07,"CEP162"
"NACC2",2.66e-11,0.34,0.219,0.193,4.95e-07,"NACC2"
"NKAIN4",2.69e-11,-0.321,0.178,0.204,5.01e-07,"NKAIN4"
"SH3KBP1",2.7e-11,0.193,0.379,0.348,5.03e-07,"SH3KBP1"
"FZD2",2.77e-11,-0.184,0.285,0.314,5.15e-07,"FZD2"
"YIPF6",2.82e-11,0.186,0.478,0.457,5.25e-07,"YIPF6"
"BEND4",2.83e-11,-0.68,0.016,0.026,5.27e-07,"BEND4"
"MT1E",2.9e-11,-1.445,0.039,0.053,5.41e-07,"MT1E"
"EBF1",2.95e-11,-2.702,0.005,0.011,5.48e-07,"EBF1"
"TAOK1",2.96e-11,0.103,0.918,0.916,5.5e-07,"TAOK1"
"CBARP",2.98e-11,0.389,0.136,0.114,5.55e-07,"CBARP"
"JARID2",3.08e-11,0.12,0.683,0.657,5.74e-07,"JARID2"
"ANKRD11",3.13e-11,0.105,0.835,0.833,5.82e-07,"ANKRD11"
"NFE2L2",3.15e-11,0.173,0.561,0.545,5.86e-07,"NFE2L2"
"BSDC1",3.24e-11,0.169,0.485,0.458,6.04e-07,"BSDC1"
"MAP6D1",3.25e-11,0.488,0.074,0.056,6.06e-07,"MAP6D1"
"CSNK1G3",3.29e-11,0.141,0.626,0.605,6.12e-07,"CSNK1G3"
"ZIC1",3.29e-11,0.18,0.287,0.257,6.13e-07,"ZIC1"
"DCTN3",3.32e-11,0.118,0.851,0.841,6.18e-07,"DCTN3"
"ASPHD1",3.53e-11,0.355,0.243,0.217,6.58e-07,"ASPHD1"
"HERC2",3.54e-11,0.119,0.727,0.71,6.58e-07,"HERC2"
"ETNPPL",3.63e-11,-0.945,0.007,0.014,6.75e-07,"ETNPPL"
"AP1S2",3.65e-11,0.174,0.751,0.753,6.79e-07,"AP1S2"
"PHLPP1",3.67e-11,0.126,0.843,0.828,6.82e-07,"PHLPP1"
"KCNJ3",3.71e-11,-0.424,0.089,0.11,6.9e-07,"KCNJ3"
"BCAR1",3.75e-11,0.292,0.244,0.217,6.99e-07,"BCAR1"
"MGAT4C",3.78e-11,-0.219,0.408,0.432,7.03e-07,"MGAT4C"
"PDCD6",3.86e-11,0.143,0.719,0.716,7.19e-07,"PDCD6"
"S100A13",3.91e-11,0.632,0.06,0.044,7.28e-07,"S100A13"
"HSD17B4",4.08e-11,0.189,0.505,0.484,7.6e-07,"HSD17B4"
"COPRS",4.25e-11,0.194,0.482,0.461,7.92e-07,"COPRS"
"NEXN",4.26e-11,0.272,0.213,0.187,7.92e-07,"NEXN"
"SIK3",4.34e-11,0.14,0.742,0.734,8.08e-07,"SIK3"
"CD164",4.35e-11,0.217,0.435,0.412,8.09e-07,"CD164"
"SEMA6A",4.5e-11,0.263,0.464,0.441,8.38e-07,"SEMA6A"
"DENND5B",4.54e-11,0.108,0.882,0.875,8.45e-07,"DENND5B"
"CPS1",4.56e-11,0.395,0.102,0.082,8.48e-07,"CPS1"
"XRN2",4.57e-11,0.102,0.818,0.807,8.5e-07,"XRN2"
"DCX",4.66e-11,0.221,0.872,0.873,8.68e-07,"DCX"
"TSPAN11",4.73e-11,0.238,0.27,0.241,8.8e-07,"TSPAN11"
"RAB30",4.73e-11,0.228,0.47,0.444,8.81e-07,"RAB30"
"EVI5",4.8e-11,0.159,0.611,0.592,8.93e-07,"EVI5"
"PAFAH1B2",4.93e-11,0.125,0.683,0.671,9.17e-07,"PAFAH1B2"
"WDR7",4.96e-11,0.117,0.688,0.667,9.22e-07,"WDR7"
"GPM6B",4.98e-11,0.344,0.926,0.923,9.27e-07,"GPM6B"
"FHL2",5.01e-11,0.411,0.097,0.077,9.33e-07,"FHL2"
"SPOCD1",5.01e-11,1.043,0.017,0.009,9.33e-07,"SPOCD1"
"DDX52",5.09e-11,0.179,0.606,0.589,9.48e-07,"DDX52"
"CMPK1",5.14e-11,0.111,0.766,0.758,9.56e-07,"CMPK1"
"LARS1",5.18e-11,0.146,0.715,0.712,9.64e-07,"LARS1"
"FNDC3B",5.23e-11,0.249,0.464,0.442,9.74e-07,"FNDC3B"
"ELOC",5.24e-11,0.124,0.809,0.804,9.76e-07,"ELOC"
"POLR2I",5.44e-11,0.174,0.553,0.535,1.01e-06,"POLR2I"
"ELMO1",5.44e-11,-0.473,0.244,0.27,1.01e-06,"ELMO1"
"FAM135A",5.45e-11,0.211,0.574,0.56,1.01e-06,"FAM135A"
"RO60",5.46e-11,0.103,0.823,0.817,1.02e-06,"RO60"
"CHM",5.51e-11,0.172,0.507,0.481,1.02e-06,"CHM"
"SLC25A21",5.59e-11,0.269,0.132,0.11,1.04e-06,"SLC25A21"
"TCF3",5.69e-11,0.164,0.592,0.572,1.06e-06,"TCF3"
"SYF2",5.77e-11,0.147,0.624,0.605,1.07e-06,"SYF2"
"CXXC4",5.78e-11,0.19,0.422,0.396,1.08e-06,"CXXC4"
"COPA",5.96e-11,0.139,0.686,0.677,1.11e-06,"COPA"
"NEPRO",5.96e-11,0.184,0.417,0.388,1.11e-06,"NEPRO"
"TPI1",6.12e-11,-0.215,0.717,0.742,1.14e-06,"TPI1"
"MICOS13",6.23e-11,0.257,0.389,0.368,1.16e-06,"MICOS13"
"RAB5A",6.29e-11,0.152,0.624,0.609,1.17e-06,"RAB5A"
"SETD9",6.37e-11,0.374,0.082,0.064,1.19e-06,"SETD9"
"MTAP",6.38e-11,0.15,0.562,0.538,1.19e-06,"MTAP"
"LAMA3",6.41e-11,-0.417,0.05,0.067,1.19e-06,"LAMA3"
"ATP1A1",6.45e-11,0.34,0.353,0.331,1.2e-06,"ATP1A1"
"ITGA3",6.52e-11,0.55,0.085,0.067,1.21e-06,"ITGA3"
"KCNQ3",6.53e-11,-0.127,0.184,0.212,1.22e-06,"KCNQ3"
"UPP2",6.62e-11,-0.295,0.095,0.117,1.23e-06,"UPP2"
"ACTR3",6.85e-11,0.113,0.843,0.843,1.28e-06,"ACTR3"
"GTPBP6",6.87e-11,0.28,0.25,0.223,1.28e-06,"GTPBP6"
"BRD4",6.99e-11,0.114,0.737,0.726,1.3e-06,"BRD4"
"PHF23",7.01e-11,0.236,0.278,0.249,1.3e-06,"PHF23"
"CMTM3",7.07e-11,0.285,0.21,0.184,1.32e-06,"CMTM3"
"FNDC3A",7.31e-11,0.11,0.85,0.844,1.36e-06,"FNDC3A"
"RPS6KA3",7.35e-11,0.19,0.534,0.505,1.37e-06,"RPS6KA3"
"VPS13B",7.4e-11,0.135,0.876,0.874,1.38e-06,"VPS13B"
"DTX1",7.75e-11,-0.182,0.178,0.205,1.44e-06,"DTX1"
"ENY2",7.83e-11,0.115,0.796,0.796,1.46e-06,"ENY2"
"INKA2",7.85e-11,0.273,0.281,0.253,1.46e-06,"INKA2"
"JMY",7.87e-11,0.185,0.332,0.302,1.46e-06,"JMY"
"SERPINE2",7.89e-11,0.283,0.207,0.18,1.47e-06,"SERPINE2"
"TIMM17B",7.93e-11,0.161,0.591,0.57,1.48e-06,"TIMM17B"
"TEX2",8.12e-11,0.318,0.205,0.181,1.51e-06,"TEX2"
"SMDT1",8.22e-11,0.152,0.738,0.734,1.53e-06,"SMDT1"
"NDUFB6",8.47e-11,0.165,0.624,0.611,1.58e-06,"NDUFB6"
"FOXN3",8.58e-11,0.126,0.916,0.909,1.6e-06,"FOXN3"
"RBPJ",8.71e-11,0.102,0.912,0.902,1.62e-06,"RBPJ"
"TEX9",8.88e-11,0.153,0.434,0.405,1.65e-06,"TEX9"
"DPH3",8.98e-11,0.259,0.3,0.273,1.67e-06,"DPH3"
"ARFGAP3",9.04e-11,0.146,0.623,0.606,1.68e-06,"ARFGAP3"
"VTA1",9.04e-11,0.139,0.659,0.64,1.68e-06,"VTA1"
"UBE2E2",9.13e-11,0.298,0.268,0.241,1.7e-06,"UBE2E2"
"FRMD4A",9.18e-11,0.253,0.806,0.795,1.71e-06,"FRMD4A"
"LSM14A",9.26e-11,0.118,0.834,0.833,1.72e-06,"LSM14A"
"HYOU1",9.57e-11,0.333,0.17,0.146,1.78e-06,"HYOU1"
"JAM2",9.69e-11,0.178,0.487,0.464,1.8e-06,"JAM2"
"SLC2A13",9.8e-11,0.136,0.26,0.232,1.82e-06,"SLC2A13"
"STX10",1e-10,0.225,0.376,0.35,1.87e-06,"STX10"
"TMED9",1.01e-10,0.235,0.427,0.407,1.87e-06,"TMED9"
"MICU3",1.02e-10,0.186,0.565,0.542,1.9e-06,"MICU3"
"CCDC106",1.03e-10,0.293,0.159,0.135,1.93e-06,"CCDC106"
"CD151",1.03e-10,0.289,0.342,0.318,1.93e-06,"CD151"
"CPNE1",1.07e-10,0.181,0.461,0.436,1.99e-06,"CPNE1"
"VBP1",1.08e-10,0.148,0.737,0.726,2e-06,"VBP1"
"MARCHF3",1.08e-10,0.409,0.286,0.26,2.01e-06,"MARCHF3"
"ZFP91",1.09e-10,0.146,0.585,0.565,2.02e-06,"ZFP91"
"SLCO1A2",1.09e-10,-0.329,0.042,0.056,2.03e-06,"SLCO1A2"
"MRFAP1",1.1e-10,0.136,0.802,0.8,2.04e-06,"MRFAP1"
"CCDC92",1.1e-10,0.144,0.606,0.587,2.04e-06,"CCDC92"
"FBLN1",1.11e-10,-0.148,0.333,0.365,2.06e-06,"FBLN1"
"SHB",1.15e-10,0.276,0.336,0.309,2.15e-06,"SHB"
"SCG5",1.18e-10,0.438,0.115,0.095,2.2e-06,"SCG5"
"PIK3R3",1.21e-10,0.115,0.917,0.9,2.25e-06,"PIK3R3"
"PSMD12",1.21e-10,0.143,0.67,0.659,2.25e-06,"PSMD12"
"POLR3GL",1.21e-10,0.2,0.439,0.413,2.26e-06,"POLR3GL"
"LAMP1",1.22e-10,0.232,0.488,0.47,2.28e-06,"LAMP1"
"ZSWIM5",1.23e-10,0.178,0.807,0.79,2.28e-06,"ZSWIM5"
"NIPSNAP2",1.23e-10,0.149,0.663,0.644,2.29e-06,"NIPSNAP2"
"GDI2",1.25e-10,0.132,0.712,0.708,2.33e-06,"GDI2"
"ARSB",1.25e-10,0.214,0.357,0.328,2.33e-06,"ARSB"
"CCDC50",1.31e-10,0.122,0.724,0.708,2.44e-06,"CCDC50"
"ATP5F1C",1.31e-10,0.117,0.85,0.847,2.44e-06,"ATP5F1C"
"THEM4",1.32e-10,0.31,0.139,0.117,2.46e-06,"THEM4"
"STAG2",1.34e-10,0.101,0.818,0.805,2.49e-06,"STAG2"
"PFKP",1.34e-10,-0.353,0.214,0.24,2.5e-06,"PFKP"
"ZNF726",1.35e-10,-0.283,0.139,0.163,2.52e-06,"ZNF726"
"TMEM205",1.35e-10,0.304,0.249,0.224,2.52e-06,"TMEM205"
"ARL6IP4",1.36e-10,0.171,0.596,0.58,2.52e-06,"ARL6IP4"
"NLN",1.36e-10,0.131,0.541,0.512,2.53e-06,"NLN"
"TAF13",1.37e-10,0.23,0.285,0.257,2.55e-06,"TAF13"
"PTCHD1",1.38e-10,0.353,0.179,0.155,2.58e-06,"PTCHD1"
"SPAG16",1.39e-10,0.187,0.541,0.518,2.59e-06,"SPAG16"
"HOOK3",1.4e-10,0.107,0.892,0.886,2.61e-06,"HOOK3"
"EEF1E1",1.4e-10,0.206,0.484,0.464,2.61e-06,"EEF1E1"
"RNF38",1.41e-10,0.112,0.849,0.837,2.62e-06,"RNF38"
"SLC5A9",1.43e-10,0.795,0.025,0.016,2.66e-06,"SLC5A9"
"KCNF1",1.45e-10,0.594,0.067,0.051,2.71e-06,"KCNF1"
"SMARCD1",1.46e-10,0.152,0.647,0.627,2.71e-06,"SMARCD1"
"LRFN5",1.47e-10,-0.391,0.334,0.358,2.75e-06,"LRFN5"
"SUPT5H",1.51e-10,0.159,0.497,0.472,2.81e-06,"SUPT5H"
"ZNF32",1.52e-10,0.163,0.51,0.483,2.83e-06,"ZNF32"
"ARHGAP28",1.54e-10,-0.365,0.209,0.236,2.87e-06,"ARHGAP28"
"CTDNEP1",1.57e-10,0.155,0.638,0.624,2.92e-06,"CTDNEP1"
"IL6ST",1.62e-10,0.222,0.371,0.346,3.01e-06,"IL6ST"
"TRIAP1",1.63e-10,0.263,0.286,0.261,3.03e-06,"TRIAP1"
"ASAH1",1.64e-10,0.188,0.403,0.38,3.05e-06,"ASAH1"
"YPEL3",1.66e-10,0.262,0.319,0.293,3.08e-06,"YPEL3"
"TSTD3",1.66e-10,0.184,0.345,0.316,3.1e-06,"TSTD3"
"SHISA4",1.68e-10,0.362,0.153,0.13,3.13e-06,"SHISA4"
"GGCT",1.72e-10,0.282,0.357,0.334,3.21e-06,"GGCT"
"RHOQ",1.73e-10,0.265,0.405,0.384,3.21e-06,"RHOQ"
"RTRAF",1.74e-10,0.137,0.821,0.826,3.24e-06,"RTRAF"
"NELFCD",1.75e-10,0.181,0.491,0.47,3.26e-06,"NELFCD"
"LAMTOR4",1.76e-10,0.217,0.572,0.561,3.27e-06,"LAMTOR4"
"GNG7",1.78e-10,0.279,0.276,0.248,3.32e-06,"GNG7"
"COMMD7",1.81e-10,0.177,0.569,0.552,3.37e-06,"COMMD7"
"SRGAP2B",1.88e-10,0.16,0.745,0.73,3.49e-06,"SRGAP2B"
"GABARAPL1",1.89e-10,0.305,0.215,0.19,3.52e-06,"GABARAPL1"
"GLI2",1.91e-10,-0.124,0.398,0.433,3.55e-06,"GLI2"
"MRPL51",1.93e-10,0.137,0.783,0.792,3.59e-06,"MRPL51"
"RPGR",1.96e-10,0.298,0.192,0.168,3.64e-06,"RPGR"
"GCSH",1.97e-10,0.241,0.584,0.577,3.67e-06,"GCSH"
"RGS6",2.07e-10,0.559,0.326,0.304,3.85e-06,"RGS6"
"ENSG00000279602",2.07e-10,-0.307,0.033,0.047,3.86e-06,"ENSG00000279602"
"PIK3C2G",2.07e-10,1.717,0.01,0.004,3.86e-06,"PIK3C2G"
"HDAC5",2.08e-10,0.229,0.287,0.26,3.88e-06,"HDAC5"
"POMP",2.12e-10,0.124,0.859,0.86,3.95e-06,"POMP"
"NDUFS2",2.13e-10,0.163,0.636,0.623,3.96e-06,"NDUFS2"
"PEAK1",2.13e-10,0.221,0.512,0.494,3.97e-06,"PEAK1"
"CTXN1",2.22e-10,0.181,0.49,0.469,4.14e-06,"CTXN1"
"DYNC2H1",2.27e-10,0.415,0.545,0.524,4.22e-06,"DYNC2H1"
"ABCG1",2.47e-10,0.443,0.065,0.05,4.6e-06,"ABCG1"
"MARCHF5",2.51e-10,0.135,0.699,0.684,4.67e-06,"MARCHF5"
"BRAF",2.52e-10,0.11,0.896,0.886,4.7e-06,"BRAF"
"RNF11",2.6e-10,0.156,0.547,0.525,4.83e-06,"RNF11"
"MPG",2.67e-10,0.207,0.403,0.379,4.96e-06,"MPG"
"CLINT1",2.78e-10,0.131,0.597,0.582,5.17e-06,"CLINT1"
"BAZ1A",2.81e-10,0.123,0.703,0.685,5.23e-06,"BAZ1A"
"DNAJB14",2.81e-10,0.135,0.602,0.583,5.24e-06,"DNAJB14"
"SLC39A3",2.91e-10,0.278,0.259,0.234,5.41e-06,"SLC39A3"
"FAM118A",2.95e-10,0.234,0.35,0.324,5.49e-06,"FAM118A"
"CHI3L1",3.07e-10,0.259,0.025,0.016,5.72e-06,"CHI3L1"
"RFC1",3.1e-10,0.131,0.619,0.601,5.77e-06,"RFC1"
"GALNT1",3.14e-10,0.12,0.761,0.753,5.84e-06,"GALNT1"
"PRPF4B",3.15e-10,0.118,0.756,0.747,5.86e-06,"PRPF4B"
"TMEM132C",3.15e-10,1.039,0.017,0.009,5.87e-06,"TMEM132C"
"INSIG1",3.17e-10,-0.191,0.235,0.264,5.9e-06,"INSIG1"
"SINHCAF",3.25e-10,0.147,0.467,0.439,6.06e-06,"SINHCAF"
"NPM3",3.29e-10,0.268,0.184,0.16,6.12e-06,"NPM3"
"COL19A1",3.31e-10,0.543,0.05,0.037,6.15e-06,"COL19A1"
"IL17D",3.37e-10,-0.41,0.134,0.157,6.27e-06,"IL17D"
"SDF2",3.46e-10,0.181,0.438,0.413,6.45e-06,"SDF2"
"MRPL43",3.59e-10,0.182,0.568,0.554,6.68e-06,"MRPL43"
"UBR2",3.7e-10,0.13,0.654,0.635,6.88e-06,"UBR2"
"AK3",3.72e-10,0.149,0.61,0.595,6.91e-06,"AK3"
"SNX2",3.76e-10,0.143,0.595,0.573,7e-06,"SNX2"
"C12orf76",3.76e-10,0.217,0.371,0.344,7e-06,"C12orf76"
"NFAT5",3.81e-10,0.153,0.799,0.792,7.09e-06,"NFAT5"
"NDUFA2",3.81e-10,0.177,0.596,0.584,7.1e-06,"NDUFA2"
"INVS",3.93e-10,0.16,0.636,0.616,7.32e-06,"INVS"
"UBE2B",3.93e-10,0.134,0.826,0.82,7.32e-06,"UBE2B"
"NRIP1",4e-10,0.134,0.669,0.65,7.45e-06,"NRIP1"
"TMEM167A",4.02e-10,0.13,0.629,0.614,7.49e-06,"TMEM167A"
"CYRIB",4.05e-10,0.116,0.748,0.729,7.54e-06,"CYRIB"
"ITGAE",4.11e-10,0.204,0.477,0.458,7.65e-06,"ITGAE"
"NCBP2",4.19e-10,0.148,0.626,0.614,7.8e-06,"NCBP2"
"IL13RA1",4.21e-10,0.516,0.052,0.038,7.84e-06,"IL13RA1"
"PLCH1",4.22e-10,-0.306,0.18,0.204,7.85e-06,"PLCH1"
"ANO6",4.26e-10,0.177,0.455,0.43,7.92e-06,"ANO6"
"TWSG1",4.3e-10,0.15,0.495,0.471,8e-06,"TWSG1"
"ANTXR2",4.32e-10,0.219,0.39,0.362,8.04e-06,"ANTXR2"
"CHIC2",4.35e-10,0.181,0.742,0.74,8.1e-06,"CHIC2"
"CLPP",4.41e-10,0.189,0.463,0.441,8.2e-06,"CLPP"
"IK",4.51e-10,0.129,0.695,0.682,8.4e-06,"IK"
"TMEM123",4.6e-10,0.121,0.958,0.943,8.56e-06,"TMEM123"
"TFCP2",4.67e-10,0.271,0.176,0.152,8.69e-06,"TFCP2"
"KLF12",4.71e-10,0.101,0.981,0.979,8.78e-06,"KLF12"
"YAP1",4.84e-10,0.286,0.365,0.345,9.01e-06,"YAP1"
"OXLD1",5.1e-10,0.286,0.151,0.129,9.49e-06,"OXLD1"
"CHID1",5.14e-10,0.24,0.405,0.383,9.57e-06,"CHID1"
"ATP6V1E1",5.27e-10,0.202,0.417,0.391,9.82e-06,"ATP6V1E1"
"SYNJ2",5.34e-10,0.64,0.069,0.054,9.95e-06,"SYNJ2"
"CMC4",5.46e-10,0.248,0.268,0.243,0.0000102,"CMC4"
"DTNBP1",5.48e-10,0.241,0.267,0.24,0.0000102,"DTNBP1"
"SLC16A2",5.49e-10,0.21,0.36,0.333,0.0000102,"SLC16A2"
"BAIAP2",5.6e-10,0.249,0.26,0.234,0.0000104,"BAIAP2"
"SOCS1",5.84e-10,-0.645,0.03,0.043,0.0000109,"SOCS1"
"ERP29",5.86e-10,0.198,0.565,0.552,0.0000109,"ERP29"
"POMGNT1",5.92e-10,0.276,0.225,0.2,0.000011,"POMGNT1"
"CBR4",5.96e-10,0.149,0.675,0.665,0.0000111,"CBR4"
"EIF2AK2",5.96e-10,0.127,0.672,0.658,0.0000111,"EIF2AK2"
"BNIP3",5.98e-10,-0.52,0.637,0.659,0.0000111,"BNIP3"
"MXD4",6.02e-10,0.197,0.473,0.451,0.0000112,"MXD4"
"SEMA3C",6.04e-10,-0.363,0.168,0.192,0.0000112,"SEMA3C"
"CLNS1A",6.06e-10,0.123,0.738,0.734,0.0000113,"CLNS1A"
"RAP1GDS1",6.07e-10,0.154,0.723,0.71,0.0000113,"RAP1GDS1"
"NDUFB9",6.07e-10,0.116,0.725,0.712,0.0000113,"NDUFB9"
"PHACTR2",6.3e-10,0.232,0.208,0.183,0.0000117,"PHACTR2"
"C11orf87",6.31e-10,-0.348,0.058,0.074,0.0000117,"C11orf87"
"RTL8A",6.34e-10,0.237,0.424,0.403,0.0000118,"RTL8A"
"PAG1",6.37e-10,-0.176,0.504,0.526,0.0000119,"PAG1"
"PSMA4",6.55e-10,0.125,0.749,0.749,0.0000122,"PSMA4"
"AMPD3",6.58e-10,-0.722,0.015,0.024,0.0000123,"AMPD3"
"LSM8",6.7e-10,0.143,0.644,0.631,0.0000125,"LSM8"
"ARHGEF12",6.83e-10,0.123,0.741,0.73,0.0000127,"ARHGEF12"
"MYO1B",6.93e-10,-0.159,0.424,0.453,0.0000129,"MYO1B"
"COA5",6.98e-10,0.208,0.402,0.378,0.000013,"COA5"
"MACROH2A2",7.14e-10,0.132,0.643,0.624,0.0000133,"MACROH2A2"
"NDUFB7",7.37e-10,0.122,0.763,0.762,0.0000137,"NDUFB7"
"IGSF11",7.38e-10,0.209,0.449,0.422,0.0000137,"IGSF11"
"GTF2F2",7.45e-10,0.183,0.591,0.585,0.0000139,"GTF2F2"
"FAS",7.48e-10,0.423,0.07,0.054,0.0000139,"FAS"
"RNF180",7.49e-10,0.138,0.761,0.751,0.0000139,"RNF180"
"KDM3B",7.54e-10,0.125,0.692,0.68,0.000014,"KDM3B"
"TNFAIP1",7.68e-10,0.218,0.279,0.253,0.0000143,"TNFAIP1"
"P2RX7",7.68e-10,0.322,0.067,0.052,0.0000143,"P2RX7"
"SCAMP2",7.85e-10,0.208,0.277,0.251,0.0000146,"SCAMP2"
"OTUD7A",7.87e-10,0.189,0.378,0.348,0.0000146,"OTUD7A"
"YLPM1",7.87e-10,0.106,0.762,0.747,0.0000146,"YLPM1"
"CEBPZ",7.99e-10,0.134,0.464,0.44,0.0000149,"CEBPZ"
"NME4",8.11e-10,0.197,0.478,0.461,0.0000151,"NME4"
"BEX4",8.4e-10,0.153,0.639,0.628,0.0000156,"BEX4"
"ZNF106",8.46e-10,0.18,0.584,0.575,0.0000157,"ZNF106"
"ZC4H2",8.52e-10,0.129,0.642,0.62,0.0000159,"ZC4H2"
"AKIRIN1",8.75e-10,0.165,0.54,0.521,0.0000163,"AKIRIN1"
"UBXN7",8.83e-10,0.119,0.7,0.687,0.0000164,"UBXN7"
"PLAU",8.84e-10,0.766,0.035,0.024,0.0000165,"PLAU"
"IKZF2",8.97e-10,0.203,0.315,0.287,0.0000167,"IKZF2"
"ARHGDIA",9.03e-10,0.182,0.44,0.417,0.0000168,"ARHGDIA"
"CDKN2A",9.07e-10,-0.172,0.108,0.129,0.0000169,"CDKN2A"
"GNAI3",9.11e-10,0.113,0.797,0.792,0.000017,"GNAI3"
"STK17A",9.15e-10,0.385,0.35,0.329,0.000017,"STK17A"
"ARPC4",9.17e-10,0.225,0.345,0.32,0.0000171,"ARPC4"
"UBE2G1",9.18e-10,0.122,0.68,0.666,0.0000171,"UBE2G1"
"ZDHHC12",9.27e-10,0.397,0.105,0.086,0.0000173,"ZDHHC12"
"DENND1B",9.27e-10,0.149,0.447,0.421,0.0000173,"DENND1B"
"H4C5",9.54e-10,0.274,0.174,0.151,0.0000178,"H4C5"
"RNF182",9.56e-10,0.342,0.087,0.07,0.0000178,"RNF182"
"CCSER2",9.61e-10,0.1,0.874,0.869,0.0000179,"CCSER2"
"CBX1",9.68e-10,0.103,0.861,0.853,0.000018,"CBX1"
"GATAD2A",9.71e-10,0.191,0.444,0.421,0.0000181,"GATAD2A"
"TMEM33",9.76e-10,0.185,0.511,0.489,0.0000182,"TMEM33"
"GRHPR",1e-09,0.206,0.521,0.505,0.0000186,"GRHPR"
"EMC3",1.03e-09,0.153,0.524,0.507,0.0000192,"EMC3"
"RNF10",1.03e-09,0.139,0.589,0.569,0.0000192,"RNF10"
"RBM8A",1.05e-09,0.119,0.779,0.772,0.0000195,"RBM8A"
"RERGL",1.08e-09,1.271,0.01,0.005,0.0000201,"RERGL"
"BICD1",1.11e-09,0.194,0.928,0.926,0.0000207,"BICD1"
"ZNF580",1.12e-09,0.204,0.378,0.354,0.0000209,"ZNF580"
"CST3",1.13e-09,0.119,0.558,0.54,0.000021,"CST3"
"CRIPT",1.14e-09,0.157,0.547,0.529,0.0000212,"CRIPT"
"CCDC85A",1.18e-09,-0.842,0.011,0.018,0.0000219,"CCDC85A"
"RIMKLA",1.19e-09,0.33,0.466,0.452,0.0000221,"RIMKLA"
"CIR1",1.2e-09,0.161,0.621,0.6,0.0000223,"CIR1"
"RRAS2",1.2e-09,0.156,0.181,0.156,0.0000223,"RRAS2"
"NAT14",1.21e-09,0.258,0.291,0.266,0.0000225,"NAT14"
"ARSJ",1.23e-09,0.775,0.037,0.026,0.0000229,"ARSJ"
"DHX30",1.25e-09,0.161,0.54,0.521,0.0000232,"DHX30"
"MDK",1.25e-09,0.198,0.374,0.347,0.0000233,"MDK"
"CTXND1",1.26e-09,0.605,0.126,0.106,0.0000235,"CTXND1"
"SERINC3",1.28e-09,0.177,0.45,0.425,0.0000238,"SERINC3"
"CITED1",1.29e-09,0.24,0.213,0.188,0.000024,"CITED1"
"CYSTM1",1.32e-09,0.312,0.479,0.466,0.0000245,"CYSTM1"
"NHS",1.35e-09,0.197,0.433,0.409,0.0000252,"NHS"
"REEP1",1.38e-09,-0.121,0.325,0.357,0.0000256,"REEP1"
"ARPP21",1.39e-09,-0.14,0.127,0.106,0.0000258,"ARPP21"
"SULF2",1.46e-09,0.441,0.119,0.1,0.0000271,"SULF2"
"DAPK3",1.47e-09,0.259,0.239,0.214,0.0000273,"DAPK3"
"EXOC2",1.47e-09,0.122,0.581,0.558,0.0000274,"EXOC2"
"KPNA1",1.5e-09,0.123,0.626,0.614,0.0000279,"KPNA1"
"SSR3",1.55e-09,0.22,0.566,0.563,0.0000288,"SSR3"
"ZDBF2",1.56e-09,0.154,0.403,0.377,0.000029,"ZDBF2"
"SNRPB2",1.56e-09,0.119,0.792,0.785,0.000029,"SNRPB2"
"SNX25",1.6e-09,0.191,0.51,0.487,0.0000298,"SNX25"
"LRMDA",1.62e-09,-1.179,0.017,0.026,0.0000302,"LRMDA"
"HACD1",1.63e-09,0.402,0.077,0.062,0.0000304,"HACD1"
"SCAND1",1.63e-09,0.145,0.642,0.636,0.0000304,"SCAND1"
"AGTRAP",1.65e-09,0.354,0.125,0.106,0.0000306,"AGTRAP"
"TSPAN32",1.66e-09,0.763,0.017,0.01,0.0000308,"TSPAN32"
"EMC10",1.68e-09,0.245,0.316,0.291,0.0000313,"EMC10"
"GLO1",1.71e-09,0.152,0.609,0.598,0.0000319,"GLO1"
"RFLNB",1.72e-09,0.486,0.064,0.05,0.0000319,"RFLNB"
"VAT1",1.72e-09,0.252,0.202,0.178,0.0000321,"VAT1"
"BCL7C",1.74e-09,0.131,0.632,0.617,0.0000323,"BCL7C"
"ATMIN",1.74e-09,0.192,0.436,0.412,0.0000325,"ATMIN"
"TMX3",1.78e-09,0.189,0.465,0.443,0.0000331,"TMX3"
"PPCS",1.78e-09,0.331,0.11,0.091,0.0000332,"PPCS"
"SIPA1L2",1.81e-09,0.157,0.608,0.582,0.0000336,"SIPA1L2"
"BCL6",1.81e-09,0.382,0.142,0.122,0.0000337,"BCL6"
"RAP2C",1.81e-09,0.225,0.34,0.315,0.0000338,"RAP2C"
"PRPF38B",1.81e-09,0.15,0.591,0.572,0.0000338,"PRPF38B"
"CACNA1B",1.85e-09,-0.174,0.269,0.299,0.0000344,"CACNA1B"
"STRN4",1.86e-09,0.241,0.286,0.26,0.0000346,"STRN4"
"NOG",1.95e-09,0.641,0.055,0.041,0.0000362,"NOG"
"SORT1",1.95e-09,0.17,0.623,0.605,0.0000363,"SORT1"
"ADRM1",1.96e-09,0.176,0.493,0.473,0.0000364,"ADRM1"
"DSEL",1.97e-09,0.309,0.255,0.231,0.0000366,"DSEL"
"CLEC11A",1.97e-09,0.278,0.186,0.163,0.0000366,"CLEC11A"
"TMEM59L",1.97e-09,0.228,0.257,0.232,0.0000366,"TMEM59L"
"MAP3K20",1.97e-09,0.14,0.612,0.586,0.0000367,"MAP3K20"
"GATD3",2.03e-09,0.277,0.187,0.164,0.0000378,"GATD3"
"FGFR3",2.05e-09,-0.649,0.06,0.075,0.0000382,"FGFR3"
"ABHD13",2.1e-09,0.245,0.222,0.198,0.0000391,"ABHD13"
"PDLIM4",2.13e-09,0.458,0.073,0.057,0.0000396,"PDLIM4"
"C12orf57",2.13e-09,0.111,0.864,0.859,0.0000397,"C12orf57"
"TRAF7",2.18e-09,0.265,0.22,0.196,0.0000405,"TRAF7"
"PFKFB3",2.21e-09,-0.251,0.306,0.333,0.0000411,"PFKFB3"
"SREK1IP1",2.23e-09,0.139,0.558,0.535,0.0000416,"SREK1IP1"
"AMBN",2.3e-09,-0.795,0.02,0.029,0.0000428,"AMBN"
"WDR1",2.31e-09,0.221,0.423,0.404,0.000043,"WDR1"
"CD58",2.32e-09,0.271,0.209,0.185,0.0000433,"CD58"
"ZMYND11",2.33e-09,0.11,0.782,0.77,0.0000433,"ZMYND11"
"WDR41",2.38e-09,0.159,0.44,0.415,0.0000443,"WDR41"
"MAP2K2",2.4e-09,0.176,0.564,0.551,0.0000447,"MAP2K2"
"SDCCAG8",2.46e-09,0.102,0.726,0.711,0.0000458,"SDCCAG8"
"SRPX",2.54e-09,0.321,0.053,0.039,0.0000473,"SRPX"
"F8A1",2.54e-09,0.347,0.117,0.098,0.0000473,"F8A1"
"DYNLL2",2.55e-09,0.174,0.575,0.556,0.0000475,"DYNLL2"
"EPB41L5",2.55e-09,0.106,0.75,0.731,0.0000475,"EPB41L5"
"MAP7",2.6e-09,0.258,0.076,0.06,0.0000484,"MAP7"
"ZNF503",2.61e-09,-1.259,0.018,0.027,0.0000487,"ZNF503"
"GLIS3",2.64e-09,0.408,0.374,0.352,0.0000492,"GLIS3"
"ETFA",2.65e-09,0.167,0.565,0.55,0.0000494,"ETFA"
"HES5",2.66e-09,-0.241,0.257,0.283,0.0000496,"HES5"
"RCBTB1",2.68e-09,0.248,0.242,0.218,0.0000498,"RCBTB1"
"PIK3R1",2.68e-09,0.27,0.491,0.47,0.0000499,"PIK3R1"
"ADGRA1",2.75e-09,0.493,0.046,0.034,0.0000512,"ADGRA1"
"ISLR2",2.81e-09,-0.541,0.029,0.041,0.0000523,"ISLR2"
"RNF167",2.82e-09,0.18,0.358,0.331,0.0000524,"RNF167"
"PON2",2.82e-09,0.142,0.381,0.356,0.0000524,"PON2"
"TXNIP",2.84e-09,0.107,0.816,0.804,0.0000529,"TXNIP"
"PGPEP1",2.87e-09,0.282,0.124,0.105,0.0000534,"PGPEP1"
"TRAF3IP2",2.88e-09,0.2,0.372,0.347,0.0000535,"TRAF3IP2"
"SDF4",2.92e-09,0.265,0.341,0.319,0.0000543,"SDF4"
"CDK8",2.92e-09,0.148,0.708,0.689,0.0000544,"CDK8"
"SMARCE1",2.93e-09,0.132,0.725,0.712,0.0000545,"SMARCE1"
"SLX4IP",2.97e-09,0.149,0.405,0.378,0.0000553,"SLX4IP"
"LRRC1",2.97e-09,-0.123,0.376,0.406,0.0000554,"LRRC1"
"PLCD3",3.02e-09,0.379,0.07,0.055,0.0000563,"PLCD3"
"CDC123",3.03e-09,0.143,0.553,0.537,0.0000564,"CDC123"
"COMMD4",3.06e-09,0.226,0.332,0.308,0.0000569,"COMMD4"
"MTMR2",3.07e-09,0.182,0.519,0.5,0.0000571,"MTMR2"
"TP53I3",3.12e-09,0.274,0.293,0.269,0.000058,"TP53I3"
"SETX",3.17e-09,0.132,0.617,0.6,0.000059,"SETX"
"OSTM1",3.17e-09,0.176,0.389,0.364,0.000059,"OSTM1"
"TRAM2",3.23e-09,0.356,0.138,0.118,6e-05,"TRAM2"
"NDUFA10",3.3e-09,0.14,0.634,0.624,0.0000615,"NDUFA10"
"G6PD",3.33e-09,0.274,0.167,0.145,0.000062,"G6PD"
"VEPH1",3.35e-09,-0.411,0.247,0.27,0.0000623,"VEPH1"
"BCAS3",3.4e-09,0.127,0.66,0.639,0.0000633,"BCAS3"
"HDAC1",3.41e-09,0.22,0.332,0.308,0.0000635,"HDAC1"
"ELAVL4",3.47e-09,-0.122,0.484,0.517,0.0000647,"ELAVL4"
"MAGED1",3.52e-09,0.111,0.728,0.718,0.0000654,"MAGED1"
"PSMB1",3.52e-09,0.125,0.864,0.867,0.0000655,"PSMB1"
"RPS6KA5",3.66e-09,-0.143,0.409,0.436,0.0000681,"RPS6KA5"
"CYP39A1",3.68e-09,0.582,0.033,0.023,0.0000685,"CYP39A1"
"NCAM1",3.68e-09,0.132,0.936,0.933,0.0000685,"NCAM1"
"TSPAN6",3.82e-09,0.25,0.307,0.285,0.0000711,"TSPAN6"
"ARMC9",3.83e-09,0.187,0.346,0.321,0.0000712,"ARMC9"
"SNTG2",3.88e-09,-0.11,0.151,0.175,0.0000721,"SNTG2"
"GNG3",3.88e-09,0.318,0.292,0.269,0.0000723,"GNG3"
"LYPLA2",3.89e-09,0.278,0.192,0.17,0.0000724,"LYPLA2"
"AUP1",3.9e-09,0.203,0.344,0.319,0.0000726,"AUP1"
"FLOT1",3.96e-09,0.163,0.553,0.535,0.0000738,"FLOT1"
"PSMB8",4.05e-09,0.47,0.071,0.056,0.0000754,"PSMB8"
"UBAP2L",4.06e-09,0.164,0.541,0.525,0.0000755,"UBAP2L"
"BDH2",4.06e-09,0.234,0.283,0.258,0.0000756,"BDH2"
"AGPAT1",4.22e-09,0.253,0.361,0.34,0.0000785,"AGPAT1"
"RGCC",4.29e-09,-0.473,0.043,0.057,0.0000799,"RGCC"
"IFNAR1",4.3e-09,0.158,0.524,0.507,8e-05,"IFNAR1"
"CHSY3",4.34e-09,-0.327,0.107,0.126,0.0000808,"CHSY3"
"UBB",4.35e-09,0.159,0.659,0.646,0.000081,"UBB"
"PIGBOS1",4.48e-09,0.312,0.214,0.193,0.0000834,"PIGBOS1"
"N4BP2",4.51e-09,0.138,0.682,0.665,0.0000839,"N4BP2"
"MGST3",4.59e-09,0.106,0.896,0.894,0.0000854,"MGST3"
"MAPK1",4.59e-09,0.13,0.761,0.76,0.0000854,"MAPK1"
"SMARCA1",4.62e-09,0.156,0.556,0.537,0.0000861,"SMARCA1"
"CFAP298",4.63e-09,0.246,0.411,0.391,0.0000863,"CFAP298"
"SLC35D2",4.66e-09,0.27,0.156,0.135,0.0000866,"SLC35D2"
"DDX46",4.72e-09,0.123,0.8,0.797,0.0000879,"DDX46"
"LEPROTL1",4.75e-09,0.141,0.575,0.555,0.0000884,"LEPROTL1"
"NPAS2",4.93e-09,-0.348,0.153,0.174,0.0000917,"NPAS2"
"NTPCR",4.93e-09,0.251,0.328,0.306,0.0000918,"NTPCR"
"MRPS16",4.93e-09,0.17,0.539,0.522,0.0000918,"MRPS16"
"NLGN1",4.95e-09,0.305,0.6,0.602,0.0000921,"NLGN1"
"NUDT16L1",5e-09,0.197,0.318,0.293,0.000093,"NUDT16L1"
"SDK1",5.04e-09,-0.167,0.589,0.615,0.0000938,"SDK1"
"BEND6",5.07e-09,0.22,0.104,0.085,0.0000944,"BEND6"
"NAV2",5.08e-09,0.426,0.355,0.331,0.0000945,"NAV2"
"C6orf141",5.14e-09,0.814,0.018,0.01,0.0000957,"C6orf141"
"GAS1",5.32e-09,-0.178,0.178,0.201,0.0000991,"GAS1"
"C19orf81",5.33e-09,0.384,0.056,0.043,0.0000991,"C19orf81"
"LIN7A",5.35e-09,0.2,0.216,0.191,0.0000996,"LIN7A"
"ZNHIT6",5.35e-09,0.143,0.382,0.356,0.0000996,"ZNHIT6"
"LEPROT",5.37e-09,0.174,0.558,0.544,0.0000999,"LEPROT"
"DCLK2",5.47e-09,0.135,0.981,0.98,0.000102,"DCLK2"
"GPATCH2",5.49e-09,0.174,0.517,0.499,0.000102,"GPATCH2"
"PDLIM2",5.51e-09,0.284,0.261,0.238,0.000102,"PDLIM2"
"AKIRIN2",5.51e-09,0.139,0.675,0.666,0.000103,"AKIRIN2"
"RGS16",5.54e-09,-0.467,0.043,0.056,0.000103,"RGS16"
"COPZ1",5.59e-09,0.137,0.556,0.54,0.000104,"COPZ1"
"ANAPC13",5.63e-09,0.185,0.395,0.37,0.000105,"ANAPC13"
"SPAG7",5.66e-09,0.159,0.52,0.501,0.000105,"SPAG7"
"HNRNPA1L3",5.68e-09,-0.124,0.39,0.419,0.000106,"HNRNPA1L3"
"TRAPPC4",5.77e-09,0.175,0.58,0.566,0.000107,"TRAPPC4"
"GOT2",5.8e-09,0.235,0.292,0.268,0.000108,"GOT2"
"PPP1R11",5.81e-09,0.181,0.367,0.342,0.000108,"PPP1R11"
"DDR2",5.83e-09,0.551,0.056,0.043,0.000109,"DDR2"
"CECR2",5.84e-09,0.126,0.759,0.74,0.000109,"CECR2"
"CAPN10",5.86e-09,0.268,0.184,0.162,0.000109,"CAPN10"
"TNIK",5.87e-09,0.221,0.666,0.649,0.000109,"TNIK"
"OSTC",5.87e-09,0.162,0.575,0.569,0.000109,"OSTC"
"LDB2",5.88e-09,-0.201,0.305,0.331,0.000109,"LDB2"
"TADA3",5.97e-09,0.165,0.5,0.48,0.000111,"TADA3"
"TMEM47",6.01e-09,0.148,0.312,0.286,0.000112,"TMEM47"
"EMP3",6.03e-09,0.316,0.24,0.216,0.000112,"EMP3"
"AGBL1",6.09e-09,-0.356,0.04,0.053,0.000113,"AGBL1"
"APMAP",6.17e-09,0.185,0.375,0.35,0.000115,"APMAP"
"CLPTM1L",6.2e-09,0.227,0.373,0.352,0.000115,"CLPTM1L"
"SGCE",6.33e-09,0.125,0.684,0.667,0.000118,"SGCE"
"IQCH",6.5e-09,0.51,0.12,0.101,0.000121,"IQCH"
"CALCOCO1",6.54e-09,0.237,0.315,0.291,0.000122,"CALCOCO1"
"PIGC",6.54e-09,0.209,0.335,0.311,0.000122,"PIGC"
"FOXJ3",6.57e-09,0.131,0.828,0.82,0.000122,"FOXJ3"
"FMC1",6.7e-09,0.195,0.47,0.453,0.000125,"FMC1"
"FUCA2",6.72e-09,0.239,0.221,0.198,0.000125,"FUCA2"
"APRT",6.88e-09,0.279,0.367,0.348,0.000128,"APRT"
"MRPL42",6.92e-09,0.11,0.704,0.69,0.000129,"MRPL42"
"RPN2",6.96e-09,0.126,0.661,0.663,0.00013,"RPN2"
"SYTL5",7.05e-09,0.634,0.06,0.046,0.000131,"SYTL5"
"SCN2A",7.13e-09,0.358,0.113,0.095,0.000133,"SCN2A"
"MPST",7.23e-09,0.172,0.441,0.417,0.000135,"MPST"
"CKAP4",7.42e-09,0.181,0.418,0.395,0.000138,"CKAP4"
"GBX2",7.52e-09,0.85,0.016,0.009,0.00014,"GBX2"
"FAM200B",7.53e-09,0.161,0.583,0.562,0.00014,"FAM200B"
"PGK1",7.61e-09,-0.308,0.757,0.774,0.000142,"PGK1"
"ATP5MC1",7.62e-09,0.164,0.647,0.643,0.000142,"ATP5MC1"
"SGCD",7.79e-09,-0.379,0.052,0.067,0.000145,"SGCD"
"CSTB",7.97e-09,0.199,0.702,0.7,0.000148,"CSTB"
"ETHE1",8.06e-09,0.211,0.311,0.285,0.00015,"ETHE1"
"PPP6C",8.22e-09,0.12,0.526,0.5,0.000153,"PPP6C"
"APLF",8.22e-09,0.26,0.144,0.123,0.000153,"APLF"
"SRA1",8.22e-09,0.189,0.46,0.442,0.000153,"SRA1"
"TAFA1",8.41e-09,-0.639,0.025,0.035,0.000157,"TAFA1"
"CCDC91",8.44e-09,0.188,0.494,0.471,0.000157,"CCDC91"
"FAAP20",8.52e-09,0.198,0.427,0.405,0.000159,"FAAP20"
"S100A16",8.62e-09,0.656,0.049,0.037,0.00016,"S100A16"
"COTL1",8.64e-09,0.248,0.265,0.242,0.000161,"COTL1"
"RBM33",8.74e-09,0.111,0.754,0.743,0.000163,"RBM33"
"OGFOD3",8.74e-09,0.234,0.218,0.194,0.000163,"OGFOD3"
"ELMOD2",8.78e-09,0.197,0.369,0.344,0.000163,"ELMOD2"
"DGUOK",8.93e-09,0.104,0.748,0.747,0.000166,"DGUOK"
"FAT4",8.97e-09,0.357,0.113,0.095,0.000167,"FAT4"
"FGF11",8.98e-09,-0.268,0.101,0.12,0.000167,"FGF11"
"CAPNS1",9.15e-09,0.214,0.424,0.402,0.00017,"CAPNS1"
"DBNDD1",9.2e-09,0.372,0.074,0.059,0.000171,"DBNDD1"
"STAMBP",9.24e-09,0.178,0.41,0.387,0.000172,"STAMBP"
"CNIH4",9.27e-09,0.152,0.536,0.522,0.000173,"CNIH4"
"GABRA3",9.36e-09,-0.304,0.067,0.083,0.000174,"GABRA3"
"PALS1",9.45e-09,0.138,0.526,0.507,0.000176,"PALS1"
"DCAF7",9.45e-09,0.126,0.654,0.64,0.000176,"DCAF7"
"CFAP47",9.54e-09,-0.978,0.007,0.013,0.000178,"CFAP47"
"FBXL20",9.56e-09,0.124,0.685,0.669,0.000178,"FBXL20"
"PLAG1",9.7e-09,0.589,0.035,0.024,0.000181,"PLAG1"
"ECHS1",9.74e-09,0.185,0.488,0.471,0.000181,"ECHS1"
"PLEKHB2",9.75e-09,0.168,0.437,0.416,0.000181,"PLEKHB2"
"HM13",9.93e-09,0.149,0.46,0.44,0.000185,"HM13"
"PTS",9.98e-09,0.139,0.642,0.623,0.000186,"PTS"
"EXT1",1e-08,0.121,0.729,0.713,0.000186,"EXT1"
"TFG",1.01e-08,0.144,0.615,0.604,0.000187,"TFG"
"EMC4",1.02e-08,0.161,0.587,0.57,0.00019,"EMC4"
"FAM174C",1.02e-08,0.201,0.205,0.181,0.00019,"FAM174C"
"NCOA5",1.03e-08,0.145,0.564,0.545,0.000193,"NCOA5"
"RPS19BP1",1.04e-08,0.177,0.567,0.555,0.000194,"RPS19BP1"
"EIF5A",1.06e-08,0.155,0.661,0.656,0.000196,"EIF5A"
"SCD",1.07e-08,-0.137,0.463,0.489,0.000199,"SCD"
"PRNP",1.08e-08,0.206,0.311,0.287,0.000202,"PRNP"
"TSEN34",1.09e-08,0.175,0.566,0.551,0.000203,"TSEN34"
"HSD17B6",1.1e-08,-0.705,0.042,0.055,0.000204,"HSD17B6"
"RAP1A",1.12e-08,0.102,0.682,0.669,0.000208,"RAP1A"
"MACROD1",1.13e-08,0.22,0.254,0.23,0.00021,"MACROD1"
"ANTXR1",1.15e-08,0.105,0.762,0.749,0.000213,"ANTXR1"
"PLD3",1.15e-08,0.186,0.503,0.485,0.000215,"PLD3"
"DGKZ",1.15e-08,0.191,0.24,0.216,0.000215,"DGKZ"
"VPS13A",1.16e-08,0.177,0.403,0.379,0.000215,"VPS13A"
"ZCCHC17",1.21e-08,0.147,0.611,0.602,0.000225,"ZCCHC17"
"STX18",1.21e-08,0.177,0.454,0.43,0.000225,"STX18"
"RIC1",1.23e-08,0.131,0.583,0.564,0.000229,"RIC1"
"HBEGF",1.23e-08,0.672,0.049,0.037,0.000229,"HBEGF"
"G6PC3",1.24e-08,0.28,0.231,0.209,0.000231,"G6PC3"
"PPP2CB",1.26e-08,0.124,0.773,0.773,0.000235,"PPP2CB"
"SYNRG",1.26e-08,0.134,0.65,0.631,0.000235,"SYNRG"
"ERF",1.27e-08,0.332,0.107,0.089,0.000236,"ERF"
"DESI2",1.28e-08,0.145,0.534,0.519,0.000238,"DESI2"
"SLC35E2B",1.28e-08,0.151,0.506,0.484,0.000239,"SLC35E2B"
"POLR2G",1.29e-08,0.159,0.591,0.581,0.00024,"POLR2G"
"HSPB11",1.33e-08,0.147,0.527,0.507,0.000248,"HSPB11"
"ZNF326",1.36e-08,0.11,0.723,0.714,0.000254,"ZNF326"
"PCDH7",1.38e-08,0.374,0.233,0.21,0.000257,"PCDH7"
"NEK7",1.4e-08,0.187,0.408,0.384,0.000261,"NEK7"
"SMS",1.4e-08,0.246,0.652,0.644,0.000261,"SMS"
"ZFX",1.42e-08,0.12,0.671,0.654,0.000265,"ZFX"
"B2M",1.42e-08,0.262,0.715,0.706,0.000265,"B2M"
"KAZN",1.44e-08,-0.188,0.331,0.358,0.000268,"KAZN"
"ZNF148",1.46e-08,0.111,0.925,0.925,0.000272,"ZNF148"
"IGSF5",1.48e-08,0.398,0.048,0.036,0.000276,"IGSF5"
"BCL7A",1.49e-08,0.17,0.459,0.435,0.000277,"BCL7A"
"CDC37",1.49e-08,0.176,0.464,0.445,0.000278,"CDC37"
"NSMF",1.53e-08,0.267,0.168,0.146,0.000284,"NSMF"
"DBI",1.53e-08,0.438,0.808,0.822,0.000285,"DBI"
"CBL",1.57e-08,0.118,0.685,0.677,0.000292,"CBL"
"ZCCHC24",1.58e-08,0.292,0.176,0.154,0.000294,"ZCCHC24"
"SAT2",1.59e-08,0.145,0.669,0.664,0.000297,"SAT2"
"DDA1",1.61e-08,0.179,0.413,0.39,0.000299,"DDA1"
"CDC73",1.61e-08,0.112,0.649,0.637,0.0003,"CDC73"
"CTSA",1.61e-08,0.336,0.132,0.113,0.0003,"CTSA"
"UROS",1.62e-08,0.198,0.348,0.326,0.000302,"UROS"
"ALDH1A2",1.64e-08,0.607,0.031,0.021,0.000306,"ALDH1A2"
"JKAMP",1.66e-08,0.187,0.477,0.457,0.000309,"JKAMP"
"RUNX2",1.67e-08,0.245,0.152,0.132,0.000311,"RUNX2"
"TRAPPC2L",1.69e-08,0.216,0.443,0.427,0.000314,"TRAPPC2L"
"SS18",1.71e-08,0.157,0.49,0.469,0.000317,"SS18"
"STUM",1.72e-08,-0.346,0.039,0.051,0.00032,"STUM"
"MTMR7",1.72e-08,-0.197,0.26,0.286,0.00032,"MTMR7"
"OXR1",1.76e-08,0.242,0.593,0.58,0.000328,"OXR1"
"MPV17",1.77e-08,0.203,0.364,0.343,0.000329,"MPV17"
"NCBP2AS2",1.78e-08,0.231,0.298,0.276,0.000331,"NCBP2AS2"
"MED12L",1.78e-08,0.184,0.425,0.399,0.000332,"MED12L"
"SLC25A12",1.79e-08,-0.142,0.763,0.779,0.000334,"SLC25A12"
"NMT1",1.81e-08,0.158,0.468,0.448,0.000337,"NMT1"
"RIC8B",1.84e-08,0.143,0.664,0.652,0.000343,"RIC8B"
"BAD",1.86e-08,0.213,0.459,0.444,0.000346,"BAD"
"CRCP",1.88e-08,0.125,0.61,0.596,0.000349,"CRCP"
"CCNK",1.9e-08,0.177,0.411,0.39,0.000353,"CCNK"
"TMED4",1.93e-08,0.127,0.573,0.556,0.00036,"TMED4"
"LRRC8D",1.97e-08,0.193,0.604,0.59,0.000367,"LRRC8D"
"STK38L",2.01e-08,0.166,0.4,0.374,0.000373,"STK38L"
"AFDN",2.03e-08,-0.115,0.879,0.886,0.000379,"AFDN"
"ZDHHC21",2.07e-08,0.128,0.614,0.604,0.000386,"ZDHHC21"
"SMIM4",2.08e-08,0.163,0.406,0.381,0.000387,"SMIM4"
"LDLR",2.09e-08,-0.151,0.261,0.286,0.000389,"LDLR"
"GRAMD1B",2.12e-08,-0.377,0.277,0.298,0.000395,"GRAMD1B"
"CNDP2",2.13e-08,0.237,0.279,0.257,0.000396,"CNDP2"
"ADAM12",2.13e-08,0.234,0.068,0.054,0.000397,"ADAM12"
"CERS6",2.15e-08,-0.11,0.957,0.956,0.0004,"CERS6"
"PLP2",2.17e-08,0.397,0.084,0.069,0.000404,"PLP2"
"FBXO9",2.18e-08,0.136,0.459,0.435,0.000405,"FBXO9"
"TIMP2",2.19e-08,0.153,0.599,0.588,0.000408,"TIMP2"
"FBN2",2.21e-08,0.571,0.091,0.075,0.00041,"FBN2"
"ATG13",2.25e-08,0.191,0.308,0.284,0.000418,"ATG13"
"TOM1L1",2.25e-08,0.301,0.16,0.139,0.000419,"TOM1L1"
"PTPRZ1",2.28e-08,0.29,0.609,0.595,0.000424,"PTPRZ1"
"SNX24",2.28e-08,0.167,0.393,0.369,0.000425,"SNX24"
"CDC42SE1",2.29e-08,0.144,0.55,0.528,0.000427,"CDC42SE1"
"E2F5",2.3e-08,0.168,0.434,0.413,0.000428,"E2F5"
"ZDHHC2",2.3e-08,0.217,0.354,0.331,0.000429,"ZDHHC2"
"DNM1",2.31e-08,0.222,0.3,0.277,0.00043,"DNM1"
"RANBP1",2.32e-08,0.128,0.882,0.883,0.000432,"RANBP1"
"ETFB",2.32e-08,-0.147,0.521,0.552,0.000432,"ETFB"
"ZBTB33",2.35e-08,0.21,0.265,0.241,0.000437,"ZBTB33"
"SLC22A18",2.36e-08,0.916,0.01,0.005,0.000439,"SLC22A18"
"PRDX2",2.42e-08,0.117,0.951,0.947,0.00045,"PRDX2"
"LRRC10B",2.42e-08,0.534,0.083,0.068,0.000451,"LRRC10B"
"MIA3",2.43e-08,0.147,0.575,0.56,0.000452,"MIA3"
"VPS4B",2.43e-08,0.152,0.539,0.52,0.000453,"VPS4B"
"KSR2",2.46e-08,-0.375,0.05,0.063,0.000457,"KSR2"
"IFI27L1",2.46e-08,0.19,0.375,0.353,0.000458,"IFI27L1"
"RBM24",2.47e-08,-0.349,0.077,0.094,0.00046,"RBM24"
"HDAC8",2.49e-08,0.112,0.756,0.747,0.000464,"HDAC8"
"GNPDA1",2.49e-08,0.235,0.395,0.376,0.000464,"GNPDA1"
"MTHFD1L",2.49e-08,0.168,0.294,0.27,0.000464,"MTHFD1L"
"SLC6A9",2.52e-08,0.495,0.034,0.024,0.000468,"SLC6A9"
"SCG2",2.54e-08,0.234,0.209,0.186,0.000472,"SCG2"
"CREM",2.59e-08,0.157,0.448,0.425,0.000483,"CREM"
"PDAP1",2.61e-08,0.135,0.675,0.672,0.000487,"PDAP1"
"ARL6IP5",2.63e-08,0.164,0.588,0.572,0.00049,"ARL6IP5"
"ARL4A",2.66e-08,0.392,0.099,0.082,0.000495,"ARL4A"
"GASK1B",2.67e-08,0.636,0.147,0.129,0.000496,"GASK1B"
"TM2D2",2.68e-08,0.215,0.269,0.245,0.000499,"TM2D2"
"TRAPPC1",2.72e-08,0.166,0.641,0.641,0.000506,"TRAPPC1"
"FADS2",2.75e-08,-0.114,0.521,0.548,0.000513,"FADS2"
"MARVELD3",2.77e-08,0.657,0.02,0.013,0.000516,"MARVELD3"
"TPRG1",2.77e-08,0.514,0.034,0.024,0.000516,"TPRG1"
"SLC35B1",2.78e-08,0.187,0.402,0.381,0.000518,"SLC35B1"
"AAGAB",2.85e-08,0.202,0.275,0.252,0.000531,"AAGAB"
"SNAPC2",2.93e-08,0.297,0.121,0.103,0.000546,"SNAPC2"
"VWA3A",2.97e-08,-0.593,0.027,0.038,0.000554,"VWA3A"
"TSC22D3",3.05e-08,0.241,0.281,0.257,0.000568,"TSC22D3"
"MFAP1",3.06e-08,0.145,0.513,0.495,0.00057,"MFAP1"
"TANK",3.09e-08,0.158,0.552,0.534,0.000575,"TANK"
"MAF1",3.15e-08,0.169,0.478,0.458,0.000586,"MAF1"
"LY6H",3.16e-08,-0.202,0.211,0.236,0.000589,"LY6H"
"USP8",3.24e-08,0.116,0.653,0.641,0.000602,"USP8"
"MRPL35",3.28e-08,0.22,0.267,0.243,0.000611,"MRPL35"
"C3orf38",3.31e-08,0.126,0.54,0.518,0.000617,"C3orf38"
"EIF2AK1",3.34e-08,0.14,0.574,0.563,0.000621,"EIF2AK1"
"DRAP1",3.34e-08,0.156,0.703,0.699,0.000622,"DRAP1"
"TSPAN5",3.37e-08,0.121,0.811,0.803,0.000627,"TSPAN5"
"TCEAL3",3.39e-08,0.171,0.489,0.472,0.000631,"TCEAL3"
"PABPN1",3.4e-08,0.113,0.681,0.67,0.000634,"PABPN1"
"SCAF11",3.49e-08,0.114,0.691,0.68,0.00065,"SCAF11"
"C16orf87",3.62e-08,0.129,0.659,0.641,0.000674,"C16orf87"
"STK25",3.69e-08,0.185,0.476,0.459,0.000687,"STK25"
"ELOVL6",3.7e-08,-0.221,0.499,0.52,0.000689,"ELOVL6"
"TYW3",3.71e-08,0.268,0.158,0.138,0.00069,"TYW3"
"RASL10B",3.73e-08,0.42,0.068,0.055,0.000695,"RASL10B"
"USP14",3.77e-08,0.1,0.664,0.657,0.000702,"USP14"
"CXCR4",3.79e-08,-0.105,0.521,0.549,0.000706,"CXCR4"
"TRAF4",3.8e-08,0.217,0.281,0.257,0.000707,"TRAF4"
"DLC1",3.81e-08,0.461,0.068,0.054,0.000709,"DLC1"
"TSG101",3.84e-08,0.137,0.708,0.697,0.000715,"TSG101"
"FAM3C",3.89e-08,0.19,0.488,0.467,0.000725,"FAM3C"
"CCDC82",3.91e-08,0.125,0.701,0.693,0.000728,"CCDC82"
"COA3",3.95e-08,0.125,0.651,0.646,0.000734,"COA3"
"ZNF428",3.96e-08,0.1,0.921,0.915,0.000738,"ZNF428"
"MXRA7",4e-08,0.187,0.339,0.316,0.000745,"MXRA7"
"PURG",4.01e-08,0.165,0.492,0.47,0.000747,"PURG"
"TGFBR2",4.02e-08,0.227,0.057,0.044,0.000748,"TGFBR2"
"SLC35A4",4.03e-08,0.325,0.114,0.097,0.00075,"SLC35A4"
"CD81",4.04e-08,0.262,0.669,0.665,0.000751,"CD81"
"RANBP17",4.09e-08,0.159,0.569,0.554,0.000761,"RANBP17"
"COL8A1",4.14e-08,0.935,0.014,0.008,0.000771,"COL8A1"
"SDF2L1",4.17e-08,0.265,0.231,0.209,0.000775,"SDF2L1"
"GPX8",4.19e-08,0.315,0.136,0.118,0.000779,"GPX8"
"DNAJC10",4.21e-08,0.133,0.456,0.435,0.000784,"DNAJC10"
"PDCD5",4.27e-08,0.123,0.73,0.725,0.000796,"PDCD5"
"IWS1",4.36e-08,0.135,0.573,0.559,0.000812,"IWS1"
"USP31",4.37e-08,0.18,0.385,0.361,0.000813,"USP31"
"C20orf27",4.42e-08,0.255,0.229,0.208,0.000822,"C20orf27"
"BRD9",4.44e-08,0.199,0.398,0.375,0.000826,"BRD9"
"DOK1",4.46e-08,0.428,0.079,0.065,0.000831,"DOK1"
"GLTP",4.47e-08,0.191,0.358,0.336,0.000832,"GLTP"
"CHMP5",4.55e-08,0.103,0.785,0.777,0.000848,"CHMP5"
"TENM2",4.65e-08,-0.394,0.177,0.198,0.000865,"TENM2"
"PDE6D",4.66e-08,0.139,0.484,0.461,0.000866,"PDE6D"
"AIMP2",4.69e-08,0.218,0.357,0.334,0.000873,"AIMP2"
"KCMF1",4.69e-08,0.117,0.692,0.682,0.000874,"KCMF1"
"KLHL2",4.77e-08,0.233,0.495,0.475,0.000887,"KLHL2"
"OS9",4.78e-08,0.135,0.525,0.505,0.00089,"OS9"
"PPP1R1A",4.79e-08,-0.648,0.018,0.027,0.000892,"PPP1R1A"
"RGS20",4.85e-08,-0.283,0.115,0.134,0.000902,"RGS20"
"METTL8",4.92e-08,0.153,0.372,0.348,0.000916,"METTL8"
"FAM234A",4.97e-08,0.171,0.264,0.24,0.000924,"FAM234A"
"SESN3",4.99e-08,0.143,0.729,0.715,0.000929,"SESN3"
"B4GALT7",5.04e-08,0.171,0.19,0.168,0.000938,"B4GALT7"
"TAF1D",5.07e-08,0.119,0.657,0.641,0.000943,"TAF1D"
"YIPF3",5.17e-08,0.196,0.462,0.445,0.000962,"YIPF3"
"PARP4",5.46e-08,0.186,0.331,0.308,0.00102,"PARP4"
"CCDC85B",5.48e-08,0.237,0.346,0.325,0.00102,"CCDC85B"
"EMX2",5.49e-08,-0.188,0.109,0.128,0.00102,"EMX2"
"BAZ1B",5.53e-08,0.101,0.75,0.738,0.00103,"BAZ1B"
"SHROOM4",5.55e-08,0.483,0.039,0.028,0.00103,"SHROOM4"
"ADAMTS5",5.61e-08,0.477,0.074,0.06,0.00104,"ADAMTS5"
"RANBP6",5.75e-08,0.206,0.304,0.28,0.00107,"RANBP6"
"ADCYAP1R1",5.79e-08,-0.476,0.092,0.109,0.00108,"ADCYAP1R1"
"ANAPC16",5.97e-08,0.143,0.634,0.627,0.00111,"ANAPC16"
"SMARCD3",6.06e-08,0.216,0.305,0.282,0.00113,"SMARCD3"
"CDYL",6.11e-08,0.188,0.518,0.506,0.00114,"CDYL"
"SLC39A1",6.22e-08,0.229,0.27,0.248,0.00116,"SLC39A1"
"TMED1",6.25e-08,0.303,0.138,0.119,0.00116,"TMED1"
"MANF",6.32e-08,0.205,0.475,0.459,0.00118,"MANF"
"CS",6.54e-08,0.159,0.444,0.423,0.00122,"CS"
"C19orf18",6.62e-08,0.291,0.079,0.064,0.00123,"C19orf18"
"ATP6V0A1",6.63e-08,0.143,0.564,0.545,0.00123,"ATP6V0A1"
"AASDHPPT",6.64e-08,0.148,0.596,0.585,0.00124,"AASDHPPT"
"SPATC1L",6.66e-08,0.242,0.216,0.195,0.00124,"SPATC1L"
"DMAC1",6.76e-08,0.193,0.326,0.303,0.00126,"DMAC1"
"CTSC",6.77e-08,0.377,0.076,0.062,0.00126,"CTSC"
"NHSL1",6.84e-08,0.137,0.717,0.7,0.00127,"NHSL1"
"TMOD3",7.03e-08,0.142,0.556,0.537,0.00131,"TMOD3"
"PDZRN4",7.19e-08,0.216,0.372,0.353,0.00134,"PDZRN4"
"BLOC1S6",7.19e-08,0.122,0.575,0.558,0.00134,"BLOC1S6"
"GTF3C6",7.25e-08,0.126,0.729,0.734,0.00135,"GTF3C6"
"BMP2",7.36e-08,0.925,0.013,0.007,0.00137,"BMP2"
"DACT1",7.43e-08,-0.27,0.092,0.11,0.00138,"DACT1"
"GSG1L",7.53e-08,0.528,0.056,0.044,0.0014,"GSG1L"
"DYNLT3",7.56e-08,0.461,0.097,0.081,0.00141,"DYNLT3"
"SULT1C4",7.75e-08,0.396,0.195,0.175,0.00144,"SULT1C4"
"PFKM",7.85e-08,0.192,0.373,0.35,0.00146,"PFKM"
"GCFC2",7.85e-08,0.166,0.364,0.34,0.00146,"GCFC2"
"PHYHIPL",7.86e-08,0.144,0.686,0.68,0.00146,"PHYHIPL"
"GIPC1",8.06e-08,0.228,0.414,0.398,0.0015,"GIPC1"
"NUMBL",8.07e-08,0.226,0.262,0.24,0.0015,"NUMBL"
"C1QL2",8.15e-08,-0.707,0.008,0.014,0.00152,"C1QL2"
"TMED7",8.16e-08,0.164,0.473,0.457,0.00152,"TMED7"
"PSMC4",8.28e-08,0.166,0.563,0.552,0.00154,"PSMC4"
"CCT7",8.33e-08,0.126,0.684,0.682,0.00155,"CCT7"
"DDX18",8.35e-08,0.14,0.576,0.563,0.00155,"DDX18"
"THYN1",8.41e-08,0.172,0.551,0.541,0.00157,"THYN1"
"MRPL3",8.46e-08,0.16,0.558,0.55,0.00157,"MRPL3"
"C17orf49",8.5e-08,0.136,0.584,0.568,0.00158,"C17orf49"
"YTHDF2",8.54e-08,0.111,0.756,0.754,0.00159,"YTHDF2"
"DNMBP",8.89e-08,0.282,0.221,0.2,0.00165,"DNMBP"
"PLEKHJ1",8.94e-08,0.157,0.382,0.358,0.00166,"PLEKHJ1"
"RRAGB",9.06e-08,0.178,0.36,0.337,0.00169,"RRAGB"
"DENND2A",9.12e-08,0.143,0.461,0.436,0.0017,"DENND2A"
"VIPR2",9.12e-08,-0.691,0.018,0.027,0.0017,"VIPR2"
"OXCT1",9.14e-08,0.181,0.381,0.358,0.0017,"OXCT1"
"ZNHIT3",9.23e-08,0.131,0.557,0.546,0.00172,"ZNHIT3"
"SPG21",9.35e-08,0.17,0.456,0.436,0.00174,"SPG21"
"OTUB1",9.48e-08,0.195,0.424,0.404,0.00176,"OTUB1"
"HECTD1",9.55e-08,0.107,0.803,0.8,0.00178,"HECTD1"
"NDN",9.7e-08,0.19,0.613,0.6,0.00181,"NDN"
"HIKESHI",9.75e-08,0.13,0.61,0.6,0.00181,"HIKESHI"
"CETN3",9.91e-08,-0.141,0.269,0.293,0.00184,"CETN3"
"ZNF804A",9.91e-08,0.17,0.328,0.302,0.00184,"ZNF804A"
"PKM",1e-07,-0.137,0.592,0.624,0.00186,"PKM"
"MT-RNR1",1e-07,0.148,0.988,0.987,0.00187,"MT-RNR1"
"CD99",1e-07,0.316,0.485,0.475,0.00187,"CD99"
"BOLA3",1.01e-07,0.209,0.312,0.292,0.00188,"BOLA3"
"DNER",1.01e-07,0.185,0.623,0.603,0.00189,"DNER"
"PSMB2",1.03e-07,0.116,0.757,0.762,0.00192,"PSMB2"
"ATP5IF1",1.03e-07,0.138,0.715,0.716,0.00192,"ATP5IF1"
"NAP1L5",1.04e-07,0.306,0.15,0.131,0.00193,"NAP1L5"
"SAR1B",1.05e-07,0.147,0.506,0.49,0.00195,"SAR1B"
"NDUFA12",1.05e-07,0.133,0.763,0.764,0.00195,"NDUFA12"
"SMPDL3A",1.05e-07,0.264,0.091,0.076,0.00195,"SMPDL3A"
"ARHGAP42",1.05e-07,0.25,0.305,0.283,0.00196,"ARHGAP42"
"FBXO7",1.05e-07,0.154,0.427,0.407,0.00196,"FBXO7"
"FCGRT",1.06e-07,0.286,0.087,0.072,0.00197,"FCGRT"
"ADM",1.06e-07,-0.942,0.025,0.034,0.00198,"ADM"
"ST18",1.07e-07,0.209,0.456,0.435,0.00199,"ST18"
"EHD4",1.08e-07,0.416,0.031,0.022,0.002,"EHD4"
"ARPC5L",1.08e-07,0.176,0.45,0.433,0.00201,"ARPC5L"
"TLE2",1.09e-07,0.386,0.13,0.113,0.00202,"TLE2"
"HMGA2",1.09e-07,0.683,0.042,0.032,0.00202,"HMGA2"
"MLYCD",1.09e-07,0.214,0.151,0.131,0.00204,"MLYCD"
"PDLIM7",1.1e-07,0.31,0.27,0.252,0.00204,"PDLIM7"
"NUDT5",1.11e-07,0.154,0.552,0.541,0.00206,"NUDT5"
"RRAGD",1.11e-07,0.251,0.345,0.328,0.00207,"RRAGD"
"LONRF3",1.12e-07,0.802,0.018,0.011,0.00208,"LONRF3"
"RBM47",1.12e-07,0.547,0.041,0.03,0.00209,"RBM47"
"CDK16",1.15e-07,0.187,0.431,0.411,0.00214,"CDK16"
"RIC3",1.15e-07,0.598,0.202,0.183,0.00214,"RIC3"
"CNOT6L",1.16e-07,0.101,0.587,0.566,0.00215,"CNOT6L"
"FBXO32",1.19e-07,0.438,0.092,0.077,0.00222,"FBXO32"
"CIAPIN1",1.21e-07,0.172,0.374,0.35,0.00225,"CIAPIN1"
"IFT57",1.21e-07,0.179,0.389,0.369,0.00225,"IFT57"
"SERTAD3",1.21e-07,0.27,0.156,0.136,0.00226,"SERTAD3"
"MTTP",1.23e-07,0.301,0.082,0.068,0.00228,"MTTP"
"PCMTD1",1.23e-07,0.121,0.808,0.797,0.00229,"PCMTD1"
"LRCH3",1.23e-07,0.117,0.752,0.747,0.0023,"LRCH3"
"PCBD1",1.24e-07,0.252,0.317,0.298,0.00231,"PCBD1"
"ZNF133",1.26e-07,0.177,0.324,0.301,0.00235,"ZNF133"
"MSX1",1.27e-07,0.355,0.039,0.029,0.00236,"MSX1"
"CHMP3",1.27e-07,0.188,0.442,0.423,0.00237,"CHMP3"
"CD44",1.28e-07,0.519,0.089,0.074,0.00237,"CD44"
"TSPYL4",1.3e-07,0.181,0.434,0.415,0.00242,"TSPYL4"
"GGPS1",1.31e-07,0.165,0.326,0.303,0.00243,"GGPS1"
"HEBP2",1.31e-07,0.174,0.353,0.331,0.00244,"HEBP2"
"GLT8D1",1.31e-07,0.169,0.32,0.296,0.00244,"GLT8D1"
"PRR32",1.31e-07,0.682,0.016,0.01,0.00244,"PRR32"
"COL6A1",1.32e-07,0.181,0.274,0.251,0.00245,"COL6A1"
"CHCHD10",1.32e-07,0.228,0.265,0.244,0.00246,"CHCHD10"
"TOX2",1.32e-07,-0.105,0.143,0.165,0.00246,"TOX2"
"UBXN1",1.33e-07,0.127,0.711,0.704,0.00247,"UBXN1"
"PLEKHO1",1.37e-07,0.132,0.694,0.682,0.00255,"PLEKHO1"
"PREX2",1.4e-07,-0.366,0.086,0.102,0.0026,"PREX2"
"PDE3A",1.41e-07,-0.26,0.275,0.296,0.00262,"PDE3A"
"PHGDH",1.44e-07,-0.241,0.294,0.317,0.00268,"PHGDH"
"MED27",1.45e-07,0.128,0.589,0.574,0.00269,"MED27"
"BOD1",1.46e-07,0.143,0.547,0.531,0.00271,"BOD1"
"LOXL1",1.46e-07,0.342,0.132,0.115,0.00272,"LOXL1"
"FIBP",1.47e-07,0.197,0.466,0.453,0.00273,"FIBP"
"NALF1",1.49e-07,0.293,0.23,0.207,0.00278,"NALF1"
"GJA1",1.56e-07,0.273,0.309,0.287,0.00291,"GJA1"
"EFHC1",1.57e-07,0.143,0.37,0.347,0.00292,"EFHC1"
"EIF4G1",1.58e-07,0.192,0.422,0.406,0.00294,"EIF4G1"
"RAB4B",1.6e-07,0.273,0.181,0.161,0.00298,"RAB4B"
"GABBR1",1.6e-07,0.142,0.555,0.536,0.00299,"GABBR1"
"MYL6B",1.61e-07,0.117,0.743,0.733,0.003,"MYL6B"
"WDR26",1.61e-07,0.119,0.612,0.596,0.00301,"WDR26"
"SMAD5",1.62e-07,0.114,0.681,0.673,0.00302,"SMAD5"
"TP53BP2",1.68e-07,0.147,0.567,0.55,0.00313,"TP53BP2"
"PSME3IP1",1.69e-07,0.133,0.627,0.613,0.00315,"PSME3IP1"
"SOCS2",1.69e-07,-0.14,0.136,0.156,0.00315,"SOCS2"
"PFKFB4",1.7e-07,-0.245,0.143,0.164,0.00316,"PFKFB4"
"EYA4",1.74e-07,0.418,0.195,0.176,0.00324,"EYA4"
"PDIA4",1.76e-07,0.268,0.369,0.353,0.00327,"PDIA4"
"RAB39B",1.77e-07,0.264,0.165,0.146,0.0033,"RAB39B"
"TMX1",1.77e-07,0.17,0.503,0.491,0.0033,"TMX1"
"KCNT2",1.78e-07,0.121,0.539,0.517,0.00331,"KCNT2"
"METTL5",1.78e-07,0.178,0.427,0.408,0.00331,"METTL5"
"APCDD1",1.79e-07,0.404,0.078,0.064,0.00333,"APCDD1"
"NKD1",1.79e-07,1.011,0.071,0.058,0.00334,"NKD1"
"KANSL1L",1.81e-07,0.11,0.776,0.765,0.00337,"KANSL1L"
"TAF10",1.85e-07,0.183,0.482,0.471,0.00345,"TAF10"
"CRIP2",1.88e-07,0.131,0.466,0.445,0.00351,"CRIP2"
"SUSD6",1.91e-07,0.243,0.221,0.2,0.00355,"SUSD6"
"RPL26L1",1.92e-07,0.145,0.576,0.569,0.00356,"RPL26L1"
"CA12",1.92e-07,0.369,0.132,0.115,0.00357,"CA12"
"GAS8",1.93e-07,0.375,0.076,0.062,0.0036,"GAS8"
"KLHL8",1.94e-07,0.143,0.523,0.505,0.00362,"KLHL8"
"EIF4H",1.95e-07,0.141,0.555,0.541,0.00363,"EIF4H"
"ZNF581",1.96e-07,0.278,0.136,0.118,0.00364,"ZNF581"
"ZPBP",1.97e-07,0.993,0.014,0.008,0.00366,"ZPBP"
"CHD1",1.97e-07,0.124,0.676,0.665,0.00366,"CHD1"
"INHBB",1.99e-07,-0.233,0.077,0.093,0.00371,"INHBB"
"TCEAL9",2e-07,0.15,0.707,0.701,0.00372,"TCEAL9"
"ORAI2",2.01e-07,0.199,0.28,0.259,0.00374,"ORAI2"
"GHITM",2.02e-07,0.148,0.591,0.585,0.00377,"GHITM"
"KLRG1",2.03e-07,0.288,0.187,0.167,0.00378,"KLRG1"
"ATRAID",2.04e-07,0.158,0.523,0.514,0.00379,"ATRAID"
"PIN1",2.07e-07,0.151,0.588,0.579,0.00385,"PIN1"
"CACNG2",2.07e-07,-0.166,0.118,0.137,0.00385,"CACNG2"
"PGLS",2.13e-07,0.167,0.556,0.547,0.00397,"PGLS"
"RPL10A",2.13e-07,0.106,0.969,0.97,0.00397,"RPL10A"
"TMEM132A",2.14e-07,0.155,0.279,0.256,0.00399,"TMEM132A"
"CD83",2.15e-07,0.728,0.022,0.015,0.004,"CD83"
"SCOC",2.18e-07,0.16,0.562,0.55,0.00405,"SCOC"
"CRELD2",2.2e-07,0.244,0.26,0.239,0.00409,"CRELD2"
"ZNF793",2.21e-07,0.158,0.357,0.333,0.00412,"ZNF793"
"KDM5A",2.22e-07,0.108,0.775,0.768,0.00413,"KDM5A"
"MTRF1L",2.29e-07,0.191,0.331,0.309,0.00426,"MTRF1L"
"DISC1",2.31e-07,0.305,0.099,0.083,0.00431,"DISC1"
"AGFG1",2.36e-07,0.111,0.656,0.645,0.0044,"AGFG1"
"HARS1",2.39e-07,0.133,0.435,0.414,0.00445,"HARS1"
"EIF3B",2.42e-07,0.173,0.443,0.424,0.00451,"EIF3B"
"ABCA8",2.43e-07,1.049,0.01,0.005,0.00452,"ABCA8"
"BUD23",2.48e-07,0.134,0.417,0.396,0.00461,"BUD23"
"SERPINB6",2.49e-07,0.205,0.258,0.237,0.00463,"SERPINB6"
"RYK",2.5e-07,0.122,0.661,0.651,0.00465,"RYK"
"USO1",2.51e-07,0.139,0.606,0.596,0.00467,"USO1"
"RAB29",2.52e-07,0.231,0.144,0.126,0.00469,"RAB29"
"RAB8A",2.53e-07,0.143,0.458,0.438,0.0047,"RAB8A"
"CNKSR2",2.57e-07,0.157,0.663,0.652,0.00479,"CNKSR2"
"COX5A",2.59e-07,0.109,0.791,0.797,0.00482,"COX5A"
"LGMN",2.61e-07,0.261,0.18,0.16,0.00485,"LGMN"
"MCOLN1",2.62e-07,0.239,0.158,0.139,0.00487,"MCOLN1"
"PTPN4",2.62e-07,0.109,0.748,0.733,0.00488,"PTPN4"
"OTX1",2.63e-07,0.357,0.053,0.042,0.00489,"OTX1"
"SLC25A5",2.64e-07,0.122,0.78,0.772,0.00491,"SLC25A5"
"HTATIP2",2.68e-07,0.428,0.026,0.018,0.00498,"HTATIP2"
"KRBOX5",2.73e-07,0.168,0.365,0.343,0.00508,"KRBOX5"
"PRR13",2.75e-07,0.213,0.26,0.239,0.00511,"PRR13"
"BPNT2",2.77e-07,0.17,0.445,0.425,0.00515,"BPNT2"
"PNPLA2",2.8e-07,0.266,0.118,0.101,0.0052,"PNPLA2"
"TMEM132B",2.87e-07,-0.46,0.053,0.065,0.00534,"TMEM132B"
"EVA1B",2.87e-07,0.371,0.085,0.071,0.00535,"EVA1B"
"LRGUK",2.88e-07,0.379,0.218,0.199,0.00537,"LRGUK"
"TTC19",2.93e-07,0.114,0.691,0.681,0.00545,"TTC19"
"SVBP",2.94e-07,0.124,0.724,0.712,0.00546,"SVBP"
"ERICH3",2.94e-07,0.701,0.02,0.013,0.00547,"ERICH3"
"PA2G4",2.94e-07,0.125,0.646,0.645,0.00548,"PA2G4"
"U2AF2",2.94e-07,0.178,0.354,0.333,0.00548,"U2AF2"
"DPY30",2.95e-07,0.117,0.687,0.676,0.0055,"DPY30"
"ATAD1",2.95e-07,0.127,0.63,0.615,0.0055,"ATAD1"
"COBLL1",2.98e-07,0.196,0.216,0.195,0.00555,"COBLL1"
"PSMD7",2.99e-07,0.131,0.621,0.616,0.00556,"PSMD7"
"DCAF8",3e-07,0.176,0.38,0.36,0.00558,"DCAF8"
"TMEM181",3.03e-07,0.141,0.629,0.611,0.00563,"TMEM181"
"ZBED5",3.03e-07,0.137,0.479,0.455,0.00564,"ZBED5"
"GNPTG",3.04e-07,0.198,0.318,0.298,0.00565,"GNPTG"
"TMEM170A",3.1e-07,0.161,0.433,0.416,0.00576,"TMEM170A"
"CPLANE1",3.15e-07,0.106,0.668,0.656,0.00587,"CPLANE1"
"NOP53",3.18e-07,0.126,0.59,0.575,0.00593,"NOP53"
"OCIAD2",3.23e-07,0.498,0.051,0.04,0.00601,"OCIAD2"
"UBXN6",3.26e-07,0.249,0.201,0.181,0.00608,"UBXN6"
"GORASP2",3.31e-07,0.18,0.453,0.433,0.00616,"GORASP2"
"YPEL5",3.33e-07,0.158,0.452,0.431,0.0062,"YPEL5"
"LHX2",3.34e-07,-0.156,0.215,0.237,0.00622,"LHX2"
"TXNDC12",3.35e-07,0.163,0.445,0.425,0.00624,"TXNDC12"
"NSMCE2",3.53e-07,0.114,0.698,0.686,0.00657,"NSMCE2"
"UGP2",3.54e-07,0.145,0.578,0.565,0.00658,"UGP2"
"SDHB",3.57e-07,0.153,0.497,0.48,0.00664,"SDHB"
"TMEM147",3.58e-07,0.219,0.508,0.505,0.00666,"TMEM147"
"RSRP1",3.58e-07,0.154,0.516,0.501,0.00666,"RSRP1"
"ARMCX1",3.59e-07,0.142,0.329,0.307,0.00668,"ARMCX1"
"ITM2C",3.61e-07,0.122,0.336,0.313,0.00672,"ITM2C"
"HELZ",3.63e-07,0.108,0.766,0.759,0.00676,"HELZ"
"C14orf119",3.64e-07,0.192,0.341,0.321,0.00677,"C14orf119"
"SUPT3H",3.66e-07,0.114,0.643,0.628,0.00681,"SUPT3H"
"KANK1",3.72e-07,0.287,0.266,0.245,0.00692,"KANK1"
"RSL24D1",3.73e-07,0.104,0.729,0.727,0.00693,"RSL24D1"
"TRAPPC11",3.76e-07,0.128,0.527,0.508,0.007,"TRAPPC11"
"COPS8",3.82e-07,0.125,0.572,0.56,0.00711,"COPS8"
"RRAS",3.82e-07,0.315,0.128,0.111,0.00711,"RRAS"
"SCHIP1",3.83e-07,0.334,0.075,0.062,0.00713,"SCHIP1"
"DAP3",3.85e-07,0.128,0.535,0.517,0.00717,"DAP3"
"NECAP2",3.87e-07,0.194,0.292,0.272,0.0072,"NECAP2"
"BAG1",3.9e-07,0.172,0.497,0.484,0.00725,"BAG1"
"PGRMC1",3.91e-07,0.113,0.713,0.708,0.00728,"PGRMC1"
"UNC119",3.93e-07,0.235,0.214,0.194,0.00732,"UNC119"
"CDH8",3.99e-07,0.345,0.18,0.161,0.00742,"CDH8"
"COBL",4.03e-07,-0.223,0.16,0.179,0.00751,"COBL"
"HIBADH",4.04e-07,0.173,0.314,0.292,0.00752,"HIBADH"
"RAB21",4.07e-07,0.145,0.517,0.502,0.00757,"RAB21"
"HADHB",4.14e-07,0.119,0.543,0.526,0.00771,"HADHB"
"RAN",4.2e-07,0.121,0.861,0.87,0.00782,"RAN"
"TRNT1",4.21e-07,0.175,0.333,0.313,0.00784,"TRNT1"
"PDCD10",4.26e-07,0.157,0.533,0.521,0.00792,"PDCD10"
"KLHDC8B",4.27e-07,0.412,0.081,0.067,0.00796,"KLHDC8B"
"SPRY1",4.35e-07,0.586,0.113,0.098,0.0081,"SPRY1"
"REST",4.35e-07,0.188,0.361,0.341,0.0081,"REST"
"SASH1",4.35e-07,0.105,0.242,0.22,0.0081,"SASH1"
"FMN2",4.37e-07,0.154,0.72,0.717,0.00813,"FMN2"
"RNF217",4.45e-07,0.186,0.249,0.227,0.00828,"RNF217"
"NCSTN",4.47e-07,0.21,0.23,0.21,0.00831,"NCSTN"
"CAPN1",4.49e-07,0.21,0.297,0.277,0.00835,"CAPN1"
"SYNGR2",4.49e-07,0.391,0.04,0.03,0.00835,"SYNGR2"
"MAZ",4.49e-07,0.111,0.571,0.554,0.00837,"MAZ"
"PITHD1",4.54e-07,0.109,0.428,0.406,0.00844,"PITHD1"
"MDGA1",4.57e-07,0.396,0.084,0.07,0.0085,"MDGA1"
"PLAAT4",4.65e-07,-0.215,0.059,0.072,0.00866,"PLAAT4"
"SCAMP1",4.67e-07,0.125,0.564,0.546,0.0087,"SCAMP1"
"POLR2B",4.72e-07,0.12,0.751,0.74,0.00878,"POLR2B"
"GAPVD1",4.76e-07,0.107,0.605,0.591,0.00885,"GAPVD1"
"SEC61A1",4.81e-07,0.148,0.378,0.358,0.00896,"SEC61A1"
"LYRM4",4.9e-07,0.146,0.48,0.462,0.00912,"LYRM4"
"PNRC2",4.91e-07,0.132,0.57,0.557,0.00915,"PNRC2"
"NRG2",4.92e-07,-0.201,0.132,0.151,0.00916,"NRG2"
"RPAP2",4.96e-07,0.121,0.709,0.7,0.00923,"RPAP2"
"SLITRK3",4.96e-07,0.537,0.021,0.014,0.00924,"SLITRK3"
"ADRA1A",5.01e-07,0.641,0.1,0.085,0.00932,"ADRA1A"
"PNMA8C",5.02e-07,0.444,0.054,0.043,0.00934,"PNMA8C"
"TKT",5.03e-07,0.199,0.594,0.588,0.00936,"TKT"
"MRC2",5.12e-07,0.184,0.294,0.272,0.00952,"MRC2"
"ELK3",5.15e-07,0.221,0.204,0.184,0.00959,"ELK3"
"RIPK2",5.18e-07,0.244,0.155,0.137,0.00965,"RIPK2"
"SMIM15",5.21e-07,0.174,0.427,0.41,0.0097,"SMIM15"
"CSNK2A2",5.22e-07,0.152,0.528,0.517,0.00972,"CSNK2A2"
"SCML1",5.22e-07,-0.151,0.337,0.359,0.00972,"SCML1"
"CTSD",5.26e-07,0.246,0.191,0.172,0.00979,"CTSD"
"MMS22L",5.35e-07,-0.145,0.422,0.445,0.00996,"MMS22L"
"PFDN1",5.44e-07,0.115,0.634,0.624,0.0101,"PFDN1"
"UPF2",5.45e-07,0.13,0.528,0.511,0.0101,"UPF2"
"ARHGAP29",5.46e-07,0.623,0.073,0.061,0.0102,"ARHGAP29"
"CTSB",5.59e-07,0.228,0.324,0.306,0.0104,"CTSB"
"SLC25A33",5.65e-07,0.147,0.397,0.377,0.0105,"SLC25A33"
"DHX40",5.81e-07,0.149,0.509,0.494,0.0108,"DHX40"
"KBTBD11",5.82e-07,-0.172,0.163,0.183,0.0108,"KBTBD11"
"SAMD11",5.83e-07,0.769,0.028,0.02,0.0108,"SAMD11"
"AASS",5.87e-07,0.12,0.506,0.49,0.0109,"AASS"
"FAM98B",5.89e-07,0.158,0.433,0.418,0.011,"FAM98B"
"MLXIP",5.92e-07,0.136,0.31,0.288,0.011,"MLXIP"
"PMS1",5.98e-07,0.158,0.523,0.506,0.0111,"PMS1"
"INA",6.03e-07,-0.118,0.419,0.446,0.0112,"INA"
"RBMS2",6.12e-07,0.168,0.34,0.318,0.0114,"RBMS2"
"SCN3A",6.16e-07,0.101,0.64,0.621,0.0115,"SCN3A"
"FAM20B",6.18e-07,0.172,0.344,0.322,0.0115,"FAM20B"
"MT-TS2",6.19e-07,-0.519,0.011,0.018,0.0115,"MT-TS2"
"LGI1",6.2e-07,0.523,0.054,0.043,0.0115,"LGI1"
"TMEM35B",6.27e-07,0.223,0.096,0.081,0.0117,"TMEM35B"
"SMIM29",6.28e-07,0.243,0.248,0.228,0.0117,"SMIM29"
"EXOSC1",6.3e-07,0.191,0.314,0.293,0.0117,"EXOSC1"
"KCTD2",6.36e-07,0.298,0.263,0.243,0.0118,"KCTD2"
"TIA1",6.42e-07,0.117,0.634,0.62,0.0119,"TIA1"
"IER3IP1",6.46e-07,0.169,0.449,0.431,0.012,"IER3IP1"
"ATF7IP2",6.58e-07,0.248,0.13,0.113,0.0122,"ATF7IP2"
"PRR7",6.6e-07,0.237,0.168,0.15,0.0123,"PRR7"
"TRMT11",6.64e-07,0.156,0.565,0.547,0.0124,"TRMT11"
"PPIC",6.65e-07,0.407,0.07,0.057,0.0124,"PPIC"
"KCTD8",6.7e-07,0.32,0.169,0.151,0.0125,"KCTD8"
"ELOF1",6.76e-07,0.182,0.289,0.268,0.0126,"ELOF1"
"BECN1",6.78e-07,0.167,0.326,0.306,0.0126,"BECN1"
"VAMP5",6.81e-07,0.397,0.065,0.053,0.0127,"VAMP5"
"GINM1",6.85e-07,0.116,0.54,0.526,0.0128,"GINM1"
"RICTOR",6.95e-07,0.114,0.68,0.668,0.0129,"RICTOR"
"ZNF385A",6.97e-07,0.284,0.114,0.098,0.013,"ZNF385A"
"MLLT11",6.99e-07,0.106,0.92,0.902,0.013,"MLLT11"
"PRELID1",7.03e-07,0.142,0.675,0.674,0.0131,"PRELID1"
"KIF9",7.08e-07,0.25,0.163,0.145,0.0132,"KIF9"
"SNRNP70",7.12e-07,0.107,0.698,0.699,0.0132,"SNRNP70"
"IRX5",7.12e-07,0.467,0.036,0.027,0.0132,"IRX5"
"PPFIA1",7.15e-07,0.127,0.584,0.57,0.0133,"PPFIA1"
"AKAP7",7.2e-07,0.25,0.263,0.243,0.0134,"AKAP7"
"NOL7",7.26e-07,0.129,0.678,0.679,0.0135,"NOL7"
"MGARP",7.26e-07,0.64,0.042,0.032,0.0135,"MGARP"
"SMO",7.29e-07,0.209,0.286,0.265,0.0136,"SMO"
"DSTYK",7.38e-07,0.141,0.565,0.552,0.0137,"DSTYK"
"UQCC3",7.44e-07,0.23,0.258,0.238,0.0138,"UQCC3"
"SHMT2",7.47e-07,0.171,0.253,0.232,0.0139,"SHMT2"
"FASTKD1",7.49e-07,0.172,0.32,0.298,0.0139,"FASTKD1"
"TBCK",7.53e-07,0.107,0.741,0.735,0.014,"TBCK"
"SMIM27",7.53e-07,0.225,0.175,0.156,0.014,"SMIM27"
"ETFRF1",7.59e-07,0.179,0.303,0.282,0.0141,"ETFRF1"
"SNRPD1",7.62e-07,0.105,0.843,0.846,0.0142,"SNRPD1"
"SELENOF",7.62e-07,0.119,0.662,0.657,0.0142,"SELENOF"
"VAMP3",7.66e-07,0.212,0.284,0.265,0.0143,"VAMP3"
"AKT1S1",7.68e-07,0.322,0.103,0.088,0.0143,"AKT1S1"
"STOML2",7.7e-07,0.179,0.562,0.56,0.0143,"STOML2"
"MRPS36",7.7e-07,0.137,0.521,0.505,0.0143,"MRPS36"
"OTULIN",7.72e-07,0.173,0.213,0.192,0.0144,"OTULIN"
"POLR1D",7.75e-07,0.125,0.681,0.671,0.0144,"POLR1D"
"DLD",7.81e-07,0.162,0.422,0.403,0.0145,"DLD"
"ATP6V1C1",7.85e-07,0.162,0.403,0.385,0.0146,"ATP6V1C1"
"CLIP4",7.86e-07,0.193,0.249,0.229,0.0146,"CLIP4"
"GDI1",7.87e-07,0.102,0.73,0.72,0.0146,"GDI1"
"ZNF524",7.93e-07,0.245,0.09,0.076,0.0148,"ZNF524"
"PSMD6",8.01e-07,0.143,0.501,0.483,0.0149,"PSMD6"
"SUCLG2",8.03e-07,0.143,0.259,0.237,0.0149,"SUCLG2"
"BRWD3",8.03e-07,0.14,0.617,0.603,0.015,"BRWD3"
"ABCB7",8.05e-07,0.143,0.516,0.501,0.015,"ABCB7"
"RGS19",8.1e-07,0.41,0.059,0.047,0.0151,"RGS19"
"WDFY1",8.11e-07,0.14,0.439,0.42,0.0151,"WDFY1"
"SERPINI2",8.16e-07,-0.549,0.013,0.02,0.0152,"SERPINI2"
"ATG3",8.24e-07,0.179,0.406,0.388,0.0153,"ATG3"
"CPLX2",8.26e-07,-0.157,0.201,0.223,0.0154,"CPLX2"
"SIK2",8.29e-07,0.139,0.557,0.538,0.0154,"SIK2"
"AFF1",8.34e-07,0.171,0.339,0.318,0.0155,"AFF1"
"CCNL2",8.36e-07,0.133,0.505,0.486,0.0156,"CCNL2"
"RPRML",8.37e-07,0.764,0.023,0.016,0.0156,"RPRML"
"TCTA",8.54e-07,0.342,0.087,0.073,0.0159,"TCTA"
"KDSR",8.58e-07,0.137,0.426,0.404,0.016,"KDSR"
"DDB2",8.58e-07,0.165,0.218,0.198,0.016,"DDB2"
"SLC12A4",8.73e-07,0.329,0.079,0.065,0.0162,"SLC12A4"
"BEND7",8.74e-07,0.12,0.357,0.334,0.0163,"BEND7"
"PIGS",8.8e-07,0.265,0.164,0.146,0.0164,"PIGS"
"CHFR",8.86e-07,0.146,0.363,0.341,0.0165,"CHFR"
"TNFRSF1A",8.88e-07,0.221,0.192,0.173,0.0165,"TNFRSF1A"
"BRINP1",8.93e-07,-0.285,0.146,0.164,0.0166,"BRINP1"
"KIF3B",9.16e-07,0.157,0.421,0.4,0.0171,"KIF3B"
"GLDC",9.19e-07,0.131,0.485,0.466,0.0171,"GLDC"
"ZBED1",9.24e-07,0.208,0.304,0.283,0.0172,"ZBED1"
"POLA1",9.28e-07,0.144,0.603,0.585,0.0173,"POLA1"
"PIERCE1",9.3e-07,0.349,0.07,0.058,0.0173,"PIERCE1"
"L3HYPDH",9.3e-07,0.241,0.196,0.177,0.0173,"L3HYPDH"
"EFNB3",9.34e-07,0.26,0.195,0.177,0.0174,"EFNB3"
"VPS36",9.35e-07,0.124,0.557,0.545,0.0174,"VPS36"
"P4HB",9.61e-07,0.156,0.391,0.373,0.0179,"P4HB"
"TSPAN12",9.63e-07,0.236,0.163,0.145,0.0179,"TSPAN12"
"CDH7",9.63e-07,-1.058,0.006,0.011,0.0179,"CDH7"
"FZD8",9.65e-07,-0.292,0.114,0.13,0.018,"FZD8"
"FAM227B",9.65e-07,0.198,0.287,0.265,0.018,"FAM227B"
"ERO1B",9.73e-07,0.137,0.367,0.344,0.0181,"ERO1B"
"MAN1A1",9.74e-07,0.294,0.1,0.085,0.0181,"MAN1A1"
"KLHDC8A",9.89e-07,0.225,0.572,0.565,0.0184,"KLHDC8A"
"ETNK1",1e-06,0.116,0.715,0.708,0.0187,"ETNK1"
"NMNAT2",1.01e-06,0.24,0.379,0.359,0.0188,"NMNAT2"
"PER2",1.01e-06,-0.117,0.148,0.168,0.0188,"PER2"
"CAPN13",1.01e-06,0.878,0.016,0.01,0.0189,"CAPN13"
"CREB3L2",1.02e-06,0.194,0.208,0.189,0.0189,"CREB3L2"
"ARID4A",1.03e-06,0.106,0.756,0.743,0.0192,"ARID4A"
"NADK",1.03e-06,0.191,0.206,0.186,0.0192,"NADK"
"CHP1",1.04e-06,0.181,0.312,0.293,0.0193,"CHP1"
"ACAA2",1.04e-06,0.192,0.349,0.328,0.0194,"ACAA2"
"ZNF787",1.04e-06,0.203,0.273,0.254,0.0194,"ZNF787"
"GOLGA2",1.05e-06,0.154,0.386,0.368,0.0195,"GOLGA2"
"TEX264",1.05e-06,0.207,0.256,0.236,0.0196,"TEX264"
"VPS50",1.06e-06,0.145,0.508,0.488,0.0197,"VPS50"
"C1QL1",1.06e-06,0.702,0.135,0.119,0.0197,"C1QL1"
"KPNA4",1.08e-06,0.112,0.703,0.696,0.0202,"KPNA4"
"C9orf78",1.09e-06,0.13,0.497,0.48,0.0204,"C9orf78"
"CWC15",1.1e-06,0.109,0.689,0.69,0.0205,"CWC15"
"AMDHD2",1.11e-06,0.328,0.093,0.079,0.0206,"AMDHD2"
"FKBP1B",1.13e-06,0.256,0.196,0.178,0.021,"FKBP1B"
"AATK",1.13e-06,0.345,0.084,0.07,0.0211,"AATK"
"ZNF664",1.14e-06,0.188,0.371,0.351,0.0212,"ZNF664"
"NDUFA4L2",1.15e-06,-0.819,0.019,0.026,0.0215,"NDUFA4L2"
"GFER",1.16e-06,0.234,0.16,0.142,0.0216,"GFER"
"SRGAP2C",1.18e-06,0.127,0.724,0.709,0.0219,"SRGAP2C"
"TUBGCP2",1.19e-06,0.138,0.475,0.458,0.0222,"TUBGCP2"
"SLC5A3",1.2e-06,0.229,0.256,0.236,0.0223,"SLC5A3"
"GNL3L",1.22e-06,0.201,0.313,0.293,0.0228,"GNL3L"
"FAM53C",1.23e-06,0.197,0.261,0.24,0.023,"FAM53C"
"ANGPTL2",1.25e-06,0.405,0.1,0.086,0.0232,"ANGPTL2"
"SLC41A2",1.25e-06,0.172,0.219,0.198,0.0233,"SLC41A2"
"RASGRP2",1.25e-06,-0.351,0.038,0.049,0.0233,"RASGRP2"
"CISD1",1.26e-06,0.145,0.497,0.479,0.0235,"CISD1"
"MED4",1.26e-06,0.102,0.681,0.67,0.0235,"MED4"
"TOMM34",1.29e-06,0.222,0.134,0.117,0.024,"TOMM34"
"SNRNP27",1.3e-06,0.131,0.498,0.484,0.0243,"SNRNP27"
"DISP1",1.31e-06,0.148,0.47,0.449,0.0243,"DISP1"
"ASB3",1.31e-06,0.11,0.783,0.778,0.0243,"ASB3"
"CLOCK",1.32e-06,0.131,0.615,0.599,0.0245,"CLOCK"
"IRAK1BP1",1.32e-06,0.111,0.527,0.506,0.0246,"IRAK1BP1"
"CMC1",1.33e-06,0.111,0.467,0.449,0.0247,"CMC1"
"IARS2",1.36e-06,0.154,0.425,0.407,0.0253,"IARS2"
"CASD1",1.36e-06,0.12,0.628,0.614,0.0254,"CASD1"
"CCDC174",1.38e-06,0.18,0.356,0.336,0.0256,"CCDC174"
"SLMAP",1.39e-06,0.107,0.663,0.651,0.0258,"SLMAP"
"CLIP2",1.39e-06,0.118,0.644,0.631,0.0259,"CLIP2"
"ECI1",1.4e-06,0.151,0.506,0.491,0.026,"ECI1"
"ELAVL1",1.4e-06,0.109,0.639,0.63,0.0261,"ELAVL1"
"TMEM9",1.41e-06,0.141,0.359,0.338,0.0262,"TMEM9"
"C22orf31",1.41e-06,0.791,0.014,0.008,0.0263,"C22orf31"
"ACACB",1.42e-06,-0.163,0.192,0.212,0.0263,"ACACB"
"IDE",1.42e-06,0.11,0.297,0.276,0.0264,"IDE"
"CAST",1.42e-06,0.215,0.286,0.267,0.0265,"CAST"
"RPL7L1",1.45e-06,0.123,0.636,0.623,0.0269,"RPL7L1"
"TM6SF1",1.45e-06,0.283,0.127,0.111,0.0269,"TM6SF1"
"KIF1C",1.46e-06,0.255,0.116,0.101,0.0272,"KIF1C"
"CIB1",1.46e-06,0.156,0.273,0.253,0.0272,"CIB1"
"ACVR1",1.48e-06,-0.203,0.324,0.345,0.0275,"ACVR1"
"MZF1",1.48e-06,0.222,0.19,0.171,0.0276,"MZF1"
"RAB20",1.49e-06,-0.716,0.011,0.017,0.0277,"RAB20"
"ANKRD29",1.53e-06,-0.322,0.022,0.031,0.0285,"ANKRD29"
"ZNF83",1.54e-06,0.106,0.597,0.582,0.0286,"ZNF83"
"PRAF2",1.54e-06,0.235,0.228,0.209,0.0286,"PRAF2"
"PWWP3A",1.55e-06,0.132,0.525,0.508,0.0288,"PWWP3A"
"ENSG00000276345",1.55e-06,0.314,0.086,0.072,0.0289,"ENSG00000276345"
"CASP8",1.56e-06,0.511,0.038,0.029,0.029,"CASP8"
"CCDC90B",1.57e-06,0.135,0.584,0.573,0.0291,"CCDC90B"
"B3GNT5",1.57e-06,0.157,0.303,0.282,0.0293,"B3GNT5"
"SYNM",1.62e-06,0.298,0.125,0.109,0.0301,"SYNM"
"PRTG",1.64e-06,0.148,0.19,0.171,0.0306,"PRTG"
"PCMTD2",1.65e-06,0.16,0.468,0.453,0.0306,"PCMTD2"
"GLIPR2",1.65e-06,0.225,0.287,0.268,0.0306,"GLIPR2"
"SNX1",1.65e-06,0.133,0.529,0.517,0.0308,"SNX1"
"NSMCE3",1.67e-06,0.151,0.361,0.34,0.0311,"NSMCE3"
"CUEDC1",1.67e-06,0.159,0.39,0.371,0.0311,"CUEDC1"
"RHBDD2",1.67e-06,0.244,0.207,0.189,0.0311,"RHBDD2"
"SUDS3",1.68e-06,0.133,0.525,0.513,0.0313,"SUDS3"
"COA8",1.7e-06,0.142,0.461,0.444,0.0316,"COA8"
"PCDH19",1.72e-06,0.207,0.1,0.086,0.032,"PCDH19"
"SIL1",1.72e-06,0.109,0.49,0.473,0.0321,"SIL1"
"CCDC25",1.73e-06,0.175,0.373,0.356,0.0322,"CCDC25"
"AIG1",1.74e-06,0.137,0.445,0.427,0.0324,"AIG1"
"RIOX2",1.74e-06,0.273,0.085,0.071,0.0324,"RIOX2"
"NOVA2",1.74e-06,0.129,0.514,0.499,0.0324,"NOVA2"
"GTF2H4",1.76e-06,0.254,0.162,0.145,0.0327,"GTF2H4"
"ARL2BP",1.76e-06,0.124,0.66,0.653,0.0328,"ARL2BP"
"MCUB",1.77e-06,-0.183,0.465,0.479,0.0329,"MCUB"
"MTHFD2L",1.77e-06,0.12,0.491,0.474,0.033,"MTHFD2L"
"MICU1",1.8e-06,0.106,0.736,0.729,0.0334,"MICU1"
"STARD3",1.8e-06,0.207,0.218,0.198,0.0336,"STARD3"
"POLD4",1.82e-06,0.265,0.118,0.102,0.034,"POLD4"
"CISD2",1.83e-06,0.143,0.475,0.459,0.0341,"CISD2"
"SHROOM2",1.84e-06,-0.137,0.127,0.145,0.0342,"SHROOM2"
"HPF1",1.85e-06,0.107,0.68,0.674,0.0344,"HPF1"
"AGA",1.86e-06,0.21,0.128,0.111,0.0346,"AGA"
"EFTUD2",1.86e-06,0.217,0.411,0.397,0.0347,"EFTUD2"
"DFFA",1.88e-06,0.173,0.362,0.343,0.0349,"DFFA"
"MFSD1",1.9e-06,0.206,0.24,0.22,0.0354,"MFSD1"
"HTR1F",1.91e-06,1.288,0.013,0.008,0.0355,"HTR1F"
"ETV1",1.92e-06,0.202,0.434,0.406,0.0358,"ETV1"
"RBFOX1",1.94e-06,0.408,0.113,0.098,0.036,"RBFOX1"
"BAZ2A",1.95e-06,0.166,0.419,0.399,0.0363,"BAZ2A"
"PLIN3",1.99e-06,0.227,0.238,0.219,0.037,"PLIN3"
"TLE3",2.01e-06,-0.113,0.313,0.337,0.0373,"TLE3"
"NELL1",2.01e-06,-0.948,0.008,0.014,0.0374,"NELL1"
"TBK1",2.03e-06,0.133,0.462,0.445,0.0377,"TBK1"
"SLC25A39",2.03e-06,0.233,0.243,0.225,0.0378,"SLC25A39"
"TMEM248",2.03e-06,0.155,0.37,0.35,0.0378,"TMEM248"
"AKT1",2.04e-06,0.185,0.436,0.418,0.038,"AKT1"
"CXorf38",2.05e-06,-0.112,0.224,0.246,0.0382,"CXorf38"
"ZNF652",2.06e-06,0.103,0.694,0.684,0.0383,"ZNF652"
"SLC66A3",2.07e-06,0.218,0.124,0.108,0.0385,"SLC66A3"
"CDHR3",2.07e-06,-0.173,0.262,0.283,0.0385,"CDHR3"
"MTA1",2.08e-06,0.155,0.44,0.421,0.0387,"MTA1"
"KPNA6",2.09e-06,0.128,0.595,0.58,0.0389,"KPNA6"
"ECH1",2.13e-06,0.166,0.399,0.38,0.0396,"ECH1"
"HSD17B11",2.14e-06,0.158,0.247,0.228,0.0399,"HSD17B11"
"P3H2",2.16e-06,0.704,0.046,0.036,0.0402,"P3H2"
"CTDSP2",2.17e-06,0.174,0.427,0.41,0.0405,"CTDSP2"
"ATXN7",2.2e-06,0.13,0.442,0.424,0.0409,"ATXN7"
"DACH2",2.23e-06,0.279,0.075,0.062,0.0415,"DACH2"
"NFKBIB",2.24e-06,0.247,0.139,0.122,0.0416,"NFKBIB"
"MERTK",2.25e-06,0.289,0.123,0.107,0.0418,"MERTK"
"GSE1",2.25e-06,0.127,0.763,0.748,0.0419,"GSE1"
"AGRN",2.26e-06,0.252,0.133,0.117,0.042,"AGRN"
"VPS4A",2.26e-06,0.155,0.393,0.374,0.0421,"VPS4A"
"SCG3",2.32e-06,0.195,0.547,0.536,0.0431,"SCG3"
"ACO2",2.33e-06,0.129,0.578,0.566,0.0434,"ACO2"
"EGR2",2.37e-06,0.711,0.025,0.018,0.0441,"EGR2"
"CACUL1",2.39e-06,0.102,0.623,0.608,0.0445,"CACUL1"
"SLC4A2",2.42e-06,0.211,0.157,0.14,0.0451,"SLC4A2"
"DPY19L1",2.42e-06,0.17,0.329,0.31,0.0451,"DPY19L1"
"API5",2.42e-06,0.106,0.581,0.566,0.0451,"API5"
"PYGM",2.43e-06,-0.515,0.018,0.026,0.0453,"PYGM"
"MAFB",2.45e-06,-0.372,0.097,0.112,0.0456,"MAFB"
"SLC35B2",2.45e-06,0.2,0.228,0.208,0.0457,"SLC35B2"
"AEBP2",2.49e-06,0.116,0.608,0.597,0.0464,"AEBP2"
"ARHGAP17",2.5e-06,0.121,0.471,0.454,0.0465,"ARHGAP17"
"NUTM2E",2.51e-06,0.147,0.318,0.298,0.0467,"NUTM2E"
"DDX21",2.51e-06,0.167,0.487,0.475,0.0468,"DDX21"
"SMARCAD1",2.53e-06,0.104,0.757,0.751,0.047,"SMARCAD1"
"RNFT1",2.53e-06,0.176,0.225,0.206,0.0471,"RNFT1"
"XRCC4",2.53e-06,0.16,0.353,0.33,0.0472,"XRCC4"
"XPNPEP1",2.54e-06,0.183,0.228,0.209,0.0473,"XPNPEP1"
"WBP4",2.54e-06,0.102,0.472,0.452,0.0473,"WBP4"
"KIAA1586",2.56e-06,0.153,0.497,0.48,0.0477,"KIAA1586"
"TMC7",2.58e-06,0.226,0.128,0.112,0.048,"TMC7"
"NSF",2.61e-06,0.133,0.385,0.363,0.0486,"NSF"
"MRPL36",2.62e-06,0.163,0.412,0.396,0.0487,"MRPL36"
"APPL2",2.7e-06,0.122,0.609,0.596,0.0503,"APPL2"
"PLEKHA3",2.7e-06,0.132,0.564,0.549,0.0503,"PLEKHA3"
"TUG1",2.71e-06,0.102,0.666,0.655,0.0505,"TUG1"
"SLC6A11",2.73e-06,-0.345,0.056,0.067,0.0508,"SLC6A11"
"NIN",2.73e-06,0.146,0.692,0.676,0.0508,"NIN"
"FOXO6",2.74e-06,-0.108,0.142,0.161,0.0511,"FOXO6"
"ERP44",2.74e-06,0.121,0.62,0.608,0.0511,"ERP44"
"PEX13",2.75e-06,0.122,0.444,0.424,0.0511,"PEX13"
"ARSF",2.77e-06,-0.94,0.008,0.013,0.0516,"ARSF"
"EIF2S2",2.77e-06,0.122,0.713,0.711,0.0516,"EIF2S2"
"RNF181",2.79e-06,0.167,0.438,0.422,0.0519,"RNF181"
"PMP22",2.85e-06,0.434,0.229,0.212,0.053,"PMP22"
"KLHL21",2.87e-06,0.172,0.13,0.114,0.0534,"KLHL21"
"TRMT112",2.88e-06,0.109,0.742,0.745,0.0535,"TRMT112"
"MIER1",2.88e-06,0.121,0.634,0.624,0.0536,"MIER1"
"CCDC186",2.88e-06,0.144,0.321,0.299,0.0536,"CCDC186"
"LMCD1",2.92e-06,0.44,0.071,0.059,0.0543,"LMCD1"
"TWF1",2.92e-06,0.177,0.367,0.35,0.0544,"TWF1"
"TLN2",2.93e-06,0.147,0.33,0.31,0.0545,"TLN2"
"MCFD2",2.93e-06,0.177,0.397,0.381,0.0546,"MCFD2"
"SEPHS2",2.98e-06,0.175,0.283,0.264,0.0555,"SEPHS2"
"IKBIP",3.02e-06,0.112,0.343,0.322,0.0561,"IKBIP"
"RASSF4",3.03e-06,0.255,0.169,0.152,0.0563,"RASSF4"
"ZFPM2",3.03e-06,0.384,0.423,0.409,0.0564,"ZFPM2"
"ZNF501",3.03e-06,0.337,0.046,0.036,0.0565,"ZNF501"
"A2ML1",3.04e-06,-0.481,0.023,0.031,0.0566,"A2ML1"
"CNGA3",3.06e-06,0.447,0.074,0.062,0.057,"CNGA3"
"ESRRG",3.07e-06,-0.52,0.105,0.119,0.057,"ESRRG"
"SAC3D1",3.09e-06,0.124,0.412,0.391,0.0575,"SAC3D1"
"TCTN1",3.11e-06,0.156,0.31,0.29,0.0579,"TCTN1"
"CLN5",3.12e-06,0.142,0.396,0.375,0.058,"CLN5"
"FGF14",3.13e-06,-0.457,0.108,0.124,0.0582,"FGF14"
"BMP7",3.14e-06,-0.246,0.287,0.306,0.0584,"BMP7"
"P2RY14",3.15e-06,0.383,0.206,0.189,0.0586,"P2RY14"
"HMBOX1",3.19e-06,0.115,0.726,0.716,0.0595,"HMBOX1"
"KXD1",3.22e-06,0.19,0.347,0.33,0.0599,"KXD1"
"ZBTB16",3.28e-06,-0.258,0.177,0.195,0.061,"ZBTB16"
"RABGGTB",3.29e-06,0.151,0.37,0.352,0.0613,"RABGGTB"
"SBDS",3.32e-06,0.136,0.512,0.5,0.0619,"SBDS"
"ZSCAN1",3.35e-06,0.229,0.15,0.133,0.0624,"ZSCAN1"
"LAGE3",3.39e-06,0.211,0.369,0.354,0.063,"LAGE3"
"CDH12",3.39e-06,0.44,0.058,0.047,0.0632,"CDH12"
"WASHC2C",3.44e-06,0.184,0.297,0.278,0.0641,"WASHC2C"
"TRAK2",3.47e-06,0.157,0.336,0.316,0.0646,"TRAK2"
"MGAT1",3.49e-06,0.222,0.171,0.154,0.065,"MGAT1"
"RAB4A",3.58e-06,0.125,0.604,0.595,0.0666,"RAB4A"
"PARP1",3.64e-06,0.116,0.772,0.775,0.0677,"PARP1"
"GPATCH4",3.64e-06,0.225,0.165,0.148,0.0678,"GPATCH4"
"MPLKIP",3.65e-06,0.143,0.591,0.582,0.0679,"MPLKIP"
"ADAM22",3.68e-06,0.142,0.566,0.555,0.0684,"ADAM22"
"DACH1",3.72e-06,0.273,0.341,0.324,0.0692,"DACH1"
"CHST11",3.72e-06,0.112,0.757,0.747,0.0693,"CHST11"
"VAX2",3.74e-06,0.236,0.101,0.087,0.0696,"VAX2"
"SUPT4H1",3.78e-06,0.135,0.473,0.458,0.0704,"SUPT4H1"
"MAP2K5",3.8e-06,0.172,0.605,0.593,0.0708,"MAP2K5"
"GATB",3.81e-06,0.191,0.169,0.151,0.0709,"GATB"
"DAZAP2",3.84e-06,0.154,0.499,0.486,0.0714,"DAZAP2"
"PARN",3.85e-06,0.138,0.392,0.372,0.0717,"PARN"
"NAA38",3.87e-06,0.108,0.578,0.567,0.0721,"NAA38"
"SDHC",3.94e-06,0.157,0.541,0.536,0.0733,"SDHC"
"TMEM121",3.99e-06,0.202,0.148,0.131,0.0742,"TMEM121"
"TSHZ1",4.01e-06,0.148,0.317,0.297,0.0746,"TSHZ1"
"QDPR",4.01e-06,0.176,0.392,0.375,0.0746,"QDPR"
"SAMD13",4.04e-06,0.316,0.096,0.082,0.0751,"SAMD13"
"BUB3",4.1e-06,0.154,0.523,0.508,0.0763,"BUB3"
"ATP6AP1",4.12e-06,0.179,0.339,0.32,0.0767,"ATP6AP1"
"CHMP1A",4.14e-06,0.175,0.275,0.255,0.077,"CHMP1A"
"SUCLA2",4.14e-06,0.103,0.616,0.605,0.0771,"SUCLA2"
"GTF3C4",4.18e-06,0.185,0.318,0.299,0.0778,"GTF3C4"
"ANKLE2",4.28e-06,0.125,0.454,0.435,0.0797,"ANKLE2"
"SIRT2",4.32e-06,0.222,0.361,0.342,0.0804,"SIRT2"
"GALNT7",4.35e-06,0.123,0.434,0.414,0.0809,"GALNT7"
"TDRD3",4.35e-06,0.101,0.583,0.567,0.081,"TDRD3"
"H1-0",4.36e-06,0.397,0.041,0.032,0.0811,"H1-0"
"GLRX3",4.38e-06,0.141,0.551,0.544,0.0816,"GLRX3"
"MED28",4.4e-06,0.115,0.509,0.492,0.0819,"MED28"
"LRP1B",4.41e-06,0.618,0.14,0.124,0.0821,"LRP1B"
"JAKMIP1",4.42e-06,-0.834,0.008,0.013,0.0822,"JAKMIP1"
"SCRIB",4.45e-06,0.195,0.191,0.174,0.0829,"SCRIB"
"TAGLN",4.47e-06,0.282,0.042,0.033,0.0831,"TAGLN"
"ARCN1",4.47e-06,0.157,0.462,0.447,0.0832,"ARCN1"
"ARHGAP20",4.53e-06,0.893,0.015,0.009,0.0843,"ARHGAP20"
"MSI1",4.53e-06,0.167,0.472,0.459,0.0844,"MSI1"
"DNALI1",4.57e-06,0.206,0.2,0.183,0.0851,"DNALI1"
"IRF2BPL",4.58e-06,0.153,0.392,0.371,0.0853,"IRF2BPL"
"MVB12B",4.58e-06,0.118,0.548,0.534,0.0853,"MVB12B"
"PHEX",4.61e-06,0.256,0.097,0.083,0.0857,"PHEX"
"PKIA",4.64e-06,0.16,0.778,0.771,0.0864,"PKIA"
"LATS2",4.71e-06,0.172,0.152,0.135,0.0877,"LATS2"
"AHCY",4.78e-06,0.197,0.238,0.219,0.089,"AHCY"
"SOX9",4.81e-06,0.154,0.698,0.695,0.0895,"SOX9"
"BAG5",4.84e-06,0.139,0.426,0.41,0.0901,"BAG5"
"DDRGK1",4.85e-06,0.163,0.317,0.298,0.0902,"DDRGK1"
"VPS33A",4.9e-06,0.198,0.227,0.208,0.0913,"VPS33A"
"MIB2",4.91e-06,0.219,0.141,0.125,0.0913,"MIB2"
"CAMK2N1",4.91e-06,0.148,0.815,0.814,0.0913,"CAMK2N1"
"DHX8",4.93e-06,0.164,0.395,0.376,0.0917,"DHX8"
"ANXA7",4.99e-06,0.147,0.434,0.421,0.0928,"ANXA7"
"SALL3",5e-06,0.159,0.385,0.366,0.0931,"SALL3"
"LIN7B",5.01e-06,0.249,0.18,0.164,0.0933,"LIN7B"
"RHOB",5.03e-06,0.229,0.353,0.338,0.0937,"RHOB"
"ZKSCAN8",5.04e-06,0.177,0.314,0.295,0.0939,"ZKSCAN8"
"ABHD16A",5.06e-06,0.174,0.307,0.288,0.0941,"ABHD16A"
"ACAD8",5.07e-06,0.183,0.214,0.196,0.0943,"ACAD8"
"TUBA1B",5.08e-06,-0.113,0.94,0.945,0.0945,"TUBA1B"
"DNAH14",5.08e-06,0.221,0.264,0.247,0.0946,"DNAH14"
"NUDC",5.11e-06,0.109,0.706,0.709,0.0951,"NUDC"
"TADA2B",5.13e-06,0.232,0.125,0.109,0.0954,"TADA2B"
"CYP4V2",5.13e-06,0.206,0.137,0.121,0.0955,"CYP4V2"
"CPPED1",5.16e-06,0.193,0.111,0.096,0.096,"CPPED1"
"LYPD6B",5.22e-06,-0.457,0.008,0.013,0.0971,"LYPD6B"
"TMEM60",5.25e-06,0.184,0.273,0.254,0.0977,"TMEM60"
"TUSC2",5.27e-06,0.146,0.312,0.292,0.098,"TUSC2"
"WBP11",5.28e-06,0.137,0.543,0.534,0.0982,"WBP11"
"CNIH1",5.29e-06,0.121,0.546,0.534,0.0984,"CNIH1"
"BTBD3",5.33e-06,0.178,0.362,0.344,0.0992,"BTBD3"
"RIMOC1",5.33e-06,0.162,0.28,0.261,0.0992,"RIMOC1"
"CNP",5.42e-06,0.216,0.3,0.282,0.101,"CNP"
"ORAI3",5.48e-06,0.26,0.088,0.075,0.102,"ORAI3"
"CUL4B",5.48e-06,0.161,0.383,0.364,0.102,"CUL4B"
"FOXJ1",5.52e-06,0.479,0.026,0.019,0.103,"FOXJ1"
"DIO3",5.61e-06,0.745,0.029,0.021,0.104,"DIO3"
"FAM136A",5.63e-06,0.169,0.447,0.436,0.105,"FAM136A"
"COMMD3",5.65e-06,0.131,0.53,0.517,0.105,"COMMD3"
"ODF2L",5.72e-06,0.112,0.56,0.54,0.106,"ODF2L"
"GSPT1",5.75e-06,0.1,0.726,0.729,0.107,"GSPT1"
"PHB1",5.76e-06,0.169,0.487,0.479,0.107,"PHB1"
"AKNAD1",5.81e-06,-0.297,0.105,0.119,0.108,"AKNAD1"
"RPP38",5.84e-06,0.185,0.342,0.322,0.109,"RPP38"
"APH1A",5.85e-06,0.146,0.492,0.478,0.109,"APH1A"
"GTF3C3",5.86e-06,0.175,0.293,0.273,0.109,"GTF3C3"
"PPP1R21",5.87e-06,0.119,0.49,0.471,0.109,"PPP1R21"
"PPFIA4",5.87e-06,-0.364,0.073,0.086,0.109,"PPFIA4"
"MMP16",5.88e-06,0.27,0.821,0.818,0.109,"MMP16"
"LMBR1",5.88e-06,0.102,0.601,0.585,0.109,"LMBR1"
"MDFIC",5.9e-06,0.195,0.147,0.131,0.11,"MDFIC"
"ADA",5.9e-06,0.221,0.119,0.105,0.11,"ADA"
"DDX42",5.91e-06,0.107,0.582,0.57,0.11,"DDX42"
"CELSR2",5.95e-06,0.174,0.368,0.35,0.111,"CELSR2"
"KEAP1",5.98e-06,0.213,0.251,0.233,0.111,"KEAP1"
"PER3",6.01e-06,-0.139,0.245,0.265,0.112,"PER3"
"HIP1R",6.02e-06,0.151,0.312,0.292,0.112,"HIP1R"
"MIOS",6.03e-06,0.189,0.284,0.265,0.112,"MIOS"
"MOAP1",6.03e-06,0.192,0.282,0.264,0.112,"MOAP1"
"FTSJ3",6.07e-06,0.211,0.182,0.164,0.113,"FTSJ3"
"ENSG00000214265",6.07e-06,0.11,0.697,0.69,0.113,"ENSG00000214265"
"DHRSX",6.08e-06,0.207,0.192,0.174,0.113,"DHRSX"
"RHOG",6.1e-06,0.29,0.106,0.092,0.114,"RHOG"
"EIF4E2",6.13e-06,0.139,0.47,0.455,0.114,"EIF4E2"
"KATNB1",6.15e-06,0.245,0.131,0.116,0.114,"KATNB1"
"SHISA5",6.15e-06,0.192,0.312,0.294,0.114,"SHISA5"
"CCNC",6.15e-06,0.101,0.521,0.505,0.114,"CCNC"
"RALGPS2",6.22e-06,0.149,0.476,0.459,0.116,"RALGPS2"
"NRAS",6.26e-06,0.145,0.393,0.376,0.117,"NRAS"
"HHIPL1",6.28e-06,-0.414,0.021,0.029,0.117,"HHIPL1"
"SIPA1L3",6.28e-06,0.124,0.573,0.553,0.117,"SIPA1L3"
"CASTOR2",6.32e-06,0.124,0.447,0.428,0.118,"CASTOR2"
"ASB1",6.38e-06,0.176,0.139,0.123,0.119,"ASB1"
"IGSF3",6.6e-06,0.272,0.29,0.273,0.123,"IGSF3"
"BLCAP",6.6e-06,0.178,0.487,0.477,0.123,"BLCAP"
"NUDT9",6.65e-06,0.159,0.363,0.346,0.124,"NUDT9"
"FAM181A",6.72e-06,0.239,0.115,0.1,0.125,"FAM181A"
"LIPG",6.73e-06,-0.232,0.174,0.192,0.125,"LIPG"
"PLOD3",6.73e-06,0.231,0.162,0.146,0.125,"PLOD3"
"MESD",6.77e-06,0.145,0.498,0.487,0.126,"MESD"
"PLEC",6.8e-06,0.237,0.154,0.138,0.127,"PLEC"
"PHLDB1",6.88e-06,0.17,0.312,0.293,0.128,"PHLDB1"
"BRD8",6.89e-06,0.12,0.448,0.429,0.128,"BRD8"
"TMEM230",6.9e-06,0.124,0.637,0.63,0.128,"TMEM230"
"HMGN4",6.9e-06,0.133,0.509,0.494,0.128,"HMGN4"
"DYRK2",6.94e-06,-0.132,0.281,0.301,0.129,"DYRK2"
"ZNF76",6.99e-06,0.175,0.211,0.192,0.13,"ZNF76"
"EIF2A",7.05e-06,0.101,0.558,0.545,0.131,"EIF2A"
"SLF2",7.06e-06,0.128,0.562,0.554,0.131,"SLF2"
"ZDHHC15",7.06e-06,0.126,0.515,0.5,0.131,"ZDHHC15"
"UBA1",7.09e-06,0.119,0.653,0.65,0.132,"UBA1"
"COPS2",7.13e-06,0.104,0.589,0.58,0.133,"COPS2"
"EFEMP2",7.15e-06,0.285,0.128,0.113,0.133,"EFEMP2"
"ATF7",7.16e-06,0.116,0.602,0.592,0.133,"ATF7"
"RIN2",7.17e-06,0.12,0.501,0.48,0.133,"RIN2"
"TAF12",7.21e-06,0.141,0.394,0.375,0.134,"TAF12"
"NDUFS3",7.24e-06,0.136,0.548,0.541,0.135,"NDUFS3"
"DEGS1",7.24e-06,0.152,0.394,0.379,0.135,"DEGS1"
"LUZP1",7.26e-06,0.131,0.504,0.49,0.135,"LUZP1"
"MPP3",7.26e-06,-0.101,0.125,0.142,0.135,"MPP3"
"TMEM164",7.32e-06,0.178,0.416,0.401,0.136,"TMEM164"
"ATP6V0D1",7.35e-06,0.148,0.416,0.4,0.137,"ATP6V0D1"
"PTK7",7.46e-06,0.125,0.287,0.267,0.139,"PTK7"
"HMGB2",7.46e-06,-0.184,0.436,0.457,0.139,"HMGB2"
"COMMD5",7.54e-06,0.194,0.253,0.235,0.14,"COMMD5"
"KCTD5",7.58e-06,0.251,0.223,0.205,0.141,"KCTD5"
"NKAP",7.61e-06,0.152,0.341,0.322,0.142,"NKAP"
"ZC3H18",7.62e-06,0.121,0.489,0.474,0.142,"ZC3H18"
"ZNF576",7.64e-06,0.21,0.172,0.155,0.142,"ZNF576"
"ASPHD2",7.66e-06,0.374,0.059,0.048,0.143,"ASPHD2"
"ZMYM5",7.69e-06,0.148,0.434,0.417,0.143,"ZMYM5"
"EFNB1",7.73e-06,-0.102,0.286,0.308,0.144,"EFNB1"
"TEPSIN",7.76e-06,0.364,0.062,0.051,0.144,"TEPSIN"
"POLR2E",7.78e-06,0.166,0.45,0.436,0.145,"POLR2E"
"ENSG00000279348",7.83e-06,0.376,0.065,0.053,0.146,"ENSG00000279348"
"SH3GL1",7.84e-06,0.181,0.309,0.291,0.146,"SH3GL1"
"ATP5PB",7.88e-06,0.11,0.73,0.732,0.147,"ATP5PB"
"IFT74",7.92e-06,0.15,0.41,0.389,0.147,"IFT74"
"FNDC4",7.92e-06,0.244,0.192,0.174,0.147,"FNDC4"
"ARL2",7.97e-06,0.195,0.33,0.313,0.148,"ARL2"
"LSM5",7.98e-06,0.1,0.704,0.7,0.148,"LSM5"
"SLC36A1",7.99e-06,0.22,0.174,0.157,0.149,"SLC36A1"
"FEZ2",8.01e-06,0.154,0.527,0.514,0.149,"FEZ2"
"PTRH1",8.1e-06,0.234,0.174,0.158,0.151,"PTRH1"
"NSA2",8.11e-06,0.102,0.694,0.691,0.151,"NSA2"
"ZNF593",8.15e-06,0.228,0.174,0.158,0.152,"ZNF593"
"PACRG",8.19e-06,0.164,0.229,0.211,0.153,"PACRG"
"IMPA1",8.23e-06,0.217,0.231,0.214,0.153,"IMPA1"
"FST",8.28e-06,0.263,0.035,0.027,0.154,"FST"
"CFAP97",8.29e-06,0.123,0.548,0.538,0.154,"CFAP97"
"PPME1",8.31e-06,0.112,0.619,0.609,0.155,"PPME1"
"CDKN1C",8.41e-06,0.803,0.07,0.058,0.157,"CDKN1C"
"VPS45",8.49e-06,0.101,0.622,0.608,0.158,"VPS45"
"TRIM5",8.53e-06,0.196,0.165,0.149,0.159,"TRIM5"
"XIAP",8.66e-06,0.111,0.568,0.552,0.161,"XIAP"
"ZNF680",8.7e-06,-0.151,0.297,0.317,0.162,"ZNF680"
"SNTG1",8.74e-06,0.154,0.785,0.772,0.163,"SNTG1"
"PDCL",8.78e-06,0.137,0.538,0.523,0.163,"PDCL"
"PCDHB5",8.86e-06,-0.186,0.06,0.072,0.165,"PCDHB5"
"UBAC2",8.92e-06,0.108,0.548,0.534,0.166,"UBAC2"
"DNPH1",8.95e-06,0.215,0.307,0.29,0.167,"DNPH1"
"SKIL",8.99e-06,0.165,0.448,0.434,0.167,"SKIL"
"C1orf53",9.06e-06,0.363,0.048,0.038,0.169,"C1orf53"
"ERGIC2",9.15e-06,0.103,0.606,0.601,0.17,"ERGIC2"
"SETD4",9.17e-06,0.203,0.23,0.212,0.171,"SETD4"
"COPS7B",9.21e-06,0.171,0.253,0.234,0.171,"COPS7B"
"AAMP",9.25e-06,0.188,0.33,0.312,0.172,"AAMP"
"F2R",9.27e-06,0.152,0.381,0.364,0.172,"F2R"
"RWDD4",9.29e-06,0.133,0.411,0.392,0.173,"RWDD4"
"SNX19",9.3e-06,0.137,0.426,0.407,0.173,"SNX19"
"CALCOCO2",9.49e-06,0.171,0.354,0.338,0.177,"CALCOCO2"
"RNF220",9.52e-06,0.42,0.232,0.216,0.177,"RNF220"
"OMG",9.58e-06,0.157,0.31,0.29,0.178,"OMG"
"PRR12",9.59e-06,0.175,0.336,0.317,0.178,"PRR12"
"MARCHF8",9.59e-06,0.147,0.322,0.302,0.179,"MARCHF8"
"NPEPL1",9.6e-06,0.233,0.138,0.122,0.179,"NPEPL1"
"WDR18",9.61e-06,0.201,0.294,0.276,0.179,"WDR18"
"TSEN15",9.66e-06,0.157,0.374,0.357,0.18,"TSEN15"
"TIMMDC1",9.67e-06,0.135,0.475,0.462,0.18,"TIMMDC1"
"EFCAB6",9.73e-06,0.129,0.124,0.109,0.181,"EFCAB6"
"RNF19A",9.74e-06,0.112,0.618,0.609,0.181,"RNF19A"
"DCTD",9.83e-06,0.181,0.195,0.177,0.183,"DCTD"
"CHCHD5",9.85e-06,0.219,0.232,0.216,0.183,"CHCHD5"
"ACSM6",9.87e-06,0.752,0.022,0.016,0.184,"ACSM6"
"DGKD",0.0000101,0.139,0.4,0.381,0.188,"DGKD"
"TNKS2",0.0000102,0.109,0.639,0.634,0.19,"TNKS2"
"ME3",0.0000102,0.381,0.057,0.047,0.191,"ME3"
"MYT1L",0.0000104,-0.118,0.415,0.437,0.193,"MYT1L"
"MED11",0.0000105,0.17,0.197,0.179,0.196,"MED11"
"DNMT1",0.0000105,0.135,0.508,0.491,0.196,"DNMT1"
"ZNF189",0.0000107,0.138,0.298,0.277,0.2,"ZNF189"
"SLITRK6",0.0000107,-0.708,0.007,0.012,0.2,"SLITRK6"
"RMDN1",0.0000108,0.147,0.451,0.435,0.201,"RMDN1"
"VKORC1",0.0000108,0.128,0.44,0.425,0.202,"VKORC1"
"TGFB1I1",0.0000108,0.254,0.169,0.153,0.202,"TGFB1I1"
"ACVR2A",0.0000109,-0.143,0.62,0.636,0.202,"ACVR2A"
"TTYH3",0.0000109,0.165,0.529,0.522,0.202,"TTYH3"
"UST",0.0000109,0.302,0.218,0.201,0.202,"UST"
"ULK4",0.0000109,0.16,0.351,0.331,0.203,"ULK4"
"SH3BP2",0.000011,-0.15,0.178,0.196,0.204,"SH3BP2"
"MTERF2",0.000011,0.191,0.256,0.238,0.204,"MTERF2"
"ARL1",0.000011,0.175,0.349,0.333,0.205,"ARL1"
"ADGRB2",0.0000111,0.233,0.146,0.13,0.206,"ADGRB2"
"IPO7",0.0000111,0.124,0.635,0.631,0.206,"IPO7"
"POU3F1",0.0000111,-0.559,0.041,0.051,0.206,"POU3F1"
"PRADC1",0.0000111,0.207,0.199,0.182,0.207,"PRADC1"
"RCAN3",0.0000111,-0.212,0.023,0.03,0.207,"RCAN3"
"TPD52",0.0000111,0.173,0.068,0.057,0.207,"TPD52"
"TACC2",0.0000112,0.149,0.379,0.359,0.208,"TACC2"
"FOXN4",0.0000114,-0.292,0.07,0.082,0.212,"FOXN4"
"TRAM1",0.0000114,0.136,0.475,0.461,0.213,"TRAM1"
"SDC4",0.0000115,0.48,0.026,0.019,0.214,"SDC4"
"IREB2",0.0000115,0.113,0.596,0.584,0.214,"IREB2"
"DLAT",0.0000115,0.168,0.271,0.253,0.215,"DLAT"
"MFSD10",0.0000116,0.201,0.346,0.33,0.216,"MFSD10"
"MGLL",0.0000116,-0.167,0.185,0.202,0.217,"MGLL"
"PEDS1",0.0000117,0.271,0.134,0.119,0.217,"PEDS1"
"DYRK4",0.0000118,0.187,0.236,0.217,0.219,"DYRK4"
"PRICKLE2",0.0000118,0.269,0.192,0.175,0.219,"PRICKLE2"
"CKLF",0.0000118,0.205,0.321,0.305,0.22,"CKLF"
"BACE1",0.000012,0.134,0.44,0.424,0.223,"BACE1"
"MED22",0.000012,0.238,0.16,0.144,0.223,"MED22"
"PAICS",0.000012,0.135,0.553,0.547,0.224,"PAICS"
"C1D",0.0000122,0.143,0.39,0.372,0.227,"C1D"
"FAM120A",0.0000123,0.157,0.548,0.542,0.228,"FAM120A"
"APIP",0.0000123,0.1,0.545,0.527,0.228,"APIP"
"SLC6A8",0.0000123,0.238,0.213,0.196,0.228,"SLC6A8"
"FKBP4",0.0000123,0.165,0.325,0.307,0.229,"FKBP4"
"C1orf198",0.0000123,-0.153,0.152,0.169,0.23,"C1orf198"
"TMEM179B",0.0000124,0.186,0.34,0.323,0.23,"TMEM179B"
"ARHGAP31",0.0000124,0.16,0.2,0.182,0.231,"ARHGAP31"
"GAL",0.0000125,0.947,0.012,0.008,0.233,"GAL"
"ADAMTS12",0.0000125,0.148,0.128,0.113,0.234,"ADAMTS12"
"PSMG1",0.0000126,0.174,0.201,0.184,0.234,"PSMG1"
"RNASEH2C",0.0000126,0.162,0.343,0.327,0.235,"RNASEH2C"
"CCNB1IP1",0.0000126,0.124,0.417,0.399,0.235,"CCNB1IP1"
"ZNF429",0.0000127,0.142,0.426,0.409,0.237,"ZNF429"
"TNKS1BP1",0.0000128,0.216,0.194,0.177,0.238,"TNKS1BP1"
"GADD45A",0.0000128,0.218,0.232,0.215,0.238,"GADD45A"
"BTBD8",0.0000128,0.156,0.229,0.211,0.239,"BTBD8"
"DEDD",0.0000128,0.162,0.239,0.221,0.239,"DEDD"
"ARFIP1",0.0000129,0.106,0.608,0.597,0.24,"ARFIP1"
"GFUS",0.0000129,0.163,0.205,0.187,0.241,"GFUS"
"SPON1",0.000013,0.354,0.217,0.201,0.243,"SPON1"
"B3GLCT",0.0000131,0.165,0.278,0.261,0.244,"B3GLCT"
"EDNRB",0.0000131,1.345,0.021,0.015,0.245,"EDNRB"
"STK11",0.0000132,0.175,0.252,0.234,0.246,"STK11"
"GMPR",0.0000133,0.494,0.023,0.017,0.248,"GMPR"
"CEP126",0.0000133,0.228,0.186,0.17,0.248,"CEP126"
"TM9SF4",0.0000134,0.141,0.421,0.406,0.249,"TM9SF4"
"YIF1A",0.0000134,0.202,0.378,0.365,0.249,"YIF1A"
"MTA3",0.0000134,0.136,0.435,0.418,0.25,"MTA3"
"TRIM73",0.0000134,0.265,0.096,0.083,0.25,"TRIM73"
"NAE1",0.0000136,0.106,0.634,0.624,0.253,"NAE1"
"BABAM2",0.0000136,0.107,0.577,0.565,0.253,"BABAM2"
"ZNF320",0.0000137,0.147,0.257,0.239,0.256,"ZNF320"
"CBX6",0.0000138,0.158,0.364,0.348,0.257,"CBX6"
"LYPD6",0.0000139,-0.215,0.174,0.191,0.258,"LYPD6"
"MARCHF2",0.0000139,0.168,0.274,0.255,0.258,"MARCHF2"
"KCNK2",0.000014,-0.294,0.048,0.058,0.26,"KCNK2"
"S100A2",0.000014,0.456,0.014,0.009,0.26,"S100A2"
"RIN1",0.0000141,0.608,0.02,0.014,0.262,"RIN1"
"ARL4C",0.0000142,0.13,0.885,0.872,0.265,"ARL4C"
"ZNF37A",0.0000142,0.123,0.642,0.633,0.265,"ZNF37A"
"CDIPT",0.0000144,0.183,0.217,0.2,0.268,"CDIPT"
"GPR135",0.0000144,0.166,0.248,0.23,0.268,"GPR135"
"HOMER1",0.0000144,0.117,0.17,0.153,0.269,"HOMER1"
"POLR3K",0.0000145,0.161,0.261,0.243,0.269,"POLR3K"
"QTRT1",0.0000146,0.154,0.248,0.23,0.272,"QTRT1"
"GPR158",0.0000147,0.4,0.375,0.36,0.274,"GPR158"
"TMEM19",0.0000148,0.176,0.232,0.214,0.276,"TMEM19"
"CTNNBIP1",0.0000148,0.146,0.505,0.491,0.276,"CTNNBIP1"
"ACTR1B",0.0000149,0.204,0.236,0.22,0.276,"ACTR1B"
"MAGED2",0.0000149,0.108,0.713,0.706,0.278,"MAGED2"
"OXA1L",0.000015,0.179,0.264,0.245,0.279,"OXA1L"
"ELFN1",0.0000151,0.243,0.044,0.035,0.28,"ELFN1"
"MID1",0.0000151,-0.117,0.396,0.414,0.28,"MID1"
"GULP1",0.0000151,-0.179,0.313,0.329,0.282,"GULP1"
"TXNDC15",0.0000152,0.123,0.447,0.43,0.283,"TXNDC15"
"GLRX2",0.0000152,0.232,0.248,0.231,0.283,"GLRX2"
"MRPS34",0.0000152,0.116,0.492,0.479,0.283,"MRPS34"
"MAP3K10",0.0000152,0.223,0.215,0.198,0.284,"MAP3K10"
"HSPB1",0.0000153,0.236,0.444,0.431,0.284,"HSPB1"
"MYO5C",0.0000153,0.415,0.045,0.036,0.285,"MYO5C"
"GYG1",0.0000153,0.215,0.127,0.113,0.285,"GYG1"
"B3GALT2",0.0000154,0.315,0.058,0.048,0.287,"B3GALT2"
"LRRC41",0.0000154,0.126,0.475,0.462,0.288,"LRRC41"
"GRAMD1A",0.0000155,0.141,0.376,0.356,0.288,"GRAMD1A"
"PCBP3",0.0000155,-0.128,0.143,0.16,0.288,"PCBP3"
"IDH1",0.0000155,0.187,0.571,0.569,0.288,"IDH1"
"TMEM150A",0.0000155,0.264,0.081,0.069,0.289,"TMEM150A"
"ADAMTS17",0.0000156,-0.24,0.079,0.091,0.29,"ADAMTS17"
"STK3",0.0000156,0.151,0.426,0.412,0.29,"STK3"
"SLA",0.0000157,-0.993,0.008,0.013,0.291,"SLA"
"TMEM208",0.0000158,0.13,0.334,0.316,0.295,"TMEM208"
"SLC35F6",0.0000159,0.227,0.193,0.177,0.295,"SLC35F6"
"CACNA1G",0.0000159,0.566,0.029,0.022,0.297,"CACNA1G"
"RDH11",0.000016,0.127,0.598,0.59,0.297,"RDH11"
"ECPAS",0.000016,0.102,0.48,0.466,0.298,"ECPAS"
"SERTAD2",0.0000161,-0.113,0.303,0.324,0.299,"SERTAD2"
"ETS1",0.0000161,0.395,0.01,0.006,0.299,"ETS1"
"BCL2L14",0.0000161,0.151,0.536,0.521,0.3,"BCL2L14"
"CHRM2",0.0000162,-0.834,0.006,0.011,0.301,"CHRM2"
"MRAS",0.0000162,0.202,0.278,0.26,0.302,"MRAS"
"AP2A2",0.0000163,0.151,0.45,0.436,0.303,"AP2A2"
"RAB28",0.0000164,0.104,0.646,0.632,0.306,"RAB28"
"SYNDIG1",0.0000167,0.367,0.054,0.044,0.31,"SYNDIG1"
"MAPRE3",0.0000167,0.171,0.302,0.283,0.311,"MAPRE3"
"WDR46",0.0000167,0.233,0.189,0.173,0.312,"WDR46"
"ENSG00000214558",0.0000169,0.505,0.017,0.011,0.314,"ENSG00000214558"
"ERLEC1",0.000017,0.139,0.514,0.506,0.316,"ERLEC1"
"MCAM",0.000017,0.248,0.067,0.056,0.317,"MCAM"
"CHORDC1",0.0000171,0.118,0.426,0.407,0.318,"CHORDC1"
"GPD2",0.0000171,0.247,0.175,0.158,0.318,"GPD2"
"GPR137",0.0000171,0.228,0.156,0.141,0.319,"GPR137"
"PRKN",0.0000173,0.121,0.512,0.493,0.321,"PRKN"
"SURF4",0.0000173,0.161,0.386,0.37,0.321,"SURF4"
"SH3GL2",0.0000173,-0.216,0.129,0.144,0.323,"SH3GL2"
"STX12",0.0000175,0.142,0.627,0.618,0.325,"STX12"
"CLDN20",0.0000175,0.348,0.058,0.048,0.326,"CLDN20"
"SSNA1",0.0000177,0.164,0.429,0.413,0.329,"SSNA1"
"RPP25L",0.0000178,0.238,0.137,0.122,0.331,"RPP25L"
"ALG14",0.0000178,0.192,0.272,0.255,0.332,"ALG14"
"CDH10",0.000018,0.148,0.186,0.169,0.335,"CDH10"
"CFAP36",0.000018,0.14,0.524,0.512,0.336,"CFAP36"
"PRCP",0.0000181,0.205,0.367,0.35,0.338,"PRCP"
"ZC3H8",0.0000183,0.142,0.501,0.486,0.34,"ZC3H8"
"RFNG",0.0000185,0.162,0.229,0.211,0.345,"RFNG"
"PHF13",0.0000185,0.177,0.174,0.158,0.345,"PHF13"
"SORCS2",0.0000186,0.249,0.251,0.233,0.346,"SORCS2"
"DEXI",0.0000187,0.193,0.221,0.204,0.348,"DEXI"
"CACNA2D3",0.0000187,-0.526,0.035,0.043,0.349,"CACNA2D3"
"CCDC167",0.0000187,0.132,0.546,0.533,0.349,"CCDC167"
"THSD4",0.0000189,0.401,0.089,0.077,0.351,"THSD4"
"CSNK1G2",0.0000189,0.177,0.317,0.3,0.352,"CSNK1G2"
"SNAP23",0.0000189,0.123,0.31,0.288,0.352,"SNAP23"
"PCDHB4",0.0000191,-0.245,0.054,0.064,0.355,"PCDHB4"
"EPHA6",0.0000191,-2.286,0.006,0.01,0.355,"EPHA6"
"SNX30",0.0000193,0.13,0.308,0.287,0.359,"SNX30"
"CHAC2",0.0000194,0.195,0.156,0.141,0.361,"CHAC2"
"CCDC32",0.0000194,0.157,0.278,0.259,0.362,"CCDC32"
"MFSD2A",0.0000195,0.347,0.047,0.038,0.363,"MFSD2A"
"MRPS31",0.0000195,0.131,0.506,0.494,0.363,"MRPS31"
"LAP3",0.0000195,0.142,0.267,0.249,0.363,"LAP3"
"MKNK2",0.0000195,0.227,0.253,0.236,0.364,"MKNK2"
"CACNB4",0.0000196,0.177,0.263,0.244,0.365,"CACNB4"
"GPC6",0.0000196,0.165,0.607,0.593,0.365,"GPC6"
"MORN4",0.0000197,0.144,0.245,0.226,0.367,"MORN4"
"TAF11",0.0000198,0.137,0.426,0.41,0.369,"TAF11"
"DOLK",0.0000198,0.249,0.101,0.088,0.369,"DOLK"
"MRPL50",2e-05,0.179,0.352,0.336,0.371,"MRPL50"
"CFAP221",2e-05,0.353,0.023,0.017,0.372,"CFAP221"
"ZNF600",0.0000201,0.359,0.034,0.027,0.374,"ZNF600"
"FKBP10",0.0000201,0.104,0.239,0.22,0.374,"FKBP10"
"AHI1",0.0000201,0.122,0.476,0.459,0.375,"AHI1"
"RPF1",0.0000202,0.169,0.32,0.302,0.376,"RPF1"
"PSMD3",0.0000202,0.126,0.523,0.51,0.377,"PSMD3"
"KITLG",0.0000203,-0.14,0.526,0.543,0.379,"KITLG"
"PPP1CB",0.0000205,0.105,0.867,0.872,0.382,"PPP1CB"
"DUSP8",0.0000206,0.304,0.129,0.115,0.383,"DUSP8"
"SHARPIN",0.0000206,0.132,0.28,0.262,0.383,"SHARPIN"
"SPP1",0.0000206,-0.165,0.039,0.031,0.384,"SPP1"
"RTF2",0.0000208,0.12,0.618,0.612,0.387,"RTF2"
"CYB5R1",0.0000208,0.225,0.209,0.193,0.387,"CYB5R1"
"GATAD1",0.0000208,0.111,0.384,0.366,0.387,"GATAD1"
"ADAR",0.0000209,0.108,0.601,0.597,0.388,"ADAR"
"MAGEH1",0.0000209,0.176,0.504,0.494,0.389,"MAGEH1"
"VMP1",0.0000209,0.113,0.659,0.654,0.389,"VMP1"
"NOB1",0.0000211,0.155,0.189,0.172,0.392,"NOB1"
"GLRA2",0.0000211,-0.128,0.14,0.156,0.393,"GLRA2"
"REEP2",0.0000212,0.187,0.31,0.293,0.394,"REEP2"
"STX6",0.0000213,0.131,0.54,0.529,0.396,"STX6"
"CTNNA3",0.0000213,-0.259,0.191,0.208,0.397,"CTNNA3"
"SPNS1",0.0000216,0.212,0.21,0.194,0.401,"SPNS1"
"AKAP12",0.0000219,-0.151,0.368,0.386,0.408,"AKAP12"
"SSBP4",0.000022,0.139,0.399,0.382,0.409,"SSBP4"
"MTCH2",0.000022,0.125,0.604,0.597,0.41,"MTCH2"
"RAB3GAP2",0.0000222,0.105,0.639,0.631,0.413,"RAB3GAP2"
"CERS4",0.0000222,0.131,0.294,0.275,0.413,"CERS4"
"WWC1",0.0000222,0.251,0.15,0.135,0.414,"WWC1"
"PDE8B",0.0000222,0.372,0.031,0.024,0.414,"PDE8B"
"GXYLT1",0.0000223,0.188,0.364,0.346,0.415,"GXYLT1"
"SLC9A7",0.0000223,0.25,0.134,0.119,0.415,"SLC9A7"
"BOC",0.0000224,0.237,0.2,0.185,0.417,"BOC"
"KLHDC9",0.0000228,0.21,0.079,0.067,0.425,"KLHDC9"
"ANKS6",0.000023,0.186,0.134,0.119,0.428,"ANKS6"
"ARMC3",0.000023,-0.936,0.01,0.015,0.429,"ARMC3"
"SV2A",0.0000232,0.165,0.399,0.383,0.432,"SV2A"
"PRPF31",0.0000232,0.14,0.466,0.452,0.433,"PRPF31"
"GKAP1",0.0000233,0.108,0.436,0.418,0.434,"GKAP1"
"PTPRR",0.0000235,-0.353,0.034,0.043,0.437,"PTPRR"
"SSBP1",0.0000239,0.123,0.767,0.777,0.444,"SSBP1"
"INSYN2A",0.0000241,0.144,0.111,0.097,0.449,"INSYN2A"
"ZFAND4",0.0000241,0.173,0.14,0.125,0.449,"ZFAND4"
"SSPN",0.0000243,-0.383,0.101,0.114,0.451,"SSPN"
"GABRA4",0.0000243,-0.543,0.013,0.018,0.452,"GABRA4"
"ASIC1",0.0000243,0.299,0.14,0.125,0.453,"ASIC1"
"LMO2",0.0000245,0.273,0.153,0.138,0.455,"LMO2"
"ADHFE1",0.0000248,-0.324,0.084,0.096,0.461,"ADHFE1"
"COQ9",0.0000251,0.17,0.295,0.278,0.468,"COQ9"
"ENSG00000285837",0.0000252,0.476,0.018,0.013,0.468,"ENSG00000285837"
"ABLIM2",0.0000253,0.226,0.153,0.138,0.471,"ABLIM2"
"BCL3",0.0000255,0.403,0.037,0.029,0.474,"BCL3"
"ERCC5",0.0000255,0.14,0.342,0.322,0.475,"ERCC5"
"PXDC1",0.0000256,0.185,0.186,0.17,0.476,"PXDC1"
"BBIP1",0.0000256,0.125,0.52,0.507,0.476,"BBIP1"
"ZSCAN26",0.0000257,0.152,0.364,0.345,0.479,"ZSCAN26"
"USP45",0.0000258,0.139,0.25,0.232,0.481,"USP45"
"NCK2",0.000026,0.119,0.637,0.623,0.484,"NCK2"
"SLC44A3",0.000026,-0.248,0.075,0.087,0.485,"SLC44A3"
"FGFRL1",0.0000261,0.218,0.122,0.108,0.486,"FGFRL1"
"ENSG00000279670",0.0000262,0.318,0.053,0.043,0.487,"ENSG00000279670"
"EEF1AKMT1",0.0000262,0.177,0.2,0.184,0.487,"EEF1AKMT1"
"CERS3",0.0000262,-0.46,0.017,0.023,0.488,"CERS3"
"DPH5",0.0000265,0.161,0.299,0.28,0.493,"DPH5"
"FAM89B",0.0000267,0.118,0.611,0.598,0.496,"FAM89B"
"CDC42EP4",0.0000268,-0.1,0.381,0.402,0.499,"CDC42EP4"
"FAM104B",0.0000268,0.175,0.27,0.253,0.5,"FAM104B"
"CRB2",0.000027,0.2,0.124,0.11,0.502,"CRB2"
"NDUFA6",0.0000272,0.111,0.637,0.635,0.506,"NDUFA6"
"RNF146",0.0000272,0.139,0.526,0.512,0.507,"RNF146"
"ADCY8",0.0000275,-0.692,0.018,0.025,0.513,"ADCY8"
"NWD1",0.0000277,-0.752,0.014,0.02,0.515,"NWD1"
"MTERF1",0.0000279,0.151,0.32,0.302,0.518,"MTERF1"
"LRRC42",0.000028,0.18,0.401,0.386,0.52,"LRRC42"
"SPATA17",0.000028,0.143,0.107,0.094,0.521,"SPATA17"
"MAN1C1",0.0000281,0.197,0.167,0.151,0.524,"MAN1C1"
"PLRG1",0.0000283,0.113,0.465,0.449,0.526,"PLRG1"
"CTBS",0.0000284,0.264,0.143,0.129,0.528,"CTBS"
"SLC38A6",0.0000286,0.158,0.355,0.339,0.531,"SLC38A6"
"ABCA2",0.0000289,0.267,0.099,0.086,0.537,"ABCA2"
"DCUN1D1",0.000029,0.104,0.52,0.506,0.539,"DCUN1D1"
"ZDHHC4",0.0000291,0.2,0.262,0.245,0.541,"ZDHHC4"
"NUDT16",0.0000293,0.218,0.121,0.107,0.546,"NUDT16"
"AP5M1",0.0000298,0.162,0.381,0.363,0.555,"AP5M1"
"ABCF1",0.0000299,0.121,0.518,0.508,0.557,"ABCF1"
"EEF2KMT",0.0000299,0.237,0.086,0.074,0.557,"EEF2KMT"
"C1QL4",3e-05,-0.532,0.027,0.034,0.559,"C1QL4"
"TP53I13",3e-05,0.172,0.3,0.283,0.559,"TP53I13"
"RANBP2",0.0000303,0.1,0.614,0.606,0.564,"RANBP2"
"ATPSCKMT",0.0000304,0.114,0.242,0.224,0.566,"ATPSCKMT"
"STK19",0.0000306,0.143,0.245,0.227,0.569,"STK19"
"SHC2",0.0000307,0.257,0.189,0.174,0.572,"SHC2"
"ADO",0.0000309,0.234,0.159,0.144,0.574,"ADO"
"SPRY3",0.0000311,0.225,0.186,0.17,0.578,"SPRY3"
"PLAA",0.0000311,0.169,0.445,0.429,0.579,"PLAA"
"UFSP2",0.0000312,0.139,0.399,0.383,0.58,"UFSP2"
"DNAJB2",0.0000313,0.172,0.21,0.193,0.583,"DNAJB2"
"NPY",0.0000314,0.416,0.137,0.154,0.584,"NPY"
"RIOK3",0.0000314,0.136,0.48,0.468,0.584,"RIOK3"
"HBP1",0.0000314,0.14,0.456,0.442,0.584,"HBP1"
"WDR49",0.0000314,-0.385,0.042,0.051,0.585,"WDR49"
"RTCB",0.0000314,0.125,0.461,0.447,0.585,"RTCB"
"RABL6",0.0000314,0.131,0.511,0.496,0.585,"RABL6"
"ARHGEF11",0.0000316,0.127,0.549,0.536,0.588,"ARHGEF11"
"DVL3",0.0000317,0.132,0.437,0.42,0.589,"DVL3"
"CCNQ",0.0000319,0.23,0.135,0.121,0.593,"CCNQ"
"SLC2A1",0.000032,-0.453,0.074,0.085,0.595,"SLC2A1"
"CROCC",0.0000321,0.249,0.257,0.24,0.597,"CROCC"
"PSMG4",0.0000321,0.129,0.484,0.466,0.597,"PSMG4"
"ISOC2",0.0000321,0.21,0.182,0.167,0.597,"ISOC2"
"EPHX1",0.0000321,0.193,0.216,0.2,0.598,"EPHX1"
"STC2",0.0000322,-1.032,0.008,0.012,0.6,"STC2"
"SLC35D1",0.0000323,0.151,0.331,0.313,0.602,"SLC35D1"
"ARSG",0.0000324,0.131,0.063,0.053,0.603,"ARSG"
"RASL11B",0.0000326,-0.248,0.043,0.052,0.606,"RASL11B"
"BCL2L2-PABPN1",0.0000328,0.209,0.134,0.119,0.611,"BCL2L2-PABPN1"
"FBXW2",0.0000329,0.102,0.432,0.416,0.612,"FBXW2"
"NCDN",0.0000329,0.344,0.052,0.043,0.612,"NCDN"
"RAB38",0.0000329,0.421,0.037,0.029,0.613,"RAB38"
"NDUFAF6",0.000033,0.111,0.583,0.568,0.614,"NDUFAF6"
"SELENBP1",0.0000331,-0.211,0.088,0.101,0.616,"SELENBP1"
"SAP30L",0.0000331,0.185,0.308,0.291,0.616,"SAP30L"
"RPH3A",0.0000337,-0.185,0.122,0.137,0.627,"RPH3A"
"PSMD5",0.0000338,-0.218,0.081,0.093,0.628,"PSMD5"
"MGRN1",0.0000338,0.128,0.395,0.378,0.63,"MGRN1"
"GDE1",0.000034,0.186,0.317,0.3,0.633,"GDE1"
"SYPL1",0.0000345,0.157,0.324,0.308,0.642,"SYPL1"
"ARFGAP2",0.0000345,0.146,0.329,0.311,0.642,"ARFGAP2"
"FAM120B",0.0000346,0.116,0.673,0.67,0.644,"FAM120B"
"ENSG00000280143",0.0000347,0.433,0.043,0.035,0.646,"ENSG00000280143"
"NUDCD2",0.0000348,0.114,0.553,0.551,0.648,"NUDCD2"
"SYNPO2",0.0000348,-1.011,0.007,0.011,0.648,"SYNPO2"
"SYN3",0.0000349,0.467,0.085,0.073,0.649,"SYN3"
"PIGA",0.0000349,-0.277,0.063,0.074,0.649,"PIGA"
"COL9A2",0.0000355,0.454,0.036,0.028,0.661,"COL9A2"
"LPAR6",0.0000355,0.274,0.137,0.122,0.661,"LPAR6"
"CCDC65",0.0000357,0.157,0.314,0.297,0.665,"CCDC65"
"NOP16",0.0000358,0.201,0.138,0.123,0.666,"NOP16"
"S1PR1",0.0000358,-0.238,0.122,0.136,0.667,"S1PR1"
"EML6",0.0000359,0.307,0.133,0.119,0.668,"EML6"
"LIMK1",0.0000361,0.178,0.214,0.196,0.672,"LIMK1"
"TAFA3",0.0000363,0.918,0.01,0.006,0.676,"TAFA3"
"C15orf61",0.0000364,0.192,0.259,0.242,0.677,"C15orf61"
"PNKD",0.0000365,0.122,0.497,0.488,0.68,"PNKD"
"SNX7",0.0000366,0.132,0.331,0.314,0.682,"SNX7"
"SOX15",0.000037,-0.293,0.024,0.031,0.688,"SOX15"
"RNF115",0.000037,0.101,0.655,0.651,0.689,"RNF115"
"UHMK1",0.000037,0.135,0.365,0.347,0.689,"UHMK1"
"SOX13",0.0000374,0.317,0.06,0.05,0.696,"SOX13"
"PIM1",0.0000376,-0.172,0.133,0.148,0.699,"PIM1"
"ITPA",0.0000376,0.157,0.369,0.353,0.7,"ITPA"
"SEC22C",0.000038,0.116,0.448,0.432,0.708,"SEC22C"
"RTKN",0.0000393,0.231,0.114,0.101,0.731,"RTKN"
"SNAPIN",0.0000393,0.161,0.446,0.435,0.732,"SNAPIN"
"MED1",0.0000396,0.102,0.474,0.457,0.738,"MED1"
"ASXL2",0.0000396,0.12,0.542,0.532,0.738,"ASXL2"
"RIT1",0.0000397,0.175,0.439,0.428,0.74,"RIT1"
"CAPRIN2",4e-05,0.166,0.272,0.254,0.744,"CAPRIN2"
"EFHD2",4e-05,0.127,0.209,0.191,0.744,"EFHD2"
"BHLHE41",0.0000403,-0.429,0.04,0.048,0.75,"BHLHE41"
"CLHC1",0.000041,0.12,0.386,0.37,0.762,"CLHC1"
"CDK11B",0.000041,0.137,0.385,0.368,0.763,"CDK11B"
"LRRC8A",0.0000411,0.157,0.296,0.279,0.765,"LRRC8A"
"ZNF688",0.0000411,0.231,0.182,0.167,0.766,"ZNF688"
"CYLD",0.0000412,0.176,0.261,0.244,0.768,"CYLD"
"SOCS6",0.0000414,0.158,0.289,0.272,0.771,"SOCS6"
"ARRB1",0.0000416,-0.278,0.029,0.036,0.774,"ARRB1"
"UACA",0.0000425,0.124,0.175,0.159,0.791,"UACA"
"KMT2B",0.0000427,0.167,0.332,0.316,0.794,"KMT2B"
"CXCL16",0.0000432,0.362,0.051,0.042,0.805,"CXCL16"
"CNOT3",0.0000432,0.153,0.234,0.217,0.805,"CNOT3"
"TRAF6",0.0000433,0.13,0.227,0.209,0.806,"TRAF6"
"PLEKHA6",0.0000433,-0.264,0.141,0.156,0.807,"PLEKHA6"
"UNC50",0.0000439,0.12,0.392,0.376,0.817,"UNC50"
"STIP1",0.000044,0.104,0.578,0.571,0.819,"STIP1"
"ADRA2A",0.0000441,-0.973,0.007,0.011,0.821,"ADRA2A"
"R3HCC1L",0.0000441,0.154,0.327,0.31,0.821,"R3HCC1L"
"USP6NL",0.0000442,0.167,0.512,0.504,0.824,"USP6NL"
"ERCC4",0.0000443,0.121,0.343,0.323,0.824,"ERCC4"
"TLR4",0.0000444,0.382,0.024,0.018,0.826,"TLR4"
"B3GNT2",0.0000445,0.34,0.056,0.047,0.828,"B3GNT2"
"FSBP",0.0000452,0.187,0.135,0.121,0.841,"FSBP"
"FRA10AC1",0.0000456,0.123,0.516,0.503,0.849,"FRA10AC1"
"SFT2D2",0.000046,0.139,0.399,0.384,0.856,"SFT2D2"
"IRF2",0.000046,0.14,0.327,0.31,0.856,"IRF2"
"ATG16L2",0.0000464,0.168,0.158,0.143,0.863,"ATG16L2"
"RAD9A",0.0000464,0.137,0.298,0.281,0.864,"RAD9A"
"SIAE",0.0000467,0.251,0.109,0.096,0.869,"SIAE"
"PLCB1",0.0000467,0.157,0.358,0.34,0.869,"PLCB1"
"DBNDD2",0.0000473,0.201,0.291,0.276,0.88,"DBNDD2"
"DNAJC21",0.0000474,0.123,0.439,0.426,0.881,"DNAJC21"
"EFHD1",0.0000476,-0.221,0.101,0.113,0.886,"EFHD1"
"AFAP1",0.0000477,0.106,0.736,0.721,0.888,"AFAP1"
"TSN",0.0000482,0.103,0.515,0.501,0.898,"TSN"
"EDA",0.0000483,-0.283,0.054,0.064,0.898,"EDA"
"SMG7",0.0000485,0.103,0.591,0.577,0.903,"SMG7"
"MOB1B",0.0000486,0.114,0.597,0.584,0.905,"MOB1B"
"SAP30BP",0.000049,0.101,0.461,0.445,0.913,"SAP30BP"
"STARD4",0.0000494,-0.2,0.137,0.152,0.92,"STARD4"
"ACOT13",0.0000497,0.155,0.33,0.313,0.925,"ACOT13"
"P4HTM",0.0000503,0.177,0.216,0.2,0.937,"P4HTM"
"ANKH",0.0000505,-0.159,0.446,0.466,0.939,"ANKH"
"CYFIP2",0.0000508,0.109,0.637,0.63,0.946,"CYFIP2"
"SLCO1B1",0.000051,-0.415,0.015,0.021,0.949,"SLCO1B1"
"CEP85L",0.0000511,0.117,0.628,0.616,0.952,"CEP85L"
"ITPK1",0.0000512,0.195,0.263,0.246,0.954,"ITPK1"
"REPS1",0.0000513,0.101,0.728,0.727,0.955,"REPS1"
"STK32B",0.0000516,-0.137,0.026,0.033,0.96,"STK32B"
"PLSCR3",0.0000519,0.188,0.123,0.109,0.967,"PLSCR3"
"ZNF577",0.0000521,0.189,0.26,0.243,0.969,"ZNF577"
"MAFG",0.0000521,0.128,0.307,0.29,0.97,"MAFG"
"MRPL30",0.0000521,0.134,0.319,0.3,0.97,"MRPL30"
"MAP3K4",0.0000522,0.122,0.514,0.5,0.971,"MAP3K4"
"SLC27A6",0.0000526,0.39,0.022,0.016,0.979,"SLC27A6"
"CAAP1",0.0000533,0.161,0.414,0.4,0.992,"CAAP1"
"MYCBP",0.0000534,0.187,0.196,0.18,0.994,"MYCBP"
"AP1G1",0.0000534,0.105,0.603,0.592,0.994,"AP1G1"
"BABAM1",0.0000541,0.113,0.494,0.482,1,"BABAM1"
"PRKAA2",0.0000541,0.151,0.279,0.263,1,"PRKAA2"
"CRTAC1",0.0000546,0.407,0.022,0.016,1,"CRTAC1"
"PGAP6",0.000055,0.244,0.145,0.131,1,"PGAP6"
"TRIM37",0.000055,0.101,0.577,0.569,1,"TRIM37"
"TAF6",0.000055,0.165,0.3,0.284,1,"TAF6"
"SUPT20H",0.000055,0.115,0.548,0.536,1,"SUPT20H"
"CLEC2D",0.0000552,0.182,0.209,0.193,1,"CLEC2D"
"CASC3",0.0000557,0.119,0.526,0.513,1,"CASC3"
"NUP188",0.0000558,0.147,0.288,0.272,1,"NUP188"
"NTNG1",0.0000561,0.87,0.041,0.033,1,"NTNG1"
"AMOTL2",0.0000561,0.205,0.176,0.161,1,"AMOTL2"
"LZIC",0.0000561,0.11,0.623,0.611,1,"LZIC"
"PTPN14",0.0000563,0.21,0.155,0.141,1,"PTPN14"
"BTN3A2",0.0000564,-0.228,0.072,0.083,1,"BTN3A2"
"PLEKHG1",0.0000571,0.293,0.276,0.262,1,"PLEKHG1"
"BCL2L1",0.0000572,0.145,0.385,0.368,1,"BCL2L1"
"AIFM1",0.0000577,0.187,0.254,0.237,1,"AIFM1"
"NUB1",0.0000578,0.126,0.386,0.369,1,"NUB1"
"MIA2",0.0000578,0.126,0.38,0.362,1,"MIA2"
"CYCS",0.0000578,0.108,0.648,0.648,1,"CYCS"
"TMCC3",0.0000589,0.451,0.054,0.045,1,"TMCC3"
"GPANK1",0.000059,0.218,0.261,0.246,1,"GPANK1"
"C1GALT1",0.0000592,0.156,0.354,0.339,1,"C1GALT1"
"UBE2F",0.0000595,0.172,0.391,0.376,1,"UBE2F"
"MRPL17",6e-05,0.158,0.286,0.269,1,"MRPL17"
"ATR",0.0000611,0.119,0.423,0.406,1,"ATR"
"TSTD2",0.0000631,0.124,0.523,0.509,1,"TSTD2"
"P3H4",0.0000633,0.153,0.166,0.151,1,"P3H4"
"TMEFF2",0.0000634,0.147,0.24,0.224,1,"TMEFF2"
"RAB36",0.0000636,0.387,0.045,0.036,1,"RAB36"
"GCC2",0.0000636,0.104,0.53,0.514,1,"GCC2"
"DSE",0.0000638,0.158,0.402,0.386,1,"DSE"
"AGT",0.0000639,-0.44,0.114,0.126,1,"AGT"
"KCTD3",0.000064,0.117,0.51,0.496,1,"KCTD3"
"PSTPIP2",0.0000643,0.211,0.063,0.053,1,"PSTPIP2"
"RUFY1",0.0000645,0.119,0.468,0.452,1,"RUFY1"
"GPATCH11",0.0000646,0.128,0.353,0.337,1,"GPATCH11"
"SLC52A2",0.0000651,0.258,0.182,0.168,1,"SLC52A2"
"RNH1",0.0000657,0.13,0.491,0.482,1,"RNH1"
"MRPL32",0.000066,0.129,0.446,0.43,1,"MRPL32"
"FOSB",0.0000661,-0.599,0.022,0.029,1,"FOSB"
"RNASE4",0.0000668,-0.202,0.102,0.115,1,"RNASE4"
"SLC24A3",0.0000672,0.428,0.211,0.196,1,"SLC24A3"
"LMF1",0.0000675,0.165,0.438,0.422,1,"LMF1"
"SLC22A1",0.0000679,0.463,0.019,0.013,1,"SLC22A1"
"ADAP2",0.0000686,-0.375,0.033,0.041,1,"ADAP2"
"HSD17B14",0.0000689,-0.436,0.053,0.062,1,"HSD17B14"
"NFASC",0.0000696,0.14,0.164,0.148,1,"NFASC"
"MEIS3",0.0000698,0.108,0.579,0.572,1,"MEIS3"
"RRS1",0.0000698,0.342,0.166,0.151,1,"RRS1"
"PCGF2",0.0000704,0.14,0.431,0.416,1,"PCGF2"
"ZDHHC16",0.0000707,0.152,0.232,0.216,1,"ZDHHC16"
"GRAMD1C",0.0000707,-0.194,0.2,0.216,1,"GRAMD1C"
"CCDC28A",0.0000713,0.243,0.151,0.137,1,"CCDC28A"
"LDAH",0.0000714,0.149,0.422,0.408,1,"LDAH"
"FGF13",0.0000715,0.142,0.544,0.525,1,"FGF13"
"FHIT",0.0000722,0.148,0.139,0.125,1,"FHIT"
"IQSEC2",0.0000722,0.371,0.091,0.08,1,"IQSEC2"
"PIAS4",0.0000723,0.189,0.229,0.213,1,"PIAS4"
"SLC1A3",0.0000733,0.162,0.351,0.331,1,"SLC1A3"
"MPV17L2",0.0000734,0.225,0.064,0.054,1,"MPV17L2"
"ENSA",0.0000739,0.102,0.674,0.667,1,"ENSA"
"HMGN5",0.0000743,0.136,0.233,0.216,1,"HMGN5"
"ABHD17A",0.0000745,0.183,0.368,0.355,1,"ABHD17A"
"CYP20A1",0.0000745,0.122,0.487,0.474,1,"CYP20A1"
"SRGAP2",0.0000746,0.1,0.751,0.741,1,"SRGAP2"
"NAGLU",0.000075,0.199,0.167,0.152,1,"NAGLU"
"ENO1",0.0000764,-0.187,0.726,0.762,1,"ENO1"
"C4orf47",0.0000767,-0.417,0.091,0.103,1,"C4orf47"
"AMBRA1",0.0000769,0.108,0.707,0.704,1,"AMBRA1"
"PRKAR2A",0.0000772,0.111,0.548,0.537,1,"PRKAR2A"
"KIFBP",0.0000779,0.147,0.53,0.52,1,"KIFBP"
"TIMM8A",0.0000781,0.181,0.12,0.107,1,"TIMM8A"
"ZNF552",0.0000781,0.164,0.147,0.133,1,"ZNF552"
"HYI",0.0000788,-0.103,0.15,0.165,1,"HYI"
"PPFIBP2",0.0000797,0.682,0.014,0.01,1,"PPFIBP2"
"AP2A1",0.0000805,0.172,0.362,0.349,1,"AP2A1"
"DNAJC4",0.0000808,0.195,0.16,0.146,1,"DNAJC4"
"SUGCT",0.0000808,0.184,0.171,0.156,1,"SUGCT"
"RXRG",0.0000808,-0.526,0.007,0.011,1,"RXRG"
"PCNX3",0.0000809,0.182,0.111,0.098,1,"PCNX3"
"NLGN3",0.0000815,0.189,0.187,0.172,1,"NLGN3"
"MCUR1",0.0000818,0.135,0.333,0.318,1,"MCUR1"
"MRPL49",0.0000818,0.173,0.181,0.166,1,"MRPL49"
"ERGIC3",0.0000819,0.138,0.492,0.481,1,"ERGIC3"
"TMED2",0.0000823,0.135,0.591,0.586,1,"TMED2"
"SLIT3",0.0000823,-0.54,0.015,0.02,1,"SLIT3"
"WIPF2",0.0000827,0.118,0.586,0.579,1,"WIPF2"
"H2BC9",0.000083,-0.301,0.116,0.129,1,"H2BC9"
"DENND2B",0.0000832,0.118,0.354,0.338,1,"DENND2B"
"EPHB1",0.0000833,0.175,0.399,0.383,1,"EPHB1"
"COG8",0.0000834,0.184,0.171,0.156,1,"COG8"
"SF3A1",0.0000837,0.132,0.319,0.303,1,"SF3A1"
"TRIP6",0.0000837,0.214,0.15,0.136,1,"TRIP6"
"MCRIP2",0.0000839,0.202,0.149,0.135,1,"MCRIP2"
"FGFR1OP2",0.0000841,0.103,0.549,0.536,1,"FGFR1OP2"
"CBY1",0.0000845,0.167,0.387,0.373,1,"CBY1"
"COL22A1",0.0000846,0.261,0.076,0.066,1,"COL22A1"
"MRPL58",0.0000851,0.173,0.367,0.353,1,"MRPL58"
"ZNF544",0.0000851,0.104,0.447,0.43,1,"ZNF544"
"FASN",0.0000852,0.156,0.24,0.224,1,"FASN"
"RPN1",0.0000853,0.131,0.434,0.422,1,"RPN1"
"GDF11",0.0000859,0.157,0.297,0.28,1,"GDF11"
"TOR1A",0.0000862,0.169,0.211,0.195,1,"TOR1A"
"COX15",0.0000873,0.113,0.3,0.282,1,"COX15"
"BMP1",0.0000873,0.192,0.108,0.096,1,"BMP1"
"XBP1",0.0000874,0.256,0.214,0.199,1,"XBP1"
"AMER2",0.0000874,0.164,0.503,0.492,1,"AMER2"
"UBR4",0.0000879,0.105,0.556,0.545,1,"UBR4"
"CD160",0.0000879,0.413,0.036,0.028,1,"CD160"
"ENSG00000279088",0.000088,0.213,0.106,0.094,1,"ENSG00000279088"
"LLPH",0.0000884,0.143,0.405,0.392,1,"LLPH"
"HACD2",0.0000886,0.135,0.34,0.325,1,"HACD2"
"TMEM126B",0.000089,0.162,0.34,0.325,1,"TMEM126B"
"PSENEN",0.0000893,0.221,0.311,0.297,1,"PSENEN"
"PINK1",0.0000893,0.167,0.277,0.26,1,"PINK1"
"SND1",9e-05,0.108,0.623,0.619,1,"SND1"
"RBM4B",0.0000901,0.127,0.458,0.441,1,"RBM4B"
"RGS9",0.0000903,-0.225,0.053,0.062,1,"RGS9"
"WNT5A",0.0000904,0.354,0.022,0.017,1,"WNT5A"
"PDLIM1",0.0000908,0.377,0.071,0.061,1,"PDLIM1"
"BAG2",0.0000909,0.141,0.165,0.15,1,"BAG2"
"ERBB2",0.0000912,0.129,0.157,0.142,1,"ERBB2"
"TOMM22",0.0000917,0.12,0.545,0.537,1,"TOMM22"
"TSPAN33",0.000092,0.225,0.082,0.071,1,"TSPAN33"
"EHMT2",0.0000923,0.128,0.492,0.482,1,"EHMT2"
"PRMT3",0.0000932,0.105,0.392,0.376,1,"PRMT3"
"PARVA",0.0000938,0.185,0.14,0.127,1,"PARVA"
"RGS17",0.000094,0.162,0.378,0.361,1,"RGS17"
"CRLF3",0.0000944,0.1,0.659,0.648,1,"CRLF3"
"ABI1",0.0000944,0.114,0.65,0.644,1,"ABI1"
"SLC39A10",0.0000946,0.114,0.5,0.486,1,"SLC39A10"
"SS18L2",0.0000949,0.127,0.454,0.441,1,"SS18L2"
"RGP1",0.0000953,0.179,0.186,0.171,1,"RGP1"
"NR1H2",0.0000954,0.19,0.23,0.214,1,"NR1H2"
"TFAM",0.0000959,0.119,0.493,0.485,1,"TFAM"
"BRMS1L",0.0000959,0.112,0.456,0.441,1,"BRMS1L"
"DNAJC19",0.0000966,0.14,0.503,0.496,1,"DNAJC19"
"HEATR5A",0.0000972,0.154,0.306,0.29,1,"HEATR5A"
"PFKL",0.0000982,0.143,0.267,0.25,1,"PFKL"
"FRMD8",0.0000982,0.263,0.09,0.079,1,"FRMD8"
"OBSCN",0.0000986,-0.109,0.14,0.155,1,"OBSCN"
"CRYGD",0.0000992,0.524,0.012,0.008,1,"CRYGD"
"EFR3A",0.0000994,0.13,0.315,0.299,1,"EFR3A"
"CNN2",0.0000995,0.15,0.273,0.257,1,"CNN2"
"RHBDL2",0.0000999,0.202,0.171,0.157,1,"RHBDL2"
"NABP2",0.0001,0.186,0.253,0.237,1,"NABP2"
"GLRX",0.0001,0.159,0.299,0.282,1,"GLRX"
"ZMPSTE24",0.000101,0.145,0.3,0.283,1,"ZMPSTE24"
"ZNF605",0.000101,0.15,0.287,0.27,1,"ZNF605"
"NLGN2",0.000101,0.21,0.281,0.267,1,"NLGN2"
"DHX16",0.000102,0.184,0.21,0.195,1,"DHX16"
"EML1",0.000102,0.109,0.262,0.245,1,"EML1"
"TEX26",0.000102,-0.266,0.021,0.027,1,"TEX26"
"JAG1",0.000103,0.282,0.274,0.261,1,"JAG1"
"LTBP2",0.000103,0.49,0.018,0.013,1,"LTBP2"
"PDE3B",0.000104,0.104,0.434,0.414,1,"PDE3B"
"SPATA1",0.000104,0.321,0.094,0.083,1,"SPATA1"
"CDC42BPB",0.000105,0.105,0.608,0.604,1,"CDC42BPB"
"TOP2A",0.000106,-0.108,0.327,0.348,1,"TOP2A"
"UMAD1",0.000106,0.103,0.54,0.524,1,"UMAD1"
"SNTB2",0.000108,0.143,0.409,0.394,1,"SNTB2"
"LOXL3",0.000108,0.208,0.217,0.202,1,"LOXL3"
"THOC5",0.000109,0.187,0.24,0.225,1,"THOC5"
"IRS2",0.000109,0.226,0.412,0.405,1,"IRS2"
"PLEKHM2",0.00011,0.127,0.378,0.361,1,"PLEKHM2"
"CYTH3",0.00011,0.157,0.34,0.323,1,"CYTH3"
"PRCC",0.000111,0.12,0.461,0.446,1,"PRCC"
"SMIM7",0.000111,0.126,0.58,0.578,1,"SMIM7"
"GPC5",0.000112,-0.269,0.021,0.027,1,"GPC5"
"CLU",0.000113,0.112,0.371,0.352,1,"CLU"
"RCC1L",0.000113,0.158,0.285,0.269,1,"RCC1L"
"AJUBA",0.000114,0.317,0.044,0.036,1,"AJUBA"
"CSRP2",0.000114,-0.188,0.431,0.449,1,"CSRP2"
"TMEM106A",0.000114,0.802,0.015,0.01,1,"TMEM106A"
"NRG1",0.000114,-0.501,0.18,0.194,1,"NRG1"
"RNF41",0.000114,0.172,0.294,0.279,1,"RNF41"
"JTB",0.000115,0.124,0.593,0.592,1,"JTB"
"EIF2AK4",0.000117,0.124,0.462,0.449,1,"EIF2AK4"
"PPT2",0.000117,0.227,0.068,0.058,1,"PPT2"
"LDLRAP1",0.000118,0.383,0.02,0.015,1,"LDLRAP1"
"RHPN1",0.000118,0.294,0.054,0.045,1,"RHPN1"
"NDFIP2",0.000118,0.139,0.301,0.285,1,"NDFIP2"
"ASF1A",0.000119,0.119,0.477,0.462,1,"ASF1A"
"RIPK1",0.000119,0.131,0.248,0.231,1,"RIPK1"
"CBR1",0.00012,0.163,0.208,0.192,1,"CBR1"
"CFAP20",0.00012,0.13,0.504,0.49,1,"CFAP20"
"KEL",0.00012,-0.413,0.014,0.019,1,"KEL"
"ZNF260",0.000121,0.142,0.433,0.42,1,"ZNF260"
"PIP5K1C",0.000123,0.163,0.21,0.194,1,"PIP5K1C"
"MDH1",0.000123,0.103,0.622,0.618,1,"MDH1"
"RRP9",0.000125,0.217,0.104,0.092,1,"RRP9"
"STEAP1B",0.000125,0.156,0.431,0.421,1,"STEAP1B"
"TRAK1",0.000125,0.15,0.552,0.543,1,"TRAK1"
"SHOC1",0.000125,0.22,0.177,0.163,1,"SHOC1"
"DHX33",0.000127,0.127,0.236,0.221,1,"DHX33"
"INPP1",0.000128,-0.315,0.099,0.111,1,"INPP1"
"TRMT5",0.000128,0.217,0.187,0.173,1,"TRMT5"
"SLC25A46",0.000128,0.146,0.445,0.431,1,"SLC25A46"
"RHBDF1",0.000128,0.45,0.028,0.022,1,"RHBDF1"
"TCEANC2",0.000131,0.155,0.13,0.117,1,"TCEANC2"
"UBE2Q1",0.000131,-0.109,0.285,0.302,1,"UBE2Q1"
"ANKRD20A1",0.000132,-0.239,0.071,0.082,1,"ANKRD20A1"
"IFNGR2",0.000132,0.126,0.444,0.429,1,"IFNGR2"
"KRI1",0.000134,0.217,0.156,0.142,1,"KRI1"
"UBE4A",0.000134,0.115,0.452,0.438,1,"UBE4A"
"ADAM32",0.000136,0.192,0.167,0.152,1,"ADAM32"
"FEM1B",0.000137,0.103,0.433,0.416,1,"FEM1B"
"FBN1",0.000138,0.177,0.147,0.133,1,"FBN1"
"STXBP3",0.000138,0.129,0.414,0.399,1,"STXBP3"
"GMPS",0.000138,0.117,0.545,0.534,1,"GMPS"
"MAP7D1",0.000139,0.151,0.403,0.389,1,"MAP7D1"
"B4GAT1",0.00014,0.15,0.213,0.197,1,"B4GAT1"
"DVL1",0.000141,0.215,0.128,0.115,1,"DVL1"
"ZNF708",0.000141,0.112,0.613,0.604,1,"ZNF708"
"IKBKE",0.000141,0.257,0.041,0.033,1,"IKBKE"
"LGALS8",0.000142,0.249,0.145,0.132,1,"LGALS8"
"PBXIP1",0.000142,0.158,0.197,0.182,1,"PBXIP1"
"TNIP2",0.000142,0.245,0.166,0.153,1,"TNIP2"
"MPP7",0.000142,0.348,0.06,0.051,1,"MPP7"
"PLCE1",0.000143,0.195,0.419,0.408,1,"PLCE1"
"LRIG3",0.000143,0.239,0.122,0.11,1,"LRIG3"
"PYROXD1",0.000143,0.187,0.22,0.205,1,"PYROXD1"
"C21orf91",0.000144,0.157,0.208,0.193,1,"C21orf91"
"SLC35G1",0.000145,0.124,0.143,0.129,1,"SLC35G1"
"ENKUR",0.000145,0.127,0.199,0.185,1,"ENKUR"
"GIT2",0.000145,0.119,0.438,0.423,1,"GIT2"
"THG1L",0.000146,0.133,0.14,0.126,1,"THG1L"
"MAK",0.000147,0.107,0.387,0.368,1,"MAK"
"BICDL1",0.000147,-0.116,0.105,0.119,1,"BICDL1"
"DNASE2",0.000148,0.233,0.136,0.123,1,"DNASE2"
"ARHGEF40",0.000149,0.14,0.314,0.297,1,"ARHGEF40"
"TOLLIP",0.000149,0.176,0.238,0.223,1,"TOLLIP"
"HLA-A",0.00015,0.178,0.436,0.422,1,"HLA-A"
"ABCE1",0.000153,0.123,0.488,0.476,1,"ABCE1"
"ARHGAP25",0.000153,-0.366,0.034,0.042,1,"ARHGAP25"
"PTBP3",0.000154,0.116,0.637,0.628,1,"PTBP3"
"SCRN1",0.000154,0.136,0.42,0.405,1,"SCRN1"
"GSTZ1",0.000155,0.175,0.162,0.148,1,"GSTZ1"
"ENSG00000284526",0.000156,0.256,0.098,0.087,1,"ENSG00000284526"
"PRR14L",0.000156,0.109,0.539,0.527,1,"PRR14L"
"TPRG1L",0.000159,0.229,0.086,0.075,1,"TPRG1L"
"LRP10",0.000159,0.138,0.171,0.157,1,"LRP10"
"B4GALNT3",0.000161,0.446,0.036,0.029,1,"B4GALNT3"
"CNPPD1",0.000162,0.157,0.195,0.18,1,"CNPPD1"
"BCAS4",0.000162,0.204,0.197,0.182,1,"BCAS4"
"FAM111A",0.000162,0.188,0.182,0.167,1,"FAM111A"
"DHRS1",0.000163,0.16,0.2,0.185,1,"DHRS1"
"NAB2",0.000163,0.215,0.248,0.233,1,"NAB2"
"SERPINB8",0.000164,0.384,0.044,0.036,1,"SERPINB8"
"INPPL1",0.000164,0.189,0.135,0.122,1,"INPPL1"
"PRSS23",0.000167,0.223,0.105,0.094,1,"PRSS23"
"DPYD",0.000167,0.154,0.299,0.283,1,"DPYD"
"TCHP",0.000167,0.17,0.366,0.351,1,"TCHP"
"MAP3K12",0.000168,0.164,0.248,0.231,1,"MAP3K12"
"CLCF1",0.000169,0.567,0.02,0.015,1,"CLCF1"
"PMM1",0.00017,0.13,0.342,0.326,1,"PMM1"
"OGT",0.00017,0.103,0.588,0.574,1,"OGT"
"GADD45GIP1",0.000171,0.11,0.588,0.587,1,"GADD45GIP1"
"PLEKHA1",0.000171,0.133,0.399,0.383,1,"PLEKHA1"
"ZNF154",0.000173,0.163,0.171,0.156,1,"ZNF154"
"LYRM9",0.000173,0.154,0.103,0.091,1,"LYRM9"
"OARD1",0.000175,0.108,0.418,0.4,1,"OARD1"
"MUSK",0.000175,-0.609,0.009,0.014,1,"MUSK"
"SLC20A2",0.000178,0.118,0.431,0.417,1,"SLC20A2"
"RADIL",0.00018,-0.147,0.114,0.127,1,"RADIL"
"DDX54",0.000181,0.169,0.206,0.191,1,"DDX54"
"IFRD1",0.000181,0.136,0.311,0.294,1,"IFRD1"
"OR2H2",0.000181,0.341,0.037,0.029,1,"OR2H2"
"TRPC5",0.000182,0.545,0.036,0.029,1,"TRPC5"
"YARS1",0.000182,0.106,0.29,0.273,1,"YARS1"
"IFT22",0.000184,0.136,0.365,0.35,1,"IFT22"
"YIPF5",0.000185,0.126,0.39,0.374,1,"YIPF5"
"NUAK2",0.000185,0.163,0.122,0.109,1,"NUAK2"
"SPATA18",0.000186,0.695,0.013,0.009,1,"SPATA18"
"DDX1",0.000187,0.116,0.604,0.599,1,"DDX1"
"CDC26",0.000187,0.145,0.419,0.408,1,"CDC26"
"PTPN21",0.000188,0.147,0.359,0.345,1,"PTPN21"
"GTF2B",0.00019,0.133,0.465,0.452,1,"GTF2B"
"HILPDA",0.00019,-0.247,0.28,0.295,1,"HILPDA"
"SMNDC1",0.00019,0.121,0.488,0.474,1,"SMNDC1"
"UQCC2",0.000191,0.138,0.512,0.507,1,"UQCC2"
"EDNRA",0.000191,-0.171,0.031,0.038,1,"EDNRA"
"CMTM5",0.000191,-0.789,0.009,0.013,1,"CMTM5"
"INAFM1",0.000191,0.161,0.169,0.155,1,"INAFM1"
"TUBB4B",0.000191,-0.105,0.548,0.572,1,"TUBB4B"
"KLHL9",0.000191,0.129,0.477,0.465,1,"KLHL9"
"MED8",0.000192,0.148,0.241,0.226,1,"MED8"
"CLDN10",0.000192,-0.558,0.024,0.03,1,"CLDN10"
"POGLUT2",0.000193,0.185,0.111,0.099,1,"POGLUT2"
"PRKCB",0.000195,-0.491,0.009,0.013,1,"PRKCB"
"DNAJB12",0.000195,0.164,0.282,0.267,1,"DNAJB12"
"PODXL",0.000196,0.237,0.092,0.081,1,"PODXL"
"GPX3",0.000197,-0.368,0.01,0.015,1,"GPX3"
"CERS2",0.000198,0.187,0.27,0.255,1,"CERS2"
"KDM7A",0.000198,0.102,0.362,0.345,1,"KDM7A"
"SRSF6",0.000198,0.108,0.566,0.556,1,"SRSF6"
"ATP6V1C2",0.000198,0.281,0.039,0.031,1,"ATP6V1C2"
"DPY19L3",0.000199,0.129,0.456,0.444,1,"DPY19L3"
"CLCC1",0.000199,0.136,0.389,0.373,1,"CLCC1"
"MAMDC2",0.000202,0.164,0.149,0.135,1,"MAMDC2"
"DYNC2LI1",0.000202,0.107,0.34,0.324,1,"DYNC2LI1"
"BORCS7",0.000202,0.11,0.39,0.376,1,"BORCS7"
"ZSCAN29",0.000203,0.214,0.141,0.128,1,"ZSCAN29"
"UTP11",0.000204,0.132,0.414,0.4,1,"UTP11"
"GDF15",0.000204,0.656,0.017,0.013,1,"GDF15"
"NRBP1",0.000205,0.125,0.458,0.448,1,"NRBP1"
"DNAI1",0.000205,-0.448,0.034,0.041,1,"DNAI1"
"GMFB",0.000205,0.163,0.491,0.484,1,"GMFB"
"MCRS1",0.000205,0.151,0.36,0.347,1,"MCRS1"
"MICALL2",0.000206,0.308,0.045,0.037,1,"MICALL2"
"PNPT1",0.000206,0.114,0.38,0.366,1,"PNPT1"
"PTGFRN",0.000208,0.129,0.271,0.256,1,"PTGFRN"
"IQSEC1",0.000209,-0.229,0.277,0.292,1,"IQSEC1"
"ANKRD37",0.000209,-0.254,0.112,0.124,1,"ANKRD37"
"NELFB",0.00021,0.145,0.285,0.269,1,"NELFB"
"GARNL3",0.000211,-0.191,0.396,0.408,1,"GARNL3"
"CHST3",0.000212,0.153,0.193,0.178,1,"CHST3"
"CUL4A",0.000212,0.106,0.544,0.532,1,"CUL4A"
"NOL4L",0.000212,0.15,0.305,0.29,1,"NOL4L"
"CPM",0.000213,0.286,0.028,0.022,1,"CPM"
"SRPRB",0.000214,0.148,0.177,0.163,1,"SRPRB"
"DCTN6",0.000215,0.122,0.58,0.573,1,"DCTN6"
"C12orf73",0.000215,0.106,0.327,0.311,1,"C12orf73"
"SLC27A4",0.000217,0.161,0.604,0.601,1,"SLC27A4"
"UPF1",0.000218,0.153,0.27,0.254,1,"UPF1"
"JPH4",0.00022,0.172,0.356,0.343,1,"JPH4"
"TMEM140",0.00022,0.335,0.064,0.054,1,"TMEM140"
"RPE",0.000221,0.132,0.339,0.323,1,"RPE"
"FARP1",0.000221,0.129,0.857,0.845,1,"FARP1"
"GARRE1",0.000222,0.116,0.415,0.398,1,"GARRE1"
"FZD6",0.000222,0.225,0.084,0.073,1,"FZD6"
"PHF2",0.000223,0.107,0.458,0.444,1,"PHF2"
"KLHL34",0.000223,0.324,0.043,0.035,1,"KLHL34"
"AFG3L2",0.000224,0.105,0.347,0.331,1,"AFG3L2"
"STX4",0.000226,0.196,0.209,0.194,1,"STX4"
"USP7",0.000226,0.107,0.615,0.61,1,"USP7"
"FGD4",0.000227,0.138,0.637,0.629,1,"FGD4"
"LANCL2",0.000229,0.13,0.402,0.387,1,"LANCL2"
"PCID2",0.000229,0.101,0.411,0.396,1,"PCID2"
"RRP8",0.00023,0.218,0.161,0.147,1,"RRP8"
"ZDHHC9",0.00023,0.123,0.242,0.226,1,"ZDHHC9"
"TYMP",0.00023,0.329,0.042,0.034,1,"TYMP"
"CLPX",0.000231,0.119,0.427,0.413,1,"CLPX"
"ZBED3",0.000233,0.135,0.302,0.286,1,"ZBED3"
"KCNMA1",0.000233,-0.143,0.056,0.065,1,"KCNMA1"
"SLC1A1",0.000234,-0.137,0.094,0.106,1,"SLC1A1"
"ACP2",0.000236,0.142,0.099,0.088,1,"ACP2"
"PDK2",0.000236,0.244,0.171,0.158,1,"PDK2"
"CNTNAP2",0.000236,-0.855,0.129,0.117,1,"CNTNAP2"
"MTR",0.000236,0.103,0.489,0.478,1,"MTR"
"ATG9A",0.000237,0.222,0.099,0.087,1,"ATG9A"
"ZNF502",0.000237,-0.283,0.023,0.03,1,"ZNF502"
"SPRTN",0.000239,0.159,0.271,0.256,1,"SPRTN"
"MRPS14",0.000239,0.145,0.372,0.36,1,"MRPS14"
"MTIF3",0.00024,0.137,0.423,0.41,1,"MTIF3"
"SEMA4A",0.00024,-0.24,0.034,0.041,1,"SEMA4A"
"C1GALT1C1",0.000241,0.177,0.192,0.178,1,"C1GALT1C1"
"PCDHB15",0.000241,0.15,0.107,0.095,1,"PCDHB15"
"STIM1",0.000241,0.123,0.431,0.417,1,"STIM1"
"SNW1",0.000242,0.118,0.631,0.628,1,"SNW1"
"POGK",0.000243,0.132,0.407,0.393,1,"POGK"
"RNF214",0.000244,0.104,0.463,0.45,1,"RNF214"
"ERC2",0.000245,-0.209,0.234,0.248,1,"ERC2"
"E2F6",0.000249,0.158,0.21,0.195,1,"E2F6"
"DHCR7",0.00025,0.277,0.172,0.159,1,"DHCR7"
"SERP1",0.00025,0.112,0.696,0.701,1,"SERP1"
"RTL5",0.000251,0.268,0.123,0.111,1,"RTL5"
"VASP",0.000252,0.194,0.168,0.155,1,"VASP"
"SDHAF1",0.000254,0.166,0.151,0.137,1,"SDHAF1"
"TRIM23",0.000255,0.135,0.429,0.416,1,"TRIM23"
"SGPL1",0.000257,0.101,0.428,0.414,1,"SGPL1"
"CCDC144A",0.000257,0.146,0.206,0.192,1,"CCDC144A"
"NPRL3",0.000259,0.112,0.329,0.313,1,"NPRL3"
"RECQL",0.000261,0.133,0.378,0.364,1,"RECQL"
"PDK4",0.000261,-0.473,0.02,0.026,1,"PDK4"
"UBLCP1",0.000263,0.134,0.421,0.408,1,"UBLCP1"
"TPRA1",0.000265,0.181,0.145,0.132,1,"TPRA1"
"NSUN4",0.000266,0.195,0.143,0.13,1,"NSUN4"
"KBTBD12",0.000268,-0.446,0.013,0.018,1,"KBTBD12"
"NAGPA",0.000269,0.254,0.057,0.049,1,"NAGPA"
"NSG2",0.00027,0.183,0.472,0.464,1,"NSG2"
"LRRN2",0.00027,0.104,0.187,0.172,1,"LRRN2"
"GPR19",0.00027,0.188,0.142,0.129,1,"GPR19"
"BMI1",0.000271,0.125,0.384,0.366,1,"BMI1"
"DNAJC24",0.000274,0.133,0.362,0.346,1,"DNAJC24"
"RAB1B",0.000274,0.189,0.268,0.254,1,"RAB1B"
"AHNAK",0.000275,0.211,0.107,0.096,1,"AHNAK"
"EDEM2",0.000275,0.176,0.168,0.155,1,"EDEM2"
"LRRC69",0.000275,0.245,0.084,0.074,1,"LRRC69"
"FOSL1",0.000277,0.418,0.015,0.011,1,"FOSL1"
"RPAP3",0.000277,0.106,0.353,0.336,1,"RPAP3"
"RHOF",0.000278,0.206,0.293,0.278,1,"RHOF"
"OR8A1",0.000279,-0.574,0.008,0.011,1,"OR8A1"
"CAB39L",0.000281,0.123,0.444,0.429,1,"CAB39L"
"TECPR2",0.000281,0.103,0.405,0.39,1,"TECPR2"
"OSGIN2",0.000283,0.221,0.213,0.199,1,"OSGIN2"
"TNK2",0.000285,0.291,0.203,0.19,1,"TNK2"
"ACSL6",0.000286,-0.17,0.043,0.051,1,"ACSL6"
"PSD",0.000287,0.273,0.146,0.134,1,"PSD"
"WDR25",0.000287,0.13,0.292,0.276,1,"WDR25"
"HELT",0.000288,0.24,0.01,0.007,1,"HELT"
"SMAD3",0.00029,0.185,0.152,0.139,1,"SMAD3"
"CBWD2",0.00029,0.167,0.272,0.257,1,"CBWD2"
"STN1",0.00029,0.162,0.089,0.078,1,"STN1"
"CP",0.00029,0.484,0.025,0.019,1,"CP"
"FOXO1",0.00029,0.132,0.275,0.26,1,"FOXO1"
"MYBBP1A",0.000292,0.226,0.082,0.072,1,"MYBBP1A"
"DHRS11",0.000292,0.283,0.079,0.069,1,"DHRS11"
"NKIRAS1",0.000292,0.116,0.378,0.363,1,"NKIRAS1"
"SSX2IP",0.000293,0.171,0.259,0.244,1,"SSX2IP"
"CHMP2B",0.000293,0.121,0.417,0.403,1,"CHMP2B"
"FDX1",0.000294,0.127,0.441,0.43,1,"FDX1"
"ZNF25",0.000294,0.186,0.318,0.304,1,"ZNF25"
"ADI1",0.000296,0.134,0.315,0.301,1,"ADI1"
"NATD1",0.0003,0.323,0.053,0.045,1,"NATD1"
"SPDYE3",0.0003,0.111,0.182,0.168,1,"SPDYE3"
"CHPF2",0.000302,0.218,0.096,0.085,1,"CHPF2"
"STX2",0.000303,0.107,0.51,0.498,1,"STX2"
"PXN",0.000305,0.201,0.184,0.171,1,"PXN"
"POP5",0.000308,0.131,0.332,0.317,1,"POP5"
"TGFBR3L",0.000308,0.405,0.021,0.016,1,"TGFBR3L"
"ARMCX6",0.000309,0.155,0.28,0.265,1,"ARMCX6"
"MROH6",0.000309,0.417,0.016,0.011,1,"MROH6"
"C2orf80",0.00031,0.138,0.078,0.068,1,"C2orf80"
"DR1",0.000311,0.145,0.394,0.381,1,"DR1"
"CFAP77",0.000312,0.808,0.018,0.014,1,"CFAP77"
"DIMT1",0.000314,0.134,0.387,0.372,1,"DIMT1"
"TUBA4A",0.000317,-0.474,0.023,0.029,1,"TUBA4A"
"SPRING1",0.000317,0.144,0.355,0.341,1,"SPRING1"
"NIPA2",0.000318,0.129,0.432,0.42,1,"NIPA2"
"MAP3K9",0.00032,-0.2,0.092,0.103,1,"MAP3K9"
"STEAP2",0.00032,0.459,0.053,0.045,1,"STEAP2"
"MGP",0.000321,-0.751,0.008,0.012,1,"MGP"
"ITPRIP",0.000322,0.172,0.102,0.091,1,"ITPRIP"
"ALDH3B1",0.000324,0.525,0.014,0.01,1,"ALDH3B1"
"JPH3",0.000324,0.271,0.115,0.104,1,"JPH3"
"MNS1",0.000325,0.152,0.143,0.13,1,"MNS1"
"CHST12",0.000325,0.19,0.183,0.17,1,"CHST12"
"IGBP1",0.000325,0.12,0.554,0.547,1,"IGBP1"
"TPPP3",0.000325,0.3,0.063,0.055,1,"TPPP3"
"WDR44",0.000326,0.119,0.434,0.418,1,"WDR44"
"SLC40A1",0.000328,0.223,0.123,0.112,1,"SLC40A1"
"MED7",0.000331,0.126,0.191,0.176,1,"MED7"
"GRM1",0.000335,-0.448,0.018,0.023,1,"GRM1"
"VPS37A",0.000336,0.117,0.453,0.44,1,"VPS37A"
"FBXW9",0.000337,0.184,0.101,0.09,1,"FBXW9"
"RANBP3L",0.000337,-0.291,0.103,0.114,1,"RANBP3L"
"SACM1L",0.000338,0.135,0.443,0.431,1,"SACM1L"
"CCDC169",0.000339,0.554,0.014,0.01,1,"CCDC169"
"AP3D1",0.000341,0.108,0.421,0.408,1,"AP3D1"
"ANKRD13A",0.000343,0.186,0.26,0.246,1,"ANKRD13A"
"NACC1",0.000344,0.142,0.191,0.176,1,"NACC1"
"PPP1R37",0.000346,0.207,0.114,0.102,1,"PPP1R37"
"NCEH1",0.000346,0.325,0.044,0.037,1,"NCEH1"
"CHMP1B",0.000347,0.152,0.429,0.417,1,"CHMP1B"
"ZNF813",0.000348,0.221,0.088,0.078,1,"ZNF813"
"CNPY4",0.00035,0.152,0.192,0.178,1,"CNPY4"
"EHD3",0.00035,0.26,0.047,0.039,1,"EHD3"
"NAF1",0.000351,0.118,0.342,0.326,1,"NAF1"
"FRS2",0.000353,0.102,0.704,0.704,1,"FRS2"
"SREBF1",0.000354,-0.114,0.151,0.165,1,"SREBF1"
"FSD1",0.000357,0.183,0.225,0.212,1,"FSD1"
"FAM78B",0.000358,0.533,0.028,0.022,1,"FAM78B"
"LIG3",0.000359,0.148,0.266,0.252,1,"LIG3"
"MYCL",0.000359,0.368,0.045,0.037,1,"MYCL"
"MRPS10",0.00036,0.12,0.404,0.392,1,"MRPS10"
"ZFYVE27",0.00036,0.109,0.265,0.249,1,"ZFYVE27"
"TEAD2",0.00036,0.148,0.33,0.315,1,"TEAD2"
"CSRNP1",0.00036,0.383,0.033,0.027,1,"CSRNP1"
"ISCA2",0.000361,0.136,0.372,0.359,1,"ISCA2"
"CDKL5",0.000361,0.174,0.573,0.563,1,"CDKL5"
"ZBED6",0.000361,0.267,0.026,0.02,1,"ZBED6"
"RAB5IF",0.000361,0.13,0.497,0.49,1,"RAB5IF"
"CAPN15",0.000362,0.203,0.106,0.095,1,"CAPN15"
"INSL6",0.000363,0.226,0.077,0.067,1,"INSL6"
"SYT16",0.000364,-0.261,0.095,0.106,1,"SYT16"
"SLC7A1",0.000365,0.157,0.241,0.226,1,"SLC7A1"
"PTPN7",0.000366,0.333,0.039,0.032,1,"PTPN7"
"BOK",0.000367,0.476,0.031,0.025,1,"BOK"
"EXTL2",0.000368,0.146,0.356,0.343,1,"EXTL2"
"EML2",0.000369,0.167,0.133,0.121,1,"EML2"
"ISG20",0.00037,0.573,0.02,0.015,1,"ISG20"
"EMC8",0.000372,0.125,0.364,0.351,1,"EMC8"
"ABCC5",0.000374,0.137,0.43,0.413,1,"ABCC5"
"NAP1L2",0.000375,0.337,0.049,0.041,1,"NAP1L2"
"NDUFS7",0.000377,0.119,0.518,0.509,1,"NDUFS7"
"ZFP37",0.000378,0.134,0.371,0.356,1,"ZFP37"
"DBNL",0.00038,0.134,0.328,0.314,1,"DBNL"
"GRIK5",0.00038,0.136,0.346,0.332,1,"GRIK5"
"REPIN1",0.000381,0.132,0.273,0.258,1,"REPIN1"
"CEMIP",0.000382,0.431,0.101,0.09,1,"CEMIP"
"COG5",0.000384,0.103,0.644,0.641,1,"COG5"
"ENSG00000285458",0.000385,0.312,0.032,0.025,1,"ENSG00000285458"
"CPT2",0.000388,0.247,0.152,0.14,1,"CPT2"
"NUCB1",0.000388,0.137,0.235,0.221,1,"NUCB1"
"WASHC5",0.000389,0.121,0.384,0.369,1,"WASHC5"
"DUSP3",0.000392,0.212,0.122,0.111,1,"DUSP3"
"CELF3",0.000393,0.229,0.217,0.205,1,"CELF3"
"ADAT2",0.000394,0.265,0.087,0.077,1,"ADAT2"
"ZYG11A",0.000394,-0.501,0.013,0.018,1,"ZYG11A"
"NR3C2",0.000395,-0.523,0.064,0.073,1,"NR3C2"
"GSS",0.000395,0.162,0.217,0.202,1,"GSS"
"POC1B",0.000396,0.131,0.311,0.296,1,"POC1B"
"GHR",0.000398,0.278,0.034,0.028,1,"GHR"
"SMIM10L1",0.000398,0.134,0.345,0.332,1,"SMIM10L1"
"ZNF562",0.000399,0.113,0.473,0.46,1,"ZNF562"
"CHD1L",0.000401,0.131,0.391,0.378,1,"CHD1L"
"BOLA1",0.000402,0.21,0.098,0.087,1,"BOLA1"
"NHLRC3",0.000402,0.112,0.432,0.417,1,"NHLRC3"
"MAD2L2",0.000403,0.114,0.584,0.577,1,"MAD2L2"
"TMEM203",0.000403,0.137,0.333,0.319,1,"TMEM203"
"NAALAD2",0.000403,0.277,0.054,0.046,1,"NAALAD2"
"TSGA10",0.000404,0.157,0.151,0.139,1,"TSGA10"
"GRB14",0.000405,-0.139,0.071,0.081,1,"GRB14"
"CFL2",0.000405,0.147,0.445,0.436,1,"CFL2"
"HIVEP3",0.000406,0.174,0.507,0.494,1,"HIVEP3"
"CDO1",0.000412,-0.147,0.405,0.42,1,"CDO1"
"FAM174A",0.000412,0.165,0.238,0.223,1,"FAM174A"
"ETF1",0.000412,0.115,0.424,0.411,1,"ETF1"
"KIAA0753",0.000413,0.116,0.362,0.347,1,"KIAA0753"
"MEA1",0.000414,0.142,0.402,0.39,1,"MEA1"
"THRB",0.000414,-0.263,0.083,0.093,1,"THRB"
"PKDCC",0.000415,0.409,0.026,0.02,1,"PKDCC"
"PNP",0.000418,0.224,0.101,0.091,1,"PNP"
"SEC22B",0.000419,0.129,0.374,0.36,1,"SEC22B"
"FYCO1",0.00042,0.227,0.136,0.124,1,"FYCO1"
"MBOAT7",0.000421,0.139,0.188,0.174,1,"MBOAT7"
"CD9",0.000421,-0.272,0.278,0.289,1,"CD9"
"SOCS5",0.000425,0.155,0.362,0.348,1,"SOCS5"
"TANC1",0.000425,0.158,0.419,0.407,1,"TANC1"
"TRIM4",0.000427,-0.192,0.06,0.069,1,"TRIM4"
"ZNF134",0.00043,0.163,0.205,0.192,1,"ZNF134"
"CCDC196",0.000431,0.343,0.061,0.052,1,"CCDC196"
"LYSMD2",0.000432,0.277,0.066,0.057,1,"LYSMD2"
"CTSO",0.000436,0.478,0.027,0.022,1,"CTSO"
"JRKL",0.000437,0.123,0.181,0.167,1,"JRKL"
"C1RL",0.000441,0.218,0.104,0.093,1,"C1RL"
"SPRED2",0.000443,0.178,0.408,0.395,1,"SPRED2"
"YJU2B",0.000445,0.122,0.32,0.305,1,"YJU2B"
"SLC38A10",0.000448,0.115,0.204,0.189,1,"SLC38A10"
"ADCY6",0.000449,0.149,0.19,0.176,1,"ADCY6"
"BRCC3",0.000449,0.115,0.36,0.344,1,"BRCC3"
"CAMK2N2",0.000451,0.285,0.095,0.085,1,"CAMK2N2"
"CCDC137",0.000451,0.139,0.247,0.232,1,"CCDC137"
"PKD2L2",0.000454,0.173,0.118,0.106,1,"PKD2L2"
"ADSS2",0.000454,0.108,0.438,0.423,1,"ADSS2"
"GRM8",0.000455,0.252,0.066,0.057,1,"GRM8"
"ABHD4",0.000455,0.188,0.096,0.085,1,"ABHD4"
"CMAS",0.000465,0.121,0.394,0.379,1,"CMAS"
"FAM167A",0.00047,-0.602,0.019,0.024,1,"FAM167A"
"SP140",0.000474,-0.551,0.013,0.018,1,"SP140"
"WDR48",0.000474,0.107,0.568,0.559,1,"WDR48"
"TYRO3",0.000475,0.191,0.15,0.138,1,"TYRO3"
"BCHE",0.000475,0.164,0.28,0.265,1,"BCHE"
"NEK10",0.000475,0.158,0.15,0.138,1,"NEK10"
"FBXO2",0.000476,-0.547,0.029,0.035,1,"FBXO2"
"ZDHHC11",0.000476,0.246,0.078,0.068,1,"ZDHHC11"
"KIAA1217",0.000476,0.221,0.112,0.101,1,"KIAA1217"
"EPHB3",0.000477,0.378,0.024,0.019,1,"EPHB3"
"ITGA5",0.000477,0.524,0.015,0.011,1,"ITGA5"
"MT1F",0.000478,-0.288,0.093,0.104,1,"MT1F"
"TCP11L2",0.000482,0.195,0.106,0.095,1,"TCP11L2"
"PDHB",0.000483,0.148,0.401,0.389,1,"PDHB"
"AP5B1",0.000485,0.248,0.055,0.046,1,"AP5B1"
"ZNF185",0.000485,-0.688,0.009,0.013,1,"ZNF185"
"POTEF",0.000487,-0.108,0.385,0.403,1,"POTEF"
"KLHDC1",0.000488,-0.124,0.149,0.162,1,"KLHDC1"
"ESRRB",0.000488,0.563,0.021,0.016,1,"ESRRB"
"NKIRAS2",0.000488,0.134,0.313,0.3,1,"NKIRAS2"
"ALG2",0.00049,0.15,0.164,0.151,1,"ALG2"
"EIF2AK3",0.000492,0.158,0.396,0.383,1,"EIF2AK3"
"TNS1",0.000493,0.207,0.117,0.106,1,"TNS1"
"BRMS1",0.000496,0.167,0.199,0.185,1,"BRMS1"
"MSRB2",0.000496,0.155,0.394,0.382,1,"MSRB2"
"HAS3",0.000496,0.66,0.011,0.008,1,"HAS3"
"TMEM129",0.000496,0.204,0.129,0.117,1,"TMEM129"
"CLDN12",0.000497,0.155,0.207,0.193,1,"CLDN12"
"TP53",0.000498,0.162,0.307,0.295,1,"TP53"
"CYREN",0.000498,0.131,0.305,0.29,1,"CYREN"
"SLC6A16",0.0005,0.172,0.213,0.199,1,"SLC6A16"
"MFSD12",0.0005,0.171,0.133,0.121,1,"MFSD12"
"SLC16A4",0.0005,0.184,0.263,0.248,1,"SLC16A4"
"AR",0.0005,0.141,0.373,0.36,1,"AR"
"SLC25A23",0.0005,0.164,0.259,0.246,1,"SLC25A23"
"PEX19",0.000507,0.199,0.167,0.155,1,"PEX19"
"ENSG00000280120",0.000509,0.415,0.027,0.021,1,"ENSG00000280120"
"H3C12",0.000512,0.201,0.092,0.082,1,"H3C12"
"GALNS",0.000515,0.201,0.117,0.106,1,"GALNS"
"ZNF888",0.000516,0.232,0.047,0.039,1,"ZNF888"
"EFNA4",0.000516,0.236,0.053,0.046,1,"EFNA4"
"SMIM38",0.000519,-0.487,0.008,0.012,1,"SMIM38"
"NFYC",0.000519,0.108,0.483,0.471,1,"NFYC"
"TAX1BP3",0.000521,0.146,0.316,0.301,1,"TAX1BP3"
"CSRP1",0.000522,-0.668,0.019,0.025,1,"CSRP1"
"DPM1",0.000524,0.119,0.476,0.467,1,"DPM1"
"ANKRD49",0.000525,0.152,0.164,0.151,1,"ANKRD49"
"CNMD",0.000527,0.575,0.014,0.01,1,"CNMD"
"TMEM217",0.000528,0.432,0.024,0.019,1,"TMEM217"
"FAM149A",0.00053,0.378,0.078,0.069,1,"FAM149A"
"ACTR8",0.000537,0.202,0.19,0.176,1,"ACTR8"
"SEMA5A",0.000538,0.34,0.304,0.29,1,"SEMA5A"
"PAQR3",0.000546,0.111,0.27,0.256,1,"PAQR3"
"RER1",0.000547,0.109,0.483,0.477,1,"RER1"
"ZNF862",0.000547,0.124,0.389,0.373,1,"ZNF862"
"PDCD2",0.000549,0.112,0.408,0.397,1,"PDCD2"
"CXCL13",0.000555,-0.48,0.011,0.015,1,"CXCL13"
"SLC2A9",0.000556,-0.501,0.013,0.018,1,"SLC2A9"
"MAPKAPK2",0.000556,0.118,0.319,0.303,1,"MAPKAPK2"
"MAP2K7",0.000558,0.171,0.233,0.219,1,"MAP2K7"
"SLC25A48",0.000559,-0.187,0.088,0.099,1,"SLC25A48"
"LY6E",0.000559,0.283,0.079,0.07,1,"LY6E"
"NIT1",0.00056,0.165,0.217,0.204,1,"NIT1"
"ADORA2B",0.000562,-0.134,0.061,0.07,1,"ADORA2B"
"CCDC86",0.000563,0.39,0.033,0.027,1,"CCDC86"
"TUBGCP6",0.000564,0.187,0.08,0.071,1,"TUBGCP6"
"CALB2",0.000572,-0.127,0.145,0.159,1,"CALB2"
"LPAR1",0.000573,-0.322,0.072,0.082,1,"LPAR1"
"PMPCB",0.000574,0.11,0.506,0.495,1,"PMPCB"
"AGO4",0.000576,0.104,0.554,0.543,1,"AGO4"
"INAVA",0.000576,0.192,0.061,0.052,1,"INAVA"
"MTMR6",0.000577,0.145,0.41,0.396,1,"MTMR6"
"SEC13",0.000581,0.109,0.506,0.496,1,"SEC13"
"CFAP46",0.000583,0.112,0.074,0.064,1,"CFAP46"
"SOX8",0.000583,0.36,0.241,0.228,1,"SOX8"
"TMEM185B",0.000585,0.136,0.101,0.09,1,"TMEM185B"
"ZSCAN9",0.000586,0.187,0.296,0.284,1,"ZSCAN9"
"UNC45A",0.000587,0.149,0.222,0.207,1,"UNC45A"
"LAMB2",0.000588,0.207,0.092,0.082,1,"LAMB2"
"NEK6",0.000593,0.219,0.193,0.181,1,"NEK6"
"MRO",0.000597,-0.323,0.011,0.016,1,"MRO"
"NECTIN3",0.000598,0.119,0.384,0.371,1,"NECTIN3"
"NOP14",0.0006,0.165,0.182,0.169,1,"NOP14"
"LHX4",0.000607,0.245,0.094,0.084,1,"LHX4"
"TAS2R20",0.000611,0.171,0.069,0.06,1,"TAS2R20"
"THOC7",0.000611,0.11,0.515,0.51,1,"THOC7"
"ADGRB1",0.000611,0.348,0.073,0.064,1,"ADGRB1"
"LYRM2",0.000613,0.112,0.62,0.619,1,"LYRM2"
"WNT2B",0.000614,0.145,0.281,0.266,1,"WNT2B"
"UBE2J1",0.000614,0.157,0.488,0.482,1,"UBE2J1"
"GSTK1",0.000615,0.179,0.192,0.179,1,"GSTK1"
"MED24",0.000616,0.125,0.344,0.329,1,"MED24"
"ARF3",0.00062,0.153,0.48,0.475,1,"ARF3"
"PLN",0.000621,0.257,0.04,0.033,1,"PLN"
"HUS1",0.000622,0.122,0.17,0.156,1,"HUS1"
"MRPL44",0.000628,0.135,0.41,0.399,1,"MRPL44"
"SNX10",0.000632,-0.339,0.015,0.02,1,"SNX10"
"NIT2",0.000634,0.143,0.283,0.27,1,"NIT2"
"HCFC1",0.000634,0.125,0.421,0.409,1,"HCFC1"
"PRMT9",0.000635,0.144,0.153,0.14,1,"PRMT9"
"SGMS2",0.000641,0.313,0.047,0.039,1,"SGMS2"
"HSPBP1",0.000641,0.152,0.187,0.174,1,"HSPBP1"
"OPRD1",0.000642,0.689,0.01,0.006,1,"OPRD1"
"PPIL2",0.000643,0.1,0.367,0.35,1,"PPIL2"
"ETAA1",0.000644,0.137,0.179,0.166,1,"ETAA1"
"CREG1",0.000644,-0.165,0.121,0.132,1,"CREG1"
"ZNF649",0.000646,0.158,0.213,0.2,1,"ZNF649"
"FGF12",0.000657,-0.209,0.108,0.119,1,"FGF12"
"MRPL54",0.000657,0.125,0.363,0.351,1,"MRPL54"
"MRPL47",0.000659,0.102,0.586,0.582,1,"MRPL47"
"NFATC4",0.000663,0.159,0.063,0.054,1,"NFATC4"
"CPEB3",0.000664,0.103,0.423,0.409,1,"CPEB3"
"CRISPLD1",0.000667,0.188,0.273,0.258,1,"CRISPLD1"
"RHOXF1P3",0.000671,0.541,0.016,0.011,1,"RHOXF1P3"
"GEM",0.000671,-0.379,0.088,0.098,1,"GEM"
"TVP23C",0.000671,0.229,0.079,0.07,1,"TVP23C"
"TBC1D7",0.000675,0.143,0.402,0.391,1,"TBC1D7"
"RTN4R",0.000679,-0.103,0.099,0.11,1,"RTN4R"
"DNAJB5",0.000682,0.255,0.136,0.125,1,"DNAJB5"
"RBM7",0.000682,0.141,0.299,0.285,1,"RBM7"
"B4GALT4",0.000683,0.123,0.214,0.201,1,"B4GALT4"
"PLPP5",0.000686,0.14,0.315,0.301,1,"PLPP5"
"UTP14A",0.00069,0.16,0.213,0.2,1,"UTP14A"
"FIBIN",0.000696,0.269,0.043,0.036,1,"FIBIN"
"SMUG1",0.000696,0.15,0.187,0.174,1,"SMUG1"
"NPPA",0.000697,0.178,0.077,0.068,1,"NPPA"
"CCND3",0.000697,0.177,0.142,0.13,1,"CCND3"
"PRKD3",0.000698,0.101,0.563,0.554,1,"PRKD3"
"TTC38",0.000702,0.16,0.086,0.076,1,"TTC38"
"NOX4",0.000704,0.217,0.199,0.186,1,"NOX4"
"GRID2",0.000709,-0.343,0.349,0.36,1,"GRID2"
"ARRDC4",0.00071,0.131,0.392,0.376,1,"ARRDC4"
"KCNQ2",0.000712,0.157,0.503,0.497,1,"KCNQ2"
"TMEM63B",0.000714,0.111,0.282,0.267,1,"TMEM63B"
"SERAC1",0.000721,0.19,0.215,0.202,1,"SERAC1"
"IRAK1",0.000721,0.377,0.058,0.05,1,"IRAK1"
"SPACA9",0.000724,0.174,0.103,0.093,1,"SPACA9"
"ABCC8",0.000724,-0.108,0.073,0.083,1,"ABCC8"
"U2AF1L4",0.000731,0.2,0.11,0.099,1,"U2AF1L4"
"LRRC4",0.000736,0.128,0.169,0.156,1,"LRRC4"
"GET1",0.000739,0.101,0.613,0.608,1,"GET1"
"PURA",0.00074,0.102,0.365,0.349,1,"PURA"
"ZMYND19",0.000741,0.164,0.195,0.181,1,"ZMYND19"
"C14orf132",0.000741,0.11,0.554,0.541,1,"C14orf132"
"CLUH",0.000741,0.201,0.083,0.073,1,"CLUH"
"C6orf89",0.000742,0.116,0.423,0.41,1,"C6orf89"
"MEMO1",0.000742,0.136,0.229,0.214,1,"MEMO1"
"ZNF174",0.000745,0.16,0.116,0.105,1,"ZNF174"
"FBRS",0.000749,0.208,0.201,0.188,1,"FBRS"
"SYTL4",0.000751,0.261,0.054,0.046,1,"SYTL4"
"CYB5D2",0.000753,0.155,0.247,0.234,1,"CYB5D2"
"GALC",0.000754,0.163,0.078,0.069,1,"GALC"
"SUMF2",0.000757,0.105,0.326,0.313,1,"SUMF2"
"FUNDC1",0.000759,0.14,0.316,0.304,1,"FUNDC1"
"FAM217B",0.000764,0.102,0.329,0.313,1,"FAM217B"
"PEX14",0.000766,0.107,0.392,0.379,1,"PEX14"
"CFAP70",0.00077,0.146,0.068,0.059,1,"CFAP70"
"KIAA0825",0.000773,-0.111,0.415,0.429,1,"KIAA0825"
"HAGHL",0.000776,0.224,0.057,0.049,1,"HAGHL"
"FAHD1",0.000781,0.146,0.259,0.245,1,"FAHD1"
"MTG1",0.000785,0.168,0.222,0.208,1,"MTG1"
"CPNE8",0.000785,0.334,0.091,0.082,1,"CPNE8"
"ZNF81",0.000787,0.147,0.295,0.281,1,"ZNF81"
"MOCS2",0.000795,0.167,0.333,0.322,1,"MOCS2"
"TXLNA",0.000795,0.142,0.343,0.33,1,"TXLNA"
"RMND5A",0.000799,0.118,0.385,0.373,1,"RMND5A"
"MRPL37",0.000802,0.129,0.317,0.303,1,"MRPL37"
"NTRK3",0.000802,-0.298,0.17,0.181,1,"NTRK3"
"PYGB",0.000804,0.131,0.318,0.304,1,"PYGB"
"FRMD6",0.000805,0.262,0.14,0.128,1,"FRMD6"
"CD226",0.000809,0.167,0.027,0.022,1,"CD226"
"NADSYN1",0.00081,0.14,0.17,0.157,1,"NADSYN1"
"KIAA1143",0.000814,0.115,0.378,0.365,1,"KIAA1143"
"H3C2",0.000816,-0.226,0.16,0.172,1,"H3C2"
"SLC9C2",0.000816,0.236,0.048,0.041,1,"SLC9C2"
"UBALD1",0.000818,0.22,0.13,0.119,1,"UBALD1"
"TBC1D4",0.000823,0.165,0.111,0.1,1,"TBC1D4"
"DYRK1B",0.000824,0.149,0.176,0.164,1,"DYRK1B"
"SLC35F4",0.000827,-0.387,0.03,0.036,1,"SLC35F4"
"UBFD1",0.000829,0.144,0.322,0.309,1,"UBFD1"
"FAM120C",0.000829,0.11,0.322,0.308,1,"FAM120C"
"IQCK",0.000837,0.112,0.307,0.293,1,"IQCK"
"ZSWIM8",0.000842,0.127,0.312,0.299,1,"ZSWIM8"
"SH3D21",0.000844,-0.331,0.031,0.037,1,"SH3D21"
"ATP1B2",0.000846,0.11,0.312,0.298,1,"ATP1B2"
"WDR17",0.000848,0.1,0.492,0.482,1,"WDR17"
"TTC23",0.000849,0.108,0.238,0.224,1,"TTC23"
"C19orf73",0.000849,0.559,0.025,0.019,1,"C19orf73"
"CENPI",0.00085,-0.168,0.226,0.24,1,"CENPI"
"ALX3",0.000851,0.507,0.012,0.008,1,"ALX3"
"C11orf54",0.000852,0.124,0.476,0.465,1,"C11orf54"
"MIPEP",0.000855,0.109,0.199,0.185,1,"MIPEP"
"FRMD4B",0.000856,-0.176,0.196,0.209,1,"FRMD4B"
"METTL21A",0.000856,0.112,0.367,0.353,1,"METTL21A"
"PDE2A",0.000856,-0.168,0.037,0.044,1,"PDE2A"
"TBC1D8B",0.000863,0.23,0.011,0.008,1,"TBC1D8B"
"C19orf12",0.000866,0.108,0.312,0.297,1,"C19orf12"
"ZNF248",0.000871,0.119,0.335,0.319,1,"ZNF248"
"VASN",0.000875,0.257,0.034,0.028,1,"VASN"
"CPSF2",0.000878,0.12,0.423,0.412,1,"CPSF2"
"ICMT",0.000879,0.194,0.157,0.145,1,"ICMT"
"TM7SF2",0.000881,0.185,0.249,0.236,1,"TM7SF2"
"MTCL1",0.000885,-0.103,0.307,0.322,1,"MTCL1"
"MSL3",0.000889,0.104,0.25,0.235,1,"MSL3"
"TSPYL1",0.000897,0.13,0.442,0.43,1,"TSPYL1"
"GTF2H5",0.000897,0.121,0.592,0.593,1,"GTF2H5"
"SERTAD1",0.000897,0.202,0.102,0.092,1,"SERTAD1"
"BCL2",0.000904,0.103,0.3,0.286,1,"BCL2"
"TRIM47",0.000912,0.236,0.094,0.084,1,"TRIM47"
"TBC1D2",0.000915,0.196,0.074,0.065,1,"TBC1D2"
"HHAT",0.000916,0.41,0.072,0.063,1,"HHAT"
"AKR7A2",0.00092,0.114,0.476,0.47,1,"AKR7A2"
"STOM",0.000927,-0.24,0.022,0.028,1,"STOM"
"NFE2L1",0.000927,0.136,0.289,0.276,1,"NFE2L1"
"NRDE2",0.000928,0.104,0.285,0.27,1,"NRDE2"
"EFHC2",0.000934,-0.343,0.04,0.046,1,"EFHC2"
"DNAAF4",0.000936,0.12,0.275,0.261,1,"DNAAF4"
"SDHAF2",0.000937,0.171,0.233,0.22,1,"SDHAF2"
"OTUD6B",0.000939,0.117,0.284,0.27,1,"OTUD6B"
"ABCF2",0.000942,0.174,0.143,0.132,1,"ABCF2"
"ZNF558",0.000951,0.125,0.182,0.169,1,"ZNF558"
"ETFDH",0.000955,0.151,0.318,0.305,1,"ETFDH"
"PWP2",0.000956,0.21,0.074,0.066,1,"PWP2"
"SEC16A",0.000958,0.144,0.303,0.29,1,"SEC16A"
"EEF1AKMT4",0.000959,0.422,0.014,0.011,1,"EEF1AKMT4"
"ICA1",0.000963,0.377,0.048,0.041,1,"ICA1"
"ABCB10",0.000979,0.147,0.337,0.324,1,"ABCB10"
"DUSP18",0.000984,0.134,0.201,0.188,1,"DUSP18"
"TERF2",0.000986,0.137,0.39,0.377,1,"TERF2"
"ZFP30",0.00099,0.104,0.653,0.646,1,"ZFP30"
"MRPS2",0.00099,0.145,0.223,0.209,1,"MRPS2"
"HSPA13",0.000991,0.106,0.515,0.505,1,"HSPA13"
"LENG1",0.000992,0.183,0.187,0.174,1,"LENG1"
"RAB34",0.000992,0.21,0.153,0.142,1,"RAB34"
"NOP2",0.000994,0.142,0.16,0.147,1,"NOP2"
"PDPK1",0.001,0.108,0.397,0.383,1,"PDPK1"
"PIEZO2",0.00101,0.167,0.035,0.029,1,"PIEZO2"
"GPAA1",0.00101,0.148,0.279,0.266,1,"GPAA1"
"LSS",0.00101,-0.113,0.349,0.363,1,"LSS"
"RNF207",0.00101,-0.296,0.017,0.022,1,"RNF207"
"PDZD11",0.00101,0.147,0.376,0.365,1,"PDZD11"
"TNFRSF13C",0.00101,-0.318,0.026,0.032,1,"TNFRSF13C"
"CNOT11",0.00102,0.144,0.232,0.219,1,"CNOT11"
"AKIP1",0.00102,0.128,0.269,0.254,1,"AKIP1"
"NR2F6",0.00102,0.133,0.181,0.168,1,"NR2F6"
"SPATA12",0.00103,0.356,0.032,0.027,1,"SPATA12"
"KIF13A",0.00103,0.106,0.466,0.455,1,"KIF13A"
"PPT1",0.00103,0.126,0.317,0.305,1,"PPT1"
"DPPA4",0.00103,-0.265,0.018,0.022,1,"DPPA4"
"RTL6",0.00103,0.14,0.267,0.253,1,"RTL6"
"BID",0.00104,0.107,0.231,0.217,1,"BID"
"PIP5K1A",0.00104,0.111,0.562,0.559,1,"PIP5K1A"
"DPP9",0.00105,0.112,0.18,0.167,1,"DPP9"
"SEC24D",0.00105,0.105,0.15,0.138,1,"SEC24D"
"IQGAP2",0.00105,-0.232,0.331,0.34,1,"IQGAP2"
"PUF60",0.00105,0.11,0.641,0.645,1,"PUF60"
"MINDY4",0.00106,0.258,0.035,0.029,1,"MINDY4"
"MRPS18C",0.00106,0.115,0.503,0.497,1,"MRPS18C"
"CSMD3",0.00106,-0.288,0.094,0.104,1,"CSMD3"
"IKBKB",0.00106,0.148,0.255,0.24,1,"IKBKB"
"BCAR3",0.00106,0.132,0.273,0.259,1,"BCAR3"
"FGFR2",0.00106,-0.128,0.271,0.285,1,"FGFR2"
"SGSM2",0.00106,0.136,0.214,0.201,1,"SGSM2"
"GPR143",0.00106,-0.19,0.008,0.011,1,"GPR143"
"MPI",0.00107,-0.16,0.102,0.112,1,"MPI"
"CEBPB",0.00107,0.114,0.088,0.078,1,"CEBPB"
"IL1RAPL1",0.00107,0.217,0.589,0.58,1,"IL1RAPL1"
"INPP4B",0.00108,0.11,0.138,0.151,1,"INPP4B"
"DDX20",0.00109,0.225,0.21,0.198,1,"DDX20"
"COQ10A",0.00109,0.213,0.146,0.134,1,"COQ10A"
"MRM3",0.0011,0.107,0.157,0.144,1,"MRM3"
"ZNF395",0.0011,-0.168,0.118,0.129,1,"ZNF395"
"FAM222A",0.0011,0.128,0.123,0.112,1,"FAM222A"
"TNIP1",0.00111,-0.159,0.171,0.183,1,"TNIP1"
"PRR16",0.00111,0.387,0.05,0.043,1,"PRR16"
"ETV6",0.00112,0.137,0.537,0.529,1,"ETV6"
"ALDH5A1",0.00112,0.169,0.192,0.179,1,"ALDH5A1"
"TMEM128",0.00112,0.15,0.357,0.346,1,"TMEM128"
"TFE3",0.00112,0.19,0.241,0.23,1,"TFE3"
"SLC39A13",0.00112,0.249,0.107,0.097,1,"SLC39A13"
"CADM3",0.00113,0.133,0.217,0.203,1,"CADM3"
"SLC7A5",0.00113,-0.256,0.061,0.069,1,"SLC7A5"
"ETNK2",0.00114,0.191,0.042,0.035,1,"ETNK2"
"TMEM106C",0.00114,0.109,0.378,0.367,1,"TMEM106C"
"TNPO2",0.00114,0.105,0.418,0.409,1,"TNPO2"
"CHRNA3",0.00115,-0.47,0.012,0.016,1,"CHRNA3"
"CLDND2",0.00115,0.227,0.028,0.022,1,"CLDND2"
"ATG4A",0.00115,0.13,0.206,0.193,1,"ATG4A"
"TPCN1",0.00115,-0.18,0.097,0.107,1,"TPCN1"
"SH3GLB2",0.00115,0.158,0.242,0.229,1,"SH3GLB2"
"CSNK1D",0.00115,0.134,0.36,0.349,1,"CSNK1D"
"MDP1",0.00116,0.122,0.295,0.283,1,"MDP1"
"PEX5",0.00116,0.197,0.201,0.189,1,"PEX5"
"TRMT6",0.00116,0.222,0.179,0.168,1,"TRMT6"
"PRKAG1",0.00117,0.118,0.372,0.359,1,"PRKAG1"
"DERA",0.00117,0.108,0.436,0.423,1,"DERA"
"SYTL2",0.00117,0.205,0.058,0.05,1,"SYTL2"
"SMPD1",0.00117,0.2,0.086,0.077,1,"SMPD1"
"SPRY2",0.0012,0.233,0.297,0.286,1,"SPRY2"
"HCCS",0.00121,0.162,0.13,0.119,1,"HCCS"
"EPHA2",0.00121,0.345,0.021,0.017,1,"EPHA2"
"CTBP1",0.00121,0.151,0.361,0.35,1,"CTBP1"
"NIP7",0.00121,0.16,0.194,0.182,1,"NIP7"
"ADSL",0.00121,0.137,0.339,0.326,1,"ADSL"
"NANOS1",0.00121,-0.184,0.076,0.085,1,"NANOS1"
"NTAQ1",0.00121,0.165,0.282,0.269,1,"NTAQ1"
"ZNF518B",0.00122,0.152,0.291,0.278,1,"ZNF518B"
"ABCD2",0.00122,0.201,0.223,0.211,1,"ABCD2"
"HDAC4",0.00122,0.11,0.669,0.659,1,"HDAC4"
"TEKT1",0.00123,-0.215,0.008,0.012,1,"TEKT1"
"LETM1",0.00123,0.158,0.234,0.221,1,"LETM1"
"THBS4",0.00123,0.205,0.166,0.155,1,"THBS4"
"BOLA2B",0.00124,0.27,0.039,0.032,1,"BOLA2B"
"SPATA5L1",0.00124,0.133,0.226,0.213,1,"SPATA5L1"
"SAMD12",0.00125,0.211,0.11,0.099,1,"SAMD12"
"ACVR1C",0.00125,-0.491,0.011,0.015,1,"ACVR1C"
"OGFOD1",0.00125,0.115,0.256,0.242,1,"OGFOD1"
"TIMM10",0.00125,0.106,0.399,0.386,1,"TIMM10"
"MRPS12",0.00125,0.161,0.278,0.266,1,"MRPS12"
"LAMP5",0.00125,0.3,0.095,0.085,1,"LAMP5"
"ANKRD45",0.00126,0.262,0.037,0.031,1,"ANKRD45"
"NNMT",0.00126,-0.27,0.03,0.036,1,"NNMT"
"SLC25A14",0.00126,0.111,0.281,0.268,1,"SLC25A14"
"SPDYE5",0.00126,0.146,0.128,0.117,1,"SPDYE5"
"HNMT",0.00126,-0.233,0.076,0.085,1,"HNMT"
"GLIPR1L1",0.00126,0.325,0.053,0.046,1,"GLIPR1L1"
"GGA3",0.00127,0.166,0.208,0.195,1,"GGA3"
"MCRIP1",0.00128,0.112,0.596,0.594,1,"MCRIP1"
"MGMT",0.00128,-0.142,0.169,0.182,1,"MGMT"
"EIF3G",0.00128,0.123,0.551,0.547,1,"EIF3G"
"PINX1",0.00129,0.148,0.226,0.212,1,"PINX1"
"STK4",0.00129,0.108,0.497,0.487,1,"STK4"
"ZNF804B",0.00129,0.235,0.029,0.024,1,"ZNF804B"
"ABCF3",0.00129,0.233,0.101,0.091,1,"ABCF3"
"H2BU1",0.0013,-0.346,0.021,0.027,1,"H2BU1"
"TNFRSF11B",0.00131,0.232,0.044,0.038,1,"TNFRSF11B"
"PEF1",0.00131,0.151,0.32,0.309,1,"PEF1"
"MAPKAPK3",0.00132,0.186,0.072,0.064,1,"MAPKAPK3"
"TARBP2",0.00132,0.218,0.07,0.062,1,"TARBP2"
"MAP1LC3B2",0.00132,-0.3,0.018,0.023,1,"MAP1LC3B2"
"C4orf51",0.00132,0.419,0.019,0.015,1,"C4orf51"
"TMED3",0.00133,0.107,0.255,0.24,1,"TMED3"
"CD320",0.00133,0.14,0.212,0.198,1,"CD320"
"EIF3I",0.00134,0.101,0.609,0.61,1,"EIF3I"
"VPS37B",0.00134,0.158,0.268,0.256,1,"VPS37B"
"MSANTD2",0.00134,0.118,0.46,0.454,1,"MSANTD2"
"NPHP3",0.00134,0.121,0.29,0.277,1,"NPHP3"
"INTS12",0.00135,0.104,0.478,0.466,1,"INTS12"
"SNRNP40",0.00135,0.102,0.508,0.5,1,"SNRNP40"
"FAM162A",0.00136,-0.53,0.352,0.363,1,"FAM162A"
"PTX3",0.00136,-0.206,0.111,0.122,1,"PTX3"
"LRRC37A2",0.00136,0.11,0.419,0.406,1,"LRRC37A2"
"NRBF2",0.00137,0.167,0.231,0.219,1,"NRBF2"
"FDX2",0.00138,0.166,0.19,0.177,1,"FDX2"
"TNFSF4",0.00139,0.42,0.015,0.011,1,"TNFSF4"
"TRPM3",0.00139,1.074,0.073,0.064,1,"TRPM3"
"AK4",0.00139,-0.178,0.293,0.304,1,"AK4"
"SLX9",0.00139,0.156,0.187,0.175,1,"SLX9"
"MSANTD4",0.00139,0.102,0.366,0.351,1,"MSANTD4"
"IPO4",0.0014,0.225,0.041,0.034,1,"IPO4"
"GRHL1",0.0014,0.122,0.11,0.099,1,"GRHL1"
"PSMB4",0.0014,0.116,0.62,0.624,1,"PSMB4"
"S1PR3",0.0014,0.245,0.039,0.033,1,"S1PR3"
"IER3",0.00141,-0.238,0.017,0.021,1,"IER3"
"KCNJ6",0.00141,0.541,0.025,0.02,1,"KCNJ6"
"DAP",0.00141,0.143,0.281,0.269,1,"DAP"
"BCCIP",0.00141,0.113,0.516,0.51,1,"BCCIP"
"HS3ST3B1",0.00141,0.218,0.031,0.026,1,"HS3ST3B1"
"DOCK5",0.00141,0.706,0.018,0.014,1,"DOCK5"
"TNNI3K",0.00141,-0.219,0.013,0.017,1,"TNNI3K"
"RNASEH2B",0.00142,-0.149,0.544,0.552,1,"RNASEH2B"
"DGAT1",0.00142,0.201,0.119,0.108,1,"DGAT1"
"DGKQ",0.00142,0.375,0.066,0.058,1,"DGKQ"
"KLHL36",0.00142,0.194,0.166,0.155,1,"KLHL36"
"POLR2H",0.00142,0.105,0.455,0.446,1,"POLR2H"
"CHDH",0.00143,-0.271,0.058,0.067,1,"CHDH"
"MRPS18A",0.00143,0.173,0.194,0.183,1,"MRPS18A"
"COPG1",0.00144,0.131,0.291,0.278,1,"COPG1"
"TUFM",0.00144,0.104,0.548,0.546,1,"TUFM"
"CCDC47",0.00145,0.104,0.546,0.544,1,"CCDC47"
"SULT1A2",0.00145,-0.346,0.014,0.019,1,"SULT1A2"
"LITAF",0.00145,0.11,0.278,0.264,1,"LITAF"
"TLCD2",0.00145,0.307,0.017,0.013,1,"TLCD2"
"CNPY1",0.00147,-0.27,0.007,0.011,1,"CNPY1"
"CISD3",0.00147,0.127,0.122,0.111,1,"CISD3"
"SPRED1",0.00148,0.156,0.542,0.54,1,"SPRED1"
"ERICH2",0.00148,0.193,0.218,0.206,1,"ERICH2"
"POLE3",0.00148,0.116,0.29,0.278,1,"POLE3"
"USP19",0.00148,0.197,0.149,0.138,1,"USP19"
"ENSG00000187186",0.00149,0.139,0.128,0.117,1,"ENSG00000187186"
"TSFM",0.00149,0.132,0.306,0.293,1,"TSFM"
"TAP1",0.00149,0.246,0.111,0.101,1,"TAP1"
"EMID1",0.00149,-0.19,0.1,0.11,1,"EMID1"
"UCP2",0.00149,-0.19,0.091,0.101,1,"UCP2"
"USP20",0.0015,0.134,0.17,0.158,1,"USP20"
"TXNDC5",0.0015,0.147,0.182,0.169,1,"TXNDC5"
"TC2N",0.0015,0.246,0.053,0.045,1,"TC2N"
"VCAN",0.0015,-0.359,0.494,0.506,1,"VCAN"
"DNAJB9",0.0015,0.12,0.288,0.276,1,"DNAJB9"
"DAPK1",0.00151,0.133,0.831,0.827,1,"DAPK1"
"MLST8",0.00151,0.191,0.161,0.15,1,"MLST8"
"GALK2",0.00152,0.115,0.468,0.458,1,"GALK2"
"CAMK2G",0.00152,-0.161,0.325,0.339,1,"CAMK2G"
"SLITRK4",0.00152,-0.181,0.014,0.019,1,"SLITRK4"
"FLJ42393",0.00152,0.402,0.014,0.01,1,"FLJ42393"
"MYC",0.00152,0.292,0.061,0.054,1,"MYC"
"RBM22",0.00153,0.111,0.489,0.48,1,"RBM22"
"SLC25A38",0.00153,0.184,0.179,0.167,1,"SLC25A38"
"MTHFD2",0.00153,-0.138,0.167,0.179,1,"MTHFD2"
"TRPT1",0.00154,0.184,0.205,0.193,1,"TRPT1"
"SPRYD4",0.00154,0.202,0.096,0.087,1,"SPRYD4"
"CFAP126",0.00154,-0.406,0.018,0.023,1,"CFAP126"
"ING4",0.00155,0.103,0.443,0.432,1,"ING4"
"TRABD",0.00156,0.149,0.156,0.144,1,"TRABD"
"TSPAN4",0.00156,0.171,0.162,0.151,1,"TSPAN4"
"BEX2",0.00156,0.198,0.3,0.289,1,"BEX2"
"SLC2A4RG",0.00156,0.14,0.221,0.208,1,"SLC2A4RG"
"GSTO1",0.00157,0.171,0.33,0.319,1,"GSTO1"
"QTRT2",0.00157,0.131,0.179,0.166,1,"QTRT2"
"FECH",0.00158,0.185,0.117,0.107,1,"FECH"
"MSH5",0.00159,-0.139,0.223,0.236,1,"MSH5"
"LRRC59",0.00159,0.128,0.292,0.278,1,"LRRC59"
"APOOL",0.00159,0.114,0.36,0.347,1,"APOOL"
"UROD",0.0016,0.187,0.206,0.195,1,"UROD"
"ZNF394",0.0016,0.131,0.195,0.182,1,"ZNF394"
"LPCAT2",0.00161,0.312,0.038,0.032,1,"LPCAT2"
"ALG13",0.00161,0.119,0.543,0.536,1,"ALG13"
"FAM50A",0.00161,0.14,0.456,0.45,1,"FAM50A"
"ZNF800",0.00162,0.142,0.326,0.314,1,"ZNF800"
"CLPTM1",0.00162,0.157,0.314,0.302,1,"CLPTM1"
"P3H1",0.00163,0.126,0.185,0.172,1,"P3H1"
"SNX14",0.00163,0.115,0.338,0.325,1,"SNX14"
"REXO2",0.00164,0.101,0.33,0.317,1,"REXO2"
"PRKCZ",0.00164,0.213,0.143,0.132,1,"PRKCZ"
"TYR",0.00164,0.327,0.025,0.02,1,"TYR"
"MAOA",0.00164,-0.217,0.113,0.123,1,"MAOA"
"MRS2",0.00165,0.11,0.251,0.237,1,"MRS2"
"RUNDC3A",0.00165,0.238,0.093,0.084,1,"RUNDC3A"
"IFRD2",0.00166,0.13,0.14,0.129,1,"IFRD2"
"ASS1",0.00167,-0.327,0.036,0.042,1,"ASS1"
"POLR3H",0.00167,0.12,0.202,0.189,1,"POLR3H"
"EIF2B5",0.00168,0.125,0.185,0.173,1,"EIF2B5"
"TP53RK",0.00168,0.142,0.251,0.238,1,"TP53RK"
"RNF126",0.00169,0.118,0.273,0.259,1,"RNF126"
"SEPTIN9",0.00169,0.14,0.421,0.414,1,"SEPTIN9"
"EXD3",0.0017,0.122,0.293,0.28,1,"EXD3"
"ADAMTS16",0.0017,0.229,0.044,0.038,1,"ADAMTS16"
"MED18",0.00171,0.231,0.072,0.064,1,"MED18"
"RHBDL3",0.00171,-0.191,0.157,0.169,1,"RHBDL3"
"MMRN1",0.00171,-0.454,0.024,0.03,1,"MMRN1"
"USF1",0.00172,0.121,0.131,0.12,1,"USF1"
"SRGN",0.00173,0.783,0.012,0.009,1,"SRGN"
"ZNF771",0.00174,0.157,0.2,0.188,1,"ZNF771"
"ANGPTL1",0.00174,0.144,0.201,0.188,1,"ANGPTL1"
"FAM214B",0.00176,0.168,0.156,0.145,1,"FAM214B"
"DTYMK",0.00176,0.1,0.435,0.422,1,"DTYMK"
"MPPED1",0.00177,-0.227,0.017,0.021,1,"MPPED1"
"SPATA33",0.00177,0.149,0.209,0.196,1,"SPATA33"
"RCE1",0.00178,0.148,0.096,0.086,1,"RCE1"
"BAK1",0.00178,0.241,0.051,0.044,1,"BAK1"
"DPYSL5",0.00179,0.111,0.768,0.759,1,"DPYSL5"
"SDSL",0.00179,0.2,0.06,0.052,1,"SDSL"
"TTC33",0.00179,0.109,0.419,0.405,1,"TTC33"
"MORC4",0.00179,0.116,0.417,0.407,1,"MORC4"
"PACSIN3",0.0018,-0.182,0.061,0.069,1,"PACSIN3"
"AGPAT2",0.00181,0.236,0.063,0.055,1,"AGPAT2"
"MRPL28",0.00182,0.152,0.351,0.339,1,"MRPL28"
"CCDC141",0.00183,-0.467,0.01,0.014,1,"CCDC141"
"NTN4",0.00183,-0.202,0.211,0.224,1,"NTN4"
"TEFM",0.00184,0.116,0.348,0.335,1,"TEFM"
"ZNF367",0.00185,-0.175,0.205,0.217,1,"ZNF367"
"C16orf46",0.00186,0.116,0.052,0.045,1,"C16orf46"
"KCNN3",0.00186,-0.125,0.283,0.297,1,"KCNN3"
"PLCL1",0.00186,0.209,0.314,0.303,1,"PLCL1"
"TFB1M",0.00186,0.114,0.326,0.314,1,"TFB1M"
"PSRC1",0.00187,0.154,0.28,0.267,1,"PSRC1"
"CDH20",0.00188,0.472,0.038,0.032,1,"CDH20"
"SNPH",0.00188,0.286,0.027,0.022,1,"SNPH"
"RGPD1",0.00188,0.343,0.037,0.031,1,"RGPD1"
"ALDH1L1",0.00189,-0.295,0.027,0.033,1,"ALDH1L1"
"CACNG7",0.00189,0.102,0.437,0.424,1,"CACNG7"
"CDK10",0.00189,0.148,0.213,0.201,1,"CDK10"
"AGGF1",0.00189,0.12,0.401,0.39,1,"AGGF1"
"STK10",0.0019,0.179,0.13,0.119,1,"STK10"
"MAPKAPK5",0.00191,0.119,0.414,0.403,1,"MAPKAPK5"
"MRPL14",0.00191,0.125,0.443,0.436,1,"MRPL14"
"CKMT2",0.00192,0.147,0.115,0.105,1,"CKMT2"
"ZFAND2B",0.00193,0.18,0.149,0.138,1,"ZFAND2B"
"VEGFB",0.00194,0.151,0.373,0.366,1,"VEGFB"
"SYNGR3",0.00194,0.264,0.054,0.047,1,"SYNGR3"
"C2orf76",0.00194,0.129,0.292,0.28,1,"C2orf76"
"CCDC152",0.00195,0.281,0.069,0.062,1,"CCDC152"
"ATPAF1",0.00196,0.123,0.425,0.415,1,"ATPAF1"
"SCARF2",0.00196,0.202,0.075,0.067,1,"SCARF2"
"ZC3H7A",0.00197,0.106,0.512,0.504,1,"ZC3H7A"
"FUOM",0.00197,0.288,0.033,0.028,1,"FUOM"
"KLHL32",0.00198,-0.113,0.036,0.043,1,"KLHL32"
"DELE1",0.00199,0.119,0.187,0.174,1,"DELE1"
"OTUD4",0.00199,0.101,0.379,0.367,1,"OTUD4"
"MTMR11",0.002,0.297,0.042,0.036,1,"MTMR11"
"SLC7A2",0.002,0.201,0.034,0.028,1,"SLC7A2"
"MPDU1",0.00201,0.181,0.199,0.188,1,"MPDU1"
"PVR",0.00202,0.163,0.101,0.091,1,"PVR"
"YDJC",0.00202,0.158,0.075,0.067,1,"YDJC"
"FAXC",0.00202,0.13,0.327,0.313,1,"FAXC"
"ARMC6",0.00203,0.143,0.127,0.116,1,"ARMC6"
"H2AC7",0.00203,0.292,0.036,0.03,1,"H2AC7"
"B3GALT6",0.00203,0.126,0.207,0.195,1,"B3GALT6"
"CCDC74B",0.00204,0.297,0.063,0.056,1,"CCDC74B"
"PCDHGB6",0.00204,0.146,0.366,0.355,1,"PCDHGB6"
"ATP8B1",0.00205,0.172,0.143,0.132,1,"ATP8B1"
"LAMA1",0.00205,-0.105,0.151,0.163,1,"LAMA1"
"ACLY",0.00205,0.106,0.456,0.445,1,"ACLY"
"ARMH1",0.00206,-0.218,0.122,0.132,1,"ARMH1"
"METTL3",0.00206,0.112,0.289,0.275,1,"METTL3"
"RHNO1",0.00208,0.135,0.266,0.252,1,"RHNO1"
"ERG28",0.00208,0.18,0.403,0.397,1,"ERG28"
"TOX4",0.00209,0.11,0.519,0.51,1,"TOX4"
"SLC35C2",0.00209,0.105,0.263,0.249,1,"SLC35C2"
"PRR5L",0.00209,0.141,0.16,0.148,1,"PRR5L"
"TCOF1",0.0021,0.126,0.237,0.225,1,"TCOF1"
"GNL1",0.00214,0.104,0.363,0.35,1,"GNL1"
"NPTXR",0.00214,0.184,0.307,0.296,1,"NPTXR"
"EIF4E3",0.00215,0.197,0.072,0.064,1,"EIF4E3"
"ZCCHC2",0.00216,0.128,0.233,0.22,1,"ZCCHC2"
"ARL4D",0.00217,0.186,0.548,0.544,1,"ARL4D"
"PRELID2",0.00218,-0.156,0.132,0.142,1,"PRELID2"
"GTF3C1",0.00218,0.135,0.46,0.457,1,"GTF3C1"
"AKR1B1",0.00218,0.131,0.421,0.41,1,"AKR1B1"
"DUSP10",0.00219,0.263,0.149,0.139,1,"DUSP10"
"NSMCE1",0.00219,0.185,0.184,0.173,1,"NSMCE1"
"TK2",0.00219,0.134,0.18,0.168,1,"TK2"
"GAN",0.0022,0.111,0.398,0.388,1,"GAN"
"TM6SF2",0.00222,0.481,0.017,0.013,1,"TM6SF2"
"PHAX",0.00222,0.107,0.605,0.602,1,"PHAX"
"SURF1",0.00224,0.118,0.3,0.287,1,"SURF1"
"RAD51D",0.00225,0.169,0.201,0.189,1,"RAD51D"
"RRAGA",0.00226,0.136,0.489,0.485,1,"RRAGA"
"HRH2",0.00226,-0.546,0.014,0.018,1,"HRH2"
"PSMC5",0.00227,0.121,0.508,0.505,1,"PSMC5"
"CLCN7",0.00227,0.156,0.126,0.116,1,"CLCN7"
"CDK5",0.00228,0.155,0.207,0.195,1,"CDK5"
"GAL3ST3",0.00228,0.252,0.07,0.062,1,"GAL3ST3"
"LURAP1",0.00229,0.236,0.059,0.051,1,"LURAP1"
"ATG14",0.0023,0.154,0.332,0.32,1,"ATG14"
"PSMC1",0.00231,0.108,0.648,0.653,1,"PSMC1"
"ATP23",0.00232,-0.17,0.081,0.09,1,"ATP23"
"RPAP1",0.00232,0.125,0.188,0.176,1,"RPAP1"
"ATP6V0A2",0.00233,0.117,0.299,0.287,1,"ATP6V0A2"
"GSKIP",0.00233,0.122,0.223,0.211,1,"GSKIP"
"COQ2",0.00234,0.181,0.194,0.183,1,"COQ2"
"PPP2R3B",0.00234,0.164,0.183,0.172,1,"PPP2R3B"
"SEC24A",0.00236,0.118,0.326,0.314,1,"SEC24A"
"SHC1",0.00237,0.167,0.083,0.074,1,"SHC1"
"PRMT8",0.00238,-0.279,0.013,0.017,1,"PRMT8"
"CPSF4",0.00238,0.174,0.232,0.221,1,"CPSF4"
"IER5L",0.00238,0.172,0.142,0.131,1,"IER5L"
"FBXO46",0.00238,0.189,0.17,0.159,1,"FBXO46"
"ROM1",0.00239,0.273,0.052,0.045,1,"ROM1"
"RUBCNL",0.00239,0.76,0.01,0.007,1,"RUBCNL"
"FUBP3",0.0024,0.108,0.585,0.585,1,"FUBP3"
"SMIM13",0.00243,0.123,0.312,0.299,1,"SMIM13"
"SEPTIN8",0.00243,0.14,0.262,0.249,1,"SEPTIN8"
"HMGCS1",0.00244,-0.159,0.548,0.564,1,"HMGCS1"
"TMEM51",0.00245,-0.275,0.068,0.076,1,"TMEM51"
"ZNF565",0.00245,0.113,0.464,0.454,1,"ZNF565"
"SCO1",0.00247,0.138,0.282,0.27,1,"SCO1"
"VPS25",0.0025,0.118,0.24,0.228,1,"VPS25"
"RMDN2",0.00251,0.101,0.089,0.08,1,"RMDN2"
"IGF1",0.00252,0.22,0.054,0.047,1,"IGF1"
"KCNA3",0.00252,0.264,0.148,0.138,1,"KCNA3"
"CCDC126",0.00252,0.136,0.335,0.322,1,"CCDC126"
"TIMM22",0.00252,0.117,0.279,0.266,1,"TIMM22"
"SAYSD1",0.00254,0.116,0.213,0.2,1,"SAYSD1"
"HIRIP3",0.00254,-0.1,0.298,0.31,1,"HIRIP3"
"EBF3",0.00255,0.764,0.011,0.008,1,"EBF3"
"C19orf25",0.00255,0.1,0.308,0.295,1,"C19orf25"
"PDGFA",0.00255,-0.258,0.037,0.043,1,"PDGFA"
"SKI",0.00255,0.107,0.482,0.476,1,"SKI"
"TMEM102",0.00256,0.568,0.01,0.007,1,"TMEM102"
"PLK3",0.00257,0.243,0.056,0.049,1,"PLK3"
"CNPY3",0.00257,0.113,0.227,0.214,1,"CNPY3"
"CELF4",0.00257,-0.106,0.268,0.283,1,"CELF4"
"MAP3K19",0.00257,-0.365,0.012,0.016,1,"MAP3K19"
"FXR2",0.00257,0.179,0.272,0.26,1,"FXR2"
"MRPS23",0.00258,0.129,0.425,0.42,1,"MRPS23"
"EPDR1",0.00259,0.103,0.186,0.175,1,"EPDR1"
"CCDC30",0.00259,0.152,0.236,0.224,1,"CCDC30"
"PSKH1",0.0026,0.13,0.153,0.141,1,"PSKH1"
"ANXA2R",0.0026,0.446,0.02,0.016,1,"ANXA2R"
"GRIP1",0.00261,-0.159,0.638,0.621,1,"GRIP1"
"LACTB",0.00261,0.111,0.218,0.205,1,"LACTB"
"NTHL1",0.00261,0.179,0.207,0.196,1,"NTHL1"
"PFDN6",0.00262,0.112,0.317,0.303,1,"PFDN6"
"RARRES1",0.00262,0.225,0.113,0.103,1,"RARRES1"
"URB1",0.00262,0.155,0.145,0.134,1,"URB1"
"ERVK3-1",0.00262,0.12,0.321,0.309,1,"ERVK3-1"
"BBS7",0.00263,0.131,0.403,0.392,1,"BBS7"
"MRPL12",0.00265,0.163,0.285,0.274,1,"MRPL12"
"BEGAIN",0.00265,0.296,0.068,0.061,1,"BEGAIN"
"BAIAP2L1",0.00266,-0.159,0.108,0.117,1,"BAIAP2L1"
"SLC29A2",0.00266,0.241,0.043,0.037,1,"SLC29A2"
"ELK1",0.00266,0.137,0.163,0.151,1,"ELK1"
"SIRT7",0.00267,0.126,0.174,0.162,1,"SIRT7"
"B3GNT9",0.00268,0.354,0.027,0.022,1,"B3GNT9"
"AK6",0.00268,0.103,0.381,0.369,1,"AK6"
"IDH3A",0.00269,0.145,0.266,0.254,1,"IDH3A"
"DCPS",0.00269,0.147,0.279,0.267,1,"DCPS"
"UBXN8",0.00269,0.141,0.14,0.129,1,"UBXN8"
"DKK3",0.00271,0.136,0.184,0.172,1,"DKK3"
"RALB",0.00271,0.123,0.191,0.179,1,"RALB"
"ENSG00000261341",0.00273,-0.312,0.033,0.039,1,"ENSG00000261341"
"GPR85",0.00273,0.355,0.019,0.015,1,"GPR85"
"SGTB",0.00275,0.121,0.326,0.313,1,"SGTB"
"TRIM27",0.00275,0.137,0.301,0.289,1,"TRIM27"
"PCDHGC3",0.00276,-0.267,0.032,0.038,1,"PCDHGC3"
"TOR1AIP2",0.00276,0.101,0.504,0.496,1,"TOR1AIP2"
"ZNF19",0.00277,0.167,0.126,0.116,1,"ZNF19"
"COMMD9",0.00277,0.12,0.272,0.259,1,"COMMD9"
"CLASRP",0.00277,0.118,0.322,0.31,1,"CLASRP"
"TSPAN17",0.00277,0.261,0.101,0.092,1,"TSPAN17"
"SLC25A20",0.00279,0.284,0.055,0.048,1,"SLC25A20"
"TRMT1",0.00279,0.116,0.14,0.129,1,"TRMT1"
"PIGH",0.0028,0.145,0.253,0.241,1,"PIGH"
"LRFN4",0.00281,0.147,0.242,0.229,1,"LRFN4"
"KIF16B",0.00284,0.137,0.124,0.113,1,"KIF16B"
"DMAC2L",0.00285,0.118,0.377,0.367,1,"DMAC2L"
"FKBP2",0.00285,0.335,0.029,0.024,1,"FKBP2"
"FUT9",0.00287,-0.199,0.581,0.586,1,"FUT9"
"COMMD8",0.00288,0.137,0.213,0.201,1,"COMMD8"
"MTX1",0.00289,0.119,0.2,0.187,1,"MTX1"
"ZNF490",0.00289,0.137,0.235,0.223,1,"ZNF490"
"CSGALNACT1",0.0029,-0.249,0.059,0.066,1,"CSGALNACT1"
"NSFL1C",0.0029,0.111,0.539,0.535,1,"NSFL1C"
"FAM98A",0.00293,0.111,0.346,0.335,1,"FAM98A"
"ZNF358",0.00294,0.12,0.3,0.288,1,"ZNF358"
"SHISA6",0.00295,-0.21,0.106,0.115,1,"SHISA6"
"STARD10",0.00295,0.277,0.063,0.056,1,"STARD10"
"TLE6",0.00296,0.531,0.022,0.017,1,"TLE6"
"LRCH2",0.00296,0.108,0.693,0.689,1,"LRCH2"
"RYR2",0.00298,-1.183,0.015,0.018,1,"RYR2"
"GBA",0.00298,0.167,0.089,0.08,1,"GBA"
"FKRP",0.00298,0.148,0.175,0.163,1,"FKRP"
"TDO2",0.00298,0.387,0.01,0.007,1,"TDO2"
"TMIGD2",0.003,0.481,0.01,0.008,1,"TMIGD2"
"ANGPTL7",0.00301,0.456,0.014,0.011,1,"ANGPTL7"
"HMCES",0.00301,0.131,0.276,0.264,1,"HMCES"
"PYM1",0.00301,0.119,0.213,0.201,1,"PYM1"
"CIART",0.00303,-0.236,0.059,0.067,1,"CIART"
"PIGX",0.00303,0.1,0.423,0.412,1,"PIGX"
"TTLL12",0.00303,0.14,0.081,0.073,1,"TTLL12"
"ANXA2",0.00303,-0.241,0.025,0.03,1,"ANXA2"
"FBXO4",0.00303,0.232,0.039,0.033,1,"FBXO4"
"G0S2",0.00303,0.335,0.058,0.051,1,"G0S2"
"EML3",0.00303,0.252,0.042,0.036,1,"EML3"
"C1QTNF1",0.00304,0.407,0.049,0.043,1,"C1QTNF1"
"TMEM158",0.00306,0.233,0.418,0.41,1,"TMEM158"
"RFX5",0.00306,0.178,0.097,0.088,1,"RFX5"
"OPTN",0.00308,0.118,0.453,0.443,1,"OPTN"
"ZBTB45",0.00309,0.203,0.071,0.063,1,"ZBTB45"
"MAFF",0.00309,0.221,0.068,0.06,1,"MAFF"
"THAP8",0.00309,0.182,0.098,0.089,1,"THAP8"
"ENSG00000285777",0.00309,0.194,0.048,0.042,1,"ENSG00000285777"
"NIPSNAP3A",0.00312,0.188,0.201,0.19,1,"NIPSNAP3A"
"RAB7B",0.00312,0.402,0.034,0.028,1,"RAB7B"
"IDH3B",0.00314,0.121,0.294,0.281,1,"IDH3B"
"OSBPL3",0.00315,0.111,0.151,0.14,1,"OSBPL3"
"C6orf118",0.00318,0.19,0.084,0.076,1,"C6orf118"
"PIH1D1",0.00318,0.104,0.402,0.393,1,"PIH1D1"
"CSK",0.00319,0.187,0.164,0.153,1,"CSK"
"PDK3",0.00319,0.175,0.418,0.409,1,"PDK3"
"VPS72",0.00319,0.112,0.479,0.473,1,"VPS72"
"ANKRD33B",0.0032,-0.248,0.021,0.026,1,"ANKRD33B"
"B3GAT2",0.0032,-0.308,0.197,0.207,1,"B3GAT2"
"METTL25B",0.00321,0.158,0.152,0.141,1,"METTL25B"
"KNL1",0.00322,-0.126,0.248,0.261,1,"KNL1"
"SP9",0.00322,0.129,0.517,0.51,1,"SP9"
"RTN4RL2",0.00323,-0.42,0.008,0.011,1,"RTN4RL2"
"UTP3",0.00324,0.159,0.253,0.242,1,"UTP3"
"CHODL",0.00324,0.393,0.019,0.015,1,"CHODL"
"FXN",0.00324,0.148,0.096,0.087,1,"FXN"
"BACE2",0.00325,0.213,0.045,0.039,1,"BACE2"
"RAB2B",0.00326,0.123,0.492,0.482,1,"RAB2B"
"TGIF1",0.00326,0.159,0.33,0.317,1,"TGIF1"
"HIF1AN",0.00328,0.112,0.255,0.243,1,"HIF1AN"
"TMOD1",0.00328,0.33,0.047,0.041,1,"TMOD1"
"ZNF345",0.00331,0.182,0.22,0.209,1,"ZNF345"
"RSAD1",0.00331,0.111,0.133,0.122,1,"RSAD1"
"ALG1",0.00332,0.137,0.095,0.086,1,"ALG1"
"CDC42",0.00334,0.127,0.274,0.262,1,"CDC42"
"EXOSC4",0.00336,0.146,0.177,0.165,1,"EXOSC4"
"FMNL3",0.00337,0.114,0.267,0.253,1,"FMNL3"
"LRWD1",0.00337,0.161,0.151,0.14,1,"LRWD1"
"GRWD1",0.0034,0.156,0.109,0.099,1,"GRWD1"
"GSTCD",0.0034,0.115,0.402,0.391,1,"GSTCD"
"SUMO3",0.00343,0.15,0.393,0.384,1,"SUMO3"
"FANK1",0.00344,0.171,0.09,0.081,1,"FANK1"
"ZBTB7C",0.00345,-0.144,0.107,0.117,1,"ZBTB7C"
"IFI6",0.00346,0.26,0.139,0.15,1,"IFI6"
"NEU1",0.00346,0.145,0.149,0.139,1,"NEU1"
"SYS1",0.00347,0.106,0.184,0.173,1,"SYS1"
"OAT",0.00347,-0.174,0.365,0.376,1,"OAT"
"MSRB1",0.00348,0.197,0.126,0.116,1,"MSRB1"
"MSN",0.00348,0.151,0.469,0.466,1,"MSN"
"SAT1",0.0035,0.212,0.302,0.292,1,"SAT1"
"GSTA4",0.0035,0.104,0.771,0.77,1,"GSTA4"
"C8orf33",0.00351,0.149,0.333,0.323,1,"C8orf33"
"ARHGEF2",0.00352,0.12,0.454,0.443,1,"ARHGEF2"
"TRADD",0.00356,0.238,0.036,0.03,1,"TRADD"
"POMK",0.00357,0.123,0.38,0.367,1,"POMK"
"TAMALIN",0.00358,0.198,0.042,0.036,1,"TAMALIN"
"TMEM38B",0.00358,0.172,0.256,0.243,1,"TMEM38B"
"GPR27",0.00358,-0.163,0.058,0.065,1,"GPR27"
"MARCHF10",0.00359,0.265,0.014,0.01,1,"MARCHF10"
"ARSA",0.00359,0.317,0.036,0.031,1,"ARSA"
"SERTAD4",0.00359,-0.371,0.021,0.026,1,"SERTAD4"
"PDGFC",0.0036,0.142,0.3,0.288,1,"PDGFC"
"PRLR",0.0036,-1.013,0.007,0.01,1,"PRLR"
"LPIN1",0.00361,0.146,0.344,0.333,1,"LPIN1"
"MANBAL",0.00361,0.113,0.262,0.251,1,"MANBAL"
"RAMAC",0.00362,0.111,0.102,0.093,1,"RAMAC"
"ATP2C2",0.00364,0.318,0.035,0.03,1,"ATP2C2"
"PITPNM3",0.00365,0.243,0.044,0.038,1,"PITPNM3"
"SH3GL3",0.00365,-0.244,0.065,0.073,1,"SH3GL3"
"MBP",0.00367,0.451,0.032,0.027,1,"MBP"
"VWA5B1",0.00368,-0.261,0.015,0.019,1,"VWA5B1"
"GRM5",0.00368,0.151,0.062,0.055,1,"GRM5"
"PPP1R8",0.00368,0.13,0.309,0.297,1,"PPP1R8"
"SLC6A13",0.00369,0.486,0.013,0.01,1,"SLC6A13"
"TMEM201",0.0037,0.158,0.101,0.092,1,"TMEM201"
"PABPC1L",0.0037,0.102,0.126,0.116,1,"PABPC1L"
"FLRT1",0.00372,0.155,0.226,0.215,1,"FLRT1"
"MRPL13",0.00374,0.118,0.476,0.471,1,"MRPL13"
"SLC9A8",0.00375,0.113,0.266,0.253,1,"SLC9A8"
"CTTN",0.00375,0.102,0.533,0.529,1,"CTTN"
"CXXC1",0.00375,0.162,0.211,0.199,1,"CXXC1"
"ABHD8",0.00376,0.152,0.204,0.193,1,"ABHD8"
"SPOUT1",0.00377,0.177,0.099,0.09,1,"SPOUT1"
"RPA2",0.00378,0.118,0.344,0.333,1,"RPA2"
"GRSF1",0.00378,0.1,0.563,0.56,1,"GRSF1"
"RBM18",0.0038,0.123,0.383,0.373,1,"RBM18"
"C17orf97",0.00381,0.221,0.057,0.05,1,"C17orf97"
"MEN1",0.00382,0.195,0.156,0.145,1,"MEN1"
"TAF8",0.00382,0.153,0.186,0.175,1,"TAF8"
"DTD2",0.00385,0.155,0.144,0.134,1,"DTD2"
"THRA",0.00386,0.114,0.576,0.567,1,"THRA"
"SYVN1",0.00387,0.139,0.098,0.089,1,"SYVN1"
"PLAGL2",0.00387,0.149,0.165,0.155,1,"PLAGL2"
"ENSG00000269825",0.00387,0.259,0.059,0.052,1,"ENSG00000269825"
"ADIPOR2",0.00388,0.102,0.488,0.476,1,"ADIPOR2"
"ENSG00000279722",0.00389,-0.183,0.016,0.02,1,"ENSG00000279722"
"HAX1",0.00389,0.116,0.467,0.458,1,"HAX1"
"TCF7",0.0039,0.109,0.16,0.149,1,"TCF7"
"IRF3",0.00392,0.173,0.175,0.164,1,"IRF3"
"C1orf216",0.00396,-0.151,0.052,0.06,1,"C1orf216"
"ZBTB46",0.00397,0.103,0.306,0.294,1,"ZBTB46"
"SPRED3",0.00397,0.204,0.112,0.103,1,"SPRED3"
"CANT1",0.00397,0.104,0.181,0.17,1,"CANT1"
"TMEM200C",0.00397,0.15,0.193,0.182,1,"TMEM200C"
"ZNF3",0.00399,0.124,0.324,0.312,1,"ZNF3"
"SFT2D3",0.00401,0.177,0.157,0.147,1,"SFT2D3"
"MTFR1L",0.00402,0.139,0.279,0.268,1,"MTFR1L"
"KCTD17",0.00402,0.154,0.142,0.132,1,"KCTD17"
"DNAJC3",0.00403,0.103,0.419,0.413,1,"DNAJC3"
"PUSL1",0.00403,0.186,0.08,0.073,1,"PUSL1"
"HTRA1",0.00404,0.105,0.258,0.246,1,"HTRA1"
"SLC39A9",0.00405,0.102,0.454,0.444,1,"SLC39A9"
"TMEM65",0.00405,-0.18,0.435,0.45,1,"TMEM65"
"ATAD3A",0.00406,0.126,0.123,0.113,1,"ATAD3A"
"GALE",0.00406,0.155,0.162,0.151,1,"GALE"
"CARS2",0.00407,0.103,0.477,0.467,1,"CARS2"
"ERAL1",0.00408,0.146,0.172,0.161,1,"ERAL1"
"CTNS",0.00411,0.179,0.11,0.101,1,"CTNS"
"PRRX1",0.00414,0.221,0.259,0.25,1,"PRRX1"
"TTC7A",0.00416,0.127,0.21,0.198,1,"TTC7A"
"SLC18B1",0.00416,0.171,0.19,0.18,1,"SLC18B1"
"ARHGAP22",0.00417,0.29,0.02,0.016,1,"ARHGAP22"
"RAB22A",0.00419,0.107,0.521,0.517,1,"RAB22A"
"GTF2F1",0.0042,0.118,0.352,0.341,1,"GTF2F1"
"NOLC1",0.0042,0.125,0.313,0.302,1,"NOLC1"
"S100A6",0.00421,0.623,0.022,0.017,1,"S100A6"
"SF3B4",0.00421,0.1,0.36,0.349,1,"SF3B4"
"GPS2",0.00421,0.108,0.426,0.417,1,"GPS2"
"PIANP",0.00423,0.139,0.21,0.199,1,"PIANP"
"SRD5A3",0.00424,0.125,0.134,0.125,1,"SRD5A3"
"TSR2",0.00424,0.108,0.294,0.283,1,"TSR2"
"IFI35",0.00428,-0.146,0.04,0.046,1,"IFI35"
"KCNV2",0.00437,0.262,0.029,0.024,1,"KCNV2"
"CD2BP2",0.00437,0.132,0.319,0.309,1,"CD2BP2"
"KCNN1",0.00438,-0.113,0.08,0.089,1,"KCNN1"
"ATF4",0.00438,0.109,0.427,0.417,1,"ATF4"
"PCBP4",0.00439,0.12,0.296,0.283,1,"PCBP4"
"BRD3OS",0.00441,0.115,0.168,0.157,1,"BRD3OS"
"TRMT12",0.00441,0.194,0.088,0.079,1,"TRMT12"
"TESK1",0.00444,0.2,0.109,0.1,1,"TESK1"
"SELENOO",0.00445,0.103,0.353,0.342,1,"SELENOO"
"PNKP",0.00446,0.111,0.197,0.186,1,"PNKP"
"TMEM184B",0.00446,0.142,0.259,0.249,1,"TMEM184B"
"HAP1",0.00447,0.172,0.065,0.058,1,"HAP1"
"TMEM232",0.00447,0.111,0.302,0.289,1,"TMEM232"
"NTMT1",0.00448,0.124,0.245,0.233,1,"NTMT1"
"TNS3",0.00448,0.231,0.099,0.09,1,"TNS3"
"CTTNBP2",0.00448,0.284,0.084,0.076,1,"CTTNBP2"
"CARD19",0.00449,0.125,0.339,0.327,1,"CARD19"
"ABCC4",0.00452,-0.229,0.051,0.058,1,"ABCC4"
"ELFN2",0.00452,-0.441,0.011,0.015,1,"ELFN2"
"HOOK2",0.00455,0.111,0.442,0.434,1,"HOOK2"
"NEDD1",0.00456,0.107,0.371,0.363,1,"NEDD1"
"ENSG00000170846",0.00456,0.11,0.125,0.114,1,"ENSG00000170846"
"CFAP44",0.00459,0.109,0.129,0.119,1,"CFAP44"
"RACGAP1",0.0046,-0.114,0.263,0.275,1,"RACGAP1"
"SMIM3",0.00461,0.117,0.065,0.058,1,"SMIM3"
"C1orf52",0.00463,0.1,0.42,0.41,1,"C1orf52"
"PCSK7",0.00465,0.107,0.309,0.297,1,"PCSK7"
"APBA3",0.00465,0.128,0.046,0.04,1,"APBA3"
"SLC2A8",0.00468,0.188,0.093,0.085,1,"SLC2A8"
"TPST2",0.00469,0.165,0.112,0.103,1,"TPST2"
"TRIM32",0.0047,0.169,0.125,0.116,1,"TRIM32"
"RASGEF1C",0.0047,-0.112,0.027,0.033,1,"RASGEF1C"
"CLSTN3",0.00471,0.147,0.153,0.143,1,"CLSTN3"
"SCAMP3",0.00472,0.148,0.254,0.243,1,"SCAMP3"
"CD96",0.00472,0.196,0.012,0.009,1,"CD96"
"FGD1",0.00472,0.109,0.303,0.291,1,"FGD1"
"TGFB1",0.00479,0.111,0.244,0.233,1,"TGFB1"
"UAP1L1",0.00483,0.129,0.044,0.038,1,"UAP1L1"
"IMPA2",0.00485,-0.111,0.096,0.105,1,"IMPA2"
"LAMTOR3",0.00485,0.117,0.487,0.481,1,"LAMTOR3"
"ENSG00000279785",0.00486,-0.531,0.007,0.01,1,"ENSG00000279785"
"CRH",0.00486,-0.155,0.067,0.074,1,"CRH"
"ACADSB",0.00488,0.146,0.195,0.184,1,"ACADSB"
"KCNMB3",0.00492,0.184,0.099,0.09,1,"KCNMB3"
"FAM219B",0.00493,0.114,0.26,0.247,1,"FAM219B"
"NMRK1",0.00494,0.121,0.043,0.037,1,"NMRK1"
"ZNF304",0.00495,0.182,0.096,0.087,1,"ZNF304"
"RANGAP1",0.00498,0.105,0.223,0.211,1,"RANGAP1"
"CASQ1",0.005,-0.156,0.029,0.034,1,"CASQ1"
"CBLL1",0.00502,0.114,0.29,0.277,1,"CBLL1"
"ABHD11",0.00505,0.277,0.074,0.066,1,"ABHD11"
"NT5C",0.00509,0.129,0.283,0.273,1,"NT5C"
"MMGT1",0.00509,0.119,0.246,0.234,1,"MMGT1"
"ELOA",0.00509,0.118,0.379,0.369,1,"ELOA"
"APEH",0.0051,0.161,0.151,0.141,1,"APEH"
"ENSG00000280294",0.00511,0.282,0.027,0.022,1,"ENSG00000280294"
"ALKAL2",0.00514,0.407,0.01,0.007,1,"ALKAL2"
"TMEM241",0.00516,0.11,0.22,0.208,1,"TMEM241"
"APOBEC4",0.00517,0.241,0.023,0.019,1,"APOBEC4"
"MEIS1",0.00518,0.123,0.626,0.622,1,"MEIS1"
"ZIC2",0.0052,0.675,0.012,0.009,1,"ZIC2"
"TXNDC9",0.00521,0.104,0.359,0.348,1,"TXNDC9"
"GCAT",0.00521,0.159,0.114,0.105,1,"GCAT"
"TMEM45A",0.00522,-0.107,0.128,0.117,1,"TMEM45A"
"NPNT",0.00522,0.105,0.17,0.159,1,"NPNT"
"PDE1C",0.00525,0.237,0.167,0.157,1,"PDE1C"
"TCEAL7",0.00525,0.177,0.446,0.442,1,"TCEAL7"
"RSPH1",0.00525,-0.374,0.03,0.035,1,"RSPH1"
"P4HA1",0.00526,-0.282,0.555,0.562,1,"P4HA1"
"TMED8",0.00526,0.107,0.315,0.303,1,"TMED8"
"PYCR1",0.00526,0.118,0.122,0.112,1,"PYCR1"
"CDK20",0.00529,0.14,0.047,0.041,1,"CDK20"
"PBK",0.0053,-0.111,0.241,0.253,1,"PBK"
"LCTL",0.0053,0.25,0.029,0.024,1,"LCTL"
"CACNA1D",0.00531,-0.114,0.076,0.084,1,"CACNA1D"
"MMRN2",0.00533,0.259,0.016,0.012,1,"MMRN2"
"UPRT",0.00535,0.121,0.199,0.188,1,"UPRT"
"VAC14",0.00537,0.182,0.217,0.206,1,"VAC14"
"POR",0.00539,0.105,0.294,0.281,1,"POR"
"CNTN4",0.00539,0.347,0.105,0.096,1,"CNTN4"
"TGFBR3",0.00541,-0.273,0.024,0.029,1,"TGFBR3"
"DENND10",0.00541,0.102,0.42,0.413,1,"DENND10"
"SYNPO",0.00542,0.391,0.015,0.012,1,"SYNPO"
"SRPRA",0.00543,0.139,0.206,0.195,1,"SRPRA"
"GRK4",0.00543,0.116,0.412,0.402,1,"GRK4"
"PTGDS",0.00543,-0.768,0.041,0.047,1,"PTGDS"
"RIPPLY2",0.00543,0.403,0.021,0.017,1,"RIPPLY2"
"ZNF691",0.00543,0.191,0.063,0.056,1,"ZNF691"
"MT-TV",0.00546,-0.253,0.019,0.023,1,"MT-TV"
"CCNG1",0.00546,0.12,0.389,0.379,1,"CCNG1"
"PRKACA",0.00547,0.11,0.287,0.275,1,"PRKACA"
"TMEM115",0.00548,0.201,0.15,0.14,1,"TMEM115"
"TMEM251",0.0055,0.113,0.272,0.26,1,"TMEM251"
"FAN1",0.00551,0.129,0.251,0.239,1,"FAN1"
"KCNIP1",0.00552,0.232,0.076,0.085,1,"KCNIP1"
"HEPH",0.00554,-0.157,0.032,0.038,1,"HEPH"
"TSSC4",0.00554,0.121,0.328,0.317,1,"TSSC4"
"MAN2B2",0.00556,0.141,0.098,0.089,1,"MAN2B2"
"CRYL1",0.00557,-0.13,0.333,0.344,1,"CRYL1"
"FRAT1",0.00557,0.283,0.078,0.071,1,"FRAT1"
"SMIM10L2B",0.00557,0.309,0.021,0.017,1,"SMIM10L2B"
"ADAMTS19",0.00558,0.486,0.017,0.021,1,"ADAMTS19"
"MMUT",0.0056,0.136,0.332,0.322,1,"MMUT"
"SERPINE1",0.00561,0.762,0.019,0.015,1,"SERPINE1"
"SFXN3",0.00561,0.204,0.073,0.066,1,"SFXN3"
"E2F4",0.00562,0.136,0.177,0.167,1,"E2F4"
"YIPF1",0.00563,0.117,0.154,0.143,1,"YIPF1"
"GRK6",0.00563,0.156,0.158,0.147,1,"GRK6"
"C5orf15",0.00564,0.118,0.403,0.394,1,"C5orf15"
"STK26",0.00564,0.133,0.046,0.04,1,"STK26"
"BIN1",0.00564,0.217,0.089,0.081,1,"BIN1"
"TMEM199",0.00567,0.137,0.23,0.22,1,"TMEM199"
"C11orf68",0.00567,0.186,0.161,0.152,1,"C11orf68"
"SORBS3",0.00568,0.165,0.158,0.148,1,"SORBS3"
"CCDC124",0.0057,0.119,0.407,0.399,1,"CCDC124"
"ZGPAT",0.00573,0.103,0.185,0.173,1,"ZGPAT"
"B4GALT3",0.00575,0.17,0.179,0.17,1,"B4GALT3"
"CAPN2",0.00575,0.107,0.402,0.394,1,"CAPN2"
"ENSG00000279887",0.00577,0.601,0.011,0.008,1,"ENSG00000279887"
"CDKL1",0.00577,0.1,0.407,0.397,1,"CDKL1"
"ZNF511",0.00577,0.136,0.301,0.29,1,"ZNF511"
"PRAG1",0.00577,-0.108,0.372,0.386,1,"PRAG1"
"TMEM196",0.00577,0.801,0.015,0.012,1,"TMEM196"
"HSF1",0.00578,0.114,0.282,0.27,1,"HSF1"
"ELP5",0.00578,0.12,0.325,0.312,1,"ELP5"
"RNF2",0.00579,0.102,0.411,0.402,1,"RNF2"
"ZNF362",0.0058,0.108,0.378,0.367,1,"ZNF362"
"KCNQ4",0.00582,-0.375,0.011,0.014,1,"KCNQ4"
"GCHFR",0.00584,0.329,0.044,0.038,1,"GCHFR"
"RFX1",0.00586,0.176,0.206,0.197,1,"RFX1"
"GNA11",0.00587,0.112,0.314,0.303,1,"GNA11"
"PGLYRP1",0.00591,0.198,0.012,0.009,1,"PGLYRP1"
"SMIM8",0.00592,0.107,0.466,0.459,1,"SMIM8"
"PHOSPHO2",0.00594,0.235,0.09,0.082,1,"PHOSPHO2"
"CACNG8",0.00597,0.103,0.291,0.28,1,"CACNG8"
"EOLA1",0.00597,0.285,0.043,0.038,1,"EOLA1"
"LAMB4",0.00598,0.175,0.066,0.059,1,"LAMB4"
"ENSG00000261832",0.00599,0.36,0.017,0.013,1,"ENSG00000261832"
"ADAMTSL3",0.006,-0.629,0.009,0.012,1,"ADAMTSL3"
"RHOXF1",0.006,0.115,0.197,0.186,1,"RHOXF1"
"MTHFS",0.00601,0.16,0.158,0.148,1,"MTHFS"
"YPEL4",0.00602,0.218,0.025,0.021,1,"YPEL4"
"TOR3A",0.00603,0.103,0.166,0.155,1,"TOR3A"
"PPP1R3D",0.00604,0.306,0.049,0.043,1,"PPP1R3D"
"TBC1D25",0.00606,0.126,0.161,0.15,1,"TBC1D25"
"SLC7A6",0.00611,0.103,0.262,0.251,1,"SLC7A6"
"MOCOS",0.00612,-0.329,0.032,0.037,1,"MOCOS"
"ZNF507",0.00612,0.103,0.301,0.29,1,"ZNF507"
"ENPP4",0.00613,0.299,0.07,0.063,1,"ENPP4"
"SLC5A6",0.00613,0.168,0.064,0.057,1,"SLC5A6"
"TNC",0.00614,0.27,0.341,0.329,1,"TNC"
"HPCA",0.00615,-0.17,0.027,0.032,1,"HPCA"
"TARS3",0.00617,0.122,0.348,0.337,1,"TARS3"
"EFNA3",0.00617,-0.128,0.048,0.054,1,"EFNA3"
"TMEM127",0.00621,0.148,0.172,0.161,1,"TMEM127"
"FOXP4",0.00624,0.212,0.057,0.051,1,"FOXP4"
"SOX12",0.00626,0.117,0.4,0.391,1,"SOX12"
"TSPAN10",0.0063,0.168,0.038,0.032,1,"TSPAN10"
"GRTP1",0.0063,0.116,0.148,0.138,1,"GRTP1"
"FLII",0.00632,0.12,0.185,0.174,1,"FLII"
"GET3",0.00633,0.143,0.403,0.395,1,"GET3"
"ENSG00000278905",0.00633,-0.193,0.062,0.068,1,"ENSG00000278905"
"DXO",0.00633,0.25,0.071,0.064,1,"DXO"
"UBOX5",0.00634,0.159,0.109,0.1,1,"UBOX5"
"CDHR1",0.00638,-0.229,0.025,0.03,1,"CDHR1"
"PRICKLE1",0.00638,-0.226,0.022,0.026,1,"PRICKLE1"
"CABP1",0.0064,-0.463,0.009,0.011,1,"CABP1"
"TEN1",0.00641,0.17,0.063,0.056,1,"TEN1"
"SNX5",0.00643,0.105,0.425,0.418,1,"SNX5"
"ZNF764",0.00644,0.221,0.109,0.101,1,"ZNF764"
"MOSPD3",0.00646,0.152,0.239,0.229,1,"MOSPD3"
"NIF3L1",0.00646,0.126,0.187,0.176,1,"NIF3L1"
"IRGQ",0.00647,0.138,0.263,0.252,1,"IRGQ"
"CABYR",0.00648,0.112,0.052,0.046,1,"CABYR"
"STXBP6",0.00651,0.557,0.033,0.029,1,"STXBP6"
"SLC6A1",0.00653,0.157,0.336,0.359,1,"SLC6A1"
"SALL2",0.00654,0.102,0.205,0.195,1,"SALL2"
"CACNA1E",0.00657,-0.21,0.092,0.101,1,"CACNA1E"
"GPR12",0.0066,0.305,0.02,0.016,1,"GPR12"
"GDPD2",0.00662,-0.259,0.029,0.034,1,"GDPD2"
"ARHGAP30",0.00663,0.62,0.013,0.01,1,"ARHGAP30"
"PZP",0.00664,0.134,0.073,0.066,1,"PZP"
"ZFTRAF1",0.00664,0.161,0.322,0.313,1,"ZFTRAF1"
"C12orf29",0.00665,0.127,0.243,0.232,1,"C12orf29"
"ADAMTS15",0.00665,0.589,0.011,0.008,1,"ADAMTS15"
"FEZF1",0.00667,-0.123,0.065,0.073,1,"FEZF1"
"PRDM16",0.00669,-0.105,0.238,0.249,1,"PRDM16"
"RNF26",0.00669,0.132,0.08,0.072,1,"RNF26"
"ENSG00000279885",0.00674,0.727,0.01,0.007,1,"ENSG00000279885"
"CCDC89",0.00675,0.269,0.013,0.01,1,"CCDC89"
"TMEM53",0.00676,0.209,0.089,0.082,1,"TMEM53"
"WASF3",0.00677,0.118,0.394,0.384,1,"WASF3"
"COQ10B",0.00679,0.133,0.263,0.253,1,"COQ10B"
"NME9",0.00683,0.188,0.158,0.148,1,"NME9"
"TMSB15B",0.00683,0.169,0.163,0.154,1,"TMSB15B"
"BCR",0.00685,0.13,0.39,0.381,1,"BCR"
"CENPVL3",0.00686,0.423,0.018,0.014,1,"CENPVL3"
"FAM189A2",0.00691,-0.212,0.113,0.122,1,"FAM189A2"
"GARS1",0.00693,0.103,0.468,0.458,1,"GARS1"
"BBOX1",0.00695,0.103,0.123,0.114,1,"BBOX1"
"KIF13B",0.00696,0.121,0.239,0.228,1,"KIF13B"
"STX19",0.00698,0.292,0.07,0.063,1,"STX19"
"FGFR1",0.00699,0.11,0.431,0.424,1,"FGFR1"
"FBP2",0.00699,0.224,0.08,0.073,1,"FBP2"
"ZBTB3",0.00703,0.244,0.048,0.042,1,"ZBTB3"
"SOD2",0.00703,0.107,0.603,0.599,1,"SOD2"
"CCDC117",0.00704,0.135,0.205,0.195,1,"CCDC117"
"IRF2BP2",0.00704,0.107,0.582,0.578,1,"IRF2BP2"
"LSMEM2",0.00706,-0.618,0.008,0.011,1,"LSMEM2"
"ZNF7",0.00709,0.193,0.202,0.193,1,"ZNF7"
"TLE4",0.00716,-0.26,0.194,0.205,1,"TLE4"
"OSTF1",0.00719,0.156,0.084,0.077,1,"OSTF1"
"SCLY",0.0072,0.102,0.259,0.248,1,"SCLY"
"LYNX1",0.00724,-0.388,0.012,0.015,1,"LYNX1"
"RARB",0.00724,-0.922,0.043,0.049,1,"RARB"
"PIWIL2",0.00724,-0.223,0.012,0.016,1,"PIWIL2"
"NR2F1",0.00725,-0.109,0.804,0.787,1,"NR2F1"
"ST6GALNAC3",0.00725,0.138,0.347,0.337,1,"ST6GALNAC3"
"NT5DC2",0.00729,0.129,0.416,0.41,1,"NT5DC2"
"KIF7",0.0073,0.14,0.216,0.205,1,"KIF7"
"SPON2",0.00733,0.247,0.041,0.035,1,"SPON2"
"ACAA1",0.00736,0.145,0.262,0.252,1,"ACAA1"
"GRPR",0.00739,0.343,0.011,0.008,1,"GRPR"
"PHYH",0.00739,0.17,0.264,0.255,1,"PHYH"
"MMD",0.00742,0.153,0.3,0.289,1,"MMD"
"DNAJA3",0.00745,0.101,0.215,0.203,1,"DNAJA3"
"RHBDD3",0.00745,0.105,0.215,0.204,1,"RHBDD3"
"RTEL1",0.00747,0.217,0.067,0.06,1,"RTEL1"
"ACAD11",0.00749,0.103,0.296,0.285,1,"ACAD11"
"EGR3",0.00751,0.324,0.038,0.033,1,"EGR3"
"C12orf40",0.00751,0.226,0.077,0.069,1,"C12orf40"
"KLHDC4",0.00752,0.104,0.223,0.213,1,"KLHDC4"
"REEP5",0.00753,0.108,0.546,0.545,1,"REEP5"
"TSPAN2",0.0076,-0.302,0.017,0.021,1,"TSPAN2"
"TMEM186",0.00761,0.216,0.107,0.099,1,"TMEM186"
"PPP1R7",0.00761,0.105,0.467,0.461,1,"PPP1R7"
"HTR2B",0.00762,0.402,0.033,0.028,1,"HTR2B"
"USP5",0.00762,0.149,0.231,0.221,1,"USP5"
"COA6",0.00764,0.111,0.355,0.347,1,"COA6"
"REEP4",0.00766,0.213,0.061,0.054,1,"REEP4"
"ZNF799",0.0077,0.277,0.07,0.063,1,"ZNF799"
"SHISA3",0.0077,0.382,0.027,0.022,1,"SHISA3"
"PMP2",0.00771,0.103,0.365,0.349,1,"PMP2"
"SLC35A1",0.00773,0.11,0.281,0.27,1,"SLC35A1"
"JAGN1",0.00776,0.133,0.288,0.279,1,"JAGN1"
"GTPBP4",0.00778,0.102,0.431,0.422,1,"GTPBP4"
"ABCB5",0.00779,-0.16,0.031,0.036,1,"ABCB5"
"PFKFB2",0.00781,0.182,0.058,0.051,1,"PFKFB2"
"RBBP9",0.00784,0.134,0.175,0.165,1,"RBBP9"
"ROGDI",0.00787,0.152,0.17,0.16,1,"ROGDI"
"PSME2",0.00789,0.112,0.332,0.322,1,"PSME2"
"NIBAN1",0.00791,-0.499,0.029,0.033,1,"NIBAN1"
"ZNF419",0.00791,0.175,0.118,0.11,1,"ZNF419"
"UQCRHL",0.00792,0.254,0.055,0.049,1,"UQCRHL"
"SPAG6",0.00793,-0.215,0.028,0.033,1,"SPAG6"
"MRPL16",0.00798,0.104,0.35,0.34,1,"MRPL16"
"ARL14EP",0.00802,0.106,0.416,0.409,1,"ARL14EP"
"SMAD6",0.00806,0.339,0.01,0.008,1,"SMAD6"
"SGK3",0.00809,-0.187,0.072,0.08,1,"SGK3"
"SLC35E4",0.00809,0.185,0.12,0.111,1,"SLC35E4"
"PRR14",0.00811,0.146,0.26,0.249,1,"PRR14"
"PPIF",0.00813,0.132,0.198,0.188,1,"PPIF"
"MRPS30",0.00816,0.128,0.35,0.341,1,"MRPS30"
"ENSG00000280295",0.00817,0.276,0.011,0.008,1,"ENSG00000280295"
"SPRY4",0.00827,0.295,0.064,0.057,1,"SPRY4"
"MYH14",0.0083,0.202,0.11,0.102,1,"MYH14"
"SLC25A53",0.00833,0.162,0.209,0.199,1,"SLC25A53"
"DRAM1",0.00838,0.226,0.056,0.05,1,"DRAM1"
"PCCB",0.0084,0.106,0.411,0.403,1,"PCCB"
"RETREG2",0.00842,0.119,0.264,0.254,1,"RETREG2"
"MT2A",0.00843,-0.568,0.291,0.301,1,"MT2A"
"CRNKL1",0.00843,0.11,0.396,0.387,1,"CRNKL1"
"NBPF14",0.00845,0.103,0.137,0.127,1,"NBPF14"
"FCHSD1",0.00847,0.323,0.033,0.028,1,"FCHSD1"
"EDDM13",0.00848,0.168,0.062,0.055,1,"EDDM13"
"TWF2",0.00851,0.148,0.242,0.232,1,"TWF2"
"SEMA4B",0.00853,-0.117,0.177,0.187,1,"SEMA4B"
"SLC25A27",0.00853,0.148,0.195,0.185,1,"SLC25A27"
"PABPC5",0.00855,0.113,0.088,0.08,1,"PABPC5"
"POLR3B",0.00858,0.147,0.31,0.3,1,"POLR3B"
"PABIR1",0.00866,0.145,0.249,0.239,1,"PABIR1"
"RP9",0.00867,0.121,0.395,0.383,1,"RP9"
"SRC",0.00869,0.126,0.238,0.227,1,"SRC"
"CASP3",0.00873,0.133,0.455,0.447,1,"CASP3"
"APBB1",0.00873,0.135,0.328,0.319,1,"APBB1"
"CAD",0.00877,0.179,0.119,0.111,1,"CAD"
"OLIG1",0.00878,0.278,0.272,0.262,1,"OLIG1"
"ZNF440",0.00879,0.151,0.156,0.146,1,"ZNF440"
"MRPL55",0.0088,0.116,0.33,0.32,1,"MRPL55"
"MEGF8",0.0088,0.135,0.237,0.227,1,"MEGF8"
"FABP3",0.00881,0.315,0.027,0.023,1,"FABP3"
"ATP6V0C",0.00882,0.325,0.013,0.01,1,"ATP6V0C"
"PDCD11",0.00883,0.102,0.26,0.249,1,"PDCD11"
"LDAF1",0.00883,0.187,0.152,0.143,1,"LDAF1"
"POFUT1",0.00886,0.106,0.161,0.152,1,"POFUT1"
"GINS4",0.00888,0.133,0.128,0.119,1,"GINS4"
"TFAP4",0.00889,0.147,0.089,0.081,1,"TFAP4"
"ZNF70",0.00892,0.186,0.088,0.081,1,"ZNF70"
"PCDHGA11",0.00894,-0.151,0.011,0.015,1,"PCDHGA11"
"METTL23",0.00895,0.137,0.228,0.218,1,"METTL23"
"ENSG00000285868",0.009,0.164,0.147,0.137,1,"ENSG00000285868"
"PALM2AKAP2",0.009,-0.159,0.033,0.038,1,"PALM2AKAP2"
"TOMM40",0.00901,0.111,0.33,0.32,1,"TOMM40"
"ENSG00000279673",0.00903,0.119,0.071,0.064,1,"ENSG00000279673"
"FAHD2B",0.00906,-0.111,0.089,0.097,1,"FAHD2B"
"RAP1GAP",0.0091,-0.435,0.058,0.065,1,"RAP1GAP"
"HSDL1",0.00912,0.11,0.385,0.375,1,"HSDL1"
"UPP1",0.00917,0.304,0.043,0.038,1,"UPP1"
"FBXO25",0.00917,0.101,0.268,0.256,1,"FBXO25"
"ENSG00000280161",0.00919,0.328,0.022,0.018,1,"ENSG00000280161"
"RILPL1",0.00919,0.109,0.355,0.345,1,"RILPL1"
"REXO5",0.00925,-0.145,0.13,0.139,1,"REXO5"
"PPAT",0.00927,0.117,0.339,0.33,1,"PPAT"
"RBM42",0.00927,0.107,0.335,0.325,1,"RBM42"
"PEX10",0.00929,0.147,0.23,0.22,1,"PEX10"
"NSMAF",0.0093,0.112,0.428,0.416,1,"NSMAF"
"TRPM8",0.00931,0.556,0.013,0.01,1,"TRPM8"
"TMEM178A",0.00935,-0.134,0.099,0.107,1,"TMEM178A"
"POFUT2",0.00936,0.176,0.109,0.101,1,"POFUT2"
"MMP24",0.00938,0.195,0.211,0.203,1,"MMP24"
"FBXL8",0.00939,0.172,0.015,0.012,1,"FBXL8"
"MUL1",0.00941,0.126,0.139,0.13,1,"MUL1"
"NRG4",0.00944,0.22,0.05,0.045,1,"NRG4"
"MATR3",0.00944,0.25,0.016,0.013,1,"MATR3"
"ENSG00000280381",0.00951,0.31,0.013,0.01,1,"ENSG00000280381"
"STK36",0.00952,0.156,0.103,0.095,1,"STK36"
"AP3S2",0.00953,0.125,0.141,0.132,1,"AP3S2"
"TAFA5",0.00955,-0.151,0.279,0.288,1,"TAFA5"
"NUDT22",0.00956,0.172,0.151,0.142,1,"NUDT22"
"SYT7",0.00957,-0.491,0.009,0.012,1,"SYT7"
"BAP1",0.00958,0.16,0.117,0.108,1,"BAP1"
"OSBP2",0.00959,0.124,0.396,0.388,1,"OSBP2"
"YARS2",0.00963,0.102,0.362,0.351,1,"YARS2"
"PCED1A",0.00968,0.197,0.107,0.098,1,"PCED1A"
"PTDSS2",0.00972,0.156,0.166,0.157,1,"PTDSS2"
"EQTN",0.00973,-0.228,0.032,0.037,1,"EQTN"
"GAA",0.00977,0.194,0.077,0.07,1,"GAA"
"MIEF1",0.00981,0.119,0.244,0.234,1,"MIEF1"
"ZBTB32",0.00982,0.191,0.033,0.028,1,"ZBTB32"
"HS1BP3",0.00988,0.122,0.112,0.104,1,"HS1BP3"
"HGSNAT",0.00993,0.101,0.511,0.504,1,"HGSNAT"
"TSHZ2",0.00994,-0.929,0.025,0.03,1,"TSHZ2"
"BLMH",0.00994,0.11,0.304,0.293,1,"BLMH"
"KLHL18",0.00995,0.104,0.324,0.313,1,"KLHL18"
"DNAJC12",0.00998,0.134,0.047,0.041,1,"DNAJC12"
"ZNF587B",0.00999,0.229,0.047,0.042,1,"ZNF587B"
"POU6F1",0.01,0.15,0.255,0.245,1,"POU6F1"
"PYGO2",0.01,0.16,0.108,0.1,1,"PYGO2"
"RWDD2A",0.0101,0.169,0.106,0.098,1,"RWDD2A"
"ZNF620",0.0101,0.153,0.23,0.22,1,"ZNF620"
"DDX41",0.0101,0.109,0.179,0.169,1,"DDX41"
"SLC41A1",0.0101,0.138,0.159,0.15,1,"SLC41A1"
"ZBTB22",0.0101,0.151,0.179,0.17,1,"ZBTB22"
"PTPRB",0.0101,-0.264,0.031,0.036,1,"PTPRB"
"SPTSSA",0.0102,0.123,0.387,0.38,1,"SPTSSA"
"FBXL12",0.0102,0.147,0.21,0.201,1,"FBXL12"
"ZDHHC6",0.0102,0.101,0.279,0.268,1,"ZDHHC6"
"VSTM2L",0.0102,0.161,0.053,0.046,1,"VSTM2L"
"ENSG00000268083",0.0103,-0.437,0.014,0.018,1,"ENSG00000268083"
"POLDIP2",0.0103,0.12,0.362,0.355,1,"POLDIP2"
"CHMP7",0.0104,0.144,0.248,0.237,1,"CHMP7"
"MST1",0.0104,0.152,0.023,0.019,1,"MST1"
"NFKB2",0.0105,0.273,0.035,0.03,1,"NFKB2"
"FMO4",0.0105,0.243,0.025,0.021,1,"FMO4"
"CD37",0.0105,0.173,0.032,0.028,1,"CD37"
"SPATA45",0.0105,0.51,0.012,0.009,1,"SPATA45"
"PXDNL",0.0105,0.191,0.111,0.102,1,"PXDNL"
"TMEM177",0.0105,0.108,0.104,0.096,1,"TMEM177"
"WHRN",0.0106,0.187,0.175,0.166,1,"WHRN"
"PXMP2",0.0106,0.114,0.38,0.373,1,"PXMP2"
"LRATD1",0.0106,0.109,0.095,0.087,1,"LRATD1"
"SAMD4A",0.0106,0.121,0.261,0.251,1,"SAMD4A"
"GPR146",0.0106,-0.406,0.015,0.018,1,"GPR146"
"FBXL13",0.0106,0.135,0.248,0.238,1,"FBXL13"
"PLAT",0.0107,0.322,0.059,0.053,1,"PLAT"
"MT-TT",0.0108,0.261,0.071,0.065,1,"MT-TT"
"CRIP1",0.0108,0.412,0.011,0.008,1,"CRIP1"
"TMEM229B",0.0108,0.185,0.024,0.02,1,"TMEM229B"
"TMEM214",0.0108,0.171,0.06,0.054,1,"TMEM214"
"ATP13A5",0.0108,0.188,0.035,0.03,1,"ATP13A5"
"ALCAM",0.0109,0.566,0.105,0.097,1,"ALCAM"
"GTPBP8",0.0109,0.117,0.299,0.29,1,"GTPBP8"
"ZNF837",0.0109,0.316,0.026,0.022,1,"ZNF837"
"RGMB",0.0109,0.105,0.212,0.202,1,"RGMB"
"DIO2",0.0109,-0.226,0.039,0.045,1,"DIO2"
"FAM189A1",0.011,0.16,0.101,0.093,1,"FAM189A1"
"SMTN",0.011,-0.215,0.054,0.06,1,"SMTN"
"ENSG00000279140",0.011,0.199,0.035,0.03,1,"ENSG00000279140"
"EXO5",0.011,0.218,0.047,0.041,1,"EXO5"
"KCNAB2",0.011,0.195,0.092,0.084,1,"KCNAB2"
"TEAD3",0.011,0.186,0.102,0.094,1,"TEAD3"
"PRRT3",0.0111,0.287,0.048,0.043,1,"PRRT3"
"GLB1L",0.0111,0.327,0.027,0.023,1,"GLB1L"
"SLC2A11",0.0111,0.186,0.096,0.088,1,"SLC2A11"
"TSHZ3",0.0111,0.123,0.101,0.092,1,"TSHZ3"
"HMSD",0.0111,0.259,0.01,0.008,1,"HMSD"
"LAMA4",0.0112,0.393,0.153,0.145,1,"LAMA4"
"CRAMP1",0.0112,0.101,0.306,0.295,1,"CRAMP1"
"ZMYM3",0.0112,0.157,0.198,0.189,1,"ZMYM3"
"MRGBP",0.0112,0.124,0.25,0.24,1,"MRGBP"
"ZNF695",0.0112,-0.161,0.165,0.174,1,"ZNF695"
"MFSD3",0.0113,0.197,0.075,0.068,1,"MFSD3"
"PTGR3",0.0113,0.176,0.257,0.249,1,"PTGR3"
"ADARB1",0.0113,0.1,0.156,0.147,1,"ADARB1"
"SERP2",0.0114,0.183,0.079,0.072,1,"SERP2"
"TCFL5",0.0114,0.152,0.23,0.22,1,"TCFL5"
"ZNF485",0.0115,0.194,0.021,0.018,1,"ZNF485"
"NUP210",0.0115,0.134,0.184,0.174,1,"NUP210"
"RHCG",0.0116,0.168,0.04,0.035,1,"RHCG"
"TRIT1",0.0116,0.105,0.418,0.409,1,"TRIT1"
"RNF25",0.0116,0.152,0.106,0.098,1,"RNF25"
"RND1",0.0116,-0.227,0.049,0.055,1,"RND1"
"ZSCAN23",0.0116,0.108,0.187,0.177,1,"ZSCAN23"
"UFC1",0.0116,0.119,0.515,0.515,1,"UFC1"
"NUBP2",0.0116,0.128,0.295,0.286,1,"NUBP2"
"IL33",0.0117,-0.194,0.21,0.219,1,"IL33"
"ENSG00000279453",0.0117,0.179,0.096,0.089,1,"ENSG00000279453"
"PLEKHM1",0.0117,0.127,0.17,0.16,1,"PLEKHM1"
"SPOCK1",0.0117,-0.183,0.208,0.217,1,"SPOCK1"
"PHF19",0.0117,0.133,0.181,0.171,1,"PHF19"
"HMBS",0.0118,0.178,0.119,0.111,1,"HMBS"
"EID2",0.0119,0.117,0.357,0.349,1,"EID2"
"ENTR1",0.0119,0.144,0.247,0.238,1,"ENTR1"
"CIZ1",0.0119,0.101,0.366,0.356,1,"CIZ1"
"H4C4",0.012,-0.149,0.045,0.05,1,"H4C4"
"ZNF583",0.012,0.104,0.397,0.385,1,"ZNF583"
"SAMD15",0.0121,0.176,0.055,0.049,1,"SAMD15"
"DEF8",0.0121,0.124,0.275,0.266,1,"DEF8"
"DLG2",0.0121,-0.153,0.801,0.807,1,"DLG2"
"SWSAP1",0.0122,0.104,0.035,0.031,1,"SWSAP1"
"ADAM28",0.0122,-0.273,0.007,0.01,1,"ADAM28"
"TMEM138",0.0122,0.136,0.25,0.239,1,"TMEM138"
"ARRDC1",0.0122,0.174,0.095,0.087,1,"ARRDC1"
"HINT3",0.0122,0.117,0.379,0.37,1,"HINT3"
"PHF8",0.0122,0.114,0.319,0.31,1,"PHF8"
"TIMM29",0.0122,0.138,0.255,0.245,1,"TIMM29"
"MIF4GD",0.0123,0.12,0.2,0.19,1,"MIF4GD"
"NXPH4",0.0123,-0.211,0.01,0.013,1,"NXPH4"
"PLGLB2",0.0123,0.362,0.01,0.008,1,"PLGLB2"
"GMPR2",0.0123,0.165,0.217,0.208,1,"GMPR2"
"PPIL1",0.0124,0.121,0.253,0.244,1,"PPIL1"
"CHMP4A",0.0124,0.136,0.353,0.346,1,"CHMP4A"
"TPMT",0.0125,0.112,0.18,0.171,1,"TPMT"
"SLC24A1",0.0125,0.191,0.075,0.069,1,"SLC24A1"
"GSX1",0.0125,0.206,0.015,0.012,1,"GSX1"
"ZNF684",0.0126,0.104,0.129,0.119,1,"ZNF684"
"ACP6",0.0126,0.118,0.167,0.157,1,"ACP6"
"FASTKD5",0.0126,0.201,0.106,0.098,1,"FASTKD5"
"ABHD14B",0.0126,0.119,0.027,0.023,1,"ABHD14B"
"KDM8",0.0126,0.171,0.045,0.04,1,"KDM8"
"SLC66A2",0.0126,0.126,0.373,0.365,1,"SLC66A2"
"ZNF777",0.0126,0.128,0.151,0.141,1,"ZNF777"
"ECRG4",0.0126,-0.404,0.009,0.012,1,"ECRG4"
"SATL1",0.0127,0.131,0.113,0.105,1,"SATL1"
"NAA80",0.0127,0.296,0.032,0.028,1,"NAA80"
"PLK2",0.0127,0.171,0.343,0.335,1,"PLK2"
"GPR39",0.0128,-0.25,0.027,0.032,1,"GPR39"
"HSD17B10",0.0129,0.116,0.5,0.499,1,"HSD17B10"
"ZNF219",0.0129,0.106,0.341,0.331,1,"ZNF219"
"MSRB3",0.0129,0.261,0.041,0.036,1,"MSRB3"
"SPDYE16",0.0129,0.324,0.018,0.014,1,"SPDYE16"
"H2BC8",0.0129,0.471,0.02,0.016,1,"H2BC8"
"IVD",0.0129,0.142,0.346,0.342,1,"IVD"
"MARS2",0.0129,0.278,0.034,0.03,1,"MARS2"
"ZFYVE1",0.013,0.134,0.248,0.239,1,"ZFYVE1"
"C17orf100",0.013,0.219,0.054,0.048,1,"C17orf100"
"PPOX",0.013,0.108,0.118,0.11,1,"PPOX"
"ZNF471",0.013,0.182,0.072,0.066,1,"ZNF471"
"GDPD1",0.013,0.102,0.341,0.331,1,"GDPD1"
"MAP3K5",0.013,0.131,0.16,0.151,1,"MAP3K5"
"CHCHD4",0.013,0.145,0.075,0.068,1,"CHCHD4"
"MYL5",0.0132,0.145,0.055,0.049,1,"MYL5"
"INCA1",0.0132,0.231,0.015,0.012,1,"INCA1"
"SLC45A2",0.0132,-0.183,0.022,0.026,1,"SLC45A2"
"TP73",0.0133,-0.17,0.018,0.022,1,"TP73"
"CA11",0.0133,0.196,0.088,0.081,1,"CA11"
"CCDC8",0.0133,0.146,0.113,0.105,1,"CCDC8"
"PROSER3",0.0133,0.143,0.119,0.111,1,"PROSER3"
"VPS16",0.0134,0.14,0.229,0.219,1,"VPS16"
"PRSS51",0.0134,0.158,0.188,0.179,1,"PRSS51"
"SMCR8",0.0135,0.229,0.082,0.076,1,"SMCR8"
"POLR1E",0.0135,0.111,0.15,0.14,1,"POLR1E"
"ARX",0.0135,0.107,0.736,0.767,1,"ARX"
"GP1BA",0.0135,0.513,0.01,0.007,1,"GP1BA"
"PLCB3",0.0135,0.142,0.091,0.084,1,"PLCB3"
"ZNF365",0.0135,0.4,0.016,0.013,1,"ZNF365"
"KDM6B",0.0136,0.106,0.518,0.512,1,"KDM6B"
"LTBP3",0.0136,0.101,0.261,0.251,1,"LTBP3"
"PGM2",0.0137,0.117,0.177,0.168,1,"PGM2"
"DGKA",0.0137,0.199,0.092,0.085,1,"DGKA"
"PCDHGA6",0.0137,-0.116,0.018,0.021,1,"PCDHGA6"
"ERN1",0.0137,0.14,0.123,0.114,1,"ERN1"
"ZNF681",0.0137,0.11,0.265,0.255,1,"ZNF681"
"GLIS2",0.0137,0.131,0.141,0.132,1,"GLIS2"
"MRPL4",0.0138,0.112,0.434,0.43,1,"MRPL4"
"ZNF575",0.0138,-0.18,0.034,0.039,1,"ZNF575"
"NBPF19",0.0139,0.313,0.01,0.008,1,"NBPF19"
"ZC3HAV1",0.0139,0.103,0.226,0.216,1,"ZC3HAV1"
"TBCE",0.0139,0.137,0.061,0.055,1,"TBCE"
"LANCL3",0.014,-0.249,0.019,0.023,1,"LANCL3"
"SLC25A51",0.014,0.104,0.385,0.376,1,"SLC25A51"
"ZNF74",0.014,0.125,0.218,0.208,1,"ZNF74"
"FBXO10",0.0141,0.127,0.278,0.268,1,"FBXO10"
"ARV1",0.0141,0.131,0.215,0.205,1,"ARV1"
"PIGO",0.0142,0.122,0.06,0.054,1,"PIGO"
"PSMD9",0.0142,0.132,0.375,0.369,1,"PSMD9"
"TTC7B",0.0142,0.106,0.506,0.5,1,"TTC7B"
"DPAGT1",0.0142,0.134,0.096,0.089,1,"DPAGT1"
"FMO5",0.0142,0.246,0.119,0.112,1,"FMO5"
"KCNE1",0.0142,0.303,0.031,0.027,1,"KCNE1"
"ATF3",0.0142,-0.201,0.04,0.046,1,"ATF3"
"ETV2",0.0142,0.275,0.034,0.029,1,"ETV2"
"LDB1",0.0143,0.141,0.325,0.315,1,"LDB1"
"TENM3",0.0143,0.195,0.486,0.486,1,"TENM3"
"CDK11A",0.0143,0.114,0.293,0.283,1,"CDK11A"
"KBTBD6",0.0143,0.151,0.247,0.237,1,"KBTBD6"
"FSIP1",0.0144,0.113,0.085,0.078,1,"FSIP1"
"TMTC1",0.0145,0.232,0.127,0.119,1,"TMTC1"
"SNX12",0.0145,0.109,0.21,0.2,1,"SNX12"
"RBM48",0.0145,0.108,0.223,0.213,1,"RBM48"
"FAAH2",0.0146,0.129,0.151,0.142,1,"FAAH2"
"NANOS3",0.0147,0.221,0.106,0.099,1,"NANOS3"
"DPP3",0.0147,0.133,0.141,0.132,1,"DPP3"
"ABCA7",0.0147,0.359,0.03,0.026,1,"ABCA7"
"ZDHHC8",0.0147,0.196,0.138,0.13,1,"ZDHHC8"
"TBKBP1",0.0147,0.234,0.027,0.023,1,"TBKBP1"
"SNTA1",0.0148,-0.142,0.162,0.172,1,"SNTA1"
"DLG4",0.0148,0.144,0.218,0.209,1,"DLG4"
"MAEA",0.0148,0.121,0.35,0.341,1,"MAEA"
"FAM72C",0.0149,0.181,0.035,0.03,1,"FAM72C"
"EIF6",0.0149,0.124,0.39,0.384,1,"EIF6"
"KLHL12",0.015,0.102,0.388,0.38,1,"KLHL12"
"POMZP3",0.015,0.155,0.154,0.146,1,"POMZP3"
"DPP4",0.015,-0.269,0.008,0.01,1,"DPP4"
"TMEM43",0.015,0.126,0.289,0.28,1,"TMEM43"
"CCDC127",0.0151,0.11,0.245,0.235,1,"CCDC127"
"PPM1L",0.0151,0.126,0.778,0.777,1,"PPM1L"
"CC2D1B",0.0152,0.136,0.123,0.114,1,"CC2D1B"
"AP5S1",0.0152,0.207,0.062,0.056,1,"AP5S1"
"SNUPN",0.0153,0.168,0.229,0.221,1,"SNUPN"
"KATNIP",0.0153,0.105,0.35,0.341,1,"KATNIP"
"BEX1",0.0154,0.137,0.753,0.755,1,"BEX1"
"ENSG00000279792",0.0155,0.434,0.012,0.009,1,"ENSG00000279792"
"AIFM2",0.0155,0.167,0.056,0.05,1,"AIFM2"
"FBXL6",0.0155,0.15,0.103,0.095,1,"FBXL6"
"PDXK",0.0155,0.108,0.286,0.276,1,"PDXK"
"SOX10",0.0156,0.379,0.013,0.01,1,"SOX10"
"PCDHA8",0.0157,-0.274,0.008,0.01,1,"PCDHA8"
"METTL1",0.0158,0.19,0.044,0.039,1,"METTL1"
"TMEM185A",0.0158,0.102,0.131,0.122,1,"TMEM185A"
"PLCXD3",0.0158,0.44,0.017,0.014,1,"PLCXD3"
"OAZ3",0.0159,0.347,0.011,0.008,1,"OAZ3"
"SLC32A1",0.0159,0.221,0.234,0.228,1,"SLC32A1"
"WDR86",0.0159,0.186,0.082,0.076,1,"WDR86"
"FAM114A2",0.0159,0.132,0.254,0.244,1,"FAM114A2"
"HAUS7",0.016,-0.134,0.062,0.068,1,"HAUS7"
"RGR",0.016,0.361,0.016,0.013,1,"RGR"
"GPR108",0.016,0.152,0.125,0.117,1,"GPR108"
"PWWP3B",0.0161,0.483,0.011,0.009,1,"PWWP3B"
"HMOX1",0.0161,0.277,0.038,0.033,1,"HMOX1"
"MYOZ3",0.0161,-0.515,0.008,0.01,1,"MYOZ3"
"ERICH6",0.0161,-0.396,0.01,0.012,1,"ERICH6"
"BCKDK",0.0162,0.169,0.162,0.153,1,"BCKDK"
"RNF208",0.0162,0.122,0.105,0.097,1,"RNF208"
"CHRNB2",0.0162,-0.152,0.023,0.027,1,"CHRNB2"
"C2orf68",0.0163,0.119,0.265,0.255,1,"C2orf68"
"GAR1",0.0163,0.13,0.319,0.31,1,"GAR1"
"RAB27B",0.0163,0.505,0.011,0.008,1,"RAB27B"
"DYNLT2",0.0164,-0.272,0.064,0.07,1,"DYNLT2"
"MRPL22",0.0164,0.125,0.488,0.489,1,"MRPL22"
"LAMA5",0.0164,0.104,0.145,0.136,1,"LAMA5"
"C6orf47",0.0165,0.131,0.119,0.111,1,"C6orf47"
"TGM4",0.0165,-0.111,0.009,0.011,1,"TGM4"
"ZNF473",0.0165,-0.173,0.088,0.095,1,"ZNF473"
"SLC37A1",0.0166,0.149,0.147,0.139,1,"SLC37A1"
"RETSAT",0.0166,0.161,0.077,0.071,1,"RETSAT"
"NXPH2",0.0167,-1.284,0.019,0.022,1,"NXPH2"
"ARAF",0.0167,0.125,0.139,0.131,1,"ARAF"
"FAM241B",0.0167,0.12,0.181,0.172,1,"FAM241B"
"ENSG00000279118",0.0167,-0.447,0.011,0.014,1,"ENSG00000279118"
"BRPF3",0.0168,0.121,0.197,0.188,1,"BRPF3"
"EOLA2",0.0168,0.233,0.065,0.059,1,"EOLA2"
"AMMECR1",0.0168,0.134,0.58,0.585,1,"AMMECR1"
"RPRM",0.0168,0.578,0.02,0.017,1,"RPRM"
"C10orf88",0.0169,0.132,0.211,0.201,1,"C10orf88"
"H2AC17",0.0169,0.24,0.132,0.125,1,"H2AC17"
"ZNF880",0.0169,0.118,0.076,0.07,1,"ZNF880"
"STK40",0.017,0.137,0.249,0.24,1,"STK40"
"COL1A2",0.017,-0.366,0.047,0.053,1,"COL1A2"
"EFNA1",0.017,0.246,0.036,0.032,1,"EFNA1"
"GABRB2",0.0171,-0.137,0.054,0.06,1,"GABRB2"
"PRXL2B",0.0171,0.139,0.109,0.102,1,"PRXL2B"
"RPS6KA4",0.0172,0.272,0.048,0.043,1,"RPS6KA4"
"SRF",0.0173,0.125,0.17,0.161,1,"SRF"
"CNN3",0.0173,0.296,0.705,0.714,1,"CNN3"
"SLC35G2",0.0173,0.12,0.337,0.33,1,"SLC35G2"
"SLC25A25",0.0173,0.106,0.334,0.325,1,"SLC25A25"
"NIFK",0.0174,0.106,0.51,0.511,1,"NIFK"
"TIGD1",0.0174,0.161,0.099,0.092,1,"TIGD1"
"EXOSC2",0.0174,0.114,0.193,0.184,1,"EXOSC2"
"BORCS8",0.0175,0.111,0.237,0.227,1,"BORCS8"
"TENM4",0.0175,-0.151,0.175,0.184,1,"TENM4"
"PAPPA2",0.0175,-0.145,0.022,0.026,1,"PAPPA2"
"GPAM",0.0176,0.117,0.215,0.205,1,"GPAM"
"SLC12A5",0.0176,0.193,0.089,0.082,1,"SLC12A5"
"FBXO15",0.0176,-0.345,0.018,0.022,1,"FBXO15"
"C16orf89",0.0176,-0.362,0.011,0.014,1,"C16orf89"
"NUDT18",0.0176,0.481,0.018,0.015,1,"NUDT18"
"MRPS33",0.0176,0.105,0.396,0.387,1,"MRPS33"
"CTSK",0.0177,0.198,0.092,0.085,1,"CTSK"
"SGSH",0.0177,0.2,0.043,0.038,1,"SGSH"
"R3HCC1",0.0178,0.125,0.27,0.26,1,"R3HCC1"
"ACTN1",0.0178,0.24,0.3,0.295,1,"ACTN1"
"PRKCQ",0.0179,-0.355,0.035,0.039,1,"PRKCQ"
"PEX7",0.0179,0.101,0.179,0.17,1,"PEX7"
"PMEL",0.0179,0.273,0.019,0.016,1,"PMEL"
"DCHS2",0.018,0.206,0.035,0.031,1,"DCHS2"
"ENSG00000279384",0.018,0.356,0.01,0.008,1,"ENSG00000279384"
"USP53",0.0181,0.249,0.13,0.123,1,"USP53"
"NAPRT",0.0181,0.176,0.115,0.108,1,"NAPRT"
"ZNF281",0.0182,0.105,0.437,0.429,1,"ZNF281"
"OTUB2",0.0183,0.169,0.061,0.056,1,"OTUB2"
"NMNAT1",0.0183,0.138,0.156,0.147,1,"NMNAT1"
"SPDYE1",0.0183,0.129,0.093,0.086,1,"SPDYE1"
"CLMN",0.0184,-0.398,0.013,0.016,1,"CLMN"
"AP1S3",0.0184,0.13,0.06,0.055,1,"AP1S3"
"SAV1",0.0184,0.108,0.299,0.29,1,"SAV1"
"ENSG00000279500",0.0184,-0.174,0.022,0.026,1,"ENSG00000279500"
"ENSG00000280046",0.0185,0.225,0.041,0.037,1,"ENSG00000280046"
"RGS3",0.0185,-0.13,0.225,0.235,1,"RGS3"
"BLOC1S3",0.0186,0.172,0.04,0.036,1,"BLOC1S3"
"ENSG00000280321",0.0186,0.295,0.02,0.016,1,"ENSG00000280321"
"PLXNA3",0.0186,0.124,0.207,0.197,1,"PLXNA3"
"HSD17B1",0.0187,0.197,0.035,0.031,1,"HSD17B1"
"ENSG00000280414",0.0187,0.382,0.026,0.022,1,"ENSG00000280414"
"KIAA0895",0.0187,0.177,0.178,0.17,1,"KIAA0895"
"SPAG5",0.0188,-0.163,0.129,0.137,1,"SPAG5"
"ACADS",0.0188,0.176,0.061,0.055,1,"ACADS"
"ANO5",0.0188,-0.17,0.201,0.209,1,"ANO5"
"RANBP3",0.0189,0.113,0.293,0.283,1,"RANBP3"
"NKAIN1",0.0189,-0.183,0.082,0.088,1,"NKAIN1"
"FOSL2",0.0189,0.286,0.055,0.049,1,"FOSL2"
"GON7",0.0189,0.112,0.178,0.169,1,"GON7"
"ASAH2B",0.019,0.126,0.124,0.116,1,"ASAH2B"
"SARS2",0.019,0.168,0.058,0.053,1,"SARS2"
"ZNF814",0.0191,0.105,0.42,0.413,1,"ZNF814"
"RAB39A",0.0191,-0.145,0.136,0.145,1,"RAB39A"
"CASP9",0.0192,0.131,0.117,0.109,1,"CASP9"
"LRRC17",0.0192,-0.102,0.234,0.244,1,"LRRC17"
"PP2D1",0.0193,0.235,0.04,0.035,1,"PP2D1"
"PRR19",0.0193,-0.227,0.028,0.032,1,"PRR19"
"ANK3",0.0194,-0.226,0.296,0.306,1,"ANK3"
"NUDT2",0.0194,0.123,0.251,0.242,1,"NUDT2"
"TAOK2",0.0195,0.167,0.159,0.15,1,"TAOK2"
"FLACC1",0.0195,0.243,0.046,0.041,1,"FLACC1"
"LETM2",0.0195,0.133,0.087,0.08,1,"LETM2"
"WHAMM",0.0196,0.132,0.216,0.208,1,"WHAMM"
"PACSIN1",0.0196,0.544,0.02,0.016,1,"PACSIN1"
"NOSTRIN",0.0196,-0.138,0.209,0.219,1,"NOSTRIN"
"ZNF571",0.0196,0.113,0.192,0.183,1,"ZNF571"
"C1orf21",0.0196,0.122,0.653,0.652,1,"C1orf21"
"SENP8",0.0197,0.144,0.144,0.136,1,"SENP8"
"SEZ6",0.0197,0.178,0.203,0.195,1,"SEZ6"
"PHRF1",0.0198,0.123,0.23,0.221,1,"PHRF1"
"C9orf43",0.0198,0.297,0.016,0.013,1,"C9orf43"
"GPR37L1",0.0199,0.207,0.065,0.059,1,"GPR37L1"
"DTX3L",0.0199,0.169,0.086,0.08,1,"DTX3L"
"GAREM2",0.0199,0.102,0.173,0.163,1,"GAREM2"
"PCYOX1",0.02,0.108,0.367,0.36,1,"PCYOX1"
"MBTPS2",0.0202,0.106,0.237,0.227,1,"MBTPS2"
"TRAPPC6B",0.0202,0.102,0.369,0.359,1,"TRAPPC6B"
"ACOT9",0.0203,0.149,0.149,0.141,1,"ACOT9"
"SLC6A15",0.0204,0.273,0.02,0.017,1,"SLC6A15"
"NDUFS8",0.0204,0.108,0.556,0.559,1,"NDUFS8"
"CATSPERB",0.0206,0.395,0.028,0.024,1,"CATSPERB"
"SYNPR",0.0206,0.271,0.092,0.086,1,"SYNPR"
"MECOM",0.0206,-0.125,0.052,0.057,1,"MECOM"
"TRIP10",0.0206,0.115,0.097,0.09,1,"TRIP10"
"H2AJ",0.0209,0.14,0.122,0.115,1,"H2AJ"
"KCNK10",0.0209,0.218,0.081,0.075,1,"KCNK10"
"KCNIP3",0.0209,0.354,0.07,0.064,1,"KCNIP3"
"SUGP1",0.021,0.112,0.239,0.23,1,"SUGP1"
"VSNL1",0.021,0.215,0.022,0.019,1,"VSNL1"
"CREB3",0.021,0.121,0.267,0.259,1,"CREB3"
"TSPOAP1",0.021,0.192,0.117,0.11,1,"TSPOAP1"
"MTIF2",0.0211,0.115,0.223,0.214,1,"MTIF2"
"PSMG3",0.0211,0.112,0.308,0.299,1,"PSMG3"
"MYO5B",0.0211,-0.213,0.039,0.044,1,"MYO5B"
"UBQLN4",0.0212,0.146,0.206,0.198,1,"UBQLN4"
"UNC93B1",0.0214,0.322,0.018,0.015,1,"UNC93B1"
"CLN8",0.0215,0.12,0.189,0.18,1,"CLN8"
"HEBP1",0.0215,0.145,0.208,0.2,1,"HEBP1"
"CCDC9B",0.0215,0.441,0.022,0.018,1,"CCDC9B"
"GIPC2",0.0215,0.219,0.066,0.06,1,"GIPC2"
"CKAP2L",0.0215,-0.106,0.195,0.204,1,"CKAP2L"
"SLIT1",0.0215,0.267,0.192,0.185,1,"SLIT1"
"CTSF",0.0216,0.29,0.024,0.02,1,"CTSF"
"CCDC80",0.0217,-0.192,0.058,0.063,1,"CCDC80"
"RHD",0.0217,0.262,0.057,0.052,1,"RHD"
"EXD2",0.0217,0.124,0.288,0.279,1,"EXD2"
"TLCD4",0.0218,-0.256,0.061,0.066,1,"TLCD4"
"EXPH5",0.0218,0.125,0.056,0.05,1,"EXPH5"
"MATN2",0.0218,0.199,0.046,0.041,1,"MATN2"
"CEP128",0.0218,-0.109,0.423,0.436,1,"CEP128"
"C5",0.0219,-0.151,0.127,0.134,1,"C5"
"FAM3A",0.022,0.161,0.148,0.14,1,"FAM3A"
"TMEM218",0.022,0.147,0.307,0.3,1,"TMEM218"
"ZNF112",0.022,0.125,0.237,0.228,1,"ZNF112"
"AMH",0.022,0.166,0.08,0.073,1,"AMH"
"MYBL1",0.0221,-0.145,0.183,0.191,1,"MYBL1"
"EDARADD",0.0221,-0.419,0.01,0.013,1,"EDARADD"
"WNT3",0.0222,0.381,0.059,0.054,1,"WNT3"
"CHPF",0.0222,0.103,0.116,0.109,1,"CHPF"
"IAH1",0.0223,0.117,0.397,0.391,1,"IAH1"
"TNXB",0.0224,-0.185,0.033,0.038,1,"TNXB"
"PBDC1",0.0224,0.106,0.361,0.353,1,"PBDC1"
"LRRK2",0.0224,-0.533,0.008,0.01,1,"LRRK2"
"RASSF3",0.0225,-0.334,0.032,0.037,1,"RASSF3"
"CARS1",0.0226,0.115,0.3,0.291,1,"CARS1"
"GORASP1",0.0226,0.104,0.108,0.101,1,"GORASP1"
"SLFN5",0.0227,0.256,0.02,0.017,1,"SLFN5"
"SMPD2",0.0227,0.291,0.022,0.019,1,"SMPD2"
"PYCR2",0.0227,0.123,0.193,0.184,1,"PYCR2"
"DNAJC16",0.0228,0.121,0.295,0.287,1,"DNAJC16"
"CACTIN",0.0228,0.156,0.096,0.089,1,"CACTIN"
"ARC",0.0228,0.306,0.058,0.053,1,"ARC"
"RPP21",0.0229,0.114,0.118,0.11,1,"RPP21"
"PPL",0.023,0.258,0.031,0.027,1,"PPL"
"ADCK2",0.023,0.179,0.115,0.108,1,"ADCK2"
"RGS7BP",0.023,0.21,0.123,0.116,1,"RGS7BP"
"C3orf49",0.0231,0.24,0.032,0.028,1,"C3orf49"
"ANKRD42",0.0232,0.118,0.117,0.11,1,"ANKRD42"
"PCP4",0.0232,0.249,0.049,0.044,1,"PCP4"
"CROT",0.0232,0.388,0.334,0.324,1,"CROT"
"PCYOX1L",0.0233,0.117,0.088,0.081,1,"PCYOX1L"
"SLC12A6",0.0233,0.134,0.382,0.373,1,"SLC12A6"
"ITGA1",0.0233,0.278,0.031,0.027,1,"ITGA1"
"MLLT1",0.0233,0.121,0.301,0.293,1,"MLLT1"
"TSPAN31",0.0233,0.134,0.282,0.274,1,"TSPAN31"
"ABCC9",0.0234,0.125,0.091,0.083,1,"ABCC9"
"ZBTB7B",0.0234,0.205,0.019,0.016,1,"ZBTB7B"
"DUSP28",0.0235,0.157,0.11,0.103,1,"DUSP28"
"FGFBP3",0.0235,0.198,0.243,0.234,1,"FGFBP3"
"AHR",0.0235,0.131,0.029,0.025,1,"AHR"
"EPB41L2",0.0236,0.108,0.299,0.291,1,"EPB41L2"
"ZNF28",0.0236,0.136,0.138,0.13,1,"ZNF28"
"ADCY5",0.0237,0.196,0.119,0.112,1,"ADCY5"
"FAM151B",0.0237,0.199,0.108,0.101,1,"FAM151B"
"RXRA",0.0239,0.12,0.243,0.233,1,"RXRA"
"PKNOX2",0.0241,0.136,0.19,0.181,1,"PKNOX2"
"PPP2R5B",0.0242,0.208,0.119,0.112,1,"PPP2R5B"
"PLEKHG3",0.0242,-0.202,0.083,0.089,1,"PLEKHG3"
"SMKR1",0.0243,0.142,0.044,0.039,1,"SMKR1"
"H2BC6",0.0243,0.165,0.059,0.053,1,"H2BC6"
"EIF2D",0.0244,0.108,0.19,0.181,1,"EIF2D"
"TICAM1",0.0245,0.431,0.017,0.014,1,"TICAM1"
"WIPF1",0.0246,0.102,0.292,0.283,1,"WIPF1"
"HAUS3",0.0246,-0.163,0.073,0.079,1,"HAUS3"
"NUPR1",0.0247,-0.316,0.067,0.073,1,"NUPR1"
"AP1B1",0.0248,0.106,0.255,0.245,1,"AP1B1"
"GRIN2C",0.0248,0.392,0.025,0.021,1,"GRIN2C"
"NSUN7",0.0248,-0.191,0.031,0.035,1,"NSUN7"
"PEX5L",0.0249,-0.152,0.037,0.042,1,"PEX5L"
"CPXM1",0.0249,-0.126,0.024,0.028,1,"CPXM1"
"NEK3",0.0249,0.114,0.205,0.196,1,"NEK3"
"SLC22A5",0.0249,0.186,0.054,0.048,1,"SLC22A5"
"CCDC22",0.025,0.159,0.092,0.085,1,"CCDC22"
"ISCU",0.0251,0.117,0.474,0.476,1,"ISCU"
"OCRL",0.0251,0.131,0.238,0.229,1,"OCRL"
"CDAN1",0.0252,0.121,0.142,0.134,1,"CDAN1"
"MTA2",0.0252,0.129,0.203,0.194,1,"MTA2"
"PIERCE2",0.0253,0.202,0.087,0.081,1,"PIERCE2"
"ESRRA",0.0255,0.144,0.198,0.189,1,"ESRRA"
"ITGA9",0.0255,-0.115,0.089,0.095,1,"ITGA9"
"PLEKHH3",0.0255,0.122,0.184,0.175,1,"PLEKHH3"
"TBC1D10B",0.0256,0.155,0.203,0.195,1,"TBC1D10B"
"ACTR3B",0.0257,0.166,0.348,0.343,1,"ACTR3B"
"PPFIA3",0.0258,0.204,0.082,0.076,1,"PPFIA3"
"ADGRV1",0.0261,-0.265,0.747,0.735,1,"ADGRV1"
"BMX",0.0261,0.536,0.014,0.012,1,"BMX"
"KIAA0513",0.0262,0.24,0.098,0.092,1,"KIAA0513"
"MUC6",0.0263,0.223,0.02,0.017,1,"MUC6"
"INTS5",0.0264,0.156,0.117,0.11,1,"INTS5"
"WBP1L",0.0265,0.103,0.309,0.3,1,"WBP1L"
"RELB",0.0268,0.305,0.06,0.054,1,"RELB"
"LAMB1",0.0269,0.214,0.085,0.078,1,"LAMB1"
"PDZK1",0.0269,0.238,0.06,0.054,1,"PDZK1"
"GFRA1",0.027,0.309,0.012,0.01,1,"GFRA1"
"COLQ",0.027,-0.117,0.103,0.11,1,"COLQ"
"AGBL5",0.027,0.134,0.24,0.233,1,"AGBL5"
"ATG2B",0.0271,0.103,0.378,0.37,1,"ATG2B"
"PCLO",0.0271,-0.117,0.076,0.082,1,"PCLO"
"PLB1",0.0271,0.526,0.012,0.009,1,"PLB1"
"ALKBH6",0.0272,0.125,0.06,0.055,1,"ALKBH6"
"GHDC",0.0273,0.264,0.016,0.013,1,"GHDC"
"PATL2",0.0273,-0.306,0.014,0.017,1,"PATL2"
"TMEM86A",0.0274,0.389,0.011,0.009,1,"TMEM86A"
"DMAC2",0.0274,0.131,0.236,0.226,1,"DMAC2"
"LYSMD3",0.0274,0.106,0.182,0.174,1,"LYSMD3"
"NRM",0.0276,0.122,0.173,0.165,1,"NRM"
"RAI14",0.0276,-0.109,0.339,0.349,1,"RAI14"
"EGLN2",0.0277,-0.209,0.022,0.026,1,"EGLN2"
"C22orf23",0.0277,0.137,0.059,0.053,1,"C22orf23"
"RGL4",0.0277,0.422,0.013,0.011,1,"RGL4"
"BCAM",0.0277,0.188,0.026,0.023,1,"BCAM"
"ADAL",0.0279,0.11,0.21,0.201,1,"ADAL"
"TOR2A",0.0279,0.152,0.125,0.118,1,"TOR2A"
"MEIKIN",0.0279,-0.373,0.007,0.01,1,"MEIKIN"
"SULT4A1",0.0279,-0.132,0.04,0.045,1,"SULT4A1"
"ABHD14A",0.028,0.12,0.162,0.154,1,"ABHD14A"
"GUCD1",0.028,0.109,0.184,0.174,1,"GUCD1"
"DUSP7",0.0282,0.253,0.036,0.032,1,"DUSP7"
"SH2D3C",0.0282,0.373,0.044,0.04,1,"SH2D3C"
"COMTD1",0.0282,0.157,0.055,0.05,1,"COMTD1"
"UPK3BL1",0.0282,-0.159,0.025,0.029,1,"UPK3BL1"
"MTG2",0.0283,0.138,0.237,0.228,1,"MTG2"
"ANKRD40",0.0284,0.101,0.287,0.279,1,"ANKRD40"
"ZFAND2A",0.0285,0.117,0.124,0.117,1,"ZFAND2A"
"ZNF629",0.0286,0.168,0.137,0.129,1,"ZNF629"
"ADSS1",0.0287,0.246,0.018,0.015,1,"ADSS1"
"TTC36",0.0287,0.362,0.016,0.013,1,"TTC36"
"ATXN7L3",0.0289,0.132,0.177,0.169,1,"ATXN7L3"
"QARS1",0.029,0.133,0.194,0.186,1,"QARS1"
"FAM184B",0.029,-0.146,0.119,0.127,1,"FAM184B"
"ACSS3",0.029,0.233,0.088,0.082,1,"ACSS3"
"ENSG00000284686",0.0292,0.116,0.167,0.158,1,"ENSG00000284686"
"SRRM5",0.0292,0.252,0.051,0.046,1,"SRRM5"
"MOB3C",0.0293,0.335,0.011,0.009,1,"MOB3C"
"PIP4K2C",0.0293,0.135,0.098,0.091,1,"PIP4K2C"
"NCLN",0.0293,0.107,0.133,0.125,1,"NCLN"
"CD276",0.0294,0.103,0.376,0.369,1,"CD276"
"ARHGAP1",0.0294,0.133,0.218,0.21,1,"ARHGAP1"
"RTL8B",0.0294,0.114,0.135,0.128,1,"RTL8B"
"CYB5B",0.0294,0.112,0.495,0.492,1,"CYB5B"
"CABLES1",0.0295,0.146,0.075,0.07,1,"CABLES1"
"PTGR1",0.0295,0.164,0.064,0.059,1,"PTGR1"
"CSMD2",0.0296,0.154,0.322,0.313,1,"CSMD2"
"COL9A1",0.0297,-0.165,0.053,0.058,1,"COL9A1"
"PHETA1",0.0297,0.248,0.051,0.046,1,"PHETA1"
"GAS2",0.0297,0.199,0.044,0.04,1,"GAS2"
"CHRM3",0.0298,-0.376,0.01,0.013,1,"CHRM3"
"UGDH",0.0299,0.107,0.312,0.303,1,"UGDH"
"TCEAL8",0.0299,0.109,0.506,0.507,1,"TCEAL8"
"ARMCX2",0.03,0.134,0.155,0.148,1,"ARMCX2"
"POLR1G",0.0301,0.183,0.067,0.062,1,"POLR1G"
"SERPING1",0.0301,-0.238,0.017,0.02,1,"SERPING1"
"STIL",0.0302,-0.112,0.21,0.218,1,"STIL"
"KCNG2",0.0303,-0.223,0.034,0.038,1,"KCNG2"
"PARP3",0.0303,0.338,0.013,0.011,1,"PARP3"
"KCNC2",0.0304,-0.383,0.029,0.033,1,"KCNC2"
"TRAPPC14",0.0304,0.163,0.062,0.057,1,"TRAPPC14"
"FNDC11",0.0304,-0.164,0.011,0.013,1,"FNDC11"
"RFT1",0.0304,0.107,0.161,0.153,1,"RFT1"
"MED21",0.0307,0.102,0.465,0.462,1,"MED21"
"TPTE2",0.0307,0.218,0.113,0.106,1,"TPTE2"
"MIGA2",0.0307,0.116,0.086,0.08,1,"MIGA2"
"SLC7A11",0.0307,-0.233,0.192,0.2,1,"SLC7A11"
"LTO1",0.0308,0.153,0.184,0.176,1,"LTO1"
"SLCO3A1",0.0309,0.571,0.064,0.059,1,"SLCO3A1"
"IL34",0.031,-0.266,0.019,0.022,1,"IL34"
"SKIV2L",0.0311,0.174,0.073,0.068,1,"SKIV2L"
"PSAT1",0.0311,-0.22,0.351,0.357,1,"PSAT1"
"OGFR",0.0312,0.107,0.28,0.272,1,"OGFR"
"CHD5",0.0312,0.293,0.031,0.027,1,"CHD5"
"CATSPERE",0.0312,0.105,0.06,0.055,1,"CATSPERE"
"ZFYVE26",0.0313,0.115,0.253,0.246,1,"ZFYVE26"
"SLC22A17",0.0313,0.123,0.245,0.236,1,"SLC22A17"
"YPEL2",0.0313,0.113,0.091,0.084,1,"YPEL2"
"TICAM2",0.0314,0.316,0.039,0.035,1,"TICAM2"
"KCNB1",0.0314,0.22,0.107,0.101,1,"KCNB1"
"SPTY2D1OS",0.0314,0.125,0.092,0.085,1,"SPTY2D1OS"
"MANSC1",0.0314,0.242,0.045,0.041,1,"MANSC1"
"TFPI2",0.0315,1.104,0.014,0.011,1,"TFPI2"
"CTXN2",0.0315,0.187,0.017,0.014,1,"CTXN2"
"ZNF843",0.0315,-0.268,0.018,0.021,1,"ZNF843"
"SULF1",0.0315,0.138,0.078,0.084,1,"SULF1"
"ZNF423",0.0316,0.129,0.207,0.199,1,"ZNF423"
"ARSL",0.0316,0.173,0.02,0.017,1,"ARSL"
"POLDIP3",0.0318,0.107,0.367,0.362,1,"POLDIP3"
"ENSG00000280378",0.0321,-0.46,0.008,0.01,1,"ENSG00000280378"
"MNT",0.0321,0.121,0.156,0.148,1,"MNT"
"PRXL2C",0.0322,0.118,0.135,0.128,1,"PRXL2C"
"CIAO3",0.0323,0.168,0.119,0.113,1,"CIAO3"
"PSME3",0.0323,0.114,0.259,0.251,1,"PSME3"
"POLR2D",0.0323,0.108,0.307,0.299,1,"POLR2D"
"UFD1",0.0324,0.12,0.442,0.439,1,"UFD1"
"TMEM63C",0.0324,-0.188,0.065,0.071,1,"TMEM63C"
"ENSG00000280244",0.0326,0.339,0.019,0.016,1,"ENSG00000280244"
"ZC3H11A",0.0328,0.168,0.045,0.041,1,"ZC3H11A"
"ZSWIM9",0.0329,0.116,0.192,0.185,1,"ZSWIM9"
"FAM124A",0.0331,0.176,0.16,0.153,1,"FAM124A"
"HR",0.0332,0.163,0.09,0.084,1,"HR"
"MITF",0.0333,0.118,0.045,0.04,1,"MITF"
"GLMP",0.0334,0.222,0.042,0.038,1,"GLMP"
"RNASET2",0.0334,-0.106,0.151,0.159,1,"RNASET2"
"TAPBP",0.0335,0.111,0.187,0.179,1,"TAPBP"
"EYA2",0.0335,0.477,0.031,0.028,1,"EYA2"
"KCTD18",0.0337,0.121,0.133,0.125,1,"KCTD18"
"SLC4A1AP",0.0339,0.11,0.369,0.362,1,"SLC4A1AP"
"ZNF432",0.0339,0.114,0.306,0.299,1,"ZNF432"
"EHBP1L1",0.034,0.288,0.054,0.049,1,"EHBP1L1"
"SMIM12",0.034,0.105,0.266,0.258,1,"SMIM12"
"MAP3K15",0.0341,-0.162,0.052,0.057,1,"MAP3K15"
"H2AC15",0.0341,0.156,0.083,0.077,1,"H2AC15"
"EHD2",0.0342,0.151,0.061,0.056,1,"EHD2"
"RPUSD2",0.0343,0.115,0.116,0.108,1,"RPUSD2"
"GPS1",0.0344,0.109,0.225,0.217,1,"GPS1"
"ISG20L2",0.0344,0.112,0.208,0.2,1,"ISG20L2"
"ZNF470",0.0346,0.154,0.132,0.125,1,"ZNF470"
"FAM110B",0.0347,0.116,0.708,0.711,1,"FAM110B"
"ZNF619",0.0347,0.367,0.03,0.027,1,"ZNF619"
"ENSG00000276256",0.0349,0.104,0.362,0.352,1,"ENSG00000276256"
"ST6GALNAC4",0.035,0.118,0.066,0.061,1,"ST6GALNAC4"
"RNF20",0.0351,0.101,0.432,0.428,1,"RNF20"
"TMEM74B",0.0352,-0.412,0.01,0.012,1,"TMEM74B"
"KHDC1",0.0352,0.13,0.203,0.195,1,"KHDC1"
"VANGL2",0.0353,0.115,0.299,0.29,1,"VANGL2"
"ZW10",0.0353,0.106,0.215,0.207,1,"ZW10"
"SPNS2",0.0354,-0.242,0.025,0.028,1,"SPNS2"
"AMFR",0.0354,0.101,0.374,0.369,1,"AMFR"
"C17orf114",0.0354,0.33,0.022,0.019,1,"C17orf114"
"AKR7L",0.0355,0.15,0.014,0.011,1,"AKR7L"
"STKLD1",0.0355,0.107,0.031,0.027,1,"STKLD1"
"AACS",0.0355,0.118,0.202,0.194,1,"AACS"
"GRIN2D",0.0356,-0.106,0.078,0.084,1,"GRIN2D"
"ITIH2",0.0357,-0.264,0.013,0.016,1,"ITIH2"
"SPDYE21",0.0357,0.126,0.087,0.081,1,"SPDYE21"
"PKD1L1",0.0359,-0.528,0.013,0.015,1,"PKD1L1"
"UTP15",0.0359,0.108,0.107,0.1,1,"UTP15"
"TMEM154",0.036,0.207,0.01,0.008,1,"TMEM154"
"GDF9",0.036,0.197,0.014,0.011,1,"GDF9"
"ZFHX3",0.036,-0.397,0.578,0.59,1,"ZFHX3"
"ENSG00000288591",0.0361,-0.144,0.015,0.018,1,"ENSG00000288591"
"PARP10",0.0361,-0.181,0.013,0.016,1,"PARP10"
"MVB12A",0.0361,0.102,0.289,0.281,1,"MVB12A"
"DMRTA2",0.0361,-0.161,0.011,0.013,1,"DMRTA2"
"ENSG00000279557",0.0362,0.119,0.041,0.037,1,"ENSG00000279557"
"SMN1",0.0363,0.19,0.102,0.096,1,"SMN1"
"PTCD2",0.0364,0.112,0.137,0.129,1,"PTCD2"
"FOXP1",0.0364,-0.316,0.197,0.204,1,"FOXP1"
"XKR9",0.0365,0.122,0.024,0.021,1,"XKR9"
"COPS7A",0.0367,0.106,0.208,0.2,1,"COPS7A"
"GDPD3",0.0368,0.409,0.017,0.014,1,"GDPD3"
"WNT7B",0.0369,-0.217,0.008,0.01,1,"WNT7B"
"MBD2",0.0369,0.12,0.526,0.522,1,"MBD2"
"DAG1",0.0369,0.103,0.435,0.433,1,"DAG1"
"PTGIS",0.037,0.308,0.028,0.025,1,"PTGIS"
"SGK1",0.0372,0.267,0.11,0.104,1,"SGK1"
"PRKCSH",0.0372,0.117,0.299,0.292,1,"PRKCSH"
"PRMT6",0.0372,0.152,0.121,0.114,1,"PRMT6"
"SLC7A3",0.0373,-0.301,0.013,0.016,1,"SLC7A3"
"CNTROB",0.0373,-0.131,0.195,0.203,1,"CNTROB"
"RRBP1",0.0375,0.101,0.206,0.198,1,"RRBP1"
"BEX5",0.0375,0.107,0.26,0.252,1,"BEX5"
"LCAT",0.0376,0.27,0.025,0.022,1,"LCAT"
"RAI1",0.0376,0.109,0.363,0.356,1,"RAI1"
"DDIT4L",0.0378,-0.373,0.012,0.014,1,"DDIT4L"
"ZNF816",0.0378,0.266,0.028,0.024,1,"ZNF816"
"KCNN2",0.038,-0.412,0.017,0.02,1,"KCNN2"
"TTC23L",0.038,-0.292,0.052,0.057,1,"TTC23L"
"SWAP70",0.038,0.147,0.2,0.193,1,"SWAP70"
"RLN2",0.0381,0.167,0.018,0.015,1,"RLN2"
"SNAP29",0.0381,0.147,0.324,0.318,1,"SNAP29"
"IFI27L2",0.0382,0.107,0.476,0.475,1,"IFI27L2"
"GPAT4",0.0382,0.113,0.262,0.254,1,"GPAT4"
"MCTP1",0.0384,-0.282,0.064,0.069,1,"MCTP1"
"GBA2",0.0385,0.152,0.195,0.189,1,"GBA2"
"MMP15",0.0385,0.189,0.139,0.133,1,"MMP15"
"THNSL1",0.0385,0.162,0.092,0.086,1,"THNSL1"
"ZNF540",0.0387,0.115,0.217,0.21,1,"ZNF540"
"CNR1",0.0387,0.125,0.134,0.126,1,"CNR1"
"HEXIM1",0.0388,0.1,0.218,0.21,1,"HEXIM1"
"CFAP43",0.0388,-0.21,0.069,0.074,1,"CFAP43"
"IQCJ-SCHIP1",0.0389,0.136,0.072,0.066,1,"IQCJ-SCHIP1"
"TMEM18",0.0389,0.105,0.34,0.334,1,"TMEM18"
"RNPEPL1",0.0389,0.124,0.141,0.133,1,"RNPEPL1"
"SAPCD2",0.039,-0.124,0.081,0.087,1,"SAPCD2"
"CES3",0.0391,-0.302,0.008,0.01,1,"CES3"
"MT-TA",0.0393,-0.344,0.011,0.013,1,"MT-TA"
"RABEP2",0.0394,0.103,0.119,0.112,1,"RABEP2"
"ZNF599",0.0394,0.114,0.085,0.079,1,"ZNF599"
"DAXX",0.0394,0.109,0.283,0.275,1,"DAXX"
"KBTBD8",0.0395,0.37,0.011,0.009,1,"KBTBD8"
"STAC3",0.0396,0.206,0.063,0.058,1,"STAC3"
"GOLGA8H",0.0397,0.294,0.019,0.016,1,"GOLGA8H"
"TAF5L",0.0397,0.145,0.345,0.339,1,"TAF5L"
"IL1RAPL2",0.0397,-0.238,0.043,0.048,1,"IL1RAPL2"
"ST6GALNAC5",0.0398,-0.175,0.536,0.533,1,"ST6GALNAC5"
"FEZF2",0.0398,-0.396,0.008,0.011,1,"FEZF2"
"VAMP1",0.0399,-0.311,0.022,0.025,1,"VAMP1"
"TP53INP2",0.0399,0.134,0.143,0.136,1,"TP53INP2"
"E2F8",0.0404,-0.148,0.109,0.116,1,"E2F8"
"SLC25A1",0.0406,0.12,0.264,0.256,1,"SLC25A1"
"ERLIN2",0.0408,0.129,0.208,0.201,1,"ERLIN2"
"BMP8A",0.0408,-0.154,0.03,0.034,1,"BMP8A"
"FBXO30",0.0409,0.103,0.383,0.377,1,"FBXO30"
"BBS4",0.0409,0.117,0.288,0.28,1,"BBS4"
"HSD11B1L",0.0409,0.154,0.189,0.182,1,"HSD11B1L"
"CRYGS",0.041,0.174,0.041,0.037,1,"CRYGS"
"CPSF1",0.0411,0.116,0.196,0.188,1,"CPSF1"
"ZNF234",0.0412,0.102,0.193,0.185,1,"ZNF234"
"TTLL4",0.0412,-0.151,0.136,0.144,1,"TTLL4"
"NR2F2",0.0412,-0.123,0.628,0.587,1,"NR2F2"
"TMEM161A",0.0413,0.128,0.142,0.135,1,"TMEM161A"
"ITGA6",0.0413,-0.122,0.318,0.325,1,"ITGA6"
"HPS6",0.0414,0.134,0.079,0.073,1,"HPS6"
"BNIP1",0.0416,0.114,0.18,0.172,1,"BNIP1"
"NLRP2",0.0417,-0.307,0.011,0.014,1,"NLRP2"
"SLC1A5",0.0417,0.248,0.071,0.066,1,"SLC1A5"
"HLF",0.0417,0.292,0.023,0.02,1,"HLF"
"NUFIP1",0.0419,0.101,0.255,0.246,1,"NUFIP1"
"GPR153",0.0421,0.203,0.172,0.166,1,"GPR153"
"TMEM271",0.0422,0.335,0.021,0.018,1,"TMEM271"
"HTR2A",0.0422,-0.229,0.049,0.053,1,"HTR2A"
"HYDIN",0.0424,-0.121,0.211,0.219,1,"HYDIN"
"SAMD9",0.0424,0.18,0.03,0.026,1,"SAMD9"
"PIK3IP1",0.0425,0.199,0.096,0.09,1,"PIK3IP1"
"ENSG00000280077",0.0426,0.253,0.042,0.038,1,"ENSG00000280077"
"MKRN2",0.0427,0.101,0.276,0.268,1,"MKRN2"
"NOC2L",0.0427,0.103,0.316,0.308,1,"NOC2L"
"LY6G6C",0.0427,-0.23,0.018,0.021,1,"LY6G6C"
"GNB3",0.0428,0.294,0.047,0.043,1,"GNB3"
"NMI",0.0429,-0.215,0.011,0.014,1,"NMI"
"BCL2L2",0.0429,0.128,0.132,0.125,1,"BCL2L2"
"CPHXL",0.0431,-0.178,0.009,0.011,1,"CPHXL"
"CSPG5",0.0434,-0.293,0.266,0.269,1,"CSPG5"
"UCK1",0.0434,0.14,0.146,0.139,1,"UCK1"
"SLC31A2",0.0434,0.361,0.027,0.024,1,"SLC31A2"
"LMTK3",0.0434,0.109,0.202,0.195,1,"LMTK3"
"CCDC96",0.0436,0.115,0.03,0.027,1,"CCDC96"
"MAN2B1",0.0436,0.102,0.148,0.14,1,"MAN2B1"
"SLC29A4",0.0436,0.104,0.231,0.223,1,"SLC29A4"
"SERHL2",0.0437,0.224,0.084,0.078,1,"SERHL2"
"RPS6KA6",0.0437,0.109,0.211,0.203,1,"RPS6KA6"
"AKAP1",0.0438,-0.114,0.135,0.142,1,"AKAP1"
"TMEM221",0.0438,0.183,0.035,0.031,1,"TMEM221"
"CFAP20DC",0.0439,0.242,0.021,0.018,1,"CFAP20DC"
"AVIL",0.0445,0.116,0.172,0.165,1,"AVIL"
"DERL1",0.0445,0.12,0.359,0.354,1,"DERL1"
"ZNF510",0.0446,0.118,0.251,0.243,1,"ZNF510"
"PITPNM1",0.0446,0.347,0.044,0.04,1,"PITPNM1"
"NINJ1",0.0447,0.173,0.138,0.132,1,"NINJ1"
"ALDH4A1",0.0447,0.192,0.053,0.049,1,"ALDH4A1"
"FANCG",0.0447,0.14,0.142,0.135,1,"FANCG"
"PCK2",0.0451,-0.134,0.03,0.034,1,"PCK2"
"TLNRD1",0.0452,0.114,0.163,0.156,1,"TLNRD1"
"RHOBTB2",0.0452,0.174,0.125,0.118,1,"RHOBTB2"
"GRK2",0.0453,0.152,0.182,0.176,1,"GRK2"
"SLC29A1",0.0454,-0.175,0.058,0.063,1,"SLC29A1"
"UBAC1",0.0454,0.108,0.371,0.366,1,"UBAC1"
"RILPL2",0.0454,0.125,0.104,0.097,1,"RILPL2"
"SCUBE1",0.0454,-0.151,0.009,0.011,1,"SCUBE1"
"GPR156",0.0455,-0.243,0.054,0.059,1,"GPR156"
"TBC1D17",0.0457,0.109,0.127,0.12,1,"TBC1D17"
"FAM111B",0.0458,-0.117,0.154,0.161,1,"FAM111B"
"OXTR",0.0458,0.117,0.022,0.019,1,"OXTR"
"COL6A2",0.0458,-0.153,0.039,0.043,1,"COL6A2"
"HSPBAP1",0.046,0.111,0.174,0.167,1,"HSPBAP1"
"TMEM126A",0.0461,0.115,0.322,0.317,1,"TMEM126A"
"ENSG00000279977",0.0462,-0.134,0.018,0.021,1,"ENSG00000279977"
"GIN1",0.0462,0.199,0.14,0.134,1,"GIN1"
"ENSG00000255439",0.0463,-0.234,0.026,0.029,1,"ENSG00000255439"
"HRH1",0.0465,0.45,0.015,0.013,1,"HRH1"
"ATP6V1FNB",0.0465,0.248,0.014,0.012,1,"ATP6V1FNB"
"C5orf63",0.0467,-0.12,0.012,0.014,1,"C5orf63"
"N4BP2L1",0.0468,0.138,0.099,0.093,1,"N4BP2L1"
"DUSP15",0.0468,0.109,0.049,0.044,1,"DUSP15"
"SH3BGRL2",0.0469,0.158,0.158,0.151,1,"SH3BGRL2"
"SNX33",0.0471,0.177,0.039,0.035,1,"SNX33"
"NUBP1",0.0472,0.105,0.241,0.233,1,"NUBP1"
"C2orf81",0.0472,0.123,0.074,0.069,1,"C2orf81"
"EPHA10",0.0473,-0.271,0.009,0.011,1,"EPHA10"
"RBAK-RBAKDN",0.0476,-0.356,0.017,0.02,1,"RBAK-RBAKDN"
"EAF1",0.0478,0.115,0.233,0.226,1,"EAF1"
"GLYCTK",0.0478,0.157,0.022,0.019,1,"GLYCTK"
"ATG2A",0.0479,0.162,0.115,0.109,1,"ATG2A"
"TMEM243",0.048,0.11,0.153,0.145,1,"TMEM243"
"ELP6",0.048,0.105,0.336,0.33,1,"ELP6"
"ZNF671",0.0481,0.164,0.089,0.083,1,"ZNF671"
"NFE2L3",0.0481,0.228,0.111,0.106,1,"NFE2L3"
"COG1",0.0482,0.102,0.134,0.127,1,"COG1"
"CRY1",0.0483,0.135,0.451,0.447,1,"CRY1"
"CELF6",0.0483,0.28,0.03,0.027,1,"CELF6"
"ZC3H10",0.0484,0.107,0.106,0.1,1,"ZC3H10"
"PDE5A",0.0485,-0.277,0.382,0.39,1,"PDE5A"
"WIZ",0.0487,0.125,0.324,0.317,1,"WIZ"
"NAP1L3",0.0487,0.108,0.317,0.309,1,"NAP1L3"
"PLEKHH1",0.0488,0.125,0.065,0.06,1,"PLEKHH1"
"SH2D4B",0.0489,0.147,0.058,0.054,1,"SH2D4B"
"IHO1",0.049,0.483,0.012,0.01,1,"IHO1"
"TRO",0.0491,0.158,0.189,0.182,1,"TRO"
"HJURP",0.0492,-0.102,0.166,0.174,1,"HJURP"
"GPRIN3",0.0492,-0.24,0.008,0.01,1,"GPRIN3"
"GPSM1",0.0493,0.112,0.235,0.227,1,"GPSM1"
"FEM1A",0.0493,0.154,0.182,0.175,1,"FEM1A"
"IFIT5",0.0493,0.103,0.281,0.272,1,"IFIT5"
"WDR88",0.0494,0.223,0.045,0.041,1,"WDR88"
"OTULINL",0.0496,-0.287,0.012,0.014,1,"OTULINL"
"EPHB4",0.0497,0.105,0.104,0.098,1,"EPHB4"
"TEP1",0.0498,0.173,0.106,0.1,1,"TEP1"
"MLIP",0.0499,-0.125,0.069,0.074,1,"MLIP"
"GLS2",0.05,0.154,0.032,0.029,1,"GLS2"
"ZNF610",0.05,0.177,0.167,0.161,1,"ZNF610"
"PCDH11Y",0.0501,-0.295,0.019,0.022,1,"PCDH11Y"
"MGAM",0.0502,-0.11,0.041,0.045,1,"MGAM"
"RFTN1",0.0502,0.18,0.396,0.393,1,"RFTN1"
"MAP3K11",0.0502,0.243,0.114,0.108,1,"MAP3K11"
"PCDHGA1",0.0505,0.31,0.051,0.046,1,"PCDHGA1"
"FER1L5",0.0506,-0.296,0.01,0.012,1,"FER1L5"
"KCNA5",0.0507,-0.379,0.008,0.01,1,"KCNA5"
"CPT1B",0.0507,0.214,0.059,0.054,1,"CPT1B"
"CAV3",0.0508,0.137,0.097,0.091,1,"CAV3"
"NR2C2AP",0.0508,0.119,0.095,0.089,1,"NR2C2AP"
"PAF1",0.0513,0.132,0.247,0.24,1,"PAF1"
"MPPE1",0.0515,0.103,0.208,0.2,1,"MPPE1"
"CLMP",0.0516,-0.341,0.022,0.025,1,"CLMP"
"TPM2",0.0516,0.149,0.021,0.018,1,"TPM2"
"PALD1",0.0517,-0.196,0.072,0.078,1,"PALD1"
"IFITM3",0.0517,0.109,0.18,0.172,1,"IFITM3"
"IFT140",0.0517,0.15,0.239,0.233,1,"IFT140"
"IGSF8",0.0517,0.14,0.211,0.204,1,"IGSF8"
"PDCL2",0.0518,-0.219,0.024,0.028,1,"PDCL2"
"C2orf66",0.0519,0.27,0.016,0.014,1,"C2orf66"
"UPK2",0.0519,-0.114,0.037,0.041,1,"UPK2"
"MAP1LC3A",0.0521,0.179,0.103,0.097,1,"MAP1LC3A"
"RAB3D",0.0521,0.118,0.163,0.156,1,"RAB3D"
"ASB13",0.0525,0.133,0.076,0.071,1,"ASB13"
"SLC13A3",0.0526,-0.132,0.197,0.204,1,"SLC13A3"
"H2AC14",0.0528,-0.197,0.096,0.101,1,"H2AC14"
"PCDHGA12",0.053,0.322,0.029,0.026,1,"PCDHGA12"
"SLCO1C1",0.053,0.123,0.174,0.167,1,"SLCO1C1"
"OMA1",0.0532,0.135,0.066,0.061,1,"OMA1"
"ENSG00000279161",0.0532,-0.207,0.016,0.019,1,"ENSG00000279161"
"SNX18",0.0533,-0.14,0.161,0.167,1,"SNX18"
"ZKSCAN7",0.0534,0.11,0.128,0.121,1,"ZKSCAN7"
"NLE1",0.0535,0.146,0.053,0.048,1,"NLE1"
"ZNF816-ZNF321P",0.054,0.131,0.08,0.075,1,"ZNF816-ZNF321P"
"LETMD1",0.0541,0.11,0.108,0.102,1,"LETMD1"
"ETV4",0.0543,0.163,0.065,0.06,1,"ETV4"
"IQCN",0.0543,-0.13,0.024,0.027,1,"IQCN"
"ZNF687",0.0544,0.196,0.073,0.068,1,"ZNF687"
"CDK9",0.0545,0.155,0.185,0.179,1,"CDK9"
"ENSG00000280291",0.0548,-0.382,0.013,0.015,1,"ENSG00000280291"
"DTX2",0.0548,0.207,0.047,0.043,1,"DTX2"
"ASPSCR1",0.0548,0.125,0.209,0.201,1,"ASPSCR1"
"CCDC200",0.0549,0.164,0.013,0.015,1,"CCDC200"
"AHDC1",0.0551,0.12,0.315,0.309,1,"AHDC1"
"SMN2",0.0551,0.162,0.041,0.037,1,"SMN2"
"ENSG00000280187",0.0552,0.146,0.045,0.041,1,"ENSG00000280187"
"SLC48A1",0.0554,0.106,0.12,0.113,1,"SLC48A1"
"TBC1D20",0.0554,0.109,0.327,0.32,1,"TBC1D20"
"GRM7",0.0555,-0.464,0.069,0.074,1,"GRM7"
"MAP2K3",0.0555,0.188,0.108,0.102,1,"MAP2K3"
"SGPP1",0.0559,0.107,0.25,0.242,1,"SGPP1"
"NOL6",0.0559,0.127,0.043,0.039,1,"NOL6"
"KLHL25",0.0562,0.113,0.284,0.277,1,"KLHL25"
"SYT15B",0.0562,0.273,0.015,0.012,1,"SYT15B"
"GID4",0.0563,0.138,0.139,0.132,1,"GID4"
"DENND11",0.0565,0.1,0.266,0.258,1,"DENND11"
"HSF5",0.0566,-0.152,0.027,0.03,1,"HSF5"
"TMEM116",0.0566,-0.114,0.198,0.205,1,"TMEM116"
"ADH4",0.0571,0.22,0.04,0.036,1,"ADH4"
"HARS2",0.0574,0.166,0.153,0.147,1,"HARS2"
"GLRA1",0.0576,-0.272,0.016,0.019,1,"GLRA1"
"BAMBI",0.0578,0.41,0.014,0.012,1,"BAMBI"
"KCNH3",0.0579,0.151,0.015,0.013,1,"KCNH3"
"EPHA5",0.0582,0.127,0.639,0.641,1,"EPHA5"
"KCNMB2",0.0583,-0.427,0.018,0.02,1,"KCNMB2"
"MARCHF9",0.0583,0.129,0.24,0.234,1,"MARCHF9"
"GAD1",0.0583,0.141,0.657,0.659,1,"GAD1"
"LRRC9",0.0584,-0.128,0.085,0.091,1,"LRRC9"
"DLK2",0.0586,-0.205,0.029,0.032,1,"DLK2"
"UCN",0.0588,-0.175,0.018,0.021,1,"UCN"
"PDCD1LG2",0.059,-0.322,0.026,0.029,1,"PDCD1LG2"
"ZNF391",0.0591,-0.15,0.04,0.044,1,"ZNF391"
"SEMA7A",0.0595,-0.283,0.008,0.01,1,"SEMA7A"
"DNASE1L1",0.0595,0.206,0.038,0.035,1,"DNASE1L1"
"XRCC3",0.0595,0.126,0.094,0.089,1,"XRCC3"
"RCAN2",0.0598,0.31,0.045,0.041,1,"RCAN2"
"NPHS1",0.0599,-0.35,0.008,0.01,1,"NPHS1"
"B3GALT9",0.0599,0.135,0.045,0.041,1,"B3GALT9"
"GPN1",0.06,0.116,0.257,0.25,1,"GPN1"
"SFMBT2",0.0601,0.163,0.193,0.185,1,"SFMBT2"
"STK17B",0.0601,-0.157,0.132,0.138,1,"STK17B"
"CARMIL2",0.0601,-0.157,0.014,0.016,1,"CARMIL2"
"PREB",0.0602,0.151,0.103,0.097,1,"PREB"
"SLC7A9",0.0602,-0.141,0.022,0.025,1,"SLC7A9"
"STON1-GTF2A1L",0.0602,0.12,0.032,0.028,1,"STON1-GTF2A1L"
"PRSS3",0.0603,0.182,0.014,0.011,1,"PRSS3"
"BCL9L",0.0603,0.118,0.223,0.215,1,"BCL9L"
"C6orf120",0.0605,0.103,0.181,0.174,1,"C6orf120"
"SLC25A15",0.0607,0.127,0.108,0.102,1,"SLC25A15"
"WNT7A",0.0608,0.104,0.223,0.216,1,"WNT7A"
"CCDC177",0.0609,0.192,0.012,0.01,1,"CCDC177"
"PDE12",0.0609,0.143,0.19,0.183,1,"PDE12"
"SPDYE18",0.0611,0.199,0.037,0.034,1,"SPDYE18"
"ZNF808",0.0613,0.1,0.131,0.125,1,"ZNF808"
"FBXL22",0.0615,0.271,0.036,0.033,1,"FBXL22"
"APOBEC2",0.0616,0.182,0.036,0.033,1,"APOBEC2"
"CHRNB1",0.0616,0.109,0.133,0.126,1,"CHRNB1"
"GAMT",0.0618,0.109,0.31,0.305,1,"GAMT"
"EGR1",0.0621,0.11,0.499,0.496,1,"EGR1"
"MFAP2",0.0621,0.318,0.032,0.029,1,"MFAP2"
"PAMR1",0.0623,-0.242,0.017,0.02,1,"PAMR1"
"GPR88",0.0624,-0.461,0.013,0.016,1,"GPR88"
"TUFT1",0.0625,0.183,0.088,0.083,1,"TUFT1"
"TRANK1",0.0627,-0.181,0.029,0.026,1,"TRANK1"
"DOCK9",0.0628,-0.242,0.079,0.085,1,"DOCK9"
"NEBL",0.0629,-0.139,0.115,0.121,1,"NEBL"
"OCEL1",0.0629,0.141,0.076,0.071,1,"OCEL1"
"TMEM87B",0.063,0.143,0.233,0.226,1,"TMEM87B"
"THSD7B",0.0632,-0.189,0.035,0.039,1,"THSD7B"
"PLCH2",0.0635,-0.332,0.01,0.012,1,"PLCH2"
"NUTM2G",0.0636,0.276,0.016,0.014,1,"NUTM2G"
"ENSG00000279587",0.0638,0.171,0.01,0.009,1,"ENSG00000279587"
"WDR73",0.0638,0.14,0.326,0.321,1,"WDR73"
"LOXHD1",0.0639,-0.424,0.008,0.01,1,"LOXHD1"
"ENSG00000285043",0.064,-0.171,0.032,0.035,1,"ENSG00000285043"
"ARHGAP4",0.064,-0.173,0.018,0.021,1,"ARHGAP4"
"FXYD6-FXYD2",0.0642,0.225,0.018,0.016,1,"FXYD6-FXYD2"
"ACAP3",0.0643,0.132,0.183,0.176,1,"ACAP3"
"MMP11",0.0644,0.202,0.034,0.031,1,"MMP11"
"PPP2R5D",0.0646,0.115,0.257,0.251,1,"PPP2R5D"
"NDP",0.0647,-0.18,0.108,0.114,1,"NDP"
"RNF141",0.0649,0.114,0.293,0.286,1,"RNF141"
"SGSM3",0.065,0.119,0.207,0.2,1,"SGSM3"
"REC114",0.0651,0.221,0.041,0.038,1,"REC114"
"PARP14",0.0654,0.123,0.19,0.183,1,"PARP14"
"ENSG00000280385",0.0654,0.31,0.014,0.012,1,"ENSG00000280385"
"SLC3A1",0.0655,0.193,0.09,0.085,1,"SLC3A1"
"PLOD2",0.0656,-0.312,0.197,0.203,1,"PLOD2"
"ROBO3",0.0657,-0.12,0.043,0.047,1,"ROBO3"
"FADD",0.0657,0.119,0.104,0.098,1,"FADD"
"LEAP2",0.0663,0.187,0.075,0.07,1,"LEAP2"
"ALKBH4",0.0664,0.105,0.192,0.185,1,"ALKBH4"
"DNAJB7",0.0666,0.355,0.012,0.01,1,"DNAJB7"
"EPB41L4A",0.0669,0.235,0.084,0.079,1,"EPB41L4A"
"SPINK8",0.0669,0.24,0.028,0.025,1,"SPINK8"
"KBTBD3",0.067,0.137,0.118,0.113,1,"KBTBD3"
"STK16",0.067,0.114,0.114,0.109,1,"STK16"
"CTHRC1",0.0672,0.167,0.026,0.023,1,"CTHRC1"
"LRRC47",0.0672,0.109,0.233,0.226,1,"LRRC47"
"SLC9A3R1",0.0673,-0.138,0.198,0.205,1,"SLC9A3R1"
"CYB561D1",0.0673,0.137,0.067,0.062,1,"CYB561D1"
"FAM221A",0.0673,0.113,0.126,0.12,1,"FAM221A"
"DNAJC14",0.0675,0.157,0.1,0.095,1,"DNAJC14"
"RGS14",0.0676,0.107,0.042,0.038,1,"RGS14"
"TPBG",0.0676,0.543,0.018,0.016,1,"TPBG"
"CACNA1H",0.0676,0.134,0.036,0.033,1,"CACNA1H"
"TREH",0.0678,0.222,0.021,0.018,1,"TREH"
"FNDC10",0.0679,0.245,0.028,0.025,1,"FNDC10"
"RARA",0.068,0.104,0.192,0.185,1,"RARA"
"VPS37D",0.0681,0.124,0.178,0.171,1,"VPS37D"
"ARFGAP1",0.0682,0.101,0.11,0.104,1,"ARFGAP1"
"SNAPC4",0.0685,0.125,0.144,0.138,1,"SNAPC4"
"LRRC3",0.0688,-0.11,0.033,0.037,1,"LRRC3"
"PDZD7",0.0691,-0.258,0.012,0.014,1,"PDZD7"
"LGI2",0.0691,0.507,0.015,0.013,1,"LGI2"
"VPS9D1",0.0692,0.103,0.209,0.202,1,"VPS9D1"
"CHST14",0.0692,0.151,0.092,0.087,1,"CHST14"
"OSMR",0.0692,-0.358,0.018,0.02,1,"OSMR"
"H3C4",0.0693,-0.197,0.201,0.205,1,"H3C4"
"LMF2",0.0694,0.152,0.117,0.111,1,"LMF2"
"AMACR",0.0695,-0.105,0.076,0.081,1,"AMACR"
"RGPD5",0.0696,-0.117,0.029,0.032,1,"RGPD5"
"IMPG2",0.0696,0.142,0.128,0.121,1,"IMPG2"
"ALDH16A1",0.0701,0.113,0.068,0.064,1,"ALDH16A1"
"C17orf80",0.0704,0.12,0.243,0.237,1,"C17orf80"
"ZNF444",0.0706,0.122,0.177,0.17,1,"ZNF444"
"DCBLD1",0.0707,0.102,0.109,0.103,1,"DCBLD1"
"ABCG5",0.0708,0.226,0.011,0.009,1,"ABCG5"
"MFN2",0.0709,0.112,0.213,0.205,1,"MFN2"
"SLC37A3",0.071,0.101,0.363,0.357,1,"SLC37A3"
"CCN1",0.071,0.182,0.1,0.095,1,"CCN1"
"NPAS1",0.0711,-0.111,0.13,0.123,1,"NPAS1"
"ADRA1D",0.0712,0.184,0.011,0.009,1,"ADRA1D"
"CAMSAP3",0.0714,0.127,0.111,0.105,1,"CAMSAP3"
"GPC3",0.0715,-0.778,0.028,0.031,1,"GPC3"
"GATD1",0.0715,0.135,0.214,0.208,1,"GATD1"
"PRX",0.0716,0.201,0.01,0.009,1,"PRX"
"YKT6",0.0716,0.149,0.205,0.2,1,"YKT6"
"FHOD1",0.0719,0.196,0.035,0.032,1,"FHOD1"
"DCAF12",0.072,0.109,0.265,0.257,1,"DCAF12"
"ZNF446",0.0723,0.11,0.089,0.084,1,"ZNF446"
"MRPL10",0.0726,0.112,0.157,0.15,1,"MRPL10"
"C8orf76",0.0728,0.103,0.208,0.201,1,"C8orf76"
"BEST1",0.0731,0.41,0.023,0.02,1,"BEST1"
"MFSD5",0.0733,0.16,0.08,0.075,1,"MFSD5"
"NKRF",0.0733,0.116,0.155,0.148,1,"NKRF"
"PIGP",0.0734,0.13,0.178,0.172,1,"PIGP"
"KLHL17",0.0734,0.212,0.03,0.027,1,"KLHL17"
"RBM19",0.0743,0.113,0.204,0.197,1,"RBM19"
"CXCL17",0.0744,0.3,0.032,0.029,1,"CXCL17"
"FBXO44",0.0744,0.125,0.141,0.135,1,"FBXO44"
"PSMB10",0.0745,0.127,0.203,0.196,1,"PSMB10"
"PROSER1",0.0748,0.114,0.317,0.311,1,"PROSER1"
"ZNF773",0.0748,0.14,0.087,0.081,1,"ZNF773"
"ENGASE",0.0749,0.204,0.061,0.056,1,"ENGASE"
"ENSG00000279692",0.0749,0.202,0.029,0.026,1,"ENSG00000279692"
"NEURL4",0.075,0.106,0.097,0.092,1,"NEURL4"
"CAGE1",0.0752,-0.44,0.01,0.012,1,"CAGE1"
"PILRA",0.0753,0.161,0.11,0.104,1,"PILRA"
"FLVCR2",0.0754,0.228,0.017,0.015,1,"FLVCR2"
"ENSG00000273025",0.0756,0.241,0.01,0.008,1,"ENSG00000273025"
"MRI1",0.0757,0.174,0.075,0.071,1,"MRI1"
"DCC",0.0759,-0.311,0.06,0.065,1,"DCC"
"MANEAL",0.0759,0.145,0.196,0.189,1,"MANEAL"
"ATP7B",0.0761,0.152,0.155,0.149,1,"ATP7B"
"HIGD1B",0.0761,0.151,0.032,0.029,1,"HIGD1B"
"PBX2",0.0762,0.183,0.13,0.125,1,"PBX2"
"TRIB1",0.0762,-0.111,0.018,0.021,1,"TRIB1"
"NBPF9",0.0762,0.121,0.225,0.219,1,"NBPF9"
"INAFM2",0.0762,0.169,0.076,0.072,1,"INAFM2"
"TRAM1L1",0.0764,0.268,0.031,0.028,1,"TRAM1L1"
"OTOA",0.0766,-0.104,0.021,0.023,1,"OTOA"
"PLD5",0.0767,0.39,0.167,0.161,1,"PLD5"
"ZNF878",0.0767,-0.211,0.017,0.02,1,"ZNF878"
"CCNJL",0.0768,0.109,0.175,0.169,1,"CCNJL"
"ARHGAP6",0.0771,-0.312,0.016,0.018,1,"ARHGAP6"
"SLC25A30",0.0772,-0.16,0.075,0.08,1,"SLC25A30"
"ZNF382",0.0772,0.14,0.162,0.156,1,"ZNF382"
"ZSCAN16",0.0772,0.121,0.155,0.148,1,"ZSCAN16"
"ACSF3",0.0773,0.126,0.162,0.155,1,"ACSF3"
"PWAR1",0.0776,0.163,0.038,0.035,1,"PWAR1"
"USHBP1",0.0777,0.138,0.086,0.081,1,"USHBP1"
"SHKBP1",0.0778,0.109,0.11,0.104,1,"SHKBP1"
"REM2",0.0778,0.329,0.012,0.01,1,"REM2"
"MINDY1",0.0778,0.193,0.095,0.09,1,"MINDY1"
"CIB2",0.0783,0.136,0.171,0.165,1,"CIB2"
"TMEM97",0.0783,0.109,0.377,0.374,1,"TMEM97"
"ATAD2",0.0784,-0.102,0.388,0.395,1,"ATAD2"
"FAAH",0.0785,-0.109,0.035,0.039,1,"FAAH"
"ENSG00000280347",0.0786,0.242,0.014,0.012,1,"ENSG00000280347"
"SLC38A3",0.0786,-0.249,0.018,0.02,1,"SLC38A3"
"DRC3",0.0789,0.104,0.084,0.079,1,"DRC3"
"SHISA9",0.0789,-0.471,0.025,0.028,1,"SHISA9"
"DNAH10",0.079,0.141,0.155,0.149,1,"DNAH10"
"NEK11",0.0792,-0.172,0.058,0.063,1,"NEK11"
"PTPA",0.0797,0.121,0.234,0.228,1,"PTPA"
"LYL1",0.0799,0.369,0.011,0.009,1,"LYL1"
"CCDC157",0.0799,0.202,0.063,0.059,1,"CCDC157"
"WNT9A",0.0804,-0.173,0.015,0.017,1,"WNT9A"
"ZNF155",0.0805,0.104,0.403,0.4,1,"ZNF155"
"ECEL1",0.0805,0.236,0.01,0.009,1,"ECEL1"
"TOMM20L",0.0806,0.367,0.017,0.015,1,"TOMM20L"
"THAP4",0.0806,0.13,0.233,0.227,1,"THAP4"
"ITPRIPL2",0.0814,0.173,0.043,0.039,1,"ITPRIPL2"
"MFSD11",0.0814,0.113,0.361,0.356,1,"MFSD11"
"H2AC21",0.0815,-0.188,0.038,0.042,1,"H2AC21"
"HYLS1",0.0816,0.2,0.08,0.075,1,"HYLS1"
"TNFRSF10D",0.0816,0.332,0.01,0.008,1,"TNFRSF10D"
"TCEAL5",0.0817,0.372,0.041,0.038,1,"TCEAL5"
"PPP1R9B",0.0819,0.129,0.117,0.112,1,"PPP1R9B"
"BIN3",0.0819,0.114,0.235,0.229,1,"BIN3"
"ISY1",0.082,0.112,0.195,0.189,1,"ISY1"
"HDHD2",0.0822,0.102,0.375,0.37,1,"HDHD2"
"RIPOR2",0.0823,0.139,0.477,0.477,1,"RIPOR2"
"H2AC11",0.0823,-0.164,0.141,0.147,1,"H2AC11"
"P4HA3",0.0826,0.116,0.156,0.15,1,"P4HA3"
"GNAT2",0.0827,0.187,0.025,0.022,1,"GNAT2"
"CCNA1",0.0827,-0.414,0.031,0.034,1,"CCNA1"
"ENSG00000280432",0.083,0.116,0.025,0.028,1,"ENSG00000280432"
"WASHC1",0.0831,0.123,0.098,0.093,1,"WASHC1"
"NOD1",0.0831,0.161,0.07,0.066,1,"NOD1"
"WFS1",0.0832,0.151,0.052,0.048,1,"WFS1"
"GMFG",0.0832,0.2,0.022,0.019,1,"GMFG"
"NDST1",0.0838,0.141,0.262,0.257,1,"NDST1"
"ENTPD6",0.0841,0.165,0.12,0.115,1,"ENTPD6"
"HAPLN1",0.0843,0.475,0.013,0.015,1,"HAPLN1"
"RSPH6A",0.0845,0.199,0.01,0.008,1,"RSPH6A"
"KCTD4",0.0845,0.21,0.017,0.015,1,"KCTD4"
"KDM4D",0.0853,0.109,0.062,0.058,1,"KDM4D"
"CADPS2",0.0858,0.481,0.054,0.05,1,"CADPS2"
"GPR18",0.0862,0.264,0.027,0.024,1,"GPR18"
"SYT12",0.0863,0.436,0.013,0.011,1,"SYT12"
"LRRC19",0.0863,0.239,0.044,0.04,1,"LRRC19"
"SCGB1A1",0.0864,-0.397,0.011,0.013,1,"SCGB1A1"
"B3GAT1",0.0865,0.104,0.197,0.191,1,"B3GAT1"
"MAST3",0.0865,0.163,0.079,0.074,1,"MAST3"
"TMEM101",0.0866,0.108,0.134,0.128,1,"TMEM101"
"MFSD13A",0.0866,0.141,0.123,0.117,1,"MFSD13A"
"DUSP23",0.0868,-0.146,0.024,0.027,1,"DUSP23"
"PGAP3",0.087,0.107,0.061,0.056,1,"PGAP3"
"TSNARE1",0.0871,0.107,0.171,0.165,1,"TSNARE1"
"REXO1",0.0871,0.103,0.138,0.133,1,"REXO1"
"ADAMTSL1",0.0872,-0.112,0.067,0.062,1,"ADAMTSL1"
"CAPG",0.0876,0.154,0.027,0.024,1,"CAPG"
"TMEM204",0.0879,0.291,0.014,0.012,1,"TMEM204"
"LMOD1",0.088,-0.169,0.014,0.016,1,"LMOD1"
"PLA2G5",0.0884,0.14,0.025,0.023,1,"PLA2G5"
"FN3KRP",0.0887,0.119,0.228,0.221,1,"FN3KRP"
"CTDP1",0.0887,0.105,0.139,0.133,1,"CTDP1"
"BRME1",0.0889,-0.12,0.105,0.11,1,"BRME1"
"MT-TK",0.0889,0.256,0.021,0.018,1,"MT-TK"
"ENSG00000279233",0.0893,0.164,0.033,0.03,1,"ENSG00000279233"
"FTCDNL1",0.0893,0.136,0.019,0.017,1,"FTCDNL1"
"UBASH3B",0.0893,0.141,0.16,0.154,1,"UBASH3B"
"ZNF311",0.0893,0.493,0.01,0.008,1,"ZNF311"
"KCNH2",0.0895,0.136,0.046,0.042,1,"KCNH2"
"GALNT15",0.0896,-0.27,0.018,0.02,1,"GALNT15"
"ZNF319",0.0897,0.216,0.064,0.06,1,"ZNF319"
"ODAD2",0.0899,0.111,0.033,0.03,1,"ODAD2"
"IRF7",0.0903,0.256,0.032,0.029,1,"IRF7"
"KCNJ11",0.0905,-0.139,0.013,0.015,1,"KCNJ11"
"SLFNL1",0.0905,0.17,0.066,0.062,1,"SLFNL1"
"DDX25",0.0905,0.191,0.045,0.042,1,"DDX25"
"ZNF343",0.0906,0.114,0.087,0.082,1,"ZNF343"
"C8orf34",0.0907,-0.23,0.017,0.019,1,"C8orf34"
"HGF",0.0907,0.157,0.011,0.013,1,"HGF"
"MEIOC",0.091,0.211,0.037,0.034,1,"MEIOC"
"PPRC1",0.091,0.122,0.126,0.12,1,"PPRC1"
"ENSG00000278949",0.091,0.381,0.015,0.012,1,"ENSG00000278949"
"TMEM250",0.0915,0.143,0.142,0.137,1,"TMEM250"
"NEFH",0.0917,-0.16,0.017,0.019,1,"NEFH"
"WFDC3",0.092,-0.567,0.008,0.01,1,"WFDC3"
"TMEM213",0.0921,0.185,0.07,0.065,1,"TMEM213"
"MAP4K2",0.0925,0.16,0.079,0.074,1,"MAP4K2"
"ATP2A1",0.093,0.311,0.029,0.026,1,"ATP2A1"
"HGH1",0.0931,0.145,0.037,0.034,1,"HGH1"
"LRRC55",0.0932,0.183,0.031,0.028,1,"LRRC55"
"LPCAT4",0.0933,0.117,0.131,0.126,1,"LPCAT4"
"MDH1B",0.0934,0.152,0.039,0.036,1,"MDH1B"
"SNURF",0.0935,0.21,0.079,0.075,1,"SNURF"
"RGS7",0.0936,0.223,0.095,0.09,1,"RGS7"
"RASSF10",0.0938,0.111,0.02,0.018,1,"RASSF10"
"ZNF587",0.0938,0.118,0.17,0.164,1,"ZNF587"
"PPP4R4",0.0939,0.195,0.013,0.011,1,"PPP4R4"
"CES2",0.0944,0.118,0.183,0.176,1,"CES2"
"CENATAC",0.0946,0.109,0.38,0.378,1,"CENATAC"
"SLC29A3",0.0949,0.174,0.014,0.012,1,"SLC29A3"
"PEX16",0.0955,0.128,0.125,0.12,1,"PEX16"
"PRDM1",0.0956,-0.351,0.047,0.051,1,"PRDM1"
"PNPO",0.0957,0.238,0.032,0.029,1,"PNPO"
"TESK2",0.0959,-0.142,0.053,0.057,1,"TESK2"
"ACKR3",0.096,-0.697,0.051,0.054,1,"ACKR3"
"H3C11",0.0961,0.25,0.022,0.02,1,"H3C11"
"ZNF598",0.0963,0.115,0.122,0.116,1,"ZNF598"
"BTBD17",0.0964,0.208,0.095,0.09,1,"BTBD17"
"ZNF845",0.0966,0.174,0.086,0.081,1,"ZNF845"
"C5AR1",0.0967,0.22,0.014,0.012,1,"C5AR1"
"GLIPR1",0.0968,0.221,0.042,0.039,1,"GLIPR1"
"MAP3K6",0.097,-0.236,0.014,0.016,1,"MAP3K6"
"OGN",0.097,0.195,0.077,0.072,1,"OGN"
"LIPT1",0.0974,0.133,0.078,0.074,1,"LIPT1"
"MON1B",0.0975,0.105,0.259,0.253,1,"MON1B"
"BCO1",0.0976,-0.203,0.011,0.013,1,"BCO1"
"GUCY1A1",0.0976,-0.2,0.015,0.017,1,"GUCY1A1"
"SFRP1",0.0977,-0.139,0.386,0.387,1,"SFRP1"
"SPAG17",0.0978,-0.234,0.013,0.015,1,"SPAG17"
"SCAMP4",0.0978,0.12,0.235,0.229,1,"SCAMP4"
"ENSG00000279809",0.0987,0.29,0.014,0.012,1,"ENSG00000279809"
"SEMA6B",0.0988,-0.168,0.041,0.045,1,"SEMA6B"
"ELN",0.0988,0.193,0.064,0.06,1,"ELN"
"INSYN1",0.0989,-0.142,0.033,0.036,1,"INSYN1"
"FAAP24",0.099,-0.161,0.06,0.064,1,"FAAP24"
"AMPD2",0.0992,0.222,0.081,0.077,1,"AMPD2"
"HIPK4",0.0997,0.119,0.042,0.038,1,"HIPK4"
"NEURL1",0.0999,0.236,0.068,0.064,1,"NEURL1"
"KCNK12",0.1,0.182,0.064,0.06,1,"KCNK12"
"GFPT2",0.1,-0.179,0.061,0.065,1,"GFPT2"
"PLLP",0.1,0.137,0.046,0.042,1,"PLLP"
"KIAA1755",0.1,0.119,0.028,0.031,1,"KIAA1755"
"MESP1",0.1,0.156,0.128,0.123,1,"MESP1"
"ZNF749",0.101,0.113,0.064,0.06,1,"ZNF749"
"SNX15",0.101,0.102,0.206,0.2,1,"SNX15"
"CIBAR2",0.101,0.275,0.01,0.009,1,"CIBAR2"
"SAMD5",0.101,0.351,0.016,0.014,1,"SAMD5"
"ZNF747",0.102,0.206,0.063,0.059,1,"ZNF747"
"ADCK5",0.102,0.218,0.063,0.059,1,"ADCK5"
"KLHL15",0.102,-0.108,0.136,0.142,1,"KLHL15"
"LIPI",0.103,-0.115,0.058,0.062,1,"LIPI"
"FABP12",0.103,-0.201,0.036,0.04,1,"FABP12"
"LXN",0.104,0.217,0.04,0.037,1,"LXN"
"ZMYND10",0.104,-0.167,0.016,0.018,1,"ZMYND10"
"SLC8A3",0.104,0.15,0.019,0.016,1,"SLC8A3"
"CA8",0.104,-0.358,0.015,0.018,1,"CA8"
"TIGD3",0.104,-0.106,0.037,0.041,1,"TIGD3"
"NANS",0.105,0.103,0.154,0.149,1,"NANS"
"PCDHGA5",0.105,-0.197,0.011,0.013,1,"PCDHGA5"
"TMBIM1",0.105,0.283,0.03,0.027,1,"TMBIM1"
"OPN3",0.105,0.196,0.077,0.072,1,"OPN3"
"STEAP4",0.105,0.196,0.014,0.012,1,"STEAP4"
"ANGPTL3",0.106,-0.232,0.021,0.023,1,"ANGPTL3"
"LFNG",0.106,-0.243,0.057,0.061,1,"LFNG"
"ENSG00000279789",0.107,0.184,0.081,0.076,1,"ENSG00000279789"
"ENSG00000279407",0.107,0.101,0.062,0.058,1,"ENSG00000279407"
"IL18BP",0.107,0.18,0.03,0.027,1,"IL18BP"
"H2BC18",0.107,-0.286,0.079,0.083,1,"H2BC18"
"SHFL",0.107,0.185,0.103,0.098,1,"SHFL"
"TTPA",0.108,-0.276,0.064,0.068,1,"TTPA"
"NMB",0.108,0.256,0.149,0.143,1,"NMB"
"MRPL45",0.108,0.1,0.246,0.24,1,"MRPL45"
"RAB26",0.108,0.108,0.048,0.044,1,"RAB26"
"PLEKHB1",0.109,0.162,0.06,0.056,1,"PLEKHB1"
"SLC2A10",0.109,-0.182,0.047,0.05,1,"SLC2A10"
"FAM90A1",0.109,0.32,0.017,0.015,1,"FAM90A1"
"TEX35",0.109,-0.131,0.009,0.01,1,"TEX35"
"WDR93",0.109,-0.105,0.011,0.013,1,"WDR93"
"OLFML2B",0.109,-0.411,0.009,0.011,1,"OLFML2B"
"FMN1",0.11,0.102,0.013,0.011,1,"FMN1"
"SCN2B",0.11,0.201,0.013,0.011,1,"SCN2B"
"HAAO",0.11,0.192,0.028,0.025,1,"HAAO"
"KCNA2",0.11,-0.103,0.074,0.079,1,"KCNA2"
"APLN",0.11,-0.2,0.009,0.01,1,"APLN"
"ENSG00000278987",0.11,-0.165,0.021,0.023,1,"ENSG00000278987"
"GARIN1A",0.11,0.134,0.095,0.09,1,"GARIN1A"
"TBL3",0.111,0.128,0.083,0.078,1,"TBL3"
"SGSM1",0.111,0.111,0.047,0.043,1,"SGSM1"
"H2BC17",0.111,-0.153,0.034,0.037,1,"H2BC17"
"ENSG00000279019",0.111,0.188,0.05,0.046,1,"ENSG00000279019"
"NPM2",0.112,-0.106,0.023,0.026,1,"NPM2"
"PWWP2B",0.112,0.155,0.053,0.049,1,"PWWP2B"
"C11orf42",0.112,0.117,0.017,0.015,1,"C11orf42"
"EHD1",0.112,0.114,0.136,0.131,1,"EHD1"
"SLC43A2",0.112,0.1,0.113,0.108,1,"SLC43A2"
"ADGRE5",0.112,-0.352,0.011,0.012,1,"ADGRE5"
"HSD11B2",0.112,0.355,0.016,0.014,1,"HSD11B2"
"CLDN15",0.112,0.167,0.028,0.025,1,"CLDN15"
"PLAAT3",0.112,0.151,0.215,0.21,1,"PLAAT3"
"MFSD4A",0.112,0.155,0.081,0.076,1,"MFSD4A"
"NT5DC4",0.112,-0.274,0.015,0.017,1,"NT5DC4"
"PLIN4",0.113,0.316,0.01,0.008,1,"PLIN4"
"PANX2",0.113,0.162,0.029,0.026,1,"PANX2"
"C2orf72",0.113,-0.147,0.199,0.204,1,"C2orf72"
"C7orf31",0.113,0.193,0.057,0.054,1,"C7orf31"
"RBPMS2",0.113,0.162,0.032,0.029,1,"RBPMS2"
"PARS2",0.113,0.181,0.034,0.031,1,"PARS2"
"ZKSCAN8P1",0.113,0.577,0.012,0.01,1,"ZKSCAN8P1"
"GTF2E1",0.114,0.16,0.146,0.141,1,"GTF2E1"
"KAT2B",0.114,0.212,0.439,0.435,1,"KAT2B"
"SCN11A",0.114,0.161,0.035,0.032,1,"SCN11A"
"CASKIN2",0.114,0.177,0.075,0.071,1,"CASKIN2"
"CCDC74A",0.114,0.133,0.092,0.087,1,"CCDC74A"
"TUBA3FP",0.114,0.233,0.028,0.025,1,"TUBA3FP"
"KLHL10",0.114,0.444,0.01,0.008,1,"KLHL10"
"MALRD1",0.114,0.389,0.03,0.028,1,"MALRD1"
"YRDC",0.115,0.115,0.223,0.217,1,"YRDC"
"HECTD3",0.115,0.109,0.091,0.086,1,"HECTD3"
"MAP1S",0.116,0.102,0.174,0.168,1,"MAP1S"
"FAM83E",0.116,0.164,0.018,0.016,1,"FAM83E"
"MISP3",0.116,0.187,0.049,0.045,1,"MISP3"
"MAPK13",0.117,-0.366,0.009,0.01,1,"MAPK13"
"AIFM3",0.117,-0.387,0.008,0.01,1,"AIFM3"
"FAM186A",0.117,-0.136,0.018,0.02,1,"FAM186A"
"FBLN5",0.118,0.121,0.018,0.016,1,"FBLN5"
"TTC30B",0.118,0.244,0.054,0.05,1,"TTC30B"
"TRMT1L",0.118,0.106,0.234,0.228,1,"TRMT1L"
"SCN1B",0.118,0.175,0.022,0.02,1,"SCN1B"
"NRL",0.118,-0.18,0.046,0.05,1,"NRL"
"IGSF6",0.118,0.14,0.056,0.053,1,"IGSF6"
"ENSG00000279839",0.118,-0.277,0.009,0.011,1,"ENSG00000279839"
"ENSG00000279569",0.119,0.169,0.01,0.008,1,"ENSG00000279569"
"CA3",0.119,0.104,0.05,0.046,1,"CA3"
"PRRG2",0.12,0.273,0.011,0.009,1,"PRRG2"
"TRIB3",0.12,-0.111,0.037,0.041,1,"TRIB3"
"ENSG00000279464",0.12,0.13,0.01,0.008,1,"ENSG00000279464"
"COL9A3",0.12,0.106,0.058,0.054,1,"COL9A3"
"HS3ST4",0.12,-1.213,0.01,0.012,1,"HS3ST4"
"PEAK3",0.121,-0.213,0.012,0.014,1,"PEAK3"
"ENSG00000280239",0.121,0.118,0.068,0.064,1,"ENSG00000280239"
"MCF2",0.122,-0.179,0.045,0.048,1,"MCF2"
"FKBP14",0.122,0.109,0.185,0.18,1,"FKBP14"
"SLC22A4",0.122,0.178,0.05,0.046,1,"SLC22A4"
"ENSG00000285585",0.122,-0.263,0.012,0.014,1,"ENSG00000285585"
"GGA1",0.122,0.102,0.358,0.353,1,"GGA1"
"ALPL",0.122,-0.188,0.012,0.014,1,"ALPL"
"SMC1B",0.122,0.167,0.045,0.042,1,"SMC1B"
"SNAP47",0.122,0.108,0.241,0.235,1,"SNAP47"
"ALG10",0.123,0.129,0.082,0.078,1,"ALG10"
"GCH1",0.123,-0.115,0.012,0.014,1,"GCH1"
"ST8SIA3",0.124,-0.158,0.034,0.037,1,"ST8SIA3"
"WSCD1",0.124,0.126,0.223,0.217,1,"WSCD1"
"APOBEC3C",0.124,0.16,0.014,0.012,1,"APOBEC3C"
"PLAC8L1",0.124,0.101,0.06,0.056,1,"PLAC8L1"
"MICA",0.124,0.142,0.028,0.025,1,"MICA"
"FBXO41",0.124,0.157,0.066,0.062,1,"FBXO41"
"MED26",0.124,-0.145,0.071,0.075,1,"MED26"
"TRIM56",0.124,0.144,0.128,0.123,1,"TRIM56"
"ZNF776",0.124,0.145,0.207,0.202,1,"ZNF776"
"ENKD1",0.125,0.115,0.107,0.102,1,"ENKD1"
"ZBED9",0.125,0.148,0.053,0.049,1,"ZBED9"
"LGALSL",0.126,0.115,0.152,0.146,1,"LGALSL"
"ZFYVE28",0.126,0.113,0.04,0.037,1,"ZFYVE28"
"TMEM68",0.126,0.101,0.337,0.332,1,"TMEM68"
"WDR55",0.126,0.109,0.088,0.083,1,"WDR55"
"TMEM42",0.127,0.154,0.1,0.095,1,"TMEM42"
"MAPK12",0.127,0.129,0.114,0.11,1,"MAPK12"
"PPP1R12C",0.128,0.233,0.011,0.009,1,"PPP1R12C"
"TRPM4",0.128,0.199,0.035,0.032,1,"TRPM4"
"COASY",0.128,0.142,0.117,0.112,1,"COASY"
"ZNF547",0.129,0.126,0.079,0.075,1,"ZNF547"
"AKAP5",0.129,-0.291,0.099,0.103,1,"AKAP5"
"P2RX6",0.129,0.31,0.01,0.008,1,"P2RX6"
"ZNF579",0.129,0.127,0.172,0.167,1,"ZNF579"
"PYROXD2",0.13,0.274,0.017,0.015,1,"PYROXD2"
"EYS",0.13,-1.06,0.138,0.141,1,"EYS"
"ERRFI1",0.13,0.132,0.141,0.136,1,"ERRFI1"
"ANO8",0.131,0.149,0.198,0.192,1,"ANO8"
"KLF2",0.131,0.277,0.019,0.017,1,"KLF2"
"FXYD2",0.132,0.229,0.017,0.015,1,"FXYD2"
"IKZF1",0.132,-0.561,0.01,0.012,1,"IKZF1"
"ENSG00000280190",0.132,0.244,0.017,0.015,1,"ENSG00000280190"
"PDE4A",0.132,0.114,0.037,0.034,1,"PDE4A"
"CPNE4",0.132,0.352,0.126,0.122,1,"CPNE4"
"KANK2",0.132,0.12,0.087,0.083,1,"KANK2"
"RDM1",0.133,-0.186,0.04,0.043,1,"RDM1"
"PC",0.133,-0.111,0.11,0.114,1,"PC"
"LGALS3BP",0.133,0.212,0.16,0.156,1,"LGALS3BP"
"TNFSF12",0.133,0.125,0.083,0.079,1,"TNFSF12"
"ZNF182",0.133,0.111,0.069,0.065,1,"ZNF182"
"TIFA",0.134,-0.203,0.031,0.034,1,"TIFA"
"ZBTB47",0.135,-0.171,0.067,0.071,1,"ZBTB47"
"RWDD2B",0.136,0.134,0.051,0.048,1,"RWDD2B"
"TTC39A",0.136,0.235,0.025,0.023,1,"TTC39A"
"CTDSP1",0.136,0.155,0.164,0.159,1,"CTDSP1"
"C10orf90",0.136,0.504,0.02,0.017,1,"C10orf90"
"SPIN2B",0.136,0.118,0.127,0.122,1,"SPIN2B"
"MT-TP",0.137,-0.167,0.019,0.021,1,"MT-TP"
"SPIN3",0.137,0.131,0.198,0.193,1,"SPIN3"
"CTSH",0.137,0.268,0.098,0.104,1,"CTSH"
"DEDD2",0.138,0.107,0.102,0.098,1,"DEDD2"
"FHAD1",0.138,-0.223,0.014,0.016,1,"FHAD1"
"DNAH1",0.139,0.186,0.034,0.031,1,"DNAH1"
"ZNF416",0.14,0.165,0.053,0.05,1,"ZNF416"
"UNC119B",0.14,0.105,0.146,0.141,1,"UNC119B"
"DAPK2",0.14,-0.116,0.052,0.056,1,"DAPK2"
"SMYD5",0.141,-0.13,0.047,0.05,1,"SMYD5"
"RASGRP3",0.141,-0.177,0.008,0.01,1,"RASGRP3"
"CACNA2D2",0.141,-0.346,0.011,0.013,1,"CACNA2D2"
"PHKG1",0.141,0.131,0.096,0.092,1,"PHKG1"
"TWNK",0.141,0.192,0.047,0.044,1,"TWNK"
"GALNT18",0.142,-0.28,0.06,0.064,1,"GALNT18"
"PDGFRL",0.142,0.389,0.013,0.011,1,"PDGFRL"
"DNAJC28",0.142,0.268,0.045,0.042,1,"DNAJC28"
"GCNT7",0.142,0.159,0.058,0.054,1,"GCNT7"
"LINGO2",0.142,-0.824,0.03,0.028,1,"LINGO2"
"CLK3",0.143,0.117,0.21,0.205,1,"CLK3"
"KAT14",0.143,0.101,0.149,0.143,1,"KAT14"
"TACR3",0.143,0.468,0.011,0.009,1,"TACR3"
"ZNF396",0.145,0.265,0.034,0.031,1,"ZNF396"
"RFXANK",0.145,0.119,0.266,0.261,1,"RFXANK"
"LVRN",0.145,-0.28,0.016,0.018,1,"LVRN"
"CALN1",0.145,-0.287,0.043,0.046,1,"CALN1"
"PGAP4",0.145,0.128,0.067,0.064,1,"PGAP4"
"PCOLCE2",0.146,-0.175,0.016,0.018,1,"PCOLCE2"
"ENSG00000279138",0.146,0.249,0.013,0.012,1,"ENSG00000279138"
"PLCD1",0.146,0.114,0.061,0.058,1,"PLCD1"
"GSAP",0.146,0.3,0.016,0.014,1,"GSAP"
"HHIP",0.146,0.148,0.116,0.111,1,"HHIP"
"SHANK2",0.147,0.109,0.322,0.319,1,"SHANK2"
"TST",0.147,0.15,0.117,0.113,1,"TST"
"CCDC122",0.147,-0.428,0.015,0.017,1,"CCDC122"
"ACHE",0.147,0.267,0.01,0.008,1,"ACHE"
"MAGEE1",0.147,0.247,0.07,0.066,1,"MAGEE1"
"NFATC2",0.147,0.246,0.016,0.018,1,"NFATC2"
"PNPLA1",0.147,-0.278,0.014,0.016,1,"PNPLA1"
"CCDC51",0.148,0.102,0.123,0.119,1,"CCDC51"
"STARD6",0.148,0.254,0.018,0.016,1,"STARD6"
"C12orf75",0.148,0.108,0.3,0.295,1,"C12orf75"
"MDFI",0.148,0.164,0.145,0.14,1,"MDFI"
"C20orf203",0.148,-0.169,0.018,0.02,1,"C20orf203"
"LHFPL3",0.148,0.523,0.112,0.117,1,"LHFPL3"
"PLET1",0.149,0.125,0.022,0.019,1,"PLET1"
"KIF6",0.149,-0.258,0.018,0.02,1,"KIF6"
"MAPK8IP2",0.149,0.145,0.138,0.133,1,"MAPK8IP2"
"ZNFX1",0.149,0.124,0.271,0.266,1,"ZNFX1"
"VMAC",0.15,0.19,0.058,0.054,1,"VMAC"
"TNNI3",0.15,-0.323,0.011,0.013,1,"TNNI3"
"MRPS15",0.15,0.114,0.358,0.357,1,"MRPS15"
"TLR3",0.15,-0.132,0.011,0.013,1,"TLR3"
"C6orf163",0.151,-0.184,0.017,0.019,1,"C6orf163"
"ENSG00000279425",0.151,0.147,0.051,0.048,1,"ENSG00000279425"
"PBX3",0.151,0.301,0.531,0.524,1,"PBX3"
"MAFK",0.151,0.142,0.021,0.019,1,"MAFK"
"SLC47A2",0.151,0.194,0.045,0.042,1,"SLC47A2"
"MIDEAS",0.152,0.107,0.27,0.266,1,"MIDEAS"
"ARHGEF39",0.152,-0.16,0.062,0.065,1,"ARHGEF39"
"DCDC1",0.152,-0.124,0.084,0.088,1,"DCDC1"
"MPV17L",0.152,0.224,0.016,0.014,1,"MPV17L"
"TMEM169",0.152,0.11,0.185,0.18,1,"TMEM169"
"CHEK2",0.152,0.118,0.18,0.175,1,"CHEK2"
"ZNF418",0.152,0.105,0.097,0.092,1,"ZNF418"
"ZCCHC18",0.152,0.185,0.041,0.038,1,"ZCCHC18"
"ENSG00000279591",0.153,-0.234,0.01,0.011,1,"ENSG00000279591"
"CDCA8",0.153,-0.101,0.167,0.173,1,"CDCA8"
"SULT1A1",0.153,-0.207,0.012,0.014,1,"SULT1A1"
"STAB2",0.154,0.19,0.011,0.01,1,"STAB2"
"MOGS",0.154,0.107,0.169,0.164,1,"MOGS"
"ISY1-RAB43",0.154,0.203,0.014,0.012,1,"ISY1-RAB43"
"ABCC11",0.154,-0.222,0.011,0.013,1,"ABCC11"
"ENSG00000285641",0.154,0.151,0.017,0.015,1,"ENSG00000285641"
"HERC5",0.154,0.495,0.029,0.027,1,"HERC5"
"TSNAXIP1",0.154,0.139,0.042,0.039,1,"TSNAXIP1"
"RRH",0.154,-0.154,0.016,0.018,1,"RRH"
"DHFR",0.154,0.131,0.37,0.368,1,"DHFR"
"MED20",0.155,0.139,0.099,0.095,1,"MED20"
"STAT4",0.155,-0.145,0.032,0.035,1,"STAT4"
"SNAI2",0.155,0.181,0.019,0.017,1,"SNAI2"
"TMUB1",0.156,0.141,0.149,0.145,1,"TMUB1"
"ENSG00000279103",0.156,0.179,0.062,0.059,1,"ENSG00000279103"
"SARDH",0.156,0.241,0.01,0.009,1,"SARDH"
"MTUS2",0.157,0.111,0.017,0.019,1,"MTUS2"
"CRYM",0.157,0.37,0.034,0.037,1,"CRYM"
"SNCG",0.158,0.11,0.011,0.013,1,"SNCG"
"KLF16",0.159,0.118,0.046,0.043,1,"KLF16"
"SDCBP2",0.159,-0.131,0.051,0.054,1,"SDCBP2"
"CCDC125",0.16,0.314,0.029,0.026,1,"CCDC125"
"MON1A",0.16,0.111,0.09,0.086,1,"MON1A"
"MXD3",0.16,-0.127,0.2,0.204,1,"MXD3"
"CHGB",0.16,0.126,0.168,0.165,1,"CHGB"
"FAIM",0.161,0.117,0.07,0.066,1,"FAIM"
"MYH15",0.161,0.33,0.01,0.008,1,"MYH15"
"DOK3",0.161,0.154,0.04,0.037,1,"DOK3"
"ZNF8",0.161,0.118,0.264,0.259,1,"ZNF8"
"CDC25A",0.161,-0.101,0.121,0.125,1,"CDC25A"
"ZIC4",0.162,0.183,0.042,0.039,1,"ZIC4"
"JMJD8",0.162,0.125,0.101,0.097,1,"JMJD8"
"CNBD2",0.162,0.102,0.084,0.08,1,"CNBD2"
"ENSG00000291239",0.162,0.175,0.031,0.028,1,"ENSG00000291239"
"EIF3CL",0.162,0.118,0.018,0.016,1,"EIF3CL"
"ZNF385C",0.162,-0.28,0.008,0.01,1,"ZNF385C"
"GABRG3",0.164,-0.259,0.032,0.029,1,"GABRG3"
"OGDHL",0.164,0.268,0.011,0.01,1,"OGDHL"
"GCNA",0.164,0.116,0.111,0.106,1,"GCNA"
"MEIS2",0.165,-0.211,0.652,0.652,1,"MEIS2"
"DUSP19",0.165,0.11,0.055,0.052,1,"DUSP19"
"PCDHGA10",0.165,0.172,0.342,0.342,1,"PCDHGA10"
"DLL3",0.166,0.589,0.367,0.365,1,"DLL3"
"ZNF282",0.167,0.116,0.135,0.131,1,"ZNF282"
"APOL2",0.167,0.121,0.056,0.052,1,"APOL2"
"RNASEL",0.168,0.156,0.029,0.027,1,"RNASEL"
"TMC6",0.168,0.378,0.015,0.013,1,"TMC6"
"CD109",0.169,0.254,0.011,0.01,1,"CD109"
"RPP40",0.169,0.155,0.091,0.087,1,"RPP40"
"MT1G",0.169,0.451,0.009,0.01,1,"MT1G"
"SLC46A3",0.169,0.145,0.053,0.05,1,"SLC46A3"
"SPEG",0.17,0.138,0.073,0.069,1,"SPEG"
"PROCA1",0.17,-0.106,0.054,0.058,1,"PROCA1"
"ANG",0.171,-0.153,0.062,0.066,1,"ANG"
"TAS2R1",0.171,-0.166,0.009,0.011,1,"TAS2R1"
"INO80B",0.171,0.132,0.092,0.088,1,"INO80B"
"NXPH3",0.171,0.154,0.02,0.018,1,"NXPH3"
"CPNE5",0.172,-0.218,0.059,0.062,1,"CPNE5"
"HID1",0.172,0.104,0.088,0.085,1,"HID1"
"GHRL",0.173,0.219,0.035,0.032,1,"GHRL"
"GRAMD2B",0.173,-0.183,0.047,0.05,1,"GRAMD2B"
"PTPRT",0.173,0.208,0.039,0.036,1,"PTPRT"
"GARIN1B",0.173,0.145,0.012,0.01,1,"GARIN1B"
"ZBTB14",0.173,0.122,0.176,0.172,1,"ZBTB14"
"LEMD2",0.173,0.123,0.193,0.188,1,"LEMD2"
"TIRAP",0.173,0.136,0.091,0.087,1,"TIRAP"
"NALF2",0.174,-0.152,0.012,0.014,1,"NALF2"
"CPEB1",0.174,0.22,0.057,0.054,1,"CPEB1"
"BRSK2",0.174,0.108,0.227,0.222,1,"BRSK2"
"LYSMD4",0.175,0.167,0.102,0.098,1,"LYSMD4"
"KLF9",0.175,0.119,0.198,0.194,1,"KLF9"
"PM20D1",0.175,0.208,0.035,0.033,1,"PM20D1"
"ROBO1",0.175,0.102,0.709,0.707,1,"ROBO1"
"PIGK",0.176,0.103,0.326,0.322,1,"PIGK"
"AXDND1",0.176,0.113,0.021,0.019,1,"AXDND1"
"NIPAL1",0.177,0.135,0.01,0.011,1,"NIPAL1"
"TSSK6",0.177,0.27,0.017,0.015,1,"TSSK6"
"IFT46",0.177,0.124,0.229,0.224,1,"IFT46"
"CDHR2",0.177,0.31,0.026,0.024,1,"CDHR2"
"RNF113A",0.178,0.135,0.136,0.132,1,"RNF113A"
"MEPCE",0.178,-0.119,0.016,0.018,1,"MEPCE"
"SH3BGR",0.178,0.122,0.101,0.096,1,"SH3BGR"
"ZNF841",0.178,0.105,0.062,0.059,1,"ZNF841"
"CCDC102A",0.178,0.233,0.039,0.036,1,"CCDC102A"
"MAP7D2",0.179,-0.243,0.018,0.02,1,"MAP7D2"
"EIF2B2",0.18,0.113,0.226,0.222,1,"EIF2B2"
"RAB40B",0.181,0.122,0.187,0.183,1,"RAB40B"
"SIX3",0.182,-0.181,0.224,0.216,1,"SIX3"
"KLF6",0.182,0.118,0.331,0.329,1,"KLF6"
"LIMK2",0.183,0.101,0.148,0.143,1,"LIMK2"
"NAAA",0.183,-0.148,0.033,0.035,1,"NAAA"
"NOTCH2NLB",0.183,-0.309,0.011,0.012,1,"NOTCH2NLB"
"ART3",0.184,0.211,0.02,0.018,1,"ART3"
"ENSG00000272916",0.184,0.354,0.013,0.012,1,"ENSG00000272916"
"SERPINE3",0.185,0.203,0.071,0.068,1,"SERPINE3"
"RPS6KB2",0.185,0.103,0.115,0.11,1,"RPS6KB2"
"PNPLA3",0.185,0.103,0.053,0.049,1,"PNPLA3"
"SLC25A19",0.185,0.189,0.049,0.046,1,"SLC25A19"
"FBXW4",0.185,-0.16,0.017,0.019,1,"FBXW4"
"CACNA1A",0.186,0.11,0.062,0.059,1,"CACNA1A"
"PCIF1",0.186,0.102,0.196,0.19,1,"PCIF1"
"NOCT",0.187,0.118,0.287,0.283,1,"NOCT"
"ITGA10",0.187,-0.299,0.009,0.011,1,"ITGA10"
"NTNG2",0.188,-0.155,0.034,0.037,1,"NTNG2"
"ZNF30",0.188,0.128,0.107,0.103,1,"ZNF30"
"ZFP36",0.188,0.126,0.073,0.07,1,"ZFP36"
"ZNF287",0.188,0.122,0.152,0.147,1,"ZNF287"
"DCHS1",0.188,0.11,0.319,0.316,1,"DCHS1"
"FAM246C",0.189,0.124,0.054,0.051,1,"FAM246C"
"NOTCH2NLR",0.19,0.149,0.028,0.025,1,"NOTCH2NLR"
"PRORP",0.191,0.182,0.032,0.03,1,"PRORP"
"IDUA",0.191,0.217,0.045,0.042,1,"IDUA"
"CNGA4",0.191,-0.411,0.012,0.014,1,"CNGA4"
"VPS37C",0.192,0.146,0.106,0.102,1,"VPS37C"
"ASB14",0.192,0.117,0.079,0.075,1,"ASB14"
"PWAR5",0.193,0.141,0.147,0.143,1,"PWAR5"
"SYT13",0.193,-0.185,0.02,0.022,1,"SYT13"
"IGFBP4",0.194,0.112,0.154,0.16,1,"IGFBP4"
"KCNIP4",0.195,-0.168,0.15,0.154,1,"KCNIP4"
"LIPT2",0.195,-0.182,0.025,0.028,1,"LIPT2"
"ATP7A",0.195,0.114,0.209,0.204,1,"ATP7A"
"CPVL",0.196,0.115,0.041,0.038,1,"CPVL"
"SENP3",0.196,0.103,0.141,0.136,1,"SENP3"
"EME1",0.197,-0.13,0.07,0.073,1,"EME1"
"AGMO",0.197,-0.322,0.008,0.01,1,"AGMO"
"HMGB1P1",0.198,-0.38,0.021,0.023,1,"HMGB1P1"
"PEX11A",0.198,-0.165,0.108,0.111,1,"PEX11A"
"MYO15A",0.199,-0.233,0.011,0.013,1,"MYO15A"
"RAB32",0.199,0.148,0.084,0.081,1,"RAB32"
"MUS81",0.2,0.11,0.318,0.314,1,"MUS81"
"TMPRSS11A",0.2,0.317,0.026,0.024,1,"TMPRSS11A"
"SNTB1",0.2,-0.163,0.092,0.096,1,"SNTB1"
"ANKLE1",0.2,-0.16,0.013,0.014,1,"ANKLE1"
"POGLUT1",0.201,0.101,0.218,0.214,1,"POGLUT1"
"FANCD2OS",0.201,0.176,0.027,0.025,1,"FANCD2OS"
"FBXL15",0.201,0.134,0.174,0.17,1,"FBXL15"
"LZTS3",0.201,0.113,0.069,0.065,1,"LZTS3"
"TMEM88",0.201,0.257,0.017,0.015,1,"TMEM88"
"ANKRD18B",0.201,0.463,0.015,0.013,1,"ANKRD18B"
"ENSG00000279207",0.202,0.1,0.111,0.107,1,"ENSG00000279207"
"ENSG00000279632",0.202,0.208,0.016,0.015,1,"ENSG00000279632"
"FLT4",0.203,-0.29,0.009,0.01,1,"FLT4"
"BTBD18",0.203,0.112,0.041,0.039,1,"BTBD18"
"ACKR1",0.203,0.108,0.014,0.012,1,"ACKR1"
"TINCR",0.203,0.175,0.034,0.032,1,"TINCR"
"MYOM1",0.203,-0.227,0.024,0.026,1,"MYOM1"
"COQ8B",0.204,0.115,0.193,0.189,1,"COQ8B"
"PPFIBP1",0.204,-0.227,0.234,0.237,1,"PPFIBP1"
"P2RY12",0.204,0.424,0.049,0.046,1,"P2RY12"
"ZNF57",0.204,0.108,0.033,0.03,1,"ZNF57"
"TRABD2A",0.205,0.479,0.01,0.009,1,"TRABD2A"
"ALDOA",0.205,-0.201,0.052,0.055,1,"ALDOA"
"ELL2",0.207,0.218,0.035,0.033,1,"ELL2"
"SPDYE6",0.207,0.291,0.012,0.01,1,"SPDYE6"
"SPR",0.207,0.196,0.022,0.02,1,"SPR"
"GDPD5",0.208,-0.142,0.018,0.02,1,"GDPD5"
"THBS2",0.208,-0.286,0.028,0.031,1,"THBS2"
"SCRN2",0.209,0.122,0.11,0.106,1,"SCRN2"
"ALOX12",0.209,0.114,0.028,0.026,1,"ALOX12"
"CRIP3",0.209,0.38,0.014,0.012,1,"CRIP3"
"CAPN6",0.21,0.232,0.017,0.015,1,"CAPN6"
"FXYD7",0.211,0.548,0.023,0.021,1,"FXYD7"
"INPP5J",0.211,0.187,0.012,0.011,1,"INPP5J"
"C2orf15",0.211,0.231,0.018,0.016,1,"C2orf15"
"ZSCAN21",0.212,0.106,0.236,0.231,1,"ZSCAN21"
"MREG",0.213,0.104,0.128,0.124,1,"MREG"
"SLC25A43",0.215,-0.235,0.069,0.073,1,"SLC25A43"
"TSSK3",0.215,0.106,0.032,0.03,1,"TSSK3"
"GPR35",0.217,0.336,0.01,0.008,1,"GPR35"
"TMEM272",0.218,0.111,0.011,0.01,1,"TMEM272"
"IGFBP6",0.218,-0.258,0.011,0.012,1,"IGFBP6"
"RGS11",0.219,0.121,0.049,0.046,1,"RGS11"
"ASTE1",0.219,0.402,0.018,0.016,1,"ASTE1"
"PYGL",0.219,-0.139,0.052,0.054,1,"PYGL"
"CUBN",0.22,0.134,0.086,0.083,1,"CUBN"
"GM2A",0.22,0.112,0.068,0.065,1,"GM2A"
"EVI2A",0.22,0.19,0.036,0.033,1,"EVI2A"
"CCDC148",0.221,-0.136,0.1,0.104,1,"CCDC148"
"C16orf86",0.221,0.188,0.015,0.014,1,"C16orf86"
"ERAP2",0.225,-0.139,0.032,0.034,1,"ERAP2"
"ENSG00000271254",0.225,0.13,0.292,0.29,1,"ENSG00000271254"
"EID2B",0.226,0.124,0.202,0.198,1,"EID2B"
"ZNF468",0.226,0.124,0.068,0.065,1,"ZNF468"
"FLT3LG",0.227,-0.178,0.011,0.013,1,"FLT3LG"
"JMJD7",0.228,0.101,0.026,0.024,1,"JMJD7"
"SIRT4",0.229,-0.119,0.043,0.046,1,"SIRT4"
"C2CD4C",0.229,0.185,0.03,0.028,1,"C2CD4C"
"MICAL2",0.23,0.202,0.012,0.011,1,"MICAL2"
"POGLUT3",0.231,-0.105,0.102,0.106,1,"POGLUT3"
"CXCL14",0.233,0.421,0.116,0.119,1,"CXCL14"
"ZNF786",0.235,0.109,0.17,0.166,1,"ZNF786"
"CASS4",0.235,0.331,0.011,0.009,1,"CASS4"
"PTRHD1",0.235,0.109,0.298,0.296,1,"PTRHD1"
"FOXO4",0.235,0.245,0.011,0.009,1,"FOXO4"
"DPH1",0.235,0.144,0.068,0.064,1,"DPH1"
"PALMD",0.236,-0.146,0.046,0.043,1,"PALMD"
"ZNF385D",0.237,0.194,0.287,0.287,1,"ZNF385D"
"SRRD",0.237,0.115,0.165,0.161,1,"SRRD"
"EPHX2",0.237,-0.307,0.038,0.04,1,"EPHX2"
"PDZD2",0.237,0.122,0.151,0.147,1,"PDZD2"
"SERINC2",0.238,0.221,0.042,0.04,1,"SERINC2"
"TUBB1",0.239,0.269,0.011,0.01,1,"TUBB1"
"ENSG00000260643",0.239,0.254,0.011,0.01,1,"ENSG00000260643"
"ZFHX2",0.239,0.114,0.413,0.412,1,"ZFHX2"
"PHF11",0.239,0.183,0.067,0.064,1,"PHF11"
"ENSG00000258465",0.241,0.172,0.06,0.057,1,"ENSG00000258465"
"LRRC20",0.241,0.101,0.206,0.202,1,"LRRC20"
"ABCA4",0.241,0.458,0.016,0.014,1,"ABCA4"
"SELENOV",0.242,0.266,0.013,0.012,1,"SELENOV"
"TNK1",0.242,0.316,0.015,0.014,1,"TNK1"
"SDS",0.242,0.271,0.018,0.017,1,"SDS"
"TSPAN16",0.242,0.268,0.015,0.014,1,"TSPAN16"
"FRMPD4",0.244,-0.364,0.009,0.01,1,"FRMPD4"
"KICS2",0.245,0.188,0.032,0.03,1,"KICS2"
"ASPN",0.245,0.116,0.084,0.081,1,"ASPN"
"ST3GAL4",0.246,0.105,0.199,0.195,1,"ST3GAL4"
"ENSG00000279089",0.249,-0.114,0.039,0.041,1,"ENSG00000279089"
"AGER",0.249,0.243,0.028,0.026,1,"AGER"
"OSBPL10",0.249,-0.302,0.03,0.032,1,"OSBPL10"
"HES6",0.25,0.121,0.572,0.583,1,"HES6"
"ENSG00000279069",0.25,-0.164,0.031,0.033,1,"ENSG00000279069"
"KCTD12",0.251,-0.191,0.076,0.079,1,"KCTD12"
"EVC",0.251,0.148,0.266,0.263,1,"EVC"
"CCDC110",0.252,-0.111,0.011,0.013,1,"CCDC110"
"STON2",0.253,-0.114,0.314,0.317,1,"STON2"
"ZNF280D",0.253,0.206,0.016,0.015,1,"ZNF280D"
"LRCH4",0.253,0.136,0.064,0.061,1,"LRCH4"
"ZBTB39",0.254,0.122,0.104,0.101,1,"ZBTB39"
"DEGS2",0.254,-0.181,0.019,0.02,1,"DEGS2"
"ANK1",0.255,0.132,0.016,0.015,1,"ANK1"
"CHGA",0.255,0.21,0.033,0.031,1,"CHGA"
"HLA-DPB1",0.256,0.375,0.019,0.017,1,"HLA-DPB1"
"FKBP5",0.256,-0.156,0.061,0.064,1,"FKBP5"
"LSR",0.256,0.122,0.032,0.03,1,"LSR"
"POU2F2",0.257,0.138,0.202,0.2,1,"POU2F2"
"ENSG00000279659",0.257,-0.175,0.01,0.011,1,"ENSG00000279659"
"ENSG00000279917",0.258,0.168,0.02,0.018,1,"ENSG00000279917"
"PRKCD",0.258,0.116,0.021,0.02,1,"PRKCD"
"C15orf48",0.259,-0.134,0.01,0.009,1,"C15orf48"
"GXYLT2",0.26,0.168,0.046,0.043,1,"GXYLT2"
"CPHXL2",0.26,0.24,0.022,0.02,1,"CPHXL2"
"DNAAF8",0.26,0.113,0.035,0.033,1,"DNAAF8"
"FAM177B",0.262,0.432,0.01,0.008,1,"FAM177B"
"GEMIN7",0.263,0.212,0.093,0.09,1,"GEMIN7"
"LRP2",0.263,-0.4,0.015,0.017,1,"LRP2"
"TRIM67",0.263,-0.261,0.011,0.012,1,"TRIM67"
"AGAP4",0.264,0.131,0.175,0.172,1,"AGAP4"
"CDR2L",0.264,0.12,0.133,0.13,1,"CDR2L"
"CRAT",0.265,0.137,0.154,0.15,1,"CRAT"
"NUP62CL",0.265,0.234,0.024,0.022,1,"NUP62CL"
"KCNK1",0.267,-0.4,0.01,0.011,1,"KCNK1"
"MYO1F",0.268,-0.149,0.046,0.048,1,"MYO1F"
"ENSG00000279541",0.268,0.107,0.115,0.111,1,"ENSG00000279541"
"CAMK1",0.269,0.146,0.215,0.212,1,"CAMK1"
"ERFE",0.269,-0.148,0.012,0.013,1,"ERFE"
"ALDH1B1",0.269,0.121,0.053,0.05,1,"ALDH1B1"
"TMEM8B",0.271,0.111,0.17,0.167,1,"TMEM8B"
"FRMD3",0.272,-0.104,0.216,0.22,1,"FRMD3"
"FAM43A",0.272,-0.324,0.012,0.013,1,"FAM43A"
"ZSCAN32",0.272,0.106,0.144,0.141,1,"ZSCAN32"
"VSTM2A",0.272,0.179,0.046,0.043,1,"VSTM2A"
"SIGMAR1",0.273,0.112,0.145,0.141,1,"SIGMAR1"
"RASEF",0.273,0.361,0.012,0.011,1,"RASEF"
"CHRM4",0.273,0.177,0.038,0.036,1,"CHRM4"
"SPSB2",0.274,-0.115,0.057,0.06,1,"SPSB2"
"PNCK",0.274,-0.188,0.046,0.048,1,"PNCK"
"CPLANE2",0.275,0.2,0.024,0.022,1,"CPLANE2"
"H2BC15",0.275,-0.146,0.086,0.089,1,"H2BC15"
"DSCAM",0.275,0.227,0.143,0.139,1,"DSCAM"
"CYP27A1",0.276,0.142,0.039,0.037,1,"CYP27A1"
"C19orf54",0.277,0.111,0.045,0.042,1,"C19orf54"
"JDP2",0.277,0.229,0.099,0.096,1,"JDP2"
"AMER3",0.279,-0.126,0.023,0.025,1,"AMER3"
"PCDH1",0.279,-0.172,0.03,0.032,1,"PCDH1"
"SPDYE2B",0.279,0.221,0.015,0.014,1,"SPDYE2B"
"ASAH2",0.28,0.127,0.012,0.011,1,"ASAH2"
"DENND2C",0.28,0.288,0.023,0.021,1,"DENND2C"
"PEX11G",0.281,0.174,0.029,0.027,1,"PEX11G"
"TF",0.281,-0.188,0.015,0.016,1,"TF"
"RAB3B",0.282,0.223,0.025,0.023,1,"RAB3B"
"ZSCAN2",0.282,0.122,0.135,0.132,1,"ZSCAN2"
"ARG1",0.282,0.121,0.027,0.026,1,"ARG1"
"CLIC2",0.283,0.12,0.07,0.067,1,"CLIC2"
"ENO3",0.284,-0.335,0.011,0.013,1,"ENO3"
"ZSWIM1",0.285,0.121,0.027,0.029,1,"ZSWIM1"
"ENSG00000289720",0.285,-0.124,0.013,0.014,1,"ENSG00000289720"
"GJA9",0.286,0.123,0.053,0.051,1,"GJA9"
"OTUD1",0.286,0.123,0.075,0.072,1,"OTUD1"
"CYP51A1",0.286,0.124,0.598,0.602,1,"CYP51A1"
"IL18",0.286,0.171,0.023,0.021,1,"IL18"
"SPDYE12",0.286,0.146,0.034,0.032,1,"SPDYE12"
"TMEM74",0.286,0.13,0.019,0.018,1,"TMEM74"
"F8",0.287,-0.101,0.059,0.061,1,"F8"
"OPN1SW",0.288,0.281,0.017,0.015,1,"OPN1SW"
"YY2",0.29,0.123,0.019,0.018,1,"YY2"
"ENSG00000279456",0.291,0.134,0.044,0.042,1,"ENSG00000279456"
"DHCR24",0.292,0.11,0.219,0.217,1,"DHCR24"
"TG",0.293,-0.345,0.009,0.01,1,"TG"
"SYCP3",0.294,0.143,0.1,0.097,1,"SYCP3"
"ZNF114",0.294,0.102,0.067,0.065,1,"ZNF114"
"IRAK2",0.294,-0.21,0.031,0.033,1,"IRAK2"
"CFAP61",0.294,-0.118,0.034,0.032,1,"CFAP61"
"CRISPLD2",0.294,-0.166,0.012,0.013,1,"CRISPLD2"
"ST6GAL2",0.295,0.463,0.259,0.261,1,"ST6GAL2"
"ANKRD53",0.296,-0.203,0.012,0.013,1,"ANKRD53"
"COL16A1",0.296,0.321,0.019,0.017,1,"COL16A1"
"DLGAP1",0.297,0.16,0.832,0.844,1,"DLGAP1"
"ACSL3",0.298,0.126,0.725,0.731,1,"ACSL3"
"TMEM179",0.298,0.216,0.045,0.043,1,"TMEM179"
"ZNF677",0.298,0.123,0.305,0.304,1,"ZNF677"
"GOLGA8M",0.3,-0.149,0.047,0.05,1,"GOLGA8M"
"FAM72D",0.3,-0.103,0.045,0.047,1,"FAM72D"
"DLEC1",0.301,0.121,0.018,0.016,1,"DLEC1"
"EFEMP1",0.301,0.852,0.037,0.035,1,"EFEMP1"
"DNAJC15",0.302,0.183,0.081,0.078,1,"DNAJC15"
"TCTN2",0.303,-0.109,0.098,0.101,1,"TCTN2"
"POPDC2",0.304,-0.227,0.012,0.013,1,"POPDC2"
"RPL36A-HNRNPH2",0.304,-0.281,0.01,0.011,1,"RPL36A-HNRNPH2"
"SMIM45",0.304,0.141,0.061,0.059,1,"SMIM45"
"PRSS35",0.304,-0.203,0.025,0.027,1,"PRSS35"
"STPG4",0.305,0.158,0.07,0.068,1,"STPG4"
"RGS2",0.307,-0.204,0.089,0.091,1,"RGS2"
"ZNF613",0.307,0.122,0.073,0.07,1,"ZNF613"
"C14orf93",0.308,0.17,0.102,0.099,1,"C14orf93"
"ENSG00000280067",0.308,0.159,0.025,0.024,1,"ENSG00000280067"
"ELAPOR1",0.309,-0.13,0.059,0.061,1,"ELAPOR1"
"PTPRG",0.31,-0.162,0.474,0.476,1,"PTPRG"
"CAPN5",0.311,0.111,0.114,0.111,1,"CAPN5"
"ENSG00000279267",0.311,0.183,0.048,0.046,1,"ENSG00000279267"
"PLPPR3",0.312,0.11,0.299,0.299,1,"PLPPR3"
"CDKL2",0.312,0.11,0.117,0.114,1,"CDKL2"
"INF2",0.314,0.149,0.059,0.056,1,"INF2"
"PLCXD1",0.314,0.11,0.109,0.106,1,"PLCXD1"
"HSD17B8",0.315,-0.1,0.041,0.043,1,"HSD17B8"
"FMNL2",0.318,0.108,0.633,0.649,1,"FMNL2"
"HCG22",0.319,0.197,0.01,0.011,1,"HCG22"
"MRAP",0.319,0.226,0.014,0.013,1,"MRAP"
"LINC00672",0.32,0.135,0.08,0.078,1,"LINC00672"
"KMT5C",0.32,0.129,0.158,0.155,1,"KMT5C"
"STX1B",0.321,0.119,0.126,0.123,1,"STX1B"
"TESC",0.322,0.212,0.012,0.011,1,"TESC"
"ABCC2",0.323,0.115,0.011,0.013,1,"ABCC2"
"PYCR3",0.324,0.121,0.044,0.042,1,"PYCR3"
"LEFTY1",0.324,0.29,0.013,0.012,1,"LEFTY1"
"BDNF",0.324,-0.643,0.014,0.015,1,"BDNF"
"APEX2",0.324,0.137,0.064,0.062,1,"APEX2"
"PPP1R36",0.324,-0.13,0.01,0.011,1,"PPP1R36"
"CPT1A",0.324,0.104,0.076,0.073,1,"CPT1A"
"PLA2G4C",0.325,0.155,0.039,0.038,1,"PLA2G4C"
"MIEF2",0.325,0.135,0.064,0.061,1,"MIEF2"
"ENSG00000266918",0.325,0.246,0.028,0.026,1,"ENSG00000266918"
"ANGPTL4",0.326,-0.466,0.028,0.03,1,"ANGPTL4"
"ZNF846",0.326,0.115,0.17,0.167,1,"ZNF846"
"GRIN3A",0.326,0.143,0.019,0.017,1,"GRIN3A"
"BMF",0.327,0.287,0.017,0.015,1,"BMF"
"HCN2",0.327,0.28,0.029,0.027,1,"HCN2"
"TPK1",0.33,0.171,0.085,0.083,1,"TPK1"
"SP5",0.33,0.16,0.032,0.03,1,"SP5"
"SLC8B1",0.33,0.261,0.046,0.044,1,"SLC8B1"
"ZNF528",0.332,0.116,0.043,0.041,1,"ZNF528"
"ECT2L",0.332,0.115,0.094,0.092,1,"ECT2L"
"ZNF597",0.333,0.102,0.029,0.027,1,"ZNF597"
"ENSG00000285938",0.333,0.239,0.014,0.013,1,"ENSG00000285938"
"ZNF624",0.334,0.125,0.184,0.182,1,"ZNF624"
"ITGA11",0.334,-0.179,0.009,0.01,1,"ITGA11"
"ZNF354C",0.334,0.16,0.165,0.163,1,"ZNF354C"
"NPHP4",0.335,0.111,0.19,0.186,1,"NPHP4"
"CA14",0.335,0.119,0.147,0.144,1,"CA14"
"HPCAL4",0.336,0.145,0.018,0.019,1,"HPCAL4"
"COL4A3",0.336,0.116,0.034,0.032,1,"COL4A3"
"DEPDC7",0.337,0.165,0.036,0.034,1,"DEPDC7"
"DIABLO",0.337,-0.27,0.025,0.026,1,"DIABLO"
"BRICD5",0.339,0.211,0.018,0.017,1,"BRICD5"
"IL17RA",0.339,0.131,0.106,0.103,1,"IL17RA"
"PI15",0.339,0.158,0.011,0.01,1,"PI15"
"RAPGEF4",0.339,-0.1,0.093,0.096,1,"RAPGEF4"
"HOGA1",0.339,-0.131,0.03,0.032,1,"HOGA1"
"GSTM4",0.34,0.121,0.081,0.078,1,"GSTM4"
"CFAP58",0.341,-0.126,0.009,0.01,1,"CFAP58"
"HAPLN4",0.341,0.15,0.019,0.017,1,"HAPLN4"
"TLCD4-RWDD3",0.341,-0.148,0.013,0.014,1,"TLCD4-RWDD3"
"ADAM21",0.343,-0.138,0.021,0.02,1,"ADAM21"
"FRAT2",0.344,0.112,0.12,0.117,1,"FRAT2"
"TLL2",0.344,0.27,0.015,0.014,1,"TLL2"
"DMPK",0.345,0.129,0.136,0.132,1,"DMPK"
"ZIM2",0.346,0.37,0.018,0.016,1,"ZIM2"
"REC8",0.346,0.146,0.021,0.02,1,"REC8"
"CAPN3",0.347,0.152,0.022,0.02,1,"CAPN3"
"MRPL53",0.348,0.158,0.037,0.036,1,"MRPL53"
"PAH",0.349,0.135,0.04,0.038,1,"PAH"
"LAMB3",0.349,0.262,0.013,0.012,1,"LAMB3"
"SLC16A10",0.349,-0.148,0.052,0.054,1,"SLC16A10"
"LOXL2",0.35,-0.101,0.069,0.072,1,"LOXL2"
"SHISA8",0.351,0.177,0.009,0.01,1,"SHISA8"
"ZNF768",0.351,0.145,0.093,0.091,1,"ZNF768"
"GINS3",0.355,-0.236,0.127,0.13,1,"GINS3"
"FBXO48",0.356,0.161,0.048,0.046,1,"FBXO48"
"ENPP5",0.356,-0.123,0.022,0.02,1,"ENPP5"
"RGPD3",0.356,0.171,0.014,0.012,1,"RGPD3"
"ALPK1",0.357,-0.285,0.011,0.012,1,"ALPK1"
"GJB7",0.357,0.22,0.044,0.043,1,"GJB7"
"BORCS6",0.358,0.181,0.067,0.065,1,"BORCS6"
"DECR2",0.358,0.144,0.047,0.045,1,"DECR2"
"SLC25A44",0.359,0.104,0.14,0.137,1,"SLC25A44"
"CEL",0.359,0.135,0.013,0.012,1,"CEL"
"ENSG00000279495",0.36,0.116,0.051,0.049,1,"ENSG00000279495"
"KIAA1614",0.361,0.171,0.055,0.053,1,"KIAA1614"
"C11orf98",0.361,0.193,0.011,0.01,1,"C11orf98"
"ENSG00000288674",0.361,0.111,0.011,0.01,1,"ENSG00000288674"
"H2AC6",0.362,-0.274,0.177,0.174,1,"H2AC6"
"SLC1A6",0.362,0.136,0.018,0.017,1,"SLC1A6"
"ZNF17",0.363,0.102,0.058,0.056,1,"ZNF17"
"PCSK1",0.363,-0.522,0.009,0.01,1,"PCSK1"
"COL25A1",0.363,-0.523,0.012,0.013,1,"COL25A1"
"ASGR1",0.365,0.115,0.156,0.154,1,"ASGR1"
"CASP7",0.366,0.171,0.087,0.084,1,"CASP7"
"CHRNA5",0.366,0.11,0.103,0.101,1,"CHRNA5"
"H2AC12",0.366,0.102,0.147,0.144,1,"H2AC12"
"PLK5",0.366,-0.125,0.02,0.021,1,"PLK5"
"ANKFN1",0.367,-0.126,0.322,0.323,1,"ANKFN1"
"FAM72A",0.367,0.147,0.021,0.02,1,"FAM72A"
"NFKBIZ",0.368,-0.124,0.054,0.056,1,"NFKBIZ"
"SLC39A5",0.368,-0.257,0.01,0.011,1,"SLC39A5"
"ENSG00000279361",0.368,0.253,0.012,0.011,1,"ENSG00000279361"
"MAP3K8",0.37,-0.219,0.056,0.058,1,"MAP3K8"
"GFRA3",0.371,-0.129,0.009,0.01,1,"GFRA3"
"ZGLP1",0.375,0.213,0.016,0.015,1,"ZGLP1"
"SIK1",0.375,0.139,0.089,0.093,1,"SIK1"
"PLBD1",0.375,0.144,0.067,0.065,1,"PLBD1"
"RNF31",0.376,0.146,0.017,0.016,1,"RNF31"
"GOLGA8N",0.378,0.237,0.013,0.012,1,"GOLGA8N"
"SAPCD1",0.378,-0.247,0.024,0.026,1,"SAPCD1"
"ANO7",0.379,-0.193,0.011,0.011,1,"ANO7"
"CFAP100",0.38,0.149,0.059,0.057,1,"CFAP100"
"ADAMTS4",0.38,-0.105,0.015,0.016,1,"ADAMTS4"
"ADAMTS1",0.381,-0.277,0.009,0.01,1,"ADAMTS1"
"PODN",0.383,0.34,0.015,0.014,1,"PODN"
"CREB3L4",0.383,0.138,0.07,0.067,1,"CREB3L4"
"SDC2",0.383,0.109,0.278,0.276,1,"SDC2"
"TMSB15B.1",0.383,0.116,0.13,0.127,1,"TMSB15B.1"
"SCNN1D",0.384,-0.235,0.012,0.013,1,"SCNN1D"
"PRPH2",0.384,0.134,0.013,0.012,1,"PRPH2"
"NICN1",0.385,-0.259,0.009,0.01,1,"NICN1"
"SUSD5",0.385,0.187,0.018,0.017,1,"SUSD5"
"ZNF10",0.386,0.112,0.085,0.082,1,"ZNF10"
"ENSG00000268750",0.386,-0.137,0.019,0.02,1,"ENSG00000268750"
"ENSG00000279476",0.386,0.122,0.021,0.02,1,"ENSG00000279476"
"C2orf74",0.387,0.195,0.061,0.059,1,"C2orf74"
"RIIAD1",0.388,0.338,0.016,0.015,1,"RIIAD1"
"ZHX1-C8orf76",0.388,0.169,0.064,0.062,1,"ZHX1-C8orf76"
"IGFLR1",0.389,0.139,0.02,0.019,1,"IGFLR1"
"CD72",0.389,-0.134,0.022,0.023,1,"CD72"
"HERC6",0.391,-0.233,0.016,0.018,1,"HERC6"
"DUOX1",0.392,0.107,0.2,0.198,1,"DUOX1"
"TMEM265",0.392,0.123,0.083,0.081,1,"TMEM265"
"CNTD1",0.392,0.155,0.038,0.037,1,"CNTD1"
"ZNF316",0.393,0.106,0.135,0.133,1,"ZNF316"
"ENG",0.394,-0.17,0.02,0.021,1,"ENG"
"CCDC170",0.395,-0.188,0.02,0.022,1,"CCDC170"
"SHANK1",0.396,0.102,0.086,0.084,1,"SHANK1"
"GRK3",0.396,0.128,0.454,0.453,1,"GRK3"
"CENPQ",0.397,0.1,0.22,0.218,1,"CENPQ"
"C2orf73",0.397,-0.188,0.011,0.01,1,"C2orf73"
"FAAP100",0.399,0.103,0.084,0.082,1,"FAAP100"
"RAB3IL1",0.401,-0.237,0.011,0.012,1,"RAB3IL1"
"COPZ2",0.402,-0.213,0.023,0.024,1,"COPZ2"
"GPI",0.403,-0.142,0.458,0.461,1,"GPI"
"NLRX1",0.403,0.246,0.019,0.018,1,"NLRX1"
"ENSG00000280106",0.406,0.1,0.024,0.023,1,"ENSG00000280106"
"DSG2",0.407,0.133,0.017,0.016,1,"DSG2"
"RPS6KL1",0.407,0.177,0.105,0.103,1,"RPS6KL1"
"PEG3",0.408,0.245,0.106,0.104,1,"PEG3"
"PLGLB1",0.409,0.118,0.085,0.083,1,"PLGLB1"
"ENSG00000279474",0.409,0.264,0.015,0.014,1,"ENSG00000279474"
"SPATA4",0.41,-0.26,0.01,0.011,1,"SPATA4"
"ENSG00000279608",0.41,0.152,0.027,0.026,1,"ENSG00000279608"
"RAB37",0.41,-0.213,0.009,0.01,1,"RAB37"
"ST6GALNAC6",0.411,-0.128,0.017,0.018,1,"ST6GALNAC6"
"NR2E3",0.411,0.127,0.021,0.019,1,"NR2E3"
"SPHK1",0.411,0.15,0.036,0.034,1,"SPHK1"
"CDKN2B",0.411,0.109,0.04,0.038,1,"CDKN2B"
"VGF",0.411,0.425,0.062,0.06,1,"VGF"
"DNAH9",0.412,-0.118,0.108,0.11,1,"DNAH9"
"SAP25",0.412,0.245,0.021,0.019,1,"SAP25"
"RPP14",0.413,0.149,0.058,0.056,1,"RPP14"
"H2BC14",0.413,-0.161,0.015,0.016,1,"H2BC14"
"AFMID",0.413,0.102,0.094,0.091,1,"AFMID"
"PCDHGB4",0.413,0.19,0.037,0.035,1,"PCDHGB4"
"KANK3",0.414,-0.191,0.015,0.016,1,"KANK3"
"CCDC149",0.415,0.103,0.151,0.148,1,"CCDC149"
"FAT2",0.417,0.504,0.011,0.011,1,"FAT2"
"HES7",0.418,-0.216,0.012,0.013,1,"HES7"
"SCEL",0.418,0.133,0.021,0.02,1,"SCEL"
"DKK2",0.418,0.16,0.016,0.015,1,"DKK2"
"SHLD3",0.419,0.144,0.086,0.083,1,"SHLD3"
"ENSG00000173867",0.419,-0.166,0.028,0.029,1,"ENSG00000173867"
"ENSG00000267059",0.419,-0.168,0.019,0.02,1,"ENSG00000267059"
"NTRK1",0.42,0.117,0.011,0.01,1,"NTRK1"
"NIPAL3",0.422,0.127,0.09,0.088,1,"NIPAL3"
"TM4SF20",0.422,0.321,0.012,0.011,1,"TM4SF20"
"NIPSNAP3B",0.422,0.262,0.02,0.019,1,"NIPSNAP3B"
"PLS1",0.422,0.102,0.09,0.087,1,"PLS1"
"ENSG00000280022",0.423,0.133,0.036,0.034,1,"ENSG00000280022"
"PCDHA1",0.425,0.447,0.013,0.012,1,"PCDHA1"
"ZNF667",0.425,0.156,0.031,0.03,1,"ZNF667"
"SLC2A6",0.426,0.117,0.07,0.068,1,"SLC2A6"
"SLC45A1",0.428,0.154,0.058,0.056,1,"SLC45A1"
"ENSG00000279799",0.428,0.125,0.032,0.03,1,"ENSG00000279799"
"TYSND1",0.429,0.129,0.068,0.067,1,"TYSND1"
"HBQ1",0.429,-0.16,0.009,0.01,1,"HBQ1"
"TNFSF13B",0.43,0.128,0.057,0.055,1,"TNFSF13B"
"IL17RB",0.433,0.106,0.045,0.044,1,"IL17RB"
"VAV3",0.433,0.266,0.024,0.023,1,"VAV3"
"HRK",0.433,-0.109,0.04,0.038,1,"HRK"
"ENSG00000278886",0.435,0.114,0.04,0.038,1,"ENSG00000278886"
"KCTD21",0.435,-0.126,0.047,0.048,1,"KCTD21"
"C6orf52",0.436,0.158,0.056,0.055,1,"C6orf52"
"MC1R",0.436,0.129,0.035,0.034,1,"MC1R"
"ZNF442",0.437,-0.106,0.048,0.05,1,"ZNF442"
"GPR87",0.439,0.345,0.015,0.014,1,"GPR87"
"SEMA4G",0.439,0.109,0.078,0.076,1,"SEMA4G"
"ACOT1",0.44,-0.319,0.009,0.01,1,"ACOT1"
"CDH13",0.441,0.187,0.038,0.037,1,"CDH13"
"HLA-F",0.442,0.383,0.017,0.016,1,"HLA-F"
"UBL7",0.444,0.124,0.135,0.133,1,"UBL7"
"ZXDA",0.444,0.141,0.064,0.063,1,"ZXDA"
"TEX12",0.444,0.184,0.011,0.01,1,"TEX12"
"GLI1",0.446,0.129,0.01,0.009,1,"GLI1"
"ARHGEF38",0.446,0.264,0.049,0.047,1,"ARHGEF38"
"RHOU",0.447,-0.113,0.06,0.062,1,"RHOU"
"RUNX1",0.447,-0.325,0.011,0.012,1,"RUNX1"
"CPNE9",0.447,-0.308,0.015,0.016,1,"CPNE9"
"ZDHHC1",0.448,0.131,0.07,0.068,1,"ZDHHC1"
"SYT9",0.448,0.108,0.026,0.027,1,"SYT9"
"CORIN",0.448,0.139,0.014,0.015,1,"CORIN"
"HSD17B13",0.449,0.236,0.018,0.017,1,"HSD17B13"
"CYS1",0.449,0.228,0.012,0.011,1,"CYS1"
"SLC10A3",0.45,0.127,0.03,0.028,1,"SLC10A3"
"KCP",0.451,-0.59,0.018,0.019,1,"KCP"
"HNRNPA1L2",0.451,0.12,0.056,0.054,1,"HNRNPA1L2"
"MBOAT4",0.451,0.203,0.011,0.011,1,"MBOAT4"
"PRELP",0.452,-0.138,0.012,0.013,1,"PRELP"
"ARHGAP24",0.453,0.343,0.061,0.059,1,"ARHGAP24"
"LRRC73",0.457,0.142,0.025,0.024,1,"LRRC73"
"GLIPR1L2",0.457,-0.169,0.025,0.024,1,"GLIPR1L2"
"TLCD1",0.458,-0.142,0.015,0.016,1,"TLCD1"
"RTL9",0.459,0.133,0.025,0.024,1,"RTL9"
"OAF",0.459,-0.141,0.064,0.066,1,"OAF"
"ENSG00000255432",0.459,-0.194,0.014,0.015,1,"ENSG00000255432"
"TEDC2",0.459,-0.14,0.056,0.058,1,"TEDC2"
"KCNJ4",0.46,-0.128,0.012,0.013,1,"KCNJ4"
"H2BC10",0.461,0.221,0.014,0.013,1,"H2BC10"
"GPX2",0.461,0.184,0.013,0.013,1,"GPX2"
"SLC47A1",0.461,-0.295,0.02,0.021,1,"SLC47A1"
"RHPN2",0.461,0.106,0.161,0.159,1,"RHPN2"
"MCM4",0.463,0.142,0.253,0.252,1,"MCM4"
"ESS2",0.464,0.109,0.118,0.116,1,"ESS2"
"ACTG2",0.465,0.123,0.009,0.01,1,"ACTG2"
"TMEM240",0.466,0.116,0.085,0.083,1,"TMEM240"
"ARL9",0.466,-0.123,0.022,0.023,1,"ARL9"
"CD101",0.466,-0.183,0.04,0.042,1,"CD101"
"IFI27",0.467,0.357,0.04,0.039,1,"IFI27"
"FRMPD1",0.468,0.155,0.022,0.021,1,"FRMPD1"
"ENSG00000268173",0.469,0.212,0.018,0.017,1,"ENSG00000268173"
"FLNC",0.471,-0.137,0.01,0.01,1,"FLNC"
"ARHGAP11B",0.472,-0.115,0.06,0.062,1,"ARHGAP11B"
"SLC25A41",0.474,-0.196,0.01,0.011,1,"SLC25A41"
"DAO",0.474,0.154,0.018,0.017,1,"DAO"
"TAF6L",0.475,0.105,0.104,0.102,1,"TAF6L"
"H4C1",0.476,0.124,0.029,0.028,1,"H4C1"
"BNIPL",0.478,0.1,0.022,0.021,1,"BNIPL"
"SSUH2",0.478,0.185,0.019,0.018,1,"SSUH2"
"FCHO1",0.478,0.119,0.107,0.105,1,"FCHO1"
"SLC24A2",0.479,0.119,0.017,0.018,1,"SLC24A2"
"AJAP1",0.48,0.113,0.011,0.012,1,"AJAP1"
"EGF",0.481,0.115,0.041,0.039,1,"EGF"
"GLYATL1",0.481,-0.152,0.01,0.01,1,"GLYATL1"
"LBHD1",0.482,0.13,0.011,0.01,1,"LBHD1"
"GASK1A",0.482,-0.272,0.021,0.023,1,"GASK1A"
"VANGL1",0.482,0.112,0.054,0.053,1,"VANGL1"
"KCND2",0.485,0.498,0.114,0.117,1,"KCND2"
"SERPINB1",0.485,0.225,0.022,0.021,1,"SERPINB1"
"SGK2",0.486,-0.11,0.018,0.019,1,"SGK2"
"KLF15",0.486,-0.147,0.015,0.016,1,"KLF15"
"SSTR2",0.486,0.349,0.016,0.017,1,"SSTR2"
"TTYH1",0.487,-0.246,0.337,0.327,1,"TTYH1"
"S1PR2",0.488,0.268,0.013,0.013,1,"S1PR2"
"AKAP3",0.488,0.2,0.031,0.03,1,"AKAP3"
"PRDM8",0.488,-0.371,0.014,0.014,1,"PRDM8"
"TMEM63A",0.494,0.111,0.073,0.072,1,"TMEM63A"
"MYLK3",0.494,-0.19,0.022,0.023,1,"MYLK3"
"SAMD3",0.495,-0.454,0.009,0.01,1,"SAMD3"
"SETMAR",0.495,0.104,0.171,0.169,1,"SETMAR"
"NPIPB11",0.497,-0.102,0.018,0.017,1,"NPIPB11"
"TRIL",0.497,-0.107,0.07,0.072,1,"TRIL"
"MTFP1",0.498,-0.112,0.06,0.061,1,"MTFP1"
"NPIPA9",0.5,-0.136,0.02,0.021,1,"NPIPA9"
"ITGB4",0.5,-0.149,0.012,0.012,1,"ITGB4"
"CC2D2B",0.502,-0.259,0.025,0.026,1,"CC2D2B"
"CNTNAP5",0.502,-0.504,0.01,0.01,1,"CNTNAP5"
"AGAP6",0.504,0.158,0.022,0.021,1,"AGAP6"
"RHEBL1",0.505,-0.149,0.017,0.018,1,"RHEBL1"
"USP6",0.507,-0.16,0.014,0.015,1,"USP6"
"SLC46A2",0.507,0.384,0.01,0.009,1,"SLC46A2"
"PPP1R32",0.511,-0.18,0.02,0.021,1,"PPP1R32"
"HYAL3",0.512,0.138,0.011,0.01,1,"HYAL3"
"CLEC4A",0.513,-0.26,0.021,0.022,1,"CLEC4A"
"ENSG00000283886",0.514,0.111,0.063,0.062,1,"ENSG00000283886"
"SEMA6C",0.515,0.11,0.178,0.177,1,"SEMA6C"
"CLUL1",0.515,-0.115,0.017,0.018,1,"CLUL1"
"TMCO6",0.515,0.139,0.04,0.039,1,"TMCO6"
"OPRM1",0.515,0.392,0.013,0.012,1,"OPRM1"
"TTLL13",0.517,0.114,0.012,0.013,1,"TTLL13"
"ENSG00000279951",0.518,0.108,0.026,0.024,1,"ENSG00000279951"
"EID3",0.519,0.195,0.019,0.018,1,"EID3"
"PKP2",0.52,0.168,0.016,0.015,1,"PKP2"
"F2",0.521,0.163,0.016,0.015,1,"F2"
"PPP1R3C",0.521,-0.198,0.049,0.051,1,"PPP1R3C"
"C2CD6",0.521,-0.239,0.012,0.013,1,"C2CD6"
"AHRR",0.521,0.106,0.059,0.057,1,"AHRR"
"EGFL8",0.521,0.127,0.051,0.05,1,"EGFL8"
"GABRA2",0.522,0.129,0.224,0.229,1,"GABRA2"
"FBLN7",0.523,0.114,0.13,0.129,1,"FBLN7"
"IFI44",0.523,0.123,0.26,0.259,1,"IFI44"
"ISG15",0.524,0.806,0.094,0.092,1,"ISG15"
"ABTB3",0.525,-0.155,0.012,0.011,1,"ABTB3"
"SPATA9",0.526,0.185,0.018,0.017,1,"SPATA9"
"UCP3",0.527,0.106,0.018,0.017,1,"UCP3"
"NALCN",0.532,0.629,0.01,0.01,1,"NALCN"
"STK31",0.534,0.15,0.018,0.019,1,"STK31"
"PCDH12",0.534,0.315,0.013,0.014,1,"PCDH12"
"GADD45B",0.536,-0.279,0.059,0.057,1,"GADD45B"
"ZBTB9",0.537,0.148,0.035,0.034,1,"ZBTB9"
"IDO1",0.538,0.21,0.01,0.009,1,"IDO1"
"CLDN5",0.541,0.138,0.05,0.052,1,"CLDN5"
"AK5",0.541,0.273,0.056,0.055,1,"AK5"
"LMOD2",0.543,0.168,0.01,0.009,1,"LMOD2"
"LIFR",0.544,-0.108,0.431,0.431,1,"LIFR"
"MIER3",0.544,0.105,0.279,0.279,1,"MIER3"
"NLRC3",0.544,0.165,0.023,0.024,1,"NLRC3"
"CCNP",0.545,-0.117,0.012,0.013,1,"CCNP"
"TMEM86B",0.545,0.246,0.01,0.009,1,"TMEM86B"
"GATM",0.546,0.135,0.047,0.045,1,"GATM"
"CFAP251",0.548,0.131,0.074,0.073,1,"CFAP251"
"PHYHD1",0.548,0.142,0.041,0.04,1,"PHYHD1"
"GSDMB",0.549,0.122,0.057,0.055,1,"GSDMB"
"GSTO2",0.55,0.226,0.034,0.033,1,"GSTO2"
"AMT",0.551,0.202,0.012,0.011,1,"AMT"
"RTN2",0.551,0.141,0.166,0.166,1,"RTN2"
"FHDC1",0.552,0.13,0.023,0.022,1,"FHDC1"
"CNTN1",0.554,-0.232,0.012,0.011,1,"CNTN1"
"AOX1",0.556,-0.126,0.011,0.012,1,"AOX1"
"NEIL1",0.56,0.132,0.086,0.084,1,"NEIL1"
"HARBI1",0.562,0.118,0.043,0.042,1,"HARBI1"
"DERL3",0.565,-0.157,0.025,0.026,1,"DERL3"
"KHNYN",0.568,0.102,0.055,0.054,1,"KHNYN"
"SERF1B",0.569,0.266,0.017,0.016,1,"SERF1B"
"H2BC11",0.57,0.12,0.049,0.048,1,"H2BC11"
"IZUMO4",0.571,-0.11,0.024,0.025,1,"IZUMO4"
"EMILIN1",0.572,-0.238,0.01,0.011,1,"EMILIN1"
"GALT",0.574,0.131,0.101,0.099,1,"GALT"
"VN1R1",0.575,0.327,0.01,0.009,1,"VN1R1"
"ANKEF1",0.577,0.332,0.013,0.013,1,"ANKEF1"
"ARAP3",0.578,0.115,0.083,0.081,1,"ARAP3"
"PLAUR",0.578,0.145,0.065,0.063,1,"PLAUR"
"TRMT9B",0.579,0.186,0.044,0.045,1,"TRMT9B"
"CHADL",0.58,0.122,0.018,0.018,1,"CHADL"
"COL10A1",0.58,-0.504,0.01,0.011,1,"COL10A1"
"GRK7",0.582,0.237,0.016,0.016,1,"GRK7"
"WDR24",0.582,0.1,0.041,0.04,1,"WDR24"
"FBXO6",0.584,0.103,0.073,0.072,1,"FBXO6"
"DLL1",0.585,0.159,0.285,0.286,1,"DLL1"
"MOV10",0.586,0.121,0.1,0.099,1,"MOV10"
"EVC2",0.587,-0.23,0.02,0.021,1,"EVC2"
"P2RY11",0.587,0.173,0.014,0.013,1,"P2RY11"
"ENSG00000279148",0.589,-0.12,0.009,0.01,1,"ENSG00000279148"
"C12orf42",0.589,-0.127,0.032,0.031,1,"C12orf42"
"NAV3",0.59,0.123,0.87,0.879,1,"NAV3"
"GBX1",0.592,0.101,0.014,0.014,1,"GBX1"
"FAM133A",0.593,-0.105,0.038,0.039,1,"FAM133A"
"NEK8",0.595,-0.102,0.029,0.029,1,"NEK8"
"ENSG00000280229",0.595,0.121,0.023,0.022,1,"ENSG00000280229"
"DPP10",0.596,-0.583,0.056,0.057,1,"DPP10"
"MORN3",0.597,-0.113,0.021,0.022,1,"MORN3"
"GABRR2",0.597,0.105,0.022,0.021,1,"GABRR2"
"SPSB1",0.598,-0.164,0.022,0.023,1,"SPSB1"
"ENSG00000279250",0.598,-0.171,0.01,0.01,1,"ENSG00000279250"
"ERCC2",0.599,0.111,0.118,0.117,1,"ERCC2"
"PRSS55",0.599,0.139,0.054,0.053,1,"PRSS55"
"SFTPD",0.604,0.223,0.011,0.011,1,"SFTPD"
"TPH1",0.604,-0.15,0.016,0.016,1,"TPH1"
"APOC1",0.604,0.144,0.01,0.01,1,"APOC1"
"EPX",0.605,0.224,0.015,0.014,1,"EPX"
"ARMCX5-GPRASP2",0.606,0.187,0.024,0.023,1,"ARMCX5-GPRASP2"
"KCNS3",0.606,-0.27,0.013,0.014,1,"KCNS3"
"VCAM1",0.608,0.208,0.145,0.143,1,"VCAM1"
"PGGHG",0.609,-0.121,0.012,0.013,1,"PGGHG"
"CAPS",0.61,0.118,0.023,0.023,1,"CAPS"
"NPR2",0.611,0.172,0.015,0.014,1,"NPR2"
"IGSF10",0.612,0.515,0.017,0.017,1,"IGSF10"
"SERPIND1",0.612,0.309,0.03,0.029,1,"SERPIND1"
"TBXA2R",0.615,0.166,0.016,0.015,1,"TBXA2R"
"ENSG00000280402",0.617,-0.168,0.01,0.011,1,"ENSG00000280402"
"HIGD1C",0.617,0.224,0.023,0.022,1,"HIGD1C"
"TMEM266",0.618,0.259,0.03,0.029,1,"TMEM266"
"USP35",0.622,0.18,0.038,0.037,1,"USP35"
"GCNT4",0.623,-0.123,0.03,0.031,1,"GCNT4"
"FAM229A",0.624,0.29,0.027,0.026,1,"FAM229A"
"RASA4",0.624,0.14,0.03,0.029,1,"RASA4"
"PIGV",0.626,0.134,0.067,0.066,1,"PIGV"
"LAMA2",0.627,-0.11,0.011,0.012,1,"LAMA2"
"CDS1",0.629,0.164,0.02,0.02,1,"CDS1"
"GPRASP1",0.629,0.118,0.071,0.07,1,"GPRASP1"
"CELA2B",0.631,0.139,0.021,0.021,1,"CELA2B"
"SEMA3B",0.631,0.14,0.019,0.018,1,"SEMA3B"
"NPFF",0.632,-0.152,0.014,0.015,1,"NPFF"
"THY1",0.633,0.133,0.122,0.121,1,"THY1"
"SOX3",0.64,0.453,0.029,0.03,1,"SOX3"
"TRIM68",0.641,0.149,0.016,0.016,1,"TRIM68"
"GOLGA6L10",0.642,0.122,0.039,0.038,1,"GOLGA6L10"
"MSH4",0.642,0.244,0.042,0.041,1,"MSH4"
"TENT5A",0.643,0.167,0.036,0.035,1,"TENT5A"
"PPM1F",0.643,0.103,0.141,0.14,1,"PPM1F"
"GRIN2A",0.644,0.281,0.033,0.033,1,"GRIN2A"
"KCNAB1",0.644,-0.302,0.058,0.057,1,"KCNAB1"
"UNC13A",0.645,0.111,0.096,0.098,1,"UNC13A"
"ENSG00000256825",0.648,0.233,0.012,0.012,1,"ENSG00000256825"
"ANKRD31",0.65,0.108,0.022,0.023,1,"ANKRD31"
"C1orf74",0.651,0.137,0.012,0.012,1,"C1orf74"
"ENSG00000266086",0.653,0.119,0.144,0.143,1,"ENSG00000266086"
"NR4A3",0.655,-0.211,0.019,0.02,1,"NR4A3"
"CNBD1",0.66,-0.495,0.011,0.01,1,"CNBD1"
"SLA2",0.66,0.162,0.019,0.019,1,"SLA2"
"LRRC3C",0.662,-0.171,0.02,0.021,1,"LRRC3C"
"FZD4",0.664,0.141,0.025,0.026,1,"FZD4"
"OR7D2",0.665,0.167,0.018,0.017,1,"OR7D2"
"NFATC1",0.666,0.116,0.028,0.027,1,"NFATC1"
"MEIG1",0.669,0.118,0.023,0.022,1,"MEIG1"
"PLIN5",0.669,0.118,0.017,0.017,1,"PLIN5"
"SUSD4",0.67,0.149,0.024,0.023,1,"SUSD4"
"SNAP25",0.674,0.117,0.373,0.377,1,"SNAP25"
"TFPI",0.674,-0.147,0.121,0.119,1,"TFPI"
"ADCY10",0.674,0.202,0.032,0.033,1,"ADCY10"
"ITPR1",0.677,-0.297,0.049,0.048,1,"ITPR1"
"ENSG00000280417",0.677,0.127,0.01,0.01,1,"ENSG00000280417"
"PON1",0.677,0.121,0.015,0.015,1,"PON1"
"ENSG00000279551",0.677,0.242,0.015,0.016,1,"ENSG00000279551"
"ID4",0.678,0.25,0.567,0.571,1,"ID4"
"RABGGTA",0.681,0.151,0.05,0.049,1,"RABGGTA"
"FBLIM1",0.682,0.172,0.051,0.05,1,"FBLIM1"
"SSC5D",0.682,-0.166,0.013,0.014,1,"SSC5D"
"LYG2",0.683,0.17,0.047,0.046,1,"LYG2"
"ARHGAP10",0.684,-0.225,0.034,0.035,1,"ARHGAP10"
"H3C1",0.688,0.157,0.029,0.028,1,"H3C1"
"KNDC1",0.689,-0.158,0.095,0.093,1,"KNDC1"
"SLC35G5",0.694,0.132,0.018,0.017,1,"SLC35G5"
"MYLIP",0.694,0.121,0.037,0.036,1,"MYLIP"
"SHISA7",0.694,0.243,0.026,0.026,1,"SHISA7"
"UCP1",0.695,0.187,0.01,0.009,1,"UCP1"
"PPM1M",0.697,0.102,0.018,0.017,1,"PPM1M"
"NRIP2",0.701,0.157,0.021,0.02,1,"NRIP2"
"ARAP2",0.702,-0.102,0.378,0.371,1,"ARAP2"
"CHRNA10",0.702,-0.151,0.013,0.012,1,"CHRNA10"
"ATP8A2",0.704,0.115,0.147,0.147,1,"ATP8A2"
"KRTCAP3",0.709,-0.121,0.017,0.017,1,"KRTCAP3"
"ZIC3",0.709,0.246,0.026,0.025,1,"ZIC3"
"HPCAL1",0.709,-0.109,0.246,0.245,1,"HPCAL1"
"C3orf18",0.71,0.185,0.032,0.031,1,"C3orf18"
"OGFRL1",0.711,-0.243,0.353,0.355,1,"OGFRL1"
"C2CD2",0.715,-0.107,0.036,0.037,1,"C2CD2"
"VWC2L",0.716,-0.218,0.018,0.018,1,"VWC2L"
"GLB1L2",0.717,0.136,0.023,0.022,1,"GLB1L2"
"FAM153A",0.717,-0.18,0.01,0.01,1,"FAM153A"
"TPPP",0.717,0.117,0.042,0.043,1,"TPPP"
"CHST15",0.722,0.118,0.02,0.019,1,"CHST15"
"CLDN18",0.727,-0.12,0.018,0.017,1,"CLDN18"
"LNX1",0.727,-0.119,0.042,0.041,1,"LNX1"
"GNRHR",0.729,0.106,0.03,0.03,1,"GNRHR"
"RPH3AL",0.731,0.17,0.028,0.029,1,"RPH3AL"
"HNF4G",0.733,-0.131,0.089,0.087,1,"HNF4G"
"LDHAL6A",0.734,0.137,0.056,0.055,1,"LDHAL6A"
"ZBBX",0.734,0.245,0.023,0.023,1,"ZBBX"
"SPEF2",0.737,-0.104,0.098,0.099,1,"SPEF2"
"OIT3",0.737,0.107,0.015,0.015,1,"OIT3"
"MGST1",0.738,0.104,0.328,0.33,1,"MGST1"
"SSH3",0.742,0.181,0.015,0.014,1,"SSH3"
"NEB",0.744,0.14,0.059,0.058,1,"NEB"
"SLC43A3",0.749,0.159,0.013,0.013,1,"SLC43A3"
"PLP1",0.749,-0.361,0.138,0.138,1,"PLP1"
"CDKL4",0.749,0.152,0.043,0.043,1,"CDKL4"
"ADAMTS9",0.75,0.16,0.056,0.056,1,"ADAMTS9"
"GPR171",0.75,0.346,0.015,0.016,1,"GPR171"
"KCNH1",0.752,-0.421,0.021,0.02,1,"KCNH1"
"ST8SIA1",0.754,-0.113,0.197,0.194,1,"ST8SIA1"
"MYH7B",0.757,0.126,0.03,0.029,1,"MYH7B"
"VXN",0.758,-0.135,0.039,0.039,1,"VXN"
"GIPR",0.758,0.153,0.029,0.028,1,"GIPR"
"ENSG00000279437",0.759,0.192,0.011,0.011,1,"ENSG00000279437"
"SCART1",0.76,0.184,0.043,0.043,1,"SCART1"
"EPS8L2",0.765,-0.231,0.01,0.01,1,"EPS8L2"
"PLXDC1",0.766,0.148,0.01,0.01,1,"PLXDC1"
"NPIPB6",0.767,0.173,0.011,0.011,1,"NPIPB6"
"ENSG00000280355",0.769,0.18,0.011,0.01,1,"ENSG00000280355"
"DNAH7",0.77,-0.113,0.101,0.101,1,"DNAH7"
"HPX",0.771,0.2,0.017,0.017,1,"HPX"
"GUCY1A2",0.772,-0.367,0.118,0.116,1,"GUCY1A2"
"FIGN",0.781,-0.155,0.352,0.35,1,"FIGN"
"RIBC1",0.781,0.131,0.022,0.021,1,"RIBC1"
"MAST4",0.788,-0.104,0.222,0.22,1,"MAST4"
"KLRD1",0.788,0.192,0.014,0.013,1,"KLRD1"
"IRGM",0.788,0.136,0.017,0.017,1,"IRGM"
"CTF1",0.788,0.1,0.025,0.024,1,"CTF1"
"ENSG00000290183",0.788,0.116,0.013,0.013,1,"ENSG00000290183"
"ATP2B3",0.788,-0.167,0.009,0.01,1,"ATP2B3"
"SHBG",0.791,-0.104,0.015,0.015,1,"SHBG"
"ACRV1",0.792,-0.143,0.021,0.021,1,"ACRV1"
"ITIH4",0.794,0.109,0.026,0.026,1,"ITIH4"
"FUT2",0.797,0.166,0.012,0.012,1,"FUT2"
"HSPA1B",0.797,-0.182,0.171,0.169,1,"HSPA1B"
"ZNF568",0.799,0.115,0.093,0.093,1,"ZNF568"
"SYDE2",0.8,0.438,0.017,0.017,1,"SYDE2"
"RNF32",0.802,0.113,0.072,0.072,1,"RNF32"
"ENSG00000279416",0.802,0.144,0.019,0.019,1,"ENSG00000279416"
"GRIN3B",0.804,0.212,0.01,0.01,1,"GRIN3B"
"FAM181B",0.809,0.101,0.319,0.32,1,"FAM181B"
"FAM209A",0.812,-0.137,0.01,0.011,1,"FAM209A"
"CNTNAP3B",0.812,-0.101,0.11,0.108,1,"CNTNAP3B"
"GJC2",0.812,0.126,0.011,0.012,1,"GJC2"
"HELZ2",0.813,0.151,0.035,0.034,1,"HELZ2"
"CNNM1",0.814,0.179,0.016,0.016,1,"CNNM1"
"MT1X",0.814,-0.543,0.214,0.214,1,"MT1X"
"NECAB1",0.817,-0.127,0.065,0.065,1,"NECAB1"
"CCDC192",0.82,-0.217,0.021,0.021,1,"CCDC192"
"ZNF165",0.828,0.172,0.013,0.013,1,"ZNF165"
"MPP4",0.832,0.102,0.016,0.016,1,"MPP4"
"HEPN1",0.834,-0.283,0.203,0.2,1,"HEPN1"
"ZNF233",0.836,-0.151,0.051,0.05,1,"ZNF233"
"ENPEP",0.837,-0.367,0.012,0.012,1,"ENPEP"
"CACNG1",0.839,0.102,0.018,0.018,1,"CACNG1"
"RARG",0.844,-0.121,0.026,0.026,1,"RARG"
"ENTPD1",0.85,-0.102,0.092,0.091,1,"ENTPD1"
"VAT1L",0.851,0.318,0.109,0.11,1,"VAT1L"
"ZDHHC23",0.851,-0.104,0.018,0.018,1,"ZDHHC23"
"FNDC5",0.856,0.103,0.075,0.076,1,"FNDC5"
"DHRS12",0.858,0.219,0.079,0.079,1,"DHRS12"
"DOK5",0.86,0.11,0.353,0.357,1,"DOK5"
"EYA1",0.861,0.208,0.01,0.01,1,"EYA1"
"FRZB",0.862,0.839,0.026,0.026,1,"FRZB"
"MID2",0.866,-0.151,0.01,0.01,1,"MID2"
"CXCL12",0.866,-0.196,0.028,0.029,1,"CXCL12"
"POLN",0.867,0.114,0.021,0.021,1,"POLN"
"ZNF772",0.867,0.106,0.104,0.104,1,"ZNF772"
"PCED1B",0.869,-0.165,0.025,0.025,1,"PCED1B"
"PARD6A",0.872,0.12,0.184,0.186,1,"PARD6A"
"RIOX1",0.872,0.106,0.068,0.068,1,"RIOX1"
"LMOD3",0.873,-0.169,0.013,0.013,1,"LMOD3"
"KLF5",0.877,-0.175,0.028,0.028,1,"KLF5"
"SYN2",0.88,-0.142,0.016,0.016,1,"SYN2"
"SVEP1",0.883,0.105,0.07,0.07,1,"SVEP1"
"AMIGO2",0.883,0.19,0.014,0.014,1,"AMIGO2"
"PCDHB6",0.884,0.17,0.014,0.014,1,"PCDHB6"
"RNF227",0.885,0.221,0.028,0.029,1,"RNF227"
"GZF1",0.885,0.104,0.139,0.139,1,"GZF1"
"ADPRHL1",0.887,0.126,0.037,0.038,1,"ADPRHL1"
"BFSP2",0.888,0.207,0.022,0.022,1,"BFSP2"
"SYDE1",0.888,0.141,0.043,0.042,1,"SYDE1"
"PPP1R14A",0.888,0.155,0.021,0.021,1,"PPP1R14A"
"C15orf39",0.889,-0.104,0.023,0.024,1,"C15orf39"
"CARD14",0.893,0.343,0.01,0.01,1,"CARD14"
"WEE2",0.894,0.134,0.01,0.01,1,"WEE2"
"FAM131A",0.898,0.118,0.179,0.181,1,"FAM131A"
"MT-TH",0.899,0.124,0.019,0.019,1,"MT-TH"
"C9orf50",0.9,-0.222,0.01,0.01,1,"C9orf50"
"PPP1R17",0.901,0.206,0.049,0.049,1,"PPP1R17"
"TEKTIP1",0.901,0.193,0.018,0.018,1,"TEKTIP1"
"ZNF215",0.902,-0.236,0.011,0.011,1,"ZNF215"
"ABCB4",0.903,-0.147,0.013,0.013,1,"ABCB4"
"TNFAIP8L3",0.903,-0.332,0.011,0.011,1,"TNFAIP8L3"
"NPAS3",0.904,0.147,0.626,0.633,1,"NPAS3"
"RPA4",0.904,-0.117,0.01,0.01,1,"RPA4"
"TAS2R30",0.905,0.113,0.026,0.026,1,"TAS2R30"
"AZU1",0.908,0.185,0.018,0.018,1,"AZU1"
"MYH3",0.91,0.114,0.023,0.023,1,"MYH3"
"CTSS",0.911,0.194,0.017,0.017,1,"CTSS"
"SNCAIP",0.911,0.16,0.648,0.665,1,"SNCAIP"
"LRIG1",0.912,0.112,0.473,0.477,1,"LRIG1"
"DUSP26",0.914,0.166,0.037,0.037,1,"DUSP26"
"VWA1",0.916,0.105,0.041,0.041,1,"VWA1"
"KDELR3",0.919,0.126,0.052,0.052,1,"KDELR3"
"PTGES3L",0.92,0.179,0.015,0.015,1,"PTGES3L"
"UBL4A",0.921,0.102,0.163,0.163,1,"UBL4A"
"COL5A1",0.929,-0.118,0.024,0.024,1,"COL5A1"
"GOLGA8R",0.929,-0.14,0.01,0.01,1,"GOLGA8R"
"ASIC2",0.931,-0.144,0.012,0.012,1,"ASIC2"
"AP1G2",0.932,0.129,0.016,0.016,1,"AP1G2"
"SPINK9",0.934,-0.114,0.016,0.016,1,"SPINK9"
"APCDD1L",0.934,0.114,0.021,0.021,1,"APCDD1L"
"CLCN1",0.937,0.132,0.015,0.015,1,"CLCN1"
"RECQL5",0.937,-0.129,0.057,0.057,1,"RECQL5"
"FAM81B",0.94,0.123,0.015,0.015,1,"FAM81B"
"NFKBID",0.941,-0.106,0.019,0.019,1,"NFKBID"
"NT5E",0.942,0.221,0.015,0.015,1,"NT5E"
"GLT8D2",0.943,0.159,0.049,0.049,1,"GLT8D2"
"FAIM2",0.944,0.151,0.074,0.075,1,"FAIM2"
"PVALEF",0.95,0.144,0.012,0.012,1,"PVALEF"
"TBX2",0.951,0.259,0.018,0.018,1,"TBX2"
"C19orf38",0.954,-0.119,0.015,0.015,1,"C19orf38"
"PARP12",0.957,0.208,0.013,0.013,1,"PARP12"
"EEF1AKMT3",0.96,0.12,0.027,0.027,1,"EEF1AKMT3"
"CCDC9",0.963,0.137,0.083,0.083,1,"CCDC9"
"ENSG00000280332",0.964,0.11,0.033,0.033,1,"ENSG00000280332"
"RAMP2",0.967,0.12,0.188,0.189,1,"RAMP2"
"PMF1-BGLAP",0.968,0.249,0.012,0.012,1,"PMF1-BGLAP"
"TAS2R31",0.971,0.104,0.016,0.016,1,"TAS2R31"
"ENSG00000256100",0.971,0.129,0.014,0.014,1,"ENSG00000256100"
"CSMD1",0.972,-0.112,0.092,0.092,1,"CSMD1"
"ZSCAN22",0.973,0.103,0.032,0.032,1,"ZSCAN22"
"PNMA8B",0.974,0.122,0.043,0.043,1,"PNMA8B"
"VEGFD",0.975,0.117,0.021,0.021,1,"VEGFD"
"SORL1",0.975,0.121,0.361,0.365,1,"SORL1"
"ENSG00000268465",0.975,-0.315,0.011,0.011,1,"ENSG00000268465"
"RIMBP2",0.979,0.124,0.119,0.12,1,"RIMBP2"
"DISP3",0.981,0.106,0.125,0.126,1,"DISP3"
"CGN",0.985,0.208,0.01,0.01,1,"CGN"
"MORN5",0.985,0.177,0.034,0.034,1,"MORN5"
"C1QTNF4",0.985,0.138,0.086,0.086,1,"C1QTNF4"
"CREB3L1",0.986,0.124,0.011,0.011,1,"CREB3L1"
"MANSC4",0.986,0.242,0.018,0.018,1,"MANSC4"
"MT-TM",0.991,0.235,0.04,0.04,1,"MT-TM"
"MTARC2",0.995,-0.134,0.061,0.061,1,"MTARC2"
"SLC5A11",0.996,0.205,0.02,0.02,1,"SLC5A11"
