"","p_val","avg_log2FC","pct.1","pct.2","p_val_adj","gene"
"p23031-mCherry",0,7.705,0.408,0.005,0,"p23031-mCherry"
"VIM",0,2.969,0.769,0.39,0,"VIM"
"AQP4",0,4.238,0.454,0.082,0,"AQP4"
"RGS6",0,2.81,0.502,0.132,0,"RGS6"
"PTN",0,4.201,0.598,0.234,0,"PTN"
"CLU",0,3.974,0.535,0.193,0,"CLU"
"TNC",0,2.899,0.512,0.171,0,"TNC"
"HOPX",0,3.858,0.403,0.068,0,"HOPX"
"BCAN",0,2.537,0.563,0.232,0,"BCAN"
"SLC1A3",0,3.015,0.506,0.179,0,"SLC1A3"
"DTNA",0,2.502,0.599,0.272,0,"DTNA"
"RAB31",0,2.777,0.459,0.138,0,"RAB31"
"HEPN1",0,4.231,0.371,0.051,0,"HEPN1"
"MLC1",0,3.356,0.427,0.111,0,"MLC1"
"ITPR2",0,3.567,0.391,0.079,0,"ITPR2"
"APOE",0,5.229,0.34,0.029,0,"APOE"
"GLIS3",0,2.157,0.518,0.208,0,"GLIS3"
"PARD3B",0,2.138,0.519,0.212,0,"PARD3B"
"ATP1B2",0,2.875,0.462,0.155,0,"ATP1B2"
"TTYH1",0,3.298,0.491,0.184,0,"TTYH1"
"NTRK2",0,3.178,0.734,0.43,0,"NTRK2"
"PMP2",0,2.682,0.511,0.209,0,"PMP2"
"CSPG5",0,3.201,0.431,0.129,0,"CSPG5"
"DLX5",0,-0.818,0.485,0.783,0,"DLX5"
"METRN",0,2.85,0.529,0.232,0,"METRN"
"PON2",0,3.008,0.514,0.218,0,"PON2"
"FAM181B",0,2.278,0.479,0.183,0,"FAM181B"
"DOK5",0,2.229,0.515,0.22,0,"DOK5"
"F3",0,3.479,0.372,0.083,0,"F3"
"ADAMTS3",0,3.115,0.348,0.059,0,"ADAMTS3"
"IGFBP5",0,2.555,0.447,0.162,0,"IGFBP5"
"HEPACAM",0,3.652,0.334,0.051,0,"HEPACAM"
"PLAAT3",0,3.039,0.362,0.079,0,"PLAAT3"
"ATP1A2",0,3.401,0.342,0.062,0,"ATP1A2"
"CRYAB",0,3.27,0.34,0.061,0,"CRYAB"
"S100B",0,3.356,0.367,0.088,0,"S100B"
"PTPRM",0,1.382,0.457,0.179,0,"PTPRM"
"PLXDC2",0,2.029,0.39,0.114,0,"PLXDC2"
"PPP2R2B",0,2.667,0.428,0.153,0,"PPP2R2B"
"SPARCL1",0,4.47,0.379,0.106,0,"SPARCL1"
"NCKAP5",0,2.243,0.408,0.135,0,"NCKAP5"
"FABP7",0,3.174,0.705,0.432,0,"FABP7"
"NCAM2",0,1.41,0.538,0.267,0,"NCAM2"
"HES1",0,2.429,0.366,0.096,0,"HES1"
"TIMP3",0,3.367,0.348,0.078,0,"TIMP3"
"SAMD4A",0,1.849,0.394,0.127,0,"SAMD4A"
"PRKG1",0,2.238,0.404,0.138,0,"PRKG1"
"PLPP3",0,2.327,0.538,0.273,0,"PLPP3"
"COL4A5",0,1.896,0.495,0.231,0,"COL4A5"
"IQGAP2",0,2.231,0.481,0.218,0,"IQGAP2"
"PLEKHG1",0,2.113,0.402,0.14,0,"PLEKHG1"
"BAALC",0,2.374,0.383,0.122,0,"BAALC"
"DDAH1",0,1.939,0.501,0.243,0,"DDAH1"
"SLC7A11",0,3.142,0.338,0.08,0,"SLC7A11"
"LIX1",0,3.94,0.299,0.041,0,"LIX1"
"EEPD1",0,2.224,0.468,0.211,0,"EEPD1"
"HTRA1",0,2.766,0.383,0.126,0,"HTRA1"
"SPON1",0,2.203,0.338,0.082,0,"SPON1"
"ANKFN1",0,1.745,0.459,0.204,0,"ANKFN1"
"C21orf62",0,2.961,0.314,0.067,0,"C21orf62"
"SPARC",0,2.664,0.396,0.15,0,"SPARC"
"CA2",0,3.635,0.306,0.06,0,"CA2"
"IL33",0,2.721,0.35,0.104,0,"IL33"
"ANOS1",0,2.767,0.321,0.075,0,"ANOS1"
"PLTP",0,2.766,0.324,0.079,0,"PLTP"
"CROT",0,2.62,0.454,0.21,0,"CROT"
"PIR",0,2.489,0.333,0.089,0,"PIR"
"HS6ST2",0,1.69,0.39,0.147,0,"HS6ST2"
"TIMP1",0,2.349,0.366,0.123,0,"TIMP1"
"KCNN3",0,2.034,0.426,0.184,0,"KCNN3"
"PDE3A",0,1.907,0.426,0.184,0,"PDE3A"
"SPATA6",0,1.782,0.426,0.185,0,"SPATA6"
"FAM107A",0,2.968,0.291,0.05,0,"FAM107A"
"ARAP2",0,1.717,0.5,0.259,0,"ARAP2"
"PCDH10",0,2.187,0.337,0.097,0,"PCDH10"
"GFAP",0,4.237,0.281,0.041,0,"GFAP"
"IGFBP7",0,4.518,0.271,0.033,0,"IGFBP7"
"SMIM30",0,1.963,0.391,0.153,0,"SMIM30"
"ENKUR",0,2.451,0.312,0.074,0,"ENKUR"
"TMSB15A",0,-0.774,0.634,0.87,0,"TMSB15A"
"AGT",0,5.409,0.252,0.017,0,"AGT"
"ATP13A4",0,2.54,0.311,0.077,0,"ATP13A4"
"TRIM9",0,1.687,0.57,0.34,0,"TRIM9"
"ITM2C",0,2.482,0.436,0.207,0,"ITM2C"
"OGFRL1",0,2.772,0.477,0.249,0,"OGFRL1"
"COL4A6",0,2.394,0.299,0.072,0,"COL4A6"
"MT3",0,5.207,0.269,0.044,0,"MT3"
"LAMA4",0,3.251,0.265,0.041,0,"LAMA4"
"PSAT1",0,2.288,0.477,0.253,0,"PSAT1"
"SLCO1C1",0,3.155,0.286,0.063,0,"SLCO1C1"
"C2orf72",0,2.262,0.322,0.101,0,"C2orf72"
"GASK1B",0,4.115,0.247,0.027,0,"GASK1B"
"ANXA1",0,2.726,0.261,0.042,0,"ANXA1"
"PMP22",0,2.538,0.329,0.111,0,"PMP22"
"LRRN2",0,2.59,0.287,0.071,0,"LRRN2"
"NEK6",0,2.452,0.294,0.084,0,"NEK6"
"CYP7B1",0,2.329,0.268,0.06,0,"CYP7B1"
"LMO2",0,3.462,0.25,0.042,0,"LMO2"
"RND3",0,-0.859,0.663,0.87,0,"RND3"
"MAP3K5",0,2.713,0.261,0.055,0,"MAP3K5"
"S1PR1",0,3.231,0.244,0.042,0,"S1PR1"
"IFI44L",0,2.692,0.254,0.054,0,"IFI44L"
"VCAM1",0,2.92,0.25,0.05,0,"VCAM1"
"ARHGEF4",0,3.181,0.255,0.055,0,"ARHGEF4"
"ID4",0,1.763,0.676,0.48,0,"ID4"
"TNIK",0,1.811,0.753,0.559,0,"TNIK"
"CST3",0,4.062,0.641,0.452,0,"CST3"
"PEA15",0,2.502,0.633,0.445,0,"PEA15"
"SSPN",0,3.584,0.215,0.027,0,"SSPN"
"NPAS3",0,1.422,0.731,0.549,0,"NPAS3"
"CA12",0,3.223,0.212,0.031,0,"CA12"
"RANBP3L",0,3.309,0.209,0.031,0,"RANBP3L"
"BBOX1",0,3.167,0.209,0.032,0,"BBOX1"
"CTXND1",0,2.919,0.201,0.025,0,"CTXND1"
"MMD2",0,3.974,0.201,0.027,0,"MMD2"
"RPE65",0,3.771,0.192,0.02,0,"RPE65"
"CPE",0,1.604,0.796,0.625,0,"CPE"
"PTPRZ1",0,2.4,0.684,0.518,0,"PTPRZ1"
"GCSH",0,1.383,0.664,0.501,0,"GCSH"
"CD81",0,2.052,0.741,0.599,0,"CD81"
"PSAP",0,1.313,0.733,0.594,0,"PSAP"
"EZR",0,1.777,0.698,0.561,0,"EZR"
"FAM171B",0,1.861,0.76,0.627,0,"FAM171B"
"TOX3",0,-1.534,0.633,0.764,0,"TOX3"
"B2M",0,2.042,0.769,0.651,0,"B2M"
"CD63",0,2.269,0.831,0.718,0,"CD63"
"CANX",0,1.187,0.803,0.703,0,"CANX"
"SNX3",0,1.266,0.818,0.747,0,"SNX3"
"TSPAN3",0,1.263,0.809,0.743,0,"TSPAN3"
"DBI",0,1.937,0.85,0.797,0,"DBI"
"ITM2B",0,1.23,0.904,0.855,0,"ITM2B"
"PRDX1",0,1.198,0.849,0.804,0,"PRDX1"
"TMBIM6",0,1.13,0.86,0.82,0,"TMBIM6"
"SEPTIN2",0,0.818,0.917,0.883,0,"SEPTIN2"
"GPM6B",0,2.119,0.941,0.908,0,"GPM6B"
"STMN1",0,-0.728,0.967,0.995,0,"STMN1"
"TUBB",0,-0.67,0.973,0.995,0,"TUBB"
"SOX4",0,-0.647,0.977,0.998,0,"SOX4"
"MT-ND1",0,0.818,0.956,0.972,0,"MT-ND1"
"MT-ATP6",0,0.906,0.975,0.985,0,"MT-ATP6"
"MT-CO3",0,0.884,0.984,0.989,0,"MT-CO3"
"FTH1",0,0.849,0.994,0.995,0,"FTH1"
"CALM1",0,1.319,0.971,0.97,0,"CALM1"
"ATP6AP2",2.91e-307,0.969,0.826,0.732,5.41e-303,"ATP6AP2"
"MYO10",3.08e-307,1.769,0.58,0.385,5.72e-303,"MYO10"
"GNG12",9.34e-307,2.167,0.333,0.112,1.74e-302,"GNG12"
"BHLHE40",6.08e-306,2.935,0.215,0.036,1.13e-301,"BHLHE40"
"ARID5B",2.13e-305,1.211,0.516,0.251,3.97e-301,"ARID5B"
"PBXIP1",3.57e-305,2.543,0.294,0.085,6.64e-301,"PBXIP1"
"NMB",5.03e-305,3.776,0.244,0.054,9.37e-301,"NMB"
"LPP",1.86e-302,1.222,0.667,0.443,3.47e-298,"LPP"
"SLC15A2",3.53e-302,3.062,0.214,0.036,6.56e-298,"SLC15A2"
"TAGLN2",2.92e-301,2.981,0.267,0.069,5.43e-297,"TAGLN2"
"ZFP36L1",8.9e-301,1.561,0.547,0.32,1.66e-296,"ZFP36L1"
"ENOX1",2.25e-300,-1.378,0.48,0.687,4.19e-296,"ENOX1"
"GLUD1",3.18e-300,1.946,0.543,0.336,5.91e-296,"GLUD1"
"CERS6",2.85e-299,-0.603,0.927,0.982,5.31e-295,"CERS6"
"NRXN3",7.42e-299,-0.556,0.709,0.955,1.38e-294,"NRXN3"
"TRPS1",1.17e-298,1.255,0.664,0.449,2.17e-294,"TRPS1"
"ITGB5",2.79e-298,3.655,0.172,0.016,5.2e-294,"ITGB5"
"SDCBP",5.61e-298,1.101,0.779,0.676,1.04e-293,"SDCBP"
"RHOJ",1.17e-296,1.971,0.397,0.168,2.18e-292,"RHOJ"
"VEPH1",1.8e-295,1.743,0.396,0.16,3.34e-291,"VEPH1"
"CNN3",3.67e-295,1.848,0.756,0.677,6.83e-291,"CNN3"
"RPS2",5.54e-295,0.679,0.989,0.993,1.03e-290,"RPS2"
"MT-CO2",1.26e-294,0.714,0.971,0.984,2.35e-290,"MT-CO2"
"MT-CYB",4.82e-294,0.798,0.966,0.98,8.97e-290,"MT-CYB"
"MT-ND4",4.01e-292,0.773,0.969,0.986,7.47e-288,"MT-ND4"
"HUNK",5.43e-291,-1.266,0.281,0.536,1.01e-286,"HUNK"
"REXO2",8.46e-290,1.66,0.442,0.208,1.57e-285,"REXO2"
"ATP6V0E1",3.46e-288,1.021,0.746,0.605,6.43e-284,"ATP6V0E1"
"STON2",6.76e-287,1.713,0.442,0.208,1.26e-282,"STON2"
"MCC",1.84e-286,1.022,0.635,0.389,3.43e-282,"MCC"
"QKI",4.27e-286,0.615,0.998,0.998,7.94e-282,"QKI"
"NTM",6.28e-286,1.206,0.572,0.327,1.17e-281,"NTM"
"LIMCH1",1.33e-283,1.393,0.461,0.214,2.47e-279,"LIMCH1"
"LHX2",6.19e-283,2.084,0.352,0.137,1.15e-278,"LHX2"
"SDC3",2.68e-281,1.791,0.4,0.174,4.98e-277,"SDC3"
"SKP1",1.31e-279,0.579,0.973,0.979,2.45e-275,"SKP1"
"FZD8",1.89e-279,2.572,0.226,0.047,3.52e-275,"FZD8"
"TMEM163",3.87e-279,2.683,0.24,0.057,7.2e-275,"TMEM163"
"MT2A",5.55e-278,3.149,0.415,0.201,1.03e-273,"MT2A"
"TFPI",4.48e-277,2.837,0.21,0.04,8.34e-273,"TFPI"
"CAST",8.81e-277,1.715,0.387,0.163,1.64e-272,"CAST"
"KANK1",8.94e-276,1.803,0.364,0.142,1.66e-271,"KANK1"
"GAD2",1.15e-275,-0.551,0.57,0.861,2.14e-271,"GAD2"
"CIB1",2.35e-275,1.782,0.37,0.151,4.38e-271,"CIB1"
"LAMP2",4.85e-275,1.505,0.585,0.386,9.04e-271,"LAMP2"
"SORL1",1.18e-274,1.382,0.496,0.252,2.19e-270,"SORL1"
"BDH2",2.48e-271,1.894,0.374,0.158,4.61e-267,"BDH2"
"LRP1B",1.26e-270,2.004,0.216,0.044,2.35e-266,"LRP1B"
"TPT1",2.24e-270,0.529,0.988,0.994,4.18e-266,"TPT1"
"SLC25A48",3.12e-268,3.099,0.182,0.026,5.81e-264,"SLC25A48"
"ABCC9",5.49e-268,3.889,0.16,0.017,1.02e-263,"ABCC9"
"MRC2",1.1e-267,1.676,0.39,0.17,2.04e-263,"MRC2"
"TMEM47",1.5e-267,1.961,0.403,0.185,2.8e-263,"TMEM47"
"COL6A1",3.91e-267,1.821,0.367,0.151,7.28e-263,"COL6A1"
"CRB2",7.47e-266,2.847,0.197,0.035,1.39e-261,"CRB2"
"ATRNL1",1.14e-265,-0.725,0.585,0.809,2.12e-261,"ATRNL1"
"SELENOW",1.54e-265,0.896,0.853,0.799,2.86e-261,"SELENOW"
"GPM6A",2.08e-265,0.831,0.969,0.938,3.86e-261,"GPM6A"
"CEMIP2",3.24e-265,-0.866,0.519,0.735,6.03e-261,"CEMIP2"
"BRI3",4.52e-265,0.751,0.895,0.842,8.41e-261,"BRI3"
"FZD7",8.43e-265,2.78,0.22,0.05,1.57e-260,"FZD7"
"SARAF",7.67e-264,0.847,0.854,0.783,1.43e-259,"SARAF"
"EZH2",2.35e-263,-0.938,0.653,0.802,4.38e-259,"EZH2"
"HSP90AA1",3.75e-263,0.637,0.99,0.995,6.99e-259,"HSP90AA1"
"CSTB",6.01e-263,1.098,0.753,0.654,1.12e-258,"CSTB"
"ID2",7.41e-263,1.158,0.743,0.559,1.38e-258,"ID2"
"C1orf54",7.96e-263,1.814,0.338,0.128,1.48e-258,"C1orf54"
"ACSBG1",9.64e-263,3.502,0.166,0.02,1.79e-258,"ACSBG1"
"PRDM16",3.24e-262,1.818,0.363,0.15,6.03e-258,"PRDM16"
"ADCYAP1R1",3.37e-262,3.122,0.194,0.035,6.28e-258,"ADCYAP1R1"
"LAMP1",3.92e-262,1.34,0.575,0.379,7.3e-258,"LAMP1"
"FAM189A2",9.61e-262,2.625,0.212,0.044,1.79e-257,"FAM189A2"
"SEPTIN7",1.62e-261,0.658,0.986,0.987,3.01e-257,"SEPTIN7"
"NEBL",1.85e-260,2.784,0.211,0.044,3.44e-256,"NEBL"
"SCP2",2.08e-260,1.047,0.708,0.574,3.86e-256,"SCP2"
"MT-ND2",3.26e-259,0.694,0.959,0.977,6.06e-255,"MT-ND2"
"MEGF10",3.61e-259,2.179,0.274,0.083,6.72e-255,"MEGF10"
"SUCLG2",6.96e-259,1.69,0.35,0.139,1.29e-254,"SUCLG2"
"IGFBPL1",6.67e-258,-1.521,0.142,0.366,1.24e-253,"IGFBPL1"
"SCN1A",1.29e-257,1.951,0.351,0.141,2.4e-253,"SCN1A"
"MGLL",3.86e-257,1.969,0.309,0.109,7.18e-253,"MGLL"
"EYA4",2.46e-256,2.032,0.279,0.087,4.58e-252,"EYA4"
"BICD1",5.7e-256,0.956,0.933,0.919,1.06e-251,"BICD1"
"NPC2",9.97e-256,1.563,0.545,0.349,1.86e-251,"NPC2"
"NEDD4L",3.86e-255,-0.508,0.962,0.99,7.19e-251,"NEDD4L"
"CTSL",6.46e-255,1.847,0.31,0.109,1.2e-250,"CTSL"
"TCF7L1",8.24e-255,1.384,0.415,0.189,1.53e-250,"TCF7L1"
"FKBP10",9.07e-255,1.83,0.329,0.125,1.69e-250,"FKBP10"
"LTBP1",7.82e-254,1.148,0.615,0.392,1.46e-249,"LTBP1"
"SPRY2",1.18e-253,1.696,0.401,0.187,2.2e-249,"SPRY2"
"H4C3",1.4e-253,-1.725,0.615,0.757,2.61e-249,"H4C3"
"CXCL14",1.47e-253,2.629,0.207,0.043,2.74e-249,"CXCL14"
"ST8SIA1",3.81e-253,1.958,0.301,0.102,7.1e-249,"ST8SIA1"
"MT-ND5",4.57e-253,0.767,0.949,0.963,8.5e-249,"MT-ND5"
"KCNJ10",1.43e-252,2.94,0.181,0.03,2.66e-248,"KCNJ10"
"PDGFRB",2.44e-252,3.555,0.163,0.021,4.53e-248,"PDGFRB"
"HDAC2",4.75e-252,-0.486,0.853,0.949,8.85e-248,"HDAC2"
"TMEM131L",3.12e-251,-0.583,0.727,0.885,5.81e-247,"TMEM131L"
"LYPD1",6.08e-251,3.334,0.173,0.027,1.13e-246,"LYPD1"
"DAAM2",1.3e-250,4.228,0.15,0.015,2.42e-246,"DAAM2"
"SLC25A18",1.14e-249,2.127,0.258,0.075,2.11e-245,"SLC25A18"
"SLC9A9",1.22e-249,2.332,0.204,0.042,2.27e-245,"SLC9A9"
"GABRB1",1.48e-249,2.959,0.19,0.036,2.76e-245,"GABRB1"
"TMEFF1",3.36e-249,-0.596,0.687,0.878,6.26e-245,"TMEFF1"
"ARL6IP5",3.43e-248,1.167,0.658,0.498,6.38e-244,"ARL6IP5"
"RPL5",6.84e-248,0.551,0.988,0.994,1.27e-243,"RPL5"
"PRNP",8.27e-248,1.677,0.4,0.189,1.54e-243,"PRNP"
"DLX2",9.47e-248,-0.625,0.652,0.857,1.76e-243,"DLX2"
"ELAVL4",2.59e-247,-0.865,0.374,0.64,4.82e-243,"ELAVL4"
"ANXA5",6.24e-247,1.619,0.598,0.44,1.16e-242,"ANXA5"
"GARNL3",8.88e-247,1.434,0.524,0.309,1.65e-242,"GARNL3"
"PTMA",9.65e-247,-0.494,0.98,0.996,1.8e-242,"PTMA"
"DPP6",9.86e-247,1.659,0.49,0.262,1.84e-242,"DPP6"
"SCRN1",7.31e-245,1.37,0.513,0.312,1.36e-240,"SCRN1"
"PPP2R5A",2.83e-244,1.563,0.448,0.234,5.26e-240,"PPP2R5A"
"DOCK1",6.73e-244,1.395,0.478,0.266,1.25e-239,"DOCK1"
"ADCY2",7.43e-244,1.53,0.305,0.107,1.38e-239,"ADCY2"
"PDLIM2",1.63e-243,1.715,0.346,0.144,3.03e-239,"PDLIM2"
"SRI",7.26e-243,0.813,0.832,0.752,1.35e-238,"SRI"
"NACC2",1.49e-242,1.948,0.295,0.105,2.78e-238,"NACC2"
"HSP90AB1",5.83e-242,0.556,0.981,0.985,1.09e-237,"HSP90AB1"
"H1-10",1.13e-241,-0.82,0.776,0.881,2.11e-237,"H1-10"
"IFITM3",1.45e-241,2.159,0.269,0.087,2.7e-237,"IFITM3"
"YAP1",2.83e-240,1.24,0.464,0.242,5.26e-236,"YAP1"
"RFX4",6.09e-240,1.028,0.629,0.416,1.13e-235,"RFX4"
"RPL41",6.32e-240,0.556,0.988,0.994,1.18e-235,"RPL41"
"MT-RNR2",1.01e-239,0.498,0.992,0.997,1.88e-235,"MT-RNR2"
"MYO1B",1.78e-239,-1.098,0.329,0.56,3.31e-235,"MYO1B"
"HNMT",4.26e-239,3.296,0.159,0.022,7.93e-235,"HNMT"
"ARHGAP31",1.39e-238,1.792,0.282,0.095,2.59e-234,"ARHGAP31"
"RPL13A",1.73e-238,0.481,0.987,0.993,3.23e-234,"RPL13A"
"RAB29",1.85e-238,2.442,0.212,0.051,3.44e-234,"RAB29"
"PARP14",7.32e-238,1.865,0.284,0.096,1.36e-233,"PARP14"
"APC",2.07e-237,0.758,0.973,0.964,3.85e-233,"APC"
"FEZ2",3.88e-237,1.079,0.617,0.425,7.22e-233,"FEZ2"
"BCL11A",2.93e-236,-0.851,0.497,0.723,5.45e-232,"BCL11A"
"YWHAE",6.34e-236,0.47,0.982,0.982,1.18e-231,"YWHAE"
"MAML2",3.58e-234,0.868,0.845,0.674,6.66e-230,"MAML2"
"BMPR1B",3.95e-234,1.398,0.39,0.176,7.34e-230,"BMPR1B"
"OAT",2.42e-233,1.658,0.483,0.283,4.5e-229,"OAT"
"AKT3",6.62e-233,-0.562,0.966,0.979,1.23e-228,"AKT3"
"LPAR4",2.12e-232,2.328,0.246,0.075,3.95e-228,"LPAR4"
"AFDN",3.39e-232,-0.58,0.835,0.931,6.3e-228,"AFDN"
"SYNE2",1.43e-231,-0.582,0.896,0.95,2.66e-227,"SYNE2"
"NTRK3",3.57e-231,0.963,0.284,0.092,6.65e-227,"NTRK3"
"INSM1",7.07e-231,-0.849,0.348,0.595,1.32e-226,"INSM1"
"LITAF",3.1e-230,1.62,0.372,0.17,5.77e-226,"LITAF"
"HSPE1",6.57e-230,0.847,0.853,0.819,1.22e-225,"HSPE1"
"RAC1",8.37e-230,0.53,0.956,0.958,1.56e-225,"RAC1"
"TAFA5",1.3e-229,1.321,0.402,0.189,2.42e-225,"TAFA5"
"B3GALT5",6.28e-229,2.147,0.208,0.049,1.17e-224,"B3GALT5"
"NNAT",8.16e-229,-0.573,0.752,0.915,1.52e-224,"NNAT"
"SPCS1",1.1e-228,0.83,0.776,0.697,2.05e-224,"SPCS1"
"CDK2AP1",2.24e-228,0.986,0.78,0.713,4.17e-224,"CDK2AP1"
"PLD5",1.18e-227,1.548,0.257,0.078,2.2e-223,"PLD5"
"FGFR3",1.32e-227,3.414,0.142,0.016,2.46e-223,"FGFR3"
"CAMK2D",1.36e-227,1.224,0.737,0.589,2.53e-223,"CAMK2D"
"RPL28",4.08e-227,0.522,0.979,0.987,7.59e-223,"RPL28"
"BCL11B",8.17e-227,-0.58,0.538,0.827,1.52e-222,"BCL11B"
"LRP10",9.47e-227,2.199,0.248,0.078,1.76e-222,"LRP10"
"EMP3",6.79e-226,2.068,0.315,0.13,1.26e-221,"EMP3"
"ALCAM",9.9e-226,2.062,0.173,0.031,1.84e-221,"ALCAM"
"ALDOC",2.47e-225,2.603,0.211,0.054,4.6e-221,"ALDOC"
"SERPINB6",5.31e-225,1.586,0.342,0.146,9.88e-221,"SERPINB6"
"ARHGEF6",7.95e-225,1.652,0.324,0.131,1.48e-220,"ARHGEF6"
"FGF1",2.2e-224,2.762,0.168,0.029,4.1e-220,"FGF1"
"RHOC",6.6e-224,1.598,0.419,0.223,1.23e-219,"RHOC"
"RBMS3",4.32e-223,1.308,0.328,0.129,8.05e-219,"RBMS3"
"RHOQ",7.4e-223,1.374,0.488,0.294,1.38e-218,"RHOQ"
"ELF2",9.91e-223,-0.606,0.872,0.934,1.85e-218,"ELF2"
"PHYHIPL",3.24e-222,1.264,0.735,0.632,6.02e-218,"PHYHIPL"
"KCTD8",7.78e-222,2,0.241,0.072,1.45e-217,"KCTD8"
"ADGRV1",1.17e-220,1.698,0.775,0.701,2.18e-216,"ADGRV1"
"ADD3",1.35e-220,1.678,0.608,0.451,2.51e-216,"ADD3"
"SLC25A5",1.58e-220,1.222,0.796,0.752,2.94e-216,"SLC25A5"
"RAMP1",1.65e-220,2.77,0.195,0.046,3.08e-216,"RAMP1"
"CD99",1.72e-220,1.542,0.559,0.403,3.2e-216,"CD99"
"PPIB",1.9e-220,0.816,0.833,0.786,3.53e-216,"PPIB"
"PTPRE",2.36e-220,2.47,0.277,0.104,4.39e-216,"PTPRE"
"PDLIM5",4.16e-220,1.442,0.456,0.258,7.75e-216,"PDLIM5"
"SP9",4.23e-220,-0.696,0.371,0.63,7.87e-216,"SP9"
"PCGF5",4.35e-219,1.444,0.489,0.289,8.1e-215,"PCGF5"
"TMEM9B",5.53e-219,1.147,0.547,0.349,1.03e-214,"TMEM9B"
"TMED10",2.77e-218,1.02,0.663,0.528,5.16e-214,"TMED10"
"SAT1",5.64e-218,2.237,0.393,0.204,1.05e-213,"SAT1"
"SCD",7.54e-218,1.83,0.575,0.414,1.4e-213,"SCD"
"CDO1",9.9e-218,1.62,0.518,0.336,1.84e-213,"CDO1"
"SSH2",1.2e-217,-0.484,0.873,0.955,2.24e-213,"SSH2"
"ZNF704",1.41e-217,-0.445,0.895,0.958,2.62e-213,"ZNF704"
"GPR158",1.59e-217,1.513,0.474,0.261,2.96e-213,"GPR158"
"CEBPD",2.39e-217,2.687,0.176,0.036,4.44e-213,"CEBPD"
"PRDX6",4.16e-217,2.153,0.639,0.515,7.75e-213,"PRDX6"
"PREX2",7.2e-217,3.146,0.177,0.037,1.34e-212,"PREX2"
"DKK3",8.64e-217,1.763,0.266,0.09,1.61e-212,"DKK3"
"SERPINH1",1.06e-216,2.007,0.252,0.083,1.98e-212,"SERPINH1"
"GNG4",1.26e-216,-0.703,0.538,0.741,2.35e-212,"GNG4"
"TMPO",1.6e-216,-0.894,0.65,0.785,2.98e-212,"TMPO"
"OAF",7.09e-216,4.189,0.128,0.012,1.32e-211,"OAF"
"RORA",7.81e-216,0.787,0.638,0.416,1.45e-211,"RORA"
"KIF26B",9.69e-216,1.818,0.4,0.2,1.8e-211,"KIF26B"
"COL4A1",2.73e-215,1.92,0.341,0.152,5.07e-211,"COL4A1"
"PREX1",4.8e-215,1.69,0.39,0.199,8.93e-211,"PREX1"
"APLP2",1.01e-214,0.833,0.837,0.787,1.87e-210,"APLP2"
"TAOK3",2.81e-214,0.919,0.789,0.677,5.23e-210,"TAOK3"
"SASH1",4.97e-214,1.655,0.321,0.132,9.24e-210,"SASH1"
"CREB5",5.18e-214,1.278,0.518,0.321,9.63e-210,"CREB5"
"SPCS2",5.66e-214,0.66,0.887,0.867,1.05e-209,"SPCS2"
"NFE2L2",9.06e-214,1.075,0.631,0.47,1.69e-209,"NFE2L2"
"CCDC160",1.39e-213,3.224,0.136,0.016,2.59e-209,"CCDC160"
"NDUFA4",7.5e-213,0.563,0.94,0.943,1.4e-208,"NDUFA4"
"PACRG",8.45e-213,1.169,0.314,0.121,1.57e-208,"PACRG"
"RPL12",1.04e-212,0.632,0.957,0.959,1.94e-208,"RPL12"
"EVA1C",1.71e-212,1.901,0.308,0.126,3.17e-208,"EVA1C"
"FSTL1",2.07e-212,1.677,0.423,0.231,3.85e-208,"FSTL1"
"CSGALNACT1",1.27e-211,3.508,0.127,0.013,2.37e-207,"CSGALNACT1"
"FAM3C",1.69e-211,1.312,0.558,0.388,3.14e-207,"FAM3C"
"SPATS2L",2.35e-211,1.009,0.57,0.39,4.37e-207,"SPATS2L"
"BLVRB",1.06e-210,1.587,0.341,0.15,1.97e-206,"BLVRB"
"AUTS2",2.68e-210,-0.482,0.983,0.997,4.98e-206,"AUTS2"
"LRIG1",3.21e-210,1.381,0.567,0.4,5.97e-206,"LRIG1"
"CYSTM1",3.84e-210,1.22,0.565,0.379,7.15e-206,"CYSTM1"
"PTCHD1",4.43e-209,1.709,0.244,0.078,8.24e-205,"PTCHD1"
"PRCP",5.22e-209,1.371,0.456,0.258,9.72e-205,"PRCP"
"PAK3",8.41e-209,-0.383,0.947,0.99,1.57e-204,"PAK3"
"C16orf74",9.86e-209,2.198,0.212,0.059,1.84e-204,"C16orf74"
"CD38",1.32e-208,4.055,0.117,0.009,2.45e-204,"CD38"
"SLC26A7",5.39e-208,3.097,0.167,0.033,1e-203,"SLC26A7"
"ZFP36L2",6.01e-208,1.778,0.447,0.263,1.12e-203,"ZFP36L2"
"SFXN5",4.25e-207,1.526,0.452,0.265,7.92e-203,"SFXN5"
"TSC22D4",1.51e-206,1.69,0.319,0.134,2.81e-202,"TSC22D4"
"ARHGAP5",1.91e-206,1.092,0.755,0.648,3.56e-202,"ARHGAP5"
"LIFR",2.66e-205,1.449,0.528,0.348,4.95e-201,"LIFR"
"GAS2L3",3.05e-205,-1.117,0.299,0.508,5.68e-201,"GAS2L3"
"DNPH1",6.38e-205,1.462,0.392,0.201,1.19e-200,"DNPH1"
"PTPRN2",6.85e-205,-0.724,0.547,0.743,1.28e-200,"PTPRN2"
"KIAA1671",1.19e-204,2.01,0.216,0.061,2.21e-200,"KIAA1671"
"RGCC",3.61e-204,4.52,0.113,0.008,6.71e-200,"RGCC"
"MAOA",3.75e-204,2.176,0.202,0.054,6.99e-200,"MAOA"
"CD44",3.82e-204,3.515,0.137,0.019,7.11e-200,"CD44"
"RPL7",1.28e-203,0.453,0.984,0.992,2.38e-199,"RPL7"
"RPL15",3.47e-203,0.425,0.988,0.994,6.45e-199,"RPL15"
"PLAAT4",4.04e-203,3.335,0.135,0.018,7.52e-199,"PLAAT4"
"SLITRK2",5.58e-203,1.968,0.225,0.068,1.04e-198,"SLITRK2"
"PDLIM3",1.07e-202,1.717,0.336,0.153,1.98e-198,"PDLIM3"
"ARNTL",1.02e-201,1.607,0.281,0.106,1.89e-197,"ARNTL"
"SHROOM3",3.13e-201,1.05,0.48,0.277,5.83e-197,"SHROOM3"
"MPPED2",1.42e-200,-1.592,0.435,0.614,2.64e-196,"MPPED2"
"HMGN3",2.03e-200,0.851,0.859,0.809,3.77e-196,"HMGN3"
"DOCK3",3.12e-200,0.946,0.523,0.305,5.8e-196,"DOCK3"
"HLA-E",6.78e-200,2.219,0.196,0.052,1.26e-195,"HLA-E"
"GRAMD1B",1.35e-199,1.525,0.401,0.209,2.51e-195,"GRAMD1B"
"DIPK1C",4.87e-199,3.794,0.115,0.01,9.06e-195,"DIPK1C"
"SCRG1",5.97e-199,1.092,0.597,0.419,1.11e-194,"SCRG1"
"TRIL",1.06e-198,3.431,0.134,0.019,1.97e-194,"TRIL"
"STAG1",1.86e-198,-0.503,0.94,0.968,3.46e-194,"STAG1"
"SNTB1",4.62e-198,2.275,0.166,0.034,8.59e-194,"SNTB1"
"PBX1",6.68e-198,-0.825,0.939,0.961,1.24e-193,"PBX1"
"PTPN14",8.03e-198,1.874,0.224,0.069,1.49e-193,"PTPN14"
"ETFRF1",1.13e-197,1.334,0.386,0.192,2.11e-193,"ETFRF1"
"NID1",3.12e-197,2.56,0.201,0.056,5.82e-193,"NID1"
"ZEB2",5.46e-197,-0.606,0.905,0.92,1.02e-192,"ZEB2"
"ANGPT1",8.35e-197,2.144,0.163,0.033,1.55e-192,"ANGPT1"
"ASAH1",1.17e-196,1.232,0.486,0.288,2.18e-192,"ASAH1"
"IL6ST",1.38e-196,1.252,0.449,0.256,2.58e-192,"IL6ST"
"TM7SF2",3.12e-196,1.614,0.333,0.151,5.81e-192,"TM7SF2"
"PCDH7",1.22e-195,0.547,0.311,0.123,2.27e-191,"PCDH7"
"TMSB10",5.83e-195,-0.446,0.98,0.996,1.08e-190,"TMSB10"
"CHCHD10",8.28e-195,1.677,0.34,0.16,1.54e-190,"CHCHD10"
"LAMTOR4",1.93e-194,0.973,0.64,0.493,3.6e-190,"LAMTOR4"
"SOX9",8.64e-194,0.848,0.754,0.643,1.61e-189,"SOX9"
"NME5",1.37e-193,2.047,0.2,0.055,2.55e-189,"NME5"
"GSN",2.3e-193,2.228,0.194,0.052,4.28e-189,"GSN"
"MOXD1",3.06e-193,1.577,0.394,0.207,5.69e-189,"MOXD1"
"ZCCHC24",9.6e-193,1.863,0.238,0.081,1.79e-188,"ZCCHC24"
"DAD1",1.12e-192,0.812,0.771,0.707,2.08e-188,"DAD1"
"PARK7",1.15e-192,0.598,0.904,0.892,2.15e-188,"PARK7"
"SBDS",7.1e-192,1.036,0.589,0.423,1.32e-187,"SBDS"
"VAT1L",2.71e-191,2.333,0.182,0.046,5.04e-187,"VAT1L"
"FNDC3B",3e-191,1.107,0.538,0.359,5.59e-187,"FNDC3B"
"LMNB1",8.42e-191,-0.887,0.458,0.644,1.57e-186,"LMNB1"
"BMP7",1.07e-190,1.504,0.406,0.22,1.99e-186,"BMP7"
"JUN",2.27e-190,1.589,0.497,0.319,4.23e-186,"JUN"
"MAST4",2.45e-190,1.733,0.315,0.139,4.55e-186,"MAST4"
"NR3C1",2.69e-190,0.924,0.43,0.222,5e-186,"NR3C1"
"RPL3",2.95e-190,0.487,0.985,0.993,5.49e-186,"RPL3"
"NR2F1",5.12e-190,0.779,0.847,0.735,9.52e-186,"NR2F1"
"WWTR1",1.06e-189,1.629,0.474,0.293,1.98e-185,"WWTR1"
"AHNAK",1.61e-189,2.634,0.165,0.037,2.99e-185,"AHNAK"
"LRATD2",1.74e-189,2.587,0.166,0.037,3.24e-185,"LRATD2"
"SEMA6A",2.74e-189,1.092,0.538,0.357,5.1e-185,"SEMA6A"
"OLA1",4.37e-189,-0.479,0.92,0.956,8.14e-185,"OLA1"
"ITPKB",6.26e-189,2.146,0.197,0.056,1.17e-184,"ITPKB"
"COLGALT2",6.44e-189,1.572,0.304,0.128,1.2e-184,"COLGALT2"
"FSTL5",6.5e-189,1.728,0.257,0.095,1.21e-184,"FSTL5"
"HEBP1",1.15e-188,1.694,0.291,0.122,2.15e-184,"HEBP1"
"ITGA7",1.2e-188,1.804,0.33,0.155,2.24e-184,"ITGA7"
"A2M",7.46e-188,2.162,0.288,0.121,1.39e-183,"A2M"
"CRH",1.43e-187,3.322,0.135,0.021,2.66e-183,"CRH"
"BASP1",3.06e-187,-0.442,0.957,0.983,5.69e-183,"BASP1"
"MGST3",7e-187,0.699,0.905,0.885,1.3e-182,"MGST3"
"CTNND2",8.19e-187,0.577,0.978,0.96,1.53e-182,"CTNND2"
"TNFRSF1A",8.2e-187,1.801,0.259,0.099,1.53e-182,"TNFRSF1A"
"DAPK1",3.08e-186,-0.469,0.754,0.891,5.73e-182,"DAPK1"
"MOCS2",6.16e-186,1.236,0.421,0.236,1.15e-181,"MOCS2"
"MT1X",6.83e-186,2.504,0.306,0.135,1.27e-181,"MT1X"
"MMP28",7.77e-186,3.229,0.132,0.02,1.45e-181,"MMP28"
"TUBB3",1.1e-185,-0.865,0.337,0.548,2.04e-181,"TUBB3"
"SLC44A3",2.55e-185,2.614,0.152,0.03,4.74e-181,"SLC44A3"
"RGMA",6.35e-185,1.58,0.422,0.243,1.18e-180,"RGMA"
"CYP51A1",5.4e-184,1.331,0.665,0.548,1.01e-179,"CYP51A1"
"PHACTR2",1.05e-183,1.527,0.271,0.105,1.96e-179,"PHACTR2"
"DLX6",1.18e-183,-0.725,0.28,0.511,2.19e-179,"DLX6"
"IDS",1.24e-183,0.903,0.62,0.448,2.31e-179,"IDS"
"NIM1K",1.29e-183,1.502,0.259,0.096,2.39e-179,"NIM1K"
"SESN3",1.38e-183,0.985,0.776,0.662,2.57e-179,"SESN3"
"NUPR1",2.67e-183,3.142,0.132,0.021,4.96e-179,"NUPR1"
"INPP1",8.04e-183,2.283,0.182,0.048,1.5e-178,"INPP1"
"NCAN",2.17e-182,1.385,0.641,0.511,4.04e-178,"NCAN"
"PLCE1",4.18e-182,1.053,0.509,0.322,7.78e-178,"PLCE1"
"HLA-A",5.45e-182,1.28,0.513,0.344,1.01e-177,"HLA-A"
"TMEM59L",5.92e-182,1.251,0.33,0.147,1.1e-177,"TMEM59L"
"RPS6",6.07e-182,0.502,0.984,0.99,1.13e-177,"RPS6"
"SIPA1L1",5.95e-181,0.736,0.763,0.597,1.11e-176,"SIPA1L1"
"TRIM47",6e-181,2.636,0.147,0.029,1.12e-176,"TRIM47"
"GPR137B",8.77e-181,1.007,0.589,0.413,1.63e-176,"GPR137B"
"AIG1",1.69e-180,1.005,0.525,0.342,3.15e-176,"AIG1"
"TKT",2.11e-180,1.096,0.652,0.532,3.92e-176,"TKT"
"DPP7",2.15e-179,1.822,0.254,0.098,4.01e-175,"DPP7"
"LGALS3",1.18e-178,2.607,0.195,0.059,2.19e-174,"LGALS3"
"SHISA6",1.23e-178,1.862,0.187,0.052,2.3e-174,"SHISA6"
"CTSH",2.03e-178,2.881,0.172,0.044,3.78e-174,"CTSH"
"CACHD1",4.85e-178,1.406,0.323,0.147,9.02e-174,"CACHD1"
"FHL1",1.62e-177,1.037,0.53,0.341,3.01e-173,"FHL1"
"NADK2",2.55e-177,1.31,0.394,0.213,4.75e-173,"NADK2"
"BHLHE41",5.18e-177,4.39,0.097,0.006,9.64e-173,"BHLHE41"
"GRAMD2B",6.76e-177,4.36,0.1,0.007,1.26e-172,"GRAMD2B"
"PLEKHA6",1.17e-176,1.562,0.238,0.084,2.18e-172,"PLEKHA6"
"CEBPB",1.53e-176,2.677,0.139,0.026,2.85e-172,"CEBPB"
"BST2",1.94e-176,2.867,0.123,0.018,3.62e-172,"BST2"
"REEP5",2.01e-176,0.897,0.626,0.476,3.74e-172,"REEP5"
"ITPRID2",6.68e-176,1.38,0.423,0.25,1.24e-171,"ITPRID2"
"CENPV",9.03e-176,-0.522,0.787,0.894,1.68e-171,"CENPV"
"CACNB2",1.17e-175,1.523,0.399,0.224,2.19e-171,"CACNB2"
"SQSTM1",1.27e-175,1.142,0.577,0.416,2.36e-171,"SQSTM1"
"CCDC80",1.32e-175,3.387,0.118,0.016,2.45e-171,"CCDC80"
"CD9",1.8e-175,1.459,0.383,0.208,3.35e-171,"CD9"
"LRRC10B",4.53e-175,2.847,0.125,0.019,8.43e-171,"LRRC10B"
"GJA1",4.96e-175,2.205,0.379,0.208,9.23e-171,"GJA1"
"RPL19",5.43e-175,0.418,0.983,0.991,1.01e-170,"RPL19"
"DNAH7",1.08e-174,2.446,0.168,0.042,2.01e-170,"DNAH7"
"PROS1",1.09e-174,1.322,0.293,0.124,2.03e-170,"PROS1"
"ZBTB7C",1.5e-174,2.122,0.188,0.054,2.8e-170,"ZBTB7C"
"OSBPL6",1.96e-174,1.181,0.351,0.171,3.65e-170,"OSBPL6"
"CPEB4",2.92e-174,0.798,0.729,0.578,5.43e-170,"CPEB4"
"CDH11",1.43e-173,1.323,0.288,0.122,2.66e-169,"CDH11"
"IFIT2",1.84e-173,2.234,0.163,0.04,3.43e-169,"IFIT2"
"SORBS1",5.65e-173,1.115,0.719,0.607,1.05e-168,"SORBS1"
"NQO1",1.29e-172,2.027,0.219,0.075,2.41e-168,"NQO1"
"LSM10",1.49e-172,1.123,0.431,0.247,2.77e-168,"LSM10"
"MLLT11",2.34e-172,-0.388,0.847,0.95,4.36e-168,"MLLT11"
"RO60",4.98e-172,0.608,0.85,0.788,9.27e-168,"RO60"
"PPIC",6.32e-172,3.32,0.109,0.012,1.18e-167,"PPIC"
"ADAMTS6",5.35e-171,0.834,0.449,0.25,9.96e-167,"ADAMTS6"
"WLS",6.65e-171,1.254,0.51,0.328,1.24e-166,"WLS"
"SYT11",1.07e-170,0.653,0.851,0.798,2e-166,"SYT11"
"RHOA",2.31e-170,0.615,0.847,0.809,4.31e-166,"RHOA"
"LAMTOR1",2.94e-170,0.872,0.689,0.582,5.48e-166,"LAMTOR1"
"RIDA",3.05e-170,1.358,0.385,0.21,5.68e-166,"RIDA"
"SLC3A2",4.07e-170,1.129,0.588,0.432,7.58e-166,"SLC3A2"
"H3C4",4.37e-170,-1.825,0.119,0.28,8.13e-166,"H3C4"
"GRIK4",7.11e-170,1.492,0.231,0.081,1.32e-165,"GRIK4"
"CYB5A",8.44e-170,1.116,0.567,0.402,1.57e-165,"CYB5A"
"MT1E",8.99e-170,5.377,0.103,0.01,1.67e-165,"MT1E"
"PDCD6",9.44e-170,0.739,0.757,0.68,1.76e-165,"PDCD6"
"DLX1",1.25e-169,-0.514,0.594,0.781,2.33e-165,"DLX1"
"PTPRG",1.34e-169,0.511,0.584,0.383,2.49e-165,"PTPRG"
"SPART",1.89e-169,0.923,0.616,0.466,3.51e-165,"SPART"
"NPNT",2.36e-169,2.358,0.238,0.091,4.39e-165,"NPNT"
"SPATA13",2.51e-169,1.043,0.508,0.331,4.67e-165,"SPATA13"
"CPNE3",2.63e-169,0.674,0.774,0.677,4.9e-165,"CPNE3"
"BEX3",5.01e-169,0.531,0.951,0.945,9.32e-165,"BEX3"
"PDE1A",9.97e-169,0.757,0.54,0.315,1.86e-164,"PDE1A"
"ACTN1",3.66e-168,1.415,0.387,0.216,6.81e-164,"ACTN1"
"UBE2S",5.15e-168,-0.853,0.693,0.81,9.59e-164,"UBE2S"
"GABARAP",6.91e-168,0.482,0.963,0.968,1.29e-163,"GABARAP"
"ARID1B",1.27e-167,-0.428,0.97,0.984,2.36e-163,"ARID1B"
"SERF2",1.36e-167,0.631,0.913,0.929,2.53e-163,"SERF2"
"GLIPR2",1.98e-167,1.352,0.36,0.188,3.69e-163,"GLIPR2"
"NDRG2",2.42e-167,1.898,0.364,0.198,4.51e-163,"NDRG2"
"LRRC3B",3.34e-167,1.704,0.412,0.248,6.22e-163,"LRRC3B"
"ADHFE1",4.61e-167,2.252,0.16,0.04,8.58e-163,"ADHFE1"
"SEC11A",6.07e-167,0.656,0.813,0.77,1.13e-162,"SEC11A"
"ECI2",7.16e-167,1.212,0.61,0.481,1.33e-162,"ECI2"
"RREB1",1.96e-166,1.605,0.248,0.097,3.64e-162,"RREB1"
"INPP4B",1.98e-166,1.428,0.229,0.082,3.68e-162,"INPP4B"
"TCEA1",2.18e-166,0.653,0.853,0.813,4.05e-162,"TCEA1"
"ATP5F1D",2.18e-166,0.704,0.783,0.72,4.06e-162,"ATP5F1D"
"NR3C2",2.56e-166,1.136,0.131,0.024,4.77e-162,"NR3C2"
"CKB",1.08e-165,0.679,0.975,0.975,2.02e-161,"CKB"
"RPL36",2.42e-165,0.461,0.967,0.971,4.51e-161,"RPL36"
"SDC2",5.07e-165,1.001,0.375,0.191,9.44e-161,"SDC2"
"TGFB2",5.95e-165,1.658,0.192,0.059,1.11e-160,"TGFB2"
"HSPA8",6.11e-165,0.562,0.926,0.907,1.14e-160,"HSPA8"
"ARHGAP42",1.21e-164,1.027,0.382,0.197,2.25e-160,"ARHGAP42"
"KNL1",1.23e-164,-1.331,0.169,0.34,2.28e-160,"KNL1"
"GRID2",1.27e-164,0.565,0.464,0.269,2.37e-160,"GRID2"
"PEPD",2.06e-164,1.077,0.448,0.269,3.84e-160,"PEPD"
"APRT",3.11e-164,1.135,0.443,0.266,5.79e-160,"APRT"
"LAMB2",4.61e-164,2.522,0.142,0.031,8.58e-160,"LAMB2"
"TANC1",4.87e-164,0.964,0.507,0.321,9.07e-160,"TANC1"
"SPRY1",1.07e-163,1.874,0.163,0.042,1.98e-159,"SPRY1"
"CTBS",1.47e-163,1.802,0.201,0.066,2.74e-159,"CTBS"
"METTL7B",1.71e-163,2.509,0.137,0.028,3.18e-159,"METTL7B"
"RPS5",1.76e-163,0.445,0.978,0.986,3.27e-159,"RPS5"
"EEF1A1",1.95e-163,0.403,0.995,0.998,3.63e-159,"EEF1A1"
"TRIM5",4.06e-163,1.686,0.225,0.082,7.56e-159,"TRIM5"
"TMEM147",6.22e-163,0.924,0.588,0.433,1.16e-158,"TMEM147"
"IL17D",1.33e-162,1.765,0.235,0.089,2.47e-158,"IL17D"
"CMBL",3.49e-162,1.275,0.336,0.164,6.5e-158,"CMBL"
"PRKN",4.3e-162,0.766,0.6,0.4,8e-158,"PRKN"
"H3C2",5.39e-162,-1.762,0.092,0.242,1e-157,"H3C2"
"PCDH17",6.47e-162,1.04,0.294,0.127,1.2e-157,"PCDH17"
"CRIM1",7.63e-162,1.171,0.246,0.094,1.42e-157,"CRIM1"
"ATXN1",7.7e-162,0.686,0.842,0.718,1.43e-157,"ATXN1"
"SHTN1",9.12e-162,-1.426,0.584,0.668,1.7e-157,"SHTN1"
"IFI6",2.02e-161,1.658,0.226,0.084,3.76e-157,"IFI6"
"CRYL1",4.5e-161,1.29,0.437,0.263,8.37e-157,"CRYL1"
"EMP1",1.22e-160,3.104,0.112,0.016,2.26e-156,"EMP1"
"ACTN2",1.83e-160,1.453,0.343,0.177,3.4e-156,"ACTN2"
"PBX3",2.1e-160,-1.385,0.454,0.585,3.9e-156,"PBX3"
"IFI27L2",2.25e-160,1.01,0.563,0.398,4.18e-156,"IFI27L2"
"MT-ND3",3.48e-160,0.624,0.953,0.971,6.48e-156,"MT-ND3"
"ST13",3.88e-160,0.59,0.866,0.828,7.23e-156,"ST13"
"CALR",3.21e-159,0.992,0.667,0.558,5.98e-155,"CALR"
"CENPU",3.81e-159,-1.276,0.185,0.357,7.1e-155,"CENPU"
"LHFPL6",9.54e-159,0.855,0.502,0.312,1.78e-154,"LHFPL6"
"PDE4B",1.33e-158,0.801,0.526,0.343,2.47e-154,"PDE4B"
"TLN2",1.66e-158,0.945,0.409,0.224,3.09e-154,"TLN2"
"HMGCS1",1.93e-158,1.641,0.625,0.512,3.6e-154,"HMGCS1"
"SP110",2.01e-158,1.771,0.181,0.055,3.75e-154,"SP110"
"LDLRAD4",2.19e-158,0.787,0.31,0.139,4.08e-154,"LDLRAD4"
"NME3",3.54e-157,1.198,0.404,0.231,6.59e-153,"NME3"
"NAT8L",4.85e-157,1.63,0.221,0.081,9.02e-153,"NAT8L"
"RPS14",1.15e-156,0.399,0.986,0.994,2.13e-152,"RPS14"
"PTGDS",1.62e-156,4.964,0.092,0.008,3.01e-152,"PTGDS"
"SUGCT",1.81e-156,1.406,0.233,0.089,3.37e-152,"SUGCT"
"UBL3",5.45e-156,0.722,0.727,0.612,1.02e-151,"UBL3"
"NDFIP1",6.71e-156,0.492,0.918,0.891,1.25e-151,"NDFIP1"
"KIFC1",7.31e-156,-1.381,0.147,0.308,1.36e-151,"KIFC1"
"SPC25",9.69e-156,-1.181,0.174,0.345,1.8e-151,"SPC25"
"ANKUB1",1.42e-155,-0.634,0.698,0.809,2.64e-151,"ANKUB1"
"B3GAT2",4.48e-155,2.146,0.288,0.137,8.34e-151,"B3GAT2"
"UBE2C",6.3e-155,-1.419,0.167,0.337,1.17e-150,"UBE2C"
"DHRS4L2",1.05e-154,1.3,0.313,0.151,1.95e-150,"DHRS4L2"
"CBR1",1.36e-154,1.483,0.274,0.121,2.53e-150,"CBR1"
"PJA2",2.21e-154,0.562,0.903,0.866,4.12e-150,"PJA2"
"SOX11",2.68e-154,-0.235,0.923,0.989,4.99e-150,"SOX11"
"RRM2",2.83e-154,-1.17,0.158,0.326,5.26e-150,"RRM2"
"KDELR1",1.35e-153,0.759,0.711,0.634,2.51e-149,"KDELR1"
"HSPD1",1.36e-153,0.658,0.851,0.813,2.52e-149,"HSPD1"
"BRINP3",1.41e-153,0.699,0.435,0.246,2.62e-149,"BRINP3"
"STMN2",1.84e-153,-0.425,0.47,0.695,3.43e-149,"STMN2"
"HSPA5",2.69e-153,1.224,0.626,0.505,5e-149,"HSPA5"
"SFT2D1",2.77e-153,1.096,0.507,0.349,5.16e-149,"SFT2D1"
"NCAM1",4.05e-153,-0.407,0.906,0.956,7.54e-149,"NCAM1"
"DEPDC1B",4.64e-153,-1.35,0.173,0.337,8.63e-149,"DEPDC1B"
"NDUFA13",1.4e-152,0.485,0.913,0.905,2.6e-148,"NDUFA13"
"SNTA1",1.49e-152,1.79,0.248,0.105,2.77e-148,"SNTA1"
"COPRS",1.83e-152,0.994,0.542,0.391,3.41e-148,"COPRS"
"ALDH5A1",2.19e-152,1.263,0.26,0.109,4.08e-148,"ALDH5A1"
"ADGRB3",3.46e-152,0.576,0.959,0.929,6.43e-148,"ADGRB3"
"RPL13",3.59e-152,0.403,0.988,0.994,6.68e-148,"RPL13"
"HLA-C",4.23e-152,1.31,0.449,0.29,7.87e-148,"HLA-C"
"RFXANK",8.99e-152,1.19,0.349,0.184,1.67e-147,"RFXANK"
"RRAGD",1.08e-151,1.162,0.418,0.25,2e-147,"RRAGD"
"UBTD1",1.12e-151,2.275,0.131,0.028,2.09e-147,"UBTD1"
"STAT3",1.23e-151,0.687,0.694,0.544,2.29e-147,"STAT3"
"MEX3A",1.47e-151,-0.446,0.748,0.867,2.74e-147,"MEX3A"
"TNRC6A",1.76e-151,0.537,0.943,0.923,3.28e-147,"TNRC6A"
"KLF12",3.16e-151,-0.439,0.97,0.986,5.89e-147,"KLF12"
"FEZ1",6.31e-151,0.527,0.917,0.889,1.17e-146,"FEZ1"
"PPARGC1A",6.77e-151,2.181,0.141,0.034,1.26e-146,"PPARGC1A"
"ZMAT3",1.7e-150,0.921,0.545,0.37,3.17e-146,"ZMAT3"
"DCLK1",1.73e-150,0.826,0.978,0.977,3.23e-146,"DCLK1"
"NOTCH2",1.96e-150,0.985,0.532,0.367,3.64e-146,"NOTCH2"
"CPNE8",2.12e-150,2.116,0.139,0.032,3.94e-146,"CPNE8"
"KLF7",3.52e-150,-0.349,0.773,0.889,6.56e-146,"KLF7"
"NEXN",3.88e-150,1.399,0.268,0.116,7.22e-146,"NEXN"
"LGR4",4.56e-150,1.135,0.267,0.114,8.48e-146,"LGR4"
"TMEM205",6.54e-150,1.262,0.31,0.15,1.22e-145,"TMEM205"
"SDSL",2.02e-149,2.97,0.099,0.012,3.75e-145,"SDSL"
"FGFR2",2.44e-149,1.264,0.374,0.207,4.54e-145,"FGFR2"
"PAQR8",3.71e-149,2.14,0.196,0.069,6.91e-145,"PAQR8"
"CCT3",3.87e-149,0.604,0.821,0.77,7.2e-145,"CCT3"
"ADGRG1",5.28e-149,1.14,0.542,0.396,9.83e-145,"ADGRG1"
"PRDX5",8.5e-149,0.64,0.815,0.771,1.58e-144,"PRDX5"
"MLF1",9.88e-149,1.183,0.364,0.196,1.84e-144,"MLF1"
"CFAP54",1.31e-148,1.767,0.183,0.058,2.43e-144,"CFAP54"
"SULT1C4",1.49e-148,1.518,0.253,0.108,2.78e-144,"SULT1C4"
"ROR1",5.06e-148,1.544,0.226,0.088,9.43e-144,"ROR1"
"RAI14",5.08e-148,1.407,0.434,0.275,9.45e-144,"RAI14"
"GNG5",6.88e-148,0.823,0.719,0.604,1.28e-143,"GNG5"
"KIF15",1.46e-147,-1.249,0.18,0.34,2.72e-143,"KIF15"
"FGFR1",3.23e-147,1.08,0.505,0.353,6.01e-143,"FGFR1"
"DLC1",6.68e-147,2.996,0.101,0.014,1.24e-142,"DLC1"
"IMPA1",6.79e-147,1.227,0.298,0.141,1.26e-142,"IMPA1"
"AGTRAP",7.43e-147,1.942,0.169,0.051,1.38e-142,"AGTRAP"
"EAF2",9.51e-147,1.878,0.17,0.051,1.77e-142,"EAF2"
"PLXNA2",2.6e-146,-0.726,0.501,0.655,4.85e-142,"PLXNA2"
"BZW1",8.04e-146,0.581,0.841,0.801,1.5e-141,"BZW1"
"TCTN1",1.01e-145,1.083,0.381,0.211,1.88e-141,"TCTN1"
"ANKRD9",1.21e-145,1.562,0.236,0.097,2.25e-141,"ANKRD9"
"KIF18B",1.88e-145,-1.305,0.131,0.284,3.5e-141,"KIF18B"
"EPDR1",2.83e-145,1.444,0.252,0.108,5.27e-141,"EPDR1"
"CAMK2G",3.99e-145,1.328,0.427,0.262,7.42e-141,"CAMK2G"
"MTSS2",6.68e-145,1.133,0.41,0.243,1.24e-140,"MTSS2"
"PAG1",6.98e-145,0.978,0.602,0.46,1.3e-140,"PAG1"
"TPP1",1.06e-144,1.481,0.238,0.098,1.96e-140,"TPP1"
"ARMH1",1.16e-144,1.478,0.202,0.072,2.15e-140,"ARMH1"
"ALDH6A1",1.48e-144,1.216,0.374,0.211,2.75e-140,"ALDH6A1"
"BORCS7",2.44e-144,0.982,0.467,0.297,4.54e-140,"BORCS7"
"MORN2",2.67e-144,0.957,0.455,0.283,4.96e-140,"MORN2"
"OSBPL1A",3.24e-144,0.91,0.521,0.351,6.04e-140,"OSBPL1A"
"CELSR1",4.37e-144,1.064,0.35,0.184,8.13e-140,"CELSR1"
"MRFAP1",4.4e-144,0.582,0.823,0.78,8.19e-140,"MRFAP1"
"ALDH2",1.91e-143,1,0.518,0.356,3.56e-139,"ALDH2"
"EFHD2",4.37e-143,1.537,0.269,0.124,8.13e-139,"EFHD2"
"SP3",4.49e-143,-0.498,0.768,0.843,8.35e-139,"SP3"
"TTC8",6.8e-143,1.052,0.317,0.156,1.26e-138,"TTC8"
"ITGA6",7.08e-143,1.376,0.411,0.25,1.32e-138,"ITGA6"
"FAU",9.05e-143,0.363,0.985,0.991,1.68e-138,"FAU"
"H1-5",1.19e-142,-1.262,0.118,0.268,2.21e-138,"H1-5"
"TUBA1B",2.53e-142,-0.933,0.929,0.96,4.72e-138,"TUBA1B"
"COL27A1",3.64e-142,2.615,0.113,0.021,6.78e-138,"COL27A1"
"CHMP2B",6.33e-142,0.921,0.494,0.324,1.18e-137,"CHMP2B"
"PTGFRN",7.05e-142,1.231,0.341,0.182,1.31e-137,"PTGFRN"
"AURKB",7.61e-142,-1.332,0.126,0.276,1.42e-137,"AURKB"
"TOP2A",1e-141,-1.165,0.26,0.424,1.87e-137,"TOP2A"
"WDR49",1.5e-141,3.223,0.095,0.012,2.8e-137,"WDR49"
"BUB1B",2.57e-141,-1.269,0.149,0.303,4.79e-137,"BUB1B"
"RACK1",2.57e-141,0.445,0.978,0.985,4.79e-137,"RACK1"
"SELENOP",3.85e-141,1.673,0.245,0.107,7.16e-137,"SELENOP"
"TCP10L",3.98e-141,1.425,0.216,0.082,7.42e-137,"TCP10L"
"PDIA6",4.13e-141,0.762,0.747,0.678,7.69e-137,"PDIA6"
"TRIP6",6.64e-141,1.66,0.204,0.076,1.24e-136,"TRIP6"
"FERMT2",9.17e-141,0.893,0.677,0.584,1.71e-136,"FERMT2"
"CD82",9.77e-141,2.603,0.111,0.02,1.82e-136,"CD82"
"RTKN2",9.92e-141,-1.273,0.18,0.336,1.85e-136,"RTKN2"
"SLC4A10",1.31e-140,1.07,0.208,0.076,2.43e-136,"SLC4A10"
"PLEC",1.84e-140,1.665,0.207,0.078,3.43e-136,"PLEC"
"MDFIC",2.64e-140,1.529,0.198,0.072,4.91e-136,"MDFIC"
"ELAVL3",2.76e-140,-0.359,0.75,0.88,5.14e-136,"ELAVL3"
"LDHB",5.72e-140,0.565,0.877,0.868,1.07e-135,"LDHB"
"SOD1",2.03e-139,0.578,0.848,0.83,3.78e-135,"SOD1"
"TNS1",3.86e-139,1.695,0.168,0.052,7.18e-135,"TNS1"
"FGFBP3",4.02e-139,1.266,0.317,0.163,7.49e-135,"FGFBP3"
"BCAP29",4.74e-139,0.827,0.581,0.434,8.83e-135,"BCAP29"
"FGF2",5.56e-139,1.34,0.314,0.161,1.03e-134,"FGF2"
"ZDBF2",5.88e-139,0.907,0.469,0.297,1.09e-134,"ZDBF2"
"MYO16",5.93e-139,1.421,0.201,0.073,1.1e-134,"MYO16"
"NOL7",7.64e-139,0.669,0.725,0.638,1.42e-134,"NOL7"
"LDB2",8.53e-139,0.923,0.421,0.253,1.59e-134,"LDB2"
"HSD17B6",1e-138,3.442,0.1,0.016,1.87e-134,"HSD17B6"
"FIS1",1.08e-138,0.646,0.741,0.65,2.01e-134,"FIS1"
"SRRM4",1.35e-138,-0.626,0.267,0.461,2.52e-134,"SRRM4"
"AHCYL1",1.48e-138,1.006,0.695,0.6,2.75e-134,"AHCYL1"
"CSF1",1.72e-138,2.066,0.141,0.037,3.2e-134,"CSF1"
"PTBP2",2.04e-138,-0.359,0.934,0.964,3.79e-134,"PTBP2"
"CNIH3",5.34e-138,1.053,0.356,0.191,9.94e-134,"CNIH3"
"FAM199X",6.28e-138,0.984,0.484,0.322,1.17e-133,"FAM199X"
"AK4",6.83e-138,1.149,0.39,0.229,1.27e-133,"AK4"
"RPS27A",7.07e-138,0.367,0.985,0.994,1.32e-133,"RPS27A"
"PLPPR4",8.49e-138,1.015,0.393,0.219,1.58e-133,"PLPPR4"
"RGS9",8.96e-138,2.497,0.11,0.02,1.67e-133,"RGS9"
"SFMBT2",1.46e-137,1.056,0.264,0.117,2.72e-133,"SFMBT2"
"NDC80",2.29e-137,-1.223,0.153,0.306,4.26e-133,"NDC80"
"IGF1R",2.37e-137,-0.37,0.741,0.878,4.41e-133,"IGF1R"
"RPL18",3.77e-137,0.356,0.986,0.992,7.01e-133,"RPL18"
"CCDC88A",4.24e-137,-0.319,0.978,0.986,7.89e-133,"CCDC88A"
"LBR",5.96e-137,-0.621,0.655,0.758,1.11e-132,"LBR"
"SLC6A11",7.96e-137,2.565,0.117,0.024,1.48e-132,"SLC6A11"
"IFT57",8.67e-137,0.945,0.456,0.294,1.61e-132,"IFT57"
"FAT3",9.66e-137,1.067,0.258,0.117,1.8e-132,"FAT3"
"PHPT1",1.83e-136,0.579,0.826,0.792,3.4e-132,"PHPT1"
"MKI67",1.9e-136,-1.126,0.174,0.333,3.53e-132,"MKI67"
"OXR1",1.95e-136,0.87,0.655,0.516,3.63e-132,"OXR1"
"EVA1B",1.96e-136,2.326,0.122,0.027,3.64e-132,"EVA1B"
"FBLN1",2.32e-136,-0.88,0.275,0.444,4.32e-132,"FBLN1"
"OAZ1",6.06e-136,0.438,0.936,0.929,1.13e-131,"OAZ1"
"SALL2",8.59e-136,1.379,0.272,0.128,1.6e-131,"SALL2"
"NCAPG",1.16e-135,-1.183,0.181,0.335,2.16e-131,"NCAPG"
"FANK1",1.35e-135,1.954,0.135,0.034,2.52e-131,"FANK1"
"CLTC",3.48e-135,0.555,0.809,0.755,6.47e-131,"CLTC"
"UNC50",3.77e-135,0.935,0.464,0.3,7.03e-131,"UNC50"
"CDKN2D",4.74e-135,-0.783,0.363,0.536,8.82e-131,"CDKN2D"
"SERPINE2",5.37e-135,1.806,0.252,0.117,1e-130,"SERPINE2"
"PRKX",9.87e-135,-0.38,0.591,0.772,1.84e-130,"PRKX"
"CD24",1.07e-134,-0.481,0.395,0.605,1.98e-130,"CD24"
"LRRC4C",1.09e-134,1.46,0.139,0.036,2.04e-130,"LRRC4C"
"NRG3",2.11e-134,0.892,0.654,0.508,3.93e-130,"NRG3"
"ERP29",2.49e-134,0.761,0.624,0.49,4.64e-130,"ERP29"
"DAG1",3.08e-134,0.944,0.514,0.363,5.73e-130,"DAG1"
"SEC62",3.68e-134,0.593,0.854,0.816,6.85e-130,"SEC62"
"DENND2B",3.85e-134,0.938,0.428,0.259,7.16e-130,"DENND2B"
"LTBP3",5.95e-134,1.225,0.333,0.18,1.11e-129,"LTBP3"
"PARP9",6.48e-134,1.648,0.199,0.075,1.21e-129,"PARP9"
"MAPK8",7.28e-134,-0.373,0.86,0.929,1.36e-129,"MAPK8"
"HAP1",1.22e-133,2.764,0.104,0.018,2.28e-129,"HAP1"
"EMC2",1.29e-133,0.982,0.443,0.281,2.4e-129,"EMC2"
"MYO6",1.36e-133,0.837,0.579,0.43,2.53e-129,"MYO6"
"H3C8",1.43e-133,-1.832,0.069,0.192,2.66e-129,"H3C8"
"HTR2A",3.06e-133,3.015,0.097,0.015,5.69e-129,"HTR2A"
"ARHGEF26",3.69e-133,0.769,0.571,0.405,6.87e-129,"ARHGEF26"
"CRMP1",3.79e-133,-0.317,0.896,0.957,7.05e-129,"CRMP1"
"MAP1B",5.27e-133,-0.335,0.987,0.996,9.8e-129,"MAP1B"
"TSPAN18",5.99e-133,1.304,0.294,0.148,1.11e-128,"TSPAN18"
"SLC9A3R1",6.28e-133,1.464,0.281,0.139,1.17e-128,"SLC9A3R1"
"MYL12A",6.6e-133,1.157,0.397,0.243,1.23e-128,"MYL12A"
"PDZRN3",1.48e-132,-0.443,0.815,0.859,2.75e-128,"PDZRN3"
"C19orf53",4.14e-132,0.692,0.687,0.597,7.7e-128,"C19orf53"
"KLF9",7.97e-132,1.172,0.271,0.127,1.48e-127,"KLF9"
"SLC25A23",1.19e-131,1.076,0.329,0.173,2.22e-127,"SLC25A23"
"EPHA4",2.09e-131,-0.851,0.435,0.585,3.89e-127,"EPHA4"
"PIFO",2.57e-131,3.606,0.083,0.009,4.79e-127,"PIFO"
"NPAS2",2.69e-131,1.141,0.249,0.11,5.01e-127,"NPAS2"
"H2AC11",5.2e-131,-1.74,0.08,0.205,9.67e-127,"H2AC11"
"CITED1",5.97e-131,1.465,0.263,0.123,1.11e-126,"CITED1"
"TIAM1",7.15e-131,-0.113,0.546,0.773,1.33e-126,"TIAM1"
"ARHGEF3",7.23e-131,1.163,0.411,0.252,1.35e-126,"ARHGEF3"
"PTPN13",8.67e-131,0.823,0.54,0.38,1.61e-126,"PTPN13"
"VGLL4",1.09e-130,0.577,0.811,0.719,2.03e-126,"VGLL4"
"RPL8",1.29e-130,0.392,0.983,0.991,2.4e-126,"RPL8"
"CEP170",1.55e-130,-0.281,0.947,0.979,2.89e-126,"CEP170"
"HYDIN",1.56e-130,1.03,0.3,0.149,2.91e-126,"HYDIN"
"UBE2T",1.69e-130,-1.003,0.296,0.449,3.15e-126,"UBE2T"
"ENSG00000279673",1.89e-130,2.813,0.111,0.023,3.52e-126,"ENSG00000279673"
"PTPRD",2.08e-130,-1.068,0.41,0.557,3.87e-126,"PTPRD"
"MELK",2.33e-130,-1.091,0.171,0.324,4.34e-126,"MELK"
"FOXO1",3.08e-130,0.753,0.346,0.185,5.73e-126,"FOXO1"
"EEF2",3.69e-130,0.434,0.947,0.942,6.88e-126,"EEF2"
"CHPT1",3.84e-130,0.95,0.543,0.402,7.15e-126,"CHPT1"
"PDE7A",3.92e-130,-0.471,0.689,0.796,7.31e-126,"PDE7A"
"FTL",4.09e-130,0.836,0.985,0.99,7.62e-126,"FTL"
"NDUFC2",4.38e-130,0.47,0.893,0.874,8.15e-126,"NDUFC2"
"QDPR",8.69e-130,0.893,0.462,0.3,1.62e-125,"QDPR"
"HEY1",1.01e-129,1.171,0.295,0.148,1.89e-125,"HEY1"
"NDST3",2.45e-129,2.476,0.145,0.043,4.56e-125,"NDST3"
"CEP128",3.36e-129,-0.858,0.351,0.509,6.25e-125,"CEP128"
"ZNF292",3.94e-129,-0.291,0.972,0.988,7.34e-125,"ZNF292"
"TMEM106B",4.14e-129,0.817,0.485,0.313,7.7e-125,"TMEM106B"
"MAP7",4.81e-129,2.712,0.105,0.02,8.96e-125,"MAP7"
"ADORA2B",5.61e-129,2.282,0.119,0.027,1.04e-124,"ADORA2B"
"ASPM",1.1e-128,-1.291,0.177,0.329,2.04e-124,"ASPM"
"SYPL1",1.25e-128,1.096,0.39,0.237,2.33e-124,"SYPL1"
"CKAP2L",1.76e-128,-1.262,0.128,0.271,3.28e-124,"CKAP2L"
"POMP",2.01e-128,0.484,0.874,0.847,3.74e-124,"POMP"
"ABCD3",2.21e-128,0.675,0.679,0.569,4.12e-124,"ABCD3"
"RERE",3.69e-128,-0.186,0.987,0.995,6.86e-124,"RERE"
"CCDC85B",8.43e-128,1.03,0.409,0.252,1.57e-123,"CCDC85B"
"TAFA1",9.49e-128,3.498,0.07,0.004,1.77e-123,"TAFA1"
"LRRC17",1.15e-127,1.251,0.323,0.175,2.14e-123,"LRRC17"
"FAT1",1.27e-127,0.904,0.499,0.343,2.37e-123,"FAT1"
"YIF1A",1.34e-127,0.891,0.451,0.291,2.49e-123,"YIF1A"
"CDKAL1",1.64e-127,-0.459,0.863,0.897,3.05e-123,"CDKAL1"
"PRUNE2",1.69e-127,1.401,0.205,0.08,3.15e-123,"PRUNE2"
"POLQ",3.05e-127,-1.101,0.17,0.32,5.69e-123,"POLQ"
"SNX5",3.08e-127,1.026,0.492,0.354,5.73e-123,"SNX5"
"HADHB",3.46e-127,0.802,0.596,0.464,6.44e-123,"HADHB"
"GABARAPL2",4.91e-127,0.593,0.855,0.833,9.13e-123,"GABARAPL2"
"MPC1",2.05e-126,0.803,0.655,0.547,3.82e-122,"MPC1"
"SGO1",2.09e-126,-1.159,0.152,0.299,3.89e-122,"SGO1"
"C1orf122",2.52e-126,0.71,0.685,0.592,4.69e-122,"C1orf122"
"PPARA",2.75e-126,1.255,0.25,0.114,5.11e-122,"PPARA"
"MYOF",2.75e-126,4.234,0.073,0.006,5.12e-122,"MYOF"
"SFRP1",3.67e-126,1.503,0.46,0.324,6.83e-122,"SFRP1"
"RPL7A",3.94e-126,0.368,0.986,0.994,7.34e-122,"RPL7A"
"TTYH2",3.99e-126,2.372,0.114,0.026,7.42e-122,"TTYH2"
"KCNJ8",5.39e-126,2.586,0.107,0.022,1e-121,"KCNJ8"
"FAM227A",5.84e-126,1.357,0.222,0.094,1.09e-121,"FAM227A"
"RDH11",6.16e-126,0.786,0.645,0.543,1.15e-121,"RDH11"
"METRNL",6.55e-126,1.65,0.162,0.054,1.22e-121,"METRNL"
"MFSD10",6.63e-126,0.908,0.416,0.256,1.23e-121,"MFSD10"
"DCX",7.02e-126,-0.191,0.781,0.952,1.31e-121,"DCX"
"OST4",1.02e-125,0.527,0.856,0.843,1.89e-121,"OST4"
"PDLIM4",1.74e-125,2.79,0.101,0.019,3.23e-121,"PDLIM4"
"C1QL1",1.86e-125,2.197,0.18,0.067,3.47e-121,"C1QL1"
"KCTD16",2.07e-125,0.627,0.234,0.1,3.85e-121,"KCTD16"
"CTNNA1",2.5e-125,0.539,0.791,0.719,4.65e-121,"CTNNA1"
"TCIM",2.87e-125,2.351,0.138,0.04,5.34e-121,"TCIM"
"DPF3",3.46e-125,0.755,0.406,0.232,6.44e-121,"DPF3"
"CENPF",4.43e-125,-1.097,0.251,0.405,8.24e-121,"CENPF"
"BMPER",5.24e-125,1.945,0.146,0.044,9.75e-121,"BMPER"
"ATRAID",6.82e-125,0.828,0.58,0.457,1.27e-120,"ATRAID"
"KIF11",7.27e-125,-1.156,0.197,0.343,1.35e-120,"KIF11"
"INTU",1.07e-124,0.872,0.561,0.415,1.99e-120,"INTU"
"EDNRA",1.18e-124,3.785,0.075,0.007,2.2e-120,"EDNRA"
"NREP",1.25e-124,-0.314,0.927,0.977,2.33e-120,"NREP"
"CDC42EP1",1.45e-124,2.795,0.097,0.017,2.7e-120,"CDC42EP1"
"TMEM35B",1.98e-124,2.102,0.132,0.036,3.68e-120,"TMEM35B"
"CABCOCO1",2.87e-124,2.557,0.094,0.015,5.35e-120,"CABCOCO1"
"ST8SIA5",2.97e-124,-0.412,0.409,0.613,5.52e-120,"ST8SIA5"
"GPX1",3.32e-124,0.704,0.658,0.537,6.18e-120,"GPX1"
"IRF9",7.21e-124,1.173,0.248,0.113,1.34e-119,"IRF9"
"OBSL1",9.11e-124,1.188,0.283,0.141,1.7e-119,"OBSL1"
"KALRN",1e-123,-0.407,0.802,0.897,1.86e-119,"KALRN"
"LAP3",1.04e-123,1.058,0.329,0.18,1.93e-119,"LAP3"
"DNA2",1.24e-123,-1.095,0.213,0.361,2.31e-119,"DNA2"
"CCDC113",1.39e-123,1.551,0.161,0.053,2.58e-119,"CCDC113"
"PPP1R42",2.38e-123,2.033,0.126,0.033,4.42e-119,"PPP1R42"
"HSD17B14",2.69e-123,2.6,0.108,0.023,5.01e-119,"HSD17B14"
"PDPN",3.38e-123,1.138,0.331,0.185,6.3e-119,"PDPN"
"TSPAN6",4.27e-123,1.025,0.367,0.213,7.95e-119,"TSPAN6"
"SELENOK",4.84e-123,0.576,0.792,0.741,9e-119,"SELENOK"
"CDH4",4.85e-123,0.573,0.487,0.303,9.03e-119,"CDH4"
"HNRNPA1",5.41e-123,-0.298,0.978,0.99,1.01e-118,"HNRNPA1"
"TMEM123",6.22e-123,-0.343,0.933,0.951,1.16e-118,"TMEM123"
"LHPP",8.08e-123,1.229,0.281,0.14,1.5e-118,"LHPP"
"HMGB2",1.11e-122,-1.376,0.395,0.511,2.07e-118,"HMGB2"
"VRK1",1.17e-122,-0.942,0.344,0.484,2.19e-118,"VRK1"
"MND1",1.34e-122,-0.771,0.291,0.456,2.5e-118,"MND1"
"CDCA7",1.73e-122,-0.822,0.35,0.506,3.23e-118,"CDCA7"
"MEGF9",1.79e-122,-0.418,0.75,0.847,3.33e-118,"MEGF9"
"NOP10",2.39e-122,0.583,0.756,0.684,4.45e-118,"NOP10"
"ATP5MC3",2.47e-122,0.453,0.908,0.902,4.6e-118,"ATP5MC3"
"KNDC1",2.92e-122,2.099,0.147,0.046,5.44e-118,"KNDC1"
"EEF1G",3.76e-122,0.394,0.976,0.982,6.99e-118,"EEF1G"
"MAPKAPK3",4.29e-122,2.252,0.109,0.024,7.98e-118,"MAPKAPK3"
"LPIN2",5e-122,0.9,0.613,0.498,9.3e-118,"LPIN2"
"MTSS1",5.37e-122,-0.228,0.789,0.929,9.99e-118,"MTSS1"
"HSDL2",5.71e-122,0.804,0.554,0.411,1.06e-117,"HSDL2"
"TGFBR2",8.01e-122,3.203,0.083,0.011,1.49e-117,"TGFBR2"
"ARL4D",1.23e-121,-0.375,0.44,0.634,2.29e-117,"ARL4D"
"ATCAY",1.75e-121,-0.31,0.437,0.657,3.25e-117,"ATCAY"
"CTSA",2.03e-121,1.498,0.173,0.062,3.77e-117,"CTSA"
"SSB",2.15e-121,0.467,0.883,0.868,4.01e-117,"SSB"
"VCL",2.34e-121,0.938,0.569,0.44,4.35e-117,"VCL"
"REST",2.99e-121,0.846,0.427,0.266,5.57e-117,"REST"
"GULP1",4.7e-121,0.857,0.416,0.254,8.74e-117,"GULP1"
"CENPJ",4.75e-121,-0.879,0.26,0.413,8.84e-117,"CENPJ"
"ACADVL",6.37e-121,1.178,0.318,0.175,1.19e-116,"ACADVL"
"DYNC2H1",8.7e-121,1.039,0.6,0.458,1.62e-116,"DYNC2H1"
"LPAR1",1.11e-120,1.689,0.133,0.037,2.07e-116,"LPAR1"
"BCAP31",1.28e-120,0.75,0.565,0.428,2.39e-116,"BCAP31"
"MARCHF1",1.32e-120,-0.776,0.494,0.651,2.46e-116,"MARCHF1"
"TNFRSF12A",1.49e-120,2.357,0.149,0.048,2.78e-116,"TNFRSF12A"
"MFAP3L",1.98e-120,2.163,0.117,0.028,3.69e-116,"MFAP3L"
"TOP2B",2.02e-120,-0.367,0.897,0.937,3.76e-116,"TOP2B"
"SAT2",2.14e-120,0.585,0.726,0.611,3.98e-116,"SAT2"
"HSBP1",3.49e-120,0.456,0.881,0.868,6.5e-116,"HSBP1"
"MXD3",3.59e-120,-1.298,0.131,0.267,6.68e-116,"MXD3"
"BRIP1",3.66e-120,-1.051,0.187,0.336,6.81e-116,"BRIP1"
"CLCN3",3.77e-120,0.574,0.75,0.659,7.03e-116,"CLCN3"
"TAPBP",3.93e-120,1.218,0.25,0.118,7.31e-116,"TAPBP"
"SLC30A10",4.34e-120,2.323,0.107,0.023,8.08e-116,"SLC30A10"
"LAPTM4B",4.49e-120,0.65,0.664,0.539,8.35e-116,"LAPTM4B"
"GYG1",4.76e-120,1.503,0.172,0.062,8.85e-116,"GYG1"
"MRPL40",7.3e-120,0.873,0.495,0.347,1.36e-115,"MRPL40"
"WWC2",9.74e-120,0.945,0.284,0.142,1.81e-115,"WWC2"
"TIAM2",1.06e-119,-0.467,0.721,0.818,1.96e-115,"TIAM2"
"MTARC2",1.14e-119,2.406,0.105,0.022,2.13e-115,"MTARC2"
"OCIAD1",1.5e-119,0.421,0.88,0.85,2.79e-115,"OCIAD1"
"JPT1",2.81e-119,-0.262,0.924,0.979,5.23e-115,"JPT1"
"KIF4A",3.03e-119,-1.136,0.156,0.298,5.65e-115,"KIF4A"
"LYN",3.12e-119,2.458,0.104,0.022,5.8e-115,"LYN"
"PPM1H",3.48e-119,2.047,0.113,0.027,6.49e-115,"PPM1H"
"SRP14",3.57e-119,0.305,0.981,0.989,6.65e-115,"SRP14"
"NELL2",3.58e-119,-1.358,0.082,0.204,6.66e-115,"NELL2"
"MAP4K4",3.93e-119,-0.266,0.976,0.992,7.32e-115,"MAP4K4"
"H2BC9",5.17e-119,-1.702,0.068,0.182,9.63e-115,"H2BC9"
"DTWD2",7.59e-119,1.255,0.185,0.07,1.41e-114,"DTWD2"
"PTTG1IP",8.86e-119,0.772,0.651,0.555,1.65e-114,"PTTG1IP"
"SYBU",1.15e-118,1.321,0.213,0.091,2.15e-114,"SYBU"
"GLI3",1.2e-118,0.989,0.462,0.309,2.24e-114,"GLI3"
"ABHD4",1.24e-118,1.906,0.137,0.041,2.31e-114,"ABHD4"
"C4orf3",1.39e-118,0.75,0.62,0.506,2.58e-114,"C4orf3"
"FHIT",2.11e-118,1.501,0.186,0.072,3.92e-114,"FHIT"
"KCNK10",2.89e-118,1.912,0.124,0.033,5.38e-114,"KCNK10"
"ZNF423",4.07e-118,1.258,0.272,0.135,7.58e-114,"ZNF423"
"UBC",5.93e-118,0.394,0.978,0.979,1.1e-113,"UBC"
"STK3",7.56e-118,0.605,0.506,0.33,1.41e-113,"STK3"
"GTSE1",8.68e-118,-1.137,0.145,0.286,1.61e-113,"GTSE1"
"NR2E1",9.59e-118,1.262,0.267,0.134,1.78e-113,"NR2E1"
"NCAPH",1.1e-117,-1.194,0.133,0.269,2.05e-113,"NCAPH"
"PUM2",1.11e-117,-0.315,0.905,0.945,2.07e-113,"PUM2"
"EFEMP1",1.33e-117,4.09,0.069,0.006,2.47e-113,"EFEMP1"
"EPB41L3",1.4e-117,1.342,0.334,0.188,2.61e-113,"EPB41L3"
"ZHX3",2.14e-117,0.776,0.615,0.483,3.99e-113,"ZHX3"
"NDP",2.25e-117,1.374,0.172,0.063,4.19e-113,"NDP"
"ATP10D",3e-117,1.146,0.271,0.135,5.58e-113,"ATP10D"
"CCNA2",3.24e-117,-1.089,0.145,0.285,6.04e-113,"CCNA2"
"TMED7",3.67e-117,0.801,0.533,0.392,6.82e-113,"TMED7"
"PLSCR4",6.24e-117,2.009,0.129,0.036,1.16e-112,"PLSCR4"
"CLTA",7.8e-117,0.406,0.919,0.907,1.45e-112,"CLTA"
"ALDH1L1",8.13e-117,4.234,0.066,0.005,1.51e-112,"ALDH1L1"
"EID1",1.07e-116,0.37,0.946,0.952,1.98e-112,"EID1"
"CYP46A1",1.52e-116,1.39,0.154,0.051,2.83e-112,"CYP46A1"
"LIPG",1.59e-116,1.257,0.263,0.131,2.96e-112,"LIPG"
"DPY19L1",1.65e-116,1.101,0.389,0.242,3.08e-112,"DPY19L1"
"SLC44A5",1.71e-116,0.674,0.66,0.506,3.18e-112,"SLC44A5"
"WDR83OS",3.33e-116,0.502,0.808,0.759,6.2e-112,"WDR83OS"
"SLC25A3",4.35e-116,0.478,0.863,0.839,8.1e-112,"SLC25A3"
"WWC1",4.7e-116,1.372,0.198,0.081,8.75e-112,"WWC1"
"SC5D",6.76e-116,0.87,0.456,0.305,1.26e-111,"SC5D"
"MT-RNR1",7.07e-116,0.444,0.977,0.995,1.32e-111,"MT-RNR1"
"SPOCK2",1.31e-115,2.722,0.1,0.021,2.43e-111,"SPOCK2"
"SPIRE1",1.45e-115,0.672,0.817,0.755,2.7e-111,"SPIRE1"
"ENDOD1",1.97e-115,2.065,0.112,0.027,3.66e-111,"ENDOD1"
"TIMMDC1",2.24e-115,0.778,0.539,0.396,4.16e-111,"TIMMDC1"
"SHD",2.27e-115,-1.174,0.083,0.205,4.22e-111,"SHD"
"VAMP3",2.33e-115,1.037,0.343,0.197,4.33e-111,"VAMP3"
"EVL",2.97e-115,-0.322,0.846,0.92,5.52e-111,"EVL"
"HNF4G",3.62e-115,1.719,0.139,0.043,6.74e-111,"HNF4G"
"LAPTM4A",5.62e-115,0.531,0.812,0.758,1.05e-110,"LAPTM4A"
"PBK",7.13e-115,-0.834,0.173,0.322,1.33e-110,"PBK"
"IGSF11",8.58e-115,0.679,0.511,0.344,1.6e-110,"IGSF11"
"SH3BGRL",8.72e-115,0.535,0.865,0.812,1.62e-110,"SH3BGRL"
"ETV5",9.21e-115,1.149,0.249,0.118,1.71e-110,"ETV5"
"CDCA2",1.04e-114,-1.347,0.126,0.258,1.93e-110,"CDCA2"
"BBX",1.08e-114,0.533,0.783,0.69,2.01e-110,"BBX"
"DYNLL1",1.26e-114,0.4,0.967,0.971,2.35e-110,"DYNLL1"
"MAGT1",1.67e-114,0.91,0.397,0.247,3.11e-110,"MAGT1"
"NDUFAF8",1.69e-114,0.768,0.588,0.468,3.14e-110,"NDUFAF8"
"FGFRL1",1.86e-114,1.638,0.164,0.059,3.45e-110,"FGFRL1"
"VAMP5",2.72e-114,2.728,0.093,0.018,5.07e-110,"VAMP5"
"ESCO2",3.22e-114,-0.994,0.146,0.286,6e-110,"ESCO2"
"RPL22L1",4.58e-114,1.061,0.344,0.201,8.53e-110,"RPL22L1"
"EHD2",4.75e-114,2.387,0.097,0.02,8.84e-110,"EHD2"
"LCOR",4.88e-114,-0.344,0.843,0.916,9.08e-110,"LCOR"
"RILPL2",7.68e-114,1.551,0.151,0.051,1.43e-109,"RILPL2"
"ABCA1",7.82e-114,0.775,0.609,0.448,1.46e-109,"ABCA1"
"LAMP5",8.79e-114,1.646,0.136,0.041,1.64e-109,"LAMP5"
"ENSG00000284906",9.13e-114,-1.236,0.211,0.347,1.7e-109,"ENSG00000284906"
"GNG10",1.08e-113,0.615,0.711,0.627,2.02e-109,"GNG10"
"SGCD",1.27e-113,1.931,0.112,0.027,2.36e-109,"SGCD"
"SFRP2",1.51e-113,2.354,0.172,0.067,2.81e-109,"SFRP2"
"GADD45G",1.61e-113,-0.45,0.267,0.439,3e-109,"GADD45G"
"DTX4",1.76e-113,1.38,0.191,0.078,3.29e-109,"DTX4"
"ARHGAP29",1.81e-113,2.164,0.104,0.023,3.37e-109,"ARHGAP29"
"HEPH",2.1e-113,3.34,0.072,0.008,3.91e-109,"HEPH"
"FBXL7",2.46e-113,0.714,0.772,0.659,4.58e-109,"FBXL7"
"TUFM",2.57e-113,0.694,0.611,0.488,4.78e-109,"TUFM"
"PBRM1",2.61e-113,-0.297,0.92,0.951,4.85e-109,"PBRM1"
"HEATR5A",2.63e-113,0.931,0.369,0.221,4.9e-109,"HEATR5A"
"MEX3B",3.03e-113,-0.541,0.3,0.478,5.63e-109,"MEX3B"
"SERBP1",3.62e-113,0.463,0.852,0.823,6.74e-109,"SERBP1"
"KIF20B",3.95e-113,-1.075,0.272,0.415,7.35e-109,"KIF20B"
"MID1IP1",4.49e-113,1.01,0.444,0.305,8.36e-109,"MID1IP1"
"PRC1",4.58e-113,-1.085,0.26,0.402,8.52e-109,"PRC1"
"LAMTOR5",4.65e-113,0.446,0.872,0.841,8.65e-109,"LAMTOR5"
"ITGAV",4.82e-113,0.781,0.563,0.425,8.97e-109,"ITGAV"
"EDF1",5.55e-113,0.457,0.861,0.829,1.03e-108,"EDF1"
"SDCBP2",6.25e-113,2.391,0.095,0.019,1.16e-108,"SDCBP2"
"IQCK",8.47e-113,0.879,0.374,0.222,1.58e-108,"IQCK"
"ERG28",1.01e-112,0.904,0.472,0.333,1.87e-108,"ERG28"
"EFCAB6",1.32e-112,1.384,0.165,0.06,2.45e-108,"EFCAB6"
"FBXO5",1.84e-112,-1.194,0.226,0.359,3.43e-108,"FBXO5"
"APP",2.51e-112,0.417,0.94,0.91,4.66e-108,"APP"
"NPHP1",3.28e-112,1.364,0.209,0.091,6.1e-108,"NPHP1"
"FAM181A",4.15e-112,1.758,0.154,0.054,7.72e-108,"FAM181A"
"VAPA",7.02e-112,0.424,0.876,0.853,1.31e-107,"VAPA"
"PLCD3",7.34e-112,2.603,0.096,0.02,1.37e-107,"PLCD3"
"PIK3R3",8.83e-112,-0.322,0.871,0.925,1.64e-107,"PIK3R3"
"TTC12",1.17e-111,1.713,0.135,0.041,2.18e-107,"TTC12"
"FGGY",1.23e-111,0.989,0.294,0.154,2.28e-107,"FGGY"
"GAD1",1.37e-111,-0.205,0.551,0.754,2.54e-107,"GAD1"
"ZFYVE21",1.51e-111,0.999,0.405,0.257,2.8e-107,"ZFYVE21"
"LEPROT",1.53e-111,0.71,0.61,0.487,2.84e-107,"LEPROT"
"ACTR3B",1.89e-111,1.126,0.419,0.276,3.52e-107,"ACTR3B"
"ITGA3",2.27e-111,2.056,0.112,0.028,4.22e-107,"ITGA3"
"SHC3",2.46e-111,0.878,0.321,0.175,4.58e-107,"SHC3"
"PFN1",3.07e-111,0.662,0.827,0.799,5.71e-107,"PFN1"
"NDUFB5",3.64e-111,0.675,0.619,0.505,6.77e-107,"NDUFB5"
"STIL",4.13e-111,-1.175,0.147,0.28,7.68e-107,"STIL"
"GPC2",5.6e-111,-0.437,0.409,0.59,1.04e-106,"GPC2"
"SERINC5",6.25e-111,-0.521,0.653,0.746,1.16e-106,"SERINC5"
"CAMKMT",6.58e-111,0.503,0.471,0.298,1.22e-106,"CAMKMT"
"ATP1A1",7.66e-111,0.974,0.407,0.265,1.43e-106,"ATP1A1"
"KAZN",7.7e-111,0.917,0.44,0.286,1.43e-106,"KAZN"
"RHEB",8.18e-111,0.614,0.772,0.726,1.52e-106,"RHEB"
"SF3B6",1.05e-110,0.386,0.916,0.91,1.95e-106,"SF3B6"
"PPT1",1.22e-110,0.945,0.383,0.237,2.27e-106,"PPT1"
"ZNF706",1.26e-110,0.546,0.799,0.746,2.35e-106,"ZNF706"
"MCFD2",1.35e-110,0.83,0.46,0.312,2.5e-106,"MCFD2"
"ZBTB38",1.44e-110,0.896,0.233,0.105,2.67e-106,"ZBTB38"
"MYORG",2.32e-110,2.205,0.102,0.023,4.31e-106,"MYORG"
"THSD1",2.53e-110,1.704,0.144,0.048,4.7e-106,"THSD1"
"ZFP36",2.6e-110,2.538,0.115,0.031,4.85e-106,"ZFP36"
"DYNC2LI1",3.87e-110,0.797,0.407,0.252,7.21e-106,"DYNC2LI1"
"CEP55",5.06e-110,-1.306,0.118,0.243,9.42e-106,"CEP55"
"RASSF4",6.58e-110,1.294,0.215,0.097,1.22e-105,"RASSF4"
"TMBIM4",6.75e-110,0.735,0.597,0.477,1.26e-105,"TMBIM4"
"ID1",8.05e-110,1.234,0.257,0.13,1.5e-105,"ID1"
"TWF1",9.94e-110,0.864,0.43,0.282,1.85e-105,"TWF1"
"EFHC2",1.11e-109,2.843,0.084,0.014,2.06e-105,"EFHC2"
"ATP2B4",1.22e-109,0.537,0.792,0.694,2.26e-105,"ATP2B4"
"FIBIN",1.75e-109,3.757,0.069,0.007,3.27e-105,"FIBIN"
"PHKA1",2.06e-109,1.509,0.185,0.076,3.83e-105,"PHKA1"
"STARD13",3.19e-109,0.703,0.405,0.238,5.94e-105,"STARD13"
"CARMIL1",3.61e-109,0.572,0.615,0.456,6.71e-105,"CARMIL1"
"FNBP1L",4.05e-109,-0.303,0.961,0.982,7.53e-105,"FNBP1L"
"ANXA7",7.35e-109,0.748,0.5,0.352,1.37e-104,"ANXA7"
"STXBP3",7.86e-109,0.81,0.477,0.332,1.46e-104,"STXBP3"
"CHP1",7.89e-109,0.886,0.373,0.224,1.47e-104,"CHP1"
"SLCO5A1",7.98e-109,-0.635,0.356,0.524,1.49e-104,"SLCO5A1"
"PDXK",1.06e-108,0.951,0.353,0.209,1.96e-104,"PDXK"
"INA",1.06e-108,-0.564,0.352,0.528,1.97e-104,"INA"
"TXNIP",1.4e-108,0.929,0.813,0.796,2.61e-104,"TXNIP"
"ECH1",1.62e-108,0.815,0.46,0.311,3.01e-104,"ECH1"
"H1-3",1.65e-108,-1.328,0.194,0.329,3.07e-104,"H1-3"
"SGK3",2.72e-108,2.128,0.127,0.038,5.07e-104,"SGK3"
"HSD17B12",3.18e-108,0.809,0.534,0.398,5.92e-104,"HSD17B12"
"ABR",4.57e-108,1.027,0.331,0.189,8.51e-104,"ABR"
"FKBP8",4.7e-108,0.71,0.567,0.429,8.75e-104,"FKBP8"
"RHPN2",5.7e-108,1.442,0.221,0.104,1.06e-103,"RHPN2"
"TMEM170A",7.13e-108,0.884,0.489,0.353,1.33e-103,"TMEM170A"
"C11orf96",7.78e-108,-0.357,0.543,0.724,1.45e-103,"C11orf96"
"PHIP",7.89e-108,-0.417,0.829,0.873,1.47e-103,"PHIP"
"H2AC14",1.04e-107,-1.997,0.049,0.147,1.94e-103,"H2AC14"
"CENPI",1.08e-107,-1.109,0.168,0.302,2e-103,"CENPI"
"RGS11",1.14e-107,2.482,0.083,0.014,2.13e-103,"RGS11"
"SOX21",1.16e-107,1.098,0.324,0.186,2.17e-103,"SOX21"
"NRP2",1.67e-107,1.984,0.133,0.042,3.1e-103,"NRP2"
"PEBP1",1.78e-107,0.33,0.967,0.972,3.32e-103,"PEBP1"
"MICOS13",1.98e-107,0.845,0.445,0.301,3.68e-103,"MICOS13"
"EMC6",2.01e-107,0.729,0.587,0.474,3.74e-103,"EMC6"
"BTBD17",2.05e-107,1.562,0.141,0.046,3.82e-103,"BTBD17"
"GSTK1",2.11e-107,1.097,0.247,0.12,3.93e-103,"GSTK1"
"IQSEC1",2.52e-107,0.697,0.373,0.221,4.69e-103,"IQSEC1"
"CDC25C",2.55e-107,-1.254,0.126,0.252,4.76e-103,"CDC25C"
"SLC4A7",2.89e-107,-0.433,0.623,0.746,5.39e-103,"SLC4A7"
"MAD2L1",3.66e-107,-1.026,0.214,0.351,6.82e-103,"MAD2L1"
"PRICKLE2",4.01e-107,1.039,0.242,0.117,7.46e-103,"PRICKLE2"
"QPRT",4.3e-107,1.176,0.293,0.161,8.01e-103,"QPRT"
"SLC35D2",4.55e-107,1.255,0.195,0.083,8.47e-103,"SLC35D2"
"RRS1",5.73e-107,1.606,0.213,0.098,1.07e-102,"RRS1"
"C21orf58",5.94e-107,-1.121,0.175,0.307,1.1e-102,"C21orf58"
"CDK1",7.95e-107,-1.074,0.205,0.34,1.48e-102,"CDK1"
"KIAA1549",8.62e-107,-0.407,0.622,0.756,1.6e-102,"KIAA1549"
"DDIT3",8.64e-107,1.729,0.185,0.076,1.61e-102,"DDIT3"
"DCTN6",1e-106,0.622,0.639,0.516,1.86e-102,"DCTN6"
"HIGD1A",1.07e-106,0.752,0.585,0.468,1.99e-102,"HIGD1A"
"FUT9",1.27e-106,0.989,0.645,0.535,2.37e-102,"FUT9"
"RAD51AP1",1.83e-106,-0.958,0.164,0.302,3.4e-102,"RAD51AP1"
"RPS9",2.45e-106,0.346,0.98,0.988,4.56e-102,"RPS9"
"NCAPG2",2.71e-106,-1.053,0.221,0.355,5.05e-102,"NCAPG2"
"MACO1",2.9e-106,-0.37,0.621,0.758,5.39e-102,"MACO1"
"CDH10",3.79e-106,0.856,0.236,0.111,7.06e-102,"CDH10"
"SFRP4",3.88e-106,1.668,0.162,0.061,7.21e-102,"SFRP4"
"GM2A",4.93e-106,1.904,0.109,0.028,9.18e-102,"GM2A"
"LAMC1",5.19e-106,0.801,0.357,0.209,9.66e-102,"LAMC1"
"GRN",7.08e-106,1.089,0.244,0.119,1.32e-101,"GRN"
"KRT10",7.29e-106,0.481,0.806,0.767,1.36e-101,"KRT10"
"YBX3",7.45e-106,1.133,0.355,0.219,1.39e-101,"YBX3"
"HIBCH",9.59e-106,0.627,0.715,0.605,1.78e-101,"HIBCH"
"LRRC9",1.04e-105,1.668,0.141,0.047,1.94e-101,"LRRC9"
"PLCH1",1.04e-105,1.058,0.273,0.144,1.94e-101,"PLCH1"
"CDK6",1.07e-105,-0.677,0.521,0.637,2e-101,"CDK6"
"HSPA9",1.09e-105,0.721,0.675,0.576,2.03e-101,"HSPA9"
"LACTB2",1.16e-105,1.595,0.164,0.063,2.15e-101,"LACTB2"
"WASF3",1.17e-105,0.75,0.465,0.314,2.18e-101,"WASF3"
"SLC13A3",1.24e-105,1.069,0.274,0.143,2.31e-101,"SLC13A3"
"MBNL2",1.99e-105,0.958,0.389,0.243,3.71e-101,"MBNL2"
"CRACDL",2.73e-105,2.477,0.077,0.012,5.08e-101,"CRACDL"
"CIP2A",2.8e-105,-1.034,0.191,0.324,5.22e-101,"CIP2A"
"TSTD3",2.93e-105,0.944,0.394,0.248,5.46e-101,"TSTD3"
"TCF25",2.97e-105,0.518,0.766,0.694,5.53e-101,"TCF25"
"FLYWCH2",2.98e-105,0.652,0.576,0.433,5.55e-101,"FLYWCH2"
"AKAP7",3.11e-105,0.815,0.32,0.176,5.8e-101,"AKAP7"
"HMGB3",3.44e-105,-0.513,0.737,0.818,6.41e-101,"HMGB3"
"PLEKHA4",4.43e-105,1.701,0.162,0.062,8.25e-101,"PLEKHA4"
"PCBP3",4.73e-105,-1.273,0.097,0.214,8.8e-101,"PCBP3"
"DDX3X",4.99e-105,0.46,0.881,0.843,9.28e-101,"DDX3X"
"NR2F2",6.05e-105,0.548,0.671,0.513,1.13e-100,"NR2F2"
"AXL",6.08e-105,1.496,0.175,0.071,1.13e-100,"AXL"
"ITGA2",1.01e-104,1.442,0.177,0.072,1.87e-100,"ITGA2"
"HNRNPA0",1.24e-104,-0.339,0.868,0.915,2.31e-100,"HNRNPA0"
"ANLN",1.41e-104,-1.108,0.177,0.309,2.62e-100,"ANLN"
"RIOX2",1.54e-104,1.929,0.116,0.033,2.86e-100,"RIOX2"
"SRPX",1.57e-104,3.243,0.073,0.01,2.93e-100,"SRPX"
"UBE2L3",1.97e-104,0.488,0.782,0.726,3.68e-100,"UBE2L3"
"GNAI2",1.99e-104,0.489,0.795,0.742,3.7e-100,"GNAI2"
"TMEM232",2.11e-104,0.711,0.37,0.22,3.93e-100,"TMEM232"
"HJURP",2.13e-104,-1.149,0.108,0.23,3.96e-100,"HJURP"
"MIF",2.17e-104,0.372,0.919,0.913,4.03e-100,"MIF"
"H2AZ1",2.49e-104,-0.569,0.927,0.95,4.63e-100,"H2AZ1"
"SLITRK5",2.79e-104,1.843,0.132,0.043,5.2e-100,"SLITRK5"
"CENPE",3.96e-104,-1.262,0.16,0.293,7.37e-100,"CENPE"
"GSE1",5.66e-104,-0.335,0.683,0.804,1.05e-99,"GSE1"
"C5orf49",5.96e-104,2.473,0.094,0.021,1.11e-99,"C5orf49"
"MAP3K14",5.98e-104,1.149,0.321,0.187,1.11e-99,"MAP3K14"
"STIM2",6.06e-104,0.872,0.606,0.503,1.13e-99,"STIM2"
"CHPF",6.35e-104,1.419,0.163,0.062,1.18e-99,"CHPF"
"MAP3K8",6.69e-104,2.384,0.099,0.023,1.24e-99,"MAP3K8"
"PSENEN",6.75e-104,0.898,0.374,0.231,1.26e-99,"PSENEN"
"HNRNPA3",8.74e-104,-0.306,0.951,0.97,1.63e-99,"HNRNPA3"
"MRPL20",9.28e-104,0.562,0.705,0.613,1.73e-99,"MRPL20"
"PHGDH",9.75e-104,1.119,0.39,0.254,1.82e-99,"PHGDH"
"SLC38A2",1.17e-103,-0.449,0.562,0.698,2.17e-99,"SLC38A2"
"GPR37L1",1.19e-103,2.214,0.1,0.024,2.21e-99,"GPR37L1"
"MT-CO1",1.32e-103,0.507,0.974,0.99,2.46e-99,"MT-CO1"
"DHCR7",1.38e-103,1.107,0.223,0.104,2.58e-99,"DHCR7"
"GLCCI1",1.46e-103,-0.48,0.839,0.875,2.71e-99,"GLCCI1"
"RNASEH2B",1.56e-103,-0.89,0.497,0.599,2.91e-99,"RNASEH2B"
"CAVIN1",2.37e-103,2.38,0.09,0.019,4.41e-99,"CAVIN1"
"TEX264",2.55e-103,1.047,0.307,0.175,4.74e-99,"TEX264"
"ELF1",2.63e-103,0.771,0.397,0.247,4.9e-99,"ELF1"
"NOSTRIN",3.17e-103,-0.718,0.146,0.281,5.89e-99,"NOSTRIN"
"CFI",4.39e-103,2.694,0.082,0.015,8.17e-99,"CFI"
"PRR7",7.77e-103,1.053,0.212,0.096,1.45e-98,"PRR7"
"LMCD1",8.68e-103,2.148,0.099,0.024,1.62e-98,"LMCD1"
"CCDC102B",1.17e-102,1.002,0.234,0.112,2.17e-98,"CCDC102B"
"DDIT4",1.32e-102,0.803,0.42,0.272,2.46e-98,"DDIT4"
"PDE4D",1.34e-102,-0.42,0.523,0.682,2.49e-98,"PDE4D"
"DNM1",1.54e-102,0.998,0.351,0.213,2.87e-98,"DNM1"
"CNKSR3",1.74e-102,1.274,0.211,0.097,3.24e-98,"CNKSR3"
"CLNS1A",1.89e-102,0.511,0.769,0.704,3.51e-98,"CLNS1A"
"FOS",1.97e-102,1.342,0.467,0.341,3.67e-98,"FOS"
"PSMB5",2e-102,0.484,0.809,0.77,3.72e-98,"PSMB5"
"TFE3",3.54e-102,1.048,0.3,0.169,6.59e-98,"TFE3"
"PRXL2C",3.54e-102,1.233,0.185,0.078,6.6e-98,"PRXL2C"
"MAL2",3.94e-102,2.379,0.093,0.021,7.34e-98,"MAL2"
"RNASEK",4.26e-102,0.437,0.834,0.786,7.93e-98,"RNASEK"
"MYO1E",5.53e-102,0.829,0.43,0.284,1.03e-97,"MYO1E"
"AHCYL2",7.84e-102,0.607,0.719,0.604,1.46e-97,"AHCYL2"
"CHCHD2",8.96e-102,0.581,0.744,0.631,1.67e-97,"CHCHD2"
"HADHA",1.44e-101,0.532,0.721,0.634,2.69e-97,"HADHA"
"ALG13",2.54e-101,0.622,0.606,0.475,4.72e-97,"ALG13"
"PGM2L1",2.56e-101,-0.485,0.445,0.599,4.76e-97,"PGM2L1"
"ADGRB2",2.65e-101,1.264,0.188,0.08,4.93e-97,"ADGRB2"
"LRP4",3.38e-101,1.711,0.173,0.072,6.29e-97,"LRP4"
"CRACD",3.76e-101,-0.155,0.902,0.966,7e-97,"CRACD"
"GNPDA1",4.49e-101,0.811,0.452,0.309,8.36e-97,"GNPDA1"
"NUF2",4.61e-101,-1.142,0.208,0.339,8.58e-97,"NUF2"
"NSMF",4.7e-101,1.155,0.207,0.094,8.76e-97,"NSMF"
"FJX1",6.13e-101,0.91,0.423,0.283,1.14e-96,"FJX1"
"CHMP2A",6.36e-101,0.612,0.674,0.573,1.18e-96,"CHMP2A"
"DLGAP5",9.36e-101,-1.123,0.129,0.254,1.74e-96,"DLGAP5"
"OSTC",9.46e-101,0.687,0.624,0.521,1.76e-96,"OSTC"
"B4GAT1",1.17e-100,1.031,0.265,0.138,2.18e-96,"B4GAT1"
"PRR16",1.23e-100,2.652,0.078,0.013,2.3e-96,"PRR16"
"TPX2",1.27e-100,-0.991,0.195,0.329,2.37e-96,"TPX2"
"MSRB2",1.29e-100,0.819,0.457,0.317,2.39e-96,"MSRB2"
"GEM",2.53e-100,2.325,0.148,0.055,4.71e-96,"GEM"
"SHISA4",2.82e-100,1.315,0.188,0.081,5.25e-96,"SHISA4"
"CCNE2",2.83e-100,-0.828,0.232,0.375,5.27e-96,"CCNE2"
"RPS12",3.44e-100,0.35,0.983,0.992,6.41e-96,"RPS12"
"ARHGAP11A",3.58e-100,-1.136,0.153,0.279,6.67e-96,"ARHGAP11A"
"MSMO1",4.11e-100,1.166,0.64,0.561,7.66e-96,"MSMO1"
"TUBA4A",4.26e-100,3.998,0.058,0.005,7.93e-96,"TUBA4A"
"EIF3E",4.29e-100,0.439,0.853,0.812,7.98e-96,"EIF3E"
"ZNF385D",6.18e-100,0.569,0.366,0.217,1.15e-95,"ZNF385D"
"CDK19",6.22e-100,-0.439,0.718,0.8,1.16e-95,"CDK19"
"PIMREG",9.18e-100,-1.22,0.123,0.244,1.71e-95,"PIMREG"
"IFIT3",9.25e-100,1.414,0.145,0.052,1.72e-95,"IFIT3"
"CDCA8",9.72e-100,-1.386,0.11,0.227,1.81e-95,"CDCA8"
"SLC4A4",1.09e-99,0.922,0.541,0.409,2.02e-95,"SLC4A4"
"SYT17",1.27e-99,0.869,0.343,0.204,2.36e-95,"SYT17"
"ZWINT",1.48e-99,-0.9,0.162,0.294,2.75e-95,"ZWINT"
"AFF1",1.51e-99,0.828,0.395,0.251,2.81e-95,"AFF1"
"BLM",1.55e-99,-1.149,0.14,0.264,2.88e-95,"BLM"
"COX4I1",1.64e-99,0.358,0.945,0.948,3.05e-95,"COX4I1"
"TYMS",1.69e-99,-0.754,0.236,0.375,3.15e-95,"TYMS"
"CIT",1.95e-99,-0.944,0.239,0.374,3.62e-95,"CIT"
"JUNB",2.33e-99,1.241,0.357,0.226,4.34e-95,"JUNB"
"CETN2",3.41e-99,0.78,0.482,0.344,6.36e-95,"CETN2"
"HDGFL3",3.58e-99,-0.307,0.872,0.923,6.66e-95,"HDGFL3"
"RAB5A",4.83e-99,0.576,0.668,0.557,9e-95,"RAB5A"
"BTG2",5.26e-99,0.826,0.609,0.492,9.79e-95,"BTG2"
"EPHB1",5.92e-99,0.879,0.459,0.317,1.1e-94,"EPHB1"
"GPX8",1.05e-98,1.393,0.172,0.071,1.95e-94,"GPX8"
"GNG2",2.4e-98,-0.458,0.604,0.726,4.47e-94,"GNG2"
"PLK4",2.41e-98,-1.135,0.129,0.25,4.49e-94,"PLK4"
"MAP9",2.5e-98,0.646,0.467,0.315,4.66e-94,"MAP9"
"VWA3B",2.51e-98,1.799,0.12,0.037,4.66e-94,"VWA3B"
"IDI1",3.11e-98,0.996,0.652,0.581,5.78e-94,"IDI1"
"SFPQ",3.62e-98,-0.309,0.944,0.963,6.75e-94,"SFPQ"
"CLSPN",4.01e-98,-0.986,0.157,0.286,7.46e-94,"CLSPN"
"LCORL",5.33e-98,-0.49,0.819,0.861,9.92e-94,"LCORL"
"MYBL2",6.48e-98,-1.145,0.122,0.242,1.21e-93,"MYBL2"
"PAQR6",7.78e-98,1.942,0.121,0.038,1.45e-93,"PAQR6"
"NUSAP1",9.28e-98,-1.072,0.14,0.264,1.73e-93,"NUSAP1"
"GADD45GIP1",9.35e-98,0.592,0.646,0.536,1.74e-93,"GADD45GIP1"
"LRPAP1",9.62e-98,0.8,0.449,0.31,1.79e-93,"LRPAP1"
"GAS2L1",9.85e-98,1.535,0.161,0.064,1.83e-93,"GAS2L1"
"UFC1",9.94e-98,0.627,0.584,0.455,1.85e-93,"UFC1"
"LAMTOR2",1.38e-97,0.637,0.632,0.528,2.56e-93,"LAMTOR2"
"KLHDC9",1.6e-97,1.575,0.11,0.031,2.99e-93,"KLHDC9"
"RAB9A",1.86e-97,0.816,0.437,0.297,3.46e-93,"RAB9A"
"ENTPD1",2.33e-97,1.679,0.139,0.049,4.34e-93,"ENTPD1"
"CAPZA2",2.41e-97,0.434,0.832,0.794,4.49e-93,"CAPZA2"
"PPM1E",3.01e-97,-0.399,0.665,0.775,5.61e-93,"PPM1E"
"THBS2",3.95e-97,3.31,0.059,0.006,7.34e-93,"THBS2"
"CNPY2",4.44e-97,0.574,0.661,0.547,8.26e-93,"CNPY2"
"SLIT2",5.31e-97,0.888,0.313,0.184,9.88e-93,"SLIT2"
"DNAI4",7.37e-97,1.111,0.198,0.089,1.37e-92,"DNAI4"
"CDC14B",7.75e-97,0.624,0.556,0.409,1.44e-92,"CDC14B"
"SCPEP1",8.91e-97,1.331,0.175,0.074,1.66e-92,"SCPEP1"
"DPH6",9.16e-97,0.641,0.38,0.232,1.7e-92,"DPH6"
"RPS27L",9.81e-97,0.506,0.843,0.792,1.83e-92,"RPS27L"
"NACA",9.98e-97,0.286,0.986,0.993,1.86e-92,"NACA"
"CTSD",1.03e-96,1.182,0.235,0.118,1.91e-92,"CTSD"
"RPL29",1.17e-96,0.35,0.981,0.99,2.18e-92,"RPL29"
"IFIH1",1.4e-96,1.823,0.119,0.037,2.61e-92,"IFIH1"
"SAMD9L",1.44e-96,2.598,0.075,0.013,2.69e-92,"SAMD9L"
"SWI5",2e-96,0.836,0.374,0.234,3.72e-92,"SWI5"
"STK17A",2.29e-96,1.32,0.394,0.272,4.26e-92,"STK17A"
"NDRG4",3.17e-96,0.992,0.296,0.166,5.9e-92,"NDRG4"
"MASP1",3.6e-96,2.606,0.076,0.014,6.71e-92,"MASP1"
"ERBB2",3.71e-96,1.25,0.2,0.092,6.91e-92,"ERBB2"
"UBXN4",4.99e-96,0.416,0.863,0.829,9.29e-92,"UBXN4"
"GRIN2B",5.38e-96,0.937,0.225,0.108,1e-91,"GRIN2B"
"MTTP",5.81e-96,1.718,0.109,0.031,1.08e-91,"MTTP"
"DNAJC3",5.87e-96,0.729,0.491,0.346,1.09e-91,"DNAJC3"
"RBM43",6.61e-96,2.137,0.094,0.023,1.23e-91,"RBM43"
"OSBPL3",1.33e-95,1.14,0.198,0.09,2.47e-91,"OSBPL3"
"GABRA2",1.36e-95,0.909,0.297,0.17,2.54e-91,"GABRA2"
"CDCA4",1.89e-95,-0.937,0.191,0.321,3.52e-91,"CDCA4"
"EGF",2e-95,2.735,0.071,0.011,3.73e-91,"EGF"
"SELENBP1",2.47e-95,1.699,0.151,0.059,4.6e-91,"SELENBP1"
"MLEC",3.01e-95,0.66,0.599,0.489,5.59e-91,"MLEC"
"RABAC1",3.1e-95,0.531,0.745,0.684,5.77e-91,"RABAC1"
"CNGA3",3.64e-95,1.928,0.102,0.027,6.77e-91,"CNGA3"
"LGALS3BP",3.83e-95,1.153,0.216,0.104,7.12e-91,"LGALS3BP"
"TRAF3",4e-95,0.908,0.232,0.115,7.45e-91,"TRAF3"
"KAT6B",4.41e-95,-0.318,0.945,0.961,8.2e-91,"KAT6B"
"SPAG16",4.74e-95,0.605,0.581,0.463,8.82e-91,"SPAG16"
"ANAPC16",7.17e-95,0.57,0.676,0.584,1.33e-90,"ANAPC16"
"TMEM9",7.72e-95,0.808,0.413,0.273,1.44e-90,"TMEM9"
"SYNE1",7.72e-95,0.659,0.647,0.525,1.44e-90,"SYNE1"
"DCTD",8.63e-95,1.035,0.241,0.122,1.61e-90,"DCTD"
"COX7C",9.52e-95,0.342,0.954,0.962,1.77e-90,"COX7C"
"S100A16",1.19e-94,3.25,0.068,0.01,2.22e-90,"S100A16"
"GRB14",1.26e-94,1.747,0.125,0.042,2.34e-90,"GRB14"
"ACSL6",1.27e-94,2.372,0.087,0.019,2.37e-90,"ACSL6"
"GPAM",1.4e-94,1.015,0.271,0.148,2.61e-90,"GPAM"
"PTPRA",1.64e-94,0.42,0.871,0.835,3.05e-90,"PTPRA"
"KITLG",1.68e-94,-0.424,0.463,0.613,3.13e-90,"KITLG"
"DARS1",2.11e-94,0.611,0.668,0.563,3.92e-90,"DARS1"
"RPS15",2.23e-94,0.298,0.983,0.992,4.14e-90,"RPS15"
"KIAA1328",2.47e-94,-0.418,0.743,0.816,4.59e-90,"KIAA1328"
"LRATD1",2.87e-94,1.339,0.134,0.047,5.33e-90,"LRATD1"
"MPC2",2.97e-94,0.565,0.708,0.627,5.53e-90,"MPC2"
"AKR7A2",2.98e-94,0.766,0.537,0.413,5.55e-90,"AKR7A2"
"ECHDC2",3.64e-94,1.917,0.113,0.034,6.77e-90,"ECHDC2"
"ACSS3",4.17e-94,1.796,0.127,0.043,7.76e-90,"ACSS3"
"SNX18",4.51e-94,1.02,0.23,0.113,8.39e-90,"SNX18"
"PPP1R12B",4.7e-94,-0.319,0.834,0.885,8.74e-90,"PPP1R12B"
"NEIL3",6.03e-94,-1.156,0.109,0.222,1.12e-89,"NEIL3"
"PARPBP",6.34e-94,-1.281,0.174,0.294,1.18e-89,"PARPBP"
"ZCRB1",8.83e-94,0.48,0.754,0.684,1.64e-89,"ZCRB1"
"CFAP36",1.21e-93,0.609,0.581,0.453,2.26e-89,"CFAP36"
"TIMP2",1.23e-93,0.679,0.642,0.542,2.3e-89,"TIMP2"
"RBPMS",1.33e-93,1.086,0.237,0.122,2.48e-89,"RBPMS"
"NPDC1",1.63e-93,0.623,0.544,0.405,3.02e-89,"NPDC1"
"GDPD2",1.63e-93,3.186,0.064,0.008,3.03e-89,"GDPD2"
"EPHX2",2.26e-93,2.579,0.073,0.012,4.2e-89,"EPHX2"
"RNF141",2.37e-93,0.832,0.359,0.223,4.4e-89,"RNF141"
"CEP152",3.37e-93,-1.088,0.168,0.29,6.28e-89,"CEP152"
"IL1RAP",3.61e-93,2.876,0.071,0.012,6.72e-89,"IL1RAP"
"RSRP1",3.8e-93,0.705,0.569,0.442,7.07e-89,"RSRP1"
"H2AC12",4.02e-93,-1.336,0.088,0.193,7.48e-89,"H2AC12"
"PIK3C2A",5.31e-93,0.569,0.732,0.653,9.88e-89,"PIK3C2A"
"NKAIN3",5.33e-93,0.425,0.859,0.783,9.92e-89,"NKAIN3"
"EVI5",5.37e-93,0.56,0.657,0.535,9.99e-89,"EVI5"
"CNRIP1",5.6e-93,0.856,0.414,0.277,1.04e-88,"CNRIP1"
"AP2B1",5.65e-93,0.43,0.822,0.761,1.05e-88,"AP2B1"
"LYPLAL1",8.1e-93,0.673,0.492,0.349,1.51e-88,"LYPLAL1"
"AP1S2",1.01e-92,0.549,0.786,0.723,1.87e-88,"AP1S2"
"GPR137C",1.04e-92,-0.533,0.55,0.666,1.93e-88,"GPR137C"
"CAMLG",1.13e-92,0.47,0.792,0.728,2.11e-88,"CAMLG"
"HNRNPD",1.17e-92,-0.332,0.943,0.959,2.18e-88,"HNRNPD"
"ILK",1.23e-92,0.79,0.481,0.349,2.3e-88,"ILK"
"ZNF738",1.4e-92,-0.495,0.511,0.635,2.6e-88,"ZNF738"
"SOCS1",1.49e-92,2.873,0.075,0.014,2.78e-88,"SOCS1"
"PARP8",1.74e-92,0.709,0.291,0.16,3.25e-88,"PARP8"
"SERP1",1.95e-92,0.475,0.747,0.661,3.62e-88,"SERP1"
"BIRC5",2.5e-92,-0.799,0.162,0.292,4.66e-88,"BIRC5"
"KLHL5",2.62e-92,0.548,0.548,0.417,4.87e-88,"KLHL5"
"MMP16",3.61e-92,-0.298,0.782,0.85,6.72e-88,"MMP16"
"FAXDC2",3.99e-92,1.094,0.258,0.14,7.43e-88,"FAXDC2"
"NBPF26",4.51e-92,1.226,0.24,0.127,8.39e-88,"NBPF26"
"ASTN2",5.16e-92,0.772,0.399,0.257,9.61e-88,"ASTN2"
"TTK",6.05e-92,-1.234,0.118,0.232,1.13e-87,"TTK"
"RND2",6.72e-92,1.068,0.204,0.095,1.25e-87,"RND2"
"RNF7",7.93e-92,0.57,0.658,0.561,1.48e-87,"RNF7"
"SESTD1",8.28e-92,-0.343,0.744,0.825,1.54e-87,"SESTD1"
"ENO1",1.03e-91,0.396,0.79,0.739,1.91e-87,"ENO1"
"SOX2",1.38e-91,0.432,0.917,0.901,2.58e-87,"SOX2"
"FAM167A",1.7e-91,4.493,0.049,0.003,3.17e-87,"FAM167A"
"COTL1",2e-91,0.875,0.312,0.181,3.71e-87,"COTL1"
"EXO1",2.12e-91,-1.14,0.109,0.221,3.94e-87,"EXO1"
"PLP1",2.3e-91,1.314,0.194,0.09,4.28e-87,"PLP1"
"MCRIP2",2.97e-91,1.164,0.191,0.087,5.52e-87,"MCRIP2"
"ORAI3",3.9e-91,1.568,0.118,0.038,7.26e-87,"ORAI3"
"CENPK",3.97e-91,-0.764,0.228,0.358,7.39e-87,"CENPK"
"H3-3A",4.44e-91,-0.182,0.99,0.998,8.26e-87,"H3-3A"
"PCBD1",4.61e-91,0.866,0.367,0.238,8.58e-87,"PCBD1"
"PLCL2",4.63e-91,-0.506,0.438,0.586,8.61e-87,"PLCL2"
"COL4A2",4.96e-91,0.916,0.467,0.335,9.23e-87,"COL4A2"
"UNC5B",6.05e-91,1.519,0.149,0.058,1.13e-86,"UNC5B"
"KIF14",6.21e-91,-1.188,0.131,0.247,1.16e-86,"KIF14"
"PRELID1",7.94e-91,0.541,0.713,0.64,1.48e-86,"PRELID1"
"ZFTRAF1",9.78e-91,0.8,0.387,0.249,1.82e-86,"ZFTRAF1"
"ACP6",9.87e-91,1.074,0.216,0.106,1.84e-86,"ACP6"
"CENPW",1.06e-90,-0.909,0.174,0.3,1.97e-86,"CENPW"
"CHMP4B",1.45e-90,0.8,0.419,0.284,2.7e-86,"CHMP4B"
"CELF5",1.8e-90,-0.351,0.35,0.528,3.36e-86,"CELF5"
"KCNB2",2.29e-90,-0.858,0.191,0.325,4.27e-86,"KCNB2"
"ZNF367",2.56e-90,-1.097,0.154,0.272,4.76e-86,"ZNF367"
"DYRK1A",2.8e-90,-0.394,0.838,0.874,5.21e-86,"DYRK1A"
"CITED2",3e-90,-0.59,0.377,0.523,5.59e-86,"CITED2"
"ACOT13",3.41e-90,0.774,0.387,0.248,6.34e-86,"ACOT13"
"CADM2",3.59e-90,0.267,0.674,0.526,6.68e-86,"CADM2"
"HMGN2",3.72e-90,-0.812,0.917,0.926,6.93e-86,"HMGN2"
"SKA3",4.77e-90,-1.073,0.112,0.223,8.88e-86,"SKA3"
"CISD1",5.06e-90,0.66,0.546,0.421,9.42e-86,"CISD1"
"ORAI2",5.25e-90,0.8,0.329,0.199,9.77e-86,"ORAI2"
"SLC16A9",6.06e-90,1.084,0.252,0.134,1.13e-85,"SLC16A9"
"MAN1A1",6.68e-90,1.273,0.13,0.046,1.24e-85,"MAN1A1"
"MYL5",7.08e-90,2.111,0.084,0.019,1.32e-85,"MYL5"
"FOXN4",7.22e-90,-1.698,0.038,0.119,1.34e-85,"FOXN4"
"FCGRT",9.81e-90,1.798,0.114,0.036,1.83e-85,"FCGRT"
"TECR",1.07e-89,0.805,0.438,0.31,1.99e-85,"TECR"
"CCSER1",1.1e-89,-0.686,0.329,0.477,2.04e-85,"CCSER1"
"RAB32",1.3e-89,1.717,0.124,0.043,2.43e-85,"RAB32"
"CMC4",1.4e-89,0.891,0.31,0.184,2.6e-85,"CMC4"
"NSD2",1.67e-89,-0.464,0.779,0.817,3.11e-85,"NSD2"
"TMCO1",1.75e-89,0.515,0.713,0.642,3.26e-85,"TMCO1"
"ZDHHC2",2.17e-89,0.693,0.406,0.266,4.03e-85,"ZDHHC2"
"MT1F",2.71e-89,1.606,0.152,0.062,5.05e-85,"MT1F"
"FAM162A",3.38e-89,0.538,0.441,0.295,6.3e-85,"FAM162A"
"H1-4",3.49e-89,-1.169,0.384,0.483,6.49e-85,"H1-4"
"SLC25A12",4.64e-89,-0.595,0.751,0.802,8.63e-85,"SLC25A12"
"SYTL2",4.84e-89,1.903,0.085,0.02,9.01e-85,"SYTL2"
"PLEKHB1",5.96e-89,1.867,0.093,0.024,1.11e-84,"PLEKHB1"
"NLGN3",7.09e-89,0.976,0.233,0.12,1.32e-84,"NLGN3"
"IMPACT",7.98e-89,0.951,0.27,0.15,1.49e-84,"IMPACT"
"ZNF254",8.14e-89,-0.321,0.813,0.878,1.52e-84,"ZNF254"
"KCNG1",1.14e-88,1.305,0.179,0.08,2.12e-84,"KCNG1"
"GADD45B",1.35e-88,2.076,0.094,0.025,2.51e-84,"GADD45B"
"TMEM14C",1.35e-88,0.537,0.688,0.599,2.51e-84,"TMEM14C"
"DCDC1",2.31e-88,1.431,0.134,0.049,4.3e-84,"DCDC1"
"CCNG2",2.41e-88,-0.387,0.627,0.74,4.49e-84,"CCNG2"
"KIF20A",2.66e-88,-1.288,0.089,0.193,4.95e-84,"KIF20A"
"PFDN5",3.04e-88,0.346,0.94,0.95,5.65e-84,"PFDN5"
"CNP",3.14e-88,0.856,0.352,0.222,5.84e-84,"CNP"
"POLR2L",4.76e-88,0.687,0.55,0.436,8.86e-84,"POLR2L"
"TACC3",4.88e-88,-0.877,0.163,0.285,9.09e-84,"TACC3"
"NPL",5.94e-88,1.538,0.119,0.04,1.11e-83,"NPL"
"KIF9",7.08e-88,1.118,0.201,0.096,1.32e-83,"KIF9"
"MICOS10",7.57e-88,0.483,0.783,0.737,1.41e-83,"MICOS10"
"FAM229B",8.06e-88,0.612,0.477,0.336,1.5e-83,"FAM229B"
"LARS1",8.3e-88,0.479,0.75,0.678,1.55e-83,"LARS1"
"PPP2CB",9.44e-88,0.412,0.804,0.746,1.76e-83,"PPP2CB"
"NEO1",9.54e-88,0.584,0.642,0.538,1.78e-83,"NEO1"
"RACGAP1",1.14e-87,-0.99,0.211,0.331,2.13e-83,"RACGAP1"
"TOM1",1.22e-87,1.231,0.155,0.063,2.27e-83,"TOM1"
"COL5A2",1.66e-87,0.792,0.246,0.13,3.1e-83,"COL5A2"
"DPYSL3",2.07e-87,-0.361,0.942,0.963,3.85e-83,"DPYSL3"
"SPHK1",2.13e-87,2.842,0.063,0.009,3.96e-83,"SPHK1"
"EFEMP2",2.49e-87,1.33,0.163,0.07,4.63e-83,"EFEMP2"
"KIF2C",2.83e-87,-1.049,0.121,0.234,5.27e-83,"KIF2C"
"RNF24",3.26e-87,-0.286,0.746,0.845,6.08e-83,"RNF24"
"ZNF703",4.23e-87,1.346,0.175,0.078,7.87e-83,"ZNF703"
"ARMCX3",4.91e-87,0.554,0.656,0.547,9.14e-83,"ARMCX3"
"SSR4",5.1e-87,0.512,0.742,0.671,9.5e-83,"SSR4"
"EPHX1",5.17e-87,0.943,0.263,0.144,9.63e-83,"EPHX1"
"ATP6V1F",5.47e-87,0.436,0.831,0.802,1.02e-82,"ATP6V1F"
"PGM1",8.07e-87,0.93,0.3,0.177,1.5e-82,"PGM1"
"CHD7",9.51e-87,-0.232,0.866,0.905,1.77e-82,"CHD7"
"LGALS1",9.91e-87,0.819,0.429,0.296,1.85e-82,"LGALS1"
"UROS",1.12e-86,0.77,0.398,0.264,2.08e-82,"UROS"
"PCLAF",1.39e-86,-0.482,0.198,0.333,2.58e-82,"PCLAF"
"POLR2J",1.42e-86,0.481,0.745,0.69,2.65e-82,"POLR2J"
"CHDH",1.42e-86,1.717,0.106,0.032,2.65e-82,"CHDH"
"ID3",1.62e-86,1.628,0.305,0.193,3.02e-82,"ID3"
"NEDD8",1.86e-86,0.4,0.838,0.804,3.46e-82,"NEDD8"
"RPS7",1.96e-86,0.293,0.985,0.993,3.64e-82,"RPS7"
"IGSF5",1.97e-86,2.495,0.066,0.011,3.67e-82,"IGSF5"
"CCDC191",2.73e-86,0.784,0.308,0.18,5.08e-82,"CCDC191"
"SIAE",3.1e-86,1.324,0.143,0.056,5.77e-82,"SIAE"
"ADORA1",3.72e-86,1.451,0.126,0.045,6.92e-82,"ADORA1"
"PHLDA3",4.1e-86,1.183,0.182,0.083,7.64e-82,"PHLDA3"
"RSPH1",4.25e-86,2.639,0.064,0.01,7.91e-82,"RSPH1"
"UROD",5.03e-86,0.973,0.257,0.141,9.37e-82,"UROD"
"ALDH3A2",5.26e-86,0.76,0.519,0.395,9.79e-82,"ALDH3A2"
"GCA",5.54e-86,0.771,0.527,0.404,1.03e-81,"GCA"
"ZNF618",1.16e-85,-0.467,0.511,0.635,2.16e-81,"ZNF618"
"KIF1B",1.48e-85,0.33,0.976,0.976,2.76e-81,"KIF1B"
"TMEM179B",1.83e-85,0.817,0.393,0.263,3.42e-81,"TMEM179B"
"FBXO32",1.86e-85,2.292,0.118,0.041,3.47e-81,"FBXO32"
"MIS18BP1",2.26e-85,-1.148,0.254,0.365,4.2e-81,"MIS18BP1"
"BTG1",2.46e-85,-0.457,0.924,0.959,4.58e-81,"BTG1"
"PLA2G5",2.97e-85,4.43,0.046,0.002,5.54e-81,"PLA2G5"
"FGD3",3.01e-85,-0.505,0.246,0.387,5.6e-81,"FGD3"
"ACBD5",3.07e-85,0.626,0.607,0.504,5.7e-81,"ACBD5"
"SHLD2",3.57e-85,0.695,0.391,0.254,6.65e-81,"SHLD2"
"PTPRF",3.58e-85,0.904,0.335,0.208,6.67e-81,"PTPRF"
"RGS20",3.91e-85,1.512,0.186,0.088,7.27e-81,"RGS20"
"NKAIN4",3.95e-85,1.578,0.262,0.154,7.35e-81,"NKAIN4"
"SPATA17",4.5e-85,1.364,0.14,0.054,8.37e-81,"SPATA17"
"TMEM134",5.51e-85,0.832,0.312,0.187,1.03e-80,"TMEM134"
"ZNF300",6.5e-85,-0.59,0.302,0.438,1.21e-80,"ZNF300"
"PPA2",6.78e-85,0.523,0.616,0.495,1.26e-80,"PPA2"
"RPS18",8.7e-85,0.309,0.988,0.995,1.62e-80,"RPS18"
"NEIL2",1.27e-84,1.202,0.177,0.08,2.37e-80,"NEIL2"
"FOXM1",1.4e-84,-0.956,0.134,0.247,2.6e-80,"FOXM1"
"ETV6",1.46e-84,0.579,0.596,0.471,2.72e-80,"ETV6"
"PTPMT1",1.53e-84,1.024,0.276,0.161,2.85e-80,"PTPMT1"
"H2AC20",1.56e-84,-1.184,0.317,0.424,2.9e-80,"H2AC20"
"SATB2",1.63e-84,1.186,0.172,0.077,3.04e-80,"SATB2"
"KIF23",1.73e-84,-1.061,0.13,0.242,3.23e-80,"KIF23"
"DBNDD2",1.85e-84,0.818,0.344,0.216,3.44e-80,"DBNDD2"
"SMOC1",2.26e-84,-0.55,0.312,0.449,4.21e-80,"SMOC1"
"TPGS2",2.66e-84,-0.367,0.727,0.809,4.96e-80,"TPGS2"
"ACAA1",2.77e-84,0.863,0.319,0.194,5.15e-80,"ACAA1"
"TMEM117",2.84e-84,0.661,0.276,0.153,5.29e-80,"TMEM117"
"ARL1",3.22e-84,0.762,0.402,0.273,6e-80,"ARL1"
"P3H4",3.34e-84,0.967,0.207,0.102,6.21e-80,"P3H4"
"IQCH",3.42e-84,1.131,0.149,0.06,6.37e-80,"IQCH"
"NOTCH3",3.96e-84,1.156,0.197,0.096,7.38e-80,"NOTCH3"
"CFAP70",4.02e-84,1.742,0.096,0.027,7.48e-80,"CFAP70"
"FOXP2",4.37e-84,-1.804,0.086,0.182,8.14e-80,"FOXP2"
"ISCA2",6.14e-84,0.724,0.429,0.298,1.14e-79,"ISCA2"
"TIPARP",6.17e-84,1.003,0.305,0.186,1.15e-79,"TIPARP"
"TOMM20",6.2e-84,0.347,0.902,0.888,1.15e-79,"TOMM20"
"CFAP43",6.82e-84,1.769,0.114,0.039,1.27e-79,"CFAP43"
"ZC2HC1A",8.05e-84,-0.299,0.811,0.885,1.5e-79,"ZC2HC1A"
"EMC7",8.55e-84,0.653,0.547,0.434,1.59e-79,"EMC7"
"ZNF66",8.84e-84,-0.586,0.306,0.438,1.65e-79,"ZNF66"
"OSGIN2",9.73e-84,1.012,0.26,0.146,1.81e-79,"OSGIN2"
"HES6",1.06e-83,-0.739,0.537,0.622,1.97e-79,"HES6"
"FUCA2",1.33e-83,0.988,0.259,0.145,2.48e-79,"FUCA2"
"FAM118A",1.46e-83,0.764,0.395,0.262,2.72e-79,"FAM118A"
"DNAAF11",1.53e-83,1.189,0.161,0.069,2.85e-79,"DNAAF11"
"KIF1A",1.56e-83,0.558,0.695,0.594,2.91e-79,"KIF1A"
"BEND6",1.76e-83,1.11,0.129,0.048,3.27e-79,"BEND6"
"SBK1",2.09e-83,-0.413,0.405,0.554,3.89e-79,"SBK1"
"KTN1",2.17e-83,0.413,0.839,0.808,4.04e-79,"KTN1"
"ROM1",2.22e-83,2.072,0.078,0.017,4.13e-79,"ROM1"
"SAR1B",2.26e-83,0.631,0.552,0.436,4.21e-79,"SAR1B"
"TMEM178A",2.9e-83,1.353,0.154,0.066,5.39e-79,"TMEM178A"
"UBE2Q1",3.01e-83,0.779,0.371,0.242,5.61e-79,"UBE2Q1"
"MEST",4.19e-83,0.681,0.451,0.305,7.79e-79,"MEST"
"CCDC112",4.79e-83,-0.311,0.704,0.802,8.92e-79,"CCDC112"
"SAMD8",5.18e-83,0.543,0.608,0.492,9.65e-79,"SAMD8"
"TENM4",5.84e-83,0.933,0.245,0.132,1.09e-78,"TENM4"
"MLF2",6.17e-83,0.42,0.81,0.771,1.15e-78,"MLF2"
"LY6H",9.52e-83,1.016,0.299,0.181,1.77e-78,"LY6H"
"MMS22L",1.1e-82,-1.011,0.393,0.49,2.06e-78,"MMS22L"
"EFCAB14",1.16e-82,0.709,0.479,0.352,2.15e-78,"EFCAB14"
"CALD1",1.35e-82,0.454,0.782,0.706,2.52e-78,"CALD1"
"CXXC5",1.35e-82,0.727,0.6,0.502,2.52e-78,"CXXC5"
"GPC1",1.64e-82,0.88,0.384,0.261,3.06e-78,"GPC1"
"MYBL1",1.72e-82,-1.109,0.133,0.241,3.2e-78,"MYBL1"
"PLIN3",1.74e-82,0.911,0.282,0.165,3.25e-78,"PLIN3"
"TEX26",1.78e-82,3.336,0.052,0.005,3.32e-78,"TEX26"
"LYST",1.85e-82,0.833,0.514,0.383,3.44e-78,"LYST"
"MSN",1.86e-82,0.733,0.524,0.416,3.47e-78,"MSN"
"TTC28",2.03e-82,-0.292,0.973,0.974,3.78e-78,"TTC28"
"RPL6",2.4e-82,0.289,0.986,0.993,4.47e-78,"RPL6"
"GNPTG",2.56e-82,0.754,0.367,0.238,4.77e-78,"GNPTG"
"RRAS",4.02e-82,1.284,0.159,0.069,7.49e-78,"RRAS"
"NTNG2",5.89e-82,2.565,0.066,0.012,1.1e-77,"NTNG2"
"FANCI",6.44e-82,-0.651,0.23,0.359,1.2e-77,"FANCI"
"L3HYPDH",6.64e-82,1.098,0.235,0.127,1.24e-77,"L3HYPDH"
"GAMT",7.07e-82,0.77,0.374,0.244,1.32e-77,"GAMT"
"ENSG00000280285",8.39e-82,3.808,0.047,0.004,1.56e-77,"ENSG00000280285"
"E2F7",8.64e-82,-0.946,0.131,0.24,1.61e-77,"E2F7"
"NOTCH2NLA",9.07e-82,1.121,0.254,0.144,1.69e-77,"NOTCH2NLA"
"PHEX",9.39e-82,1.517,0.126,0.047,1.75e-77,"PHEX"
"TJP1",9.84e-82,0.508,0.682,0.583,1.83e-77,"TJP1"
"DHRS4",1e-81,1.521,0.119,0.042,1.87e-77,"DHRS4"
"NUDT12",1.17e-81,0.985,0.241,0.131,2.18e-77,"NUDT12"
"VPS41",1.41e-81,0.445,0.662,0.545,2.63e-77,"VPS41"
"GSTP1",1.42e-81,0.379,0.898,0.898,2.65e-77,"GSTP1"
"LTA4H",1.44e-81,0.696,0.395,0.261,2.68e-77,"LTA4H"
"CDH1",1.45e-81,3.631,0.053,0.006,2.69e-77,"CDH1"
"ARMC9",1.59e-81,0.691,0.392,0.26,2.96e-77,"ARMC9"
"SDF2L1",1.86e-81,1.015,0.27,0.157,3.47e-77,"SDF2L1"
"TRAPPC5",1.92e-81,0.615,0.55,0.437,3.57e-77,"TRAPPC5"
"MOK",2.02e-81,0.769,0.321,0.194,3.76e-77,"MOK"
"ACSF2",2.08e-81,1.955,0.096,0.028,3.86e-77,"ACSF2"
"NES",2.5e-81,1.093,0.535,0.444,4.65e-77,"NES"
"NT5C",2.92e-81,0.816,0.339,0.215,5.43e-77,"NT5C"
"ARX",3.19e-81,-0.271,0.713,0.813,5.95e-77,"ARX"
"S100A13",3.27e-81,2.395,0.075,0.017,6.09e-77,"S100A13"
"COBL",3.3e-81,0.814,0.239,0.127,6.15e-77,"COBL"
"DECR1",3.57e-81,0.538,0.618,0.505,6.65e-77,"DECR1"
"CCDC150",3.65e-81,-0.994,0.133,0.243,6.8e-77,"CCDC150"
"CREM",4.27e-81,0.569,0.499,0.36,7.95e-77,"CREM"
"RCN1",4.77e-81,0.671,0.538,0.422,8.88e-77,"RCN1"
"UBTD2",4.98e-81,-0.343,0.703,0.784,9.28e-77,"UBTD2"
"IGF2BP2",6.93e-81,0.732,0.398,0.265,1.29e-76,"IGF2BP2"
"ERF",7.02e-81,1.526,0.132,0.052,1.31e-76,"ERF"
"MTA3",7.75e-81,0.673,0.488,0.358,1.44e-76,"MTA3"
"C6orf120",8.42e-81,0.94,0.232,0.124,1.57e-76,"C6orf120"
"APBA1",9.09e-81,0.578,0.629,0.503,1.69e-76,"APBA1"
"RNF130",1.02e-80,-0.242,0.968,0.976,1.9e-76,"RNF130"
"MAMDC2",1.1e-80,1.266,0.188,0.09,2.04e-76,"MAMDC2"
"HSPB1",1.14e-80,0.893,0.488,0.381,2.12e-76,"HSPB1"
"NARS1",1.28e-80,0.656,0.545,0.432,2.38e-76,"NARS1"
"RBM47",1.4e-80,3.11,0.056,0.008,2.61e-76,"RBM47"
"COL11A1",1.44e-80,0.635,0.497,0.363,2.67e-76,"COL11A1"
"RETREG1",1.46e-80,0.786,0.342,0.214,2.71e-76,"RETREG1"
"PPP2R2C",1.73e-80,1.631,0.113,0.039,3.23e-76,"PPP2R2C"
"RASL10B",2.07e-80,1.784,0.089,0.025,3.86e-76,"RASL10B"
"CENPO",2.19e-80,-0.829,0.198,0.316,4.08e-76,"CENPO"
"JAG1",2.29e-80,0.814,0.325,0.205,4.26e-76,"JAG1"
"PHACTR1",2.36e-80,-0.487,0.74,0.8,4.39e-76,"PHACTR1"
"RPSA",2.54e-80,0.303,0.969,0.982,4.73e-76,"RPSA"
"TNS3",2.69e-80,1.315,0.134,0.052,5e-76,"TNS3"
"WASL",2.92e-80,0.49,0.714,0.625,5.43e-76,"WASL"
"ACTR2",2.92e-80,0.374,0.837,0.791,5.44e-76,"ACTR2"
"ARHGAP26",3.6e-80,0.824,0.193,0.093,6.7e-76,"ARHGAP26"
"SLC44A1",3.82e-80,0.56,0.867,0.772,7.12e-76,"SLC44A1"
"IGFBP2",5.19e-80,0.509,0.849,0.82,9.66e-76,"IGFBP2"
"CYP4V2",5.54e-80,1.192,0.171,0.078,1.03e-75,"CYP4V2"
"POLD4",5.56e-80,1.212,0.149,0.062,1.04e-75,"POLD4"
"ZMAT1",5.79e-80,0.757,0.438,0.312,1.08e-75,"ZMAT1"
"SPRED1",6.27e-80,0.671,0.599,0.489,1.17e-75,"SPRED1"
"ZC3H12C",7.23e-80,-0.459,0.646,0.718,1.35e-75,"ZC3H12C"
"ZNF714",7.57e-80,-0.441,0.573,0.674,1.41e-75,"ZNF714"
"PEX11A",7.69e-80,1.236,0.159,0.07,1.43e-75,"PEX11A"
"PTH2R",1.36e-79,2.469,0.081,0.021,2.54e-75,"PTH2R"
"DEK",1.67e-79,-0.499,0.844,0.861,3.12e-75,"DEK"
"AKR1C3",1.72e-79,2.995,0.055,0.008,3.21e-75,"AKR1C3"
"TIMM13",1.75e-79,0.628,0.55,0.437,3.26e-75,"TIMM13"
"NDUFB2",1.79e-79,0.387,0.843,0.815,3.34e-75,"NDUFB2"
"MCCC2",1.86e-79,0.855,0.272,0.157,3.45e-75,"MCCC2"
"GREB1L",2e-79,0.958,0.276,0.162,3.72e-75,"GREB1L"
"MRPS26",2.36e-79,0.564,0.602,0.495,4.4e-75,"MRPS26"
"KDM1A",2.44e-79,-0.242,0.843,0.901,4.55e-75,"KDM1A"
"STX17",2.52e-79,0.727,0.38,0.249,4.7e-75,"STX17"
"PCSK5",2.99e-79,1.09,0.178,0.083,5.56e-75,"PCSK5"
"HS3ST3A1",3.02e-79,2.258,0.065,0.012,5.62e-75,"HS3ST3A1"
"TLCD4",3.19e-79,1.743,0.104,0.034,5.93e-75,"TLCD4"
"RPL36AL",3.55e-79,0.392,0.837,0.824,6.6e-75,"RPL36AL"
"TMEM50B",3.82e-79,0.716,0.416,0.286,7.1e-75,"TMEM50B"
"ERLEC1",4.76e-79,0.572,0.567,0.453,8.86e-75,"ERLEC1"
"PDIA3",5.27e-79,0.492,0.741,0.678,9.81e-75,"PDIA3"
"MN1",5.31e-79,-0.7,0.496,0.595,9.88e-75,"MN1"
"PDE8A",5.91e-79,0.834,0.529,0.411,1.1e-74,"PDE8A"
"FRYL",6.3e-79,-0.258,0.879,0.921,1.17e-74,"FRYL"
"KHDRBS1",6.54e-79,-0.211,0.964,0.982,1.22e-74,"KHDRBS1"
"FAH",7.4e-79,2.094,0.075,0.017,1.38e-74,"FAH"
"SPTSSB",1e-78,2.977,0.054,0.007,1.87e-74,"SPTSSB"
"SELENOT",1.05e-78,0.527,0.651,0.552,1.95e-74,"SELENOT"
"TOB2",1.07e-78,0.773,0.431,0.304,1.99e-74,"TOB2"
"VEGFB",1.2e-78,0.839,0.428,0.312,2.23e-74,"VEGFB"
"C1RL",1.22e-78,1.276,0.137,0.056,2.27e-74,"C1RL"
"RORB",1.46e-78,0.609,0.506,0.371,2.72e-74,"RORB"
"COX14",1.48e-78,0.629,0.491,0.364,2.75e-74,"COX14"
"CPT1A",1.63e-78,1.609,0.112,0.039,3.04e-74,"CPT1A"
"COQ10B",1.68e-78,0.768,0.319,0.196,3.12e-74,"COQ10B"
"ZBTB47",1.94e-78,1.671,0.109,0.037,3.61e-74,"ZBTB47"
"ZHX1",1.97e-78,0.592,0.587,0.47,3.66e-74,"ZHX1"
"ACOX2",1.97e-78,2.627,0.057,0.009,3.66e-74,"ACOX2"
"RFC3",2.2e-78,-0.676,0.295,0.42,4.1e-74,"RFC3"
"ZNHIT1",2.41e-78,0.53,0.626,0.521,4.49e-74,"ZNHIT1"
"LRRTM4",2.42e-78,-0.18,0.285,0.162,4.51e-74,"LRRTM4"
"BUB1",2.95e-78,-1.088,0.134,0.242,5.5e-74,"BUB1"
"SYNM",2.98e-78,1.59,0.155,0.069,5.55e-74,"SYNM"
"MACROH2A2",4.01e-78,-0.409,0.562,0.677,7.46e-74,"MACROH2A2"
"AFAP1",4.52e-78,-0.279,0.666,0.769,8.41e-74,"AFAP1"
"LRP1",4.61e-78,0.658,0.524,0.404,8.58e-74,"LRP1"
"BNIP3",4.79e-78,0.846,0.707,0.617,8.92e-74,"BNIP3"
"SSBP3",5.93e-78,-0.503,0.502,0.614,1.1e-73,"SSBP3"
"RDH5",6.19e-78,1.18,0.165,0.075,1.15e-73,"RDH5"
"DNPEP",7.24e-78,0.954,0.228,0.122,1.35e-73,"DNPEP"
"SGSM2",8.77e-78,0.927,0.261,0.149,1.63e-73,"SGSM2"
"DUSP3",9.65e-78,1.179,0.158,0.07,1.8e-73,"DUSP3"
"PCSK1N",1.05e-77,0.424,0.775,0.695,1.96e-73,"PCSK1N"
"PTGR2",1.1e-77,1.084,0.224,0.121,2.04e-73,"PTGR2"
"ARPC3",1.13e-77,0.365,0.879,0.87,2.11e-73,"ARPC3"
"OXLD1",1.15e-77,0.986,0.18,0.085,2.15e-73,"OXLD1"
"SAMD12",1.24e-77,1.017,0.145,0.06,2.31e-73,"SAMD12"
"WSCD1",1.28e-77,0.973,0.277,0.166,2.39e-73,"WSCD1"
"TP53I11",1.44e-77,-0.533,0.258,0.392,2.69e-73,"TP53I11"
"TAF13",1.52e-77,0.811,0.321,0.201,2.84e-73,"TAF13"
"TNFSF12",1.86e-77,1.4,0.12,0.044,3.46e-73,"TNFSF12"
"ESR2",2.12e-77,-0.334,0.369,0.512,3.95e-73,"ESR2"
"MAP1LC3B",2.31e-77,0.473,0.755,0.7,4.3e-73,"MAP1LC3B"
"SMC4",2.33e-77,-1.119,0.479,0.542,4.34e-73,"SMC4"
"FAM81A",2.34e-77,1.186,0.158,0.071,4.36e-73,"FAM81A"
"SKA1",2.62e-77,-1.201,0.081,0.174,4.88e-73,"SKA1"
"SDHC",2.64e-77,0.569,0.593,0.487,4.91e-73,"SDHC"
"STX4",2.94e-77,0.849,0.254,0.143,5.47e-73,"STX4"
"SPEF2",3.02e-77,1.258,0.144,0.06,5.62e-73,"SPEF2"
"PDS5B",3.73e-77,-0.245,0.861,0.901,6.95e-73,"PDS5B"
"ATP6V1C1",3.76e-77,0.601,0.456,0.324,7.01e-73,"ATP6V1C1"
"NXT2",3.88e-77,1.022,0.25,0.143,7.22e-73,"NXT2"
"YWHAB",4.36e-77,0.31,0.915,0.913,8.11e-73,"YWHAB"
"CA13",4.45e-77,1.45,0.112,0.039,8.27e-73,"CA13"
"SGO2",4.93e-77,-1.027,0.194,0.306,9.17e-73,"SGO2"
"RAB5C",7.13e-77,0.499,0.684,0.614,1.33e-72,"RAB5C"
"SPTSSA",1.13e-76,0.699,0.445,0.324,2.11e-72,"SPTSSA"
"AGA",1.14e-76,1.266,0.158,0.071,2.12e-72,"AGA"
"CASQ1",1.2e-76,2.441,0.061,0.011,2.24e-72,"CASQ1"
"TXN2",1.34e-76,0.642,0.493,0.376,2.5e-72,"TXN2"
"KANSL1",1.38e-76,-0.197,0.972,0.983,2.57e-72,"KANSL1"
"MSRB3",1.43e-76,2.264,0.064,0.012,2.67e-72,"MSRB3"
"NAGLU",1.53e-76,0.99,0.206,0.106,2.85e-72,"NAGLU"
"IL13RA1",1.54e-76,2.387,0.067,0.014,2.87e-72,"IL13RA1"
"PRDX4",1.57e-76,0.682,0.504,0.386,2.92e-72,"PRDX4"
"CMTM4",1.59e-76,0.727,0.29,0.172,2.97e-72,"CMTM4"
"FANCB",1.6e-76,-0.837,0.169,0.283,2.98e-72,"FANCB"
"CDHR3",1.64e-76,0.713,0.351,0.224,3.04e-72,"CDHR3"
"ZNF730",1.8e-76,-0.629,0.407,0.52,3.34e-72,"ZNF730"
"CDCA3",1.82e-76,-1.074,0.119,0.222,3.39e-72,"CDCA3"
"PITPNA",2.15e-76,0.614,0.485,0.357,4e-72,"PITPNA"
"CRELD2",2.17e-76,0.744,0.303,0.184,4.04e-72,"CRELD2"
"CD164",2.67e-76,0.679,0.476,0.357,4.97e-72,"CD164"
"GNAQ",2.99e-76,-0.283,0.961,0.974,5.56e-72,"GNAQ"
"SLAIN1",3.34e-76,-0.267,0.818,0.89,6.21e-72,"SLAIN1"
"HSP90B1",3.48e-76,0.571,0.76,0.703,6.49e-72,"HSP90B1"
"MTF2",3.57e-76,-0.308,0.754,0.828,6.64e-72,"MTF2"
"EMID1",4.72e-76,1.409,0.156,0.07,8.79e-72,"EMID1"
"KDM4C",5.29e-76,0.511,0.584,0.44,9.84e-72,"KDM4C"
"DNAH5",5.59e-76,1.661,0.081,0.021,1.04e-71,"DNAH5"
"SLC6A8",5.92e-76,0.93,0.254,0.145,1.1e-71,"SLC6A8"
"SPC24",6.15e-76,-0.853,0.123,0.229,1.15e-71,"SPC24"
"IMPDH2",6.29e-76,0.644,0.524,0.407,1.17e-71,"IMPDH2"
"KLHDC8B",6.67e-76,1.45,0.105,0.035,1.24e-71,"KLHDC8B"
"CAMK1",6.73e-76,0.906,0.271,0.16,1.25e-71,"CAMK1"
"COX6A1",8.23e-76,0.349,0.914,0.905,1.53e-71,"COX6A1"
"SEMA6D",8.34e-76,0.135,0.392,0.245,1.55e-71,"SEMA6D"
"TCEAL9",8.55e-76,0.485,0.739,0.668,1.59e-71,"TCEAL9"
"C4orf47",9.15e-76,1.258,0.148,0.064,1.7e-71,"C4orf47"
"PTBP3",9.38e-76,-0.403,0.573,0.676,1.75e-71,"PTBP3"
"WBP2",9.93e-76,0.762,0.353,0.231,1.85e-71,"WBP2"
"DRAP1",1.24e-75,0.453,0.733,0.67,2.3e-71,"DRAP1"
"WDR62",1.55e-75,-1.08,0.102,0.199,2.88e-71,"WDR62"
"CFAP210",1.66e-75,1.152,0.171,0.081,3.1e-71,"CFAP210"
"SLC25A43",1.73e-75,1.767,0.11,0.04,3.22e-71,"SLC25A43"
"DNAH14",1.75e-75,1.017,0.306,0.195,3.25e-71,"DNAH14"
"CHID1",1.92e-75,0.661,0.449,0.326,3.57e-71,"CHID1"
"GEN1",1.96e-75,-0.869,0.192,0.303,3.65e-71,"GEN1"
"PRTFDC1",2.49e-75,0.546,0.565,0.441,4.64e-71,"PRTFDC1"
"FANCA",2.67e-75,-0.693,0.214,0.334,4.97e-71,"FANCA"
"CENPN",3.17e-75,-0.854,0.179,0.292,5.9e-71,"CENPN"
"CLVS2",3.42e-75,-0.394,0.464,0.596,6.37e-71,"CLVS2"
"FAM83D",3.81e-75,-1.271,0.091,0.184,7.09e-71,"FAM83D"
"RPS19BP1",4.24e-75,0.551,0.608,0.509,7.89e-71,"RPS19BP1"
"SCARA3",4.5e-75,1.003,0.263,0.157,8.37e-71,"SCARA3"
"TRAPPC2L",6.05e-75,0.631,0.49,0.373,1.13e-70,"TRAPPC2L"
"ALDH9A1",7.14e-75,0.676,0.567,0.463,1.33e-70,"ALDH9A1"
"STOX1",7.99e-75,1.083,0.225,0.124,1.49e-70,"STOX1"
"BSCL2",8.13e-75,0.65,0.54,0.435,1.51e-70,"BSCL2"
"TTPA",9.64e-75,1.798,0.105,0.036,1.79e-70,"TTPA"
"MYH10",1.01e-74,-0.275,0.874,0.909,1.87e-70,"MYH10"
"MAPK8IP1",1.02e-74,0.888,0.256,0.147,1.9e-70,"MAPK8IP1"
"SHCBP1",1.09e-74,-0.935,0.139,0.245,2.03e-70,"SHCBP1"
"TRIM25",1.33e-74,1.018,0.186,0.092,2.47e-70,"TRIM25"
"SLC2A10",1.39e-74,2.086,0.082,0.023,2.59e-70,"SLC2A10"
"P2RY1",1.55e-74,2.836,0.055,0.008,2.89e-70,"P2RY1"
"RNF213",1.58e-74,0.769,0.456,0.337,2.93e-70,"RNF213"
"FBXL17",1.67e-74,0.358,0.781,0.663,3.12e-70,"FBXL17"
"SPECC1",1.8e-74,0.517,0.794,0.718,3.35e-70,"SPECC1"
"CAVIN4",1.8e-74,-0.581,0.221,0.349,3.35e-70,"CAVIN4"
"HNRNPH3",1.88e-74,-0.246,0.903,0.933,3.5e-70,"HNRNPH3"
"CLASP1",1.93e-74,-0.201,0.928,0.951,3.59e-70,"CLASP1"
"FMN2",2.27e-74,0.54,0.756,0.683,4.23e-70,"FMN2"
"NOG",2.32e-74,2.167,0.07,0.016,4.33e-70,"NOG"
"IQSEC2",2.35e-74,1.316,0.119,0.045,4.38e-70,"IQSEC2"
"ATP5MC2",2.4e-74,0.328,0.909,0.909,4.47e-70,"ATP5MC2"
"NLGN1",2.64e-74,0.468,0.661,0.551,4.91e-70,"NLGN1"
"LAGE3",2.68e-74,0.696,0.42,0.297,4.98e-70,"LAGE3"
"GABPB1",2.72e-74,-0.519,0.549,0.641,5.07e-70,"GABPB1"
"ANXA11",3.01e-74,2.181,0.079,0.021,5.61e-70,"ANXA11"
"PRMT9",3.29e-74,1.017,0.192,0.096,6.12e-70,"PRMT9"
"NCOA4",3.55e-74,0.622,0.473,0.345,6.61e-70,"NCOA4"
"GLO1",3.91e-74,0.506,0.647,0.555,7.27e-70,"GLO1"
"MYO3A",4.48e-74,-0.681,0.332,0.455,8.34e-70,"MYO3A"
"MRPL19",4.67e-74,0.483,0.661,0.568,8.69e-70,"MRPL19"
"MAN1C1",4.69e-74,1.527,0.201,0.107,8.73e-70,"MAN1C1"
"HEXB",4.76e-74,0.923,0.225,0.122,8.87e-70,"HEXB"
"TLE5",5.18e-74,-0.315,0.733,0.827,9.65e-70,"TLE5"
"KIF16B",5.61e-74,1.09,0.16,0.073,1.04e-69,"KIF16B"
"SSR3",6.73e-74,0.617,0.604,0.527,1.25e-69,"SSR3"
"ZNF519",7.02e-74,-0.536,0.358,0.484,1.31e-69,"ZNF519"
"CFAP418",7.39e-74,1.296,0.135,0.056,1.38e-69,"CFAP418"
"DNAAF4",8.27e-74,0.696,0.326,0.204,1.54e-69,"DNAAF4"
"RRBP1",8.29e-74,0.919,0.255,0.148,1.54e-69,"RRBP1"
"RCOR2",8.83e-74,-0.569,0.196,0.321,1.64e-69,"RCOR2"
"CSRP1",1.06e-73,3.358,0.047,0.005,1.97e-69,"CSRP1"
"HERC1",1.07e-73,-0.257,0.835,0.892,1.99e-69,"HERC1"
"SRGAP2B",1.1e-73,-0.293,0.689,0.765,2.05e-69,"SRGAP2B"
"GRHPR",1.16e-73,0.581,0.564,0.454,2.17e-69,"GRHPR"
"MT-ND6",1.6e-73,0.619,0.685,0.631,2.99e-69,"MT-ND6"
"CAMSAP1",1.95e-73,-0.394,0.582,0.688,3.63e-69,"CAMSAP1"
"NT5DC1",2.3e-73,1.129,0.127,0.051,4.28e-69,"NT5DC1"
"PHACTR4",2.39e-73,-0.239,0.868,0.91,4.45e-69,"PHACTR4"
"P3H2",2.56e-73,2.149,0.063,0.013,4.76e-69,"P3H2"
"RPS27",2.64e-73,-0.275,0.978,0.99,4.91e-69,"RPS27"
"KLHL7",2.78e-73,-0.295,0.765,0.841,5.17e-69,"KLHL7"
"PIK3R1",2.8e-73,0.56,0.541,0.408,5.21e-69,"PIK3R1"
"ATP5PB",2.8e-73,0.436,0.756,0.712,5.22e-69,"ATP5PB"
"REEP2",2.82e-73,0.716,0.359,0.236,5.25e-69,"REEP2"
"SELENOM",2.89e-73,1.326,0.138,0.059,5.37e-69,"SELENOM"
"ROBO2",3.16e-73,-0.461,0.928,0.918,5.88e-69,"ROBO2"
"PPM1D",4.02e-73,-0.476,0.491,0.598,7.47e-69,"PPM1D"
"ATAD5",4.02e-73,-0.609,0.351,0.469,7.49e-69,"ATAD5"
"B3GLCT",4.3e-73,0.831,0.324,0.207,8e-69,"B3GLCT"
"SMAD3",4.51e-73,0.935,0.189,0.095,8.4e-69,"SMAD3"
"PPP1R14B",5.31e-73,-0.251,0.953,0.979,9.89e-69,"PPP1R14B"
"ABLIM1",5.92e-73,1.046,0.169,0.08,1.1e-68,"ABLIM1"
"MCF2L2",6.31e-73,1.102,0.22,0.12,1.18e-68,"MCF2L2"
"PRR5L",6.53e-73,1.029,0.2,0.103,1.22e-68,"PRR5L"
"STARD4",6.65e-73,0.862,0.205,0.107,1.24e-68,"STARD4"
"IFIT1",6.75e-73,1.67,0.11,0.041,1.26e-68,"IFIT1"
"SCG3",7.01e-73,-0.223,0.445,0.615,1.31e-68,"SCG3"
"ATP5F1A",7.14e-73,0.37,0.809,0.776,1.33e-68,"ATP5F1A"
"MYT1",8.13e-73,-0.59,0.177,0.298,1.51e-68,"MYT1"
"COPS9",9.5e-73,0.435,0.769,0.736,1.77e-68,"COPS9"
"GSTM3",9.66e-73,0.712,0.502,0.391,1.8e-68,"GSTM3"
"TCEAL8",1.19e-72,0.557,0.566,0.456,2.22e-68,"TCEAL8"
"NMD3",1.24e-72,0.721,0.389,0.267,2.32e-68,"NMD3"
"NRBP2",1.26e-72,0.993,0.234,0.132,2.34e-68,"NRBP2"
"SLC27A5",1.28e-72,0.959,0.209,0.111,2.38e-68,"SLC27A5"
"CDC7",1.63e-72,-0.748,0.205,0.319,3.04e-68,"CDC7"
"OTX2",1.65e-72,1.198,0.215,0.118,3.07e-68,"OTX2"
"SLC9C2",1.77e-72,2.171,0.069,0.016,3.3e-68,"SLC9C2"
"RRM2B",1.81e-72,0.88,0.288,0.175,3.36e-68,"RRM2B"
"CXCL16",1.97e-72,2.033,0.071,0.017,3.66e-68,"CXCL16"
"GRAMD1C",2.26e-72,0.953,0.274,0.165,4.2e-68,"GRAMD1C"
"DNAH9",2.26e-72,1.109,0.156,0.071,4.2e-68,"DNAH9"
"RPS8",2.28e-72,0.271,0.987,0.993,4.24e-68,"RPS8"
"LOX",2.76e-72,0.977,0.197,0.102,5.14e-68,"LOX"
"CRISPLD1",3.28e-72,1.017,0.319,0.205,6.11e-68,"CRISPLD1"
"BCOR",3.32e-72,-0.415,0.405,0.534,6.18e-68,"BCOR"
"H2AC17",3.76e-72,-1.188,0.078,0.165,7e-68,"H2AC17"
"H3C7",3.86e-72,-1.482,0.047,0.121,7.19e-68,"H3C7"
"PRRX1",4.17e-72,0.815,0.311,0.197,7.76e-68,"PRRX1"
"GPR155",4.32e-72,0.659,0.331,0.209,8.03e-68,"GPR155"
"ATXN2",4.48e-72,0.376,0.878,0.835,8.34e-68,"ATXN2"
"MAGI2",4.82e-72,0.221,0.922,0.838,8.96e-68,"MAGI2"
"MSTN",5.26e-72,2.289,0.08,0.023,9.79e-68,"MSTN"
"FANCD2",5.88e-72,-0.914,0.144,0.25,1.09e-67,"FANCD2"
"ARPC2",6.37e-72,0.335,0.888,0.877,1.19e-67,"ARPC2"
"RPL10A",6.82e-72,0.33,0.964,0.974,1.27e-67,"RPL10A"
"SMIM11",8.38e-72,0.72,0.352,0.231,1.56e-67,"SMIM11"
"NCALD",8.39e-72,0.209,0.16,0.072,1.56e-67,"NCALD"
"PSMB10",8.64e-72,0.751,0.255,0.146,1.61e-67,"PSMB10"
"HABP4",9.18e-72,0.657,0.476,0.358,1.71e-67,"HABP4"
"GYG2",9.27e-72,0.994,0.192,0.099,1.73e-67,"GYG2"
"FAM107B",9.99e-72,-0.295,0.647,0.75,1.86e-67,"FAM107B"
"ORC6",1.02e-71,-0.823,0.249,0.36,1.89e-67,"ORC6"
"RASL10A",1.09e-71,3.737,0.043,0.004,2.03e-67,"RASL10A"
"ARL3",1.21e-71,0.363,0.858,0.841,2.25e-67,"ARL3"
"DHRS1",1.22e-71,0.843,0.241,0.136,2.28e-67,"DHRS1"
"PRDM5",1.27e-71,0.732,0.246,0.139,2.37e-67,"PRDM5"
"AGBL1",1.36e-71,1.8,0.085,0.025,2.53e-67,"AGBL1"
"FBXO11",1.44e-71,-0.239,0.934,0.957,2.68e-67,"FBXO11"
"ACYP2",1.65e-71,0.412,0.727,0.629,3.07e-67,"ACYP2"
"SIRPA",1.84e-71,1.413,0.14,0.061,3.43e-67,"SIRPA"
"PGLS",1.9e-71,0.552,0.598,0.503,3.53e-67,"PGLS"
"IVD",2e-71,0.683,0.405,0.287,3.72e-67,"IVD"
"POLR3GL",2.07e-71,0.569,0.48,0.354,3.85e-67,"POLR3GL"
"SRGAP2",2.14e-71,-0.284,0.7,0.776,3.98e-67,"SRGAP2"
"RIMS2",2.47e-71,-0.62,0.363,0.487,4.6e-67,"RIMS2"
"TCEA2",3.29e-71,0.527,0.608,0.512,6.13e-67,"TCEA2"
"ARL2",3.36e-71,0.781,0.374,0.261,6.25e-67,"ARL2"
"PKM",3.72e-71,0.556,0.663,0.59,6.93e-67,"PKM"
"BRCA2",4.39e-71,-0.811,0.158,0.267,8.16e-67,"BRCA2"
"GLRA2",4.57e-71,-1.182,0.105,0.201,8.5e-67,"GLRA2"
"MORF4L1",4.63e-71,0.282,0.944,0.951,8.62e-67,"MORF4L1"
"RBPJ",5.22e-71,-0.284,0.889,0.913,9.71e-67,"RBPJ"
"KMT2A",5.38e-71,-0.302,0.87,0.905,1e-66,"KMT2A"
"FAM111B",5.94e-71,-0.949,0.109,0.206,1.11e-66,"FAM111B"
"PER3",6.7e-71,0.876,0.325,0.212,1.25e-66,"PER3"
"DCC",8.25e-71,-2.981,0.03,0.095,1.54e-66,"DCC"
"HSPH1",8.31e-71,0.684,0.543,0.433,1.55e-66,"HSPH1"
"ARSJ",8.51e-71,3.357,0.048,0.006,1.58e-66,"ARSJ"
"DLL3",9.93e-71,-0.137,0.294,0.426,1.85e-66,"DLL3"
"PSMB1",1.14e-70,0.344,0.876,0.859,2.11e-66,"PSMB1"
"PSPH",1.2e-70,0.772,0.295,0.182,2.23e-66,"PSPH"
"MCM10",1.36e-70,-0.835,0.125,0.227,2.53e-66,"MCM10"
"TCEAL4",1.54e-70,0.374,0.795,0.733,2.86e-66,"TCEAL4"
"AK6",1.57e-70,0.619,0.434,0.312,2.93e-66,"AK6"
"MAST2",1.6e-70,-0.338,0.687,0.765,2.98e-66,"MAST2"
"TLK1",1.63e-70,0.424,0.775,0.706,3.04e-66,"TLK1"
"LIN9",1.66e-70,-0.702,0.282,0.393,3.09e-66,"LIN9"
"PHF11",1.72e-70,1.639,0.099,0.034,3.2e-66,"PHF11"
"HMOX1",1.87e-70,2.825,0.058,0.011,3.49e-66,"HMOX1"
"WDR76",1.9e-70,-0.852,0.22,0.332,3.54e-66,"WDR76"
"NETO2",1.97e-70,-0.425,0.687,0.775,3.67e-66,"NETO2"
"AKAP13",2e-70,0.522,0.633,0.531,3.71e-66,"AKAP13"
"UQCRH",2.05e-70,0.305,0.944,0.947,3.82e-66,"UQCRH"
"AMZ2",2.07e-70,0.733,0.51,0.4,3.86e-66,"AMZ2"
"DESI1",2.25e-70,0.745,0.293,0.181,4.19e-66,"DESI1"
"BRD3OS",2.36e-70,0.845,0.21,0.111,4.39e-66,"BRD3OS"
"BOC",2.61e-70,0.931,0.24,0.137,4.85e-66,"BOC"
"USP45",3.06e-70,0.85,0.292,0.18,5.7e-66,"USP45"
"DDR1",3.26e-70,0.564,0.585,0.479,6.06e-66,"DDR1"
"SF3B5",3.43e-70,0.4,0.785,0.748,6.38e-66,"SF3B5"
"TPST2",3.58e-70,1.117,0.146,0.065,6.66e-66,"TPST2"
"CRPPA",3.79e-70,0.873,0.132,0.055,7.06e-66,"CRPPA"
"SCOC",5.5e-70,0.54,0.603,0.504,1.02e-65,"SCOC"
"FOXN3",5.59e-70,-0.231,0.891,0.925,1.04e-65,"FOXN3"
"B3GAT1",5.97e-70,0.904,0.246,0.142,1.11e-65,"B3GAT1"
"ASPH",6.03e-70,0.528,0.715,0.639,1.12e-65,"ASPH"
"PRXL2A",6.14e-70,0.862,0.464,0.362,1.14e-65,"PRXL2A"
"SOAT1",7.04e-70,0.866,0.311,0.2,1.31e-65,"SOAT1"
"COA5",9.06e-70,0.653,0.443,0.322,1.69e-65,"COA5"
"RALY",9.69e-70,-0.379,0.75,0.799,1.8e-65,"RALY"
"HSPA4L",1.21e-69,0.903,0.293,0.184,2.26e-65,"HSPA4L"
"JUND",1.26e-69,0.466,0.878,0.848,2.35e-65,"JUND"
"ATP5F1C",1.51e-69,0.337,0.861,0.835,2.81e-65,"ATP5F1C"
"G6PC3",1.58e-69,0.867,0.267,0.16,2.94e-65,"G6PC3"
"PRR11",1.64e-69,-0.889,0.18,0.285,3.05e-65,"PRR11"
"PYGL",1.84e-69,1.715,0.086,0.027,3.43e-65,"PYGL"
"CHURC1",1.98e-69,0.5,0.632,0.541,3.68e-65,"CHURC1"
"SRSF3",2.06e-69,-0.271,0.924,0.952,3.83e-65,"SRSF3"
"CFAP298",2.8e-69,0.666,0.453,0.338,5.21e-65,"CFAP298"
"WIPI1",2.96e-69,1.27,0.108,0.04,5.5e-65,"WIPI1"
"PRKAA2",2.98e-69,0.694,0.325,0.208,5.55e-65,"PRKAA2"
"SEPTIN9",3.21e-69,0.672,0.472,0.365,5.98e-65,"SEPTIN9"
"FXYD6",3.22e-69,0.449,0.811,0.75,6e-65,"FXYD6"
"GADD45A",3.82e-69,1.042,0.272,0.166,7.1e-65,"GADD45A"
"TNKS",3.92e-69,-0.258,0.888,0.925,7.29e-65,"TNKS"
"S100A10",4.36e-69,2.761,0.082,0.025,8.12e-65,"S100A10"
"GINM1",4.84e-69,0.509,0.585,0.476,9e-65,"GINM1"
"NIFK",4.86e-69,0.585,0.566,0.464,9.05e-65,"NIFK"
"CCDC28B",4.92e-69,0.481,0.599,0.484,9.16e-65,"CCDC28B"
"SMIM29",5.47e-69,0.788,0.287,0.177,1.02e-64,"SMIM29"
"RAB7B",6.89e-69,2.701,0.052,0.008,1.28e-64,"RAB7B"
"CRYZ",7.68e-69,1.362,0.126,0.052,1.43e-64,"CRYZ"
"CLUAP1",7.93e-69,0.61,0.472,0.348,1.48e-64,"CLUAP1"
"GNAO1",8.64e-69,0.42,0.817,0.755,1.61e-64,"GNAO1"
"N4BP2L2",8.91e-69,0.351,0.915,0.886,1.66e-64,"N4BP2L2"
"ZNF593",8.92e-69,0.878,0.21,0.113,1.66e-64,"ZNF593"
"EFR3A",9.11e-69,0.609,0.366,0.242,1.69e-64,"EFR3A"
"PLPBP",1.06e-68,0.717,0.346,0.23,1.98e-64,"PLPBP"
"C6orf118",1.12e-68,1.587,0.113,0.044,2.09e-64,"C6orf118"
"RHPN1",1.18e-68,1.995,0.074,0.02,2.2e-64,"RHPN1"
"PPP1R9A",1.36e-68,0.681,0.666,0.57,2.54e-64,"PPP1R9A"
"SLC25A39",1.53e-68,0.786,0.284,0.173,2.84e-64,"SLC25A39"
"ST6GALNAC4",1.53e-68,1.505,0.095,0.032,2.84e-64,"ST6GALNAC4"
"ABHD17C",1.55e-68,0.681,0.357,0.239,2.89e-64,"ABHD17C"
"ELOB",1.64e-68,0.295,0.922,0.914,3.06e-64,"ELOB"
"PXN",1.94e-68,0.985,0.223,0.126,3.61e-64,"PXN"
"CCDC47",2.14e-68,0.545,0.594,0.501,3.99e-64,"CCDC47"
"BTN3A2",2.31e-68,1.481,0.121,0.05,4.29e-64,"BTN3A2"
"MGAT4B",2.65e-68,0.628,0.414,0.295,4.94e-64,"MGAT4B"
"HEXA",2.66e-68,0.649,0.386,0.265,4.95e-64,"HEXA"
"ARF3",3.09e-68,0.529,0.537,0.422,5.75e-64,"ARF3"
"ATP8B1",3.32e-68,0.897,0.18,0.09,6.18e-64,"ATP8B1"
"SORCS2",3.7e-68,0.754,0.292,0.182,6.89e-64,"SORCS2"
"SCML2",4.38e-68,-0.617,0.261,0.378,8.16e-64,"SCML2"
"LONRF2",4.72e-68,1.149,0.465,0.357,8.79e-64,"LONRF2"
"PRSS23",4.92e-68,1.321,0.134,0.059,9.16e-64,"PRSS23"
"TARS1",5.04e-68,0.639,0.424,0.31,9.38e-64,"TARS1"
"BAZ2B",5.81e-68,-0.339,0.918,0.934,1.08e-63,"BAZ2B"
"STRAP",5.88e-68,0.323,0.882,0.859,1.09e-63,"STRAP"
"FBXO2",6.08e-68,2.736,0.061,0.013,1.13e-63,"FBXO2"
"PARVA",6.78e-68,0.853,0.174,0.086,1.26e-63,"PARVA"
"MPV17",7.46e-68,0.669,0.407,0.288,1.39e-63,"MPV17"
"ZFHX3",7.59e-68,-2.083,0.556,0.62,1.41e-63,"ZFHX3"
"ABHD17B",7.68e-68,-0.416,0.573,0.674,1.43e-63,"ABHD17B"
"GAN",8.74e-68,0.582,0.456,0.33,1.63e-63,"GAN"
"TMEM42",9.12e-68,1.061,0.137,0.06,1.7e-63,"TMEM42"
"H4C5",9.41e-68,-1.026,0.102,0.193,1.75e-63,"H4C5"
"NUCB1",9.52e-68,0.782,0.279,0.171,1.77e-63,"NUCB1"
"SRSF8",9.96e-68,0.682,0.314,0.198,1.85e-63,"SRSF8"
"TMTC1",1.08e-67,0.241,0.165,0.079,2.01e-63,"TMTC1"
"TMEM231",1.16e-67,1.11,0.165,0.08,2.16e-63,"TMEM231"
"ZNF385A",1.19e-67,1.129,0.14,0.062,2.22e-63,"ZNF385A"
"MDH1B",1.35e-67,2.262,0.062,0.014,2.52e-63,"MDH1B"
"RASD1",1.36e-67,-0.818,0.14,0.244,2.52e-63,"RASD1"
"NUP160",1.38e-67,-0.285,0.651,0.752,2.57e-63,"NUP160"
"DMAC1",1.39e-67,0.672,0.365,0.249,2.59e-63,"DMAC1"
"LYRM2",1.47e-67,0.494,0.664,0.58,2.73e-63,"LYRM2"
"USP8",1.86e-67,0.432,0.686,0.602,3.46e-63,"USP8"
"RPS4X",2.06e-67,0.274,0.989,0.995,3.83e-63,"RPS4X"
"DNALI1",2.08e-67,0.868,0.236,0.137,3.87e-63,"DNALI1"
"AGGF1",3.12e-67,0.568,0.454,0.334,5.8e-63,"AGGF1"
"RNH1",3.22e-67,0.598,0.539,0.433,5.99e-63,"RNH1"
"PREPL",3.22e-67,0.489,0.548,0.426,5.99e-63,"PREPL"
"G2E3",3.43e-67,-0.66,0.565,0.642,6.39e-63,"G2E3"
"GRINA",3.59e-67,0.677,0.349,0.232,6.69e-63,"GRINA"
"SKA2",4.47e-67,-0.491,0.735,0.775,8.32e-63,"SKA2"
"EIF2S2",4.73e-67,0.478,0.742,0.684,8.8e-63,"EIF2S2"
"VWA3A",4.83e-67,2.135,0.064,0.015,8.99e-63,"VWA3A"
"ACAD8",4.89e-67,0.763,0.252,0.147,9.1e-63,"ACAD8"
"CHST1",4.94e-67,2.007,0.072,0.019,9.19e-63,"CHST1"
"MICA",5.35e-67,2.904,0.047,0.006,9.95e-63,"MICA"
"CHEK1",5.38e-67,-0.774,0.241,0.349,1e-62,"CHEK1"
"CALU",5.46e-67,0.549,0.674,0.599,1.02e-62,"CALU"
"RDH10",5.96e-67,1.544,0.107,0.04,1.11e-62,"RDH10"
"DDT",6.46e-67,0.418,0.767,0.715,1.2e-62,"DDT"
"CTSB",6.62e-67,0.738,0.366,0.254,1.23e-62,"CTSB"
"PIERCE1",6.83e-67,1.677,0.09,0.03,1.27e-62,"PIERCE1"
"GTF2H5",7.89e-67,0.466,0.641,0.55,1.47e-62,"GTF2H5"
"SERPINI2",9.24e-67,3.665,0.039,0.003,1.72e-62,"SERPINI2"
"FXN",9.4e-67,1.224,0.126,0.053,1.75e-62,"FXN"
"COA4",1.11e-66,0.614,0.544,0.456,2.07e-62,"COA4"
"TMEM132A",1.22e-66,0.724,0.316,0.203,2.28e-62,"TMEM132A"
"FKBP14",1.25e-66,0.887,0.233,0.134,2.32e-62,"FKBP14"
"SANBR",1.37e-66,-0.368,0.552,0.656,2.55e-62,"SANBR"
"SAMD15",1.43e-66,1.578,0.079,0.024,2.66e-62,"SAMD15"
"C4orf48",1.51e-66,0.407,0.75,0.679,2.8e-62,"C4orf48"
"ZNF695",1.79e-66,-0.899,0.123,0.219,3.33e-62,"ZNF695"
"UBASH3B",1.8e-66,0.766,0.204,0.11,3.34e-62,"UBASH3B"
"NXN",1.81e-66,-0.272,0.643,0.73,3.37e-62,"NXN"
"CNPY4",1.9e-66,0.849,0.231,0.132,3.53e-62,"CNPY4"
"STOML2",1.94e-66,0.527,0.604,0.522,3.6e-62,"STOML2"
"EEF1D",2.14e-66,0.375,0.817,0.768,3.99e-62,"EEF1D"
"PSMA5",2.5e-66,0.495,0.618,0.527,4.65e-62,"PSMA5"
"XPOT",2.64e-66,0.876,0.405,0.291,4.92e-62,"XPOT"
"PPP2R5E",2.67e-66,-0.238,0.872,0.916,4.98e-62,"PPP2R5E"
"PDE10A",2.71e-66,-0.403,0.568,0.678,5.04e-62,"PDE10A"
"GNG7",2.92e-66,0.758,0.307,0.197,5.43e-62,"GNG7"
"MTPN",2.95e-66,0.307,0.88,0.863,5.5e-62,"MTPN"
"TSGA10",2.96e-66,0.913,0.188,0.097,5.51e-62,"TSGA10"
"NAV2",3.53e-66,0.539,0.398,0.273,6.57e-62,"NAV2"
"EEF2K",3.62e-66,0.801,0.265,0.161,6.74e-62,"EEF2K"
"CNTNAP3B",4.01e-66,0.341,0.152,0.07,7.47e-62,"CNTNAP3B"
"CCN1",4.75e-66,1.291,0.135,0.06,8.84e-62,"CCN1"
"C2orf88",5.18e-66,1.064,0.268,0.165,9.64e-62,"C2orf88"
"SGK1",5.39e-66,0.983,0.146,0.068,1e-61,"SGK1"
"FRMD6",5.92e-66,1.041,0.174,0.088,1.1e-61,"FRMD6"
"HDLBP",5.92e-66,0.453,0.667,0.588,1.1e-61,"HDLBP"
"POLR2G",6.35e-66,0.518,0.623,0.545,1.18e-61,"POLR2G"
"SMPD3",7.27e-66,-0.657,0.14,0.246,1.35e-61,"SMPD3"
"MYB",7.63e-66,-1.202,0.053,0.127,1.42e-61,"MYB"
"MT1M",8.89e-66,4.282,0.04,0.004,1.66e-61,"MT1M"
"LRIG3",9.78e-66,1.212,0.152,0.073,1.82e-61,"LRIG3"
"RIT1",9.81e-66,0.574,0.492,0.373,1.83e-61,"RIT1"
"COL22A1",1.5e-65,1.611,0.099,0.036,2.79e-61,"COL22A1"
"GAB1",1.5e-65,0.487,0.627,0.515,2.8e-61,"GAB1"
"HACD3",1.6e-65,0.405,0.845,0.82,2.97e-61,"HACD3"
"RAP1B",1.66e-65,0.429,0.695,0.618,3.09e-61,"RAP1B"
"MCM7",1.99e-65,-0.637,0.269,0.384,3.7e-61,"MCM7"
"ISOC2",2.67e-65,0.828,0.218,0.122,4.97e-61,"ISOC2"
"PSMB8",3.23e-65,1.654,0.088,0.029,6.01e-61,"PSMB8"
"PPP1R3C",3.53e-65,1.882,0.081,0.025,6.57e-61,"PPP1R3C"
"IFITM2",3.77e-65,1.767,0.088,0.029,7.02e-61,"IFITM2"
"MAGED1",4.03e-65,0.413,0.758,0.682,7.5e-61,"MAGED1"
"DPCD",4.39e-65,0.76,0.267,0.162,8.16e-61,"DPCD"
"MFSD3",5.66e-65,1.279,0.102,0.038,1.05e-60,"MFSD3"
"ZBED3",6.57e-65,0.651,0.348,0.232,1.22e-60,"ZBED3"
"PFN2",7.55e-65,-0.323,0.953,0.955,1.41e-60,"PFN2"
"HDDC3",7.62e-65,0.977,0.157,0.075,1.42e-60,"HDDC3"
"BAG3",1.06e-64,1.407,0.123,0.053,1.98e-60,"BAG3"
"P4HA1",1.2e-64,0.611,0.622,0.51,2.24e-60,"P4HA1"
"PNMA2",1.45e-64,0.604,0.491,0.378,2.71e-60,"PNMA2"
"PTGR1",1.65e-64,1.349,0.091,0.031,3.07e-60,"PTGR1"
"RXYLT1",1.72e-64,0.663,0.292,0.18,3.2e-60,"RXYLT1"
"CCND2",1.87e-64,-0.657,0.804,0.817,3.47e-60,"CCND2"
"SHFL",2.27e-64,1.153,0.139,0.063,4.23e-60,"SHFL"
"MRPL36",2.36e-64,0.615,0.456,0.343,4.39e-60,"MRPL36"
"CRYBG3",2.52e-64,1.123,0.139,0.063,4.68e-60,"CRYBG3"
"SPATA20",2.8e-64,2.134,0.061,0.014,5.21e-60,"SPATA20"
"TMED1",2.91e-64,1.059,0.163,0.081,5.41e-60,"TMED1"
"CACNG4",2.98e-64,-0.239,0.508,0.652,5.56e-60,"CACNG4"
"SMC3",3.94e-64,-0.331,0.858,0.891,7.34e-60,"SMC3"
"HSD17B4",4.28e-64,0.504,0.545,0.43,7.97e-60,"HSD17B4"
"ULK4",4.37e-64,0.524,0.397,0.274,8.13e-60,"ULK4"
"MGAT4C",5.13e-64,0.503,0.494,0.38,9.55e-60,"MGAT4C"
"SCN4B",5.18e-64,2.271,0.062,0.015,9.64e-60,"SCN4B"
"SLC12A4",5.34e-64,1.41,0.099,0.036,9.94e-60,"SLC12A4"
"ARHGAP33",5.83e-64,-0.611,0.219,0.33,1.09e-59,"ARHGAP33"
"RBM20",6.66e-64,1.646,0.09,0.031,1.24e-59,"RBM20"
"HAGHL",7.37e-64,1.695,0.078,0.024,1.37e-59,"HAGHL"
"JMJD1C",7.77e-64,-0.117,0.983,0.993,1.45e-59,"JMJD1C"
"P4HTM",7.87e-64,0.768,0.254,0.152,1.46e-59,"P4HTM"
"ABHD14A",8.05e-64,0.84,0.203,0.111,1.5e-59,"ABHD14A"
"PPP1CB",8.21e-64,0.364,0.879,0.866,1.53e-59,"PPP1CB"
"POLR3H",8.4e-64,0.84,0.242,0.143,1.56e-59,"POLR3H"
"CHD3",8.74e-64,-0.247,0.552,0.676,1.63e-59,"CHD3"
"COPZ2",1.01e-63,2.97,0.045,0.006,1.88e-59,"COPZ2"
"BEX1",1.09e-63,-0.156,0.682,0.819,2.03e-59,"BEX1"
"APOLD1",1.14e-63,-1.14,0.272,0.366,2.12e-59,"APOLD1"
"DTL",1.15e-63,-0.867,0.137,0.235,2.14e-59,"DTL"
"HNRNPH2",1.16e-63,0.507,0.577,0.473,2.15e-59,"HNRNPH2"
"DHX32",1.18e-63,0.599,0.4,0.282,2.2e-59,"DHX32"
"CCNB2",1.27e-63,-0.969,0.193,0.295,2.36e-59,"CCNB2"
"DNAJB9",1.27e-63,0.746,0.337,0.223,2.37e-59,"DNAJB9"
"CBY1",1.37e-63,0.591,0.435,0.32,2.55e-59,"CBY1"
"CDH2",1.45e-63,-0.248,0.971,0.982,2.7e-59,"CDH2"
"EGLN3",1.58e-63,0.977,0.252,0.153,2.94e-59,"EGLN3"
"KCNC4",1.78e-63,1.904,0.065,0.016,3.32e-59,"KCNC4"
"ETNPPL",1.94e-63,6.823,0.03,0.001,3.61e-59,"ETNPPL"
"DGLUCY",2.2e-63,0.807,0.219,0.124,4.1e-59,"DGLUCY"
"ACVR2A",2.21e-63,-0.278,0.583,0.682,4.11e-59,"ACVR2A"
"TRIM36",2.43e-63,-0.417,0.49,0.597,4.53e-59,"TRIM36"
"PCYOX1",2.44e-63,0.6,0.424,0.305,4.55e-59,"PCYOX1"
"ECHS1",2.59e-63,0.566,0.525,0.423,4.82e-59,"ECHS1"
"POU2F2",2.85e-63,-0.618,0.144,0.249,5.3e-59,"POU2F2"
"CSNK1D",4.27e-63,0.607,0.411,0.294,7.95e-59,"CSNK1D"
"CORO1C",4.34e-63,-0.178,0.802,0.871,8.07e-59,"CORO1C"
"PGAP1",4.38e-63,-0.318,0.757,0.822,8.15e-59,"PGAP1"
"CD58",4.45e-63,0.723,0.237,0.139,8.29e-59,"CD58"
"RHBDD2",4.57e-63,0.813,0.242,0.143,8.51e-59,"RHBDD2"
"BEX4",4.65e-63,0.472,0.67,0.592,8.66e-59,"BEX4"
"TLN1",5.53e-63,0.477,0.587,0.496,1.03e-58,"TLN1"
"DSTN",5.6e-63,0.325,0.884,0.861,1.04e-58,"DSTN"
"PHB1",5.61e-63,0.557,0.533,0.432,1.04e-58,"PHB1"
"AP2S1",5.92e-63,0.434,0.697,0.633,1.1e-58,"AP2S1"
"KLHL36",6.26e-63,0.759,0.204,0.112,1.17e-58,"KLHL36"
"PRTG",8.71e-63,0.765,0.222,0.126,1.62e-58,"PRTG"
"CFAP46",1.08e-62,1.705,0.097,0.036,2.01e-58,"CFAP46"
"ATP5MC1",1.08e-62,0.428,0.686,0.606,2.01e-58,"ATP5MC1"
"EPB41",1.14e-62,-0.46,0.418,0.535,2.12e-58,"EPB41"
"DIAPH3",1.34e-62,-1.091,0.28,0.361,2.5e-58,"DIAPH3"
"TMEM54",1.4e-62,1.051,0.156,0.077,2.61e-58,"TMEM54"
"FASN",1.41e-62,0.794,0.279,0.176,2.62e-58,"FASN"
"USP2",1.42e-62,2.679,0.052,0.01,2.64e-58,"USP2"
"LRFN2",1.53e-62,0.821,0.193,0.103,2.84e-58,"LRFN2"
"DDAH2",1.61e-62,-0.319,0.742,0.811,3e-58,"DDAH2"
"SCN8A",1.64e-62,-0.342,0.463,0.583,3.05e-58,"SCN8A"
"ARNT2",1.74e-62,0.396,0.758,0.688,3.24e-58,"ARNT2"
"MYT1L",1.83e-62,-0.331,0.365,0.5,3.41e-58,"MYT1L"
"SHMT2",1.84e-62,0.892,0.287,0.185,3.42e-58,"SHMT2"
"ERLIN2",1.93e-62,0.816,0.254,0.155,3.59e-58,"ERLIN2"
"C11orf87",2.04e-62,1.182,0.109,0.044,3.8e-58,"C11orf87"
"GPAA1",2.08e-62,0.715,0.324,0.216,3.87e-58,"GPAA1"
"SELENOS",2.1e-62,0.571,0.497,0.389,3.91e-58,"SELENOS"
"PUF60",2.93e-62,0.444,0.684,0.611,5.46e-58,"PUF60"
"ITGB8",3.32e-62,0.591,0.659,0.57,6.17e-58,"ITGB8"
"KCNMA1",4.16e-62,1.673,0.098,0.037,7.75e-58,"KCNMA1"
"UBE2I",4.59e-62,-0.269,0.81,0.866,8.54e-58,"UBE2I"
"RAB14",4.88e-62,0.372,0.793,0.75,9.07e-58,"RAB14"
"CBS",5.05e-62,1.014,0.167,0.085,9.4e-58,"CBS"
"NME4",5.11e-62,0.565,0.515,0.414,9.52e-58,"NME4"
"ZBBX",5.58e-62,2.913,0.042,0.005,1.04e-57,"ZBBX"
"GRIN2A",5.96e-62,1.515,0.056,0.012,1.11e-57,"GRIN2A"
"YPEL1",5.97e-62,-0.356,0.48,0.596,1.11e-57,"YPEL1"
"BBS2",6.62e-62,0.668,0.394,0.28,1.23e-57,"BBS2"
"RBL1",7.17e-62,-0.664,0.383,0.481,1.33e-57,"RBL1"
"ETFA",9.34e-62,0.473,0.604,0.504,1.74e-57,"ETFA"
"PPARD",9.76e-62,0.749,0.267,0.165,1.82e-57,"PPARD"
"MRPL24",1.07e-61,0.711,0.294,0.187,1.99e-57,"MRPL24"
"H2AC8",1.13e-61,-1.072,0.073,0.151,2.1e-57,"H2AC8"
"VMA21",1.15e-61,0.478,0.6,0.502,2.14e-57,"VMA21"
"COPE",1.17e-61,0.387,0.767,0.72,2.18e-57,"COPE"
"REX1BD",1.22e-61,0.545,0.454,0.337,2.27e-57,"REX1BD"
"ERMAP",1.27e-61,1.228,0.104,0.04,2.37e-57,"ERMAP"
"MRPL41",1.51e-61,0.504,0.616,0.536,2.81e-57,"MRPL41"
"VASP",1.55e-61,0.894,0.204,0.113,2.89e-57,"VASP"
"WASF2",1.66e-61,0.502,0.646,0.562,3.09e-57,"WASF2"
"RASA2",1.69e-61,-0.325,0.709,0.772,3.15e-57,"RASA2"
"ENSG00000279118",1.74e-61,5.667,0.03,0.001,3.25e-57,"ENSG00000279118"
"RPLP1",1.88e-61,0.258,0.988,0.995,3.49e-57,"RPLP1"
"MRPL57",2.02e-61,0.508,0.618,0.536,3.77e-57,"MRPL57"
"CA3",2.03e-61,1.5,0.074,0.022,3.78e-57,"CA3"
"CLEC11A",2.07e-61,0.821,0.213,0.12,3.86e-57,"CLEC11A"
"TMA7",2.14e-61,0.293,0.935,0.945,3.99e-57,"TMA7"
"CAPN2",2.2e-61,0.619,0.454,0.341,4.09e-57,"CAPN2"
"RPS3A",2.47e-61,0.271,0.988,0.994,4.59e-57,"RPS3A"
"TCEAL1",2.58e-61,0.669,0.334,0.224,4.8e-57,"TCEAL1"
"TC2N",2.8e-61,1.703,0.073,0.022,5.21e-57,"TC2N"
"DMD",2.82e-61,0.296,0.605,0.467,5.24e-57,"DMD"
"MERTK",3.58e-61,1.057,0.148,0.072,6.66e-57,"MERTK"
"MAOB",4.07e-61,3.648,0.038,0.004,7.57e-57,"MAOB"
"TTC23",4.21e-61,0.746,0.28,0.175,7.84e-57,"TTC23"
"MRO",4.5e-61,4.602,0.032,0.001,8.37e-57,"MRO"
"TMEM219",4.98e-61,0.538,0.538,0.433,9.27e-57,"TMEM219"
"ZYX",5.14e-61,0.984,0.23,0.138,9.58e-57,"ZYX"
"GABBR1",5.65e-61,0.618,0.585,0.495,1.05e-56,"GABBR1"
"PKIA",6.58e-61,-0.267,0.733,0.803,1.22e-56,"PKIA"
"TUT4",6.67e-61,-0.202,0.895,0.92,1.24e-56,"TUT4"
"ENSG00000285458",8.2e-61,2.787,0.046,0.008,1.53e-56,"ENSG00000285458"
"SSU72",8.41e-61,0.465,0.627,0.542,1.57e-56,"SSU72"
"RAB6B",9.57e-61,0.741,0.334,0.227,1.78e-56,"RAB6B"
"CEP97",9.84e-61,-0.433,0.554,0.638,1.83e-56,"CEP97"
"CEP135",1.21e-60,-0.655,0.352,0.449,2.25e-56,"CEP135"
"SNX2",1.22e-60,0.443,0.627,0.527,2.27e-56,"SNX2"
"H1-2",1.28e-60,-1.29,0.425,0.486,2.38e-56,"H1-2"
"MAPK1",1.4e-60,0.384,0.782,0.74,2.61e-56,"MAPK1"
"PTGES3",1.42e-60,0.288,0.946,0.947,2.64e-56,"PTGES3"
"MRPS34",1.44e-60,0.523,0.534,0.432,2.67e-56,"MRPS34"
"IFNAR1",1.53e-60,0.526,0.56,0.462,2.84e-56,"IFNAR1"
"EIF2AK2",1.63e-60,0.443,0.696,0.625,3.03e-56,"EIF2AK2"
"FLNA",1.65e-60,0.807,0.446,0.356,3.06e-56,"FLNA"
"E2F2",1.75e-60,-1.249,0.067,0.142,3.25e-56,"E2F2"
"JHY",1.8e-60,1.194,0.112,0.046,3.35e-56,"JHY"
"GNS",2.12e-60,0.651,0.337,0.227,3.95e-56,"GNS"
"NCKAP1",2.35e-60,0.367,0.805,0.758,4.37e-56,"NCKAP1"
"HLA-B",2.36e-60,1.247,0.195,0.111,4.39e-56,"HLA-B"
"FAHD2B",2.67e-60,1.08,0.136,0.063,4.96e-56,"FAHD2B"
"MRPS33",3.08e-60,0.538,0.45,0.333,5.73e-56,"MRPS33"
"RPL27A",3.09e-60,0.219,0.984,0.991,5.75e-56,"RPL27A"
"FIBP",3.2e-60,0.537,0.509,0.405,5.96e-56,"FIBP"
"GSK3B",3.26e-60,-0.197,0.943,0.965,6.08e-56,"GSK3B"
"A1BG",3.66e-60,0.603,0.325,0.215,6.81e-56,"A1BG"
"SPAG5",3.79e-60,-1.026,0.093,0.176,7.05e-56,"SPAG5"
"FOXK1",4.01e-60,0.626,0.41,0.296,7.46e-56,"FOXK1"
"CERS1",4.37e-60,0.79,0.213,0.121,8.14e-56,"CERS1"
"DUSP16",4.78e-60,0.639,0.368,0.256,8.9e-56,"DUSP16"
"MAML3",4.9e-60,-0.94,0.454,0.533,9.13e-56,"MAML3"
"METTL9",5.26e-60,0.323,0.858,0.846,9.78e-56,"METTL9"
"RPS19",5.44e-60,0.274,0.987,0.994,1.01e-55,"RPS19"
"UBE2QL1",5.7e-60,-0.702,0.167,0.267,1.06e-55,"UBE2QL1"
"ADAM15",6.4e-60,1.117,0.135,0.062,1.19e-55,"ADAM15"
"GALK1",6.6e-60,0.885,0.177,0.093,1.23e-55,"GALK1"
"BRK1",6.69e-60,0.258,0.888,0.886,1.25e-55,"BRK1"
"ZDHHC4",6.83e-60,0.668,0.302,0.196,1.27e-55,"ZDHHC4"
"PEX10",7.66e-60,0.71,0.275,0.173,1.43e-55,"PEX10"
"LRRC34",8e-60,1.577,0.088,0.031,1.49e-55,"LRRC34"
"VEGFA",1.02e-59,1.199,0.338,0.231,1.9e-55,"VEGFA"
"ROBO3",1.09e-59,1.929,0.074,0.023,2.02e-55,"ROBO3"
"COX6C",1.11e-59,0.299,0.925,0.933,2.07e-55,"COX6C"
"CASTOR1",1.2e-59,1.664,0.065,0.017,2.24e-55,"CASTOR1"
"SEC61A1",1.22e-59,0.634,0.417,0.308,2.28e-55,"SEC61A1"
"TMEM187",1.32e-59,0.974,0.153,0.076,2.46e-55,"TMEM187"
"CDC42BPA",1.33e-59,-0.288,0.882,0.904,2.47e-55,"CDC42BPA"
"DFFA",1.34e-59,0.647,0.402,0.292,2.49e-55,"DFFA"
"RAB7A",1.37e-59,0.33,0.839,0.814,2.55e-55,"RAB7A"
"IVNS1ABP",1.43e-59,-0.411,0.458,0.564,2.67e-55,"IVNS1ABP"
"LMAN1",1.61e-59,0.556,0.493,0.385,2.99e-55,"LMAN1"
"DNAH11",1.68e-59,-0.7,0.146,0.243,3.13e-55,"DNAH11"
"NDUFB10",1.76e-59,0.381,0.759,0.706,3.27e-55,"NDUFB10"
"SSX2IP",1.76e-59,0.738,0.3,0.196,3.27e-55,"SSX2IP"
"AMMECR1",1.77e-59,0.481,0.638,0.54,3.29e-55,"AMMECR1"
"CHI3L1",1.89e-59,5.237,0.032,0.002,3.52e-55,"CHI3L1"
"IFT43",2.04e-59,0.478,0.572,0.464,3.8e-55,"IFT43"
"MRPL43",2.11e-59,0.483,0.601,0.514,3.93e-55,"MRPL43"
"H2AZ2",2.14e-59,-0.465,0.833,0.849,3.99e-55,"H2AZ2"
"FRMD3",2.93e-59,0.548,0.276,0.171,5.46e-55,"FRMD3"
"DNAI7",3.09e-59,1.341,0.079,0.026,5.75e-55,"DNAI7"
"RNF165",3.32e-59,-0.51,0.29,0.403,6.18e-55,"RNF165"
"ACOX1",3.44e-59,0.525,0.491,0.376,6.41e-55,"ACOX1"
"CDKN2C",3.63e-59,-0.89,0.243,0.337,6.75e-55,"CDKN2C"
"AZIN2",3.82e-59,1.041,0.132,0.06,7.1e-55,"AZIN2"
"THRA",4.52e-59,0.505,0.622,0.519,8.41e-55,"THRA"
"MAST1",4.56e-59,-0.326,0.375,0.504,8.48e-55,"MAST1"
"CADM1",4.77e-59,-0.504,0.948,0.955,8.88e-55,"CADM1"
"ARHGEF7",5.35e-59,-0.283,0.777,0.842,9.96e-55,"ARHGEF7"
"HMGB1P1",5.5e-59,3.058,0.042,0.006,1.02e-54,"HMGB1P1"
"SRSF7",5.75e-59,-0.238,0.838,0.884,1.07e-54,"SRSF7"
"FLCN",6.68e-59,0.835,0.2,0.112,1.24e-54,"FLCN"
"CNTRL",8.76e-59,-0.574,0.472,0.56,1.63e-54,"CNTRL"
"E2F8",1.06e-58,-0.996,0.075,0.151,1.97e-54,"E2F8"
"TSPAN7",1.09e-58,0.483,0.576,0.476,2.02e-54,"TSPAN7"
"ZNF609",1.16e-58,-0.219,0.915,0.928,2.16e-54,"ZNF609"
"EEF2KMT",1.47e-58,1.239,0.108,0.045,2.74e-54,"EEF2KMT"
"BEST3",1.49e-58,-0.436,0.219,0.334,2.77e-54,"BEST3"
"COMMD8",1.59e-58,0.723,0.254,0.156,2.96e-54,"COMMD8"
"EIF3G",1.77e-58,0.495,0.596,0.505,3.3e-54,"EIF3G"
"NUDT1",2.09e-58,-0.535,0.394,0.495,3.9e-54,"NUDT1"
"TEX2",2.26e-58,0.798,0.231,0.137,4.21e-54,"TEX2"
"NDN",2.29e-58,0.495,0.648,0.558,4.26e-54,"NDN"
"TM9SF3",2.36e-58,0.376,0.722,0.653,4.39e-54,"TM9SF3"
"EIF1",2.52e-58,0.32,0.987,0.993,4.69e-54,"EIF1"
"C20orf27",2.67e-58,0.771,0.26,0.162,4.97e-54,"C20orf27"
"TYW3",2.68e-58,0.939,0.182,0.1,4.99e-54,"TYW3"
"NTPCR",2.73e-58,0.61,0.364,0.255,5.07e-54,"NTPCR"
"CASP7",2.79e-58,1.374,0.12,0.054,5.2e-54,"CASP7"
"ARL8A",2.86e-58,0.47,0.611,0.52,5.33e-54,"ARL8A"
"GGCT",3.03e-58,0.619,0.392,0.284,5.63e-54,"GGCT"
"STOM",3.14e-58,2.108,0.049,0.009,5.85e-54,"STOM"
"NIBAN1",4.01e-58,2.375,0.056,0.013,7.46e-54,"NIBAN1"
"ARHGEF17",4.2e-58,0.953,0.216,0.127,7.82e-54,"ARHGEF17"
"RELB",4.55e-58,1.378,0.084,0.029,8.46e-54,"RELB"
"SRSF10",4.69e-58,-0.326,0.832,0.858,8.74e-54,"SRSF10"
"ZNF106",5e-58,0.496,0.625,0.532,9.31e-54,"ZNF106"
"RPL18A",5.75e-58,0.26,0.98,0.992,1.07e-53,"RPL18A"
"IQGAP3",5.81e-58,-1.063,0.076,0.152,1.08e-53,"IQGAP3"
"PRKAG2",6.02e-58,0.713,0.263,0.163,1.12e-53,"PRKAG2"
"INSYN1",6.26e-58,1.869,0.06,0.015,1.17e-53,"INSYN1"
"FAM47E",6.63e-58,2.101,0.054,0.012,1.23e-53,"FAM47E"
"ANXA6",6.99e-58,0.655,0.403,0.295,1.3e-53,"ANXA6"
"VAX1",7.01e-58,-1.139,0.175,0.262,1.3e-53,"VAX1"
"TMEM164",7.02e-58,0.641,0.46,0.351,1.31e-53,"TMEM164"
"DNASE2",7.06e-58,0.981,0.165,0.086,1.31e-53,"DNASE2"
"ST8SIA4",7.24e-58,-0.308,0.316,0.445,1.35e-53,"ST8SIA4"
"TSC22D2",7.31e-58,-0.322,0.85,0.877,1.36e-53,"TSC22D2"
"CCND1",7.68e-58,1.888,0.068,0.02,1.43e-53,"CCND1"
"TLR4",8.04e-58,3.914,0.035,0.003,1.5e-53,"TLR4"
"ANTKMT",8.3e-58,0.663,0.322,0.216,1.54e-53,"ANTKMT"
"DALRD3",8.56e-58,0.662,0.253,0.154,1.59e-53,"DALRD3"
"GATAD1",8.7e-58,0.697,0.423,0.317,1.62e-53,"GATAD1"
"MARCHF6",9.35e-58,-0.174,0.911,0.942,1.74e-53,"MARCHF6"
"CFAP97",9.97e-58,0.489,0.59,0.493,1.86e-53,"CFAP97"
"CFL2",1.1e-57,0.538,0.492,0.387,2.06e-53,"CFL2"
"DNAJA2",1.13e-57,0.44,0.623,0.537,2.1e-53,"DNAJA2"
"TMEM255A",1.13e-57,1.302,0.15,0.076,2.1e-53,"TMEM255A"
"HNRNPDL",1.13e-57,-0.192,0.966,0.979,2.11e-53,"HNRNPDL"
"CCDC24",1.15e-57,1.513,0.068,0.02,2.13e-53,"CCDC24"
"PRR18",1.15e-57,2.845,0.046,0.008,2.14e-53,"PRR18"
"DMGDH",1.25e-57,2.199,0.064,0.018,2.33e-53,"DMGDH"
"ZNF43",1.27e-57,-0.386,0.603,0.671,2.36e-53,"ZNF43"
"RRAS2",1.38e-57,0.635,0.204,0.115,2.57e-53,"RRAS2"
"RWDD3",1.51e-57,0.664,0.296,0.192,2.81e-53,"RWDD3"
"SYS1",1.55e-57,0.752,0.222,0.13,2.88e-53,"SYS1"
"CUTA",1.58e-57,0.386,0.741,0.678,2.94e-53,"CUTA"
"ZSWIM5",1.59e-57,-0.18,0.757,0.82,2.95e-53,"ZSWIM5"
"PAFAH1B3",1.61e-57,-0.225,0.801,0.865,2.99e-53,"PAFAH1B3"
"GCC2",1.85e-57,0.473,0.571,0.464,3.44e-53,"GCC2"
"SPNS1",2.1e-57,0.679,0.245,0.149,3.91e-53,"SPNS1"
"CDH6",2.16e-57,1.83,0.056,0.014,4.02e-53,"CDH6"
"SEMA3A",2.24e-57,0.668,0.322,0.215,4.16e-53,"SEMA3A"
"IRF3",2.32e-57,0.787,0.212,0.122,4.32e-53,"IRF3"
"RPS23",2.41e-57,0.259,0.986,0.995,4.48e-53,"RPS23"
"EFHC1",2.73e-57,0.558,0.408,0.295,5.09e-53,"EFHC1"
"IGF2R",3.53e-57,0.537,0.517,0.409,6.57e-53,"IGF2R"
"NYAP2",3.54e-57,-0.423,0.184,0.292,6.6e-53,"NYAP2"
"BCL6",3.69e-57,1.145,0.163,0.086,6.86e-53,"BCL6"
"PRIM2",3.99e-57,-0.53,0.49,0.572,7.43e-53,"PRIM2"
"NDUFB3",4.13e-57,0.428,0.682,0.627,7.68e-53,"NDUFB3"
"HMGN1",4.58e-57,-0.276,0.891,0.935,8.53e-53,"HMGN1"
"RIMKLA",4.62e-57,-0.183,0.38,0.514,8.61e-53,"RIMKLA"
"IKZF2",5.43e-57,0.515,0.346,0.235,1.01e-52,"IKZF2"
"CDCA5",5.82e-57,-0.865,0.113,0.198,1.08e-52,"CDCA5"
"PALLD",6.33e-57,0.389,0.825,0.78,1.18e-52,"PALLD"
"ENHO",6.67e-57,0.665,0.335,0.228,1.24e-52,"ENHO"
"ELOVL1",6.71e-57,1.176,0.126,0.058,1.25e-52,"ELOVL1"
"SLC39A12",8.36e-57,5.144,0.029,0.001,1.56e-52,"SLC39A12"
"PFKM",8.72e-57,0.54,0.409,0.298,1.62e-52,"PFKM"
"PHLDA1",9.19e-57,0.328,0.334,0.22,1.71e-52,"PHLDA1"
"NAP1L3",9.31e-57,0.588,0.369,0.257,1.73e-52,"NAP1L3"
"WIPF1",1.01e-56,0.554,0.342,0.232,1.87e-52,"WIPF1"
"DRAXIN",1.04e-56,-0.274,0.36,0.492,1.93e-52,"DRAXIN"
"HINT2",1.11e-56,0.711,0.298,0.197,2.06e-52,"HINT2"
"TRAPPC6A",1.16e-56,0.825,0.215,0.126,2.16e-52,"TRAPPC6A"
"UQCR10",1.17e-56,0.33,0.853,0.84,2.19e-52,"UQCR10"
"ATP1A3",1.27e-56,-0.437,0.2,0.311,2.35e-52,"ATP1A3"
"ATP5F1E",1.3e-56,0.257,0.956,0.966,2.43e-52,"ATP5F1E"
"ABCC4",1.38e-56,1.59,0.088,0.032,2.57e-52,"ABCC4"
"VDAC1",1.58e-56,0.39,0.762,0.731,2.95e-52,"VDAC1"
"ST8SIA2",1.6e-56,-0.325,0.459,0.575,2.97e-52,"ST8SIA2"
"AGPAT2",1.61e-56,1.541,0.084,0.03,2.99e-52,"AGPAT2"
"CD59",1.64e-56,0.67,0.485,0.385,3.05e-52,"CD59"
"PSD3",1.7e-56,0.384,0.887,0.865,3.17e-52,"PSD3"
"CEP57L1",1.84e-56,-0.456,0.521,0.603,3.42e-52,"CEP57L1"
"CD151",1.89e-56,0.746,0.37,0.272,3.52e-52,"CD151"
"C1orf53",2.19e-56,1.827,0.062,0.017,4.08e-52,"C1orf53"
"GAPDH",2.22e-56,0.328,0.959,0.968,4.13e-52,"GAPDH"
"FSCN1",2.36e-56,-0.328,0.591,0.679,4.38e-52,"FSCN1"
"BLOC1S1",2.55e-56,0.446,0.681,0.628,4.75e-52,"BLOC1S1"
"MASTL",2.59e-56,-0.858,0.164,0.256,4.83e-52,"MASTL"
"LAMA3",2.61e-56,1.506,0.098,0.039,4.86e-52,"LAMA3"
"WDR41",2.63e-56,0.508,0.474,0.364,4.9e-52,"WDR41"
"RGL2",2.72e-56,0.914,0.188,0.105,5.05e-52,"RGL2"
"SLC4A8",2.8e-56,-0.434,0.426,0.528,5.21e-52,"SLC4A8"
"PMEPA1",3.28e-56,-0.48,0.29,0.401,6.1e-52,"PMEPA1"
"VWA8",3.42e-56,0.386,0.558,0.436,6.37e-52,"VWA8"
"PLAU",3.45e-56,2.79,0.043,0.007,6.42e-52,"PLAU"
"EFNA4",3.61e-56,1.575,0.072,0.023,6.73e-52,"EFNA4"
"RGS12",3.73e-56,-0.37,0.659,0.72,6.94e-52,"RGS12"
"PRSS35",4.11e-56,2.911,0.047,0.009,7.66e-52,"PRSS35"
"RCAN1",4.84e-56,1.056,0.349,0.248,9.02e-52,"RCAN1"
"TPMT",5.66e-56,0.749,0.219,0.129,1.05e-51,"TPMT"
"TRAM2",5.94e-56,0.97,0.159,0.083,1.11e-51,"TRAM2"
"B3GALT1",6.55e-56,0.503,0.567,0.45,1.22e-51,"B3GALT1"
"MESD",6.99e-56,0.529,0.54,0.442,1.3e-51,"MESD"
"PPP1R17",7.37e-56,1.633,0.076,0.026,1.37e-51,"PPP1R17"
"XRCC2",7.55e-56,-0.778,0.132,0.221,1.4e-51,"XRCC2"
"SNCG",7.57e-56,6.283,0.027,0,1.41e-51,"SNCG"
"IRS2",7.71e-56,0.773,0.457,0.36,1.44e-51,"IRS2"
"C1QBP",7.89e-56,0.425,0.728,0.688,1.47e-51,"C1QBP"
"DCLK2",7.9e-56,-0.294,0.974,0.986,1.47e-51,"DCLK2"
"NUDC",7.93e-56,0.419,0.735,0.686,1.48e-51,"NUDC"
"SEC61B",8.34e-56,0.265,0.923,0.923,1.55e-51,"SEC61B"
"TTLL6",8.62e-56,2.761,0.039,0.005,1.61e-51,"TTLL6"
"CTDSP1",8.71e-56,0.803,0.206,0.119,1.62e-51,"CTDSP1"
"MED29",8.71e-56,0.674,0.336,0.233,1.62e-51,"MED29"
"SPATA1",9.28e-56,1.24,0.118,0.053,1.73e-51,"SPATA1"
"AOPEP",9.56e-56,0.458,0.792,0.73,1.78e-51,"AOPEP"
"ANKRD36C",9.7e-56,-0.132,0.754,0.822,1.8e-51,"ANKRD36C"
"SHC2",1.11e-55,0.795,0.222,0.132,2.07e-51,"SHC2"
"PFKFB3",1.29e-55,0.773,0.388,0.286,2.39e-51,"PFKFB3"
"NDUFS8",1.31e-55,0.499,0.601,0.523,2.44e-51,"NDUFS8"
"IRAK2",1.34e-55,2.162,0.055,0.014,2.49e-51,"IRAK2"
"TRIM24",1.35e-55,-0.185,0.835,0.896,2.51e-51,"TRIM24"
"NCAPD2",1.35e-55,-0.752,0.243,0.338,2.52e-51,"NCAPD2"
"COBLL1",1.37e-55,0.684,0.246,0.151,2.56e-51,"COBLL1"
"NUDT9",1.46e-55,0.597,0.403,0.297,2.73e-51,"NUDT9"
"PAK5",1.74e-55,-0.306,0.31,0.436,3.23e-51,"PAK5"
"SYNPR",2.07e-55,-1.512,0.051,0.116,3.85e-51,"SYNPR"
"CYRIA",2.15e-55,0.79,0.197,0.111,4.01e-51,"CYRIA"
"PCED1B",2.24e-55,2.926,0.045,0.008,4.18e-51,"PCED1B"
"RPS25",2.29e-55,0.233,0.979,0.988,4.26e-51,"RPS25"
"SMC2",2.38e-55,-0.784,0.335,0.413,4.44e-51,"SMC2"
"SURF1",2.47e-55,0.628,0.343,0.238,4.6e-51,"SURF1"
"TCF7L2",2.48e-55,0.377,0.476,0.356,4.61e-51,"TCF7L2"
"NR1D1",2.62e-55,2.594,0.042,0.007,4.87e-51,"NR1D1"
"SLC6A1",2.75e-55,0.569,0.421,0.306,5.12e-51,"SLC6A1"
"ZGRF1",2.78e-55,-0.727,0.206,0.304,5.18e-51,"ZGRF1"
"NEURL1B",2.95e-55,-0.764,0.154,0.246,5.49e-51,"NEURL1B"
"CENPC",3.04e-55,-0.622,0.485,0.551,5.66e-51,"CENPC"
"CPT2",3.36e-55,0.804,0.184,0.102,6.25e-51,"CPT2"
"SIRT2",3.45e-55,0.618,0.401,0.292,6.42e-51,"SIRT2"
"CPNE4",3.74e-55,1.149,0.163,0.087,6.96e-51,"CPNE4"
"NDUFA11",3.79e-55,0.31,0.843,0.821,7.06e-51,"NDUFA11"
"ESPL1",4.03e-55,-1.108,0.078,0.152,7.5e-51,"ESPL1"
"SNX7",4.14e-55,0.61,0.37,0.266,7.71e-51,"SNX7"
"TRPM3",4.19e-55,1.031,0.095,0.038,7.8e-51,"TRPM3"
"EPRS1",5.27e-55,0.431,0.623,0.544,9.8e-51,"EPRS1"
"TUBA1A",5.64e-55,-0.239,0.995,0.999,1.05e-50,"TUBA1A"
"ATP10B",6.16e-55,1.408,0.103,0.044,1.15e-50,"ATP10B"
"FNDC4",6.31e-55,0.713,0.222,0.132,1.17e-50,"FNDC4"
"USP53",7.41e-55,0.848,0.164,0.087,1.38e-50,"USP53"
"LSM1",7.52e-55,0.482,0.583,0.492,1.4e-50,"LSM1"
"GALNT15",7.52e-55,3.25,0.038,0.005,1.4e-50,"GALNT15"
"TMEM131",7.56e-55,0.343,0.827,0.795,1.41e-50,"TMEM131"
"DNAJB2",7.89e-55,0.723,0.244,0.15,1.47e-50,"DNAJB2"
"POU6F2",8.47e-55,1.337,0.073,0.024,1.58e-50,"POU6F2"
"ECT2",9.13e-55,-0.94,0.202,0.292,1.7e-50,"ECT2"
"SPRED2",9.88e-55,0.556,0.454,0.343,1.84e-50,"SPRED2"
"FKBP1A",1.01e-54,0.46,0.641,0.568,1.88e-50,"FKBP1A"
"SLIT1",1.01e-54,-0.454,0.135,0.228,1.89e-50,"SLIT1"
"RAB12",1.07e-54,0.516,0.443,0.331,2e-50,"RAB12"
"PAM",1.1e-54,0.189,0.846,0.761,2.04e-50,"PAM"
"SH3BP4",1.15e-54,-0.593,0.271,0.371,2.14e-50,"SH3BP4"
"TRA2B",1.24e-54,-0.312,0.736,0.788,2.3e-50,"TRA2B"
"METTL5",1.26e-54,0.575,0.463,0.36,2.35e-50,"METTL5"
"ACTA2",1.38e-54,2.675,0.064,0.019,2.56e-50,"ACTA2"
"MIDN",1.44e-54,-0.334,0.657,0.741,2.69e-50,"MIDN"
"C6orf89",1.52e-54,0.497,0.47,0.357,2.82e-50,"C6orf89"
"DBF4",1.72e-54,-0.805,0.316,0.402,3.2e-50,"DBF4"
"RALGAPA2",1.93e-54,-0.252,0.798,0.852,3.59e-50,"RALGAPA2"
"SLC66A3",1.97e-54,0.892,0.147,0.074,3.66e-50,"SLC66A3"
"GCNT2",2.05e-54,-0.514,0.128,0.22,3.82e-50,"GCNT2"
"CCDC159",2.06e-54,1.173,0.099,0.04,3.84e-50,"CCDC159"
"ATAD2",2.07e-54,-1.026,0.359,0.425,3.85e-50,"ATAD2"
"MGST1",2.15e-54,0.844,0.381,0.285,4e-50,"MGST1"
"SP4",2.24e-54,-0.374,0.46,0.561,4.18e-50,"SP4"
"GOLGA8M",2.3e-54,1.433,0.076,0.026,4.27e-50,"GOLGA8M"
"SPATA5",2.36e-54,-0.58,0.489,0.56,4.39e-50,"SPATA5"
"CPVL",2.45e-54,1.814,0.062,0.017,4.56e-50,"CPVL"
"CCPG1",3.41e-54,0.576,0.519,0.415,6.35e-50,"CCPG1"
"BBLN",3.67e-54,0.389,0.703,0.635,6.83e-50,"BBLN"
"MTHFD1L",3.74e-54,0.637,0.325,0.222,6.95e-50,"MTHFD1L"
"DEPDC1",3.89e-54,-0.891,0.106,0.187,7.24e-50,"DEPDC1"
"SLC26A11",4.32e-54,1.054,0.146,0.074,8.04e-50,"SLC26A11"
"OPHN1",4.35e-54,0.516,0.739,0.667,8.09e-50,"OPHN1"
"GINS3",4.57e-54,1.436,0.17,0.095,8.5e-50,"GINS3"
"SDHD",4.81e-54,0.605,0.436,0.33,8.95e-50,"SDHD"
"RPL30",4.99e-54,0.227,0.99,0.994,9.28e-50,"RPL30"
"EPC1",5.37e-54,-0.173,0.94,0.962,9.99e-50,"EPC1"
"KIFC3",5.39e-54,1.3,0.103,0.043,1e-49,"KIFC3"
"CAMK2A",5.47e-54,1.579,0.065,0.019,1.02e-49,"CAMK2A"
"SUN2",6.09e-54,-0.42,0.271,0.379,1.13e-49,"SUN2"
"SLC24A3",6.93e-54,0.729,0.245,0.153,1.29e-49,"SLC24A3"
"BMP6",7.74e-54,2.333,0.04,0.006,1.44e-49,"BMP6"
"HKDC1",7.98e-54,1.846,0.057,0.015,1.49e-49,"HKDC1"
"ARPP19",8.4e-54,0.314,0.816,0.791,1.56e-49,"ARPP19"
"RPS16",8.87e-54,0.225,0.984,0.991,1.65e-49,"RPS16"
"ST18",9.86e-54,-0.23,0.362,0.498,1.83e-49,"ST18"
"IMP4",1.14e-53,0.57,0.231,0.139,2.12e-49,"IMP4"
"ZNRF3",1.43e-53,0.574,0.477,0.373,2.66e-49,"ZNRF3"
"TROAP",1.53e-53,-1.124,0.091,0.167,2.84e-49,"TROAP"
"MOB3B",1.63e-53,-0.161,0.735,0.815,3.04e-49,"MOB3B"
"MED11",1.71e-53,0.703,0.227,0.137,3.18e-49,"MED11"
"TTYH3",1.79e-53,0.524,0.563,0.486,3.33e-49,"TTYH3"
"TTC30A",1.89e-53,1.39,0.083,0.031,3.52e-49,"TTC30A"
"NIPSNAP2",1.89e-53,0.429,0.68,0.612,3.53e-49,"NIPSNAP2"
"GHITM",1.9e-53,0.457,0.623,0.552,3.53e-49,"GHITM"
"RILPL1",1.96e-53,0.609,0.4,0.298,3.65e-49,"RILPL1"
"CTTNBP2",2.52e-53,1.004,0.109,0.048,4.68e-49,"CTTNBP2"
"EIF4G1",2.53e-53,0.568,0.458,0.361,4.72e-49,"EIF4G1"
"OXA1L",3.04e-53,0.692,0.297,0.199,5.66e-49,"OXA1L"
"CDC20",3.37e-53,-1.087,0.1,0.178,6.27e-49,"CDC20"
"FAF1",3.88e-53,-0.232,0.912,0.928,7.22e-49,"FAF1"
"TXNRD3",4.04e-53,0.827,0.173,0.094,7.51e-49,"TXNRD3"
"PTPRO",4.19e-53,-0.279,0.405,0.528,7.8e-49,"PTPRO"
"ENSG00000285777",4.25e-53,1.347,0.067,0.021,7.91e-49,"ENSG00000285777"
"ABAT",4.29e-53,0.468,0.629,0.539,7.99e-49,"ABAT"
"RASA1",4.35e-53,-0.226,0.834,0.874,8.09e-49,"RASA1"
"DBP",5.46e-53,0.85,0.204,0.119,1.02e-48,"DBP"
"HDDC2",5.56e-53,0.524,0.487,0.381,1.04e-48,"HDDC2"
"AGPAT5",5.59e-53,0.364,0.799,0.74,1.04e-48,"AGPAT5"
"AK8",5.89e-53,1.775,0.061,0.017,1.1e-48,"AK8"
"GMNN",5.99e-53,-0.718,0.265,0.357,1.11e-48,"GMNN"
"CENPH",6e-53,-0.649,0.254,0.354,1.12e-48,"CENPH"
"RNF180",6.28e-53,0.385,0.787,0.72,1.17e-48,"RNF180"
"ZNF770",6.62e-53,0.547,0.503,0.4,1.23e-48,"ZNF770"
"GLUL",6.98e-53,0.914,0.586,0.519,1.3e-48,"GLUL"
"RIPK2",7.5e-53,0.748,0.18,0.1,1.4e-48,"RIPK2"
"JADE3",8.15e-53,-0.395,0.253,0.361,1.52e-48,"JADE3"
"NENF",8.26e-53,0.505,0.523,0.431,1.54e-48,"NENF"
"HOGA1",8.26e-53,1.909,0.053,0.013,1.54e-48,"HOGA1"
"DUSP23",8.4e-53,2.093,0.047,0.01,1.56e-48,"DUSP23"
"TMEM150C",9.17e-53,0.79,0.207,0.122,1.71e-48,"TMEM150C"
"GUK1",9.23e-53,0.341,0.745,0.693,1.72e-48,"GUK1"
"TECPR2",9.38e-53,0.535,0.447,0.34,1.75e-48,"TECPR2"
"BAD",9.92e-53,0.514,0.499,0.397,1.85e-48,"BAD"
"HBEGF",1.03e-52,1.996,0.06,0.017,1.93e-48,"HBEGF"
"RCN2",1.08e-52,0.281,0.938,0.938,2e-48,"RCN2"
"RETSAT",1.09e-52,1.263,0.102,0.043,2.03e-48,"RETSAT"
"KCNQ3",1.21e-52,-0.386,0.16,0.256,2.25e-48,"KCNQ3"
"FECH",1.25e-52,0.851,0.145,0.074,2.32e-48,"FECH"
"METTL25",1.43e-52,0.654,0.294,0.195,2.66e-48,"METTL25"
"NPM1",1.56e-52,0.302,0.958,0.969,2.91e-48,"NPM1"
"LHFPL2",1.69e-52,0.853,0.18,0.101,3.14e-48,"LHFPL2"
"SOX1",1.74e-52,-0.428,0.521,0.61,3.24e-48,"SOX1"
"SRPK1",1.77e-52,-0.315,0.645,0.712,3.3e-48,"SRPK1"
"H2AC13",1.83e-52,-1.695,0.027,0.078,3.4e-48,"H2AC13"
"SYAP1",1.96e-52,0.421,0.668,0.594,3.65e-48,"SYAP1"
"PDIA4",1.98e-52,0.604,0.406,0.307,3.68e-48,"PDIA4"
"EMC10",2.09e-52,0.593,0.346,0.243,3.89e-48,"EMC10"
"TIGD4",2.11e-52,1.304,0.089,0.035,3.93e-48,"TIGD4"
"RHBDF1",2.24e-52,2.991,0.039,0.006,4.17e-48,"RHBDF1"
"H3C12",2.68e-52,-1.213,0.049,0.111,4.99e-48,"H3C12"
"GIPC1",2.76e-52,0.554,0.453,0.351,5.13e-48,"GIPC1"
"AURKAIP1",2.8e-52,0.469,0.637,0.574,5.21e-48,"AURKAIP1"
"MFSD4A",2.84e-52,1.164,0.109,0.048,5.28e-48,"MFSD4A"
"NCBP2",2.84e-52,0.386,0.658,0.576,5.29e-48,"NCBP2"
"TP53RK",2.96e-52,0.606,0.292,0.192,5.51e-48,"TP53RK"
"ADAM9",3.11e-52,0.535,0.592,0.511,5.79e-48,"ADAM9"
"GCLM",3.29e-52,0.641,0.339,0.238,6.12e-48,"GCLM"
"RER1",3.36e-52,0.527,0.522,0.437,6.26e-48,"RER1"
"COL1A2",4.11e-52,-1.356,0.026,0.076,7.66e-48,"COL1A2"
"CYBRD1",4.17e-52,0.638,0.257,0.164,7.76e-48,"CYBRD1"
"CMTM3",4.27e-52,0.848,0.231,0.144,7.95e-48,"CMTM3"
"RNF175",4.55e-52,1.142,0.107,0.047,8.46e-48,"RNF175"
"PRKCE",4.8e-52,0.342,0.576,0.445,8.93e-48,"PRKCE"
"C18orf54",4.9e-52,-0.622,0.161,0.252,9.12e-48,"C18orf54"
"EPB41L4A",5.29e-52,1.472,0.111,0.051,9.85e-48,"EPB41L4A"
"PSME1",5.38e-52,0.546,0.445,0.34,1e-47,"PSME1"
"SH3BGR",5.5e-52,0.813,0.133,0.065,1.02e-47,"SH3BGR"
"MRPS24",5.8e-52,0.41,0.628,0.549,1.08e-47,"MRPS24"
"PURA",5.87e-52,0.567,0.404,0.302,1.09e-47,"PURA"
"PHYH",6.25e-52,0.659,0.307,0.209,1.16e-47,"PHYH"
"CLSTN1",6.75e-52,0.432,0.613,0.517,1.26e-47,"CLSTN1"
"SRRM3",6.85e-52,-0.302,0.22,0.336,1.27e-47,"SRRM3"
"HIRIP3",6.97e-52,-0.655,0.26,0.354,1.3e-47,"HIRIP3"
"COX16",7.15e-52,0.339,0.786,0.756,1.33e-47,"COX16"
"AP3D1",7.34e-52,0.514,0.464,0.359,1.37e-47,"AP3D1"
"TSPO",7.66e-52,0.449,0.552,0.459,1.43e-47,"TSPO"
"CDC26",7.88e-52,0.498,0.464,0.359,1.47e-47,"CDC26"
"IFI35",9.15e-52,1.559,0.071,0.024,1.7e-47,"IFI35"
"ZDHHC12",9.95e-52,1.079,0.12,0.057,1.85e-47,"ZDHHC12"
"ARID4B",1.08e-51,-0.16,0.939,0.961,2.02e-47,"ARID4B"
"RRM1",1.09e-51,-0.528,0.447,0.527,2.03e-47,"RRM1"
"UEVLD",1.12e-51,0.52,0.359,0.252,2.08e-47,"UEVLD"
"WASHC2C",1.12e-51,0.617,0.333,0.231,2.09e-47,"WASHC2C"
"GPNMB",1.21e-51,4.909,0.028,0.002,2.26e-47,"GPNMB"
"CDKN3",1.38e-51,-0.808,0.196,0.287,2.57e-47,"CDKN3"
"SVOP",1.41e-51,-0.517,0.167,0.264,2.62e-47,"SVOP"
"SLC39A11",1.42e-51,0.504,0.274,0.176,2.65e-47,"SLC39A11"
"DHCR24",1.47e-51,0.787,0.265,0.176,2.73e-47,"DHCR24"
"BICC1",1.59e-51,0.388,0.315,0.209,2.97e-47,"BICC1"
"NR2F6",1.63e-51,0.817,0.213,0.129,3.04e-47,"NR2F6"
"FAM102A",1.78e-51,0.846,0.259,0.17,3.32e-47,"FAM102A"
"CYFIP1",1.78e-51,0.428,0.596,0.504,3.32e-47,"CYFIP1"
"SLC2A8",1.81e-51,1.091,0.119,0.056,3.38e-47,"SLC2A8"
"FAM50A",1.83e-51,0.491,0.504,0.403,3.41e-47,"FAM50A"
"SLC40A1",1.94e-51,1.071,0.15,0.078,3.62e-47,"SLC40A1"
"PTPRK",2.01e-51,0.328,0.492,0.364,3.75e-47,"PTPRK"
"TRIM56",2.13e-51,0.846,0.163,0.088,3.96e-47,"TRIM56"
"S1PR3",2.27e-51,2.058,0.055,0.014,4.22e-47,"S1PR3"
"PALS1",2.42e-51,0.452,0.561,0.46,4.5e-47,"PALS1"
"PIPOX",2.47e-51,0.853,0.184,0.104,4.6e-47,"PIPOX"
"MRPS12",2.51e-51,0.591,0.32,0.22,4.68e-47,"MRPS12"
"C1orf43",2.72e-51,0.406,0.633,0.554,5.07e-47,"C1orf43"
"USP1",2.76e-51,-0.525,0.524,0.589,5.13e-47,"USP1"
"RNF144A",3.15e-51,-0.372,0.403,0.51,5.87e-47,"RNF144A"
"DYNC1I1",3.28e-51,-0.247,0.203,0.312,6.1e-47,"DYNC1I1"
"SMIM45",3.56e-51,1.276,0.087,0.034,6.62e-47,"SMIM45"
"OIP5",3.6e-51,-0.746,0.16,0.247,6.69e-47,"OIP5"
"FAM120A",3.72e-51,0.462,0.583,0.508,6.92e-47,"FAM120A"
"PITPNC1",3.75e-51,0.476,0.717,0.633,6.98e-47,"PITPNC1"
"RGL1",4.34e-51,0.39,0.612,0.503,8.08e-47,"RGL1"
"RPS26",4.7e-51,0.311,0.869,0.864,8.76e-47,"RPS26"
"C1QL2",4.76e-51,4.545,0.027,0.002,8.85e-47,"C1QL2"
"MTM1",5.09e-51,0.519,0.35,0.245,9.47e-47,"MTM1"
"SSBP1",5.68e-51,0.31,0.786,0.769,1.06e-46,"SSBP1"
"BTBD1",6.09e-51,0.508,0.495,0.393,1.13e-46,"BTBD1"
"GJC1",6.58e-51,-0.603,0.255,0.35,1.22e-46,"GJC1"
"P4HA2",6.84e-51,1.236,0.105,0.046,1.27e-46,"P4HA2"
"KIF22",7.2e-51,-0.763,0.266,0.353,1.34e-46,"KIF22"
"THSD4",7.23e-51,1.269,0.109,0.049,1.35e-46,"THSD4"
"SECISBP2",7.72e-51,-0.259,0.685,0.762,1.44e-46,"SECISBP2"
"SLC25A33",7.79e-51,0.533,0.433,0.329,1.45e-46,"SLC25A33"
"FADS2",7.82e-51,0.602,0.586,0.514,1.46e-46,"FADS2"
"RTN3",8.14e-51,0.231,0.984,0.987,1.51e-46,"RTN3"
"FOSB",8.68e-51,2.828,0.049,0.012,1.62e-46,"FOSB"
"ACO1",8.85e-51,0.536,0.42,0.316,1.65e-46,"ACO1"
"ENSG00000284762",9.31e-51,0.606,0.3,0.203,1.73e-46,"ENSG00000284762"
"SAP18",9.69e-51,0.316,0.835,0.825,1.8e-46,"SAP18"
"BABAM2",1.04e-50,0.385,0.62,0.518,1.93e-46,"BABAM2"
"NRXN1",1.21e-50,0.427,0.961,0.969,2.25e-46,"NRXN1"
"CLTB",1.31e-50,0.41,0.599,0.502,2.44e-46,"CLTB"
"C12orf76",1.36e-50,0.451,0.404,0.292,2.53e-46,"C12orf76"
"CRTAP",1.39e-50,0.641,0.355,0.258,2.59e-46,"CRTAP"
"ACTB",1.39e-50,-0.196,0.992,0.998,2.59e-46,"ACTB"
"NR2C2",1.51e-50,-0.305,0.616,0.694,2.82e-46,"NR2C2"
"COX7B",1.55e-50,0.342,0.813,0.791,2.88e-46,"COX7B"
"ZNF711",1.58e-50,-0.319,0.585,0.666,2.93e-46,"ZNF711"
"ENSG00000239920",1.58e-50,1.384,0.077,0.028,2.94e-46,"ENSG00000239920"
"XPNPEP1",1.59e-50,0.676,0.259,0.166,2.97e-46,"XPNPEP1"
"REXO5",1.72e-50,-0.917,0.099,0.174,3.2e-46,"REXO5"
"LYSMD2",1.91e-50,1.244,0.085,0.033,3.56e-46,"LYSMD2"
"TNFRSF11B",1.94e-50,1.848,0.06,0.018,3.61e-46,"TNFRSF11B"
"NMU",1.95e-50,-1.274,0.095,0.169,3.64e-46,"NMU"
"PDCD4",1.96e-50,0.524,0.481,0.377,3.64e-46,"PDCD4"
"PRELID2",2e-50,0.604,0.185,0.106,3.71e-46,"PRELID2"
"MGAT4A",2.12e-50,0.865,0.111,0.05,3.95e-46,"MGAT4A"
"MFSD1",2.79e-50,0.582,0.271,0.176,5.19e-46,"MFSD1"
"NINJ1",3.17e-50,0.913,0.172,0.097,5.9e-46,"NINJ1"
"CENPP",3.32e-50,-0.689,0.301,0.391,6.17e-46,"CENPP"
"LURAP1",3.36e-50,1.495,0.078,0.028,6.26e-46,"LURAP1"
"ELAVL2",3.38e-50,-0.195,0.324,0.451,6.29e-46,"ELAVL2"
"WASHC2A",3.45e-50,0.6,0.324,0.226,6.42e-46,"WASHC2A"
"PSMG1",3.93e-50,0.709,0.23,0.143,7.31e-46,"PSMG1"
"SLC18B1",3.95e-50,0.727,0.225,0.14,7.35e-46,"SLC18B1"
"ZDHHC1",4.1e-50,1.161,0.098,0.042,7.63e-46,"ZDHHC1"
"RAB21",4.22e-50,0.468,0.555,0.457,7.86e-46,"RAB21"
"ATOX1",4.35e-50,0.396,0.663,0.603,8.1e-46,"ATOX1"
"SEC14L1",4.36e-50,0.433,0.634,0.556,8.12e-46,"SEC14L1"
"NET1",4.52e-50,-0.913,0.088,0.162,8.42e-46,"NET1"
"SLC22A17",4.96e-50,0.652,0.287,0.192,9.23e-46,"SLC22A17"
"DNAJC10",4.98e-50,0.497,0.489,0.389,9.26e-46,"DNAJC10"
"FOSL2",5.8e-50,1.409,0.075,0.027,1.08e-45,"FOSL2"
"ARL8B",6.31e-50,0.467,0.594,0.506,1.17e-45,"ARL8B"
"ZNF724",6.41e-50,-0.666,0.183,0.272,1.19e-45,"ZNF724"
"UFL1",6.82e-50,0.516,0.47,0.368,1.27e-45,"UFL1"
"CHST3",6.98e-50,0.844,0.223,0.14,1.3e-45,"CHST3"
"CCDC30",7.26e-50,0.586,0.275,0.18,1.35e-45,"CCDC30"
"FDPS",7.36e-50,0.594,0.62,0.56,1.37e-45,"FDPS"
"FAM110A",7.88e-50,-0.961,0.064,0.131,1.47e-45,"FAM110A"
"MRPL13",8.15e-50,0.498,0.52,0.429,1.52e-45,"MRPL13"
"PCMT1",8.21e-50,0.342,0.775,0.737,1.53e-45,"PCMT1"
"RPLP0",8.51e-50,0.274,0.977,0.988,1.58e-45,"RPLP0"
"PAWR",8.84e-50,0.498,0.36,0.256,1.64e-45,"PAWR"
"OGA",9.22e-50,-0.189,0.824,0.876,1.72e-45,"OGA"
"NOL4",9.41e-50,-0.125,0.779,0.843,1.75e-45,"NOL4"
"TST",9.91e-50,0.97,0.15,0.08,1.84e-45,"TST"
"PTTG1",1.01e-49,-0.763,0.312,0.394,1.87e-45,"PTTG1"
"CCS",1.06e-49,0.799,0.289,0.198,1.97e-45,"CCS"
"TUBG2",1.16e-49,0.803,0.188,0.108,2.16e-45,"TUBG2"
"NDUFS6",1.17e-49,0.323,0.774,0.729,2.19e-45,"NDUFS6"
"NEU1",1.33e-49,0.706,0.181,0.102,2.48e-45,"NEU1"
"DDX24",1.42e-49,0.316,0.831,0.79,2.64e-45,"DDX24"
"H2AC16",1.45e-49,-1.762,0.029,0.08,2.7e-45,"H2AC16"
"CNOT6",1.66e-49,-0.283,0.625,0.697,3.1e-45,"CNOT6"
"BAHCC1",1.75e-49,-0.454,0.21,0.308,3.25e-45,"BAHCC1"
"PDHB",1.9e-49,0.531,0.444,0.342,3.54e-45,"PDHB"
"PHF21B",2.23e-49,-0.219,0.696,0.766,4.14e-45,"PHF21B"
"SOX13",2.27e-49,1.275,0.076,0.028,4.23e-45,"SOX13"
"NBDY",2.38e-49,0.307,0.728,0.646,4.42e-45,"NBDY"
"RBIS",2.42e-49,0.364,0.685,0.622,4.5e-45,"RBIS"
"RPL23",2.52e-49,0.22,0.983,0.992,4.68e-45,"RPL23"
"LMBRD1",2.57e-49,0.354,0.585,0.471,4.78e-45,"LMBRD1"
"TMEM14A",2.71e-49,0.42,0.518,0.415,5.04e-45,"TMEM14A"
"HELLS",3.02e-49,-0.744,0.334,0.416,5.62e-45,"HELLS"
"COPB2",3.1e-49,0.371,0.684,0.611,5.77e-45,"COPB2"
"RAB36",3.13e-49,1.81,0.058,0.017,5.82e-45,"RAB36"
"CACNA1B",3.25e-49,-0.171,0.238,0.351,6.05e-45,"CACNA1B"
"NUDT7",3.26e-49,1.187,0.096,0.041,6.07e-45,"NUDT7"
"GTF2F2",3.41e-49,0.432,0.628,0.548,6.34e-45,"GTF2F2"
"RSPH3",3.71e-49,0.55,0.267,0.172,6.9e-45,"RSPH3"
"DAAM1",3.83e-49,-0.387,0.874,0.895,7.12e-45,"DAAM1"
"FBXL13",3.88e-49,0.682,0.289,0.195,7.21e-45,"FBXL13"
"CCDC175",3.96e-49,1.441,0.086,0.035,7.36e-45,"CCDC175"
"TOR1AIP2",3.97e-49,0.469,0.547,0.452,7.38e-45,"TOR1AIP2"
"EPHA3",4.21e-49,-0.453,0.588,0.658,7.83e-45,"EPHA3"
"CYB5R3",4.92e-49,0.537,0.457,0.361,9.16e-45,"CYB5R3"
"TULP4",5.13e-49,-0.194,0.873,0.909,9.55e-45,"TULP4"
"PARM1",5.16e-49,1.579,0.078,0.029,9.6e-45,"PARM1"
"BACE1",5.48e-49,0.481,0.479,0.375,1.02e-44,"BACE1"
"DPH5",5.58e-49,0.52,0.335,0.232,1.04e-44,"DPH5"
"FDX2",5.88e-49,0.664,0.224,0.137,1.09e-44,"FDX2"
"DNAJB4",5.98e-49,0.84,0.197,0.118,1.11e-44,"DNAJB4"
"PEX2",6.01e-49,0.56,0.381,0.28,1.12e-44,"PEX2"
"HS6ST1",6.52e-49,0.719,0.257,0.168,1.21e-44,"HS6ST1"
"CRYM",6.88e-49,3.077,0.059,0.018,1.28e-44,"CRYM"
"GDAP1",7.06e-49,-0.21,0.678,0.761,1.31e-44,"GDAP1"
"SYT16",7.11e-49,-0.95,0.07,0.138,1.32e-44,"SYT16"
"TPPP3",7.15e-49,1.566,0.081,0.031,1.33e-44,"TPPP3"
"PDK4",7.42e-49,2.585,0.044,0.01,1.38e-44,"PDK4"
"MAPK4",8.27e-49,0.685,0.431,0.335,1.54e-44,"MAPK4"
"ENSG00000278905",8.59e-49,1.527,0.098,0.043,1.6e-44,"ENSG00000278905"
"MPG",8.98e-49,0.54,0.433,0.332,1.67e-44,"MPG"
"GABBR2",9.08e-49,3.06,0.092,0.039,1.69e-44,"GABBR2"
"ANKRD36",9.34e-49,-0.282,0.646,0.717,1.74e-44,"ANKRD36"
"CIRBP",9.37e-49,0.254,0.938,0.937,1.74e-44,"CIRBP"
"LPL",9.56e-49,2.033,0.073,0.027,1.78e-44,"LPL"
"LRCH1",9.64e-49,-0.547,0.423,0.504,1.79e-44,"LRCH1"
"KIF13A",1.07e-48,0.373,0.515,0.402,1.99e-44,"KIF13A"
"REEP3",1.13e-48,0.39,0.609,0.515,2.1e-44,"REEP3"
"CLGN",1.18e-48,-0.493,0.266,0.365,2.2e-44,"CLGN"
"NDUFS1",1.19e-48,0.36,0.718,0.651,2.22e-44,"NDUFS1"
"ERC2",1.22e-48,-0.641,0.198,0.291,2.27e-44,"ERC2"
"CFAP276",1.24e-48,1.622,0.068,0.023,2.3e-44,"CFAP276"
"SLC35F6",1.43e-48,0.762,0.221,0.138,2.66e-44,"SLC35F6"
"ATP6AP1",1.46e-48,0.543,0.375,0.272,2.72e-44,"ATP6AP1"
"FBLN5",1.61e-48,3.127,0.03,0.003,2.99e-44,"FBLN5"
"SDF2",1.67e-48,0.472,0.468,0.365,3.1e-44,"SDF2"
"B9D1",1.72e-48,0.734,0.238,0.152,3.21e-44,"B9D1"
"TBC1D31",1.74e-48,-0.65,0.232,0.321,3.23e-44,"TBC1D31"
"MAP7D3",1.74e-48,0.976,0.135,0.069,3.24e-44,"MAP7D3"
"CEP192",1.81e-48,-0.538,0.533,0.59,3.37e-44,"CEP192"
"WIPI2",1.89e-48,0.471,0.552,0.462,3.52e-44,"WIPI2"
"SETD7",2.03e-48,0.555,0.308,0.209,3.77e-44,"SETD7"
"NMNAT1",2.09e-48,0.63,0.19,0.11,3.89e-44,"NMNAT1"
"NTN1",2.4e-48,1.071,0.273,0.188,4.47e-44,"NTN1"
"PTAR1",2.43e-48,0.446,0.608,0.522,4.52e-44,"PTAR1"
"NDUFC1",2.62e-48,0.4,0.672,0.614,4.87e-44,"NDUFC1"
"STYXL1",2.7e-48,0.634,0.236,0.148,5.02e-44,"STYXL1"
"H2BC18",2.77e-48,-0.8,0.051,0.111,5.15e-44,"H2BC18"
"GALNT17",2.78e-48,1.101,0.299,0.213,5.18e-44,"GALNT17"
"NFE2L1",3.04e-48,0.642,0.327,0.231,5.65e-44,"NFE2L1"
"RPL23A",3.17e-48,0.213,0.981,0.99,5.9e-44,"RPL23A"
"PSMG2",3.24e-48,0.453,0.618,0.546,6.03e-44,"PSMG2"
"INCENP",3.66e-48,-0.907,0.116,0.192,6.81e-44,"INCENP"
"ACSS2",3.72e-48,0.731,0.196,0.116,6.92e-44,"ACSS2"
"ANKRD29",3.84e-48,2.018,0.051,0.013,7.15e-44,"ANKRD29"
"PIAS1",4e-48,-0.266,0.803,0.841,7.45e-44,"PIAS1"
"AURKA",4.12e-48,-0.979,0.112,0.188,7.67e-44,"AURKA"
"STXBP5L",4.27e-48,-0.16,0.428,0.547,7.95e-44,"STXBP5L"
"UAP1L1",4.28e-48,1.723,0.06,0.018,7.96e-44,"UAP1L1"
"FGF11",4.28e-48,0.926,0.158,0.087,7.97e-44,"FGF11"
"TGFBR1",4.29e-48,-0.465,0.451,0.529,7.99e-44,"TGFBR1"
"PGAP6",4.39e-48,0.73,0.171,0.096,8.17e-44,"PGAP6"
"EIF3I",5.25e-48,0.407,0.647,0.578,9.77e-44,"EIF3I"
"CERCAM",5.58e-48,0.967,0.134,0.069,1.04e-43,"CERCAM"
"TMEM248",6.01e-48,0.557,0.404,0.303,1.12e-43,"TMEM248"
"TMEM141",6.14e-48,0.72,0.244,0.157,1.14e-43,"TMEM141"
"CYP2U1",6.72e-48,0.852,0.164,0.092,1.25e-43,"CYP2U1"
"SCAND1",7.19e-48,0.374,0.672,0.604,1.34e-43,"SCAND1"
"GLT8D1",7.2e-48,0.586,0.349,0.25,1.34e-43,"GLT8D1"
"DDOST",7.83e-48,0.417,0.626,0.551,1.46e-43,"DDOST"
"KCNT2",8.89e-48,0.358,0.579,0.463,1.66e-43,"KCNT2"
"CPNE2",9.51e-48,0.52,0.449,0.351,1.77e-43,"CPNE2"
"ACSL3",1.09e-47,0.718,0.742,0.722,2.03e-43,"ACSL3"
"PNKD",1.11e-47,0.457,0.536,0.445,2.07e-43,"PNKD"
"NIPSNAP3A",1.13e-47,0.655,0.236,0.15,2.1e-43,"NIPSNAP3A"
"POP5",1.18e-47,0.567,0.37,0.271,2.19e-43,"POP5"
"TSPAN10",1.21e-47,2.053,0.053,0.015,2.24e-43,"TSPAN10"
"ACP2",1.42e-47,0.99,0.121,0.059,2.65e-43,"ACP2"
"SLC41A1",1.5e-47,0.816,0.191,0.114,2.78e-43,"SLC41A1"
"APAF1",1.58e-47,-0.499,0.366,0.456,2.94e-43,"APAF1"
"NIT2",1.6e-47,0.653,0.32,0.226,2.98e-43,"NIT2"
"DDX5",1.64e-47,-0.14,0.99,0.995,3.05e-43,"DDX5"
"TCEAL3",2.51e-47,0.485,0.521,0.43,4.67e-43,"TCEAL3"
"NCSTN",2.64e-47,0.635,0.257,0.168,4.92e-43,"NCSTN"
"AGPAT3",2.76e-47,0.47,0.51,0.413,5.13e-43,"AGPAT3"
"RSL1D1",2.88e-47,0.398,0.587,0.495,5.35e-43,"RSL1D1"
"BROX",3.25e-47,0.497,0.455,0.357,6.06e-43,"BROX"
"KRTCAP2",3.62e-47,0.399,0.683,0.623,6.75e-43,"KRTCAP2"
"CRLS1",3.64e-47,0.457,0.492,0.386,6.77e-43,"CRLS1"
"ANKRD35",3.85e-47,1.747,0.062,0.02,7.16e-43,"ANKRD35"
"TMEM59",3.87e-47,0.314,0.817,0.79,7.21e-43,"TMEM59"
"SCRN2",3.92e-47,0.941,0.141,0.075,7.3e-43,"SCRN2"
"TUBGCP3",3.92e-47,-0.481,0.466,0.54,7.3e-43,"TUBGCP3"
"MZT2A",4.06e-47,0.467,0.58,0.504,7.56e-43,"MZT2A"
"PRKAR2B",4.12e-47,-0.34,0.464,0.559,7.67e-43,"PRKAR2B"
"NDUFAB1",4.25e-47,0.312,0.816,0.792,7.92e-43,"NDUFAB1"
"TMEM30A",4.4e-47,0.433,0.534,0.44,8.19e-43,"TMEM30A"
"PARP4",4.63e-47,0.457,0.363,0.26,8.62e-43,"PARP4"
"GCAT",4.65e-47,0.796,0.141,0.074,8.65e-43,"GCAT"
"DRC1",5.14e-47,2.118,0.053,0.015,9.57e-43,"DRC1"
"DIP2C",5.16e-47,-0.15,0.919,0.944,9.61e-43,"DIP2C"
"ESD",6.27e-47,0.369,0.704,0.647,1.17e-42,"ESD"
"BBS5",6.48e-47,0.599,0.208,0.125,1.21e-42,"BBS5"
"MFGE8",6.51e-47,0.927,0.26,0.177,1.21e-42,"MFGE8"
"DUSP14",7.51e-47,0.608,0.238,0.151,1.4e-42,"DUSP14"
"RMDN3",7.69e-47,0.55,0.352,0.253,1.43e-42,"RMDN3"
"C8orf44-SGK3",8.33e-47,0.561,0.341,0.242,1.55e-42,"C8orf44-SGK3"
"TMEM223",8.67e-47,0.613,0.282,0.19,1.61e-42,"TMEM223"
"TRIM33",1.08e-46,-0.21,0.816,0.856,2.01e-42,"TRIM33"
"LHFPL4",1.18e-46,-0.428,0.149,0.239,2.19e-42,"LHFPL4"
"SNX9",1.29e-46,0.403,0.491,0.385,2.41e-42,"SNX9"
"CKS1B",1.43e-46,-0.944,0.352,0.416,2.65e-42,"CKS1B"
"ABHD17A",1.46e-46,0.489,0.409,0.307,2.72e-42,"ABHD17A"
"PLD3",1.52e-46,0.428,0.535,0.441,2.83e-42,"PLD3"
"OSCP1",1.55e-46,0.758,0.176,0.101,2.88e-42,"OSCP1"
"NCEH1",1.91e-46,1.634,0.058,0.018,3.56e-42,"NCEH1"
"POTEF",1.92e-46,-0.334,0.348,0.451,3.58e-42,"POTEF"
"TMEM144",2.01e-46,2.68,0.032,0.004,3.75e-42,"TMEM144"
"STBD1",2.08e-46,2.072,0.048,0.012,3.88e-42,"STBD1"
"EDNRB",2.1e-46,4.365,0.028,0.003,3.91e-42,"EDNRB"
"AKIRIN1",2.31e-46,0.466,0.566,0.483,4.3e-42,"AKIRIN1"
"TENM3",2.41e-46,0.149,0.552,0.428,4.49e-42,"TENM3"
"NRCAM",2.42e-46,0.289,0.777,0.671,4.51e-42,"NRCAM"
"BOLA3",2.55e-46,0.566,0.344,0.248,4.75e-42,"BOLA3"
"SMARCD3",2.61e-46,0.53,0.334,0.237,4.85e-42,"SMARCD3"
"NAA20",2.61e-46,0.45,0.545,0.453,4.85e-42,"NAA20"
"RRAGC",2.72e-46,0.508,0.391,0.291,5.07e-42,"RRAGC"
"COX5B",2.82e-46,0.321,0.851,0.853,5.25e-42,"COX5B"
"MRPS6",2.89e-46,0.421,0.631,0.561,5.38e-42,"MRPS6"
"PPIL6",2.99e-46,0.694,0.232,0.147,5.57e-42,"PPIL6"
"ERGIC2",3.05e-46,0.403,0.64,0.566,5.68e-42,"ERGIC2"
"LSAMP",3.1e-46,0.282,0.91,0.881,5.77e-42,"LSAMP"
"KIF3C",3.13e-46,-0.25,0.443,0.551,5.83e-42,"KIF3C"
"TRIM13",3.19e-46,-0.207,0.732,0.785,5.93e-42,"TRIM13"
"AHSA1",3.35e-46,0.508,0.519,0.43,6.24e-42,"AHSA1"
"MIF4GD",3.37e-46,0.693,0.236,0.151,6.26e-42,"MIF4GD"
"RABGGTB",3.54e-46,0.552,0.404,0.306,6.58e-42,"RABGGTB"
"ISCU",3.55e-46,0.515,0.522,0.436,6.6e-42,"ISCU"
"C11orf1",3.55e-46,0.841,0.122,0.06,6.61e-42,"C11orf1"
"MRPL12",3.65e-46,0.561,0.326,0.23,6.79e-42,"MRPL12"
"PDGFD",3.67e-46,0.195,0.603,0.467,6.83e-42,"PDGFD"
"PIEZO1",4.35e-46,1.477,0.071,0.026,8.09e-42,"PIEZO1"
"FAM117A",4.35e-46,0.954,0.142,0.076,8.1e-42,"FAM117A"
"TSEN34",4.36e-46,0.402,0.595,0.512,8.12e-42,"TSEN34"
"KCNIP1",4.61e-46,0.682,0.117,0.057,8.58e-42,"KCNIP1"
"HERC6",4.7e-46,2.795,0.033,0.005,8.76e-42,"HERC6"
"C14orf119",4.77e-46,0.549,0.375,0.275,8.87e-42,"C14orf119"
"MRTO4",5.19e-46,0.57,0.334,0.238,9.66e-42,"MRTO4"
"NAXE",5.39e-46,0.536,0.431,0.334,1e-41,"NAXE"
"SLC39A1",5.48e-46,0.641,0.296,0.207,1.02e-41,"SLC39A1"
"CDK2AP2",6.02e-46,0.659,0.28,0.189,1.12e-41,"CDK2AP2"
"COP1",6.34e-46,-0.2,0.889,0.912,1.18e-41,"COP1"
"CFAP300",7.16e-46,2.057,0.051,0.014,1.33e-41,"CFAP300"
"MAGED2",7.39e-46,0.401,0.73,0.686,1.37e-41,"MAGED2"
"TMEM51",7.5e-46,1.199,0.107,0.05,1.4e-41,"TMEM51"
"CHAF1A",7.78e-46,-0.737,0.167,0.251,1.45e-41,"CHAF1A"
"CCDC88B",8.3e-46,2.332,0.032,0.005,1.54e-41,"CCDC88B"
"CKAP5",8.5e-46,-0.466,0.742,0.764,1.58e-41,"CKAP5"
"ZSWIM6",9.3e-46,-0.661,0.753,0.79,1.73e-41,"ZSWIM6"
"CDC45",9.47e-46,-0.791,0.097,0.169,1.76e-41,"CDC45"
"ADGRG6",9.51e-46,2.288,0.044,0.011,1.77e-41,"ADGRG6"
"UHRF1",9.97e-46,-0.745,0.132,0.212,1.86e-41,"UHRF1"
"NAT14",1.13e-45,0.601,0.318,0.222,2.09e-41,"NAT14"
"TMEM67",1.14e-45,0.482,0.344,0.244,2.12e-41,"TMEM67"
"UGP2",1.14e-45,0.549,0.601,0.535,2.12e-41,"UGP2"
"KIF21B",1.18e-45,-0.357,0.245,0.349,2.2e-41,"KIF21B"
"COG2",1.22e-45,0.578,0.298,0.205,2.27e-41,"COG2"
"ZSCAN30",1.32e-45,0.691,0.262,0.174,2.46e-41,"ZSCAN30"
"SOS2",1.36e-45,-0.284,0.772,0.809,2.54e-41,"SOS2"
"TAP1",1.37e-45,0.93,0.136,0.072,2.55e-41,"TAP1"
"TMEM165",1.39e-45,0.361,0.721,0.661,2.59e-41,"TMEM165"
"GPR39",1.41e-45,1.956,0.052,0.015,2.63e-41,"GPR39"
"DDX54",1.42e-45,0.742,0.236,0.152,2.65e-41,"DDX54"
"PIM1",1.44e-45,-0.869,0.109,0.181,2.69e-41,"PIM1"
"UPP1",1.63e-45,1.56,0.06,0.019,3.04e-41,"UPP1"
"RPP25L",1.72e-45,0.745,0.16,0.089,3.21e-41,"RPP25L"
"AP3B2",1.88e-45,-0.387,0.295,0.397,3.49e-41,"AP3B2"
"TSC22D3",2.03e-45,0.514,0.309,0.212,3.77e-41,"TSC22D3"
"C1orf198",2.09e-45,0.805,0.211,0.132,3.89e-41,"C1orf198"
"PRIM1",2.28e-45,-0.499,0.238,0.332,4.25e-41,"PRIM1"
"ATP6V1E2",2.32e-45,0.928,0.121,0.061,4.32e-41,"ATP6V1E2"
"MSH2",2.42e-45,-0.339,0.607,0.677,4.5e-41,"MSH2"
"TEX9",2.44e-45,0.506,0.46,0.357,4.54e-41,"TEX9"
"AARS1",2.65e-45,0.66,0.347,0.252,4.93e-41,"AARS1"
"SLC4A2",2.84e-45,0.858,0.179,0.106,5.29e-41,"SLC4A2"
"ENO4",2.91e-45,-0.769,0.298,0.377,5.41e-41,"ENO4"
"NDUFS5",2.96e-45,0.266,0.898,0.911,5.51e-41,"NDUFS5"
"SESN2",3.02e-45,0.927,0.164,0.094,5.62e-41,"SESN2"
"ARHGEF10L",3.04e-45,0.686,0.341,0.248,5.66e-41,"ARHGEF10L"
"ELK4",3.18e-45,0.557,0.417,0.322,5.92e-41,"ELK4"
"TENT4A",3.19e-45,-0.429,0.389,0.474,5.94e-41,"TENT4A"
"CCL2",3.41e-45,1.671,0.039,0.008,6.34e-41,"CCL2"
"COPS7A",3.58e-45,0.629,0.246,0.16,6.66e-41,"COPS7A"
"CSRNP1",3.66e-45,2.051,0.045,0.011,6.82e-41,"CSRNP1"
"EIF3K",3.81e-45,0.295,0.798,0.771,7.08e-41,"EIF3K"
"GBE1",3.84e-45,0.537,0.331,0.233,7.14e-41,"GBE1"
"GPR161",4.57e-45,-0.325,0.435,0.531,8.51e-41,"GPR161"
"UQCR11",5.25e-45,0.32,0.787,0.766,9.76e-41,"UQCR11"
"DDIT4L",5.37e-45,3.986,0.027,0.003,9.99e-41,"DDIT4L"
"HNRNPH1",5.53e-45,-0.181,0.868,0.899,1.03e-40,"HNRNPH1"
"NCAPD3",5.61e-45,-0.532,0.371,0.453,1.04e-40,"NCAPD3"
"SLC22A5",6e-45,1.284,0.073,0.027,1.12e-40,"SLC22A5"
"TMEM158",6.12e-45,0.722,0.456,0.37,1.14e-40,"TMEM158"
"CLDND1",6.34e-45,0.456,0.547,0.463,1.18e-40,"CLDND1"
"LMO4",6.39e-45,-0.259,0.813,0.751,1.19e-40,"LMO4"
"PEAK1",6.51e-45,0.35,0.551,0.445,1.21e-40,"PEAK1"
"MYC",6.78e-45,1.301,0.079,0.032,1.26e-40,"MYC"
"CCDC170",6.85e-45,2.244,0.038,0.007,1.27e-40,"CCDC170"
"PLAGL1",7.07e-45,0.531,0.318,0.223,1.32e-40,"PLAGL1"
"MT-ND4L",7.5e-45,0.438,0.636,0.57,1.4e-40,"MT-ND4L"
"ZDHHC21",7.78e-45,0.369,0.648,0.565,1.45e-40,"ZDHHC21"
"ORMDL1",8.04e-45,0.367,0.712,0.655,1.5e-40,"ORMDL1"
"A2ML1",8.25e-45,1.789,0.05,0.014,1.54e-40,"A2ML1"
"SNU13",8.81e-45,0.329,0.754,0.711,1.64e-40,"SNU13"
"RAB18",9.03e-45,0.283,0.756,0.703,1.68e-40,"RAB18"
"IFT22",9.12e-45,0.519,0.402,0.305,1.7e-40,"IFT22"
"GET3",9.14e-45,0.494,0.446,0.351,1.7e-40,"GET3"
"WDHD1",1.03e-44,-0.636,0.247,0.336,1.92e-40,"WDHD1"
"SPTAN1",1.13e-44,0.31,0.81,0.775,2.1e-40,"SPTAN1"
"ANKRD42",1.15e-44,0.771,0.146,0.079,2.13e-40,"ANKRD42"
"POLA1",1.23e-44,-0.522,0.551,0.615,2.3e-40,"POLA1"
"CCDC25",1.32e-44,0.513,0.407,0.312,2.46e-40,"CCDC25"
"KLHL4",1.42e-44,0.296,0.467,0.359,2.65e-40,"KLHL4"
"PSMD10",1.46e-44,0.428,0.598,0.52,2.72e-40,"PSMD10"
"UBE2J1",1.58e-44,0.506,0.53,0.439,2.95e-40,"UBE2J1"
"MYL6",1.6e-44,0.279,0.969,0.979,2.97e-40,"MYL6"
"SNAI3",1.78e-44,1.125,0.085,0.036,3.3e-40,"SNAI3"
"IQUB",1.84e-44,1.25,0.082,0.034,3.42e-40,"IQUB"
"GSTO1",1.98e-44,0.601,0.367,0.277,3.68e-40,"GSTO1"
"NDFIP2",2.02e-44,0.468,0.337,0.239,3.76e-40,"NDFIP2"
"ZNF302",2.14e-44,0.407,0.674,0.599,3.98e-40,"ZNF302"
"CLCN4",2.18e-44,0.817,0.109,0.052,4.05e-40,"CLCN4"
"EPS8",2.44e-44,0.387,0.647,0.564,4.55e-40,"EPS8"
"CA1",2.5e-44,1.759,0.05,0.014,4.65e-40,"CA1"
"ERGIC1",2.52e-44,0.478,0.389,0.289,4.69e-40,"ERGIC1"
"AGRN",2.53e-44,0.766,0.154,0.085,4.71e-40,"AGRN"
"GTF2H3",2.57e-44,0.521,0.402,0.305,4.78e-40,"GTF2H3"
"CNDP2",2.76e-44,0.61,0.305,0.215,5.13e-40,"CNDP2"
"PARP11",2.84e-44,-0.347,0.525,0.604,5.29e-40,"PARP11"
"WDR45B",3.05e-44,0.487,0.558,0.476,5.68e-40,"WDR45B"
"SEMA5B",3.06e-44,0.502,0.539,0.446,5.69e-40,"SEMA5B"
"SEPTIN8",3.13e-44,0.578,0.298,0.206,5.83e-40,"SEPTIN8"
"PRPS1",3.35e-44,0.562,0.502,0.415,6.23e-40,"PRPS1"
"RAB38",3.42e-44,1.854,0.048,0.013,6.37e-40,"RAB38"
"TOLLIP",3.64e-44,0.593,0.271,0.181,6.77e-40,"TOLLIP"
"P4HB",3.64e-44,0.541,0.423,0.329,6.78e-40,"P4HB"
"RNF220",3.68e-44,0.968,0.259,0.178,6.85e-40,"RNF220"
"RMDN1",3.91e-44,0.45,0.488,0.39,7.29e-40,"RMDN1"
"RFTN2",3.93e-44,0.42,0.664,0.567,7.31e-40,"RFTN2"
"DENND6B",3.94e-44,0.623,0.204,0.124,7.33e-40,"DENND6B"
"ATP5PF",4.02e-44,0.219,0.935,0.941,7.48e-40,"ATP5PF"
"C20orf96",4.03e-44,0.664,0.267,0.18,7.51e-40,"C20orf96"
"IGSF8",4.1e-44,0.532,0.251,0.163,7.63e-40,"IGSF8"
"EFHD1",4.13e-44,1.023,0.148,0.083,7.68e-40,"EFHD1"
"FAM174C",5.09e-44,0.58,0.226,0.143,9.48e-40,"FAM174C"
"CCN3",5.39e-44,3.082,0.032,0.005,1e-39,"CCN3"
"GPD2",5.43e-44,0.656,0.2,0.123,1.01e-39,"GPD2"
"NSD3",5.68e-44,-0.171,0.919,0.943,1.06e-39,"NSD3"
"SLC25A4",5.75e-44,0.414,0.657,0.587,1.07e-39,"SLC25A4"
"GLTP",5.79e-44,0.559,0.386,0.292,1.08e-39,"GLTP"
"TTLL4",5.92e-44,0.823,0.183,0.11,1.1e-39,"TTLL4"
"NECAB3",5.95e-44,1.109,0.096,0.044,1.11e-39,"NECAB3"
"FAM120C",6.31e-44,0.496,0.36,0.263,1.18e-39,"FAM120C"
"CASP3",6.44e-44,0.581,0.492,0.408,1.2e-39,"CASP3"
"SERTAD1",6.77e-44,0.987,0.124,0.064,1.26e-39,"SERTAD1"
"SALL3",6.81e-44,0.495,0.419,0.32,1.27e-39,"SALL3"
"HNRNPAB",6.82e-44,-0.29,0.711,0.77,1.27e-39,"HNRNPAB"
"HMGCL",6.88e-44,0.649,0.194,0.118,1.28e-39,"HMGCL"
"DIPK1B",6.9e-44,0.554,0.288,0.198,1.28e-39,"DIPK1B"
"TIMP4",7.06e-44,3.721,0.029,0.003,1.31e-39,"TIMP4"
"ACSS1",7.09e-44,1.119,0.1,0.046,1.32e-39,"ACSS1"
"VSTM4",7.57e-44,1.194,0.093,0.042,1.41e-39,"VSTM4"
"KNTC1",7.66e-44,-0.644,0.215,0.3,1.43e-39,"KNTC1"
"DLG2",7.68e-44,0.249,0.837,0.781,1.43e-39,"DLG2"
"URB1",8.12e-44,0.717,0.173,0.101,1.51e-39,"URB1"
"SLITRK1",8.4e-44,-1.346,0.027,0.073,1.56e-39,"SLITRK1"
"HPS1",8.55e-44,1.025,0.116,0.058,1.59e-39,"HPS1"
"CCP110",9.03e-44,-0.367,0.446,0.528,1.68e-39,"CCP110"
"TAGLN",9.23e-44,2.813,0.052,0.016,1.72e-39,"TAGLN"
"POC1A",1.01e-43,-0.859,0.104,0.175,1.88e-39,"POC1A"
"STRBP",1.05e-43,-0.241,0.706,0.764,1.96e-39,"STRBP"
"TOB1",1.1e-43,0.66,0.342,0.252,2.04e-39,"TOB1"
"MYOM1",1.11e-43,1.958,0.044,0.011,2.07e-39,"MYOM1"
"NEK2",1.23e-43,-1.09,0.075,0.139,2.3e-39,"NEK2"
"DDRGK1",1.4e-43,0.541,0.349,0.254,2.61e-39,"DDRGK1"
"TET3",1.46e-43,-0.238,0.683,0.754,2.71e-39,"TET3"
"AKAP9",1.49e-43,-0.226,0.897,0.929,2.77e-39,"AKAP9"
"SNX17",1.52e-43,0.536,0.365,0.271,2.84e-39,"SNX17"
"FPGT",1.54e-43,1.427,0.073,0.029,2.87e-39,"FPGT"
"TCTN3",1.57e-43,0.441,0.34,0.242,2.91e-39,"TCTN3"
"SMPD1",1.61e-43,0.753,0.107,0.051,3e-39,"SMPD1"
"EXTL2",1.62e-43,0.542,0.394,0.299,3.02e-39,"EXTL2"
"GDAP1L1",1.66e-43,-0.334,0.264,0.369,3.09e-39,"GDAP1L1"
"PDLIM7",1.66e-43,0.69,0.298,0.212,3.1e-39,"PDLIM7"
"S100A11",1.74e-43,2.757,0.032,0.005,3.23e-39,"S100A11"
"PHF6",1.77e-43,-0.193,0.886,0.909,3.29e-39,"PHF6"
"SIX3",1.77e-43,-0.929,0.267,0.172,3.29e-39,"SIX3"
"DTX3L",1.83e-43,1.14,0.11,0.054,3.4e-39,"DTX3L"
"TRIM22",1.84e-43,1.244,0.082,0.035,3.43e-39,"TRIM22"
"PLK1",1.91e-43,-1.032,0.093,0.16,3.55e-39,"PLK1"
"DMWD",1.96e-43,0.58,0.318,0.226,3.65e-39,"DMWD"
"ENSG00000284686",2.19e-43,0.534,0.2,0.122,4.07e-39,"ENSG00000284686"
"ALDH1A2",2.27e-43,2.036,0.037,0.008,4.22e-39,"ALDH1A2"
"HES4",2.28e-43,0.704,0.449,0.365,4.24e-39,"HES4"
"CCDC136",2.49e-43,0.613,0.329,0.237,4.64e-39,"CCDC136"
"OTX1",2.51e-43,1.556,0.064,0.023,4.67e-39,"OTX1"
"SCO2",2.83e-43,0.659,0.133,0.07,5.27e-39,"SCO2"
"CFAP53",3.56e-43,1.006,0.088,0.038,6.63e-39,"CFAP53"
"UQCRQ",3.67e-43,0.287,0.834,0.826,6.83e-39,"UQCRQ"
"MYCBP2",3.69e-43,-0.119,0.93,0.953,6.86e-39,"MYCBP2"
"ZNF93",3.7e-43,-0.482,0.288,0.376,6.88e-39,"ZNF93"
"DOCK7",3.85e-43,0.318,0.906,0.895,7.16e-39,"DOCK7"
"ZNF487",3.88e-43,0.751,0.143,0.078,7.22e-39,"ZNF487"
"RASA3",4.31e-43,0.612,0.217,0.138,8.02e-39,"RASA3"
"VWA5A",4.4e-43,1.047,0.092,0.041,8.19e-39,"VWA5A"
"GPRIN1",4.52e-43,-0.538,0.104,0.178,8.41e-39,"GPRIN1"
"ATL1",4.52e-43,-0.249,0.558,0.639,8.42e-39,"ATL1"
"TTC7A",4.57e-43,0.581,0.244,0.159,8.5e-39,"TTC7A"
"NASP",4.62e-43,-0.367,0.863,0.879,8.6e-39,"NASP"
"NWD1",4.75e-43,2.182,0.035,0.006,8.85e-39,"NWD1"
"TBL1XR1",4.77e-43,-0.193,0.926,0.936,8.87e-39,"TBL1XR1"
"ELOVL5",4.79e-43,0.491,0.547,0.467,8.91e-39,"ELOVL5"
"HMMR",5.02e-43,-0.691,0.114,0.187,9.35e-39,"HMMR"
"MRPL27",5.03e-43,0.435,0.513,0.425,9.36e-39,"MRPL27"
"MTMR11",5.46e-43,1.632,0.056,0.018,1.02e-38,"MTMR11"
"IGDCC4",5.58e-43,0.63,0.281,0.194,1.04e-38,"IGDCC4"
"UBXN11",5.71e-43,0.997,0.115,0.058,1.06e-38,"UBXN11"
"SDF4",7.23e-43,0.536,0.369,0.275,1.35e-38,"SDF4"
"MID1",7.58e-43,0.163,0.477,0.36,1.41e-38,"MID1"
"MGAM",8.4e-43,1.399,0.067,0.025,1.56e-38,"MGAM"
"KIF5C",9.1e-43,0.319,0.881,0.855,1.69e-38,"KIF5C"
"SULT1A1",9.82e-43,3.636,0.026,0.003,1.83e-38,"SULT1A1"
"GSTZ1",1e-42,0.721,0.187,0.114,1.87e-38,"GSTZ1"
"TLE4",1.03e-42,-0.619,0.254,0.163,1.91e-38,"TLE4"
"CC2D2B",1.07e-42,2.045,0.044,0.011,1.99e-38,"CC2D2B"
"EPS15",1.08e-42,0.424,0.535,0.441,2.01e-38,"EPS15"
"PPP1R1C",1.11e-42,1.358,0.062,0.022,2.06e-38,"PPP1R1C"
"MECR",1.19e-42,0.632,0.213,0.134,2.21e-38,"MECR"
"FAM53C",1.26e-42,0.692,0.287,0.201,2.35e-38,"FAM53C"
"IFI16",1.34e-42,0.987,0.185,0.114,2.49e-38,"IFI16"
"PLAT",1.43e-42,1.171,0.077,0.031,2.66e-38,"PLAT"
"COMT",1.44e-42,1.237,0.074,0.029,2.68e-38,"COMT"
"PRAF2",1.49e-42,0.588,0.254,0.17,2.77e-38,"PRAF2"
"NBR1",1.67e-42,0.508,0.43,0.334,3.11e-38,"NBR1"
"KCNH8",1.69e-42,-0.209,0.443,0.55,3.15e-38,"KCNH8"
"NRARP",1.71e-42,0.718,0.277,0.194,3.19e-38,"NRARP"
"FBXW9",1.83e-42,0.867,0.122,0.063,3.41e-38,"FBXW9"
"RENBP",1.84e-42,1.071,0.095,0.043,3.43e-38,"RENBP"
"SOX3",1.92e-42,1.575,0.049,0.014,3.58e-38,"SOX3"
"TNRC6B",2.01e-42,0.235,0.934,0.915,3.74e-38,"TNRC6B"
"SENP7",2.2e-42,-0.21,0.831,0.872,4.09e-38,"SENP7"
"NT5C3A",2.46e-42,-0.323,0.596,0.661,4.58e-38,"NT5C3A"
"HAUS8",2.51e-42,-0.655,0.159,0.237,4.67e-38,"HAUS8"
"SH3GLB1",2.87e-42,0.326,0.708,0.645,5.35e-38,"SH3GLB1"
"MANSC1",2.88e-42,1.381,0.062,0.022,5.35e-38,"MANSC1"
"MYDGF",2.98e-42,0.493,0.485,0.4,5.54e-38,"MYDGF"
"JAGN1",2.99e-42,0.498,0.329,0.236,5.57e-38,"JAGN1"
"KLHL21",3.01e-42,0.935,0.149,0.084,5.6e-38,"KLHL21"
"PTGES2",3.07e-42,0.536,0.274,0.185,5.71e-38,"PTGES2"
"HDHD3",3.16e-42,0.892,0.123,0.064,5.89e-38,"HDHD3"
"STX12",3.3e-42,0.352,0.661,0.581,6.13e-38,"STX12"
"NDUFV1",3.35e-42,0.441,0.535,0.45,6.24e-38,"NDUFV1"
"ELAPOR2",3.53e-42,-0.239,0.69,0.759,6.57e-38,"ELAPOR2"
"KLF13",3.63e-42,-0.31,0.533,0.613,6.76e-38,"KLF13"
"PIGZ",3.76e-42,0.806,0.116,0.058,7e-38,"PIGZ"
"QTRT1",3.79e-42,0.519,0.278,0.188,7.06e-38,"QTRT1"
"MMP24OS",3.81e-42,0.453,0.361,0.263,7.08e-38,"MMP24OS"
"THBS4",3.94e-42,0.688,0.195,0.12,7.34e-38,"THBS4"
"CSNK1A1",4.21e-42,0.226,0.944,0.94,7.84e-38,"CSNK1A1"
"CDIN1",4.24e-42,0.335,0.365,0.262,7.89e-38,"CDIN1"
"CLPX",4.29e-42,0.476,0.465,0.368,7.99e-38,"CLPX"
"C3orf70",4.34e-42,0.716,0.344,0.256,8.07e-38,"C3orf70"
"TAGLN3",4.46e-42,-0.149,0.564,0.686,8.3e-38,"TAGLN3"
"ABCB6",4.81e-42,0.854,0.142,0.078,8.96e-38,"ABCB6"
"RELA",4.94e-42,0.628,0.224,0.144,9.2e-38,"RELA"
"TMEM101",5.15e-42,0.709,0.165,0.096,9.59e-38,"TMEM101"
"VKORC1",5.48e-42,0.471,0.474,0.383,1.02e-37,"VKORC1"
"DNMBP",5.49e-42,0.66,0.244,0.162,1.02e-37,"DNMBP"
"AGL",5.64e-42,0.512,0.502,0.41,1.05e-37,"AGL"
"PDZD11",5.71e-42,0.485,0.415,0.321,1.06e-37,"PDZD11"
"ZNF584",5.79e-42,0.705,0.186,0.113,1.08e-37,"ZNF584"
"ARID1A",6.05e-42,-0.212,0.84,0.867,1.13e-37,"ARID1A"
"GTDC1",6.17e-42,-0.394,0.636,0.682,1.15e-37,"GTDC1"
"NSG2",6.23e-42,-0.235,0.401,0.519,1.16e-37,"NSG2"
"FAS",6.27e-42,1.616,0.079,0.033,1.17e-37,"FAS"
"DPF1",6.35e-42,-0.394,0.285,0.378,1.18e-37,"DPF1"
"LURAP1L",6.89e-42,1.313,0.051,0.015,1.28e-37,"LURAP1L"
"CCDC184",8.37e-42,0.513,0.112,0.054,1.56e-37,"CCDC184"
"PGAM1",8.88e-42,0.377,0.714,0.671,1.65e-37,"PGAM1"
"ARID2",8.99e-42,-0.204,0.851,0.873,1.67e-37,"ARID2"
"THEM4",9.19e-42,0.864,0.152,0.086,1.71e-37,"THEM4"
"CHCHD5",9.31e-42,0.654,0.26,0.177,1.73e-37,"CHCHD5"
"MED13L",9.35e-42,-0.196,0.928,0.942,1.74e-37,"MED13L"
"SIAH1",9.69e-42,-0.242,0.662,0.729,1.8e-37,"SIAH1"
"GNAL",1.01e-41,0.495,0.263,0.175,1.88e-37,"GNAL"
"STARD9",1.09e-41,-0.382,0.438,0.519,2.02e-37,"STARD9"
"ANP32B",1.1e-41,-0.39,0.652,0.69,2.04e-37,"ANP32B"
"DYNC1I2",1.18e-41,-0.264,0.937,0.958,2.19e-37,"DYNC1I2"
"RNFT1",1.32e-41,0.603,0.251,0.167,2.45e-37,"RNFT1"
"TRIB2",1.33e-41,0.465,0.304,0.216,2.48e-37,"TRIB2"
"INPPL1",1.36e-41,0.892,0.157,0.091,2.53e-37,"INPPL1"
"SLC25A21",1.4e-41,0.525,0.144,0.08,2.6e-37,"SLC25A21"
"EIF3J",1.41e-41,0.39,0.619,0.555,2.63e-37,"EIF3J"
"CCDC149",1.58e-41,0.601,0.188,0.114,2.95e-37,"CCDC149"
"MIEF1",1.68e-41,0.519,0.281,0.193,3.12e-37,"MIEF1"
"NOL3",1.68e-41,0.934,0.134,0.073,3.13e-37,"NOL3"
"NSG1",1.9e-41,-0.422,0.224,0.319,3.53e-37,"NSG1"
"RNF6",1.9e-41,0.603,0.244,0.161,3.54e-37,"RNF6"
"RHBDL2",1.91e-41,0.829,0.197,0.122,3.55e-37,"RHBDL2"
"ZNF726",1.96e-41,-0.729,0.124,0.196,3.65e-37,"ZNF726"
"MRPS18B",1.96e-41,0.473,0.318,0.223,3.65e-37,"MRPS18B"
"PIK3IP1",1.96e-41,0.799,0.121,0.062,3.65e-37,"PIK3IP1"
"RYR3",2.01e-41,1.542,0.154,0.09,3.75e-37,"RYR3"
"CCDC102A",2.05e-41,1.649,0.056,0.019,3.81e-37,"CCDC102A"
"APBB2",2.11e-41,0.483,0.499,0.412,3.92e-37,"APBB2"
"DDX60",2.4e-41,1.09,0.096,0.045,4.46e-37,"DDX60"
"RFX7",2.52e-41,-0.166,0.886,0.914,4.69e-37,"RFX7"
"IDH1",2.69e-41,0.442,0.607,0.537,5e-37,"IDH1"
"HNRNPA1L3",2.74e-41,-0.413,0.373,0.459,5.1e-37,"HNRNPA1L3"
"MRPL16",2.78e-41,0.495,0.391,0.295,5.17e-37,"MRPL16"
"GLB1",2.81e-41,0.515,0.405,0.31,5.24e-37,"GLB1"
"CISD3",3.03e-41,0.836,0.145,0.081,5.63e-37,"CISD3"
"FAM117B",3.14e-41,-0.276,0.604,0.684,5.85e-37,"FAM117B"
"TMEM185B",3.15e-41,0.933,0.121,0.063,5.86e-37,"TMEM185B"
"METTL7A",3.59e-41,0.643,0.27,0.189,6.68e-37,"METTL7A"
"RPS24",3.65e-41,0.218,0.986,0.993,6.8e-37,"RPS24"
"SLC25A37",3.69e-41,0.445,0.401,0.303,6.87e-37,"SLC25A37"
"ADIPOR1",3.7e-41,0.457,0.487,0.4,6.89e-37,"ADIPOR1"
"IRF1",3.72e-41,0.943,0.153,0.088,6.92e-37,"IRF1"
"SMIM7",3.78e-41,0.407,0.618,0.544,7.04e-37,"SMIM7"
"TSPAN12",3.99e-41,0.788,0.183,0.112,7.42e-37,"TSPAN12"
"EMSY",4.09e-41,-0.304,0.567,0.642,7.6e-37,"EMSY"
"KIAA1217",4.2e-41,0.721,0.133,0.072,7.83e-37,"KIAA1217"
"AMBN",4.54e-41,-1.948,0.011,0.045,8.46e-37,"AMBN"
"GAS8",4.65e-41,0.994,0.088,0.039,8.66e-37,"GAS8"
"MOCOS",4.71e-41,1.498,0.057,0.019,8.77e-37,"MOCOS"
"CEP126",4.79e-41,0.499,0.212,0.134,8.91e-37,"CEP126"
"H2AJ",4.88e-41,0.907,0.149,0.085,9.08e-37,"H2AJ"
"SP8",5.25e-41,-0.319,0.139,0.221,9.77e-37,"SP8"
"PIF1",5.35e-41,-0.967,0.05,0.104,9.95e-37,"PIF1"
"PTRH1",5.36e-41,0.719,0.197,0.123,9.98e-37,"PTRH1"
"HEBP2",5.37e-41,0.485,0.381,0.287,1e-36,"HEBP2"
"MAP2K2",5.66e-41,0.403,0.589,0.518,1.05e-36,"MAP2K2"
"MCM8",5.89e-41,-0.703,0.159,0.236,1.1e-36,"MCM8"
"MTMR7",5.9e-41,-0.343,0.235,0.33,1.1e-36,"MTMR7"
"CDKL2",6.05e-41,0.717,0.148,0.084,1.13e-36,"CDKL2"
"C3orf33",6.26e-41,0.754,0.157,0.091,1.17e-36,"C3orf33"
"NMI",6.31e-41,3.295,0.026,0.003,1.17e-36,"NMI"
"SRPRB",6.33e-41,0.607,0.203,0.128,1.18e-36,"SRPRB"
"TXNDC16",6.57e-41,-0.422,0.391,0.477,1.22e-36,"TXNDC16"
"GABRB3",6.99e-41,-0.571,0.337,0.42,1.3e-36,"GABRB3"
"PKMYT1",7.7e-41,-1.034,0.061,0.118,1.43e-36,"PKMYT1"
"MRPL50",7.95e-41,0.501,0.386,0.293,1.48e-36,"MRPL50"
"IL17RC",8.87e-41,1.799,0.052,0.016,1.65e-36,"IL17RC"
"NEIL1",9.02e-41,0.788,0.114,0.058,1.68e-36,"NEIL1"
"TUBA1C",9.08e-41,-0.792,0.175,0.254,1.69e-36,"TUBA1C"
"TMEM135",9.35e-41,0.332,0.608,0.511,1.74e-36,"TMEM135"
"MAGEH1",9.49e-41,0.496,0.539,0.455,1.77e-36,"MAGEH1"
"ACO2",1e-40,0.423,0.604,0.534,1.87e-36,"ACO2"
"ZRANB2",1.01e-40,0.34,0.782,0.731,1.88e-36,"ZRANB2"
"EIF4E3",1.04e-40,1.032,0.09,0.041,1.93e-36,"EIF4E3"
"TMEM80",1.05e-40,0.639,0.237,0.157,1.96e-36,"TMEM80"
"DNAJB14",1.06e-40,0.285,0.63,0.541,1.97e-36,"DNAJB14"
"UNC79",1.14e-40,-0.343,0.395,0.49,2.12e-36,"UNC79"
"LGALSL",1.15e-40,0.544,0.185,0.112,2.14e-36,"LGALSL"
"ACYP1",1.17e-40,-0.468,0.371,0.455,2.18e-36,"ACYP1"
"SHISA5",1.21e-40,0.543,0.341,0.253,2.25e-36,"SHISA5"
"ATP6V0D1",1.21e-40,0.448,0.451,0.355,2.25e-36,"ATP6V0D1"
"M6PR",1.25e-40,0.517,0.386,0.295,2.32e-36,"M6PR"
"VASH2",1.25e-40,-0.496,0.138,0.218,2.33e-36,"VASH2"
"TPM1",1.29e-40,0.436,0.519,0.423,2.41e-36,"TPM1"
"SPATS2",1.39e-40,-0.17,0.826,0.866,2.59e-36,"SPATS2"
"ZNF862",1.46e-40,0.529,0.423,0.33,2.71e-36,"ZNF862"
"PDCD10",1.5e-40,0.377,0.568,0.48,2.79e-36,"PDCD10"
"EML1",1.5e-40,0.593,0.292,0.205,2.79e-36,"EML1"
"LAMTOR3",1.54e-40,0.388,0.531,0.438,2.87e-36,"LAMTOR3"
"APOL2",1.86e-40,1.301,0.076,0.032,3.46e-36,"APOL2"
"DPYD",1.93e-40,-1.455,0.247,0.315,3.59e-36,"DPYD"
"SNX21",1.98e-40,0.839,0.129,0.069,3.68e-36,"SNX21"
"SETBP1",2.14e-40,-0.129,0.957,0.977,3.98e-36,"SETBP1"
"EXOC6B",2.16e-40,-0.171,0.928,0.947,4.03e-36,"EXOC6B"
"MAPRE1",2.2e-40,0.38,0.635,0.576,4.1e-36,"MAPRE1"
"GLYATL2",2.57e-40,-0.641,0.354,0.43,4.79e-36,"GLYATL2"
"ATP6V0E2",2.65e-40,0.423,0.579,0.502,4.94e-36,"ATP6V0E2"
"PGM2",2.73e-40,0.633,0.208,0.132,5.08e-36,"PGM2"
"SELENON",2.79e-40,0.622,0.261,0.18,5.19e-36,"SELENON"
"FAM102B",2.84e-40,-0.52,0.311,0.393,5.28e-36,"FAM102B"
"CMTM6",2.86e-40,0.435,0.495,0.405,5.32e-36,"CMTM6"
"SCRIB",3.37e-40,0.741,0.214,0.139,6.27e-36,"SCRIB"
"RNF217",3.4e-40,0.451,0.274,0.187,6.34e-36,"RNF217"
"C7orf50",3.55e-40,0.395,0.599,0.531,6.61e-36,"C7orf50"
"GMPR2",3.74e-40,0.609,0.251,0.17,6.96e-36,"GMPR2"
"C16orf89",3.76e-40,3.105,0.026,0.003,7e-36,"C16orf89"
"GNB2",3.82e-40,0.316,0.767,0.742,7.12e-36,"GNB2"
"SPP1",4.06e-40,0.752,0.049,0.015,7.56e-36,"SPP1"
"RTN4",4.13e-40,-0.123,0.989,0.996,7.69e-36,"RTN4"
"ABCD2",4.22e-40,0.596,0.255,0.173,7.85e-36,"ABCD2"
"TCF20",4.29e-40,-0.187,0.586,0.672,7.99e-36,"TCF20"
"GABRA3",4.37e-40,0.996,0.112,0.058,8.14e-36,"GABRA3"
"GATD3",4.52e-40,0.642,0.204,0.129,8.41e-36,"GATD3"
"EBPL",4.57e-40,0.389,0.564,0.472,8.51e-36,"EBPL"
"YBX1",4.72e-40,-0.112,0.987,0.995,8.78e-36,"YBX1"
"TSPAN33",4.76e-40,1.026,0.098,0.047,8.85e-36,"TSPAN33"
"LIMD2",5.25e-40,-0.461,0.156,0.236,9.77e-36,"LIMD2"
"UBE2H",5.37e-40,0.246,0.898,0.87,1e-35,"UBE2H"
"DEXI",5.69e-40,0.565,0.248,0.166,1.06e-35,"DEXI"
"TOMM7",6e-40,0.244,0.889,0.9,1.12e-35,"TOMM7"
"ISG15",6.08e-40,1.073,0.123,0.066,1.13e-35,"ISG15"
"SRSF2",6.14e-40,-0.325,0.749,0.79,1.14e-35,"SRSF2"
"LATS2",6.26e-40,0.688,0.172,0.104,1.17e-35,"LATS2"
"AUP1",6.28e-40,0.513,0.366,0.277,1.17e-35,"AUP1"
"CTSO",6.62e-40,1.972,0.037,0.008,1.23e-35,"CTSO"
"ZBTB4",6.66e-40,0.492,0.362,0.269,1.24e-35,"ZBTB4"
"FBXO30",7.05e-40,0.49,0.427,0.333,1.31e-35,"FBXO30"
"PLEKHH3",7.23e-40,0.624,0.217,0.139,1.35e-35,"PLEKHH3"
"TAX1BP1",7.92e-40,0.269,0.853,0.822,1.47e-35,"TAX1BP1"
"COL5A3",8.19e-40,2.116,0.035,0.007,1.53e-35,"COL5A3"
"FUNDC1",8.23e-40,0.55,0.352,0.263,1.53e-35,"FUNDC1"
"KPNA2",8.79e-40,-1.023,0.418,0.475,1.64e-35,"KPNA2"
"NEGR1",8.98e-40,-0.153,0.571,0.451,1.67e-35,"NEGR1"
"EPC2",9.66e-40,-0.267,0.719,0.773,1.8e-35,"EPC2"
"CCDC18",9.78e-40,-0.666,0.275,0.352,1.82e-35,"CCDC18"
"H4C4",1.03e-39,-1.513,0.028,0.07,1.92e-35,"H4C4"
"COPS8",1.1e-39,0.397,0.599,0.526,2.04e-35,"COPS8"
"ARPIN",1.19e-39,0.682,0.2,0.127,2.22e-35,"ARPIN"
"AHCY",1.27e-39,0.591,0.263,0.181,2.37e-35,"AHCY"
"H2BC17",1.3e-39,-1.715,0.017,0.055,2.42e-35,"H2BC17"
"ALKBH7",1.39e-39,0.41,0.56,0.484,2.58e-35,"ALKBH7"
"TRAPPC1",1.42e-39,0.335,0.672,0.615,2.64e-35,"TRAPPC1"
"ZNF19",1.63e-39,0.834,0.15,0.087,3.04e-35,"ZNF19"
"C11orf58",1.67e-39,0.221,0.921,0.913,3.11e-35,"C11orf58"
"AKAP12",1.72e-39,0.619,0.433,0.345,3.19e-35,"AKAP12"
"HSPA4",1.94e-39,0.342,0.684,0.627,3.61e-35,"HSPA4"
"ECPAS",2e-39,0.366,0.518,0.421,3.72e-35,"ECPAS"
"SPACA9",2.06e-39,0.831,0.124,0.066,3.84e-35,"SPACA9"
"ZNRF1",2.07e-39,-0.223,0.698,0.758,3.85e-35,"ZNRF1"
"FNBP1",2.09e-39,0.376,0.7,0.631,3.89e-35,"FNBP1"
"KCND2",2.17e-39,0.19,0.152,0.087,4.03e-35,"KCND2"
"DDX39A",2.28e-39,-0.442,0.313,0.397,4.25e-35,"DDX39A"
"PIH1D1",2.42e-39,0.445,0.442,0.35,4.5e-35,"PIH1D1"
"ZNF124",2.45e-39,-0.331,0.374,0.467,4.55e-35,"ZNF124"
"C1R",2.47e-39,2.014,0.044,0.012,4.6e-35,"C1R"
"LRSAM1",2.49e-39,0.567,0.273,0.189,4.63e-35,"LRSAM1"
"CTCF",2.72e-39,-0.282,0.645,0.698,5.06e-35,"CTCF"
"PHTF2",2.87e-39,-0.326,0.639,0.687,5.35e-35,"PHTF2"
"HM13",2.91e-39,0.416,0.489,0.397,5.42e-35,"HM13"
"ENSG00000280649",3.19e-39,2.151,0.039,0.01,5.94e-35,"ENSG00000280649"
"VXN",3.69e-39,1.205,0.059,0.021,6.86e-35,"VXN"
"OLIG1",3.74e-39,0.891,0.308,0.222,6.96e-35,"OLIG1"
"ATP5IF1",4.73e-39,0.328,0.734,0.701,8.8e-35,"ATP5IF1"
"NUMA1",4.96e-39,-0.265,0.585,0.648,9.22e-35,"NUMA1"
"SLC35G2",5e-39,0.481,0.38,0.287,9.3e-35,"SLC35G2"
"RAB39A",5.01e-39,-0.626,0.108,0.176,9.33e-35,"RAB39A"
"GPATCH4",5.71e-39,0.678,0.185,0.116,1.06e-34,"GPATCH4"
"RAD18",6.46e-39,-0.435,0.312,0.4,1.2e-34,"RAD18"
"C16orf46",6.95e-39,1.162,0.067,0.026,1.29e-34,"C16orf46"
"NSDHL",7.52e-39,0.652,0.182,0.112,1.4e-34,"NSDHL"
"FAM13B",7.65e-39,-0.255,0.696,0.748,1.42e-34,"FAM13B"
"TMEM63A",8.17e-39,1.006,0.099,0.048,1.52e-34,"TMEM63A"
"MAP1A",8.59e-39,0.475,0.464,0.377,1.6e-34,"MAP1A"
"LSS",8.7e-39,0.491,0.411,0.322,1.62e-34,"LSS"
"PINK1",8.76e-39,0.509,0.308,0.219,1.63e-34,"PINK1"
"TMEM217",9.08e-39,2.206,0.033,0.006,1.69e-34,"TMEM217"
"ORAI1",9.37e-39,0.924,0.113,0.059,1.74e-34,"ORAI1"
"ITSN2",9.38e-39,0.379,0.52,0.425,1.75e-34,"ITSN2"
"PTP4A2",1.01e-38,0.322,0.717,0.661,1.87e-34,"PTP4A2"
"BAG2",1.03e-38,0.727,0.187,0.117,1.91e-34,"BAG2"
"RAD50",1.05e-38,0.379,0.597,0.515,1.96e-34,"RAD50"
"MTCH1",1.07e-38,0.402,0.623,0.555,1.99e-34,"MTCH1"
"MIPEP",1.1e-38,0.384,0.227,0.148,2.05e-34,"MIPEP"
"SOGA1",1.13e-38,-0.26,0.534,0.615,2.11e-34,"SOGA1"
"RNGTT",1.24e-38,-0.231,0.729,0.78,2.31e-34,"RNGTT"
"FREM2",1.3e-38,0.139,0.409,0.305,2.41e-34,"FREM2"
"NIN",1.31e-38,-0.382,0.655,0.694,2.43e-34,"NIN"
"RNASEH2C",1.32e-38,0.532,0.373,0.287,2.46e-34,"RNASEH2C"
"HNRNPR",1.36e-38,-0.152,0.96,0.972,2.54e-34,"HNRNPR"
"RAB10",1.37e-38,0.222,0.894,0.878,2.55e-34,"RAB10"
"ARHGDIA",1.47e-38,0.446,0.463,0.377,2.74e-34,"ARHGDIA"
"HYKK",1.49e-38,2.143,0.038,0.009,2.77e-34,"HYKK"
"UHRF2",1.59e-38,-0.278,0.593,0.658,2.96e-34,"UHRF2"
"TPBG",1.68e-38,3.051,0.029,0.005,3.13e-34,"TPBG"
"PPP1R12A",1.71e-38,0.286,0.903,0.897,3.19e-34,"PPP1R12A"
"PEX12",1.72e-38,1.142,0.068,0.027,3.21e-34,"PEX12"
"METTL23",1.73e-38,0.556,0.262,0.18,3.22e-34,"METTL23"
"ZNF737",1.74e-38,-0.278,0.335,0.432,3.23e-34,"ZNF737"
"RHBDD3",1.76e-38,0.495,0.248,0.166,3.28e-34,"RHBDD3"
"CIAO2B",1.79e-38,0.246,0.875,0.871,3.34e-34,"CIAO2B"
"COQ9",1.94e-38,0.519,0.325,0.238,3.61e-34,"COQ9"
"PEX7",2.12e-38,0.491,0.211,0.135,3.94e-34,"PEX7"
"SPAG1",2.12e-38,0.727,0.261,0.181,3.95e-34,"SPAG1"
"PIGM",2.2e-38,0.527,0.207,0.132,4.09e-34,"PIGM"
"SMARCC1",2.21e-38,-0.134,0.92,0.945,4.12e-34,"SMARCC1"
"SPRY4",2.34e-38,1.028,0.081,0.036,4.35e-34,"SPRY4"
"SIKE1",2.5e-38,0.44,0.376,0.281,4.66e-34,"SIKE1"
"PAAF1",2.56e-38,0.467,0.404,0.31,4.77e-34,"PAAF1"
"DENND1A",2.64e-38,0.317,0.688,0.61,4.91e-34,"DENND1A"
"RASGRP2",2.72e-38,0.99,0.071,0.029,5.06e-34,"RASGRP2"
"VEGFD",2.79e-38,2.114,0.036,0.008,5.19e-34,"VEGFD"
"RAD51",2.89e-38,-0.76,0.106,0.172,5.39e-34,"RAD51"
"CEP85",2.93e-38,-0.546,0.161,0.236,5.45e-34,"CEP85"
"TARBP1",2.94e-38,0.448,0.394,0.3,5.48e-34,"TARBP1"
"GABARAPL1",3.09e-38,0.577,0.232,0.153,5.76e-34,"GABARAPL1"
"CCSAP",3.31e-38,-0.289,0.353,0.447,6.16e-34,"CCSAP"
"PITPNM2",3.33e-38,0.82,0.144,0.082,6.19e-34,"PITPNM2"
"ACTL6A",3.64e-38,-0.299,0.432,0.519,6.77e-34,"ACTL6A"
"ARHGAP11B",3.67e-38,-1.284,0.037,0.083,6.83e-34,"ARHGAP11B"
"SRPX2",3.9e-38,2.632,0.031,0.006,7.27e-34,"SRPX2"
"SRFBP1",4.04e-38,0.397,0.502,0.408,7.53e-34,"SRFBP1"
"RPS10",4.15e-38,0.178,0.983,0.991,7.73e-34,"RPS10"
"CPEB2",4.17e-38,0.469,0.324,0.234,7.76e-34,"CPEB2"
"RNF181",4.31e-38,0.433,0.47,0.38,8.02e-34,"RNF181"
"ENAH",4.35e-38,-0.108,0.975,0.981,8.1e-34,"ENAH"
"SAPCD2",4.66e-38,-1.033,0.058,0.112,8.67e-34,"SAPCD2"
"QTRT2",4.69e-38,0.725,0.205,0.133,8.74e-34,"QTRT2"
"KIF18A",4.87e-38,-1.032,0.156,0.224,9.06e-34,"KIF18A"
"AKTIP",5.05e-38,0.512,0.302,0.216,9.4e-34,"AKTIP"
"EIF5A2",5.36e-38,0.784,0.142,0.082,9.97e-34,"EIF5A2"
"AGTPBP1",5.48e-38,-0.239,0.63,0.702,1.02e-33,"AGTPBP1"
"COA3",5.49e-38,0.328,0.674,0.622,1.02e-33,"COA3"
"PNPLA3",5.51e-38,1.252,0.072,0.03,1.02e-33,"PNPLA3"
"GALC",6.06e-38,0.772,0.096,0.046,1.13e-33,"GALC"
"HEG1",6.95e-38,0.578,0.342,0.257,1.29e-33,"HEG1"
"PSMB6",6.98e-38,0.29,0.783,0.751,1.3e-33,"PSMB6"
"PABPC5",7.02e-38,0.889,0.108,0.055,1.31e-33,"PABPC5"
"PCYT2",7.06e-38,0.656,0.138,0.078,1.31e-33,"PCYT2"
"HSD17B8",7.21e-38,1.279,0.064,0.025,1.34e-33,"HSD17B8"
"DYRK4",7.3e-38,0.595,0.261,0.18,1.36e-33,"DYRK4"
"CDK5RAP2",7.42e-38,-0.446,0.597,0.633,1.38e-33,"CDK5RAP2"
"CAP1",7.51e-38,0.402,0.654,0.608,1.4e-33,"CAP1"
"NDUFB6",7.54e-38,0.353,0.646,0.582,1.4e-33,"NDUFB6"
"GPATCH11",7.68e-38,0.489,0.385,0.295,1.43e-33,"GPATCH11"
"ZSCAN1",7.74e-38,0.637,0.169,0.102,1.44e-33,"ZSCAN1"
"CCDC138",7.83e-38,-0.385,0.47,0.541,1.46e-33,"CCDC138"
"TMEM150A",7.9e-38,0.764,0.095,0.046,1.47e-33,"TMEM150A"
"ASF1B",8.06e-38,-0.707,0.098,0.162,1.5e-33,"ASF1B"
"NUDT22",8.11e-38,0.674,0.179,0.111,1.51e-33,"NUDT22"
"REPIN1",8.38e-38,0.537,0.303,0.218,1.56e-33,"REPIN1"
"CRBN",8.8e-38,0.391,0.554,0.464,1.64e-33,"CRBN"
"UQCRFS1",8.98e-38,0.326,0.699,0.654,1.67e-33,"UQCRFS1"
"LARP6",8.98e-38,0.606,0.23,0.153,1.67e-33,"LARP6"
"DCAF8",9.11e-38,0.468,0.407,0.319,1.7e-33,"DCAF8"
"SMAD5",9.45e-38,0.334,0.705,0.645,1.76e-33,"SMAD5"
"ASXL3",9.67e-38,-0.149,0.556,0.658,1.8e-33,"ASXL3"
"SEC14L2",9.77e-38,0.749,0.196,0.126,1.82e-33,"SEC14L2"
"COPS5",9.99e-38,0.431,0.489,0.399,1.86e-33,"COPS5"
"TMEM120A",1.08e-37,0.622,0.177,0.108,2.01e-33,"TMEM120A"
"TSPAN5",1.1e-37,0.267,0.827,0.782,2.05e-33,"TSPAN5"
"FBL",1.14e-37,-0.326,0.495,0.579,2.12e-33,"FBL"
"BAZ1A",1.18e-37,-0.294,0.656,0.711,2.2e-33,"BAZ1A"
"CHEK2",1.18e-37,-0.718,0.137,0.208,2.2e-33,"CHEK2"
"LMLN",1.22e-37,0.576,0.164,0.098,2.28e-33,"LMLN"
"MRPL18",1.28e-37,0.422,0.59,0.522,2.39e-33,"MRPL18"
"FBXW5",1.3e-37,0.531,0.253,0.172,2.42e-33,"FBXW5"
"GSTM4",1.31e-37,0.986,0.106,0.055,2.43e-33,"GSTM4"
"ARIH1",1.33e-37,-0.151,0.909,0.937,2.47e-33,"ARIH1"
"H2BC7",1.34e-37,-1.361,0.027,0.069,2.5e-33,"H2BC7"
"TDP1",1.42e-37,-0.579,0.23,0.307,2.64e-33,"TDP1"
"DAB2IP",1.45e-37,0.655,0.22,0.145,2.69e-33,"DAB2IP"
"ABCA2",1.51e-37,0.894,0.115,0.061,2.82e-33,"ABCA2"
"ZNF580",1.55e-37,0.408,0.403,0.311,2.88e-33,"ZNF580"
"RAD54B",1.62e-37,-0.653,0.142,0.213,3.02e-33,"RAD54B"
"PNCK",1.78e-37,1.34,0.07,0.029,3.31e-33,"PNCK"
"NFAT5",1.88e-37,0.276,0.82,0.769,3.5e-33,"NFAT5"
"CTSF",1.91e-37,2.173,0.035,0.008,3.56e-33,"CTSF"
"AFG1L",2.01e-37,0.389,0.321,0.229,3.75e-33,"AFG1L"
"PIK3CB",2.07e-37,0.432,0.582,0.501,3.85e-33,"PIK3CB"
"DOCK11",2.12e-37,-0.266,0.365,0.458,3.95e-33,"DOCK11"
"APCDD1",2.17e-37,1.251,0.088,0.042,4.04e-33,"APCDD1"
"USP3",2.23e-37,-0.183,0.769,0.817,4.14e-33,"USP3"
"TACC1",2.3e-37,0.42,0.475,0.384,4.28e-33,"TACC1"
"PCTP",2.38e-37,1.012,0.085,0.039,4.42e-33,"PCTP"
"STUB1",2.56e-37,0.384,0.537,0.456,4.77e-33,"STUB1"
"PRPF38A",2.57e-37,0.431,0.535,0.457,4.78e-33,"PRPF38A"
"STAT1",2.65e-37,0.421,0.573,0.494,4.94e-33,"STAT1"
"ADD2",2.83e-37,-0.243,0.557,0.638,5.27e-33,"ADD2"
"BAIAP2",2.97e-37,0.59,0.278,0.196,5.52e-33,"BAIAP2"
"CLIP4",3e-37,0.405,0.274,0.189,5.57e-33,"CLIP4"
"FASTK",3.15e-37,0.514,0.292,0.207,5.86e-33,"FASTK"
"FHL3",3.24e-37,1.012,0.075,0.032,6.02e-33,"FHL3"
"NEDD4",3.27e-37,0.334,0.469,0.369,6.08e-33,"NEDD4"
"SUOX",3.27e-37,0.875,0.125,0.069,6.09e-33,"SUOX"
"CRK",3.36e-37,0.39,0.581,0.504,6.25e-33,"CRK"
"NAPEPLD",3.39e-37,0.545,0.404,0.319,6.31e-33,"NAPEPLD"
"EIF2AK1",3.5e-37,0.389,0.601,0.531,6.52e-33,"EIF2AK1"
"TK2",3.56e-37,0.551,0.207,0.134,6.63e-33,"TK2"
"TRADD",3.79e-37,1.584,0.048,0.015,7.06e-33,"TRADD"
"AIFM3",3.87e-37,3.963,0.02,0.001,7.2e-33,"AIFM3"
"CCDC106",3.9e-37,0.626,0.171,0.104,7.27e-33,"CCDC106"
"GPX3",3.92e-37,2.903,0.027,0.004,7.3e-33,"GPX3"
"FAM135A",4.17e-37,0.364,0.606,0.52,7.75e-33,"FAM135A"
"DEAF1",4.24e-37,0.447,0.466,0.375,7.89e-33,"DEAF1"
"SLC9A3R2",4.33e-37,1.361,0.047,0.015,8.06e-33,"SLC9A3R2"
"TMED9",4.41e-37,0.494,0.451,0.368,8.2e-33,"TMED9"
"MSRA",4.56e-37,-0.35,0.751,0.784,8.49e-33,"MSRA"
"RPL9",4.74e-37,0.181,0.985,0.993,8.82e-33,"RPL9"
"CLDN10",4.77e-37,2.649,0.048,0.015,8.88e-33,"CLDN10"
"SET",4.83e-37,-0.158,0.962,0.977,8.99e-33,"SET"
"RWDD2B",4.92e-37,1.126,0.07,0.029,9.15e-33,"RWDD2B"
"CCT4",5e-37,0.307,0.775,0.755,9.31e-33,"CCT4"
"H2BC4",5.37e-37,-0.936,0.053,0.104,1e-32,"H2BC4"
"UBE2D4",5.45e-37,0.611,0.205,0.133,1.01e-32,"UBE2D4"
"TTC9B",5.52e-37,-0.246,0.211,0.306,1.03e-32,"TTC9B"
"HNRNPU",5.66e-37,-0.196,0.947,0.959,1.05e-32,"HNRNPU"
"MAPK12",5.76e-37,0.756,0.142,0.082,1.07e-32,"MAPK12"
"TTC30B",5.98e-37,1.251,0.072,0.031,1.11e-32,"TTC30B"
"H6PD",6.11e-37,0.583,0.225,0.151,1.14e-32,"H6PD"
"LRP3",6.23e-37,0.451,0.303,0.218,1.16e-32,"LRP3"
"COL16A1",6.32e-37,2.029,0.03,0.006,1.18e-32,"COL16A1"
"PIGX",6.44e-37,0.401,0.459,0.371,1.2e-32,"PIGX"
"TNIP2",6.75e-37,0.676,0.19,0.121,1.26e-32,"TNIP2"
"WWP1",7.1e-37,0.388,0.527,0.435,1.32e-32,"WWP1"
"ZCCHC9",7.29e-37,0.517,0.244,0.166,1.36e-32,"ZCCHC9"
"SPECC1L",7.33e-37,-0.229,0.755,0.795,1.36e-32,"SPECC1L"
"TICRR",7.47e-37,-0.821,0.11,0.174,1.39e-32,"TICRR"
"EIF2D",7.65e-37,0.614,0.221,0.147,1.42e-32,"EIF2D"
"GLT8D2",7.9e-37,1.022,0.071,0.03,1.47e-32,"GLT8D2"
"C2orf49",8.08e-37,0.457,0.308,0.221,1.5e-32,"C2orf49"
"FOLR1",8.15e-37,2.698,0.028,0.005,1.52e-32,"FOLR1"
"POLR3G",8.36e-37,1.029,0.077,0.034,1.56e-32,"POLR3G"
"LYNX1",8.39e-37,2.821,0.028,0.005,1.56e-32,"LYNX1"
"RSU1",8.69e-37,0.346,0.473,0.372,1.62e-32,"RSU1"
"NDUFS7",8.78e-37,0.422,0.548,0.475,1.63e-32,"NDUFS7"
"DSN1",9.02e-37,-0.63,0.152,0.224,1.68e-32,"DSN1"
"C17orf58",9.04e-37,0.594,0.195,0.125,1.68e-32,"C17orf58"
"GJB6",9.11e-37,5.655,0.018,0.001,1.7e-32,"GJB6"
"ATP2B2",9.27e-37,0.768,0.194,0.125,1.72e-32,"ATP2B2"
"NRF1",9.34e-37,-0.425,0.628,0.662,1.74e-32,"NRF1"
"PAK6",9.63e-37,-1.06,0.056,0.108,1.79e-32,"PAK6"
"NOTCH2NLC",1.02e-36,0.843,0.156,0.094,1.9e-32,"NOTCH2NLC"
"PCYT1A",1.03e-36,0.473,0.334,0.244,1.91e-32,"PCYT1A"
"SRSF9",1.05e-36,0.229,0.884,0.895,1.96e-32,"SRSF9"
"FLVCR2",1.05e-36,2.858,0.027,0.004,1.96e-32,"FLVCR2"
"RAB8A",1.1e-36,0.445,0.486,0.397,2.05e-32,"RAB8A"
"RTTN",1.14e-36,-0.444,0.348,0.429,2.12e-32,"RTTN"
"ARHGAP32",1.18e-36,-0.211,0.816,0.852,2.2e-32,"ARHGAP32"
"RWDD2A",1.2e-36,0.818,0.129,0.072,2.24e-32,"RWDD2A"
"GPX4",1.23e-36,0.318,0.791,0.78,2.29e-32,"GPX4"
"CDIP1",1.24e-36,0.589,0.255,0.175,2.3e-32,"CDIP1"
"CBX2",1.24e-36,-0.466,0.22,0.3,2.31e-32,"CBX2"
"ABI1",1.3e-36,0.343,0.682,0.61,2.41e-32,"ABI1"
"TP53I3",1.32e-36,0.5,0.314,0.231,2.47e-32,"TP53I3"
"DHRS7",1.33e-36,0.379,0.597,0.523,2.47e-32,"DHRS7"
"ABTB2",1.35e-36,0.443,0.328,0.235,2.52e-32,"ABTB2"
"BTN3A3",1.4e-36,1.798,0.05,0.017,2.6e-32,"BTN3A3"
"SAP30",1.49e-36,-0.391,0.617,0.656,2.77e-32,"SAP30"
"RAB5B",1.5e-36,0.403,0.527,0.443,2.8e-32,"RAB5B"
"PLCD1",1.53e-36,1.113,0.081,0.037,2.84e-32,"PLCD1"
"KSR2",1.57e-36,-1.083,0.039,0.084,2.93e-32,"KSR2"
"DOCK10",1.59e-36,1.435,0.054,0.019,2.96e-32,"DOCK10"
"DLL1",1.73e-36,-0.263,0.241,0.325,3.22e-32,"DLL1"
"APH1A",1.74e-36,0.416,0.522,0.441,3.23e-32,"APH1A"
"GOLGA7",1.75e-36,0.372,0.631,0.556,3.26e-32,"GOLGA7"
"MAP4",1.77e-36,0.263,0.879,0.857,3.3e-32,"MAP4"
"ZNF804A",1.79e-36,-0.751,0.261,0.337,3.33e-32,"ZNF804A"
"TLCD1",1.8e-36,2.383,0.029,0.005,3.35e-32,"TLCD1"
"ENOPH1",1.87e-36,0.356,0.617,0.54,3.47e-32,"ENOPH1"
"SAMM50",1.87e-36,0.488,0.325,0.238,3.47e-32,"SAMM50"
"TBC1D5",2e-36,-0.312,0.873,0.881,3.73e-32,"TBC1D5"
"PLEKHM2",2.01e-36,0.443,0.408,0.319,3.74e-32,"PLEKHM2"
"CALCOCO2",2.19e-36,0.502,0.383,0.299,4.07e-32,"CALCOCO2"
"THUMPD2",2.2e-36,0.468,0.337,0.25,4.09e-32,"THUMPD2"
"RTL8C",2.23e-36,0.347,0.678,0.629,4.15e-32,"RTL8C"
"NKAP",2.25e-36,0.472,0.369,0.281,4.19e-32,"NKAP"
"PMVK",2.27e-36,0.486,0.439,0.353,4.22e-32,"PMVK"
"SNX31",2.33e-36,2.092,0.033,0.007,4.33e-32,"SNX31"
"HES5",2.42e-36,0.181,0.33,0.242,4.51e-32,"HES5"
"NR1D2",2.43e-36,0.567,0.331,0.249,4.52e-32,"NR1D2"
"TTLL7",2.51e-36,-0.303,0.627,0.682,4.67e-32,"TTLL7"
"PPP1R16A",2.59e-36,0.612,0.158,0.094,4.82e-32,"PPP1R16A"
"TRIP11",2.69e-36,0.326,0.643,0.567,5e-32,"TRIP11"
"SMIM15",2.83e-36,0.41,0.456,0.37,5.26e-32,"SMIM15"
"POR",2.86e-36,0.463,0.327,0.241,5.33e-32,"POR"
"PSTK",2.95e-36,0.513,0.281,0.198,5.49e-32,"PSTK"
"SNAP23",3.05e-36,0.467,0.336,0.247,5.68e-32,"SNAP23"
"MAP2K5",3.06e-36,0.246,0.635,0.557,5.7e-32,"MAP2K5"
"MICALL2",3.36e-36,1.356,0.056,0.021,6.25e-32,"MICALL2"
"SELENOF",3.45e-36,0.282,0.691,0.627,6.41e-32,"SELENOF"
"TPCN1",3.56e-36,0.895,0.138,0.08,6.63e-32,"TPCN1"
"NRG2",3.58e-36,0.378,0.189,0.118,6.66e-32,"NRG2"
"GSS",3.63e-36,0.516,0.243,0.166,6.75e-32,"GSS"
"PDCD6IP",3.82e-36,0.323,0.647,0.576,7.12e-32,"PDCD6IP"
"C1GALT1C1",3.86e-36,0.574,0.217,0.144,7.18e-32,"C1GALT1C1"
"DPYSL2",3.87e-36,-0.17,0.956,0.973,7.2e-32,"DPYSL2"
"DNAJC8",4.12e-36,0.255,0.828,0.812,7.66e-32,"DNAJC8"
"E2F1",4.5e-36,-0.828,0.105,0.169,8.37e-32,"E2F1"
"LRRC58",4.67e-36,0.456,0.527,0.447,8.69e-32,"LRRC58"
"PRAG1",4.78e-36,0.214,0.441,0.338,8.9e-32,"PRAG1"
"MTHFD2L",4.87e-36,0.377,0.523,0.432,9.07e-32,"MTHFD2L"
"ARSD",5.28e-36,0.745,0.139,0.08,9.82e-32,"ARSD"
"HSCB",5.37e-36,0.558,0.268,0.188,1e-31,"HSCB"
"STARD7",5.39e-36,0.4,0.482,0.393,1e-31,"STARD7"
"EOGT",5.47e-36,1.144,0.058,0.022,1.02e-31,"EOGT"
"MVD",5.54e-36,0.392,0.311,0.227,1.03e-31,"MVD"
"BPNT2",5.6e-36,0.396,0.47,0.386,1.04e-31,"BPNT2"
"SWAP70",5.67e-36,0.586,0.233,0.158,1.06e-31,"SWAP70"
"H2AC15",5.67e-36,-0.988,0.051,0.1,1.06e-31,"H2AC15"
"CHRNB1",5.68e-36,0.667,0.16,0.097,1.06e-31,"CHRNB1"
"MAZ",5.9e-36,-0.351,0.517,0.586,1.1e-31,"MAZ"
"TOPBP1",5.97e-36,-0.385,0.495,0.56,1.11e-31,"TOPBP1"
"STK38L",6.11e-36,0.391,0.423,0.331,1.14e-31,"STK38L"
"UQCC2",6.18e-36,0.421,0.544,0.474,1.15e-31,"UQCC2"
"NDUFA12",6.35e-36,0.279,0.782,0.749,1.18e-31,"NDUFA12"
"EEA1",6.48e-36,0.307,0.684,0.611,1.21e-31,"EEA1"
"RAD54L",6.77e-36,-0.741,0.101,0.164,1.26e-31,"RAD54L"
"FAM120AOS",7.63e-36,0.44,0.42,0.333,1.42e-31,"FAM120AOS"
"SMIM20",8.15e-36,0.445,0.347,0.26,1.52e-31,"SMIM20"
"STRADB",9.16e-36,0.489,0.369,0.279,1.7e-31,"STRADB"
"SLC30A1",9.19e-36,0.924,0.141,0.083,1.71e-31,"SLC30A1"
"PPFIA1",9.58e-36,0.363,0.612,0.535,1.78e-31,"PPFIA1"
"NUFIP2",9.75e-36,0.352,0.658,0.604,1.82e-31,"NUFIP2"
"CHRDL1",9.96e-36,0.771,0.298,0.22,1.85e-31,"CHRDL1"
"HIVEP2",1e-35,0.468,0.411,0.32,1.87e-31,"HIVEP2"
"WDR35",1.1e-35,0.392,0.382,0.29,2.04e-31,"WDR35"
"WDR45",1.15e-35,0.502,0.302,0.218,2.15e-31,"WDR45"
"RALGPS1",1.28e-35,-0.334,0.564,0.625,2.39e-31,"RALGPS1"
"WDR13",1.3e-35,0.455,0.366,0.278,2.43e-31,"WDR13"
"MFSD5",1.35e-35,0.823,0.101,0.052,2.51e-31,"MFSD5"
"HDHD2",1.36e-35,0.45,0.415,0.331,2.54e-31,"HDHD2"
"SEPHS2",1.46e-35,0.544,0.308,0.226,2.72e-31,"SEPHS2"
"ZC3HAV1",1.47e-35,0.571,0.257,0.181,2.74e-31,"ZC3HAV1"
"MAP2K6",1.58e-35,0.417,0.4,0.304,2.94e-31,"MAP2K6"
"DNAJC19",1.63e-35,0.394,0.538,0.46,3.04e-31,"DNAJC19"
"NGRN",1.67e-35,0.245,0.792,0.752,3.11e-31,"NGRN"
"EXOC6",1.69e-35,-0.277,0.686,0.733,3.14e-31,"EXOC6"
"PRR13",1.69e-35,0.518,0.281,0.202,3.15e-31,"PRR13"
"FCHSD2",1.77e-35,-0.216,0.853,0.877,3.3e-31,"FCHSD2"
"FUT11",1.79e-35,0.538,0.217,0.143,3.34e-31,"FUT11"
"ETNK2",2.14e-35,1.172,0.053,0.019,3.99e-31,"ETNK2"
"SCAMP2",2.21e-35,0.547,0.294,0.213,4.11e-31,"SCAMP2"
"SLC35A2",2.29e-35,0.665,0.183,0.116,4.26e-31,"SLC35A2"
"CCNF",2.37e-35,-0.743,0.133,0.199,4.41e-31,"CCNF"
"WDR12",2.44e-35,0.472,0.379,0.292,4.54e-31,"WDR12"
"PSMD8",2.44e-35,0.295,0.807,0.796,4.55e-31,"PSMD8"
"WDR59",2.46e-35,0.388,0.464,0.37,4.58e-31,"WDR59"
"WNT7B",2.54e-35,3.9,0.02,0.002,4.72e-31,"WNT7B"
"GPATCH2",2.54e-35,0.341,0.548,0.458,4.73e-31,"GPATCH2"
"PSMD2",2.71e-35,0.327,0.695,0.654,5.04e-31,"PSMD2"
"SLC46A3",2.88e-35,0.974,0.071,0.031,5.36e-31,"SLC46A3"
"C15orf40",2.97e-35,0.476,0.332,0.245,5.53e-31,"C15orf40"
"TRAPPC3",3.05e-35,0.427,0.416,0.33,5.68e-31,"TRAPPC3"
"C6orf226",3.11e-35,0.543,0.228,0.154,5.79e-31,"C6orf226"
"NDUFS3",3.27e-35,0.373,0.579,0.509,6.09e-31,"NDUFS3"
"FANCL",3.76e-35,-0.506,0.362,0.43,7.01e-31,"FANCL"
"LRRC4B",3.95e-35,0.42,0.404,0.313,7.35e-31,"LRRC4B"
"CBARP",4.61e-35,0.654,0.146,0.086,8.58e-31,"CBARP"
"TCP1",4.73e-35,-0.177,0.803,0.846,8.81e-31,"TCP1"
"SMAD1",4.88e-35,0.452,0.575,0.497,9.08e-31,"SMAD1"
"GPR162",5.08e-35,0.671,0.15,0.089,9.45e-31,"GPR162"
"TMEM208",5.16e-35,0.417,0.364,0.275,9.61e-31,"TMEM208"
"SORBS3",5.26e-35,0.65,0.184,0.117,9.78e-31,"SORBS3"
"GATM",5.33e-35,1.888,0.066,0.028,9.93e-31,"GATM"
"TSPAN31",5.88e-35,0.499,0.319,0.235,1.09e-30,"TSPAN31"
"PRDX3",6.13e-35,0.352,0.657,0.605,1.14e-30,"PRDX3"
"RIN1",6.17e-35,2.524,0.026,0.004,1.15e-30,"RIN1"
"ZNF275",6.18e-35,0.654,0.172,0.108,1.15e-30,"ZNF275"
"FBXO44",6.23e-35,0.617,0.17,0.105,1.16e-30,"FBXO44"
"LMO3",6.35e-35,-0.477,0.443,0.516,1.18e-30,"LMO3"
"SLC25A27",6.58e-35,0.556,0.224,0.151,1.22e-30,"SLC25A27"
"FEN1",6.76e-35,-0.569,0.163,0.235,1.26e-30,"FEN1"
"TLCD3B",7.08e-35,-0.462,0.122,0.192,1.32e-30,"TLCD3B"
"BAX",7.08e-35,0.431,0.538,0.465,1.32e-30,"BAX"
"WASHC3",7.31e-35,0.404,0.474,0.389,1.36e-30,"WASHC3"
"ANAPC15",7.48e-35,-0.404,0.36,0.439,1.39e-30,"ANAPC15"
"DLG1",7.51e-35,0.28,0.767,0.706,1.4e-30,"DLG1"
"PCDHGA10",8.36e-35,0.661,0.384,0.307,1.56e-30,"PCDHGA10"
"CYB5D2",8.81e-35,0.451,0.278,0.196,1.64e-30,"CYB5D2"
"THYN1",8.88e-35,0.401,0.577,0.51,1.65e-30,"THYN1"
"CDC25A",9.62e-35,-0.772,0.093,0.153,1.79e-30,"CDC25A"
"DCBLD2",9.69e-35,-0.363,0.545,0.605,1.8e-30,"DCBLD2"
"CUBN",1.01e-34,0.786,0.11,0.059,1.87e-30,"CUBN"
"MSX1",1.05e-34,1.605,0.045,0.015,1.95e-30,"MSX1"
"PYCR2",1.11e-34,0.585,0.223,0.151,2.06e-30,"PYCR2"
"LOXL1",1.13e-34,0.741,0.146,0.087,2.1e-30,"LOXL1"
"CMKLR2",1.19e-34,0.53,0.127,0.071,2.22e-30,"CMKLR2"
"DNAJC12",1.23e-34,1.134,0.061,0.024,2.28e-30,"DNAJC12"
"AASDHPPT",1.24e-34,0.318,0.622,0.552,2.3e-30,"AASDHPPT"
"COMMD5",1.26e-34,0.494,0.279,0.197,2.35e-30,"COMMD5"
"DIAPH1",1.27e-34,-0.294,0.511,0.581,2.36e-30,"DIAPH1"
"DBN1",1.31e-34,-0.177,0.735,0.799,2.44e-30,"DBN1"
"ARL6IP6",1.37e-34,-0.361,0.625,0.67,2.55e-30,"ARL6IP6"
"KIAA1958",1.43e-34,-0.154,0.87,0.886,2.65e-30,"KIAA1958"
"CADPS",1.43e-34,0.805,0.386,0.299,2.67e-30,"CADPS"
"ZNF800",1.46e-34,0.456,0.361,0.274,2.71e-30,"ZNF800"
"PITPNM1",1.49e-34,1.331,0.059,0.023,2.77e-30,"PITPNM1"
"ZNF518A",1.5e-34,0.346,0.637,0.56,2.79e-30,"ZNF518A"
"NEDD9",1.55e-34,0.428,0.302,0.219,2.88e-30,"NEDD9"
"DOLK",1.57e-34,0.71,0.116,0.064,2.92e-30,"DOLK"
"PDGFA",1.64e-34,1.48,0.063,0.026,3.06e-30,"PDGFA"
"ARHGEF2",1.68e-34,-0.209,0.392,0.488,3.13e-30,"ARHGEF2"
"TSR3",1.83e-34,0.382,0.47,0.38,3.41e-30,"TSR3"
"BCKDK",1.86e-34,0.569,0.189,0.122,3.46e-30,"BCKDK"
"ANXA4",1.88e-34,0.593,0.193,0.125,3.51e-30,"ANXA4"
"H2AC4",1.96e-34,-1.517,0.024,0.061,3.65e-30,"H2AC4"
"SINHCAF",1.98e-34,-0.284,0.391,0.48,3.69e-30,"SINHCAF"
"PSMA1",2.22e-34,0.313,0.736,0.705,4.13e-30,"PSMA1"
"PLSCR1",2.22e-34,0.903,0.118,0.066,4.14e-30,"PLSCR1"
"MT1G",2.27e-34,3.467,0.02,0.002,4.22e-30,"MT1G"
"FUT10",2.28e-34,0.502,0.246,0.17,4.25e-30,"FUT10"
"PCMTD1",2.33e-34,-0.179,0.77,0.82,4.33e-30,"PCMTD1"
"LTBP2",2.39e-34,2.508,0.024,0.003,4.45e-30,"LTBP2"
"APOOL",2.47e-34,0.392,0.397,0.304,4.6e-30,"APOOL"
"PELI1",2.53e-34,-0.262,0.578,0.644,4.7e-30,"PELI1"
"TTC23L",2.55e-34,1.221,0.08,0.038,4.74e-30,"TTC23L"
"CPEB1",2.76e-34,1.106,0.076,0.035,5.14e-30,"CPEB1"
"NAV3",2.92e-34,-0.317,0.874,0.883,5.43e-30,"NAV3"
"CCNB1",2.93e-34,-0.827,0.161,0.228,5.45e-30,"CCNB1"
"XBP1",3.07e-34,0.604,0.238,0.165,5.72e-30,"XBP1"
"SLC39A14",3.11e-34,0.681,0.12,0.066,5.8e-30,"SLC39A14"
"TP53",3.15e-34,0.477,0.339,0.257,5.86e-30,"TP53"
"TENT5A",3.24e-34,1.766,0.053,0.02,6.03e-30,"TENT5A"
"GALNT16",3.35e-34,0.929,0.099,0.051,6.23e-30,"GALNT16"
"PDZD8",3.36e-34,0.378,0.528,0.436,6.25e-30,"PDZD8"
"CNTROB",3.37e-34,-0.509,0.165,0.236,6.27e-30,"CNTROB"
"C2orf76",3.47e-34,0.469,0.326,0.24,6.46e-30,"C2orf76"
"H2BC12",3.5e-34,-1.673,0.02,0.054,6.52e-30,"H2BC12"
"TMEM263",3.69e-34,0.382,0.486,0.399,6.86e-30,"TMEM263"
"NPRL3",3.85e-34,0.47,0.36,0.273,7.17e-30,"NPRL3"
"TMEM35A",3.99e-34,-0.356,0.316,0.401,7.42e-30,"TMEM35A"
"VPS35L",4.16e-34,0.353,0.538,0.454,7.74e-30,"VPS35L"
"STAMBP",4.25e-34,0.388,0.433,0.346,7.91e-30,"STAMBP"
"PRR32",4.4e-34,3.763,0.02,0.002,8.18e-30,"PRR32"
"SLC27A1",4.41e-34,0.533,0.256,0.179,8.2e-30,"SLC27A1"
"SURF4",4.43e-34,0.444,0.416,0.33,8.25e-30,"SURF4"
"ACOT2",4.87e-34,1.112,0.073,0.033,9.06e-30,"ACOT2"
"PSMB4",5.05e-34,0.314,0.654,0.598,9.4e-30,"PSMB4"
"NUP153",5.08e-34,-0.28,0.568,0.636,9.46e-30,"NUP153"
"PALD1",5.73e-34,0.947,0.104,0.055,1.07e-29,"PALD1"
"CDK5R1",5.75e-34,-0.242,0.555,0.631,1.07e-29,"CDK5R1"
"KAT2A",5.83e-34,1.172,0.093,0.047,1.08e-29,"KAT2A"
"EYA2",6e-34,1.823,0.043,0.014,1.12e-29,"EYA2"
"GPR135",6.11e-34,0.568,0.271,0.194,1.14e-29,"GPR135"
"RAB22A",6.24e-34,0.312,0.56,0.479,1.16e-29,"RAB22A"
"ATL3",6.27e-34,0.648,0.211,0.141,1.17e-29,"ATL3"
"MRPL38",6.31e-34,0.45,0.346,0.261,1.17e-29,"MRPL38"
"TOR1AIP1",6.4e-34,0.443,0.325,0.242,1.19e-29,"TOR1AIP1"
"CCDC74B",6.84e-34,1.008,0.078,0.036,1.27e-29,"CCDC74B"
"GOLPH3L",6.85e-34,0.585,0.216,0.144,1.28e-29,"GOLPH3L"
"METAP2",7.89e-34,0.287,0.749,0.713,1.47e-29,"METAP2"
"ENSG00000286185",8.18e-34,0.903,0.124,0.071,1.52e-29,"ENSG00000286185"
"LETM1",8.19e-34,0.534,0.263,0.186,1.52e-29,"LETM1"
"CCNI",8.27e-34,-0.133,0.985,0.994,1.54e-29,"CCNI"
"ALMS1",8.63e-34,-0.305,0.652,0.701,1.61e-29,"ALMS1"
"GNA12",8.83e-34,0.375,0.584,0.508,1.64e-29,"GNA12"
"HSPA12A",8.87e-34,0.443,0.204,0.134,1.65e-29,"HSPA12A"
"CASP2",9.21e-34,-0.385,0.328,0.406,1.71e-29,"CASP2"
"HSD17B7",9.29e-34,0.672,0.205,0.137,1.73e-29,"HSD17B7"
"MDGA2",9.32e-34,1.398,0.09,0.045,1.73e-29,"MDGA2"
"TMX1",9.4e-34,0.382,0.53,0.458,1.75e-29,"TMX1"
"RASA4B",9.51e-34,1.25,0.071,0.032,1.77e-29,"RASA4B"
"IFT20",9.69e-34,0.45,0.359,0.273,1.8e-29,"IFT20"
"CCDC74A",1e-33,0.922,0.114,0.064,1.86e-29,"CCDC74A"
"RASSF10",1.02e-33,2.129,0.03,0.007,1.9e-29,"RASSF10"
"TRIM65",1.03e-33,0.822,0.115,0.064,1.92e-29,"TRIM65"
"HSD17B10",1.06e-33,0.414,0.537,0.465,1.98e-29,"HSD17B10"
"PNPO",1.07e-33,1.51,0.046,0.015,1.98e-29,"PNPO"
"NOD1",1.12e-33,0.858,0.09,0.045,2.08e-29,"NOD1"
"POMGNT2",1.13e-33,0.663,0.161,0.1,2.1e-29,"POMGNT2"
"BTBD19",1.16e-33,1.852,0.037,0.01,2.16e-29,"BTBD19"
"SLC38A3",1.19e-33,1.929,0.034,0.008,2.21e-29,"SLC38A3"
"MANBA",1.23e-33,0.353,0.361,0.27,2.29e-29,"MANBA"
"AHDC1",1.24e-33,0.462,0.354,0.27,2.31e-29,"AHDC1"
"SHC1",1.35e-33,0.971,0.1,0.052,2.52e-29,"SHC1"
"SYNGR1",1.46e-33,0.611,0.192,0.125,2.73e-29,"SYNGR1"
"BMP2K",1.49e-33,0.506,0.519,0.446,2.77e-29,"BMP2K"
"CD320",1.53e-33,0.525,0.238,0.164,2.84e-29,"CD320"
"ADCK1",1.53e-33,0.725,0.105,0.056,2.85e-29,"ADCK1"
"SESN1",1.55e-33,-0.265,0.526,0.599,2.89e-29,"SESN1"
"VEZT",1.56e-33,-0.146,0.877,0.905,2.91e-29,"VEZT"
"EMC8",1.64e-33,0.435,0.397,0.312,3.05e-29,"EMC8"
"POU3F1",1.7e-33,-1.918,0.03,0.069,3.17e-29,"POU3F1"
"PIP4K2A",1.72e-33,-0.553,0.342,0.41,3.2e-29,"PIP4K2A"
"BAZ1B",1.79e-33,-0.274,0.717,0.757,3.32e-29,"BAZ1B"
"BSG",1.8e-33,0.399,0.564,0.49,3.36e-29,"BSG"
"NOCT",1.86e-33,-0.306,0.239,0.32,3.46e-29,"NOCT"
"PDE6B",1.86e-33,1.116,0.091,0.046,3.46e-29,"PDE6B"
"RNF38",1.89e-33,-0.178,0.818,0.853,3.51e-29,"RNF38"
"CFAP47",1.95e-33,2.702,0.024,0.004,3.63e-29,"CFAP47"
"SIRT3",1.96e-33,0.528,0.238,0.164,3.65e-29,"SIRT3"
"TBCA",1.98e-33,0.174,0.943,0.941,3.69e-29,"TBCA"
"CPLX2",1.99e-33,-0.319,0.18,0.26,3.7e-29,"CPLX2"
"WTIP",1.99e-33,0.85,0.098,0.051,3.71e-29,"WTIP"
"ZNF853",1.99e-33,0.72,0.142,0.085,3.71e-29,"ZNF853"
"GATAD2B",2.15e-33,-0.121,0.847,0.876,3.99e-29,"GATAD2B"
"YARS1",2.19e-33,0.51,0.317,0.236,4.08e-29,"YARS1"
"SMIM19",2.37e-33,0.392,0.482,0.399,4.42e-29,"SMIM19"
"SOS1",2.38e-33,-0.161,0.891,0.915,4.43e-29,"SOS1"
"DAZAP2",2.41e-33,0.388,0.53,0.448,4.49e-29,"DAZAP2"
"TMEM53",2.43e-33,0.743,0.108,0.058,4.52e-29,"TMEM53"
"NUDT16L1",2.51e-33,0.453,0.337,0.254,4.68e-29,"NUDT16L1"
"MAGI1",2.56e-33,-0.251,0.871,0.873,4.77e-29,"MAGI1"
"ANKRD45",2.57e-33,1.343,0.048,0.016,4.78e-29,"ANKRD45"
"C1orf56",2.77e-33,0.649,0.197,0.131,5.15e-29,"C1orf56"
"CYB561",2.79e-33,1.052,0.065,0.027,5.2e-29,"CYB561"
"CCDC91",2.86e-33,0.317,0.526,0.424,5.33e-29,"CCDC91"
"NME1",3.08e-33,0.467,0.567,0.514,5.73e-29,"NME1"
"RNF122",3.16e-33,-0.466,0.127,0.195,5.89e-29,"RNF122"
"ABCE1",3.38e-33,0.396,0.517,0.44,6.29e-29,"ABCE1"
"GTF2F1",3.49e-33,0.422,0.388,0.3,6.49e-29,"GTF2F1"
"ARSL",3.54e-33,2.225,0.029,0.006,6.58e-29,"ARSL"
"JUP",3.59e-33,-0.521,0.101,0.163,6.68e-29,"JUP"
"SYT1",3.73e-33,-0.295,0.523,0.616,6.94e-29,"SYT1"
"SLC9A2",3.75e-33,-1.126,0.075,0.128,6.97e-29,"SLC9A2"
"ATP8A2",3.8e-33,-0.527,0.112,0.176,7.08e-29,"ATP8A2"
"CFAP221",3.93e-33,2.362,0.029,0.006,7.32e-29,"CFAP221"
"DYNC1LI1",3.95e-33,-0.196,0.654,0.715,7.35e-29,"DYNC1LI1"
"ARV1",3.97e-33,0.437,0.246,0.169,7.39e-29,"ARV1"
"MGAT5B",3.97e-33,-0.478,0.101,0.163,7.39e-29,"MGAT5B"
"SLC4A5",4.26e-33,0.819,0.118,0.066,7.93e-29,"SLC4A5"
"C8orf33",4.33e-33,0.397,0.369,0.284,8.06e-29,"C8orf33"
"RIMOC1",4.48e-33,0.475,0.305,0.224,8.34e-29,"RIMOC1"
"SEMA4A",4.53e-33,1.101,0.06,0.024,8.44e-29,"SEMA4A"
"ZNF100",4.76e-33,-0.329,0.364,0.44,8.86e-29,"ZNF100"
"LRRC40",4.94e-33,-0.239,0.59,0.659,9.2e-29,"LRRC40"
"PDCD1LG2",4.99e-33,1.35,0.045,0.015,9.28e-29,"PDCD1LG2"
"OPCML",5e-33,0.432,0.215,0.144,9.3e-29,"OPCML"
"PPP6R2",5.25e-33,0.365,0.687,0.632,9.77e-29,"PPP6R2"
"EXOC7",5.54e-33,0.447,0.425,0.341,1.03e-28,"EXOC7"
"RFC1",5.59e-33,0.353,0.64,0.568,1.04e-28,"RFC1"
"KRCC1",5.61e-33,0.365,0.422,0.333,1.04e-28,"KRCC1"
"FAT4",5.87e-33,0.612,0.123,0.07,1.09e-28,"FAT4"
"C6orf141",6.08e-33,3.299,0.02,0.002,1.13e-28,"C6orf141"
"SERINC1",6.16e-33,0.257,0.79,0.751,1.15e-28,"SERINC1"
"SLC38A10",6.32e-33,0.627,0.227,0.156,1.18e-28,"SLC38A10"
"RPS20",6.33e-33,0.207,0.977,0.989,1.18e-28,"RPS20"
"SLC7A2",6.35e-33,1.471,0.044,0.015,1.18e-28,"SLC7A2"
"PID1",6.45e-33,-0.88,0.556,0.588,1.2e-28,"PID1"
"LMAN2",7.21e-33,0.36,0.589,0.523,1.34e-28,"LMAN2"
"CCDC77",7.37e-33,-0.42,0.257,0.335,1.37e-28,"CCDC77"
"PGM3",7.41e-33,0.527,0.447,0.368,1.38e-28,"PGM3"
"DHRS12",7.51e-33,0.929,0.105,0.057,1.4e-28,"DHRS12"
"POLR1F",7.57e-33,0.528,0.248,0.174,1.41e-28,"POLR1F"
"VPS9D1",8.21e-33,0.567,0.242,0.168,1.53e-28,"VPS9D1"
"SMDT1",8.26e-33,0.272,0.756,0.714,1.54e-28,"SMDT1"
"CENPL",8.65e-33,-0.647,0.143,0.208,1.61e-28,"CENPL"
"PROCR",8.98e-33,1.345,0.056,0.022,1.67e-28,"PROCR"
"GNL3L",9.29e-33,0.462,0.337,0.255,1.73e-28,"GNL3L"
"TMEM121",9.72e-33,0.606,0.164,0.103,1.81e-28,"TMEM121"
"RLN2",1.04e-32,2.562,0.027,0.005,1.94e-28,"RLN2"
"FAM174A",1.06e-32,0.412,0.265,0.187,1.97e-28,"FAM174A"
"TFCP2",1.14e-32,0.602,0.187,0.122,2.12e-28,"TFCP2"
"PLOD1",1.19e-32,0.804,0.143,0.086,2.21e-28,"PLOD1"
"TMEM167B",1.21e-32,0.504,0.303,0.224,2.26e-28,"TMEM167B"
"MIS18A",1.26e-32,-0.505,0.271,0.344,2.34e-28,"MIS18A"
"TMEM161A",1.54e-32,0.622,0.168,0.107,2.86e-28,"TMEM161A"
"SEC16B",1.54e-32,2.975,0.025,0.004,2.87e-28,"SEC16B"
"ALG3",1.58e-32,0.75,0.106,0.057,2.95e-28,"ALG3"
"ERICH3",1.59e-32,2.508,0.024,0.004,2.96e-28,"ERICH3"
"USP15",1.63e-32,-0.152,0.771,0.813,3.03e-28,"USP15"
"RGL3",1.7e-32,1.823,0.04,0.012,3.17e-28,"RGL3"
"KCTD5",1.93e-32,0.506,0.245,0.171,3.6e-28,"KCTD5"
"PDE7B",1.94e-32,0.814,0.061,0.025,3.61e-28,"PDE7B"
"FLII",2.09e-32,0.548,0.211,0.142,3.89e-28,"FLII"
"SOX15",2.11e-32,1.501,0.047,0.017,3.93e-28,"SOX15"
"CEND1",2.13e-32,0.658,0.136,0.08,3.96e-28,"CEND1"
"SMARCA1",2.15e-32,0.318,0.578,0.501,4e-28,"SMARCA1"
"PLXND1",2.28e-32,1.592,0.051,0.019,4.24e-28,"PLXND1"
"ADGRB1",2.38e-32,0.9,0.088,0.044,4.43e-28,"ADGRB1"
"FANCM",2.4e-32,-0.596,0.22,0.29,4.47e-28,"FANCM"
"FAM89B",2.63e-32,-0.187,0.559,0.631,4.9e-28,"FAM89B"
"CASK",2.68e-32,-0.112,0.987,0.992,4.99e-28,"CASK"
"RSBN1L",2.93e-32,-0.165,0.7,0.752,5.45e-28,"RSBN1L"
"PI16",2.93e-32,2.971,0.023,0.004,5.45e-28,"PI16"
"TM7SF3",3.03e-32,0.34,0.479,0.394,5.64e-28,"TM7SF3"
"TMEM167A",3.37e-32,0.353,0.644,0.587,6.27e-28,"TMEM167A"
"NTHL1",3.48e-32,0.532,0.234,0.163,6.47e-28,"NTHL1"
"PCDH11X",3.65e-32,-0.252,0.287,0.203,6.79e-28,"PCDH11X"
"ABCB11",3.77e-32,0.879,0.073,0.034,7.03e-28,"ABCB11"
"INHBB",4.06e-32,0.719,0.12,0.069,7.56e-28,"INHBB"
"TRAM1",4.06e-32,0.357,0.506,0.422,7.56e-28,"TRAM1"
"MRPS14",4.09e-32,0.441,0.404,0.321,7.61e-28,"MRPS14"
"CATSPERB",4.17e-32,1.781,0.039,0.012,7.76e-28,"CATSPERB"
"JDP2",4.26e-32,0.774,0.124,0.072,7.93e-28,"JDP2"
"CRB1",4.29e-32,-0.373,0.685,0.697,7.99e-28,"CRB1"
"SNX27",4.3e-32,0.312,0.608,0.531,8.01e-28,"SNX27"
"SAMD9",4.34e-32,1.764,0.041,0.013,8.08e-28,"SAMD9"
"NLK",4.39e-32,-0.578,0.537,0.587,8.16e-28,"NLK"
"PAK2",4.6e-32,-0.144,0.92,0.944,8.56e-28,"PAK2"
"C2CD5",4.62e-32,-0.246,0.581,0.648,8.6e-28,"C2CD5"
"USF2",4.87e-32,0.375,0.471,0.388,9.07e-28,"USF2"
"MITD1",5.24e-32,0.478,0.35,0.268,9.75e-28,"MITD1"
"MYH14",5.39e-32,0.643,0.131,0.077,1e-27,"MYH14"
"MRPL35",5.5e-32,0.432,0.285,0.207,1.02e-27,"MRPL35"
"PNPLA6",5.59e-32,0.822,0.101,0.054,1.04e-27,"PNPLA6"
"REV3L",5.6e-32,0.286,0.911,0.882,1.04e-27,"REV3L"
"RHOB",5.66e-32,0.587,0.379,0.302,1.05e-27,"RHOB"
"COA6",5.75e-32,0.434,0.391,0.309,1.07e-27,"COA6"
"MXD4",5.98e-32,0.381,0.496,0.412,1.11e-27,"MXD4"
"MOCS1",6.33e-32,1.194,0.051,0.019,1.18e-27,"MOCS1"
"C17orf97",6.64e-32,0.943,0.071,0.032,1.24e-27,"C17orf97"
"FLRT2",6.83e-32,-0.995,0.398,0.457,1.27e-27,"FLRT2"
"LRRIQ1",7.26e-32,0.503,0.129,0.075,1.35e-27,"LRRIQ1"
"MBOAT7",7.37e-32,0.601,0.21,0.143,1.37e-27,"MBOAT7"
"PCDHGC3",7.42e-32,1.298,0.056,0.023,1.38e-27,"PCDHGC3"
"GJB2",7.53e-32,4.522,0.017,0.001,1.4e-27,"GJB2"
"MRPL28",7.62e-32,0.443,0.383,0.301,1.42e-27,"MRPL28"
"ST3GAL5",8.22e-32,0.567,0.234,0.163,1.53e-27,"ST3GAL5"
"VAMP7",8.87e-32,0.705,0.123,0.071,1.65e-27,"VAMP7"
"MTHFS",9e-32,0.489,0.183,0.118,1.67e-27,"MTHFS"
"KAT2B",9.22e-32,0.415,0.479,0.397,1.72e-27,"KAT2B"
"AMOT",9.79e-32,0.538,0.261,0.189,1.82e-27,"AMOT"
"ZMPSTE24",1.01e-31,0.466,0.327,0.246,1.88e-27,"ZMPSTE24"
"CORO1B",1.02e-31,0.487,0.215,0.145,1.9e-27,"CORO1B"
"SUMO3",1.03e-31,0.406,0.428,0.346,1.92e-27,"SUMO3"
"PI15",1.05e-31,4.279,0.02,0.002,1.95e-27,"PI15"
"KNOP1",1.07e-31,0.445,0.458,0.372,2e-27,"KNOP1"
"SCN3B",1.11e-31,-0.581,0.116,0.181,2.06e-27,"SCN3B"
"PSMA2",1.12e-31,0.271,0.764,0.737,2.09e-27,"PSMA2"
"DNAJC9",1.14e-31,-0.363,0.409,0.482,2.11e-27,"DNAJC9"
"BZW2",1.14e-31,-0.328,0.408,0.486,2.12e-27,"BZW2"
"FSD1L",1.14e-31,-0.261,0.65,0.703,2.12e-27,"FSD1L"
"CELF1",1.14e-31,-0.132,0.864,0.896,2.13e-27,"CELF1"
"CNTNAP3",1.14e-31,0.454,0.058,0.024,2.13e-27,"CNTNAP3"
"SLC16A2",1.15e-31,0.317,0.381,0.291,2.13e-27,"SLC16A2"
"GNB4",1.18e-31,0.395,0.506,0.423,2.2e-27,"GNB4"
"FAM189A1",1.24e-31,0.771,0.121,0.069,2.31e-27,"FAM189A1"
"EIF5",1.25e-31,0.282,0.823,0.803,2.33e-27,"EIF5"
"SNRPF",1.28e-31,-0.192,0.857,0.891,2.38e-27,"SNRPF"
"GFUS",1.29e-31,0.529,0.225,0.155,2.41e-27,"GFUS"
"C9orf85",1.32e-31,0.382,0.346,0.26,2.47e-27,"C9orf85"
"SLC2A3",1.33e-31,1.168,0.273,0.206,2.47e-27,"SLC2A3"
"BMP1",1.34e-31,0.773,0.123,0.071,2.49e-27,"BMP1"
"PDS5A",1.37e-31,-0.174,0.831,0.851,2.56e-27,"PDS5A"
"GPR108",1.4e-31,0.711,0.147,0.091,2.61e-27,"GPR108"
"UBXN6",1.44e-31,0.5,0.219,0.149,2.67e-27,"UBXN6"
"TFEB",1.44e-31,1.471,0.048,0.017,2.68e-27,"TFEB"
"RAF1",1.47e-31,-0.146,0.769,0.813,2.73e-27,"RAF1"
"WFS1",1.64e-31,1.184,0.068,0.031,3.06e-27,"WFS1"
"DHX9",1.66e-31,-0.175,0.867,0.891,3.09e-27,"DHX9"
"SCAMP4",1.69e-31,0.5,0.27,0.194,3.14e-27,"SCAMP4"
"ACTL6B",1.72e-31,-0.276,0.206,0.29,3.2e-27,"ACTL6B"
"JADE1",1.75e-31,-0.532,0.343,0.405,3.26e-27,"JADE1"
"DTD2",1.8e-31,0.655,0.167,0.106,3.35e-27,"DTD2"
"FADS3",1.8e-31,0.793,0.117,0.067,3.35e-27,"FADS3"
"CLPTM1",1.81e-31,0.445,0.345,0.264,3.37e-27,"CLPTM1"
"KIFBP",1.82e-31,0.352,0.559,0.485,3.4e-27,"KIFBP"
"SLC11A2",1.91e-31,0.462,0.302,0.224,3.56e-27,"SLC11A2"
"TFG",1.93e-31,0.296,0.64,0.573,3.59e-27,"TFG"
"MMAB",2.03e-31,0.452,0.312,0.235,3.78e-27,"MMAB"
"NECTIN2",2.1e-31,0.424,0.28,0.201,3.91e-27,"NECTIN2"
"INAFM2",2.12e-31,0.856,0.096,0.051,3.95e-27,"INAFM2"
"TDO2",2.14e-31,4.989,0.015,0,3.98e-27,"TDO2"
"HIKESHI",2.19e-31,0.332,0.631,0.573,4.07e-27,"HIKESHI"
"MRPL4",2.29e-31,0.43,0.469,0.396,4.26e-27,"MRPL4"
"NIPBL",2.32e-31,-0.168,0.913,0.93,4.32e-27,"NIPBL"
"PBLD",2.4e-31,0.624,0.15,0.092,4.48e-27,"PBLD"
"THUMPD3",2.49e-31,0.382,0.458,0.374,4.64e-27,"THUMPD3"
"UNC119",2.56e-31,0.42,0.233,0.16,4.76e-27,"UNC119"
"DYNLT1",2.57e-31,0.194,0.914,0.92,4.77e-27,"DYNLT1"
"EXOC4",2.59e-31,-0.222,0.919,0.917,4.82e-27,"EXOC4"
"ADAMTS9",2.6e-31,0.719,0.077,0.037,4.83e-27,"ADAMTS9"
"B3GNT9",2.62e-31,1.376,0.036,0.01,4.88e-27,"B3GNT9"
"APPL1",2.74e-31,0.286,0.707,0.651,5.11e-27,"APPL1"
"ENSG00000255330",2.75e-31,-0.309,0.204,0.281,5.12e-27,"ENSG00000255330"
"LRRC73",2.75e-31,1.462,0.038,0.012,5.12e-27,"LRRC73"
"SLC2A11",2.82e-31,0.719,0.115,0.065,5.25e-27,"SLC2A11"
"TM2D2",2.82e-31,0.482,0.286,0.21,5.26e-27,"TM2D2"
"ANKDD1A",2.87e-31,0.728,0.244,0.176,5.34e-27,"ANKDD1A"
"TK1",2.95e-31,-0.897,0.07,0.12,5.48e-27,"TK1"
"IQCE",3.17e-31,0.513,0.279,0.202,5.9e-27,"IQCE"
"RAD9A",3.33e-31,0.493,0.323,0.244,6.2e-27,"RAD9A"
"ABCA4",3.4e-31,2.011,0.025,0.005,6.33e-27,"ABCA4"
"NBN",3.96e-31,0.418,0.391,0.306,7.37e-27,"NBN"
"CDHR1",4.11e-31,1.697,0.045,0.016,7.65e-27,"CDHR1"
"MED31",4.26e-31,0.405,0.34,0.257,7.94e-27,"MED31"
"DEGS1",4.51e-31,0.448,0.422,0.342,8.4e-27,"DEGS1"
"SGMS2",4.53e-31,1.194,0.058,0.024,8.43e-27,"SGMS2"
"GAA",4.57e-31,0.794,0.094,0.049,8.51e-27,"GAA"
"LZTS3",4.72e-31,0.894,0.088,0.045,8.78e-27,"LZTS3"
"MAN2C1",4.8e-31,0.658,0.2,0.135,8.93e-27,"MAN2C1"
"EIF4G3",5.23e-31,0.226,0.954,0.947,9.74e-27,"EIF4G3"
"CERS4",5.55e-31,0.512,0.316,0.24,1.03e-26,"CERS4"
"PPP1R3B",5.59e-31,1.649,0.035,0.01,1.04e-26,"PPP1R3B"
"POLR2K",5.6e-31,0.315,0.69,0.638,1.04e-26,"POLR2K"
"CDON",5.61e-31,-0.577,0.172,0.238,1.04e-26,"CDON"
"RETREG2",5.74e-31,0.426,0.296,0.217,1.07e-26,"RETREG2"
"COMMD9",5.75e-31,0.442,0.302,0.222,1.07e-26,"COMMD9"
"SEL1L",6.06e-31,0.378,0.441,0.36,1.13e-26,"SEL1L"
"ARHGEF10",6.19e-31,0.456,0.286,0.209,1.15e-26,"ARHGEF10"
"TNFAIP1",6.2e-31,0.401,0.296,0.216,1.15e-26,"TNFAIP1"
"ADI1",6.28e-31,0.413,0.344,0.263,1.17e-26,"ADI1"
"RBM17",6.29e-31,0.263,0.741,0.689,1.17e-26,"RBM17"
"AATK",6.32e-31,0.925,0.094,0.05,1.18e-26,"AATK"
"POU2F1",6.41e-31,-0.165,0.932,0.936,1.19e-26,"POU2F1"
"SNX6",6.51e-31,0.251,0.805,0.791,1.21e-26,"SNX6"
"ACVR2B",6.62e-31,-0.333,0.358,0.435,1.23e-26,"ACVR2B"
"CREBRF",6.74e-31,0.428,0.444,0.358,1.25e-26,"CREBRF"
"INPP5F",7.19e-31,-0.286,0.441,0.515,1.34e-26,"INPP5F"
"ST6GALNAC5",7.43e-31,-0.885,0.52,0.544,1.38e-26,"ST6GALNAC5"
"CSTPP1",7.44e-31,0.23,0.811,0.764,1.38e-26,"CSTPP1"
"SMIM3",7.58e-31,0.951,0.08,0.039,1.41e-26,"SMIM3"
"WASF1",7.66e-31,-0.199,0.587,0.66,1.43e-26,"WASF1"
"SORCS1",7.8e-31,0.58,0.257,0.186,1.45e-26,"SORCS1"
"ANKRD6",8.32e-31,0.366,0.634,0.558,1.55e-26,"ANKRD6"
"PARL",8.33e-31,0.367,0.504,0.42,1.55e-26,"PARL"
"DTNBP1",8.39e-31,0.415,0.281,0.204,1.56e-26,"DTNBP1"
"PLOD2",8.78e-31,0.366,0.241,0.169,1.63e-26,"PLOD2"
"MIB2",9.04e-31,0.582,0.156,0.097,1.68e-26,"MIB2"
"TPRG1",9.58e-31,1.489,0.038,0.012,1.78e-26,"TPRG1"
"VLDLR",9.67e-31,0.58,0.139,0.084,1.8e-26,"VLDLR"
"PEX19",1.01e-30,0.545,0.189,0.125,1.89e-26,"PEX19"
"GXYLT2",1.02e-30,0.913,0.062,0.027,1.89e-26,"GXYLT2"
"CHMP4A",1.03e-30,0.412,0.39,0.308,1.92e-26,"CHMP4A"
"IDE",1.05e-30,0.393,0.318,0.239,1.96e-26,"IDE"
"TMEM129",1.06e-30,0.664,0.147,0.091,1.98e-26,"TMEM129"
"DNHD1",1.07e-30,0.471,0.321,0.242,1.99e-26,"DNHD1"
"NAP1L2",1.08e-30,0.95,0.06,0.025,2.02e-26,"NAP1L2"
"PTCD2",1.09e-30,0.658,0.161,0.102,2.03e-26,"PTCD2"
"BIVM",1.1e-30,0.276,0.386,0.294,2.05e-26,"BIVM"
"GDE1",1.11e-30,0.392,0.344,0.263,2.06e-26,"GDE1"
"FRS2",1.17e-30,0.312,0.734,0.678,2.17e-26,"FRS2"
"CELSR2",1.17e-30,0.414,0.394,0.311,2.17e-26,"CELSR2"
"MARS1",1.17e-30,0.569,0.282,0.208,2.19e-26,"MARS1"
"ENOSF1",1.19e-30,0.682,0.216,0.15,2.22e-26,"ENOSF1"
"TRIP12",1.21e-30,0.251,0.797,0.761,2.26e-26,"TRIP12"
"N4BP2L1",1.24e-30,0.866,0.12,0.07,2.3e-26,"N4BP2L1"
"GPRC5B",1.28e-30,0.558,0.371,0.295,2.38e-26,"GPRC5B"
"NFKB1",1.28e-30,0.402,0.342,0.26,2.39e-26,"NFKB1"
"SRP54",1.29e-30,0.32,0.682,0.62,2.41e-26,"SRP54"
"RHOG",1.32e-30,0.761,0.119,0.069,2.46e-26,"RHOG"
"COPA",1.33e-30,0.286,0.705,0.653,2.48e-26,"COPA"
"LIN54",1.35e-30,-0.444,0.339,0.405,2.51e-26,"LIN54"
"FAM135B",1.35e-30,-0.135,0.082,0.04,2.52e-26,"FAM135B"
"UPK2",1.36e-30,1.128,0.06,0.026,2.54e-26,"UPK2"
"TCP11L2",1.43e-30,0.656,0.123,0.071,2.66e-26,"TCP11L2"
"PEX6",1.46e-30,0.524,0.258,0.185,2.71e-26,"PEX6"
"HINT1",1.53e-30,0.178,0.97,0.98,2.86e-26,"HINT1"
"TGIF1",1.54e-30,0.442,0.362,0.279,2.87e-26,"TGIF1"
"RPL24",1.6e-30,0.162,0.984,0.992,2.97e-26,"RPL24"
"LMO7",1.6e-30,-0.686,0.187,0.253,2.99e-26,"LMO7"
"PTDSS2",1.64e-30,0.587,0.191,0.127,3.05e-26,"PTDSS2"
"EBNA1BP2",1.64e-30,0.42,0.427,0.347,3.05e-26,"EBNA1BP2"
"HELB",1.67e-30,0.592,0.213,0.147,3.11e-26,"HELB"
"CELF4",1.73e-30,-0.332,0.24,0.321,3.23e-26,"CELF4"
"MMP14",1.74e-30,1.309,0.08,0.04,3.24e-26,"MMP14"
"ACAT1",1.75e-30,0.319,0.564,0.483,3.25e-26,"ACAT1"
"RAB11FIP5",1.77e-30,1.017,0.078,0.039,3.3e-26,"RAB11FIP5"
"BUD31",1.81e-30,0.344,0.595,0.532,3.38e-26,"BUD31"
"ZFAND6",1.89e-30,0.269,0.825,0.784,3.52e-26,"ZFAND6"
"THBS3",2.06e-30,0.67,0.147,0.091,3.83e-26,"THBS3"
"ASS1",2.13e-30,-1.612,0.024,0.058,3.96e-26,"ASS1"
"KLHL23",2.18e-30,-0.244,0.731,0.766,4.06e-26,"KLHL23"
"RMI1",2.25e-30,-0.349,0.37,0.444,4.19e-26,"RMI1"
"MRPL34",2.33e-30,0.418,0.406,0.325,4.33e-26,"MRPL34"
"CLHC1",2.33e-30,0.379,0.415,0.331,4.33e-26,"CLHC1"
"UBE2E2",2.52e-30,0.17,0.285,0.204,4.69e-26,"UBE2E2"
"ZBTB7B",2.57e-30,2.269,0.028,0.006,4.78e-26,"ZBTB7B"
"SDHAF3",2.71e-30,0.439,0.338,0.26,5.05e-26,"SDHAF3"
"TRIM2",2.75e-30,-0.159,0.953,0.965,5.13e-26,"TRIM2"
"TANC2",2.85e-30,0.166,0.929,0.914,5.3e-26,"TANC2"
"ZDHHC24",2.89e-30,0.599,0.182,0.12,5.37e-26,"ZDHHC24"
"CBLB",3.16e-30,-0.144,0.616,0.689,5.89e-26,"CBLB"
"PNISR",3.17e-30,0.211,0.937,0.933,5.91e-26,"PNISR"
"SV2A",3.33e-30,0.359,0.427,0.345,6.19e-26,"SV2A"
"SOCS3",3.45e-30,1.064,0.12,0.071,6.41e-26,"SOCS3"
"ZFP69B",3.47e-30,-0.372,0.153,0.221,6.46e-26,"ZFP69B"
"FUBP1",3.63e-30,-0.182,0.812,0.846,6.76e-26,"FUBP1"
"KDELR2",3.67e-30,0.459,0.472,0.405,6.84e-26,"KDELR2"
"GCNT1",3.69e-30,1.319,0.064,0.029,6.87e-26,"GCNT1"
"EIF4A2",3.76e-30,0.209,0.917,0.907,7e-26,"EIF4A2"
"ZMAT5",3.87e-30,0.519,0.236,0.165,7.21e-26,"ZMAT5"
"GRAMD4",3.98e-30,0.517,0.282,0.208,7.41e-26,"GRAMD4"
"SCAP",4.05e-30,0.415,0.351,0.268,7.54e-26,"SCAP"
"CALCRL",4.06e-30,1.374,0.036,0.011,7.56e-26,"CALCRL"
"SPOCD1",4.25e-30,3.526,0.018,0.002,7.91e-26,"SPOCD1"
"FUS",4.29e-30,-0.18,0.942,0.95,7.99e-26,"FUS"
"HSBP1L1",4.37e-30,1.152,0.056,0.023,8.13e-26,"HSBP1L1"
"TRNT1",4.44e-30,0.426,0.356,0.275,8.27e-26,"TRNT1"
"KCNA2",4.5e-30,0.995,0.103,0.057,8.38e-26,"KCNA2"
"MCAM",4.54e-30,1.112,0.077,0.038,8.44e-26,"MCAM"
"HVCN1",4.65e-30,1.146,0.091,0.048,8.66e-26,"HVCN1"
"SNRPE",4.74e-30,-0.146,0.954,0.976,8.82e-26,"SNRPE"
"CBX6",4.85e-30,0.461,0.389,0.312,9.02e-26,"CBX6"
"NKAIN1",5.35e-30,-0.736,0.062,0.111,9.96e-26,"NKAIN1"
"CCDC9B",5.42e-30,1.788,0.031,0.008,1.01e-25,"CCDC9B"
"UQCRB",5.48e-30,0.226,0.932,0.938,1.02e-25,"UQCRB"
"ELN",5.59e-30,1.196,0.082,0.042,1.04e-25,"ELN"
"TFDP2",6.11e-30,-0.283,0.767,0.78,1.14e-25,"TFDP2"
"ARL14EP",6.44e-30,0.394,0.454,0.37,1.2e-25,"ARL14EP"
"PPP1R3D",6.48e-30,1.109,0.062,0.027,1.21e-25,"PPP1R3D"
"EXPH5",6.55e-30,1.284,0.07,0.033,1.22e-25,"EXPH5"
"CBX3",6.61e-30,-0.17,0.897,0.922,1.23e-25,"CBX3"
"ZNF436",6.82e-30,0.701,0.181,0.12,1.27e-25,"ZNF436"
"ZEB1",7.07e-30,0.181,0.832,0.778,1.32e-25,"ZEB1"
"ST3GAL1",7.43e-30,0.847,0.172,0.114,1.38e-25,"ST3GAL1"
"STUM",7.43e-30,1.225,0.071,0.034,1.38e-25,"STUM"
"RAB20",7.53e-30,2.011,0.029,0.007,1.4e-25,"RAB20"
"GUCY1A2",7.56e-30,-1.744,0.089,0.14,1.41e-25,"GUCY1A2"
"FOXJ3",7.82e-30,-0.138,0.798,0.84,1.45e-25,"FOXJ3"
"APLF",7.98e-30,0.685,0.153,0.097,1.49e-25,"APLF"
"IMP3",8.08e-30,0.387,0.385,0.304,1.5e-25,"IMP3"
"CDK4",8.4e-30,0.312,0.599,0.535,1.56e-25,"CDK4"
"ARMCX2",9.08e-30,0.57,0.181,0.119,1.69e-25,"ARMCX2"
"PER1",9.58e-30,0.757,0.099,0.054,1.78e-25,"PER1"
"ZNF92",9.71e-30,-0.265,0.444,0.513,1.81e-25,"ZNF92"
"MBTPS2",9.84e-30,0.435,0.266,0.193,1.83e-25,"MBTPS2"
"LCAT",1e-29,1.749,0.035,0.01,1.86e-25,"LCAT"
"CDC73",1.04e-29,0.297,0.673,0.607,1.94e-25,"CDC73"
"HMOX2",1.06e-29,0.399,0.287,0.209,1.97e-25,"HMOX2"
"UBE2R2",1.12e-29,-0.149,0.905,0.923,2.09e-25,"UBE2R2"
"UBLCP1",1.17e-29,0.366,0.452,0.37,2.17e-25,"UBLCP1"
"SMTN",1.19e-29,-1.004,0.039,0.079,2.21e-25,"SMTN"
"TTF2",1.21e-29,-0.735,0.171,0.232,2.25e-25,"TTF2"
"SEC11C",1.21e-29,0.273,0.668,0.6,2.26e-25,"SEC11C"
"PLXNA1",1.26e-29,0.662,0.139,0.086,2.34e-25,"PLXNA1"
"RNF168",1.26e-29,-0.253,0.45,0.518,2.35e-25,"RNF168"
"ADAM23",1.34e-29,0.173,0.544,0.454,2.5e-25,"ADAM23"
"CLCN7",1.35e-29,0.647,0.145,0.09,2.51e-25,"CLCN7"
"CDK17",1.35e-29,-0.211,0.711,0.757,2.51e-25,"CDK17"
"TTC39B",1.47e-29,0.513,0.158,0.1,2.74e-25,"TTC39B"
"ERGIC3",1.49e-29,0.363,0.522,0.446,2.77e-25,"ERGIC3"
"MRPS16",1.5e-29,0.343,0.558,0.492,2.8e-25,"MRPS16"
"CEP95",1.66e-29,-0.198,0.615,0.675,3.09e-25,"CEP95"
"FOXJ1",1.72e-29,2.357,0.031,0.008,3.2e-25,"FOXJ1"
"SCAF11",1.83e-29,0.249,0.714,0.651,3.4e-25,"SCAF11"
"DELE1",1.95e-29,0.533,0.209,0.144,3.63e-25,"DELE1"
"MMUT",2.04e-29,0.382,0.366,0.283,3.8e-25,"MMUT"
"ARHGEF40",2.05e-29,0.476,0.338,0.262,3.82e-25,"ARHGEF40"
"ZNRF2",2.09e-29,-0.478,0.29,0.359,3.89e-25,"ZNRF2"
"MRTFA",2.12e-29,-0.159,0.775,0.821,3.95e-25,"MRTFA"
"KIT",2.13e-29,-0.89,0.033,0.071,3.97e-25,"KIT"
"CFAP126",2.29e-29,1.944,0.036,0.011,4.26e-25,"CFAP126"
"ASPA",2.35e-29,4.272,0.016,0.001,4.37e-25,"ASPA"
"RAB3A",2.36e-29,-0.525,0.118,0.178,4.39e-25,"RAB3A"
"MANBAL",2.37e-29,0.444,0.291,0.216,4.41e-25,"MANBAL"
"OSTM1",2.46e-29,0.417,0.408,0.326,4.57e-25,"OSTM1"
"CACNG2",2.47e-29,-0.552,0.105,0.165,4.59e-25,"CACNG2"
"RNLS",2.66e-29,0.669,0.049,0.019,4.95e-25,"RNLS"
"CDH13",2.68e-29,1.107,0.054,0.022,4.99e-25,"CDH13"
"FGF9",2.76e-29,-0.242,0.166,0.238,5.14e-25,"FGF9"
"NUDCD2",2.83e-29,0.297,0.587,0.519,5.26e-25,"NUDCD2"
"DTHD1",2.92e-29,3.427,0.018,0.002,5.44e-25,"DTHD1"
"NECAP2",3.02e-29,0.497,0.312,0.238,5.63e-25,"NECAP2"
"KCND3",3.22e-29,0.558,0.362,0.285,6e-25,"KCND3"
"TRIB3",3.3e-29,1.398,0.058,0.025,6.14e-25,"TRIB3"
"QARS1",3.32e-29,0.511,0.222,0.154,6.17e-25,"QARS1"
"EIF6",3.57e-29,0.406,0.426,0.347,6.64e-25,"EIF6"
"TOM1L2",3.75e-29,0.406,0.521,0.441,6.98e-25,"TOM1L2"
"NOVA1",3.77e-29,0.292,0.805,0.769,7.01e-25,"NOVA1"
"EFNA2",3.78e-29,-0.432,0.195,0.266,7.03e-25,"EFNA2"
"CHRNA5",3.8e-29,-0.747,0.074,0.124,7.07e-25,"CHRNA5"
"UBE2A",3.87e-29,0.341,0.59,0.52,7.2e-25,"UBE2A"
"PFKFB2",3.9e-29,1.098,0.071,0.034,7.27e-25,"PFKFB2"
"RBBP9",3.91e-29,0.608,0.199,0.136,7.27e-25,"RBBP9"
"FRMPD3",3.93e-29,0.504,0.51,0.438,7.31e-25,"FRMPD3"
"ANGPTL2",3.99e-29,1.055,0.11,0.064,7.42e-25,"ANGPTL2"
"LGI1",4.37e-29,1.183,0.061,0.027,8.13e-25,"LGI1"
"TMEM126B",4.6e-29,0.416,0.367,0.288,8.56e-25,"TMEM126B"
"ZNF334",4.61e-29,0.471,0.27,0.197,8.58e-25,"ZNF334"
"CKS2",4.62e-29,-0.682,0.365,0.413,8.59e-25,"CKS2"
"ROCK2",4.9e-29,0.297,0.857,0.851,9.13e-25,"ROCK2"
"MEIKIN",5e-29,2.895,0.018,0.002,9.31e-25,"MEIKIN"
"DCAF13",5.03e-29,0.376,0.477,0.404,9.36e-25,"DCAF13"
"ADRB1",5.05e-29,2.784,0.018,0.002,9.4e-25,"ADRB1"
"SYNPO2",5.21e-29,1.86,0.02,0.003,9.71e-25,"SYNPO2"
"ZFPM1",5.22e-29,0.472,0.319,0.243,9.72e-25,"ZFPM1"
"ITGA5",5.24e-29,2.89,0.02,0.003,9.75e-25,"ITGA5"
"FZD6",5.78e-29,0.738,0.097,0.053,1.07e-24,"FZD6"
"EEF1AKMT1",5.91e-29,0.472,0.219,0.153,1.1e-24,"EEF1AKMT1"
"RRP36",5.95e-29,0.382,0.44,0.36,1.11e-24,"RRP36"
"ZNF85",6.05e-29,-0.392,0.233,0.304,1.13e-24,"ZNF85"
"CCDC96",6.33e-29,1.345,0.041,0.014,1.18e-24,"CCDC96"
"HACD1",6.46e-29,0.864,0.083,0.043,1.2e-24,"HACD1"
"MRPS2",6.59e-29,0.529,0.246,0.177,1.23e-24,"MRPS2"
"EMX2",6.89e-29,0.621,0.158,0.102,1.28e-24,"EMX2"
"SLC6A9",6.93e-29,1.738,0.038,0.012,1.29e-24,"SLC6A9"
"CBX1",7.01e-29,-0.144,0.835,0.868,1.31e-24,"CBX1"
"SETX",7.11e-29,0.304,0.632,0.573,1.32e-24,"SETX"
"HEXIM1",7.32e-29,0.524,0.247,0.178,1.36e-24,"HEXIM1"
"FAIM",7.44e-29,0.882,0.088,0.047,1.38e-24,"FAIM"
"C4orf46",7.6e-29,-0.465,0.181,0.247,1.41e-24,"C4orf46"
"STK32A",7.72e-29,0.812,0.126,0.076,1.44e-24,"STK32A"
"PPP1R26",7.91e-29,0.792,0.099,0.055,1.47e-24,"PPP1R26"
"TPM4",8.11e-29,-0.184,0.721,0.767,1.51e-24,"TPM4"
"NFIX",8.24e-29,0.292,0.815,0.772,1.53e-24,"NFIX"
"BLOC1S2",8.71e-29,0.34,0.5,0.422,1.62e-24,"BLOC1S2"
"TRUB2",8.72e-29,0.519,0.195,0.132,1.62e-24,"TRUB2"
"ZNF32",9.22e-29,0.304,0.529,0.443,1.72e-24,"ZNF32"
"PHAX",9.3e-29,0.304,0.633,0.575,1.73e-24,"PHAX"
"C17orf67",9.9e-29,0.879,0.092,0.049,1.84e-24,"C17orf67"
"NOB1",9.93e-29,0.49,0.207,0.142,1.85e-24,"NOB1"
"MALRD1",1e-28,1.206,0.042,0.015,1.86e-24,"MALRD1"
"TMED2",1.03e-28,0.311,0.618,0.559,1.92e-24,"TMED2"
"VASN",1.04e-28,1.505,0.043,0.015,1.93e-24,"VASN"
"YIPF6",1.05e-28,0.356,0.5,0.42,1.95e-24,"YIPF6"
"ATF4",1.05e-28,0.475,0.455,0.383,1.96e-24,"ATF4"
"C1orf131",1.05e-28,0.404,0.329,0.25,1.96e-24,"C1orf131"
"VWA5B1",1.06e-28,1.867,0.031,0.009,1.98e-24,"VWA5B1"
"MAEL",1.13e-28,1.146,0.049,0.019,2.1e-24,"MAEL"
"GSPT2",1.15e-28,0.375,0.362,0.283,2.15e-24,"GSPT2"
"PCYT1B",1.17e-28,0.433,0.338,0.262,2.17e-24,"PCYT1B"
"PTMS",1.21e-28,-0.126,0.975,0.99,2.25e-24,"PTMS"
"CTDSPL2",1.3e-28,-0.248,0.665,0.702,2.41e-24,"CTDSPL2"
"DBF4B",1.37e-28,-0.642,0.141,0.201,2.54e-24,"DBF4B"
"SLC6A16",1.39e-28,0.566,0.234,0.168,2.59e-24,"SLC6A16"
"MICAL1",1.43e-28,-0.372,0.137,0.201,2.65e-24,"MICAL1"
"STARD3NL",1.43e-28,0.303,0.65,0.6,2.66e-24,"STARD3NL"
"ZWILCH",1.44e-28,-0.43,0.201,0.269,2.68e-24,"ZWILCH"
"PIH1D2",1.45e-28,1.145,0.069,0.033,2.7e-24,"PIH1D2"
"AR",1.46e-28,0.287,0.406,0.32,2.71e-24,"AR"
"LACTB",1.46e-28,0.516,0.243,0.173,2.71e-24,"LACTB"
"MIA3",1.46e-28,0.311,0.601,0.524,2.72e-24,"MIA3"
"RAB1B",1.5e-28,0.472,0.293,0.22,2.8e-24,"RAB1B"
"SCGN",1.59e-28,-0.284,0.216,0.293,2.95e-24,"SCGN"
"UNC80",1.6e-28,0.359,0.274,0.198,2.98e-24,"UNC80"
"GPLD1",1.61e-28,0.617,0.109,0.062,3e-24,"GPLD1"
"SLC52A2",1.61e-28,0.475,0.202,0.138,3e-24,"SLC52A2"
"DOK6",1.62e-28,0.438,0.254,0.183,3.02e-24,"DOK6"
"ADM",1.74e-28,1.681,0.05,0.02,3.24e-24,"ADM"
"RPS6KA5",1.81e-28,-0.38,0.401,0.467,3.37e-24,"RPS6KA5"
"CCDC127",1.85e-28,0.467,0.274,0.202,3.45e-24,"CCDC127"
"ALG14",2.01e-28,0.399,0.295,0.22,3.74e-24,"ALG14"
"ANO5",2.02e-28,0.423,0.247,0.176,3.76e-24,"ANO5"
"GCHFR",2.04e-28,1.109,0.055,0.024,3.81e-24,"GCHFR"
"IKBKE",2.05e-28,1.195,0.049,0.02,3.81e-24,"IKBKE"
"LIN7A",2.14e-28,0.389,0.228,0.16,3.99e-24,"LIN7A"
"SECISBP2L",2.18e-28,0.243,0.672,0.603,4.06e-24,"SECISBP2L"
"XPNPEP3",2.2e-28,0.424,0.377,0.299,4.09e-24,"XPNPEP3"
"AMDHD2",2.26e-28,0.788,0.103,0.058,4.21e-24,"AMDHD2"
"OTUD6B",2.27e-28,0.417,0.311,0.235,4.23e-24,"OTUD6B"
"CPS1",2.33e-28,0.372,0.107,0.061,4.34e-24,"CPS1"
"DENND10",2.36e-28,0.36,0.456,0.376,4.39e-24,"DENND10"
"ARHGEF39",2.41e-28,-0.889,0.044,0.084,4.49e-24,"ARHGEF39"
"ATP13A5",2.52e-28,1.465,0.045,0.017,4.69e-24,"ATP13A5"
"NFATC4",2.57e-28,1.102,0.074,0.037,4.78e-24,"NFATC4"
"DERL2",2.61e-28,0.433,0.411,0.336,4.86e-24,"DERL2"
"AP1B1",2.83e-28,0.466,0.285,0.211,5.27e-24,"AP1B1"
"SCAF4",2.95e-28,-0.275,0.492,0.557,5.49e-24,"SCAF4"
"TAF3",3.02e-28,-0.259,0.556,0.617,5.62e-24,"TAF3"
"MRPS28",3.31e-28,0.251,0.57,0.484,6.16e-24,"MRPS28"
"OGFOD1",3.42e-28,0.395,0.282,0.207,6.37e-24,"OGFOD1"
"DPY19L4",3.51e-28,0.407,0.387,0.31,6.54e-24,"DPY19L4"
"RAB30",3.53e-28,0.35,0.49,0.405,6.57e-24,"RAB30"
"PPP1R18",3.55e-28,-0.417,0.239,0.308,6.62e-24,"PPP1R18"
"PSMC2",3.59e-28,0.368,0.51,0.436,6.68e-24,"PSMC2"
"MOSPD2",3.67e-28,0.391,0.299,0.223,6.83e-24,"MOSPD2"
"JTB",3.76e-28,0.31,0.619,0.57,6.99e-24,"JTB"
"NAP1L5",3.77e-28,0.538,0.162,0.104,7.02e-24,"NAP1L5"
"MAP4K5",3.82e-28,-0.163,0.847,0.878,7.12e-24,"MAP4K5"
"NTMT1",3.88e-28,0.44,0.271,0.2,7.22e-24,"NTMT1"
"NSMCE1",3.88e-28,0.473,0.208,0.143,7.23e-24,"NSMCE1"
"PDZRN4",4.08e-28,-0.212,0.311,0.389,7.59e-24,"PDZRN4"
"KIF24",4.1e-28,-0.607,0.143,0.203,7.62e-24,"KIF24"
"PDE3B",4.2e-28,-0.393,0.376,0.447,7.82e-24,"PDE3B"
"FAM234A",4.25e-28,0.532,0.279,0.207,7.91e-24,"FAM234A"
"SERPINE1",4.29e-28,2.793,0.026,0.006,7.99e-24,"SERPINE1"
"SCCPDH",4.39e-28,0.29,0.617,0.559,8.17e-24,"SCCPDH"
"CYB5R1",4.41e-28,0.472,0.229,0.161,8.2e-24,"CYB5R1"
"IGSF9B",4.48e-28,0.748,0.131,0.081,8.35e-24,"IGSF9B"
"ARSG",4.59e-28,0.941,0.072,0.035,8.55e-24,"ARSG"
"ERCC4",4.68e-28,0.363,0.367,0.285,8.7e-24,"ERCC4"
"ZNF365",4.7e-28,2.448,0.023,0.004,8.75e-24,"ZNF365"
"ZSWIM8",4.81e-28,0.378,0.342,0.261,8.96e-24,"ZSWIM8"
"SF3B2",4.87e-28,0.24,0.783,0.748,9.07e-24,"SF3B2"
"TTLL9",4.91e-28,0.483,0.122,0.073,9.14e-24,"TTLL9"
"DPP8",5.06e-28,0.402,0.537,0.463,9.41e-24,"DPP8"
"CHST6",5.09e-28,3.09,0.018,0.002,9.48e-24,"CHST6"
"TNKS1BP1",5.14e-28,0.503,0.212,0.147,9.57e-24,"TNKS1BP1"
"CMC2",5.16e-28,-0.406,0.495,0.538,9.6e-24,"CMC2"
"ERH",5.41e-28,0.184,0.944,0.944,1.01e-23,"ERH"
"FAM72D",5.46e-28,-1.248,0.029,0.064,1.02e-23,"FAM72D"
"ZNF404",5.97e-28,0.375,0.368,0.285,1.11e-23,"ZNF404"
"TUSC2",5.97e-28,0.381,0.335,0.256,1.11e-23,"TUSC2"
"HERC3",5.99e-28,-0.312,0.312,0.385,1.12e-23,"HERC3"
"FYN",6.07e-28,0.175,0.958,0.958,1.13e-23,"FYN"
"ST6GAL2",6.16e-28,0.567,0.3,0.227,1.15e-23,"ST6GAL2"
"NAMPT",6.22e-28,0.592,0.352,0.28,1.16e-23,"NAMPT"
"ADRA1A",6.43e-28,1.149,0.11,0.064,1.2e-23,"ADRA1A"
"PSRC1",6.7e-28,0.447,0.306,0.234,1.25e-23,"PSRC1"
"IFTAP",6.98e-28,0.364,0.376,0.293,1.3e-23,"IFTAP"
"MORN5",6.99e-28,1.108,0.05,0.02,1.3e-23,"MORN5"
"HNRNPL",7.1e-28,-0.231,0.621,0.667,1.32e-23,"HNRNPL"
"SLX9",7.14e-28,0.479,0.21,0.145,1.33e-23,"SLX9"
"BBC3",7.47e-28,0.911,0.136,0.085,1.39e-23,"BBC3"
"SGSH",7.85e-28,1.187,0.054,0.023,1.46e-23,"SGSH"
"ZNF783",7.93e-28,0.685,0.122,0.073,1.48e-23,"ZNF783"
"ZNF471",8.45e-28,-0.912,0.044,0.084,1.57e-23,"ZNF471"
"CSGALNACT2",8.68e-28,-0.21,0.578,0.639,1.62e-23,"CSGALNACT2"
"NCBP2AS2",8.75e-28,0.389,0.317,0.24,1.63e-23,"NCBP2AS2"
"THAP6",8.79e-28,0.463,0.306,0.231,1.64e-23,"THAP6"
"MLST8",8.81e-28,0.56,0.181,0.122,1.64e-23,"MLST8"
"CYCS",9e-28,0.347,0.668,0.63,1.67e-23,"CYCS"
"ZNF430",9.12e-28,-0.271,0.462,0.533,1.7e-23,"ZNF430"
"SFXN3",9.2e-28,0.792,0.088,0.047,1.71e-23,"SFXN3"
"KATNAL2",9.5e-28,0.643,0.151,0.097,1.77e-23,"KATNAL2"
"CSMD1",9.64e-28,0.508,0.117,0.07,1.79e-23,"CSMD1"
"GPC5",9.84e-28,1.19,0.041,0.015,1.83e-23,"GPC5"
"LETMD1",1.01e-27,0.695,0.129,0.079,1.89e-23,"LETMD1"
"ZFPM2",1.02e-27,0.217,0.462,0.363,1.91e-23,"ZFPM2"
"PTCD3",1.05e-27,0.335,0.555,0.483,1.96e-23,"PTCD3"
"RAVER2",1.11e-27,0.415,0.387,0.306,2.06e-23,"RAVER2"
"ZCCHC17",1.12e-27,0.28,0.636,0.572,2.08e-23,"ZCCHC17"
"AGAP1",1.12e-27,-0.143,0.788,0.825,2.08e-23,"AGAP1"
"PRDM2",1.12e-27,-0.199,0.64,0.695,2.09e-23,"PRDM2"
"NFATC3",1.13e-27,-0.281,0.603,0.636,2.1e-23,"NFATC3"
"NDUFB7",1.15e-27,0.254,0.774,0.751,2.15e-23,"NDUFB7"
"TSPAN13",1.16e-27,-0.58,0.098,0.153,2.15e-23,"TSPAN13"
"PPIL4",1.16e-27,0.282,0.638,0.574,2.15e-23,"PPIL4"
"NPY",1.16e-27,-0.134,0.122,0.181,2.17e-23,"NPY"
"PUS7",1.19e-27,0.439,0.266,0.195,2.21e-23,"PUS7"
"RIOK3",1.24e-27,0.388,0.508,0.434,2.31e-23,"RIOK3"
"IRF2",1.27e-27,0.412,0.351,0.274,2.36e-23,"IRF2"
"SCG2",1.28e-27,0.663,0.219,0.158,2.38e-23,"SCG2"
"EFS",1.3e-27,-0.561,0.097,0.15,2.41e-23,"EFS"
"NTSR2",1.36e-27,5.098,0.014,0.001,2.52e-23,"NTSR2"
"APEH",1.36e-27,0.52,0.172,0.114,2.53e-23,"APEH"
"TMEM229A",1.38e-27,4.653,0.014,0.001,2.57e-23,"TMEM229A"
"SYCP3",1.45e-27,0.826,0.123,0.074,2.7e-23,"SYCP3"
"PDP1",1.48e-27,-0.279,0.249,0.322,2.76e-23,"PDP1"
"IDH3A",1.5e-27,0.411,0.294,0.219,2.79e-23,"IDH3A"
"DIPK1A",1.55e-27,0.371,0.246,0.176,2.88e-23,"DIPK1A"
"ALDH4A1",1.58e-27,1.05,0.068,0.032,2.93e-23,"ALDH4A1"
"CUTC",1.6e-27,0.496,0.265,0.195,2.98e-23,"CUTC"
"FBN3",1.62e-27,-0.498,0.071,0.121,3.02e-23,"FBN3"
"MARK1",1.63e-27,-0.192,0.835,0.861,3.03e-23,"MARK1"
"HMGN5",1.68e-27,0.405,0.253,0.184,3.13e-23,"HMGN5"
"SNCAIP",1.71e-27,0.47,0.69,0.643,3.19e-23,"SNCAIP"
"ZNF771",1.72e-27,0.51,0.223,0.158,3.2e-23,"ZNF771"
"ALG1",1.75e-27,0.686,0.111,0.065,3.25e-23,"ALG1"
"SMAP1",1.75e-27,0.235,0.748,0.704,3.26e-23,"SMAP1"
"NEXMIF",1.78e-27,0.267,0.589,0.505,3.32e-23,"NEXMIF"
"KCNH5",1.84e-27,1.065,0.04,0.014,3.42e-23,"KCNH5"
"ACOT7",1.88e-27,-0.291,0.362,0.436,3.5e-23,"ACOT7"
"TOX4",1.89e-27,0.322,0.549,0.477,3.51e-23,"TOX4"
"CREB1",1.91e-27,-0.194,0.766,0.809,3.56e-23,"CREB1"
"KLF3",1.94e-27,0.428,0.312,0.237,3.61e-23,"KLF3"
"RALB",2e-27,0.512,0.213,0.149,3.72e-23,"RALB"
"CLIC1",2.01e-27,0.338,0.569,0.499,3.75e-23,"CLIC1"
"ZBTB17",2.06e-27,-0.321,0.308,0.382,3.83e-23,"ZBTB17"
"SGMS1",2.13e-27,0.354,0.451,0.363,3.96e-23,"SGMS1"
"EFHB",2.13e-27,0.749,0.068,0.033,3.97e-23,"EFHB"
"TLCD5",2.18e-27,0.41,0.239,0.17,4.06e-23,"TLCD5"
"TUB",2.2e-27,0.52,0.156,0.1,4.09e-23,"TUB"
"NOTCH1",2.26e-27,0.38,0.436,0.355,4.2e-23,"NOTCH1"
"RNPEPL1",2.31e-27,0.6,0.163,0.107,4.3e-23,"RNPEPL1"
"MCUR1",2.36e-27,0.383,0.358,0.282,4.39e-23,"MCUR1"
"SPTBN1",2.49e-27,0.227,0.847,0.814,4.63e-23,"SPTBN1"
"TTLL3",2.52e-27,0.494,0.255,0.185,4.69e-23,"TTLL3"
"CDYL",2.6e-27,0.377,0.548,0.47,4.84e-23,"CDYL"
"ANKRD10",2.6e-27,-0.164,0.797,0.832,4.84e-23,"ANKRD10"
"MANF",2.66e-27,0.479,0.491,0.431,4.96e-23,"MANF"
"SPIN1",2.71e-27,-0.119,0.881,0.899,5.04e-23,"SPIN1"
"ATRX",2.76e-27,-0.103,0.973,0.982,5.14e-23,"ATRX"
"AKAP3",2.79e-27,1.069,0.045,0.017,5.19e-23,"AKAP3"
"FBXO36",2.98e-27,0.516,0.214,0.15,5.56e-23,"FBXO36"
"ZNF576",3.09e-27,0.506,0.187,0.127,5.75e-23,"ZNF576"
"GTPBP6",3.1e-27,0.501,0.26,0.191,5.77e-23,"GTPBP6"
"GRID1",3.11e-27,0.304,0.174,0.114,5.78e-23,"GRID1"
"OMA1",3.16e-27,0.904,0.082,0.043,5.87e-23,"OMA1"
"MED17",3.16e-27,-0.221,0.539,0.602,5.88e-23,"MED17"
"MDFI",3.24e-27,0.46,0.172,0.113,6.03e-23,"MDFI"
"POLR2M",3.26e-27,0.436,0.264,0.194,6.07e-23,"POLR2M"
"MRPL52",3.3e-27,0.388,0.516,0.456,6.14e-23,"MRPL52"
"SMARCA4",3.41e-27,-0.122,0.801,0.843,6.35e-23,"SMARCA4"
"HMG20B",3.48e-27,0.426,0.366,0.292,6.47e-23,"HMG20B"
"C5orf34",3.48e-27,-0.697,0.109,0.163,6.47e-23,"C5orf34"
"TMEM107",3.63e-27,0.353,0.352,0.278,6.76e-23,"TMEM107"
"GINS1",3.65e-27,-0.436,0.241,0.308,6.79e-23,"GINS1"
"CD2BP2",3.67e-27,0.434,0.349,0.274,6.84e-23,"CD2BP2"
"CAMK1D",3.69e-27,-0.186,0.627,0.685,6.87e-23,"CAMK1D"
"RPL26L1",4e-27,0.284,0.605,0.538,7.44e-23,"RPL26L1"
"APOC1",4.09e-27,3.223,0.019,0.003,7.61e-23,"APOC1"
"STXBP5",4.15e-27,-0.26,0.57,0.623,7.73e-23,"STXBP5"
"TM9SF4",4.22e-27,0.356,0.447,0.37,7.85e-23,"TM9SF4"
"TPM3",4.35e-27,0.3,0.705,0.67,8.1e-23,"TPM3"
"CNIH1",4.63e-27,0.345,0.57,0.502,8.63e-23,"CNIH1"
"ADAMTS7",4.66e-27,-0.502,0.093,0.146,8.68e-23,"ADAMTS7"
"BNIP2",4.68e-27,0.356,0.525,0.451,8.71e-23,"BNIP2"
"CPNE5",4.83e-27,1.038,0.083,0.044,8.98e-23,"CPNE5"
"LRR1",4.89e-27,-0.547,0.209,0.271,9.11e-23,"LRR1"
"PEF1",4.9e-27,0.406,0.349,0.273,9.12e-23,"PEF1"
"CRY1",4.91e-27,0.373,0.489,0.411,9.14e-23,"CRY1"
"URM1",5.14e-27,0.352,0.37,0.293,9.57e-23,"URM1"
"STK39",5.25e-27,-0.352,0.853,0.848,9.78e-23,"STK39"
"C19orf18",5.28e-27,0.857,0.086,0.046,9.83e-23,"C19orf18"
"TTC38",5.31e-27,0.958,0.098,0.056,9.88e-23,"TTC38"
"RABGAP1",5.36e-27,0.243,0.822,0.788,9.98e-23,"RABGAP1"
"TUBGCP2",5.6e-27,0.375,0.498,0.424,1.04e-22,"TUBGCP2"
"PDP2",5.87e-27,0.73,0.107,0.062,1.09e-22,"PDP2"
"KLHL35",6.09e-27,-0.309,0.171,0.239,1.13e-22,"KLHL35"
"TMEM203",6.09e-27,0.347,0.361,0.283,1.13e-22,"TMEM203"
"CCDC124",6.26e-27,0.367,0.441,0.363,1.17e-22,"CCDC124"
"APTX",6.32e-27,0.357,0.456,0.375,1.18e-22,"APTX"
"UBAC1",6.7e-27,0.315,0.409,0.328,1.25e-22,"UBAC1"
"TSPAN15",6.75e-27,1.269,0.043,0.016,1.26e-22,"TSPAN15"
"CLN5",6.8e-27,0.365,0.419,0.337,1.27e-22,"CLN5"
"PTCHD4",6.86e-27,0.913,0.149,0.097,1.28e-22,"PTCHD4"
"MTFR1",6.91e-27,-0.251,0.452,0.52,1.29e-22,"MTFR1"
"NCK2",7e-27,-0.16,0.589,0.652,1.3e-22,"NCK2"
"POMGNT1",7.03e-27,0.483,0.236,0.169,1.31e-22,"POMGNT1"
"GOLM2",7.15e-27,0.213,0.857,0.837,1.33e-22,"GOLM2"
"SIX5",7.15e-27,1.154,0.073,0.037,1.33e-22,"SIX5"
"PAMR1",7.52e-27,1.873,0.032,0.009,1.4e-22,"PAMR1"
"WDR46",7.62e-27,0.457,0.206,0.144,1.42e-22,"WDR46"
"FAM114A1",7.63e-27,0.613,0.148,0.095,1.42e-22,"FAM114A1"
"ADAR",7.69e-27,0.319,0.63,0.569,1.43e-22,"ADAR"
"BBS12",7.77e-27,0.95,0.06,0.028,1.45e-22,"BBS12"
"SYNGAP1",7.84e-27,0.445,0.307,0.234,1.46e-22,"SYNGAP1"
"SLC35A4",8.01e-27,0.603,0.123,0.074,1.49e-22,"SLC35A4"
"TNRC6C",8.19e-27,-0.125,0.818,0.855,1.52e-22,"TNRC6C"
"LRRK2",8.23e-27,2.158,0.019,0.003,1.53e-22,"LRRK2"
"PMFBP1",8.31e-27,-1.097,0.036,0.072,1.55e-22,"PMFBP1"
"ITPK1",9.04e-27,0.532,0.283,0.214,1.68e-22,"ITPK1"
"C12orf29",9.53e-27,0.435,0.269,0.199,1.77e-22,"C12orf29"
"ZNF474",9.64e-27,2.656,0.021,0.004,1.79e-22,"ZNF474"
"SEPTIN6",9.92e-27,-0.51,0.222,0.283,1.85e-22,"SEPTIN6"
"SH3BP2",1.01e-26,0.458,0.231,0.165,1.87e-22,"SH3BP2"
"RNF157",1.03e-26,0.521,0.406,0.334,1.91e-22,"RNF157"
"TNKS2",1.03e-26,0.3,0.664,0.608,1.91e-22,"TNKS2"
"SLC2A12",1.08e-26,0.962,0.075,0.038,2e-22,"SLC2A12"
"THAP5",1.08e-26,0.357,0.357,0.278,2.01e-22,"THAP5"
"PPP4C",1.08e-26,0.281,0.708,0.673,2.01e-22,"PPP4C"
"TCAF1",1.08e-26,-0.169,0.743,0.793,2.02e-22,"TCAF1"
"GLRX5",1.09e-26,0.288,0.671,0.622,2.03e-22,"GLRX5"
"CARD19",1.13e-26,0.389,0.368,0.292,2.11e-22,"CARD19"
"NDUFA5",1.14e-26,0.227,0.767,0.732,2.12e-22,"NDUFA5"
"NAALAD2",1.14e-26,1.116,0.064,0.031,2.13e-22,"NAALAD2"
"CDC42EP4",1.15e-26,0.492,0.439,0.371,2.15e-22,"CDC42EP4"
"ACAA2",1.22e-26,0.443,0.367,0.294,2.27e-22,"ACAA2"
"DRAM1",1.23e-26,0.977,0.069,0.034,2.29e-22,"DRAM1"
"NDUFA2",1.24e-26,0.311,0.614,0.558,2.3e-22,"NDUFA2"
"TPGS1",1.31e-26,0.424,0.24,0.173,2.44e-22,"TPGS1"
"NACC1",1.36e-26,0.566,0.209,0.148,2.53e-22,"NACC1"
"ACTR1A",1.37e-26,-0.212,0.502,0.565,2.55e-22,"ACTR1A"
"AKR1C1",1.39e-26,-0.519,0.113,0.17,2.59e-22,"AKR1C1"
"KIAA1549L",1.39e-26,-0.194,0.553,0.616,2.59e-22,"KIAA1549L"
"ATP5MJ",1.44e-26,0.216,0.806,0.791,2.68e-22,"ATP5MJ"
"FAM210B",1.47e-26,0.379,0.42,0.34,2.74e-22,"FAM210B"
"SPG21",1.55e-26,0.367,0.476,0.401,2.88e-22,"SPG21"
"ENSG00000285130",1.65e-26,0.675,0.102,0.058,3.07e-22,"ENSG00000285130"
"TRIM8",1.7e-26,0.465,0.26,0.192,3.17e-22,"TRIM8"
"CCDC32",1.82e-26,0.432,0.298,0.226,3.4e-22,"CCDC32"
"TEKT1",1.84e-26,2.265,0.021,0.004,3.42e-22,"TEKT1"
"PEDS1",1.84e-26,0.628,0.147,0.095,3.43e-22,"PEDS1"
"ENDOG",1.86e-26,0.442,0.307,0.234,3.47e-22,"ENDOG"
"ITGAE",2e-26,0.39,0.492,0.428,3.72e-22,"ITGAE"
"INTS10",2.09e-26,0.316,0.467,0.389,3.9e-22,"INTS10"
"SIGMAR1",2.13e-26,0.54,0.172,0.115,3.97e-22,"SIGMAR1"
"ADNP",2.14e-26,-0.157,0.849,0.871,3.99e-22,"ADNP"
"UTP25",2.16e-26,0.536,0.129,0.08,4.01e-22,"UTP25"
"DNAJA3",2.23e-26,0.473,0.239,0.173,4.14e-22,"DNAJA3"
"MTUS1",2.3e-26,0.112,0.455,0.358,4.28e-22,"MTUS1"
"KHDC1",2.33e-26,0.53,0.229,0.165,4.34e-22,"KHDC1"
"SNRNP25",2.37e-26,0.357,0.462,0.388,4.41e-22,"SNRNP25"
"AKT1S1",2.4e-26,0.576,0.113,0.067,4.47e-22,"AKT1S1"
"RAB5IF",2.42e-26,0.325,0.527,0.458,4.51e-22,"RAB5IF"
"ZDHHC20",2.47e-26,-0.285,0.618,0.66,4.6e-22,"ZDHHC20"
"UPP2",2.48e-26,0.519,0.145,0.092,4.62e-22,"UPP2"
"MYCBP",2.55e-26,0.581,0.213,0.151,4.74e-22,"MYCBP"
"TLCD2",2.59e-26,2.009,0.022,0.004,4.81e-22,"TLCD2"
"ARMC3",2.61e-26,2.527,0.025,0.006,4.86e-22,"ARMC3"
"CCDC122",2.71e-26,1.742,0.028,0.007,5.05e-22,"CCDC122"
"LGMN",2.72e-26,0.548,0.192,0.133,5.06e-22,"LGMN"
"CCDC14",2.89e-26,-0.2,0.706,0.741,5.38e-22,"CCDC14"
"GINS2",3.08e-26,-0.486,0.251,0.317,5.73e-22,"GINS2"
"CRIPT",3.09e-26,0.318,0.566,0.498,5.74e-22,"CRIPT"
"ENSG00000283128",3.16e-26,0.312,0.331,0.254,5.89e-22,"ENSG00000283128"
"BICD2",3.17e-26,-0.346,0.328,0.394,5.9e-22,"BICD2"
"SEPTIN5",3.22e-26,-0.293,0.218,0.29,6e-22,"SEPTIN5"
"ABCF2",3.33e-26,0.545,0.161,0.106,6.2e-22,"ABCF2"
"MTX1",3.52e-26,0.44,0.222,0.158,6.56e-22,"MTX1"
"CFLAR",3.53e-26,0.892,0.079,0.041,6.57e-22,"CFLAR"
"CADM4",3.62e-26,0.37,0.513,0.44,6.74e-22,"CADM4"
"CORO1A",3.63e-26,-0.593,0.087,0.137,6.75e-22,"CORO1A"
"CDH20",3.64e-26,1.021,0.047,0.019,6.77e-22,"CDH20"
"ACADSB",3.74e-26,0.331,0.218,0.154,6.96e-22,"ACADSB"
"MARVELD1",3.81e-26,1.436,0.04,0.015,7.1e-22,"MARVELD1"
"C1QTNF1",3.9e-26,1.091,0.06,0.028,7.27e-22,"C1QTNF1"
"SH3PXD2B",3.94e-26,0.447,0.547,0.494,7.33e-22,"SH3PXD2B"
"PHF23",4e-26,0.425,0.288,0.216,7.45e-22,"PHF23"
"CRELD1",4e-26,0.91,0.083,0.044,7.45e-22,"CRELD1"
"MR1",4.03e-26,3.555,0.016,0.002,7.5e-22,"MR1"
"SLC2A4RG",4.04e-26,0.441,0.244,0.177,7.52e-22,"SLC2A4RG"
"UQCRC2",4.32e-26,0.26,0.714,0.673,8.04e-22,"UQCRC2"
"ZNF846",4.43e-26,0.508,0.2,0.139,8.24e-22,"ZNF846"
"HK1",4.47e-26,0.302,0.489,0.407,8.33e-22,"HK1"
"TLR3",4.49e-26,2.355,0.023,0.005,8.36e-22,"TLR3"
"MAP6",4.65e-26,0.186,0.456,0.366,8.66e-22,"MAP6"
"LAMA1",4.67e-26,0.538,0.194,0.135,8.69e-22,"LAMA1"
"CD46",4.87e-26,-0.206,0.682,0.733,9.06e-22,"CD46"
"STMN4",5.11e-26,0.203,0.566,0.479,9.52e-22,"STMN4"
"BECN1",5.12e-26,0.371,0.346,0.271,9.53e-22,"BECN1"
"DCP1B",5.14e-26,0.472,0.254,0.187,9.56e-22,"DCP1B"
"ATP11A",5.24e-26,0.367,0.439,0.36,9.75e-22,"ATP11A"
"SPCS3",5.47e-26,0.361,0.472,0.405,1.02e-21,"SPCS3"
"VPS25",5.48e-26,0.4,0.265,0.196,1.02e-21,"VPS25"
"DHX33",5.57e-26,0.468,0.258,0.189,1.04e-21,"DHX33"
"PPP1CC",5.67e-26,0.278,0.701,0.66,1.05e-21,"PPP1CC"
"POPDC3",5.69e-26,4.23,0.014,0.001,1.06e-21,"POPDC3"
"ARAP1",5.81e-26,0.895,0.068,0.034,1.08e-21,"ARAP1"
"CES2",5.89e-26,0.411,0.21,0.148,1.1e-21,"CES2"
"GPC6",5.98e-26,-0.186,0.661,0.534,1.11e-21,"GPC6"
"GSPT1",6.25e-26,0.24,0.749,0.71,1.16e-21,"GSPT1"
"ATF3",6.3e-26,1.422,0.063,0.03,1.17e-21,"ATF3"
"MRPS21",6.77e-26,0.276,0.718,0.692,1.26e-21,"MRPS21"
"PICALM",7.04e-26,-0.134,0.853,0.872,1.31e-21,"PICALM"
"RANBP9",7.11e-26,-0.211,0.709,0.747,1.32e-21,"RANBP9"
"SNAPC5",7.19e-26,0.446,0.236,0.17,1.34e-21,"SNAPC5"
"YIF1B",7.26e-26,0.487,0.163,0.108,1.35e-21,"YIF1B"
"ERCC1",7.53e-26,0.369,0.463,0.39,1.4e-21,"ERCC1"
"ZDHHC16",7.62e-26,0.445,0.252,0.185,1.42e-21,"ZDHHC16"
"PCDH9",7.8e-26,-0.362,0.605,0.497,1.45e-21,"PCDH9"
"OSBPL2",8.24e-26,0.419,0.3,0.229,1.53e-21,"OSBPL2"
"PAX6",8.33e-26,0.464,0.383,0.309,1.55e-21,"PAX6"
"ZNF682",8.73e-26,-0.325,0.403,0.464,1.63e-21,"ZNF682"
"NXPH3",9.72e-26,1.901,0.029,0.009,1.81e-21,"NXPH3"
"NT5E",9.81e-26,1.739,0.025,0.006,1.83e-21,"NT5E"
"ROCK1",1.01e-25,-0.14,0.849,0.876,1.87e-21,"ROCK1"
"KEAP1",1.04e-25,0.419,0.27,0.201,1.93e-21,"KEAP1"
"MT-ATP8",1.07e-25,0.38,0.573,0.52,1.99e-21,"MT-ATP8"
"EIF2S3",1.07e-25,0.307,0.662,0.614,1.99e-21,"EIF2S3"
"DSTYK",1.07e-25,0.291,0.59,0.52,1.99e-21,"DSTYK"
"MED28",1.08e-25,0.344,0.529,0.46,2e-21,"MED28"
"BRAF",1.09e-25,-0.142,0.876,0.895,2.04e-21,"BRAF"
"POLA2",1.1e-25,-0.502,0.13,0.186,2.05e-21,"POLA2"
"CITED4",1.11e-25,0.829,0.071,0.036,2.06e-21,"CITED4"
"CLN8",1.13e-25,0.504,0.213,0.151,2.1e-21,"CLN8"
"AIFM1",1.14e-25,0.452,0.274,0.205,2.13e-21,"AIFM1"
"UBL5",1.15e-25,0.202,0.897,0.909,2.14e-21,"UBL5"
"IPMK",1.16e-25,-0.389,0.363,0.427,2.15e-21,"IPMK"
"YEATS2",1.18e-25,-0.145,0.766,0.808,2.2e-21,"YEATS2"
"DDO",1.23e-25,3.779,0.014,0.001,2.28e-21,"DDO"
"PTPN12",1.25e-25,-0.151,0.789,0.826,2.34e-21,"PTPN12"
"CFAP91",1.34e-25,1.717,0.037,0.013,2.49e-21,"CFAP91"
"THNSL1",1.39e-25,0.578,0.11,0.065,2.58e-21,"THNSL1"
"TTC14",1.42e-25,0.266,0.595,0.521,2.65e-21,"TTC14"
"TTC19",1.43e-25,0.299,0.706,0.66,2.67e-21,"TTC19"
"MAVS",1.44e-25,0.442,0.287,0.218,2.68e-21,"MAVS"
"GOLM1",1.48e-25,0.235,0.842,0.814,2.76e-21,"GOLM1"
"SLC25A20",1.53e-25,0.798,0.066,0.032,2.84e-21,"SLC25A20"
"EIF1AX",1.55e-25,0.206,0.889,0.869,2.89e-21,"EIF1AX"
"POLE4",1.55e-25,0.416,0.345,0.275,2.89e-21,"POLE4"
"CLUH",1.57e-25,0.717,0.095,0.054,2.93e-21,"CLUH"
"USP40",1.61e-25,0.366,0.319,0.246,3e-21,"USP40"
"VSIG10",1.62e-25,0.461,0.269,0.201,3.02e-21,"VSIG10"
"BLOC1S4",1.72e-25,0.36,0.406,0.329,3.2e-21,"BLOC1S4"
"H4C8",1.77e-25,-0.339,0.058,0.1,3.3e-21,"H4C8"
"NDUFB1",1.83e-25,0.296,0.641,0.592,3.4e-21,"NDUFB1"
"NDUFAF4",1.91e-25,0.389,0.277,0.207,3.56e-21,"NDUFAF4"
"WBP1L",1.93e-25,0.442,0.34,0.267,3.59e-21,"WBP1L"
"SNAP25",1.98e-25,-0.234,0.336,0.413,3.69e-21,"SNAP25"
"PRKACB",1.98e-25,0.232,0.736,0.671,3.69e-21,"PRKACB"
"TMEM234",2.01e-25,0.604,0.115,0.069,3.74e-21,"TMEM234"
"RALYL",2.02e-25,-0.523,0.201,0.14,3.75e-21,"RALYL"
"ASCC1",2.02e-25,0.28,0.442,0.36,3.76e-21,"ASCC1"
"TNFRSF19",2.02e-25,0.218,0.236,0.169,3.77e-21,"TNFRSF19"
"MGRN1",2.04e-25,0.414,0.418,0.342,3.79e-21,"MGRN1"
"PBDC1",2.04e-25,0.374,0.393,0.319,3.8e-21,"PBDC1"
"ANKRD12",2.07e-25,-0.144,0.919,0.937,3.86e-21,"ANKRD12"
"GPI",2.16e-25,0.469,0.499,0.429,4.03e-21,"GPI"
"DNER",2.2e-25,0.152,0.639,0.571,4.1e-21,"DNER"
"VANGL1",2.23e-25,1.154,0.071,0.037,4.15e-21,"VANGL1"
"ATG9A",2.28e-25,0.637,0.111,0.067,4.25e-21,"ATG9A"
"MMGT1",2.29e-25,0.447,0.27,0.203,4.25e-21,"MMGT1"
"DUSP1",2.3e-25,-0.349,0.189,0.254,4.28e-21,"DUSP1"
"EPB41L2",2.32e-25,0.231,0.332,0.256,4.31e-21,"EPB41L2"
"GALNT11",2.32e-25,0.271,0.54,0.456,4.32e-21,"GALNT11"
"TMIE",2.39e-25,2.751,0.017,0.002,4.45e-21,"TMIE"
"HNRNPF",2.41e-25,0.241,0.765,0.736,4.49e-21,"HNRNPF"
"ENSG00000285837",2.49e-25,1.808,0.022,0.005,4.64e-21,"ENSG00000285837"
"INTS3",2.56e-25,0.392,0.36,0.287,4.76e-21,"INTS3"
"FSIP1",2.57e-25,0.593,0.1,0.058,4.78e-21,"FSIP1"
"AIFM2",2.58e-25,0.829,0.068,0.034,4.79e-21,"AIFM2"
"PDIA5",2.61e-25,0.597,0.171,0.117,4.87e-21,"PDIA5"
"PCNT",2.65e-25,-0.35,0.331,0.394,4.94e-21,"PCNT"
"CTF1",2.67e-25,1.458,0.037,0.013,4.97e-21,"CTF1"
"HRH1",2.75e-25,1.789,0.022,0.005,5.12e-21,"HRH1"
"SLITRK6",2.93e-25,-3.013,0.003,0.02,5.46e-21,"SLITRK6"
"SPG7",3.03e-25,0.371,0.547,0.478,5.64e-21,"SPG7"
"SLC2A5",3.04e-25,3.413,0.015,0.001,5.65e-21,"SLC2A5"
"ABHD6",3.14e-25,0.493,0.163,0.108,5.85e-21,"ABHD6"
"TIMELESS",3.3e-25,-0.609,0.147,0.203,6.14e-21,"TIMELESS"
"MRPL17",3.31e-25,0.458,0.307,0.237,6.16e-21,"MRPL17"
"SCD5",3.35e-25,0.384,0.7,0.641,6.24e-21,"SCD5"
"PHC2",3.46e-25,-0.167,0.635,0.696,6.44e-21,"PHC2"
"TMPRSS5",3.6e-25,0.803,0.111,0.067,6.7e-21,"TMPRSS5"
"ACY1",3.6e-25,0.966,0.063,0.03,6.71e-21,"ACY1"
"GATAD2A",3.62e-25,0.357,0.459,0.387,6.73e-21,"GATAD2A"
"RRP9",3.67e-25,0.591,0.117,0.071,6.83e-21,"RRP9"
"PHF20",3.77e-25,-0.176,0.728,0.775,7.02e-21,"PHF20"
"TMEM87B",3.82e-25,0.5,0.261,0.196,7.11e-21,"TMEM87B"
"STEAP1B",3.9e-25,0.35,0.46,0.388,7.25e-21,"STEAP1B"
"DENND4C",3.94e-25,-0.169,0.777,0.81,7.34e-21,"DENND4C"
"PHF14",3.96e-25,-0.123,0.934,0.954,7.37e-21,"PHF14"
"ACER3",3.98e-25,0.34,0.628,0.564,7.4e-21,"ACER3"
"PAICS",4e-25,0.281,0.582,0.517,7.45e-21,"PAICS"
"EHMT1",4.07e-25,-0.137,0.842,0.867,7.58e-21,"EHMT1"
"UBXN8",4.08e-25,0.49,0.158,0.105,7.6e-21,"UBXN8"
"NFKB2",4.19e-25,1.25,0.044,0.018,7.8e-21,"NFKB2"
"TSHZ2",4.24e-25,-2.432,0.016,0.042,7.89e-21,"TSHZ2"
"CACNG7",4.28e-25,0.358,0.466,0.388,7.97e-21,"CACNG7"
"CEP43",4.33e-25,-0.39,0.379,0.431,8.05e-21,"CEP43"
"MKKS",4.38e-25,0.493,0.194,0.135,8.14e-21,"MKKS"
"SMIM8",4.4e-25,0.303,0.502,0.421,8.19e-21,"SMIM8"
"FKBP5",4.44e-25,-1.21,0.044,0.081,8.26e-21,"FKBP5"
"DMAC2L",4.54e-25,0.3,0.409,0.331,8.46e-21,"DMAC2L"
"SSR1",4.58e-25,0.296,0.57,0.505,8.52e-21,"SSR1"
"NUTF2",4.58e-25,0.338,0.53,0.473,8.52e-21,"NUTF2"
"TTC1",4.65e-25,0.278,0.635,0.573,8.65e-21,"TTC1"
"PSME2",4.71e-25,0.446,0.358,0.29,8.77e-21,"PSME2"
"SCML1",4.73e-25,-0.233,0.322,0.392,8.81e-21,"SCML1"
"APOL6",4.81e-25,3.861,0.014,0.001,8.95e-21,"APOL6"
"GORAB",5.03e-25,0.489,0.181,0.124,9.37e-21,"GORAB"
"SETD9",5.27e-25,0.729,0.085,0.046,9.82e-21,"SETD9"
"APLNR",5.41e-25,7.307,0.011,0,1.01e-20,"APLNR"
"ELMO1",5.52e-25,-0.579,0.238,0.298,1.03e-20,"ELMO1"
"TET2",5.55e-25,-0.161,0.826,0.848,1.03e-20,"TET2"
"EIF4H",5.65e-25,0.327,0.572,0.514,1.05e-20,"EIF4H"
"ANO4",5.68e-25,-0.839,0.048,0.088,1.06e-20,"ANO4"
"PXDC1",5.68e-25,0.307,0.204,0.142,1.06e-20,"PXDC1"
"SPPL2A",5.71e-25,0.271,0.664,0.601,1.06e-20,"SPPL2A"
"METTL3",5.76e-25,0.433,0.314,0.242,1.07e-20,"METTL3"
"CCDC40",5.85e-25,0.538,0.153,0.101,1.09e-20,"CCDC40"
"H2AC21",5.86e-25,-1.291,0.025,0.056,1.09e-20,"H2AC21"
"DIAPH2",5.91e-25,0.101,0.457,0.36,1.1e-20,"DIAPH2"
"CHST2",5.93e-25,1.364,0.028,0.008,1.1e-20,"CHST2"
"USE1",5.99e-25,0.399,0.321,0.249,1.11e-20,"USE1"
"TSC22D1",6.08e-25,-0.124,0.923,0.94,1.13e-20,"TSC22D1"
"TIMM8B",6.19e-25,0.297,0.623,0.576,1.15e-20,"TIMM8B"
"BBS10",6.19e-25,0.498,0.166,0.111,1.15e-20,"BBS10"
"ADSS1",6.39e-25,2.038,0.025,0.006,1.19e-20,"ADSS1"
"SORBS2",6.4e-25,0.164,0.508,0.409,1.19e-20,"SORBS2"
"MAN2B1",6.47e-25,0.518,0.17,0.115,1.2e-20,"MAN2B1"
"GOLGA4",6.55e-25,0.27,0.802,0.767,1.22e-20,"GOLGA4"
"PSMD7",6.57e-25,0.286,0.64,0.595,1.22e-20,"PSMD7"
"PDCL2",6.69e-25,-1.467,0.014,0.039,1.24e-20,"PDCL2"
"COA8",6.74e-25,0.296,0.485,0.408,1.25e-20,"COA8"
"SEC24D",6.83e-25,0.542,0.167,0.113,1.27e-20,"SEC24D"
"SLC35G1",6.95e-25,0.518,0.158,0.105,1.29e-20,"SLC35G1"
"ENSG00000280219",7.04e-25,3.345,0.014,0.001,1.31e-20,"ENSG00000280219"
"LPGAT1",7.11e-25,-0.174,0.619,0.682,1.32e-20,"LPGAT1"
"RPL27",8.05e-25,0.141,0.982,0.992,1.5e-20,"RPL27"
"PDE8B",8.63e-25,1.413,0.036,0.013,1.61e-20,"PDE8B"
"RAB11FIP2",8.67e-25,0.309,0.38,0.303,1.61e-20,"RAB11FIP2"
"NPM3",8.83e-25,0.5,0.19,0.133,1.64e-20,"NPM3"
"BCL2",8.91e-25,0.247,0.327,0.25,1.66e-20,"BCL2"
"PALS2",9.09e-25,0.205,0.396,0.315,1.69e-20,"PALS2"
"EPHA2",9.11e-25,1.862,0.027,0.008,1.7e-20,"EPHA2"
"DGCR6L",9.38e-25,0.397,0.384,0.313,1.75e-20,"DGCR6L"
"TTC27",9.41e-25,0.343,0.328,0.252,1.75e-20,"TTC27"
"LMF2",9.47e-25,0.631,0.137,0.088,1.76e-20,"LMF2"
"RUNX1T1",9.64e-25,-0.949,0.228,0.279,1.79e-20,"RUNX1T1"
"ECE1",9.69e-25,0.577,0.223,0.163,1.8e-20,"ECE1"
"PLEKHA8",9.98e-25,-0.279,0.546,0.598,1.86e-20,"PLEKHA8"
"MTCH2",1e-24,0.309,0.624,0.573,1.87e-20,"MTCH2"
"MORN4",1.06e-24,0.343,0.264,0.194,1.97e-20,"MORN4"
"POLH",1.06e-24,-0.372,0.3,0.365,1.98e-20,"POLH"
"CNR1",1.1e-24,0.222,0.155,0.102,2.06e-20,"CNR1"
"SH3GL1",1.11e-24,0.37,0.33,0.258,2.06e-20,"SH3GL1"
"ZBTB44",1.14e-24,-0.22,0.542,0.597,2.11e-20,"ZBTB44"
"SDCCAG8",1.16e-24,0.223,0.745,0.682,2.16e-20,"SDCCAG8"
"KIAA2026",1.16e-24,-0.203,0.711,0.749,2.16e-20,"KIAA2026"
"C6orf62",1.17e-24,0.26,0.68,0.638,2.17e-20,"C6orf62"
"BCKDHB",1.21e-24,0.197,0.364,0.282,2.25e-20,"BCKDHB"
"DAZAP1",1.23e-24,-0.28,0.371,0.437,2.29e-20,"DAZAP1"
"GTF3C6",1.29e-24,0.246,0.743,0.727,2.4e-20,"GTF3C6"
"SH3D19",1.3e-24,0.775,0.305,0.244,2.42e-20,"SH3D19"
"FAM91A1",1.32e-24,0.334,0.379,0.304,2.45e-20,"FAM91A1"
"H2AX",1.35e-24,-0.828,0.391,0.417,2.52e-20,"H2AX"
"TMEM128",1.4e-24,0.316,0.387,0.311,2.6e-20,"TMEM128"
"KAT6A",1.41e-24,-0.139,0.826,0.846,2.62e-20,"KAT6A"
"PLGRKT",1.48e-24,0.292,0.508,0.43,2.75e-20,"PLGRKT"
"CDC6",1.55e-24,-0.713,0.082,0.128,2.88e-20,"CDC6"
"H3C10",1.61e-24,-1.308,0.023,0.053,3e-20,"H3C10"
"NONO",1.65e-24,-0.149,0.841,0.872,3.07e-20,"NONO"
"PSMB2",1.66e-24,0.211,0.778,0.749,3.1e-20,"PSMB2"
"CLIC4",1.68e-24,-0.208,0.81,0.834,3.13e-20,"CLIC4"
"GUF1",1.71e-24,0.36,0.325,0.253,3.19e-20,"GUF1"
"C1QTNF6",1.72e-24,0.721,0.077,0.041,3.21e-20,"C1QTNF6"
"TMEM243",1.74e-24,0.53,0.175,0.12,3.25e-20,"TMEM243"
"NDUFV2",1.8e-24,0.227,0.769,0.747,3.36e-20,"NDUFV2"
"RBMS2",1.82e-24,0.366,0.358,0.284,3.4e-20,"RBMS2"
"ADAMTS17",1.83e-24,0.782,0.115,0.071,3.4e-20,"ADAMTS17"
"BBOF1",1.85e-24,0.529,0.124,0.077,3.44e-20,"BBOF1"
"CUEDC2",1.99e-24,0.31,0.636,0.578,3.71e-20,"CUEDC2"
"FAM204A",2.05e-24,0.272,0.65,0.59,3.82e-20,"FAM204A"
"IQCG",2.07e-24,0.364,0.339,0.265,3.86e-20,"IQCG"
"WDR31",2.09e-24,0.534,0.129,0.081,3.88e-20,"WDR31"
"CFAP161",2.12e-24,-0.522,0.073,0.119,3.95e-20,"CFAP161"
"ITGB4",2.24e-24,2.314,0.021,0.005,4.18e-20,"ITGB4"
"SLC25A29",2.27e-24,-0.193,0.415,0.491,4.23e-20,"SLC25A29"
"SYNJ2",2.27e-24,1.231,0.072,0.038,4.23e-20,"SYNJ2"
"EIF4B",2.31e-24,0.221,0.859,0.838,4.29e-20,"EIF4B"
"MRPL54",2.44e-24,0.34,0.391,0.316,4.55e-20,"MRPL54"
"RPL14",2.55e-24,0.173,0.978,0.988,4.75e-20,"RPL14"
"EDEM3",2.69e-24,0.339,0.399,0.323,5e-20,"EDEM3"
"MCRIP1",2.73e-24,0.27,0.624,0.567,5.08e-20,"MCRIP1"
"ZNF22",2.78e-24,0.257,0.694,0.644,5.18e-20,"ZNF22"
"ING1",2.79e-24,-0.308,0.306,0.374,5.2e-20,"ING1"
"CX3CL1",2.81e-24,0.843,0.055,0.026,5.23e-20,"CX3CL1"
"IGSF1",2.91e-24,0.142,0.438,0.347,5.42e-20,"IGSF1"
"SPATA24",2.94e-24,0.925,0.066,0.034,5.48e-20,"SPATA24"
"NEURL2",3e-24,1.364,0.039,0.015,5.59e-20,"NEURL2"
"HIGD2A",3.12e-24,0.295,0.59,0.535,5.81e-20,"HIGD2A"
"TMEM267",3.13e-24,0.394,0.28,0.212,5.82e-20,"TMEM267"
"PRKCQ",3.22e-24,1.402,0.055,0.026,5.99e-20,"PRKCQ"
"IFRD2",3.25e-24,0.582,0.156,0.105,6.04e-20,"IFRD2"
"APPBP2",3.35e-24,0.244,0.74,0.693,6.23e-20,"APPBP2"
"RRP15",3.4e-24,0.355,0.31,0.238,6.33e-20,"RRP15"
"ITPA",3.41e-24,0.372,0.391,0.32,6.34e-20,"ITPA"
"NAGA",3.55e-24,0.715,0.104,0.062,6.61e-20,"NAGA"
"FICD",3.55e-24,0.646,0.101,0.06,6.62e-20,"FICD"
"TMEM50A",3.61e-24,0.229,0.746,0.718,6.72e-20,"TMEM50A"
"RASSF8",3.63e-24,0.241,0.363,0.284,6.75e-20,"RASSF8"
"PHACTR3",3.64e-24,-0.231,0.226,0.297,6.77e-20,"PHACTR3"
"ABTB1",3.7e-24,1.363,0.043,0.017,6.88e-20,"ABTB1"
"PSMC3IP",3.75e-24,-0.468,0.138,0.193,6.97e-20,"PSMC3IP"
"FDX1",3.85e-24,0.341,0.469,0.397,7.16e-20,"FDX1"
"TMEM184C",3.9e-24,0.346,0.385,0.308,7.26e-20,"TMEM184C"
"AIDA",3.9e-24,0.308,0.483,0.41,7.27e-20,"AIDA"
"MRPS11",3.94e-24,0.325,0.381,0.307,7.34e-20,"MRPS11"
"CNOT2",3.99e-24,-0.152,0.794,0.832,7.42e-20,"CNOT2"
"NRXN2",4.1e-24,0.311,0.53,0.449,7.62e-20,"NRXN2"
"ZNF107",4.16e-24,-0.427,0.301,0.36,7.74e-20,"ZNF107"
"TCTA",4.18e-24,0.693,0.095,0.055,7.78e-20,"TCTA"
"SLC32A1",4.22e-24,-0.141,0.189,0.262,7.86e-20,"SLC32A1"
"MTIF3",4.27e-24,0.315,0.451,0.375,7.95e-20,"MTIF3"
"IPCEF1",4.35e-24,1.101,0.034,0.012,8.1e-20,"IPCEF1"
"TMEM115",4.46e-24,0.489,0.169,0.115,8.31e-20,"TMEM115"
"MPHOSPH9",4.49e-24,-0.355,0.478,0.52,8.35e-20,"MPHOSPH9"
"SMIM18",4.54e-24,-0.521,0.07,0.115,8.45e-20,"SMIM18"
"D2HGDH",4.54e-24,0.653,0.149,0.099,8.45e-20,"D2HGDH"
"ENSG00000280187",4.54e-24,0.981,0.057,0.027,8.46e-20,"ENSG00000280187"
"CCDC153",4.71e-24,2.021,0.023,0.005,8.78e-20,"CCDC153"
"PIGB",4.96e-24,0.374,0.209,0.148,9.24e-20,"PIGB"
"RAB37",5.02e-24,2.239,0.018,0.003,9.34e-20,"RAB37"
"METTL8",5.05e-24,0.284,0.39,0.312,9.39e-20,"METTL8"
"ZBTB8A",5.18e-24,-0.182,0.452,0.525,9.64e-20,"ZBTB8A"
"TPI1",5.31e-24,0.15,0.758,0.728,9.88e-20,"TPI1"
"RNF138",5.45e-24,-0.311,0.461,0.511,1.01e-19,"RNF138"
"CPQ",5.66e-24,1.624,0.029,0.009,1.05e-19,"CPQ"
"NAALADL2",5.7e-24,0.149,0.603,0.514,1.06e-19,"NAALADL2"
"CNTLN",5.74e-24,-0.514,0.533,0.555,1.07e-19,"CNTLN"
"BCCIP",5.86e-24,0.305,0.544,0.48,1.09e-19,"BCCIP"
"ENKD1",5.98e-24,0.595,0.127,0.081,1.11e-19,"ENKD1"
"TMEM65",6.05e-24,0.338,0.493,0.413,1.13e-19,"TMEM65"
"GSTM2",6.09e-24,0.772,0.092,0.053,1.13e-19,"GSTM2"
"MUC20",6.13e-24,0.815,0.091,0.052,1.14e-19,"MUC20"
"SLC39A3",6.26e-24,0.411,0.269,0.203,1.16e-19,"SLC39A3"
"TGFB1I1",6.42e-24,0.533,0.183,0.128,1.2e-19,"TGFB1I1"
"MLLT3",6.5e-24,-0.19,0.85,0.874,1.21e-19,"MLLT3"
"POLB",7.14e-24,-0.264,0.382,0.452,1.33e-19,"POLB"
"NBPF14",7.23e-24,0.697,0.154,0.104,1.35e-19,"NBPF14"
"FEZF1",7.36e-24,0.848,0.094,0.055,1.37e-19,"FEZF1"
"BCAT1",7.41e-24,0.781,0.065,0.033,1.38e-19,"BCAT1"
"TAF10",7.41e-24,0.359,0.504,0.443,1.38e-19,"TAF10"
"NRIP1",7.44e-24,-0.3,0.633,0.664,1.39e-19,"NRIP1"
"TGDS",7.45e-24,0.682,0.112,0.069,1.39e-19,"TGDS"
"TMEM221",7.48e-24,1.383,0.045,0.019,1.39e-19,"TMEM221"
"TCN2",7.64e-24,0.643,0.085,0.047,1.42e-19,"TCN2"
"UNC93B1",7.65e-24,2.023,0.024,0.006,1.42e-19,"UNC93B1"
"LRRC27",7.89e-24,0.452,0.245,0.18,1.47e-19,"LRRC27"
"SLC39A8",7.96e-24,0.577,0.105,0.063,1.48e-19,"SLC39A8"
"CDC27",8.88e-24,-0.247,0.718,0.735,1.65e-19,"CDC27"
"C2orf69",9.06e-24,-0.351,0.31,0.372,1.69e-19,"C2orf69"
"ZNF226",9.34e-24,0.453,0.271,0.206,1.74e-19,"ZNF226"
"ZCWPW2",9.63e-24,0.406,0.199,0.141,1.79e-19,"ZCWPW2"
"STK36",9.66e-24,0.474,0.119,0.074,1.8e-19,"STK36"
"POFUT2",9.83e-24,0.584,0.125,0.079,1.83e-19,"POFUT2"
"CTNNA3",9.89e-24,0.668,0.24,0.181,1.84e-19,"CTNNA3"
"XIAP",9.9e-24,0.292,0.586,0.523,1.84e-19,"XIAP"
"ALDH7A1",9.96e-24,0.482,0.627,0.57,1.85e-19,"ALDH7A1"
"RPP40",1.03e-23,0.638,0.111,0.067,1.92e-19,"RPP40"
"POLR2F",1.03e-23,0.287,0.715,0.688,1.92e-19,"POLR2F"
"C15orf39",1.12e-23,1.478,0.036,0.013,2.08e-19,"C15orf39"
"MYLK",1.13e-23,0.962,0.085,0.048,2.1e-19,"MYLK"
"CTNS",1.14e-23,0.692,0.125,0.08,2.12e-19,"CTNS"
"ABHD8",1.16e-23,0.476,0.225,0.165,2.16e-19,"ABHD8"
"MRPL21",1.2e-23,0.351,0.496,0.427,2.23e-19,"MRPL21"
"UBAP2",1.21e-23,-0.205,0.583,0.634,2.25e-19,"UBAP2"
"HOMER2",1.23e-23,0.423,0.199,0.141,2.29e-19,"HOMER2"
"LASP1",1.24e-23,0.378,0.436,0.365,2.31e-19,"LASP1"
"PSTPIP2",1.25e-23,0.887,0.071,0.037,2.33e-19,"PSTPIP2"
"WWOX",1.29e-23,0.103,0.653,0.558,2.41e-19,"WWOX"
"ALPK1",1.3e-23,1.977,0.021,0.005,2.42e-19,"ALPK1"
"MEGF8",1.34e-23,0.377,0.262,0.196,2.5e-19,"MEGF8"
"SHOC1",1.37e-23,0.592,0.194,0.137,2.54e-19,"SHOC1"
"HLCS",1.41e-23,0.242,0.379,0.301,2.62e-19,"HLCS"
"TXNDC17",1.41e-23,0.322,0.636,0.605,2.62e-19,"TXNDC17"
"TMEM98",1.43e-23,0.274,0.666,0.619,2.67e-19,"TMEM98"
"GALNT8",1.45e-23,-0.273,0.207,0.273,2.69e-19,"GALNT8"
"ENDOV",1.48e-23,0.428,0.269,0.203,2.76e-19,"ENDOV"
"MSRB1",1.49e-23,0.503,0.143,0.093,2.78e-19,"MSRB1"
"MLH3",1.5e-23,0.495,0.242,0.181,2.8e-19,"MLH3"
"NUP35",1.55e-23,-0.371,0.269,0.331,2.89e-19,"NUP35"
"SCARF2",1.56e-23,0.805,0.087,0.049,2.91e-19,"SCARF2"
"ZNF24",1.59e-23,0.273,0.611,0.547,2.95e-19,"ZNF24"
"BUD23",1.62e-23,0.369,0.434,0.363,3.01e-19,"BUD23"
"C12orf56",1.64e-23,1.661,0.026,0.007,3.06e-19,"C12orf56"
"SLC48A1",1.67e-23,0.605,0.139,0.091,3.12e-19,"SLC48A1"
"IER5L",1.7e-23,0.659,0.158,0.108,3.16e-19,"IER5L"
"NDC1",1.73e-23,-0.438,0.224,0.283,3.22e-19,"NDC1"
"CGRRF1",1.77e-23,0.383,0.284,0.216,3.29e-19,"CGRRF1"
"SLC39A7",1.83e-23,0.357,0.363,0.292,3.42e-19,"SLC39A7"
"DNAH6",1.85e-23,0.779,0.084,0.048,3.44e-19,"DNAH6"
"DHX15",1.94e-23,-0.2,0.66,0.705,3.61e-19,"DHX15"
"PLA2G12A",2.08e-23,0.265,0.443,0.365,3.87e-19,"PLA2G12A"
"TCERG1",2.12e-23,-0.166,0.697,0.742,3.94e-19,"TCERG1"
"OLFM2",2.18e-23,0.381,0.638,0.577,4.06e-19,"OLFM2"
"UBE2G2",2.2e-23,0.311,0.594,0.533,4.09e-19,"UBE2G2"
"TSC2",2.25e-23,0.507,0.272,0.208,4.19e-19,"TSC2"
"SOWAHC",2.34e-23,0.458,0.221,0.161,4.35e-19,"SOWAHC"
"TRMT112",2.42e-23,0.246,0.763,0.73,4.51e-19,"TRMT112"
"SPATA6L",2.47e-23,0.983,0.06,0.03,4.6e-19,"SPATA6L"
"CINP",2.47e-23,0.418,0.269,0.203,4.6e-19,"CINP"
"SMIM12",2.53e-23,0.342,0.295,0.226,4.71e-19,"SMIM12"
"NOTCH2NLR",2.57e-23,1.419,0.038,0.015,4.79e-19,"NOTCH2NLR"
"OSTF1",2.59e-23,0.651,0.098,0.058,4.82e-19,"OSTF1"
"ZNF503",2.64e-23,-3.045,0.014,0.038,4.91e-19,"ZNF503"
"FUBP3",2.65e-23,0.273,0.616,0.558,4.93e-19,"FUBP3"
"LFNG",2.65e-23,1.243,0.079,0.045,4.94e-19,"LFNG"
"RRAGB",2.71e-23,0.329,0.377,0.302,5.05e-19,"RRAGB"
"MEX3C",2.78e-23,-0.252,0.447,0.508,5.17e-19,"MEX3C"
"TMED5",2.78e-23,0.312,0.468,0.398,5.17e-19,"TMED5"
"MARCHF2",2.98e-23,0.353,0.292,0.224,5.54e-19,"MARCHF2"
"NHS",3.1e-23,0.388,0.447,0.377,5.76e-19,"NHS"
"LRRC3C",3.1e-23,1.608,0.032,0.011,5.77e-19,"LRRC3C"
"VPS28",3.19e-23,0.237,0.7,0.656,5.94e-19,"VPS28"
"VCPKMT",3.31e-23,-0.291,0.225,0.289,6.16e-19,"VCPKMT"
"LRIF1",3.49e-23,0.35,0.302,0.233,6.49e-19,"LRIF1"
"CARS1",3.59e-23,0.42,0.327,0.259,6.69e-19,"CARS1"
"MYG1",3.63e-23,0.375,0.294,0.225,6.76e-19,"MYG1"
"PSPC1",3.63e-23,-0.185,0.784,0.801,6.76e-19,"PSPC1"
"CNTNAP4",3.67e-23,-0.923,0.044,0.081,6.84e-19,"CNTNAP4"
"PFDN6",3.72e-23,0.346,0.342,0.269,6.92e-19,"PFDN6"
"NUDT16",3.87e-23,0.669,0.132,0.086,7.2e-19,"NUDT16"
"PSMA3",3.88e-23,0.252,0.765,0.744,7.23e-19,"PSMA3"
"ALDH3B1",3.96e-23,2.388,0.017,0.003,7.36e-19,"ALDH3B1"
"LRRC75B",4.03e-23,0.698,0.094,0.055,7.5e-19,"LRRC75B"
"B3GALNT1",4.06e-23,0.975,0.059,0.029,7.55e-19,"B3GALNT1"
"LMNB2",4.12e-23,-0.39,0.277,0.338,7.68e-19,"LMNB2"
"XPR1",4.18e-23,0.212,0.871,0.843,7.78e-19,"XPR1"
"WEE1",4.2e-23,-0.512,0.288,0.342,7.82e-19,"WEE1"
"GPR137",4.34e-23,0.5,0.169,0.116,8.08e-19,"GPR137"
"ZNF396",4.35e-23,1.251,0.045,0.019,8.11e-19,"ZNF396"
"SREBF1",4.41e-23,0.676,0.194,0.14,8.21e-19,"SREBF1"
"IFT172",4.52e-23,0.384,0.281,0.214,8.41e-19,"IFT172"
"AMIGO2",4.57e-23,2.313,0.024,0.006,8.51e-19,"AMIGO2"
"RPL35",4.6e-23,0.169,0.971,0.981,8.56e-19,"RPL35"
"PRELID3A",4.68e-23,0.779,0.122,0.078,8.71e-19,"PRELID3A"
"ZBED4",4.69e-23,-0.194,0.454,0.521,8.74e-19,"ZBED4"
"PRDM11",4.7e-23,0.574,0.099,0.058,8.75e-19,"PRDM11"
"VPS37B",4.79e-23,0.434,0.291,0.226,8.92e-19,"VPS37B"
"PHF19",5e-23,0.541,0.201,0.145,9.3e-19,"PHF19"
"MFSD12",5.06e-23,0.492,0.148,0.098,9.42e-19,"MFSD12"
"PGD",5.28e-23,0.377,0.535,0.482,9.83e-19,"PGD"
"MPDZ",5.33e-23,0.145,0.753,0.685,9.93e-19,"MPDZ"
"GON7",5.43e-23,0.4,0.2,0.142,1.01e-18,"GON7"
"PEMT",5.56e-23,0.411,0.22,0.159,1.04e-18,"PEMT"
"PSMB3",5.6e-23,0.234,0.786,0.766,1.04e-18,"PSMB3"
"CHST15",5.89e-23,1.719,0.03,0.01,1.1e-18,"CHST15"
"CAPS2",5.91e-23,0.375,0.258,0.194,1.1e-18,"CAPS2"
"ST6GAL1",5.96e-23,-0.645,0.048,0.085,1.11e-18,"ST6GAL1"
"ADAMTS15",6.1e-23,2.926,0.016,0.002,1.14e-18,"ADAMTS15"
"RTKN",6.16e-23,0.615,0.125,0.08,1.15e-18,"RTKN"
"MRPS22",6.29e-23,0.339,0.451,0.381,1.17e-18,"MRPS22"
"NFU1",6.42e-23,0.323,0.508,0.439,1.2e-18,"NFU1"
"FNIP1",6.65e-23,0.293,0.765,0.724,1.24e-18,"FNIP1"
"RPGR",6.66e-23,0.593,0.197,0.142,1.24e-18,"RPGR"
"MRPL3",6.78e-23,0.293,0.58,0.524,1.26e-18,"MRPL3"
"H2BC11",6.8e-23,-1.032,0.031,0.062,1.27e-18,"H2BC11"
"ORC1",6.9e-23,-0.731,0.067,0.108,1.28e-18,"ORC1"
"TIMM10B",6.93e-23,0.45,0.188,0.133,1.29e-18,"TIMM10B"
"CCDC15",6.98e-23,-0.642,0.148,0.201,1.3e-18,"CCDC15"
"PCDH18",7.16e-23,0.736,0.132,0.087,1.33e-18,"PCDH18"
"AP2A1",7.18e-23,0.362,0.387,0.315,1.34e-18,"AP2A1"
"SDK2",7.19e-23,0.364,0.325,0.249,1.34e-18,"SDK2"
"CPT1C",7.32e-23,0.487,0.239,0.178,1.36e-18,"CPT1C"
"DNAJB12",7.47e-23,0.42,0.302,0.237,1.39e-18,"DNAJB12"
"FDXR",7.47e-23,0.732,0.099,0.059,1.39e-18,"FDXR"
"ZNF180",8.29e-23,-0.4,0.166,0.223,1.54e-18,"ZNF180"
"FAM133A",8.52e-23,0.715,0.055,0.026,1.59e-18,"FAM133A"
"NAV1",8.58e-23,0.345,0.748,0.715,1.6e-18,"NAV1"
"DMXL2",8.64e-23,-0.181,0.6,0.648,1.61e-18,"DMXL2"
"RBKS",8.83e-23,0.624,0.116,0.073,1.64e-18,"RBKS"
"PRKAR1A",8.92e-23,0.275,0.618,0.557,1.66e-18,"PRKAR1A"
"PTPA",9.15e-23,0.457,0.261,0.199,1.7e-18,"PTPA"
"BACH2",9.25e-23,-0.418,0.627,0.651,1.72e-18,"BACH2"
"DLGAP4",9.37e-23,-0.111,0.723,0.771,1.74e-18,"DLGAP4"
"CEP57",9.37e-23,-0.206,0.704,0.732,1.74e-18,"CEP57"
"CD47",9.54e-23,0.308,0.48,0.41,1.78e-18,"CD47"
"CNIH2",9.69e-23,0.364,0.297,0.23,1.8e-18,"CNIH2"
"FAM76B",9.9e-23,-0.25,0.418,0.479,1.84e-18,"FAM76B"
"SEZ6",9.95e-23,-0.266,0.163,0.222,1.85e-18,"SEZ6"
"FAM3A",1.07e-22,0.467,0.169,0.116,1.99e-18,"FAM3A"
"ATP6V1D",1.1e-22,0.233,0.723,0.683,2.04e-18,"ATP6V1D"
"METTL15",1.1e-22,0.226,0.59,0.514,2.05e-18,"METTL15"
"SEMA4B",1.12e-22,0.532,0.218,0.161,2.09e-18,"SEMA4B"
"IRF2BP2",1.14e-22,0.315,0.609,0.55,2.12e-18,"IRF2BP2"
"NUDT14",1.15e-22,0.525,0.073,0.039,2.15e-18,"NUDT14"
"COQ8B",1.16e-22,0.49,0.221,0.162,2.16e-18,"COQ8B"
"FBXO9",1.17e-22,0.355,0.471,0.404,2.17e-18,"FBXO9"
"FANCC",1.22e-22,-0.464,0.362,0.415,2.27e-18,"FANCC"
"NOP14",1.23e-22,0.446,0.199,0.142,2.3e-18,"NOP14"
"ATN1",1.24e-22,0.368,0.514,0.447,2.31e-18,"ATN1"
"PMS2",1.24e-22,0.435,0.239,0.177,2.31e-18,"PMS2"
"ENSG00000284526",1.25e-22,0.638,0.109,0.068,2.32e-18,"ENSG00000284526"
"IPO13",1.25e-22,0.665,0.108,0.067,2.33e-18,"IPO13"
"ME2",1.28e-22,0.268,0.657,0.597,2.38e-18,"ME2"
"TRMT10B",1.28e-22,0.356,0.359,0.287,2.39e-18,"TRMT10B"
"CCDC6",1.28e-22,0.277,0.551,0.483,2.39e-18,"CCDC6"
"FABP5",1.32e-22,1.661,0.242,0.191,2.46e-18,"FABP5"
"JOSD2",1.35e-22,0.491,0.18,0.127,2.51e-18,"JOSD2"
"SCRT2",1.36e-22,-0.56,0.064,0.106,2.54e-18,"SCRT2"
"VCP",1.37e-22,0.26,0.712,0.685,2.56e-18,"VCP"
"HP1BP3",1.4e-22,-0.182,0.928,0.935,2.61e-18,"HP1BP3"
"EPN1",1.4e-22,0.32,0.437,0.363,2.61e-18,"EPN1"
"SNX24",1.45e-22,0.263,0.41,0.333,2.69e-18,"SNX24"
"NAGPA",1.47e-22,0.765,0.066,0.034,2.73e-18,"NAGPA"
"SLC25A1",1.47e-22,0.441,0.29,0.226,2.74e-18,"SLC25A1"
"SLC25A46",1.47e-22,0.272,0.471,0.396,2.74e-18,"SLC25A46"
"LRRC51",1.49e-22,0.691,0.117,0.075,2.77e-18,"LRRC51"
"RNF216",1.49e-22,0.27,0.668,0.609,2.77e-18,"RNF216"
"NMNAT2",1.5e-22,-0.159,0.319,0.394,2.78e-18,"NMNAT2"
"RGS19",1.56e-22,0.882,0.064,0.033,2.9e-18,"RGS19"
"NOP16",1.6e-22,0.537,0.15,0.1,2.98e-18,"NOP16"
"SLC38A6",1.62e-22,0.32,0.378,0.304,3.02e-18,"SLC38A6"
"RSL24D1",1.66e-22,0.213,0.748,0.71,3.1e-18,"RSL24D1"
"AP2M1",1.67e-22,0.214,0.754,0.739,3.1e-18,"AP2M1"
"FAM227B",1.67e-22,0.413,0.3,0.234,3.1e-18,"FAM227B"
"SLC5A3",1.69e-22,0.482,0.27,0.207,3.14e-18,"SLC5A3"
"CDKN1C",1.74e-22,0.321,0.04,0.075,3.23e-18,"CDKN1C"
"ZNF277",1.75e-22,0.265,0.463,0.383,3.26e-18,"ZNF277"
"FMNL2",1.83e-22,0.272,0.674,0.628,3.4e-18,"FMNL2"
"SRP9",1.84e-22,0.159,0.943,0.947,3.42e-18,"SRP9"
"MIPOL1",1.84e-22,0.312,0.449,0.369,3.43e-18,"MIPOL1"
"AP1S3",1.91e-22,0.688,0.072,0.039,3.55e-18,"AP1S3"
"GTF2A2",1.92e-22,0.198,0.826,0.819,3.58e-18,"GTF2A2"
"MAP3K3",1.93e-22,-0.319,0.265,0.326,3.6e-18,"MAP3K3"
"NCL",1.94e-22,0.194,0.933,0.938,3.6e-18,"NCL"
"ARSA",1.94e-22,1.013,0.044,0.019,3.61e-18,"ARSA"
"LUZP2",1.94e-22,0.411,0.047,0.021,3.61e-18,"LUZP2"
"CFAP119",1.94e-22,0.944,0.066,0.034,3.62e-18,"CFAP119"
"GALNS",2.03e-22,0.629,0.13,0.085,3.77e-18,"GALNS"
"DGKA",2.04e-22,0.611,0.107,0.066,3.79e-18,"DGKA"
"ZNF71",2.04e-22,-0.238,0.264,0.33,3.8e-18,"ZNF71"
"SIL1",2.11e-22,0.235,0.514,0.437,3.93e-18,"SIL1"
"PLOD3",2.13e-22,0.475,0.175,0.121,3.97e-18,"PLOD3"
"GEMIN8",2.15e-22,0.447,0.206,0.148,4e-18,"GEMIN8"
"AADAT",2.2e-22,-0.418,0.193,0.252,4.09e-18,"AADAT"
"CDKN1A",2.27e-22,1.31,0.151,0.104,4.23e-18,"CDKN1A"
"LIMA1",2.3e-22,0.389,0.741,0.702,4.29e-18,"LIMA1"
"MYBPC1",2.32e-22,3.849,0.013,0.001,4.33e-18,"MYBPC1"
"INSYN2A",2.36e-22,0.521,0.121,0.077,4.39e-18,"INSYN2A"
"CTNNBL1",2.36e-22,-0.284,0.458,0.51,4.4e-18,"CTNNBL1"
"TTC21A",2.38e-22,0.565,0.119,0.075,4.43e-18,"TTC21A"
"HNRNPM",2.39e-22,-0.145,0.896,0.909,4.45e-18,"HNRNPM"
"LPCAT1",2.4e-22,0.554,0.212,0.155,4.47e-18,"LPCAT1"
"ODAD3",2.46e-22,1.652,0.027,0.008,4.58e-18,"ODAD3"
"FAAP20",2.46e-22,0.338,0.441,0.374,4.58e-18,"FAAP20"
"PIP5K1A",2.48e-22,0.335,0.591,0.532,4.61e-18,"PIP5K1A"
"ZSCAN5A",2.57e-22,0.33,0.299,0.231,4.78e-18,"ZSCAN5A"
"SCAF8",2.58e-22,-0.156,0.772,0.802,4.8e-18,"SCAF8"
"KCNJ4",2.59e-22,1.967,0.022,0.005,4.81e-18,"KCNJ4"
"WASHC4",2.59e-22,0.282,0.527,0.453,4.82e-18,"WASHC4"
"ASAP2",2.64e-22,-0.199,0.65,0.687,4.92e-18,"ASAP2"
"CSMD2",2.8e-22,0.294,0.35,0.282,5.22e-18,"CSMD2"
"JAK1",2.84e-22,0.275,0.761,0.721,5.29e-18,"JAK1"
"GATB",2.87e-22,0.466,0.18,0.126,5.35e-18,"GATB"
"BACH1",3.07e-22,-0.19,0.663,0.709,5.72e-18,"BACH1"
"UQCC3",3.07e-22,0.431,0.273,0.209,5.72e-18,"UQCC3"
"TRIP13",3.09e-22,-0.624,0.091,0.136,5.75e-18,"TRIP13"
"OTUD7B",3.13e-22,0.256,0.387,0.311,5.83e-18,"OTUD7B"
"FCSK",3.14e-22,0.836,0.088,0.051,5.85e-18,"FCSK"
"SAAL1",3.2e-22,-0.379,0.241,0.3,5.95e-18,"SAAL1"
"ADCY8",3.21e-22,1.258,0.037,0.014,5.98e-18,"ADCY8"
"ERAP1",3.28e-22,0.719,0.095,0.056,6.1e-18,"ERAP1"
"CLYBL",3.34e-22,0.63,0.105,0.064,6.21e-18,"CLYBL"
"TXNDC12",3.39e-22,0.311,0.464,0.392,6.31e-18,"TXNDC12"
"JPH1",3.43e-22,0.719,0.079,0.044,6.38e-18,"JPH1"
"MGMT",3.46e-22,0.19,0.214,0.155,6.43e-18,"MGMT"
"KCTD18",3.52e-22,0.469,0.152,0.102,6.55e-18,"KCTD18"
"STAT2",3.91e-22,0.495,0.231,0.171,7.28e-18,"STAT2"
"NCOA6",4e-22,-0.126,0.716,0.759,7.44e-18,"NCOA6"
"KCNF1",4.03e-22,0.777,0.068,0.036,7.5e-18,"KCNF1"
"KLF16",4.07e-22,0.846,0.059,0.029,7.57e-18,"KLF16"
"SAMD13",4.1e-22,0.701,0.104,0.064,7.63e-18,"SAMD13"
"MRRF",4.1e-22,0.41,0.223,0.163,7.64e-18,"MRRF"
"NMT1",4.23e-22,0.394,0.482,0.42,7.88e-18,"NMT1"
"NUDT6",4.26e-22,0.488,0.169,0.117,7.93e-18,"NUDT6"
"MRPS23",4.27e-22,0.303,0.456,0.388,7.95e-18,"MRPS23"
"QSER1",4.5e-22,-0.216,0.711,0.734,8.37e-18,"QSER1"
"ANKRD40",4.51e-22,0.373,0.315,0.248,8.39e-18,"ANKRD40"
"KDSR",4.65e-22,0.314,0.442,0.371,8.66e-18,"KDSR"
"CARM1",4.65e-22,-0.251,0.336,0.401,8.66e-18,"CARM1"
"MAGEF1",4.69e-22,0.294,0.505,0.435,8.74e-18,"MAGEF1"
"DPM3",4.7e-22,0.374,0.307,0.241,8.75e-18,"DPM3"
"ENSG00000279606",4.72e-22,1.597,0.033,0.012,8.79e-18,"ENSG00000279606"
"CFAP20",4.74e-22,-0.208,0.459,0.518,8.82e-18,"CFAP20"
"PACRGL",4.83e-22,0.344,0.375,0.301,8.99e-18,"PACRGL"
"TJP2",4.84e-22,0.573,0.134,0.089,9.01e-18,"TJP2"
"MTG2",4.89e-22,0.304,0.263,0.198,9.11e-18,"MTG2"
"TMEM184B",4.92e-22,0.399,0.283,0.218,9.16e-18,"TMEM184B"
"OCEL1",4.92e-22,0.741,0.091,0.054,9.17e-18,"OCEL1"
"MRPS7",5.04e-22,0.324,0.469,0.405,9.38e-18,"MRPS7"
"FKBP9",5.14e-22,0.363,0.213,0.155,9.56e-18,"FKBP9"
"POU5F1B",5.18e-22,2.713,0.017,0.003,9.64e-18,"POU5F1B"
"ATP6V1G1",5.28e-22,0.157,0.948,0.953,9.82e-18,"ATP6V1G1"
"ZNF483",5.46e-22,0.453,0.275,0.212,1.02e-17,"ZNF483"
"TLCD3A",5.49e-22,0.453,0.16,0.11,1.02e-17,"TLCD3A"
"CHIC1",5.53e-22,0.321,0.367,0.294,1.03e-17,"CHIC1"
"GABRB2",5.85e-22,-1.034,0.042,0.075,1.09e-17,"GABRB2"
"CPPED1",5.91e-22,0.429,0.119,0.076,1.1e-17,"CPPED1"
"XKR9",5.94e-22,1.082,0.032,0.011,1.11e-17,"XKR9"
"SYT12",5.96e-22,2.036,0.019,0.004,1.11e-17,"SYT12"
"PXMP2",6.04e-22,0.324,0.41,0.341,1.13e-17,"PXMP2"
"ILF3",6.16e-22,-0.126,0.787,0.818,1.15e-17,"ILF3"
"ALKBH2",6.17e-22,0.409,0.231,0.17,1.15e-17,"ALKBH2"
"BCO1",6.18e-22,2.018,0.022,0.006,1.15e-17,"BCO1"
"MFNG",6.23e-22,-0.644,0.028,0.058,1.16e-17,"MFNG"
"RAPGEF4",6.36e-22,0.429,0.119,0.076,1.18e-17,"RAPGEF4"
"FAHD2A",6.5e-22,0.39,0.264,0.2,1.21e-17,"FAHD2A"
"DIS3L",6.58e-22,0.39,0.285,0.22,1.22e-17,"DIS3L"
"FAM184A",6.6e-22,0.322,0.438,0.366,1.23e-17,"FAM184A"
"RCC2",6.66e-22,-0.205,0.48,0.543,1.24e-17,"RCC2"
"LDLRAP1",6.76e-22,1.99,0.024,0.007,1.26e-17,"LDLRAP1"
"VEZF1",7.29e-22,-0.187,0.672,0.712,1.36e-17,"VEZF1"
"RARG",7.63e-22,1.356,0.038,0.015,1.42e-17,"RARG"
"ATPAF1",7.63e-22,0.33,0.451,0.383,1.42e-17,"ATPAF1"
"ELAC1",7.74e-22,0.445,0.183,0.129,1.44e-17,"ELAC1"
"NQO2",7.8e-22,0.371,0.219,0.16,1.45e-17,"NQO2"
"TMEM60",7.84e-22,0.417,0.288,0.225,1.46e-17,"TMEM60"
"PKIG",8.01e-22,0.251,0.462,0.387,1.49e-17,"PKIG"
"ASL",8.04e-22,0.658,0.113,0.071,1.5e-17,"ASL"
"BTBD10",8.06e-22,-0.255,0.629,0.668,1.5e-17,"BTBD10"
"FSTL4",8.12e-22,-0.606,0.045,0.08,1.51e-17,"FSTL4"
"RGN",8.42e-22,-0.544,0.071,0.113,1.57e-17,"RGN"
"ATG3",8.8e-22,0.302,0.424,0.357,1.64e-17,"ATG3"
"UBE2V1",9.01e-22,0.53,0.113,0.071,1.68e-17,"UBE2V1"
"PSMC5",9.02e-22,0.318,0.534,0.479,1.68e-17,"PSMC5"
"NELFA",9.17e-22,0.367,0.487,0.421,1.71e-17,"NELFA"
"COASY",9.38e-22,0.487,0.137,0.09,1.75e-17,"COASY"
"CDK8",9.43e-22,-0.185,0.665,0.71,1.76e-17,"CDK8"
"WDR3",9.78e-22,0.341,0.317,0.249,1.82e-17,"WDR3"
"LINC00672",9.84e-22,0.66,0.099,0.06,1.83e-17,"LINC00672"
"SLFN5",1e-21,1.497,0.027,0.008,1.86e-17,"SLFN5"
"CAMTA1",1.01e-21,0.15,0.948,0.952,1.88e-17,"CAMTA1"
"LZTFL1",1.02e-21,0.449,0.176,0.123,1.89e-17,"LZTFL1"
"MZF1",1.04e-21,0.52,0.201,0.146,1.94e-17,"MZF1"
"ZNF281",1.05e-21,-0.27,0.396,0.457,1.96e-17,"ZNF281"
"DNAJB11",1.07e-21,0.407,0.43,0.37,1.99e-17,"DNAJB11"
"C1orf226",1.07e-21,0.723,0.071,0.039,1.99e-17,"C1orf226"
"SLC12A9",1.07e-21,0.486,0.175,0.123,1.99e-17,"SLC12A9"
"IFT140",1.07e-21,0.368,0.266,0.203,2e-17,"IFT140"
"CCDC8",1.09e-21,0.626,0.129,0.085,2.03e-17,"CCDC8"
"PLIN2",1.12e-21,0.606,0.155,0.107,2.09e-17,"PLIN2"
"STK40",1.12e-21,0.448,0.273,0.211,2.09e-17,"STK40"
"ARRDC1",1.17e-21,0.654,0.109,0.068,2.17e-17,"ARRDC1"
"BCAS4",1.17e-21,0.441,0.213,0.155,2.18e-17,"BCAS4"
"TOMM5",1.17e-21,0.266,0.681,0.655,2.18e-17,"TOMM5"
"ACOT1",1.19e-21,1.969,0.017,0.003,2.21e-17,"ACOT1"
"CCDC65",1.2e-21,0.367,0.335,0.263,2.24e-17,"CCDC65"
"HMGB1",1.3e-21,-0.376,0.989,0.993,2.43e-17,"HMGB1"
"NCDN",1.38e-21,0.772,0.058,0.029,2.57e-17,"NCDN"
"NFATC2",1.4e-21,1.67,0.029,0.01,2.6e-17,"NFATC2"
"XRCC5",1.41e-21,-0.108,0.962,0.973,2.62e-17,"XRCC5"
"EBF1",1.44e-21,-2.521,0.003,0.018,2.68e-17,"EBF1"
"KCTD21",1.44e-21,0.85,0.065,0.034,2.69e-17,"KCTD21"
"WDFY1",1.45e-21,0.27,0.462,0.384,2.69e-17,"WDFY1"
"PARD6B",1.45e-21,0.366,0.187,0.133,2.7e-17,"PARD6B"
"SLF2",1.46e-21,0.347,0.585,0.527,2.71e-17,"SLF2"
"RRP1",1.49e-21,0.462,0.197,0.143,2.77e-17,"RRP1"
"CELF3",1.52e-21,-0.236,0.171,0.234,2.83e-17,"CELF3"
"RFC4",1.59e-21,-0.381,0.209,0.267,2.96e-17,"RFC4"
"PANX1",1.61e-21,-0.35,0.188,0.246,3e-17,"PANX1"
"OSBPL8",1.61e-21,-0.103,0.917,0.936,3.01e-17,"OSBPL8"
"ZNHIT6",1.64e-21,0.263,0.396,0.322,3.05e-17,"ZNHIT6"
"ITPR1",1.68e-21,0.36,0.064,0.034,3.13e-17,"ITPR1"
"HECW1",1.7e-21,-0.192,0.145,0.202,3.16e-17,"HECW1"
"BMP4",1.7e-21,3.963,0.011,0.001,3.17e-17,"BMP4"
"NAT1",1.73e-21,2.925,0.014,0.002,3.21e-17,"NAT1"
"TBC1D17",1.75e-21,0.538,0.146,0.098,3.25e-17,"TBC1D17"
"VAC14",1.75e-21,0.455,0.238,0.179,3.26e-17,"VAC14"
"BTBD3",1.75e-21,0.365,0.381,0.313,3.27e-17,"BTBD3"
"AVL9",1.76e-21,0.257,0.653,0.593,3.27e-17,"AVL9"
"TOM1L1",1.78e-21,0.523,0.167,0.116,3.32e-17,"TOM1L1"
"RUFY1",1.79e-21,0.341,0.487,0.422,3.33e-17,"RUFY1"
"EML3",1.79e-21,0.981,0.051,0.024,3.34e-17,"EML3"
"CLEC19A",1.89e-21,2.038,0.026,0.008,3.53e-17,"CLEC19A"
"RASEF",1.9e-21,1.978,0.019,0.004,3.53e-17,"RASEF"
"B3GAT3",1.91e-21,0.4,0.254,0.193,3.56e-17,"B3GAT3"
"MRPL37",1.98e-21,0.366,0.338,0.273,3.68e-17,"MRPL37"
"STAU2",2e-21,-0.133,0.87,0.886,3.73e-17,"STAU2"
"AMIGO1",2.06e-21,1.156,0.04,0.017,3.84e-17,"AMIGO1"
"GCNT4",2.09e-21,1.042,0.044,0.019,3.89e-17,"GCNT4"
"FOXO6",2.21e-21,-0.16,0.131,0.187,4.11e-17,"FOXO6"
"PARP16",2.23e-21,-0.297,0.215,0.275,4.16e-17,"PARP16"
"XRN2",2.24e-21,-0.147,0.787,0.825,4.17e-17,"XRN2"
"NOXA1",2.25e-21,0.92,0.063,0.033,4.2e-17,"NOXA1"
"SMARCD1",2.26e-21,-0.125,0.598,0.652,4.2e-17,"SMARCD1"
"CHPF2",2.26e-21,0.49,0.107,0.066,4.2e-17,"CHPF2"
"RSPO4",2.26e-21,2.284,0.016,0.003,4.2e-17,"RSPO4"
"USP6NL",2.27e-21,0.326,0.537,0.475,4.23e-17,"USP6NL"
"RPS13",2.31e-21,0.175,0.984,0.993,4.29e-17,"RPS13"
"PLCXD2",2.35e-21,-0.247,0.165,0.223,4.37e-17,"PLCXD2"
"GGPS1",2.35e-21,0.337,0.34,0.271,4.37e-17,"GGPS1"
"PIP4P2",2.36e-21,0.332,0.451,0.382,4.4e-17,"PIP4P2"
"B3GALNT2",2.42e-21,0.34,0.463,0.392,4.5e-17,"B3GALNT2"
"RMI2",2.43e-21,-0.759,0.075,0.115,4.51e-17,"RMI2"
"COMMD4",2.45e-21,0.397,0.341,0.279,4.55e-17,"COMMD4"
"EEF1E1",2.47e-21,0.308,0.498,0.435,4.6e-17,"EEF1E1"
"CTNNA2",2.52e-21,0.401,0.835,0.815,4.69e-17,"CTNNA2"
"CAPN1",2.57e-21,0.376,0.312,0.246,4.79e-17,"CAPN1"
"NDUFS2",2.57e-21,0.233,0.648,0.602,4.79e-17,"NDUFS2"
"ADGRE5",2.62e-21,1.951,0.021,0.005,4.88e-17,"ADGRE5"
"C9orf50",2.68e-21,2.559,0.017,0.003,4.99e-17,"C9orf50"
"PPIP5K2",2.68e-21,-0.175,0.698,0.735,4.99e-17,"PPIP5K2"
"CZIB",2.72e-21,0.343,0.348,0.282,5.06e-17,"CZIB"
"GLMP",2.75e-21,0.993,0.052,0.025,5.11e-17,"GLMP"
"PPFIA2",2.75e-21,-0.316,0.518,0.571,5.12e-17,"PPFIA2"
"FZD4",2.79e-21,1.155,0.038,0.016,5.2e-17,"FZD4"
"CTNND1",2.86e-21,0.316,0.626,0.574,5.32e-17,"CTNND1"
"DIO3",2.87e-21,1.272,0.032,0.012,5.34e-17,"DIO3"
"SLC25A24",2.93e-21,-0.361,0.387,0.438,5.46e-17,"SLC25A24"
"IFT46",2.97e-21,0.442,0.257,0.196,5.53e-17,"IFT46"
"PACC1",3.03e-21,0.388,0.372,0.303,5.63e-17,"PACC1"
"ZNF91",3.11e-21,-0.142,0.828,0.862,5.79e-17,"ZNF91"
"DNAJC16",3.38e-21,0.36,0.323,0.255,6.29e-17,"DNAJC16"
"UBA5",3.39e-21,0.291,0.487,0.418,6.31e-17,"UBA5"
"ALG2",3.55e-21,0.463,0.179,0.127,6.61e-17,"ALG2"
"LRMDA",3.57e-21,-3.249,0.015,0.037,6.65e-17,"LRMDA"
"ZSWIM7",3.63e-21,0.347,0.403,0.335,6.76e-17,"ZSWIM7"
"H2BC13",3.63e-21,-1.604,0.012,0.033,6.76e-17,"H2BC13"
"MTFR1L",3.72e-21,0.318,0.304,0.237,6.92e-17,"MTFR1L"
"SLC31A1",3.79e-21,0.332,0.284,0.22,7.05e-17,"SLC31A1"
"FAM222A",3.84e-21,-0.605,0.088,0.132,7.14e-17,"FAM222A"
"LIX1L",3.84e-21,0.354,0.45,0.382,7.15e-17,"LIX1L"
"RPL36A",3.88e-21,-0.143,0.932,0.957,7.22e-17,"RPL36A"
"PMM1",3.93e-21,0.359,0.363,0.295,7.32e-17,"PMM1"
"PNPLA8",3.95e-21,0.298,0.627,0.572,7.36e-17,"PNPLA8"
"ZNF84",4.06e-21,-0.126,0.644,0.7,7.55e-17,"ZNF84"
"COLEC12",4.06e-21,3.325,0.015,0.002,7.56e-17,"COLEC12"
"ATG101",4.16e-21,0.37,0.28,0.217,7.74e-17,"ATG101"
"FNDC5",4.16e-21,0.546,0.096,0.058,7.74e-17,"FNDC5"
"CCDC190",4.19e-21,2.927,0.012,0.001,7.8e-17,"CCDC190"
"HSD11B1L",4.24e-21,0.454,0.211,0.156,7.89e-17,"HSD11B1L"
"PLPPR2",4.39e-21,0.341,0.207,0.15,8.17e-17,"PLPPR2"
"TUBE1",4.39e-21,0.397,0.237,0.178,8.17e-17,"TUBE1"
"ATP6V1A",4.43e-21,0.262,0.55,0.476,8.25e-17,"ATP6V1A"
"RFK",4.52e-21,0.342,0.333,0.267,8.41e-17,"RFK"
"TRIM6",4.54e-21,2.819,0.015,0.002,8.45e-17,"TRIM6"
"KLHL25",4.9e-21,0.497,0.31,0.249,9.11e-17,"KLHL25"
"ZCWPW1",4.98e-21,0.506,0.1,0.061,9.27e-17,"ZCWPW1"
"SMIM26",5.18e-21,0.262,0.616,0.569,9.64e-17,"SMIM26"
"BET1",5.19e-21,0.402,0.266,0.205,9.66e-17,"BET1"
"DOCK4",5.3e-21,0.145,0.698,0.621,9.87e-17,"DOCK4"
"ZNF581",5.38e-21,0.419,0.143,0.097,1e-16,"ZNF581"
"TMEM160",5.43e-21,0.293,0.549,0.486,1.01e-16,"TMEM160"
"TPD52",5.47e-21,0.472,0.075,0.042,1.02e-16,"TPD52"
"ARHGDIG",5.77e-21,0.698,0.052,0.025,1.07e-16,"ARHGDIG"
"OMD",5.93e-21,-0.487,0.092,0.136,1.1e-16,"OMD"
"IDNK",6.07e-21,0.537,0.214,0.159,1.13e-16,"IDNK"
"KCTD9",6.08e-21,-0.492,0.194,0.248,1.13e-16,"KCTD9"
"DAB1",6.33e-21,0.22,0.146,0.098,1.18e-16,"DAB1"
"IPO4",6.34e-21,0.997,0.048,0.022,1.18e-16,"IPO4"
"SAXO2",6.36e-21,0.618,0.085,0.05,1.18e-16,"SAXO2"
"SPTY2D1OS",6.38e-21,0.52,0.107,0.067,1.19e-16,"SPTY2D1OS"
"ZNF213",6.39e-21,0.505,0.231,0.173,1.19e-16,"ZNF213"
"UNC5D",6.68e-21,0.452,0.242,0.183,1.24e-16,"UNC5D"
"ZC3H15",6.87e-21,0.205,0.742,0.715,1.28e-16,"ZC3H15"
"PCDHGB4",6.87e-21,0.96,0.049,0.023,1.28e-16,"PCDHGB4"
"ZNF621",6.97e-21,0.351,0.269,0.206,1.3e-16,"ZNF621"
"KIAA0319L",7.03e-21,0.239,0.67,0.608,1.31e-16,"KIAA0319L"
"CCDC89",7.14e-21,1.946,0.018,0.004,1.33e-16,"CCDC89"
"ADARB2",7.15e-21,-0.677,0.116,0.164,1.33e-16,"ADARB2"
"EPHB3",7.35e-21,1.242,0.029,0.01,1.37e-16,"EPHB3"
"TBX2",7.48e-21,1.568,0.028,0.009,1.39e-16,"TBX2"
"DBT",7.71e-21,0.319,0.319,0.252,1.44e-16,"DBT"
"HNRNPLL",7.87e-21,-0.197,0.649,0.681,1.47e-16,"HNRNPLL"
"TXNDC15",7.99e-21,0.303,0.468,0.397,1.49e-16,"TXNDC15"
"ASXL1",8.01e-21,-0.239,0.755,0.782,1.49e-16,"ASXL1"
"MRPL14",8.02e-21,0.325,0.468,0.408,1.49e-16,"MRPL14"
"RAB6A",8.11e-21,0.187,0.838,0.803,1.51e-16,"RAB6A"
"IGDCC3",8.12e-21,-0.246,0.317,0.382,1.51e-16,"IGDCC3"
"NOC3L",8.16e-21,0.33,0.362,0.293,1.52e-16,"NOC3L"
"CNBP",8.65e-21,0.228,0.768,0.746,1.61e-16,"CNBP"
"AAMP",8.79e-21,0.325,0.348,0.282,1.64e-16,"AAMP"
"HGF",8.87e-21,2.221,0.022,0.006,1.65e-16,"HGF"
"CSE1L",8.9e-21,-0.213,0.529,0.58,1.66e-16,"CSE1L"
"GSX2",8.91e-21,0.409,0.341,0.277,1.66e-16,"GSX2"
"UBE2F",8.91e-21,0.283,0.414,0.344,1.66e-16,"UBE2F"
"NFS1",9.53e-21,0.496,0.121,0.078,1.77e-16,"NFS1"
"FOXG1",9.75e-21,-0.169,0.867,0.88,1.82e-16,"FOXG1"
"NDUFA8",1e-20,0.258,0.678,0.638,1.87e-16,"NDUFA8"
"RAB33A",1.03e-20,-0.315,0.2,0.261,1.92e-16,"RAB33A"
"SYNPO",1.05e-20,1.873,0.02,0.005,1.95e-16,"SYNPO"
"RPN1",1.06e-20,0.364,0.455,0.394,1.97e-16,"RPN1"
"RNF167",1.06e-20,0.335,0.367,0.3,1.97e-16,"RNF167"
"TSPOAP1",1.07e-20,0.58,0.134,0.089,1.99e-16,"TSPOAP1"
"DTYMK",1.07e-20,-0.354,0.396,0.445,1.99e-16,"DTYMK"
"BARD1",1.1e-20,-0.506,0.433,0.458,2.05e-16,"BARD1"
"SCRN3",1.13e-20,0.25,0.489,0.415,2.1e-16,"SCRN3"
"ADD1",1.15e-20,0.211,0.826,0.804,2.13e-16,"ADD1"
"PSMD4",1.17e-20,0.242,0.629,0.581,2.17e-16,"PSMD4"
"EDEM2",1.17e-20,0.416,0.182,0.13,2.17e-16,"EDEM2"
"COX11",1.17e-20,0.286,0.422,0.351,2.18e-16,"COX11"
"KLF15",1.18e-20,1.671,0.026,0.008,2.19e-16,"KLF15"
"SIN3A",1.18e-20,-0.268,0.45,0.501,2.2e-16,"SIN3A"
"ASB3",1.22e-20,0.243,0.795,0.763,2.26e-16,"ASB3"
"MORC3",1.22e-20,-0.153,0.644,0.693,2.27e-16,"MORC3"
"MPPE1",1.25e-20,0.347,0.232,0.173,2.34e-16,"MPPE1"
"ADAL",1.28e-20,0.364,0.232,0.174,2.37e-16,"ADAL"
"SNX32",1.28e-20,0.463,0.187,0.134,2.39e-16,"SNX32"
"PRMT3",1.31e-20,0.307,0.415,0.343,2.43e-16,"PRMT3"
"RBCK1",1.34e-20,0.314,0.319,0.252,2.49e-16,"RBCK1"
"SKIL",1.35e-20,0.336,0.469,0.403,2.52e-16,"SKIL"
"CHGB",1.36e-20,-0.226,0.135,0.19,2.53e-16,"CHGB"
"TSNAX",1.38e-20,0.305,0.503,0.438,2.57e-16,"TSNAX"
"CEP350",1.41e-20,-0.183,0.772,0.797,2.62e-16,"CEP350"
"SRPK2",1.42e-20,0.169,0.904,0.882,2.65e-16,"SRPK2"
"TASOR",1.44e-20,0.282,0.601,0.545,2.67e-16,"TASOR"
"NCOA5",1.52e-20,-0.178,0.517,0.57,2.82e-16,"NCOA5"
"GABRA5",1.52e-20,1.865,0.021,0.005,2.83e-16,"GABRA5"
"ACBD4",1.58e-20,1.221,0.035,0.014,2.94e-16,"ACBD4"
"MSI2",1.62e-20,0.115,0.929,0.92,3.01e-16,"MSI2"
"ATAD2B",1.63e-20,-0.157,0.76,0.791,3.03e-16,"ATAD2B"
"CALCOCO1",1.66e-20,0.373,0.326,0.261,3.09e-16,"CALCOCO1"
"UBE2Z",1.66e-20,0.309,0.389,0.319,3.09e-16,"UBE2Z"
"PRKD1",1.76e-20,0.195,0.783,0.719,3.28e-16,"PRKD1"
"C1S",1.78e-20,0.404,0.223,0.166,3.3e-16,"C1S"
"PABIR2",1.8e-20,-0.463,0.196,0.248,3.35e-16,"PABIR2"
"MSTO1",1.83e-20,0.393,0.224,0.167,3.4e-16,"MSTO1"
"LRAT",1.83e-20,2.042,0.022,0.006,3.41e-16,"LRAT"
"KIAA1586",1.83e-20,-0.222,0.449,0.506,3.41e-16,"KIAA1586"
"ARHGEF12",1.85e-20,0.209,0.749,0.713,3.44e-16,"ARHGEF12"
"TTL",1.87e-20,-0.237,0.468,0.524,3.49e-16,"TTL"
"TRMT5",1.88e-20,0.437,0.202,0.148,3.49e-16,"TRMT5"
"PTPN7",1.88e-20,1.22,0.046,0.021,3.49e-16,"PTPN7"
"FILIP1",1.91e-20,0.651,0.06,0.031,3.56e-16,"FILIP1"
"SLAIN2",1.94e-20,-0.12,0.691,0.741,3.62e-16,"SLAIN2"
"KCTD6",1.96e-20,0.369,0.239,0.18,3.65e-16,"KCTD6"
"WDR54",2e-20,0.402,0.285,0.223,3.73e-16,"WDR54"
"PLEKHG5",2.05e-20,0.777,0.085,0.05,3.81e-16,"PLEKHG5"
"PRMT5",2.08e-20,0.402,0.29,0.229,3.87e-16,"PRMT5"
"FUCA1",2.09e-20,0.456,0.116,0.075,3.89e-16,"FUCA1"
"SELENOO",2.1e-20,0.371,0.377,0.311,3.91e-16,"SELENOO"
"WDR81",2.14e-20,0.982,0.056,0.029,3.99e-16,"WDR81"
"FBXW7",2.27e-20,-0.236,0.632,0.67,4.22e-16,"FBXW7"
"AAGAB",2.28e-20,0.298,0.287,0.222,4.24e-16,"AAGAB"
"ACAD11",2.34e-20,0.232,0.322,0.252,4.35e-16,"ACAD11"
"VPS33A",2.36e-20,0.37,0.24,0.181,4.39e-16,"VPS33A"
"TSPYL2",2.36e-20,0.635,0.118,0.077,4.4e-16,"TSPYL2"
"FEZF2",2.37e-20,2.855,0.018,0.004,4.41e-16,"FEZF2"
"SPOP",2.37e-20,0.25,0.69,0.651,4.42e-16,"SPOP"
"ZNF286A",2.46e-20,-0.251,0.373,0.433,4.59e-16,"ZNF286A"
"PLEKHO2",2.52e-20,0.887,0.069,0.039,4.7e-16,"PLEKHO2"
"CRY2",2.54e-20,0.469,0.187,0.136,4.72e-16,"CRY2"
"CWC15",2.61e-20,0.242,0.709,0.674,4.87e-16,"CWC15"
"BCL2L12",2.63e-20,0.701,0.105,0.067,4.89e-16,"BCL2L12"
"DDR2",2.64e-20,1.048,0.058,0.03,4.92e-16,"DDR2"
"ATP1A4",2.65e-20,3.05,0.014,0.002,4.94e-16,"ATP1A4"
"PES1",2.66e-20,0.421,0.163,0.114,4.95e-16,"PES1"
"BOLA1",2.72e-20,0.618,0.108,0.069,5.05e-16,"BOLA1"
"LEKR1",2.72e-20,2.85,0.013,0.002,5.07e-16,"LEKR1"
"HAPLN1",2.77e-20,1.816,0.024,0.007,5.15e-16,"HAPLN1"
"PRRT3",2.85e-20,0.799,0.058,0.03,5.3e-16,"PRRT3"
"YKT6",2.87e-20,0.435,0.23,0.173,5.35e-16,"YKT6"
"SMARCA2",2.88e-20,0.172,0.643,0.569,5.36e-16,"SMARCA2"
"SPATA22",2.92e-20,3.925,0.011,0.001,5.44e-16,"SPATA22"
"CDT1",2.93e-20,-0.723,0.079,0.119,5.45e-16,"CDT1"
"UPRT",2.94e-20,0.33,0.219,0.161,5.46e-16,"UPRT"
"HP",2.95e-20,3.682,0.011,0.001,5.49e-16,"HP"
"CMTM5",3.11e-20,2.363,0.021,0.006,5.79e-16,"CMTM5"
"DDX60L",3.23e-20,1.076,0.056,0.029,6.01e-16,"DDX60L"
"DUSP22",3.31e-20,0.521,0.193,0.141,6.16e-16,"DUSP22"
"LRRC43",3.32e-20,1.773,0.021,0.005,6.18e-16,"LRRC43"
"MTCL1",3.34e-20,-0.271,0.291,0.348,6.21e-16,"MTCL1"
"FAM72C",3.36e-20,-1.123,0.017,0.041,6.25e-16,"FAM72C"
"ARHGAP18",3.4e-20,-0.449,0.18,0.232,6.32e-16,"ARHGAP18"
"CUEDC1",3.43e-20,0.368,0.405,0.34,6.38e-16,"CUEDC1"
"EWSR1",3.43e-20,-0.159,0.701,0.743,6.38e-16,"EWSR1"
"CARHSP1",3.49e-20,-0.215,0.666,0.702,6.49e-16,"CARHSP1"
"RFNG",3.49e-20,0.403,0.242,0.183,6.5e-16,"RFNG"
"MISP3",3.55e-20,0.759,0.061,0.032,6.61e-16,"MISP3"
"ATP6V1G2",3.55e-20,0.273,0.303,0.237,6.61e-16,"ATP6V1G2"
"ARHGAP1",3.56e-20,0.401,0.242,0.183,6.62e-16,"ARHGAP1"
"ELOC",3.62e-20,0.191,0.813,0.796,6.73e-16,"ELOC"
"SEC24A",3.68e-20,0.328,0.351,0.282,6.84e-16,"SEC24A"
"MDH1",3.74e-20,0.293,0.642,0.598,6.95e-16,"MDH1"
"HDAC11",3.76e-20,0.563,0.099,0.062,7e-16,"HDAC11"
"NRAS",3.79e-20,0.336,0.41,0.346,7.05e-16,"NRAS"
"FBXO4",3.82e-20,0.965,0.046,0.022,7.1e-16,"FBXO4"
"CBFA2T2",3.85e-20,-0.218,0.742,0.754,7.17e-16,"CBFA2T2"
"PABPC1L",3.88e-20,0.58,0.139,0.095,7.22e-16,"PABPC1L"
"CYB5R4",3.92e-20,-0.29,0.395,0.453,7.29e-16,"CYB5R4"
"KIF1C",3.95e-20,0.6,0.123,0.081,7.35e-16,"KIF1C"
"SLC13A5",4.03e-20,2.897,0.014,0.002,7.5e-16,"SLC13A5"
"CIPC",4.26e-20,0.383,0.22,0.164,7.92e-16,"CIPC"
"TSNAXIP1",4.37e-20,0.736,0.053,0.027,8.14e-16,"TSNAXIP1"
"PIGA",4.4e-20,0.798,0.093,0.058,8.19e-16,"PIGA"
"PNMA1",4.41e-20,0.268,0.611,0.56,8.21e-16,"PNMA1"
"FRY",4.45e-20,-0.635,0.541,0.569,8.28e-16,"FRY"
"MYO1F",4.47e-20,1.018,0.064,0.035,8.31e-16,"MYO1F"
"MUSK",4.58e-20,1.117,0.022,0.006,8.53e-16,"MUSK"
"SPDL1",4.59e-20,-0.422,0.236,0.29,8.54e-16,"SPDL1"
"ABHD3",4.76e-20,0.312,0.28,0.217,8.87e-16,"ABHD3"
"GLOD4",4.79e-20,0.261,0.612,0.559,8.91e-16,"GLOD4"
"SDK1",4.81e-20,-0.362,0.602,0.626,8.95e-16,"SDK1"
"SERINC3",4.86e-20,0.308,0.458,0.396,9.04e-16,"SERINC3"
"ATP5MK",4.89e-20,0.153,0.845,0.845,9.11e-16,"ATP5MK"
"RASAL2",4.91e-20,-0.196,0.83,0.843,9.15e-16,"RASAL2"
"TMEM64",5.04e-20,0.343,0.17,0.119,9.39e-16,"TMEM64"
"FSTL3",5.15e-20,1.257,0.029,0.011,9.59e-16,"FSTL3"
"PSMA7",5.32e-20,0.144,0.943,0.947,9.9e-16,"PSMA7"
"MARCHF3",5.34e-20,-0.345,0.229,0.287,9.93e-16,"MARCHF3"
"TMEM250",5.59e-20,0.455,0.163,0.114,1.04e-15,"TMEM250"
"RRAGA",5.59e-20,0.27,0.519,0.456,1.04e-15,"RRAGA"
"ZNF717",5.85e-20,0.525,0.154,0.107,1.09e-15,"ZNF717"
"LYRM9",5.86e-20,0.428,0.113,0.072,1.09e-15,"LYRM9"
"MCTP1",5.89e-20,0.544,0.088,0.053,1.1e-15,"MCTP1"
"FABP12",5.98e-20,0.841,0.054,0.027,1.11e-15,"FABP12"
"SNUPN",6.03e-20,0.333,0.253,0.193,1.12e-15,"SNUPN"
"CPSF6",6.06e-20,-0.117,0.793,0.826,1.13e-15,"CPSF6"
"EEF1AKMT3",6.22e-20,0.97,0.039,0.017,1.16e-15,"EEF1AKMT3"
"AHCTF1",6.32e-20,-0.191,0.54,0.587,1.18e-15,"AHCTF1"
"DENND1B",6.47e-20,0.311,0.459,0.387,1.2e-15,"DENND1B"
"RNASEL",6.6e-20,0.834,0.039,0.017,1.23e-15,"RNASEL"
"ADAM22",6.68e-20,-0.167,0.526,0.58,1.24e-15,"ADAM22"
"PCM1",6.7e-20,-0.123,0.913,0.922,1.25e-15,"PCM1"
"STK19",6.81e-20,0.324,0.26,0.199,1.27e-15,"STK19"
"MUC1",6.83e-20,1.935,0.018,0.004,1.27e-15,"MUC1"
"VASH1",6.96e-20,-0.182,0.307,0.374,1.29e-15,"VASH1"
"RNF187",7.04e-20,0.278,0.468,0.402,1.31e-15,"RNF187"
"H2AC7",7.11e-20,-1.245,0.018,0.041,1.32e-15,"H2AC7"
"KIF6",7.19e-20,1.107,0.03,0.011,1.34e-15,"KIF6"
"CASP9",7.38e-20,0.557,0.132,0.089,1.37e-15,"CASP9"
"COMTD1",7.55e-20,0.596,0.066,0.036,1.4e-15,"COMTD1"
"MAFB",7.59e-20,-0.34,0.088,0.133,1.41e-15,"MAFB"
"H3C1",7.62e-20,-1.275,0.016,0.038,1.42e-15,"H3C1"
"SMPD4",7.68e-20,-0.301,0.324,0.38,1.43e-15,"SMPD4"
"TRAF7",7.72e-20,0.476,0.225,0.17,1.44e-15,"TRAF7"
"RAB3IL1",7.96e-20,1.835,0.02,0.005,1.48e-15,"RAB3IL1"
"RABEPK",8.12e-20,0.364,0.284,0.222,1.51e-15,"RABEPK"
"NTN4",8.16e-20,-0.178,0.192,0.252,1.52e-15,"NTN4"
"HNRNPUL1",8.33e-20,-0.196,0.698,0.722,1.55e-15,"HNRNPUL1"
"SUMF2",8.35e-20,0.37,0.347,0.283,1.55e-15,"SUMF2"
"GBP3",8.35e-20,2.252,0.017,0.004,1.55e-15,"GBP3"
"GRIK5",8.38e-20,0.336,0.367,0.301,1.56e-15,"GRIK5"
"APH1B",8.75e-20,0.317,0.292,0.227,1.63e-15,"APH1B"
"HDAC4",9.06e-20,-0.119,0.635,0.681,1.69e-15,"HDAC4"
"COG7",9.08e-20,0.37,0.383,0.318,1.69e-15,"COG7"
"ACTR6",9.37e-20,0.262,0.611,0.556,1.74e-15,"ACTR6"
"NCLN",9.56e-20,0.551,0.149,0.104,1.78e-15,"NCLN"
"PPP1R7",9.58e-20,0.295,0.495,0.432,1.78e-15,"PPP1R7"
"RND1",9.8e-20,0.803,0.071,0.04,1.82e-15,"RND1"
"SUPT6H",9.93e-20,0.332,0.441,0.377,1.85e-15,"SUPT6H"
"TMED4",9.97e-20,0.276,0.586,0.53,1.86e-15,"TMED4"
"TM2D1",1.04e-19,0.281,0.582,0.528,1.93e-15,"TM2D1"
"TMCC1",1.04e-19,-0.143,0.869,0.879,1.93e-15,"TMCC1"
"YBEY",1.08e-19,0.445,0.22,0.165,2.01e-15,"YBEY"
"SGCB",1.08e-19,0.226,0.672,0.631,2.02e-15,"SGCB"
"SIRT5",1.12e-19,0.386,0.212,0.157,2.08e-15,"SIRT5"
"ADGRG2",1.13e-19,0.936,0.065,0.036,2.1e-15,"ADGRG2"
"NANS",1.16e-19,0.431,0.176,0.125,2.16e-15,"NANS"
"PGRMC1",1.17e-19,0.261,0.716,0.702,2.17e-15,"PGRMC1"
"ARFIP2",1.18e-19,0.415,0.192,0.14,2.19e-15,"ARFIP2"
"HPRT1",1.21e-19,-0.26,0.416,0.468,2.26e-15,"HPRT1"
"CDCA7L",1.21e-19,-0.347,0.322,0.377,2.26e-15,"CDCA7L"
"SEC23B",1.23e-19,0.342,0.387,0.321,2.3e-15,"SEC23B"
"ANGPTL4",1.25e-19,1.919,0.042,0.019,2.32e-15,"ANGPTL4"
"SVBP",1.25e-19,-0.143,0.686,0.734,2.32e-15,"SVBP"
"COG4",1.28e-19,0.34,0.372,0.306,2.38e-15,"COG4"
"PNMA8C",1.34e-19,0.792,0.057,0.03,2.5e-15,"PNMA8C"
"PGRMC2",1.35e-19,0.355,0.426,0.363,2.51e-15,"PGRMC2"
"RNF170",1.36e-19,0.308,0.387,0.317,2.54e-15,"RNF170"
"DOCK6",1.43e-19,1.09,0.048,0.024,2.67e-15,"DOCK6"
"PNO1",1.46e-19,0.388,0.24,0.182,2.71e-15,"PNO1"
"AJUBA",1.46e-19,1.114,0.05,0.025,2.72e-15,"AJUBA"
"ATP5PD",1.51e-19,0.258,0.69,0.67,2.81e-15,"ATP5PD"
"MPI",1.51e-19,0.452,0.136,0.092,2.81e-15,"MPI"
"SLC5A9",1.55e-19,1.849,0.025,0.008,2.89e-15,"SLC5A9"
"CHMP5",1.59e-19,0.175,0.792,0.764,2.96e-15,"CHMP5"
"TCEAL5",1.6e-19,1.086,0.052,0.026,2.99e-15,"TCEAL5"
"KANSL2",1.67e-19,-0.259,0.301,0.358,3.11e-15,"KANSL2"
"PCDHGB6",1.67e-19,0.522,0.383,0.332,3.12e-15,"PCDHGB6"
"TRPM8",1.68e-19,2.399,0.018,0.004,3.12e-15,"TRPM8"
"G0S2",1.7e-19,0.897,0.066,0.037,3.16e-15,"G0S2"
"CFAP69",1.73e-19,0.423,0.088,0.054,3.23e-15,"CFAP69"
"CHD1L",1.76e-19,0.313,0.413,0.347,3.27e-15,"CHD1L"
"ARSK",1.76e-19,0.454,0.145,0.1,3.28e-15,"ARSK"
"RIMS3",1.79e-19,-0.454,0.086,0.128,3.34e-15,"RIMS3"
"NDUFB4",1.84e-19,0.215,0.811,0.81,3.42e-15,"NDUFB4"
"MKNK1",1.86e-19,0.398,0.173,0.124,3.47e-15,"MKNK1"
"JARID2",1.91e-19,-0.256,0.638,0.673,3.55e-15,"JARID2"
"CCND3",2.07e-19,0.515,0.155,0.108,3.85e-15,"CCND3"
"ARFGEF2",2.08e-19,0.257,0.424,0.351,3.87e-15,"ARFGEF2"
"SFT2D2",2.1e-19,0.289,0.42,0.352,3.9e-15,"SFT2D2"
"C11orf80",2.1e-19,-0.166,0.574,0.622,3.9e-15,"C11orf80"
"E2F6",2.12e-19,0.442,0.225,0.169,3.95e-15,"E2F6"
"MFSD4B",2.13e-19,0.348,0.634,0.573,3.97e-15,"MFSD4B"
"MRPS36",2.21e-19,0.28,0.537,0.477,4.11e-15,"MRPS36"
"TPPP",2.32e-19,0.89,0.058,0.031,4.32e-15,"TPPP"
"EXD2",2.33e-19,0.316,0.314,0.248,4.34e-15,"EXD2"
"GHR",2.38e-19,1.219,0.04,0.018,4.42e-15,"GHR"
"COPB1",2.4e-19,0.202,0.673,0.619,4.46e-15,"COPB1"
"ZCCHC2",2.41e-19,0.364,0.251,0.192,4.48e-15,"ZCCHC2"
"CNTNAP2",2.41e-19,-2.169,0.095,0.136,4.49e-15,"CNTNAP2"
"BMX",2.42e-19,2.03,0.019,0.005,4.51e-15,"BMX"
"B4GALNT1",2.54e-19,-0.266,0.204,0.261,4.74e-15,"B4GALNT1"
"ZNF90",2.57e-19,-0.456,0.14,0.189,4.78e-15,"ZNF90"
"MRPS18A",2.57e-19,0.359,0.212,0.157,4.78e-15,"MRPS18A"
"UBR2",2.57e-19,0.234,0.668,0.607,4.79e-15,"UBR2"
"SLC50A1",2.64e-19,0.811,0.073,0.042,4.91e-15,"SLC50A1"
"PIK3C2B",2.67e-19,0.37,0.424,0.363,4.96e-15,"PIK3C2B"
"PLXNB2",2.71e-19,0.387,0.252,0.193,5.04e-15,"PLXNB2"
"SNPH",2.71e-19,1.091,0.033,0.013,5.05e-15,"SNPH"
"METTL26",2.83e-19,0.295,0.533,0.474,5.26e-15,"METTL26"
"PLRG1",2.9e-19,0.316,0.482,0.42,5.4e-15,"PLRG1"
"SH3GL3",2.99e-19,-0.608,0.054,0.089,5.56e-15,"SH3GL3"
"PIGBOS1",3.13e-19,0.37,0.222,0.167,5.82e-15,"PIGBOS1"
"OXSM",3.15e-19,0.786,0.067,0.037,5.87e-15,"OXSM"
"DCUN1D4",3.19e-19,-0.221,0.584,0.623,5.94e-15,"DCUN1D4"
"CDKN2A",3.25e-19,-0.491,0.106,0.15,6.05e-15,"CDKN2A"
"H2BC14",3.27e-19,-1.927,0.007,0.024,6.09e-15,"H2BC14"
"ATP9B",3.34e-19,0.236,0.682,0.626,6.21e-15,"ATP9B"
"MTRF1L",3.34e-19,0.331,0.345,0.278,6.22e-15,"MTRF1L"
"NAA16",3.38e-19,-0.195,0.551,0.598,6.3e-15,"NAA16"
"MDM1",3.41e-19,0.41,0.217,0.163,6.35e-15,"MDM1"
"COQ4",3.42e-19,0.372,0.328,0.264,6.37e-15,"COQ4"
"FUOM",3.45e-19,0.943,0.039,0.017,6.43e-15,"FUOM"
"NEK7",3.47e-19,0.166,0.424,0.348,6.46e-15,"NEK7"
"ETFB",3.49e-19,0.116,0.588,0.522,6.49e-15,"ETFB"
"NFIC",3.52e-19,0.23,0.513,0.448,6.56e-15,"NFIC"
"CENPM",3.56e-19,-0.447,0.128,0.176,6.62e-15,"CENPM"
"STK16",3.83e-19,0.453,0.131,0.089,7.13e-15,"STK16"
"SIX4",4.02e-19,1.363,0.03,0.011,7.48e-15,"SIX4"
"SCHIP1",4.13e-19,0.588,0.079,0.047,7.68e-15,"SCHIP1"
"MZT2B",4.2e-19,0.191,0.804,0.795,7.82e-15,"MZT2B"
"AP5B1",4.36e-19,0.828,0.062,0.033,8.12e-15,"AP5B1"
"ASMTL",4.41e-19,0.466,0.119,0.078,8.2e-15,"ASMTL"
"MALSU1",4.55e-19,0.322,0.441,0.378,8.46e-15,"MALSU1"
"RTRAF",4.66e-19,0.192,0.83,0.823,8.66e-15,"RTRAF"
"FZD1",4.71e-19,0.531,0.107,0.069,8.77e-15,"FZD1"
"HS3ST3B1",4.79e-19,1.217,0.037,0.016,8.92e-15,"HS3ST3B1"
"PHKG1",4.81e-19,0.576,0.112,0.074,8.96e-15,"PHKG1"
"DRG2",4.96e-19,0.445,0.191,0.14,9.24e-15,"DRG2"
"DTD1",4.97e-19,-0.156,0.796,0.831,9.26e-15,"DTD1"
"RABL2A",4.99e-19,0.39,0.197,0.145,9.28e-15,"RABL2A"
"PNPLA2",5.02e-19,0.578,0.124,0.082,9.35e-15,"PNPLA2"
"RAB4A",5.05e-19,0.279,0.623,0.571,9.39e-15,"RAB4A"
"MTMR10",5.05e-19,0.414,0.202,0.151,9.4e-15,"MTMR10"
"PCP4",5.16e-19,0.187,0.058,0.031,9.6e-15,"PCP4"
"WDSUB1",5.19e-19,0.409,0.288,0.229,9.66e-15,"WDSUB1"
"SLC38A7",5.21e-19,0.427,0.118,0.077,9.7e-15,"SLC38A7"
"TADA3",5.23e-19,0.297,0.51,0.454,9.74e-15,"TADA3"
"POGZ",5.28e-19,-0.103,0.868,0.893,9.84e-15,"POGZ"
"IGF2BP3",5.32e-19,-0.235,0.772,0.761,9.9e-15,"IGF2BP3"
"IFI27L1",5.38e-19,0.336,0.386,0.324,1e-14,"IFI27L1"
"CAMK2N1",5.39e-19,0.235,0.829,0.801,1e-14,"CAMK2N1"
"TMEM256",5.48e-19,0.301,0.512,0.453,1.02e-14,"TMEM256"
"GMCL1",5.56e-19,-0.271,0.445,0.497,1.03e-14,"GMCL1"
"CYP27A1",5.62e-19,0.974,0.051,0.026,1.05e-14,"CYP27A1"
"TMEM14B",5.66e-19,0.158,0.883,0.869,1.05e-14,"TMEM14B"
"GRTP1",5.7e-19,0.592,0.163,0.117,1.06e-14,"GRTP1"
"TAF5L",5.76e-19,-0.207,0.306,0.367,1.07e-14,"TAF5L"
"MESP1",5.95e-19,0.463,0.147,0.102,1.11e-14,"MESP1"
"WASHC5",6.02e-19,0.328,0.406,0.337,1.12e-14,"WASHC5"
"PRMT2",6.08e-19,0.173,0.802,0.777,1.13e-14,"PRMT2"
"DHPS",6.17e-19,-0.175,0.563,0.613,1.15e-14,"DHPS"
"LONP2",6.23e-19,0.228,0.688,0.637,1.16e-14,"LONP2"
"DISC1",6.44e-19,0.611,0.103,0.066,1.2e-14,"DISC1"
"SNRPB2",6.67e-19,-0.176,0.763,0.805,1.24e-14,"SNRPB2"
"TRAPPC4",6.8e-19,0.253,0.594,0.542,1.27e-14,"TRAPPC4"
"GSTO2",6.95e-19,0.89,0.045,0.022,1.29e-14,"GSTO2"
"CYB5B",6.97e-19,0.299,0.522,0.466,1.3e-14,"CYB5B"
"USO1",7.12e-19,0.209,0.626,0.57,1.33e-14,"USO1"
"VBP1",7.34e-19,0.21,0.74,0.714,1.37e-14,"VBP1"
"NUP205",7.49e-19,-0.279,0.341,0.396,1.39e-14,"NUP205"
"ARFRP1",7.56e-19,0.431,0.169,0.12,1.41e-14,"ARFRP1"
"SHARPIN",7.62e-19,0.352,0.295,0.233,1.42e-14,"SHARPIN"
"SLC22A4",8.04e-19,0.629,0.061,0.033,1.5e-14,"SLC22A4"
"SMU1",8.32e-19,0.255,0.587,0.536,1.55e-14,"SMU1"
"ATMIN",8.36e-19,0.307,0.447,0.383,1.56e-14,"ATMIN"
"SCRT1",8.71e-19,-0.483,0.067,0.105,1.62e-14,"SCRT1"
"CREG1",9.11e-19,0.45,0.158,0.111,1.69e-14,"CREG1"
"SLIT3",9.13e-19,-1.49,0.01,0.029,1.7e-14,"SLIT3"
"BTN2A2",9.31e-19,0.457,0.184,0.134,1.73e-14,"BTN2A2"
"LMNA",9.41e-19,0.419,0.56,0.523,1.75e-14,"LMNA"
"YPEL5",9.43e-19,0.218,0.468,0.398,1.76e-14,"YPEL5"
"RNASET2",9.62e-19,0.431,0.185,0.136,1.79e-14,"RNASET2"
"PLPPR1",9.81e-19,0.419,0.104,0.066,1.83e-14,"PLPPR1"
"GALM",9.94e-19,0.363,0.197,0.145,1.85e-14,"GALM"
"HARS1",1.01e-18,0.267,0.45,0.383,1.88e-14,"HARS1"
"AKNAD1",1.03e-18,-0.473,0.097,0.139,1.91e-14,"AKNAD1"
"IPP",1.04e-18,0.317,0.303,0.241,1.93e-14,"IPP"
"PANX2",1.04e-18,1.07,0.038,0.017,1.93e-14,"PANX2"
"PCNX3",1.05e-18,0.549,0.12,0.08,1.95e-14,"PCNX3"
"COQ10A",1.07e-18,0.412,0.16,0.113,2e-14,"COQ10A"
"CYREN",1.08e-18,0.321,0.325,0.259,2.01e-14,"CYREN"
"DNAI3",1.1e-18,2.252,0.016,0.003,2.05e-14,"DNAI3"
"NANP",1.11e-18,0.674,0.102,0.066,2.06e-14,"NANP"
"TP53BP1",1.12e-18,0.23,0.731,0.687,2.09e-14,"TP53BP1"
"ERN1",1.13e-18,0.366,0.138,0.094,2.1e-14,"ERN1"
"SH3YL1",1.21e-18,0.31,0.429,0.363,2.26e-14,"SH3YL1"
"SRRM2",1.26e-18,0.15,0.938,0.933,2.35e-14,"SRRM2"
"TYSND1",1.28e-18,0.515,0.084,0.051,2.39e-14,"TYSND1"
"RUNX2",1.29e-18,0.59,0.156,0.111,2.4e-14,"RUNX2"
"SUV39H2",1.29e-18,-0.34,0.268,0.322,2.4e-14,"SUV39H2"
"MDH2",1.3e-18,0.243,0.724,0.709,2.42e-14,"MDH2"
"YAE1",1.3e-18,0.353,0.349,0.286,2.42e-14,"YAE1"
"KRR1",1.33e-18,0.245,0.59,0.54,2.48e-14,"KRR1"
"SPATA2L",1.4e-18,0.707,0.091,0.057,2.6e-14,"SPATA2L"
"POLR2I",1.41e-18,0.251,0.564,0.51,2.62e-14,"POLR2I"
"RTF2",1.42e-18,0.243,0.634,0.593,2.64e-14,"RTF2"
"TSPAN9",1.45e-18,0.219,0.214,0.159,2.7e-14,"TSPAN9"
"LARP7",1.47e-18,0.247,0.582,0.522,2.74e-14,"LARP7"
"ACOT9",1.48e-18,0.556,0.165,0.119,2.76e-14,"ACOT9"
"CKLF",1.48e-18,0.314,0.338,0.277,2.76e-14,"CKLF"
"ANKS1B",1.5e-18,-0.373,0.677,0.694,2.79e-14,"ANKS1B"
"HMGXB4",1.5e-18,-0.232,0.521,0.559,2.8e-14,"HMGXB4"
"MVP",1.52e-18,0.768,0.076,0.045,2.82e-14,"MVP"
"RAB3C",1.54e-18,-0.369,0.135,0.184,2.86e-14,"RAB3C"
"ASRGL1",1.54e-18,-0.238,0.544,0.579,2.87e-14,"ASRGL1"
"ARID5A",1.55e-18,0.997,0.047,0.023,2.88e-14,"ARID5A"
"AEBP1",1.55e-18,0.768,0.072,0.042,2.89e-14,"AEBP1"
"WNT2B",1.56e-18,-0.31,0.236,0.291,2.9e-14,"WNT2B"
"RGS7BP",1.59e-18,0.439,0.139,0.096,2.95e-14,"RGS7BP"
"WNT7A",1.6e-18,0.328,0.247,0.189,2.98e-14,"WNT7A"
"DENND2A",1.61e-18,0.302,0.471,0.405,3e-14,"DENND2A"
"C1D",1.61e-18,0.334,0.406,0.343,3.01e-14,"C1D"
"PPP1R15B",1.63e-18,0.365,0.438,0.381,3.04e-14,"PPP1R15B"
"RPS17",1.64e-18,0.166,0.975,0.984,3.05e-14,"RPS17"
"VSIR",1.68e-18,3.235,0.01,0.001,3.13e-14,"VSIR"
"POLR1G",1.69e-18,0.725,0.079,0.047,3.14e-14,"POLR1G"
"CASD1",1.7e-18,-0.278,0.601,0.625,3.16e-14,"CASD1"
"CAT",1.7e-18,0.938,0.049,0.025,3.16e-14,"CAT"
"ELP4",1.71e-18,0.182,0.666,0.594,3.17e-14,"ELP4"
"ARL5A",1.71e-18,0.242,0.709,0.668,3.18e-14,"ARL5A"
"SLC33A1",1.76e-18,0.316,0.3,0.237,3.28e-14,"SLC33A1"
"SLC20A2",1.77e-18,0.322,0.452,0.386,3.29e-14,"SLC20A2"
"ABCA8",1.79e-18,4.154,0.01,0.001,3.32e-14,"ABCA8"
"MRPS17",1.83e-18,0.32,0.221,0.166,3.4e-14,"MRPS17"
"NPHP3",1.83e-18,0.361,0.31,0.248,3.41e-14,"NPHP3"
"NTNG1",1.85e-18,1.142,0.045,0.022,3.45e-14,"NTNG1"
"NFKBIZ",1.86e-18,0.999,0.072,0.042,3.46e-14,"NFKBIZ"
"PJVK",1.86e-18,0.566,0.097,0.062,3.47e-14,"PJVK"
"ERI2",1.88e-18,-0.42,0.207,0.256,3.49e-14,"ERI2"
"CHST7",1.88e-18,0.608,0.086,0.052,3.51e-14,"CHST7"
"DDX58",1.92e-18,0.441,0.246,0.191,3.57e-14,"DDX58"
"FZD5",1.93e-18,0.536,0.14,0.097,3.59e-14,"FZD5"
"TTLL1",1.94e-18,0.359,0.296,0.235,3.62e-14,"TTLL1"
"FBXO17",2.02e-18,0.355,0.247,0.192,3.76e-14,"FBXO17"
"ARF4",2.04e-18,0.172,0.808,0.784,3.8e-14,"ARF4"
"FAM98C",2.06e-18,0.479,0.154,0.108,3.84e-14,"FAM98C"
"XYLT1",2.07e-18,-0.515,0.431,0.465,3.86e-14,"XYLT1"
"MFAP1",2.09e-18,0.293,0.526,0.469,3.89e-14,"MFAP1"
"TMEM241",2.12e-18,0.373,0.239,0.181,3.95e-14,"TMEM241"
"JMY",2.15e-18,0.385,0.335,0.273,4e-14,"JMY"
"DPF2",2.21e-18,0.305,0.506,0.446,4.12e-14,"DPF2"
"ADH5",2.32e-18,0.197,0.785,0.767,4.31e-14,"ADH5"
"TICAM1",2.33e-18,1.168,0.023,0.007,4.34e-14,"TICAM1"
"WDR1",2.34e-18,0.345,0.434,0.379,4.35e-14,"WDR1"
"NR4A1",2.38e-18,0.755,0.09,0.057,4.44e-14,"NR4A1"
"ENSG00000279166",2.46e-18,-0.486,0.072,0.11,4.59e-14,"ENSG00000279166"
"COMMD6",2.52e-18,0.116,0.937,0.948,4.69e-14,"COMMD6"
"CHKA",2.53e-18,0.258,0.553,0.496,4.7e-14,"CHKA"
"GATD1",2.53e-18,0.409,0.237,0.183,4.72e-14,"GATD1"
"SPRYD4",2.54e-18,0.536,0.107,0.069,4.73e-14,"SPRYD4"
"MMACHC",2.55e-18,0.84,0.055,0.029,4.74e-14,"MMACHC"
"MLLT1",2.65e-18,0.411,0.325,0.266,4.93e-14,"MLLT1"
"TTN",2.65e-18,0.354,0.17,0.122,4.94e-14,"TTN"
"AMOTL1",2.69e-18,-0.146,0.559,0.62,5e-14,"AMOTL1"
"TNFSF4",2.79e-18,1.858,0.018,0.005,5.19e-14,"TNFSF4"
"ARL16",2.84e-18,0.308,0.342,0.278,5.29e-14,"ARL16"
"CDC34",2.86e-18,0.317,0.396,0.333,5.33e-14,"CDC34"
"DUS4L",2.86e-18,0.372,0.155,0.109,5.33e-14,"DUS4L"
"RAD23A",3.05e-18,0.277,0.558,0.506,5.67e-14,"RAD23A"
"DHTKD1",3.05e-18,0.298,0.331,0.268,5.68e-14,"DHTKD1"
"PRXL2B",3.09e-18,0.515,0.123,0.083,5.75e-14,"PRXL2B"
"DNAJC4",3.21e-18,0.38,0.172,0.124,5.97e-14,"DNAJC4"
"SFXN4",3.22e-18,0.372,0.257,0.2,5.99e-14,"SFXN4"
"RIC8A",3.29e-18,0.373,0.236,0.18,6.13e-14,"RIC8A"
"GPHN",3.37e-18,0.177,0.958,0.942,6.27e-14,"GPHN"
"ALAS1",3.38e-18,0.383,0.224,0.171,6.28e-14,"ALAS1"
"ABITRAM",3.46e-18,0.361,0.176,0.127,6.43e-14,"ABITRAM"
"TRIAP1",3.48e-18,0.399,0.293,0.233,6.48e-14,"TRIAP1"
"OGFOD2",3.5e-18,0.837,0.051,0.026,6.51e-14,"OGFOD2"
"PGPEP1",3.52e-18,0.624,0.126,0.086,6.55e-14,"PGPEP1"
"ODF2L",3.53e-18,-0.261,0.516,0.56,6.58e-14,"ODF2L"
"DPAGT1",3.57e-18,0.636,0.109,0.072,6.64e-14,"DPAGT1"
"GOLGA8B",3.63e-18,0.546,0.103,0.066,6.75e-14,"GOLGA8B"
"NAA38",3.64e-18,0.239,0.597,0.542,6.77e-14,"NAA38"
"ZFAND4",3.64e-18,0.466,0.149,0.104,6.78e-14,"ZFAND4"
"CLK1",3.74e-18,-0.207,0.434,0.491,6.97e-14,"CLK1"
"NLGN4X",3.77e-18,-0.24,0.883,0.872,7.01e-14,"NLGN4X"
"PRRG1",3.79e-18,0.617,0.072,0.042,7.05e-14,"PRRG1"
"ADRA2A",3.81e-18,-2.823,0.004,0.017,7.09e-14,"ADRA2A"
"CEP120",3.82e-18,-0.282,0.306,0.36,7.11e-14,"CEP120"
"ZFP2",3.83e-18,0.502,0.116,0.077,7.12e-14,"ZFP2"
"HERC4",3.85e-18,0.209,0.724,0.667,7.17e-14,"HERC4"
"SIPA1",3.88e-18,0.922,0.049,0.025,7.22e-14,"SIPA1"
"MLXIP",3.91e-18,0.329,0.323,0.258,7.27e-14,"MLXIP"
"LIG1",3.92e-18,-0.421,0.193,0.244,7.29e-14,"LIG1"
"TIMM21",3.99e-18,0.382,0.243,0.187,7.43e-14,"TIMM21"
"MAPK1IP1L",4.04e-18,0.256,0.607,0.558,7.51e-14,"MAPK1IP1L"
"CSTF3",4.07e-18,-0.176,0.665,0.7,7.57e-14,"CSTF3"
"REXO4",4.07e-18,0.316,0.222,0.167,7.57e-14,"REXO4"
"ENSG00000278817",4.14e-18,0.84,0.05,0.026,7.7e-14,"ENSG00000278817"
"TMEM120B",4.14e-18,0.458,0.17,0.123,7.7e-14,"TMEM120B"
"DENR",4.16e-18,0.26,0.616,0.571,7.74e-14,"DENR"
"CREB3",4.27e-18,0.301,0.292,0.23,7.95e-14,"CREB3"
"EME1",4.29e-18,-0.682,0.056,0.089,7.99e-14,"EME1"
"SHB",4.36e-18,-0.284,0.281,0.334,8.11e-14,"SHB"
"STK11",4.38e-18,0.413,0.264,0.208,8.14e-14,"STK11"
"VAV3",4.44e-18,1.793,0.034,0.014,8.26e-14,"VAV3"
"MATR3",4.45e-18,1.869,0.02,0.006,8.28e-14,"MATR3"
"CYS1",4.58e-18,1.664,0.018,0.005,8.52e-14,"CYS1"
"SH2B1",4.59e-18,0.331,0.272,0.212,8.55e-14,"SH2B1"
"TOMM34",4.79e-18,0.544,0.139,0.097,8.92e-14,"TOMM34"
"CAPZB",5.03e-18,0.194,0.804,0.789,9.36e-14,"CAPZB"
"THOP1",5.08e-18,0.516,0.198,0.149,9.46e-14,"THOP1"
"BORA",5.18e-18,-0.802,0.107,0.147,9.64e-14,"BORA"
"ADSL",5.23e-18,0.303,0.358,0.297,9.73e-14,"ADSL"
"MRPL2",5.27e-18,0.345,0.258,0.201,9.81e-14,"MRPL2"
"SCO1",5.28e-18,0.32,0.302,0.243,9.83e-14,"SCO1"
"SRGAP3",5.34e-18,0.189,0.805,0.759,9.93e-14,"SRGAP3"
"FMR1",5.55e-18,0.291,0.555,0.496,1.03e-13,"FMR1"
"GLIPR1",5.63e-18,0.758,0.052,0.027,1.05e-13,"GLIPR1"
"DZIP3",5.93e-18,0.218,0.486,0.418,1.1e-13,"DZIP3"
"NME2",5.95e-18,0.663,0.077,0.046,1.11e-13,"NME2"
"TSPAN32",6.01e-18,1.848,0.016,0.004,1.12e-13,"TSPAN32"
"KCTD1",6.03e-18,0.352,0.37,0.306,1.12e-13,"KCTD1"
"PPP2R2D",6.16e-18,-0.209,0.505,0.551,1.15e-13,"PPP2R2D"
"MAP3K20",6.16e-18,-0.308,0.574,0.597,1.15e-13,"MAP3K20"
"ETF1",6.18e-18,0.286,0.444,0.382,1.15e-13,"ETF1"
"PRPSAP1",6.2e-18,0.315,0.515,0.459,1.15e-13,"PRPSAP1"
"MAP3K13",6.2e-18,0.175,0.473,0.403,1.15e-13,"MAP3K13"
"MYO9B",6.26e-18,-0.152,0.511,0.57,1.17e-13,"MYO9B"
"CNTN3",6.28e-18,1.061,0.039,0.018,1.17e-13,"CNTN3"
"KLHL3",6.36e-18,0.607,0.08,0.048,1.18e-13,"KLHL3"
"BAG1",6.38e-18,0.295,0.515,0.456,1.19e-13,"BAG1"
"CASKIN1",6.42e-18,0.548,0.12,0.08,1.19e-13,"CASKIN1"
"FYB2",6.55e-18,4.012,0.011,0.001,1.22e-13,"FYB2"
"POLD1",6.55e-18,-0.566,0.089,0.128,1.22e-13,"POLD1"
"LZIC",6.73e-18,0.232,0.638,0.588,1.25e-13,"LZIC"
"FKBP1B",6.85e-18,0.291,0.206,0.153,1.27e-13,"FKBP1B"
"RBMX",6.86e-18,-0.169,0.846,0.855,1.28e-13,"RBMX"
"ZNF76",6.94e-18,0.426,0.22,0.168,1.29e-13,"ZNF76"
"IRAK3",7.01e-18,2.161,0.015,0.003,1.3e-13,"IRAK3"
"TAOK1",7.11e-18,0.161,0.921,0.912,1.32e-13,"TAOK1"
"AP2A2",7.16e-18,0.298,0.47,0.405,1.33e-13,"AP2A2"
"SLC39A6",7.26e-18,-0.154,0.665,0.716,1.35e-13,"SLC39A6"
"TAFA3",7.29e-18,2.464,0.011,0.001,1.36e-13,"TAFA3"
"ATG14",7.45e-18,0.305,0.355,0.289,1.39e-13,"ATG14"
"SNX33",7.64e-18,1.021,0.048,0.024,1.42e-13,"SNX33"
"ARCN1",7.65e-18,0.288,0.479,0.419,1.42e-13,"ARCN1"
"PSMD12",7.82e-18,0.223,0.676,0.644,1.45e-13,"PSMD12"
"ERCC6L",7.95e-18,-0.403,0.109,0.152,1.48e-13,"ERCC6L"
"BBS4",7.99e-18,0.287,0.313,0.251,1.49e-13,"BBS4"
"RBM7",8.01e-18,0.318,0.32,0.256,1.49e-13,"RBM7"
"MVB12A",8.08e-18,0.423,0.311,0.255,1.5e-13,"MVB12A"
"TADA2B",8.16e-18,0.513,0.131,0.09,1.52e-13,"TADA2B"
"C11orf71",8.27e-18,0.433,0.108,0.07,1.54e-13,"C11orf71"
"USP13",8.59e-18,-0.249,0.442,0.489,1.6e-13,"USP13"
"C19orf25",8.75e-18,0.382,0.328,0.266,1.63e-13,"C19orf25"
"FAM131A",8.94e-18,0.385,0.209,0.157,1.66e-13,"FAM131A"
"H3C11",9.01e-18,-1.279,0.01,0.028,1.68e-13,"H3C11"
"OSGEPL1",9.16e-18,0.425,0.236,0.183,1.71e-13,"OSGEPL1"
"DNAJC22",9.18e-18,1.262,0.036,0.016,1.71e-13,"DNAJC22"
"DNAJA1",9.19e-18,0.189,0.913,0.913,1.71e-13,"DNAJA1"
"PHC3",9.25e-18,0.218,0.67,0.62,1.72e-13,"PHC3"
"ADCY7",9.48e-18,0.765,0.057,0.031,1.76e-13,"ADCY7"
"RAB40B",9.52e-18,0.36,0.211,0.158,1.77e-13,"RAB40B"
"GOLIM4",9.53e-18,0.224,0.591,0.528,1.77e-13,"GOLIM4"
"TMSB4X",9.53e-18,-0.105,0.996,0.999,1.77e-13,"TMSB4X"
"MRPS9",9.71e-18,0.262,0.414,0.346,1.81e-13,"MRPS9"
"TRABD",9.78e-18,0.455,0.169,0.123,1.82e-13,"TRABD"
"SYMPK",9.86e-18,0.357,0.382,0.32,1.83e-13,"SYMPK"
"EXOSC7",1e-17,0.275,0.394,0.329,1.86e-13,"EXOSC7"
"FBXL5",1e-17,-0.235,0.698,0.712,1.87e-13,"FBXL5"
"LDOC1",1.02e-17,0.3,0.258,0.199,1.89e-13,"LDOC1"
"CIAO1",1.03e-17,0.253,0.544,0.489,1.92e-13,"CIAO1"
"ENSG00000279369",1.09e-17,-0.511,0.069,0.106,2.04e-13,"ENSG00000279369"
"DDX31",1.1e-17,0.356,0.193,0.143,2.04e-13,"DDX31"
"TMEM38A",1.12e-17,0.466,0.186,0.137,2.09e-13,"TMEM38A"
"CCDC50",1.13e-17,-0.165,0.688,0.726,2.11e-13,"CCDC50"
"B4GALT4",1.14e-17,0.321,0.229,0.176,2.13e-13,"B4GALT4"
"PCNP",1.16e-17,0.212,0.757,0.732,2.15e-13,"PCNP"
"KCNMB4",1.17e-17,-0.179,0.449,0.509,2.17e-13,"KCNMB4"
"PLCD4",1.18e-17,0.996,0.045,0.022,2.2e-13,"PLCD4"
"ENSG00000283977",1.19e-17,0.48,0.161,0.116,2.22e-13,"ENSG00000283977"
"TSFM",1.22e-17,0.293,0.327,0.264,2.26e-13,"TSFM"
"USP46",1.23e-17,0.257,0.537,0.476,2.28e-13,"USP46"
"ANKRA2",1.23e-17,0.386,0.247,0.192,2.29e-13,"ANKRA2"
"RWDD1",1.26e-17,0.208,0.735,0.702,2.35e-13,"RWDD1"
"ESR1",1.29e-17,0.387,0.593,0.56,2.41e-13,"ESR1"
"ANAPC13",1.31e-17,0.292,0.405,0.34,2.44e-13,"ANAPC13"
"TBC1D14",1.32e-17,0.276,0.492,0.425,2.46e-13,"TBC1D14"
"RPS21",1.34e-17,-0.101,0.964,0.976,2.49e-13,"RPS21"
"FNTA",1.38e-17,0.239,0.55,0.491,2.57e-13,"FNTA"
"CXCL2",1.41e-17,4.554,0.01,0.001,2.63e-13,"CXCL2"
"CIB2",1.46e-17,0.354,0.192,0.142,2.71e-13,"CIB2"
"UNC119B",1.46e-17,0.427,0.165,0.12,2.73e-13,"UNC119B"
"PNKP",1.58e-17,0.395,0.214,0.162,2.94e-13,"PNKP"
"ISLR",1.58e-17,4.071,0.01,0.001,2.94e-13,"ISLR"
"CTDNEP1",1.59e-17,0.229,0.646,0.605,2.97e-13,"CTDNEP1"
"DBNDD1",1.66e-17,0.637,0.075,0.045,3.1e-13,"DBNDD1"
"CHMP6",1.68e-17,0.448,0.196,0.147,3.12e-13,"CHMP6"
"EPB41L5",1.69e-17,-0.134,0.712,0.747,3.14e-13,"EPB41L5"
"BSN",1.75e-17,-0.233,0.207,0.264,3.26e-13,"BSN"
"PHB2",1.75e-17,0.206,0.678,0.65,3.26e-13,"PHB2"
"SLC4A3",1.76e-17,0.615,0.084,0.051,3.28e-13,"SLC4A3"
"UBAP2L",1.81e-17,0.265,0.556,0.498,3.36e-13,"UBAP2L"
"PLXNB1",1.83e-17,0.463,0.178,0.132,3.4e-13,"PLXNB1"
"UBA1",1.83e-17,0.232,0.674,0.63,3.4e-13,"UBA1"
"PSME3",1.83e-17,0.349,0.282,0.224,3.41e-13,"PSME3"
"ZNF273",1.92e-17,-0.328,0.209,0.261,3.58e-13,"ZNF273"
"TGFB3",1.92e-17,0.662,0.085,0.053,3.58e-13,"TGFB3"
"NDUFA10",1.93e-17,0.233,0.644,0.606,3.59e-13,"NDUFA10"
"ORMDL2",1.94e-17,0.296,0.201,0.149,3.61e-13,"ORMDL2"
"CHM",1.94e-17,0.265,0.516,0.45,3.62e-13,"CHM"
"EIF3M",1.94e-17,0.192,0.736,0.715,3.62e-13,"EIF3M"
"IQSEC3",1.97e-17,-0.768,0.025,0.049,3.66e-13,"IQSEC3"
"EIF3B",1.97e-17,0.299,0.456,0.396,3.67e-13,"EIF3B"
"GMFB",1.98e-17,0.271,0.514,0.459,3.69e-13,"GMFB"
"MAPK14",1.99e-17,-0.243,0.524,0.565,3.7e-13,"MAPK14"
"EGFR",2.02e-17,0.126,0.422,0.349,3.76e-13,"EGFR"
"MKLN1",2.08e-17,0.194,0.879,0.864,3.86e-13,"MKLN1"
"PAXX",2.08e-17,0.314,0.41,0.35,3.88e-13,"PAXX"
"DAPK2",2.09e-17,0.522,0.071,0.042,3.89e-13,"DAPK2"
"RBMXL1",2.1e-17,0.378,0.26,0.204,3.9e-13,"RBMXL1"
"ASPSCR1",2.1e-17,0.448,0.23,0.177,3.91e-13,"ASPSCR1"
"STRIP2",2.11e-17,-0.636,0.088,0.126,3.93e-13,"STRIP2"
"ZNF486",2.19e-17,-0.406,0.151,0.198,4.07e-13,"ZNF486"
"MAP3K9",2.24e-17,-0.552,0.083,0.121,4.16e-13,"MAP3K9"
"GALNT14",2.24e-17,0.258,0.276,0.353,4.17e-13,"GALNT14"
"IRAK1BP1",2.26e-17,0.206,0.544,0.474,4.2e-13,"IRAK1BP1"
"SH3BGRL3",2.26e-17,-0.272,0.698,0.733,4.22e-13,"SH3BGRL3"
"AASS",2.28e-17,0.216,0.528,0.457,4.24e-13,"AASS"
"YES1",2.31e-17,0.18,0.64,0.567,4.3e-13,"YES1"
"FLOT1",2.32e-17,0.25,0.564,0.51,4.31e-13,"FLOT1"
"GAS7",2.33e-17,1.128,0.04,0.019,4.34e-13,"GAS7"
"KIF13B",2.34e-17,0.254,0.259,0.201,4.36e-13,"KIF13B"
"CCT2",2.35e-17,0.181,0.859,0.859,4.37e-13,"CCT2"
"TEX261",2.35e-17,0.361,0.223,0.169,4.37e-13,"TEX261"
"ADO",2.36e-17,0.359,0.17,0.122,4.39e-13,"ADO"
"LRP6",2.37e-17,-0.141,0.768,0.799,4.41e-13,"LRP6"
"ZMYND8",2.38e-17,0.278,0.716,0.683,4.43e-13,"ZMYND8"
"NXPE1",2.43e-17,1.863,0.013,0.002,4.52e-13,"NXPE1"
"LPXN",2.43e-17,0.388,0.168,0.122,4.53e-13,"LPXN"
"ARMCX6",2.44e-17,0.297,0.297,0.238,4.54e-13,"ARMCX6"
"MBLAC1",2.44e-17,0.791,0.045,0.023,4.55e-13,"MBLAC1"
"LIPT1",2.53e-17,0.67,0.092,0.058,4.71e-13,"LIPT1"
"EXOSC4",2.53e-17,0.368,0.192,0.143,4.71e-13,"EXOSC4"
"PCNX2",2.57e-17,0.217,0.536,0.465,4.78e-13,"PCNX2"
"VAMP4",2.6e-17,0.399,0.236,0.182,4.83e-13,"VAMP4"
"ILVBL",2.76e-17,0.433,0.199,0.15,5.13e-13,"ILVBL"
"RILP",2.82e-17,1.109,0.028,0.011,5.26e-13,"RILP"
"PIGC",2.83e-17,0.312,0.345,0.281,5.26e-13,"PIGC"
"INTS7",2.88e-17,-0.225,0.411,0.463,5.36e-13,"INTS7"
"PRKAR2A",2.88e-17,0.214,0.57,0.509,5.36e-13,"PRKAR2A"
"KCNE4",2.88e-17,2.94,0.012,0.002,5.37e-13,"KCNE4"
"DPM2",2.99e-17,0.355,0.233,0.179,5.56e-13,"DPM2"
"GYS1",3e-17,0.479,0.172,0.127,5.58e-13,"GYS1"
"CELSR3",3.09e-17,-0.53,0.078,0.116,5.75e-13,"CELSR3"
"GOLGB1",3.14e-17,0.225,0.747,0.71,5.85e-13,"GOLGB1"
"ABRAXAS2",3.18e-17,0.264,0.36,0.296,5.92e-13,"ABRAXAS2"
"NT5DC4",3.24e-17,-1.915,0.008,0.024,6.02e-13,"NT5DC4"
"MPIG6B",3.31e-17,-0.567,0.026,0.05,6.16e-13,"MPIG6B"
"ANKRD50",3.38e-17,-0.136,0.387,0.446,6.29e-13,"ANKRD50"
"FAM86B1",3.4e-17,2.29,0.015,0.003,6.33e-13,"FAM86B1"
"NR1H3",3.43e-17,0.652,0.077,0.047,6.39e-13,"NR1H3"
"DDX17",3.49e-17,0.155,0.937,0.937,6.49e-13,"DDX17"
"ALDOA",3.5e-17,0.627,0.071,0.042,6.51e-13,"ALDOA"
"HAUS4",3.5e-17,0.351,0.268,0.213,6.52e-13,"HAUS4"
"PDAP1",3.52e-17,0.227,0.686,0.66,6.56e-13,"PDAP1"
"FMO4",3.53e-17,1.178,0.031,0.013,6.57e-13,"FMO4"
"CXADR",3.53e-17,-0.283,0.429,0.477,6.57e-13,"CXADR"
"DNAJB1",3.54e-17,0.361,0.339,0.28,6.59e-13,"DNAJB1"
"SHC4",3.57e-17,0.558,0.065,0.037,6.65e-13,"SHC4"
"PRKAR1B",3.64e-17,0.38,0.288,0.232,6.78e-13,"PRKAR1B"
"TIMM9",3.76e-17,0.292,0.415,0.353,7e-13,"TIMM9"
"ABCD4",3.79e-17,0.337,0.404,0.343,7.05e-13,"ABCD4"
"PRKAG1",3.79e-17,0.285,0.393,0.33,7.06e-13,"PRKAG1"
"ACBD3",3.8e-17,0.263,0.553,0.494,7.07e-13,"ACBD3"
"RPS28",3.85e-17,0.105,0.983,0.993,7.16e-13,"RPS28"
"MIB1",3.85e-17,-0.132,0.829,0.847,7.16e-13,"MIB1"
"WDR18",3.86e-17,0.321,0.307,0.249,7.19e-13,"WDR18"
"ADAP2",3.87e-17,0.849,0.055,0.03,7.21e-13,"ADAP2"
"PDGFC",3.87e-17,0.127,0.324,0.256,7.21e-13,"PDGFC"
"HNRNPA2B1",3.97e-17,-0.112,0.988,0.993,7.39e-13,"HNRNPA2B1"
"AHI1",4e-17,0.131,0.502,0.422,7.45e-13,"AHI1"
"TRMT1",4.03e-17,0.511,0.152,0.109,7.49e-13,"TRMT1"
"COX5A",4.04e-17,0.189,0.801,0.793,7.52e-13,"COX5A"
"BLCAP",4.05e-17,0.234,0.513,0.445,7.55e-13,"BLCAP"
"LRRC75A",4.21e-17,0.46,0.32,0.267,7.84e-13,"LRRC75A"
"TBRG4",4.24e-17,0.366,0.182,0.134,7.9e-13,"TBRG4"
"ZNF524",4.27e-17,0.544,0.094,0.06,7.95e-13,"ZNF524"
"PPP1R1A",4.38e-17,1.027,0.037,0.017,8.15e-13,"PPP1R1A"
"RFWD3",4.4e-17,-0.317,0.261,0.311,8.2e-13,"RFWD3"
"PIP4K2C",4.4e-17,0.46,0.111,0.074,8.2e-13,"PIP4K2C"
"NR1H2",4.44e-17,0.349,0.243,0.188,8.26e-13,"NR1H2"
"CDKL3",4.46e-17,0.268,0.396,0.326,8.3e-13,"CDKL3"
"ARHGAP19",4.49e-17,-0.418,0.269,0.315,8.36e-13,"ARHGAP19"
"CDV3",4.55e-17,0.362,0.523,0.473,8.47e-13,"CDV3"
"CKAP2",4.71e-17,-0.666,0.477,0.492,8.76e-13,"CKAP2"
"TMEM177",4.72e-17,0.517,0.116,0.079,8.78e-13,"TMEM177"
"S100PBP",4.78e-17,0.313,0.457,0.397,8.89e-13,"S100PBP"
"PRPF31",4.78e-17,0.283,0.482,0.426,8.89e-13,"PRPF31"
"PIGF",4.8e-17,0.25,0.52,0.462,8.94e-13,"PIGF"
"H2AC6",4.86e-17,-0.359,0.15,0.195,9.04e-13,"H2AC6"
"PGGT1B",4.92e-17,0.25,0.442,0.376,9.17e-13,"PGGT1B"
"SYP",5.06e-17,-0.262,0.241,0.297,9.41e-13,"SYP"
"ARPC1B",5.2e-17,0.485,0.16,0.117,9.67e-13,"ARPC1B"
"LRRC37A2",5.28e-17,-0.144,0.375,0.433,9.83e-13,"LRRC37A2"
"SPRYD7",5.3e-17,0.365,0.295,0.238,9.86e-13,"SPRYD7"
"IFNGR2",5.32e-17,0.312,0.461,0.401,9.9e-13,"IFNGR2"
"NHSL1",5.37e-17,0.257,0.726,0.678,1e-12,"NHSL1"
"TP73",5.47e-17,-1.25,0.012,0.03,1.02e-12,"TP73"
"EXD3",5.54e-17,0.384,0.31,0.254,1.03e-12,"EXD3"
"FH",5.6e-17,0.35,0.331,0.271,1.04e-12,"FH"
"TNK2",5.64e-17,0.479,0.216,0.167,1.05e-12,"TNK2"
"PPP6R1",5.87e-17,0.418,0.237,0.184,1.09e-12,"PPP6R1"
"LIAS",5.87e-17,0.283,0.241,0.187,1.09e-12,"LIAS"
"MTBP",6.05e-17,-0.374,0.211,0.26,1.13e-12,"MTBP"
"POLDIP2",6.11e-17,0.274,0.388,0.326,1.14e-12,"POLDIP2"
"AP3B1",6.11e-17,0.143,0.607,0.537,1.14e-12,"AP3B1"
"FBXL2",6.13e-17,0.17,0.364,0.298,1.14e-12,"FBXL2"
"VPS52",6.15e-17,0.386,0.227,0.176,1.14e-12,"VPS52"
"PSORS1C1",6.15e-17,3.648,0.01,0.001,1.15e-12,"PSORS1C1"
"ZZZ3",6.19e-17,0.251,0.64,0.584,1.15e-12,"ZZZ3"
"HSPBP1",6.25e-17,0.367,0.2,0.151,1.16e-12,"HSPBP1"
"BET1L",6.29e-17,0.558,0.103,0.068,1.17e-12,"BET1L"
"PIGP",6.4e-17,0.288,0.198,0.149,1.19e-12,"PIGP"
"REEP6",6.53e-17,1.131,0.028,0.011,1.22e-12,"REEP6"
"TPD52L2",6.54e-17,0.339,0.279,0.222,1.22e-12,"TPD52L2"
"SLC49A4",6.58e-17,0.182,0.408,0.336,1.22e-12,"SLC49A4"
"MTG1",6.63e-17,0.34,0.236,0.183,1.23e-12,"MTG1"
"WDR75",6.75e-17,0.305,0.375,0.314,1.26e-12,"WDR75"
"STIM1",6.81e-17,0.238,0.453,0.385,1.27e-12,"STIM1"
"USP49",6.85e-17,-0.359,0.132,0.178,1.27e-12,"USP49"
"EIF2B2",6.86e-17,0.349,0.251,0.196,1.28e-12,"EIF2B2"
"TRMT11",7.08e-17,0.205,0.583,0.516,1.32e-12,"TRMT11"
"AMFR",7.24e-17,0.248,0.405,0.339,1.35e-12,"AMFR"
"IFNGR1",7.59e-17,0.321,0.363,0.304,1.41e-12,"IFNGR1"
"IER2",7.62e-17,-0.255,0.446,0.492,1.42e-12,"IER2"
"SELENOH",7.65e-17,0.243,0.561,0.51,1.42e-12,"SELENOH"
"TBC1D9B",7.77e-17,0.353,0.287,0.229,1.45e-12,"TBC1D9B"
"GLCE",7.78e-17,-0.132,0.366,0.421,1.45e-12,"GLCE"
"TMEM39B",7.9e-17,-0.243,0.297,0.352,1.47e-12,"TMEM39B"
"ARVCF",8.09e-17,0.505,0.117,0.08,1.5e-12,"ARVCF"
"B4GALT7",8.13e-17,0.403,0.194,0.146,1.51e-12,"B4GALT7"
"HERC5",8.4e-17,1.25,0.038,0.018,1.56e-12,"HERC5"
"ENTR1",8.6e-17,0.35,0.268,0.212,1.6e-12,"ENTR1"
"MYO1C",8.61e-17,0.574,0.125,0.087,1.6e-12,"MYO1C"
"PNMA8A",8.66e-17,0.408,0.157,0.113,1.61e-12,"PNMA8A"
"TSEN15",8.95e-17,0.273,0.391,0.328,1.67e-12,"TSEN15"
"TRDMT1",9.1e-17,0.315,0.307,0.249,1.69e-12,"TRDMT1"
"SS18L1",9.12e-17,-0.206,0.32,0.378,1.7e-12,"SS18L1"
"GUCY1A1",9.13e-17,-2.423,0.008,0.024,1.7e-12,"GUCY1A1"
"RCL1",9.2e-17,0.313,0.236,0.183,1.71e-12,"RCL1"
"DNAJC7",9.6e-17,0.21,0.725,0.697,1.79e-12,"DNAJC7"
"STC1",9.8e-17,-0.538,0.082,0.12,1.82e-12,"STC1"
"RNF146",9.82e-17,0.254,0.544,0.484,1.83e-12,"RNF146"
"ATIC",1e-16,0.352,0.267,0.213,1.86e-12,"ATIC"
"STN1",1.01e-16,0.603,0.096,0.062,1.89e-12,"STN1"
"C2orf73",1.02e-16,2.058,0.017,0.004,1.9e-12,"C2orf73"
"GLG1",1.03e-16,0.211,0.845,0.825,1.91e-12,"GLG1"
"ZC4H2",1.04e-16,-0.214,0.604,0.634,1.94e-12,"ZC4H2"
"ANKS6",1.06e-16,0.504,0.141,0.1,1.97e-12,"ANKS6"
"LONP1",1.06e-16,0.475,0.239,0.188,1.97e-12,"LONP1"
"RFC5",1.07e-16,-0.329,0.225,0.276,1.99e-12,"RFC5"
"EPM2A",1.07e-16,0.252,0.379,0.313,2e-12,"EPM2A"
"MRPL55",1.09e-16,0.307,0.353,0.292,2.02e-12,"MRPL55"
"USP51",1.1e-16,0.602,0.094,0.061,2.05e-12,"USP51"
"FSD2",1.12e-16,0.764,0.051,0.027,2.08e-12,"FSD2"
"ILDR2",1.16e-16,0.531,0.368,0.318,2.16e-12,"ILDR2"
"MAP3K6",1.17e-16,1.349,0.025,0.009,2.18e-12,"MAP3K6"
"TMBIM1",1.18e-16,0.814,0.038,0.018,2.19e-12,"TMBIM1"
"FAM118B",1.18e-16,0.272,0.347,0.285,2.2e-12,"FAM118B"
"SS18",1.19e-16,0.286,0.502,0.44,2.21e-12,"SS18"
"PI4KB",1.19e-16,0.362,0.292,0.235,2.22e-12,"PI4KB"
"FOXP4",1.2e-16,-1.358,0.036,0.063,2.24e-12,"FOXP4"
"NSMCE3",1.26e-16,0.293,0.372,0.312,2.34e-12,"NSMCE3"
"ZNF44",1.26e-16,0.339,0.319,0.259,2.35e-12,"ZNF44"
"ALG1L2",1.29e-16,1.122,0.037,0.017,2.39e-12,"ALG1L2"
"FAAH2",1.29e-16,0.273,0.166,0.12,2.4e-12,"FAAH2"
"FNIP2",1.31e-16,-0.203,0.531,0.571,2.44e-12,"FNIP2"
"DYNLRB2",1.31e-16,2.523,0.013,0.003,2.44e-12,"DYNLRB2"
"TMEM258",1.32e-16,0.173,0.79,0.782,2.45e-12,"TMEM258"
"ZNF608",1.34e-16,0.102,0.691,0.59,2.49e-12,"ZNF608"
"E2F5",1.35e-16,0.249,0.448,0.383,2.51e-12,"E2F5"
"TMEM126A",1.35e-16,0.283,0.349,0.289,2.52e-12,"TMEM126A"
"RLF",1.37e-16,-0.163,0.709,0.732,2.55e-12,"RLF"
"ANP32A",1.43e-16,-0.163,0.779,0.794,2.66e-12,"ANP32A"
"MARK4",1.43e-16,0.33,0.41,0.348,2.66e-12,"MARK4"
"NARF",1.44e-16,-0.167,0.499,0.555,2.67e-12,"NARF"
"EFR3B",1.45e-16,0.246,0.529,0.471,2.7e-12,"EFR3B"
"CAD",1.51e-16,0.539,0.132,0.093,2.8e-12,"CAD"
"APLN",1.52e-16,2.09,0.017,0.004,2.83e-12,"APLN"
"NR4A2",1.52e-16,1.044,0.037,0.017,2.83e-12,"NR4A2"
"GPX7",1.56e-16,1.162,0.032,0.014,2.91e-12,"GPX7"
"SRA1",1.57e-16,0.273,0.472,0.415,2.92e-12,"SRA1"
"KCNIP4",1.59e-16,0.529,0.177,0.134,2.96e-12,"KCNIP4"
"DHFR2",1.59e-16,0.44,0.122,0.084,2.97e-12,"DHFR2"
"S100A6",1.69e-16,2.018,0.026,0.01,3.15e-12,"S100A6"
"LRRC69",1.72e-16,0.605,0.091,0.058,3.19e-12,"LRRC69"
"SNCA",1.72e-16,0.395,0.071,0.042,3.21e-12,"SNCA"
"PHYHD1",1.73e-16,0.997,0.053,0.029,3.23e-12,"PHYHD1"
"DNM1L",1.76e-16,-0.135,0.749,0.784,3.28e-12,"DNM1L"
"RALGAPA1",1.8e-16,0.174,0.846,0.825,3.35e-12,"RALGAPA1"
"TRPM4",1.8e-16,1.179,0.043,0.022,3.36e-12,"TRPM4"
"NFKBIB",1.82e-16,0.429,0.144,0.103,3.38e-12,"NFKBIB"
"GEMIN6",1.84e-16,0.474,0.193,0.146,3.42e-12,"GEMIN6"
"GRPEL1",1.87e-16,0.345,0.249,0.195,3.48e-12,"GRPEL1"
"C12orf43",1.87e-16,0.294,0.221,0.17,3.48e-12,"C12orf43"
"RPL38",1.89e-16,-0.103,0.965,0.982,3.53e-12,"RPL38"
"NLRC5",1.97e-16,0.994,0.055,0.03,3.67e-12,"NLRC5"
"TNFRSF10B",2.01e-16,0.383,0.228,0.177,3.74e-12,"TNFRSF10B"
"PDCD5",2.02e-16,0.215,0.735,0.715,3.75e-12,"PDCD5"
"SNRPN",2.11e-16,0.12,0.856,0.844,3.92e-12,"SNRPN"
"TAP2",2.11e-16,0.639,0.07,0.042,3.92e-12,"TAP2"
"MED16",2.12e-16,0.462,0.175,0.13,3.95e-12,"MED16"
"OR2H2",2.13e-16,0.896,0.041,0.02,3.97e-12,"OR2H2"
"SORCS3",2.14e-16,-0.353,0.208,0.155,3.98e-12,"SORCS3"
"MRNIP",2.14e-16,0.331,0.325,0.267,3.98e-12,"MRNIP"
"DPH3",2.21e-16,0.299,0.303,0.246,4.12e-12,"DPH3"
"GPT2",2.24e-16,0.382,0.38,0.324,4.17e-12,"GPT2"
"CCDC13",2.25e-16,0.809,0.058,0.032,4.18e-12,"CCDC13"
"TRAF6",2.27e-16,0.414,0.237,0.186,4.23e-12,"TRAF6"
"CLCF1",2.28e-16,1.246,0.023,0.008,4.24e-12,"CLCF1"
"TTC21B",2.33e-16,-0.192,0.54,0.587,4.33e-12,"TTC21B"
"EIF2AK4",2.38e-16,0.256,0.485,0.418,4.44e-12,"EIF2AK4"
"NAIP",2.39e-16,-0.239,0.221,0.274,4.45e-12,"NAIP"
"FAM169A",2.43e-16,0.157,0.295,0.232,4.52e-12,"FAM169A"
"CASKIN2",2.44e-16,0.584,0.088,0.056,4.53e-12,"CASKIN2"
"ZNF611",2.46e-16,-0.27,0.326,0.377,4.57e-12,"ZNF611"
"SBF1",2.47e-16,0.395,0.216,0.165,4.6e-12,"SBF1"
"WDR6",2.54e-16,0.318,0.358,0.3,4.73e-12,"WDR6"
"TCF19",2.66e-16,-0.649,0.064,0.097,4.94e-12,"TCF19"
"PREP",2.73e-16,-0.263,0.307,0.36,5.08e-12,"PREP"
"CDH24",2.76e-16,-0.466,0.07,0.105,5.14e-12,"CDH24"
"POGLUT3",2.77e-16,0.42,0.126,0.088,5.15e-12,"POGLUT3"
"EMC1",2.77e-16,0.413,0.272,0.218,5.16e-12,"EMC1"
"RFT1",2.87e-16,0.342,0.177,0.131,5.34e-12,"RFT1"
"ARHGAP28",3.02e-16,-0.178,0.206,0.262,5.61e-12,"ARHGAP28"
"TMEM218",3.02e-16,0.288,0.332,0.272,5.62e-12,"TMEM218"
"LRP12",3.02e-16,-0.178,0.497,0.546,5.63e-12,"LRP12"
"PPP1R8",3.04e-16,0.323,0.328,0.271,5.65e-12,"PPP1R8"
"TPRA1",3.05e-16,0.484,0.154,0.112,5.68e-12,"TPRA1"
"PFDN4",3.08e-16,-0.159,0.595,0.647,5.73e-12,"PFDN4"
"MUL1",3.12e-16,0.452,0.152,0.11,5.8e-12,"MUL1"
"TDRD7",3.14e-16,0.385,0.173,0.128,5.84e-12,"TDRD7"
"MRPS35",3.16e-16,0.259,0.492,0.431,5.89e-12,"MRPS35"
"ATP5MF",3.18e-16,0.172,0.758,0.743,5.93e-12,"ATP5MF"
"PGGHG",3.2e-16,1.775,0.02,0.006,5.95e-12,"PGGHG"
"ERAP2",3.22e-16,0.647,0.046,0.024,5.99e-12,"ERAP2"
"SMIM10",3.33e-16,1.205,0.039,0.019,6.2e-12,"SMIM10"
"ACACA",3.35e-16,0.167,0.728,0.685,6.24e-12,"ACACA"
"MMP2",3.39e-16,0.731,0.076,0.047,6.31e-12,"MMP2"
"TBCB",3.41e-16,0.168,0.872,0.883,6.35e-12,"TBCB"
"NLRX1",3.52e-16,1.097,0.027,0.011,6.56e-12,"NLRX1"
"CACNG8",3.54e-16,0.351,0.31,0.254,6.59e-12,"CACNG8"
"WHAMM",3.65e-16,0.315,0.237,0.184,6.79e-12,"WHAMM"
"POLR2E",3.77e-16,0.257,0.465,0.41,7.01e-12,"POLR2E"
"RPAP1",3.78e-16,0.366,0.202,0.154,7.03e-12,"RPAP1"
"TIA1",3.82e-16,-0.129,0.595,0.641,7.1e-12,"TIA1"
"ENTPD5",3.84e-16,0.37,0.157,0.113,7.14e-12,"ENTPD5"
"GALR1",3.85e-16,2.693,0.012,0.002,7.17e-12,"GALR1"
"MKS1",3.86e-16,0.373,0.148,0.106,7.18e-12,"MKS1"
"FAM13C",3.88e-16,0.389,0.428,0.365,7.23e-12,"FAM13C"
"CEP72",3.91e-16,-0.423,0.084,0.12,7.27e-12,"CEP72"
"COG8",3.93e-16,0.379,0.181,0.134,7.32e-12,"COG8"
"KCTD2",3.96e-16,0.48,0.27,0.219,7.37e-12,"KCTD2"
"STYX",4.43e-16,0.298,0.237,0.185,8.25e-12,"STYX"
"SNF8",4.44e-16,0.211,0.669,0.635,8.26e-12,"SNF8"
"TRAIP",4.5e-16,-0.51,0.062,0.094,8.38e-12,"TRAIP"
"CEP19",4.57e-16,0.234,0.147,0.104,8.51e-12,"CEP19"
"ZNF320",4.59e-16,0.356,0.267,0.214,8.55e-12,"ZNF320"
"EIF4A3",4.61e-16,0.268,0.611,0.57,8.59e-12,"EIF4A3"
"YJU2B",4.67e-16,0.341,0.336,0.278,8.7e-12,"YJU2B"
"DNAI1",4.68e-16,0.842,0.054,0.03,8.71e-12,"DNAI1"
"F8",4.71e-16,0.568,0.077,0.048,8.76e-12,"F8"
"USP47",4.73e-16,-0.116,0.892,0.903,8.81e-12,"USP47"
"AMPD2",4.87e-16,0.512,0.094,0.061,9.06e-12,"AMPD2"
"RAPH1",4.92e-16,-0.129,0.644,0.685,9.16e-12,"RAPH1"
"EMG1",4.98e-16,0.315,0.209,0.16,9.26e-12,"EMG1"
"RFX3",5.01e-16,0.222,0.943,0.936,9.32e-12,"RFX3"
"AKAP11",5.45e-16,0.235,0.578,0.523,1.01e-11,"AKAP11"
"PDRG1",5.53e-16,0.303,0.245,0.191,1.03e-11,"PDRG1"
"DTWD1",5.55e-16,0.211,0.52,0.454,1.03e-11,"DTWD1"
"ZDHHC8",5.63e-16,0.397,0.153,0.11,1.05e-11,"ZDHHC8"
"PDE4A",5.94e-16,0.874,0.046,0.024,1.11e-11,"PDE4A"
"DCAF6",6.1e-16,0.238,0.598,0.537,1.14e-11,"DCAF6"
"CASP1",6.16e-16,2.973,0.01,0.001,1.15e-11,"CASP1"
"RIF1",6.26e-16,-0.175,0.686,0.712,1.16e-11,"RIF1"
"ATXN1L",6.33e-16,0.344,0.241,0.19,1.18e-11,"ATXN1L"
"NDUFB11",6.34e-16,0.186,0.894,0.891,1.18e-11,"NDUFB11"
"GPR157",6.37e-16,1.421,0.025,0.01,1.19e-11,"GPR157"
"PEX16",6.53e-16,0.357,0.142,0.101,1.22e-11,"PEX16"
"KLHL26",6.57e-16,0.418,0.094,0.061,1.22e-11,"KLHL26"
"UBALD2",6.61e-16,-0.335,0.331,0.38,1.23e-11,"UBALD2"
"SAMD11",6.73e-16,0.725,0.029,0.012,1.25e-11,"SAMD11"
"ENC1",6.77e-16,0.312,0.631,0.581,1.26e-11,"ENC1"
"SRR",6.82e-16,0.267,0.299,0.24,1.27e-11,"SRR"
"ELAC2",6.88e-16,0.403,0.221,0.172,1.28e-11,"ELAC2"
"CTPS1",7e-16,-0.279,0.247,0.297,1.3e-11,"CTPS1"
"DNLZ",7.17e-16,0.297,0.312,0.254,1.33e-11,"DNLZ"
"LRFN4",7.23e-16,0.322,0.258,0.204,1.35e-11,"LRFN4"
"FAM149A",7.29e-16,0.379,0.086,0.054,1.36e-11,"FAM149A"
"PPIE",7.37e-16,0.359,0.268,0.215,1.37e-11,"PPIE"
"TBC1D10A",7.42e-16,0.451,0.107,0.072,1.38e-11,"TBC1D10A"
"CDH12",7.44e-16,-1.632,0.034,0.059,1.38e-11,"CDH12"
"INTS12",7.48e-16,0.353,0.498,0.438,1.39e-11,"INTS12"
"GNA11",7.62e-16,0.334,0.334,0.276,1.42e-11,"GNA11"
"B3GALT6",7.71e-16,0.275,0.222,0.171,1.43e-11,"B3GALT6"
"MYBBP1A",7.77e-16,0.547,0.089,0.057,1.45e-11,"MYBBP1A"
"UNG",7.83e-16,0.219,0.269,0.211,1.46e-11,"UNG"
"EBAG9",7.98e-16,0.249,0.354,0.292,1.49e-11,"EBAG9"
"POLR3E",8.02e-16,0.345,0.185,0.139,1.49e-11,"POLR3E"
"CXCL12",8.24e-16,0.226,0.04,0.019,1.53e-11,"CXCL12"
"PSMB9",8.36e-16,0.518,0.12,0.084,1.56e-11,"PSMB9"
"DENND2C",8.41e-16,1.108,0.031,0.013,1.57e-11,"DENND2C"
"RGS2",8.41e-16,-0.478,0.073,0.107,1.57e-11,"RGS2"
"GGH",8.53e-16,-0.231,0.3,0.354,1.59e-11,"GGH"
"CIBAR1",8.76e-16,0.26,0.545,0.49,1.63e-11,"CIBAR1"
"ISL1",8.89e-16,-2.579,0.003,0.015,1.66e-11,"ISL1"
"ANXA2",8.97e-16,1.109,0.041,0.02,1.67e-11,"ANXA2"
"TMED8",9.07e-16,0.22,0.336,0.274,1.69e-11,"TMED8"
"SLK",9.08e-16,0.229,0.449,0.389,1.69e-11,"SLK"
"ANKRD52",9.28e-16,0.374,0.281,0.227,1.73e-11,"ANKRD52"
"PTPRJ",9.32e-16,0.167,0.467,0.394,1.74e-11,"PTPRJ"
"ZNF732",9.33e-16,-0.644,0.044,0.072,1.74e-11,"ZNF732"
"PLCG1",9.36e-16,0.392,0.324,0.269,1.74e-11,"PLCG1"
"RABGEF1",9.44e-16,0.223,0.702,0.651,1.76e-11,"RABGEF1"
"TRANK1",9.48e-16,0.963,0.036,0.017,1.76e-11,"TRANK1"
"BCL7A",9.59e-16,-0.186,0.405,0.461,1.78e-11,"BCL7A"
"RPL7L1",9.59e-16,0.205,0.645,0.603,1.79e-11,"RPL7L1"
"GLYR1",9.73e-16,0.255,0.576,0.524,1.81e-11,"GLYR1"
"RNF115",9.89e-16,0.213,0.676,0.629,1.84e-11,"RNF115"
"TRERF1",9.95e-16,-0.174,0.611,0.651,1.85e-11,"TRERF1"
"KLHL24",1e-15,-0.1,0.694,0.739,1.87e-11,"KLHL24"
"MFHAS1",1.01e-15,0.291,0.442,0.383,1.87e-11,"MFHAS1"
"SH3BP5",1.01e-15,-0.206,0.324,0.379,1.87e-11,"SH3BP5"
"PTPN11",1.04e-15,0.29,0.633,0.59,1.93e-11,"PTPN11"
"ARRB1",1.05e-15,0.773,0.048,0.026,1.95e-11,"ARRB1"
"DDX21",1.05e-15,0.293,0.504,0.45,1.95e-11,"DDX21"
"WHRN",1.07e-15,0.495,0.19,0.145,1.99e-11,"WHRN"
"PARN",1.08e-15,0.263,0.405,0.343,2e-11,"PARN"
"PSMD11",1.11e-15,0.188,0.729,0.708,2.06e-11,"PSMD11"
"SPIN4",1.11e-15,-0.51,0.099,0.136,2.07e-11,"SPIN4"
"LNPEP",1.15e-15,0.283,0.466,0.407,2.13e-11,"LNPEP"
"ROMO1",1.16e-15,0.263,0.548,0.5,2.16e-11,"ROMO1"
"YIPF3",1.16e-15,0.248,0.476,0.418,2.16e-11,"YIPF3"
"ZNF407",1.17e-15,-0.186,0.611,0.645,2.17e-11,"ZNF407"
"CTU1",1.18e-15,0.459,0.094,0.061,2.19e-11,"CTU1"
"SCLT1",1.21e-15,-0.53,0.642,0.645,2.24e-11,"SCLT1"
"LRP2",1.23e-15,1.539,0.025,0.009,2.29e-11,"LRP2"
"GNL1",1.25e-15,0.28,0.381,0.324,2.34e-11,"GNL1"
"TRAM1L1",1.26e-15,0.8,0.038,0.019,2.34e-11,"TRAM1L1"
"VPS36",1.26e-15,0.252,0.576,0.518,2.35e-11,"VPS36"
"PARS2",1.27e-15,0.886,0.042,0.021,2.37e-11,"PARS2"
"ARPC4",1.27e-15,0.286,0.351,0.293,2.37e-11,"ARPC4"
"LARP1",1.28e-15,0.24,0.659,0.621,2.38e-11,"LARP1"
"SDHAF2",1.28e-15,0.298,0.249,0.195,2.39e-11,"SDHAF2"
"PRKDC",1.32e-15,0.147,0.881,0.873,2.46e-11,"PRKDC"
"TMEM254",1.32e-15,0.345,0.191,0.144,2.47e-11,"TMEM254"
"NSUN4",1.33e-15,0.415,0.152,0.111,2.47e-11,"NSUN4"
"IFFO2",1.34e-15,0.56,0.063,0.037,2.5e-11,"IFFO2"
"SPIRE2",1.36e-15,-0.353,0.127,0.17,2.53e-11,"SPIRE2"
"HMGCR",1.38e-15,0.329,0.528,0.493,2.56e-11,"HMGCR"
"C1QL4",1.38e-15,1.254,0.046,0.024,2.58e-11,"C1QL4"
"HERPUD1",1.39e-15,0.466,0.35,0.296,2.58e-11,"HERPUD1"
"SSBP4",1.44e-15,0.307,0.413,0.355,2.68e-11,"SSBP4"
"PKN2",1.45e-15,-0.135,0.867,0.878,2.7e-11,"PKN2"
"CDC42EP3",1.45e-15,-0.129,0.265,0.323,2.71e-11,"CDC42EP3"
"ACOT8",1.47e-15,0.422,0.165,0.122,2.73e-11,"ACOT8"
"SPATC1L",1.48e-15,0.357,0.221,0.172,2.76e-11,"SPATC1L"
"RPL21",1.49e-15,0.131,0.983,0.993,2.78e-11,"RPL21"
"LRRC41",1.5e-15,0.262,0.493,0.436,2.8e-11,"LRRC41"
"PYCR1",1.54e-15,0.455,0.133,0.094,2.86e-11,"PYCR1"
"TFPT",1.55e-15,0.522,0.123,0.086,2.88e-11,"TFPT"
"AGPAT1",1.55e-15,0.262,0.372,0.312,2.88e-11,"AGPAT1"
"GRIN2D",1.58e-15,0.501,0.102,0.068,2.94e-11,"GRIN2D"
"TRAP1",1.6e-15,0.259,0.412,0.353,2.97e-11,"TRAP1"
"TXNL1",1.61e-15,0.195,0.789,0.779,3e-11,"TXNL1"
"OGN",1.63e-15,-0.572,0.056,0.086,3.03e-11,"OGN"
"RASGRP1",1.64e-15,0.709,0.191,0.147,3.05e-11,"RASGRP1"
"CA8",1.65e-15,1.002,0.026,0.01,3.07e-11,"CA8"
"ZNF821",1.67e-15,-0.127,0.549,0.598,3.11e-11,"ZNF821"
"TMEM229B",1.72e-15,0.792,0.029,0.013,3.19e-11,"TMEM229B"
"NR4A3",1.75e-15,1.14,0.029,0.012,3.25e-11,"NR4A3"
"DLG3",1.77e-15,-0.263,0.21,0.259,3.3e-11,"DLG3"
"PKD1L1",1.78e-15,1.243,0.023,0.009,3.31e-11,"PKD1L1"
"CYP39A1",1.79e-15,1.025,0.033,0.015,3.33e-11,"CYP39A1"
"ESRRG",1.82e-15,-1.083,0.142,0.1,3.39e-11,"ESRRG"
"PLPP1",1.85e-15,0.274,0.475,0.415,3.45e-11,"PLPP1"
"TMEM26",1.9e-15,1.682,0.01,0.001,3.53e-11,"TMEM26"
"IL17RB",1.92e-15,0.931,0.057,0.032,3.58e-11,"IL17RB"
"TMEM151B",1.92e-15,-0.229,0.109,0.151,3.58e-11,"TMEM151B"
"TPD52L1",1.94e-15,0.882,0.095,0.064,3.61e-11,"TPD52L1"
"MAP6D1",1.95e-15,0.707,0.071,0.044,3.62e-11,"MAP6D1"
"EMC3",1.97e-15,0.282,0.532,0.485,3.67e-11,"EMC3"
"HELQ",1.98e-15,0.308,0.242,0.19,3.69e-11,"HELQ"
"CA11",1.99e-15,0.482,0.099,0.066,3.7e-11,"CA11"
"DZIP1",2e-15,0.293,0.459,0.405,3.72e-11,"DZIP1"
"COX6B1",2.04e-15,0.139,0.838,0.84,3.79e-11,"COX6B1"
"CYLD",2.05e-15,0.251,0.275,0.217,3.81e-11,"CYLD"
"ZC3H13",2.07e-15,-0.124,0.807,0.837,3.85e-11,"ZC3H13"
"CMC1",2.12e-15,0.186,0.482,0.42,3.94e-11,"CMC1"
"MYO15B",2.13e-15,0.962,0.037,0.018,3.96e-11,"MYO15B"
"RAD23B",2.13e-15,0.199,0.729,0.696,3.96e-11,"RAD23B"
"C8orf76",2.13e-15,0.396,0.227,0.178,3.96e-11,"C8orf76"
"DCAF5",2.14e-15,0.202,0.614,0.554,3.99e-11,"DCAF5"
"FAM114A2",2.15e-15,0.271,0.274,0.219,4.01e-11,"FAM114A2"
"WBP1",2.17e-15,0.291,0.31,0.252,4.05e-11,"WBP1"
"CDK14",2.18e-15,-0.188,0.866,0.868,4.07e-11,"CDK14"
"YIPF1",2.19e-15,0.287,0.167,0.123,4.08e-11,"YIPF1"
"RHOXF1",2.2e-15,0.268,0.212,0.163,4.09e-11,"RHOXF1"
"HTATIP2",2.21e-15,0.969,0.026,0.011,4.1e-11,"HTATIP2"
"ZNF675",2.25e-15,-0.277,0.394,0.44,4.18e-11,"ZNF675"
"VPS13C",2.28e-15,0.236,0.746,0.708,4.24e-11,"VPS13C"
"B3GNT2",2.29e-15,0.675,0.061,0.035,4.26e-11,"B3GNT2"
"TMEM178B",2.34e-15,-0.155,0.931,0.935,4.35e-11,"TMEM178B"
"NXPH2",2.35e-15,-1.569,0.013,0.03,4.37e-11,"NXPH2"
"ARPC5L",2.37e-15,0.298,0.461,0.409,4.42e-11,"ARPC5L"
"ARHGDIB",2.38e-15,1.486,0.013,0.003,4.43e-11,"ARHGDIB"
"C17orf80",2.38e-15,0.322,0.266,0.212,4.43e-11,"C17orf80"
"HYAL2",2.42e-15,0.272,0.317,0.261,4.5e-11,"HYAL2"
"TRIM21",2.48e-15,0.862,0.048,0.026,4.62e-11,"TRIM21"
"ABHD14B",2.54e-15,0.992,0.032,0.015,4.73e-11,"ABHD14B"
"RBPMS2",2.55e-15,1.115,0.04,0.02,4.74e-11,"RBPMS2"
"TOX",2.58e-15,0.12,0.832,0.763,4.81e-11,"TOX"
"APMAP",2.65e-15,0.339,0.379,0.324,4.94e-11,"APMAP"
"EMD",2.68e-15,0.299,0.429,0.378,5e-11,"EMD"
"STX10",2.69e-15,0.284,0.381,0.323,5e-11,"STX10"
"NRBP1",2.7e-15,0.257,0.479,0.42,5.03e-11,"NRBP1"
"TMEM127",2.73e-15,0.376,0.186,0.14,5.09e-11,"TMEM127"
"L3MBTL1",2.75e-15,0.372,0.268,0.214,5.12e-11,"L3MBTL1"
"CUL2",2.83e-15,0.244,0.547,0.491,5.28e-11,"CUL2"
"MYO5A",2.85e-15,-0.131,0.735,0.764,5.3e-11,"MYO5A"
"SP140",2.88e-15,1.106,0.026,0.011,5.36e-11,"SP140"
"DDHD2",2.9e-15,-0.202,0.422,0.47,5.39e-11,"DDHD2"
"MTFR2",2.96e-15,-0.712,0.044,0.071,5.52e-11,"MTFR2"
"C2CD3",3.01e-15,-0.207,0.384,0.433,5.6e-11,"C2CD3"
"RHOBTB1",3.02e-15,0.377,0.21,0.163,5.62e-11,"RHOBTB1"
"TMEM213",3.05e-15,-0.336,0.049,0.079,5.67e-11,"TMEM213"
"PDXP",3.08e-15,-0.268,0.202,0.249,5.74e-11,"PDXP"
"CCDC43",3.09e-15,0.226,0.309,0.25,5.76e-11,"CCDC43"
"C5orf24",3.14e-15,0.239,0.576,0.526,5.84e-11,"C5orf24"
"PPP1CA",3.15e-15,0.282,0.528,0.493,5.86e-11,"PPP1CA"
"HSD3B7",3.2e-15,1.41,0.016,0.005,5.95e-11,"HSD3B7"
"KIAA0930",3.26e-15,0.301,0.216,0.166,6.08e-11,"KIAA0930"
"FAM184B",3.27e-15,0.592,0.148,0.109,6.08e-11,"FAM184B"
"PFKP",3.28e-15,0.351,0.268,0.216,6.1e-11,"PFKP"
"SRSF6",3.28e-15,-0.162,0.53,0.579,6.11e-11,"SRSF6"
"GAL",3.32e-15,1.473,0.013,0.003,6.18e-11,"GAL"
"NETO1",3.32e-15,0.709,0.023,0.009,6.19e-11,"NETO1"
"CTTN",3.36e-15,0.234,0.56,0.503,6.25e-11,"CTTN"
"RGS14",3.37e-15,0.496,0.05,0.027,6.28e-11,"RGS14"
"SERPINB8",3.38e-15,0.619,0.048,0.026,6.3e-11,"SERPINB8"
"TPRN",3.4e-15,0.541,0.105,0.071,6.33e-11,"TPRN"
"CLPP",3.42e-15,0.306,0.468,0.418,6.36e-11,"CLPP"
"TMEM259",3.44e-15,0.348,0.287,0.234,6.4e-11,"TMEM259"
"CCDC7",3.44e-15,0.18,0.381,0.318,6.41e-11,"CCDC7"
"DDX19A",3.45e-15,0.335,0.307,0.251,6.43e-11,"DDX19A"
"H2BC5",3.49e-15,-0.381,0.058,0.089,6.5e-11,"H2BC5"
"ABHD13",3.54e-15,0.361,0.224,0.174,6.59e-11,"ABHD13"
"FBXO8",3.57e-15,0.304,0.28,0.227,6.64e-11,"FBXO8"
"ATF7IP2",3.58e-15,0.501,0.134,0.096,6.67e-11,"ATF7IP2"
"POLL",3.6e-15,0.443,0.113,0.078,6.7e-11,"POLL"
"PRR36",3.62e-15,-0.254,0.207,0.256,6.75e-11,"PRR36"
"PRSS48",3.7e-15,1.818,0.021,0.007,6.89e-11,"PRSS48"
"PPP6R3",3.71e-15,-0.131,0.824,0.836,6.9e-11,"PPP6R3"
"SMARCB1",3.71e-15,-0.127,0.739,0.773,6.9e-11,"SMARCB1"
"RFX2",3.73e-15,0.246,0.411,0.351,6.94e-11,"RFX2"
"TCTN2",3.8e-15,0.491,0.121,0.085,7.06e-11,"TCTN2"
"DDIAS",3.82e-15,-0.622,0.069,0.101,7.11e-11,"DDIAS"
"TLNRD1",3.87e-15,-0.313,0.134,0.176,7.21e-11,"TLNRD1"
"CAPNS1",3.94e-15,0.269,0.432,0.377,7.34e-11,"CAPNS1"
"SKAP2",4.13e-15,0.456,0.075,0.047,7.69e-11,"SKAP2"
"TMEM192",4.14e-15,0.227,0.244,0.19,7.7e-11,"TMEM192"
"H4C1",4.19e-15,-0.907,0.018,0.037,7.8e-11,"H4C1"
"COA7",4.23e-15,0.484,0.139,0.1,7.88e-11,"COA7"
"RNPC3",4.26e-15,0.333,0.357,0.299,7.93e-11,"RNPC3"
"ETV1",4.28e-15,-0.112,0.449,0.369,7.96e-11,"ETV1"
"GAL3ST3",4.38e-15,0.582,0.078,0.049,8.15e-11,"GAL3ST3"
"SNAP29",4.38e-15,0.277,0.349,0.291,8.16e-11,"SNAP29"
"NEK9",4.41e-15,0.39,0.212,0.165,8.21e-11,"NEK9"
"FBN2",4.41e-15,0.731,0.091,0.06,8.21e-11,"FBN2"
"KBTBD3",4.51e-15,0.36,0.133,0.095,8.4e-11,"KBTBD3"
"PACSIN3",4.54e-15,0.615,0.085,0.055,8.44e-11,"PACSIN3"
"ZNF184",4.55e-15,-0.293,0.175,0.22,8.47e-11,"ZNF184"
"CCDC85A",4.65e-15,0.798,0.027,0.011,8.65e-11,"CCDC85A"
"SHISA3",4.77e-15,1.948,0.032,0.014,8.88e-11,"SHISA3"
"PHLDA2",4.8e-15,2.745,0.015,0.004,8.93e-11,"PHLDA2"
"C1GALT1",4.8e-15,0.224,0.372,0.31,8.94e-11,"C1GALT1"
"CYP2R1",4.84e-15,0.342,0.204,0.156,9e-11,"CYP2R1"
"WIPF3",4.93e-15,0.617,0.06,0.035,9.17e-11,"WIPF3"
"SLC41A2",4.93e-15,0.151,0.227,0.173,9.18e-11,"SLC41A2"
"UBFD1",4.96e-15,0.274,0.34,0.283,9.24e-11,"UBFD1"
"KCTD11",5.03e-15,0.77,0.034,0.016,9.36e-11,"KCTD11"
"ERMARD",5.03e-15,0.345,0.185,0.139,9.37e-11,"ERMARD"
"BANP",5.12e-15,-0.224,0.321,0.37,9.54e-11,"BANP"
"JAM2",5.14e-15,0.184,0.499,0.433,9.56e-11,"JAM2"
"MAD2L2",5.19e-15,-0.178,0.557,0.595,9.65e-11,"MAD2L2"
"STARD3",5.21e-15,0.403,0.224,0.175,9.7e-11,"STARD3"
"SNX19",5.39e-15,0.255,0.44,0.379,1e-10,"SNX19"
"MED10",5.53e-15,0.258,0.582,0.537,1.03e-10,"MED10"
"RIPK1",5.59e-15,0.371,0.259,0.208,1.04e-10,"RIPK1"
"MED8",5.59e-15,0.321,0.254,0.201,1.04e-10,"MED8"
"SMIM10L1",5.62e-15,0.259,0.363,0.306,1.05e-10,"SMIM10L1"
"GOLGA8A",5.62e-15,0.412,0.364,0.305,1.05e-10,"GOLGA8A"
"C19orf44",5.64e-15,0.575,0.089,0.058,1.05e-10,"C19orf44"
"TAFAZZIN",5.64e-15,0.366,0.22,0.172,1.05e-10,"TAFAZZIN"
"MCMBP",5.67e-15,-0.203,0.475,0.52,1.06e-10,"MCMBP"
"KPTN",5.72e-15,0.53,0.107,0.073,1.07e-10,"KPTN"
"DCAKD",5.76e-15,0.323,0.448,0.389,1.07e-10,"DCAKD"
"MED18",6.07e-15,0.561,0.08,0.051,1.13e-10,"MED18"
"TMSB15B",6.18e-15,-0.313,0.131,0.173,1.15e-10,"TMSB15B"
"PCDHGB7",6.47e-15,0.96,0.059,0.035,1.2e-10,"PCDHGB7"
"RPUSD3",6.52e-15,0.351,0.196,0.151,1.21e-10,"RPUSD3"
"FRRS1L",6.59e-15,-0.982,0.02,0.041,1.23e-10,"FRRS1L"
"EI24",6.61e-15,0.222,0.65,0.614,1.23e-10,"EI24"
"MAPK3",6.68e-15,0.347,0.186,0.141,1.24e-10,"MAPK3"
"CYC1",6.71e-15,0.269,0.535,0.486,1.25e-10,"CYC1"
"KDM2A",6.9e-15,-0.105,0.798,0.819,1.28e-10,"KDM2A"
"KIF26A",7e-15,-0.368,0.057,0.088,1.3e-10,"KIF26A"
"GOLGA1",7e-15,0.322,0.403,0.345,1.3e-10,"GOLGA1"
"ETHE1",7.01e-15,0.282,0.314,0.26,1.31e-10,"ETHE1"
"MAPKAP1",7.05e-15,0.181,0.651,0.599,1.31e-10,"MAPKAP1"
"HDAC1",7.28e-15,0.261,0.339,0.282,1.35e-10,"HDAC1"
"AGMO",7.3e-15,1.694,0.016,0.004,1.36e-10,"AGMO"
"MRE11",7.51e-15,-0.295,0.316,0.362,1.4e-10,"MRE11"
"EFTUD2",7.54e-15,0.362,0.424,0.373,1.4e-10,"EFTUD2"
"COPG1",7.54e-15,0.305,0.308,0.252,1.4e-10,"COPG1"
"ANKRD36B",7.55e-15,-0.113,0.488,0.537,1.41e-10,"ANKRD36B"
"CCDC137",7.67e-15,0.347,0.259,0.208,1.43e-10,"CCDC137"
"RUNDC3B",7.68e-15,-0.445,0.086,0.122,1.43e-10,"RUNDC3B"
"MCCC1",7.68e-15,0.18,0.39,0.327,1.43e-10,"MCCC1"
"GFM1",7.85e-15,0.31,0.368,0.309,1.46e-10,"GFM1"
"SIDT2",7.85e-15,0.49,0.106,0.072,1.46e-10,"SIDT2"
"SERTAD4",7.91e-15,-1.331,0.016,0.035,1.47e-10,"SERTAD4"
"SPEF1",7.97e-15,2.592,0.011,0.002,1.48e-10,"SPEF1"
"SLC35D1",7.97e-15,0.233,0.346,0.284,1.48e-10,"SLC35D1"
"PUS10",7.98e-15,0.261,0.162,0.12,1.49e-10,"PUS10"
"XRN1",7.99e-15,-0.131,0.762,0.776,1.49e-10,"XRN1"
"SDHB",8.02e-15,0.224,0.513,0.451,1.49e-10,"SDHB"
"RNF215",8.1e-15,0.381,0.165,0.123,1.51e-10,"RNF215"
"KCNAB3",8.15e-15,-0.453,0.064,0.096,1.52e-10,"KCNAB3"
"MTMR3",8.19e-15,-0.111,0.745,0.773,1.52e-10,"MTMR3"
"ZC2HC1C",8.23e-15,0.678,0.083,0.054,1.53e-10,"ZC2HC1C"
"ADAM10",8.25e-15,-0.176,0.707,0.727,1.54e-10,"ADAM10"
"TMEM17",8.36e-15,0.543,0.076,0.048,1.56e-10,"TMEM17"
"RBM33",8.49e-15,-0.101,0.727,0.757,1.58e-10,"RBM33"
"ZNF573",8.51e-15,0.37,0.24,0.19,1.58e-10,"ZNF573"
"MGP",8.51e-15,1.388,0.019,0.006,1.58e-10,"MGP"
"TMEM121B",8.86e-15,-0.356,0.088,0.124,1.65e-10,"TMEM121B"
"TRAPPC13",8.92e-15,0.302,0.39,0.329,1.66e-10,"TRAPPC13"
"CD72",9.1e-15,1.116,0.032,0.015,1.69e-10,"CD72"
"CAP2",9.23e-15,0.259,0.62,0.557,1.72e-10,"CAP2"
"ATF7",9.28e-15,0.219,0.619,0.568,1.73e-10,"ATF7"
"PPP2R1A",9.29e-15,0.18,0.723,0.7,1.73e-10,"PPP2R1A"
"MGME1",9.36e-15,-0.435,0.295,0.332,1.74e-10,"MGME1"
"IPO11",9.41e-15,-0.237,0.454,0.494,1.75e-10,"IPO11"
"H2BC15",9.5e-15,-0.244,0.071,0.104,1.77e-10,"H2BC15"
"ZNF174",9.59e-15,0.459,0.125,0.088,1.79e-10,"ZNF174"
"RAPGEF5",9.66e-15,-1.516,0.008,0.022,1.8e-10,"RAPGEF5"
"ODAD4",9.71e-15,0.638,0.089,0.059,1.81e-10,"ODAD4"
"MOV10",9.79e-15,0.535,0.118,0.083,1.82e-10,"MOV10"
"PDCD2",9.81e-15,0.258,0.428,0.37,1.83e-10,"PDCD2"
"RNF8",9.85e-15,0.22,0.361,0.3,1.83e-10,"RNF8"
"ADCK2",9.88e-15,0.446,0.127,0.091,1.84e-10,"ADCK2"
"FBXO34",1e-14,-0.215,0.475,0.511,1.87e-10,"FBXO34"
"KIAA0586",1.01e-14,-0.282,0.507,0.533,1.88e-10,"KIAA0586"
"SLC22A15",1.01e-14,1.79,0.014,0.004,1.89e-10,"SLC22A15"
"HS1BP3",1.03e-14,0.464,0.123,0.087,1.91e-10,"HS1BP3"
"NCR3LG1",1.03e-14,0.485,0.076,0.048,1.92e-10,"NCR3LG1"
"INTS5",1.04e-14,0.406,0.129,0.092,1.93e-10,"INTS5"
"AGFG2",1.04e-14,0.419,0.106,0.072,1.94e-10,"AGFG2"
"MSI1",1.05e-14,0.306,0.487,0.435,1.95e-10,"MSI1"
"ARAF",1.06e-14,0.371,0.153,0.112,1.97e-10,"ARAF"
"ATP5ME",1.08e-14,0.204,0.704,0.681,2.02e-10,"ATP5ME"
"RUFY3",1.09e-14,0.122,0.959,0.954,2.03e-10,"RUFY3"
"CNOT11",1.12e-14,0.297,0.246,0.195,2.08e-10,"CNOT11"
"ENSG00000285253",1.13e-14,0.325,0.183,0.139,2.1e-10,"ENSG00000285253"
"PPM1A",1.13e-14,-0.19,0.542,0.579,2.1e-10,"PPM1A"
"SLC9A6",1.13e-14,0.282,0.28,0.226,2.11e-10,"SLC9A6"
"RBM4",1.15e-14,-0.128,0.509,0.559,2.13e-10,"RBM4"
"TMC1",1.16e-14,0.844,0.024,0.01,2.16e-10,"TMC1"
"AK7",1.16e-14,1.444,0.028,0.012,2.16e-10,"AK7"
"XPO7",1.17e-14,-0.185,0.568,0.606,2.18e-10,"XPO7"
"FURIN",1.19e-14,0.58,0.077,0.049,2.21e-10,"FURIN"
"C2orf50",1.2e-14,1.935,0.016,0.005,2.24e-10,"C2orf50"
"CHSY3",1.2e-14,0.394,0.146,0.108,2.24e-10,"CHSY3"
"ARL6IP1",1.2e-14,-0.156,0.818,0.804,2.24e-10,"ARL6IP1"
"SAR1A",1.21e-14,0.274,0.473,0.418,2.25e-10,"SAR1A"
"STARD10",1.21e-14,0.604,0.07,0.043,2.26e-10,"STARD10"
"LIPI",1.21e-14,-0.376,0.047,0.075,2.26e-10,"LIPI"
"ATAD1",1.22e-14,0.213,0.645,0.59,2.27e-10,"ATAD1"
"AKAP1",1.24e-14,0.52,0.164,0.124,2.31e-10,"AKAP1"
"PRRC2C",1.25e-14,0.139,0.895,0.895,2.33e-10,"PRRC2C"
"LHFPL3",1.26e-14,-0.302,0.098,0.133,2.34e-10,"LHFPL3"
"LENG9",1.26e-14,1.033,0.041,0.021,2.35e-10,"LENG9"
"LIN7C",1.28e-14,0.218,0.436,0.374,2.39e-10,"LIN7C"
"RSBN1",1.29e-14,-0.155,0.634,0.669,2.4e-10,"RSBN1"
"ENPP5",1.29e-14,0.856,0.029,0.013,2.4e-10,"ENPP5"
"RHOF",1.29e-14,-0.148,0.25,0.302,2.41e-10,"RHOF"
"MYO1D",1.29e-14,-0.238,0.225,0.274,2.41e-10,"MYO1D"
"KMT5B",1.3e-14,-0.104,0.823,0.843,2.42e-10,"KMT5B"
"TMC7",1.31e-14,0.394,0.133,0.095,2.43e-10,"TMC7"
"SNRK",1.31e-14,-0.111,0.453,0.503,2.43e-10,"SNRK"
"SLC16A10",1.32e-14,-0.52,0.04,0.066,2.45e-10,"SLC16A10"
"MRPL49",1.32e-14,0.319,0.19,0.145,2.46e-10,"MRPL49"
"LDAH",1.32e-14,0.181,0.444,0.376,2.46e-10,"LDAH"
"CHN1",1.33e-14,0.161,0.649,0.595,2.48e-10,"CHN1"
"CAPN3",1.35e-14,1.031,0.029,0.013,2.52e-10,"CAPN3"
"RANBP1",1.37e-14,-0.185,0.872,0.892,2.55e-10,"RANBP1"
"HSF2",1.39e-14,-0.156,0.47,0.519,2.58e-10,"HSF2"
"SOGA3",1.39e-14,-0.412,0.086,0.12,2.59e-10,"SOGA3"
"TMCO4",1.42e-14,2.033,0.013,0.003,2.65e-10,"TMCO4"
"DNAAF5",1.45e-14,0.306,0.24,0.191,2.69e-10,"DNAAF5"
"SCYL1",1.46e-14,0.368,0.223,0.174,2.71e-10,"SCYL1"
"HGD",1.49e-14,1.152,0.028,0.012,2.77e-10,"HGD"
"DYRK1B",1.5e-14,0.358,0.187,0.143,2.78e-10,"DYRK1B"
"DUSP15",1.51e-14,0.6,0.057,0.033,2.8e-10,"DUSP15"
"RSPH4A",1.59e-14,0.949,0.043,0.023,2.97e-10,"RSPH4A"
"FHAD1",1.61e-14,1.326,0.023,0.009,2.99e-10,"FHAD1"
"ASCL1",1.61e-14,-0.373,0.478,0.505,2.99e-10,"ASCL1"
"POLR1C",1.63e-14,0.35,0.335,0.28,3.04e-10,"POLR1C"
"MTR",1.64e-14,0.212,0.512,0.448,3.06e-10,"MTR"
"CKMT2",1.67e-14,0.453,0.124,0.088,3.1e-10,"CKMT2"
"TBCC",1.67e-14,-0.274,0.294,0.343,3.1e-10,"TBCC"
"CYRIB",1.7e-14,-0.134,0.712,0.743,3.17e-10,"CYRIB"
"PCDH19",1.7e-14,0.395,0.103,0.07,3.17e-10,"PCDH19"
"ABCF1",1.72e-14,0.25,0.534,0.485,3.2e-10,"ABCF1"
"XKR7",1.74e-14,-0.379,0.047,0.075,3.24e-10,"XKR7"
"ABCA12",1.74e-14,-0.327,0.052,0.081,3.24e-10,"ABCA12"
"RCBTB1",1.77e-14,0.329,0.244,0.194,3.29e-10,"RCBTB1"
"VPS18",1.79e-14,0.419,0.114,0.08,3.33e-10,"VPS18"
"YTHDC1",1.79e-14,-0.109,0.734,0.768,3.34e-10,"YTHDC1"
"PNPT1",1.84e-14,0.303,0.397,0.338,3.43e-10,"PNPT1"
"IRAG1",1.86e-14,1.959,0.011,0.002,3.45e-10,"IRAG1"
"COL5A1",1.87e-14,1.132,0.034,0.016,3.49e-10,"COL5A1"
"EIF4A1",1.89e-14,0.154,0.941,0.954,3.52e-10,"EIF4A1"
"C9orf78",1.89e-14,0.25,0.51,0.455,3.53e-10,"C9orf78"
"MT-TF",1.89e-14,0.971,0.045,0.025,3.53e-10,"MT-TF"
"RAP1GAP2",1.93e-14,-0.468,0.043,0.07,3.6e-10,"RAP1GAP2"
"SVIP",1.95e-14,0.793,0.113,0.08,3.63e-10,"SVIP"
"ARC",1.96e-14,0.755,0.067,0.041,3.64e-10,"ARC"
"TAF5",1.97e-14,-0.337,0.137,0.178,3.66e-10,"TAF5"
"CCNY",1.97e-14,0.122,0.83,0.804,3.67e-10,"CCNY"
"DYNLT3",1.98e-14,0.574,0.098,0.066,3.68e-10,"DYNLT3"
"UBE2E3",1.98e-14,-0.124,0.873,0.881,3.69e-10,"UBE2E3"
"RAB34",2.01e-14,0.38,0.163,0.123,3.74e-10,"RAB34"
"NINL",2.04e-14,-0.124,0.422,0.472,3.79e-10,"NINL"
"CCDC181",2.04e-14,0.386,0.175,0.132,3.79e-10,"CCDC181"
"PCNA",2.04e-14,-0.463,0.409,0.438,3.79e-10,"PCNA"
"RPP38",2.05e-14,0.285,0.353,0.294,3.81e-10,"RPP38"
"TRIM23",2.06e-14,0.229,0.45,0.386,3.84e-10,"TRIM23"
"PTK2B",2.07e-14,0.424,0.095,0.064,3.86e-10,"PTK2B"
"CPLX1",2.14e-14,-0.285,0.061,0.093,3.98e-10,"CPLX1"
"ZNF658",2.14e-14,0.498,0.129,0.093,3.99e-10,"ZNF658"
"SLC35E1",2.15e-14,0.349,0.234,0.186,4.01e-10,"SLC35E1"
"ABHD11",2.18e-14,0.433,0.082,0.053,4.05e-10,"ABHD11"
"CENPA",2.18e-14,-0.663,0.192,0.232,4.07e-10,"CENPA"
"ARHGAP10",2.19e-14,0.707,0.046,0.025,4.07e-10,"ARHGAP10"
"NUDT11",2.19e-14,-0.259,0.21,0.257,4.08e-10,"NUDT11"
"GDF15",2.19e-14,1.835,0.019,0.007,4.08e-10,"GDF15"
"ELAPOR1",2.2e-14,0.706,0.076,0.048,4.09e-10,"ELAPOR1"
"FAM72B",2.29e-14,-1.066,0.022,0.041,4.26e-10,"FAM72B"
"PORCN",2.34e-14,0.491,0.074,0.047,4.36e-10,"PORCN"
"PSMD9",2.44e-14,0.267,0.401,0.342,4.54e-10,"PSMD9"
"SMC1A",2.51e-14,-0.205,0.569,0.602,4.68e-10,"SMC1A"
"HPCAL1",2.53e-14,0.25,0.274,0.22,4.7e-10,"HPCAL1"
"C2orf74",2.54e-14,0.431,0.073,0.046,4.73e-10,"C2orf74"
"ZDHHC13",2.55e-14,-0.238,0.263,0.313,4.74e-10,"ZDHHC13"
"TMEM186",2.58e-14,0.478,0.118,0.083,4.8e-10,"TMEM186"
"IARS1",2.59e-14,0.424,0.486,0.443,4.83e-10,"IARS1"
"ZNF69",2.6e-14,-0.261,0.333,0.379,4.84e-10,"ZNF69"
"CFAP44",2.62e-14,0.502,0.139,0.102,4.88e-10,"CFAP44"
"MFF",2.63e-14,0.174,0.766,0.736,4.89e-10,"MFF"
"ATP2A2",2.74e-14,0.171,0.672,0.634,5.1e-10,"ATP2A2"
"HMG20A",2.86e-14,0.206,0.471,0.406,5.32e-10,"HMG20A"
"GPSM2",2.87e-14,-0.337,0.568,0.586,5.34e-10,"GPSM2"
"TMEM132B",2.88e-14,0.536,0.08,0.052,5.36e-10,"TMEM132B"
"NRBF2",2.89e-14,0.279,0.246,0.195,5.38e-10,"NRBF2"
"NPW",2.89e-14,0.869,0.036,0.018,5.38e-10,"NPW"
"NIP7",2.9e-14,0.356,0.207,0.161,5.4e-10,"NIP7"
"ALK",2.91e-14,1.048,0.06,0.036,5.42e-10,"ALK"
"KLHDC1",2.92e-14,0.323,0.186,0.141,5.44e-10,"KLHDC1"
"MYADM",2.93e-14,0.514,0.137,0.101,5.45e-10,"MYADM"
"MARK3",2.93e-14,0.175,0.877,0.866,5.45e-10,"MARK3"
"ORC4",2.95e-14,-0.115,0.73,0.757,5.49e-10,"ORC4"
"DNMT3B",3e-14,-0.462,0.075,0.108,5.59e-10,"DNMT3B"
"NOLC1",3.1e-14,0.313,0.33,0.277,5.77e-10,"NOLC1"
"FYTTD1",3.11e-14,0.205,0.602,0.551,5.78e-10,"FYTTD1"
"AKAP5",3.15e-14,-0.443,0.085,0.119,5.86e-10,"AKAP5"
"PCNX4",3.17e-14,-0.143,0.8,0.812,5.9e-10,"PCNX4"
"SHF",3.21e-14,-0.244,0.204,0.251,5.98e-10,"SHF"
"TMEM216",3.25e-14,0.526,0.124,0.089,6.05e-10,"TMEM216"
"AIMP2",3.25e-14,0.29,0.364,0.308,6.06e-10,"AIMP2"
"ZMYND11",3.27e-14,0.155,0.795,0.748,6.09e-10,"ZMYND11"
"TNPO3",3.34e-14,-0.157,0.696,0.716,6.22e-10,"TNPO3"
"VWA1",3.36e-14,0.619,0.053,0.03,6.25e-10,"VWA1"
"MYO9A",3.41e-14,-0.104,0.832,0.846,6.35e-10,"MYO9A"
"GORASP1",3.45e-14,0.448,0.119,0.084,6.42e-10,"GORASP1"
"TMEM100",3.45e-14,1.078,0.033,0.016,6.43e-10,"TMEM100"
"FARSA",3.46e-14,0.272,0.245,0.194,6.43e-10,"FARSA"
"CCNJ",3.54e-14,-0.218,0.2,0.247,6.59e-10,"CCNJ"
"PAIP2",3.56e-14,-0.118,0.859,0.886,6.63e-10,"PAIP2"
"LLGL1",3.57e-14,0.516,0.111,0.078,6.65e-10,"LLGL1"
"ZFP37",3.61e-14,-0.139,0.329,0.38,6.72e-10,"ZFP37"
"RNF128",3.63e-14,1.733,0.014,0.004,6.75e-10,"RNF128"
"SYNGR2",3.69e-14,0.796,0.04,0.021,6.87e-10,"SYNGR2"
"LYPD6",3.73e-14,-0.364,0.168,0.21,6.95e-10,"LYPD6"
"L1CAM",3.81e-14,-0.273,0.069,0.102,7.09e-10,"L1CAM"
"C16orf87",3.85e-14,-0.126,0.622,0.658,7.17e-10,"C16orf87"
"MAN2B2",3.86e-14,0.482,0.107,0.074,7.18e-10,"MAN2B2"
"TAF12",4.01e-14,0.25,0.406,0.348,7.47e-10,"TAF12"
"SUCLG1",4.03e-14,0.235,0.588,0.548,7.49e-10,"SUCLG1"
"JMJD8",4.03e-14,0.461,0.115,0.081,7.5e-10,"JMJD8"
"SPAG7",4.15e-14,0.204,0.53,0.477,7.72e-10,"SPAG7"
"UTP20",4.29e-14,0.312,0.265,0.214,7.98e-10,"UTP20"
"FAM136A",4.29e-14,0.248,0.465,0.411,7.99e-10,"FAM136A"
"DCLRE1C",4.31e-14,-0.157,0.37,0.418,8.02e-10,"DCLRE1C"
"TDRP",4.36e-14,0.263,0.245,0.194,8.11e-10,"TDRP"
"UNC13C",4.39e-14,-1.937,0.006,0.018,8.17e-10,"UNC13C"
"PTCH2",4.39e-14,0.428,0.152,0.113,8.18e-10,"PTCH2"
"PTOV1",4.46e-14,-0.167,0.644,0.678,8.3e-10,"PTOV1"
"AP5S1",4.46e-14,0.554,0.07,0.043,8.3e-10,"AP5S1"
"ATG2A",4.47e-14,0.395,0.129,0.092,8.31e-10,"ATG2A"
"MDP1",4.53e-14,0.274,0.312,0.257,8.42e-10,"MDP1"
"ZNF322",4.58e-14,0.249,0.521,0.464,8.53e-10,"ZNF322"
"TBC1D13",4.65e-14,0.329,0.187,0.143,8.66e-10,"TBC1D13"
"COX18",4.68e-14,0.366,0.207,0.162,8.7e-10,"COX18"
"WDR19",4.7e-14,0.212,0.381,0.32,8.74e-10,"WDR19"
"TIMM29",4.71e-14,0.315,0.272,0.221,8.77e-10,"TIMM29"
"METTL1",4.71e-14,0.704,0.05,0.029,8.77e-10,"METTL1"
"RDH14",4.79e-14,0.325,0.257,0.206,8.91e-10,"RDH14"
"NKAIN2",4.81e-14,-1.022,0.065,0.095,8.96e-10,"NKAIN2"
"NUDT17",4.86e-14,0.639,0.052,0.03,9.05e-10,"NUDT17"
"ULK3",4.9e-14,0.493,0.131,0.094,9.13e-10,"ULK3"
"DNAJC5",4.93e-14,0.31,0.293,0.241,9.17e-10,"DNAJC5"
"DPY30",5.01e-14,0.19,0.69,0.663,9.33e-10,"DPY30"
"ZNF875",5.07e-14,0.288,0.367,0.309,9.43e-10,"ZNF875"
"RUNDC1",5.12e-14,0.32,0.191,0.146,9.54e-10,"RUNDC1"
"PPM1K",5.18e-14,0.362,0.35,0.3,9.63e-10,"PPM1K"
"SCN7A",5.22e-14,2.762,0.013,0.003,9.72e-10,"SCN7A"
"CTDSP2",5.31e-14,0.261,0.441,0.382,9.88e-10,"CTDSP2"
"ALKBH4",5.34e-14,0.355,0.209,0.163,9.93e-10,"ALKBH4"
"TMEM214",5.41e-14,0.659,0.068,0.042,1.01e-09,"TMEM214"
"PCDH1",5.42e-14,0.703,0.043,0.023,1.01e-09,"PCDH1"
"TBKBP1",5.47e-14,0.953,0.032,0.015,1.02e-09,"TBKBP1"
"HSD17B1",5.49e-14,0.768,0.041,0.022,1.02e-09,"HSD17B1"
"ACACB",5.52e-14,0.392,0.237,0.19,1.03e-09,"ACACB"
"ENSG00000279839",5.6e-14,1.585,0.017,0.006,1.04e-09,"ENSG00000279839"
"BICDL1",5.61e-14,-0.263,0.099,0.136,1.04e-09,"BICDL1"
"CCDC51",5.7e-14,0.288,0.139,0.101,1.06e-09,"CCDC51"
"ENPP4",5.76e-14,0.449,0.078,0.05,1.07e-09,"ENPP4"
"PATL2",5.83e-14,1.31,0.025,0.01,1.08e-09,"PATL2"
"RAB39B",5.95e-14,0.292,0.168,0.126,1.11e-09,"RAB39B"
"DHX40",6e-14,0.206,0.523,0.468,1.12e-09,"DHX40"
"EARS2",6.03e-14,0.441,0.111,0.077,1.12e-09,"EARS2"
"COX17",6.12e-14,-0.321,0.403,0.444,1.14e-09,"COX17"
"FCHSD1",6.13e-14,0.869,0.038,0.019,1.14e-09,"FCHSD1"
"ENSG00000279838",6.14e-14,-0.345,0.066,0.098,1.14e-09,"ENSG00000279838"
"MAPK8IP3",6.16e-14,0.294,0.375,0.321,1.15e-09,"MAPK8IP3"
"GZF1",6.33e-14,0.413,0.161,0.121,1.18e-09,"GZF1"
"POFUT1",6.58e-14,0.308,0.174,0.132,1.22e-09,"POFUT1"
"NDST1",6.64e-14,0.31,0.285,0.233,1.24e-09,"NDST1"
"PWP2",6.66e-14,0.566,0.081,0.052,1.24e-09,"PWP2"
"WDR70",6.68e-14,-0.102,0.772,0.797,1.24e-09,"WDR70"
"S100A2",6.83e-14,1.927,0.015,0.004,1.27e-09,"S100A2"
"ZNF284",6.88e-14,0.639,0.075,0.048,1.28e-09,"ZNF284"
"PPP1R14C",6.91e-14,0.897,0.029,0.013,1.29e-09,"PPP1R14C"
"RPF2",6.98e-14,0.313,0.3,0.248,1.3e-09,"RPF2"
"EXOC3",7.16e-14,0.272,0.288,0.234,1.33e-09,"EXOC3"
"GBP1",7.2e-14,1.932,0.01,0.002,1.34e-09,"GBP1"
"SEMA4D",7.21e-14,0.596,0.139,0.103,1.34e-09,"SEMA4D"
"MAP1LC3B2",7.24e-14,0.727,0.032,0.015,1.35e-09,"MAP1LC3B2"
"ALG9",7.25e-14,-0.212,0.397,0.443,1.35e-09,"ALG9"
"C16orf86",7.33e-14,1.538,0.021,0.008,1.36e-09,"C16orf86"
"GRSF1",7.33e-14,0.221,0.585,0.539,1.36e-09,"GRSF1"
"ZNF330",7.5e-14,0.274,0.298,0.245,1.4e-09,"ZNF330"
"FBXL4",7.57e-14,0.186,0.329,0.27,1.41e-09,"FBXL4"
"MSL3",7.76e-14,0.259,0.262,0.212,1.44e-09,"MSL3"
"FAM98A",7.87e-14,0.276,0.365,0.309,1.47e-09,"FAM98A"
"VPS51",7.97e-14,0.267,0.415,0.358,1.48e-09,"VPS51"
"FAHD1",8.01e-14,0.254,0.274,0.22,1.49e-09,"FAHD1"
"ASPN",8.06e-14,-0.274,0.065,0.095,1.5e-09,"ASPN"
"CAMK4",8.24e-14,-0.382,0.384,0.423,1.53e-09,"CAMK4"
"ODAD2",8.36e-14,0.844,0.04,0.021,1.56e-09,"ODAD2"
"TMEM175",8.54e-14,0.313,0.18,0.137,1.59e-09,"TMEM175"
"THRB",8.55e-14,-0.637,0.076,0.108,1.59e-09,"THRB"
"MITF",8.61e-14,0.959,0.052,0.03,1.6e-09,"MITF"
"SDC4",8.79e-14,1.259,0.027,0.012,1.64e-09,"SDC4"
"GMDS",8.8e-14,0.134,0.453,0.382,1.64e-09,"GMDS"
"SARDH",8.83e-14,1.814,0.015,0.004,1.64e-09,"SARDH"
"DCTN2",8.85e-14,0.175,0.73,0.705,1.65e-09,"DCTN2"
"SCFD2",9.24e-14,0.141,0.414,0.346,1.72e-09,"SCFD2"
"ERBIN",9.42e-14,0.18,0.865,0.848,1.75e-09,"ERBIN"
"CHD4",9.5e-14,0.159,0.794,0.772,1.77e-09,"CHD4"
"PTS",9.63e-14,-0.125,0.598,0.645,1.79e-09,"PTS"
"ZNF697",9.72e-14,-0.422,0.099,0.134,1.81e-09,"ZNF697"
"ENSG00000260342",9.74e-14,-1.285,0.011,0.026,1.81e-09,"ENSG00000260342"
"ZNF780A",1.01e-13,0.424,0.142,0.105,1.87e-09,"ZNF780A"
"DNAL1",1.03e-13,0.226,0.361,0.304,1.92e-09,"DNAL1"
"FAM76A",1.03e-13,0.34,0.248,0.201,1.92e-09,"FAM76A"
"TRMT2A",1.04e-13,0.52,0.078,0.05,1.94e-09,"TRMT2A"
"MID2",1.05e-13,1.123,0.016,0.005,1.95e-09,"MID2"
"ARMCX1",1.05e-13,0.261,0.336,0.281,1.95e-09,"ARMCX1"
"ZBTB8OS",1.06e-13,0.232,0.52,0.46,1.97e-09,"ZBTB8OS"
"BANF1",1.06e-13,0.151,0.862,0.86,1.97e-09,"BANF1"
"SASS6",1.07e-13,-0.206,0.228,0.276,2e-09,"SASS6"
"RBM45",1.07e-13,0.268,0.174,0.132,2e-09,"RBM45"
"SPRYD3",1.09e-13,0.507,0.079,0.052,2.02e-09,"SPRYD3"
"CMTR2",1.1e-13,0.309,0.308,0.255,2.04e-09,"CMTR2"
"MLYCD",1.1e-13,0.31,0.152,0.112,2.05e-09,"MLYCD"
"PXYLP1",1.1e-13,0.292,0.545,0.496,2.05e-09,"PXYLP1"
"F2RL2",1.11e-13,1.459,0.019,0.007,2.07e-09,"F2RL2"
"PSMC1",1.11e-13,0.213,0.667,0.64,2.07e-09,"PSMC1"
"NOS1AP",1.12e-13,0.121,0.532,0.465,2.08e-09,"NOS1AP"
"XPC",1.12e-13,0.263,0.376,0.321,2.08e-09,"XPC"
"CTTNBP2NL",1.12e-13,-0.145,0.616,0.647,2.08e-09,"CTTNBP2NL"
"CIAO2A",1.14e-13,0.272,0.411,0.355,2.12e-09,"CIAO2A"
"NECAB2",1.16e-13,0.893,0.035,0.017,2.16e-09,"NECAB2"
"GAREM2",1.16e-13,0.377,0.186,0.144,2.16e-09,"GAREM2"
"CCDC121",1.17e-13,0.489,0.09,0.061,2.17e-09,"CCDC121"
"NMRK1",1.17e-13,0.733,0.049,0.027,2.18e-09,"NMRK1"
"SLC25A26",1.18e-13,0.17,0.378,0.316,2.19e-09,"SLC25A26"
"CD83",1.18e-13,1.166,0.022,0.008,2.2e-09,"CD83"
"PPIF",1.18e-13,0.415,0.211,0.167,2.2e-09,"PPIF"
"ECRG4",1.22e-13,1.605,0.018,0.006,2.26e-09,"ECRG4"
"SPON2",1.22e-13,0.906,0.046,0.026,2.27e-09,"SPON2"
"MOB4",1.22e-13,0.172,0.732,0.703,2.28e-09,"MOB4"
"VPS11",1.23e-13,0.26,0.16,0.119,2.28e-09,"VPS11"
"CPNE1",1.26e-13,0.25,0.466,0.41,2.34e-09,"CPNE1"
"MRPS15",1.27e-13,0.285,0.385,0.332,2.37e-09,"MRPS15"
"CCT6A",1.28e-13,0.184,0.822,0.818,2.38e-09,"CCT6A"
"IQCJ",1.29e-13,2.775,0.01,0.002,2.41e-09,"IQCJ"
"ALOX12",1.3e-13,1.096,0.036,0.018,2.42e-09,"ALOX12"
"ACADS",1.32e-13,0.67,0.069,0.044,2.45e-09,"ACADS"
"FANCG",1.34e-13,-0.359,0.115,0.152,2.49e-09,"FANCG"
"DAGLA",1.35e-13,0.551,0.085,0.057,2.51e-09,"DAGLA"
"RHBDL1",1.36e-13,0.874,0.031,0.015,2.54e-09,"RHBDL1"
"FASTKD1",1.37e-13,0.134,0.33,0.271,2.56e-09,"FASTKD1"
"HOMEZ",1.38e-13,0.395,0.113,0.079,2.56e-09,"HOMEZ"
"ZNF670",1.38e-13,-0.356,0.234,0.276,2.57e-09,"ZNF670"
"TANGO2",1.44e-13,0.397,0.134,0.098,2.67e-09,"TANGO2"
"POLR2J3.1",1.44e-13,0.284,0.422,0.366,2.67e-09,"POLR2J3.1"
"RAB26",1.45e-13,0.663,0.056,0.033,2.69e-09,"RAB26"
"GRHL1",1.48e-13,0.452,0.117,0.084,2.76e-09,"GRHL1"
"GKAP1",1.48e-13,0.25,0.45,0.391,2.76e-09,"GKAP1"
"PPP1R3G",1.48e-13,1.722,0.015,0.004,2.76e-09,"PPP1R3G"
"TMEM169",1.48e-13,-0.229,0.157,0.2,2.76e-09,"TMEM169"
"TSPAN4",1.51e-13,0.342,0.173,0.131,2.81e-09,"TSPAN4"
"FBLN2",1.52e-13,1.188,0.013,0.003,2.82e-09,"FBLN2"
"C19orf73",1.52e-13,1.094,0.028,0.012,2.82e-09,"C19orf73"
"TOP3A",1.52e-13,-0.247,0.301,0.347,2.83e-09,"TOP3A"
"GLIPR1L2",1.53e-13,0.749,0.033,0.016,2.84e-09,"GLIPR1L2"
"KDELR3",1.55e-13,0.659,0.066,0.041,2.89e-09,"KDELR3"
"TRIM73",1.58e-13,0.454,0.1,0.069,2.94e-09,"TRIM73"
"MAP4K2",1.58e-13,0.5,0.09,0.061,2.95e-09,"MAP4K2"
"RASA4",1.59e-13,0.951,0.039,0.021,2.97e-09,"RASA4"
"DCTN5",1.63e-13,0.225,0.496,0.439,3.03e-09,"DCTN5"
"AVPI1",1.63e-13,0.652,0.052,0.031,3.04e-09,"AVPI1"
"NBEA",1.64e-13,0.24,0.885,0.913,3.05e-09,"NBEA"
"ATP13A1",1.64e-13,0.445,0.091,0.061,3.06e-09,"ATP13A1"
"HCG22",1.66e-13,1.743,0.017,0.006,3.1e-09,"HCG22"
"FAM171A1",1.69e-13,0.296,0.695,0.66,3.15e-09,"FAM171A1"
"ZNF577",1.71e-13,0.315,0.269,0.221,3.18e-09,"ZNF577"
"POLD2",1.74e-13,0.276,0.422,0.37,3.25e-09,"POLD2"
"TIGD7",1.76e-13,0.437,0.149,0.112,3.27e-09,"TIGD7"
"RNF207",1.79e-13,0.933,0.03,0.014,3.33e-09,"RNF207"
"RARB",1.8e-13,-1.384,0.036,0.06,3.34e-09,"RARB"
"MB21D2",1.8e-13,-0.262,0.342,0.384,3.35e-09,"MB21D2"
"NEK8",1.84e-13,1.068,0.039,0.021,3.43e-09,"NEK8"
"CEP295",1.86e-13,-0.297,0.329,0.367,3.47e-09,"CEP295"
"RBMX2",1.87e-13,0.216,0.524,0.473,3.47e-09,"RBMX2"
"AP5M1",1.89e-13,0.237,0.394,0.336,3.52e-09,"AP5M1"
"MCM2",1.9e-13,-0.542,0.127,0.164,3.53e-09,"MCM2"
"TPRG1L",1.91e-13,0.388,0.091,0.061,3.55e-09,"TPRG1L"
"RABIF",1.91e-13,-0.197,0.419,0.463,3.56e-09,"RABIF"
"WDR73",1.93e-13,0.253,0.352,0.294,3.59e-09,"WDR73"
"SLC43A2",1.95e-13,0.413,0.127,0.092,3.63e-09,"SLC43A2"
"POLR1E",1.98e-13,0.385,0.162,0.122,3.69e-09,"POLR1E"
"RDM1",1.99e-13,-0.776,0.031,0.053,3.7e-09,"RDM1"
"MNS1",2e-13,0.47,0.151,0.113,3.72e-09,"MNS1"
"GFOD2",2.01e-13,-0.188,0.398,0.443,3.73e-09,"GFOD2"
"NEMP1",2.03e-13,-0.314,0.216,0.259,3.78e-09,"NEMP1"
"RHOBTB3",2.08e-13,0.197,0.806,0.783,3.87e-09,"RHOBTB3"
"ARMT1",2.1e-13,0.268,0.282,0.231,3.91e-09,"ARMT1"
"BBIP1",2.11e-13,0.215,0.534,0.483,3.92e-09,"BBIP1"
"ATP2C1",2.12e-13,-0.148,0.664,0.697,3.95e-09,"ATP2C1"
"C1orf52",2.14e-13,0.192,0.442,0.382,3.98e-09,"C1orf52"
"ZBTB18",2.16e-13,-0.225,0.471,0.501,4.03e-09,"ZBTB18"
"CACNA2D3",2.17e-13,-1.761,0.032,0.053,4.04e-09,"CACNA2D3"
"AVEN",2.19e-13,0.232,0.226,0.178,4.08e-09,"AVEN"
"YAF2",2.2e-13,-0.163,0.723,0.737,4.09e-09,"YAF2"
"SCARB2",2.2e-13,0.195,0.725,0.698,4.1e-09,"SCARB2"
"CCNT2",2.24e-13,-0.102,0.596,0.634,4.17e-09,"CCNT2"
"ABRAXAS1",2.25e-13,0.255,0.239,0.19,4.19e-09,"ABRAXAS1"
"SUPT4H1",2.29e-13,0.244,0.488,0.433,4.26e-09,"SUPT4H1"
"FKBP4",2.3e-13,0.244,0.337,0.282,4.27e-09,"FKBP4"
"NUDT15",2.3e-13,-0.463,0.141,0.179,4.28e-09,"NUDT15"
"FBXO27",2.33e-13,0.805,0.039,0.02,4.33e-09,"FBXO27"
"MXD1",2.36e-13,0.274,0.316,0.263,4.4e-09,"MXD1"
"SRRT",2.38e-13,-0.146,0.497,0.543,4.42e-09,"SRRT"
"CCAR1",2.38e-13,-0.117,0.756,0.777,4.44e-09,"CCAR1"
"NRM",2.4e-13,-0.42,0.145,0.182,4.46e-09,"NRM"
"PLEKHJ1",2.4e-13,0.279,0.387,0.333,4.46e-09,"PLEKHJ1"
"DTNB",2.41e-13,-0.192,0.596,0.62,4.49e-09,"DTNB"
"TGFB1",2.45e-13,0.354,0.259,0.21,4.56e-09,"TGFB1"
"ZNF654",2.5e-13,-0.174,0.583,0.615,4.66e-09,"ZNF654"
"ZNF195",2.51e-13,-0.19,0.403,0.45,4.66e-09,"ZNF195"
"C22orf23",2.57e-13,0.654,0.066,0.042,4.78e-09,"C22orf23"
"VPS13A",2.57e-13,0.205,0.411,0.35,4.78e-09,"VPS13A"
"DDB1",2.61e-13,0.232,0.59,0.539,4.87e-09,"DDB1"
"PODN",2.64e-13,1.233,0.021,0.008,4.92e-09,"PODN"
"PPIL1",2.68e-13,0.314,0.269,0.221,4.99e-09,"PPIL1"
"TSKU",2.7e-13,0.499,0.086,0.057,5.03e-09,"TSKU"
"ASB8",2.71e-13,0.231,0.453,0.398,5.04e-09,"ASB8"
"B4GALT2",2.75e-13,0.282,0.244,0.195,5.12e-09,"B4GALT2"
"KIF3B",2.76e-13,0.252,0.431,0.374,5.13e-09,"KIF3B"
"NUP62",2.76e-13,-0.189,0.339,0.388,5.14e-09,"NUP62"
"DNAAF3",2.79e-13,1.483,0.017,0.005,5.2e-09,"DNAAF3"
"ATP11C",2.84e-13,-0.185,0.426,0.467,5.28e-09,"ATP11C"
"PRMT6",2.84e-13,0.327,0.134,0.098,5.29e-09,"PRMT6"
"MACROD1",2.85e-13,0.378,0.255,0.208,5.3e-09,"MACROD1"
"GNPNAT1",2.9e-13,0.284,0.285,0.236,5.4e-09,"GNPNAT1"
"RNF11",2.94e-13,0.204,0.555,0.499,5.47e-09,"RNF11"
"SEMA4G",2.95e-13,0.509,0.091,0.062,5.49e-09,"SEMA4G"
"INTS14",2.95e-13,0.32,0.241,0.194,5.49e-09,"INTS14"
"NT5C2",3e-13,-0.181,0.643,0.672,5.58e-09,"NT5C2"
"SAE1",3.01e-13,-0.233,0.491,0.526,5.59e-09,"SAE1"
"CGN",3.02e-13,1.689,0.016,0.005,5.62e-09,"CGN"
"NUP88",3.05e-13,-0.167,0.478,0.518,5.67e-09,"NUP88"
"ZNF669",3.08e-13,-0.227,0.16,0.202,5.73e-09,"ZNF669"
"HERPUD2",3.11e-13,0.265,0.399,0.341,5.79e-09,"HERPUD2"
"KIAA0895",3.12e-13,0.368,0.192,0.15,5.81e-09,"KIAA0895"
"MARVELD3",3.17e-13,1.256,0.019,0.007,5.91e-09,"MARVELD3"
"COX15",3.19e-13,0.239,0.312,0.257,5.94e-09,"COX15"
"FRMD4B",3.21e-13,-0.597,0.19,0.226,5.98e-09,"FRMD4B"
"LRRC4",3.26e-13,0.359,0.178,0.137,6.08e-09,"LRRC4"
"HACE1",3.27e-13,-0.137,0.511,0.553,6.08e-09,"HACE1"
"JKAMP",3.28e-13,0.245,0.486,0.432,6.11e-09,"JKAMP"
"FKTN",3.31e-13,0.191,0.486,0.421,6.15e-09,"FKTN"
"NDUFAF3",3.31e-13,0.281,0.455,0.404,6.17e-09,"NDUFAF3"
"AP3S2",3.39e-13,0.423,0.152,0.114,6.31e-09,"AP3S2"
"UTP3",3.42e-13,0.226,0.269,0.218,6.37e-09,"UTP3"
"SMARCAD1",3.49e-13,-0.145,0.736,0.764,6.49e-09,"SMARCAD1"
"PIGH",3.51e-13,0.277,0.268,0.218,6.52e-09,"PIGH"
"DNM2",3.53e-13,0.33,0.389,0.335,6.57e-09,"DNM2"
"DDX11",3.55e-13,-0.291,0.154,0.194,6.6e-09,"DDX11"
"RALGDS",3.59e-13,-0.23,0.305,0.351,6.69e-09,"RALGDS"
"DIO2",3.62e-13,-0.745,0.033,0.055,6.73e-09,"DIO2"
"CD200",3.65e-13,-0.286,0.249,0.295,6.79e-09,"CD200"
"OGFOD3",3.68e-13,0.34,0.219,0.173,6.85e-09,"OGFOD3"
"POLN",3.68e-13,0.961,0.029,0.014,6.86e-09,"POLN"
"ZNF705A",3.72e-13,0.919,0.042,0.023,6.92e-09,"ZNF705A"
"SLC29A2",3.75e-13,0.583,0.048,0.028,6.98e-09,"SLC29A2"
"PNP",3.76e-13,0.456,0.108,0.076,6.99e-09,"PNP"
"TMEM41A",3.76e-13,0.441,0.125,0.091,7e-09,"TMEM41A"
"SLC35C2",3.78e-13,0.277,0.276,0.226,7.03e-09,"SLC35C2"
"ECI1",3.8e-13,0.213,0.52,0.466,7.07e-09,"ECI1"
"CCDC183",3.88e-13,0.551,0.054,0.032,7.21e-09,"CCDC183"
"ODR4",3.92e-13,0.172,0.501,0.442,7.29e-09,"ODR4"
"GOSR1",3.96e-13,0.181,0.649,0.606,7.37e-09,"GOSR1"
"SPATA12",3.97e-13,1.053,0.036,0.018,7.38e-09,"SPATA12"
"BCDIN3D",3.99e-13,0.371,0.179,0.138,7.42e-09,"BCDIN3D"
"TEAD1",4.07e-13,-0.188,0.828,0.831,7.58e-09,"TEAD1"
"ENSG00000259316",4.08e-13,-0.766,0.046,0.071,7.6e-09,"ENSG00000259316"
"PARP1",4.09e-13,0.128,0.784,0.768,7.61e-09,"PARP1"
"SPOPL",4.11e-13,-0.234,0.418,0.456,7.65e-09,"SPOPL"
"KCNK1",4.14e-13,1.591,0.017,0.006,7.71e-09,"KCNK1"
"STAT4",4.17e-13,-0.71,0.024,0.044,7.76e-09,"STAT4"
"KLRG1",4.2e-13,0.302,0.19,0.147,7.82e-09,"KLRG1"
"RNASEH2A",4.27e-13,-0.615,0.066,0.095,7.94e-09,"RNASEH2A"
"NUDT18",4.29e-13,1.211,0.022,0.009,7.99e-09,"NUDT18"
"TATDN1",4.34e-13,0.216,0.464,0.409,8.07e-09,"TATDN1"
"RNF103-CHMP3",4.37e-13,0.375,0.15,0.113,8.13e-09,"RNF103-CHMP3"
"PPID",4.37e-13,0.239,0.426,0.371,8.13e-09,"PPID"
"LY6E",4.4e-13,0.479,0.085,0.057,8.19e-09,"LY6E"
"MTARC1",4.43e-13,0.621,0.049,0.028,8.25e-09,"MTARC1"
"EMILIN1",4.45e-13,1.316,0.017,0.005,8.28e-09,"EMILIN1"
"UBR3",4.5e-13,-0.101,0.827,0.843,8.37e-09,"UBR3"
"GALNT18",4.55e-13,0.657,0.078,0.051,8.47e-09,"GALNT18"
"ZNF224",4.62e-13,0.28,0.238,0.19,8.6e-09,"ZNF224"
"MPP2",4.63e-13,0.306,0.158,0.119,8.61e-09,"MPP2"
"NISCH",4.72e-13,0.268,0.352,0.297,8.78e-09,"NISCH"
"UPF3A",4.74e-13,0.189,0.898,0.894,8.82e-09,"UPF3A"
"LRP2BP",4.75e-13,0.455,0.287,0.24,8.84e-09,"LRP2BP"
"ALAD",4.76e-13,0.329,0.16,0.121,8.86e-09,"ALAD"
"IFT74",4.76e-13,0.17,0.423,0.36,8.86e-09,"IFT74"
"SDHAF4",4.79e-13,0.366,0.182,0.141,8.91e-09,"SDHAF4"
"PLPPR3",4.81e-13,-0.168,0.271,0.323,8.95e-09,"PLPPR3"
"RAB3GAP2",4.81e-13,0.247,0.649,0.616,8.96e-09,"RAB3GAP2"
"NADK",4.82e-13,0.371,0.209,0.165,8.97e-09,"NADK"
"CASP8",4.86e-13,0.768,0.039,0.02,9.05e-09,"CASP8"
"STPG2",4.94e-13,0.239,0.063,0.039,9.2e-09,"STPG2"
"TYK2",4.95e-13,0.381,0.16,0.121,9.22e-09,"TYK2"
"HRK",5.01e-13,1.438,0.049,0.029,9.32e-09,"HRK"
"AK9",5.02e-13,-0.381,0.288,0.331,9.34e-09,"AK9"
"CYTH2",5.02e-13,-0.134,0.436,0.481,9.34e-09,"CYTH2"
"RBBP8",5.07e-13,-0.4,0.287,0.324,9.44e-09,"RBBP8"
"ZNF443",5.21e-13,-0.504,0.059,0.087,9.7e-09,"ZNF443"
"SON",5.22e-13,0.161,0.915,0.919,9.71e-09,"SON"
"RPL37",5.24e-13,-0.106,0.979,0.99,9.76e-09,"RPL37"
"FLJ42393",5.36e-13,1.91,0.016,0.005,9.98e-09,"FLJ42393"
"NPEPPS",5.47e-13,0.181,0.779,0.759,1.02e-08,"NPEPPS"
"SLC9A4",5.52e-13,-0.456,0.032,0.054,1.03e-08,"SLC9A4"
"MON1B",5.63e-13,0.313,0.279,0.23,1.05e-08,"MON1B"
"TKTL1",5.68e-13,2.513,0.01,0.002,1.06e-08,"TKTL1"
"SMC5",5.77e-13,0.171,0.751,0.72,1.07e-08,"SMC5"
"EML2",5.89e-13,0.44,0.14,0.104,1.1e-08,"EML2"
"SLC25A53",5.99e-13,0.261,0.223,0.178,1.11e-08,"SLC25A53"
"NFYA",6.03e-13,-0.338,0.194,0.235,1.12e-08,"NFYA"
"H3-3B",6.09e-13,-0.104,0.988,0.997,1.13e-08,"H3-3B"
"POU3F2",6.2e-13,0.113,0.769,0.725,1.15e-08,"POU3F2"
"TRIB1",6.2e-13,1.064,0.029,0.014,1.15e-08,"TRIB1"
"PCDHB2",6.27e-13,-0.247,0.319,0.366,1.17e-08,"PCDHB2"
"HELZ2",6.27e-13,0.772,0.045,0.025,1.17e-08,"HELZ2"
"BEND5",6.29e-13,-0.234,0.212,0.257,1.17e-08,"BEND5"
"PMF1",6.46e-13,0.23,0.419,0.366,1.2e-08,"PMF1"
"B3GNT5",6.49e-13,0.281,0.309,0.259,1.21e-08,"B3GNT5"
"CCDC144A",6.61e-13,0.461,0.214,0.172,1.23e-08,"CCDC144A"
"LYSMD3",6.68e-13,0.277,0.197,0.153,1.24e-08,"LYSMD3"
"PRDX2",6.68e-13,0.125,0.939,0.954,1.24e-08,"PRDX2"
"TDRD3",6.81e-13,0.201,0.598,0.54,1.27e-08,"TDRD3"
"ZNF444",7.11e-13,0.406,0.192,0.151,1.32e-08,"ZNF444"
"NEK4",7.2e-13,0.226,0.439,0.381,1.34e-08,"NEK4"
"HFM1",7.23e-13,-0.236,0.407,0.446,1.35e-08,"HFM1"
"SEMA5A",7.37e-13,0.453,0.314,0.269,1.37e-08,"SEMA5A"
"ZNF214",7.49e-13,0.419,0.097,0.067,1.39e-08,"ZNF214"
"DOK1",7.57e-13,0.391,0.079,0.052,1.41e-08,"DOK1"
"TNFAIP8L3",7.62e-13,1.282,0.017,0.006,1.42e-08,"TNFAIP8L3"
"FN1",7.69e-13,0.591,0.132,0.098,1.43e-08,"FN1"
"TXLNA",7.73e-13,0.267,0.358,0.306,1.44e-08,"TXLNA"
"CAMTA2",7.77e-13,0.381,0.118,0.085,1.45e-08,"CAMTA2"
"C5orf63",8.19e-13,1.515,0.021,0.009,1.52e-08,"C5orf63"
"PAOX",8.22e-13,0.992,0.046,0.026,1.53e-08,"PAOX"
"SIGIRR",8.25e-13,0.579,0.08,0.054,1.54e-08,"SIGIRR"
"PNPLA7",8.31e-13,0.616,0.06,0.037,1.55e-08,"PNPLA7"
"PMPCA",8.34e-13,0.317,0.256,0.208,1.55e-08,"PMPCA"
"PRR5",8.36e-13,1.361,0.018,0.006,1.56e-08,"PRR5"
"SGK2",8.53e-13,1.107,0.027,0.012,1.59e-08,"SGK2"
"DNMT1",8.57e-13,-0.266,0.473,0.507,1.59e-08,"DNMT1"
"RAB1A",8.66e-13,0.154,0.806,0.786,1.61e-08,"RAB1A"
"TOR3A",8.67e-13,0.325,0.177,0.136,1.61e-08,"TOR3A"
"RTN4R",8.73e-13,0.45,0.129,0.095,1.62e-08,"RTN4R"
"PLAAT1",8.76e-13,0.314,0.173,0.133,1.63e-08,"PLAAT1"
"AUNIP",8.94e-13,-0.631,0.037,0.06,1.66e-08,"AUNIP"
"TEN1",8.99e-13,0.472,0.07,0.045,1.67e-08,"TEN1"
"SPAST",9.03e-13,-0.107,0.676,0.705,1.68e-08,"SPAST"
"TMEM43",9.09e-13,0.284,0.307,0.257,1.69e-08,"TMEM43"
"RNF114",9.12e-13,0.261,0.379,0.325,1.7e-08,"RNF114"
"AJM1",9.25e-13,0.87,0.033,0.017,1.72e-08,"AJM1"
"ONECUT2",9.29e-13,-0.38,0.095,0.129,1.73e-08,"ONECUT2"
"FAM185A",9.3e-13,0.339,0.249,0.201,1.73e-08,"FAM185A"
"MTLN",9.45e-13,0.27,0.175,0.134,1.76e-08,"MTLN"
"RPL4",9.52e-13,0.131,0.957,0.97,1.77e-08,"RPL4"
"SYT9",9.57e-13,0.95,0.036,0.019,1.78e-08,"SYT9"
"ANKRD13B",9.62e-13,-0.125,0.257,0.307,1.79e-08,"ANKRD13B"
"ARMC10",9.65e-13,0.223,0.445,0.392,1.8e-08,"ARMC10"
"PIANP",9.72e-13,0.305,0.223,0.178,1.81e-08,"PIANP"
"IK",9.8e-13,0.197,0.699,0.668,1.82e-08,"IK"
"NKAPD1",9.82e-13,0.234,0.359,0.303,1.83e-08,"NKAPD1"
"TBC1D2B",9.89e-13,0.379,0.195,0.153,1.84e-08,"TBC1D2B"
"AGO3",9.89e-13,0.163,0.809,0.788,1.84e-08,"AGO3"
"DGKZ",1.01e-12,0.356,0.24,0.195,1.88e-08,"DGKZ"
"SPATA5L1",1.05e-12,0.332,0.238,0.192,1.95e-08,"SPATA5L1"
"RAD51D",1.05e-12,0.354,0.212,0.169,1.95e-08,"RAD51D"
"SRGAP2C",1.07e-12,-0.133,0.7,0.716,2e-08,"SRGAP2C"
"C3orf18",1.08e-12,0.752,0.041,0.023,2.01e-08,"C3orf18"
"HMBS",1.08e-12,0.436,0.129,0.095,2.01e-08,"HMBS"
"COL28A1",1.09e-12,1.058,0.033,0.016,2.02e-08,"COL28A1"
"ENSG00000285585",1.09e-12,1.36,0.02,0.008,2.03e-08,"ENSG00000285585"
"ZNF219",1.1e-12,-0.174,0.305,0.354,2.04e-08,"ZNF219"
"PELO",1.11e-12,0.251,0.143,0.106,2.07e-08,"PELO"
"DNASE1",1.12e-12,0.261,0.33,0.278,2.09e-08,"DNASE1"
"EIF5A",1.13e-12,0.256,0.663,0.65,2.11e-08,"EIF5A"
"ACSL1",1.14e-12,-0.386,0.109,0.143,2.12e-08,"ACSL1"
"ZIC4",1.15e-12,0.543,0.05,0.029,2.13e-08,"ZIC4"
"FTSJ3",1.16e-12,0.329,0.186,0.145,2.17e-08,"FTSJ3"
"LRRCC1",1.17e-12,0.264,0.345,0.293,2.18e-08,"LRRCC1"
"SPRED3",1.17e-12,0.28,0.122,0.087,2.18e-08,"SPRED3"
"EFCAB5",1.18e-12,-0.232,0.087,0.12,2.19e-08,"EFCAB5"
"RHCG",1.19e-12,0.888,0.045,0.025,2.21e-08,"RHCG"
"NIPAL3",1.19e-12,0.3,0.104,0.073,2.22e-08,"NIPAL3"
"SURF2",1.2e-12,0.242,0.282,0.231,2.24e-08,"SURF2"
"PHLPP1",1.21e-12,0.101,0.849,0.81,2.26e-08,"PHLPP1"
"ZNF782",1.24e-12,-0.206,0.39,0.429,2.3e-08,"ZNF782"
"UVSSA",1.29e-12,0.325,0.262,0.214,2.41e-08,"UVSSA"
"MAN1B1",1.3e-12,0.281,0.188,0.146,2.42e-08,"MAN1B1"
"SLC47A2",1.33e-12,0.758,0.053,0.032,2.48e-08,"SLC47A2"
"IDUA",1.34e-12,0.488,0.054,0.032,2.49e-08,"IDUA"
"KICS2",1.36e-12,0.642,0.04,0.022,2.54e-08,"KICS2"
"GPR156",1.4e-12,0.614,0.073,0.048,2.6e-08,"GPR156"
"CHST9",1.4e-12,0.175,0.149,0.111,2.6e-08,"CHST9"
"MT-TS2",1.4e-12,-0.98,0.01,0.024,2.6e-08,"MT-TS2"
"TUBD1",1.4e-12,0.347,0.21,0.166,2.61e-08,"TUBD1"
"CERS2",1.41e-12,0.33,0.281,0.233,2.63e-08,"CERS2"
"BCL2L13",1.43e-12,0.253,0.407,0.35,2.67e-08,"BCL2L13"
"ATAT1",1.45e-12,-0.155,0.502,0.546,2.7e-08,"ATAT1"
"XKR4",1.47e-12,-0.416,0.112,0.148,2.73e-08,"XKR4"
"CIAO3",1.5e-12,0.415,0.131,0.097,2.79e-08,"CIAO3"
"DOP1B",1.53e-12,-0.204,0.342,0.386,2.85e-08,"DOP1B"
"PPFIBP2",1.53e-12,1.185,0.015,0.005,2.85e-08,"PPFIBP2"
"DCXR",1.57e-12,0.15,0.415,0.355,2.93e-08,"DCXR"
"RIC1",1.59e-12,0.196,0.592,0.539,2.95e-08,"RIC1"
"ZFTA",1.6e-12,-0.157,0.24,0.288,2.98e-08,"ZFTA"
"CHST10",1.6e-12,0.343,0.251,0.206,2.99e-08,"CHST10"
"SMIM10L2A",1.62e-12,0.897,0.034,0.018,3.02e-08,"SMIM10L2A"
"LZTR1",1.64e-12,0.446,0.141,0.105,3.06e-08,"LZTR1"
"MZT1",1.65e-12,-0.447,0.337,0.368,3.07e-08,"MZT1"
"KCNQ2",1.68e-12,-0.129,0.467,0.523,3.13e-08,"KCNQ2"
"TERF2",1.69e-12,0.231,0.406,0.352,3.15e-08,"TERF2"
"ARL6IP4",1.7e-12,0.24,0.596,0.567,3.17e-08,"ARL6IP4"
"KNSTRN",1.73e-12,-0.489,0.254,0.29,3.23e-08,"KNSTRN"
"EIF4E2",1.73e-12,0.228,0.483,0.431,3.23e-08,"EIF4E2"
"CGNL1",1.75e-12,1.695,0.014,0.004,3.25e-08,"CGNL1"
"GNAI1",1.75e-12,-0.205,0.32,0.365,3.27e-08,"GNAI1"
"KBTBD12",1.76e-12,1.363,0.026,0.012,3.28e-08,"KBTBD12"
"PKN3",1.76e-12,-0.538,0.081,0.111,3.28e-08,"PKN3"
"KLRD1",1.79e-12,1.221,0.02,0.008,3.33e-08,"KLRD1"
"LSG1",1.82e-12,0.302,0.282,0.234,3.38e-08,"LSG1"
"JMJD4",1.83e-12,0.5,0.092,0.063,3.41e-08,"JMJD4"
"YPEL2",1.84e-12,0.272,0.101,0.07,3.43e-08,"YPEL2"
"PARP3",1.87e-12,1.503,0.016,0.006,3.47e-08,"PARP3"
"SLC9A8",1.87e-12,0.28,0.279,0.23,3.48e-08,"SLC9A8"
"NPY1R",1.92e-12,-2.52,0.002,0.01,3.57e-08,"NPY1R"
"CHMP1A",1.95e-12,0.267,0.282,0.232,3.62e-08,"CHMP1A"
"SQLE",1.95e-12,0.249,0.666,0.653,3.63e-08,"SQLE"
"VPS35",1.98e-12,0.144,0.825,0.817,3.69e-08,"VPS35"
"FHIP2B",2e-12,0.477,0.117,0.085,3.72e-08,"FHIP2B"
"LY6G6C",2.02e-12,-0.566,0.013,0.028,3.76e-08,"LY6G6C"
"ZNF709",2.02e-12,-0.201,0.364,0.409,3.76e-08,"ZNF709"
"FAM234B",2.03e-12,0.361,0.122,0.089,3.79e-08,"FAM234B"
"VARS1",2.06e-12,0.304,0.178,0.138,3.84e-08,"VARS1"
"PLAC9",2.08e-12,2.335,0.011,0.002,3.87e-08,"PLAC9"
"LCTL",2.1e-12,0.797,0.033,0.017,3.91e-08,"LCTL"
"BEND4",2.12e-12,-0.816,0.017,0.034,3.95e-08,"BEND4"
"GOSR2",2.12e-12,0.237,0.408,0.352,3.95e-08,"GOSR2"
"DNAJC30",2.13e-12,0.268,0.162,0.123,3.96e-08,"DNAJC30"
"PPP3R1",2.14e-12,-0.167,0.679,0.7,3.97e-08,"PPP3R1"
"RNFT2",2.14e-12,-0.287,0.303,0.343,3.98e-08,"RNFT2"
"ELP6",2.15e-12,0.251,0.358,0.305,4e-08,"ELP6"
"PGAP2",2.15e-12,0.317,0.213,0.169,4.01e-08,"PGAP2"
"CTXN2",2.16e-12,0.925,0.021,0.009,4.02e-08,"CTXN2"
"POLRMT",2.22e-12,0.533,0.087,0.059,4.13e-08,"POLRMT"
"RNF212B",2.27e-12,1.196,0.039,0.021,4.22e-08,"RNF212B"
"ALKBH5",2.35e-12,0.227,0.473,0.422,4.38e-08,"ALKBH5"
"KMT5A",2.42e-12,-0.292,0.354,0.391,4.5e-08,"KMT5A"
"BAG5",2.44e-12,0.256,0.438,0.387,4.54e-08,"BAG5"
"SH3GL2",2.49e-12,0.251,0.164,0.126,4.63e-08,"SH3GL2"
"PWWP2A",2.5e-12,0.257,0.587,0.54,4.66e-08,"PWWP2A"
"TOP1MT",2.54e-12,0.297,0.144,0.107,4.72e-08,"TOP1MT"
"DCUN1D1",2.69e-12,0.185,0.535,0.481,5.01e-08,"DCUN1D1"
"RYK",2.7e-12,0.175,0.676,0.629,5.03e-08,"RYK"
"TMEM245",2.71e-12,-0.198,0.577,0.597,5.04e-08,"TMEM245"
"XYLT2",2.76e-12,0.485,0.102,0.072,5.15e-08,"XYLT2"
"DLAT",2.77e-12,0.282,0.279,0.23,5.16e-08,"DLAT"
"NR6A1",2.77e-12,0.175,0.505,0.439,5.16e-08,"NR6A1"
"KRAS",2.79e-12,0.185,0.644,0.607,5.2e-08,"KRAS"
"ANKRD37",2.82e-12,0.534,0.143,0.108,5.25e-08,"ANKRD37"
"CCDC110",2.82e-12,1.098,0.019,0.007,5.26e-08,"CCDC110"
"NBEAL1",2.84e-12,0.172,0.625,0.563,5.29e-08,"NBEAL1"
"UNC45A",2.92e-12,0.328,0.231,0.187,5.44e-08,"UNC45A"
"CEBPA",2.92e-12,1.901,0.01,0.002,5.44e-08,"CEBPA"
"SIRT1",3e-12,-0.164,0.381,0.425,5.59e-08,"SIRT1"
"SAFB2",3.13e-12,0.258,0.533,0.488,5.83e-08,"SAFB2"
"TMUB1",3.15e-12,0.262,0.165,0.126,5.87e-08,"TMUB1"
"CYBC1",3.21e-12,0.252,0.221,0.175,5.98e-08,"CYBC1"
"ECM2",3.23e-12,-0.274,0.105,0.138,6.02e-08,"ECM2"
"ATP6V1H",3.24e-12,0.186,0.608,0.557,6.04e-08,"ATP6V1H"
"SNRPD1",3.25e-12,-0.108,0.832,0.859,6.04e-08,"SNRPD1"
"ZNF677",3.28e-12,0.287,0.331,0.28,6.11e-08,"ZNF677"
"HMGXB3",3.34e-12,0.299,0.339,0.289,6.22e-08,"HMGXB3"
"GLRX2",3.39e-12,0.281,0.256,0.21,6.31e-08,"GLRX2"
"ELOVL6",3.48e-12,-0.508,0.509,0.53,6.47e-08,"ELOVL6"
"TRMT61A",3.5e-12,0.497,0.062,0.039,6.51e-08,"TRMT61A"
"CC2D2A",3.51e-12,0.247,0.578,0.528,6.53e-08,"CC2D2A"
"NCAPH2",3.54e-12,-0.416,0.154,0.19,6.59e-08,"NCAPH2"
"DCUN1D5",3.54e-12,0.203,0.601,0.56,6.6e-08,"DCUN1D5"
"ARHGAP23",3.56e-12,0.39,0.229,0.186,6.63e-08,"ARHGAP23"
"HUS1",3.58e-12,0.302,0.178,0.138,6.67e-08,"HUS1"
"EML5",3.71e-12,0.345,0.126,0.093,6.91e-08,"EML5"
"SEMA6C",3.74e-12,-0.259,0.155,0.196,6.97e-08,"SEMA6C"
"NDUFA1",3.76e-12,0.153,0.698,0.669,7e-08,"NDUFA1"
"C6orf52",3.76e-12,0.571,0.067,0.044,7e-08,"C6orf52"
"PSMD3",3.79e-12,0.237,0.534,0.488,7.05e-08,"PSMD3"
"LRWD1",3.8e-12,0.348,0.161,0.123,7.07e-08,"LRWD1"
"PNMA8B",3.81e-12,0.535,0.055,0.034,7.09e-08,"PNMA8B"
"CD274",3.81e-12,1.823,0.012,0.003,7.1e-08,"CD274"
"MRPL10",3.82e-12,0.25,0.172,0.132,7.11e-08,"MRPL10"
"ITPRIPL2",3.83e-12,0.623,0.05,0.03,7.13e-08,"ITPRIPL2"
"NRSN2",3.89e-12,0.379,0.196,0.156,7.23e-08,"NRSN2"
"SMOX",3.96e-12,0.415,0.188,0.148,7.37e-08,"SMOX"
"TMCC2",3.99e-12,-0.319,0.113,0.147,7.43e-08,"TMCC2"
"PUS1",3.99e-12,0.387,0.089,0.061,7.43e-08,"PUS1"
"ELMOD3",4.04e-12,0.298,0.279,0.231,7.52e-08,"ELMOD3"
"DYRK3",4.05e-12,0.402,0.154,0.118,7.53e-08,"DYRK3"
"IPO9",4.07e-12,-0.118,0.74,0.762,7.58e-08,"IPO9"
"C1orf112",4.16e-12,-0.288,0.189,0.228,7.75e-08,"C1orf112"
"ASB13",4.25e-12,0.366,0.086,0.058,7.91e-08,"ASB13"
"DCDC2",4.25e-12,1.051,0.022,0.009,7.91e-08,"DCDC2"
"ROGDI",4.26e-12,0.306,0.181,0.141,7.92e-08,"ROGDI"
"CBWD5",4.28e-12,0.33,0.188,0.148,7.96e-08,"CBWD5"
"INTS11",4.3e-12,0.238,0.29,0.24,8e-08,"INTS11"
"ATP6V1E1",4.31e-12,0.254,0.419,0.367,8.03e-08,"ATP6V1E1"
"KIAA1143",4.32e-12,0.279,0.393,0.34,8.05e-08,"KIAA1143"
"CEP83",4.36e-12,-0.421,0.503,0.51,8.12e-08,"CEP83"
"BATF3",4.43e-12,1.731,0.014,0.004,8.25e-08,"BATF3"
"MSL2",4.44e-12,-0.149,0.428,0.47,8.25e-08,"MSL2"
"ABCF3",4.44e-12,0.354,0.107,0.077,8.27e-08,"ABCF3"
"PIGT",4.5e-12,0.352,0.202,0.161,8.38e-08,"PIGT"
"GPR19",4.51e-12,0.44,0.148,0.113,8.39e-08,"GPR19"
"LRRC49",4.53e-12,-0.17,0.587,0.613,8.44e-08,"LRRC49"
"ITGB1BP1",4.56e-12,0.236,0.552,0.514,8.49e-08,"ITGB1BP1"
"METTL21A",4.58e-12,0.219,0.382,0.328,8.52e-08,"METTL21A"
"CADPS2",4.63e-12,0.538,0.062,0.039,8.61e-08,"CADPS2"
"GTF3C1",4.63e-12,0.247,0.483,0.434,8.62e-08,"GTF3C1"
"ENSG00000279551",4.66e-12,-0.679,0.009,0.022,8.67e-08,"ENSG00000279551"
"SLC7A5",4.72e-12,0.694,0.083,0.057,8.78e-08,"SLC7A5"
"IDH3G",4.77e-12,0.229,0.366,0.312,8.88e-08,"IDH3G"
"NUDT10",4.8e-12,-0.358,0.094,0.127,8.93e-08,"NUDT10"
"ADAMTS1",4.8e-12,1.798,0.015,0.005,8.93e-08,"ADAMTS1"
"PDK2",4.84e-12,0.275,0.179,0.139,9.01e-08,"PDK2"
"TENM1",4.86e-12,-0.177,0.375,0.309,9.05e-08,"TENM1"
"HPR",4.91e-12,1.625,0.011,0.003,9.14e-08,"HPR"
"CRAT",5.06e-12,0.414,0.17,0.133,9.42e-08,"CRAT"
"CCDC107",5.06e-12,0.231,0.42,0.368,9.42e-08,"CCDC107"
"FAM217B",5.07e-12,0.185,0.344,0.287,9.44e-08,"FAM217B"
"MYRIP",5.1e-12,0.672,0.057,0.035,9.49e-08,"MYRIP"
"CPSF2",5.16e-12,0.25,0.438,0.39,9.6e-08,"CPSF2"
"AIMP1",5.21e-12,0.228,0.501,0.451,9.69e-08,"AIMP1"
"IPO8",5.26e-12,0.237,0.356,0.304,9.8e-08,"IPO8"
"UPF1",5.37e-12,0.3,0.279,0.233,9.99e-08,"UPF1"
"GLRX3",5.52e-12,0.226,0.565,0.526,1.03e-07,"GLRX3"
"INO80D",5.58e-12,-0.136,0.577,0.614,1.04e-07,"INO80D"
"CMPK2",5.61e-12,-0.664,0.031,0.051,1.04e-07,"CMPK2"
"ZNF629",5.95e-12,0.24,0.149,0.112,1.11e-07,"ZNF629"
"RARS1",5.99e-12,0.199,0.463,0.412,1.11e-07,"RARS1"
"NUDT2",6e-12,0.23,0.268,0.22,1.12e-07,"NUDT2"
"SPEG",6.07e-12,0.504,0.084,0.057,1.13e-07,"SPEG"
"SPESP1",6.13e-12,0.357,0.129,0.095,1.14e-07,"SPESP1"
"SLC25A38",6.14e-12,0.341,0.188,0.148,1.14e-07,"SLC25A38"
"H2BC10",6.2e-12,-1.702,0.007,0.018,1.15e-07,"H2BC10"
"POLR3D",6.31e-12,0.304,0.198,0.156,1.18e-07,"POLR3D"
"GNG11",6.47e-12,-0.112,0.211,0.166,1.2e-07,"GNG11"
"ZNF823",6.56e-12,-0.256,0.175,0.214,1.22e-07,"ZNF823"
"CDC37L1",6.61e-12,0.236,0.407,0.354,1.23e-07,"CDC37L1"
"HAT1",6.63e-12,-0.49,0.643,0.627,1.23e-07,"HAT1"
"SPR",6.66e-12,0.904,0.028,0.014,1.24e-07,"SPR"
"SMYD2",6.81e-12,-0.243,0.205,0.245,1.27e-07,"SMYD2"
"ATP6V0B",6.93e-12,0.217,0.713,0.69,1.29e-07,"ATP6V0B"
"ZNF250",7.29e-12,-0.172,0.255,0.299,1.36e-07,"ZNF250"
"NBPF10",7.33e-12,0.392,0.149,0.114,1.36e-07,"NBPF10"
"ELOF1",7.36e-12,0.272,0.294,0.246,1.37e-07,"ELOF1"
"RING1",7.37e-12,0.213,0.349,0.296,1.37e-07,"RING1"
"MAP2K3",7.59e-12,0.409,0.119,0.087,1.41e-07,"MAP2K3"
"NUDT5",7.74e-12,0.194,0.567,0.52,1.44e-07,"NUDT5"
"CHADL",7.94e-12,1.107,0.025,0.011,1.48e-07,"CHADL"
"MROH8",7.96e-12,0.505,0.084,0.057,1.48e-07,"MROH8"
"MDM4",8.04e-12,0.199,0.819,0.802,1.5e-07,"MDM4"
"RBM19",8.06e-12,0.324,0.22,0.177,1.5e-07,"RBM19"
"AP5Z1",8.18e-12,0.407,0.15,0.114,1.52e-07,"AP5Z1"
"GGCX",8.37e-12,0.303,0.286,0.238,1.56e-07,"GGCX"
"PDHA1",8.51e-12,0.227,0.443,0.392,1.58e-07,"PDHA1"
"AMOTL2",8.6e-12,-0.258,0.141,0.178,1.6e-07,"AMOTL2"
"DNAJC24",8.69e-12,0.148,0.376,0.32,1.62e-07,"DNAJC24"
"ELOVL2",8.78e-12,0.223,0.65,0.622,1.63e-07,"ELOVL2"
"FGFR1OP2",8.86e-12,0.231,0.563,0.513,1.65e-07,"FGFR1OP2"
"CLDN12",8.99e-12,0.237,0.216,0.173,1.67e-07,"CLDN12"
"TTC37",9.03e-12,0.174,0.753,0.718,1.68e-07,"TTC37"
"MYL6B",9.17e-12,0.172,0.748,0.72,1.71e-07,"MYL6B"
"USP36",9.18e-12,0.31,0.209,0.167,1.71e-07,"USP36"
"PUSL1",9.34e-12,0.374,0.087,0.06,1.74e-07,"PUSL1"
"TRMT10C",9.46e-12,0.222,0.466,0.414,1.76e-07,"TRMT10C"
"SRRD",9.57e-12,0.323,0.182,0.143,1.78e-07,"SRRD"
"ZNF506",9.63e-12,-0.149,0.242,0.286,1.79e-07,"ZNF506"
"C2orf81",9.81e-12,0.468,0.083,0.057,1.83e-07,"C2orf81"
"LRPPRC",9.96e-12,0.161,0.655,0.609,1.85e-07,"LRPPRC"
"RESF1",1.01e-11,-0.144,0.487,0.524,1.87e-07,"RESF1"
"NAPRT",1.02e-11,0.448,0.125,0.093,1.9e-07,"NAPRT"
"EGR2",1.03e-11,1.191,0.025,0.012,1.91e-07,"EGR2"
"MED15",1.05e-11,0.256,0.446,0.394,1.95e-07,"MED15"
"TDG",1.07e-11,-0.17,0.504,0.545,1.98e-07,"TDG"
"KATNB1",1.08e-11,0.416,0.134,0.101,2e-07,"KATNB1"
"RAP1GAP",1.08e-11,0.138,0.078,0.053,2.02e-07,"RAP1GAP"
"FKBP2",1.09e-11,0.838,0.032,0.017,2.03e-07,"FKBP2"
"ZBTB43",1.09e-11,0.271,0.36,0.309,2.03e-07,"ZBTB43"
"RPUSD2",1.11e-11,0.339,0.126,0.093,2.07e-07,"RPUSD2"
"PAPPA",1.13e-11,0.649,0.051,0.031,2.11e-07,"PAPPA"
"CNTN4",1.16e-11,-0.397,0.08,0.11,2.16e-07,"CNTN4"
"ANKEF1",1.17e-11,1.265,0.019,0.008,2.18e-07,"ANKEF1"
"ENGASE",1.17e-11,0.549,0.069,0.045,2.19e-07,"ENGASE"
"SURF6",1.18e-11,0.222,0.216,0.172,2.19e-07,"SURF6"
"KIFC2",1.19e-11,0.51,0.054,0.034,2.22e-07,"KIFC2"
"RCC1L",1.2e-11,0.261,0.295,0.246,2.23e-07,"RCC1L"
"GMEB1",1.21e-11,-0.16,0.344,0.388,2.25e-07,"GMEB1"
"HIPK1",1.22e-11,0.253,0.45,0.402,2.26e-07,"HIPK1"
"MAP3K19",1.22e-11,1.121,0.022,0.01,2.27e-07,"MAP3K19"
"TRIM69",1.22e-11,0.207,0.308,0.257,2.27e-07,"TRIM69"
"SYVN1",1.22e-11,0.514,0.105,0.076,2.28e-07,"SYVN1"
"TRIM66",1.23e-11,0.434,0.124,0.092,2.3e-07,"TRIM66"
"SPDYE5",1.24e-11,0.502,0.134,0.101,2.3e-07,"SPDYE5"
"IP6K1",1.24e-11,-0.107,0.587,0.617,2.3e-07,"IP6K1"
"TOMM6",1.24e-11,0.372,0.111,0.081,2.31e-07,"TOMM6"
"STAG2",1.25e-11,0.127,0.822,0.791,2.33e-07,"STAG2"
"HASPIN",1.26e-11,-0.925,0.021,0.038,2.34e-07,"HASPIN"
"CFAP77",1.26e-11,0.868,0.02,0.008,2.35e-07,"CFAP77"
"TCEAL2",1.28e-11,0.226,0.529,0.49,2.39e-07,"TCEAL2"
"UPF3B",1.3e-11,-0.13,0.561,0.595,2.41e-07,"UPF3B"
"LIMS1",1.31e-11,0.188,0.648,0.599,2.43e-07,"LIMS1"
"ENSG00000279398",1.31e-11,1.085,0.036,0.02,2.43e-07,"ENSG00000279398"
"STEAP2",1.32e-11,0.7,0.057,0.036,2.46e-07,"STEAP2"
"PSKH1",1.34e-11,0.34,0.161,0.124,2.5e-07,"PSKH1"
"INTS6L",1.36e-11,-0.229,0.208,0.248,2.53e-07,"INTS6L"
"SLC25A44",1.36e-11,0.321,0.157,0.12,2.54e-07,"SLC25A44"
"SFMBT1",1.37e-11,-0.233,0.47,0.502,2.54e-07,"SFMBT1"
"HLA-DMA",1.37e-11,1.082,0.029,0.015,2.56e-07,"HLA-DMA"
"DLD",1.39e-11,0.225,0.432,0.377,2.58e-07,"DLD"
"ENPP3",1.4e-11,0.818,0.021,0.009,2.61e-07,"ENPP3"
"MRPS25",1.41e-11,0.233,0.499,0.449,2.62e-07,"MRPS25"
"ENSG00000233757",1.44e-11,-0.146,0.36,0.406,2.67e-07,"ENSG00000233757"
"ZNF391",1.47e-11,0.55,0.055,0.034,2.75e-07,"ZNF391"
"SMPDL3A",1.48e-11,0.478,0.09,0.063,2.75e-07,"SMPDL3A"
"CHST14",1.48e-11,0.493,0.102,0.074,2.76e-07,"CHST14"
"PAFAH2",1.52e-11,0.463,0.089,0.062,2.84e-07,"PAFAH2"
"ZNF665",1.53e-11,0.392,0.098,0.07,2.86e-07,"ZNF665"
"CLASRP",1.54e-11,0.299,0.337,0.287,2.87e-07,"CLASRP"
"ZNF138",1.55e-11,-0.168,0.453,0.495,2.88e-07,"ZNF138"
"MYLK2",1.59e-11,-1.174,0.009,0.021,2.96e-07,"MYLK2"
"CXorf38",1.59e-11,0.252,0.271,0.224,2.96e-07,"CXorf38"
"RTN2",1.59e-11,-0.211,0.145,0.184,2.96e-07,"RTN2"
"MORC4",1.61e-11,0.168,0.437,0.381,2.99e-07,"MORC4"
"BOP1",1.64e-11,0.338,0.146,0.111,3.05e-07,"BOP1"
"SLC35F4",1.65e-11,-1.517,0.026,0.045,3.08e-07,"SLC35F4"
"PIBF1",1.66e-11,-0.137,0.808,0.818,3.09e-07,"PIBF1"
"MTMR9",1.69e-11,-0.138,0.542,0.575,3.14e-07,"MTMR9"
"PQBP1",1.74e-11,0.195,0.558,0.513,3.25e-07,"PQBP1"
"TMEM154",1.77e-11,0.956,0.012,0.004,3.29e-07,"TMEM154"
"SRCIN1",1.77e-11,-0.176,0.205,0.249,3.3e-07,"SRCIN1"
"DNTTIP1",1.78e-11,0.246,0.349,0.298,3.31e-07,"DNTTIP1"
"TCF15",1.79e-11,-1.271,0.004,0.014,3.33e-07,"TCF15"
"SYNJ2BP",1.81e-11,0.197,0.33,0.278,3.38e-07,"SYNJ2BP"
"BCL2L2",1.85e-11,0.395,0.144,0.109,3.45e-07,"BCL2L2"
"DENND4B",1.86e-11,0.38,0.153,0.118,3.46e-07,"DENND4B"
"SLC11A1",1.86e-11,2.117,0.01,0.002,3.47e-07,"SLC11A1"
"CNTN2",1.9e-11,-0.448,0.03,0.051,3.54e-07,"CNTN2"
"NOSIP",1.91e-11,0.26,0.394,0.341,3.56e-07,"NOSIP"
"ZNF507",1.91e-11,0.226,0.317,0.266,3.56e-07,"ZNF507"
"FBRS",1.93e-11,0.293,0.21,0.168,3.59e-07,"FBRS"
"UBE2J2",1.97e-11,0.263,0.435,0.385,3.66e-07,"UBE2J2"
"ARFGAP2",1.99e-11,0.274,0.338,0.289,3.7e-07,"ARFGAP2"
"FOXRED2",2e-11,0.386,0.196,0.157,3.72e-07,"FOXRED2"
"HAPLN3",2.01e-11,1.058,0.024,0.011,3.75e-07,"HAPLN3"
"REPS1",2.08e-11,0.187,0.748,0.709,3.86e-07,"REPS1"
"SLC36A4",2.18e-11,-0.133,0.541,0.572,4.06e-07,"SLC36A4"
"TMEM230",2.2e-11,0.174,0.647,0.615,4.09e-07,"TMEM230"
"QRICH1",2.24e-11,-0.124,0.51,0.547,4.17e-07,"QRICH1"
"UHMK1",2.25e-11,0.207,0.375,0.323,4.19e-07,"UHMK1"
"MBOAT1",2.25e-11,-0.694,0.052,0.076,4.19e-07,"MBOAT1"
"NFKBIL1",2.28e-11,0.319,0.263,0.22,4.25e-07,"NFKBIL1"
"RTL8A",2.3e-11,0.272,0.426,0.383,4.28e-07,"RTL8A"
"RSAD1",2.31e-11,0.299,0.14,0.106,4.3e-07,"RSAD1"
"UCK1",2.32e-11,0.272,0.159,0.122,4.32e-07,"UCK1"
"CARF",2.33e-11,0.156,0.287,0.238,4.34e-07,"CARF"
"INVS",2.34e-11,0.111,0.651,0.586,4.36e-07,"INVS"
"ELMO2",2.34e-11,0.281,0.274,0.227,4.36e-07,"ELMO2"
"NELFB",2.36e-11,0.301,0.293,0.247,4.4e-07,"NELFB"
"MED30",2.37e-11,-0.17,0.477,0.511,4.42e-07,"MED30"
"SNAPIN",2.38e-11,0.26,0.461,0.412,4.43e-07,"SNAPIN"
"C5",2.42e-11,0.311,0.153,0.117,4.5e-07,"C5"
"UBA3",2.45e-11,0.176,0.561,0.509,4.57e-07,"UBA3"
"PLK5",2.46e-11,0.864,0.029,0.014,4.58e-07,"PLK5"
"ZNF425",2.46e-11,0.377,0.126,0.093,4.58e-07,"ZNF425"
"SACM1L",2.55e-11,0.232,0.457,0.408,4.74e-07,"SACM1L"
"RFTN1",2.56e-11,0.111,0.422,0.368,4.77e-07,"RFTN1"
"PLAG1",2.62e-11,0.826,0.033,0.017,4.87e-07,"PLAG1"
"TBRG1",2.64e-11,0.208,0.425,0.373,4.91e-07,"TBRG1"
"IGIP",2.67e-11,0.732,0.042,0.024,4.96e-07,"IGIP"
"RBFA",2.67e-11,-0.169,0.392,0.433,4.96e-07,"RBFA"
"RFX5",2.67e-11,0.396,0.104,0.075,4.98e-07,"RFX5"
"TAF9",2.68e-11,0.164,0.462,0.41,4.98e-07,"TAF9"
"MFAP3",2.68e-11,0.209,0.309,0.259,4.99e-07,"MFAP3"
"MMS19",2.69e-11,0.272,0.43,0.38,5e-07,"MMS19"
"VTI1B",2.7e-11,0.192,0.474,0.421,5.02e-07,"VTI1B"
"WDR93",2.7e-11,1.281,0.019,0.008,5.02e-07,"WDR93"
"CRADD",2.73e-11,-0.338,0.477,0.498,5.08e-07,"CRADD"
"UNC13A",2.74e-11,-0.242,0.082,0.112,5.09e-07,"UNC13A"
"ARHGAP20",2.78e-11,1.893,0.015,0.005,5.18e-07,"ARHGAP20"
"MYO3B",2.79e-11,-0.493,0.051,0.075,5.2e-07,"MYO3B"
"SCGB2B2",2.8e-11,0.13,0.27,0.221,5.21e-07,"SCGB2B2"
"SLC1A1",2.85e-11,-0.355,0.089,0.12,5.3e-07,"SLC1A1"
"TIMM44",2.88e-11,0.297,0.275,0.229,5.36e-07,"TIMM44"
"DNM3",2.89e-11,-0.184,0.448,0.488,5.38e-07,"DNM3"
"CAPN5",2.94e-11,0.403,0.128,0.096,5.48e-07,"CAPN5"
"EFNA1",2.96e-11,0.651,0.041,0.023,5.51e-07,"EFNA1"
"NPC1",3.01e-11,0.229,0.408,0.355,5.6e-07,"NPC1"
"TSR1",3.03e-11,0.235,0.31,0.261,5.64e-07,"TSR1"
"SOD2",3.05e-11,0.226,0.618,0.583,5.68e-07,"SOD2"
"SLC41A3",3.08e-11,0.285,0.255,0.212,5.73e-07,"SLC41A3"
"AFG3L2",3.12e-11,0.238,0.358,0.308,5.8e-07,"AFG3L2"
"ERVK3-1",3.13e-11,0.245,0.336,0.286,5.82e-07,"ERVK3-1"
"ZER1",3.21e-11,0.278,0.336,0.287,5.97e-07,"ZER1"
"ERCC2",3.22e-11,0.36,0.135,0.102,6e-07,"ERCC2"
"HDAC5",3.23e-11,0.312,0.284,0.239,6e-07,"HDAC5"
"METTL6",3.23e-11,0.207,0.469,0.412,6.02e-07,"METTL6"
"EML6",3.27e-11,0.388,0.136,0.104,6.08e-07,"EML6"
"UXS1",3.29e-11,-0.225,0.344,0.383,6.12e-07,"UXS1"
"LIG4",3.35e-11,0.31,0.142,0.107,6.23e-07,"LIG4"
"JAK2",3.35e-11,0.21,0.489,0.437,6.24e-07,"JAK2"
"SLC12A2",3.37e-11,0.231,0.38,0.33,6.28e-07,"SLC12A2"
"C11orf24",3.42e-11,0.313,0.147,0.112,6.37e-07,"C11orf24"
"ENSG00000258465",3.45e-11,0.505,0.07,0.047,6.43e-07,"ENSG00000258465"
"DTX3",3.47e-11,0.26,0.265,0.218,6.46e-07,"DTX3"
"ASIC1",3.47e-11,0.463,0.143,0.11,6.46e-07,"ASIC1"
"SMPD2",3.5e-11,0.956,0.026,0.013,6.51e-07,"SMPD2"
"MSH5",3.51e-11,-0.38,0.218,0.252,6.54e-07,"MSH5"
"PKN1",3.52e-11,0.223,0.507,0.457,6.56e-07,"PKN1"
"EFNB2",3.54e-11,0.216,0.47,0.417,6.59e-07,"EFNB2"
"CMAS",3.54e-11,0.195,0.408,0.354,6.6e-07,"CMAS"
"SRPRA",3.54e-11,0.234,0.218,0.176,6.6e-07,"SRPRA"
"NDUFV3",3.58e-11,0.222,0.521,0.478,6.66e-07,"NDUFV3"
"GABRA4",3.64e-11,0.821,0.026,0.012,6.78e-07,"GABRA4"
"FCRLB",3.65e-11,1.696,0.01,0.002,6.8e-07,"FCRLB"
"MYO5B",3.66e-11,0.836,0.055,0.035,6.81e-07,"MYO5B"
"EPHA7",3.66e-11,0.476,0.137,0.105,6.81e-07,"EPHA7"
"ME1",3.78e-11,1.726,0.017,0.007,7.04e-07,"ME1"
"CACNA1E",3.82e-11,0.359,0.117,0.087,7.11e-07,"CACNA1E"
"RITA1",3.82e-11,0.364,0.109,0.079,7.12e-07,"RITA1"
"URGCP",3.82e-11,0.221,0.411,0.358,7.12e-07,"URGCP"
"ZNF569",3.82e-11,-0.251,0.327,0.365,7.12e-07,"ZNF569"
"MDGA1",3.86e-11,0.401,0.084,0.058,7.18e-07,"MDGA1"
"FBXO15",3.91e-11,0.695,0.029,0.015,7.27e-07,"FBXO15"
"ITCH",3.93e-11,0.26,0.243,0.2,7.31e-07,"ITCH"
"CABLES1",3.93e-11,0.606,0.083,0.058,7.31e-07,"CABLES1"
"TMSB15B.1",3.94e-11,-0.321,0.11,0.143,7.33e-07,"TMSB15B.1"
"ABHD10",3.96e-11,0.21,0.33,0.28,7.37e-07,"ABHD10"
"C17orf75",3.99e-11,-0.228,0.303,0.343,7.43e-07,"C17orf75"
"DHRS3",4.01e-11,0.267,0.199,0.161,7.46e-07,"DHRS3"
"ZNF449",4.02e-11,0.343,0.138,0.105,7.47e-07,"ZNF449"
"GSR",4.02e-11,0.243,0.331,0.281,7.48e-07,"GSR"
"ENSG00000280079",4.06e-11,-0.82,0.024,0.041,7.56e-07,"ENSG00000280079"
"SERTAD3",4.11e-11,0.246,0.156,0.12,7.65e-07,"SERTAD3"
"FN3K",4.12e-11,0.41,0.131,0.099,7.68e-07,"FN3K"
"MRPS30",4.15e-11,0.263,0.367,0.319,7.72e-07,"MRPS30"
"GMPPA",4.22e-11,0.4,0.071,0.047,7.85e-07,"GMPPA"
"PPP3CC",4.38e-11,0.169,0.453,0.398,8.15e-07,"PPP3CC"
"ARHGAP12",4.39e-11,0.137,0.718,0.685,8.18e-07,"ARHGAP12"
"RPS6KA4",4.49e-11,0.515,0.054,0.034,8.36e-07,"RPS6KA4"
"C11orf68",4.51e-11,0.312,0.171,0.134,8.39e-07,"C11orf68"
"SEC22B",4.51e-11,0.206,0.388,0.336,8.4e-07,"SEC22B"
"BNIP3L",4.65e-11,0.177,0.882,0.881,8.65e-07,"BNIP3L"
"BFAR",4.66e-11,0.191,0.343,0.29,8.67e-07,"BFAR"
"TMEM196",4.66e-11,-1.196,0.006,0.017,8.68e-07,"TMEM196"
"BRME1",4.66e-11,-0.37,0.094,0.124,8.68e-07,"BRME1"
"USP12",4.67e-11,-0.165,0.472,0.506,8.69e-07,"USP12"
"TUT7",4.77e-11,-0.147,0.461,0.498,8.89e-07,"TUT7"
"MMRN1",4.8e-11,0.996,0.039,0.022,8.93e-07,"MMRN1"
"MAPRE3",4.82e-11,0.218,0.311,0.259,8.97e-07,"MAPRE3"
"COQ5",4.84e-11,0.219,0.237,0.193,9.02e-07,"COQ5"
"ZKSCAN8P1",4.89e-11,1.13,0.015,0.005,9.09e-07,"ZKSCAN8P1"
"EHBP1",4.91e-11,0.18,0.868,0.846,9.15e-07,"EHBP1"
"DGCR8",5.02e-11,-0.187,0.282,0.323,9.35e-07,"DGCR8"
"MRM1",5.09e-11,0.791,0.023,0.01,9.48e-07,"MRM1"
"OTUD5",5.13e-11,0.197,0.51,0.461,9.55e-07,"OTUD5"
"GRIK1",5.15e-11,0.904,0.135,0.104,9.58e-07,"GRIK1"
"SCMH1",5.18e-11,-0.203,0.709,0.708,9.64e-07,"SCMH1"
"C1QTNF7",5.2e-11,-0.245,0.124,0.159,9.68e-07,"C1QTNF7"
"ZNF460",5.22e-11,0.359,0.187,0.149,9.72e-07,"ZNF460"
"TMEM69",5.31e-11,0.27,0.204,0.164,9.88e-07,"TMEM69"
"SLC9B2",5.36e-11,0.27,0.214,0.173,9.98e-07,"SLC9B2"
"TMOD1",5.41e-11,0.876,0.051,0.032,1.01e-06,"TMOD1"
"FAP",5.43e-11,2.139,0.011,0.003,1.01e-06,"FAP"
"CLPTM1L",5.46e-11,0.265,0.377,0.331,1.02e-06,"CLPTM1L"
"TBC1D22B",5.52e-11,0.244,0.271,0.225,1.03e-06,"TBC1D22B"
"MON1A",5.54e-11,0.529,0.1,0.073,1.03e-06,"MON1A"
"SAC3D1",5.57e-11,-0.169,0.37,0.409,1.04e-06,"SAC3D1"
"NUP107",5.73e-11,-0.159,0.476,0.512,1.07e-06,"NUP107"
"MTRES1",5.78e-11,0.202,0.412,0.361,1.08e-06,"MTRES1"
"SEC22C",5.93e-11,0.213,0.46,0.408,1.1e-06,"SEC22C"
"EPN2",5.97e-11,0.214,0.727,0.707,1.11e-06,"EPN2"
"SMIM10L2B",6e-11,0.732,0.024,0.011,1.12e-06,"SMIM10L2B"
"E2F3",6.01e-11,-0.6,0.341,0.361,1.12e-06,"E2F3"
"NDRG3",6.01e-11,0.202,0.403,0.351,1.12e-06,"NDRG3"
"TEAD3",6.07e-11,0.526,0.11,0.081,1.13e-06,"TEAD3"
"RECQL5",6.1e-11,0.458,0.069,0.046,1.14e-06,"RECQL5"
"FYCO1",6.11e-11,0.476,0.141,0.109,1.14e-06,"FYCO1"
"KIAA0100",6.2e-11,0.245,0.31,0.262,1.15e-06,"KIAA0100"
"GAREM1",6.21e-11,0.41,0.422,0.383,1.16e-06,"GAREM1"
"THAP7",6.22e-11,0.336,0.161,0.126,1.16e-06,"THAP7"
"VPS39",6.23e-11,0.214,0.341,0.289,1.16e-06,"VPS39"
"SHANK2",6.25e-11,-0.111,0.294,0.342,1.16e-06,"SHANK2"
"RABL2B",6.29e-11,0.246,0.213,0.171,1.17e-06,"RABL2B"
"CLCN6",6.42e-11,0.257,0.367,0.319,1.19e-06,"CLCN6"
"PPTC7",6.46e-11,0.318,0.248,0.206,1.2e-06,"PPTC7"
"EOLA1",6.47e-11,0.49,0.048,0.029,1.2e-06,"EOLA1"
"NUDT4",6.73e-11,0.375,0.326,0.282,1.25e-06,"NUDT4"
"TIMM17B",6.77e-11,-0.135,0.55,0.588,1.26e-06,"TIMM17B"
"TRAPPC12",6.77e-11,0.22,0.455,0.403,1.26e-06,"TRAPPC12"
"SMUG1",6.78e-11,0.273,0.195,0.156,1.26e-06,"SMUG1"
"CLINT1",6.9e-11,0.186,0.604,0.562,1.28e-06,"CLINT1"
"NCK1",6.97e-11,0.178,0.564,0.515,1.3e-06,"NCK1"
"PCBP2",7.09e-11,-0.102,0.919,0.924,1.32e-06,"PCBP2"
"TMF1",7.11e-11,0.173,0.544,0.492,1.32e-06,"TMF1"
"SPSB4",7.14e-11,-0.222,0.216,0.256,1.33e-06,"SPSB4"
"PGBD1",7.15e-11,-0.172,0.371,0.413,1.33e-06,"PGBD1"
"CYFIP2",7.24e-11,0.204,0.647,0.615,1.35e-06,"CYFIP2"
"POMT2",7.24e-11,0.357,0.198,0.159,1.35e-06,"POMT2"
"MKNK2",7.3e-11,0.242,0.26,0.216,1.36e-06,"MKNK2"
"GCLC",7.41e-11,0.349,0.15,0.116,1.38e-06,"GCLC"
"TELO2",7.56e-11,0.446,0.11,0.081,1.41e-06,"TELO2"
"JRKL",7.63e-11,0.44,0.187,0.149,1.42e-06,"JRKL"
"ZNF599",7.69e-11,0.378,0.093,0.066,1.43e-06,"ZNF599"
"ZNF652",7.69e-11,0.152,0.706,0.665,1.43e-06,"ZNF652"
"TEFM",7.86e-11,0.187,0.364,0.309,1.46e-06,"TEFM"
"KXD1",7.87e-11,0.208,0.357,0.306,1.46e-06,"KXD1"
"PKDCC",7.88e-11,0.943,0.027,0.014,1.47e-06,"PKDCC"
"SLC30A4",8.09e-11,0.37,0.113,0.083,1.51e-06,"SLC30A4"
"AK5",8.11e-11,0.46,0.067,0.045,1.51e-06,"AK5"
"RHOXF1P3",8.17e-11,1.37,0.017,0.007,1.52e-06,"RHOXF1P3"
"SLC12A5",8.18e-11,-0.52,0.068,0.095,1.52e-06,"SLC12A5"
"PTPRQ",8.19e-11,2.944,0.01,0.002,1.52e-06,"PTPRQ"
"CHCHD1",8.22e-11,0.199,0.557,0.521,1.53e-06,"CHCHD1"
"STMP1",8.47e-11,0.143,0.795,0.792,1.58e-06,"STMP1"
"TOX2",8.49e-11,-0.218,0.146,0.182,1.58e-06,"TOX2"
"ACLY",8.51e-11,0.255,0.467,0.427,1.58e-06,"ACLY"
"DPH2",8.51e-11,0.666,0.047,0.029,1.58e-06,"DPH2"
"SND1",8.56e-11,0.187,0.64,0.6,1.59e-06,"SND1"
"SRP72",8.68e-11,0.174,0.719,0.7,1.62e-06,"SRP72"
"AGBL3",8.7e-11,0.417,0.191,0.154,1.62e-06,"AGBL3"
"TP53I13",8.94e-11,0.248,0.307,0.262,1.66e-06,"TP53I13"
"GDPGP1",9.01e-11,0.706,0.036,0.02,1.68e-06,"GDPGP1"
"MRI1",9.02e-11,0.474,0.084,0.059,1.68e-06,"MRI1"
"GJA9",9.06e-11,0.675,0.062,0.041,1.69e-06,"GJA9"
"RPL31",9.07e-11,0.111,0.934,0.943,1.69e-06,"RPL31"
"ZNF678",9.11e-11,-0.183,0.431,0.467,1.7e-06,"ZNF678"
"SSNA1",9.14e-11,0.218,0.438,0.391,1.7e-06,"SSNA1"
"FLNC",9.28e-11,1.483,0.016,0.006,1.73e-06,"FLNC"
"MTIF2",9.32e-11,0.292,0.236,0.194,1.74e-06,"MTIF2"
"MPLKIP",9.4e-11,0.192,0.603,0.565,1.75e-06,"MPLKIP"
"GLIS2",9.42e-11,0.376,0.149,0.116,1.75e-06,"GLIS2"
"HSPA1B",9.44e-11,0.233,0.189,0.153,1.76e-06,"HSPA1B"
"NOPCHAP1",9.47e-11,0.19,0.386,0.336,1.76e-06,"NOPCHAP1"
"SUSD6",9.58e-11,0.273,0.222,0.181,1.78e-06,"SUSD6"
"ZNF343",9.63e-11,0.384,0.096,0.069,1.79e-06,"ZNF343"
"OSGIN1",9.66e-11,2.14,0.011,0.003,1.8e-06,"OSGIN1"
"PPM1J",9.66e-11,1.734,0.01,0.002,1.8e-06,"PPM1J"
"SNX8",9.73e-11,0.29,0.199,0.16,1.81e-06,"SNX8"
"NUBPL",9.73e-11,0.111,0.525,0.463,1.81e-06,"NUBPL"
"AGPAT4",9.74e-11,-0.118,0.55,0.582,1.81e-06,"AGPAT4"
"RIOK2",9.74e-11,0.255,0.298,0.251,1.81e-06,"RIOK2"
"AIF1L",9.86e-11,0.39,0.206,0.169,1.83e-06,"AIF1L"
"AMACR",1.03e-10,0.286,0.095,0.068,1.91e-06,"AMACR"
"PHLDB1",1.05e-10,0.26,0.318,0.271,1.96e-06,"PHLDB1"
"CCDC120",1.09e-10,0.344,0.213,0.174,2.03e-06,"CCDC120"
"DPH1",1.11e-10,0.41,0.077,0.053,2.06e-06,"DPH1"
"GAP43",1.14e-10,0.827,0.712,0.713,2.12e-06,"GAP43"
"PIGS",1.15e-10,0.258,0.165,0.129,2.13e-06,"PIGS"
"GRM1",1.15e-10,-0.273,0.031,0.016,2.14e-06,"GRM1"
"VSTM2A",1.16e-10,-0.168,0.033,0.053,2.16e-06,"VSTM2A"
"FBF1",1.2e-10,0.358,0.151,0.117,2.23e-06,"FBF1"
"B4GALT5",1.22e-10,0.227,0.502,0.455,2.28e-06,"B4GALT5"
"NUCB2",1.24e-10,0.185,0.711,0.679,2.32e-06,"NUCB2"
"RNF32",1.25e-10,0.514,0.085,0.06,2.33e-06,"RNF32"
"PPP1R2",1.26e-10,0.179,0.55,0.502,2.35e-06,"PPP1R2"
"FASTKD2",1.27e-10,0.225,0.326,0.277,2.37e-06,"FASTKD2"
"ANKS3",1.3e-10,0.271,0.281,0.236,2.42e-06,"ANKS3"
"RPA1",1.31e-10,0.233,0.396,0.347,2.45e-06,"RPA1"
"PIERCE2",1.33e-10,0.481,0.095,0.069,2.47e-06,"PIERCE2"
"NDST4",1.33e-10,-1.52,0.007,0.017,2.48e-06,"NDST4"
"H2BC8",1.33e-10,-1.17,0.01,0.022,2.48e-06,"H2BC8"
"TMEM70",1.33e-10,0.235,0.409,0.356,2.48e-06,"TMEM70"
"SLC10A4",1.34e-10,-0.158,0.151,0.188,2.5e-06,"SLC10A4"
"SIK3",1.36e-10,0.111,0.755,0.716,2.53e-06,"SIK3"
"MAFG",1.36e-10,0.335,0.313,0.269,2.54e-06,"MAFG"
"BEND3",1.37e-10,-0.273,0.148,0.183,2.56e-06,"BEND3"
"FAIM2",1.38e-10,0.31,0.089,0.062,2.57e-06,"FAIM2"
"ITIH4",1.39e-10,0.688,0.034,0.019,2.58e-06,"ITIH4"
"GNPDA2",1.4e-10,0.237,0.457,0.407,2.6e-06,"GNPDA2"
"GSDME",1.4e-10,0.366,0.126,0.095,2.61e-06,"GSDME"
"RRP12",1.41e-10,0.306,0.137,0.104,2.62e-06,"RRP12"
"RHBDD1",1.43e-10,0.105,0.294,0.244,2.67e-06,"RHBDD1"
"CALB2",1.44e-10,-0.14,0.139,0.175,2.67e-06,"CALB2"
"TMEM25",1.45e-10,0.29,0.271,0.227,2.69e-06,"TMEM25"
"STON1",1.46e-10,0.75,0.053,0.034,2.72e-06,"STON1"
"CNPPD1",1.48e-10,0.303,0.2,0.162,2.76e-06,"CNPPD1"
"MECP2",1.49e-10,-0.114,0.612,0.642,2.77e-06,"MECP2"
"CLEC5A",1.49e-10,1.651,0.014,0.005,2.78e-06,"CLEC5A"
"MADCAM1",1.5e-10,0.506,0.049,0.031,2.79e-06,"MADCAM1"
"ARNTL2",1.52e-10,-0.357,0.184,0.218,2.82e-06,"ARNTL2"
"GDF11",1.54e-10,0.225,0.306,0.259,2.86e-06,"GDF11"
"MOB3C",1.54e-10,1.472,0.013,0.004,2.86e-06,"MOB3C"
"PCBP1",1.54e-10,0.138,0.822,0.819,2.88e-06,"PCBP1"
"PSMC4",1.57e-10,0.219,0.57,0.536,2.92e-06,"PSMC4"
"DNAJC28",1.58e-10,0.498,0.053,0.033,2.94e-06,"DNAJC28"
"MEA1",1.59e-10,0.221,0.414,0.368,2.96e-06,"MEA1"
"ZNF606",1.59e-10,0.346,0.243,0.201,2.96e-06,"ZNF606"
"NHP2",1.63e-10,0.188,0.593,0.564,3.04e-06,"NHP2"
"ZDHHC23",1.64e-10,0.495,0.024,0.012,3.05e-06,"ZDHHC23"
"ENSG00000280414",1.66e-10,-0.677,0.015,0.029,3.09e-06,"ENSG00000280414"
"PRKRIP1",1.67e-10,0.211,0.638,0.594,3.1e-06,"PRKRIP1"
"HECW2",1.68e-10,-0.352,0.128,0.161,3.12e-06,"HECW2"
"C10orf143",1.69e-10,0.288,0.063,0.041,3.14e-06,"C10orf143"
"USP48",1.71e-10,-0.107,0.689,0.716,3.18e-06,"USP48"
"ENSG00000279541",1.71e-10,0.496,0.128,0.097,3.19e-06,"ENSG00000279541"
"ASB1",1.71e-10,0.277,0.141,0.108,3.19e-06,"ASB1"
"SPDYE12",1.76e-10,0.715,0.041,0.024,3.28e-06,"SPDYE12"
"IARS2",1.77e-10,0.21,0.433,0.385,3.3e-06,"IARS2"
"PURG",1.78e-10,0.183,0.499,0.445,3.32e-06,"PURG"
"ZCCHC12",1.79e-10,-0.512,0.046,0.069,3.33e-06,"ZCCHC12"
"NAA25",1.81e-10,0.222,0.484,0.431,3.37e-06,"NAA25"
"CDC40",1.83e-10,0.179,0.519,0.467,3.4e-06,"CDC40"
"C1QTNF2",1.84e-10,-0.548,0.035,0.055,3.42e-06,"C1QTNF2"
"ATF2",1.85e-10,-0.124,0.728,0.743,3.45e-06,"ATF2"
"SVEP1",1.85e-10,-0.123,0.057,0.082,3.45e-06,"SVEP1"
"ZNF614",1.86e-10,0.342,0.147,0.114,3.46e-06,"ZNF614"
"PDE5A",1.86e-10,-1.08,0.373,0.404,3.46e-06,"PDE5A"
"PLEKHA7",1.89e-10,0.273,0.387,0.342,3.52e-06,"PLEKHA7"
"PPM1M",1.9e-10,0.862,0.024,0.011,3.53e-06,"PPM1M"
"LYPLA2",1.9e-10,0.231,0.191,0.151,3.53e-06,"LYPLA2"
"CISD2",1.9e-10,0.253,0.48,0.44,3.53e-06,"CISD2"
"SPINK5",1.9e-10,0.221,0.305,0.259,3.54e-06,"SPINK5"
"ZNF688",1.95e-10,0.253,0.187,0.149,3.64e-06,"ZNF688"
"SLC35A1",1.97e-10,0.241,0.294,0.248,3.67e-06,"SLC35A1"
"ZC3H7B",1.98e-10,0.297,0.351,0.306,3.69e-06,"ZC3H7B"
"TMEM18",2.01e-10,0.229,0.36,0.311,3.74e-06,"TMEM18"
"DCTPP1",2.01e-10,0.224,0.273,0.228,3.75e-06,"DCTPP1"
"ABHD15",2.02e-10,0.595,0.036,0.02,3.75e-06,"ABHD15"
"RGS7",2.03e-10,0.307,0.105,0.077,3.77e-06,"RGS7"
"ASAP3",2.03e-10,0.294,0.236,0.195,3.79e-06,"ASAP3"
"ICAM3",2.08e-10,1.26,0.013,0.004,3.88e-06,"ICAM3"
"SPOUT1",2.09e-10,0.494,0.105,0.077,3.89e-06,"SPOUT1"
"ENSG00000283886",2.1e-10,0.407,0.074,0.051,3.92e-06,"ENSG00000283886"
"LDHD",2.13e-10,2.01,0.01,0.003,3.96e-06,"LDHD"
"ZNF790",2.13e-10,0.291,0.258,0.215,3.96e-06,"ZNF790"
"SIN3B",2.14e-10,0.234,0.347,0.298,3.98e-06,"SIN3B"
"HCCS",2.15e-10,0.372,0.136,0.104,4e-06,"HCCS"
"RABL3",2.16e-10,0.26,0.247,0.205,4.02e-06,"RABL3"
"DNASE1L1",2.16e-10,0.537,0.044,0.026,4.03e-06,"DNASE1L1"
"AKT2",2.17e-10,0.265,0.345,0.298,4.03e-06,"AKT2"
"NUP58",2.17e-10,-0.119,0.637,0.66,4.04e-06,"NUP58"
"IPO7",2.19e-10,0.191,0.647,0.617,4.08e-06,"IPO7"
"NIT1",2.21e-10,0.28,0.225,0.185,4.11e-06,"NIT1"
"GUCD1",2.28e-10,0.265,0.195,0.157,4.24e-06,"GUCD1"
"THAP11",2.29e-10,0.231,0.3,0.254,4.26e-06,"THAP11"
"TLL2",2.3e-10,0.994,0.02,0.009,4.28e-06,"TLL2"
"TIGD6",2.3e-10,0.385,0.062,0.041,4.29e-06,"TIGD6"
"TPM2",2.3e-10,1.255,0.025,0.012,4.29e-06,"TPM2"
"NOTCH2NLB",2.36e-10,1.397,0.018,0.007,4.39e-06,"NOTCH2NLB"
"PIM3",2.38e-10,-0.189,0.179,0.216,4.42e-06,"PIM3"
"RASL11B",2.41e-10,-0.153,0.04,0.062,4.49e-06,"RASL11B"
"ZNF579",2.42e-10,0.29,0.187,0.149,4.5e-06,"ZNF579"
"PYGO2",2.42e-10,0.386,0.116,0.087,4.51e-06,"PYGO2"
"SNRPB",2.44e-10,-0.172,0.646,0.668,4.54e-06,"SNRPB"
"SNED1",2.46e-10,0.689,0.076,0.053,4.57e-06,"SNED1"
"DHX37",2.48e-10,0.446,0.066,0.044,4.62e-06,"DHX37"
"SYTL4",2.48e-10,0.413,0.057,0.037,4.62e-06,"SYTL4"
"MBD3",2.52e-10,0.23,0.257,0.214,4.69e-06,"MBD3"
"R3HDM4",2.53e-10,0.335,0.151,0.117,4.71e-06,"R3HDM4"
"MTRR",2.55e-10,0.235,0.183,0.145,4.74e-06,"MTRR"
"ENSG00000280291",2.56e-10,1.075,0.022,0.01,4.77e-06,"ENSG00000280291"
"VHL",2.61e-10,0.18,0.537,0.485,4.87e-06,"VHL"
"SUGT1",2.65e-10,0.197,0.683,0.655,4.93e-06,"SUGT1"
"FANCD2OS",2.65e-10,-0.886,0.017,0.031,4.93e-06,"FANCD2OS"
"CDADC1",2.67e-10,0.277,0.207,0.169,4.97e-06,"CDADC1"
"CCDC146",2.67e-10,0.105,0.292,0.243,4.97e-06,"CCDC146"
"AK2",2.67e-10,0.267,0.316,0.269,4.98e-06,"AK2"
"HPCA",2.67e-10,-0.533,0.023,0.04,4.98e-06,"HPCA"
"CEBPZOS",2.7e-10,0.39,0.159,0.125,5.02e-06,"CEBPZOS"
"THTPA",2.74e-10,0.199,0.175,0.138,5.09e-06,"THTPA"
"COL9A2",2.74e-10,0.685,0.036,0.021,5.09e-06,"COL9A2"
"KDM2B",2.8e-10,-0.109,0.527,0.564,5.21e-06,"KDM2B"
"RXRA",2.8e-10,0.361,0.255,0.215,5.21e-06,"RXRA"
"HEATR3",2.84e-10,0.294,0.178,0.141,5.29e-06,"HEATR3"
"SPPL2B",2.84e-10,0.306,0.205,0.168,5.29e-06,"SPPL2B"
"HYI",2.87e-10,0.351,0.185,0.149,5.35e-06,"HYI"
"KCNQ5",2.89e-10,-0.648,0.02,0.009,5.37e-06,"KCNQ5"
"DHRSX",2.9e-10,0.282,0.194,0.157,5.4e-06,"DHRSX"
"GALT",2.9e-10,0.281,0.115,0.086,5.4e-06,"GALT"
"SNRNP27",2.91e-10,0.204,0.509,0.462,5.41e-06,"SNRNP27"
"RAD51C",2.97e-10,0.335,0.224,0.186,5.52e-06,"RAD51C"
"ETAA1",3.07e-10,0.283,0.186,0.149,5.72e-06,"ETAA1"
"MAT2B",3.16e-10,-0.282,0.335,0.366,5.88e-06,"MAT2B"
"FOXP1",3.24e-10,-0.991,0.189,0.218,6.02e-06,"FOXP1"
"CBX5",3.3e-10,0.102,0.883,0.877,6.13e-06,"CBX5"
"PIGO",3.32e-10,0.628,0.066,0.044,6.18e-06,"PIGO"
"RBFOX1",3.34e-10,-0.611,0.083,0.11,6.21e-06,"RBFOX1"
"GCFC2",3.34e-10,0.245,0.365,0.318,6.22e-06,"GCFC2"
"OVOL2",3.35e-10,-0.231,0.105,0.134,6.23e-06,"OVOL2"
"PAQR3",3.5e-10,0.3,0.279,0.236,6.52e-06,"PAQR3"
"TMEM185A",3.52e-10,0.347,0.139,0.108,6.56e-06,"TMEM185A"
"ZNF547",3.56e-10,0.485,0.088,0.063,6.62e-06,"ZNF547"
"CARD14",3.6e-10,1.423,0.015,0.006,6.7e-06,"CARD14"
"CYB561D2",3.75e-10,0.337,0.147,0.114,6.99e-06,"CYB561D2"
"ZNF850",3.76e-10,-0.416,0.086,0.113,7e-06,"ZNF850"
"LRRFIP2",3.8e-10,0.177,0.696,0.663,7.08e-06,"LRRFIP2"
"DCBLD1",3.81e-10,0.291,0.119,0.09,7.08e-06,"DCBLD1"
"HACD2",3.84e-10,0.216,0.351,0.302,7.15e-06,"HACD2"
"LRIG2",3.91e-10,0.245,0.436,0.384,7.27e-06,"LRIG2"
"GLI4",3.93e-10,0.305,0.163,0.128,7.31e-06,"GLI4"
"TXNL4A",3.94e-10,0.193,0.702,0.682,7.34e-06,"TXNL4A"
"TMEM38B",3.95e-10,0.25,0.265,0.224,7.35e-06,"TMEM38B"
"MFSD11",4.03e-10,0.237,0.383,0.333,7.5e-06,"MFSD11"
"PITRM1",4.05e-10,0.365,0.17,0.135,7.54e-06,"PITRM1"
"LYRM4",4.06e-10,0.121,0.491,0.437,7.55e-06,"LYRM4"
"PPCS",4.07e-10,0.44,0.105,0.078,7.57e-06,"PPCS"
"MAD1L1",4.12e-10,-0.116,0.39,0.431,7.67e-06,"MAD1L1"
"LIN52",4.16e-10,-0.218,0.4,0.431,7.74e-06,"LIN52"
"RASSF2",4.2e-10,-0.182,0.352,0.392,7.81e-06,"RASSF2"
"FOXO3",4.21e-10,-0.149,0.608,0.634,7.83e-06,"FOXO3"
"RASGEF1B",4.22e-10,-0.839,0.067,0.091,7.85e-06,"RASGEF1B"
"MEX3D",4.24e-10,-0.173,0.368,0.406,7.89e-06,"MEX3D"
"SPPL3",4.36e-10,-0.119,0.814,0.829,8.11e-06,"SPPL3"
"H2BC6",4.37e-10,-0.562,0.042,0.063,8.14e-06,"H2BC6"
"COL10A1",4.39e-10,1.237,0.016,0.006,8.17e-06,"COL10A1"
"POLI",4.4e-10,0.222,0.312,0.265,8.2e-06,"POLI"
"RPL17",4.41e-10,0.16,0.655,0.625,8.2e-06,"RPL17"
"FERMT1",4.41e-10,-0.488,0.027,0.045,8.21e-06,"FERMT1"
"UCN",4.44e-10,0.956,0.028,0.014,8.27e-06,"UCN"
"WDR61",4.5e-10,0.217,0.453,0.402,8.38e-06,"WDR61"
"DIRAS3",4.51e-10,1.256,0.027,0.014,8.39e-06,"DIRAS3"
"PKD2",4.54e-10,-0.176,0.694,0.708,8.46e-06,"PKD2"
"ACTR8",4.55e-10,0.229,0.197,0.158,8.46e-06,"ACTR8"
"RELCH",4.56e-10,-0.115,0.603,0.629,8.49e-06,"RELCH"
"AKAP8L",4.59e-10,0.189,0.578,0.535,8.55e-06,"AKAP8L"
"PC",4.68e-10,0.354,0.131,0.1,8.7e-06,"PC"
"GUCY1B1",4.69e-10,-0.465,0.076,0.102,8.73e-06,"GUCY1B1"
"RAB33B",4.83e-10,0.234,0.155,0.121,9e-06,"RAB33B"
"RASGRF1",4.95e-10,2.173,0.012,0.004,9.21e-06,"RASGRF1"
"SEC22A",4.99e-10,-0.241,0.467,0.492,9.29e-06,"SEC22A"
"HYOU1",5.01e-10,0.347,0.164,0.13,9.33e-06,"HYOU1"
"SHANK1",5.03e-10,-0.238,0.07,0.096,9.37e-06,"SHANK1"
"BTBD2",5.07e-10,0.254,0.341,0.295,9.44e-06,"BTBD2"
"EHD3",5.11e-10,0.45,0.049,0.031,9.51e-06,"EHD3"
"PRRT1",5.11e-10,0.559,0.047,0.029,9.51e-06,"PRRT1"
"MINDY4",5.18e-10,0.624,0.037,0.022,9.64e-06,"MINDY4"
"ZNF667",5.2e-10,-0.945,0.021,0.037,9.67e-06,"ZNF667"
"PCCA",5.24e-10,-0.138,0.619,0.632,9.76e-06,"PCCA"
"TPR",5.4e-10,0.116,0.807,0.791,1e-05,"TPR"
"RFXAP",5.4e-10,0.315,0.236,0.196,1e-05,"RFXAP"
"UBE2E1",5.4e-10,0.12,0.76,0.715,0.0000101,"UBE2E1"
"EEF1B2",5.42e-10,0.184,0.848,0.857,0.0000101,"EEF1B2"
"RAB40A",5.49e-10,0.749,0.035,0.02,0.0000102,"RAB40A"
"PPP1R11",5.49e-10,0.202,0.369,0.319,0.0000102,"PPP1R11"
"PIGQ",5.49e-10,0.352,0.105,0.077,0.0000102,"PIGQ"
"SFTPD",5.53e-10,1.28,0.016,0.007,0.0000103,"SFTPD"
"SYDE1",5.54e-10,0.602,0.053,0.034,0.0000103,"SYDE1"
"TXNL4B",5.54e-10,0.292,0.183,0.147,0.0000103,"TXNL4B"
"IZUMO4",5.6e-10,0.718,0.033,0.018,0.0000104,"IZUMO4"
"ALG10B",5.7e-10,0.394,0.139,0.108,0.0000106,"ALG10B"
"RPIA",5.78e-10,-0.176,0.334,0.373,0.0000108,"RPIA"
"RAP2C",5.79e-10,0.244,0.341,0.293,0.0000108,"RAP2C"
"METTL16",5.83e-10,0.17,0.518,0.468,0.0000109,"METTL16"
"XRRA1",6.02e-10,0.304,0.436,0.388,0.0000112,"XRRA1"
"MSH6",6.06e-10,-0.158,0.596,0.622,0.0000113,"MSH6"
"MRPL1",6.07e-10,0.112,0.48,0.422,0.0000113,"MRPL1"
"ARHGAP21",6.08e-10,0.147,0.954,0.952,0.0000113,"ARHGAP21"
"FIGNL1",6.11e-10,-0.254,0.178,0.213,0.0000114,"FIGNL1"
"NTMT2",6.11e-10,-1.853,0.003,0.011,0.0000114,"NTMT2"
"TAF7",6.33e-10,0.151,0.81,0.8,0.0000118,"TAF7"
"ZBTB37",6.36e-10,0.262,0.301,0.255,0.0000118,"ZBTB37"
"MRPS5",6.36e-10,0.304,0.188,0.151,0.0000118,"MRPS5"
"FOXO3B",6.36e-10,-0.168,0.192,0.23,0.0000118,"FOXO3B"
"DGKQ",6.36e-10,0.427,0.069,0.047,0.0000118,"DGKQ"
"ATOH8",6.39e-10,0.634,0.068,0.047,0.0000119,"ATOH8"
"GOLGA2",6.4e-10,0.267,0.393,0.345,0.0000119,"GOLGA2"
"NLGN2",6.5e-10,0.246,0.29,0.247,0.0000121,"NLGN2"
"PRKAB2",6.5e-10,0.246,0.308,0.264,0.0000121,"PRKAB2"
"ENSG00000280381",6.53e-10,1.149,0.015,0.006,0.0000121,"ENSG00000280381"
"NALCN",6.58e-10,1.376,0.015,0.006,0.0000123,"NALCN"
"PLEKHB2",6.59e-10,0.251,0.439,0.397,0.0000123,"PLEKHB2"
"GAS6",6.62e-10,0.506,0.103,0.077,0.0000123,"GAS6"
"NFIL3",6.63e-10,-0.211,0.241,0.28,0.0000123,"NFIL3"
"GALNT4",6.64e-10,0.42,0.087,0.062,0.0000124,"GALNT4"
"TESC",6.66e-10,1.041,0.016,0.007,0.0000124,"TESC"
"BRSK2",6.77e-10,-0.203,0.201,0.239,0.0000126,"BRSK2"
"SLC15A4",6.78e-10,0.316,0.233,0.193,0.0000126,"SLC15A4"
"CSNK2B",6.82e-10,0.169,0.763,0.758,0.0000127,"CSNK2B"
"BDNF",6.86e-10,1.817,0.021,0.01,0.0000128,"BDNF"
"GID4",6.86e-10,0.301,0.15,0.117,0.0000128,"GID4"
"ALS2",7.04e-10,0.172,0.4,0.35,0.0000131,"ALS2"
"SETDB2",7.37e-10,0.317,0.17,0.135,0.0000137,"SETDB2"
"OGG1",7.38e-10,-0.152,0.407,0.444,0.0000137,"OGG1"
"NAB2",7.44e-10,0.275,0.255,0.214,0.0000139,"NAB2"
"HECTD2",7.48e-10,0.173,0.592,0.545,0.0000139,"HECTD2"
"HAX1",7.51e-10,0.214,0.479,0.44,0.000014,"HAX1"
"WARS1",7.52e-10,0.709,0.198,0.164,0.000014,"WARS1"
"EXOSC9",7.57e-10,-0.23,0.298,0.334,0.0000141,"EXOSC9"
"CC2D1A",7.82e-10,0.314,0.225,0.186,0.0000145,"CC2D1A"
"CHRM2",7.82e-10,1.642,0.016,0.006,0.0000146,"CHRM2"
"SKIDA1",7.83e-10,-0.287,0.153,0.187,0.0000146,"SKIDA1"
"WDR17",7.87e-10,0.143,0.512,0.455,0.0000146,"WDR17"
"RNF44",7.87e-10,-0.296,0.204,0.239,0.0000147,"RNF44"
"THG1L",7.95e-10,0.27,0.144,0.111,0.0000148,"THG1L"
"GPN2",8.03e-10,0.304,0.167,0.133,0.0000149,"GPN2"
"C17orf114",8.08e-10,0.911,0.025,0.013,0.000015,"C17orf114"
"MED14",8.1e-10,0.239,0.425,0.383,0.0000151,"MED14"
"CCR10",8.26e-10,0.662,0.025,0.012,0.0000154,"CCR10"
"NME6",8.29e-10,0.234,0.221,0.182,0.0000154,"NME6"
"USB1",8.31e-10,0.161,0.198,0.159,0.0000155,"USB1"
"DHX34",8.34e-10,0.288,0.205,0.167,0.0000155,"DHX34"
"MBTD1",8.34e-10,-0.131,0.62,0.654,0.0000155,"MBTD1"
"RPL17-C18orf32",8.43e-10,0.955,0.024,0.012,0.0000157,"RPL17-C18orf32"
"CFAP52",8.45e-10,1.536,0.013,0.004,0.0000157,"CFAP52"
"ENSG00000279019",8.52e-10,0.678,0.056,0.037,0.0000159,"ENSG00000279019"
"CRYGD",8.53e-10,1.645,0.013,0.004,0.0000159,"CRYGD"
"RTCB",8.96e-10,0.225,0.471,0.425,0.0000167,"RTCB"
"ENSG00000285043",8.99e-10,0.725,0.044,0.028,0.0000167,"ENSG00000285043"
"MRPL15",9.07e-10,0.2,0.393,0.347,0.0000169,"MRPL15"
"HDX",9.08e-10,-0.239,0.323,0.357,0.0000169,"HDX"
"RPS6KB2",9.13e-10,0.298,0.126,0.097,0.000017,"RPS6KB2"
"SHISA7",9.2e-10,-0.65,0.018,0.032,0.0000171,"SHISA7"
"RRP8",9.27e-10,0.318,0.165,0.131,0.0000173,"RRP8"
"CIBAR2",9.32e-10,1.535,0.013,0.005,0.0000174,"CIBAR2"
"ADGRF3",9.32e-10,0.49,0.043,0.026,0.0000174,"ADGRF3"
"TRMT9B",9.52e-10,0.55,0.056,0.036,0.0000177,"TRMT9B"
"CEP44",9.59e-10,-0.222,0.292,0.327,0.0000179,"CEP44"
"SCARB1",9.65e-10,0.347,0.155,0.122,0.000018,"SCARB1"
"CCDC148",9.84e-10,0.302,0.119,0.09,0.0000183,"CCDC148"
"PSEN1",9.86e-10,-0.17,0.546,0.577,0.0000184,"PSEN1"
"RUBCN",9.9e-10,0.232,0.306,0.261,0.0000184,"RUBCN"
"MRS2",9.97e-10,0.209,0.26,0.218,0.0000186,"MRS2"
"SLC30A5",9.97e-10,0.191,0.372,0.323,0.0000186,"SLC30A5"
"TANGO6",1.02e-09,0.186,0.339,0.288,0.0000189,"TANGO6"
"ZNF772",1.03e-09,0.31,0.119,0.09,0.0000192,"ZNF772"
"B3GNTL1",1.06e-09,0.315,0.079,0.055,0.0000197,"B3GNTL1"
"ZSCAN32",1.07e-09,0.268,0.159,0.125,0.0000199,"ZSCAN32"
"DDX56",1.09e-09,0.273,0.244,0.203,0.0000203,"DDX56"
"IFRD1",1.1e-09,0.293,0.318,0.274,0.0000204,"IFRD1"
"SMCO4",1.11e-09,0.685,0.042,0.026,0.0000206,"SMCO4"
"MTHFD1",1.12e-09,0.193,0.327,0.282,0.0000209,"MTHFD1"
"ASXL2",1.14e-09,0.218,0.556,0.512,0.0000211,"ASXL2"
"SGTB",1.14e-09,0.19,0.338,0.291,0.0000212,"SGTB"
"KRBA1",1.14e-09,0.496,0.058,0.039,0.0000212,"KRBA1"
"CCNB1IP1",1.15e-09,0.22,0.426,0.376,0.0000213,"CCNB1IP1"
"ZKSCAN1",1.15e-09,0.121,0.754,0.727,0.0000214,"ZKSCAN1"
"CCDC9",1.15e-09,0.397,0.097,0.071,0.0000215,"CCDC9"
"CLEC2D",1.16e-09,0.306,0.213,0.176,0.0000215,"CLEC2D"
"NUDT4B",1.17e-09,0.788,0.038,0.023,0.0000217,"NUDT4B"
"IPO5",1.17e-09,0.205,0.553,0.516,0.0000217,"IPO5"
"DDX49",1.18e-09,0.209,0.301,0.254,0.0000219,"DDX49"
"PAF1",1.18e-09,0.249,0.263,0.221,0.000022,"PAF1"
"CCDC115",1.18e-09,0.215,0.3,0.254,0.000022,"CCDC115"
"MDM2",1.18e-09,0.518,0.549,0.513,0.000022,"MDM2"
"ZNF229",1.23e-09,0.398,0.08,0.057,0.0000229,"ZNF229"
"CDC123",1.26e-09,0.192,0.558,0.518,0.0000235,"CDC123"
"SDE2",1.27e-09,0.293,0.227,0.188,0.0000236,"SDE2"
"ETV4",1.27e-09,0.42,0.071,0.049,0.0000237,"ETV4"
"ZNF691",1.29e-09,0.435,0.068,0.046,0.000024,"ZNF691"
"KHSRP",1.3e-09,0.169,0.621,0.587,0.0000242,"KHSRP"
"FNDC10",1.3e-09,0.564,0.033,0.018,0.0000242,"FNDC10"
"PIN4",1.3e-09,-0.12,0.584,0.612,0.0000242,"PIN4"
"MLLT6",1.31e-09,0.279,0.265,0.225,0.0000244,"MLLT6"
"TAB1",1.31e-09,0.31,0.253,0.212,0.0000244,"TAB1"
"ANKRD33B",1.37e-09,0.961,0.034,0.019,0.0000256,"ANKRD33B"
"POGLUT1",1.38e-09,0.241,0.235,0.195,0.0000256,"POGLUT1"
"GRK4",1.39e-09,0.217,0.427,0.38,0.0000258,"GRK4"
"STAT5B",1.4e-09,-0.123,0.571,0.602,0.0000261,"STAT5B"
"GOLGA5",1.41e-09,0.243,0.285,0.241,0.0000262,"GOLGA5"
"DBR1",1.44e-09,-0.214,0.229,0.266,0.0000268,"DBR1"
"POMT1",1.46e-09,0.297,0.247,0.206,0.0000271,"POMT1"
"BIN1",1.46e-09,0.394,0.094,0.069,0.0000272,"BIN1"
"CRAMP1",1.47e-09,0.259,0.318,0.275,0.0000273,"CRAMP1"
"TRIM4",1.47e-09,-0.715,0.057,0.079,0.0000274,"TRIM4"
"SEC23A",1.51e-09,0.151,0.44,0.386,0.000028,"SEC23A"
"MTMR1",1.53e-09,0.195,0.364,0.315,0.0000284,"MTMR1"
"BEND7",1.53e-09,0.149,0.363,0.31,0.0000285,"BEND7"
"PROSER1",1.54e-09,-0.183,0.292,0.328,0.0000287,"PROSER1"
"YIPF5",1.56e-09,0.162,0.401,0.352,0.0000291,"YIPF5"
"SNAPC2",1.56e-09,0.322,0.118,0.09,0.0000291,"SNAPC2"
"RGS5",1.57e-09,0.117,0.219,0.179,0.0000292,"RGS5"
"PPP1R32",1.57e-09,0.946,0.028,0.015,0.0000292,"PPP1R32"
"IFT80",1.59e-09,0.16,0.522,0.467,0.0000295,"IFT80"
"SLC25A30",1.63e-09,0.437,0.094,0.069,0.0000304,"SLC25A30"
"LRRC59",1.64e-09,0.268,0.3,0.259,0.0000306,"LRRC59"
"TPRKB",1.65e-09,-0.159,0.501,0.54,0.0000307,"TPRKB"
"POLR1D",1.67e-09,0.141,0.69,0.655,0.0000311,"POLR1D"
"CCDC196",1.67e-09,0.421,0.063,0.043,0.0000311,"CCDC196"
"C5AR1",1.68e-09,1.097,0.017,0.008,0.0000312,"C5AR1"
"ZDHHC11",1.69e-09,0.443,0.08,0.057,0.0000314,"ZDHHC11"
"POLE2",1.69e-09,-0.285,0.25,0.285,0.0000314,"POLE2"
"CCDC169",1.72e-09,1.336,0.015,0.006,0.000032,"CCDC169"
"ENSG00000170846",1.73e-09,0.249,0.131,0.1,0.0000322,"ENSG00000170846"
"PSMA4",1.74e-09,0.13,0.754,0.744,0.0000323,"PSMA4"
"THY1",1.75e-09,-0.262,0.105,0.135,0.0000326,"THY1"
"TSPYL1",1.76e-09,0.201,0.456,0.408,0.0000328,"TSPYL1"
"L3MBTL2",1.77e-09,0.288,0.183,0.148,0.0000329,"L3MBTL2"
"MAP1LC3A",1.78e-09,0.401,0.111,0.084,0.000033,"MAP1LC3A"
"TKFC",1.78e-09,0.55,0.058,0.038,0.0000331,"TKFC"
"C12orf75",1.78e-09,0.275,0.316,0.277,0.0000331,"C12orf75"
"TFDP1",1.78e-09,-0.203,0.386,0.423,0.0000332,"TFDP1"
"LMBR1L",1.8e-09,-0.124,0.327,0.369,0.0000334,"LMBR1L"
"DISP3",1.83e-09,-0.222,0.11,0.14,0.000034,"DISP3"
"AK3",1.85e-09,0.19,0.613,0.578,0.0000345,"AK3"
"AMER3",1.87e-09,-0.516,0.017,0.032,0.0000348,"AMER3"
"TPST1",1.88e-09,0.18,0.683,0.637,0.000035,"TPST1"
"PPP2R3C",1.89e-09,-0.144,0.528,0.56,0.0000351,"PPP2R3C"
"COPS6",1.9e-09,0.168,0.636,0.609,0.0000354,"COPS6"
"BRD3",1.92e-09,-0.104,0.634,0.665,0.0000358,"BRD3"
"SUPT5H",1.92e-09,0.23,0.495,0.452,0.0000358,"SUPT5H"
"ABLIM2",1.93e-09,0.289,0.155,0.123,0.0000358,"ABLIM2"
"DGKD",1.93e-09,0.206,0.406,0.36,0.000036,"DGKD"
"GSX1",1.93e-09,-1.107,0.007,0.017,0.000036,"GSX1"
"SERP2",1.94e-09,0.34,0.085,0.061,0.0000361,"SERP2"
"FAN1",2.02e-09,0.233,0.262,0.22,0.0000375,"FAN1"
"ESF1",2.03e-09,0.162,0.554,0.506,0.0000377,"ESF1"
"IFNAR2",2.09e-09,0.329,0.159,0.127,0.0000388,"IFNAR2"
"RGR",2.09e-09,1.176,0.018,0.008,0.0000389,"RGR"
"GOLGA8N",2.11e-09,1.218,0.017,0.007,0.0000393,"GOLGA8N"
"KCNK12",2.18e-09,-0.256,0.049,0.07,0.0000406,"KCNK12"
"CBWD2",2.19e-09,0.185,0.281,0.236,0.0000407,"CBWD2"
"CHMP3",2.19e-09,0.206,0.447,0.403,0.0000408,"CHMP3"
"SLC25A15",2.2e-09,0.348,0.117,0.089,0.0000409,"SLC25A15"
"RAB40C",2.22e-09,0.291,0.182,0.147,0.0000413,"RAB40C"
"NECTIN1",2.23e-09,-0.195,0.129,0.162,0.0000415,"NECTIN1"
"ZFYVE19",2.23e-09,0.297,0.087,0.063,0.0000416,"ZFYVE19"
"CAPS",2.25e-09,0.661,0.03,0.016,0.0000419,"CAPS"
"FAM210A",2.29e-09,0.17,0.327,0.28,0.0000426,"FAM210A"
"ZNF619",2.29e-09,0.817,0.034,0.02,0.0000427,"ZNF619"
"ZNF512B",2.29e-09,0.197,0.183,0.147,0.0000427,"ZNF512B"
"BCHE",2.33e-09,0.236,0.287,0.246,0.0000434,"BCHE"
"PINX1",2.34e-09,0.276,0.232,0.194,0.0000436,"PINX1"
"GPS1",2.37e-09,0.289,0.238,0.199,0.0000441,"GPS1"
"DTX1",2.45e-09,0.289,0.224,0.188,0.0000456,"DTX1"
"CCDC92B",2.46e-09,-0.262,0.045,0.066,0.0000457,"CCDC92B"
"DR1",2.47e-09,0.177,0.408,0.358,0.0000459,"DR1"
"PCLO",2.51e-09,-0.653,0.07,0.093,0.0000467,"PCLO"
"SERPING1",2.53e-09,0.843,0.026,0.014,0.0000471,"SERPING1"
"PIP4K2B",2.53e-09,0.197,0.402,0.355,0.0000472,"PIP4K2B"
"ECHDC1",2.55e-09,0.131,0.597,0.553,0.0000475,"ECHDC1"
"AEBP2",2.55e-09,0.181,0.618,0.579,0.0000475,"AEBP2"
"LSM12",2.56e-09,0.21,0.521,0.478,0.0000477,"LSM12"
"FANCF",2.56e-09,0.152,0.188,0.151,0.0000477,"FANCF"
"TMEM222",2.58e-09,0.243,0.275,0.23,0.0000479,"TMEM222"
"SPDYE21",2.58e-09,0.288,0.094,0.069,0.000048,"SPDYE21"
"F10",2.61e-09,1.406,0.015,0.006,0.0000486,"F10"
"UFSP1",2.65e-09,1.018,0.012,0.004,0.0000493,"UFSP1"
"VAT1",2.66e-09,0.189,0.198,0.16,0.0000495,"VAT1"
"FKRP",2.69e-09,0.39,0.181,0.147,0.0000501,"FKRP"
"FAM219B",2.69e-09,0.222,0.27,0.228,0.0000502,"FAM219B"
"TRMT1L",2.7e-09,0.173,0.25,0.208,0.0000502,"TRMT1L"
"MTDH",2.71e-09,0.13,0.886,0.885,0.0000505,"MTDH"
"GORASP2",2.72e-09,0.216,0.459,0.412,0.0000506,"GORASP2"
"SNX12",2.72e-09,0.229,0.221,0.182,0.0000506,"SNX12"
"MLIP",2.73e-09,-0.25,0.062,0.085,0.0000507,"MLIP"
"BCL2L11",2.76e-09,0.421,0.127,0.098,0.0000513,"BCL2L11"
"AQP11",2.81e-09,0.364,0.13,0.101,0.0000523,"AQP11"
"NUDT8",2.82e-09,0.469,0.067,0.047,0.0000525,"NUDT8"
"UBL4A",2.85e-09,0.217,0.183,0.147,0.0000531,"UBL4A"
"SLC39A13",2.85e-09,0.236,0.111,0.084,0.0000531,"SLC39A13"
"SERTAD2",2.86e-09,-0.226,0.305,0.341,0.0000532,"SERTAD2"
"OMG",2.88e-09,0.287,0.311,0.271,0.0000536,"OMG"
"DISP2",2.9e-09,-0.419,0.058,0.081,0.000054,"DISP2"
"ABI2",2.94e-09,0.109,0.912,0.913,0.0000547,"ABI2"
"RBM38",2.94e-09,0.367,0.166,0.134,0.0000547,"RBM38"
"TWF2",2.94e-09,0.214,0.254,0.212,0.0000547,"TWF2"
"GNA13",2.94e-09,0.236,0.479,0.439,0.0000548,"GNA13"
"ZNF398",2.98e-09,0.294,0.307,0.265,0.0000554,"ZNF398"
"PTX3",3.01e-09,0.283,0.138,0.108,0.0000561,"PTX3"
"NAT10",3.02e-09,0.256,0.255,0.215,0.0000563,"NAT10"
"GFRA3",3.04e-09,-1.329,0.006,0.015,0.0000566,"GFRA3"
"RB1",3.08e-09,0.104,0.756,0.711,0.0000573,"RB1"
"PHKG2",3.17e-09,0.238,0.141,0.11,0.0000589,"PHKG2"
"KATNIP",3.18e-09,0.204,0.366,0.319,0.0000591,"KATNIP"
"NUP50",3.22e-09,-0.163,0.39,0.424,6e-05,"NUP50"
"SLC35B1",3.24e-09,0.193,0.407,0.359,0.0000603,"SLC35B1"
"ZFYVE28",3.3e-09,0.317,0.046,0.029,0.0000615,"ZFYVE28"
"KCND1",3.31e-09,1.205,0.017,0.007,0.0000616,"KCND1"
"TYRO3",3.33e-09,0.339,0.154,0.123,0.0000619,"TYRO3"
"ATPAF2",3.33e-09,0.292,0.268,0.228,0.000062,"ATPAF2"
"MMP15",3.4e-09,0.288,0.149,0.118,0.0000633,"MMP15"
"KCNC2",3.42e-09,-1.164,0.025,0.041,0.0000636,"KCNC2"
"ZSWIM4",3.55e-09,-0.118,0.242,0.28,0.000066,"ZSWIM4"
"SH3PXD2A",3.55e-09,-0.12,0.272,0.311,0.0000661,"SH3PXD2A"
"GANC",3.61e-09,0.201,0.147,0.117,0.0000671,"GANC"
"PPP1R3F",3.64e-09,0.323,0.205,0.169,0.0000678,"PPP1R3F"
"PECR",3.7e-09,0.248,0.232,0.194,0.0000688,"PECR"
"MRM2",3.71e-09,0.217,0.274,0.231,0.000069,"MRM2"
"SAP30BP",3.75e-09,0.211,0.469,0.424,0.0000698,"SAP30BP"
"ARHGAP24",3.79e-09,1.542,0.07,0.05,0.0000705,"ARHGAP24"
"YPEL3",3.79e-09,0.302,0.314,0.274,0.0000706,"YPEL3"
"IMMP1L",3.87e-09,-0.146,0.653,0.669,0.000072,"IMMP1L"
"FRAT1",3.88e-09,-0.277,0.059,0.082,0.0000723,"FRAT1"
"ENSG00000280339",3.91e-09,1.591,0.01,0.003,0.0000728,"ENSG00000280339"
"TADA1",3.96e-09,-0.139,0.293,0.331,0.0000738,"TADA1"
"SNX13",3.99e-09,0.133,0.623,0.578,0.0000743,"SNX13"
"CDK9",4.01e-09,0.281,0.198,0.162,0.0000747,"CDK9"
"BCL9",4.02e-09,-0.143,0.577,0.602,0.0000748,"BCL9"
"DSG2",4.07e-09,0.929,0.022,0.011,0.0000757,"DSG2"
"PDPR",4.14e-09,0.233,0.265,0.223,0.0000771,"PDPR"
"GDPD1",4.15e-09,0.156,0.359,0.307,0.0000773,"GDPD1"
"ENSG00000256591",4.2e-09,0.375,0.204,0.169,0.0000782,"ENSG00000256591"
"CSRP2",4.23e-09,0.958,0.464,0.437,0.0000787,"CSRP2"
"POLG2",4.32e-09,0.298,0.229,0.191,0.0000803,"POLG2"
"CAPG",4.35e-09,0.665,0.032,0.018,0.0000809,"CAPG"
"PSMD6",4.38e-09,0.209,0.505,0.464,0.0000815,"PSMD6"
"FAM214B",4.38e-09,0.162,0.164,0.129,0.0000816,"FAM214B"
"FAM178B",4.4e-09,1.081,0.014,0.005,0.0000819,"FAM178B"
"EXOSC1",4.42e-09,0.244,0.316,0.273,0.0000823,"EXOSC1"
"METTL27",4.43e-09,0.891,0.027,0.015,0.0000825,"METTL27"
"VIPAS39",4.43e-09,0.229,0.216,0.177,0.0000825,"VIPAS39"
"TNFRSF10D",4.48e-09,2.024,0.012,0.004,0.0000835,"TNFRSF10D"
"CTH",4.49e-09,0.351,0.108,0.083,0.0000836,"CTH"
"IL17RA",4.57e-09,0.328,0.118,0.09,0.0000851,"IL17RA"
"CASP8AP2",4.68e-09,-0.194,0.478,0.506,0.0000872,"CASP8AP2"
"NUP54",4.72e-09,-0.126,0.567,0.594,0.0000878,"NUP54"
"RADIL",4.81e-09,0.321,0.143,0.113,0.0000896,"RADIL"
"ABCB4",4.85e-09,0.939,0.018,0.008,0.0000903,"ABCB4"
"NCOR2",4.86e-09,0.28,0.538,0.507,0.0000905,"NCOR2"
"NUTM2E",4.88e-09,0.271,0.321,0.278,0.0000909,"NUTM2E"
"PCDHA12",4.92e-09,0.36,0.172,0.14,0.0000916,"PCDHA12"
"A3GALT2",5e-09,-0.325,0.051,0.073,0.0000931,"A3GALT2"
"CDIPT",5.02e-09,0.232,0.22,0.182,0.0000934,"CDIPT"
"PEG3",5.02e-09,-0.33,0.09,0.116,0.0000934,"PEG3"
"SNX10",5.02e-09,0.365,0.027,0.014,0.0000934,"SNX10"
"INTS1",5.04e-09,0.303,0.195,0.16,0.0000937,"INTS1"
"GIN1",5.05e-09,0.288,0.151,0.119,0.0000939,"GIN1"
"TBCCD1",5.07e-09,0.262,0.161,0.129,0.0000944,"TBCCD1"
"PALB2",5.21e-09,0.269,0.143,0.112,0.000097,"PALB2"
"RABGGTA",5.27e-09,0.441,0.059,0.04,0.0000981,"RABGGTA"
"MLLT10",5.32e-09,-0.133,0.813,0.813,0.0000989,"MLLT10"
"LLPH",5.33e-09,0.215,0.415,0.372,0.0000992,"LLPH"
"ZNF143",5.34e-09,-0.123,0.373,0.413,0.0000995,"ZNF143"
"TPTE2",5.38e-09,-0.358,0.092,0.118,0.0001,"TPTE2"
"UAP1",5.4e-09,0.237,0.279,0.238,0.000101,"UAP1"
"COG5",5.4e-09,0.125,0.668,0.618,0.000101,"COG5"
"ENSG00000271254",5.43e-09,-0.203,0.272,0.306,0.000101,"ENSG00000271254"
"ACVR1C",5.46e-09,-0.724,0.01,0.02,0.000102,"ACVR1C"
"RIMS1",5.48e-09,-0.141,0.321,0.358,0.000102,"RIMS1"
"P2RX6",5.5e-09,1.411,0.012,0.005,0.000102,"P2RX6"
"MICU3",5.51e-09,0.14,0.572,0.517,0.000103,"MICU3"
"UCK2",5.57e-09,-0.168,0.35,0.385,0.000104,"UCK2"
"TCFL5",5.58e-09,0.256,0.241,0.202,0.000104,"TCFL5"
"IAH1",5.59e-09,0.242,0.412,0.372,0.000104,"IAH1"
"CXXC4",5.62e-09,0.142,0.421,0.375,0.000105,"CXXC4"
"ARFGAP1",5.75e-09,0.458,0.118,0.092,0.000107,"ARFGAP1"
"FRMD8",5.77e-09,0.322,0.091,0.067,0.000107,"FRMD8"
"VPS13D",5.81e-09,0.144,0.614,0.568,0.000108,"VPS13D"
"FITM2",5.84e-09,0.401,0.063,0.043,0.000109,"FITM2"
"TMEM179",5.88e-09,-0.442,0.034,0.051,0.000109,"TMEM179"
"SPA17",5.91e-09,0.181,0.172,0.139,0.00011,"SPA17"
"SLC7A6",5.95e-09,0.259,0.273,0.232,0.000111,"SLC7A6"
"NPEPL1",6.02e-09,0.393,0.138,0.109,0.000112,"NPEPL1"
"RUNDC3A",6.1e-09,-0.295,0.071,0.096,0.000113,"RUNDC3A"
"CHML",6.12e-09,-0.118,0.391,0.431,0.000114,"CHML"
"TTC4",6.25e-09,0.167,0.234,0.194,0.000116,"TTC4"
"LCA5L",6.25e-09,0.548,0.05,0.032,0.000116,"LCA5L"
"ILRUN",6.25e-09,0.195,0.436,0.39,0.000116,"ILRUN"
"LCA5",6.34e-09,0.161,0.286,0.244,0.000118,"LCA5"
"FAM131C",6.36e-09,1.153,0.01,0.003,0.000118,"FAM131C"
"LZTS2",6.36e-09,0.348,0.226,0.19,0.000118,"LZTS2"
"LGALS8",6.43e-09,0.482,0.147,0.118,0.00012,"LGALS8"
"NAPA",6.59e-09,0.29,0.163,0.13,0.000123,"NAPA"
"WDR43",6.6e-09,0.168,0.438,0.389,0.000123,"WDR43"
"ITPKC",6.61e-09,0.312,0.113,0.086,0.000123,"ITPKC"
"EFNA5",6.64e-09,-0.663,0.306,0.337,0.000124,"EFNA5"
"VDAC3",6.64e-09,-0.102,0.744,0.765,0.000124,"VDAC3"
"YTHDF1",6.64e-09,0.243,0.288,0.246,0.000124,"YTHDF1"
"HYLS1",6.67e-09,-0.341,0.063,0.086,0.000124,"HYLS1"
"TRAF3IP1",6.7e-09,0.185,0.322,0.277,0.000125,"TRAF3IP1"
"TRMT2B",6.7e-09,0.274,0.177,0.143,0.000125,"TRMT2B"
"RPS6KA2",6.71e-09,-0.197,0.603,0.635,0.000125,"RPS6KA2"
"ENSG00000279161",6.76e-09,-0.74,0.013,0.025,0.000126,"ENSG00000279161"
"ERFE",6.82e-09,-1.066,0.008,0.017,0.000127,"ERFE"
"SLC35A5",6.83e-09,0.117,0.293,0.248,0.000127,"SLC35A5"
"SERPINI1",6.86e-09,0.354,0.041,0.025,0.000128,"SERPINI1"
"MAML1",7.05e-09,-0.152,0.4,0.435,0.000131,"MAML1"
"C6orf136",7.09e-09,0.294,0.13,0.101,0.000132,"C6orf136"
"GTF2H4",7.11e-09,0.301,0.162,0.13,0.000132,"GTF2H4"
"XPA",7.13e-09,0.21,0.522,0.479,0.000133,"XPA"
"CDK20",7.16e-09,0.392,0.05,0.033,0.000133,"CDK20"
"CMTR1",7.28e-09,0.248,0.203,0.167,0.000135,"CMTR1"
"PYM1",7.35e-09,0.235,0.221,0.184,0.000137,"PYM1"
"CHCHD4",7.44e-09,0.391,0.08,0.058,0.000138,"CHCHD4"
"ATAD3A",7.46e-09,0.396,0.128,0.1,0.000139,"ATAD3A"
"TEDC2",7.48e-09,-0.451,0.047,0.067,0.000139,"TEDC2"
"GAR1",7.54e-09,0.174,0.334,0.29,0.00014,"GAR1"
"ETFBKMT",7.63e-09,0.424,0.069,0.049,0.000142,"ETFBKMT"
"KCP",7.65e-09,1.721,0.025,0.013,0.000142,"KCP"
"IQCN",7.7e-09,1.225,0.034,0.021,0.000143,"IQCN"
"CANT1",7.72e-09,0.253,0.188,0.154,0.000144,"CANT1"
"RNF139",7.92e-09,0.238,0.299,0.258,0.000147,"RNF139"
"DUSP18",7.95e-09,0.189,0.208,0.17,0.000148,"DUSP18"
"NMRAL1",8.02e-09,0.392,0.13,0.102,0.000149,"NMRAL1"
"RBM22",8.03e-09,0.215,0.503,0.46,0.000149,"RBM22"
"RCHY1",8.07e-09,0.207,0.367,0.323,0.00015,"RCHY1"
"C21orf91",8.34e-09,-0.197,0.175,0.208,0.000155,"C21orf91"
"XPO5",8.46e-09,0.292,0.331,0.29,0.000157,"XPO5"
"GET1",8.55e-09,0.176,0.626,0.591,0.000159,"GET1"
"ENSG00000285938",8.57e-09,1.265,0.018,0.009,0.000159,"ENSG00000285938"
"SKI",8.8e-09,0.242,0.496,0.458,0.000164,"SKI"
"HAPLN4",8.81e-09,0.55,0.023,0.012,0.000164,"HAPLN4"
"FBXO7",8.9e-09,0.211,0.431,0.387,0.000166,"FBXO7"
"MBD6",8.93e-09,0.341,0.168,0.136,0.000166,"MBD6"
"BPNT1",8.94e-09,0.225,0.223,0.185,0.000166,"BPNT1"
"ZDHHC6",9.06e-09,0.161,0.292,0.248,0.000169,"ZDHHC6"
"DDI2",9.08e-09,0.291,0.22,0.183,0.000169,"DDI2"
"PIK3C3",9.08e-09,0.172,0.6,0.556,0.000169,"PIK3C3"
"FOSL1",9.13e-09,1.455,0.016,0.007,0.00017,"FOSL1"
"CTNNAL1",9.2e-09,-0.32,0.355,0.38,0.000171,"CTNNAL1"
"DAP",9.27e-09,0.199,0.291,0.249,0.000173,"DAP"
"PABPN1",9.36e-09,0.171,0.683,0.659,0.000174,"PABPN1"
"UFSP2",9.42e-09,0.184,0.409,0.36,0.000175,"UFSP2"
"NAT9",9.45e-09,0.256,0.138,0.108,0.000176,"NAT9"
"TRIM71",9.45e-09,-0.805,0.013,0.024,0.000176,"TRIM71"
"WDR37",9.53e-09,0.149,0.432,0.38,0.000177,"WDR37"
"IGFL4",9.81e-09,0.644,0.034,0.02,0.000183,"IGFL4"
"TMEM242",9.84e-09,0.222,0.344,0.299,0.000183,"TMEM242"
"AXDND1",9.86e-09,0.499,0.025,0.014,0.000184,"AXDND1"
"TMEM200C",9.95e-09,0.284,0.2,0.166,0.000185,"TMEM200C"
"FZD3",1.01e-08,-0.112,0.894,0.905,0.000188,"FZD3"
"TRIM28",1.02e-08,-0.118,0.558,0.584,0.00019,"TRIM28"
"UBE2Q2",1.02e-08,-0.172,0.587,0.608,0.00019,"UBE2Q2"
"GID8",1.04e-08,0.214,0.468,0.428,0.000194,"GID8"
"IKBKB",1.04e-08,0.194,0.263,0.221,0.000194,"IKBKB"
"GGACT",1.05e-08,0.626,0.037,0.023,0.000195,"GGACT"
"TMEM33",1.05e-08,0.178,0.514,0.467,0.000195,"TMEM33"
"ACAP1",1.05e-08,0.759,0.028,0.016,0.000196,"ACAP1"
"MIDEAS",1.06e-08,0.303,0.286,0.248,0.000197,"MIDEAS"
"CEMIP",1.06e-08,0.524,0.103,0.079,0.000198,"CEMIP"
"PASK",1.07e-08,-0.529,0.075,0.098,0.000199,"PASK"
"ISG20L2",1.08e-08,0.256,0.22,0.183,0.000202,"ISG20L2"
"C3orf38",1.09e-08,0.173,0.543,0.497,0.000202,"C3orf38"
"INIP",1.09e-08,-0.184,0.445,0.475,0.000203,"INIP"
"VTI1A",1.15e-08,-0.129,0.743,0.751,0.000214,"VTI1A"
"ERI3",1.15e-08,0.185,0.533,0.492,0.000215,"ERI3"
"PAIP1",1.16e-08,0.136,0.706,0.681,0.000216,"PAIP1"
"RUBCNL",1.16e-08,1.438,0.01,0.004,0.000216,"RUBCNL"
"MDN1",1.16e-08,0.257,0.386,0.339,0.000217,"MDN1"
"ENSG00000261341",1.17e-08,-0.472,0.03,0.047,0.000218,"ENSG00000261341"
"PIEZO2",1.17e-08,-0.674,0.021,0.035,0.000218,"PIEZO2"
"ENSG00000203546",1.18e-08,0.321,0.144,0.114,0.000219,"ENSG00000203546"
"BCAM",1.18e-08,0.714,0.029,0.017,0.000219,"BCAM"
"SOCS6",1.19e-08,0.153,0.295,0.251,0.000221,"SOCS6"
"RBM28",1.19e-08,0.208,0.511,0.468,0.000221,"RBM28"
"RADX",1.19e-08,0.48,0.216,0.182,0.000222,"RADX"
"SLC8A2",1.19e-08,-0.362,0.024,0.04,0.000222,"SLC8A2"
"CCDC180",1.2e-08,0.572,0.081,0.059,0.000223,"CCDC180"
"LHFPL5",1.2e-08,-0.144,0.144,0.176,0.000224,"LHFPL5"
"ARHGEF25",1.22e-08,0.339,0.09,0.067,0.000228,"ARHGEF25"
"CCDC86",1.23e-08,0.491,0.034,0.02,0.000228,"CCDC86"
"TAOK2",1.23e-08,0.244,0.167,0.135,0.000229,"TAOK2"
"IRAK1",1.24e-08,0.413,0.06,0.041,0.000231,"IRAK1"
"ADCY3",1.24e-08,-0.212,0.286,0.32,0.000232,"ADCY3"
"FKBP11",1.25e-08,0.345,0.122,0.095,0.000233,"FKBP11"
"TTLL5",1.25e-08,-0.151,0.649,0.658,0.000233,"TTLL5"
"BMPR1A",1.26e-08,0.15,0.818,0.797,0.000234,"BMPR1A"
"GLIPR1L1",1.26e-08,0.874,0.055,0.038,0.000234,"GLIPR1L1"
"CCDC126",1.26e-08,-0.133,0.303,0.34,0.000234,"CCDC126"
"SNRNP200",1.28e-08,0.164,0.662,0.637,0.000239,"SNRNP200"
"R3HCC1",1.29e-08,0.199,0.283,0.241,0.000241,"R3HCC1"
"MOV10L1",1.32e-08,1.353,0.013,0.005,0.000245,"MOV10L1"
"TMEM200A",1.32e-08,-1.298,0.007,0.016,0.000245,"TMEM200A"
"C7orf31",1.34e-08,0.487,0.064,0.045,0.000249,"C7orf31"
"IQGAP1",1.36e-08,0.176,0.548,0.513,0.000253,"IQGAP1"
"C5orf15",1.37e-08,0.172,0.419,0.372,0.000254,"C5orf15"
"UBE2V2",1.37e-08,0.142,0.729,0.705,0.000255,"UBE2V2"
"RUSF1",1.38e-08,0.347,0.129,0.101,0.000257,"RUSF1"
"HPS4",1.43e-08,0.245,0.312,0.27,0.000265,"HPS4"
"BCAR1",1.43e-08,0.267,0.237,0.199,0.000266,"BCAR1"
"TMEM170B",1.45e-08,0.21,0.365,0.322,0.00027,"TMEM170B"
"CCDC34",1.46e-08,-0.262,0.284,0.314,0.000271,"CCDC34"
"PELI3",1.46e-08,0.491,0.049,0.032,0.000272,"PELI3"
"SKP2",1.49e-08,-0.249,0.253,0.284,0.000278,"SKP2"
"BTG3",1.5e-08,-0.261,0.494,0.508,0.00028,"BTG3"
"COMMD7",1.51e-08,0.142,0.574,0.534,0.000282,"COMMD7"
"TMEM168",1.52e-08,0.173,0.231,0.193,0.000282,"TMEM168"
"LENG8",1.53e-08,0.285,0.338,0.298,0.000284,"LENG8"
"PRKCSH",1.53e-08,0.242,0.314,0.273,0.000284,"PRKCSH"
"TTC26",1.53e-08,0.142,0.235,0.195,0.000285,"TTC26"
"CFAP61",1.55e-08,0.61,0.04,0.025,0.000288,"CFAP61"
"GARIN1B",1.55e-08,1.251,0.015,0.006,0.000289,"GARIN1B"
"MIEF2",1.57e-08,0.407,0.072,0.052,0.000291,"MIEF2"
"UQCC1",1.57e-08,0.191,0.408,0.36,0.000293,"UQCC1"
"LRBA",1.58e-08,0.141,0.726,0.69,0.000294,"LRBA"
"FADD",1.58e-08,0.249,0.112,0.086,0.000295,"FADD"
"CBR4",1.59e-08,0.166,0.684,0.648,0.000296,"CBR4"
"RABEP2",1.6e-08,0.328,0.127,0.099,0.000297,"RABEP2"
"MTF1",1.61e-08,0.195,0.251,0.212,0.0003,"MTF1"
"SLC36A1",1.62e-08,0.279,0.175,0.142,0.000302,"SLC36A1"
"GTPBP4",1.64e-08,0.24,0.442,0.404,0.000306,"GTPBP4"
"TAS2R4",1.66e-08,0.56,0.05,0.033,0.000309,"TAS2R4"
"ACSL4",1.66e-08,-0.156,0.556,0.577,0.000309,"ACSL4"
"SCAI",1.67e-08,-0.113,0.617,0.642,0.000311,"SCAI"
"CARNMT1",1.68e-08,0.134,0.286,0.243,0.000313,"CARNMT1"
"HAUS1",1.69e-08,-0.15,0.513,0.541,0.000314,"HAUS1"
"DCAF1",1.72e-08,-0.113,0.391,0.426,0.000321,"DCAF1"
"HHIPL1",1.73e-08,0.728,0.036,0.022,0.000321,"HHIPL1"
"MED12L",1.75e-08,-0.326,0.434,0.368,0.000326,"MED12L"
"VIRMA",1.76e-08,-0.133,0.531,0.554,0.000327,"VIRMA"
"AGO1",1.76e-08,-0.177,0.418,0.445,0.000328,"AGO1"
"CCT6B",1.77e-08,0.385,0.07,0.049,0.00033,"CCT6B"
"GTF3C4",1.77e-08,0.183,0.323,0.279,0.00033,"GTF3C4"
"DVL1",1.78e-08,0.293,0.13,0.102,0.000331,"DVL1"
"MCF2L",1.78e-08,-0.149,0.238,0.275,0.000331,"MCF2L"
"ZNF225",1.79e-08,0.404,0.079,0.058,0.000333,"ZNF225"
"PLS1",1.79e-08,-0.237,0.075,0.098,0.000333,"PLS1"
"PIGG",1.8e-08,0.187,0.226,0.188,0.000336,"PIGG"
"SPIN2B",1.8e-08,0.199,0.138,0.108,0.000336,"SPIN2B"
"TENM2",1.81e-08,-0.444,0.218,0.181,0.000337,"TENM2"
"CEP104",1.88e-08,0.217,0.352,0.308,0.00035,"CEP104"
"PODXL",1.91e-08,0.259,0.093,0.07,0.000356,"PODXL"
"MCRS1",1.93e-08,0.226,0.369,0.327,0.000359,"MCRS1"
"IRF7",1.93e-08,0.518,0.037,0.023,0.000359,"IRF7"
"PPAN",1.93e-08,0.338,0.098,0.074,0.00036,"PPAN"
"LAMA5",1.94e-08,0.364,0.152,0.122,0.000361,"LAMA5"
"SRSF5",1.95e-08,0.15,0.846,0.835,0.000363,"SRSF5"
"OCIAD2",1.96e-08,0.933,0.049,0.033,0.000365,"OCIAD2"
"TMX2",1.96e-08,0.185,0.469,0.424,0.000365,"TMX2"
"FAM228B",1.99e-08,0.163,0.461,0.414,0.00037,"FAM228B"
"ICMT",2e-08,0.223,0.161,0.13,0.000372,"ICMT"
"ZNF48",2e-08,-0.288,0.169,0.199,0.000372,"ZNF48"
"TTC9",2.04e-08,-0.218,0.19,0.222,0.000379,"TTC9"
"CDK5RAP3",2.04e-08,0.236,0.272,0.232,0.00038,"CDK5RAP3"
"DCP2",2.04e-08,-0.188,0.562,0.569,0.00038,"DCP2"
"SOCS2",2.05e-08,0.178,0.173,0.141,0.000381,"SOCS2"
"OSBPL9",2.05e-08,-0.108,0.713,0.734,0.000382,"OSBPL9"
"NUB1",2.07e-08,0.177,0.393,0.348,0.000385,"NUB1"
"ACAP2",2.11e-08,0.143,0.82,0.803,0.000393,"ACAP2"
"CDC42SE2",2.12e-08,-0.123,0.737,0.74,0.000394,"CDC42SE2"
"CDK18",2.13e-08,0.978,0.029,0.016,0.000396,"CDK18"
"PEBP4",2.15e-08,0.85,0.019,0.009,0.000401,"PEBP4"
"CXCL13",2.16e-08,-0.42,0.009,0.019,0.000402,"CXCL13"
"PTPN5",2.16e-08,-0.916,0.005,0.013,0.000402,"PTPN5"
"SEC23IP",2.2e-08,0.22,0.356,0.312,0.000409,"SEC23IP"
"ENSG00000280229",2.2e-08,-0.615,0.015,0.028,0.00041,"ENSG00000280229"
"USP4",2.22e-08,0.243,0.388,0.345,0.000413,"USP4"
"DKKL1",2.25e-08,0.685,0.054,0.037,0.000419,"DKKL1"
"NUP98",2.27e-08,-0.163,0.539,0.558,0.000422,"NUP98"
"KRBOX4",2.28e-08,0.21,0.307,0.265,0.000425,"KRBOX4"
"SLC66A1",2.29e-08,0.309,0.075,0.054,0.000427,"SLC66A1"
"PCSK1",2.31e-08,-1.948,0.005,0.013,0.00043,"PCSK1"
"ME3",2.33e-08,0.392,0.057,0.039,0.000434,"ME3"
"SDR42E2",2.36e-08,1.638,0.01,0.003,0.000438,"SDR42E2"
"PAQR7",2.36e-08,0.513,0.068,0.048,0.000439,"PAQR7"
"EHD4",2.38e-08,0.405,0.029,0.016,0.000444,"EHD4"
"TMEM240",2.4e-08,0.293,0.096,0.072,0.000446,"TMEM240"
"SF3A2",2.41e-08,-0.155,0.271,0.306,0.000449,"SF3A2"
"XPO1",2.42e-08,-0.146,0.792,0.79,0.000451,"XPO1"
"DLGAP3",2.43e-08,-0.257,0.032,0.048,0.000452,"DLGAP3"
"TIGD3",2.44e-08,-0.555,0.032,0.048,0.000454,"TIGD3"
"BABAM1",2.48e-08,0.203,0.504,0.463,0.000461,"BABAM1"
"TXNDC9",2.52e-08,0.216,0.37,0.328,0.000469,"TXNDC9"
"R3HDM1",2.52e-08,-0.117,0.769,0.765,0.00047,"R3HDM1"
"OTUD3",2.54e-08,-0.158,0.227,0.259,0.000472,"OTUD3"
"ACAD10",2.54e-08,0.263,0.26,0.223,0.000473,"ACAD10"
"SCN2B",2.56e-08,0.924,0.016,0.007,0.000476,"SCN2B"
"PEX11B",2.56e-08,0.2,0.182,0.149,0.000476,"PEX11B"
"CDNF",2.58e-08,0.583,0.038,0.024,0.000481,"CDNF"
"JPT2",2.6e-08,-0.172,0.323,0.356,0.000484,"JPT2"
"PPP1R15A",2.62e-08,-0.105,0.33,0.368,0.000488,"PPP1R15A"
"ENSG00000279569",2.64e-08,1.043,0.012,0.005,0.000491,"ENSG00000279569"
"OTULINL",2.65e-08,-1.026,0.009,0.019,0.000493,"OTULINL"
"F2R",2.65e-08,0.21,0.386,0.344,0.000494,"F2R"
"RTN4RL1",2.66e-08,1.359,0.011,0.004,0.000495,"RTN4RL1"
"KIAA1755",2.74e-08,-0.568,0.023,0.038,0.00051,"KIAA1755"
"OSBPL7",2.79e-08,0.279,0.051,0.034,0.000519,"OSBPL7"
"ERICH2",2.82e-08,0.267,0.225,0.19,0.000525,"ERICH2"
"PYGB",2.85e-08,0.309,0.324,0.287,0.000531,"PYGB"
"HBQ1",2.91e-08,0.969,0.015,0.006,0.000541,"HBQ1"
"ZNF558",2.92e-08,0.288,0.186,0.153,0.000544,"ZNF558"
"ZNF12",2.93e-08,0.225,0.317,0.275,0.000546,"ZNF12"
"LDAF1",2.95e-08,0.315,0.158,0.129,0.000549,"LDAF1"
"C2CD2",2.97e-08,0.699,0.045,0.029,0.000554,"C2CD2"
"COL23A1",2.99e-08,1.522,0.02,0.01,0.000556,"COL23A1"
"ZNF839",3e-08,0.3,0.178,0.146,0.000558,"ZNF839"
"DUSP11",3.01e-08,0.24,0.296,0.255,0.000559,"DUSP11"
"FTCDNL1",3.01e-08,0.966,0.022,0.012,0.00056,"FTCDNL1"
"CHCHD3",3.02e-08,-0.117,0.804,0.806,0.000562,"CHCHD3"
"TXNDC5",3.04e-08,0.281,0.187,0.154,0.000566,"TXNDC5"
"RPRM",3.07e-08,-2.773,0.011,0.022,0.000571,"RPRM"
"CCDC22",3.1e-08,0.4,0.098,0.074,0.000577,"CCDC22"
"CDC42SE1",3.11e-08,-0.124,0.511,0.542,0.000579,"CDC42SE1"
"INHA",3.12e-08,0.861,0.014,0.006,0.000581,"INHA"
"MAN2A2",3.15e-08,0.195,0.138,0.109,0.000586,"MAN2A2"
"ZNF30",3.15e-08,0.293,0.117,0.091,0.000587,"ZNF30"
"CDC16",3.17e-08,0.179,0.542,0.497,0.00059,"CDC16"
"RAI1",3.18e-08,-0.114,0.335,0.373,0.000592,"RAI1"
"MARCHF4",3.24e-08,-0.101,0.056,0.077,0.000603,"MARCHF4"
"CNTNAP1",3.27e-08,0.359,0.094,0.071,0.000608,"CNTNAP1"
"LANCL2",3.27e-08,-0.228,0.37,0.403,0.000609,"LANCL2"
"ADAMTS16",3.37e-08,0.876,0.046,0.031,0.000627,"ADAMTS16"
"RNF103",3.44e-08,0.269,0.239,0.204,0.00064,"RNF103"
"ADGRL1",3.44e-08,0.284,0.241,0.206,0.000641,"ADGRL1"
"CDK15",3.46e-08,1.635,0.01,0.003,0.000643,"CDK15"
"ASAP1",3.56e-08,0.205,0.967,0.963,0.000663,"ASAP1"
"MTMR4",3.57e-08,-0.112,0.417,0.451,0.000664,"MTMR4"
"MRPL33",3.59e-08,0.15,0.686,0.66,0.000669,"MRPL33"
"ADRM1",3.62e-08,0.189,0.492,0.456,0.000673,"ADRM1"
"ZFYVE1",3.62e-08,0.274,0.259,0.221,0.000674,"ZFYVE1"
"ST6GALNAC3",3.66e-08,-0.299,0.322,0.35,0.000681,"ST6GALNAC3"
"SRSF1",3.66e-08,-0.123,0.44,0.47,0.000682,"SRSF1"
"ZNF780B",3.76e-08,0.183,0.441,0.396,0.000699,"ZNF780B"
"RNF182",3.84e-08,-0.504,0.059,0.079,0.000714,"RNF182"
"TMOD2",3.93e-08,0.117,0.447,0.397,0.000732,"TMOD2"
"MRPL45",4.05e-08,0.231,0.262,0.222,0.000753,"MRPL45"
"MYOCOS",4.06e-08,-0.474,0.022,0.037,0.000756,"MYOCOS"
"BAP1",4.1e-08,0.254,0.122,0.096,0.000764,"BAP1"
"NDUFB9",4.12e-08,0.143,0.724,0.701,0.000766,"NDUFB9"
"CNTN5",4.13e-08,-0.458,0.096,0.121,0.000769,"CNTN5"
"ATR",4.18e-08,0.17,0.431,0.385,0.000779,"ATR"
"NELL1",4.19e-08,-2.612,0.009,0.018,0.00078,"NELL1"
"PCDHA9",4.25e-08,-0.182,0.144,0.174,0.000792,"PCDHA9"
"HSF1",4.26e-08,0.216,0.291,0.252,0.000792,"HSF1"
"CHAC2",4.27e-08,0.27,0.157,0.127,0.000796,"CHAC2"
"HPS6",4.33e-08,0.218,0.085,0.063,0.000806,"HPS6"
"SPAG6",4.34e-08,-0.522,0.025,0.039,0.000808,"SPAG6"
"SPAG8",4.35e-08,1.195,0.013,0.005,0.000809,"SPAG8"
"LRRC23",4.39e-08,0.202,0.293,0.251,0.000817,"LRRC23"
"CNIH4",4.44e-08,0.174,0.542,0.504,0.000827,"CNIH4"
"NAPG",4.46e-08,0.174,0.464,0.42,0.000829,"NAPG"
"TRAPPC9",4.46e-08,-0.106,0.701,0.709,0.00083,"TRAPPC9"
"ZNF586",4.46e-08,0.224,0.406,0.364,0.00083,"ZNF586"
"NUP210L",4.46e-08,0.681,0.077,0.057,0.00083,"NUP210L"
"VARS2",4.54e-08,0.518,0.061,0.043,0.000846,"VARS2"
"SLC2A6",4.62e-08,0.324,0.079,0.058,0.00086,"SLC2A6"
"SETD3",4.64e-08,0.193,0.438,0.393,0.000863,"SETD3"
"PTRHD1",4.72e-08,0.154,0.318,0.276,0.000878,"PTRHD1"
"TMEM109",4.73e-08,0.337,0.09,0.068,0.00088,"TMEM109"
"IL5",4.73e-08,1.519,0.012,0.005,0.00088,"IL5"
"GXYLT1",4.74e-08,-0.257,0.331,0.358,0.000882,"GXYLT1"
"MAK16",4.83e-08,0.189,0.158,0.127,0.0009,"MAK16"
"VPS4A",4.84e-08,0.226,0.395,0.355,0.000901,"VPS4A"
"CEBPZ",4.85e-08,0.176,0.465,0.419,0.000903,"CEBPZ"
"MFSD8",4.9e-08,0.149,0.341,0.295,0.000911,"MFSD8"
"SPATA2",4.9e-08,0.465,0.068,0.048,0.000913,"SPATA2"
"PIKFYVE",4.93e-08,0.148,0.484,0.44,0.000918,"PIKFYVE"
"ADAT2",4.96e-08,0.411,0.089,0.067,0.000923,"ADAT2"
"IMPG2",5.02e-08,-0.187,0.107,0.134,0.000934,"IMPG2"
"DCAF12",5.03e-08,0.194,0.278,0.239,0.000936,"DCAF12"
"ZDHHC14",5.05e-08,0.169,0.275,0.236,0.000941,"ZDHHC14"
"EPHX4",5.11e-08,0.355,0.024,0.013,0.00095,"EPHX4"
"NAXD",5.11e-08,0.281,0.192,0.16,0.000951,"NAXD"
"UBA6",5.13e-08,-0.108,0.692,0.711,0.000954,"UBA6"
"CABIN1",5.17e-08,0.237,0.478,0.438,0.000961,"CABIN1"
"TEX15",5.19e-08,0.44,0.032,0.019,0.000965,"TEX15"
"SMO",5.19e-08,0.212,0.287,0.247,0.000966,"SMO"
"LYRM7",5.21e-08,0.152,0.3,0.258,0.00097,"LYRM7"
"TMEM91",5.23e-08,0.309,0.244,0.208,0.000974,"TMEM91"
"MEP1B",5.33e-08,0.481,0.03,0.018,0.000991,"MEP1B"
"SLC25A35",5.39e-08,0.728,0.034,0.021,0.001,"SLC25A35"
"KCTD17",5.39e-08,0.214,0.147,0.118,0.001,"KCTD17"
"KCNA5",5.44e-08,-0.819,0.006,0.014,0.00101,"KCNA5"
"RNF185",5.46e-08,0.216,0.355,0.311,0.00102,"RNF185"
"PHF3",5.51e-08,0.127,0.766,0.746,0.00103,"PHF3"
"ZNF205",5.52e-08,0.286,0.143,0.114,0.00103,"ZNF205"
"VPS16",5.54e-08,0.262,0.238,0.203,0.00103,"VPS16"
"VCPIP1",5.58e-08,0.217,0.305,0.266,0.00104,"VCPIP1"
"EIF5B",5.61e-08,0.159,0.652,0.63,0.00104,"EIF5B"
"IGBP1",5.72e-08,0.184,0.568,0.528,0.00106,"IGBP1"
"FLYWCH1",5.75e-08,0.287,0.178,0.146,0.00107,"FLYWCH1"
"HSPA14",5.75e-08,0.23,0.281,0.242,0.00107,"HSPA14"
"ELFN1",5.77e-08,0.243,0.043,0.028,0.00107,"ELFN1"
"TSEN2",5.79e-08,0.233,0.302,0.261,0.00108,"TSEN2"
"STK24",5.79e-08,-0.156,0.527,0.546,0.00108,"STK24"
"DNAJC17",5.84e-08,0.214,0.329,0.29,0.00109,"DNAJC17"
"STPG1",5.92e-08,0.779,0.021,0.011,0.0011,"STPG1"
"STC2",5.92e-08,1.405,0.017,0.008,0.0011,"STC2"
"SMYD5",5.93e-08,0.457,0.06,0.042,0.0011,"SMYD5"
"PHLDB3",5.95e-08,0.374,0.114,0.089,0.00111,"PHLDB3"
"RTEL1",5.97e-08,0.451,0.071,0.051,0.00111,"RTEL1"
"ZBTB7A",6.02e-08,0.211,0.268,0.229,0.00112,"ZBTB7A"
"THOC6",6.04e-08,-0.241,0.174,0.203,0.00112,"THOC6"
"HSD17B11",6.04e-08,0.123,0.248,0.21,0.00112,"HSD17B11"
"NAA50",6.05e-08,0.146,0.573,0.528,0.00113,"NAA50"
"APOO",6.06e-08,0.141,0.413,0.369,0.00113,"APOO"
"TEX30",6.12e-08,-0.276,0.119,0.145,0.00114,"TEX30"
"NPAT",6.14e-08,-0.186,0.35,0.381,0.00114,"NPAT"
"FAR1",6.23e-08,-0.134,0.682,0.699,0.00116,"FAR1"
"IKZF1",6.29e-08,0.812,0.017,0.008,0.00117,"IKZF1"
"ACRV1",6.29e-08,-0.473,0.015,0.027,0.00117,"ACRV1"
"PSMD1",6.34e-08,0.129,0.726,0.713,0.00118,"PSMD1"
"CHST4",6.35e-08,1.38,0.012,0.005,0.00118,"CHST4"
"COPZ1",6.37e-08,0.139,0.559,0.524,0.00118,"COPZ1"
"B3GALT4",6.38e-08,0.539,0.041,0.026,0.00119,"B3GALT4"
"ATP5F1B",6.39e-08,-0.105,0.875,0.897,0.00119,"ATP5F1B"
"KIAA0895L",6.42e-08,-0.116,0.225,0.259,0.0012,"KIAA0895L"
"CHGA",6.45e-08,-0.48,0.023,0.038,0.0012,"CHGA"
"TRIM37",6.52e-08,0.127,0.592,0.549,0.00121,"TRIM37"
"ENTPD6",6.58e-08,0.304,0.129,0.103,0.00122,"ENTPD6"
"ZNF25",6.6e-08,0.218,0.326,0.285,0.00123,"ZNF25"
"RAB9B",6.61e-08,-0.286,0.186,0.215,0.00123,"RAB9B"
"PRPF40B",6.61e-08,0.152,0.403,0.359,0.00123,"PRPF40B"
"PLD2",6.64e-08,0.315,0.069,0.049,0.00124,"PLD2"
"N6AMT1",6.72e-08,0.229,0.12,0.094,0.00125,"N6AMT1"
"CIR1",6.75e-08,0.156,0.624,0.58,0.00126,"CIR1"
"GASK1A",6.76e-08,1.309,0.029,0.017,0.00126,"GASK1A"
"ZNF843",6.76e-08,0.526,0.028,0.016,0.00126,"ZNF843"
"GPR146",6.84e-08,0.758,0.024,0.013,0.00127,"GPR146"
"DDX42",6.85e-08,0.18,0.588,0.554,0.00127,"DDX42"
"ZHX2",6.85e-08,0.175,0.752,0.704,0.00127,"ZHX2"
"MARS2",6.86e-08,0.717,0.037,0.023,0.00128,"MARS2"
"MACROH2A1",6.88e-08,-0.102,0.863,0.882,0.00128,"MACROH2A1"
"RNF10",6.92e-08,0.179,0.586,0.555,0.00129,"RNF10"
"MCF2",6.96e-08,0.312,0.057,0.04,0.0013,"MCF2"
"ATF6",7e-08,0.136,0.626,0.584,0.0013,"ATF6"
"PFKL",7.03e-08,0.226,0.271,0.232,0.00131,"PFKL"
"CD226",7.03e-08,0.716,0.028,0.016,0.00131,"CD226"
"PCMTD2",7.11e-08,0.173,0.476,0.433,0.00132,"PCMTD2"
"RPE",7.27e-08,0.198,0.345,0.303,0.00135,"RPE"
"METTL2A",7.32e-08,0.182,0.398,0.354,0.00136,"METTL2A"
"SUB1",7.37e-08,0.135,0.968,0.973,0.00137,"SUB1"
"SLC25A22",7.37e-08,0.307,0.155,0.126,0.00137,"SLC25A22"
"NBPF8",7.39e-08,0.288,0.184,0.153,0.00138,"NBPF8"
"TNPO2",7.41e-08,0.248,0.432,0.39,0.00138,"TNPO2"
"RHOBTB2",7.45e-08,0.335,0.133,0.106,0.00139,"RHOBTB2"
"ZNF317",7.47e-08,0.279,0.162,0.132,0.00139,"ZNF317"
"SLC31A2",7.6e-08,0.544,0.03,0.018,0.00141,"SLC31A2"
"MST1",7.61e-08,0.671,0.025,0.014,0.00142,"MST1"
"UBR4",7.63e-08,0.199,0.562,0.529,0.00142,"UBR4"
"THOC1",7.64e-08,-0.121,0.567,0.591,0.00142,"THOC1"
"HCN3",7.66e-08,-0.36,0.08,0.103,0.00143,"HCN3"
"CNBD2",7.68e-08,0.334,0.092,0.07,0.00143,"CNBD2"
"OSMR",7.76e-08,0.906,0.027,0.015,0.00144,"OSMR"
"MARCHF8",7.87e-08,0.166,0.326,0.282,0.00146,"MARCHF8"
"SNAP91",7.97e-08,-0.196,0.535,0.55,0.00148,"SNAP91"
"RAB27A",8.01e-08,0.158,0.152,0.122,0.00149,"RAB27A"
"MINK1",8.03e-08,0.239,0.209,0.175,0.00149,"MINK1"
"RCCD1",8.05e-08,0.376,0.125,0.1,0.0015,"RCCD1"
"PLEKHG3",8.07e-08,0.452,0.102,0.079,0.0015,"PLEKHG3"
"CEP250",8.18e-08,-0.118,0.297,0.331,0.00152,"CEP250"
"SRM",8.18e-08,0.218,0.502,0.467,0.00152,"SRM"
"PKIB",8.19e-08,0.16,0.491,0.447,0.00152,"PKIB"
"MRPL58",8.2e-08,0.204,0.376,0.334,0.00153,"MRPL58"
"SGSM1",8.28e-08,-0.241,0.035,0.051,0.00154,"SGSM1"
"GBA",8.3e-08,0.318,0.092,0.07,0.00154,"GBA"
"SEL1L3",8.33e-08,0.261,0.28,0.245,0.00155,"SEL1L3"
"HAAO",8.37e-08,0.747,0.032,0.019,0.00156,"HAAO"
"ZNF234",8.4e-08,0.27,0.203,0.17,0.00156,"ZNF234"
"LARS2",8.43e-08,0.155,0.391,0.347,0.00157,"LARS2"
"GALNT2",8.52e-08,0.111,0.536,0.493,0.00159,"GALNT2"
"OTUB1",8.58e-08,0.179,0.428,0.383,0.0016,"OTUB1"
"CFD",8.6e-08,0.865,0.029,0.017,0.0016,"CFD"
"POU3F4",8.63e-08,0.173,0.329,0.286,0.00161,"POU3F4"
"UBE3B",8.71e-08,0.133,0.293,0.252,0.00162,"UBE3B"
"INPP5J",8.77e-08,1.267,0.015,0.007,0.00163,"INPP5J"
"GAPVD1",8.9e-08,0.157,0.607,0.576,0.00166,"GAPVD1"
"ATP13A2",8.94e-08,0.3,0.184,0.153,0.00166,"ATP13A2"
"GNPTAB",8.98e-08,0.174,0.491,0.44,0.00167,"GNPTAB"
"KCTD13",9e-08,0.261,0.362,0.323,0.00168,"KCTD13"
"TNNI3K",9.01e-08,0.683,0.022,0.012,0.00168,"TNNI3K"
"TMEM251",9.05e-08,0.211,0.281,0.242,0.00168,"TMEM251"
"PALMD",9.18e-08,-0.189,0.034,0.051,0.00171,"PALMD"
"ACKR3",9.21e-08,-0.379,0.064,0.046,0.00171,"ACKR3"
"IL11RA",9.33e-08,0.763,0.023,0.013,0.00174,"IL11RA"
"ZIC3",9.45e-08,0.729,0.032,0.019,0.00176,"ZIC3"
"CHAF1B",9.53e-08,-0.371,0.098,0.122,0.00177,"CHAF1B"
"PLSCR3",9.67e-08,0.25,0.123,0.097,0.0018,"PLSCR3"
"RNMT",9.67e-08,0.169,0.651,0.615,0.0018,"RNMT"
"CREBL2",9.78e-08,0.209,0.236,0.2,0.00182,"CREBL2"
"TMA16",9.82e-08,0.205,0.276,0.237,0.00183,"TMA16"
"TOR1A",9.82e-08,0.222,0.214,0.179,0.00183,"TOR1A"
"FRAT2",9.89e-08,-0.296,0.103,0.128,0.00184,"FRAT2"
"ZNF181",1e-07,0.204,0.177,0.146,0.00187,"ZNF181"
"ZNF227",1.02e-07,0.227,0.282,0.243,0.00189,"ZNF227"
"SLC25A34",1.02e-07,0.645,0.03,0.018,0.0019,"SLC25A34"
"ISLR2",1.03e-07,-0.505,0.033,0.048,0.00192,"ISLR2"
"CIZ1",1.04e-07,0.237,0.377,0.338,0.00193,"CIZ1"
"NPIPB13",1.04e-07,0.256,0.293,0.256,0.00193,"NPIPB13"
"IRAG2",1.05e-07,1.948,0.01,0.003,0.00195,"IRAG2"
"C12orf73",1.05e-07,0.207,0.333,0.292,0.00195,"C12orf73"
"KY",1.06e-07,0.925,0.029,0.017,0.00197,"KY"
"FBH1",1.06e-07,0.194,0.38,0.34,0.00198,"FBH1"
"COQ6",1.06e-07,0.24,0.181,0.149,0.00198,"COQ6"
"ERP44",1.07e-07,0.133,0.627,0.592,0.002,"ERP44"
"TAF9B",1.08e-07,0.213,0.19,0.158,0.00201,"TAF9B"
"LEMD1",1.1e-07,-0.336,0.114,0.14,0.00204,"LEMD1"
"FAM13A",1.1e-07,0.181,0.571,0.524,0.00205,"FAM13A"
"APOBEC3C",1.11e-07,0.851,0.016,0.008,0.00207,"APOBEC3C"
"FAXC",1.12e-07,-0.235,0.298,0.327,0.00209,"FAXC"
"C3orf20",1.13e-07,0.436,0.057,0.04,0.0021,"C3orf20"
"PIAS3",1.14e-07,0.19,0.139,0.111,0.00212,"PIAS3"
"PSPN",1.14e-07,0.788,0.026,0.015,0.00212,"PSPN"
"LSM5",1.16e-07,-0.161,0.691,0.708,0.00216,"LSM5"
"SLC7A1",1.17e-07,0.209,0.244,0.209,0.00217,"SLC7A1"
"TEDC1",1.18e-07,-0.448,0.065,0.085,0.00219,"TEDC1"
"PCDHB4",1.18e-07,-0.244,0.054,0.074,0.00219,"PCDHB4"
"COG1",1.18e-07,0.291,0.142,0.114,0.00219,"COG1"
"SPOCK3",1.18e-07,-0.752,0.033,0.049,0.00219,"SPOCK3"
"LRRC8D",1.18e-07,0.19,0.614,0.569,0.00221,"LRRC8D"
"APOBEC3F",1.19e-07,1.129,0.015,0.007,0.00221,"APOBEC3F"
"OGDHL",1.2e-07,0.882,0.014,0.006,0.00223,"OGDHL"
"INSIG1",1.2e-07,0.366,0.282,0.249,0.00223,"INSIG1"
"VSIG10L",1.21e-07,0.612,0.045,0.03,0.00225,"VSIG10L"
"XXYLT1",1.21e-07,0.171,0.385,0.343,0.00225,"XXYLT1"
"CD2AP",1.21e-07,0.156,0.417,0.369,0.00225,"CD2AP"
"RFLNA",1.23e-07,-0.158,0.279,0.311,0.00229,"RFLNA"
"ZNF83",1.26e-07,-0.143,0.575,0.588,0.00235,"ZNF83"
"AGBL4",1.27e-07,0.102,0.186,0.155,0.00236,"AGBL4"
"LOXHD1",1.27e-07,-1.059,0.006,0.014,0.00236,"LOXHD1"
"PDZD4",1.32e-07,-0.14,0.166,0.197,0.00245,"PDZD4"
"PBX2",1.32e-07,0.272,0.139,0.112,0.00246,"PBX2"
"H3C6",1.34e-07,-0.49,0.061,0.081,0.00249,"H3C6"
"DHODH",1.34e-07,0.314,0.122,0.096,0.00249,"DHODH"
"MAFF",1.35e-07,0.47,0.07,0.051,0.00251,"MAFF"
"PLEKHH2",1.35e-07,-0.852,0.063,0.044,0.00251,"PLEKHH2"
"BRAP",1.35e-07,0.204,0.298,0.258,0.00252,"BRAP"
"CCNYL1",1.35e-07,0.166,0.339,0.295,0.00252,"CCNYL1"
"SETD5",1.36e-07,0.12,0.873,0.857,0.00253,"SETD5"
"TAF4",1.37e-07,-0.125,0.315,0.347,0.00255,"TAF4"
"F8A1",1.37e-07,0.21,0.111,0.086,0.00256,"F8A1"
"ENSG00000280048",1.38e-07,0.838,0.017,0.009,0.00256,"ENSG00000280048"
"SLC16A14",1.38e-07,0.148,0.153,0.123,0.00257,"SLC16A14"
"DYNC1LI2",1.39e-07,0.143,0.82,0.816,0.00258,"DYNC1LI2"
"BORCS6",1.39e-07,0.301,0.075,0.056,0.00259,"BORCS6"
"BUB3",1.4e-07,-0.332,0.502,0.513,0.00261,"BUB3"
"GPER1",1.41e-07,0.759,0.027,0.016,0.00262,"GPER1"
"LPCAT2",1.41e-07,0.527,0.039,0.025,0.00262,"LPCAT2"
"MATR3.1",1.41e-07,-0.116,0.209,0.242,0.00263,"MATR3.1"
"SH3BP1",1.41e-07,0.866,0.032,0.019,0.00263,"SH3BP1"
"ELK3",1.41e-07,0.329,0.201,0.169,0.00263,"ELK3"
"WDR26",1.45e-07,0.142,0.617,0.578,0.0027,"WDR26"
"KHK",1.47e-07,0.345,0.108,0.084,0.00273,"KHK"
"UPK3BL1",1.48e-07,0.437,0.036,0.023,0.00275,"UPK3BL1"
"PLCB3",1.51e-07,0.329,0.096,0.074,0.00281,"PLCB3"
"SS18L2",1.53e-07,0.165,0.463,0.422,0.00284,"SS18L2"
"ZNF419",1.56e-07,0.219,0.124,0.098,0.0029,"ZNF419"
"LDB3",1.56e-07,0.774,0.027,0.015,0.00291,"LDB3"
"BCAS2",1.58e-07,0.171,0.529,0.487,0.00294,"BCAS2"
"HAS3",1.6e-07,1.233,0.012,0.005,0.00298,"HAS3"
"TTC5",1.62e-07,0.2,0.374,0.332,0.00301,"TTC5"
"IDH3B",1.64e-07,0.132,0.304,0.262,0.00305,"IDH3B"
"TAF2",1.65e-07,-0.108,0.555,0.578,0.00306,"TAF2"
"CFAP92",1.65e-07,0.37,0.133,0.107,0.00307,"CFAP92"
"ELP2",1.67e-07,-0.103,0.522,0.554,0.00311,"ELP2"
"SF3A1",1.68e-07,0.231,0.324,0.285,0.00313,"SF3A1"
"CHORDC1",1.7e-07,0.195,0.429,0.389,0.00316,"CHORDC1"
"NABP1",1.7e-07,-0.659,0.04,0.056,0.00316,"NABP1"
"AK1",1.7e-07,0.226,0.156,0.127,0.00317,"AK1"
"ZNHIT2",1.73e-07,0.341,0.049,0.033,0.00322,"ZNHIT2"
"STX5",1.78e-07,0.27,0.341,0.303,0.00332,"STX5"
"TRIM44",1.79e-07,0.14,0.755,0.739,0.00334,"TRIM44"
"TYMP",1.8e-07,0.49,0.042,0.028,0.00335,"TYMP"
"ATP6V0A2",1.81e-07,0.191,0.308,0.269,0.00336,"ATP6V0A2"
"CUL9",1.81e-07,0.248,0.145,0.117,0.00336,"CUL9"
"ZNF563",1.84e-07,0.814,0.037,0.024,0.00342,"ZNF563"
"PPM1B",1.85e-07,-0.141,0.604,0.617,0.00344,"PPM1B"
"LRRC8B",1.85e-07,-0.16,0.406,0.433,0.00344,"LRRC8B"
"FBXO6",1.86e-07,0.436,0.083,0.062,0.00347,"FBXO6"
"NSUN7",1.87e-07,0.703,0.043,0.029,0.00348,"NSUN7"
"SLC26A6",1.89e-07,0.966,0.022,0.012,0.00352,"SLC26A6"
"TAF6",1.9e-07,0.261,0.304,0.267,0.00354,"TAF6"
"SEMA6B",1.94e-07,-0.346,0.036,0.052,0.00361,"SEMA6B"
"CNTNAP5",1.96e-07,-1.745,0.006,0.014,0.00364,"CNTNAP5"
"GOPC",1.97e-07,0.151,0.69,0.657,0.00367,"GOPC"
"ZNF490",1.98e-07,0.25,0.242,0.207,0.00368,"ZNF490"
"HDAC10",1.98e-07,0.374,0.072,0.053,0.00368,"HDAC10"
"GLB1L",1.98e-07,0.766,0.029,0.017,0.00369,"GLB1L"
"ZNF445",2.03e-07,-0.115,0.432,0.466,0.00378,"ZNF445"
"CBWD1",2.06e-07,0.225,0.292,0.254,0.00383,"CBWD1"
"ZBTB33",2.07e-07,0.193,0.26,0.224,0.00385,"ZBTB33"
"C2orf68",2.13e-07,0.27,0.274,0.239,0.00396,"C2orf68"
"GGA3",2.14e-07,0.222,0.213,0.179,0.00399,"GGA3"
"PLEKHM1",2.18e-07,0.205,0.177,0.146,0.00405,"PLEKHM1"
"ANGEL2",2.23e-07,0.158,0.416,0.371,0.00415,"ANGEL2"
"ADAM12",2.25e-07,-0.568,0.064,0.045,0.00418,"ADAM12"
"MAX",2.26e-07,0.174,0.521,0.475,0.0042,"MAX"
"DNAJC18",2.27e-07,0.18,0.455,0.411,0.00422,"DNAJC18"
"LINGO1",2.31e-07,-0.651,0.039,0.055,0.00431,"LINGO1"
"CDC37",2.35e-07,0.179,0.466,0.427,0.00438,"CDC37"
"PLEKHF1",2.36e-07,0.715,0.019,0.01,0.00439,"PLEKHF1"
"FAM151B",2.39e-07,0.178,0.114,0.089,0.00446,"FAM151B"
"TRAF3IP2",2.4e-07,0.207,0.369,0.327,0.00447,"TRAF3IP2"
"CDH7",2.41e-07,-1.203,0.007,0.015,0.00448,"CDH7"
"FUT2",2.43e-07,0.97,0.016,0.008,0.00452,"FUT2"
"TRAFD1",2.45e-07,0.168,0.296,0.256,0.00457,"TRAFD1"
"SLC38A9",2.48e-07,-0.18,0.396,0.421,0.00461,"SLC38A9"
"WFDC3",2.54e-07,0.905,0.014,0.006,0.00472,"WFDC3"
"ZNF641",2.57e-07,0.272,0.137,0.111,0.00477,"ZNF641"
"MRPL47",2.59e-07,0.166,0.599,0.568,0.00483,"MRPL47"
"FRZB",2.59e-07,1.694,0.033,0.021,0.00483,"FRZB"
"TGFBR3",2.61e-07,0.24,0.036,0.023,0.00486,"TGFBR3"
"C1orf174",2.65e-07,0.186,0.214,0.18,0.00493,"C1orf174"
"ASPHD2",2.65e-07,0.368,0.057,0.041,0.00493,"ASPHD2"
"MGAT1",2.66e-07,0.248,0.169,0.14,0.00495,"MGAT1"
"POM121",2.69e-07,0.151,0.559,0.518,0.005,"POM121"
"CNPY3",2.72e-07,0.225,0.233,0.198,0.00505,"CNPY3"
"SPG11",2.73e-07,0.178,0.619,0.58,0.00509,"SPG11"
"RNF152",2.74e-07,0.358,0.156,0.129,0.0051,"RNF152"
"EPAS1",2.75e-07,0.962,0.012,0.005,0.00512,"EPAS1"
"GPBP1L1",2.76e-07,0.131,0.575,0.528,0.00513,"GPBP1L1"
"PRPH",2.78e-07,1.245,0.034,0.022,0.00518,"PRPH"
"IGFBP4",2.79e-07,0.415,0.175,0.147,0.0052,"IGFBP4"
"MAMLD1",2.88e-07,0.251,0.21,0.178,0.00536,"MAMLD1"
"STK11IP",2.88e-07,0.29,0.064,0.046,0.00536,"STK11IP"
"TMEM102",2.88e-07,1.38,0.01,0.004,0.00536,"TMEM102"
"MSANTD4",2.88e-07,0.214,0.372,0.333,0.00537,"MSANTD4"
"TMEM94",2.89e-07,0.22,0.239,0.205,0.00537,"TMEM94"
"ZC3H14",2.89e-07,0.17,0.69,0.666,0.00538,"ZC3H14"
"STK35",2.89e-07,-0.157,0.235,0.265,0.00539,"STK35"
"KYAT1",2.97e-07,0.27,0.19,0.159,0.00552,"KYAT1"
"BCAT2",2.98e-07,0.31,0.16,0.133,0.00554,"BCAT2"
"ANKRD54",2.99e-07,0.226,0.215,0.183,0.00557,"ANKRD54"
"SGCG",2.99e-07,1.346,0.04,0.027,0.00557,"SGCG"
"TMEM63B",3.01e-07,0.152,0.288,0.248,0.0056,"TMEM63B"
"TBCE",3.02e-07,0.334,0.065,0.047,0.00562,"TBCE"
"IL20RB",3.04e-07,-0.2,0.095,0.119,0.00565,"IL20RB"
"CEACAM1",3.04e-07,0.58,0.054,0.038,0.00565,"CEACAM1"
"RAB25",3.05e-07,-0.837,0.01,0.019,0.00568,"RAB25"
"CNNM2",3.05e-07,0.206,0.384,0.343,0.00568,"CNNM2"
"PMPCB",3.06e-07,0.163,0.516,0.477,0.0057,"PMPCB"
"PM20D2",3.08e-07,0.229,0.319,0.284,0.00572,"PM20D2"
"CACNA2D2",3.09e-07,-0.881,0.008,0.017,0.00576,"CACNA2D2"
"AFF3",3.11e-07,0.224,0.631,0.584,0.00579,"AFF3"
"TTC39C",3.12e-07,0.169,0.286,0.247,0.0058,"TTC39C"
"ALG5",3.12e-07,0.162,0.445,0.403,0.0058,"ALG5"
"RUVBL2",3.13e-07,0.203,0.3,0.263,0.00583,"RUVBL2"
"AKAP10",3.13e-07,0.133,0.536,0.491,0.00583,"AKAP10"
"ETV2",3.16e-07,0.377,0.036,0.023,0.00589,"ETV2"
"RNF14",3.17e-07,0.185,0.325,0.284,0.00589,"RNF14"
"HIC2",3.17e-07,-0.199,0.17,0.199,0.0059,"HIC2"
"SELPLG",3.2e-07,-0.353,0.029,0.044,0.00596,"SELPLG"
"FARS2",3.22e-07,0.104,0.666,0.619,0.006,"FARS2"
"CDKL1",3.24e-07,-0.121,0.38,0.412,0.00602,"CDKL1"
"MTERF2",3.25e-07,0.199,0.257,0.221,0.00606,"MTERF2"
"GPALPP1",3.27e-07,0.164,0.495,0.454,0.00608,"GPALPP1"
"MRPS10",3.27e-07,0.168,0.414,0.373,0.00609,"MRPS10"
"RBM15",3.29e-07,-0.174,0.166,0.194,0.00611,"RBM15"
"RPA2",3.32e-07,0.229,0.352,0.316,0.00618,"RPA2"
"DIRAS1",3.32e-07,-0.189,0.082,0.105,0.00619,"DIRAS1"
"ENSG00000285708",3.35e-07,0.392,0.047,0.032,0.00623,"ENSG00000285708"
"COMMD2",3.37e-07,0.133,0.629,0.594,0.00627,"COMMD2"
"ARL6",3.45e-07,0.154,0.211,0.178,0.00642,"ARL6"
"RBM42",3.46e-07,0.192,0.346,0.307,0.00643,"RBM42"
"MRPS27",3.46e-07,0.145,0.371,0.328,0.00644,"MRPS27"
"GRPR",3.46e-07,1.089,0.012,0.005,0.00644,"GRPR"
"SPRING1",3.51e-07,0.178,0.362,0.322,0.00654,"SPRING1"
"CDK5RAP1",3.54e-07,0.216,0.287,0.25,0.00659,"CDK5RAP1"
"HINT3",3.57e-07,0.23,0.39,0.353,0.00665,"HINT3"
"PGP",3.58e-07,0.219,0.424,0.39,0.00666,"PGP"
"ZNHIT3",3.6e-07,0.163,0.566,0.528,0.0067,"ZNHIT3"
"STX16",3.63e-07,0.188,0.572,0.537,0.00675,"STX16"
"ZNF287",3.64e-07,0.245,0.162,0.134,0.00678,"ZNF287"
"DMRTA2",3.65e-07,1.092,0.018,0.009,0.0068,"DMRTA2"
"SZRD1",3.76e-07,0.174,0.432,0.389,0.00699,"SZRD1"
"TM6SF1",3.76e-07,-0.125,0.098,0.123,0.007,"TM6SF1"
"SEC61A2",3.8e-07,0.174,0.394,0.352,0.00708,"SEC61A2"
"PCED1A",3.8e-07,0.205,0.111,0.087,0.00708,"PCED1A"
"MFSD6",3.87e-07,-0.106,0.231,0.266,0.00721,"MFSD6"
"SCUBE1",3.9e-07,0.952,0.015,0.007,0.00726,"SCUBE1"
"LRRC42",3.92e-07,0.18,0.409,0.366,0.0073,"LRRC42"
"H4C11",3.99e-07,-0.694,0.018,0.029,0.00743,"H4C11"
"DDX28",4.02e-07,0.266,0.084,0.064,0.00748,"DDX28"
"ENSG00000288894",4.02e-07,-0.368,0.036,0.052,0.00748,"ENSG00000288894"
"WSB1",4.02e-07,0.152,0.961,0.969,0.00749,"WSB1"
"SDHAF1",4.03e-07,0.174,0.152,0.124,0.00751,"SDHAF1"
"KDM5C",4.04e-07,0.195,0.556,0.521,0.00753,"KDM5C"
"COL7A1",4.09e-07,0.901,0.021,0.012,0.00761,"COL7A1"
"SLC22A1",4.12e-07,0.81,0.018,0.009,0.00767,"SLC22A1"
"RBM4B",4.12e-07,-0.16,0.426,0.453,0.00768,"RBM4B"
"RANGRF",4.13e-07,0.225,0.211,0.18,0.00768,"RANGRF"
"DCDC2B",4.21e-07,0.62,0.049,0.034,0.00784,"DCDC2B"
"PHF13",4.26e-07,0.221,0.174,0.144,0.00793,"PHF13"
"RAMAC",4.34e-07,0.308,0.105,0.082,0.00807,"RAMAC"
"SNAP47",4.34e-07,0.238,0.254,0.218,0.00808,"SNAP47"
"ANO8",4.37e-07,-0.137,0.177,0.206,0.00813,"ANO8"
"LSM2",4.4e-07,0.133,0.662,0.641,0.00819,"LSM2"
"COL8A1",4.42e-07,1.643,0.012,0.005,0.00822,"COL8A1"
"HS3ST5",4.43e-07,0.586,0.135,0.111,0.00825,"HS3ST5"
"CNPY1",4.43e-07,0.824,0.015,0.007,0.00825,"CNPY1"
"MTFMT",4.47e-07,0.122,0.27,0.231,0.00832,"MTFMT"
"NIPSNAP1",4.49e-07,0.18,0.345,0.305,0.00836,"NIPSNAP1"
"BAG6",4.5e-07,-0.116,0.382,0.413,0.00838,"BAG6"
"RFFL",4.51e-07,0.416,0.496,0.472,0.00839,"RFFL"
"DAND5",4.51e-07,1.158,0.011,0.005,0.0084,"DAND5"
"TBC1D15",4.52e-07,0.163,0.538,0.506,0.00842,"TBC1D15"
"ANKRD11",4.55e-07,0.121,0.84,0.828,0.00848,"ANKRD11"
"AKR1A1",4.58e-07,0.145,0.447,0.405,0.00853,"AKR1A1"
"HEXIM2",4.61e-07,0.215,0.093,0.071,0.00858,"HEXIM2"
"SCN3A",4.68e-07,-0.155,0.617,0.626,0.00871,"SCN3A"
"SNAPC1",4.69e-07,0.149,0.341,0.299,0.00873,"SNAPC1"
"HIRA",4.79e-07,0.192,0.242,0.207,0.00891,"HIRA"
"CDR2",4.79e-07,0.189,0.315,0.278,0.00891,"CDR2"
"MXRA7",4.87e-07,0.158,0.337,0.298,0.00906,"MXRA7"
"NAA10",4.89e-07,0.192,0.449,0.412,0.00909,"NAA10"
"C16orf91",4.93e-07,0.128,0.248,0.211,0.00917,"C16orf91"
"ZSCAN2",4.94e-07,-0.216,0.119,0.143,0.00919,"ZSCAN2"
"BCL7C",5.06e-07,0.162,0.63,0.606,0.00942,"BCL7C"
"MRPL39",5.08e-07,0.22,0.328,0.29,0.00946,"MRPL39"
"MRPL30",5.11e-07,0.136,0.322,0.282,0.0095,"MRPL30"
"CAPN15",5.11e-07,0.293,0.107,0.084,0.00951,"CAPN15"
"ZNF552",5.12e-07,0.351,0.147,0.121,0.00952,"ZNF552"
"POLR3C",5.16e-07,-0.119,0.241,0.27,0.0096,"POLR3C"
"ZIC2",5.17e-07,0.96,0.013,0.006,0.00963,"ZIC2"
"EDDM13",5.21e-07,0.394,0.064,0.047,0.00969,"EDDM13"
"CFTR",5.22e-07,0.855,0.011,0.005,0.00971,"CFTR"
"MYH3",5.23e-07,0.672,0.029,0.018,0.00973,"MYH3"
"TYW1",5.28e-07,0.2,0.548,0.506,0.00983,"TYW1"
"TRMT13",5.43e-07,0.174,0.359,0.317,0.0101,"TRMT13"
"EHBP1L1",5.47e-07,-0.28,0.04,0.057,0.0102,"EHBP1L1"
"ADCY6",5.49e-07,0.265,0.192,0.162,0.0102,"ADCY6"
"SUMF1",5.58e-07,0.116,0.676,0.63,0.0104,"SUMF1"
"SCUBE2",5.65e-07,0.294,0.101,0.079,0.0105,"SCUBE2"
"GLRB",5.67e-07,-0.575,0.062,0.081,0.0105,"GLRB"
"HESX1",5.73e-07,0.332,0.039,0.026,0.0107,"HESX1"
"TNFRSF13C",5.75e-07,-0.536,0.025,0.038,0.0107,"TNFRSF13C"
"PRR3",5.77e-07,0.214,0.223,0.189,0.0107,"PRR3"
"ENSG00000278963",5.78e-07,-0.343,0.044,0.06,0.0107,"ENSG00000278963"
"TACC2",5.8e-07,0.179,0.381,0.341,0.0108,"TACC2"
"UNC13D",5.93e-07,1.12,0.021,0.012,0.011,"UNC13D"
"SHROOM4",5.97e-07,0.272,0.035,0.023,0.0111,"SHROOM4"
"EPHB6",5.97e-07,0.703,0.025,0.015,0.0111,"EPHB6"
"SELENOI",6e-07,0.145,0.402,0.36,0.0112,"SELENOI"
"GNL3",6.02e-07,0.191,0.437,0.398,0.0112,"GNL3"
"MEGF6",6.05e-07,-0.828,0.004,0.01,0.0113,"MEGF6"
"PPP2R3B",6.09e-07,-0.177,0.158,0.185,0.0113,"PPP2R3B"
"CDS2",6.22e-07,0.157,0.43,0.386,0.0116,"CDS2"
"STT3A",6.27e-07,0.16,0.287,0.25,0.0117,"STT3A"
"GREB1",6.33e-07,0.376,0.069,0.051,0.0118,"GREB1"
"F2",6.35e-07,-0.581,0.01,0.019,0.0118,"F2"
"SYN1",6.36e-07,-0.164,0.048,0.066,0.0118,"SYN1"
"FAM32A",6.45e-07,0.137,0.448,0.408,0.012,"FAM32A"
"YIPF4",6.48e-07,0.176,0.618,0.584,0.0121,"YIPF4"
"ENSG00000284024",6.49e-07,0.358,0.11,0.087,0.0121,"ENSG00000284024"
"ZNF687",6.51e-07,0.277,0.078,0.059,0.0121,"ZNF687"
"MED25",6.54e-07,0.27,0.204,0.174,0.0122,"MED25"
"VEGFC",6.65e-07,0.901,0.011,0.005,0.0124,"VEGFC"
"LSM6",6.73e-07,-0.101,0.534,0.56,0.0125,"LSM6"
"HADH",6.76e-07,0.16,0.371,0.331,0.0126,"HADH"
"TIGD1",6.81e-07,0.365,0.104,0.082,0.0127,"TIGD1"
"RECK",6.83e-07,-0.169,0.411,0.435,0.0127,"RECK"
"SCAMP3",6.93e-07,0.206,0.262,0.227,0.0129,"SCAMP3"
"BAK1",6.95e-07,0.395,0.053,0.037,0.0129,"BAK1"
"GTF2H2C",7.06e-07,0.165,0.351,0.313,0.0131,"GTF2H2C"
"RIBC1",7.14e-07,0.755,0.027,0.016,0.0133,"RIBC1"
"AZIN1",7.15e-07,0.159,0.616,0.587,0.0133,"AZIN1"
"PRPF39",7.15e-07,-0.115,0.397,0.427,0.0133,"PRPF39"
"KANSL3",7.2e-07,-0.107,0.317,0.347,0.0134,"KANSL3"
"TNFRSF25",7.28e-07,0.672,0.028,0.017,0.0135,"TNFRSF25"
"NGEF",7.44e-07,-1.774,0.004,0.011,0.0138,"NGEF"
"COL14A1",7.46e-07,1.443,0.019,0.01,0.0139,"COL14A1"
"MNT",7.47e-07,0.23,0.163,0.135,0.0139,"MNT"
"PDGFRL",7.5e-07,0.763,0.016,0.008,0.014,"PDGFRL"
"SLC35B2",7.52e-07,0.151,0.226,0.192,0.014,"SLC35B2"
"C1orf50",7.65e-07,0.142,0.287,0.25,0.0142,"C1orf50"
"USP38",7.66e-07,0.182,0.321,0.283,0.0142,"USP38"
"IFT27",7.67e-07,0.167,0.341,0.302,0.0143,"IFT27"
"HDAC7",7.7e-07,0.157,0.186,0.155,0.0143,"HDAC7"
"CCDC174",7.72e-07,0.149,0.358,0.317,0.0144,"CCDC174"
"KMT5C",7.83e-07,-0.227,0.141,0.167,0.0146,"KMT5C"
"UBE4A",7.83e-07,0.158,0.461,0.418,0.0146,"UBE4A"
"PAPPA2",7.85e-07,0.444,0.032,0.021,0.0146,"PAPPA2"
"WNT9A",7.88e-07,-0.648,0.012,0.021,0.0147,"WNT9A"
"DEDD2",7.95e-07,0.279,0.11,0.087,0.0148,"DEDD2"
"UFM1",8.07e-07,0.158,0.602,0.575,0.015,"UFM1"
"BACE2",8.25e-07,-0.715,0.031,0.045,0.0154,"BACE2"
"ATAD3B",8.26e-07,0.377,0.087,0.067,0.0154,"ATAD3B"
"COL25A1",8.33e-07,1.129,0.018,0.009,0.0155,"COL25A1"
"LRP8",8.34e-07,-0.179,0.336,0.365,0.0155,"LRP8"
"SP5",8.34e-07,-1.025,0.024,0.036,0.0155,"SP5"
"TARS2",8.38e-07,0.162,0.144,0.117,0.0156,"TARS2"
"SEC13",8.38e-07,0.162,0.516,0.48,0.0156,"SEC13"
"ZNF585B",8.45e-07,0.238,0.264,0.229,0.0157,"ZNF585B"
"SLC7A3",8.47e-07,-0.625,0.011,0.02,0.0158,"SLC7A3"
"PCDHGA8",8.47e-07,0.493,0.067,0.05,0.0158,"PCDHGA8"
"RPP25",8.48e-07,-0.445,0.029,0.042,0.0158,"RPP25"
"SPINDOC",8.56e-07,-0.234,0.222,0.248,0.0159,"SPINDOC"
"PSD2",8.59e-07,0.567,0.092,0.072,0.016,"PSD2"
"HYAL3",8.62e-07,0.932,0.014,0.007,0.016,"HYAL3"
"CORO2A",8.76e-07,-0.925,0.008,0.016,0.0163,"CORO2A"
"IL27RA",8.85e-07,0.366,0.029,0.018,0.0165,"IL27RA"
"SSC4D",8.9e-07,0.87,0.01,0.004,0.0166,"SSC4D"
"SPDYA",8.98e-07,-0.151,0.205,0.235,0.0167,"SPDYA"
"TVP23B",9.06e-07,0.187,0.201,0.17,0.0169,"TVP23B"
"DONSON",9.08e-07,-0.192,0.261,0.288,0.0169,"DONSON"
"SPDYE2",9.08e-07,0.388,0.127,0.102,0.0169,"SPDYE2"
"SLC35B3",9.1e-07,0.181,0.286,0.248,0.0169,"SLC35B3"
"GANAB",9.11e-07,0.188,0.425,0.388,0.0169,"GANAB"
"DAGLB",9.11e-07,-0.103,0.192,0.221,0.017,"DAGLB"
"APPL2",9.11e-07,0.153,0.616,0.578,0.017,"APPL2"
"BCL2L2-PABPN1",9.19e-07,0.339,0.132,0.108,0.0171,"BCL2L2-PABPN1"
"CA9",9.22e-07,1.558,0.012,0.006,0.0172,"CA9"
"METTL13",9.25e-07,0.163,0.145,0.118,0.0172,"METTL13"
"ARMCX4",9.36e-07,0.14,0.388,0.344,0.0174,"ARMCX4"
"ZNF283",9.36e-07,-0.477,0.03,0.044,0.0174,"ZNF283"
"SRP68",9.41e-07,0.188,0.322,0.285,0.0175,"SRP68"
"FKBPL",9.42e-07,-0.41,0.065,0.084,0.0175,"FKBPL"
"UBALD1",9.46e-07,0.303,0.132,0.108,0.0176,"UBALD1"
"LRFN1",9.5e-07,0.484,0.053,0.038,0.0177,"LRFN1"
"MMADHC",9.52e-07,-0.118,0.53,0.55,0.0177,"MMADHC"
"SLC8A3",9.57e-07,-0.464,0.011,0.021,0.0178,"SLC8A3"
"UACA",9.64e-07,0.131,0.175,0.145,0.0179,"UACA"
"TAF1A",9.7e-07,-0.203,0.16,0.186,0.018,"TAF1A"
"DBNL",9.7e-07,0.16,0.335,0.296,0.0181,"DBNL"
"RHOU",9.72e-07,-0.423,0.053,0.07,0.0181,"RHOU"
"SLC35C1",9.73e-07,0.212,0.054,0.039,0.0181,"SLC35C1"
"ARHGAP39",9.79e-07,0.184,0.35,0.31,0.0182,"ARHGAP39"
"NCKAP5L",9.81e-07,0.186,0.267,0.232,0.0183,"NCKAP5L"
"CD99L2",9.82e-07,0.163,0.499,0.455,0.0183,"CD99L2"
"GTPBP1",9.92e-07,-0.112,0.292,0.323,0.0185,"GTPBP1"
"ST3GAL3",9.94e-07,-0.173,0.527,0.54,0.0185,"ST3GAL3"
"DUS2",1.01e-06,0.242,0.162,0.134,0.0188,"DUS2"
"RPUSD1",1.01e-06,0.265,0.083,0.063,0.0188,"RPUSD1"
"MICALL1",1.01e-06,0.382,0.105,0.083,0.0189,"MICALL1"
"CFAP410",1.02e-06,0.171,0.165,0.137,0.0189,"CFAP410"
"CDKN2B",1.02e-06,0.735,0.046,0.032,0.0189,"CDKN2B"
"L3MBTL4",1.02e-06,0.389,0.332,0.297,0.0189,"L3MBTL4"
"LEMD3",1.02e-06,-0.153,0.483,0.506,0.0191,"LEMD3"
"ZNF773",1.03e-06,0.263,0.092,0.072,0.0191,"ZNF773"
"HARS2",1.03e-06,0.256,0.161,0.134,0.0192,"HARS2"
"DGKB",1.03e-06,-0.187,0.554,0.481,0.0192,"DGKB"
"ZDHHC9",1.04e-06,0.149,0.245,0.209,0.0193,"ZDHHC9"
"CAB39L",1.04e-06,-0.165,0.415,0.44,0.0194,"CAB39L"
"NANOS1",1.04e-06,-0.263,0.074,0.095,0.0194,"NANOS1"
"ADGRA3",1.05e-06,-0.164,0.622,0.628,0.0195,"ADGRA3"
"APOM",1.05e-06,0.312,0.104,0.082,0.0195,"APOM"
"ATP6V1B2",1.05e-06,0.176,0.375,0.337,0.0196,"ATP6V1B2"
"MAP3K12",1.05e-06,0.258,0.249,0.216,0.0196,"MAP3K12"
"OPRM1",1.06e-06,0.361,0.017,0.009,0.0197,"OPRM1"
"CBFA2T3",1.06e-06,-0.202,0.054,0.072,0.0198,"CBFA2T3"
"PYGM",1.07e-06,0.86,0.032,0.02,0.0198,"PYGM"
"ZFP41",1.08e-06,0.369,0.073,0.055,0.02,"ZFP41"
"WDR11",1.08e-06,0.19,0.452,0.411,0.0201,"WDR11"
"LDLR",1.08e-06,0.235,0.303,0.271,0.0201,"LDLR"
"FAM156A",1.08e-06,0.309,0.132,0.108,0.0202,"FAM156A"
"GJB7",1.09e-06,-0.365,0.035,0.049,0.0202,"GJB7"
"ZNF75D",1.09e-06,0.149,0.2,0.169,0.0204,"ZNF75D"
"SLIRP",1.11e-06,0.129,0.731,0.724,0.0207,"SLIRP"
"ZNF134",1.12e-06,0.233,0.208,0.178,0.0208,"ZNF134"
"MCAT",1.12e-06,0.257,0.143,0.116,0.0208,"MCAT"
"SULF2",1.12e-06,0.499,0.111,0.09,0.0209,"SULF2"
"LPIN1",1.12e-06,0.225,0.352,0.317,0.0209,"LPIN1"
"ZDHHC11B",1.12e-06,0.228,0.129,0.105,0.0209,"ZDHHC11B"
"RTL8B",1.13e-06,0.174,0.142,0.116,0.021,"RTL8B"
"TSN",1.13e-06,0.172,0.519,0.486,0.0211,"TSN"
"NACAD",1.14e-06,0.307,0.135,0.111,0.0212,"NACAD"
"MYPOP",1.14e-06,0.335,0.112,0.09,0.0213,"MYPOP"
"TIMM8A",1.14e-06,0.183,0.119,0.095,0.0213,"TIMM8A"
"CHFR",1.15e-06,0.205,0.362,0.322,0.0215,"CHFR"
"LDHA",1.17e-06,0.214,0.19,0.162,0.0218,"LDHA"
"EXOSC10",1.18e-06,-0.128,0.372,0.399,0.0219,"EXOSC10"
"PYCR3",1.18e-06,0.382,0.05,0.035,0.0219,"PYCR3"
"ZDHHC7",1.18e-06,0.265,0.195,0.165,0.022,"ZDHHC7"
"CCDC62",1.19e-06,0.322,0.065,0.048,0.0221,"CCDC62"
"CRTC1",1.19e-06,0.224,0.353,0.316,0.0222,"CRTC1"
"SH2D3C",1.2e-06,-0.258,0.032,0.046,0.0223,"SH2D3C"
"FRMPD1",1.21e-06,-0.539,0.015,0.026,0.0226,"FRMPD1"
"GNRH1",1.22e-06,-0.499,0.02,0.031,0.0227,"GNRH1"
"SNRPA",1.23e-06,-0.188,0.405,0.425,0.023,"SNRPA"
"GTF2H1",1.24e-06,0.195,0.435,0.393,0.023,"GTF2H1"
"ZNF429",1.24e-06,0.158,0.431,0.39,0.0231,"ZNF429"
"FBXL15",1.25e-06,0.125,0.186,0.156,0.0233,"FBXL15"
"ZNF571",1.26e-06,0.219,0.199,0.168,0.0235,"ZNF571"
"CACYBP",1.27e-06,0.15,0.645,0.625,0.0237,"CACYBP"
"PABIR3",1.28e-06,-0.24,0.193,0.218,0.0239,"PABIR3"
"PSMG3",1.29e-06,0.179,0.319,0.281,0.024,"PSMG3"
"OPA3",1.29e-06,0.197,0.199,0.167,0.0241,"OPA3"
"PKD1",1.3e-06,0.315,0.241,0.211,0.0241,"PKD1"
"SAP30L",1.3e-06,0.216,0.311,0.274,0.0242,"SAP30L"
"PTPN2",1.31e-06,0.152,0.354,0.316,0.0243,"PTPN2"
"SSC5D",1.32e-06,1.09,0.018,0.01,0.0246,"SSC5D"
"FAM43A",1.32e-06,0.482,0.017,0.009,0.0246,"FAM43A"
"TECPR1",1.33e-06,0.276,0.248,0.217,0.0247,"TECPR1"
"THAP4",1.33e-06,0.188,0.244,0.211,0.0248,"THAP4"
"KHNYN",1.34e-06,0.499,0.063,0.047,0.0249,"KHNYN"
"CCM2",1.34e-06,-0.121,0.487,0.507,0.0249,"CCM2"
"CUL7",1.35e-06,0.301,0.069,0.051,0.0251,"CUL7"
"DCUN1D2",1.35e-06,-0.156,0.263,0.291,0.0251,"DCUN1D2"
"H4C2",1.36e-06,-1.302,0.006,0.013,0.0254,"H4C2"
"CBLN1",1.39e-06,-0.784,0.006,0.013,0.0258,"CBLN1"
"SRD5A3",1.39e-06,0.238,0.138,0.113,0.0258,"SRD5A3"
"TRIP10",1.39e-06,0.315,0.102,0.08,0.026,"TRIP10"
"KIAA0513",1.4e-06,0.312,0.103,0.082,0.0261,"KIAA0513"
"DSCC1",1.4e-06,-0.202,0.154,0.18,0.0261,"DSCC1"
"FBXL18",1.41e-06,0.307,0.219,0.188,0.0263,"FBXL18"
"SAP130",1.42e-06,-0.123,0.427,0.454,0.0264,"SAP130"
"PGS1",1.42e-06,0.169,0.213,0.18,0.0265,"PGS1"
"DAPK3",1.43e-06,0.187,0.231,0.199,0.0267,"DAPK3"
"NADSYN1",1.46e-06,0.324,0.172,0.144,0.0271,"NADSYN1"
"THEM6",1.46e-06,0.326,0.086,0.067,0.0271,"THEM6"
"ZNF319",1.47e-06,0.386,0.069,0.052,0.0273,"ZNF319"
"MROH6",1.48e-06,0.98,0.015,0.008,0.0275,"MROH6"
"PRKACA",1.49e-06,0.184,0.295,0.259,0.0277,"PRKACA"
"DDX18",1.5e-06,0.166,0.579,0.549,0.0278,"DDX18"
"HIF3A",1.51e-06,0.34,0.127,0.104,0.0281,"HIF3A"
"RAD21",1.52e-06,-0.296,0.836,0.826,0.0282,"RAD21"
"TNFSF13B",1.53e-06,0.302,0.064,0.048,0.0285,"TNFSF13B"
"PET117",1.53e-06,0.207,0.138,0.113,0.0285,"PET117"
"ENSA",1.54e-06,0.152,0.678,0.657,0.0288,"ENSA"
"SPDYE10",1.55e-06,0.445,0.095,0.075,0.0288,"SPDYE10"
"TFB1M",1.55e-06,0.173,0.334,0.296,0.0289,"TFB1M"
"WWC3",1.55e-06,0.17,0.379,0.34,0.0289,"WWC3"
"ENSG00000267645",1.56e-06,0.379,0.079,0.06,0.029,"ENSG00000267645"
"PPP2R5B",1.56e-06,0.323,0.124,0.101,0.029,"PPP2R5B"
"C2orf92",1.56e-06,0.407,0.072,0.054,0.0291,"C2orf92"
"UTP15",1.57e-06,0.273,0.112,0.09,0.0293,"UTP15"
"ZBTB42",1.57e-06,0.908,0.02,0.012,0.0293,"ZBTB42"
"CSNK2A2",1.58e-06,0.149,0.536,0.501,0.0294,"CSNK2A2"
"NDUFAF6",1.61e-06,-0.155,0.565,0.569,0.0299,"NDUFAF6"
"PPME1",1.61e-06,-0.113,0.596,0.619,0.0299,"PPME1"
"EPHA10",1.62e-06,-0.941,0.007,0.015,0.0302,"EPHA10"
"CAMKK2",1.63e-06,-0.139,0.302,0.329,0.0303,"CAMKK2"
"PREB",1.63e-06,0.216,0.109,0.086,0.0303,"PREB"
"TARS3",1.63e-06,0.139,0.358,0.319,0.0304,"TARS3"
"ENSG00000289690",1.65e-06,0.662,0.02,0.012,0.0306,"ENSG00000289690"
"ST3GAL2",1.65e-06,0.22,0.317,0.281,0.0307,"ST3GAL2"
"ENSG00000289346",1.65e-06,0.236,0.339,0.302,0.0307,"ENSG00000289346"
"RNF41",1.65e-06,0.15,0.298,0.262,0.0307,"RNF41"
"SLC37A1",1.66e-06,-0.267,0.126,0.15,0.031,"SLC37A1"
"MGAT5",1.66e-06,-0.106,0.614,0.628,0.031,"MGAT5"
"ACOX3",1.67e-06,0.146,0.234,0.199,0.0311,"ACOX3"
"THAP2",1.67e-06,0.163,0.36,0.32,0.0311,"THAP2"
"USP37",1.67e-06,-0.133,0.474,0.498,0.0312,"USP37"
"GPRIN3",1.68e-06,0.745,0.014,0.007,0.0312,"GPRIN3"
"ZIC1",1.69e-06,0.352,0.273,0.243,0.0314,"ZIC1"
"AIP",1.7e-06,0.165,0.348,0.312,0.0317,"AIP"
"BMI1",1.71e-06,-0.127,0.351,0.379,0.0318,"BMI1"
"USP20",1.72e-06,0.254,0.173,0.145,0.032,"USP20"
"FCF1",1.72e-06,0.135,0.238,0.204,0.032,"FCF1"
"POLR1A",1.72e-06,0.188,0.336,0.3,0.0321,"POLR1A"
"EIF2B5",1.73e-06,0.239,0.188,0.16,0.0322,"EIF2B5"
"CCDC90B",1.75e-06,0.125,0.589,0.559,0.0325,"CCDC90B"
"ICA1L",1.77e-06,0.184,0.581,0.545,0.0329,"ICA1L"
"TAB2",1.77e-06,0.182,0.733,0.706,0.0329,"TAB2"
"SPATA33",1.79e-06,0.248,0.212,0.182,0.0333,"SPATA33"
"EAPP",1.79e-06,0.112,0.601,0.559,0.0334,"EAPP"
"DNAAF10",1.8e-06,0.197,0.235,0.203,0.0334,"DNAAF10"
"INPP5B",1.8e-06,0.159,0.241,0.208,0.0334,"INPP5B"
"AASDH",1.8e-06,0.174,0.514,0.477,0.0335,"AASDH"
"ABHD5",1.8e-06,0.141,0.283,0.244,0.0336,"ABHD5"
"SDR39U1",1.8e-06,0.163,0.315,0.279,0.0336,"SDR39U1"
"ABCB7",1.81e-06,0.136,0.523,0.482,0.0337,"ABCB7"
"RAB28",1.82e-06,-0.172,0.629,0.635,0.0339,"RAB28"
"KCTD20",1.83e-06,0.164,0.57,0.544,0.0341,"KCTD20"
"CS",1.84e-06,0.202,0.441,0.406,0.0342,"CS"
"ASCC3",1.84e-06,0.165,0.635,0.592,0.0343,"ASCC3"
"POLD3",1.84e-06,-0.23,0.365,0.385,0.0343,"POLD3"
"MED21",1.85e-06,0.153,0.481,0.445,0.0344,"MED21"
"ALDH1B1",1.86e-06,0.439,0.058,0.043,0.0347,"ALDH1B1"
"TMEM191C",1.87e-06,0.918,0.02,0.011,0.0348,"TMEM191C"
"MRPL51",1.88e-06,0.107,0.795,0.79,0.035,"MRPL51"
"PLEKHH1",1.9e-06,0.211,0.07,0.052,0.0354,"PLEKHH1"
"CLDN5",1.92e-06,0.631,0.06,0.045,0.0358,"CLDN5"
"SHROOM2",1.93e-06,0.223,0.159,0.132,0.0359,"SHROOM2"
"ZNF160",1.94e-06,0.151,0.354,0.313,0.036,"ZNF160"
"GABRQ",1.94e-06,-0.844,0.012,0.021,0.0361,"GABRQ"
"PLXNC1",1.95e-06,-0.194,0.486,0.502,0.0364,"PLXNC1"
"UGGT2",1.96e-06,0.124,0.682,0.634,0.0364,"UGGT2"
"SMIM13",1.96e-06,0.152,0.32,0.281,0.0365,"SMIM13"
"ZNF500",2.03e-06,0.215,0.141,0.116,0.0378,"ZNF500"
"ISY1",2.04e-06,0.183,0.205,0.175,0.038,"ISY1"
"SLC20A1",2.05e-06,-0.237,0.308,0.33,0.0381,"SLC20A1"
"SCN5A",2.05e-06,-0.842,0.011,0.02,0.0382,"SCN5A"
"HEMK1",2.06e-06,0.396,0.101,0.081,0.0383,"HEMK1"
"SHANK3",2.09e-06,0.34,0.089,0.069,0.039,"SHANK3"
"SLC27A3",2.12e-06,0.61,0.045,0.032,0.0395,"SLC27A3"
"SLC39A9",2.13e-06,-0.115,0.431,0.456,0.0396,"SLC39A9"
"SLC7A6OS",2.13e-06,0.164,0.309,0.272,0.0397,"SLC7A6OS"
"THAP3",2.14e-06,0.226,0.178,0.15,0.0399,"THAP3"
"AGBL5",2.15e-06,0.275,0.25,0.218,0.0399,"AGBL5"
"ACMSD",2.15e-06,-0.197,0.061,0.079,0.0399,"ACMSD"
"RNF40",2.16e-06,0.154,0.283,0.248,0.0401,"RNF40"
"TRIM27",2.17e-06,0.224,0.307,0.273,0.0404,"TRIM27"
"TMEM130",2.18e-06,-0.48,0.012,0.021,0.0407,"TMEM130"
"NXNL2",2.2e-06,1.085,0.013,0.006,0.0409,"NXNL2"
"SENP8",2.22e-06,0.111,0.15,0.123,0.0413,"SENP8"
"GTF2A1",2.23e-06,0.147,0.44,0.401,0.0416,"GTF2A1"
"DCUN1D3",2.24e-06,0.332,0.085,0.066,0.0416,"DCUN1D3"
"POLR2J3",2.24e-06,0.64,0.041,0.028,0.0417,"POLR2J3"
"COPS2",2.25e-06,0.171,0.594,0.569,0.0418,"COPS2"
"DMPK",2.27e-06,0.2,0.146,0.121,0.0422,"DMPK"
"SMKR1",2.28e-06,0.293,0.046,0.032,0.0424,"SMKR1"
"ZFR",2.31e-06,0.108,0.852,0.843,0.043,"ZFR"
"ANGEL1",2.31e-06,0.282,0.148,0.123,0.043,"ANGEL1"
"ENSG00000279122",2.33e-06,1.574,0.01,0.004,0.0434,"ENSG00000279122"
"SLC35F5",2.35e-06,0.135,0.502,0.462,0.0437,"SLC35F5"
"ERBB3",2.38e-06,1.477,0.015,0.008,0.0444,"ERBB3"
"MCM5",2.39e-06,-0.402,0.112,0.134,0.0445,"MCM5"
"ENSG00000279319",2.4e-06,-0.267,0.043,0.058,0.0447,"ENSG00000279319"
"GAS2",2.41e-06,0.195,0.047,0.033,0.0448,"GAS2"
"RPF1",2.41e-06,0.18,0.321,0.285,0.0448,"RPF1"
"ZNF646",2.41e-06,-0.283,0.101,0.123,0.0449,"ZNF646"
"PAPOLG",2.42e-06,-0.137,0.314,0.344,0.045,"PAPOLG"
"TSEN54",2.46e-06,0.32,0.179,0.152,0.0457,"TSEN54"
"ZNF583",2.47e-06,-0.126,0.37,0.398,0.0459,"ZNF583"
"PA2G4",2.48e-06,0.111,0.661,0.632,0.0461,"PA2G4"
"IFI27",2.53e-06,0.348,0.046,0.032,0.047,"IFI27"
"ACER2",2.53e-06,-0.295,0.074,0.093,0.047,"ACER2"
"RNF125",2.58e-06,1.018,0.012,0.006,0.048,"RNF125"
"DIMT1",2.58e-06,0.246,0.391,0.356,0.048,"DIMT1"
"DHRS11",2.58e-06,0.237,0.079,0.06,0.0481,"DHRS11"
"C18orf32",2.6e-06,0.133,0.404,0.363,0.0484,"C18orf32"
"CCDC154",2.61e-06,0.954,0.014,0.007,0.0485,"CCDC154"
"NAAA",2.64e-06,0.4,0.042,0.029,0.0491,"NAAA"
"SLC35E4",2.67e-06,0.237,0.124,0.1,0.0497,"SLC35E4"
"TM9SF1",2.69e-06,0.36,0.071,0.054,0.0502,"TM9SF1"
"SAMD4B",2.71e-06,0.204,0.539,0.511,0.0504,"SAMD4B"
"POU4F1",2.71e-06,-1.534,0.005,0.012,0.0504,"POU4F1"
"SLC44A2",2.75e-06,0.223,0.275,0.242,0.0512,"SLC44A2"
"PMAIP1",2.78e-06,-0.213,0.043,0.058,0.0518,"PMAIP1"
"ZNF660",2.79e-06,-0.199,0.267,0.293,0.052,"ZNF660"
"ARHGAP44",2.81e-06,-0.354,0.049,0.066,0.0524,"ARHGAP44"
"OLFML2B",2.85e-06,0.842,0.015,0.007,0.053,"OLFML2B"
"ZNF513",2.85e-06,0.214,0.096,0.075,0.0531,"ZNF513"
"FDFT1",2.88e-06,0.185,0.601,0.594,0.0536,"FDFT1"
"HLF",2.88e-06,0.969,0.025,0.015,0.0536,"HLF"
"ELL2",2.89e-06,0.36,0.04,0.027,0.0538,"ELL2"
"PIP5K1B",2.89e-06,0.312,0.313,0.357,0.0539,"PIP5K1B"
"RDH13",2.9e-06,0.332,0.102,0.082,0.0541,"RDH13"
"PUS3",2.92e-06,0.292,0.124,0.101,0.0544,"PUS3"
"TACO1",2.93e-06,0.471,0.026,0.016,0.0545,"TACO1"
"RAD52",2.94e-06,0.226,0.369,0.332,0.0548,"RAD52"
"MRPS31",2.94e-06,0.146,0.514,0.477,0.0548,"MRPS31"
"FGF7",2.97e-06,1.061,0.012,0.006,0.0552,"FGF7"
"NUDCD1",2.98e-06,-0.177,0.307,0.332,0.0554,"NUDCD1"
"TTI1",2.98e-06,-0.177,0.244,0.269,0.0555,"TTI1"
"KCNH2",2.99e-06,-0.281,0.035,0.049,0.0557,"KCNH2"
"ARFGEF1",2.99e-06,-0.106,0.717,0.731,0.0557,"ARFGEF1"
"MTRF1",3e-06,0.234,0.215,0.186,0.0558,"MTRF1"
"ACP1",3.01e-06,0.145,0.602,0.584,0.0559,"ACP1"
"GABPA",3.01e-06,0.177,0.385,0.349,0.056,"GABPA"
"MYL12B",3.02e-06,0.152,0.869,0.884,0.0561,"MYL12B"
"DERL3",3.04e-06,0.52,0.032,0.02,0.0566,"DERL3"
"CHST12",3.06e-06,0.259,0.184,0.157,0.057,"CHST12"
"TBC1D22A",3.08e-06,-0.122,0.601,0.614,0.0574,"TBC1D22A"
"RAP2A",3.13e-06,0.168,0.673,0.653,0.0583,"RAP2A"
"DPP3",3.18e-06,0.177,0.146,0.12,0.0591,"DPP3"
"ORMDL3",3.19e-06,0.317,0.159,0.134,0.0594,"ORMDL3"
"ZSCAN9",3.25e-06,-0.163,0.269,0.296,0.0605,"ZSCAN9"
"SLC26A1",3.29e-06,0.716,0.017,0.009,0.0612,"SLC26A1"
"VIPR2",3.32e-06,-0.425,0.021,0.032,0.0618,"VIPR2"
"PYROXD2",3.36e-06,0.688,0.02,0.011,0.0625,"PYROXD2"
"DVL2",3.39e-06,0.217,0.233,0.201,0.0631,"DVL2"
"SCARF1",3.39e-06,1.369,0.01,0.004,0.0631,"SCARF1"
"RWDD4",3.41e-06,0.169,0.413,0.375,0.0635,"RWDD4"
"NKIRAS1",3.42e-06,0.185,0.383,0.346,0.0636,"NKIRAS1"
"CSNK1G1",3.45e-06,0.163,0.438,0.396,0.0642,"CSNK1G1"
"KBTBD11",3.47e-06,0.293,0.198,0.17,0.0645,"KBTBD11"
"ANKZF1",3.48e-06,0.271,0.204,0.177,0.0648,"ANKZF1"
"ZNF7",3.5e-06,0.25,0.209,0.179,0.0652,"ZNF7"
"TCOF1",3.54e-06,-0.227,0.212,0.237,0.0659,"TCOF1"
"OGFR",3.54e-06,0.13,0.291,0.256,0.0659,"OGFR"
"UTP14A",3.56e-06,0.236,0.216,0.185,0.0662,"UTP14A"
"LINS1",3.56e-06,0.213,0.28,0.246,0.0663,"LINS1"
"EBP",3.6e-06,0.2,0.281,0.25,0.067,"EBP"
"ITGA1",3.61e-06,0.445,0.033,0.022,0.0672,"ITGA1"
"CCNC",3.62e-06,0.194,0.526,0.487,0.0673,"CCNC"
"SLC8B1",3.63e-06,0.36,0.052,0.037,0.0676,"SLC8B1"
"MCOLN1",3.65e-06,0.191,0.153,0.127,0.0679,"MCOLN1"
"NDST2",3.67e-06,0.861,0.012,0.005,0.0682,"NDST2"
"HMSD",3.67e-06,1.183,0.011,0.005,0.0684,"HMSD"
"LIN7B",3.69e-06,0.181,0.178,0.151,0.0687,"LIN7B"
"DDX10",3.75e-06,-0.108,0.458,0.483,0.0697,"DDX10"
"DCLRE1B",3.78e-06,-0.338,0.085,0.105,0.0703,"DCLRE1B"
"PIK3R2",3.78e-06,0.155,0.123,0.1,0.0704,"PIK3R2"
"STIMATE",3.79e-06,0.21,0.177,0.149,0.0706,"STIMATE"
"CHD5",3.82e-06,-0.454,0.021,0.033,0.071,"CHD5"
"NOXRED1",3.83e-06,0.466,0.074,0.057,0.0713,"NOXRED1"
"NPB",3.84e-06,0.28,0.092,0.073,0.0715,"NPB"
"POC5",3.86e-06,-0.208,0.208,0.233,0.0718,"POC5"
"HDHD5",3.86e-06,0.208,0.436,0.401,0.0719,"HDHD5"
"SIRT7",3.91e-06,0.237,0.177,0.15,0.0727,"SIRT7"
"RPAP2",3.93e-06,0.12,0.72,0.683,0.0731,"RPAP2"
"FCHO1",3.95e-06,-0.178,0.094,0.115,0.0735,"FCHO1"
"GNB5",3.96e-06,-0.105,0.393,0.421,0.0736,"GNB5"
"PAPLN",3.96e-06,0.57,0.035,0.023,0.0737,"PAPLN"
"ERAL1",3.96e-06,0.206,0.176,0.149,0.0738,"ERAL1"
"EIF2S1",3.97e-06,0.167,0.547,0.519,0.074,"EIF2S1"
"ZNF2",4e-06,0.234,0.088,0.069,0.0745,"ZNF2"
"EFNB3",4.04e-06,0.213,0.192,0.163,0.0753,"EFNB3"
"CHTF18",4.08e-06,-0.467,0.048,0.063,0.0759,"CHTF18"
"PDPK1",4.09e-06,0.178,0.402,0.366,0.0761,"PDPK1"
"CLCN2",4.09e-06,0.177,0.075,0.057,0.0762,"CLCN2"
"TIGD2",4.1e-06,0.556,0.038,0.026,0.0764,"TIGD2"
"ASB7",4.1e-06,0.13,0.231,0.198,0.0764,"ASB7"
"EFCAB13",4.12e-06,0.408,0.071,0.055,0.0768,"EFCAB13"
"ATG16L2",4.13e-06,0.345,0.156,0.131,0.0769,"ATG16L2"
"PLEKHA1",4.14e-06,-0.128,0.368,0.397,0.0771,"PLEKHA1"
"TALDO1",4.15e-06,0.125,0.738,0.726,0.0772,"TALDO1"
"ZNF805",4.22e-06,0.233,0.203,0.174,0.0785,"ZNF805"
"DOHH",4.24e-06,0.228,0.112,0.09,0.0789,"DOHH"
"PFDN1",4.27e-06,0.15,0.641,0.61,0.0794,"PFDN1"
"C12orf60",4.28e-06,0.152,0.062,0.047,0.0797,"C12orf60"
"MX1",4.29e-06,1.688,0.012,0.006,0.0799,"MX1"
"ZNF594",4.31e-06,0.229,0.213,0.183,0.0802,"ZNF594"
"TAF6L",4.32e-06,0.237,0.113,0.091,0.0804,"TAF6L"
"CENPVL3",4.36e-06,0.706,0.019,0.011,0.0811,"CENPVL3"
"ZNF135",4.42e-06,-0.153,0.166,0.191,0.0823,"ZNF135"
"EGLN1",4.42e-06,0.134,0.559,0.514,0.0824,"EGLN1"
"TESK1",4.44e-06,0.179,0.112,0.09,0.0826,"TESK1"
"OBSCN",4.46e-06,-0.153,0.141,0.166,0.0831,"OBSCN"
"NBAS",4.47e-06,0.121,0.756,0.731,0.0832,"NBAS"
"MRPS18C",4.47e-06,0.139,0.515,0.481,0.0832,"MRPS18C"
"ZNF774",4.48e-06,0.351,0.065,0.049,0.0835,"ZNF774"
"MMP25",4.5e-06,0.942,0.028,0.018,0.0838,"MMP25"
"ZNF117",4.61e-06,-0.164,0.318,0.342,0.0857,"ZNF117"
"C14orf132",4.64e-06,0.178,0.559,0.526,0.0864,"C14orf132"
"PRDM4",4.65e-06,-0.142,0.263,0.291,0.0866,"PRDM4"
"RASSF1",4.65e-06,-0.187,0.125,0.147,0.0866,"RASSF1"
"MTUS2",4.65e-06,-0.541,0.014,0.023,0.0866,"MTUS2"
"TTC31",4.69e-06,0.305,0.123,0.101,0.0872,"TTC31"
"TRPT1",4.69e-06,0.184,0.209,0.179,0.0873,"TRPT1"
"ROBO1",4.74e-06,-0.882,0.711,0.704,0.0882,"ROBO1"
"ZNF426",4.74e-06,0.143,0.32,0.283,0.0882,"ZNF426"
"RMDN2",4.76e-06,0.191,0.09,0.071,0.0886,"RMDN2"
"MEF2C",4.78e-06,-0.129,0.543,0.496,0.089,"MEF2C"
"MPST",4.84e-06,0.123,0.438,0.399,0.09,"MPST"
"OXSR1",4.84e-06,-0.101,0.484,0.504,0.0901,"OXSR1"
"SIMC1",4.85e-06,-0.219,0.397,0.415,0.0903,"SIMC1"
"NUP210",4.87e-06,0.223,0.189,0.161,0.0907,"NUP210"
"POLE",4.88e-06,-0.223,0.238,0.263,0.0908,"POLE"
"TSPAN11",4.88e-06,0.205,0.258,0.226,0.0909,"TSPAN11"
"SCYL2",4.9e-06,-0.117,0.615,0.634,0.0912,"SCYL2"
"LMOD1",4.92e-06,0.841,0.02,0.012,0.0916,"LMOD1"
"RBAK",4.94e-06,0.167,0.137,0.113,0.092,"RBAK"
"ZNF789",4.96e-06,0.214,0.287,0.253,0.0923,"ZNF789"
"EIF4EBP1",4.96e-06,-0.111,0.292,0.322,0.0924,"EIF4EBP1"
"ERV3-1",4.98e-06,-0.132,0.235,0.263,0.0927,"ERV3-1"
"CXCR4",4.99e-06,0.105,0.577,0.524,0.0929,"CXCR4"
"OFD1",5.01e-06,0.279,0.48,0.455,0.0932,"OFD1"
"SAMD3",5.03e-06,-0.4,0.006,0.013,0.0935,"SAMD3"
"PAK1IP1",5.04e-06,0.183,0.303,0.27,0.0937,"PAK1IP1"
"BEX2",5.04e-06,0.229,0.306,0.275,0.0938,"BEX2"
"GTF2E1",5.11e-06,0.269,0.154,0.129,0.0951,"GTF2E1"
"GPR107",5.15e-06,0.181,0.45,0.413,0.0958,"GPR107"
"HSPG2",5.19e-06,0.267,0.054,0.04,0.0965,"HSPG2"
"AP3M1",5.2e-06,0.142,0.483,0.443,0.0967,"AP3M1"
"GBX1",5.2e-06,-0.631,0.01,0.017,0.0968,"GBX1"
"CYP3A5",5.2e-06,0.498,0.068,0.052,0.0968,"CYP3A5"
"CDKN2AIP",5.21e-06,-0.139,0.292,0.318,0.0969,"CDKN2AIP"
"FAM161A",5.31e-06,0.126,0.369,0.332,0.0989,"FAM161A"
"ENSG00000279598",5.32e-06,0.53,0.027,0.017,0.0991,"ENSG00000279598"
"SPATA4",5.32e-06,1.121,0.014,0.007,0.0991,"SPATA4"
"RBM41",5.33e-06,0.109,0.708,0.671,0.0992,"RBM41"
"TINF2",5.34e-06,0.135,0.276,0.242,0.0994,"TINF2"
"BLZF1",5.35e-06,0.157,0.367,0.329,0.0995,"BLZF1"
"EHHADH",5.38e-06,-0.104,0.024,0.015,0.1,"EHHADH"
"FBLIM1",5.42e-06,-0.52,0.042,0.057,0.101,"FBLIM1"
"DGAT1",5.43e-06,0.247,0.12,0.098,0.101,"DGAT1"
"ENSG00000280417",5.43e-06,0.739,0.014,0.007,0.101,"ENSG00000280417"
"MIEN1",5.43e-06,0.181,0.509,0.48,0.101,"MIEN1"
"IL12RB2",5.45e-06,0.965,0.035,0.024,0.101,"IL12RB2"
"GEMIN4",5.46e-06,0.29,0.072,0.055,0.102,"GEMIN4"
"CRACR2A",5.62e-06,-0.446,0.032,0.045,0.105,"CRACR2A"
"STX3",5.66e-06,0.792,0.024,0.014,0.105,"STX3"
"TWNK",5.67e-06,0.301,0.052,0.038,0.106,"TWNK"
"SLC35F3",5.71e-06,-1.565,0.005,0.011,0.106,"SLC35F3"
"ARF5",5.72e-06,0.117,0.467,0.432,0.107,"ARF5"
"WDR24",5.77e-06,0.427,0.047,0.034,0.107,"WDR24"
"NEPRO",5.9e-06,0.193,0.407,0.371,0.11,"NEPRO"
"DVL3",5.92e-06,0.18,0.439,0.404,0.11,"DVL3"
"IGLON5",5.93e-06,-0.289,0.129,0.151,0.11,"IGLON5"
"TOMM40",5.93e-06,0.182,0.339,0.304,0.11,"TOMM40"
"PROSER3",5.99e-06,0.343,0.122,0.101,0.111,"PROSER3"
"PCK2",6.07e-06,0.517,0.04,0.028,0.113,"PCK2"
"ATP11B",6.07e-06,-0.104,0.62,0.636,0.113,"ATP11B"
"SLC16A1",6.08e-06,0.122,0.463,0.424,0.113,"SLC16A1"
"PTPRB",6.16e-06,-0.371,0.029,0.041,0.115,"PTPRB"
"DEPTOR",6.17e-06,0.557,0.027,0.017,0.115,"DEPTOR"
"TCHH",6.18e-06,-0.715,0.006,0.012,0.115,"TCHH"
"KCNIP2",6.23e-06,0.478,0.082,0.064,0.116,"KCNIP2"
"CARMIL2",6.25e-06,-0.422,0.012,0.02,0.116,"CARMIL2"
"ZNF746",6.25e-06,0.226,0.187,0.16,0.116,"ZNF746"
"ACADM",6.3e-06,0.133,0.648,0.613,0.117,"ACADM"
"ZNF597",6.33e-06,0.56,0.033,0.022,0.118,"ZNF597"
"C19orf81",6.35e-06,0.225,0.05,0.036,0.118,"C19orf81"
"TMEM268",6.39e-06,0.358,0.107,0.086,0.119,"TMEM268"
"SPATA18",6.39e-06,1.07,0.012,0.006,0.119,"SPATA18"
"LGI2",6.41e-06,0.662,0.017,0.009,0.119,"LGI2"
"SPTLC3",6.46e-06,1.308,0.01,0.004,0.12,"SPTLC3"
"KIF7",6.57e-06,0.27,0.22,0.192,0.122,"KIF7"
"ZDHHC17",6.61e-06,0.146,0.664,0.63,0.123,"ZDHHC17"
"MIA2",6.62e-06,0.186,0.384,0.343,0.123,"MIA2"
"OPA1",6.64e-06,-0.111,0.684,0.693,0.124,"OPA1"
"PXDNL",6.7e-06,-0.179,0.091,0.112,0.125,"PXDNL"
"PPRC1",6.76e-06,0.222,0.133,0.11,0.126,"PPRC1"
"MRPL48",6.79e-06,-0.118,0.338,0.364,0.126,"MRPL48"
"MPPED1",6.81e-06,-0.689,0.016,0.026,0.127,"MPPED1"
"LONRF3",6.81e-06,1.027,0.015,0.008,0.127,"LONRF3"
"TF",6.82e-06,0.537,0.021,0.012,0.127,"TF"
"MORF4L2",6.83e-06,0.1,0.85,0.841,0.127,"MORF4L2"
"PCDHGA1",6.84e-06,0.709,0.054,0.04,0.127,"PCDHGA1"
"TRMT12",6.88e-06,0.224,0.09,0.071,0.128,"TRMT12"
"HILPDA",6.89e-06,0.132,0.279,0.31,0.128,"HILPDA"
"ZNF491",6.92e-06,-0.127,0.182,0.209,0.129,"ZNF491"
"AHR",6.93e-06,0.688,0.03,0.02,0.129,"AHR"
"EGFL7",6.94e-06,0.933,0.019,0.011,0.129,"EGFL7"
"NOA1",7.05e-06,0.172,0.215,0.186,0.131,"NOA1"
"SEPTIN3",7.07e-06,0.16,0.619,0.587,0.132,"SEPTIN3"
"CNTN6",7.11e-06,0.653,0.012,0.006,0.132,"CNTN6"
"SRP19",7.12e-06,0.164,0.674,0.657,0.132,"SRP19"
"SYT4",7.14e-06,-1.295,0.005,0.012,0.133,"SYT4"
"MTERF4",7.2e-06,0.142,0.401,0.363,0.134,"MTERF4"
"ZNF493",7.21e-06,-0.107,0.34,0.367,0.134,"ZNF493"
"ZKSCAN4",7.21e-06,0.202,0.111,0.09,0.134,"ZKSCAN4"
"PM20D1",7.25e-06,0.487,0.039,0.027,0.135,"PM20D1"
"DLG5",7.25e-06,0.157,0.512,0.475,0.135,"DLG5"
"ANKRD20A1",7.33e-06,0.44,0.092,0.073,0.136,"ANKRD20A1"
"MACIR",7.42e-06,0.19,0.382,0.348,0.138,"MACIR"
"PGAP3",7.43e-06,0.416,0.065,0.049,0.138,"PGAP3"
"ZDHHC15",7.43e-06,-0.107,0.489,0.51,0.138,"ZDHHC15"
"TG",7.43e-06,0.919,0.014,0.007,0.138,"TG"
"TTC9C",7.49e-06,0.175,0.288,0.254,0.139,"TTC9C"
"ACADL",7.49e-06,0.496,0.038,0.026,0.139,"ACADL"
"ABCB8",7.53e-06,0.237,0.211,0.182,0.14,"ABCB8"
"ZNF592",7.53e-06,0.182,0.38,0.349,0.14,"ZNF592"
"ATP7A",7.54e-06,-0.122,0.191,0.216,0.14,"ATP7A"
"SAV1",7.57e-06,0.2,0.308,0.275,0.141,"SAV1"
"ENSG00000279865",7.59e-06,0.877,0.021,0.012,0.141,"ENSG00000279865"
"PLB1",7.63e-06,0.816,0.013,0.006,0.142,"PLB1"
"VPS8",7.67e-06,0.102,0.625,0.586,0.143,"VPS8"
"ADPRS",7.71e-06,0.144,0.311,0.276,0.143,"ADPRS"
"SEMA4C",7.72e-06,-0.269,0.123,0.145,0.144,"SEMA4C"
"FAF2",7.9e-06,0.101,0.593,0.559,0.147,"FAF2"
"MTPAP",7.91e-06,0.164,0.209,0.181,0.147,"MTPAP"
"NOL8",7.91e-06,0.163,0.322,0.287,0.147,"NOL8"
"MAP3K1",7.93e-06,-0.132,0.337,0.366,0.148,"MAP3K1"
"DNAJC2",7.94e-06,0.171,0.506,0.465,0.148,"DNAJC2"
"KBTBD2",7.95e-06,-0.158,0.442,0.459,0.148,"KBTBD2"
"TPK1",8.02e-06,0.161,0.093,0.074,0.149,"TPK1"
"CA5B",8.23e-06,0.131,0.586,0.549,0.153,"CA5B"
"CUL4A",8.3e-06,0.131,0.551,0.514,0.155,"CUL4A"
"RHD",8.31e-06,0.491,0.06,0.045,0.155,"RHD"
"HHAT",8.42e-06,0.472,0.072,0.056,0.157,"HHAT"
"NLRC3",8.48e-06,0.655,0.03,0.019,0.158,"NLRC3"
"ZNF639",8.48e-06,0.18,0.406,0.369,0.158,"ZNF639"
"CWC22",8.55e-06,0.169,0.38,0.347,0.159,"CWC22"
"CBWD3",8.58e-06,0.212,0.114,0.093,0.16,"CBWD3"
"CYB561A3",8.73e-06,0.359,0.112,0.092,0.163,"CYB561A3"
"PXK",8.93e-06,0.179,0.295,0.259,0.166,"PXK"
"TMEM104",8.96e-06,0.389,0.095,0.076,0.167,"TMEM104"
"ERO1B",9.21e-06,0.121,0.365,0.326,0.171,"ERO1B"
"COPS7B",9.32e-06,0.214,0.251,0.22,0.174,"COPS7B"
"SHOC2",9.38e-06,-0.113,0.663,0.673,0.175,"SHOC2"
"P2RY14",9.41e-06,0.194,0.205,0.175,0.175,"P2RY14"
"MOAP1",9.45e-06,0.105,0.283,0.247,0.176,"MOAP1"
"PPP1R3E",9.54e-06,0.305,0.102,0.082,0.178,"PPP1R3E"
"HTRA2",9.56e-06,0.18,0.205,0.177,0.178,"HTRA2"
"BLOC1S3",9.68e-06,0.318,0.042,0.03,0.18,"BLOC1S3"
"SPSB2",9.74e-06,0.311,0.068,0.052,0.181,"SPSB2"
"C1orf109",9.76e-06,0.197,0.179,0.152,0.182,"C1orf109"
"KCNMB3",9.81e-06,0.293,0.101,0.081,0.183,"KCNMB3"
"PDCD7",9.83e-06,0.153,0.53,0.496,0.183,"PDCD7"
"ZNRD2",9.84e-06,0.103,0.145,0.121,0.183,"ZNRD2"
"ZNF749",9.85e-06,0.374,0.068,0.052,0.183,"ZNF749"
"NRSN1",9.91e-06,-0.247,0.139,0.163,0.184,"NRSN1"
"MALT1",0.0000103,0.113,0.401,0.362,0.192,"MALT1"
"RNF208",0.0000104,0.19,0.108,0.088,0.193,"RNF208"
"TTC7B",0.0000105,0.121,0.521,0.482,0.195,"TTC7B"
"AIM2",0.0000105,-0.258,0.228,0.251,0.196,"AIM2"
"PAPOLA",0.0000106,0.115,0.864,0.862,0.198,"PAPOLA"
"ASNSD1",0.0000107,0.172,0.294,0.26,0.199,"ASNSD1"
"NMNAT3",0.0000107,0.201,0.241,0.21,0.199,"NMNAT3"
"SGCE",0.0000107,-0.157,0.667,0.667,0.2,"SGCE"
"TRMT10A",0.0000109,0.21,0.135,0.112,0.203,"TRMT10A"
"RNPEP",0.0000109,0.206,0.36,0.324,0.203,"RNPEP"
"SLC9A3",0.0000112,0.402,0.06,0.045,0.208,"SLC9A3"
"ZNF362",0.0000112,-0.111,0.353,0.379,0.208,"ZNF362"
"AKR1C2",0.0000113,-0.544,0.036,0.05,0.21,"AKR1C2"
"SLC46A1",0.0000113,0.551,0.035,0.024,0.211,"SLC46A1"
"MTMR12",0.0000113,-0.102,0.37,0.398,0.211,"MTMR12"
"RNF149",0.0000114,0.155,0.431,0.395,0.212,"RNF149"
"ALKBH6",0.0000114,0.294,0.063,0.048,0.212,"ALKBH6"
"TEP1",0.0000114,0.266,0.11,0.09,0.212,"TEP1"
"GOLGA3",0.0000114,0.182,0.36,0.326,0.213,"GOLGA3"
"ZNF485",0.0000114,0.636,0.022,0.014,0.213,"ZNF485"
"GRM3",0.0000115,0.369,0.28,0.256,0.215,"GRM3"
"FAM177A1",0.0000116,0.159,0.62,0.591,0.216,"FAM177A1"
"STK17B",0.0000116,0.294,0.151,0.127,0.216,"STK17B"
"ENTPD7",0.0000117,0.228,0.141,0.117,0.218,"ENTPD7"
"TMC6",0.0000118,0.801,0.017,0.009,0.219,"TMC6"
"PDK3",0.0000119,-0.313,0.401,0.416,0.221,"PDK3"
"PRKCZ",0.0000119,-0.154,0.121,0.143,0.221,"PRKCZ"
"C1QTNF9",0.0000119,1.112,0.011,0.005,0.222,"C1QTNF9"
"CLVS1",0.000012,-0.298,0.099,0.12,0.223,"CLVS1"
"PLPP5",0.000012,-0.151,0.287,0.312,0.224,"PLPP5"
"MED22",0.0000121,0.179,0.158,0.133,0.225,"MED22"
"QRSL1",0.0000123,0.132,0.309,0.273,0.229,"QRSL1"
"FAM20B",0.0000124,-0.159,0.31,0.333,0.23,"FAM20B"
"DPPA4",0.0000124,0.737,0.028,0.018,0.231,"DPPA4"
"FAM104B",0.0000125,0.177,0.27,0.238,0.233,"FAM104B"
"ALDH16A1",0.0000127,0.299,0.073,0.056,0.236,"ALDH16A1"
"GK",0.0000127,0.193,0.186,0.16,0.236,"GK"
"ZNF622",0.0000127,0.145,0.225,0.194,0.237,"ZNF622"
"MED24",0.0000128,0.155,0.347,0.313,0.238,"MED24"
"RGS16",0.0000128,0.409,0.064,0.049,0.238,"RGS16"
"INTS9",0.0000128,-0.173,0.382,0.403,0.239,"INTS9"
"ZNFX1",0.0000129,0.164,0.284,0.251,0.24,"ZNFX1"
"LARP4",0.0000131,0.155,0.614,0.582,0.244,"LARP4"
"GPKOW",0.0000131,0.234,0.177,0.151,0.244,"GPKOW"
"SLC45A1",0.0000131,0.397,0.064,0.049,0.244,"SLC45A1"
"DPY19L3",0.0000132,0.108,0.465,0.426,0.245,"DPY19L3"
"TRIM14",0.0000132,0.384,0.044,0.032,0.246,"TRIM14"
"CD109",0.0000133,1.065,0.013,0.007,0.247,"CD109"
"BPHL",0.0000133,0.151,0.366,0.33,0.248,"BPHL"
"ZNF354A",0.0000135,-0.101,0.254,0.281,0.251,"ZNF354A"
"SLC2A1",0.0000135,0.429,0.095,0.076,0.252,"SLC2A1"
"PDE12",0.0000135,0.186,0.197,0.17,0.252,"PDE12"
"DUSP6",0.0000136,0.201,0.113,0.093,0.252,"DUSP6"
"CCNQ",0.0000136,0.251,0.133,0.11,0.253,"CCNQ"
"APEX2",0.0000139,0.329,0.07,0.054,0.259,"APEX2"
"ENSG00000280163",0.0000139,0.765,0.016,0.009,0.259,"ENSG00000280163"
"CLCC1",0.0000139,0.186,0.391,0.358,0.259,"CLCC1"
"FLACC1",0.000014,0.302,0.048,0.035,0.26,"FLACC1"
"GRIA3",0.0000141,0.215,0.592,0.63,0.263,"GRIA3"
"MYH11",0.0000141,-0.252,0.038,0.052,0.263,"MYH11"
"KIAA0408",0.0000142,-0.168,0.054,0.07,0.265,"KIAA0408"
"ADCY1",0.0000143,-0.319,0.149,0.171,0.266,"ADCY1"
"TMIGD2",0.0000143,-0.831,0.005,0.01,0.267,"TMIGD2"
"AARSD1",0.0000144,0.158,0.089,0.071,0.268,"AARSD1"
"EIPR1",0.0000144,0.112,0.442,0.401,0.268,"EIPR1"
"GCDH",0.0000145,0.267,0.219,0.192,0.269,"GCDH"
"CLDN4",0.0000146,0.921,0.011,0.005,0.272,"CLDN4"
"VPS26B",0.0000147,0.132,0.422,0.385,0.274,"VPS26B"
"TLCD4-RWDD3",0.0000148,0.626,0.019,0.011,0.276,"TLCD4-RWDD3"
"CUL4B",0.0000148,0.146,0.383,0.348,0.276,"CUL4B"
"ETV3",0.0000149,-0.228,0.15,0.172,0.277,"ETV3"
"ARIH2",0.0000151,0.155,0.594,0.562,0.28,"ARIH2"
"GLYCTK",0.0000151,0.618,0.023,0.015,0.28,"GLYCTK"
"MGA",0.0000152,0.144,0.537,0.497,0.283,"MGA"
"PLAC8L1",0.0000153,0.267,0.064,0.049,0.285,"PLAC8L1"
"GSAP",0.0000156,0.536,0.019,0.011,0.291,"GSAP"
"RCOR3",0.0000157,0.124,0.669,0.64,0.292,"RCOR3"
"CPSF4",0.0000157,0.214,0.236,0.207,0.293,"CPSF4"
"ZFYVE26",0.0000158,0.183,0.263,0.231,0.293,"ZFYVE26"
"CTBP1",0.0000159,0.158,0.368,0.335,0.295,"CTBP1"
"PANO1",0.000016,0.231,0.028,0.018,0.297,"PANO1"
"ANO10",0.0000161,-0.136,0.541,0.552,0.3,"ANO10"
"PRL",0.0000162,-1.105,0.006,0.012,0.301,"PRL"
"DACT1",0.0000162,-0.244,0.099,0.119,0.301,"DACT1"
"SPACDR",0.0000162,0.555,0.022,0.014,0.302,"SPACDR"
"TBPL1",0.0000165,-0.132,0.396,0.419,0.306,"TBPL1"
"TBC1D4",0.0000166,0.155,0.111,0.09,0.308,"TBC1D4"
"TRIM67",0.0000166,-0.402,0.008,0.015,0.309,"TRIM67"
"MANEAL",0.0000167,-0.171,0.176,0.2,0.311,"MANEAL"
"ZNF235",0.0000168,0.162,0.392,0.355,0.313,"ZNF235"
"WNK2",0.0000169,-0.149,0.392,0.412,0.315,"WNK2"
"PSD",0.0000171,0.101,0.147,0.122,0.318,"PSD"
"BRMS1",0.0000171,0.213,0.2,0.173,0.318,"BRMS1"
"ZFP28",0.0000171,-0.241,0.1,0.119,0.319,"ZFP28"
"RTL10",0.0000172,0.242,0.097,0.078,0.321,"RTL10"
"ITGA9",0.0000173,0.393,0.106,0.087,0.323,"ITGA9"
"BSDC1",0.0000175,0.154,0.476,0.442,0.327,"BSDC1"
"ZGLP1",0.0000176,0.799,0.019,0.012,0.328,"ZGLP1"
"ARPC5",0.0000178,0.131,0.851,0.854,0.33,"ARPC5"
"PRKD3",0.0000178,-0.165,0.55,0.558,0.331,"PRKD3"
"TMEM44",0.0000179,-0.191,0.157,0.18,0.333,"TMEM44"
"LRRC8A",0.000018,0.177,0.296,0.264,0.334,"LRRC8A"
"SH3D21",0.000018,0.488,0.044,0.032,0.335,"SH3D21"
"TMUB2",0.0000181,0.179,0.218,0.19,0.336,"TMUB2"
"MXRA8",0.0000181,0.749,0.012,0.006,0.337,"MXRA8"
"POLR3K",0.0000181,0.221,0.258,0.229,0.337,"POLR3K"
"H2AW",0.0000182,0.126,0.319,0.282,0.339,"H2AW"
"GRM2",0.0000183,-1.204,0.005,0.01,0.34,"GRM2"
"MED20",0.0000184,0.197,0.106,0.086,0.342,"MED20"
"HGH1",0.0000187,0.326,0.04,0.028,0.347,"HGH1"
"MRPL44",0.0000188,0.148,0.418,0.382,0.35,"MRPL44"
"RAB24",0.0000188,0.301,0.059,0.045,0.351,"RAB24"
"PPFIA3",0.000019,0.245,0.085,0.068,0.353,"PPFIA3"
"PCCB",0.0000191,0.131,0.422,0.385,0.356,"PCCB"
"PURB",0.0000195,0.128,0.385,0.347,0.363,"PURB"
"JADE2",0.0000195,0.512,0.012,0.006,0.363,"JADE2"
"KLF8",0.0000196,0.219,0.08,0.063,0.366,"KLF8"
"SPRN",0.0000198,0.479,0.033,0.022,0.369,"SPRN"
"BEST1",0.0000202,0.467,0.025,0.016,0.376,"BEST1"
"CTNNB1",0.0000203,0.12,0.765,0.75,0.378,"CTNNB1"
"HEATR1",0.0000204,0.131,0.332,0.295,0.379,"HEATR1"
"QPCTL",0.0000204,0.331,0.068,0.053,0.38,"QPCTL"
"CYB561D1",0.0000205,0.331,0.071,0.055,0.382,"CYB561D1"
"C22orf39",0.0000205,0.194,0.297,0.266,0.382,"C22orf39"
"RBM15B",0.000021,-0.111,0.371,0.394,0.391,"RBM15B"
"MTX3",0.000021,0.126,0.271,0.24,0.391,"MTX3"
"WDR83",0.0000211,0.201,0.158,0.134,0.394,"WDR83"
"CCNA1",0.0000212,-0.978,0.028,0.04,0.395,"CCNA1"
"GLT1D1",0.0000215,-0.678,0.018,0.028,0.4,"GLT1D1"
"ZNF527",0.0000218,-0.32,0.092,0.111,0.405,"ZNF527"
"FAM8A1",0.000022,0.148,0.289,0.256,0.41,"FAM8A1"
"SATB1",0.0000221,0.171,0.279,0.25,0.411,"SATB1"
"STXBP6",0.0000221,-0.174,0.023,0.034,0.412,"STXBP6"
"PSMC6",0.0000222,0.116,0.705,0.689,0.414,"PSMC6"
"PRADC1",0.0000225,0.148,0.197,0.17,0.419,"PRADC1"
"PNPLA1",0.0000227,-0.239,0.012,0.02,0.422,"PNPLA1"
"PLA2G15",0.0000229,0.269,0.077,0.061,0.427,"PLA2G15"
"EDRF1",0.0000229,-0.134,0.367,0.388,0.427,"EDRF1"
"TBC1D20",0.000023,0.167,0.338,0.305,0.427,"TBC1D20"
"LIN28B",0.000023,0.492,0.023,0.015,0.427,"LIN28B"
"EVI5L",0.0000231,0.343,0.142,0.12,0.429,"EVI5L"
"CENATAC",0.0000231,0.174,0.397,0.361,0.431,"CENATAC"
"ZNF778",0.0000232,0.349,0.153,0.131,0.432,"ZNF778"
"SFXN1",0.0000235,0.102,0.647,0.617,0.437,"SFXN1"
"FBXO31",0.0000235,0.245,0.198,0.173,0.438,"FBXO31"
"EIF3A",0.0000236,0.119,0.825,0.829,0.44,"EIF3A"
"C12orf4",0.0000246,0.15,0.308,0.274,0.458,"C12orf4"
"ZNF837",0.0000248,0.745,0.027,0.018,0.461,"ZNF837"
"BRINP1",0.000025,0.16,0.178,0.153,0.464,"BRINP1"
"ZNF540",0.0000251,0.233,0.224,0.197,0.467,"ZNF540"
"RHEBL1",0.0000254,-0.63,0.014,0.022,0.473,"RHEBL1"
"HDGF",0.0000256,-0.19,0.569,0.574,0.476,"HDGF"
"AQP7B",0.0000256,0.2,0.016,0.009,0.477,"AQP7B"
"YEATS4",0.0000257,-0.14,0.387,0.409,0.478,"YEATS4"
"ZNF331",0.0000258,-0.206,0.25,0.272,0.479,"ZNF331"
"AP4S1",0.0000258,0.157,0.312,0.277,0.48,"AP4S1"
"RAET1E",0.000026,1.095,0.01,0.005,0.485,"RAET1E"
"DXO",0.0000261,0.238,0.072,0.056,0.485,"DXO"
"SLITRK3",0.0000262,0.868,0.018,0.01,0.487,"SLITRK3"
"C6orf47",0.0000264,0.211,0.122,0.101,0.491,"C6orf47"
"FASTKD5",0.0000264,0.173,0.109,0.089,0.491,"FASTKD5"
"FKBP15",0.0000264,0.114,0.3,0.267,0.492,"FKBP15"
"NAA30",0.0000266,0.199,0.295,0.263,0.495,"NAA30"
"ENSG00000279039",0.0000266,-1.063,0.005,0.01,0.495,"ENSG00000279039"
"CPT1B",0.0000268,0.402,0.062,0.047,0.499,"CPT1B"
"SDC1",0.0000268,-0.589,0.028,0.039,0.5,"SDC1"
"REC8",0.0000271,0.912,0.025,0.016,0.504,"REC8"
"PPCDC",0.0000273,-0.187,0.325,0.345,0.508,"PPCDC"
"MYO1H",0.0000275,-0.394,0.026,0.037,0.512,"MYO1H"
"HDGFL2",0.0000275,0.13,0.609,0.583,0.512,"HDGFL2"
"TMEM11",0.0000275,0.148,0.341,0.308,0.512,"TMEM11"
"E4F1",0.0000276,0.216,0.148,0.125,0.514,"E4F1"
"NUP85",0.0000277,-0.163,0.277,0.299,0.515,"NUP85"
"ZFAND2A",0.0000277,0.207,0.128,0.107,0.516,"ZFAND2A"
"NABP2",0.0000281,0.153,0.253,0.224,0.523,"NABP2"
"DMAP1",0.0000284,0.212,0.274,0.244,0.529,"DMAP1"
"RAD1",0.0000287,-0.194,0.27,0.291,0.535,"RAD1"
"EEF1AKMT4",0.000029,0.882,0.014,0.008,0.54,"EEF1AKMT4"
"SZT2",0.0000292,0.138,0.262,0.232,0.544,"SZT2"
"TATDN2",0.0000293,0.209,0.178,0.153,0.546,"TATDN2"
"PEX3",0.0000295,0.128,0.343,0.308,0.55,"PEX3"
"TXLNG",0.0000296,0.155,0.516,0.48,0.551,"TXLNG"
"CLEC18B",0.0000298,0.756,0.011,0.006,0.555,"CLEC18B"
"ENSG00000279147",0.0000298,-0.678,0.008,0.014,0.555,"ENSG00000279147"
"PSMD14",0.0000299,0.12,0.706,0.691,0.556,"PSMD14"
"AMER2",0.0000299,0.232,0.501,0.484,0.556,"AMER2"
"ZNF766",0.0000301,-0.138,0.334,0.358,0.561,"ZNF766"
"NFYB",0.0000304,-0.129,0.489,0.506,0.566,"NFYB"
"SNRNP70",0.0000305,0.148,0.707,0.693,0.567,"SNRNP70"
"LRRC47",0.0000306,0.177,0.241,0.212,0.569,"LRRC47"
"TMEM199",0.0000307,0.129,0.236,0.206,0.572,"TMEM199"
"CES3",0.0000307,0.699,0.013,0.007,0.572,"CES3"
"SYT7",0.0000307,0.369,0.016,0.009,0.572,"SYT7"
"FBXL12",0.0000309,0.184,0.215,0.188,0.576,"FBXL12"
"NOC2L",0.000031,0.123,0.326,0.292,0.577,"NOC2L"
"ZNF671",0.000031,0.285,0.092,0.075,0.577,"ZNF671"
"CASZ1",0.0000315,0.613,0.042,0.03,0.586,"CASZ1"
"ZNF248",0.0000315,0.125,0.338,0.304,0.587,"ZNF248"
"RFLNB",0.000032,0.246,0.057,0.043,0.597,"RFLNB"
"PRMT8",0.0000324,-0.731,0.012,0.02,0.603,"PRMT8"
"GFER",0.0000325,0.152,0.154,0.13,0.605,"GFER"
"MBIP",0.0000326,-0.267,0.66,0.648,0.607,"MBIP"
"ZNF211",0.0000326,0.357,0.134,0.113,0.607,"ZNF211"
"NPFFR2",0.0000327,-0.248,0.01,0.005,0.608,"NPFFR2"
"SPDYE3",0.0000328,0.378,0.181,0.157,0.611,"SPDYE3"
"NAE1",0.0000329,0.121,0.636,0.614,0.613,"NAE1"
"TGIF2",0.0000333,0.209,0.18,0.156,0.62,"TGIF2"
"TYW5",0.0000334,0.196,0.261,0.23,0.622,"TYW5"
"SULT4A1",0.0000335,-0.187,0.038,0.051,0.623,"SULT4A1"
"TVP23C",0.0000337,0.336,0.079,0.062,0.627,"TVP23C"
"NOL4L",0.000034,-0.128,0.276,0.301,0.634,"NOL4L"
"FBLL1",0.0000341,-0.343,0.053,0.068,0.635,"FBLL1"
"FSD1",0.0000342,0.167,0.227,0.198,0.636,"FSD1"
"IFITM10",0.0000345,1.103,0.013,0.007,0.643,"IFITM10"
"ADAM21",0.0000348,0.87,0.024,0.016,0.648,"ADAM21"
"NPIPB5",0.0000351,0.275,0.179,0.154,0.653,"NPIPB5"
"DOK4",0.0000354,-0.491,0.039,0.052,0.658,"DOK4"
"BCO2",0.0000355,0.452,0.054,0.041,0.66,"BCO2"
"ATP6V0C",0.0000356,0.49,0.013,0.007,0.662,"ATP6V0C"
"SENP2",0.0000356,0.119,0.47,0.432,0.663,"SENP2"
"ZNF446",0.0000358,0.232,0.093,0.075,0.667,"ZNF446"
"CCDC117",0.0000358,0.207,0.209,0.183,0.667,"CCDC117"
"FKBP7",0.0000361,-0.217,0.161,0.184,0.672,"FKBP7"
"IKZF4",0.0000364,0.188,0.262,0.232,0.678,"IKZF4"
"ESYT2",0.0000365,-0.203,0.364,0.383,0.68,"ESYT2"
"ZNF41",0.0000367,0.18,0.209,0.183,0.682,"ZNF41"
"DUT",0.0000369,-0.22,0.675,0.626,0.687,"DUT"
"EYS",0.0000369,0.404,0.153,0.131,0.687,"EYS"
"SCLY",0.000037,0.108,0.265,0.233,0.689,"SCLY"
"HAGH",0.000037,0.124,0.581,0.552,0.689,"HAGH"
"PHOSPHO2",0.0000372,0.287,0.092,0.074,0.692,"PHOSPHO2"
"SF3B4",0.0000373,0.16,0.367,0.333,0.694,"SF3B4"
"C2CD6",0.0000378,1.149,0.017,0.01,0.703,"C2CD6"
"DEPDC7",0.0000379,-0.2,0.028,0.039,0.705,"DEPDC7"
"ATP2A1",0.0000379,0.538,0.031,0.021,0.705,"ATP2A1"
"UCP2",0.000038,-0.276,0.091,0.109,0.706,"UCP2"
"TBL2",0.0000381,0.133,0.159,0.135,0.71,"TBL2"
"ZFAND1",0.0000386,0.175,0.198,0.171,0.718,"ZFAND1"
"LRRC57",0.0000389,0.163,0.285,0.254,0.724,"LRRC57"
"MROH1",0.0000391,0.197,0.191,0.166,0.727,"MROH1"
"FMC1",0.0000395,0.122,0.471,0.438,0.734,"FMC1"
"ETFDH",0.0000398,0.165,0.324,0.289,0.74,"ETFDH"
"PLBD1",0.0000398,-0.235,0.057,0.072,0.742,"PLBD1"
"MPP7",0.0000399,-0.224,0.043,0.057,0.743,"MPP7"
"ZNF346",4e-05,0.157,0.426,0.392,0.745,"ZNF346"
"SEC31B",0.0000403,0.353,0.097,0.079,0.751,"SEC31B"
"ZFPL1",0.0000405,0.131,0.172,0.147,0.753,"ZFPL1"
"C17orf100",0.0000405,0.223,0.056,0.042,0.754,"C17orf100"
"ZNF655",0.0000406,0.19,0.422,0.39,0.755,"ZNF655"
"LMF1",0.0000409,0.199,0.44,0.406,0.762,"LMF1"
"PLPP6",0.000041,0.296,0.044,0.032,0.764,"PLPP6"
"PIGW",0.000041,0.225,0.048,0.036,0.764,"PIGW"
"WASH6P",0.0000411,0.234,0.14,0.118,0.764,"WASH6P"
"MYO5C",0.0000411,0.558,0.042,0.031,0.766,"MYO5C"
"EPHB4",0.0000413,0.301,0.108,0.089,0.768,"EPHB4"
"JMJD7",0.0000413,0.484,0.029,0.019,0.768,"JMJD7"
"COQ2",0.0000413,0.218,0.197,0.172,0.77,"COQ2"
"GRIA2",0.0000415,-0.504,0.146,0.165,0.773,"GRIA2"
"AGAP4",0.0000417,0.172,0.186,0.16,0.777,"AGAP4"
"ALDH1L2",0.0000418,0.19,0.158,0.134,0.778,"ALDH1L2"
"ARHGAP6",0.0000419,0.564,0.022,0.014,0.781,"ARHGAP6"
"TIMM10",0.0000422,0.155,0.403,0.372,0.785,"TIMM10"
"SLC1A6",0.0000423,-0.553,0.013,0.021,0.788,"SLC1A6"
"KAT5",0.0000424,0.166,0.293,0.263,0.788,"KAT5"
"HGS",0.0000427,0.186,0.212,0.184,0.796,"HGS"
"RBP5",0.0000428,1.077,0.01,0.005,0.796,"RBP5"
"CLP1",0.000043,-0.255,0.163,0.183,0.801,"CLP1"
"NR2C2AP",0.0000435,0.234,0.099,0.081,0.809,"NR2C2AP"
"EXOSC5",0.0000437,0.337,0.104,0.086,0.813,"EXOSC5"
"RNASE4",0.0000438,0.326,0.125,0.106,0.815,"RNASE4"
"DIS3",0.0000438,0.146,0.448,0.412,0.815,"DIS3"
"FAAH",0.0000439,-0.41,0.033,0.044,0.816,"FAAH"
"TMTC2",0.000044,-0.759,0.7,0.678,0.819,"TMTC2"
"FAAP24",0.0000441,-0.343,0.056,0.071,0.822,"FAAP24"
"ZNF324",0.0000446,0.236,0.106,0.088,0.83,"ZNF324"
"PSMF1",0.0000449,0.153,0.539,0.506,0.837,"PSMF1"
"AP1S1",0.0000451,0.133,0.596,0.579,0.84,"AP1S1"
"TPCN2",0.0000452,0.281,0.083,0.067,0.842,"TPCN2"
"RBP1",0.0000455,-0.204,0.281,0.307,0.846,"RBP1"
"PSMD13",0.0000456,0.161,0.559,0.534,0.849,"PSMD13"
"CHRNB2",0.0000457,-0.393,0.021,0.031,0.85,"CHRNB2"
"CLBA1",0.0000457,-0.125,0.117,0.136,0.85,"CLBA1"
"ZBTB26",0.0000458,0.152,0.175,0.151,0.853,"ZBTB26"
"LTO1",0.0000459,0.266,0.189,0.164,0.854,"LTO1"
"DHX29",0.0000462,0.129,0.594,0.567,0.859,"DHX29"
"VRK3",0.0000464,0.228,0.258,0.23,0.863,"VRK3"
"MRAS",0.0000478,0.133,0.277,0.245,0.89,"MRAS"
"GP1BA",0.0000478,0.983,0.01,0.005,0.89,"GP1BA"
"GARIN5A",0.0000479,0.479,0.02,0.012,0.891,"GARIN5A"
"ZNF286A-TBC1D26",0.0000481,-0.189,0.047,0.061,0.894,"ZNF286A-TBC1D26"
"HAUS7",0.0000491,-0.365,0.061,0.075,0.914,"HAUS7"
"ENSG00000280294",0.0000495,0.194,0.027,0.018,0.921,"ENSG00000280294"
"ENSG00000280128",0.0000501,0.19,0.27,0.241,0.933,"ENSG00000280128"
"CIITA",0.0000502,0.941,0.011,0.006,0.934,"CIITA"
"NAT16",0.0000512,-0.195,0.025,0.035,0.953,"NAT16"
"C16orf96",0.0000521,0.906,0.016,0.009,0.97,"C16orf96"
"MINDY1",0.0000521,0.156,0.099,0.081,0.971,"MINDY1"
"BRPF3",0.0000522,-0.179,0.176,0.198,0.972,"BRPF3"
"FBXO3",0.0000523,0.118,0.468,0.431,0.974,"FBXO3"
"PDCD11",0.0000523,0.199,0.265,0.235,0.974,"PDCD11"
"MEAK7",0.0000527,0.177,0.209,0.182,0.98,"MEAK7"
"PCSK6",0.0000528,0.465,0.04,0.029,0.982,"PCSK6"
"LDLRAD3",0.0000533,0.2,0.606,0.569,0.992,"LDLRAD3"
"ENSG00000260643",0.0000534,0.709,0.013,0.007,0.994,"ENSG00000260643"
"MUTYH",0.0000544,0.229,0.191,0.166,1,"MUTYH"
"ZNF564",0.0000546,0.28,0.158,0.135,1,"ZNF564"
"ALDH18A1",0.0000546,0.119,0.304,0.272,1,"ALDH18A1"
"MCM3",0.0000551,-0.278,0.254,0.273,1,"MCM3"
"CAMSAP3",0.0000555,-0.139,0.095,0.114,1,"CAMSAP3"
"FEM1C",0.0000557,0.185,0.403,0.372,1,"FEM1C"
"CEP41",0.0000558,-0.206,0.227,0.248,1,"CEP41"
"ITPKA",0.000056,0.438,0.034,0.024,1,"ITPKA"
"VGLL3",0.0000561,0.654,0.049,0.037,1,"VGLL3"
"SGPP1",0.0000562,0.132,0.258,0.228,1,"SGPP1"
"SPNS2",0.0000562,-0.179,0.023,0.033,1,"SPNS2"
"ADCK5",0.0000566,0.36,0.066,0.052,1,"ADCK5"
"DMTN",0.0000576,0.24,0.027,0.018,1,"DMTN"
"TMED3",0.0000577,0.147,0.257,0.226,1,"TMED3"
"CCDC141",0.0000588,-0.524,0.01,0.017,1,"CCDC141"
"RECQL4",0.0000588,-0.523,0.042,0.054,1,"RECQL4"
"AP1G1",0.0000589,0.154,0.606,0.581,1,"AP1G1"
"ENSG00000280120",0.0000591,-0.528,0.017,0.025,1,"ENSG00000280120"
"TSPAN17",0.0000593,0.223,0.102,0.084,1,"TSPAN17"
"TMEM255B",0.0000595,-0.51,0.009,0.015,1,"TMEM255B"
"BAZ2A",0.0000601,0.152,0.416,0.384,1,"BAZ2A"
"ATF6B",0.0000602,0.216,0.322,0.292,1,"ATF6B"
"DRC3",0.0000605,0.208,0.088,0.071,1,"DRC3"
"GTF2IRD2B",0.0000617,0.201,0.421,0.388,1,"GTF2IRD2B"
"GMPPB",0.0000621,0.272,0.076,0.061,1,"GMPPB"
"PHLDB2",0.0000621,-0.279,0.039,0.052,1,"PHLDB2"
"SPHKAP",0.0000624,0.368,0.019,0.012,1,"SPHKAP"
"ELP3",0.0000628,0.128,0.397,0.361,1,"ELP3"
"SUZ12",0.0000645,-0.127,0.678,0.677,1,"SUZ12"
"TAF1C",0.0000647,0.314,0.087,0.07,1,"TAF1C"
"MCPH1",0.0000652,-0.106,0.617,0.63,1,"MCPH1"
"ZNF155",0.0000652,0.134,0.418,0.385,1,"ZNF155"
"SYDE2",0.0000652,0.399,0.021,0.014,1,"SYDE2"
"ARL10",0.0000653,0.18,0.348,0.318,1,"ARL10"
"ENSG00000279901",0.0000656,0.454,0.039,0.028,1,"ENSG00000279901"
"MOGS",0.0000656,0.224,0.176,0.153,1,"MOGS"
"CHAC1",0.0000656,0.47,0.021,0.014,1,"CHAC1"
"ENTPD4",0.0000657,-0.106,0.298,0.321,1,"ENTPD4"
"MOCS3",0.0000671,0.194,0.087,0.071,1,"MOCS3"
"C1orf21",0.0000672,0.155,0.667,0.638,1,"C1orf21"
"NDUFA9",0.0000674,0.109,0.511,0.473,1,"NDUFA9"
"TIPRL",0.0000676,0.127,0.684,0.664,1,"TIPRL"
"SORD",0.0000682,0.192,0.237,0.21,1,"SORD"
"CTXN1",0.0000689,0.142,0.486,0.454,1,"CTXN1"
"CEP164",0.0000694,0.123,0.42,0.386,1,"CEP164"
"COPS4",0.0000694,0.142,0.587,0.558,1,"COPS4"
"ZBTB2",0.0000698,-0.138,0.152,0.172,1,"ZBTB2"
"REC114",7e-05,-0.264,0.032,0.043,1,"REC114"
"ZNF488",0.0000711,-0.799,0.005,0.01,1,"ZNF488"
"ZNF512",0.0000713,0.159,0.411,0.38,1,"ZNF512"
"TFPI2",0.0000714,-1.002,0.008,0.014,1,"TFPI2"
"METTL25B",0.0000717,0.193,0.152,0.131,1,"METTL25B"
"ZNF587",0.0000725,0.194,0.176,0.153,1,"ZNF587"
"TICAM2",0.0000725,0.353,0.041,0.03,1,"TICAM2"
"FXYD1",0.0000749,1.311,0.011,0.006,1,"FXYD1"
"MIOS",0.0000751,0.102,0.282,0.251,1,"MIOS"
"CCDC93",0.0000756,0.151,0.478,0.446,1,"CCDC93"
"TARBP2",0.0000761,0.193,0.07,0.055,1,"TARBP2"
"ZNF18",0.0000761,0.207,0.103,0.084,1,"ZNF18"
"SUPT20H",0.000077,0.107,0.554,0.52,1,"SUPT20H"
"TIMM50",0.0000773,0.155,0.266,0.237,1,"TIMM50"
"LARGE1",0.0000777,0.108,0.719,0.72,1,"LARGE1"
"ANAPC2",0.0000779,0.391,0.031,0.022,1,"ANAPC2"
"WDR25",0.000078,0.114,0.294,0.261,1,"WDR25"
"BCR",0.0000792,0.166,0.4,0.365,1,"BCR"
"GMPR",0.0000793,0.549,0.021,0.013,1,"GMPR"
"FPGS",0.0000793,0.187,0.22,0.194,1,"FPGS"
"MRFAP1L1",0.0000793,0.154,0.535,0.504,1,"MRFAP1L1"
"UBAC2",0.0000797,0.105,0.557,0.514,1,"UBAC2"
"RTL5",0.0000798,0.277,0.122,0.102,1,"RTL5"
"CACNB3",0.0000799,-0.134,0.154,0.175,1,"CACNB3"
"TRNP1",8e-05,0.279,0.018,0.011,1,"TRNP1"
"CRLF1",8e-05,0.604,0.027,0.018,1,"CRLF1"
"CALML4",0.0000811,-0.168,0.066,0.081,1,"CALML4"
"ZNF266",0.0000812,-0.112,0.178,0.201,1,"ZNF266"
"PDGFRA",0.0000814,-0.189,0.289,0.255,1,"PDGFRA"
"CHRNA3",0.0000815,-0.544,0.012,0.019,1,"CHRNA3"
"EEFSEC",0.0000823,-0.106,0.354,0.373,1,"EEFSEC"
"PPIL3",0.0000826,0.124,0.441,0.404,1,"PPIL3"
"PCDHB14",0.0000827,0.125,0.12,0.101,1,"PCDHB14"
"SMAD6",0.0000841,0.946,0.01,0.005,1,"SMAD6"
"PCSK2",0.0000861,-0.231,0.061,0.076,1,"PCSK2"
"BCAR3",0.0000862,0.215,0.274,0.247,1,"BCAR3"
"DNAJC11",0.0000871,0.167,0.32,0.29,1,"DNAJC11"
"NSRP1",0.0000872,0.121,0.675,0.644,1,"NSRP1"
"ZNF215",0.0000873,0.573,0.014,0.008,1,"ZNF215"
"SPIN3",0.0000893,0.262,0.206,0.181,1,"SPIN3"
"SLC25A51",0.0000908,-0.101,0.364,0.387,1,"SLC25A51"
"CPSF7",0.0000915,0.166,0.475,0.443,1,"CPSF7"
"HAUS6",0.0000916,-0.111,0.406,0.429,1,"HAUS6"
"C14orf28",0.0000916,0.319,0.068,0.053,1,"C14orf28"
"TRAPPC2",0.0000919,0.187,0.282,0.252,1,"TRAPPC2"
"NOL6",0.0000919,0.288,0.045,0.033,1,"NOL6"
"FSBP",0.0000922,0.258,0.131,0.112,1,"FSBP"
"SEPSECS",0.0000923,0.159,0.18,0.155,1,"SEPSECS"
"RALBP1",0.0000931,0.129,0.564,0.532,1,"RALBP1"
"COLGALT1",0.0000942,0.167,0.141,0.12,1,"COLGALT1"
"ARHGEF18",0.0000947,0.2,0.365,0.335,1,"ARHGEF18"
"RNF121",0.0000948,0.118,0.337,0.303,1,"RNF121"
"PPP1R9B",0.0000953,0.12,0.122,0.102,1,"PPP1R9B"
"THADA",0.0000955,0.103,0.539,0.503,1,"THADA"
"SLC35G5",0.0000964,-0.391,0.013,0.021,1,"SLC35G5"
"ZNF329",0.0000968,0.223,0.204,0.179,1,"ZNF329"
"SPICE1",0.0000969,0.326,0.083,0.067,1,"SPICE1"
"VANGL2",0.0000973,0.155,0.306,0.276,1,"VANGL2"
"POLR1H",0.0000976,0.145,0.293,0.262,1,"POLR1H"
"PARP2",0.000098,-0.125,0.289,0.312,1,"PARP2"
"CXCL17",0.0000981,0.483,0.034,0.025,1,"CXCL17"
"CDK5R2",0.0000983,-0.186,0.022,0.032,1,"CDK5R2"
"AHNAK2",0.0001,0.298,0.026,0.018,1,"AHNAK2"
"RNASEH1",0.0001,0.152,0.254,0.226,1,"RNASEH1"
"EEF1AKMT2",0.000101,-0.129,0.575,0.579,1,"EEF1AKMT2"
"GARS1",0.000101,0.232,0.472,0.446,1,"GARS1"
"MOB3A",0.000102,0.17,0.265,0.237,1,"MOB3A"
"ABCG5",0.000102,1.233,0.012,0.007,1,"ABCG5"
"PEX1",0.000102,0.123,0.32,0.287,1,"PEX1"
"SEZ6L",0.000102,0.277,0.249,0.224,1,"SEZ6L"
"LRRC37A",0.000103,-0.16,0.118,0.137,1,"LRRC37A"
"EFCAB9",0.000104,-0.511,0.014,0.021,1,"EFCAB9"
"TMPRSS9",0.000104,0.473,0.06,0.047,1,"TMPRSS9"
"PGAM5",0.000104,0.153,0.109,0.091,1,"PGAM5"
"ZNF721",0.000105,0.136,0.688,0.666,1,"ZNF721"
"PLD6",0.000106,1.009,0.011,0.006,1,"PLD6"
"ZNF561",0.000108,0.204,0.219,0.194,1,"ZNF561"
"DDX1",0.000109,0.119,0.613,0.586,1,"DDX1"
"ENSG00000280069",0.000109,-0.141,0.076,0.092,1,"ENSG00000280069"
"POLR1B",0.00011,0.15,0.216,0.19,1,"POLR1B"
"ARHGEF1",0.00011,0.268,0.169,0.147,1,"ARHGEF1"
"UGCG",0.000112,-0.125,0.325,0.345,1,"UGCG"
"SNRPA1",0.000112,0.22,0.468,0.447,1,"SNRPA1"
"MTERF3",0.000114,0.227,0.226,0.2,1,"MTERF3"
"CPM",0.000114,0.763,0.027,0.018,1,"CPM"
"GPR27",0.000114,0.146,0.073,0.058,1,"GPR27"
"ABCA5",0.000114,0.417,0.059,0.046,1,"ABCA5"
"FAM174B",0.000114,-0.214,0.245,0.267,1,"FAM174B"
"NAA80",0.000115,0.211,0.033,0.024,1,"NAA80"
"TMEM68",0.000116,0.135,0.35,0.317,1,"TMEM68"
"MT-TV",0.000116,-0.477,0.018,0.027,1,"MT-TV"
"TFAP2E",0.000116,0.524,0.044,0.033,1,"TFAP2E"
"MORN3",0.000116,0.514,0.027,0.018,1,"MORN3"
"GEMIN7",0.000117,0.15,0.1,0.082,1,"GEMIN7"
"GIPR",0.000118,-0.216,0.023,0.033,1,"GIPR"
"PIP5K1C",0.000118,0.2,0.208,0.183,1,"PIP5K1C"
"LRRC37A3",0.000118,0.187,0.514,0.489,1,"LRRC37A3"
"DSEL",0.000119,-0.534,0.223,0.239,1,"DSEL"
"CDC23",0.000121,0.198,0.297,0.268,1,"CDC23"
"C8orf58",0.000121,0.267,0.052,0.04,1,"C8orf58"
"TBC1D23",0.000121,0.103,0.476,0.442,1,"TBC1D23"
"LRRC24",0.000123,0.275,0.07,0.056,1,"LRRC24"
"PLP2",0.000124,0.314,0.077,0.062,1,"PLP2"
"NECAB1",0.000125,-0.995,0.058,0.071,1,"NECAB1"
"NPLOC4",0.000125,0.167,0.413,0.384,1,"NPLOC4"
"ADAMTS19",0.000125,0.406,0.025,0.017,1,"ADAMTS19"
"IFIT5",0.000126,0.153,0.287,0.259,1,"IFIT5"
"ZFP91",0.000126,0.109,0.58,0.551,1,"ZFP91"
"DPM1",0.000127,0.133,0.486,0.451,1,"DPM1"
"LNX2",0.000127,0.13,0.143,0.122,1,"LNX2"
"MCMDC2",0.000127,0.558,0.016,0.009,1,"MCMDC2"
"TMEM8B",0.000127,0.152,0.179,0.155,1,"TMEM8B"
"SLC16A3",0.000127,0.343,0.084,0.068,1,"SLC16A3"
"ATG10",0.000127,-0.238,0.491,0.496,1,"ATG10"
"CLPB",0.000128,0.182,0.252,0.223,1,"CLPB"
"GBX2",0.000128,-0.665,0.006,0.011,1,"GBX2"
"INO80E",0.000129,0.207,0.263,0.237,1,"INO80E"
"PLEKHG4B",0.000129,-0.264,0.117,0.135,1,"PLEKHG4B"
"RELL1",0.00013,-0.199,0.249,0.269,1,"RELL1"
"MMD",0.00013,-0.141,0.278,0.299,1,"MMD"
"MT-TT",0.000131,0.249,0.072,0.058,1,"MT-TT"
"ZNF696",0.000133,0.244,0.102,0.085,1,"ZNF696"
"PITHD1",0.000133,0.127,0.423,0.391,1,"PITHD1"
"ZC3HAV1L",0.000134,0.43,0.053,0.041,1,"ZC3HAV1L"
"KIAA0753",0.000135,0.172,0.363,0.332,1,"KIAA0753"
"LAG3",0.000137,-0.303,0.019,0.027,1,"LAG3"
"NCOA7",0.000137,0.109,0.254,0.227,1,"NCOA7"
"ZNF546",0.000138,0.232,0.209,0.184,1,"ZNF546"
"UMAD1",0.000138,-0.223,0.525,0.523,1,"UMAD1"
"FBP2",0.000139,0.3,0.081,0.066,1,"FBP2"
"OAZ2",0.000139,0.128,0.522,0.492,1,"OAZ2"
"TRAF5",0.00014,0.452,0.068,0.054,1,"TRAF5"
"DRD4",0.00014,0.939,0.013,0.007,1,"DRD4"
"STON1-GTF2A1L",0.00014,0.684,0.033,0.024,1,"STON1-GTF2A1L"
"KLF5",0.000141,0.646,0.034,0.024,1,"KLF5"
"TRMO",0.000142,0.187,0.192,0.168,1,"TRMO"
"ZBED6",0.000145,0.521,0.024,0.016,1,"ZBED6"
"FZD2",0.000145,0.234,0.328,0.303,1,"FZD2"
"BCL9L",0.000145,0.231,0.229,0.204,1,"BCL9L"
"CATSPERE",0.000146,0.105,0.062,0.049,1,"CATSPERE"
"ACTR1B",0.000148,0.18,0.233,0.207,1,"ACTR1B"
"USP5",0.00015,0.162,0.236,0.209,1,"USP5"
"DEF8",0.00015,0.137,0.281,0.252,1,"DEF8"
"ACSM6",0.000151,0.905,0.019,0.012,1,"ACSM6"
"ANKRD16",0.000153,0.156,0.259,0.233,1,"ANKRD16"
"FAM200A",0.000153,0.154,0.227,0.2,1,"FAM200A"
"NEK1",0.000154,0.106,0.662,0.626,1,"NEK1"
"LYG2",0.000154,0.402,0.052,0.04,1,"LYG2"
"RPSAP58",0.000154,0.128,0.423,0.391,1,"RPSAP58"
"USP27X",0.000155,0.202,0.128,0.108,1,"USP27X"
"TAF1",0.000157,0.142,0.514,0.481,1,"TAF1"
"PTCD1",0.000159,0.369,0.057,0.044,1,"PTCD1"
"CYTH3",0.000159,0.162,0.34,0.307,1,"CYTH3"
"NUDT19",0.000159,0.223,0.14,0.12,1,"NUDT19"
"PPP4R3B",0.000162,0.139,0.773,0.762,1,"PPP4R3B"
"PRMT7",0.000162,0.164,0.279,0.251,1,"PRMT7"
"RYR2",0.000164,-1.579,0.015,0.022,1,"RYR2"
"SKIV2L",0.000165,0.16,0.075,0.061,1,"SKIV2L"
"ERICH1",0.000165,0.148,0.41,0.379,1,"ERICH1"
"SMG5",0.000166,0.168,0.251,0.225,1,"SMG5"
"CRTC3",0.000166,0.124,0.573,0.542,1,"CRTC3"
"CLEC4A",0.000167,0.791,0.027,0.019,1,"CLEC4A"
"NPIPB15",0.000167,0.642,0.024,0.016,1,"NPIPB15"
"HLA-F",0.000168,0.438,0.019,0.012,1,"HLA-F"
"MOB1A",0.000168,0.133,0.527,0.502,1,"MOB1A"
"AMBP",0.000169,-0.64,0.005,0.011,1,"AMBP"
"ZBTB45",0.000169,0.251,0.071,0.057,1,"ZBTB45"
"DGKE",0.00017,0.178,0.154,0.133,1,"DGKE"
"PRR22",0.000171,0.846,0.014,0.008,1,"PRR22"
"TSC1",0.000172,0.167,0.338,0.307,1,"TSC1"
"CREB3L2",0.000172,0.167,0.202,0.177,1,"CREB3L2"
"SPOCK1",0.000173,0.309,0.228,0.206,1,"SPOCK1"
"SHBG",0.000173,0.67,0.018,0.012,1,"SHBG"
"EXOSC3",0.000173,0.138,0.524,0.493,1,"EXOSC3"
"RCAN3",0.000173,-0.603,0.025,0.035,1,"RCAN3"
"SLC25A40",0.000174,-0.108,0.258,0.279,1,"SLC25A40"
"NEK3",0.000174,0.144,0.21,0.184,1,"NEK3"
"ELOA",0.000174,0.183,0.386,0.354,1,"ELOA"
"KIAA2013",0.000175,0.149,0.212,0.187,1,"KIAA2013"
"LYSMD1",0.000175,0.165,0.077,0.062,1,"LYSMD1"
"EFNA3",0.000175,0.254,0.061,0.048,1,"EFNA3"
"SCART1",0.000176,0.244,0.049,0.037,1,"SCART1"
"SPACA6",0.000176,-0.228,0.156,0.175,1,"SPACA6"
"USP50",0.000178,0.46,0.042,0.031,1,"USP50"
"AGAP2",0.000181,0.217,0.054,0.042,1,"AGAP2"
"NFKBIE",0.000182,0.218,0.057,0.045,1,"NFKBIE"
"C15orf61",0.000183,0.149,0.256,0.229,1,"C15orf61"
"TSSC4",0.000186,0.143,0.333,0.303,1,"TSSC4"
"FBXO22",0.000187,0.174,0.466,0.433,1,"FBXO22"
"MEGF11",0.000189,0.708,0.103,0.087,1,"MEGF11"
"CAPN6",0.000189,-0.573,0.012,0.019,1,"CAPN6"
"ZNF768",0.000191,0.173,0.1,0.083,1,"ZNF768"
"WDR90",0.000192,0.351,0.063,0.05,1,"WDR90"
"TSPAN2",0.000193,0.565,0.025,0.017,1,"TSPAN2"
"BUD13",0.000194,-0.151,0.232,0.254,1,"BUD13"
"PARD6G",0.000196,-0.115,0.375,0.394,1,"PARD6G"
"NBEAL2",0.000198,0.539,0.023,0.015,1,"NBEAL2"
"WDR64",0.000198,0.485,0.013,0.008,1,"WDR64"
"BBS9",0.000198,0.133,0.706,0.676,1,"BBS9"
"AOAH",0.000203,-0.4,0.026,0.035,1,"AOAH"
"SMIM1",0.000203,0.515,0.015,0.009,1,"SMIM1"
"BID",0.000203,0.125,0.231,0.205,1,"BID"
"NIPSNAP3B",0.000205,0.49,0.023,0.015,1,"NIPSNAP3B"
"CETN3",0.000206,-0.127,0.282,0.302,1,"CETN3"
"RAB11A",0.000207,0.142,0.824,0.819,1,"RAB11A"
"ZNF787",0.000207,0.151,0.268,0.241,1,"ZNF787"
"ENSG00000279289",0.000208,0.186,0.042,0.031,1,"ENSG00000279289"
"PI4K2A",0.000209,0.139,0.2,0.176,1,"PI4K2A"
"SPAG17",0.00021,0.494,0.019,0.012,1,"SPAG17"
"TBL3",0.00021,0.153,0.087,0.071,1,"TBL3"
"ZNF582",0.000211,0.224,0.083,0.068,1,"ZNF582"
"PPP1R16B",0.000212,-0.901,0.005,0.01,1,"PPP1R16B"
"GUSB",0.000215,-0.129,0.262,0.281,1,"GUSB"
"EIF3CL",0.000215,0.681,0.02,0.013,1,"EIF3CL"
"RPS6KA6",0.000216,-0.229,0.192,0.212,1,"RPS6KA6"
"ENSG00000279555",0.000221,0.257,0.11,0.093,1,"ENSG00000279555"
"THAP12",0.000222,-0.11,0.516,0.526,1,"THAP12"
"DDX41",0.000223,0.134,0.182,0.158,1,"DDX41"
"PNMA6A",0.000223,0.185,0.046,0.035,1,"PNMA6A"
"KIAA1191",0.000223,0.133,0.484,0.451,1,"KIAA1191"
"METTL18",0.000224,0.144,0.107,0.09,1,"METTL18"
"BRAT1",0.000224,0.163,0.217,0.192,1,"BRAT1"
"ENSG00000279088",0.000224,0.192,0.103,0.086,1,"ENSG00000279088"
"U2AF1L4",0.000225,0.259,0.108,0.091,1,"U2AF1L4"
"MAMDC4",0.000225,0.491,0.027,0.019,1,"MAMDC4"
"FAM131B",0.000226,0.152,0.109,0.091,1,"FAM131B"
"ACBD7",0.000226,-0.419,0.065,0.079,1,"ACBD7"
"SCYL3",0.000228,0.146,0.19,0.166,1,"SCYL3"
"SLC25A42",0.000228,0.207,0.178,0.155,1,"SLC25A42"
"ITPRIP",0.000228,0.251,0.1,0.084,1,"ITPRIP"
"KHDC4",0.00023,0.16,0.354,0.324,1,"KHDC4"
"SYCP2L",0.000231,0.165,0.198,0.175,1,"SYCP2L"
"ZNF239",0.000234,0.209,0.087,0.072,1,"ZNF239"
"FAM214A",0.000236,-0.22,0.569,0.565,1,"FAM214A"
"PANK1",0.000237,-0.163,0.216,0.235,1,"PANK1"
"MYH9",0.000237,-0.134,0.346,0.365,1,"MYH9"
"ZNF672",0.000237,0.162,0.143,0.123,1,"ZNF672"
"PAH",0.000238,-0.316,0.032,0.043,1,"PAH"
"HHIP",0.000238,-0.218,0.102,0.119,1,"HHIP"
"KCTD19",0.000238,-0.668,0.007,0.012,1,"KCTD19"
"CABYR",0.00024,0.321,0.052,0.04,1,"CABYR"
"MFN2",0.000243,0.189,0.218,0.194,1,"MFN2"
"BTN3A1",0.000243,0.241,0.096,0.08,1,"BTN3A1"
"ZSCAN16",0.000245,-0.119,0.138,0.157,1,"ZSCAN16"
"CEP112",0.000246,-0.212,0.609,0.537,1,"CEP112"
"PRUNE1",0.000248,0.237,0.145,0.126,1,"PRUNE1"
"TOMM22",0.000248,0.117,0.548,0.527,1,"TOMM22"
"INCA1",0.000249,0.621,0.015,0.009,1,"INCA1"
"MELTF",0.00025,0.726,0.015,0.009,1,"MELTF"
"SCIMP",0.000252,0.433,0.065,0.052,1,"SCIMP"
"FAM163B",0.000252,-0.456,0.006,0.012,1,"FAM163B"
"DACH2",0.000253,-0.631,0.056,0.068,1,"DACH2"
"GINS4",0.000254,-0.192,0.11,0.127,1,"GINS4"
"EMC4",0.000257,0.121,0.581,0.56,1,"EMC4"
"ABHD2",0.000258,0.118,0.506,0.471,1,"ABHD2"
"C1orf35",0.000258,0.132,0.361,0.33,1,"C1orf35"
"PLPP7",0.000258,0.574,0.024,0.016,1,"PLPP7"
"NFX1",0.000259,0.129,0.444,0.411,1,"NFX1"
"CACNG5",0.000261,0.9,0.032,0.023,1,"CACNG5"
"WBP11",0.000261,0.143,0.548,0.521,1,"WBP11"
"UTP18",0.000262,0.156,0.384,0.356,1,"UTP18"
"TRIM68",0.000264,0.533,0.019,0.013,1,"TRIM68"
"SEMA4F",0.000265,0.195,0.069,0.056,1,"SEMA4F"
"MARCHF9",0.000267,0.109,0.248,0.222,1,"MARCHF9"
"CYB5RL",0.000267,0.308,0.084,0.069,1,"CYB5RL"
"RPA3",0.000267,-0.153,0.41,0.424,1,"RPA3"
"EFCAB7",0.000268,0.105,0.452,0.417,1,"EFCAB7"
"PPFIA4",0.000269,0.425,0.094,0.079,1,"PPFIA4"
"ZSCAN25",0.000269,0.237,0.12,0.102,1,"ZSCAN25"
"TUBB6",0.000269,-0.308,0.26,0.276,1,"TUBB6"
"FMO5",0.000273,0.175,0.121,0.103,1,"FMO5"
"CABLES2",0.000275,-0.193,0.106,0.122,1,"CABLES2"
"TMEM140",0.000279,0.536,0.061,0.049,1,"TMEM140"
"ZNF260",0.000279,0.168,0.437,0.406,1,"ZNF260"
"LEMD2",0.000286,0.141,0.201,0.177,1,"LEMD2"
"TRIM41",0.000286,0.169,0.121,0.103,1,"TRIM41"
"DHX8",0.000287,-0.113,0.366,0.384,1,"DHX8"
"PWWP2B",0.000287,0.399,0.055,0.044,1,"PWWP2B"
"HROB",0.000288,-0.373,0.045,0.056,1,"HROB"
"NAF1",0.000288,0.109,0.343,0.311,1,"NAF1"
"ENSG00000258790",0.000289,0.662,0.01,0.006,1,"ENSG00000258790"
"ASH2L",0.000289,-0.113,0.433,0.448,1,"ASH2L"
"SMYD4",0.000289,0.224,0.205,0.181,1,"SMYD4"
"SPTLC1",0.000291,0.106,0.542,0.51,1,"SPTLC1"
"ZNF311",0.000291,0.638,0.01,0.006,1,"ZNF311"
"GFOD1",0.000291,0.211,0.185,0.163,1,"GFOD1"
"MIER3",0.000295,0.155,0.294,0.267,1,"MIER3"
"SEM1",0.000296,-0.101,0.879,0.88,1,"SEM1"
"MEF2D",0.000296,0.211,0.175,0.153,1,"MEF2D"
"RANGAP1",0.000298,-0.228,0.201,0.219,1,"RANGAP1"
"DNAAF8",0.000298,0.368,0.038,0.028,1,"DNAAF8"
"NUDT13",0.000303,0.304,0.118,0.101,1,"NUDT13"
"ALG6",0.000303,-0.108,0.215,0.234,1,"ALG6"
"NEK5",0.000304,0.346,0.104,0.088,1,"NEK5"
"ENSG00000268533",0.000308,0.195,0.127,0.108,1,"ENSG00000268533"
"FER1L5",0.00031,0.363,0.016,0.01,1,"FER1L5"
"TTLL13",0.00031,0.552,0.016,0.01,1,"TTLL13"
"ALKBH8",0.00031,0.182,0.124,0.106,1,"ALKBH8"
"ASF1A",0.00031,0.15,0.478,0.449,1,"ASF1A"
"ANKRD24",0.00031,0.342,0.035,0.026,1,"ANKRD24"
"CNTFR",0.000311,0.205,0.375,0.352,1,"CNTFR"
"MBD4",0.000313,-0.113,0.317,0.337,1,"MBD4"
"NUP42",0.000316,0.12,0.412,0.383,1,"NUP42"
"GIT1",0.000317,0.193,0.219,0.196,1,"GIT1"
"SPTB",0.000318,-0.266,0.034,0.044,1,"SPTB"
"ABCB9",0.00032,0.247,0.124,0.106,1,"ABCB9"
"FBXL3",0.000325,0.124,0.512,0.484,1,"FBXL3"
"ENSG00000288674",0.000325,0.546,0.013,0.007,1,"ENSG00000288674"
"KLHL15",0.000326,-0.219,0.132,0.15,1,"KLHL15"
"RPAP3",0.000327,0.101,0.353,0.322,1,"RPAP3"
"IGSF9",0.000328,-0.384,0.032,0.042,1,"IGSF9"
"COIL",0.000329,0.155,0.377,0.347,1,"COIL"
"CFAP251",0.00033,0.199,0.08,0.066,1,"CFAP251"
"C2orf15",0.00033,0.698,0.02,0.013,1,"C2orf15"
"BAIAP2L1",0.000332,0.18,0.127,0.109,1,"BAIAP2L1"
"ZNF544",0.000333,0.181,0.447,0.415,1,"ZNF544"
"PPP4R4",0.000335,0.749,0.014,0.008,1,"PPP4R4"
"PDE1C",0.000336,-0.358,0.148,0.165,1,"PDE1C"
"CEP70",0.000342,-0.393,0.451,0.448,1,"CEP70"
"DUSP5",0.000343,0.486,0.028,0.019,1,"DUSP5"
"ENSG00000278886",0.000346,0.363,0.044,0.033,1,"ENSG00000278886"
"ZC3H12A",0.000347,0.791,0.01,0.005,1,"ZC3H12A"
"NSF",0.00035,0.147,0.378,0.35,1,"NSF"
"PDSS1",0.000351,0.141,0.289,0.26,1,"PDSS1"
"CLTRN",0.000353,0.171,0.052,0.041,1,"CLTRN"
"DNAJC15",0.000353,0.147,0.086,0.071,1,"DNAJC15"
"VMO1",0.000354,0.611,0.013,0.008,1,"VMO1"
"THAP10",0.000355,0.208,0.078,0.064,1,"THAP10"
"SRF",0.000358,-0.165,0.151,0.169,1,"SRF"
"ENSG00000280332",0.000358,0.517,0.038,0.029,1,"ENSG00000280332"
"LYRM1",0.000358,0.121,0.277,0.25,1,"LYRM1"
"ENSG00000261832",0.000363,0.573,0.017,0.011,1,"ENSG00000261832"
"DYNC2I1",0.000363,0.13,0.551,0.52,1,"DYNC2I1"
"PZP",0.000365,0.428,0.073,0.06,1,"PZP"
"OIT3",0.000367,-0.656,0.012,0.018,1,"OIT3"
"MRAP",0.00037,0.485,0.017,0.01,1,"MRAP"
"FLT3LG",0.000372,0.735,0.016,0.01,1,"FLT3LG"
"FRAS1",0.000375,0.541,0.053,0.042,1,"FRAS1"
"DCT",0.000377,1.609,0.01,0.005,1,"DCT"
"GFPT2",0.000379,0.408,0.072,0.059,1,"GFPT2"
"CD96",0.00038,1.181,0.011,0.006,1,"CD96"
"ATL2",0.00038,-0.116,0.454,0.466,1,"ATL2"
"PCDH12",0.000384,0.674,0.017,0.011,1,"PCDH12"
"ADA",0.000391,0.19,0.114,0.097,1,"ADA"
"NBPF15",0.000395,0.218,0.245,0.22,1,"NBPF15"
"ABLIM3",0.000397,-0.708,0.01,0.016,1,"ABLIM3"
"NLRP1",0.000399,0.966,0.01,0.005,1,"NLRP1"
"FRA10AC1",0.000399,0.137,0.516,0.492,1,"FRA10AC1"
"RHOT2",0.000402,0.27,0.169,0.148,1,"RHOT2"
"GOLGA6L4",0.000402,0.375,0.048,0.038,1,"GOLGA6L4"
"ABCC11",0.000403,0.898,0.016,0.01,1,"ABCC11"
"PEX26",0.000403,0.118,0.311,0.28,1,"PEX26"
"NOTCH4",0.000433,0.225,0.036,0.027,1,"NOTCH4"
"SETD4",0.000433,0.178,0.224,0.201,1,"SETD4"
"HECTD3",0.000435,0.161,0.095,0.079,1,"HECTD3"
"PHRF1",0.000436,0.206,0.233,0.21,1,"PHRF1"
"SGF29",0.000439,-0.13,0.178,0.199,1,"SGF29"
"RGP1",0.000445,0.186,0.182,0.161,1,"RGP1"
"SHPK",0.000447,0.521,0.033,0.024,1,"SHPK"
"SAPCD1",0.000458,-0.53,0.021,0.03,1,"SAPCD1"
"GTF2B",0.000458,0.126,0.47,0.436,1,"GTF2B"
"FAM90A1",0.000459,0.579,0.018,0.012,1,"FAM90A1"
"ENSG00000279464",0.000461,-0.918,0.006,0.01,1,"ENSG00000279464"
"MYCL",0.000467,-0.236,0.032,0.042,1,"MYCL"
"TM9SF2",0.000473,0.116,0.611,0.591,1,"TM9SF2"
"MKRN2OS",0.000473,0.28,0.123,0.106,1,"MKRN2OS"
"CNGA4",0.000474,0.64,0.017,0.011,1,"CNGA4"
"EIF3D",0.000475,0.11,0.612,0.59,1,"EIF3D"
"ENPP1",0.000477,0.431,0.043,0.033,1,"ENPP1"
"DGAT2L6",0.000478,0.985,0.011,0.006,1,"DGAT2L6"
"SETD1B",0.000483,-0.138,0.239,0.258,1,"SETD1B"
"CCNK",0.000485,0.137,0.405,0.377,1,"CCNK"
"TINCR",0.000485,0.342,0.037,0.028,1,"TINCR"
"TRAPPC2B",0.000487,0.146,0.232,0.207,1,"TRAPPC2B"
"TRIM26",0.000488,-0.116,0.255,0.274,1,"TRIM26"
"ZGPAT",0.000489,0.134,0.185,0.163,1,"ZGPAT"
"ZNF324B",0.00049,0.376,0.036,0.027,1,"ZNF324B"
"CRIP1",0.000492,0.534,0.011,0.006,1,"CRIP1"
"ZFHX4",0.000492,-0.374,0.562,0.509,1,"ZFHX4"
"TMX3",0.000497,0.116,0.459,0.429,1,"TMX3"
"ENSG00000278985",0.000499,-0.684,0.013,0.02,1,"ENSG00000278985"
"ZNF232",0.0005,-0.144,0.193,0.212,1,"ZNF232"
"MT-TN",0.000501,-0.825,0.005,0.01,1,"MT-TN"
"C1orf100",0.000504,-0.38,0.008,0.014,1,"C1orf100"
"NDUFAF5",0.000505,-0.119,0.301,0.319,1,"NDUFAF5"
"ING4",0.000506,0.139,0.449,0.417,1,"ING4"
"TBXA2R",0.000509,0.334,0.019,0.012,1,"TBXA2R"
"MTA2",0.000517,-0.113,0.184,0.203,1,"MTA2"
"KLHL28",0.000517,0.19,0.574,0.549,1,"KLHL28"
"CLCN1",0.000519,-0.409,0.012,0.018,1,"CLCN1"
"WDR91",0.000519,0.235,0.109,0.092,1,"WDR91"
"TBC1D8B",0.000521,0.783,0.01,0.006,1,"TBC1D8B"
"ACSF3",0.000524,0.14,0.166,0.146,1,"ACSF3"
"G3BP1",0.000526,0.106,0.68,0.657,1,"G3BP1"
"RFESD",0.000526,0.431,0.014,0.009,1,"RFESD"
"NANOS3",0.000529,-0.218,0.09,0.105,1,"NANOS3"
"TMX4",0.000532,0.107,0.489,0.456,1,"TMX4"
"FEM1B",0.000538,0.12,0.433,0.401,1,"FEM1B"
"MGAT2",0.00054,0.111,0.216,0.191,1,"MGAT2"
"CCNE1",0.000544,-0.493,0.051,0.063,1,"CCNE1"
"FHIP1B",0.000544,0.177,0.176,0.154,1,"FHIP1B"
"CACTIN",0.000552,0.267,0.097,0.082,1,"CACTIN"
"MAGEE1",0.000554,0.2,0.073,0.06,1,"MAGEE1"
"PTPN18",0.000557,0.192,0.166,0.146,1,"PTPN18"
"MAK",0.000559,0.197,0.383,0.355,1,"MAK"
"DGCR6",0.000561,0.31,0.029,0.021,1,"DGCR6"
"CPHXL",0.000569,0.711,0.014,0.008,1,"CPHXL"
"LRRC26",0.000574,-0.143,0.031,0.041,1,"LRRC26"
"JAM3",0.000574,0.154,0.67,0.645,1,"JAM3"
"DGAT2",0.000578,0.642,0.01,0.005,1,"DGAT2"
"HIGD1B",0.000585,0.506,0.034,0.025,1,"HIGD1B"
"IQCC",0.000585,0.525,0.03,0.022,1,"IQCC"
"HSD17B13",0.000587,-0.507,0.014,0.02,1,"HSD17B13"
"PTPN21",0.000589,0.124,0.361,0.33,1,"PTPN21"
"ZBTB46",0.000598,0.245,0.307,0.282,1,"ZBTB46"
"TMEM237",0.000598,-0.168,0.344,0.359,1,"TMEM237"
"KBTBD6",0.000601,0.187,0.25,0.226,1,"KBTBD6"
"ACKR4",0.000604,0.612,0.037,0.028,1,"ACKR4"
"INO80B",0.000607,0.202,0.096,0.081,1,"INO80B"
"GPR12",0.000607,-0.566,0.012,0.019,1,"GPR12"
"ZNF511",0.000607,0.129,0.305,0.277,1,"ZNF511"
"ZMYND10",0.000612,0.504,0.022,0.015,1,"ZMYND10"
"CDK2",0.000614,-0.305,0.122,0.137,1,"CDK2"
"CADM3",0.000615,-0.186,0.194,0.211,1,"CADM3"
"RYR1",0.000615,0.684,0.012,0.007,1,"RYR1"
"MPV17L",0.000617,0.48,0.017,0.011,1,"MPV17L"
"WDR74",0.000618,0.201,0.221,0.197,1,"WDR74"
"TUFT1",0.000621,-0.161,0.075,0.089,1,"TUFT1"
"HS6ST3",0.000627,1.372,0.02,0.013,1,"HS6ST3"
"LRRC66",0.000629,-0.104,0.083,0.098,1,"LRRC66"
"SEC24C",0.000629,0.172,0.235,0.211,1,"SEC24C"
"BMS1",0.000631,0.163,0.401,0.374,1,"BMS1"
"L3MBTL3",0.000632,-0.259,0.192,0.209,1,"L3MBTL3"
"ESS2",0.000643,0.213,0.126,0.108,1,"ESS2"
"COPG2",0.000647,0.226,0.477,0.446,1,"COPG2"
"PCDHA2",0.000647,0.932,0.011,0.006,1,"PCDHA2"
"TRPV1",0.000647,0.363,0.047,0.037,1,"TRPV1"
"SGPL1",0.000647,0.117,0.431,0.399,1,"SGPL1"
"FANCE",0.00065,-0.271,0.063,0.075,1,"FANCE"
"ADAM32",0.000656,0.251,0.163,0.144,1,"ADAM32"
"ANTXR2",0.000658,0.181,0.376,0.35,1,"ANTXR2"
"CYP27C1",0.000658,-0.246,0.038,0.049,1,"CYP27C1"
"C18orf21",0.00066,0.116,0.216,0.192,1,"C18orf21"
"MTHFR",0.000661,0.146,0.192,0.169,1,"MTHFR"
"KCTD15",0.000661,0.203,0.21,0.188,1,"KCTD15"
"SMIM27",0.000671,0.127,0.167,0.147,1,"SMIM27"
"DYNLT2B",0.000674,0.105,0.655,0.637,1,"DYNLT2B"
"DCTN1",0.00068,0.152,0.384,0.356,1,"DCTN1"
"TAMALIN",0.000682,0.326,0.041,0.032,1,"TAMALIN"
"ZBTB9",0.00069,0.236,0.039,0.03,1,"ZBTB9"
"VMAC",0.000691,0.344,0.061,0.049,1,"VMAC"
"SYT5",0.000692,-0.413,0.04,0.05,1,"SYT5"
"STK32C",0.0007,0.155,0.192,0.17,1,"STK32C"
"ACAT2",0.0007,0.13,0.573,0.574,1,"ACAT2"
"MFN1",0.000703,0.126,0.499,0.472,1,"MFN1"
"TIRAP",0.000706,0.146,0.096,0.08,1,"TIRAP"
"ABTB3",0.000707,-1.167,0.008,0.013,1,"ABTB3"
"ZNF268",0.000711,0.171,0.207,0.185,1,"ZNF268"
"CCDC157",0.000713,0.183,0.065,0.053,1,"CCDC157"
"C6orf58",0.000729,-0.157,0.046,0.057,1,"C6orf58"
"NDE1",0.00073,-0.526,0.27,0.278,1,"NDE1"
"ZCCHC18",0.00073,0.417,0.044,0.034,1,"ZCCHC18"
"CDHR2",0.000734,-0.305,0.02,0.028,1,"CDHR2"
"PNRC1",0.000736,0.117,0.778,0.778,1,"PNRC1"
"HBP1",0.000738,0.162,0.458,0.428,1,"HBP1"
"SVIL",0.000744,0.133,0.161,0.141,1,"SVIL"
"FBXL8",0.000746,0.549,0.015,0.009,1,"FBXL8"
"ADGRL2",0.00075,-0.414,0.123,0.139,1,"ADGRL2"
"DLG4",0.00075,0.101,0.222,0.197,1,"DLG4"
"YPEL4",0.000754,0.347,0.024,0.017,1,"YPEL4"
"DCAF17",0.000759,0.159,0.276,0.251,1,"DCAF17"
"ZNF132",0.000768,0.583,0.012,0.008,1,"ZNF132"
"CD247",0.000778,-0.382,0.024,0.032,1,"CD247"
"LRRC14",0.000779,0.189,0.085,0.071,1,"LRRC14"
"CRKL",0.00078,0.164,0.413,0.385,1,"CRKL"
"TGIF2-RAB5IF",0.000795,-0.239,0.034,0.043,1,"TGIF2-RAB5IF"
"AGER",0.000796,0.204,0.03,0.022,1,"AGER"
"PLA2G6",0.000801,0.323,0.11,0.095,1,"PLA2G6"
"MMAA",0.000823,0.105,0.102,0.086,1,"MMAA"
"KIN",0.000837,0.137,0.454,0.422,1,"KIN"
"SLC66A2",0.000839,0.117,0.382,0.351,1,"SLC66A2"
"CDK10",0.00084,0.17,0.213,0.191,1,"CDK10"
"PRSS3",0.000841,0.966,0.014,0.009,1,"PRSS3"
"OR8A1",0.000846,0.698,0.014,0.009,1,"OR8A1"
"ZNF878",0.000847,-0.298,0.016,0.023,1,"ZNF878"
"GPRC5C",0.000847,0.887,0.01,0.005,1,"GPRC5C"
"ANAPC7",0.000852,0.167,0.38,0.355,1,"ANAPC7"
"RBSN",0.000855,0.118,0.422,0.391,1,"RBSN"
"G6PD",0.00086,0.109,0.156,0.136,1,"G6PD"
"ATG4A",0.000863,0.183,0.204,0.183,1,"ATG4A"
"MFAP2",0.00087,-0.334,0.024,0.033,1,"MFAP2"
"PTPN6",0.000881,-0.152,0.055,0.067,1,"PTPN6"
"ZNF497",0.000884,0.325,0.08,0.067,1,"ZNF497"
"UBE2M",0.000893,0.11,0.655,0.648,1,"UBE2M"
"RARRES1",0.000895,0.289,0.111,0.096,1,"RARRES1"
"TNFAIP3",0.000897,0.612,0.018,0.012,1,"TNFAIP3"
"FNDC11",0.00091,0.624,0.016,0.011,1,"FNDC11"
"CCDC28A",0.000914,0.164,0.147,0.128,1,"CCDC28A"
"PCSK4",0.000917,0.546,0.027,0.019,1,"PCSK4"
"CFAP100",0.000921,0.44,0.063,0.051,1,"CFAP100"
"SYCE1L",0.000925,-0.337,0.062,0.074,1,"SYCE1L"
"ZNF615",0.000926,0.176,0.149,0.131,1,"ZNF615"
"TAC4",0.000928,0.517,0.045,0.036,1,"TAC4"
"C3orf62",0.000936,0.256,0.124,0.108,1,"C3orf62"
"YDJC",0.000944,0.199,0.073,0.061,1,"YDJC"
"UBE2K",0.000951,0.106,0.854,0.848,1,"UBE2K"
"SMAD7",0.000954,0.381,0.05,0.04,1,"SMAD7"
"ANK3",0.000955,-0.568,0.305,0.308,1,"ANK3"
"ZNF274",0.000962,0.139,0.341,0.314,1,"ZNF274"
"ENG",0.000963,0.477,0.025,0.018,1,"ENG"
"ENSG00000279789",0.000967,0.239,0.083,0.07,1,"ENSG00000279789"
"ENSG00000280347",0.000979,0.56,0.015,0.01,1,"ENSG00000280347"
"ABCC10",0.000981,0.203,0.149,0.131,1,"ABCC10"
"MAGEL2",0.000982,0.295,0.057,0.046,1,"MAGEL2"
"EME2",0.000984,0.296,0.045,0.035,1,"EME2"
"TFAM",0.000998,0.108,0.499,0.473,1,"TFAM"
"MAD2L1BP",0.00101,0.152,0.208,0.187,1,"MAD2L1BP"
"TUBA3D",0.00101,1.079,0.011,0.007,1,"TUBA3D"
"NFATC1",0.00101,0.282,0.032,0.024,1,"NFATC1"
"PTCH1",0.00101,0.141,0.263,0.237,1,"PTCH1"
"GCN1",0.00101,0.23,0.27,0.248,1,"GCN1"
"NSUN6",0.00102,-0.16,0.431,0.445,1,"NSUN6"
"FTCD",0.00102,0.535,0.012,0.008,1,"FTCD"
"PRKAB1",0.00103,0.296,0.136,0.119,1,"PRKAB1"
"STXBP4",0.00103,-0.154,0.55,0.547,1,"STXBP4"
"CHRAC1",0.00103,-0.188,0.201,0.217,1,"CHRAC1"
"NUBP1",0.00103,0.162,0.246,0.222,1,"NUBP1"
"ZBTB5",0.00103,-0.126,0.247,0.264,1,"ZBTB5"
"PDLIM1",0.00104,-0.181,0.055,0.067,1,"PDLIM1"
"H2BU1",0.00105,-0.192,0.022,0.03,1,"H2BU1"
"KLHL11",0.00105,0.174,0.217,0.195,1,"KLHL11"
"DUSP8",0.00105,0.206,0.124,0.107,1,"DUSP8"
"SLC27A6",0.00105,0.13,0.019,0.013,1,"SLC27A6"
"ZBTB3",0.00105,0.354,0.048,0.038,1,"ZBTB3"
"ENSG00000280228",0.00106,-0.501,0.006,0.01,1,"ENSG00000280228"
"ADAMTS13",0.00107,0.369,0.034,0.025,1,"ADAMTS13"
"TP53INP1",0.00107,0.262,0.399,0.38,1,"TP53INP1"
"TIGAR",0.00107,0.105,0.361,0.33,1,"TIGAR"
"WRAP73",0.00107,0.164,0.173,0.153,1,"WRAP73"
"IL17RE",0.00107,0.748,0.012,0.007,1,"IL17RE"
"ZNF345",0.0011,-0.108,0.199,0.218,1,"ZNF345"
"CACNG1",0.00111,-0.459,0.014,0.021,1,"CACNG1"
"SUGP1",0.00111,0.15,0.242,0.219,1,"SUGP1"
"ARFGEF3",0.00112,0.248,0.114,0.098,1,"ARFGEF3"
"DENND3",0.00113,-0.319,0.033,0.043,1,"DENND3"
"AP4M1",0.00113,0.128,0.228,0.204,1,"AP4M1"
"KLF11",0.00113,-0.174,0.115,0.13,1,"KLF11"
"RUVBL1",0.00113,0.107,0.448,0.419,1,"RUVBL1"
"TSSK3",0.00114,0.534,0.034,0.026,1,"TSSK3"
"CD302",0.00115,0.372,0.025,0.018,1,"CD302"
"FOXO4",0.00116,0.857,0.012,0.007,1,"FOXO4"
"ZNF121",0.00117,0.159,0.282,0.257,1,"ZNF121"
"TGOLN2",0.00118,0.118,0.534,0.509,1,"TGOLN2"
"MED9",0.00118,-0.162,0.205,0.222,1,"MED9"
"ZNF358",0.00118,0.128,0.302,0.276,1,"ZNF358"
"PLIN5",0.00118,-0.492,0.014,0.02,1,"PLIN5"
"GRIPAP1",0.00119,0.143,0.621,0.595,1,"GRIPAP1"
"GTF3A",0.0012,0.117,0.574,0.558,1,"GTF3A"
"MAPK9",0.00121,0.119,0.422,0.393,1,"MAPK9"
"RGL4",0.00121,0.839,0.013,0.008,1,"RGL4"
"NKD1",0.00121,0.451,0.063,0.052,1,"NKD1"
"GRWD1",0.00122,0.192,0.107,0.092,1,"GRWD1"
"BMF",0.00122,-0.537,0.012,0.018,1,"BMF"
"ENSG00000279880",0.00123,-0.344,0.036,0.045,1,"ENSG00000279880"
"BVES",0.00123,0.261,0.055,0.044,1,"BVES"
"LSR",0.00124,0.124,0.035,0.026,1,"LSR"
"FTSJ1",0.00124,-0.19,0.166,0.182,1,"FTSJ1"
"MGAT3",0.00125,0.194,0.133,0.117,1,"MGAT3"
"TUBGCP4",0.00126,0.139,0.383,0.357,1,"TUBGCP4"
"GCC1",0.00127,0.132,0.07,0.058,1,"GCC1"
"FGD6",0.00127,0.1,0.418,0.389,1,"FGD6"
"RAE1",0.00127,-0.114,0.353,0.368,1,"RAE1"
"MMRN2",0.00128,0.693,0.015,0.01,1,"MMRN2"
"RPS6KA1",0.00128,-0.327,0.023,0.031,1,"RPS6KA1"
"ENSG00000280216",0.0013,0.603,0.014,0.009,1,"ENSG00000280216"
"CCDC125",0.0013,0.228,0.031,0.023,1,"CCDC125"
"KLHL22",0.0013,0.102,0.481,0.45,1,"KLHL22"
"DDX59",0.00131,0.2,0.238,0.217,1,"DDX59"
"AMY2B",0.00131,0.231,0.102,0.087,1,"AMY2B"
"KDM3B",0.00131,0.125,0.692,0.67,1,"KDM3B"
"FIP1L1",0.00132,0.117,0.663,0.644,1,"FIP1L1"
"DDX23",0.00134,0.15,0.345,0.319,1,"DDX23"
"ZFAT",0.00135,-0.196,0.151,0.166,1,"ZFAT"
"TM6SF2",0.00136,0.57,0.016,0.01,1,"TM6SF2"
"KCNK2",0.00136,-0.153,0.065,0.053,1,"KCNK2"
"CNTD1",0.00136,0.331,0.041,0.032,1,"CNTD1"
"APBA2",0.00136,0.182,0.648,0.628,1,"APBA2"
"SYT6",0.00137,0.686,0.024,0.017,1,"SYT6"
"NSUN2",0.00138,0.133,0.277,0.251,1,"NSUN2"
"EED",0.00139,-0.145,0.301,0.315,1,"EED"
"HMGN4",0.00139,0.104,0.508,0.481,1,"HMGN4"
"MED7",0.0014,0.115,0.187,0.166,1,"MED7"
"HMCES",0.00141,0.132,0.277,0.253,1,"HMCES"
"BRCA1",0.00141,-0.201,0.428,0.43,1,"BRCA1"
"P2RY11",0.00141,0.517,0.016,0.01,1,"P2RY11"
"ATPSCKMT",0.00142,0.225,0.236,0.213,1,"ATPSCKMT"
"CAMKK1",0.00142,0.311,0.064,0.053,1,"CAMKK1"
"WDR55",0.00142,0.109,0.091,0.077,1,"WDR55"
"CHRD",0.00143,0.578,0.018,0.012,1,"CHRD"
"DOCK5",0.00144,0.169,0.011,0.017,1,"DOCK5"
"ENSG00000279099",0.00144,0.348,0.046,0.036,1,"ENSG00000279099"
"AP1M1",0.00144,-0.11,0.354,0.369,1,"AP1M1"
"UHRF1BP1L",0.00144,-0.108,0.5,0.51,1,"UHRF1BP1L"
"ZNF713",0.00146,-0.142,0.105,0.119,1,"ZNF713"
"DEPDC4",0.00146,0.232,0.097,0.082,1,"DEPDC4"
"OAZ3",0.00147,0.542,0.01,0.006,1,"OAZ3"
"HR",0.00147,0.308,0.091,0.078,1,"HR"
"ASIP",0.0015,0.179,0.044,0.034,1,"ASIP"
"NT5DC2",0.00151,-0.11,0.401,0.417,1,"NT5DC2"
"PLCH2",0.00151,-0.251,0.01,0.015,1,"PLCH2"
"SVOPL",0.00152,-0.279,0.011,0.017,1,"SVOPL"
"SLC25A41",0.00153,0.402,0.013,0.008,1,"SLC25A41"
"IL10RB",0.00154,0.253,0.058,0.047,1,"IL10RB"
"OTUB2",0.00154,0.362,0.061,0.051,1,"OTUB2"
"KLF2",0.00155,0.582,0.02,0.014,1,"KLF2"
"VWC2",0.00155,0.853,0.021,0.015,1,"VWC2"
"WDR27",0.00155,0.122,0.314,0.288,1,"WDR27"
"ANK1",0.00155,-0.875,0.012,0.017,1,"ANK1"
"CELA2B",0.00156,0.566,0.024,0.018,1,"CELA2B"
"DHDH",0.00156,0.326,0.011,0.006,1,"DHDH"
"QRICH2",0.00157,0.39,0.107,0.093,1,"QRICH2"
"BCKDHA",0.00161,0.17,0.146,0.129,1,"BCKDHA"
"LAT",0.00161,0.454,0.027,0.019,1,"LAT"
"OTOA",0.00162,-0.209,0.02,0.027,1,"OTOA"
"MAMSTR",0.00167,0.226,0.038,0.029,1,"MAMSTR"
"SPHK2",0.00167,0.2,0.167,0.149,1,"SPHK2"
"NME9",0.00168,0.313,0.157,0.141,1,"NME9"
"CCDC85C",0.00168,0.145,0.167,0.149,1,"CCDC85C"
"NCKIPSD",0.00168,0.104,0.093,0.079,1,"NCKIPSD"
"DYNLT2",0.00168,0.313,0.076,0.064,1,"DYNLT2"
"DCAF4",0.00169,0.164,0.072,0.06,1,"DCAF4"
"SOX8",0.00169,0.299,0.239,0.218,1,"SOX8"
"TRIM39",0.00169,0.301,0.044,0.034,1,"TRIM39"
"MRM3",0.0017,0.166,0.154,0.136,1,"MRM3"
"NT5DC3",0.0017,-0.132,0.112,0.127,1,"NT5DC3"
"CAPN10",0.00171,0.135,0.172,0.153,1,"CAPN10"
"NDUFA3",0.00174,0.144,0.479,0.454,1,"NDUFA3"
"SH2B2",0.00174,0.18,0.139,0.122,1,"SH2B2"
"DECR2",0.00175,0.23,0.05,0.04,1,"DECR2"
"SMARCD2",0.00175,0.234,0.088,0.075,1,"SMARCD2"
"SFT2D3",0.00175,0.11,0.157,0.138,1,"SFT2D3"
"RUNX1",0.00175,0.603,0.014,0.009,1,"RUNX1"
"C8orf88",0.00176,-0.193,0.146,0.16,1,"C8orf88"
"CCZ1",0.00177,0.111,0.492,0.464,1,"CCZ1"
"VPS37D",0.00178,-0.188,0.163,0.179,1,"VPS37D"
"DDX20",0.0018,0.146,0.209,0.188,1,"DDX20"
"VAX2",0.00181,0.306,0.095,0.081,1,"VAX2"
"ENSG00000280388",0.00182,0.309,0.016,0.01,1,"ENSG00000280388"
"CABP1",0.00182,0.491,0.014,0.009,1,"CABP1"
"DPP9",0.00182,0.206,0.177,0.158,1,"DPP9"
"ZNF33B",0.00183,-0.157,0.348,0.361,1,"ZNF33B"
"DNAH12",0.00184,0.546,0.019,0.013,1,"DNAH12"
"ZNF649",0.00184,0.141,0.211,0.19,1,"ZNF649"
"BCL7B",0.00184,-0.134,0.269,0.285,1,"BCL7B"
"SCN11A",0.00185,0.416,0.037,0.028,1,"SCN11A"
"CMYA5",0.00186,0.48,0.018,0.012,1,"CMYA5"
"KCNQ4",0.00186,0.697,0.017,0.011,1,"KCNQ4"
"ANKRD13D",0.00186,0.151,0.329,0.302,1,"ANKRD13D"
"SCNN1D",0.00186,0.594,0.016,0.011,1,"SCNN1D"
"SAMD10",0.00189,0.194,0.065,0.053,1,"SAMD10"
"NRIP3",0.00191,0.235,0.177,0.159,1,"NRIP3"
"SLC47A1",0.00191,0.623,0.024,0.018,1,"SLC47A1"
"MCEE",0.00193,0.12,0.189,0.169,1,"MCEE"
"MTO1",0.00193,0.149,0.154,0.136,1,"MTO1"
"ESRRA",0.00193,0.151,0.2,0.179,1,"ESRRA"
"HIF1AN",0.00194,0.156,0.255,0.232,1,"HIF1AN"
"LXN",0.00196,0.441,0.042,0.033,1,"LXN"
"GHRL",0.002,0.435,0.037,0.028,1,"GHRL"
"GTF2H2",0.002,0.106,0.416,0.39,1,"GTF2H2"
"RAB4B",0.002,0.124,0.171,0.152,1,"RAB4B"
"CREB3L1",0.00201,0.311,0.013,0.008,1,"CREB3L1"
"CCDC39",0.00201,0.627,0.035,0.027,1,"CCDC39"
"TTLL12",0.00204,0.188,0.08,0.067,1,"TTLL12"
"TECTA",0.00206,0.225,0.069,0.058,1,"TECTA"
"CTSC",0.00207,0.222,0.068,0.056,1,"CTSC"
"MT-TC",0.0021,-0.33,0.068,0.079,1,"MT-TC"
"SENP1",0.00211,-0.11,0.325,0.341,1,"SENP1"
"GPRASP2",0.00212,0.11,0.104,0.09,1,"GPRASP2"
"PABPC4",0.00222,0.125,0.397,0.373,1,"PABPC4"
"SLC16A7",0.00224,-0.221,0.094,0.107,1,"SLC16A7"
"ZNF596",0.00226,0.332,0.057,0.047,1,"ZNF596"
"DERL1",0.00226,0.113,0.368,0.341,1,"DERL1"
"CRABP2",0.00226,0.467,0.016,0.011,1,"CRABP2"
"KCNJ6",0.00226,0.378,0.023,0.017,1,"KCNJ6"
"TEX14",0.00228,0.3,0.192,0.175,1,"TEX14"
"CCDC186",0.0023,0.109,0.314,0.286,1,"CCDC186"
"SMCR8",0.00231,0.135,0.082,0.07,1,"SMCR8"
"HDAC3",0.00232,0.122,0.493,0.466,1,"HDAC3"
"UBQLN2",0.00232,0.136,0.333,0.309,1,"UBQLN2"
"SLC12A6",0.00233,-0.141,0.367,0.379,1,"SLC12A6"
"MSL1",0.00234,0.143,0.51,0.488,1,"MSL1"
"CEP131",0.00235,-0.16,0.129,0.144,1,"CEP131"
"SYNPO2L",0.00235,0.641,0.014,0.009,1,"SYNPO2L"
"ISM1",0.00235,0.737,0.013,0.008,1,"ISM1"
"TNRC18",0.00236,0.15,0.787,0.781,1,"TNRC18"
"PEX5L",0.00236,0.8,0.047,0.038,1,"PEX5L"
"SLC24A5",0.00237,0.49,0.047,0.038,1,"SLC24A5"
"MORN1",0.0024,0.107,0.163,0.145,1,"MORN1"
"TSHR",0.00242,-0.228,0.11,0.095,1,"TSHR"
"MAPK15",0.00243,0.927,0.01,0.006,1,"MAPK15"
"NAA60",0.00243,0.102,0.382,0.352,1,"NAA60"
"PARG",0.00244,0.12,0.549,0.522,1,"PARG"
"ZSCAN26",0.00245,0.117,0.358,0.333,1,"ZSCAN26"
"TOGARAM1",0.00246,0.11,0.573,0.535,1,"TOGARAM1"
"SH3BP5L",0.00246,0.226,0.093,0.08,1,"SH3BP5L"
"ZNF169",0.00247,0.11,0.119,0.104,1,"ZNF169"
"KLC4",0.00248,0.106,0.201,0.18,1,"KLC4"
"NUP62CL",0.00248,-0.464,0.018,0.025,1,"NUP62CL"
"TMEM204",0.00252,0.533,0.015,0.01,1,"TMEM204"
"PIDD1",0.00253,0.306,0.073,0.061,1,"PIDD1"
"ZNF888",0.00255,-0.262,0.034,0.043,1,"ZNF888"
"LPAR2",0.00255,-0.187,0.106,0.12,1,"LPAR2"
"RP2",0.00256,0.117,0.275,0.252,1,"RP2"
"PSMD5",0.00257,0.161,0.1,0.087,1,"PSMD5"
"SCGB1A1",0.00262,-0.337,0.01,0.015,1,"SCGB1A1"
"SGTA",0.00263,0.174,0.229,0.208,1,"SGTA"
"MAGIX",0.00263,0.712,0.012,0.008,1,"MAGIX"
"SYT14",0.00263,-0.121,0.384,0.393,1,"SYT14"
"MCM6",0.00264,-0.316,0.216,0.228,1,"MCM6"
"RGPD2",0.00266,0.243,0.138,0.122,1,"RGPD2"
"TXNRD1",0.00266,0.166,0.758,0.754,1,"TXNRD1"
"EGR3",0.00267,0.49,0.037,0.029,1,"EGR3"
"PLEKHG7",0.00268,-0.275,0.018,0.025,1,"PLEKHG7"
"SAMD14",0.00268,-0.119,0.146,0.161,1,"SAMD14"
"ATXN7L3",0.00268,0.128,0.179,0.16,1,"ATXN7L3"
"ENSG00000278987",0.00269,-0.121,0.02,0.027,1,"ENSG00000278987"
"DZIP1L",0.0027,-0.282,0.109,0.121,1,"DZIP1L"
"GABPB2",0.00274,0.185,0.25,0.23,1,"GABPB2"
"HTT",0.00274,0.125,0.64,0.619,1,"HTT"
"MYOM2",0.00275,0.726,0.014,0.009,1,"MYOM2"
"CBR3",0.00277,0.179,0.106,0.092,1,"CBR3"
"NALF2",0.00278,-0.338,0.011,0.016,1,"NALF2"
"FOXRED1",0.00278,0.128,0.32,0.297,1,"FOXRED1"
"SCAF1",0.00278,0.124,0.233,0.212,1,"SCAF1"
"ZNF267",0.00278,0.112,0.143,0.126,1,"ZNF267"
"NELFE",0.00279,0.114,0.409,0.382,1,"NELFE"
"NIPAL1",0.0028,0.71,0.014,0.009,1,"NIPAL1"
"NXPE3",0.00281,0.106,0.291,0.265,1,"NXPE3"
"ZFAND2B",0.00281,0.135,0.147,0.13,1,"ZFAND2B"
"VIL1",0.00281,-0.46,0.031,0.039,1,"VIL1"
"BORCS5",0.00282,0.104,0.307,0.281,1,"BORCS5"
"ENSG00000280321",0.00283,0.497,0.019,0.014,1,"ENSG00000280321"
"SLC5A6",0.00283,0.186,0.063,0.052,1,"SLC5A6"
"COL4A3",0.00284,0.253,0.036,0.028,1,"COL4A3"
"PPL",0.00284,0.477,0.031,0.023,1,"PPL"
"HRH2",0.00286,-0.604,0.015,0.02,1,"HRH2"
"CCDC163",0.00287,0.746,0.01,0.006,1,"CCDC163"
"SLC26A5",0.00289,0.324,0.07,0.059,1,"SLC26A5"
"PGBD4",0.00289,0.202,0.039,0.031,1,"PGBD4"
"RIC3",0.00293,-0.578,0.195,0.172,1,"RIC3"
"ZNF432",0.00295,0.113,0.312,0.287,1,"ZNF432"
"SIAH2",0.00295,-0.125,0.216,0.231,1,"SIAH2"
"AGAP5",0.00296,0.234,0.066,0.056,1,"AGAP5"
"PLEKHM3",0.003,-0.15,0.381,0.393,1,"PLEKHM3"
"FLOT2",0.00301,0.116,0.315,0.289,1,"FLOT2"
"FBXW4",0.00303,-0.629,0.016,0.022,1,"FBXW4"
"MCM3AP",0.00304,0.126,0.415,0.39,1,"MCM3AP"
"MAP7D2",0.00304,-0.268,0.017,0.023,1,"MAP7D2"
"CHRNA10",0.00306,-0.194,0.01,0.015,1,"CHRNA10"
"CCDC57",0.00306,0.167,0.391,0.366,1,"CCDC57"
"TBC1D9",0.00307,-0.12,0.338,0.35,1,"TBC1D9"
"FGF12",0.00308,-0.346,0.112,0.125,1,"FGF12"
"HAS2",0.00309,0.59,0.025,0.018,1,"HAS2"
"YTHDC2",0.00312,0.106,0.551,0.524,1,"YTHDC2"
"TGM4",0.00312,-0.311,0.009,0.014,1,"TGM4"
"EBF4",0.00315,-0.16,0.311,0.322,1,"EBF4"
"IKZF5",0.00316,0.229,0.21,0.191,1,"IKZF5"
"AMZ1",0.00317,0.28,0.17,0.153,1,"AMZ1"
"VCAN",0.00319,-0.699,0.509,0.503,1,"VCAN"
"RBP2",0.00323,0.35,0.044,0.035,1,"RBP2"
"RAD17",0.00323,0.136,0.389,0.364,1,"RAD17"
"MREG",0.00324,0.121,0.132,0.116,1,"MREG"
"ZNF433",0.00324,0.149,0.183,0.164,1,"ZNF433"
"SPTBN4",0.00324,0.157,0.104,0.091,1,"SPTBN4"
"MRPL22",0.00326,0.132,0.501,0.479,1,"MRPL22"
"SLC1A5",0.00328,0.295,0.072,0.061,1,"SLC1A5"
"SERHL2",0.0033,0.254,0.085,0.073,1,"SERHL2"
"FBXW2",0.00332,0.113,0.429,0.405,1,"FBXW2"
"TUBA3FP",0.00333,0.263,0.029,0.022,1,"TUBA3FP"
"P2RX4",0.00336,0.197,0.082,0.07,1,"P2RX4"
"ENSG00000280365",0.00337,-0.143,0.047,0.057,1,"ENSG00000280365"
"ZBTB48",0.00337,0.184,0.119,0.104,1,"ZBTB48"
"PKP4",0.00337,-0.317,0.405,0.398,1,"PKP4"
"GGA1",0.00338,0.142,0.366,0.342,1,"GGA1"
"CRTAC1",0.00339,-0.164,0.013,0.019,1,"CRTAC1"
"NRG1",0.0034,-0.448,0.206,0.184,1,"NRG1"
"HSF5",0.00342,-0.137,0.026,0.033,1,"HSF5"
"FBXO25",0.00342,0.127,0.268,0.246,1,"FBXO25"
"POLM",0.00343,0.287,0.09,0.078,1,"POLM"
"ZNF57",0.00343,0.34,0.034,0.027,1,"ZNF57"
"RPL36A-HNRNPH2",0.00346,0.719,0.014,0.009,1,"RPL36A-HNRNPH2"
"PIP4P1",0.0035,0.149,0.178,0.16,1,"PIP4P1"
"SCNM1",0.00351,0.139,0.264,0.243,1,"SCNM1"
"GRK5",0.00352,0.115,0.285,0.261,1,"GRK5"
"C4orf45",0.00353,-0.141,0.069,0.081,1,"C4orf45"
"LRRTM2",0.00357,0.12,0.264,0.243,1,"LRRTM2"
"ADAP1",0.00358,-0.604,0.007,0.011,1,"ADAP1"
"CKMT1B",0.00359,-0.488,0.008,0.012,1,"CKMT1B"
"UBL7",0.0036,0.165,0.141,0.125,1,"UBL7"
"ZRSR2",0.00361,0.11,0.389,0.36,1,"ZRSR2"
"SORT1",0.00365,0.189,0.613,0.598,1,"SORT1"
"IQCD",0.00366,0.232,0.082,0.071,1,"IQCD"
"ZBTB32",0.00368,0.633,0.032,0.025,1,"ZBTB32"
"PEX11G",0.00369,0.285,0.031,0.024,1,"PEX11G"
"SHMT1",0.00371,0.165,0.164,0.147,1,"SHMT1"
"COL6A2",0.00373,0.338,0.048,0.039,1,"COL6A2"
"PCBP4",0.00373,-0.172,0.277,0.289,1,"PCBP4"
"TMEM79",0.00374,0.369,0.041,0.033,1,"TMEM79"
"FST",0.00377,-0.265,0.023,0.03,1,"FST"
"TAF1D",0.00377,0.117,0.652,0.632,1,"TAF1D"
"CALN1",0.00379,-0.901,0.042,0.05,1,"CALN1"
"KCNIP3",0.00381,0.333,0.07,0.059,1,"KCNIP3"
"TEX35",0.00383,0.672,0.013,0.008,1,"TEX35"
"GATC",0.00387,0.128,0.229,0.209,1,"GATC"
"CBWD6",0.00388,0.156,0.11,0.096,1,"CBWD6"
"HAUS2",0.00388,0.136,0.314,0.29,1,"HAUS2"
"HAUS3",0.0039,-0.229,0.073,0.085,1,"HAUS3"
"ENSG00000279591",0.00391,-0.737,0.009,0.013,1,"ENSG00000279591"
"WDR86",0.00392,0.18,0.082,0.07,1,"WDR86"
"FAM72A",0.00394,-0.504,0.017,0.023,1,"FAM72A"
"GMFG",0.00395,0.276,0.023,0.017,1,"GMFG"
"MARCHF10",0.00395,0.491,0.013,0.008,1,"MARCHF10"
"CNNM3",0.00395,-0.116,0.141,0.155,1,"CNNM3"
"ZNF282",0.00396,0.162,0.139,0.124,1,"ZNF282"
"ENSG00000280129",0.00397,0.105,0.017,0.012,1,"ENSG00000280129"
"NLE1",0.00398,0.11,0.054,0.044,1,"NLE1"
"SNAPC4",0.00398,0.158,0.146,0.13,1,"SNAPC4"
"HSF2BP",0.00399,0.18,0.043,0.035,1,"HSF2BP"
"ZNF223",0.004,0.112,0.117,0.102,1,"ZNF223"
"EOLA2",0.00402,0.18,0.064,0.054,1,"EOLA2"
"MDC1",0.00402,-0.124,0.226,0.24,1,"MDC1"
"ENSG00000254692",0.00403,0.191,0.132,0.116,1,"ENSG00000254692"
"PRPF4",0.00403,0.108,0.288,0.264,1,"PRPF4"
"SYNGR3",0.00405,0.101,0.052,0.043,1,"SYNGR3"
"B3GALT9",0.00408,0.319,0.045,0.037,1,"B3GALT9"
"FXYD7",0.00409,-0.361,0.017,0.024,1,"FXYD7"
"COL17A1",0.00411,0.671,0.01,0.006,1,"COL17A1"
"LTB4R",0.00415,0.204,0.018,0.013,1,"LTB4R"
"AKIP1",0.00418,0.112,0.266,0.244,1,"AKIP1"
"LANCL1",0.00422,0.189,0.556,0.53,1,"LANCL1"
"CDH26",0.00422,0.304,0.01,0.006,1,"CDH26"
"NXPH4",0.00423,0.472,0.015,0.01,1,"NXPH4"
"ADSS2",0.00424,-0.1,0.418,0.427,1,"ADSS2"
"UTP11",0.00427,0.104,0.414,0.389,1,"UTP11"
"DKC1",0.00433,0.133,0.406,0.383,1,"DKC1"
"RAB13",0.00435,0.242,0.353,0.338,1,"RAB13"
"ASB6",0.00436,0.15,0.079,0.067,1,"ASB6"
"DPYSL4",0.00437,-0.114,0.297,0.311,1,"DPYSL4"
"ZC3H10",0.00439,0.244,0.107,0.093,1,"ZC3H10"
"QSOX2",0.00444,0.208,0.143,0.128,1,"QSOX2"
"UNC5C",0.00444,-0.711,0.026,0.02,1,"UNC5C"
"SPATA32",0.00444,0.451,0.024,0.018,1,"SPATA32"
"ZNF333",0.00445,0.174,0.27,0.249,1,"ZNF333"
"ENSG00000279539",0.00445,0.552,0.01,0.006,1,"ENSG00000279539"
"DLK2",0.00447,-0.312,0.028,0.036,1,"DLK2"
"ITFG2",0.00448,0.161,0.294,0.273,1,"ITFG2"
"CTSK",0.0045,-0.117,0.079,0.09,1,"CTSK"
"PIM2",0.0045,0.349,0.044,0.036,1,"PIM2"
"CD37",0.00451,0.58,0.031,0.024,1,"CD37"
"ADH6",0.00451,0.809,0.018,0.013,1,"ADH6"
"NGLY1",0.00454,-0.197,0.405,0.406,1,"NGLY1"
"ABHD1",0.00456,0.638,0.014,0.01,1,"ABHD1"
"TEAD2",0.00459,-0.125,0.309,0.32,1,"TEAD2"
"TUBGCP5",0.00465,0.14,0.287,0.264,1,"TUBGCP5"
"HPX",0.00468,-0.405,0.014,0.02,1,"HPX"
"FAM189B",0.00468,0.148,0.111,0.097,1,"FAM189B"
"MAP2K1",0.00471,0.104,0.421,0.389,1,"MAP2K1"
"ENSG00000280132",0.00472,0.276,0.024,0.018,1,"ENSG00000280132"
"TBC1D8",0.00473,0.196,0.218,0.199,1,"TBC1D8"
"ADAM17",0.00475,0.116,0.619,0.597,1,"ADAM17"
"GAK",0.00479,0.161,0.304,0.282,1,"GAK"
"TRIM32",0.00482,0.171,0.123,0.109,1,"TRIM32"
"TGFBR3L",0.00484,0.455,0.018,0.013,1,"TGFBR3L"
"PARP10",0.00486,0.275,0.018,0.013,1,"PARP10"
"AGAP9",0.00487,0.251,0.097,0.085,1,"AGAP9"
"TEF",0.00492,0.282,0.088,0.076,1,"TEF"
"EIF2B1",0.00493,0.102,0.323,0.298,1,"EIF2B1"
"KSR1",0.00494,0.171,0.357,0.332,1,"KSR1"
"FBXW10",0.00495,0.606,0.01,0.006,1,"FBXW10"
"ARMC7",0.00496,0.229,0.065,0.054,1,"ARMC7"
"FAM246C",0.00497,-0.154,0.046,0.055,1,"FAM246C"
"TAS2R30",0.00498,-0.218,0.023,0.029,1,"TAS2R30"
"SARS1",0.00503,0.155,0.588,0.574,1,"SARS1"
"CLDND2",0.00504,0.518,0.026,0.02,1,"CLDND2"
"ENSG00000279417",0.00505,-0.228,0.007,0.011,1,"ENSG00000279417"
"PPP1R37",0.00506,0.18,0.109,0.096,1,"PPP1R37"
"ADAMTSL1",0.0051,-0.321,0.057,0.067,1,"ADAMTSL1"
"TUT1",0.00511,0.113,0.083,0.071,1,"TUT1"
"PHYKPL",0.00512,0.153,0.444,0.42,1,"PHYKPL"
"ZNF543",0.00514,0.187,0.076,0.065,1,"ZNF543"
"PRR19",0.00515,-0.476,0.028,0.036,1,"PRR19"
"ADPRM",0.00519,0.152,0.098,0.085,1,"ADPRM"
"MFSD9",0.00519,-0.103,0.111,0.124,1,"MFSD9"
"ENSG00000188897",0.00519,0.493,0.022,0.016,1,"ENSG00000188897"
"CPXM1",0.00524,-0.25,0.024,0.031,1,"CPXM1"
"ZNF221",0.00533,0.229,0.09,0.078,1,"ZNF221"
"MYLK3",0.00534,-0.201,0.02,0.026,1,"MYLK3"
"C9orf43",0.00535,0.312,0.016,0.011,1,"C9orf43"
"TAS2R20",0.00537,0.206,0.066,0.055,1,"TAS2R20"
"PDE4DIP",0.00537,-0.154,0.667,0.654,1,"PDE4DIP"
"TOMM20L",0.0054,0.685,0.017,0.012,1,"TOMM20L"
"EDA2R",0.0054,0.21,0.092,0.08,1,"EDA2R"
"DENND11",0.00542,0.139,0.269,0.248,1,"DENND11"
"ATP10A",0.00544,0.316,0.091,0.079,1,"ATP10A"
"SLITRK4",0.00544,-0.732,0.016,0.021,1,"SLITRK4"
"RLIM",0.00545,0.118,0.535,0.517,1,"RLIM"
"ALDH8A1",0.00548,-0.318,0.028,0.035,1,"ALDH8A1"
"ENSG00000279500",0.00549,0.221,0.029,0.023,1,"ENSG00000279500"
"C1orf94",0.00552,0.399,0.014,0.009,1,"C1orf94"
"C18orf25",0.00558,-0.107,0.394,0.404,1,"C18orf25"
"ZNF318",0.0056,0.129,0.334,0.313,1,"ZNF318"
"EPHA6",0.00563,-3.057,0.008,0.012,1,"EPHA6"
"METTL2B",0.00565,0.12,0.467,0.441,1,"METTL2B"
"WBP4",0.00575,0.102,0.465,0.44,1,"WBP4"
"NEMP2",0.0058,-0.168,0.076,0.087,1,"NEMP2"
"MKRN3",0.00589,0.122,0.442,0.418,1,"MKRN3"
"LNX1",0.00593,-0.518,0.037,0.045,1,"LNX1"
"ENSG00000279233",0.00597,-0.213,0.026,0.033,1,"ENSG00000279233"
"RBAK-RBAKDN",0.00601,0.487,0.023,0.017,1,"RBAK-RBAKDN"
"ZNF233",0.00608,0.346,0.055,0.046,1,"ZNF233"
"TJAP1",0.00611,0.248,0.162,0.146,1,"TJAP1"
"DDX19B",0.00615,0.164,0.308,0.286,1,"DDX19B"
"HYPK",0.00615,0.332,0.023,0.017,1,"HYPK"
"SDAD1",0.00616,0.104,0.397,0.373,1,"SDAD1"
"ENSG00000285868",0.00618,0.18,0.145,0.13,1,"ENSG00000285868"
"ENSG00000279608",0.0062,0.481,0.029,0.023,1,"ENSG00000279608"
"LIMD1",0.00621,0.187,0.376,0.355,1,"LIMD1"
"TTBK1",0.0063,0.223,0.156,0.14,1,"TTBK1"
"NOMO1",0.0063,0.121,0.157,0.14,1,"NOMO1"
"BLOC1S6",0.00632,0.1,0.567,0.55,1,"BLOC1S6"
"KCNS3",0.00634,-0.602,0.011,0.016,1,"KCNS3"
"CDH3",0.00636,-0.416,0.027,0.034,1,"CDH3"
"MAT2A",0.00642,0.129,0.575,0.565,1,"MAT2A"
"LIMK1",0.00653,0.209,0.206,0.188,1,"LIMK1"
"ZNF626",0.00653,0.115,0.54,0.516,1,"ZNF626"
"AEN",0.00673,0.164,0.078,0.067,1,"AEN"
"TAS2R1",0.00678,-0.827,0.008,0.013,1,"TAS2R1"
"KPNA6",0.00678,0.103,0.592,0.57,1,"KPNA6"
"EIF3C",0.00682,0.247,0.079,0.068,1,"EIF3C"
"RAB42",0.00685,0.557,0.017,0.012,1,"RAB42"
"PCDHB3",0.00686,-0.199,0.041,0.049,1,"PCDHB3"
"KIAA2012",0.00687,0.314,0.048,0.039,1,"KIAA2012"
"C4orf51",0.00693,0.42,0.017,0.012,1,"C4orf51"
"SLC45A2",0.00698,-0.514,0.022,0.029,1,"SLC45A2"
"EFCAB10",0.00699,-0.175,0.066,0.076,1,"EFCAB10"
"ZBTB24",0.007,0.187,0.137,0.122,1,"ZBTB24"
"TRAPPC10",0.00702,0.129,0.477,0.454,1,"TRAPPC10"
"SLC25A32",0.00708,0.104,0.21,0.191,1,"SLC25A32"
"C1orf74",0.0071,0.281,0.014,0.01,1,"C1orf74"
"GRIP1",0.00714,-0.226,0.652,0.594,1,"GRIP1"
"SNX22",0.00718,-0.539,0.011,0.016,1,"SNX22"
"UCP3",0.00719,-0.315,0.014,0.02,1,"UCP3"
"SH3GLB2",0.00721,0.142,0.239,0.22,1,"SH3GLB2"
"WNT3",0.00722,0.414,0.059,0.05,1,"WNT3"
"C3orf49",0.00726,0.356,0.032,0.025,1,"C3orf49"
"BCL2L15",0.00727,-0.455,0.011,0.016,1,"BCL2L15"
"GPR35",0.0073,0.683,0.01,0.007,1,"GPR35"
"CC2D1B",0.00736,0.202,0.122,0.108,1,"CC2D1B"
"SEMA7A",0.00739,-0.382,0.008,0.012,1,"SEMA7A"
"GABRG3",0.00746,-1.13,0.026,0.032,1,"GABRG3"
"TTPAL",0.00747,0.162,0.192,0.175,1,"TTPAL"
"UBQLN4",0.00747,0.149,0.208,0.189,1,"UBQLN4"
"ZNF786",0.00747,0.153,0.175,0.158,1,"ZNF786"
"KLHL34",0.00765,-0.248,0.032,0.039,1,"KLHL34"
"SPRY3",0.00771,-0.32,0.163,0.175,1,"SPRY3"
"CCDC134",0.00772,-0.113,0.156,0.168,1,"CCDC134"
"LMOD3",0.00773,0.49,0.015,0.011,1,"LMOD3"
"KCTD12",0.00779,-0.458,0.074,0.083,1,"KCTD12"
"ATP7B",0.0078,-0.165,0.142,0.155,1,"ATP7B"
"ENSG00000279474",0.0078,0.46,0.016,0.012,1,"ENSG00000279474"
"ATG16L1",0.00781,0.131,0.187,0.169,1,"ATG16L1"
"MRPL46",0.00787,0.155,0.066,0.056,1,"MRPL46"
"NRGN",0.00788,-1.006,0.056,0.065,1,"NRGN"
"TYR",0.00796,0.27,0.023,0.017,1,"TYR"
"KATNA1",0.00797,-0.104,0.422,0.427,1,"KATNA1"
"ENSG00000279361",0.00797,0.335,0.013,0.009,1,"ENSG00000279361"
"KCNN2",0.00798,-0.107,0.023,0.017,1,"KCNN2"
"POLR2J2",0.00799,0.436,0.017,0.012,1,"POLR2J2"
"ZNF77",0.008,0.192,0.101,0.089,1,"ZNF77"
"TIGIT",0.00806,-0.285,0.026,0.033,1,"TIGIT"
"PHF12",0.00807,0.108,0.392,0.372,1,"PHF12"
"FBXO41",0.00809,0.188,0.068,0.058,1,"FBXO41"
"LDHAL6A",0.0081,-0.136,0.05,0.059,1,"LDHAL6A"
"FHOD1",0.0081,0.314,0.035,0.028,1,"FHOD1"
"SLC9A7",0.00811,0.1,0.127,0.113,1,"SLC9A7"
"COLQ",0.00814,0.177,0.117,0.104,1,"COLQ"
"TMEM201",0.00815,0.166,0.098,0.086,1,"TMEM201"
"WAS",0.00816,0.566,0.02,0.015,1,"WAS"
"PVALEF",0.00822,0.933,0.014,0.01,1,"PVALEF"
"GARIN1A",0.00823,0.168,0.096,0.084,1,"GARIN1A"
"CHODL",0.00836,0.154,0.018,0.013,1,"CHODL"
"CAMK2B",0.00854,0.245,0.046,0.038,1,"CAMK2B"
"ENSG00000280407",0.00854,0.692,0.01,0.006,1,"ENSG00000280407"
"BNIPL",0.00856,0.328,0.024,0.018,1,"BNIPL"
"ZNF79",0.00858,0.141,0.061,0.052,1,"ZNF79"
"LAMA2",0.00859,0.985,0.014,0.01,1,"LAMA2"
"MATN2",0.0086,0.449,0.045,0.037,1,"MATN2"
"SLC1A2",0.00863,0.344,0.626,0.644,1,"SLC1A2"
"ACAD9",0.00863,0.113,0.352,0.329,1,"ACAD9"
"ENSG00000254536",0.00864,0.411,0.011,0.008,1,"ENSG00000254536"
"ADNP2",0.00874,0.103,0.465,0.441,1,"ADNP2"
"RCN3",0.00883,0.393,0.022,0.016,1,"RCN3"
"EDEM1",0.00885,0.102,0.189,0.171,1,"EDEM1"
"GBA2",0.00885,0.124,0.198,0.18,1,"GBA2"
"TEAD4",0.00891,0.237,0.019,0.014,1,"TEAD4"
"BEAN1",0.00896,0.464,0.041,0.033,1,"BEAN1"
"LEPROTL1",0.00903,0.104,0.565,0.546,1,"LEPROTL1"
"GPR183",0.00905,0.384,0.015,0.01,1,"GPR183"
"NAA40",0.00909,0.119,0.242,0.224,1,"NAA40"
"UBR7",0.0091,-0.119,0.305,0.316,1,"UBR7"
"AMD1",0.00911,0.133,0.463,0.443,1,"AMD1"
"CCDC177",0.00921,0.231,0.012,0.008,1,"CCDC177"
"SPDYE2B",0.00922,0.72,0.016,0.012,1,"SPDYE2B"
"ACSBG2",0.00934,0.247,0.052,0.043,1,"ACSBG2"
"SYN2",0.00936,-1.087,0.013,0.018,1,"SYN2"
"ANKRD31",0.00941,0.326,0.026,0.02,1,"ANKRD31"
"JRK",0.00942,0.156,0.104,0.092,1,"JRK"
"DND1",0.00956,0.29,0.117,0.105,1,"DND1"
"KAT14",0.0096,0.141,0.151,0.136,1,"KAT14"
"JAG2",0.00981,-0.411,0.008,0.012,1,"JAG2"
"OSBPL10",0.00981,-0.737,0.028,0.035,1,"OSBPL10"
"MICAL2",0.00981,0.601,0.013,0.009,1,"MICAL2"
"RNF126",0.00993,0.109,0.27,0.25,1,"RNF126"
"PHF7",0.00994,-0.225,0.133,0.145,1,"PHF7"
"OCLN",0.00997,0.23,0.081,0.07,1,"OCLN"
"MAST3",0.01,0.193,0.08,0.07,1,"MAST3"
"ZNF442",0.0101,0.225,0.054,0.046,1,"ZNF442"
"PMF1-BGLAP",0.0101,0.59,0.014,0.01,1,"PMF1-BGLAP"
"ARF1",0.0101,0.101,0.75,0.752,1,"ARF1"
"ISG20",0.0102,0.222,0.018,0.013,1,"ISG20"
"AARS2",0.0102,-0.142,0.1,0.111,1,"AARS2"
"CHRNE",0.0104,0.359,0.058,0.05,1,"CHRNE"
"YY2",0.0105,0.275,0.02,0.015,1,"YY2"
"DLGAP1",0.0106,0.107,0.851,0.837,1,"DLGAP1"
"PHKA2",0.0106,0.111,0.224,0.206,1,"PHKA2"
"IFI44",0.0106,-0.17,0.253,0.264,1,"IFI44"
"TRAK1",0.0107,0.111,0.555,0.532,1,"TRAK1"
"IRF2BPL",0.0107,0.108,0.382,0.361,1,"IRF2BPL"
"RGS3",0.0108,-0.436,0.232,0.237,1,"RGS3"
"ENSG00000288591",0.0109,-0.389,0.015,0.02,1,"ENSG00000288591"
"TRMT6",0.0109,-0.213,0.162,0.173,1,"TRMT6"
"MAPK7",0.0109,-0.107,0.211,0.223,1,"MAPK7"
"CRISPLD2",0.011,0.365,0.016,0.011,1,"CRISPLD2"
"PANK4",0.011,0.171,0.083,0.072,1,"PANK4"
"GCNA",0.0111,-0.19,0.101,0.112,1,"GCNA"
"NODAL",0.0111,-0.126,0.017,0.023,1,"NODAL"
"CTU2",0.0112,0.112,0.103,0.091,1,"CTU2"
"APBA3",0.0112,0.26,0.044,0.036,1,"APBA3"
"ENO3",0.0112,0.369,0.015,0.011,1,"ENO3"
"KCNB1",0.0113,0.325,0.107,0.096,1,"KCNB1"
"ZNF814",0.0113,0.131,0.426,0.402,1,"ZNF814"
"AMH",0.0113,-0.28,0.068,0.078,1,"AMH"
"MBD1",0.0114,0.121,0.276,0.256,1,"MBD1"
"NIPA2",0.0114,0.123,0.428,0.412,1,"NIPA2"
"PHF10",0.0114,0.127,0.348,0.325,1,"PHF10"
"TSR2",0.0114,0.136,0.293,0.274,1,"TSR2"
"TMEM220",0.0115,0.308,0.037,0.03,1,"TMEM220"
"ZNF598",0.0115,0.165,0.124,0.11,1,"ZNF598"
"CDKL4",0.0115,-0.297,0.039,0.046,1,"CDKL4"
"FSIP2",0.0115,-0.124,0.491,0.491,1,"FSIP2"
"WEE2",0.0116,0.578,0.012,0.009,1,"WEE2"
"ORC3",0.0117,0.105,0.44,0.418,1,"ORC3"
"CLMN",0.0117,0.43,0.018,0.014,1,"CLMN"
"TUBGCP6",0.0117,0.257,0.076,0.066,1,"TUBGCP6"
"WDR36",0.0118,-0.102,0.325,0.335,1,"WDR36"
"INPP5K",0.0118,0.131,0.14,0.126,1,"INPP5K"
"INKA2",0.0118,0.253,0.261,0.245,1,"INKA2"
"PP2D1",0.0118,0.48,0.039,0.032,1,"PP2D1"
"KCNJ2",0.0118,0.391,0.032,0.026,1,"KCNJ2"
"CCDC88C",0.012,-0.107,0.293,0.309,1,"CCDC88C"
"C2orf66",0.0121,0.163,0.016,0.012,1,"C2orf66"
"IFFO1",0.0122,0.253,0.08,0.07,1,"IFFO1"
"POP4",0.0122,0.108,0.258,0.239,1,"POP4"
"MAP3K11",0.0123,0.209,0.114,0.102,1,"MAP3K11"
"CHST11",0.0124,0.232,0.757,0.738,1,"CHST11"
"SLC2A13",0.0124,-0.137,0.225,0.237,1,"SLC2A13"
"RPL39L",0.0124,-0.108,0.166,0.179,1,"RPL39L"
"GPRASP1",0.0126,0.207,0.075,0.065,1,"GPRASP1"
"EDC4",0.0126,0.119,0.204,0.187,1,"EDC4"
"ZSWIM3",0.0126,0.171,0.09,0.079,1,"ZSWIM3"
"BDH1",0.0127,0.298,0.063,0.054,1,"BDH1"
"KPNA1",0.0128,0.123,0.627,0.602,1,"KPNA1"
"SLC25A19",0.0128,0.266,0.05,0.042,1,"SLC25A19"
"EFCAB12",0.0128,0.433,0.024,0.018,1,"EFCAB12"
"TMEM108",0.0129,-0.28,0.462,0.426,1,"TMEM108"
"FAM111A",0.0129,-0.25,0.162,0.172,1,"FAM111A"
"ZXDA",0.013,0.166,0.068,0.058,1,"ZXDA"
"ADA2",0.013,-0.113,0.036,0.043,1,"ADA2"
"ANK2",0.0132,0.243,0.964,0.973,1,"ANK2"
"MAF1",0.0135,0.118,0.472,0.446,1,"MAF1"
"SETD6",0.0135,0.13,0.219,0.202,1,"SETD6"
"THAP8",0.0135,0.214,0.095,0.084,1,"THAP8"
"USP19",0.0136,0.193,0.145,0.132,1,"USP19"
"CHRFAM7A",0.0136,-0.196,0.009,0.013,1,"CHRFAM7A"
"SNRNP35",0.0137,0.152,0.346,0.325,1,"SNRNP35"
"EGR1",0.0138,0.251,0.497,0.494,1,"EGR1"
"PCDH15",0.0138,0.854,0.023,0.018,1,"PCDH15"
"ST3GAL4",0.014,0.123,0.204,0.187,1,"ST3GAL4"
"ZPBP",0.0141,1.368,0.01,0.006,1,"ZPBP"
"CIC",0.0141,0.12,0.238,0.22,1,"CIC"
"SLC51A",0.0142,0.242,0.055,0.046,1,"SLC51A"
"POLR2D",0.0142,0.122,0.309,0.29,1,"POLR2D"
"ENSG00000279759",0.0143,0.211,0.017,0.012,1,"ENSG00000279759"
"MFSD2B",0.0143,-0.229,0.047,0.054,1,"MFSD2B"
"FAM149B1",0.0144,0.103,0.361,0.336,1,"FAM149B1"
"ENSG00000187186",0.0144,0.141,0.124,0.111,1,"ENSG00000187186"
"CLDN15",0.0144,0.444,0.028,0.022,1,"CLDN15"
"LRRC19",0.0145,0.425,0.044,0.037,1,"LRRC19"
"NLRP2",0.0145,-0.46,0.011,0.015,1,"NLRP2"
"SHISA8",0.0146,0.363,0.012,0.009,1,"SHISA8"
"DHX30",0.0146,0.111,0.53,0.512,1,"DHX30"
"SMG8",0.0146,0.133,0.119,0.106,1,"SMG8"
"SLC12A7",0.0146,0.386,0.03,0.024,1,"SLC12A7"
"TIMM23B-AGAP6",0.0146,0.154,0.085,0.074,1,"TIMM23B-AGAP6"
"KAT8",0.0147,0.139,0.354,0.333,1,"KAT8"
"SLC12A8",0.0147,0.132,0.104,0.093,1,"SLC12A8"
"RALGPS2",0.0148,-0.197,0.459,0.459,1,"RALGPS2"
"SPDYE1",0.0148,0.126,0.092,0.081,1,"SPDYE1"
"ZFR2",0.0149,-0.213,0.082,0.091,1,"ZFR2"
"AMT",0.0149,0.494,0.013,0.009,1,"AMT"
"CRTC2",0.015,0.182,0.079,0.07,1,"CRTC2"
"UNKL",0.0151,0.244,0.157,0.143,1,"UNKL"
"PHETA1",0.0151,0.206,0.05,0.042,1,"PHETA1"
"PPA1",0.0152,0.111,0.827,0.827,1,"PPA1"
"SIPA1L3",0.0156,0.206,0.561,0.546,1,"SIPA1L3"
"MKRN2",0.0156,0.108,0.279,0.258,1,"MKRN2"
"TEKT2",0.0156,0.342,0.014,0.01,1,"TEKT2"
"CEL",0.0157,0.395,0.015,0.011,1,"CEL"
"TEX22",0.0157,0.167,0.177,0.162,1,"TEX22"
"PCGF1",0.0158,0.163,0.085,0.074,1,"PCGF1"
"POLDIP3",0.0158,0.122,0.374,0.352,1,"POLDIP3"
"ZSCAN22",0.0159,0.217,0.035,0.029,1,"ZSCAN22"
"ARL9",0.0159,0.553,0.026,0.021,1,"ARL9"
"MMP17",0.016,-0.147,0.011,0.015,1,"MMP17"
"ENSG00000280186",0.016,0.447,0.02,0.015,1,"ENSG00000280186"
"PRSS55",0.0161,0.101,0.058,0.049,1,"PRSS55"
"TCEA3",0.0161,0.111,0.068,0.059,1,"TCEA3"
"GHDC",0.0163,0.429,0.016,0.011,1,"GHDC"
"GCNT7",0.0164,-0.309,0.05,0.058,1,"GCNT7"
"DFFB",0.0165,0.22,0.118,0.106,1,"DFFB"
"VPS37C",0.0166,0.162,0.109,0.097,1,"VPS37C"
"ENSG00000267127",0.0166,0.347,0.029,0.023,1,"ENSG00000267127"
"COQ7",0.0166,0.122,0.33,0.311,1,"COQ7"
"DNAJB7",0.0168,0.653,0.012,0.008,1,"DNAJB7"
"FBXW12",0.0169,-0.133,0.02,0.025,1,"FBXW12"
"DLEU7",0.0169,0.297,0.059,0.051,1,"DLEU7"
"RBM24",0.017,0.111,0.088,0.099,1,"RBM24"
"CCNT1",0.017,0.135,0.311,0.291,1,"CCNT1"
"ZNF385C",0.0171,0.457,0.012,0.008,1,"ZNF385C"
"ITGA11",0.0171,-0.422,0.008,0.012,1,"ITGA11"
"CAPN13",0.0172,0.581,0.012,0.009,1,"CAPN13"
"TSACC",0.0172,0.653,0.012,0.008,1,"TSACC"
"MAN2A1",0.0173,-0.313,0.424,0.415,1,"MAN2A1"
"ZC3HC1",0.0176,0.129,0.286,0.265,1,"ZC3HC1"
"RAB11FIP1",0.0176,0.279,0.044,0.037,1,"RAB11FIP1"
"SBNO2",0.0176,0.151,0.088,0.077,1,"SBNO2"
"TRPC3",0.0177,-0.601,0.032,0.038,1,"TRPC3"
"CDPF1",0.0178,0.107,0.059,0.05,1,"CDPF1"
"SPATA9",0.0179,-0.381,0.015,0.019,1,"SPATA9"
"TUBB2A",0.0179,0.188,0.88,0.913,1,"TUBB2A"
"STS",0.018,-0.124,0.225,0.204,1,"STS"
"NPIPB6",0.0181,0.392,0.013,0.009,1,"NPIPB6"
"JMJD6",0.0185,0.151,0.19,0.175,1,"JMJD6"
"ZNF529",0.0185,0.162,0.419,0.395,1,"ZNF529"
"ENSG00000279602",0.0186,0.494,0.051,0.043,1,"ENSG00000279602"
"CAGE1",0.0186,0.463,0.014,0.01,1,"CAGE1"
"SIVA1",0.0187,-0.126,0.613,0.601,1,"SIVA1"
"SST",0.0187,-0.56,0.027,0.022,1,"SST"
"ENSG00000273025",0.0189,0.553,0.01,0.007,1,"ENSG00000273025"
"ZKSCAN2",0.0189,-0.126,0.111,0.122,1,"ZKSCAN2"
"ENSG00000266086",0.0189,0.16,0.15,0.137,1,"ENSG00000266086"
"SUN1",0.0191,0.113,0.528,0.506,1,"SUN1"
"TAPT1",0.0191,0.101,0.421,0.398,1,"TAPT1"
"CYP2E1",0.0192,0.319,0.016,0.012,1,"CYP2E1"
"TMEM116",0.0193,-0.131,0.199,0.211,1,"TMEM116"
"ENSG00000279103",0.0194,0.227,0.063,0.055,1,"ENSG00000279103"
"KLF10",0.0195,0.167,0.233,0.218,1,"KLF10"
"PRAM1",0.0195,0.332,0.017,0.013,1,"PRAM1"
"GRM7",0.0197,-0.397,0.08,0.069,1,"GRM7"
"GLS2",0.0197,0.238,0.032,0.026,1,"GLS2"
"MRPL32",0.0197,0.104,0.441,0.421,1,"MRPL32"
"PPP1R12C",0.0199,0.364,0.011,0.007,1,"PPP1R12C"
"DNAH10",0.0199,-0.12,0.143,0.155,1,"DNAH10"
"SAMD5",0.02,-0.487,0.012,0.016,1,"SAMD5"
"ZNF763",0.02,0.109,0.019,0.015,1,"ZNF763"
"GTF2IRD2",0.0203,0.208,0.149,0.136,1,"GTF2IRD2"
"CAPN12",0.0204,-0.261,0.014,0.019,1,"CAPN12"
"SLC28A2",0.0205,0.291,0.011,0.008,1,"SLC28A2"
"RAVER1",0.0207,0.173,0.165,0.152,1,"RAVER1"
"CD68",0.0208,0.531,0.011,0.008,1,"CD68"
"DHX35",0.0208,-0.101,0.286,0.296,1,"DHX35"
"RPA4",0.0209,0.578,0.011,0.008,1,"RPA4"
"PPP1R13L",0.021,-0.389,0.031,0.037,1,"PPP1R13L"
"ENSG00000280143",0.0213,0.296,0.038,0.032,1,"ENSG00000280143"
"ENSG00000279033",0.0214,0.173,0.024,0.019,1,"ENSG00000279033"
"ZNF784",0.0215,0.154,0.043,0.036,1,"ZNF784"
"ZBTB21",0.0219,0.134,0.193,0.177,1,"ZBTB21"
"TNFAIP8L1",0.0221,-0.157,0.076,0.084,1,"TNFAIP8L1"
"TFRC",0.0221,0.267,0.289,0.274,1,"TFRC"
"CROCC",0.0221,0.198,0.248,0.233,1,"CROCC"
"TNXB",0.0223,0.35,0.041,0.035,1,"TNXB"
"PDXDC1",0.0225,0.189,0.693,0.684,1,"PDXDC1"
"ENSG00000279358",0.0226,-0.205,0.011,0.015,1,"ENSG00000279358"
"NOL12",0.0227,0.14,0.216,0.201,1,"NOL12"
"NFASC",0.0228,-0.168,0.143,0.153,1,"NFASC"
"GAL3ST4",0.0229,-0.141,0.104,0.114,1,"GAL3ST4"
"ENPEP",0.0229,0.416,0.014,0.01,1,"ENPEP"
"KDM8",0.023,0.308,0.043,0.037,1,"KDM8"
"CACFD1",0.0232,0.126,0.168,0.153,1,"CACFD1"
"C19orf54",0.0232,0.278,0.046,0.039,1,"C19orf54"
"ENSG00000290183",0.0233,0.354,0.015,0.011,1,"ENSG00000290183"
"CDS1",0.0235,-0.123,0.018,0.022,1,"CDS1"
"SUV39H1",0.0235,-0.214,0.032,0.038,1,"SUV39H1"
"ITPRIPL1",0.0237,-0.456,0.007,0.01,1,"ITPRIPL1"
"SMN2",0.0237,0.277,0.04,0.034,1,"SMN2"
"EGFL8",0.0239,0.256,0.054,0.047,1,"EGFL8"
"WDR53",0.0241,0.126,0.101,0.09,1,"WDR53"
"LPAR6",0.0241,0.295,0.129,0.117,1,"LPAR6"
"PPOX",0.0244,0.19,0.115,0.104,1,"PPOX"
"OXCT1",0.0244,-0.134,0.356,0.36,1,"OXCT1"
"USP35",0.0244,0.311,0.041,0.034,1,"USP35"
"RPRML",0.0245,1.132,0.018,0.014,1,"RPRML"
"CENPT",0.0245,-0.142,0.168,0.178,1,"CENPT"
"TCEANC2",0.0245,0.103,0.123,0.111,1,"TCEANC2"
"EDC3",0.0245,0.144,0.215,0.199,1,"EDC3"
"NSUN3",0.0248,-0.131,0.283,0.293,1,"NSUN3"
"SHLD1",0.0249,-0.104,0.267,0.275,1,"SHLD1"
"MUC6",0.0251,0.415,0.019,0.015,1,"MUC6"
"VPS26C",0.0252,0.105,0.419,0.397,1,"VPS26C"
"ENSG00000141979",0.0252,0.266,0.06,0.052,1,"ENSG00000141979"
"ARPP21",0.0254,-1.512,0.102,0.11,1,"ARPP21"
"PTK6",0.0255,-0.248,0.021,0.026,1,"PTK6"
"SETDB1",0.0256,0.113,0.384,0.363,1,"SETDB1"
"PEX5",0.0257,0.131,0.197,0.182,1,"PEX5"
"ZKSCAN7",0.0258,0.166,0.128,0.116,1,"ZKSCAN7"
"ADORA2A",0.0258,-0.137,0.016,0.02,1,"ADORA2A"
"SLCO1A2",0.0259,-0.221,0.052,0.06,1,"SLCO1A2"
"NOMO3",0.0261,0.206,0.085,0.076,1,"NOMO3"
"ENSG00000280063",0.0263,0.502,0.016,0.012,1,"ENSG00000280063"
"CPNE9",0.0263,0.589,0.018,0.014,1,"CPNE9"
"ZNF689",0.0263,0.162,0.132,0.121,1,"ZNF689"
"PRDM8",0.0264,0.456,0.017,0.013,1,"PRDM8"
"ENSG00000280138",0.0265,0.155,0.209,0.194,1,"ENSG00000280138"
"PCDHB5",0.0267,0.249,0.077,0.068,1,"PCDHB5"
"MT-TH",0.0267,0.127,0.021,0.017,1,"MT-TH"
"KCNJ13",0.027,0.304,0.057,0.049,1,"KCNJ13"
"CCNP",0.027,0.433,0.015,0.011,1,"CCNP"
"SPATA21",0.0271,0.198,0.08,0.09,1,"SPATA21"
"PRKCB",0.0274,0.422,0.015,0.011,1,"PRKCB"
"CILP2",0.0274,0.254,0.014,0.01,1,"CILP2"
"SLC46A2",0.0274,-0.368,0.007,0.011,1,"SLC46A2"
"ENSG00000279348",0.0274,0.114,0.058,0.05,1,"ENSG00000279348"
"MYH7B",0.0275,0.393,0.032,0.027,1,"MYH7B"
"RAB3B",0.0276,0.271,0.026,0.021,1,"RAB3B"
"ENSG00000268083",0.0277,-0.165,0.016,0.02,1,"ENSG00000268083"
"DIO1",0.0279,-0.195,0.023,0.028,1,"DIO1"
"ZDHHC5",0.0279,-0.108,0.246,0.255,1,"ZDHHC5"
"ABCC6",0.0282,0.251,0.023,0.018,1,"ABCC6"
"MPV17L2",0.0283,0.193,0.058,0.05,1,"MPV17L2"
"GSG1L",0.0285,0.319,0.047,0.041,1,"GSG1L"
"MTOR",0.0285,0.106,0.438,0.419,1,"MTOR"
"KIZ",0.0285,0.181,0.311,0.296,1,"KIZ"
"LRRC28",0.0287,-0.128,0.411,0.413,1,"LRRC28"
"SNORC",0.0289,0.193,0.075,0.066,1,"SNORC"
"ANP32E",0.029,-0.32,0.609,0.568,1,"ANP32E"
"ZNF417",0.0291,0.129,0.195,0.181,1,"ZNF417"
"ZSWIM1",0.0291,0.116,0.032,0.026,1,"ZSWIM1"
"SNN",0.0291,0.107,0.359,0.341,1,"SNN"
"GUCA1B",0.0292,0.318,0.069,0.061,1,"GUCA1B"
"FLRT1",0.0293,0.115,0.206,0.222,1,"FLRT1"
"KLF6",0.0294,0.112,0.338,0.32,1,"KLF6"
"TEKTIP1",0.0295,0.358,0.02,0.016,1,"TEKTIP1"
"DMAC2",0.0296,-0.102,0.221,0.231,1,"DMAC2"
"PPM1F",0.0297,0.133,0.147,0.134,1,"PPM1F"
"LTV1",0.0301,0.103,0.286,0.267,1,"LTV1"
"ENSG00000280205",0.0303,-0.306,0.012,0.016,1,"ENSG00000280205"
"ARHGAP30",0.0306,0.501,0.012,0.009,1,"ARHGAP30"
"C9orf24",0.0309,-0.131,0.181,0.191,1,"C9orf24"
"TCEANC",0.031,-0.125,0.043,0.05,1,"TCEANC"
"SNAI2",0.0311,-0.34,0.015,0.019,1,"SNAI2"
"HIGD1C",0.0313,0.494,0.025,0.02,1,"HIGD1C"
"ATP6V0A1",0.0315,0.11,0.555,0.537,1,"ATP6V0A1"
"ARL4A",0.0317,0.155,0.087,0.078,1,"ARL4A"
"CHRM5",0.0317,0.357,0.058,0.051,1,"CHRM5"
"TM4SF20",0.0319,-0.244,0.009,0.012,1,"TM4SF20"
"SPDYE16",0.032,0.387,0.016,0.013,1,"SPDYE16"
"RNF25",0.032,0.18,0.103,0.093,1,"RNF25"
"NEB",0.0326,0.272,0.062,0.055,1,"NEB"
"SNX16",0.0329,-0.118,0.22,0.229,1,"SNX16"
"XRCC3",0.0329,-0.102,0.084,0.093,1,"XRCC3"
"TTC33",0.033,-0.117,0.405,0.406,1,"TTC33"
"TUBA8",0.0333,-0.16,0.049,0.056,1,"TUBA8"
"TTC13",0.034,-0.115,0.267,0.274,1,"TTC13"
"EBLN2",0.0344,-0.178,0.057,0.064,1,"EBLN2"
"CFAP20DC",0.0344,0.19,0.021,0.016,1,"CFAP20DC"
"BCS1L",0.0346,0.154,0.125,0.114,1,"BCS1L"
"CDK11A",0.0348,0.118,0.293,0.274,1,"CDK11A"
"FAM186A",0.035,0.469,0.023,0.018,1,"FAM186A"
"MT-TP",0.035,-0.434,0.019,0.024,1,"MT-TP"
"ENSG00000278991",0.0354,0.17,0.07,0.062,1,"ENSG00000278991"
"ASPHD1",0.0357,0.144,0.225,0.209,1,"ASPHD1"
"CARMIL3",0.0358,-0.124,0.023,0.028,1,"CARMIL3"
"ATF1",0.0358,-0.106,0.371,0.376,1,"ATF1"
"IRX5",0.0359,0.282,0.03,0.025,1,"IRX5"
"ANGPTL3",0.036,0.454,0.026,0.021,1,"ANGPTL3"
"HMX1",0.036,0.156,0.008,0.011,1,"HMX1"
"MTCP1",0.0362,0.372,0.125,0.115,1,"MTCP1"
"PTGES3L",0.0363,0.353,0.017,0.013,1,"PTGES3L"
"HEATR4",0.0363,0.145,0.06,0.053,1,"HEATR4"
"ZNF280D",0.0363,0.385,0.017,0.013,1,"ZNF280D"
"EIF2B4",0.0364,0.12,0.217,0.201,1,"EIF2B4"
"ABCG1",0.0365,0.348,0.054,0.047,1,"ABCG1"
"SMC1B",0.0367,0.514,0.045,0.039,1,"SMC1B"
"CNMD",0.0368,0.571,0.012,0.009,1,"CNMD"
"ARHGEF9",0.0369,0.11,0.647,0.633,1,"ARHGEF9"
"SGCZ",0.0369,-0.734,0.01,0.013,1,"SGCZ"
"RSPH9",0.0371,0.286,0.045,0.039,1,"RSPH9"
"C19orf47",0.0372,-0.103,0.067,0.075,1,"C19orf47"
"ATP2C2",0.0372,-0.213,0.027,0.032,1,"ATP2C2"
"THSD7A",0.0374,-0.161,0.276,0.285,1,"THSD7A"
"DYRK2",0.0378,0.14,0.31,0.293,1,"DYRK2"
"BOK",0.0379,-0.614,0.022,0.027,1,"BOK"
"SCN9A",0.038,-0.4,0.023,0.028,1,"SCN9A"
"ZNF559-ZNF177",0.0381,0.155,0.228,0.215,1,"ZNF559-ZNF177"
"IRGM",0.0382,-0.31,0.015,0.019,1,"IRGM"
"ABI3BP",0.0383,0.326,0.063,0.055,1,"ABI3BP"
"OSBPL11",0.0383,0.117,0.468,0.448,1,"OSBPL11"
"ADGRA2",0.0383,-0.194,0.008,0.011,1,"ADGRA2"
"RASSF5",0.0383,0.392,0.013,0.01,1,"RASSF5"
"CLSTN2",0.0386,0.422,0.12,0.111,1,"CLSTN2"
"RSPH14",0.0387,0.138,0.061,0.053,1,"RSPH14"
"SCX",0.0387,0.29,0.027,0.022,1,"SCX"
"ZBTB12",0.0389,-0.408,0.016,0.02,1,"ZBTB12"
"NHSL2",0.039,0.122,0.024,0.019,1,"NHSL2"
"TFIP11",0.0393,0.11,0.188,0.174,1,"TFIP11"
"MIGA2",0.0397,0.146,0.084,0.076,1,"MIGA2"
"SLC19A2",0.0399,-0.12,0.155,0.164,1,"SLC19A2"
"EXOSC2",0.0403,-0.124,0.178,0.188,1,"EXOSC2"
"FXYD6-FXYD2",0.0403,0.472,0.018,0.014,1,"FXYD6-FXYD2"
"SPRTN",0.0403,0.122,0.265,0.248,1,"SPRTN"
"DHX16",0.0403,0.1,0.203,0.188,1,"DHX16"
"GNB1L",0.0405,-0.132,0.098,0.106,1,"GNB1L"
"SNTG1",0.0412,0.238,0.771,0.774,1,"SNTG1"
"ZNF692",0.0414,-0.102,0.135,0.144,1,"ZNF692"
"TBC1D24",0.0419,0.123,0.207,0.193,1,"TBC1D24"
"ADGRL3",0.042,-0.133,0.671,0.652,1,"ADGRL3"
"ZNF256",0.0422,-0.121,0.068,0.076,1,"ZNF256"
"RAB15",0.0422,0.146,0.102,0.092,1,"RAB15"
"ZP3",0.0424,0.296,0.041,0.035,1,"ZP3"
"B9D2",0.0429,0.17,0.096,0.087,1,"B9D2"
"NBPF9",0.043,0.134,0.226,0.213,1,"NBPF9"
"ENSG00000279649",0.043,-0.198,0.017,0.021,1,"ENSG00000279649"
"ENSG00000280046",0.0433,0.333,0.04,0.034,1,"ENSG00000280046"
"NDRG1",0.0435,0.623,0.037,0.032,1,"NDRG1"
"ZNF276",0.0435,0.159,0.143,0.132,1,"ZNF276"
"LTBP4",0.0436,0.24,0.261,0.25,1,"LTBP4"
"PCDHA13",0.0438,-0.175,0.02,0.024,1,"PCDHA13"
"INPP5E",0.0439,0.13,0.13,0.119,1,"INPP5E"
"PRX",0.0442,0.488,0.01,0.007,1,"PRX"
"AFMID",0.0445,0.142,0.096,0.087,1,"AFMID"
"XRCC4",0.0446,-0.215,0.331,0.33,1,"XRCC4"
"S1PR2",0.0449,0.229,0.014,0.011,1,"S1PR2"
"PAXIP1",0.0463,-0.103,0.267,0.275,1,"PAXIP1"
"ENSG00000279407",0.0463,-0.187,0.055,0.061,1,"ENSG00000279407"
"HIP1",0.0465,0.165,0.782,0.784,1,"HIP1"
"EIF4ENIF1",0.0468,0.115,0.42,0.4,1,"EIF4ENIF1"
"ZNF627",0.0469,-0.119,0.264,0.274,1,"ZNF627"
"SLC25A25",0.047,-0.104,0.321,0.328,1,"SLC25A25"
"SLC3A1",0.0476,0.228,0.09,0.081,1,"SLC3A1"
"LAMB4",0.0478,0.148,0.063,0.056,1,"LAMB4"
"FXYD2",0.0483,0.339,0.017,0.014,1,"FXYD2"
"CAPN14",0.0483,-0.329,0.013,0.016,1,"CAPN14"
"ZNF700",0.0485,0.107,0.067,0.059,1,"ZNF700"
"MAPKBP1",0.0487,0.108,0.333,0.315,1,"MAPKBP1"
"STARD6",0.049,0.201,0.018,0.014,1,"STARD6"
"NPIPB4",0.0492,0.234,0.124,0.114,1,"NPIPB4"
"PFAS",0.0493,0.117,0.114,0.104,1,"PFAS"
"IGSF21",0.0503,-0.537,0.008,0.011,1,"IGSF21"
"RANBP17",0.0504,-0.188,0.56,0.548,1,"RANBP17"
"ZNF501",0.0505,0.261,0.039,0.033,1,"ZNF501"
"UBAP1L",0.0506,0.128,0.156,0.144,1,"UBAP1L"
"PLA2G10",0.0507,-0.124,0.022,0.027,1,"PLA2G10"
"CNNM4",0.051,-0.137,0.109,0.117,1,"CNNM4"
"GOLGA7B",0.0514,-0.225,0.011,0.015,1,"GOLGA7B"
"DOC2A",0.0522,0.327,0.019,0.015,1,"DOC2A"
"TMEM132C",0.0525,0.477,0.011,0.008,1,"TMEM132C"
"ZNF165",0.0525,0.201,0.014,0.011,1,"ZNF165"
"FAM186B",0.0527,0.271,0.022,0.018,1,"FAM186B"
"CWC25",0.0528,0.111,0.311,0.295,1,"CWC25"
"ZNF816",0.0529,0.361,0.027,0.022,1,"ZNF816"
"ERCC6",0.0531,0.119,0.273,0.257,1,"ERCC6"
"C2",0.0531,0.197,0.046,0.04,1,"C2"
"CCDC178",0.0531,0.306,0.026,0.03,1,"CCDC178"
"CLIP1",0.0531,0.109,0.718,0.715,1,"CLIP1"
"DUS1L",0.0534,0.131,0.128,0.118,1,"DUS1L"
"NSUN5",0.0538,0.113,0.088,0.079,1,"NSUN5"
"KCNH1",0.0538,-0.126,0.022,0.018,1,"KCNH1"
"CSNK1G2",0.0542,0.124,0.308,0.293,1,"CSNK1G2"
"GOLGA8R",0.0542,0.241,0.012,0.009,1,"GOLGA8R"
"NRP1",0.0542,-0.102,0.188,0.174,1,"NRP1"
"CCDC192",0.0543,0.104,0.023,0.019,1,"CCDC192"
"CLMP",0.0543,1.153,0.028,0.023,1,"CLMP"
"STX1B",0.0545,0.126,0.129,0.118,1,"STX1B"
"ADCY5",0.0547,0.182,0.117,0.108,1,"ADCY5"
"BAIAP2L2",0.0549,0.184,0.044,0.038,1,"BAIAP2L2"
"BRD2",0.0552,0.118,0.605,0.593,1,"BRD2"
"ZNF341",0.0552,0.139,0.066,0.059,1,"ZNF341"
"ASTE1",0.0552,-0.201,0.014,0.018,1,"ASTE1"
"JSRP1",0.0563,-0.183,0.008,0.011,1,"JSRP1"
"ZYG11A",0.0564,-0.327,0.016,0.02,1,"ZYG11A"
"ENSG00000280244",0.0565,0.131,0.018,0.014,1,"ENSG00000280244"
"EPHX3",0.0568,-0.24,0.016,0.02,1,"EPHX3"
"CLN3",0.0569,0.23,0.039,0.034,1,"CLN3"
"RASIP1",0.0569,-0.228,0.012,0.016,1,"RASIP1"
"GPR89B",0.0571,0.101,0.21,0.196,1,"GPR89B"
"NPIPB11",0.0574,0.446,0.019,0.016,1,"NPIPB11"
"DUS3L",0.0575,0.139,0.128,0.118,1,"DUS3L"
"COL26A1",0.0575,-0.36,0.013,0.016,1,"COL26A1"
"PCDHB7",0.0577,-0.542,0.007,0.01,1,"PCDHB7"
"NUTM2G",0.0578,-0.178,0.012,0.015,1,"NUTM2G"
"AVIL",0.0581,0.221,0.171,0.16,1,"AVIL"
"TEX29",0.0584,-0.207,0.02,0.024,1,"TEX29"
"ECT2L",0.0584,0.239,0.096,0.088,1,"ECT2L"
"AURKC",0.0585,-0.464,0.01,0.013,1,"AURKC"
"ANKHD1",0.0585,0.13,0.226,0.213,1,"ANKHD1"
"TBC1D2",0.0589,0.208,0.069,0.062,1,"TBC1D2"
"UPK1B",0.0591,-0.283,0.01,0.013,1,"UPK1B"
"ZNF845",0.0597,-0.145,0.077,0.084,1,"ZNF845"
"ZNF200",0.0597,0.118,0.105,0.096,1,"ZNF200"
"IGSF10",0.0598,-0.539,0.015,0.018,1,"IGSF10"
"ZNF587B",0.0604,0.199,0.045,0.039,1,"ZNF587B"
"ZMAT4",0.0606,0.244,0.041,0.036,1,"ZMAT4"
"ALPK3",0.0606,0.178,0.022,0.018,1,"ALPK3"
"IRF2BP1",0.0606,0.115,0.092,0.084,1,"IRF2BP1"
"ENSG00000279670",0.0609,-0.159,0.04,0.046,1,"ENSG00000279670"
"WDR88",0.061,0.126,0.044,0.039,1,"WDR88"
"STK31",0.061,-0.185,0.017,0.02,1,"STK31"
"ZNF747",0.0614,0.107,0.063,0.056,1,"ZNF747"
"FBXO43",0.0617,-0.416,0.015,0.018,1,"FBXO43"
"NYAP1",0.0618,-0.14,0.13,0.138,1,"NYAP1"
"ATP5MGL",0.0621,-0.128,0.007,0.01,1,"ATP5MGL"
"PDZD7",0.0622,-0.137,0.012,0.015,1,"PDZD7"
"AGBL2",0.0627,0.954,0.01,0.007,1,"AGBL2"
"ACRBP",0.0628,0.359,0.012,0.009,1,"ACRBP"
"GPC3",0.0628,-1.609,0.029,0.033,1,"GPC3"
"RASSF7",0.0629,0.318,0.027,0.023,1,"RASSF7"
"ARL15",0.063,-0.111,0.676,0.656,1,"ARL15"
"C15orf48",0.0632,0.606,0.011,0.008,1,"C15orf48"
"TUBB1",0.0633,0.255,0.011,0.008,1,"TUBB1"
"TMEM86B",0.0634,0.371,0.011,0.008,1,"TMEM86B"
"ZBTB39",0.064,0.117,0.106,0.097,1,"ZBTB39"
"ENSG00000284691",0.0643,0.147,0.044,0.038,1,"ENSG00000284691"
"NPFF",0.0654,0.217,0.017,0.014,1,"NPFF"
"ENSG00000279133",0.0658,-0.107,0.1,0.108,1,"ENSG00000279133"
"OTUD1",0.0665,0.191,0.076,0.068,1,"OTUD1"
"GFRA1",0.0671,-0.393,0.008,0.011,1,"GFRA1"
"KLHL18",0.0675,0.109,0.322,0.306,1,"KLHL18"
"RAD9B",0.0677,0.295,0.026,0.022,1,"RAD9B"
"SLC29A3",0.0678,-0.12,0.01,0.013,1,"SLC29A3"
"ZNF530",0.0681,-0.214,0.07,0.077,1,"ZNF530"
"P2RX7",0.0685,0.284,0.055,0.049,1,"P2RX7"
"ZNF879",0.0686,0.333,0.059,0.053,1,"ZNF879"
"MEIG1",0.0689,0.192,0.024,0.02,1,"MEIG1"
"MTMR8",0.0693,-0.11,0.111,0.1,1,"MTMR8"
"TTC39A",0.0699,0.331,0.025,0.021,1,"TTC39A"
"FAM124A",0.07,0.241,0.158,0.148,1,"FAM124A"
"MC1R",0.07,0.262,0.036,0.032,1,"MC1R"
"FILIP1L",0.0703,0.181,0.35,0.331,1,"FILIP1L"
"MAP3K15",0.0703,0.162,0.061,0.054,1,"MAP3K15"
"AXIN1",0.0705,0.109,0.198,0.185,1,"AXIN1"
"RGMB",0.0705,-0.207,0.198,0.205,1,"RGMB"
"FGD5",0.071,-0.29,0.012,0.016,1,"FGD5"
"LRRD1",0.0712,-0.213,0.032,0.037,1,"LRRD1"
"ACTG2",0.0715,-0.15,0.009,0.011,1,"ACTG2"
"FBXO38",0.0716,-0.105,0.336,0.339,1,"FBXO38"
"IL1RAPL1",0.0717,-0.286,0.608,0.557,1,"IL1RAPL1"
"ENSG00000279557",0.0721,0.192,0.039,0.034,1,"ENSG00000279557"
"MAGEC3",0.0739,0.308,0.017,0.014,1,"MAGEC3"
"DPP4",0.0741,0.517,0.012,0.009,1,"DPP4"
"ENSG00000280161",0.0749,0.168,0.02,0.016,1,"ENSG00000280161"
"PLA2G4C",0.0749,0.22,0.04,0.035,1,"PLA2G4C"
"BANK1",0.075,-0.361,0.007,0.01,1,"BANK1"
"PATJ",0.0752,-0.173,0.249,0.255,1,"PATJ"
"SLC25A31",0.0756,0.394,0.01,0.007,1,"SLC25A31"
"ZBED8",0.0757,0.127,0.131,0.122,1,"ZBED8"
"RAPGEFL1",0.0759,0.171,0.089,0.081,1,"RAPGEFL1"
"RTN4RL2",0.076,-0.272,0.009,0.012,1,"RTN4RL2"
"GLB1L2",0.0771,0.142,0.025,0.021,1,"GLB1L2"
"SPSB1",0.0783,0.513,0.025,0.021,1,"SPSB1"
"CA14",0.0783,0.195,0.149,0.14,1,"CA14"
"SLCO3A1",0.0784,-0.233,0.056,0.061,1,"SLCO3A1"
"TNFAIP8",0.0788,-0.416,0.086,0.092,1,"TNFAIP8"
"H2BC21",0.079,-0.268,0.066,0.073,1,"H2BC21"
"PITPNM3",0.0791,0.243,0.041,0.036,1,"PITPNM3"
"URB2",0.0795,0.159,0.112,0.103,1,"URB2"
"DEF6",0.0796,0.199,0.02,0.017,1,"DEF6"
"MECOM",0.0798,0.107,0.061,0.054,1,"MECOM"
"SEMA3E",0.0801,-0.139,0.048,0.053,1,"SEMA3E"
"FAM241B",0.0803,-0.201,0.169,0.175,1,"FAM241B"
"IL34",0.0804,-0.174,0.02,0.024,1,"IL34"
"OSBP2",0.0807,0.136,0.399,0.378,1,"OSBP2"
"ENSG00000279809",0.0812,0.389,0.014,0.011,1,"ENSG00000279809"
"RHNO1",0.0812,-0.118,0.249,0.255,1,"RHNO1"
"ZNF415",0.0814,0.162,0.127,0.118,1,"ZNF415"
"VSNL1",0.0817,0.325,0.02,0.017,1,"VSNL1"
"ZNF600",0.0819,0.313,0.029,0.025,1,"ZNF600"
"C10orf90",0.0826,0.523,0.019,0.016,1,"C10orf90"
"BOLA2B",0.0832,0.162,0.035,0.03,1,"BOLA2B"
"YARS2",0.0832,0.1,0.36,0.343,1,"YARS2"
"UNK",0.0833,0.122,0.461,0.444,1,"UNK"
"ITGA10",0.0843,0.81,0.012,0.009,1,"ITGA10"
"PCDH11Y",0.0849,0.345,0.024,0.021,1,"PCDH11Y"
"PRORP",0.0851,0.117,0.032,0.028,1,"PRORP"
"FREM1",0.0858,-0.311,0.027,0.023,1,"FREM1"
"GPR143",0.0863,0.131,0.012,0.01,1,"GPR143"
"PCDHGA12",0.0867,0.351,0.028,0.024,1,"PCDHGA12"
"ENSG00000261459",0.0875,0.242,0.012,0.009,1,"ENSG00000261459"
"HMGA1",0.0876,0.117,0.346,0.332,1,"HMGA1"
"ALOX5",0.0884,-0.183,0.007,0.01,1,"ALOX5"
"GRID2IP",0.0887,0.352,0.03,0.026,1,"GRID2IP"
"SH2B3",0.0892,0.187,0.092,0.085,1,"SH2B3"
"C2orf80",0.0892,-0.195,0.065,0.071,1,"C2orf80"
"C11orf98",0.0894,0.329,0.011,0.009,1,"C11orf98"
"PDE11A",0.0894,0.406,0.01,0.007,1,"PDE11A"
"SPATA45",0.0896,0.384,0.01,0.008,1,"SPATA45"
"ADAMTS5",0.09,-0.175,0.057,0.063,1,"ADAMTS5"
"POMZP3",0.0902,0.111,0.151,0.141,1,"POMZP3"
"ZNF154",0.0902,0.126,0.161,0.151,1,"ZNF154"
"TRABD2A",0.0903,0.233,0.01,0.008,1,"TRABD2A"
"ZC2HC1B",0.0908,0.282,0.015,0.012,1,"ZC2HC1B"
"GPR173",0.0908,0.129,0.78,0.777,1,"GPR173"
"KLRB1",0.0923,-0.25,0.014,0.017,1,"KLRB1"
"ENSG00000279281",0.0929,-0.159,0.126,0.132,1,"ENSG00000279281"
"TNNI3",0.093,-0.322,0.011,0.014,1,"TNNI3"
"FBXL19",0.0938,0.104,0.099,0.091,1,"FBXL19"
"ENSG00000279198",0.0939,-0.266,0.012,0.015,1,"ENSG00000279198"
"JPH4",0.094,-0.16,0.341,0.344,1,"JPH4"
"CCAR2",0.0945,0.122,0.263,0.25,1,"CCAR2"
"CSTF2",0.0946,0.1,0.156,0.145,1,"CSTF2"
"ZNF157",0.0948,-0.178,0.055,0.061,1,"ZNF157"
"BORCS7-ASMT",0.0948,0.294,0.034,0.03,1,"BORCS7-ASMT"
"BFSP2",0.0951,-0.141,0.02,0.024,1,"BFSP2"
"PLCXD1",0.0957,0.15,0.111,0.103,1,"PLCXD1"
"GTPBP3",0.0963,-0.112,0.141,0.148,1,"GTPBP3"
"ZNF526",0.0971,0.108,0.055,0.049,1,"ZNF526"
"ENSG00000279347",0.0974,-0.375,0.009,0.012,1,"ENSG00000279347"
"CAND2",0.0975,0.209,0.108,0.1,1,"CAND2"
"ENSG00000279364",0.0977,0.162,0.013,0.011,1,"ENSG00000279364"
"ENSG00000279589",0.0982,-0.152,0.031,0.036,1,"ENSG00000279589"
"B4GALNT3",0.0991,-0.287,0.027,0.031,1,"B4GALNT3"
"ARHGEF38",0.0994,0.235,0.05,0.045,1,"ARHGEF38"
"RSAD2",0.0997,0.196,0.028,0.024,1,"RSAD2"
"MYLIP",0.0997,0.334,0.038,0.034,1,"MYLIP"
"PDZK1",0.1,0.282,0.057,0.052,1,"PDZK1"
"MAU2",0.1,0.104,0.399,0.383,1,"MAU2"
"CACNA1G",0.101,0.733,0.024,0.021,1,"CACNA1G"
"ZNF740",0.101,0.131,0.156,0.146,1,"ZNF740"
"ENSG00000279310",0.102,-0.205,0.009,0.011,1,"ENSG00000279310"
"ANGPT2",0.102,0.114,0.325,0.337,1,"ANGPT2"
"HACL1",0.102,0.106,0.316,0.3,1,"HACL1"
"DHH",0.103,-0.553,0.007,0.01,1,"DHH"
"ZC3H3",0.103,0.177,0.158,0.148,1,"ZC3H3"
"C2CD2L",0.104,0.111,0.042,0.037,1,"C2CD2L"
"GPC4",0.105,-0.418,0.308,0.304,1,"GPC4"
"PHC1",0.105,0.11,0.389,0.374,1,"PHC1"
"ENSG00000279059",0.106,0.278,0.028,0.024,1,"ENSG00000279059"
"EID3",0.106,-0.419,0.017,0.02,1,"EID3"
"TUBB4B",0.107,-0.582,0.581,0.565,1,"TUBB4B"
"PKD1L3",0.107,-0.125,0.057,0.063,1,"PKD1L3"
"AP1G2",0.107,0.106,0.017,0.014,1,"AP1G2"
"DHFR",0.109,-0.131,0.382,0.355,1,"DHFR"
"KLHL41",0.11,0.299,0.013,0.011,1,"KLHL41"
"CCNL1",0.112,0.111,0.641,0.635,1,"CCNL1"
"IGFLR1",0.112,0.213,0.021,0.017,1,"IGFLR1"
"ENSG00000279544",0.112,-0.221,0.044,0.049,1,"ENSG00000279544"
"SLCO4C1",0.112,0.538,0.035,0.031,1,"SLCO4C1"
"SUSD4",0.113,-0.311,0.025,0.021,1,"SUSD4"
"SERPINE3",0.113,0.216,0.071,0.065,1,"SERPINE3"
"AXIN2",0.114,0.27,0.107,0.1,1,"AXIN2"
"ITGA2B",0.114,0.215,0.061,0.055,1,"ITGA2B"
"ENSG00000279069",0.114,-0.306,0.031,0.035,1,"ENSG00000279069"
"ZNF514",0.114,0.152,0.089,0.082,1,"ZNF514"
"CRYBG1",0.115,0.246,0.032,0.028,1,"CRYBG1"
"RGPD8",0.116,0.245,0.026,0.022,1,"RGPD8"
"COL18A1",0.116,0.15,0.02,0.017,1,"COL18A1"
"LCMT1",0.117,0.122,0.492,0.478,1,"LCMT1"
"LIPT2",0.117,0.296,0.03,0.026,1,"LIPT2"
"SETMAR",0.117,-0.118,0.166,0.172,1,"SETMAR"
"NPHS1",0.118,-0.275,0.009,0.011,1,"NPHS1"
"MEIS2",0.119,-0.828,0.657,0.647,1,"MEIS2"
"SLC2A9",0.119,0.195,0.019,0.016,1,"SLC2A9"
"PRKCD",0.119,-0.312,0.018,0.021,1,"PRKCD"
"TMEM106A",0.12,0.413,0.011,0.009,1,"TMEM106A"
"PRB2",0.12,0.325,0.043,0.038,1,"PRB2"
"MEPCE",0.121,0.207,0.019,0.016,1,"MEPCE"
"FBXL16",0.121,-0.122,0.141,0.148,1,"FBXL16"
"TNK1",0.122,-0.402,0.012,0.015,1,"TNK1"
"FUZ",0.122,0.116,0.115,0.107,1,"FUZ"
"ENSG00000255432",0.122,0.126,0.017,0.014,1,"ENSG00000255432"
"ENSG00000280355",0.122,-0.474,0.009,0.011,1,"ENSG00000280355"
"ZNF792",0.123,0.254,0.019,0.016,1,"ZNF792"
"AOX1",0.123,-0.33,0.011,0.013,1,"AOX1"
"ADAM11",0.123,0.471,0.01,0.008,1,"ADAM11"
"NID2",0.123,-0.198,0.008,0.01,1,"NID2"
"ADH4",0.123,0.237,0.038,0.034,1,"ADH4"
"ARSF",0.123,-0.76,0.012,0.014,1,"ARSF"
"LRRTM1",0.124,0.184,0.052,0.047,1,"LRRTM1"
"SAXO1",0.124,0.3,0.019,0.016,1,"SAXO1"
"SENP3",0.124,0.102,0.141,0.132,1,"SENP3"
"FDXACB1",0.124,0.17,0.034,0.03,1,"FDXACB1"
"SERPINF1",0.125,0.33,0.033,0.029,1,"SERPINF1"
"SYTL3",0.125,0.249,0.034,0.03,1,"SYTL3"
"CDH23",0.125,0.296,0.042,0.038,1,"CDH23"
"HCN2",0.126,0.38,0.029,0.025,1,"HCN2"
"SYTL5",0.126,0.419,0.049,0.044,1,"SYTL5"
"ICA1",0.126,0.489,0.043,0.039,1,"ICA1"
"VAMP1",0.128,-0.273,0.024,0.027,1,"VAMP1"
"RBFOX3",0.128,0.46,0.092,0.087,1,"RBFOX3"
"BST1",0.131,0.581,0.012,0.01,1,"BST1"
"CIART",0.133,0.159,0.07,0.064,1,"CIART"
"KANK2",0.135,-0.314,0.08,0.085,1,"KANK2"
"PODXL2",0.135,0.122,0.434,0.428,1,"PODXL2"
"GPATCH3",0.136,0.113,0.075,0.069,1,"GPATCH3"
"CORIN",0.136,0.287,0.017,0.014,1,"CORIN"
"DOLPP1",0.136,0.14,0.11,0.103,1,"DOLPP1"
"C2CD4C",0.137,0.155,0.03,0.026,1,"C2CD4C"
"ENSG00000279267",0.137,0.122,0.048,0.043,1,"ENSG00000279267"
"PTP4A3",0.138,0.139,0.072,0.066,1,"PTP4A3"
"ENSG00000279227",0.138,0.154,0.011,0.009,1,"ENSG00000279227"
"ENSG00000279785",0.138,0.324,0.011,0.009,1,"ENSG00000279785"
"CDK16",0.139,0.102,0.419,0.404,1,"CDK16"
"TRIM7",0.139,-0.451,0.009,0.011,1,"TRIM7"
"HIPK4",0.139,-0.19,0.036,0.04,1,"HIPK4"
"TLE3",0.14,0.262,0.338,0.336,1,"TLE3"
"MCU",0.141,-0.125,0.502,0.494,1,"MCU"
"GLI1",0.141,0.384,0.01,0.008,1,"GLI1"
"ARHGEF37",0.141,0.168,0.068,0.062,1,"ARHGEF37"
"ENSG00000279089",0.141,-0.187,0.039,0.043,1,"ENSG00000279089"
"PDE1B",0.142,-0.353,0.008,0.01,1,"PDE1B"
"ALX3",0.142,0.954,0.01,0.008,1,"ALX3"
"ENSG00000282542",0.143,-0.134,0.009,0.011,1,"ENSG00000282542"
"EDA",0.145,-0.314,0.067,0.061,1,"EDA"
"MMP21",0.145,0.34,0.02,0.017,1,"MMP21"
"ENSG00000286905",0.145,0.346,0.016,0.013,1,"ENSG00000286905"
"ZNF34",0.146,0.145,0.167,0.158,1,"ZNF34"
"KBTBD8",0.146,0.325,0.01,0.008,1,"KBTBD8"
"ENSG00000283355",0.147,0.1,0.054,0.049,1,"ENSG00000283355"
"ZNF16",0.147,-0.161,0.143,0.149,1,"ZNF16"
"TMEM86A",0.147,0.215,0.01,0.008,1,"TMEM86A"
"CYBA",0.147,0.309,0.038,0.034,1,"CYBA"
"SLFN11",0.147,0.183,0.013,0.011,1,"SLFN11"
"TEK",0.148,0.249,0.037,0.042,1,"TEK"
"CALY",0.148,0.236,0.029,0.026,1,"CALY"
"KLHL20",0.148,0.103,0.581,0.573,1,"KLHL20"
"RIPOR3",0.148,0.193,0.058,0.053,1,"RIPOR3"
"TRIM45",0.149,0.167,0.039,0.035,1,"TRIM45"
"DTX2",0.149,0.208,0.045,0.041,1,"DTX2"
"PRDM1",0.149,-0.154,0.054,0.048,1,"PRDM1"
"TACR3",0.15,0.267,0.008,0.01,1,"TACR3"
"PDE2A",0.15,-0.154,0.041,0.046,1,"PDE2A"
"RHCE",0.15,0.141,0.028,0.024,1,"RHCE"
"H1-0",0.15,0.186,0.034,0.03,1,"H1-0"
"ENSG00000279108",0.151,0.301,0.012,0.01,1,"ENSG00000279108"
"PER2",0.152,0.199,0.172,0.164,1,"PER2"
"CNKSR1",0.152,0.175,0.026,0.022,1,"CNKSR1"
"RNF26",0.152,0.138,0.075,0.07,1,"RNF26"
"ZC3H11A",0.153,0.143,0.043,0.039,1,"ZC3H11A"
"MBP",0.153,0.573,0.028,0.025,1,"MBP"
"GMIP",0.153,0.122,0.076,0.07,1,"GMIP"
"ACP4",0.153,-0.422,0.008,0.01,1,"ACP4"
"POPDC2",0.154,0.317,0.014,0.012,1,"POPDC2"
"LRCH4",0.154,0.16,0.064,0.059,1,"LRCH4"
"KCNG2",0.154,0.125,0.036,0.04,1,"KCNG2"
"TRIM17",0.154,0.505,0.018,0.016,1,"TRIM17"
"SULF1",0.155,-0.218,0.087,0.081,1,"SULF1"
"GALNT13",0.155,0.309,0.169,0.18,1,"GALNT13"
"PCDHGA11",0.155,0.398,0.016,0.013,1,"PCDHGA11"
"TRIM61",0.156,0.421,0.022,0.019,1,"TRIM61"
"MSH4",0.156,0.263,0.043,0.039,1,"MSH4"
"DCLRE1A",0.158,0.147,0.107,0.101,1,"DCLRE1A"
"ZNF335",0.158,0.168,0.209,0.199,1,"ZNF335"
"KCNH3",0.159,0.294,0.014,0.012,1,"KCNH3"
"PDCD2L",0.159,0.123,0.141,0.133,1,"PDCD2L"
"WDR5B",0.16,0.127,0.072,0.067,1,"WDR5B"
"ENSG00000291239",0.161,-0.218,0.026,0.03,1,"ENSG00000291239"
"PLPPR5",0.161,-0.162,0.079,0.084,1,"PLPPR5"
"SLC39A5",0.161,-0.232,0.01,0.012,1,"SLC39A5"
"ENSG00000279148",0.162,-0.2,0.009,0.011,1,"ENSG00000279148"
"NPPA",0.162,0.314,0.071,0.066,1,"NPPA"
"ATP8B2",0.162,0.112,0.159,0.15,1,"ATP8B2"
"FAM229A",0.163,0.123,0.028,0.024,1,"FAM229A"
"C20orf203",0.164,0.393,0.022,0.019,1,"C20orf203"
"CATSPERD",0.164,0.344,0.008,0.01,1,"CATSPERD"
"STPG4",0.164,0.189,0.071,0.065,1,"STPG4"
"THEMIS2",0.166,0.414,0.01,0.008,1,"THEMIS2"
"ZNF517",0.167,0.244,0.045,0.041,1,"ZNF517"
"SRGN",0.167,0.447,0.01,0.008,1,"SRGN"
"PIWIL2",0.168,0.222,0.017,0.015,1,"PIWIL2"
"WDPCP",0.168,-0.234,0.664,0.638,1,"WDPCP"
"C4orf19",0.17,0.189,0.075,0.07,1,"C4orf19"
"ANAPC4",0.17,0.106,0.298,0.285,1,"ANAPC4"
"AKR7L",0.171,0.213,0.013,0.01,1,"AKR7L"
"RAMACL",0.172,-0.249,0.016,0.019,1,"RAMACL"
"STAP2",0.174,0.259,0.054,0.05,1,"STAP2"
"ANKRD53",0.175,0.318,0.014,0.012,1,"ANKRD53"
"LOXL2",0.175,0.103,0.075,0.069,1,"LOXL2"
"ENSG00000241962",0.175,0.191,0.053,0.049,1,"ENSG00000241962"
"APC2",0.175,0.11,0.394,0.384,1,"APC2"
"CMSS1",0.176,-0.141,0.527,0.513,1,"CMSS1"
"LY6G5C",0.178,0.182,0.032,0.028,1,"LY6G5C"
"SPINK9",0.178,0.468,0.017,0.015,1,"SPINK9"
"LGALS9",0.179,0.315,0.012,0.01,1,"LGALS9"
"EMILIN2",0.179,0.401,0.014,0.011,1,"EMILIN2"
"CP",0.179,0.357,0.021,0.018,1,"CP"
"SSH3",0.179,0.235,0.016,0.013,1,"SSH3"
"ABCA7",0.182,0.18,0.027,0.024,1,"ABCA7"
"ZNF548",0.182,0.163,0.167,0.159,1,"ZNF548"
"ABCD1",0.182,0.126,0.04,0.036,1,"ABCD1"
"TEX12",0.183,0.478,0.011,0.009,1,"TEX12"
"STK25",0.183,0.114,0.465,0.455,1,"STK25"
"LIMK2",0.184,-0.123,0.14,0.145,1,"LIMK2"
"ART3",0.185,-0.253,0.016,0.019,1,"ART3"
"NDUFA4L2",0.186,0.789,0.028,0.025,1,"NDUFA4L2"
"PMEL",0.186,0.346,0.017,0.014,1,"PMEL"
"SLC45A4",0.186,0.136,0.08,0.075,1,"SLC45A4"
"C19orf38",0.186,-0.327,0.014,0.016,1,"C19orf38"
"SPDYE17",0.187,-0.122,0.01,0.012,1,"SPDYE17"
"LMTK3",0.188,0.133,0.2,0.19,1,"LMTK3"
"PSMA6",0.188,0.112,0.159,0.15,1,"PSMA6"
"ATG13",0.189,0.14,0.29,0.279,1,"ATG13"
"PUDP",0.189,-0.111,0.535,0.527,1,"PUDP"
"SLA",0.19,0.274,0.011,0.014,1,"SLA"
"ENSG00000214558",0.19,0.328,0.013,0.011,1,"ENSG00000214558"
"ZNF707",0.19,0.248,0.059,0.054,1,"ZNF707"
"SPINK8",0.191,0.322,0.027,0.024,1,"SPINK8"
"FIGN",0.192,-0.868,0.365,0.337,1,"FIGN"
"PFN4",0.193,0.22,0.028,0.025,1,"PFN4"
"SYNE3",0.193,0.137,0.035,0.039,1,"SYNE3"
"PLET1",0.193,0.36,0.021,0.018,1,"PLET1"
"CTDP1",0.194,0.123,0.138,0.13,1,"CTDP1"
"TMED6",0.194,0.452,0.025,0.022,1,"TMED6"
"CREB3L4",0.194,-0.114,0.065,0.069,1,"CREB3L4"
"INSYN2B",0.197,0.47,0.01,0.008,1,"INSYN2B"
"ANKMY2",0.197,-0.152,0.294,0.293,1,"ANKMY2"
"GNAT2",0.199,-0.11,0.021,0.024,1,"GNAT2"
"ACD",0.2,-0.158,0.16,0.164,1,"ACD"
"PDC",0.202,0.272,0.025,0.022,1,"PDC"
"MED26",0.204,0.209,0.078,0.073,1,"MED26"
"ANKRD18B",0.205,-0.437,0.012,0.014,1,"ANKRD18B"
"FHDC1",0.208,-0.422,0.02,0.023,1,"FHDC1"
"ZBTB8B",0.208,-0.151,0.082,0.086,1,"ZBTB8B"
"CACNA1C",0.209,-0.11,0.229,0.232,1,"CACNA1C"
"GPR87",0.209,-0.278,0.012,0.015,1,"GPR87"
"HS3ST4",0.21,-1.411,0.011,0.013,1,"HS3ST4"
"CCDC71",0.21,0.177,0.034,0.03,1,"CCDC71"
"CRLF3",0.21,0.121,0.645,0.651,1,"CRLF3"
"ENSG00000255439",0.211,-0.153,0.028,0.031,1,"ENSG00000255439"
"SLC25A10",0.213,-0.205,0.029,0.032,1,"SLC25A10"
"PGLYRP1",0.213,0.824,0.01,0.008,1,"PGLYRP1"
"ZNF285",0.214,0.151,0.085,0.08,1,"ZNF285"
"ZNF502",0.214,0.294,0.031,0.028,1,"ZNF502"
"MT-TL1",0.215,-0.121,0.009,0.011,1,"MT-TL1"
"CPHXL2",0.217,0.457,0.022,0.019,1,"CPHXL2"
"ENSG00000279792",0.217,0.412,0.01,0.008,1,"ENSG00000279792"
"RHOT1",0.217,0.112,0.598,0.587,1,"RHOT1"
"WBP2NL",0.217,0.238,0.053,0.049,1,"WBP2NL"
"CDH22",0.218,-0.167,0.008,0.01,1,"CDH22"
"GRIP2",0.219,0.189,0.265,0.261,1,"GRIP2"
"TPH1",0.219,-0.12,0.015,0.017,1,"TPH1"
"FAM53B",0.219,0.124,0.275,0.265,1,"FAM53B"
"ENSG00000267059",0.223,-0.236,0.019,0.021,1,"ENSG00000267059"
"SPATS1",0.223,0.389,0.01,0.008,1,"SPATS1"
"CELF6",0.224,0.251,0.028,0.025,1,"CELF6"
"FIZ1",0.227,0.185,0.098,0.092,1,"FIZ1"
"ALPL",0.229,0.286,0.015,0.013,1,"ALPL"
"GPD1",0.229,0.454,0.117,0.114,1,"GPD1"
"SERPINB1",0.232,0.436,0.022,0.02,1,"SERPINB1"
"PTPRT",0.232,-0.158,0.035,0.038,1,"PTPRT"
"ENSG00000279799",0.233,0.307,0.032,0.029,1,"ENSG00000279799"
"MDK",0.234,-0.194,0.357,0.339,1,"MDK"
"HMGA2",0.236,0.234,0.033,0.03,1,"HMGA2"
"ENSG00000280401",0.24,-0.236,0.01,0.012,1,"ENSG00000280401"
"LINGO3",0.241,0.597,0.017,0.015,1,"LINGO3"
"ZHX1-C8orf76",0.241,0.119,0.064,0.06,1,"ZHX1-C8orf76"
"HSH2D",0.243,-0.283,0.018,0.02,1,"HSH2D"
"KLHL32",0.243,-0.155,0.041,0.044,1,"KLHL32"
"KIRREL2",0.244,0.449,0.01,0.009,1,"KIRREL2"
"RMC1",0.245,0.128,0.248,0.238,1,"RMC1"
"TCF7",0.245,0.199,0.152,0.146,1,"TCF7"
"NPIPA1",0.246,0.12,0.143,0.136,1,"NPIPA1"
"CLDN18",0.249,0.634,0.019,0.016,1,"CLDN18"
"STXBP2",0.249,0.338,0.01,0.008,1,"STXBP2"
"PRSS27",0.251,0.139,0.05,0.046,1,"PRSS27"
"ALG10",0.252,-0.128,0.076,0.08,1,"ALG10"
"FAM78B",0.252,-0.606,0.021,0.023,1,"FAM78B"
"ESYT3",0.252,0.136,0.01,0.012,1,"ESYT3"
"EDARADD",0.253,0.391,0.014,0.012,1,"EDARADD"
"GRM5",0.254,-0.491,0.058,0.053,1,"GRM5"
"TMEM19",0.255,-0.144,0.213,0.215,1,"TMEM19"
"DIABLO",0.256,0.156,0.028,0.025,1,"DIABLO"
"HTR2B",0.257,0.165,0.026,0.029,1,"HTR2B"
"SUMO4",0.257,0.138,0.066,0.061,1,"SUMO4"
"ZNF550",0.258,0.143,0.081,0.077,1,"ZNF550"
"AZU1",0.258,-0.185,0.017,0.019,1,"AZU1"
"P2RY12",0.26,-0.227,0.045,0.048,1,"P2RY12"
"PPP5C",0.261,0.101,0.366,0.357,1,"PPP5C"
"KANK3",0.262,0.286,0.018,0.015,1,"KANK3"
"EIF5AL1",0.263,-0.165,0.043,0.039,1,"EIF5AL1"
"STAR",0.264,-0.433,0.015,0.017,1,"STAR"
"ENSG00000267179",0.268,0.232,0.034,0.031,1,"ENSG00000267179"
"ANXA2R",0.269,0.307,0.017,0.015,1,"ANXA2R"
"ADCY10",0.27,-0.174,0.032,0.034,1,"ADCY10"
"TUBB8",0.271,0.298,0.011,0.009,1,"TUBB8"
"APOBEC2",0.271,0.334,0.034,0.031,1,"APOBEC2"
"C6orf163",0.272,0.219,0.02,0.018,1,"C6orf163"
"FIGNL2",0.273,-0.404,0.012,0.014,1,"FIGNL2"
"RASSF3",0.276,-0.265,0.035,0.038,1,"RASSF3"
"SULT1A3",0.278,0.401,0.027,0.025,1,"SULT1A3"
"NPTX2",0.278,0.432,0.031,0.028,1,"NPTX2"
"PCDHA1",0.282,-0.35,0.012,0.013,1,"PCDHA1"
"PTGIS",0.283,0.137,0.026,0.024,1,"PTGIS"
"SAP25",0.287,-0.314,0.018,0.02,1,"SAP25"
"STAT6",0.289,0.241,0.016,0.014,1,"STAT6"
"PHF1",0.291,0.173,0.215,0.208,1,"PHF1"
"SYCE2",0.291,0.144,0.129,0.124,1,"SYCE2"
"HES7",0.295,-0.207,0.012,0.014,1,"HES7"
"WASHC1",0.295,0.144,0.096,0.091,1,"WASHC1"
"FAM81B",0.297,-0.172,0.014,0.016,1,"FAM81B"
"KLHDC8A",0.298,0.321,0.536,0.591,1,"KLHDC8A"
"TBC1D32",0.3,-0.123,0.56,0.548,1,"TBC1D32"
"LHX4",0.3,0.152,0.082,0.086,1,"LHX4"
"ARMCX5-GPRASP2",0.301,0.172,0.024,0.022,1,"ARMCX5-GPRASP2"
"ERRFI1",0.302,0.116,0.14,0.133,1,"ERRFI1"
"RRH",0.303,0.242,0.019,0.017,1,"RRH"
"BTBD16",0.304,-0.212,0.01,0.011,1,"BTBD16"
"INSIG2",0.306,0.103,0.331,0.322,1,"INSIG2"
"FLT4",0.306,0.177,0.011,0.009,1,"FLT4"
"ZNF699",0.307,0.151,0.174,0.167,1,"ZNF699"
"RNF31",0.308,0.119,0.017,0.015,1,"RNF31"
"NUMBL",0.308,0.16,0.244,0.237,1,"NUMBL"
"UQCRHL",0.309,0.199,0.05,0.047,1,"UQCRHL"
"SLC43A3",0.312,-0.217,0.014,0.012,1,"SLC43A3"
"ALKBH1",0.312,-0.115,0.236,0.237,1,"ALKBH1"
"GNB3",0.312,0.248,0.044,0.041,1,"GNB3"
"DSCAM",0.313,0.167,0.136,0.142,1,"DSCAM"
"AHRR",0.315,0.223,0.059,0.056,1,"AHRR"
"NUAK2",0.316,0.143,0.112,0.107,1,"NUAK2"
"CRABP1",0.317,0.163,0.2,0.195,1,"CRABP1"
"YBX2",0.32,0.273,0.015,0.013,1,"YBX2"
"PROM1",0.32,0.184,0.113,0.109,1,"PROM1"
"DLK1",0.322,0.199,0.02,0.018,1,"DLK1"
"KLHL17",0.323,0.107,0.029,0.026,1,"KLHL17"
"CRIP3",0.325,0.138,0.013,0.011,1,"CRIP3"
"CSDC2",0.33,0.115,0.096,0.101,1,"CSDC2"
"CNBD1",0.33,-0.67,0.011,0.01,1,"CNBD1"
"ENSG00000279502",0.331,-0.324,0.016,0.018,1,"ENSG00000279502"
"PLGLB1",0.332,-0.127,0.081,0.085,1,"PLGLB1"
"BAAT",0.333,0.291,0.011,0.009,1,"BAAT"
"SMIM4",0.335,0.133,0.385,0.377,1,"SMIM4"
"GALNTL6",0.338,0.207,0.019,0.021,1,"GALNTL6"
"LKAAEAR1",0.338,-0.228,0.015,0.017,1,"LKAAEAR1"
"GRIA1",0.34,0.235,0.436,0.419,1,"GRIA1"
"ATP2B3",0.34,-0.168,0.009,0.01,1,"ATP2B3"
"DNAJC21",0.34,-0.103,0.431,0.422,1,"DNAJC21"
"ENSG00000268750",0.34,0.37,0.021,0.019,1,"ENSG00000268750"
"SUSD5",0.341,0.46,0.018,0.016,1,"SUSD5"
"DUSP26",0.342,0.304,0.039,0.036,1,"DUSP26"
"TMEM88",0.342,0.272,0.016,0.014,1,"TMEM88"
"IL18BP",0.344,-0.145,0.026,0.028,1,"IL18BP"
"DNAH17",0.345,0.148,0.025,0.027,1,"DNAH17"
"ENSG00000280152",0.346,0.134,0.021,0.019,1,"ENSG00000280152"
"SMCO2",0.346,-0.363,0.011,0.013,1,"SMCO2"
"CASS4",0.348,0.369,0.01,0.009,1,"CASS4"
"SLC35F1",0.352,-0.268,0.745,0.726,1,"SLC35F1"
"SEMA3C",0.352,0.156,0.196,0.188,1,"SEMA3C"
"PCDH8",0.352,0.142,0.06,0.056,1,"PCDH8"
"CHRNA7",0.355,0.134,0.116,0.111,1,"CHRNA7"
"CKM",0.356,0.241,0.014,0.013,1,"CKM"
"GABRR2",0.357,0.284,0.022,0.02,1,"GABRR2"
"SLCO6A1",0.36,0.43,0.01,0.008,1,"SLCO6A1"
"EFCAB2",0.36,-0.113,0.546,0.526,1,"EFCAB2"
"ENTPD3",0.361,0.232,0.033,0.03,1,"ENTPD3"
"ENSG00000279573",0.364,0.219,0.049,0.046,1,"ENSG00000279573"
"HSPA2",0.365,0.123,0.01,0.008,1,"HSPA2"
"IRF5",0.365,0.29,0.01,0.008,1,"IRF5"
"MTURN",0.368,0.152,0.305,0.302,1,"MTURN"
"XNDC1N",0.368,-0.14,0.203,0.203,1,"XNDC1N"
"XYLB",0.37,-0.212,0.135,0.137,1,"XYLB"
"SMS",0.371,0.138,0.641,0.647,1,"SMS"
"ENSG00000259371",0.372,0.222,0.015,0.013,1,"ENSG00000259371"
"SDS",0.372,0.296,0.016,0.017,1,"SDS"
"ENSG00000278972",0.372,0.299,0.012,0.011,1,"ENSG00000278972"
"ADGRG3",0.373,-0.139,0.021,0.023,1,"ADGRG3"
"ZXDB",0.375,0.131,0.071,0.067,1,"ZXDB"
"ENSG00000279722",0.375,0.204,0.021,0.019,1,"ENSG00000279722"
"RGPD3",0.376,0.437,0.013,0.012,1,"RGPD3"
"RPH3AL",0.381,-0.314,0.028,0.03,1,"RPH3AL"
"LYG1",0.382,0.175,0.084,0.08,1,"LYG1"
"CLUL1",0.385,0.228,0.017,0.019,1,"CLUL1"
"VAMP8",0.385,0.213,0.035,0.033,1,"VAMP8"
"RASGEF1C",0.386,-0.198,0.031,0.034,1,"RASGEF1C"
"C8orf82",0.388,-0.1,0.208,0.209,1,"C8orf82"
"NPIPB3",0.39,0.342,0.019,0.018,1,"NPIPB3"
"ENSG00000279561",0.392,-0.237,0.023,0.024,1,"ENSG00000279561"
"GRIN2C",0.392,0.305,0.022,0.021,1,"GRIN2C"
"FBLN7",0.393,-0.127,0.127,0.13,1,"FBLN7"
"NEURL4",0.396,0.108,0.094,0.09,1,"NEURL4"
"KHDRBS2",0.402,0.35,0.187,0.193,1,"KHDRBS2"
"VWC2L",0.404,-0.649,0.017,0.018,1,"VWC2L"
"CATSPERG",0.404,0.162,0.179,0.174,1,"CATSPERG"
"DNAH2",0.406,0.288,0.014,0.012,1,"DNAH2"
"CRYGS",0.407,0.1,0.039,0.036,1,"CRYGS"
"ZNF230",0.407,0.179,0.072,0.069,1,"ZNF230"
"REM2",0.408,-0.163,0.009,0.011,1,"REM2"
"DCHS2",0.411,0.149,0.032,0.03,1,"DCHS2"
"ZFP69",0.414,-0.126,0.087,0.09,1,"ZFP69"
"ENSG00000280422",0.415,-0.184,0.016,0.017,1,"ENSG00000280422"
"CTSZ",0.418,0.105,0.044,0.042,1,"CTSZ"
"PON1",0.421,0.357,0.015,0.014,1,"PON1"
"ZNF70",0.422,0.12,0.083,0.079,1,"ZNF70"
"SMIM17",0.422,0.16,0.083,0.08,1,"SMIM17"
"AGMAT",0.423,0.212,0.021,0.02,1,"AGMAT"
"NTRK1",0.423,0.234,0.01,0.011,1,"NTRK1"
"PTPDC1",0.425,-0.104,0.321,0.316,1,"PTPDC1"
"TMC4",0.428,0.2,0.036,0.038,1,"TMC4"
"PROM2",0.429,-0.155,0.011,0.013,1,"PROM2"
"TUBB2B",0.43,0.11,0.985,0.998,1,"TUBB2B"
"GDPD5",0.431,-0.108,0.019,0.021,1,"GDPD5"
"PDE6C",0.432,0.136,0.029,0.027,1,"PDE6C"
"SMNDC1",0.434,0.112,0.478,0.471,1,"SMNDC1"
"GDF9",0.435,-0.104,0.011,0.012,1,"GDF9"
"AMER1",0.435,0.187,0.046,0.044,1,"AMER1"
"DGKI",0.435,0.354,0.507,0.52,1,"DGKI"
"CCNJL",0.437,-0.117,0.173,0.165,1,"CCNJL"
"LYL1",0.438,-0.259,0.009,0.01,1,"LYL1"
"SEPTIN1",0.439,0.121,0.109,0.105,1,"SEPTIN1"
"GPR160",0.439,0.324,0.022,0.02,1,"GPR160"
"OLIG2",0.44,0.559,0.106,0.103,1,"OLIG2"
"SLC8A1",0.441,-0.437,0.578,0.562,1,"SLC8A1"
"MYOZ3",0.443,0.134,0.009,0.01,1,"MYOZ3"
"ENSG00000288721",0.443,0.229,0.02,0.018,1,"ENSG00000288721"
"COL4A4",0.444,0.374,0.011,0.01,1,"COL4A4"
"AGAP6",0.446,0.192,0.022,0.02,1,"AGAP6"
"PCDHGA5",0.447,0.613,0.013,0.012,1,"PCDHGA5"
"ANAPC10",0.451,-0.101,0.58,0.571,1,"ANAPC10"
"GLI2",0.452,-0.15,0.443,0.423,1,"GLI2"
"IER3",0.453,0.17,0.02,0.022,1,"IER3"
"EPCAM",0.453,0.154,0.044,0.041,1,"EPCAM"
"RGPD5",0.455,-0.114,0.031,0.033,1,"RGPD5"
"SLC7A9",0.455,0.145,0.026,0.024,1,"SLC7A9"
"SYT3",0.457,0.146,0.012,0.011,1,"SYT3"
"GARIN2",0.458,0.256,0.039,0.037,1,"GARIN2"
"FAM83E",0.458,0.512,0.017,0.015,1,"FAM83E"
"EPS8L2",0.458,0.174,0.011,0.01,1,"EPS8L2"
"ENSG00000280432",0.466,-0.133,0.027,0.029,1,"ENSG00000280432"
"TRIM46",0.466,0.177,0.085,0.082,1,"TRIM46"
"PGAP4",0.467,-0.133,0.065,0.062,1,"PGAP4"
"KCNH7",0.467,0.156,0.924,0.919,1,"KCNH7"
"KHDRBS3",0.467,0.113,0.151,0.148,1,"KHDRBS3"
"LRFN5",0.467,-0.225,0.362,0.355,1,"LRFN5"
"HSD11B2",0.468,0.248,0.015,0.014,1,"HSD11B2"
"ZNF865",0.469,0.132,0.064,0.061,1,"ZNF865"
"REXO1",0.471,0.102,0.135,0.131,1,"REXO1"
"TAS2R31",0.471,-0.106,0.015,0.016,1,"TAS2R31"
"GLYATL1",0.471,0.46,0.01,0.009,1,"GLYATL1"
"MT-TE",0.474,-0.384,0.016,0.017,1,"MT-TE"
"MANSC4",0.474,-0.218,0.018,0.019,1,"MANSC4"
"TSPAN16",0.476,0.151,0.013,0.014,1,"TSPAN16"
"EPX",0.476,0.114,0.015,0.014,1,"EPX"
"AJAP1",0.478,-0.136,0.011,0.012,1,"AJAP1"
"SMAGP",0.479,0.214,0.014,0.013,1,"SMAGP"
"PCDHB10",0.485,-0.103,0.12,0.123,1,"PCDHB10"
"ENSG00000279786",0.486,-0.131,0.016,0.017,1,"ENSG00000279786"
"KCNMB2",0.49,0.315,0.02,0.021,1,"KCNMB2"
"PAIP2B",0.492,-0.112,0.059,0.062,1,"PAIP2B"
"ANKRD13A",0.492,0.158,0.249,0.243,1,"ANKRD13A"
"NKPD1",0.492,-0.178,0.015,0.017,1,"NKPD1"
"DKK2",0.493,-0.243,0.015,0.016,1,"DKK2"
"PCDHGA6",0.493,0.164,0.02,0.022,1,"PCDHGA6"
"KLHL1",0.495,0.445,0.011,0.01,1,"KLHL1"
"ENOX2",0.497,-0.151,0.354,0.335,1,"ENOX2"
"KCNQ1",0.498,-0.159,0.052,0.054,1,"KCNQ1"
"CEBPG",0.5,0.146,0.304,0.3,1,"CEBPG"
"NPIPA8",0.501,0.37,0.018,0.016,1,"NPIPA8"
"PLCXD3",0.502,-0.156,0.014,0.013,1,"PLCXD3"
"ENSG00000279437",0.503,0.226,0.011,0.012,1,"ENSG00000279437"
"RELL2",0.504,-0.167,0.029,0.027,1,"RELL2"
"GRIN3B",0.508,0.283,0.01,0.009,1,"GRIN3B"
"SCN1B",0.508,0.169,0.021,0.019,1,"SCN1B"
"ABCC2",0.513,0.133,0.012,0.013,1,"ABCC2"
"ENSG00000278949",0.514,-0.189,0.013,0.012,1,"ENSG00000278949"
"SLC24A1",0.516,0.138,0.07,0.067,1,"SLC24A1"
"LHX6",0.518,0.223,0.192,0.191,1,"LHX6"
"STAB2",0.523,0.533,0.01,0.009,1,"STAB2"
"IMPDH1",0.527,-0.129,0.078,0.079,1,"IMPDH1"
"ENSG00000279481",0.53,0.266,0.026,0.024,1,"ENSG00000279481"
"STEAP4",0.531,0.196,0.012,0.013,1,"STEAP4"
"ADAM19",0.531,0.134,0.099,0.096,1,"ADAM19"
"GPR176",0.532,-0.157,0.01,0.009,1,"GPR176"
"APCDD1L",0.534,0.308,0.022,0.02,1,"APCDD1L"
"MYRFL",0.535,0.693,0.077,0.076,1,"MYRFL"
"ENSG00000279114",0.536,0.139,0.066,0.063,1,"ENSG00000279114"
"PVR",0.537,-0.103,0.09,0.092,1,"PVR"
"EGLN2",0.539,-0.216,0.025,0.026,1,"EGLN2"
"NDOR1",0.539,0.12,0.078,0.075,1,"NDOR1"
"TRIM59",0.54,-0.355,0.236,0.232,1,"TRIM59"
"RFC2",0.541,-0.132,0.233,0.232,1,"RFC2"
"CBX7",0.548,0.169,0.054,0.051,1,"CBX7"
"ZNF835",0.549,0.215,0.022,0.021,1,"ZNF835"
"TSHZ3",0.551,-0.226,0.095,0.091,1,"TSHZ3"
"SLC10A1",0.551,0.148,0.039,0.041,1,"SLC10A1"
"TRIM11",0.555,0.166,0.118,0.115,1,"TRIM11"
"REPS2",0.557,0.319,0.188,0.187,1,"REPS2"
"BAMBI",0.56,0.16,0.013,0.012,1,"BAMBI"
"KLHL29",0.56,0.241,0.159,0.158,1,"KLHL29"
"ENSG00000280190",0.561,0.12,0.016,0.015,1,"ENSG00000280190"
"KCNAB1",0.564,-0.31,0.056,0.057,1,"KCNAB1"
"HACD4",0.564,0.256,0.036,0.035,1,"HACD4"
"KLC2",0.567,0.121,0.133,0.13,1,"KLC2"
"ADAMTSL3",0.57,0.381,0.012,0.013,1,"ADAMTSL3"
"DIPK2A",0.571,-0.19,0.274,0.27,1,"DIPK2A"
"VWCE",0.571,0.141,0.085,0.087,1,"VWCE"
"CENPS",0.573,-0.141,0.087,0.083,1,"CENPS"
"EDIL3",0.574,0.265,0.166,0.173,1,"EDIL3"
"NRIP2",0.575,-0.192,0.019,0.021,1,"NRIP2"
"ENSG00000280378",0.577,-0.101,0.01,0.011,1,"ENSG00000280378"
"TMEM272",0.578,0.244,0.01,0.009,1,"TMEM272"
"PCDHB9",0.579,0.198,0.139,0.137,1,"PCDHB9"
"RXRG",0.579,-1.129,0.011,0.012,1,"RXRG"
"PRPH2",0.582,0.222,0.012,0.013,1,"PRPH2"
"EPS8L1",0.582,-0.287,0.027,0.028,1,"EPS8L1"
"LINGO2",0.584,-1.377,0.027,0.028,1,"LINGO2"
"FABP3",0.585,0.147,0.023,0.022,1,"FABP3"
"RASL11A",0.585,0.25,0.012,0.011,1,"RASL11A"
"ENSG00000280227",0.585,-0.142,0.018,0.019,1,"ENSG00000280227"
"PRELP",0.588,0.235,0.012,0.013,1,"PRELP"
"CHRM3",0.588,-0.39,0.013,0.012,1,"CHRM3"
"KCNC3",0.588,0.109,0.027,0.025,1,"KCNC3"
"NPIPA9",0.589,0.207,0.021,0.022,1,"NPIPA9"
"KCNA3",0.592,0.126,0.139,0.136,1,"KCNA3"
"RGPD1",0.594,0.176,0.03,0.032,1,"RGPD1"
"RHBDL3",0.594,0.167,0.168,0.17,1,"RHBDL3"
"SPINK13",0.598,-0.142,0.013,0.014,1,"SPINK13"
"RASD2",0.598,0.405,0.03,0.029,1,"RASD2"
"SCEL",0.599,0.48,0.019,0.02,1,"SCEL"
"DUSP4",0.602,-0.313,0.09,0.091,1,"DUSP4"
"ENSG00000279689",0.602,-0.202,0.01,0.009,1,"ENSG00000279689"
"SPDYE18",0.604,0.132,0.034,0.033,1,"SPDYE18"
"ZNF263",0.607,-0.151,0.091,0.092,1,"ZNF263"
"NIBAN3",0.607,0.219,0.014,0.013,1,"NIBAN3"
"PCBD2",0.61,-0.232,0.369,0.353,1,"PCBD2"
"STARD8",0.614,-0.138,0.01,0.011,1,"STARD8"
"MT-TA",0.615,-0.237,0.012,0.013,1,"MT-TA"
"FAM20A",0.616,0.193,0.015,0.015,1,"FAM20A"
"RAP2B",0.618,0.253,0.392,0.393,1,"RAP2B"
"TAS2R14",0.624,0.125,0.09,0.087,1,"TAS2R14"
"FAR2",0.627,0.178,0.108,0.11,1,"FAR2"
"P4HA3",0.631,0.145,0.152,0.148,1,"P4HA3"
"ANO7",0.634,0.268,0.012,0.011,1,"ANO7"
"ZIM2",0.638,-0.154,0.016,0.017,1,"ZIM2"
"FMN1",0.639,0.209,0.012,0.011,1,"FMN1"
"PCYOX1L",0.64,-0.149,0.08,0.081,1,"PCYOX1L"
"SELENOV",0.641,0.156,0.011,0.012,1,"SELENOV"
"TVP23A",0.643,-0.143,0.039,0.04,1,"TVP23A"
"ACSM3",0.643,0.109,0.023,0.024,1,"ACSM3"
"NPTXR",0.643,0.123,0.297,0.295,1,"NPTXR"
"NMBR",0.646,0.108,0.017,0.018,1,"NMBR"
"FRMD4A",0.646,0.319,0.789,0.801,1,"FRMD4A"
"TMEM74",0.649,0.33,0.018,0.017,1,"TMEM74"
"ENSG00000279250",0.65,-0.201,0.01,0.01,1,"ENSG00000279250"
"RAPGEF3",0.651,0.255,0.017,0.016,1,"RAPGEF3"
"ACKR1",0.653,-0.22,0.013,0.012,1,"ACKR1"
"FAM153A",0.657,0.211,0.01,0.01,1,"FAM153A"
"ENSG00000280353",0.658,0.15,0.02,0.019,1,"ENSG00000280353"
"NICN1",0.658,0.243,0.01,0.01,1,"NICN1"
"NOMO2",0.662,0.13,0.054,0.052,1,"NOMO2"
"CCDC81",0.666,-0.168,0.035,0.033,1,"CCDC81"
"CCDC200",0.667,0.526,0.015,0.016,1,"CCDC200"
"GTF2IRD1",0.668,0.123,0.53,0.527,1,"GTF2IRD1"
"APOL4",0.67,0.211,0.041,0.04,1,"APOL4"
"SLCO1B1",0.675,-0.122,0.02,0.021,1,"SLCO1B1"
"BLACAT1",0.675,-0.112,0.038,0.039,1,"BLACAT1"
"SSTR2",0.681,0.712,0.017,0.017,1,"SSTR2"
"OXTR",0.683,0.146,0.02,0.019,1,"OXTR"
"PLLP",0.685,0.105,0.043,0.041,1,"PLLP"
"NXPH1",0.689,0.128,0.232,0.231,1,"NXPH1"
"LIME1",0.692,-0.103,0.019,0.018,1,"LIME1"
"RAI2",0.698,0.166,0.165,0.17,1,"RAI2"
"ITIH2",0.698,0.187,0.016,0.016,1,"ITIH2"
"PEAK3",0.7,0.192,0.014,0.014,1,"PEAK3"
"SLC24A2",0.703,0.256,0.017,0.018,1,"SLC24A2"
"MYO15A",0.706,0.369,0.013,0.013,1,"MYO15A"
"KCTD4",0.709,0.191,0.015,0.015,1,"KCTD4"
"SLC6A13",0.71,0.208,0.01,0.01,1,"SLC6A13"
"PALM2AKAP2",0.712,-0.16,0.038,0.039,1,"PALM2AKAP2"
"GRK7",0.714,0.118,0.016,0.015,1,"GRK7"
"CERS3",0.716,0.404,0.024,0.023,1,"CERS3"
"ENSG00000280119",0.722,0.303,0.015,0.014,1,"ENSG00000280119"
"ENSG00000256825",0.723,0.226,0.012,0.011,1,"ENSG00000256825"
"KCNJ11",0.723,-0.128,0.015,0.015,1,"KCNJ11"
"GPR85",0.724,-0.305,0.014,0.015,1,"GPR85"
"ARHGAP22",0.724,-0.122,0.015,0.016,1,"ARHGAP22"
"SALL1",0.724,-0.153,0.394,0.372,1,"SALL1"
"PRKCG",0.728,0.197,0.028,0.027,1,"PRKCG"
"CMTM7",0.736,0.422,0.022,0.022,1,"CMTM7"
"MPP4",0.737,-0.189,0.016,0.015,1,"MPP4"
"C11orf42",0.742,0.239,0.015,0.015,1,"C11orf42"
"DPP10",0.745,-0.383,0.057,0.056,1,"DPP10"
"GPR18",0.747,0.169,0.024,0.024,1,"GPR18"
"PCDHGA9",0.747,0.17,0.015,0.015,1,"PCDHGA9"
"ZSCAN20",0.749,-0.111,0.061,0.059,1,"ZSCAN20"
"PCDHB11",0.752,0.128,0.037,0.036,1,"PCDHB11"
"IL18",0.759,0.107,0.022,0.021,1,"IL18"
"UBB",0.76,0.18,0.617,0.671,1,"UBB"
"ARMH2",0.761,0.126,0.014,0.014,1,"ARMH2"
"PCDHA11",0.764,0.164,0.039,0.038,1,"PCDHA11"
"LYPD6B",0.767,0.136,0.013,0.012,1,"LYPD6B"
"RIMS4",0.767,-0.132,0.044,0.043,1,"RIMS4"
"TREH",0.77,0.209,0.018,0.018,1,"TREH"
"COL9A1",0.773,-0.114,0.058,0.059,1,"COL9A1"
"SLC23A1",0.774,0.192,0.038,0.039,1,"SLC23A1"
"ADAM28",0.776,-0.33,0.009,0.01,1,"ADAM28"
"ADAMTS4",0.776,0.181,0.016,0.017,1,"ADAMTS4"
"TNR",0.778,0.173,0.233,0.237,1,"TNR"
"TTC36",0.779,0.117,0.013,0.013,1,"TTC36"
"TSPAN1",0.787,0.139,0.015,0.015,1,"TSPAN1"
"CCDC152",0.788,-0.167,0.062,0.061,1,"CCDC152"
"ENSG00000279549",0.793,-0.13,0.019,0.019,1,"ENSG00000279549"
"SHISA9",0.795,-0.125,0.028,0.027,1,"SHISA9"
"MBOAT4",0.798,-0.151,0.01,0.011,1,"MBOAT4"
"DCN",0.799,-0.233,0.012,0.012,1,"DCN"
"SERF1B",0.8,0.132,0.016,0.016,1,"SERF1B"
"ENSG00000279996",0.806,0.104,0.012,0.012,1,"ENSG00000279996"
"SPDYE6",0.812,-0.129,0.011,0.01,1,"SPDYE6"
"LBHD1",0.815,-0.423,0.01,0.01,1,"LBHD1"
"HLA-DPB1",0.815,0.123,0.017,0.017,1,"HLA-DPB1"
"ATF5",0.815,0.323,0.146,0.144,1,"ATF5"
"NR2E3",0.817,0.154,0.02,0.019,1,"NR2E3"
"TAF4B",0.819,0.337,0.027,0.027,1,"TAF4B"
"TBX19",0.821,-0.18,0.028,0.029,1,"TBX19"
"PCDHB6",0.824,-0.179,0.014,0.014,1,"PCDHB6"
"PIP5KL1",0.824,0.122,0.016,0.016,1,"PIP5KL1"
"IHO1",0.826,0.296,0.01,0.01,1,"IHO1"
"GJC2",0.826,0.229,0.012,0.012,1,"GJC2"
"HNRNPA1L2",0.833,-0.167,0.055,0.054,1,"HNRNPA1L2"
"PLXDC1",0.834,0.295,0.01,0.01,1,"PLXDC1"
"PCDHA8",0.837,0.212,0.01,0.01,1,"PCDHA8"
"PWAR1",0.842,-0.144,0.035,0.035,1,"PWAR1"
"IKBIP",0.844,-0.14,0.327,0.318,1,"IKBIP"
"CSMD3",0.858,-0.105,0.105,0.103,1,"CSMD3"
"CTHRC1",0.859,-0.118,0.023,0.023,1,"CTHRC1"
"ENSG00000268173",0.862,0.184,0.017,0.017,1,"ENSG00000268173"
"TSBP1",0.864,-0.203,0.02,0.021,1,"TSBP1"
"SRRM5",0.868,0.15,0.046,0.046,1,"SRRM5"
"SLC4A9",0.874,-0.236,0.014,0.015,1,"SLC4A9"
"PRICKLE1",0.881,0.118,0.027,0.026,1,"PRICKLE1"
"ARRDC4",0.883,-0.13,0.382,0.371,1,"ARRDC4"
"LEFTY1",0.887,0.151,0.012,0.012,1,"LEFTY1"
"KIAA1614",0.892,0.175,0.052,0.053,1,"KIAA1614"
"BTBD18",0.898,0.246,0.039,0.039,1,"BTBD18"
"LSMEM2",0.899,0.185,0.011,0.011,1,"LSMEM2"
"MSANTD1",0.899,0.204,0.024,0.025,1,"MSANTD1"
"TLE6",0.899,0.299,0.017,0.017,1,"TLE6"
"ENSG00000280402",0.904,0.212,0.011,0.011,1,"ENSG00000280402"
"PPP1R14A",0.907,0.22,0.021,0.021,1,"PPP1R14A"
"TMEM81",0.913,0.119,0.043,0.043,1,"TMEM81"
"TCTE1",0.914,0.225,0.021,0.021,1,"TCTE1"
"KCNE1",0.915,-0.209,0.027,0.027,1,"KCNE1"
"FRMPD4",0.917,-0.435,0.01,0.01,1,"FRMPD4"
"ZNF841",0.919,0.117,0.059,0.059,1,"ZNF841"
"PILRA",0.92,0.112,0.104,0.104,1,"PILRA"
"FGF13",0.923,-0.118,0.537,0.515,1,"FGF13"
"B3GALT2",0.924,0.145,0.048,0.048,1,"B3GALT2"
"ENSG00000173867",0.928,0.169,0.029,0.029,1,"ENSG00000173867"
"PLN",0.929,0.19,0.033,0.034,1,"PLN"
"RPS6KA3",0.93,0.109,0.51,0.5,1,"RPS6KA3"
"TSHZ1",0.93,-0.165,0.301,0.294,1,"TSHZ1"
"SLC7A8",0.936,0.257,0.023,0.023,1,"SLC7A8"
"ANKRD34A",0.94,0.243,0.012,0.012,1,"ANKRD34A"
"FAM53A",0.94,0.219,0.016,0.016,1,"FAM53A"
"CENPS-CORT",0.941,0.222,0.028,0.028,1,"CENPS-CORT"
"PPM1N",0.947,0.147,0.018,0.018,1,"PPM1N"
"GDPD3",0.948,-0.25,0.014,0.014,1,"GDPD3"
"JAKMIP3",0.95,-0.292,0.012,0.012,1,"JAKMIP3"
"PROKR2",0.952,0.163,0.094,0.094,1,"PROKR2"
"KEL",0.959,0.144,0.019,0.019,1,"KEL"
"ARHGAP4",0.959,0.189,0.021,0.021,1,"ARHGAP4"
"MCM9",0.963,0.246,0.33,0.324,1,"MCM9"
"NFE2L3",0.963,0.23,0.105,0.106,1,"NFE2L3"
"TMPRSS11A",0.964,-0.107,0.024,0.024,1,"TMPRSS11A"
"PAM16",0.965,0.102,0.057,0.057,1,"PAM16"
"C17orf78",0.97,0.111,0.02,0.02,1,"C17orf78"
"SLC6A15",0.971,-0.135,0.017,0.017,1,"SLC6A15"
"PAPSS2",0.972,0.189,0.088,0.088,1,"PAPSS2"
"CACNA1H",0.973,0.104,0.033,0.033,1,"CACNA1H"
"ENSG00000279900",0.975,-0.108,0.011,0.011,1,"ENSG00000279900"
"MAPK13",0.976,0.512,0.01,0.01,1,"MAPK13"
"LMO1",0.978,-0.826,0.168,0.161,1,"LMO1"
"ENSG00000279203",0.978,0.109,0.043,0.043,1,"ENSG00000279203"
"PCDHB13",0.98,0.109,0.031,0.031,1,"PCDHB13"
"DOCK9",0.98,-0.15,0.085,0.084,1,"DOCK9"
"ARG1",0.983,0.112,0.026,0.025,1,"ARG1"
"TAFA2",0.985,-0.233,0.19,0.186,1,"TAFA2"
"VN1R1",0.988,0.116,0.01,0.009,1,"VN1R1"
"KCNJ14",0.994,0.159,0.058,0.058,1,"KCNJ14"
"ENSG00000289687",0.999,0.114,0.015,0.015,1,"ENSG00000289687"
