"","p_val","avg_log2FC","pct.1","pct.2","p_val_adj","gene"
"MT-RNR1",1.63e-171,-0.356,0.99,0.995,3.03e-167,"MT-RNR1"
"MT-RNR2",8.64e-130,-0.32,0.997,0.997,1.61e-125,"MT-RNR2"
"RPL17",4.46e-103,-0.653,0.496,0.625,8.3e-99,"RPL17"
"RPS19",4.98e-84,-0.28,0.993,0.994,9.27e-80,"RPS19"
"TUBB3",1.52e-82,-0.631,0.418,0.548,2.84e-78,"TUBB3"
"MT-ND3",7.92e-76,-0.316,0.966,0.971,1.47e-71,"MT-ND3"
"RPL41",1.46e-67,-0.292,0.992,0.994,2.72e-63,"RPL41"
"CADM2",1.54e-64,0.618,0.629,0.526,2.87e-60,"CADM2"
"RPL26",3.01e-64,-0.279,0.986,0.991,5.6e-60,"RPL26"
"ACTG1",4.48e-62,-0.236,0.997,0.998,8.34e-58,"ACTG1"
"ACTB",6.28e-53,-0.215,0.997,0.998,1.17e-48,"ACTB"
"MT-CYB",1.43e-50,-0.262,0.979,0.98,2.65e-46,"MT-CYB"
"RPL35A",9.76e-50,-0.235,0.988,0.991,1.82e-45,"RPL35A"
"DYNLRB1",5.22e-49,-0.468,0.369,0.474,9.72e-45,"DYNLRB1"
"PSMA2",1.11e-48,-0.334,0.666,0.737,2.07e-44,"PSMA2"
"RPL23A",1.7e-48,-0.218,0.985,0.99,3.16e-44,"RPL23A"
"TPT1",7.86e-47,-0.185,0.993,0.994,1.46e-42,"TPT1"
"RPL11",2.91e-46,-0.2,0.994,0.995,5.43e-42,"RPL11"
"RPS27",4.37e-46,-0.209,0.989,0.99,8.13e-42,"RPS27"
"IGF2BP2",5.38e-46,0.507,0.359,0.265,1e-41,"IGF2BP2"
"GPM6A",5.75e-44,0.287,0.955,0.938,1.07e-39,"GPM6A"
"RPS18",1.68e-43,-0.21,0.994,0.995,3.13e-39,"RPS18"
"MT-CO2",7.95e-43,-0.217,0.983,0.984,1.48e-38,"MT-CO2"
"RPL21",9.01e-43,-0.2,0.989,0.993,1.68e-38,"RPL21"
"SELENOH",2.35e-42,-0.416,0.423,0.51,4.38e-38,"SELENOH"
"RPL15",5.62e-42,-0.189,0.992,0.994,1.05e-37,"RPL15"
"RPL32",3.95e-41,-0.194,0.992,0.993,7.34e-37,"RPL32"
"MYL6",1.42e-40,-0.257,0.969,0.979,2.63e-36,"MYL6"
"RPL6",2.04e-40,-0.212,0.99,0.993,3.8e-36,"RPL6"
"MT-CO3",2.36e-40,-0.207,0.988,0.989,4.4e-36,"MT-CO3"
"RPL9",2.55e-40,-0.204,0.992,0.993,4.74e-36,"RPL9"
"FDFT1",3.62e-40,-0.399,0.51,0.594,6.74e-36,"FDFT1"
"RPL29",3.92e-40,-0.208,0.988,0.99,7.29e-36,"RPL29"
"CDKN2A",1.82e-39,-0.79,0.088,0.15,3.38e-35,"CDKN2A"
"NRG3",2.1e-39,0.423,0.59,0.508,3.92e-35,"NRG3"
"RPL7A",3.01e-39,-0.2,0.992,0.994,5.6e-35,"RPL7A"
"NDUFB8",4.53e-39,-0.31,0.687,0.753,8.43e-35,"NDUFB8"
"SLC9A2",5.32e-39,-1.056,0.071,0.128,9.9e-35,"SLC9A2"
"MT-CO1",5.87e-39,-0.2,0.987,0.99,1.09e-34,"MT-CO1"
"NDUFA7",3.53e-38,-0.508,0.254,0.337,6.57e-34,"NDUFA7"
"BCL11A",3.66e-38,-0.444,0.653,0.723,6.82e-34,"BCL11A"
"MT-ATP6",6.44e-38,-0.223,0.985,0.985,1.2e-33,"MT-ATP6"
"NEGR1",8.38e-38,0.55,0.53,0.451,1.56e-33,"NEGR1"
"RPLP1",1.75e-37,-0.201,0.994,0.995,3.25e-33,"RPLP1"
"OOEP",8.41e-37,-0.487,0.275,0.359,1.56e-32,"OOEP"
"SLC27A4",1.08e-36,-0.363,0.524,0.602,2.02e-32,"SLC27A4"
"RPS3A",2.3e-36,-0.196,0.993,0.994,4.29e-32,"RPS3A"
"RPS3",2.37e-36,-0.204,0.989,0.992,4.42e-32,"RPS3"
"RPSA",2.98e-36,-0.2,0.972,0.982,5.55e-32,"RPSA"
"VWC2",6.51e-36,2.344,0.046,0.015,1.21e-31,"VWC2"
"RPL10A",1.21e-35,-0.21,0.965,0.974,2.25e-31,"RPL10A"
"RPL36A",3.14e-35,-0.228,0.94,0.957,5.84e-31,"RPL36A"
"OST4",3.72e-35,-0.261,0.804,0.843,6.93e-31,"OST4"
"COX6C",2.44e-34,-0.211,0.907,0.933,4.54e-30,"COX6C"
"PRDX2",2.35e-33,-0.192,0.938,0.954,4.37e-29,"PRDX2"
"RPS6",2.9e-33,-0.187,0.986,0.99,5.41e-29,"RPS6"
"ST6GALNAC5",3.56e-33,-0.702,0.483,0.544,6.63e-29,"ST6GALNAC5"
"RPL35",5.64e-33,-0.183,0.972,0.981,1.05e-28,"RPL35"
"NDUFS5",1.16e-32,-0.211,0.878,0.911,2.16e-28,"NDUFS5"
"HNRNPK",3.95e-32,-0.203,0.961,0.975,7.35e-28,"HNRNPK"
"UBL5",4.36e-32,-0.207,0.886,0.909,8.12e-28,"UBL5"
"EPHA4",1.4e-31,-0.455,0.513,0.585,2.61e-27,"EPHA4"
"LGALS1",1.85e-31,-0.556,0.225,0.296,3.44e-27,"LGALS1"
"RPS23",2.37e-31,-0.182,0.993,0.995,4.41e-27,"RPS23"
"p23031-mCherry",4.13e-31,2.793,0.026,0.005,7.68e-27,"p23031-mCherry"
"NPY",4.21e-31,-0.965,0.122,0.181,7.84e-27,"NPY"
"GAPDH",9.38e-31,-0.198,0.954,0.968,1.75e-26,"GAPDH"
"RPL4",2.22e-30,-0.18,0.959,0.97,4.13e-26,"RPL4"
"RPS27A",3.12e-30,-0.168,0.992,0.994,5.81e-26,"RPS27A"
"NNAT",5.7e-30,-0.257,0.883,0.915,1.06e-25,"NNAT"
"TMA7",5.85e-30,-0.182,0.929,0.945,1.09e-25,"TMA7"
"RPL10",1.82e-29,-0.156,0.995,0.995,3.39e-25,"RPL10"
"NFIB",4.48e-29,0.113,0.989,0.975,8.35e-25,"NFIB"
"KHDRBS2",2.05e-28,0.679,0.256,0.193,3.82e-24,"KHDRBS2"
"HNRNPA1L3",3.5e-28,-0.38,0.386,0.459,6.51e-24,"HNRNPA1L3"
"RPS9",7.83e-28,-0.159,0.984,0.988,1.46e-23,"RPS9"
"GRIK2",8.09e-28,0.743,0.218,0.159,1.51e-23,"GRIK2"
"TUBA1A",1.5e-27,-0.198,1,0.999,2.8e-23,"TUBA1A"
"RPS15",1.68e-27,-0.159,0.99,0.992,3.12e-23,"RPS15"
"CLSTN2",2.06e-27,0.871,0.164,0.111,3.83e-23,"CLSTN2"
"LRFN5",2.51e-27,-0.707,0.288,0.355,4.66e-23,"LRFN5"
"RPS7",2.74e-27,-0.16,0.989,0.993,5.1e-23,"RPS7"
"TXNIP",3.02e-27,0.268,0.833,0.796,5.62e-23,"TXNIP"
"LRRC7",8.21e-27,0.326,0.576,0.51,1.53e-22,"LRRC7"
"CTNNA2",9.52e-27,0.194,0.871,0.815,1.77e-22,"CTNNA2"
"GRIA4",1.07e-26,0.421,0.341,0.268,1.99e-22,"GRIA4"
"AFF2",1.14e-26,0.543,0.408,0.346,2.12e-22,"AFF2"
"CLASP2",1.16e-26,0.189,0.975,0.972,2.16e-22,"CLASP2"
"IGFBP2",1.24e-26,-0.217,0.771,0.82,2.3e-22,"IGFBP2"
"RPL18",2.48e-26,-0.157,0.991,0.992,4.61e-22,"RPL18"
"ANXA1",3.34e-26,-2.341,0.016,0.042,6.22e-22,"ANXA1"
"ZFHX4",3.71e-26,-0.424,0.45,0.509,6.91e-22,"ZFHX4"
"TMSB10",4.02e-26,-0.208,0.995,0.996,7.49e-22,"TMSB10"
"LMO1",8.75e-26,0.783,0.216,0.161,1.63e-21,"LMO1"
"HNRNPA1",1.63e-25,-0.155,0.986,0.99,3.03e-21,"HNRNPA1"
"MYCBP2",2.47e-25,0.231,0.966,0.953,4.6e-21,"MYCBP2"
"RPL3",3.98e-25,-0.159,0.992,0.993,7.41e-21,"RPL3"
"PKM",6.86e-25,-0.308,0.529,0.59,1.28e-20,"PKM"
"PRDX5",9.49e-25,-0.204,0.717,0.771,1.77e-20,"PRDX5"
"RPS26",1.24e-24,-0.213,0.825,0.864,2.31e-20,"RPS26"
"RPL27",1.82e-24,-0.137,0.989,0.992,3.38e-20,"RPL27"
"DOK6",2.09e-24,0.499,0.243,0.183,3.89e-20,"DOK6"
"SH3BGRL3",4.83e-24,-0.263,0.673,0.733,8.99e-20,"SH3BGRL3"
"RPL14",6.17e-24,-0.147,0.982,0.988,1.15e-19,"RPL14"
"PRKCA",9.38e-24,0.108,0.924,0.888,1.75e-19,"PRKCA"
"RPL31",1.38e-23,-0.189,0.923,0.943,2.56e-19,"RPL31"
"EMX2",1.84e-23,-0.758,0.062,0.102,3.42e-19,"EMX2"
"IGSF21",2.24e-23,1.737,0.032,0.011,4.17e-19,"IGSF21"
"CRH",3.84e-23,-4.724,0.005,0.021,7.15e-19,"CRH"
"RACK1",3.89e-23,-0.165,0.982,0.985,7.24e-19,"RACK1"
"MSMO1",4.27e-23,-0.583,0.504,0.561,7.95e-19,"MSMO1"
"DBI",4.46e-23,-0.328,0.745,0.797,8.3e-19,"DBI"
"TLE4",7.51e-23,-0.793,0.114,0.163,1.4e-18,"TLE4"
"SLC2A13",1.22e-22,0.355,0.299,0.237,2.26e-18,"SLC2A13"
"RPS14",1.66e-22,-0.164,0.993,0.994,3.09e-18,"RPS14"
"C18orf32",1.88e-22,-0.338,0.296,0.363,3.49e-18,"C18orf32"
"COX4I1",1.99e-22,-0.147,0.933,0.948,3.71e-18,"COX4I1"
"ATP5PO",2.21e-22,-0.184,0.845,0.875,4.11e-18,"ATP5PO"
"HMGCS1",4.49e-22,-0.664,0.454,0.512,8.36e-18,"HMGCS1"
"PDGFC",4.69e-22,-0.562,0.199,0.256,8.73e-18,"PDGFC"
"ATP5MG",5.14e-22,-0.146,0.967,0.973,9.56e-18,"ATP5MG"
"EIF4A1",6.35e-22,-0.184,0.94,0.954,1.18e-17,"EIF4A1"
"PSMA7",9.06e-22,-0.176,0.93,0.947,1.69e-17,"PSMA7"
"UBE2QL1",9.34e-22,-0.512,0.21,0.267,1.74e-17,"UBE2QL1"
"RPS24",1.02e-21,-0.138,0.995,0.993,1.9e-17,"RPS24"
"PDE4D",1.14e-21,0.323,0.737,0.682,2.13e-17,"PDE4D"
"RPL5",1.44e-21,-0.175,0.994,0.994,2.68e-17,"RPL5"
"PRKCE",1.47e-21,0.328,0.499,0.445,2.73e-17,"PRKCE"
"NPM1",1.74e-21,-0.18,0.961,0.969,3.24e-17,"NPM1"
"RPL39",1.78e-21,-0.141,0.991,0.991,3.32e-17,"RPL39"
"RBFOX3",3.75e-21,0.827,0.128,0.087,6.97e-17,"RBFOX3"
"ATP5F1B",4.06e-21,-0.157,0.866,0.897,7.55e-17,"ATP5F1B"
"ENO1",4.19e-21,-0.204,0.68,0.739,7.8e-17,"ENO1"
"METTL7B",6.57e-21,-2.05,0.009,0.028,1.22e-16,"METTL7B"
"PPIA",6.73e-21,-0.123,0.976,0.983,1.25e-16,"PPIA"
"TUBA1B",1.07e-20,-0.186,0.946,0.96,1.99e-16,"TUBA1B"
"RPS10",1.23e-20,-0.131,0.99,0.991,2.29e-16,"RPS10"
"TPI1",1.24e-20,-0.246,0.686,0.728,2.3e-16,"TPI1"
"PDPN",1.26e-20,-0.57,0.136,0.185,2.34e-16,"PDPN"
"DOCK3",1.53e-20,0.414,0.364,0.305,2.85e-16,"DOCK3"
"HOPX",1.59e-20,-2.454,0.038,0.068,2.96e-16,"HOPX"
"LRRC3B",1.6e-20,-0.792,0.197,0.248,2.97e-16,"LRRC3B"
"NR2F2",1.6e-20,0.15,0.593,0.513,2.98e-16,"NR2F2"
"SOX6",2.04e-20,0.319,0.884,0.855,3.81e-16,"SOX6"
"RPS12",2.35e-20,-0.168,0.989,0.992,4.38e-16,"RPS12"
"SSBP1",2.38e-20,-0.191,0.722,0.769,4.42e-16,"SSBP1"
"TIMM8B",2.68e-20,-0.23,0.517,0.576,4.99e-16,"TIMM8B"
"GTF3C6",3.82e-20,-0.206,0.672,0.727,7.1e-16,"GTF3C6"
"NDUFB4",3.93e-20,-0.195,0.777,0.81,7.32e-16,"NDUFB4"
"TUBB",3.98e-20,-0.171,0.993,0.995,7.4e-16,"TUBB"
"RPL19",9.19e-20,-0.141,0.989,0.991,1.71e-15,"RPL19"
"XKR4",1.13e-19,0.497,0.197,0.148,2.1e-15,"XKR4"
"RASD1",1.28e-19,-0.597,0.192,0.244,2.38e-15,"RASD1"
"HLA-B",1.33e-19,-0.786,0.073,0.111,2.48e-15,"HLA-B"
"SREBF2",1.35e-19,-0.142,0.712,0.761,2.51e-15,"SREBF2"
"SRSF3",1.38e-19,-0.151,0.93,0.952,2.57e-15,"SRSF3"
"RBM3",1.43e-19,-0.202,0.686,0.731,2.67e-15,"RBM3"
"PTPRO",1.49e-19,0.19,0.593,0.528,2.77e-15,"PTPRO"
"COX5B",1.59e-19,-0.173,0.825,0.853,2.96e-15,"COX5B"
"SEC61G",1.73e-19,-0.169,0.915,0.932,3.22e-15,"SEC61G"
"SRSF9",1.92e-19,-0.169,0.871,0.895,3.57e-15,"SRSF9"
"NFIA",1.94e-19,0.133,0.962,0.915,3.61e-15,"NFIA"
"ERBB4",2.47e-19,0.416,0.56,0.492,4.61e-15,"ERBB4"
"RPL24",2.73e-19,-0.149,0.991,0.992,5.09e-15,"RPL24"
"PTMA",2.82e-19,-0.124,0.994,0.996,5.24e-15,"PTMA"
"PDGFRA",3.67e-19,-0.628,0.204,0.255,6.84e-15,"PDGFRA"
"RAB3IP",4.1e-19,0.322,0.662,0.619,7.63e-15,"RAB3IP"
"RPE65",5.51e-19,-2.267,0.005,0.02,1.03e-14,"RPE65"
"RPL36AL",9.32e-19,-0.186,0.786,0.824,1.73e-14,"RPL36AL"
"ARFGEF3",9.39e-19,0.698,0.139,0.098,1.75e-14,"ARFGEF3"
"COX7B",1.57e-18,-0.172,0.748,0.791,2.92e-14,"COX7B"
"SLCO1C1",1.58e-18,-1.277,0.036,0.063,2.95e-14,"SLCO1C1"
"YWHAE",1.68e-18,-0.118,0.98,0.982,3.13e-14,"YWHAE"
"GLI2",2.19e-18,-0.319,0.367,0.423,4.07e-14,"GLI2"
"UBA52",2.31e-18,-0.115,0.981,0.985,4.3e-14,"UBA52"
"MSI2",3.31e-18,-0.237,0.909,0.92,6.17e-14,"MSI2"
"MPPED2",5.29e-18,-0.37,0.578,0.614,9.85e-14,"MPPED2"
"RTRAF",5.32e-18,-0.155,0.785,0.823,9.89e-14,"RTRAF"
"MT-TC",6.66e-18,-0.664,0.048,0.079,1.24e-13,"MT-TC"
"SNRPE",7.22e-18,-0.13,0.967,0.976,1.34e-13,"SNRPE"
"RPLP0",9.63e-18,-0.154,0.984,0.988,1.79e-13,"RPLP0"
"ABCA1",9.79e-18,0.322,0.504,0.448,1.82e-13,"ABCA1"
"STEAP1B",1.5e-17,-0.298,0.328,0.388,2.79e-13,"STEAP1B"
"FAM107A",1.55e-17,-1.12,0.026,0.05,2.89e-13,"FAM107A"
"UQCRB",1.79e-17,-0.135,0.92,0.938,3.32e-13,"UQCRB"
"CRACD",1.8e-17,0.149,0.975,0.966,3.36e-13,"CRACD"
"RPL22",1.83e-17,-0.131,0.987,0.99,3.4e-13,"RPL22"
"NKX2-1",2.66e-17,0.252,0.326,0.266,4.96e-13,"NKX2-1"
"IDI1",5.56e-17,-0.376,0.531,0.581,1.04e-12,"IDI1"
"RTN1",6.33e-17,0.18,0.75,0.711,1.18e-12,"RTN1"
"EPHA3",7.02e-17,-0.234,0.602,0.658,1.31e-12,"EPHA3"
"PSD3",7.23e-17,-0.219,0.835,0.865,1.35e-12,"PSD3"
"ATP5F1E",8.6e-17,-0.127,0.955,0.966,1.6e-12,"ATP5F1E"
"ACAT2",1.1e-16,-0.18,0.521,0.574,2.04e-12,"ACAT2"
"SLC9A4",1.19e-16,-0.855,0.03,0.054,2.22e-12,"SLC9A4"
"RPS27L",1.37e-16,-0.258,0.765,0.792,2.54e-12,"RPS27L"
"MRPL11",1.52e-16,-0.234,0.387,0.446,2.84e-12,"MRPL11"
"SEZ6L",1.75e-16,0.475,0.272,0.224,3.25e-12,"SEZ6L"
"EEF1A1",2.03e-16,-0.105,0.997,0.998,3.78e-12,"EEF1A1"
"SCD",2.16e-16,-0.618,0.362,0.414,4.03e-12,"SCD"
"ARPC3",2.56e-16,-0.141,0.845,0.87,4.77e-12,"ARPC3"
"RPS2",3.15e-16,-0.151,0.993,0.993,5.87e-12,"RPS2"
"TMOD2",3.22e-16,0.277,0.445,0.397,5.99e-12,"TMOD2"
"MRPL51",3.67e-16,-0.173,0.746,0.79,6.83e-12,"MRPL51"
"PSMB1",3.97e-16,-0.152,0.835,0.859,7.4e-12,"PSMB1"
"RBMX",4.02e-16,-0.161,0.816,0.855,7.49e-12,"RBMX"
"SYT1",4.19e-16,0.201,0.659,0.616,7.8e-12,"SYT1"
"SRSF2",4.7e-16,-0.189,0.758,0.79,8.75e-12,"SRSF2"
"SNRPF",5.38e-16,-0.142,0.865,0.891,1e-11,"SNRPF"
"SERF2",5.73e-16,-0.175,0.916,0.929,1.07e-11,"SERF2"
"DHCR24",8.37e-16,-0.397,0.133,0.176,1.56e-11,"DHCR24"
"PTPMT1",1.03e-15,-0.394,0.12,0.161,1.91e-11,"PTPMT1"
"LIPG",1.09e-15,-0.702,0.094,0.131,2.04e-11,"LIPG"
"EIF3D",1.17e-15,-0.216,0.533,0.59,2.18e-11,"EIF3D"
"XRCC6",1.3e-15,-0.146,0.781,0.816,2.41e-11,"XRCC6"
"PSMC3",1.3e-15,-0.225,0.534,0.585,2.42e-11,"PSMC3"
"PTN",1.37e-15,-0.168,0.286,0.234,2.54e-11,"PTN"
"SLIT1",1.53e-15,0.496,0.274,0.228,2.84e-11,"SLIT1"
"NCAM1",1.62e-15,0.136,0.98,0.956,3.02e-11,"NCAM1"
"UBE2E2",1.7e-15,0.436,0.25,0.204,3.17e-11,"UBE2E2"
"MIF",1.89e-15,-0.185,0.891,0.913,3.52e-11,"MIF"
"GPC4",2.07e-15,-0.366,0.252,0.304,3.85e-11,"GPC4"
"S100B",2.08e-15,-1.007,0.058,0.088,3.88e-11,"S100B"
"EEF1B2",2.27e-15,-0.169,0.831,0.857,4.22e-11,"EEF1B2"
"NDUFS6",2.61e-15,-0.17,0.688,0.729,4.86e-11,"NDUFS6"
"GNG11",2.85e-15,-0.635,0.126,0.166,5.3e-11,"GNG11"
"CST3",2.87e-15,-1.039,0.402,0.452,5.34e-11,"CST3"
"ATP5IF1",3.11e-15,-0.188,0.655,0.701,5.8e-11,"ATP5IF1"
"FAU",3.35e-15,-0.101,0.989,0.991,6.23e-11,"FAU"
"CXCL14",3.45e-15,-1.185,0.023,0.043,6.42e-11,"CXCL14"
"RIMS1",3.58e-15,0.347,0.41,0.358,6.67e-11,"RIMS1"
"GRIN2B",3.61e-15,0.637,0.145,0.108,6.71e-11,"GRIN2B"
"NDUFA4",3.96e-15,-0.159,0.934,0.943,7.37e-11,"NDUFA4"
"RTN4",4.7e-15,-0.113,0.996,0.996,8.76e-11,"RTN4"
"C1QL1",4.75e-15,-0.871,0.041,0.067,8.84e-11,"C1QL1"
"ZPBP",4.9e-15,2.298,0.019,0.006,9.12e-11,"ZPBP"
"PSMB6",5.56e-15,-0.17,0.709,0.751,1.03e-10,"PSMB6"
"SLC4A4",6.02e-15,-0.419,0.36,0.409,1.12e-10,"SLC4A4"
"PSMB7",6.45e-15,-0.147,0.746,0.786,1.2e-10,"PSMB7"
"KCNQ1",6.49e-15,0.573,0.083,0.054,1.21e-10,"KCNQ1"
"LDLR",6.59e-15,-0.272,0.222,0.271,1.23e-10,"LDLR"
"MZT2B",6.83e-15,-0.17,0.759,0.795,1.27e-10,"MZT2B"
"ASXL3",7.19e-15,0.172,0.708,0.658,1.34e-10,"ASXL3"
"NDUFB3",7.44e-15,-0.214,0.581,0.627,1.38e-10,"NDUFB3"
"TUBB2A",7.61e-15,-0.146,0.892,0.913,1.42e-10,"TUBB2A"
"CLVS2",1.08e-14,0.242,0.639,0.596,2e-10,"CLVS2"
"SLC38A1",1.36e-14,0.212,0.296,0.245,2.52e-10,"SLC38A1"
"DPP6",1.38e-14,0.277,0.312,0.262,2.57e-10,"DPP6"
"FGF13",1.41e-14,0.24,0.564,0.515,2.63e-10,"FGF13"
"NDUFA6",1.42e-14,-0.189,0.586,0.635,2.64e-10,"NDUFA6"
"SRP9",1.44e-14,-0.108,0.937,0.947,2.68e-10,"SRP9"
"SLITRK2",1.47e-14,0.808,0.098,0.068,2.74e-10,"SLITRK2"
"ADGRV1",1.65e-14,-0.649,0.676,0.701,3.07e-10,"ADGRV1"
"DDAH2",1.92e-14,-0.176,0.776,0.811,3.57e-10,"DDAH2"
"RPL37",2.06e-14,-0.123,0.987,0.99,3.84e-10,"RPL37"
"ELOB",2.26e-14,-0.122,0.896,0.914,4.21e-10,"ELOB"
"L3MBTL4",2.43e-14,0.337,0.348,0.297,4.53e-10,"L3MBTL4"
"IAPP",3.4e-14,-1.013,0.017,0.035,6.33e-10,"IAPP"
"MBP",4.16e-14,1.33,0.045,0.025,7.75e-10,"MBP"
"RPL12",5.38e-14,-0.149,0.949,0.959,1e-09,"RPL12"
"GSTO1",5.5e-14,-0.328,0.231,0.277,1.02e-09,"GSTO1"
"RPS5",5.82e-14,-0.128,0.982,0.986,1.08e-09,"RPS5"
"ARX",6.09e-14,-0.171,0.776,0.813,1.13e-09,"ARX"
"RPL36",6.3e-14,-0.133,0.966,0.971,1.17e-09,"RPL36"
"PLEKHA7",6.6e-14,-0.262,0.293,0.342,1.23e-09,"PLEKHA7"
"TOMM7",6.76e-14,-0.142,0.876,0.9,1.26e-09,"TOMM7"
"IFITM3",7.31e-14,-1.042,0.06,0.087,1.36e-09,"IFITM3"
"ARHGAP18",7.51e-14,-0.385,0.188,0.232,1.4e-09,"ARHGAP18"
"SOX21",8.35e-14,-0.464,0.147,0.186,1.55e-09,"SOX21"
"GFAP",9.01e-14,-1.795,0.022,0.041,1.68e-09,"GFAP"
"PPDPF",9.43e-14,-0.16,0.678,0.727,1.75e-09,"PPDPF"
"SYT14",9.78e-14,0.26,0.444,0.393,1.82e-09,"SYT14"
"NDUFC2",1.03e-13,-0.145,0.857,0.874,1.92e-09,"NDUFC2"
"TGFB1I1",1.09e-13,-0.49,0.094,0.128,2.03e-09,"TGFB1I1"
"GSX2",1.27e-13,-0.388,0.232,0.277,2.37e-09,"GSX2"
"ABCG1",1.49e-13,0.639,0.072,0.047,2.78e-09,"ABCG1"
"RIC3",1.55e-13,0.778,0.21,0.172,2.88e-09,"RIC3"
"PSMC5",1.56e-13,-0.201,0.424,0.479,2.91e-09,"PSMC5"
"PLAAT4",1.57e-13,-1.799,0.006,0.018,2.91e-09,"PLAAT4"
"TNRC6C",1.6e-13,0.154,0.872,0.855,2.97e-09,"TNRC6C"
"PSMB4",1.61e-13,-0.199,0.546,0.598,2.99e-09,"PSMB4"
"SEC61B",1.64e-13,-0.122,0.91,0.923,3.05e-09,"SEC61B"
"NDUFC1",1.66e-13,-0.179,0.571,0.614,3.08e-09,"NDUFC1"
"SORCS1",1.73e-13,-0.923,0.149,0.186,3.22e-09,"SORCS1"
"NDUFB1",1.75e-13,-0.197,0.548,0.592,3.26e-09,"NDUFB1"
"CBX3",2.14e-13,-0.109,0.907,0.922,3.97e-09,"CBX3"
"SOCS2",2.26e-13,-0.338,0.105,0.141,4.21e-09,"SOCS2"
"SNRPG",2.34e-13,-0.142,0.826,0.849,4.36e-09,"SNRPG"
"FMC1",2.42e-13,-0.221,0.386,0.438,4.5e-09,"FMC1"
"FERMT1",2.53e-13,0.887,0.069,0.045,4.7e-09,"FERMT1"
"PGAM1",2.83e-13,-0.201,0.629,0.671,5.27e-09,"PGAM1"
"HS3ST3A1",3e-13,-3.006,0.003,0.012,5.59e-09,"HS3ST3A1"
"C11orf87",3.04e-13,-0.998,0.024,0.044,5.66e-09,"C11orf87"
"FZD5",3.13e-13,-0.571,0.068,0.097,5.82e-09,"FZD5"
"TMEM131L",3.23e-13,-0.163,0.863,0.885,6.01e-09,"TMEM131L"
"PLAAT3",3.54e-13,-0.729,0.053,0.079,6.59e-09,"PLAAT3"
"SQLE",3.55e-13,-0.224,0.611,0.653,6.6e-09,"SQLE"
"GLI3",3.61e-13,-0.483,0.267,0.309,6.72e-09,"GLI3"
"EIF3K",3.65e-13,-0.156,0.726,0.771,6.79e-09,"EIF3K"
"HSPE1",3.69e-13,-0.177,0.79,0.819,6.88e-09,"HSPE1"
"TNFRSF12A",4.16e-13,-2.119,0.028,0.048,7.74e-09,"TNFRSF12A"
"SHANK2",4.28e-13,0.318,0.384,0.342,7.97e-09,"SHANK2"
"CNN3",4.45e-13,-0.51,0.653,0.677,8.29e-09,"CNN3"
"C21orf62",4.64e-13,-1.394,0.043,0.067,8.64e-09,"C21orf62"
"ANAPC15",4.73e-13,-0.222,0.385,0.439,8.8e-09,"ANAPC15"
"YWHAQ",5.07e-13,-0.106,0.984,0.987,9.44e-09,"YWHAQ"
"ZNF385D",5.12e-13,-0.464,0.176,0.217,9.52e-09,"ZNF385D"
"F3",5.18e-13,-1.216,0.057,0.083,9.65e-09,"F3"
"RBMS3",5.23e-13,0.639,0.165,0.129,9.74e-09,"RBMS3"
"HNRNPH1",6.15e-13,-0.133,0.883,0.899,1.15e-08,"HNRNPH1"
"COMMD6",7.29e-13,-0.128,0.934,0.948,1.36e-08,"COMMD6"
"TXNRD1",7.3e-13,-0.148,0.719,0.754,1.36e-08,"TXNRD1"
"TCEAL9",7.5e-13,-0.181,0.626,0.668,1.4e-08,"TCEAL9"
"INSIG1",8.86e-13,-0.313,0.205,0.249,1.65e-08,"INSIG1"
"ALDOC",8.92e-13,-0.798,0.033,0.054,1.66e-08,"ALDOC"
"CACNB4",9.96e-13,0.371,0.283,0.238,1.85e-08,"CACNB4"
"RAN",1e-12,-0.119,0.845,0.874,1.87e-08,"RAN"
"CD99",1.07e-12,-0.326,0.36,0.403,1.99e-08,"CD99"
"BST2",1.08e-12,-1.345,0.006,0.018,2.01e-08,"BST2"
"KLHL35",1.12e-12,0.266,0.285,0.239,2.08e-08,"KLHL35"
"MT1F",1.14e-12,-0.707,0.039,0.062,2.12e-08,"MT1F"
"IFITM2",1.18e-12,-1.183,0.014,0.029,2.19e-08,"IFITM2"
"POLR2L",1.18e-12,-0.227,0.388,0.436,2.2e-08,"POLR2L"
"CSF1",1.28e-12,-0.98,0.02,0.037,2.39e-08,"CSF1"
"NRG1",1.28e-12,-1.056,0.148,0.184,2.39e-08,"NRG1"
"JAG1",1.33e-12,-0.532,0.166,0.205,2.48e-08,"JAG1"
"CHCHD1",1.49e-12,-0.194,0.473,0.521,2.77e-08,"CHCHD1"
"ETV5",1.52e-12,-0.527,0.087,0.118,2.83e-08,"ETV5"
"EMP1",1.6e-12,-3.034,0.005,0.016,2.98e-08,"EMP1"
"ATP10B",1.62e-12,-1.041,0.025,0.044,3.01e-08,"ATP10B"
"RPS25",1.65e-12,-0.101,0.985,0.988,3.07e-08,"RPS25"
"JTB",1.65e-12,-0.182,0.521,0.57,3.07e-08,"JTB"
"CDH4",1.76e-12,0.509,0.341,0.303,3.27e-08,"CDH4"
"PSMD9",1.76e-12,-0.235,0.294,0.342,3.27e-08,"PSMD9"
"LHFPL3",2.12e-12,-0.128,0.101,0.133,3.94e-08,"LHFPL3"
"SALL1",2.17e-12,-0.298,0.329,0.372,4.05e-08,"SALL1"
"DOK5",2.26e-12,-0.731,0.184,0.22,4.2e-08,"DOK5"
"LBH",2.46e-12,0.29,0.376,0.335,4.59e-08,"LBH"
"NDUFS8",2.52e-12,-0.164,0.472,0.523,4.69e-08,"NDUFS8"
"PCDH11X",2.72e-12,0.233,0.246,0.203,5.06e-08,"PCDH11X"
"NRXN3",2.77e-12,-0.175,0.96,0.955,5.16e-08,"NRXN3"
"STARD4",2.82e-12,-0.515,0.077,0.107,5.25e-08,"STARD4"
"CADPS",2.85e-12,0.143,0.348,0.299,5.3e-08,"CADPS"
"RAMP1",2.86e-12,-1.083,0.027,0.046,5.32e-08,"RAMP1"
"LRRC10B",2.88e-12,-2.145,0.007,0.019,5.37e-08,"LRRC10B"
"B2M",3.03e-12,-0.451,0.618,0.651,5.63e-08,"B2M"
"RPL13",3.03e-12,-0.113,0.994,0.994,5.65e-08,"RPL13"
"MTCL1",4.13e-12,-0.254,0.303,0.348,7.68e-08,"MTCL1"
"FHL1",4.15e-12,0.233,0.385,0.341,7.72e-08,"FHL1"
"MOXD1",4.26e-12,-0.558,0.169,0.207,7.93e-08,"MOXD1"
"CPNE4",4.28e-12,-0.958,0.061,0.087,7.96e-08,"CPNE4"
"GNG5",4.48e-12,-0.248,0.566,0.604,8.35e-08,"GNG5"
"PSMA3",4.52e-12,-0.152,0.706,0.744,8.42e-08,"PSMA3"
"HINT2",4.72e-12,-0.281,0.158,0.197,8.78e-08,"HINT2"
"HLA-C",4.98e-12,-0.424,0.25,0.29,9.28e-08,"HLA-C"
"EFNA5",5.24e-12,0.412,0.379,0.337,9.74e-08,"EFNA5"
"HSPB1",5.33e-12,-0.36,0.344,0.381,9.92e-08,"HSPB1"
"ADAM22",5.43e-12,0.202,0.613,0.58,1.01e-07,"ADAM22"
"GABRB3",6.15e-12,0.146,0.471,0.42,1.14e-07,"GABRB3"
"GRIA2",6.35e-12,0.544,0.202,0.165,1.18e-07,"GRIA2"
"PPIB",6.44e-12,-0.173,0.755,0.786,1.2e-07,"PPIB"
"DYNLT1",6.57e-12,-0.123,0.907,0.92,1.22e-07,"DYNLT1"
"EIF3E",6.64e-12,-0.168,0.785,0.812,1.24e-07,"EIF3E"
"TALDO1",6.7e-12,-0.146,0.686,0.726,1.25e-07,"TALDO1"
"SLC25A3",6.77e-12,-0.159,0.82,0.839,1.26e-07,"SLC25A3"
"TRIM2",6.96e-12,-0.126,0.957,0.965,1.3e-07,"TRIM2"
"PID1",7.16e-12,-0.346,0.545,0.588,1.33e-07,"PID1"
"MRPL40",7.65e-12,-0.226,0.3,0.347,1.42e-07,"MRPL40"
"NRCAM",7.77e-12,0.104,0.709,0.671,1.45e-07,"NRCAM"
"PSMC1",7.83e-12,-0.138,0.593,0.64,1.46e-07,"PSMC1"
"PURG",8.26e-12,0.266,0.482,0.445,1.54e-07,"PURG"
"ATP5PF",8.45e-12,-0.109,0.931,0.941,1.57e-07,"ATP5PF"
"ADAMTS3",8.61e-12,-1.618,0.038,0.059,1.6e-07,"ADAMTS3"
"TMEM158",8.66e-12,-0.405,0.329,0.37,1.61e-07,"TMEM158"
"TCF7L2",9.14e-12,-0.312,0.313,0.356,1.7e-07,"TCF7L2"
"PLEKHG1",9.17e-12,-0.658,0.109,0.14,1.71e-07,"PLEKHG1"
"ESR1",9.32e-12,0.246,0.591,0.56,1.73e-07,"ESR1"
"PAX6",9.51e-12,-0.248,0.265,0.309,1.77e-07,"PAX6"
"SEMA5A",1.03e-11,-0.454,0.23,0.269,1.92e-07,"SEMA5A"
"NCAM2",1.09e-11,0.44,0.309,0.267,2.02e-07,"NCAM2"
"FZD8",1.18e-11,-0.699,0.028,0.047,2.19e-07,"FZD8"
"SNRPB",1.3e-11,-0.154,0.619,0.668,2.42e-07,"SNRPB"
"ADGRL3",1.34e-11,0.164,0.703,0.652,2.49e-07,"ADGRL3"
"AK1",1.35e-11,-0.314,0.095,0.127,2.51e-07,"AK1"
"MYT1L",1.42e-11,0.166,0.544,0.5,2.64e-07,"MYT1L"
"KIDINS220",1.51e-11,0.119,0.937,0.93,2.8e-07,"KIDINS220"
"PSRC1",1.53e-11,-0.299,0.193,0.234,2.85e-07,"PSRC1"
"VDAC2",1.55e-11,-0.117,0.851,0.877,2.89e-07,"VDAC2"
"PEA15",1.8e-11,-0.414,0.403,0.445,3.35e-07,"PEA15"
"ANXA2",1.81e-11,-1.688,0.009,0.02,3.36e-07,"ANXA2"
"FRAS1",1.91e-11,0.88,0.063,0.042,3.56e-07,"FRAS1"
"RPSAP58",1.96e-11,-0.207,0.342,0.391,3.66e-07,"RPSAP58"
"DOCK4",2.02e-11,0.165,0.664,0.621,3.75e-07,"DOCK4"
"MARCHF3",2.03e-11,0.413,0.326,0.287,3.77e-07,"MARCHF3"
"NDST3",2.21e-11,0.863,0.064,0.043,4.12e-07,"NDST3"
"PCBP1",2.22e-11,-0.119,0.787,0.819,4.14e-07,"PCBP1"
"ZNF503",2.23e-11,-1.256,0.022,0.038,4.16e-07,"ZNF503"
"SVEP1",2.24e-11,0.694,0.109,0.082,4.18e-07,"SVEP1"
"TMTC2",2.31e-11,-0.434,0.663,0.678,4.31e-07,"TMTC2"
"SEMA6D",2.37e-11,0.341,0.284,0.245,4.42e-07,"SEMA6D"
"TXNDC17",2.54e-11,-0.166,0.562,0.605,4.73e-07,"TXNDC17"
"RPL8",2.6e-11,-0.103,0.988,0.991,4.84e-07,"RPL8"
"ATP5MF",2.73e-11,-0.143,0.707,0.743,5.07e-07,"ATP5MF"
"MOB3B",2.85e-11,-0.228,0.792,0.815,5.31e-07,"MOB3B"
"RGS7",2.9e-11,0.807,0.104,0.077,5.4e-07,"RGS7"
"CDH12",2.9e-11,0.562,0.084,0.059,5.41e-07,"CDH12"
"NDUFA1",2.99e-11,-0.166,0.628,0.669,5.57e-07,"NDUFA1"
"FABP7",3.05e-11,-0.673,0.491,0.432,5.67e-07,"FABP7"
"ENY2",3.14e-11,-0.149,0.761,0.795,5.85e-07,"ENY2"
"GNAI2",3.16e-11,-0.138,0.707,0.742,5.89e-07,"GNAI2"
"NBEA",3.27e-11,0.319,0.922,0.913,6.09e-07,"NBEA"
"PPP1CB",3.31e-11,-0.169,0.846,0.866,6.16e-07,"PPP1CB"
"PRELID3B",3.38e-11,-0.247,0.215,0.257,6.3e-07,"PRELID3B"
"FADS1",3.78e-11,-0.186,0.552,0.594,7.03e-07,"FADS1"
"TAGLN2",3.79e-11,-1.086,0.047,0.069,7.05e-07,"TAGLN2"
"ID3",3.79e-11,-0.729,0.157,0.193,7.06e-07,"ID3"
"HSD17B10",4.01e-11,-0.168,0.417,0.465,7.47e-07,"HSD17B10"
"GNB2",4.1e-11,-0.155,0.715,0.742,7.63e-07,"GNB2"
"PCBP4",4.35e-11,-0.27,0.247,0.289,8.09e-07,"PCBP4"
"EBF1",4.75e-11,-2.636,0.007,0.018,8.83e-07,"EBF1"
"KHDRBS3",4.9e-11,0.796,0.18,0.148,9.12e-07,"KHDRBS3"
"SHROOM3",4.92e-11,-0.764,0.241,0.277,9.16e-07,"SHROOM3"
"ATP5PD",5.01e-11,-0.15,0.625,0.67,9.33e-07,"ATP5PD"
"UFC1",5.16e-11,-0.211,0.412,0.455,9.6e-07,"UFC1"
"NDUFAF3",5.25e-11,-0.18,0.357,0.404,9.77e-07,"NDUFAF3"
"ANKRD44",5.25e-11,0.18,0.556,0.515,9.77e-07,"ANKRD44"
"FZD2",5.58e-11,-0.278,0.262,0.303,1.04e-06,"FZD2"
"GPM6B",5.64e-11,-0.379,0.903,0.908,1.05e-06,"GPM6B"
"ACSBG1",5.81e-11,-1.427,0.009,0.02,1.08e-06,"ACSBG1"
"GBX2",6.02e-11,1.189,0.024,0.011,1.12e-06,"GBX2"
"DGCR6L",6.28e-11,-0.196,0.267,0.313,1.17e-06,"DGCR6L"
"LRCH1",6.72e-11,-0.255,0.467,0.504,1.25e-06,"LRCH1"
"CEMIP2",6.86e-11,-0.228,0.721,0.735,1.28e-06,"CEMIP2"
"CDK2AP1",6.89e-11,-0.198,0.686,0.713,1.28e-06,"CDK2AP1"
"SLC25A13",7e-11,-0.217,0.325,0.37,1.3e-06,"SLC25A13"
"GSTP1",7.56e-11,-0.137,0.896,0.898,1.41e-06,"GSTP1"
"ATP5F1C",7.61e-11,-0.131,0.813,0.835,1.42e-06,"ATP5F1C"
"NAA10",7.78e-11,-0.195,0.365,0.412,1.45e-06,"NAA10"
"SEMA3E",7.78e-11,-0.833,0.034,0.053,1.45e-06,"SEMA3E"
"APRT",7.92e-11,-0.308,0.228,0.266,1.47e-06,"APRT"
"SEM1",8e-11,-0.11,0.857,0.88,1.49e-06,"SEM1"
"CDCA7L",8.4e-11,-0.212,0.332,0.377,1.56e-06,"CDCA7L"
"SEPTIN7",8.5e-11,-0.119,0.985,0.987,1.58e-06,"SEPTIN7"
"PMVK",8.65e-11,-0.217,0.31,0.353,1.61e-06,"PMVK"
"NDUFA12",8.75e-11,-0.131,0.709,0.749,1.63e-06,"NDUFA12"
"NSA2",8.78e-11,-0.163,0.653,0.695,1.63e-06,"NSA2"
"ESRRG",8.88e-11,-0.63,0.073,0.1,1.65e-06,"ESRRG"
"MRPL33",9.35e-11,-0.163,0.625,0.66,1.74e-06,"MRPL33"
"SPTSSA",9.4e-11,-0.273,0.283,0.324,1.75e-06,"SPTSSA"
"TUBB2B",1.02e-10,-0.111,0.995,0.998,1.89e-06,"TUBB2B"
"SNAP91",1.03e-10,0.148,0.593,0.55,1.92e-06,"SNAP91"
"ATRNL1",1.11e-10,0.114,0.851,0.809,2.06e-06,"ATRNL1"
"RALYL",1.16e-10,-0.63,0.108,0.14,2.16e-06,"RALYL"
"TRMT112",1.26e-10,-0.143,0.695,0.73,2.35e-06,"TRMT112"
"AMER2",1.27e-10,0.212,0.522,0.484,2.36e-06,"AMER2"
"MRPS15",1.28e-10,-0.184,0.286,0.332,2.37e-06,"MRPS15"
"TGFBR2",1.28e-10,-2.462,0.003,0.011,2.39e-06,"TGFBR2"
"PTPRS",1.32e-10,0.158,0.886,0.874,2.46e-06,"PTPRS"
"SCN2A",1.35e-10,0.699,0.101,0.076,2.52e-06,"SCN2A"
"SNRPB2",1.36e-10,-0.137,0.771,0.805,2.52e-06,"SNRPB2"
"HNRNPM",1.52e-10,-0.114,0.894,0.909,2.83e-06,"HNRNPM"
"SMIM20",1.56e-10,-0.176,0.218,0.26,2.91e-06,"SMIM20"
"DRAP1",1.62e-10,-0.147,0.636,0.67,3.01e-06,"DRAP1"
"COX16",1.62e-10,-0.143,0.722,0.756,3.02e-06,"COX16"
"DHRS3",1.71e-10,-0.573,0.13,0.161,3.19e-06,"DHRS3"
"FDPS",1.73e-10,-0.205,0.525,0.56,3.21e-06,"FDPS"
"ZNF726",1.77e-10,-0.383,0.161,0.196,3.29e-06,"ZNF726"
"PRELID1",1.92e-10,-0.151,0.6,0.64,3.57e-06,"PRELID1"
"UNC79",1.95e-10,0.178,0.532,0.49,3.63e-06,"UNC79"
"TPGS2",1.97e-10,-0.163,0.785,0.809,3.68e-06,"TPGS2"
"PCDH10",2e-10,0.48,0.126,0.097,3.72e-06,"PCDH10"
"PDE3A",2.01e-10,-0.483,0.15,0.184,3.73e-06,"PDE3A"
"CCT2",2.12e-10,-0.114,0.823,0.859,3.94e-06,"CCT2"
"SAT1",2.29e-10,-0.627,0.169,0.204,4.26e-06,"SAT1"
"GABRA2",2.32e-10,0.669,0.202,0.17,4.32e-06,"GABRA2"
"FEZF1",2.33e-10,-0.827,0.036,0.055,4.34e-06,"FEZF1"
"TGFB2",2.37e-10,-0.879,0.039,0.059,4.41e-06,"TGFB2"
"OPCML",2.4e-10,1.022,0.176,0.144,4.47e-06,"OPCML"
"HLA-A",2.43e-10,-0.327,0.306,0.344,4.52e-06,"HLA-A"
"EIF5A",2.58e-10,-0.177,0.615,0.65,4.8e-06,"EIF5A"
"ZNF608",2.59e-10,0.186,0.624,0.59,4.82e-06,"ZNF608"
"PFN2",2.59e-10,-0.151,0.953,0.955,4.82e-06,"PFN2"
"CD2BP2",2.62e-10,-0.252,0.234,0.274,4.87e-06,"CD2BP2"
"FSTL5",2.69e-10,0.207,0.124,0.095,5e-06,"FSTL5"
"TMEFF2",2.97e-10,0.326,0.289,0.251,5.53e-06,"TMEFF2"
"EEF1D",3.17e-10,-0.146,0.733,0.768,5.9e-06,"EEF1D"
"EFNB1",3.31e-10,-0.254,0.268,0.31,6.16e-06,"EFNB1"
"COX7C",3.34e-10,-0.111,0.948,0.962,6.21e-06,"COX7C"
"PRDM16",3.35e-10,-0.465,0.121,0.15,6.24e-06,"PRDM16"
"TCEAL8",3.38e-10,-0.192,0.411,0.456,6.29e-06,"TCEAL8"
"RPS4X",3.38e-10,-0.108,0.996,0.995,6.3e-06,"RPS4X"
"SYNPR",3.65e-10,0.507,0.145,0.116,6.8e-06,"SYNPR"
"POMP",3.89e-10,-0.132,0.829,0.847,7.23e-06,"POMP"
"BRK1",3.91e-10,-0.123,0.864,0.886,7.28e-06,"BRK1"
"SOX9",3.92e-10,-0.182,0.602,0.643,7.29e-06,"SOX9"
"PGK1",4.02e-10,-0.154,0.749,0.779,7.49e-06,"PGK1"
"LRMDA",4.11e-10,-1.118,0.022,0.037,7.65e-06,"LRMDA"
"FZD7",4.16e-10,-0.925,0.032,0.05,7.73e-06,"FZD7"
"FLRT1",4.23e-10,0.347,0.257,0.222,7.87e-06,"FLRT1"
"ENSG00000279099",4.27e-10,0.749,0.055,0.036,7.94e-06,"ENSG00000279099"
"COPE",4.3e-10,-0.115,0.684,0.72,8e-06,"COPE"
"DNAH11",4.3e-10,-0.278,0.204,0.243,8.01e-06,"DNAH11"
"ANP32A",4.66e-10,-0.135,0.766,0.794,8.68e-06,"ANP32A"
"C19orf53",5.02e-10,-0.199,0.557,0.597,9.34e-06,"C19orf53"
"ARF5",5.04e-10,0.212,0.468,0.432,9.37e-06,"ARF5"
"HES6",5.12e-10,-0.342,0.59,0.622,9.52e-06,"HES6"
"NALF1",5.2e-10,0.616,0.21,0.177,9.68e-06,"NALF1"
"MYL12B",5.48e-10,-0.103,0.866,0.884,0.0000102,"MYL12B"
"PLEKHA4",5.5e-10,-0.62,0.042,0.062,0.0000102,"PLEKHA4"
"IDH1",5.66e-10,-0.168,0.493,0.537,0.0000105,"IDH1"
"MEST",5.97e-10,0.368,0.341,0.305,0.0000111,"MEST"
"UNC5D",6.04e-10,0.85,0.214,0.183,0.0000112,"UNC5D"
"PLCH1",6.24e-10,-0.558,0.115,0.144,0.0000116,"PLCH1"
"MT1X",6.54e-10,-0.463,0.106,0.135,0.0000122,"MT1X"
"LDHB",6.59e-10,-0.12,0.844,0.868,0.0000123,"LDHB"
"MAT2B",6.86e-10,-0.232,0.323,0.366,0.0000128,"MAT2B"
"PARK7",6.91e-10,-0.101,0.878,0.892,0.0000129,"PARK7"
"SLCO1A2",6.93e-10,-0.638,0.04,0.06,0.0000129,"SLCO1A2"
"COPS6",7.11e-10,-0.131,0.566,0.609,0.0000132,"COPS6"
"TMEM126A",7.31e-10,-0.226,0.246,0.289,0.0000136,"TMEM126A"
"PXMP2",7.37e-10,-0.21,0.298,0.341,0.0000137,"PXMP2"
"NKAIN4",7.41e-10,-0.312,0.123,0.154,0.0000138,"NKAIN4"
"C20orf96",7.62e-10,-0.328,0.147,0.18,0.0000142,"C20orf96"
"THRA",7.72e-10,0.232,0.549,0.519,0.0000144,"THRA"
"FGFR2",7.87e-10,-0.436,0.173,0.207,0.0000146,"FGFR2"
"PAIP2",7.9e-10,-0.103,0.862,0.886,0.0000147,"PAIP2"
"PSMD4",8.02e-10,-0.186,0.538,0.581,0.0000149,"PSMD4"
"DPF1",8.05e-10,-0.26,0.339,0.378,0.000015,"DPF1"
"RNF150",8.69e-10,0.27,0.476,0.438,0.0000162,"RNF150"
"UQCR10",8.95e-10,-0.108,0.818,0.84,0.0000167,"UQCR10"
"DYNC1I2",9.02e-10,-0.126,0.949,0.958,0.0000168,"DYNC1I2"
"EIF3F",9.17e-10,-0.111,0.861,0.881,0.0000171,"EIF3F"
"SSR2",9.27e-10,-0.115,0.781,0.81,0.0000173,"SSR2"
"ARPC2",1.01e-09,-0.105,0.862,0.877,0.0000188,"ARPC2"
"CRACDL",1.03e-09,-2.785,0.004,0.012,0.0000191,"CRACDL"
"TNC",1.07e-09,-0.954,0.143,0.171,2e-05,"TNC"
"PSMB5",1.08e-09,-0.122,0.74,0.77,0.0000202,"PSMB5"
"CD81",1.1e-09,-0.269,0.57,0.599,0.0000204,"CD81"
"ERG28",1.11e-09,-0.244,0.291,0.333,0.0000207,"ERG28"
"KRTCAP2",1.14e-09,-0.149,0.583,0.623,0.0000213,"KRTCAP2"
"CRTAC1",1.19e-09,0.886,0.033,0.019,0.0000222,"CRTAC1"
"NDUFA13",1.23e-09,-0.107,0.886,0.905,0.0000228,"NDUFA13"
"CDO1",1.24e-09,-0.476,0.298,0.336,0.000023,"CDO1"
"CENPV",1.25e-09,-0.148,0.886,0.894,0.0000232,"CENPV"
"VSTM2A",1.27e-09,0.849,0.074,0.053,0.0000236,"VSTM2A"
"KAZN",1.31e-09,-0.212,0.249,0.286,0.0000243,"KAZN"
"LAMTOR5",1.33e-09,-0.106,0.811,0.841,0.0000248,"LAMTOR5"
"PREX1",1.35e-09,-0.447,0.166,0.199,0.0000251,"PREX1"
"TIMM13",1.37e-09,-0.168,0.395,0.437,0.0000254,"TIMM13"
"LHX2",1.38e-09,-0.608,0.109,0.137,0.0000257,"LHX2"
"SEL1L3",1.38e-09,-0.277,0.208,0.245,0.0000258,"SEL1L3"
"CLIC1",1.39e-09,-0.164,0.455,0.499,0.0000258,"CLIC1"
"HEG1",1.47e-09,-0.306,0.222,0.257,0.0000275,"HEG1"
"LMO4",1.48e-09,0.544,0.765,0.751,0.0000276,"LMO4"
"HMGCR",1.49e-09,-0.145,0.455,0.493,0.0000277,"HMGCR"
"TEAD1",1.51e-09,-0.132,0.804,0.831,0.0000281,"TEAD1"
"SNTG1",1.56e-09,-0.23,0.748,0.774,0.000029,"SNTG1"
"CACNA1E",1.62e-09,0.421,0.113,0.087,0.0000302,"CACNA1E"
"RBIS",1.62e-09,-0.177,0.582,0.622,0.0000302,"RBIS"
"MGMT",1.63e-09,-0.476,0.125,0.155,0.0000304,"MGMT"
"MLC1",1.66e-09,-0.75,0.086,0.111,0.0000309,"MLC1"
"SNRPC",1.72e-09,-0.139,0.645,0.684,0.0000321,"SNRPC"
"VAX1",1.77e-09,-0.191,0.222,0.262,0.000033,"VAX1"
"ARF3",1.79e-09,-0.182,0.381,0.422,0.0000332,"ARF3"
"MCF2L2",1.83e-09,0.445,0.149,0.12,0.0000341,"MCF2L2"
"LIN28B",1.89e-09,0.79,0.027,0.015,0.0000351,"LIN28B"
"RND3",1.96e-09,-0.109,0.85,0.87,0.0000364,"RND3"
"HSPA8",1.99e-09,-0.141,0.903,0.907,0.0000371,"HSPA8"
"C1orf122",2.03e-09,-0.137,0.553,0.592,0.0000378,"C1orf122"
"CHMP2A",2.04e-09,-0.147,0.531,0.573,0.0000379,"CHMP2A"
"SH3BP4",2.06e-09,-0.262,0.332,0.371,0.0000384,"SH3BP4"
"NOL4",2.07e-09,0.106,0.873,0.843,0.0000385,"NOL4"
"GALNT13",2.08e-09,0.358,0.215,0.18,0.0000387,"GALNT13"
"PDLIM7",2.23e-09,-0.264,0.177,0.212,0.0000414,"PDLIM7"
"IRS2",2.23e-09,-0.26,0.321,0.36,0.0000415,"IRS2"
"BOC",2.25e-09,-0.451,0.109,0.137,0.0000418,"BOC"
"NUDT4B",2.27e-09,-0.793,0.011,0.023,0.0000422,"NUDT4B"
"ATP1B1",2.31e-09,-0.191,0.663,0.697,0.0000431,"ATP1B1"
"ANAPC11",2.33e-09,-0.126,0.814,0.846,0.0000433,"ANAPC11"
"NDUFB7",2.35e-09,-0.128,0.719,0.751,0.0000437,"NDUFB7"
"GRINA",2.39e-09,-0.273,0.197,0.232,0.0000444,"GRINA"
"ACSL3",2.46e-09,-0.213,0.699,0.722,0.0000458,"ACSL3"
"NEUROD6",2.47e-09,0.878,0.011,0.004,0.0000459,"NEUROD6"
"SRSF7",2.47e-09,-0.104,0.871,0.884,0.000046,"SRSF7"
"VPS29",2.5e-09,-0.116,0.679,0.714,0.0000465,"VPS29"
"CD24",2.5e-09,0.136,0.646,0.605,0.0000465,"CD24"
"BMPR1B",2.65e-09,-0.504,0.146,0.176,0.0000493,"BMPR1B"
"HYDIN",2.68e-09,-0.515,0.12,0.149,0.0000499,"HYDIN"
"PPP4C",2.79e-09,-0.128,0.631,0.673,0.000052,"PPP4C"
"PROKR2",2.84e-09,0.267,0.121,0.094,0.0000529,"PROKR2"
"CHIC2",2.93e-09,-0.19,0.707,0.732,0.0000545,"CHIC2"
"SETBP1",2.95e-09,-0.131,0.969,0.977,0.0000549,"SETBP1"
"HSD17B7",2.95e-09,-0.325,0.108,0.137,0.0000549,"HSD17B7"
"GADD45A",2.97e-09,-0.383,0.135,0.166,0.0000554,"GADD45A"
"CSMD2",3.04e-09,0.305,0.318,0.282,0.0000566,"CSMD2"
"COX7A2",3.18e-09,-0.118,0.933,0.948,0.0000591,"COX7A2"
"HES5",3.19e-09,-0.45,0.208,0.242,0.0000593,"HES5"
"ATP5F1A",3.4e-09,-0.147,0.756,0.776,0.0000632,"ATP5F1A"
"FBL",3.45e-09,-0.141,0.533,0.579,0.0000642,"FBL"
"HIGD2A",3.5e-09,-0.153,0.494,0.535,0.0000652,"HIGD2A"
"SRSF1",3.6e-09,-0.193,0.43,0.47,0.000067,"SRSF1"
"PCDH15",3.61e-09,1.657,0.031,0.018,0.0000672,"PCDH15"
"TSC22D3",4.01e-09,0.269,0.246,0.212,0.0000746,"TSC22D3"
"SLC44A1",4.1e-09,0.123,0.791,0.772,0.0000763,"SLC44A1"
"UQCR11",4.32e-09,-0.112,0.736,0.766,0.0000804,"UQCR11"
"ANP32B",4.32e-09,-0.155,0.655,0.69,0.0000804,"ANP32B"
"UBC",4.45e-09,-0.11,0.979,0.979,0.0000827,"UBC"
"STAG3",4.5e-09,0.262,0.37,0.336,0.0000837,"STAG3"
"RIMBP2",4.59e-09,0.468,0.152,0.124,0.0000855,"RIMBP2"
"MAPT",4.63e-09,0.189,0.653,0.629,0.0000862,"MAPT"
"TAF10",5.19e-09,-0.156,0.399,0.443,0.0000967,"TAF10"
"RRS1",5.2e-09,-0.521,0.074,0.098,0.0000968,"RRS1"
"SLC25A37",5.24e-09,-0.248,0.264,0.303,0.0000975,"SLC25A37"
"RNASEH2B",5.69e-09,-0.224,0.564,0.599,0.000106,"RNASEH2B"
"TMEM108",5.73e-09,-0.451,0.39,0.426,0.000107,"TMEM108"
"NSDHL",5.88e-09,-0.393,0.087,0.112,0.000109,"NSDHL"
"RBX1",5.94e-09,-0.107,0.934,0.944,0.000111,"RBX1"
"FSCN1",5.98e-09,-0.119,0.641,0.679,0.000111,"FSCN1"
"PDCL3",6.04e-09,-0.194,0.411,0.452,0.000112,"PDCL3"
"EIF5AL1",6.15e-09,-0.578,0.024,0.039,0.000115,"EIF5AL1"
"SLC1A2",6.38e-09,-0.11,0.596,0.644,0.000119,"SLC1A2"
"NDUFB2",6.44e-09,-0.124,0.798,0.815,0.00012,"NDUFB2"
"AHNAK",6.54e-09,-0.712,0.022,0.037,0.000122,"AHNAK"
"GRIPAP1",6.64e-09,0.194,0.619,0.595,0.000124,"GRIPAP1"
"MAT2A",6.96e-09,-0.142,0.522,0.565,0.00013,"MAT2A"
"COX5A",6.96e-09,-0.1,0.754,0.793,0.00013,"COX5A"
"MND1",6.97e-09,-0.171,0.418,0.456,0.00013,"MND1"
"TLE1",7.36e-09,-0.172,0.574,0.611,0.000137,"TLE1"
"RGS3",7.42e-09,-0.314,0.203,0.237,0.000138,"RGS3"
"GRB14",7.97e-09,-0.845,0.026,0.042,0.000148,"GRB14"
"PXDC1",8.02e-09,-0.435,0.113,0.142,0.000149,"PXDC1"
"FGFBP3",8.12e-09,-0.641,0.135,0.163,0.000151,"FGFBP3"
"CHD5",8.23e-09,0.751,0.049,0.033,0.000153,"CHD5"
"SGSM1",8.32e-09,0.588,0.071,0.051,0.000155,"SGSM1"
"CRB2",8.46e-09,-0.919,0.021,0.035,0.000157,"CRB2"
"SLIRP",8.62e-09,-0.128,0.687,0.724,0.00016,"SLIRP"
"TOX",8.83e-09,0.271,0.779,0.763,0.000164,"TOX"
"GALNTL6",8.99e-09,0.851,0.034,0.021,0.000167,"GALNTL6"
"DDX39B",9.08e-09,-0.101,0.818,0.849,0.000169,"DDX39B"
"MEIS1",9.33e-09,-0.172,0.574,0.608,0.000174,"MEIS1"
"RBM20",9.34e-09,-0.848,0.018,0.031,0.000174,"RBM20"
"PRKACB",9.36e-09,0.177,0.694,0.671,0.000174,"PRKACB"
"MSRB2",9.85e-09,-0.196,0.279,0.317,0.000183,"MSRB2"
"PSMB3",9.93e-09,-0.118,0.733,0.766,0.000185,"PSMB3"
"GNG12",1.07e-08,-0.636,0.088,0.112,0.0002,"GNG12"
"ATRAID",1.07e-08,-0.174,0.413,0.457,0.0002,"ATRAID"
"TIMM10",1.08e-08,-0.205,0.333,0.372,0.000201,"TIMM10"
"HAUS7",1.1e-08,-0.433,0.055,0.075,0.000204,"HAUS7"
"CCT7",1.1e-08,-0.124,0.641,0.681,0.000205,"CCT7"
"BBLN",1.11e-08,-0.138,0.597,0.635,0.000206,"BBLN"
"JPH3",1.15e-08,0.416,0.14,0.113,0.000213,"JPH3"
"MYO1B",1.19e-08,-0.215,0.529,0.56,0.000221,"MYO1B"
"GRID1",1.2e-08,0.363,0.142,0.114,0.000223,"GRID1"
"PAGR1",1.2e-08,-0.183,0.341,0.379,0.000224,"PAGR1"
"BPHL",1.26e-08,-0.184,0.291,0.33,0.000234,"BPHL"
"SC5D",1.27e-08,-0.205,0.269,0.305,0.000236,"SC5D"
"PTX3",1.27e-08,-0.543,0.084,0.108,0.000236,"PTX3"
"PSMB9",1.27e-08,-0.427,0.062,0.084,0.000237,"PSMB9"
"HRAS",1.28e-08,-0.137,0.415,0.462,0.000237,"HRAS"
"KIF5A",1.29e-08,0.213,0.513,0.483,0.00024,"KIF5A"
"NFIX",1.35e-08,0.118,0.787,0.772,0.000252,"NFIX"
"GPR88",1.39e-08,-1.59,0.006,0.015,0.000258,"GPR88"
"ATP5PB",1.41e-08,-0.135,0.675,0.712,0.000262,"ATP5PB"
"PNMA1",1.43e-08,-0.158,0.522,0.56,0.000266,"PNMA1"
"REPS2",1.61e-08,0.4,0.218,0.187,0.000299,"REPS2"
"ARL4D",1.72e-08,-0.284,0.606,0.634,0.000319,"ARL4D"
"BLOC1S1",1.75e-08,-0.143,0.593,0.628,0.000325,"BLOC1S1"
"CETN2",1.9e-08,-0.237,0.307,0.344,0.000354,"CETN2"
"CACNA1G",1.94e-08,1.048,0.034,0.021,0.000362,"CACNA1G"
"LIX1",1.96e-08,-0.781,0.026,0.041,0.000364,"LIX1"
"SRGAP1",2.08e-08,0.115,0.873,0.861,0.000387,"SRGAP1"
"APEX1",2.09e-08,-0.123,0.812,0.84,0.000389,"APEX1"
"GRIP2",2.15e-08,0.222,0.296,0.261,0.000401,"GRIP2"
"GALNT17",2.2e-08,-0.591,0.183,0.213,0.00041,"GALNT17"
"COL11A1",2.31e-08,-0.245,0.326,0.363,0.00043,"COL11A1"
"RAB13",2.34e-08,-0.261,0.303,0.338,0.000435,"RAB13"
"MEF2C",2.36e-08,0.147,0.521,0.496,0.00044,"MEF2C"
"SNX3",2.41e-08,-0.151,0.722,0.747,0.000449,"SNX3"
"REV3L",2.46e-08,0.154,0.895,0.882,0.000459,"REV3L"
"LDB2",2.49e-08,-0.339,0.219,0.253,0.000464,"LDB2"
"TP73",2.57e-08,-0.779,0.018,0.03,0.000479,"TP73"
"CLIP2",2.58e-08,0.165,0.663,0.638,0.000481,"CLIP2"
"TMEM258",2.63e-08,-0.107,0.746,0.782,0.00049,"TMEM258"
"SPATA13",2.68e-08,-0.297,0.296,0.331,0.000498,"SPATA13"
"SCAPER",2.71e-08,0.121,0.865,0.852,0.000504,"SCAPER"
"A2M",2.72e-08,-0.738,0.097,0.121,0.000507,"A2M"
"SLC25A48",2.91e-08,-0.73,0.015,0.026,0.000542,"SLC25A48"
"TCIM",2.99e-08,-0.776,0.026,0.04,0.000556,"TCIM"
"GRID2",3.01e-08,0.212,0.305,0.269,0.00056,"GRID2"
"SIAH3",3.03e-08,-0.652,0.054,0.074,0.000564,"SIAH3"
"CPT1A",3.13e-08,-0.554,0.025,0.039,0.000582,"CPT1A"
"MAML3",3.24e-08,-0.276,0.493,0.533,0.000603,"MAML3"
"MRPS23",3.27e-08,-0.192,0.348,0.388,0.000609,"MRPS23"
"UXT",3.33e-08,-0.116,0.609,0.655,0.000619,"UXT"
"WWC1",3.43e-08,-0.514,0.06,0.081,0.000638,"WWC1"
"HUNK",3.45e-08,-0.241,0.51,0.536,0.000642,"HUNK"
"POU3F1",3.47e-08,-0.777,0.05,0.069,0.000645,"POU3F1"
"LTBP1",3.59e-08,-0.402,0.362,0.392,0.000667,"LTBP1"
"PHF5A",3.59e-08,-0.166,0.434,0.475,0.000667,"PHF5A"
"MMADHC",3.61e-08,-0.124,0.513,0.55,0.000672,"MMADHC"
"MAK",3.76e-08,0.224,0.39,0.355,0.000701,"MAK"
"CD151",3.93e-08,-0.254,0.238,0.272,0.000732,"CD151"
"MCRIP1",4.35e-08,-0.14,0.528,0.567,0.00081,"MCRIP1"
"KDM4B",4.36e-08,0.176,0.599,0.575,0.000811,"KDM4B"
"TRAPPC2L",4.39e-08,-0.186,0.335,0.373,0.000816,"TRAPPC2L"
"ATP5MJ",4.51e-08,-0.104,0.766,0.791,0.000839,"ATP5MJ"
"ASTN2",4.58e-08,0.505,0.287,0.257,0.000853,"ASTN2"
"SIX3",4.58e-08,-0.345,0.144,0.172,0.000853,"SIX3"
"ISCU",4.6e-08,-0.122,0.39,0.436,0.000856,"ISCU"
"MGAT5",4.7e-08,0.136,0.662,0.628,0.000876,"MGAT5"
"CYC1",4.8e-08,-0.141,0.447,0.486,0.000894,"CYC1"
"EVA1C",4.98e-08,-0.546,0.102,0.126,0.000927,"EVA1C"
"SCG3",5.05e-08,0.145,0.645,0.615,0.00094,"SCG3"
"CCNH",5.13e-08,0.139,0.847,0.838,0.000954,"CCNH"
"TMEM141",5.13e-08,-0.27,0.129,0.157,0.000955,"TMEM141"
"GTF2H5",5.13e-08,-0.158,0.514,0.55,0.000955,"GTF2H5"
"PCYT1B",5.35e-08,0.387,0.291,0.262,0.000995,"PCYT1B"
"BAIAP2L1",5.38e-08,-0.356,0.085,0.109,0.001,"BAIAP2L1"
"PSMA4",5.5e-08,-0.114,0.709,0.744,0.00102,"PSMA4"
"MAP6",5.52e-08,0.256,0.399,0.366,0.00103,"MAP6"
"TRAPPC1",5.64e-08,-0.12,0.575,0.615,0.00105,"TRAPPC1"
"TCP1",5.71e-08,-0.102,0.817,0.846,0.00106,"TCP1"
"ZNF544",5.71e-08,0.198,0.448,0.415,0.00106,"ZNF544"
"SELENOK",5.72e-08,-0.132,0.713,0.741,0.00106,"SELENOK"
"DNAJC19",5.73e-08,-0.137,0.418,0.46,0.00107,"DNAJC19"
"PCDH8",5.81e-08,-0.659,0.04,0.056,0.00108,"PCDH8"
"PPP1R7",5.95e-08,-0.162,0.395,0.432,0.00111,"PPP1R7"
"ANXA5",6.06e-08,-0.341,0.408,0.44,0.00113,"ANXA5"
"MEGF11",6.09e-08,0.548,0.11,0.087,0.00113,"MEGF11"
"MYO1D",6.15e-08,0.173,0.308,0.274,0.00115,"MYO1D"
"PSMD8",6.29e-08,-0.124,0.775,0.796,0.00117,"PSMD8"
"PSMD13",6.32e-08,-0.123,0.493,0.534,0.00118,"PSMD13"
"TAF15",6.37e-08,0.105,0.834,0.826,0.00119,"TAF15"
"SGIP1",6.4e-08,0.139,0.468,0.433,0.00119,"SGIP1"
"GABBR2",6.41e-08,0.589,0.056,0.039,0.00119,"GABBR2"
"EML5",6.69e-08,0.391,0.116,0.093,0.00124,"EML5"
"LONRF3",6.72e-08,1.028,0.016,0.008,0.00125,"LONRF3"
"PTRHD1",6.74e-08,-0.173,0.239,0.276,0.00126,"PTRHD1"
"MRC2",6.94e-08,-0.498,0.144,0.17,0.00129,"MRC2"
"STMP1",6.94e-08,-0.122,0.756,0.792,0.00129,"STMP1"
"RGS6",6.97e-08,-1.337,0.109,0.132,0.0013,"RGS6"
"DNAI1",7.2e-08,-0.995,0.018,0.03,0.00134,"DNAI1"
"MT-TS2",7.3e-08,-0.726,0.014,0.024,0.00136,"MT-TS2"
"MTTP",7.35e-08,-1.055,0.019,0.031,0.00137,"MTTP"
"TMEM256",7.95e-08,-0.155,0.416,0.453,0.00148,"TMEM256"
"FAM181B",8.12e-08,-0.553,0.156,0.183,0.00151,"FAM181B"
"SNRPD3",8.37e-08,-0.112,0.663,0.691,0.00156,"SNRPD3"
"EBNA1BP2",8.59e-08,-0.171,0.309,0.347,0.0016,"EBNA1BP2"
"ELOVL5",8.97e-08,-0.179,0.432,0.467,0.00167,"ELOVL5"
"NAB2",9.31e-08,-0.245,0.183,0.214,0.00173,"NAB2"
"TFCP2",9.31e-08,0.421,0.148,0.122,0.00173,"TFCP2"
"NDUFS3",9.47e-08,-0.137,0.467,0.509,0.00176,"NDUFS3"
"RER1",9.66e-08,-0.172,0.398,0.437,0.0018,"RER1"
"METTL26",9.67e-08,-0.156,0.435,0.474,0.0018,"METTL26"
"STARD3NL",9.83e-08,-0.127,0.563,0.6,0.00183,"STARD3NL"
"SSRP1",9.89e-08,-0.137,0.521,0.561,0.00184,"SSRP1"
"HSPA12A",9.94e-08,-0.235,0.107,0.134,0.00185,"HSPA12A"
"AR",9.95e-08,-0.221,0.285,0.32,0.00185,"AR"
"SLAIN1",1.01e-07,0.139,0.902,0.89,0.00187,"SLAIN1"
"RAB34",1.02e-07,-0.354,0.098,0.123,0.00189,"RAB34"
"NUDT1",1.02e-07,-0.198,0.458,0.495,0.0019,"NUDT1"
"NTM",1.05e-07,-0.447,0.297,0.327,0.00196,"NTM"
"CXADR",1.06e-07,0.195,0.506,0.477,0.00197,"CXADR"
"NSG2",1.07e-07,0.116,0.56,0.519,0.00199,"NSG2"
"GULP1",1.07e-07,-0.283,0.223,0.254,0.00199,"GULP1"
"CDK6",1.11e-07,-0.3,0.61,0.637,0.00206,"CDK6"
"FAM32A",1.13e-07,-0.159,0.366,0.408,0.0021,"FAM32A"
"MORN2",1.14e-07,-0.2,0.249,0.283,0.00211,"MORN2"
"MRFAP1",1.14e-07,-0.105,0.755,0.78,0.00212,"MRFAP1"
"CUX2",1.15e-07,0.205,0.276,0.243,0.00214,"CUX2"
"AKNAD1",1.16e-07,-0.449,0.115,0.139,0.00216,"AKNAD1"
"ZDHHC12",1.2e-07,-0.506,0.04,0.057,0.00223,"ZDHHC12"
"COA3",1.21e-07,-0.139,0.585,0.622,0.00225,"COA3"
"NKAIN3",1.22e-07,-0.207,0.763,0.783,0.00227,"NKAIN3"
"GCA",1.24e-07,-0.198,0.366,0.404,0.00231,"GCA"
"GLIPR2",1.25e-07,-0.288,0.159,0.188,0.00232,"GLIPR2"
"CCT5",1.25e-07,-0.121,0.681,0.717,0.00233,"CCT5"
"URM1",1.26e-07,-0.205,0.257,0.293,0.00235,"URM1"
"NIFK",1.28e-07,-0.19,0.429,0.464,0.00238,"NIFK"
"SERBP1",1.29e-07,-0.112,0.803,0.823,0.0024,"SERBP1"
"BAD",1.33e-07,-0.136,0.358,0.397,0.00248,"BAD"
"IAH1",1.35e-07,-0.133,0.331,0.372,0.00252,"IAH1"
"RHEB",1.35e-07,-0.102,0.696,0.726,0.00252,"RHEB"
"ANGPT1",1.36e-07,-1.386,0.021,0.033,0.00254,"ANGPT1"
"CCND2",1.37e-07,-0.235,0.816,0.817,0.00256,"CCND2"
"H2BC9",1.4e-07,-0.458,0.156,0.182,0.0026,"H2BC9"
"CUX1",1.42e-07,-0.105,0.816,0.851,0.00264,"CUX1"
"MRPL47",1.43e-07,-0.133,0.531,0.568,0.00266,"MRPL47"
"FRMPD3",1.45e-07,0.239,0.47,0.438,0.0027,"FRMPD3"
"PCDHGC3",1.47e-07,-0.776,0.012,0.023,0.00274,"PCDHGC3"
"P2RX7",1.48e-07,0.405,0.067,0.049,0.00275,"P2RX7"
"ZNF217",1.55e-07,-0.166,0.127,0.154,0.00288,"ZNF217"
"TRPM3",1.6e-07,-0.638,0.024,0.038,0.00298,"TRPM3"
"TRPS1",1.62e-07,0.183,0.481,0.449,0.00302,"TRPS1"
"RIMS2",1.73e-07,0.19,0.514,0.487,0.00322,"RIMS2"
"CA2",1.75e-07,-0.718,0.043,0.06,0.00325,"CA2"
"SARS1",1.77e-07,-0.116,0.535,0.574,0.0033,"SARS1"
"CHD3",1.78e-07,0.167,0.692,0.676,0.00331,"CHD3"
"NFKB1",1.79e-07,0.253,0.29,0.26,0.00333,"NFKB1"
"ETFB",1.83e-07,-0.184,0.483,0.522,0.0034,"ETFB"
"PCDH17",1.86e-07,0.284,0.154,0.127,0.00346,"PCDH17"
"COL14A1",1.88e-07,1.414,0.019,0.01,0.00351,"COL14A1"
"SERINC5",1.9e-07,-0.152,0.722,0.746,0.00355,"SERINC5"
"AIF1L",1.95e-07,-0.224,0.141,0.169,0.00363,"AIF1L"
"ADCY5",1.96e-07,0.417,0.131,0.108,0.00365,"ADCY5"
"C12orf75",2e-07,-0.184,0.244,0.277,0.00372,"C12orf75"
"CYYR1",2.02e-07,0.47,0.081,0.062,0.00376,"CYYR1"
"SPARC",2.05e-07,-0.853,0.127,0.15,0.00381,"SPARC"
"PRDM1",2.06e-07,-0.717,0.033,0.048,0.00383,"PRDM1"
"CYP51A1",2.08e-07,-0.376,0.525,0.548,0.00388,"CYP51A1"
"PRSS48",2.09e-07,1.294,0.015,0.007,0.00388,"PRSS48"
"PRMT1",2.12e-07,-0.122,0.799,0.822,0.00394,"PRMT1"
"AMBN",2.16e-07,-0.864,0.031,0.045,0.00401,"AMBN"
"AATK",2.16e-07,0.662,0.067,0.05,0.00402,"AATK"
"ITGA7",2.18e-07,-0.645,0.13,0.155,0.00405,"ITGA7"
"SIGMAR1",2.27e-07,-0.31,0.092,0.115,0.00423,"SIGMAR1"
"TLE2",2.29e-07,0.352,0.147,0.122,0.00426,"TLE2"
"TMEM131",2.32e-07,-0.142,0.777,0.795,0.00431,"TMEM131"
"CASQ1",2.36e-07,-1.239,0.004,0.011,0.00439,"CASQ1"
"THRB",2.38e-07,0.226,0.133,0.108,0.00443,"THRB"
"ZFP36L2",2.38e-07,-0.176,0.231,0.263,0.00443,"ZFP36L2"
"PEPD",2.38e-07,-0.186,0.235,0.269,0.00443,"PEPD"
"PPA1",2.41e-07,-0.101,0.806,0.827,0.00448,"PPA1"
"MRPS27",2.41e-07,-0.18,0.292,0.328,0.00448,"MRPS27"
"PAM",2.44e-07,-0.338,0.742,0.761,0.00454,"PAM"
"SLITRK3",2.52e-07,0.952,0.019,0.01,0.00469,"SLITRK3"
"CAMK1",2.58e-07,-0.195,0.133,0.16,0.0048,"CAMK1"
"CDH20",2.61e-07,0.752,0.031,0.019,0.00486,"CDH20"
"CLU",2.67e-07,-0.794,0.167,0.193,0.00497,"CLU"
"RFXANK",2.7e-07,-0.275,0.156,0.184,0.00503,"RFXANK"
"ARHGAP29",2.8e-07,-0.889,0.013,0.023,0.00522,"ARHGAP29"
"POU2F2",2.82e-07,0.275,0.278,0.249,0.00525,"POU2F2"
"PAK5",2.86e-07,0.167,0.473,0.436,0.00532,"PAK5"
"DDIT4",2.87e-07,-0.172,0.239,0.272,0.00535,"DDIT4"
"UFD1",2.94e-07,-0.131,0.393,0.43,0.00547,"UFD1"
"PJA1",2.99e-07,-0.171,0.402,0.438,0.00557,"PJA1"
"YES1",3.06e-07,0.147,0.593,0.567,0.0057,"YES1"
"TRAPPC4",3.1e-07,-0.13,0.505,0.542,0.00576,"TRAPPC4"
"ATP2A2",3.12e-07,-0.113,0.597,0.634,0.0058,"ATP2A2"
"PLCB1",3.22e-07,0.187,0.37,0.337,0.00599,"PLCB1"
"SELENOO",3.23e-07,0.263,0.338,0.311,0.006,"SELENOO"
"ZC3H12B",3.23e-07,0.212,0.57,0.547,0.00602,"ZC3H12B"
"HERC5",3.24e-07,0.944,0.029,0.018,0.00603,"HERC5"
"IDH2",3.27e-07,-0.123,0.633,0.671,0.00609,"IDH2"
"MRPS18C",3.32e-07,-0.153,0.442,0.481,0.00618,"MRPS18C"
"COX17",3.33e-07,-0.179,0.407,0.444,0.0062,"COX17"
"PIK3R2",3.36e-07,-0.335,0.079,0.1,0.00625,"PIK3R2"
"INAFM1",3.51e-07,-0.296,0.118,0.143,0.00653,"INAFM1"
"ACTA2",3.52e-07,-1.286,0.01,0.019,0.00655,"ACTA2"
"VWA5A",3.53e-07,-0.433,0.027,0.041,0.00658,"VWA5A"
"PSMD5",3.62e-07,-0.506,0.067,0.087,0.00674,"PSMD5"
"VAMP5",3.63e-07,-0.932,0.009,0.018,0.00675,"VAMP5"
"GRAMD1C",3.81e-07,-0.236,0.138,0.165,0.00709,"GRAMD1C"
"UBE2V2",3.85e-07,-0.101,0.672,0.705,0.00716,"UBE2V2"
"SPDYA",3.85e-07,-0.213,0.204,0.235,0.00716,"SPDYA"
"SRP72",3.86e-07,-0.114,0.667,0.7,0.00718,"SRP72"
"RHOC",3.94e-07,-0.291,0.195,0.223,0.00734,"RHOC"
"C4orf3",3.94e-07,-0.167,0.473,0.506,0.00734,"C4orf3"
"ITGB8",3.97e-07,-0.117,0.536,0.57,0.00738,"ITGB8"
"MID1IP1",4.01e-07,-0.202,0.271,0.305,0.00747,"MID1IP1"
"FBXL15",4.02e-07,-0.18,0.128,0.156,0.00748,"FBXL15"
"DAD1",4.07e-07,-0.111,0.677,0.707,0.00757,"DAD1"
"NDUFAF8",4.15e-07,-0.161,0.432,0.468,0.00772,"NDUFAF8"
"CETN3",4.17e-07,-0.18,0.268,0.302,0.00776,"CETN3"
"MCM6",4.22e-07,-0.306,0.198,0.228,0.00786,"MCM6"
"ATP1B2",4.23e-07,-0.552,0.132,0.155,0.00788,"ATP1B2"
"MAGOH",4.25e-07,-0.139,0.568,0.599,0.00791,"MAGOH"
"LRRC8D",4.25e-07,0.197,0.589,0.569,0.00791,"LRRC8D"
"VARS1",4.3e-07,-0.257,0.113,0.138,0.008,"VARS1"
"CD44",4.33e-07,-1.525,0.01,0.019,0.00806,"CD44"
"ANOS1",4.33e-07,-0.478,0.057,0.075,0.00806,"ANOS1"
"HCN1",4.36e-07,0.58,0.052,0.037,0.00812,"HCN1"
"FRMD5",4.4e-07,0.106,0.687,0.66,0.00819,"FRMD5"
"CCT8",4.48e-07,-0.106,0.801,0.83,0.00833,"CCT8"
"TMX4",4.48e-07,0.2,0.483,0.456,0.00834,"TMX4"
"HIF1A",4.52e-07,-0.117,0.628,0.661,0.00842,"HIF1A"
"CASTOR2",4.74e-07,0.182,0.478,0.449,0.00883,"CASTOR2"
"CPEB4",4.78e-07,0.117,0.608,0.578,0.00889,"CPEB4"
"POLR2C",4.99e-07,-0.123,0.323,0.361,0.00929,"POLR2C"
"DPPA4",5e-07,-1.044,0.009,0.018,0.0093,"DPPA4"
"GREB1L",5.04e-07,0.321,0.189,0.162,0.00938,"GREB1L"
"IGFBPL1",5.11e-07,-0.241,0.336,0.366,0.00951,"IGFBPL1"
"PDAP1",5.13e-07,-0.112,0.627,0.66,0.00954,"PDAP1"
"DCAF13",5.14e-07,-0.208,0.373,0.404,0.00957,"DCAF13"
"H4C11",5.15e-07,-0.494,0.018,0.029,0.00959,"H4C11"
"LGALS3BP",5.16e-07,-0.218,0.082,0.104,0.00961,"LGALS3BP"
"PAM16",5.23e-07,0.513,0.075,0.057,0.00974,"PAM16"
"MRPL15",5.29e-07,-0.171,0.312,0.347,0.00984,"MRPL15"
"FAT3",5.36e-07,-0.479,0.142,0.117,0.00997,"FAT3"
"PARM1",5.39e-07,-0.886,0.018,0.029,0.01,"PARM1"
"MRPS17",5.42e-07,-0.219,0.139,0.166,0.0101,"MRPS17"
"CELF4",5.66e-07,0.186,0.351,0.321,0.0105,"CELF4"
"PHB1",5.78e-07,-0.133,0.395,0.432,0.0108,"PHB1"
"ADHFE1",5.97e-07,-0.655,0.027,0.04,0.0111,"ADHFE1"
"GPRC5B",6.08e-07,-0.162,0.261,0.295,0.0113,"GPRC5B"
"CHMP3",6.26e-07,-0.139,0.368,0.403,0.0116,"CHMP3"
"RASD2",6.29e-07,0.733,0.042,0.029,0.0117,"RASD2"
"NPTXR",6.38e-07,0.232,0.323,0.295,0.0119,"NPTXR"
"ARL6IP4",6.63e-07,-0.111,0.531,0.567,0.0123,"ARL6IP4"
"KAT7",6.7e-07,-0.188,0.368,0.401,0.0125,"KAT7"
"PNPLA3",6.77e-07,-0.271,0.019,0.03,0.0126,"PNPLA3"
"NOTCH2",6.81e-07,-0.288,0.338,0.367,0.0127,"NOTCH2"
"DHCR7",6.88e-07,-0.292,0.083,0.104,0.0128,"DHCR7"
"SUB1",6.98e-07,-0.107,0.973,0.973,0.013,"SUB1"
"PITPNC1",7.05e-07,0.13,0.659,0.633,0.0131,"PITPNC1"
"IL13RA1",7.11e-07,-1.033,0.006,0.014,0.0132,"IL13RA1"
"DRAXIN",7.12e-07,0.19,0.519,0.492,0.0133,"DRAXIN"
"FKBP9",7.28e-07,-0.354,0.13,0.155,0.0136,"FKBP9"
"STOML2",7.28e-07,-0.121,0.484,0.522,0.0136,"STOML2"
"VOPP1",7.35e-07,0.118,0.766,0.737,0.0137,"VOPP1"
"TM7SF2",7.39e-07,-0.287,0.126,0.151,0.0138,"TM7SF2"
"PRAG1",7.45e-07,-0.253,0.306,0.338,0.0139,"PRAG1"
"JAGN1",7.58e-07,-0.2,0.205,0.236,0.0141,"JAGN1"
"PSME1",7.72e-07,-0.189,0.309,0.34,0.0144,"PSME1"
"HTR1F",7.73e-07,1.105,0.015,0.008,0.0144,"HTR1F"
"PFDN1",7.74e-07,-0.105,0.574,0.61,0.0144,"PFDN1"
"RNASEH2A",7.76e-07,-0.427,0.075,0.095,0.0144,"RNASEH2A"
"CDC23",7.82e-07,-0.158,0.236,0.268,0.0146,"CDC23"
"PARP14",7.9e-07,-0.472,0.077,0.096,0.0147,"PARP14"
"SPRY1",8e-07,-0.791,0.029,0.042,0.0149,"SPRY1"
"LHFPL6",8.01e-07,-0.443,0.282,0.312,0.0149,"LHFPL6"
"H3C12",8.09e-07,0.339,0.133,0.111,0.0151,"H3C12"
"LLPH",8.1e-07,-0.126,0.334,0.372,0.0151,"LLPH"
"MMS22L",8.12e-07,-0.165,0.456,0.49,0.0151,"MMS22L"
"ATOX1",8.2e-07,-0.161,0.571,0.603,0.0153,"ATOX1"
"GRIK3",8.22e-07,-0.271,0.321,0.351,0.0153,"GRIK3"
"HECTD4",8.23e-07,0.106,0.878,0.868,0.0153,"HECTD4"
"SPDYE3",8.7e-07,0.306,0.182,0.157,0.0162,"SPDYE3"
"SLC25A5",8.72e-07,-0.137,0.728,0.752,0.0162,"SLC25A5"
"UFM1",8.98e-07,-0.138,0.54,0.575,0.0167,"UFM1"
"RTCA",9.1e-07,-0.145,0.352,0.388,0.0169,"RTCA"
"VDAC1",9.31e-07,-0.102,0.701,0.731,0.0173,"VDAC1"
"PMF1",9.52e-07,-0.157,0.331,0.366,0.0177,"PMF1"
"EIF3M",9.56e-07,-0.101,0.681,0.715,0.0178,"EIF3M"
"RBM14",9.62e-07,-0.134,0.27,0.305,0.0179,"RBM14"
"PDE3B",9.64e-07,0.193,0.476,0.447,0.0179,"PDE3B"
"CCDC96",9.66e-07,-0.941,0.007,0.014,0.018,"CCDC96"
"PSMD7",9.71e-07,-0.124,0.561,0.595,0.0181,"PSMD7"
"CAPN5",9.73e-07,-0.327,0.076,0.096,0.0181,"CAPN5"
"FIBP",9.73e-07,-0.134,0.369,0.405,0.0181,"FIBP"
"AMACR",9.97e-07,-0.38,0.051,0.068,0.0186,"AMACR"
"SLC35D2",1e-06,-0.441,0.065,0.083,0.0186,"SLC35D2"
"MRPS36",1.02e-06,-0.151,0.442,0.477,0.0189,"MRPS36"
"EPB41L5",1.02e-06,0.113,0.767,0.747,0.0191,"EPB41L5"
"PIN1",1.06e-06,-0.127,0.541,0.579,0.0197,"PIN1"
"MRPL41",1.08e-06,-0.119,0.498,0.536,0.0201,"MRPL41"
"HMGN2",1.1e-06,-0.185,0.921,0.926,0.0204,"HMGN2"
"FAT4",1.1e-06,0.441,0.089,0.07,0.0205,"FAT4"
"TP53",1.1e-06,-0.196,0.225,0.257,0.0206,"TP53"
"STK24",1.11e-06,-0.156,0.512,0.546,0.0207,"STK24"
"RAB5IF",1.12e-06,-0.124,0.421,0.458,0.0208,"RAB5IF"
"MT-TP",1.14e-06,-0.821,0.014,0.024,0.0213,"MT-TP"
"CXorf38",1.16e-06,-0.15,0.194,0.224,0.0216,"CXorf38"
"SLC26A7",1.16e-06,-0.851,0.022,0.033,0.0216,"SLC26A7"
"SETD7",1.17e-06,0.292,0.237,0.209,0.0218,"SETD7"
"RBFOX1",1.18e-06,0.521,0.133,0.11,0.022,"RBFOX1"
"GAS1",1.22e-06,-0.323,0.187,0.214,0.0227,"GAS1"
"BRD2",1.22e-06,-0.104,0.555,0.593,0.0228,"BRD2"
"GUF1",1.23e-06,-0.259,0.224,0.253,0.0228,"GUF1"
"FAM13C",1.23e-06,0.194,0.395,0.365,0.0228,"FAM13C"
"SEC11A",1.23e-06,-0.12,0.746,0.77,0.023,"SEC11A"
"AMZ2",1.24e-06,-0.145,0.367,0.4,0.0231,"AMZ2"
"MED10",1.25e-06,-0.101,0.495,0.537,0.0232,"MED10"
"ETV6",1.27e-06,-0.211,0.441,0.471,0.0236,"ETV6"
"MSN",1.28e-06,-0.163,0.383,0.416,0.0238,"MSN"
"AGTRAP",1.29e-06,-0.565,0.037,0.051,0.0239,"AGTRAP"
"TEX14",1.3e-06,-0.397,0.149,0.175,0.0241,"TEX14"
"UBXN1",1.3e-06,-0.117,0.669,0.706,0.0243,"UBXN1"
"GMPR2",1.31e-06,-0.158,0.143,0.17,0.0244,"GMPR2"
"PHYKPL",1.31e-06,-0.111,0.385,0.42,0.0244,"PHYKPL"
"CLASP1",1.33e-06,0.116,0.951,0.951,0.0247,"CLASP1"
"MTUS1",1.35e-06,0.214,0.385,0.358,0.0251,"MTUS1"
"HTRA1",1.35e-06,-0.433,0.105,0.126,0.0252,"HTRA1"
"HAT1",1.36e-06,-0.199,0.603,0.627,0.0253,"HAT1"
"ENKUR",1.39e-06,-0.634,0.057,0.074,0.0258,"ENKUR"
"SPRY4",1.39e-06,-0.515,0.024,0.036,0.026,"SPRY4"
"GADD45GIP1",1.4e-06,-0.138,0.505,0.536,0.0261,"GADD45GIP1"
"PARP9",1.4e-06,-0.364,0.058,0.075,0.0261,"PARP9"
"ADAM32",1.4e-06,-0.196,0.119,0.144,0.0261,"ADAM32"
"SURF2",1.41e-06,-0.212,0.202,0.231,0.0262,"SURF2"
"FAM78B",1.41e-06,0.883,0.035,0.023,0.0262,"FAM78B"
"BHLHE40",1.44e-06,-0.23,0.024,0.036,0.0267,"BHLHE40"
"GCSH",1.46e-06,-0.182,0.471,0.501,0.0272,"GCSH"
"IGBP1",1.46e-06,-0.102,0.492,0.528,0.0273,"IGBP1"
"PGLS",1.49e-06,-0.113,0.465,0.503,0.0278,"PGLS"
"BMPR1A",1.5e-06,-0.119,0.784,0.797,0.028,"BMPR1A"
"BAG6",1.53e-06,-0.137,0.375,0.413,0.0284,"BAG6"
"EIF3G",1.53e-06,-0.139,0.47,0.505,0.0285,"EIF3G"
"MYG1",1.54e-06,-0.184,0.195,0.225,0.0286,"MYG1"
"AKR7A2",1.55e-06,-0.128,0.378,0.413,0.0289,"AKR7A2"
"SH3PXD2B",1.57e-06,-0.109,0.456,0.494,0.0291,"SH3PXD2B"
"PLPP3",1.57e-06,-0.614,0.248,0.273,0.0292,"PLPP3"
"LYPLA1",1.59e-06,-0.118,0.595,0.632,0.0296,"LYPLA1"
"RAB5C",1.63e-06,-0.134,0.583,0.614,0.0304,"RAB5C"
"STMN4",1.64e-06,0.221,0.499,0.479,0.0305,"STMN4"
"PLPBP",1.65e-06,-0.215,0.201,0.23,0.0308,"PLPBP"
"SPINT2",1.69e-06,0.272,0.137,0.114,0.0315,"SPINT2"
"CRLF3",1.7e-06,0.161,0.669,0.651,0.0316,"CRLF3"
"ATP6V1G2",1.73e-06,0.232,0.263,0.237,0.0321,"ATP6V1G2"
"FAM120A",1.77e-06,-0.121,0.472,0.508,0.0329,"FAM120A"
"WDR6",1.83e-06,-0.142,0.266,0.3,0.034,"WDR6"
"FADS2",1.83e-06,-0.119,0.479,0.514,0.034,"FADS2"
"G0S2",1.83e-06,0.446,0.051,0.037,0.0341,"G0S2"
"HTATSF1",1.86e-06,0.186,0.715,0.7,0.0346,"HTATSF1"
"VCAM1",1.9e-06,-0.764,0.036,0.05,0.0353,"VCAM1"
"ATP5MC1",1.9e-06,-0.136,0.577,0.606,0.0354,"ATP5MC1"
"MFSD4B",1.91e-06,0.123,0.596,0.573,0.0355,"MFSD4B"
"LSM3",1.92e-06,-0.102,0.763,0.787,0.0357,"LSM3"
"MACIR",1.93e-06,-0.18,0.316,0.348,0.0359,"MACIR"
"NDUFA2",1.93e-06,-0.119,0.523,0.558,0.0359,"NDUFA2"
"MYO16",1.96e-06,-0.59,0.056,0.073,0.0365,"MYO16"
"PLTP",1.96e-06,-0.298,0.061,0.079,0.0365,"PLTP"
"QPRT",2e-06,-0.194,0.135,0.161,0.0372,"QPRT"
"TUBB6",2.02e-06,-0.155,0.245,0.276,0.0377,"TUBB6"
"ISL1",2.06e-06,-1.094,0.007,0.015,0.0383,"ISL1"
"DOCK10",2.07e-06,1.106,0.03,0.019,0.0386,"DOCK10"
"ZFP30",2.08e-06,0.146,0.678,0.658,0.0386,"ZFP30"
"CCS",2.09e-06,-0.171,0.17,0.198,0.039,"CCS"
"TMEM163",2.11e-06,-0.502,0.042,0.057,0.0392,"TMEM163"
"CSPG5",2.11e-06,-0.644,0.108,0.129,0.0392,"CSPG5"
"CBLB",2.13e-06,0.103,0.709,0.689,0.0396,"CBLB"
"HLA-E",2.13e-06,-0.601,0.037,0.052,0.0396,"HLA-E"
"SIVA1",2.14e-06,-0.111,0.565,0.601,0.0399,"SIVA1"
"SIPA1L3",2.2e-06,0.18,0.57,0.546,0.041,"SIPA1L3"
"CNGA3",2.2e-06,-0.601,0.017,0.027,0.041,"CNGA3"
"CRYAB",2.22e-06,-3.714,0.046,0.061,0.0413,"CRYAB"
"BMP2",2.23e-06,0.923,0.015,0.008,0.0415,"BMP2"
"CDK5",2.27e-06,-0.151,0.161,0.189,0.0422,"CDK5"
"CHMP4A",2.34e-06,-0.149,0.275,0.308,0.0435,"CHMP4A"
"ZNRD2",2.38e-06,-0.258,0.099,0.121,0.0443,"ZNRD2"
"MRPL57",2.41e-06,-0.139,0.505,0.536,0.0449,"MRPL57"
"RPN2",2.42e-06,-0.141,0.602,0.635,0.045,"RPN2"
"TOB1",2.42e-06,-0.148,0.221,0.252,0.0451,"TOB1"
"MRPL13",2.42e-06,-0.13,0.395,0.429,0.0451,"MRPL13"
"SLIT2",2.44e-06,0.234,0.21,0.184,0.0453,"SLIT2"
"NME1",2.46e-06,-0.142,0.479,0.514,0.0458,"NME1"
"APP",2.48e-06,0.105,0.911,0.91,0.0462,"APP"
"H1-0",2.53e-06,0.502,0.043,0.03,0.0471,"H1-0"
"RFX7",2.58e-06,0.106,0.913,0.914,0.0479,"RFX7"
"ADAM9",2.61e-06,-0.206,0.49,0.511,0.0486,"ADAM9"
"BAG1",2.66e-06,-0.102,0.42,0.456,0.0495,"BAG1"
"FOSL2",2.66e-06,-0.721,0.017,0.027,0.0495,"FOSL2"
"CTIF",2.68e-06,0.177,0.476,0.451,0.0499,"CTIF"
"PDCD6",2.75e-06,-0.102,0.649,0.68,0.0512,"PDCD6"
"DDX1",2.76e-06,-0.106,0.553,0.586,0.0514,"DDX1"
"PCYT2",2.76e-06,-0.342,0.06,0.078,0.0514,"PCYT2"
"MGAT4C",2.79e-06,-0.341,0.352,0.38,0.0519,"MGAT4C"
"CTNND1",2.8e-06,-0.114,0.538,0.574,0.0522,"CTNND1"
"IER5",2.81e-06,-0.198,0.364,0.394,0.0523,"IER5"
"KHSRP",2.82e-06,-0.116,0.555,0.587,0.0526,"KHSRP"
"ZNHIT1",2.83e-06,-0.115,0.487,0.521,0.0526,"ZNHIT1"
"GPR137C",2.87e-06,0.126,0.689,0.666,0.0535,"GPR137C"
"HES1",2.9e-06,-0.548,0.077,0.096,0.054,"HES1"
"HELB",2.92e-06,-0.262,0.123,0.147,0.0544,"HELB"
"PTPN4",2.96e-06,0.134,0.745,0.729,0.055,"PTPN4"
"EGLN2",3e-06,-0.715,0.017,0.026,0.0559,"EGLN2"
"NRGN",3.02e-06,-0.472,0.049,0.065,0.0562,"NRGN"
"SLC9A3R1",3.02e-06,-0.303,0.116,0.139,0.0562,"SLC9A3R1"
"CDK5RAP3",3.11e-06,-0.139,0.202,0.232,0.0579,"CDK5RAP3"
"EID2",3.12e-06,-0.135,0.306,0.341,0.058,"EID2"
"CDON",3.12e-06,-0.118,0.208,0.238,0.0582,"CDON"
"PDZD11",3.16e-06,-0.171,0.289,0.321,0.0589,"PDZD11"
"CCN1",3.21e-06,-0.773,0.045,0.06,0.0598,"CCN1"
"PABPC4",3.22e-06,-0.137,0.338,0.373,0.0599,"PABPC4"
"FAM189A2",3.22e-06,-0.516,0.031,0.044,0.06,"FAM189A2"
"KCNB2",3.28e-06,-0.535,0.301,0.325,0.0611,"KCNB2"
"CHST10",3.35e-06,-0.177,0.178,0.206,0.0623,"CHST10"
"TP53I3",3.38e-06,-0.186,0.203,0.231,0.063,"TP53I3"
"LAMTOR4",3.4e-06,-0.114,0.461,0.493,0.0632,"LAMTOR4"
"LSM6",3.4e-06,-0.108,0.524,0.56,0.0632,"LSM6"
"ITPRID2",3.42e-06,-0.245,0.223,0.25,0.0637,"ITPRID2"
"CPSF3",3.44e-06,-0.152,0.298,0.33,0.0641,"CPSF3"
"RHPN2",3.51e-06,-0.277,0.084,0.104,0.0654,"RHPN2"
"DOP1A",3.58e-06,0.101,0.645,0.624,0.0667,"DOP1A"
"NOTCH1",3.62e-06,-0.159,0.32,0.355,0.0674,"NOTCH1"
"TMEM126B",3.71e-06,-0.178,0.259,0.288,0.0691,"TMEM126B"
"ITPA",3.72e-06,-0.169,0.288,0.32,0.0692,"ITPA"
"PTBP3",3.74e-06,0.143,0.692,0.676,0.0696,"PTBP3"
"SDHC",3.88e-06,-0.112,0.45,0.487,0.0722,"SDHC"
"ECI2",3.95e-06,-0.208,0.452,0.481,0.0734,"ECI2"
"MRPL9",3.98e-06,-0.136,0.353,0.388,0.0741,"MRPL9"
"VWA3B",4.03e-06,-0.262,0.025,0.037,0.075,"VWA3B"
"SUCLG1",4.08e-06,-0.104,0.512,0.548,0.0759,"SUCLG1"
"DARS1",4.1e-06,-0.125,0.53,0.563,0.0763,"DARS1"
"ZNF593",4.12e-06,-0.244,0.092,0.113,0.0767,"ZNF593"
"FAM169A",4.14e-06,0.17,0.26,0.232,0.0771,"FAM169A"
"MAGED2",4.16e-06,-0.136,0.658,0.686,0.0773,"MAGED2"
"ANKFN1",4.28e-06,-0.475,0.18,0.204,0.0796,"ANKFN1"
"RANGRF",4.41e-06,-0.24,0.154,0.18,0.082,"RANGRF"
"MT2A",4.43e-06,-0.395,0.176,0.201,0.0825,"MT2A"
"STARD7",4.43e-06,-0.151,0.36,0.393,0.0825,"STARD7"
"PLD5",4.53e-06,0.621,0.097,0.078,0.0844,"PLD5"
"NDUFA8",4.54e-06,-0.103,0.597,0.638,0.0845,"NDUFA8"
"MAGOHB",4.58e-06,-0.161,0.308,0.339,0.0852,"MAGOHB"
"MAN1C1",4.6e-06,-0.375,0.087,0.107,0.0857,"MAN1C1"
"HOMER1",4.62e-06,0.303,0.168,0.145,0.0859,"HOMER1"
"C1orf54",4.65e-06,-0.254,0.107,0.128,0.0865,"C1orf54"
"FKBP1A",4.67e-06,-0.117,0.538,0.568,0.087,"FKBP1A"
"COL1A2",4.73e-06,-0.613,0.059,0.076,0.088,"COL1A2"
"WBP1",4.76e-06,-0.209,0.225,0.252,0.0886,"WBP1"
"LDLRAD4",4.85e-06,-0.424,0.117,0.139,0.0903,"LDLRAD4"
"CBWD1",4.86e-06,-0.158,0.225,0.254,0.0904,"CBWD1"
"PCDHB5",4.94e-06,-0.35,0.052,0.068,0.0919,"PCDHB5"
"CDH11",4.94e-06,0.296,0.144,0.122,0.0919,"CDH11"
"BMP7",4.96e-06,-0.309,0.195,0.22,0.0923,"BMP7"
"CDK14",4.98e-06,-0.104,0.856,0.868,0.0926,"CDK14"
"KCNN3",5.01e-06,-0.346,0.16,0.184,0.0933,"KCNN3"
"MRPL4",5.12e-06,-0.124,0.362,0.396,0.0954,"MRPL4"
"TOMM22",5.17e-06,-0.113,0.493,0.527,0.0963,"TOMM22"
"RERG",5.2e-06,0.301,0.144,0.121,0.0967,"RERG"
"IMPDH2",5.22e-06,-0.122,0.372,0.407,0.0971,"IMPDH2"
"NELL1",5.28e-06,-1.138,0.01,0.018,0.0982,"NELL1"
"ELOVL6",5.41e-06,-0.205,0.501,0.53,0.101,"ELOVL6"
"SPOP",5.64e-06,-0.126,0.619,0.651,0.105,"SPOP"
"TNR",5.66e-06,0.123,0.269,0.237,0.105,"TNR"
"CHRNA3",5.71e-06,-1.059,0.011,0.019,0.106,"CHRNA3"
"ZFP36",5.82e-06,-0.883,0.02,0.031,0.108,"ZFP36"
"MLXIP",5.86e-06,0.183,0.286,0.258,0.109,"MLXIP"
"DAAM1",5.9e-06,-0.136,0.885,0.895,0.11,"DAAM1"
"FLRT2",6e-06,-0.251,0.428,0.457,0.112,"FLRT2"
"GRB2",6.01e-06,0.101,0.764,0.745,0.112,"GRB2"
"FLNA",6.07e-06,-0.15,0.324,0.356,0.113,"FLNA"
"MRPS5",6.09e-06,0.286,0.174,0.151,0.113,"MRPS5"
"BEND4",6.18e-06,-0.549,0.023,0.034,0.115,"BEND4"
"HS6ST3",6.29e-06,0.899,0.022,0.013,0.117,"HS6ST3"
"NR2E1",6.67e-06,-0.264,0.112,0.134,0.124,"NR2E1"
"WDR74",6.7e-06,-0.208,0.172,0.197,0.125,"WDR74"
"CORO1B",6.74e-06,-0.227,0.122,0.145,0.125,"CORO1B"
"EPS8",6.78e-06,0.155,0.587,0.564,0.126,"EPS8"
"TRMT10C",6.78e-06,-0.135,0.38,0.414,0.126,"TRMT10C"
"SYN3",6.79e-06,0.883,0.079,0.063,0.126,"SYN3"
"SEPTIN9",6.89e-06,-0.177,0.334,0.365,0.128,"SEPTIN9"
"FICD",6.96e-06,-0.449,0.045,0.06,0.13,"FICD"
"COBL",7.04e-06,-0.342,0.107,0.127,0.131,"COBL"
"AKAP6",7.07e-06,0.102,0.767,0.748,0.132,"AKAP6"
"LYRM1",7.1e-06,-0.188,0.222,0.25,0.132,"LYRM1"
"FABP12",7.13e-06,-0.697,0.018,0.027,0.133,"FABP12"
"KALRN",7.18e-06,0.11,0.898,0.897,0.134,"KALRN"
"PROX1",7.23e-06,0.126,0.485,0.458,0.135,"PROX1"
"FOXP1",7.24e-06,-0.497,0.194,0.218,0.135,"FOXP1"
"EMC2",7.26e-06,-0.167,0.251,0.281,0.135,"EMC2"
"SNX5",7.33e-06,-0.156,0.323,0.354,0.136,"SNX5"
"TBCC",7.39e-06,-0.133,0.31,0.343,0.138,"TBCC"
"CPPED1",7.46e-06,-0.357,0.059,0.076,0.139,"CPPED1"
"MECOM",7.46e-06,-0.283,0.04,0.054,0.139,"MECOM"
"TMEM271",7.47e-06,0.705,0.03,0.02,0.139,"TMEM271"
"MUC6",7.52e-06,0.694,0.024,0.015,0.14,"MUC6"
"SERP2",7.7e-06,0.358,0.078,0.061,0.143,"SERP2"
"RBP1",7.74e-06,0.148,0.334,0.307,0.144,"RBP1"
"C1QBP",7.79e-06,-0.122,0.662,0.688,0.145,"C1QBP"
"CCDC25",7.93e-06,-0.136,0.279,0.312,0.148,"CCDC25"
"PLGRKT",7.95e-06,-0.125,0.396,0.43,0.148,"PLGRKT"
"ZYG11A",8.04e-06,-0.846,0.012,0.02,0.15,"ZYG11A"
"GLRX3",8.12e-06,-0.102,0.492,0.526,0.151,"GLRX3"
"ACTR3B",8.16e-06,-0.237,0.247,0.276,0.152,"ACTR3B"
"LRRC9",8.18e-06,-0.319,0.034,0.047,0.152,"LRRC9"
"IVD",8.22e-06,-0.139,0.255,0.287,0.153,"IVD"
"HAP1",8.31e-06,-0.487,0.01,0.018,0.155,"HAP1"
"GGCX",8.37e-06,-0.208,0.211,0.238,0.156,"GGCX"
"ENC1",8.47e-06,-0.105,0.548,0.581,0.158,"ENC1"
"MRPS12",8.54e-06,-0.177,0.193,0.22,0.159,"MRPS12"
"RNASEH2C",8.61e-06,-0.176,0.258,0.287,0.16,"RNASEH2C"
"MRPS18B",8.69e-06,-0.186,0.197,0.223,0.162,"MRPS18B"
"YPEL1",8.75e-06,0.107,0.616,0.596,0.163,"YPEL1"
"ADAMTS6",8.75e-06,-0.364,0.225,0.25,0.163,"ADAMTS6"
"PTPN14",8.79e-06,-0.355,0.053,0.069,0.164,"PTPN14"
"PPFIBP2",9.06e-06,1.029,0.011,0.005,0.169,"PPFIBP2"
"AURKAIP1",9.07e-06,-0.101,0.539,0.574,0.169,"AURKAIP1"
"MRPS14",9.14e-06,-0.121,0.289,0.321,0.17,"MRPS14"
"ADRA1A",9.14e-06,0.517,0.081,0.064,0.17,"ADRA1A"
"GHITM",9.19e-06,-0.106,0.515,0.552,0.171,"GHITM"
"POLD4",9.19e-06,-0.318,0.047,0.062,0.171,"POLD4"
"RWDD3",9.33e-06,-0.209,0.168,0.192,0.174,"RWDD3"
"CAPZA1",9.36e-06,-0.102,0.639,0.667,0.174,"CAPZA1"
"SLC6A15",9.39e-06,0.584,0.026,0.017,0.175,"SLC6A15"
"LRP1B",9.41e-06,0.586,0.058,0.044,0.175,"LRP1B"
"SMAD9",9.57e-06,0.224,0.34,0.313,0.178,"SMAD9"
"NAALADL2",9.64e-06,-0.14,0.48,0.514,0.179,"NAALADL2"
"KCNJ3",9.67e-06,0.153,0.134,0.112,0.18,"KCNJ3"
"PYGO1",9.73e-06,0.112,0.491,0.467,0.181,"PYGO1"
"MPI",9.81e-06,-0.318,0.074,0.092,0.183,"MPI"
"SSNA1",9.85e-06,-0.124,0.361,0.391,0.183,"SSNA1"
"THOC7",9.93e-06,-0.118,0.464,0.497,0.185,"THOC7"
"PDGFD",9.97e-06,-0.227,0.438,0.467,0.186,"PDGFD"
"CAVIN1",9.98e-06,-0.851,0.011,0.019,0.186,"CAVIN1"
"MRPL54",1e-05,-0.158,0.285,0.316,0.186,"MRPL54"
"TMBIM6",0.0000101,-0.111,0.799,0.82,0.188,"TMBIM6"
"ZC2HC1A",0.0000101,0.107,0.891,0.885,0.189,"ZC2HC1A"
"PUDP",0.0000102,-0.159,0.496,0.527,0.19,"PUDP"
"C16orf91",0.0000103,-0.196,0.185,0.211,0.193,"C16orf91"
"DCXR",0.0000104,-0.108,0.322,0.355,0.193,"DCXR"
"ZNF552",0.0000105,0.315,0.141,0.121,0.195,"ZNF552"
"JUNB",0.0000105,-0.306,0.2,0.226,0.195,"JUNB"
"ADRM1",0.0000107,-0.129,0.422,0.456,0.2,"ADRM1"
"CSTB",0.0000108,-0.116,0.63,0.654,0.201,"CSTB"
"COPZ1",0.000011,-0.142,0.491,0.524,0.205,"COPZ1"
"MRPL2",0.0000112,-0.172,0.176,0.201,0.209,"MRPL2"
"ZC3H12C",0.0000113,-0.142,0.7,0.718,0.21,"ZC3H12C"
"SLCO1B1",0.0000115,-0.572,0.013,0.021,0.214,"SLCO1B1"
"ST8SIA4",0.0000115,0.154,0.475,0.445,0.214,"ST8SIA4"
"SEC11C",0.0000116,0.123,0.616,0.6,0.215,"SEC11C"
"MPV17",0.0000118,-0.152,0.259,0.288,0.219,"MPV17"
"KRCC1",0.0000118,-0.179,0.304,0.333,0.22,"KRCC1"
"SLC25A11",0.000012,-0.133,0.361,0.394,0.224,"SLC25A11"
"CDH13",0.0000121,0.575,0.032,0.022,0.226,"CDH13"
"NUP210L",0.0000122,0.528,0.072,0.057,0.228,"NUP210L"
"BEX2",0.0000124,0.202,0.301,0.275,0.23,"BEX2"
"NSG1",0.0000124,0.15,0.348,0.319,0.23,"NSG1"
"POP4",0.0000124,-0.15,0.21,0.239,0.231,"POP4"
"TNS1",0.0000126,-0.451,0.039,0.052,0.235,"TNS1"
"MAP2K2",0.0000126,-0.105,0.485,0.518,0.235,"MAP2K2"
"IFI27L2",0.0000127,-0.143,0.367,0.398,0.236,"IFI27L2"
"SNU13",0.0000127,-0.105,0.684,0.711,0.237,"SNU13"
"CITED4",0.000013,-0.564,0.025,0.036,0.241,"CITED4"
"SHISA5",0.000013,-0.166,0.224,0.253,0.242,"SHISA5"
"INSM1",0.0000136,-0.173,0.581,0.595,0.253,"INSM1"
"UBE3A",0.0000136,0.107,0.916,0.911,0.254,"UBE3A"
"ID4",0.0000137,-0.351,0.455,0.48,0.255,"ID4"
"APPL2",0.0000138,0.142,0.597,0.578,0.257,"APPL2"
"SAMD4A",0.0000139,-0.725,0.108,0.127,0.258,"SAMD4A"
"GALNT10",0.0000139,0.206,0.264,0.238,0.259,"GALNT10"
"SYT6",0.0000141,0.849,0.026,0.017,0.262,"SYT6"
"BYSL",0.0000142,-0.331,0.079,0.096,0.265,"BYSL"
"NDP",0.0000142,-0.519,0.048,0.063,0.265,"NDP"
"IGSF3",0.0000143,0.236,0.306,0.28,0.267,"IGSF3"
"LAPTM4B",0.0000143,-0.15,0.509,0.539,0.267,"LAPTM4B"
"CDKL2",0.0000144,0.417,0.101,0.084,0.267,"CDKL2"
"CHST9",0.0000146,0.157,0.131,0.111,0.272,"CHST9"
"ONECUT2",0.0000146,0.281,0.149,0.129,0.272,"ONECUT2"
"PRKAR2B",0.0000146,0.118,0.584,0.559,0.273,"PRKAR2B"
"TKT",0.0000148,-0.198,0.507,0.532,0.275,"TKT"
"SLCO4C1",0.0000149,0.644,0.043,0.031,0.277,"SLCO4C1"
"GPKOW",0.0000149,-0.171,0.129,0.151,0.277,"GPKOW"
"SLC2A3",0.0000149,-0.228,0.18,0.206,0.278,"SLC2A3"
"PALS2",0.0000151,-0.14,0.285,0.315,0.281,"PALS2"
"SDC2",0.0000152,-0.292,0.168,0.191,0.282,"SDC2"
"SEH1L",0.0000153,-0.12,0.241,0.27,0.286,"SEH1L"
"SOCS3",0.0000153,-0.261,0.055,0.071,0.286,"SOCS3"
"SLC25A26",0.0000157,-0.148,0.287,0.316,0.292,"SLC25A26"
"NECAB3",0.0000159,-0.452,0.031,0.044,0.295,"NECAB3"
"STXBP4",0.0000164,-0.111,0.511,0.547,0.306,"STXBP4"
"MYH9",0.0000164,-0.145,0.336,0.365,0.306,"MYH9"
"NCOA7",0.0000166,0.103,0.254,0.227,0.309,"NCOA7"
"PDCD2",0.0000167,-0.115,0.338,0.37,0.311,"PDCD2"
"EBPL",0.0000169,-0.152,0.445,0.472,0.314,"EBPL"
"RSPH1",0.000017,-1.236,0.005,0.01,0.316,"RSPH1"
"ARL17B",0.000017,0.111,0.732,0.721,0.316,"ARL17B"
"DCN",0.000017,-0.645,0.006,0.012,0.316,"DCN"
"ATP8A2",0.0000171,0.323,0.2,0.176,0.319,"ATP8A2"
"CNTN6",0.0000173,0.398,0.012,0.006,0.322,"CNTN6"
"FBXW7",0.0000176,-0.114,0.642,0.67,0.327,"FBXW7"
"RPL22L1",0.000018,-0.227,0.177,0.201,0.336,"RPL22L1"
"VPS25",0.000018,-0.241,0.172,0.196,0.336,"VPS25"
"WDR86",0.0000184,0.396,0.086,0.07,0.342,"WDR86"
"OTUD7A",0.0000185,0.136,0.362,0.334,0.345,"OTUD7A"
"PDGFRB",0.0000187,-0.722,0.013,0.021,0.348,"PDGFRB"
"IFI16",0.0000187,-0.378,0.095,0.114,0.348,"IFI16"
"LAMB2",0.0000188,-0.583,0.021,0.031,0.35,"LAMB2"
"BOLA3",0.0000189,-0.184,0.222,0.248,0.351,"BOLA3"
"TNFRSF1A",0.0000191,-0.178,0.08,0.099,0.356,"TNFRSF1A"
"EPHX1",0.0000193,-0.184,0.122,0.144,0.36,"EPHX1"
"C12orf40",0.0000195,0.335,0.089,0.072,0.363,"C12orf40"
"HAX1",0.0000198,-0.105,0.406,0.44,0.369,"HAX1"
"MICOS13",0.0000198,-0.126,0.27,0.301,0.369,"MICOS13"
"CXCL16",2e-05,-0.635,0.01,0.017,0.373,"CXCL16"
"NDUFB5",0.0000201,-0.133,0.474,0.505,0.373,"NDUFB5"
"EFHC2",0.0000201,-0.888,0.008,0.014,0.374,"EFHC2"
"RAB30",0.0000201,0.202,0.428,0.405,0.374,"RAB30"
"CDCA7",0.0000201,-0.178,0.482,0.506,0.375,"CDCA7"
"ZNF618",0.0000202,-0.132,0.608,0.635,0.376,"ZNF618"
"IQSEC1",0.0000204,-0.292,0.196,0.221,0.38,"IQSEC1"
"FGF1",0.0000208,-0.436,0.019,0.029,0.386,"FGF1"
"GTF2IRD2B",0.0000208,0.248,0.408,0.388,0.387,"GTF2IRD2B"
"DCTPP1",0.0000208,-0.162,0.201,0.228,0.387,"DCTPP1"
"DNPH1",0.0000208,-0.295,0.178,0.201,0.388,"DNPH1"
"VEPH1",0.0000208,-0.437,0.139,0.16,0.388,"VEPH1"
"GTF2H3",0.000021,-0.134,0.276,0.305,0.391,"GTF2H3"
"UNC80",0.0000217,0.265,0.221,0.198,0.404,"UNC80"
"DDAH1",0.0000217,-0.364,0.22,0.243,0.404,"DDAH1"
"APOO",0.0000221,-0.129,0.337,0.369,0.411,"APOO"
"PUF60",0.0000221,-0.104,0.579,0.611,0.411,"PUF60"
"LAMA4",0.0000221,-0.806,0.03,0.041,0.411,"LAMA4"
"MAGT1",0.0000223,-0.142,0.22,0.247,0.415,"MAGT1"
"TASP1",0.0000225,-0.155,0.469,0.498,0.419,"TASP1"
"SELENBP1",0.0000229,-0.477,0.045,0.059,0.426,"SELENBP1"
"MIS12",0.0000229,-0.162,0.218,0.244,0.426,"MIS12"
"HIP1R",0.000023,0.21,0.312,0.288,0.429,"HIP1R"
"MPP7",0.0000237,0.386,0.072,0.057,0.44,"MPP7"
"IGSF11",0.0000238,0.223,0.369,0.344,0.442,"IGSF11"
"THBS3",0.000024,-0.243,0.074,0.091,0.448,"THBS3"
"STK17A",0.0000242,-0.35,0.248,0.272,0.45,"STK17A"
"CTTNBP2",0.0000245,0.502,0.061,0.048,0.456,"CTTNBP2"
"PTH2R",0.0000246,-1.39,0.013,0.021,0.459,"PTH2R"
"HMBS",0.0000249,-0.193,0.077,0.095,0.463,"HMBS"
"COPS5",0.0000249,-0.14,0.367,0.399,0.464,"COPS5"
"BTBD8",0.0000254,0.223,0.223,0.2,0.472,"BTBD8"
"SMIM26",0.0000265,-0.113,0.538,0.569,0.494,"SMIM26"
"NEK6",0.0000267,-0.389,0.068,0.084,0.498,"NEK6"
"UQCRHL",0.0000268,0.459,0.061,0.047,0.499,"UQCRHL"
"ACAA1",0.000027,-0.148,0.169,0.194,0.502,"ACAA1"
"AEBP1",0.0000273,-0.478,0.031,0.042,0.508,"AEBP1"
"TRAPPC6A",0.0000274,-0.157,0.106,0.126,0.511,"TRAPPC6A"
"TSPAN6",0.0000275,-0.18,0.188,0.213,0.511,"TSPAN6"
"COL22A1",0.0000279,-0.591,0.026,0.036,0.52,"COL22A1"
"RAD23A",0.000028,-0.1,0.473,0.506,0.521,"RAD23A"
"CA12",0.0000288,-0.474,0.021,0.031,0.536,"CA12"
"CPXM1",0.000029,-0.408,0.021,0.031,0.54,"CPXM1"
"EVA1B",0.0000291,-0.622,0.018,0.027,0.542,"EVA1B"
"SLC22A17",0.0000294,-0.132,0.167,0.192,0.547,"SLC22A17"
"CCND1",0.0000297,-1.349,0.013,0.02,0.553,"CCND1"
"ATCAY",0.0000297,0.171,0.67,0.657,0.554,"ATCAY"
"ZEB1",0.0000299,0.117,0.785,0.778,0.556,"ZEB1"
"GLUD1",0.0000303,-0.122,0.307,0.336,0.564,"GLUD1"
"CNTNAP4",0.0000304,0.42,0.097,0.081,0.566,"CNTNAP4"
"GPR180",0.0000306,-0.22,0.177,0.201,0.569,"GPR180"
"POP7",0.000031,-0.144,0.302,0.33,0.577,"POP7"
"FSTL1",0.0000311,-0.275,0.208,0.231,0.58,"FSTL1"
"CCDC160",0.0000313,-0.564,0.009,0.016,0.582,"CCDC160"
"MRPL10",0.0000313,-0.238,0.112,0.132,0.583,"MRPL10"
"ENOPH1",0.0000315,-0.112,0.508,0.54,0.586,"ENOPH1"
"PACSIN3",0.0000316,-0.491,0.042,0.055,0.587,"PACSIN3"
"TIMM17A",0.0000316,-0.107,0.388,0.421,0.587,"TIMM17A"
"RFX4",0.0000317,0.189,0.435,0.416,0.591,"RFX4"
"FBXO8",0.0000318,-0.178,0.201,0.227,0.592,"FBXO8"
"SHLD2",0.0000322,-0.177,0.227,0.254,0.6,"SHLD2"
"YWHAH",0.0000335,0.12,0.725,0.713,0.624,"YWHAH"
"TMEM208",0.0000341,-0.191,0.248,0.275,0.634,"TMEM208"
"PTGIS",0.0000341,0.687,0.033,0.024,0.635,"PTGIS"
"PRPF19",0.0000343,-0.162,0.215,0.241,0.639,"PRPF19"
"ZNF565",0.0000346,0.181,0.479,0.457,0.644,"ZNF565"
"DNTTIP1",0.0000363,-0.133,0.271,0.298,0.677,"DNTTIP1"
"C17orf75",0.0000365,-0.136,0.313,0.343,0.679,"C17orf75"
"PARVA",0.0000373,-0.22,0.07,0.086,0.695,"PARVA"
"ACTN1",0.0000382,-0.276,0.193,0.216,0.71,"ACTN1"
"RIMKLA",0.0000387,0.179,0.536,0.514,0.72,"RIMKLA"
"PNO1",0.0000389,-0.196,0.159,0.182,0.725,"PNO1"
"ZNF473",0.000039,-0.271,0.079,0.096,0.726,"ZNF473"
"PDE4A",0.000039,0.549,0.034,0.024,0.727,"PDE4A"
"CYCS",0.0000396,-0.103,0.602,0.63,0.738,"CYCS"
"CCNDBP1",0.0000404,-0.138,0.152,0.175,0.752,"CCNDBP1"
"CPT2",0.000041,-0.241,0.084,0.102,0.763,"CPT2"
"ZSCAN1",0.0000423,-0.204,0.084,0.102,0.788,"ZSCAN1"
"DDX18",0.0000425,-0.11,0.517,0.549,0.791,"DDX18"
"LRRC75A",0.0000428,-0.121,0.238,0.267,0.798,"LRRC75A"
"ASCL1",0.000043,-0.101,0.475,0.505,0.801,"ASCL1"
"PNPO",0.0000431,-0.357,0.009,0.015,0.802,"PNPO"
"KCNF1",0.0000434,-0.348,0.026,0.036,0.808,"KCNF1"
"EPHA5",0.0000443,0.141,0.661,0.64,0.825,"EPHA5"
"SOX1",0.0000448,-0.111,0.581,0.61,0.833,"SOX1"
"MAP3K10",0.0000456,0.256,0.21,0.188,0.849,"MAP3K10"
"RXRG",0.0000457,-0.634,0.006,0.012,0.85,"RXRG"
"TRAF3",0.0000457,0.179,0.135,0.115,0.85,"TRAF3"
"BCCIP",0.0000463,-0.111,0.451,0.48,0.861,"BCCIP"
"GSS",0.0000464,-0.153,0.144,0.166,0.864,"GSS"
"HOOK2",0.0000466,0.207,0.455,0.438,0.867,"HOOK2"
"NMB",0.0000466,-0.843,0.042,0.054,0.868,"NMB"
"UCHL1",0.0000467,0.14,0.686,0.676,0.869,"UCHL1"
"IQGAP1",0.0000468,-0.125,0.489,0.513,0.871,"IQGAP1"
"SLC39A1",0.0000473,-0.15,0.182,0.207,0.88,"SLC39A1"
"VAT1L",0.0000476,-0.41,0.034,0.046,0.886,"VAT1L"
"FKBP3",0.0000481,-0.104,0.775,0.792,0.895,"FKBP3"
"SAR1A",0.0000486,-0.102,0.387,0.418,0.904,"SAR1A"
"TSPAN14",0.0000488,0.114,0.559,0.54,0.908,"TSPAN14"
"STMN2",0.0000489,0.108,0.708,0.695,0.911,"STMN2"
"TUBG1",0.000049,-0.184,0.212,0.236,0.911,"TUBG1"
"DOLK",0.0000491,-0.34,0.05,0.064,0.914,"DOLK"
"PIR",0.0000494,-0.452,0.073,0.089,0.92,"PIR"
"PRR16",0.0000495,-0.302,0.007,0.013,0.921,"PRR16"
"SCRN2",0.0000495,-0.285,0.06,0.075,0.922,"SCRN2"
"HTRA2",0.0000496,-0.234,0.155,0.177,0.922,"HTRA2"
"DCAF11",0.0000509,-0.183,0.157,0.179,0.948,"DCAF11"
"RRP15",0.0000512,-0.187,0.212,0.238,0.953,"RRP15"
"TRIM4",0.0000513,-0.286,0.064,0.079,0.954,"TRIM4"
"NT5DC2",0.0000514,-0.104,0.385,0.417,0.956,"NT5DC2"
"ZBTB7C",0.0000514,-0.353,0.042,0.054,0.957,"ZBTB7C"
"GLRA2",0.0000526,0.189,0.224,0.201,0.979,"GLRA2"
"PSME2",0.0000532,-0.139,0.264,0.29,0.991,"PSME2"
"THSD7A",0.0000536,0.19,0.31,0.285,0.997,"THSD7A"
"ZIC3",0.0000536,-0.565,0.012,0.019,0.998,"ZIC3"
"HYAL2",0.0000545,-0.183,0.237,0.261,1,"HYAL2"
"SEC22B",0.0000554,-0.152,0.307,0.336,1,"SEC22B"
"HAS2",0.0000555,0.412,0.027,0.018,1,"HAS2"
"LNPK",0.0000556,-0.111,0.677,0.704,1,"LNPK"
"SCPEP1",0.0000556,-0.125,0.059,0.074,1,"SCPEP1"
"MYSM1",0.0000556,-0.157,0.314,0.343,1,"MYSM1"
"JKAMP",0.0000556,-0.121,0.402,0.432,1,"JKAMP"
"UCP2",0.0000559,-0.334,0.092,0.109,1,"UCP2"
"HECA",0.0000563,0.177,0.305,0.28,1,"HECA"
"RABGGTB",0.0000564,-0.152,0.278,0.306,1,"RABGGTB"
"FHOD3",0.0000566,-0.126,0.541,0.573,1,"FHOD3"
"MRPL14",0.0000572,-0.109,0.377,0.408,1,"MRPL14"
"DHRS4L2",0.0000583,-0.205,0.13,0.151,1,"DHRS4L2"
"ZNF680",0.0000587,-0.191,0.294,0.32,1,"ZNF680"
"FAM163B",0.0000588,0.69,0.019,0.012,1,"FAM163B"
"LZTS1",0.0000591,-0.167,0.367,0.394,1,"LZTS1"
"ZNF25",0.0000602,0.224,0.307,0.285,1,"ZNF25"
"MICOS10",0.0000603,-0.102,0.716,0.737,1,"MICOS10"
"SLX9",0.0000603,-0.225,0.125,0.145,1,"SLX9"
"ZC4H2",0.0000615,0.105,0.653,0.634,1,"ZC4H2"
"NSD1",0.0000617,-0.122,0.472,0.498,1,"NSD1"
"CHCHD5",0.0000625,-0.15,0.155,0.177,1,"CHCHD5"
"DBR1",0.0000632,-0.144,0.24,0.266,1,"DBR1"
"KLHL29",0.0000641,0.344,0.177,0.158,1,"KLHL29"
"PPP1R16A",0.0000644,-0.303,0.078,0.094,1,"PPP1R16A"
"PRR12",0.0000679,0.208,0.341,0.319,1,"PRR12"
"NOC3L",0.0000679,-0.121,0.267,0.293,1,"NOC3L"
"TBC1D4",0.0000682,0.326,0.107,0.09,1,"TBC1D4"
"GSTM4",0.0000685,-0.31,0.042,0.055,1,"GSTM4"
"NRG2",0.0000687,-0.17,0.1,0.118,1,"NRG2"
"PDK3",0.0000688,0.283,0.432,0.416,1,"PDK3"
"RAB5B",0.000069,-0.103,0.413,0.443,1,"RAB5B"
"LMAN1",0.0000693,-0.118,0.357,0.385,1,"LMAN1"
"SNAPC5",0.0000696,-0.164,0.148,0.17,1,"SNAPC5"
"CDKN1A",7e-05,-0.243,0.087,0.104,1,"CDKN1A"
"SMIM15",0.0000717,-0.117,0.34,0.37,1,"SMIM15"
"ZIC1",0.0000718,-0.201,0.22,0.243,1,"ZIC1"
"MT3",0.0000721,-0.464,0.033,0.044,1,"MT3"
"GANAB",0.0000729,-0.105,0.358,0.388,1,"GANAB"
"RPA3",0.0000729,-0.117,0.396,0.424,1,"RPA3"
"MEA1",0.0000731,-0.117,0.34,0.368,1,"MEA1"
"SLITRK6",0.0000732,-0.623,0.012,0.02,1,"SLITRK6"
"MEIS2",0.0000742,-0.34,0.642,0.647,1,"MEIS2"
"ALCAM",0.0000746,1.08,0.042,0.031,1,"ALCAM"
"RPH3A",0.0000747,0.186,0.166,0.145,1,"RPH3A"
"COPG2",0.0000749,0.198,0.467,0.446,1,"COPG2"
"GP1BA",0.000075,1.115,0.01,0.005,1,"GP1BA"
"MDP1",0.0000756,-0.136,0.231,0.257,1,"MDP1"
"SPP1",0.0000758,-1.765,0.009,0.015,1,"SPP1"
"SARNP",0.0000765,-0.219,0.104,0.122,1,"SARNP"
"GPR19",0.0000767,0.265,0.131,0.113,1,"GPR19"
"RPP25L",0.0000769,-0.283,0.073,0.089,1,"RPP25L"
"MIS18A",0.0000775,-0.165,0.318,0.344,1,"MIS18A"
"GLO1",0.0000778,-0.114,0.531,0.555,1,"GLO1"
"ROM1",0.0000785,-0.391,0.011,0.017,1,"ROM1"
"FAM76A",0.0000798,-0.135,0.176,0.201,1,"FAM76A"
"CFI",8e-05,-1.003,0.009,0.015,1,"CFI"
"PDLIM1",0.0000801,-0.353,0.053,0.067,1,"PDLIM1"
"TMEM178A",0.0000814,0.235,0.081,0.066,1,"TMEM178A"
"RYR3",0.0000821,0.394,0.107,0.09,1,"RYR3"
"SNX9",0.0000824,0.153,0.407,0.385,1,"SNX9"
"VSTM4",0.0000826,0.43,0.054,0.042,1,"VSTM4"
"TMED10",0.0000838,-0.136,0.502,0.528,1,"TMED10"
"GET3",0.0000839,-0.11,0.322,0.351,1,"GET3"
"TRPT1",0.000084,-0.136,0.157,0.179,1,"TRPT1"
"MCM5",0.0000849,-0.321,0.116,0.134,1,"MCM5"
"WDR76",0.0000863,-0.187,0.306,0.332,1,"WDR76"
"PSMA5",0.0000869,-0.125,0.5,0.527,1,"PSMA5"
"TRUB2",0.0000871,-0.159,0.113,0.132,1,"TRUB2"
"KCNJ8",0.0000912,-0.61,0.014,0.022,1,"KCNJ8"
"PRDX3",0.0000921,-0.107,0.582,0.605,1,"PRDX3"
"TSNAX",0.0000921,-0.107,0.407,0.438,1,"TSNAX"
"TOMM6",0.0000926,0.373,0.096,0.081,1,"TOMM6"
"PDIA6",0.0000932,-0.131,0.653,0.678,1,"PDIA6"
"NPAS3",0.0000948,-0.367,0.532,0.549,1,"NPAS3"
"SELPLG",0.0000966,-0.475,0.033,0.044,1,"SELPLG"
"NGLY1",0.0000971,-0.15,0.378,0.406,1,"NGLY1"
"ITM2C",0.0000972,-0.167,0.184,0.207,1,"ITM2C"
"ARPC4",0.0000972,-0.16,0.267,0.293,1,"ARPC4"
"PTPRT",0.0000978,0.338,0.05,0.038,1,"PTPRT"
"TRAP1",0.0000986,-0.115,0.325,0.353,1,"TRAP1"
"IL10RB",0.0000989,-0.296,0.035,0.047,1,"IL10RB"
"SLC27A6",0.0000989,0.63,0.02,0.013,1,"SLC27A6"
"MRPL52",0.0000996,-0.123,0.427,0.456,1,"MRPL52"
"GALK1",0.0000999,-0.216,0.077,0.093,1,"GALK1"
"TSPAN18",0.0001,-0.304,0.129,0.148,1,"TSPAN18"
"GSN",0.000101,-0.333,0.04,0.052,1,"GSN"
"SHC3",0.000101,-0.205,0.155,0.175,1,"SHC3"
"SH3PXD2A",0.000102,0.178,0.335,0.311,1,"SH3PXD2A"
"PBDC1",0.000103,-0.116,0.291,0.319,1,"PBDC1"
"SH3D19",0.000103,0.45,0.263,0.244,1,"SH3D19"
"UBLCP1",0.000103,-0.106,0.341,0.37,1,"UBLCP1"
"LRIG1",0.000103,-0.399,0.383,0.4,1,"LRIG1"
"C11orf96",0.000105,-0.163,0.702,0.724,1,"C11orf96"
"MARCHF4",0.000105,0.383,0.093,0.077,1,"MARCHF4"
"NEDD9",0.000106,-0.186,0.196,0.219,1,"NEDD9"
"PCSK2",0.000109,-0.283,0.062,0.076,1,"PCSK2"
"AGPAT2",0.000109,-0.523,0.021,0.03,1,"AGPAT2"
"DIPK1B",0.00011,-0.164,0.175,0.198,1,"DIPK1B"
"H4C4",0.00011,-0.331,0.057,0.07,1,"H4C4"
"OAT",0.00011,-0.173,0.259,0.283,1,"OAT"
"TSHZ1",0.000111,0.109,0.318,0.294,1,"TSHZ1"
"MIX23",0.000111,-0.181,0.193,0.215,1,"MIX23"
"B9D2",0.000112,-0.266,0.072,0.087,1,"B9D2"
"UQCC3",0.000112,-0.106,0.186,0.209,1,"UQCC3"
"LRATD2",0.000113,-0.364,0.027,0.037,1,"LRATD2"
"ENSG00000261832",0.000114,0.789,0.017,0.011,1,"ENSG00000261832"
"NFATC2",0.000115,-1.05,0.005,0.01,1,"NFATC2"
"DBP",0.000115,-0.264,0.102,0.119,1,"DBP"
"MAPK3",0.000115,-0.187,0.122,0.141,1,"MAPK3"
"BTD",0.000115,0.165,0.482,0.463,1,"BTD"
"CHEK1",0.000116,-0.196,0.325,0.349,1,"CHEK1"
"ARHGEF28",0.000117,-0.263,0.19,0.211,1,"ARHGEF28"
"AHCYL1",0.000117,-0.124,0.574,0.6,1,"AHCYL1"
"SFT2D1",0.000117,-0.117,0.323,0.349,1,"SFT2D1"
"ENSG00000280649",0.000117,-0.576,0.005,0.01,1,"ENSG00000280649"
"IGFBP5",0.000118,0.669,0.142,0.162,1,"IGFBP5"
"CYB5R1",0.00012,-0.14,0.14,0.161,1,"CYB5R1"
"DLGAP4",0.000122,0.103,0.78,0.771,1,"DLGAP4"
"P3H2",0.000122,-0.788,0.007,0.013,1,"P3H2"
"SLC25A43",0.000123,-0.54,0.03,0.04,1,"SLC25A43"
"ETV1",0.000124,-0.145,0.345,0.369,1,"ETV1"
"GLMP",0.000124,-0.493,0.017,0.025,1,"GLMP"
"SLC41A2",0.000125,0.28,0.193,0.173,1,"SLC41A2"
"AKIRIN1",0.000125,-0.105,0.457,0.483,1,"AKIRIN1"
"ACOT9",0.000127,-0.151,0.101,0.119,1,"ACOT9"
"NQO1",0.000129,-0.585,0.061,0.075,1,"NQO1"
"ZNF891",0.00013,0.185,0.296,0.275,1,"ZNF891"
"SCARB1",0.000131,-0.17,0.104,0.122,1,"SCARB1"
"FSTL4",0.000131,-0.435,0.066,0.08,1,"FSTL4"
"IL7",0.000132,0.191,0.498,0.482,1,"IL7"
"HIRIP3",0.000133,-0.166,0.331,0.354,1,"HIRIP3"
"SLU7",0.000134,-0.128,0.383,0.414,1,"SLU7"
"CRYL1",0.000134,-0.113,0.238,0.263,1,"CRYL1"
"TM6SF1",0.000138,0.287,0.141,0.123,1,"TM6SF1"
"ACLY",0.000139,-0.112,0.401,0.427,1,"ACLY"
"AASS",0.00014,-0.109,0.427,0.457,1,"AASS"
"MALSU1",0.000142,-0.129,0.35,0.378,1,"MALSU1"
"RGMA",0.000144,-0.353,0.22,0.243,1,"RGMA"
"EEF2KMT",0.000144,-0.456,0.034,0.045,1,"EEF2KMT"
"UPK3BL1",0.000144,-0.518,0.015,0.023,1,"UPK3BL1"
"DPF3",0.000145,0.194,0.254,0.232,1,"DPF3"
"SCP2",0.000145,-0.12,0.551,0.574,1,"SCP2"
"PLCB4",0.000145,0.132,0.461,0.438,1,"PLCB4"
"CYRIA",0.000146,0.327,0.128,0.111,1,"CYRIA"
"SFXN5",0.000146,-0.188,0.241,0.265,1,"SFXN5"
"MRPL50",0.000148,-0.117,0.268,0.293,1,"MRPL50"
"RMI2",0.000148,-0.336,0.099,0.115,1,"RMI2"
"PCDHGA1",0.000149,0.588,0.051,0.04,1,"PCDHGA1"
"AKR1C8",0.000149,0.61,0.011,0.006,1,"AKR1C8"
"PRDX4",0.00015,-0.133,0.359,0.386,1,"PRDX4"
"STRN4",0.000151,0.189,0.284,0.262,1,"STRN4"
"MLH1",0.000151,-0.132,0.281,0.306,1,"MLH1"
"STARD13",0.000151,0.127,0.262,0.238,1,"STARD13"
"KLHL8",0.000152,0.128,0.515,0.498,1,"KLHL8"
"ARAP2",0.000153,-0.37,0.239,0.259,1,"ARAP2"
"YPEL3",0.000154,0.232,0.293,0.274,1,"YPEL3"
"ZFP36L1",0.000154,-0.242,0.296,0.32,1,"ZFP36L1"
"PHEX",0.000157,-0.342,0.036,0.047,1,"PHEX"
"INSR",0.000158,0.102,0.606,0.583,1,"INSR"
"DUT",0.000161,-0.131,0.598,0.626,1,"DUT"
"WWTR1",0.000162,-0.544,0.273,0.293,1,"WWTR1"
"MMD2",0.000162,-0.477,0.019,0.027,1,"MMD2"
"ABHD14A",0.000164,-0.214,0.094,0.111,1,"ABHD14A"
"TEX264",0.000165,-0.175,0.154,0.175,1,"TEX264"
"C14orf119",0.000166,-0.12,0.25,0.275,1,"C14orf119"
"SLC22A5",0.000166,0.528,0.037,0.027,1,"SLC22A5"
"CD200",0.000166,0.118,0.32,0.295,1,"CD200"
"ZNF107",0.000166,-0.131,0.334,0.36,1,"ZNF107"
"IGF2BP1",0.000166,0.195,0.163,0.143,1,"IGF2BP1"
"RPL39L",0.000167,-0.211,0.158,0.179,1,"RPL39L"
"SAFB",0.000167,0.123,0.686,0.678,1,"SAFB"
"ERCC1",0.00017,-0.131,0.364,0.39,1,"ERCC1"
"DAPL1",0.000171,-0.678,0.009,0.015,1,"DAPL1"
"HSD17B8",0.000171,-0.687,0.017,0.025,1,"HSD17B8"
"VIM",0.000172,-1.26,0.376,0.39,1,"VIM"
"DLC1",0.000172,-0.902,0.008,0.014,1,"DLC1"
"UTP18",0.000175,-0.114,0.33,0.356,1,"UTP18"
"HNMT",0.000175,-0.448,0.014,0.022,1,"HNMT"
"TRIM5",0.000176,-0.29,0.068,0.082,1,"TRIM5"
"E2F1",0.000176,-0.245,0.15,0.169,1,"E2F1"
"KCNQ2",0.000177,-0.108,0.496,0.523,1,"KCNQ2"
"TMEM170A",0.000177,-0.116,0.325,0.353,1,"TMEM170A"
"SCFD2",0.000177,-0.153,0.321,0.346,1,"SCFD2"
"SLC9C2",0.000177,-0.221,0.01,0.016,1,"SLC9C2"
"LSS",0.000177,-0.17,0.296,0.322,1,"LSS"
"TIMP1",0.000178,-0.436,0.106,0.123,1,"TIMP1"
"GMNN",0.000179,-0.135,0.33,0.357,1,"GMNN"
"AGT",0.00018,-0.17,0.01,0.017,1,"AGT"
"RUVBL1",0.00018,-0.12,0.393,0.419,1,"RUVBL1"
"UTP20",0.000182,-0.183,0.192,0.214,1,"UTP20"
"RNF13",0.000184,-0.1,0.739,0.756,1,"RNF13"
"UBE3B",0.000184,-0.108,0.227,0.252,1,"UBE3B"
"ZNF793",0.000184,0.162,0.343,0.322,1,"ZNF793"
"TSR3",0.000184,-0.118,0.352,0.38,1,"TSR3"
"ADAT2",0.000185,-0.215,0.054,0.067,1,"ADAT2"
"NFIC",0.000185,-0.123,0.422,0.448,1,"NFIC"
"SKIDA1",0.000186,-0.174,0.166,0.187,1,"SKIDA1"
"AK2",0.000186,-0.106,0.244,0.269,1,"AK2"
"ASS1",0.000186,-0.439,0.046,0.058,1,"ASS1"
"CRK",0.000186,0.134,0.52,0.504,1,"CRK"
"BTG3",0.000187,-0.137,0.481,0.508,1,"BTG3"
"ANKRD29",0.000197,-0.458,0.008,0.013,1,"ANKRD29"
"WDR1",0.000198,-0.139,0.352,0.379,1,"WDR1"
"TAF9",0.000199,-0.147,0.38,0.41,1,"TAF9"
"ZBTB7A",0.0002,-0.129,0.206,0.229,1,"ZBTB7A"
"KTI12",0.0002,-0.207,0.07,0.085,1,"KTI12"
"FBXW5",0.000205,-0.16,0.151,0.172,1,"FBXW5"
"EMG1",0.000209,-0.233,0.141,0.16,1,"EMG1"
"EFTUD2",0.000209,-0.121,0.347,0.373,1,"EFTUD2"
"CERS6",0.000209,-0.135,0.985,0.982,1,"CERS6"
"NME5",0.000216,-0.365,0.044,0.055,1,"NME5"
"VCAN",0.000216,-0.466,0.479,0.503,1,"VCAN"
"SSR1",0.000216,-0.142,0.479,0.505,1,"SSR1"
"OLIG2",0.000219,0.651,0.119,0.103,1,"OLIG2"
"PRPF31",0.000219,-0.103,0.398,0.426,1,"PRPF31"
"ZFYVE21",0.00022,-0.121,0.232,0.257,1,"ZFYVE21"
"CRY1",0.00022,-0.189,0.389,0.411,1,"CRY1"
"SLC2A10",0.000221,-0.47,0.015,0.023,1,"SLC2A10"
"IL33",0.000221,-0.576,0.089,0.104,1,"IL33"
"TMEM216",0.000221,-0.219,0.074,0.089,1,"TMEM216"
"DISP1",0.000223,0.172,0.465,0.448,1,"DISP1"
"PDHA1",0.000224,-0.111,0.364,0.392,1,"PDHA1"
"CHRDL1",0.000224,-0.14,0.198,0.22,1,"CHRDL1"
"PKIA",0.000224,0.153,0.812,0.803,1,"PKIA"
"SPICE1",0.000224,-0.307,0.054,0.067,1,"SPICE1"
"PEF1",0.000227,-0.121,0.248,0.273,1,"PEF1"
"STX7",0.000228,0.113,0.6,0.585,1,"STX7"
"RORA",0.00023,0.142,0.439,0.416,1,"RORA"
"SRPRB",0.00023,-0.224,0.11,0.128,1,"SRPRB"
"KCNA2",0.000231,-0.235,0.045,0.057,1,"KCNA2"
"NUDT22",0.000232,-0.139,0.094,0.111,1,"NUDT22"
"MYO3A",0.000233,-0.174,0.438,0.455,1,"MYO3A"
"LRRC17",0.000233,-0.318,0.156,0.175,1,"LRRC17"
"ZMIZ1",0.000236,0.106,0.707,0.697,1,"ZMIZ1"
"RXRA",0.000236,0.245,0.235,0.215,1,"RXRA"
"ZNF703",0.000239,-0.158,0.064,0.078,1,"ZNF703"
"GREB1",0.00024,-0.286,0.04,0.051,1,"GREB1"
"POLR2E",0.00024,-0.11,0.382,0.41,1,"POLR2E"
"PKNOX2",0.000243,0.275,0.188,0.169,1,"PKNOX2"
"E2F3",0.000248,-0.129,0.334,0.361,1,"E2F3"
"WNK2",0.000248,0.163,0.434,0.412,1,"WNK2"
"ZDHHC24",0.000249,-0.18,0.103,0.12,1,"ZDHHC24"
"IFT27",0.000251,-0.108,0.277,0.302,1,"IFT27"
"INTS9",0.000252,-0.116,0.376,0.403,1,"INTS9"
"TSFM",0.000258,-0.139,0.24,0.264,1,"TSFM"
"PAQR8",0.000259,-0.391,0.056,0.069,1,"PAQR8"
"N6AMT1",0.00026,-0.251,0.079,0.094,1,"N6AMT1"
"CFAP126",0.000262,-1.009,0.006,0.011,1,"CFAP126"
"H3C4",0.000265,-0.447,0.266,0.28,1,"H3C4"
"CEP20",0.000267,-0.106,0.292,0.319,1,"CEP20"
"STN1",0.000267,-0.224,0.05,0.062,1,"STN1"
"MRPL32",0.000274,-0.105,0.392,0.421,1,"MRPL32"
"GSDME",0.000276,-0.218,0.08,0.095,1,"GSDME"
"TMEM198",0.000277,-0.178,0.091,0.108,1,"TMEM198"
"FREM2",0.000278,-0.222,0.282,0.305,1,"FREM2"
"NT5C",0.000278,-0.149,0.193,0.215,1,"NT5C"
"ZFP37",0.000281,0.15,0.402,0.38,1,"ZFP37"
"IGDCC4",0.000281,-0.214,0.174,0.194,1,"IGDCC4"
"INTS13",0.000281,-0.157,0.179,0.201,1,"INTS13"
"BCL2",0.000281,0.114,0.273,0.25,1,"BCL2"
"MID1",0.000282,-0.127,0.334,0.36,1,"MID1"
"GRM3",0.000284,0.187,0.276,0.256,1,"GRM3"
"BCHE",0.000287,0.311,0.265,0.246,1,"BCHE"
"MOB1A",0.000288,-0.101,0.477,0.502,1,"MOB1A"
"ST6GALNAC3",0.000288,0.228,0.37,0.35,1,"ST6GALNAC3"
"MYO5B",0.000289,-0.8,0.026,0.035,1,"MYO5B"
"KCNIP4",0.00029,-1.028,0.118,0.134,1,"KCNIP4"
"UCKL1",0.00029,-0.176,0.173,0.194,1,"UCKL1"
"SPACA9",0.000291,-0.22,0.053,0.066,1,"SPACA9"
"SDHAF3",0.000292,-0.152,0.237,0.26,1,"SDHAF3"
"FAM227A",0.000297,-0.232,0.079,0.094,1,"FAM227A"
"FAM149A",0.000298,0.395,0.067,0.054,1,"FAM149A"
"RAB11FIP4",0.000299,0.219,0.209,0.189,1,"RAB11FIP4"
"IRF9",0.000302,-0.172,0.096,0.113,1,"IRF9"
"ARF4",0.000302,-0.116,0.77,0.784,1,"ARF4"
"MANEA",0.000305,-0.214,0.157,0.176,1,"MANEA"
"FGFR3",0.000305,-1.23,0.01,0.016,1,"FGFR3"
"NUAK2",0.000305,-0.205,0.091,0.107,1,"NUAK2"
"UROD",0.000308,-0.103,0.122,0.141,1,"UROD"
"RABGAP1L",0.000309,0.108,0.848,0.837,1,"RABGAP1L"
"KIF1A",0.00031,0.149,0.608,0.594,1,"KIF1A"
"CCNG1",0.000311,-0.105,0.346,0.373,1,"CCNG1"
"FAM199X",0.000316,-0.134,0.297,0.322,1,"FAM199X"
"CEBPD",0.000317,-0.57,0.026,0.036,1,"CEBPD"
"ISG15",0.000318,0.124,0.053,0.066,1,"ISG15"
"STK32B",0.000318,-0.105,0.028,0.037,1,"STK32B"
"CAPNS1",0.000319,-0.127,0.352,0.377,1,"CAPNS1"
"PIP5K1C",0.00032,0.218,0.202,0.183,1,"PIP5K1C"
"MT-TV",0.00032,-0.462,0.019,0.027,1,"MT-TV"
"DCAF12",0.000322,-0.114,0.217,0.239,1,"DCAF12"
"MFSD6",0.000323,0.161,0.286,0.266,1,"MFSD6"
"PEX2",0.000324,-0.125,0.257,0.28,1,"PEX2"
"SOAT1",0.000328,-0.231,0.179,0.2,1,"SOAT1"
"ZNF502",0.000331,-0.284,0.02,0.028,1,"ZNF502"
"B3GALT1",0.000332,0.229,0.47,0.45,1,"B3GALT1"
"SDK2",0.000332,0.187,0.271,0.249,1,"SDK2"
"B3GAT1",0.000334,-0.139,0.124,0.142,1,"B3GAT1"
"RABL3",0.000335,-0.111,0.183,0.205,1,"RABL3"
"LYRM4",0.000336,-0.13,0.41,0.437,1,"LYRM4"
"MGST2",0.000336,-0.183,0.057,0.07,1,"MGST2"
"LGR4",0.000339,0.327,0.13,0.114,1,"LGR4"
"CDKN2B",0.000339,-0.346,0.023,0.032,1,"CDKN2B"
"COQ4",0.000342,-0.104,0.24,0.264,1,"COQ4"
"DUSP4",0.000345,-0.264,0.076,0.091,1,"DUSP4"
"DOCK1",0.000347,-0.216,0.246,0.266,1,"DOCK1"
"ENSG00000279792",0.00035,0.873,0.014,0.008,1,"ENSG00000279792"
"TSSC4",0.00035,-0.108,0.277,0.303,1,"TSSC4"
"ABLIM3",0.00035,0.368,0.023,0.016,1,"ABLIM3"
"SERINC1",0.00035,0.117,0.754,0.751,1,"SERINC1"
"LPAR4",0.00035,-0.345,0.062,0.075,1,"LPAR4"
"GAREM1",0.000357,-0.183,0.36,0.383,1,"GAREM1"
"KLHDC8A",0.000362,-0.117,0.566,0.591,1,"KLHDC8A"
"VAMP7",0.000362,-0.251,0.058,0.071,1,"VAMP7"
"PNKP",0.000368,-0.172,0.143,0.162,1,"PNKP"
"PRXL2B",0.000368,-0.193,0.069,0.083,1,"PRXL2B"
"SMIM38",0.000368,-0.678,0.007,0.012,1,"SMIM38"
"SNTB1",0.000369,-0.548,0.026,0.034,1,"SNTB1"
"RGS7BP",0.00037,0.265,0.112,0.096,1,"RGS7BP"
"CHSY3",0.000373,-0.228,0.092,0.108,1,"CHSY3"
"LGALS3",0.000374,-0.891,0.048,0.059,1,"LGALS3"
"POLR3D",0.000375,-0.148,0.138,0.156,1,"POLR3D"
"MAN2A1",0.000375,-0.18,0.394,0.415,1,"MAN2A1"
"WNT5A",0.000378,0.372,0.021,0.014,1,"WNT5A"
"ITGB5",0.000385,-0.713,0.01,0.016,1,"ITGB5"
"RPS6KB2",0.000386,-0.19,0.081,0.097,1,"RPS6KB2"
"CITED1",0.000386,-0.249,0.107,0.123,1,"CITED1"
"INHBB",0.000392,-0.314,0.056,0.069,1,"INHBB"
"TENM2",0.000393,-0.628,0.163,0.181,1,"TENM2"
"AK6",0.000394,-0.153,0.29,0.312,1,"AK6"
"TRADD",0.000395,-0.557,0.01,0.015,1,"TRADD"
"SPARCL1",0.000396,0.447,0.122,0.106,1,"SPARCL1"
"ATP1A2",0.000402,-0.776,0.051,0.062,1,"ATP1A2"
"COMMD5",0.000404,-0.159,0.177,0.197,1,"COMMD5"
"NTAN1",0.000406,-0.103,0.265,0.29,1,"NTAN1"
"HELLS",0.000413,-0.103,0.391,0.416,1,"HELLS"
"TST",0.00042,-0.24,0.067,0.08,1,"TST"
"ACSM6",0.000423,0.706,0.019,0.012,1,"ACSM6"
"RBM42",0.000423,-0.121,0.282,0.307,1,"RBM42"
"CHMP4B",0.000424,-0.147,0.261,0.284,1,"CHMP4B"
"MANBAL",0.000427,-0.159,0.195,0.216,1,"MANBAL"
"NOL11",0.000428,-0.104,0.395,0.423,1,"NOL11"
"CASP7",0.000428,-0.384,0.043,0.054,1,"CASP7"
"DAXX",0.000431,-0.136,0.245,0.267,1,"DAXX"
"ZNF33A",0.000434,0.146,0.58,0.568,1,"ZNF33A"
"IL17RC",0.000435,-0.544,0.01,0.016,1,"IL17RC"
"RPL26L1",0.000438,-0.102,0.51,0.538,1,"RPL26L1"
"PIK3CA",0.000444,0.104,0.623,0.612,1,"PIK3CA"
"CNTN4",0.000445,0.267,0.127,0.11,1,"CNTN4"
"DPCD",0.000448,-0.119,0.142,0.162,1,"DPCD"
"OPHN1",0.000448,-0.113,0.641,0.667,1,"OPHN1"
"MXRA7",0.000451,-0.141,0.275,0.298,1,"MXRA7"
"RRAS",0.000452,-0.258,0.057,0.069,1,"RRAS"
"SRRM3",0.000455,0.182,0.355,0.336,1,"SRRM3"
"SPAG7",0.000455,-0.123,0.453,0.477,1,"SPAG7"
"TIMM10B",0.000455,-0.19,0.115,0.133,1,"TIMM10B"
"POLR2G",0.000456,-0.103,0.519,0.545,1,"POLR2G"
"ZNF569",0.000457,0.118,0.389,0.365,1,"ZNF569"
"IDH3G",0.000462,-0.122,0.286,0.312,1,"IDH3G"
"IQGAP2",0.000464,-0.756,0.199,0.218,1,"IQGAP2"
"ARHGAP24",0.000465,0.59,0.061,0.05,1,"ARHGAP24"
"BRMS1",0.000469,-0.133,0.153,0.173,1,"BRMS1"
"PLP1",0.000469,-0.74,0.076,0.09,1,"PLP1"
"CXCL13",0.000472,-0.47,0.013,0.019,1,"CXCL13"
"NPEPL1",0.000474,0.248,0.125,0.109,1,"NPEPL1"
"ME3",0.000474,0.444,0.049,0.039,1,"ME3"
"MRPL3",0.000477,-0.104,0.5,0.524,1,"MRPL3"
"NUBP2",0.000481,-0.103,0.254,0.278,1,"NUBP2"
"SELENON",0.000482,-0.129,0.16,0.18,1,"SELENON"
"MYO10",0.000485,-0.259,0.365,0.385,1,"MYO10"
"PTGR2",0.000485,-0.119,0.104,0.121,1,"PTGR2"
"DNALI1",0.000499,-0.209,0.119,0.137,1,"DNALI1"
"CACNG2",0.0005,0.161,0.183,0.165,1,"CACNG2"
"KPTN",0.000501,-0.194,0.06,0.073,1,"KPTN"
"FEN1",0.000509,-0.227,0.216,0.235,1,"FEN1"
"HS6ST2",0.000515,-0.127,0.166,0.147,1,"HS6ST2"
"ACACB",0.000515,-0.155,0.17,0.19,1,"ACACB"
"TMEM272",0.000518,0.601,0.015,0.009,1,"TMEM272"
"OXA1L",0.000518,-0.173,0.18,0.199,1,"OXA1L"
"MTX1",0.000519,-0.146,0.139,0.158,1,"MTX1"
"H2AZ1",0.00052,-0.108,0.941,0.95,1,"H2AZ1"
"COL9A3",0.000521,-0.286,0.041,0.052,1,"COL9A3"
"GRIA1",0.000528,0.412,0.429,0.419,1,"GRIA1"
"COL4A6",0.000529,-0.625,0.06,0.072,1,"COL4A6"
"SLC66A1",0.000532,-0.198,0.043,0.054,1,"SLC66A1"
"POLE3",0.000533,-0.139,0.25,0.273,1,"POLE3"
"SCARA3",0.000537,-0.206,0.139,0.157,1,"SCARA3"
"DEF8",0.000538,-0.104,0.228,0.252,1,"DEF8"
"GGCT",0.000551,-0.118,0.261,0.284,1,"GGCT"
"VRK1",0.000554,-0.104,0.459,0.484,1,"VRK1"
"FHDC1",0.000554,-0.389,0.016,0.023,1,"FHDC1"
"COA5",0.000556,-0.102,0.298,0.322,1,"COA5"
"STK32A",0.000556,-0.409,0.063,0.076,1,"STK32A"
"SAMD9L",0.00056,-0.957,0.008,0.013,1,"SAMD9L"
"ATG101",0.00056,-0.105,0.195,0.217,1,"ATG101"
"ANKRD54",0.00056,-0.143,0.164,0.183,1,"ANKRD54"
"DUSP12",0.00056,-0.117,0.299,0.324,1,"DUSP12"
"GEMIN6",0.000563,-0.145,0.129,0.146,1,"GEMIN6"
"CAT",0.000563,-0.586,0.017,0.025,1,"CAT"
"NAGA",0.000565,-0.343,0.051,0.062,1,"NAGA"
"ENSG00000285708",0.000568,-0.371,0.024,0.032,1,"ENSG00000285708"
"MT-ND4L",0.000572,0.117,0.585,0.57,1,"MT-ND4L"
"COL19A1",0.000572,0.524,0.045,0.035,1,"COL19A1"
"SGK1",0.000573,0.738,0.08,0.068,1,"SGK1"
"NUDT12",0.000573,-0.167,0.114,0.131,1,"NUDT12"
"SCG5",0.000574,0.339,0.122,0.107,1,"SCG5"
"MAP3K1",0.000576,-0.247,0.344,0.366,1,"MAP3K1"
"CHP1",0.000576,-0.13,0.202,0.224,1,"CHP1"
"CRTC2",0.000577,-0.2,0.057,0.07,1,"CRTC2"
"C8orf82",0.000577,-0.142,0.188,0.209,1,"C8orf82"
"LLGL1",0.000579,-0.257,0.065,0.078,1,"LLGL1"
"PAK1IP1",0.000592,-0.14,0.246,0.27,1,"PAK1IP1"
"IQSEC3",0.000596,0.351,0.061,0.049,1,"IQSEC3"
"MAST1",0.000601,0.138,0.519,0.504,1,"MAST1"
"KLHDC10",0.000601,0.11,0.635,0.622,1,"KLHDC10"
"EML1",0.000602,0.258,0.222,0.205,1,"EML1"
"PLCD3",0.000602,-0.39,0.013,0.02,1,"PLCD3"
"ZFP28",0.000603,-0.164,0.103,0.119,1,"ZFP28"
"STAT3",0.000607,-0.193,0.532,0.544,1,"STAT3"
"ELAC1",0.00061,-0.13,0.113,0.129,1,"ELAC1"
"HLF",0.000611,0.751,0.022,0.015,1,"HLF"
"TNFRSF19",0.000611,-0.148,0.15,0.169,1,"TNFRSF19"
"RGS16",0.000611,-0.631,0.039,0.049,1,"RGS16"
"KARS1",0.000616,-0.163,0.329,0.354,1,"KARS1"
"EFEMP1",0.000618,0.624,0.01,0.006,1,"EFEMP1"
"C9orf40",0.000618,-0.14,0.162,0.182,1,"C9orf40"
"WDR54",0.000619,-0.163,0.203,0.223,1,"WDR54"
"CCDC59",0.000624,-0.116,0.422,0.449,1,"CCDC59"
"NOL4L",0.000627,0.176,0.318,0.301,1,"NOL4L"
"FKBP5",0.000627,-0.343,0.068,0.081,1,"FKBP5"
"LANCL2",0.000628,0.178,0.418,0.403,1,"LANCL2"
"PRAF2",0.000629,-0.133,0.15,0.17,1,"PRAF2"
"BAX",0.000632,-0.113,0.442,0.465,1,"BAX"
"ZFPL1",0.000634,-0.219,0.13,0.147,1,"ZFPL1"
"PSAT1",0.000636,-0.174,0.232,0.253,1,"PSAT1"
"MMP16",0.000644,0.114,0.849,0.85,1,"MMP16"
"METTL13",0.000645,-0.251,0.102,0.118,1,"METTL13"
"TRIM56",0.000647,-0.279,0.075,0.088,1,"TRIM56"
"RILPL2",0.000648,-0.221,0.04,0.051,1,"RILPL2"
"GMPPB",0.000657,-0.282,0.049,0.061,1,"GMPPB"
"ZNF69",0.000658,0.116,0.399,0.379,1,"ZNF69"
"XYLT1",0.000665,-0.174,0.442,0.465,1,"XYLT1"
"CPEB3",0.000666,0.103,0.425,0.406,1,"CPEB3"
"PCNA",0.000667,-0.186,0.417,0.438,1,"PCNA"
"SHKBP1",0.000669,-0.232,0.087,0.101,1,"SHKBP1"
"ORAI1",0.000674,-0.179,0.048,0.059,1,"ORAI1"
"AK7",0.000674,-0.514,0.007,0.012,1,"AK7"
"RARS1",0.000677,-0.103,0.385,0.412,1,"RARS1"
"WSCD1",0.000685,-0.315,0.149,0.166,1,"WSCD1"
"RBCK1",0.000688,-0.151,0.231,0.252,1,"RBCK1"
"LMO2",0.00069,-0.437,0.032,0.042,1,"LMO2"
"FBXO41",0.00069,0.338,0.07,0.058,1,"FBXO41"
"FBXL7",0.000699,0.106,0.67,0.659,1,"FBXL7"
"CDKN2C",0.000699,-0.206,0.318,0.337,1,"CDKN2C"
"MOSPD2",0.000705,-0.119,0.202,0.223,1,"MOSPD2"
"MCM7",0.000706,-0.116,0.359,0.384,1,"MCM7"
"NCOR2",0.00071,0.132,0.523,0.507,1,"NCOR2"
"SKIL",0.000712,-0.108,0.378,0.403,1,"SKIL"
"SLF1",0.000713,-0.157,0.408,0.431,1,"SLF1"
"MAP3K8",0.000717,-0.414,0.016,0.023,1,"MAP3K8"
"MT-TE",0.000721,-0.582,0.011,0.017,1,"MT-TE"
"CCDC181",0.000723,-0.176,0.115,0.132,1,"CCDC181"
"PPIL1",0.00073,-0.102,0.199,0.221,1,"PPIL1"
"HRK",0.00073,0.551,0.037,0.029,1,"HRK"
"CD47",0.000732,-0.11,0.385,0.41,1,"CD47"
"YIF1A",0.000748,-0.122,0.268,0.291,1,"YIF1A"
"SP2",0.00075,-0.111,0.191,0.211,1,"SP2"
"EMP3",0.00075,-0.397,0.115,0.13,1,"EMP3"
"TMEM237",0.00075,-0.118,0.337,0.359,1,"TMEM237"
"MRPL46",0.000751,-0.249,0.045,0.056,1,"MRPL46"
"CLP1",0.000753,-0.123,0.164,0.183,1,"CLP1"
"SSX2IP",0.000761,-0.136,0.177,0.196,1,"SSX2IP"
"SDHAF2",0.000771,-0.103,0.175,0.195,1,"SDHAF2"
"BTBD6",0.000772,-0.114,0.15,0.169,1,"BTBD6"
"LMO3",0.000776,-0.119,0.497,0.516,1,"LMO3"
"ARRDC4",0.000782,0.184,0.391,0.371,1,"ARRDC4"
"SIPA1L2",0.000785,0.124,0.587,0.57,1,"SIPA1L2"
"ADRA2A",0.000794,-0.971,0.011,0.017,1,"ADRA2A"
"BCKDK",0.000798,-0.146,0.106,0.122,1,"BCKDK"
"HLCS",0.000799,-0.151,0.28,0.301,1,"HLCS"
"NEXMIF",0.000804,0.117,0.523,0.505,1,"NEXMIF"
"DPP7",0.000807,-0.242,0.084,0.098,1,"DPP7"
"TAP1",0.000808,-0.152,0.059,0.072,1,"TAP1"
"APH1B",0.000813,-0.181,0.208,0.227,1,"APH1B"
"BCDIN3D",0.000815,-0.159,0.121,0.138,1,"BCDIN3D"
"POLR2M",0.000815,-0.128,0.174,0.194,1,"POLR2M"
"MAPK12",0.000821,-0.105,0.068,0.082,1,"MAPK12"
"MVK",0.000822,-0.183,0.075,0.088,1,"MVK"
"PURA",0.000823,-0.107,0.279,0.302,1,"PURA"
"NEU1",0.000823,-0.216,0.088,0.102,1,"NEU1"
"SPA17",0.000824,-0.235,0.122,0.139,1,"SPA17"
"MRPL17",0.000825,-0.109,0.216,0.237,1,"MRPL17"
"COX11",0.000833,-0.102,0.325,0.351,1,"COX11"
"NUP85",0.000837,-0.143,0.277,0.299,1,"NUP85"
"FGFR1",0.00084,-0.161,0.331,0.353,1,"FGFR1"
"G6PD",0.000844,-0.15,0.119,0.136,1,"G6PD"
"GOLGA8A",0.000847,0.15,0.325,0.305,1,"GOLGA8A"
"FARP1",0.000847,-0.162,0.856,0.857,1,"FARP1"
"CERK",0.00086,0.134,0.482,0.468,1,"CERK"
"CACHD1",0.000866,0.111,0.164,0.147,1,"CACHD1"
"ENSG00000214265",0.000873,0.108,0.689,0.681,1,"ENSG00000214265"
"CTNNAL1",0.000881,-0.119,0.357,0.38,1,"CTNNAL1"
"MDGA2",0.000883,0.485,0.056,0.045,1,"MDGA2"
"CNTN1",0.000889,0.37,0.018,0.012,1,"CNTN1"
"NICN1",0.000894,-0.589,0.005,0.01,1,"NICN1"
"FRMD3",0.000894,-0.288,0.154,0.171,1,"FRMD3"
"TRIM47",0.000896,-0.587,0.021,0.029,1,"TRIM47"
"RBM12",0.000907,-0.106,0.32,0.346,1,"RBM12"
"KCTD11",0.000911,-0.527,0.011,0.016,1,"KCTD11"
"IQCH",0.000918,0.749,0.072,0.06,1,"IQCH"
"DOCK5",0.000918,1.181,0.024,0.017,1,"DOCK5"
"TMEM134",0.000921,-0.162,0.169,0.187,1,"TMEM134"
"STXBP6",0.000923,0.617,0.043,0.034,1,"STXBP6"
"CTNNA3",0.000926,0.161,0.199,0.181,1,"CTNNA3"
"DPYSL4",0.000932,-0.114,0.287,0.311,1,"DPYSL4"
"FAM3A",0.000936,-0.149,0.101,0.116,1,"FAM3A"
"TRAPPC12",0.000937,-0.119,0.378,0.403,1,"TRAPPC12"
"RARB",0.000942,-1.011,0.049,0.06,1,"RARB"
"ENSG00000278817",0.000948,-0.387,0.018,0.026,1,"ENSG00000278817"
"ZNF185",0.000953,-0.746,0.008,0.012,1,"ZNF185"
"SEZ6L2",0.000954,0.155,0.303,0.285,1,"SEZ6L2"
"CYP7B1",0.000957,-0.304,0.049,0.06,1,"CYP7B1"
"CAST",0.00096,-0.214,0.146,0.163,1,"CAST"
"MANF",0.000961,-0.109,0.408,0.431,1,"MANF"
"C11orf24",0.000973,-0.158,0.097,0.112,1,"C11orf24"
"PRR13",0.000975,-0.138,0.182,0.202,1,"PRR13"
"MSRB1",0.000976,-0.149,0.08,0.093,1,"MSRB1"
"UBAC1",0.000978,-0.119,0.304,0.328,1,"UBAC1"
"SERPINB8",0.000978,-0.252,0.019,0.026,1,"SERPINB8"
"PIEZO1",0.000979,-0.52,0.019,0.026,1,"PIEZO1"
"OMG",0.00098,0.132,0.29,0.271,1,"OMG"
"LURAP1L",0.000983,0.236,0.022,0.015,1,"LURAP1L"
"NIT1",0.000985,-0.113,0.166,0.185,1,"NIT1"
"HCN2",0.000988,0.583,0.033,0.025,1,"HCN2"
"AHCYL2",0.00099,-0.102,0.582,0.604,1,"AHCYL2"
"SLC16A14",0.000991,0.185,0.139,0.123,1,"SLC16A14"
"PBX2",0.000994,-0.153,0.097,0.112,1,"PBX2"
"PAG1",0.000997,-0.158,0.442,0.46,1,"PAG1"
"IRX5",0.000998,0.497,0.033,0.025,1,"IRX5"
"JMJD8",0.000999,-0.148,0.068,0.081,1,"JMJD8"
"PIM1",0.001,-0.185,0.164,0.181,1,"PIM1"
"MYL12A",0.001,-0.172,0.224,0.243,1,"MYL12A"
"CCDC51",0.001,-0.136,0.086,0.101,1,"CCDC51"
"MED12L",0.00101,-0.204,0.349,0.368,1,"MED12L"
"NUDT16",0.00101,-0.176,0.072,0.086,1,"NUDT16"
"ORAI3",0.00101,-0.308,0.029,0.038,1,"ORAI3"
"GPBP1L1",0.00102,0.113,0.543,0.528,1,"GPBP1L1"
"QSOX1",0.00102,-0.18,0.106,0.122,1,"QSOX1"
"SERPINH1",0.00102,-0.348,0.071,0.083,1,"SERPINH1"
"ACMSD",0.00104,0.256,0.092,0.079,1,"ACMSD"
"AGBL1",0.00105,-0.618,0.018,0.025,1,"AGBL1"
"NCALD",0.00105,-0.264,0.061,0.072,1,"NCALD"
"DTYMK",0.00105,-0.125,0.423,0.445,1,"DTYMK"
"PRXL2C",0.00107,-0.333,0.066,0.078,1,"PRXL2C"
"NXF1",0.00107,-0.1,0.146,0.164,1,"NXF1"
"ADAMTS16",0.00108,-0.626,0.023,0.031,1,"ADAMTS16"
"FASTKD3",0.00109,-0.308,0.06,0.072,1,"FASTKD3"
"METTL1",0.00109,-0.337,0.021,0.029,1,"METTL1"
"SORT1",0.0011,-0.133,0.581,0.598,1,"SORT1"
"NOG",0.00111,-0.517,0.011,0.016,1,"NOG"
"PRXL2A",0.00112,0.121,0.383,0.362,1,"PRXL2A"
"SPRED1",0.00112,-0.15,0.469,0.489,1,"SPRED1"
"FARSA",0.00112,-0.131,0.175,0.194,1,"FARSA"
"B3GALT2",0.00112,0.363,0.059,0.048,1,"B3GALT2"
"CDKN2AIPNL",0.00113,-0.134,0.22,0.24,1,"CDKN2AIPNL"
"LMCD1",0.00113,-0.77,0.017,0.024,1,"LMCD1"
"MT-TN",0.00114,-0.646,0.005,0.01,1,"MT-TN"
"BPNT2",0.00115,-0.121,0.364,0.386,1,"BPNT2"
"NTN4",0.00116,-0.243,0.233,0.252,1,"NTN4"
"ZFHX3",0.00117,-0.413,0.601,0.62,1,"ZFHX3"
"ACAA2",0.00117,-0.117,0.274,0.294,1,"ACAA2"
"RBPMS",0.00118,-0.257,0.106,0.122,1,"RBPMS"
"RALGPS2",0.00118,0.118,0.475,0.459,1,"RALGPS2"
"LIMD1",0.00119,-0.183,0.334,0.355,1,"LIMD1"
"FAM241B",0.0012,0.173,0.192,0.175,1,"FAM241B"
"BMPER",0.0012,-0.388,0.035,0.044,1,"BMPER"
"SLIT3",0.0012,-0.529,0.022,0.029,1,"SLIT3"
"ACTN2",0.00121,-0.151,0.159,0.177,1,"ACTN2"
"CD226",0.00121,0.265,0.023,0.016,1,"CD226"
"RASL10B",0.00122,-0.475,0.018,0.025,1,"RASL10B"
"AIDA",0.00123,-0.112,0.388,0.41,1,"AIDA"
"FBXW4",0.00126,-0.576,0.015,0.022,1,"FBXW4"
"EOGT",0.00127,-0.635,0.016,0.022,1,"EOGT"
"TRUB1",0.00131,-0.15,0.209,0.229,1,"TRUB1"
"RAPGEF4",0.00131,0.295,0.088,0.076,1,"RAPGEF4"
"CRCP",0.00131,0.109,0.597,0.589,1,"CRCP"
"UBXN11",0.00132,-0.319,0.047,0.058,1,"UBXN11"
"SLC25A35",0.00132,-0.546,0.015,0.021,1,"SLC25A35"
"DNM3",0.00132,0.108,0.503,0.488,1,"DNM3"
"DMAC2",0.00133,-0.117,0.211,0.231,1,"DMAC2"
"OSER1",0.00135,-0.106,0.293,0.316,1,"OSER1"
"SAPCD1",0.00135,-0.58,0.022,0.03,1,"SAPCD1"
"CAPN13",0.00137,0.524,0.014,0.009,1,"CAPN13"
"ATL1",0.00137,0.106,0.654,0.639,1,"ATL1"
"RASGRF2",0.00137,-0.39,0.085,0.099,1,"RASGRF2"
"STS",0.00138,-0.212,0.185,0.204,1,"STS"
"UMPS",0.00138,-0.122,0.256,0.275,1,"UMPS"
"SMS",0.00139,-0.135,0.637,0.647,1,"SMS"
"ARHGEF9",0.00139,0.105,0.643,0.633,1,"ARHGEF9"
"SLC37A1",0.0014,0.213,0.166,0.15,1,"SLC37A1"
"LRRC55",0.0014,0.446,0.034,0.026,1,"LRRC55"
"MAK16",0.0014,-0.142,0.111,0.127,1,"MAK16"
"EEPD1",0.00141,-0.576,0.194,0.211,1,"EEPD1"
"XAB2",0.00142,-0.129,0.111,0.127,1,"XAB2"
"PRMT5",0.00144,-0.124,0.209,0.229,1,"PRMT5"
"TAF9B",0.00145,-0.115,0.141,0.158,1,"TAF9B"
"BSDC1",0.00145,0.113,0.455,0.442,1,"BSDC1"
"YIPF7",0.00145,0.147,0.053,0.043,1,"YIPF7"
"ULK2",0.00146,0.127,0.487,0.472,1,"ULK2"
"TEAD2",0.00147,-0.108,0.298,0.32,1,"TEAD2"
"ZNF622",0.00147,-0.111,0.175,0.194,1,"ZNF622"
"PPARA",0.00147,-0.188,0.1,0.114,1,"PPARA"
"DDX27",0.00148,-0.124,0.269,0.29,1,"DDX27"
"IL6ST",0.00148,-0.133,0.236,0.256,1,"IL6ST"
"DUS4L",0.00149,-0.119,0.095,0.109,1,"DUS4L"
"DLG3",0.00149,0.146,0.279,0.259,1,"DLG3"
"SH2B1",0.00151,-0.101,0.193,0.212,1,"SH2B1"
"SERPINE2",0.00151,0.314,0.131,0.117,1,"SERPINE2"
"RAB3GAP2",0.00151,-0.118,0.596,0.616,1,"RAB3GAP2"
"H2AC13",0.00152,-0.263,0.067,0.078,1,"H2AC13"
"ROBO3",0.00152,-0.43,0.017,0.023,1,"ROBO3"
"RNF217",0.00152,0.136,0.205,0.187,1,"RNF217"
"FAM72C",0.00152,0.286,0.051,0.041,1,"FAM72C"
"PLPPR5",0.00152,0.261,0.097,0.084,1,"PLPPR5"
"HES4",0.00153,-0.132,0.343,0.365,1,"HES4"
"ATIC",0.00155,-0.115,0.193,0.213,1,"ATIC"
"OSGEPL1",0.00155,-0.129,0.165,0.183,1,"OSGEPL1"
"SYDE1",0.00155,-0.36,0.026,0.034,1,"SYDE1"
"IKBKG",0.00155,-0.159,0.091,0.105,1,"IKBKG"
"WDR18",0.00156,-0.109,0.228,0.249,1,"WDR18"
"KCTD1",0.00156,-0.141,0.285,0.306,1,"KCTD1"
"NGEF",0.00156,-0.547,0.006,0.011,1,"NGEF"
"PRKCZ",0.00156,0.257,0.158,0.143,1,"PRKCZ"
"CKLF",0.00157,-0.121,0.255,0.277,1,"CKLF"
"GDAP1",0.00158,0.105,0.767,0.761,1,"GDAP1"
"H2AC11",0.00158,-0.308,0.19,0.205,1,"H2AC11"
"LMAN2L",0.00159,-0.155,0.142,0.159,1,"LMAN2L"
"UBB",0.00159,-0.119,0.662,0.671,1,"UBB"
"GM2A",0.00159,-0.409,0.021,0.028,1,"GM2A"
"PUS7L",0.0016,0.802,0.01,0.006,1,"PUS7L"
"NES",0.0016,-0.195,0.421,0.444,1,"NES"
"SNX17",0.00161,-0.118,0.251,0.271,1,"SNX17"
"PTGR1",0.00163,-0.399,0.024,0.031,1,"PTGR1"
"RPP40",0.00163,-0.147,0.056,0.067,1,"RPP40"
"RTL8B",0.00164,-0.205,0.101,0.116,1,"RTL8B"
"TRIM22",0.00165,-0.549,0.027,0.035,1,"TRIM22"
"CGRRF1",0.00166,-0.144,0.198,0.216,1,"CGRRF1"
"COMMD4",0.00166,-0.109,0.257,0.279,1,"COMMD4"
"NAP1L2",0.00167,0.416,0.033,0.025,1,"NAP1L2"
"ZYX",0.00167,-0.157,0.122,0.138,1,"ZYX"
"GAS2L1",0.00168,-0.181,0.053,0.064,1,"GAS2L1"
"RGL3",0.0017,-0.804,0.008,0.012,1,"RGL3"
"PPP1R35",0.0017,-0.138,0.293,0.313,1,"PPP1R35"
"RPRM",0.00171,0.657,0.029,0.022,1,"RPRM"
"PIGQ",0.00171,-0.223,0.065,0.077,1,"PIGQ"
"ALDH6A1",0.00175,-0.112,0.192,0.211,1,"ALDH6A1"
"SFRP2",0.00175,-0.201,0.056,0.067,1,"SFRP2"
"IMPA1",0.00175,-0.143,0.125,0.141,1,"IMPA1"
"EHBP1L1",0.00177,0.376,0.067,0.057,1,"EHBP1L1"
"CARMIL1",0.00177,-0.147,0.44,0.456,1,"CARMIL1"
"MAPKAPK3",0.00178,-0.305,0.017,0.024,1,"MAPKAPK3"
"OCIAD2",0.00178,0.443,0.041,0.033,1,"OCIAD2"
"CA11",0.0018,-0.216,0.055,0.066,1,"CA11"
"FAM228B",0.00181,0.176,0.429,0.414,1,"FAM228B"
"BSN",0.00182,0.184,0.279,0.264,1,"BSN"
"ARF6",0.00182,-0.103,0.414,0.438,1,"ARF6"
"PRMT6",0.00182,-0.189,0.084,0.098,1,"PRMT6"
"NFASC",0.00182,0.24,0.168,0.153,1,"NFASC"
"KIAA2012",0.00183,-0.239,0.031,0.039,1,"KIAA2012"
"CACNA1A",0.00185,0.408,0.079,0.068,1,"CACNA1A"
"IFI44L",0.00185,-0.279,0.045,0.054,1,"IFI44L"
"DPY19L1",0.00186,-0.154,0.223,0.242,1,"DPY19L1"
"B3GLCT",0.00187,-0.13,0.188,0.207,1,"B3GLCT"
"ALKBH1",0.00187,-0.12,0.217,0.237,1,"ALKBH1"
"PTBP1",0.00187,-0.123,0.322,0.344,1,"PTBP1"
"ZNF19",0.00187,-0.102,0.074,0.087,1,"ZNF19"
"SPTBN4",0.00189,0.3,0.104,0.091,1,"SPTBN4"
"ST8SIA2",0.0019,0.105,0.593,0.575,1,"ST8SIA2"
"C1orf56",0.0019,-0.146,0.115,0.131,1,"C1orf56"
"GABRR2",0.00191,-0.311,0.014,0.02,1,"GABRR2"
"STAC3",0.00192,0.429,0.068,0.058,1,"STAC3"
"AP2A2",0.00192,0.163,0.421,0.405,1,"AP2A2"
"MAP2K6",0.00194,0.182,0.324,0.304,1,"MAP2K6"
"PCDH7",0.00195,0.683,0.136,0.123,1,"PCDH7"
"DNAL4",0.00196,-0.169,0.135,0.152,1,"DNAL4"
"VWA3A",0.00196,-0.478,0.01,0.015,1,"VWA3A"
"EPB41",0.00196,0.112,0.55,0.535,1,"EPB41"
"OAF",0.00197,-0.654,0.008,0.012,1,"OAF"
"NRXN2",0.00198,0.129,0.464,0.449,1,"NRXN2"
"RTEL1",0.00198,0.323,0.061,0.051,1,"RTEL1"
"MDGA1",0.00198,0.565,0.068,0.058,1,"MDGA1"
"NID1",0.00198,-0.376,0.046,0.056,1,"NID1"
"PFKP",0.00201,-0.147,0.197,0.216,1,"PFKP"
"ALG3",0.00201,-0.273,0.047,0.057,1,"ALG3"
"YIPF1",0.00202,-0.186,0.108,0.123,1,"YIPF1"
"HACD1",0.00204,-0.176,0.034,0.043,1,"HACD1"
"LAMA3",0.00204,-0.589,0.031,0.039,1,"LAMA3"
"ENSG00000285458",0.00204,0.838,0.012,0.008,1,"ENSG00000285458"
"RHBDL3",0.00207,-0.111,0.152,0.17,1,"RHBDL3"
"HMGN5",0.00207,0.159,0.201,0.184,1,"HMGN5"
"H1-2",0.00207,-0.166,0.461,0.486,1,"H1-2"
"JOSD2",0.00209,-0.144,0.112,0.127,1,"JOSD2"
"PPM1D",0.0021,-0.122,0.58,0.598,1,"PPM1D"
"NETO1",0.0021,0.394,0.013,0.009,1,"NETO1"
"USP53",0.0021,-0.216,0.074,0.087,1,"USP53"
"PTP4A3",0.00211,-0.133,0.055,0.066,1,"PTP4A3"
"UFL1",0.00213,-0.118,0.345,0.368,1,"UFL1"
"ZNF880",0.00215,0.186,0.082,0.07,1,"ZNF880"
"MMP24",0.00216,0.246,0.222,0.207,1,"MMP24"
"PLIN3",0.00218,-0.107,0.148,0.165,1,"PLIN3"
"FLII",0.00219,-0.199,0.127,0.142,1,"FLII"
"A1BG",0.0022,-0.126,0.196,0.215,1,"A1BG"
"LINC00672",0.00222,-0.107,0.049,0.06,1,"LINC00672"
"CTSA",0.00222,-0.256,0.051,0.062,1,"CTSA"
"CHCHD7",0.00222,-0.184,0.111,0.125,1,"CHCHD7"
"SREBF1",0.00223,-0.15,0.125,0.14,1,"SREBF1"
"NR3C2",0.00223,-0.602,0.031,0.024,1,"NR3C2"
"CHRAC1",0.00224,-0.154,0.199,0.217,1,"CHRAC1"
"CENPS",0.00226,-0.264,0.072,0.083,1,"CENPS"
"TAPBP",0.00226,-0.114,0.103,0.118,1,"TAPBP"
"TBCE.1",0.00226,-0.149,0.085,0.098,1,"TBCE.1"
"ZIC2",0.00227,1.022,0.01,0.006,1,"ZIC2"
"WDR46",0.00227,-0.108,0.128,0.144,1,"WDR46"
"KLRG1",0.00229,0.254,0.162,0.147,1,"KLRG1"
"RRP9",0.0023,-0.152,0.06,0.071,1,"RRP9"
"NOTCH3",0.0023,-0.202,0.083,0.096,1,"NOTCH3"
"GNAL",0.0023,0.176,0.19,0.175,1,"GNAL"
"PSMC3IP",0.00231,-0.106,0.176,0.193,1,"PSMC3IP"
"KHDC1",0.00231,0.266,0.181,0.165,1,"KHDC1"
"TIMM23B",0.00231,-0.157,0.085,0.098,1,"TIMM23B"
"SLC35E2B",0.00232,0.122,0.501,0.491,1,"SLC35E2B"
"GOLGA7B",0.00232,0.475,0.021,0.015,1,"GOLGA7B"
"GALNT14",0.00233,0.225,0.366,0.353,1,"GALNT14"
"GPR85",0.00234,0.534,0.021,0.015,1,"GPR85"
"RGS17",0.00235,0.238,0.38,0.366,1,"RGS17"
"MT-TT",0.00235,-0.209,0.048,0.058,1,"MT-TT"
"PCDHB4",0.00235,-0.177,0.062,0.074,1,"PCDHB4"
"OBSL1",0.00237,-0.149,0.126,0.141,1,"OBSL1"
"PNMA8A",0.00237,0.244,0.126,0.113,1,"PNMA8A"
"RABGEF1",0.00237,0.104,0.661,0.651,1,"RABGEF1"
"PON2",0.00238,-0.398,0.204,0.218,1,"PON2"
"SDF2L1",0.00238,-0.138,0.141,0.157,1,"SDF2L1"
"TPMT",0.00238,-0.182,0.114,0.129,1,"TPMT"
"PIK3IP1",0.00238,0.333,0.073,0.062,1,"PIK3IP1"
"HS3ST4",0.00239,-1.986,0.008,0.013,1,"HS3ST4"
"DUSP8",0.00239,0.298,0.12,0.107,1,"DUSP8"
"USP38",0.0024,-0.119,0.263,0.283,1,"USP38"
"RFK",0.00241,-0.134,0.247,0.267,1,"RFK"
"GAMT",0.00241,-0.114,0.225,0.244,1,"GAMT"
"SNCAIP",0.00243,-0.232,0.629,0.643,1,"SNCAIP"
"ATP1A3",0.00243,0.158,0.328,0.311,1,"ATP1A3"
"DRAM1",0.00244,-0.363,0.026,0.034,1,"DRAM1"
"FAM214A",0.00246,0.154,0.576,0.565,1,"FAM214A"
"MRRF",0.00246,-0.136,0.147,0.163,1,"MRRF"
"COL9A2",0.00247,0.526,0.028,0.021,1,"COL9A2"
"CNTNAP2",0.00247,-1.14,0.122,0.136,1,"CNTNAP2"
"TBL1X",0.00248,0.112,0.659,0.645,1,"TBL1X"
"HEBP1",0.00249,-0.153,0.108,0.122,1,"HEBP1"
"CCNA1",0.0025,-0.56,0.031,0.04,1,"CCNA1"
"CDH7",0.00252,-0.832,0.01,0.015,1,"CDH7"
"DLGAP2",0.00254,-0.252,0.065,0.076,1,"DLGAP2"
"HEXA",0.00257,0.186,0.281,0.265,1,"HEXA"
"SLC8A2",0.00258,0.404,0.049,0.04,1,"SLC8A2"
"WASHC2A",0.00258,-0.113,0.207,0.226,1,"WASHC2A"
"HECTD2",0.00259,0.124,0.556,0.545,1,"HECTD2"
"MAML1",0.00261,-0.119,0.412,0.435,1,"MAML1"
"CCPG1",0.00263,0.179,0.43,0.415,1,"CCPG1"
"SLC12A6",0.00263,0.156,0.396,0.379,1,"SLC12A6"
"ZBED6",0.00265,0.412,0.022,0.016,1,"ZBED6"
"ZNF367",0.00266,-0.202,0.255,0.272,1,"ZNF367"
"CACNA1C",0.00266,0.154,0.249,0.232,1,"CACNA1C"
"ACD",0.00267,-0.141,0.148,0.164,1,"ACD"
"MCUR1",0.00268,-0.115,0.262,0.282,1,"MCUR1"
"MFSD5",0.00269,-0.247,0.042,0.052,1,"MFSD5"
"COBLL1",0.00269,0.184,0.167,0.151,1,"COBLL1"
"TMEM115",0.00272,-0.118,0.101,0.115,1,"TMEM115"
"FBLN1",0.00272,-0.104,0.424,0.444,1,"FBLN1"
"PMPCA",0.00272,-0.116,0.19,0.208,1,"PMPCA"
"CSTF2T",0.00272,-0.115,0.218,0.237,1,"CSTF2T"
"CTU2",0.00273,-0.184,0.079,0.091,1,"CTU2"
"GHR",0.00273,0.427,0.024,0.018,1,"GHR"
"SAMD15",0.00274,-0.24,0.017,0.024,1,"SAMD15"
"TLN1",0.00274,-0.104,0.476,0.496,1,"TLN1"
"MECR",0.00275,-0.16,0.119,0.134,1,"MECR"
"DLK1",0.00276,0.632,0.024,0.018,1,"DLK1"
"BFAR",0.00276,-0.124,0.271,0.29,1,"BFAR"
"CENPU",0.00279,-0.143,0.339,0.357,1,"CENPU"
"SLC44A3",0.00281,-0.216,0.023,0.03,1,"SLC44A3"
"STON2",0.00282,-0.251,0.192,0.208,1,"STON2"
"FBXW9",0.00284,-0.205,0.052,0.063,1,"FBXW9"
"GINS2",0.00284,-0.19,0.299,0.317,1,"GINS2"
"PIH1D1",0.00284,-0.124,0.328,0.35,1,"PIH1D1"
"RFX1",0.00285,0.218,0.212,0.197,1,"RFX1"
"CSNK1E",0.00286,0.101,0.747,0.744,1,"CSNK1E"
"PIGT",0.00286,-0.152,0.145,0.161,1,"PIGT"
"JHY",0.00286,-0.254,0.037,0.046,1,"JHY"
"RNF123",0.00287,-0.166,0.076,0.088,1,"RNF123"
"SAMHD1",0.00288,-0.102,0.142,0.158,1,"SAMHD1"
"H2BC12",0.0029,-0.328,0.045,0.054,1,"H2BC12"
"USP20",0.0029,0.206,0.16,0.145,1,"USP20"
"FAM204A",0.00291,-0.105,0.569,0.59,1,"FAM204A"
"PRKCQ",0.00292,0.374,0.033,0.026,1,"PRKCQ"
"DPM2",0.00293,-0.109,0.162,0.179,1,"DPM2"
"KANTR",0.00294,0.107,0.527,0.511,1,"KANTR"
"SLC10A3",0.00294,-0.305,0.019,0.025,1,"SLC10A3"
"IER5L",0.003,-0.212,0.095,0.108,1,"IER5L"
"EFCAB2",0.00303,0.129,0.54,0.526,1,"EFCAB2"
"ATP1A1",0.00304,-0.1,0.245,0.265,1,"ATP1A1"
"SLC16A7",0.00304,0.235,0.12,0.107,1,"SLC16A7"
"GPC1",0.00305,-0.155,0.242,0.261,1,"GPC1"
"CASC3",0.00305,0.108,0.533,0.522,1,"CASC3"
"NDRG2",0.00306,-0.195,0.18,0.198,1,"NDRG2"
"GRK3",0.00306,0.165,0.49,0.473,1,"GRK3"
"SYCP2L",0.00307,0.145,0.192,0.175,1,"SYCP2L"
"CFLAR",0.00307,-0.405,0.033,0.041,1,"CFLAR"
"VCL",0.00308,-0.198,0.423,0.44,1,"VCL"
"ABCB5",0.00308,0.458,0.048,0.04,1,"ABCB5"
"B3GNTL1",0.00308,-0.307,0.046,0.055,1,"B3GNTL1"
"MRPL49",0.00308,-0.117,0.129,0.145,1,"MRPL49"
"EFCAB11",0.00313,-0.117,0.189,0.207,1,"EFCAB11"
"CEND1",0.00314,-0.155,0.069,0.08,1,"CEND1"
"WDR17",0.00314,0.121,0.469,0.455,1,"WDR17"
"MOCS1",0.00316,-0.566,0.013,0.019,1,"MOCS1"
"FAM181A",0.00316,-0.339,0.045,0.054,1,"FAM181A"
"TMEM109",0.00317,-0.204,0.057,0.068,1,"TMEM109"
"MCM2",0.00317,-0.282,0.149,0.164,1,"MCM2"
"NLRC5",0.00317,-0.387,0.023,0.03,1,"NLRC5"
"FAAH2",0.00319,0.187,0.135,0.12,1,"FAAH2"
"LUZP2",0.00321,-0.314,0.028,0.021,1,"LUZP2"
"UGDH",0.00322,-0.116,0.275,0.294,1,"UGDH"
"CCNJL",0.00322,-0.131,0.149,0.165,1,"CCNJL"
"MCAT",0.00323,-0.104,0.102,0.116,1,"MCAT"
"HMGCL",0.00323,-0.196,0.104,0.118,1,"HMGCL"
"PBX3",0.00324,0.475,0.593,0.585,1,"PBX3"
"FAHD2B",0.00326,-0.238,0.053,0.063,1,"FAHD2B"
"RNF141",0.00327,-0.101,0.205,0.223,1,"RNF141"
"FDXR",0.00329,-0.3,0.049,0.059,1,"FDXR"
"CCDC146",0.00329,0.121,0.26,0.243,1,"CCDC146"
"CPNE5",0.0033,-0.47,0.036,0.044,1,"CPNE5"
"PLCE1",0.0033,-0.143,0.302,0.322,1,"PLCE1"
"ZFHX2",0.00332,0.166,0.438,0.423,1,"ZFHX2"
"TGFBR3L",0.00334,0.66,0.018,0.013,1,"TGFBR3L"
"CDH8",0.00336,-0.109,0.145,0.16,1,"CDH8"
"FGFRL1",0.00336,-0.355,0.05,0.059,1,"FGFRL1"
"CYTH1",0.00339,0.103,0.551,0.542,1,"CYTH1"
"FGF9",0.00342,0.131,0.255,0.238,1,"FGF9"
"GAP43",0.00343,-0.217,0.692,0.713,1,"GAP43"
"CNNM1",0.00345,0.749,0.022,0.017,1,"CNNM1"
"HDAC1",0.00351,-0.111,0.262,0.282,1,"HDAC1"
"RTN4RL2",0.00351,-0.538,0.008,0.012,1,"RTN4RL2"
"SIAE",0.00353,-0.228,0.046,0.056,1,"SIAE"
"ADCYAP1R1",0.00354,-0.409,0.027,0.035,1,"ADCYAP1R1"
"CDIPT",0.00357,-0.134,0.165,0.182,1,"CDIPT"
"AP5B1",0.00358,0.408,0.041,0.033,1,"AP5B1"
"ATP10A",0.00358,0.27,0.091,0.079,1,"ATP10A"
"SGCD",0.00359,-0.367,0.021,0.027,1,"SGCD"
"NRARP",0.00362,-0.141,0.177,0.194,1,"NRARP"
"PREX2",0.00363,-0.49,0.029,0.037,1,"PREX2"
"LOXL1",0.00364,-0.16,0.075,0.087,1,"LOXL1"
"GPD2",0.00364,0.216,0.137,0.123,1,"GPD2"
"FIGNL2",0.00364,-0.46,0.009,0.014,1,"FIGNL2"
"CORO2B",0.00369,-0.121,0.751,0.769,1,"CORO2B"
"THOC6",0.0037,-0.122,0.186,0.203,1,"THOC6"
"NYAP1",0.00372,-0.173,0.124,0.138,1,"NYAP1"
"SLC35A4",0.00376,-0.175,0.063,0.074,1,"SLC35A4"
"RBM38",0.00376,-0.135,0.12,0.134,1,"RBM38"
"ENPP1",0.00376,0.276,0.041,0.033,1,"ENPP1"
"MIPOL1",0.00378,0.168,0.384,0.369,1,"MIPOL1"
"NPHP1",0.00378,-0.135,0.079,0.091,1,"NPHP1"
"H2BC6",0.00378,0.587,0.073,0.063,1,"H2BC6"
"BUB3",0.00381,0.136,0.522,0.513,1,"BUB3"
"PBXIP1",0.00382,-0.208,0.074,0.085,1,"PBXIP1"
"ZNF501",0.00388,0.407,0.041,0.033,1,"ZNF501"
"PHLDB2",0.00388,0.215,0.062,0.052,1,"PHLDB2"
"ATG4C",0.00388,-0.113,0.308,0.327,1,"ATG4C"
"SS18L1",0.00395,0.116,0.393,0.378,1,"SS18L1"
"HSPA14",0.00397,-0.118,0.223,0.242,1,"HSPA14"
"CHST7",0.00398,-0.256,0.043,0.052,1,"CHST7"
"KLHL5",0.00398,0.151,0.428,0.417,1,"KLHL5"
"MFGE8",0.00398,-0.139,0.161,0.177,1,"MFGE8"
"ATAD2",0.00401,-0.161,0.407,0.425,1,"ATAD2"
"TWF1",0.00403,-0.104,0.263,0.282,1,"TWF1"
"PTCHD4",0.00403,-0.327,0.085,0.097,1,"PTCHD4"
"CHST3",0.00407,-0.139,0.125,0.14,1,"CHST3"
"MAF",0.00407,-0.382,0.204,0.219,1,"MAF"
"GAR1",0.0041,-0.11,0.272,0.29,1,"GAR1"
"ALG10B",0.0041,-0.162,0.095,0.108,1,"ALG10B"
"DSEL",0.00411,0.202,0.254,0.239,1,"DSEL"
"DUSP16",0.00413,0.152,0.273,0.256,1,"DUSP16"
"SLC1A3",0.00414,-1.114,0.168,0.179,1,"SLC1A3"
"PCDH9",0.00414,0.339,0.505,0.497,1,"PCDH9"
"CASTOR1",0.00416,-0.55,0.012,0.017,1,"CASTOR1"
"TKFC",0.00416,-0.309,0.031,0.038,1,"TKFC"
"ZNF551",0.00417,0.116,0.272,0.258,1,"ZNF551"
"N4BP2L1",0.0042,0.296,0.081,0.07,1,"N4BP2L1"
"CLSPN",0.00421,-0.143,0.268,0.286,1,"CLSPN"
"IMP3",0.00424,-0.103,0.284,0.304,1,"IMP3"
"H2BC8",0.00428,0.453,0.028,0.022,1,"H2BC8"
"UHRF1",0.00431,-0.237,0.196,0.212,1,"UHRF1"
"TRIM26",0.00432,-0.102,0.255,0.274,1,"TRIM26"
"GAS8",0.00432,0.507,0.048,0.039,1,"GAS8"
"PAQR6",0.00437,-0.221,0.031,0.038,1,"PAQR6"
"INO80B",0.00438,-0.125,0.069,0.081,1,"INO80B"
"AHCY",0.00439,-0.132,0.166,0.181,1,"AHCY"
"CEP41",0.0044,-0.113,0.23,0.248,1,"CEP41"
"AAR2",0.0044,-0.108,0.171,0.188,1,"AAR2"
"ZNF575",0.00441,-0.278,0.031,0.038,1,"ZNF575"
"ISYNA1",0.00441,-0.133,0.078,0.09,1,"ISYNA1"
"TCF7",0.00443,0.225,0.159,0.146,1,"TCF7"
"CYBC1",0.00444,-0.112,0.159,0.175,1,"CYBC1"
"MYO9B",0.00444,0.104,0.579,0.57,1,"MYO9B"
"DOHH",0.00447,-0.112,0.079,0.09,1,"DOHH"
"CRYZ",0.00447,-0.346,0.043,0.052,1,"CRYZ"
"SLC30A10",0.0045,0.453,0.03,0.023,1,"SLC30A10"
"PDRG1",0.00452,-0.114,0.174,0.191,1,"PDRG1"
"DDB2",0.00453,-0.111,0.186,0.202,1,"DDB2"
"ZFYVE19",0.00456,-0.217,0.053,0.063,1,"ZFYVE19"
"CBS",0.00456,-0.2,0.074,0.085,1,"CBS"
"STYX",0.00457,-0.113,0.168,0.185,1,"STYX"
"TSPOAP1",0.0046,0.279,0.101,0.089,1,"TSPOAP1"
"SLCO5A1",0.00461,-0.218,0.508,0.524,1,"SLCO5A1"
"STXBP3",0.00461,-0.104,0.311,0.332,1,"STXBP3"
"CYB5RL",0.00462,-0.148,0.059,0.069,1,"CYB5RL"
"PIERCE1",0.00471,-0.149,0.023,0.03,1,"PIERCE1"
"SERTAD4",0.00473,-0.496,0.027,0.035,1,"SERTAD4"
"C6orf118",0.00474,-0.234,0.036,0.044,1,"C6orf118"
"MT-TA",0.00475,-0.475,0.009,0.013,1,"MT-TA"
"KIRREL1",0.00479,-0.134,0.159,0.175,1,"KIRREL1"
"DIO3",0.00479,-0.244,0.008,0.012,1,"DIO3"
"PHACTR3",0.00482,0.111,0.316,0.297,1,"PHACTR3"
"CIB1",0.00483,-0.197,0.137,0.151,1,"CIB1"
"ATF3",0.00483,-0.308,0.024,0.03,1,"ATF3"
"ADAMTS9",0.00483,-0.251,0.03,0.037,1,"ADAMTS9"
"MYCBP",0.00484,-0.106,0.136,0.151,1,"MYCBP"
"MYRFL",0.00484,0.29,0.087,0.076,1,"MYRFL"
"MROH8",0.00485,-0.159,0.048,0.057,1,"MROH8"
"ARHGAP44",0.00488,0.339,0.076,0.066,1,"ARHGAP44"
"PLPPR4",0.0049,0.279,0.231,0.219,1,"PLPPR4"
"TMA16",0.00492,-0.127,0.22,0.237,1,"TMA16"
"UNC119B",0.00492,-0.111,0.106,0.12,1,"UNC119B"
"CHGB",0.00493,0.141,0.205,0.19,1,"CHGB"
"MTM1",0.00497,-0.107,0.226,0.245,1,"MTM1"
"VPS37B",0.00498,-0.129,0.209,0.226,1,"VPS37B"
"PILRA",0.00498,0.255,0.116,0.104,1,"PILRA"
"APEH",0.00503,-0.14,0.101,0.114,1,"APEH"
"UGGT2",0.00504,0.111,0.643,0.634,1,"UGGT2"
"ABITRAM",0.00507,-0.117,0.113,0.127,1,"ABITRAM"
"TSPAN13",0.00509,0.141,0.167,0.153,1,"TSPAN13"
"TLE6",0.00511,0.653,0.023,0.017,1,"TLE6"
"DOLPP1",0.00511,-0.106,0.09,0.103,1,"DOLPP1"
"SPATA24",0.00514,-0.37,0.027,0.034,1,"SPATA24"
"SYTL5",0.00514,-0.486,0.036,0.044,1,"SYTL5"
"RCAN3",0.00515,-0.273,0.027,0.035,1,"RCAN3"
"REEP6",0.00515,-0.379,0.007,0.011,1,"REEP6"
"PTCHD1",0.00517,-0.238,0.067,0.078,1,"PTCHD1"
"ARRDC3",0.00522,0.11,0.423,0.41,1,"ARRDC3"
"THTPA",0.00531,-0.191,0.125,0.138,1,"THTPA"
"ENSG00000279602",0.00531,-0.301,0.035,0.043,1,"ENSG00000279602"
"PIEZO2",0.00533,0.307,0.043,0.035,1,"PIEZO2"
"ABLIM2",0.00534,0.193,0.135,0.123,1,"ABLIM2"
"PLPPR3",0.00534,0.147,0.336,0.323,1,"PLPPR3"
"RNPEPL1",0.00538,-0.146,0.095,0.107,1,"RNPEPL1"
"ANKRD42",0.00542,-0.154,0.068,0.079,1,"ANKRD42"
"PEX11A",0.00543,-0.255,0.06,0.07,1,"PEX11A"
"LRATD1",0.00544,-0.349,0.038,0.047,1,"LRATD1"
"SP110",0.00548,-0.424,0.046,0.055,1,"SP110"
"PITPNM2",0.00549,0.235,0.094,0.082,1,"PITPNM2"
"VWA1",0.00551,-0.364,0.024,0.03,1,"VWA1"
"DNAH5",0.00552,-0.325,0.016,0.021,1,"DNAH5"
"SVIP",0.00554,0.196,0.091,0.08,1,"SVIP"
"RTKN",0.00556,-0.126,0.069,0.08,1,"RTKN"
"ACTL6B",0.00557,0.13,0.305,0.29,1,"ACTL6B"
"KCNB1",0.00558,0.249,0.108,0.096,1,"KCNB1"
"ENSG00000289694",0.0056,-0.271,0.077,0.088,1,"ENSG00000289694"
"RWDD2B",0.00563,-0.226,0.023,0.029,1,"RWDD2B"
"TENM1",0.00565,0.169,0.287,0.309,1,"TENM1"
"ANAPC5",0.00565,0.112,0.6,0.596,1,"ANAPC5"
"NRSN2",0.00567,-0.14,0.141,0.156,1,"NRSN2"
"ENSG00000280205",0.00569,-0.472,0.011,0.016,1,"ENSG00000280205"
"RIPPLY2",0.0057,0.395,0.024,0.018,1,"RIPPLY2"
"C8orf88",0.00572,-0.185,0.146,0.16,1,"C8orf88"
"EME2",0.00572,-0.179,0.028,0.035,1,"EME2"
"TBX19",0.00573,-0.382,0.023,0.029,1,"TBX19"
"SLA",0.00573,-0.338,0.009,0.014,1,"SLA"
"CELF6",0.00576,0.436,0.032,0.025,1,"CELF6"
"BRINP3",0.00576,0.433,0.257,0.246,1,"BRINP3"
"NELL2",0.00587,-0.107,0.188,0.204,1,"NELL2"
"DAO",0.00588,0.418,0.024,0.019,1,"DAO"
"NBPF10",0.0059,-0.179,0.101,0.114,1,"NBPF10"
"RGCC",0.00598,0.733,0.012,0.008,1,"RGCC"
"RCAN2",0.00598,-0.161,0.034,0.042,1,"RCAN2"
"NUDT8",0.00601,-0.218,0.038,0.047,1,"NUDT8"
"MGST1",0.00602,-0.202,0.269,0.285,1,"MGST1"
"SLC26A11",0.00604,-0.162,0.064,0.074,1,"SLC26A11"
"CHCHD10",0.00606,-0.125,0.146,0.16,1,"CHCHD10"
"IL17RD",0.00606,0.126,0.294,0.279,1,"IL17RD"
"SFRP4",0.00607,-0.239,0.051,0.061,1,"SFRP4"
"DUSP6",0.00609,-0.303,0.081,0.093,1,"DUSP6"
"SLC12A8",0.0061,0.259,0.104,0.093,1,"SLC12A8"
"PLAAT1",0.0061,-0.272,0.12,0.133,1,"PLAAT1"
"POU4F1",0.00616,-1.157,0.008,0.012,1,"POU4F1"
"HNRNPA1L2",0.00618,-0.201,0.045,0.054,1,"HNRNPA1L2"
"TAF4B",0.00621,0.251,0.034,0.027,1,"TAF4B"
"SOX13",0.00624,0.407,0.034,0.028,1,"SOX13"
"TANC1",0.00625,-0.165,0.305,0.321,1,"TANC1"
"C16orf95",0.00625,-0.236,0.111,0.123,1,"C16orf95"
"KIZ",0.00626,0.175,0.312,0.296,1,"KIZ"
"CCDC74B",0.00631,-0.293,0.029,0.036,1,"CCDC74B"
"CREB5",0.00636,-0.315,0.306,0.321,1,"CREB5"
"BACH2",0.00636,-0.127,0.636,0.651,1,"BACH2"
"ENSG00000267740",0.00637,0.361,0.021,0.016,1,"ENSG00000267740"
"MFSD10",0.00637,-0.123,0.238,0.256,1,"MFSD10"
"WDR31",0.00637,-0.181,0.071,0.081,1,"WDR31"
"DNAAF10",0.00638,-0.116,0.187,0.203,1,"DNAAF10"
"DIRAS2",0.00638,0.324,0.01,0.006,1,"DIRAS2"
"INSYN2A",0.00639,-0.205,0.066,0.077,1,"INSYN2A"
"ENSG00000279544",0.00644,-0.263,0.041,0.049,1,"ENSG00000279544"
"DDX47",0.00654,-0.228,0.029,0.036,1,"DDX47"
"PRSS23",0.00654,-0.318,0.05,0.059,1,"PRSS23"
"GAL3ST4",0.00654,-0.14,0.101,0.114,1,"GAL3ST4"
"PML",0.00664,-0.172,0.098,0.11,1,"PML"
"EZR",0.00665,-0.127,0.544,0.561,1,"EZR"
"TMEM54",0.00666,-0.229,0.067,0.077,1,"TMEM54"
"AGBL4",0.00668,0.155,0.169,0.155,1,"AGBL4"
"GRK4",0.00668,0.146,0.393,0.38,1,"GRK4"
"KSR2",0.00669,-0.204,0.073,0.084,1,"KSR2"
"YPEL4",0.00672,0.321,0.023,0.017,1,"YPEL4"
"C7orf31",0.0068,-0.16,0.037,0.045,1,"C7orf31"
"ABLIM1",0.0068,0.277,0.091,0.08,1,"ABLIM1"
"PANK1",0.00681,-0.102,0.217,0.235,1,"PANK1"
"GFUS",0.00684,-0.137,0.141,0.155,1,"GFUS"
"LRRC34",0.00686,-0.28,0.025,0.031,1,"LRRC34"
"SUCLG2",0.00687,-0.207,0.126,0.139,1,"SUCLG2"
"MTMR11",0.00688,-0.459,0.013,0.018,1,"MTMR11"
"MT-TH",0.00688,-0.453,0.012,0.017,1,"MT-TH"
"CD63",0.00692,-0.715,0.714,0.718,1,"CD63"
"PLIN2",0.00696,0.217,0.119,0.107,1,"PLIN2"
"H3C8",0.00696,-0.232,0.178,0.192,1,"H3C8"
"DDX49",0.00697,-0.108,0.236,0.254,1,"DDX49"
"ARMH1",0.00698,-0.269,0.062,0.072,1,"ARMH1"
"TUBGCP5",0.00701,-0.114,0.246,0.264,1,"TUBGCP5"
"LMTK3",0.00702,0.202,0.204,0.19,1,"LMTK3"
"TMC6",0.00704,0.638,0.014,0.009,1,"TMC6"
"TYMS",0.00707,-0.147,0.358,0.375,1,"TYMS"
"SHANK1",0.0071,0.188,0.107,0.096,1,"SHANK1"
"PCYOX1L",0.00715,-0.24,0.071,0.081,1,"PCYOX1L"
"EGF",0.00723,-0.132,0.008,0.011,1,"EGF"
"EMID1",0.00726,-0.202,0.061,0.07,1,"EMID1"
"KIAA0825",0.00731,-0.105,0.382,0.401,1,"KIAA0825"
"PCSK1",0.00733,-0.754,0.009,0.013,1,"PCSK1"
"ATP2B3",0.00734,0.31,0.015,0.01,1,"ATP2B3"
"ATP23",0.00738,-0.126,0.079,0.091,1,"ATP23"
"AMER3",0.00739,0.32,0.039,0.032,1,"AMER3"
"ABCB10",0.00744,0.117,0.338,0.325,1,"ABCB10"
"FKBPL",0.00744,-0.198,0.073,0.084,1,"FKBPL"
"RFC2",0.00745,-0.156,0.215,0.232,1,"RFC2"
"SRD5A3",0.00747,0.159,0.125,0.113,1,"SRD5A3"
"ISLR2",0.00747,-0.335,0.04,0.048,1,"ISLR2"
"FAM117A",0.00748,-0.167,0.066,0.076,1,"FAM117A"
"PEAK1",0.00748,0.186,0.448,0.445,1,"PEAK1"
"NDFIP2",0.00752,-0.114,0.221,0.239,1,"NDFIP2"
"SCD5",0.00757,0.102,0.664,0.641,1,"SCD5"
"ENSG00000273025",0.00758,0.563,0.01,0.007,1,"ENSG00000273025"
"TEX30",0.00762,-0.105,0.131,0.145,1,"TEX30"
"OBSCN",0.00762,-0.14,0.152,0.166,1,"OBSCN"
"ENSG00000279289",0.00762,-0.343,0.025,0.031,1,"ENSG00000279289"
"CDC14B",0.00762,-0.159,0.393,0.409,1,"CDC14B"
"JMY",0.00769,0.163,0.287,0.273,1,"JMY"
"SPSB2",0.00771,-0.239,0.044,0.052,1,"SPSB2"
"DOC2A",0.00776,-0.24,0.011,0.015,1,"DOC2A"
"URB1",0.00777,-0.173,0.089,0.101,1,"URB1"
"RGL2",0.00782,-0.184,0.093,0.105,1,"RGL2"
"IFT88",0.00784,-0.102,0.529,0.549,1,"IFT88"
"HEATR5A",0.00785,-0.103,0.204,0.221,1,"HEATR5A"
"SPACA6",0.00788,-0.149,0.16,0.175,1,"SPACA6"
"AK5",0.00794,0.28,0.053,0.045,1,"AK5"
"C5orf49",0.00797,-0.326,0.016,0.021,1,"C5orf49"
"LRP10",0.00798,-0.153,0.068,0.078,1,"LRP10"
"DPP3",0.00799,-0.108,0.108,0.12,1,"DPP3"
"SLC8A1",0.008,-0.137,0.59,0.562,1,"SLC8A1"
"CDK2",0.00801,-0.191,0.125,0.137,1,"CDK2"
"SMG8",0.00802,-0.125,0.094,0.106,1,"SMG8"
"KCNMB3",0.00803,0.169,0.092,0.081,1,"KCNMB3"
"S100A10",0.00804,-1.596,0.019,0.025,1,"S100A10"
"CALY",0.00805,-0.241,0.02,0.026,1,"CALY"
"SLC25A20",0.00806,-0.3,0.026,0.032,1,"SLC25A20"
"IER3",0.00806,-0.406,0.017,0.022,1,"IER3"
"ENSG00000280234",0.00809,0.357,0.027,0.021,1,"ENSG00000280234"
"TEX10",0.00811,-0.101,0.344,0.364,1,"TEX10"
"DCDC1",0.00811,-0.426,0.041,0.049,1,"DCDC1"
"HKDC1",0.00812,-0.512,0.011,0.015,1,"HKDC1"
"STC1",0.00813,-0.172,0.108,0.12,1,"STC1"
"FBXL6",0.00816,-0.13,0.08,0.091,1,"FBXL6"
"LRRC26",0.00817,0.265,0.049,0.041,1,"LRRC26"
"OSBPL6",0.00818,0.139,0.185,0.171,1,"OSBPL6"
"GPATCH4",0.00819,-0.193,0.104,0.116,1,"GPATCH4"
"NRF1",0.00819,-0.109,0.645,0.662,1,"NRF1"
"TRAPPC11",0.00822,0.108,0.515,0.504,1,"TRAPPC11"
"DTX3L",0.00822,-0.152,0.045,0.054,1,"DTX3L"
"MT1E",0.00828,0.208,0.007,0.01,1,"MT1E"
"FAM111B",0.00828,-0.175,0.193,0.206,1,"FAM111B"
"LSMEM2",0.00828,-0.695,0.007,0.011,1,"LSMEM2"
"MAOA",0.00832,-0.155,0.045,0.054,1,"MAOA"
"ASIC4",0.00833,0.672,0.011,0.007,1,"ASIC4"
"TOR1A",0.00839,-0.149,0.165,0.179,1,"TOR1A"
"CCDC134",0.0084,-0.16,0.155,0.168,1,"CCDC134"
"CCDC144A",0.0084,0.147,0.186,0.172,1,"CCDC144A"
"PDPK1",0.00844,0.113,0.38,0.366,1,"PDPK1"
"DHRS4",0.00844,-0.268,0.035,0.042,1,"DHRS4"
"SMUG1",0.00846,-0.101,0.141,0.156,1,"SMUG1"
"WDHD1",0.00847,-0.114,0.317,0.336,1,"WDHD1"
"P4HB",0.00849,-0.106,0.312,0.329,1,"P4HB"
"RND2",0.00851,-0.117,0.084,0.095,1,"RND2"
"H3C2",0.00858,-0.292,0.23,0.242,1,"H3C2"
"ZC3H8",0.00863,0.103,0.498,0.487,1,"ZC3H8"
"RUNDC3A",0.00866,0.2,0.107,0.096,1,"RUNDC3A"
"RILP",0.00873,-0.427,0.007,0.011,1,"RILP"
"UBTD1",0.00875,-0.346,0.022,0.028,1,"UBTD1"
"FBP2",0.00877,0.274,0.075,0.066,1,"FBP2"
"H2BC5",0.0088,0.536,0.1,0.089,1,"H2BC5"
"ESYT1",0.00882,-0.185,0.104,0.116,1,"ESYT1"
"CYLD",0.00886,0.184,0.23,0.217,1,"CYLD"
"ARHGAP15",0.00886,0.713,0.01,0.007,1,"ARHGAP15"
"TMCC3",0.00887,0.274,0.057,0.049,1,"TMCC3"
"CFAP77",0.00888,0.754,0.012,0.008,1,"CFAP77"
"ARMC7",0.00888,-0.202,0.046,0.054,1,"ARMC7"
"EMP2",0.0089,-0.176,0.18,0.194,1,"EMP2"
"MNS1",0.00891,0.249,0.125,0.113,1,"MNS1"
"MANBA",0.00896,0.163,0.284,0.27,1,"MANBA"
"ASIC1",0.00905,0.236,0.121,0.11,1,"ASIC1"
"SLC1A4",0.00906,0.237,0.141,0.129,1,"SLC1A4"
"ZNF232",0.00907,-0.113,0.196,0.212,1,"ZNF232"
"H2BC7",0.00908,-0.211,0.059,0.069,1,"H2BC7"
"TNFRSF11B",0.0091,-0.607,0.013,0.018,1,"TNFRSF11B"
"NEU3",0.00916,-0.182,0.122,0.134,1,"NEU3"
"PRPS1",0.00921,-0.111,0.4,0.415,1,"PRPS1"
"NUP37",0.00924,-0.108,0.228,0.244,1,"NUP37"
"TFB2M",0.00924,-0.148,0.124,0.137,1,"TFB2M"
"C15orf40",0.00926,-0.106,0.229,0.245,1,"C15orf40"
"IRS1",0.00933,-0.289,0.043,0.051,1,"IRS1"
"PRR19",0.00942,-0.326,0.029,0.036,1,"PRR19"
"HNF4G",0.00945,-0.237,0.035,0.043,1,"HNF4G"
"TRPC5",0.00947,0.281,0.036,0.029,1,"TRPC5"
"ADGRL1",0.00948,0.233,0.217,0.206,1,"ADGRL1"
"ASB3",0.00949,0.102,0.768,0.763,1,"ASB3"
"LEF1",0.00952,0.223,0.096,0.085,1,"LEF1"
"CENPH",0.0096,-0.11,0.335,0.354,1,"CENPH"
"CAMSAP3",0.00964,0.194,0.125,0.114,1,"CAMSAP3"
"ENSG00000280000",0.00966,0.492,0.011,0.008,1,"ENSG00000280000"
"ZRANB1",0.00966,0.116,0.473,0.461,1,"ZRANB1"
"ENSG00000279358",0.0098,-0.415,0.011,0.015,1,"ENSG00000279358"
"KIAA1586",0.00981,0.107,0.518,0.506,1,"KIAA1586"
"ZNF888",0.00981,0.228,0.051,0.043,1,"ZNF888"
"UBL7",0.00983,-0.102,0.112,0.125,1,"UBL7"
"MAPK8IP2",0.00985,0.191,0.15,0.138,1,"MAPK8IP2"
"CMC1",0.00993,-0.109,0.399,0.42,1,"CMC1"
"PPP1R16B",0.00994,0.498,0.014,0.01,1,"PPP1R16B"
"SNX25",0.00999,0.136,0.495,0.483,1,"SNX25"
"CDC25A",0.01,-0.16,0.14,0.153,1,"CDC25A"
"ANKRD23",0.01,0.167,0.222,0.208,1,"ANKRD23"
"L3MBTL2",0.0101,-0.146,0.135,0.148,1,"L3MBTL2"
"PLCL1",0.0101,0.109,0.335,0.32,1,"PLCL1"
"TSC22D4",0.0101,-0.17,0.121,0.134,1,"TSC22D4"
"SLC37A4",0.0101,-0.233,0.075,0.085,1,"SLC37A4"
"DPH6",0.0102,-0.16,0.217,0.232,1,"DPH6"
"CABLES1",0.0102,0.316,0.067,0.058,1,"CABLES1"
"SCAF1",0.0102,-0.102,0.196,0.212,1,"SCAF1"
"RORB",0.0103,0.158,0.382,0.371,1,"RORB"
"ARHGAP30",0.0103,0.694,0.012,0.009,1,"ARHGAP30"
"CRYM",0.0103,-0.599,0.013,0.018,1,"CRYM"
"LRRC37A",0.0103,-0.143,0.124,0.137,1,"LRRC37A"
"FAM174B",0.0104,0.291,0.279,0.267,1,"FAM174B"
"AQP11",0.0104,0.192,0.113,0.101,1,"AQP11"
"CCDC57",0.0106,0.138,0.379,0.366,1,"CCDC57"
"FAM47E",0.0107,-0.392,0.008,0.012,1,"FAM47E"
"SCRN1",0.0107,-0.166,0.297,0.312,1,"SCRN1"
"SPATA2",0.0108,-0.175,0.041,0.048,1,"SPATA2"
"HSBP1L1",0.0108,0.316,0.029,0.023,1,"HSBP1L1"
"MIOS",0.0108,0.13,0.265,0.251,1,"MIOS"
"PANX2",0.0108,0.509,0.022,0.017,1,"PANX2"
"PC",0.0109,-0.152,0.089,0.1,1,"PC"
"MED9",0.0109,-0.112,0.207,0.222,1,"MED9"
"FAAP24",0.0109,-0.213,0.062,0.071,1,"FAAP24"
"BDH2",0.0109,-0.126,0.145,0.158,1,"BDH2"
"ALK",0.011,0.415,0.043,0.036,1,"ALK"
"TAC3",0.0111,-0.244,0.221,0.237,1,"TAC3"
"MTMR10",0.0111,-0.165,0.138,0.151,1,"MTMR10"
"OTX2",0.0112,-0.15,0.106,0.118,1,"OTX2"
"TGIF2",0.0112,-0.172,0.143,0.156,1,"TGIF2"
"RAD9A",0.0113,0.195,0.256,0.244,1,"RAD9A"
"TFAP4",0.0113,0.171,0.093,0.083,1,"TFAP4"
"IRF2BP1",0.0113,-0.197,0.074,0.084,1,"IRF2BP1"
"SLC16A10",0.0114,0.241,0.076,0.066,1,"SLC16A10"
"RPUSD3",0.0114,-0.116,0.137,0.151,1,"RPUSD3"
"USP28",0.0114,0.114,0.391,0.38,1,"USP28"
"POLR1H",0.0114,-0.115,0.247,0.262,1,"POLR1H"
"PIGP",0.0114,-0.105,0.135,0.149,1,"PIGP"
"ENSG00000280143",0.0114,0.341,0.038,0.032,1,"ENSG00000280143"
"ST3GAL6",0.0115,0.131,0.108,0.097,1,"ST3GAL6"
"ENSG00000268083",0.0115,-0.494,0.015,0.02,1,"ENSG00000268083"
"ABCC4",0.0115,-0.291,0.026,0.032,1,"ABCC4"
"COL27A1",0.0116,-0.2,0.016,0.021,1,"COL27A1"
"IMP4",0.0116,-0.233,0.127,0.139,1,"IMP4"
"SLC25A12",0.0116,-0.137,0.794,0.802,1,"SLC25A12"
"CSMD3",0.0116,0.145,0.115,0.103,1,"CSMD3"
"GPR153",0.0116,0.229,0.189,0.177,1,"GPR153"
"TGDS",0.0117,-0.109,0.06,0.069,1,"TGDS"
"TNFRSF13C",0.0117,-0.216,0.031,0.038,1,"TNFRSF13C"
"PEX3",0.0117,0.105,0.322,0.308,1,"PEX3"
"ZNF540",0.0117,0.21,0.209,0.197,1,"ZNF540"
"ANGEL1",0.0117,-0.103,0.111,0.123,1,"ANGEL1"
"SLC2A4RG",0.0117,-0.127,0.163,0.177,1,"SLC2A4RG"
"LFNG",0.0118,-0.287,0.037,0.045,1,"LFNG"
"CATSPERG",0.0118,0.178,0.186,0.174,1,"CATSPERG"
"DERL3",0.0118,-0.424,0.016,0.02,1,"DERL3"
"MRPL48",0.0119,-0.104,0.345,0.364,1,"MRPL48"
"STAB2",0.0119,0.651,0.013,0.009,1,"STAB2"
"SHISA3",0.0119,-0.911,0.01,0.014,1,"SHISA3"
"TMEM35B",0.0119,-0.262,0.03,0.036,1,"TMEM35B"
"S1PR1",0.012,-0.436,0.035,0.042,1,"S1PR1"
"ATG13",0.012,0.166,0.29,0.279,1,"ATG13"
"RAB26",0.012,0.258,0.04,0.033,1,"RAB26"
"SUN2",0.0121,0.114,0.395,0.379,1,"SUN2"
"HMGB2",0.0121,-0.15,0.493,0.511,1,"HMGB2"
"QARS1",0.0121,-0.117,0.141,0.154,1,"QARS1"
"SYNDIG1",0.0121,0.585,0.054,0.046,1,"SYNDIG1"
"CNIH3",0.0122,-0.302,0.179,0.191,1,"CNIH3"
"TMEM185B",0.0122,-0.167,0.054,0.063,1,"TMEM185B"
"FAXC",0.0122,0.121,0.342,0.327,1,"FAXC"
"PIK3R1",0.0122,0.135,0.422,0.408,1,"PIK3R1"
"GASK1B",0.0123,-0.284,0.022,0.027,1,"GASK1B"
"XKR9",0.0123,0.189,0.015,0.011,1,"XKR9"
"DDX28",0.0124,-0.168,0.055,0.064,1,"DDX28"
"ENSG00000280187",0.0124,-0.126,0.021,0.027,1,"ENSG00000280187"
"TLCD3A",0.0124,-0.177,0.098,0.11,1,"TLCD3A"
"PTPRE",0.0124,-0.514,0.094,0.104,1,"PTPRE"
"ENSG00000280321",0.0124,0.489,0.018,0.014,1,"ENSG00000280321"
"ENOX2",0.0125,-0.151,0.319,0.335,1,"ENOX2"
"HSD17B11",0.0126,0.139,0.221,0.21,1,"HSD17B11"
"SMYD5",0.0126,-0.206,0.035,0.042,1,"SMYD5"
"PIAS3",0.0126,-0.173,0.1,0.111,1,"PIAS3"
"LRP1",0.0126,0.13,0.413,0.404,1,"LRP1"
"ENSG00000280138",0.0126,-0.127,0.181,0.194,1,"ENSG00000280138"
"TM9SF1",0.0127,-0.111,0.046,0.054,1,"TM9SF1"
"SLC66A3",0.0127,-0.182,0.065,0.074,1,"SLC66A3"
"TRIP10",0.0127,-0.23,0.071,0.08,1,"TRIP10"
"GPRASP2",0.0127,-0.119,0.079,0.09,1,"GPRASP2"
"CACNA1B",0.0127,0.134,0.365,0.351,1,"CACNA1B"
"CCDC186",0.0128,0.139,0.3,0.286,1,"CCDC186"
"COG3",0.0128,-0.104,0.259,0.275,1,"COG3"
"P4HTM",0.0128,-0.123,0.139,0.152,1,"P4HTM"
"ENSG00000288591",0.0129,-0.471,0.015,0.02,1,"ENSG00000288591"
"HSD17B1",0.0129,-0.269,0.017,0.022,1,"HSD17B1"
"H2BC17",0.013,-0.284,0.047,0.055,1,"H2BC17"
"FADD",0.013,-0.188,0.076,0.086,1,"FADD"
"PZP",0.0131,0.185,0.069,0.06,1,"PZP"
"SPSB4",0.0131,-0.11,0.239,0.256,1,"SPSB4"
"SUPT7L",0.0131,-0.124,0.209,0.224,1,"SUPT7L"
"ENSG00000279133",0.0131,-0.188,0.097,0.108,1,"ENSG00000279133"
"ADM",0.0132,0.263,0.026,0.02,1,"ADM"
"ZFYVE28",0.0132,0.194,0.035,0.029,1,"ZFYVE28"
"GON7",0.0132,-0.116,0.129,0.142,1,"GON7"
"MRPL24",0.0132,-0.118,0.173,0.187,1,"MRPL24"
"BCL2L12",0.0132,0.269,0.076,0.067,1,"BCL2L12"
"SLC5A3",0.0133,0.203,0.219,0.207,1,"SLC5A3"
"PHKG2",0.0133,-0.121,0.098,0.11,1,"PHKG2"
"FOXN4",0.0133,-0.185,0.109,0.119,1,"FOXN4"
"PDIA5",0.0134,-0.139,0.105,0.117,1,"PDIA5"
"CFAP53",0.0134,-0.265,0.032,0.038,1,"CFAP53"
"FMO5",0.0134,0.286,0.114,0.103,1,"FMO5"
"ULK4",0.0134,-0.105,0.259,0.274,1,"ULK4"
"IRAK2",0.0134,-0.23,0.01,0.014,1,"IRAK2"
"EVC2",0.0135,-0.541,0.015,0.02,1,"EVC2"
"TCF15",0.0135,-0.475,0.01,0.014,1,"TCF15"
"MESP1",0.0135,0.265,0.113,0.102,1,"MESP1"
"RPAP3",0.0135,-0.119,0.307,0.322,1,"RPAP3"
"SMIM18",0.0136,-0.129,0.103,0.115,1,"SMIM18"
"ARHGEF17",0.0136,-0.163,0.115,0.127,1,"ARHGEF17"
"HSF4",0.0137,0.323,0.019,0.014,1,"HSF4"
"H2AC4",0.0137,-0.293,0.053,0.061,1,"H2AC4"
"TMEM179",0.0137,0.316,0.059,0.051,1,"TMEM179"
"C11orf71",0.0137,-0.191,0.061,0.07,1,"C11orf71"
"RHBDL2",0.0137,0.216,0.133,0.122,1,"RHBDL2"
"GPR12",0.0139,0.264,0.024,0.019,1,"GPR12"
"TNK2",0.014,0.221,0.179,0.167,1,"TNK2"
"LIG4",0.014,-0.171,0.096,0.107,1,"LIG4"
"STAP2",0.014,-0.195,0.042,0.05,1,"STAP2"
"BAIAP2L2",0.0141,0.244,0.045,0.038,1,"BAIAP2L2"
"ARMC5",0.0141,-0.198,0.057,0.066,1,"ARMC5"
"CTBS",0.0141,-0.145,0.057,0.066,1,"CTBS"
"H2AJ",0.0141,-0.178,0.075,0.085,1,"H2AJ"
"USP44",0.0142,-0.215,0.031,0.038,1,"USP44"
"ENSG00000279348",0.0143,0.329,0.058,0.05,1,"ENSG00000279348"
"ACKR3",0.0143,-1.037,0.039,0.046,1,"ACKR3"
"SASS6",0.0143,-0.11,0.261,0.276,1,"SASS6"
"FAHD2A",0.0143,-0.115,0.185,0.2,1,"FAHD2A"
"RUNX1T1",0.0143,-0.341,0.266,0.279,1,"RUNX1T1"
"STEAP2",0.0143,0.324,0.042,0.036,1,"STEAP2"
"OSCP1",0.0144,-0.107,0.091,0.101,1,"OSCP1"
"SDSL",0.0145,-0.736,0.009,0.012,1,"SDSL"
"MZF1",0.0145,0.245,0.158,0.146,1,"MZF1"
"MERTK",0.0145,-0.207,0.063,0.072,1,"MERTK"
"CCT6B",0.0145,-0.319,0.042,0.049,1,"CCT6B"
"MBNL2",0.0146,-0.165,0.23,0.243,1,"MBNL2"
"CHADL",0.0146,0.482,0.015,0.011,1,"CHADL"
"CMKLR2",0.0147,-0.329,0.063,0.071,1,"CMKLR2"
"SIRT4",0.0147,-0.241,0.036,0.043,1,"SIRT4"
"RUVBL2",0.0147,-0.101,0.247,0.263,1,"RUVBL2"
"EYA4",0.0148,0.491,0.096,0.087,1,"EYA4"
"CALM1",0.0148,-0.124,0.97,0.97,1,"CALM1"
"OSBPL10",0.0148,-0.498,0.029,0.035,1,"OSBPL10"
"ZNF558",0.0151,0.15,0.165,0.153,1,"ZNF558"
"MYLK4",0.0151,-0.215,0.025,0.031,1,"MYLK4"
"FAH",0.0151,-0.395,0.013,0.017,1,"FAH"
"TTYH1",0.0151,-0.722,0.174,0.184,1,"TTYH1"
"UPP2",0.0152,0.231,0.102,0.092,1,"UPP2"
"PLCXD3",0.0152,0.585,0.017,0.013,1,"PLCXD3"
"HTR2A",0.0152,-0.658,0.011,0.015,1,"HTR2A"
"PCDHGA12",0.0152,0.539,0.03,0.024,1,"PCDHGA12"
"GRIK4",0.0153,0.188,0.091,0.081,1,"GRIK4"
"POLR1B",0.0153,-0.148,0.176,0.19,1,"POLR1B"
"PIH1D2",0.0153,-0.104,0.027,0.033,1,"PIH1D2"
"RECQL5",0.0154,-0.29,0.039,0.046,1,"RECQL5"
"ENSG00000279673",0.0154,-0.292,0.018,0.023,1,"ENSG00000279673"
"GLIPR1",0.0156,-0.289,0.022,0.027,1,"GLIPR1"
"TTLL4",0.0156,-0.2,0.099,0.11,1,"TTLL4"
"VSIG10L",0.0157,-0.216,0.024,0.03,1,"VSIG10L"
"PHF13",0.0157,0.139,0.156,0.144,1,"PHF13"
"ZBTB5",0.0158,-0.138,0.249,0.264,1,"ZBTB5"
"C12orf60",0.0158,-0.285,0.039,0.047,1,"C12orf60"
"B3GNT5",0.0158,0.13,0.272,0.259,1,"B3GNT5"
"C1QTNF4",0.0159,0.232,0.1,0.09,1,"C1QTNF4"
"ZSCAN9",0.0159,0.146,0.307,0.296,1,"ZSCAN9"
"ZBTB8B",0.0159,0.224,0.096,0.086,1,"ZBTB8B"
"MICAL2",0.016,0.609,0.013,0.009,1,"MICAL2"
"PPIC",0.0162,-0.381,0.009,0.012,1,"PPIC"
"SLC25A18",0.0162,-0.235,0.066,0.075,1,"SLC25A18"
"SLC5A6",0.0163,-0.168,0.045,0.052,1,"SLC5A6"
"TMEM107",0.0163,-0.164,0.262,0.278,1,"TMEM107"
"MTR",0.0163,0.109,0.457,0.448,1,"MTR"
"DLEU7",0.0163,-0.211,0.043,0.051,1,"DLEU7"
"SCN2B",0.0164,0.583,0.011,0.007,1,"SCN2B"
"MATR3.1",0.0165,-0.112,0.228,0.242,1,"MATR3.1"
"HPS1",0.0165,-0.176,0.05,0.058,1,"HPS1"
"DTD2",0.0165,-0.106,0.095,0.106,1,"DTD2"
"PKP2",0.0166,0.459,0.019,0.015,1,"PKP2"
"TMEM101",0.0166,-0.162,0.086,0.096,1,"TMEM101"
"H2BU1",0.0167,-0.125,0.024,0.03,1,"H2BU1"
"CDC42EP1",0.0167,-0.519,0.013,0.017,1,"CDC42EP1"
"PEX19",0.0167,-0.134,0.114,0.125,1,"PEX19"
"PREP",0.0167,-0.13,0.345,0.36,1,"PREP"
"TRMT61A",0.0167,-0.316,0.033,0.039,1,"TRMT61A"
"COL26A1",0.0167,0.353,0.021,0.016,1,"COL26A1"
"CNRIP1",0.0168,0.137,0.288,0.277,1,"CNRIP1"
"NPTX2",0.0168,-0.188,0.022,0.028,1,"NPTX2"
"RBPMS2",0.0168,-0.222,0.015,0.02,1,"RBPMS2"
"GMPPA",0.0168,-0.203,0.04,0.047,1,"GMPPA"
"NTRK3",0.0169,-0.444,0.082,0.092,1,"NTRK3"
"PRELID2",0.017,0.224,0.116,0.106,1,"PRELID2"
"UTP15",0.017,-0.149,0.08,0.09,1,"UTP15"
"C3orf49",0.017,0.341,0.031,0.025,1,"C3orf49"
"H4C3",0.017,-0.104,0.777,0.757,1,"H4C3"
"LACTB2",0.0171,-0.173,0.055,0.063,1,"LACTB2"
"MKS1",0.0171,-0.122,0.095,0.106,1,"MKS1"
"MOCS2",0.0172,-0.108,0.22,0.236,1,"MOCS2"
"DDX11",0.0172,0.152,0.207,0.194,1,"DDX11"
"BBS10",0.0172,-0.135,0.1,0.111,1,"BBS10"
"NOB1",0.0172,-0.169,0.13,0.142,1,"NOB1"
"COG2",0.0173,-0.136,0.191,0.205,1,"COG2"
"ADAMTS5",0.0173,-0.34,0.055,0.063,1,"ADAMTS5"
"SPINK8",0.0173,0.481,0.029,0.024,1,"SPINK8"
"SCRIB",0.0173,-0.108,0.127,0.139,1,"SCRIB"
"ANGPTL4",0.0174,0.6,0.024,0.019,1,"ANGPTL4"
"ZCCHC9",0.0174,-0.167,0.154,0.166,1,"ZCCHC9"
"TEN1",0.0175,-0.187,0.038,0.045,1,"TEN1"
"MYLIP",0.0175,0.499,0.04,0.034,1,"MYLIP"
"NDRG1",0.0176,-0.208,0.026,0.032,1,"NDRG1"
"TMEM200C",0.0176,0.128,0.178,0.166,1,"TMEM200C"
"ATG16L2",0.0176,0.235,0.142,0.131,1,"ATG16L2"
"VPS18",0.0177,-0.161,0.07,0.08,1,"VPS18"
"DSCAM",0.0178,0.226,0.154,0.142,1,"DSCAM"
"PRSS51",0.0179,0.197,0.192,0.18,1,"PRSS51"
"GSG1L",0.0179,0.276,0.048,0.041,1,"GSG1L"
"CDKN1C",0.0181,0.82,0.084,0.075,1,"CDKN1C"
"AMOT",0.0181,0.118,0.201,0.189,1,"AMOT"
"C19orf44",0.0181,0.277,0.066,0.058,1,"C19orf44"
"EPB41L4A",0.0181,0.326,0.058,0.051,1,"EPB41L4A"
"PNMA8C",0.0182,0.496,0.036,0.03,1,"PNMA8C"
"NUDT6",0.0182,-0.163,0.107,0.117,1,"NUDT6"
"TCP11L1",0.0183,0.128,0.452,0.445,1,"TCP11L1"
"KCTD6",0.0183,-0.118,0.167,0.18,1,"KCTD6"
"THG1L",0.0185,-0.186,0.101,0.111,1,"THG1L"
"ZNF382",0.0185,0.203,0.164,0.153,1,"ZNF382"
"SCHIP1",0.0186,-0.195,0.04,0.047,1,"SCHIP1"
"TBRG4",0.0186,-0.11,0.123,0.134,1,"TBRG4"
"RRBP1",0.0187,-0.135,0.136,0.148,1,"RRBP1"
"POLA1",0.0187,0.107,0.621,0.615,1,"POLA1"
"CLYBL",0.0189,-0.175,0.056,0.064,1,"CLYBL"
"MRAP2",0.0189,-0.261,0.008,0.011,1,"MRAP2"
"KLHL32",0.019,-0.252,0.037,0.044,1,"KLHL32"
"BCAP31",0.019,-0.104,0.411,0.428,1,"BCAP31"
"VASH2",0.019,0.137,0.229,0.218,1,"VASH2"
"MRAS",0.0191,0.172,0.256,0.245,1,"MRAS"
"SMIM45",0.0191,-0.113,0.028,0.034,1,"SMIM45"
"FADS3",0.0191,-0.156,0.058,0.067,1,"FADS3"
"PRKCB",0.0192,-0.648,0.008,0.011,1,"PRKCB"
"SCG2",0.0192,-0.247,0.146,0.158,1,"SCG2"
"MBD6",0.0193,-0.146,0.124,0.136,1,"MBD6"
"ANKUB1",0.0193,-0.143,0.819,0.809,1,"ANKUB1"
"DNAJB7",0.0194,0.59,0.011,0.008,1,"DNAJB7"
"PATL2",0.0194,-0.435,0.007,0.01,1,"PATL2"
"ZNF408",0.0194,-0.168,0.043,0.05,1,"ZNF408"
"PRDX6",0.0194,-0.311,0.493,0.515,1,"PRDX6"
"IGFBP7",0.0194,-1.355,0.027,0.033,1,"IGFBP7"
"TFR2",0.0195,0.196,0.064,0.056,1,"TFR2"
"KCTD13",0.0195,0.12,0.333,0.323,1,"KCTD13"
"ABHD13",0.0196,0.192,0.186,0.174,1,"ABHD13"
"PREB",0.0196,-0.187,0.077,0.086,1,"PREB"
"PDLIM5",0.0196,-0.119,0.242,0.258,1,"PDLIM5"
"PORCN",0.0197,-0.175,0.04,0.047,1,"PORCN"
"ASGR1",0.0197,0.175,0.159,0.147,1,"ASGR1"
"ENSG00000279551",0.0197,-0.238,0.017,0.022,1,"ENSG00000279551"
"PMP2",0.0197,-0.677,0.202,0.209,1,"PMP2"
"GIPC2",0.0198,0.2,0.064,0.056,1,"GIPC2"
"BACE2",0.0199,0.133,0.052,0.045,1,"BACE2"
"TMIGD2",0.0201,0.471,0.014,0.01,1,"TMIGD2"
"PHLDA1",0.0201,-0.186,0.206,0.22,1,"PHLDA1"
"PASK",0.0202,-0.208,0.089,0.098,1,"PASK"
"NHLRC3",0.0202,0.106,0.433,0.423,1,"NHLRC3"
"SMIM10",0.0202,-0.26,0.014,0.019,1,"SMIM10"
"PHF19",0.0203,-0.181,0.134,0.145,1,"PHF19"
"TXNDC16",0.0203,0.107,0.489,0.477,1,"TXNDC16"
"DIPK1C",0.0204,-0.627,0.007,0.01,1,"DIPK1C"
"APOM",0.0204,-0.112,0.073,0.082,1,"APOM"
"ZNF524",0.0204,-0.257,0.052,0.06,1,"ZNF524"
"TMEM74",0.0204,0.434,0.022,0.017,1,"TMEM74"
"ABHD11",0.0206,-0.125,0.045,0.053,1,"ABHD11"
"LRP2BP",0.0206,0.126,0.253,0.24,1,"LRP2BP"
"TUBGCP6",0.0207,0.219,0.075,0.066,1,"TUBGCP6"
"RGL4",0.0208,0.68,0.012,0.008,1,"RGL4"
"CHGA",0.0208,0.255,0.044,0.038,1,"CHGA"
"FAM124A",0.0208,0.173,0.16,0.148,1,"FAM124A"
"PAN2",0.0208,-0.124,0.082,0.091,1,"PAN2"
"INPP5J",0.021,0.789,0.01,0.007,1,"INPP5J"
"PSD2",0.021,0.245,0.081,0.072,1,"PSD2"
"NMU",0.0211,0.111,0.182,0.169,1,"NMU"
"DUSP23",0.0211,-0.583,0.007,0.01,1,"DUSP23"
"STK11IP",0.0211,-0.254,0.039,0.046,1,"STK11IP"
"TMEM196",0.0212,0.97,0.021,0.017,1,"TMEM196"
"NOC4L",0.0212,-0.104,0.092,0.102,1,"NOC4L"
"ENSG00000279885",0.0212,0.401,0.01,0.007,1,"ENSG00000279885"
"ENSG00000279659",0.0212,-0.603,0.008,0.012,1,"ENSG00000279659"
"ZNF133",0.0212,0.117,0.304,0.292,1,"ZNF133"
"MFSD3",0.0213,-0.194,0.032,0.038,1,"MFSD3"
"PINLYP",0.0213,-0.269,0.033,0.039,1,"PINLYP"
"CCDC3",0.0213,0.215,0.183,0.172,1,"CCDC3"
"CD320",0.0213,-0.12,0.152,0.164,1,"CD320"
"P2RX4",0.0214,-0.101,0.061,0.07,1,"P2RX4"
"MLYCD",0.0214,0.159,0.123,0.112,1,"MLYCD"
"ATP6V0C",0.0214,0.46,0.01,0.007,1,"ATP6V0C"
"FBN2",0.0214,0.4,0.068,0.06,1,"FBN2"
"OPRM1",0.0215,1.01,0.012,0.009,1,"OPRM1"
"TRIM41",0.0215,-0.139,0.093,0.103,1,"TRIM41"
"FGD5",0.0216,0.184,0.02,0.016,1,"FGD5"
"CHL1",0.0217,-0.149,0.614,0.618,1,"CHL1"
"PPP1R42",0.0217,-0.125,0.027,0.033,1,"PPP1R42"
"CTSC",0.0217,0.229,0.064,0.056,1,"CTSC"
"COL4A1",0.0217,-0.544,0.142,0.152,1,"COL4A1"
"IL34",0.0218,-0.469,0.019,0.024,1,"IL34"
"HOMER3",0.0218,-0.181,0.537,0.555,1,"HOMER3"
"LAT",0.0218,-0.276,0.015,0.019,1,"LAT"
"PMAIP1",0.0218,-0.219,0.051,0.058,1,"PMAIP1"
"INO80E",0.0218,-0.117,0.223,0.237,1,"INO80E"
"MCPH1",0.0223,-0.152,0.612,0.63,1,"MCPH1"
"NFATC4",0.0223,-0.314,0.031,0.037,1,"NFATC4"
"MCM3",0.0223,-0.104,0.259,0.273,1,"MCM3"
"MSS51",0.0223,-0.215,0.061,0.069,1,"MSS51"
"ATMIN",0.0223,0.116,0.391,0.383,1,"ATMIN"
"PSKH1",0.0223,-0.129,0.113,0.124,1,"PSKH1"
"DRC3",0.0225,0.175,0.08,0.071,1,"DRC3"
"CDKN3",0.0226,-0.178,0.272,0.287,1,"CDKN3"
"MYLK3",0.0226,-0.437,0.021,0.026,1,"MYLK3"
"CDHR2",0.0227,0.385,0.033,0.028,1,"CDHR2"
"DKK3",0.0227,0.163,0.1,0.09,1,"DKK3"
"NT5DC3",0.0227,0.162,0.137,0.127,1,"NT5DC3"
"ALG1",0.0229,-0.134,0.057,0.065,1,"ALG1"
"RGN",0.0229,0.215,0.123,0.113,1,"RGN"
"ZNF485",0.0229,0.398,0.018,0.014,1,"ZNF485"
"SIGIRR",0.0229,-0.158,0.046,0.054,1,"SIGIRR"
"YIF1B",0.023,-0.124,0.098,0.108,1,"YIF1B"
"MEPCE",0.023,-0.299,0.012,0.016,1,"MEPCE"
"SFXN2",0.023,-0.11,0.114,0.125,1,"SFXN2"
"GTF2A1",0.0231,-0.105,0.386,0.401,1,"GTF2A1"
"NDUFAF4",0.0231,-0.118,0.194,0.207,1,"NDUFAF4"
"CFAP119",0.0232,-0.268,0.029,0.034,1,"CFAP119"
"MIPEP",0.0233,-0.19,0.137,0.148,1,"MIPEP"
"NXT2",0.0234,-0.101,0.131,0.143,1,"NXT2"
"ADARB1",0.0235,0.183,0.155,0.144,1,"ADARB1"
"MLST8",0.0235,-0.114,0.111,0.122,1,"MLST8"
"HR",0.0236,-0.142,0.069,0.078,1,"HR"
"MBNL3",0.0236,-0.121,0.178,0.19,1,"MBNL3"
"CEACAM19",0.0236,0.236,0.039,0.033,1,"CEACAM19"
"PIP4K2A",0.0237,-0.102,0.395,0.41,1,"PIP4K2A"
"PLEKHA1",0.0238,0.105,0.406,0.397,1,"PLEKHA1"
"MSRB3",0.0238,-0.325,0.009,0.012,1,"MSRB3"
"ACSBG2",0.0239,0.248,0.05,0.043,1,"ACSBG2"
"MITF",0.024,0.349,0.036,0.03,1,"MITF"
"MORN5",0.024,-0.532,0.016,0.02,1,"MORN5"
"ACKR4",0.0242,0.215,0.034,0.028,1,"ACKR4"
"GLYATL1",0.0242,0.385,0.013,0.009,1,"GLYATL1"
"LHFPL4",0.0242,0.168,0.25,0.239,1,"LHFPL4"
"MED26",0.0243,-0.156,0.064,0.073,1,"MED26"
"NUDT15",0.0243,-0.154,0.167,0.179,1,"NUDT15"
"PIM3",0.0244,-0.101,0.202,0.216,1,"PIM3"
"ZSWIM1",0.0244,-0.159,0.021,0.026,1,"ZSWIM1"
"CNR1",0.0245,0.133,0.112,0.102,1,"CNR1"
"DTX4",0.0246,-0.215,0.069,0.078,1,"DTX4"
"ICA1",0.0246,0.402,0.045,0.039,1,"ICA1"
"ANK1",0.0247,0.298,0.022,0.017,1,"ANK1"
"MFAP2",0.0247,0.201,0.039,0.033,1,"MFAP2"
"PMP22",0.0247,-0.292,0.101,0.111,1,"PMP22"
"FBXO27",0.025,0.383,0.025,0.02,1,"FBXO27"
"IDNK",0.025,-0.105,0.147,0.159,1,"IDNK"
"TEDC2",0.0252,-0.286,0.059,0.067,1,"TEDC2"
"SLC29A4",0.0252,0.127,0.246,0.234,1,"SLC29A4"
"ENDOD1",0.0252,-0.201,0.022,0.027,1,"ENDOD1"
"DUSP10",0.0253,-0.129,0.131,0.143,1,"DUSP10"
"LRRC51",0.0253,-0.139,0.066,0.075,1,"LRRC51"
"ZBED1",0.0255,0.156,0.293,0.282,1,"ZBED1"
"NXPH1",0.0255,0.238,0.244,0.231,1,"NXPH1"
"ISOC2",0.0256,-0.1,0.111,0.122,1,"ISOC2"
"PPP2R2B",0.0256,0.435,0.164,0.153,1,"PPP2R2B"
"PIGV",0.0256,-0.181,0.053,0.061,1,"PIGV"
"SCN9A",0.0258,-0.231,0.023,0.028,1,"SCN9A"
"H2AC20",0.0258,-0.103,0.402,0.424,1,"H2AC20"
"TRIP6",0.0258,-0.234,0.068,0.076,1,"TRIP6"
"ADAMTS10",0.0261,0.145,0.323,0.314,1,"ADAMTS10"
"IDE",0.0261,-0.135,0.225,0.239,1,"IDE"
"GCFC2",0.0262,0.104,0.33,0.318,1,"GCFC2"
"GLCCI1",0.0263,0.136,0.872,0.875,1,"GLCCI1"
"ZNF345",0.0264,0.178,0.228,0.218,1,"ZNF345"
"CENPW",0.0264,-0.104,0.288,0.3,1,"CENPW"
"NME2",0.0264,0.283,0.053,0.046,1,"NME2"
"PPP1R13B",0.0265,0.113,0.25,0.237,1,"PPP1R13B"
"SHBG",0.0265,-0.489,0.008,0.012,1,"SHBG"
"ZSCAN20",0.0265,-0.143,0.052,0.059,1,"ZSCAN20"
"LGALS9",0.0265,-0.373,0.007,0.01,1,"LGALS9"
"FAM189B",0.0266,-0.167,0.088,0.097,1,"FAM189B"
"RBM43",0.0267,-0.231,0.018,0.023,1,"RBM43"
"NEXN",0.0268,0.245,0.126,0.116,1,"NEXN"
"AK8",0.0268,-0.204,0.013,0.017,1,"AK8"
"CNKSR3",0.0269,-0.355,0.089,0.097,1,"CNKSR3"
"ARHGEF6",0.027,-0.237,0.121,0.131,1,"ARHGEF6"
"RANBP3L",0.027,-0.49,0.026,0.031,1,"RANBP3L"
"SERTAD1",0.027,-0.159,0.056,0.064,1,"SERTAD1"
"CD101",0.0271,-0.372,0.032,0.038,1,"CD101"
"LANCL3",0.0271,-0.544,0.018,0.023,1,"LANCL3"
"ZNF699",0.0271,0.191,0.178,0.167,1,"ZNF699"
"WDR4",0.0271,-0.167,0.094,0.103,1,"WDR4"
"ST8SIA3",0.0272,0.385,0.045,0.039,1,"ST8SIA3"
"DENND2A",0.0272,0.117,0.418,0.405,1,"DENND2A"
"GYG2",0.0273,-0.152,0.089,0.099,1,"GYG2"
"SCLT1",0.0274,0.117,0.647,0.645,1,"SCLT1"
"TMEM106A",0.0274,0.827,0.012,0.009,1,"TMEM106A"
"ABCC9",0.0274,-0.388,0.013,0.017,1,"ABCC9"
"LPAR6",0.0274,0.205,0.127,0.117,1,"LPAR6"
"MGRN1",0.0275,0.132,0.352,0.342,1,"MGRN1"
"C16orf74",0.0275,-0.151,0.051,0.059,1,"C16orf74"
"ENSG00000279722",0.0277,-0.242,0.015,0.019,1,"ENSG00000279722"
"TRIM21",0.0277,-0.3,0.021,0.026,1,"TRIM21"
"SLC43A2",0.0278,0.224,0.1,0.092,1,"SLC43A2"
"PALM2AKAP2",0.0278,-0.25,0.033,0.039,1,"PALM2AKAP2"
"USB1",0.0279,-0.112,0.147,0.159,1,"USB1"
"HS3ST3B1",0.028,-0.599,0.012,0.016,1,"HS3ST3B1"
"BBOF1",0.028,-0.129,0.069,0.077,1,"BBOF1"
"EML3",0.028,-0.278,0.019,0.024,1,"EML3"
"GADD45G",0.0282,-0.125,0.425,0.439,1,"GADD45G"
"TFPI2",0.0285,-0.309,0.01,0.014,1,"TFPI2"
"STUM",0.0287,-0.108,0.028,0.034,1,"STUM"
"EPHA6",0.029,-2.189,0.009,0.012,1,"EPHA6"
"ABCA5",0.029,0.18,0.053,0.046,1,"ABCA5"
"RAI14",0.029,-0.121,0.258,0.275,1,"RAI14"
"RSKR",0.0291,-0.107,0.17,0.182,1,"RSKR"
"LINGO3",0.0292,0.545,0.019,0.015,1,"LINGO3"
"TMEM214",0.0292,-0.151,0.036,0.042,1,"TMEM214"
"ITPKB",0.0293,-0.23,0.049,0.056,1,"ITPKB"
"TNPO2",0.0293,0.123,0.395,0.39,1,"TNPO2"
"IL1RAPL2",0.0294,0.571,0.054,0.047,1,"IL1RAPL2"
"ARSF",0.0295,-0.79,0.011,0.014,1,"ARSF"
"BBS12",0.0296,-0.166,0.023,0.028,1,"BBS12"
"DMTN",0.0296,-0.376,0.014,0.018,1,"DMTN"
"IPCEF1",0.0298,-0.343,0.009,0.012,1,"IPCEF1"
"ZNF7",0.0298,0.243,0.188,0.179,1,"ZNF7"
"ENSG00000280294",0.0298,0.295,0.023,0.018,1,"ENSG00000280294"
"AP3B2",0.0299,0.111,0.408,0.397,1,"AP3B2"
"RSPH4A",0.03,-0.172,0.018,0.023,1,"RSPH4A"
"SYT4",0.0301,-1.056,0.008,0.012,1,"SYT4"
"HIP1",0.0303,0.102,0.791,0.784,1,"HIP1"
"SMTN",0.0304,-0.222,0.071,0.079,1,"SMTN"
"TMEM255A",0.0305,-0.171,0.068,0.076,1,"TMEM255A"
"FTCDNL1",0.0306,0.212,0.016,0.012,1,"FTCDNL1"
"EFEMP2",0.0307,-0.232,0.062,0.07,1,"EFEMP2"
"NCAPH2",0.0307,-0.102,0.178,0.19,1,"NCAPH2"
"BEAN1",0.0308,0.36,0.039,0.033,1,"BEAN1"
"PLPPR1",0.0308,-0.451,0.059,0.066,1,"PLPPR1"
"TBC1D2",0.0309,0.245,0.069,0.062,1,"TBC1D2"
"GMFG",0.0309,-0.303,0.013,0.017,1,"GMFG"
"ZMYND10",0.0309,-0.219,0.011,0.015,1,"ZMYND10"
"SMCO4",0.031,-0.314,0.021,0.026,1,"SMCO4"
"CNBD2",0.031,-0.167,0.062,0.07,1,"CNBD2"
"PLP2",0.031,0.224,0.07,0.062,1,"PLP2"
"SSPN",0.031,-0.186,0.022,0.027,1,"SSPN"
"CFAP300",0.0311,-0.184,0.011,0.014,1,"CFAP300"
"ENSG00000289720",0.0311,-0.142,0.012,0.016,1,"ENSG00000289720"
"CDC6",0.0312,-0.122,0.118,0.128,1,"CDC6"
"SYCE2",0.0313,0.167,0.134,0.124,1,"SYCE2"
"THEM4",0.0316,0.307,0.094,0.086,1,"THEM4"
"SPATA17",0.0318,-0.2,0.047,0.054,1,"SPATA17"
"ZNF804B",0.0319,0.205,0.03,0.025,1,"ZNF804B"
"PCDHGB4",0.0319,0.31,0.028,0.023,1,"PCDHGB4"
"ENSG00000239920",0.0319,-0.514,0.023,0.028,1,"ENSG00000239920"
"MTARC1",0.0321,0.237,0.034,0.028,1,"MTARC1"
"DNAH7",0.0321,-0.346,0.036,0.042,1,"DNAH7"
"MED12",0.0321,-0.108,0.168,0.18,1,"MED12"
"TMEM213",0.0321,0.196,0.088,0.079,1,"TMEM213"
"DNAAF5",0.0322,-0.106,0.178,0.191,1,"DNAAF5"
"TNFAIP1",0.0323,-0.109,0.203,0.216,1,"TNFAIP1"
"TSHZ3",0.0323,0.114,0.1,0.091,1,"TSHZ3"
"CSTF2",0.0323,-0.112,0.134,0.145,1,"CSTF2"
"SHROOM4",0.0324,-0.346,0.018,0.023,1,"SHROOM4"
"KCTD17",0.0325,-0.11,0.108,0.118,1,"KCTD17"
"FMO4",0.0326,-0.491,0.01,0.013,1,"FMO4"
"TMEM150C",0.0327,0.174,0.132,0.122,1,"TMEM150C"
"ATP13A1",0.0327,-0.234,0.054,0.061,1,"ATP13A1"
"S100A16",0.0327,-0.624,0.007,0.01,1,"S100A16"
"MGARP",0.0328,0.299,0.038,0.032,1,"MGARP"
"HIPK4",0.0328,0.176,0.046,0.04,1,"HIPK4"
"NUP62CL",0.0329,0.398,0.03,0.025,1,"NUP62CL"
"NOTCH2NLC",0.0329,-0.175,0.085,0.094,1,"NOTCH2NLC"
"ZUP1",0.033,-0.104,0.261,0.276,1,"ZUP1"
"PLXNA4",0.033,-0.182,0.529,0.541,1,"PLXNA4"
"MAP3K14",0.033,-0.12,0.175,0.187,1,"MAP3K14"
"ATP6V1E2",0.033,-0.108,0.053,0.061,1,"ATP6V1E2"
"TRIB2",0.033,-0.126,0.202,0.216,1,"TRIB2"
"LRRC37A2",0.0331,0.103,0.441,0.433,1,"LRRC37A2"
"ORMDL2",0.0331,-0.163,0.139,0.149,1,"ORMDL2"
"SGSH",0.0331,-0.203,0.019,0.023,1,"SGSH"
"C1GALT1C1",0.0334,-0.111,0.133,0.144,1,"C1GALT1C1"
"MAN2C1",0.0334,-0.107,0.125,0.135,1,"MAN2C1"
"VAT1",0.0335,-0.115,0.149,0.16,1,"VAT1"
"HAUS3",0.0335,-0.203,0.076,0.085,1,"HAUS3"
"HCCS",0.0336,-0.103,0.095,0.104,1,"HCCS"
"JAM2",0.0336,0.12,0.434,0.433,1,"JAM2"
"ARHGEF18",0.0337,0.142,0.345,0.335,1,"ARHGEF18"
"GCNT1",0.0338,-0.118,0.024,0.029,1,"GCNT1"
"KCNK9",0.0339,-0.219,0.008,0.011,1,"KCNK9"
"MMP28",0.0339,-0.157,0.016,0.02,1,"MMP28"
"HK2",0.034,-0.113,0.072,0.08,1,"HK2"
"ERAP1",0.0342,-0.123,0.049,0.056,1,"ERAP1"
"CA1",0.0342,-0.371,0.011,0.014,1,"CA1"
"ENSG00000279456",0.0343,0.318,0.049,0.042,1,"ENSG00000279456"
"TTC32",0.0345,-0.108,0.162,0.174,1,"TTC32"
"FAM135B",0.0345,-0.794,0.035,0.04,1,"FAM135B"
"AXDND1",0.0346,-0.546,0.01,0.014,1,"AXDND1"
"ST6GAL1",0.0346,0.164,0.094,0.085,1,"ST6GAL1"
"TICAM1",0.0347,0.513,0.01,0.007,1,"TICAM1"
"AURKC",0.0348,-0.53,0.01,0.013,1,"AURKC"
"JPH4",0.0349,0.12,0.35,0.344,1,"JPH4"
"ZC2HC1B",0.035,-0.541,0.009,0.012,1,"ZC2HC1B"
"TTC12",0.0351,-0.174,0.036,0.041,1,"TTC12"
"ZNF696",0.0352,0.178,0.093,0.085,1,"ZNF696"
"CACNG5",0.0352,-0.402,0.019,0.023,1,"CACNG5"
"SELENOV",0.0353,0.604,0.016,0.012,1,"SELENOV"
"DGCR6",0.0354,-0.167,0.017,0.021,1,"DGCR6"
"EDA2R",0.0354,-0.145,0.072,0.08,1,"EDA2R"
"ERICH6",0.0354,-0.566,0.008,0.011,1,"ERICH6"
"LZTFL1",0.0355,-0.192,0.114,0.123,1,"LZTFL1"
"CCDC80",0.0355,-0.314,0.012,0.016,1,"CCDC80"
"PYGB",0.0357,0.158,0.296,0.287,1,"PYGB"
"DEPDC7",0.0357,0.31,0.046,0.039,1,"DEPDC7"
"TMEM17",0.0361,-0.121,0.042,0.048,1,"TMEM17"
"PALD1",0.0361,-0.231,0.048,0.055,1,"PALD1"
"CMYA5",0.0362,-0.163,0.009,0.012,1,"CMYA5"
"CEP76",0.0362,-0.114,0.218,0.23,1,"CEP76"
"B4GALT6",0.0363,0.129,0.138,0.127,1,"B4GALT6"
"BCKDHA",0.0364,-0.169,0.119,0.129,1,"BCKDHA"
"ABRAXAS1",0.0364,-0.109,0.179,0.19,1,"ABRAXAS1"
"FBXO6",0.0364,0.294,0.07,0.062,1,"FBXO6"
"ARG2",0.0366,0.127,0.198,0.188,1,"ARG2"
"C19orf18",0.0366,0.16,0.052,0.046,1,"C19orf18"
"SH2D4B",0.0368,0.188,0.066,0.059,1,"SH2D4B"
"TMC4",0.0369,0.31,0.044,0.038,1,"TMC4"
"KANK2",0.037,-0.148,0.077,0.085,1,"KANK2"
"NEIL2",0.0371,-0.155,0.072,0.08,1,"NEIL2"
"RANBP6",0.0371,0.124,0.286,0.276,1,"RANBP6"
"RHD",0.0372,0.382,0.051,0.045,1,"RHD"
"STK33",0.0372,-0.109,0.385,0.404,1,"STK33"
"GABRB1",0.0373,-0.5,0.03,0.036,1,"GABRB1"
"PWAR1",0.0373,0.225,0.041,0.035,1,"PWAR1"
"OCLN",0.0375,-0.154,0.062,0.07,1,"OCLN"
"KMT2B",0.0375,0.124,0.326,0.316,1,"KMT2B"
"STX19",0.0375,0.275,0.072,0.064,1,"STX19"
"DHRSX",0.0376,0.143,0.167,0.157,1,"DHRSX"
"TMTC1",0.0377,0.395,0.087,0.079,1,"TMTC1"
"RGPD5",0.0377,-0.161,0.027,0.033,1,"RGPD5"
"GUCY1A2",0.0378,-0.379,0.153,0.14,1,"GUCY1A2"
"LEMD1",0.038,0.129,0.149,0.14,1,"LEMD1"
"SLC47A1",0.0381,0.161,0.022,0.018,1,"SLC47A1"
"SLC1A6",0.0382,0.283,0.025,0.021,1,"SLC1A6"
"ENSG00000279019",0.0383,0.312,0.043,0.037,1,"ENSG00000279019"
"ENSG00000261341",0.0385,-0.289,0.041,0.047,1,"ENSG00000261341"
"PPL",0.0386,0.377,0.028,0.023,1,"PPL"
"ACP2",0.0386,-0.136,0.052,0.059,1,"ACP2"
"NUDT10",0.0387,-0.165,0.117,0.127,1,"NUDT10"
"SEC31B",0.0387,-0.159,0.071,0.079,1,"SEC31B"
"CAMKMT",0.0387,-0.11,0.284,0.298,1,"CAMKMT"
"RHOJ",0.039,-0.539,0.159,0.168,1,"RHOJ"
"TRIQK",0.039,-0.116,0.296,0.311,1,"TRIQK"
"SLCO3A1",0.0391,0.197,0.068,0.061,1,"SLCO3A1"
"GPR89B",0.0391,0.157,0.206,0.196,1,"GPR89B"
"SLC6A13",0.0391,0.472,0.014,0.01,1,"SLC6A13"
"IMMP2L",0.0391,-0.106,0.534,0.549,1,"IMMP2L"
"UBE2V1",0.0392,0.165,0.079,0.071,1,"UBE2V1"
"KLHDC4",0.0393,0.159,0.219,0.21,1,"KLHDC4"
"PSMG1",0.0394,-0.123,0.133,0.143,1,"PSMG1"
"ALDH16A1",0.0394,-0.219,0.049,0.056,1,"ALDH16A1"
"TIGD6",0.0394,-0.193,0.035,0.041,1,"TIGD6"
"NAP1L5",0.0395,0.28,0.113,0.104,1,"NAP1L5"
"CA8",0.0396,0.381,0.014,0.01,1,"CA8"
"ZNF28",0.0398,-0.113,0.114,0.124,1,"ZNF28"
"MAPK8IP3",0.0399,0.102,0.332,0.321,1,"MAPK8IP3"
"PCDHA11",0.0399,-0.123,0.032,0.038,1,"PCDHA11"
"GTF2IRD1",0.04,0.131,0.527,0.527,1,"GTF2IRD1"
"RFT1",0.0402,-0.103,0.121,0.131,1,"RFT1"
"FPGT",0.0403,-0.124,0.024,0.029,1,"FPGT"
"RELL2",0.0403,-0.289,0.023,0.027,1,"RELL2"
"TMEM39A",0.0403,-0.105,0.193,0.205,1,"TMEM39A"
"ASB6",0.0403,-0.132,0.06,0.067,1,"ASB6"
"ENSG00000279670",0.0405,0.252,0.052,0.046,1,"ENSG00000279670"
"PRUNE2",0.0407,-0.296,0.073,0.08,1,"PRUNE2"
"FBXL22",0.0407,0.36,0.04,0.034,1,"FBXL22"
"GFPT2",0.0408,0.152,0.066,0.059,1,"GFPT2"
"BOP1",0.0408,-0.103,0.102,0.111,1,"BOP1"
"CP",0.041,0.341,0.022,0.018,1,"CP"
"TMEM130",0.041,0.437,0.025,0.021,1,"TMEM130"
"BTBD19",0.041,-0.314,0.007,0.01,1,"BTBD19"
"SPR",0.0413,-0.418,0.01,0.014,1,"SPR"
"NOTCH2NLA",0.0414,-0.101,0.133,0.144,1,"NOTCH2NLA"
"PCLO",0.0415,0.228,0.102,0.093,1,"PCLO"
"ATF7IP2",0.0415,0.297,0.104,0.096,1,"ATF7IP2"
"ENSG00000280046",0.0415,0.274,0.04,0.034,1,"ENSG00000280046"
"ZSCAN25",0.0415,0.234,0.11,0.102,1,"ZSCAN25"
"RAI1",0.0416,0.112,0.382,0.373,1,"RAI1"
"LYPD1",0.042,-0.573,0.022,0.027,1,"LYPD1"
"DNAH2",0.042,0.41,0.016,0.012,1,"DNAH2"
"PLET1",0.042,0.331,0.022,0.018,1,"PLET1"
"PANO1",0.0421,-0.362,0.014,0.018,1,"PANO1"
"GGA3",0.0421,0.185,0.189,0.179,1,"GGA3"
"LYN",0.0422,-0.313,0.018,0.022,1,"LYN"
"TMEM63A",0.0424,-0.167,0.042,0.048,1,"TMEM63A"
"ZSCAN26",0.0426,0.139,0.343,0.333,1,"ZSCAN26"
"PHRF1",0.0428,0.176,0.219,0.21,1,"PHRF1"
"HYLS1",0.0432,0.242,0.094,0.086,1,"HYLS1"
"POGK",0.0433,0.103,0.403,0.394,1,"POGK"
"SYT9",0.0434,0.438,0.023,0.019,1,"SYT9"
"ALX3",0.0434,0.746,0.01,0.008,1,"ALX3"
"SERHL2",0.0435,0.294,0.08,0.073,1,"SERHL2"
"NPAS2",0.0437,0.124,0.119,0.11,1,"NPAS2"
"ZFP82",0.0438,0.113,0.393,0.383,1,"ZFP82"
"CAMTA2",0.0439,-0.157,0.077,0.085,1,"CAMTA2"
"PARP10",0.0439,-0.318,0.01,0.013,1,"PARP10"
"ADAMTS19",0.0439,1.039,0.013,0.017,1,"ADAMTS19"
"CEP19",0.044,-0.103,0.095,0.104,1,"CEP19"
"ADGRF3",0.044,-0.197,0.022,0.026,1,"ADGRF3"
"MDK",0.0442,-0.146,0.328,0.339,1,"MDK"
"TPST2",0.0442,-0.122,0.058,0.065,1,"TPST2"
"ZDHHC11",0.0442,0.281,0.064,0.057,1,"ZDHHC11"
"NRSN1",0.0444,0.103,0.173,0.163,1,"NRSN1"
"OTUB2",0.0444,0.234,0.057,0.051,1,"OTUB2"
"NECAB2",0.0446,0.311,0.021,0.017,1,"NECAB2"
"APOL2",0.0446,-0.204,0.027,0.032,1,"APOL2"
"ITPR2",0.0448,-0.59,0.072,0.079,1,"ITPR2"
"KIAA1671",0.0448,-0.259,0.055,0.061,1,"KIAA1671"
"RASSF4",0.0448,0.238,0.104,0.097,1,"RASSF4"
"CROT",0.045,-0.271,0.199,0.21,1,"CROT"
"PCSK5",0.045,0.396,0.091,0.083,1,"PCSK5"
"AVEN",0.0451,0.179,0.188,0.178,1,"AVEN"
"MAML2",0.0452,0.111,0.668,0.674,1,"MAML2"
"PPP1R17",0.0453,0.133,0.021,0.026,1,"PPP1R17"
"PRRT1",0.0455,-0.259,0.024,0.029,1,"PRRT1"
"TPRG1L",0.0456,0.236,0.068,0.061,1,"TPRG1L"
"MYOZ3",0.0457,-0.653,0.008,0.01,1,"MYOZ3"
"IQUB",0.0457,-0.202,0.029,0.034,1,"IQUB"
"TTC9B",0.0458,0.11,0.315,0.306,1,"TTC9B"
"SPRYD4",0.0458,-0.113,0.062,0.069,1,"SPRYD4"
"ENSG00000279476",0.0458,0.27,0.024,0.02,1,"ENSG00000279476"
"ZNF878",0.0459,-0.194,0.019,0.023,1,"ZNF878"
"CFAP418",0.0459,-0.121,0.05,0.056,1,"CFAP418"
"MRM1",0.046,-0.436,0.008,0.01,1,"MRM1"
"PLAG1",0.046,0.315,0.021,0.017,1,"PLAG1"
"SPRN",0.046,-0.15,0.018,0.022,1,"SPRN"
"FRS3",0.0461,-0.131,0.07,0.078,1,"FRS3"
"JAKMIP3",0.0462,0.22,0.015,0.012,1,"JAKMIP3"
"MSTN",0.0464,-0.52,0.019,0.023,1,"MSTN"
"IFITM10",0.0464,0.689,0.01,0.007,1,"IFITM10"
"ENSG00000267059",0.0466,-0.317,0.017,0.021,1,"ENSG00000267059"
"GPR155",0.0466,0.128,0.219,0.209,1,"GPR155"
"RP2",0.0466,-0.1,0.238,0.252,1,"RP2"
"C1QTNF2",0.0467,-0.182,0.048,0.055,1,"C1QTNF2"
"FAXDC2",0.047,-0.136,0.13,0.14,1,"FAXDC2"
"SST",0.0471,-0.558,0.026,0.022,1,"SST"
"CYTH3",0.0471,0.106,0.319,0.307,1,"CYTH3"
"XNDC1N",0.0473,-0.126,0.192,0.203,1,"XNDC1N"
"SCAMP5",0.0473,0.102,0.3,0.291,1,"SCAMP5"
"FAM153A",0.0474,0.325,0.014,0.01,1,"FAM153A"
"SYT13",0.0476,0.194,0.028,0.024,1,"SYT13"
"TAMALIN",0.0478,0.186,0.037,0.032,1,"TAMALIN"
"STK16",0.048,-0.131,0.08,0.089,1,"STK16"
"PCGF1",0.0481,-0.119,0.067,0.074,1,"PCGF1"
"SHARPIN",0.0481,0.115,0.243,0.233,1,"SHARPIN"
"SCEL",0.0482,0.466,0.024,0.02,1,"SCEL"
"TMEM187",0.0485,-0.133,0.068,0.076,1,"TMEM187"
"PCSK6",0.0487,0.509,0.034,0.029,1,"PCSK6"
"ERF",0.0487,-0.19,0.046,0.052,1,"ERF"
"TRAF5",0.0488,0.211,0.061,0.054,1,"TRAF5"
"QTRT1",0.0489,-0.103,0.176,0.188,1,"QTRT1"
"CLK3",0.0489,0.144,0.211,0.201,1,"CLK3"
"TRIL",0.049,-0.216,0.015,0.019,1,"TRIL"
"TSHZ2",0.049,-0.794,0.037,0.042,1,"TSHZ2"
"PBX4",0.0493,0.146,0.304,0.293,1,"PBX4"
"ERMAP",0.0494,-0.228,0.035,0.04,1,"ERMAP"
"MVP",0.0495,-0.108,0.039,0.045,1,"MVP"
"PLPP1",0.0496,0.1,0.423,0.415,1,"PLPP1"
"AARS2",0.0497,-0.191,0.103,0.111,1,"AARS2"
"GANC",0.0498,-0.111,0.107,0.117,1,"GANC"
"ABCA12",0.0498,0.229,0.089,0.081,1,"ABCA12"
"ETFDH",0.0498,0.134,0.299,0.289,1,"ETFDH"
"ATP2C2",0.0499,0.251,0.037,0.032,1,"ATP2C2"
"ATF5",0.05,0.114,0.132,0.144,1,"ATF5"
"MAMDC4",0.05,-0.166,0.015,0.019,1,"MAMDC4"
"EML2",0.0501,0.196,0.112,0.104,1,"EML2"
"CDC42EP2",0.0501,-0.313,0.01,0.013,1,"CDC42EP2"
"DIRAS3",0.0503,-0.408,0.011,0.014,1,"DIRAS3"
"CDT1",0.0503,-0.163,0.11,0.119,1,"CDT1"
"B4GAT1",0.0505,-0.104,0.128,0.138,1,"B4GAT1"
"TMEM204",0.0505,0.582,0.013,0.01,1,"TMEM204"
"C1QTNF6",0.0505,-0.268,0.036,0.041,1,"C1QTNF6"
"GPC3",0.0505,-0.658,0.028,0.033,1,"GPC3"
"SLC9A3R2",0.0506,-0.305,0.011,0.015,1,"SLC9A3R2"
"C11orf42",0.0506,0.3,0.018,0.015,1,"C11orf42"
"PARD6B",0.0507,-0.13,0.123,0.133,1,"PARD6B"
"ZNF700",0.0507,-0.121,0.053,0.059,1,"ZNF700"
"TOE1",0.0508,-0.14,0.091,0.099,1,"TOE1"
"LRRC20",0.0508,0.119,0.212,0.202,1,"LRRC20"
"CA3",0.051,-0.389,0.018,0.022,1,"CA3"
"SLC35F4",0.051,-0.247,0.039,0.045,1,"SLC35F4"
"ZNF799",0.0511,0.215,0.07,0.063,1,"ZNF799"
"FER1L5",0.0512,-0.287,0.007,0.01,1,"FER1L5"
"SPAG6",0.0512,-0.305,0.034,0.039,1,"SPAG6"
"CA14",0.0513,0.101,0.15,0.14,1,"CA14"
"DET1",0.0513,0.175,0.021,0.017,1,"DET1"
"PAPPA",0.0514,0.286,0.036,0.031,1,"PAPPA"
"TOM1L1",0.0514,0.23,0.124,0.116,1,"TOM1L1"
"TTC8",0.0515,-0.103,0.146,0.156,1,"TTC8"
"H2BC21",0.0516,0.183,0.08,0.073,1,"H2BC21"
"ZNF280D",0.0516,0.356,0.016,0.013,1,"ZNF280D"
"TAGLN",0.0517,-0.607,0.012,0.016,1,"TAGLN"
"KANK1",0.0517,0.142,0.152,0.142,1,"KANK1"
"MYBL2",0.0517,-0.125,0.231,0.242,1,"MYBL2"
"FGF11",0.0518,-0.104,0.079,0.087,1,"FGF11"
"ZNF304",0.0518,0.2,0.092,0.084,1,"ZNF304"
"STON1-GTF2A1L",0.0519,0.251,0.028,0.024,1,"STON1-GTF2A1L"
"FAM162A",0.0519,-0.108,0.28,0.295,1,"FAM162A"
"DUOX1",0.052,0.12,0.213,0.203,1,"DUOX1"
"SHQ1",0.0521,-0.215,0.134,0.143,1,"SHQ1"
"POC1B",0.0522,0.121,0.294,0.284,1,"POC1B"
"EYA2",0.0522,0.682,0.017,0.014,1,"EYA2"
"NFYA",0.0524,-0.107,0.224,0.235,1,"NFYA"
"PRRT3",0.0526,0.383,0.035,0.03,1,"PRRT3"
"EIF4ENIF1",0.0527,0.112,0.409,0.4,1,"EIF4ENIF1"
"SPDYE5",0.0531,0.24,0.109,0.101,1,"SPDYE5"
"EGR1",0.0532,-0.102,0.48,0.494,1,"EGR1"
"H2AC21",0.0532,-0.302,0.05,0.056,1,"H2AC21"
"GPN2",0.0533,-0.108,0.123,0.133,1,"GPN2"
"SNX21",0.0533,-0.237,0.062,0.069,1,"SNX21"
"ASPN",0.0537,0.313,0.103,0.095,1,"ASPN"
"CLEC19A",0.0538,1.132,0.011,0.008,1,"CLEC19A"
"RTN2",0.0538,0.176,0.192,0.184,1,"RTN2"
"DCLRE1B",0.0539,-0.151,0.097,0.105,1,"DCLRE1B"
"C8orf58",0.054,-0.158,0.034,0.04,1,"C8orf58"
"C19orf25",0.054,0.145,0.275,0.266,1,"C19orf25"
"TTYH2",0.054,-0.229,0.021,0.026,1,"TTYH2"
"NR1H2",0.0543,0.155,0.198,0.188,1,"NR1H2"
"ENSG00000214558",0.0546,0.478,0.014,0.011,1,"ENSG00000214558"
"ATP13A4",0.0546,-0.267,0.07,0.077,1,"ATP13A4"
"TIMP3",0.0546,0.116,0.086,0.078,1,"TIMP3"
"RNF208",0.0547,-0.119,0.08,0.088,1,"RNF208"
"DLL3",0.055,0.292,0.413,0.426,1,"DLL3"
"SATL1",0.0551,0.129,0.11,0.101,1,"SATL1"
"FGF12",0.0551,0.166,0.134,0.125,1,"FGF12"
"GPR143",0.0555,-0.159,0.007,0.01,1,"GPR143"
"PKD1L3",0.0555,-0.215,0.056,0.063,1,"PKD1L3"
"CATSPERB",0.0555,-0.29,0.009,0.012,1,"CATSPERB"
"COL4A5",0.0555,-0.368,0.223,0.231,1,"COL4A5"
"DIPK1A",0.0557,0.166,0.185,0.176,1,"DIPK1A"
"MTFP1",0.0557,-0.146,0.051,0.057,1,"MTFP1"
"RAD52",0.0557,0.123,0.34,0.332,1,"RAD52"
"RAB27B",0.0558,0.78,0.011,0.008,1,"RAB27B"
"CROCC",0.0558,0.183,0.242,0.233,1,"CROCC"
"GPR39",0.0559,-0.129,0.011,0.015,1,"GPR39"
"SPEF2",0.056,-0.192,0.054,0.06,1,"SPEF2"
"CLBA1",0.056,0.151,0.145,0.136,1,"CLBA1"
"MCM10",0.056,-0.14,0.217,0.227,1,"MCM10"
"MMP14",0.056,-0.272,0.035,0.04,1,"MMP14"
"RAMACL",0.0562,-0.274,0.015,0.019,1,"RAMACL"
"MYO1H",0.0563,-0.181,0.031,0.037,1,"MYO1H"
"LIME1",0.0564,-0.403,0.014,0.018,1,"LIME1"
"ZBTB46",0.0565,0.183,0.29,0.282,1,"ZBTB46"
"ZNF157",0.0565,-0.134,0.054,0.061,1,"ZNF157"
"RITA1",0.0567,-0.139,0.072,0.079,1,"RITA1"
"GRM1",0.057,-0.516,0.013,0.016,1,"GRM1"
"CAMK2D",0.0571,-0.253,0.611,0.589,1,"CAMK2D"
"LIN37",0.0572,-0.101,0.132,0.141,1,"LIN37"
"GALNT4",0.0573,-0.107,0.055,0.062,1,"GALNT4"
"EFCAB10",0.0573,-0.113,0.069,0.076,1,"EFCAB10"
"CXCL12",0.0574,-0.587,0.016,0.019,1,"CXCL12"
"ITGA9",0.0574,0.161,0.094,0.087,1,"ITGA9"
"ZNF599",0.0578,-0.161,0.059,0.066,1,"ZNF599"
"TSNARE1",0.0583,0.156,0.176,0.167,1,"TSNARE1"
"SMAD3",0.0583,0.236,0.103,0.095,1,"SMAD3"
"TDRD12",0.0584,0.419,0.011,0.008,1,"TDRD12"
"TEDC1",0.0584,-0.142,0.078,0.085,1,"TEDC1"
"EIF3CL",0.0585,0.346,0.016,0.013,1,"EIF3CL"
"GABRG3",0.0586,-0.122,0.038,0.032,1,"GABRG3"
"POMT2",0.0588,0.122,0.17,0.159,1,"POMT2"
"SORL1",0.059,-0.149,0.242,0.252,1,"SORL1"
"RFX5",0.0591,-0.165,0.068,0.075,1,"RFX5"
"ABCA2",0.0592,0.309,0.067,0.061,1,"ABCA2"
"P4HA2",0.0592,0.257,0.052,0.046,1,"P4HA2"
"NRIP3",0.0592,0.152,0.169,0.159,1,"NRIP3"
"VPS11",0.0595,-0.172,0.11,0.119,1,"VPS11"
"C1orf226",0.0596,-0.115,0.033,0.039,1,"C1orf226"
"FGGY",0.0597,-0.107,0.145,0.154,1,"FGGY"
"HDAC11",0.0598,-0.163,0.055,0.062,1,"HDAC11"
"PIAS4",0.0599,0.136,0.221,0.212,1,"PIAS4"
"METRNL",0.06,-0.123,0.047,0.054,1,"METRNL"
"NEURL1",0.0601,0.388,0.068,0.062,1,"NEURL1"
"RIPK2",0.0602,0.136,0.108,0.1,1,"RIPK2"
"RSPH6A",0.0602,-0.101,0.01,0.007,1,"RSPH6A"
"ZNF619",0.0603,0.446,0.024,0.02,1,"ZNF619"
"PDK4",0.0603,0.314,0.013,0.01,1,"PDK4"
"ENSG00000280228",0.0604,0.319,0.013,0.01,1,"ENSG00000280228"
"WDR5B",0.0606,-0.1,0.06,0.067,1,"WDR5B"
"ZNF530",0.0607,-0.157,0.07,0.077,1,"ZNF530"
"SYT15B",0.0608,0.304,0.015,0.012,1,"SYT15B"
"SRRM5",0.0608,0.318,0.052,0.046,1,"SRRM5"
"LRRTM2",0.0608,0.137,0.25,0.243,1,"LRRTM2"
"AGMAT",0.0611,-0.352,0.016,0.02,1,"AGMAT"
"ACO1",0.0611,0.109,0.325,0.316,1,"ACO1"
"SPDYE21",0.0612,0.192,0.076,0.069,1,"SPDYE21"
"SLC9A8",0.0613,0.14,0.24,0.23,1,"SLC9A8"
"ACSS1",0.0614,-0.116,0.041,0.046,1,"ACSS1"
"ENSG00000278991",0.0614,-0.113,0.056,0.062,1,"ENSG00000278991"
"ENSG00000284762",0.0615,-0.166,0.192,0.203,1,"ENSG00000284762"
"ZKSCAN8",0.0615,0.115,0.299,0.29,1,"ZKSCAN8"
"TMEM143",0.0616,-0.135,0.023,0.027,1,"TMEM143"
"KHNYN",0.0617,-0.118,0.041,0.047,1,"KHNYN"
"SLC2A6",0.0617,0.243,0.064,0.058,1,"SLC2A6"
"UNC5B",0.0618,0.408,0.064,0.058,1,"UNC5B"
"TARBP2",0.0618,-0.105,0.049,0.055,1,"TARBP2"
"DISP2",0.0619,0.157,0.088,0.081,1,"DISP2"
"REST",0.0621,-0.134,0.257,0.266,1,"REST"
"PLCXD2",0.0624,0.181,0.231,0.223,1,"PLCXD2"
"UNC13D",0.0624,0.369,0.015,0.012,1,"UNC13D"
"LRRC4C",0.0625,-0.148,0.042,0.036,1,"LRRC4C"
"PTPRZ1",0.0625,-0.649,0.51,0.518,1,"PTPRZ1"
"TNS2",0.0625,0.196,0.066,0.06,1,"TNS2"
"ZNF687",0.0626,-0.122,0.053,0.059,1,"ZNF687"
"MTSS2",0.063,0.106,0.252,0.243,1,"MTSS2"
"SMPDL3A",0.0631,0.198,0.069,0.063,1,"SMPDL3A"
"H3C10",0.0634,-0.202,0.047,0.053,1,"H3C10"
"ENSG00000258465",0.0635,0.265,0.052,0.047,1,"ENSG00000258465"
"TMEM229B",0.0635,-0.336,0.01,0.013,1,"TMEM229B"
"RAB27A",0.0637,-0.135,0.113,0.122,1,"RAB27A"
"KCNJ10",0.0637,-0.213,0.025,0.03,1,"KCNJ10"
"BANK1",0.0639,-0.626,0.007,0.01,1,"BANK1"
"SLC8A3",0.0639,0.478,0.025,0.021,1,"SLC8A3"
"GOLGA6L10",0.064,0.207,0.043,0.038,1,"GOLGA6L10"
"CDR2",0.0641,0.1,0.288,0.278,1,"CDR2"
"FAM114A1",0.0643,-0.153,0.087,0.095,1,"FAM114A1"
"RPP25",0.0643,-0.168,0.037,0.042,1,"RPP25"
"FIGN",0.0646,-0.173,0.327,0.337,1,"FIGN"
"CDIN1",0.0647,0.133,0.272,0.262,1,"CDIN1"
"TRIM45",0.0647,-0.275,0.03,0.035,1,"TRIM45"
"CXCL17",0.0648,0.338,0.029,0.025,1,"CXCL17"
"FRRS1L",0.065,0.331,0.046,0.041,1,"FRRS1L"
"ENSG00000269825",0.065,0.328,0.061,0.055,1,"ENSG00000269825"
"CAGE1",0.0651,-0.467,0.008,0.01,1,"CAGE1"
"AKT1S1",0.0652,-0.104,0.06,0.067,1,"AKT1S1"
"PAPPA2",0.0652,-0.19,0.017,0.021,1,"PAPPA2"
"CDPF1",0.0653,-0.191,0.045,0.05,1,"CDPF1"
"STARD8",0.0654,0.452,0.014,0.011,1,"STARD8"
"RGMB",0.0656,0.129,0.214,0.205,1,"RGMB"
"ERFE",0.0659,-0.231,0.014,0.017,1,"ERFE"
"GATM",0.066,-0.24,0.023,0.028,1,"GATM"
"SLC37A2",0.0661,0.527,0.011,0.008,1,"SLC37A2"
"TMEM42",0.0666,-0.103,0.053,0.06,1,"TMEM42"
"FUT2",0.0667,0.303,0.011,0.008,1,"FUT2"
"COL25A1",0.0668,0.509,0.012,0.009,1,"COL25A1"
"CSRNP1",0.0669,-0.26,0.008,0.011,1,"CSRNP1"
"TIGIT",0.0673,-0.25,0.028,0.033,1,"TIGIT"
"NID2",0.0674,-0.38,0.008,0.01,1,"NID2"
"GPR87",0.0674,-0.218,0.012,0.015,1,"GPR87"
"H2AC7",0.0674,0.227,0.046,0.041,1,"H2AC7"
"C20orf203",0.0678,0.341,0.023,0.019,1,"C20orf203"
"ODF2",0.0678,0.121,0.303,0.296,1,"ODF2"
"HACD2",0.0681,0.133,0.309,0.302,1,"HACD2"
"TERF2",0.0681,0.113,0.359,0.352,1,"TERF2"
"LEFTY1",0.0683,0.455,0.015,0.012,1,"LEFTY1"
"RSPH9",0.0685,-0.108,0.034,0.039,1,"RSPH9"
"MICALL2",0.0686,0.343,0.024,0.021,1,"MICALL2"
"SULT1A2",0.0687,-0.312,0.015,0.018,1,"SULT1A2"
"IL17RB",0.0688,0.272,0.037,0.032,1,"IL17RB"
"ADORA1",0.0695,-0.149,0.039,0.045,1,"ADORA1"
"IQCJ-SCHIP1",0.0697,-0.792,0.053,0.059,1,"IQCJ-SCHIP1"
"AJM1",0.0697,0.414,0.02,0.017,1,"AJM1"
"STIMATE",0.0698,0.129,0.158,0.149,1,"STIMATE"
"WTIP",0.0699,0.131,0.045,0.051,1,"WTIP"
"REXO2",0.0699,-0.128,0.198,0.208,1,"REXO2"
"PKMYT1",0.0699,-0.159,0.11,0.118,1,"PKMYT1"
"COL4A4",0.0703,0.398,0.013,0.01,1,"COL4A4"
"C19orf47",0.0704,-0.145,0.068,0.075,1,"C19orf47"
"PSMB8",0.0705,-0.224,0.025,0.029,1,"PSMB8"
"PROS1",0.0706,0.171,0.132,0.124,1,"PROS1"
"EMC10",0.0706,0.135,0.251,0.243,1,"EMC10"
"IFRD1",0.0707,0.135,0.283,0.274,1,"IFRD1"
"RRAGB",0.0707,0.102,0.309,0.302,1,"RRAGB"
"SLC4A10",0.0709,0.222,0.083,0.076,1,"SLC4A10"
"CDH6",0.0709,0.168,0.017,0.014,1,"CDH6"
"KLF16",0.0711,-0.131,0.025,0.029,1,"KLF16"
"LRRC45",0.0711,-0.132,0.068,0.075,1,"LRRC45"
"MAN1A1",0.0712,0.162,0.052,0.046,1,"MAN1A1"
"DNAJC5B",0.0712,0.55,0.01,0.007,1,"DNAJC5B"
"COL6A2",0.0713,-0.226,0.034,0.039,1,"COL6A2"
"HEATR4",0.0714,0.104,0.059,0.053,1,"HEATR4"
"ENSG00000285253",0.0717,0.115,0.148,0.139,1,"ENSG00000285253"
"NANP",0.0718,-0.201,0.059,0.066,1,"NANP"
"NRM",0.0719,-0.119,0.173,0.182,1,"NRM"
"CUL7",0.0722,-0.131,0.045,0.051,1,"CUL7"
"PCDH1",0.0722,-0.368,0.019,0.023,1,"PCDH1"
"AGAP3",0.0723,0.119,0.329,0.321,1,"AGAP3"
"SYBU",0.0723,0.158,0.098,0.091,1,"SYBU"
"TMSB15B",0.0723,0.15,0.182,0.173,1,"TMSB15B"
"ERO1A",0.0724,0.11,0.365,0.36,1,"ERO1A"
"ZNF44",0.0724,0.137,0.267,0.259,1,"ZNF44"
"CENPM",0.0728,-0.123,0.167,0.176,1,"CENPM"
"AKR7L",0.0731,0.302,0.013,0.01,1,"AKR7L"
"SLC12A1",0.0735,-0.133,0.01,0.007,1,"SLC12A1"
"NELFB",0.0736,0.113,0.257,0.247,1,"NELFB"
"FITM2",0.0737,-0.182,0.038,0.043,1,"FITM2"
"RGPD2",0.074,0.101,0.131,0.122,1,"RGPD2"
"USE1",0.0741,0.152,0.256,0.249,1,"USE1"
"TRIM25",0.0741,-0.138,0.085,0.092,1,"TRIM25"
"CCDC86",0.0744,-0.125,0.017,0.02,1,"CCDC86"
"DNAH10",0.0744,0.119,0.163,0.155,1,"DNAH10"
"QSOX2",0.0744,-0.135,0.119,0.128,1,"QSOX2"
"CPQ",0.0745,0.453,0.012,0.009,1,"CPQ"
"ENSG00000289346",0.0745,0.105,0.311,0.302,1,"ENSG00000289346"
"ACADSB",0.0746,0.114,0.162,0.154,1,"ACADSB"
"ENTPD3",0.0748,-0.142,0.026,0.03,1,"ENTPD3"
"BRINP2",0.0751,-0.423,0.163,0.171,1,"BRINP2"
"SRGN",0.0752,0.56,0.01,0.008,1,"SRGN"
"ZBTB3",0.0756,0.298,0.043,0.038,1,"ZBTB3"
"GLRA1",0.0756,-0.177,0.017,0.02,1,"GLRA1"
"CASKIN1",0.0758,0.258,0.087,0.08,1,"CASKIN1"
"MSH5",0.0759,-0.111,0.242,0.252,1,"MSH5"
"ENSG00000279069",0.0762,-0.228,0.03,0.035,1,"ENSG00000279069"
"FBXO43",0.0763,0.224,0.022,0.018,1,"FBXO43"
"MTURN",0.0765,0.149,0.31,0.302,1,"MTURN"
"TCEAL5",0.0775,0.299,0.03,0.026,1,"TCEAL5"
"GRM5",0.0777,0.213,0.059,0.053,1,"GRM5"
"TGIF1",0.0779,-0.111,0.271,0.279,1,"TGIF1"
"ENSG00000280378",0.0779,-0.275,0.008,0.011,1,"ENSG00000280378"
"TSPAN33",0.078,-0.14,0.042,0.047,1,"TSPAN33"
"CAPG",0.078,0.168,0.022,0.018,1,"CAPG"
"TENM4",0.0781,0.213,0.14,0.132,1,"TENM4"
"RNF44",0.0784,-0.125,0.228,0.239,1,"RNF44"
"PIGW",0.0785,-0.402,0.031,0.036,1,"PIGW"
"IKBKE",0.0785,-0.247,0.016,0.02,1,"IKBKE"
"ACADL",0.0785,0.327,0.031,0.026,1,"ACADL"
"NSUN3",0.0785,-0.108,0.281,0.293,1,"NSUN3"
"RGPD1",0.0786,0.319,0.036,0.032,1,"RGPD1"
"MCCC2",0.0788,-0.109,0.148,0.157,1,"MCCC2"
"BEGAIN",0.0792,0.382,0.066,0.06,1,"BEGAIN"
"B3GALNT1",0.0792,0.343,0.033,0.029,1,"B3GALNT1"
"SUSD6",0.0795,0.172,0.189,0.181,1,"SUSD6"
"DGKH",0.0795,0.156,0.328,0.32,1,"DGKH"
"A3GALT2",0.0796,-0.126,0.066,0.073,1,"A3GALT2"
"CAPN10",0.0797,0.147,0.161,0.153,1,"CAPN10"
"COL5A1",0.0797,-0.345,0.013,0.016,1,"COL5A1"
"PGAP4",0.0798,0.2,0.068,0.062,1,"PGAP4"
"PCDHB6",0.0798,0.276,0.017,0.014,1,"PCDHB6"
"CRTC1",0.0805,0.133,0.321,0.316,1,"CRTC1"
"COL7A1",0.0805,0.323,0.015,0.012,1,"COL7A1"
"UNC13A",0.0806,0.276,0.118,0.112,1,"UNC13A"
"ZNF354A",0.0807,0.104,0.289,0.281,1,"ZNF354A"
"PELO",0.0807,-0.129,0.098,0.106,1,"PELO"
"C1orf216",0.0809,-0.149,0.053,0.059,1,"C1orf216"
"IQCE",0.0811,0.126,0.211,0.202,1,"IQCE"
"FAM186A",0.0813,-0.133,0.015,0.018,1,"FAM186A"
"EPB41L1",0.0817,0.149,0.222,0.214,1,"EPB41L1"
"DDX60L",0.0819,-0.105,0.025,0.029,1,"DDX60L"
"TC2N",0.0821,-0.374,0.018,0.022,1,"TC2N"
"EXD3",0.0821,0.146,0.26,0.254,1,"EXD3"
"NLRP2",0.0822,-0.193,0.012,0.015,1,"NLRP2"
"LY6G6C",0.0824,-0.168,0.024,0.028,1,"LY6G6C"
"SIRT2",0.0827,0.216,0.296,0.292,1,"SIRT2"
"SGK3",0.0828,-0.214,0.034,0.038,1,"SGK3"
"UBASH3B",0.0829,0.271,0.117,0.11,1,"UBASH3B"
"PBK",0.0835,-0.158,0.314,0.322,1,"PBK"
"RUNDC3B",0.0836,0.215,0.129,0.122,1,"RUNDC3B"
"ENSG00000279786",0.0837,-0.298,0.014,0.017,1,"ENSG00000279786"
"ACOT2",0.0838,-0.182,0.028,0.033,1,"ACOT2"
"HDAC9",0.0839,-0.102,0.743,0.741,1,"HDAC9"
"SIX5",0.0841,-0.225,0.032,0.037,1,"SIX5"
"HMGCLL1",0.0843,0.492,0.011,0.009,1,"HMGCLL1"
"YPEL2",0.0844,-0.123,0.064,0.07,1,"YPEL2"
"ALKBH2",0.0845,-0.127,0.161,0.17,1,"ALKBH2"
"PRL",0.0847,-0.306,0.009,0.012,1,"PRL"
"ENSG00000280079",0.0849,-0.254,0.037,0.041,1,"ENSG00000280079"
"C22orf31",0.0851,0.279,0.01,0.007,1,"C22orf31"
"CCDC117",0.0854,0.119,0.191,0.183,1,"CCDC117"
"BRD9",0.0855,0.12,0.39,0.383,1,"BRD9"
"PPP2R2C",0.0856,0.213,0.044,0.039,1,"PPP2R2C"
"MYC",0.0859,-0.107,0.027,0.032,1,"MYC"
"ZNF583",0.0861,0.106,0.406,0.398,1,"ZNF583"
"HSD17B12",0.0861,0.1,0.404,0.398,1,"HSD17B12"
"TPTE2",0.0862,0.259,0.126,0.118,1,"TPTE2"
"KCNK3",0.0862,0.307,0.038,0.034,1,"KCNK3"
"CAMK2B",0.0864,0.309,0.042,0.038,1,"CAMK2B"
"MAST4",0.0865,0.2,0.147,0.139,1,"MAST4"
"TUBB8",0.0867,0.384,0.012,0.009,1,"TUBB8"
"ZNF471",0.0868,0.224,0.091,0.084,1,"ZNF471"
"EPS8L1",0.0869,-0.131,0.024,0.028,1,"EPS8L1"
"LRFN2",0.0869,-0.157,0.095,0.103,1,"LRFN2"
"TRMT44",0.087,0.124,0.238,0.23,1,"TRMT44"
"FRAT2",0.0873,-0.106,0.12,0.128,1,"FRAT2"
"ABCB6",0.0876,-0.175,0.072,0.078,1,"ABCB6"
"CCDC102A",0.0878,-0.182,0.016,0.019,1,"CCDC102A"
"PUS1",0.0889,-0.147,0.055,0.061,1,"PUS1"
"ACVR1C",0.0889,-0.129,0.017,0.02,1,"ACVR1C"
"ACSS3",0.089,-0.656,0.038,0.043,1,"ACSS3"
"ELMO1",0.0891,-0.237,0.289,0.298,1,"ELMO1"
"XRCC3",0.0895,0.173,0.1,0.093,1,"XRCC3"
"ENSG00000279281",0.0896,-0.105,0.124,0.132,1,"ENSG00000279281"
"ZNF717",0.0897,0.153,0.114,0.107,1,"ZNF717"
"CERS4",0.0898,0.141,0.246,0.24,1,"CERS4"
"MGAT1",0.0902,0.214,0.147,0.14,1,"MGAT1"
"BTN2A2",0.0903,-0.112,0.126,0.134,1,"BTN2A2"
"LOXHD1",0.0908,-0.573,0.011,0.014,1,"LOXHD1"
"LRRN2",0.0916,0.175,0.078,0.071,1,"LRRN2"
"CUEDC1",0.0917,0.115,0.347,0.34,1,"CUEDC1"
"ZNF454",0.0918,0.225,0.066,0.061,1,"ZNF454"
"SEC14L1",0.092,0.101,0.556,0.556,1,"SEC14L1"
"TYR",0.0922,0.287,0.021,0.017,1,"TYR"
"STYXL1",0.0924,-0.117,0.139,0.148,1,"STYXL1"
"MYBPHL",0.0924,-0.204,0.016,0.02,1,"MYBPHL"
"PDGFA",0.0928,0.321,0.03,0.026,1,"PDGFA"
"LGI1",0.0931,0.51,0.031,0.027,1,"LGI1"
"SLC39A14",0.0934,-0.204,0.06,0.066,1,"SLC39A14"
"ENSG00000280120",0.0934,0.271,0.029,0.025,1,"ENSG00000280120"
"SCNN1D",0.0936,-0.315,0.009,0.011,1,"SCNN1D"
"RRP12",0.094,-0.126,0.097,0.104,1,"RRP12"
"MMP17",0.0943,0.235,0.018,0.015,1,"MMP17"
"THSD7B",0.0947,0.274,0.046,0.041,1,"THSD7B"
"ZNF225",0.0956,-0.102,0.052,0.058,1,"ZNF225"
"TMEM44",0.0957,0.133,0.188,0.18,1,"TMEM44"
"ITPKC",0.0958,-0.126,0.079,0.086,1,"ITPKC"
"TLL2",0.0962,0.745,0.011,0.009,1,"TLL2"
"TADA2B",0.0967,0.199,0.097,0.09,1,"TADA2B"
"SASH1",0.0968,0.122,0.14,0.132,1,"SASH1"
"C2orf80",0.0969,-0.127,0.064,0.071,1,"C2orf80"
"ZNF30",0.0969,0.192,0.098,0.091,1,"ZNF30"
"SLC9A7",0.0977,0.119,0.12,0.113,1,"SLC9A7"
"DDX25",0.0978,0.265,0.046,0.041,1,"DDX25"
"CPTP",0.0985,-0.191,0.068,0.074,1,"CPTP"
"ZNF750",0.0986,0.27,0.013,0.011,1,"ZNF750"
"ZFAND4",0.0989,0.146,0.112,0.104,1,"ZFAND4"
"ENSG00000284691",0.099,0.167,0.043,0.038,1,"ENSG00000284691"
"OPTN",0.099,0.109,0.436,0.429,1,"OPTN"
"VGF",0.0991,-0.242,0.058,0.064,1,"VGF"
"COG8",0.0992,0.143,0.142,0.134,1,"COG8"
"ENSG00000279557",0.0998,0.114,0.039,0.034,1,"ENSG00000279557"
"ELK3",0.1,0.185,0.176,0.169,1,"ELK3"
"TIGD3",0.101,-0.158,0.043,0.048,1,"TIGD3"
"PIGZ",0.101,0.271,0.063,0.058,1,"PIGZ"
"OPN1SW",0.101,-0.207,0.012,0.015,1,"OPN1SW"
"POLR2J3",0.101,0.323,0.032,0.028,1,"POLR2J3"
"TMEM106B",0.101,0.108,0.321,0.313,1,"TMEM106B"
"DSG2",0.101,0.429,0.014,0.011,1,"DSG2"
"PPP2R3B",0.101,0.162,0.191,0.185,1,"PPP2R3B"
"SMIM10L2B",0.101,0.178,0.014,0.011,1,"SMIM10L2B"
"PKD1",0.102,0.125,0.218,0.211,1,"PKD1"
"TMEM121",0.103,0.159,0.109,0.103,1,"TMEM121"
"MCMDC2",0.103,0.339,0.012,0.009,1,"MCMDC2"
"RYR2",0.103,-1.008,0.019,0.022,1,"RYR2"
"TTC39A",0.103,0.356,0.024,0.021,1,"TTC39A"
"PNCK",0.103,0.195,0.033,0.029,1,"PNCK"
"PPARD",0.104,-0.107,0.157,0.165,1,"PPARD"
"VIPR2",0.104,-0.324,0.028,0.032,1,"VIPR2"
"ACY1",0.104,-0.177,0.026,0.03,1,"ACY1"
"ENSG00000280295",0.104,0.194,0.012,0.009,1,"ENSG00000280295"
"NSUN7",0.104,-0.124,0.025,0.029,1,"NSUN7"
"ZNF488",0.104,0.448,0.012,0.01,1,"ZNF488"
"NKPD1",0.104,0.102,0.02,0.017,1,"NKPD1"
"SNCB",0.104,0.254,0.01,0.008,1,"SNCB"
"EOLA1",0.104,0.3,0.033,0.029,1,"EOLA1"
"PMEL",0.105,0.361,0.017,0.014,1,"PMEL"
"SEPSECS",0.105,-0.119,0.148,0.155,1,"SEPSECS"
"ABCD2",0.105,0.156,0.181,0.173,1,"ABCD2"
"TEF",0.105,-0.12,0.07,0.076,1,"TEF"
"TEX29",0.105,-0.18,0.02,0.024,1,"TEX29"
"ARHGAP25",0.105,-0.377,0.036,0.041,1,"ARHGAP25"
"SLC25A21",0.105,0.101,0.086,0.08,1,"SLC25A21"
"SOX10",0.105,0.284,0.012,0.01,1,"SOX10"
"TSPYL2",0.106,0.108,0.083,0.077,1,"TSPYL2"
"STARD3",0.106,0.198,0.182,0.175,1,"STARD3"
"ALDOA",0.106,-0.192,0.037,0.042,1,"ALDOA"
"CDK5R2",0.106,0.235,0.036,0.032,1,"CDK5R2"
"PROSER3",0.107,0.149,0.108,0.101,1,"PROSER3"
"BBS1",0.107,-0.164,0.015,0.018,1,"BBS1"
"METTL7A",0.107,-0.171,0.181,0.189,1,"METTL7A"
"APLF",0.107,0.144,0.104,0.097,1,"APLF"
"RGS9",0.107,0.389,0.024,0.02,1,"RGS9"
"RAVER2",0.108,0.101,0.315,0.306,1,"RAVER2"
"VIL1",0.108,-0.145,0.035,0.039,1,"VIL1"
"RASIP1",0.108,0.232,0.019,0.016,1,"RASIP1"
"ANAPC2",0.108,-0.197,0.018,0.022,1,"ANAPC2"
"ZNF573",0.109,0.146,0.197,0.19,1,"ZNF573"
"SLC39A5",0.109,-0.295,0.01,0.012,1,"SLC39A5"
"STIM2",0.109,-0.193,0.504,0.503,1,"STIM2"
"RILPL1",0.109,0.131,0.302,0.298,1,"RILPL1"
"SLC6A9",0.109,0.16,0.015,0.012,1,"SLC6A9"
"TPRN",0.109,0.245,0.077,0.071,1,"TPRN"
"NXPH2",0.11,-1.203,0.027,0.03,1,"NXPH2"
"ZBTB42",0.11,-0.332,0.009,0.012,1,"ZBTB42"
"ATP7B",0.11,0.117,0.162,0.155,1,"ATP7B"
"SLC45A2",0.11,-0.294,0.025,0.029,1,"SLC45A2"
"CFAP210",0.11,-0.103,0.075,0.081,1,"CFAP210"
"CD83",0.11,0.43,0.011,0.008,1,"CD83"
"TVP23C",0.11,0.244,0.068,0.062,1,"TVP23C"
"DMGDH",0.111,0.431,0.021,0.018,1,"DMGDH"
"ZNF600",0.112,0.342,0.028,0.025,1,"ZNF600"
"GARIN5A",0.112,-0.312,0.01,0.012,1,"GARIN5A"
"ASAH2B",0.112,0.124,0.123,0.116,1,"ASAH2B"
"GAS2",0.113,0.214,0.037,0.033,1,"GAS2"
"NPIPA9",0.113,-0.115,0.018,0.022,1,"NPIPA9"
"DBNDD1",0.113,0.193,0.05,0.045,1,"DBNDD1"
"PPP2R5A",0.113,-0.122,0.225,0.234,1,"PPP2R5A"
"CPHXL2",0.113,0.48,0.023,0.019,1,"CPHXL2"
"FUCA1",0.113,-0.142,0.069,0.075,1,"FUCA1"
"FAM20B",0.113,0.102,0.34,0.333,1,"FAM20B"
"NPIPB5",0.113,0.154,0.162,0.154,1,"NPIPB5"
"H2AC16",0.114,-0.218,0.074,0.08,1,"H2AC16"
"SAMD9",0.114,-0.21,0.011,0.013,1,"SAMD9"
"ENSG00000279361",0.114,0.353,0.011,0.009,1,"ENSG00000279361"
"SHFL",0.114,0.273,0.068,0.063,1,"SHFL"
"OSMR",0.114,-0.271,0.012,0.015,1,"OSMR"
"CNTNAP3",0.114,-0.333,0.021,0.024,1,"CNTNAP3"
"SMN2",0.114,0.258,0.038,0.034,1,"SMN2"
"ANGPTL7",0.115,0.5,0.014,0.011,1,"ANGPTL7"
"ANGPTL2",0.115,0.321,0.07,0.064,1,"ANGPTL2"
"TYMP",0.115,0.222,0.032,0.028,1,"TYMP"
"AACS",0.115,0.125,0.206,0.198,1,"AACS"
"CDKL1",0.115,0.119,0.412,0.412,1,"CDKL1"
"RHOF",0.115,0.107,0.31,0.302,1,"RHOF"
"SPDYE1",0.115,0.119,0.087,0.081,1,"SPDYE1"
"NAT9",0.115,-0.108,0.101,0.108,1,"NAT9"
"FBXL13",0.115,0.176,0.201,0.195,1,"FBXL13"
"ENSG00000279598",0.116,0.142,0.021,0.017,1,"ENSG00000279598"
"LMLN",0.116,-0.14,0.091,0.098,1,"LMLN"
"ENSG00000280063",0.116,0.49,0.014,0.012,1,"ENSG00000280063"
"NCF2",0.116,-0.142,0.051,0.056,1,"NCF2"
"FOXP2",0.116,0.123,0.191,0.182,1,"FOXP2"
"TRAF2",0.116,0.237,0.106,0.1,1,"TRAF2"
"VAMP1",0.117,-0.389,0.024,0.027,1,"VAMP1"
"SDC3",0.117,-0.174,0.166,0.174,1,"SDC3"
"FBXL8",0.118,0.364,0.012,0.009,1,"FBXL8"
"CPEB1",0.118,0.354,0.039,0.035,1,"CPEB1"
"ERBB3",0.118,0.6,0.01,0.008,1,"ERBB3"
"ZNF165",0.118,-0.106,0.009,0.011,1,"ZNF165"
"ENSG00000285777",0.119,-0.2,0.017,0.021,1,"ENSG00000285777"
"LPIN1",0.119,0.112,0.323,0.317,1,"LPIN1"
"PNPLA1",0.119,-0.212,0.017,0.02,1,"PNPLA1"
"ELOVL1",0.119,-0.109,0.053,0.058,1,"ELOVL1"
"ANGPTL3",0.119,-0.272,0.018,0.021,1,"ANGPTL3"
"SHOC1",0.12,0.205,0.143,0.137,1,"SHOC1"
"PLXNA1",0.12,0.169,0.092,0.086,1,"PLXNA1"
"ZNF695",0.12,-0.141,0.211,0.219,1,"ZNF695"
"CRELD1",0.12,0.332,0.049,0.044,1,"CRELD1"
"CBR3",0.12,-0.143,0.086,0.092,1,"CBR3"
"ARL9",0.12,-0.214,0.018,0.021,1,"ARL9"
"GLCE",0.121,0.119,0.425,0.421,1,"GLCE"
"POPDC2",0.121,-0.234,0.01,0.012,1,"POPDC2"
"RDH10",0.121,-0.311,0.036,0.04,1,"RDH10"
"SLC2A9",0.121,-0.254,0.013,0.016,1,"SLC2A9"
"GFOD1",0.121,0.104,0.17,0.163,1,"GFOD1"
"CTNS",0.121,0.224,0.085,0.08,1,"CTNS"
"TMC7",0.122,0.215,0.101,0.095,1,"TMC7"
"ADAMTS12",0.122,0.157,0.107,0.101,1,"ADAMTS12"
"GAL3ST1",0.122,0.3,0.01,0.008,1,"GAL3ST1"
"CCDC65",0.122,0.114,0.27,0.263,1,"CCDC65"
"TMEM241",0.122,0.134,0.189,0.181,1,"TMEM241"
"ETV2",0.122,-0.11,0.02,0.023,1,"ETV2"
"ALDH5A1",0.123,0.188,0.115,0.109,1,"ALDH5A1"
"OTUD1",0.123,0.249,0.074,0.068,1,"OTUD1"
"PLGLB2",0.124,0.474,0.01,0.008,1,"PLGLB2"
"PRTG",0.124,0.107,0.133,0.126,1,"PRTG"
"PDZD9",0.124,-0.166,0.016,0.019,1,"PDZD9"
"PLPPR2",0.124,0.128,0.156,0.15,1,"PLPPR2"
"CCDC178",0.125,0.153,0.034,0.03,1,"CCDC178"
"SLC39A11",0.125,-0.171,0.169,0.176,1,"SLC39A11"
"SOX15",0.125,0.286,0.02,0.017,1,"SOX15"
"PLCXD1",0.126,0.181,0.109,0.103,1,"PLCXD1"
"ATP6V0A4",0.126,0.486,0.01,0.008,1,"ATP6V0A4"
"C6orf163",0.126,-0.217,0.015,0.018,1,"C6orf163"
"MAPRE3",0.127,0.13,0.265,0.259,1,"MAPRE3"
"C1orf105",0.128,-0.313,0.015,0.017,1,"C1orf105"
"CLUL1",0.128,0.274,0.022,0.019,1,"CLUL1"
"CFAP91",0.128,0.345,0.016,0.013,1,"CFAP91"
"CPLX1",0.128,0.167,0.099,0.093,1,"CPLX1"
"LY6G5B",0.128,0.292,0.016,0.014,1,"LY6G5B"
"ZNF487",0.128,-0.179,0.072,0.078,1,"ZNF487"
"SPRY2",0.128,-0.296,0.181,0.187,1,"SPRY2"
"ENSG00000291239",0.128,0.178,0.034,0.03,1,"ENSG00000291239"
"ZNF467",0.13,-0.107,0.009,0.011,1,"ZNF467"
"PRCP",0.13,-0.112,0.25,0.258,1,"PRCP"
"KCTD21",0.13,-0.153,0.03,0.034,1,"KCTD21"
"LNX2",0.131,0.119,0.129,0.122,1,"LNX2"
"GPR37L1",0.131,-0.163,0.021,0.024,1,"GPR37L1"
"CENPI",0.131,-0.117,0.293,0.302,1,"CENPI"
"KCNIP3",0.131,0.297,0.064,0.059,1,"KCNIP3"
"LCMT2",0.131,-0.161,0.07,0.075,1,"LCMT2"
"SHB",0.131,0.118,0.34,0.334,1,"SHB"
"CAPN6",0.132,0.166,0.022,0.019,1,"CAPN6"
"ITGA11",0.132,-0.529,0.01,0.012,1,"ITGA11"
"RASGRP2",0.132,-0.198,0.025,0.029,1,"RASGRP2"
"CAPN15",0.132,0.156,0.09,0.084,1,"CAPN15"
"PTPN13",0.132,0.156,0.384,0.38,1,"PTPN13"
"TOMM20L",0.134,0.594,0.015,0.012,1,"TOMM20L"
"ZDHHC11B",0.134,0.128,0.111,0.105,1,"ZDHHC11B"
"ST3GAL5",0.134,0.17,0.17,0.163,1,"ST3GAL5"
"CEP126",0.134,0.176,0.14,0.134,1,"CEP126"
"VSTM2L",0.134,0.177,0.054,0.049,1,"VSTM2L"
"FAM171B",0.134,-0.101,0.643,0.627,1,"FAM171B"
"HINT3",0.134,0.11,0.357,0.353,1,"HINT3"
"P4HA3",0.134,0.199,0.155,0.148,1,"P4HA3"
"ABCB1",0.135,0.151,0.026,0.023,1,"ABCB1"
"ZCCHC2",0.135,0.172,0.199,0.192,1,"ZCCHC2"
"IFI44",0.135,-0.154,0.254,0.264,1,"IFI44"
"MYH15",0.135,0.419,0.011,0.009,1,"MYH15"
"NAALAD2",0.135,0.349,0.034,0.031,1,"NAALAD2"
"SMIM10L2A",0.136,-0.171,0.015,0.018,1,"SMIM10L2A"
"IRGM",0.136,0.123,0.022,0.019,1,"IRGM"
"ABTB2",0.136,0.177,0.242,0.235,1,"ABTB2"
"GPR27",0.136,0.24,0.063,0.058,1,"GPR27"
"ZNF154",0.137,0.107,0.159,0.151,1,"ZNF154"
"SMPD1",0.137,-0.15,0.046,0.051,1,"SMPD1"
"ANXA11",0.137,-0.25,0.018,0.021,1,"ANXA11"
"ABRACL",0.137,0.109,0.446,0.444,1,"ABRACL"
"SLC2A1",0.137,-0.17,0.071,0.076,1,"SLC2A1"
"PODXL2",0.137,0.107,0.428,0.428,1,"PODXL2"
"RAP1GAP2",0.137,0.197,0.076,0.07,1,"RAP1GAP2"
"COMTD1",0.138,0.235,0.04,0.036,1,"COMTD1"
"CACNG3",0.138,-0.616,0.01,0.013,1,"CACNG3"
"KLHL1",0.138,0.646,0.012,0.01,1,"KLHL1"
"NPHS1",0.139,-0.43,0.009,0.011,1,"NPHS1"
"SNX30",0.139,0.112,0.291,0.284,1,"SNX30"
"TMEM59L",0.139,0.156,0.153,0.147,1,"TMEM59L"
"ACAP3",0.139,0.143,0.189,0.182,1,"ACAP3"
"TCTE1",0.14,0.353,0.024,0.021,1,"TCTE1"
"TYW3",0.14,0.183,0.106,0.1,1,"TYW3"
"TRAM1L1",0.141,0.305,0.022,0.019,1,"TRAM1L1"
"DNM2",0.141,0.119,0.339,0.335,1,"DNM2"
"CFAP46",0.141,-0.186,0.032,0.036,1,"CFAP46"
"FLCN",0.142,-0.106,0.104,0.112,1,"FLCN"
"ACTG2",0.143,-0.178,0.009,0.011,1,"ACTG2"
"SGSM2",0.143,0.198,0.155,0.149,1,"SGSM2"
"HEPACAM",0.143,-0.41,0.047,0.051,1,"HEPACAM"
"SLC6A6",0.143,0.102,0.113,0.106,1,"SLC6A6"
"GOLGA6L4",0.143,0.277,0.042,0.038,1,"GOLGA6L4"
"ZNF174",0.143,0.139,0.094,0.088,1,"ZNF174"
"PPP4R4",0.143,0.42,0.01,0.008,1,"PPP4R4"
"NOXA1",0.143,0.19,0.037,0.033,1,"NOXA1"
"MTRR",0.144,-0.125,0.138,0.145,1,"MTRR"
"TCF19",0.144,-0.111,0.091,0.097,1,"TCF19"
"LIFR",0.144,-0.142,0.338,0.348,1,"LIFR"
"PDE1A",0.145,0.135,0.325,0.315,1,"PDE1A"
"EXO5",0.145,0.164,0.045,0.041,1,"EXO5"
"RAPGEFL1",0.145,-0.141,0.075,0.081,1,"RAPGEFL1"
"CSK",0.145,0.134,0.159,0.152,1,"CSK"
"SFXN3",0.146,0.265,0.051,0.047,1,"SFXN3"
"GIPR",0.146,0.301,0.036,0.033,1,"GIPR"
"STPG1",0.147,-0.123,0.009,0.011,1,"STPG1"
"MON1A",0.147,0.234,0.078,0.073,1,"MON1A"
"CHMP1A",0.147,0.116,0.238,0.232,1,"CHMP1A"
"ENSG00000278983",0.148,0.315,0.01,0.008,1,"ENSG00000278983"
"CYP39A1",0.148,0.25,0.017,0.015,1,"CYP39A1"
"MYOCOS",0.148,-0.117,0.033,0.037,1,"MYOCOS"
"ZNF816",0.148,-0.116,0.019,0.022,1,"ZNF816"
"MST1",0.148,0.21,0.017,0.014,1,"MST1"
"CNTROB",0.148,-0.136,0.229,0.236,1,"CNTROB"
"EDDM13",0.148,0.125,0.052,0.047,1,"EDDM13"
"TMEM138",0.149,0.141,0.252,0.244,1,"TMEM138"
"ENSG00000279794",0.149,-0.321,0.014,0.017,1,"ENSG00000279794"
"LRRC14",0.149,-0.101,0.066,0.071,1,"LRRC14"
"AOAH",0.15,0.284,0.039,0.035,1,"AOAH"
"SLC23A1",0.15,0.196,0.043,0.039,1,"SLC23A1"
"ARRB1",0.15,0.209,0.029,0.026,1,"ARRB1"
"PABPC5",0.15,0.121,0.06,0.055,1,"PABPC5"
"MAP7D3",0.151,0.26,0.074,0.069,1,"MAP7D3"
"PACSIN1",0.151,0.376,0.019,0.017,1,"PACSIN1"
"C17orf100",0.151,0.171,0.046,0.042,1,"C17orf100"
"MPP4",0.151,-0.248,0.013,0.015,1,"MPP4"
"HPCAL4",0.152,0.427,0.024,0.021,1,"HPCAL4"
"FCHO1",0.152,0.132,0.121,0.115,1,"FCHO1"
"PCBD2",0.152,-0.109,0.345,0.353,1,"PCBD2"
"RDH5",0.152,-0.116,0.07,0.075,1,"RDH5"
"LRRC19",0.153,0.294,0.041,0.037,1,"LRRC19"
"EPCAM",0.153,0.201,0.045,0.041,1,"EPCAM"
"LVRN",0.153,-0.3,0.015,0.018,1,"LVRN"
"RASA4",0.154,0.359,0.024,0.021,1,"RASA4"
"CNTN5",0.154,-0.122,0.115,0.121,1,"CNTN5"
"CKMT1A",0.154,0.317,0.011,0.009,1,"CKMT1A"
"KIF6",0.154,-0.249,0.009,0.011,1,"KIF6"
"GINS3",0.154,-0.232,0.089,0.095,1,"GINS3"
"KEL",0.155,-0.165,0.017,0.019,1,"KEL"
"KCNV2",0.155,-0.157,0.021,0.024,1,"KCNV2"
"COL5A2",0.156,-0.144,0.123,0.13,1,"COL5A2"
"SPAG5",0.156,-0.172,0.169,0.176,1,"SPAG5"
"TRAIP",0.156,0.119,0.1,0.094,1,"TRAIP"
"CKM",0.156,0.343,0.015,0.013,1,"CKM"
"RAB23",0.156,-0.115,0.183,0.19,1,"RAB23"
"PIGA",0.156,-0.185,0.053,0.058,1,"PIGA"
"BDNF",0.156,-0.193,0.008,0.01,1,"BDNF"
"MCUB",0.156,-0.124,0.485,0.488,1,"MCUB"
"LNX1",0.157,-0.335,0.041,0.045,1,"LNX1"
"ADARB2",0.157,-0.337,0.174,0.164,1,"ADARB2"
"FANK1",0.157,-0.181,0.031,0.034,1,"FANK1"
"ENPP4",0.157,0.239,0.055,0.05,1,"ENPP4"
"RGP1",0.157,0.133,0.167,0.161,1,"RGP1"
"CNTNAP1",0.158,0.227,0.076,0.071,1,"CNTNAP1"
"CLCN4",0.158,0.278,0.056,0.052,1,"CLCN4"
"SLFNL1",0.158,0.273,0.071,0.066,1,"SLFNL1"
"AEN",0.158,-0.108,0.062,0.067,1,"AEN"
"HACD4",0.158,0.282,0.039,0.035,1,"HACD4"
"GRM7",0.159,-0.569,0.064,0.069,1,"GRM7"
"PLN",0.159,0.146,0.037,0.034,1,"PLN"
"ZNF606",0.159,0.105,0.208,0.201,1,"ZNF606"
"OTULIN",0.159,0.107,0.194,0.187,1,"OTULIN"
"SLC7A6",0.159,0.11,0.238,0.232,1,"SLC7A6"
"MARVELD1",0.159,-0.242,0.012,0.015,1,"MARVELD1"
"MKNK1",0.159,-0.112,0.117,0.124,1,"MKNK1"
"DOK3",0.159,0.198,0.044,0.04,1,"DOK3"
"GPR157",0.16,-0.196,0.008,0.01,1,"GPR157"
"ENO3",0.16,-0.547,0.009,0.011,1,"ENO3"
"SPTBN2",0.161,0.103,0.307,0.301,1,"SPTBN2"
"BTN3A2",0.161,-0.14,0.045,0.05,1,"BTN3A2"
"ECE1",0.161,0.137,0.169,0.163,1,"ECE1"
"ENSG00000280186",0.162,0.16,0.013,0.015,1,"ENSG00000280186"
"BMF",0.162,-0.195,0.015,0.018,1,"BMF"
"RASA4B",0.162,0.263,0.035,0.032,1,"RASA4B"
"ENSG00000279233",0.162,0.181,0.037,0.033,1,"ENSG00000279233"
"PXDNL",0.163,0.116,0.118,0.112,1,"PXDNL"
"SMOC1",0.163,-0.206,0.448,0.449,1,"SMOC1"
"HHIP",0.163,0.221,0.125,0.119,1,"HHIP"
"ENSG00000267127",0.164,0.18,0.026,0.023,1,"ENSG00000267127"
"H2AC17",0.164,0.118,0.172,0.165,1,"H2AC17"
"ELAPOR1",0.165,0.138,0.053,0.048,1,"ELAPOR1"
"PLEKHG2",0.165,-0.11,0.2,0.208,1,"PLEKHG2"
"MAFB",0.165,-0.306,0.127,0.133,1,"MAFB"
"FBXO32",0.165,-0.248,0.037,0.041,1,"FBXO32"
"H2BC15",0.165,0.155,0.11,0.104,1,"H2BC15"
"HAPLN4",0.165,-0.29,0.01,0.012,1,"HAPLN4"
"HDAC5",0.165,0.113,0.244,0.239,1,"HDAC5"
"KIAA0319",0.165,0.146,0.039,0.036,1,"KIAA0319"
"PAFAH2",0.165,-0.175,0.058,0.062,1,"PAFAH2"
"KRI1",0.166,0.107,0.148,0.142,1,"KRI1"
"CNTN2",0.166,0.232,0.055,0.051,1,"CNTN2"
"LHFPL5",0.166,0.106,0.182,0.176,1,"LHFPL5"
"ANO4",0.167,0.183,0.093,0.088,1,"ANO4"
"GYS1",0.167,0.127,0.133,0.127,1,"GYS1"
"IFI27",0.167,-0.142,0.029,0.032,1,"IFI27"
"SLC7A7",0.168,-0.324,0.017,0.02,1,"SLC7A7"
"CAPN14",0.168,0.336,0.019,0.016,1,"CAPN14"
"NKD1",0.169,0.26,0.057,0.052,1,"NKD1"
"GCHFR",0.169,0.355,0.027,0.024,1,"GCHFR"
"C16orf46",0.169,-0.204,0.023,0.026,1,"C16orf46"
"COQ7",0.169,0.11,0.316,0.311,1,"COQ7"
"LPCAT4",0.169,0.107,0.128,0.122,1,"LPCAT4"
"PTK2B",0.169,-0.151,0.059,0.064,1,"PTK2B"
"SGPP1",0.17,0.12,0.235,0.228,1,"SGPP1"
"TBC1D25",0.17,0.123,0.157,0.151,1,"TBC1D25"
"ZNF816-ZNF321P",0.171,-0.108,0.07,0.075,1,"ZNF816-ZNF321P"
"SAMD11",0.171,-0.129,0.01,0.012,1,"SAMD11"
"S1PR3",0.171,-0.135,0.012,0.014,1,"S1PR3"
"COMT",0.171,-0.206,0.026,0.029,1,"COMT"
"ZDHHC22",0.171,-0.137,0.043,0.047,1,"ZDHHC22"
"FXN",0.171,-0.154,0.048,0.053,1,"FXN"
"AQP4",0.171,-0.816,0.078,0.082,1,"AQP4"
"SCN11A",0.172,0.3,0.032,0.028,1,"SCN11A"
"ZSCAN30",0.173,0.106,0.18,0.174,1,"ZSCAN30"
"KCNH3",0.173,0.147,0.014,0.012,1,"KCNH3"
"ENSG00000279398",0.173,-0.1,0.017,0.02,1,"ENSG00000279398"
"SUSD4",0.173,0.402,0.024,0.021,1,"SUSD4"
"MEIOC",0.173,0.222,0.038,0.034,1,"MEIOC"
"BNIPL",0.173,0.204,0.021,0.018,1,"BNIPL"
"F8",0.174,-0.152,0.043,0.048,1,"F8"
"PSD",0.174,0.209,0.127,0.122,1,"PSD"
"NOSTRIN",0.175,-0.12,0.273,0.281,1,"NOSTRIN"
"NMRK1",0.175,0.19,0.031,0.027,1,"NMRK1"
"RASSF7",0.176,-0.138,0.02,0.023,1,"RASSF7"
"TTC36",0.177,0.332,0.016,0.013,1,"TTC36"
"SERF1A",0.177,-0.21,0.013,0.016,1,"SERF1A"
"ZDHHC23",0.178,-0.484,0.01,0.012,1,"ZDHHC23"
"GNB3",0.178,0.309,0.045,0.041,1,"GNB3"
"SPNS2",0.178,0.228,0.036,0.033,1,"SPNS2"
"NAIF1",0.178,-0.162,0.042,0.046,1,"NAIF1"
"CRYGS",0.178,0.16,0.04,0.036,1,"CRYGS"
"CHODL",0.178,0.254,0.015,0.013,1,"CHODL"
"ZNF440",0.179,0.185,0.15,0.144,1,"ZNF440"
"SERPINI1",0.179,0.326,0.028,0.025,1,"SERPINI1"
"GPX7",0.179,0.287,0.016,0.014,1,"GPX7"
"EXOSC1",0.179,0.117,0.278,0.273,1,"EXOSC1"
"GRIK1",0.179,0.101,0.11,0.104,1,"GRIK1"
"TGFBR3",0.179,-0.235,0.02,0.023,1,"TGFBR3"
"APBB1",0.18,0.103,0.309,0.305,1,"APBB1"
"MSH4",0.18,0.381,0.043,0.039,1,"MSH4"
"CCDC85A",0.18,-0.329,0.009,0.011,1,"CCDC85A"
"PAPSS2",0.18,-0.163,0.083,0.088,1,"PAPSS2"
"USHBP1",0.181,0.178,0.085,0.08,1,"USHBP1"
"B4GALNT3",0.181,0.383,0.034,0.031,1,"B4GALNT3"
"EIF1AD",0.181,-0.13,0.1,0.106,1,"EIF1AD"
"ZNF396",0.181,0.127,0.017,0.019,1,"ZNF396"
"ZNF79",0.181,-0.133,0.048,0.052,1,"ZNF79"
"MYH7B",0.182,0.284,0.03,0.027,1,"MYH7B"
"ENSG00000280010",0.182,-0.453,0.011,0.013,1,"ENSG00000280010"
"PPP1R14A",0.182,-0.133,0.019,0.021,1,"PPP1R14A"
"CDH22",0.182,-0.556,0.008,0.01,1,"CDH22"
"PLA2G4C",0.182,0.168,0.039,0.035,1,"PLA2G4C"
"C10orf90",0.182,0.453,0.018,0.016,1,"C10orf90"
"TMEM151B",0.183,0.148,0.157,0.151,1,"TMEM151B"
"ENSG00000279147",0.183,-0.149,0.012,0.014,1,"ENSG00000279147"
"DUSP26",0.183,0.236,0.04,0.036,1,"DUSP26"
"DYNLT3",0.184,0.173,0.071,0.066,1,"DYNLT3"
"PHACTR2",0.184,-0.185,0.1,0.105,1,"PHACTR2"
"ABHD4",0.184,-0.102,0.037,0.041,1,"ABHD4"
"AKAP7",0.184,0.251,0.181,0.176,1,"AKAP7"
"HRH2",0.185,-0.403,0.018,0.02,1,"HRH2"
"ARHGEF11",0.185,0.108,0.533,0.537,1,"ARHGEF11"
"AGAP9",0.186,0.15,0.09,0.085,1,"AGAP9"
"ZNF442",0.186,-0.216,0.042,0.046,1,"ZNF442"
"H2BC13",0.186,-0.169,0.03,0.033,1,"H2BC13"
"DOCK9",0.186,-0.117,0.09,0.084,1,"DOCK9"
"SLC35F1",0.187,-0.208,0.734,0.726,1,"SLC35F1"
"TERB1",0.188,0.407,0.01,0.008,1,"TERB1"
"SLC16A4",0.188,0.117,0.254,0.247,1,"SLC16A4"
"ARHGAP23",0.188,0.142,0.192,0.186,1,"ARHGAP23"
"DTNBP1",0.188,0.11,0.21,0.204,1,"DTNBP1"
"RGPD3",0.188,0.437,0.014,0.012,1,"RGPD3"
"BCAR3",0.188,0.115,0.253,0.247,1,"BCAR3"
"MINDY4",0.188,-0.169,0.019,0.022,1,"MINDY4"
"RAB31",0.189,-0.338,0.132,0.138,1,"RAB31"
"TDRD7",0.189,0.149,0.133,0.128,1,"TDRD7"
"KIAA0753",0.189,0.113,0.337,0.332,1,"KIAA0753"
"IL12RB2",0.19,-0.132,0.021,0.024,1,"IL12RB2"
"TP53TG5",0.19,-0.203,0.048,0.052,1,"TP53TG5"
"HSD17B13",0.19,0.408,0.023,0.02,1,"HSD17B13"
"NMBR",0.19,0.437,0.02,0.018,1,"NMBR"
"ADGRA1",0.19,-0.102,0.029,0.032,1,"ADGRA1"
"TMEM221",0.19,0.279,0.022,0.019,1,"TMEM221"
"SLC12A7",0.191,-0.283,0.021,0.024,1,"SLC12A7"
"ENSG00000203546",0.191,0.167,0.12,0.114,1,"ENSG00000203546"
"C6orf52",0.191,0.244,0.047,0.044,1,"C6orf52"
"CLN8",0.191,0.134,0.157,0.151,1,"CLN8"
"FOXM1",0.191,-0.103,0.24,0.247,1,"FOXM1"
"NRP2",0.192,-0.405,0.046,0.042,1,"NRP2"
"PRORP",0.192,-0.157,0.025,0.028,1,"PRORP"
"MFSD11",0.192,0.164,0.335,0.333,1,"MFSD11"
"NTMT2",0.192,-0.13,0.009,0.011,1,"NTMT2"
"DAAM2",0.192,-0.156,0.013,0.015,1,"DAAM2"
"DTWD2",0.193,0.13,0.075,0.07,1,"DTWD2"
"FAM209A",0.193,-0.278,0.01,0.011,1,"FAM209A"
"CPM",0.193,0.166,0.021,0.018,1,"CPM"
"LRGUK",0.193,0.169,0.183,0.192,1,"LRGUK"
"SEPTIN4",0.193,0.181,0.028,0.025,1,"SEPTIN4"
"CANT1",0.193,-0.104,0.147,0.154,1,"CANT1"
"MAEL",0.193,-0.209,0.017,0.019,1,"MAEL"
"CASZ1",0.193,-0.106,0.027,0.03,1,"CASZ1"
"GDF9",0.194,0.153,0.014,0.012,1,"GDF9"
"PPFIA4",0.194,0.163,0.084,0.079,1,"PPFIA4"
"SYTL4",0.195,-0.146,0.033,0.037,1,"SYTL4"
"HSF5",0.195,-0.12,0.03,0.033,1,"HSF5"
"NPNT",0.195,-0.307,0.086,0.091,1,"NPNT"
"SPDYE16",0.195,0.323,0.015,0.013,1,"SPDYE16"
"H4C2",0.195,-0.322,0.011,0.013,1,"H4C2"
"RNLS",0.196,-0.117,0.021,0.019,1,"RNLS"
"PITPNM3",0.196,0.199,0.039,0.036,1,"PITPNM3"
"CLASRP",0.196,0.118,0.292,0.287,1,"CLASRP"
"ENSG00000279140",0.197,0.186,0.034,0.03,1,"ENSG00000279140"
"H1-4",0.197,-0.105,0.474,0.483,1,"H1-4"
"RPGR",0.198,0.152,0.148,0.142,1,"RPGR"
"ELOA",0.198,0.111,0.358,0.354,1,"ELOA"
"CDH23",0.198,0.135,0.041,0.038,1,"CDH23"
"GPR34",0.198,0.114,0.098,0.092,1,"GPR34"
"LPL",0.199,-0.132,0.024,0.027,1,"LPL"
"MAP3K11",0.199,0.165,0.095,0.102,1,"MAP3K11"
"CYBA",0.199,-0.201,0.031,0.034,1,"CYBA"
"FUOM",0.2,-0.383,0.015,0.017,1,"FUOM"
"STARD6",0.2,0.36,0.017,0.014,1,"STARD6"
"PVALEF",0.2,0.518,0.012,0.01,1,"PVALEF"
"ENSG00000279089",0.201,-0.198,0.04,0.043,1,"ENSG00000279089"
"PEAK3",0.201,0.265,0.017,0.014,1,"PEAK3"
"AMZ1",0.202,0.128,0.158,0.153,1,"AMZ1"
"ENSG00000280190",0.202,0.333,0.017,0.015,1,"ENSG00000280190"
"EID3",0.202,-0.148,0.017,0.02,1,"EID3"
"EQTN",0.203,-0.226,0.037,0.041,1,"EQTN"
"TRIM46",0.203,0.266,0.087,0.082,1,"TRIM46"
"ETNK2",0.203,-0.357,0.017,0.019,1,"ETNK2"
"FZD4",0.204,-0.256,0.013,0.016,1,"FZD4"
"ARHGAP22",0.204,0.287,0.018,0.016,1,"ARHGAP22"
"CDK20",0.204,-0.13,0.03,0.033,1,"CDK20"
"METRN",0.204,-0.271,0.227,0.232,1,"METRN"
"FILIP1",0.205,-0.172,0.028,0.031,1,"FILIP1"
"EHD3",0.205,0.198,0.034,0.031,1,"EHD3"
"KIAA0513",0.205,0.263,0.086,0.082,1,"KIAA0513"
"ST8SIA1",0.206,-0.154,0.097,0.102,1,"ST8SIA1"
"SLC29A1",0.206,-0.172,0.06,0.064,1,"SLC29A1"
"MFSD4A",0.206,0.326,0.052,0.048,1,"MFSD4A"
"MIB2",0.206,0.143,0.102,0.097,1,"MIB2"
"ENSG00000280067",0.206,0.264,0.027,0.024,1,"ENSG00000280067"
"DOK1",0.206,0.185,0.056,0.052,1,"DOK1"
"SIDT2",0.206,-0.111,0.068,0.072,1,"SIDT2"
"EPHB6",0.208,0.148,0.013,0.015,1,"EPHB6"
"SMIM3",0.208,-0.105,0.036,0.039,1,"SMIM3"
"RAB3B",0.208,0.143,0.023,0.021,1,"RAB3B"
"DVL1",0.208,0.137,0.107,0.102,1,"DVL1"
"TMOD1",0.208,0.165,0.035,0.032,1,"TMOD1"
"EME1",0.209,-0.107,0.084,0.089,1,"EME1"
"PPP1R3B",0.209,-0.495,0.008,0.01,1,"PPP1R3B"
"ZNF283",0.209,-0.131,0.04,0.044,1,"ZNF283"
"GAS7",0.21,0.339,0.021,0.019,1,"GAS7"
"TEPSIN",0.21,0.239,0.056,0.052,1,"TEPSIN"
"CPNE8",0.21,0.249,0.036,0.032,1,"CPNE8"
"DDR2",0.21,0.357,0.033,0.03,1,"DDR2"
"AMDHD2",0.211,0.104,0.062,0.058,1,"AMDHD2"
"SORCS3",0.211,-0.291,0.148,0.155,1,"SORCS3"
"SMARCD3",0.211,0.108,0.242,0.237,1,"SMARCD3"
"CLMN",0.212,-0.256,0.012,0.014,1,"CLMN"
"IFFO2",0.213,-0.198,0.033,0.037,1,"IFFO2"
"DNAJB12",0.213,0.157,0.24,0.237,1,"DNAJB12"
"MYCN",0.213,-0.105,0.156,0.162,1,"MYCN"
"GP6",0.213,0.141,0.03,0.027,1,"GP6"
"PDZK1",0.214,0.246,0.056,0.052,1,"PDZK1"
"HMOX1",0.214,0.468,0.009,0.011,1,"HMOX1"
"LAMB3",0.215,-0.237,0.011,0.013,1,"LAMB3"
"SCML2",0.215,-0.129,0.372,0.378,1,"SCML2"
"ENG",0.216,0.139,0.02,0.018,1,"ENG"
"ASMTL",0.217,-0.113,0.074,0.078,1,"ASMTL"
"PCDHA1",0.217,0.319,0.015,0.013,1,"PCDHA1"
"ADH6",0.217,0.336,0.015,0.013,1,"ADH6"
"DNASE1L1",0.218,0.285,0.029,0.026,1,"DNASE1L1"
"CCDC125",0.219,0.317,0.025,0.023,1,"CCDC125"
"NPIPB12",0.219,-0.111,0.022,0.024,1,"NPIPB12"
"DLGAP3",0.219,0.138,0.052,0.048,1,"DLGAP3"
"TMEM255B",0.219,-0.124,0.013,0.015,1,"TMEM255B"
"TUBB1",0.22,0.159,0.01,0.008,1,"TUBB1"
"SLFN5",0.22,0.215,0.01,0.008,1,"SLFN5"
"CABCOCO1",0.22,-0.237,0.013,0.015,1,"CABCOCO1"
"ENSG00000280163",0.22,0.278,0.01,0.009,1,"ENSG00000280163"
"CRYBG3",0.22,-0.155,0.059,0.063,1,"CRYBG3"
"MCTP1",0.221,-0.15,0.049,0.053,1,"MCTP1"
"CASS4",0.221,0.52,0.011,0.009,1,"CASS4"
"GEMIN4",0.221,-0.128,0.051,0.055,1,"GEMIN4"
"SLC46A3",0.221,0.225,0.034,0.031,1,"SLC46A3"
"SPDYE10",0.222,0.111,0.079,0.075,1,"SPDYE10"
"TMEM182",0.222,-0.138,0.123,0.128,1,"TMEM182"
"KCNC2",0.222,-0.189,0.044,0.041,1,"KCNC2"
"PRELID3A",0.222,0.119,0.083,0.078,1,"PRELID3A"
"GPER1",0.222,0.281,0.018,0.016,1,"GPER1"
"ERICH5",0.222,0.481,0.011,0.009,1,"ERICH5"
"FXYD6-FXYD2",0.222,0.289,0.016,0.014,1,"FXYD6-FXYD2"
"PDE6B",0.223,0.267,0.05,0.046,1,"PDE6B"
"LYRM9",0.223,0.119,0.077,0.072,1,"LYRM9"
"NEBL",0.223,0.301,0.047,0.044,1,"NEBL"
"PKD2L2",0.223,0.162,0.12,0.115,1,"PKD2L2"
"ENSG00000289687",0.224,-0.172,0.013,0.015,1,"ENSG00000289687"
"CDHR1",0.224,0.296,0.018,0.016,1,"CDHR1"
"UNC13C",0.224,-0.27,0.016,0.018,1,"UNC13C"
"UBQLN4",0.224,0.119,0.194,0.189,1,"UBQLN4"
"SPDYE12",0.224,0.202,0.027,0.024,1,"SPDYE12"
"MAFF",0.225,0.252,0.055,0.051,1,"MAFF"
"CEP170B",0.225,-0.138,0.049,0.053,1,"CEP170B"
"MED22",0.225,0.134,0.138,0.133,1,"MED22"
"LAMA2",0.225,-0.113,0.008,0.01,1,"LAMA2"
"MGAT3",0.226,0.123,0.121,0.117,1,"MGAT3"
"ALOX12",0.226,0.333,0.02,0.018,1,"ALOX12"
"ENSG00000278905",0.226,-0.217,0.04,0.043,1,"ENSG00000278905"
"RAMP2",0.226,0.133,0.19,0.185,1,"RAMP2"
"ENSG00000280422",0.226,-0.175,0.015,0.017,1,"ENSG00000280422"
"ASPHD1",0.227,0.106,0.215,0.209,1,"ASPHD1"
"SLC4A5",0.227,0.182,0.07,0.066,1,"SLC4A5"
"CLDN15",0.228,0.125,0.025,0.022,1,"CLDN15"
"DCC",0.228,-0.237,0.09,0.095,1,"DCC"
"NOCT",0.228,0.114,0.325,0.32,1,"NOCT"
"ZBTB47",0.228,-0.116,0.034,0.037,1,"ZBTB47"
"FKBP10",0.229,-0.16,0.12,0.125,1,"FKBP10"
"SAMD12",0.229,0.217,0.064,0.06,1,"SAMD12"
"KCNAB2",0.23,0.151,0.09,0.085,1,"KCNAB2"
"C17orf97",0.23,-0.102,0.029,0.032,1,"C17orf97"
"PSTPIP2",0.23,0.243,0.04,0.037,1,"PSTPIP2"
"BCL6",0.23,0.216,0.091,0.086,1,"BCL6"
"PRB2",0.231,0.339,0.041,0.038,1,"PRB2"
"SCN4B",0.231,0.105,0.013,0.015,1,"SCN4B"
"NFKBID",0.231,-0.192,0.017,0.019,1,"NFKBID"
"PLA2G10",0.231,-0.249,0.024,0.027,1,"PLA2G10"
"DUSP7",0.231,0.315,0.035,0.032,1,"DUSP7"
"CALB2",0.231,-0.151,0.17,0.175,1,"CALB2"
"KCNN1",0.231,0.149,0.096,0.092,1,"KCNN1"
"HID1",0.231,0.111,0.089,0.085,1,"HID1"
"LMOD1",0.232,-0.247,0.01,0.012,1,"LMOD1"
"COL4A2",0.232,-0.135,0.326,0.335,1,"COL4A2"
"ARHGAP6",0.232,-0.362,0.012,0.014,1,"ARHGAP6"
"GCNT4",0.232,-0.312,0.017,0.019,1,"GCNT4"
"LYG2",0.233,0.312,0.044,0.04,1,"LYG2"
"CORO1A",0.233,-0.104,0.131,0.137,1,"CORO1A"
"PYGM",0.233,-0.117,0.018,0.02,1,"PYGM"
"GRK5",0.234,0.134,0.264,0.261,1,"GRK5"
"SPDYE2B",0.234,0.567,0.014,0.012,1,"SPDYE2B"
"MED18",0.235,0.216,0.054,0.051,1,"MED18"
"FBLIM1",0.235,0.185,0.061,0.057,1,"FBLIM1"
"H2BC14",0.235,-0.236,0.022,0.024,1,"H2BC14"
"BICDL1",0.235,0.122,0.141,0.136,1,"BICDL1"
"CACNA1H",0.235,0.218,0.036,0.033,1,"CACNA1H"
"SARS2",0.236,-0.106,0.046,0.049,1,"SARS2"
"SULT4A1",0.236,0.206,0.055,0.051,1,"SULT4A1"
"HEPN1",0.236,-0.254,0.048,0.051,1,"HEPN1"
"NFKBIZ",0.238,-0.203,0.039,0.042,1,"NFKBIZ"
"HSPG2",0.238,-0.221,0.036,0.04,1,"HSPG2"
"PCDHA8",0.238,-0.217,0.009,0.01,1,"PCDHA8"
"LIPA",0.238,0.16,0.178,0.173,1,"LIPA"
"TMPRSS11D",0.239,-0.124,0.053,0.057,1,"TMPRSS11D"
"PPP1R3D",0.239,0.289,0.03,0.027,1,"PPP1R3D"
"CFAP161",0.24,0.214,0.124,0.119,1,"CFAP161"
"LRRTM4",0.241,-0.153,0.169,0.162,1,"LRRTM4"
"EEF1AKMT1",0.241,0.14,0.158,0.153,1,"EEF1AKMT1"
"TRPC3",0.242,0.191,0.042,0.038,1,"TRPC3"
"MYRF",0.242,0.646,0.01,0.008,1,"MYRF"
"KYAT1",0.242,0.113,0.164,0.159,1,"KYAT1"
"RAB40B",0.242,0.126,0.163,0.158,1,"RAB40B"
"PCDH19",0.242,-0.164,0.066,0.07,1,"PCDH19"
"KLF11",0.242,0.12,0.135,0.13,1,"KLF11"
"ZNF155",0.243,0.103,0.383,0.385,1,"ZNF155"
"TMEM200A",0.243,0.41,0.018,0.016,1,"TMEM200A"
"STAR",0.243,-0.206,0.015,0.017,1,"STAR"
"CD37",0.244,0.3,0.027,0.024,1,"CD37"
"PPP1R13L",0.244,-0.103,0.034,0.037,1,"PPP1R13L"
"PICK1",0.245,0.261,0.031,0.028,1,"PICK1"
"RGS11",0.245,0.244,0.016,0.014,1,"RGS11"
"FAM72A",0.245,0.195,0.025,0.023,1,"FAM72A"
"TNS3",0.246,0.11,0.056,0.052,1,"TNS3"
"ENSG00000280244",0.247,0.217,0.016,0.014,1,"ENSG00000280244"
"NPB",0.248,0.25,0.077,0.073,1,"NPB"
"CNBD1",0.248,-0.665,0.008,0.01,1,"CNBD1"
"SETD4",0.248,0.157,0.205,0.201,1,"SETD4"
"BCAS4",0.249,0.186,0.16,0.155,1,"BCAS4"
"NR4A2",0.249,0.203,0.019,0.017,1,"NR4A2"
"NECTIN1",0.249,0.105,0.167,0.162,1,"NECTIN1"
"CLN6",0.249,0.12,0.089,0.085,1,"CLN6"
"GRIN3A",0.249,0.28,0.019,0.017,1,"GRIN3A"
"SLC45A1",0.25,0.19,0.052,0.049,1,"SLC45A1"
"SEMA6A",0.25,-0.133,0.351,0.357,1,"SEMA6A"
"C15orf39",0.25,-0.226,0.011,0.013,1,"C15orf39"
"MAGEL2",0.25,-0.111,0.042,0.046,1,"MAGEL2"
"LHX6",0.251,-0.216,0.188,0.191,1,"LHX6"
"GRM8",0.251,-0.188,0.051,0.055,1,"GRM8"
"TMEM231",0.251,-0.11,0.076,0.08,1,"TMEM231"
"PKD1L1",0.252,-0.112,0.01,0.009,1,"PKD1L1"
"ZNF90",0.252,-0.102,0.183,0.189,1,"ZNF90"
"PILRB",0.253,0.112,0.22,0.216,1,"PILRB"
"IL17D",0.253,-0.108,0.084,0.089,1,"IL17D"
"FDXACB1",0.254,-0.128,0.027,0.03,1,"FDXACB1"
"ENSG00000279608",0.254,0.35,0.025,0.023,1,"ENSG00000279608"
"STX1B",0.255,0.155,0.123,0.118,1,"STX1B"
"GUCY1B1",0.255,0.126,0.107,0.102,1,"GUCY1B1"
"NOTCH4",0.255,-0.27,0.025,0.027,1,"NOTCH4"
"EYS",0.255,-0.456,0.126,0.131,1,"EYS"
"FANCD2OS",0.255,0.138,0.034,0.031,1,"FANCD2OS"
"KLHL36",0.257,0.14,0.116,0.112,1,"KLHL36"
"KCNC1",0.257,0.121,0.187,0.181,1,"KCNC1"
"RASGRP1",0.258,0.133,0.152,0.147,1,"RASGRP1"
"ADA",0.259,0.123,0.101,0.097,1,"ADA"
"PLXDC2",0.26,-0.253,0.109,0.114,1,"PLXDC2"
"USP50",0.26,-0.111,0.029,0.031,1,"USP50"
"ENSG00000279077",0.26,-0.148,0.018,0.02,1,"ENSG00000279077"
"PRKG1",0.261,0.212,0.144,0.138,1,"PRKG1"
"ZKSCAN3",0.261,-0.162,0.089,0.094,1,"ZKSCAN3"
"RIPOR3",0.261,-0.167,0.049,0.053,1,"RIPOR3"
"TEAD4",0.262,-0.285,0.012,0.014,1,"TEAD4"
"PRRT4",0.262,0.335,0.013,0.012,1,"PRRT4"
"LYSMD2",0.263,0.279,0.036,0.033,1,"LYSMD2"
"TMEM191C",0.263,0.402,0.013,0.011,1,"TMEM191C"
"LYL1",0.263,0.196,0.012,0.01,1,"LYL1"
"CAMK2A",0.263,0.195,0.022,0.019,1,"CAMK2A"
"NPFF",0.263,-0.304,0.012,0.014,1,"NPFF"
"NANOS3",0.264,0.141,0.11,0.105,1,"NANOS3"
"DCAKD",0.264,0.1,0.392,0.389,1,"DCAKD"
"UPP1",0.264,0.269,0.022,0.019,1,"UPP1"
"CHRNB2",0.264,-0.134,0.028,0.031,1,"CHRNB2"
"TREH",0.265,0.257,0.02,0.018,1,"TREH"
"IGSF5",0.265,0.267,0.013,0.011,1,"IGSF5"
"C2orf68",0.265,0.106,0.243,0.239,1,"C2orf68"
"MROH1",0.266,0.123,0.17,0.166,1,"MROH1"
"PRICKLE1",0.267,0.156,0.024,0.026,1,"PRICKLE1"
"MACROD1",0.267,0.168,0.212,0.208,1,"MACROD1"
"ANKRD34A",0.267,0.297,0.014,0.012,1,"ANKRD34A"
"LINGO2",0.268,-1.196,0.031,0.028,1,"LINGO2"
"C4orf51",0.268,0.246,0.014,0.012,1,"C4orf51"
"ISY1-RAB43",0.268,0.231,0.014,0.012,1,"ISY1-RAB43"
"PDE5A",0.269,-0.245,0.413,0.404,1,"PDE5A"
"WDR88",0.269,0.257,0.042,0.039,1,"WDR88"
"NOTCH2NLR",0.269,-0.393,0.013,0.015,1,"NOTCH2NLR"
"FBXO44",0.269,0.173,0.109,0.105,1,"FBXO44"
"ADAM21",0.269,0.317,0.018,0.016,1,"ADAM21"
"NPIPB15",0.269,0.219,0.018,0.016,1,"NPIPB15"
"STX3",0.269,0.26,0.016,0.014,1,"STX3"
"H2AC14",0.269,-0.259,0.143,0.147,1,"H2AC14"
"GLB1L",0.269,0.322,0.019,0.017,1,"GLB1L"
"ENSG00000279347",0.27,0.107,0.013,0.012,1,"ENSG00000279347"
"ENSG00000280414",0.27,0.164,0.032,0.029,1,"ENSG00000280414"
"GDPD3",0.27,0.279,0.016,0.014,1,"GDPD3"
"NUDT17",0.27,-0.119,0.027,0.03,1,"NUDT17"
"NME9",0.27,0.14,0.145,0.141,1,"NME9"
"PHKA1",0.27,0.112,0.08,0.076,1,"PHKA1"
"BEST1",0.271,0.162,0.018,0.016,1,"BEST1"
"TBKBP1",0.271,0.298,0.017,0.015,1,"TBKBP1"
"CCDC152",0.272,0.11,0.065,0.061,1,"CCDC152"
"PINK1",0.273,0.116,0.223,0.219,1,"PINK1"
"FAM228A",0.273,0.238,0.048,0.045,1,"FAM228A"
"CDS1",0.273,0.454,0.025,0.022,1,"CDS1"
"UNC119",0.274,0.141,0.164,0.16,1,"UNC119"
"TRIM67",0.274,0.198,0.017,0.015,1,"TRIM67"
"BORCS7-ASMT",0.274,0.126,0.033,0.03,1,"BORCS7-ASMT"
"PDE4B",0.274,0.252,0.345,0.343,1,"PDE4B"
"ZNF705A",0.275,0.303,0.025,0.023,1,"ZNF705A"
"TBCE",0.275,0.161,0.05,0.047,1,"TBCE"
"ANKRD24",0.276,0.139,0.029,0.026,1,"ANKRD24"
"TRIM14",0.276,0.187,0.035,0.032,1,"TRIM14"
"ZNF732",0.276,0.162,0.076,0.072,1,"ZNF732"
"JAKMIP1",0.277,-0.262,0.013,0.015,1,"JAKMIP1"
"P2RY1",0.277,0.565,0.01,0.008,1,"P2RY1"
"PPM1H",0.277,0.145,0.029,0.027,1,"PPM1H"
"ST6GAL2",0.278,0.133,0.234,0.227,1,"ST6GAL2"
"CAMKK1",0.278,0.184,0.056,0.053,1,"CAMKK1"
"RPS6KL1",0.278,0.162,0.112,0.108,1,"RPS6KL1"
"CPNE9",0.279,-0.126,0.012,0.014,1,"CPNE9"
"TRIM27",0.279,0.121,0.277,0.273,1,"TRIM27"
"ZNF578",0.28,0.165,0.01,0.008,1,"ZNF578"
"PLS1",0.28,0.168,0.102,0.098,1,"PLS1"
"TUBD1",0.28,-0.118,0.162,0.166,1,"TUBD1"
"HGD",0.281,-0.132,0.01,0.012,1,"HGD"
"ATP2A1",0.282,0.238,0.024,0.021,1,"ATP2A1"
"PRSS3",0.282,0.437,0.01,0.009,1,"PRSS3"
"LEPR",0.283,-0.106,0.162,0.168,1,"LEPR"
"C2orf15",0.283,0.172,0.011,0.013,1,"C2orf15"
"ZFAND2A",0.285,0.165,0.111,0.107,1,"ZFAND2A"
"LHFPL2",0.285,-0.193,0.097,0.101,1,"LHFPL2"
"SLC7A3",0.285,-0.146,0.018,0.02,1,"SLC7A3"
"SLC7A8",0.286,-0.317,0.02,0.023,1,"SLC7A8"
"PCDHB3",0.286,0.172,0.052,0.049,1,"PCDHB3"
"CHRM3",0.286,-0.199,0.011,0.012,1,"CHRM3"
"PCDHGB7",0.286,0.219,0.038,0.035,1,"PCDHGB7"
"TIGD2",0.287,-0.113,0.023,0.026,1,"TIGD2"
"ENSG00000280347",0.287,0.251,0.011,0.01,1,"ENSG00000280347"
"ZNF667",0.287,0.271,0.04,0.037,1,"ZNF667"
"RNASEL",0.287,-0.165,0.015,0.017,1,"RNASEL"
"A2ML1",0.287,-0.12,0.012,0.014,1,"A2ML1"
"ADRA1D",0.287,0.105,0.011,0.009,1,"ADRA1D"
"CDHR3",0.289,0.118,0.228,0.224,1,"CDHR3"
"MFSD12",0.289,0.174,0.102,0.098,1,"MFSD12"
"ENSG00000279108",0.29,-0.147,0.008,0.01,1,"ENSG00000279108"
"DOCK6",0.29,-0.191,0.021,0.024,1,"DOCK6"
"RHOBTB1",0.29,0.102,0.167,0.163,1,"RHOBTB1"
"SPDYE18",0.29,0.251,0.036,0.033,1,"SPDYE18"
"PPFIBP1",0.29,-0.103,0.206,0.213,1,"PPFIBP1"
"TPPP3",0.29,-0.167,0.029,0.031,1,"TPPP3"
"CSKMT",0.29,-0.349,0.084,0.088,1,"CSKMT"
"MYL5",0.291,-0.183,0.017,0.019,1,"MYL5"
"ABCC2",0.291,0.197,0.011,0.013,1,"ABCC2"
"INAVA",0.291,-0.138,0.05,0.054,1,"INAVA"
"SPATA12",0.292,0.387,0.021,0.018,1,"SPATA12"
"NPY1R",0.293,-0.16,0.009,0.01,1,"NPY1R"
"ZBTB12",0.293,-0.26,0.018,0.02,1,"ZBTB12"
"CCDC175",0.294,-0.127,0.032,0.035,1,"CCDC175"
"SPATA33",0.294,0.132,0.187,0.182,1,"SPATA33"
"CRIP3",0.295,0.394,0.013,0.011,1,"CRIP3"
"ANKRD31",0.295,0.175,0.018,0.02,1,"ANKRD31"
"JDP2",0.295,0.119,0.075,0.072,1,"JDP2"
"CNTN3",0.295,0.146,0.02,0.018,1,"CNTN3"
"DYNC2H1",0.295,-0.228,0.456,0.458,1,"DYNC2H1"
"CPB2",0.295,-0.168,0.041,0.044,1,"CPB2"
"FAM186B",0.296,-0.113,0.016,0.018,1,"FAM186B"
"TMEM100",0.296,0.228,0.017,0.016,1,"TMEM100"
"SLC6A11",0.296,-0.314,0.022,0.024,1,"SLC6A11"
"CFAP276",0.296,0.119,0.021,0.023,1,"CFAP276"
"FXYD2",0.298,0.259,0.016,0.014,1,"FXYD2"
"TMEM268",0.298,0.203,0.09,0.086,1,"TMEM268"
"ZNF470",0.298,0.152,0.126,0.122,1,"ZNF470"
"B3GALT9",0.298,-0.129,0.034,0.037,1,"B3GALT9"
"WDCP",0.298,-0.153,0.106,0.11,1,"WDCP"
"PPP2R5D",0.298,0.117,0.256,0.253,1,"PPP2R5D"
"ERAP2",0.299,-0.221,0.022,0.024,1,"ERAP2"
"TMEM79",0.299,0.206,0.036,0.033,1,"TMEM79"
"CELA2B",0.3,0.163,0.02,0.018,1,"CELA2B"
"LY6G5C",0.301,-0.15,0.026,0.028,1,"LY6G5C"
"SYNGR2",0.302,-0.133,0.019,0.021,1,"SYNGR2"
"CA13",0.304,-0.159,0.037,0.039,1,"CA13"
"ARHGAP31",0.305,-0.123,0.09,0.095,1,"ARHGAP31"
"KIF1C",0.306,0.109,0.085,0.081,1,"KIF1C"
"EML6",0.306,0.261,0.107,0.104,1,"EML6"
"FEM1A",0.307,0.137,0.174,0.17,1,"FEM1A"
"ANO7",0.307,-0.166,0.01,0.011,1,"ANO7"
"ABHD14B",0.307,-0.221,0.013,0.015,1,"ABHD14B"
"CNTD1",0.307,0.203,0.035,0.032,1,"CNTD1"
"CEP131",0.307,-0.104,0.139,0.144,1,"CEP131"
"IPO4",0.308,-0.105,0.02,0.022,1,"IPO4"
"MRPL53",0.308,-0.101,0.03,0.033,1,"MRPL53"
"DCHS2",0.309,0.205,0.032,0.03,1,"DCHS2"
"PTPRM",0.309,-0.127,0.186,0.179,1,"PTPRM"
"PCDHGA9",0.309,-0.17,0.013,0.015,1,"PCDHGA9"
"ABHD8",0.31,0.112,0.169,0.165,1,"ABHD8"
"ZNF653",0.31,0.202,0.088,0.084,1,"ZNF653"
"ENSG00000267645",0.311,0.137,0.064,0.06,1,"ENSG00000267645"
"DHH",0.311,-0.262,0.008,0.01,1,"DHH"
"ZNF70",0.311,0.189,0.083,0.079,1,"ZNF70"
"SLC5A11",0.312,0.341,0.022,0.02,1,"SLC5A11"
"SH2D3C",0.312,0.242,0.049,0.046,1,"SH2D3C"
"F2",0.312,0.236,0.021,0.019,1,"F2"
"TUFT1",0.313,0.107,0.093,0.089,1,"TUFT1"
"ACHE",0.314,0.393,0.01,0.009,1,"ACHE"
"NPRL3",0.314,0.1,0.276,0.273,1,"NPRL3"
"PIF1",0.315,0.171,0.108,0.104,1,"PIF1"
"PRPH",0.315,-0.177,0.019,0.022,1,"PRPH"
"ZNF749",0.315,0.11,0.056,0.052,1,"ZNF749"
"CMTM7",0.315,0.163,0.024,0.022,1,"CMTM7"
"LARP6",0.315,0.139,0.157,0.153,1,"LARP6"
"CLEC2D",0.315,0.125,0.18,0.176,1,"CLEC2D"
"MPPED1",0.316,0.239,0.028,0.026,1,"MPPED1"
"ENSG00000279103",0.316,0.214,0.058,0.055,1,"ENSG00000279103"
"ZNF256",0.316,-0.157,0.072,0.076,1,"ZNF256"
"PRRG2",0.317,0.303,0.01,0.009,1,"PRRG2"
"SLC43A3",0.318,-0.218,0.011,0.012,1,"SLC43A3"
"DGKQ",0.318,0.272,0.05,0.047,1,"DGKQ"
"NUDT14",0.319,-0.101,0.036,0.039,1,"NUDT14"
"PLXDC1",0.319,0.396,0.011,0.01,1,"PLXDC1"
"FAM3C",0.319,-0.127,0.388,0.388,1,"FAM3C"
"OSBP2",0.32,0.104,0.379,0.378,1,"OSBP2"
"CFAP61",0.32,-0.376,0.023,0.025,1,"CFAP61"
"FZD1",0.321,-0.109,0.065,0.069,1,"FZD1"
"OTULINL",0.321,-0.127,0.017,0.019,1,"OTULINL"
"ARHGAP10",0.322,-0.414,0.023,0.025,1,"ARHGAP10"
"CYP27A1",0.322,0.155,0.028,0.026,1,"CYP27A1"
"MPV17L",0.322,0.328,0.012,0.011,1,"MPV17L"
"ENDOV",0.322,0.13,0.206,0.203,1,"ENDOV"
"FABP3",0.322,0.303,0.024,0.022,1,"FABP3"
"ZFP41",0.322,0.171,0.058,0.055,1,"ZFP41"
"PPCS",0.323,0.155,0.081,0.078,1,"PPCS"
"MFAP3",0.323,0.105,0.264,0.259,1,"MFAP3"
"ZGLP1",0.323,0.333,0.013,0.012,1,"ZGLP1"
"RNF31",0.324,0.201,0.017,0.015,1,"RNF31"
"PTPRR",0.324,0.146,0.051,0.048,1,"PTPRR"
"MC1R",0.325,0.196,0.034,0.032,1,"MC1R"
"NYAP2",0.325,-0.106,0.287,0.292,1,"NYAP2"
"LAG3",0.326,-0.106,0.025,0.027,1,"LAG3"
"ENSG00000280385",0.326,0.173,0.014,0.012,1,"ENSG00000280385"
"ZNF526",0.326,0.134,0.052,0.049,1,"ZNF526"
"POLR2J2",0.327,0.301,0.014,0.012,1,"POLR2J2"
"C19orf54",0.327,-0.138,0.036,0.039,1,"C19orf54"
"C9orf43",0.327,0.13,0.013,0.011,1,"C9orf43"
"ZBTB45",0.327,0.174,0.06,0.057,1,"ZBTB45"
"OSBPL7",0.328,-0.212,0.032,0.034,1,"OSBPL7"
"TMEM127",0.328,0.135,0.144,0.14,1,"TMEM127"
"PAPLN",0.328,0.246,0.025,0.023,1,"PAPLN"
"EFNA4",0.328,-0.363,0.021,0.023,1,"EFNA4"
"LAMB4",0.329,-0.283,0.053,0.056,1,"LAMB4"
"RASSF3",0.329,-0.23,0.036,0.038,1,"RASSF3"
"LRRIQ1",0.329,-0.215,0.072,0.075,1,"LRRIQ1"
"CHRNA10",0.329,-0.367,0.013,0.015,1,"CHRNA10"
"PLEKHF1",0.329,-0.118,0.009,0.01,1,"PLEKHF1"
"ABCD1",0.33,-0.156,0.033,0.036,1,"ABCD1"
"RIOX2",0.33,-0.136,0.03,0.033,1,"RIOX2"
"FBN1",0.331,0.117,0.128,0.124,1,"FBN1"
"FHIT",0.332,-0.162,0.069,0.072,1,"FHIT"
"HAVCR2",0.333,0.101,0.127,0.122,1,"HAVCR2"
"NSUN5",0.334,-0.122,0.075,0.079,1,"NSUN5"
"IL1RAP",0.334,-0.958,0.01,0.012,1,"IL1RAP"
"FZR1",0.334,0.122,0.176,0.173,1,"FZR1"
"GLT8D2",0.334,0.25,0.032,0.03,1,"GLT8D2"
"LIPT2",0.335,-0.169,0.024,0.026,1,"LIPT2"
"CFAP69",0.335,-0.367,0.051,0.054,1,"CFAP69"
"CNTNAP3B",0.336,0.139,0.074,0.07,1,"CNTNAP3B"
"MIEF2",0.337,0.238,0.054,0.052,1,"MIEF2"
"TRMT1",0.337,0.114,0.113,0.109,1,"TRMT1"
"WAS",0.337,0.13,0.014,0.015,1,"WAS"
"NTNG2",0.338,-0.104,0.01,0.012,1,"NTNG2"
"MAP2K7",0.338,0.1,0.226,0.222,1,"MAP2K7"
"SYTL3",0.338,0.282,0.032,0.03,1,"SYTL3"
"SIRT5",0.338,0.112,0.161,0.157,1,"SIRT5"
"CHDH",0.341,-0.195,0.03,0.032,1,"CHDH"
"ARHGEF4",0.341,-0.258,0.052,0.055,1,"ARHGEF4"
"FOXP4",0.343,0.149,0.066,0.063,1,"FOXP4"
"ADAM12",0.344,-0.116,0.048,0.045,1,"ADAM12"
"MAGEE1",0.345,0.118,0.063,0.06,1,"MAGEE1"
"ZNF528",0.346,0.173,0.046,0.043,1,"ZNF528"
"ZNF446",0.348,0.115,0.079,0.075,1,"ZNF446"
"LZTS3",0.348,0.327,0.048,0.045,1,"LZTS3"
"ADCK5",0.348,0.25,0.055,0.052,1,"ADCK5"
"AGAP4",0.348,0.147,0.164,0.16,1,"AGAP4"
"ZBED9",0.349,0.122,0.053,0.05,1,"ZBED9"
"ARHGEF38",0.349,0.12,0.042,0.045,1,"ARHGEF38"
"CAMK2N2",0.349,0.223,0.087,0.084,1,"CAMK2N2"
"OGN",0.35,0.198,0.09,0.086,1,"OGN"
"CCDC141",0.352,-0.174,0.015,0.017,1,"CCDC141"
"ENSG00000279759",0.352,-0.283,0.011,0.012,1,"ENSG00000279759"
"COTL1",0.352,0.115,0.185,0.181,1,"COTL1"
"PTPRN",0.352,0.148,0.032,0.03,1,"PTPRN"
"SLC3A1",0.353,0.281,0.084,0.081,1,"SLC3A1"
"RAB11FIP5",0.353,0.105,0.041,0.039,1,"RAB11FIP5"
"CCDC81",0.353,0.12,0.036,0.033,1,"CCDC81"
"PMF1-BGLAP",0.354,0.537,0.011,0.01,1,"PMF1-BGLAP"
"THAP8",0.354,0.142,0.087,0.084,1,"THAP8"
"LDB3",0.355,0.202,0.017,0.015,1,"LDB3"
"SNED1",0.355,0.262,0.056,0.053,1,"SNED1"
"UBALD1",0.356,0.148,0.111,0.108,1,"UBALD1"
"ENSG00000279606",0.356,-0.111,0.011,0.012,1,"ENSG00000279606"
"SUV39H1",0.356,-0.107,0.035,0.038,1,"SUV39H1"
"CRABP2",0.356,0.331,0.012,0.011,1,"CRABP2"
"CDAN1",0.356,0.124,0.139,0.135,1,"CDAN1"
"ENSG00000270299",0.356,0.301,0.011,0.01,1,"ENSG00000270299"
"MASTL",0.356,-0.131,0.253,0.256,1,"MASTL"
"ENSG00000280401",0.357,0.323,0.013,0.012,1,"ENSG00000280401"
"ID1",0.357,-0.3,0.126,0.13,1,"ID1"
"PCDHB13",0.358,0.22,0.033,0.031,1,"PCDHB13"
"SLC22A1",0.358,0.154,0.011,0.009,1,"SLC22A1"
"ENSG00000188897",0.358,0.117,0.018,0.016,1,"ENSG00000188897"
"ENSG00000267179",0.359,0.239,0.033,0.031,1,"ENSG00000267179"
"CCDC92B",0.36,0.128,0.069,0.066,1,"CCDC92B"
"AGAP6",0.36,0.32,0.022,0.02,1,"AGAP6"
"NUTM2E",0.36,0.107,0.28,0.278,1,"NUTM2E"
"ENSG00000261459",0.361,0.172,0.011,0.009,1,"ENSG00000261459"
"ENSG00000279996",0.361,0.135,0.013,0.012,1,"ENSG00000279996"
"ZER1",0.361,0.123,0.288,0.287,1,"ZER1"
"TCEANC",0.361,0.102,0.047,0.05,1,"TCEANC"
"RGS19",0.361,0.277,0.035,0.033,1,"RGS19"
"LYPD6B",0.362,0.119,0.011,0.012,1,"LYPD6B"
"GLIS3",0.363,-0.346,0.205,0.208,1,"GLIS3"
"WDR49",0.363,-0.368,0.011,0.012,1,"WDR49"
"RDM1",0.363,-0.112,0.05,0.053,1,"RDM1"
"BVES",0.365,-0.114,0.042,0.044,1,"BVES"
"LGALS8",0.365,0.16,0.121,0.118,1,"LGALS8"
"TRIM39",0.367,-0.159,0.032,0.034,1,"TRIM39"
"FNDC10",0.369,0.194,0.02,0.018,1,"FNDC10"
"LONRF2",0.369,-0.173,0.35,0.357,1,"LONRF2"
"TOR1B",0.371,0.136,0.189,0.186,1,"TOR1B"
"ANKRD53",0.372,-0.198,0.01,0.012,1,"ANKRD53"
"SULF2",0.372,0.184,0.093,0.09,1,"SULF2"
"TSSK3",0.372,0.257,0.028,0.026,1,"TSSK3"
"SPRYD3",0.373,0.161,0.054,0.052,1,"SPRYD3"
"H1-5",0.373,-0.116,0.263,0.268,1,"H1-5"
"IL27RA",0.373,-0.161,0.016,0.018,1,"IL27RA"
"GNA14",0.373,0.142,0.039,0.037,1,"GNA14"
"ZNF354C",0.373,0.126,0.17,0.167,1,"ZNF354C"
"GALC",0.374,-0.142,0.043,0.046,1,"GALC"
"ATG16L1",0.374,0.102,0.173,0.169,1,"ATG16L1"
"ZKSCAN7",0.374,0.141,0.12,0.116,1,"ZKSCAN7"
"TCP10L",0.374,-0.142,0.079,0.082,1,"TCP10L"
"RAI2",0.374,-0.174,0.177,0.17,1,"RAI2"
"PRDM8",0.375,-0.365,0.014,0.013,1,"PRDM8"
"BBOX1",0.375,-0.266,0.03,0.032,1,"BBOX1"
"RGS14",0.376,-0.157,0.025,0.027,1,"RGS14"
"ITGA2",0.376,-0.16,0.069,0.072,1,"ITGA2"
"OSTF1",0.376,0.173,0.061,0.058,1,"OSTF1"
"FBLN7",0.376,0.158,0.133,0.13,1,"FBLN7"
"ASIP",0.376,0.105,0.037,0.034,1,"ASIP"
"ENTPD6",0.377,0.163,0.106,0.103,1,"ENTPD6"
"IGSF9",0.377,-0.13,0.039,0.042,1,"IGSF9"
"ELN",0.377,0.26,0.044,0.042,1,"ELN"
"EVI5L",0.378,0.146,0.123,0.12,1,"EVI5L"
"POLR3G",0.381,0.335,0.037,0.034,1,"POLR3G"
"ZNF713",0.382,0.118,0.123,0.119,1,"ZNF713"
"UBOX5",0.382,0.14,0.104,0.1,1,"UBOX5"
"MASP2",0.383,-0.122,0.024,0.027,1,"MASP2"
"TSNAXIP1",0.384,0.109,0.029,0.027,1,"TSNAXIP1"
"ZNF879",0.385,0.244,0.055,0.053,1,"ZNF879"
"GRHL1",0.385,0.143,0.087,0.084,1,"GRHL1"
"HSD11B2",0.387,0.242,0.015,0.014,1,"HSD11B2"
"ZIM2",0.388,-0.108,0.015,0.017,1,"ZIM2"
"B3GALT4",0.388,0.102,0.028,0.026,1,"B3GALT4"
"CHST1",0.388,-0.106,0.017,0.019,1,"CHST1"
"STARD10",0.389,0.185,0.046,0.043,1,"STARD10"
"CCDC39",0.39,0.307,0.029,0.027,1,"CCDC39"
"PDZD2",0.39,0.242,0.154,0.15,1,"PDZD2"
"EFNB3",0.39,0.108,0.166,0.163,1,"EFNB3"
"RASL11A",0.391,0.127,0.01,0.011,1,"RASL11A"
"FMNL1",0.391,0.448,0.01,0.009,1,"FMNL1"
"ENSG00000272916",0.391,0.376,0.013,0.011,1,"ENSG00000272916"
"ABCC11",0.391,0.373,0.011,0.01,1,"ABCC11"
"HIGD1C",0.392,0.311,0.022,0.02,1,"HIGD1C"
"SENP3",0.393,0.145,0.135,0.132,1,"SENP3"
"IGSF6",0.393,0.134,0.058,0.055,1,"IGSF6"
"TBXA2R",0.393,0.253,0.014,0.012,1,"TBXA2R"
"FSTL3",0.393,0.24,0.012,0.011,1,"FSTL3"
"ZSCAN29",0.393,0.131,0.128,0.125,1,"ZSCAN29"
"DIABLO",0.394,-0.302,0.023,0.025,1,"DIABLO"
"ZC3HAV1L",0.394,0.11,0.043,0.041,1,"ZC3HAV1L"
"DNAH12",0.394,-0.187,0.012,0.013,1,"DNAH12"
"ZNF577",0.394,0.127,0.223,0.221,1,"ZNF577"
"AJAP1",0.394,0.166,0.013,0.012,1,"AJAP1"
"SLC14A2",0.395,-0.127,0.058,0.061,1,"SLC14A2"
"ZNF671",0.395,0.136,0.078,0.075,1,"ZNF671"
"KLHDC8B",0.396,0.138,0.033,0.035,1,"KLHDC8B"
"BCL2L2-PABPN1",0.397,0.114,0.112,0.108,1,"BCL2L2-PABPN1"
"SGCZ",0.397,0.19,0.014,0.013,1,"SGCZ"
"FGF17",0.397,0.176,0.01,0.008,1,"FGF17"
"ENOSF1",0.397,0.113,0.154,0.15,1,"ENOSF1"
"KCTD8",0.398,-0.372,0.07,0.072,1,"KCTD8"
"MYLK2",0.398,0.126,0.023,0.021,1,"MYLK2"
"CLDND2",0.398,0.142,0.021,0.02,1,"CLDND2"
"COL23A1",0.399,0.464,0.012,0.01,1,"COL23A1"
"TRIM7",0.399,0.117,0.013,0.011,1,"TRIM7"
"ATP6V1FNB",0.4,0.134,0.013,0.011,1,"ATP6V1FNB"
"CFAP43",0.4,-0.103,0.037,0.039,1,"CFAP43"
"RADX",0.4,0.176,0.185,0.182,1,"RADX"
"NT5DC4",0.401,-0.238,0.023,0.024,1,"NT5DC4"
"ENSG00000279495",0.401,0.211,0.05,0.047,1,"ENSG00000279495"
"DHRS1",0.401,0.114,0.14,0.136,1,"DHRS1"
"GLIPR1L1",0.402,0.254,0.04,0.038,1,"GLIPR1L1"
"LRRTM3",0.402,0.135,0.224,0.22,1,"LRRTM3"
"NRP1",0.402,-0.122,0.169,0.174,1,"NRP1"
"SMC1B",0.404,0.152,0.041,0.039,1,"SMC1B"
"ZNF134",0.405,0.114,0.18,0.178,1,"ZNF134"
"ENSG00000280048",0.405,-0.135,0.01,0.009,1,"ENSG00000280048"
"AVPI1",0.409,-0.134,0.029,0.031,1,"AVPI1"
"TRIM32",0.41,0.128,0.112,0.109,1,"TRIM32"
"CALN1",0.41,-0.176,0.053,0.05,1,"CALN1"
"ENTPD1",0.41,-0.197,0.047,0.049,1,"ENTPD1"
"CLDN18",0.411,0.244,0.018,0.016,1,"CLDN18"
"MAP1LC3B2",0.411,-0.122,0.014,0.015,1,"MAP1LC3B2"
"TUB",0.412,0.106,0.104,0.1,1,"TUB"
"SCARF2",0.412,0.204,0.052,0.049,1,"SCARF2"
"ATOH8",0.412,0.116,0.049,0.047,1,"ATOH8"
"PDE1B",0.413,-0.213,0.009,0.01,1,"PDE1B"
"EPHB3",0.416,-0.39,0.009,0.01,1,"EPHB3"
"KIF26B",0.417,-0.505,0.197,0.2,1,"KIF26B"
"LMF1",0.419,0.12,0.406,0.406,1,"LMF1"
"EPX",0.419,0.276,0.015,0.014,1,"EPX"
"TSPAN16",0.42,0.269,0.016,0.014,1,"TSPAN16"
"ENSG00000280077",0.423,0.194,0.038,0.036,1,"ENSG00000280077"
"NEK8",0.424,0.121,0.019,0.021,1,"NEK8"
"SLC12A5",0.424,0.108,0.097,0.095,1,"SLC12A5"
"SLC4A9",0.425,0.109,0.016,0.015,1,"SLC4A9"
"ARL4A",0.425,0.216,0.081,0.078,1,"ARL4A"
"THNSL1",0.426,0.183,0.068,0.065,1,"THNSL1"
"CRISPLD2",0.426,0.122,0.013,0.011,1,"CRISPLD2"
"SMN1",0.427,0.164,0.096,0.093,1,"SMN1"
"AIFM2",0.427,0.131,0.036,0.034,1,"AIFM2"
"PLEKHB1",0.428,0.104,0.023,0.024,1,"PLEKHB1"
"SLC26A6",0.428,0.209,0.011,0.012,1,"SLC26A6"
"SLC27A3",0.429,0.11,0.034,0.032,1,"SLC27A3"
"GRAMD4",0.429,0.102,0.211,0.208,1,"GRAMD4"
"GPR146",0.429,0.143,0.015,0.013,1,"GPR146"
"ZNF57",0.431,0.177,0.029,0.027,1,"ZNF57"
"ENSG00000279692",0.431,-0.125,0.025,0.027,1,"ENSG00000279692"
"ENSG00000280161",0.432,-0.128,0.015,0.016,1,"ENSG00000280161"
"APCDD1",0.433,0.3,0.044,0.042,1,"APCDD1"
"SYN2",0.434,0.194,0.019,0.018,1,"SYN2"
"FAM90A1",0.434,0.178,0.013,0.012,1,"FAM90A1"
"COL6A6",0.434,-0.239,0.02,0.022,1,"COL6A6"
"CEL",0.435,0.192,0.012,0.011,1,"CEL"
"RIMS4",0.435,0.16,0.04,0.043,1,"RIMS4"
"CLDN5",0.437,0.197,0.047,0.045,1,"CLDN5"
"CMPK2",0.437,0.122,0.054,0.051,1,"CMPK2"
"C3orf62",0.438,0.101,0.11,0.108,1,"C3orf62"
"SHISA8",0.438,0.447,0.01,0.009,1,"SHISA8"
"REM2",0.438,0.168,0.012,0.011,1,"REM2"
"ZMAT4",0.439,-0.279,0.034,0.036,1,"ZMAT4"
"TMEM150B",0.439,0.296,0.01,0.009,1,"TMEM150B"
"CNMD",0.439,0.336,0.01,0.009,1,"CNMD"
"PHOSPHO2",0.439,0.238,0.076,0.074,1,"PHOSPHO2"
"IFIT3",0.44,0.362,0.054,0.052,1,"IFIT3"
"PFKFB1",0.441,-0.188,0.015,0.016,1,"PFKFB1"
"HTR2B",0.443,0.206,0.031,0.029,1,"HTR2B"
"NFE2L3",0.443,0.184,0.109,0.106,1,"NFE2L3"
"GATD1",0.444,0.136,0.184,0.183,1,"GATD1"
"ZNF114",0.445,0.18,0.065,0.063,1,"ZNF114"
"VASN",0.445,0.285,0.017,0.015,1,"VASN"
"BCL2L15",0.445,-0.147,0.014,0.016,1,"BCL2L15"
"DYNLT2",0.446,-0.212,0.062,0.064,1,"DYNLT2"
"PPAN",0.446,0.119,0.07,0.074,1,"PPAN"
"TINCR",0.448,0.201,0.029,0.028,1,"TINCR"
"USP6",0.449,-0.231,0.013,0.015,1,"USP6"
"PAIP2B",0.449,0.105,0.064,0.062,1,"PAIP2B"
"SLC1A5",0.45,0.19,0.063,0.061,1,"SLC1A5"
"RARRES1",0.45,0.183,0.099,0.096,1,"RARRES1"
"OXSM",0.451,0.119,0.039,0.037,1,"OXSM"
"ETFBKMT",0.453,0.114,0.051,0.049,1,"ETFBKMT"
"TRIM73",0.453,0.125,0.071,0.069,1,"TRIM73"
"CCDC22",0.453,0.119,0.071,0.074,1,"CCDC22"
"CRABP1",0.453,-0.371,0.202,0.195,1,"CRABP1"
"LTBP3",0.455,0.124,0.183,0.18,1,"LTBP3"
"ZNF18",0.455,0.128,0.087,0.084,1,"ZNF18"
"FKRP",0.456,0.186,0.149,0.147,1,"FKRP"
"CLDN2",0.456,0.115,0.016,0.015,1,"CLDN2"
"DENND2C",0.457,0.446,0.014,0.013,1,"DENND2C"
"IQCC",0.458,0.259,0.024,0.022,1,"IQCC"
"MAN2A2",0.458,-0.107,0.106,0.109,1,"MAN2A2"
"ENSG00000288721",0.459,0.11,0.017,0.018,1,"ENSG00000288721"
"EPOR",0.459,0.145,0.056,0.053,1,"EPOR"
"PLEKHG5",0.46,0.162,0.052,0.05,1,"PLEKHG5"
"BBC3",0.46,0.147,0.087,0.085,1,"BBC3"
"TENM3",0.461,0.181,0.427,0.428,1,"TENM3"
"CAMKV",0.461,0.21,0.02,0.018,1,"CAMKV"
"SAMD13",0.462,0.119,0.066,0.064,1,"SAMD13"
"STX5",0.462,0.103,0.303,0.303,1,"STX5"
"DAB1",0.462,0.29,0.101,0.098,1,"DAB1"
"MORN3",0.462,-0.23,0.017,0.018,1,"MORN3"
"KCP",0.462,0.146,0.015,0.013,1,"KCP"
"ENSG00000279198",0.462,-0.238,0.014,0.015,1,"ENSG00000279198"
"DUSP5",0.463,-0.207,0.018,0.019,1,"DUSP5"
"ASTE1",0.463,0.375,0.019,0.018,1,"ASTE1"
"SPAG17",0.464,-0.44,0.011,0.012,1,"SPAG17"
"ENSG00000279138",0.466,0.314,0.013,0.012,1,"ENSG00000279138"
"RIPOR2",0.466,-0.173,0.52,0.517,1,"RIPOR2"
"ZC2HC1C",0.467,0.154,0.056,0.054,1,"ZC2HC1C"
"TM4SF20",0.469,0.295,0.014,0.012,1,"TM4SF20"
"CFD",0.469,0.291,0.019,0.017,1,"CFD"
"PRICKLE2",0.469,0.35,0.119,0.117,1,"PRICKLE2"
"EFHD1",0.469,0.111,0.086,0.083,1,"EFHD1"
"ADCK2",0.469,0.18,0.093,0.091,1,"ADCK2"
"ENPEP",0.47,-0.579,0.009,0.01,1,"ENPEP"
"ACP6",0.471,-0.108,0.103,0.106,1,"ACP6"
"TRPV1",0.472,0.188,0.039,0.037,1,"TRPV1"
"LXN",0.472,0.272,0.035,0.033,1,"LXN"
"MAP3K5",0.473,-0.225,0.053,0.055,1,"MAP3K5"
"ANKS6",0.474,0.105,0.103,0.1,1,"ANKS6"
"SLC30A4",0.474,0.115,0.086,0.083,1,"SLC30A4"
"ENSG00000290183",0.476,-0.127,0.01,0.011,1,"ENSG00000290183"
"SSTR2",0.477,0.654,0.018,0.017,1,"SSTR2"
"ENSG00000278972",0.477,0.207,0.012,0.011,1,"ENSG00000278972"
"ALDH8A1",0.477,-0.103,0.033,0.035,1,"ALDH8A1"
"CCDC192",0.477,-0.326,0.018,0.019,1,"CCDC192"
"TBC1D8",0.479,0.127,0.201,0.199,1,"TBC1D8"
"DNAH17",0.479,0.185,0.029,0.027,1,"DNAH17"
"SYNE3",0.479,0.114,0.041,0.039,1,"SYNE3"
"THSD4",0.48,-0.411,0.052,0.049,1,"THSD4"
"BTBD16",0.485,-0.294,0.01,0.011,1,"BTBD16"
"FRMPD4",0.486,-0.201,0.011,0.01,1,"FRMPD4"
"EPS8L2",0.487,0.113,0.011,0.01,1,"EPS8L2"
"ENSG00000280216",0.487,0.162,0.01,0.009,1,"ENSG00000280216"
"POLN",0.489,-0.107,0.012,0.014,1,"POLN"
"CENPVL3",0.49,-0.204,0.01,0.011,1,"CENPVL3"
"MINAR1",0.49,0.126,0.02,0.019,1,"MINAR1"
"C2CD4C",0.491,0.185,0.028,0.026,1,"C2CD4C"
"RNF212B",0.491,0.383,0.023,0.021,1,"RNF212B"
"ZNF843",0.491,-0.195,0.015,0.016,1,"ZNF843"
"C19orf73",0.493,0.5,0.013,0.012,1,"C19orf73"
"DEF6",0.493,-0.2,0.016,0.017,1,"DEF6"
"FHL2",0.494,0.113,0.082,0.08,1,"FHL2"
"AVIL",0.495,0.108,0.162,0.16,1,"AVIL"
"ANKRD33B",0.495,0.25,0.021,0.019,1,"ANKRD33B"
"CRLF1",0.496,0.215,0.02,0.018,1,"CRLF1"
"ZNF547",0.496,0.114,0.065,0.063,1,"ZNF547"
"SPATA32",0.496,0.114,0.017,0.018,1,"SPATA32"
"H2BC11",0.496,0.127,0.064,0.062,1,"H2BC11"
"DENND6B",0.497,0.167,0.126,0.124,1,"DENND6B"
"DFFA",0.498,0.12,0.292,0.292,1,"DFFA"
"SLC5A4",0.499,0.124,0.053,0.051,1,"SLC5A4"
"EDARADD",0.499,-0.221,0.011,0.012,1,"EDARADD"
"ANKRD18B",0.499,0.278,0.015,0.014,1,"ANKRD18B"
"PEX5L",0.499,0.336,0.036,0.038,1,"PEX5L"
"DNAJB9",0.502,0.119,0.224,0.223,1,"DNAJB9"
"RMDN2",0.502,-0.121,0.068,0.071,1,"RMDN2"
"SMTNL1",0.503,0.218,0.023,0.022,1,"SMTNL1"
"KCNJ6",0.505,0.289,0.016,0.017,1,"KCNJ6"
"CENPF",0.507,0.126,0.392,0.405,1,"CENPF"
"STEAP4",0.507,0.146,0.014,0.013,1,"STEAP4"
"TRIM65",0.509,0.117,0.066,0.064,1,"TRIM65"
"H4C8",0.51,0.354,0.097,0.1,1,"H4C8"
"DHRS13",0.51,0.108,0.074,0.072,1,"DHRS13"
"TPRG1",0.511,0.517,0.013,0.012,1,"TPRG1"
"TAS2R4",0.511,0.216,0.035,0.033,1,"TAS2R4"
"WWC2",0.512,-0.188,0.139,0.142,1,"WWC2"
"DEPTOR",0.514,0.116,0.018,0.017,1,"DEPTOR"
"WIPF3",0.517,0.365,0.037,0.035,1,"WIPF3"
"NOL3",0.517,0.133,0.075,0.073,1,"NOL3"
"RAP1GAP",0.518,-0.571,0.051,0.053,1,"RAP1GAP"
"BIN1",0.518,0.131,0.071,0.069,1,"BIN1"
"SLC24A5",0.519,0.136,0.04,0.038,1,"SLC24A5"
"GBX1",0.52,0.111,0.019,0.017,1,"GBX1"
"TENT5A",0.521,0.439,0.021,0.02,1,"TENT5A"
"HES7",0.521,-0.321,0.012,0.014,1,"HES7"
"DUSP22",0.522,0.128,0.143,0.141,1,"DUSP22"
"ZCCHC18",0.522,0.107,0.032,0.034,1,"ZCCHC18"
"TACR3",0.523,0.601,0.011,0.01,1,"TACR3"
"CYP27C1",0.524,0.134,0.051,0.049,1,"CYP27C1"
"SRPX",0.525,0.454,0.011,0.01,1,"SRPX"
"MOCOS",0.527,-0.353,0.018,0.019,1,"MOCOS"
"CCDC196",0.528,0.178,0.045,0.043,1,"CCDC196"
"AMT",0.528,0.282,0.01,0.009,1,"AMT"
"TNK1",0.529,0.127,0.016,0.015,1,"TNK1"
"CCSER1",0.529,-0.164,0.485,0.477,1,"CCSER1"
"APOLD1",0.529,0.108,0.366,0.366,1,"APOLD1"
"MYOM2",0.529,0.395,0.01,0.009,1,"MYOM2"
"UCP1",0.53,0.272,0.01,0.009,1,"UCP1"
"PLCH2",0.532,0.14,0.016,0.015,1,"PLCH2"
"BFSP2",0.532,0.192,0.022,0.024,1,"BFSP2"
"DDX60",0.534,-0.104,0.043,0.045,1,"DDX60"
"CFAP100",0.534,0.138,0.053,0.051,1,"CFAP100"
"FBXO4",0.534,0.1,0.023,0.022,1,"FBXO4"
"KLF2",0.534,0.335,0.015,0.014,1,"KLF2"
"ZNF284",0.535,0.126,0.05,0.048,1,"ZNF284"
"DGKB",0.538,-0.131,0.491,0.481,1,"DGKB"
"CNTNAP5",0.538,-0.287,0.015,0.014,1,"CNTNAP5"
"AGER",0.54,-0.125,0.021,0.022,1,"AGER"
"EGFL8",0.542,0.22,0.048,0.047,1,"EGFL8"
"GUCA1B",0.542,0.123,0.063,0.061,1,"GUCA1B"
"ENSG00000259371",0.543,0.14,0.014,0.013,1,"ENSG00000259371"
"KCNH5",0.544,-0.414,0.013,0.014,1,"KCNH5"
"DLEC1",0.546,-0.15,0.015,0.016,1,"DLEC1"
"BCL11B",0.546,-0.118,0.846,0.827,1,"BCL11B"
"OPA3",0.546,0.146,0.169,0.167,1,"OPA3"
"MLLT3",0.546,-0.166,0.879,0.874,1,"MLLT3"
"GOLGA8M",0.546,0.11,0.028,0.026,1,"GOLGA8M"
"ENSG00000249773",0.546,0.128,0.085,0.083,1,"ENSG00000249773"
"ENSG00000255439",0.547,-0.155,0.029,0.031,1,"ENSG00000255439"
"MSANTD1",0.547,0.237,0.023,0.025,1,"MSANTD1"
"KCTD12",0.548,0.161,0.085,0.083,1,"KCTD12"
"BLOC1S3",0.548,0.128,0.031,0.03,1,"BLOC1S3"
"REC8",0.548,0.155,0.015,0.016,1,"REC8"
"ENSG00000279148",0.549,-0.135,0.01,0.011,1,"ENSG00000279148"
"FAS",0.55,0.196,0.035,0.033,1,"FAS"
"NPM2",0.55,0.119,0.028,0.027,1,"NPM2"
"SERF1B",0.551,0.308,0.017,0.016,1,"SERF1B"
"HLA-F",0.552,0.227,0.013,0.012,1,"HLA-F"
"SCN1B",0.554,0.129,0.018,0.019,1,"SCN1B"
"ERN1",0.554,0.106,0.096,0.094,1,"ERN1"
"SH3D21",0.555,-0.129,0.03,0.032,1,"SH3D21"
"CAND2",0.556,0.113,0.102,0.1,1,"CAND2"
"HMMR",0.556,-0.159,0.184,0.187,1,"HMMR"
"NR4A3",0.558,-0.141,0.013,0.012,1,"NR4A3"
"ITPKA",0.558,0.152,0.025,0.024,1,"ITPKA"
"ENSG00000256825",0.558,0.311,0.012,0.011,1,"ENSG00000256825"
"GRK7",0.559,0.293,0.016,0.015,1,"GRK7"
"RAB42",0.56,0.133,0.013,0.012,1,"RAB42"
"ITIH2",0.56,-0.216,0.015,0.016,1,"ITIH2"
"BAP1",0.561,0.102,0.098,0.096,1,"BAP1"
"MEGF6",0.562,-0.106,0.009,0.01,1,"MEGF6"
"SGCG",0.564,0.422,0.028,0.027,1,"SGCG"
"ENSG00000285641",0.564,-0.237,0.014,0.015,1,"ENSG00000285641"
"GABRB2",0.566,0.144,0.077,0.075,1,"GABRB2"
"C17orf113",0.566,-0.202,0.01,0.011,1,"C17orf113"
"KIAA0895L",0.567,0.101,0.259,0.259,1,"KIAA0895L"
"CYP46A1",0.568,0.181,0.052,0.051,1,"CYP46A1"
"IHO1",0.568,0.43,0.011,0.01,1,"IHO1"
"BAALC",0.568,-0.181,0.125,0.122,1,"BAALC"
"TMEM88",0.568,0.195,0.015,0.014,1,"TMEM88"
"ATP6V1C2",0.568,-0.235,0.029,0.03,1,"ATP6V1C2"
"HAAO",0.569,-0.121,0.018,0.019,1,"HAAO"
"TIGD1",0.57,0.143,0.084,0.082,1,"TIGD1"
"TK1",0.571,-0.129,0.118,0.12,1,"TK1"
"GABRQ",0.572,-0.171,0.02,0.021,1,"GABRQ"
"CX3CL1",0.572,0.238,0.027,0.026,1,"CX3CL1"
"ITPRIPL1",0.573,0.133,0.009,0.01,1,"ITPRIPL1"
"AP1G2",0.574,0.23,0.015,0.014,1,"AP1G2"
"VPS9D1",0.574,0.164,0.169,0.168,1,"VPS9D1"
"RETSAT",0.575,0.198,0.045,0.043,1,"RETSAT"
"EMILIN3",0.575,0.357,0.015,0.014,1,"EMILIN3"
"BDH1",0.576,0.12,0.052,0.054,1,"BDH1"
"CFAP20DC",0.58,-0.219,0.015,0.016,1,"CFAP20DC"
"CACNA2D3",0.58,-0.417,0.055,0.053,1,"CACNA2D3"
"VXN",0.58,-0.208,0.02,0.021,1,"VXN"
"FAR2",0.58,0.17,0.112,0.11,1,"FAR2"
"SLC15A2",0.58,-0.119,0.035,0.036,1,"SLC15A2"
"BTBD18",0.58,0.148,0.04,0.039,1,"BTBD18"
"NPIPB6",0.581,0.251,0.01,0.009,1,"NPIPB6"
"TMPRSS9",0.582,0.115,0.049,0.047,1,"TMPRSS9"
"DNAH1",0.583,0.127,0.028,0.027,1,"DNAH1"
"UBAP1L",0.583,0.113,0.146,0.144,1,"UBAP1L"
"MANSC1",0.584,0.241,0.023,0.022,1,"MANSC1"
"ZBTB39",0.585,0.107,0.099,0.097,1,"ZBTB39"
"AKAP5",0.586,-0.13,0.117,0.119,1,"AKAP5"
"MDH1B",0.587,0.246,0.013,0.014,1,"MDH1B"
"PLEKHH2",0.588,-0.387,0.043,0.044,1,"PLEKHH2"
"KLHL17",0.588,0.113,0.027,0.026,1,"KLHL17"
"CCDC180",0.589,0.195,0.057,0.059,1,"CCDC180"
"FAM102A",0.59,0.139,0.171,0.17,1,"FAM102A"
"F8A1",0.592,0.122,0.088,0.086,1,"F8A1"
"EVI2A",0.592,0.136,0.035,0.033,1,"EVI2A"
"ENSG00000255432",0.593,-0.166,0.015,0.014,1,"ENSG00000255432"
"KDM8",0.594,0.105,0.038,0.037,1,"KDM8"
"ZC3H10",0.596,0.122,0.095,0.093,1,"ZC3H10"
"SYNGR3",0.597,0.181,0.044,0.043,1,"SYNGR3"
"C2orf72",0.599,-0.126,0.099,0.101,1,"C2orf72"
"TCHH",0.6,0.179,0.013,0.012,1,"TCHH"
"SMPD2",0.601,0.161,0.013,0.013,1,"SMPD2"
"NEB",0.603,0.103,0.053,0.055,1,"NEB"
"TBC1D30",0.604,-0.212,0.014,0.014,1,"TBC1D30"
"FAM83E",0.604,0.316,0.016,0.015,1,"FAM83E"
"FAM161B",0.604,0.1,0.124,0.123,1,"FAM161B"
"PIK3CD",0.607,0.144,0.044,0.046,1,"PIK3CD"
"CATSPERD",0.607,-0.197,0.009,0.01,1,"CATSPERD"
"USP19",0.608,0.138,0.133,0.132,1,"USP19"
"CCDC9",0.608,0.139,0.073,0.071,1,"CCDC9"
"GLYCTK",0.609,0.195,0.016,0.015,1,"GLYCTK"
"HARS2",0.609,0.108,0.13,0.134,1,"HARS2"
"ENSG00000256100",0.609,0.336,0.015,0.014,1,"ENSG00000256100"
"NRG4",0.61,-0.116,0.042,0.044,1,"NRG4"
"AIMP2",0.61,0.101,0.306,0.308,1,"AIMP2"
"USP35",0.61,0.157,0.033,0.034,1,"USP35"
"APOE",0.611,-0.362,0.03,0.029,1,"APOE"
"SYT3",0.611,0.23,0.012,0.011,1,"SYT3"
"TOMM34",0.613,0.136,0.099,0.097,1,"TOMM34"
"ZXDB",0.613,0.115,0.069,0.067,1,"ZXDB"
"CIART",0.613,-0.115,0.062,0.064,1,"CIART"
"PTPN5",0.614,0.21,0.012,0.013,1,"PTPN5"
"H2BC10",0.614,0.116,0.019,0.018,1,"H2BC10"
"GRM2",0.615,-0.28,0.009,0.01,1,"GRM2"
"CARMIL2",0.615,0.112,0.019,0.02,1,"CARMIL2"
"TFPI",0.616,-0.172,0.041,0.04,1,"TFPI"
"GCAT",0.617,0.129,0.076,0.074,1,"GCAT"
"SLC24A2",0.617,0.187,0.019,0.018,1,"SLC24A2"
"GPD1L",0.617,0.135,0.072,0.074,1,"GPD1L"
"RND1",0.617,0.109,0.042,0.04,1,"RND1"
"COLGALT2",0.618,-0.118,0.126,0.128,1,"COLGALT2"
"RNF112",0.618,0.124,0.062,0.06,1,"RNF112"
"RAD51D",0.618,0.116,0.17,0.169,1,"RAD51D"
"NCDN",0.618,0.146,0.028,0.029,1,"NCDN"
"CACTIN",0.619,0.128,0.083,0.082,1,"CACTIN"
"MEGF10",0.619,-0.171,0.082,0.083,1,"MEGF10"
"MAP3K19",0.62,-0.177,0.009,0.01,1,"MAP3K19"
"ADAMTS17",0.62,0.14,0.073,0.071,1,"ADAMTS17"
"KCNN2",0.62,-0.361,0.017,0.017,1,"KCNN2"
"SLC41A1",0.621,0.147,0.115,0.114,1,"SLC41A1"
"NDRG4",0.622,0.113,0.167,0.166,1,"NDRG4"
"MAP7D2",0.622,0.108,0.024,0.023,1,"MAP7D2"
"H2AW",0.623,0.179,0.282,0.282,1,"H2AW"
"APCDD1L",0.623,0.192,0.021,0.02,1,"APCDD1L"
"S100A6",0.624,0.296,0.011,0.01,1,"S100A6"
"ARMCX5-GPRASP2",0.625,0.186,0.023,0.022,1,"ARMCX5-GPRASP2"
"ALOX5",0.625,0.326,0.01,0.01,1,"ALOX5"
"S1PR2",0.625,0.227,0.01,0.011,1,"S1PR2"
"KATNAL2",0.626,0.214,0.099,0.097,1,"KATNAL2"
"PUS10",0.626,-0.106,0.117,0.12,1,"PUS10"
"COA7",0.628,0.163,0.102,0.1,1,"COA7"
"ENSG00000279573",0.629,0.167,0.047,0.046,1,"ENSG00000279573"
"ENSG00000279500",0.629,-0.104,0.022,0.023,1,"ENSG00000279500"
"ADCY2",0.63,-0.14,0.105,0.107,1,"ADCY2"
"MSTO1",0.631,0.108,0.168,0.167,1,"MSTO1"
"LIN7B",0.631,0.16,0.151,0.151,1,"LIN7B"
"RTL5",0.632,0.115,0.104,0.102,1,"RTL5"
"GALT",0.632,0.113,0.083,0.086,1,"GALT"
"PPFIA3",0.632,0.178,0.069,0.068,1,"PPFIA3"
"AZU1",0.633,-0.13,0.018,0.019,1,"AZU1"
"APOBEC2",0.634,0.179,0.032,0.031,1,"APOBEC2"
"IGFBP6",0.636,-0.155,0.012,0.013,1,"IGFBP6"
"NIBAN3",0.636,0.212,0.013,0.013,1,"NIBAN3"
"RCN3",0.637,0.176,0.017,0.016,1,"RCN3"
"SP8",0.637,0.113,0.222,0.221,1,"SP8"
"CBLN1",0.638,0.171,0.013,0.013,1,"CBLN1"
"PEX11G",0.64,0.188,0.024,0.024,1,"PEX11G"
"INCA1",0.641,0.126,0.01,0.009,1,"INCA1"
"GARIN2",0.642,0.229,0.038,0.037,1,"GARIN2"
"TRIM61",0.642,0.308,0.02,0.019,1,"TRIM61"
"CHRD",0.642,0.183,0.013,0.012,1,"CHRD"
"ENSG00000279364",0.643,-0.14,0.01,0.011,1,"ENSG00000279364"
"STAT2",0.643,0.108,0.172,0.171,1,"STAT2"
"NCEH1",0.645,0.314,0.019,0.018,1,"NCEH1"
"MMP25",0.647,0.293,0.018,0.018,1,"MMP25"
"ZNF517",0.648,0.211,0.039,0.041,1,"ZNF517"
"ENSG00000279587",0.649,-0.197,0.01,0.009,1,"ENSG00000279587"
"FZD6",0.652,0.132,0.054,0.053,1,"FZD6"
"ASPHD2",0.653,0.243,0.042,0.041,1,"ASPHD2"
"CCDC200",0.656,0.861,0.015,0.016,1,"CCDC200"
"ASIC2",0.659,-0.18,0.012,0.012,1,"ASIC2"
"KCNAB1",0.659,-0.356,0.056,0.057,1,"KCNAB1"
"ARG1",0.66,-0.189,0.024,0.025,1,"ARG1"
"RNF32",0.661,0.115,0.061,0.06,1,"RNF32"
"GCH1",0.662,0.255,0.014,0.014,1,"GCH1"
"VPS37C",0.662,0.139,0.098,0.097,1,"VPS37C"
"ZXDA",0.662,0.136,0.06,0.058,1,"ZXDA"
"C19orf38",0.664,-0.307,0.015,0.016,1,"C19orf38"
"ZNF658",0.666,0.14,0.094,0.093,1,"ZNF658"
"ZNF230",0.666,0.15,0.07,0.069,1,"ZNF230"
"ACBD4",0.667,0.289,0.014,0.014,1,"ACBD4"
"FAT2",0.668,0.101,0.009,0.01,1,"FAT2"
"ENSG00000268173",0.668,0.122,0.018,0.017,1,"ENSG00000268173"
"HAPLN3",0.669,0.101,0.01,0.011,1,"HAPLN3"
"SPOCK2",0.671,0.124,0.02,0.021,1,"SPOCK2"
"ARHGDIG",0.671,0.283,0.026,0.025,1,"ARHGDIG"
"ENSG00000279267",0.672,0.238,0.044,0.043,1,"ENSG00000279267"
"FHOD1",0.673,0.155,0.029,0.028,1,"FHOD1"
"SLFN11",0.673,0.149,0.011,0.011,1,"SLFN11"
"ARPP21",0.673,-0.457,0.108,0.11,1,"ARPP21"
"ART3",0.673,-0.147,0.018,0.019,1,"ART3"
"ADCY8",0.675,-0.105,0.015,0.014,1,"ADCY8"
"ENSG00000279092",0.676,0.137,0.061,0.06,1,"ENSG00000279092"
"TCTA",0.676,0.215,0.056,0.055,1,"TCTA"
"NXPH4",0.677,0.153,0.011,0.01,1,"NXPH4"
"PTPRD",0.678,-0.119,0.555,0.557,1,"PTPRD"
"TRMT9B",0.679,0.329,0.037,0.036,1,"TRMT9B"
"CHEK2",0.681,0.104,0.208,0.208,1,"CHEK2"
"PIGO",0.681,0.112,0.046,0.044,1,"PIGO"
"ABCG8",0.682,0.108,0.01,0.01,1,"ABCG8"
"CEBPB",0.683,0.278,0.025,0.026,1,"CEBPB"
"FAM151B",0.684,0.17,0.091,0.089,1,"FAM151B"
"PNMA8B",0.685,0.208,0.034,0.034,1,"PNMA8B"
"TSC2",0.685,0.109,0.208,0.208,1,"TSC2"
"GIN1",0.685,0.102,0.12,0.119,1,"GIN1"
"GNG3",0.685,0.146,0.255,0.264,1,"GNG3"
"GLIPR1L2",0.688,-0.116,0.017,0.016,1,"GLIPR1L2"
"PCDHA6",0.688,0.116,0.016,0.015,1,"PCDHA6"
"PLAC8L1",0.688,0.106,0.05,0.049,1,"PLAC8L1"
"LBHD1",0.69,-0.143,0.01,0.01,1,"LBHD1"
"KIAA0895",0.69,0.139,0.146,0.15,1,"KIAA0895"
"HYKK",0.69,0.283,0.01,0.009,1,"HYKK"
"PRMT8",0.692,0.222,0.021,0.02,1,"PRMT8"
"SERPINE3",0.692,0.272,0.066,0.065,1,"SERPINE3"
"HSPA1B",0.693,-0.171,0.154,0.153,1,"HSPA1B"
"SLC16A9",0.694,0.104,0.135,0.134,1,"SLC16A9"
"EFCAB9",0.695,-0.134,0.021,0.021,1,"EFCAB9"
"COCH",0.696,0.105,0.16,0.159,1,"COCH"
"B3GAT2",0.696,0.117,0.134,0.137,1,"B3GAT2"
"SYT10",0.697,0.188,0.01,0.009,1,"SYT10"
"TNFAIP3",0.699,-0.124,0.011,0.012,1,"TNFAIP3"
"TNNI3",0.699,-0.121,0.014,0.014,1,"TNNI3"
"NKAIN2",0.7,-0.159,0.093,0.095,1,"NKAIN2"
"TMEM140",0.7,0.272,0.05,0.049,1,"TMEM140"
"CLDN10",0.701,0.164,0.015,0.015,1,"CLDN10"
"FXYD7",0.701,-0.103,0.023,0.024,1,"FXYD7"
"TMBIM1",0.701,0.149,0.018,0.018,1,"TMBIM1"
"CBARP",0.702,0.116,0.084,0.086,1,"CBARP"
"PRMT9",0.702,0.118,0.097,0.096,1,"PRMT9"
"FAM20A",0.703,-0.108,0.014,0.015,1,"FAM20A"
"ROR1",0.704,-0.161,0.086,0.088,1,"ROR1"
"TEKTIP1",0.705,0.147,0.015,0.016,1,"TEKTIP1"
"SFRP1",0.705,-0.121,0.328,0.324,1,"SFRP1"
"KIAA1614",0.705,0.206,0.054,0.053,1,"KIAA1614"
"TMPRSS11A",0.706,0.28,0.024,0.024,1,"TMPRSS11A"
"SH3BP1",0.706,0.195,0.018,0.019,1,"SH3BP1"
"SDCBP2",0.707,-0.125,0.018,0.019,1,"SDCBP2"
"AKAP3",0.71,0.114,0.017,0.017,1,"AKAP3"
"MTCP1",0.711,0.154,0.116,0.115,1,"MTCP1"
"KCNH1",0.712,-0.65,0.019,0.018,1,"KCNH1"
"UNC5C",0.713,0.228,0.019,0.02,1,"UNC5C"
"GEM",0.714,-0.108,0.054,0.055,1,"GEM"
"HPX",0.714,0.199,0.019,0.02,1,"HPX"
"ELFN1",0.714,-0.136,0.029,0.028,1,"ELFN1"
"C17orf67",0.715,0.116,0.048,0.049,1,"C17orf67"
"KATNB1",0.715,0.16,0.101,0.101,1,"KATNB1"
"GABRA4",0.716,-0.233,0.012,0.012,1,"GABRA4"
"PPP1R32",0.716,-0.142,0.014,0.015,1,"PPP1R32"
"DTX2",0.716,0.171,0.04,0.041,1,"DTX2"
"BCAT1",0.717,-0.108,0.034,0.033,1,"BCAT1"
"LETM2",0.718,0.141,0.079,0.078,1,"LETM2"
"KCNK12",0.72,0.15,0.071,0.07,1,"KCNK12"
"RABL2A",0.72,0.113,0.146,0.145,1,"RABL2A"
"PTGES3L",0.721,0.316,0.013,0.013,1,"PTGES3L"
"DGKA",0.721,0.123,0.067,0.066,1,"DGKA"
"PCTP",0.724,-0.179,0.038,0.039,1,"PCTP"
"BCAM",0.725,-0.258,0.016,0.017,1,"BCAM"
"FBXO2",0.726,0.162,0.014,0.013,1,"FBXO2"
"TAS2R1",0.726,-0.362,0.012,0.013,1,"TAS2R1"
"TRIM17",0.727,0.175,0.016,0.016,1,"TRIM17"
"CABLES2",0.728,0.109,0.123,0.122,1,"CABLES2"
"SNCA",0.729,-0.336,0.043,0.042,1,"SNCA"
"ENSG00000279865",0.729,0.203,0.012,0.012,1,"ENSG00000279865"
"RASSF5",0.73,0.145,0.009,0.01,1,"RASSF5"
"LOXL2",0.732,-0.119,0.068,0.069,1,"LOXL2"
"PRDM11",0.732,0.109,0.059,0.058,1,"PRDM11"
"BIN3",0.735,0.113,0.227,0.229,1,"BIN3"
"STPG2",0.735,-0.22,0.038,0.039,1,"STPG2"
"ZNF610",0.736,0.111,0.158,0.162,1,"ZNF610"
"PRPH2",0.737,0.111,0.013,0.013,1,"PRPH2"
"PEDS1",0.737,0.105,0.093,0.095,1,"PEDS1"
"FECH",0.738,0.147,0.072,0.074,1,"FECH"
"RADIL",0.739,0.111,0.114,0.113,1,"RADIL"
"VAMP8",0.739,0.181,0.033,0.033,1,"VAMP8"
"STX1A",0.741,0.152,0.058,0.057,1,"STX1A"
"RASL11B",0.742,0.151,0.06,0.062,1,"RASL11B"
"VGLL3",0.742,-0.147,0.038,0.037,1,"VGLL3"
"PLA2G6",0.745,0.15,0.095,0.095,1,"PLA2G6"
"OCEL1",0.746,0.111,0.052,0.054,1,"OCEL1"
"SPIN2A",0.746,-0.143,0.017,0.017,1,"SPIN2A"
"EYA1",0.746,0.346,0.01,0.009,1,"EYA1"
"PFKFB2",0.747,0.192,0.035,0.034,1,"PFKFB2"
"DNAH3",0.747,0.286,0.01,0.009,1,"DNAH3"
"TNFSF12",0.748,0.111,0.043,0.044,1,"TNFSF12"
"MELTF",0.749,0.267,0.01,0.009,1,"MELTF"
"RGS2",0.751,-0.198,0.107,0.107,1,"RGS2"
"KCTD5",0.753,0.102,0.168,0.171,1,"KCTD5"
"SATB2",0.754,-0.234,0.078,0.077,1,"SATB2"
"MPP2",0.756,0.125,0.119,0.119,1,"MPP2"
"GHRL",0.758,0.134,0.028,0.028,1,"GHRL"
"PDZRN4",0.759,-0.121,0.391,0.389,1,"PDZRN4"
"ADAMTS13",0.76,0.14,0.024,0.025,1,"ADAMTS13"
"ADGRA2",0.76,0.205,0.012,0.011,1,"ADGRA2"
"CEP104",0.76,0.101,0.304,0.308,1,"CEP104"
"ZNF521",0.763,-0.5,0.17,0.167,1,"ZNF521"
"KCNMA1",0.763,-0.105,0.036,0.037,1,"KCNMA1"
"NR2F1",0.763,-0.114,0.755,0.735,1,"NR2F1"
"TMEM53",0.763,0.16,0.057,0.058,1,"TMEM53"
"MBLAC1",0.764,0.204,0.023,0.023,1,"MBLAC1"
"SUSD5",0.765,0.493,0.015,0.016,1,"SUSD5"
"BCO2",0.766,0.171,0.041,0.041,1,"BCO2"
"ENSG00000266918",0.767,0.191,0.028,0.029,1,"ENSG00000266918"
"SGMS2",0.768,0.229,0.023,0.024,1,"SGMS2"
"FABP5",0.768,-0.221,0.194,0.191,1,"FABP5"
"CEACAM1",0.771,0.139,0.039,0.038,1,"CEACAM1"
"ARMH2",0.771,-0.107,0.015,0.014,1,"ARMH2"
"VAC14",0.772,0.118,0.178,0.179,1,"VAC14"
"CSMD1",0.772,-0.745,0.069,0.07,1,"CSMD1"
"GPC5",0.773,0.39,0.014,0.015,1,"GPC5"
"PGAP3",0.774,0.11,0.05,0.049,1,"PGAP3"
"ESS2",0.779,0.16,0.108,0.108,1,"ESS2"
"MYH3",0.78,0.126,0.018,0.018,1,"MYH3"
"PPM1F",0.783,0.112,0.131,0.134,1,"PPM1F"
"SLC35F3",0.783,-1.076,0.011,0.011,1,"SLC35F3"
"TPK1",0.784,0.123,0.074,0.074,1,"TPK1"
"TRNP1",0.784,0.101,0.011,0.011,1,"TRNP1"
"KLHL3",0.786,0.122,0.047,0.048,1,"KLHL3"
"ENSG00000266202",0.787,-0.254,0.014,0.014,1,"ENSG00000266202"
"IL11RA",0.789,-0.124,0.012,0.013,1,"IL11RA"
"GRIN2C",0.79,0.341,0.021,0.021,1,"GRIN2C"
"WASHC1",0.791,0.109,0.089,0.091,1,"WASHC1"
"SLITRK4",0.791,0.26,0.022,0.021,1,"SLITRK4"
"RAPGEF5",0.794,0.234,0.022,0.022,1,"RAPGEF5"
"TMEM132B",0.794,-0.303,0.052,0.052,1,"TMEM132B"
"PLEKHG4B",0.794,-0.104,0.134,0.135,1,"PLEKHG4B"
"SLC22A4",0.796,0.114,0.032,0.033,1,"SLC22A4"
"FLT3LG",0.797,0.126,0.01,0.01,1,"FLT3LG"
"CHRNE",0.797,0.132,0.049,0.05,1,"CHRNE"
"SHISA7",0.802,0.166,0.033,0.032,1,"SHISA7"
"ACSF2",0.802,-0.116,0.028,0.028,1,"ACSF2"
"CHRM5",0.805,0.13,0.051,0.051,1,"CHRM5"
"GAL3ST3",0.806,0.128,0.048,0.049,1,"GAL3ST3"
"TTC31",0.806,0.136,0.099,0.101,1,"TTC31"
"GHDC",0.808,0.2,0.012,0.011,1,"GHDC"
"TAS2R31",0.808,0.185,0.017,0.016,1,"TAS2R31"
"VMAC",0.809,0.204,0.049,0.049,1,"VMAC"
"CCDC38",0.809,-0.122,0.026,0.027,1,"CCDC38"
"SLC2A8",0.81,0.102,0.056,0.056,1,"SLC2A8"
"BAMBI",0.81,0.127,0.012,0.012,1,"BAMBI"
"SPATA21",0.813,0.16,0.091,0.09,1,"SPATA21"
"CES4A",0.813,0.188,0.011,0.012,1,"CES4A"
"SLC7A11",0.813,0.23,0.08,0.08,1,"SLC7A11"
"SCGB1A1",0.814,-0.238,0.015,0.015,1,"SCGB1A1"
"LRFN1",0.815,0.157,0.038,0.038,1,"LRFN1"
"ENSG00000280355",0.817,0.113,0.012,0.011,1,"ENSG00000280355"
"TRPC4",0.818,-0.155,0.124,0.125,1,"TRPC4"
"MANSC4",0.819,0.245,0.018,0.019,1,"MANSC4"
"CTSL",0.819,0.109,0.109,0.109,1,"CTSL"
"PCDHGA5",0.82,0.13,0.012,0.012,1,"PCDHGA5"
"EFNA1",0.82,0.184,0.023,0.023,1,"EFNA1"
"TNIK",0.821,-0.108,0.568,0.559,1,"TNIK"
"LIPT1",0.822,0.18,0.059,0.058,1,"LIPT1"
"GSTO2",0.822,0.156,0.022,0.022,1,"GSTO2"
"ZNF205",0.823,0.126,0.114,0.114,1,"ZNF205"
"SHPK",0.825,0.168,0.024,0.024,1,"SHPK"
"KCNG1",0.826,0.103,0.078,0.08,1,"KCNG1"
"RASGEF1C",0.828,0.172,0.034,0.034,1,"RASGEF1C"
"PLPP7",0.828,0.207,0.016,0.016,1,"PLPP7"
"SPON1",0.828,-0.146,0.081,0.082,1,"SPON1"
"NLRX1",0.828,0.127,0.011,0.011,1,"NLRX1"
"TRIB3",0.829,0.168,0.026,0.025,1,"TRIB3"
"AHNAK2",0.83,0.233,0.017,0.018,1,"AHNAK2"
"ABTB3",0.831,-0.183,0.014,0.013,1,"ABTB3"
"NMRAL1",0.831,0.105,0.102,0.102,1,"NMRAL1"
"ENSG00000280332",0.832,0.202,0.028,0.029,1,"ENSG00000280332"
"ACSL6",0.832,0.324,0.019,0.019,1,"ACSL6"
"ZNF837",0.833,0.287,0.017,0.018,1,"ZNF837"
"CFAP70",0.834,0.149,0.028,0.027,1,"CFAP70"
"MYORG",0.834,-0.114,0.023,0.023,1,"MYORG"
"ENSG00000268465",0.835,-0.296,0.011,0.011,1,"ENSG00000268465"
"SDC4",0.835,0.11,0.012,0.012,1,"SDC4"
"FSD2",0.835,0.137,0.028,0.027,1,"FSD2"
"GXYLT2",0.836,0.241,0.027,0.027,1,"GXYLT2"
"SERPINB1",0.836,0.164,0.019,0.02,1,"SERPINB1"
"ZHX1-C8orf76",0.836,0.133,0.059,0.06,1,"ZHX1-C8orf76"
"ENSG00000280152",0.837,0.124,0.02,0.019,1,"ENSG00000280152"
"ZNF527",0.839,-0.136,0.11,0.111,1,"ZNF527"
"SPESP1",0.839,0.153,0.096,0.095,1,"SPESP1"
"RFLNB",0.84,0.105,0.043,0.043,1,"RFLNB"
"LONP1",0.841,0.117,0.187,0.188,1,"LONP1"
"PSPN",0.842,0.107,0.015,0.015,1,"PSPN"
"SLC51A",0.843,0.116,0.047,0.046,1,"SLC51A"
"NUP210",0.843,0.104,0.161,0.161,1,"NUP210"
"NEIL1",0.844,0.129,0.057,0.058,1,"NEIL1"
"TPRA1",0.845,0.15,0.112,0.112,1,"TPRA1"
"TTLL13",0.848,0.114,0.01,0.01,1,"TTLL13"
"NPIPA8",0.849,0.261,0.017,0.016,1,"NPIPA8"
"USP2",0.85,0.328,0.01,0.01,1,"USP2"
"ADH4",0.851,0.209,0.033,0.034,1,"ADH4"
"EPHX2",0.851,-0.195,0.013,0.012,1,"EPHX2"
"PARS2",0.852,0.262,0.021,0.021,1,"PARS2"
"LRRC69",0.853,0.126,0.058,0.058,1,"LRRC69"
"EDA",0.854,-0.229,0.062,0.061,1,"EDA"
"RAB40A",0.855,0.138,0.02,0.02,1,"RAB40A"
"SDS",0.856,0.343,0.018,0.017,1,"SDS"
"BCAN",0.858,-0.131,0.235,0.232,1,"BCAN"
"CCDC121",0.858,-0.125,0.06,0.061,1,"CCDC121"
"LEAP2",0.86,0.112,0.074,0.075,1,"LEAP2"
"ENSG00000279632",0.864,0.102,0.014,0.015,1,"ENSG00000279632"
"SOX8",0.865,0.186,0.216,0.218,1,"SOX8"
"GJC2",0.865,0.189,0.011,0.012,1,"GJC2"
"LRRC24",0.866,0.158,0.056,0.056,1,"LRRC24"
"POLR1G",0.867,0.15,0.046,0.047,1,"POLR1G"
"MRI1",0.867,0.124,0.059,0.059,1,"MRI1"
"ZNF226",0.868,0.101,0.204,0.206,1,"ZNF226"
"CARMIL3",0.87,0.122,0.028,0.028,1,"CARMIL3"
"KCNG2",0.871,-0.1,0.039,0.04,1,"KCNG2"
"VWC2L",0.871,-0.143,0.018,0.018,1,"VWC2L"
"ADGRG3",0.871,-0.126,0.023,0.023,1,"ADGRG3"
"RAB6B",0.872,0.107,0.224,0.227,1,"RAB6B"
"NLRC3",0.873,0.215,0.019,0.019,1,"NLRC3"
"CCDC148",0.873,0.105,0.091,0.09,1,"CCDC148"
"IFT46",0.874,0.124,0.194,0.196,1,"IFT46"
"MAP7",0.875,-0.167,0.02,0.02,1,"MAP7"
"PDZD7",0.876,0.116,0.016,0.015,1,"PDZD7"
"NOD1",0.876,-0.113,0.045,0.045,1,"NOD1"
"ENSG00000279033",0.877,-0.152,0.019,0.019,1,"ENSG00000279033"
"SYVN1",0.877,0.114,0.076,0.076,1,"SYVN1"
"NEURL2",0.877,0.111,0.015,0.015,1,"NEURL2"
"CCND3",0.878,0.157,0.108,0.108,1,"CCND3"
"ENSG00000282542",0.881,0.186,0.011,0.011,1,"ENSG00000282542"
"BTN3A3",0.881,0.132,0.017,0.017,1,"BTN3A3"
"RAB25",0.882,-0.241,0.018,0.019,1,"RAB25"
"TBXAS1",0.883,-0.144,0.028,0.028,1,"TBXAS1"
"ENSG00000279951",0.884,0.107,0.027,0.027,1,"ENSG00000279951"
"GSAP",0.884,0.148,0.011,0.011,1,"GSAP"
"FMN1",0.885,-0.312,0.011,0.011,1,"FMN1"
"FAM229A",0.886,0.183,0.025,0.024,1,"FAM229A"
"CCNP",0.886,-0.215,0.011,0.011,1,"CCNP"
"SCART1",0.887,0.191,0.037,0.037,1,"SCART1"
"MMP21",0.888,0.14,0.017,0.017,1,"MMP21"
"ENSG00000279809",0.89,0.123,0.011,0.011,1,"ENSG00000279809"
"TSHR",0.892,0.169,0.094,0.095,1,"TSHR"
"RAB4B",0.892,0.126,0.151,0.152,1,"RAB4B"
"CPT1B",0.892,0.145,0.047,0.047,1,"CPT1B"
"HYOU1",0.893,0.108,0.13,0.13,1,"HYOU1"
"GUCY1A1",0.893,-0.117,0.024,0.024,1,"GUCY1A1"
"PPP1R1C",0.894,0.179,0.022,0.022,1,"PPP1R1C"
"GTF2IRD2",0.894,0.18,0.133,0.136,1,"GTF2IRD2"
"CIAO3",0.895,0.142,0.095,0.097,1,"CIAO3"
"ENPP5",0.896,-0.136,0.013,0.013,1,"ENPP5"
"PIWIL2",0.9,0.103,0.015,0.015,1,"PIWIL2"
"SLC8B1",0.9,0.124,0.037,0.037,1,"SLC8B1"
"NIPAL3",0.9,0.101,0.073,0.073,1,"NIPAL3"
"ENSG00000279250",0.901,-0.116,0.011,0.01,1,"ENSG00000279250"
"ENSG00000279437",0.904,0.292,0.012,0.012,1,"ENSG00000279437"
"PCDHB7",0.905,0.191,0.009,0.01,1,"PCDHB7"
"JRKL",0.906,0.116,0.148,0.149,1,"JRKL"
"SSC5D",0.906,0.231,0.01,0.01,1,"SSC5D"
"TF",0.906,-0.145,0.013,0.012,1,"TF"
"BST1",0.906,0.355,0.009,0.01,1,"BST1"
"ATP5MGL",0.907,0.362,0.01,0.01,1,"ATP5MGL"
"ARRDC1",0.907,0.11,0.068,0.068,1,"ARRDC1"
"C8orf34",0.91,0.19,0.018,0.018,1,"C8orf34"
"EPHX4",0.912,-0.157,0.013,0.013,1,"EPHX4"
"ABHD15",0.912,-0.127,0.02,0.02,1,"ABHD15"
"ZNF835",0.914,0.117,0.021,0.021,1,"ZNF835"
"FAM72B",0.914,-0.135,0.041,0.041,1,"FAM72B"
"PRSS55",0.915,0.172,0.049,0.049,1,"PRSS55"
"CTSS",0.915,0.143,0.016,0.015,1,"CTSS"
"DHRS12",0.916,0.316,0.057,0.057,1,"DHRS12"
"ENSG00000289690",0.916,0.104,0.012,0.012,1,"ENSG00000289690"
"EMILIN2",0.916,0.191,0.011,0.011,1,"EMILIN2"
"SCN1A",0.917,-0.122,0.141,0.141,1,"SCN1A"
"SEMA3B",0.918,0.148,0.019,0.019,1,"SEMA3B"
"WDR73",0.924,0.11,0.29,0.294,1,"WDR73"
"CAPS",0.924,0.111,0.016,0.016,1,"CAPS"
"ENSG00000278963",0.925,-0.101,0.06,0.06,1,"ENSG00000278963"
"YBX2",0.926,0.207,0.013,0.013,1,"YBX2"
"ZNF497",0.928,0.12,0.066,0.067,1,"ZNF497"
"SYNPO2L",0.928,-0.116,0.01,0.009,1,"SYNPO2L"
"SPINK13",0.929,-0.282,0.014,0.014,1,"SPINK13"
"JAG2",0.929,0.396,0.011,0.012,1,"JAG2"
"HHIPL1",0.93,0.129,0.022,0.022,1,"HHIPL1"
"ENSG00000278949",0.931,0.111,0.012,0.012,1,"ENSG00000278949"
"IGFL4",0.931,-0.128,0.02,0.02,1,"IGFL4"
"MXD1",0.932,0.117,0.258,0.263,1,"MXD1"
"LDAF1",0.933,0.115,0.128,0.129,1,"LDAF1"
"ANXA2R",0.934,0.231,0.015,0.015,1,"ANXA2R"
"PLOD1",0.934,0.14,0.086,0.086,1,"PLOD1"
"PKDCC",0.935,0.123,0.014,0.014,1,"PKDCC"
"PARP12",0.935,0.194,0.013,0.013,1,"PARP12"
"MEP1B",0.938,-0.109,0.017,0.018,1,"MEP1B"
"LRRC3C",0.938,-0.115,0.011,0.011,1,"LRRC3C"
"KLHL34",0.938,0.14,0.039,0.039,1,"KLHL34"
"ADGRG6",0.938,0.223,0.01,0.011,1,"ADGRG6"
"PRAM1",0.94,0.15,0.013,0.013,1,"PRAM1"
"AMPD3",0.941,-0.115,0.019,0.019,1,"AMPD3"
"IQSEC2",0.941,0.334,0.045,0.045,1,"IQSEC2"
"MYRIP",0.942,0.366,0.035,0.035,1,"MYRIP"
"CLCN1",0.943,0.165,0.018,0.018,1,"CLCN1"
"ENSG00000278867",0.944,0.121,0.062,0.062,1,"ENSG00000278867"
"SLC7A2",0.946,-0.175,0.014,0.015,1,"SLC7A2"
"GRAMD1B",0.946,-0.216,0.21,0.209,1,"GRAMD1B"
"ZCWPW1",0.947,-0.142,0.062,0.061,1,"ZCWPW1"
"SYT16",0.948,-0.124,0.139,0.138,1,"SYT16"
"PDLIM4",0.948,-0.289,0.019,0.019,1,"PDLIM4"
"ZNF792",0.95,0.173,0.015,0.016,1,"ZNF792"
"PCDHB12",0.95,-0.109,0.041,0.041,1,"PCDHB12"
"FAIM2",0.952,0.112,0.062,0.062,1,"FAIM2"
"HSF2BP",0.953,0.189,0.034,0.035,1,"HSF2BP"
"IQCN",0.954,0.315,0.02,0.021,1,"IQCN"
"TUBA3FP",0.954,0.187,0.022,0.022,1,"TUBA3FP"
"ENSG00000279696",0.955,0.112,0.016,0.016,1,"ENSG00000279696"
"SYCP3",0.956,0.102,0.073,0.074,1,"SYCP3"
"DNAJC28",0.956,0.243,0.033,0.033,1,"DNAJC28"
"SLC46A1",0.957,0.138,0.024,0.024,1,"SLC46A1"
"TMEM145",0.958,0.104,0.087,0.088,1,"TMEM145"
"ABCA7",0.958,0.204,0.024,0.024,1,"ABCA7"
"SERPIND1",0.959,0.152,0.029,0.029,1,"SERPIND1"
"MYO15B",0.96,0.113,0.018,0.018,1,"MYO15B"
"MAGEC3",0.962,0.26,0.014,0.014,1,"MAGEC3"
"ENSG00000279474",0.963,0.34,0.012,0.012,1,"ENSG00000279474"
"ENSG00000284526",0.963,0.118,0.067,0.068,1,"ENSG00000284526"
"ENSG00000279464",0.964,-0.188,0.01,0.01,1,"ENSG00000279464"
"SLC29A2",0.966,0.11,0.028,0.028,1,"SLC29A2"
"CLMP",0.967,0.641,0.023,0.023,1,"CLMP"
"IRF7",0.967,0.164,0.023,0.023,1,"IRF7"
"TFAP2E",0.967,0.147,0.033,0.033,1,"TFAP2E"
"RHPN1",0.969,0.18,0.02,0.02,1,"RHPN1"
"SLC16A13",0.973,0.149,0.028,0.028,1,"SLC16A13"
"CDCA8",0.973,-0.107,0.228,0.227,1,"CDCA8"
"CYB561",0.974,0.126,0.027,0.027,1,"CYB561"
"FOS",0.974,-0.12,0.339,0.341,1,"FOS"
"NOX4",0.977,0.108,0.17,0.171,1,"NOX4"
"IL1RAPL1",0.979,0.109,0.548,0.557,1,"IL1RAPL1"
"LCTL",0.98,0.175,0.017,0.017,1,"LCTL"
"PHETA1",0.981,0.113,0.042,0.042,1,"PHETA1"
"OR7D2",0.987,0.187,0.017,0.017,1,"OR7D2"
"SIX4",0.988,-0.106,0.011,0.011,1,"SIX4"
"TMED6",0.988,0.145,0.022,0.022,1,"TMED6"
"NUAK1",0.99,0.134,0.137,0.139,1,"NUAK1"
"PWWP2B",0.991,0.175,0.043,0.044,1,"PWWP2B"
"CCDC73",0.992,0.194,0.02,0.02,1,"CCDC73"
"SNAI3",0.993,0.174,0.036,0.036,1,"SNAI3"
"NIPSNAP3B",0.994,0.271,0.015,0.015,1,"NIPSNAP3B"
"TRPM4",0.995,0.295,0.022,0.022,1,"TRPM4"
"PARD3B",0.995,-0.386,0.216,0.212,1,"PARD3B"
"SP140",0.997,-0.209,0.011,0.011,1,"SP140"
"KCNC3",0.998,0.288,0.025,0.025,1,"KCNC3"
"ENSG00000279900",0.998,-0.203,0.011,0.011,1,"ENSG00000279900"
