"","p_val","avg_log2FC","pct.1","pct.2","p_val_adj","gene"
"p23031-mCherry",0,6.521,0.795,0.023,0,"p23031-mCherry"
"C12orf57",0,0.657,0.959,0.869,0,"C12orf57"
"IGFBPL1",0,0.603,0.96,0.872,0,"IGFBPL1"
"RPS26",0,0.705,0.971,0.886,0,"RPS26"
"DBN1",0,0.63,0.96,0.881,0,"DBN1"
"RPL31",0,0.57,0.974,0.908,0,"RPL31"
"RPL27",0,0.629,0.977,0.912,0,"RPL27"
"NDUFS5",0,0.558,0.976,0.918,0,"NDUFS5"
"MYL6",0,0.664,0.98,0.922,0,"MYL6"
"ELOB",0,0.611,0.973,0.915,0,"ELOB"
"COX4I1",0,0.58,0.978,0.92,0,"COX4I1"
"UBA52",0,0.561,0.981,0.927,0,"UBA52"
"RPL36",0,0.582,0.982,0.93,0,"RPL36"
"DDAH2",0,0.66,0.979,0.929,0,"DDAH2"
"ATP6V1G1",0,0.571,0.979,0.931,0,"ATP6V1G1"
"RPS29",0,0.605,0.987,0.941,0,"RPS29"
"PRDX1",0,0.698,0.99,0.946,0,"PRDX1"
"RPS10",0,0.548,0.984,0.941,0,"RPS10"
"KCNQ3",0,0.683,0.985,0.942,0,"KCNQ3"
"RPL38",0,0.63,0.987,0.944,0,"RPL38"
"TERF2IP",0,0.534,0.983,0.941,0,"TERF2IP"
"CD24",0,0.562,0.98,0.94,0,"CD24"
"RPL7",0,0.534,0.987,0.947,0,"RPL7"
"RPS15A",0,0.53,0.989,0.949,0,"RPS15A"
"PRDX2",0,0.574,0.988,0.949,0,"PRDX2"
"RPS16",0,0.51,0.983,0.946,0,"RPS16"
"EEF2",0,0.553,0.986,0.95,0,"EEF2"
"RPL39",0,0.639,0.992,0.956,0,"RPL39"
"ATP5F1E",0,0.613,0.988,0.954,0,"ATP5F1E"
"RPS9",0,0.587,0.989,0.956,0,"RPS9"
"HSPA8",0,0.539,0.986,0.955,0,"HSPA8"
"RPL24",0,0.584,0.988,0.958,0,"RPL24"
"RPL35A",0,0.62,0.991,0.961,0,"RPL35A"
"EIF4G2",0,0.552,0.987,0.957,0,"EIF4G2"
"RPL13A",0,0.536,0.992,0.962,0,"RPL13A"
"RPS3",0,0.525,0.988,0.959,0,"RPS3"
"EIF4A1",0,0.532,0.987,0.958,0,"EIF4A1"
"RPS21",0,0.609,0.993,0.964,0,"RPS21"
"RPS27",0,0.643,0.994,0.966,0,"RPS27"
"PPP1R14B",0,0.544,0.985,0.957,0,"PPP1R14B"
"RPL18A",0,0.515,0.989,0.961,0,"RPL18A"
"RPL18",0,0.564,0.991,0.963,0,"RPL18"
"RPS8",0,0.539,0.99,0.964,0,"RPS8"
"COX7C",0,0.563,0.992,0.966,0,"COX7C"
"RACK1",0,0.556,0.99,0.964,0,"RACK1"
"PAFAH1B3",0,0.565,0.988,0.962,0,"PAFAH1B3"
"EEF1G",0,0.498,0.988,0.963,0,"EEF1G"
"RPS28",0,0.623,0.993,0.968,0,"RPS28"
"RPS11",0,0.569,0.994,0.969,0,"RPS11"
"RPS14",0,0.531,0.992,0.968,0,"RPS14"
"GABARAP",0,0.548,0.99,0.966,0,"GABARAP"
"MLLT11",0,0.615,0.993,0.97,0,"MLLT11"
"FAU",0,0.525,0.991,0.968,0,"FAU"
"RPL28",0,0.536,0.992,0.969,0,"RPL28"
"RPLP2",0,0.506,0.993,0.971,0,"RPLP2"
"RPL37",0,0.69,0.996,0.975,0,"RPL37"
"SRP14",0,0.55,0.996,0.975,0,"SRP14"
"RPL23",0,0.544,0.995,0.974,0,"RPL23"
"RPL19",0,0.548,0.993,0.972,0,"RPL19"
"RPS13",0,0.536,0.993,0.973,0,"RPS13"
"RPL41",0,0.529,0.996,0.976,0,"RPL41"
"RPL6",0,0.545,0.995,0.976,0,"RPL6"
"RPS19",0,0.636,0.994,0.975,0,"RPS19"
"RPS23",0,0.539,0.998,0.98,0,"RPS23"
"YWHAQ",0,0.49,0.995,0.978,0,"YWHAQ"
"CCNI",0,0.571,0.995,0.978,0,"CCNI"
"SET",0,0.502,0.996,0.98,0,"SET"
"YBX1",0,0.514,0.997,0.982,0,"YBX1"
"CRMP1",0,0.488,0.996,0.981,0,"CRMP1"
"YWHAE",0,0.506,0.997,0.982,0,"YWHAE"
"RPL32",0,0.545,0.996,0.982,0,"RPL32"
"RPL34",0,0.623,0.997,0.983,0,"RPL34"
"HNRNPA1",0,0.56,0.997,0.983,0,"HNRNPA1"
"FTL",0,0.504,0.992,0.978,0,"FTL"
"RPL3",0,0.552,0.995,0.981,0,"RPL3"
"KDM5B",0,0.489,0.997,0.984,0,"KDM5B"
"SUMO2",0,0.515,0.996,0.983,0,"SUMO2"
"RPL37A",0,0.611,0.998,0.986,0,"RPL37A"
"MARCKS",0,0.577,0.998,0.986,0,"MARCKS"
"RPL30",0,0.524,0.996,0.984,0,"RPL30"
"RPL7A",0,0.527,0.996,0.984,0,"RPL7A"
"RPS2",0,0.487,0.996,0.984,0,"RPS2"
"RPL13",0,0.518,0.995,0.983,0,"RPL13"
"UBC",0,0.518,0.996,0.985,0,"UBC"
"RPL15",0,0.544,0.996,0.986,0,"RPL15"
"DDX5",0,0.463,0.997,0.987,0,"DDX5"
"TCF4",0,0.522,0.999,0.989,0,"TCF4"
"DCX",0,0.446,0.996,0.986,0,"DCX"
"CKB",0,0.47,0.998,0.989,0,"CKB"
"RPL10",0,0.626,0.999,0.99,0,"RPL10"
"CFL1",0,0.626,0.997,0.989,0,"CFL1"
"RPS4X",0,0.545,0.999,0.991,0,"RPS4X"
"GTF2I",0,0.451,0.998,0.992,0,"GTF2I"
"HMGB1",0,0.404,0.999,0.993,0,"HMGB1"
"HSP90AA1",0,0.422,0.999,0.993,0,"HSP90AA1"
"JPT1",0,0.494,0.999,0.993,0,"JPT1"
"H3-3B",0,0.481,0.999,0.993,0,"H3-3B"
"RPL11",0,0.486,0.999,0.994,0,"RPL11"
"TUBB",0,0.592,0.999,0.994,0,"TUBB"
"SOX11",0,0.503,1,0.996,0,"SOX11"
"RTN4",0,0.382,0.999,0.995,0,"RTN4"
"PTMS",0,0.619,1,0.996,0,"PTMS"
"STMN1",0,0.54,1,0.997,0,"STMN1"
"PTMA",0,0.58,0.999,0.996,0,"PTMA"
"GPM6A",0,0.404,0.999,0.996,0,"GPM6A"
"FTH1",0,0.569,0.999,0.996,0,"FTH1"
"GNAS",0,0.568,0.999,0.996,0,"GNAS"
"TTC3",0,0.413,1,0.997,0,"TTC3"
"MARCKSL1",0,0.581,0.999,0.997,0,"MARCKSL1"
"TMSB10",0,0.655,1,0.998,0,"TMSB10"
"EEF1A1",0,0.568,0.999,0.997,0,"EEF1A1"
"H3-3A",0,0.606,1,0.999,0,"H3-3A"
"BASP1",0,0.406,1,0.999,0,"BASP1"
"TUBB2B",0,0.646,0.999,0.998,0,"TUBB2B"
"SOX4",0,0.525,1,0.999,0,"SOX4"
"ACTB",0,0.678,1,0.999,0,"ACTB"
"AUTS2",0,0.437,1,0.999,0,"AUTS2"
"ACTG1",0,0.734,1,0.999,0,"ACTG1"
"MAP1B",0,0.337,1,1,0,"MAP1B"
"TUBA1A",0,0.614,1,1,0,"TUBA1A"
"MT-RNR2",0,0.562,1,1,0,"MT-RNR2"
"RPL21",4.34e-307,0.512,0.986,0.95,8.07e-303,"RPL21"
"RTN3",8.74e-307,0.385,0.998,0.989,1.63e-302,"RTN3"
"ATP5F1B",1.28e-306,0.537,0.977,0.937,2.39e-302,"ATP5F1B"
"RPL26",8.38e-306,0.495,0.993,0.969,1.56e-301,"RPL26"
"RPL8",1.09e-305,0.483,0.993,0.978,2.03e-301,"RPL8"
"HSP90AB1",1.52e-305,0.442,0.996,0.984,2.82e-301,"HSP90AB1"
"HDAC2",4.79e-304,0.479,0.987,0.96,8.92e-300,"HDAC2"
"TPT1",6.9e-304,0.541,0.989,0.953,1.28e-299,"TPT1"
"PTPRS",3.02e-303,0.461,0.993,0.975,5.63e-299,"PTPRS"
"SPIRE1",1.72e-300,0.487,0.996,0.981,3.21e-296,"SPIRE1"
"RPL14",1.73e-300,0.486,0.993,0.976,3.22e-296,"RPL14"
"NACA",9.98e-299,0.478,0.994,0.978,1.86e-294,"NACA"
"SLC25A6",1.03e-298,0.707,0.955,0.873,1.92e-294,"SLC25A6"
"COX6B1",1.03e-297,0.579,0.968,0.904,1.91e-293,"COX6B1"
"RPS25",3.75e-297,0.487,0.989,0.961,6.97e-293,"RPS25"
"MT-RNR1",8.96e-297,0.527,1,0.999,1.67e-292,"MT-RNR1"
"RPS15",1.09e-295,0.451,0.995,0.984,2.04e-291,"RPS15"
"HNRNPA0",4.57e-295,0.52,0.978,0.936,8.5e-291,"HNRNPA0"
"RPS20",1.66e-294,0.518,0.975,0.908,3.1e-290,"RPS20"
"RPL23A",2.33e-294,0.494,0.983,0.938,4.34e-290,"RPL23A"
"ZNF428",7.58e-294,0.521,0.988,0.964,1.41e-289,"ZNF428"
"RPL5",8.9e-294,0.463,0.991,0.967,1.66e-289,"RPL5"
"RPS5",4.69e-293,0.501,0.986,0.948,8.72e-289,"RPS5"
"RPS27A",3.22e-292,0.486,0.993,0.97,6e-288,"RPS27A"
"RPS24",3.53e-291,0.45,0.998,0.99,6.57e-287,"RPS24"
"RPL36A",3.02e-289,0.522,0.983,0.941,5.62e-285,"RPL36A"
"PPIA",1.31e-288,0.478,0.986,0.944,2.43e-284,"PPIA"
"BEX3",1.61e-288,0.499,0.99,0.971,3.01e-284,"BEX3"
"CADM1",1.67e-285,0.528,0.998,0.994,3.11e-281,"CADM1"
"KHDRBS1",6.14e-283,0.434,0.99,0.973,1.14e-278,"KHDRBS1"
"CUX2",9.71e-283,0.756,0.932,0.826,1.81e-278,"CUX2"
"CEP170",1.1e-280,0.416,0.993,0.974,2.05e-276,"CEP170"
"FEZ1",1.12e-280,0.481,0.987,0.956,2.08e-276,"FEZ1"
"HNRNPK",4.51e-280,0.461,0.986,0.954,8.4e-276,"HNRNPK"
"C4orf48",7.01e-278,0.544,0.977,0.935,1.31e-273,"C4orf48"
"NDUFB11",8.89e-278,0.566,0.967,0.893,1.65e-273,"NDUFB11"
"RPS7",1.79e-277,0.47,0.992,0.967,3.34e-273,"RPS7"
"LDHB",2.65e-277,0.483,0.984,0.942,4.93e-273,"LDHB"
"TRIR",8.09e-276,0.562,0.963,0.896,1.51e-271,"TRIR"
"RPL27A",8.77e-276,0.478,0.982,0.93,1.63e-271,"RPL27A"
"RPS3A",2.37e-274,0.462,0.992,0.97,4.41e-270,"RPS3A"
"RPL35",3.85e-274,0.5,0.98,0.926,7.17e-270,"RPL35"
"RPL29",6.89e-273,0.489,0.989,0.957,1.28e-268,"RPL29"
"RPLP1",3.82e-272,0.451,0.994,0.976,7.1e-268,"RPLP1"
"RPS12",3.71e-271,0.471,0.991,0.964,6.9e-267,"RPS12"
"TAGLN3",2.16e-269,0.582,0.957,0.891,4.01e-265,"TAGLN3"
"COX7A2",1.52e-267,0.489,0.979,0.944,2.83e-263,"COX7A2"
"MAP4K4",2.99e-265,0.405,0.997,0.986,5.57e-261,"MAP4K4"
"PAK2",1.17e-264,0.499,0.974,0.931,2.19e-260,"PAK2"
"RPS6",2.8e-264,0.452,0.984,0.945,5.22e-260,"RPS6"
"RPL9",4.59e-263,0.443,0.988,0.952,8.54e-259,"RPL9"
"RPL4",4.53e-262,0.47,0.981,0.935,8.42e-258,"RPL4"
"TMSB4X",1.95e-261,0.824,0.999,0.995,3.62e-257,"TMSB4X"
"NEUROD6",3.23e-260,0.507,0.969,0.921,6.02e-256,"NEUROD6"
"RPS17",4.5e-260,0.478,0.974,0.907,8.38e-256,"RPS17"
"SLC22A23",1.79e-259,0.648,0.969,0.913,3.34e-255,"SLC22A23"
"RPSA",2.8e-259,0.451,0.985,0.938,5.22e-255,"RPSA"
"RPS18",4.47e-259,0.437,0.995,0.979,8.32e-255,"RPS18"
"PLXNA2",1.31e-258,0.523,0.975,0.934,2.44e-254,"PLXNA2"
"COMMD6",4.62e-258,0.575,0.962,0.897,8.6e-254,"COMMD6"
"BEX1",5.53e-258,0.488,0.984,0.958,1.03e-253,"BEX1"
"RPL12",1.85e-257,0.525,0.969,0.904,3.44e-253,"RPL12"
"TTC28",6.02e-256,0.479,0.997,0.99,1.12e-251,"TTC28"
"SKP1",1.54e-253,0.429,0.991,0.964,2.86e-249,"SKP1"
"RPL22",3.15e-252,0.461,0.986,0.952,5.86e-248,"RPL22"
"MT-ND3",5.29e-252,0.246,0.998,0.991,9.84e-248,"MT-ND3"
"COX6A1",2.21e-251,0.512,0.973,0.922,4.11e-247,"COX6A1"
"FYN",2.85e-250,0.421,0.994,0.976,5.3e-246,"FYN"
"EID1",1.33e-249,0.438,0.984,0.956,2.48e-245,"EID1"
"SNRPE",6.62e-249,0.501,0.972,0.927,1.23e-244,"SNRPE"
"EIF1",1.6e-248,0.407,0.994,0.978,2.97e-244,"EIF1"
"UQCRQ",5.92e-248,0.59,0.929,0.835,1.1e-243,"UQCRQ"
"PSMA7",3.04e-247,0.496,0.982,0.944,5.65e-243,"PSMA7"
"ATP5MG",5.36e-247,0.491,0.976,0.929,9.97e-243,"ATP5MG"
"ELAVL3",3.71e-246,0.421,0.987,0.962,6.91e-242,"ELAVL3"
"NDUFA13",1.16e-245,0.517,0.967,0.898,2.16e-241,"NDUFA13"
"HINT1",2.19e-245,0.438,0.989,0.968,4.08e-241,"HINT1"
"BICD1",5.13e-245,0.412,0.993,0.977,9.56e-241,"BICD1"
"RPL10A",5.97e-245,0.472,0.981,0.934,1.11e-240,"RPL10A"
"RERE",1.18e-244,0.352,0.999,0.995,2.19e-240,"RERE"
"PHF20L1",1.98e-244,0.61,0.955,0.897,3.69e-240,"PHF20L1"
"PIK3R3",2.92e-244,0.454,0.991,0.961,5.44e-240,"PIK3R3"
"CHD3",1.81e-243,0.49,0.97,0.922,3.36e-239,"CHD3"
"GSTP1",1.26e-242,0.519,0.969,0.901,2.35e-238,"GSTP1"
"PRDX5",8.54e-242,0.547,0.97,0.923,1.59e-237,"PRDX5"
"SMARCA4",4.25e-241,0.419,0.983,0.954,7.91e-237,"SMARCA4"
"YWHAZ",8.08e-240,0.42,0.981,0.948,1.5e-235,"YWHAZ"
"PEBP1",3.77e-239,0.403,0.993,0.984,7.01e-235,"PEBP1"
"MAP2",4.44e-239,0.329,0.999,0.998,8.26e-235,"MAP2"
"ATRX",1.65e-238,0.349,0.997,0.986,3.07e-234,"ATRX"
"SRP9",1.69e-238,0.473,0.98,0.942,3.14e-234,"SRP9"
"UBL5",3.64e-238,0.512,0.95,0.872,6.78e-234,"UBL5"
"SHB",1.54e-235,0.599,0.906,0.8,2.86e-231,"SHB"
"DNAJA1",3.9e-235,0.448,0.982,0.946,7.25e-231,"DNAJA1"
"PRKX",4.41e-235,0.748,0.835,0.685,8.21e-231,"PRKX"
"MAGED2",1.16e-234,0.572,0.93,0.839,2.16e-230,"MAGED2"
"SETBP1",1.46e-234,0.417,0.991,0.965,2.73e-230,"SETBP1"
"MIF",1.01e-232,0.437,0.982,0.94,1.87e-228,"MIF"
"HNRNPA2B1",1.59e-232,0.347,0.997,0.989,2.95e-228,"HNRNPA2B1"
"GNB1",6.44e-232,0.354,0.99,0.97,1.2e-227,"GNB1"
"RPLP0",2.57e-231,0.429,0.986,0.948,4.78e-227,"RPLP0"
"MEIS2",6.16e-229,0.382,0.996,0.989,1.15e-224,"MEIS2"
"COX6C",1.87e-228,0.455,0.978,0.934,3.49e-224,"COX6C"
"RAC1",4.67e-227,0.42,0.981,0.955,8.69e-223,"RAC1"
"GDI1",7.06e-227,0.552,0.933,0.848,1.31e-222,"GDI1"
"CBX1",3e-226,0.507,0.956,0.898,5.59e-222,"CBX1"
"DPY19L1",3.04e-226,0.758,0.844,0.702,5.67e-222,"DPY19L1"
"PAK3",6.24e-226,0.377,0.999,0.994,1.16e-221,"PAK3"
"NDUFB2",1.61e-225,0.56,0.952,0.888,2.99e-221,"NDUFB2"
"SEPTIN11",1.14e-224,0.4,0.984,0.95,2.11e-220,"SEPTIN11"
"OAZ1",1.27e-223,0.503,0.956,0.89,2.36e-219,"OAZ1"
"PET100",2.69e-223,0.664,0.837,0.69,5e-219,"PET100"
"ATP5MF",4.41e-222,0.576,0.919,0.824,8.21e-218,"ATP5MF"
"SERF2",1.46e-221,0.513,0.954,0.876,2.71e-217,"SERF2"
"SFPQ",4.61e-221,0.426,0.984,0.947,8.59e-217,"SFPQ"
"ARPC5",2.9e-219,0.518,0.952,0.887,5.39e-215,"ARPC5"
"TMA7",2.56e-218,0.526,0.951,0.871,4.76e-214,"TMA7"
"BCL11B",8.91e-217,0.437,0.971,0.922,1.66e-212,"BCL11B"
"UQCRH",2.94e-215,0.46,0.972,0.92,5.47e-211,"UQCRH"
"RNASEK",4.55e-215,0.498,0.966,0.919,8.47e-211,"RNASEK"
"TOP2B",1.97e-214,0.43,0.974,0.931,3.67e-210,"TOP2B"
"H4C3",2.31e-212,0.451,0.833,0.699,4.3e-208,"H4C3"
"CERS6",1.62e-211,0.378,0.994,0.979,3.02e-207,"CERS6"
"NUCKS1",2.76e-211,0.344,0.986,0.963,5.13e-207,"NUCKS1"
"NDUFA11",6.73e-210,0.548,0.924,0.82,1.25e-205,"NDUFA11"
"CHD2",4.68e-209,0.351,0.994,0.978,8.71e-205,"CHD2"
"U2AF1",9.64e-207,0.478,0.955,0.893,1.79e-202,"U2AF1"
"APEX1",2.36e-206,0.532,0.931,0.841,4.4e-202,"APEX1"
"NREP",2.26e-205,0.351,0.995,0.983,4.2e-201,"NREP"
"SSR4",2.98e-205,0.6,0.9,0.778,5.55e-201,"SSR4"
"PRMT1",6.98e-205,0.552,0.92,0.839,1.3e-200,"PRMT1"
"MACROH2A1",2.27e-204,0.466,0.951,0.896,4.23e-200,"MACROH2A1"
"NONO",4.48e-204,0.505,0.931,0.851,8.34e-200,"NONO"
"PHF21B",1.21e-203,0.536,0.935,0.855,2.26e-199,"PHF21B"
"SLA",1.53e-203,0.656,0.889,0.812,2.85e-199,"SLA"
"SNRPN",2.63e-203,0.505,0.95,0.887,4.9e-199,"SNRPN"
"CORO2B",4.02e-203,0.514,0.931,0.85,7.47e-199,"CORO2B"
"KALRN",9.07e-203,0.417,0.992,0.981,1.69e-198,"KALRN"
"KIF5C",1.19e-202,0.336,0.995,0.984,2.21e-198,"KIF5C"
"GPC2",1.21e-202,0.592,0.885,0.773,2.25e-198,"GPC2"
"NEDD4L",2.25e-202,0.339,0.997,0.988,4.18e-198,"NEDD4L"
"HNRNPA3",3.42e-202,0.42,0.982,0.955,6.37e-198,"HNRNPA3"
"EVL",3.88e-202,0.417,0.984,0.957,7.22e-198,"EVL"
"PTPN4",8.28e-202,0.519,0.973,0.931,1.54e-197,"PTPN4"
"DYNLT1",3.06e-200,0.485,0.963,0.912,5.7e-196,"DYNLT1"
"ATP5ME",3.47e-200,0.576,0.887,0.772,6.47e-196,"ATP5ME"
"COX5B",4.11e-200,0.497,0.942,0.872,7.64e-196,"COX5B"
"COPS9",1.36e-199,0.631,0.841,0.709,2.53e-195,"COPS9"
"ATP5MK",1.81e-199,0.469,0.957,0.902,3.36e-195,"ATP5MK"
"CDH2",9.76e-199,0.457,0.994,0.975,1.82e-194,"CDH2"
"ILF2",1.61e-198,0.512,0.933,0.844,3e-194,"ILF2"
"UQCR11",2.3e-198,0.525,0.928,0.831,4.28e-194,"UQCR11"
"MEX3A",3.79e-198,0.484,0.944,0.873,7.06e-194,"MEX3A"
"HSBP1",3.4e-197,0.459,0.961,0.905,6.33e-193,"HSBP1"
"NDUFB10",2.53e-195,0.534,0.921,0.835,4.7e-191,"NDUFB10"
"MYL12B",3.56e-195,0.498,0.942,0.86,6.63e-191,"MYL12B"
"TCAF1",7.36e-195,0.447,0.954,0.899,1.37e-190,"TCAF1"
"CALM2",5.18e-194,0.336,0.996,0.989,9.64e-190,"CALM2"
"JUND",6.69e-194,0.482,0.973,0.926,1.25e-189,"JUND"
"NRG1",7.61e-194,0.806,0.805,0.65,1.42e-189,"NRG1"
"GAPDH",2.38e-193,0.403,0.985,0.946,4.44e-189,"GAPDH"
"GDAP1",5.76e-192,0.449,0.969,0.918,1.07e-187,"GDAP1"
"CCNG2",7.94e-192,0.492,0.943,0.872,1.48e-187,"CCNG2"
"EIF5A",5.06e-190,0.504,0.924,0.835,9.41e-186,"EIF5A"
"CTXN1",5.09e-190,0.53,0.916,0.826,9.47e-186,"CTXN1"
"CCND2",1.3e-189,0.413,0.938,0.86,2.41e-185,"CCND2"
"NDUFA1",1.4e-189,0.544,0.906,0.814,2.6e-185,"NDUFA1"
"PCSK1N",1.86e-189,0.416,0.985,0.964,3.45e-185,"PCSK1N"
"UBA1",2.5e-189,0.504,0.904,0.817,4.64e-185,"UBA1"
"NCL",2.83e-189,0.449,0.963,0.915,5.27e-185,"NCL"
"EIF4A2",3.21e-189,0.413,0.973,0.933,5.98e-185,"EIF4A2"
"KCNN3",2.62e-188,0.526,0.913,0.819,4.87e-184,"KCNN3"
"CIRBP",8.71e-188,0.468,0.978,0.94,1.62e-183,"CIRBP"
"DDX6",1.86e-187,0.424,0.955,0.893,3.46e-183,"DDX6"
"TMSB15A",3.47e-187,0.496,0.946,0.866,6.46e-183,"TMSB15A"
"ATP5PO",2.04e-185,0.479,0.941,0.87,3.79e-181,"ATP5PO"
"NAP1L1",2.8e-185,0.367,0.983,0.948,5.21e-181,"NAP1L1"
"DYNC1I2",4.39e-185,0.395,0.976,0.929,8.17e-181,"DYNC1I2"
"PPP2R2B",6.39e-185,0.531,0.96,0.924,1.19e-180,"PPP2R2B"
"CBX3",1.58e-184,0.418,0.968,0.92,2.94e-180,"CBX3"
"AKT3",4.51e-184,0.334,0.999,0.993,8.4e-180,"AKT3"
"DISP3",4.79e-184,0.626,0.763,0.594,8.92e-180,"DISP3"
"MT-ATP6",5.3e-184,0.262,1,0.999,9.86e-180,"MT-ATP6"
"MT-TA",7.43e-184,0.891,0.573,0.381,1.38e-179,"MT-TA"
"RSF1",1.03e-183,0.36,0.983,0.954,1.92e-179,"RSF1"
"FSCN1",2.08e-183,0.539,0.889,0.797,3.86e-179,"FSCN1"
"ATP6V1F",2.55e-183,0.504,0.934,0.856,4.75e-179,"ATP6V1F"
"PPDPF",2.79e-183,0.539,0.886,0.778,5.19e-179,"PPDPF"
"XRCC5",3.23e-183,0.359,0.978,0.949,6.02e-179,"XRCC5"
"TRIM2",8.15e-183,0.375,0.991,0.973,1.52e-178,"TRIM2"
"SSR2",1.21e-182,0.497,0.931,0.86,2.24e-178,"SSR2"
"CUTA",1.82e-182,0.559,0.907,0.814,3.38e-178,"CUTA"
"COPE",2.42e-182,0.49,0.933,0.856,4.51e-178,"COPE"
"HNRNPR",4.65e-182,0.349,0.986,0.958,8.65e-178,"HNRNPR"
"NDUFA4",1.01e-181,0.413,0.982,0.944,1.88e-177,"NDUFA4"
"ATP5MC2",1.1e-181,0.45,0.969,0.921,2.05e-177,"ATP5MC2"
"ROMO1",1.24e-181,0.671,0.764,0.602,2.32e-177,"ROMO1"
"ESR1",4.01e-181,0.56,0.861,0.731,7.47e-177,"ESR1"
"PFDN5",6.89e-181,0.464,0.956,0.893,1.28e-176,"PFDN5"
"SMARCB1",8.82e-181,0.563,0.845,0.723,1.64e-176,"SMARCB1"
"HNRNPD",1.55e-180,0.383,0.973,0.93,2.88e-176,"HNRNPD"
"ZNF462",2.17e-180,0.335,0.992,0.975,4.04e-176,"ZNF462"
"H1-10",2.35e-180,0.44,0.983,0.952,4.37e-176,"H1-10"
"NDUFB7",2.95e-180,0.566,0.873,0.76,5.49e-176,"NDUFB7"
"CTBP2",3.16e-180,0.428,0.959,0.901,5.88e-176,"CTBP2"
"KMT2E",3.47e-180,0.298,0.993,0.979,6.46e-176,"KMT2E"
"OST4",5.51e-180,0.524,0.916,0.831,1.02e-175,"OST4"
"CSDE1",5.67e-180,0.41,0.962,0.915,1.06e-175,"CSDE1"
"CECR2",2.41e-179,0.631,0.839,0.715,4.48e-175,"CECR2"
"ANP32A",1.99e-178,0.438,0.954,0.893,3.71e-174,"ANP32A"
"TENM4",2.55e-178,0.547,0.983,0.968,4.75e-174,"TENM4"
"MT-CO1",3.86e-177,0.254,1,0.999,7.18e-173,"MT-CO1"
"NPM1",3.72e-176,0.358,0.983,0.956,6.92e-172,"NPM1"
"RBFOX3",3.99e-176,0.582,0.887,0.784,7.43e-172,"RBFOX3"
"TOP1",7.38e-176,0.408,0.97,0.94,1.37e-171,"TOP1"
"SNRPF",1.31e-175,0.488,0.923,0.843,2.44e-171,"SNRPF"
"RNF5",1.8e-175,0.542,0.879,0.77,3.35e-171,"RNF5"
"KDM1A",2.73e-175,0.415,0.955,0.901,5.08e-171,"KDM1A"
"LAPTM4A",1.78e-174,0.56,0.868,0.761,3.31e-170,"LAPTM4A"
"RUFY3",2.88e-174,0.339,0.985,0.963,5.37e-170,"RUFY3"
"SMARCC1",6.49e-174,0.351,0.984,0.955,1.21e-169,"SMARCC1"
"MT-CYB",1.44e-173,0.269,1,0.997,2.68e-169,"MT-CYB"
"BHLHE22",1.61e-173,0.785,0.776,0.619,3e-169,"BHLHE22"
"EDF1",2.01e-173,0.465,0.941,0.876,3.74e-169,"EDF1"
"HNRNPU",7.66e-173,0.374,0.975,0.944,1.43e-168,"HNRNPU"
"COX8A",2.18e-172,0.494,0.923,0.842,4.05e-168,"COX8A"
"TCP1",2.09e-171,0.469,0.923,0.854,3.9e-167,"TCP1"
"VPS28",8.01e-171,0.49,0.93,0.862,1.49e-166,"VPS28"
"NGRN",1.29e-169,0.485,0.916,0.846,2.41e-165,"NGRN"
"NDUFB4",4.12e-169,0.501,0.922,0.848,7.67e-165,"NDUFB4"
"DSTN",4.89e-169,0.454,0.956,0.911,9.1e-165,"DSTN"
"ENC1",2.67e-168,0.623,0.861,0.76,4.96e-164,"ENC1"
"MAPK8",3.81e-168,0.369,0.983,0.957,7.1e-164,"MAPK8"
"ATP5F1A",2.64e-167,0.467,0.933,0.86,4.91e-163,"ATP5F1A"
"HECTD4",4.11e-167,0.445,0.961,0.921,7.65e-163,"HECTD4"
"NDUFA3",1.03e-166,0.574,0.815,0.682,1.92e-162,"NDUFA3"
"HES6",2.27e-166,0.543,0.924,0.845,4.22e-162,"HES6"
"AFDN",2.39e-166,0.321,0.992,0.98,4.45e-162,"AFDN"
"PAIP2",3.19e-166,0.479,0.929,0.854,5.94e-162,"PAIP2"
"PSMB6",3.98e-166,0.477,0.911,0.825,7.41e-162,"PSMB6"
"AP2M1",5.83e-166,0.472,0.92,0.845,1.08e-161,"AP2M1"
"HNRNPH1",6.11e-166,0.443,0.927,0.864,1.14e-161,"HNRNPH1"
"CCT2",2.61e-165,0.424,0.954,0.901,4.85e-161,"CCT2"
"ATP5F1C",3.13e-164,0.456,0.931,0.856,5.83e-160,"ATP5F1C"
"SKA2",3.13e-164,0.423,0.93,0.863,5.83e-160,"SKA2"
"MT-ATP8",3.21e-164,0.594,0.766,0.621,5.97e-160,"MT-ATP8"
"PDE4D",4.64e-164,0.526,0.97,0.933,8.64e-160,"PDE4D"
"APLP1",5.02e-164,0.461,0.938,0.876,9.34e-160,"APLP1"
"PREX1",9.55e-164,0.629,0.762,0.611,1.78e-159,"PREX1"
"UBE2S",5.42e-163,0.393,0.891,0.797,1.01e-158,"UBE2S"
"VCP",2.16e-162,0.473,0.914,0.834,4.03e-158,"VCP"
"FRMD4B",5.55e-162,0.408,0.968,0.935,1.03e-157,"FRMD4B"
"CDC42EP3",1.64e-161,0.66,0.83,0.714,3.06e-157,"CDC42EP3"
"ZFAND3",2.31e-161,0.348,0.984,0.959,4.3e-157,"ZFAND3"
"EIF3L",3.27e-161,0.462,0.93,0.864,6.09e-157,"EIF3L"
"RBM39",7.26e-161,0.376,0.952,0.904,1.35e-156,"RBM39"
"EIF5",2.02e-160,0.414,0.953,0.896,3.76e-156,"EIF5"
"BLOC1S1",2.06e-160,0.546,0.886,0.793,3.84e-156,"BLOC1S1"
"VDAC2",3.26e-160,0.44,0.936,0.868,6.06e-156,"VDAC2"
"FUS",1.46e-159,0.36,0.965,0.923,2.72e-155,"FUS"
"RPAIN",1.76e-159,0.4,0.959,0.912,3.27e-155,"RPAIN"
"FBXO11",3.32e-159,0.345,0.983,0.958,6.18e-155,"FBXO11"
"SEZ6",4.91e-159,0.533,0.859,0.749,9.13e-155,"SEZ6"
"TLE5",6.24e-159,0.462,0.926,0.856,1.16e-154,"TLE5"
"KIF5B",6.87e-159,0.372,0.966,0.917,1.28e-154,"KIF5B"
"H2AZ1",6.89e-159,0.298,0.982,0.95,1.28e-154,"H2AZ1"
"CAPRIN1",8.3e-159,0.428,0.926,0.86,1.54e-154,"CAPRIN1"
"ARID4B",1.1e-158,0.34,0.982,0.958,2.06e-154,"ARID4B"
"ATP5PF",1.22e-158,0.382,0.975,0.941,2.27e-154,"ATP5PF"
"RBX1",1.63e-158,0.421,0.951,0.895,3.04e-154,"RBX1"
"TOMM20",3.55e-158,0.368,0.965,0.918,6.61e-154,"TOMM20"
"GABARAPL2",3.73e-158,0.414,0.958,0.9,6.95e-154,"GABARAPL2"
"ZNF608",4.25e-158,0.411,0.945,0.865,7.92e-154,"ZNF608"
"HNRNPAB",4.35e-158,0.458,0.909,0.831,8.1e-154,"HNRNPAB"
"SRSF3",4.42e-158,0.455,0.931,0.846,8.23e-154,"SRSF3"
"HNRNPC",6.54e-158,0.335,0.979,0.95,1.22e-153,"HNRNPC"
"AP1S2",9.93e-158,0.688,0.864,0.762,1.85e-153,"AP1S2"
"GDI2",2.47e-156,0.476,0.9,0.813,4.6e-152,"GDI2"
"CALM1",5.62e-156,0.305,0.997,0.992,1.05e-151,"CALM1"
"TCF12",6.83e-156,0.277,0.997,0.988,1.27e-151,"TCF12"
"SCG3",1.83e-155,0.483,0.896,0.801,3.4e-151,"SCG3"
"ARHGAP21",5.23e-155,0.25,0.997,0.99,9.73e-151,"ARHGAP21"
"MSI2",7.89e-155,0.468,0.901,0.81,1.47e-150,"MSI2"
"TCEAL4",1.45e-154,0.472,0.921,0.845,2.69e-150,"TCEAL4"
"MYL6B",1.88e-154,0.479,0.909,0.828,3.49e-150,"MYL6B"
"BTG1",2.42e-154,0.552,0.892,0.803,4.5e-150,"BTG1"
"CIAO2B",2.55e-154,0.497,0.895,0.798,4.75e-150,"CIAO2B"
"CLTA",2.8e-154,0.396,0.961,0.92,5.21e-150,"CLTA"
"KIDINS220",3.18e-154,0.295,0.987,0.962,5.93e-150,"KIDINS220"
"TUBB2A",1.35e-153,0.358,0.986,0.969,2.52e-149,"TUBB2A"
"DCTN2",1.99e-153,0.469,0.916,0.841,3.71e-149,"DCTN2"
"PCBP2",2.95e-153,0.413,0.909,0.821,5.48e-149,"PCBP2"
"USP11",3.05e-153,0.381,0.96,0.923,5.68e-149,"USP11"
"KCNH8",3.33e-153,0.592,0.838,0.722,6.21e-149,"KCNH8"
"KIF21A",7e-153,0.327,0.988,0.969,1.3e-148,"KIF21A"
"EZR",1.8e-152,0.572,0.793,0.644,3.35e-148,"EZR"
"GSTA4",2.93e-152,0.416,0.945,0.88,5.46e-148,"GSTA4"
"NNAT",1.09e-151,0.652,0.957,0.925,2.02e-147,"NNAT"
"MT-ND1",1.36e-151,0.202,0.998,0.993,2.53e-147,"MT-ND1"
"DDX24",1.42e-151,0.428,0.955,0.913,2.65e-147,"DDX24"
"ST13",2.38e-151,0.439,0.912,0.84,4.44e-147,"ST13"
"SEPTIN3",1.05e-150,0.378,0.938,0.874,1.95e-146,"SEPTIN3"
"DCC",3.86e-150,0.479,0.975,0.946,7.19e-146,"DCC"
"NSG1",5.51e-150,0.436,0.937,0.879,1.02e-145,"NSG1"
"SNRPB2",1.22e-149,0.445,0.912,0.828,2.27e-145,"SNRPB2"
"YWHAB",2.48e-149,0.325,0.986,0.965,4.61e-145,"YWHAB"
"TBCA",3.09e-149,0.351,0.974,0.944,5.75e-145,"TBCA"
"AKAP9",5.83e-149,0.325,0.988,0.969,1.08e-144,"AKAP9"
"EIF4B",5.85e-149,0.441,0.914,0.837,1.09e-144,"EIF4B"
"SLC25A3",6.58e-149,0.414,0.946,0.886,1.22e-144,"SLC25A3"
"CPE",7.11e-149,0.281,0.998,0.989,1.32e-144,"CPE"
"PHF6",9.62e-149,0.423,0.943,0.884,1.79e-144,"PHF6"
"INA",3.73e-148,0.496,0.892,0.803,6.93e-144,"INA"
"SYT1",5.23e-148,0.258,0.996,0.989,9.74e-144,"SYT1"
"PQBP1",5.67e-148,0.521,0.856,0.754,1.06e-143,"PQBP1"
"FOXN3",2.58e-147,0.376,0.972,0.935,4.81e-143,"FOXN3"
"PSMA4",4.34e-147,0.494,0.882,0.789,8.08e-143,"PSMA4"
"SELENOW",2.95e-146,0.439,0.938,0.866,5.5e-142,"SELENOW"
"NEGR1",3.61e-146,-1.824,0.387,0.547,6.71e-142,"NEGR1"
"POU3F3",8.95e-146,0.559,0.813,0.691,1.67e-141,"POU3F3"
"ATCAY",1.34e-145,0.402,0.909,0.838,2.49e-141,"ATCAY"
"HNRNPDL",3.29e-145,0.326,0.986,0.962,6.12e-141,"HNRNPDL"
"SON",4.44e-145,0.294,0.973,0.944,8.26e-141,"SON"
"ATP6V0B",7.21e-145,0.457,0.906,0.821,1.34e-140,"ATP6V0B"
"TMEM183A",1.41e-144,0.57,0.8,0.689,2.63e-140,"TMEM183A"
"NHSL1",5.54e-144,0.353,0.96,0.909,1.03e-139,"NHSL1"
"XRN2",9.8e-144,0.424,0.927,0.861,1.82e-139,"XRN2"
"SINHCAF",1.03e-143,0.566,0.77,0.629,1.93e-139,"SINHCAF"
"RABAC1",1.07e-143,0.478,0.906,0.835,1.99e-139,"RABAC1"
"DYNLL1",1.22e-143,0.357,0.988,0.967,2.28e-139,"DYNLL1"
"HDGFL3",1.58e-143,0.314,0.977,0.946,2.94e-139,"HDGFL3"
"RCN2",2.41e-143,0.404,0.948,0.894,4.49e-139,"RCN2"
"FDFT1",3.89e-143,0.39,0.982,0.958,7.25e-139,"FDFT1"
"FAM89B",5.29e-143,0.454,0.91,0.842,9.85e-139,"FAM89B"
"ITM2B",1.41e-142,0.414,0.94,0.882,2.62e-138,"ITM2B"
"GUK1",1.86e-142,0.483,0.89,0.806,3.45e-138,"GUK1"
"SESN3",2.31e-142,0.52,0.908,0.827,4.31e-138,"SESN3"
"MT-CO2",3.72e-142,0.211,1,0.998,6.92e-138,"MT-CO2"
"UBXN1",4e-142,0.496,0.879,0.791,7.44e-138,"UBXN1"
"RTRAF",5.6e-142,0.46,0.895,0.808,1.04e-137,"RTRAF"
"AFAP1",5.8e-142,0.515,0.856,0.753,1.08e-137,"AFAP1"
"MAP1LC3B",1.27e-141,0.482,0.867,0.776,2.37e-137,"MAP1LC3B"
"SCAND1",1.83e-141,0.532,0.832,0.717,3.41e-137,"SCAND1"
"MXI1",6.45e-141,0.454,0.899,0.818,1.2e-136,"MXI1"
"THRA",1.21e-140,0.404,0.932,0.877,2.25e-136,"THRA"
"UQCR10",1.34e-140,0.429,0.928,0.858,2.49e-136,"UQCR10"
"RBBP4",2.1e-140,0.371,0.938,0.869,3.92e-136,"RBBP4"
"BBLN",2.16e-140,0.496,0.878,0.785,4.01e-136,"BBLN"
"ELAVL4",2.55e-140,0.398,0.953,0.911,4.75e-136,"ELAVL4"
"SYNE2",1.11e-139,0.178,0.975,0.93,2.06e-135,"SYNE2"
"EIF3A",1.14e-139,0.461,0.907,0.826,2.13e-135,"EIF3A"
"PARK7",1.59e-139,0.382,0.958,0.918,2.96e-135,"PARK7"
"ZNF609",1.93e-139,0.299,0.982,0.96,3.6e-135,"ZNF609"
"HMGN1",2.59e-139,0.345,0.976,0.951,4.81e-135,"HMGN1"
"HNRNPM",2.64e-139,0.371,0.946,0.887,4.92e-135,"HNRNPM"
"YWHAG",8.35e-139,0.33,0.962,0.917,1.55e-134,"YWHAG"
"UBE2R2",8.55e-139,0.326,0.967,0.931,1.59e-134,"UBE2R2"
"ALDH2",2.96e-138,0.591,0.761,0.634,5.52e-134,"ALDH2"
"TMEM59",4.1e-138,0.418,0.917,0.85,7.63e-134,"TMEM59"
"MN1",6.87e-138,0.374,0.949,0.894,1.28e-133,"MN1"
"CTNNB1",9.49e-138,0.417,0.92,0.848,1.77e-133,"CTNNB1"
"HP1BP3",1.17e-137,0.282,0.969,0.934,2.18e-133,"HP1BP3"
"NDUFB1",1.25e-137,0.504,0.826,0.72,2.33e-133,"NDUFB1"
"ATP5MC3",1.87e-137,0.411,0.939,0.869,3.49e-133,"ATP5MC3"
"TUBA1B",1.88e-137,0.26,0.973,0.933,3.51e-133,"TUBA1B"
"NDUFB9",2.76e-137,0.447,0.893,0.802,5.14e-133,"NDUFB9"
"UBE2I",4.24e-137,0.424,0.912,0.835,7.89e-133,"UBE2I"
"PFN1",4.7e-137,0.473,0.878,0.778,8.75e-133,"PFN1"
"SRSF11",5.71e-137,0.329,0.972,0.94,1.06e-132,"SRSF11"
"GSK3B",7.76e-137,0.256,0.989,0.967,1.45e-132,"GSK3B"
"COX7B",3.5e-136,0.478,0.89,0.805,6.52e-132,"COX7B"
"NFASC",9.51e-136,0.351,0.933,0.88,1.77e-131,"NFASC"
"TSPAN13",1.21e-135,0.451,0.896,0.814,2.25e-131,"TSPAN13"
"PPA1",1.32e-135,0.376,0.957,0.912,2.45e-131,"PPA1"
"DNAJC8",3.31e-135,0.464,0.888,0.807,6.16e-131,"DNAJC8"
"IGDCC3",3.88e-135,0.605,0.761,0.638,7.23e-131,"IGDCC3"
"ZNF292",5.04e-135,0.279,0.991,0.978,9.38e-131,"ZNF292"
"HEBP2",6.81e-135,0.631,0.743,0.616,1.27e-130,"HEBP2"
"XRCC6",7.79e-135,0.442,0.891,0.813,1.45e-130,"XRCC6"
"PPP2R5E",1.56e-134,0.326,0.965,0.927,2.9e-130,"PPP2R5E"
"MXD4",2.3e-134,0.567,0.731,0.59,4.29e-130,"MXD4"
"TMEFF1",3.1e-134,0.384,0.927,0.86,5.76e-130,"TMEFF1"
"PSMB3",6.74e-134,0.496,0.841,0.731,1.25e-129,"PSMB3"
"IGSF3",1.5e-133,0.494,0.845,0.743,2.79e-129,"IGSF3"
"ANKRD11",2.2e-133,0.319,0.956,0.922,4.09e-129,"ANKRD11"
"CAPZB",2.33e-133,0.444,0.901,0.828,4.33e-129,"CAPZB"
"DTD1",3.73e-133,0.415,0.923,0.871,6.95e-129,"DTD1"
"DCTN3",3.82e-133,0.457,0.896,0.811,7.11e-129,"DCTN3"
"MLLT3",6.31e-133,0.354,0.986,0.969,1.17e-128,"MLLT3"
"ERH",8.74e-133,0.35,0.961,0.908,1.63e-128,"ERH"
"SEC61G",8.99e-133,0.407,0.924,0.856,1.67e-128,"SEC61G"
"NFIB",9.66e-133,0.332,0.986,0.975,1.8e-128,"NFIB"
"PAFAH1B1",1.04e-132,0.293,0.978,0.952,1.94e-128,"PAFAH1B1"
"GRM5",1.54e-132,-3.696,0.038,0.139,2.86e-128,"GRM5"
"CST3",1.58e-132,0.532,0.831,0.725,2.94e-128,"CST3"
"SFRP1",3.42e-132,0.157,0.82,0.683,6.37e-128,"SFRP1"
"PLPPR3",3.48e-132,0.456,0.863,0.777,6.47e-128,"PLPPR3"
"TIAM2",3.78e-132,0.352,0.971,0.95,7.04e-128,"TIAM2"
"GDAP1L1",9.84e-132,0.557,0.794,0.68,1.83e-127,"GDAP1L1"
"PSMB7",1.83e-131,0.416,0.913,0.843,3.41e-127,"PSMB7"
"NDUFB8",2.05e-131,0.483,0.87,0.787,3.82e-127,"NDUFB8"
"EIF3H",3.57e-131,0.397,0.939,0.879,6.64e-127,"EIF3H"
"TSC22D1",3.95e-131,0.295,0.992,0.978,7.34e-127,"TSC22D1"
"DNAJB6",5.56e-131,0.363,0.949,0.901,1.03e-126,"DNAJB6"
"MEIS3",6.22e-131,0.443,0.856,0.761,1.16e-126,"MEIS3"
"UBE2H",7.09e-131,0.338,0.962,0.922,1.32e-126,"UBE2H"
"ATP5MJ",7.61e-131,0.424,0.909,0.841,1.42e-126,"ATP5MJ"
"RNF130",8.47e-131,0.291,0.989,0.974,1.58e-126,"RNF130"
"RBFOX2",8.9e-131,0.219,0.996,0.986,1.66e-126,"RBFOX2"
"PBRM1",9.57e-131,0.31,0.967,0.941,1.78e-126,"PBRM1"
"CDH18",9.66e-131,-2.326,0.081,0.204,1.8e-126,"CDH18"
"TNRC6A",1.38e-130,0.273,0.995,0.988,2.57e-126,"TNRC6A"
"PAG1",1.71e-130,0.704,0.716,0.584,3.18e-126,"PAG1"
"ATP5F1D",2.1e-130,0.416,0.914,0.855,3.9e-126,"ATP5F1D"
"CCT3",4.21e-130,0.402,0.932,0.877,7.83e-126,"CCT3"
"ZSWIM6",6.36e-130,0.376,0.969,0.94,1.18e-125,"ZSWIM6"
"RNF24",6.8e-130,0.345,0.95,0.9,1.27e-125,"RNF24"
"WDR83OS",8e-130,0.499,0.859,0.752,1.49e-125,"WDR83OS"
"EPHB2",1.91e-129,0.491,0.787,0.668,3.55e-125,"EPHB2"
"DLGAP1",3.35e-129,0.275,0.994,0.992,6.24e-125,"DLGAP1"
"LSM7",4.85e-129,0.449,0.905,0.826,9.02e-125,"LSM7"
"SEC61B",6.6e-129,0.383,0.944,0.89,1.23e-124,"SEC61B"
"MORF4L1",7.19e-129,0.308,0.972,0.937,1.34e-124,"MORF4L1"
"SRRM2",1.11e-128,0.317,0.965,0.926,2.07e-124,"SRRM2"
"SAT2",1.2e-128,0.451,0.903,0.839,2.23e-124,"SAT2"
"PPP2R1A",1.35e-128,0.4,0.925,0.864,2.51e-124,"PPP2R1A"
"TPGS2",3.11e-128,0.44,0.89,0.801,5.8e-124,"TPGS2"
"SPAG9",3.57e-128,0.335,0.947,0.899,6.64e-124,"SPAG9"
"CCT7",3.76e-128,0.42,0.912,0.839,7e-124,"CCT7"
"CENPV",6.08e-128,0.392,0.922,0.868,1.13e-123,"CENPV"
"PTOV1",7.6e-128,0.404,0.922,0.866,1.41e-123,"PTOV1"
"CNN3",8.15e-128,0.489,0.836,0.739,1.52e-123,"CNN3"
"EIF3K",9.91e-128,0.47,0.892,0.808,1.84e-123,"EIF3K"
"BRI3",1.14e-127,0.264,0.934,0.878,2.12e-123,"BRI3"
"STMN2",1.26e-127,0.41,0.955,0.931,2.35e-123,"STMN2"
"THSD7A",4.28e-127,0.457,0.856,0.751,7.96e-123,"THSD7A"
"MRPL41",6.26e-127,0.525,0.801,0.686,1.16e-122,"MRPL41"
"PSMD8",8.8e-127,0.438,0.891,0.809,1.64e-122,"PSMD8"
"UQCRB",2.9e-126,0.383,0.95,0.899,5.39e-122,"UQCRB"
"ENAH",4.05e-126,0.274,0.986,0.966,7.55e-122,"ENAH"
"UBE2D2",5.19e-126,0.334,0.951,0.903,9.67e-122,"UBE2D2"
"DLGAP4",5.25e-126,0.326,0.95,0.906,9.77e-122,"DLGAP4"
"GNG3",7.44e-126,0.598,0.774,0.658,1.38e-121,"GNG3"
"MDH2",9.93e-126,0.409,0.911,0.844,1.85e-121,"MDH2"
"COX5A",1.89e-125,0.382,0.936,0.881,3.53e-121,"COX5A"
"ZNHIT1",1.96e-125,0.523,0.798,0.679,3.64e-121,"ZNHIT1"
"GNAI2",2.37e-125,0.426,0.861,0.769,4.4e-121,"GNAI2"
"ACTR3",3.37e-125,0.399,0.904,0.839,6.28e-121,"ACTR3"
"FRYL",7.44e-125,0.411,0.941,0.895,1.39e-120,"FRYL"
"SMC3",9.55e-125,0.359,0.94,0.878,1.78e-120,"SMC3"
"DPYSL2",1.4e-124,0.231,0.988,0.969,2.6e-120,"DPYSL2"
"RAN",1.61e-124,0.329,0.956,0.901,3e-120,"RAN"
"RBMX",5.45e-124,0.334,0.957,0.912,1.01e-119,"RBMX"
"DDX3X",7.22e-124,0.389,0.902,0.837,1.34e-119,"DDX3X"
"SARS1",7.38e-124,0.475,0.837,0.745,1.37e-119,"SARS1"
"SNRPD2",1.15e-123,0.431,0.871,0.767,2.13e-119,"SNRPD2"
"TMPO",1.29e-123,0.521,0.791,0.676,2.4e-119,"TMPO"
"JMJD1C",1.86e-123,0.226,0.997,0.991,3.46e-119,"JMJD1C"
"TRIM24",2.19e-123,0.276,0.957,0.907,4.08e-119,"TRIM24"
"SF3B6",2.81e-123,0.395,0.926,0.86,5.24e-119,"SF3B6"
"MTDH",3.18e-123,0.369,0.949,0.901,5.92e-119,"MTDH"
"CSNK2B",3.55e-123,0.462,0.84,0.73,6.61e-119,"CSNK2B"
"NIPSNAP1",7.15e-123,0.483,0.818,0.71,1.33e-118,"NIPSNAP1"
"SNRPG",1.27e-122,0.454,0.85,0.75,2.36e-118,"SNRPG"
"DEK",1.3e-122,0.353,0.91,0.832,2.41e-118,"DEK"
"SLC25A5",2.06e-122,0.453,0.858,0.754,3.83e-118,"SLC25A5"
"PRRC2B",2.09e-122,0.296,0.957,0.912,3.89e-118,"PRRC2B"
"EIF3E",2.37e-122,0.384,0.93,0.864,4.41e-118,"EIF3E"
"TMEM258",4.38e-122,0.475,0.84,0.735,8.15e-118,"TMEM258"
"ATP6V0E2",6.11e-122,0.443,0.877,0.805,1.14e-117,"ATP6V0E2"
"PRAG1",1.12e-121,0.576,0.658,0.504,2.08e-117,"PRAG1"
"ST6GAL2",1.18e-121,0.637,0.744,0.623,2.2e-117,"ST6GAL2"
"SERBP1",1.28e-121,0.337,0.945,0.889,2.39e-117,"SERBP1"
"BSCL2",1.34e-121,0.511,0.818,0.717,2.49e-117,"BSCL2"
"BRK1",1.62e-121,0.377,0.929,0.878,3.01e-117,"BRK1"
"PFDN2",2.92e-121,0.36,0.95,0.909,5.44e-117,"PFDN2"
"PRKCB",6.84e-121,-2.134,0.096,0.218,1.27e-116,"PRKCB"
"NKAIN3",7.44e-121,0.363,0.932,0.87,1.39e-116,"NKAIN3"
"ACTL6B",8.54e-121,0.513,0.783,0.667,1.59e-116,"ACTL6B"
"AMER2",1.16e-120,0.421,0.878,0.798,2.17e-116,"AMER2"
"GNG4",1.33e-120,0.414,0.89,0.821,2.47e-116,"GNG4"
"CBFA2T2",1.72e-120,0.409,0.928,0.868,3.2e-116,"CBFA2T2"
"BTF3L4",2.88e-120,0.363,0.934,0.88,5.36e-116,"BTF3L4"
"MLF2",2.93e-120,0.435,0.885,0.804,5.45e-116,"MLF2"
"RAB2A",3.02e-120,0.307,0.97,0.939,5.62e-116,"RAB2A"
"VAPA",5.49e-120,0.36,0.932,0.876,1.02e-115,"VAPA"
"PSIP1",6.29e-120,0.342,0.963,0.927,1.17e-115,"PSIP1"
"CCDC88C",1.7e-119,0.588,0.648,0.504,3.16e-115,"CCDC88C"
"CNTN1",3.01e-119,-1.461,0.197,0.342,5.6e-115,"CNTN1"
"RTF1",4.49e-119,0.31,0.97,0.933,8.35e-115,"RTF1"
"PSMB1",5.45e-119,0.413,0.9,0.825,1.01e-114,"PSMB1"
"STRAP",7.71e-119,0.395,0.912,0.842,1.44e-114,"STRAP"
"SMDT1",8.58e-119,0.505,0.816,0.717,1.6e-114,"SMDT1"
"MCRIP1",1.31e-118,0.469,0.841,0.76,2.44e-114,"MCRIP1"
"ANAPC11",1.47e-118,0.429,0.892,0.817,2.74e-114,"ANAPC11"
"NEBL",1.74e-118,-1.906,0.143,0.275,3.23e-114,"NEBL"
"R3HDM2",1.85e-118,0.314,0.961,0.927,3.45e-114,"R3HDM2"
"IGFBP2",2.3e-118,0.184,0.975,0.943,4.28e-114,"IGFBP2"
"ARPC3",2.74e-118,0.382,0.932,0.871,5.1e-114,"ARPC3"
"CCT6A",3.01e-118,0.399,0.901,0.831,5.6e-114,"CCT6A"
"TSPYL1",8.11e-118,0.489,0.782,0.668,1.51e-113,"TSPYL1"
"RPL36AL",8.23e-118,0.404,0.905,0.838,1.53e-113,"RPL36AL"
"CSMD1",1.28e-117,-2.373,0.292,0.434,2.38e-113,"CSMD1"
"BZW1",1.92e-117,0.414,0.877,0.794,3.57e-113,"BZW1"
"TALDO1",2.14e-117,0.474,0.835,0.742,3.98e-113,"TALDO1"
"TULP4",3.24e-117,0.288,0.972,0.94,6.03e-113,"TULP4"
"BANF1",3.4e-117,0.412,0.892,0.804,6.32e-113,"BANF1"
"ZC3H13",4.05e-117,0.338,0.942,0.889,7.54e-113,"ZC3H13"
"KANSL1",5.16e-117,0.242,0.989,0.977,9.6e-113,"KANSL1"
"FJX1",5.95e-117,0.41,0.882,0.801,1.11e-112,"FJX1"
"SEPTIN7",1.08e-116,0.273,0.984,0.965,2.01e-112,"SEPTIN7"
"RBM25",1.53e-116,0.338,0.958,0.924,2.85e-112,"RBM25"
"USP22",1.91e-116,0.321,0.939,0.879,3.55e-112,"USP22"
"BTF3",2.12e-116,0.361,0.965,0.916,3.95e-112,"BTF3"
"CUEDC2",2.49e-116,0.457,0.856,0.765,4.64e-112,"CUEDC2"
"DHX9",3.41e-116,0.372,0.907,0.843,6.35e-112,"DHX9"
"SYT11",4.48e-116,0.397,0.863,0.783,8.34e-112,"SYT11"
"CRACD",5.14e-116,0.27,0.981,0.959,9.57e-112,"CRACD"
"MAP2K2",7.97e-116,0.478,0.811,0.721,1.48e-111,"MAP2K2"
"PPM1G",8.24e-116,0.425,0.877,0.802,1.53e-111,"PPM1G"
"SEC11C",9.39e-116,0.504,0.828,0.73,1.75e-111,"SEC11C"
"CCDC28B",1.07e-115,0.536,0.775,0.668,1.98e-111,"CCDC28B"
"C14orf132",1.37e-115,0.533,0.707,0.571,2.54e-111,"C14orf132"
"PPP4C",1.4e-115,0.492,0.788,0.679,2.61e-111,"PPP4C"
"SMARCA5",1.76e-115,0.432,0.854,0.771,3.27e-111,"SMARCA5"
"CNTNAP2",3.01e-115,0.404,0.974,0.938,5.61e-111,"CNTNAP2"
"GPR22",3.36e-115,-2.126,0.075,0.187,6.25e-111,"GPR22"
"CLIP3",4.73e-115,0.514,0.758,0.642,8.8e-111,"CLIP3"
"BZW2",5.39e-115,0.405,0.907,0.836,1e-110,"BZW2"
"DDX39B",6.14e-115,0.384,0.9,0.823,1.14e-110,"DDX39B"
"NHP2",6.31e-115,0.487,0.806,0.702,1.17e-110,"NHP2"
"TAF7",1.93e-114,0.403,0.874,0.794,3.59e-110,"TAF7"
"SRRM4",2.24e-114,0.316,0.94,0.893,4.17e-110,"SRRM4"
"ATP5PD",3.65e-114,0.479,0.838,0.738,6.8e-110,"ATP5PD"
"C11orf58",4.75e-114,0.347,0.921,0.863,8.85e-110,"C11orf58"
"SUB1",1.26e-113,0.331,0.962,0.918,2.35e-109,"SUB1"
"ZMAT2",1.42e-113,0.498,0.801,0.702,2.64e-109,"ZMAT2"
"ZNF423",2.45e-113,0.695,0.607,0.464,4.56e-109,"ZNF423"
"MT-CO3",5.92e-113,0.158,0.999,0.999,1.1e-108,"MT-CO3"
"NUDT3",6.25e-113,0.228,0.986,0.969,1.16e-108,"NUDT3"
"GNB2",7.07e-113,0.438,0.838,0.749,1.32e-108,"GNB2"
"TRIM28",7.62e-113,0.481,0.822,0.73,1.42e-108,"TRIM28"
"COTL1",1.62e-112,0.455,0.824,0.717,3.02e-108,"COTL1"
"FIS1",1.76e-112,0.452,0.846,0.764,3.28e-108,"FIS1"
"GADD45GIP1",1.83e-112,0.491,0.801,0.7,3.4e-108,"GADD45GIP1"
"FNBP1L",2.7e-112,0.213,0.995,0.984,5.02e-108,"FNBP1L"
"FAM107B",3.28e-112,0.366,0.893,0.825,6.11e-108,"FAM107B"
"LAMTOR5",4.89e-112,0.401,0.898,0.818,9.1e-108,"LAMTOR5"
"SF3B5",6.05e-112,0.506,0.788,0.684,1.13e-107,"SF3B5"
"KLHL25",7.78e-112,0.571,0.695,0.575,1.45e-107,"KLHL25"
"PSMB5",1.27e-111,0.398,0.909,0.838,2.36e-107,"PSMB5"
"KLC1",1.27e-111,0.285,0.963,0.927,2.36e-107,"KLC1"
"ACTR1A",1.33e-111,0.453,0.827,0.733,2.48e-107,"ACTR1A"
"DHX36",1.7e-111,0.335,0.94,0.888,3.17e-107,"DHX36"
"PAK5",1.89e-111,0.328,0.941,0.899,3.52e-107,"PAK5"
"MGST3",1.97e-111,0.324,0.961,0.918,3.66e-107,"MGST3"
"MRPS21",2.52e-111,0.414,0.891,0.811,4.68e-107,"MRPS21"
"ILF3",5.87e-111,0.354,0.909,0.851,1.09e-106,"ILF3"
"KMT2A",6.1e-111,0.279,0.957,0.923,1.14e-106,"KMT2A"
"FKBP1A",8.52e-111,0.449,0.842,0.758,1.59e-106,"FKBP1A"
"DSTYK",8.77e-111,0.535,0.775,0.674,1.63e-106,"DSTYK"
"DOP1B",9.06e-111,0.435,0.877,0.796,1.69e-106,"DOP1B"
"NT5C3B",1.07e-110,0.537,0.731,0.622,1.99e-106,"NT5C3B"
"RSL24D1",1.36e-110,0.424,0.856,0.764,2.53e-106,"RSL24D1"
"GPX4",1.42e-110,0.389,0.873,0.773,2.64e-106,"GPX4"
"SF3B1",1.68e-110,0.367,0.912,0.845,3.12e-106,"SF3B1"
"TDG",2.5e-110,0.43,0.809,0.717,4.65e-106,"TDG"
"ATXN7L3B",3.12e-110,0.397,0.885,0.826,5.82e-106,"ATXN7L3B"
"COX7A2L",5.24e-110,0.436,0.843,0.748,9.76e-106,"COX7A2L"
"AP2S1",9.43e-110,0.429,0.863,0.775,1.75e-105,"AP2S1"
"CASK",2.02e-109,0.175,0.996,0.99,3.76e-105,"CASK"
"RWDD1",2.55e-109,0.471,0.841,0.751,4.74e-105,"RWDD1"
"TBCB",2.59e-109,0.377,0.924,0.868,4.83e-105,"TBCB"
"GPX1",3.13e-109,0.575,0.709,0.578,5.83e-105,"GPX1"
"IP6K2",4.26e-109,0.411,0.863,0.788,7.93e-105,"IP6K2"
"CAMK2D",5.4e-109,0.434,0.859,0.785,1.01e-104,"CAMK2D"
"TLE1",5.76e-109,0.489,0.777,0.657,1.07e-104,"TLE1"
"YTHDF2",7.2e-109,0.357,0.922,0.855,1.34e-104,"YTHDF2"
"CMIP",8.71e-109,0.313,0.932,0.883,1.62e-104,"CMIP"
"GRIK3",1.74e-108,-2.396,0.076,0.183,3.24e-104,"GRIK3"
"CAMK2N1",3.49e-108,0.356,0.954,0.911,6.49e-104,"CAMK2N1"
"SNRPD1",3.94e-108,0.381,0.903,0.844,7.34e-104,"SNRPD1"
"UCHL1",4.07e-108,0.323,0.991,0.981,7.57e-104,"UCHL1"
"METTL9",7.69e-108,0.363,0.919,0.859,1.43e-103,"METTL9"
"GADD45G",1.33e-107,0.557,0.675,0.545,2.47e-103,"GADD45G"
"BACH1",1.53e-107,0.405,0.909,0.851,2.85e-103,"BACH1"
"ROBO2",3.51e-107,0.464,0.94,0.899,6.54e-103,"ROBO2"
"NDUFV2",4.23e-107,0.375,0.91,0.851,7.88e-103,"NDUFV2"
"CTNNA2",4.45e-107,0.177,0.977,0.951,8.28e-103,"CTNNA2"
"GRAMD1B",1.12e-106,0.517,0.867,0.801,2.08e-102,"GRAMD1B"
"ATXN10",1.3e-106,0.268,0.976,0.951,2.42e-102,"ATXN10"
"NAV2",1.43e-106,-1.669,0.115,0.234,2.66e-102,"NAV2"
"G3BP1",1.49e-106,0.435,0.802,0.703,2.77e-102,"G3BP1"
"RANBP1",2.54e-106,0.358,0.89,0.808,4.74e-102,"RANBP1"
"PTK2",6.4e-106,0.258,0.976,0.958,1.19e-101,"PTK2"
"TNRC6B",1.2e-105,0.237,0.984,0.967,2.23e-101,"TNRC6B"
"CBX5",1.49e-105,0.272,0.95,0.908,2.78e-101,"CBX5"
"RAB11B",1.68e-105,0.496,0.767,0.66,3.12e-101,"RAB11B"
"AKR1B1",1.82e-105,0.548,0.699,0.578,3.38e-101,"AKR1B1"
"FZD3",1.95e-105,0.359,0.91,0.853,3.63e-101,"FZD3"
"RNF187",2.07e-105,0.403,0.888,0.813,3.86e-101,"RNF187"
"KDELR1",4.62e-105,0.491,0.758,0.654,8.6e-101,"KDELR1"
"SRSF9",1.01e-104,0.327,0.931,0.877,1.87e-100,"SRSF9"
"NR2F2",1.92e-104,0.426,0.958,0.927,3.58e-100,"NR2F2"
"THRAP3",2.23e-104,0.344,0.906,0.836,4.15e-100,"THRAP3"
"EFNB2",3.6e-104,0.27,0.978,0.959,6.7e-100,"EFNB2"
"NDUFAB1",5.73e-104,0.388,0.894,0.824,1.07e-99,"NDUFAB1"
"TOMM7",6.26e-104,0.399,0.884,0.813,1.16e-99,"TOMM7"
"CFDP1",1.03e-103,0.371,0.907,0.849,1.92e-99,"CFDP1"
"BRD3",1.36e-103,0.368,0.883,0.81,2.54e-99,"BRD3"
"NEDD8",2.17e-103,0.357,0.928,0.874,4.05e-99,"NEDD8"
"FABP7",2.69e-103,0.285,0.895,0.801,5.01e-99,"FABP7"
"CCT8",2.96e-103,0.355,0.921,0.866,5.51e-99,"CCT8"
"ATP6V0D1",2.96e-103,0.504,0.734,0.62,5.51e-99,"ATP6V0D1"
"FKBP3",3.16e-103,0.391,0.888,0.823,5.88e-99,"FKBP3"
"CUX1",3.97e-103,0.446,0.854,0.785,7.39e-99,"CUX1"
"POLR2L",4.97e-103,0.578,0.687,0.571,9.24e-99,"POLR2L"
"POLR1D",9.56e-103,0.435,0.851,0.772,1.78e-98,"POLR1D"
"RPS27L",1.05e-102,0.613,0.708,0.597,1.95e-98,"RPS27L"
"MYEF2",1.15e-102,0.317,0.897,0.832,2.14e-98,"MYEF2"
"NDUFC2",1.21e-102,0.316,0.97,0.929,2.25e-98,"NDUFC2"
"PLD3",1.79e-102,0.357,0.923,0.866,3.33e-98,"PLD3"
"BCL7A",1.81e-102,0.364,0.868,0.783,3.36e-98,"BCL7A"
"CAP2",2.17e-102,0.387,0.926,0.889,4.04e-98,"CAP2"
"PGAP1",2.65e-102,0.486,0.908,0.863,4.94e-98,"PGAP1"
"PLEKHO1",3.04e-102,0.406,0.841,0.761,5.65e-98,"PLEKHO1"
"SLIRP",3.51e-102,0.389,0.843,0.752,6.53e-98,"SLIRP"
"HMGB3",3.7e-102,0.405,0.891,0.825,6.89e-98,"HMGB3"
"GOLM1",4.47e-102,0.36,0.91,0.849,8.32e-98,"GOLM1"
"G3BP2",6.04e-102,0.364,0.898,0.834,1.12e-97,"G3BP2"
"NDUFS6",6.77e-102,0.397,0.87,0.799,1.26e-97,"NDUFS6"
"ATAT1",7.08e-102,0.412,0.826,0.732,1.32e-97,"ATAT1"
"MRFAP1",8.02e-102,0.373,0.879,0.809,1.49e-97,"MRFAP1"
"KLHL24",8.27e-102,0.398,0.862,0.787,1.54e-97,"KLHL24"
"BMERB1",9.15e-102,0.326,0.939,0.896,1.7e-97,"BMERB1"
"SMARCD3",9.75e-102,0.626,0.637,0.508,1.82e-97,"SMARCD3"
"CCDC50",1.37e-101,0.404,0.859,0.775,2.55e-97,"CCDC50"
"RAB5C",1.42e-101,0.487,0.759,0.65,2.65e-97,"RAB5C"
"CNN2",1.83e-101,0.61,0.606,0.475,3.4e-97,"CNN2"
"NR2F1",2.21e-101,0.449,0.97,0.941,4.11e-97,"NR2F1"
"FXYD6",2.82e-101,0.348,0.924,0.867,5.24e-97,"FXYD6"
"LHFPL6",3.11e-101,0.433,0.863,0.806,5.79e-97,"LHFPL6"
"CDKN1B",3.32e-101,0.442,0.776,0.67,6.18e-97,"CDKN1B"
"ZKSCAN1",5.65e-101,0.345,0.895,0.84,1.05e-96,"ZKSCAN1"
"ENOX1",5.85e-101,0.368,0.977,0.95,1.09e-96,"ENOX1"
"MACF1",6.23e-101,0.186,0.991,0.981,1.16e-96,"MACF1"
"MZT2B",8.7e-101,0.375,0.921,0.866,1.62e-96,"MZT2B"
"BMPR2",9.17e-101,0.228,0.986,0.97,1.71e-96,"BMPR2"
"TRAPPC3",1.99e-100,0.501,0.745,0.64,3.7e-96,"TRAPPC3"
"SVIL",2.14e-100,0.41,0.77,0.657,3.99e-96,"SVIL"
"PRPF40A",2.2e-100,0.319,0.937,0.886,4.1e-96,"PRPF40A"
"CHD4",2.5e-100,0.421,0.83,0.743,4.66e-96,"CHD4"
"CSNK1A1",3.99e-100,0.27,0.959,0.92,7.42e-96,"CSNK1A1"
"PUM1",4.02e-100,0.272,0.951,0.914,7.49e-96,"PUM1"
"PHC2",4.34e-100,0.379,0.882,0.821,8.07e-96,"PHC2"
"ATP1B3",7.63e-100,0.309,0.949,0.91,1.42e-95,"ATP1B3"
"SBK1",7.86e-100,0.328,0.895,0.817,1.46e-95,"SBK1"
"SEC62",1.73e-99,0.336,0.931,0.883,3.23e-95,"SEC62"
"TSPAN3",2.11e-99,0.357,0.899,0.831,3.93e-95,"TSPAN3"
"RB1CC1",2.8e-99,0.312,0.927,0.874,5.22e-95,"RB1CC1"
"AFF3",3.65e-99,0.225,0.988,0.978,6.79e-95,"AFF3"
"ADD3",4.56e-99,0.501,0.753,0.658,8.49e-95,"ADD3"
"CHD6",4.72e-99,0.328,0.916,0.857,8.79e-95,"CHD6"
"PTGES3",5.76e-99,0.274,0.959,0.925,1.07e-94,"PTGES3"
"UQCRFS1",6.73e-99,0.42,0.832,0.749,1.25e-94,"UQCRFS1"
"ARF1",7.24e-99,0.371,0.878,0.807,1.35e-94,"ARF1"
"ZFR",7.36e-99,0.312,0.916,0.856,1.37e-94,"ZFR"
"UBE2M",8.32e-99,0.416,0.832,0.749,1.55e-94,"UBE2M"
"NDUFA6",1.55e-98,0.449,0.828,0.74,2.88e-94,"NDUFA6"
"TMEM132A",2.27e-98,0.354,0.887,0.821,4.23e-94,"TMEM132A"
"C8orf34",2.34e-98,-2.054,0.118,0.231,4.36e-94,"C8orf34"
"LCOR",3e-98,0.296,0.945,0.9,5.57e-94,"LCOR"
"KDM6B",3.56e-98,0.409,0.783,0.674,6.63e-94,"KDM6B"
"MYO10",3.62e-98,0.502,0.717,0.6,6.74e-94,"MYO10"
"PRICKLE2",4.85e-98,-2.304,0.035,0.116,9.03e-94,"PRICKLE2"
"EZH2",5.7e-98,0.365,0.84,0.757,1.06e-93,"EZH2"
"RAB3A",5.86e-98,0.439,0.784,0.675,1.09e-93,"RAB3A"
"ARPC1A",5.88e-98,0.399,0.845,0.763,1.09e-93,"ARPC1A"
"RBPJ",8.35e-98,0.24,0.95,0.904,1.55e-93,"RBPJ"
"C1orf122",8.52e-98,0.445,0.825,0.743,1.59e-93,"C1orf122"
"GTF2A2",1.22e-97,0.398,0.871,0.79,2.27e-93,"GTF2A2"
"EMC4",1.73e-97,0.512,0.707,0.594,3.22e-93,"EMC4"
"RGL1",1.94e-97,0.368,0.9,0.852,3.62e-93,"RGL1"
"FAM32A",2.01e-97,0.449,0.775,0.675,3.74e-93,"FAM32A"
"NKAIN2",2.57e-97,-2.896,0.1,0.208,4.78e-93,"NKAIN2"
"PAIP1",2.68e-97,0.363,0.876,0.809,4.99e-93,"PAIP1"
"CAMTA1",3.62e-97,0.249,0.982,0.956,6.73e-93,"CAMTA1"
"SEC63",4.09e-97,0.325,0.915,0.867,7.61e-93,"SEC63"
"KIF3A",4.18e-97,0.313,0.937,0.883,7.78e-93,"KIF3A"
"IPO9",4.8e-97,0.342,0.889,0.822,8.93e-93,"IPO9"
"FIBP",5.3e-97,0.518,0.717,0.606,9.86e-93,"FIBP"
"PGLS",5.99e-97,0.447,0.797,0.705,1.11e-92,"PGLS"
"KLHL7",6.19e-97,0.323,0.926,0.868,1.15e-92,"KLHL7"
"PABPC1",7.32e-97,0.31,0.948,0.903,1.36e-92,"PABPC1"
"PBX1",7.98e-97,0.123,0.998,0.994,1.49e-92,"PBX1"
"ANKS1B",8.11e-97,0.262,0.981,0.973,1.51e-92,"ANKS1B"
"OLA1",8.63e-97,0.299,0.956,0.918,1.61e-92,"OLA1"
"PHB2",9.41e-97,0.469,0.765,0.657,1.75e-92,"PHB2"
"SLC25A11",1.29e-96,0.516,0.711,0.602,2.4e-92,"SLC25A11"
"DDX1",1.32e-96,0.445,0.763,0.668,2.46e-92,"DDX1"
"RALY",1.44e-96,0.363,0.888,0.816,2.68e-92,"RALY"
"STAU2",1.56e-96,0.244,0.978,0.955,2.91e-92,"STAU2"
"BAZ2B",1.69e-96,0.388,0.93,0.888,3.15e-92,"BAZ2B"
"DHPS",3.73e-96,0.477,0.777,0.688,6.93e-92,"DHPS"
"SUMO1",3.96e-96,0.327,0.938,0.902,7.38e-92,"SUMO1"
"FMNL2",5.03e-96,0.286,0.965,0.931,9.35e-92,"FMNL2"
"BAZ1A",6.26e-96,0.282,0.822,0.731,1.17e-91,"BAZ1A"
"DPYSL3",7.46e-96,0.236,0.973,0.943,1.39e-91,"DPYSL3"
"PPIB",7.73e-96,0.417,0.847,0.758,1.44e-91,"PPIB"
"VPS35",1e-95,0.389,0.869,0.793,1.86e-91,"VPS35"
"NCAN",1.01e-95,0.376,0.819,0.728,1.87e-91,"NCAN"
"CCT5",1.06e-95,0.375,0.864,0.781,1.97e-91,"CCT5"
"ACTR2",1.28e-95,0.327,0.884,0.817,2.39e-91,"ACTR2"
"STMP1",1.75e-95,0.373,0.887,0.817,3.26e-91,"STMP1"
"AP1S1",3.15e-95,0.424,0.836,0.762,5.86e-91,"AP1S1"
"RTN1",6.16e-95,0.334,0.942,0.921,1.15e-90,"RTN1"
"GAP43",7.28e-95,0.333,0.971,0.951,1.36e-90,"GAP43"
"MTPN",7.86e-95,0.378,0.859,0.781,1.46e-90,"MTPN"
"ZNF195",8.13e-95,0.41,0.803,0.713,1.51e-90,"ZNF195"
"SH3BGRL3",9.01e-95,0.438,0.842,0.758,1.68e-90,"SH3BGRL3"
"TMBIM6",1.16e-94,0.337,0.88,0.814,2.16e-90,"TMBIM6"
"RPL7L1",1.58e-94,0.352,0.867,0.791,2.94e-90,"RPL7L1"
"PARP1",1.58e-94,0.356,0.859,0.776,2.95e-90,"PARP1"
"HSDL1",2.18e-94,0.433,0.791,0.696,4.06e-90,"HSDL1"
"SSTR2",6e-94,0.785,0.717,0.605,1.12e-89,"SSTR2"
"ADH5",8.03e-94,0.401,0.835,0.747,1.49e-89,"ADH5"
"AKIRIN2",8.62e-94,0.398,0.827,0.731,1.6e-89,"AKIRIN2"
"EEF1A2",8.93e-94,0.42,0.849,0.786,1.66e-89,"EEF1A2"
"ZC4H2",9.56e-94,0.393,0.864,0.796,1.78e-89,"ZC4H2"
"NDUFS8",1.07e-93,0.459,0.791,0.697,2e-89,"NDUFS8"
"GRIN2B",1.26e-93,-0.992,0.41,0.54,2.34e-89,"GRIN2B"
"CADM4",1.46e-93,0.418,0.802,0.703,2.71e-89,"CADM4"
"TKT",1.48e-93,0.36,0.881,0.818,2.75e-89,"TKT"
"FLOT1",1.7e-93,0.426,0.804,0.716,3.16e-89,"FLOT1"
"JTB",1.93e-93,0.452,0.763,0.665,3.59e-89,"JTB"
"EEF1D",2.26e-93,0.379,0.842,0.756,4.21e-89,"EEF1D"
"GATAD2B",2.3e-93,0.287,0.913,0.854,4.29e-89,"GATAD2B"
"KIF1A",3.51e-93,0.314,0.886,0.825,6.54e-89,"KIF1A"
"UBXN4",4.38e-93,0.312,0.93,0.881,8.15e-89,"UBXN4"
"ZFAND6",4.59e-93,0.395,0.821,0.725,8.55e-89,"ZFAND6"
"USP3",6.22e-93,0.294,0.915,0.861,1.16e-88,"USP3"
"ARF5",7.2e-93,0.498,0.64,0.514,1.34e-88,"ARF5"
"DPYSL5",8.65e-93,0.304,0.932,0.886,1.61e-88,"DPYSL5"
"NFIA",1.31e-92,0.475,0.976,0.968,2.44e-88,"NFIA"
"NSD3",2.29e-92,0.221,0.982,0.963,4.26e-88,"NSD3"
"PRRC2C",2.31e-92,0.246,0.96,0.922,4.29e-88,"PRRC2C"
"PSMD2",2.99e-92,0.392,0.831,0.751,5.57e-88,"PSMD2"
"SYN2",6.72e-92,-1.238,0.262,0.395,1.25e-87,"SYN2"
"TPM4",6.92e-92,0.433,0.775,0.677,1.29e-87,"TPM4"
"PIN1",7.84e-92,0.462,0.772,0.682,1.46e-87,"PIN1"
"DYNC1LI2",1.27e-91,0.357,0.876,0.797,2.37e-87,"DYNC1LI2"
"PLCB1",1.66e-91,0.569,0.813,0.724,3.08e-87,"PLCB1"
"BCLAF1",1.68e-91,0.355,0.873,0.801,3.12e-87,"BCLAF1"
"ANTXR1",1.83e-91,0.382,0.834,0.749,3.41e-87,"ANTXR1"
"TIMM17B",1.99e-91,0.437,0.825,0.74,3.7e-87,"TIMM17B"
"BAG6",2.47e-91,0.492,0.707,0.596,4.6e-87,"BAG6"
"SERINC1",4.44e-91,0.306,0.912,0.848,8.25e-87,"SERINC1"
"SRSF7",4.94e-91,0.285,0.955,0.92,9.19e-87,"SRSF7"
"TSPAN5",5.17e-91,0.308,0.962,0.933,9.63e-87,"TSPAN5"
"MIDN",6.94e-91,0.425,0.763,0.659,1.29e-86,"MIDN"
"SOD1",7.24e-91,0.35,0.904,0.838,1.35e-86,"SOD1"
"NDUFA8",7.59e-91,0.441,0.797,0.714,1.41e-86,"NDUFA8"
"RAB10",9.17e-91,0.307,0.93,0.878,1.71e-86,"RAB10"
"RTL8C",9.26e-91,0.462,0.789,0.704,1.72e-86,"RTL8C"
"FADS1",1e-90,0.402,0.837,0.757,1.86e-86,"FADS1"
"BBX",1.17e-90,0.397,0.774,0.658,2.18e-86,"BBX"
"EIF3F",1.21e-90,0.366,0.894,0.831,2.25e-86,"EIF3F"
"GRB2",1.53e-90,0.315,0.893,0.831,2.85e-86,"GRB2"
"PHACTR4",1.98e-90,0.283,0.943,0.9,3.69e-86,"PHACTR4"
"SPATS2",2.24e-90,0.3,0.927,0.883,4.17e-86,"SPATS2"
"ANTXR2",3.48e-90,0.498,0.685,0.572,6.48e-86,"ANTXR2"
"DIP2B",4.08e-90,0.286,0.915,0.859,7.6e-86,"DIP2B"
"EXOC4",4.6e-90,0.268,0.986,0.971,8.56e-86,"EXOC4"
"MIEN1",1.36e-89,0.492,0.723,0.623,2.53e-85,"MIEN1"
"TIMM8B",1.57e-89,0.442,0.78,0.679,2.93e-85,"TIMM8B"
"PCBP1",1.68e-89,0.363,0.855,0.783,3.12e-85,"PCBP1"
"BTBD9",1.93e-89,0.418,0.868,0.807,3.6e-85,"BTBD9"
"STRBP",3.02e-89,0.264,0.949,0.915,5.62e-85,"STRBP"
"CDH13",4.73e-89,-1.825,0.122,0.23,8.8e-85,"CDH13"
"NIPBL",4.84e-89,0.275,0.948,0.905,9.01e-85,"NIPBL"
"BAX",5.68e-89,0.511,0.654,0.54,1.06e-84,"BAX"
"PSMD4",6.99e-89,0.389,0.838,0.762,1.3e-84,"PSMD4"
"FGFR2",7.75e-89,0.512,0.588,0.451,1.44e-84,"FGFR2"
"MAGED1",9.31e-89,0.327,0.906,0.855,1.73e-84,"MAGED1"
"BAZ1B",1.36e-88,0.36,0.816,0.73,2.52e-84,"BAZ1B"
"TXNL4A",1.36e-88,0.369,0.867,0.788,2.53e-84,"TXNL4A"
"FKBP8",1.4e-88,0.385,0.855,0.784,2.61e-84,"FKBP8"
"HSD17B10",1.54e-88,0.547,0.64,0.53,2.87e-84,"HSD17B10"
"PHPT1",1.91e-88,0.424,0.854,0.772,3.55e-84,"PHPT1"
"SLC25A51",2.05e-88,0.461,0.724,0.626,3.81e-84,"SLC25A51"
"TSG101",2.4e-88,0.346,0.867,0.788,4.48e-84,"TSG101"
"UBE2N",3.79e-88,0.357,0.871,0.807,7.06e-84,"UBE2N"
"SVBP",4.37e-88,0.379,0.864,0.786,8.14e-84,"SVBP"
"DRAP1",4.76e-88,0.383,0.863,0.787,8.87e-84,"DRAP1"
"NDUFS7",1.11e-87,0.453,0.772,0.676,2.06e-83,"NDUFS7"
"NDUFA5",1.26e-87,0.326,0.919,0.862,2.35e-83,"NDUFA5"
"ELOC",1.34e-87,0.335,0.892,0.823,2.5e-83,"ELOC"
"ARPC2",1.64e-87,0.271,0.958,0.916,3.05e-83,"ARPC2"
"POLR2F",4.33e-87,0.418,0.786,0.696,8.05e-83,"POLR2F"
"RHOA",5.54e-87,0.374,0.823,0.729,1.03e-82,"RHOA"
"HSPA4",5.61e-87,0.38,0.794,0.707,1.04e-82,"HSPA4"
"SAP18",6.03e-87,0.355,0.881,0.815,1.12e-82,"SAP18"
"CD81",6.1e-87,0.317,0.911,0.851,1.14e-82,"CD81"
"C17orf49",8.34e-87,0.459,0.769,0.678,1.55e-82,"C17orf49"
"XKR6",8.36e-87,0.299,0.925,0.879,1.56e-82,"XKR6"
"PRELID1",1.07e-86,0.389,0.825,0.739,2e-82,"PRELID1"
"C1orf43",1.13e-86,0.424,0.772,0.684,2.1e-82,"C1orf43"
"UXT",1.49e-86,0.537,0.67,0.562,2.77e-82,"UXT"
"SNU13",1.97e-86,0.367,0.858,0.786,3.67e-82,"SNU13"
"ATP5PB",2.73e-86,0.418,0.797,0.71,5.09e-82,"ATP5PB"
"LRP8",4.17e-86,0.376,0.797,0.704,7.77e-82,"LRP8"
"TRIO",4.58e-86,0.162,0.991,0.98,8.52e-82,"TRIO"
"TRAPPC5",4.96e-86,0.417,0.794,0.711,9.24e-82,"TRAPPC5"
"APLP2",5.4e-86,0.336,0.879,0.814,1e-81,"APLP2"
"STXBP1",5.51e-86,0.262,0.932,0.879,1.03e-81,"STXBP1"
"ABHD17C",6.36e-86,0.53,0.674,0.567,1.18e-81,"ABHD17C"
"NXN",9.19e-86,0.475,0.67,0.551,1.71e-81,"NXN"
"PDE9A",9.67e-86,0.386,0.81,0.721,1.8e-81,"PDE9A"
"MORF4L2",9.98e-86,0.286,0.932,0.888,1.86e-81,"MORF4L2"
"GSE1",1.14e-85,0.253,0.912,0.867,2.12e-81,"GSE1"
"DAD1",1.39e-85,0.369,0.843,0.762,2.59e-81,"DAD1"
"KCND2",1.69e-85,0.596,0.671,0.56,3.15e-81,"KCND2"
"SPIN1",1.71e-85,0.249,0.945,0.906,3.17e-81,"SPIN1"
"H2AW",1.71e-85,0.575,0.61,0.497,3.18e-81,"H2AW"
"LAMTOR1",2.02e-85,0.436,0.761,0.67,3.76e-81,"LAMTOR1"
"TLCD3B",2.04e-85,0.448,0.774,0.683,3.8e-81,"TLCD3B"
"ARHGEF2",2.94e-85,0.48,0.691,0.584,5.47e-81,"ARHGEF2"
"SRPK2",2.99e-85,0.216,0.979,0.961,5.57e-81,"SRPK2"
"PLXNA4",3.59e-85,0.396,0.911,0.86,6.68e-81,"PLXNA4"
"RBM8A",4.21e-85,0.39,0.818,0.732,7.83e-81,"RBM8A"
"POMP",4.25e-85,0.355,0.892,0.829,7.91e-81,"POMP"
"USP47",4.72e-85,0.309,0.922,0.87,8.78e-81,"USP47"
"ZNF704",6.64e-85,0.422,0.883,0.827,1.24e-80,"ZNF704"
"HIPK2",9.57e-85,0.358,0.841,0.777,1.78e-80,"HIPK2"
"CCT4",1e-84,0.334,0.874,0.799,1.86e-80,"CCT4"
"EHMT1",1.02e-84,0.281,0.923,0.876,1.9e-80,"EHMT1"
"PGRMC1",1.04e-84,0.329,0.912,0.861,1.93e-80,"PGRMC1"
"SNF8",2.74e-84,0.431,0.769,0.687,5.1e-80,"SNF8"
"KDM4B",3.51e-84,0.314,0.843,0.764,6.53e-80,"KDM4B"
"ATP1A3",3.79e-84,0.4,0.788,0.692,7.06e-80,"ATP1A3"
"ZNF91",3.96e-84,0.244,0.958,0.922,7.37e-80,"ZNF91"
"USP9X",4.11e-84,0.225,0.95,0.916,7.64e-80,"USP9X"
"ZFAND5",4.97e-84,0.38,0.815,0.733,9.25e-80,"ZFAND5"
"TIA1",6.03e-84,0.396,0.789,0.705,1.12e-79,"TIA1"
"STAU1",1.46e-83,0.359,0.832,0.761,2.72e-79,"STAU1"
"SMARCD1",1.48e-83,0.466,0.67,0.562,2.76e-79,"SMARCD1"
"PLCH1",1.6e-83,0.342,0.786,0.686,2.98e-79,"PLCH1"
"NME1",2.65e-83,0.402,0.864,0.796,4.94e-79,"NME1"
"KIF1B",2.77e-83,0.142,0.995,0.988,5.15e-79,"KIF1B"
"TCF3",2.83e-83,0.503,0.634,0.519,5.28e-79,"TCF3"
"SRP72",3.32e-83,0.376,0.841,0.766,6.18e-79,"SRP72"
"IK",3.88e-83,0.407,0.767,0.672,7.22e-79,"IK"
"PPP1CB",4.63e-83,0.351,0.843,0.768,8.62e-79,"PPP1CB"
"CPNE3",7.12e-83,0.382,0.811,0.732,1.32e-78,"CPNE3"
"ATRNL1",7.88e-83,0.235,0.972,0.956,1.47e-78,"ATRNL1"
"SUPT4H1",1.13e-82,0.541,0.638,0.534,2.1e-78,"SUPT4H1"
"FOXG1",1.22e-82,0.21,0.964,0.935,2.27e-78,"FOXG1"
"WDR47",1.24e-82,0.36,0.832,0.76,2.3e-78,"WDR47"
"CSNK2A1",1.48e-82,0.29,0.907,0.851,2.75e-78,"CSNK2A1"
"TUFM",4.34e-82,0.425,0.787,0.697,8.08e-78,"TUFM"
"SLCO5A1",4.36e-82,0.42,0.855,0.776,8.11e-78,"SLCO5A1"
"SPEN",6.19e-82,0.276,0.885,0.827,1.15e-77,"SPEN"
"MAZ",6.23e-82,0.342,0.868,0.801,1.16e-77,"MAZ"
"CNKSR2",1.07e-81,0.37,0.839,0.76,1.99e-77,"CNKSR2"
"SRSF2",1.16e-81,0.327,0.852,0.772,2.17e-77,"SRSF2"
"DOCK4",1.17e-81,0.319,0.929,0.887,2.18e-77,"DOCK4"
"RAB7A",2.19e-81,0.286,0.926,0.875,4.08e-77,"RAB7A"
"HNRNPF",2.57e-81,0.383,0.807,0.726,4.78e-77,"HNRNPF"
"ZNF254",2.86e-81,0.285,0.918,0.866,5.33e-77,"ZNF254"
"BPTF",3.34e-81,0.196,0.981,0.964,6.21e-77,"BPTF"
"PLCG2",3.91e-81,0.164,0.722,0.602,7.28e-77,"PLCG2"
"SREBF2",4e-81,0.204,0.969,0.94,7.45e-77,"SREBF2"
"DIP2C",4.13e-81,0.189,0.975,0.953,7.69e-77,"DIP2C"
"PODXL2",4.55e-81,0.324,0.901,0.839,8.47e-77,"PODXL2"
"FUNDC2",5.12e-81,0.475,0.7,0.598,9.54e-77,"FUNDC2"
"UBE2L3",9.11e-81,0.345,0.82,0.74,1.7e-76,"UBE2L3"
"POLR2B",9.15e-81,0.291,0.812,0.733,1.7e-76,"POLR2B"
"HMGA1",9.98e-81,0.46,0.74,0.643,1.86e-76,"HMGA1"
"CRIP2",1.01e-80,0.463,0.768,0.681,1.89e-76,"CRIP2"
"MDGA2",1.1e-80,-2.631,0.056,0.138,2.05e-76,"MDGA2"
"MACO1",1.28e-80,0.302,0.868,0.799,2.38e-76,"MACO1"
"KLHL23",1.41e-80,0.231,0.955,0.927,2.62e-76,"KLHL23"
"GNAQ",2.53e-80,0.172,0.984,0.969,4.71e-76,"GNAQ"
"DCAF7",2.95e-80,0.36,0.817,0.734,5.48e-76,"DCAF7"
"NEUROD2",3.32e-80,0.272,0.946,0.904,6.19e-76,"NEUROD2"
"HSPD1",3.87e-80,0.276,0.923,0.866,7.21e-76,"HSPD1"
"MAD2L2",4.22e-80,0.43,0.739,0.642,7.85e-76,"MAD2L2"
"SSH2",5.76e-80,0.24,0.968,0.952,1.07e-75,"SSH2"
"CLIC4",8.77e-80,0.389,0.785,0.7,1.63e-75,"CLIC4"
"NELL1",9.75e-80,-1.672,0.06,0.144,1.81e-75,"NELL1"
"KIAA0232",1.06e-79,0.267,0.903,0.846,1.98e-75,"KIAA0232"
"LMO3",1.08e-79,-1.233,0.537,0.648,2.02e-75,"LMO3"
"MRPS34",1.6e-79,0.433,0.748,0.657,2.97e-75,"MRPS34"
"SNRPC",1.79e-79,0.437,0.737,0.644,3.32e-75,"SNRPC"
"SHC3",1.81e-79,0.535,0.678,0.578,3.37e-75,"SHC3"
"SYNRG",2.31e-79,0.377,0.779,0.688,4.3e-75,"SYNRG"
"SEM1",2.63e-79,0.329,0.899,0.849,4.89e-75,"SEM1"
"ATP6V1D",4.24e-79,0.378,0.803,0.718,7.89e-75,"ATP6V1D"
"TCF25",4.62e-79,0.305,0.884,0.823,8.59e-75,"TCF25"
"PSMC4",5.08e-79,0.477,0.67,0.569,9.46e-75,"PSMC4"
"MRPS6",6.21e-79,0.362,0.856,0.785,1.16e-74,"MRPS6"
"EIF3G",6.93e-79,0.442,0.705,0.603,1.29e-74,"EIF3G"
"GNG2",7.92e-79,0.273,0.926,0.869,1.47e-74,"GNG2"
"UNC5A",8.76e-79,0.496,0.653,0.547,1.63e-74,"UNC5A"
"ARF4",1.05e-78,0.312,0.879,0.817,1.96e-74,"ARF4"
"ZBTB18",1.22e-78,0.255,0.939,0.892,2.28e-74,"ZBTB18"
"ASAP2",1.23e-78,0.324,0.83,0.748,2.29e-74,"ASAP2"
"IGF1R",1.37e-78,0.234,0.954,0.923,2.54e-74,"IGF1R"
"TXN",1.43e-78,0.297,0.95,0.912,2.65e-74,"TXN"
"NCOR2",1.72e-78,0.473,0.667,0.567,3.21e-74,"NCOR2"
"LRCH2",2.55e-78,0.377,0.774,0.685,4.75e-74,"LRCH2"
"KRTCAP2",2.8e-78,0.433,0.736,0.641,5.21e-74,"KRTCAP2"
"PSMG2",2.81e-78,0.328,0.841,0.771,5.23e-74,"PSMG2"
"MAPK6",4.79e-78,0.339,0.822,0.746,8.91e-74,"MAPK6"
"SRM",5.02e-78,0.448,0.774,0.686,9.34e-74,"SRM"
"TXNDC17",5.55e-78,0.477,0.697,0.6,1.03e-73,"TXNDC17"
"TIAM1",5.87e-78,0.358,0.786,0.685,1.09e-73,"TIAM1"
"MARCHF6",8.01e-78,0.196,0.971,0.942,1.49e-73,"MARCHF6"
"SNX6",8.59e-78,0.398,0.794,0.706,1.6e-73,"SNX6"
"DGUOK",1.03e-77,0.332,0.865,0.799,1.92e-73,"DGUOK"
"ODC1",1.35e-77,0.375,0.849,0.782,2.52e-73,"ODC1"
"CCDC112",1.58e-77,0.317,0.896,0.839,2.94e-73,"CCDC112"
"TMEM178B",1.61e-77,0.206,0.98,0.964,2.99e-73,"TMEM178B"
"KCNQ2",1.94e-77,0.418,0.739,0.645,3.62e-73,"KCNQ2"
"ACVR2B",2.57e-77,0.413,0.685,0.586,4.79e-73,"ACVR2B"
"CCAR1",2.65e-77,0.308,0.886,0.82,4.93e-73,"CCAR1"
"DAB1",3.05e-77,-0.663,0.534,0.658,5.68e-73,"DAB1"
"PAPSS1",4.18e-77,0.309,0.889,0.829,7.78e-73,"PAPSS1"
"UBE3A",4.44e-77,0.194,0.947,0.916,8.26e-73,"UBE3A"
"ZNRF1",4.56e-77,0.267,0.908,0.862,8.49e-73,"ZNRF1"
"PSMB4",5.09e-77,0.394,0.75,0.654,9.47e-73,"PSMB4"
"LUC7L3",5.9e-77,0.187,0.984,0.967,1.1e-72,"LUC7L3"
"HTATSF1",6.29e-77,0.405,0.766,0.678,1.17e-72,"HTATSF1"
"TMEM158",6.95e-77,0.438,0.833,0.768,1.29e-72,"TMEM158"
"DNMT3A",7.32e-77,0.417,0.711,0.612,1.36e-72,"DNMT3A"
"NDUFS4",8.55e-77,0.393,0.791,0.703,1.59e-72,"NDUFS4"
"SDCCAG8",1.01e-76,0.333,0.868,0.803,1.89e-72,"SDCCAG8"
"LARGE1",1.07e-76,0.477,0.805,0.748,2e-72,"LARGE1"
"EIF3I",1.5e-76,0.408,0.759,0.661,2.79e-72,"EIF3I"
"CELSR2",1.54e-76,0.474,0.654,0.548,2.86e-72,"CELSR2"
"DOCK9",1.75e-76,-1.171,0.406,0.521,3.25e-72,"DOCK9"
"CCSAP",2.45e-76,0.446,0.74,0.647,4.55e-72,"CCSAP"
"C1QBP",2.96e-76,0.379,0.807,0.726,5.51e-72,"C1QBP"
"SMIM14",3.6e-76,0.362,0.791,0.703,6.7e-72,"SMIM14"
"POLR2I",4.47e-76,0.426,0.763,0.681,8.32e-72,"POLR2I"
"NDUFA2",4.59e-76,0.446,0.737,0.646,8.54e-72,"NDUFA2"
"OLFM2",4.69e-76,0.285,0.862,0.802,8.74e-72,"OLFM2"
"ID4",5e-76,0.233,0.664,0.551,9.31e-72,"ID4"
"ZHX1",1.02e-75,0.462,0.761,0.674,1.9e-71,"ZHX1"
"SPAST",1.09e-75,0.309,0.854,0.782,2.03e-71,"SPAST"
"PPP1CC",1.17e-75,0.368,0.779,0.69,2.18e-71,"PPP1CC"
"ARL4C",1.34e-75,0.507,0.671,0.573,2.5e-71,"ARL4C"
"NASP",1.57e-75,0.241,0.875,0.797,2.92e-71,"NASP"
"VDAC3",2.02e-75,0.306,0.904,0.856,3.76e-71,"VDAC3"
"CAPNS1",2.07e-75,0.504,0.627,0.522,3.86e-71,"CAPNS1"
"CREB1",2.51e-75,0.36,0.848,0.782,4.67e-71,"CREB1"
"DYNLL2",2.61e-75,0.418,0.706,0.602,4.85e-71,"DYNLL2"
"EPC1",3.47e-75,0.239,0.959,0.933,6.46e-71,"EPC1"
"CSNK1E",3.53e-75,0.319,0.828,0.753,6.57e-71,"CSNK1E"
"PNRC1",3.85e-75,0.377,0.789,0.705,7.16e-71,"PNRC1"
"CAMLG",4.23e-75,0.362,0.832,0.763,7.87e-71,"CAMLG"
"SRP19",5.59e-75,0.362,0.82,0.75,1.04e-70,"SRP19"
"MAPK10",5.71e-75,0.313,0.924,0.879,1.06e-70,"MAPK10"
"CALN1",7.33e-75,-1.103,0.139,0.245,1.36e-70,"CALN1"
"TFDP2",7.42e-75,0.321,0.915,0.863,1.38e-70,"TFDP2"
"CD63",1.04e-74,0.404,0.8,0.718,1.94e-70,"CD63"
"VEZT",1.05e-74,0.219,0.951,0.918,1.95e-70,"VEZT"
"ZMIZ1",1.32e-74,0.373,0.794,0.713,2.46e-70,"ZMIZ1"
"POLR2A",1.33e-74,0.37,0.796,0.722,2.47e-70,"POLR2A"
"MICOS10",1.55e-74,0.397,0.78,0.699,2.88e-70,"MICOS10"
"PGD",1.64e-74,0.375,0.774,0.689,3.05e-70,"PGD"
"MACROH2A2",2.21e-74,0.418,0.794,0.726,4.12e-70,"MACROH2A2"
"EMX1",2.86e-74,0.489,0.676,0.572,5.32e-70,"EMX1"
"FAM126A",3.13e-74,0.357,0.778,0.698,5.83e-70,"FAM126A"
"SSBP1",3.82e-74,0.348,0.87,0.809,7.11e-70,"SSBP1"
"CMPK1",4.1e-74,0.349,0.811,0.726,7.64e-70,"CMPK1"
"STAG1",4.55e-74,0.248,0.922,0.87,8.47e-70,"STAG1"
"CDH6",1.09e-73,-2.857,0.019,0.074,2.02e-69,"CDH6"
"NRG3",1.25e-73,-0.805,0.701,0.771,2.32e-69,"NRG3"
"VEZF1",1.45e-73,0.399,0.743,0.652,2.71e-69,"VEZF1"
"PPP2R3A",1.81e-73,0.248,0.927,0.878,3.37e-69,"PPP2R3A"
"CTIF",2.01e-73,0.305,0.822,0.746,3.74e-69,"CTIF"
"OCIAD2",2.43e-73,0.511,0.761,0.692,4.52e-69,"OCIAD2"
"RASGEF1B",2.7e-73,0.51,0.714,0.61,5.03e-69,"RASGEF1B"
"RAB14",3.3e-73,0.353,0.846,0.766,6.14e-69,"RAB14"
"TMEM35A",3.94e-73,0.317,0.873,0.8,7.33e-69,"TMEM35A"
"VBP1",4.97e-73,0.373,0.802,0.721,9.25e-69,"VBP1"
"ALKBH7",5.52e-73,0.46,0.698,0.604,1.03e-68,"ALKBH7"
"CYB5R3",5.64e-73,0.486,0.653,0.554,1.05e-68,"CYB5R3"
"DDA1",7.48e-73,0.532,0.566,0.454,1.39e-68,"DDA1"
"OS9",7.61e-73,0.425,0.71,0.609,1.42e-68,"OS9"
"PALM",1e-72,0.384,0.756,0.66,1.86e-68,"PALM"
"PPM1E",1.23e-72,0.26,0.925,0.895,2.3e-68,"PPM1E"
"NDUFA12",1.49e-72,0.319,0.882,0.823,2.77e-68,"NDUFA12"
"ATP6V1G2",1.77e-72,0.438,0.692,0.593,3.29e-68,"ATP6V1G2"
"TAX1BP3",2.01e-72,0.542,0.562,0.452,3.73e-68,"TAX1BP3"
"RPN2",2.03e-72,0.346,0.822,0.748,3.78e-68,"RPN2"
"HPCAL1",2.13e-72,0.515,0.588,0.478,3.97e-68,"HPCAL1"
"PSMC3",2.75e-72,0.429,0.711,0.616,5.13e-68,"PSMC3"
"PHF14",3.53e-72,0.173,0.991,0.978,6.57e-68,"PHF14"
"KLHL35",4.53e-72,0.638,0.518,0.404,8.42e-68,"KLHL35"
"C6orf62",4.73e-72,0.389,0.718,0.627,8.81e-68,"C6orf62"
"FAM168A",5.73e-72,0.272,0.906,0.857,1.07e-67,"FAM168A"
"SMARCE1",5.75e-72,0.354,0.797,0.713,1.07e-67,"SMARCE1"
"NECAB1",7.09e-72,-2.353,0.043,0.113,1.32e-67,"NECAB1"
"HNRNPH2",9.46e-72,0.416,0.721,0.629,1.76e-67,"HNRNPH2"
"KPNA4",1.11e-71,0.314,0.796,0.714,2.07e-67,"KPNA4"
"ARID2",1.15e-71,0.265,0.885,0.831,2.15e-67,"ARID2"
"VPS72",1.36e-71,0.448,0.705,0.617,2.53e-67,"VPS72"
"SQLE",1.4e-71,0.249,0.965,0.94,2.61e-67,"SQLE"
"KLF7",2.18e-71,0.277,0.908,0.849,4.06e-67,"KLF7"
"HDGF",2.8e-71,0.408,0.71,0.617,5.21e-67,"HDGF"
"CNBP",3.08e-71,0.328,0.827,0.744,5.73e-67,"CNBP"
"AURKAIP1",3.94e-71,0.397,0.739,0.656,7.33e-67,"AURKAIP1"
"NDUFS3",4.33e-71,0.385,0.749,0.664,8.05e-67,"NDUFS3"
"ST8SIA2",4.6e-71,0.354,0.782,0.698,8.57e-67,"ST8SIA2"
"PTP4A2",6.22e-71,0.346,0.811,0.741,1.16e-66,"PTP4A2"
"GSPT1",6.56e-71,0.31,0.845,0.776,1.22e-66,"GSPT1"
"H2AZ2",7.48e-71,0.23,0.828,0.743,1.39e-66,"H2AZ2"
"ATOX1",8.32e-71,0.338,0.811,0.737,1.55e-66,"ATOX1"
"TRA2B",9.71e-71,0.325,0.781,0.697,1.81e-66,"TRA2B"
"KIFAP3",1.25e-70,0.259,0.906,0.848,2.33e-66,"KIFAP3"
"GATAD2A",1.74e-70,0.415,0.683,0.587,3.23e-66,"GATAD2A"
"SUPT16H",2.27e-70,0.325,0.824,0.749,4.22e-66,"SUPT16H"
"AASDHPPT",2.5e-70,0.326,0.855,0.791,4.65e-66,"AASDHPPT"
"JARID2",2.78e-70,0.31,0.861,0.799,5.18e-66,"JARID2"
"PFDN1",2.96e-70,0.387,0.739,0.652,5.5e-66,"PFDN1"
"ECHS1",3.12e-70,0.495,0.607,0.503,5.81e-66,"ECHS1"
"DRAXIN",3.15e-70,0.301,0.819,0.732,5.86e-66,"DRAXIN"
"CARHSP1",3.45e-70,0.368,0.789,0.703,6.42e-66,"CARHSP1"
"PTBP2",3.69e-70,0.191,0.984,0.969,6.86e-66,"PTBP2"
"BRD4",5.75e-70,0.317,0.84,0.771,1.07e-65,"BRD4"
"OSBPL8",8.9e-70,0.199,0.967,0.938,1.66e-65,"OSBPL8"
"RAD21",8.95e-70,0.238,0.869,0.809,1.67e-65,"RAD21"
"PTPRZ1",1.02e-69,0.248,0.954,0.929,1.9e-65,"PTPRZ1"
"SARAF",1.06e-69,0.241,0.963,0.929,1.97e-65,"SARAF"
"ZNF326",1.1e-69,0.335,0.849,0.79,2.05e-65,"ZNF326"
"METAP2",1.21e-69,0.394,0.757,0.676,2.24e-65,"METAP2"
"ARNT2",1.31e-69,0.43,0.693,0.599,2.44e-65,"ARNT2"
"JAK1",1.39e-69,0.356,0.792,0.709,2.58e-65,"JAK1"
"ARHGAP35",1.55e-69,0.281,0.849,0.781,2.89e-65,"ARHGAP35"
"BOD1L1",1.79e-69,0.284,0.898,0.858,3.33e-65,"BOD1L1"
"TPM3",2.06e-69,0.334,0.844,0.788,3.83e-65,"TPM3"
"ACBD6",2.32e-69,0.218,0.945,0.909,4.32e-65,"ACBD6"
"PSMD13",2.32e-69,0.413,0.705,0.611,4.32e-65,"PSMD13"
"SPTAN1",3.02e-69,0.183,0.956,0.923,5.63e-65,"SPTAN1"
"MYO6",3.06e-69,0.356,0.848,0.778,5.69e-65,"MYO6"
"TRIM13",3.29e-69,0.297,0.827,0.753,6.13e-65,"TRIM13"
"AKAP13",3.3e-69,0.287,0.884,0.828,6.14e-65,"AKAP13"
"NAA10",4.11e-69,0.504,0.621,0.525,7.65e-65,"NAA10"
"LBH",4.44e-69,0.399,0.719,0.623,8.26e-65,"LBH"
"MAPRE1",4.98e-69,0.368,0.751,0.664,9.26e-65,"MAPRE1"
"TXNRD1",5.69e-69,0.37,0.709,0.615,1.06e-64,"TXNRD1"
"EEF1B2",5.92e-69,0.275,0.941,0.883,1.1e-64,"EEF1B2"
"ARL3",5.98e-69,0.289,0.901,0.849,1.11e-64,"ARL3"
"FUT9",6.49e-69,0.397,0.818,0.743,1.21e-64,"FUT9"
"TAF15",8.36e-69,0.217,0.942,0.911,1.56e-64,"TAF15"
"CNTFR",9.47e-69,0.426,0.676,0.582,1.76e-64,"CNTFR"
"CANX",9.65e-69,0.305,0.858,0.789,1.8e-64,"CANX"
"TRIP12",1.2e-68,0.292,0.836,0.763,2.23e-64,"TRIP12"
"ZC3H15",1.38e-68,0.299,0.89,0.837,2.57e-64,"ZC3H15"
"EIF5B",1.98e-68,0.324,0.84,0.779,3.69e-64,"EIF5B"
"LIMD2",2.3e-68,0.491,0.658,0.57,4.28e-64,"LIMD2"
"FAM189A1",2.36e-68,-1.703,0.146,0.242,4.38e-64,"FAM189A1"
"ADNP",2.47e-68,0.22,0.934,0.891,4.59e-64,"ADNP"
"SRSF10",2.54e-68,0.283,0.899,0.862,4.74e-64,"SRSF10"
"SRSF4",3.32e-68,0.272,0.882,0.831,6.17e-64,"SRSF4"
"PNMA1",4.16e-68,0.322,0.819,0.749,7.75e-64,"PNMA1"
"CAP1",4.51e-68,0.36,0.771,0.692,8.39e-64,"CAP1"
"ARIH1",5.57e-68,0.218,0.946,0.918,1.04e-63,"ARIH1"
"ITGB1",7.2e-68,0.412,0.711,0.627,1.34e-63,"ITGB1"
"WDFY3",7.22e-68,0.254,0.911,0.861,1.34e-63,"WDFY3"
"PCMTD1",8.27e-68,0.26,0.901,0.853,1.54e-63,"PCMTD1"
"ANKRD12",1.08e-67,0.166,0.981,0.967,2e-63,"ANKRD12"
"CORO1C",1.14e-67,0.347,0.79,0.715,2.12e-63,"CORO1C"
"VAMP2",1.2e-67,0.269,0.928,0.872,2.24e-63,"VAMP2"
"EML6",1.27e-67,0.515,0.748,0.662,2.36e-63,"EML6"
"ALPK1",1.38e-67,0.429,0.68,0.586,2.57e-63,"ALPK1"
"DYRK1A",1.68e-67,0.191,0.905,0.847,3.12e-63,"DYRK1A"
"PDCD5",2.11e-67,0.364,0.811,0.749,3.93e-63,"PDCD5"
"CLVS1",2.15e-67,0.375,0.808,0.734,4.01e-63,"CLVS1"
"PSAP",2.37e-67,0.319,0.826,0.751,4.41e-63,"PSAP"
"YIPF3",2.38e-67,0.428,0.716,0.629,4.42e-63,"YIPF3"
"ELAVL2",2.81e-67,0.475,0.685,0.594,5.24e-63,"ELAVL2"
"UBE2D1",3.03e-67,0.374,0.776,0.699,5.64e-63,"UBE2D1"
"SMARCC2",3.34e-67,0.301,0.864,0.8,6.22e-63,"SMARCC2"
"PDCL",4.03e-67,0.449,0.665,0.573,7.51e-63,"PDCL"
"WSB2",4.85e-67,0.331,0.801,0.728,9.02e-63,"WSB2"
"KCNN1",4.92e-67,0.529,0.565,0.457,9.15e-63,"KCNN1"
"CNTN2",6.62e-67,0.637,0.461,0.35,1.23e-62,"CNTN2"
"SECISBP2",6.63e-67,0.286,0.885,0.834,1.23e-62,"SECISBP2"
"IGBP1",7.15e-67,0.384,0.736,0.648,1.33e-62,"IGBP1"
"CALM3",8.75e-67,0.223,0.955,0.919,1.63e-62,"CALM3"
"HSPE1",1.15e-66,0.264,0.898,0.85,2.15e-62,"HSPE1"
"CXADR",1.19e-66,0.253,0.935,0.89,2.21e-62,"CXADR"
"NOP10",1.21e-66,0.375,0.788,0.705,2.25e-62,"NOP10"
"CSMD2",1.26e-66,-0.965,0.526,0.621,2.34e-62,"CSMD2"
"PRPF38B",1.26e-66,0.422,0.684,0.595,2.35e-62,"PRPF38B"
"CREBBP",1.95e-66,0.285,0.826,0.766,3.62e-62,"CREBBP"
"ARL2BP",2.07e-66,0.363,0.778,0.708,3.85e-62,"ARL2BP"
"SMAD9",2.68e-66,0.516,0.569,0.458,4.99e-62,"SMAD9"
"LIMCH1",2.85e-66,0.335,0.849,0.813,5.31e-62,"LIMCH1"
"BUD31",3.44e-66,0.411,0.686,0.595,6.4e-62,"BUD31"
"MYH10",3.98e-66,0.219,0.932,0.888,7.4e-62,"MYH10"
"EIF6",5.47e-66,0.467,0.597,0.496,1.02e-61,"EIF6"
"MRPL33",5.63e-66,0.411,0.704,0.617,1.05e-61,"MRPL33"
"LDB1",6.77e-66,0.586,0.491,0.383,1.26e-61,"LDB1"
"CCSER2",7.46e-66,0.205,0.935,0.897,1.39e-61,"CCSER2"
"ZNF385D",7.59e-66,-2.186,0.042,0.108,1.41e-61,"ZNF385D"
"SETD5",7.96e-66,0.199,0.93,0.89,1.48e-61,"SETD5"
"RNF181",7.96e-66,0.541,0.548,0.448,1.48e-61,"RNF181"
"PHLPP1",8.34e-66,0.211,0.904,0.853,1.55e-61,"PHLPP1"
"USB1",8.72e-66,0.56,0.498,0.391,1.62e-61,"USB1"
"CYP51A1",1.27e-65,0.338,0.853,0.791,2.37e-61,"CYP51A1"
"PPP1R10",1.3e-65,0.31,0.834,0.769,2.43e-61,"PPP1R10"
"MPHOSPH8",1.42e-65,0.292,0.885,0.825,2.65e-61,"MPHOSPH8"
"LMNA",1.49e-65,0.395,0.699,0.607,2.78e-61,"LMNA"
"PA2G4",1.73e-65,0.343,0.817,0.747,3.22e-61,"PA2G4"
"NOP53",1.84e-65,0.459,0.651,0.56,3.42e-61,"NOP53"
"RSRC2",2.05e-65,0.285,0.899,0.852,3.82e-61,"RSRC2"
"UBTF",2.45e-65,0.393,0.73,0.643,4.56e-61,"UBTF"
"ARID1A",3.27e-65,0.241,0.897,0.847,6.09e-61,"ARID1A"
"PDCD6",3.39e-65,0.34,0.775,0.692,6.31e-61,"PDCD6"
"ABRACL",3.67e-65,0.36,0.88,0.826,6.82e-61,"ABRACL"
"RHOBTB3",4.24e-65,0.408,0.721,0.63,7.89e-61,"RHOBTB3"
"ATP5IF1",5.24e-65,0.317,0.872,0.81,9.75e-61,"ATP5IF1"
"CBS",8.51e-65,0.465,0.613,0.516,1.58e-60,"CBS"
"APBA2",1.01e-64,0.244,0.867,0.816,1.89e-60,"APBA2"
"TMED2",1.02e-64,0.418,0.711,0.628,1.9e-60,"TMED2"
"NUP93",1.82e-64,0.382,0.763,0.688,3.38e-60,"NUP93"
"WBP1",2.46e-64,0.512,0.574,0.476,4.58e-60,"WBP1"
"CDH4",2.62e-64,0.334,0.766,0.667,4.88e-60,"CDH4"
"PDE7B",3.01e-64,-2.496,0.033,0.093,5.61e-60,"PDE7B"
"LRRC7",3.14e-64,0.177,0.944,0.918,5.85e-60,"LRRC7"
"OAZ2",4.07e-64,0.402,0.676,0.581,7.57e-60,"OAZ2"
"NSA2",4.16e-64,0.38,0.756,0.677,7.75e-60,"NSA2"
"RABEP1",4.31e-64,0.26,0.882,0.827,8.02e-60,"RABEP1"
"TMEM219",4.52e-64,0.449,0.645,0.556,8.41e-60,"TMEM219"
"PSMG4",4.88e-64,0.331,0.753,0.667,9.09e-60,"PSMG4"
"PSMD14",4.93e-64,0.307,0.852,0.795,9.17e-60,"PSMD14"
"HNRNPUL1",5.08e-64,0.349,0.759,0.678,9.45e-60,"HNRNPUL1"
"DYNC1H1",5.54e-64,0.195,0.949,0.914,1.03e-59,"DYNC1H1"
"MPZL1",6.41e-64,0.318,0.783,0.705,1.19e-59,"MPZL1"
"STX7",8.1e-64,0.31,0.806,0.736,1.51e-59,"STX7"
"CALR",8.41e-64,0.344,0.822,0.744,1.56e-59,"CALR"
"RALBP1",8.48e-64,0.428,0.66,0.563,1.58e-59,"RALBP1"
"MRPS24",9.47e-64,0.364,0.755,0.673,1.76e-59,"MRPS24"
"KPNA3",1.06e-63,0.262,0.901,0.856,1.98e-59,"KPNA3"
"GNAO1",1.23e-63,0.202,0.942,0.898,2.28e-59,"GNAO1"
"IDH1",1.81e-63,0.274,0.887,0.829,3.36e-59,"IDH1"
"STMN4",2e-63,0.361,0.899,0.852,3.73e-59,"STMN4"
"SDCBP",2.44e-63,0.349,0.753,0.671,4.54e-59,"SDCBP"
"COA3",2.62e-63,0.402,0.702,0.61,4.87e-59,"COA3"
"ADD1",2.82e-63,0.296,0.844,0.783,5.24e-59,"ADD1"
"COX16",2.99e-63,0.356,0.791,0.721,5.57e-59,"COX16"
"PEPD",3.27e-63,0.488,0.59,0.491,6.09e-59,"PEPD"
"CUL1",3.45e-63,0.328,0.829,0.768,6.41e-59,"CUL1"
"KCNJ6",3.51e-63,0.752,0.496,0.395,6.52e-59,"KCNJ6"
"FAM133B",3.83e-63,0.31,0.841,0.779,7.12e-59,"FAM133B"
"MRPL36",4.92e-63,0.494,0.584,0.489,9.15e-59,"MRPL36"
"HDGFL2",5.26e-63,0.394,0.704,0.619,9.79e-59,"HDGFL2"
"CELF5",5.34e-63,0.243,0.907,0.855,9.93e-59,"CELF5"
"TCEA1",6.79e-63,0.33,0.792,0.713,1.26e-58,"TCEA1"
"PUF60",6.99e-63,0.364,0.778,0.704,1.3e-58,"PUF60"
"PSMD11",9.5e-63,0.35,0.741,0.658,1.77e-58,"PSMD11"
"NRXN1",1.08e-62,0.171,0.988,0.972,2.01e-58,"NRXN1"
"KPNB1",1.91e-62,0.245,0.878,0.811,3.56e-58,"KPNB1"
"PSMB2",2.01e-62,0.338,0.805,0.729,3.73e-58,"PSMB2"
"TMCC2",2.08e-62,0.51,0.555,0.457,3.88e-58,"TMCC2"
"RTF2",2.17e-62,0.385,0.716,0.631,4.04e-58,"RTF2"
"LHX2",2.51e-62,0.273,0.684,0.574,4.67e-58,"LHX2"
"RALA",2.66e-62,0.329,0.795,0.728,4.94e-58,"RALA"
"CAPZA2",3.54e-62,0.246,0.877,0.811,6.59e-58,"CAPZA2"
"VOPP1",3.77e-62,0.269,0.893,0.841,7.01e-58,"VOPP1"
"ERP29",3.82e-62,0.394,0.723,0.644,7.11e-58,"ERP29"
"HAGH",3.89e-62,0.365,0.732,0.646,7.24e-58,"HAGH"
"HNRNPH3",3.94e-62,0.222,0.948,0.919,7.34e-58,"HNRNPH3"
"TRIM44",4.05e-62,0.283,0.849,0.788,7.53e-58,"TRIM44"
"THTPA",4.28e-62,0.526,0.525,0.422,7.96e-58,"THTPA"
"WNK1",5.18e-62,0.224,0.896,0.843,9.65e-58,"WNK1"
"FXR1",6.17e-62,0.223,0.892,0.839,1.15e-57,"FXR1"
"SRRM1",6.61e-62,0.267,0.88,0.832,1.23e-57,"SRRM1"
"SF3B2",7.19e-62,0.292,0.851,0.783,1.34e-57,"SF3B2"
"ZNF516",7.55e-62,0.393,0.631,0.537,1.41e-57,"ZNF516"
"TSPYL4",7.61e-62,0.416,0.645,0.549,1.42e-57,"TSPYL4"
"ATP5MC1",7.68e-62,0.374,0.76,0.681,1.43e-57,"ATP5MC1"
"PAFAH1B2",8.39e-62,0.312,0.785,0.705,1.56e-57,"PAFAH1B2"
"NCS1",8.67e-62,0.365,0.755,0.679,1.61e-57,"NCS1"
"GET3",9.63e-62,0.445,0.617,0.519,1.79e-57,"GET3"
"MGST1",1.13e-61,-1.371,0.338,0.445,2.11e-57,"MGST1"
"MRPL52",1.34e-61,0.449,0.617,0.522,2.49e-57,"MRPL52"
"MAP7D1",1.41e-61,0.343,0.736,0.655,2.62e-57,"MAP7D1"
"PSMD7",1.5e-61,0.325,0.802,0.729,2.8e-57,"PSMD7"
"BRD7",1.93e-61,0.314,0.808,0.738,3.58e-57,"BRD7"
"ERC1",1.97e-61,0.155,0.968,0.945,3.67e-57,"ERC1"
"BEX2",2.25e-61,0.258,0.901,0.861,4.19e-57,"BEX2"
"BRD2",2.33e-61,0.324,0.761,0.684,4.34e-57,"BRD2"
"PSMD1",2.43e-61,0.296,0.826,0.765,4.52e-57,"PSMD1"
"MDH1",2.95e-61,0.31,0.869,0.815,5.49e-57,"MDH1"
"ARL4D",3.02e-61,0.457,0.71,0.628,5.62e-57,"ARL4D"
"DNAJC7",3.07e-61,0.371,0.724,0.645,5.71e-57,"DNAJC7"
"RALGAPA2",4.21e-61,0.223,0.923,0.886,7.84e-57,"RALGAPA2"
"MRPL28",4.47e-61,0.468,0.634,0.547,8.32e-57,"MRPL28"
"MBD5",4.73e-61,0.152,0.986,0.973,8.81e-57,"MBD5"
"NDUFB3",5.15e-61,0.359,0.757,0.681,9.58e-57,"NDUFB3"
"RASSF2",6.57e-61,0.465,0.567,0.468,1.22e-56,"RASSF2"
"EI24",6.62e-61,0.347,0.76,0.679,1.23e-56,"EI24"
"CLIC1",9.73e-61,0.533,0.522,0.42,1.81e-56,"CLIC1"
"HECW1",9.94e-61,0.236,0.918,0.879,1.85e-56,"HECW1"
"ARMC1",1.39e-60,0.339,0.767,0.685,2.58e-56,"ARMC1"
"KBTBD2",1.43e-60,0.394,0.663,0.57,2.65e-56,"KBTBD2"
"PIN4",1.46e-60,0.403,0.746,0.674,2.72e-56,"PIN4"
"ID2",2e-60,0.28,0.96,0.933,3.72e-56,"ID2"
"PLCB4",2.02e-60,0.49,0.586,0.485,3.76e-56,"PLCB4"
"ZMYM4",2.1e-60,0.237,0.891,0.838,3.91e-56,"ZMYM4"
"RNF11",2.8e-60,0.34,0.729,0.643,5.21e-56,"RNF11"
"MKRN1",2.85e-60,0.322,0.802,0.729,5.3e-56,"MKRN1"
"FRMD5",3.61e-60,0.227,0.936,0.904,6.71e-56,"FRMD5"
"CEMIP",3.92e-60,0.828,0.397,0.293,7.29e-56,"CEMIP"
"YY1",4.46e-60,0.266,0.845,0.787,8.3e-56,"YY1"
"SLC39A6",7.4e-60,0.298,0.839,0.782,1.38e-55,"SLC39A6"
"CLIP2",8.36e-60,0.282,0.827,0.752,1.56e-55,"CLIP2"
"COMMD7",1e-59,0.365,0.706,0.624,1.86e-55,"COMMD7"
"PEG10",1.02e-59,0.28,0.875,0.832,1.9e-55,"PEG10"
"SRRM3",1.04e-59,0.389,0.653,0.566,1.93e-55,"SRRM3"
"CDC5L",1.1e-59,0.312,0.743,0.665,2.04e-55,"CDC5L"
"LRRC75A",1.12e-59,0.519,0.506,0.403,2.08e-55,"LRRC75A"
"RSBN1",1.16e-59,0.311,0.782,0.704,2.17e-55,"RSBN1"
"SMS",1.2e-59,0.354,0.773,0.699,2.24e-55,"SMS"
"ARMCX3",1.6e-59,0.361,0.741,0.661,2.98e-55,"ARMCX3"
"YTHDC1",1.67e-59,0.305,0.779,0.703,3.1e-55,"YTHDC1"
"ADGRG1",1.69e-59,0.466,0.572,0.476,3.14e-55,"ADGRG1"
"NPEPPS",1.72e-59,0.24,0.88,0.82,3.2e-55,"NPEPPS"
"KMT5B",1.87e-59,0.222,0.905,0.863,3.47e-55,"KMT5B"
"SPOP",2.2e-59,0.338,0.799,0.729,4.1e-55,"SPOP"
"ARHGDIA",2.26e-59,0.415,0.648,0.562,4.21e-55,"ARHGDIA"
"NOSIP",2.28e-59,0.451,0.597,0.502,4.24e-55,"NOSIP"
"KIF3C",2.56e-59,0.237,0.844,0.782,4.77e-55,"KIF3C"
"ZNF652",2.74e-59,0.296,0.843,0.792,5.09e-55,"ZNF652"
"SRGAP3",2.79e-59,0.148,0.973,0.955,5.19e-55,"SRGAP3"
"CCDC88A",2.88e-59,0.184,0.949,0.918,5.36e-55,"CCDC88A"
"DAPK1",3e-59,0.266,0.836,0.773,5.59e-55,"DAPK1"
"CHMP3",3.4e-59,0.475,0.552,0.456,6.32e-55,"CHMP3"
"NAV3",3.55e-59,-0.782,0.793,0.842,6.61e-55,"NAV3"
"PLXDC2",3.9e-59,-1.953,0.091,0.169,7.26e-55,"PLXDC2"
"MAGEF1",4.08e-59,0.335,0.767,0.693,7.59e-55,"MAGEF1"
"PHF23",4.3e-59,0.482,0.544,0.445,8e-55,"PHF23"
"OSBP2",4.34e-59,0.358,0.764,0.687,8.07e-55,"OSBP2"
"RYK",4.54e-59,0.328,0.773,0.701,8.46e-55,"RYK"
"LDOC1",4.77e-59,0.418,0.727,0.653,8.88e-55,"LDOC1"
"EIF1AX",5.56e-59,0.218,0.932,0.894,1.03e-54,"EIF1AX"
"MOSPD3",5.88e-59,0.571,0.452,0.35,1.09e-54,"MOSPD3"
"CLASP2",6.08e-59,0.104,0.993,0.988,1.13e-54,"CLASP2"
"ARHGAP20",6.15e-59,-2.383,0.013,0.057,1.14e-54,"ARHGAP20"
"MAN1A2",7.57e-59,0.263,0.868,0.815,1.41e-54,"MAN1A2"
"PPP4R2",7.61e-59,0.282,0.842,0.784,1.42e-54,"PPP4R2"
"RNF7",7.69e-59,0.368,0.758,0.678,1.43e-54,"RNF7"
"BCL11A",8.03e-59,0.267,0.954,0.949,1.5e-54,"BCL11A"
"MPC2",8.58e-59,0.362,0.781,0.708,1.6e-54,"MPC2"
"HCFC1R1",9.85e-59,0.401,0.709,0.627,1.83e-54,"HCFC1R1"
"SELENOK",1.07e-58,0.351,0.753,0.671,2e-54,"SELENOK"
"AKT1",1.16e-58,0.438,0.612,0.517,2.16e-54,"AKT1"
"SOS1",1.59e-58,0.186,0.943,0.911,2.95e-54,"SOS1"
"MSH6",1.69e-58,0.326,0.729,0.642,3.14e-54,"MSH6"
"ATP9A",1.9e-58,0.207,0.909,0.862,3.54e-54,"ATP9A"
"KLF12",2.02e-58,0.441,0.892,0.874,3.76e-54,"KLF12"
"MPRIP",2.23e-58,0.236,0.829,0.759,4.16e-54,"MPRIP"
"MDM4",2.29e-58,0.219,0.861,0.792,4.27e-54,"MDM4"
"POLR2J",2.37e-58,0.414,0.69,0.6,4.41e-54,"POLR2J"
"LRFN2",2.55e-58,-2.178,0.029,0.083,4.74e-54,"LRFN2"
"CYC1",2.73e-58,0.421,0.659,0.569,5.08e-54,"CYC1"
"PANK2",2.97e-58,0.292,0.812,0.743,5.53e-54,"PANK2"
"PDAP1",2.97e-58,0.294,0.841,0.785,5.53e-54,"PDAP1"
"HOMER3",3.08e-58,0.57,0.502,0.401,5.73e-54,"HOMER3"
"ARPC4",3.21e-58,0.445,0.597,0.504,5.98e-54,"ARPC4"
"MRPL51",4.33e-58,0.34,0.771,0.697,8.07e-54,"MRPL51"
"DNAJA2",4.82e-58,0.411,0.645,0.561,8.97e-54,"DNAJA2"
"ETNK1",4.86e-58,0.265,0.847,0.781,9.04e-54,"ETNK1"
"CHMP5",5.21e-58,0.308,0.809,0.735,9.69e-54,"CHMP5"
"EIF2AK1",5.74e-58,0.37,0.683,0.598,1.07e-53,"EIF2AK1"
"BRAF",6.08e-58,0.242,0.914,0.877,1.13e-53,"BRAF"
"ZNF706",6.16e-58,0.257,0.896,0.858,1.15e-53,"ZNF706"
"FAM193A",6.48e-58,0.236,0.862,0.807,1.21e-53,"FAM193A"
"TXNL1",7.16e-58,0.269,0.876,0.82,1.33e-53,"TXNL1"
"APMAP",7.55e-58,0.464,0.626,0.544,1.41e-53,"APMAP"
"YWHAH",9.3e-58,0.226,0.931,0.897,1.73e-53,"YWHAH"
"SERINC5",9.88e-58,0.513,0.58,0.483,1.84e-53,"SERINC5"
"EIF4EBP1",1.01e-57,0.402,0.697,0.616,1.87e-53,"EIF4EBP1"
"CLTC",1.1e-57,0.275,0.829,0.762,2.05e-53,"CLTC"
"ARID1B",1.14e-57,0.109,0.98,0.954,2.11e-53,"ARID1B"
"ARL6IP1",1.22e-57,0.262,0.811,0.736,2.27e-53,"ARL6IP1"
"APC2",1.23e-57,0.36,0.707,0.618,2.29e-53,"APC2"
"SNRPB",1.26e-57,0.314,0.749,0.664,2.34e-53,"SNRPB"
"LSM3",1.29e-57,0.346,0.754,0.674,2.4e-53,"LSM3"
"NSG2",1.34e-57,0.243,0.918,0.869,2.49e-53,"NSG2"
"MBTD1",1.36e-57,0.31,0.778,0.719,2.54e-53,"MBTD1"
"PHB1",1.5e-57,0.404,0.67,0.586,2.79e-53,"PHB1"
"SYF2",1.63e-57,0.379,0.667,0.581,3.03e-53,"SYF2"
"TMX4",1.63e-57,0.395,0.702,0.619,3.04e-53,"TMX4"
"SNCAIP",1.64e-57,0.265,0.843,0.786,3.04e-53,"SNCAIP"
"TRAPPC4",1.73e-57,0.329,0.769,0.691,3.22e-53,"TRAPPC4"
"FBL",2.06e-57,0.403,0.621,0.526,3.83e-53,"FBL"
"MARK1",2.37e-57,0.191,0.916,0.871,4.41e-53,"MARK1"
"SLTM",2.55e-57,0.263,0.881,0.83,4.74e-53,"SLTM"
"MAP1A",2.55e-57,0.445,0.613,0.518,4.75e-53,"MAP1A"
"TEAD1",2.61e-57,0.294,0.696,0.605,4.85e-53,"TEAD1"
"SEZ6L",3.01e-57,0.387,0.815,0.769,5.6e-53,"SEZ6L"
"GTF3A",3.01e-57,0.387,0.7,0.617,5.6e-53,"GTF3A"
"CYCS",3.08e-57,0.268,0.89,0.842,5.74e-53,"CYCS"
"GNAI1",3.4e-57,0.247,0.886,0.829,6.33e-53,"GNAI1"
"SHOC2",3.59e-57,0.32,0.804,0.733,6.68e-53,"SHOC2"
"KAT6B",3.83e-57,0.293,0.924,0.898,7.13e-53,"KAT6B"
"EIF4G3",4.1e-57,0.114,0.98,0.965,7.63e-53,"EIF4G3"
"LDB2",4.29e-57,-0.964,0.224,0.324,7.98e-53,"LDB2"
"CTCF",4.42e-57,0.338,0.765,0.692,8.23e-53,"CTCF"
"SIAH3",4.68e-57,-1.302,0.127,0.213,8.7e-53,"SIAH3"
"IQCJ-SCHIP1",7.13e-57,-0.952,0.22,0.319,1.33e-52,"IQCJ-SCHIP1"
"MRPL20",7.24e-57,0.358,0.73,0.655,1.35e-52,"MRPL20"
"MYO16",8.18e-57,-1.969,0.04,0.099,1.52e-52,"MYO16"
"UBA2",8.57e-57,0.257,0.861,0.798,1.6e-52,"UBA2"
"PPP1CA",8.93e-57,0.432,0.643,0.559,1.66e-52,"PPP1CA"
"PRKCA",9.22e-57,0.199,0.828,0.768,1.72e-52,"PRKCA"
"DHX30",1.09e-56,0.355,0.699,0.616,2.03e-52,"DHX30"
"SNRNP27",1.32e-56,0.466,0.563,0.47,2.47e-52,"SNRNP27"
"MYT1L",1.37e-56,0.165,0.945,0.911,2.54e-52,"MYT1L"
"CLPP",1.37e-56,0.441,0.612,0.524,2.55e-52,"CLPP"
"ROCK1",1.56e-56,0.275,0.835,0.785,2.9e-52,"ROCK1"
"EWSR1",1.69e-56,0.303,0.814,0.751,3.14e-52,"EWSR1"
"FAM200B",1.71e-56,0.394,0.695,0.62,3.19e-52,"FAM200B"
"PSMC5",1.77e-56,0.362,0.748,0.679,3.29e-52,"PSMC5"
"SLC38A2",1.96e-56,0.303,0.808,0.749,3.65e-52,"SLC38A2"
"TG",2.22e-56,0.518,0.529,0.431,4.14e-52,"TG"
"EPHB6",2.42e-56,0.654,0.422,0.321,4.51e-52,"EPHB6"
"EXOC5",2.72e-56,0.272,0.856,0.802,5.06e-52,"EXOC5"
"GABRB1",2.78e-56,-1.864,0.039,0.097,5.18e-52,"GABRB1"
"TMEM131L",2.81e-56,0.456,0.599,0.508,5.22e-52,"TMEM131L"
"SAFB",2.9e-56,0.31,0.767,0.699,5.41e-52,"SAFB"
"NGDN",3.1e-56,0.378,0.685,0.601,5.77e-52,"NGDN"
"DPYSL4",3.35e-56,0.445,0.582,0.485,6.24e-52,"DPYSL4"
"RAB11A",4.35e-56,0.224,0.89,0.84,8.1e-52,"RAB11A"
"RNF38",5.06e-56,0.268,0.876,0.828,9.41e-52,"RNF38"
"PFDN4",5.67e-56,0.374,0.697,0.616,1.06e-51,"PFDN4"
"FUBP1",5.69e-56,0.264,0.812,0.741,1.06e-51,"FUBP1"
"CELF3",9.09e-56,0.349,0.696,0.609,1.69e-51,"CELF3"
"ASH1L",9.15e-56,0.165,0.952,0.925,1.7e-51,"ASH1L"
"SYT4",1e-55,0.38,0.758,0.673,1.87e-51,"SYT4"
"AKR1A1",1.05e-55,0.373,0.743,0.666,1.95e-51,"AKR1A1"
"NCK2",1.13e-55,0.294,0.799,0.739,2.11e-51,"NCK2"
"IGF2BP2",1.21e-55,0.122,0.971,0.961,2.25e-51,"IGF2BP2"
"GPR39",1.23e-55,0.979,0.327,0.231,2.28e-51,"GPR39"
"KIF2A",1.42e-55,0.191,0.938,0.904,2.64e-51,"KIF2A"
"ELF2",1.49e-55,0.19,0.938,0.907,2.77e-51,"ELF2"
"HMG20B",1.64e-55,0.575,0.432,0.332,3.05e-51,"HMG20B"
"TPTEP2-CSNK1E",1.73e-55,0.313,0.78,0.719,3.22e-51,"TPTEP2-CSNK1E"
"ETFB",1.77e-55,0.414,0.741,0.668,3.3e-51,"ETFB"
"RPS19BP1",1.84e-55,0.424,0.612,0.523,3.42e-51,"RPS19BP1"
"AFF4",1.93e-55,0.216,0.901,0.856,3.6e-51,"AFF4"
"BSG",2.17e-55,0.339,0.8,0.733,4.03e-51,"BSG"
"IGF2BP3",2.19e-55,0.176,0.944,0.914,4.08e-51,"IGF2BP3"
"NBDY",2.33e-55,0.179,0.891,0.842,4.34e-51,"NBDY"
"FREM1",2.35e-55,-2.165,0.097,0.172,4.38e-51,"FREM1"
"TUT4",2.46e-55,0.166,0.949,0.917,4.58e-51,"TUT4"
"CDK8",2.48e-55,0.285,0.881,0.833,4.61e-51,"CDK8"
"STIP1",2.57e-55,0.352,0.716,0.637,4.79e-51,"STIP1"
"RNF10",2.61e-55,0.344,0.702,0.619,4.86e-51,"RNF10"
"TBL1XR1",3.41e-55,0.178,0.925,0.9,6.34e-51,"TBL1XR1"
"MEF2C",3.68e-55,-0.85,0.366,0.464,6.84e-51,"MEF2C"
"RAB4A",3.74e-55,0.402,0.684,0.605,6.96e-51,"RAB4A"
"PJA2",3.88e-55,0.217,0.917,0.875,7.22e-51,"PJA2"
"ADD2",4.03e-55,0.211,0.873,0.821,7.5e-51,"ADD2"
"BRSK2",4.26e-55,0.393,0.6,0.508,7.92e-51,"BRSK2"
"C19orf53",4.78e-55,0.366,0.684,0.6,8.9e-51,"C19orf53"
"SSRP1",5.07e-55,0.363,0.699,0.617,9.44e-51,"SSRP1"
"LAMTOR2",7.06e-55,0.406,0.649,0.568,1.31e-50,"LAMTOR2"
"ERGIC3",7.93e-55,0.453,0.602,0.521,1.48e-50,"ERGIC3"
"GNAI3",8.31e-55,0.307,0.792,0.726,1.55e-50,"GNAI3"
"KPNA2",8.42e-55,0.188,0.709,0.63,1.57e-50,"KPNA2"
"ZNF32",1.06e-54,0.37,0.694,0.62,1.97e-50,"ZNF32"
"DHX15",1.21e-54,0.31,0.712,0.626,2.26e-50,"DHX15"
"MIB1",1.21e-54,0.166,0.926,0.882,2.26e-50,"MIB1"
"ZBED5",1.29e-54,0.343,0.727,0.651,2.39e-50,"ZBED5"
"PRKAR1A",1.77e-54,0.343,0.739,0.66,3.3e-50,"PRKAR1A"
"WTAP",1.82e-54,0.295,0.822,0.762,3.38e-50,"WTAP"
"LSM4",1.87e-54,0.309,0.812,0.748,3.47e-50,"LSM4"
"RNF144A",2.01e-54,0.285,0.844,0.789,3.75e-50,"RNF144A"
"ERI3",2.53e-54,0.299,0.792,0.719,4.72e-50,"ERI3"
"UBE2D3",2.63e-54,0.201,0.942,0.906,4.9e-50,"UBE2D3"
"MEGF9",2.77e-54,0.27,0.878,0.832,5.16e-50,"MEGF9"
"CALD1",2.88e-54,0.451,0.771,0.698,5.35e-50,"CALD1"
"SUCLG1",2.88e-54,0.393,0.665,0.584,5.37e-50,"SUCLG1"
"LSM12",3.12e-54,0.449,0.528,0.432,5.81e-50,"LSM12"
"DTNB",3.18e-54,0.231,0.912,0.88,5.91e-50,"DTNB"
"PSMA3",3.65e-54,0.278,0.823,0.762,6.79e-50,"PSMA3"
"GALNT1",4.36e-54,0.329,0.744,0.672,8.12e-50,"GALNT1"
"CHMP2A",4.96e-54,0.338,0.765,0.703,9.23e-50,"CHMP2A"
"DEXI",4.96e-54,0.529,0.444,0.346,9.23e-50,"DEXI"
"PCMTD2",5.49e-54,0.388,0.681,0.6,1.02e-49,"PCMTD2"
"BUB3",5.78e-54,0.337,0.694,0.605,1.08e-49,"BUB3"
"CERS4",5.92e-54,0.433,0.585,0.493,1.1e-49,"CERS4"
"MAP4",6.52e-54,0.189,0.903,0.862,1.21e-49,"MAP4"
"PFN2",8.06e-54,0.295,0.802,0.724,1.5e-49,"PFN2"
"UQCRC1",9.12e-54,0.396,0.678,0.599,1.7e-49,"UQCRC1"
"EIF4EBP2",9.54e-54,0.333,0.669,0.581,1.77e-49,"EIF4EBP2"
"SPPL3",1.13e-53,0.206,0.896,0.852,2.11e-49,"SPPL3"
"DENND5B",1.13e-53,0.213,0.895,0.842,2.11e-49,"DENND5B"
"SLC4A7",1.13e-53,0.264,0.836,0.772,2.11e-49,"SLC4A7"
"FBXW11",1.15e-53,0.256,0.858,0.801,2.14e-49,"FBXW11"
"EIF3J",1.15e-53,0.315,0.734,0.66,2.14e-49,"EIF3J"
"CTDNEP1",1.2e-53,0.371,0.718,0.639,2.24e-49,"CTDNEP1"
"LSM2",1.36e-53,0.354,0.735,0.657,2.52e-49,"LSM2"
"PLEKHH2",1.5e-53,-2.963,0.015,0.057,2.78e-49,"PLEKHH2"
"PPP2R2C",1.63e-53,-1.138,0.091,0.166,3.04e-49,"PPP2R2C"
"SPCS2",1.65e-53,0.274,0.872,0.821,3.06e-49,"SPCS2"
"TBPL1",1.7e-53,0.427,0.6,0.512,3.16e-49,"TBPL1"
"BRINP1",1.72e-53,-0.859,0.171,0.262,3.2e-49,"BRINP1"
"TSPAN14",2.09e-53,0.285,0.773,0.7,3.89e-49,"TSPAN14"
"EXOC6B",2.14e-53,0.135,0.972,0.956,3.98e-49,"EXOC6B"
"RAB1A",2.21e-53,0.218,0.884,0.827,4.11e-49,"RAB1A"
"TBCC",2.29e-53,0.503,0.487,0.393,4.27e-49,"TBCC"
"F2R",3.16e-53,0.38,0.625,0.535,5.88e-49,"F2R"
"DYNC1LI1",4.51e-53,0.313,0.795,0.729,8.4e-49,"DYNC1LI1"
"SEPTIN2",5.27e-53,0.196,0.907,0.855,9.81e-49,"SEPTIN2"
"MRPL42",5.45e-53,0.308,0.786,0.724,1.01e-48,"MRPL42"
"TAOK1",5.68e-53,0.153,0.935,0.906,1.06e-48,"TAOK1"
"FGD4",5.81e-53,0.242,0.878,0.825,1.08e-48,"FGD4"
"KRAS",6.47e-53,0.298,0.796,0.73,1.2e-48,"KRAS"
"MRPL21",6.47e-53,0.441,0.576,0.486,1.2e-48,"MRPL21"
"ZC2HC1A",6.53e-53,0.269,0.887,0.845,1.21e-48,"ZC2HC1A"
"WDR33",8.81e-53,0.257,0.837,0.78,1.64e-48,"WDR33"
"LARP1",9e-53,0.265,0.811,0.754,1.68e-48,"LARP1"
"MTCH2",1.14e-52,0.304,0.794,0.732,2.11e-48,"MTCH2"
"PHF20",1.24e-52,0.21,0.898,0.855,2.3e-48,"PHF20"
"ZNF322",1.45e-52,0.384,0.672,0.598,2.71e-48,"ZNF322"
"PPP2CA",1.48e-52,0.285,0.824,0.771,2.75e-48,"PPP2CA"
"KLHDC3",1.68e-52,0.395,0.653,0.572,3.13e-48,"KLHDC3"
"ITSN1",1.73e-52,0.187,0.922,0.887,3.23e-48,"ITSN1"
"MAF1",1.74e-52,0.42,0.586,0.495,3.25e-48,"MAF1"
"MARCHF5",1.9e-52,0.323,0.756,0.696,3.54e-48,"MARCHF5"
"TIMM13",2.19e-52,0.358,0.722,0.654,4.08e-48,"TIMM13"
"SCD5",2.43e-52,0.196,0.87,0.814,4.52e-48,"SCD5"
"ANKRD17",2.63e-52,0.169,0.934,0.902,4.9e-48,"ANKRD17"
"TRIB2",3.14e-52,0.46,0.521,0.424,5.85e-48,"TRIB2"
"ARL15",3.92e-52,0.174,0.926,0.889,7.3e-48,"ARL15"
"RGS12",4.96e-52,0.255,0.805,0.741,9.23e-48,"RGS12"
"LCMT1",5.43e-52,0.346,0.689,0.605,1.01e-47,"LCMT1"
"GTF3C6",5.87e-52,0.311,0.757,0.692,1.09e-47,"GTF3C6"
"ERC2",6.02e-52,0.136,0.935,0.902,1.12e-47,"ERC2"
"EPHA3",6.32e-52,0.445,0.731,0.648,1.18e-47,"EPHA3"
"GLRX5",6.6e-52,0.352,0.706,0.629,1.23e-47,"GLRX5"
"RAF1",6.95e-52,0.23,0.868,0.82,1.29e-47,"RAF1"
"GNG5",7.24e-52,0.399,0.577,0.474,1.35e-47,"GNG5"
"FCHSD2",7.28e-52,0.202,0.928,0.897,1.35e-47,"FCHSD2"
"NDUFS2",7.42e-52,0.307,0.782,0.725,1.38e-47,"NDUFS2"
"RO60",8.97e-52,0.229,0.872,0.82,1.67e-47,"RO60"
"LZTS1",1.01e-51,0.382,0.642,0.555,1.87e-47,"LZTS1"
"YLPM1",1.13e-51,0.239,0.866,0.81,2.1e-47,"YLPM1"
"BTBD10",1.26e-51,0.265,0.79,0.718,2.34e-47,"BTBD10"
"SMARCAD1",1.33e-51,0.254,0.814,0.753,2.48e-47,"SMARCAD1"
"ZNF821",1.49e-51,0.279,0.817,0.756,2.77e-47,"ZNF821"
"ZFP91",1.62e-51,0.339,0.671,0.592,3.02e-47,"ZFP91"
"GAMT",1.81e-51,0.434,0.55,0.46,3.37e-47,"GAMT"
"ATMIN",2.11e-51,0.413,0.568,0.477,3.93e-47,"ATMIN"
"ARL6IP5",2.17e-51,0.288,0.816,0.753,4.05e-47,"ARL6IP5"
"QSER1",2.17e-51,0.294,0.741,0.669,4.05e-47,"QSER1"
"SRGAP1",2.41e-51,0.198,0.963,0.94,4.48e-47,"SRGAP1"
"CTR9",2.43e-51,0.326,0.675,0.586,4.53e-47,"CTR9"
"MTMR6",2.53e-51,0.408,0.576,0.482,4.71e-47,"MTMR6"
"MARCHF1",2.61e-51,0.393,0.754,0.689,4.85e-47,"MARCHF1"
"FBXL20",2.82e-51,0.262,0.822,0.762,5.24e-47,"FBXL20"
"SH3BP5",3.97e-51,0.262,0.846,0.79,7.39e-47,"SH3BP5"
"NCKAP5",4e-51,0.211,0.923,0.895,7.44e-47,"NCKAP5"
"CDK5R1",4.1e-51,0.237,0.837,0.778,7.63e-47,"CDK5R1"
"RBIS",4.18e-51,0.4,0.635,0.55,7.78e-47,"RBIS"
"UBE2G1",4.56e-51,0.28,0.801,0.742,8.48e-47,"UBE2G1"
"ERCC1",4.59e-51,0.419,0.618,0.535,8.54e-47,"ERCC1"
"LMBR1L",4.95e-51,0.371,0.589,0.498,9.22e-47,"LMBR1L"
"APBB1",5e-51,0.353,0.683,0.609,9.3e-47,"APBB1"
"LMO4",5.11e-51,0.46,0.468,0.366,9.5e-47,"LMO4"
"RAB33A",6.05e-51,0.388,0.651,0.562,1.13e-46,"RAB33A"
"BCL9",6.73e-51,0.304,0.775,0.712,1.25e-46,"BCL9"
"TMEM98",7.87e-51,0.415,0.56,0.464,1.46e-46,"TMEM98"
"SMURF2",7.9e-51,0.26,0.841,0.78,1.47e-46,"SMURF2"
"ADCY2",8.05e-51,-0.906,0.097,0.173,1.5e-46,"ADCY2"
"TM7SF2",9.46e-51,0.405,0.684,0.608,1.76e-46,"TM7SF2"
"MECP2",1.15e-50,0.311,0.721,0.641,2.14e-46,"MECP2"
"TRAF4",1.16e-50,0.487,0.539,0.45,2.16e-46,"TRAF4"
"PLEKHJ1",1.3e-50,0.422,0.598,0.51,2.42e-46,"PLEKHJ1"
"SCARB2",1.35e-50,0.308,0.793,0.736,2.51e-46,"SCARB2"
"GPATCH8",1.44e-50,0.182,0.915,0.886,2.68e-46,"GPATCH8"
"DBNL",1.46e-50,0.433,0.578,0.492,2.71e-46,"DBNL"
"GSK3A",1.48e-50,0.337,0.685,0.602,2.76e-46,"GSK3A"
"ACOT7",1.55e-50,0.342,0.732,0.659,2.89e-46,"ACOT7"
"GPM6B",1.61e-50,0.172,0.834,0.776,2.99e-46,"GPM6B"
"GALNT17",1.71e-50,0.462,0.587,0.499,3.17e-46,"GALNT17"
"RAPGEF2",1.71e-50,0.184,0.959,0.939,3.19e-46,"RAPGEF2"
"UBTD2",1.75e-50,0.256,0.838,0.774,3.26e-46,"UBTD2"
"YPEL5",1.84e-50,0.403,0.601,0.515,3.43e-46,"YPEL5"
"MSI1",1.86e-50,0.432,0.514,0.418,3.47e-46,"MSI1"
"LUC7L",1.89e-50,0.225,0.816,0.755,3.53e-46,"LUC7L"
"NTRK3",1.98e-50,0.275,0.859,0.829,3.68e-46,"NTRK3"
"FBXO21",2.54e-50,0.288,0.79,0.73,4.73e-46,"FBXO21"
"STX2",3.67e-50,0.33,0.656,0.572,6.83e-46,"STX2"
"BAD",3.86e-50,0.44,0.593,0.516,7.19e-46,"BAD"
"RNF165",4.04e-50,0.265,0.82,0.754,7.52e-46,"RNF165"
"RASGRF1",5.19e-50,-2.281,0.021,0.065,9.66e-46,"RASGRF1"
"OCIAD1",5.38e-50,0.203,0.919,0.882,1e-45,"OCIAD1"
"MTCH1",5.47e-50,0.288,0.822,0.767,1.02e-45,"MTCH1"
"ZCCHC17",5.56e-50,0.283,0.796,0.743,1.03e-45,"ZCCHC17"
"FAM210B",5.62e-50,0.624,0.36,0.268,1.05e-45,"FAM210B"
"PPP1R15A",6.54e-50,0.444,0.512,0.419,1.22e-45,"PPP1R15A"
"ADRM1",6.66e-50,0.384,0.647,0.574,1.24e-45,"ADRM1"
"PTTG1IP",6.77e-50,0.397,0.578,0.485,1.26e-45,"PTTG1IP"
"ANO4",7.25e-50,-1.104,0.156,0.24,1.35e-45,"ANO4"
"KDM5A",8.27e-50,0.264,0.811,0.746,1.54e-45,"KDM5A"
"CACNA1B",1.09e-49,0.239,0.871,0.824,2.02e-45,"CACNA1B"
"GABRG2",1.14e-49,-0.978,0.127,0.208,2.12e-45,"GABRG2"
"CYTH2",1.33e-49,0.404,0.589,0.501,2.48e-45,"CYTH2"
"PIAS1",1.46e-49,0.211,0.869,0.817,2.72e-45,"PIAS1"
"PFKM",1.7e-49,0.384,0.629,0.542,3.17e-45,"PFKM"
"PCM1",1.75e-49,0.179,0.927,0.882,3.26e-45,"PCM1"
"PDXP",1.96e-49,0.414,0.592,0.511,3.65e-45,"PDXP"
"SCN2A",2.02e-49,-0.828,0.273,0.366,3.76e-45,"SCN2A"
"TLE4",2.09e-49,0.289,0.693,0.61,3.9e-45,"TLE4"
"TECR",2.1e-49,0.368,0.688,0.61,3.91e-45,"TECR"
"HRAS",2.12e-49,0.356,0.726,0.662,3.95e-45,"HRAS"
"PSME3IP1",2.24e-49,0.313,0.716,0.643,4.17e-45,"PSME3IP1"
"LEMD1",2.28e-49,0.439,0.569,0.482,4.24e-45,"LEMD1"
"ZNF580",2.73e-49,0.419,0.607,0.519,5.08e-45,"ZNF580"
"CTTNBP2NL",2.76e-49,0.277,0.802,0.738,5.14e-45,"CTTNBP2NL"
"FKBP4",2.94e-49,0.404,0.632,0.555,5.48e-45,"FKBP4"
"GPS2",3.23e-49,0.398,0.584,0.495,6.01e-45,"GPS2"
"NCKAP1",3.41e-49,0.204,0.869,0.812,6.34e-45,"NCKAP1"
"NARS1",3.47e-49,0.348,0.641,0.557,6.46e-45,"NARS1"
"COMMD3",3.62e-49,0.389,0.672,0.603,6.75e-45,"COMMD3"
"CNR1",3.96e-49,0.11,0.922,0.867,7.37e-45,"CNR1"
"TCEAL2",4.28e-49,0.327,0.786,0.726,7.98e-45,"TCEAL2"
"DYNLT2B",4.33e-49,0.282,0.824,0.767,8.06e-45,"DYNLT2B"
"UQCRC2",4.42e-49,0.298,0.769,0.701,8.22e-45,"UQCRC2"
"CDK5",5.34e-49,0.464,0.533,0.447,9.93e-45,"CDK5"
"DICER1",5.36e-49,0.236,0.838,0.781,9.97e-45,"DICER1"
"FAM172A",5.48e-49,0.167,0.937,0.907,1.02e-44,"FAM172A"
"CCDC167",6.17e-49,0.457,0.598,0.521,1.15e-44,"CCDC167"
"HADHA",6.32e-49,0.343,0.704,0.621,1.18e-44,"HADHA"
"COPS3",6.47e-49,0.357,0.647,0.566,1.2e-44,"COPS3"
"GPS1",7.13e-49,0.477,0.486,0.397,1.33e-44,"GPS1"
"UPF3B",7.4e-49,0.336,0.742,0.679,1.38e-44,"UPF3B"
"NCOR1",8.46e-49,0.159,0.942,0.903,1.57e-44,"NCOR1"
"CSRP2",9.48e-49,0.339,0.962,0.942,1.76e-44,"CSRP2"
"COPZ1",9.95e-49,0.347,0.689,0.617,1.85e-44,"COPZ1"
"MNAT1",1.09e-48,0.194,0.912,0.873,2.02e-44,"MNAT1"
"UBE2K",1.25e-48,0.168,0.913,0.879,2.32e-44,"UBE2K"
"ADAR",1.25e-48,0.285,0.756,0.69,2.33e-44,"ADAR"
"CASTOR2",1.26e-48,0.344,0.643,0.558,2.35e-44,"CASTOR2"
"SLC26A4",1.29e-48,-1.852,0.028,0.075,2.4e-44,"SLC26A4"
"RSBN1L",1.3e-48,0.238,0.853,0.8,2.41e-44,"RSBN1L"
"RABL6",1.52e-48,0.307,0.752,0.686,2.83e-44,"RABL6"
"STUB1",1.71e-48,0.342,0.708,0.638,3.19e-44,"STUB1"
"TRMT112",1.74e-48,0.349,0.664,0.58,3.23e-44,"TRMT112"
"GOLIM4",1.9e-48,0.39,0.592,0.507,3.53e-44,"GOLIM4"
"CIR1",1.91e-48,0.34,0.676,0.593,3.56e-44,"CIR1"
"FDPS",2.05e-48,0.294,0.912,0.879,3.82e-44,"FDPS"
"ACIN1",2.2e-48,0.296,0.749,0.673,4.1e-44,"ACIN1"
"SOX12",2.21e-48,0.339,0.672,0.593,4.11e-44,"SOX12"
"NME4",2.42e-48,0.337,0.622,0.533,4.5e-44,"NME4"
"TUG1",2.46e-48,0.268,0.758,0.686,4.57e-44,"TUG1"
"SATB1",3.08e-48,0.57,0.365,0.271,5.74e-44,"SATB1"
"PSMC1",3.5e-48,0.348,0.698,0.623,6.52e-44,"PSMC1"
"CCDC124",3.69e-48,0.385,0.66,0.583,6.87e-44,"CCDC124"
"SP3",3.72e-48,0.251,0.79,0.73,6.93e-44,"SP3"
"CDK4",3.88e-48,0.393,0.605,0.517,7.22e-44,"CDK4"
"STK25",4.35e-48,0.386,0.63,0.551,8.11e-44,"STK25"
"MT-TN",5.3e-48,0.743,0.246,0.16,9.87e-44,"MT-TN"
"ZFTA",5.39e-48,0.322,0.621,0.537,1e-43,"ZFTA"
"STRN3",5.45e-48,0.206,0.846,0.788,1.01e-43,"STRN3"
"LAPTM4B",5.69e-48,0.311,0.699,0.62,1.06e-43,"LAPTM4B"
"AAK1",5.98e-48,0.18,0.864,0.81,1.11e-43,"AAK1"
"LRP12",6.47e-48,0.275,0.756,0.686,1.2e-43,"LRP12"
"PCGF2",7.01e-48,0.376,0.623,0.536,1.3e-43,"PCGF2"
"ZNF644",7.08e-48,0.204,0.894,0.854,1.32e-43,"ZNF644"
"LSM14A",7.93e-48,0.207,0.861,0.806,1.48e-43,"LSM14A"
"MMADHC",8.19e-48,0.39,0.625,0.547,1.52e-43,"MMADHC"
"EIF3M",8.41e-48,0.312,0.757,0.689,1.56e-43,"EIF3M"
"CRCP",8.48e-48,0.351,0.677,0.597,1.58e-43,"CRCP"
"TOMM22",9.99e-48,0.391,0.627,0.543,1.86e-43,"TOMM22"
"FXR2",1.05e-47,0.44,0.524,0.436,1.96e-43,"FXR2"
"N4BP1",1.07e-47,0.298,0.751,0.676,1.98e-43,"N4BP1"
"BRSK1",1.19e-47,0.419,0.526,0.439,2.22e-43,"BRSK1"
"DLL3",1.2e-47,0.529,0.592,0.514,2.24e-43,"DLL3"
"GMDS",1.21e-47,0.299,0.768,0.713,2.25e-43,"GMDS"
"DDOST",1.35e-47,0.342,0.668,0.591,2.51e-43,"DDOST"
"AACS",1.35e-47,0.502,0.493,0.407,2.51e-43,"AACS"
"ZNF148",1.38e-47,0.161,0.942,0.913,2.57e-43,"ZNF148"
"KIRREL3",1.41e-47,-1.286,0.444,0.521,2.63e-43,"KIRREL3"
"NARF",1.66e-47,0.293,0.8,0.737,3.09e-43,"NARF"
"NAV1",1.71e-47,0.172,0.907,0.856,3.18e-43,"NAV1"
"MAP7",1.74e-47,-2.324,0.015,0.054,3.23e-43,"MAP7"
"MYG1",1.78e-47,0.467,0.509,0.424,3.31e-43,"MYG1"
"EPC2",1.94e-47,0.292,0.734,0.659,3.61e-43,"EPC2"
"STARD3NL",1.94e-47,0.309,0.726,0.66,3.62e-43,"STARD3NL"
"PDIA6",2.1e-47,0.263,0.837,0.774,3.91e-43,"PDIA6"
"ABCF1",2.29e-47,0.348,0.675,0.603,4.26e-43,"ABCF1"
"MAP4K5",2.39e-47,0.205,0.897,0.858,4.44e-43,"MAP4K5"
"TUBB3",2.5e-47,0.567,0.39,0.3,4.64e-43,"TUBB3"
"LRGUK",2.59e-47,0.62,0.472,0.38,4.83e-43,"LRGUK"
"ZNF33A",2.69e-47,0.258,0.806,0.745,5e-43,"ZNF33A"
"PSMD6",2.87e-47,0.365,0.677,0.603,5.33e-43,"PSMD6"
"HSD11B1L",3.02e-47,0.46,0.49,0.399,5.61e-43,"HSD11B1L"
"MGAT5",3.22e-47,0.284,0.805,0.746,5.99e-43,"MGAT5"
"ACAT2",3.23e-47,0.323,0.922,0.883,6.01e-43,"ACAT2"
"GOLGB1",3.34e-47,0.277,0.779,0.711,6.22e-43,"GOLGB1"
"TP53INP1",3.92e-47,0.48,0.403,0.311,7.29e-43,"TP53INP1"
"FAM214A",4.51e-47,0.322,0.631,0.545,8.39e-43,"FAM214A"
"NUMBL",4.68e-47,0.46,0.479,0.39,8.71e-43,"NUMBL"
"KTN1",5.11e-47,0.245,0.865,0.822,9.51e-43,"KTN1"
"SUGP1",6.07e-47,0.472,0.557,0.477,1.13e-42,"SUGP1"
"HIGD2A",6.49e-47,0.435,0.572,0.487,1.21e-42,"HIGD2A"
"MARCHF7",6.53e-47,0.241,0.8,0.739,1.22e-42,"MARCHF7"
"EPHA4",6.65e-47,0.334,0.759,0.699,1.24e-42,"EPHA4"
"CENPX",6.89e-47,0.367,0.646,0.567,1.28e-42,"CENPX"
"NCBP2",7.06e-47,0.299,0.769,0.704,1.31e-42,"NCBP2"
"SYAP1",7.09e-47,0.369,0.655,0.578,1.32e-42,"SYAP1"
"DAZAP1",7.51e-47,0.396,0.588,0.511,1.4e-42,"DAZAP1"
"TRAPPC1",7.67e-47,0.287,0.782,0.713,1.43e-42,"TRAPPC1"
"GAS7",8.38e-47,-0.849,0.197,0.285,1.56e-42,"GAS7"
"THOC2",8.39e-47,0.258,0.821,0.762,1.56e-42,"THOC2"
"KDM4A",8.4e-47,0.365,0.611,0.529,1.56e-42,"KDM4A"
"PSMD3",8.86e-47,0.347,0.684,0.613,1.65e-42,"PSMD3"
"PHACTR1",9.43e-47,0.104,0.978,0.959,1.75e-42,"PHACTR1"
"TRIM33",9.5e-47,0.22,0.858,0.81,1.77e-42,"TRIM33"
"NPDC1",9.7e-47,0.318,0.787,0.735,1.81e-42,"NPDC1"
"SIAH1",1.01e-46,0.265,0.788,0.736,1.87e-42,"SIAH1"
"PTPN12",1.08e-46,0.215,0.871,0.822,2.01e-42,"PTPN12"
"RANBP17",1.14e-46,-0.782,0.205,0.296,2.13e-42,"RANBP17"
"CACNG8",1.2e-46,0.3,0.716,0.641,2.24e-42,"CACNG8"
"ARF3",1.21e-46,0.335,0.678,0.604,2.25e-42,"ARF3"
"PSEN1",1.24e-46,0.337,0.666,0.595,2.32e-42,"PSEN1"
"DDX46",1.25e-46,0.229,0.879,0.832,2.33e-42,"DDX46"
"NDFIP1",1.33e-46,0.151,0.966,0.94,2.48e-42,"NDFIP1"
"RDX",1.36e-46,0.21,0.871,0.813,2.53e-42,"RDX"
"RTL8A",1.51e-46,0.42,0.6,0.52,2.82e-42,"RTL8A"
"NKAIN1",1.54e-46,0.276,0.764,0.693,2.87e-42,"NKAIN1"
"EIF3D",1.61e-46,0.341,0.679,0.601,3e-42,"EIF3D"
"TP53BP2",1.71e-46,0.401,0.535,0.45,3.19e-42,"TP53BP2"
"CTBP1",1.73e-46,0.374,0.615,0.534,3.21e-42,"CTBP1"
"EPN1",1.77e-46,0.349,0.656,0.581,3.29e-42,"EPN1"
"NF1",2.1e-46,0.116,0.948,0.919,3.9e-42,"NF1"
"RBM3",2.21e-46,0.343,0.667,0.591,4.11e-42,"RBM3"
"RABGAP1",2.24e-46,0.171,0.904,0.866,4.17e-42,"RABGAP1"
"KLHL9",2.32e-46,0.424,0.55,0.465,4.32e-42,"KLHL9"
"RALYL",2.35e-46,-1.868,0.286,0.374,4.37e-42,"RALYL"
"RSPRY1",2.8e-46,0.314,0.727,0.658,5.21e-42,"RSPRY1"
"RHBDD2",2.9e-46,0.458,0.524,0.44,5.39e-42,"RHBDD2"
"PJA1",3.38e-46,0.4,0.626,0.549,6.29e-42,"PJA1"
"FGF14",3.49e-46,-0.811,0.189,0.279,6.5e-42,"FGF14"
"HAX1",3.86e-46,0.382,0.581,0.5,7.18e-42,"HAX1"
"MT-ND4L",3.91e-46,0.211,0.802,0.734,7.27e-42,"MT-ND4L"
"FGD6",4.33e-46,0.365,0.634,0.553,8.05e-42,"FGD6"
"PNN",4.37e-46,0.202,0.894,0.852,8.13e-42,"PNN"
"NKTR",4.49e-46,0.157,0.942,0.915,8.36e-42,"NKTR"
"ZFHX2",5.02e-46,0.234,0.755,0.687,9.34e-42,"ZFHX2"
"LAMC1",5.14e-46,0.505,0.545,0.461,9.56e-42,"LAMC1"
"CD59",5.17e-46,0.438,0.558,0.476,9.61e-42,"CD59"
"FHL1",5.25e-46,0.284,0.738,0.672,9.76e-42,"FHL1"
"NAP1L4",5.36e-46,0.235,0.867,0.821,9.97e-42,"NAP1L4"
"STMN3",5.8e-46,0.389,0.612,0.529,1.08e-41,"STMN3"
"TTC9B",7.53e-46,0.351,0.722,0.651,1.4e-41,"TTC9B"
"SLC29A4",7.69e-46,0.396,0.57,0.483,1.43e-41,"SLC29A4"
"GIGYF2",8.58e-46,0.189,0.878,0.837,1.6e-41,"GIGYF2"
"NEFM",8.65e-46,0.552,0.562,0.481,1.61e-41,"NEFM"
"NUTF2",8.76e-46,0.174,0.612,0.526,1.63e-41,"NUTF2"
"ADSS2",9.79e-46,0.35,0.648,0.569,1.82e-41,"ADSS2"
"RTN2",1.01e-45,0.377,0.611,0.528,1.89e-41,"RTN2"
"FAM50A",1.02e-45,0.391,0.657,0.589,1.9e-41,"FAM50A"
"COX20",1.06e-45,0.253,0.809,0.756,1.97e-41,"COX20"
"PDS5B",1.12e-45,0.19,0.879,0.836,2.09e-41,"PDS5B"
"TIPRL",1.18e-45,0.279,0.782,0.72,2.19e-41,"TIPRL"
"CACNB2",1.18e-45,-0.965,0.336,0.426,2.2e-41,"CACNB2"
"PCGF3",1.19e-45,0.332,0.623,0.536,2.22e-41,"PCGF3"
"FNBP1",1.21e-45,0.234,0.808,0.753,2.25e-41,"FNBP1"
"COMMD9",1.36e-45,0.424,0.54,0.455,2.53e-41,"COMMD9"
"TUBB4A",1.42e-45,0.341,0.625,0.541,2.63e-41,"TUBB4A"
"RCOR2",1.5e-45,0.393,0.572,0.486,2.8e-41,"RCOR2"
"SPSB3",1.54e-45,0.382,0.614,0.533,2.87e-41,"SPSB3"
"EIF4E",1.55e-45,0.256,0.813,0.756,2.89e-41,"EIF4E"
"CNOT2",1.56e-45,0.245,0.846,0.794,2.91e-41,"CNOT2"
"GABBR2",1.68e-45,-0.735,0.416,0.505,3.13e-41,"GABBR2"
"PTPRA",1.69e-45,0.151,0.919,0.879,3.15e-41,"PTPRA"
"NDUFB6",1.79e-45,0.331,0.728,0.661,3.34e-41,"NDUFB6"
"CHCHD1",1.96e-45,0.394,0.598,0.52,3.65e-41,"CHCHD1"
"ACLY",2.97e-45,0.239,0.789,0.725,5.53e-41,"ACLY"
"SORT1",3.02e-45,0.349,0.635,0.565,5.63e-41,"SORT1"
"MPHOSPH10",3.22e-45,0.358,0.675,0.605,6e-41,"MPHOSPH10"
"PDK2",3.28e-45,0.568,0.394,0.31,6.11e-41,"PDK2"
"DENR",3.39e-45,0.275,0.741,0.671,6.31e-41,"DENR"
"MTA2",3.44e-45,0.58,0.331,0.244,6.41e-41,"MTA2"
"SLC44A5",3.55e-45,0.189,0.96,0.948,6.6e-41,"SLC44A5"
"CILK1",3.83e-45,0.34,0.618,0.532,7.13e-41,"CILK1"
"POLR2E",3.9e-45,0.368,0.633,0.557,7.27e-41,"POLR2E"
"ELAPOR1",3.98e-45,0.479,0.56,0.481,7.4e-41,"ELAPOR1"
"SEZ6L2",4.12e-45,0.253,0.785,0.715,7.67e-41,"SEZ6L2"
"GIPC1",4.14e-45,0.39,0.565,0.482,7.71e-41,"GIPC1"
"CITED2",4.16e-45,0.386,0.61,0.519,7.73e-41,"CITED2"
"AGO1",4.37e-45,0.328,0.653,0.572,8.14e-41,"AGO1"
"SEPHS1",4.45e-45,0.309,0.61,0.523,8.29e-41,"SEPHS1"
"RNF182",4.79e-45,0.401,0.625,0.55,8.91e-41,"RNF182"
"MAPRE3",5.19e-45,0.328,0.66,0.582,9.65e-41,"MAPRE3"
"PSMA1",5.59e-45,0.268,0.818,0.755,1.04e-40,"PSMA1"
"CAND1",5.71e-45,0.236,0.779,0.71,1.06e-40,"CAND1"
"RPL17",5.72e-45,0.404,0.525,0.44,1.06e-40,"RPL17"
"KIF5A",6.92e-45,0.245,0.765,0.692,1.29e-40,"KIF5A"
"DPY30",6.96e-45,0.334,0.694,0.624,1.3e-40,"DPY30"
"ANP32B",1.24e-44,0.314,0.695,0.613,2.3e-40,"ANP32B"
"SNW1",1.25e-44,0.313,0.703,0.629,2.33e-40,"SNW1"
"ROCK2",1.5e-44,0.157,0.907,0.871,2.79e-40,"ROCK2"
"NCOA6",1.54e-44,0.217,0.834,0.782,2.87e-40,"NCOA6"
"BPNT2",1.55e-44,0.387,0.593,0.515,2.88e-40,"BPNT2"
"BRD1",1.61e-44,0.315,0.663,0.586,3e-40,"BRD1"
"USP10",1.98e-44,0.27,0.759,0.696,3.68e-40,"USP10"
"MYT1",1.99e-44,0.455,0.445,0.356,3.71e-40,"MYT1"
"SCRN1",2.02e-44,0.281,0.742,0.67,3.75e-40,"SCRN1"
"MRPL47",2.38e-44,0.393,0.59,0.51,4.42e-40,"MRPL47"
"AKIRIN1",2.67e-44,0.298,0.7,0.629,4.97e-40,"AKIRIN1"
"TBC1D16",2.68e-44,0.316,0.695,0.628,4.99e-40,"TBC1D16"
"PAM",2.76e-44,0.234,0.803,0.735,5.13e-40,"PAM"
"DDX17",2.78e-44,0.151,0.903,0.862,5.18e-40,"DDX17"
"RYR2",3.18e-44,-1.061,0.151,0.229,5.93e-40,"RYR2"
"ASF1A",3.46e-44,0.373,0.652,0.579,6.44e-40,"ASF1A"
"H2BC5",3.66e-44,0.447,0.469,0.378,6.81e-40,"H2BC5"
"GFOD2",3.95e-44,0.295,0.72,0.65,7.35e-40,"GFOD2"
"ZNF286A",3.99e-44,0.346,0.616,0.53,7.43e-40,"ZNF286A"
"TRA2A",4.34e-44,0.169,0.885,0.827,8.08e-40,"TRA2A"
"GRSF1",4.42e-44,0.372,0.616,0.539,8.23e-40,"GRSF1"
"SNRNP25",4.59e-44,0.457,0.477,0.394,8.54e-40,"SNRNP25"
"RNPS1",4.79e-44,0.286,0.782,0.727,8.92e-40,"RNPS1"
"PRPF6",5.4e-44,0.274,0.724,0.648,1e-39,"PRPF6"
"USP34",5.76e-44,0.131,0.932,0.898,1.07e-39,"USP34"
"TMEFF2",5.82e-44,-1.413,0.09,0.157,1.08e-39,"TMEFF2"
"TMEM106B",6.11e-44,0.248,0.777,0.707,1.14e-39,"TMEM106B"
"DVL3",6.39e-44,0.388,0.584,0.506,1.19e-39,"DVL3"
"C5orf24",7.12e-44,0.284,0.698,0.618,1.32e-39,"C5orf24"
"GMPS",7.32e-44,0.299,0.684,0.607,1.36e-39,"GMPS"
"STX8",7.34e-44,0.302,0.698,0.624,1.37e-39,"STX8"
"POLR2G",7.63e-44,0.365,0.609,0.529,1.42e-39,"POLR2G"
"NHLH1",7.83e-44,0.65,0.372,0.282,1.46e-39,"NHLH1"
"ZNF804A",8.13e-44,0.606,0.617,0.56,1.51e-39,"ZNF804A"
"MRPS18C",8.87e-44,0.35,0.616,0.54,1.65e-39,"MRPS18C"
"GET1",8.94e-44,0.283,0.742,0.673,1.66e-39,"GET1"
"LEPROTL1",1.06e-43,0.331,0.689,0.618,1.97e-39,"LEPROTL1"
"TMTC4",1.08e-43,0.468,0.569,0.494,2.01e-39,"TMTC4"
"PRDX3",1.09e-43,0.334,0.675,0.602,2.04e-39,"PRDX3"
"MCL1",1.1e-43,0.288,0.695,0.614,2.04e-39,"MCL1"
"UBR5",1.12e-43,0.142,0.907,0.866,2.09e-39,"UBR5"
"HDAC5",1.21e-43,0.349,0.624,0.544,2.24e-39,"HDAC5"
"VPS4A",1.24e-43,0.351,0.638,0.564,2.31e-39,"VPS4A"
"GRAMD1A",1.26e-43,0.344,0.617,0.536,2.35e-39,"GRAMD1A"
"MMD",1.56e-43,0.374,0.598,0.528,2.9e-39,"MMD"
"CCDC85B",1.71e-43,0.355,0.631,0.555,3.17e-39,"CCDC85B"
"LSM10",1.78e-43,0.422,0.577,0.498,3.31e-39,"LSM10"
"KCNH7",1.94e-43,0.3,0.954,0.939,3.61e-39,"KCNH7"
"TRPC4AP",1.97e-43,0.241,0.812,0.757,3.66e-39,"TRPC4AP"
"OTUB1",2e-43,0.413,0.563,0.486,3.72e-39,"OTUB1"
"PRPSAP2",2.08e-43,0.28,0.762,0.695,3.87e-39,"PRPSAP2"
"EIF2S2",2.19e-43,0.239,0.786,0.724,4.07e-39,"EIF2S2"
"CELF1",2.22e-43,0.187,0.898,0.862,4.14e-39,"CELF1"
"HIKESHI",2.24e-43,0.307,0.713,0.642,4.16e-39,"HIKESHI"
"BEX5",2.3e-43,0.383,0.619,0.541,4.28e-39,"BEX5"
"SSU72",2.33e-43,0.298,0.75,0.685,4.33e-39,"SSU72"
"GTF2IRD1",2.39e-43,0.247,0.772,0.709,4.45e-39,"GTF2IRD1"
"ING4",2.56e-43,0.344,0.675,0.602,4.76e-39,"ING4"
"ZNF24",2.64e-43,0.334,0.68,0.605,4.91e-39,"ZNF24"
"INSM1",2.66e-43,0.528,0.377,0.288,4.95e-39,"INSM1"
"ACTL6A",2.66e-43,0.385,0.556,0.474,4.96e-39,"ACTL6A"
"GLUL",2.74e-43,0.357,0.609,0.532,5.11e-39,"GLUL"
"PPARG",2.74e-43,-1.351,0.05,0.103,5.11e-39,"PPARG"
"SH3RF1",2.91e-43,0.218,0.654,0.564,5.42e-39,"SH3RF1"
"CAB39",3.3e-43,0.264,0.776,0.714,6.15e-39,"CAB39"
"NCOA4",3.33e-43,0.419,0.519,0.434,6.2e-39,"NCOA4"
"ARL8A",3.46e-43,0.298,0.71,0.635,6.45e-39,"ARL8A"
"SPRING1",3.57e-43,0.388,0.567,0.487,6.65e-39,"SPRING1"
"CLASP1",3.89e-43,0.109,0.945,0.918,7.25e-39,"CLASP1"
"CACNA2D3",3.98e-43,-2.265,0.03,0.075,7.41e-39,"CACNA2D3"
"KLHDC2",4.02e-43,0.3,0.689,0.614,7.49e-39,"KLHDC2"
"CWC15",4.12e-43,0.305,0.695,0.625,7.67e-39,"CWC15"
"RNF145",4.16e-43,0.28,0.686,0.607,7.75e-39,"RNF145"
"SLC25A4",4.19e-43,0.271,0.812,0.763,7.8e-39,"SLC25A4"
"TIMM44",4.29e-43,0.512,0.445,0.361,7.98e-39,"TIMM44"
"PAK1",4.31e-43,0.205,0.826,0.767,8.02e-39,"PAK1"
"CHD8",4.33e-43,0.262,0.734,0.664,8.06e-39,"CHD8"
"RHOB",4.33e-43,0.392,0.592,0.511,8.06e-39,"RHOB"
"GRIP1",4.55e-43,0.291,0.935,0.925,8.47e-39,"GRIP1"
"COPS6",4.93e-43,0.292,0.76,0.689,9.18e-39,"COPS6"
"ZBTB20",5.08e-43,0.203,0.81,0.73,9.45e-39,"ZBTB20"
"SLITRK5",5.53e-43,-1.452,0.051,0.106,1.03e-38,"SLITRK5"
"STAT3",5.69e-43,0.427,0.565,0.486,1.06e-38,"STAT3"
"CCDC92",5.74e-43,0.226,0.798,0.734,1.07e-38,"CCDC92"
"HSPA9",5.93e-43,0.262,0.747,0.683,1.1e-38,"HSPA9"
"EHMT2",6.07e-43,0.337,0.616,0.539,1.13e-38,"EHMT2"
"PNRC2",6.29e-43,0.389,0.521,0.434,1.17e-38,"PNRC2"
"ANAPC13",6.38e-43,0.37,0.623,0.547,1.19e-38,"ANAPC13"
"INSR",6.41e-43,0.274,0.753,0.687,1.19e-38,"INSR"
"RBM6",6.65e-43,0.156,0.92,0.895,1.24e-38,"RBM6"
"CNTN4",6.78e-43,-1.595,0.183,0.262,1.26e-38,"CNTN4"
"NRDC",7.05e-43,0.201,0.827,0.783,1.31e-38,"NRDC"
"NOVA2",7.3e-43,0.23,0.749,0.674,1.36e-38,"NOVA2"
"TCEA2",7.51e-43,0.373,0.613,0.53,1.4e-38,"TCEA2"
"CNOT7",9.67e-43,0.299,0.715,0.644,1.8e-38,"CNOT7"
"EPB41L5",9.87e-43,0.337,0.709,0.641,1.84e-38,"EPB41L5"
"POLB",1.08e-42,0.342,0.581,0.497,2.01e-38,"POLB"
"EPHA6",1.32e-42,-1.572,0.075,0.136,2.46e-38,"EPHA6"
"IDH3G",1.33e-42,0.423,0.519,0.438,2.47e-38,"IDH3G"
"TADA3",1.47e-42,0.359,0.623,0.553,2.74e-38,"TADA3"
"ELAVL1",1.76e-42,0.28,0.721,0.657,3.28e-38,"ELAVL1"
"CYFIP2",1.91e-42,0.215,0.822,0.762,3.56e-38,"CYFIP2"
"PACC1",1.95e-42,0.396,0.541,0.459,3.64e-38,"PACC1"
"SSNA1",2.04e-42,0.388,0.584,0.512,3.79e-38,"SSNA1"
"HERC2",2.35e-42,0.152,0.823,0.761,4.37e-38,"HERC2"
"PCNX4",2.48e-42,0.215,0.853,0.808,4.61e-38,"PCNX4"
"AGPAT4",2.49e-42,0.186,0.873,0.834,4.63e-38,"AGPAT4"
"MARK3",2.61e-42,0.173,0.897,0.854,4.85e-38,"MARK3"
"LEPROT",2.62e-42,0.387,0.628,0.552,4.88e-38,"LEPROT"
"PRKDC",2.68e-42,0.153,0.882,0.844,4.99e-38,"PRKDC"
"TP53BP1",3.08e-42,0.212,0.805,0.744,5.73e-38,"TP53BP1"
"TMEM14B",3.14e-42,0.185,0.91,0.882,5.84e-38,"TMEM14B"
"MPST",3.38e-42,0.445,0.499,0.419,6.3e-38,"MPST"
"RBMX2",3.39e-42,0.372,0.585,0.508,6.32e-38,"RBMX2"
"SCAMP5",3.45e-42,0.319,0.641,0.562,6.41e-38,"SCAMP5"
"NUCB2",3.49e-42,0.25,0.822,0.781,6.49e-38,"NUCB2"
"GLG1",3.5e-42,0.151,0.901,0.865,6.52e-38,"GLG1"
"AK3",4.33e-42,0.3,0.721,0.657,8.07e-38,"AK3"
"AKAP11",4.49e-42,0.299,0.693,0.623,8.37e-38,"AKAP11"
"NDUFV1",4.98e-42,0.298,0.75,0.687,9.28e-38,"NDUFV1"
"ATP2B4",5.16e-42,0.166,0.934,0.907,9.61e-38,"ATP2B4"
"GLO1",5.24e-42,0.273,0.706,0.63,9.74e-38,"GLO1"
"DCAF5",6.11e-42,0.279,0.742,0.683,1.14e-37,"DCAF5"
"KAT6A",6.36e-42,0.212,0.85,0.796,1.18e-37,"KAT6A"
"TMEM14C",6.85e-42,0.398,0.582,0.509,1.28e-37,"TMEM14C"
"CNOT6",7.06e-42,0.304,0.701,0.628,1.31e-37,"CNOT6"
"UBXN7",7.12e-42,0.268,0.713,0.64,1.33e-37,"UBXN7"
"CCSER1",7.16e-42,0.176,0.951,0.934,1.33e-37,"CCSER1"
"PRDX6",7.24e-42,0.363,0.573,0.495,1.35e-37,"PRDX6"
"ARGLU1",7.34e-42,0.126,0.932,0.898,1.37e-37,"ARGLU1"
"UST",7.45e-42,-2.155,0.021,0.06,1.39e-37,"UST"
"ENSG00000214265",9.43e-42,0.177,0.853,0.799,1.75e-37,"ENSG00000214265"
"MED19",1.03e-41,0.352,0.642,0.572,1.92e-37,"MED19"
"POGZ",1.06e-41,0.14,0.906,0.864,1.97e-37,"POGZ"
"RAI1",1.15e-41,0.328,0.601,0.521,2.14e-37,"RAI1"
"UBE2B",1.26e-41,0.225,0.861,0.808,2.35e-37,"UBE2B"
"SACS",1.5e-41,0.296,0.727,0.663,2.79e-37,"SACS"
"BLCAP",1.58e-41,0.274,0.774,0.709,2.93e-37,"BLCAP"
"N4BP2",1.58e-41,0.247,0.74,0.672,2.94e-37,"N4BP2"
"SNRNP70",1.64e-41,0.24,0.807,0.759,3.05e-37,"SNRNP70"
"CHSY3",1.68e-41,-1.261,0.059,0.114,3.13e-37,"CHSY3"
"APC",1.69e-41,0.151,0.95,0.925,3.14e-37,"APC"
"CCNB1IP1",1.81e-41,0.356,0.567,0.487,3.37e-37,"CCNB1IP1"
"UBQLN1",1.84e-41,0.263,0.754,0.696,3.43e-37,"UBQLN1"
"METTL26",1.88e-41,0.352,0.639,0.562,3.5e-37,"METTL26"
"RRAGA",1.95e-41,0.315,0.706,0.647,3.63e-37,"RRAGA"
"SEMA3C",2.42e-41,0.523,0.4,0.312,4.51e-37,"SEMA3C"
"PLEKHA8",2.65e-41,0.288,0.682,0.607,4.92e-37,"PLEKHA8"
"ELOF1",2.87e-41,0.474,0.456,0.377,5.34e-37,"ELOF1"
"PUM2",2.96e-41,0.114,0.936,0.904,5.5e-37,"PUM2"
"ATL1",3.19e-41,0.266,0.781,0.719,5.94e-37,"ATL1"
"NPR3",3.24e-41,-1.165,0.167,0.244,6.04e-37,"NPR3"
"CDK19",3.32e-41,0.145,0.87,0.82,6.17e-37,"CDK19"
"HSP90B1",3.48e-41,0.239,0.817,0.752,6.48e-37,"HSP90B1"
"SETD2",3.64e-41,0.181,0.866,0.824,6.77e-37,"SETD2"
"CTTN",4.04e-41,0.345,0.596,0.519,7.52e-37,"CTTN"
"CHKA",4.13e-41,0.334,0.655,0.581,7.68e-37,"CHKA"
"ANKIB1",4.86e-41,0.155,0.922,0.886,9.04e-37,"ANKIB1"
"PTPRO",4.89e-41,0.116,0.95,0.92,9.1e-37,"PTPRO"
"SPECC1L",4.98e-41,0.222,0.787,0.734,9.26e-37,"SPECC1L"
"PHAX",5.36e-41,0.3,0.672,0.599,9.99e-37,"PHAX"
"MRFAP1L1",5.63e-41,0.345,0.67,0.599,1.05e-36,"MRFAP1L1"
"ZNF84",5.64e-41,0.216,0.841,0.79,1.05e-36,"ZNF84"
"TET3",5.69e-41,0.275,0.774,0.713,1.06e-36,"TET3"
"TRAPPC2L",5.74e-41,0.431,0.531,0.455,1.07e-36,"TRAPPC2L"
"MBTPS1",5.91e-41,0.312,0.677,0.603,1.1e-36,"MBTPS1"
"NUMA1",6.08e-41,0.244,0.715,0.643,1.13e-36,"NUMA1"
"TNRC18",6.27e-41,0.145,0.861,0.809,1.17e-36,"TNRC18"
"GDF11",6.83e-41,0.398,0.526,0.445,1.27e-36,"GDF11"
"MKLN1",7.15e-41,0.169,0.857,0.805,1.33e-36,"MKLN1"
"GPR161",7.65e-41,0.283,0.726,0.662,1.42e-36,"GPR161"
"COQ8B",8.11e-41,0.4,0.459,0.375,1.51e-36,"COQ8B"
"TIAL1",8.66e-41,0.261,0.73,0.664,1.61e-36,"TIAL1"
"HUNK",8.81e-41,0.356,0.596,0.512,1.64e-36,"HUNK"
"MOB4",9.27e-41,0.239,0.78,0.724,1.73e-36,"MOB4"
"ESRRA",9.55e-41,0.455,0.416,0.328,1.78e-36,"ESRRA"
"MRTFA",9.98e-41,0.157,0.868,0.817,1.86e-36,"MRTFA"
"CHD9",1e-40,0.108,0.971,0.958,1.86e-36,"CHD9"
"POLR2K",1.03e-40,0.324,0.665,0.586,1.91e-36,"POLR2K"
"CALY",1.04e-40,-1.357,0.066,0.122,1.94e-36,"CALY"
"GLRX",1.06e-40,0.4,0.564,0.484,1.97e-36,"GLRX"
"PHLDA1",1.16e-40,0.421,0.498,0.408,2.17e-36,"PHLDA1"
"FOXO3",1.17e-40,0.274,0.742,0.682,2.18e-36,"FOXO3"
"CERK",1.37e-40,0.394,0.533,0.453,2.55e-36,"CERK"
"DDX52",1.43e-40,0.301,0.641,0.568,2.66e-36,"DDX52"
"ARL17B",1.46e-40,0.208,0.842,0.792,2.71e-36,"ARL17B"
"KLF13",1.49e-40,0.428,0.561,0.479,2.77e-36,"KLF13"
"PPP1R7",1.51e-40,0.327,0.653,0.582,2.81e-36,"PPP1R7"
"U2SURP",1.55e-40,0.205,0.887,0.849,2.88e-36,"U2SURP"
"ZNF131",1.58e-40,0.212,0.844,0.794,2.94e-36,"ZNF131"
"NKIRAS2",1.61e-40,0.397,0.511,0.431,3e-36,"NKIRAS2"
"ZNF711",1.82e-40,0.274,0.733,0.671,3.38e-36,"ZNF711"
"ALCAM",2.03e-40,-1.351,0.101,0.167,3.78e-36,"ALCAM"
"EIF2S3",2.05e-40,0.318,0.629,0.554,3.82e-36,"EIF2S3"
"CHD7",2.1e-40,0.41,0.637,0.556,3.9e-36,"CHD7"
"SSB",2.57e-40,0.211,0.875,0.827,4.78e-36,"SSB"
"MEAF6",2.7e-40,0.263,0.811,0.758,5.02e-36,"MEAF6"
"GPBP1",2.72e-40,0.143,0.884,0.839,5.06e-36,"GPBP1"
"CDC34",2.81e-40,0.398,0.548,0.475,5.23e-36,"CDC34"
"PDE7A",2.84e-40,0.186,0.879,0.835,5.29e-36,"PDE7A"
"UBE2L6",3.03e-40,0.395,0.6,0.53,5.63e-36,"UBE2L6"
"ADSL",3.35e-40,0.486,0.45,0.37,6.24e-36,"ADSL"
"DGCR6L",3.35e-40,0.494,0.447,0.369,6.24e-36,"DGCR6L"
"VHL",3.46e-40,0.308,0.68,0.613,6.44e-36,"VHL"
"HMGN4",3.87e-40,0.35,0.608,0.535,7.21e-36,"HMGN4"
"R3HCC1",3.94e-40,0.409,0.505,0.424,7.33e-36,"R3HCC1"
"REX1BD",4.47e-40,0.372,0.602,0.526,8.32e-36,"REX1BD"
"LAMTOR4",4.48e-40,0.368,0.617,0.547,8.35e-36,"LAMTOR4"
"DDX21",4.63e-40,0.287,0.663,0.588,8.62e-36,"DDX21"
"SESN1",4.73e-40,0.296,0.691,0.624,8.8e-36,"SESN1"
"VPS26A",4.79e-40,0.284,0.694,0.63,8.92e-36,"VPS26A"
"TET2",4.92e-40,0.259,0.748,0.678,9.15e-36,"TET2"
"HNRNPL",5.17e-40,0.283,0.679,0.605,9.62e-36,"HNRNPL"
"TPR",5.69e-40,0.214,0.797,0.738,1.06e-35,"TPR"
"TMEM169",5.78e-40,0.409,0.5,0.423,1.08e-35,"TMEM169"
"PPP4R3B",6.44e-40,0.231,0.773,0.704,1.2e-35,"PPP4R3B"
"SIVA1",6.67e-40,0.366,0.509,0.422,1.24e-35,"SIVA1"
"CD200",7.89e-40,0.271,0.778,0.715,1.47e-35,"CD200"
"ZNF253",8.71e-40,0.286,0.637,0.564,1.62e-35,"ZNF253"
"SEMA4D",9.22e-40,0.34,0.602,0.529,1.72e-35,"SEMA4D"
"SOGA1",9.29e-40,0.254,0.722,0.654,1.73e-35,"SOGA1"
"PPM1L",9.64e-40,0.119,0.906,0.874,1.79e-35,"PPM1L"
"MEIS1",9.8e-40,0.405,0.507,0.424,1.82e-35,"MEIS1"
"NELFCD",1.01e-39,0.389,0.565,0.494,1.87e-35,"NELFCD"
"LYPLA1",1.13e-39,0.318,0.709,0.644,2.11e-35,"LYPLA1"
"SAE1",1.2e-39,0.321,0.637,0.568,2.24e-35,"SAE1"
"PWWP3A",1.21e-39,0.296,0.654,0.579,2.26e-35,"PWWP3A"
"ZNHIT3",1.24e-39,0.321,0.65,0.582,2.31e-35,"ZNHIT3"
"DIXDC1",1.31e-39,0.22,0.759,0.701,2.43e-35,"DIXDC1"
"MRPL27",1.43e-39,0.407,0.557,0.488,2.66e-35,"MRPL27"
"CLTB",1.46e-39,0.277,0.733,0.674,2.71e-35,"CLTB"
"RBM15B",1.46e-39,0.386,0.516,0.438,2.72e-35,"RBM15B"
"NAA38",1.51e-39,0.344,0.622,0.548,2.8e-35,"NAA38"
"MTSS1",1.68e-39,0.16,0.901,0.865,3.13e-35,"MTSS1"
"MRPL14",1.73e-39,0.365,0.59,0.517,3.22e-35,"MRPL14"
"MTURN",1.75e-39,0.418,0.582,0.511,3.26e-35,"MTURN"
"PHF21A",2.22e-39,0.167,0.897,0.858,4.13e-35,"PHF21A"
"SBNO1",2.23e-39,0.244,0.781,0.724,4.15e-35,"SBNO1"
"UPF3A",2.38e-39,0.142,0.933,0.903,4.43e-35,"UPF3A"
"TFAM",2.41e-39,0.365,0.583,0.509,4.48e-35,"TFAM"
"ATXN7L1",2.55e-39,0.209,0.834,0.791,4.74e-35,"ATXN7L1"
"SLC22A17",2.58e-39,0.406,0.553,0.477,4.8e-35,"SLC22A17"
"WDR82",2.82e-39,0.295,0.678,0.613,5.24e-35,"WDR82"
"TSEN34",3.41e-39,0.343,0.624,0.561,6.34e-35,"TSEN34"
"SMIM26",3.61e-39,0.339,0.611,0.537,6.72e-35,"SMIM26"
"BRD9",3.79e-39,0.316,0.592,0.513,7.05e-35,"BRD9"
"CLIP1",4.15e-39,0.184,0.868,0.821,7.73e-35,"CLIP1"
"VPS29",4.74e-39,0.248,0.813,0.757,8.81e-35,"VPS29"
"CSMD3",5.11e-39,-1.349,0.126,0.195,9.5e-35,"CSMD3"
"RBM17",5.33e-39,0.326,0.7,0.634,9.91e-35,"RBM17"
"TMEM230",5.65e-39,0.263,0.715,0.651,1.05e-34,"TMEM230"
"PACS2",6.11e-39,0.267,0.69,0.616,1.14e-34,"PACS2"
"ECH1",6.12e-39,0.356,0.586,0.513,1.14e-34,"ECH1"
"NINL",6.62e-39,0.256,0.698,0.633,1.23e-34,"NINL"
"ENY2",6.71e-39,0.277,0.759,0.704,1.25e-34,"ENY2"
"UTP11",7.26e-39,0.403,0.519,0.439,1.35e-34,"UTP11"
"UBE2O",8.03e-39,0.299,0.692,0.624,1.5e-34,"UBE2O"
"VPS51",8.58e-39,0.345,0.617,0.543,1.6e-34,"VPS51"
"SENP7",8.72e-39,0.227,0.768,0.708,1.62e-34,"SENP7"
"POLR2H",8.83e-39,0.351,0.574,0.492,1.64e-34,"POLR2H"
"TRMT9B",9.06e-39,0.297,0.661,0.585,1.69e-34,"TRMT9B"
"SGTA",9.25e-39,0.375,0.552,0.48,1.72e-34,"SGTA"
"BSDC1",9.43e-39,0.332,0.618,0.548,1.76e-34,"BSDC1"
"PMF1",9.56e-39,0.452,0.431,0.352,1.78e-34,"PMF1"
"ARL6IP4",9.59e-39,0.356,0.602,0.53,1.78e-34,"ARL6IP4"
"ZNF22",1.07e-38,0.285,0.679,0.615,1.98e-34,"ZNF22"
"CAMSAP2",1.08e-38,0.151,0.904,0.868,2.01e-34,"CAMSAP2"
"HDAC8",1.09e-38,0.249,0.815,0.773,2.02e-34,"HDAC8"
"FABP5",1.11e-38,0.511,0.668,0.619,2.06e-34,"FABP5"
"TMEM132B",1.13e-38,0.42,0.577,0.496,2.11e-34,"TMEM132B"
"CSTPP1",1.16e-38,0.145,0.904,0.876,2.16e-34,"CSTPP1"
"TMEM147",1.2e-38,0.352,0.605,0.539,2.24e-34,"TMEM147"
"ZNF106",1.3e-38,0.31,0.647,0.58,2.42e-34,"ZNF106"
"YPEL1",1.33e-38,0.244,0.744,0.678,2.47e-34,"YPEL1"
"BEND5",1.36e-38,0.404,0.499,0.419,2.54e-34,"BEND5"
"NAXE",1.37e-38,0.354,0.606,0.539,2.55e-34,"NAXE"
"LRCH1",1.45e-38,0.164,0.874,0.839,2.71e-34,"LRCH1"
"NEMF",1.48e-38,0.225,0.838,0.79,2.75e-34,"NEMF"
"H1-4",1.5e-38,0.548,0.285,0.206,2.78e-34,"H1-4"
"ATF4",1.59e-38,0.342,0.575,0.496,2.95e-34,"ATF4"
"TIMM10",1.85e-38,0.443,0.488,0.412,3.45e-34,"TIMM10"
"PCBP4",1.87e-38,0.428,0.471,0.39,3.48e-34,"PCBP4"
"MCUR1",1.99e-38,0.353,0.663,0.6,3.7e-34,"MCUR1"
"DOCK7",2.3e-38,0.169,0.858,0.807,4.28e-34,"DOCK7"
"ZCRB1",2.32e-38,0.285,0.74,0.677,4.32e-34,"ZCRB1"
"VMP1",2.4e-38,0.28,0.714,0.65,4.46e-34,"VMP1"
"SCP2",2.44e-38,0.28,0.7,0.638,4.54e-34,"SCP2"
"ZNF48",2.64e-38,0.457,0.454,0.377,4.91e-34,"ZNF48"
"TOB2",2.68e-38,0.411,0.485,0.411,4.99e-34,"TOB2"
"NOL7",2.77e-38,0.24,0.771,0.706,5.15e-34,"NOL7"
"EIF1B",2.83e-38,0.192,0.885,0.843,5.26e-34,"EIF1B"
"ARHGEF7",2.9e-38,0.203,0.863,0.82,5.39e-34,"ARHGEF7"
"NUBP2",2.99e-38,0.385,0.556,0.483,5.57e-34,"NUBP2"
"FAM171A2",3.73e-38,0.273,0.684,0.616,6.94e-34,"FAM171A2"
"TCAIM",3.89e-38,0.381,0.64,0.573,7.24e-34,"TCAIM"
"SUDS3",3.93e-38,0.319,0.618,0.54,7.32e-34,"SUDS3"
"TCEAL7",3.97e-38,0.352,0.62,0.546,7.4e-34,"TCEAL7"
"SYP",4.21e-38,0.251,0.764,0.701,7.84e-34,"SYP"
"RALGDS",4.58e-38,0.349,0.591,0.513,8.53e-34,"RALGDS"
"RYBP",4.62e-38,0.236,0.736,0.671,8.6e-34,"RYBP"
"ETHE1",5.66e-38,0.507,0.404,0.324,1.05e-33,"ETHE1"
"MAP6",6.17e-38,0.228,0.79,0.731,1.15e-33,"MAP6"
"WIPI2",6.19e-38,0.37,0.59,0.519,1.15e-33,"WIPI2"
"PTEN",6.44e-38,0.136,0.874,0.819,1.2e-33,"PTEN"
"DLG4",8.2e-38,0.354,0.553,0.477,1.53e-33,"DLG4"
"USP49",8.76e-38,0.501,0.383,0.304,1.63e-33,"USP49"
"BMPR1A",9.43e-38,0.246,0.793,0.743,1.75e-33,"BMPR1A"
"POP7",9.9e-38,0.39,0.542,0.468,1.84e-33,"POP7"
"FAT3",1.02e-37,-0.523,0.428,0.519,1.89e-33,"FAT3"
"AIP",1.06e-37,0.461,0.479,0.402,1.98e-33,"AIP"
"HNRNPUL2",1.15e-37,0.344,0.587,0.52,2.14e-33,"HNRNPUL2"
"ATP1B1",1.19e-37,0.283,0.797,0.742,2.22e-33,"ATP1B1"
"BOD1",1.36e-37,0.344,0.593,0.52,2.53e-33,"BOD1"
"IDS",1.48e-37,0.221,0.776,0.711,2.75e-33,"IDS"
"HK2",1.77e-37,-1.561,0.041,0.087,3.29e-33,"HK2"
"ZNF124",1.81e-37,0.252,0.695,0.626,3.37e-33,"ZNF124"
"ZSWIM5",1.81e-37,0.215,0.864,0.833,3.37e-33,"ZSWIM5"
"PTPRU",1.85e-37,-1.744,0.023,0.061,3.43e-33,"PTPRU"
"ACTR6",2.28e-37,0.322,0.636,0.568,4.24e-33,"ACTR6"
"TBR1",2.31e-37,0.213,0.799,0.738,4.3e-33,"TBR1"
"LBR",2.54e-37,0.206,0.739,0.679,4.72e-33,"LBR"
"DECR1",2.56e-37,0.423,0.475,0.397,4.76e-33,"DECR1"
"CDK12",2.65e-37,0.249,0.674,0.604,4.94e-33,"CDK12"
"CARS2",2.9e-37,0.285,0.644,0.577,5.4e-33,"CARS2"
"AHDC1",3e-37,0.314,0.582,0.505,5.59e-33,"AHDC1"
"UBL7",3e-37,0.513,0.386,0.309,5.59e-33,"UBL7"
"TARDBP",3.07e-37,0.282,0.661,0.592,5.72e-33,"TARDBP"
"SLC35E2B",3.21e-37,0.187,0.755,0.686,5.98e-33,"SLC35E2B"
"ABHD17A",3.35e-37,0.36,0.565,0.498,6.24e-33,"ABHD17A"
"IWS1",3.39e-37,0.254,0.705,0.641,6.3e-33,"IWS1"
"SLC35B1",3.77e-37,0.387,0.526,0.451,7.02e-33,"SLC35B1"
"STAT5B",4e-37,0.309,0.662,0.595,7.45e-33,"STAT5B"
"MTF2",4.53e-37,0.179,0.861,0.822,8.43e-33,"MTF2"
"BCAP31",4.59e-37,0.349,0.575,0.503,8.55e-33,"BCAP31"
"MPPED1",4.62e-37,-1.136,0.203,0.278,8.6e-33,"MPPED1"
"WASF1",4.85e-37,0.184,0.842,0.796,9.03e-33,"WASF1"
"DDR1",4.89e-37,0.307,0.63,0.562,9.1e-33,"DDR1"
"ZNF385B",5.09e-37,-2.842,0.026,0.064,9.47e-33,"ZNF385B"
"SMYD3",5.21e-37,0.121,0.929,0.913,9.69e-33,"SMYD3"
"TCERG1",5.4e-37,0.211,0.809,0.755,1.01e-32,"TCERG1"
"NDUFC1",5.93e-37,0.262,0.761,0.708,1.1e-32,"NDUFC1"
"SNX29",6.22e-37,0.252,0.665,0.596,1.16e-32,"SNX29"
"BCAS2",6.25e-37,0.337,0.62,0.553,1.16e-32,"BCAS2"
"APPL2",6.42e-37,0.316,0.663,0.599,1.2e-32,"APPL2"
"SLC39A7",6.77e-37,0.377,0.498,0.422,1.26e-32,"SLC39A7"
"HS6ST1",7.47e-37,0.281,0.712,0.656,1.39e-32,"HS6ST1"
"CSNK1G2",8.16e-37,0.415,0.486,0.406,1.52e-32,"CSNK1G2"
"TMEM167A",8.49e-37,0.228,0.786,0.725,1.58e-32,"TMEM167A"
"FAM171A1",1.03e-36,0.185,0.863,0.819,1.91e-32,"FAM171A1"
"CCNY",1.04e-36,0.15,0.895,0.863,1.93e-32,"CCNY"
"PSME1",1.09e-36,0.437,0.466,0.39,2.04e-32,"PSME1"
"RRP36",1.15e-36,0.342,0.585,0.513,2.13e-32,"RRP36"
"P4HB",1.21e-36,0.332,0.594,0.518,2.25e-32,"P4HB"
"CREB3",1.22e-36,0.474,0.44,0.361,2.27e-32,"CREB3"
"AP2B1",1.25e-36,0.163,0.862,0.811,2.33e-32,"AP2B1"
"C16orf72",1.26e-36,0.28,0.634,0.562,2.34e-32,"C16orf72"
"SRSF5",1.4e-36,0.218,0.767,0.708,2.6e-32,"SRSF5"
"LMAN2",1.41e-36,0.327,0.565,0.489,2.62e-32,"LMAN2"
"SH3GLB1",1.45e-36,-1.16,0.049,0.097,2.7e-32,"SH3GLB1"
"STAM",1.52e-36,0.334,0.625,0.559,2.82e-32,"STAM"
"HIP1",1.62e-36,0.294,0.716,0.662,3.02e-32,"HIP1"
"KDM2A",1.66e-36,0.177,0.784,0.728,3.09e-32,"KDM2A"
"PPP4R3A",1.74e-36,0.256,0.705,0.644,3.24e-32,"PPP4R3A"
"MFF",1.82e-36,0.229,0.797,0.749,3.38e-32,"MFF"
"FAM222B",1.9e-36,0.237,0.741,0.683,3.54e-32,"FAM222B"
"MCTS1",2.12e-36,0.277,0.771,0.715,3.94e-32,"MCTS1"
"SCRT2",2.23e-36,0.437,0.411,0.331,4.15e-32,"SCRT2"
"JPH4",2.28e-36,0.201,0.781,0.715,4.25e-32,"JPH4"
"PMVK",2.47e-36,0.322,0.635,0.574,4.6e-32,"PMVK"
"BCL2",2.62e-36,0.318,0.779,0.755,4.88e-32,"BCL2"
"PDE6D",2.7e-36,0.294,0.627,0.56,5.02e-32,"PDE6D"
"ANP32E",2.72e-36,0.206,0.543,0.456,5.07e-32,"ANP32E"
"GPRIN3",2.79e-36,-1.578,0.048,0.096,5.2e-32,"GPRIN3"
"CDH12",2.8e-36,-1.202,0.222,0.3,5.21e-32,"CDH12"
"USP46",3.07e-36,0.301,0.647,0.581,5.71e-32,"USP46"
"CAMSAP1",3.12e-36,0.295,0.674,0.613,5.8e-32,"CAMSAP1"
"LEF1",3.42e-36,0.318,0.53,0.453,6.37e-32,"LEF1"
"ARL5A",3.8e-36,0.252,0.759,0.705,7.07e-32,"ARL5A"
"ACP1",3.91e-36,0.307,0.686,0.623,7.28e-32,"ACP1"
"VKORC1",3.95e-36,0.395,0.53,0.458,7.36e-32,"VKORC1"
"CSNK1G3",4.07e-36,0.232,0.734,0.674,7.58e-32,"CSNK1G3"
"FAM53B",4.15e-36,0.376,0.493,0.415,7.72e-32,"FAM53B"
"PRMT2",4.16e-36,0.147,0.907,0.873,7.74e-32,"PRMT2"
"WAC",4.23e-36,0.147,0.862,0.811,7.88e-32,"WAC"
"ASXL1",4.27e-36,0.172,0.812,0.762,7.95e-32,"ASXL1"
"STOML2",4.33e-36,0.353,0.55,0.476,8.07e-32,"STOML2"
"APH1A",4.62e-36,0.39,0.52,0.447,8.6e-32,"APH1A"
"CTNND1",4.63e-36,0.295,0.6,0.529,8.62e-32,"CTNND1"
"FADS2",5.38e-36,0.153,0.822,0.773,1e-31,"FADS2"
"NETO2",5.42e-36,0.252,0.85,0.803,1.01e-31,"NETO2"
"TCEAL8",5.67e-36,0.335,0.586,0.52,1.06e-31,"TCEAL8"
"ATP6V1E1",6.14e-36,0.357,0.566,0.495,1.14e-31,"ATP6V1E1"
"CDKN2AIPNL",6.71e-36,0.472,0.42,0.343,1.25e-31,"CDKN2AIPNL"
"AGAP3",7.03e-36,0.26,0.68,0.612,1.31e-31,"AGAP3"
"HIF1A",7.67e-36,0.22,0.782,0.728,1.43e-31,"HIF1A"
"IGFBP5",7.74e-36,-0.837,0.352,0.435,1.44e-31,"IGFBP5"
"LSM1",8.23e-36,0.351,0.591,0.525,1.53e-31,"LSM1"
"GRHPR",8.67e-36,0.363,0.566,0.496,1.61e-31,"GRHPR"
"TAF10",8.76e-36,0.37,0.575,0.506,1.63e-31,"TAF10"
"HDLBP",9.13e-36,0.244,0.711,0.647,1.7e-31,"HDLBP"
"PPP6R2",1.04e-35,0.211,0.756,0.69,1.94e-31,"PPP6R2"
"PKNOX1",1.06e-35,0.321,0.619,0.551,1.98e-31,"PKNOX1"
"SMC1A",1.14e-35,0.302,0.64,0.57,2.12e-31,"SMC1A"
"BNIP3L",1.23e-35,0.122,0.933,0.903,2.28e-31,"BNIP3L"
"MTHFD1L",1.24e-35,-0.861,0.137,0.206,2.3e-31,"MTHFD1L"
"SUMO3",1.27e-35,0.352,0.582,0.515,2.37e-31,"SUMO3"
"NUDC",1.31e-35,0.224,0.825,0.78,2.44e-31,"NUDC"
"SORBS2",1.33e-35,0.317,0.914,0.898,2.47e-31,"SORBS2"
"TMCC1",1.33e-35,0.122,0.921,0.893,2.47e-31,"TMCC1"
"SNRPD3",1.33e-35,0.344,0.573,0.505,2.48e-31,"SNRPD3"
"BTBD6",1.69e-35,0.437,0.427,0.35,3.14e-31,"BTBD6"
"RAP1A",1.82e-35,0.292,0.689,0.627,3.39e-31,"RAP1A"
"ANKRD46",1.88e-35,0.271,0.677,0.608,3.5e-31,"ANKRD46"
"WBP2",1.91e-35,0.369,0.555,0.485,3.55e-31,"WBP2"
"DDX49",1.92e-35,0.371,0.512,0.438,3.58e-31,"DDX49"
"CNIH2",1.97e-35,0.244,0.789,0.733,3.66e-31,"CNIH2"
"SLC1A2",2.03e-35,0.341,0.673,0.611,3.77e-31,"SLC1A2"
"CDK2AP1",2.14e-35,0.274,0.564,0.48,3.98e-31,"CDK2AP1"
"CIAPIN1",2.22e-35,0.356,0.567,0.499,4.13e-31,"CIAPIN1"
"COPB1",2.3e-35,0.255,0.707,0.643,4.27e-31,"COPB1"
"MAST1",2.39e-35,0.208,0.766,0.71,4.45e-31,"MAST1"
"LRRC4B",2.43e-35,0.239,0.646,0.572,4.51e-31,"LRRC4B"
"PCMT1",2.51e-35,0.214,0.845,0.808,4.68e-31,"PCMT1"
"KIF3B",2.55e-35,0.283,0.658,0.591,4.74e-31,"KIF3B"
"RPL26L1",2.63e-35,0.339,0.607,0.541,4.89e-31,"RPL26L1"
"MICU1",2.77e-35,0.161,0.832,0.782,5.15e-31,"MICU1"
"ANKRD28",2.8e-35,0.176,0.883,0.843,5.21e-31,"ANKRD28"
"KRT10",2.91e-35,0.275,0.721,0.658,5.41e-31,"KRT10"
"RBM18",2.91e-35,0.449,0.432,0.356,5.41e-31,"RBM18"
"ASXL3",3.12e-35,0.133,0.881,0.833,5.81e-31,"ASXL3"
"UBB",3.3e-35,0.407,0.708,0.681,6.15e-31,"UBB"
"ABHD16A",3.36e-35,0.405,0.489,0.416,6.25e-31,"ABHD16A"
"GABRB3",3.5e-35,0.175,0.856,0.809,6.51e-31,"GABRB3"
"KIAA1191",3.96e-35,0.32,0.597,0.522,7.36e-31,"KIAA1191"
"ASTN1",4.01e-35,0.143,0.838,0.785,7.46e-31,"ASTN1"
"EIF4H",4.1e-35,0.277,0.71,0.651,7.62e-31,"EIF4H"
"ESD",4.14e-35,0.274,0.754,0.702,7.7e-31,"ESD"
"CDKN2D",4.4e-35,0.192,0.857,0.802,8.19e-31,"CDKN2D"
"SMAD4",4.42e-35,0.227,0.728,0.67,8.23e-31,"SMAD4"
"MESD",4.49e-35,0.316,0.569,0.5,8.35e-31,"MESD"
"ADGRA3",4.59e-35,0.292,0.629,0.559,8.55e-31,"ADGRA3"
"TSPAN18",4.63e-35,0.263,0.72,0.674,8.61e-31,"TSPAN18"
"PDCD2",4.9e-35,0.355,0.573,0.501,9.12e-31,"PDCD2"
"DRG1",5.22e-35,0.259,0.639,0.572,9.71e-31,"DRG1"
"PEF1",5.39e-35,0.466,0.43,0.359,1e-30,"PEF1"
"DOCK3",5.47e-35,-0.638,0.717,0.773,1.02e-30,"DOCK3"
"GRIPAP1",6.03e-35,0.24,0.749,0.694,1.12e-30,"GRIPAP1"
"MRPL44",6.07e-35,0.4,0.513,0.446,1.13e-30,"MRPL44"
"ARL14EP",6.09e-35,0.375,0.541,0.472,1.13e-30,"ARL14EP"
"NFYB",6.52e-35,0.327,0.592,0.522,1.21e-30,"NFYB"
"MRPL12",6.59e-35,0.443,0.468,0.396,1.23e-30,"MRPL12"
"TP53I11",6.69e-35,0.327,0.616,0.552,1.25e-30,"TP53I11"
"GOLGA4",6.82e-35,0.181,0.839,0.802,1.27e-30,"GOLGA4"
"RAB12",7.32e-35,0.383,0.61,0.549,1.36e-30,"RAB12"
"FOXO6",7.8e-35,0.467,0.419,0.345,1.45e-30,"FOXO6"
"NAE1",8.08e-35,0.262,0.719,0.658,1.5e-30,"NAE1"
"SLC35B4",8.65e-35,0.349,0.546,0.473,1.61e-30,"SLC35B4"
"EAPP",8.77e-35,0.319,0.635,0.568,1.63e-30,"EAPP"
"FSD1",8.88e-35,0.289,0.66,0.594,1.65e-30,"FSD1"
"PWP1",8.94e-35,0.303,0.617,0.556,1.66e-30,"PWP1"
"GARS1",9.12e-35,0.245,0.709,0.646,1.7e-30,"GARS1"
"GPATCH2L",9.3e-35,0.187,0.836,0.789,1.73e-30,"GPATCH2L"
"JUN",9.43e-35,0.362,0.621,0.548,1.76e-30,"JUN"
"LMNB1",9.45e-35,0.196,0.658,0.581,1.76e-30,"LMNB1"
"NABP2",9.5e-35,0.418,0.421,0.345,1.77e-30,"NABP2"
"GTF2B",9.59e-35,0.339,0.586,0.521,1.78e-30,"GTF2B"
"POU3F4",9.72e-35,0.709,0.225,0.157,1.81e-30,"POU3F4"
"SNX3",1.05e-34,0.244,0.738,0.678,1.95e-30,"SNX3"
"RICTOR",1.07e-34,0.225,0.75,0.694,2e-30,"RICTOR"
"SLC8A3",1.08e-34,-1.266,0.055,0.104,2e-30,"SLC8A3"
"KIF21B",1.1e-34,0.252,0.712,0.651,2.05e-30,"KIF21B"
"RSL1D1",1.14e-34,0.289,0.618,0.548,2.13e-30,"RSL1D1"
"AMOTL1",1.28e-34,0.278,0.659,0.591,2.38e-30,"AMOTL1"
"CUL3",1.45e-34,0.163,0.854,0.807,2.7e-30,"CUL3"
"TMEM160",1.46e-34,0.275,0.698,0.64,2.71e-30,"TMEM160"
"THYN1",1.48e-34,0.381,0.55,0.484,2.76e-30,"THYN1"
"RNF146",1.52e-34,0.263,0.714,0.653,2.83e-30,"RNF146"
"SF1",1.56e-34,0.248,0.706,0.643,2.91e-30,"SF1"
"MAGI1",1.61e-34,-0.707,0.438,0.518,3e-30,"MAGI1"
"RABIF",1.63e-34,0.358,0.56,0.489,3.04e-30,"RABIF"
"PPP1R11",1.66e-34,0.409,0.515,0.444,3.09e-30,"PPP1R11"
"NEXMIF",1.77e-34,0.207,0.827,0.779,3.29e-30,"NEXMIF"
"MSANTD4",1.94e-34,0.379,0.504,0.427,3.61e-30,"MSANTD4"
"LRP1",2.01e-34,0.23,0.69,0.624,3.75e-30,"LRP1"
"MVB12B",2.03e-34,0.246,0.7,0.64,3.79e-30,"MVB12B"
"PCDH9",2.04e-34,0.183,0.949,0.935,3.79e-30,"PCDH9"
"MTFR1L",2.04e-34,0.446,0.454,0.384,3.8e-30,"MTFR1L"
"CSNK2A2",2.07e-34,0.302,0.567,0.492,3.86e-30,"CSNK2A2"
"NT5DC2",2.09e-34,0.323,0.58,0.508,3.89e-30,"NT5DC2"
"EPN2",2.13e-34,0.145,0.795,0.734,3.96e-30,"EPN2"
"SEPTIN5",2.14e-34,0.272,0.689,0.626,3.98e-30,"SEPTIN5"
"NT5C3A",2.4e-34,0.252,0.746,0.69,4.46e-30,"NT5C3A"
"HIVEP1",2.49e-34,0.352,0.52,0.444,4.64e-30,"HIVEP1"
"LSM14B",2.6e-34,0.351,0.517,0.442,4.84e-30,"LSM14B"
"CTNNBIP1",2.87e-34,0.362,0.524,0.454,5.34e-30,"CTNNBIP1"
"NOL4",2.9e-34,0.135,0.911,0.881,5.39e-30,"NOL4"
"RC3H1",2.92e-34,0.155,0.816,0.77,5.43e-30,"RC3H1"
"TBC1D5",3.12e-34,0.228,0.844,0.808,5.81e-30,"TBC1D5"
"METTL2A",3.24e-34,0.383,0.483,0.409,6.03e-30,"METTL2A"
"MRPL43",3.32e-34,0.32,0.62,0.554,6.18e-30,"MRPL43"
"RETREG2",3.41e-34,0.313,0.621,0.553,6.36e-30,"RETREG2"
"DDB1",3.42e-34,0.283,0.632,0.568,6.36e-30,"DDB1"
"MARK4",3.45e-34,0.296,0.612,0.547,6.42e-30,"MARK4"
"NELFE",3.86e-34,0.372,0.539,0.469,7.19e-30,"NELFE"
"LRRN1",3.93e-34,0.24,0.652,0.578,7.32e-30,"LRRN1"
"IFI27L2",3.98e-34,0.512,0.362,0.288,7.42e-30,"IFI27L2"
"PDIA3",4.06e-34,0.227,0.763,0.704,7.55e-30,"PDIA3"
"KLHL8",4.11e-34,0.318,0.641,0.58,7.64e-30,"KLHL8"
"SETD7",4.21e-34,0.468,0.488,0.411,7.84e-30,"SETD7"
"SMIM15",4.4e-34,0.363,0.528,0.458,8.19e-30,"SMIM15"
"USP7",4.72e-34,0.279,0.718,0.667,8.79e-30,"USP7"
"EMC10",5.2e-34,0.344,0.564,0.493,9.68e-30,"EMC10"
"EPM2AIP1",5.36e-34,0.242,0.711,0.647,9.98e-30,"EPM2AIP1"
"LRP6",5.66e-34,0.195,0.788,0.739,1.05e-29,"LRP6"
"FOXK2",6.52e-34,0.174,0.803,0.756,1.21e-29,"FOXK2"
"ABHD17B",6.97e-34,0.301,0.646,0.582,1.3e-29,"ABHD17B"
"CPT1C",7e-34,0.313,0.536,0.458,1.3e-29,"CPT1C"
"PLCL2",7.04e-34,0.192,0.769,0.72,1.31e-29,"PLCL2"
"RAB6A",7.07e-34,0.145,0.888,0.84,1.32e-29,"RAB6A"
"NECTIN2",7.3e-34,0.386,0.524,0.452,1.36e-29,"NECTIN2"
"PSMA2",7.57e-34,0.313,0.633,0.568,1.41e-29,"PSMA2"
"WDR1",7.79e-34,0.452,0.421,0.35,1.45e-29,"WDR1"
"GLI2",8.12e-34,0.337,0.424,0.342,1.51e-29,"GLI2"
"ANAPC5",8.22e-34,0.236,0.735,0.674,1.53e-29,"ANAPC5"
"UBQLN2",8.41e-34,0.352,0.509,0.441,1.56e-29,"UBQLN2"
"CNTN5",8.66e-34,0.683,0.322,0.248,1.61e-29,"CNTN5"
"C8orf82",9.34e-34,0.518,0.331,0.257,1.74e-29,"C8orf82"
"CSE1L",9.58e-34,0.263,0.657,0.597,1.78e-29,"CSE1L"
"GDE1",1.01e-33,0.416,0.482,0.413,1.87e-29,"GDE1"
"SMU1",1.04e-33,0.347,0.533,0.464,1.93e-29,"SMU1"
"CRK",1.08e-33,0.222,0.722,0.66,2.02e-29,"CRK"
"GRINA",1.19e-33,0.392,0.481,0.413,2.22e-29,"GRINA"
"CFAP20",1.29e-33,0.336,0.578,0.512,2.4e-29,"CFAP20"
"NAA15",1.4e-33,0.201,0.798,0.746,2.61e-29,"NAA15"
"DNAJC4",1.41e-33,0.588,0.32,0.249,2.63e-29,"DNAJC4"
"MFHAS1",1.41e-33,0.3,0.621,0.553,2.63e-29,"MFHAS1"
"NPSR1",1.43e-33,0.936,0.157,0.098,2.66e-29,"NPSR1"
"PPP4R1",1.45e-33,0.297,0.623,0.559,2.7e-29,"PPP4R1"
"TAX1BP1",1.53e-33,0.23,0.795,0.745,2.85e-29,"TAX1BP1"
"BCR",1.61e-33,0.27,0.609,0.537,2.99e-29,"BCR"
"TNKS",1.66e-33,0.115,0.899,0.859,3.09e-29,"TNKS"
"ACAT1",1.67e-33,0.296,0.653,0.593,3.1e-29,"ACAT1"
"CRIPT",1.67e-33,0.388,0.506,0.435,3.11e-29,"CRIPT"
"RBBP7",1.83e-33,0.257,0.689,0.623,3.41e-29,"RBBP7"
"RAB8A",2.06e-33,0.439,0.399,0.326,3.84e-29,"RAB8A"
"DEF8",2.08e-33,0.409,0.463,0.391,3.87e-29,"DEF8"
"GABRA2",2.09e-33,-0.733,0.248,0.326,3.9e-29,"GABRA2"
"SQSTM1",2.2e-33,0.266,0.656,0.592,4.09e-29,"SQSTM1"
"ROGDI",2.24e-33,0.381,0.51,0.437,4.17e-29,"ROGDI"
"BTBD7",2.29e-33,0.223,0.76,0.708,4.26e-29,"BTBD7"
"UBALD2",2.55e-33,0.382,0.493,0.423,4.75e-29,"UBALD2"
"EBPL",2.56e-33,0.371,0.547,0.478,4.76e-29,"EBPL"
"GPR137C",2.84e-33,0.286,0.793,0.753,5.29e-29,"GPR137C"
"SPG21",2.88e-33,0.357,0.544,0.478,5.37e-29,"SPG21"
"MAPK1IP1L",2.89e-33,0.238,0.702,0.635,5.38e-29,"MAPK1IP1L"
"STK40",3.19e-33,0.36,0.552,0.481,5.94e-29,"STK40"
"MYDGF",3.4e-33,0.337,0.555,0.484,6.32e-29,"MYDGF"
"MORC2",3.57e-33,0.31,0.544,0.471,6.65e-29,"MORC2"
"DYNC1I1",3.77e-33,-0.88,0.175,0.245,7.01e-29,"DYNC1I1"
"MRPL15",3.85e-33,0.386,0.513,0.442,7.16e-29,"MRPL15"
"POU3F2",4.23e-33,0.498,0.388,0.313,7.87e-29,"POU3F2"
"DDX18",4.49e-33,0.249,0.686,0.627,8.35e-29,"DDX18"
"PLOD2",5.27e-33,-1.199,0.072,0.124,9.81e-29,"PLOD2"
"LAMP1",5.68e-33,0.361,0.512,0.442,1.06e-28,"LAMP1"
"RBM4B",6.14e-33,0.312,0.56,0.489,1.14e-28,"RBM4B"
"IGSF1",6.16e-33,0.446,0.506,0.438,1.15e-28,"IGSF1"
"CDC42SE1",6.44e-33,0.267,0.594,0.519,1.2e-28,"CDC42SE1"
"DCUN1D5",6.87e-33,0.236,0.722,0.671,1.28e-28,"DCUN1D5"
"CHMP1A",7e-33,0.355,0.486,0.411,1.3e-28,"CHMP1A"
"CEP350",7.34e-33,0.216,0.727,0.67,1.37e-28,"CEP350"
"PANK3",7.51e-33,0.147,0.842,0.786,1.4e-28,"PANK3"
"INPP5F",9.84e-33,0.23,0.72,0.653,1.83e-28,"INPP5F"
"ATP6V1B2",9.85e-33,0.313,0.576,0.508,1.83e-28,"ATP6V1B2"
"FAM204A",1.01e-32,0.31,0.657,0.597,1.88e-28,"FAM204A"
"SLC25A36",1.05e-32,0.17,0.809,0.76,1.96e-28,"SLC25A36"
"ABI2",1.1e-32,0.105,0.936,0.902,2.04e-28,"ABI2"
"BCOR",1.1e-32,0.325,0.582,0.514,2.04e-28,"BCOR"
"MYO5A",1.16e-32,0.118,0.869,0.822,2.15e-28,"MYO5A"
"MLIP",1.17e-32,-1.922,0.077,0.129,2.17e-28,"MLIP"
"BCAS4",1.24e-32,0.485,0.33,0.256,2.3e-28,"BCAS4"
"MED13",1.31e-32,0.208,0.774,0.726,2.43e-28,"MED13"
"NT5C2",1.31e-32,0.222,0.76,0.711,2.44e-28,"NT5C2"
"CTSD",1.33e-32,0.432,0.426,0.357,2.48e-28,"CTSD"
"B4GALT5",1.37e-32,0.195,0.758,0.699,2.56e-28,"B4GALT5"
"MTFR1",1.38e-32,0.22,0.663,0.593,2.57e-28,"MTFR1"
"FAM117B",1.42e-32,0.151,0.871,0.83,2.64e-28,"FAM117B"
"EMC6",1.5e-32,0.299,0.54,0.467,2.79e-28,"EMC6"
"SLC38A1",1.6e-32,0.142,0.871,0.823,2.97e-28,"SLC38A1"
"DDT",1.65e-32,0.303,0.658,0.602,3.08e-28,"DDT"
"MAL2",1.73e-32,-1.732,0.032,0.071,3.23e-28,"MAL2"
"ENSG00000285920",1.74e-32,0.169,0.833,0.786,3.23e-28,"ENSG00000285920"
"BEX4",1.74e-32,0.177,0.891,0.855,3.24e-28,"BEX4"
"CHRDL1",1.76e-32,0.588,0.285,0.213,3.28e-28,"CHRDL1"
"HYAL2",1.77e-32,0.461,0.408,0.337,3.29e-28,"HYAL2"
"GLRX3",1.87e-32,0.292,0.601,0.538,3.48e-28,"GLRX3"
"CACNB3",1.97e-32,0.355,0.527,0.459,3.67e-28,"CACNB3"
"FAAP20",2.22e-32,0.311,0.617,0.555,4.14e-28,"FAAP20"
"AMOTL2",2.24e-32,0.477,0.404,0.335,4.17e-28,"AMOTL2"
"CNOT8",2.72e-32,0.326,0.555,0.485,5.06e-28,"CNOT8"
"HEXIM1",3e-32,0.431,0.418,0.347,5.58e-28,"HEXIM1"
"POU3F1",3.18e-32,0.468,0.384,0.308,5.92e-28,"POU3F1"
"RAD23B",3.23e-32,0.211,0.792,0.74,6.01e-28,"RAD23B"
"RIMKLB",3.24e-32,0.194,0.785,0.727,6.03e-28,"RIMKLB"
"SAMM50",3.42e-32,0.423,0.406,0.334,6.36e-28,"SAMM50"
"PFDN6",3.6e-32,0.373,0.505,0.438,6.7e-28,"PFDN6"
"TSN",3.74e-32,0.303,0.598,0.529,6.97e-28,"TSN"
"PPIG",3.98e-32,0.197,0.838,0.797,7.41e-28,"PPIG"
"MKNK2",4.02e-32,0.503,0.305,0.233,7.49e-28,"MKNK2"
"HUWE1",4.18e-32,0.151,0.808,0.758,7.77e-28,"HUWE1"
"CHCHD3",4.43e-32,0.181,0.834,0.791,8.25e-28,"CHCHD3"
"SUN2",4.44e-32,0.304,0.579,0.511,8.27e-28,"SUN2"
"FAM78B",4.5e-32,-0.844,0.125,0.188,8.37e-28,"FAM78B"
"HAUS1",4.51e-32,0.295,0.587,0.518,8.4e-28,"HAUS1"
"SGSM1",4.94e-32,-1.079,0.077,0.13,9.2e-28,"SGSM1"
"APRT",4.99e-32,0.419,0.478,0.41,9.29e-28,"APRT"
"CETN2",5.5e-32,0.361,0.508,0.436,1.02e-27,"CETN2"
"KDELR2",5.65e-32,0.337,0.516,0.445,1.05e-27,"KDELR2"
"WDR70",5.68e-32,0.204,0.798,0.743,1.06e-27,"WDR70"
"SNX2",6.26e-32,0.251,0.681,0.616,1.17e-27,"SNX2"
"ACBD3",6.27e-32,0.265,0.613,0.543,1.17e-27,"ACBD3"
"PPP2R2D",6.39e-32,0.27,0.652,0.594,1.19e-27,"PPP2R2D"
"HACD3",6.74e-32,0.188,0.831,0.791,1.25e-27,"HACD3"
"DNAAF9",7.52e-32,0.132,0.895,0.862,1.4e-27,"DNAAF9"
"NMNAT2",7.54e-32,0.146,0.854,0.809,1.4e-27,"NMNAT2"
"SNX4",7.63e-32,0.188,0.829,0.779,1.42e-27,"SNX4"
"TOMM5",7.64e-32,0.264,0.708,0.652,1.42e-27,"TOMM5"
"UBE2G2",7.76e-32,0.253,0.708,0.65,1.44e-27,"UBE2G2"
"KCTD12",7.87e-32,-1.205,0.05,0.095,1.47e-27,"KCTD12"
"SIGIRR",8.12e-32,0.518,0.323,0.252,1.51e-27,"SIGIRR"
"RFLNA",8.48e-32,0.372,0.529,0.458,1.58e-27,"RFLNA"
"FAT4",8.76e-32,0.153,0.873,0.837,1.63e-27,"FAT4"
"MORC3",9e-32,0.24,0.72,0.661,1.68e-27,"MORC3"
"PRDX4",9.21e-32,0.322,0.509,0.438,1.71e-27,"PRDX4"
"MANEAL",9.31e-32,0.364,0.506,0.433,1.73e-27,"MANEAL"
"DCTN1",9.39e-32,0.279,0.605,0.538,1.75e-27,"DCTN1"
"C19orf12",9.43e-32,0.429,0.501,0.436,1.75e-27,"C19orf12"
"TXN2",1.06e-31,0.35,0.556,0.492,1.96e-27,"TXN2"
"SYNCRIP",1.13e-31,0.288,0.605,0.541,2.1e-27,"SYNCRIP"
"DNAAF2",1.16e-31,0.337,0.462,0.392,2.16e-27,"DNAAF2"
"DCAF6",1.18e-31,0.224,0.751,0.699,2.2e-27,"DCAF6"
"IL1RAPL1",1.23e-31,0.17,0.871,0.851,2.29e-27,"IL1RAPL1"
"SCAF11",1.26e-31,0.225,0.572,0.506,2.35e-27,"SCAF11"
"HSF2",1.28e-31,0.283,0.638,0.582,2.37e-27,"HSF2"
"HSPBP1",1.41e-31,0.449,0.4,0.328,2.63e-27,"HSPBP1"
"PTPN6",1.51e-31,0.375,0.397,0.323,2.81e-27,"PTPN6"
"ZNF43",1.56e-31,0.271,0.588,0.52,2.91e-27,"ZNF43"
"SHANK2",1.59e-31,0.116,0.892,0.854,2.96e-27,"SHANK2"
"RFX7",1.71e-31,0.212,0.825,0.798,3.19e-27,"RFX7"
"PEG3",1.75e-31,-0.744,0.104,0.162,3.26e-27,"PEG3"
"NSMF",1.79e-31,0.354,0.551,0.483,3.33e-27,"NSMF"
"SLC25A1",1.84e-31,0.352,0.559,0.498,3.43e-27,"SLC25A1"
"FRAS1",1.86e-31,-1.09,0.087,0.141,3.46e-27,"FRAS1"
"CEP57",1.98e-31,0.178,0.851,0.811,3.68e-27,"CEP57"
"DLGAP2",2.01e-31,-0.355,0.385,0.475,3.75e-27,"DLGAP2"
"AP3D1",2.02e-31,0.307,0.544,0.474,3.77e-27,"AP3D1"
"YTHDF1",2.05e-31,0.422,0.423,0.356,3.81e-27,"YTHDF1"
"ATP6V1A",2.29e-31,0.253,0.713,0.658,4.27e-27,"ATP6V1A"
"REST",2.33e-31,0.331,0.561,0.491,4.33e-27,"REST"
"TRAK1",2.36e-31,0.18,0.822,0.769,4.39e-27,"TRAK1"
"SMNDC1",2.39e-31,0.348,0.522,0.455,4.45e-27,"SMNDC1"
"ZNF737",2.68e-31,0.306,0.59,0.528,4.99e-27,"ZNF737"
"RBBP5",2.74e-31,0.307,0.513,0.437,5.1e-27,"RBBP5"
"SEPTIN6",2.74e-31,0.406,0.523,0.455,5.1e-27,"SEPTIN6"
"NOC2L",2.85e-31,0.387,0.468,0.397,5.3e-27,"NOC2L"
"IRGQ",2.98e-31,0.304,0.534,0.461,5.54e-27,"IRGQ"
"MRPL34",3.11e-31,0.368,0.49,0.422,5.79e-27,"MRPL34"
"ACO2",3.3e-31,0.223,0.678,0.615,6.14e-27,"ACO2"
"PCNP",3.65e-31,0.238,0.756,0.705,6.79e-27,"PCNP"
"REEP2",3.99e-31,0.301,0.552,0.483,7.42e-27,"REEP2"
"PPP1R12A",4.17e-31,0.159,0.861,0.823,7.76e-27,"PPP1R12A"
"CPNE1",4.24e-31,0.321,0.52,0.448,7.9e-27,"CPNE1"
"OGA",4.26e-31,0.17,0.837,0.796,7.92e-27,"OGA"
"NEUROD1",4.28e-31,0.601,0.311,0.242,7.96e-27,"NEUROD1"
"MARK2",4.3e-31,0.306,0.61,0.547,8.01e-27,"MARK2"
"FYTTD1",4.38e-31,0.284,0.674,0.62,8.15e-27,"FYTTD1"
"TRAPPC9",4.81e-31,0.171,0.807,0.756,8.95e-27,"TRAPPC9"
"ARHGAP32",4.93e-31,0.115,0.898,0.857,9.18e-27,"ARHGAP32"
"RDH11",5.01e-31,0.21,0.804,0.767,9.33e-27,"RDH11"
"AHCYL1",5.21e-31,0.285,0.671,0.615,9.69e-27,"AHCYL1"
"SEC11A",5.35e-31,0.231,0.738,0.682,9.97e-27,"SEC11A"
"SRSF6",5.5e-31,0.325,0.573,0.509,1.02e-26,"SRSF6"
"NDUFV3",5.57e-31,0.285,0.633,0.572,1.04e-26,"NDUFV3"
"TTL",5.77e-31,0.237,0.666,0.605,1.07e-26,"TTL"
"ATP6V1H",6e-31,0.226,0.714,0.658,1.12e-26,"ATP6V1H"
"ACOX1",6.05e-31,0.34,0.508,0.439,1.13e-26,"ACOX1"
"DUSP1",6.61e-31,0.428,0.444,0.378,1.23e-26,"DUSP1"
"KANSL1L",6.62e-31,0.159,0.809,0.768,1.23e-26,"KANSL1L"
"FSIP2",6.89e-31,0.393,0.575,0.514,1.28e-26,"FSIP2"
"SUPT6H",7e-31,0.347,0.513,0.444,1.3e-26,"SUPT6H"
"ELMOD1",7.04e-31,-2.19,0.013,0.041,1.31e-26,"ELMOD1"
"CHD1",7.27e-31,0.202,0.693,0.629,1.35e-26,"CHD1"
"BACE2",7.46e-31,-1.31,0.053,0.097,1.39e-26,"BACE2"
"TXNIP",7.5e-31,0.213,0.878,0.842,1.4e-26,"TXNIP"
"RPRM",7.64e-31,-1.139,0.057,0.104,1.42e-26,"RPRM"
"IDH2",7.84e-31,0.252,0.68,0.624,1.46e-26,"IDH2"
"KCNMB4",7.92e-31,0.284,0.699,0.64,1.47e-26,"KCNMB4"
"SRRT",8.26e-31,0.315,0.519,0.45,1.54e-26,"SRRT"
"JAGN1",8.27e-31,0.456,0.405,0.339,1.54e-26,"JAGN1"
"GTDC1",8.55e-31,0.208,0.796,0.758,1.59e-26,"GTDC1"
"CD99L2",9.33e-31,0.269,0.61,0.542,1.74e-26,"CD99L2"
"MT-TP",9.52e-31,0.725,0.176,0.117,1.77e-26,"MT-TP"
"AJAP1",9.69e-31,-1.301,0.032,0.069,1.8e-26,"AJAP1"
"RAB5A",1.01e-30,0.25,0.644,0.584,1.88e-26,"RAB5A"
"BLOC1S6",1.21e-30,0.246,0.691,0.626,2.25e-26,"BLOC1S6"
"USF2",1.26e-30,0.363,0.474,0.401,2.34e-26,"USF2"
"PRDM2",1.26e-30,0.168,0.805,0.758,2.34e-26,"PRDM2"
"EML1",1.27e-30,0.166,0.811,0.766,2.36e-26,"EML1"
"CDK16",1.29e-30,0.258,0.674,0.61,2.39e-26,"CDK16"
"GABPB1",1.34e-30,0.274,0.658,0.594,2.49e-26,"GABPB1"
"ATP6V0E1",1.4e-30,0.295,0.602,0.54,2.6e-26,"ATP6V0E1"
"MZT2A",1.49e-30,0.239,0.754,0.695,2.77e-26,"MZT2A"
"NTMT1",1.58e-30,0.421,0.404,0.336,2.94e-26,"NTMT1"
"FARP2",1.59e-30,0.322,0.527,0.461,2.97e-26,"FARP2"
"XKR4",1.69e-30,-0.84,0.359,0.434,3.14e-26,"XKR4"
"TP53RK",1.74e-30,0.359,0.524,0.46,3.24e-26,"TP53RK"
"CCDC82",1.77e-30,0.216,0.751,0.695,3.29e-26,"CCDC82"
"ZNF69",1.8e-30,0.265,0.619,0.549,3.34e-26,"ZNF69"
"MRAS",1.82e-30,0.352,0.494,0.422,3.39e-26,"MRAS"
"DCTN6",1.93e-30,0.271,0.615,0.555,3.59e-26,"DCTN6"
"SLC35F1",1.95e-30,-0.617,0.223,0.297,3.63e-26,"SLC35F1"
"C7orf50",2.01e-30,0.263,0.722,0.675,3.74e-26,"C7orf50"
"BAIAP2",2.1e-30,0.363,0.505,0.436,3.9e-26,"BAIAP2"
"WNT2B",2.18e-30,0.373,0.516,0.445,4.06e-26,"WNT2B"
"SLC25A39",2.21e-30,0.406,0.435,0.366,4.12e-26,"SLC25A39"
"ALDH3A2",2.42e-30,0.366,0.465,0.392,4.51e-26,"ALDH3A2"
"SELENOT",2.49e-30,0.322,0.606,0.552,4.64e-26,"SELENOT"
"LRRC42",2.53e-30,0.401,0.478,0.414,4.71e-26,"LRRC42"
"GABRB2",2.67e-30,-0.578,0.334,0.41,4.98e-26,"GABRB2"
"PSMD12",2.72e-30,0.269,0.632,0.578,5.06e-26,"PSMD12"
"NUDT4",2.72e-30,0.305,0.528,0.46,5.07e-26,"NUDT4"
"HOOK3",2.82e-30,0.17,0.849,0.815,5.25e-26,"HOOK3"
"EXTL3",2.91e-30,0.302,0.587,0.523,5.42e-26,"EXTL3"
"DCLK2",3.03e-30,0.178,0.79,0.746,5.65e-26,"DCLK2"
"ZRANB1",3.09e-30,0.297,0.555,0.486,5.76e-26,"ZRANB1"
"PGBD5",3.19e-30,0.357,0.469,0.397,5.95e-26,"PGBD5"
"USO1",3.9e-30,0.223,0.674,0.615,7.26e-26,"USO1"
"MAGEH1",4.01e-30,0.304,0.608,0.545,7.47e-26,"MAGEH1"
"PRCC",4.02e-30,0.312,0.542,0.477,7.48e-26,"PRCC"
"USP5",4.02e-30,0.365,0.479,0.412,7.48e-26,"USP5"
"AZIN1",4.69e-30,0.253,0.68,0.619,8.72e-26,"AZIN1"
"TMEM165",4.84e-30,0.248,0.663,0.599,9.01e-26,"TMEM165"
"LZIC",5.05e-30,0.257,0.689,0.636,9.4e-26,"LZIC"
"C9orf78",5.07e-30,0.271,0.626,0.568,9.44e-26,"C9orf78"
"EIF4G1",5.19e-30,0.336,0.449,0.38,9.66e-26,"EIF4G1"
"PHACTR3",5.27e-30,0.182,0.77,0.711,9.81e-26,"PHACTR3"
"ISLR2",5.52e-30,0.37,0.37,0.297,1.03e-25,"ISLR2"
"PLAA",5.82e-30,0.302,0.529,0.46,1.08e-25,"PLAA"
"TMCO1",5.84e-30,0.269,0.665,0.605,1.09e-25,"TMCO1"
"SLC35B2",6.01e-30,0.543,0.317,0.25,1.12e-25,"SLC35B2"
"AGFG1",6.02e-30,0.212,0.721,0.665,1.12e-25,"AGFG1"
"COA1",6.2e-30,0.184,0.732,0.674,1.15e-25,"COA1"
"CXXC5",6.21e-30,0.442,0.393,0.325,1.16e-25,"CXXC5"
"WASL",6.29e-30,0.255,0.674,0.624,1.17e-25,"WASL"
"PRPF4B",6.45e-30,0.206,0.703,0.647,1.2e-25,"PRPF4B"
"NUDT11",6.5e-30,0.35,0.494,0.426,1.21e-25,"NUDT11"
"AHI1",6.6e-30,-0.803,0.186,0.253,1.23e-25,"AHI1"
"CSTB",6.97e-30,0.258,0.706,0.655,1.3e-25,"CSTB"
"EXOSC4",7.14e-30,0.428,0.428,0.361,1.33e-25,"EXOSC4"
"UNC5D",7.32e-30,0.5,0.293,0.224,1.36e-25,"UNC5D"
"ICA1",8.02e-30,-0.897,0.094,0.148,1.49e-25,"ICA1"
"EIF4A3",8.33e-30,0.275,0.646,0.586,1.55e-25,"EIF4A3"
"PSME3",8.51e-30,0.432,0.387,0.318,1.58e-25,"PSME3"
"CRIM1",9e-30,0.319,0.673,0.621,1.67e-25,"CRIM1"
"CLDND1",9.35e-30,0.336,0.531,0.469,1.74e-25,"CLDND1"
"ISCU",9.95e-30,0.294,0.574,0.511,1.85e-25,"ISCU"
"ORC4",1.01e-29,0.135,0.828,0.786,1.87e-25,"ORC4"
"FAM171B",1.04e-29,0.117,0.88,0.838,1.93e-25,"FAM171B"
"STRN4",1.05e-29,0.348,0.529,0.466,1.96e-25,"STRN4"
"SH3BGRL2",1.07e-29,0.384,0.412,0.34,1.99e-25,"SH3BGRL2"
"CDC37",1.13e-29,0.243,0.652,0.594,2.11e-25,"CDC37"
"PNPLA8",1.15e-29,0.241,0.69,0.631,2.15e-25,"PNPLA8"
"RNF20",1.18e-29,0.308,0.567,0.501,2.2e-25,"RNF20"
"PHYHIPL",1.21e-29,0.208,0.575,0.506,2.25e-25,"PHYHIPL"
"PTS",1.21e-29,0.268,0.656,0.598,2.25e-25,"PTS"
"ZNF532",1.22e-29,0.163,0.828,0.788,2.27e-25,"ZNF532"
"AHCYL2",1.24e-29,0.19,0.827,0.796,2.31e-25,"AHCYL2"
"SH3PXD2A",1.36e-29,0.236,0.66,0.6,2.53e-25,"SH3PXD2A"
"KCNIP1",1.4e-29,-0.991,0.073,0.122,2.6e-25,"KCNIP1"
"IMP3",1.47e-29,0.324,0.489,0.42,2.73e-25,"IMP3"
"EIF4E2",1.49e-29,0.331,0.515,0.447,2.77e-25,"EIF4E2"
"FAM110B",1.51e-29,0.178,0.801,0.756,2.81e-25,"FAM110B"
"PPP2R5C",1.51e-29,0.177,0.766,0.719,2.81e-25,"PPP2R5C"
"IL17RC",1.54e-29,0.837,0.125,0.074,2.86e-25,"IL17RC"
"TSTD2",1.63e-29,0.254,0.645,0.579,3.04e-25,"TSTD2"
"AGPAT1",1.66e-29,0.307,0.506,0.437,3.09e-25,"AGPAT1"
"TRMT10C",1.7e-29,0.321,0.576,0.513,3.17e-25,"TRMT10C"
"UBE2V2",1.71e-29,0.184,0.843,0.799,3.18e-25,"UBE2V2"
"MID1",1.78e-29,0.167,0.77,0.72,3.32e-25,"MID1"
"YIF1A",1.79e-29,0.448,0.416,0.35,3.33e-25,"YIF1A"
"EMX2",1.82e-29,0.355,0.353,0.279,3.38e-25,"EMX2"
"RAB28",1.86e-29,0.297,0.697,0.655,3.45e-25,"RAB28"
"AKR7A2",1.87e-29,0.389,0.448,0.38,3.48e-25,"AKR7A2"
"SEPHS2",1.87e-29,0.361,0.455,0.385,3.49e-25,"SEPHS2"
"SLC4A8",1.89e-29,0.244,0.615,0.551,3.51e-25,"SLC4A8"
"ADRA2A",1.91e-29,0.562,0.384,0.317,3.56e-25,"ADRA2A"
"MTIF3",1.92e-29,0.343,0.564,0.503,3.56e-25,"MTIF3"
"ACTR1B",1.96e-29,0.31,0.474,0.403,3.65e-25,"ACTR1B"
"TSR3",1.97e-29,0.31,0.552,0.487,3.67e-25,"TSR3"
"POLR2C",1.97e-29,0.401,0.451,0.386,3.67e-25,"POLR2C"
"POGK",2.07e-29,0.32,0.563,0.5,3.86e-25,"POGK"
"PITPNB",2.1e-29,0.217,0.714,0.662,3.9e-25,"PITPNB"
"DENND4C",2.12e-29,0.181,0.779,0.729,3.95e-25,"DENND4C"
"MAGI2",2.13e-29,0.137,0.93,0.921,3.96e-25,"MAGI2"
"IMMT",2.14e-29,0.269,0.616,0.557,3.98e-25,"IMMT"
"RNF41",2.31e-29,0.363,0.458,0.386,4.3e-25,"RNF41"
"ADIPOR2",2.51e-29,0.26,0.646,0.584,4.68e-25,"ADIPOR2"
"EDIL3",2.51e-29,0.404,0.51,0.443,4.68e-25,"EDIL3"
"TANK",2.57e-29,0.335,0.736,0.699,4.78e-25,"TANK"
"STT3B",2.63e-29,0.195,0.768,0.721,4.89e-25,"STT3B"
"LUC7L2",2.73e-29,0.333,0.512,0.449,5.07e-25,"LUC7L2"
"RAD50",2.75e-29,0.268,0.702,0.652,5.12e-25,"RAD50"
"TMEM50A",2.76e-29,0.226,0.77,0.717,5.13e-25,"TMEM50A"
"RBM27",2.85e-29,0.253,0.645,0.582,5.31e-25,"RBM27"
"CAPZA1",3.14e-29,0.253,0.681,0.628,5.84e-25,"CAPZA1"
"HCFC1",3.27e-29,0.344,0.448,0.381,6.09e-25,"HCFC1"
"GNA12",3.28e-29,0.233,0.648,0.589,6.1e-25,"GNA12"
"NUDT21",3.61e-29,0.26,0.617,0.554,6.71e-25,"NUDT21"
"ATF2",4.25e-29,0.175,0.786,0.742,7.9e-25,"ATF2"
"POU2F1",4.35e-29,0.165,0.868,0.84,8.09e-25,"POU2F1"
"ITPRIP",4.4e-29,0.576,0.247,0.182,8.18e-25,"ITPRIP"
"MED17",4.44e-29,0.301,0.595,0.53,8.27e-25,"MED17"
"VANGL2",4.66e-29,0.319,0.504,0.438,8.67e-25,"VANGL2"
"ZNF397",4.66e-29,0.225,0.695,0.636,8.67e-25,"ZNF397"
"CHRM3",4.77e-29,-2.248,0.026,0.058,8.89e-25,"CHRM3"
"LUZP1",5.02e-29,0.297,0.569,0.508,9.35e-25,"LUZP1"
"GRN",5.06e-29,0.46,0.34,0.274,9.42e-25,"GRN"
"TMED4",5.41e-29,0.354,0.503,0.442,1.01e-24,"TMED4"
"LYPD1",5.59e-29,0.641,0.261,0.195,1.04e-24,"LYPD1"
"GNAL",5.69e-29,-0.601,0.362,0.433,1.06e-24,"GNAL"
"KIAA1586",5.95e-29,0.311,0.598,0.543,1.11e-24,"KIAA1586"
"SS18L1",5.95e-29,0.298,0.512,0.441,1.11e-24,"SS18L1"
"RAP2B",5.97e-29,0.381,0.387,0.316,1.11e-24,"RAP2B"
"TMEM151B",6.29e-29,0.244,0.576,0.503,1.17e-24,"TMEM151B"
"TMEM199",6.67e-29,0.46,0.364,0.298,1.24e-24,"TMEM199"
"UBE2E1",6.85e-29,0.2,0.735,0.682,1.27e-24,"UBE2E1"
"MARCHF4",7.83e-29,-0.925,0.209,0.273,1.46e-24,"MARCHF4"
"SSBP4",8.12e-29,0.254,0.683,0.626,1.51e-24,"SSBP4"
"MTAP",8.15e-29,0.44,0.386,0.315,1.52e-24,"MTAP"
"CLNS1A",8.19e-29,0.196,0.76,0.71,1.52e-24,"CLNS1A"
"GPR139",8.2e-29,-1.166,0.041,0.08,1.53e-24,"GPR139"
"PRKCZ",8.34e-29,0.323,0.502,0.436,1.55e-24,"PRKCZ"
"CKAP4",8.53e-29,0.351,0.528,0.47,1.59e-24,"CKAP4"
"FLRT3",8.68e-29,0.494,0.349,0.28,1.61e-24,"FLRT3"
"FRMPD4",9.82e-29,-1.309,0.061,0.107,1.83e-24,"FRMPD4"
"DCAF10",9.92e-29,0.182,0.755,0.699,1.85e-24,"DCAF10"
"MSANTD3",1.06e-28,0.279,0.637,0.583,1.96e-24,"MSANTD3"
"NRIP1",1.08e-28,0.245,0.698,0.647,2.01e-24,"NRIP1"
"VPS26B",1.09e-28,0.314,0.544,0.483,2.02e-24,"VPS26B"
"CD151",1.1e-28,0.374,0.415,0.346,2.04e-24,"CD151"
"ATP6AP2",1.13e-28,0.185,0.874,0.839,2.1e-24,"ATP6AP2"
"OTUD5",1.27e-28,0.33,0.54,0.478,2.36e-24,"OTUD5"
"CDK13",1.29e-28,0.124,0.842,0.803,2.4e-24,"CDK13"
"WDR26",1.37e-28,0.269,0.627,0.563,2.54e-24,"WDR26"
"APPBP2",1.43e-28,0.229,0.713,0.664,2.67e-24,"APPBP2"
"COPS4",1.49e-28,0.287,0.592,0.53,2.77e-24,"COPS4"
"KHSRP",1.5e-28,0.276,0.552,0.484,2.79e-24,"KHSRP"
"DAZAP2",1.51e-28,0.333,0.551,0.489,2.81e-24,"DAZAP2"
"CYRIB",1.52e-28,0.161,0.846,0.815,2.82e-24,"CYRIB"
"WDR6",1.61e-28,0.313,0.486,0.417,3e-24,"WDR6"
"MCPH1",1.62e-28,0.199,0.696,0.641,3.01e-24,"MCPH1"
"LIMK1",1.64e-28,0.38,0.421,0.352,3.05e-24,"LIMK1"
"NDUFS1",1.71e-28,0.163,0.795,0.751,3.18e-24,"NDUFS1"
"GLOD4",1.72e-28,0.266,0.627,0.567,3.2e-24,"GLOD4"
"C18orf32",1.75e-28,0.373,0.414,0.344,3.25e-24,"C18orf32"
"TNS3",1.8e-28,-1.309,0.028,0.062,3.35e-24,"TNS3"
"B4GALNT1",1.82e-28,0.346,0.442,0.372,3.38e-24,"B4GALNT1"
"ARRB2",1.94e-28,0.397,0.431,0.365,3.6e-24,"ARRB2"
"PPP3R1",2.02e-28,0.186,0.728,0.678,3.76e-24,"PPP3R1"
"MLEC",2.02e-28,0.278,0.591,0.526,3.77e-24,"MLEC"
"MDM2",2.16e-28,0.193,0.562,0.503,4.03e-24,"MDM2"
"RNF216",2.18e-28,0.218,0.675,0.617,4.05e-24,"RNF216"
"ARHGEF9",2.23e-28,0.103,0.847,0.804,4.16e-24,"ARHGEF9"
"PPP3CB",2.24e-28,0.142,0.847,0.806,4.16e-24,"PPP3CB"
"CEP97",2.3e-28,0.251,0.613,0.551,4.29e-24,"CEP97"
"SIRT2",2.4e-28,0.321,0.54,0.479,4.47e-24,"SIRT2"
"ENSG00000271254",2.48e-28,0.404,0.339,0.27,4.62e-24,"ENSG00000271254"
"DYM",2.54e-28,0.164,0.816,0.765,4.73e-24,"DYM"
"NDN",2.67e-28,0.264,0.702,0.652,4.98e-24,"NDN"
"AUH",2.69e-28,0.216,0.721,0.672,5.01e-24,"AUH"
"ZNF354A",2.73e-28,0.338,0.478,0.412,5.07e-24,"ZNF354A"
"KIAA0319L",2.78e-28,0.203,0.739,0.691,5.18e-24,"KIAA0319L"
"TMEM43",2.84e-28,0.371,0.445,0.379,5.29e-24,"TMEM43"
"CHMP1B",2.87e-28,0.337,0.482,0.414,5.34e-24,"CHMP1B"
"ZNF35",3.02e-28,0.338,0.456,0.389,5.62e-24,"ZNF35"
"PRAF2",3.05e-28,0.457,0.386,0.324,5.68e-24,"PRAF2"
"ILKAP",3.33e-28,0.251,0.623,0.565,6.2e-24,"ILKAP"
"EXT1",3.43e-28,0.151,0.832,0.793,6.39e-24,"EXT1"
"RBBP6",3.48e-28,0.231,0.734,0.683,6.47e-24,"RBBP6"
"TPM1",3.48e-28,0.233,0.678,0.62,6.48e-24,"TPM1"
"NDST3",3.68e-28,0.661,0.276,0.209,6.86e-24,"NDST3"
"COPA",3.73e-28,0.211,0.749,0.704,6.94e-24,"COPA"
"NIN",3.8e-28,-0.659,0.475,0.539,7.08e-24,"NIN"
"CTDSP2",3.9e-28,0.367,0.4,0.331,7.26e-24,"CTDSP2"
"KIAA2026",3.94e-28,0.207,0.774,0.722,7.33e-24,"KIAA2026"
"ADIPOR1",3.95e-28,0.356,0.479,0.414,7.36e-24,"ADIPOR1"
"RNF34",4.03e-28,0.236,0.686,0.633,7.49e-24,"RNF34"
"SNAPC3",4.04e-28,0.224,0.689,0.633,7.51e-24,"SNAPC3"
"AATF",4.28e-28,0.321,0.525,0.463,7.97e-24,"AATF"
"DBI",4.35e-28,0.146,0.749,0.697,8.09e-24,"DBI"
"MPG",4.39e-28,0.379,0.451,0.387,8.17e-24,"MPG"
"SUCO",4.64e-28,0.207,0.673,0.615,8.63e-24,"SUCO"
"ATP6AP1",4.78e-28,0.301,0.609,0.557,8.89e-24,"ATP6AP1"
"SMAP1",5.42e-28,0.153,0.847,0.806,1.01e-23,"SMAP1"
"MRPL4",5.57e-28,0.385,0.444,0.383,1.04e-23,"MRPL4"
"PSENEN",5.83e-28,0.451,0.381,0.318,1.08e-23,"PSENEN"
"SNRNP35",6.02e-28,0.376,0.434,0.366,1.12e-23,"SNRNP35"
"XPO7",6.17e-28,0.248,0.616,0.554,1.15e-23,"XPO7"
"SNX7",6.29e-28,-0.923,0.092,0.144,1.17e-23,"SNX7"
"MPLKIP",6.32e-28,0.3,0.614,0.556,1.18e-23,"MPLKIP"
"PLCL1",6.37e-28,0.186,0.675,0.612,1.19e-23,"PLCL1"
"TMOD2",6.83e-28,0.154,0.815,0.77,1.27e-23,"TMOD2"
"SRA1",7.4e-28,0.31,0.566,0.506,1.38e-23,"SRA1"
"BRWD3",7.62e-28,0.23,0.621,0.56,1.42e-23,"BRWD3"
"RORA",8.33e-28,0.308,0.535,0.47,1.55e-23,"RORA"
"RBM42",8.7e-28,0.363,0.502,0.44,1.62e-23,"RBM42"
"CTSB",8.99e-28,0.337,0.482,0.413,1.67e-23,"CTSB"
"KCMF1",9.38e-28,0.196,0.742,0.69,1.75e-23,"KCMF1"
"ATE1",9.5e-28,0.188,0.703,0.646,1.77e-23,"ATE1"
"CFAP298",9.59e-28,0.353,0.527,0.466,1.79e-23,"CFAP298"
"TRPT1",9.86e-28,0.49,0.324,0.258,1.83e-23,"TRPT1"
"ASCL1",9.97e-28,0.444,0.359,0.292,1.85e-23,"ASCL1"
"PRR14",1.04e-27,0.444,0.377,0.312,1.93e-23,"PRR14"
"RAD54L2",1.07e-27,0.217,0.658,0.608,1.99e-23,"RAD54L2"
"GMEB1",1.08e-27,0.307,0.554,0.492,2.02e-23,"GMEB1"
"NDUFB5",1.19e-27,0.312,0.599,0.542,2.22e-23,"NDUFB5"
"ZNF232",1.28e-27,0.378,0.38,0.312,2.39e-23,"ZNF232"
"ENSA",1.29e-27,0.119,0.848,0.808,2.4e-23,"ENSA"
"MCOLN1",1.31e-27,0.414,0.384,0.316,2.44e-23,"MCOLN1"
"ZNF281",1.39e-27,0.298,0.545,0.479,2.59e-23,"ZNF281"
"ZFP64",1.41e-27,0.356,0.487,0.425,2.63e-23,"ZFP64"
"PRDM16",1.42e-27,0.254,0.304,0.233,2.64e-23,"PRDM16"
"ZNF160",1.47e-27,0.273,0.588,0.53,2.74e-23,"ZNF160"
"C2orf42",1.5e-27,0.376,0.433,0.367,2.8e-23,"C2orf42"
"FNBP4",1.55e-27,0.155,0.78,0.74,2.89e-23,"FNBP4"
"PTPN5",1.65e-27,-1.029,0.059,0.103,3.06e-23,"PTPN5"
"FAM13A",1.65e-27,0.169,0.724,0.668,3.08e-23,"FAM13A"
"ELAPOR2",1.67e-27,0.224,0.698,0.651,3.1e-23,"ELAPOR2"
"DUSP14",1.73e-27,0.466,0.344,0.28,3.23e-23,"DUSP14"
"LRRC59",1.74e-27,0.362,0.456,0.392,3.24e-23,"LRRC59"
"CEBPG",1.78e-27,0.377,0.429,0.364,3.32e-23,"CEBPG"
"CIAO1",1.82e-27,0.238,0.681,0.627,3.39e-23,"CIAO1"
"PGAM1",1.83e-27,0.152,0.775,0.717,3.41e-23,"PGAM1"
"NPTXR",1.88e-27,0.346,0.508,0.442,3.5e-23,"NPTXR"
"TCF20",1.88e-27,0.145,0.811,0.762,3.5e-23,"TCF20"
"MRPS36",1.88e-27,0.271,0.657,0.603,3.51e-23,"MRPS36"
"ZNF3",1.93e-27,0.344,0.509,0.448,3.6e-23,"ZNF3"
"IDH3B",1.95e-27,0.404,0.401,0.336,3.63e-23,"IDH3B"
"GRK2",1.95e-27,0.357,0.371,0.301,3.63e-23,"GRK2"
"PPP2CB",1.98e-27,0.184,0.787,0.748,3.69e-23,"PPP2CB"
"CRB1",1.99e-27,0.285,0.662,0.607,3.71e-23,"CRB1"
"SLIT1",2.01e-27,0.255,0.775,0.73,3.75e-23,"SLIT1"
"HMGCR",2.11e-27,0.147,0.922,0.895,3.92e-23,"HMGCR"
"TMEM97",2.14e-27,0.352,0.662,0.601,3.98e-23,"TMEM97"
"VCAN",2.15e-27,0.148,0.922,0.895,4e-23,"VCAN"
"RRP1B",2.35e-27,0.258,0.65,0.592,4.37e-23,"RRP1B"
"GP1BB",2.4e-27,0.305,0.492,0.423,4.47e-23,"GP1BB"
"SREK1",2.55e-27,0.248,0.671,0.62,4.74e-23,"SREK1"
"SEMA3A",2.62e-27,0.173,0.818,0.778,4.88e-23,"SEMA3A"
"LRCH3",2.67e-27,0.216,0.739,0.689,4.98e-23,"LRCH3"
"MAPKAP1",2.7e-27,0.223,0.688,0.631,5.03e-23,"MAPKAP1"
"CYBC1",2.75e-27,0.362,0.432,0.367,5.11e-23,"CYBC1"
"GHR",2.77e-27,-3.502,0.01,0.033,5.16e-23,"GHR"
"ASB3",2.89e-27,0.162,0.816,0.773,5.38e-23,"ASB3"
"DCAKD",3.06e-27,0.27,0.593,0.533,5.7e-23,"DCAKD"
"ZBED1",3.13e-27,0.484,0.306,0.241,5.83e-23,"ZBED1"
"TOLLIP",3.23e-27,0.443,0.389,0.325,6.01e-23,"TOLLIP"
"PYGB",3.49e-27,0.37,0.456,0.392,6.5e-23,"PYGB"
"ARPP19",3.63e-27,0.174,0.826,0.787,6.76e-23,"ARPP19"
"LSM5",3.66e-27,0.237,0.715,0.656,6.82e-23,"LSM5"
"TMED10",3.7e-27,0.267,0.632,0.576,6.88e-23,"TMED10"
"SELENOH",3.85e-27,0.35,0.477,0.411,7.16e-23,"SELENOH"
"SAMD4B",4.1e-27,0.284,0.577,0.517,7.64e-23,"SAMD4B"
"AP2A2",4.15e-27,0.226,0.621,0.555,7.73e-23,"AP2A2"
"DCTPP1",4.17e-27,0.396,0.45,0.39,7.76e-23,"DCTPP1"
"HDAC4",4.23e-27,0.218,0.629,0.567,7.88e-23,"HDAC4"
"HS3ST2",4.43e-27,-2.202,0.011,0.035,8.25e-23,"HS3ST2"
"ATXN2",4.48e-27,0.118,0.865,0.824,8.35e-23,"ATXN2"
"PDK1",4.62e-27,-1.162,0.135,0.191,8.6e-23,"PDK1"
"NXPH4",4.65e-27,0.729,0.213,0.154,8.66e-23,"NXPH4"
"UBN1",4.76e-27,0.271,0.539,0.475,8.85e-23,"UBN1"
"ADAMTS10",4.9e-27,0.265,0.599,0.539,9.12e-23,"ADAMTS10"
"MFAP1",5.54e-27,0.276,0.577,0.514,1.03e-22,"MFAP1"
"MTCL1",5.94e-27,0.386,0.416,0.347,1.11e-22,"MTCL1"
"PLEKHA3",5.98e-27,0.309,0.553,0.493,1.11e-22,"PLEKHA3"
"TCEAL3",6.07e-27,0.343,0.577,0.52,1.13e-22,"TCEAL3"
"SERP1",6.38e-27,0.197,0.718,0.66,1.19e-22,"SERP1"
"MALRD1",6.43e-27,-1.431,0.045,0.084,1.2e-22,"MALRD1"
"UBE2J2",6.66e-27,0.336,0.496,0.435,1.24e-22,"UBE2J2"
"LRP5",6.73e-27,0.399,0.378,0.309,1.25e-22,"LRP5"
"GPSM1",6.74e-27,0.404,0.422,0.362,1.26e-22,"GPSM1"
"TPRKB",7.15e-27,0.264,0.586,0.524,1.33e-22,"TPRKB"
"VSTM2B",7.18e-27,-1.246,0.036,0.071,1.34e-22,"VSTM2B"
"DLL1",7.5e-27,0.331,0.49,0.425,1.4e-22,"DLL1"
"PRKAR1B",7.55e-27,0.419,0.368,0.302,1.4e-22,"PRKAR1B"
"PAQR3",7.71e-27,0.317,0.495,0.429,1.43e-22,"PAQR3"
"SLU7",7.71e-27,0.333,0.483,0.422,1.44e-22,"SLU7"
"PLRG1",8.15e-27,0.345,0.498,0.441,1.52e-22,"PLRG1"
"AAAS",8.41e-27,0.43,0.373,0.308,1.57e-22,"AAAS"
"LDLR",8.41e-27,0.273,0.594,0.532,1.57e-22,"LDLR"
"PNKD",8.9e-27,0.362,0.474,0.416,1.66e-22,"PNKD"
"DHX29",9.01e-27,0.226,0.708,0.652,1.68e-22,"DHX29"
"UBXN2A",9.47e-27,0.199,0.757,0.712,1.76e-22,"UBXN2A"
"FRG1",9.57e-27,0.337,0.531,0.474,1.78e-22,"FRG1"
"SDK1",1.03e-26,0.26,0.886,0.878,1.91e-22,"SDK1"
"RCC2",1.04e-26,0.328,0.457,0.392,1.93e-22,"RCC2"
"KIAA1549",1.05e-26,0.164,0.805,0.758,1.95e-22,"KIAA1549"
"LRTM2",1.06e-26,0.501,0.271,0.208,1.98e-22,"LRTM2"
"HBS1L",1.14e-26,0.218,0.644,0.581,2.12e-22,"HBS1L"
"TOMM40",1.15e-26,0.29,0.551,0.491,2.13e-22,"TOMM40"
"CHCHD6",1.15e-26,0.181,0.782,0.74,2.14e-22,"CHCHD6"
"ARIH2",1.17e-26,0.243,0.662,0.604,2.18e-22,"ARIH2"
"WASF3",1.18e-26,0.204,0.77,0.725,2.19e-22,"WASF3"
"ARSF",1.18e-26,1.103,0.094,0.052,2.19e-22,"ARSF"
"DLD",1.21e-26,0.309,0.511,0.45,2.25e-22,"DLD"
"VEGFA",1.24e-26,-0.908,0.157,0.216,2.31e-22,"VEGFA"
"SMG6",1.27e-26,0.185,0.74,0.689,2.37e-22,"SMG6"
"HNRNPLL",1.31e-26,0.225,0.671,0.615,2.43e-22,"HNRNPLL"
"LMO7",1.37e-26,-0.927,0.392,0.451,2.54e-22,"LMO7"
"SRI",1.37e-26,0.224,0.622,0.557,2.56e-22,"SRI"
"FAM168B",1.54e-26,0.227,0.678,0.624,2.87e-22,"FAM168B"
"MAEA",1.55e-26,0.338,0.469,0.404,2.88e-22,"MAEA"
"MED27",1.59e-26,0.202,0.744,0.694,2.96e-22,"MED27"
"CACYBP",1.6e-26,0.18,0.723,0.671,2.98e-22,"CACYBP"
"BUD23",1.6e-26,0.291,0.539,0.478,2.98e-22,"BUD23"
"PRPF31",1.63e-26,0.331,0.509,0.451,3.03e-22,"PRPF31"
"ZSCAN21",1.65e-26,0.385,0.371,0.307,3.06e-22,"ZSCAN21"
"TUBGCP2",1.66e-26,0.283,0.608,0.553,3.09e-22,"TUBGCP2"
"VPS37D",1.66e-26,0.355,0.466,0.404,3.09e-22,"VPS37D"
"KDM3B",1.76e-26,0.201,0.673,0.619,3.27e-22,"KDM3B"
"PPP2R2A",1.79e-26,0.178,0.682,0.619,3.33e-22,"PPP2R2A"
"SUSD4",1.79e-26,-0.797,0.096,0.147,3.33e-22,"SUSD4"
"TRIP11",1.84e-26,0.241,0.701,0.651,3.43e-22,"TRIP11"
"OPCML",1.94e-26,-0.975,0.311,0.382,3.61e-22,"OPCML"
"SAFB2",1.94e-26,0.27,0.566,0.504,3.61e-22,"SAFB2"
"LRRC41",1.95e-26,0.304,0.565,0.506,3.63e-22,"LRRC41"
"TRRAP",1.97e-26,0.214,0.682,0.626,3.67e-22,"TRRAP"
"HLA-A",2.3e-26,0.369,0.443,0.375,4.28e-22,"HLA-A"
"SDHC",2.33e-26,0.297,0.545,0.486,4.34e-22,"SDHC"
"SMIM10L1",2.49e-26,0.32,0.527,0.471,4.63e-22,"SMIM10L1"
"PHF3",2.58e-26,0.147,0.835,0.789,4.8e-22,"PHF3"
"MBOAT2",2.67e-26,0.106,0.879,0.844,4.97e-22,"MBOAT2"
"STAG2",2.71e-26,0.181,0.732,0.682,5.04e-22,"STAG2"
"MRPL23",2.96e-26,0.487,0.303,0.24,5.51e-22,"MRPL23"
"KDM2B",2.97e-26,0.237,0.667,0.612,5.53e-22,"KDM2B"
"RC3H2",3.19e-26,0.173,0.715,0.657,5.93e-22,"RC3H2"
"CTNNBL1",3.29e-26,0.25,0.572,0.507,6.13e-22,"CTNNBL1"
"PSMF1",3.31e-26,0.264,0.649,0.598,6.17e-22,"PSMF1"
"TIGAR",3.4e-26,0.289,0.573,0.511,6.33e-22,"TIGAR"
"KCNG1",3.43e-26,0.322,0.58,0.519,6.39e-22,"KCNG1"
"SH3GLB2",3.5e-26,0.385,0.415,0.349,6.52e-22,"SH3GLB2"
"BDP1",3.6e-26,0.132,0.843,0.797,6.71e-22,"BDP1"
"FBRSL1",3.68e-26,0.297,0.537,0.474,6.85e-22,"FBRSL1"
"ARFGEF3",3.74e-26,-0.525,0.44,0.51,6.97e-22,"ARFGEF3"
"PTPN1",3.79e-26,0.211,0.657,0.602,7.05e-22,"PTPN1"
"BCL2L1",4.09e-26,0.238,0.643,0.583,7.61e-22,"BCL2L1"
"FBXL14",4.12e-26,0.241,0.514,0.447,7.67e-22,"FBXL14"
"AP1AR",4.17e-26,0.223,0.607,0.546,7.76e-22,"AP1AR"
"ZNF626",4.23e-26,0.234,0.684,0.635,7.87e-22,"ZNF626"
"RBM41",4.3e-26,0.158,0.771,0.727,8.01e-22,"RBM41"
"ABL1",4.34e-26,0.226,0.692,0.639,8.08e-22,"ABL1"
"FAM217B",4.42e-26,0.295,0.618,0.559,8.22e-22,"FAM217B"
"DNMT1",4.43e-26,0.212,0.616,0.549,8.24e-22,"DNMT1"
"TOX3",4.51e-26,-0.38,0.378,0.458,8.39e-22,"TOX3"
"LONP2",4.65e-26,0.185,0.718,0.66,8.66e-22,"LONP2"
"SUSD6",4.73e-26,0.353,0.435,0.368,8.8e-22,"SUSD6"
"MYO18A",4.88e-26,0.344,0.429,0.365,9.08e-22,"MYO18A"
"PRR14L",4.89e-26,0.235,0.648,0.6,9.11e-22,"PRR14L"
"ZNF207",5.07e-26,0.164,0.77,0.723,9.44e-22,"ZNF207"
"SNRNP200",5.22e-26,0.226,0.625,0.569,9.71e-22,"SNRNP200"
"BTG2",5.24e-26,0.433,0.349,0.282,9.74e-22,"BTG2"
"SFSWAP",5.39e-26,0.253,0.646,0.597,1e-21,"SFSWAP"
"IPO5",5.42e-26,0.246,0.584,0.524,1.01e-21,"IPO5"
"SS18",5.47e-26,0.307,0.487,0.422,1.02e-21,"SS18"
"JAM3",5.61e-26,0.338,0.512,0.451,1.04e-21,"JAM3"
"C15orf61",5.7e-26,0.424,0.39,0.329,1.06e-21,"C15orf61"
"ACAA2",5.75e-26,0.452,0.339,0.276,1.07e-21,"ACAA2"
"NDUFAF2",5.88e-26,0.213,0.745,0.699,1.09e-21,"NDUFAF2"
"AP3S1",5.88e-26,0.18,0.795,0.748,1.09e-21,"AP3S1"
"MAP3K5",6.1e-26,-2.262,0.015,0.041,1.13e-21,"MAP3K5"
"SV2A",6.27e-26,0.216,0.649,0.589,1.17e-21,"SV2A"
"FAM229B",6.31e-26,0.317,0.534,0.479,1.17e-21,"FAM229B"
"UBE2A",6.52e-26,0.265,0.591,0.534,1.21e-21,"UBE2A"
"PCDHGB6",6.65e-26,0.402,0.444,0.382,1.24e-21,"PCDHGB6"
"DMAC1",7.05e-26,0.337,0.474,0.412,1.31e-21,"DMAC1"
"OPTN",7.12e-26,0.233,0.639,0.578,1.33e-21,"OPTN"
"RFX3",7.14e-26,0.109,0.904,0.872,1.33e-21,"RFX3"
"RUFY2",7.72e-26,0.161,0.811,0.767,1.44e-21,"RUFY2"
"TRDN",8.13e-26,-2.974,0.007,0.028,1.51e-21,"TRDN"
"TRAFD1",8.2e-26,0.377,0.406,0.342,1.53e-21,"TRAFD1"
"BTRC",8.3e-26,0.199,0.729,0.684,1.55e-21,"BTRC"
"ERVK3-1",8.31e-26,0.435,0.346,0.283,1.55e-21,"ERVK3-1"
"SDHB",8.39e-26,0.302,0.6,0.548,1.56e-21,"SDHB"
"UBAC1",8.4e-26,0.319,0.477,0.413,1.56e-21,"UBAC1"
"TCEAL5",8.63e-26,1.368,0.058,0.026,1.61e-21,"TCEAL5"
"PARP11",8.71e-26,0.285,0.556,0.499,1.62e-21,"PARP11"
"RAE1",8.78e-26,0.323,0.482,0.419,1.63e-21,"RAE1"
"ATP6V0A1",9.2e-26,0.236,0.696,0.649,1.71e-21,"ATP6V0A1"
"APIP",1.01e-25,0.22,0.611,0.552,1.88e-21,"APIP"
"CEP85L",1.05e-25,0.217,0.8,0.773,1.96e-21,"CEP85L"
"RLIM",1.08e-25,0.272,0.554,0.49,2.02e-21,"RLIM"
"LANCL1",1.1e-25,0.239,0.701,0.652,2.05e-21,"LANCL1"
"ZMYND11",1.13e-25,0.163,0.805,0.764,2.1e-21,"ZMYND11"
"SRPK1",1.13e-25,0.159,0.768,0.712,2.11e-21,"SRPK1"
"ATAD2B",1.17e-25,0.181,0.743,0.697,2.17e-21,"ATAD2B"
"TLK2",1.18e-25,0.191,0.69,0.636,2.19e-21,"TLK2"
"ZNF146",1.18e-25,0.186,0.733,0.687,2.19e-21,"ZNF146"
"ABHD14A",1.22e-25,0.408,0.418,0.357,2.27e-21,"ABHD14A"
"TAFA5",1.26e-25,0.255,0.612,0.562,2.34e-21,"TAFA5"
"SF3A3",1.27e-25,0.268,0.572,0.515,2.36e-21,"SF3A3"
"PDIA4",1.32e-25,0.322,0.432,0.366,2.46e-21,"PDIA4"
"GNL1",1.35e-25,0.305,0.5,0.433,2.5e-21,"GNL1"
"PHKB",1.42e-25,0.148,0.817,0.768,2.64e-21,"PHKB"
"PITPNA",1.48e-25,0.294,0.523,0.458,2.75e-21,"PITPNA"
"CORO1A",1.5e-25,0.393,0.42,0.359,2.8e-21,"CORO1A"
"DHCR24",1.53e-25,0.245,0.62,0.565,2.85e-21,"DHCR24"
"TXNDC16",1.56e-25,0.243,0.624,0.567,2.91e-21,"TXNDC16"
"UCP2",1.67e-25,0.44,0.372,0.311,3.1e-21,"UCP2"
"COX17",1.71e-25,0.364,0.467,0.404,3.18e-21,"COX17"
"PARD6A",1.72e-25,0.498,0.33,0.27,3.21e-21,"PARD6A"
"TMEM256",1.75e-25,0.377,0.461,0.402,3.26e-21,"TMEM256"
"RAB31",1.79e-25,0.675,0.269,0.209,3.33e-21,"RAB31"
"ZEB1",1.8e-25,0.232,0.549,0.48,3.34e-21,"ZEB1"
"VIM",1.8e-25,-0.653,0.561,0.617,3.36e-21,"VIM"
"SGCB",1.91e-25,0.325,0.535,0.478,3.55e-21,"SGCB"
"FZD2",1.91e-25,0.361,0.376,0.309,3.55e-21,"FZD2"
"HSD17B4",2.04e-25,0.266,0.599,0.548,3.79e-21,"HSD17B4"
"RBM26",2.07e-25,0.13,0.857,0.821,3.84e-21,"RBM26"
"QARS1",2.14e-25,0.451,0.341,0.279,3.98e-21,"QARS1"
"NSFL1C",2.21e-25,0.265,0.601,0.55,4.12e-21,"NSFL1C"
"MRPS11",2.28e-25,0.329,0.474,0.411,4.25e-21,"MRPS11"
"KARS1",2.32e-25,0.375,0.446,0.386,4.32e-21,"KARS1"
"ZNF664",2.37e-25,0.407,0.389,0.328,4.41e-21,"ZNF664"
"MYO9B",2.41e-25,0.236,0.624,0.568,4.48e-21,"MYO9B"
"KMT5A",2.42e-25,0.339,0.408,0.346,4.51e-21,"KMT5A"
"TMEM39B",2.43e-25,0.292,0.511,0.449,4.53e-21,"TMEM39B"
"PAN3",2.46e-25,0.135,0.767,0.717,4.57e-21,"PAN3"
"RUVBL2",2.61e-25,0.352,0.482,0.423,4.86e-21,"RUVBL2"
"AQR",2.7e-25,0.239,0.616,0.559,5.02e-21,"AQR"
"NFIL3",2.83e-25,0.277,0.581,0.527,5.26e-21,"NFIL3"
"ST3GAL2",2.83e-25,0.355,0.432,0.366,5.27e-21,"ST3GAL2"
"CYB5A",2.98e-25,0.276,0.565,0.506,5.54e-21,"CYB5A"
"FLOT2",3.02e-25,0.313,0.491,0.428,5.62e-21,"FLOT2"
"FXYD7",3.05e-25,-0.696,0.098,0.148,5.68e-21,"FXYD7"
"UFC1",3.07e-25,0.283,0.57,0.509,5.71e-21,"UFC1"
"KCND3",3.07e-25,0.386,0.388,0.326,5.72e-21,"KCND3"
"ANAPC15",3.08e-25,0.456,0.394,0.336,5.73e-21,"ANAPC15"
"ETF1",3.1e-25,0.333,0.44,0.375,5.77e-21,"ETF1"
"SRSF8",3.12e-25,0.315,0.48,0.416,5.81e-21,"SRSF8"
"KCNMA1",3.12e-25,-1.357,0.038,0.073,5.81e-21,"KCNMA1"
"DENND10",3.15e-25,0.266,0.648,0.597,5.87e-21,"DENND10"
"CERS5",3.27e-25,0.182,0.721,0.668,6.08e-21,"CERS5"
"STARD7",3.28e-25,0.263,0.574,0.513,6.1e-21,"STARD7"
"KDM7A",3.43e-25,0.371,0.412,0.346,6.38e-21,"KDM7A"
"RBM10",3.58e-25,0.299,0.49,0.431,6.67e-21,"RBM10"
"NFYC",3.64e-25,0.257,0.605,0.547,6.78e-21,"NFYC"
"ZNF583",3.72e-25,0.269,0.566,0.504,6.93e-21,"ZNF583"
"SEC13",3.88e-25,0.291,0.58,0.528,7.22e-21,"SEC13"
"TBC1D7",3.89e-25,0.264,0.576,0.517,7.25e-21,"TBC1D7"
"EP300",3.91e-25,0.162,0.722,0.664,7.28e-21,"EP300"
"FLAD1",3.93e-25,0.36,0.489,0.433,7.31e-21,"FLAD1"
"RPRD2",3.94e-25,0.162,0.783,0.739,7.33e-21,"RPRD2"
"BHLHE40",4.01e-25,-1.889,0.01,0.031,7.46e-21,"BHLHE40"
"C9orf72",4.09e-25,0.259,0.656,0.606,7.61e-21,"C9orf72"
"RIN2",4.26e-25,0.337,0.542,0.485,7.93e-21,"RIN2"
"DIPK1B",4.43e-25,0.294,0.555,0.495,8.24e-21,"DIPK1B"
"PLXNA3",4.43e-25,0.384,0.332,0.269,8.24e-21,"PLXNA3"
"STX12",4.43e-25,0.232,0.711,0.658,8.25e-21,"STX12"
"CNOT1",4.54e-25,0.18,0.576,0.511,8.45e-21,"CNOT1"
"PDE10A",4.55e-25,0.129,0.885,0.855,8.46e-21,"PDE10A"
"MKRN3",4.6e-25,0.251,0.587,0.527,8.57e-21,"MKRN3"
"JUP",4.7e-25,0.331,0.435,0.37,8.74e-21,"JUP"
"COA8",4.79e-25,0.306,0.514,0.453,8.92e-21,"COA8"
"GRIN2A",4.84e-25,-1.779,0.023,0.052,9.02e-21,"GRIN2A"
"RBM23",4.92e-25,0.274,0.531,0.471,9.15e-21,"RBM23"
"TIMP2",4.93e-25,0.216,0.605,0.548,9.17e-21,"TIMP2"
"PCDHGA10",4.95e-25,0.429,0.386,0.325,9.21e-21,"PCDHGA10"
"BLOC1S2",4.99e-25,0.284,0.585,0.529,9.28e-21,"BLOC1S2"
"FBXW5",5.11e-25,0.318,0.476,0.415,9.52e-21,"FBXW5"
"RNF150",5.2e-25,0.324,0.723,0.687,9.69e-21,"RNF150"
"MTHFD2L",5.24e-25,0.293,0.564,0.509,9.76e-21,"MTHFD2L"
"ENSG00000187186",5.65e-25,0.545,0.267,0.208,1.05e-20,"ENSG00000187186"
"PDHA1",5.66e-25,0.249,0.598,0.545,1.05e-20,"PDHA1"
"CISD1",5.85e-25,0.285,0.583,0.53,1.09e-20,"CISD1"
"RMND5A",5.86e-25,0.325,0.441,0.377,1.09e-20,"RMND5A"
"MTA1",5.99e-25,0.304,0.485,0.425,1.12e-20,"MTA1"
"TMEM203",6.35e-25,0.314,0.494,0.433,1.18e-20,"TMEM203"
"GNG10",6.47e-25,0.301,0.569,0.512,1.2e-20,"GNG10"
"TXNDC9",6.84e-25,0.353,0.468,0.413,1.27e-20,"TXNDC9"
"WDR20",6.98e-25,0.259,0.601,0.549,1.3e-20,"WDR20"
"PACRG",7.16e-25,-0.569,0.179,0.242,1.33e-20,"PACRG"
"CWC27",7.3e-25,0.205,0.758,0.726,1.36e-20,"CWC27"
"ZNF277",7.44e-25,0.291,0.605,0.552,1.38e-20,"ZNF277"
"KANSL2",7.44e-25,0.331,0.438,0.377,1.38e-20,"KANSL2"
"TANC1",7.67e-25,0.517,0.278,0.217,1.43e-20,"TANC1"
"GOLGA7",7.76e-25,0.273,0.579,0.516,1.44e-20,"GOLGA7"
"SELENOF",8.07e-25,0.242,0.636,0.585,1.5e-20,"SELENOF"
"MCM7",8.18e-25,0.286,0.428,0.36,1.52e-20,"MCM7"
"SFXN5",8.67e-25,0.183,0.373,0.307,1.61e-20,"SFXN5"
"OTUD7A",9.15e-25,0.216,0.669,0.612,1.7e-20,"OTUD7A"
"MAPK8IP2",9.45e-25,0.343,0.499,0.441,1.76e-20,"MAPK8IP2"
"ZFP14",9.51e-25,0.231,0.677,0.636,1.77e-20,"ZFP14"
"USP33",9.63e-25,0.137,0.846,0.801,1.79e-20,"USP33"
"USP8",9.74e-25,0.214,0.666,0.614,1.81e-20,"USP8"
"DERL1",9.94e-25,0.291,0.555,0.496,1.85e-20,"DERL1"
"FOCAD",1.05e-24,0.196,0.697,0.647,1.96e-20,"FOCAD"
"SEC14L1",1.06e-24,0.223,0.618,0.562,1.97e-20,"SEC14L1"
"RHOT1",1.13e-24,0.19,0.711,0.656,2.11e-20,"RHOT1"
"FANCF",1.16e-24,0.375,0.404,0.342,2.17e-20,"FANCF"
"CSK",1.17e-24,0.401,0.382,0.32,2.18e-20,"CSK"
"UHRF1BP1L",1.22e-24,0.303,0.543,0.486,2.27e-20,"UHRF1BP1L"
"HM13",1.27e-24,0.236,0.652,0.593,2.37e-20,"HM13"
"KCTD13",1.32e-24,0.372,0.454,0.394,2.46e-20,"KCTD13"
"GALNTL6",1.34e-24,-1.724,0.059,0.1,2.49e-20,"GALNTL6"
"CASC3",1.35e-24,0.24,0.577,0.514,2.51e-20,"CASC3"
"DNTTIP2",1.37e-24,0.34,0.471,0.414,2.54e-20,"DNTTIP2"
"BBC3",1.37e-24,0.508,0.292,0.233,2.55e-20,"BBC3"
"MRPS7",1.47e-24,0.297,0.552,0.497,2.75e-20,"MRPS7"
"ERLEC1",1.48e-24,0.29,0.541,0.486,2.76e-20,"ERLEC1"
"VDAC1",1.52e-24,0.162,0.837,0.798,2.84e-20,"VDAC1"
"NIFK",1.58e-24,0.3,0.566,0.514,2.95e-20,"NIFK"
"VASH2",1.62e-24,0.252,0.591,0.531,3.01e-20,"VASH2"
"SHF",1.65e-24,0.298,0.558,0.503,3.08e-20,"SHF"
"VPS4B",1.66e-24,0.253,0.58,0.521,3.09e-20,"VPS4B"
"ZSCAN9",1.66e-24,0.412,0.371,0.312,3.1e-20,"ZSCAN9"
"TET1",1.69e-24,0.186,0.64,0.589,3.14e-20,"TET1"
"HMGCLL1",1.71e-24,-0.697,0.149,0.207,3.17e-20,"HMGCLL1"
"CSAD",1.72e-24,0.173,0.769,0.719,3.21e-20,"CSAD"
"ZNF675",1.74e-24,0.221,0.621,0.561,3.25e-20,"ZNF675"
"UBAP2L",1.79e-24,0.249,0.619,0.571,3.32e-20,"UBAP2L"
"WNK2",1.83e-24,0.173,0.736,0.687,3.42e-20,"WNK2"
"FBXL18",1.86e-24,0.319,0.437,0.372,3.46e-20,"FBXL18"
"NUDT1",1.89e-24,0.344,0.479,0.421,3.52e-20,"NUDT1"
"YIPF4",2.02e-24,0.222,0.699,0.652,3.76e-20,"YIPF4"
"DCTN5",2.03e-24,0.218,0.661,0.606,3.77e-20,"DCTN5"
"TTC1",2.04e-24,0.231,0.643,0.593,3.8e-20,"TTC1"
"NRXN2",2.07e-24,0.171,0.721,0.663,3.85e-20,"NRXN2"
"DTX3",2.18e-24,0.294,0.532,0.476,4.06e-20,"DTX3"
"CDKL1",2.43e-24,0.239,0.634,0.582,4.53e-20,"CDKL1"
"WDR48",2.45e-24,0.223,0.622,0.568,4.57e-20,"WDR48"
"ACSL3",2.5e-24,0.135,0.835,0.791,4.66e-20,"ACSL3"
"ATN1",2.56e-24,0.177,0.691,0.633,4.76e-20,"ATN1"
"GTF2F2",2.82e-24,0.187,0.707,0.67,5.26e-20,"GTF2F2"
"DCK",3.02e-24,0.278,0.54,0.482,5.61e-20,"DCK"
"MAST2",3.05e-24,0.133,0.78,0.734,5.69e-20,"MAST2"
"PXYLP1",3.2e-24,0.301,0.513,0.455,5.95e-20,"PXYLP1"
"IPO7",3.39e-24,0.201,0.697,0.647,6.32e-20,"IPO7"
"MCU",3.41e-24,0.241,0.682,0.639,6.35e-20,"MCU"
"TAOK3",3.41e-24,0.18,0.799,0.76,6.35e-20,"TAOK3"
"THAP12",3.42e-24,0.27,0.575,0.517,6.37e-20,"THAP12"
"GNA13",3.51e-24,0.271,0.51,0.452,6.54e-20,"GNA13"
"LTBP4",3.78e-24,0.307,0.503,0.441,7.03e-20,"LTBP4"
"IER5",3.79e-24,0.339,0.387,0.324,7.05e-20,"IER5"
"GGPS1",3.83e-24,0.301,0.502,0.443,7.13e-20,"GGPS1"
"CDH10",4.23e-24,-0.854,0.177,0.237,7.87e-20,"CDH10"
"TBC1D10B",4.34e-24,0.438,0.352,0.292,8.09e-20,"TBC1D10B"
"RP9",4.45e-24,0.318,0.531,0.474,8.28e-20,"RP9"
"NAPB",4.47e-24,0.344,0.437,0.375,8.33e-20,"NAPB"
"SMIM7",4.47e-24,0.253,0.599,0.547,8.33e-20,"SMIM7"
"SENP5",4.58e-24,0.205,0.668,0.613,8.52e-20,"SENP5"
"RTCB",4.65e-24,0.287,0.565,0.506,8.66e-20,"RTCB"
"DIRAS1",4.8e-24,0.377,0.406,0.343,8.93e-20,"DIRAS1"
"TULP3",4.91e-24,0.261,0.581,0.517,9.14e-20,"TULP3"
"API5",5.14e-24,0.215,0.614,0.558,9.56e-20,"API5"
"ZFP30",5.55e-24,0.17,0.751,0.7,1.03e-19,"ZFP30"
"BSN",5.89e-24,0.269,0.498,0.432,1.1e-19,"BSN"
"HECTD1",6.01e-24,0.165,0.735,0.683,1.12e-19,"HECTD1"
"PRR12",6.31e-24,0.276,0.483,0.418,1.17e-19,"PRR12"
"NTRK2",6.48e-24,-0.791,0.181,0.238,1.21e-19,"NTRK2"
"NDUFAF3",6.67e-24,0.266,0.637,0.589,1.24e-19,"NDUFAF3"
"NOPCHAP1",6.73e-24,0.239,0.544,0.486,1.25e-19,"NOPCHAP1"
"PANX1",6.73e-24,0.418,0.365,0.304,1.25e-19,"PANX1"
"FUT8",6.95e-24,0.113,0.755,0.71,1.29e-19,"FUT8"
"SDHAF2",7.04e-24,0.44,0.337,0.279,1.31e-19,"SDHAF2"
"JMY",7.16e-24,0.249,0.591,0.536,1.33e-19,"JMY"
"RB1",7.19e-24,0.162,0.727,0.68,1.34e-19,"RB1"
"SNX17",7.53e-24,0.408,0.363,0.305,1.4e-19,"SNX17"
"VPS53",7.63e-24,0.155,0.705,0.648,1.42e-19,"VPS53"
"PAF1",7.65e-24,0.371,0.394,0.332,1.42e-19,"PAF1"
"PIK3CA",7.78e-24,0.147,0.744,0.694,1.45e-19,"PIK3CA"
"DCHS1",7.82e-24,0.275,0.487,0.423,1.46e-19,"DCHS1"
"PPP1R15B",8.03e-24,0.31,0.443,0.381,1.5e-19,"PPP1R15B"
"MT-TE",8.08e-24,0.824,0.116,0.072,1.5e-19,"MT-TE"
"YAF2",8.41e-24,0.172,0.698,0.656,1.56e-19,"YAF2"
"MICOS13",9.19e-24,0.359,0.5,0.44,1.71e-19,"MICOS13"
"VPS37A",1.06e-23,0.269,0.542,0.487,1.97e-19,"VPS37A"
"CCDC107",1.08e-23,0.267,0.592,0.543,2.02e-19,"CCDC107"
"SNRPA",1.08e-23,0.338,0.48,0.423,2.02e-19,"SNRPA"
"CSGALNACT1",1.09e-23,-1.032,0.042,0.078,2.04e-19,"CSGALNACT1"
"SNX27",1.1e-23,0.199,0.688,0.637,2.05e-19,"SNX27"
"GHITM",1.12e-23,0.212,0.729,0.682,2.08e-19,"GHITM"
"GOLPH3",1.22e-23,0.207,0.692,0.645,2.28e-19,"GOLPH3"
"HPF1",1.22e-23,0.2,0.692,0.641,2.28e-19,"HPF1"
"XIAP",1.28e-23,0.231,0.599,0.543,2.39e-19,"XIAP"
"NEUROG2",1.36e-23,0.147,0.457,0.396,2.53e-19,"NEUROG2"
"VMA21",1.41e-23,0.27,0.552,0.493,2.62e-19,"VMA21"
"EBP",1.47e-23,0.281,0.65,0.604,2.73e-19,"EBP"
"APEH",1.59e-23,0.486,0.294,0.237,2.96e-19,"APEH"
"CPSF3",1.6e-23,0.317,0.413,0.353,2.98e-19,"CPSF3"
"RUVBL1",1.65e-23,0.319,0.49,0.435,3.07e-19,"RUVBL1"
"PPHLN1",1.65e-23,0.162,0.771,0.726,3.08e-19,"PPHLN1"
"POLD2",1.73e-23,0.244,0.665,0.619,3.22e-19,"POLD2"
"CNP",1.76e-23,0.4,0.344,0.284,3.27e-19,"CNP"
"FIP1L1",1.77e-23,0.118,0.844,0.813,3.29e-19,"FIP1L1"
"KCNV1",1.81e-23,-1.04,0.039,0.073,3.37e-19,"KCNV1"
"BAG1",1.83e-23,0.292,0.526,0.467,3.4e-19,"BAG1"
"MRPS23",1.83e-23,0.284,0.524,0.468,3.4e-19,"MRPS23"
"CNTNAP4",1.84e-23,-0.638,0.085,0.131,3.42e-19,"CNTNAP4"
"NDUFA10",1.85e-23,0.213,0.682,0.63,3.43e-19,"NDUFA10"
"CEP76",1.86e-23,0.336,0.387,0.324,3.47e-19,"CEP76"
"NPTN",1.9e-23,0.129,0.707,0.646,3.54e-19,"NPTN"
"NR2C2",2.05e-23,0.192,0.717,0.666,3.82e-19,"NR2C2"
"IP6K1",2.14e-23,0.167,0.684,0.629,3.98e-19,"IP6K1"
"POR",2.17e-23,0.239,0.592,0.529,4.03e-19,"POR"
"CHGB",2.24e-23,0.276,0.556,0.493,4.17e-19,"CHGB"
"EPB41L3",2.36e-23,0.221,0.688,0.645,4.4e-19,"EPB41L3"
"CERT1",2.39e-23,0.151,0.728,0.676,4.44e-19,"CERT1"
"RANBP6",2.48e-23,0.355,0.429,0.371,4.61e-19,"RANBP6"
"GSPT2",2.53e-23,0.359,0.413,0.354,4.71e-19,"GSPT2"
"ASNS",2.54e-23,0.26,0.515,0.454,4.72e-19,"ASNS"
"COMMD5",2.57e-23,0.438,0.297,0.238,4.79e-19,"COMMD5"
"NAB1",2.62e-23,0.252,0.528,0.47,4.87e-19,"NAB1"
"TCEAL9",2.67e-23,0.225,0.66,0.609,4.97e-19,"TCEAL9"
"HES1",2.74e-23,-1.018,0.039,0.073,5.09e-19,"HES1"
"NLGN4X",2.78e-23,0.114,0.83,0.801,5.18e-19,"NLGN4X"
"TMEM33",2.8e-23,0.292,0.515,0.462,5.2e-19,"TMEM33"
"MTMR3",2.8e-23,0.125,0.766,0.722,5.21e-19,"MTMR3"
"PARP6",2.89e-23,0.293,0.548,0.496,5.38e-19,"PARP6"
"VARS1",2.96e-23,0.384,0.386,0.325,5.52e-19,"VARS1"
"CDC123",3.01e-23,0.221,0.687,0.639,5.6e-19,"CDC123"
"TRPS1",3.24e-23,-0.141,0.735,0.674,6.02e-19,"TRPS1"
"TMEM177",3.51e-23,0.407,0.367,0.309,6.53e-19,"TMEM177"
"IRF2BPL",3.55e-23,0.209,0.613,0.556,6.6e-19,"IRF2BPL"
"AKAP8L",3.79e-23,0.209,0.707,0.659,7.05e-19,"AKAP8L"
"ST8SIA1",4.01e-23,0.193,0.638,0.58,7.46e-19,"ST8SIA1"
"UROD",4.19e-23,0.471,0.307,0.25,7.8e-19,"UROD"
"MED28",4.31e-23,0.23,0.618,0.564,8.02e-19,"MED28"
"NAGK",4.89e-23,0.293,0.506,0.45,9.1e-19,"NAGK"
"ZSCAN18",5.1e-23,0.277,0.549,0.494,9.49e-19,"ZSCAN18"
"MRPL38",5.51e-23,0.364,0.453,0.399,1.03e-18,"MRPL38"
"SAMD5",5.52e-23,-1.663,0.011,0.032,1.03e-18,"SAMD5"
"AMZ2",5.68e-23,0.207,0.626,0.571,1.06e-18,"AMZ2"
"ZNF358",5.73e-23,0.349,0.457,0.401,1.07e-18,"ZNF358"
"USP16",5.82e-23,0.278,0.527,0.467,1.08e-18,"USP16"
"SLC27A4",5.99e-23,0.348,0.401,0.34,1.11e-18,"SLC27A4"
"CACFD1",6.01e-23,0.414,0.335,0.276,1.12e-18,"CACFD1"
"RAB5B",6.14e-23,0.267,0.536,0.482,1.14e-18,"RAB5B"
"ZBTB46",6.3e-23,0.409,0.297,0.236,1.17e-18,"ZBTB46"
"SOCS4",6.43e-23,0.314,0.445,0.386,1.2e-18,"SOCS4"
"DNM1L",6.48e-23,0.125,0.807,0.764,1.21e-18,"DNM1L"
"CDK11B",6.73e-23,0.316,0.448,0.388,1.25e-18,"CDK11B"
"PLPPR2",7.01e-23,0.302,0.512,0.451,1.3e-18,"PLPPR2"
"VGLL4",7.02e-23,0.134,0.812,0.77,1.31e-18,"VGLL4"
"ZNF738",7.19e-23,0.219,0.598,0.538,1.34e-18,"ZNF738"
"PDE2A",7.26e-23,0.33,0.458,0.401,1.35e-18,"PDE2A"
"PAXBP1",7.3e-23,0.151,0.743,0.694,1.36e-18,"PAXBP1"
"NIPA2",7.38e-23,0.307,0.466,0.406,1.37e-18,"NIPA2"
"MRPL57",7.43e-23,0.216,0.669,0.619,1.38e-18,"MRPL57"
"NAA60",7.7e-23,0.291,0.477,0.419,1.43e-18,"NAA60"
"CHID1",7.89e-23,0.362,0.445,0.39,1.47e-18,"CHID1"
"WDFY1",8.04e-23,0.237,0.628,0.575,1.5e-18,"WDFY1"
"GPC6",8.1e-23,-0.441,0.679,0.74,1.51e-18,"GPC6"
"CRTC1",8.17e-23,0.29,0.456,0.397,1.52e-18,"CRTC1"
"SDF2",8.66e-23,0.336,0.492,0.439,1.61e-18,"SDF2"
"PLPP5",9.23e-23,0.432,0.375,0.32,1.72e-18,"PLPP5"
"UBA3",9.78e-23,0.204,0.664,0.621,1.82e-18,"UBA3"
"ARHGEF11",9.84e-23,0.156,0.722,0.67,1.83e-18,"ARHGEF11"
"TRERF1",9.91e-23,0.254,0.589,0.538,1.85e-18,"TRERF1"
"PARD6G",1.02e-22,0.265,0.493,0.433,1.9e-18,"PARD6G"
"PPIL4",1.04e-22,0.215,0.673,0.62,1.93e-18,"PPIL4"
"NDUFA9",1.04e-22,0.279,0.57,0.521,1.93e-18,"NDUFA9"
"SUGT1",1.12e-22,0.208,0.689,0.643,2.08e-18,"SUGT1"
"MAPK7",1.13e-22,0.477,0.28,0.223,2.1e-18,"MAPK7"
"C6orf89",1.2e-22,0.215,0.517,0.452,2.23e-18,"C6orf89"
"RANBP9",1.23e-22,0.148,0.774,0.726,2.3e-18,"RANBP9"
"LIMS1",1.24e-22,0.226,0.638,0.591,2.3e-18,"LIMS1"
"FH",1.27e-22,0.34,0.467,0.412,2.36e-18,"FH"
"LRRN2",1.31e-22,0.298,0.443,0.38,2.44e-18,"LRRN2"
"POLE3",1.32e-22,0.363,0.421,0.365,2.46e-18,"POLE3"
"DCXR",1.38e-22,0.323,0.426,0.363,2.58e-18,"DCXR"
"GRIK1",1.4e-22,0.215,0.33,0.266,2.6e-18,"GRIK1"
"SPHKAP",1.44e-22,-1,0.176,0.231,2.68e-18,"SPHKAP"
"UBE2W",1.45e-22,0.166,0.767,0.733,2.7e-18,"UBE2W"
"CD46",1.47e-22,0.116,0.839,0.793,2.74e-18,"CD46"
"SYNC",1.48e-22,0.216,0.597,0.534,2.76e-18,"SYNC"
"LARP7",1.49e-22,0.282,0.572,0.519,2.78e-18,"LARP7"
"MRPL55",1.6e-22,0.369,0.422,0.368,2.98e-18,"MRPL55"
"NSRP1",1.61e-22,0.191,0.667,0.623,3e-18,"NSRP1"
"GTF2F1",1.65e-22,0.324,0.491,0.439,3.08e-18,"GTF2F1"
"ARMCX6",1.68e-22,0.429,0.351,0.293,3.12e-18,"ARMCX6"
"ITPA",1.7e-22,0.346,0.398,0.339,3.17e-18,"ITPA"
"SNAP47",1.75e-22,0.322,0.414,0.356,3.26e-18,"SNAP47"
"RNF214",1.76e-22,0.239,0.579,0.526,3.28e-18,"RNF214"
"DBNDD2",1.79e-22,0.363,0.374,0.315,3.33e-18,"DBNDD2"
"PALLD",1.79e-22,0.153,0.672,0.625,3.34e-18,"PALLD"
"DLG3",1.8e-22,0.257,0.538,0.485,3.35e-18,"DLG3"
"DCUN1D1",1.81e-22,0.254,0.556,0.502,3.37e-18,"DCUN1D1"
"RNF115",1.82e-22,0.202,0.657,0.605,3.4e-18,"RNF115"
"COMMD4",1.97e-22,0.362,0.39,0.331,3.67e-18,"COMMD4"
"MRPL3",2.01e-22,0.24,0.624,0.57,3.74e-18,"MRPL3"
"PRKRIP1",2.04e-22,0.184,0.675,0.626,3.8e-18,"PRKRIP1"
"GOLGA2",2.14e-22,0.26,0.498,0.436,3.99e-18,"GOLGA2"
"SUMF1",2.2e-22,0.188,0.744,0.703,4.09e-18,"SUMF1"
"SUZ12",2.27e-22,0.144,0.691,0.636,4.23e-18,"SUZ12"
"MBD3",2.29e-22,0.296,0.467,0.403,4.26e-18,"MBD3"
"SPCS1",2.32e-22,0.188,0.79,0.759,4.31e-18,"SPCS1"
"C1orf115",2.32e-22,0.628,0.18,0.13,4.32e-18,"C1orf115"
"DDX42",2.38e-22,0.257,0.574,0.519,4.43e-18,"DDX42"
"RBM33",2.42e-22,0.135,0.757,0.709,4.5e-18,"RBM33"
"IFI44",2.43e-22,0.339,0.383,0.322,4.52e-18,"IFI44"
"BPGM",2.46e-22,0.365,0.379,0.322,4.58e-18,"BPGM"
"GGNBP2",2.5e-22,0.197,0.685,0.632,4.66e-18,"GGNBP2"
"TXNDC15",2.52e-22,0.236,0.508,0.446,4.7e-18,"TXNDC15"
"CDH11",2.67e-22,0.399,0.555,0.503,4.97e-18,"CDH11"
"BANP",2.76e-22,0.317,0.438,0.38,5.14e-18,"BANP"
"CBFA2T3",2.88e-22,0.457,0.28,0.222,5.37e-18,"CBFA2T3"
"BACE1",2.91e-22,0.219,0.559,0.499,5.41e-18,"BACE1"
"SCAF8",2.93e-22,0.121,0.778,0.743,5.45e-18,"SCAF8"
"CFAP97",2.94e-22,0.22,0.625,0.573,5.47e-18,"CFAP97"
"BAZ2A",2.94e-22,0.226,0.569,0.515,5.48e-18,"BAZ2A"
"CUEDC1",3.26e-22,0.276,0.514,0.457,6.08e-18,"CUEDC1"
"JCAD",3.29e-22,-2.027,0.009,0.028,6.12e-18,"JCAD"
"HBP1",3.29e-22,0.244,0.48,0.42,6.12e-18,"HBP1"
"TMTC1",3.44e-22,-0.618,0.295,0.359,6.41e-18,"TMTC1"
"TUSC3",3.45e-22,0.158,0.794,0.753,6.43e-18,"TUSC3"
"IARS2",3.53e-22,0.271,0.556,0.502,6.57e-18,"IARS2"
"CYFIP1",3.58e-22,0.283,0.56,0.505,6.66e-18,"CYFIP1"
"TRPC4",3.72e-22,-1.268,0.022,0.048,6.92e-18,"TRPC4"
"PAPOLA",3.8e-22,0.113,0.846,0.811,7.07e-18,"PAPOLA"
"SH2D3C",3.81e-22,0.415,0.316,0.255,7.08e-18,"SH2D3C"
"ZBTB7A",3.94e-22,0.392,0.333,0.274,7.33e-18,"ZBTB7A"
"NLN",3.99e-22,0.251,0.668,0.628,7.43e-18,"NLN"
"THUMPD3",4.15e-22,0.312,0.485,0.429,7.73e-18,"THUMPD3"
"RANBP3",4.48e-22,0.408,0.353,0.298,8.34e-18,"RANBP3"
"PPP6R3",4.71e-22,0.117,0.795,0.762,8.76e-18,"PPP6R3"
"TMEM9",4.79e-22,0.263,0.548,0.497,8.92e-18,"TMEM9"
"CHRM2",4.8e-22,-0.867,0.069,0.11,8.93e-18,"CHRM2"
"CNDP2",4.84e-22,0.33,0.405,0.346,9.01e-18,"CNDP2"
"SLAIN2",4.88e-22,0.117,0.773,0.722,9.09e-18,"SLAIN2"
"ZNF431",4.95e-22,0.204,0.627,0.571,9.22e-18,"ZNF431"
"FBXO3",4.97e-22,0.302,0.51,0.458,9.25e-18,"FBXO3"
"ZFP90",5.1e-22,0.173,0.721,0.674,9.49e-18,"ZFP90"
"ZSCAN2",5.27e-22,0.389,0.371,0.313,9.81e-18,"ZSCAN2"
"MAGOH",5.51e-22,0.264,0.535,0.48,1.03e-17,"MAGOH"
"CCDC148",5.59e-22,-0.641,0.109,0.158,1.04e-17,"CCDC148"
"OSBPL5",5.83e-22,0.271,0.535,0.482,1.08e-17,"OSBPL5"
"LPIN1",5.88e-22,0.248,0.534,0.473,1.09e-17,"LPIN1"
"ERG28",5.94e-22,0.224,0.701,0.653,1.1e-17,"ERG28"
"MED4",5.98e-22,0.207,0.665,0.622,1.11e-17,"MED4"
"ZNF8",6.01e-22,0.384,0.385,0.328,1.12e-17,"ZNF8"
"NOP56",6.04e-22,0.278,0.544,0.494,1.12e-17,"NOP56"
"PABPC4",6.09e-22,0.312,0.454,0.397,1.13e-17,"PABPC4"
"RASL11B",6.12e-22,0.429,0.35,0.291,1.14e-17,"RASL11B"
"PSMC6",6.14e-22,0.196,0.705,0.659,1.14e-17,"PSMC6"
"PRELID3A",6.18e-22,0.315,0.491,0.436,1.15e-17,"PRELID3A"
"SHMT2",6.19e-22,0.452,0.256,0.201,1.15e-17,"SHMT2"
"BMI1",6.23e-22,0.372,0.362,0.306,1.16e-17,"BMI1"
"GOPC",6.41e-22,0.179,0.746,0.704,1.19e-17,"GOPC"
"MRPL16",6.78e-22,0.331,0.464,0.409,1.26e-17,"MRPL16"
"ILK",6.92e-22,0.262,0.502,0.445,1.29e-17,"ILK"
"ICE1",6.95e-22,0.195,0.657,0.603,1.29e-17,"ICE1"
"EGFR",7e-22,-1.528,0.011,0.031,1.3e-17,"EGFR"
"NUDT5",7.13e-22,0.266,0.549,0.493,1.33e-17,"NUDT5"
"MUS81",7.4e-22,0.308,0.394,0.334,1.38e-17,"MUS81"
"COA4",7.43e-22,0.314,0.459,0.405,1.38e-17,"COA4"
"UBR4",7.65e-22,0.199,0.606,0.555,1.42e-17,"UBR4"
"MTUS1",7.74e-22,0.303,0.432,0.369,1.44e-17,"MTUS1"
"KLHL1",7.74e-22,-1.937,0.032,0.061,1.44e-17,"KLHL1"
"TP53INP2",7.88e-22,0.504,0.233,0.179,1.47e-17,"TP53INP2"
"DDX55",8.02e-22,0.347,0.369,0.31,1.49e-17,"DDX55"
"MSANTD2",8.61e-22,0.25,0.518,0.461,1.6e-17,"MSANTD2"
"COPS5",8.74e-22,0.262,0.587,0.539,1.63e-17,"COPS5"
"GBF1",8.77e-22,0.215,0.671,0.623,1.63e-17,"GBF1"
"RBM5",9.44e-22,0.179,0.672,0.614,1.76e-17,"RBM5"
"ZRSR2",9.57e-22,0.28,0.504,0.447,1.78e-17,"ZRSR2"
"NIPSNAP2",9.66e-22,0.237,0.537,0.482,1.8e-17,"NIPSNAP2"
"CLEC16A",9.96e-22,0.19,0.605,0.548,1.85e-17,"CLEC16A"
"SMPD3",1.02e-21,0.367,0.386,0.326,1.9e-17,"SMPD3"
"U2AF2",1.02e-21,0.371,0.376,0.319,1.9e-17,"U2AF2"
"ARPP21",1.06e-21,-0.622,0.744,0.752,1.98e-17,"ARPP21"
"NGEF",1.09e-21,-1.72,0.016,0.039,2.02e-17,"NGEF"
"PI4KA",1.09e-21,0.117,0.772,0.723,2.02e-17,"PI4KA"
"SEMA6A",1.1e-21,0.251,0.545,0.487,2.05e-17,"SEMA6A"
"RNF2",1.1e-21,0.282,0.46,0.404,2.05e-17,"RNF2"
"FAHD1",1.16e-21,0.328,0.381,0.322,2.16e-17,"FAHD1"
"CADM3",1.16e-21,0.206,0.529,0.462,2.17e-17,"CADM3"
"ST3GAL3",1.16e-21,0.219,0.588,0.538,2.17e-17,"ST3GAL3"
"PSMC2",1.19e-21,0.252,0.591,0.536,2.21e-17,"PSMC2"
"SORBS1",1.2e-21,0.124,0.835,0.793,2.24e-17,"SORBS1"
"SNAPIN",1.22e-21,0.362,0.414,0.36,2.27e-17,"SNAPIN"
"IKZF4",1.26e-21,0.324,0.401,0.342,2.35e-17,"IKZF4"
"AAMP",1.27e-21,0.325,0.47,0.418,2.37e-17,"AAMP"
"EPRS1",1.35e-21,0.239,0.639,0.588,2.51e-17,"EPRS1"
"ZNF445",1.35e-21,0.204,0.607,0.555,2.51e-17,"ZNF445"
"LMTK3",1.42e-21,0.307,0.502,0.449,2.64e-17,"LMTK3"
"POLDIP2",1.43e-21,0.29,0.502,0.447,2.67e-17,"POLDIP2"
"MGRN1",1.46e-21,0.262,0.532,0.477,2.71e-17,"MGRN1"
"ARFIP2",1.46e-21,0.415,0.341,0.286,2.72e-17,"ARFIP2"
"UBL3",1.53e-21,0.194,0.668,0.621,2.85e-17,"UBL3"
"PIH1D1",1.58e-21,0.3,0.561,0.511,2.93e-17,"PIH1D1"
"WASHC3",1.58e-21,0.268,0.573,0.525,2.94e-17,"WASHC3"
"NUB1",1.61e-21,0.278,0.5,0.445,3e-17,"NUB1"
"LRPAP1",1.65e-21,0.269,0.514,0.461,3.08e-17,"LRPAP1"
"CCDC90B",1.67e-21,0.222,0.709,0.665,3.11e-17,"CCDC90B"
"MEA1",1.7e-21,0.37,0.443,0.394,3.16e-17,"MEA1"
"PDXDC1",1.7e-21,0.113,0.738,0.684,3.17e-17,"PDXDC1"
"MTRES1",1.73e-21,0.281,0.469,0.415,3.22e-17,"MTRES1"
"ZNF429",1.84e-21,0.29,0.519,0.464,3.43e-17,"ZNF429"
"PPIP5K2",1.9e-21,0.118,0.83,0.79,3.54e-17,"PPIP5K2"
"PSMA5",1.97e-21,0.211,0.622,0.567,3.68e-17,"PSMA5"
"RAB5IF",2.02e-21,0.314,0.461,0.406,3.75e-17,"RAB5IF"
"RAB18",2.08e-21,0.199,0.718,0.677,3.87e-17,"RAB18"
"ZYG11B",2.12e-21,0.159,0.712,0.661,3.94e-17,"ZYG11B"
"RAD23A",2.12e-21,0.256,0.66,0.616,3.95e-17,"RAD23A"
"NRXN3",2.13e-21,-0.586,0.205,0.263,3.97e-17,"NRXN3"
"ELP2",2.33e-21,0.21,0.69,0.652,4.33e-17,"ELP2"
"RAB30",2.34e-21,0.223,0.566,0.51,4.35e-17,"RAB30"
"KAT8",2.45e-21,0.313,0.479,0.422,4.56e-17,"KAT8"
"RUNDC3B",2.48e-21,-0.486,0.304,0.367,4.61e-17,"RUNDC3B"
"BTN2A2",2.56e-21,0.614,0.202,0.152,4.77e-17,"BTN2A2"
"MAFG",2.58e-21,0.319,0.399,0.342,4.81e-17,"MAFG"
"PDCL3",2.63e-21,0.325,0.442,0.385,4.89e-17,"PDCL3"
"UBQLN4",2.75e-21,0.366,0.365,0.309,5.12e-17,"UBQLN4"
"BORCS8",2.78e-21,0.41,0.346,0.292,5.18e-17,"BORCS8"
"TAF3",2.98e-21,0.258,0.583,0.533,5.54e-17,"TAF3"
"UBL4A",3.05e-21,0.359,0.36,0.304,5.67e-17,"UBL4A"
"CLPTM1",3.15e-21,0.357,0.393,0.339,5.87e-17,"CLPTM1"
"USP14",3.27e-21,0.147,0.707,0.655,6.08e-17,"USP14"
"IFT43",3.46e-21,0.23,0.653,0.61,6.45e-17,"IFT43"
"ZNF71",3.54e-21,0.311,0.443,0.386,6.59e-17,"ZNF71"
"LRRC55",3.63e-21,0.378,0.297,0.239,6.76e-17,"LRRC55"
"PXDNL",3.65e-21,0.446,0.294,0.238,6.8e-17,"PXDNL"
"HIGD1A",3.69e-21,0.241,0.59,0.543,6.88e-17,"HIGD1A"
"CNPY2",3.7e-21,0.201,0.743,0.703,6.9e-17,"CNPY2"
"PRPF18",3.7e-21,0.224,0.574,0.519,6.9e-17,"PRPF18"
"WWC1",3.86e-21,0.207,0.739,0.704,7.19e-17,"WWC1"
"ZBTB8A",3.96e-21,0.22,0.654,0.602,7.36e-17,"ZBTB8A"
"GSR",4e-21,0.298,0.404,0.346,7.45e-17,"GSR"
"ZNF451",4.11e-21,0.136,0.733,0.689,7.65e-17,"ZNF451"
"ATF7",4.3e-21,0.243,0.571,0.521,8e-17,"ATF7"
"MICU3",4.31e-21,0.195,0.638,0.591,8.03e-17,"MICU3"
"PNISR",4.32e-21,0.122,0.899,0.878,8.04e-17,"PNISR"
"BOP1",4.37e-21,0.371,0.368,0.312,8.14e-17,"BOP1"
"ZSWIM4",4.39e-21,0.331,0.419,0.36,8.17e-17,"ZSWIM4"
"FBXO32",4.45e-21,0.259,0.216,0.161,8.29e-17,"FBXO32"
"B3GNT2",4.67e-21,-0.989,0.051,0.086,8.7e-17,"B3GNT2"
"DHRS7",4.74e-21,0.388,0.367,0.309,8.81e-17,"DHRS7"
"LINC02210-CRHR1",4.77e-21,0.181,0.627,0.577,8.88e-17,"LINC02210-CRHR1"
"PROSER1",4.82e-21,0.378,0.384,0.33,8.97e-17,"PROSER1"
"ENHO",4.83e-21,0.246,0.669,0.621,8.99e-17,"ENHO"
"ZBTB44",4.84e-21,0.181,0.683,0.632,9e-17,"ZBTB44"
"SEC22B",5.15e-21,0.339,0.396,0.339,9.59e-17,"SEC22B"
"ENSG00000233757",5.3e-21,0.238,0.53,0.471,9.87e-17,"ENSG00000233757"
"EMC8",5.5e-21,0.294,0.462,0.407,1.02e-16,"EMC8"
"CHIC2",5.59e-21,0.284,0.492,0.437,1.04e-16,"CHIC2"
"EPHB1",5.89e-21,0.142,0.795,0.751,1.1e-16,"EPHB1"
"ZNF562",6.13e-21,0.161,0.618,0.571,1.14e-16,"ZNF562"
"AP5M1",6.15e-21,0.316,0.466,0.412,1.14e-16,"AP5M1"
"TUT7",6.29e-21,0.254,0.541,0.485,1.17e-16,"TUT7"
"ZHX2",6.29e-21,0.312,0.47,0.411,1.17e-16,"ZHX2"
"ETV6",6.4e-21,0.313,0.468,0.409,1.19e-16,"ETV6"
"ZNF620",6.43e-21,0.351,0.338,0.281,1.2e-16,"ZNF620"
"AKAP8",6.47e-21,0.292,0.404,0.345,1.21e-16,"AKAP8"
"MPDU1",6.63e-21,0.364,0.389,0.334,1.23e-16,"MPDU1"
"NUP62",6.79e-21,0.332,0.418,0.363,1.26e-16,"NUP62"
"EID2",6.85e-21,0.265,0.544,0.494,1.28e-16,"EID2"
"BRMS1",6.95e-21,0.426,0.319,0.265,1.29e-16,"BRMS1"
"MRPL40",6.95e-21,0.349,0.475,0.425,1.29e-16,"MRPL40"
"WBP11",7.02e-21,0.228,0.559,0.506,1.31e-16,"WBP11"
"KIFBP",7.1e-21,0.238,0.552,0.498,1.32e-16,"KIFBP"
"CDC42BPB",7.14e-21,0.189,0.601,0.55,1.33e-16,"CDC42BPB"
"NAA50",7.21e-21,0.181,0.603,0.544,1.34e-16,"NAA50"
"XRN1",7.4e-21,0.139,0.761,0.725,1.38e-16,"XRN1"
"PBDC1",7.42e-21,0.324,0.452,0.4,1.38e-16,"PBDC1"
"ABHD6",7.43e-21,0.206,0.713,0.675,1.38e-16,"ABHD6"
"DST",7.59e-21,0.111,0.895,0.869,1.41e-16,"DST"
"LIMK2",7.79e-21,0.295,0.414,0.358,1.45e-16,"LIMK2"
"MRPL32",7.91e-21,0.335,0.447,0.393,1.47e-16,"MRPL32"
"TMEM164",8.03e-21,0.251,0.552,0.499,1.49e-16,"TMEM164"
"GLYR1",8.33e-21,0.205,0.607,0.554,1.55e-16,"GLYR1"
"TUBGCP4",8.44e-21,0.284,0.491,0.435,1.57e-16,"TUBGCP4"
"NIPAL3",8.57e-21,0.463,0.273,0.218,1.59e-16,"NIPAL3"
"LRWD1",8.57e-21,0.361,0.329,0.271,1.6e-16,"LRWD1"
"MLX",8.65e-21,0.357,0.408,0.356,1.61e-16,"MLX"
"SCN1A",8.71e-21,-1.613,0.018,0.041,1.62e-16,"SCN1A"
"EBNA1BP2",8.71e-21,0.321,0.477,0.426,1.62e-16,"EBNA1BP2"
"DMAP1",8.83e-21,0.344,0.457,0.41,1.64e-16,"DMAP1"
"ASRGL1",9.01e-21,0.206,0.645,0.602,1.68e-16,"ASRGL1"
"PRPF19",9.22e-21,0.356,0.371,0.317,1.72e-16,"PRPF19"
"FOXP4",9.31e-21,0.519,0.185,0.136,1.73e-16,"FOXP4"
"CFL2",9.39e-21,0.392,0.369,0.317,1.75e-16,"CFL2"
"XPC",9.41e-21,0.345,0.409,0.355,1.75e-16,"XPC"
"GTF2A1",9.44e-21,0.26,0.517,0.465,1.76e-16,"GTF2A1"
"SAR1A",1e-20,0.249,0.513,0.46,1.87e-16,"SAR1A"
"PAICS",1.04e-20,0.179,0.631,0.578,1.94e-16,"PAICS"
"GPR173",1.07e-20,0.142,0.733,0.685,1.99e-16,"GPR173"
"BTN2A1",1.08e-20,0.353,0.395,0.341,2e-16,"BTN2A1"
"B4GALT3",1.11e-20,0.362,0.391,0.336,2.06e-16,"B4GALT3"
"RCOR1",1.11e-20,0.196,0.655,0.609,2.07e-16,"RCOR1"
"FARSA",1.14e-20,0.321,0.448,0.397,2.11e-16,"FARSA"
"PWWP2A",1.16e-20,0.17,0.656,0.605,2.15e-16,"PWWP2A"
"AGBL1",1.17e-20,0.667,0.253,0.2,2.17e-16,"AGBL1"
"DKC1",1.18e-20,0.311,0.434,0.379,2.19e-16,"DKC1"
"TM9SF2",1.2e-20,0.206,0.638,0.591,2.22e-16,"TM9SF2"
"KIF26B",1.2e-20,0.551,0.321,0.266,2.23e-16,"KIF26B"
"LASP1",1.23e-20,0.263,0.472,0.412,2.28e-16,"LASP1"
"PSMD10",1.26e-20,0.286,0.522,0.473,2.34e-16,"PSMD10"
"SAMD14",1.29e-20,0.27,0.508,0.451,2.39e-16,"SAMD14"
"CCDC85A",1.29e-20,-1.102,0.062,0.099,2.4e-16,"CCDC85A"
"RNF8",1.3e-20,0.301,0.436,0.379,2.41e-16,"RNF8"
"DPP3",1.33e-20,0.453,0.243,0.19,2.47e-16,"DPP3"
"DENND2A",1.36e-20,0.274,0.491,0.434,2.53e-16,"DENND2A"
"SURF2",1.37e-20,0.427,0.335,0.284,2.56e-16,"SURF2"
"SC5D",1.38e-20,0.196,0.717,0.671,2.56e-16,"SC5D"
"RFFL",1.41e-20,0.197,0.612,0.56,2.62e-16,"RFFL"
"COPB2",1.44e-20,0.211,0.664,0.618,2.69e-16,"COPB2"
"THOC5",1.46e-20,0.329,0.404,0.348,2.73e-16,"THOC5"
"MPV17",1.49e-20,0.333,0.381,0.325,2.77e-16,"MPV17"
"IREB2",1.49e-20,0.187,0.7,0.659,2.78e-16,"IREB2"
"IVNS1ABP",1.57e-20,0.159,0.66,0.606,2.93e-16,"IVNS1ABP"
"LIN7C",1.58e-20,0.237,0.545,0.486,2.94e-16,"LIN7C"
"MGAT4B",1.61e-20,0.285,0.482,0.431,2.99e-16,"MGAT4B"
"FZD7",1.66e-20,0.317,0.454,0.398,3.09e-16,"FZD7"
"PGRMC2",1.68e-20,0.268,0.547,0.501,3.13e-16,"PGRMC2"
"FAM241A",1.72e-20,-0.612,0.178,0.231,3.2e-16,"FAM241A"
"ENSG00000279369",1.91e-20,0.399,0.308,0.252,3.55e-16,"ENSG00000279369"
"PRKCQ",2.14e-20,-1.75,0.014,0.034,3.99e-16,"PRKCQ"
"GOT2",2.16e-20,0.265,0.524,0.471,4.02e-16,"GOT2"
"ASGR1",2.17e-20,0.49,0.269,0.216,4.03e-16,"ASGR1"
"ARFIP1",2.18e-20,0.253,0.541,0.49,4.05e-16,"ARFIP1"
"CEP95",2.2e-20,0.132,0.715,0.668,4.09e-16,"CEP95"
"PI4KB",2.21e-20,0.337,0.38,0.325,4.11e-16,"PI4KB"
"SLC12A5",2.26e-20,0.406,0.331,0.276,4.21e-16,"SLC12A5"
"KREMEN1",2.28e-20,0.392,0.316,0.261,4.24e-16,"KREMEN1"
"MTRF1L",2.28e-20,0.334,0.342,0.283,4.24e-16,"MTRF1L"
"CDC27",2.29e-20,0.118,0.789,0.752,4.26e-16,"CDC27"
"MAPKAPK2",2.3e-20,0.41,0.319,0.265,4.28e-16,"MAPKAPK2"
"RIPOR1",2.33e-20,0.304,0.394,0.337,4.34e-16,"RIPOR1"
"VAPB",2.39e-20,0.229,0.559,0.51,4.44e-16,"VAPB"
"MVB12A",2.53e-20,0.339,0.425,0.374,4.72e-16,"MVB12A"
"MMP24OS",2.57e-20,0.305,0.438,0.384,4.79e-16,"MMP24OS"
"COG4",2.63e-20,0.337,0.43,0.377,4.89e-16,"COG4"
"B4GALNT4",2.73e-20,0.232,0.499,0.444,5.09e-16,"B4GALNT4"
"UFD1",2.75e-20,0.3,0.475,0.423,5.11e-16,"UFD1"
"MRPL9",2.75e-20,0.349,0.395,0.342,5.12e-16,"MRPL9"
"MSRB1",2.86e-20,0.564,0.211,0.162,5.32e-16,"MSRB1"
"ZMPSTE24",2.9e-20,0.348,0.349,0.294,5.39e-16,"ZMPSTE24"
"SOCS7",3.04e-20,0.214,0.597,0.546,5.65e-16,"SOCS7"
"KLC2",3.09e-20,0.329,0.402,0.346,5.75e-16,"KLC2"
"SRCIN1",3.11e-20,0.242,0.541,0.481,5.78e-16,"SRCIN1"
"AHSA1",3.2e-20,0.209,0.638,0.593,5.96e-16,"AHSA1"
"CHMP7",3.22e-20,0.316,0.411,0.357,6e-16,"CHMP7"
"NELFB",3.23e-20,0.279,0.452,0.397,6e-16,"NELFB"
"WDR86",3.25e-20,0.286,0.427,0.367,6.05e-16,"WDR86"
"STAG3",3.29e-20,0.162,0.548,0.485,6.12e-16,"STAG3"
"RAB11FIP3",3.31e-20,0.168,0.61,0.56,6.15e-16,"RAB11FIP3"
"PPM1A",3.32e-20,0.204,0.582,0.525,6.19e-16,"PPM1A"
"YPEL3",3.43e-20,0.279,0.547,0.496,6.38e-16,"YPEL3"
"CD276",3.55e-20,0.309,0.445,0.393,6.61e-16,"CD276"
"ZNF197",3.63e-20,0.208,0.631,0.581,6.75e-16,"ZNF197"
"MSL1",3.74e-20,0.188,0.619,0.566,6.96e-16,"MSL1"
"MRPS12",3.89e-20,0.38,0.364,0.313,7.25e-16,"MRPS12"
"FAM228B",3.94e-20,0.142,0.688,0.636,7.33e-16,"FAM228B"
"NLGN2",3.99e-20,0.257,0.522,0.468,7.43e-16,"NLGN2"
"AP1G1",4.05e-20,0.191,0.594,0.54,7.55e-16,"AP1G1"
"YPEL2",4.07e-20,0.483,0.254,0.202,7.58e-16,"YPEL2"
"GABBR1",4.08e-20,0.143,0.677,0.619,7.6e-16,"GABBR1"
"B4GALT2",4.12e-20,0.245,0.548,0.5,7.68e-16,"B4GALT2"
"PTPN11",4.17e-20,0.196,0.637,0.59,7.76e-16,"PTPN11"
"ECI2",4.21e-20,0.325,0.385,0.33,7.83e-16,"ECI2"
"MLLT10",4.22e-20,0.108,0.748,0.705,7.85e-16,"MLLT10"
"AVIL",4.46e-20,0.392,0.276,0.222,8.3e-16,"AVIL"
"SLC15A5",4.66e-20,-1.633,0.023,0.048,8.68e-16,"SLC15A5"
"NFIC",4.69e-20,0.34,0.371,0.316,8.73e-16,"NFIC"
"UPF2",4.85e-20,0.209,0.56,0.506,9.03e-16,"UPF2"
"MARCHF9",4.87e-20,0.233,0.525,0.473,9.06e-16,"MARCHF9"
"PIP4K2B",4.9e-20,0.171,0.616,0.562,9.11e-16,"PIP4K2B"
"MTUS2",4.97e-20,-0.659,0.1,0.144,9.25e-16,"MTUS2"
"TMF1",4.98e-20,0.225,0.574,0.524,9.27e-16,"TMF1"
"BPHL",4.99e-20,0.346,0.381,0.325,9.29e-16,"BPHL"
"C8orf33",5.01e-20,0.296,0.434,0.38,9.33e-16,"C8orf33"
"PIK3C2B",5.03e-20,0.131,0.686,0.634,9.36e-16,"PIK3C2B"
"TMED9",5.04e-20,0.212,0.615,0.566,9.38e-16,"TMED9"
"PRELID2",5.07e-20,-1.272,0.025,0.05,9.44e-16,"PRELID2"
"CCNL2",5.08e-20,0.175,0.571,0.515,9.45e-16,"CCNL2"
"ECSIT",5.28e-20,0.336,0.413,0.359,9.83e-16,"ECSIT"
"ADAMTSL1",5.35e-20,-1.063,0.122,0.17,9.95e-16,"ADAMTSL1"
"SPOPL",5.45e-20,0.275,0.513,0.46,1.02e-15,"SPOPL"
"ZBED4",5.6e-20,0.163,0.628,0.573,1.04e-15,"ZBED4"
"AMD1",5.6e-20,0.205,0.61,0.562,1.04e-15,"AMD1"
"HHLA1",5.7e-20,0.756,0.111,0.072,1.06e-15,"HHLA1"
"TSPAN2",5.74e-20,0.277,0.521,0.472,1.07e-15,"TSPAN2"
"RHEB",5.74e-20,0.105,0.85,0.814,1.07e-15,"RHEB"
"CRNKL1",5.82e-20,0.411,0.352,0.299,1.08e-15,"CRNKL1"
"EPS15L1",5.95e-20,0.194,0.657,0.613,1.11e-15,"EPS15L1"
"ZIM2",6.16e-20,-1.18,0.023,0.048,1.15e-15,"ZIM2"
"ANOS1",6.19e-20,-1.956,0.009,0.027,1.15e-15,"ANOS1"
"RPRD1A",6.3e-20,0.117,0.799,0.754,1.17e-15,"RPRD1A"
"ASPHD1",6.48e-20,0.297,0.469,0.414,1.21e-15,"ASPHD1"
"STX6",6.48e-20,0.19,0.626,0.576,1.21e-15,"STX6"
"ZC3H4",6.9e-20,0.268,0.426,0.367,1.28e-15,"ZC3H4"
"SAYSD1",6.96e-20,0.412,0.312,0.259,1.3e-15,"SAYSD1"
"ZC3H6",6.97e-20,0.203,0.674,0.633,1.3e-15,"ZC3H6"
"TSFM",6.99e-20,0.365,0.375,0.324,1.3e-15,"TSFM"
"PLCXD2",7.08e-20,0.284,0.448,0.393,1.32e-15,"PLCXD2"
"TMEM41B",7.15e-20,0.153,0.66,0.608,1.33e-15,"TMEM41B"
"NUDCD3",7.17e-20,0.188,0.627,0.574,1.33e-15,"NUDCD3"
"MRPL48",7.36e-20,0.288,0.486,0.435,1.37e-15,"MRPL48"
"KYAT3",7.41e-20,0.276,0.498,0.444,1.38e-15,"KYAT3"
"MAML1",7.74e-20,0.295,0.465,0.411,1.44e-15,"MAML1"
"MND1",7.97e-20,0.33,0.365,0.307,1.48e-15,"MND1"
"SDHA",8.05e-20,0.219,0.542,0.486,1.5e-15,"SDHA"
"PLEKHB2",8.57e-20,0.234,0.551,0.498,1.6e-15,"PLEKHB2"
"MAP3K13",8.84e-20,0.227,0.648,0.603,1.64e-15,"MAP3K13"
"IDI1",9.54e-20,0.106,0.933,0.917,1.78e-15,"IDI1"
"TCP11L1",9.73e-20,0.174,0.581,0.522,1.81e-15,"TCP11L1"
"UVRAG",9.76e-20,0.139,0.788,0.751,1.82e-15,"UVRAG"
"IST1",1.02e-19,0.209,0.6,0.549,1.9e-15,"IST1"
"WDR77",1.02e-19,0.356,0.373,0.318,1.9e-15,"WDR77"
"SDR39U1",1.03e-19,0.348,0.437,0.385,1.92e-15,"SDR39U1"
"TTC22",1.04e-19,-6.967,0.001,0.01,1.94e-15,"TTC22"
"NFU1",1.1e-19,0.303,0.527,0.482,2.04e-15,"NFU1"
"EMSY",1.12e-19,0.164,0.667,0.624,2.08e-15,"EMSY"
"NOA1",1.15e-19,0.377,0.332,0.278,2.14e-15,"NOA1"
"MRGBP",1.16e-19,0.384,0.357,0.304,2.16e-15,"MRGBP"
"PEAK1",1.23e-19,0.23,0.618,0.571,2.28e-15,"PEAK1"
"NSDHL",1.25e-19,0.385,0.345,0.292,2.32e-15,"NSDHL"
"MMP15",1.27e-19,0.43,0.269,0.216,2.36e-15,"MMP15"
"ZNF217",1.31e-19,0.388,0.343,0.289,2.44e-15,"ZNF217"
"BAHCC1",1.32e-19,0.285,0.468,0.414,2.46e-15,"BAHCC1"
"FTSJ1",1.33e-19,0.368,0.389,0.338,2.47e-15,"FTSJ1"
"MYL12A",1.37e-19,0.508,0.267,0.217,2.54e-15,"MYL12A"
"PDZRN4",1.4e-19,-1.314,0.03,0.057,2.61e-15,"PDZRN4"
"MCRS1",1.43e-19,0.352,0.377,0.324,2.67e-15,"MCRS1"
"UIMC1",1.44e-19,0.166,0.661,0.61,2.68e-15,"UIMC1"
"MTERF4",1.46e-19,0.25,0.507,0.454,2.71e-15,"MTERF4"
"GDPD1",1.48e-19,0.159,0.641,0.589,2.75e-15,"GDPD1"
"UBE2F",1.48e-19,0.257,0.481,0.43,2.76e-15,"UBE2F"
"FAM118B",1.52e-19,0.296,0.459,0.404,2.82e-15,"FAM118B"
"ABCC1",1.54e-19,0.186,0.588,0.536,2.87e-15,"ABCC1"
"DNAJC19",1.56e-19,0.254,0.539,0.487,2.91e-15,"DNAJC19"
"PKN1",1.58e-19,0.24,0.579,0.529,2.95e-15,"PKN1"
"XRCC1",1.6e-19,0.344,0.381,0.326,2.98e-15,"XRCC1"
"MOB3A",1.61e-19,0.378,0.333,0.277,3e-15,"MOB3A"
"ZNF480",1.65e-19,0.315,0.389,0.334,3.07e-15,"ZNF480"
"DIP2A",1.66e-19,0.135,0.653,0.601,3.09e-15,"DIP2A"
"MTRFR",1.66e-19,0.243,0.536,0.483,3.09e-15,"MTRFR"
"SPPL2A",1.68e-19,0.189,0.556,0.504,3.12e-15,"SPPL2A"
"DNAJB11",1.7e-19,0.253,0.485,0.43,3.17e-15,"DNAJB11"
"MEX3D",1.73e-19,0.326,0.365,0.311,3.22e-15,"MEX3D"
"XXYLT1",1.75e-19,0.253,0.497,0.443,3.26e-15,"XXYLT1"
"NAB2",1.76e-19,0.297,0.404,0.35,3.27e-15,"NAB2"
"ACOT13",1.83e-19,0.292,0.45,0.398,3.41e-15,"ACOT13"
"MAT2A",1.89e-19,0.25,0.541,0.491,3.51e-15,"MAT2A"
"ACSL6",1.9e-19,-1.032,0.032,0.06,3.54e-15,"ACSL6"
"PTGFRN",1.95e-19,0.174,0.484,0.427,3.63e-15,"PTGFRN"
"DAP3",1.97e-19,0.21,0.616,0.568,3.66e-15,"DAP3"
"BICRAL",1.97e-19,0.142,0.742,0.692,3.67e-15,"BICRAL"
"WNK3",2e-19,0.156,0.747,0.716,3.72e-15,"WNK3"
"CLP1",2.03e-19,0.339,0.361,0.307,3.77e-15,"CLP1"
"CRYZL1",2.03e-19,0.192,0.715,0.679,3.77e-15,"CRYZL1"
"PLCG1",2.08e-19,0.281,0.44,0.384,3.88e-15,"PLCG1"
"MOB2",2.1e-19,0.406,0.285,0.233,3.9e-15,"MOB2"
"CZIB",2.11e-19,0.373,0.378,0.328,3.93e-15,"CZIB"
"RUSC1",2.14e-19,0.295,0.462,0.41,3.99e-15,"RUSC1"
"RRAGB",2.16e-19,0.281,0.541,0.494,4.02e-15,"RRAGB"
"CSRNP2",2.27e-19,0.245,0.503,0.452,4.22e-15,"CSRNP2"
"DHX40",2.31e-19,0.249,0.435,0.379,4.3e-15,"DHX40"
"CUL4B",2.32e-19,0.325,0.41,0.353,4.32e-15,"CUL4B"
"FAM177A1",2.4e-19,0.205,0.646,0.607,4.47e-15,"FAM177A1"
"NNT",2.46e-19,0.161,0.677,0.634,4.57e-15,"NNT"
"ZNF622",2.46e-19,0.337,0.354,0.301,4.58e-15,"ZNF622"
"ALKAL2",2.47e-19,-1.113,0.027,0.053,4.59e-15,"ALKAL2"
"DR1",2.5e-19,0.301,0.383,0.33,4.65e-15,"DR1"
"RIC8A",2.54e-19,0.335,0.388,0.338,4.73e-15,"RIC8A"
"SLC16A2",2.56e-19,0.285,0.475,0.42,4.77e-15,"SLC16A2"
"TOB1",2.6e-19,0.258,0.485,0.432,4.83e-15,"TOB1"
"PPP1R17",2.64e-19,0.667,0.217,0.167,4.92e-15,"PPP1R17"
"RER1",2.67e-19,0.252,0.468,0.411,4.97e-15,"RER1"
"HMBOX1",2.68e-19,0.158,0.666,0.615,5e-15,"HMBOX1"
"BLVRA",2.71e-19,0.303,0.477,0.429,5.04e-15,"BLVRA"
"MRPL19",2.73e-19,0.17,0.661,0.614,5.07e-15,"MRPL19"
"BLACAT1",2.75e-19,0.593,0.165,0.12,5.12e-15,"BLACAT1"
"PPP1R9B",2.83e-19,0.325,0.326,0.272,5.26e-15,"PPP1R9B"
"MRPS26",2.84e-19,0.173,0.703,0.66,5.28e-15,"MRPS26"
"PDRG1",2.9e-19,0.399,0.336,0.284,5.39e-15,"PDRG1"
"TSPO",2.91e-19,0.24,0.698,0.662,5.41e-15,"TSPO"
"BABAM1",3.23e-19,0.264,0.533,0.49,6.01e-15,"BABAM1"
"CRTC3",3.24e-19,0.215,0.591,0.544,6.02e-15,"CRTC3"
"COPS8",3.29e-19,0.21,0.625,0.576,6.13e-15,"COPS8"
"BCL7B",3.36e-19,0.333,0.368,0.316,6.26e-15,"BCL7B"
"STAMBP",3.37e-19,0.264,0.498,0.447,6.26e-15,"STAMBP"
"GNB5",3.38e-19,0.204,0.641,0.59,6.3e-15,"GNB5"
"SPINK5",3.46e-19,0.465,0.363,0.311,6.44e-15,"SPINK5"
"ARFGAP2",3.57e-19,0.249,0.477,0.426,6.64e-15,"ARFGAP2"
"MRPL49",3.58e-19,0.409,0.272,0.219,6.66e-15,"MRPL49"
"TMEM196",3.6e-19,0.402,0.345,0.291,6.69e-15,"TMEM196"
"EIF2B3",3.82e-19,0.218,0.612,0.572,7.12e-15,"EIF2B3"
"TIMM22",3.83e-19,0.355,0.342,0.288,7.13e-15,"TIMM22"
"ZNF426",3.88e-19,0.304,0.346,0.29,7.22e-15,"ZNF426"
"TPGS1",3.91e-19,0.374,0.371,0.321,7.28e-15,"TPGS1"
"EXOSC3",4.16e-19,0.215,0.584,0.531,7.73e-15,"EXOSC3"
"ARL16",4.25e-19,0.297,0.517,0.467,7.91e-15,"ARL16"
"CACUL1",4.31e-19,0.195,0.68,0.637,8.03e-15,"CACUL1"
"CEBPZ",4.45e-19,0.246,0.477,0.42,8.29e-15,"CEBPZ"
"B3GALT1",4.46e-19,0.365,0.686,0.652,8.31e-15,"B3GALT1"
"SATB2",4.5e-19,-1.014,0.398,0.443,8.38e-15,"SATB2"
"SORCS1",4.54e-19,-2.783,0.031,0.057,8.46e-15,"SORCS1"
"PCP4",4.77e-19,-0.77,0.062,0.097,8.87e-15,"PCP4"
"PACS1",4.8e-19,0.108,0.765,0.737,8.94e-15,"PACS1"
"EMD",4.81e-19,0.322,0.43,0.382,8.96e-15,"EMD"
"BBIP1",5.19e-19,0.199,0.608,0.565,9.66e-15,"BBIP1"
"ELOA",5.22e-19,0.301,0.393,0.339,9.72e-15,"ELOA"
"GFUS",5.25e-19,0.408,0.331,0.283,9.76e-15,"GFUS"
"RASD1",5.53e-19,0.69,0.149,0.106,1.03e-14,"RASD1"
"MAU2",5.57e-19,0.273,0.485,0.434,1.04e-14,"MAU2"
"CISD2",5.75e-19,0.305,0.508,0.461,1.07e-14,"CISD2"
"LURAP1L",5.83e-19,0.73,0.146,0.103,1.08e-14,"LURAP1L"
"TRIM36",6e-19,0.283,0.463,0.411,1.12e-14,"TRIM36"
"NKRF",6.2e-19,0.369,0.33,0.277,1.15e-14,"NKRF"
"PHTF1",6.35e-19,0.165,0.673,0.621,1.18e-14,"PHTF1"
"ERBIN",6.37e-19,0.208,0.539,0.484,1.19e-14,"ERBIN"
"CXXC1",6.4e-19,0.432,0.282,0.23,1.19e-14,"CXXC1"
"GNPAT",6.42e-19,0.269,0.526,0.484,1.2e-14,"GNPAT"
"METTL2B",6.57e-19,0.197,0.564,0.512,1.22e-14,"METTL2B"
"ERAL1",6.64e-19,0.336,0.341,0.288,1.24e-14,"ERAL1"
"NUFIP2",6.77e-19,0.136,0.633,0.58,1.26e-14,"NUFIP2"
"DUOX1",6.83e-19,0.187,0.545,0.491,1.27e-14,"DUOX1"
"TIMM17A",6.86e-19,0.259,0.541,0.493,1.28e-14,"TIMM17A"
"NOL11",6.95e-19,0.229,0.494,0.441,1.29e-14,"NOL11"
"MPP3",7.23e-19,0.317,0.369,0.315,1.35e-14,"MPP3"
"IFT81",7.27e-19,0.163,0.704,0.663,1.35e-14,"IFT81"
"PTPRE",7.36e-19,-1.814,0.01,0.028,1.37e-14,"PTPRE"
"RETREG3",7.36e-19,0.31,0.383,0.328,1.37e-14,"RETREG3"
"BLM",7.68e-19,-0.883,0.045,0.077,1.43e-14,"BLM"
"TSR1",7.83e-19,0.303,0.338,0.281,1.46e-14,"TSR1"
"SCN9A",8.07e-19,-1.86,0.008,0.024,1.5e-14,"SCN9A"
"TMEM184B",8.12e-19,0.319,0.385,0.329,1.51e-14,"TMEM184B"
"RANBP10",8.13e-19,0.281,0.407,0.351,1.51e-14,"RANBP10"
"ZNF74",8.15e-19,0.261,0.459,0.406,1.52e-14,"ZNF74"
"OTUD7B",8.27e-19,0.355,0.346,0.293,1.54e-14,"OTUD7B"
"ZNF140",8.32e-19,0.308,0.4,0.346,1.55e-14,"ZNF140"
"CUL5",8.4e-19,0.122,0.799,0.766,1.56e-14,"CUL5"
"TMEM222",8.44e-19,0.308,0.418,0.364,1.57e-14,"TMEM222"
"KCTD20",8.7e-19,0.216,0.512,0.459,1.62e-14,"KCTD20"
"GALNT2",8.72e-19,0.183,0.618,0.566,1.62e-14,"GALNT2"
"KLHL20",8.8e-19,0.287,0.531,0.487,1.64e-14,"KLHL20"
"MCMBP",9.07e-19,0.2,0.621,0.573,1.69e-14,"MCMBP"
"LPGAT1",9.09e-19,0.145,0.752,0.708,1.69e-14,"LPGAT1"
"BECN1",9.1e-19,0.371,0.343,0.289,1.69e-14,"BECN1"
"LARS1",9.38e-19,0.142,0.702,0.651,1.75e-14,"LARS1"
"MED1",9.48e-19,0.251,0.503,0.453,1.77e-14,"MED1"
"INO80D",9.58e-19,0.176,0.605,0.552,1.78e-14,"INO80D"
"IFT52",9.78e-19,0.242,0.57,0.524,1.82e-14,"IFT52"
"ZNF219",9.95e-19,0.339,0.324,0.269,1.85e-14,"ZNF219"
"PTPN13",1.01e-18,0.199,0.408,0.349,1.87e-14,"PTPN13"
"SLC26A2",1.02e-18,0.468,0.268,0.217,1.91e-14,"SLC26A2"
"SAP30BP",1.05e-18,0.276,0.481,0.429,1.95e-14,"SAP30BP"
"GPR153",1.06e-18,0.329,0.346,0.291,1.97e-14,"GPR153"
"CREB5",1.08e-18,-0.343,0.408,0.343,2e-14,"CREB5"
"SLC27A2",1.08e-18,-1.977,0.006,0.021,2.02e-14,"SLC27A2"
"ERGIC1",1.09e-18,0.212,0.583,0.539,2.02e-14,"ERGIC1"
"TRIM37",1.1e-18,0.2,0.578,0.526,2.06e-14,"TRIM37"
"TMED3",1.12e-18,0.287,0.477,0.424,2.08e-14,"TMED3"
"ITFG2",1.18e-18,0.335,0.393,0.339,2.19e-14,"ITFG2"
"TNKS2",1.19e-18,0.154,0.662,0.621,2.22e-14,"TNKS2"
"INTS6",1.19e-18,0.178,0.715,0.673,2.22e-14,"INTS6"
"TOPORS",1.21e-18,0.273,0.487,0.433,2.25e-14,"TOPORS"
"ZNF83",1.22e-18,0.213,0.575,0.529,2.27e-14,"ZNF83"
"CDKL5",1.23e-18,0.131,0.772,0.726,2.29e-14,"CDKL5"
"RNF169",1.25e-18,0.23,0.567,0.521,2.32e-14,"RNF169"
"KBTBD4",1.25e-18,0.408,0.314,0.264,2.33e-14,"KBTBD4"
"SF3B4",1.27e-18,0.328,0.422,0.376,2.36e-14,"SF3B4"
"SPG7",1.28e-18,0.155,0.613,0.562,2.38e-14,"SPG7"
"MDGA1",1.28e-18,0.346,0.242,0.19,2.39e-14,"MDGA1"
"SRR",1.3e-18,0.303,0.367,0.311,2.41e-14,"SRR"
"PRKRA",1.3e-18,0.22,0.573,0.526,2.42e-14,"PRKRA"
"NMT1",1.37e-18,0.162,0.588,0.536,2.54e-14,"NMT1"
"TRIAP1",1.37e-18,0.389,0.286,0.234,2.56e-14,"TRIAP1"
"MTMR4",1.37e-18,0.162,0.674,0.624,2.56e-14,"MTMR4"
"CYP4X1",1.38e-18,-0.943,0.029,0.055,2.57e-14,"CYP4X1"
"VAV3",1.39e-18,0.602,0.226,0.178,2.59e-14,"VAV3"
"DACT1",1.42e-18,-0.756,0.221,0.273,2.64e-14,"DACT1"
"HEATR6",1.45e-18,0.307,0.363,0.309,2.7e-14,"HEATR6"
"HARS1",1.46e-18,0.231,0.601,0.559,2.72e-14,"HARS1"
"TEAD2",1.49e-18,0.418,0.264,0.213,2.77e-14,"TEAD2"
"NANOS3",1.49e-18,0.458,0.265,0.215,2.78e-14,"NANOS3"
"DPY19L3",1.54e-18,0.256,0.563,0.516,2.86e-14,"DPY19L3"
"ANKS1A",1.54e-18,0.136,0.728,0.689,2.87e-14,"ANKS1A"
"PDCD7",1.55e-18,0.226,0.609,0.564,2.89e-14,"PDCD7"
"LRRC47",1.57e-18,0.248,0.483,0.435,2.92e-14,"LRRC47"
"SUPT5H",1.6e-18,0.232,0.504,0.453,2.97e-14,"SUPT5H"
"DDRGK1",1.65e-18,0.259,0.443,0.391,3.08e-14,"DDRGK1"
"KDM5C",1.69e-18,0.191,0.611,0.562,3.14e-14,"KDM5C"
"MOSMO",1.69e-18,0.161,0.689,0.649,3.15e-14,"MOSMO"
"ATP13A2",1.7e-18,0.228,0.506,0.451,3.16e-14,"ATP13A2"
"BMPER",1.7e-18,0.822,0.172,0.128,3.17e-14,"BMPER"
"ZBTB8OS",1.72e-18,0.205,0.57,0.517,3.19e-14,"ZBTB8OS"
"TEX14",1.75e-18,-0.616,0.342,0.402,3.27e-14,"TEX14"
"PHF2",1.76e-18,0.264,0.468,0.417,3.27e-14,"PHF2"
"CPSF6",1.77e-18,0.103,0.83,0.795,3.3e-14,"CPSF6"
"NKAPD1",1.78e-18,0.289,0.461,0.411,3.3e-14,"NKAPD1"
"PKM",1.78e-18,0.101,0.843,0.798,3.31e-14,"PKM"
"SLBP",1.81e-18,0.176,0.641,0.595,3.38e-14,"SLBP"
"FNDC4",1.84e-18,0.332,0.427,0.376,3.43e-14,"FNDC4"
"ADAMTS6",1.85e-18,-1.009,0.05,0.082,3.45e-14,"ADAMTS6"
"JADE3",1.85e-18,0.404,0.331,0.279,3.45e-14,"JADE3"
"ZNF362",1.88e-18,0.229,0.554,0.504,3.49e-14,"ZNF362"
"ARPC5L",1.88e-18,0.208,0.602,0.554,3.5e-14,"ARPC5L"
"PTPRT",1.91e-18,-1.137,0.026,0.051,3.55e-14,"PTPRT"
"EMC3",1.99e-18,0.21,0.564,0.516,3.7e-14,"EMC3"
"IRAK1BP1",1.99e-18,0.23,0.616,0.575,3.7e-14,"IRAK1BP1"
"NFIX",2e-18,0.302,0.387,0.333,3.73e-14,"NFIX"
"ZMAT3",2.02e-18,0.357,0.312,0.262,3.76e-14,"ZMAT3"
"TM9SF3",2.03e-18,0.15,0.697,0.648,3.78e-14,"TM9SF3"
"IMPDH2",2.08e-18,0.239,0.545,0.498,3.87e-14,"IMPDH2"
"SLCO3A1",2.13e-18,-0.554,0.425,0.477,3.96e-14,"SLCO3A1"
"TFDP1",2.2e-18,0.26,0.504,0.457,4.1e-14,"TFDP1"
"PRMT8",2.32e-18,-1.765,0.01,0.027,4.31e-14,"PRMT8"
"RGS7",2.33e-18,-0.646,0.431,0.495,4.33e-14,"RGS7"
"TTC33",2.34e-18,0.236,0.523,0.472,4.35e-14,"TTC33"
"NSF",2.37e-18,0.219,0.484,0.429,4.4e-14,"NSF"
"CD2BP2",2.46e-18,0.388,0.341,0.292,4.58e-14,"CD2BP2"
"NOS1AP",2.47e-18,0.163,0.562,0.506,4.6e-14,"NOS1AP"
"AP3B2",2.5e-18,0.201,0.607,0.561,4.65e-14,"AP3B2"
"GATD3",2.52e-18,0.408,0.322,0.273,4.69e-14,"GATD3"
"MIEF1",2.56e-18,0.39,0.319,0.268,4.76e-14,"MIEF1"
"USP48",2.61e-18,0.136,0.719,0.681,4.86e-14,"USP48"
"DEDD2",2.63e-18,0.422,0.298,0.248,4.89e-14,"DEDD2"
"LMO1",2.71e-18,0.569,0.157,0.114,5.04e-14,"LMO1"
"ZZZ3",2.74e-18,0.147,0.699,0.65,5.09e-14,"ZZZ3"
"FMC1",3.02e-18,0.397,0.353,0.301,5.63e-14,"FMC1"
"VASH1",3.15e-18,0.199,0.532,0.481,5.86e-14,"VASH1"
"SETD3",3.19e-18,0.266,0.502,0.45,5.93e-14,"SETD3"
"MAPKAPK5",3.24e-18,0.226,0.529,0.474,6.03e-14,"MAPKAPK5"
"AUP1",3.29e-18,0.34,0.382,0.333,6.12e-14,"AUP1"
"A1BG",3.34e-18,0.397,0.337,0.288,6.22e-14,"A1BG"
"C14orf119",3.4e-18,0.305,0.39,0.338,6.34e-14,"C14orf119"
"PREX2",3.44e-18,-0.801,0.064,0.1,6.4e-14,"PREX2"
"HSF1",3.45e-18,0.357,0.346,0.295,6.42e-14,"HSF1"
"RPAP2",3.59e-18,0.117,0.775,0.738,6.68e-14,"RPAP2"
"TIMM50",3.63e-18,0.351,0.42,0.373,6.76e-14,"TIMM50"
"ARL8B",3.69e-18,0.222,0.525,0.474,6.87e-14,"ARL8B"
"C12orf73",3.8e-18,0.23,0.588,0.539,7.07e-14,"C12orf73"
"PDCD11",4.07e-18,0.285,0.373,0.318,7.57e-14,"PDCD11"
"ADAMTS7",4.08e-18,0.303,0.398,0.344,7.59e-14,"ADAMTS7"
"REM2",4.11e-18,0.594,0.169,0.125,7.64e-14,"REM2"
"SAC3D1",4.18e-18,0.293,0.404,0.355,7.79e-14,"SAC3D1"
"DMAC2",4.3e-18,0.308,0.4,0.352,8.01e-14,"DMAC2"
"CLINT1",4.37e-18,0.189,0.595,0.546,8.14e-14,"CLINT1"
"CLPTM1L",4.53e-18,0.285,0.421,0.368,8.42e-14,"CLPTM1L"
"ETFA",4.6e-18,0.261,0.519,0.472,8.55e-14,"ETFA"
"NDUFAF5",4.66e-18,0.248,0.508,0.462,8.66e-14,"NDUFAF5"
"RESF1",4.68e-18,0.219,0.569,0.519,8.71e-14,"RESF1"
"STX5",4.7e-18,0.264,0.428,0.374,8.75e-14,"STX5"
"SZRD1",4.72e-18,0.322,0.382,0.332,8.78e-14,"SZRD1"
"LRRC8D",4.75e-18,0.163,0.682,0.64,8.84e-14,"LRRC8D"
"TINF2",4.77e-18,0.389,0.337,0.287,8.89e-14,"TINF2"
"MAPRE2",4.95e-18,0.101,0.826,0.795,9.21e-14,"MAPRE2"
"CAVIN4",5.04e-18,0.357,0.351,0.299,9.38e-14,"CAVIN4"
"GRK6",5.15e-18,0.44,0.268,0.22,9.59e-14,"GRK6"
"MRPS31",5.28e-18,0.246,0.507,0.455,9.82e-14,"MRPS31"
"NTSR1",5.57e-18,-0.755,0.062,0.096,1.04e-13,"NTSR1"
"CD320",5.6e-18,0.32,0.414,0.366,1.04e-13,"CD320"
"SND1",5.6e-18,0.106,0.737,0.69,1.04e-13,"SND1"
"PRKAG1",5.68e-18,0.263,0.485,0.434,1.06e-13,"PRKAG1"
"TNFAIP1",6.04e-18,0.34,0.315,0.263,1.12e-13,"TNFAIP1"
"ENSG00000280046",6.12e-18,0.525,0.165,0.122,1.14e-13,"ENSG00000280046"
"STX18",6.17e-18,0.247,0.548,0.504,1.15e-13,"STX18"
"CGGBP1",6.48e-18,0.113,0.809,0.778,1.21e-13,"CGGBP1"
"TMEM100",6.5e-18,0.798,0.083,0.051,1.21e-13,"TMEM100"
"ENTPD4",6.54e-18,0.279,0.474,0.422,1.22e-13,"ENTPD4"
"MTERF1",6.54e-18,0.335,0.433,0.382,1.22e-13,"MTERF1"
"B3GAT1",6.78e-18,0.195,0.53,0.477,1.26e-13,"B3GAT1"
"SHISA5",6.94e-18,0.233,0.58,0.536,1.29e-13,"SHISA5"
"ALAS1",7.13e-18,0.35,0.335,0.284,1.33e-13,"ALAS1"
"FAF2",7.15e-18,0.199,0.564,0.514,1.33e-13,"FAF2"
"IFNGR2",7.18e-18,0.217,0.516,0.47,1.34e-13,"IFNGR2"
"SLC39A3",7.19e-18,0.372,0.332,0.283,1.34e-13,"SLC39A3"
"SCAMP3",7.34e-18,0.275,0.482,0.434,1.37e-13,"SCAMP3"
"TBC1D14",7.49e-18,0.168,0.635,0.588,1.39e-13,"TBC1D14"
"MRPL54",7.58e-18,0.328,0.373,0.323,1.41e-13,"MRPL54"
"NCOA5",7.61e-18,0.223,0.513,0.461,1.42e-13,"NCOA5"
"VPS16",7.67e-18,0.303,0.405,0.355,1.43e-13,"VPS16"
"LRRC26",7.68e-18,0.388,0.322,0.271,1.43e-13,"LRRC26"
"TSSC4",7.7e-18,0.283,0.416,0.367,1.43e-13,"TSSC4"
"ST3GAL6",7.81e-18,0.207,0.484,0.432,1.45e-13,"ST3GAL6"
"STK24",7.86e-18,0.204,0.529,0.479,1.46e-13,"STK24"
"PGP",7.97e-18,0.243,0.499,0.451,1.48e-13,"PGP"
"FAM110A",8e-18,0.397,0.271,0.22,1.49e-13,"FAM110A"
"PELI2",8.06e-18,0.134,0.759,0.727,1.5e-13,"PELI2"
"TAB2",8.22e-18,0.128,0.715,0.678,1.53e-13,"TAB2"
"MRPS15",8.41e-18,0.28,0.43,0.379,1.57e-13,"MRPS15"
"CLK3",8.52e-18,0.35,0.357,0.306,1.59e-13,"CLK3"
"ZNF785",8.66e-18,0.216,0.504,0.452,1.61e-13,"ZNF785"
"CBR4",8.79e-18,0.13,0.76,0.724,1.64e-13,"CBR4"
"NME7",8.99e-18,0.145,0.714,0.68,1.67e-13,"NME7"
"ULK1",9.1e-18,0.258,0.412,0.361,1.69e-13,"ULK1"
"NKIRAS1",9.25e-18,0.268,0.474,0.42,1.72e-13,"NKIRAS1"
"TMSB15B.1",9.4e-18,0.427,0.248,0.199,1.75e-13,"TMSB15B.1"
"SCNM1",9.47e-18,0.392,0.328,0.281,1.76e-13,"SCNM1"
"NCAM2",9.72e-18,-0.556,0.251,0.307,1.81e-13,"NCAM2"
"MRPS35",9.73e-18,0.248,0.52,0.474,1.81e-13,"MRPS35"
"ADAM10",1.01e-17,0.179,0.67,0.636,1.88e-13,"ADAM10"
"HSPA5",1.03e-17,0.212,0.714,0.681,1.91e-13,"HSPA5"
"ARMC6",1.04e-17,0.379,0.295,0.245,1.94e-13,"ARMC6"
"PHYHIP",1.06e-17,0.428,0.292,0.243,1.97e-13,"PHYHIP"
"TMEM25",1.13e-17,0.296,0.409,0.357,2.1e-13,"TMEM25"
"PLS3",1.13e-17,-0.119,0.038,0.067,2.11e-13,"PLS3"
"KLHL42",1.14e-17,0.21,0.57,0.522,2.12e-13,"KLHL42"
"SMIM29",1.17e-17,0.378,0.362,0.316,2.17e-13,"SMIM29"
"WDR13",1.18e-17,0.237,0.508,0.459,2.19e-13,"WDR13"
"DLG5",1.18e-17,0.2,0.571,0.524,2.2e-13,"DLG5"
"INTS11",1.24e-17,0.293,0.433,0.385,2.3e-13,"INTS11"
"ISCA1",1.24e-17,0.241,0.569,0.528,2.31e-13,"ISCA1"
"CS",1.25e-17,0.248,0.492,0.445,2.32e-13,"CS"
"TENM1",1.25e-17,-0.533,0.137,0.185,2.33e-13,"TENM1"
"CBX4",1.3e-17,0.268,0.497,0.451,2.41e-13,"CBX4"
"ANO6",1.3e-17,0.238,0.535,0.486,2.43e-13,"ANO6"
"DSE",1.33e-17,0.322,0.487,0.442,2.47e-13,"DSE"
"PPID",1.35e-17,0.248,0.486,0.436,2.51e-13,"PPID"
"KPNA6",1.37e-17,0.19,0.634,0.591,2.55e-13,"KPNA6"
"SIPA1L3",1.37e-17,0.136,0.694,0.662,2.56e-13,"SIPA1L3"
"GMFB",1.46e-17,0.279,0.525,0.479,2.71e-13,"GMFB"
"DGKI",1.48e-17,-0.505,0.553,0.598,2.75e-13,"DGKI"
"QRICH1",1.6e-17,0.202,0.536,0.486,2.97e-13,"QRICH1"
"USP1",1.6e-17,0.199,0.498,0.444,2.98e-13,"USP1"
"GRIK4",1.61e-17,-0.49,0.139,0.186,3e-13,"GRIK4"
"DTYMK",1.66e-17,0.277,0.393,0.341,3.09e-13,"DTYMK"
"CFHR1",1.69e-17,-3.745,0.001,0.011,3.14e-13,"CFHR1"
"ITGB8",1.72e-17,0.185,0.677,0.638,3.21e-13,"ITGB8"
"MAP2K4",1.76e-17,0.136,0.753,0.722,3.28e-13,"MAP2K4"
"THAP11",1.8e-17,0.32,0.375,0.326,3.36e-13,"THAP11"
"SYNJ2BP",1.84e-17,0.255,0.501,0.456,3.42e-13,"SYNJ2BP"
"VAT1",1.86e-17,0.369,0.343,0.293,3.45e-13,"VAT1"
"PRSS23",1.89e-17,-0.908,0.05,0.082,3.52e-13,"PRSS23"
"SENP2",1.94e-17,0.227,0.494,0.444,3.6e-13,"SENP2"
"OARD1",1.98e-17,0.275,0.446,0.396,3.68e-13,"OARD1"
"NEIL2",1.99e-17,0.402,0.282,0.233,3.7e-13,"NEIL2"
"USP39",2.04e-17,0.252,0.422,0.371,3.8e-13,"USP39"
"MED15",2.05e-17,0.214,0.612,0.569,3.81e-13,"MED15"
"BLOC1S4",2.11e-17,0.239,0.463,0.413,3.93e-13,"BLOC1S4"
"EGLN1",2.13e-17,0.151,0.675,0.63,3.96e-13,"EGLN1"
"SPECC1",2.15e-17,0.26,0.388,0.334,4e-13,"SPECC1"
"ZNF579",2.17e-17,0.304,0.404,0.355,4.05e-13,"ZNF579"
"DUSP8",2.18e-17,0.231,0.438,0.387,4.06e-13,"DUSP8"
"BTBD2",2.23e-17,0.27,0.456,0.405,4.15e-13,"BTBD2"
"TLN1",2.23e-17,0.267,0.449,0.403,4.16e-13,"TLN1"
"BRD8",2.24e-17,0.212,0.537,0.49,4.17e-13,"BRD8"
"GTPBP4",2.26e-17,0.244,0.477,0.431,4.2e-13,"GTPBP4"
"RNH1",2.35e-17,0.189,0.561,0.515,4.37e-13,"RNH1"
"APPL1",2.38e-17,0.169,0.699,0.659,4.44e-13,"APPL1"
"TFG",2.41e-17,0.172,0.64,0.593,4.48e-13,"TFG"
"TMOD3",2.44e-17,0.156,0.665,0.627,4.54e-13,"TMOD3"
"RAB3GAP2",2.44e-17,0.116,0.695,0.65,4.55e-13,"RAB3GAP2"
"RUNDC3A",2.47e-17,0.32,0.358,0.305,4.61e-13,"RUNDC3A"
"REV1",2.54e-17,0.178,0.577,0.525,4.73e-13,"REV1"
"DNLZ",2.55e-17,0.424,0.269,0.221,4.74e-13,"DNLZ"
"SLC1A3",2.59e-17,-0.197,0.377,0.311,4.82e-13,"SLC1A3"
"MT-ND6",2.6e-17,0.122,0.496,0.438,4.83e-13,"MT-ND6"
"POLR3GL",2.61e-17,0.273,0.541,0.499,4.86e-13,"POLR3GL"
"MTG1",2.7e-17,0.43,0.3,0.253,5.03e-13,"MTG1"
"SAP30L",2.75e-17,0.38,0.328,0.28,5.12e-13,"SAP30L"
"MRTFB",2.93e-17,0.118,0.743,0.706,5.46e-13,"MRTFB"
"TCERG1L",2.93e-17,-0.703,0.073,0.109,5.46e-13,"TCERG1L"
"CCDC25",3e-17,0.294,0.46,0.413,5.58e-13,"CCDC25"
"PRKCSH",3.05e-17,0.311,0.397,0.348,5.68e-13,"PRKCSH"
"WAPL",3.1e-17,0.158,0.603,0.555,5.77e-13,"WAPL"
"TASOR2",3.12e-17,0.158,0.666,0.623,5.81e-13,"TASOR2"
"CDC16",3.13e-17,0.199,0.544,0.492,5.83e-13,"CDC16"
"VTI1A",3.17e-17,0.104,0.79,0.755,5.91e-13,"VTI1A"
"SUPT20H",3.2e-17,0.172,0.677,0.639,5.95e-13,"SUPT20H"
"SKIL",3.26e-17,0.203,0.541,0.492,6.07e-13,"SKIL"
"ZNF491",3.26e-17,0.343,0.324,0.272,6.07e-13,"ZNF491"
"SCAF1",3.27e-17,0.325,0.379,0.329,6.09e-13,"SCAF1"
"LRRC40",3.33e-17,0.182,0.61,0.565,6.2e-13,"LRRC40"
"STRADA",3.34e-17,0.163,0.574,0.522,6.21e-13,"STRADA"
"INPP4A",3.36e-17,0.139,0.737,0.702,6.25e-13,"INPP4A"
"INSIG1",3.42e-17,0.237,0.603,0.557,6.36e-13,"INSIG1"
"CCDC97",3.47e-17,0.359,0.283,0.233,6.45e-13,"CCDC97"
"FBH1",3.49e-17,0.267,0.397,0.346,6.49e-13,"FBH1"
"DPF2",3.54e-17,0.213,0.508,0.459,6.6e-13,"DPF2"
"RNF122",3.54e-17,0.454,0.28,0.233,6.6e-13,"RNF122"
"CCDC171",3.7e-17,-0.507,0.532,0.583,6.88e-13,"CCDC171"
"PAXX",3.7e-17,0.27,0.532,0.493,6.89e-13,"PAXX"
"SLC66A2",3.8e-17,0.265,0.437,0.385,7.08e-13,"SLC66A2"
"SYTL2",3.83e-17,-0.907,0.035,0.062,7.13e-13,"SYTL2"
"EIF2B1",3.85e-17,0.29,0.434,0.383,7.16e-13,"EIF2B1"
"REEP1",3.89e-17,0.112,0.765,0.719,7.25e-13,"REEP1"
"ADGRV1",4.03e-17,-0.277,0.504,0.443,7.49e-13,"ADGRV1"
"USF3",4.04e-17,0.256,0.483,0.43,7.52e-13,"USF3"
"ANKFY1",4.13e-17,0.165,0.654,0.614,7.68e-13,"ANKFY1"
"NCBP2AS2",4.23e-17,0.262,0.424,0.376,7.87e-13,"NCBP2AS2"
"NOL4L",4.26e-17,0.224,0.562,0.517,7.92e-13,"NOL4L"
"SF3B3",4.3e-17,0.203,0.556,0.508,8e-13,"SF3B3"
"ATG7",4.3e-17,0.165,0.606,0.568,8e-13,"ATG7"
"KLHL28",4.36e-17,0.115,0.662,0.614,8.12e-13,"KLHL28"
"ZKSCAN8",4.41e-17,0.317,0.341,0.292,8.21e-13,"ZKSCAN8"
"ERCC6L2",4.42e-17,0.136,0.686,0.644,8.22e-13,"ERCC6L2"
"NR6A1",4.42e-17,0.13,0.659,0.616,8.23e-13,"NR6A1"
"COPS2",4.44e-17,0.227,0.596,0.554,8.27e-13,"COPS2"
"VASP",4.46e-17,0.513,0.187,0.143,8.31e-13,"VASP"
"SENP6",4.47e-17,0.101,0.848,0.815,8.31e-13,"SENP6"
"DUSP12",4.53e-17,0.299,0.449,0.403,8.43e-13,"DUSP12"
"KCNA3",4.54e-17,-0.659,0.105,0.146,8.44e-13,"KCNA3"
"STRIP1",4.64e-17,0.244,0.473,0.425,8.63e-13,"STRIP1"
"INPP5A",4.76e-17,0.301,0.364,0.313,8.85e-13,"INPP5A"
"NAA11",4.91e-17,0.887,0.073,0.044,9.14e-13,"NAA11"
"PLEKHA6",5.01e-17,0.134,0.59,0.534,9.32e-13,"PLEKHA6"
"GPAA1",5.03e-17,0.269,0.477,0.434,9.36e-13,"GPAA1"
"MED30",5.15e-17,0.318,0.381,0.331,9.58e-13,"MED30"
"URI1",5.31e-17,0.123,0.683,0.641,9.88e-13,"URI1"
"LCA5",5.35e-17,0.337,0.376,0.327,9.96e-13,"LCA5"
"DCP1A",5.42e-17,0.173,0.614,0.564,1.01e-12,"DCP1A"
"PORCN",5.43e-17,0.293,0.305,0.257,1.01e-12,"PORCN"
"FAM193B",5.51e-17,0.223,0.565,0.517,1.03e-12,"FAM193B"
"OSBPL6",5.54e-17,-0.512,0.244,0.299,1.03e-12,"OSBPL6"
"B3GLCT",5.58e-17,-0.968,0.041,0.069,1.04e-12,"B3GLCT"
"EIF2S1",5.58e-17,0.234,0.527,0.48,1.04e-12,"EIF2S1"
"ACADM",5.66e-17,0.272,0.483,0.438,1.05e-12,"ACADM"
"ANKMY2",5.69e-17,0.29,0.43,0.381,1.06e-12,"ANKMY2"
"TOMM70",5.84e-17,0.168,0.576,0.527,1.09e-12,"TOMM70"
"NFRKB",5.85e-17,0.323,0.344,0.293,1.09e-12,"NFRKB"
"CARM1",6.05e-17,0.254,0.479,0.433,1.13e-12,"CARM1"
"SLC2A6",6.05e-17,0.306,0.373,0.322,1.13e-12,"SLC2A6"
"TBCK",6.06e-17,0.107,0.809,0.785,1.13e-12,"TBCK"
"MRPL58",6.11e-17,0.33,0.366,0.319,1.14e-12,"MRPL58"
"ATG101",6.25e-17,0.322,0.357,0.309,1.16e-12,"ATG101"
"SEC61A1",6.38e-17,0.294,0.42,0.369,1.19e-12,"SEC61A1"
"PRKCI",6.84e-17,0.164,0.7,0.659,1.27e-12,"PRKCI"
"DHCR7",6.84e-17,0.233,0.62,0.582,1.27e-12,"DHCR7"
"TUSC2",6.85e-17,0.266,0.463,0.414,1.27e-12,"TUSC2"
"VTI1B",7.03e-17,0.206,0.605,0.558,1.31e-12,"VTI1B"
"AP1B1",7.36e-17,0.337,0.354,0.304,1.37e-12,"AP1B1"
"TSPAN6",7.38e-17,0.324,0.307,0.257,1.37e-12,"TSPAN6"
"TBC1D20",7.42e-17,0.304,0.389,0.342,1.38e-12,"TBC1D20"
"XPA",7.44e-17,0.168,0.571,0.517,1.39e-12,"XPA"
"ZDHHC15",7.47e-17,0.235,0.555,0.512,1.39e-12,"ZDHHC15"
"MPC1",7.54e-17,0.19,0.68,0.644,1.4e-12,"MPC1"
"ALDH18A1",7.65e-17,0.279,0.414,0.36,1.42e-12,"ALDH18A1"
"REEP3",7.73e-17,0.334,0.439,0.389,1.44e-12,"REEP3"
"STK38",7.93e-17,0.144,0.603,0.554,1.48e-12,"STK38"
"RCOR3",8.2e-17,0.182,0.6,0.553,1.53e-12,"RCOR3"
"JADE1",8.59e-17,0.178,0.465,0.411,1.6e-12,"JADE1"
"SMIM8",8.65e-17,0.18,0.691,0.655,1.61e-12,"SMIM8"
"TEX9",8.68e-17,0.409,0.294,0.246,1.62e-12,"TEX9"
"KCTD1",8.72e-17,0.256,0.479,0.435,1.62e-12,"KCTD1"
"NRF1",8.74e-17,0.167,0.642,0.597,1.63e-12,"NRF1"
"UBAC2",8.75e-17,0.198,0.61,0.566,1.63e-12,"UBAC2"
"MTX2",8.81e-17,0.132,0.78,0.748,1.64e-12,"MTX2"
"SORD",8.91e-17,0.358,0.333,0.284,1.66e-12,"SORD"
"MAD2L1BP",8.98e-17,0.37,0.32,0.273,1.67e-12,"MAD2L1BP"
"TNPO2",9.41e-17,0.201,0.483,0.431,1.75e-12,"TNPO2"
"ZNF143",9.67e-17,0.314,0.432,0.389,1.8e-12,"ZNF143"
"ME2",9.78e-17,0.154,0.698,0.657,1.82e-12,"ME2"
"PPME1",9.79e-17,0.162,0.642,0.599,1.82e-12,"PPME1"
"NAXD",9.87e-17,0.317,0.348,0.301,1.84e-12,"NAXD"
"PABPN1",1e-16,0.208,0.618,0.577,1.87e-12,"PABPN1"
"TERF2",1.01e-16,0.235,0.476,0.425,1.88e-12,"TERF2"
"ZNF75A",1.05e-16,0.244,0.539,0.495,1.95e-12,"ZNF75A"
"IFIT5",1.06e-16,0.35,0.357,0.308,1.97e-12,"IFIT5"
"NUTM2E",1.07e-16,0.225,0.467,0.418,2e-12,"NUTM2E"
"ATP8B4",1.07e-16,-2.551,0.006,0.02,2e-12,"ATP8B4"
"RNF126",1.09e-16,0.292,0.428,0.38,2.03e-12,"RNF126"
"ELOVL2",1.11e-16,0.206,0.495,0.446,2.07e-12,"ELOVL2"
"CACNA1D",1.14e-16,-0.588,0.153,0.2,2.12e-12,"CACNA1D"
"SLC2A13",1.15e-16,-0.491,0.107,0.149,2.13e-12,"SLC2A13"
"CCZ1",1.15e-16,0.181,0.487,0.435,2.14e-12,"CCZ1"
"YES1",1.16e-16,0.253,0.467,0.416,2.15e-12,"YES1"
"UBFD1",1.16e-16,0.368,0.34,0.294,2.16e-12,"UBFD1"
"G6PD",1.2e-16,0.319,0.337,0.289,2.23e-12,"G6PD"
"PPP1R18",1.2e-16,0.322,0.357,0.309,2.24e-12,"PPP1R18"
"NTM",1.25e-16,-0.138,0.555,0.624,2.33e-12,"NTM"
"C16orf87",1.26e-16,0.156,0.701,0.659,2.34e-12,"C16orf87"
"SPNS1",1.29e-16,0.338,0.358,0.31,2.4e-12,"SPNS1"
"AFG3L2",1.3e-16,0.279,0.442,0.396,2.42e-12,"AFG3L2"
"POLR2D",1.36e-16,0.237,0.413,0.36,2.54e-12,"POLR2D"
"CSTF3",1.36e-16,0.113,0.774,0.745,2.54e-12,"CSTF3"
"MCF2L",1.38e-16,0.151,0.554,0.505,2.58e-12,"MCF2L"
"MRPL13",1.38e-16,0.207,0.531,0.485,2.58e-12,"MRPL13"
"ADAT2",1.39e-16,-0.805,0.045,0.074,2.59e-12,"ADAT2"
"PIP5K1C",1.41e-16,0.232,0.416,0.366,2.62e-12,"PIP5K1C"
"BCL7C",1.41e-16,0.231,0.549,0.503,2.63e-12,"BCL7C"
"ACVR1B",1.42e-16,0.213,0.56,0.514,2.64e-12,"ACVR1B"
"SHKBP1",1.43e-16,0.492,0.201,0.157,2.66e-12,"SHKBP1"
"STPG4",1.44e-16,0.379,0.324,0.275,2.67e-12,"STPG4"
"CNIH4",1.44e-16,0.255,0.487,0.442,2.68e-12,"CNIH4"
"MRPS30",1.47e-16,0.307,0.397,0.347,2.74e-12,"MRPS30"
"TOX4",1.51e-16,0.22,0.552,0.501,2.81e-12,"TOX4"
"EXOC7",1.56e-16,0.23,0.496,0.448,2.9e-12,"EXOC7"
"ALDH9A1",1.58e-16,0.267,0.364,0.311,2.94e-12,"ALDH9A1"
"SLC25A14",1.6e-16,0.286,0.468,0.421,2.97e-12,"SLC25A14"
"MLLT6",1.61e-16,0.341,0.352,0.305,2.99e-12,"MLLT6"
"CES2",1.68e-16,0.35,0.341,0.293,3.12e-12,"CES2"
"NOC4L",1.68e-16,0.452,0.243,0.197,3.13e-12,"NOC4L"
"ZNF714",1.69e-16,0.14,0.703,0.668,3.14e-12,"ZNF714"
"SPAG7",1.72e-16,0.262,0.505,0.465,3.2e-12,"SPAG7"
"BRMS1L",1.72e-16,0.235,0.43,0.377,3.21e-12,"BRMS1L"
"ACTR10",1.81e-16,0.11,0.81,0.775,3.37e-12,"ACTR10"
"DHRS3",1.81e-16,-0.724,0.036,0.062,3.38e-12,"DHRS3"
"ENO2",1.82e-16,0.122,0.788,0.76,3.38e-12,"ENO2"
"LRRN3",1.84e-16,-0.705,0.115,0.156,3.43e-12,"LRRN3"
"FRRS1L",1.91e-16,-0.468,0.358,0.41,3.56e-12,"FRRS1L"
"PPFIA1",1.98e-16,0.183,0.625,0.583,3.69e-12,"PPFIA1"
"ZXDC",2.01e-16,0.18,0.643,0.599,3.74e-12,"ZXDC"
"IRS1",2.03e-16,0.563,0.144,0.104,3.79e-12,"IRS1"
"USP13",2.04e-16,0.212,0.549,0.51,3.79e-12,"USP13"
"RBM4",2.19e-16,0.145,0.618,0.576,4.08e-12,"RBM4"
"KMT2B",2.23e-16,0.234,0.466,0.416,4.16e-12,"KMT2B"
"ACAA1",2.25e-16,0.302,0.394,0.345,4.19e-12,"ACAA1"
"GOSR2",2.26e-16,0.199,0.549,0.498,4.21e-12,"GOSR2"
"SLCO6A1",2.27e-16,0.725,0.093,0.06,4.22e-12,"SLCO6A1"
"DNAJB5",2.28e-16,0.295,0.388,0.341,4.25e-12,"DNAJB5"
"NAT14",2.32e-16,0.284,0.386,0.338,4.32e-12,"NAT14"
"NEURL1B",2.37e-16,-0.759,0.053,0.084,4.41e-12,"NEURL1B"
"DNTTIP1",2.39e-16,0.283,0.38,0.33,4.45e-12,"DNTTIP1"
"CHURC1",2.41e-16,0.196,0.637,0.594,4.49e-12,"CHURC1"
"KIRREL1",2.45e-16,0.213,0.58,0.531,4.55e-12,"KIRREL1"
"SMAD1",2.46e-16,0.25,0.527,0.484,4.57e-12,"SMAD1"
"WWP2",2.48e-16,0.297,0.43,0.385,4.62e-12,"WWP2"
"MME",2.49e-16,0.96,0.077,0.048,4.63e-12,"MME"
"DIAPH1",2.5e-16,0.17,0.558,0.507,4.66e-12,"DIAPH1"
"ENOX2",2.56e-16,0.231,0.562,0.523,4.76e-12,"ENOX2"
"ZMYND19",2.61e-16,0.318,0.346,0.298,4.87e-12,"ZMYND19"
"CMBL",2.62e-16,0.234,0.474,0.424,4.88e-12,"CMBL"
"UBXN6",2.63e-16,0.349,0.335,0.288,4.89e-12,"UBXN6"
"SP4",2.69e-16,0.241,0.501,0.456,5.01e-12,"SP4"
"PHF5A",2.74e-16,0.26,0.437,0.39,5.09e-12,"PHF5A"
"GON4L",2.76e-16,0.132,0.678,0.635,5.14e-12,"GON4L"
"GIGYF1",2.77e-16,0.276,0.419,0.37,5.15e-12,"GIGYF1"
"CLK1",2.86e-16,0.209,0.492,0.443,5.32e-12,"CLK1"
"TAF11",2.99e-16,0.238,0.496,0.452,5.57e-12,"TAF11"
"KIAA1217",3.01e-16,-1.075,0.099,0.136,5.61e-12,"KIAA1217"
"SURF1",3.11e-16,0.276,0.485,0.442,5.79e-12,"SURF1"
"ARMC8",3.14e-16,0.133,0.718,0.672,5.84e-12,"ARMC8"
"GPATCH2",3.18e-16,0.247,0.523,0.484,5.92e-12,"GPATCH2"
"FEZF2",3.27e-16,0.252,0.409,0.355,6.1e-12,"FEZF2"
"DCAF12",3.33e-16,0.353,0.347,0.301,6.2e-12,"DCAF12"
"TTLL5",3.35e-16,0.113,0.741,0.701,6.23e-12,"TTLL5"
"SCYL2",3.47e-16,0.153,0.645,0.598,6.46e-12,"SCYL2"
"PCDHB2",3.52e-16,0.325,0.432,0.384,6.56e-12,"PCDHB2"
"PRUNE2",3.54e-16,-0.61,0.087,0.124,6.6e-12,"PRUNE2"
"TTC7B",3.56e-16,0.173,0.643,0.601,6.63e-12,"TTC7B"
"WDR18",3.61e-16,0.346,0.373,0.329,6.72e-12,"WDR18"
"IL33",3.69e-16,-0.841,0.052,0.082,6.87e-12,"IL33"
"IFT22",3.75e-16,0.299,0.405,0.358,6.97e-12,"IFT22"
"KATNA1",3.75e-16,0.266,0.43,0.38,6.98e-12,"KATNA1"
"APAF1",3.77e-16,0.258,0.369,0.318,7.03e-12,"APAF1"
"MAPK1",3.78e-16,0.103,0.726,0.69,7.03e-12,"MAPK1"
"TRIM27",3.88e-16,0.235,0.512,0.465,7.21e-12,"TRIM27"
"OGFR",3.91e-16,0.249,0.438,0.39,7.27e-12,"OGFR"
"ZDHHC4",3.92e-16,0.349,0.321,0.274,7.3e-12,"ZDHHC4"
"STK3",3.93e-16,-0.787,0.057,0.089,7.31e-12,"STK3"
"YEATS4",4.04e-16,0.273,0.455,0.413,7.53e-12,"YEATS4"
"PDHX",4.13e-16,0.199,0.625,0.578,7.69e-12,"PDHX"
"TGFBR1",4.19e-16,0.223,0.472,0.423,7.79e-12,"TGFBR1"
"WASF2",4.22e-16,0.208,0.509,0.463,7.86e-12,"WASF2"
"KLHDC10",4.28e-16,0.148,0.726,0.693,7.97e-12,"KLHDC10"
"RTL6",4.31e-16,0.265,0.392,0.343,8.03e-12,"RTL6"
"TSPAN31",4.46e-16,0.361,0.275,0.229,8.29e-12,"TSPAN31"
"CHST12",4.47e-16,0.333,0.316,0.271,8.33e-12,"CHST12"
"SLC6A17",4.48e-16,-1.383,0.016,0.034,8.34e-12,"SLC6A17"
"MFSD10",4.58e-16,0.299,0.399,0.354,8.52e-12,"MFSD10"
"PDPK1",4.67e-16,0.228,0.486,0.44,8.69e-12,"PDPK1"
"PPIL2",4.69e-16,0.216,0.459,0.406,8.73e-12,"PPIL2"
"RMND5B",4.69e-16,0.247,0.483,0.437,8.73e-12,"RMND5B"
"PPP5C",4.74e-16,0.216,0.54,0.493,8.83e-12,"PPP5C"
"SREK1IP1",4.78e-16,0.168,0.656,0.619,8.9e-12,"SREK1IP1"
"MSH2",4.82e-16,0.118,0.72,0.682,8.97e-12,"MSH2"
"H2BC11",4.89e-16,0.366,0.276,0.229,9.11e-12,"H2BC11"
"ABHD12",4.94e-16,0.198,0.541,0.5,9.19e-12,"ABHD12"
"TAC3",5.1e-16,0.767,0.133,0.094,9.5e-12,"TAC3"
"NXT1",5.14e-16,0.328,0.36,0.314,9.56e-12,"NXT1"
"RFXANK",5.54e-16,0.378,0.31,0.264,1.03e-11,"RFXANK"
"PTPN9",5.57e-16,0.179,0.58,0.541,1.04e-11,"PTPN9"
"FGF9",5.58e-16,0.337,0.319,0.27,1.04e-11,"FGF9"
"ATF6",5.63e-16,0.171,0.638,0.59,1.05e-11,"ATF6"
"NUP160",5.74e-16,0.126,0.742,0.703,1.07e-11,"NUP160"
"KIAA1549L",5.86e-16,0.136,0.728,0.7,1.09e-11,"KIAA1549L"
"NPPA",6.21e-16,0.486,0.191,0.147,1.16e-11,"NPPA"
"BMS1",6.26e-16,0.264,0.439,0.392,1.16e-11,"BMS1"
"ZNF717",6.33e-16,-0.359,0.183,0.234,1.18e-11,"ZNF717"
"THAP3",6.39e-16,0.349,0.31,0.262,1.19e-11,"THAP3"
"TNPO3",6.92e-16,0.141,0.67,0.63,1.29e-11,"TNPO3"
"CREM",7.25e-16,0.297,0.426,0.381,1.35e-11,"CREM"
"ZMAT5",7.29e-16,0.421,0.282,0.239,1.36e-11,"ZMAT5"
"GAB2",7.45e-16,0.123,0.685,0.646,1.39e-11,"GAB2"
"UCKL1",7.89e-16,0.352,0.292,0.247,1.47e-11,"UCKL1"
"ASTN2",7.93e-16,-0.629,0.293,0.345,1.48e-11,"ASTN2"
"MEX3C",7.99e-16,0.192,0.469,0.421,1.49e-11,"MEX3C"
"CD58",8.19e-16,0.438,0.262,0.216,1.52e-11,"CD58"
"TTYH3",8.49e-16,0.12,0.618,0.575,1.58e-11,"TTYH3"
"SPART",8.49e-16,0.177,0.486,0.436,1.58e-11,"SPART"
"KLHL12",8.53e-16,0.306,0.379,0.331,1.59e-11,"KLHL12"
"SUGP2",8.54e-16,0.118,0.665,0.625,1.59e-11,"SUGP2"
"SRSF1",8.89e-16,0.252,0.48,0.432,1.65e-11,"SRSF1"
"XKR7",9.03e-16,0.405,0.267,0.221,1.68e-11,"XKR7"
"PPP2R1B",9.16e-16,0.362,0.313,0.266,1.7e-11,"PPP2R1B"
"SHROOM3",9.2e-16,-0.129,0.539,0.481,1.71e-11,"SHROOM3"
"TMEM198",9.23e-16,0.379,0.265,0.218,1.72e-11,"TMEM198"
"PALMD",9.34e-16,0.18,0.576,0.525,1.74e-11,"PALMD"
"EIF2AK4",9.42e-16,0.164,0.637,0.594,1.75e-11,"EIF2AK4"
"NPC1",9.48e-16,0.206,0.499,0.453,1.76e-11,"NPC1"
"LAMA3",9.67e-16,-1.349,0.019,0.038,1.8e-11,"LAMA3"
"KRBA2",9.76e-16,0.247,0.464,0.413,1.82e-11,"KRBA2"
"VPS13A",9.81e-16,0.197,0.544,0.5,1.83e-11,"VPS13A"
"BCKDHA",9.85e-16,0.368,0.31,0.264,1.83e-11,"BCKDHA"
"VPS25",9.96e-16,0.279,0.416,0.372,1.85e-11,"VPS25"
"MRPL50",1.02e-15,0.315,0.371,0.323,1.89e-11,"MRPL50"
"SIPA1L2",1.04e-15,0.286,0.4,0.355,1.93e-11,"SIPA1L2"
"CDKN2AIP",1.05e-15,0.279,0.339,0.289,1.95e-11,"CDKN2AIP"
"ANKLE2",1.07e-15,0.24,0.443,0.396,1.99e-11,"ANKLE2"
"TUBG1",1.09e-15,0.306,0.346,0.301,2.02e-11,"TUBG1"
"MRPS5",1.1e-15,0.333,0.234,0.187,2.05e-11,"MRPS5"
"MED16",1.11e-15,0.372,0.301,0.254,2.06e-11,"MED16"
"SLC48A1",1.12e-15,0.521,0.198,0.156,2.08e-11,"SLC48A1"
"EFNA3",1.12e-15,0.322,0.403,0.358,2.09e-11,"EFNA3"
"NR1H2",1.13e-15,0.308,0.356,0.308,2.11e-11,"NR1H2"
"CCDC174",1.17e-15,0.27,0.373,0.323,2.17e-11,"CCDC174"
"SUN1",1.17e-15,0.127,0.683,0.64,2.19e-11,"SUN1"
"EGR1",1.21e-15,0.646,0.13,0.093,2.25e-11,"EGR1"
"GLDC",1.21e-15,0.257,0.383,0.334,2.26e-11,"GLDC"
"TECPR1",1.25e-15,0.261,0.397,0.348,2.32e-11,"TECPR1"
"SOD2",1.25e-15,0.16,0.631,0.592,2.33e-11,"SOD2"
"TACC2",1.27e-15,0.184,0.578,0.535,2.37e-11,"TACC2"
"FGFR1OP2",1.33e-15,0.268,0.438,0.392,2.47e-11,"FGFR1OP2"
"GNPDA2",1.34e-15,0.242,0.486,0.439,2.5e-11,"GNPDA2"
"GFPT1",1.39e-15,0.12,0.724,0.689,2.58e-11,"GFPT1"
"OSTN",1.39e-15,-0.685,0.047,0.076,2.58e-11,"OSTN"
"POU6F1",1.39e-15,0.309,0.342,0.293,2.58e-11,"POU6F1"
"CCDC138",1.39e-15,0.2,0.577,0.534,2.59e-11,"CCDC138"
"USE1",1.4e-15,0.322,0.325,0.277,2.6e-11,"USE1"
"CACNG4",1.41e-15,0.282,0.405,0.356,2.62e-11,"CACNG4"
"CDH20",1.41e-15,-0.831,0.107,0.147,2.63e-11,"CDH20"
"GLCE",1.41e-15,0.251,0.581,0.54,2.63e-11,"GLCE"
"WARS2",1.45e-15,0.285,0.389,0.341,2.69e-11,"WARS2"
"SEC22C",1.45e-15,0.17,0.538,0.488,2.71e-11,"SEC22C"
"RAD17",1.45e-15,0.229,0.438,0.392,2.71e-11,"RAD17"
"XPNPEP1",1.46e-15,0.264,0.412,0.366,2.72e-11,"XPNPEP1"
"UROS",1.48e-15,0.249,0.521,0.48,2.76e-11,"UROS"
"GTF2IRD2B",1.53e-15,0.173,0.474,0.423,2.85e-11,"GTF2IRD2B"
"MLST8",1.54e-15,0.423,0.266,0.222,2.87e-11,"MLST8"
"FGFR3",1.55e-15,-0.852,0.046,0.074,2.89e-11,"FGFR3"
"CCKBR",1.57e-15,-1.268,0.021,0.042,2.92e-11,"CCKBR"
"ZNF708",1.58e-15,0.183,0.616,0.574,2.94e-11,"ZNF708"
"ATG3",1.6e-15,0.234,0.475,0.428,2.97e-11,"ATG3"
"SURF4",1.6e-15,0.267,0.416,0.371,2.99e-11,"SURF4"
"GRIK5",1.61e-15,0.178,0.554,0.506,2.99e-11,"GRIK5"
"FRMPD3",1.64e-15,-0.459,0.102,0.142,3.05e-11,"FRMPD3"
"MACROD1",1.66e-15,0.252,0.424,0.377,3.1e-11,"MACROD1"
"DENND6A",1.69e-15,0.188,0.533,0.484,3.15e-11,"DENND6A"
"FLRT1",1.7e-15,0.276,0.364,0.314,3.16e-11,"FLRT1"
"ZRANB3",1.72e-15,-0.467,0.334,0.387,3.2e-11,"ZRANB3"
"SART3",1.73e-15,0.255,0.425,0.377,3.21e-11,"SART3"
"NECTIN3",1.73e-15,-0.601,0.155,0.199,3.21e-11,"NECTIN3"
"PRRC2A",1.74e-15,0.212,0.537,0.493,3.25e-11,"PRRC2A"
"AP3M1",1.75e-15,0.234,0.431,0.383,3.26e-11,"AP3M1"
"PLEKHA1",1.78e-15,0.18,0.583,0.54,3.32e-11,"PLEKHA1"
"KNOP1",1.79e-15,0.19,0.678,0.644,3.33e-11,"KNOP1"
"SCG5",1.8e-15,-0.607,0.066,0.098,3.35e-11,"SCG5"
"ADGRL1",1.82e-15,0.146,0.631,0.585,3.38e-11,"ADGRL1"
"CCDC12",1.89e-15,0.185,0.563,0.518,3.51e-11,"CCDC12"
"SPTBN2",1.97e-15,0.201,0.522,0.475,3.67e-11,"SPTBN2"
"MTMR9",2e-15,0.151,0.655,0.621,3.72e-11,"MTMR9"
"PARP8",2.07e-15,-0.706,0.052,0.081,3.85e-11,"PARP8"
"CLUAP1",2.07e-15,0.165,0.5,0.452,3.85e-11,"CLUAP1"
"TMEM59L",2.09e-15,0.136,0.686,0.639,3.89e-11,"TMEM59L"
"PRKAA2",2.12e-15,-0.386,0.261,0.315,3.94e-11,"PRKAA2"
"MLXIP",2.13e-15,0.191,0.494,0.443,3.96e-11,"MLXIP"
"ZSCAN16",2.14e-15,0.366,0.309,0.264,3.98e-11,"ZSCAN16"
"DTX1",2.18e-15,0.311,0.379,0.333,4.06e-11,"DTX1"
"ABLIM3",2.21e-15,-1.774,0.009,0.023,4.11e-11,"ABLIM3"
"AMBRA1",2.22e-15,0.125,0.672,0.634,4.14e-11,"AMBRA1"
"RAB1B",2.23e-15,0.363,0.319,0.274,4.15e-11,"RAB1B"
"GPR108",2.24e-15,0.494,0.196,0.154,4.16e-11,"GPR108"
"OSBP",2.24e-15,0.187,0.49,0.445,4.17e-11,"OSBP"
"EP400",2.25e-15,0.146,0.622,0.582,4.19e-11,"EP400"
"TRO",2.3e-15,0.281,0.354,0.305,4.28e-11,"TRO"
"GNG7",2.35e-15,0.412,0.235,0.19,4.37e-11,"GNG7"
"GID8",2.43e-15,0.224,0.486,0.44,4.52e-11,"GID8"
"EMC7",2.44e-15,0.216,0.487,0.443,4.54e-11,"EMC7"
"ERP44",2.47e-15,0.216,0.607,0.567,4.59e-11,"ERP44"
"CALU",2.47e-15,0.155,0.61,0.569,4.6e-11,"CALU"
"SNCA",2.48e-15,-0.389,0.712,0.736,4.62e-11,"SNCA"
"SELENON",2.54e-15,0.301,0.347,0.3,4.72e-11,"SELENON"
"LYPD6",2.54e-15,0.489,0.341,0.296,4.73e-11,"LYPD6"
"CEP135",2.55e-15,-0.555,0.14,0.184,4.75e-11,"CEP135"
"TFB1M",2.57e-15,0.269,0.327,0.278,4.78e-11,"TFB1M"
"ARG2",2.61e-15,0.176,0.612,0.57,4.86e-11,"ARG2"
"GPR37",2.64e-15,-0.812,0.066,0.098,4.92e-11,"GPR37"
"NUDT16L1",2.69e-15,0.35,0.347,0.303,5.01e-11,"NUDT16L1"
"WWP1",2.77e-15,0.214,0.538,0.489,5.16e-11,"WWP1"
"RAB2B",2.77e-15,0.336,0.306,0.258,5.16e-11,"RAB2B"
"FADD",2.84e-15,0.453,0.216,0.173,5.28e-11,"FADD"
"RBM22",2.88e-15,0.246,0.51,0.47,5.37e-11,"RBM22"
"TRAP1",2.89e-15,0.196,0.59,0.548,5.38e-11,"TRAP1"
"TRAPPC10",2.91e-15,0.178,0.487,0.435,5.41e-11,"TRAPPC10"
"PRH1",2.93e-15,0.129,0.644,0.603,5.46e-11,"PRH1"
"ZNF606",2.94e-15,0.311,0.315,0.267,5.48e-11,"ZNF606"
"PLEKHG2",2.95e-15,0.323,0.328,0.281,5.49e-11,"PLEKHG2"
"GALNT18",2.96e-15,-0.731,0.067,0.1,5.5e-11,"GALNT18"
"LRFN4",2.98e-15,0.259,0.414,0.362,5.54e-11,"LRFN4"
"NRBP1",3e-15,0.214,0.493,0.447,5.58e-11,"NRBP1"
"H2BC6",3.01e-15,0.516,0.165,0.125,5.61e-11,"H2BC6"
"SLC52A2",3.05e-15,0.321,0.322,0.274,5.67e-11,"SLC52A2"
"POLDIP3",3.05e-15,0.285,0.413,0.366,5.67e-11,"POLDIP3"
"AZI2",3.09e-15,0.234,0.525,0.484,5.75e-11,"AZI2"
"TTBK2",3.1e-15,0.117,0.684,0.643,5.76e-11,"TTBK2"
"SLC30A9",3.14e-15,0.109,0.669,0.623,5.84e-11,"SLC30A9"
"AIMP2",3.15e-15,0.216,0.43,0.378,5.87e-11,"AIMP2"
"ARL10",3.19e-15,0.177,0.51,0.461,5.94e-11,"ARL10"
"RRM2",3.24e-15,-0.541,0.037,0.062,6.04e-11,"RRM2"
"THEM6",3.26e-15,0.411,0.228,0.184,6.08e-11,"THEM6"
"GABPB2",3.27e-15,0.282,0.361,0.314,6.08e-11,"GABPB2"
"PRKG2",3.3e-15,0.503,0.22,0.176,6.14e-11,"PRKG2"
"ZC3H7B",3.3e-15,0.226,0.49,0.443,6.15e-11,"ZC3H7B"
"TTF1",3.33e-15,0.201,0.494,0.451,6.21e-11,"TTF1"
"NOLC1",3.35e-15,0.288,0.372,0.326,6.23e-11,"NOLC1"
"MRPS16",3.41e-15,0.163,0.578,0.536,6.35e-11,"MRPS16"
"CLDN20",3.53e-15,0.424,0.191,0.148,6.56e-11,"CLDN20"
"NBPF1",3.69e-15,0.218,0.43,0.381,6.86e-11,"NBPF1"
"PRKAR2A",3.69e-15,0.168,0.645,0.612,6.87e-11,"PRKAR2A"
"CACNA1A",3.72e-15,0.128,0.821,0.801,6.92e-11,"CACNA1A"
"NRBF2",3.86e-15,0.32,0.358,0.313,7.18e-11,"NRBF2"
"FAM118A",3.9e-15,0.22,0.492,0.449,7.25e-11,"FAM118A"
"ING1",3.96e-15,0.24,0.459,0.414,7.38e-11,"ING1"
"UBAP2",3.98e-15,0.107,0.695,0.652,7.4e-11,"UBAP2"
"IFTAP",4.06e-15,0.217,0.529,0.484,7.55e-11,"IFTAP"
"G6PC3",4.06e-15,0.334,0.333,0.288,7.56e-11,"G6PC3"
"ITGB1BP1",4.08e-15,0.148,0.645,0.606,7.59e-11,"ITGB1BP1"
"ZFX",4.15e-15,0.185,0.569,0.523,7.72e-11,"ZFX"
"ZNF184",4.23e-15,0.425,0.227,0.183,7.87e-11,"ZNF184"
"ZNF814",4.28e-15,0.189,0.561,0.517,7.97e-11,"ZNF814"
"RYR3",4.36e-15,-1.699,0.039,0.065,8.12e-11,"RYR3"
"TXLNG",4.39e-15,0.176,0.6,0.552,8.17e-11,"TXLNG"
"EVC",4.39e-15,0.313,0.357,0.312,8.17e-11,"EVC"
"R3HDM4",4.43e-15,0.357,0.323,0.279,8.24e-11,"R3HDM4"
"RIOK1",4.47e-15,0.288,0.38,0.333,8.32e-11,"RIOK1"
"PDZD11",4.51e-15,0.31,0.398,0.354,8.39e-11,"PDZD11"
"SECISBP2L",4.51e-15,0.137,0.699,0.666,8.4e-11,"SECISBP2L"
"OGT",4.58e-15,0.123,0.611,0.565,8.52e-11,"OGT"
"NTPCR",4.62e-15,0.302,0.35,0.305,8.6e-11,"NTPCR"
"RBFA",4.63e-15,0.203,0.517,0.473,8.63e-11,"RBFA"
"NDRG3",4.66e-15,0.204,0.459,0.414,8.68e-11,"NDRG3"
"NLK",4.68e-15,0.172,0.624,0.59,8.72e-11,"NLK"
"FAM174C",4.76e-15,0.349,0.325,0.282,8.86e-11,"FAM174C"
"SPRY2",4.77e-15,-0.616,0.126,0.167,8.87e-11,"SPRY2"
"VPS39",4.78e-15,0.197,0.441,0.391,8.89e-11,"VPS39"
"SNX10",4.86e-15,-0.392,0.209,0.26,9.04e-11,"SNX10"
"LRRC37A2",4.91e-15,0.175,0.45,0.398,9.13e-11,"LRRC37A2"
"STK17A",4.94e-15,0.23,0.506,0.463,9.2e-11,"STK17A"
"MAP3K12",5e-15,0.304,0.281,0.234,9.3e-11,"MAP3K12"
"UNC13B",5.03e-15,0.192,0.542,0.498,9.37e-11,"UNC13B"
"PPM1B",5.17e-15,0.164,0.584,0.545,9.62e-11,"PPM1B"
"HDAC3",5.22e-15,0.217,0.583,0.545,9.71e-11,"HDAC3"
"PHF12",5.25e-15,0.208,0.466,0.419,9.77e-11,"PHF12"
"RNF103",5.37e-15,0.346,0.264,0.219,9.99e-11,"RNF103"
"TOP2A",5.39e-15,-0.745,0.061,0.092,1e-10,"TOP2A"
"NAA35",5.4e-15,0.153,0.675,0.637,1.01e-10,"NAA35"
"PKIA",5.42e-15,0.106,0.885,0.855,1.01e-10,"PKIA"
"TVP23C-CDRT4",5.56e-15,0.216,0.446,0.397,1.03e-10,"TVP23C-CDRT4"
"IQCN",5.62e-15,0.607,0.139,0.103,1.05e-10,"IQCN"
"CAMK2B",5.67e-15,-0.389,0.324,0.376,1.06e-10,"CAMK2B"
"CRADD",5.87e-15,0.345,0.46,0.419,1.09e-10,"CRADD"
"SGTB",5.92e-15,0.241,0.457,0.412,1.1e-10,"SGTB"
"DUSP9",6.14e-15,-1.803,0.006,0.019,1.14e-10,"DUSP9"
"ENDOG",6.24e-15,0.29,0.435,0.393,1.16e-10,"ENDOG"
"TRMT11",6.35e-15,0.132,0.735,0.7,1.18e-10,"TRMT11"
"NDUFAF4",6.37e-15,0.304,0.363,0.318,1.18e-10,"NDUFAF4"
"SLC25A24",6.37e-15,0.291,0.422,0.375,1.19e-10,"SLC25A24"
"FEZ2",6.46e-15,0.144,0.657,0.614,1.2e-10,"FEZ2"
"RNF167",6.48e-15,0.292,0.372,0.328,1.21e-10,"RNF167"
"MGLL",6.48e-15,-0.471,0.264,0.314,1.21e-10,"MGLL"
"SUFU",6.74e-15,0.241,0.437,0.391,1.26e-10,"SUFU"
"ASB8",6.93e-15,0.209,0.554,0.518,1.29e-10,"ASB8"
"PPP2R5D",6.95e-15,0.302,0.338,0.293,1.29e-10,"PPP2R5D"
"XBP1",6.98e-15,0.33,0.324,0.278,1.3e-10,"XBP1"
"WNT7A",7.12e-15,0.371,0.254,0.209,1.33e-10,"WNT7A"
"DUSP18",7.22e-15,0.285,0.394,0.349,1.34e-10,"DUSP18"
"TRAPPC12",7.55e-15,0.164,0.567,0.519,1.4e-10,"TRAPPC12"
"ASAP3",7.58e-15,0.448,0.264,0.22,1.41e-10,"ASAP3"
"SLC39A10",7.72e-15,0.176,0.602,0.557,1.44e-10,"SLC39A10"
"KAT5",7.75e-15,0.318,0.344,0.3,1.44e-10,"KAT5"
"RANBP2",7.93e-15,0.169,0.558,0.516,1.48e-10,"RANBP2"
"CA5B",8.09e-15,0.15,0.63,0.593,1.51e-10,"CA5B"
"GPD2",8.25e-15,-0.8,0.051,0.079,1.53e-10,"GPD2"
"RMC1",8.28e-15,0.263,0.349,0.301,1.54e-10,"RMC1"
"MAD1L1",8.32e-15,0.188,0.479,0.435,1.55e-10,"MAD1L1"
"ACAP3",8.59e-15,0.222,0.441,0.393,1.6e-10,"ACAP3"
"CAPN1",8.66e-15,0.305,0.414,0.372,1.61e-10,"CAPN1"
"CXorf38",8.74e-15,0.442,0.245,0.203,1.63e-10,"CXorf38"
"ZNF703",8.9e-15,0.453,0.181,0.141,1.66e-10,"ZNF703"
"SNTG1",8.96e-15,0.677,0.161,0.122,1.67e-10,"SNTG1"
"ENTPD6",8.96e-15,0.279,0.405,0.361,1.67e-10,"ENTPD6"
"YME1L1",9.04e-15,0.118,0.732,0.7,1.68e-10,"YME1L1"
"WIZ",9.15e-15,0.247,0.436,0.392,1.7e-10,"WIZ"
"TRUB2",9.19e-15,0.357,0.316,0.271,1.71e-10,"TRUB2"
"IFT27",9.26e-15,0.313,0.356,0.311,1.72e-10,"IFT27"
"CITED1",9.46e-15,0.448,0.211,0.169,1.76e-10,"CITED1"
"BTBD1",9.57e-15,0.172,0.508,0.46,1.78e-10,"BTBD1"
"BOLA1",9.59e-15,0.448,0.238,0.195,1.78e-10,"BOLA1"
"MCAT",9.67e-15,0.407,0.233,0.189,1.8e-10,"MCAT"
"USP32",9.91e-15,0.105,0.745,0.712,1.85e-10,"USP32"
"POMK",1e-14,0.245,0.471,0.426,1.86e-10,"POMK"
"LRRC8B",1.01e-14,0.218,0.462,0.415,1.88e-10,"LRRC8B"
"DACH1",1.01e-14,-0.775,0.135,0.176,1.88e-10,"DACH1"
"CCM2",1.02e-14,0.207,0.578,0.539,1.89e-10,"CCM2"
"CTPS2",1.02e-14,0.131,0.667,0.638,1.9e-10,"CTPS2"
"TBRG1",1.03e-14,0.195,0.583,0.541,1.91e-10,"TBRG1"
"FBXO46",1.04e-14,0.396,0.234,0.192,1.94e-10,"FBXO46"
"ALKBH5",1.05e-14,0.18,0.511,0.464,1.95e-10,"ALKBH5"
"SGK1",1.06e-14,0.158,0.569,0.519,1.97e-10,"SGK1"
"TDP2",1.07e-14,0.214,0.458,0.413,1.99e-10,"TDP2"
"SCOC",1.15e-14,0.163,0.607,0.57,2.13e-10,"SCOC"
"DDX39A",1.15e-14,0.262,0.413,0.367,2.14e-10,"DDX39A"
"NEPRO",1.15e-14,0.273,0.384,0.339,2.14e-10,"NEPRO"
"YIPF6",1.16e-14,0.252,0.469,0.425,2.15e-10,"YIPF6"
"PELP1",1.16e-14,0.265,0.419,0.374,2.16e-10,"PELP1"
"TMEM237",1.18e-14,0.265,0.379,0.332,2.2e-10,"TMEM237"
"NR4A2",1.21e-14,-0.754,0.138,0.18,2.24e-10,"NR4A2"
"TIMMDC1",1.24e-14,0.192,0.542,0.495,2.31e-10,"TIMMDC1"
"YIPF5",1.25e-14,0.252,0.415,0.369,2.33e-10,"YIPF5"
"FAXC",1.27e-14,0.185,0.582,0.538,2.36e-10,"FAXC"
"ZBTB1",1.27e-14,0.17,0.527,0.479,2.37e-10,"ZBTB1"
"HSPA13",1.28e-14,0.165,0.617,0.577,2.39e-10,"HSPA13"
"KRR1",1.3e-14,0.21,0.554,0.514,2.42e-10,"KRR1"
"KBTBD11",1.35e-14,0.233,0.451,0.406,2.51e-10,"KBTBD11"
"ATXN7L3",1.35e-14,0.273,0.331,0.283,2.51e-10,"ATXN7L3"
"MRPL30",1.37e-14,0.265,0.394,0.35,2.54e-10,"MRPL30"
"CDK6",1.4e-14,-0.684,0.058,0.088,2.6e-10,"CDK6"
"XRCC2",1.42e-14,-1.003,0.029,0.052,2.63e-10,"XRCC2"
"SLC11A2",1.42e-14,0.261,0.399,0.353,2.65e-10,"SLC11A2"
"LRRC1",1.49e-14,-0.642,0.207,0.253,2.78e-10,"LRRC1"
"ZNF410",1.5e-14,0.211,0.485,0.44,2.79e-10,"ZNF410"
"TBC1D19",1.51e-14,0.173,0.668,0.629,2.81e-10,"TBC1D19"
"RELA",1.55e-14,0.369,0.253,0.21,2.88e-10,"RELA"
"ZER1",1.56e-14,0.208,0.482,0.436,2.9e-10,"ZER1"
"IQCE",1.58e-14,0.189,0.498,0.456,2.94e-10,"IQCE"
"CEP250",1.62e-14,0.214,0.455,0.409,3.01e-10,"CEP250"
"PXMP2",1.62e-14,0.337,0.247,0.203,3.01e-10,"PXMP2"
"CCDC43",1.63e-14,0.307,0.316,0.271,3.04e-10,"CCDC43"
"UNK",1.67e-14,0.194,0.482,0.433,3.11e-10,"UNK"
"ABCA5",1.7e-14,-0.951,0.03,0.053,3.16e-10,"ABCA5"
"MDP1",1.78e-14,0.323,0.336,0.292,3.3e-10,"MDP1"
"CPEB3",1.78e-14,0.148,0.662,0.628,3.32e-10,"CPEB3"
"TMEM115",1.83e-14,0.404,0.239,0.197,3.4e-10,"TMEM115"
"TMEM161B",1.91e-14,0.197,0.478,0.429,3.56e-10,"TMEM161B"
"ATAD1",1.93e-14,0.158,0.707,0.68,3.59e-10,"ATAD1"
"THOC1",1.95e-14,0.144,0.656,0.613,3.63e-10,"THOC1"
"SHANK1",2.02e-14,0.143,0.534,0.484,3.76e-10,"SHANK1"
"CCDC175",2.02e-14,0.488,0.176,0.136,3.76e-10,"CCDC175"
"OSTC",2.03e-14,0.191,0.555,0.511,3.77e-10,"OSTC"
"TSNAX",2.04e-14,0.189,0.539,0.496,3.79e-10,"TSNAX"
"LIX1L",2.05e-14,0.187,0.471,0.427,3.81e-10,"LIX1L"
"ST6GALNAC5",2.08e-14,-0.483,0.193,0.239,3.87e-10,"ST6GALNAC5"
"LTN1",2.15e-14,0.186,0.523,0.485,4e-10,"LTN1"
"SNUPN",2.17e-14,0.314,0.344,0.302,4.04e-10,"SNUPN"
"UBAP1",2.19e-14,0.169,0.545,0.506,4.07e-10,"UBAP1"
"VPS45",2.23e-14,0.163,0.637,0.598,4.15e-10,"VPS45"
"RGMB",2.29e-14,0.357,0.378,0.333,4.26e-10,"RGMB"
"ZC3H8",2.34e-14,0.114,0.698,0.662,4.36e-10,"ZC3H8"
"LEO1",2.39e-14,0.181,0.578,0.534,4.44e-10,"LEO1"
"NISCH",2.4e-14,0.16,0.486,0.437,4.47e-10,"NISCH"
"ZNF544",2.43e-14,0.169,0.554,0.515,4.52e-10,"ZNF544"
"ITGAE",2.45e-14,0.288,0.443,0.401,4.57e-10,"ITGAE"
"PDZD4",2.47e-14,0.201,0.461,0.416,4.6e-10,"PDZD4"
"ENOPH1",2.62e-14,0.154,0.674,0.635,4.87e-10,"ENOPH1"
"SARM1",2.64e-14,0.14,0.558,0.512,4.91e-10,"SARM1"
"CCDC91",2.71e-14,0.132,0.669,0.637,5.05e-10,"CCDC91"
"CCNQ",2.72e-14,0.372,0.247,0.205,5.06e-10,"CCNQ"
"PAQR4",2.72e-14,0.35,0.289,0.245,5.06e-10,"PAQR4"
"ABHD8",2.73e-14,0.234,0.444,0.402,5.08e-10,"ABHD8"
"ZNF518B",2.74e-14,0.26,0.403,0.356,5.1e-10,"ZNF518B"
"NADK",2.75e-14,0.4,0.276,0.235,5.12e-10,"NADK"
"ATG4D",2.79e-14,0.382,0.256,0.212,5.2e-10,"ATG4D"
"ZNF92",2.82e-14,0.254,0.487,0.446,5.24e-10,"ZNF92"
"UBE2Q2",2.86e-14,0.183,0.514,0.47,5.32e-10,"UBE2Q2"
"EIPR1",2.87e-14,0.223,0.493,0.454,5.34e-10,"EIPR1"
"AKAP17A",2.88e-14,0.255,0.327,0.282,5.37e-10,"AKAP17A"
"TM2D3",2.89e-14,0.156,0.683,0.643,5.38e-10,"TM2D3"
"LAMTOR3",2.93e-14,0.249,0.455,0.415,5.46e-10,"LAMTOR3"
"ZNF775",2.95e-14,0.258,0.395,0.351,5.49e-10,"ZNF775"
"CNST",2.96e-14,0.237,0.488,0.444,5.51e-10,"CNST"
"ARX",2.96e-14,-0.864,0.038,0.063,5.51e-10,"ARX"
"TMED7",3.01e-14,0.234,0.419,0.375,5.6e-10,"TMED7"
"HSD17B7",3.02e-14,0.264,0.47,0.428,5.62e-10,"HSD17B7"
"OGDH",3.08e-14,0.151,0.588,0.548,5.72e-10,"OGDH"
"RIOK3",3.11e-14,0.219,0.473,0.431,5.8e-10,"RIOK3"
"GTF2H5",3.13e-14,0.173,0.699,0.669,5.83e-10,"GTF2H5"
"DPP10",3.16e-14,-1.36,0.474,0.512,5.88e-10,"DPP10"
"VPS33A",3.18e-14,0.334,0.324,0.281,5.92e-10,"VPS33A"
"TBC1D22A",3.2e-14,0.162,0.583,0.542,5.96e-10,"TBC1D22A"
"ACD",3.24e-14,0.326,0.328,0.287,6.03e-10,"ACD"
"RPN1",3.3e-14,0.237,0.475,0.432,6.14e-10,"RPN1"
"FBXO22",3.32e-14,0.18,0.586,0.548,6.18e-10,"FBXO22"
"FAM13C",3.36e-14,0.227,0.474,0.429,6.25e-10,"FAM13C"
"SLC35F6",3.36e-14,0.443,0.214,0.173,6.25e-10,"SLC35F6"
"SYNGAP1",3.39e-14,0.162,0.572,0.527,6.31e-10,"SYNGAP1"
"PEX14",3.4e-14,0.254,0.41,0.364,6.33e-10,"PEX14"
"ENSG00000280325",3.48e-14,0.541,0.142,0.106,6.49e-10,"ENSG00000280325"
"LATS1",3.53e-14,0.17,0.609,0.567,6.56e-10,"LATS1"
"SETX",3.56e-14,0.132,0.6,0.559,6.62e-10,"SETX"
"CSGALNACT2",3.58e-14,0.125,0.693,0.658,6.67e-10,"CSGALNACT2"
"CDH9",3.63e-14,-3.156,0.004,0.015,6.75e-10,"CDH9"
"UBE2E2",3.63e-14,-0.358,0.47,0.527,6.76e-10,"UBE2E2"
"TOR1AIP2",3.64e-14,0.204,0.496,0.453,6.77e-10,"TOR1AIP2"
"SEMA5B",3.69e-14,0.152,0.507,0.461,6.86e-10,"SEMA5B"
"UTP3",3.69e-14,0.356,0.302,0.259,6.87e-10,"UTP3"
"NCBP3",3.89e-14,0.215,0.517,0.474,7.24e-10,"NCBP3"
"TRIM23",3.95e-14,0.214,0.476,0.433,7.35e-10,"TRIM23"
"HSPA1A",3.99e-14,-2.268,0.008,0.021,7.42e-10,"HSPA1A"
"SLC3A2",4e-14,0.13,0.545,0.5,7.45e-10,"SLC3A2"
"ZNF766",4.03e-14,0.204,0.517,0.476,7.5e-10,"ZNF766"
"PLEKHM2",4.15e-14,0.233,0.427,0.381,7.72e-10,"PLEKHM2"
"MNT",4.16e-14,0.413,0.253,0.211,7.74e-10,"MNT"
"PAPPA",4.23e-14,-1.408,0.022,0.042,7.87e-10,"PAPPA"
"LRBA",4.23e-14,0.131,0.634,0.599,7.87e-10,"LRBA"
"CMTR1",4.26e-14,0.322,0.307,0.262,7.93e-10,"CMTR1"
"DHX16",4.3e-14,0.338,0.286,0.242,8e-10,"DHX16"
"NBR1",4.3e-14,0.267,0.376,0.332,8.01e-10,"NBR1"
"ZNF649",4.3e-14,0.349,0.318,0.276,8.01e-10,"ZNF649"
"TSNARE1",4.35e-14,0.28,0.36,0.314,8.1e-10,"TSNARE1"
"UNC119",4.39e-14,0.255,0.49,0.451,8.17e-10,"UNC119"
"ING2",4.44e-14,-0.457,0.252,0.3,8.26e-10,"ING2"
"RAPGEF4",4.46e-14,-0.667,0.132,0.172,8.31e-10,"RAPGEF4"
"TRIM8",4.47e-14,0.372,0.259,0.215,8.32e-10,"TRIM8"
"SORL1",4.49e-14,0.212,0.524,0.479,8.36e-10,"SORL1"
"RAPGEF1",4.62e-14,0.14,0.667,0.628,8.6e-10,"RAPGEF1"
"DIAPH3",4.69e-14,-1.003,0.053,0.081,8.72e-10,"DIAPH3"
"SAP30",4.73e-14,0.173,0.503,0.457,8.81e-10,"SAP30"
"ZNF346",4.74e-14,0.17,0.543,0.497,8.81e-10,"ZNF346"
"FAM98B",4.75e-14,0.24,0.432,0.39,8.83e-10,"FAM98B"
"ZC3H12B",4.75e-14,-0.22,0.544,0.61,8.84e-10,"ZC3H12B"
"DESI2",4.78e-14,0.218,0.402,0.36,8.89e-10,"DESI2"
"GRAMD4",4.79e-14,0.252,0.304,0.259,8.91e-10,"GRAMD4"
"COG6",4.84e-14,0.195,0.587,0.548,9.01e-10,"COG6"
"SERINC2",4.94e-14,0.307,0.382,0.342,9.2e-10,"SERINC2"
"PINK1",5.03e-14,0.231,0.465,0.421,9.37e-10,"PINK1"
"MIER2",5.14e-14,0.372,0.214,0.172,9.57e-10,"MIER2"
"UBN2",5.14e-14,0.142,0.664,0.624,9.58e-10,"UBN2"
"PCDH15",5.15e-14,-0.82,0.097,0.133,9.59e-10,"PCDH15"
"ST3GAL1",5.27e-14,-0.585,0.385,0.428,9.81e-10,"ST3GAL1"
"ALG5",5.28e-14,0.241,0.488,0.449,9.82e-10,"ALG5"
"SLC39A11",5.31e-14,0.32,0.438,0.398,9.89e-10,"SLC39A11"
"MEX3B",5.33e-14,0.223,0.432,0.389,9.93e-10,"MEX3B"
"CDK5RAP3",5.36e-14,0.24,0.451,0.412,9.99e-10,"CDK5RAP3"
"CDV3",5.37e-14,0.148,0.563,0.523,1e-09,"CDV3"
"PGBD1",5.64e-14,0.248,0.469,0.427,1.05e-09,"PGBD1"
"KIN",5.64e-14,0.2,0.482,0.44,1.05e-09,"KIN"
"IFI44L",5.73e-14,-0.744,0.035,0.059,1.07e-09,"IFI44L"
"MYO1E",5.78e-14,-1.021,0.064,0.094,1.08e-09,"MYO1E"
"EIF3B",5.91e-14,0.202,0.554,0.52,1.1e-09,"EIF3B"
"RSU1",6e-14,0.163,0.614,0.58,1.12e-09,"RSU1"
"FAM104A",6.12e-14,0.264,0.417,0.375,1.14e-09,"FAM104A"
"ORMDL1",6.15e-14,0.159,0.638,0.599,1.14e-09,"ORMDL1"
"ZNF605",6.19e-14,0.267,0.453,0.411,1.15e-09,"ZNF605"
"UCHL3",6.21e-14,0.16,0.593,0.555,1.16e-09,"UCHL3"
"SELENOS",6.22e-14,0.216,0.523,0.482,1.16e-09,"SELENOS"
"PDCD10",6.27e-14,0.199,0.561,0.523,1.17e-09,"PDCD10"
"LRRC49",6.32e-14,0.146,0.704,0.678,1.18e-09,"LRRC49"
"IGF2BP1",6.38e-14,0.179,0.533,0.489,1.19e-09,"IGF2BP1"
"SFXN1",6.5e-14,0.148,0.671,0.636,1.21e-09,"SFXN1"
"CCN3",6.51e-14,-1.263,0.014,0.03,1.21e-09,"CCN3"
"SOX3",6.52e-14,-0.73,0.037,0.061,1.21e-09,"SOX3"
"MED29",6.54e-14,0.361,0.323,0.283,1.22e-09,"MED29"
"TMEM263",6.58e-14,0.226,0.446,0.402,1.22e-09,"TMEM263"
"CNTN3",6.66e-14,-0.983,0.05,0.076,1.24e-09,"CNTN3"
"MAFA",6.66e-14,0.486,0.15,0.114,1.24e-09,"MAFA"
"ZFPM1",6.75e-14,0.243,0.462,0.421,1.26e-09,"ZFPM1"
"C1orf50",6.82e-14,0.307,0.387,0.347,1.27e-09,"C1orf50"
"PRR13",6.83e-14,0.42,0.283,0.244,1.27e-09,"PRR13"
"ABCF2",6.87e-14,0.388,0.253,0.211,1.28e-09,"ABCF2"
"EFTUD2",6.9e-14,0.264,0.445,0.405,1.29e-09,"EFTUD2"
"WDTC1",7.18e-14,0.26,0.341,0.294,1.34e-09,"WDTC1"
"CHMP2B",7.26e-14,0.258,0.441,0.4,1.35e-09,"CHMP2B"
"CHRNA5",7.35e-14,0.395,0.228,0.186,1.37e-09,"CHRNA5"
"B4GALT7",7.38e-14,0.416,0.243,0.203,1.37e-09,"B4GALT7"
"URM1",7.45e-14,0.296,0.412,0.373,1.39e-09,"URM1"
"INTS15",7.47e-14,0.3,0.286,0.242,1.39e-09,"INTS15"
"MRPL45",7.48e-14,0.31,0.348,0.306,1.39e-09,"MRPL45"
"PDHB",7.64e-14,0.238,0.527,0.489,1.42e-09,"PDHB"
"PURA",7.78e-14,0.23,0.427,0.385,1.45e-09,"PURA"
"THOC7",7.84e-14,0.234,0.559,0.522,1.46e-09,"THOC7"
"CCAR2",7.91e-14,0.277,0.347,0.303,1.47e-09,"CCAR2"
"NRN1",7.92e-14,-0.931,0.105,0.14,1.47e-09,"NRN1"
"LRRC8A",8.09e-14,0.307,0.34,0.298,1.51e-09,"LRRC8A"
"SART1",8.1e-14,0.266,0.357,0.311,1.51e-09,"SART1"
"RNASEH2C",8.38e-14,0.385,0.292,0.25,1.56e-09,"RNASEH2C"
"THAP2",8.48e-14,0.213,0.507,0.467,1.58e-09,"THAP2"
"FBXO34",8.51e-14,0.128,0.558,0.519,1.58e-09,"FBXO34"
"OGG1",8.52e-14,0.209,0.509,0.469,1.59e-09,"OGG1"
"MRPL18",8.58e-14,0.2,0.565,0.527,1.6e-09,"MRPL18"
"SSR1",8.88e-14,0.21,0.569,0.538,1.65e-09,"SSR1"
"MIA3",9.07e-14,0.171,0.61,0.568,1.69e-09,"MIA3"
"FSTL5",9.1e-14,0.228,0.569,0.532,1.69e-09,"FSTL5"
"MON1A",9.14e-14,0.411,0.217,0.177,1.7e-09,"MON1A"
"GMIP",9.19e-14,0.291,0.306,0.262,1.71e-09,"GMIP"
"TMBIM4",9.45e-14,0.231,0.509,0.471,1.76e-09,"TMBIM4"
"GTF3C1",9.6e-14,0.227,0.445,0.404,1.79e-09,"GTF3C1"
"RNPEP",9.74e-14,0.286,0.417,0.376,1.81e-09,"RNPEP"
"ZSWIM7",9.79e-14,0.292,0.376,0.337,1.82e-09,"ZSWIM7"
"NSL1",9.8e-14,0.172,0.602,0.564,1.82e-09,"NSL1"
"DCAF11",9.91e-14,0.328,0.333,0.292,1.84e-09,"DCAF11"
"GTF3C5",1.03e-13,0.342,0.344,0.304,1.92e-09,"GTF3C5"
"DSCAML1",1.03e-13,-0.473,0.381,0.43,1.92e-09,"DSCAML1"
"LAMC2",1.04e-13,0.636,0.128,0.094,1.93e-09,"LAMC2"
"PROKR2",1.07e-13,0.787,0.079,0.052,1.98e-09,"PROKR2"
"BCL10",1.08e-13,0.274,0.351,0.306,2.01e-09,"BCL10"
"COL25A1",1.1e-13,-0.971,0.05,0.077,2.04e-09,"COL25A1"
"NRSN2",1.11e-13,0.234,0.425,0.381,2.07e-09,"NRSN2"
"HOOK2",1.16e-13,0.125,0.635,0.596,2.15e-09,"HOOK2"
"MAPK14",1.16e-13,0.142,0.612,0.57,2.16e-09,"MAPK14"
"C11orf96",1.17e-13,-0.505,0.216,0.261,2.18e-09,"C11orf96"
"CDC40",1.25e-13,0.145,0.557,0.516,2.33e-09,"CDC40"
"CHCHD5",1.25e-13,0.406,0.308,0.268,2.34e-09,"CHCHD5"
"KXD1",1.31e-13,0.3,0.362,0.321,2.44e-09,"KXD1"
"SLC25A29",1.34e-13,0.141,0.619,0.58,2.49e-09,"SLC25A29"
"BNIP2",1.35e-13,0.207,0.474,0.433,2.5e-09,"BNIP2"
"CHML",1.35e-13,0.235,0.422,0.377,2.52e-09,"CHML"
"LRRC4C",1.36e-13,-0.579,0.215,0.261,2.53e-09,"LRRC4C"
"SRCAP",1.37e-13,0.317,0.327,0.284,2.56e-09,"SRCAP"
"GPR137",1.39e-13,0.346,0.28,0.239,2.59e-09,"GPR137"
"SPINDOC",1.39e-13,0.365,0.293,0.252,2.59e-09,"SPINDOC"
"MSL3",1.42e-13,0.344,0.316,0.274,2.65e-09,"MSL3"
"RNF121",1.44e-13,0.289,0.359,0.316,2.68e-09,"RNF121"
"WDR45",1.52e-13,0.264,0.352,0.306,2.82e-09,"WDR45"
"SOX2",1.55e-13,-0.557,0.102,0.136,2.88e-09,"SOX2"
"GEM",1.57e-13,-1.675,0.013,0.028,2.93e-09,"GEM"
"PAGR1",1.58e-13,0.243,0.421,0.379,2.94e-09,"PAGR1"
"UBE4A",1.64e-13,0.239,0.45,0.408,3.05e-09,"UBE4A"
"TMEM70",1.64e-13,0.251,0.439,0.399,3.06e-09,"TMEM70"
"ABR",1.66e-13,0.156,0.596,0.554,3.09e-09,"ABR"
"PRR36",1.68e-13,0.254,0.43,0.388,3.13e-09,"PRR36"
"SYT17",1.71e-13,-0.737,0.042,0.068,3.19e-09,"SYT17"
"GCSH",1.73e-13,0.196,0.502,0.462,3.22e-09,"GCSH"
"FAM76B",1.77e-13,0.221,0.438,0.398,3.29e-09,"FAM76B"
"ACKR3",1.81e-13,-0.66,0.114,0.151,3.37e-09,"ACKR3"
"ZNF318",1.82e-13,0.223,0.42,0.376,3.38e-09,"ZNF318"
"DDX23",1.86e-13,0.322,0.371,0.331,3.46e-09,"DDX23"
"KIAA0513",1.88e-13,0.214,0.455,0.411,3.5e-09,"KIAA0513"
"BMPR1B",1.88e-13,-0.998,0.032,0.054,3.5e-09,"BMPR1B"
"MPND",1.9e-13,0.367,0.271,0.23,3.53e-09,"MPND"
"NEU1",1.9e-13,0.332,0.282,0.241,3.53e-09,"NEU1"
"GLYATL2",1.94e-13,-0.434,0.166,0.211,3.61e-09,"GLYATL2"
"HDHD2",1.95e-13,0.261,0.428,0.388,3.62e-09,"HDHD2"
"DEAF1",1.97e-13,0.161,0.632,0.588,3.67e-09,"DEAF1"
"STX10",1.99e-13,0.354,0.275,0.233,3.7e-09,"STX10"
"ARL5C",2.05e-13,0.25,0.146,0.11,3.81e-09,"ARL5C"
"TSPAN11",2.09e-13,0.334,0.287,0.244,3.89e-09,"TSPAN11"
"ARCN1",2.12e-13,0.247,0.404,0.363,3.94e-09,"ARCN1"
"LRFN5",2.14e-13,-0.53,0.255,0.303,3.98e-09,"LRFN5"
"ACTN4",2.14e-13,0.199,0.518,0.479,3.98e-09,"ACTN4"
"RPS6KL1",2.14e-13,0.219,0.432,0.388,3.99e-09,"RPS6KL1"
"RAB21",2.21e-13,0.192,0.521,0.483,4.11e-09,"RAB21"
"PEX16",2.22e-13,0.322,0.292,0.249,4.12e-09,"PEX16"
"MTX1",2.24e-13,0.313,0.283,0.242,4.16e-09,"MTX1"
"POLR2J3.1",2.24e-13,0.205,0.511,0.471,4.17e-09,"POLR2J3.1"
"ANKRD13D",2.25e-13,0.222,0.502,0.458,4.18e-09,"ANKRD13D"
"FGFBP3",2.25e-13,0.103,0.495,0.449,4.19e-09,"FGFBP3"
"STX16",2.26e-13,0.154,0.492,0.448,4.2e-09,"STX16"
"GANAB",2.27e-13,0.294,0.374,0.332,4.22e-09,"GANAB"
"TSEN15",2.29e-13,0.251,0.367,0.323,4.27e-09,"TSEN15"
"ABCB1",2.31e-13,-0.735,0.069,0.099,4.3e-09,"ABCB1"
"NAALADL2",2.34e-13,0.309,0.418,0.378,4.36e-09,"NAALADL2"
"NPHP1",2.38e-13,-0.714,0.038,0.062,4.43e-09,"NPHP1"
"EXOSC6",2.44e-13,0.187,0.529,0.488,4.53e-09,"EXOSC6"
"KIAA0100",2.44e-13,0.243,0.425,0.382,4.54e-09,"KIAA0100"
"ZBTB10",2.44e-13,0.24,0.411,0.37,4.55e-09,"ZBTB10"
"UGP2",2.46e-13,0.146,0.63,0.595,4.57e-09,"UGP2"
"RELL1",2.48e-13,0.436,0.181,0.143,4.62e-09,"RELL1"
"CREBRF",2.48e-13,0.191,0.431,0.385,4.62e-09,"CREBRF"
"BRCC3",2.51e-13,0.25,0.43,0.388,4.67e-09,"BRCC3"
"AEN",2.6e-13,0.663,0.072,0.047,4.84e-09,"AEN"
"MRPS10",2.61e-13,0.265,0.42,0.379,4.87e-09,"MRPS10"
"TMEM208",2.64e-13,0.271,0.391,0.35,4.92e-09,"TMEM208"
"SRC",2.68e-13,0.221,0.379,0.333,5e-09,"SRC"
"TMEM126A",2.71e-13,0.259,0.39,0.347,5.05e-09,"TMEM126A"
"NME3",2.76e-13,0.299,0.327,0.286,5.13e-09,"NME3"
"ZNF655",2.78e-13,0.208,0.456,0.412,5.17e-09,"ZNF655"
"BFAR",2.81e-13,0.264,0.408,0.369,5.22e-09,"BFAR"
"ORMDL2",2.85e-13,0.353,0.254,0.212,5.3e-09,"ORMDL2"
"COG5",2.87e-13,-0.438,0.629,0.662,5.35e-09,"COG5"
"ZNF251",2.88e-13,0.191,0.527,0.484,5.36e-09,"ZNF251"
"CEND1",2.88e-13,0.371,0.29,0.25,5.36e-09,"CEND1"
"METTL21A",2.89e-13,0.185,0.466,0.423,5.38e-09,"METTL21A"
"CRBN",2.89e-13,0.203,0.551,0.516,5.38e-09,"CRBN"
"DNM2",2.92e-13,0.219,0.434,0.389,5.43e-09,"DNM2"
"NDUFA4L2",2.93e-13,0.545,0.149,0.114,5.45e-09,"NDUFA4L2"
"RAB22A",2.97e-13,0.206,0.482,0.44,5.53e-09,"RAB22A"
"UXS1",3.05e-13,0.187,0.525,0.484,5.68e-09,"UXS1"
"ZNF93",3.06e-13,0.279,0.283,0.241,5.7e-09,"ZNF93"
"HDAC1",3.27e-13,0.293,0.291,0.249,6.09e-09,"HDAC1"
"KLC4",3.29e-13,0.286,0.341,0.297,6.12e-09,"KLC4"
"PKIG",3.34e-13,0.213,0.545,0.506,6.21e-09,"PKIG"
"ANKUB1",3.37e-13,0.264,0.576,0.54,6.28e-09,"ANKUB1"
"EFNB1",3.39e-13,0.2,0.367,0.32,6.32e-09,"EFNB1"
"UBA5",3.43e-13,0.176,0.493,0.449,6.39e-09,"UBA5"
"SEMA4C",3.49e-13,0.294,0.295,0.253,6.5e-09,"SEMA4C"
"MAP3K2",3.5e-13,0.127,0.67,0.632,6.52e-09,"MAP3K2"
"MRPL11",3.51e-13,0.272,0.378,0.338,6.54e-09,"MRPL11"
"HMOX2",3.53e-13,0.236,0.439,0.397,6.57e-09,"HMOX2"
"CCNA1",3.55e-13,-1.136,0.01,0.025,6.61e-09,"CCNA1"
"CDIP1",3.56e-13,0.237,0.41,0.367,6.63e-09,"CDIP1"
"SMG7",3.57e-13,0.181,0.578,0.543,6.64e-09,"SMG7"
"DIDO1",3.6e-13,0.112,0.54,0.493,6.7e-09,"DIDO1"
"LONRF1",3.6e-13,0.112,0.661,0.626,6.71e-09,"LONRF1"
"PCIF1",3.6e-13,0.364,0.248,0.207,6.71e-09,"PCIF1"
"C1orf56",3.63e-13,0.278,0.298,0.253,6.75e-09,"C1orf56"
"ZNF33B",3.69e-13,0.12,0.679,0.642,6.87e-09,"ZNF33B"
"MYO1D",3.7e-13,0.147,0.713,0.683,6.88e-09,"MYO1D"
"NDRG2",3.71e-13,0.327,0.3,0.259,6.91e-09,"NDRG2"
"HS3ST1",3.72e-13,-0.48,0.085,0.118,6.93e-09,"HS3ST1"
"RAB4B",3.75e-13,0.341,0.321,0.279,6.98e-09,"RAB4B"
"CASP8AP2",3.78e-13,0.11,0.589,0.543,7.03e-09,"CASP8AP2"
"MOB1B",3.81e-13,0.119,0.584,0.538,7.09e-09,"MOB1B"
"RXRB",3.85e-13,0.309,0.276,0.233,7.17e-09,"RXRB"
"HCRTR2",3.93e-13,-2.808,0.003,0.013,7.31e-09,"HCRTR2"
"CRAT",3.95e-13,0.354,0.255,0.214,7.35e-09,"CRAT"
"NUP88",3.95e-13,0.148,0.547,0.509,7.35e-09,"NUP88"
"HYOU1",3.98e-13,0.352,0.229,0.189,7.41e-09,"HYOU1"
"INKA2",4.05e-13,0.382,0.256,0.214,7.54e-09,"INKA2"
"ATIC",4.11e-13,0.277,0.407,0.366,7.64e-09,"ATIC"
"STX4",4.16e-13,0.335,0.296,0.255,7.74e-09,"STX4"
"MRPL37",4.24e-13,0.327,0.356,0.32,7.89e-09,"MRPL37"
"CIZ1",4.28e-13,0.202,0.409,0.364,7.97e-09,"CIZ1"
"ACSS3",4.39e-13,-0.778,0.154,0.192,8.17e-09,"ACSS3"
"GABRG1",4.42e-13,-1.957,0.004,0.014,8.24e-09,"GABRG1"
"TMEM141",4.49e-13,0.442,0.217,0.179,8.36e-09,"TMEM141"
"RNF185",4.64e-13,0.299,0.358,0.316,8.63e-09,"RNF185"
"CATSPERG",4.75e-13,0.285,0.367,0.324,8.83e-09,"CATSPERG"
"RTL5",4.8e-13,0.428,0.162,0.126,8.94e-09,"RTL5"
"MED24",4.88e-13,0.222,0.413,0.37,9.08e-09,"MED24"
"MT3",4.92e-13,-0.704,0.038,0.062,9.15e-09,"MT3"
"NDUFAF6",4.94e-13,0.11,0.629,0.596,9.2e-09,"NDUFAF6"
"H2AC6",4.97e-13,0.306,0.263,0.22,9.24e-09,"H2AC6"
"GLE1",5e-13,0.203,0.424,0.38,9.3e-09,"GLE1"
"ALS2",5.01e-13,0.155,0.552,0.512,9.32e-09,"ALS2"
"SLC44A2",5.1e-13,0.215,0.363,0.319,9.5e-09,"SLC44A2"
"KCNC2",5.11e-13,-1.45,0.014,0.03,9.51e-09,"KCNC2"
"ARMC10",5.14e-13,0.224,0.506,0.469,9.57e-09,"ARMC10"
"ATP11A",5.19e-13,0.197,0.581,0.546,9.67e-09,"ATP11A"
"GALM",5.33e-13,0.19,0.404,0.357,9.92e-09,"GALM"
"SNTG2",5.37e-13,-0.588,0.149,0.189,9.99e-09,"SNTG2"
"SNX19",5.4e-13,0.237,0.425,0.385,1e-08,"SNX19"
"DNASE1L1",5.52e-13,0.483,0.171,0.134,1.03e-08,"DNASE1L1"
"CASP3",5.75e-13,0.217,0.428,0.388,1.07e-08,"CASP3"
"PFKP",5.77e-13,-0.499,0.172,0.214,1.07e-08,"PFKP"
"SALL1",5.83e-13,-0.922,0.04,0.064,1.08e-08,"SALL1"
"PYCR1",5.86e-13,0.35,0.26,0.221,1.09e-08,"PYCR1"
"CXCR4",5.87e-13,-0.502,0.028,0.048,1.09e-08,"CXCR4"
"MANF",5.87e-13,0.235,0.468,0.43,1.09e-08,"MANF"
"AP2A1",5.92e-13,0.195,0.473,0.431,1.1e-08,"AP2A1"
"ZYX",5.96e-13,0.354,0.325,0.286,1.11e-08,"ZYX"
"CAT",6.05e-13,-0.659,0.038,0.061,1.13e-08,"CAT"
"SNAPC2",6.07e-13,0.393,0.23,0.191,1.13e-08,"SNAPC2"
"LY6H",6.33e-13,0.17,0.69,0.657,1.18e-08,"LY6H"
"ZNF85",6.36e-13,0.295,0.326,0.285,1.18e-08,"ZNF85"
"PRRC1",6.56e-13,0.177,0.536,0.497,1.22e-08,"PRRC1"
"PMPCB",6.56e-13,0.204,0.507,0.469,1.22e-08,"PMPCB"
"SERINC3",6.64e-13,0.201,0.505,0.466,1.24e-08,"SERINC3"
"POLR3A",6.65e-13,0.192,0.481,0.439,1.24e-08,"POLR3A"
"SF3A2",6.66e-13,0.186,0.453,0.412,1.24e-08,"SF3A2"
"DOCK11",6.73e-13,0.241,0.416,0.374,1.25e-08,"DOCK11"
"AARS1",6.74e-13,0.218,0.389,0.348,1.25e-08,"AARS1"
"HSD17B11",6.92e-13,0.373,0.249,0.209,1.29e-08,"HSD17B11"
"TPD52L2",7.07e-13,0.259,0.379,0.338,1.32e-08,"TPD52L2"
"PPFIA4",7.14e-13,-0.649,0.136,0.173,1.33e-08,"PPFIA4"
"ZBTB33",7.29e-13,0.358,0.262,0.221,1.36e-08,"ZBTB33"
"LHFPL3",7.58e-13,0.175,0.233,0.283,1.41e-08,"LHFPL3"
"ZNF627",7.69e-13,0.257,0.379,0.336,1.43e-08,"ZNF627"
"SEMA6C",7.97e-13,0.303,0.281,0.239,1.48e-08,"SEMA6C"
"SRP68",8.2e-13,0.272,0.352,0.312,1.53e-08,"SRP68"
"DDX27",8.21e-13,0.326,0.309,0.269,1.53e-08,"DDX27"
"GLA",8.42e-13,0.318,0.286,0.248,1.57e-08,"GLA"
"XYLT1",8.44e-13,0.129,0.434,0.386,1.57e-08,"XYLT1"
"PTRHD1",8.58e-13,0.354,0.296,0.256,1.6e-08,"PTRHD1"
"SCAMP2",8.61e-13,0.317,0.26,0.219,1.6e-08,"SCAMP2"
"SMIM4",8.75e-13,0.201,0.409,0.366,1.63e-08,"SMIM4"
"LIN7B",8.77e-13,0.3,0.336,0.295,1.63e-08,"LIN7B"
"ATXN3",8.83e-13,0.172,0.539,0.5,1.64e-08,"ATXN3"
"CCNK",8.87e-13,0.27,0.394,0.354,1.65e-08,"CCNK"
"DAPK3",8.92e-13,0.331,0.289,0.247,1.66e-08,"DAPK3"
"EIF2B2",8.92e-13,0.294,0.316,0.274,1.66e-08,"EIF2B2"
"ZNF512",8.96e-13,0.178,0.52,0.476,1.67e-08,"ZNF512"
"CHTOP",9.16e-13,0.198,0.523,0.485,1.71e-08,"CHTOP"
"ANKRD50",9.36e-13,0.105,0.584,0.547,1.74e-08,"ANKRD50"
"KLHL22",9.37e-13,0.194,0.578,0.54,1.74e-08,"KLHL22"
"ZNF639",9.44e-13,0.221,0.455,0.414,1.76e-08,"ZNF639"
"SIN3A",9.49e-13,0.175,0.444,0.398,1.77e-08,"SIN3A"
"MAP3K9",9.49e-13,0.277,0.406,0.364,1.77e-08,"MAP3K9"
"CEP126",9.58e-13,-0.34,0.377,0.431,1.78e-08,"CEP126"
"HES5",9.74e-13,-0.934,0.07,0.099,1.81e-08,"HES5"
"SLC4A1AP",9.75e-13,0.26,0.41,0.373,1.82e-08,"SLC4A1AP"
"AK1",9.78e-13,0.348,0.253,0.213,1.82e-08,"AK1"
"MRPS33",9.82e-13,0.292,0.379,0.339,1.83e-08,"MRPS33"
"RARS1",1.02e-12,0.147,0.579,0.542,1.89e-08,"RARS1"
"GREM2",1.03e-12,-0.447,0.139,0.177,1.91e-08,"GREM2"
"SH2B2",1.07e-12,0.241,0.389,0.349,2e-08,"SH2B2"
"CRLS1",1.08e-12,0.225,0.421,0.38,2.01e-08,"CRLS1"
"TRAPPC6B",1.09e-12,0.211,0.503,0.462,2.02e-08,"TRAPPC6B"
"SPATC1L",1.1e-12,0.322,0.329,0.289,2.05e-08,"SPATC1L"
"LAGE3",1.13e-12,0.269,0.393,0.351,2.09e-08,"LAGE3"
"SCCPDH",1.13e-12,0.233,0.474,0.435,2.11e-08,"SCCPDH"
"UGDH",1.15e-12,0.226,0.399,0.357,2.14e-08,"UGDH"
"SNX9",1.17e-12,0.114,0.548,0.509,2.18e-08,"SNX9"
"DENND5A",1.18e-12,0.107,0.71,0.679,2.19e-08,"DENND5A"
"EYA3",1.19e-12,0.16,0.546,0.506,2.22e-08,"EYA3"
"SLC7A8",1.2e-12,-0.618,0.055,0.082,2.23e-08,"SLC7A8"
"ATG5",1.21e-12,0.125,0.548,0.505,2.26e-08,"ATG5"
"PHRF1",1.22e-12,0.264,0.259,0.217,2.27e-08,"PHRF1"
"NR4A3",1.22e-12,-0.64,0.161,0.199,2.27e-08,"NR4A3"
"ATG12",1.22e-12,0.152,0.549,0.51,2.28e-08,"ATG12"
"FAM20B",1.24e-12,0.186,0.501,0.462,2.31e-08,"FAM20B"
"CALCOCO1",1.25e-12,0.262,0.355,0.311,2.34e-08,"CALCOCO1"
"GRAMD1C",1.28e-12,-0.79,0.045,0.069,2.37e-08,"GRAMD1C"
"TWSG1",1.28e-12,0.241,0.422,0.379,2.38e-08,"TWSG1"
"NF2",1.29e-12,0.251,0.42,0.378,2.4e-08,"NF2"
"ZNF791",1.31e-12,0.202,0.49,0.447,2.43e-08,"ZNF791"
"DHX8",1.33e-12,0.234,0.427,0.389,2.48e-08,"DHX8"
"STUM",1.34e-12,-1.085,0.022,0.04,2.49e-08,"STUM"
"HECA",1.35e-12,0.246,0.434,0.395,2.51e-08,"HECA"
"ABHD10",1.36e-12,0.202,0.445,0.399,2.53e-08,"ABHD10"
"TWF2",1.38e-12,0.329,0.312,0.273,2.58e-08,"TWF2"
"FBXW2",1.4e-12,0.196,0.501,0.46,2.6e-08,"FBXW2"
"EXOC1",1.41e-12,0.112,0.623,0.584,2.63e-08,"EXOC1"
"ZCCHC3",1.45e-12,0.26,0.346,0.304,2.69e-08,"ZCCHC3"
"SEC23B",1.47e-12,0.236,0.405,0.366,2.73e-08,"SEC23B"
"SGCE",1.47e-12,0.124,0.597,0.564,2.73e-08,"SGCE"
"CACNG7",1.47e-12,0.156,0.601,0.563,2.74e-08,"CACNG7"
"PBK",1.49e-12,-0.916,0.03,0.051,2.77e-08,"PBK"
"SLC24A2",1.53e-12,0.129,0.74,0.712,2.84e-08,"SLC24A2"
"IAH1",1.54e-12,0.258,0.447,0.408,2.86e-08,"IAH1"
"DPM1",1.54e-12,0.161,0.446,0.402,2.87e-08,"DPM1"
"RRAS2",1.57e-12,0.205,0.591,0.562,2.92e-08,"RRAS2"
"DENND11",1.58e-12,0.212,0.463,0.42,2.93e-08,"DENND11"
"SLC25A23",1.59e-12,0.24,0.435,0.391,2.95e-08,"SLC25A23"
"ADI1",1.59e-12,0.338,0.337,0.298,2.96e-08,"ADI1"
"NCSTN",1.59e-12,0.355,0.302,0.263,2.97e-08,"NCSTN"
"PLEKHH3",1.62e-12,0.346,0.23,0.19,3.01e-08,"PLEKHH3"
"OVCH1",1.65e-12,-0.582,0.062,0.09,3.08e-08,"OVCH1"
"TMSB15B",1.66e-12,0.304,0.27,0.23,3.08e-08,"TMSB15B"
"HAS2",1.66e-12,-0.941,0.034,0.056,3.1e-08,"HAS2"
"ANKRD23",1.74e-12,0.251,0.402,0.362,3.24e-08,"ANKRD23"
"RMND1",1.8e-12,0.232,0.434,0.394,3.34e-08,"RMND1"
"EXOC2",1.84e-12,0.105,0.654,0.616,3.43e-08,"EXOC2"
"ZNF653",1.87e-12,0.421,0.183,0.146,3.47e-08,"ZNF653"
"MAP6D1",1.89e-12,0.563,0.121,0.09,3.52e-08,"MAP6D1"
"CARMIL1",1.93e-12,-0.121,0.134,0.175,3.58e-08,"CARMIL1"
"ZFAND2B",1.93e-12,0.352,0.3,0.263,3.6e-08,"ZFAND2B"
"PPP6C",1.98e-12,0.19,0.522,0.489,3.68e-08,"PPP6C"
"SLC6A11",2e-12,-0.662,0.045,0.069,3.73e-08,"SLC6A11"
"TMEM260",2.02e-12,0.184,0.471,0.429,3.75e-08,"TMEM260"
"CHMP6",2.02e-12,0.303,0.352,0.312,3.75e-08,"CHMP6"
"NFATC3",2.02e-12,0.14,0.442,0.401,3.77e-08,"NFATC3"
"FAM131A",2.07e-12,0.258,0.374,0.334,3.86e-08,"FAM131A"
"THOC3",2.11e-12,0.205,0.434,0.393,3.92e-08,"THOC3"
"MAP2K3",2.11e-12,0.459,0.177,0.14,3.92e-08,"MAP2K3"
"HEY1",2.11e-12,0.232,0.469,0.43,3.93e-08,"HEY1"
"CHKB",2.13e-12,0.21,0.409,0.371,3.97e-08,"CHKB"
"TSPAN4",2.16e-12,0.369,0.262,0.224,4.02e-08,"TSPAN4"
"DYNLRB1",2.21e-12,0.294,0.401,0.361,4.12e-08,"DYNLRB1"
"BBS9",2.31e-12,0.113,0.751,0.724,4.31e-08,"BBS9"
"TMEM181",2.41e-12,0.15,0.601,0.567,4.48e-08,"TMEM181"
"SIRT6",2.46e-12,0.318,0.253,0.213,4.57e-08,"SIRT6"
"EXOC6",2.55e-12,0.1,0.647,0.611,4.74e-08,"EXOC6"
"NIPA1",2.56e-12,0.222,0.449,0.41,4.76e-08,"NIPA1"
"COL27A1",2.6e-12,-0.627,0.05,0.076,4.85e-08,"COL27A1"
"ZNF407",2.61e-12,0.147,0.591,0.552,4.86e-08,"ZNF407"
"ZC3H18",2.61e-12,0.161,0.489,0.447,4.86e-08,"ZC3H18"
"ANKRD37",2.75e-12,-0.596,0.083,0.115,5.12e-08,"ANKRD37"
"UGGT1",2.75e-12,0.168,0.516,0.476,5.12e-08,"UGGT1"
"PRTFDC1",2.75e-12,0.237,0.473,0.434,5.13e-08,"PRTFDC1"
"C2orf68",2.8e-12,0.236,0.363,0.323,5.2e-08,"C2orf68"
"ZNF623",2.83e-12,0.279,0.309,0.268,5.27e-08,"ZNF623"
"OBI1",2.86e-12,0.23,0.462,0.424,5.32e-08,"OBI1"
"MRPS2",2.9e-12,0.3,0.354,0.315,5.4e-08,"MRPS2"
"NBEAL1",2.92e-12,0.107,0.707,0.673,5.43e-08,"NBEAL1"
"EIF2A",2.95e-12,0.186,0.52,0.484,5.49e-08,"EIF2A"
"DNAJC18",2.96e-12,0.244,0.484,0.451,5.5e-08,"DNAJC18"
"RHOF",3.09e-12,0.21,0.435,0.391,5.75e-08,"RHOF"
"COQ7",3.1e-12,0.231,0.413,0.369,5.77e-08,"COQ7"
"C19orf25",3.15e-12,0.194,0.458,0.414,5.87e-08,"C19orf25"
"FBXO9",3.2e-12,0.184,0.481,0.437,5.96e-08,"FBXO9"
"RPF1",3.29e-12,0.281,0.328,0.288,6.12e-08,"RPF1"
"ARMC2",3.31e-12,0.194,0.576,0.541,6.16e-08,"ARMC2"
"EIF2B4",3.32e-12,0.266,0.335,0.295,6.18e-08,"EIF2B4"
"MEN1",3.36e-12,0.324,0.25,0.211,6.26e-08,"MEN1"
"ZFPL1",3.37e-12,0.405,0.24,0.203,6.26e-08,"ZFPL1"
"SSR3",3.42e-12,0.236,0.452,0.414,6.37e-08,"SSR3"
"CYB5B",3.44e-12,0.17,0.642,0.617,6.4e-08,"CYB5B"
"PTN",3.48e-12,-0.127,0.766,0.734,6.47e-08,"PTN"
"CCDC106",3.49e-12,0.311,0.297,0.258,6.49e-08,"CCDC106"
"MARS1",3.49e-12,0.223,0.388,0.345,6.49e-08,"MARS1"
"BICRA",3.52e-12,0.186,0.484,0.443,6.56e-08,"BICRA"
"PCED1B",3.53e-12,-1.171,0.012,0.026,6.57e-08,"PCED1B"
"KCNH1",3.66e-12,-0.837,0.062,0.089,6.82e-08,"KCNH1"
"ZDHHC3",3.67e-12,0.259,0.412,0.375,6.82e-08,"ZDHHC3"
"AHCY",3.67e-12,0.269,0.324,0.285,6.83e-08,"AHCY"
"DGKG",3.69e-12,-1.328,0.015,0.031,6.87e-08,"DGKG"
"TLE2",3.7e-12,0.107,0.359,0.317,6.88e-08,"TLE2"
"ALYREF",3.76e-12,0.199,0.376,0.33,7e-08,"ALYREF"
"DTNA",3.77e-12,-0.239,0.545,0.608,7.02e-08,"DTNA"
"PACSIN2",3.84e-12,0.252,0.398,0.36,7.15e-08,"PACSIN2"
"YIF1B",3.88e-12,0.315,0.338,0.3,7.22e-08,"YIF1B"
"OLFM3",3.93e-12,-0.703,0.093,0.125,7.31e-08,"OLFM3"
"SLC25A18",4e-12,0.455,0.175,0.139,7.44e-08,"SLC25A18"
"C2orf66",4.01e-12,0.649,0.078,0.052,7.47e-08,"C2orf66"
"ORMDL3",4.02e-12,0.427,0.199,0.163,7.48e-08,"ORMDL3"
"ATP6V1C1",4.02e-12,0.174,0.483,0.44,7.49e-08,"ATP6V1C1"
"HERPUD1",4.06e-12,0.201,0.408,0.37,7.56e-08,"HERPUD1"
"HECTD2",4.11e-12,0.175,0.562,0.522,7.65e-08,"HECTD2"
"UBE2Z",4.14e-12,0.217,0.464,0.424,7.71e-08,"UBE2Z"
"PCNT",4.16e-12,0.21,0.431,0.393,7.75e-08,"PCNT"
"ARHGDIG",4.17e-12,-0.948,0.026,0.045,7.76e-08,"ARHGDIG"
"MAN1A1",4.2e-12,-0.972,0.03,0.05,7.81e-08,"MAN1A1"
"FASTK",4.2e-12,0.29,0.296,0.257,7.83e-08,"FASTK"
"CNOT9",4.27e-12,0.223,0.467,0.43,7.95e-08,"CNOT9"
"PSME2",4.37e-12,0.307,0.326,0.288,8.14e-08,"PSME2"
"USP42",4.39e-12,0.167,0.504,0.462,8.17e-08,"USP42"
"CDK9",4.42e-12,0.309,0.269,0.23,8.23e-08,"CDK9"
"ZMYM5",4.45e-12,0.146,0.571,0.537,8.27e-08,"ZMYM5"
"SMUG1",4.47e-12,0.341,0.3,0.262,8.32e-08,"SMUG1"
"FBXL15",4.51e-12,0.283,0.353,0.314,8.4e-08,"FBXL15"
"DACH2",4.51e-12,-0.164,0.287,0.337,8.4e-08,"DACH2"
"TPP2",4.53e-12,0.165,0.529,0.488,8.43e-08,"TPP2"
"PAPOLG",4.66e-12,0.211,0.506,0.466,8.68e-08,"PAPOLG"
"TAF9",4.7e-12,0.204,0.573,0.541,8.75e-08,"TAF9"
"GRM1",4.76e-12,-0.376,0.124,0.161,8.86e-08,"GRM1"
"SCN8A",4.84e-12,0.101,0.686,0.651,9e-08,"SCN8A"
"RASGEF1A",4.86e-12,-1.087,0.024,0.042,9.05e-08,"RASGEF1A"
"ZCCHC10",4.89e-12,0.257,0.431,0.397,9.11e-08,"ZCCHC10"
"CLCN5",4.89e-12,-0.508,0.068,0.097,9.11e-08,"CLCN5"
"SBDS",4.92e-12,0.179,0.503,0.464,9.16e-08,"SBDS"
"DEDD",4.95e-12,0.306,0.286,0.247,9.22e-08,"DEDD"
"FTSJ3",5.4e-12,0.44,0.217,0.181,1e-07,"FTSJ3"
"ZFP36L1",5.48e-12,-0.752,0.08,0.109,1.02e-07,"ZFP36L1"
"SLC20A1",5.51e-12,0.235,0.425,0.387,1.03e-07,"SLC20A1"
"TMEM123",5.59e-12,0.327,0.377,0.34,1.04e-07,"TMEM123"
"MAPK8IP3",5.72e-12,0.15,0.549,0.51,1.07e-07,"MAPK8IP3"
"EML4",5.73e-12,0.158,0.55,0.511,1.07e-07,"EML4"
"ZNF669",5.8e-12,0.271,0.3,0.259,1.08e-07,"ZNF669"
"NSMCE2",5.81e-12,0.196,0.586,0.556,1.08e-07,"NSMCE2"
"ZNF629",5.86e-12,0.382,0.226,0.188,1.09e-07,"ZNF629"
"HIP1R",5.89e-12,0.183,0.46,0.417,1.1e-07,"HIP1R"
"SDHAF1",5.92e-12,0.398,0.232,0.195,1.1e-07,"SDHAF1"
"COG7",5.92e-12,0.177,0.494,0.456,1.1e-07,"COG7"
"CMC1",6.02e-12,0.25,0.418,0.378,1.12e-07,"CMC1"
"ZNF268",6.12e-12,0.31,0.301,0.261,1.14e-07,"ZNF268"
"ENSG00000271793",6.15e-12,0.323,0.261,0.221,1.15e-07,"ENSG00000271793"
"PIGX",6.23e-12,0.218,0.464,0.427,1.16e-07,"PIGX"
"SELPLG",6.32e-12,0.517,0.117,0.086,1.18e-07,"SELPLG"
"DCUN1D4",6.33e-12,0.136,0.673,0.639,1.18e-07,"DCUN1D4"
"AMMECR1",6.42e-12,0.146,0.457,0.41,1.2e-07,"AMMECR1"
"EXD2",6.95e-12,0.224,0.368,0.326,1.29e-07,"EXD2"
"CASD1",6.95e-12,0.187,0.521,0.482,1.29e-07,"CASD1"
"GINM1",6.99e-12,0.184,0.435,0.392,1.3e-07,"GINM1"
"ARVCF",7e-12,0.326,0.23,0.192,1.3e-07,"ARVCF"
"NSD1",7.01e-12,0.114,0.59,0.551,1.3e-07,"NSD1"
"GALE",7.01e-12,0.337,0.281,0.243,1.31e-07,"GALE"
"ATP11C",7.18e-12,0.177,0.549,0.509,1.34e-07,"ATP11C"
"HIF3A",7.43e-12,0.175,0.535,0.502,1.38e-07,"HIF3A"
"SCUBE1",7.56e-12,0.119,0.497,0.451,1.41e-07,"SCUBE1"
"ZC3HC1",7.57e-12,0.282,0.318,0.278,1.41e-07,"ZC3HC1"
"SDK2",7.59e-12,-0.699,0.056,0.082,1.41e-07,"SDK2"
"FAM131B",7.7e-12,0.302,0.289,0.248,1.43e-07,"FAM131B"
"ATP6V0A2",7.72e-12,0.211,0.413,0.373,1.44e-07,"ATP6V0A2"
"CUL2",7.73e-12,0.133,0.575,0.54,1.44e-07,"CUL2"
"GNPDA1",7.75e-12,0.252,0.415,0.378,1.44e-07,"GNPDA1"
"H2AC20",7.79e-12,0.657,0.098,0.07,1.45e-07,"H2AC20"
"PSMB10",7.79e-12,0.446,0.209,0.173,1.45e-07,"PSMB10"
"CBX8",7.81e-12,0.377,0.211,0.174,1.45e-07,"CBX8"
"LGR4",7.85e-12,-0.848,0.042,0.065,1.46e-07,"LGR4"
"RNF114",7.86e-12,0.208,0.44,0.402,1.46e-07,"RNF114"
"GPR88",7.94e-12,-1.184,0.009,0.022,1.48e-07,"GPR88"
"ADCYAP1R1",8.11e-12,0.344,0.285,0.247,1.51e-07,"ADCYAP1R1"
"TTC37",8.14e-12,0.122,0.694,0.665,1.52e-07,"TTC37"
"P4HA2",8.18e-12,-0.643,0.069,0.098,1.52e-07,"P4HA2"
"GPN1",8.36e-12,0.263,0.316,0.277,1.56e-07,"GPN1"
"MORC4",8.38e-12,-0.624,0.138,0.174,1.56e-07,"MORC4"
"OXSR1",8.46e-12,0.148,0.544,0.507,1.58e-07,"OXSR1"
"UBE4B",8.56e-12,0.149,0.66,0.63,1.59e-07,"UBE4B"
"CAPN10",8.62e-12,0.317,0.283,0.245,1.6e-07,"CAPN10"
"PCLO",8.84e-12,-0.45,0.714,0.739,1.65e-07,"PCLO"
"GABARAPL1",9.03e-12,0.306,0.349,0.312,1.68e-07,"GABARAPL1"
"DPM3",9.04e-12,0.398,0.239,0.202,1.68e-07,"DPM3"
"PMPCA",9.18e-12,0.243,0.338,0.299,1.71e-07,"PMPCA"
"COG2",9.21e-12,0.312,0.276,0.236,1.71e-07,"COG2"
"ATXN2L",9.29e-12,0.133,0.547,0.51,1.73e-07,"ATXN2L"
"TMEM271",9.4e-12,-0.529,0.085,0.115,1.75e-07,"TMEM271"
"DVL2",9.5e-12,0.33,0.267,0.23,1.77e-07,"DVL2"
"LSAMP",9.56e-12,-0.589,0.443,0.487,1.78e-07,"LSAMP"
"ACAD8",9.61e-12,0.298,0.3,0.263,1.79e-07,"ACAD8"
"PRKD3",9.75e-12,0.219,0.4,0.36,1.82e-07,"PRKD3"
"ZNF770",1.01e-11,0.162,0.538,0.499,1.89e-07,"ZNF770"
"FNTA",1.04e-11,0.159,0.551,0.514,1.94e-07,"FNTA"
"WBP1L",1.05e-11,0.232,0.394,0.353,1.95e-07,"WBP1L"
"AVL9",1.05e-11,0.123,0.684,0.662,1.95e-07,"AVL9"
"TAF6L",1.06e-11,0.346,0.231,0.193,1.98e-07,"TAF6L"
"CAPS2",1.06e-11,0.355,0.201,0.163,1.98e-07,"CAPS2"
"RRP7A",1.08e-11,0.236,0.429,0.39,2.01e-07,"RRP7A"
"NCKAP5L",1.08e-11,0.267,0.283,0.243,2.01e-07,"NCKAP5L"
"TNKS1BP1",1.09e-11,0.378,0.221,0.185,2.02e-07,"TNKS1BP1"
"DBR1",1.1e-11,0.325,0.252,0.214,2.04e-07,"DBR1"
"LRRTM4",1.1e-11,-0.813,0.53,0.569,2.05e-07,"LRRTM4"
"INO80E",1.1e-11,0.283,0.35,0.313,2.05e-07,"INO80E"
"MKRN2",1.11e-11,0.209,0.414,0.374,2.07e-07,"MKRN2"
"KNDC1",1.15e-11,-0.564,0.086,0.116,2.13e-07,"KNDC1"
"GMPPB",1.17e-11,0.574,0.125,0.095,2.18e-07,"GMPPB"
"SLC2A3",1.18e-11,-0.628,0.252,0.293,2.19e-07,"SLC2A3"
"UQCC3",1.18e-11,0.36,0.277,0.24,2.19e-07,"UQCC3"
"XAB2",1.2e-11,0.373,0.243,0.208,2.24e-07,"XAB2"
"CBX6",1.21e-11,0.192,0.421,0.38,2.25e-07,"CBX6"
"MINDY3",1.22e-11,0.209,0.487,0.455,2.27e-07,"MINDY3"
"MKI67",1.23e-11,-0.769,0.033,0.053,2.28e-07,"MKI67"
"GGA1",1.23e-11,0.187,0.487,0.451,2.28e-07,"GGA1"
"HIVEP2",1.23e-11,-0.469,0.495,0.538,2.29e-07,"HIVEP2"
"EBAG9",1.24e-11,0.252,0.376,0.334,2.31e-07,"EBAG9"
"ZNF117",1.25e-11,0.183,0.456,0.417,2.33e-07,"ZNF117"
"TNR",1.27e-11,-0.408,0.399,0.449,2.36e-07,"TNR"
"SPACA6",1.27e-11,0.25,0.377,0.338,2.37e-07,"SPACA6"
"NRAS",1.29e-11,0.196,0.392,0.352,2.4e-07,"NRAS"
"MBD2",1.3e-11,0.197,0.489,0.453,2.42e-07,"MBD2"
"FRA10AC1",1.3e-11,0.171,0.619,0.587,2.43e-07,"FRA10AC1"
"PDE3B",1.31e-11,0.215,0.573,0.546,2.43e-07,"PDE3B"
"DDX10",1.31e-11,0.146,0.587,0.553,2.45e-07,"DDX10"
"PSMG3",1.32e-11,0.273,0.382,0.347,2.47e-07,"PSMG3"
"COIL",1.42e-11,0.235,0.436,0.401,2.64e-07,"COIL"
"FKBP7",1.43e-11,0.257,0.328,0.288,2.67e-07,"FKBP7"
"THAP4",1.44e-11,0.322,0.271,0.233,2.67e-07,"THAP4"
"TRMT6",1.47e-11,0.334,0.272,0.234,2.73e-07,"TRMT6"
"KIF23",1.5e-11,-1.304,0.023,0.041,2.79e-07,"KIF23"
"MRPS14",1.51e-11,0.262,0.335,0.295,2.81e-07,"MRPS14"
"TGFBRAP1",1.51e-11,0.302,0.262,0.224,2.81e-07,"TGFBRAP1"
"NUAK1",1.52e-11,0.18,0.515,0.476,2.83e-07,"NUAK1"
"MAPK8IP1",1.54e-11,0.229,0.379,0.339,2.86e-07,"MAPK8IP1"
"ZDHHC13",1.54e-11,0.213,0.4,0.36,2.86e-07,"ZDHHC13"
"ZNF830",1.54e-11,0.256,0.3,0.262,2.87e-07,"ZNF830"
"CCDC117",1.55e-11,0.291,0.264,0.225,2.89e-07,"CCDC117"
"QSOX1",1.56e-11,0.307,0.328,0.291,2.9e-07,"QSOX1"
"SNAP29",1.56e-11,0.296,0.36,0.323,2.91e-07,"SNAP29"
"DNAJB9",1.58e-11,0.249,0.311,0.271,2.93e-07,"DNAJB9"
"MT-TS2",1.58e-11,0.696,0.082,0.057,2.95e-07,"MT-TS2"
"AFTPH",1.62e-11,0.152,0.563,0.526,3.01e-07,"AFTPH"
"RBM19",1.63e-11,0.351,0.264,0.227,3.03e-07,"RBM19"
"NMT2",1.63e-11,0.187,0.485,0.445,3.04e-07,"NMT2"
"ZFP82",1.63e-11,0.183,0.506,0.468,3.04e-07,"ZFP82"
"PATZ1",1.68e-11,0.26,0.388,0.351,3.13e-07,"PATZ1"
"PREB",1.68e-11,0.355,0.254,0.218,3.13e-07,"PREB"
"RPAP3",1.72e-11,0.299,0.314,0.275,3.19e-07,"RPAP3"
"COA6",1.73e-11,0.23,0.426,0.39,3.22e-07,"COA6"
"SLF1",1.73e-11,0.102,0.755,0.729,3.23e-07,"SLF1"
"RND1",1.74e-11,0.338,0.224,0.187,3.24e-07,"RND1"
"CHCHD7",1.74e-11,0.314,0.278,0.241,3.24e-07,"CHCHD7"
"RRP1",1.75e-11,0.309,0.284,0.246,3.25e-07,"RRP1"
"DNAJC5",1.76e-11,0.189,0.446,0.408,3.27e-07,"DNAJC5"
"BCS1L",1.76e-11,0.387,0.248,0.213,3.28e-07,"BCS1L"
"ABT1",1.79e-11,0.337,0.263,0.227,3.33e-07,"ABT1"
"ZDHHC20",1.83e-11,0.116,0.663,0.631,3.41e-07,"ZDHHC20"
"PANK1",1.92e-11,0.186,0.442,0.4,3.58e-07,"PANK1"
"IMPA1",1.93e-11,0.298,0.288,0.25,3.6e-07,"IMPA1"
"GMCL1",1.98e-11,0.183,0.496,0.46,3.68e-07,"GMCL1"
"ENSG00000280128",2.02e-11,0.172,0.433,0.39,3.77e-07,"ENSG00000280128"
"CIAO2A",2.06e-11,0.239,0.395,0.356,3.83e-07,"CIAO2A"
"AIMP1",2.08e-11,0.191,0.533,0.497,3.88e-07,"AIMP1"
"IGFBP3",2.09e-11,-2.648,0.002,0.01,3.89e-07,"IGFBP3"
"FCHO1",2.1e-11,0.238,0.352,0.311,3.91e-07,"FCHO1"
"NSMCE4A",2.18e-11,0.259,0.356,0.316,4.05e-07,"NSMCE4A"
"BYSL",2.19e-11,0.385,0.213,0.177,4.07e-07,"BYSL"
"CDK1",2.22e-11,-1.027,0.05,0.074,4.12e-07,"CDK1"
"SLC41A3",2.25e-11,0.257,0.344,0.308,4.18e-07,"SLC41A3"
"PHACTR2",2.25e-11,-0.752,0.049,0.072,4.19e-07,"PHACTR2"
"ELP5",2.26e-11,0.278,0.332,0.293,4.21e-07,"ELP5"
"LEPR",2.34e-11,0.28,0.368,0.328,4.36e-07,"LEPR"
"DTL",2.34e-11,-0.764,0.03,0.049,4.36e-07,"DTL"
"SH2B1",2.37e-11,0.295,0.287,0.248,4.41e-07,"SH2B1"
"CEP63",2.39e-11,0.131,0.614,0.574,4.45e-07,"CEP63"
"C12orf76",2.43e-11,0.208,0.506,0.469,4.52e-07,"C12orf76"
"SLC25A38",2.43e-11,0.345,0.245,0.209,4.53e-07,"SLC25A38"
"TMEM14A",2.46e-11,0.191,0.528,0.491,4.58e-07,"TMEM14A"
"GLIS1",2.48e-11,-0.689,0.032,0.052,4.61e-07,"GLIS1"
"WRNIP1",2.51e-11,0.204,0.441,0.405,4.67e-07,"WRNIP1"
"CCNG1",2.56e-11,0.299,0.331,0.295,4.77e-07,"CCNG1"
"ZNF677",2.6e-11,0.219,0.517,0.486,4.83e-07,"ZNF677"
"H1-2",2.63e-11,0.271,0.258,0.219,4.9e-07,"H1-2"
"DNAJB14",2.66e-11,0.159,0.658,0.637,4.95e-07,"DNAJB14"
"SLC39A1",2.69e-11,0.342,0.244,0.207,5.01e-07,"SLC39A1"
"CLGN",2.7e-11,0.267,0.349,0.312,5.03e-07,"CLGN"
"SMARCA1",2.71e-11,0.12,0.5,0.458,5.05e-07,"SMARCA1"
"ANKFN1",2.73e-11,-0.602,0.052,0.076,5.07e-07,"ANKFN1"
"ZNF566",2.74e-11,0.173,0.493,0.456,5.1e-07,"ZNF566"
"CTDSPL",2.76e-11,0.217,0.564,0.539,5.13e-07,"CTDSPL"
"FAM53C",2.79e-11,0.227,0.383,0.344,5.19e-07,"FAM53C"
"ZNF302",2.85e-11,0.109,0.721,0.694,5.31e-07,"ZNF302"
"VAC14",2.9e-11,0.286,0.308,0.271,5.39e-07,"VAC14"
"TAF2",2.9e-11,0.159,0.509,0.476,5.4e-07,"TAF2"
"ZNF593",2.91e-11,0.35,0.237,0.2,5.42e-07,"ZNF593"
"ZNRD2",3.01e-11,0.424,0.209,0.174,5.6e-07,"ZNRD2"
"CHMP4B",3.02e-11,0.184,0.418,0.379,5.63e-07,"CHMP4B"
"LYPLA2",3.03e-11,0.29,0.361,0.325,5.64e-07,"LYPLA2"
"PEX5",3.09e-11,0.235,0.363,0.324,5.75e-07,"PEX5"
"GJC1",3.1e-11,0.153,0.463,0.421,5.76e-07,"GJC1"
"GAB1",3.18e-11,0.243,0.357,0.318,5.91e-07,"GAB1"
"TGS1",3.19e-11,0.158,0.491,0.453,5.93e-07,"TGS1"
"B3GALT6",3.19e-11,0.273,0.324,0.286,5.94e-07,"B3GALT6"
"RPUSD3",3.2e-11,0.277,0.313,0.277,5.96e-07,"RPUSD3"
"UBLCP1",3.23e-11,0.259,0.449,0.415,6e-07,"UBLCP1"
"C19orf81",3.3e-11,0.447,0.162,0.129,6.15e-07,"C19orf81"
"SLC8A2",3.34e-11,0.285,0.332,0.294,6.22e-07,"SLC8A2"
"TGIF2",3.39e-11,0.45,0.178,0.144,6.31e-07,"TGIF2"
"GALNS",3.43e-11,0.409,0.182,0.148,6.38e-07,"GALNS"
"LRRTM2",3.51e-11,0.253,0.376,0.339,6.53e-07,"LRRTM2"
"LRP1B",3.52e-11,-0.577,0.454,0.496,6.54e-07,"LRP1B"
"L3MBTL1",3.54e-11,-0.417,0.286,0.329,6.58e-07,"L3MBTL1"
"MELK",3.61e-11,-0.732,0.033,0.054,6.72e-07,"MELK"
"NUP42",3.7e-11,0.169,0.486,0.452,6.88e-07,"NUP42"
"SMURF1",3.7e-11,0.172,0.552,0.521,6.89e-07,"SMURF1"
"TXNDC12",3.73e-11,0.214,0.426,0.385,6.94e-07,"TXNDC12"
"DNAAF11",3.74e-11,0.343,0.239,0.201,6.95e-07,"DNAAF11"
"UBE2D4",3.78e-11,0.283,0.301,0.265,7.03e-07,"UBE2D4"
"USP20",3.78e-11,0.242,0.344,0.303,7.03e-07,"USP20"
"POU6F2",3.78e-11,-0.395,0.041,0.063,7.04e-07,"POU6F2"
"SNRNP40",3.79e-11,0.19,0.505,0.469,7.05e-07,"SNRNP40"
"ANKRD13B",3.85e-11,0.163,0.523,0.487,7.16e-07,"ANKRD13B"
"PPP1R2",3.89e-11,0.183,0.529,0.495,7.25e-07,"PPP1R2"
"FBXO33",3.91e-11,0.207,0.395,0.355,7.28e-07,"FBXO33"
"TMUB1",3.96e-11,0.373,0.254,0.218,7.38e-07,"TMUB1"
"TAF9B",4.04e-11,0.367,0.185,0.151,7.51e-07,"TAF9B"
"ATP9B",4.07e-11,0.137,0.59,0.556,7.57e-07,"ATP9B"
"DMRTA2",4.08e-11,0.223,0.335,0.293,7.59e-07,"DMRTA2"
"NCMAP",4.15e-11,-1.658,0.005,0.014,7.72e-07,"NCMAP"
"COX11",4.15e-11,0.218,0.439,0.406,7.72e-07,"COX11"
"IGLON5",4.26e-11,0.264,0.392,0.355,7.92e-07,"IGLON5"
"MED12",4.27e-11,0.317,0.231,0.194,7.96e-07,"MED12"
"ENSG00000280234",4.34e-11,-0.543,0.101,0.133,8.07e-07,"ENSG00000280234"
"NSMCE3",4.39e-11,0.226,0.422,0.387,8.18e-07,"NSMCE3"
"PENK",4.43e-11,0.656,0.165,0.133,8.24e-07,"PENK"
"B4GAT1",4.44e-11,0.236,0.432,0.395,8.26e-07,"B4GAT1"
"SNX14",4.44e-11,0.202,0.451,0.413,8.27e-07,"SNX14"
"TIGD5",4.48e-11,0.359,0.242,0.205,8.34e-07,"TIGD5"
"TBC1D9",4.51e-11,0.165,0.565,0.534,8.39e-07,"TBC1D9"
"GALNT10",4.59e-11,0.345,0.235,0.196,8.55e-07,"GALNT10"
"ADM",4.64e-11,-1.587,0.005,0.014,8.64e-07,"ADM"
"CYLD",4.68e-11,0.225,0.374,0.335,8.7e-07,"CYLD"
"FAM81A",4.78e-11,-0.721,0.075,0.102,8.91e-07,"FAM81A"
"KCNK9",4.79e-11,-0.853,0.018,0.034,8.92e-07,"KCNK9"
"VAV2",4.8e-11,0.207,0.411,0.374,8.93e-07,"VAV2"
"LRRFIP1",4.87e-11,0.146,0.691,0.667,9.07e-07,"LRRFIP1"
"ADAMTS3",4.88e-11,-0.517,0.211,0.251,9.09e-07,"ADAMTS3"
"MOAP1",4.91e-11,0.223,0.394,0.357,9.14e-07,"MOAP1"
"ZNF771",4.92e-11,0.13,0.292,0.256,9.15e-07,"ZNF771"
"RNF19A",4.92e-11,0.191,0.497,0.461,9.15e-07,"RNF19A"
"EGLN3",4.99e-11,-0.546,0.106,0.138,9.28e-07,"EGLN3"
"RTN4RL1",5e-11,0.203,0.252,0.212,9.31e-07,"RTN4RL1"
"TSR2",5.06e-11,0.281,0.33,0.294,9.42e-07,"TSR2"
"TMEM11",5.08e-11,0.231,0.366,0.331,9.46e-07,"TMEM11"
"RIC8B",5.13e-11,0.146,0.558,0.52,9.55e-07,"RIC8B"
"ZFTRAF1",5.34e-11,0.189,0.444,0.409,9.95e-07,"ZFTRAF1"
"SLAIN1",5.36e-11,0.141,0.737,0.72,9.98e-07,"SLAIN1"
"FRMD6",5.41e-11,-0.543,0.079,0.108,1.01e-06,"FRMD6"
"CHST1",5.57e-11,-0.821,0.048,0.071,1.04e-06,"CHST1"
"EBF4",5.57e-11,0.24,0.357,0.317,1.04e-06,"EBF4"
"ASCC2",5.58e-11,0.237,0.403,0.366,1.04e-06,"ASCC2"
"LOXL3",5.59e-11,0.285,0.29,0.25,1.04e-06,"LOXL3"
"OSGEP",5.61e-11,0.181,0.489,0.453,1.04e-06,"OSGEP"
"SWI5",5.62e-11,0.274,0.293,0.256,1.05e-06,"SWI5"
"LRP11",5.65e-11,0.156,0.504,0.468,1.05e-06,"LRP11"
"CA12",5.65e-11,0.307,0.279,0.24,1.05e-06,"CA12"
"DSCAM",5.67e-11,0.153,0.825,0.822,1.06e-06,"DSCAM"
"CIC",5.7e-11,0.202,0.35,0.311,1.06e-06,"CIC"
"LMBR1",5.7e-11,0.137,0.595,0.561,1.06e-06,"LMBR1"
"PPM1D",5.74e-11,0.115,0.492,0.455,1.07e-06,"PPM1D"
"PLEKHM3",5.75e-11,0.213,0.448,0.411,1.07e-06,"PLEKHM3"
"LDHA",5.75e-11,0.258,0.313,0.277,1.07e-06,"LDHA"
"C5orf15",5.77e-11,0.229,0.426,0.391,1.07e-06,"C5orf15"
"SLC25A17",5.83e-11,0.207,0.469,0.432,1.09e-06,"SLC25A17"
"A3GALT2",5.84e-11,0.448,0.159,0.127,1.09e-06,"A3GALT2"
"MAVS",5.84e-11,0.283,0.316,0.279,1.09e-06,"MAVS"
"OPA1",5.85e-11,0.104,0.617,0.58,1.09e-06,"OPA1"
"DDX56",5.92e-11,0.288,0.316,0.279,1.1e-06,"DDX56"
"TRIL",5.93e-11,0.645,0.092,0.066,1.1e-06,"TRIL"
"MLLT1",5.94e-11,0.194,0.382,0.342,1.1e-06,"MLLT1"
"NPRL3",5.94e-11,0.171,0.494,0.455,1.11e-06,"NPRL3"
"MTO1",6.13e-11,0.365,0.205,0.169,1.14e-06,"MTO1"
"MRPL35",6.17e-11,0.333,0.275,0.239,1.15e-06,"MRPL35"
"BCAR1",6.3e-11,0.246,0.317,0.279,1.17e-06,"BCAR1"
"PLXNB1",6.34e-11,0.361,0.187,0.152,1.18e-06,"PLXNB1"
"ADPGK",6.43e-11,0.263,0.26,0.221,1.2e-06,"ADPGK"
"SPIRE2",6.53e-11,0.21,0.374,0.335,1.22e-06,"SPIRE2"
"TGFB3",6.61e-11,0.571,0.12,0.091,1.23e-06,"TGFB3"
"RAP2C",6.64e-11,0.31,0.266,0.23,1.24e-06,"RAP2C"
"ASXL2",6.89e-11,0.224,0.406,0.37,1.28e-06,"ASXL2"
"PIGH",6.98e-11,0.355,0.257,0.222,1.3e-06,"PIGH"
"ELOVL4",7.1e-11,0.18,0.481,0.446,1.32e-06,"ELOVL4"
"OSTM1",7.19e-11,0.177,0.431,0.394,1.34e-06,"OSTM1"
"GRTP1",7.26e-11,0.316,0.255,0.219,1.35e-06,"GRTP1"
"LRIF1",7.35e-11,0.256,0.412,0.376,1.37e-06,"LRIF1"
"ZNF777",7.45e-11,0.392,0.206,0.171,1.39e-06,"ZNF777"
"CDS2",7.47e-11,0.173,0.501,0.465,1.39e-06,"CDS2"
"KCTD15",7.51e-11,0.344,0.243,0.206,1.4e-06,"KCTD15"
"KDM1B",7.51e-11,0.161,0.396,0.353,1.4e-06,"KDM1B"
"RAB35",7.53e-11,0.248,0.314,0.277,1.4e-06,"RAB35"
"CLPX",7.58e-11,0.177,0.414,0.379,1.41e-06,"CLPX"
"TFCP2L1",7.62e-11,-1.898,0.003,0.01,1.42e-06,"TFCP2L1"
"ESCO1",7.66e-11,0.168,0.536,0.501,1.43e-06,"ESCO1"
"ANAPC16",7.71e-11,0.116,0.67,0.636,1.44e-06,"ANAPC16"
"EFR3B",7.76e-11,0.122,0.609,0.57,1.45e-06,"EFR3B"
"NAA20",7.81e-11,0.199,0.484,0.45,1.45e-06,"NAA20"
"C1orf131",8.04e-11,0.218,0.374,0.337,1.5e-06,"C1orf131"
"TRPC5",8.1e-11,-1.233,0.037,0.057,1.51e-06,"TRPC5"
"MRPL2",8.29e-11,0.321,0.273,0.238,1.54e-06,"MRPL2"
"GAPVD1",8.36e-11,0.118,0.587,0.553,1.56e-06,"GAPVD1"
"FHIP1A",8.44e-11,-2.33,0.007,0.018,1.57e-06,"FHIP1A"
"TMEM87A",8.55e-11,0.143,0.585,0.56,1.59e-06,"TMEM87A"
"RPS6KB1",8.56e-11,0.15,0.502,0.462,1.59e-06,"RPS6KB1"
"CPTP",8.61e-11,0.364,0.23,0.197,1.6e-06,"CPTP"
"TMEM241",8.77e-11,0.183,0.462,0.423,1.63e-06,"TMEM241"
"FOXRED1",8.81e-11,0.174,0.442,0.403,1.64e-06,"FOXRED1"
"TAF4",8.9e-11,0.186,0.361,0.32,1.66e-06,"TAF4"
"WBP4",9.01e-11,0.165,0.478,0.437,1.68e-06,"WBP4"
"PCYT2",9.03e-11,0.266,0.305,0.268,1.68e-06,"PCYT2"
"INSYN2B",9.23e-11,-2.091,0.004,0.013,1.72e-06,"INSYN2B"
"JAKMIP3",9.33e-11,-0.754,0.038,0.058,1.74e-06,"JAKMIP3"
"PDGFC",9.42e-11,-0.435,0.52,0.565,1.75e-06,"PDGFC"
"PEX6",9.43e-11,0.185,0.395,0.357,1.75e-06,"PEX6"
"PLK3",9.47e-11,0.475,0.143,0.113,1.76e-06,"PLK3"
"COL4A6",9.53e-11,-0.118,0.388,0.344,1.77e-06,"COL4A6"
"CHMP4A",9.61e-11,0.197,0.46,0.423,1.79e-06,"CHMP4A"
"ZHX3",9.81e-11,0.114,0.599,0.568,1.83e-06,"ZHX3"
"MBD4",9.82e-11,0.25,0.406,0.373,1.83e-06,"MBD4"
"MAP3K21",9.84e-11,-0.829,0.034,0.054,1.83e-06,"MAP3K21"
"SMAD5",9.85e-11,0.155,0.428,0.386,1.83e-06,"SMAD5"
"CDC26",9.89e-11,0.23,0.45,0.419,1.84e-06,"CDC26"
"MAP3K10",9.89e-11,0.195,0.416,0.375,1.84e-06,"MAP3K10"
"PYM1",9.98e-11,0.3,0.27,0.235,1.86e-06,"PYM1"
"GARRE1",1.01e-10,0.174,0.497,0.46,1.87e-06,"GARRE1"
"RAB8B",1.01e-10,0.154,0.585,0.552,1.88e-06,"RAB8B"
"NT5DC3",1.03e-10,-0.759,0.027,0.044,1.91e-06,"NT5DC3"
"TMEM185A",1.03e-10,0.309,0.313,0.276,1.92e-06,"TMEM185A"
"FAM136A",1.06e-10,0.227,0.386,0.347,1.97e-06,"FAM136A"
"DHX57",1.06e-10,0.133,0.502,0.466,1.97e-06,"DHX57"
"PMEPA1",1.06e-10,0.274,0.345,0.309,1.97e-06,"PMEPA1"
"TANGO6",1.06e-10,0.169,0.511,0.475,1.97e-06,"TANGO6"
"NEIL3",1.07e-10,-1.127,0.018,0.033,1.99e-06,"NEIL3"
"GORASP2",1.08e-10,0.139,0.586,0.553,2.01e-06,"GORASP2"
"PIM3",1.08e-10,0.24,0.284,0.247,2.01e-06,"PIM3"
"FLYWCH2",1.09e-10,0.238,0.365,0.329,2.03e-06,"FLYWCH2"
"RIMS4",1.15e-10,-0.508,0.087,0.116,2.14e-06,"RIMS4"
"NACAD",1.17e-10,0.263,0.269,0.23,2.18e-06,"NACAD"
"ATF5",1.17e-10,0.297,0.297,0.26,2.18e-06,"ATF5"
"ARL13B",1.19e-10,0.134,0.604,0.572,2.21e-06,"ARL13B"
"CHP1",1.2e-10,0.237,0.334,0.295,2.23e-06,"CHP1"
"DLG2",1.2e-10,-0.412,0.924,0.936,2.24e-06,"DLG2"
"FBXL16",1.21e-10,0.262,0.235,0.198,2.26e-06,"FBXL16"
"MRPS18A",1.24e-10,0.389,0.237,0.204,2.31e-06,"MRPS18A"
"PRDM5",1.24e-10,-0.516,0.041,0.062,2.31e-06,"PRDM5"
"MED8",1.26e-10,0.279,0.299,0.263,2.34e-06,"MED8"
"PPP1R21",1.27e-10,0.124,0.613,0.581,2.36e-06,"PPP1R21"
"PPP2R3C",1.27e-10,0.153,0.553,0.516,2.36e-06,"PPP2R3C"
"NIT1",1.29e-10,0.287,0.257,0.221,2.39e-06,"NIT1"
"C15orf40",1.3e-10,0.23,0.384,0.348,2.43e-06,"C15orf40"
"NRP2",1.31e-10,-0.461,0.246,0.287,2.43e-06,"NRP2"
"EOLA1",1.32e-10,0.607,0.084,0.06,2.45e-06,"EOLA1"
"SMAP2",1.32e-10,0.15,0.544,0.512,2.45e-06,"SMAP2"
"NTAQ1",1.33e-10,0.26,0.362,0.326,2.48e-06,"NTAQ1"
"DGKD",1.34e-10,0.182,0.484,0.446,2.49e-06,"DGKD"
"FAM153A",1.35e-10,-0.734,0.027,0.045,2.52e-06,"FAM153A"
"ADAMTS20",1.36e-10,-1.538,0.012,0.024,2.53e-06,"ADAMTS20"
"PPIF",1.38e-10,0.302,0.287,0.25,2.58e-06,"PPIF"
"FEM1B",1.44e-10,0.158,0.508,0.473,2.68e-06,"FEM1B"
"AGK",1.45e-10,0.159,0.486,0.449,2.7e-06,"AGK"
"GEMIN7",1.46e-10,0.49,0.175,0.144,2.73e-06,"GEMIN7"
"SDF4",1.47e-10,0.22,0.393,0.355,2.74e-06,"SDF4"
"CYREN",1.47e-10,0.229,0.386,0.352,2.74e-06,"CYREN"
"MPHOSPH6",1.49e-10,0.17,0.513,0.478,2.77e-06,"MPHOSPH6"
"ADAT1",1.49e-10,0.227,0.353,0.316,2.77e-06,"ADAT1"
"SAMD8",1.49e-10,0.158,0.492,0.457,2.78e-06,"SAMD8"
"RBM24",1.51e-10,-0.512,0.057,0.081,2.81e-06,"RBM24"
"SIL1",1.52e-10,0.151,0.499,0.468,2.83e-06,"SIL1"
"SDAD1",1.61e-10,0.169,0.555,0.526,3e-06,"SDAD1"
"HACD1",1.63e-10,-1.189,0.018,0.033,3.03e-06,"HACD1"
"PLIN3",1.65e-10,0.297,0.272,0.236,3.06e-06,"PLIN3"
"VKORC1L1",1.66e-10,0.168,0.491,0.454,3.1e-06,"VKORC1L1"
"NFKBIL1",1.67e-10,0.23,0.371,0.337,3.1e-06,"NFKBIL1"
"PAK6",1.67e-10,-0.728,0.04,0.06,3.11e-06,"PAK6"
"EXTL2",1.71e-10,0.191,0.416,0.378,3.18e-06,"EXTL2"
"NUF2",1.71e-10,-0.895,0.054,0.078,3.18e-06,"NUF2"
"THUMPD1",1.73e-10,0.201,0.459,0.424,3.23e-06,"THUMPD1"
"PIGS",1.76e-10,0.327,0.224,0.189,3.27e-06,"PIGS"
"GAK",1.76e-10,0.186,0.359,0.319,3.28e-06,"GAK"
"NOL12",1.77e-10,0.316,0.274,0.239,3.29e-06,"NOL12"
"PCCA",1.77e-10,0.142,0.412,0.372,3.29e-06,"PCCA"
"OSER1",1.77e-10,0.232,0.323,0.286,3.3e-06,"OSER1"
"MIB2",1.81e-10,0.256,0.238,0.2,3.36e-06,"MIB2"
"PRUNE1",1.81e-10,0.309,0.234,0.199,3.37e-06,"PRUNE1"
"GLI4",1.82e-10,0.336,0.217,0.183,3.39e-06,"GLI4"
"TRAPPC2B",1.83e-10,0.35,0.261,0.227,3.4e-06,"TRAPPC2B"
"WDR61",1.85e-10,0.163,0.502,0.465,3.44e-06,"WDR61"
"TTC5",1.86e-10,0.124,0.555,0.518,3.46e-06,"TTC5"
"BCLAF3",1.86e-10,0.125,0.541,0.505,3.46e-06,"BCLAF3"
"MOSPD1",1.88e-10,0.256,0.336,0.3,3.51e-06,"MOSPD1"
"PIP4P1",1.91e-10,0.228,0.398,0.362,3.56e-06,"PIP4P1"
"POP5",1.93e-10,0.282,0.354,0.32,3.59e-06,"POP5"
"PRKG1",1.93e-10,-0.481,0.346,0.393,3.59e-06,"PRKG1"
"ANTKMT",1.93e-10,0.252,0.394,0.36,3.6e-06,"ANTKMT"
"JKAMP",1.94e-10,0.261,0.355,0.32,3.6e-06,"JKAMP"
"CARS1",1.95e-10,0.192,0.388,0.349,3.62e-06,"CARS1"
"LIMA1",1.95e-10,0.24,0.379,0.344,3.64e-06,"LIMA1"
"KIF27",1.97e-10,0.245,0.383,0.348,3.67e-06,"KIF27"
"MTMR14",1.97e-10,0.268,0.284,0.247,3.67e-06,"MTMR14"
"MIER1",1.97e-10,0.134,0.597,0.565,3.67e-06,"MIER1"
"ANKRD39",1.98e-10,0.304,0.279,0.243,3.69e-06,"ANKRD39"
"ACOT8",2.04e-10,0.312,0.291,0.255,3.8e-06,"ACOT8"
"PPP1R3F",2.06e-10,0.229,0.346,0.308,3.83e-06,"PPP1R3F"
"CNOT11",2.08e-10,0.234,0.316,0.279,3.87e-06,"CNOT11"
"TTR",2.12e-10,1.353,0.022,0.01,3.95e-06,"TTR"
"LPL",2.12e-10,-1.112,0.025,0.041,3.95e-06,"LPL"
"TMEM205",2.19e-10,0.265,0.308,0.273,4.09e-06,"TMEM205"
"LEMD3",2.2e-10,0.15,0.541,0.507,4.09e-06,"LEMD3"
"ZNF567",2.21e-10,0.193,0.359,0.319,4.11e-06,"ZNF567"
"RING1",2.21e-10,0.196,0.422,0.386,4.12e-06,"RING1"
"LRRC23",2.21e-10,0.223,0.41,0.376,4.12e-06,"LRRC23"
"RABGGTB",2.23e-10,0.246,0.339,0.301,4.15e-06,"RABGGTB"
"TMEM184C",2.24e-10,0.167,0.453,0.417,4.17e-06,"TMEM184C"
"MMGT1",2.26e-10,0.363,0.229,0.195,4.2e-06,"MMGT1"
"ERCC4",2.31e-10,0.2,0.461,0.428,4.3e-06,"ERCC4"
"SGSM2",2.33e-10,0.235,0.349,0.311,4.34e-06,"SGSM2"
"ARMT1",2.37e-10,0.347,0.206,0.173,4.41e-06,"ARMT1"
"NAPG",2.4e-10,0.163,0.508,0.472,4.46e-06,"NAPG"
"GTPBP1",2.43e-10,0.258,0.297,0.26,4.53e-06,"GTPBP1"
"BORCS7",2.46e-10,0.302,0.322,0.287,4.58e-06,"BORCS7"
"MRPL22",2.47e-10,0.213,0.43,0.396,4.6e-06,"MRPL22"
"ZFP69B",2.53e-10,0.173,0.393,0.354,4.72e-06,"ZFP69B"
"MTMR12",2.54e-10,0.138,0.561,0.528,4.72e-06,"MTMR12"
"DGCR2",2.56e-10,0.168,0.471,0.438,4.76e-06,"DGCR2"
"SIK2",2.6e-10,0.224,0.518,0.491,4.83e-06,"SIK2"
"BCAS3",2.6e-10,0.142,0.674,0.652,4.85e-06,"BCAS3"
"NACC1",2.61e-10,0.331,0.226,0.191,4.85e-06,"NACC1"
"KMT5C",2.61e-10,0.338,0.194,0.16,4.86e-06,"KMT5C"
"ELK4",2.62e-10,0.169,0.325,0.285,4.88e-06,"ELK4"
"NUCB1",2.63e-10,0.268,0.321,0.287,4.89e-06,"NUCB1"
"WBP2NL",2.64e-10,0.323,0.271,0.235,4.92e-06,"WBP2NL"
"PMM1",2.65e-10,0.277,0.329,0.296,4.93e-06,"PMM1"
"ZBTB17",2.66e-10,0.21,0.371,0.334,4.95e-06,"ZBTB17"
"MPP2",2.67e-10,0.207,0.369,0.331,4.96e-06,"MPP2"
"PSKH1",2.68e-10,0.421,0.193,0.161,4.98e-06,"PSKH1"
"FAM181B",2.74e-10,-0.457,0.124,0.157,5.1e-06,"FAM181B"
"MED10",2.75e-10,0.132,0.592,0.556,5.12e-06,"MED10"
"PRKAB1",2.77e-10,0.355,0.189,0.156,5.15e-06,"PRKAB1"
"CHST10",2.85e-10,0.184,0.386,0.349,5.3e-06,"CHST10"
"MTG2",2.89e-10,0.221,0.353,0.316,5.37e-06,"MTG2"
"FBXO7",2.9e-10,0.235,0.39,0.356,5.4e-06,"FBXO7"
"SLC43A2",2.91e-10,0.253,0.265,0.229,5.41e-06,"SLC43A2"
"EVI5L",2.92e-10,0.213,0.37,0.332,5.43e-06,"EVI5L"
"PRPF38A",3e-10,0.203,0.433,0.397,5.59e-06,"PRPF38A"
"PRPSAP1",3.01e-10,0.122,0.561,0.528,5.61e-06,"PRPSAP1"
"SMIM12",3.04e-10,0.145,0.417,0.383,5.66e-06,"SMIM12"
"HSPA12A",3.04e-10,-0.603,0.098,0.128,5.66e-06,"HSPA12A"
"CA14",3.05e-10,0.616,0.088,0.064,5.68e-06,"CA14"
"HTR2C",3.07e-10,-2.838,0.007,0.018,5.72e-06,"HTR2C"
"NAT10",3.11e-10,0.22,0.376,0.338,5.79e-06,"NAT10"
"RALGAPB",3.13e-10,0.139,0.521,0.484,5.82e-06,"RALGAPB"
"PTGES2",3.13e-10,0.272,0.345,0.312,5.83e-06,"PTGES2"
"SHISA9",3.16e-10,-0.371,0.018,0.033,5.88e-06,"SHISA9"
"KLHL34",3.18e-10,0.5,0.104,0.078,5.91e-06,"KLHL34"
"RBM14",3.23e-10,0.237,0.337,0.298,6.01e-06,"RBM14"
"HBD",3.27e-10,0.315,0.342,0.309,6.08e-06,"HBD"
"B3GALNT2",3.28e-10,0.169,0.438,0.4,6.1e-06,"B3GALNT2"
"FAM169A",3.34e-10,-0.273,0.314,0.36,6.22e-06,"FAM169A"
"BIRC5",3.4e-10,-0.431,0.043,0.064,6.34e-06,"BIRC5"
"PAK4",3.4e-10,0.362,0.221,0.186,6.34e-06,"PAK4"
"ZNF570",3.41e-10,0.302,0.301,0.266,6.34e-06,"ZNF570"
"BICC1",3.43e-10,-0.686,0.087,0.115,6.39e-06,"BICC1"
"TTPAL",3.47e-10,0.251,0.248,0.211,6.45e-06,"TTPAL"
"PDP1",3.48e-10,0.194,0.461,0.426,6.48e-06,"PDP1"
"DAGLB",3.54e-10,0.293,0.268,0.234,6.6e-06,"DAGLB"
"YRDC",3.56e-10,0.306,0.274,0.241,6.63e-06,"YRDC"
"CREBL2",3.65e-10,0.228,0.319,0.28,6.79e-06,"CREBL2"
"KLHL14",3.66e-10,-0.425,0.198,0.237,6.81e-06,"KLHL14"
"TCFL5",3.69e-10,0.293,0.29,0.255,6.86e-06,"TCFL5"
"EFCAB10",3.75e-10,0.302,0.284,0.248,6.99e-06,"EFCAB10"
"CEP68",3.76e-10,0.129,0.539,0.503,7e-06,"CEP68"
"GATC",3.83e-10,0.342,0.283,0.249,7.13e-06,"GATC"
"GTSE1",3.83e-10,-0.851,0.034,0.053,7.14e-06,"GTSE1"
"SORCS3",3.92e-10,0.109,0.63,0.6,7.29e-06,"SORCS3"
"INO80",3.97e-10,0.12,0.537,0.504,7.39e-06,"INO80"
"TTLL1",4.04e-10,0.249,0.43,0.399,7.51e-06,"TTLL1"
"IFT20",4.12e-10,0.264,0.3,0.265,7.66e-06,"IFT20"
"IL17RD",4.19e-10,0.207,0.377,0.34,7.8e-06,"IL17RD"
"NCK1",4.21e-10,0.203,0.455,0.423,7.84e-06,"NCK1"
"ELFN1",4.22e-10,-1.172,0.013,0.026,7.85e-06,"ELFN1"
"INPP4B",4.22e-10,-1.037,0.047,0.069,7.85e-06,"INPP4B"
"RAMP2",4.24e-10,0.256,0.378,0.346,7.89e-06,"RAMP2"
"TM7SF3",4.25e-10,0.166,0.549,0.518,7.91e-06,"TM7SF3"
"SCYL1",4.28e-10,0.241,0.325,0.288,7.97e-06,"SCYL1"
"NFE2L1",4.32e-10,0.208,0.352,0.315,8.05e-06,"NFE2L1"
"MXRA7",4.36e-10,0.325,0.26,0.226,8.11e-06,"MXRA7"
"DNAH5",4.37e-10,-0.843,0.025,0.042,8.14e-06,"DNAH5"
"HSF5",4.38e-10,0.521,0.13,0.101,8.15e-06,"HSF5"
"LGI4",4.38e-10,-2.022,0.003,0.01,8.16e-06,"LGI4"
"DNAJC2",4.39e-10,0.139,0.515,0.481,8.17e-06,"DNAJC2"
"KCTD17",4.4e-10,0.296,0.295,0.26,8.18e-06,"KCTD17"
"MKKS",4.44e-10,0.278,0.273,0.238,8.27e-06,"MKKS"
"MARCHF2",4.45e-10,0.216,0.396,0.36,8.28e-06,"MARCHF2"
"AK4",4.5e-10,-0.614,0.04,0.06,8.38e-06,"AK4"
"FANCB",4.52e-10,-0.681,0.058,0.082,8.41e-06,"FANCB"
"ZCCHC2",4.54e-10,0.221,0.387,0.351,8.45e-06,"ZCCHC2"
"MEAK7",4.71e-10,0.211,0.386,0.352,8.77e-06,"MEAK7"
"KIAA1671",4.73e-10,-0.696,0.053,0.076,8.8e-06,"KIAA1671"
"PLPBP",4.76e-10,0.28,0.312,0.276,8.86e-06,"PLPBP"
"CBX2",4.79e-10,0.356,0.181,0.15,8.91e-06,"CBX2"
"RCHY1",4.89e-10,0.217,0.391,0.355,9.1e-06,"RCHY1"
"OOEP",4.91e-10,0.432,0.153,0.123,9.13e-06,"OOEP"
"TADA1",5.05e-10,0.256,0.325,0.29,9.4e-06,"TADA1"
"CHN2",5.06e-10,0.559,0.096,0.071,9.41e-06,"CHN2"
"PIGC",5.06e-10,0.184,0.43,0.394,9.42e-06,"PIGC"
"FAM149A",5.07e-10,0.331,0.324,0.292,9.43e-06,"FAM149A"
"KCTD10",5.11e-10,0.246,0.31,0.275,9.52e-06,"KCTD10"
"BUB1B",5.17e-10,-1.051,0.032,0.051,9.62e-06,"BUB1B"
"MON1B",5.21e-10,0.258,0.288,0.251,9.7e-06,"MON1B"
"DAXX",5.26e-10,0.269,0.303,0.269,9.79e-06,"DAXX"
"CEP104",5.27e-10,0.196,0.435,0.401,9.81e-06,"CEP104"
"ERGIC2",5.48e-10,0.116,0.635,0.607,0.0000102,"ERGIC2"
"TMCO3",5.49e-10,0.157,0.48,0.446,0.0000102,"TMCO3"
"KCNC4",5.69e-10,-0.761,0.025,0.042,0.0000106,"KCNC4"
"TARBP2",5.7e-10,0.495,0.116,0.089,0.0000106,"TARBP2"
"NOCT",5.95e-10,0.211,0.358,0.323,0.0000111,"NOCT"
"NHEJ1",6.02e-10,0.346,0.222,0.188,0.0000112,"NHEJ1"
"UQCC2",6.21e-10,0.217,0.499,0.467,0.0000116,"UQCC2"
"RUSC2",6.31e-10,0.103,0.493,0.452,0.0000117,"RUSC2"
"BUB1",6.33e-10,-1.007,0.027,0.044,0.0000118,"BUB1"
"ENSG00000256591",6.36e-10,0.218,0.307,0.269,0.0000118,"ENSG00000256591"
"TMEM91",6.36e-10,0.239,0.285,0.251,0.0000118,"TMEM91"
"MALSU1",6.41e-10,0.164,0.487,0.454,0.0000119,"MALSU1"
"ZNF12",6.46e-10,0.21,0.367,0.332,0.000012,"ZNF12"
"HSPA14",6.47e-10,0.266,0.258,0.223,0.0000121,"HSPA14"
"ZNF189",6.57e-10,0.293,0.274,0.24,0.0000122,"ZNF189"
"KIF18B",6.61e-10,-1.226,0.022,0.038,0.0000123,"KIF18B"
"ARFGAP3",6.73e-10,0.14,0.587,0.558,0.0000125,"ARFGAP3"
"FAM20C",6.77e-10,0.228,0.333,0.296,0.0000126,"FAM20C"
"TXLNA",6.79e-10,0.256,0.289,0.253,0.0000126,"TXLNA"
"ZPR1",6.83e-10,0.255,0.352,0.318,0.0000127,"ZPR1"
"RNF139",6.91e-10,0.254,0.34,0.306,0.0000129,"RNF139"
"OPN3",6.93e-10,0.385,0.176,0.145,0.0000129,"OPN3"
"SAAL1",7.01e-10,0.233,0.369,0.335,0.000013,"SAAL1"
"NSMCE1",7.06e-10,0.387,0.214,0.182,0.0000131,"NSMCE1"
"PRPF40B",7.09e-10,0.185,0.525,0.493,0.0000132,"PRPF40B"
"PIAS4",7.11e-10,0.31,0.288,0.254,0.0000132,"PIAS4"
"ZNF414",7.12e-10,0.299,0.257,0.223,0.0000133,"ZNF414"
"MGAT5B",7.19e-10,0.262,0.29,0.255,0.0000134,"MGAT5B"
"KCNB1",7.3e-10,0.182,0.408,0.37,0.0000136,"KCNB1"
"DYRK1B",7.39e-10,0.335,0.245,0.213,0.0000138,"DYRK1B"
"KIF16B",7.43e-10,0.179,0.507,0.474,0.0000138,"KIF16B"
"FBXO38",7.47e-10,0.222,0.366,0.328,0.0000139,"FBXO38"
"TBL3",7.49e-10,0.377,0.18,0.148,0.0000139,"TBL3"
"ZNF384",7.5e-10,0.355,0.228,0.195,0.000014,"ZNF384"
"ZNF697",7.56e-10,0.294,0.298,0.264,0.0000141,"ZNF697"
"RPTOR",7.7e-10,0.152,0.574,0.54,0.0000143,"RPTOR"
"SETD1A",7.72e-10,0.368,0.168,0.137,0.0000144,"SETD1A"
"PPP1R8",7.83e-10,0.244,0.322,0.285,0.0000146,"PPP1R8"
"TACC1",7.94e-10,0.212,0.363,0.326,0.0000148,"TACC1"
"ZNF586",8.14e-10,0.12,0.489,0.451,0.0000151,"ZNF586"
"LRRC24",8.17e-10,0.304,0.251,0.216,0.0000152,"LRRC24"
"NXF1",8.21e-10,0.315,0.255,0.221,0.0000153,"NXF1"
"MSL2",8.25e-10,0.162,0.437,0.402,0.0000154,"MSL2"
"SLC19A2",8.33e-10,0.274,0.282,0.248,0.0000155,"SLC19A2"
"POP4",8.58e-10,0.314,0.271,0.237,0.000016,"POP4"
"GPANK1",8.64e-10,0.32,0.279,0.246,0.0000161,"GPANK1"
"PTTG1",8.82e-10,-0.553,0.079,0.105,0.0000164,"PTTG1"
"INO80B",8.91e-10,0.371,0.212,0.181,0.0000166,"INO80B"
"IGF2R",8.92e-10,0.117,0.54,0.504,0.0000166,"IGF2R"
"SERAC1",8.95e-10,0.292,0.311,0.276,0.0000167,"SERAC1"
"CCDC77",8.96e-10,0.212,0.326,0.291,0.0000167,"CCDC77"
"CACNG3",8.99e-10,-1.059,0.019,0.034,0.0000167,"CACNG3"
"GTPBP6",9.04e-10,0.346,0.226,0.194,0.0000168,"GTPBP6"
"CCPG1",9.1e-10,0.132,0.55,0.514,0.0000169,"CCPG1"
"GADD45A",9.11e-10,0.371,0.204,0.172,0.0000169,"GADD45A"
"ADCY9",9.12e-10,0.171,0.45,0.413,0.000017,"ADCY9"
"ZNF155",9.17e-10,0.224,0.453,0.425,0.0000171,"ZNF155"
"PLXNB2",9.2e-10,0.258,0.315,0.281,0.0000171,"PLXNB2"
"CNOT3",9.27e-10,0.326,0.259,0.226,0.0000173,"CNOT3"
"MED22",9.34e-10,0.295,0.307,0.275,0.0000174,"MED22"
"EAF1",9.5e-10,0.26,0.271,0.236,0.0000177,"EAF1"
"ACTR8",9.55e-10,0.273,0.282,0.247,0.0000178,"ACTR8"
"VAX2",9.6e-10,0.439,0.127,0.099,0.0000179,"VAX2"
"FBLN1",9.62e-10,0.152,0.499,0.462,0.0000179,"FBLN1"
"DMWD",9.63e-10,0.217,0.361,0.328,0.0000179,"DMWD"
"MYCN",9.68e-10,0.2,0.496,0.465,0.000018,"MYCN"
"NBN",9.7e-10,0.279,0.308,0.274,0.0000181,"NBN"
"C4orf3",9.76e-10,0.138,0.585,0.556,0.0000182,"C4orf3"
"FARS2",9.78e-10,0.112,0.582,0.553,0.0000182,"FARS2"
"GPAT4",9.81e-10,0.187,0.41,0.375,0.0000183,"GPAT4"
"LZTS2",9.86e-10,0.315,0.238,0.205,0.0000183,"LZTS2"
"GPT2",1e-09,0.185,0.382,0.347,0.0000187,"GPT2"
"KCNIP3",1.01e-09,0.275,0.208,0.174,0.0000187,"KCNIP3"
"KNL1",1.01e-09,-1.069,0.041,0.061,0.0000188,"KNL1"
"TTLL12",1.02e-09,0.265,0.278,0.243,0.0000189,"TTLL12"
"MIA2",1.02e-09,0.181,0.472,0.438,0.000019,"MIA2"
"CROCC",1.02e-09,0.137,0.56,0.528,0.000019,"CROCC"
"MIDEAS",1.03e-09,0.25,0.35,0.315,0.0000192,"MIDEAS"
"ARHGEF3",1.04e-09,0.134,0.524,0.491,0.0000193,"ARHGEF3"
"WRAP53",1.04e-09,0.347,0.222,0.189,0.0000194,"WRAP53"
"ARHGAP39",1.04e-09,0.188,0.404,0.366,0.0000194,"ARHGAP39"
"JAZF1",1.05e-09,-0.331,0.504,0.549,0.0000195,"JAZF1"
"DEGS1",1.05e-09,0.131,0.511,0.472,0.0000196,"DEGS1"
"SP2",1.05e-09,0.302,0.2,0.166,0.0000196,"SP2"
"IQCK",1.05e-09,0.181,0.373,0.335,0.0000196,"IQCK"
"AKT2",1.06e-09,0.237,0.353,0.318,0.0000197,"AKT2"
"KHDRBS3",1.08e-09,-0.394,0.674,0.705,0.0000201,"KHDRBS3"
"FLYWCH1",1.08e-09,0.229,0.327,0.293,0.0000202,"FLYWCH1"
"NAA16",1.09e-09,0.112,0.556,0.521,0.0000202,"NAA16"
"GNL2",1.09e-09,0.232,0.321,0.286,0.0000203,"GNL2"
"CELSR3",1.1e-09,0.181,0.329,0.293,0.0000204,"CELSR3"
"EHD1",1.1e-09,0.297,0.272,0.238,0.0000205,"EHD1"
"STARD10",1.12e-09,0.398,0.191,0.159,0.0000209,"STARD10"
"ZC3H10",1.15e-09,0.397,0.175,0.144,0.0000214,"ZC3H10"
"VPS9D1",1.17e-09,0.15,0.418,0.381,0.0000218,"VPS9D1"
"SPDYA",1.17e-09,0.217,0.388,0.354,0.0000218,"SPDYA"
"JOSD1",1.18e-09,0.151,0.431,0.394,0.0000219,"JOSD1"
"TTBK1",1.18e-09,0.267,0.271,0.237,0.000022,"TTBK1"
"ZNF510",1.22e-09,0.2,0.339,0.3,0.0000228,"ZNF510"
"HMCES",1.26e-09,0.238,0.365,0.332,0.0000234,"HMCES"
"ABI1",1.26e-09,0.15,0.487,0.451,0.0000235,"ABI1"
"KDSR",1.27e-09,0.175,0.429,0.393,0.0000236,"KDSR"
"COX18",1.28e-09,0.257,0.308,0.273,0.0000238,"COX18"
"CNIH3",1.28e-09,-0.376,0.247,0.286,0.0000239,"CNIH3"
"TMEM132E",1.3e-09,-1.163,0.009,0.02,0.0000241,"TMEM132E"
"CAPN7",1.3e-09,0.129,0.578,0.547,0.0000241,"CAPN7"
"ERCC3",1.31e-09,0.217,0.379,0.343,0.0000244,"ERCC3"
"ZNF782",1.32e-09,0.182,0.448,0.414,0.0000245,"ZNF782"
"ATG2B",1.32e-09,0.203,0.386,0.352,0.0000245,"ATG2B"
"KPTN",1.33e-09,0.395,0.174,0.144,0.0000248,"KPTN"
"TMEM74B",1.34e-09,-0.694,0.042,0.062,0.0000249,"TMEM74B"
"TMEM63C",1.34e-09,0.183,0.368,0.33,0.000025,"TMEM63C"
"RASGRP1",1.35e-09,0.368,0.355,0.318,0.0000252,"RASGRP1"
"KIAA0895",1.36e-09,0.285,0.319,0.287,0.0000252,"KIAA0895"
"AGO2",1.36e-09,0.126,0.595,0.561,0.0000253,"AGO2"
"MTHFS",1.37e-09,0.288,0.281,0.247,0.0000255,"MTHFS"
"SCO2",1.38e-09,0.404,0.178,0.148,0.0000256,"SCO2"
"TTC39C",1.38e-09,0.151,0.576,0.546,0.0000256,"TTC39C"
"ZNF732",1.39e-09,-0.808,0.026,0.043,0.0000258,"ZNF732"
"PPP1R16A",1.4e-09,0.28,0.258,0.224,0.000026,"PPP1R16A"
"RELL2",1.4e-09,0.271,0.265,0.231,0.000026,"RELL2"
"ZNF205",1.4e-09,0.273,0.275,0.241,0.0000261,"ZNF205"
"TMEM9B",1.42e-09,0.188,0.411,0.377,0.0000265,"TMEM9B"
"DDIT4",1.44e-09,-0.727,0.378,0.412,0.0000267,"DDIT4"
"FZD8",1.45e-09,-0.596,0.038,0.057,0.0000269,"FZD8"
"LYRM2",1.46e-09,0.144,0.589,0.56,0.0000272,"LYRM2"
"USP31",1.47e-09,0.165,0.457,0.422,0.0000273,"USP31"
"CLASRP",1.48e-09,0.198,0.406,0.373,0.0000275,"CLASRP"
"MANBAL",1.49e-09,0.283,0.323,0.291,0.0000277,"MANBAL"
"SMAD3",1.51e-09,-0.615,0.039,0.059,0.0000281,"SMAD3"
"TMEM170B",1.53e-09,0.114,0.6,0.565,0.0000284,"TMEM170B"
"ZC3H7A",1.53e-09,0.137,0.498,0.464,0.0000285,"ZC3H7A"
"ZNF554",1.54e-09,0.397,0.149,0.119,0.0000287,"ZNF554"
"SLC12A6",1.55e-09,0.2,0.409,0.374,0.0000289,"SLC12A6"
"OXA1L",1.56e-09,0.291,0.312,0.28,0.0000291,"OXA1L"
"SGO1",1.59e-09,-0.674,0.03,0.048,0.0000296,"SGO1"
"RIT1",1.6e-09,0.261,0.335,0.301,0.0000298,"RIT1"
"ZNF235",1.63e-09,0.157,0.416,0.381,0.0000304,"ZNF235"
"TCOF1",1.64e-09,0.241,0.344,0.309,0.0000304,"TCOF1"
"TENT4B",1.64e-09,0.189,0.489,0.457,0.0000306,"TENT4B"
"WIPF2",1.65e-09,0.137,0.565,0.537,0.0000308,"WIPF2"
"MSRB2",1.72e-09,0.201,0.446,0.416,0.0000319,"MSRB2"
"FEM1A",1.73e-09,0.282,0.249,0.215,0.0000321,"FEM1A"
"THSD7B",1.74e-09,-1.672,0.011,0.023,0.0000325,"THSD7B"
"PPP6R1",1.75e-09,0.315,0.238,0.205,0.0000325,"PPP6R1"
"STIM1",1.76e-09,0.213,0.37,0.334,0.0000327,"STIM1"
"RNF168",1.77e-09,0.149,0.528,0.494,0.0000329,"RNF168"
"ATAD3A",1.78e-09,0.302,0.227,0.194,0.0000331,"ATAD3A"
"SRPRB",1.78e-09,0.316,0.244,0.211,0.0000331,"SRPRB"
"BMP1",1.78e-09,0.476,0.114,0.088,0.0000331,"BMP1"
"TMUB2",1.79e-09,0.27,0.273,0.241,0.0000334,"TMUB2"
"UTP6",1.84e-09,0.201,0.412,0.38,0.0000343,"UTP6"
"PLPPR4",1.86e-09,-0.374,0.254,0.294,0.0000346,"PLPPR4"
"CANT1",1.86e-09,0.322,0.224,0.192,0.0000346,"CANT1"
"TGOLN2",1.9e-09,0.153,0.418,0.38,0.0000353,"TGOLN2"
"ARHGAP18",1.9e-09,0.681,0.101,0.076,0.0000353,"ARHGAP18"
"ZNF444",1.91e-09,0.263,0.335,0.302,0.0000356,"ZNF444"
"RIMOC1",1.92e-09,0.344,0.228,0.196,0.0000356,"RIMOC1"
"POLR3D",1.93e-09,0.367,0.229,0.197,0.000036,"POLR3D"
"CYB5R4",1.93e-09,0.214,0.379,0.341,0.000036,"CYB5R4"
"MYOCOS",1.93e-09,0.35,0.198,0.167,0.000036,"MYOCOS"
"RNFT2",1.94e-09,0.141,0.467,0.433,0.0000361,"RNFT2"
"H4C5",1.98e-09,0.681,0.063,0.043,0.0000368,"H4C5"
"XPO6",1.99e-09,0.112,0.55,0.513,0.000037,"XPO6"
"MAX",1.99e-09,0.102,0.588,0.56,0.000037,"MAX"
"DIS3",2.01e-09,0.161,0.482,0.45,0.0000374,"DIS3"
"ASH2L",2.06e-09,0.181,0.416,0.385,0.0000384,"ASH2L"
"UBE2C",2.07e-09,-0.96,0.043,0.063,0.0000385,"UBE2C"
"CLN8",2.07e-09,0.24,0.307,0.272,0.0000386,"CLN8"
"C1orf52",2.1e-09,0.147,0.546,0.517,0.0000391,"C1orf52"
"COX14",2.14e-09,0.284,0.346,0.316,0.0000399,"COX14"
"KIAA1958",2.14e-09,0.279,0.409,0.38,0.0000399,"KIAA1958"
"RBM12",2.14e-09,0.271,0.302,0.271,0.0000399,"RBM12"
"IPO8",2.15e-09,0.228,0.329,0.294,4e-05,"IPO8"
"TDO2",2.15e-09,-1.2,0.008,0.018,4e-05,"TDO2"
"CACNA2D4",2.16e-09,0.729,0.052,0.034,0.0000402,"CACNA2D4"
"TBC1D24",2.16e-09,0.21,0.318,0.285,0.0000403,"TBC1D24"
"PRPF39",2.16e-09,0.145,0.472,0.438,0.0000403,"PRPF39"
"HTRA2",2.2e-09,0.277,0.292,0.259,0.0000409,"HTRA2"
"UTP18",2.21e-09,0.198,0.396,0.362,0.0000411,"UTP18"
"SUPV3L1",2.22e-09,0.254,0.322,0.289,0.0000412,"SUPV3L1"
"ZFP36L2",2.23e-09,-0.387,0.064,0.088,0.0000415,"ZFP36L2"
"RXRA",2.25e-09,0.295,0.257,0.223,0.0000418,"RXRA"
"ADNP2",2.28e-09,0.124,0.498,0.465,0.0000423,"ADNP2"
"RBP1",2.28e-09,0.755,0.09,0.067,0.0000425,"RBP1"
"GMPR2",2.29e-09,0.303,0.262,0.23,0.0000426,"GMPR2"
"MMUT",2.31e-09,0.231,0.347,0.314,0.0000429,"MMUT"
"CPSF7",2.34e-09,0.142,0.45,0.414,0.0000436,"CPSF7"
"LAMA1",2.36e-09,-0.955,0.028,0.044,0.000044,"LAMA1"
"CCNL1",2.37e-09,0.146,0.447,0.412,0.000044,"CCNL1"
"TBRG4",2.39e-09,0.271,0.258,0.226,0.0000444,"TBRG4"
"KCTD6",2.39e-09,0.229,0.402,0.372,0.0000444,"KCTD6"
"FAM98A",2.4e-09,0.155,0.453,0.418,0.0000446,"FAM98A"
"GALK1",2.4e-09,0.355,0.237,0.206,0.0000447,"GALK1"
"SPSB1",2.45e-09,-1.245,0.008,0.018,0.0000456,"SPSB1"
"AFF2",2.46e-09,-0.135,0.575,0.624,0.0000459,"AFF2"
"PEX19",2.47e-09,0.377,0.216,0.185,0.0000459,"PEX19"
"LTV1",2.47e-09,0.261,0.336,0.303,0.0000459,"LTV1"
"RFNG",2.48e-09,0.231,0.261,0.227,0.0000462,"RFNG"
"DDX19B",2.53e-09,0.215,0.427,0.395,0.000047,"DDX19B"
"ZNF793",2.56e-09,0.121,0.572,0.538,0.0000477,"ZNF793"
"POLG2",2.58e-09,0.205,0.421,0.389,0.000048,"POLG2"
"COQ3",2.6e-09,0.257,0.377,0.344,0.0000485,"COQ3"
"DNAJC11",2.63e-09,0.215,0.386,0.351,0.000049,"DNAJC11"
"SLC4A2",2.66e-09,0.417,0.146,0.118,0.0000495,"SLC4A2"
"UTP4",2.66e-09,0.253,0.341,0.308,0.0000495,"UTP4"
"KCTD5",2.66e-09,0.271,0.268,0.236,0.0000495,"KCTD5"
"TPX2",2.68e-09,-0.892,0.056,0.078,5e-05,"TPX2"
"PISD",2.71e-09,0.196,0.353,0.316,0.0000504,"PISD"
"INHBB",2.71e-09,0.47,0.127,0.1,0.0000505,"INHBB"
"AIDA",2.74e-09,0.199,0.433,0.398,0.0000511,"AIDA"
"CARD19",2.76e-09,0.354,0.2,0.169,0.0000515,"CARD19"
"ZNF81",2.77e-09,0.211,0.381,0.346,0.0000515,"ZNF81"
"CIT",2.77e-09,-0.956,0.05,0.071,0.0000515,"CIT"
"SURF6",2.79e-09,0.207,0.34,0.305,0.000052,"SURF6"
"COMMD2",2.8e-09,0.133,0.531,0.495,0.0000521,"COMMD2"
"FUNDC1",2.81e-09,0.248,0.355,0.323,0.0000524,"FUNDC1"
"SYTL3",2.83e-09,0.306,0.179,0.147,0.0000527,"SYTL3"
"NDRG1",2.84e-09,-0.32,0.184,0.221,0.0000529,"NDRG1"
"PUDP",2.85e-09,0.158,0.515,0.485,0.000053,"PUDP"
"FAP",2.87e-09,0.531,0.119,0.092,0.0000534,"FAP"
"RBMS2",2.88e-09,0.16,0.348,0.314,0.0000535,"RBMS2"
"GGCX",2.88e-09,0.245,0.306,0.272,0.0000537,"GGCX"
"BCHE",2.9e-09,0.157,0.589,0.555,0.0000539,"BCHE"
"SLC15A2",2.9e-09,-0.797,0.035,0.053,0.000054,"SLC15A2"
"ZNF212",2.93e-09,0.28,0.233,0.2,0.0000546,"ZNF212"
"ZNF786",2.97e-09,0.268,0.314,0.283,0.0000553,"ZNF786"
"SERGEF",2.98e-09,0.118,0.512,0.477,0.0000555,"SERGEF"
"RAB27B",3e-09,-0.687,0.041,0.06,0.0000558,"RAB27B"
"METTL23",3.04e-09,0.237,0.301,0.268,0.0000566,"METTL23"
"ELP6",3.04e-09,0.245,0.371,0.339,0.0000567,"ELP6"
"SIN3B",3.08e-09,0.191,0.39,0.355,0.0000573,"SIN3B"
"HNRNPA1L3",3.08e-09,0.325,0.238,0.206,0.0000573,"HNRNPA1L3"
"NUDT9",3.08e-09,0.265,0.364,0.333,0.0000573,"NUDT9"
"HERPUD2",3.11e-09,0.213,0.388,0.356,0.000058,"HERPUD2"
"HEXD",3.12e-09,0.182,0.44,0.407,0.0000582,"HEXD"
"C4orf47",3.13e-09,-0.412,0.124,0.155,0.0000583,"C4orf47"
"SFXN3",3.17e-09,0.278,0.296,0.264,0.000059,"SFXN3"
"ZNF551",3.19e-09,0.186,0.334,0.297,0.0000593,"ZNF551"
"RTCA",3.21e-09,0.148,0.456,0.42,0.0000597,"RTCA"
"BCL2L13",3.22e-09,0.17,0.472,0.439,0.0000599,"BCL2L13"
"PYGO1",3.22e-09,0.206,0.466,0.434,6e-05,"PYGO1"
"KNSTRN",3.25e-09,0.14,0.298,0.262,0.0000604,"KNSTRN"
"ZNF430",3.26e-09,0.125,0.523,0.488,0.0000607,"ZNF430"
"NFX1",3.27e-09,0.133,0.52,0.486,0.0000609,"NFX1"
"HDX",3.28e-09,0.283,0.452,0.423,0.000061,"HDX"
"HCCS",3.31e-09,0.421,0.146,0.118,0.0000615,"HCCS"
"ALG9",3.36e-09,0.159,0.479,0.448,0.0000626,"ALG9"
"ZNF559",3.37e-09,0.261,0.24,0.208,0.0000627,"ZNF559"
"COPG1",3.37e-09,0.286,0.327,0.296,0.0000627,"COPG1"
"REXO4",3.37e-09,0.221,0.317,0.283,0.0000627,"REXO4"
"ESF1",3.38e-09,0.125,0.629,0.606,0.0000628,"ESF1"
"PIGZ",3.43e-09,-0.398,0.094,0.122,0.0000638,"PIGZ"
"MIEF2",3.44e-09,0.332,0.2,0.168,0.000064,"MIEF2"
"ENSG00000285837",3.49e-09,-0.893,0.01,0.02,0.000065,"ENSG00000285837"
"PIP4K2C",3.51e-09,0.334,0.264,0.232,0.0000654,"PIP4K2C"
"PRPS1",3.54e-09,0.243,0.355,0.324,0.0000658,"PRPS1"
"PARL",3.54e-09,0.17,0.498,0.471,0.0000659,"PARL"
"PPA2",3.58e-09,0.135,0.639,0.614,0.0000666,"PPA2"
"GRM7",3.62e-09,-0.774,0.159,0.192,0.0000673,"GRM7"
"HGSNAT",3.63e-09,0.109,0.596,0.568,0.0000676,"HGSNAT"
"SNX11",3.64e-09,0.354,0.156,0.126,0.0000678,"SNX11"
"IFT140",3.69e-09,0.195,0.372,0.336,0.0000686,"IFT140"
"ZNF678",3.72e-09,0.143,0.528,0.5,0.0000693,"ZNF678"
"CAMKK1",3.73e-09,0.326,0.17,0.139,0.0000693,"CAMKK1"
"CLCN1",3.78e-09,0.408,0.117,0.09,0.0000704,"CLCN1"
"RIIAD1",3.85e-09,0.426,0.185,0.156,0.0000717,"RIIAD1"
"HPS6",3.86e-09,0.378,0.139,0.11,0.0000718,"HPS6"
"NPIPB2",3.9e-09,0.326,0.235,0.201,0.0000725,"NPIPB2"
"KIF2C",3.93e-09,-0.9,0.029,0.046,0.0000732,"KIF2C"
"CPVL",3.98e-09,0.62,0.073,0.052,0.0000741,"CPVL"
"LETM1",4e-09,0.209,0.349,0.314,0.0000745,"LETM1"
"PTPRR",4.04e-09,-0.312,0.084,0.111,0.0000752,"PTPRR"
"IPMK",4.05e-09,0.173,0.439,0.407,0.0000754,"IPMK"
"SH3BGRL",4.09e-09,0.196,0.578,0.552,0.0000761,"SH3BGRL"
"GCC2",4.12e-09,0.131,0.562,0.531,0.0000767,"GCC2"
"SFT2D2",4.13e-09,0.216,0.292,0.257,0.0000769,"SFT2D2"
"CBFB",4.14e-09,0.133,0.497,0.459,0.0000771,"CBFB"
"TECPR2",4.15e-09,0.19,0.454,0.422,0.0000772,"TECPR2"
"RAB6B",4.15e-09,0.153,0.445,0.41,0.0000772,"RAB6B"
"RNF123",4.2e-09,0.279,0.184,0.152,0.0000782,"RNF123"
"CHPT1",4.2e-09,-0.299,0.266,0.307,0.0000782,"CHPT1"
"SLC7A14",4.21e-09,-0.867,0.018,0.031,0.0000783,"SLC7A14"
"ZNF345",4.26e-09,0.244,0.298,0.265,0.0000793,"ZNF345"
"CCDC115",4.31e-09,0.187,0.453,0.424,0.0000801,"CCDC115"
"POLR3F",4.31e-09,0.277,0.268,0.236,0.0000802,"POLR3F"
"AGGF1",4.38e-09,0.163,0.512,0.481,0.0000816,"AGGF1"
"SHARPIN",4.4e-09,0.215,0.401,0.371,0.000082,"SHARPIN"
"TOPBP1",4.49e-09,0.135,0.486,0.452,0.0000837,"TOPBP1"
"BRAP",4.51e-09,0.218,0.344,0.313,0.0000839,"BRAP"
"ZMAT4",4.54e-09,0.427,0.198,0.166,0.0000845,"ZMAT4"
"C3orf38",4.59e-09,0.162,0.522,0.494,0.0000854,"C3orf38"
"PHYKPL",4.73e-09,0.153,0.383,0.345,0.000088,"PHYKPL"
"GPRIN1",4.73e-09,0.141,0.404,0.369,0.000088,"GPRIN1"
"CLCC1",4.74e-09,0.142,0.398,0.363,0.0000881,"CLCC1"
"KCNA4",4.76e-09,-0.711,0.028,0.044,0.0000887,"KCNA4"
"CENPB",4.77e-09,0.299,0.296,0.265,0.0000888,"CENPB"
"TMEM200C",4.83e-09,0.349,0.226,0.194,9e-05,"TMEM200C"
"LIN37",4.89e-09,0.315,0.285,0.255,0.000091,"LIN37"
"ZNF599",4.94e-09,0.438,0.139,0.112,0.0000919,"ZNF599"
"SS18L2",4.97e-09,0.123,0.579,0.55,0.0000924,"SS18L2"
"LLPH",4.97e-09,0.214,0.385,0.351,0.0000924,"LLPH"
"THAP7",4.98e-09,0.359,0.247,0.217,0.0000927,"THAP7"
"SWT1",5.01e-09,0.188,0.428,0.393,0.0000932,"SWT1"
"CKAP2L",5.01e-09,-0.546,0.031,0.047,0.0000932,"CKAP2L"
"DENND1B",5.08e-09,0.161,0.554,0.525,0.0000946,"DENND1B"
"TSHZ3",5.1e-09,-0.301,0.555,0.596,0.0000949,"TSHZ3"
"PRKACA",5.18e-09,0.279,0.299,0.269,0.0000965,"PRKACA"
"ZNF764",5.26e-09,0.259,0.192,0.161,0.0000979,"ZNF764"
"ANKRD16",5.27e-09,0.179,0.403,0.368,0.0000981,"ANKRD16"
"VIRMA",5.27e-09,0.125,0.497,0.464,0.0000982,"VIRMA"
"TOR2A",5.34e-09,0.285,0.232,0.201,0.0000993,"TOR2A"
"HYI",5.36e-09,0.416,0.216,0.186,0.0000998,"HYI"
"YKT6",5.44e-09,0.271,0.295,0.263,0.000101,"YKT6"
"HELB",5.57e-09,0.321,0.181,0.15,0.000104,"HELB"
"CNTNAP3",5.63e-09,-0.64,0.044,0.063,0.000105,"CNTNAP3"
"ZFP1",5.65e-09,0.183,0.383,0.349,0.000105,"ZFP1"
"KRBOX5",5.7e-09,0.23,0.373,0.342,0.000106,"KRBOX5"
"C2orf69",5.73e-09,0.119,0.504,0.472,0.000107,"C2orf69"
"DHRSX",5.86e-09,0.419,0.139,0.112,0.000109,"DHRSX"
"NUDT22",5.95e-09,0.359,0.205,0.175,0.000111,"NUDT22"
"HSCB",5.99e-09,0.312,0.247,0.215,0.000111,"HSCB"
"AURKB",6e-09,-0.836,0.023,0.037,0.000112,"AURKB"
"PPIL3",6.02e-09,-0.678,0.428,0.398,0.000112,"PPIL3"
"CD101",6.09e-09,0.417,0.147,0.119,0.000113,"CD101"
"PINX1",6.1e-09,0.281,0.285,0.254,0.000113,"PINX1"
"ZNF274",6.17e-09,0.182,0.403,0.371,0.000115,"ZNF274"
"TEX264",6.19e-09,0.264,0.276,0.244,0.000115,"TEX264"
"RPP38",6.29e-09,0.218,0.375,0.342,0.000117,"RPP38"
"CFAP58",6.3e-09,0.693,0.056,0.038,0.000117,"CFAP58"
"CSKMT",6.41e-09,0.261,0.265,0.233,0.000119,"CSKMT"
"FAM104B",6.51e-09,0.243,0.324,0.294,0.000121,"FAM104B"
"ANAPC10",6.55e-09,0.205,0.56,0.537,0.000122,"ANAPC10"
"ACMSD",6.57e-09,0.307,0.212,0.179,0.000122,"ACMSD"
"GPR162",6.58e-09,0.209,0.368,0.335,0.000122,"GPR162"
"PDE1C",6.73e-09,0.376,0.319,0.287,0.000125,"PDE1C"
"PDZD8",6.9e-09,0.132,0.507,0.472,0.000128,"PDZD8"
"IGSF8",6.9e-09,0.195,0.343,0.308,0.000128,"IGSF8"
"DOCK10",7.01e-09,-0.949,0.024,0.04,0.000131,"DOCK10"
"SAMD1",7.03e-09,-0.181,0.456,0.427,0.000131,"SAMD1"
"DALRD3",7.09e-09,0.187,0.405,0.371,0.000132,"DALRD3"
"PGGT1B",7.12e-09,0.245,0.353,0.322,0.000132,"PGGT1B"
"RNF166",7.14e-09,0.334,0.186,0.157,0.000133,"RNF166"
"ATG9B",7.28e-09,-1.056,0.011,0.022,0.000135,"ATG9B"
"PEMT",7.3e-09,0.338,0.219,0.188,0.000136,"PEMT"
"CADPS2",7.3e-09,-0.554,0.055,0.077,0.000136,"CADPS2"
"ENSG00000285253",7.3e-09,0.235,0.438,0.406,0.000136,"ENSG00000285253"
"ANKRD40",7.32e-09,0.242,0.229,0.197,0.000136,"ANKRD40"
"SGSM3",7.34e-09,0.166,0.418,0.383,0.000137,"SGSM3"
"NDC80",7.48e-09,-0.681,0.036,0.054,0.000139,"NDC80"
"SCAMP4",7.68e-09,0.244,0.269,0.236,0.000143,"SCAMP4"
"TMEM94",7.74e-09,0.207,0.334,0.302,0.000144,"TMEM94"
"LAP3",7.76e-09,0.312,0.215,0.184,0.000144,"LAP3"
"ZNF420",7.84e-09,0.161,0.46,0.425,0.000146,"ZNF420"
"EEF1E1",7.96e-09,0.144,0.518,0.487,0.000148,"EEF1E1"
"RNASET2",7.99e-09,-0.308,0.303,0.343,0.000149,"RNASET2"
"SLC9A9",8.01e-09,-0.835,0.035,0.053,0.000149,"SLC9A9"
"HMGA2",8.03e-09,-0.353,0.394,0.438,0.00015,"HMGA2"
"RMI1",8.06e-09,0.186,0.405,0.37,0.00015,"RMI1"
"CNTN6",8.06e-09,-1.616,0.005,0.014,0.00015,"CNTN6"
"C8orf76",8.1e-09,0.303,0.253,0.221,0.000151,"C8orf76"
"P2RX4",8.11e-09,-0.962,0.102,0.131,0.000151,"P2RX4"
"PIF1",8.14e-09,-1.533,0.009,0.019,0.000152,"PIF1"
"CDIPT",8.19e-09,0.204,0.32,0.286,0.000152,"CDIPT"
"SMG8",8.22e-09,0.367,0.155,0.126,0.000153,"SMG8"
"MRPL1",8.36e-09,0.163,0.453,0.421,0.000156,"MRPL1"
"E2F4",8.43e-09,0.335,0.219,0.189,0.000157,"E2F4"
"HINT3",8.44e-09,0.188,0.475,0.445,0.000157,"HINT3"
"ZNF250",8.45e-09,0.163,0.465,0.432,0.000157,"ZNF250"
"SLC38A7",8.48e-09,0.306,0.23,0.199,0.000158,"SLC38A7"
"ASNSD1",8.51e-09,0.224,0.35,0.319,0.000158,"ASNSD1"
"ATPAF2",8.52e-09,0.23,0.299,0.265,0.000159,"ATPAF2"
"GJB7",8.53e-09,0.339,0.124,0.097,0.000159,"GJB7"
"YAE1",8.59e-09,0.162,0.421,0.386,0.00016,"YAE1"
"OTUD3",8.71e-09,0.228,0.275,0.24,0.000162,"OTUD3"
"MREG",8.73e-09,0.293,0.22,0.188,0.000163,"MREG"
"ZCCHC14",8.75e-09,0.105,0.612,0.583,0.000163,"ZCCHC14"
"CERS1",9e-09,0.327,0.135,0.107,0.000168,"CERS1"
"WARS1",9.02e-09,0.237,0.271,0.236,0.000168,"WARS1"
"FAAP100",9.06e-09,0.327,0.204,0.174,0.000169,"FAAP100"
"TIGD3",9.13e-09,0.498,0.104,0.08,0.00017,"TIGD3"
"TIMM29",9.16e-09,0.226,0.252,0.22,0.00017,"TIMM29"
"WASHC5",9.35e-09,0.183,0.378,0.344,0.000174,"WASHC5"
"GALNT7",9.41e-09,-0.307,0.172,0.207,0.000175,"GALNT7"
"ZNF316",9.42e-09,0.217,0.279,0.247,0.000175,"ZNF316"
"DLAT",9.47e-09,0.213,0.314,0.279,0.000176,"DLAT"
"JPT2",9.59e-09,0.202,0.419,0.387,0.000179,"JPT2"
"PKP4",9.8e-09,-0.311,0.408,0.449,0.000182,"PKP4"
"E2F5",1e-08,0.169,0.453,0.42,0.000187,"E2F5"
"UTRN",1.01e-08,-0.714,0.128,0.158,0.000189,"UTRN"
"IMPG2",1.02e-08,0.457,0.169,0.141,0.000189,"IMPG2"
"ARMCX1",1.02e-08,0.332,0.311,0.28,0.00019,"ARMCX1"
"SYT7",1.03e-08,-0.48,0.12,0.149,0.000192,"SYT7"
"GMEB2",1.04e-08,0.25,0.237,0.204,0.000193,"GMEB2"
"TRIM62",1.04e-08,0.352,0.17,0.14,0.000193,"TRIM62"
"CCDC3",1.04e-08,0.132,0.506,0.476,0.000194,"CCDC3"
"ISCA2",1.08e-08,0.224,0.377,0.351,0.000201,"ISCA2"
"GDPD5",1.08e-08,-0.76,0.037,0.054,0.000201,"GDPD5"
"NPAT",1.09e-08,0.206,0.401,0.371,0.000203,"NPAT"
"PIGL",1.1e-08,0.12,0.578,0.549,0.000204,"PIGL"
"FAM184A",1.12e-08,0.194,0.345,0.311,0.000209,"FAM184A"
"SMPDL3A",1.12e-08,0.3,0.177,0.147,0.000209,"SMPDL3A"
"MYCL",1.13e-08,0.281,0.193,0.163,0.000211,"MYCL"
"PNKP",1.13e-08,0.246,0.317,0.284,0.000211,"PNKP"
"SCAP",1.14e-08,0.161,0.38,0.346,0.000212,"SCAP"
"METTL5",1.14e-08,0.119,0.582,0.552,0.000212,"METTL5"
"FEZF1",1.14e-08,-0.943,0.025,0.04,0.000213,"FEZF1"
"XPOT",1.14e-08,0.133,0.444,0.411,0.000213,"XPOT"
"CBY1",1.15e-08,0.147,0.444,0.412,0.000213,"CBY1"
"FBN1",1.15e-08,-0.78,0.014,0.027,0.000215,"FBN1"
"STAC3",1.16e-08,0.261,0.235,0.203,0.000215,"STAC3"
"TTLL11",1.16e-08,0.134,0.532,0.502,0.000216,"TTLL11"
"SPRED3",1.18e-08,0.322,0.218,0.188,0.000219,"SPRED3"
"ARID3A",1.18e-08,0.226,0.296,0.262,0.00022,"ARID3A"
"COQ9",1.2e-08,0.242,0.331,0.301,0.000223,"COQ9"
"ZNF260",1.2e-08,0.216,0.385,0.356,0.000224,"ZNF260"
"LY6E",1.2e-08,0.227,0.435,0.406,0.000224,"LY6E"
"SMG9",1.21e-08,0.19,0.343,0.31,0.000225,"SMG9"
"MAN1C1",1.23e-08,-0.622,0.063,0.085,0.000229,"MAN1C1"
"RAB39B",1.24e-08,0.271,0.232,0.2,0.00023,"RAB39B"
"SPRED2",1.25e-08,0.197,0.408,0.377,0.000233,"SPRED2"
"BRCA2",1.26e-08,-0.682,0.039,0.057,0.000235,"BRCA2"
"ZFP62",1.26e-08,0.14,0.425,0.391,0.000235,"ZFP62"
"UMPS",1.27e-08,0.222,0.342,0.31,0.000236,"UMPS"
"ZNF100",1.27e-08,0.235,0.282,0.25,0.000236,"ZNF100"
"MCCC1",1.29e-08,0.167,0.43,0.397,0.000239,"MCCC1"
"SLC17A7",1.3e-08,0.1,0.556,0.519,0.000243,"SLC17A7"
"ADGRG3",1.32e-08,0.515,0.117,0.093,0.000246,"ADGRG3"
"DDX20",1.32e-08,0.309,0.292,0.263,0.000247,"DDX20"
"TSC2",1.33e-08,0.214,0.373,0.34,0.000248,"TSC2"
"YDJC",1.33e-08,0.352,0.244,0.216,0.000248,"YDJC"
"CTPS1",1.33e-08,0.197,0.381,0.347,0.000248,"CTPS1"
"CAMKK2",1.34e-08,0.143,0.547,0.517,0.00025,"CAMKK2"
"GOT1",1.35e-08,0.173,0.401,0.369,0.000252,"GOT1"
"SEPTIN8",1.35e-08,0.261,0.266,0.234,0.000252,"SEPTIN8"
"C2orf49",1.35e-08,0.258,0.274,0.242,0.000252,"C2orf49"
"DGCR8",1.38e-08,0.221,0.292,0.259,0.000256,"DGCR8"
"DNAL4",1.38e-08,0.344,0.239,0.211,0.000257,"DNAL4"
"FGF1",1.42e-08,-1.035,0.016,0.029,0.000265,"FGF1"
"CDCA7",1.43e-08,-0.53,0.043,0.062,0.000267,"CDCA7"
"NRM",1.44e-08,0.406,0.168,0.14,0.000269,"NRM"
"CACNB1",1.45e-08,0.214,0.278,0.247,0.00027,"CACNB1"
"NYAP1",1.48e-08,0.2,0.329,0.295,0.000276,"NYAP1"
"BCL9L",1.49e-08,0.201,0.292,0.258,0.000277,"BCL9L"
"CA11",1.49e-08,0.277,0.241,0.21,0.000277,"CA11"
"CEP89",1.5e-08,0.113,0.497,0.459,0.000279,"CEP89"
"KIF13A",1.51e-08,0.152,0.411,0.376,0.00028,"KIF13A"
"SPIN3",1.53e-08,0.217,0.335,0.303,0.000284,"SPIN3"
"LARP4",1.54e-08,0.114,0.527,0.493,0.000287,"LARP4"
"RAB3B",1.55e-08,-0.57,0.059,0.08,0.000288,"RAB3B"
"GOSR1",1.55e-08,0.127,0.597,0.568,0.000289,"GOSR1"
"ENSG00000276345",1.57e-08,0.451,0.141,0.115,0.000291,"ENSG00000276345"
"ASB6",1.57e-08,0.402,0.151,0.125,0.000292,"ASB6"
"SYT10",1.57e-08,-1.096,0.009,0.019,0.000293,"SYT10"
"B9D2",1.59e-08,0.467,0.131,0.105,0.000296,"B9D2"
"WNT10B",1.6e-08,-1.523,0.008,0.017,0.000297,"WNT10B"
"DDX50",1.61e-08,0.127,0.603,0.579,0.000299,"DDX50"
"EEA1",1.61e-08,0.127,0.532,0.505,0.0003,"EEA1"
"RASGEF1C",1.62e-08,-0.336,0.134,0.164,0.000301,"RASGEF1C"
"CDC37L1",1.63e-08,0.15,0.436,0.405,0.000303,"CDC37L1"
"JOSD2",1.64e-08,0.311,0.245,0.215,0.000305,"JOSD2"
"C8orf58",1.65e-08,0.399,0.15,0.123,0.000307,"C8orf58"
"DOK5",1.67e-08,-0.572,0.453,0.487,0.000312,"DOK5"
"CIPC",1.68e-08,0.264,0.253,0.222,0.000312,"CIPC"
"NRG2",1.69e-08,-1.051,0.029,0.045,0.000315,"NRG2"
"UBE2V1",1.69e-08,0.432,0.137,0.111,0.000315,"UBE2V1"
"CAB39L",1.72e-08,0.172,0.449,0.418,0.000319,"CAB39L"
"NEK7",1.74e-08,0.258,0.271,0.237,0.000324,"NEK7"
"ORC2",1.79e-08,0.11,0.494,0.462,0.000333,"ORC2"
"RBMS1",1.81e-08,-0.241,0.132,0.163,0.000336,"RBMS1"
"SLC6A16",1.84e-08,0.326,0.187,0.157,0.000342,"SLC6A16"
"SARNP",1.84e-08,0.441,0.142,0.116,0.000342,"SARNP"
"NIBAN2",1.85e-08,0.337,0.189,0.159,0.000345,"NIBAN2"
"PUS7L",1.86e-08,-0.94,0.018,0.031,0.000346,"PUS7L"
"ANKRD33B",1.86e-08,-0.746,0.036,0.053,0.000346,"ANKRD33B"
"HIPK1",1.88e-08,0.132,0.44,0.406,0.00035,"HIPK1"
"ASAH2B",1.89e-08,0.27,0.245,0.214,0.000351,"ASAH2B"
"MFNG",1.89e-08,0.588,0.088,0.066,0.000351,"MFNG"
"WWC2",1.92e-08,-0.195,0.195,0.231,0.000357,"WWC2"
"BROX",1.92e-08,0.263,0.307,0.278,0.000358,"BROX"
"MSRA",1.92e-08,-0.274,0.596,0.634,0.000358,"MSRA"
"EFS",1.97e-08,0.189,0.327,0.293,0.000367,"EFS"
"STAM2",2.01e-08,0.177,0.405,0.372,0.000373,"STAM2"
"NT5M",2.01e-08,0.219,0.329,0.299,0.000374,"NT5M"
"CNPPD1",2.03e-08,0.235,0.313,0.281,0.000378,"CNPPD1"
"CCDC137",2.06e-08,0.18,0.272,0.239,0.000383,"CCDC137"
"HECTD3",2.08e-08,0.283,0.206,0.176,0.000386,"HECTD3"
"HJURP",2.1e-08,-0.851,0.018,0.031,0.00039,"HJURP"
"DNALI1",2.1e-08,0.319,0.237,0.209,0.000391,"DNALI1"
"ENSG00000284691",2.11e-08,0.33,0.22,0.19,0.000393,"ENSG00000284691"
"RAB25",2.12e-08,0.424,0.116,0.091,0.000394,"RAB25"
"ACADVL",2.12e-08,0.249,0.26,0.228,0.000395,"ACADVL"
"PHF24",2.13e-08,-0.798,0.034,0.05,0.000396,"PHF24"
"CHST3",2.14e-08,-0.972,0.016,0.028,0.000398,"CHST3"
"ZNF7",2.15e-08,0.193,0.308,0.275,0.0004,"ZNF7"
"MRPS9",2.17e-08,0.18,0.403,0.373,0.000403,"MRPS9"
"GRIA4",2.17e-08,-0.382,0.159,0.191,0.000403,"GRIA4"
"PPM1F",2.18e-08,0.243,0.302,0.27,0.000405,"PPM1F"
"NUP54",2.21e-08,0.13,0.516,0.485,0.000412,"NUP54"
"ZWINT",2.22e-08,-0.604,0.032,0.049,0.000413,"ZWINT"
"WIPF3",2.23e-08,0.293,0.365,0.334,0.000416,"WIPF3"
"LENG1",2.24e-08,0.348,0.207,0.179,0.000416,"LENG1"
"DTX4",2.24e-08,0.203,0.34,0.307,0.000417,"DTX4"
"CENPI",2.25e-08,-0.546,0.093,0.119,0.000419,"CENPI"
"PIERCE2",2.28e-08,0.42,0.178,0.151,0.000423,"PIERCE2"
"SUMF2",2.28e-08,0.139,0.558,0.534,0.000425,"SUMF2"
"ZNF440",2.29e-08,0.245,0.283,0.251,0.000426,"ZNF440"
"CPSF4",2.31e-08,0.294,0.28,0.249,0.000429,"CPSF4"
"ZDHHC5",2.31e-08,0.22,0.282,0.25,0.00043,"ZDHHC5"
"TMEM127",2.32e-08,0.225,0.244,0.213,0.000431,"TMEM127"
"PACSIN1",2.33e-08,-0.889,0.024,0.039,0.000434,"PACSIN1"
"RHNO1",2.35e-08,0.264,0.345,0.317,0.000438,"RHNO1"
"NOSTRIN",2.35e-08,0.172,0.156,0.128,0.000438,"NOSTRIN"
"CHAMP1",2.37e-08,0.196,0.432,0.401,0.00044,"CHAMP1"
"SLC35A5",2.38e-08,0.173,0.374,0.343,0.000443,"SLC35A5"
"TEX261",2.4e-08,0.275,0.253,0.223,0.000446,"TEX261"
"YTHDF3",2.4e-08,0.101,0.539,0.51,0.000446,"YTHDF3"
"TFIP11",2.4e-08,0.215,0.263,0.231,0.000446,"TFIP11"
"ALAD",2.45e-08,0.27,0.224,0.192,0.000457,"ALAD"
"AGR2",2.47e-08,0.534,0.056,0.038,0.000459,"AGR2"
"SPRY1",2.47e-08,-0.462,0.15,0.181,0.000459,"SPRY1"
"FHL2",2.48e-08,0.52,0.101,0.078,0.000461,"FHL2"
"TRAPPC14",2.52e-08,0.425,0.147,0.12,0.000468,"TRAPPC14"
"ERV3-1",2.52e-08,0.169,0.447,0.416,0.000468,"ERV3-1"
"FPGS",2.53e-08,0.233,0.317,0.286,0.000472,"FPGS"
"VPS50",2.56e-08,0.11,0.558,0.526,0.000476,"VPS50"
"DUSP26",2.56e-08,0.3,0.227,0.198,0.000477,"DUSP26"
"PRKD2",2.59e-08,0.259,0.24,0.209,0.000483,"PRKD2"
"TOX2",2.6e-08,-0.537,0.049,0.068,0.000484,"TOX2"
"USP4",2.61e-08,0.179,0.436,0.407,0.000485,"USP4"
"SCRN3",2.64e-08,0.181,0.51,0.485,0.000491,"SCRN3"
"DCAF1",2.64e-08,0.166,0.417,0.387,0.000491,"DCAF1"
"APOO",2.65e-08,0.175,0.415,0.384,0.000493,"APOO"
"ANGEL1",2.68e-08,0.236,0.258,0.227,0.000499,"ANGEL1"
"CLVS2",2.69e-08,0.158,0.559,0.538,0.000501,"CLVS2"
"RFC3",2.71e-08,-0.492,0.19,0.223,0.000504,"RFC3"
"TMEM106C",2.73e-08,0.2,0.434,0.407,0.000509,"TMEM106C"
"SNX12",2.76e-08,0.298,0.249,0.219,0.000513,"SNX12"
"MYH9",2.79e-08,0.275,0.259,0.229,0.00052,"MYH9"
"CCDC93",2.82e-08,0.125,0.568,0.543,0.000525,"CCDC93"
"RAD51AP1",2.83e-08,-0.661,0.031,0.048,0.000527,"RAD51AP1"
"PLGRKT",2.84e-08,0.217,0.403,0.374,0.000529,"PLGRKT"
"ESCO2",2.85e-08,-0.767,0.029,0.044,0.000531,"ESCO2"
"HDAC7",2.9e-08,0.26,0.297,0.267,0.000541,"HDAC7"
"LMTK2",2.94e-08,0.126,0.47,0.441,0.000547,"LMTK2"
"ZBTB45",2.94e-08,0.345,0.176,0.148,0.000547,"ZBTB45"
"COMT",2.95e-08,-0.518,0.037,0.054,0.000549,"COMT"
"IRF2BP2",2.99e-08,0.142,0.446,0.416,0.000556,"IRF2BP2"
"SLC30A5",3.08e-08,0.14,0.451,0.417,0.000573,"SLC30A5"
"TCEA3",3.08e-08,0.398,0.126,0.1,0.000573,"TCEA3"
"RNF180",3.1e-08,0.181,0.543,0.516,0.000576,"RNF180"
"TMEM167B",3.12e-08,0.216,0.307,0.276,0.000581,"TMEM167B"
"ARHGEF18",3.12e-08,0.157,0.399,0.37,0.000582,"ARHGEF18"
"PML",3.21e-08,0.229,0.2,0.17,0.000597,"PML"
"ABLIM2",3.21e-08,-0.411,0.085,0.11,0.000597,"ABLIM2"
"SH3GL1",3.21e-08,0.134,0.449,0.416,0.000598,"SH3GL1"
"PCDHA10",3.22e-08,0.248,0.249,0.217,0.000599,"PCDHA10"
"SGO2",3.23e-08,-0.76,0.061,0.083,0.000602,"SGO2"
"MBD6",3.25e-08,0.315,0.179,0.151,0.000604,"MBD6"
"MARF1",3.25e-08,0.16,0.419,0.389,0.000605,"MARF1"
"KAZN",3.26e-08,-0.619,0.834,0.847,0.000606,"KAZN"
"ATG4B",3.26e-08,0.133,0.486,0.458,0.000607,"ATG4B"
"DYNC2LI1",3.27e-08,-0.375,0.242,0.278,0.000609,"DYNC2LI1"
"KISS1R",3.31e-08,-1.417,0.004,0.011,0.000616,"KISS1R"
"SPPL2B",3.37e-08,0.192,0.235,0.202,0.000628,"SPPL2B"
"LPAR2",3.39e-08,0.209,0.301,0.269,0.000631,"LPAR2"
"GRIN2D",3.41e-08,0.246,0.326,0.295,0.000635,"GRIN2D"
"APOL4",3.44e-08,0.852,0.044,0.028,0.00064,"APOL4"
"KAT7",3.5e-08,0.211,0.301,0.27,0.000651,"KAT7"
"ZNF780B",3.52e-08,0.117,0.52,0.486,0.000654,"ZNF780B"
"KLF6",3.54e-08,0.18,0.456,0.427,0.000658,"KLF6"
"MSH5",3.54e-08,-0.464,0.072,0.095,0.000659,"MSH5"
"UHRF2",3.57e-08,0.101,0.483,0.453,0.000664,"UHRF2"
"DPH7",3.57e-08,0.226,0.297,0.268,0.000665,"DPH7"
"ARFRP1",3.65e-08,0.253,0.285,0.255,0.000679,"ARFRP1"
"CORO1B",3.68e-08,0.285,0.235,0.205,0.000685,"CORO1B"
"DERL2",3.72e-08,0.202,0.353,0.322,0.000693,"DERL2"
"MAP3K20",3.74e-08,-0.45,0.115,0.143,0.000695,"MAP3K20"
"TRAF3IP2",3.75e-08,0.126,0.355,0.321,0.000699,"TRAF3IP2"
"EPB41L2",3.79e-08,0.352,0.26,0.23,0.000706,"EPB41L2"
"FAM200A",3.8e-08,0.254,0.315,0.286,0.000707,"FAM200A"
"GSTM3",3.82e-08,0.182,0.509,0.486,0.000711,"GSTM3"
"RNF14",3.86e-08,0.239,0.333,0.307,0.000719,"RNF14"
"EIF2B5",3.88e-08,0.266,0.299,0.271,0.000721,"EIF2B5"
"SCUBE3",3.88e-08,0.228,0.282,0.25,0.000722,"SCUBE3"
"ENSG00000203546",3.88e-08,0.212,0.275,0.242,0.000722,"ENSG00000203546"
"SNRPA1",3.9e-08,0.155,0.542,0.516,0.000726,"SNRPA1"
"KSR1",3.91e-08,0.173,0.439,0.411,0.000727,"KSR1"
"TRNAU1AP",3.93e-08,0.127,0.531,0.502,0.000732,"TRNAU1AP"
"FAM111B",3.95e-08,-0.721,0.026,0.041,0.000735,"FAM111B"
"AP1M1",3.96e-08,0.163,0.511,0.488,0.000738,"AP1M1"
"KCNJ4",3.97e-08,-1.268,0.024,0.038,0.000738,"KCNJ4"
"ARV1",3.97e-08,0.263,0.278,0.248,0.000739,"ARV1"
"DPH3",3.99e-08,0.274,0.327,0.299,0.000742,"DPH3"
"IFNAR1",3.99e-08,0.143,0.451,0.42,0.000743,"IFNAR1"
"C11orf68",4.1e-08,0.285,0.278,0.249,0.000763,"C11orf68"
"TUBA1C",4.15e-08,0.272,0.354,0.326,0.000773,"TUBA1C"
"ZNF181",4.21e-08,0.296,0.231,0.202,0.000784,"ZNF181"
"FBXO25",4.24e-08,0.176,0.346,0.313,0.000789,"FBXO25"
"SENP1",4.27e-08,0.155,0.328,0.295,0.000795,"SENP1"
"DOCK2",4.3e-08,-1.614,0.005,0.013,0.0008,"DOCK2"
"HINT2",4.31e-08,0.241,0.352,0.325,0.000801,"HINT2"
"RBM7",4.33e-08,0.274,0.301,0.273,0.000806,"RBM7"
"CINP",4.35e-08,0.288,0.301,0.271,0.000809,"CINP"
"TIMM9",4.35e-08,0.189,0.434,0.407,0.00081,"TIMM9"
"ZNF433",4.38e-08,0.166,0.322,0.289,0.000816,"ZNF433"
"ASAH1",4.4e-08,0.129,0.561,0.525,0.000819,"ASAH1"
"IRS2",4.41e-08,0.233,0.408,0.381,0.00082,"IRS2"
"BIRC2",4.45e-08,0.203,0.378,0.35,0.000829,"BIRC2"
"TUFT1",4.48e-08,0.32,0.166,0.138,0.000834,"TUFT1"
"DNAJB12",4.52e-08,0.249,0.266,0.237,0.000841,"DNAJB12"
"NBPF12",4.55e-08,0.154,0.407,0.374,0.000847,"NBPF12"
"GCNA",4.56e-08,0.331,0.203,0.173,0.000849,"GCNA"
"HMGXB3",4.59e-08,0.148,0.367,0.335,0.000854,"HMGXB3"
"ERRFI1",4.61e-08,0.207,0.333,0.302,0.000859,"ERRFI1"
"MORN2",4.65e-08,0.244,0.337,0.31,0.000866,"MORN2"
"BRF2",4.67e-08,0.395,0.169,0.143,0.000869,"BRF2"
"NME6",4.69e-08,0.278,0.26,0.231,0.000874,"NME6"
"HDAC6",4.72e-08,0.228,0.3,0.271,0.000879,"HDAC6"
"TMEM259",4.77e-08,0.107,0.463,0.432,0.000887,"TMEM259"
"TRIM26",4.78e-08,0.237,0.293,0.262,0.000889,"TRIM26"
"TATDN1",4.79e-08,0.149,0.487,0.457,0.000892,"TATDN1"
"GRPEL1",4.82e-08,0.217,0.304,0.275,0.000898,"GRPEL1"
"AGBL5",4.83e-08,0.141,0.36,0.328,0.000899,"AGBL5"
"DLST",4.91e-08,0.17,0.371,0.34,0.000913,"DLST"
"SLC49A4",5.03e-08,0.153,0.445,0.413,0.000936,"SLC49A4"
"TRAF3IP1",5.03e-08,0.21,0.379,0.35,0.000937,"TRAF3IP1"
"NYNRIN",5.06e-08,0.346,0.218,0.19,0.000941,"NYNRIN"
"CFAP36",5.16e-08,0.124,0.602,0.573,0.00096,"CFAP36"
"MRPS25",5.22e-08,0.124,0.538,0.511,0.000972,"MRPS25"
"TRIM69",5.25e-08,0.194,0.353,0.321,0.000978,"TRIM69"
"RNF138",5.27e-08,0.14,0.54,0.513,0.000981,"RNF138"
"PPCDC",5.28e-08,0.186,0.317,0.287,0.000982,"PPCDC"
"PLEKHG5",5.29e-08,0.266,0.261,0.233,0.000984,"PLEKHG5"
"GABRA3",5.29e-08,-0.28,0.261,0.297,0.000984,"GABRA3"
"MINK1",5.3e-08,0.162,0.369,0.335,0.000987,"MINK1"
"PLA2G6",5.41e-08,0.23,0.203,0.174,0.00101,"PLA2G6"
"MYBL2",5.42e-08,-0.507,0.026,0.041,0.00101,"MYBL2"
"EOLA2",5.43e-08,0.509,0.114,0.091,0.00101,"EOLA2"
"KCNK10",5.43e-08,-0.403,0.159,0.19,0.00101,"KCNK10"
"ITGAV",5.45e-08,0.15,0.469,0.439,0.00102,"ITGAV"
"TMEM126B",5.55e-08,0.221,0.367,0.339,0.00103,"TMEM126B"
"SDHD",5.65e-08,0.238,0.376,0.349,0.00105,"SDHD"
"ZNF280C",5.66e-08,0.113,0.498,0.468,0.00105,"ZNF280C"
"MAPK3",5.66e-08,0.232,0.302,0.274,0.00105,"MAPK3"
"ZNF710",5.67e-08,0.157,0.421,0.392,0.00106,"ZNF710"
"GPC5",5.7e-08,-0.892,0.047,0.065,0.00106,"GPC5"
"ZNF236",5.73e-08,0.135,0.484,0.453,0.00107,"ZNF236"
"SHLD2",5.75e-08,0.155,0.47,0.444,0.00107,"SHLD2"
"ERCC5",5.77e-08,0.184,0.441,0.412,0.00107,"ERCC5"
"STARD3",5.78e-08,0.218,0.337,0.305,0.00108,"STARD3"
"USP19",5.85e-08,0.322,0.172,0.144,0.00109,"USP19"
"MRPS17",5.85e-08,0.324,0.201,0.173,0.00109,"MRPS17"
"COL5A3",5.85e-08,-1.124,0.011,0.021,0.00109,"COL5A3"
"KLHL18",5.86e-08,0.149,0.427,0.396,0.00109,"KLHL18"
"CCDC127",5.94e-08,0.218,0.308,0.278,0.00111,"CCDC127"
"ENTR1",5.99e-08,0.223,0.329,0.3,0.00111,"ENTR1"
"ZBTB43",6e-08,0.179,0.404,0.376,0.00112,"ZBTB43"
"PLPP3",6.02e-08,-0.614,0.094,0.118,0.00112,"PLPP3"
"CASP2",6.05e-08,0.171,0.353,0.322,0.00113,"CASP2"
"GNAZ",6.08e-08,0.174,0.375,0.342,0.00113,"GNAZ"
"ABCD3",6.11e-08,0.101,0.528,0.498,0.00114,"ABCD3"
"ENSG00000288591",6.17e-08,-0.399,0.132,0.16,0.00115,"ENSG00000288591"
"SLC25A46",6.35e-08,0.148,0.476,0.448,0.00118,"SLC25A46"
"KIAA0930",6.36e-08,0.133,0.435,0.399,0.00118,"KIAA0930"
"TM9SF4",6.38e-08,0.178,0.394,0.364,0.00119,"TM9SF4"
"UBALD1",6.48e-08,0.323,0.198,0.169,0.00121,"UBALD1"
"TMED1",6.57e-08,0.357,0.153,0.128,0.00122,"TMED1"
"C6orf226",6.65e-08,0.336,0.264,0.238,0.00124,"C6orf226"
"HYDIN",6.71e-08,-0.522,0.036,0.053,0.00125,"HYDIN"
"ZNF667",6.72e-08,-0.299,0.1,0.127,0.00125,"ZNF667"
"CDCA2",6.73e-08,-0.89,0.025,0.04,0.00125,"CDCA2"
"NPRL2",6.82e-08,0.322,0.234,0.207,0.00127,"NPRL2"
"GCDH",6.86e-08,0.275,0.245,0.216,0.00128,"GCDH"
"NOL9",6.9e-08,0.215,0.322,0.292,0.00128,"NOL9"
"TMEM18",6.9e-08,0.25,0.337,0.31,0.00129,"TMEM18"
"CRABP1",6.93e-08,0.441,0.12,0.096,0.00129,"CRABP1"
"GTPBP8",6.96e-08,0.223,0.297,0.268,0.0013,"GTPBP8"
"CPEB2",7.14e-08,0.276,0.389,0.359,0.00133,"CPEB2"
"ADO",7.24e-08,0.271,0.25,0.221,0.00135,"ADO"
"TARS1",7.31e-08,0.196,0.335,0.307,0.00136,"TARS1"
"SOBP",7.31e-08,-0.368,0.441,0.482,0.00136,"SOBP"
"IFT122",7.32e-08,0.14,0.496,0.469,0.00136,"IFT122"
"TRAPPC8",7.4e-08,0.131,0.548,0.521,0.00138,"TRAPPC8"
"MAPK9",7.41e-08,0.107,0.522,0.488,0.00138,"MAPK9"
"LIPE",7.45e-08,0.259,0.226,0.196,0.00139,"LIPE"
"ZFYVE16",7.55e-08,0.102,0.563,0.531,0.0014,"ZFYVE16"
"GABPA",7.55e-08,0.171,0.412,0.384,0.00141,"GABPA"
"GUF1",7.56e-08,0.217,0.318,0.287,0.00141,"GUF1"
"AP4M1",7.66e-08,0.162,0.326,0.295,0.00143,"AP4M1"
"PRSS12",7.73e-08,0.381,0.135,0.109,0.00144,"PRSS12"
"FAXDC2",7.83e-08,0.261,0.232,0.203,0.00146,"FAXDC2"
"ZNF668",7.91e-08,0.308,0.248,0.219,0.00147,"ZNF668"
"RPS6KB2",7.99e-08,0.388,0.175,0.149,0.00149,"RPS6KB2"
"LEMD2",8.08e-08,0.239,0.256,0.226,0.0015,"LEMD2"
"SLC25A16",8.12e-08,0.117,0.48,0.45,0.00151,"SLC25A16"
"PECR",8.29e-08,0.219,0.353,0.322,0.00154,"PECR"
"CCDC6",8.3e-08,0.101,0.508,0.476,0.00154,"CCDC6"
"TMEM30A",8.43e-08,0.124,0.489,0.462,0.00157,"TMEM30A"
"SYN1",8.44e-08,0.233,0.297,0.266,0.00157,"SYN1"
"HCN1",8.45e-08,-0.955,0.064,0.084,0.00157,"HCN1"
"SEC16A",8.51e-08,0.19,0.318,0.286,0.00158,"SEC16A"
"ANKHD1",8.55e-08,0.258,0.221,0.191,0.00159,"ANKHD1"
"METAP1",8.58e-08,0.157,0.399,0.37,0.0016,"METAP1"
"GNPTG",8.59e-08,0.214,0.267,0.236,0.0016,"GNPTG"
"LTO1",8.61e-08,0.228,0.256,0.226,0.0016,"LTO1"
"TBK1",8.69e-08,0.171,0.432,0.403,0.00162,"TBK1"
"PDZRN3",8.69e-08,-0.663,0.081,0.103,0.00162,"PDZRN3"
"DNAJC5B",8.71e-08,0.455,0.064,0.046,0.00162,"DNAJC5B"
"EDC4",8.74e-08,0.291,0.186,0.157,0.00163,"EDC4"
"MAP1S",8.76e-08,0.178,0.324,0.294,0.00163,"MAP1S"
"USP38",8.78e-08,0.286,0.266,0.236,0.00163,"USP38"
"NDUFA7",8.8e-08,0.375,0.169,0.143,0.00164,"NDUFA7"
"ESRRB",8.89e-08,0.445,0.104,0.082,0.00165,"ESRRB"
"DCLK3",8.9e-08,0.368,0.162,0.135,0.00166,"DCLK3"
"ARHGEF25",8.95e-08,0.301,0.193,0.164,0.00167,"ARHGEF25"
"RNF44",9e-08,0.149,0.352,0.319,0.00167,"RNF44"
"FRS3",9.1e-08,0.302,0.177,0.149,0.00169,"FRS3"
"GYS1",9.14e-08,0.238,0.283,0.254,0.0017,"GYS1"
"NUSAP1",9.16e-08,-0.775,0.021,0.034,0.0017,"NUSAP1"
"VCL",9.16e-08,0.116,0.464,0.433,0.00171,"VCL"
"BPNT1",9.19e-08,0.341,0.221,0.193,0.00171,"BPNT1"
"ZBTB22",9.25e-08,0.282,0.217,0.189,0.00172,"ZBTB22"
"SLC35F3",9.55e-08,-1.062,0.021,0.034,0.00178,"SLC35F3"
"ENSG00000284762",9.55e-08,0.186,0.369,0.34,0.00178,"ENSG00000284762"
"TMLHE",9.56e-08,0.164,0.443,0.416,0.00178,"TMLHE"
"DMAC2L",9.63e-08,0.215,0.371,0.341,0.00179,"DMAC2L"
"ATF1",9.66e-08,0.165,0.375,0.344,0.0018,"ATF1"
"YJU2B",9.68e-08,0.183,0.398,0.37,0.0018,"YJU2B"
"STK32A",9.69e-08,0.416,0.186,0.158,0.0018,"STK32A"
"C19orf47",9.75e-08,0.408,0.126,0.102,0.00181,"C19orf47"
"TCF7",9.84e-08,0.345,0.185,0.157,0.00183,"TCF7"
"VSTM2L",9.85e-08,-0.405,0.152,0.181,0.00183,"VSTM2L"
"LSM8",9.94e-08,0.133,0.607,0.583,0.00185,"LSM8"
"FHDC1",1.01e-07,0.598,0.099,0.078,0.00189,"FHDC1"
"ESPL1",1.02e-07,-1.019,0.012,0.023,0.00191,"ESPL1"
"STOML1",1.03e-07,0.198,0.312,0.282,0.00192,"STOML1"
"FANCD2",1.05e-07,-0.6,0.056,0.075,0.00195,"FANCD2"
"GBA2",1.06e-07,0.233,0.297,0.268,0.00196,"GBA2"
"CD47",1.06e-07,-0.427,0.358,0.394,0.00197,"CD47"
"ALOXE3",1.06e-07,-5.004,0.022,0.035,0.00198,"ALOXE3"
"TBC1D25",1.07e-07,0.219,0.263,0.233,0.00198,"TBC1D25"
"NDE1",1.08e-07,0.115,0.252,0.22,0.002,"NDE1"
"RRM1",1.08e-07,0.16,0.418,0.388,0.00201,"RRM1"
"ZNF787",1.1e-07,0.298,0.207,0.18,0.00205,"ZNF787"
"C1orf216",1.1e-07,0.254,0.322,0.292,0.00205,"C1orf216"
"UNC5C",1.1e-07,-1.698,0.008,0.017,0.00205,"UNC5C"
"FLII",1.1e-07,0.3,0.217,0.189,0.00206,"FLII"
"MAST4",1.11e-07,-0.45,0.157,0.187,0.00207,"MAST4"
"RAB3D",1.11e-07,0.289,0.245,0.216,0.00208,"RAB3D"
"KMT2D",1.12e-07,0.187,0.311,0.277,0.00209,"KMT2D"
"ZSCAN32",1.13e-07,0.321,0.188,0.161,0.0021,"ZSCAN32"
"ZBTB2",1.13e-07,0.283,0.243,0.214,0.00211,"ZBTB2"
"CENATAC",1.14e-07,0.185,0.389,0.358,0.00212,"CENATAC"
"P3H3",1.14e-07,0.386,0.149,0.124,0.00213,"P3H3"
"MCM10",1.15e-07,-0.496,0.034,0.05,0.00215,"MCM10"
"ASPM",1.17e-07,-0.953,0.061,0.081,0.00217,"ASPM"
"WDR83",1.17e-07,0.234,0.241,0.212,0.00217,"WDR83"
"SLC6A6",1.17e-07,0.172,0.357,0.326,0.00218,"SLC6A6"
"LRRC63",1.17e-07,-0.673,0.024,0.038,0.00218,"LRRC63"
"CHRNA4",1.19e-07,0.284,0.199,0.17,0.00222,"CHRNA4"
"KIFC1",1.2e-07,-0.64,0.034,0.049,0.00223,"KIFC1"
"CBLN1",1.21e-07,0.431,0.091,0.07,0.00225,"CBLN1"
"ZNF784",1.21e-07,0.629,0.057,0.04,0.00225,"ZNF784"
"LMBRD2",1.22e-07,0.171,0.364,0.332,0.00228,"LMBRD2"
"ZNF493",1.22e-07,0.113,0.532,0.501,0.00228,"ZNF493"
"ZNHIT6",1.23e-07,0.166,0.392,0.362,0.00229,"ZNHIT6"
"RPS6KA3",1.24e-07,0.135,0.545,0.525,0.0023,"RPS6KA3"
"RBAK",1.24e-07,0.352,0.147,0.121,0.00231,"RBAK"
"RNF4",1.25e-07,0.136,0.42,0.389,0.00232,"RNF4"
"DAG1",1.25e-07,0.167,0.355,0.325,0.00233,"DAG1"
"TTK",1.26e-07,-1.063,0.026,0.04,0.00234,"TTK"
"SIKE1",1.26e-07,0.226,0.314,0.284,0.00234,"SIKE1"
"ANGPTL1",1.28e-07,-0.464,0.136,0.164,0.00237,"ANGPTL1"
"IDNK",1.28e-07,0.258,0.205,0.177,0.00237,"IDNK"
"RNASEH1",1.3e-07,0.221,0.314,0.285,0.00241,"RNASEH1"
"C17orf75",1.3e-07,0.179,0.352,0.324,0.00243,"C17orf75"
"ACAD9",1.31e-07,0.197,0.338,0.309,0.00244,"ACAD9"
"FRAT2",1.32e-07,0.32,0.166,0.141,0.00245,"FRAT2"
"LINGO2",1.32e-07,-0.451,0.295,0.334,0.00245,"LINGO2"
"RWDD4",1.32e-07,0.175,0.401,0.373,0.00247,"RWDD4"
"TIMP1",1.34e-07,-0.753,0.02,0.033,0.0025,"TIMP1"
"U2AF1L4",1.34e-07,0.409,0.165,0.139,0.0025,"U2AF1L4"
"GNE",1.36e-07,0.115,0.317,0.283,0.00253,"GNE"
"IER2",1.36e-07,0.249,0.205,0.177,0.00254,"IER2"
"RFK",1.4e-07,0.178,0.513,0.494,0.0026,"RFK"
"NELFA",1.43e-07,0.15,0.505,0.476,0.00266,"NELFA"
"MBIP",1.43e-07,0.176,0.445,0.416,0.00266,"MBIP"
"FAAH2",1.44e-07,0.275,0.336,0.307,0.00267,"FAAH2"
"MICAL2",1.45e-07,-0.933,0.012,0.022,0.0027,"MICAL2"
"NIT2",1.46e-07,0.167,0.419,0.39,0.00272,"NIT2"
"DLGAP5",1.46e-07,-1.026,0.024,0.037,0.00272,"DLGAP5"
"DEPDC1",1.46e-07,-1.101,0.021,0.034,0.00272,"DEPDC1"
"PARD6B",1.48e-07,0.246,0.245,0.216,0.00275,"PARD6B"
"PRCP",1.48e-07,-0.31,0.234,0.269,0.00275,"PRCP"
"NPM3",1.5e-07,0.408,0.158,0.132,0.0028,"NPM3"
"BORCS5",1.52e-07,0.147,0.417,0.386,0.00284,"BORCS5"
"OCEL1",1.53e-07,0.345,0.149,0.124,0.00285,"OCEL1"
"MYPOP",1.53e-07,0.345,0.154,0.128,0.00285,"MYPOP"
"DOK4",1.53e-07,0.239,0.266,0.236,0.00285,"DOK4"
"DXO",1.55e-07,0.409,0.113,0.09,0.00288,"DXO"
"ZNF765",1.57e-07,0.236,0.28,0.25,0.00293,"ZNF765"
"CLEC11A",1.58e-07,0.362,0.233,0.206,0.00293,"CLEC11A"
"PCLAF",1.59e-07,-0.724,0.076,0.097,0.00295,"PCLAF"
"JPH3",1.6e-07,0.2,0.376,0.345,0.00297,"JPH3"
"ZNF660",1.64e-07,0.259,0.223,0.194,0.00306,"ZNF660"
"YIPF1",1.66e-07,0.262,0.263,0.236,0.00309,"YIPF1"
"PDCD2L",1.66e-07,0.278,0.223,0.195,0.00309,"PDCD2L"
"ZBTB6",1.67e-07,0.282,0.218,0.19,0.00311,"ZBTB6"
"PHKG2",1.67e-07,0.299,0.238,0.212,0.00312,"PHKG2"
"MINPP1",1.68e-07,0.246,0.303,0.274,0.00313,"MINPP1"
"CPSF2",1.69e-07,0.133,0.412,0.379,0.00314,"CPSF2"
"VRK2",1.74e-07,-1.751,0.071,0.092,0.00324,"VRK2"
"CMTM6",1.75e-07,0.286,0.305,0.276,0.00326,"CMTM6"
"SETD1B",1.76e-07,0.222,0.334,0.306,0.00327,"SETD1B"
"NCBP1",1.77e-07,0.172,0.375,0.344,0.0033,"NCBP1"
"BLMH",1.78e-07,0.183,0.412,0.385,0.00331,"BLMH"
"PCF11",1.79e-07,0.117,0.512,0.488,0.00333,"PCF11"
"ALKBH2",1.79e-07,0.271,0.254,0.226,0.00333,"ALKBH2"
"PLCXD3",1.81e-07,-0.405,0.091,0.115,0.00337,"PLCXD3"
"MRPS22",1.82e-07,0.172,0.38,0.354,0.00339,"MRPS22"
"RBSN",1.82e-07,0.139,0.441,0.412,0.00339,"RBSN"
"DUSP11",1.82e-07,0.24,0.321,0.294,0.00339,"DUSP11"
"ASIC2",1.84e-07,-1.006,0.058,0.077,0.00343,"ASIC2"
"GTF2H4",1.85e-07,0.247,0.25,0.222,0.00345,"GTF2H4"
"ABCD2",1.87e-07,0.142,0.391,0.357,0.00349,"ABCD2"
"ABHD2",1.89e-07,0.104,0.492,0.462,0.00352,"ABHD2"
"ANXA7",1.91e-07,0.19,0.431,0.404,0.00356,"ANXA7"
"SIRT1",1.93e-07,0.19,0.343,0.315,0.00359,"SIRT1"
"IKZF2",1.93e-07,0.222,0.246,0.216,0.0036,"IKZF2"
"CENPE",1.97e-07,-0.878,0.046,0.063,0.00366,"CENPE"
"PIGT",1.97e-07,0.288,0.237,0.211,0.00367,"PIGT"
"C9orf153",1.97e-07,0.353,0.169,0.142,0.00367,"C9orf153"
"ERO1B",1.99e-07,0.154,0.35,0.322,0.0037,"ERO1B"
"TWF1",2e-07,0.244,0.3,0.272,0.00373,"TWF1"
"MAD2L1",2.04e-07,-0.421,0.084,0.107,0.0038,"MAD2L1"
"ATP1A2",2.04e-07,-0.691,0.013,0.023,0.0038,"ATP1A2"
"NARS2",2.05e-07,0.123,0.527,0.499,0.00381,"NARS2"
"PPP2R5B",2.06e-07,0.142,0.37,0.339,0.00384,"PPP2R5B"
"CRAMP1",2.06e-07,0.171,0.395,0.365,0.00384,"CRAMP1"
"ODF2",2.07e-07,0.21,0.281,0.251,0.00385,"ODF2"
"IFI27L1",2.08e-07,0.241,0.321,0.295,0.00387,"IFI27L1"
"HYKK",2.09e-07,0.382,0.116,0.093,0.00389,"HYKK"
"COX19",2.09e-07,0.208,0.396,0.371,0.00389,"COX19"
"FAM162A",2.09e-07,-0.606,0.384,0.416,0.00389,"FAM162A"
"VPS36",2.1e-07,0.108,0.587,0.561,0.0039,"VPS36"
"THNSL1",2.1e-07,0.232,0.268,0.238,0.00391,"THNSL1"
"RYR1",2.11e-07,-0.8,0.017,0.028,0.00392,"RYR1"
"ZNF555",2.13e-07,0.24,0.261,0.233,0.00397,"ZNF555"
"ZNF282",2.17e-07,0.26,0.239,0.21,0.00404,"ZNF282"
"SLC25A33",2.17e-07,0.16,0.362,0.332,0.00404,"SLC25A33"
"POLR2M",2.17e-07,0.264,0.26,0.232,0.00404,"POLR2M"
"CEP55",2.17e-07,-0.844,0.02,0.032,0.00404,"CEP55"
"VIPAS39",2.2e-07,0.218,0.289,0.26,0.00409,"VIPAS39"
"AP3M2",2.2e-07,0.182,0.498,0.473,0.0041,"AP3M2"
"IQSEC2",2.24e-07,-0.641,0.049,0.067,0.00416,"IQSEC2"
"NOP2",2.24e-07,0.259,0.262,0.233,0.00418,"NOP2"
"ZNF496",2.26e-07,0.229,0.349,0.32,0.0042,"ZNF496"
"NDUFAF1",2.28e-07,0.201,0.286,0.257,0.00424,"NDUFAF1"
"SVIP",2.28e-07,0.256,0.255,0.226,0.00425,"SVIP"
"TRIP4",2.29e-07,0.117,0.455,0.425,0.00426,"TRIP4"
"RPUSD4",2.29e-07,0.317,0.2,0.173,0.00427,"RPUSD4"
"CDK11A",2.3e-07,0.126,0.367,0.336,0.00429,"CDK11A"
"NOP14",2.33e-07,0.308,0.205,0.178,0.00433,"NOP14"
"AMER3",2.33e-07,-0.482,0.06,0.08,0.00433,"AMER3"
"ZNF41",2.34e-07,0.285,0.207,0.179,0.00436,"ZNF41"
"OSBPL2",2.34e-07,0.18,0.322,0.291,0.00436,"OSBPL2"
"MAML2",2.35e-07,0.27,0.189,0.161,0.00437,"MAML2"
"ZBTB5",2.35e-07,0.141,0.322,0.29,0.00437,"ZBTB5"
"DHX35",2.35e-07,0.213,0.28,0.251,0.00438,"DHX35"
"ZHX1-C8orf76",2.36e-07,0.39,0.116,0.093,0.0044,"ZHX1-C8orf76"
"KIAA0895L",2.37e-07,0.116,0.447,0.417,0.00442,"KIAA0895L"
"NOP58",2.43e-07,0.106,0.555,0.529,0.00452,"NOP58"
"TBCEL",2.43e-07,0.175,0.425,0.395,0.00452,"TBCEL"
"DHX32",2.46e-07,0.204,0.308,0.279,0.00458,"DHX32"
"FBXO10",2.46e-07,0.194,0.363,0.335,0.00458,"FBXO10"
"DNAI1",2.5e-07,-0.619,0.062,0.082,0.00466,"DNAI1"
"CCDC47",2.52e-07,0.134,0.475,0.449,0.00469,"CCDC47"
"CDH7",2.55e-07,-0.571,0.082,0.104,0.00475,"CDH7"
"VRK3",2.56e-07,0.22,0.317,0.29,0.00477,"VRK3"
"BRPF3",2.56e-07,0.244,0.22,0.192,0.00477,"BRPF3"
"DNAJC14",2.57e-07,0.368,0.148,0.123,0.00479,"DNAJC14"
"ATPAF1",2.6e-07,0.118,0.454,0.424,0.00483,"ATPAF1"
"SNN",2.61e-07,0.167,0.416,0.389,0.00486,"SNN"
"C4orf19",2.62e-07,0.373,0.098,0.077,0.00487,"C4orf19"
"ORAI2",2.62e-07,0.19,0.374,0.346,0.00489,"ORAI2"
"EDC3",2.65e-07,0.181,0.326,0.298,0.00492,"EDC3"
"EYA2",2.7e-07,-0.726,0.018,0.03,0.00502,"EYA2"
"SLC30A10",2.7e-07,-0.784,0.021,0.034,0.00502,"SLC30A10"
"UTP14A",2.71e-07,0.296,0.22,0.194,0.00504,"UTP14A"
"AKIP1",2.72e-07,0.213,0.338,0.308,0.00505,"AKIP1"
"COPRS",2.72e-07,0.136,0.459,0.43,0.00507,"COPRS"
"CEP120",2.72e-07,0.259,0.334,0.308,0.00507,"CEP120"
"VLDLR",2.73e-07,-0.277,0.252,0.286,0.00507,"VLDLR"
"IAPP",2.77e-07,0.76,0.044,0.03,0.00516,"IAPP"
"UCK1",2.79e-07,0.28,0.254,0.228,0.00519,"UCK1"
"ZSWIM8",2.79e-07,0.124,0.387,0.357,0.00519,"ZSWIM8"
"CTSC",2.8e-07,-0.349,0.085,0.108,0.00522,"CTSC"
"PARP16",2.81e-07,0.205,0.412,0.383,0.00524,"PARP16"
"PLK4",2.83e-07,-0.569,0.043,0.06,0.00527,"PLK4"
"ADAMTS9",2.84e-07,-0.617,0.06,0.079,0.00529,"ADAMTS9"
"CCDC180",2.85e-07,-0.613,0.032,0.047,0.0053,"CCDC180"
"GUCD1",2.86e-07,0.348,0.178,0.153,0.00532,"GUCD1"
"SNX15",2.87e-07,0.3,0.252,0.226,0.00534,"SNX15"
"ZNF610",2.88e-07,0.232,0.306,0.278,0.00535,"ZNF610"
"SCRT1",2.91e-07,0.304,0.182,0.156,0.00542,"SCRT1"
"TRPC3",2.92e-07,-0.586,0.048,0.066,0.00544,"TRPC3"
"DNAJC30",2.95e-07,0.311,0.192,0.165,0.00549,"DNAJC30"
"RTL8B",2.98e-07,0.32,0.22,0.193,0.00555,"RTL8B"
"PDGFD",2.99e-07,-0.881,0.046,0.064,0.00556,"PDGFD"
"HSPB1",3e-07,-0.55,0.139,0.167,0.00558,"HSPB1"
"ENSG00000255330",3.01e-07,0.175,0.294,0.263,0.00561,"ENSG00000255330"
"SULT1C4",3.02e-07,0.507,0.092,0.072,0.00563,"SULT1C4"
"SLC38A10",3.03e-07,0.253,0.243,0.216,0.00563,"SLC38A10"
"ZBTB14",3.04e-07,0.265,0.261,0.234,0.00566,"ZBTB14"
"FXYD1",3.05e-07,-0.731,0.017,0.028,0.00568,"FXYD1"
"INTS1",3.07e-07,0.193,0.295,0.266,0.00572,"INTS1"
"TNFRSF19",3.13e-07,-0.351,0.11,0.135,0.00583,"TNFRSF19"
"SMPD4",3.14e-07,0.152,0.343,0.313,0.00585,"SMPD4"
"HADH",3.15e-07,0.192,0.407,0.381,0.00587,"HADH"
"COL4A2",3.17e-07,0.176,0.434,0.408,0.00589,"COL4A2"
"JUNB",3.19e-07,0.211,0.168,0.142,0.00595,"JUNB"
"RAB9A",3.2e-07,0.226,0.304,0.278,0.00595,"RAB9A"
"SSH1",3.21e-07,0.161,0.414,0.386,0.00597,"SSH1"
"DCTN4",3.21e-07,0.103,0.556,0.53,0.00597,"DCTN4"
"LONP1",3.21e-07,0.189,0.301,0.272,0.00598,"LONP1"
"OSBPL3",3.25e-07,-0.746,0.026,0.04,0.00606,"OSBPL3"
"FAM76A",3.32e-07,0.246,0.274,0.245,0.00619,"FAM76A"
"EXD3",3.33e-07,0.136,0.404,0.376,0.0062,"EXD3"
"RHOT2",3.35e-07,0.183,0.311,0.282,0.00623,"RHOT2"
"PC",3.35e-07,0.263,0.188,0.16,0.00624,"PC"
"CCDC57",3.39e-07,0.107,0.566,0.539,0.00631,"CCDC57"
"MCFD2",3.41e-07,0.117,0.433,0.405,0.00634,"MCFD2"
"ADAMTS5",3.41e-07,0.249,0.249,0.219,0.00635,"ADAMTS5"
"C6orf120",3.43e-07,0.281,0.262,0.236,0.00639,"C6orf120"
"SVOPL",3.47e-07,0.382,0.126,0.103,0.00646,"SVOPL"
"ZNF490",3.5e-07,0.187,0.339,0.31,0.00651,"ZNF490"
"SLC33A1",3.5e-07,0.167,0.368,0.337,0.00652,"SLC33A1"
"RPA2",3.55e-07,0.178,0.35,0.322,0.00661,"RPA2"
"E2F7",3.64e-07,-0.634,0.03,0.044,0.00678,"E2F7"
"TUBB8",3.68e-07,-0.68,0.011,0.02,0.00684,"TUBB8"
"KAT14",3.68e-07,0.228,0.242,0.213,0.00686,"KAT14"
"EEFSEC",3.69e-07,0.112,0.486,0.457,0.00687,"EEFSEC"
"CIBAR1",3.7e-07,0.118,0.53,0.504,0.00689,"CIBAR1"
"HRH1",3.71e-07,-1.463,0.008,0.016,0.0069,"HRH1"
"FAM234A",3.73e-07,0.182,0.312,0.281,0.00695,"FAM234A"
"HYLS1",3.82e-07,0.249,0.197,0.17,0.00711,"HYLS1"
"LDAH",3.82e-07,0.169,0.539,0.513,0.00711,"LDAH"
"GLTP",3.85e-07,0.252,0.248,0.222,0.00716,"GLTP"
"ZNF713",3.87e-07,0.298,0.153,0.127,0.00721,"ZNF713"
"TBC1D8",3.91e-07,0.203,0.37,0.342,0.00728,"TBC1D8"
"H2BC21",3.93e-07,0.363,0.177,0.152,0.00732,"H2BC21"
"ARHGEF40",3.94e-07,0.227,0.242,0.214,0.00733,"ARHGEF40"
"SLC35C2",3.96e-07,0.174,0.339,0.309,0.00737,"SLC35C2"
"ENSG00000279425",3.98e-07,0.525,0.09,0.07,0.00741,"ENSG00000279425"
"KIAA1614",4.02e-07,0.461,0.107,0.086,0.00748,"KIAA1614"
"IFT46",4.06e-07,0.265,0.258,0.232,0.00756,"IFT46"
"CNPY3",4.11e-07,0.225,0.329,0.303,0.00765,"CNPY3"
"CCDC177",4.12e-07,0.325,0.148,0.124,0.00767,"CCDC177"
"RRAGC",4.13e-07,0.136,0.404,0.376,0.00768,"RRAGC"
"TRAF3",4.13e-07,0.173,0.428,0.403,0.00769,"TRAF3"
"ST6GALNAC4",4.17e-07,0.344,0.154,0.13,0.00775,"ST6GALNAC4"
"USP12",4.18e-07,0.129,0.468,0.441,0.00777,"USP12"
"ENDOV",4.18e-07,0.15,0.35,0.322,0.00777,"ENDOV"
"RRP15",4.18e-07,0.168,0.342,0.313,0.00778,"RRP15"
"ZNRF2",4.23e-07,0.162,0.468,0.438,0.00788,"ZNRF2"
"PTRH1",4.24e-07,0.241,0.3,0.274,0.00789,"PTRH1"
"RFX2",4.25e-07,-0.283,0.242,0.277,0.00791,"RFX2"
"ZKSCAN7",4.25e-07,0.241,0.231,0.204,0.00791,"ZKSCAN7"
"LMNB2",4.32e-07,0.215,0.251,0.222,0.00805,"LMNB2"
"OPA3",4.38e-07,0.248,0.261,0.233,0.00816,"OPA3"
"ABHD13",4.4e-07,0.256,0.248,0.222,0.00818,"ABHD13"
"DESI1",4.4e-07,0.18,0.307,0.277,0.00819,"DESI1"
"KBTBD7",4.44e-07,0.173,0.409,0.382,0.00827,"KBTBD7"
"TELO2",4.47e-07,0.335,0.153,0.128,0.00832,"TELO2"
"BNIPL",4.49e-07,0.333,0.133,0.109,0.00836,"BNIPL"
"FAM102B",4.53e-07,-0.264,0.245,0.277,0.00843,"FAM102B"
"TTC9C",4.55e-07,0.213,0.323,0.297,0.00847,"TTC9C"
"SLC6A8",4.56e-07,0.314,0.226,0.2,0.00849,"SLC6A8"
"CLCN7",4.56e-07,0.226,0.228,0.202,0.00849,"CLCN7"
"NUDT10",4.56e-07,0.219,0.187,0.161,0.00849,"NUDT10"
"P4HA3",4.58e-07,-0.468,0.14,0.166,0.00853,"P4HA3"
"EMC9",4.59e-07,0.346,0.228,0.204,0.00853,"EMC9"
"ZBTB38",4.6e-07,-0.217,0.394,0.433,0.00857,"ZBTB38"
"CHEK2",4.61e-07,-0.584,0.053,0.071,0.00858,"CHEK2"
"ECT2L",4.7e-07,0.355,0.151,0.127,0.00874,"ECT2L"
"DFFA",4.73e-07,0.171,0.383,0.357,0.0088,"DFFA"
"ESS2",4.75e-07,0.297,0.199,0.173,0.00884,"ESS2"
"CD2AP",4.77e-07,0.148,0.377,0.346,0.00887,"CD2AP"
"FBXO45",4.78e-07,0.142,0.414,0.385,0.0089,"FBXO45"
"LRRC66",4.8e-07,0.356,0.133,0.11,0.00893,"LRRC66"
"PALS2",4.8e-07,0.223,0.561,0.534,0.00894,"PALS2"
"SLC7A1",4.81e-07,-0.266,0.163,0.192,0.00895,"SLC7A1"
"COASY",4.82e-07,0.305,0.181,0.156,0.00898,"COASY"
"ENSG00000280117",4.89e-07,0.741,0.039,0.026,0.00909,"ENSG00000280117"
"UFM1",4.92e-07,0.123,0.521,0.494,0.00916,"UFM1"
"STX1B",4.93e-07,0.211,0.327,0.299,0.00918,"STX1B"
"COG8",4.96e-07,0.293,0.203,0.177,0.00923,"COG8"
"SVEP1",4.96e-07,-0.999,0.022,0.034,0.00923,"SVEP1"
"C18orf21",4.98e-07,0.258,0.267,0.242,0.00927,"C18orf21"
"WDR46",4.98e-07,0.273,0.233,0.207,0.00927,"WDR46"
"CLYBL",5e-07,0.182,0.103,0.081,0.00931,"CLYBL"
"LHX4",5.12e-07,0.244,0.158,0.132,0.00954,"LHX4"
"MOCS2",5.12e-07,0.27,0.339,0.314,0.00954,"MOCS2"
"GOLGA7B",5.17e-07,0.159,0.328,0.297,0.00961,"GOLGA7B"
"ZFYVE27",5.18e-07,0.168,0.348,0.319,0.00965,"ZFYVE27"
"AKT1S1",5.2e-07,0.359,0.158,0.134,0.00969,"AKT1S1"
"GAS8",5.28e-07,-0.386,0.078,0.1,0.00982,"GAS8"
"ZNF513",5.28e-07,0.322,0.177,0.152,0.00984,"ZNF513"
"MT2A",5.3e-07,-0.647,0.052,0.069,0.00986,"MT2A"
"CDC20",5.33e-07,-0.655,0.024,0.037,0.00993,"CDC20"
"SAMD10",5.37e-07,0.321,0.14,0.117,0.00999,"SAMD10"
"RAB40B",5.38e-07,0.234,0.251,0.222,0.01,"RAB40B"
"YBEY",5.44e-07,0.225,0.282,0.255,0.0101,"YBEY"
"PI4K2A",5.44e-07,0.254,0.216,0.188,0.0101,"PI4K2A"
"NMRK2",5.48e-07,0.887,0.029,0.018,0.0102,"NMRK2"
"DPP8",5.56e-07,0.132,0.451,0.424,0.0103,"DPP8"
"RGL2",5.57e-07,0.326,0.178,0.153,0.0104,"RGL2"
"TRIM3",5.6e-07,0.189,0.301,0.272,0.0104,"TRIM3"
"CCDC186",5.63e-07,0.153,0.512,0.487,0.0105,"CCDC186"
"BCKDK",5.65e-07,0.279,0.24,0.215,0.0105,"BCKDK"
"MTOR",5.66e-07,0.112,0.475,0.45,0.0105,"MTOR"
"MYH7B",5.67e-07,0.369,0.101,0.08,0.0105,"MYH7B"
"YY1AP1",5.72e-07,0.111,0.536,0.509,0.0107,"YY1AP1"
"NAA30",5.74e-07,0.175,0.368,0.342,0.0107,"NAA30"
"TRAPPC13",5.83e-07,0.153,0.458,0.433,0.0109,"TRAPPC13"
"AAR2",5.84e-07,0.259,0.25,0.223,0.0109,"AAR2"
"PPP1R35",5.86e-07,0.28,0.221,0.195,0.0109,"PPP1R35"
"PNMA8A",5.86e-07,0.198,0.286,0.258,0.0109,"PNMA8A"
"TRAPPC6A",5.91e-07,0.295,0.248,0.223,0.011,"TRAPPC6A"
"SPIN2B",5.99e-07,0.27,0.218,0.193,0.0111,"SPIN2B"
"ATRAID",6.1e-07,0.181,0.343,0.315,0.0113,"ATRAID"
"IQGAP2",6.27e-07,-0.147,0.283,0.248,0.0117,"IQGAP2"
"TRMT10B",6.36e-07,0.101,0.463,0.436,0.0118,"TRMT10B"
"SIGMAR1",6.39e-07,0.254,0.283,0.258,0.0119,"SIGMAR1"
"FBXL3",6.4e-07,0.163,0.305,0.277,0.0119,"FBXL3"
"ST7L",6.43e-07,0.145,0.485,0.461,0.012,"ST7L"
"UCK2",6.45e-07,0.106,0.504,0.476,0.012,"UCK2"
"ENDOD1",6.47e-07,-0.571,0.051,0.069,0.012,"ENDOD1"
"WNT4",6.51e-07,-0.844,0.013,0.022,0.0121,"WNT4"
"FOXN2",6.54e-07,0.188,0.385,0.358,0.0122,"FOXN2"
"MNS1",6.55e-07,0.313,0.067,0.049,0.0122,"MNS1"
"ZNF670",6.66e-07,0.202,0.382,0.354,0.0124,"ZNF670"
"HRH2",6.68e-07,-0.792,0.025,0.038,0.0124,"HRH2"
"ECT2",6.81e-07,-1.316,0.063,0.082,0.0127,"ECT2"
"LY6G5C",6.93e-07,0.381,0.142,0.118,0.0129,"LY6G5C"
"EFNB3",7.06e-07,0.141,0.341,0.311,0.0131,"EFNB3"
"C7orf33",7.13e-07,0.669,0.042,0.028,0.0133,"C7orf33"
"COL9A3",7.16e-07,0.377,0.122,0.1,0.0133,"COL9A3"
"AARS2",7.23e-07,0.264,0.183,0.156,0.0134,"AARS2"
"CFAP161",7.27e-07,0.317,0.259,0.232,0.0135,"CFAP161"
"RTN4RL2",7.31e-07,0.206,0.215,0.187,0.0136,"RTN4RL2"
"SYCE2",7.35e-07,0.269,0.207,0.181,0.0137,"SYCE2"
"GATD1",7.39e-07,0.294,0.189,0.164,0.0138,"GATD1"
"MED9",7.41e-07,0.274,0.241,0.214,0.0138,"MED9"
"CDHR2",7.41e-07,0.256,0.158,0.133,0.0138,"CDHR2"
"PRMT5",7.53e-07,0.214,0.311,0.286,0.014,"PRMT5"
"CCND3",7.54e-07,0.283,0.267,0.24,0.014,"CCND3"
"SLC25A27",7.62e-07,-0.325,0.09,0.113,0.0142,"SLC25A27"
"SMARCAL1",7.64e-07,0.21,0.366,0.342,0.0142,"SMARCAL1"
"CLHC1",7.67e-07,0.144,0.365,0.337,0.0143,"CLHC1"
"TPP1",7.77e-07,0.412,0.153,0.13,0.0145,"TPP1"
"CD164",7.8e-07,0.262,0.247,0.22,0.0145,"CD164"
"TMEM251",7.81e-07,0.192,0.3,0.276,0.0145,"TMEM251"
"ZBTB21",7.88e-07,0.247,0.268,0.242,0.0147,"ZBTB21"
"NALF1",7.95e-07,-0.238,0.6,0.639,0.0148,"NALF1"
"GALNT12",8e-07,-0.735,0.015,0.025,0.0149,"GALNT12"
"MT-TM",8e-07,0.32,0.097,0.077,0.0149,"MT-TM"
"NDST1",8.1e-07,0.179,0.311,0.282,0.0151,"NDST1"
"EXO1",8.12e-07,-0.802,0.019,0.031,0.0151,"EXO1"
"TF",8.21e-07,-0.748,0.022,0.034,0.0153,"TF"
"CSTF2T",8.22e-07,0.237,0.256,0.229,0.0153,"CSTF2T"
"OTX1",8.23e-07,0.328,0.167,0.143,0.0153,"OTX1"
"TSC1",8.34e-07,0.14,0.391,0.363,0.0155,"TSC1"
"PON2",8.35e-07,-0.69,0.055,0.072,0.0155,"PON2"
"PLBD2",8.43e-07,0.219,0.297,0.27,0.0157,"PLBD2"
"MRPL17",8.45e-07,0.216,0.3,0.274,0.0157,"MRPL17"
"SCN4B",8.47e-07,-0.933,0.018,0.029,0.0158,"SCN4B"
"FEM1C",8.52e-07,0.129,0.301,0.271,0.0159,"FEM1C"
"TFCP2",8.57e-07,0.122,0.55,0.526,0.0159,"TFCP2"
"CDKL2",8.64e-07,-0.27,0.295,0.33,0.0161,"CDKL2"
"SNIP1",8.66e-07,0.282,0.249,0.224,0.0161,"SNIP1"
"STX3",8.76e-07,-0.359,0.136,0.162,0.0163,"STX3"
"ZSCAN1",8.94e-07,0.378,0.148,0.125,0.0166,"ZSCAN1"
"SRD5A1",9.02e-07,0.131,0.427,0.399,0.0168,"SRD5A1"
"GPR158",9.12e-07,0.215,0.41,0.384,0.017,"GPR158"
"PIGP",9.29e-07,0.256,0.27,0.242,0.0173,"PIGP"
"MGAT1",9.32e-07,0.244,0.218,0.193,0.0173,"MGAT1"
"BAP1",9.37e-07,0.252,0.269,0.243,0.0174,"BAP1"
"ANKHD1-EIF4EBP3",9.4e-07,0.328,0.159,0.135,0.0175,"ANKHD1-EIF4EBP3"
"ZNF773",9.42e-07,0.323,0.163,0.139,0.0175,"ZNF773"
"GPKOW",9.49e-07,0.313,0.206,0.181,0.0177,"GPKOW"
"DPP9",9.51e-07,0.249,0.192,0.166,0.0177,"DPP9"
"ARF6",9.53e-07,0.178,0.419,0.393,0.0177,"ARF6"
"GCNT2",9.54e-07,0.349,0.176,0.151,0.0178,"GCNT2"
"SBF1",9.6e-07,0.143,0.312,0.284,0.0179,"SBF1"
"PIR",9.66e-07,-0.501,0.077,0.097,0.018,"PIR"
"CDC42EP1",9.75e-07,-1.431,0.005,0.012,0.0181,"CDC42EP1"
"KRBOX4",9.8e-07,0.195,0.343,0.316,0.0182,"KRBOX4"
"MEGF8",9.82e-07,0.154,0.334,0.303,0.0183,"MEGF8"
"ATP8B2",9.82e-07,0.157,0.281,0.252,0.0183,"ATP8B2"
"ZNF536",9.86e-07,0.296,0.348,0.321,0.0184,"ZNF536"
"S1PR1",1e-06,-0.713,0.025,0.038,0.0186,"S1PR1"
"RIPOR3",1.01e-06,0.385,0.119,0.097,0.0187,"RIPOR3"
"HTR5A",1.01e-06,-1.006,0.005,0.012,0.0188,"HTR5A"
"PTRH2",1.01e-06,0.124,0.513,0.488,0.0188,"PTRH2"
"POLRMT",1.01e-06,0.284,0.17,0.146,0.0188,"POLRMT"
"ZNF174",1.02e-06,0.309,0.167,0.142,0.019,"ZNF174"
"C4orf46",1.03e-06,0.304,0.174,0.15,0.0192,"C4orf46"
"TEF",1.03e-06,0.361,0.16,0.136,0.0192,"TEF"
"SMIM19",1.04e-06,0.175,0.439,0.414,0.0193,"SMIM19"
"ZNF398",1.04e-06,0.11,0.49,0.459,0.0193,"ZNF398"
"C5orf49",1.05e-06,-0.71,0.014,0.024,0.0195,"C5orf49"
"AKTIP",1.05e-06,0.177,0.302,0.275,0.0195,"AKTIP"
"PTDSS1",1.06e-06,0.156,0.357,0.326,0.0197,"PTDSS1"
"LPCAT3",1.07e-06,0.169,0.326,0.298,0.0199,"LPCAT3"
"BCL2L11",1.08e-06,0.319,0.108,0.087,0.0201,"BCL2L11"
"ZFYVE21",1.1e-06,0.198,0.31,0.283,0.0205,"ZFYVE21"
"TRAF7",1.1e-06,0.179,0.311,0.283,0.0205,"TRAF7"
"PCSK7",1.11e-06,0.108,0.467,0.438,0.0206,"PCSK7"
"MEF2D",1.12e-06,0.164,0.302,0.273,0.0208,"MEF2D"
"LYN",1.12e-06,-0.985,0.029,0.043,0.0209,"LYN"
"MFSD3",1.14e-06,0.331,0.188,0.164,0.0213,"MFSD3"
"INTS13",1.16e-06,0.302,0.214,0.189,0.0216,"INTS13"
"FGD1",1.17e-06,0.124,0.37,0.341,0.0218,"FGD1"
"PPP4R4",1.18e-06,-0.591,0.035,0.049,0.0219,"PPP4R4"
"ANKRD13A",1.19e-06,0.249,0.23,0.204,0.0222,"ANKRD13A"
"DDX19A",1.19e-06,0.147,0.364,0.336,0.0222,"DDX19A"
"DPM2",1.2e-06,0.196,0.34,0.312,0.0223,"DPM2"
"SUCLA2",1.21e-06,0.119,0.607,0.59,0.0225,"SUCLA2"
"HJV",1.21e-06,-1.476,0.005,0.012,0.0225,"HJV"
"PEX13",1.22e-06,0.107,0.494,0.471,0.0227,"PEX13"
"PCDHB5",1.22e-06,0.543,0.07,0.053,0.0228,"PCDHB5"
"H2AC8",1.25e-06,0.473,0.075,0.057,0.0233,"H2AC8"
"ADPRS",1.26e-06,0.111,0.395,0.366,0.0235,"ADPRS"
"MOB1A",1.27e-06,0.144,0.337,0.308,0.0236,"MOB1A"
"NFKBIE",1.27e-06,0.373,0.134,0.112,0.0237,"NFKBIE"
"LYSMD1",1.29e-06,0.32,0.154,0.13,0.024,"LYSMD1"
"RBFOX1",1.29e-06,0.126,0.86,0.859,0.0241,"RBFOX1"
"IFRD1",1.3e-06,0.157,0.448,0.424,0.0242,"IFRD1"
"STK26",1.3e-06,-0.641,0.025,0.038,0.0242,"STK26"
"PRPF4",1.3e-06,0.199,0.347,0.324,0.0243,"PRPF4"
"EPM2A",1.31e-06,0.385,0.315,0.29,0.0244,"EPM2A"
"ZNF330",1.33e-06,0.147,0.364,0.339,0.0248,"ZNF330"
"FAM3A",1.33e-06,0.269,0.229,0.204,0.0248,"FAM3A"
"PHYHD1",1.34e-06,0.606,0.049,0.035,0.0249,"PHYHD1"
"FHIP2A",1.35e-06,0.135,0.367,0.339,0.0252,"FHIP2A"
"TFE3",1.38e-06,0.176,0.25,0.221,0.0256,"TFE3"
"NRDE2",1.38e-06,0.165,0.349,0.322,0.0256,"NRDE2"
"SLC45A1",1.39e-06,0.31,0.148,0.124,0.0258,"SLC45A1"
"OGFOD3",1.39e-06,0.346,0.154,0.131,0.0258,"OGFOD3"
"MAP2K1",1.4e-06,0.108,0.418,0.388,0.026,"MAP2K1"
"DCAF15",1.41e-06,0.201,0.295,0.269,0.0262,"DCAF15"
"LY6G6F-LY6G6D",1.41e-06,0.876,0.016,0.008,0.0262,"LY6G6F-LY6G6D"
"ZNF836",1.41e-06,0.303,0.249,0.225,0.0263,"ZNF836"
"ATG13",1.43e-06,0.208,0.285,0.258,0.0266,"ATG13"
"STX1A",1.44e-06,0.211,0.283,0.257,0.0268,"STX1A"
"PIK3IP1",1.44e-06,0.275,0.203,0.178,0.0268,"PIK3IP1"
"DHX38",1.45e-06,0.199,0.307,0.282,0.027,"DHX38"
"ZNF558",1.46e-06,0.211,0.242,0.214,0.0272,"ZNF558"
"NR4A1",1.47e-06,0.346,0.124,0.102,0.0273,"NR4A1"
"SDF2L1",1.5e-06,0.278,0.204,0.179,0.0279,"SDF2L1"
"SGF29",1.52e-06,0.301,0.285,0.262,0.0283,"SGF29"
"SEMA5A",1.52e-06,0.362,0.166,0.141,0.0283,"SEMA5A"
"HEPH",1.54e-06,0.55,0.108,0.088,0.0286,"HEPH"
"SH2D4A",1.55e-06,-1.64,0.004,0.01,0.0288,"SH2D4A"
"TBL2",1.57e-06,0.361,0.161,0.138,0.0292,"TBL2"
"KCNG3",1.58e-06,-1.241,0.007,0.014,0.0294,"KCNG3"
"RDH5",1.58e-06,0.33,0.126,0.104,0.0294,"RDH5"
"PGS1",1.58e-06,0.238,0.259,0.233,0.0295,"PGS1"
"UFSP2",1.6e-06,0.174,0.339,0.311,0.0297,"UFSP2"
"EML5",1.6e-06,-0.364,0.167,0.195,0.0298,"EML5"
"C1orf159",1.61e-06,0.12,0.47,0.446,0.03,"C1orf159"
"NOL8",1.61e-06,0.193,0.356,0.331,0.03,"NOL8"
"GCG",1.63e-06,0.808,0.035,0.023,0.0303,"GCG"
"CTNS",1.63e-06,0.284,0.153,0.13,0.0304,"CTNS"
"DHRS7B",1.65e-06,0.249,0.259,0.231,0.0307,"DHRS7B"
"PDLIM7",1.65e-06,0.246,0.218,0.192,0.0307,"PDLIM7"
"DNAJC21",1.67e-06,0.202,0.331,0.303,0.031,"DNAJC21"
"OTUB2",1.67e-06,0.269,0.169,0.145,0.0311,"OTUB2"
"PNPLA2",1.69e-06,0.352,0.117,0.096,0.0314,"PNPLA2"
"PCDHGB4",1.7e-06,0.691,0.036,0.024,0.0316,"PCDHGB4"
"NR3C2",1.71e-06,-0.972,0.009,0.017,0.0318,"NR3C2"
"CRY1",1.71e-06,0.157,0.418,0.393,0.0318,"CRY1"
"PCDHGA12",1.71e-06,0.706,0.045,0.031,0.0319,"PCDHGA12"
"FOXN4",1.71e-06,-0.982,0.015,0.024,0.0319,"FOXN4"
"TEX2",1.74e-06,0.184,0.351,0.326,0.0323,"TEX2"
"STARD9",1.74e-06,0.18,0.338,0.312,0.0323,"STARD9"
"ZNF559-ZNF177",1.76e-06,0.166,0.256,0.228,0.0327,"ZNF559-ZNF177"
"UHRF1BP1",1.77e-06,0.134,0.34,0.311,0.033,"UHRF1BP1"
"ABCD4",1.78e-06,0.129,0.455,0.429,0.0331,"ABCD4"
"ENSG00000279088",1.79e-06,0.294,0.124,0.103,0.0333,"ENSG00000279088"
"RAB9B",1.81e-06,0.193,0.341,0.314,0.0337,"RAB9B"
"PPT2",1.81e-06,0.381,0.114,0.093,0.0338,"PPT2"
"FAM246C",1.84e-06,0.303,0.202,0.178,0.0343,"FAM246C"
"KRT31",1.85e-06,-0.94,0.008,0.016,0.0344,"KRT31"
"RRP8",1.87e-06,0.27,0.204,0.179,0.0348,"RRP8"
"IL17RE",1.88e-06,0.492,0.07,0.053,0.035,"IL17RE"
"PRKCG",1.88e-06,0.182,0.285,0.258,0.035,"PRKCG"
"WASHC2A",1.89e-06,0.166,0.229,0.202,0.0352,"WASHC2A"
"WIF1",1.9e-06,-1.234,0.006,0.013,0.0353,"WIF1"
"BAG4",1.91e-06,0.183,0.341,0.314,0.0355,"BAG4"
"GHRH",1.91e-06,0.853,0.022,0.013,0.0355,"GHRH"
"STK11",1.95e-06,0.24,0.268,0.244,0.0362,"STK11"
"CAMSAP3",1.95e-06,0.147,0.333,0.304,0.0363,"CAMSAP3"
"DOLK",1.96e-06,0.447,0.109,0.089,0.0364,"DOLK"
"RAC3",1.96e-06,0.142,0.46,0.433,0.0366,"RAC3"
"LRRC45",2e-06,0.348,0.141,0.119,0.0372,"LRRC45"
"KLRB1",2.03e-06,-1.046,0.008,0.016,0.0378,"KLRB1"
"TBC1D8B",2.07e-06,-0.893,0.013,0.022,0.0385,"TBC1D8B"
"TIRAP",2.08e-06,0.33,0.142,0.119,0.0387,"TIRAP"
"MVK",2.1e-06,0.165,0.395,0.371,0.0391,"MVK"
"GPR19",2.11e-06,0.203,0.304,0.278,0.0392,"GPR19"
"MTMR1",2.11e-06,0.141,0.365,0.336,0.0392,"MTMR1"
"TCP11L2",2.13e-06,0.319,0.151,0.128,0.0396,"TCP11L2"
"TM2D2",2.14e-06,0.24,0.311,0.288,0.0398,"TM2D2"
"DOK1",2.14e-06,0.597,0.064,0.048,0.0398,"DOK1"
"ZNF20",2.14e-06,0.265,0.218,0.192,0.0399,"ZNF20"
"AKAP14",2.16e-06,0.349,0.19,0.166,0.0401,"AKAP14"
"CIP2A",2.16e-06,-0.58,0.052,0.069,0.0402,"CIP2A"
"ANKRD6",2.16e-06,-0.345,0.149,0.175,0.0402,"ANKRD6"
"AKR1C1",2.16e-06,0.245,0.296,0.271,0.0403,"AKR1C1"
"STXBP4",2.19e-06,0.165,0.37,0.341,0.0408,"STXBP4"
"DSG2",2.19e-06,-0.851,0.013,0.023,0.0408,"DSG2"
"ALDOC",2.2e-06,-0.344,0.087,0.108,0.0409,"ALDOC"
"SCGB1A1",2.21e-06,0.65,0.049,0.035,0.0411,"SCGB1A1"
"SRRD",2.22e-06,-0.501,0.221,0.196,0.0413,"SRRD"
"FBXW9",2.22e-06,0.417,0.119,0.098,0.0413,"FBXW9"
"MID2",2.23e-06,-1.207,0.004,0.01,0.0415,"MID2"
"ENSG00000254692",2.23e-06,0.184,0.239,0.212,0.0415,"ENSG00000254692"
"WRAP73",2.25e-06,0.287,0.222,0.199,0.0419,"WRAP73"
"MAP2K7",2.27e-06,0.209,0.278,0.252,0.0422,"MAP2K7"
"QTRT1",2.28e-06,0.171,0.301,0.274,0.0424,"QTRT1"
"GARIN1A",2.29e-06,0.344,0.119,0.098,0.0426,"GARIN1A"
"CDCA8",2.31e-06,-0.788,0.042,0.058,0.043,"CDCA8"
"TMEM45A",2.33e-06,-1.075,0.014,0.023,0.0434,"TMEM45A"
"STK38L",2.34e-06,0.153,0.357,0.328,0.0435,"STK38L"
"SREBF1",2.34e-06,0.232,0.228,0.202,0.0436,"SREBF1"
"TEX10",2.35e-06,0.118,0.345,0.316,0.0437,"TEX10"
"SMARCA2",2.41e-06,-0.246,0.655,0.677,0.0449,"SMARCA2"
"SF3A1",2.43e-06,0.198,0.309,0.284,0.0451,"SF3A1"
"SASH1",2.44e-06,-0.773,0.057,0.074,0.0454,"SASH1"
"METTL8",2.46e-06,0.243,0.261,0.234,0.0457,"METTL8"
"THAP5",2.46e-06,0.193,0.353,0.33,0.0458,"THAP5"
"TCHH",2.47e-06,-0.898,0.008,0.016,0.0459,"TCHH"
"CEP43",2.47e-06,-0.301,0.319,0.352,0.046,"CEP43"
"KIT",2.47e-06,0.29,0.191,0.166,0.0461,"KIT"
"RIOX1",2.48e-06,0.396,0.12,0.099,0.0462,"RIOX1"
"KCNH5",2.53e-06,-0.59,0.037,0.051,0.0471,"KCNH5"
"ACER2",2.53e-06,0.269,0.19,0.164,0.0471,"ACER2"
"TLCD5",2.56e-06,0.222,0.241,0.215,0.0476,"TLCD5"
"ZMYM3",2.56e-06,0.2,0.29,0.266,0.0476,"ZMYM3"
"ZBTB11",2.58e-06,0.166,0.382,0.355,0.0481,"ZBTB11"
"LIG3",2.58e-06,0.164,0.336,0.308,0.0481,"LIG3"
"SLC25A22",2.61e-06,0.216,0.221,0.195,0.0485,"SLC25A22"
"ECD",2.61e-06,0.171,0.324,0.3,0.0485,"ECD"
"ANGEL2",2.61e-06,0.14,0.394,0.367,0.0486,"ANGEL2"
"IVD",2.63e-06,0.174,0.301,0.274,0.049,"IVD"
"PTPN21",2.64e-06,0.224,0.292,0.268,0.0491,"PTPN21"
"OAF",2.65e-06,-0.718,0.013,0.022,0.0494,"OAF"
"RBCK1",2.67e-06,0.204,0.337,0.313,0.0497,"RBCK1"
"TCF7L1",2.67e-06,-0.757,0.096,0.117,0.0497,"TCF7L1"
"ISOC2",2.68e-06,0.281,0.228,0.205,0.0498,"ISOC2"
"CEP131",2.69e-06,0.23,0.194,0.17,0.05,"CEP131"
"GALNT8",2.69e-06,0.179,0.416,0.393,0.0501,"GALNT8"
"ZNF641",2.69e-06,0.26,0.24,0.216,0.0502,"ZNF641"
"RAP1GAP",2.71e-06,-1.422,0.1,0.123,0.0504,"RAP1GAP"
"C14orf93",2.75e-06,0.166,0.238,0.21,0.0512,"C14orf93"
"TBC1D9B",2.75e-06,0.141,0.393,0.367,0.0513,"TBC1D9B"
"ZBTB48",2.76e-06,0.265,0.183,0.159,0.0513,"ZBTB48"
"RHOC",2.78e-06,-0.439,0.043,0.058,0.0517,"RHOC"
"COG1",2.78e-06,0.273,0.221,0.197,0.0518,"COG1"
"FBXO36",2.81e-06,0.241,0.316,0.289,0.0522,"FBXO36"
"IER5L",2.81e-06,-0.357,0.22,0.25,0.0523,"IER5L"
"GLRA1",2.83e-06,0.427,0.077,0.06,0.0527,"GLRA1"
"CDC23",2.86e-06,0.274,0.222,0.199,0.0532,"CDC23"
"MRPL10",2.88e-06,0.234,0.264,0.238,0.0536,"MRPL10"
"RNF220",2.89e-06,0.142,0.419,0.395,0.0538,"RNF220"
"RARA",2.89e-06,0.304,0.167,0.144,0.0539,"RARA"
"TRAM1L1",2.91e-06,0.515,0.044,0.031,0.0542,"TRAM1L1"
"XK",2.91e-06,-0.63,0.027,0.039,0.0542,"XK"
"CCNJ",2.92e-06,0.29,0.188,0.164,0.0543,"CCNJ"
"UNG",2.93e-06,0.199,0.316,0.29,0.0546,"UNG"
"PPP1R12C",2.93e-06,0.652,0.033,0.022,0.0546,"PPP1R12C"
"SEMA3D",2.94e-06,-1.686,0.005,0.011,0.0548,"SEMA3D"
"MYSM1",2.96e-06,0.101,0.448,0.422,0.0551,"MYSM1"
"AK6",2.96e-06,0.136,0.411,0.39,0.0551,"AK6"
"ZDHHC16",2.98e-06,0.242,0.269,0.245,0.0554,"ZDHHC16"
"RBM28",2.98e-06,0.117,0.463,0.437,0.0555,"RBM28"
"GSKIP",2.98e-06,0.159,0.321,0.295,0.0555,"GSKIP"
"DCAF13",2.99e-06,0.154,0.369,0.344,0.0557,"DCAF13"
"COX15",2.99e-06,0.152,0.354,0.33,0.0557,"COX15"
"TMEM88",3.01e-06,0.501,0.071,0.054,0.0559,"TMEM88"
"KLHL4",3.01e-06,0.776,0.064,0.048,0.0561,"KLHL4"
"TBC1D30",3.02e-06,-0.396,0.074,0.093,0.0562,"TBC1D30"
"LTBP3",3.02e-06,0.235,0.295,0.272,0.0562,"LTBP3"
"SMC4",3.02e-06,-0.149,0.312,0.281,0.0562,"SMC4"
"POLR3K",3.04e-06,0.219,0.278,0.256,0.0565,"POLR3K"
"HMG20A",3.05e-06,0.125,0.571,0.553,0.0567,"HMG20A"
"MT-TC",3.08e-06,0.552,0.046,0.032,0.0573,"MT-TC"
"RSAD1",3.1e-06,0.212,0.27,0.244,0.0577,"RSAD1"
"STIMATE",3.12e-06,0.213,0.256,0.23,0.0581,"STIMATE"
"KCNJ3",3.14e-06,-0.291,0.162,0.19,0.0584,"KCNJ3"
"MTFMT",3.14e-06,0.2,0.307,0.281,0.0584,"MTFMT"
"SLC41A2",3.15e-06,-0.309,0.263,0.294,0.0585,"SLC41A2"
"ISG20L2",3.16e-06,0.192,0.271,0.245,0.0587,"ISG20L2"
"SFT2D3",3.17e-06,0.251,0.186,0.162,0.0589,"SFT2D3"
"ZNF746",3.21e-06,0.206,0.275,0.249,0.0598,"ZNF746"
"PGAM5",3.26e-06,0.322,0.158,0.135,0.0606,"PGAM5"
"PRR11",3.29e-06,-0.509,0.052,0.068,0.0612,"PRR11"
"FKBP1B",3.33e-06,0.175,0.42,0.397,0.062,"FKBP1B"
"ILDR2",3.39e-06,-0.864,0.017,0.027,0.063,"ILDR2"
"PRDM4",3.39e-06,0.21,0.311,0.287,0.0631,"PRDM4"
"MPIG6B",3.4e-06,0.461,0.071,0.054,0.0632,"MPIG6B"
"DECR2",3.41e-06,0.326,0.141,0.119,0.0634,"DECR2"
"CPLX2",3.42e-06,0.199,0.4,0.374,0.0637,"CPLX2"
"AIFM1",3.42e-06,0.226,0.333,0.311,0.0637,"AIFM1"
"WASHC1",3.43e-06,0.233,0.207,0.182,0.0638,"WASHC1"
"MFAP3",3.46e-06,0.166,0.367,0.341,0.0644,"MFAP3"
"UPRT",3.49e-06,0.249,0.263,0.236,0.065,"UPRT"
"STK16",3.49e-06,0.265,0.227,0.205,0.065,"STK16"
"POP1",3.5e-06,0.224,0.33,0.305,0.0652,"POP1"
"COPS7A",3.52e-06,0.215,0.25,0.225,0.0656,"COPS7A"
"ISY1",3.54e-06,0.295,0.191,0.168,0.0659,"ISY1"
"AMMECR1L",3.55e-06,0.221,0.216,0.191,0.066,"AMMECR1L"
"CTU2",3.56e-06,0.298,0.151,0.129,0.0662,"CTU2"
"ZNF471",3.59e-06,-0.204,0.137,0.164,0.0667,"ZNF471"
"EML2",3.6e-06,0.22,0.253,0.226,0.067,"EML2"
"DOLPP1",3.67e-06,0.418,0.137,0.117,0.0684,"DOLPP1"
"RND2",3.69e-06,0.306,0.151,0.129,0.0686,"RND2"
"PCID2",3.69e-06,0.121,0.456,0.433,0.0686,"PCID2"
"SMIM20",3.69e-06,0.197,0.293,0.27,0.0687,"SMIM20"
"ZNF408",3.69e-06,0.331,0.109,0.089,0.0687,"ZNF408"
"PTPA",3.71e-06,0.212,0.353,0.33,0.0691,"PTPA"
"ACOX3",3.71e-06,0.214,0.26,0.234,0.0691,"ACOX3"
"PFKL",3.73e-06,0.146,0.397,0.372,0.0695,"PFKL"
"YJU2",3.77e-06,0.288,0.223,0.2,0.0702,"YJU2"
"FOXO3B",3.77e-06,0.165,0.292,0.265,0.0702,"FOXO3B"
"FOXRED2",3.78e-06,0.231,0.223,0.197,0.0703,"FOXRED2"
"MMS19",3.79e-06,0.123,0.431,0.406,0.0705,"MMS19"
"STYXL1",3.82e-06,0.262,0.268,0.245,0.071,"STYXL1"
"MAN2B1",3.87e-06,0.191,0.239,0.215,0.072,"MAN2B1"
"DPH5",3.92e-06,0.155,0.365,0.341,0.0729,"DPH5"
"SLC7A6",3.96e-06,0.124,0.449,0.423,0.0736,"SLC7A6"
"NT5DC1",3.97e-06,0.328,0.156,0.133,0.0738,"NT5DC1"
"WDR74",4.01e-06,0.186,0.353,0.329,0.0746,"WDR74"
"NPC2",4.02e-06,0.151,0.332,0.307,0.0749,"NPC2"
"TMEM218",4.06e-06,0.265,0.262,0.238,0.0756,"TMEM218"
"ZC3H3",4.11e-06,0.229,0.219,0.193,0.0765,"ZC3H3"
"CENPK",4.15e-06,-0.619,0.106,0.127,0.0772,"CENPK"
"LAG3",4.17e-06,0.492,0.072,0.056,0.0775,"LAG3"
"METTL25B",4.17e-06,0.329,0.178,0.155,0.0776,"METTL25B"
"ABCB9",4.21e-06,0.161,0.278,0.251,0.0783,"ABCB9"
"ABCC8",4.22e-06,-0.511,0.055,0.072,0.0785,"ABCC8"
"RMDN1",4.25e-06,0.118,0.39,0.362,0.0791,"RMDN1"
"FBXW8",4.29e-06,0.153,0.411,0.387,0.0799,"FBXW8"
"ZNF66",4.29e-06,0.131,0.376,0.349,0.0799,"ZNF66"
"ALG8",4.3e-06,0.106,0.349,0.323,0.0801,"ALG8"
"ZBTB39",4.31e-06,0.354,0.126,0.105,0.0802,"ZBTB39"
"GNL3L",4.31e-06,0.22,0.325,0.3,0.0803,"GNL3L"
"FUZ",4.34e-06,0.298,0.201,0.178,0.0808,"FUZ"
"RTL9",4.37e-06,0.343,0.124,0.103,0.0812,"RTL9"
"ZFC3H1",4.38e-06,0.113,0.513,0.491,0.0815,"ZFC3H1"
"LYRM1",4.38e-06,0.171,0.408,0.386,0.0816,"LYRM1"
"MMACHC",4.39e-06,0.419,0.114,0.094,0.0818,"MMACHC"
"NPLOC4",4.41e-06,0.107,0.468,0.447,0.0821,"NPLOC4"
"COQ5",4.42e-06,0.226,0.266,0.241,0.0822,"COQ5"
"ZNF248",4.46e-06,0.109,0.477,0.452,0.083,"ZNF248"
"TMEM145",4.48e-06,0.14,0.296,0.268,0.0834,"TMEM145"
"KIF4A",4.49e-06,-0.854,0.035,0.048,0.0836,"KIF4A"
"ADAM22",4.5e-06,0.126,0.581,0.561,0.0837,"ADAM22"
"C1QTNF4",4.53e-06,0.216,0.284,0.258,0.0844,"C1QTNF4"
"ADAMTS17",4.58e-06,-1.065,0.012,0.02,0.0852,"ADAMTS17"
"ACTN2",4.58e-06,-0.54,0.031,0.044,0.0853,"ACTN2"
"ZNF467",4.69e-06,0.323,0.175,0.152,0.0873,"ZNF467"
"WWOX",4.7e-06,0.116,0.74,0.744,0.0876,"WWOX"
"PWAR5",4.71e-06,0.268,0.177,0.153,0.0876,"PWAR5"
"LACTB",4.76e-06,0.236,0.238,0.214,0.0886,"LACTB"
"COX10",4.8e-06,0.2,0.31,0.286,0.0893,"COX10"
"BICD2",4.8e-06,0.202,0.289,0.264,0.0893,"BICD2"
"NEK2",4.8e-06,-0.984,0.018,0.028,0.0894,"NEK2"
"SKIDA1",4.9e-06,0.32,0.141,0.119,0.0911,"SKIDA1"
"THAP1",4.91e-06,0.155,0.262,0.236,0.0914,"THAP1"
"CORO7",4.93e-06,0.242,0.272,0.247,0.0917,"CORO7"
"CWF19L2",4.94e-06,0.101,0.447,0.423,0.0919,"CWF19L2"
"ZSWIM9",4.96e-06,0.234,0.208,0.184,0.0924,"ZSWIM9"
"FMN1",4.97e-06,-0.663,0.012,0.021,0.0926,"FMN1"
"POLR1H",5e-06,0.246,0.263,0.239,0.093,"POLR1H"
"ARHGAP28",5e-06,0.254,0.307,0.281,0.0931,"ARHGAP28"
"MED26",5.07e-06,0.355,0.097,0.078,0.0944,"MED26"
"AGER",5.08e-06,0.452,0.054,0.039,0.0945,"AGER"
"KIF14",5.08e-06,-1.115,0.037,0.051,0.0945,"KIF14"
"DMD",5.09e-06,-0.562,0.69,0.715,0.0947,"DMD"
"ZNF524",5.1e-06,0.538,0.066,0.05,0.095,"ZNF524"
"KLHL17",5.11e-06,0.329,0.129,0.108,0.095,"KLHL17"
"NEK8",5.12e-06,0.422,0.079,0.062,0.0953,"NEK8"
"LRRTM3",5.16e-06,-0.292,0.038,0.053,0.0961,"LRRTM3"
"LMF2",5.2e-06,0.322,0.155,0.133,0.0967,"LMF2"
"CDK5RAP1",5.21e-06,0.136,0.344,0.318,0.097,"CDK5RAP1"
"CDCA5",5.22e-06,-0.468,0.024,0.036,0.0972,"CDCA5"
"CYTH3",5.28e-06,0.162,0.347,0.322,0.0982,"CYTH3"
"TOR1A",5.29e-06,0.24,0.265,0.241,0.0984,"TOR1A"
"ZNF689",5.31e-06,0.252,0.23,0.206,0.0988,"ZNF689"
"NFYA",5.32e-06,0.209,0.317,0.294,0.0989,"NFYA"
"ADAMTS1",5.33e-06,-1.129,0.012,0.02,0.0993,"ADAMTS1"
"TRMT1L",5.34e-06,0.246,0.291,0.266,0.0994,"TRMT1L"
"KCNAB1",5.35e-06,-0.72,0.103,0.124,0.0996,"KCNAB1"
"FRY",5.4e-06,-0.398,0.716,0.725,0.101,"FRY"
"PUS3",5.41e-06,0.284,0.245,0.222,0.101,"PUS3"
"ALKBH3",5.44e-06,0.354,0.144,0.123,0.101,"ALKBH3"
"SLX9",5.46e-06,0.29,0.232,0.208,0.102,"SLX9"
"TBC1D17",5.48e-06,0.243,0.24,0.216,0.102,"TBC1D17"
"THBS1",5.49e-06,0.726,0.03,0.02,0.102,"THBS1"
"TMEM8B",5.5e-06,0.172,0.272,0.248,0.102,"TMEM8B"
"CCNB3",5.5e-06,-0.513,0.018,0.028,0.102,"CCNB3"
"LYPD6B",5.5e-06,0.275,0.108,0.088,0.102,"LYPD6B"
"NKAP",5.53e-06,0.176,0.352,0.327,0.103,"NKAP"
"STRADB",5.63e-06,0.15,0.345,0.318,0.105,"STRADB"
"OGFOD1",5.64e-06,0.187,0.323,0.296,0.105,"OGFOD1"
"TMX2",5.71e-06,0.112,0.459,0.44,0.106,"TMX2"
"MLYCD",5.79e-06,0.272,0.231,0.207,0.108,"MLYCD"
"NUS1",5.81e-06,0.109,0.429,0.403,0.108,"NUS1"
"SAP130",5.83e-06,0.137,0.447,0.422,0.108,"SAP130"
"CSDC2",5.95e-06,0.223,0.229,0.205,0.111,"CSDC2"
"PPIL1",5.95e-06,0.17,0.349,0.326,0.111,"PPIL1"
"DCLK1",5.95e-06,-0.17,0.966,0.954,0.111,"DCLK1"
"PARPBP",5.96e-06,-0.706,0.051,0.067,0.111,"PARPBP"
"CENPT",5.99e-06,0.228,0.274,0.252,0.111,"CENPT"
"TSPAN9",6.03e-06,0.325,0.186,0.163,0.112,"TSPAN9"
"BRIP1",6.06e-06,-0.601,0.085,0.105,0.113,"BRIP1"
"RIC3",6.06e-06,-0.292,0.28,0.31,0.113,"RIC3"
"SGCD",6.11e-06,-0.762,0.037,0.05,0.114,"SGCD"
"TMEM121B",6.14e-06,0.261,0.174,0.151,0.114,"TMEM121B"
"TMEM120A",6.15e-06,0.275,0.236,0.213,0.114,"TMEM120A"
"MFSD6",6.17e-06,0.179,0.391,0.366,0.115,"MFSD6"
"HEG1",6.22e-06,-0.488,0.029,0.042,0.116,"HEG1"
"SH3BP5L",6.25e-06,0.3,0.159,0.136,0.116,"SH3BP5L"
"BRF1",6.26e-06,0.119,0.399,0.374,0.116,"BRF1"
"B3GALT2",6.27e-06,0.213,0.278,0.252,0.117,"B3GALT2"
"MID1IP1",6.34e-06,0.172,0.272,0.246,0.118,"MID1IP1"
"ZNF320",6.35e-06,0.194,0.324,0.3,0.118,"ZNF320"
"AKAIN1",6.38e-06,0.535,0.053,0.039,0.119,"AKAIN1"
"COL4A5",6.43e-06,-0.35,0.339,0.301,0.12,"COL4A5"
"PAK1IP1",6.47e-06,0.161,0.389,0.368,0.12,"PAK1IP1"
"BRPF1",6.48e-06,0.33,0.139,0.118,0.121,"BRPF1"
"ATP6V0C",6.5e-06,0.751,0.04,0.028,0.121,"ATP6V0C"
"NPAS3",6.51e-06,-0.489,0.742,0.755,0.121,"NPAS3"
"ZFHX4",6.54e-06,-0.622,0.133,0.156,0.122,"ZFHX4"
"SOCS1",6.55e-06,0.527,0.058,0.044,0.122,"SOCS1"
"L3MBTL4",6.57e-06,0.322,0.24,0.215,0.122,"L3MBTL4"
"PGM3",6.58e-06,0.121,0.34,0.312,0.122,"PGM3"
"INHA",6.6e-06,-0.579,0.03,0.042,0.123,"INHA"
"MFSD5",6.61e-06,0.434,0.089,0.072,0.123,"MFSD5"
"AK9",6.61e-06,0.195,0.427,0.407,0.123,"AK9"
"ZFP37",6.61e-06,0.128,0.416,0.388,0.123,"ZFP37"
"CCDC9",6.61e-06,0.392,0.106,0.087,0.123,"CCDC9"
"EXOSC9",6.68e-06,0.228,0.285,0.262,0.124,"EXOSC9"
"PNO1",6.69e-06,0.178,0.275,0.25,0.125,"PNO1"
"POLR3G",6.72e-06,-0.343,0.087,0.107,0.125,"POLR3G"
"APBB3",6.76e-06,0.252,0.208,0.185,0.126,"APBB3"
"TYW1B",6.8e-06,0.163,0.254,0.228,0.126,"TYW1B"
"ENSG00000279358",6.82e-06,-1.192,0.005,0.011,0.127,"ENSG00000279358"
"RPP21",6.83e-06,0.391,0.105,0.086,0.127,"RPP21"
"TMTC3",6.87e-06,0.212,0.299,0.275,0.128,"TMTC3"
"GINS3",6.95e-06,-0.54,0.039,0.054,0.129,"GINS3"
"ZNF581",6.97e-06,0.334,0.188,0.166,0.13,"ZNF581"
"PARVB",6.98e-06,0.247,0.204,0.18,0.13,"PARVB"
"ZNF468",6.99e-06,0.454,0.074,0.058,0.13,"ZNF468"
"BBS7",6.99e-06,0.101,0.471,0.448,0.13,"BBS7"
"SLC25A42",7e-06,0.157,0.268,0.242,0.13,"SLC25A42"
"PCDH8",7.05e-06,0.361,0.132,0.111,0.131,"PCDH8"
"SLC22A4",7.07e-06,-0.585,0.047,0.062,0.132,"SLC22A4"
"ALKBH4",7.09e-06,0.173,0.288,0.265,0.132,"ALKBH4"
"SNX31",7.14e-06,-0.863,0.012,0.021,0.133,"SNX31"
"WDR73",7.18e-06,0.102,0.425,0.399,0.134,"WDR73"
"IGSF9B",7.23e-06,0.24,0.171,0.147,0.135,"IGSF9B"
"GABRA6",7.34e-06,-0.507,0.043,0.057,0.137,"GABRA6"
"ARAP2",7.37e-06,-1.494,0.007,0.014,0.137,"ARAP2"
"CHST11",7.37e-06,0.136,0.528,0.512,0.137,"CHST11"
"CACNG2",7.38e-06,-0.125,0.191,0.22,0.137,"CACNG2"
"ILRUN",7.38e-06,0.149,0.392,0.368,0.137,"ILRUN"
"CDKN1C",7.42e-06,0.379,0.105,0.086,0.138,"CDKN1C"
"VEPH1",7.44e-06,-0.404,0.085,0.105,0.139,"VEPH1"
"ELMO2",7.47e-06,0.108,0.352,0.328,0.139,"ELMO2"
"BCORL1",7.48e-06,0.193,0.236,0.211,0.139,"BCORL1"
"RABEPK",7.48e-06,0.19,0.368,0.346,0.139,"RABEPK"
"TTI2",7.49e-06,0.195,0.331,0.306,0.139,"TTI2"
"MFSD2A",7.5e-06,0.371,0.172,0.151,0.14,"MFSD2A"
"PRSS51",7.5e-06,-0.441,0.13,0.153,0.14,"PRSS51"
"CBLL1",7.54e-06,0.192,0.291,0.267,0.14,"CBLL1"
"JAG2",7.56e-06,-0.584,0.045,0.06,0.141,"JAG2"
"TMEM65",7.59e-06,0.116,0.444,0.419,0.141,"TMEM65"
"CNRIP1",7.65e-06,0.102,0.454,0.428,0.142,"CNRIP1"
"LARP6",7.78e-06,0.204,0.33,0.308,0.145,"LARP6"
"TMED5",7.87e-06,0.211,0.346,0.323,0.147,"TMED5"
"C6orf47",8.01e-06,0.251,0.187,0.164,0.149,"C6orf47"
"CYB5D2",8.02e-06,0.104,0.39,0.365,0.149,"CYB5D2"
"WDR25",8.04e-06,0.158,0.387,0.362,0.15,"WDR25"
"C1GALT1C1",8.1e-06,0.258,0.187,0.165,0.151,"C1GALT1C1"
"MATN1",8.2e-06,-0.291,0.011,0.019,0.153,"MATN1"
"SYDE2",8.29e-06,-1.407,0.006,0.012,0.154,"SYDE2"
"RREB1",8.3e-06,-0.765,0.014,0.024,0.155,"RREB1"
"ABLIM1",8.47e-06,-0.272,0.148,0.172,0.158,"ABLIM1"
"NECAP2",8.48e-06,0.148,0.306,0.281,0.158,"NECAP2"
"RNF103-CHMP3",8.48e-06,0.198,0.248,0.222,0.158,"RNF103-CHMP3"
"SPOCK1",8.53e-06,0.171,0.275,0.252,0.159,"SPOCK1"
"TMEM63B",8.61e-06,0.129,0.423,0.396,0.16,"TMEM63B"
"RFX5",8.67e-06,0.299,0.137,0.116,0.161,"RFX5"
"PITRM1",8.79e-06,0.203,0.238,0.214,0.164,"PITRM1"
"CCM2L",8.79e-06,0.451,0.04,0.028,0.164,"CCM2L"
"ADGRB3",8.86e-06,-0.277,0.973,0.972,0.165,"ADGRB3"
"CCDC8",8.92e-06,0.465,0.067,0.052,0.166,"CCDC8"
"SH3BP2",8.93e-06,0.133,0.358,0.333,0.166,"SH3BP2"
"ZKSCAN4",8.93e-06,0.319,0.165,0.143,0.166,"ZKSCAN4"
"GSS",9.05e-06,0.158,0.398,0.373,0.169,"GSS"
"RAB40C",9.07e-06,0.171,0.345,0.323,0.169,"RAB40C"
"CBARP",9.13e-06,0.258,0.181,0.159,0.17,"CBARP"
"ARMC7",9.18e-06,0.107,0.148,0.126,0.171,"ARMC7"
"CNNM2",9.19e-06,0.129,0.43,0.404,0.171,"CNNM2"
"ZNF329",9.2e-06,0.177,0.251,0.225,0.171,"ZNF329"
"PLAGL2",9.21e-06,0.286,0.17,0.148,0.171,"PLAGL2"
"MFSD12",9.21e-06,0.217,0.24,0.215,0.171,"MFSD12"
"CD4",9.22e-06,0.491,0.072,0.056,0.172,"CD4"
"IER3IP1",9.24e-06,0.139,0.484,0.465,0.172,"IER3IP1"
"CNNM3",9.24e-06,0.228,0.148,0.126,0.172,"CNNM3"
"KEAP1",9.36e-06,0.258,0.213,0.191,0.174,"KEAP1"
"HID1",9.39e-06,0.24,0.183,0.159,0.175,"HID1"
"CPNE4",9.39e-06,-0.443,0.116,0.138,0.175,"CPNE4"
"ZCCHC8",9.45e-06,0.142,0.396,0.373,0.176,"ZCCHC8"
"RCC1L",9.45e-06,0.144,0.343,0.318,0.176,"RCC1L"
"ARHGAP42",9.47e-06,0.47,0.11,0.091,0.176,"ARHGAP42"
"GNB1L",9.49e-06,0.285,0.195,0.173,0.177,"GNB1L"
"H2AC15",9.59e-06,0.558,0.051,0.038,0.179,"H2AC15"
"TADA2A",9.6e-06,0.113,0.397,0.371,0.179,"TADA2A"
"ADGRB1",9.63e-06,-0.729,0.026,0.038,0.179,"ADGRB1"
"ZNF616",9.65e-06,0.213,0.297,0.275,0.18,"ZNF616"
"LSR",9.75e-06,0.339,0.082,0.065,0.181,"LSR"
"INKA1",9.8e-06,-0.666,0.027,0.039,0.182,"INKA1"
"RAD51C",9.85e-06,0.244,0.243,0.22,0.183,"RAD51C"
"RBM34",9.93e-06,0.36,0.115,0.096,0.185,"RBM34"
"LPIN2",1e-05,0.114,0.475,0.452,0.186,"LPIN2"
"PGAP6",1e-05,0.315,0.136,0.115,0.187,"PGAP6"
"ARHGAP1",0.0000102,0.196,0.2,0.177,0.189,"ARHGAP1"
"SHCBP1",0.0000102,-0.519,0.025,0.037,0.189,"SHCBP1"
"NAGLU",0.0000102,0.187,0.29,0.267,0.19,"NAGLU"
"C1QL3",0.0000102,-0.445,0.041,0.055,0.19,"C1QL3"
"ZNF432",0.0000102,0.16,0.364,0.341,0.19,"ZNF432"
"SLITRK3",0.0000102,0.218,0.269,0.245,0.191,"SLITRK3"
"NECAP1",0.0000103,0.125,0.46,0.436,0.191,"NECAP1"
"FBRS",0.0000103,0.244,0.207,0.184,0.192,"FBRS"
"SPATA17",0.0000103,-0.438,0.055,0.071,0.193,"SPATA17"
"ERCC6",0.0000104,0.165,0.335,0.312,0.193,"ERCC6"
"FRAT1",0.0000104,0.431,0.087,0.069,0.193,"FRAT1"
"KATNB1",0.0000104,0.246,0.228,0.205,0.194,"KATNB1"
"NSUN3",0.0000105,0.204,0.311,0.288,0.195,"NSUN3"
"GBX1",0.0000105,0.29,0.107,0.088,0.196,"GBX1"
"SLIT3",0.0000105,-0.86,0.014,0.022,0.196,"SLIT3"
"ZNF740",0.0000105,0.227,0.157,0.135,0.196,"ZNF740"
"SLC18B1",0.0000106,0.199,0.258,0.235,0.197,"SLC18B1"
"CLK4",0.0000107,0.125,0.377,0.353,0.199,"CLK4"
"MYO3A",0.0000107,-0.928,0.017,0.026,0.199,"MYO3A"
"CCDC59",0.0000108,0.166,0.361,0.338,0.2,"CCDC59"
"VCPIP1",0.0000109,0.138,0.307,0.281,0.202,"VCPIP1"
"ZKSCAN5",0.0000109,0.208,0.23,0.207,0.202,"ZKSCAN5"
"SENP8",0.0000109,0.243,0.208,0.185,0.203,"SENP8"
"TRIB1",0.0000109,0.394,0.088,0.07,0.203,"TRIB1"
"ZNF805",0.0000111,0.246,0.201,0.179,0.207,"ZNF805"
"FAM161A",0.0000111,0.181,0.38,0.359,0.207,"FAM161A"
"SKA1",0.0000112,-0.769,0.012,0.021,0.208,"SKA1"
"EXOSC5",0.0000113,0.29,0.216,0.195,0.21,"EXOSC5"
"NANS",0.0000113,0.2,0.282,0.26,0.211,"NANS"
"TAF6",0.0000114,0.159,0.343,0.319,0.211,"TAF6"
"CCDC13",0.0000114,0.44,0.103,0.085,0.212,"CCDC13"
"ZMYM6",0.0000114,0.186,0.307,0.282,0.212,"ZMYM6"
"ADAM17",0.0000114,0.102,0.487,0.461,0.212,"ADAM17"
"ITGA2",0.0000114,-0.633,0.055,0.071,0.212,"ITGA2"
"CDPF1",0.0000114,0.348,0.12,0.1,0.213,"CDPF1"
"CFAP410",0.0000115,0.292,0.139,0.118,0.214,"CFAP410"
"ZNF23",0.0000116,0.205,0.305,0.281,0.215,"ZNF23"
"FAM219B",0.0000116,0.156,0.319,0.296,0.216,"FAM219B"
"ADGRG6",0.0000116,-7.078,0.013,0.021,0.216,"ADGRG6"
"ELMO1",0.0000117,0.135,0.281,0.255,0.218,"ELMO1"
"POLR3B",0.0000117,0.141,0.29,0.265,0.218,"POLR3B"
"IPO13",0.0000118,0.332,0.15,0.129,0.219,"IPO13"
"NBPF3",0.0000118,0.176,0.192,0.168,0.22,"NBPF3"
"NR3C1",0.0000118,-0.556,0.053,0.069,0.22,"NR3C1"
"TMEM68",0.0000118,0.153,0.383,0.361,0.22,"TMEM68"
"KIF15",0.0000118,-0.628,0.071,0.088,0.22,"KIF15"
"MBD1",0.0000119,0.147,0.356,0.331,0.221,"MBD1"
"BUD13",0.0000119,0.228,0.244,0.221,0.221,"BUD13"
"MRPS28",0.000012,0.113,0.459,0.439,0.223,"MRPS28"
"BAG5",0.0000121,0.15,0.399,0.376,0.224,"BAG5"
"SGPL1",0.0000121,0.125,0.366,0.341,0.224,"SGPL1"
"MPP1",0.0000122,0.289,0.135,0.114,0.227,"MPP1"
"CLMN",0.0000122,-0.759,0.038,0.051,0.227,"CLMN"
"MPV17L2",0.0000123,0.336,0.142,0.122,0.228,"MPV17L2"
"NKAIN4",0.0000123,0.252,0.133,0.112,0.229,"NKAIN4"
"NUP62CL",0.0000124,-1.156,0.005,0.01,0.231,"NUP62CL"
"CCDC34",0.0000125,0.158,0.371,0.347,0.232,"CCDC34"
"TIFA",0.0000125,0.294,0.224,0.204,0.233,"TIFA"
"FAM120AOS",0.0000126,0.137,0.422,0.399,0.234,"FAM120AOS"
"WASHC4",0.0000127,0.106,0.389,0.365,0.235,"WASHC4"
"SCLY",0.0000128,0.156,0.276,0.25,0.239,"SCLY"
"CABLES2",0.0000129,0.245,0.204,0.181,0.24,"CABLES2"
"POLE4",0.0000129,0.193,0.337,0.317,0.24,"POLE4"
"RNF170",0.000013,0.121,0.463,0.442,0.241,"RNF170"
"PM20D2",0.000013,-0.223,0.143,0.168,0.241,"PM20D2"
"ETFRF1",0.000013,0.173,0.375,0.352,0.242,"ETFRF1"
"UEVLD",0.0000131,0.122,0.328,0.303,0.243,"UEVLD"
"PTPN23",0.0000131,0.17,0.254,0.23,0.245,"PTPN23"
"ITGA8",0.0000134,-0.433,0.047,0.061,0.25,"ITGA8"
"COL11A1",0.0000134,-0.235,0.412,0.377,0.25,"COL11A1"
"AKAP1",0.0000136,0.153,0.327,0.302,0.252,"AKAP1"
"KCNK2",0.000014,0.127,0.375,0.352,0.261,"KCNK2"
"RNF19B",0.0000141,0.212,0.287,0.265,0.263,"RNF19B"
"YARS2",0.0000141,0.13,0.353,0.327,0.263,"YARS2"
"GABRG3",0.0000145,0.177,0.7,0.708,0.27,"GABRG3"
"PHAF1",0.0000145,0.199,0.26,0.236,0.271,"PHAF1"
"B3GAT2",0.0000147,-0.418,0.172,0.197,0.273,"B3GAT2"
"CCS",0.0000148,0.132,0.374,0.35,0.276,"CCS"
"PARD3",0.0000149,-0.356,0.288,0.255,0.277,"PARD3"
"PRADC1",0.000015,0.331,0.2,0.18,0.28,"PRADC1"
"GRWD1",0.0000152,0.283,0.142,0.122,0.282,"GRWD1"
"EXOSC7",0.0000152,0.157,0.402,0.38,0.282,"EXOSC7"
"INIP",0.0000153,0.127,0.411,0.387,0.284,"INIP"
"PKMYT1",0.0000154,-0.646,0.021,0.032,0.287,"PKMYT1"
"ETV1",0.0000155,-0.311,0.184,0.211,0.288,"ETV1"
"ANXA5",0.0000155,-0.396,0.07,0.087,0.288,"ANXA5"
"IQCJ",0.0000155,-0.881,0.016,0.026,0.289,"IQCJ"
"FAM43A",0.0000155,0.501,0.048,0.035,0.289,"FAM43A"
"ANAPC7",0.0000156,0.136,0.414,0.392,0.29,"ANAPC7"
"PTPRD",0.0000156,-0.223,0.986,0.97,0.29,"PTPRD"
"PCCB",0.0000156,0.187,0.432,0.412,0.291,"PCCB"
"FAM241B",0.0000156,0.207,0.303,0.281,0.291,"FAM241B"
"ZNF841",0.0000156,0.317,0.087,0.07,0.291,"ZNF841"
"USP21",0.0000157,0.408,0.119,0.1,0.292,"USP21"
"GTF3C3",0.0000157,0.187,0.282,0.258,0.292,"GTF3C3"
"ENSG00000279407",0.0000157,0.46,0.077,0.061,0.292,"ENSG00000279407"
"PNCK",0.0000158,-0.418,0.076,0.094,0.293,"PNCK"
"POLR3H",0.0000158,0.145,0.274,0.249,0.294,"POLR3H"
"HGS",0.0000159,0.172,0.337,0.314,0.295,"HGS"
"PPP2R3B",0.0000159,0.248,0.212,0.19,0.295,"PPP2R3B"
"THBS2",0.0000159,-0.911,0.01,0.018,0.296,"THBS2"
"DCAF8",0.000016,0.118,0.408,0.387,0.297,"DCAF8"
"GPR137B",0.0000161,0.172,0.343,0.319,0.3,"GPR137B"
"BMP7",0.0000162,0.289,0.126,0.106,0.302,"BMP7"
"ZNF134",0.0000163,0.209,0.24,0.216,0.303,"ZNF134"
"GAA",0.0000163,0.295,0.155,0.134,0.304,"GAA"
"PRRT2",0.0000164,0.112,0.46,0.439,0.304,"PRRT2"
"SZT2",0.0000166,0.183,0.279,0.254,0.309,"SZT2"
"ZNF776",0.0000168,0.265,0.193,0.171,0.312,"ZNF776"
"SH2D4B",0.0000169,0.148,0.228,0.203,0.315,"SH2D4B"
"C19orf73",0.000017,0.362,0.089,0.072,0.316,"C19orf73"
"CASP7",0.000017,-0.814,0.01,0.017,0.316,"CASP7"
"OXCT1",0.0000171,0.101,0.448,0.423,0.318,"OXCT1"
"KIAA1143",0.0000172,0.162,0.314,0.291,0.32,"KIAA1143"
"APOLD1",0.0000172,-0.492,0.359,0.332,0.321,"APOLD1"
"NME2",0.0000175,0.424,0.07,0.054,0.325,"NME2"
"TK1",0.0000175,-0.567,0.027,0.038,0.326,"TK1"
"ZDHHC9",0.0000175,0.136,0.378,0.355,0.327,"ZDHHC9"
"CGRRF1",0.0000175,0.355,0.121,0.102,0.327,"CGRRF1"
"RPIA",0.0000175,0.132,0.39,0.368,0.327,"RPIA"
"CDK2AP2",0.0000176,0.252,0.227,0.205,0.327,"CDK2AP2"
"CDKN2C",0.0000176,-0.472,0.038,0.052,0.328,"CDKN2C"
"PGAP2",0.0000177,0.205,0.295,0.271,0.329,"PGAP2"
"PPFIBP2",0.0000179,0.311,0.133,0.113,0.333,"PPFIBP2"
"CCDC120",0.000018,0.135,0.243,0.218,0.335,"CCDC120"
"GPC3",0.000018,-0.839,0.035,0.047,0.335,"GPC3"
"RNF40",0.0000181,0.171,0.299,0.277,0.336,"RNF40"
"ARID5B",0.0000181,0.155,0.361,0.337,0.336,"ARID5B"
"SMPD1",0.0000182,0.244,0.139,0.118,0.339,"SMPD1"
"PEX3",0.0000182,-0.214,0.338,0.37,0.339,"PEX3"
"REXO1",0.0000182,0.23,0.216,0.194,0.339,"REXO1"
"ABCC10",0.0000183,0.159,0.28,0.255,0.34,"ABCC10"
"CLSTN3",0.0000184,0.128,0.361,0.336,0.342,"CLSTN3"
"SNX1",0.0000184,-0.164,0.53,0.512,0.342,"SNX1"
"FAM214B",0.0000185,0.25,0.215,0.194,0.344,"FAM214B"
"WDR17",0.0000185,-0.171,0.342,0.374,0.344,"WDR17"
"SORCS2",0.0000186,-0.229,0.169,0.195,0.346,"SORCS2"
"TAPT1",0.0000186,0.121,0.354,0.331,0.346,"TAPT1"
"JMJD8",0.0000186,0.283,0.153,0.133,0.347,"JMJD8"
"CDC45",0.0000187,-0.407,0.023,0.034,0.348,"CDC45"
"EFCAB11",0.0000187,-0.17,0.106,0.127,0.348,"EFCAB11"
"ANO8",0.0000189,0.137,0.285,0.261,0.351,"ANO8"
"SLC44A1",0.0000189,-0.345,0.511,0.538,0.351,"SLC44A1"
"ARHGAP29",0.0000189,-0.519,0.01,0.017,0.352,"ARHGAP29"
"ADAMTS2",0.0000189,-0.583,0.013,0.022,0.352,"ADAMTS2"
"BID",0.000019,0.152,0.379,0.356,0.353,"BID"
"F5",0.0000191,-1.421,0.007,0.013,0.356,"F5"
"HMGB2",0.0000193,-0.801,0.128,0.149,0.359,"HMGB2"
"TMEM223",0.0000194,0.179,0.291,0.267,0.361,"TMEM223"
"RIPOR2",0.0000194,-0.203,0.061,0.078,0.361,"RIPOR2"
"EAF2",0.0000195,-0.553,0.036,0.049,0.363,"EAF2"
"TEAD3",0.0000195,0.354,0.108,0.089,0.363,"TEAD3"
"ZNF454",0.0000195,0.281,0.215,0.193,0.363,"ZNF454"
"INTS8",0.0000195,0.159,0.407,0.386,0.364,"INTS8"
"ZNF680",0.0000199,-0.215,0.221,0.252,0.37,"ZNF680"
"GNA11",0.0000199,0.193,0.313,0.289,0.37,"GNA11"
"ZNF561",2e-05,0.195,0.227,0.204,0.373,"ZNF561"
"JMJD4",0.0000203,0.348,0.172,0.152,0.378,"JMJD4"
"GABRA1",0.0000203,-1.618,0.007,0.014,0.378,"GABRA1"
"GLT8D1",0.0000204,0.15,0.358,0.337,0.379,"GLT8D1"
"ZNF347",0.0000206,0.203,0.248,0.225,0.383,"ZNF347"
"AMPD1",0.0000207,0.757,0.037,0.026,0.385,"AMPD1"
"LSM6",0.0000209,0.107,0.475,0.458,0.389,"LSM6"
"KLHL26",0.0000209,0.307,0.109,0.091,0.389,"KLHL26"
"SMC2",0.000021,-0.508,0.117,0.137,0.39,"SMC2"
"TTC12",0.000021,-0.738,0.01,0.018,0.392,"TTC12"
"TMTC2",0.0000212,0.316,0.329,0.306,0.395,"TMTC2"
"GTPBP2",0.0000213,0.207,0.25,0.227,0.397,"GTPBP2"
"TRBC1",0.0000214,0.948,0.025,0.016,0.398,"TRBC1"
"CREB3L4",0.0000217,0.455,0.081,0.065,0.403,"CREB3L4"
"MAGEE1",0.0000217,0.248,0.187,0.166,0.405,"MAGEE1"
"EYA4",0.0000219,0.388,0.015,0.023,0.407,"EYA4"
"ZNF625",0.000022,0.168,0.236,0.211,0.409,"ZNF625"
"OBSCN",0.000022,0.125,0.347,0.32,0.409,"OBSCN"
"GFM2",0.000022,0.127,0.331,0.309,0.409,"GFM2"
"HSPBAP1",0.000022,0.231,0.263,0.241,0.41,"HSPBAP1"
"PCOLCE2",0.000022,-0.306,0.156,0.18,0.41,"PCOLCE2"
"ADGRL4",0.0000221,-0.736,0.011,0.018,0.411,"ADGRL4"
"SH3YL1",0.0000221,0.103,0.439,0.415,0.412,"SH3YL1"
"WASHC2C",0.0000222,0.198,0.232,0.21,0.413,"WASHC2C"
"BMF",0.0000222,0.685,0.047,0.035,0.414,"BMF"
"GCNT1",0.0000223,-0.344,0.089,0.108,0.416,"GCNT1"
"STYK1",0.0000224,-0.581,0.017,0.026,0.416,"STYK1"
"RCAN1",0.0000225,0.176,0.299,0.276,0.42,"RCAN1"
"ZNF687",0.0000226,0.374,0.063,0.048,0.421,"ZNF687"
"GPRC5B",0.0000226,0.224,0.209,0.186,0.421,"GPRC5B"
"SEC22A",0.0000227,0.122,0.495,0.475,0.422,"SEC22A"
"SLC35A2",0.0000228,0.214,0.216,0.194,0.424,"SLC35A2"
"IKBKG",0.0000228,0.263,0.17,0.148,0.424,"IKBKG"
"CCDC146",0.0000229,0.146,0.319,0.295,0.426,"CCDC146"
"SAR1B",0.000023,0.119,0.431,0.411,0.428,"SAR1B"
"GLIS3",0.000023,-0.353,0.025,0.036,0.428,"GLIS3"
"SLC35E1",0.000023,0.169,0.269,0.246,0.429,"SLC35E1"
"FAM161B",0.0000231,0.2,0.277,0.255,0.431,"FAM161B"
"MTIF2",0.0000233,0.274,0.241,0.22,0.434,"MTIF2"
"SLC23A1",0.0000234,0.34,0.08,0.064,0.436,"SLC23A1"
"ENSG00000279753",0.0000237,0.649,0.032,0.021,0.44,"ENSG00000279753"
"DYNC2I2",0.0000239,0.199,0.288,0.266,0.445,"DYNC2I2"
"ASPHD2",0.000024,0.157,0.253,0.229,0.447,"ASPHD2"
"ZNF598",0.0000243,0.259,0.169,0.149,0.453,"ZNF598"
"ZNF17",0.0000244,0.318,0.086,0.069,0.454,"ZNF17"
"BRD3OS",0.0000244,0.239,0.239,0.217,0.454,"BRD3OS"
"SAMD12",0.0000244,-0.162,0.322,0.355,0.454,"SAMD12"
"ELMOD3",0.0000246,0.192,0.287,0.264,0.457,"ELMOD3"
"FUCA1",0.0000248,0.249,0.197,0.176,0.462,"FUCA1"
"HFM1",0.0000249,0.224,0.285,0.262,0.464,"HFM1"
"CCDC102B",0.000025,-0.239,0.162,0.187,0.465,"CCDC102B"
"FMR1",0.0000252,0.11,0.496,0.477,0.469,"FMR1"
"EFNA2",0.0000253,0.209,0.224,0.201,0.471,"EFNA2"
"KNTC1",0.0000254,-0.445,0.093,0.112,0.472,"KNTC1"
"ELK1",0.0000255,0.232,0.209,0.187,0.474,"ELK1"
"PCYT1A",0.0000255,0.124,0.339,0.314,0.475,"PCYT1A"
"IGHMBP2",0.0000256,0.289,0.196,0.176,0.476,"IGHMBP2"
"TMEM120B",0.0000258,0.113,0.38,0.356,0.48,"TMEM120B"
"KLHL11",0.0000264,0.162,0.29,0.268,0.491,"KLHL11"
"ATG14",0.0000265,0.217,0.265,0.242,0.493,"ATG14"
"ZNF646",0.0000268,0.229,0.151,0.131,0.498,"ZNF646"
"CDKN3",0.0000269,-0.563,0.07,0.087,0.5,"CDKN3"
"ALKBH6",0.000027,0.36,0.087,0.071,0.503,"ALKBH6"
"THY1",0.0000271,0.134,0.462,0.441,0.504,"THY1"
"COA5",0.0000271,0.168,0.347,0.327,0.504,"COA5"
"EGF",0.0000271,-1.114,0.017,0.027,0.505,"EGF"
"EIF4E1B",0.0000272,-0.886,0.008,0.015,0.506,"EIF4E1B"
"DIPK2A",0.0000275,-0.232,0.144,0.168,0.511,"DIPK2A"
"HLA-C",0.000028,0.185,0.307,0.285,0.522,"HLA-C"
"TMPRSS9",0.0000282,0.286,0.117,0.098,0.524,"TMPRSS9"
"TMEM242",0.0000284,0.171,0.334,0.312,0.528,"TMEM242"
"ZNF595",0.0000285,0.238,0.214,0.192,0.53,"ZNF595"
"GAR1",0.0000286,0.15,0.354,0.335,0.532,"GAR1"
"VPS35L",0.0000286,0.102,0.481,0.46,0.533,"VPS35L"
"ZCWPW2",0.0000286,-0.373,0.09,0.109,0.533,"ZCWPW2"
"UBE2J1",0.0000287,0.139,0.432,0.411,0.535,"UBE2J1"
"B3GALT5",0.0000288,-0.5,0.042,0.055,0.536,"B3GALT5"
"TROAP",0.0000289,-0.819,0.018,0.027,0.537,"TROAP"
"ENSG00000284906",0.0000289,-0.884,0.081,0.098,0.538,"ENSG00000284906"
"TBCE",0.0000292,0.202,0.263,0.239,0.543,"TBCE"
"NUP188",0.0000293,0.211,0.281,0.259,0.545,"NUP188"
"AHNAK2",0.0000293,-0.364,0.055,0.071,0.545,"AHNAK2"
"ZNF446",0.0000293,0.26,0.14,0.121,0.546,"ZNF446"
"PTBP3",0.0000296,0.117,0.478,0.459,0.551,"PTBP3"
"ZSCAN31",0.0000297,0.196,0.123,0.104,0.552,"ZSCAN31"
"RFX1",0.0000305,0.202,0.273,0.25,0.567,"RFX1"
"STK19",0.0000305,0.176,0.277,0.254,0.567,"STK19"
"PBX2",0.0000308,0.293,0.177,0.157,0.574,"PBX2"
"MTF1",0.0000309,0.19,0.291,0.267,0.575,"MTF1"
"ANKAR",0.0000311,0.108,0.368,0.344,0.579,"ANKAR"
"ACY1",0.0000311,0.399,0.073,0.058,0.58,"ACY1"
"MRPS18B",0.0000314,0.158,0.363,0.343,0.585,"MRPS18B"
"SPRTN",0.0000316,0.17,0.245,0.223,0.589,"SPRTN"
"ZNF672",0.0000316,0.196,0.21,0.188,0.589,"ZNF672"
"IL1RAP",0.0000318,-1.102,0.008,0.015,0.592,"IL1RAP"
"ZBTB37",0.0000318,0.109,0.312,0.286,0.592,"ZBTB37"
"MT1X",0.0000319,0.482,0.07,0.055,0.595,"MT1X"
"KRI1",0.0000323,0.294,0.176,0.156,0.601,"KRI1"
"GFER",0.0000323,0.282,0.183,0.163,0.601,"GFER"
"LHPP",0.0000324,0.136,0.244,0.222,0.603,"LHPP"
"KITLG",0.0000328,-1.082,0.014,0.022,0.61,"KITLG"
"UFSP1",0.0000328,0.693,0.026,0.017,0.61,"UFSP1"
"MTHFR",0.0000333,0.128,0.34,0.317,0.62,"MTHFR"
"KREMEN2",0.0000337,-1.32,0.005,0.01,0.627,"KREMEN2"
"CDC25C",0.0000337,-0.787,0.039,0.051,0.628,"CDC25C"
"MED12L",0.0000337,-0.379,0.194,0.218,0.628,"MED12L"
"GTF3C4",0.0000338,0.163,0.319,0.296,0.629,"GTF3C4"
"CLPB",0.0000339,0.2,0.305,0.286,0.632,"CLPB"
"TMEM19",0.000034,0.219,0.243,0.221,0.634,"TMEM19"
"TTC4",0.0000345,0.158,0.242,0.219,0.642,"TTC4"
"SLC6A1",0.0000346,-0.402,0.045,0.059,0.644,"SLC6A1"
"ENSG00000284024",0.0000351,0.319,0.131,0.113,0.653,"ENSG00000284024"
"CLSTN2",0.0000351,-0.4,0.126,0.148,0.654,"CLSTN2"
"ZNF692",0.0000358,0.163,0.227,0.204,0.666,"ZNF692"
"GLB1",0.0000361,0.139,0.321,0.3,0.672,"GLB1"
"CIAO3",0.0000362,0.227,0.228,0.207,0.674,"CIAO3"
"USP53",0.0000364,-0.319,0.137,0.159,0.678,"USP53"
"BBS4",0.0000366,0.162,0.341,0.32,0.681,"BBS4"
"MIS12",0.0000369,0.245,0.244,0.223,0.686,"MIS12"
"GGCT",0.0000369,0.123,0.359,0.337,0.687,"GGCT"
"TMEM54",0.0000373,-0.569,0.011,0.019,0.694,"TMEM54"
"NAA40",0.0000378,0.169,0.285,0.262,0.703,"NAA40"
"PRSS55",0.0000378,-0.375,0.048,0.062,0.704,"PRSS55"
"DLX2",0.0000379,0.832,0.032,0.022,0.705,"DLX2"
"ZNF512B",0.0000382,0.168,0.223,0.2,0.71,"ZNF512B"
"PROM1",0.0000384,-0.666,0.025,0.036,0.714,"PROM1"
"COQ4",0.0000387,0.177,0.393,0.375,0.72,"COQ4"
"SMOC2",0.0000389,-0.649,0.035,0.048,0.724,"SMOC2"
"FUOM",0.0000389,0.496,0.082,0.066,0.725,"FUOM"
"LMAN1",0.0000391,0.175,0.331,0.312,0.728,"LMAN1"
"TMPRSS13",0.0000392,-0.796,0.016,0.025,0.73,"TMPRSS13"
"IQGAP3",0.0000393,-0.858,0.016,0.025,0.732,"IQGAP3"
"TNIP2",0.0000394,0.296,0.117,0.099,0.733,"TNIP2"
"CHCHD10",0.0000395,-0.292,0.057,0.072,0.735,"CHCHD10"
"GTF2H3",0.0000397,0.119,0.365,0.344,0.739,"GTF2H3"
"PTCD1",0.0000401,0.361,0.11,0.093,0.746,"PTCD1"
"IL20RB",0.0000402,0.368,0.09,0.073,0.748,"IL20RB"
"SRD5A3",0.0000403,0.171,0.326,0.304,0.75,"SRD5A3"
"HIF1AN",0.0000407,0.151,0.324,0.299,0.758,"HIF1AN"
"PREP",0.0000407,0.114,0.423,0.402,0.758,"PREP"
"SMOX",0.0000408,0.269,0.153,0.134,0.759,"SMOX"
"NCAPH",0.0000408,-0.536,0.041,0.054,0.76,"NCAPH"
"RNF113A",0.0000412,0.265,0.215,0.195,0.767,"RNF113A"
"IRF3",0.0000413,0.213,0.205,0.185,0.769,"IRF3"
"CHRNB2",0.0000414,0.351,0.123,0.104,0.77,"CHRNB2"
"FBXL19",0.0000416,0.177,0.258,0.234,0.775,"FBXL19"
"TCIM",0.0000418,-0.494,0.031,0.042,0.777,"TCIM"
"CCDC191",0.0000422,-0.274,0.21,0.236,0.785,"CCDC191"
"DZIP1L",0.0000428,-0.555,0.031,0.043,0.796,"DZIP1L"
"ZNF875",0.0000428,0.152,0.34,0.318,0.796,"ZNF875"
"CETN3",0.0000428,0.135,0.406,0.386,0.797,"CETN3"
"BCCIP",0.0000429,0.146,0.422,0.405,0.799,"BCCIP"
"KLRG1",0.000043,0.147,0.233,0.21,0.8,"KLRG1"
"HAP1",0.0000433,-1,0.011,0.019,0.806,"HAP1"
"NID1",0.0000434,-0.786,0.009,0.016,0.808,"NID1"
"NDUFAF8",0.0000435,0.172,0.362,0.342,0.81,"NDUFAF8"
"DRG2",0.0000437,0.24,0.232,0.212,0.813,"DRG2"
"ZNF226",0.0000437,0.199,0.258,0.236,0.814,"ZNF226"
"CWC25",0.000044,0.18,0.352,0.334,0.819,"CWC25"
"TNC",0.000044,-1.119,0.01,0.017,0.819,"TNC"
"TMEM229B",0.000044,-0.529,0.119,0.14,0.819,"TMEM229B"
"GLIPR1L1",0.000044,0.389,0.04,0.029,0.819,"GLIPR1L1"
"GPN3",0.0000445,0.151,0.31,0.287,0.829,"GPN3"
"ELAC2",0.0000447,0.243,0.204,0.184,0.833,"ELAC2"
"NADSYN1",0.0000448,0.178,0.225,0.202,0.833,"NADSYN1"
"ETNK2",0.0000452,0.242,0.163,0.143,0.841,"ETNK2"
"KLHL29",0.0000456,-0.183,0.733,0.706,0.848,"KLHL29"
"LPCAT1",0.0000463,0.189,0.269,0.247,0.862,"LPCAT1"
"KRCC1",0.0000463,0.135,0.405,0.382,0.862,"KRCC1"
"FAM114A1",0.0000464,-0.78,0.015,0.023,0.863,"FAM114A1"
"TRIM11",0.0000464,0.298,0.163,0.144,0.864,"TRIM11"
"PTGIS",0.0000466,-0.201,0.148,0.172,0.868,"PTGIS"
"GNB4",0.0000467,-0.344,0.303,0.33,0.87,"GNB4"
"RPL39L",0.0000472,0.338,0.206,0.187,0.879,"RPL39L"
"ZSCAN29",0.0000474,0.244,0.194,0.173,0.882,"ZSCAN29"
"ABCB7",0.0000475,0.133,0.341,0.32,0.883,"ABCB7"
"E2F8",0.0000476,-0.95,0.009,0.016,0.885,"E2F8"
"ENSG00000279283",0.0000479,0.363,0.097,0.08,0.892,"ENSG00000279283"
"M6PR",0.000048,0.178,0.36,0.342,0.894,"M6PR"
"PABIR1",0.0000481,0.208,0.247,0.226,0.895,"PABIR1"
"FOXM1",0.0000485,-0.477,0.052,0.066,0.902,"FOXM1"
"RPP25L",0.0000485,0.297,0.151,0.132,0.904,"RPP25L"
"C1orf35",0.000049,0.169,0.394,0.378,0.912,"C1orf35"
"GRIN1",0.0000491,-0.342,0.09,0.108,0.914,"GRIN1"
"COL5A1",0.0000494,-0.563,0.034,0.046,0.92,"COL5A1"
"COL15A1",0.0000503,-0.938,0.008,0.014,0.937,"COL15A1"
"SLC15A3",0.0000506,0.432,0.07,0.056,0.941,"SLC15A3"
"FZR1",0.0000506,0.178,0.23,0.209,0.942,"FZR1"
"TMEM134",0.0000508,0.2,0.212,0.191,0.945,"TMEM134"
"SFRP2",0.0000508,-0.682,0.026,0.036,0.946,"SFRP2"
"ZNF354C",0.000051,0.228,0.238,0.217,0.95,"ZNF354C"
"HELQ",0.0000512,0.205,0.237,0.216,0.953,"HELQ"
"TMEM38A",0.0000515,0.182,0.335,0.315,0.959,"TMEM38A"
"RCBTB1",0.0000516,0.193,0.282,0.26,0.961,"RCBTB1"
"ARL5B",0.0000517,0.117,0.367,0.343,0.963,"ARL5B"
"SEMA4B",0.0000519,0.308,0.258,0.237,0.966,"SEMA4B"
"NOTCH2",0.000053,-0.396,0.09,0.108,0.986,"NOTCH2"
"C19orf18",0.000053,0.408,0.101,0.084,0.987,"C19orf18"
"FHL3",0.000053,0.263,0.151,0.132,0.987,"FHL3"
"ABRAXAS2",0.0000531,0.133,0.33,0.307,0.988,"ABRAXAS2"
"CHST8",0.0000534,0.342,0.203,0.183,0.994,"CHST8"
"UBR7",0.0000535,0.167,0.301,0.282,0.995,"UBR7"
"ALG6",0.0000536,0.2,0.271,0.25,0.998,"ALG6"
"B3GNT5",0.0000543,0.2,0.282,0.26,1,"B3GNT5"
"PRR4",0.0000546,0.372,0.105,0.088,1,"PRR4"
"KYAT1",0.000055,0.148,0.297,0.275,1,"KYAT1"
"ASCL2",0.000055,-0.661,0.017,0.026,1,"ASCL2"
"RRS1",0.0000553,0.43,0.113,0.097,1,"RRS1"
"SLC7A11",0.0000556,-0.751,0.027,0.037,1,"SLC7A11"
"ERI2",0.0000557,0.191,0.277,0.257,1,"ERI2"
"NCDN",0.0000568,0.205,0.204,0.183,1,"NCDN"
"C12orf40",0.0000568,-0.606,0.025,0.035,1,"C12orf40"
"CRTAP",0.0000569,0.19,0.232,0.211,1,"CRTAP"
"GCAT",0.000057,0.287,0.184,0.165,1,"GCAT"
"SIRT7",0.0000572,0.19,0.237,0.215,1,"SIRT7"
"TMOD1",0.0000574,0.313,0.076,0.061,1,"TMOD1"
"SNTB2",0.0000575,0.137,0.328,0.307,1,"SNTB2"
"CSTF1",0.0000576,0.245,0.195,0.176,1,"CSTF1"
"ELL",0.0000578,0.297,0.141,0.123,1,"ELL"
"KCNAB2",0.0000579,0.262,0.194,0.173,1,"KCNAB2"
"XNDC1N",0.000058,0.178,0.25,0.227,1,"XNDC1N"
"DNAAF4",0.0000581,-0.297,0.191,0.215,1,"DNAAF4"
"SLC24A4",0.0000582,0.338,0.038,0.028,1,"SLC24A4"
"ZFR2",0.0000587,0.169,0.287,0.265,1,"ZFR2"
"H2BC18",0.0000589,0.281,0.138,0.12,1,"H2BC18"
"PTPN3",0.0000591,-0.591,0.023,0.034,1,"PTPN3"
"L3MBTL2",0.0000593,0.224,0.201,0.179,1,"L3MBTL2"
"TRIM66",0.0000596,0.244,0.14,0.121,1,"TRIM66"
"BORA",0.0000598,-0.672,0.054,0.069,1,"BORA"
"SAV1",6e-05,0.127,0.281,0.258,1,"SAV1"
"GDF9",0.0000601,0.369,0.095,0.079,1,"GDF9"
"STK35",0.0000606,0.165,0.28,0.258,1,"STK35"
"PIM2",0.0000611,0.39,0.087,0.071,1,"PIM2"
"CDC42EP4",0.0000615,0.212,0.293,0.273,1,"CDC42EP4"
"CRELD2",0.0000619,0.154,0.28,0.258,1,"CRELD2"
"SOX6",0.0000621,-0.615,0.143,0.163,1,"SOX6"
"ENSG00000280186",0.0000623,0.56,0.04,0.029,1,"ENSG00000280186"
"ENSG00000279555",0.0000627,0.407,0.053,0.04,1,"ENSG00000279555"
"TC2N",0.0000629,-0.689,0.021,0.03,1,"TC2N"
"BEND6",0.0000633,-0.311,0.041,0.054,1,"BEND6"
"CAAP1",0.0000634,0.163,0.351,0.331,1,"CAAP1"
"KIF24",0.0000637,-0.618,0.048,0.062,1,"KIF24"
"SYNGR1",0.0000653,0.164,0.294,0.271,1,"SYNGR1"
"KIF18A",0.0000654,-1.097,0.029,0.039,1,"KIF18A"
"TPCN1",0.0000654,-0.356,0.07,0.086,1,"TPCN1"
"GNS",0.0000655,0.165,0.313,0.292,1,"GNS"
"TM2D1",0.0000655,0.105,0.471,0.455,1,"TM2D1"
"DRD3",0.0000656,-0.67,0.011,0.018,1,"DRD3"
"EPS8",0.0000659,0.143,0.517,0.498,1,"EPS8"
"UAP1L1",0.0000661,-0.733,0.005,0.01,1,"UAP1L1"
"BOLA2B",0.0000661,0.454,0.052,0.04,1,"BOLA2B"
"TACC3",0.0000673,-0.55,0.056,0.071,1,"TACC3"
"CCDC150",0.0000679,-0.427,0.06,0.076,1,"CCDC150"
"FAM43B",0.0000681,-0.833,0.008,0.014,1,"FAM43B"
"KIZ",0.0000685,0.15,0.333,0.31,1,"KIZ"
"ZNF354B",0.0000686,0.248,0.22,0.2,1,"ZNF354B"
"ZNF585A",0.0000687,0.174,0.332,0.312,1,"ZNF585A"
"PIMREG",0.0000691,-0.494,0.035,0.047,1,"PIMREG"
"C18orf25",0.0000692,0.108,0.414,0.395,1,"C18orf25"
"ENSG00000280367",0.0000692,-0.851,0.01,0.016,1,"ENSG00000280367"
"CENPN",0.0000692,-0.382,0.05,0.064,1,"CENPN"
"SLC39A8",0.0000697,-0.304,0.075,0.092,1,"SLC39A8"
"KIAA1522",0.0000701,0.232,0.159,0.139,1,"KIAA1522"
"CLU",0.0000707,-0.504,0.166,0.188,1,"CLU"
"FAM8A1",0.0000707,0.217,0.278,0.258,1,"FAM8A1"
"FBXO30",0.0000712,0.21,0.236,0.216,1,"FBXO30"
"FAHD2A",0.0000715,0.201,0.305,0.284,1,"FAHD2A"
"TMEM101",0.0000717,0.315,0.171,0.152,1,"TMEM101"
"CACNG1",0.0000724,0.595,0.044,0.032,1,"CACNG1"
"KIF11",0.0000726,-0.67,0.08,0.096,1,"KIF11"
"HEY2",0.0000728,-1.164,0.008,0.014,1,"HEY2"
"GADD45B",0.0000728,0.218,0.145,0.127,1,"GADD45B"
"ENSG00000276256",0.0000732,0.1,0.425,0.407,1,"ENSG00000276256"
"RABGGTA",0.0000734,0.304,0.123,0.106,1,"RABGGTA"
"MT-TQ",0.0000734,0.671,0.031,0.021,1,"MT-TQ"
"C17orf100",0.0000739,0.256,0.174,0.154,1,"C17orf100"
"SLC10A1",0.0000743,0.132,0.208,0.185,1,"SLC10A1"
"NATD1",0.0000747,0.401,0.087,0.072,1,"NATD1"
"AMPD3",0.0000747,-1.107,0.01,0.017,1,"AMPD3"
"DDX58",0.000075,0.166,0.221,0.2,1,"DDX58"
"TSPAN17",0.000075,0.262,0.22,0.201,1,"TSPAN17"
"ASPSCR1",0.0000752,0.191,0.246,0.226,1,"ASPSCR1"
"ERICH3",0.0000753,-0.875,0.01,0.017,1,"ERICH3"
"RPUSD1",0.0000756,0.271,0.15,0.132,1,"RPUSD1"
"CACNA1G",0.0000762,-0.278,0.102,0.12,1,"CACNA1G"
"LAT2",0.0000762,0.15,0.165,0.145,1,"LAT2"
"HSPB11",0.0000763,0.101,0.402,0.377,1,"HSPB11"
"VSNL1",0.0000766,-0.457,0.066,0.081,1,"VSNL1"
"NBPF20",0.0000768,0.229,0.194,0.174,1,"NBPF20"
"WDR55",0.0000769,0.287,0.143,0.124,1,"WDR55"
"TOE1",0.0000773,0.409,0.111,0.094,1,"TOE1"
"WSCD1",0.0000776,-0.488,0.088,0.106,1,"WSCD1"
"ZNF546",0.0000776,0.186,0.305,0.284,1,"ZNF546"
"THOP1",0.0000778,0.266,0.166,0.147,1,"THOP1"
"ADAMTS16",0.000078,-0.931,0.03,0.04,1,"ADAMTS16"
"ING5",0.0000787,0.148,0.287,0.265,1,"ING5"
"ZNF681",0.0000794,0.119,0.321,0.298,1,"ZNF681"
"USF1",0.0000795,0.184,0.21,0.189,1,"USF1"
"PELI3",0.0000797,0.296,0.114,0.097,1,"PELI3"
"DOT1L",0.0000799,0.128,0.304,0.281,1,"DOT1L"
"SESN2",8e-05,0.25,0.162,0.142,1,"SESN2"
"INTS7",0.0000801,0.11,0.461,0.444,1,"INTS7"
"RHBDD3",0.0000801,0.173,0.261,0.239,1,"RHBDD3"
"GIPR",0.0000806,0.134,0.079,0.064,1,"GIPR"
"INTS5",0.000081,0.354,0.121,0.104,1,"INTS5"
"MT-TH",0.0000813,0.762,0.02,0.012,1,"MT-TH"
"VSIG10L",0.0000814,0.324,0.11,0.093,1,"VSIG10L"
"GRM8",0.0000829,-0.488,0.02,0.03,1,"GRM8"
"MCUB",0.0000832,-0.389,0.1,0.119,1,"MCUB"
"SEC24C",0.0000835,0.141,0.268,0.245,1,"SEC24C"
"GORASP1",0.0000837,0.22,0.168,0.148,1,"GORASP1"
"SLC26A11",0.0000838,-0.513,0.028,0.038,1,"SLC26A11"
"REL",0.0000855,0.143,0.355,0.334,1,"REL"
"PAXIP1",0.0000855,0.115,0.317,0.295,1,"PAXIP1"
"SEL1L",0.0000857,0.103,0.467,0.447,1,"SEL1L"
"TIMM10B",0.000086,0.147,0.234,0.212,1,"TIMM10B"
"MYLIP",0.0000862,-0.275,0.127,0.148,1,"MYLIP"
"SPEF2",0.0000863,-0.356,0.077,0.094,1,"SPEF2"
"ENSG00000270299",0.0000865,0.552,0.052,0.04,1,"ENSG00000270299"
"PPP1R3C",0.0000869,-0.717,0.017,0.026,1,"PPP1R3C"
"ZNF587",0.0000876,0.198,0.215,0.195,1,"ZNF587"
"ALDH6A1",0.0000892,0.298,0.146,0.127,1,"ALDH6A1"
"ABTB2",0.0000899,0.143,0.126,0.108,1,"ABTB2"
"GATB",9e-05,0.192,0.22,0.199,1,"GATB"
"SP110",0.0000909,-0.711,0.014,0.022,1,"SP110"
"CXCL12",0.0000917,0.147,0.255,0.231,1,"CXCL12"
"TRIM71",0.0000918,-0.432,0.046,0.059,1,"TRIM71"
"POGLUT2",0.0000923,0.333,0.131,0.113,1,"POGLUT2"
"EPAS1",0.0000925,-0.778,0.013,0.021,1,"EPAS1"
"RALB",0.0000928,0.225,0.216,0.196,1,"RALB"
"GRID2",0.0000941,-0.389,0.12,0.14,1,"GRID2"
"CPT2",0.0000941,0.291,0.125,0.107,1,"CPT2"
"STK32C",0.0000942,0.171,0.275,0.253,1,"STK32C"
"LRRC27",0.0000945,0.168,0.318,0.3,1,"LRRC27"
"CA8",0.000095,-1.028,0.005,0.01,1,"CA8"
"NFS1",0.0000953,0.242,0.198,0.179,1,"NFS1"
"DKKL1",0.0000956,0.342,0.129,0.112,1,"DKKL1"
"TIGD2",0.0000961,0.413,0.064,0.051,1,"TIGD2"
"OR8A1",0.0000963,1.602,0.011,0.006,1,"OR8A1"
"ING3",0.0000967,0.233,0.275,0.255,1,"ING3"
"TMEM240",0.0000968,0.239,0.228,0.209,1,"TMEM240"
"BORCS6",0.000097,0.238,0.142,0.123,1,"BORCS6"
"B3GNT4",0.0000973,-0.583,0.019,0.027,1,"B3GNT4"
"ENPP3",0.0000979,-1.042,0.006,0.012,1,"ENPP3"
"KANSL3",0.0000981,0.125,0.335,0.313,1,"KANSL3"
"ATG2A",0.0000981,0.265,0.129,0.111,1,"ATG2A"
"NDFIP2",0.0000984,0.139,0.319,0.298,1,"NDFIP2"
"PHLDB1",0.0000985,0.131,0.318,0.297,1,"PHLDB1"
"INO80C",0.000099,0.23,0.24,0.22,1,"INO80C"
"FBXO44",0.000099,0.163,0.249,0.229,1,"FBXO44"
"DHFR2",0.0000993,0.206,0.185,0.212,1,"DHFR2"
"RASSF4",0.0000993,0.22,0.176,0.156,1,"RASSF4"
"PGM2",0.0000995,0.238,0.132,0.114,1,"PGM2"
"PANK4",0.0001,0.286,0.126,0.108,1,"PANK4"
"EXOSC10",0.0001,0.142,0.346,0.324,1,"EXOSC10"
"ORC6",0.000101,-0.234,0.156,0.179,1,"ORC6"
"TRIP10",0.000102,0.459,0.064,0.05,1,"TRIP10"
"KCNQ5",0.000103,-0.26,0.457,0.489,1,"KCNQ5"
"BAIAP3",0.000103,-0.554,0.016,0.024,1,"BAIAP3"
"PODXL",0.000104,0.291,0.139,0.121,1,"PODXL"
"PIGBOS1",0.000104,0.24,0.163,0.145,1,"PIGBOS1"
"GCN1",0.000104,0.18,0.3,0.28,1,"GCN1"
"TACR1",0.000104,-0.814,0.048,0.061,1,"TACR1"
"SOX21",0.000106,-0.521,0.037,0.048,1,"SOX21"
"POLL",0.000106,0.198,0.215,0.196,1,"POLL"
"FCRLB",0.000106,-0.869,0.015,0.023,1,"FCRLB"
"ILVBL",0.000107,0.235,0.2,0.18,1,"ILVBL"
"TMEM53",0.000107,0.247,0.164,0.144,1,"TMEM53"
"MIIP",0.000107,0.193,0.243,0.224,1,"MIIP"
"RNF141",0.000107,0.172,0.267,0.247,1,"RNF141"
"NAPA",0.000108,0.172,0.198,0.176,1,"NAPA"
"NEK3",0.000108,0.191,0.207,0.187,1,"NEK3"
"SAMD3",0.000108,-0.676,0.033,0.044,1,"SAMD3"
"OCRL",0.000109,0.257,0.229,0.21,1,"OCRL"
"ZNF594",0.000109,0.155,0.281,0.26,1,"ZNF594"
"HLA-F",0.000109,-0.921,0.007,0.013,1,"HLA-F"
"OMD",0.00011,-0.391,0.04,0.053,1,"OMD"
"CYB561A3",0.000111,0.271,0.17,0.151,1,"CYB561A3"
"IGSF21",0.000111,0.364,0.164,0.146,1,"IGSF21"
"NIP7",0.000111,0.231,0.206,0.187,1,"NIP7"
"ITM2C",0.000111,0.171,0.265,0.246,1,"ITM2C"
"SLC12A3",0.000112,0.749,0.027,0.019,1,"SLC12A3"
"C5orf63",0.000112,0.815,0.014,0.008,1,"C5orf63"
"FAM98C",0.000112,0.226,0.166,0.146,1,"FAM98C"
"TRMT1",0.000112,0.266,0.165,0.147,1,"TRMT1"
"ENSG00000279207",0.000113,0.217,0.166,0.146,1,"ENSG00000279207"
"SAT1",0.000113,0.144,0.212,0.191,1,"SAT1"
"ZNF688",0.000114,0.229,0.207,0.188,1,"ZNF688"
"AMPH",0.000115,0.309,0.137,0.119,1,"AMPH"
"PSTK",0.000115,0.185,0.337,0.32,1,"PSTK"
"SPATA2L",0.000116,0.2,0.145,0.126,1,"SPATA2L"
"CPSF1",0.000116,0.176,0.215,0.194,1,"CPSF1"
"SLC26A8",0.000116,-0.512,0.007,0.012,1,"SLC26A8"
"ZNF772",0.000116,0.337,0.114,0.097,1,"ZNF772"
"TANGO2",0.000116,0.234,0.18,0.159,1,"TANGO2"
"RCN3",0.000117,0.382,0.044,0.033,1,"RCN3"
"ZNF585B",0.000117,0.198,0.224,0.203,1,"ZNF585B"
"ENSG00000279476",0.000118,0.355,0.061,0.048,1,"ENSG00000279476"
"DBF4B",0.000118,-0.466,0.061,0.075,1,"DBF4B"
"LINS1",0.000119,0.14,0.341,0.322,1,"LINS1"
"LIG4",0.000119,0.205,0.221,0.201,1,"LIG4"
"FDX1",0.000119,0.135,0.351,0.334,1,"FDX1"
"HLF",0.000119,-0.469,0.018,0.026,1,"HLF"
"ITPKC",0.000119,0.243,0.168,0.15,1,"ITPKC"
"DPH6",0.00012,-0.142,0.144,0.166,1,"DPH6"
"ZNF547",0.00012,0.235,0.162,0.143,1,"ZNF547"
"KCTD16",0.00012,-0.233,0.07,0.086,1,"KCTD16"
"NCAPG",0.000121,-0.574,0.08,0.096,1,"NCAPG"
"MCM6",0.000121,-0.247,0.125,0.146,1,"MCM6"
"MFN2",0.000121,0.174,0.248,0.228,1,"MFN2"
"ABHD15",0.000121,0.528,0.038,0.028,1,"ABHD15"
"RCVRN",0.000122,-0.868,0.007,0.012,1,"RCVRN"
"MIER3",0.000122,0.202,0.193,0.174,1,"MIER3"
"POMZP3",0.000123,0.303,0.133,0.116,1,"POMZP3"
"ERICH2",0.000123,-0.618,0.015,0.023,1,"ERICH2"
"TMX1",0.000124,0.138,0.351,0.331,1,"TMX1"
"LYRM4",0.000124,0.143,0.396,0.376,1,"LYRM4"
"TRAPPC2",0.000125,0.154,0.317,0.297,1,"TRAPPC2"
"PLSCR1",0.000125,-0.834,0.008,0.014,1,"PLSCR1"
"TATDN2",0.000126,0.155,0.24,0.219,1,"TATDN2"
"LCT",0.000127,0.404,0.058,0.046,1,"LCT"
"EPHX3",0.000127,0.44,0.038,0.027,1,"EPHX3"
"TRIM14",0.000127,-0.397,0.043,0.056,1,"TRIM14"
"FBN2",0.000127,-0.479,0.021,0.03,1,"FBN2"
"PRKCE",0.000128,-0.161,0.835,0.81,1,"PRKCE"
"ADRA1B",0.000128,-1.12,0.007,0.013,1,"ADRA1B"
"TAF1C",0.000128,0.183,0.153,0.134,1,"TAF1C"
"CBR1",0.00013,0.278,0.181,0.163,1,"CBR1"
"IMPDH1",0.00013,-0.255,0.08,0.097,1,"IMPDH1"
"PCSK5",0.00013,-0.838,0.083,0.099,1,"PCSK5"
"ACOT6",0.000131,-1.132,0.006,0.011,1,"ACOT6"
"CPAMD8",0.000131,-0.607,0.017,0.025,1,"CPAMD8"
"ASL",0.000131,0.262,0.136,0.119,1,"ASL"
"TUSC1",0.000133,0.241,0.185,0.166,1,"TUSC1"
"ACSF3",0.000133,0.263,0.186,0.166,1,"ACSF3"
"PIK3R2",0.000134,0.358,0.11,0.094,1,"PIK3R2"
"C4orf45",0.000134,0.222,0.215,0.193,1,"C4orf45"
"ZNF16",0.000135,0.266,0.194,0.175,1,"ZNF16"
"ENSG00000255439",0.000136,-0.427,0.038,0.05,1,"ENSG00000255439"
"PHKA1",0.000136,-0.553,0.017,0.026,1,"PHKA1"
"CHUK",0.000137,0.132,0.355,0.335,1,"CHUK"
"CNPY4",0.000137,0.224,0.182,0.163,1,"CNPY4"
"TAF13",0.000138,0.185,0.222,0.202,1,"TAF13"
"TARS3",0.000139,0.155,0.314,0.294,1,"TARS3"
"LMF1",0.000139,0.13,0.394,0.375,1,"LMF1"
"PPEF1",0.00014,-0.667,0.027,0.037,1,"PPEF1"
"KDELR3",0.00014,0.186,0.183,0.165,1,"KDELR3"
"IFT88",0.00014,0.11,0.407,0.389,1,"IFT88"
"PRRG1",0.000141,-0.436,0.114,0.132,1,"PRRG1"
"HOMEZ",0.000141,0.184,0.175,0.155,1,"HOMEZ"
"SMC1B",0.000142,0.143,0.194,0.173,1,"SMC1B"
"SLC12A8",0.000142,0.32,0.082,0.068,1,"SLC12A8"
"C3orf14",0.000142,0.321,0.238,0.219,1,"C3orf14"
"CDH22",0.000143,-0.866,0.009,0.016,1,"CDH22"
"CCDC134",0.000143,0.206,0.171,0.153,1,"CCDC134"
"LPAR1",0.000144,-0.915,0.016,0.024,1,"LPAR1"
"C16orf74",0.000145,0.253,0.094,0.078,1,"C16orf74"
"OXLD1",0.000145,0.23,0.214,0.196,1,"OXLD1"
"SLC24A1",0.000146,0.219,0.107,0.09,1,"SLC24A1"
"SLC37A1",0.000147,0.119,0.328,0.309,1,"SLC37A1"
"EPHX1",0.000147,0.21,0.168,0.15,1,"EPHX1"
"MICALL1",0.000148,0.246,0.177,0.158,1,"MICALL1"
"PGM1",0.000148,-0.267,0.118,0.137,1,"PGM1"
"RIOX2",0.000149,-0.435,0.026,0.036,1,"RIOX2"
"NLGN3",0.000149,0.148,0.29,0.27,1,"NLGN3"
"MBTPS2",0.00015,0.117,0.264,0.243,1,"MBTPS2"
"PTPRQ",0.00015,-1.213,0.011,0.018,1,"PTPRQ"
"PRKAB2",0.000151,0.177,0.326,0.307,1,"PRKAB2"
"RAVER1",0.000152,0.21,0.167,0.148,1,"RAVER1"
"C4orf50",0.000153,-0.422,0.041,0.053,1,"C4orf50"
"ZNF234",0.000153,0.227,0.204,0.185,1,"ZNF234"
"PEX1",0.000154,0.12,0.404,0.383,1,"PEX1"
"IL17RA",0.000154,0.231,0.122,0.105,1,"IL17RA"
"DOC2B",0.000155,-0.334,0.051,0.064,1,"DOC2B"
"RSPH9",0.000155,0.239,0.113,0.096,1,"RSPH9"
"ENSG00000283886",0.000155,0.306,0.119,0.103,1,"ENSG00000283886"
"TRIM7",0.000155,-1.551,0.005,0.01,1,"TRIM7"
"LTA4H",0.000156,0.171,0.303,0.284,1,"LTA4H"
"FKBP10",0.000156,-0.471,0.073,0.089,1,"FKBP10"
"ATG10",0.000157,0.101,0.417,0.4,1,"ATG10"
"GGN",0.000158,0.579,0.031,0.022,1,"GGN"
"STC2",0.000158,-0.818,0.008,0.013,1,"STC2"
"JMJD6",0.000158,0.203,0.212,0.193,1,"JMJD6"
"RHOJ",0.000159,-0.415,0.03,0.04,1,"RHOJ"
"XYLB",0.000159,-0.371,0.074,0.089,1,"XYLB"
"TRMT5",0.00016,0.279,0.151,0.134,1,"TRMT5"
"RASGRP2",0.00016,-0.603,0.031,0.042,1,"RASGRP2"
"ZNF324",0.000161,0.178,0.201,0.181,1,"ZNF324"
"CPM",0.000161,0.352,0.072,0.058,1,"CPM"
"STK32B",0.000161,-0.533,0.043,0.056,1,"STK32B"
"ANXA6",0.000161,0.166,0.31,0.29,1,"ANXA6"
"PDXK",0.000162,0.148,0.405,0.39,1,"PDXK"
"RASIP1",0.000162,-0.457,0.027,0.037,1,"RASIP1"
"ZNF385A",0.000162,0.351,0.092,0.077,1,"ZNF385A"
"RAI14",0.000163,-0.241,0.496,0.525,1,"RAI14"
"TDRD7",0.000163,0.302,0.154,0.137,1,"TDRD7"
"SMTN",0.000163,0.269,0.094,0.079,1,"SMTN"
"ZNF528",0.000164,0.276,0.141,0.124,1,"ZNF528"
"NME5",0.000164,-0.246,0.065,0.08,1,"NME5"
"TATDN3",0.000164,0.122,0.394,0.374,1,"TATDN3"
"TMEM60",0.000165,0.136,0.292,0.271,1,"TMEM60"
"TYRO3",0.000165,-0.362,0.071,0.086,1,"TYRO3"
"EXOC3",0.000166,0.169,0.274,0.254,1,"EXOC3"
"NLRC4",0.000166,0.301,0.081,0.066,1,"NLRC4"
"TRIB3",0.000166,0.219,0.174,0.155,1,"TRIB3"
"S100PBP",0.000167,-0.226,0.223,0.246,1,"S100PBP"
"CFTR",0.000167,-0.374,0.115,0.134,1,"CFTR"
"FBXL12",0.000168,0.219,0.222,0.204,1,"FBXL12"
"NUFIP1",0.000169,0.153,0.271,0.25,1,"NUFIP1"
"PLXNA1",0.000169,-0.269,0.282,0.307,1,"PLXNA1"
"ZDHHC7",0.00017,0.197,0.226,0.208,1,"ZDHHC7"
"UNC45A",0.00017,0.183,0.304,0.285,1,"UNC45A"
"ZSCAN22",0.000171,0.323,0.067,0.054,1,"ZSCAN22"
"C2orf73",0.000171,-0.789,0.006,0.011,1,"C2orf73"
"UPF1",0.000172,0.193,0.262,0.242,1,"UPF1"
"NR2C1",0.000173,0.153,0.331,0.309,1,"NR2C1"
"ADGRB2",0.000173,0.123,0.381,0.363,1,"ADGRB2"
"SERPINH1",0.000173,-0.675,0.02,0.029,1,"SERPINH1"
"USP50",0.000173,0.354,0.085,0.071,1,"USP50"
"ADCY8",0.000174,-0.766,0.006,0.011,1,"ADCY8"
"EMP2",0.000175,-0.508,0.033,0.044,1,"EMP2"
"KTI12",0.000177,0.328,0.1,0.085,1,"KTI12"
"SYT2",0.000178,0.175,0.196,0.176,1,"SYT2"
"PRDM10",0.000178,0.118,0.403,0.384,1,"PRDM10"
"COQ10B",0.000179,0.163,0.249,0.229,1,"COQ10B"
"ST3GAL4",0.000179,0.141,0.303,0.282,1,"ST3GAL4"
"FBXL6",0.00018,0.208,0.14,0.121,1,"FBXL6"
"MRI1",0.000181,0.254,0.12,0.103,1,"MRI1"
"DFFB",0.000182,0.248,0.182,0.164,1,"DFFB"
"PEX26",0.000182,0.141,0.356,0.339,1,"PEX26"
"DNAJC12",0.000182,0.186,0.229,0.208,1,"DNAJC12"
"PLCB3",0.000183,0.335,0.109,0.093,1,"PLCB3"
"DEPTOR",0.000184,-0.44,0.043,0.055,1,"DEPTOR"
"PLK2",0.000184,-0.345,0.291,0.316,1,"PLK2"
"FAM114A2",0.000184,0.221,0.205,0.186,1,"FAM114A2"
"EFCAB6",0.000185,-0.315,0.102,0.12,1,"EFCAB6"
"TSHZ2",0.000185,-0.386,0.092,0.109,1,"TSHZ2"
"PRXL2A",0.000185,0.118,0.556,0.545,1,"PRXL2A"
"ARHGAP12",0.000185,0.104,0.299,0.276,1,"ARHGAP12"
"EMID1",0.000186,-0.218,0.208,0.232,1,"EMID1"
"EDEM2",0.000186,0.233,0.166,0.149,1,"EDEM2"
"PLA2G4C",0.000187,-0.343,0.041,0.053,1,"PLA2G4C"
"MGAT2",0.000187,0.197,0.22,0.201,1,"MGAT2"
"POLG",0.000187,0.187,0.227,0.207,1,"POLG"
"SNAPC1",0.000188,0.123,0.299,0.278,1,"SNAPC1"
"NHLRC2",0.000189,0.1,0.46,0.441,1,"NHLRC2"
"ZCCHC12",0.000189,0.235,0.201,0.182,1,"ZCCHC12"
"DHDDS",0.00019,0.114,0.273,0.252,1,"DHDDS"
"CPEB1",0.000192,-0.401,0.052,0.065,1,"CPEB1"
"AMFR",0.000193,0.122,0.319,0.299,1,"AMFR"
"TMEM179B",0.000194,0.149,0.3,0.282,1,"TMEM179B"
"LINGO3",0.000194,-1.206,0.025,0.034,1,"LINGO3"
"C11orf54",0.000195,0.117,0.382,0.364,1,"C11orf54"
"MED25",0.000197,0.167,0.292,0.274,1,"MED25"
"EDA2R",0.000197,0.344,0.024,0.016,1,"EDA2R"
"LRFN1",0.000198,0.149,0.195,0.175,1,"LRFN1"
"MRTO4",0.000198,0.205,0.307,0.29,1,"MRTO4"
"SOCS5",0.000199,0.18,0.319,0.299,1,"SOCS5"
"ZBTB24",0.0002,0.182,0.184,0.164,1,"ZBTB24"
"GOLGA3",0.0002,0.108,0.392,0.368,1,"GOLGA3"
"ZNF142",0.000201,0.217,0.209,0.19,1,"ZNF142"
"AVEN",0.000201,0.189,0.249,0.229,1,"AVEN"
"AGRN",0.000201,0.129,0.265,0.244,1,"AGRN"
"ZNF486",0.000202,0.258,0.159,0.142,1,"ZNF486"
"TNIK",0.000203,0.111,0.704,0.704,1,"TNIK"
"LRRC17",0.000204,-0.257,0.094,0.111,1,"LRRC17"
"RMDN3",0.000204,0.147,0.284,0.264,1,"RMDN3"
"NOTCH3",0.000204,-0.301,0.051,0.064,1,"NOTCH3"
"CCDC22",0.000205,0.343,0.121,0.105,1,"CCDC22"
"PYGM",0.000206,0.35,0.058,0.046,1,"PYGM"
"RPP30",0.000209,0.132,0.412,0.395,1,"RPP30"
"PPAN",0.000209,0.221,0.146,0.129,1,"PPAN"
"FAM102A",0.000209,0.155,0.128,0.111,1,"FAM102A"
"NPTX1",0.000211,0.208,0.32,0.3,1,"NPTX1"
"HK3",0.000212,0.334,0.089,0.074,1,"HK3"
"KIF9",0.000212,0.225,0.138,0.121,1,"KIF9"
"ETV2",0.000212,0.481,0.058,0.046,1,"ETV2"
"TTYH1",0.000212,-0.326,0.483,0.453,1,"TTYH1"
"ZNF852",0.000213,0.215,0.184,0.165,1,"ZNF852"
"MICA",0.000214,-0.53,0.018,0.026,1,"MICA"
"IPPK",0.000215,0.108,0.219,0.198,1,"IPPK"
"ARSH",0.000216,1.018,0.013,0.007,1,"ARSH"
"NTNG2",0.000216,-0.207,0.212,0.238,1,"NTNG2"
"ZFYVE28",0.000216,0.282,0.115,0.099,1,"ZFYVE28"
"EZH1",0.000217,0.108,0.386,0.367,1,"EZH1"
"HEXA",0.000218,0.155,0.349,0.33,1,"HEXA"
"RRM2B",0.000218,0.163,0.224,0.204,1,"RRM2B"
"ABCC4",0.000219,-0.338,0.089,0.106,1,"ABCC4"
"DPAGT1",0.00022,0.268,0.133,0.116,1,"DPAGT1"
"SIDT2",0.000221,0.234,0.104,0.088,1,"SIDT2"
"YIPF2",0.000221,0.211,0.222,0.203,1,"YIPF2"
"PLCD4",0.000222,0.287,0.104,0.088,1,"PLCD4"
"ZEB2",0.000223,-0.152,0.835,0.814,1,"ZEB2"
"SHLD1",0.000223,0.223,0.238,0.219,1,"SHLD1"
"CYP7B1",0.000224,0.135,0.15,0.132,1,"CYP7B1"
"CNTNAP3B",0.000225,-0.441,0.081,0.097,1,"CNTNAP3B"
"ARNT",0.000226,0.132,0.389,0.368,1,"ARNT"
"PTPRB",0.000226,-0.362,0.029,0.04,1,"PTPRB"
"SLC35E4",0.000226,0.122,0.229,0.209,1,"SLC35E4"
"DRD4",0.000226,-0.465,0.018,0.026,1,"DRD4"
"TMEM200A",0.000227,-0.482,0.037,0.048,1,"TMEM200A"
"SLC16A3",0.000227,-0.378,0.054,0.067,1,"SLC16A3"
"SLCO4C1",0.000229,0.492,0.065,0.052,1,"SLCO4C1"
"C12orf29",0.000229,0.168,0.198,0.179,1,"C12orf29"
"HESX1",0.000231,-0.394,0.029,0.039,1,"HESX1"
"PRMT7",0.000232,0.109,0.338,0.318,1,"PRMT7"
"PRDM11",0.000234,0.158,0.182,0.163,1,"PRDM11"
"ENSG00000280088",0.000237,0.29,0.099,0.084,1,"ENSG00000280088"
"SEH1L",0.000238,0.182,0.281,0.262,1,"SEH1L"
"DTWD2",0.000238,-0.154,0.084,0.101,1,"DTWD2"
"RRBP1",0.000239,-0.23,0.09,0.107,1,"RRBP1"
"SV2B",0.000239,-0.754,0.02,0.028,1,"SV2B"
"GPN2",0.000241,0.191,0.178,0.159,1,"GPN2"
"CTC1",0.000241,-1.138,0.13,0.151,1,"CTC1"
"ENSG00000279099",0.000241,0.453,0.037,0.027,1,"ENSG00000279099"
"ZNF483",0.000243,-0.231,0.185,0.209,1,"ZNF483"
"KLHDC1",0.000244,-0.229,0.132,0.152,1,"KLHDC1"
"GFOD1",0.000246,0.104,0.49,0.474,1,"GFOD1"
"ROPN1L",0.000246,0.153,0.165,0.147,1,"ROPN1L"
"TEX22",0.000246,0.118,0.255,0.234,1,"TEX22"
"DGKZ",0.00025,0.155,0.252,0.232,1,"DGKZ"
"CENPF",0.00025,-0.662,0.14,0.158,1,"CENPF"
"DOK3",0.000251,0.373,0.095,0.08,1,"DOK3"
"NCEH1",0.000251,-0.431,0.028,0.038,1,"NCEH1"
"LRRC4",0.000251,0.165,0.246,0.227,1,"LRRC4"
"PCDHGA5",0.000252,0.778,0.016,0.009,1,"PCDHGA5"
"TOX",0.000252,-0.115,0.127,0.147,1,"TOX"
"DERA",0.000252,-0.188,0.382,0.414,1,"DERA"
"USP2",0.000252,-0.376,0.052,0.065,1,"USP2"
"CRISPLD1",0.000253,0.208,0.225,0.206,1,"CRISPLD1"
"SLC16A9",0.000253,-0.294,0.13,0.149,1,"SLC16A9"
"GABRA5",0.000254,-0.523,0.021,0.029,1,"GABRA5"
"ZNF576",0.000254,0.257,0.147,0.13,1,"ZNF576"
"ENTPD7",0.000256,0.162,0.167,0.148,1,"ENTPD7"
"RCBTB2",0.000262,0.165,0.278,0.26,1,"RCBTB2"
"ENSG00000279233",0.000264,0.402,0.083,0.069,1,"ENSG00000279233"
"CCDC32",0.000265,0.109,0.426,0.407,1,"CCDC32"
"LPAR4",0.000267,0.401,0.087,0.073,1,"LPAR4"
"CEP41",0.000268,0.181,0.255,0.235,1,"CEP41"
"MED31",0.000269,0.186,0.36,0.346,1,"MED31"
"ATP1A1",0.00027,0.126,0.415,0.399,1,"ATP1A1"
"SPATA2",0.00027,0.369,0.076,0.062,1,"SPATA2"
"P4HTM",0.000273,0.176,0.297,0.28,1,"P4HTM"
"YIPF7",0.000274,0.352,0.115,0.099,1,"YIPF7"
"ZNF592",0.000274,0.121,0.351,0.333,1,"ZNF592"
"CHRNE",0.000274,0.269,0.134,0.117,1,"CHRNE"
"ZNF425",0.000274,0.183,0.253,0.234,1,"ZNF425"
"CCDC71L",0.000275,0.102,0.436,0.418,1,"CCDC71L"
"ENSG00000279453",0.000276,0.339,0.136,0.119,1,"ENSG00000279453"
"DUSP5",0.000277,-0.38,0.017,0.024,1,"DUSP5"
"SUV39H2",0.000278,0.157,0.267,0.248,1,"SUV39H2"
"RACGAP1",0.000284,-0.522,0.114,0.132,1,"RACGAP1"
"PLBD1",0.000285,0.31,0.086,0.072,1,"PLBD1"
"COPS7B",0.000285,0.146,0.318,0.299,1,"COPS7B"
"GUSB",0.000286,0.108,0.32,0.301,1,"GUSB"
"ZDHHC18",0.000286,0.184,0.224,0.205,1,"ZDHHC18"
"ENSG00000259316",0.000286,-0.715,0.012,0.019,1,"ENSG00000259316"
"ENSG00000279198",0.000287,0.522,0.043,0.033,1,"ENSG00000279198"
"MXD3",0.000295,-0.667,0.042,0.054,1,"MXD3"
"SERTAD3",0.000297,0.305,0.129,0.113,1,"SERTAD3"
"TNFRSF21",0.000297,-0.79,0.272,0.254,1,"TNFRSF21"
"SYTL4",0.0003,0.253,0.12,0.104,1,"SYTL4"
"AMH",0.0003,0.21,0.173,0.154,1,"AMH"
"TPK1",0.000302,-0.213,0.133,0.152,1,"TPK1"
"SLC35C1",0.000303,0.311,0.116,0.101,1,"SLC35C1"
"SELENOM",0.000304,0.245,0.177,0.16,1,"SELENOM"
"MGAT4C",0.000305,-0.529,0.095,0.111,1,"MGAT4C"
"PLAAT1",0.000305,-0.327,0.075,0.09,1,"PLAAT1"
"ASIC1",0.000308,0.149,0.216,0.196,1,"ASIC1"
"ZIC5",0.000309,-0.632,0.017,0.025,1,"ZIC5"
"RHBDD1",0.000309,0.21,0.232,0.213,1,"RHBDD1"
"ZNF225",0.00031,0.324,0.099,0.084,1,"ZNF225"
"SCN3B",0.00031,-0.247,0.484,0.506,1,"SCN3B"
"TRIM65",0.00031,0.226,0.157,0.139,1,"TRIM65"
"RBM48",0.000311,0.231,0.198,0.18,1,"RBM48"
"ARHGEF17",0.000312,0.286,0.088,0.074,1,"ARHGEF17"
"DNASE2",0.000313,0.303,0.129,0.113,1,"DNASE2"
"KIF20B",0.000314,-0.478,0.162,0.183,1,"KIF20B"
"ZNF568",0.000314,0.235,0.144,0.127,1,"ZNF568"
"PCDHB10",0.000315,0.279,0.177,0.16,1,"PCDHB10"
"RGP1",0.000316,0.205,0.248,0.23,1,"RGP1"
"RBMS3",0.000316,-0.344,0.061,0.075,1,"RBMS3"
"FLCN",0.000316,0.183,0.213,0.193,1,"FLCN"
"MYBL1",0.000316,-0.414,0.024,0.033,1,"MYBL1"
"FIZ1",0.000319,0.277,0.128,0.112,1,"FIZ1"
"SNTA1",0.000319,0.193,0.159,0.14,1,"SNTA1"
"CC2D1B",0.000319,0.195,0.154,0.137,1,"CC2D1B"
"KSR2",0.00032,-0.206,0.274,0.301,1,"KSR2"
"GAS1",0.000321,-0.368,0.065,0.079,1,"GAS1"
"E2F1",0.000322,-0.348,0.031,0.041,1,"E2F1"
"EFNA5",0.00033,-0.659,0.025,0.034,1,"EFNA5"
"THUMPD2",0.00033,0.106,0.309,0.289,1,"THUMPD2"
"ENSG00000249773",0.000331,0.182,0.144,0.126,1,"ENSG00000249773"
"RBBP9",0.000333,0.27,0.151,0.135,1,"RBBP9"
"UACA",0.000336,-0.397,0.055,0.068,1,"UACA"
"MASP2",0.000337,0.372,0.058,0.046,1,"MASP2"
"PPM1M",0.000338,-0.7,0.01,0.016,1,"PPM1M"
"TRUB1",0.000339,0.193,0.269,0.251,1,"TRUB1"
"ADGRG2",0.000341,-0.428,0.041,0.053,1,"ADGRG2"
"RNF25",0.000342,0.244,0.157,0.141,1,"RNF25"
"TSPYL2",0.000343,0.147,0.237,0.217,1,"TSPYL2"
"ZNF273",0.000345,0.16,0.251,0.233,1,"ZNF273"
"OTOA",0.000345,0.285,0.104,0.089,1,"OTOA"
"CHRND",0.000345,0.643,0.015,0.009,1,"CHRND"
"KCNS3",0.000345,-0.933,0.009,0.014,1,"KCNS3"
"CA10",0.000347,-1.209,0.006,0.01,1,"CA10"
"FERMT2",0.000351,0.133,0.358,0.34,1,"FERMT2"
"C6orf58",0.000351,0.346,0.112,0.097,1,"C6orf58"
"CTSK",0.000352,0.365,0.086,0.072,1,"CTSK"
"ZFYVE26",0.000354,0.187,0.312,0.296,1,"ZFYVE26"
"HMMR",0.000355,-0.354,0.05,0.062,1,"HMMR"
"SLC25A53",0.000355,0.221,0.183,0.166,1,"SLC25A53"
"TIMM23",0.000356,0.118,0.38,0.363,1,"TIMM23"
"SLC35A1",0.000356,0.148,0.32,0.304,1,"SLC35A1"
"PPIL6",0.000356,0.116,0.375,0.358,1,"PPIL6"
"NHSL2",0.000357,0.292,0.053,0.042,1,"NHSL2"
"CMKLR2",0.00036,0.375,0.104,0.089,1,"CMKLR2"
"SH3GL2",0.000361,-0.308,0.617,0.632,1,"SH3GL2"
"QRSL1",0.000363,0.129,0.336,0.316,1,"QRSL1"
"ZGPAT",0.000365,0.192,0.233,0.216,1,"ZGPAT"
"LRRC2",0.000369,-0.835,0.008,0.013,1,"LRRC2"
"MRM2",0.000369,0.165,0.255,0.238,1,"MRM2"
"CMTR2",0.000371,0.167,0.24,0.222,1,"CMTR2"
"EDN2",0.000372,1.069,0.014,0.008,1,"EDN2"
"BAHD1",0.000373,0.208,0.21,0.192,1,"BAHD1"
"OSCP1",0.000373,0.179,0.152,0.135,1,"OSCP1"
"MT-TY",0.000377,0.964,0.012,0.007,1,"MT-TY"
"ZNF415",0.000377,0.279,0.165,0.148,1,"ZNF415"
"RTL10",0.000378,0.198,0.141,0.124,1,"RTL10"
"ZNF778",0.000381,0.17,0.261,0.242,1,"ZNF778"
"N4BP2L1",0.000383,0.268,0.11,0.095,1,"N4BP2L1"
"GRB14",0.000384,-0.638,0.041,0.052,1,"GRB14"
"DHRS4L2",0.000387,0.265,0.095,0.08,1,"DHRS4L2"
"ATAD3B",0.000389,0.206,0.122,0.106,1,"ATAD3B"
"CDH24",0.000391,0.213,0.192,0.174,1,"CDH24"
"RRN3",0.000392,0.124,0.383,0.368,1,"RRN3"
"KCNH2",0.000393,0.216,0.16,0.143,1,"KCNH2"
"BDNF",0.000394,-0.637,0.027,0.036,1,"BDNF"
"PROSER2",0.000394,-0.472,0.024,0.033,1,"PROSER2"
"PAPLN",0.000395,0.219,0.063,0.051,1,"PAPLN"
"GTPBP3",0.000395,0.108,0.266,0.247,1,"GTPBP3"
"HTRA1",0.000396,-0.191,0.017,0.024,1,"HTRA1"
"CCNB1",0.0004,-0.857,0.066,0.079,1,"CCNB1"
"RABGAP1L",0.000403,-0.108,0.843,0.826,1,"RABGAP1L"
"RAPGEF6",0.000404,-0.315,0.727,0.736,1,"RAPGEF6"
"MICAL1",0.000405,0.177,0.259,0.241,1,"MICAL1"
"RPRD1B",0.000406,0.123,0.358,0.342,1,"RPRD1B"
"CCDC85C",0.000406,0.135,0.228,0.21,1,"CCDC85C"
"GPR135",0.000408,0.132,0.339,0.319,1,"GPR135"
"DYRK4",0.000411,0.2,0.202,0.184,1,"DYRK4"
"KIF26A",0.000412,0.164,0.146,0.129,1,"KIF26A"
"OCLN",0.000412,0.107,0.233,0.213,1,"OCLN"
"MRPL24",0.000414,0.155,0.262,0.245,1,"MRPL24"
"ADCY1",0.000414,-0.198,0.232,0.256,1,"ADCY1"
"CCZ1B",0.000417,0.107,0.348,0.329,1,"CCZ1B"
"TP53",0.000418,0.183,0.252,0.235,1,"TP53"
"ACP2",0.000419,0.231,0.156,0.139,1,"ACP2"
"C1orf226",0.000421,0.417,0.043,0.033,1,"C1orf226"
"CRYL1",0.000424,0.188,0.16,0.143,1,"CRYL1"
"ZNF691",0.000425,0.241,0.112,0.097,1,"ZNF691"
"SAMD13",0.000426,0.149,0.205,0.186,1,"SAMD13"
"KCNA2",0.000427,-0.242,0.043,0.055,1,"KCNA2"
"HCFC2",0.000427,0.11,0.379,0.363,1,"HCFC2"
"TEN1",0.000428,0.443,0.069,0.057,1,"TEN1"
"CAMTA2",0.000429,0.168,0.258,0.241,1,"CAMTA2"
"ZNF211",0.00043,0.221,0.164,0.147,1,"ZNF211"
"LDHAL6A",0.000435,0.275,0.122,0.106,1,"LDHAL6A"
"ATF7IP2",0.000435,-0.216,0.096,0.113,1,"ATF7IP2"
"TBC1D10A",0.000436,0.242,0.17,0.153,1,"TBC1D10A"
"ATP13A1",0.000444,0.204,0.165,0.148,1,"ATP13A1"
"BRAT1",0.000444,0.137,0.244,0.225,1,"BRAT1"
"POLA1",0.000446,-0.3,0.232,0.254,1,"POLA1"
"JADE2",0.000448,-0.617,0.02,0.029,1,"JADE2"
"C1orf94",0.000449,-0.815,0.013,0.019,1,"C1orf94"
"ALDH1B1",0.00045,0.342,0.078,0.065,1,"ALDH1B1"
"ABI3BP",0.000453,-0.478,0.106,0.122,1,"ABI3BP"
"TRIP13",0.000456,-0.421,0.028,0.038,1,"TRIP13"
"AXIN1",0.000459,0.175,0.234,0.215,1,"AXIN1"
"PCDH1",0.000459,-0.26,0.059,0.073,1,"PCDH1"
"NRCAM",0.000462,-0.233,0.743,0.754,1,"NRCAM"
"MMD2",0.000467,-0.76,0.009,0.014,1,"MMD2"
"KANK4",0.000468,-1.32,0.016,0.023,1,"KANK4"
"TXNL4B",0.000468,0.202,0.155,0.137,1,"TXNL4B"
"GFY",0.00047,-0.305,0.053,0.066,1,"GFY"
"GUCA1A",0.00047,-0.466,0.031,0.041,1,"GUCA1A"
"RAB13",0.000474,0.448,0.109,0.094,1,"RAB13"
"P2RY14",0.000475,-0.591,0.058,0.071,1,"P2RY14"
"ANG",0.000477,-0.746,0.009,0.014,1,"ANG"
"LIFR",0.000478,0.164,0.222,0.204,1,"LIFR"
"FBXL22",0.000481,0.292,0.085,0.072,1,"FBXL22"
"SPACA9",0.000482,0.268,0.147,0.131,1,"SPACA9"
"TMEM64",0.000483,-0.296,0.138,0.156,1,"TMEM64"
"PDE1A",0.000485,-0.126,0.906,0.893,1,"PDE1A"
"EFHD2",0.000486,0.329,0.106,0.091,1,"EFHD2"
"TRIM32",0.000486,0.229,0.195,0.178,1,"TRIM32"
"MAP1LC3A",0.000488,0.168,0.418,0.405,1,"MAP1LC3A"
"TOMM40L",0.000488,0.275,0.174,0.158,1,"TOMM40L"
"STIL",0.000489,-0.327,0.068,0.082,1,"STIL"
"FCHSD1",0.000492,-0.508,0.028,0.037,1,"FCHSD1"
"TTC34",0.000497,-0.693,0.014,0.021,1,"TTC34"
"EFCAB14",0.000498,0.122,0.291,0.271,1,"EFCAB14"
"ZWILCH",0.0005,0.143,0.285,0.27,1,"ZWILCH"
"MED20",0.000502,0.372,0.102,0.089,1,"MED20"
"CAVIN1",0.000503,0.545,0.025,0.018,1,"CAVIN1"
"C22orf39",0.000505,0.198,0.286,0.271,1,"C22orf39"
"ACTR3B",0.000505,-0.409,0.498,0.514,1,"ACTR3B"
"GRIN3A",0.000506,0.392,0.089,0.075,1,"GRIN3A"
"HIRIP3",0.000506,0.176,0.285,0.269,1,"HIRIP3"
"RNF212B",0.000506,0.228,0.052,0.041,1,"RNF212B"
"SLC5A11",0.000508,0.184,0.13,0.114,1,"SLC5A11"
"TMEM201",0.000508,0.343,0.084,0.07,1,"TMEM201"
"IRF7",0.00051,0.432,0.053,0.042,1,"IRF7"
"ALKBH8",0.00051,-0.181,0.103,0.121,1,"ALKBH8"
"PALD1",0.00051,-0.42,0.025,0.034,1,"PALD1"
"ENSG00000288674",0.00051,-0.572,0.023,0.031,1,"ENSG00000288674"
"PEDS1",0.000511,0.22,0.145,0.129,1,"PEDS1"
"SYCE1L",0.000511,0.327,0.1,0.086,1,"SYCE1L"
"ZNF287",0.000512,0.157,0.235,0.216,1,"ZNF287"
"ZNF275",0.000514,0.27,0.128,0.112,1,"ZNF275"
"SLC4A4",0.000515,-0.384,0.078,0.093,1,"SLC4A4"
"HIPK4",0.000516,0.222,0.112,0.096,1,"HIPK4"
"MATK",0.000516,-0.377,0.035,0.045,1,"MATK"
"SYNPO2",0.000519,-0.457,0.011,0.017,1,"SYNPO2"
"IRF2BP1",0.000524,0.259,0.113,0.098,1,"IRF2BP1"
"ZNF564",0.000528,0.233,0.18,0.163,1,"ZNF564"
"ZNF44",0.000528,0.127,0.338,0.32,1,"ZNF44"
"TMEM128",0.000529,0.116,0.312,0.296,1,"TMEM128"
"ZNF264",0.000529,0.11,0.316,0.295,1,"ZNF264"
"FNDC1",0.000531,0.555,0.022,0.015,1,"FNDC1"
"C4orf33",0.000533,0.267,0.142,0.126,1,"C4orf33"
"CATSPERB",0.000533,-0.577,0.018,0.025,1,"CATSPERB"
"ZACN",0.000536,0.423,0.026,0.018,1,"ZACN"
"P2RX7",0.000536,-0.713,0.026,0.035,1,"P2RX7"
"MYADM",0.000538,0.239,0.161,0.145,1,"MYADM"
"ARHGEF1",0.000539,0.258,0.126,0.111,1,"ARHGEF1"
"GPR146",0.000539,-0.655,0.01,0.015,1,"GPR146"
"PLSCR3",0.000542,0.158,0.145,0.128,1,"PLSCR3"
"CRPPA",0.000546,0.362,0.136,0.12,1,"CRPPA"
"STK33",0.000552,-0.517,0.055,0.067,1,"STK33"
"NAGS",0.000552,0.615,0.03,0.022,1,"NAGS"
"NOG",0.000557,-0.846,0.006,0.011,1,"NOG"
"SPDYE3",0.000558,-0.303,0.165,0.184,1,"SPDYE3"
"FABP12",0.000558,0.953,0.019,0.013,1,"FABP12"
"SLC27A5",0.000561,0.214,0.251,0.234,1,"SLC27A5"
"TMEM69",0.000563,0.167,0.241,0.223,1,"TMEM69"
"C1orf109",0.000563,0.185,0.214,0.197,1,"C1orf109"
"CNPY1",0.000563,-0.581,0.016,0.023,1,"CNPY1"
"INSYN2A",0.000565,0.186,0.106,0.091,1,"INSYN2A"
"RIDA",0.000565,0.184,0.224,0.206,1,"RIDA"
"MLXIPL",0.000569,-0.617,0.018,0.026,1,"MLXIPL"
"ANK1",0.000569,-0.295,0.124,0.142,1,"ANK1"
"ADCK1",0.00057,0.219,0.208,0.191,1,"ADCK1"
"IGSF9",0.000575,0.183,0.153,0.136,1,"IGSF9"
"CES4A",0.000576,-0.366,0.075,0.089,1,"CES4A"
"TM6SF2",0.000578,0.417,0.058,0.046,1,"TM6SF2"
"ERBB4",0.000579,0.597,0.022,0.031,1,"ERBB4"
"SYDE1",0.00058,-0.658,0.008,0.014,1,"SYDE1"
"COBLL1",0.00058,-0.81,0.01,0.016,1,"COBLL1"
"ME3",0.000583,-0.284,0.084,0.098,1,"ME3"
"KLF3",0.000583,0.161,0.265,0.247,1,"KLF3"
"MTERF3",0.000586,0.174,0.258,0.241,1,"MTERF3"
"ARL9",0.000588,0.239,0.118,0.102,1,"ARL9"
"ZNF367",0.00059,-0.345,0.073,0.088,1,"ZNF367"
"TMEM129",0.000591,0.259,0.159,0.144,1,"TMEM129"
"CDC42",0.000592,0.13,0.307,0.289,1,"CDC42"
"NRG4",0.000593,0.16,0.149,0.131,1,"NRG4"
"GINS4",0.000598,-0.365,0.032,0.041,1,"GINS4"
"MDC1",0.000598,0.125,0.288,0.27,1,"MDC1"
"ZNF707",0.000599,0.368,0.076,0.064,1,"ZNF707"
"TMEM132D",0.0006,-0.111,0.063,0.076,1,"TMEM132D"
"SIRPA",0.000604,-0.293,0.036,0.046,1,"SIRPA"
"FBXL2",0.000605,-0.232,0.654,0.67,1,"FBXL2"
"BCKDHB",0.000606,-0.228,0.31,0.335,1,"BCKDHB"
"KLHDC8A",0.000607,0.205,0.126,0.111,1,"KLHDC8A"
"GNPNAT1",0.000607,0.162,0.314,0.296,1,"GNPNAT1"
"ZNF229",0.000609,0.357,0.103,0.089,1,"ZNF229"
"PDK3",0.000612,-0.282,0.226,0.25,1,"PDK3"
"PPT1",0.000612,0.137,0.335,0.316,1,"PPT1"
"CACTIN",0.000614,0.285,0.114,0.1,1,"CACTIN"
"ERVMER34-1",0.000614,0.299,0.077,0.064,1,"ERVMER34-1"
"ANKS6",0.000617,0.157,0.277,0.26,1,"ANKS6"
"SKA3",0.000623,-0.422,0.032,0.042,1,"SKA3"
"SUPT7L",0.000623,0.155,0.275,0.257,1,"SUPT7L"
"KIAA0408",0.000625,0.338,0.085,0.072,1,"KIAA0408"
"CTSL",0.000627,-0.222,0.135,0.154,1,"CTSL"
"DNAL1",0.000627,0.132,0.323,0.305,1,"DNAL1"
"ZBTB25",0.000629,0.115,0.26,0.241,1,"ZBTB25"
"ZSWIM1",0.000631,0.444,0.037,0.028,1,"ZSWIM1"
"CEP152",0.000632,-0.331,0.059,0.072,1,"CEP152"
"VAMP3",0.000637,0.211,0.153,0.137,1,"VAMP3"
"TNNI3K",0.000637,-0.724,0.017,0.024,1,"TNNI3K"
"MGMT",0.000638,-0.122,0.148,0.168,1,"MGMT"
"RBMXL1",0.000638,0.193,0.234,0.217,1,"RBMXL1"
"MEIG1",0.000641,0.364,0.063,0.051,1,"MEIG1"
"PINLYP",0.000646,0.27,0.116,0.101,1,"PINLYP"
"SMIM45",0.000647,0.215,0.154,0.139,1,"SMIM45"
"SIX3",0.000649,0.377,0.049,0.038,1,"SIX3"
"STX17",0.000649,0.113,0.362,0.343,1,"STX17"
"ARMCX2",0.000652,0.171,0.23,0.213,1,"ARMCX2"
"PRCD",0.000652,-0.843,0.011,0.017,1,"PRCD"
"SLC27A1",0.000653,0.162,0.277,0.261,1,"SLC27A1"
"NOTCH2NLC",0.000654,-0.496,0.022,0.03,1,"NOTCH2NLC"
"HNRNPA1L2",0.000666,0.424,0.05,0.04,1,"HNRNPA1L2"
"PEAK3",0.000667,0.585,0.031,0.023,1,"PEAK3"
"EMG1",0.000668,0.25,0.15,0.134,1,"EMG1"
"TUBE1",0.000669,-0.242,0.148,0.167,1,"TUBE1"
"CITED4",0.000669,-0.525,0.02,0.028,1,"CITED4"
"DNPEP",0.000671,0.168,0.263,0.245,1,"DNPEP"
"JAG1",0.000671,0.125,0.164,0.147,1,"JAG1"
"TBC1D22B",0.000672,0.227,0.207,0.19,1,"TBC1D22B"
"ARID5A",0.000673,0.358,0.075,0.063,1,"ARID5A"
"CEP128",0.000675,-0.224,0.436,0.461,1,"CEP128"
"ZBTB26",0.000678,0.176,0.165,0.148,1,"ZBTB26"
"TAGLN2",0.000679,0.3,0.101,0.087,1,"TAGLN2"
"SLC44A3",0.000681,0.184,0.107,0.092,1,"SLC44A3"
"CKMT1B",0.000681,-0.173,0.072,0.087,1,"CKMT1B"
"DCPS",0.000684,0.218,0.168,0.152,1,"DCPS"
"NPM2",0.000689,-0.296,0.075,0.089,1,"NPM2"
"PAH",0.0007,0.577,0.032,0.024,1,"PAH"
"SNAP23",0.000701,0.126,0.28,0.262,1,"SNAP23"
"PLCB2",0.000703,-0.571,0.012,0.018,1,"PLCB2"
"SLC12A9",0.000705,0.177,0.213,0.195,1,"SLC12A9"
"ZKSCAN2",0.000708,0.163,0.208,0.19,1,"ZKSCAN2"
"C2orf72",0.000712,-0.27,0.065,0.079,1,"C2orf72"
"NKAPL",0.000712,0.534,0.024,0.017,1,"NKAPL"
"TUBB6",0.000714,-0.378,0.076,0.09,1,"TUBB6"
"GRPEL2",0.000717,0.231,0.141,0.125,1,"GRPEL2"
"ZNF394",0.000718,0.145,0.249,0.23,1,"ZNF394"
"HDAC11",0.000718,0.206,0.154,0.138,1,"HDAC11"
"DNAH3",0.000722,-0.749,0.027,0.036,1,"DNAH3"
"FGF11",0.000722,-0.308,0.076,0.09,1,"FGF11"
"ELOVL7",0.000723,-0.223,0.049,0.06,1,"ELOVL7"
"POLM",0.000723,0.262,0.136,0.121,1,"POLM"
"LRATD1",0.000725,-0.378,0.036,0.046,1,"LRATD1"
"BCL2L2",0.000729,0.152,0.177,0.16,1,"BCL2L2"
"P3H2",0.00073,-0.204,0.007,0.012,1,"P3H2"
"MAFB",0.000735,0.309,0.08,0.067,1,"MAFB"
"LRRC69",0.000735,0.291,0.094,0.08,1,"LRRC69"
"ZSCAN23",0.000736,0.101,0.276,0.257,1,"ZSCAN23"
"COLQ",0.000738,0.152,0.255,0.238,1,"COLQ"
"CNEP1R1",0.000738,0.153,0.271,0.256,1,"CNEP1R1"
"LNPEP",0.000752,0.169,0.278,0.262,1,"LNPEP"
"ZFYVE19",0.000757,0.205,0.153,0.137,1,"ZFYVE19"
"PLLP",0.000759,0.332,0.124,0.109,1,"PLLP"
"ANKRD24",0.000762,-0.454,0.024,0.033,1,"ANKRD24"
"ISG20",0.000764,0.644,0.019,0.013,1,"ISG20"
"ACOT9",0.000769,0.217,0.162,0.145,1,"ACOT9"
"AGBL2",0.000772,0.138,0.078,0.065,1,"AGBL2"
"CENPU",0.000773,-0.397,0.069,0.082,1,"CENPU"
"D2HGDH",0.000777,0.117,0.204,0.185,1,"D2HGDH"
"DDIAS",0.000781,-0.6,0.021,0.029,1,"DDIAS"
"PPAT",0.000784,0.112,0.311,0.295,1,"PPAT"
"NBL1",0.000786,0.495,0.058,0.047,1,"NBL1"
"LSP1",0.000795,-0.771,0.011,0.017,1,"LSP1"
"SH3RF3",0.000797,0.145,0.489,0.476,1,"SH3RF3"
"MUC3A",0.000802,-0.521,0.018,0.025,1,"MUC3A"
"SLC22A15",0.000809,-1.056,0.009,0.015,1,"SLC22A15"
"NTHL1",0.000815,0.176,0.27,0.254,1,"NTHL1"
"OTULIN",0.000815,0.175,0.175,0.159,1,"OTULIN"
"CX3CL1",0.000815,-1.037,0.008,0.013,1,"CX3CL1"
"GLYATL1",0.000817,-0.596,0.043,0.054,1,"GLYATL1"
"ZNF671",0.000818,0.288,0.122,0.108,1,"ZNF671"
"PWP2",0.000819,0.288,0.09,0.077,1,"PWP2"
"RADX",0.000826,-0.533,0.021,0.028,1,"RADX"
"MMRN2",0.000827,0.514,0.022,0.015,1,"MMRN2"
"KCNAB3",0.000831,0.219,0.113,0.099,1,"KCNAB3"
"SLC30A3",0.000835,-0.49,0.019,0.026,1,"SLC30A3"
"CRKL",0.000839,0.113,0.334,0.317,1,"CRKL"
"PLG",0.00084,-0.739,0.009,0.015,1,"PLG"
"ZNF674",0.000844,0.219,0.139,0.123,1,"ZNF674"
"IKZF5",0.000849,0.283,0.158,0.143,1,"IKZF5"
"ARHGAP19-SLIT1",0.000856,0.395,0.04,0.03,1,"ARHGAP19-SLIT1"
"RIOK2",0.000856,0.204,0.271,0.257,1,"RIOK2"
"SERP2",0.000859,0.159,0.245,0.226,1,"SERP2"
"BLOC1S3",0.000862,0.258,0.073,0.061,1,"BLOC1S3"
"EFNA1",0.000862,0.28,0.104,0.09,1,"EFNA1"
"PCDHB16",0.000865,0.321,0.116,0.102,1,"PCDHB16"
"C16orf91",0.000867,0.192,0.227,0.212,1,"C16orf91"
"CPLX1",0.000874,0.203,0.186,0.169,1,"CPLX1"
"ATP7A",0.000875,0.169,0.161,0.144,1,"ATP7A"
"MEOX1",0.000878,-0.559,0.012,0.019,1,"MEOX1"
"RCE1",0.000878,0.231,0.113,0.098,1,"RCE1"
"CLDN2",0.000882,-0.811,0.012,0.018,1,"CLDN2"
"LPCAT2",0.000882,-0.426,0.027,0.036,1,"LPCAT2"
"ROBO3",0.000884,-0.447,0.023,0.031,1,"ROBO3"
"LRRC57",0.000884,0.134,0.282,0.265,1,"LRRC57"
"HSPG2",0.000888,-0.474,0.024,0.033,1,"HSPG2"
"ANKRD54",0.00089,0.191,0.256,0.239,1,"ANKRD54"
"KIF20A",0.000893,-1.208,0.015,0.022,1,"KIF20A"
"LYSMD4",0.000894,0.216,0.166,0.15,1,"LYSMD4"
"AP5S1",0.000896,0.354,0.065,0.054,1,"AP5S1"
"DCUN1D2",0.000901,0.105,0.279,0.26,1,"DCUN1D2"
"HTR1E",0.000903,-0.703,0.01,0.015,1,"HTR1E"
"RPF2",0.000907,0.158,0.293,0.278,1,"RPF2"
"ZDHHC23",0.000909,-0.372,0.031,0.04,1,"ZDHHC23"
"PPARGC1A",0.000916,-0.443,0.028,0.037,1,"PPARGC1A"
"WDR24",0.000916,0.267,0.094,0.08,1,"WDR24"
"MYCBP",0.000917,0.163,0.178,0.161,1,"MYCBP"
"MRPL53",0.000924,0.579,0.039,0.03,1,"MRPL53"
"HIGD1C",0.000925,0.267,0.09,0.077,1,"HIGD1C"
"FASTKD5",0.000925,0.224,0.155,0.14,1,"FASTKD5"
"ROR1",0.00093,0.194,0.234,0.216,1,"ROR1"
"ALG10B",0.000932,0.266,0.103,0.089,1,"ALG10B"
"APOM",0.000936,0.33,0.091,0.078,1,"APOM"
"IFIT1",0.00094,-0.819,0.016,0.023,1,"IFIT1"
"TAFA1",0.000943,0.168,0.633,0.644,1,"TAFA1"
"ZNF438",0.000944,-0.118,0.247,0.273,1,"ZNF438"
"ENSG00000280422",0.000947,0.508,0.03,0.022,1,"ENSG00000280422"
"IGSF11",0.000948,0.207,0.243,0.226,1,"IGSF11"
"PHEX",0.000949,0.423,0.071,0.06,1,"PHEX"
"ZNF517",0.000952,0.325,0.092,0.079,1,"ZNF517"
"VCAM1",0.000957,-0.558,0.015,0.022,1,"VCAM1"
"BEGAIN",0.000959,0.163,0.236,0.218,1,"BEGAIN"
"EPHA10",0.000965,-0.357,0.13,0.147,1,"EPHA10"
"GEMIN2",0.000975,0.133,0.307,0.29,1,"GEMIN2"
"TLCD4",0.000976,-0.721,0.011,0.017,1,"TLCD4"
"TEPSIN",0.000978,0.337,0.098,0.085,1,"TEPSIN"
"RANGAP1",0.000983,0.101,0.273,0.255,1,"RANGAP1"
"LYSMD3",0.000985,0.146,0.24,0.223,1,"LYSMD3"
"AP4E1",0.000995,0.14,0.264,0.246,1,"AP4E1"
"TRBC2",0.000997,0.99,0.015,0.01,1,"TRBC2"
"TES",0.000998,0.443,0.046,0.036,1,"TES"
"GPR143",0.001,-0.47,0.017,0.024,1,"GPR143"
"SIPA1",0.00101,0.209,0.133,0.118,1,"SIPA1"
"LRIG3",0.00101,-0.357,0.038,0.048,1,"LRIG3"
"HELZ2",0.00102,0.354,0.044,0.035,1,"HELZ2"
"PLA2G15",0.00102,0.258,0.124,0.109,1,"PLA2G15"
"BOLA3",0.00102,0.127,0.274,0.257,1,"BOLA3"
"DGAT1",0.00102,0.16,0.263,0.247,1,"DGAT1"
"PCDHB12",0.00103,0.418,0.053,0.043,1,"PCDHB12"
"LTBP1",0.00103,-0.655,0.115,0.13,1,"LTBP1"
"MLC1",0.00104,-0.415,0.054,0.066,1,"MLC1"
"ENSG00000285130",0.00104,-0.357,0.058,0.07,1,"ENSG00000285130"
"NEURL4",0.00104,0.208,0.152,0.136,1,"NEURL4"
"TADA2B",0.00104,0.242,0.155,0.14,1,"TADA2B"
"SAXO2",0.00105,-0.179,0.105,0.121,1,"SAXO2"
"RFTN1",0.00106,-0.194,0.294,0.318,1,"RFTN1"
"FKBP11",0.00106,0.135,0.191,0.173,1,"FKBP11"
"TAOK2",0.00106,0.215,0.15,0.134,1,"TAOK2"
"MFSD13A",0.00106,0.156,0.209,0.191,1,"MFSD13A"
"CMTM7",0.00107,0.257,0.086,0.073,1,"CMTM7"
"RBM38",0.00107,0.268,0.128,0.113,1,"RBM38"
"ZNF304",0.00108,0.245,0.107,0.093,1,"ZNF304"
"PBX4",0.00108,0.158,0.323,0.308,1,"PBX4"
"CATSPERE",0.00108,-0.311,0.048,0.059,1,"CATSPERE"
"METTL14",0.00108,0.115,0.355,0.339,1,"METTL14"
"MYO1C",0.00108,0.239,0.143,0.128,1,"MYO1C"
"RSPH14",0.00109,0.214,0.126,0.111,1,"RSPH14"
"DSN1",0.00109,-0.391,0.071,0.084,1,"DSN1"
"SLC47A1",0.0011,-0.476,0.028,0.037,1,"SLC47A1"
"EPS8L1",0.0011,0.341,0.118,0.104,1,"EPS8L1"
"NOB1",0.0011,0.171,0.191,0.175,1,"NOB1"
"H2BC15",0.0011,0.302,0.111,0.097,1,"H2BC15"
"PAQR9",0.0011,-0.406,0.028,0.036,1,"PAQR9"
"TLCD3A",0.00111,0.232,0.102,0.088,1,"TLCD3A"
"SSC5D",0.00111,-3.439,0.021,0.014,1,"SSC5D"
"BOK",0.00111,-0.311,0.023,0.031,1,"BOK"
"GPC4",0.00112,-0.267,0.314,0.289,1,"GPC4"
"CASZ1",0.00112,-0.545,0.022,0.03,1,"CASZ1"
"HARS2",0.00112,0.165,0.232,0.216,1,"HARS2"
"NTAN1",0.00114,0.136,0.276,0.26,1,"NTAN1"
"TCTN1",0.00114,0.129,0.301,0.285,1,"TCTN1"
"TRAM1",0.00114,0.109,0.339,0.324,1,"TRAM1"
"SLC25A25",0.00114,0.107,0.281,0.262,1,"SLC25A25"
"L3MBTL3",0.00115,0.12,0.273,0.256,1,"L3MBTL3"
"PHF1",0.00115,0.14,0.232,0.215,1,"PHF1"
"ZNF79",0.00115,0.233,0.122,0.107,1,"ZNF79"
"PCDH11Y",0.00115,-0.539,0.025,0.033,1,"PCDH11Y"
"WDR5",0.00116,0.138,0.299,0.283,1,"WDR5"
"BRIX1",0.00116,0.108,0.322,0.308,1,"BRIX1"
"SPNS3",0.00116,-0.362,0.012,0.018,1,"SPNS3"
"BCDIN3D",0.00116,0.203,0.237,0.223,1,"BCDIN3D"
"SLC35G2",0.00116,0.167,0.278,0.262,1,"SLC35G2"
"FHIP2B",0.00116,0.169,0.152,0.136,1,"FHIP2B"
"FGF12",0.00117,-0.117,0.821,0.795,1,"FGF12"
"NABP1",0.00118,-0.309,0.056,0.068,1,"NABP1"
"CCDC39",0.00118,-0.442,0.041,0.051,1,"CCDC39"
"PEX10",0.00119,0.17,0.25,0.234,1,"PEX10"
"RSPO4",0.00119,-0.533,0.013,0.02,1,"RSPO4"
"STXBP6",0.00119,-0.167,0.045,0.056,1,"STXBP6"
"CTRC",0.00119,0.913,0.013,0.008,1,"CTRC"
"SMYD4",0.00119,0.174,0.208,0.192,1,"SMYD4"
"RAB40A",0.0012,-0.358,0.036,0.046,1,"RAB40A"
"GTF3C2",0.00121,0.115,0.317,0.301,1,"GTF3C2"
"RNF175",0.00121,-0.202,0.131,0.148,1,"RNF175"
"CAPN5",0.00122,0.222,0.132,0.117,1,"CAPN5"
"RTKN2",0.00122,-0.278,0.107,0.123,1,"RTKN2"
"CHRNA7",0.00123,0.195,0.211,0.194,1,"CHRNA7"
"AKAP5",0.00124,0.255,0.146,0.131,1,"AKAP5"
"FAAH",0.00124,0.159,0.217,0.201,1,"FAAH"
"PHETA1",0.00124,0.324,0.098,0.085,1,"PHETA1"
"CISD3",0.00124,0.221,0.084,0.071,1,"CISD3"
"AR",0.00125,-0.216,0.028,0.037,1,"AR"
"TSC22D3",0.00126,-0.132,0.131,0.149,1,"TSC22D3"
"PSPN",0.00126,0.452,0.04,0.031,1,"PSPN"
"TMEM190",0.00127,0.763,0.014,0.009,1,"TMEM190"
"LRSAM1",0.00128,0.126,0.414,0.401,1,"LRSAM1"
"TGFBR2",0.00128,-0.835,0.011,0.017,1,"TGFBR2"
"PDLIM3",0.00128,-0.412,0.038,0.048,1,"PDLIM3"
"SPAG5",0.00129,-0.54,0.03,0.039,1,"SPAG5"
"PRXL2C",0.00129,-0.424,0.022,0.03,1,"PRXL2C"
"CHRNA3",0.00129,0.619,0.058,0.048,1,"CHRNA3"
"KLF10",0.00129,0.219,0.227,0.212,1,"KLF10"
"MIX23",0.0013,0.176,0.17,0.154,1,"MIX23"
"SPARC",0.0013,-0.282,0.106,0.121,1,"SPARC"
"ESR2",0.0013,-0.112,0.461,0.442,1,"ESR2"
"ODR4",0.0013,0.111,0.46,0.447,1,"ODR4"
"DHH",0.0013,0.353,0.05,0.04,1,"DHH"
"DUSP2",0.0013,-0.243,0.049,0.06,1,"DUSP2"
"DLX1",0.00132,0.62,0.023,0.016,1,"DLX1"
"ETAA1",0.00132,0.198,0.175,0.159,1,"ETAA1"
"TMEM269",0.00132,0.176,0.139,0.124,1,"TMEM269"
"JAKMIP1",0.00133,-0.185,0.102,0.118,1,"JAKMIP1"
"ENSG00000278905",0.00134,0.285,0.112,0.099,1,"ENSG00000278905"
"TERB1",0.00135,0.265,0.122,0.108,1,"TERB1"
"SMCO4",0.00135,-0.427,0.033,0.042,1,"SMCO4"
"ZIK1",0.00136,0.325,0.106,0.093,1,"ZIK1"
"RNF112",0.00136,0.198,0.173,0.158,1,"RNF112"
"CTSS",0.00136,0.459,0.046,0.036,1,"CTSS"
"VPS18",0.00136,0.162,0.151,0.136,1,"VPS18"
"SLC28A2",0.00136,-0.767,0.013,0.019,1,"SLC28A2"
"CFAP418",0.00136,-0.271,0.041,0.051,1,"CFAP418"
"ZNF112",0.00136,0.196,0.251,0.236,1,"ZNF112"
"CPT1B",0.00137,0.248,0.114,0.1,1,"CPT1B"
"WTIP",0.00138,-0.304,0.048,0.059,1,"WTIP"
"ZNF696",0.00138,0.179,0.16,0.144,1,"ZNF696"
"HDDC3",0.00138,0.214,0.191,0.175,1,"HDDC3"
"COL28A1",0.00139,-0.548,0.02,0.027,1,"COL28A1"
"CACNG5",0.00139,0.517,0.031,0.023,1,"CACNG5"
"ENSG00000280048",0.00139,0.397,0.057,0.046,1,"ENSG00000280048"
"KCTD9",0.00139,0.186,0.16,0.144,1,"KCTD9"
"SLC19A1",0.0014,0.253,0.142,0.128,1,"SLC19A1"
"MAGI3",0.0014,-0.121,0.744,0.725,1,"MAGI3"
"ERCC2",0.0014,0.223,0.186,0.171,1,"ERCC2"
"TRPM4",0.00141,0.308,0.103,0.09,1,"TRPM4"
"FADS3",0.00141,-0.248,0.145,0.163,1,"FADS3"
"MYL9",0.00141,0.781,0.014,0.009,1,"MYL9"
"ARHGAP25",0.00141,0.809,0.038,0.03,1,"ARHGAP25"
"CPNE7",0.00142,-0.867,0.007,0.011,1,"CPNE7"
"SPTLC1",0.00142,0.12,0.428,0.415,1,"SPTLC1"
"ESRRG",0.00143,-0.441,0.063,0.075,1,"ESRRG"
"C6orf118",0.00143,-0.621,0.015,0.021,1,"C6orf118"
"CDCA3",0.00143,-0.473,0.048,0.058,1,"CDCA3"
"CFAP69",0.00143,-0.209,0.04,0.05,1,"CFAP69"
"TMEM140",0.00143,0.163,0.086,0.073,1,"TMEM140"
"MYBPHL",0.00143,0.416,0.053,0.043,1,"MYBPHL"
"CTU1",0.00144,0.228,0.188,0.174,1,"CTU1"
"SPATA24",0.00144,0.422,0.046,0.037,1,"SPATA24"
"MT-TL1",0.00144,0.32,0.045,0.036,1,"MT-TL1"
"H2AX",0.00144,-0.124,0.249,0.231,1,"H2AX"
"LIPG",0.00145,-0.577,0.093,0.107,1,"LIPG"
"ENSG00000280294",0.00145,0.282,0.087,0.075,1,"ENSG00000280294"
"MT-TV",0.00145,0.231,0.072,0.06,1,"MT-TV"
"SBF2",0.00145,-0.206,0.812,0.834,1,"SBF2"
"CCDC51",0.00145,0.24,0.193,0.179,1,"CCDC51"
"PYGL",0.00146,-0.359,0.01,0.015,1,"PYGL"
"PPP1R37",0.00146,0.152,0.179,0.163,1,"PPP1R37"
"C9orf64",0.00146,0.359,0.074,0.062,1,"C9orf64"
"NUDT14",0.00146,0.156,0.223,0.208,1,"NUDT14"
"SERTAD1",0.00147,0.296,0.088,0.076,1,"SERTAD1"
"ENTPD5",0.00147,0.196,0.167,0.152,1,"ENTPD5"
"PCYT1B",0.00147,0.232,0.214,0.198,1,"PCYT1B"
"FREM2",0.00147,-0.347,0.017,0.024,1,"FREM2"
"RGN",0.00147,0.403,0.034,0.026,1,"RGN"
"MOCS3",0.00148,0.295,0.129,0.115,1,"MOCS3"
"DTD2",0.00149,0.236,0.186,0.172,1,"DTD2"
"PCDHGA1",0.00149,0.578,0.054,0.044,1,"PCDHGA1"
"KIAA2013",0.00149,0.131,0.235,0.219,1,"KIAA2013"
"ALDH4A1",0.00149,0.498,0.062,0.052,1,"ALDH4A1"
"SDE2",0.00149,0.222,0.156,0.141,1,"SDE2"
"MT-TD",0.0015,0.468,0.028,0.021,1,"MT-TD"
"TAF4B",0.0015,-0.443,0.033,0.043,1,"TAF4B"
"ZNRF3",0.00151,0.119,0.315,0.297,1,"ZNRF3"
"PDGFRA",0.00151,0.652,0.031,0.024,1,"PDGFRA"
"NR2F6",0.00151,0.186,0.245,0.23,1,"NR2F6"
"LRRC10B",0.00152,-0.622,0.022,0.029,1,"LRRC10B"
"MAN1B1",0.00153,0.127,0.275,0.258,1,"MAN1B1"
"SULF1",0.00153,0.373,0.074,0.062,1,"SULF1"
"RNASEL",0.00153,0.198,0.064,0.053,1,"RNASEL"
"ENSG00000258465",0.00153,0.291,0.124,0.111,1,"ENSG00000258465"
"PAM16",0.00153,0.375,0.056,0.046,1,"PAM16"
"CNNM1",0.00154,-0.215,0.133,0.15,1,"CNNM1"
"WIPI1",0.00154,0.192,0.139,0.124,1,"WIPI1"
"ENSG00000239920",0.00154,-0.309,0.058,0.07,1,"ENSG00000239920"
"NUDT2",0.00154,0.144,0.265,0.25,1,"NUDT2"
"SMG5",0.00154,0.151,0.279,0.265,1,"SMG5"
"KIAA0319",0.00154,-0.178,0.271,0.295,1,"KIAA0319"
"ARAP3",0.00154,-0.353,0.056,0.067,1,"ARAP3"
"EXOSC2",0.00155,0.183,0.245,0.23,1,"EXOSC2"
"WASH6P",0.00155,0.141,0.336,0.322,1,"WASH6P"
"PDE12",0.00156,0.137,0.213,0.196,1,"PDE12"
"SCO1",0.00156,0.122,0.303,0.287,1,"SCO1"
"EID2B",0.00157,0.141,0.304,0.289,1,"EID2B"
"CEP20",0.00157,0.138,0.256,0.24,1,"CEP20"
"SCUBE2",0.00157,0.274,0.131,0.117,1,"SCUBE2"
"PLEKHA7",0.00159,0.102,0.243,0.227,1,"PLEKHA7"
"FILIP1L",0.00159,-0.312,0.268,0.29,1,"FILIP1L"
"MIOS",0.0016,0.17,0.282,0.265,1,"MIOS"
"VAMP4",0.00161,0.16,0.244,0.228,1,"VAMP4"
"CCNDBP1",0.00161,0.212,0.189,0.174,1,"CCNDBP1"
"ENSG00000279774",0.00162,0.5,0.051,0.041,1,"ENSG00000279774"
"IFFO1",0.00162,0.24,0.146,0.132,1,"IFFO1"
"MRM3",0.00163,0.199,0.158,0.143,1,"MRM3"
"CADM2",0.00163,-0.578,0.573,0.589,1,"CADM2"
"CDS1",0.00164,-0.195,0.15,0.168,1,"CDS1"
"PCDHGA9",0.00166,0.832,0.016,0.01,1,"PCDHGA9"
"DRAM2",0.00166,0.116,0.327,0.311,1,"DRAM2"
"SERPING1",0.00166,0.294,0.104,0.091,1,"SERPING1"
"LHCGR",0.00167,0.267,0.026,0.019,1,"LHCGR"
"EPCAM",0.00168,-0.138,0.154,0.173,1,"EPCAM"
"SYNPO",0.00168,-0.776,0.007,0.012,1,"SYNPO"
"DENND4B",0.00169,-0.198,0.134,0.151,1,"DENND4B"
"PLAUR",0.0017,0.259,0.099,0.086,1,"PLAUR"
"CDR2",0.00172,-0.192,0.307,0.33,1,"CDR2"
"POF1B",0.00172,0.351,0.03,0.022,1,"POF1B"
"GSTZ1",0.00173,0.262,0.154,0.139,1,"GSTZ1"
"ZNF614",0.00173,0.163,0.201,0.185,1,"ZNF614"
"ADCY6",0.00174,0.126,0.216,0.199,1,"ADCY6"
"ENSG00000279348",0.00176,0.297,0.074,0.062,1,"ENSG00000279348"
"PUSL1",0.00176,0.372,0.081,0.069,1,"PUSL1"
"HAGHL",0.00178,-0.309,0.046,0.056,1,"HAGHL"
"TMEM150C",0.00178,-0.306,0.256,0.276,1,"TMEM150C"
"BOC",0.00178,-0.43,0.162,0.178,1,"BOC"
"ARID3B",0.00178,0.119,0.26,0.243,1,"ARID3B"
"ENSG00000279281",0.00178,0.354,0.064,0.053,1,"ENSG00000279281"
"RENBP",0.00178,0.24,0.103,0.09,1,"RENBP"
"TGIF2-RAB5IF",0.00179,0.217,0.085,0.073,1,"TGIF2-RAB5IF"
"PCDHA4",0.00179,0.203,0.125,0.111,1,"PCDHA4"
"CLBA1",0.00179,0.215,0.145,0.131,1,"CLBA1"
"CCR10",0.00179,0.39,0.037,0.028,1,"CCR10"
"GLIS2",0.0018,0.25,0.131,0.117,1,"GLIS2"
"SMN1",0.0018,0.31,0.098,0.085,1,"SMN1"
"CCDC198",0.0018,0.455,0.01,0.006,1,"CCDC198"
"CDC42EP5",0.0018,0.488,0.014,0.009,1,"CDC42EP5"
"ZNF416",0.00182,0.348,0.072,0.06,1,"ZNF416"
"GTF2E2",0.00182,0.114,0.413,0.399,1,"GTF2E2"
"IFITM2",0.00183,-0.754,0.01,0.015,1,"IFITM2"
"SNAI3",0.00183,-0.305,0.192,0.21,1,"SNAI3"
"TMEM67",0.00183,-0.214,0.213,0.233,1,"TMEM67"
"DDX25",0.00183,0.217,0.175,0.16,1,"DDX25"
"SKIV2L",0.00184,0.307,0.085,0.073,1,"SKIV2L"
"ZNF214",0.00184,0.199,0.132,0.117,1,"ZNF214"
"SERPINC1",0.00185,0.548,0.023,0.016,1,"SERPINC1"
"AP1S3",0.00185,0.134,0.317,0.302,1,"AP1S3"
"THAP8",0.00186,0.251,0.145,0.131,1,"THAP8"
"ACRBP",0.00186,0.302,0.07,0.059,1,"ACRBP"
"HMGCL",0.00186,0.175,0.178,0.164,1,"HMGCL"
"HRK",0.00186,0.319,0.058,0.047,1,"HRK"
"PRELID3B",0.00188,0.209,0.203,0.188,1,"PRELID3B"
"TPST2",0.00189,0.205,0.12,0.106,1,"TPST2"
"PWWP2B",0.00189,0.237,0.098,0.086,1,"PWWP2B"
"CCBE1",0.00189,-1.472,0.008,0.013,1,"CCBE1"
"RHOXF1",0.0019,0.306,0.082,0.07,1,"RHOXF1"
"TJP2",0.00192,-0.346,0.034,0.043,1,"TJP2"
"ARFGAP1",0.00193,0.113,0.187,0.171,1,"ARFGAP1"
"TMEM117",0.00193,-0.117,0.164,0.183,1,"TMEM117"
"TAF12",0.00193,0.123,0.355,0.342,1,"TAF12"
"CCNJL",0.00193,0.292,0.091,0.079,1,"CCNJL"
"PI15",0.00193,0.552,0.028,0.021,1,"PI15"
"TLNRD1",0.00194,0.16,0.227,0.211,1,"TLNRD1"
"PCBP3",0.00195,0.272,0.158,0.143,1,"PCBP3"
"SHCBP1L",0.00196,0.361,0.066,0.055,1,"SHCBP1L"
"BLOC1S5",0.00196,0.159,0.268,0.253,1,"BLOC1S5"
"ACSF2",0.00196,-0.39,0.01,0.015,1,"ACSF2"
"ENSG00000278817",0.00196,0.407,0.064,0.054,1,"ENSG00000278817"
"TSSK3",0.00197,0.309,0.05,0.041,1,"TSSK3"
"UBOX5",0.00197,0.228,0.177,0.162,1,"UBOX5"
"ZNF365",0.00198,-0.71,0.008,0.013,1,"ZNF365"
"TAF5L",0.00199,0.123,0.27,0.254,1,"TAF5L"
"MT-TS1",0.002,0.563,0.023,0.017,1,"MT-TS1"
"TMEM187",0.002,0.275,0.142,0.128,1,"TMEM187"
"PRIM1",0.002,-0.599,0.281,0.265,1,"PRIM1"
"SLC9A1",0.002,0.267,0.112,0.098,1,"SLC9A1"
"NCLN",0.00201,0.193,0.174,0.159,1,"NCLN"
"C1QTNF7",0.00201,0.153,0.125,0.11,1,"C1QTNF7"
"H4C11",0.00202,0.56,0.035,0.027,1,"H4C11"
"CDT1",0.00205,-0.496,0.027,0.035,1,"CDT1"
"PRRG3",0.00206,0.338,0.05,0.04,1,"PRRG3"
"VSTM5",0.00207,0.285,0.067,0.056,1,"VSTM5"
"SLC2A4RG",0.00208,-0.342,0.066,0.077,1,"SLC2A4RG"
"CABP7",0.00209,0.324,0.057,0.047,1,"CABP7"
"THOC6",0.00211,0.252,0.196,0.183,1,"THOC6"
"ROR2",0.00212,-0.661,0.017,0.023,1,"ROR2"
"FN3KRP",0.00212,0.163,0.222,0.207,1,"FN3KRP"
"RADIL",0.00212,0.142,0.217,0.2,1,"RADIL"
"SAMHD1",0.00213,0.169,0.18,0.164,1,"SAMHD1"
"DYNC2H1",0.00213,-0.252,0.338,0.363,1,"DYNC2H1"
"PDZD7",0.00214,0.144,0.147,0.132,1,"PDZD7"
"DCBLD1",0.00215,0.253,0.08,0.068,1,"DCBLD1"
"SLC7A10",0.00215,0.495,0.021,0.015,1,"SLC7A10"
"ANO5",0.00215,-0.22,0.261,0.282,1,"ANO5"
"SPA17",0.00216,-0.232,0.037,0.046,1,"SPA17"
"PFKFB3",0.00216,-0.317,0.342,0.363,1,"PFKFB3"
"ENSG00000279089",0.00217,0.189,0.072,0.06,1,"ENSG00000279089"
"DNAJB1",0.00218,-0.113,0.358,0.343,1,"DNAJB1"
"SEMA7A",0.00218,0.41,0.05,0.041,1,"SEMA7A"
"ZNF699",0.00219,0.151,0.227,0.212,1,"ZNF699"
"FKBPL",0.0022,0.372,0.082,0.071,1,"FKBPL"
"PXN",0.0022,0.188,0.175,0.159,1,"PXN"
"RAP1GAP2",0.00221,-0.519,0.212,0.231,1,"RAP1GAP2"
"ZMAT1",0.00222,0.132,0.362,0.351,1,"ZMAT1"
"TDRP",0.00223,0.16,0.287,0.273,1,"TDRP"
"FMNL1",0.00223,-0.235,0.111,0.127,1,"FMNL1"
"KLF11",0.00223,0.153,0.217,0.201,1,"KLF11"
"ZNF200",0.00223,0.258,0.125,0.112,1,"ZNF200"
"GLB1L2",0.00226,0.212,0.087,0.075,1,"GLB1L2"
"PEX11B",0.00226,0.16,0.237,0.224,1,"PEX11B"
"ZNF341",0.00226,0.128,0.136,0.121,1,"ZNF341"
"RCN1",0.00226,-0.332,0.145,0.161,1,"RCN1"
"MT-TK",0.00226,0.711,0.017,0.011,1,"MT-TK"
"GARNL3",0.00227,-0.213,0.447,0.467,1,"GARNL3"
"ARHGAP44",0.00227,-0.343,0.453,0.469,1,"ARHGAP44"
"DUSP28",0.00228,0.235,0.134,0.12,1,"DUSP28"
"LLGL1",0.00228,0.292,0.104,0.091,1,"LLGL1"
"ENSG00000288894",0.00229,0.336,0.07,0.059,1,"ENSG00000288894"
"NOTCH2NLA",0.00229,-0.552,0.024,0.031,1,"NOTCH2NLA"
"TMEM150A",0.00229,0.295,0.083,0.071,1,"TMEM150A"
"COA7",0.00229,-1.17,0.261,0.245,1,"COA7"
"GRK5",0.0023,-0.214,0.295,0.319,1,"GRK5"
"DMPK",0.00231,0.15,0.164,0.148,1,"DMPK"
"GYG1",0.00232,0.202,0.092,0.079,1,"GYG1"
"PROX1",0.00232,-0.295,0.044,0.054,1,"PROX1"
"APOL5",0.00232,0.405,0.036,0.028,1,"APOL5"
"INPP1",0.00234,-0.53,0.032,0.04,1,"INPP1"
"ALG3",0.00235,0.217,0.159,0.145,1,"ALG3"
"FABP6",0.00235,0.539,0.048,0.039,1,"FABP6"
"ARL4A",0.00236,-0.243,0.093,0.106,1,"ARL4A"
"TRAF2",0.00236,0.191,0.166,0.152,1,"TRAF2"
"LRP2",0.00238,-0.674,0.01,0.015,1,"LRP2"
"SHLD3",0.00238,0.276,0.096,0.084,1,"SHLD3"
"TNK2",0.00238,0.141,0.225,0.211,1,"TNK2"
"KCNRG",0.00239,0.445,0.056,0.046,1,"KCNRG"
"VPS37B",0.00239,0.191,0.203,0.189,1,"VPS37B"
"PLEKHM1",0.00239,0.126,0.191,0.175,1,"PLEKHM1"
"CHERP",0.00239,0.111,0.292,0.279,1,"CHERP"
"ZNF90",0.00241,-0.381,0.05,0.06,1,"ZNF90"
"LHFPL5",0.00242,-0.28,0.134,0.15,1,"LHFPL5"
"TSC22D4",0.00243,0.192,0.142,0.128,1,"TSC22D4"
"YARS1",0.00243,0.101,0.398,0.383,1,"YARS1"
"XKR8",0.00244,0.864,0.011,0.007,1,"XKR8"
"ATXN1L",0.00246,0.229,0.17,0.155,1,"ATXN1L"
"SNRNP48",0.00248,0.133,0.251,0.235,1,"SNRNP48"
"LY6G6C",0.00249,0.416,0.052,0.043,1,"LY6G6C"
"ENSG00000284686",0.00253,-0.553,0.037,0.046,1,"ENSG00000284686"
"CENPJ",0.00253,-0.161,0.214,0.234,1,"CENPJ"
"SPTBN4",0.00254,-0.247,0.347,0.366,1,"SPTBN4"
"NECAB3",0.00254,0.238,0.114,0.101,1,"NECAB3"
"PDE1B",0.00254,-0.587,0.012,0.018,1,"PDE1B"
"SLC47A2",0.00254,0.3,0.066,0.056,1,"SLC47A2"
"N4BP3",0.00255,-0.474,0.017,0.024,1,"N4BP3"
"ALOX12B",0.00255,-1.261,0.014,0.02,1,"ALOX12B"
"PIGM",0.00256,0.145,0.233,0.218,1,"PIGM"
"MIF4GD",0.00256,0.465,0.189,0.174,1,"MIF4GD"
"PTDSS2",0.00256,0.172,0.193,0.178,1,"PTDSS2"
"C21orf91",0.00257,0.163,0.215,0.2,1,"C21orf91"
"PDSS1",0.00257,0.133,0.237,0.221,1,"PDSS1"
"NYAP2",0.00258,-0.208,0.572,0.59,1,"NYAP2"
"ENSG00000279489",0.00258,0.497,0.031,0.023,1,"ENSG00000279489"
"DSEL",0.00261,0.135,0.14,0.125,1,"DSEL"
"ATP1B2",0.00262,0.14,0.201,0.186,1,"ATP1B2"
"ITGA2B",0.00262,0.124,0.211,0.195,1,"ITGA2B"
"ENSG00000289720",0.00262,0.639,0.015,0.01,1,"ENSG00000289720"
"WDR31",0.00263,-0.124,0.13,0.147,1,"WDR31"
"NAPRT",0.00265,0.212,0.181,0.166,1,"NAPRT"
"OPRM1",0.00265,-0.851,0.009,0.014,1,"OPRM1"
"KIF6",0.00266,-0.32,0.024,0.031,1,"KIF6"
"SOX9",0.00267,-0.104,0.184,0.166,1,"SOX9"
"REEP6",0.00268,0.382,0.06,0.05,1,"REEP6"
"SHC4",0.00268,0.371,0.087,0.075,1,"SHC4"
"CD163L1",0.00268,-0.188,0.073,0.086,1,"CD163L1"
"CMYA5",0.00269,0.259,0.106,0.093,1,"CMYA5"
"AGBL4",0.00269,-0.558,0.181,0.197,1,"AGBL4"
"LINGO1",0.0027,-0.253,0.565,0.576,1,"LINGO1"
"KAT2B",0.00272,-0.207,0.075,0.087,1,"KAT2B"
"GPATCH11",0.00273,0.126,0.351,0.34,1,"GPATCH11"
"TLCD2",0.00274,0.562,0.019,0.013,1,"TLCD2"
"ANKZF1",0.00276,0.141,0.251,0.236,1,"ANKZF1"
"POLA2",0.00278,-0.452,0.073,0.085,1,"POLA2"
"SIRT4",0.00278,0.258,0.145,0.131,1,"SIRT4"
"SLC17A6",0.00278,-0.595,0.031,0.04,1,"SLC17A6"
"PDE5A",0.00278,-0.38,0.386,0.403,1,"PDE5A"
"SP1",0.0028,0.139,0.189,0.174,1,"SP1"
"RMI2",0.0028,-0.318,0.044,0.054,1,"RMI2"
"NAT8L",0.0028,0.152,0.188,0.173,1,"NAT8L"
"ARPIN",0.00281,0.263,0.131,0.117,1,"ARPIN"
"ENSG00000279977",0.00281,0.622,0.018,0.012,1,"ENSG00000279977"
"CLN5",0.00282,0.145,0.288,0.274,1,"CLN5"
"PILRA",0.00283,0.15,0.278,0.262,1,"PILRA"
"GPX8",0.00283,-0.79,0.01,0.015,1,"GPX8"
"CCDC181",0.00284,0.208,0.247,0.234,1,"CCDC181"
"ITPR2",0.00286,0.424,0.071,0.06,1,"ITPR2"
"C1orf100",0.00286,0.288,0.055,0.045,1,"C1orf100"
"POLD4",0.00287,0.299,0.096,0.084,1,"POLD4"
"ADAMTSL3",0.00287,-0.185,0.079,0.091,1,"ADAMTSL3"
"HEATR9",0.00288,0.317,0.046,0.037,1,"HEATR9"
"ZNF865",0.00289,0.225,0.109,0.096,1,"ZNF865"
"TESK1",0.0029,0.185,0.214,0.199,1,"TESK1"
"HGH1",0.0029,0.236,0.08,0.068,1,"HGH1"
"SLCO4A1",0.00291,-0.599,0.007,0.012,1,"SLCO4A1"
"PCDHA9",0.00296,0.227,0.151,0.137,1,"PCDHA9"
"BHMT",0.00297,-0.55,0.011,0.016,1,"BHMT"
"PCSK6",0.00298,-0.174,0.084,0.097,1,"PCSK6"
"GAL3ST3",0.00299,0.196,0.154,0.14,1,"GAL3ST3"
"DCTD",0.00303,0.227,0.15,0.136,1,"DCTD"
"SLC45A4",0.00303,0.209,0.151,0.137,1,"SLC45A4"
"ENSG00000280334",0.00303,-0.591,0.016,0.022,1,"ENSG00000280334"
"VXN",0.00304,0.351,0.028,0.021,1,"VXN"
"SPINT1",0.00304,-0.346,0.026,0.034,1,"SPINT1"
"CABCOCO1",0.00307,-0.707,0.008,0.012,1,"CABCOCO1"
"ENSG00000279700",0.00307,0.237,0.102,0.089,1,"ENSG00000279700"
"MYH14",0.00308,0.47,0.073,0.063,1,"MYH14"
"GPAM",0.00309,0.2,0.194,0.18,1,"GPAM"
"WDR19",0.00311,0.114,0.388,0.375,1,"WDR19"
"FERMT3",0.00311,0.373,0.039,0.031,1,"FERMT3"
"PSMC3IP",0.00312,0.164,0.16,0.145,1,"PSMC3IP"
"CREG1",0.00313,0.171,0.27,0.256,1,"CREG1"
"AJM1",0.00314,-0.314,0.044,0.054,1,"AJM1"
"TESK2",0.00315,0.352,0.068,0.057,1,"TESK2"
"BCL6",0.00316,-0.154,0.234,0.255,1,"BCL6"
"DUSP3",0.00317,0.187,0.158,0.144,1,"DUSP3"
"CFD",0.00318,-0.484,0.039,0.048,1,"CFD"
"CYB5R1",0.00319,0.141,0.26,0.247,1,"CYB5R1"
"NMU",0.00319,-0.355,0.007,0.011,1,"NMU"
"CYBRD1",0.00321,-0.743,0.014,0.02,1,"CYBRD1"
"HYAL3",0.00321,0.435,0.03,0.023,1,"HYAL3"
"PHKA2",0.00322,0.191,0.18,0.165,1,"PHKA2"
"SNURF",0.00323,0.332,0.089,0.078,1,"SNURF"
"ARHGAP26",0.00323,-0.304,0.084,0.096,1,"ARHGAP26"
"MCM5",0.00324,-0.255,0.055,0.066,1,"MCM5"
"HELLS",0.00324,-0.152,0.267,0.247,1,"HELLS"
"DSCC1",0.00325,-0.233,0.061,0.072,1,"DSCC1"
"NPTX2",0.00326,0.541,0.034,0.027,1,"NPTX2"
"PMAIP1",0.00327,-0.447,0.014,0.02,1,"PMAIP1"
"COL22A1",0.00327,-0.399,0.008,0.013,1,"COL22A1"
"TOP3B",0.00328,0.138,0.196,0.181,1,"TOP3B"
"CLEC18A",0.00328,0.836,0.011,0.007,1,"CLEC18A"
"DYRK3",0.00329,0.102,0.209,0.193,1,"DYRK3"
"MRS2",0.00329,0.147,0.233,0.218,1,"MRS2"
"PLOD3",0.00331,0.146,0.176,0.161,1,"PLOD3"
"TRMO",0.00333,0.189,0.184,0.171,1,"TRMO"
"ZNF215",0.00335,-0.465,0.03,0.038,1,"ZNF215"
"TIPARP",0.00335,0.333,0.109,0.097,1,"TIPARP"
"FUCA2",0.00335,-0.21,0.089,0.103,1,"FUCA2"
"RS1",0.00336,0.233,0.058,0.048,1,"RS1"
"INPP5E",0.00338,0.143,0.17,0.155,1,"INPP5E"
"AGAP6",0.00339,-0.248,0.031,0.039,1,"AGAP6"
"CTSF",0.0034,0.478,0.023,0.016,1,"CTSF"
"ZNF511",0.00342,0.232,0.16,0.147,1,"ZNF511"
"RIPK1",0.00342,-0.265,0.157,0.173,1,"RIPK1"
"CHCHD4",0.00343,0.288,0.091,0.08,1,"CHCHD4"
"TVP23B",0.00343,0.152,0.224,0.21,1,"TVP23B"
"CLK2",0.00344,0.179,0.241,0.227,1,"CLK2"
"RECQL",0.00344,0.134,0.278,0.264,1,"RECQL"
"ARHGAP11A",0.00345,-0.656,0.044,0.053,1,"ARHGAP11A"
"TBC1D13",0.00345,0.206,0.157,0.144,1,"TBC1D13"
"AURKA",0.00346,-0.441,0.045,0.054,1,"AURKA"
"NUDT15",0.00348,0.235,0.125,0.112,1,"NUDT15"
"ZNF527",0.00348,0.236,0.154,0.141,1,"ZNF527"
"CENPM",0.0035,-0.334,0.049,0.059,1,"CENPM"
"STAT5A",0.0035,0.501,0.022,0.016,1,"STAT5A"
"ATP2B1",0.00351,-0.289,0.472,0.494,1,"ATP2B1"
"PHF8",0.00352,0.124,0.288,0.273,1,"PHF8"
"KLHDC4",0.00352,0.143,0.256,0.242,1,"KLHDC4"
"DDX59",0.00354,0.18,0.186,0.171,1,"DDX59"
"TRIM41",0.00356,0.175,0.197,0.183,1,"TRIM41"
"MSX1",0.00356,0.354,0.054,0.044,1,"MSX1"
"PGPEP1",0.00357,0.307,0.053,0.044,1,"PGPEP1"
"ABHD11",0.00358,0.264,0.072,0.062,1,"ABHD11"
"NAP1L3",0.00358,0.135,0.344,0.331,1,"NAP1L3"
"ACADSB",0.00359,0.181,0.213,0.198,1,"ACADSB"
"PHF19",0.00361,-0.397,0.039,0.048,1,"PHF19"
"RGS7BP",0.00361,-0.13,0.378,0.402,1,"RGS7BP"
"TMEM80",0.00365,0.187,0.16,0.146,1,"TMEM80"
"NFAM1",0.00367,-0.618,0.011,0.016,1,"NFAM1"
"TTC23",0.00368,-0.229,0.113,0.128,1,"TTC23"
"GSTO1",0.00369,0.18,0.115,0.103,1,"GSTO1"
"FBXO27",0.00371,-0.63,0.015,0.02,1,"FBXO27"
"YPEL4",0.00372,0.335,0.064,0.054,1,"YPEL4"
"EEF1AKMT1",0.00372,0.149,0.235,0.219,1,"EEF1AKMT1"
"CDH8",0.00373,-0.433,0.07,0.082,1,"CDH8"
"LAMA4",0.00375,-0.568,0.015,0.021,1,"LAMA4"
"C17orf80",0.00375,0.135,0.26,0.246,1,"C17orf80"
"SYNE4",0.00375,0.51,0.026,0.019,1,"SYNE4"
"SNTB1",0.00377,-0.459,0.023,0.031,1,"SNTB1"
"ALG1",0.00377,0.22,0.101,0.089,1,"ALG1"
"WDR3",0.0038,0.109,0.349,0.335,1,"WDR3"
"UNC5B",0.00382,-0.502,0.012,0.017,1,"UNC5B"
"NUP210",0.00383,-0.236,0.057,0.068,1,"NUP210"
"PHF13",0.00384,0.204,0.172,0.159,1,"PHF13"
"CALHM6",0.00384,-0.412,0.011,0.015,1,"CALHM6"
"ZDHHC6",0.00385,0.122,0.292,0.278,1,"ZDHHC6"
"SOSTDC1",0.00386,-0.531,0.012,0.017,1,"SOSTDC1"
"ASF1B",0.00388,-0.275,0.047,0.057,1,"ASF1B"
"MATR3.1",0.00388,0.125,0.201,0.186,1,"MATR3.1"
"ZNF747",0.00389,0.335,0.077,0.067,1,"ZNF747"
"TARBP1",0.00389,-0.188,0.424,0.444,1,"TARBP1"
"KANK2",0.00392,-0.459,0.013,0.019,1,"KANK2"
"ALG12",0.00392,0.18,0.182,0.168,1,"ALG12"
"BCO2",0.00394,0.345,0.097,0.085,1,"BCO2"
"OFD1",0.00394,0.133,0.38,0.369,1,"OFD1"
"C11orf87",0.00395,-0.155,0.197,0.215,1,"C11orf87"
"DDX41",0.00398,0.205,0.184,0.17,1,"DDX41"
"DUT",0.00399,-0.117,0.402,0.387,1,"DUT"
"GLRA3",0.004,-1.142,0.009,0.013,1,"GLRA3"
"SLC37A4",0.00401,0.23,0.164,0.151,1,"SLC37A4"
"PYCR3",0.00402,0.271,0.069,0.059,1,"PYCR3"
"NID2",0.00403,0.409,0.043,0.035,1,"NID2"
"CLIC2",0.00404,0.255,0.105,0.093,1,"CLIC2"
"MAOA",0.00405,0.245,0.154,0.141,1,"MAOA"
"RPL3L",0.00409,0.569,0.03,0.023,1,"RPL3L"
"CHAC2",0.00409,0.142,0.128,0.115,1,"CHAC2"
"RUNX1",0.00413,-0.537,0.047,0.056,1,"RUNX1"
"PYROXD1",0.00413,0.162,0.22,0.207,1,"PYROXD1"
"NENF",0.00413,0.155,0.203,0.188,1,"NENF"
"CCDC160",0.00414,-0.655,0.009,0.013,1,"CCDC160"
"CACNA1H",0.00414,0.163,0.116,0.103,1,"CACNA1H"
"SLC35A4",0.00415,0.196,0.14,0.127,1,"SLC35A4"
"COLGALT2",0.00418,-0.44,0.117,0.13,1,"COLGALT2"
"FAM107A",0.00418,-0.539,0.023,0.03,1,"FAM107A"
"LRP2BP",0.00419,-0.183,0.2,0.219,1,"LRP2BP"
"SPATA6",0.0042,0.248,0.126,0.113,1,"SPATA6"
"CPS1",0.0042,-0.389,0.016,0.022,1,"CPS1"
"PKD1L1",0.0042,-0.532,0.02,0.026,1,"PKD1L1"
"ZNF808",0.00422,0.204,0.149,0.135,1,"ZNF808"
"SLC24A3",0.00423,0.275,0.249,0.236,1,"SLC24A3"
"GSTM4",0.00424,-0.333,0.022,0.028,1,"GSTM4"
"DDR2",0.00424,-0.306,0.053,0.064,1,"DDR2"
"ICAM5",0.00425,-0.471,0.017,0.023,1,"ICAM5"
"TRHR",0.00425,-0.741,0.014,0.02,1,"TRHR"
"ENSG00000279786",0.00425,0.492,0.023,0.017,1,"ENSG00000279786"
"IPP",0.00426,0.143,0.273,0.26,1,"IPP"
"LEXM",0.00427,0.199,0.097,0.084,1,"LEXM"
"ZNF500",0.00427,0.129,0.165,0.151,1,"ZNF500"
"RAB39A",0.0043,0.131,0.199,0.185,1,"RAB39A"
"NAGPA",0.00438,0.291,0.113,0.101,1,"NAGPA"
"SCIMP",0.00439,0.145,0.089,0.078,1,"SCIMP"
"ZNF615",0.0044,0.187,0.14,0.127,1,"ZNF615"
"LRATD2",0.00441,-0.444,0.016,0.021,1,"LRATD2"
"VCPKMT",0.00443,0.116,0.275,0.261,1,"VCPKMT"
"MARCHF3",0.00443,-0.437,0.308,0.324,1,"MARCHF3"
"HHIP",0.00446,0.127,0.126,0.112,1,"HHIP"
"NDUFC2-KCTD14",0.00446,0.226,0.137,0.124,1,"NDUFC2-KCTD14"
"LUZP2",0.00448,-0.863,0.012,0.017,1,"LUZP2"
"COMP",0.00449,0.425,0.019,0.014,1,"COMP"
"SLCO1B1",0.00449,0.477,0.032,0.025,1,"SLCO1B1"
"ENSG00000279502",0.0045,0.407,0.03,0.023,1,"ENSG00000279502"
"GTF2E1",0.00451,0.253,0.143,0.13,1,"GTF2E1"
"EPB41L1",0.00452,-0.168,0.408,0.429,1,"EPB41L1"
"GJA9",0.00453,0.226,0.07,0.06,1,"GJA9"
"CC2D2B",0.00453,-0.659,0.012,0.017,1,"CC2D2B"
"SIRT3",0.00454,0.12,0.29,0.276,1,"SIRT3"
"ACOT2",0.00455,0.276,0.062,0.052,1,"ACOT2"
"CFAP47",0.00458,-0.51,0.011,0.015,1,"CFAP47"
"FAM167A",0.0046,-0.903,0.007,0.011,1,"FAM167A"
"ZNF816-ZNF321P",0.0046,0.343,0.07,0.06,1,"ZNF816-ZNF321P"
"PSMG1",0.0046,-0.152,0.105,0.12,1,"PSMG1"
"VAMP7",0.00461,0.288,0.105,0.094,1,"VAMP7"
"C22orf31",0.00461,0.388,0.013,0.009,1,"C22orf31"
"CLSPN",0.00462,-0.319,0.079,0.091,1,"CLSPN"
"CABP1",0.00462,-0.125,0.147,0.165,1,"CABP1"
"CHRNB1",0.00463,0.193,0.175,0.162,1,"CHRNB1"
"TAB1",0.00465,0.136,0.301,0.287,1,"TAB1"
"CAMK2A",0.00465,-0.315,0.077,0.088,1,"CAMK2A"
"METTL7A",0.00468,0.167,0.087,0.075,1,"METTL7A"
"IMPG1",0.00469,0.567,0.019,0.014,1,"IMPG1"
"DCDC2",0.0047,-0.334,0.007,0.012,1,"DCDC2"
"IDE",0.0047,0.117,0.32,0.306,1,"IDE"
"GCNT3",0.00471,0.424,0.034,0.027,1,"GCNT3"
"RARRES1",0.00471,-0.231,0.145,0.161,1,"RARRES1"
"YOD1",0.00474,0.26,0.102,0.09,1,"YOD1"
"MARVELD2",0.00477,0.361,0.036,0.028,1,"MARVELD2"
"DDX51",0.00477,0.183,0.15,0.137,1,"DDX51"
"ETFBKMT",0.0048,0.196,0.14,0.127,1,"ETFBKMT"
"MYBBP1A",0.00481,0.299,0.101,0.089,1,"MYBBP1A"
"RWDD3",0.00482,0.159,0.169,0.156,1,"RWDD3"
"ASB13",0.00483,0.151,0.206,0.192,1,"ASB13"
"ARL1",0.00484,0.155,0.255,0.241,1,"ARL1"
"ERMAP",0.00486,-0.379,0.013,0.018,1,"ERMAP"
"FAM131C",0.00486,-0.344,0.018,0.025,1,"FAM131C"
"OTULINL",0.00487,-0.133,0.062,0.073,1,"OTULINL"
"ANK2",0.00488,-0.335,0.923,0.914,1,"ANK2"
"TOR1AIP1",0.00488,0.171,0.194,0.18,1,"TOR1AIP1"
"CENPQ",0.00489,-0.356,0.063,0.074,1,"CENPQ"
"C12orf75",0.0049,-0.254,0.12,0.135,1,"C12orf75"
"PEX11A",0.0049,0.229,0.117,0.105,1,"PEX11A"
"LYG2",0.00491,0.2,0.098,0.086,1,"LYG2"
"PRR19",0.00494,0.287,0.093,0.082,1,"PRR19"
"VPS37C",0.00496,0.193,0.161,0.148,1,"VPS37C"
"TARS2",0.00498,0.173,0.213,0.2,1,"TARS2"
"MRNIP",0.00498,0.121,0.358,0.347,1,"MRNIP"
"PRG4",0.005,0.428,0.02,0.014,1,"PRG4"
"ABCF3",0.00501,0.274,0.127,0.115,1,"ABCF3"
"RAD1",0.00504,0.144,0.297,0.285,1,"RAD1"
"PHKG1",0.00507,0.227,0.163,0.15,1,"PHKG1"
"ATR",0.00509,-0.125,0.382,0.406,1,"ATR"
"LRRC14",0.00511,0.224,0.106,0.095,1,"LRRC14"
"OIT3",0.00514,0.223,0.082,0.071,1,"OIT3"
"CDK7",0.00514,0.145,0.282,0.268,1,"CDK7"
"UNKL",0.00522,0.218,0.148,0.136,1,"UNKL"
"GLIPR2",0.00523,-0.374,0.031,0.038,1,"GLIPR2"
"RUBCN",0.00525,0.119,0.348,0.336,1,"RUBCN"
"CXCL17",0.00526,0.223,0.073,0.063,1,"CXCL17"
"HACD4",0.00527,0.152,0.052,0.043,1,"HACD4"
"ASMTL",0.00529,0.185,0.158,0.145,1,"ASMTL"
"HTR4",0.00531,0.253,0.016,0.011,1,"HTR4"
"TMEM116",0.00532,-0.203,0.183,0.2,1,"TMEM116"
"GPR180",0.00535,0.103,0.252,0.238,1,"GPR180"
"TCTE1",0.00535,0.224,0.113,0.101,1,"TCTE1"
"NBPF15",0.00537,-0.228,0.188,0.205,1,"NBPF15"
"SLITRK4",0.0054,-0.237,0.255,0.274,1,"SLITRK4"
"HEBP1",0.00542,-0.207,0.08,0.092,1,"HEBP1"
"ZNF596",0.00542,0.27,0.096,0.085,1,"ZNF596"
"SLC29A3",0.00542,0.314,0.064,0.055,1,"SLC29A3"
"NUP155",0.00544,0.104,0.274,0.26,1,"NUP155"
"ITGB3",0.00544,-0.579,0.013,0.019,1,"ITGB3"
"MTTP",0.00549,-0.219,0.056,0.067,1,"MTTP"
"DCDC1",0.00552,-0.407,0.034,0.042,1,"DCDC1"
"PPOX",0.00553,0.122,0.226,0.213,1,"PPOX"
"TP53I13",0.00553,0.19,0.145,0.132,1,"TP53I13"
"TEX55",0.00553,-0.979,0.007,0.011,1,"TEX55"
"HOOK1",0.00553,-0.201,0.114,0.128,1,"HOOK1"
"SLC46A3",0.00554,-0.172,0.053,0.063,1,"SLC46A3"
"TRDMT1",0.00555,-0.16,0.309,0.329,1,"TRDMT1"
"CA13",0.00556,0.284,0.097,0.086,1,"CA13"
"PLPP6",0.00556,0.212,0.135,0.122,1,"PLPP6"
"FAM133A",0.0056,-0.198,0.049,0.059,1,"FAM133A"
"NCAPG2",0.00561,-0.361,0.085,0.096,1,"NCAPG2"
"ZFP69",0.00561,0.172,0.148,0.135,1,"ZFP69"
"CHAT",0.00562,-0.579,0.013,0.018,1,"CHAT"
"PXDC1",0.00563,-0.566,0.009,0.014,1,"PXDC1"
"TYK2",0.00563,0.188,0.146,0.133,1,"TYK2"
"C1orf198",0.00565,0.215,0.158,0.145,1,"C1orf198"
"VWC2",0.00566,-0.386,0.051,0.061,1,"VWC2"
"GSTCD",0.0057,-0.103,0.243,0.264,1,"GSTCD"
"PLGLB1",0.0057,0.332,0.112,0.101,1,"PLGLB1"
"MAGOHB",0.0057,0.124,0.331,0.321,1,"MAGOHB"
"ASPN",0.00571,-0.476,0.025,0.032,1,"ASPN"
"CPHXL2",0.00579,0.192,0.091,0.08,1,"CPHXL2"
"NPFF",0.00582,0.685,0.023,0.018,1,"NPFF"
"CTSA",0.00584,0.289,0.114,0.103,1,"CTSA"
"ZNF284",0.00585,0.254,0.104,0.092,1,"ZNF284"
"HSD17B14",0.00586,-0.149,0.044,0.053,1,"HSD17B14"
"CARMIL3",0.00589,-0.178,0.149,0.165,1,"CARMIL3"
"DNAJC24",0.00593,-0.163,0.239,0.26,1,"DNAJC24"
"ENSG00000279692",0.00597,0.418,0.021,0.015,1,"ENSG00000279692"
"DNPH1",0.00597,-0.112,0.19,0.208,1,"DNPH1"
"PHLDA3",0.006,0.178,0.099,0.087,1,"PHLDA3"
"QPRT",0.006,-4.673,0.106,0.094,1,"QPRT"
"PDP2",0.00603,0.179,0.08,0.07,1,"PDP2"
"MTFP1",0.00603,-0.228,0.115,0.129,1,"MTFP1"
"TST",0.00605,0.326,0.068,0.058,1,"TST"
"ATPSCKMT",0.00606,0.109,0.256,0.242,1,"ATPSCKMT"
"EOMES",0.00606,0.196,0.108,0.095,1,"EOMES"
"ZNF460",0.00606,0.163,0.16,0.146,1,"ZNF460"
"LEAP2",0.00607,0.193,0.118,0.106,1,"LEAP2"
"PAQR8",0.00609,-0.208,0.019,0.026,1,"PAQR8"
"DNAJC15",0.00609,0.236,0.148,0.135,1,"DNAJC15"
"OXR1",0.0061,-0.24,0.623,0.633,1,"OXR1"
"IMPA2",0.00611,-0.248,0.056,0.066,1,"IMPA2"
"SERTAD4",0.00612,-0.536,0.016,0.021,1,"SERTAD4"
"BMP6",0.00615,-0.659,0.022,0.028,1,"BMP6"
"SNX5",0.00617,0.107,0.28,0.267,1,"SNX5"
"NSUN7",0.00618,-0.43,0.043,0.052,1,"NSUN7"
"RASSF3",0.00622,0.255,0.082,0.072,1,"RASSF3"
"OCA2",0.00624,-0.178,0.214,0.231,1,"OCA2"
"UBIAD1",0.00624,0.195,0.2,0.187,1,"UBIAD1"
"GCNT4",0.00625,-1.184,0.006,0.01,1,"GCNT4"
"ASPDH",0.00626,0.363,0.018,0.013,1,"ASPDH"
"SYS1",0.00627,0.198,0.185,0.172,1,"SYS1"
"TMEM161A",0.00628,0.172,0.204,0.191,1,"TMEM161A"
"LRRIQ1",0.00628,-0.151,0.263,0.283,1,"LRRIQ1"
"CORO2A",0.00631,-0.274,0.095,0.108,1,"CORO2A"
"EXOSC1",0.00633,0.144,0.363,0.354,1,"EXOSC1"
"SIX4",0.00634,0.445,0.045,0.037,1,"SIX4"
"MFSD9",0.00636,0.227,0.171,0.159,1,"MFSD9"
"TAP1",0.00636,0.66,0.022,0.016,1,"TAP1"
"SALL3",0.00636,-0.582,0.019,0.025,1,"SALL3"
"PMS2",0.00639,0.12,0.251,0.236,1,"PMS2"
"PARP9",0.00642,-0.676,0.006,0.01,1,"PARP9"
"ADCY7",0.00644,0.164,0.055,0.047,1,"ADCY7"
"KCNH6",0.00646,-0.686,0.006,0.01,1,"KCNH6"
"INHBA",0.00647,-0.252,0.065,0.076,1,"INHBA"
"ENSG00000280047",0.00648,0.128,0.181,0.167,1,"ENSG00000280047"
"DDX54",0.00649,0.153,0.185,0.171,1,"DDX54"
"SPRYD3",0.00651,0.182,0.122,0.11,1,"SPRYD3"
"CDH1",0.00651,-0.647,0.011,0.016,1,"CDH1"
"RAD51D",0.00654,0.12,0.286,0.273,1,"RAD51D"
"SMN2",0.00655,0.353,0.038,0.03,1,"SMN2"
"FBP2",0.00655,0.218,0.095,0.084,1,"FBP2"
"PPTC7",0.00655,0.165,0.213,0.199,1,"PPTC7"
"POLR3E",0.00655,0.131,0.247,0.233,1,"POLR3E"
"CEL",0.00656,0.455,0.042,0.034,1,"CEL"
"ELAC1",0.00657,0.189,0.192,0.179,1,"ELAC1"
"TEP1",0.00663,0.17,0.117,0.105,1,"TEP1"
"CFAP119",0.00665,0.339,0.045,0.037,1,"CFAP119"
"RAD54L",0.0067,0.153,0.097,0.085,1,"RAD54L"
"STAT6",0.00672,0.208,0.115,0.103,1,"STAT6"
"MTM1",0.00672,0.124,0.307,0.294,1,"MTM1"
"ANKRD29",0.00673,-0.263,0.014,0.019,1,"ANKRD29"
"OSMR",0.00677,0.243,0.03,0.024,1,"OSMR"
"JAM2",0.00679,0.115,0.325,0.311,1,"JAM2"
"ANO3",0.0068,-0.708,0.006,0.01,1,"ANO3"
"GSG1L",0.00681,-0.542,0.028,0.035,1,"GSG1L"
"ENPP5",0.00682,-0.323,0.039,0.047,1,"ENPP5"
"IBA57",0.00683,0.217,0.084,0.073,1,"IBA57"
"MBOAT4",0.00684,0.623,0.025,0.019,1,"MBOAT4"
"RBM47",0.00686,-0.367,0.013,0.018,1,"RBM47"
"PLK1",0.0069,-0.598,0.045,0.053,1,"PLK1"
"CBR3",0.0069,0.26,0.052,0.044,1,"CBR3"
"KLLN",0.0069,-0.506,0.012,0.016,1,"KLLN"
"TCEAL1",0.00691,0.103,0.367,0.355,1,"TCEAL1"
"SMIM38",0.00695,-0.313,0.021,0.027,1,"SMIM38"
"SLC30A4",0.00696,-0.155,0.095,0.108,1,"SLC30A4"
"AP4B1",0.00697,0.166,0.166,0.153,1,"AP4B1"
"IL13",0.00698,0.543,0.014,0.01,1,"IL13"
"ODAD2",0.00698,-0.69,0.011,0.015,1,"ODAD2"
"MRAP2",0.00698,-0.9,0.007,0.011,1,"MRAP2"
"BEND7",0.007,0.105,0.285,0.272,1,"BEND7"
"MDFIC",0.00702,-0.208,0.026,0.033,1,"MDFIC"
"GET4",0.00704,0.461,0.01,0.006,1,"GET4"
"YAP1",0.00706,-0.527,0.097,0.109,1,"YAP1"
"ANKRD49",0.00707,0.174,0.219,0.207,1,"ANKRD49"
"RASL10A",0.00709,-0.452,0.028,0.035,1,"RASL10A"
"PPP1R14A",0.00709,0.513,0.043,0.035,1,"PPP1R14A"
"HYAL1",0.00711,0.214,0.072,0.063,1,"HYAL1"
"DOCK6",0.00712,-0.598,0.017,0.022,1,"DOCK6"
"CCNA2",0.00714,-0.507,0.066,0.076,1,"CCNA2"
"CCDC24",0.00714,-0.143,0.148,0.164,1,"CCDC24"
"BIN3",0.00715,0.162,0.278,0.265,1,"BIN3"
"C2CD2",0.00716,-0.532,0.017,0.022,1,"C2CD2"
"PLEKHB1",0.00717,0.266,0.045,0.037,1,"PLEKHB1"
"ZNF417",0.00717,0.186,0.211,0.199,1,"ZNF417"
"DIO2",0.00717,-0.194,0.089,0.101,1,"DIO2"
"TBP",0.0072,0.102,0.254,0.242,1,"TBP"
"HHIPL1",0.00725,0.167,0.124,0.112,1,"HHIPL1"
"ZNF768",0.00727,0.136,0.152,0.14,1,"ZNF768"
"SLC13A4",0.00728,0.115,0.189,0.176,1,"SLC13A4"
"RDH13",0.00731,0.175,0.144,0.131,1,"RDH13"
"CHAF1B",0.00731,0.189,0.125,0.113,1,"CHAF1B"
"ZNF223",0.00733,0.185,0.174,0.162,1,"ZNF223"
"MFAP2",0.00733,-0.329,0.037,0.045,1,"MFAP2"
"REXO5",0.00743,0.14,0.131,0.119,1,"REXO5"
"METTL3",0.00746,0.139,0.264,0.253,1,"METTL3"
"TM6SF1",0.00751,0.108,0.142,0.128,1,"TM6SF1"
"CYP20A1",0.00751,0.13,0.185,0.172,1,"CYP20A1"
"CUL7",0.00753,0.114,0.172,0.158,1,"CUL7"
"KLHL41",0.00754,-0.469,0.025,0.032,1,"KLHL41"
"TREH",0.00755,0.157,0.05,0.042,1,"TREH"
"NXNL2",0.00755,-0.413,0.023,0.03,1,"NXNL2"
"MERTK",0.00756,0.239,0.05,0.042,1,"MERTK"
"PCDH11X",0.00758,-0.582,0.28,0.3,1,"PCDH11X"
"LOXL1",0.0076,0.506,0.027,0.021,1,"LOXL1"
"BLVRB",0.00765,0.158,0.203,0.19,1,"BLVRB"
"BBOF1",0.00766,-0.189,0.128,0.142,1,"BBOF1"
"ITGA3",0.00766,-0.184,0.078,0.089,1,"ITGA3"
"DBP",0.00766,0.222,0.079,0.068,1,"DBP"
"GMPPA",0.00774,0.333,0.075,0.065,1,"GMPPA"
"FOXP2",0.00774,-0.835,0.04,0.048,1,"FOXP2"
"TTC39B",0.00778,-0.186,0.251,0.27,1,"TTC39B"
"STON1",0.00778,0.3,0.065,0.056,1,"STON1"
"EFCAB7",0.00781,-0.113,0.442,0.462,1,"EFCAB7"
"NFKB2",0.00781,-0.39,0.015,0.02,1,"NFKB2"
"ADAMTS12",0.00782,-1.017,0.008,0.012,1,"ADAMTS12"
"ZNF502",0.00784,0.312,0.041,0.034,1,"ZNF502"
"NODAL",0.00789,0.321,0.081,0.071,1,"NODAL"
"SDR42E2",0.00789,-0.731,0.009,0.013,1,"SDR42E2"
"LGI1",0.00789,-0.508,0.008,0.012,1,"LGI1"
"ZBED6",0.00794,0.406,0.028,0.022,1,"ZBED6"
"SLC39A13",0.00794,0.206,0.112,0.101,1,"SLC39A13"
"EDARADD",0.00795,-0.427,0.02,0.027,1,"EDARADD"
"LIN52",0.00796,0.136,0.331,0.319,1,"LIN52"
"IL11",0.00798,0.462,0.016,0.011,1,"IL11"
"ARRDC1",0.00799,0.154,0.149,0.136,1,"ARRDC1"
"ENSG00000279838",0.00799,0.134,0.176,0.163,1,"ENSG00000279838"
"SLC35G5",0.00799,0.39,0.041,0.033,1,"SLC35G5"
"TLDC2",0.00806,0.658,0.011,0.007,1,"TLDC2"
"BEST1",0.00807,0.203,0.098,0.087,1,"BEST1"
"TICAM2",0.00808,0.259,0.094,0.083,1,"TICAM2"
"POC1A",0.00813,-0.399,0.028,0.035,1,"POC1A"
"TYMS",0.00814,-0.318,0.121,0.133,1,"TYMS"
"C17orf58",0.00814,-0.148,0.178,0.195,1,"C17orf58"
"PPIH",0.00815,0.103,0.342,0.33,1,"PPIH"
"LHFPL2",0.00821,-0.215,0.12,0.133,1,"LHFPL2"
"GOLGA5",0.00822,0.107,0.283,0.272,1,"GOLGA5"
"ZNF419",0.00823,0.198,0.154,0.142,1,"ZNF419"
"ABCB11",0.00824,0.532,0.039,0.032,1,"ABCB11"
"MYRF",0.00824,0.413,0.025,0.019,1,"MYRF"
"ACOT11",0.00827,-0.466,0.009,0.013,1,"ACOT11"
"SLC66A1",0.00828,0.193,0.106,0.095,1,"SLC66A1"
"SLC2A1",0.00829,0.231,0.139,0.127,1,"SLC2A1"
"SLC26A7",0.00836,-0.466,0.01,0.014,1,"SLC26A7"
"PLXDC1",0.00837,-0.69,0.016,0.021,1,"PLXDC1"
"RAMAC",0.00838,0.216,0.126,0.115,1,"RAMAC"
"RHOBTB2",0.0084,0.125,0.223,0.21,1,"RHOBTB2"
"PCOLCE",0.00841,0.285,0.04,0.033,1,"PCOLCE"
"SPAG17",0.00841,-0.45,0.039,0.047,1,"SPAG17"
"CDKL4",0.00843,0.276,0.11,0.099,1,"CDKL4"
"SPINT2",0.00845,0.14,0.529,0.527,1,"SPINT2"
"SIDT1",0.00845,-0.601,0.016,0.022,1,"SIDT1"
"TUBA3FP",0.00845,0.234,0.088,0.077,1,"TUBA3FP"
"ENSG00000279670",0.00848,0.377,0.038,0.031,1,"ENSG00000279670"
"ENSG00000279319",0.00848,0.388,0.043,0.035,1,"ENSG00000279319"
"DERL3",0.00849,-0.5,0.017,0.023,1,"DERL3"
"UMAD1",0.00854,0.118,0.451,0.444,1,"UMAD1"
"PCDHGA8",0.00856,0.252,0.053,0.044,1,"PCDHGA8"
"C6orf52",0.00859,0.261,0.115,0.104,1,"C6orf52"
"PIERCE1",0.00862,0.302,0.09,0.08,1,"PIERCE1"
"CNGA3",0.00864,0.359,0.039,0.032,1,"CNGA3"
"EFCAB3",0.00868,-0.449,0.011,0.016,1,"EFCAB3"
"PTH2R",0.0087,-0.121,0.034,0.042,1,"PTH2R"
"EPHB4",0.00873,0.258,0.061,0.052,1,"EPHB4"
"PMFBP1",0.00874,0.476,0.043,0.036,1,"PMFBP1"
"MOB3B",0.00876,-0.312,0.242,0.259,1,"MOB3B"
"ENSG00000279140",0.00878,0.255,0.082,0.072,1,"ENSG00000279140"
"NUDT12",0.0088,-0.139,0.154,0.171,1,"NUDT12"
"ARHGEF10L",0.0088,0.109,0.282,0.268,1,"ARHGEF10L"
"CDYL2",0.00882,-0.126,0.15,0.165,1,"CDYL2"
"GALNT15",0.00883,0.254,0.075,0.065,1,"GALNT15"
"TCP10L",0.00884,0.116,0.244,0.232,1,"TCP10L"
"HUS1",0.0089,0.102,0.177,0.164,1,"HUS1"
"MTHFSD",0.00893,0.321,0.107,0.096,1,"MTHFSD"
"VPS52",0.00894,0.104,0.207,0.193,1,"VPS52"
"ZSCAN25",0.00894,0.16,0.127,0.115,1,"ZSCAN25"
"NOC3L",0.00894,0.142,0.227,0.214,1,"NOC3L"
"GZF1",0.00897,0.197,0.121,0.109,1,"GZF1"
"ZNF880",0.00901,0.165,0.169,0.156,1,"ZNF880"
"CTNNA3",0.00909,-0.443,0.08,0.091,1,"CTNNA3"
"IFI16",0.00914,-0.339,0.039,0.047,1,"IFI16"
"HSH2D",0.00918,0.344,0.048,0.041,1,"HSH2D"
"KCNN2",0.00921,-0.12,0.199,0.216,1,"KCNN2"
"FES",0.00923,0.581,0.014,0.009,1,"FES"
"GLRA2",0.00925,0.153,0.11,0.099,1,"GLRA2"
"ENSG00000279659",0.00926,0.279,0.021,0.016,1,"ENSG00000279659"
"MYLK3",0.00929,0.23,0.076,0.066,1,"MYLK3"
"H6PD",0.00931,0.149,0.152,0.14,1,"H6PD"
"ZNF443",0.00939,0.221,0.076,0.066,1,"ZNF443"
"ZXDA",0.00939,0.306,0.071,0.062,1,"ZXDA"
"MANBA",0.00941,-0.158,0.144,0.158,1,"MANBA"
"HGF",0.00944,-0.526,0.039,0.047,1,"HGF"
"IFITM3",0.00944,0.251,0.022,0.028,1,"IFITM3"
"TSHR",0.00945,-0.581,0.042,0.05,1,"TSHR"
"HVCN1",0.00945,0.148,0.091,0.081,1,"HVCN1"
"PACSIN3",0.00949,-0.428,0.023,0.029,1,"PACSIN3"
"SDS",0.00953,0.176,0.069,0.06,1,"SDS"
"CRB2",0.00955,-0.389,0.038,0.046,1,"CRB2"
"TICRR",0.00962,-0.419,0.071,0.081,1,"TICRR"
"GRK3",0.00968,-0.274,0.587,0.6,1,"GRK3"
"AMT",0.00968,0.185,0.039,0.032,1,"AMT"
"PEX5L",0.00969,-0.355,0.193,0.208,1,"PEX5L"
"NT5C1A",0.00973,-0.729,0.008,0.012,1,"NT5C1A"
"HGD",0.00974,0.519,0.026,0.02,1,"HGD"
"ENSG00000279161",0.00976,-0.207,0.11,0.123,1,"ENSG00000279161"
"HSPB8",0.00979,0.471,0.038,0.031,1,"HSPB8"
"ZGRF1",0.00982,-0.252,0.185,0.2,1,"ZGRF1"
"CBWD5",0.00986,-0.172,0.139,0.153,1,"CBWD5"
"RASA4B",0.00988,0.249,0.071,0.062,1,"RASA4B"
"FITM2",0.00989,-0.187,0.027,0.034,1,"FITM2"
"ZNF860",0.00993,-0.364,0.008,0.012,1,"ZNF860"
"SLC25A15",0.00994,0.196,0.076,0.066,1,"SLC25A15"
"TM9SF1",0.00995,0.242,0.093,0.083,1,"TM9SF1"
"TGIF1",0.00996,0.143,0.096,0.085,1,"TGIF1"
"ENSG00000260342",0.01,0.307,0.047,0.04,1,"ENSG00000260342"
"GRHL2",0.01,-0.79,0.011,0.016,1,"GRHL2"
"SLC38A5",0.01,0.307,0.067,0.058,1,"SLC38A5"
"FAM185A",0.01,0.142,0.265,0.253,1,"FAM185A"
"BANK1",0.01,-0.589,0.009,0.014,1,"BANK1"
"APBA3",0.01,0.311,0.074,0.065,1,"APBA3"
"ZNF557",0.01,0.124,0.239,0.227,1,"ZNF557"
"RABL3",0.01,0.181,0.185,0.173,1,"RABL3"
"TMEM107",0.0101,-0.111,0.14,0.155,1,"TMEM107"
"LMCD1",0.0101,-0.357,0.013,0.018,1,"LMCD1"
"NPHS1",0.0102,-0.179,0.061,0.07,1,"NPHS1"
"SLC19A3",0.0103,-0.465,0.011,0.015,1,"SLC19A3"
"TCF7L2",0.0103,-0.313,0.183,0.198,1,"TCF7L2"
"ARHGEF10",0.0104,0.19,0.366,0.356,1,"ARHGEF10"
"PNMA6A",0.0104,0.184,0.116,0.105,1,"PNMA6A"
"FBLL1",0.0104,-0.211,0.066,0.076,1,"FBLL1"
"EIF4E3",0.0104,0.228,0.165,0.154,1,"EIF4E3"
"USP44",0.0105,0.147,0.152,0.14,1,"USP44"
"RHOBTB1",0.0106,-0.162,0.196,0.213,1,"RHOBTB1"
"FAM135B",0.0106,-0.6,0.032,0.039,1,"FAM135B"
"MSRB3",0.0106,-0.121,0.087,0.099,1,"MSRB3"
"HACD2",0.0106,0.111,0.316,0.307,1,"HACD2"
"ABCD1",0.0106,0.348,0.045,0.037,1,"ABCD1"
"CCDC157",0.0107,0.163,0.152,0.141,1,"CCDC157"
"STEEP1",0.0107,0.156,0.125,0.114,1,"STEEP1"
"FIGNL1",0.0107,-0.183,0.204,0.222,1,"FIGNL1"
"ENSG00000280078",0.0107,0.347,0.029,0.023,1,"ENSG00000280078"
"SYTL1",0.0108,0.474,0.02,0.015,1,"SYTL1"
"RND3",0.0109,0.445,0.316,0.31,1,"RND3"
"RSPO3",0.0109,-0.773,0.02,0.026,1,"RSPO3"
"E2F6",0.011,0.122,0.204,0.192,1,"E2F6"
"RBM45",0.0111,0.137,0.191,0.179,1,"RBM45"
"CTSH",0.0111,0.331,0.081,0.072,1,"CTSH"
"TCTN3",0.0111,0.111,0.277,0.265,1,"TCTN3"
"NEMP1",0.0111,-0.178,0.138,0.153,1,"NEMP1"
"CCDC73",0.0111,0.162,0.077,0.067,1,"CCDC73"
"CIBAR2",0.0112,0.256,0.054,0.046,1,"CIBAR2"
"E4F1",0.0112,0.173,0.213,0.202,1,"E4F1"
"TRPC6",0.0112,0.155,0.08,0.071,1,"TRPC6"
"BCL2L12",0.0113,-0.404,0.02,0.026,1,"BCL2L12"
"RGS20",0.0113,-0.298,0.082,0.093,1,"RGS20"
"ZFYVE1",0.0113,0.111,0.289,0.276,1,"ZFYVE1"
"ACADL",0.0113,-0.675,0.013,0.017,1,"ACADL"
"KRBA1",0.0113,0.219,0.079,0.069,1,"KRBA1"
"SDHAF3",0.0113,0.144,0.294,0.284,1,"SDHAF3"
"FANK1",0.0113,-0.208,0.022,0.028,1,"FANK1"
"OVOL2",0.0114,-0.371,0.055,0.064,1,"OVOL2"
"ENSG00000280010",0.0114,0.387,0.017,0.012,1,"ENSG00000280010"
"THSD8",0.0114,-0.339,0.026,0.033,1,"THSD8"
"ZNF556",0.0114,0.394,0.069,0.06,1,"ZNF556"
"ZNF154",0.0115,0.131,0.226,0.214,1,"ZNF154"
"RFTN2",0.0115,0.271,0.118,0.107,1,"RFTN2"
"GPRASP2",0.0115,0.18,0.158,0.146,1,"GPRASP2"
"LACTB2",0.0116,-0.134,0.07,0.08,1,"LACTB2"
"FAM111A",0.0116,-0.432,0.02,0.025,1,"FAM111A"
"TRHDE",0.0116,-0.824,0.007,0.011,1,"TRHDE"
"POLR3C",0.0116,0.129,0.285,0.273,1,"POLR3C"
"PIGQ",0.0117,0.163,0.176,0.164,1,"PIGQ"
"ENSG00000280205",0.0117,0.4,0.017,0.012,1,"ENSG00000280205"
"H4C8",0.0117,0.217,0.078,0.069,1,"H4C8"
"TUBD1",0.0118,0.112,0.183,0.17,1,"TUBD1"
"DBT",0.0118,0.116,0.304,0.292,1,"DBT"
"CXCR5",0.0118,0.217,0.049,0.041,1,"CXCR5"
"CDR2L",0.0118,0.186,0.112,0.101,1,"CDR2L"
"ENSG00000279456",0.0118,0.221,0.073,0.064,1,"ENSG00000279456"
"SRF",0.0119,0.183,0.171,0.16,1,"SRF"
"MYNN",0.0119,0.137,0.239,0.228,1,"MYNN"
"CASKIN2",0.0119,0.282,0.095,0.085,1,"CASKIN2"
"VEGFD",0.012,-0.448,0.013,0.018,1,"VEGFD"
"SFRP4",0.012,-0.241,0.043,0.051,1,"SFRP4"
"ATP6V1C2",0.012,0.3,0.064,0.055,1,"ATP6V1C2"
"NEB",0.012,-0.35,0.075,0.085,1,"NEB"
"ZNF574",0.012,0.117,0.183,0.171,1,"ZNF574"
"TIMP3",0.0121,-0.397,0.139,0.151,1,"TIMP3"
"WDR81",0.0121,0.271,0.07,0.061,1,"WDR81"
"NOTCH4",0.0121,0.287,0.046,0.039,1,"NOTCH4"
"CCDC121",0.0121,0.297,0.061,0.053,1,"CCDC121"
"MEIKIN",0.0121,-0.729,0.011,0.016,1,"MEIKIN"
"INHBC",0.0121,-0.593,0.012,0.016,1,"INHBC"
"FOXO4",0.0121,0.382,0.024,0.019,1,"FOXO4"
"EMC2",0.0121,0.124,0.311,0.299,1,"EMC2"
"EPHX2",0.0122,-0.409,0.012,0.016,1,"EPHX2"
"HAVCR2",0.0122,-0.155,0.212,0.229,1,"HAVCR2"
"DCUN1D3",0.0122,0.235,0.101,0.091,1,"DCUN1D3"
"GPLD1",0.0122,-0.155,0.118,0.131,1,"GPLD1"
"TCEANC2",0.0123,0.158,0.178,0.166,1,"TCEANC2"
"PCBD1",0.0123,-0.181,0.059,0.069,1,"PCBD1"
"PRNP",0.0123,-0.123,0.306,0.326,1,"PRNP"
"PTCH1",0.0123,-0.11,0.093,0.105,1,"PTCH1"
"ADAM11",0.0123,-0.338,0.019,0.024,1,"ADAM11"
"JSRP1",0.0124,0.385,0.025,0.019,1,"JSRP1"
"ZNHIT2",0.0124,0.302,0.078,0.069,1,"ZNHIT2"
"GALNT13",0.0124,-0.27,0.678,0.695,1,"GALNT13"
"RANBP3L",0.0124,-0.801,0.011,0.015,1,"RANBP3L"
"RGPD6",0.0124,-0.71,0.009,0.013,1,"RGPD6"
"NOP16",0.0124,0.201,0.171,0.16,1,"NOP16"
"PIEZO2",0.0124,-0.45,0.039,0.047,1,"PIEZO2"
"GLS2",0.0124,-0.232,0.058,0.067,1,"GLS2"
"LIPT2",0.0125,0.341,0.04,0.033,1,"LIPT2"
"PIWIL2",0.0125,-0.465,0.018,0.023,1,"PIWIL2"
"BEAN1",0.0125,-0.228,0.08,0.091,1,"BEAN1"
"MAP3K19",0.0125,0.155,0.108,0.097,1,"MAP3K19"
"ENSG00000280105",0.0125,0.24,0.078,0.069,1,"ENSG00000280105"
"HSD17B6",0.0126,-0.462,0.012,0.017,1,"HSD17B6"
"RGS3",0.0126,-0.361,0.065,0.074,1,"RGS3"
"C11orf98",0.0126,0.464,0.013,0.009,1,"C11orf98"
"MSS51",0.0127,0.18,0.092,0.082,1,"MSS51"
"MBP",0.0127,-0.561,0.01,0.014,1,"MBP"
"SGK3",0.0128,-0.43,0.026,0.033,1,"SGK3"
"ZNF548",0.0128,0.131,0.179,0.168,1,"ZNF548"
"SLC5A5",0.0128,0.397,0.021,0.016,1,"SLC5A5"
"BBS5",0.0128,-0.204,0.174,0.189,1,"BBS5"
"OGFRL1",0.0128,-0.267,0.11,0.122,1,"OGFRL1"
"AGAP4",0.0129,0.121,0.171,0.159,1,"AGAP4"
"PP2D1",0.0129,0.199,0.074,0.064,1,"PP2D1"
"CCDC92B",0.013,0.18,0.165,0.153,1,"CCDC92B"
"CAST",0.013,-0.187,0.086,0.097,1,"CAST"
"TNS1",0.013,-0.372,0.038,0.045,1,"TNS1"
"PCDHB11",0.013,0.313,0.046,0.038,1,"PCDHB11"
"AIFM2",0.013,0.247,0.065,0.056,1,"AIFM2"
"AOX1",0.013,-0.437,0.015,0.02,1,"AOX1"
"PYCR2",0.0131,0.175,0.18,0.168,1,"PYCR2"
"MUL1",0.0131,0.132,0.19,0.179,1,"MUL1"
"BICDL1",0.0132,-0.13,0.39,0.413,1,"BICDL1"
"TTC36",0.0132,0.338,0.034,0.027,1,"TTC36"
"C21orf62",0.0132,-0.354,0.04,0.048,1,"C21orf62"
"REPIN1",0.0132,0.154,0.227,0.215,1,"REPIN1"
"ZNF724",0.0133,0.134,0.184,0.172,1,"ZNF724"
"DLEU7",0.0133,-0.655,0.02,0.026,1,"DLEU7"
"CEBPZOS",0.0133,-0.116,0.177,0.193,1,"CEBPZOS"
"SLC6A13",0.0133,0.4,0.05,0.043,1,"SLC6A13"
"ATG4A",0.0134,0.156,0.216,0.205,1,"ATG4A"
"TMEM266",0.0134,-0.183,0.073,0.083,1,"TMEM266"
"HINFP",0.0135,0.115,0.259,0.247,1,"HINFP"
"MAN2C1",0.0135,0.177,0.162,0.151,1,"MAN2C1"
"NAIF1",0.0135,0.226,0.064,0.056,1,"NAIF1"
"PIK3CD",0.0135,-0.201,0.104,0.116,1,"PIK3CD"
"PRAM1",0.0135,0.355,0.043,0.036,1,"PRAM1"
"ID1",0.0135,-0.472,0.014,0.019,1,"ID1"
"CERS2",0.0135,0.178,0.143,0.132,1,"CERS2"
"ENSG00000255432",0.0135,0.27,0.043,0.036,1,"ENSG00000255432"
"PTH",0.0135,0.493,0.019,0.014,1,"PTH"
"YBX2",0.0136,0.277,0.057,0.049,1,"YBX2"
"HS1BP3",0.0136,0.143,0.2,0.188,1,"HS1BP3"
"COL26A1",0.0136,-0.369,0.049,0.057,1,"COL26A1"
"CCL27",0.0137,0.356,0.023,0.017,1,"CCL27"
"SPSB2",0.0137,0.214,0.098,0.088,1,"SPSB2"
"C6orf136",0.0137,0.168,0.186,0.175,1,"C6orf136"
"CRTAC1",0.0138,0.194,0.102,0.091,1,"CRTAC1"
"SRRM5",0.0138,0.255,0.053,0.046,1,"SRRM5"
"ACTR5",0.0138,0.181,0.152,0.141,1,"ACTR5"
"GDA",0.0138,-0.89,0.007,0.01,1,"GDA"
"SHISA2",0.0138,0.111,0.389,0.379,1,"SHISA2"
"OR2L2",0.0138,-0.562,0.013,0.017,1,"OR2L2"
"ALX3",0.0139,0.507,0.014,0.01,1,"ALX3"
"AP3S2",0.0139,0.209,0.148,0.137,1,"AP3S2"
"ATP13A4",0.014,-0.967,0.026,0.033,1,"ATP13A4"
"C15orf48",0.014,0.343,0.048,0.04,1,"C15orf48"
"ZNF18",0.014,0.137,0.169,0.157,1,"ZNF18"
"ANKRD40CL",0.014,0.487,0.031,0.025,1,"ANKRD40CL"
"ALK",0.014,-0.45,0.065,0.074,1,"ALK"
"EPB41L4B",0.0141,-0.383,0.054,0.063,1,"EPB41L4B"
"TNFSF13B",0.0141,0.232,0.071,0.062,1,"TNFSF13B"
"GYG2",0.0141,-0.344,0.025,0.031,1,"GYG2"
"TRAM2",0.0141,-0.209,0.056,0.065,1,"TRAM2"
"PSTPIP1",0.0142,0.392,0.015,0.011,1,"PSTPIP1"
"ABCB4",0.0142,-0.678,0.007,0.01,1,"ABCB4"
"C19orf44",0.0143,0.208,0.097,0.087,1,"C19orf44"
"AGAP2",0.0143,0.119,0.205,0.193,1,"AGAP2"
"VWA3A",0.0144,0.3,0.077,0.068,1,"VWA3A"
"PCGF5",0.0144,-0.155,0.119,0.131,1,"PCGF5"
"RP2",0.0144,0.202,0.185,0.175,1,"RP2"
"ENSG00000279462",0.0144,0.597,0.019,0.014,1,"ENSG00000279462"
"SPAG16",0.0145,0.122,0.518,0.515,1,"SPAG16"
"RAD51AP2",0.0145,-0.506,0.007,0.01,1,"RAD51AP2"
"GKAP1",0.0145,0.175,0.312,0.302,1,"GKAP1"
"WDPCP",0.0146,-0.161,0.536,0.561,1,"WDPCP"
"ASB18",0.0146,-0.767,0.015,0.02,1,"ASB18"
"TNFAIP8",0.0146,-0.547,0.036,0.043,1,"TNFAIP8"
"TSBP1",0.0147,-0.433,0.02,0.025,1,"TSBP1"
"PUS7",0.0147,-0.182,0.316,0.336,1,"PUS7"
"FBXO41",0.0147,-0.165,0.145,0.16,1,"FBXO41"
"ARNTL",0.0147,0.207,0.162,0.151,1,"ARNTL"
"CCDC86",0.0148,0.246,0.04,0.034,1,"CCDC86"
"SCARF2",0.0148,-0.283,0.037,0.044,1,"SCARF2"
"TTC23L",0.0148,-0.609,0.153,0.165,1,"TTC23L"
"ENSG00000285585",0.0149,-0.453,0.015,0.02,1,"ENSG00000285585"
"METTL13",0.0149,0.152,0.162,0.151,1,"METTL13"
"EFCAB2",0.0149,0.142,0.375,0.367,1,"EFCAB2"
"REC8",0.015,0.334,0.027,0.021,1,"REC8"
"OR2L3",0.0151,-0.436,0.019,0.025,1,"OR2L3"
"TBPL2",0.0152,-0.416,0.008,0.012,1,"TBPL2"
"FYB2",0.0152,-0.131,0.008,0.012,1,"FYB2"
"C9orf40",0.0153,0.111,0.299,0.29,1,"C9orf40"
"TBX10",0.0154,-0.401,0.01,0.014,1,"TBX10"
"SYT16",0.0154,-0.168,0.577,0.599,1,"SYT16"
"SENP3",0.0154,0.157,0.162,0.151,1,"SENP3"
"CMPK2",0.0154,0.45,0.042,0.035,1,"CMPK2"
"C12orf43",0.0154,0.135,0.278,0.268,1,"C12orf43"
"DUSP22",0.0154,0.143,0.19,0.178,1,"DUSP22"
"GALNT4",0.0155,0.375,0.053,0.046,1,"GALNT4"
"WDR64",0.0155,-0.319,0.009,0.013,1,"WDR64"
"PPM1H",0.0155,-0.279,0.043,0.051,1,"PPM1H"
"CKM",0.0156,0.29,0.074,0.066,1,"CKM"
"C19orf38",0.0156,0.329,0.055,0.047,1,"C19orf38"
"IER3",0.0157,0.212,0.159,0.148,1,"IER3"
"RHOU",0.0157,0.105,0.264,0.251,1,"RHOU"
"GTF2IRD2",0.0158,0.173,0.182,0.171,1,"GTF2IRD2"
"ENSG00000281974",0.0159,0.649,0.016,0.012,1,"ENSG00000281974"
"EEF2K",0.016,-0.126,0.27,0.289,1,"EEF2K"
"MCRIP2",0.016,0.196,0.105,0.095,1,"MCRIP2"
"TEX43",0.0162,0.355,0.037,0.031,1,"TEX43"
"INPP5K",0.0162,0.159,0.217,0.206,1,"INPP5K"
"RFX4",0.0162,-0.259,0.262,0.281,1,"RFX4"
"TECTA",0.0163,0.198,0.084,0.074,1,"TECTA"
"IFI27",0.0163,0.274,0.066,0.058,1,"IFI27"
"CCDC40",0.0164,0.124,0.216,0.204,1,"CCDC40"
"NOTUM",0.0164,-0.365,0.019,0.024,1,"NOTUM"
"ISG15",0.0164,0.271,0.09,0.081,1,"ISG15"
"ZNF582",0.0164,0.253,0.093,0.084,1,"ZNF582"
"DDX28",0.0164,0.231,0.083,0.074,1,"DDX28"
"RGS6",0.0164,-0.166,0.198,0.215,1,"RGS6"
"KCNF1",0.0165,-0.576,0.013,0.017,1,"KCNF1"
"LAMP5",0.0165,0.29,0.06,0.052,1,"LAMP5"
"TAF1A",0.0165,0.141,0.181,0.17,1,"TAF1A"
"TMEM250",0.0166,0.123,0.165,0.154,1,"TMEM250"
"RECQL4",0.0166,-0.336,0.021,0.027,1,"RECQL4"
"HOPX",0.0168,-0.524,0.012,0.016,1,"HOPX"
"SLC6A4",0.0169,0.368,0.033,0.027,1,"SLC6A4"
"SLC29A1",0.0169,-0.369,0.023,0.029,1,"SLC29A1"
"LRFN3",0.0169,0.161,0.157,0.146,1,"LRFN3"
"SLC25A37",0.017,-0.244,0.122,0.134,1,"SLC25A37"
"ENSG00000289694",0.017,0.131,0.127,0.116,1,"ENSG00000289694"
"FDXR",0.0171,0.234,0.055,0.047,1,"FDXR"
"DPH1",0.0171,0.187,0.148,0.137,1,"DPH1"
"FBXW4",0.0171,-0.293,0.025,0.031,1,"FBXW4"
"ENSG00000280417",0.0171,-0.306,0.016,0.021,1,"ENSG00000280417"
"IFITM10",0.0172,-0.317,0.016,0.021,1,"IFITM10"
"IFI35",0.0172,0.246,0.055,0.047,1,"IFI35"
"ZNF319",0.0174,0.301,0.072,0.063,1,"ZNF319"
"ZP3",0.0174,0.277,0.048,0.041,1,"ZP3"
"SNAPC5",0.0175,0.13,0.249,0.239,1,"SNAPC5"
"MCC",0.0175,-0.225,0.113,0.125,1,"MCC"
"MAN2B2",0.0175,0.178,0.166,0.155,1,"MAN2B2"
"ALDH16A1",0.0176,0.168,0.13,0.12,1,"ALDH16A1"
"FANCD2OS",0.0176,-0.832,0.007,0.01,1,"FANCD2OS"
"GPATCH1",0.0176,0.104,0.245,0.233,1,"GPATCH1"
"OR2L5",0.0176,-0.429,0.011,0.015,1,"OR2L5"
"SLC25A19",0.0176,0.167,0.077,0.068,1,"SLC25A19"
"KBTBD3",0.0177,0.254,0.114,0.104,1,"KBTBD3"
"DDX4",0.0177,-0.4,0.015,0.02,1,"DDX4"
"TTC7A",0.0177,-0.175,0.159,0.173,1,"TTC7A"
"PODN",0.0177,0.54,0.015,0.011,1,"PODN"
"ITGA7",0.0177,0.183,0.09,0.081,1,"ITGA7"
"IRAK2",0.0177,-0.269,0.052,0.06,1,"IRAK2"
"GCC1",0.0178,0.254,0.087,0.078,1,"GCC1"
"TEC",0.0178,-0.17,0.018,0.023,1,"TEC"
"CILP2",0.0178,0.361,0.03,0.025,1,"CILP2"
"NR1I2",0.0178,0.319,0.032,0.026,1,"NR1I2"
"RANGRF",0.0178,0.206,0.205,0.196,1,"RANGRF"
"BET1L",0.0178,0.224,0.117,0.107,1,"BET1L"
"SYT13",0.0178,-0.168,0.235,0.251,1,"SYT13"
"ZNF182",0.0179,0.25,0.115,0.104,1,"ZNF182"
"ENSG00000279789",0.0179,0.168,0.085,0.075,1,"ENSG00000279789"
"KCTD8",0.0179,0.268,0.1,0.09,1,"KCTD8"
"AJUBA",0.018,-0.665,0.008,0.011,1,"AJUBA"
"PCDHGB7",0.018,0.329,0.043,0.036,1,"PCDHGB7"
"SPICE1",0.018,-0.251,0.033,0.039,1,"SPICE1"
"WDR35",0.0181,0.135,0.268,0.259,1,"WDR35"
"CPA6",0.0182,-0.386,0.01,0.013,1,"CPA6"
"KRT222",0.0182,-0.268,0.029,0.036,1,"KRT222"
"ENSG00000279721",0.0182,-0.249,0.012,0.016,1,"ENSG00000279721"
"ARL2",0.0182,0.103,0.423,0.418,1,"ARL2"
"FBXL7",0.0183,-0.428,0.242,0.224,1,"FBXL7"
"MMP11",0.0184,0.286,0.077,0.068,1,"MMP11"
"ZNF526",0.0185,0.124,0.096,0.086,1,"ZNF526"
"RGSL1",0.0185,0.418,0.016,0.012,1,"RGSL1"
"ZNF202",0.0185,0.197,0.118,0.108,1,"ZNF202"
"PRRT4",0.0185,-0.399,0.021,0.027,1,"PRRT4"
"SLC44A4",0.0186,0.464,0.023,0.018,1,"SLC44A4"
"ENSG00000279212",0.0186,-0.42,0.009,0.013,1,"ENSG00000279212"
"RAB32",0.0187,-0.395,0.01,0.014,1,"RAB32"
"IL34",0.0187,0.145,0.13,0.119,1,"IL34"
"FAM47E",0.0188,-0.385,0.021,0.026,1,"FAM47E"
"GJD2",0.0188,0.483,0.01,0.007,1,"GJD2"
"NSUN4",0.0188,0.19,0.197,0.186,1,"NSUN4"
"RAPGEFL1",0.0189,0.125,0.181,0.17,1,"RAPGEFL1"
"PWAR1",0.0189,-0.228,0.093,0.104,1,"PWAR1"
"CFAP300",0.0189,-0.461,0.014,0.018,1,"CFAP300"
"RILPL2",0.019,0.195,0.104,0.094,1,"RILPL2"
"B3GALT4",0.019,0.254,0.063,0.055,1,"B3GALT4"
"CXXC4",0.019,-0.542,0.014,0.018,1,"CXXC4"
"SCARA3",0.0191,-0.384,0.041,0.048,1,"SCARA3"
"PSAT1",0.0191,-0.23,0.233,0.249,1,"PSAT1"
"DLC1",0.0191,-0.117,0.092,0.103,1,"DLC1"
"CHTF18",0.0191,-0.298,0.052,0.061,1,"CHTF18"
"METTL18",0.0192,0.325,0.087,0.079,1,"METTL18"
"NUBP1",0.0193,0.157,0.158,0.147,1,"NUBP1"
"NLE1",0.0193,0.193,0.115,0.105,1,"NLE1"
"ELMOD2",0.0194,0.111,0.214,0.203,1,"ELMOD2"
"ENSG00000280365",0.0194,0.232,0.073,0.064,1,"ENSG00000280365"
"NPB",0.0194,0.165,0.093,0.084,1,"NPB"
"PABIR2",0.0195,-0.182,0.113,0.124,1,"PABIR2"
"ACSL1",0.0195,0.17,0.207,0.195,1,"ACSL1"
"HPX",0.0197,0.371,0.062,0.055,1,"HPX"
"ITGA10",0.0198,0.232,0.09,0.081,1,"ITGA10"
"TSSK6",0.0198,0.57,0.022,0.017,1,"TSSK6"
"HCLS1",0.0198,0.302,0.054,0.046,1,"HCLS1"
"NMNAT1",0.0199,0.197,0.17,0.159,1,"NMNAT1"
"MPZL3",0.0199,-0.361,0.02,0.026,1,"MPZL3"
"VASN",0.0199,-0.332,0.013,0.017,1,"VASN"
"ENSG00000267645",0.0199,0.322,0.053,0.046,1,"ENSG00000267645"
"B4GALT1",0.02,0.266,0.114,0.104,1,"B4GALT1"
"CCNB2",0.02,-0.431,0.091,0.101,1,"CCNB2"
"CCL5",0.02,0.44,0.017,0.013,1,"CCL5"
"ALG14",0.02,0.138,0.196,0.185,1,"ALG14"
"SLC22A1",0.0201,0.243,0.055,0.047,1,"SLC22A1"
"YBX3",0.0202,-0.417,0.044,0.051,1,"YBX3"
"RAB7B",0.0202,-0.532,0.012,0.016,1,"RAB7B"
"CD8B",0.0203,-0.335,0.015,0.02,1,"CD8B"
"CHD5",0.0203,-0.174,0.275,0.291,1,"CHD5"
"TDP1",0.0204,-0.873,0.206,0.223,1,"TDP1"
"HMBS",0.0204,0.137,0.232,0.223,1,"HMBS"
"GPR63",0.0204,0.114,0.211,0.2,1,"GPR63"
"SPDYE10",0.0204,-0.239,0.078,0.088,1,"SPDYE10"
"JRK",0.0206,0.152,0.12,0.11,1,"JRK"
"LRRC51",0.0206,0.292,0.072,0.063,1,"LRRC51"
"POLQ",0.0206,-0.469,0.068,0.077,1,"POLQ"
"C1orf174",0.0208,0.107,0.176,0.164,1,"C1orf174"
"ELN",0.0208,-0.545,0.011,0.015,1,"ELN"
"TMEM265",0.0208,0.254,0.097,0.088,1,"TMEM265"
"MSH4",0.021,0.19,0.155,0.144,1,"MSH4"
"POMGNT2",0.021,0.153,0.174,0.163,1,"POMGNT2"
"PRICKLE3",0.021,0.448,0.039,0.033,1,"PRICKLE3"
"ENPP2",0.021,-0.329,0.018,0.023,1,"ENPP2"
"PPP1R3D",0.0212,0.199,0.097,0.087,1,"PPP1R3D"
"B3GALNT1",0.0212,-0.146,0.088,0.099,1,"B3GALNT1"
"TMEM216",0.0212,0.122,0.104,0.095,1,"TMEM216"
"DET1",0.0212,0.369,0.033,0.027,1,"DET1"
"NMRAL1",0.0213,0.136,0.227,0.216,1,"NMRAL1"
"CRACR2B",0.0213,0.41,0.015,0.011,1,"CRACR2B"
"ZNF280B",0.0213,0.14,0.273,0.263,1,"ZNF280B"
"MIPEP",0.0213,-0.132,0.169,0.184,1,"MIPEP"
"EEF2KMT",0.0214,0.3,0.068,0.06,1,"EEF2KMT"
"FBXO43",0.0214,-0.306,0.012,0.016,1,"FBXO43"
"TULP2",0.0214,0.25,0.058,0.05,1,"TULP2"
"FAM117A",0.0214,0.174,0.119,0.109,1,"FAM117A"
"ZPBP",0.0215,-0.549,0.014,0.018,1,"ZPBP"
"FAM221B",0.0215,-0.427,0.014,0.019,1,"FAM221B"
"C3orf62",0.0215,0.157,0.162,0.152,1,"C3orf62"
"SNX18",0.0216,0.175,0.16,0.15,1,"SNX18"
"EDAR",0.0217,0.477,0.011,0.007,1,"EDAR"
"EVC2",0.0217,-0.401,0.015,0.019,1,"EVC2"
"TRMT44",0.0217,0.113,0.251,0.241,1,"TRMT44"
"RNF207",0.0217,-0.168,0.048,0.055,1,"RNF207"
"COQ10A",0.0217,0.191,0.198,0.187,1,"COQ10A"
"ENSG00000280176",0.0218,0.82,0.011,0.008,1,"ENSG00000280176"
"ZMYND12",0.0218,-0.327,0.019,0.024,1,"ZMYND12"
"MDFI",0.0218,0.199,0.072,0.063,1,"MDFI"
"TMEM87B",0.022,-0.118,0.178,0.193,1,"TMEM87B"
"AQP7B",0.0222,-0.279,0.011,0.014,1,"AQP7B"
"GOLPH3L",0.0222,0.152,0.198,0.187,1,"GOLPH3L"
"CHODL",0.0223,0.362,0.06,0.053,1,"CHODL"
"ZSCAN12",0.0224,0.172,0.178,0.168,1,"ZSCAN12"
"RRP12",0.0224,0.128,0.18,0.169,1,"RRP12"
"ZGLP1",0.0225,-0.251,0.045,0.052,1,"ZGLP1"
"WHAMM",0.0225,0.141,0.174,0.163,1,"WHAMM"
"COL16A1",0.0226,0.237,0.076,0.068,1,"COL16A1"
"MCM4",0.0226,-0.224,0.159,0.172,1,"MCM4"
"ANXA9",0.0226,0.432,0.028,0.023,1,"ANXA9"
"IL18BP",0.0227,0.284,0.03,0.024,1,"IL18BP"
"MORN5",0.0227,-0.515,0.008,0.011,1,"MORN5"
"PCDHGC3",0.0229,0.396,0.032,0.026,1,"PCDHGC3"
"ANKRD9",0.0229,0.168,0.073,0.064,1,"ANKRD9"
"AP5B1",0.0229,0.178,0.099,0.09,1,"AP5B1"
"ARHGAP15",0.023,-0.307,0.107,0.118,1,"ARHGAP15"
"PABPC5",0.0231,-0.442,0.013,0.017,1,"PABPC5"
"RORB",0.0232,-0.258,0.273,0.288,1,"RORB"
"DHRS13",0.0234,0.152,0.181,0.171,1,"DHRS13"
"CCDC7",0.0234,-0.156,0.364,0.383,1,"CCDC7"
"DDAH1",0.0234,-0.207,0.141,0.153,1,"DDAH1"
"MYRFL",0.0234,0.31,0.042,0.036,1,"MYRFL"
"C15orf39",0.0235,-0.299,0.008,0.011,1,"C15orf39"
"KCNK1",0.0236,-0.251,0.069,0.078,1,"KCNK1"
"MAP3K1",0.0236,0.123,0.133,0.123,1,"MAP3K1"
"STRC",0.0238,-0.522,0.022,0.027,1,"STRC"
"RHBG",0.0238,0.323,0.022,0.017,1,"RHBG"
"ANLN",0.0239,-0.621,0.058,0.066,1,"ANLN"
"ANKMY1",0.024,0.176,0.198,0.187,1,"ANKMY1"
"POFUT2",0.024,0.124,0.099,0.09,1,"POFUT2"
"SELENOV",0.024,0.2,0.049,0.042,1,"SELENOV"
"INAFM2",0.024,0.185,0.094,0.085,1,"INAFM2"
"COQ6",0.0241,0.194,0.231,0.223,1,"COQ6"
"ZNF222",0.0241,0.195,0.117,0.108,1,"ZNF222"
"ATG9A",0.0242,0.158,0.14,0.13,1,"ATG9A"
"H1-3",0.0242,0.241,0.134,0.123,1,"H1-3"
"PRRT1",0.0243,0.125,0.22,0.21,1,"PRRT1"
"KIFC2",0.0243,-0.168,0.13,0.142,1,"KIFC2"
"APBA1",0.0243,-0.139,0.614,0.637,1,"APBA1"
"PCDHA5",0.0244,0.294,0.057,0.05,1,"PCDHA5"
"SULT6B1",0.0244,0.426,0.03,0.024,1,"SULT6B1"
"TOM1",0.0245,0.149,0.116,0.106,1,"TOM1"
"ZNF573",0.0245,-0.134,0.259,0.277,1,"ZNF573"
"MYOM1",0.0245,0.474,0.026,0.021,1,"MYOM1"
"KIFC3",0.0246,-0.488,0.275,0.292,1,"KIFC3"
"IRGM",0.0246,0.16,0.049,0.042,1,"IRGM"
"KCNE1",0.0248,0.371,0.035,0.029,1,"KCNE1"
"PVR",0.0249,0.131,0.175,0.166,1,"PVR"
"GSTM2",0.025,-0.489,0.016,0.021,1,"GSTM2"
"NBPF10",0.0251,-0.336,0.017,0.022,1,"NBPF10"
"POMGNT1",0.0251,0.102,0.248,0.238,1,"POMGNT1"
"H2BC8",0.0251,0.262,0.017,0.013,1,"H2BC8"
"OSCAR",0.0251,-0.441,0.02,0.025,1,"OSCAR"
"TMPRSS6",0.0253,0.462,0.013,0.01,1,"TMPRSS6"
"PCDHB14",0.0253,0.161,0.154,0.144,1,"PCDHB14"
"USP35",0.0254,0.204,0.088,0.079,1,"USP35"
"POLN",0.0254,0.4,0.019,0.015,1,"POLN"
"HSD17B13",0.0254,0.36,0.024,0.02,1,"HSD17B13"
"C3",0.0255,0.672,0.017,0.013,1,"C3"
"NR2C2AP",0.0255,0.222,0.126,0.116,1,"NR2C2AP"
"CYP46A1",0.0256,-0.13,0.162,0.175,1,"CYP46A1"
"ADAM8",0.0256,-0.652,0.011,0.015,1,"ADAM8"
"ABCA7",0.0257,0.17,0.143,0.133,1,"ABCA7"
"GATM",0.0257,-0.457,0.013,0.018,1,"GATM"
"ABHD14B",0.0257,0.363,0.038,0.032,1,"ABHD14B"
"THSD4",0.0259,-0.645,0.256,0.267,1,"THSD4"
"HCN4",0.026,-0.153,0.032,0.038,1,"HCN4"
"SAPCD2",0.026,0.111,0.09,0.081,1,"SAPCD2"
"CCNP",0.026,0.371,0.042,0.036,1,"CCNP"
"MORN1",0.0261,-0.127,0.121,0.133,1,"MORN1"
"PPCS",0.0262,0.134,0.26,0.25,1,"PPCS"
"MMAA",0.0263,0.168,0.192,0.182,1,"MMAA"
"ENSG00000279880",0.0263,0.268,0.035,0.029,1,"ENSG00000279880"
"SSH3",0.0264,0.483,0.02,0.016,1,"SSH3"
"TENT5B",0.0265,-0.348,0.018,0.023,1,"TENT5B"
"DGKH",0.0267,0.167,0.386,0.379,1,"DGKH"
"ZC3H11A",0.0267,0.232,0.047,0.04,1,"ZC3H11A"
"FZD4",0.0268,-0.796,0.009,0.012,1,"FZD4"
"ENSG00000280291",0.0268,0.218,0.039,0.033,1,"ENSG00000280291"
"TTC39A",0.0268,0.264,0.052,0.045,1,"TTC39A"
"ABTB1",0.0268,-0.261,0.01,0.014,1,"ABTB1"
"JRKL",0.0268,0.123,0.203,0.193,1,"JRKL"
"SPATC1",0.027,-0.694,0.008,0.012,1,"SPATC1"
"MFAP3L",0.0271,-0.444,0.034,0.04,1,"MFAP3L"
"MUC4",0.0271,-0.892,0.008,0.011,1,"MUC4"
"CLIP4",0.0271,-0.126,0.313,0.333,1,"CLIP4"
"CNN1",0.0271,0.334,0.026,0.021,1,"CNN1"
"DCAF4L1",0.0271,-0.851,0.007,0.011,1,"DCAF4L1"
"TMEM86A",0.0272,0.416,0.029,0.024,1,"TMEM86A"
"MEMO1",0.0274,0.118,0.24,0.231,1,"MEMO1"
"HEMK1",0.0274,0.113,0.136,0.126,1,"HEMK1"
"WEE2",0.0275,0.445,0.016,0.012,1,"WEE2"
"ENSG00000269825",0.0275,0.204,0.067,0.059,1,"ENSG00000269825"
"LOX",0.0276,-0.759,0.009,0.012,1,"LOX"
"ENSG00000285708",0.0276,0.161,0.22,0.21,1,"ENSG00000285708"
"WDR91",0.0276,0.191,0.097,0.089,1,"WDR91"
"IL3RA",0.0276,-0.432,0.013,0.017,1,"IL3RA"
"TACO1",0.0277,0.608,0.016,0.012,1,"TACO1"
"ZNF75D",0.0277,0.201,0.172,0.162,1,"ZNF75D"
"MED11",0.0277,0.199,0.181,0.171,1,"MED11"
"PRR22",0.0278,0.69,0.017,0.013,1,"PRR22"
"REN",0.028,-0.283,0.009,0.012,1,"REN"
"DEFB112",0.0281,0.51,0.014,0.01,1,"DEFB112"
"CAPN11",0.0282,0.335,0.029,0.024,1,"CAPN11"
"ZNF230",0.0284,0.224,0.121,0.112,1,"ZNF230"
"PDPN",0.0284,-0.187,0.045,0.052,1,"PDPN"
"CXCL13",0.0284,0.376,0.045,0.039,1,"CXCL13"
"ZNF749",0.0284,0.186,0.105,0.097,1,"ZNF749"
"TTLL13",0.0284,0.242,0.044,0.037,1,"TTLL13"
"ZNF575",0.0287,0.131,0.076,0.068,1,"ZNF575"
"HSD11B2",0.0287,0.409,0.025,0.02,1,"HSD11B2"
"ECM2",0.0288,-0.224,0.04,0.047,1,"ECM2"
"SLX4",0.0288,0.116,0.153,0.143,1,"SLX4"
"F2",0.0289,0.122,0.039,0.033,1,"F2"
"TRIM58",0.029,-0.577,0.012,0.015,1,"TRIM58"
"ENSG00000279656",0.0291,0.593,0.013,0.009,1,"ENSG00000279656"
"GPATCH3",0.0291,0.261,0.079,0.071,1,"GPATCH3"
"SERF1B",0.0291,0.391,0.032,0.026,1,"SERF1B"
"OR7D2",0.0292,0.194,0.062,0.055,1,"OR7D2"
"LIAS",0.0292,0.104,0.238,0.227,1,"LIAS"
"COCH",0.0292,0.108,0.265,0.255,1,"COCH"
"ATP6V1G3",0.0293,0.76,0.01,0.007,1,"ATP6V1G3"
"DLEC1",0.0293,0.247,0.061,0.054,1,"DLEC1"
"LHX9",0.0294,0.261,0.038,0.032,1,"LHX9"
"GPR156",0.0294,0.18,0.107,0.097,1,"GPR156"
"CNKSR3",0.0295,-0.145,0.058,0.066,1,"CNKSR3"
"ALKBH1",0.0296,0.129,0.241,0.231,1,"ALKBH1"
"CD37",0.0296,0.491,0.029,0.023,1,"CD37"
"TSKU",0.0296,0.186,0.107,0.098,1,"TSKU"
"CP",0.0296,-0.297,0.045,0.052,1,"CP"
"POC5",0.0297,0.139,0.213,0.203,1,"POC5"
"LMOD2",0.0297,0.178,0.028,0.023,1,"LMOD2"
"CPNE5",0.0297,-0.2,0.069,0.077,1,"CPNE5"
"ATAD3C",0.0298,-0.174,0.015,0.019,1,"ATAD3C"
"TEX49",0.0298,0.378,0.029,0.024,1,"TEX49"
"STAR",0.0298,0.406,0.022,0.017,1,"STAR"
"FBXO2",0.0299,-0.222,0.066,0.074,1,"FBXO2"
"QTRT2",0.03,-0.171,0.122,0.134,1,"QTRT2"
"CUL9",0.0301,0.113,0.148,0.137,1,"CUL9"
"HARBI1",0.0302,0.148,0.103,0.094,1,"HARBI1"
"AGAP9",0.0302,0.158,0.123,0.114,1,"AGAP9"
"TIMM21",0.0302,0.166,0.221,0.213,1,"TIMM21"
"COL10A1",0.0303,0.468,0.014,0.011,1,"COL10A1"
"SHFL",0.0303,-0.223,0.059,0.068,1,"SHFL"
"ABCG1",0.0303,0.232,0.084,0.075,1,"ABCG1"
"PNPLA7",0.0303,0.248,0.082,0.074,1,"PNPLA7"
"ZNF77",0.0303,0.227,0.135,0.126,1,"ZNF77"
"SBNO2",0.0305,0.263,0.1,0.092,1,"SBNO2"
"ZNF286A-TBC1D26",0.0305,0.149,0.141,0.131,1,"ZNF286A-TBC1D26"
"FANCE",0.0305,0.251,0.088,0.08,1,"FANCE"
"ENSG00000256100",0.0306,0.501,0.022,0.018,1,"ENSG00000256100"
"SFTA2",0.0306,0.589,0.017,0.013,1,"SFTA2"
"DLGAP3",0.0306,0.183,0.154,0.166,1,"DLGAP3"
"CNBD2",0.0306,0.209,0.107,0.098,1,"CNBD2"
"SDHAF4",0.0306,0.139,0.222,0.213,1,"SDHAF4"
"TWNK",0.0307,0.212,0.071,0.064,1,"TWNK"
"ANAPC2",0.0307,0.321,0.037,0.032,1,"ANAPC2"
"LRRC73",0.0307,-0.352,0.025,0.031,1,"LRRC73"
"SYVN1",0.0308,0.109,0.108,0.099,1,"SYVN1"
"RASA4",0.0309,0.147,0.063,0.055,1,"RASA4"
"GRK7",0.0309,0.321,0.06,0.052,1,"GRK7"
"MFAP4",0.031,0.371,0.05,0.043,1,"MFAP4"
"SYCP3",0.0311,-0.258,0.082,0.091,1,"SYCP3"
"LGALS8",0.0311,0.202,0.104,0.095,1,"LGALS8"
"TMEM168",0.0312,-0.106,0.242,0.258,1,"TMEM168"
"PCSK2",0.0312,0.226,0.313,0.304,1,"PCSK2"
"ORAI1",0.0313,0.217,0.108,0.1,1,"ORAI1"
"ZNF324B",0.0313,0.134,0.072,0.064,1,"ZNF324B"
"MPP7",0.0316,0.131,0.108,0.1,1,"MPP7"
"FANCC",0.0316,-0.11,0.285,0.304,1,"FANCC"
"MVP",0.0317,0.218,0.159,0.15,1,"MVP"
"E2F2",0.0317,-0.39,0.015,0.02,1,"E2F2"
"FLNB",0.0318,-0.223,0.409,0.423,1,"FLNB"
"PRR3",0.0318,0.103,0.344,0.337,1,"PRR3"
"IFFO2",0.0318,-3.998,0.02,0.025,1,"IFFO2"
"PAWR",0.0318,-0.141,0.14,0.152,1,"PAWR"
"CLN6",0.0319,0.148,0.113,0.103,1,"CLN6"
"PNMA3",0.0319,-0.668,0.015,0.019,1,"PNMA3"
"PRORP",0.0319,0.478,0.026,0.021,1,"PRORP"
"PXT1",0.032,-0.195,0.02,0.024,1,"PXT1"
"NT5E",0.0322,0.109,0.042,0.036,1,"NT5E"
"RPS6KA1",0.0323,0.239,0.059,0.052,1,"RPS6KA1"
"FGF8",0.0323,0.631,0.011,0.008,1,"FGF8"
"TMEM143",0.0323,0.283,0.072,0.064,1,"TMEM143"
"GANC",0.0323,-0.146,0.121,0.132,1,"GANC"
"SLC25A43",0.0324,-0.194,0.013,0.017,1,"SLC25A43"
"PPM1N",0.0325,0.287,0.05,0.044,1,"PPM1N"
"PVALEF",0.0326,-0.293,0.045,0.051,1,"PVALEF"
"UBTD1",0.0326,0.219,0.069,0.061,1,"UBTD1"
"ENSG00000267059",0.0326,0.249,0.034,0.029,1,"ENSG00000267059"
"DPCD",0.0326,0.144,0.217,0.208,1,"DPCD"
"GCLC",0.0326,-0.136,0.168,0.183,1,"GCLC"
"RAD54B",0.0329,-0.141,0.08,0.09,1,"RAD54B"
"EHD2",0.0329,0.406,0.023,0.018,1,"EHD2"
"PUS10",0.033,0.126,0.133,0.124,1,"PUS10"
"BCO1",0.033,-0.223,0.035,0.041,1,"BCO1"
"IZUMO1",0.033,-0.501,0.012,0.016,1,"IZUMO1"
"HAUS3",0.0331,0.147,0.081,0.072,1,"HAUS3"
"CRYGD",0.0331,0.278,0.038,0.032,1,"CRYGD"
"ADRA1D",0.0332,0.448,0.011,0.008,1,"ADRA1D"
"PIK3R1",0.0332,-0.275,0.763,0.772,1,"PIK3R1"
"CD8A",0.0332,0.146,0.054,0.047,1,"CD8A"
"LCP1",0.0333,-0.342,0.009,0.013,1,"LCP1"
"NIPSNAP3A",0.0333,0.119,0.263,0.255,1,"NIPSNAP3A"
"ZNF804B",0.0334,-0.696,0.008,0.011,1,"ZNF804B"
"CCDC169",0.0335,-0.184,0.01,0.013,1,"CCDC169"
"RTP1",0.0335,0.476,0.034,0.028,1,"RTP1"
"RDM1",0.0335,-0.367,0.012,0.016,1,"RDM1"
"DUS1L",0.0337,0.167,0.14,0.131,1,"DUS1L"
"PTP4A3",0.0338,0.224,0.104,0.096,1,"PTP4A3"
"CLDN15",0.0338,0.221,0.068,0.061,1,"CLDN15"
"CCDC142",0.0339,0.207,0.138,0.13,1,"CCDC142"
"TEX26",0.0339,-0.541,0.007,0.01,1,"TEX26"
"MAGED4",0.034,0.462,0.016,0.012,1,"MAGED4"
"FNDC11",0.034,0.289,0.051,0.044,1,"FNDC11"
"ENSG00000256825",0.034,0.277,0.076,0.068,1,"ENSG00000256825"
"ERVV-2",0.0342,0.519,0.016,0.013,1,"ERVV-2"
"GSG1",0.0343,-0.361,0.008,0.011,1,"GSG1"
"LRP10",0.0343,-0.379,0.017,0.021,1,"LRP10"
"LRMDA",0.0343,-0.644,0.011,0.015,1,"LRMDA"
"KIAA2012",0.0343,-0.222,0.234,0.246,1,"KIAA2012"
"ENSG00000280163",0.0346,0.235,0.024,0.019,1,"ENSG00000280163"
"MARCHF10",0.0346,-0.908,0.028,0.023,1,"MARCHF10"
"ITPKB",0.0346,-0.206,0.022,0.027,1,"ITPKB"
"MOV10L1",0.0347,-0.323,0.007,0.01,1,"MOV10L1"
"PLA2G10",0.0347,0.276,0.059,0.052,1,"PLA2G10"
"NPHP4",0.0348,0.129,0.219,0.21,1,"NPHP4"
"CDKN2B",0.0349,0.687,0.01,0.007,1,"CDKN2B"
"WFIKKN1",0.035,0.374,0.02,0.016,1,"WFIKKN1"
"PLK5",0.0351,-0.242,0.044,0.051,1,"PLK5"
"WNT3",0.0351,0.202,0.046,0.039,1,"WNT3"
"ENSG00000279250",0.0351,0.358,0.031,0.026,1,"ENSG00000279250"
"STAP1",0.0352,0.282,0.043,0.037,1,"STAP1"
"GCNT7",0.0352,0.209,0.058,0.051,1,"GCNT7"
"ATP2B3",0.0353,-0.111,0.05,0.057,1,"ATP2B3"
"SLA2",0.0353,0.127,0.068,0.061,1,"SLA2"
"PLS1",0.0353,-0.142,0.074,0.083,1,"PLS1"
"NFKBIB",0.0354,0.21,0.128,0.119,1,"NFKBIB"
"DAND5",0.0355,0.449,0.017,0.013,1,"DAND5"
"STARD13",0.0357,0.219,0.216,0.205,1,"STARD13"
"SETMAR",0.0358,0.155,0.205,0.195,1,"SETMAR"
"LEKR1",0.0358,-0.56,0.011,0.014,1,"LEKR1"
"NEMP2",0.0359,0.125,0.062,0.055,1,"NEMP2"
"EXO5",0.036,0.231,0.072,0.065,1,"EXO5"
"ENSG00000279568",0.036,0.394,0.012,0.009,1,"ENSG00000279568"
"ZNF180",0.0362,0.104,0.18,0.171,1,"ZNF180"
"PI16",0.0362,0.478,0.014,0.011,1,"PI16"
"H3C2",0.0363,-0.109,0.02,0.024,1,"H3C2"
"FBXO15",0.0364,-0.144,0.081,0.09,1,"FBXO15"
"MLANA",0.0365,0.192,0.05,0.044,1,"MLANA"
"FSCN3",0.0365,0.263,0.048,0.042,1,"FSCN3"
"FLRT2",0.0366,-0.369,0.44,0.446,1,"FLRT2"
"PHOSPHO2",0.0366,0.285,0.126,0.118,1,"PHOSPHO2"
"ARC",0.0368,-0.321,0.029,0.034,1,"ARC"
"INAFM1",0.0368,-0.103,0.18,0.194,1,"INAFM1"
"ZNF175",0.0368,0.129,0.113,0.104,1,"ZNF175"
"BTK",0.0369,0.251,0.031,0.026,1,"BTK"
"KCTD2",0.0371,0.105,0.238,0.228,1,"KCTD2"
"DYSF",0.0371,-0.351,0.022,0.027,1,"DYSF"
"EXOC8",0.0371,0.2,0.117,0.109,1,"EXOC8"
"BGLAP",0.0372,0.335,0.05,0.044,1,"BGLAP"
"WSCD2",0.0373,-0.699,0.01,0.013,1,"WSCD2"
"ATXN7L2",0.0373,0.22,0.063,0.056,1,"ATXN7L2"
"EVA1C",0.0374,-0.271,0.055,0.062,1,"EVA1C"
"NDC1",0.0375,-0.254,0.175,0.187,1,"NDC1"
"TMEM86B",0.0376,0.387,0.02,0.015,1,"TMEM86B"
"CD83",0.0378,-0.112,0.054,0.061,1,"CD83"
"IQCH",0.0378,-0.178,0.028,0.033,1,"IQCH"
"DQX1",0.038,0.66,0.011,0.008,1,"DQX1"
"IPCEF1",0.0382,-0.414,0.018,0.022,1,"IPCEF1"
"ICA1L",0.0382,-0.211,0.472,0.488,1,"ICA1L"
"WDCP",0.0383,0.154,0.158,0.149,1,"WDCP"
"ENSG00000279865",0.0384,-0.257,0.025,0.03,1,"ENSG00000279865"
"PDLIM2",0.0385,-0.131,0.058,0.065,1,"PDLIM2"
"MIGA2",0.0387,0.163,0.096,0.088,1,"MIGA2"
"ANK3",0.0388,-0.236,0.822,0.833,1,"ANK3"
"ACSM6",0.0388,-0.155,0.023,0.028,1,"ACSM6"
"NEU3",0.0389,0.137,0.162,0.153,1,"NEU3"
"MRPL46",0.039,0.314,0.038,0.033,1,"MRPL46"
"C1orf53",0.039,0.232,0.072,0.065,1,"C1orf53"
"MEP1B",0.0391,-0.31,0.062,0.07,1,"MEP1B"
"TOMM20L",0.0393,0.176,0.057,0.05,1,"TOMM20L"
"NRP1",0.0393,0.118,0.217,0.207,1,"NRP1"
"VAMP8",0.0395,0.181,0.106,0.098,1,"VAMP8"
"OCM",0.0395,0.31,0.028,0.023,1,"OCM"
"ARSK",0.0396,0.157,0.147,0.138,1,"ARSK"
"CYB561D1",0.0397,-0.112,0.088,0.098,1,"CYB561D1"
"NT5C",0.0397,0.123,0.113,0.104,1,"NT5C"
"PAIP2B",0.0398,0.15,0.224,0.215,1,"PAIP2B"
"ENSG00000279809",0.04,0.35,0.03,0.025,1,"ENSG00000279809"
"ZC3H12D",0.0401,0.371,0.014,0.011,1,"ZC3H12D"
"SHD",0.0402,-0.209,0.034,0.04,1,"SHD"
"CYB5RL",0.0403,-0.201,0.038,0.044,1,"CYB5RL"
"GK",0.0404,-0.136,0.114,0.125,1,"GK"
"TBC1D31",0.0405,-0.158,0.294,0.31,1,"TBC1D31"
"PAOX",0.0405,0.252,0.045,0.039,1,"PAOX"
"SIM2",0.0406,-0.29,0.008,0.012,1,"SIM2"
"HNF4G",0.0407,-0.287,0.025,0.03,1,"HNF4G"
"PTPN14",0.0408,-0.315,0.041,0.047,1,"PTPN14"
"HLA-DPB1",0.0409,-0.319,0.009,0.012,1,"HLA-DPB1"
"MYO1F",0.0409,0.108,0.145,0.135,1,"MYO1F"
"SPATS1",0.0409,0.472,0.015,0.012,1,"SPATS1"
"ASIC3",0.041,-0.255,0.017,0.021,1,"ASIC3"
"SUGCT",0.0412,-0.186,0.094,0.104,1,"SUGCT"
"STARD6",0.0413,0.387,0.029,0.024,1,"STARD6"
"KLHL3",0.0415,-0.167,0.113,0.123,1,"KLHL3"
"EEPD1",0.0417,-0.252,0.164,0.152,1,"EEPD1"
"NPIPB12",0.0417,-0.499,0.007,0.01,1,"NPIPB12"
"ENSG00000254732",0.0417,0.155,0.128,0.118,1,"ENSG00000254732"
"RFC5",0.0419,0.121,0.188,0.179,1,"RFC5"
"PIANP",0.0419,0.121,0.247,0.239,1,"PIANP"
"CSTF2",0.0421,0.138,0.142,0.133,1,"CSTF2"
"PRRT3",0.0422,0.183,0.103,0.095,1,"PRRT3"
"PLSCR4",0.0426,-0.239,0.011,0.015,1,"PLSCR4"
"FSIP1",0.0427,-0.21,0.103,0.113,1,"FSIP1"
"FAM53A",0.0429,0.258,0.069,0.062,1,"FAM53A"
"KCTD18",0.0429,0.146,0.17,0.161,1,"KCTD18"
"ZSWIM3",0.0433,0.123,0.198,0.188,1,"ZSWIM3"
"CAND2",0.0433,-0.157,0.151,0.163,1,"CAND2"
"GRIN3B",0.0435,0.283,0.025,0.02,1,"GRIN3B"
"GHRL",0.0436,0.308,0.068,0.061,1,"GHRL"
"TAP2",0.0436,-0.229,0.02,0.025,1,"TAP2"
"CEP112",0.0436,-0.252,0.274,0.288,1,"CEP112"
"SLITRK1",0.0438,0.136,0.11,0.102,1,"SLITRK1"
"PEX7",0.0438,-0.128,0.172,0.186,1,"PEX7"
"CYP4V2",0.0438,0.294,0.09,0.083,1,"CYP4V2"
"TAMALIN",0.0439,0.274,0.036,0.031,1,"TAMALIN"
"FAM83A",0.0443,0.309,0.041,0.035,1,"FAM83A"
"SPTY2D1OS",0.0443,0.171,0.097,0.089,1,"SPTY2D1OS"
"CALML4",0.0443,0.117,0.127,0.118,1,"CALML4"
"CRACR2A",0.0443,0.205,0.055,0.049,1,"CRACR2A"
"CAMK2N2",0.0443,-0.208,0.152,0.164,1,"CAMK2N2"
"SPACDR",0.0444,0.307,0.031,0.026,1,"SPACDR"
"ERAP1",0.0444,-0.215,0.05,0.057,1,"ERAP1"
"VMAC",0.0445,0.146,0.061,0.054,1,"VMAC"
"C14orf28",0.0446,-0.148,0.074,0.083,1,"C14orf28"
"RPL17-C18orf32",0.0446,0.45,0.02,0.016,1,"RPL17-C18orf32"
"OOSP1",0.0447,-0.422,0.013,0.017,1,"OOSP1"
"RMDN2",0.0447,0.111,0.098,0.09,1,"RMDN2"
"TTN",0.0449,-0.194,0.217,0.203,1,"TTN"
"EFHC2",0.045,-0.436,0.012,0.016,1,"EFHC2"
"SERPIND1",0.0451,0.314,0.027,0.022,1,"SERPIND1"
"DELE1",0.0451,0.128,0.138,0.129,1,"DELE1"
"AMPD2",0.0452,0.103,0.156,0.146,1,"AMPD2"
"TMEM121",0.0452,0.148,0.26,0.253,1,"TMEM121"
"VWA1",0.0453,-0.153,0.034,0.039,1,"VWA1"
"DPYS",0.0453,0.308,0.016,0.013,1,"DPYS"
"SERPINE3",0.0455,0.171,0.114,0.105,1,"SERPINE3"
"TONSL",0.0456,-0.408,0.022,0.027,1,"TONSL"
"LAMB2",0.0456,-0.266,0.013,0.016,1,"LAMB2"
"TEX48",0.0457,-0.415,0.018,0.022,1,"TEX48"
"FAM189A2",0.0457,0.384,0.014,0.011,1,"FAM189A2"
"ACTN3",0.0458,0.442,0.03,0.025,1,"ACTN3"
"MKS1",0.0458,0.137,0.12,0.112,1,"MKS1"
"LVRN",0.0458,-0.314,0.029,0.034,1,"LVRN"
"PFKFB4",0.0458,-0.231,0.206,0.219,1,"PFKFB4"
"KCTD21",0.0458,0.155,0.096,0.088,1,"KCTD21"
"TMEM185B",0.0458,0.235,0.089,0.082,1,"TMEM185B"
"CCNI2",0.0459,0.249,0.011,0.008,1,"CCNI2"
"HIVEP3",0.046,-0.18,0.621,0.635,1,"HIVEP3"
"PATJ",0.046,-0.151,0.242,0.256,1,"PATJ"
"DDB2",0.0461,0.122,0.14,0.131,1,"DDB2"
"ADCK5",0.0462,0.146,0.111,0.103,1,"ADCK5"
"ZKSCAN3",0.0463,0.166,0.123,0.114,1,"ZKSCAN3"
"PEX2",0.0463,-0.23,0.096,0.105,1,"PEX2"
"STON1-GTF2A1L",0.0463,0.178,0.082,0.074,1,"STON1-GTF2A1L"
"SLC2A10",0.0464,-0.14,0.009,0.012,1,"SLC2A10"
"FBLN7",0.0464,-0.415,0.022,0.027,1,"FBLN7"
"ACTA1",0.0464,0.391,0.011,0.008,1,"ACTA1"
"FRMPD1",0.0465,-0.418,0.009,0.013,1,"FRMPD1"
"UNC13A",0.0465,-0.133,0.34,0.352,1,"UNC13A"
"GIN1",0.0465,0.179,0.142,0.133,1,"GIN1"
"PWWP3B",0.0466,-0.209,0.026,0.031,1,"PWWP3B"
"PTER",0.0467,-0.332,0.019,0.024,1,"PTER"
"DHODH",0.0468,0.166,0.086,0.078,1,"DHODH"
"SYNGR4",0.0468,0.359,0.02,0.016,1,"SYNGR4"
"SMIM17",0.0469,0.112,0.156,0.147,1,"SMIM17"
"CEP170B",0.0469,0.194,0.092,0.084,1,"CEP170B"
"ZNF470",0.0469,0.147,0.179,0.169,1,"ZNF470"
"FUT11",0.0471,-0.213,0.206,0.219,1,"FUT11"
"UPP1",0.0472,-0.519,0.012,0.015,1,"UPP1"
"SGCZ",0.0474,-0.823,0.052,0.058,1,"SGCZ"
"FAM163B",0.0476,-0.102,0.14,0.151,1,"FAM163B"
"ZNF878",0.0477,0.302,0.032,0.027,1,"ZNF878"
"NRSN1",0.0479,-0.107,0.207,0.221,1,"NRSN1"
"SMOC1",0.0479,0.197,0.069,0.062,1,"SMOC1"
"FAM209B",0.0479,0.504,0.017,0.013,1,"FAM209B"
"P4HA1",0.048,-0.422,0.431,0.437,1,"P4HA1"
"ERI1",0.048,0.126,0.22,0.211,1,"ERI1"
"ZNF844",0.048,0.163,0.15,0.141,1,"ZNF844"
"CCN1",0.048,-0.347,0.012,0.015,1,"CCN1"
"IL18",0.048,0.335,0.031,0.026,1,"IL18"
"ITGB3BP",0.0481,-0.221,0.338,0.35,1,"ITGB3BP"
"ENSG00000141979",0.0482,0.172,0.088,0.08,1,"ENSG00000141979"
"ARHGAP22",0.0483,-0.467,0.028,0.033,1,"ARHGAP22"
"PLPP4",0.0485,0.393,0.03,0.025,1,"PLPP4"
"KCNQ4",0.0485,0.335,0.025,0.021,1,"KCNQ4"
"MEGF10",0.0486,-0.528,0.121,0.13,1,"MEGF10"
"POLR2J2",0.0487,0.391,0.021,0.017,1,"POLR2J2"
"ENSG00000279557",0.0491,0.223,0.044,0.039,1,"ENSG00000279557"
"PNPLA1",0.0492,0.269,0.053,0.046,1,"PNPLA1"
"MROH8",0.0493,-0.112,0.062,0.07,1,"MROH8"
"ZBBX",0.0493,-0.262,0.048,0.054,1,"ZBBX"
"GON7",0.0494,0.13,0.141,0.132,1,"GON7"
"TNFAIP8L1",0.0494,0.125,0.129,0.121,1,"TNFAIP8L1"
"ENSG00000280132",0.0494,0.616,0.011,0.008,1,"ENSG00000280132"
"PRXL2B",0.0495,0.152,0.134,0.125,1,"PRXL2B"
"CPB2",0.0496,-0.182,0.096,0.105,1,"CPB2"
"STAT1",0.0498,-0.249,0.433,0.443,1,"STAT1"
"HPGDS",0.0502,0.31,0.022,0.017,1,"HPGDS"
"CCDC190",0.0504,-0.38,0.007,0.01,1,"CCDC190"
"FKBP14",0.0505,0.114,0.197,0.187,1,"FKBP14"
"CDK14",0.0506,-0.131,0.677,0.693,1,"CDK14"
"RUSF1",0.0506,0.101,0.198,0.189,1,"RUSF1"
"HTR2A",0.0507,-0.316,0.013,0.017,1,"HTR2A"
"NAP1L2",0.0508,-0.133,0.099,0.109,1,"NAP1L2"
"FLT1",0.0508,0.156,0.028,0.023,1,"FLT1"
"IPO11",0.0509,-0.155,0.391,0.409,1,"IPO11"
"TLN2",0.051,-0.13,0.339,0.354,1,"TLN2"
"GORAB",0.0511,0.191,0.142,0.134,1,"GORAB"
"TEKT3",0.0512,0.264,0.035,0.03,1,"TEKT3"
"LATS2",0.0513,-0.258,0.015,0.019,1,"LATS2"
"FCGRT",0.0515,0.212,0.034,0.028,1,"FCGRT"
"SLC25A13",0.0515,-0.143,0.11,0.119,1,"SLC25A13"
"MASTL",0.0516,-0.195,0.102,0.112,1,"MASTL"
"ITCH",0.0517,0.133,0.224,0.216,1,"ITCH"
"NECAB2",0.0519,0.21,0.102,0.094,1,"NECAB2"
"SULT1A2",0.0519,0.313,0.028,0.023,1,"SULT1A2"
"CPOX",0.0521,-0.118,0.109,0.119,1,"CPOX"
"MOK",0.0522,0.103,0.271,0.264,1,"MOK"
"TKFC",0.0523,0.133,0.082,0.075,1,"TKFC"
"SETDB2",0.0523,0.121,0.207,0.198,1,"SETDB2"
"RAB11FIP5",0.0525,0.115,0.107,0.099,1,"RAB11FIP5"
"XYLT2",0.0525,0.138,0.115,0.106,1,"XYLT2"
"ITGA9",0.0528,-0.164,0.15,0.161,1,"ITGA9"
"CMC4",0.0528,0.188,0.118,0.11,1,"CMC4"
"IFT74",0.0528,-0.135,0.325,0.343,1,"IFT74"
"ARHGAP30",0.0528,0.308,0.035,0.03,1,"ARHGAP30"
"LAX1",0.0529,0.348,0.021,0.017,1,"LAX1"
"RAPGEF5",0.053,-0.129,0.252,0.267,1,"RAPGEF5"
"MTFR2",0.053,0.214,0.115,0.107,1,"MTFR2"
"C1QTNF2",0.0532,0.359,0.034,0.029,1,"C1QTNF2"
"URB1",0.0533,0.117,0.166,0.157,1,"URB1"
"ENSG00000278952",0.0535,0.448,0.023,0.019,1,"ENSG00000278952"
"PLCH2",0.0535,0.152,0.053,0.046,1,"PLCH2"
"LCMT2",0.0536,0.239,0.138,0.131,1,"LCMT2"
"DGKQ",0.0537,0.179,0.097,0.089,1,"DGKQ"
"LTA",0.0538,0.449,0.013,0.01,1,"LTA"
"SLC12A1",0.0539,-0.127,0.023,0.028,1,"SLC12A1"
"GOLT1A",0.0539,0.182,0.047,0.042,1,"GOLT1A"
"CIITA",0.0541,0.178,0.034,0.029,1,"CIITA"
"TOP1MT",0.0544,0.158,0.206,0.198,1,"TOP1MT"
"GEN1",0.0545,-0.204,0.084,0.093,1,"GEN1"
"ECHDC3",0.0547,-0.464,0.017,0.021,1,"ECHDC3"
"SLC30A1",0.0553,0.289,0.057,0.05,1,"SLC30A1"
"VWA3B",0.0555,-0.656,0.009,0.012,1,"VWA3B"
"TNFRSF1A",0.0556,0.331,0.034,0.029,1,"TNFRSF1A"
"ZBTB34",0.0558,0.14,0.125,0.117,1,"ZBTB34"
"SMIM3",0.056,0.144,0.067,0.06,1,"SMIM3"
"LRRC3",0.056,0.129,0.085,0.078,1,"LRRC3"
"RGS21",0.0562,0.759,0.016,0.013,1,"RGS21"
"BMP8A",0.0563,0.296,0.042,0.036,1,"BMP8A"
"PRDM15",0.0565,0.127,0.153,0.144,1,"PRDM15"
"ELL2",0.0565,0.14,0.149,0.14,1,"ELL2"
"MCEE",0.0566,0.108,0.158,0.15,1,"MCEE"
"NWD1",0.0567,-0.437,0.021,0.025,1,"NWD1"
"DCHS2",0.0567,-0.873,0.008,0.011,1,"DCHS2"
"SUOX",0.0569,0.168,0.102,0.094,1,"SUOX"
"STN1",0.0569,-0.208,0.052,0.059,1,"STN1"
"PALM2AKAP2",0.057,-0.21,0.258,0.269,1,"PALM2AKAP2"
"DHRS1",0.057,0.129,0.145,0.137,1,"DHRS1"
"SLC22A18",0.057,-0.495,0.011,0.015,1,"SLC22A18"
"TTYH2",0.057,0.183,0.073,0.067,1,"TTYH2"
"CLEC4A",0.057,-0.139,0.038,0.043,1,"CLEC4A"
"CBWD3",0.0576,-0.226,0.073,0.081,1,"CBWD3"
"CSF1R",0.0576,0.294,0.023,0.019,1,"CSF1R"
"SHISA6",0.0577,-0.436,0.117,0.126,1,"SHISA6"
"FKBP9",0.0578,0.198,0.099,0.091,1,"FKBP9"
"FZD9",0.0581,-0.355,0.013,0.017,1,"FZD9"
"COL6A2",0.0582,-0.119,0.042,0.048,1,"COL6A2"
"ZNF700",0.0583,0.137,0.072,0.065,1,"ZNF700"
"SEPSECS",0.0584,0.145,0.146,0.137,1,"SEPSECS"
"AKR1C3",0.0585,-0.573,0.008,0.011,1,"AKR1C3"
"ENSG00000280287",0.0588,0.543,0.015,0.012,1,"ENSG00000280287"
"BCAP29",0.0588,-0.124,0.507,0.524,1,"BCAP29"
"RTTN",0.0589,-0.123,0.258,0.272,1,"RTTN"
"INSL6",0.059,0.211,0.066,0.059,1,"INSL6"
"PCDHA11",0.0591,0.266,0.04,0.034,1,"PCDHA11"
"CHRNA1",0.0592,0.572,0.021,0.017,1,"CHRNA1"
"LRCH4",0.0593,0.17,0.105,0.097,1,"LRCH4"
"ZNF395",0.0594,0.178,0.076,0.069,1,"ZNF395"
"VWC2L",0.0595,0.339,0.017,0.014,1,"VWC2L"
"SAG",0.0596,0.393,0.018,0.014,1,"SAG"
"ETS2",0.0596,-0.256,0.026,0.031,1,"ETS2"
"AGT",0.0598,0.205,0.016,0.013,1,"AGT"
"ADGRL3",0.0598,-0.159,0.768,0.734,1,"ADGRL3"
"GPX7",0.0598,0.162,0.05,0.044,1,"GPX7"
"KIF13B",0.0599,0.146,0.198,0.189,1,"KIF13B"
"MAP7D3",0.0599,0.258,0.04,0.035,1,"MAP7D3"
"SHROOM4",0.06,-0.224,0.022,0.027,1,"SHROOM4"
"COL12A1",0.06,-0.82,0.008,0.01,1,"COL12A1"
"AMHR2",0.0604,0.654,0.014,0.011,1,"AMHR2"
"CTSV",0.0604,-0.235,0.03,0.035,1,"CTSV"
"MAFF",0.0604,0.288,0.073,0.066,1,"MAFF"
"RAB36",0.0604,-0.328,0.03,0.035,1,"RAB36"
"STOX1",0.0608,-0.17,0.07,0.077,1,"STOX1"
"CCDC113",0.0609,-0.267,0.106,0.115,1,"CCDC113"
"CCDC74B",0.061,-1.344,0.034,0.039,1,"CCDC74B"
"PCDHB13",0.0613,0.251,0.038,0.033,1,"PCDHB13"
"SYNPR",0.0615,-0.236,0.013,0.016,1,"SYNPR"
"EIF5A2",0.0615,-0.147,0.058,0.065,1,"EIF5A2"
"LNX1",0.0615,0.228,0.141,0.133,1,"LNX1"
"INPPL1",0.0616,0.232,0.072,0.066,1,"INPPL1"
"PROCA1",0.0616,0.211,0.103,0.096,1,"PROCA1"
"H3C6",0.0618,0.207,0.039,0.034,1,"H3C6"
"AK7",0.0619,0.16,0.069,0.062,1,"AK7"
"MST1R",0.0621,0.532,0.02,0.017,1,"MST1R"
"MFGE8",0.0623,0.254,0.074,0.068,1,"MFGE8"
"TMEM267",0.0624,-0.131,0.278,0.295,1,"TMEM267"
"STK11IP",0.0625,-0.134,0.044,0.05,1,"STK11IP"
"RAB33B",0.0625,0.118,0.126,0.118,1,"RAB33B"
"HAAO",0.0626,0.161,0.048,0.042,1,"HAAO"
"SLC40A1",0.0629,-0.375,0.012,0.016,1,"SLC40A1"
"ESAM",0.0629,0.283,0.019,0.016,1,"ESAM"
"FBXO4",0.0634,0.281,0.062,0.056,1,"FBXO4"
"PAX6",0.0636,-0.249,0.15,0.16,1,"PAX6"
"SLC27A6",0.0639,-0.159,0.028,0.033,1,"SLC27A6"
"H2BC7",0.064,0.426,0.01,0.008,1,"H2BC7"
"ENSG00000279495",0.064,0.182,0.086,0.079,1,"ENSG00000279495"
"SNX8",0.0641,0.132,0.192,0.183,1,"SNX8"
"PLA2G3",0.0642,-0.259,0.034,0.04,1,"PLA2G3"
"CAPN15",0.0643,0.117,0.135,0.127,1,"CAPN15"
"PNPO",0.0644,0.331,0.028,0.024,1,"PNPO"
"GSTO2",0.0644,0.23,0.086,0.079,1,"GSTO2"
"ENSG00000280187",0.0645,-0.101,0.049,0.055,1,"ENSG00000280187"
"QKI",0.0645,-0.396,0.865,0.847,1,"QKI"
"DDIT3",0.0646,0.148,0.141,0.134,1,"DDIT3"
"ZMYND10",0.0647,0.394,0.023,0.019,1,"ZMYND10"
"BNC2",0.0647,-0.41,0.015,0.019,1,"BNC2"
"RTKN",0.0656,0.257,0.034,0.029,1,"RTKN"
"FYCO1",0.0656,-0.265,0.031,0.035,1,"FYCO1"
"GPR176",0.0658,-0.257,0.02,0.024,1,"GPR176"
"FASTKD3",0.0659,0.198,0.101,0.094,1,"FASTKD3"
"FAM186B",0.0663,0.248,0.022,0.018,1,"FAM186B"
"RRP9",0.0664,0.163,0.151,0.144,1,"RRP9"
"HLA-E",0.0665,-0.422,0.009,0.012,1,"HLA-E"
"ALDH1A2",0.0667,-0.84,0.009,0.011,1,"ALDH1A2"
"METTL24",0.067,-0.387,0.016,0.02,1,"METTL24"
"DOK7",0.0673,0.48,0.01,0.008,1,"DOK7"
"ALG2",0.0673,0.1,0.144,0.137,1,"ALG2"
"IL17D",0.0674,-0.177,0.051,0.057,1,"IL17D"
"ENSG00000279147",0.0675,0.16,0.033,0.028,1,"ENSG00000279147"
"EME2",0.0676,0.184,0.059,0.053,1,"EME2"
"ECE1",0.0677,-0.235,0.073,0.08,1,"ECE1"
"NCALD",0.0677,-0.28,0.394,0.408,1,"NCALD"
"RNF217",0.0678,-0.173,0.162,0.172,1,"RNF217"
"SMCO2",0.0679,-0.237,0.011,0.014,1,"SMCO2"
"CNBD1",0.068,-0.442,0.013,0.016,1,"CNBD1"
"ENSG00000280193",0.0681,-0.615,0.009,0.011,1,"ENSG00000280193"
"FOXJ2",0.0681,0.128,0.145,0.137,1,"FOXJ2"
"USPL1",0.0684,-0.365,0.35,0.362,1,"USPL1"
"SMIM27",0.0684,0.147,0.121,0.113,1,"SMIM27"
"GLI3",0.0684,-0.638,0.282,0.265,1,"GLI3"
"HAUS8",0.0685,-0.203,0.071,0.078,1,"HAUS8"
"FBXW12",0.0687,0.214,0.07,0.064,1,"FBXW12"
"OGN",0.0688,-0.257,0.025,0.029,1,"OGN"
"RELB",0.0688,0.301,0.052,0.046,1,"RELB"
"MST1",0.0689,-0.405,0.026,0.031,1,"MST1"
"GOLGA6L10",0.0689,0.102,0.133,0.125,1,"GOLGA6L10"
"NR1D2",0.0689,-0.29,0.107,0.115,1,"NR1D2"
"PIGV",0.0689,0.248,0.087,0.08,1,"PIGV"
"ASCL5",0.0691,0.549,0.016,0.013,1,"ASCL5"
"CDH26",0.0692,0.137,0.037,0.032,1,"CDH26"
"ITPRIPL1",0.0693,0.224,0.032,0.028,1,"ITPRIPL1"
"FRMD8",0.0693,0.158,0.077,0.07,1,"FRMD8"
"PMP22",0.0696,-0.537,0.016,0.019,1,"PMP22"
"CAPN9",0.0696,0.247,0.018,0.015,1,"CAPN9"
"ZNF543",0.0697,0.194,0.103,0.096,1,"ZNF543"
"H3C12",0.07,-0.168,0.118,0.128,1,"H3C12"
"PLA2G12B",0.0701,0.521,0.012,0.01,1,"PLA2G12B"
"MEST",0.0702,0.249,0.11,0.102,1,"MEST"
"PRMT6",0.0703,0.211,0.126,0.119,1,"PRMT6"
"RBKS",0.0703,0.115,0.126,0.117,1,"RBKS"
"ZNF503",0.0704,0.159,0.025,0.029,1,"ZNF503"
"AIG1",0.0705,-0.117,0.468,0.485,1,"AIG1"
"METRN",0.0706,-0.261,0.11,0.118,1,"METRN"
"SMARCD2",0.0706,0.196,0.099,0.092,1,"SMARCD2"
"RPUSD2",0.0708,0.111,0.151,0.143,1,"RPUSD2"
"ENSG00000278886",0.0709,0.532,0.015,0.012,1,"ENSG00000278886"
"FAM209A",0.071,0.43,0.022,0.019,1,"FAM209A"
"DNAJC6",0.0713,-0.101,0.386,0.402,1,"DNAJC6"
"ENSG00000266202",0.0715,0.512,0.03,0.026,1,"ENSG00000266202"
"DNAJC28",0.0715,0.247,0.082,0.075,1,"DNAJC28"
"SLC14A1",0.0716,-0.493,0.014,0.017,1,"SLC14A1"
"HS3ST4",0.0716,0.202,0.612,0.629,1,"HS3ST4"
"LSMEM2",0.0717,0.348,0.017,0.014,1,"LSMEM2"
"GID4",0.0718,0.147,0.171,0.164,1,"GID4"
"CDADC1",0.0719,0.108,0.226,0.219,1,"CDADC1"
"AFAP1L2",0.072,-0.379,0.008,0.011,1,"AFAP1L2"
"COL9A1",0.0723,-0.358,0.024,0.028,1,"COL9A1"
"TMEM150B",0.0726,0.311,0.035,0.031,1,"TMEM150B"
"ARHGEF38",0.0727,-0.292,0.041,0.046,1,"ARHGEF38"
"RFPL2",0.0728,-0.17,0.055,0.062,1,"RFPL2"
"TXNDC11",0.0729,0.109,0.233,0.225,1,"TXNDC11"
"ZC3HAV1",0.0729,-0.179,0.032,0.037,1,"ZC3HAV1"
"CENPP",0.0729,-0.266,0.246,0.258,1,"CENPP"
"FTCDNL1",0.0735,0.199,0.083,0.077,1,"FTCDNL1"
"CCDC144A",0.0736,0.139,0.091,0.083,1,"CCDC144A"
"TRMT2A",0.0738,-0.14,0.136,0.128,1,"TRMT2A"
"FAM229A",0.0738,0.25,0.045,0.04,1,"FAM229A"
"ZFP41",0.0738,0.16,0.12,0.112,1,"ZFP41"
"ENSG00000279267",0.0738,0.184,0.105,0.098,1,"ENSG00000279267"
"ZBTB3",0.0743,0.222,0.061,0.055,1,"ZBTB3"
"USP27X",0.0744,0.118,0.157,0.15,1,"USP27X"
"YY2",0.0747,0.338,0.026,0.022,1,"YY2"
"IKBKE",0.0752,0.253,0.045,0.04,1,"IKBKE"
"GSN",0.0754,0.208,0.067,0.061,1,"GSN"
"CASP9",0.0754,0.188,0.079,0.073,1,"CASP9"
"PSTPIP2",0.0755,0.111,0.158,0.149,1,"PSTPIP2"
"ENGASE",0.0756,0.172,0.068,0.062,1,"ENGASE"
"KANK3",0.0756,0.149,0.054,0.048,1,"KANK3"
"NALCN",0.0757,-0.464,0.016,0.02,1,"NALCN"
"GPRC5C",0.0757,0.211,0.017,0.014,1,"GPRC5C"
"FAM234B",0.0757,-0.162,0.159,0.17,1,"FAM234B"
"VPS33B",0.0758,0.162,0.189,0.182,1,"VPS33B"
"MC1R",0.0761,0.158,0.072,0.065,1,"MC1R"
"TMOD4",0.0762,0.147,0.027,0.023,1,"TMOD4"
"TCAF2",0.0762,0.388,0.019,0.015,1,"TCAF2"
"ZBTB40",0.0763,0.128,0.178,0.169,1,"ZBTB40"
"SEPTIN12",0.0764,0.395,0.019,0.015,1,"SEPTIN12"
"TIGD1",0.0768,0.124,0.145,0.138,1,"TIGD1"
"CEP72",0.0768,-0.149,0.067,0.074,1,"CEP72"
"CFAP91",0.0768,-0.38,0.018,0.021,1,"CFAP91"
"SUCLG2",0.0769,-0.118,0.043,0.049,1,"SUCLG2"
"EME1",0.0769,-0.367,0.022,0.026,1,"EME1"
"ADPRM",0.077,0.194,0.163,0.157,1,"ADPRM"
"KCNH3",0.0775,-0.119,0.048,0.054,1,"KCNH3"
"STPG1",0.0776,-0.134,0.067,0.074,1,"STPG1"
"ZSCAN20",0.0776,0.169,0.066,0.06,1,"ZSCAN20"
"RFT1",0.0777,0.132,0.127,0.119,1,"RFT1"
"SPC25",0.0778,-0.497,0.095,0.102,1,"SPC25"
"UQCRHL",0.0778,0.163,0.071,0.065,1,"UQCRHL"
"ENKD1",0.0779,0.29,0.067,0.061,1,"ENKD1"
"SELENBP1",0.078,-0.335,0.017,0.021,1,"SELENBP1"
"GLRB",0.078,-0.133,0.353,0.366,1,"GLRB"
"ZNF267",0.078,0.171,0.092,0.085,1,"ZNF267"
"TSPAN16",0.0781,0.156,0.064,0.057,1,"TSPAN16"
"ABHD3",0.0782,-0.348,0.152,0.162,1,"ABHD3"
"FKRP",0.0782,0.108,0.205,0.198,1,"FKRP"
"ABCC11",0.0783,0.281,0.023,0.019,1,"ABCC11"
"ENSG00000279114",0.0783,-0.17,0.183,0.194,1,"ENSG00000279114"
"TRPV2",0.0785,0.384,0.025,0.021,1,"TRPV2"
"MTLN",0.0787,-0.2,0.046,0.051,1,"MTLN"
"PITPNM2",0.0787,-0.162,0.154,0.164,1,"PITPNM2"
"RAB34",0.0789,0.163,0.091,0.084,1,"RAB34"
"TCF19",0.0789,-0.185,0.04,0.045,1,"TCF19"
"C2orf74",0.0789,-0.11,0.133,0.143,1,"C2orf74"
"BNIP1",0.0791,0.158,0.149,0.143,1,"BNIP1"
"JPH2",0.0792,0.487,0.02,0.017,1,"JPH2"
"CDC6",0.0794,-0.125,0.052,0.058,1,"CDC6"
"EGFL8",0.0794,0.14,0.041,0.036,1,"EGFL8"
"CCDC196",0.0795,-0.166,0.056,0.062,1,"CCDC196"
"PGAP4",0.0797,0.118,0.248,0.242,1,"PGAP4"
"PBLD",0.0798,0.117,0.149,0.141,1,"PBLD"
"PCK2",0.0798,-0.299,0.022,0.027,1,"PCK2"
"KCNQ1",0.0799,-0.311,0.218,0.228,1,"KCNQ1"
"SARDH",0.0799,0.406,0.014,0.011,1,"SARDH"
"SGPP2",0.0804,-0.216,0.062,0.068,1,"SGPP2"
"NANOS1",0.0805,-0.182,0.058,0.064,1,"NANOS1"
"FAM177B",0.0806,0.269,0.034,0.029,1,"FAM177B"
"ENSG00000280321",0.0807,-0.211,0.009,0.012,1,"ENSG00000280321"
"MTR",0.0808,-0.127,0.416,0.431,1,"MTR"
"TPO",0.0808,-0.716,0.008,0.011,1,"TPO"
"SLC1A5",0.0809,0.144,0.06,0.054,1,"SLC1A5"
"ZNF684",0.0809,0.185,0.087,0.081,1,"ZNF684"
"TMEM179",0.081,-0.376,0.052,0.058,1,"TMEM179"
"GRAP2",0.0816,0.264,0.01,0.007,1,"GRAP2"
"CCDC33",0.0817,0.243,0.035,0.031,1,"CCDC33"
"RRAS",0.0818,0.234,0.051,0.046,1,"RRAS"
"DOCK8",0.0818,-0.397,0.009,0.011,1,"DOCK8"
"MOXD1",0.0819,0.491,0.029,0.025,1,"MOXD1"
"TAF8",0.082,0.165,0.128,0.121,1,"TAF8"
"ZNF799",0.0823,0.213,0.079,0.073,1,"ZNF799"
"SSBP2",0.0827,-0.301,0.977,0.97,1,"SSBP2"
"TAGAP",0.0827,-0.268,0.016,0.019,1,"TAGAP"
"POLR1E",0.0831,0.13,0.16,0.153,1,"POLR1E"
"PRR5L",0.0831,0.264,0.061,0.055,1,"PRR5L"
"RALGPS2",0.0832,-0.216,0.614,0.618,1,"RALGPS2"
"CLCN4",0.0837,-0.177,0.356,0.366,1,"CLCN4"
"GLMN",0.0837,-0.103,0.364,0.382,1,"GLMN"
"QRICH2",0.0838,0.142,0.116,0.109,1,"QRICH2"
"CENPS",0.0838,0.208,0.072,0.065,1,"CENPS"
"GFRA1",0.0839,0.136,0.058,0.052,1,"GFRA1"
"ZNF256",0.0839,0.178,0.063,0.057,1,"ZNF256"
"TTC30A",0.0844,0.14,0.068,0.062,1,"TTC30A"
"GEMIN4",0.0845,0.228,0.095,0.089,1,"GEMIN4"
"SULT1A3",0.0845,0.245,0.046,0.041,1,"SULT1A3"
"DEUP1",0.0845,-0.773,0.01,0.013,1,"DEUP1"
"ARRB1",0.0848,-0.156,0.122,0.131,1,"ARRB1"
"ENSG00000279344",0.085,0.396,0.01,0.007,1,"ENSG00000279344"
"GOLGA8A",0.0852,-0.369,0.559,0.567,1,"GOLGA8A"
"GUCY1B1",0.0852,-0.173,0.134,0.143,1,"GUCY1B1"
"NLRP2",0.0852,0.234,0.061,0.056,1,"NLRP2"
"VPS11",0.0854,0.153,0.138,0.131,1,"VPS11"
"MT-TT",0.0856,0.328,0.016,0.013,1,"MT-TT"
"ZBTB7C",0.0858,-0.272,0.032,0.037,1,"ZBTB7C"
"KLF2",0.0859,-0.417,0.026,0.03,1,"KLF2"
"MYOZ1",0.0862,0.422,0.011,0.008,1,"MYOZ1"
"ADGRA2",0.0866,0.344,0.037,0.032,1,"ADGRA2"
"ABCA1",0.0868,0.218,0.04,0.035,1,"ABCA1"
"ATP8B3",0.0868,-0.526,0.007,0.01,1,"ATP8B3"
"MOCS1",0.087,-0.37,0.012,0.015,1,"MOCS1"
"ENSG00000279673",0.087,0.436,0.013,0.011,1,"ENSG00000279673"
"ENSG00000280388",0.087,0.176,0.026,0.022,1,"ENSG00000280388"
"APCDD1",0.0872,-0.133,0.07,0.076,1,"APCDD1"
"TRPV1",0.0875,0.121,0.055,0.049,1,"TRPV1"
"WHRN",0.0876,-0.202,0.198,0.209,1,"WHRN"
"SLC39A5",0.0884,0.334,0.036,0.032,1,"SLC39A5"
"KIAA1755",0.0884,0.607,0.021,0.017,1,"KIAA1755"
"TMEM104",0.0888,0.211,0.112,0.106,1,"TMEM104"
"KIF17",0.0889,-0.401,0.02,0.024,1,"KIF17"
"NIBAN3",0.0889,-1.235,0.067,0.061,1,"NIBAN3"
"NUDT18",0.0893,0.353,0.029,0.025,1,"NUDT18"
"GRM2",0.0897,0.179,0.08,0.074,1,"GRM2"
"GABRR2",0.0898,0.195,0.038,0.034,1,"GABRR2"
"BICDL2",0.0901,-0.418,0.009,0.012,1,"BICDL2"
"TFPT",0.0902,0.187,0.126,0.12,1,"TFPT"
"HAUS2",0.0907,0.106,0.251,0.245,1,"HAUS2"
"MDH1B",0.0908,-0.333,0.022,0.026,1,"MDH1B"
"ENSG00000289809",0.091,0.3,0.018,0.015,1,"ENSG00000289809"
"MAGEC3",0.0912,0.262,0.056,0.05,1,"MAGEC3"
"GLIPR1L2",0.0912,0.346,0.053,0.048,1,"GLIPR1L2"
"TMEM151A",0.0914,-0.134,0.059,0.065,1,"TMEM151A"
"PPP1R32",0.0918,0.254,0.035,0.031,1,"PPP1R32"
"REC114",0.0919,0.146,0.103,0.096,1,"REC114"
"ADAMTSL4",0.0919,0.307,0.014,0.011,1,"ADAMTSL4"
"JMJD7",0.0919,0.203,0.053,0.048,1,"JMJD7"
"RNFT1",0.0919,0.12,0.194,0.187,1,"RNFT1"
"NR1I3",0.0922,-0.187,0.024,0.028,1,"NR1I3"
"VN1R1",0.0924,-0.357,0.016,0.019,1,"VN1R1"
"PIGW",0.0925,0.288,0.056,0.051,1,"PIGW"
"SLC10A4",0.0926,0.467,0.017,0.014,1,"SLC10A4"
"E2F3",0.0929,-0.102,0.336,0.353,1,"E2F3"
"SMIM10L2A",0.0929,0.17,0.08,0.073,1,"SMIM10L2A"
"TUBA4A",0.093,-0.378,0.027,0.031,1,"TUBA4A"
"DAPL1",0.0931,0.628,0.01,0.008,1,"DAPL1"
"CCNF",0.0932,-0.183,0.151,0.162,1,"CCNF"
"EIF2D",0.0932,0.146,0.14,0.133,1,"EIF2D"
"CD38",0.0933,-0.329,0.009,0.011,1,"CD38"
"TIGD6",0.0934,0.185,0.081,0.075,1,"TIGD6"
"ADRA2C",0.0936,-0.279,0.045,0.05,1,"ADRA2C"
"OR2H2",0.0939,0.109,0.104,0.097,1,"OR2H2"
"PID1",0.094,0.158,0.43,0.43,1,"PID1"
"ZNF621",0.0942,0.137,0.159,0.152,1,"ZNF621"
"IFIH1",0.0943,0.396,0.021,0.018,1,"IFIH1"
"WDR76",0.0944,0.109,0.216,0.209,1,"WDR76"
"PRC1",0.0947,-0.234,0.243,0.234,1,"PRC1"
"RHPN1",0.0949,-0.175,0.082,0.089,1,"RHPN1"
"MECR",0.0953,0.101,0.242,0.236,1,"MECR"
"EPX",0.0954,0.11,0.036,0.032,1,"EPX"
"TACR3",0.0955,0.348,0.012,0.009,1,"TACR3"
"NALF2",0.0956,0.191,0.091,0.085,1,"NALF2"
"PCTP",0.096,0.258,0.08,0.074,1,"PCTP"
"PLN",0.0962,0.136,0.051,0.046,1,"PLN"
"PGBD2",0.0965,0.156,0.097,0.09,1,"PGBD2"
"SLC27A3",0.0966,0.147,0.043,0.038,1,"SLC27A3"
"DNAJB7",0.097,-0.299,0.019,0.023,1,"DNAJB7"
"RXFP1",0.097,0.299,0.013,0.01,1,"RXFP1"
"PPARGC1B",0.0972,0.183,0.027,0.023,1,"PPARGC1B"
"GGA3",0.0976,0.105,0.263,0.258,1,"GGA3"
"HAS1",0.0976,0.103,0.04,0.035,1,"HAS1"
"TMEM17",0.0977,0.223,0.081,0.074,1,"TMEM17"
"SLC1A4",0.0977,-0.171,0.239,0.249,1,"SLC1A4"
"C12orf56",0.098,-0.512,0.015,0.018,1,"C12orf56"
"MIS18BP1",0.0981,-0.598,0.102,0.108,1,"MIS18BP1"
"DHRS11",0.0983,0.249,0.074,0.068,1,"DHRS11"
"ICMT",0.0984,0.117,0.163,0.156,1,"ICMT"
"NFE2",0.0984,0.389,0.026,0.022,1,"NFE2"
"DYNLRB2",0.0989,-0.242,0.025,0.029,1,"DYNLRB2"
"FAM221A",0.0991,0.153,0.186,0.179,1,"FAM221A"
"ENSG00000170846",0.0992,0.102,0.228,0.221,1,"ENSG00000170846"
"ARAP1",0.0992,0.224,0.035,0.03,1,"ARAP1"
"EMCN",0.0997,-0.801,0.008,0.01,1,"EMCN"
"DNAH12",0.0998,0.16,0.068,0.062,1,"DNAH12"
"FIGN",0.1,0.222,0.109,0.103,1,"FIGN"
"ATP6V1FNB",0.1,0.193,0.044,0.04,1,"ATP6V1FNB"
"GRHL1",0.1,-0.161,0.06,0.066,1,"GRHL1"
"TMC6",0.1,-0.344,0.023,0.027,1,"TMC6"
"TPCN2",0.101,0.13,0.139,0.133,1,"TPCN2"
"CFAP43",0.101,-0.182,0.066,0.072,1,"CFAP43"
"ESYT1",0.101,0.198,0.078,0.072,1,"ESYT1"
"RIPPLY2",0.101,-0.112,0.087,0.095,1,"RIPPLY2"
"MCCC2",0.101,-0.114,0.173,0.184,1,"MCCC2"
"ZBTB9",0.101,0.21,0.049,0.044,1,"ZBTB9"
"KHK",0.102,0.11,0.149,0.143,1,"KHK"
"KLC3",0.102,-0.13,0.034,0.039,1,"KLC3"
"COL6A6",0.102,-0.353,0.034,0.039,1,"COL6A6"
"ABCG4",0.102,-0.418,0.016,0.019,1,"ABCG4"
"ARHGAP10",0.103,-0.306,0.015,0.018,1,"ARHGAP10"
"PRTG",0.103,0.346,0.01,0.012,1,"PRTG"
"CAPG",0.103,0.319,0.034,0.029,1,"CAPG"
"TMEM234",0.103,0.125,0.118,0.111,1,"TMEM234"
"TBX6",0.103,0.37,0.026,0.022,1,"TBX6"
"LURAP1",0.103,-0.274,0.031,0.035,1,"LURAP1"
"PIGO",0.103,0.187,0.083,0.077,1,"PIGO"
"C17orf113",0.104,0.301,0.02,0.017,1,"C17orf113"
"KCNG2",0.104,0.206,0.055,0.05,1,"KCNG2"
"S100A13",0.104,-0.255,0.01,0.012,1,"S100A13"
"ADPRHL1",0.104,0.204,0.082,0.076,1,"ADPRHL1"
"GCK",0.104,-0.34,0.014,0.018,1,"GCK"
"TMEM272",0.105,0.249,0.048,0.043,1,"TMEM272"
"TIGD4",0.105,-0.159,0.056,0.062,1,"TIGD4"
"CIB1",0.105,0.261,0.078,0.072,1,"CIB1"
"ESPN",0.105,0.335,0.011,0.008,1,"ESPN"
"RGS16",0.105,-0.14,0.042,0.047,1,"RGS16"
"THBS4",0.106,0.175,0.169,0.162,1,"THBS4"
"RSPH6A",0.106,0.215,0.048,0.044,1,"RSPH6A"
"ITPKA",0.106,-0.307,0.017,0.02,1,"ITPKA"
"ODAD3",0.106,-0.265,0.018,0.021,1,"ODAD3"
"SPIN2A",0.106,0.234,0.033,0.029,1,"SPIN2A"
"GM2A",0.106,0.389,0.022,0.018,1,"GM2A"
"RGR",0.106,-0.499,0.009,0.012,1,"RGR"
"C1orf74",0.107,0.345,0.025,0.022,1,"C1orf74"
"ECHDC2",0.107,0.193,0.082,0.076,1,"ECHDC2"
"NOMO3",0.107,0.143,0.114,0.108,1,"NOMO3"
"FGF18",0.107,0.131,0.048,0.043,1,"FGF18"
"ZNF441",0.107,0.116,0.156,0.148,1,"ZNF441"
"POU4F1",0.108,0.332,0.017,0.014,1,"POU4F1"
"PLET1",0.108,0.228,0.043,0.038,1,"PLET1"
"STS",0.108,0.148,0.204,0.197,1,"STS"
"H3C4",0.108,0.459,0.034,0.03,1,"H3C4"
"C3AR1",0.108,0.178,0.025,0.021,1,"C3AR1"
"CFAP141",0.109,0.239,0.066,0.061,1,"CFAP141"
"EIF1AD",0.109,0.173,0.134,0.128,1,"EIF1AD"
"CERKL",0.109,0.407,0.015,0.012,1,"CERKL"
"MAMDC2",0.109,-0.283,0.09,0.097,1,"MAMDC2"
"C3orf33",0.109,0.112,0.177,0.171,1,"C3orf33"
"TNS2",0.11,0.1,0.129,0.122,1,"TNS2"
"WDR93",0.11,-0.163,0.025,0.029,1,"WDR93"
"ITPRID1",0.11,0.207,0.058,0.053,1,"ITPRID1"
"ARMC5",0.11,0.156,0.099,0.093,1,"ARMC5"
"TTC30B",0.11,0.316,0.059,0.054,1,"TTC30B"
"SHISA8",0.111,-0.428,0.011,0.013,1,"SHISA8"
"OIP5",0.111,-0.126,0.141,0.15,1,"OIP5"
"PDLIM5",0.111,0.114,0.102,0.096,1,"PDLIM5"
"LIG1",0.111,-0.102,0.149,0.159,1,"LIG1"
"ZNF619",0.112,0.306,0.029,0.026,1,"ZNF619"
"MYO3B",0.112,-0.395,0.012,0.015,1,"MYO3B"
"ENSG00000279137",0.112,0.388,0.02,0.017,1,"ENSG00000279137"
"ANGPTL5",0.112,-0.263,0.009,0.011,1,"ANGPTL5"
"ERF",0.112,-0.237,0.04,0.044,1,"ERF"
"ENSG00000285043",0.113,-0.181,0.03,0.034,1,"ENSG00000285043"
"FSHR",0.113,0.686,0.016,0.014,1,"FSHR"
"ZBTB16",0.114,-0.16,0.079,0.086,1,"ZBTB16"
"COL14A1",0.114,-0.427,0.018,0.022,1,"COL14A1"
"B3GNT6",0.114,0.524,0.015,0.012,1,"B3GNT6"
"FAM222A",0.114,0.374,0.025,0.022,1,"FAM222A"
"ENSG00000279649",0.114,0.198,0.029,0.025,1,"ENSG00000279649"
"HTR7",0.115,-0.243,0.022,0.026,1,"HTR7"
"NOM1",0.115,0.101,0.213,0.207,1,"NOM1"
"EFCAB9",0.115,0.175,0.048,0.043,1,"EFCAB9"
"STPG2",0.115,0.108,0.094,0.102,1,"STPG2"
"CRYBG1",0.115,-0.135,0.065,0.071,1,"CRYBG1"
"TEKT2",0.116,-0.148,0.045,0.05,1,"TEKT2"
"C11orf24",0.116,0.175,0.124,0.118,1,"C11orf24"
"C22orf23",0.116,0.165,0.099,0.092,1,"C22orf23"
"TUBB1",0.116,0.399,0.015,0.013,1,"TUBB1"
"METAP1D",0.116,-0.162,0.073,0.079,1,"METAP1D"
"TKTL1",0.116,0.394,0.018,0.015,1,"TKTL1"
"EXPH5",0.116,-0.656,0.014,0.017,1,"EXPH5"
"CMTM8",0.117,-0.172,0.022,0.025,1,"CMTM8"
"LRRC36",0.117,-0.274,0.012,0.014,1,"LRRC36"
"BBOX1",0.117,-0.247,0.016,0.019,1,"BBOX1"
"COX6B2",0.117,0.214,0.017,0.014,1,"COX6B2"
"PPRC1",0.118,0.147,0.116,0.11,1,"PPRC1"
"HPN",0.118,0.269,0.016,0.014,1,"HPN"
"THAP9",0.118,0.105,0.139,0.132,1,"THAP9"
"CASTOR1",0.118,-0.446,0.01,0.012,1,"CASTOR1"
"RINL",0.118,0.269,0.015,0.012,1,"RINL"
"B4GALNT3",0.118,-0.113,0.055,0.061,1,"B4GALNT3"
"DUOXA1",0.118,0.293,0.033,0.029,1,"DUOXA1"
"ADAM23",0.118,-0.117,0.692,0.678,1,"ADAM23"
"ACSL5",0.118,0.15,0.064,0.058,1,"ACSL5"
"TMEM220",0.118,-0.239,0.06,0.066,1,"TMEM220"
"C10orf143",0.118,0.216,0.063,0.058,1,"C10orf143"
"MKNK1",0.118,0.19,0.121,0.115,1,"MKNK1"
"AMDHD2",0.119,0.267,0.062,0.058,1,"AMDHD2"
"SAA1",0.119,0.455,0.014,0.011,1,"SAA1"
"DMRTA1",0.119,0.301,0.027,0.024,1,"DMRTA1"
"EVPL",0.12,0.15,0.01,0.007,1,"EVPL"
"DRD2",0.12,-0.272,0.01,0.012,1,"DRD2"
"CABYR",0.12,-0.108,0.195,0.205,1,"CABYR"
"COL9A2",0.12,0.126,0.073,0.068,1,"COL9A2"
"PIH1D2",0.121,0.216,0.044,0.039,1,"PIH1D2"
"DEPDC7",0.121,0.208,0.029,0.025,1,"DEPDC7"
"SIK1",0.121,-0.121,0.108,0.115,1,"SIK1"
"DPY19L2",0.121,-0.189,0.467,0.478,1,"DPY19L2"
"TAF5",0.121,0.154,0.186,0.181,1,"TAF5"
"C11orf1",0.121,0.118,0.22,0.217,1,"C11orf1"
"TAFA4",0.121,-0.311,0.017,0.02,1,"TAFA4"
"DENND1C",0.122,-0.383,0.008,0.01,1,"DENND1C"
"ARMC12",0.122,0.335,0.036,0.032,1,"ARMC12"
"P2RY11",0.122,0.192,0.029,0.025,1,"P2RY11"
"CEACAM1",0.122,0.115,0.088,0.082,1,"CEACAM1"
"SP140",0.122,-0.412,0.025,0.029,1,"SP140"
"CPNE9",0.122,0.343,0.038,0.034,1,"CPNE9"
"LGALS1",0.122,0.134,0.022,0.019,1,"LGALS1"
"ZNF816",0.122,0.142,0.024,0.021,1,"ZNF816"
"MAGEL2",0.122,-0.365,0.028,0.032,1,"MAGEL2"
"CDHR1",0.122,-0.325,0.013,0.015,1,"CDHR1"
"TEX15",0.123,-0.351,0.014,0.017,1,"TEX15"
"ENSG00000279138",0.123,0.208,0.035,0.031,1,"ENSG00000279138"
"TRIM17",0.123,0.111,0.029,0.025,1,"TRIM17"
"ZNF563",0.123,-0.151,0.038,0.043,1,"ZNF563"
"PKHD1L1",0.123,0.322,0.02,0.017,1,"PKHD1L1"
"ENSG00000280106",0.123,0.179,0.049,0.045,1,"ENSG00000280106"
"CES3",0.123,-0.472,0.012,0.015,1,"CES3"
"CNTNAP1",0.123,0.101,0.154,0.148,1,"CNTNAP1"
"DCP1B",0.123,0.117,0.25,0.244,1,"DCP1B"
"SKAP2",0.124,-0.22,0.068,0.074,1,"SKAP2"
"OXTR",0.124,0.277,0.057,0.052,1,"OXTR"
"HCST",0.124,-0.111,0.008,0.01,1,"HCST"
"FDXACB1",0.124,0.261,0.055,0.05,1,"FDXACB1"
"EVI2A",0.124,-0.359,0.017,0.021,1,"EVI2A"
"CENPA",0.124,-0.18,0.156,0.148,1,"CENPA"
"PCDHA13",0.125,0.364,0.031,0.027,1,"PCDHA13"
"CDK20",0.125,0.123,0.134,0.128,1,"CDK20"
"AK4P3",0.125,0.27,0.037,0.033,1,"AK4P3"
"NEURL2",0.125,0.276,0.036,0.032,1,"NEURL2"
"ENSG00000280372",0.125,0.186,0.052,0.047,1,"ENSG00000280372"
"TESMIN",0.125,-0.159,0.031,0.036,1,"TESMIN"
"PFKFB2",0.125,-0.152,0.105,0.113,1,"PFKFB2"
"IL10RB",0.126,0.223,0.058,0.053,1,"IL10RB"
"RIT2",0.126,-0.522,0.023,0.026,1,"RIT2"
"OPN1SW",0.127,0.267,0.025,0.022,1,"OPN1SW"
"PDC",0.127,-0.212,0.05,0.055,1,"PDC"
"RBPMS2",0.127,-0.409,0.011,0.013,1,"RBPMS2"
"FOXO1",0.127,0.139,0.077,0.071,1,"FOXO1"
"SNORC",0.127,0.156,0.119,0.112,1,"SNORC"
"CYP39A1",0.127,0.488,0.024,0.021,1,"CYP39A1"
"BST1",0.127,0.192,0.032,0.028,1,"BST1"
"PARD3B",0.127,-0.122,0.525,0.534,1,"PARD3B"
"ENSG00000261459",0.128,0.108,0.02,0.017,1,"ENSG00000261459"
"RETSAT",0.128,0.143,0.066,0.061,1,"RETSAT"
"CHIC1",0.128,-0.107,0.236,0.248,1,"CHIC1"
"ENSG00000280152",0.129,0.339,0.029,0.025,1,"ENSG00000280152"
"ZNF695",0.129,0.114,0.173,0.167,1,"ZNF695"
"ADAMTS18",0.129,-0.382,0.029,0.033,1,"ADAMTS18"
"SMKR1",0.129,-0.154,0.047,0.052,1,"SMKR1"
"DGKA",0.13,0.104,0.106,0.1,1,"DGKA"
"ENSG00000289690",0.13,-0.265,0.039,0.043,1,"ENSG00000289690"
"CRTC2",0.13,0.199,0.078,0.072,1,"CRTC2"
"ATF3",0.13,0.138,0.068,0.063,1,"ATF3"
"ACSBG1",0.13,-0.195,0.018,0.022,1,"ACSBG1"
"STEAP1B",0.13,0.129,0.055,0.05,1,"STEAP1B"
"SMCR8",0.131,0.174,0.072,0.067,1,"SMCR8"
"PHF11",0.131,0.202,0.05,0.046,1,"PHF11"
"SLC26A3",0.131,0.165,0.092,0.087,1,"SLC26A3"
"LRRC9",0.131,-0.124,0.043,0.048,1,"LRRC9"
"SLC43A1",0.132,0.428,0.021,0.018,1,"SLC43A1"
"DZIP1",0.132,-0.127,0.427,0.44,1,"DZIP1"
"LRRC75B",0.132,-0.336,0.034,0.038,1,"LRRC75B"
"PPL",0.132,0.143,0.076,0.07,1,"PPL"
"TBX1",0.132,0.373,0.012,0.01,1,"TBX1"
"XIRP2",0.133,0.348,0.017,0.014,1,"XIRP2"
"ENSG00000289687",0.133,-0.218,0.018,0.022,1,"ENSG00000289687"
"CELA2B",0.133,0.221,0.02,0.017,1,"CELA2B"
"ENTPD1",0.133,-0.326,0.047,0.051,1,"ENTPD1"
"VMO1",0.134,0.267,0.026,0.022,1,"VMO1"
"LILRB3",0.134,0.214,0.023,0.02,1,"LILRB3"
"TOMM34",0.134,0.141,0.129,0.124,1,"TOMM34"
"FRRS1",0.134,0.296,0.024,0.021,1,"FRRS1"
"GAGE10",0.134,0.383,0.022,0.019,1,"GAGE10"
"ASB16",0.135,0.152,0.042,0.038,1,"ASB16"
"C1S",0.135,-0.149,0.212,0.222,1,"C1S"
"ENSG00000173867",0.135,0.148,0.046,0.041,1,"ENSG00000173867"
"FAH",0.135,0.393,0.018,0.015,1,"FAH"
"CASP6",0.135,0.171,0.177,0.172,1,"CASP6"
"TRMT13",0.136,-0.117,0.301,0.314,1,"TRMT13"
"RPS6KA2",0.136,-0.158,0.689,0.678,1,"RPS6KA2"
"PADI6",0.136,0.283,0.028,0.024,1,"PADI6"
"HAUS4",0.136,-0.147,0.138,0.147,1,"HAUS4"
"GHDC",0.137,0.281,0.037,0.033,1,"GHDC"
"MYB",0.137,0.189,0.039,0.035,1,"MYB"
"MYO15A",0.137,-0.151,0.05,0.055,1,"MYO15A"
"FAR2",0.137,-0.242,0.149,0.157,1,"FAR2"
"TIMM8A",0.137,0.203,0.122,0.116,1,"TIMM8A"
"SPON1",0.137,0.107,0.106,0.099,1,"SPON1"
"TESC",0.137,-0.274,0.039,0.043,1,"TESC"
"MPV17L",0.138,-0.205,0.033,0.037,1,"MPV17L"
"FUT6",0.138,-0.292,0.018,0.021,1,"FUT6"
"MT1F",0.138,0.203,0.018,0.015,1,"MT1F"
"FGF22",0.138,0.107,0.019,0.016,1,"FGF22"
"ENSG00000279133",0.138,0.218,0.074,0.069,1,"ENSG00000279133"
"PPIP5K1",0.138,0.1,0.134,0.127,1,"PPIP5K1"
"C17orf98",0.138,0.333,0.015,0.012,1,"C17orf98"
"SHOC1",0.138,-0.274,0.119,0.126,1,"SHOC1"
"PTAFR",0.139,-0.746,0.026,0.022,1,"PTAFR"
"DUSP6",0.139,-0.162,0.016,0.018,1,"DUSP6"
"ZNF497",0.139,0.127,0.119,0.113,1,"ZNF497"
"CLTCL1",0.139,-0.108,0.126,0.134,1,"CLTCL1"
"ISM2",0.14,0.177,0.021,0.018,1,"ISM2"
"HCN2",0.14,0.185,0.079,0.074,1,"HCN2"
"CCDC200",0.14,0.192,0.014,0.012,1,"CCDC200"
"HRC",0.14,0.281,0.021,0.018,1,"HRC"
"PITPNM3",0.14,-0.142,0.043,0.048,1,"PITPNM3"
"TMEM81",0.14,0.18,0.063,0.058,1,"TMEM81"
"EIF5AL1",0.14,0.198,0.034,0.03,1,"EIF5AL1"
"EBF3",0.14,0.472,0.02,0.017,1,"EBF3"
"ENSG00000280332",0.14,0.171,0.053,0.048,1,"ENSG00000280332"
"EFCAB12",0.14,0.267,0.042,0.037,1,"EFCAB12"
"TPRG1L",0.141,0.11,0.12,0.115,1,"TPRG1L"
"PROX2",0.141,0.149,0.018,0.015,1,"PROX2"
"L1TD1",0.142,0.309,0.011,0.009,1,"L1TD1"
"C1QL1",0.142,-0.232,0.041,0.045,1,"C1QL1"
"B3GNT3",0.143,0.109,0.011,0.009,1,"B3GNT3"
"KLF9",0.143,0.243,0.034,0.03,1,"KLF9"
"OLFM1",0.143,-0.144,0.627,0.645,1,"OLFM1"
"ZNF587B",0.144,0.187,0.057,0.052,1,"ZNF587B"
"CMTM3",0.144,0.117,0.1,0.095,1,"CMTM3"
"RAD51B",0.144,-0.2,0.419,0.437,1,"RAD51B"
"IL4I1",0.144,0.194,0.035,0.031,1,"IL4I1"
"PON1",0.144,0.266,0.02,0.017,1,"PON1"
"ENSG00000279432",0.145,0.159,0.088,0.082,1,"ENSG00000279432"
"PTGES3L",0.145,0.231,0.04,0.035,1,"PTGES3L"
"TOR3A",0.145,0.124,0.136,0.13,1,"TOR3A"
"ENSG00000280401",0.145,0.157,0.034,0.03,1,"ENSG00000280401"
"PYY",0.145,0.163,0.047,0.043,1,"PYY"
"RITA1",0.145,0.107,0.139,0.133,1,"RITA1"
"ITIH4",0.145,0.146,0.1,0.095,1,"ITIH4"
"DCAF4",0.146,0.138,0.144,0.138,1,"DCAF4"
"TRIM25",0.146,-0.186,0.106,0.113,1,"TRIM25"
"RPRML",0.146,-0.231,0.028,0.032,1,"RPRML"
"H2BC9",0.146,-0.183,0.019,0.022,1,"H2BC9"
"RBM11",0.147,-0.164,0.076,0.082,1,"RBM11"
"OR51D1",0.147,0.47,0.018,0.015,1,"OR51D1"
"APBB2",0.147,-0.119,0.475,0.492,1,"APBB2"
"PRKAG2",0.148,-0.138,0.494,0.508,1,"PRKAG2"
"RIPK2",0.148,-0.255,0.042,0.047,1,"RIPK2"
"DGAT2L6",0.148,-0.469,0.016,0.018,1,"DGAT2L6"
"CC2D1A",0.148,-0.145,0.311,0.322,1,"CC2D1A"
"AKNAD1",0.149,-0.258,0.02,0.024,1,"AKNAD1"
"TOMM6",0.149,0.195,0.063,0.058,1,"TOMM6"
"CD302",0.149,0.357,0.011,0.009,1,"CD302"
"SOWAHC",0.149,0.101,0.21,0.205,1,"SOWAHC"
"ZNF584",0.149,-0.122,0.234,0.245,1,"ZNF584"
"DGLUCY",0.149,-0.102,0.191,0.201,1,"DGLUCY"
"ANKRD36",0.149,-0.224,0.711,0.709,1,"ANKRD36"
"CTF1",0.15,0.333,0.02,0.017,1,"CTF1"
"SLC35D2",0.15,-0.123,0.011,0.013,1,"SLC35D2"
"DKK2",0.151,0.16,0.046,0.042,1,"DKK2"
"SLC12A4",0.151,0.264,0.027,0.024,1,"SLC12A4"
"GREB1",0.151,-0.107,0.019,0.023,1,"GREB1"
"ENPEP",0.151,-0.156,0.013,0.016,1,"ENPEP"
"SELENOP",0.151,-0.191,0.024,0.027,1,"SELENOP"
"FAM110D",0.151,0.284,0.011,0.009,1,"FAM110D"
"GCH1",0.152,-0.158,0.03,0.034,1,"GCH1"
"IL7",0.152,-0.144,0.424,0.411,1,"IL7"
"ELP4",0.152,-0.263,0.36,0.373,1,"ELP4"
"HCRT",0.153,0.426,0.01,0.008,1,"HCRT"
"CYP27A1",0.153,0.146,0.045,0.041,1,"CYP27A1"
"TAS2R30",0.154,0.333,0.02,0.017,1,"TAS2R30"
"BAAT",0.155,0.218,0.077,0.072,1,"BAAT"
"AARD",0.156,-0.103,0.02,0.024,1,"AARD"
"GPR21",0.156,-0.313,0.014,0.017,1,"GPR21"
"RNF43",0.156,0.188,0.035,0.032,1,"RNF43"
"CMSS1",0.156,-0.116,0.471,0.488,1,"CMSS1"
"C1orf146",0.157,-0.347,0.019,0.022,1,"C1orf146"
"BBS10",0.157,0.119,0.112,0.106,1,"BBS10"
"KMO",0.157,0.531,0.013,0.011,1,"KMO"
"TMC2",0.158,-0.14,0.026,0.029,1,"TMC2"
"PAMR1",0.158,-0.214,0.011,0.014,1,"PAMR1"
"CD72",0.158,0.151,0.046,0.042,1,"CD72"
"SLC8A1",0.158,-0.257,0.724,0.733,1,"SLC8A1"
"EEF1AKMT3",0.159,-0.22,0.032,0.036,1,"EEF1AKMT3"
"BCAT1",0.159,-0.259,0.045,0.05,1,"BCAT1"
"GNGT1",0.159,1.111,0.01,0.008,1,"GNGT1"
"FBXO6",0.159,0.142,0.103,0.098,1,"FBXO6"
"FYB1",0.16,-0.503,0.008,0.01,1,"FYB1"
"NUDT19",0.16,0.221,0.064,0.059,1,"NUDT19"
"ENSG00000279361",0.16,-0.11,0.018,0.021,1,"ENSG00000279361"
"WSB1",0.16,-0.249,0.925,0.927,1,"WSB1"
"COPZ2",0.161,-0.217,0.008,0.01,1,"COPZ2"
"IL11RA",0.161,-0.159,0.038,0.042,1,"IL11RA"
"FBXO8",0.161,0.106,0.142,0.137,1,"FBXO8"
"NELL2",0.161,-0.388,0.932,0.913,1,"NELL2"
"SKAP1",0.162,0.137,0.041,0.037,1,"SKAP1"
"MSANTD1",0.162,-0.155,0.04,0.045,1,"MSANTD1"
"HHAT",0.162,0.23,0.073,0.068,1,"HHAT"
"DLL4",0.162,-0.316,0.011,0.014,1,"DLL4"
"C1orf105",0.162,0.299,0.036,0.033,1,"C1orf105"
"LAMB4",0.162,-0.205,0.032,0.035,1,"LAMB4"
"PIEZO1",0.163,-0.134,0.015,0.018,1,"PIEZO1"
"FBXO24",0.163,0.309,0.01,0.008,1,"FBXO24"
"ZAN",0.163,0.109,0.016,0.014,1,"ZAN"
"CTDSP1",0.164,0.207,0.05,0.046,1,"CTDSP1"
"CFAP221",0.164,-0.108,0.01,0.012,1,"CFAP221"
"ANXA2",0.164,0.381,0.022,0.019,1,"ANXA2"
"CDNF",0.164,0.184,0.058,0.053,1,"CDNF"
"MGAM",0.164,-0.135,0.077,0.083,1,"MGAM"
"CPXM1",0.164,0.191,0.05,0.046,1,"CPXM1"
"WDR87",0.165,0.271,0.031,0.028,1,"WDR87"
"BCAN",0.165,-0.615,0.055,0.06,1,"BCAN"
"MANEA",0.165,0.143,0.123,0.117,1,"MANEA"
"ADAMTS4",0.165,0.126,0.078,0.073,1,"ADAMTS4"
"TM4SF5",0.165,0.235,0.017,0.014,1,"TM4SF5"
"CYRIA",0.165,-0.134,0.704,0.711,1,"CYRIA"
"TMEM106A",0.165,0.342,0.039,0.035,1,"TMEM106A"
"MAF",0.166,0.553,0.027,0.023,1,"MAF"
"BTN3A3",0.166,-0.152,0.01,0.012,1,"BTN3A3"
"ERFL",0.166,-0.296,0.015,0.017,1,"ERFL"
"POMT2",0.166,0.107,0.121,0.116,1,"POMT2"
"CLDND2",0.166,0.432,0.014,0.012,1,"CLDND2"
"ZNF600",0.166,0.434,0.025,0.022,1,"ZNF600"
"TSTD3",0.167,-0.113,0.206,0.215,1,"TSTD3"
"ACHE",0.167,0.109,0.082,0.077,1,"ACHE"
"GPD1",0.167,0.342,0.032,0.029,1,"GPD1"
"NFATC4",0.167,-0.397,0.029,0.033,1,"NFATC4"
"DMRT3",0.167,-0.248,0.009,0.011,1,"DMRT3"
"C11orf65",0.168,-0.278,0.085,0.09,1,"C11orf65"
"LBHD1",0.168,0.348,0.028,0.025,1,"LBHD1"
"ENSG00000278987",0.168,-0.131,0.031,0.035,1,"ENSG00000278987"
"NEDD4",0.169,-0.147,0.143,0.151,1,"NEDD4"
"NCF2",0.169,0.15,0.055,0.051,1,"NCF2"
"GGACT",0.169,0.246,0.017,0.014,1,"GGACT"
"CRHR2",0.169,-0.301,0.047,0.051,1,"CRHR2"
"TBCE.1",0.169,0.119,0.097,0.092,1,"TBCE.1"
"C3orf20",0.17,0.193,0.076,0.072,1,"C3orf20"
"AKR7A3",0.17,0.421,0.013,0.01,1,"AKR7A3"
"WNT7B",0.171,0.274,0.022,0.019,1,"WNT7B"
"ARSD",0.171,-1.567,0.029,0.026,1,"ARSD"
"AMACR",0.171,0.188,0.107,0.102,1,"AMACR"
"ZNF845",0.171,0.154,0.12,0.115,1,"ZNF845"
"COL5A2",0.171,-0.455,0.02,0.023,1,"COL5A2"
"POLR1G",0.171,0.233,0.058,0.054,1,"POLR1G"
"DOCK5",0.172,-0.166,0.024,0.027,1,"DOCK5"
"ENSG00000272916",0.172,0.253,0.016,0.014,1,"ENSG00000272916"
"LTB4R",0.172,-0.189,0.014,0.017,1,"LTB4R"
"SLC35F4",0.172,-0.397,0.059,0.065,1,"SLC35F4"
"WDR97",0.172,0.262,0.014,0.012,1,"WDR97"
"SOX15",0.172,-0.317,0.01,0.013,1,"SOX15"
"CEACAM19",0.172,0.137,0.122,0.116,1,"CEACAM19"
"ZXDB",0.173,0.212,0.084,0.079,1,"ZXDB"
"CRYBG3",0.173,-0.158,0.056,0.061,1,"CRYBG3"
"SSBP3",0.173,-0.245,0.801,0.801,1,"SSBP3"
"GPR18",0.174,-0.204,0.018,0.021,1,"GPR18"
"ENSG00000280385",0.174,-0.254,0.014,0.017,1,"ENSG00000280385"
"KCNJ10",0.174,-0.241,0.036,0.04,1,"KCNJ10"
"CPT1A",0.174,-0.233,0.017,0.019,1,"CPT1A"
"TNNC2",0.175,0.192,0.028,0.025,1,"TNNC2"
"NIM1K",0.175,-0.178,0.198,0.209,1,"NIM1K"
"CACNG6",0.175,0.239,0.026,0.022,1,"CACNG6"
"CASQ1",0.176,0.62,0.012,0.01,1,"CASQ1"
"VWA7",0.176,0.345,0.014,0.012,1,"VWA7"
"LOXHD1",0.176,0.338,0.013,0.011,1,"LOXHD1"
"MMP25",0.177,-0.201,0.029,0.033,1,"MMP25"
"CYS1",0.177,-0.264,0.014,0.017,1,"CYS1"
"SPRY4",0.178,-0.302,0.01,0.013,1,"SPRY4"
"MAP4K2",0.178,0.105,0.181,0.175,1,"MAP4K2"
"RASAL3",0.178,-0.277,0.01,0.012,1,"RASAL3"
"ENSG00000279785",0.178,-0.251,0.016,0.019,1,"ENSG00000279785"
"THRSP",0.178,0.195,0.028,0.024,1,"THRSP"
"EPHX4",0.179,-0.248,0.016,0.019,1,"EPHX4"
"SMIM18",0.179,0.172,0.206,0.202,1,"SMIM18"
"FAM83D",0.18,-0.101,0.08,0.075,1,"FAM83D"
"ENSG00000280378",0.18,0.221,0.037,0.033,1,"ENSG00000280378"
"SPRYD7",0.18,0.105,0.282,0.279,1,"SPRYD7"
"AGAP5",0.18,0.215,0.079,0.074,1,"AGAP5"
"BCL2L2-PABPN1",0.18,0.124,0.134,0.129,1,"BCL2L2-PABPN1"
"FGFRL1",0.18,-0.297,0.03,0.033,1,"FGFRL1"
"CFAP92",0.181,-0.132,0.147,0.154,1,"CFAP92"
"APOBEC2",0.181,0.114,0.036,0.032,1,"APOBEC2"
"RCAN3",0.182,0.307,0.029,0.026,1,"RCAN3"
"ZNF763",0.182,0.295,0.026,0.023,1,"ZNF763"
"ZNF665",0.182,0.119,0.097,0.092,1,"ZNF665"
"IRAG2",0.182,-0.374,0.014,0.016,1,"IRAG2"
"DCST1",0.182,0.27,0.011,0.009,1,"DCST1"
"SYNGR2",0.183,-0.186,0.033,0.036,1,"SYNGR2"
"FIGNL2",0.183,0.185,0.016,0.013,1,"FIGNL2"
"FN3K",0.183,0.119,0.099,0.094,1,"FN3K"
"MYOM2",0.184,0.173,0.021,0.018,1,"MYOM2"
"MAP3K15",0.184,0.139,0.07,0.065,1,"MAP3K15"
"RHOV",0.184,-0.12,0.07,0.076,1,"RHOV"
"DIO1",0.185,-1.981,0.026,0.029,1,"DIO1"
"CERCAM",0.185,-0.172,0.071,0.077,1,"CERCAM"
"RNASE4",0.185,-0.226,0.021,0.024,1,"RNASE4"
"LDLRAD1",0.185,0.223,0.01,0.008,1,"LDLRAD1"
"DYNLT3",0.186,-0.115,0.053,0.058,1,"DYNLT3"
"PCDH7",0.186,-0.312,0.057,0.062,1,"PCDH7"
"CCHCR1",0.186,0.136,0.118,0.113,1,"CCHCR1"
"PCDHB9",0.186,0.176,0.129,0.123,1,"PCDHB9"
"ENSG00000188897",0.186,-0.151,0.022,0.025,1,"ENSG00000188897"
"SCN10A",0.186,-0.271,0.008,0.01,1,"SCN10A"
"SMAGP",0.186,0.254,0.056,0.052,1,"SMAGP"
"UNC119B",0.187,0.12,0.101,0.096,1,"UNC119B"
"GJA10",0.187,0.232,0.023,0.021,1,"GJA10"
"LGALS4",0.187,0.376,0.015,0.013,1,"LGALS4"
"ERAP2",0.187,0.123,0.045,0.041,1,"ERAP2"
"ABCC2",0.188,0.245,0.014,0.012,1,"ABCC2"
"AOAH",0.188,0.113,0.044,0.041,1,"AOAH"
"ACKR4",0.188,-0.495,0.025,0.029,1,"ACKR4"
"GCKR",0.188,-0.974,0.008,0.01,1,"GCKR"
"SERF1A",0.189,0.348,0.021,0.018,1,"SERF1A"
"MOSPD2",0.189,0.126,0.22,0.216,1,"MOSPD2"
"CEBPB",0.189,-0.436,0.024,0.027,1,"CEBPB"
"PLP1",0.189,-0.436,0.023,0.026,1,"PLP1"
"CHRNA10",0.189,0.156,0.016,0.014,1,"CHRNA10"
"ENSG00000280381",0.19,-0.232,0.015,0.017,1,"ENSG00000280381"
"CD79A",0.191,0.326,0.013,0.011,1,"CD79A"
"SLC4A5",0.191,-0.18,0.274,0.282,1,"SLC4A5"
"EHD3",0.191,0.148,0.097,0.093,1,"EHD3"
"ALPL",0.191,-0.27,0.015,0.018,1,"ALPL"
"FGD5",0.191,0.301,0.014,0.012,1,"FGD5"
"CLEC18B",0.192,0.427,0.011,0.009,1,"CLEC18B"
"TDRD9",0.192,-0.25,0.008,0.01,1,"TDRD9"
"NOXA1",0.192,-0.246,0.025,0.028,1,"NOXA1"
"PALB2",0.192,0.105,0.144,0.138,1,"PALB2"
"ZBTB12",0.192,0.336,0.047,0.043,1,"ZBTB12"
"C5",0.193,-0.128,0.109,0.115,1,"C5"
"FGD3",0.193,0.175,0.081,0.077,1,"FGD3"
"CRYGS",0.194,0.281,0.032,0.029,1,"CRYGS"
"SLC25A48",0.194,0.154,0.055,0.06,1,"SLC25A48"
"ENSG00000279416",0.194,0.254,0.012,0.01,1,"ENSG00000279416"
"DNAI7",0.194,-0.13,0.066,0.062,1,"DNAI7"
"SCFD2",0.195,-0.145,0.592,0.582,1,"SCFD2"
"NRIP2",0.195,0.125,0.024,0.021,1,"NRIP2"
"PTCHD4",0.195,0.141,0.059,0.055,1,"PTCHD4"
"LYPD3",0.195,0.268,0.035,0.032,1,"LYPD3"
"TRIM61",0.196,-0.214,0.047,0.051,1,"TRIM61"
"CYP2U1",0.196,0.108,0.119,0.113,1,"CYP2U1"
"TPH1",0.196,0.275,0.032,0.029,1,"TPH1"
"IRF2",0.196,0.119,0.123,0.118,1,"IRF2"
"ENSG00000278983",0.197,0.209,0.028,0.025,1,"ENSG00000278983"
"ZNF221",0.197,0.15,0.092,0.088,1,"ZNF221"
"TFR2",0.197,0.109,0.158,0.153,1,"TFR2"
"CALB1",0.198,-0.297,0.01,0.012,1,"CALB1"
"TTC6",0.198,0.172,0.022,0.019,1,"TTC6"
"CNFN",0.198,0.316,0.013,0.011,1,"CNFN"
"SFTPD",0.198,-0.346,0.037,0.041,1,"SFTPD"
"NSUN5",0.198,-0.145,0.048,0.052,1,"NSUN5"
"PLB1",0.198,-0.266,0.009,0.011,1,"PLB1"
"IGFBP7",0.198,0.343,0.049,0.045,1,"IGFBP7"
"CAPN6",0.198,0.275,0.01,0.008,1,"CAPN6"
"CHRD",0.199,-0.116,0.023,0.026,1,"CHRD"
"CLEC2D",0.199,-0.171,0.106,0.112,1,"CLEC2D"
"WEE1",0.199,-0.112,0.14,0.134,1,"WEE1"
"EFNA4",0.2,0.284,0.038,0.034,1,"EFNA4"
"SPX",0.2,0.319,0.017,0.015,1,"SPX"
"MICALL2",0.2,-0.198,0.029,0.033,1,"MICALL2"
"TP53TG5",0.2,-0.141,0.08,0.085,1,"TP53TG5"
"FBXL13",0.2,-0.197,0.2,0.207,1,"FBXL13"
"PCGF1",0.2,0.207,0.06,0.056,1,"PCGF1"
"TSPEAR",0.201,-0.188,0.02,0.022,1,"TSPEAR"
"INCA1",0.201,0.26,0.016,0.014,1,"INCA1"
"KCNIP2",0.202,0.119,0.089,0.084,1,"KCNIP2"
"C1orf54",0.202,0.128,0.117,0.112,1,"C1orf54"
"ENO4",0.202,-0.224,0.288,0.294,1,"ENO4"
"RPP25",0.202,0.114,0.094,0.089,1,"RPP25"
"MGST2",0.202,-0.13,0.067,0.072,1,"MGST2"
"SLC45A2",0.202,0.169,0.054,0.05,1,"SLC45A2"
"PNPLA4",0.202,-0.109,0.009,0.011,1,"PNPLA4"
"CCDC81",0.203,-0.178,0.032,0.035,1,"CCDC81"
"RBM44",0.203,-0.115,0.018,0.021,1,"RBM44"
"NR1H3",0.203,0.153,0.088,0.083,1,"NR1H3"
"PYROXD2",0.203,-0.306,0.015,0.017,1,"PYROXD2"
"TMEM214",0.203,0.139,0.068,0.064,1,"TMEM214"
"PDE8B",0.204,0.28,0.019,0.016,1,"PDE8B"
"SPATA32",0.204,0.164,0.034,0.031,1,"SPATA32"
"CD96",0.204,-0.133,0.011,0.014,1,"CD96"
"ZNF630",0.204,-0.215,0.025,0.029,1,"ZNF630"
"ACADS",0.204,0.234,0.039,0.036,1,"ACADS"
"ACBD7",0.204,-0.219,0.026,0.03,1,"ACBD7"
"ZNF10",0.204,0.141,0.15,0.146,1,"ZNF10"
"HILPDA",0.204,-0.169,0.384,0.379,1,"HILPDA"
"MPI",0.205,0.105,0.193,0.19,1,"MPI"
"THAP10",0.205,0.203,0.07,0.066,1,"THAP10"
"ATP10D",0.206,-0.148,0.127,0.134,1,"ATP10D"
"SEL1L3",0.206,-0.313,0.181,0.187,1,"SEL1L3"
"BNIP3",0.206,-0.23,0.607,0.588,1,"BNIP3"
"SEC14L5",0.207,-0.466,0.015,0.017,1,"SEC14L5"
"ARHGEF39",0.207,-0.326,0.029,0.032,1,"ARHGEF39"
"PCDHGA11",0.207,0.337,0.013,0.011,1,"PCDHGA11"
"KIRREL2",0.208,0.108,0.038,0.034,1,"KIRREL2"
"CCDC168",0.208,0.517,0.016,0.013,1,"CCDC168"
"FAM186A",0.208,0.118,0.033,0.03,1,"FAM186A"
"CHADL",0.208,0.292,0.018,0.015,1,"CHADL"
"PDGFRB",0.209,-0.163,0.015,0.017,1,"PDGFRB"
"CCDC83",0.209,-0.189,0.019,0.021,1,"CCDC83"
"ENSG00000256646",0.21,0.281,0.025,0.022,1,"ENSG00000256646"
"MINDY1",0.211,0.176,0.083,0.079,1,"MINDY1"
"ENSG00000266953",0.211,-0.437,0.008,0.01,1,"ENSG00000266953"
"GLRX2",0.211,0.152,0.135,0.131,1,"GLRX2"
"XDH",0.211,-0.425,0.012,0.014,1,"XDH"
"AMER1",0.212,0.138,0.092,0.087,1,"AMER1"
"CNGB3",0.213,-0.241,0.043,0.046,1,"CNGB3"
"LYNX1",0.213,-0.417,0.011,0.013,1,"LYNX1"
"LFNG",0.213,-0.11,0.034,0.038,1,"LFNG"
"ZNF114",0.213,-1.544,0.02,0.023,1,"ZNF114"
"H3C10",0.213,0.314,0.023,0.02,1,"H3C10"
"SPOUT1",0.214,0.199,0.091,0.087,1,"SPOUT1"
"ARAF",0.214,0.155,0.117,0.113,1,"ARAF"
"ENSG00000279544",0.214,-0.161,0.027,0.03,1,"ENSG00000279544"
"RAB29",0.214,0.103,0.12,0.114,1,"RAB29"
"HSF4",0.214,0.184,0.054,0.05,1,"HSF4"
"ZFP3",0.215,0.142,0.018,0.015,1,"ZFP3"
"SLC29A2",0.215,-0.181,0.101,0.106,1,"SLC29A2"
"SFTPB",0.215,0.27,0.015,0.013,1,"SFTPB"
"TMEM238",0.215,0.182,0.02,0.018,1,"TMEM238"
"ST6GALNAC2",0.215,0.151,0.039,0.036,1,"ST6GALNAC2"
"NPY",0.215,0.876,0.035,0.032,1,"NPY"
"TRIM72",0.215,-0.172,0.011,0.013,1,"TRIM72"
"CHEK1",0.216,-0.251,0.16,0.167,1,"CHEK1"
"ATP6V1E2",0.217,-0.135,0.162,0.169,1,"ATP6V1E2"
"UPK1A",0.217,0.311,0.02,0.018,1,"UPK1A"
"LDB3",0.217,0.233,0.036,0.033,1,"LDB3"
"SSC4D",0.217,0.238,0.028,0.025,1,"SSC4D"
"WFIKKN2",0.218,0.536,0.01,0.008,1,"WFIKKN2"
"TMEM63A",0.218,0.207,0.046,0.042,1,"TMEM63A"
"WDR5B",0.218,0.166,0.076,0.072,1,"WDR5B"
"PRDM6",0.218,-0.416,0.011,0.013,1,"PRDM6"
"CD6",0.218,-0.403,0.012,0.014,1,"CD6"
"ZFP28",0.218,0.124,0.154,0.15,1,"ZFP28"
"TINCR",0.219,0.208,0.067,0.063,1,"TINCR"
"CDC25A",0.219,-0.104,0.03,0.033,1,"CDC25A"
"IDO1",0.22,0.369,0.012,0.01,1,"IDO1"
"IL17B",0.22,0.337,0.015,0.013,1,"IL17B"
"GNG11",0.22,-0.157,0.012,0.014,1,"GNG11"
"MBOAT1",0.221,-0.147,0.02,0.023,1,"MBOAT1"
"SLC16A10",0.221,-0.112,0.155,0.162,1,"SLC16A10"
"CRYBA1",0.221,0.145,0.024,0.021,1,"CRYBA1"
"TMEM47",0.221,-0.116,0.239,0.25,1,"TMEM47"
"RNF227",0.222,0.219,0.067,0.063,1,"RNF227"
"GBA",0.222,0.113,0.134,0.129,1,"GBA"
"C11orf16",0.223,-0.123,0.03,0.033,1,"C11orf16"
"ENSG00000279246",0.223,0.286,0.01,0.008,1,"ENSG00000279246"
"TMEM71",0.224,0.263,0.013,0.011,1,"TMEM71"
"ENSG00000280181",0.224,0.105,0.032,0.029,1,"ENSG00000280181"
"FNDC10",0.224,0.115,0.139,0.135,1,"FNDC10"
"TUBA8",0.224,0.135,0.11,0.106,1,"TUBA8"
"KCNMB2",0.225,-0.184,0.018,0.021,1,"KCNMB2"
"TGM4",0.226,-0.122,0.032,0.036,1,"TGM4"
"CCDC122",0.227,-0.121,0.058,0.062,1,"CCDC122"
"FICD",0.227,0.147,0.085,0.081,1,"FICD"
"DNM1P41",0.228,0.212,0.024,0.021,1,"DNM1P41"
"ENSG00000279166",0.228,-0.105,0.065,0.069,1,"ENSG00000279166"
"DNAJB13",0.228,0.337,0.029,0.026,1,"DNAJB13"
"ZNF501",0.229,0.159,0.071,0.067,1,"ZNF501"
"H1-5",0.229,0.428,0.027,0.03,1,"H1-5"
"ENSG00000285641",0.229,-0.362,0.009,0.011,1,"ENSG00000285641"
"MARVELD1",0.229,0.137,0.085,0.081,1,"MARVELD1"
"FAHD2B",0.229,0.113,0.14,0.136,1,"FAHD2B"
"DUSP29",0.23,0.438,0.016,0.014,1,"DUSP29"
"DCST2",0.23,-0.194,0.009,0.011,1,"DCST2"
"ZW10",0.231,0.144,0.127,0.122,1,"ZW10"
"ITPR3",0.231,0.445,0.01,0.008,1,"ITPR3"
"ALLC",0.231,0.258,0.011,0.009,1,"ALLC"
"ALX4",0.233,-0.236,0.015,0.017,1,"ALX4"
"STAC2",0.234,-0.105,0.027,0.03,1,"STAC2"
"ZNF792",0.234,0.121,0.046,0.043,1,"ZNF792"
"ASAH2",0.234,0.276,0.019,0.016,1,"ASAH2"
"NACC2",0.234,0.116,0.051,0.048,1,"NACC2"
"RPP14",0.235,0.202,0.08,0.076,1,"RPP14"
"ZNF396",0.235,0.251,0.044,0.04,1,"ZNF396"
"MAP4K1",0.235,-0.402,0.011,0.013,1,"MAP4K1"
"GEMIN6",0.237,-0.831,0.187,0.183,1,"GEMIN6"
"LSG1",0.237,0.107,0.22,0.217,1,"LSG1"
"GRID2IP",0.237,-0.197,0.054,0.059,1,"GRID2IP"
"NPAS4",0.238,-1.347,0.008,0.01,1,"NPAS4"
"C1GALT1",0.239,-0.126,0.348,0.359,1,"C1GALT1"
"C17orf78",0.239,0.193,0.036,0.033,1,"C17orf78"
"ACKR2",0.239,0.519,0.01,0.008,1,"ACKR2"
"NPIPA1",0.239,-0.17,0.102,0.108,1,"NPIPA1"
"TMA16",0.239,0.127,0.194,0.191,1,"TMA16"
"PMP2",0.239,0.517,0.011,0.01,1,"PMP2"
"HSPA2",0.24,0.183,0.045,0.042,1,"HSPA2"
"CFAP251",0.24,0.137,0.135,0.13,1,"CFAP251"
"FAM174A",0.24,0.122,0.224,0.222,1,"FAM174A"
"RDH12",0.24,0.437,0.01,0.008,1,"RDH12"
"TMEM204",0.241,0.213,0.023,0.02,1,"TMEM204"
"STK10",0.241,-0.183,0.239,0.247,1,"STK10"
"DDX31",0.241,-0.113,0.162,0.17,1,"DDX31"
"ENSG00000280295",0.241,0.376,0.019,0.017,1,"ENSG00000280295"
"C2orf16",0.242,-0.547,0.014,0.016,1,"C2orf16"
"HPGD",0.242,-0.251,0.017,0.02,1,"HPGD"
"TTC21A",0.242,-0.189,0.162,0.169,1,"TTC21A"
"FCGBP",0.242,0.105,0.022,0.019,1,"FCGBP"
"PKHD1",0.242,0.216,0.01,0.008,1,"PKHD1"
"FLJ42393",0.243,-0.207,0.013,0.015,1,"FLJ42393"
"C1QTNF9",0.243,0.137,0.026,0.023,1,"C1QTNF9"
"ENSG00000279879",0.244,-0.447,0.008,0.01,1,"ENSG00000279879"
"TRAF5",0.244,-0.271,0.023,0.026,1,"TRAF5"
"VIPR1",0.244,-0.555,0.008,0.01,1,"VIPR1"
"SETD9",0.245,-0.104,0.063,0.068,1,"SETD9"
"MAP1LC3B2",0.246,-0.13,0.144,0.15,1,"MAP1LC3B2"
"PNOC",0.247,0.132,0.02,0.018,1,"PNOC"
"HSD17B1",0.247,0.134,0.035,0.032,1,"HSD17B1"
"NAGA",0.247,0.168,0.031,0.028,1,"NAGA"
"CLTRN",0.247,0.254,0.035,0.032,1,"CLTRN"
"AUNIP",0.248,0.124,0.044,0.041,1,"AUNIP"
"RHOH",0.248,-0.532,0.019,0.017,1,"RHOH"
"CCDC30",0.248,-0.116,0.244,0.253,1,"CCDC30"
"GP6",0.249,-0.112,0.048,0.051,1,"GP6"
"PLEK2",0.249,0.166,0.012,0.01,1,"PLEK2"
"ZNF730",0.249,-0.187,0.384,0.39,1,"ZNF730"
"F3",0.25,-0.375,0.014,0.016,1,"F3"
"SERPINI2",0.25,-0.195,0.012,0.014,1,"SERPINI2"
"FGF2",0.25,-0.111,0.095,0.1,1,"FGF2"
"TTLL3",0.251,-0.107,0.299,0.308,1,"TTLL3"
"STX19",0.251,-0.212,0.064,0.069,1,"STX19"
"CELF4",0.251,-0.316,0.672,0.665,1,"CELF4"
"SHROOM2",0.252,-0.189,0.062,0.067,1,"SHROOM2"
"AGFG2",0.252,0.222,0.075,0.071,1,"AGFG2"
"ZNF879",0.252,0.121,0.088,0.084,1,"ZNF879"
"DRICH1",0.253,0.16,0.026,0.023,1,"DRICH1"
"SRPX2",0.253,0.227,0.023,0.02,1,"SRPX2"
"MAP3K7CL",0.254,-0.192,0.013,0.015,1,"MAP3K7CL"
"ACOX2",0.254,0.231,0.039,0.035,1,"ACOX2"
"SHMT1",0.254,0.125,0.094,0.09,1,"SHMT1"
"ENSG00000279103",0.254,0.136,0.072,0.068,1,"ENSG00000279103"
"IL23A",0.255,-0.288,0.011,0.013,1,"IL23A"
"PDZD2",0.255,-0.149,0.28,0.29,1,"PDZD2"
"ENSG00000280134",0.256,-0.214,0.015,0.017,1,"ENSG00000280134"
"COL4A4",0.256,0.239,0.019,0.017,1,"COL4A4"
"ENSG00000279917",0.257,0.221,0.033,0.03,1,"ENSG00000279917"
"RBM20",0.257,-0.204,0.013,0.015,1,"RBM20"
"TGFBR3",0.257,0.28,0.009,0.011,1,"TGFBR3"
"KLK14",0.257,0.362,0.013,0.011,1,"KLK14"
"FCSK",0.258,0.115,0.118,0.113,1,"FCSK"
"OSGEPL1",0.258,0.112,0.231,0.228,1,"OSGEPL1"
"ENSG00000280166",0.258,0.324,0.012,0.01,1,"ENSG00000280166"
"ETV4",0.259,0.211,0.081,0.077,1,"ETV4"
"CENPVL3",0.259,-0.291,0.016,0.018,1,"CENPVL3"
"ALOX12",0.26,0.146,0.034,0.031,1,"ALOX12"
"TAS2R31",0.26,0.201,0.016,0.014,1,"TAS2R31"
"FSBP",0.261,0.13,0.088,0.084,1,"FSBP"
"MRM1",0.261,0.221,0.031,0.028,1,"MRM1"
"NUDT16",0.261,0.128,0.151,0.148,1,"NUDT16"
"NANP",0.261,-0.193,0.076,0.081,1,"NANP"
"FOS",0.261,-0.439,0.026,0.028,1,"FOS"
"FOSB",0.262,0.103,0.025,0.022,1,"FOSB"
"SLC17A8",0.262,0.134,0.022,0.02,1,"SLC17A8"
"SHPK",0.262,0.301,0.023,0.02,1,"SHPK"
"ELMO3",0.264,-0.269,0.009,0.01,1,"ELMO3"
"UTP15",0.264,0.152,0.095,0.091,1,"UTP15"
"CFAP54",0.265,-0.17,0.021,0.024,1,"CFAP54"
"OGFOD2",0.265,0.181,0.034,0.031,1,"OGFOD2"
"SPRYD4",0.265,0.173,0.089,0.086,1,"SPRYD4"
"LRRD1",0.265,0.1,0.112,0.108,1,"LRRD1"
"IGSF22",0.265,-0.309,0.026,0.029,1,"IGSF22"
"FST",0.266,-0.131,0.085,0.081,1,"FST"
"PPP1R3B",0.266,0.153,0.02,0.017,1,"PPP1R3B"
"ENSG00000280120",0.266,0.134,0.013,0.011,1,"ENSG00000280120"
"CFAP157",0.266,0.213,0.017,0.014,1,"CFAP157"
"LY96",0.267,0.168,0.016,0.014,1,"LY96"
"PELO",0.267,0.166,0.177,0.175,1,"PELO"
"ALOX5",0.269,-0.48,0.008,0.01,1,"ALOX5"
"ASIP",0.27,-0.161,0.073,0.078,1,"ASIP"
"CA9",0.27,0.177,0.012,0.011,1,"CA9"
"ENSG00000279598",0.27,0.192,0.03,0.027,1,"ENSG00000279598"
"TMEM41A",0.271,0.123,0.123,0.119,1,"TMEM41A"
"ECI1",0.271,-1.429,0.195,0.19,1,"ECI1"
"ENSG00000279722",0.271,-0.173,0.026,0.029,1,"ENSG00000279722"
"CHST9",0.271,-0.214,0.011,0.013,1,"CHST9"
"NFATC2",0.271,-0.388,0.01,0.011,1,"NFATC2"
"ARHGAP24",0.271,-0.268,0.03,0.033,1,"ARHGAP24"
"HS3ST3B1",0.271,0.294,0.011,0.01,1,"HS3ST3B1"
"C3orf18",0.272,0.14,0.065,0.061,1,"C3orf18"
"AK8",0.273,-0.216,0.038,0.041,1,"AK8"
"PTPRM",0.273,-0.116,0.403,0.398,1,"PTPRM"
"MBLAC1",0.273,0.21,0.06,0.056,1,"MBLAC1"
"NUTM2G",0.274,0.398,0.014,0.012,1,"NUTM2G"
"SCNN1D",0.274,-0.195,0.016,0.018,1,"SCNN1D"
"OSBPL7",0.275,0.129,0.044,0.041,1,"OSBPL7"
"ERICH5",0.275,0.149,0.015,0.013,1,"ERICH5"
"ENSG00000279794",0.276,0.115,0.014,0.012,1,"ENSG00000279794"
"NPFFR1",0.276,-0.141,0.033,0.036,1,"NPFFR1"
"TRGC2",0.277,0.117,0.031,0.028,1,"TRGC2"
"SPTSSB",0.277,-0.184,0.028,0.031,1,"SPTSSB"
"ISY1-RAB43",0.279,-0.253,0.022,0.024,1,"ISY1-RAB43"
"IGSF5",0.279,-0.182,0.008,0.01,1,"IGSF5"
"MARCOL",0.279,-0.405,0.011,0.012,1,"MARCOL"
"IDI2",0.28,0.154,0.023,0.021,1,"IDI2"
"MTMR8",0.28,0.115,0.158,0.153,1,"MTMR8"
"FPGT",0.281,0.26,0.041,0.038,1,"FPGT"
"C12orf60",0.281,0.186,0.035,0.032,1,"C12orf60"
"CCDC18",0.281,-0.349,0.21,0.217,1,"CCDC18"
"PHF7",0.282,-0.163,0.146,0.152,1,"PHF7"
"TRIM39",0.283,0.144,0.076,0.073,1,"TRIM39"
"EBLN2",0.283,0.162,0.056,0.053,1,"EBLN2"
"NBPF26",0.285,-0.199,0.038,0.041,1,"NBPF26"
"NKD1",0.285,0.384,0.021,0.018,1,"NKD1"
"GAL3ST2",0.285,0.162,0.021,0.019,1,"GAL3ST2"
"C2orf50",0.285,-0.205,0.009,0.011,1,"C2orf50"
"MYCBPAP",0.285,0.229,0.022,0.02,1,"MYCBPAP"
"POLR2J3",0.286,0.159,0.028,0.025,1,"POLR2J3"
"GPR37L1",0.286,0.209,0.035,0.032,1,"GPR37L1"
"ENSG00000268465",0.286,-0.118,0.022,0.025,1,"ENSG00000268465"
"TSPAN33",0.287,0.12,0.033,0.031,1,"TSPAN33"
"KLHL32",0.287,-0.164,0.193,0.2,1,"KLHL32"
"SUSD5",0.287,0.318,0.019,0.017,1,"SUSD5"
"ENSG00000279549",0.287,0.195,0.036,0.033,1,"ENSG00000279549"
"TAFA2",0.287,-0.142,0.425,0.424,1,"TAFA2"
"CA4",0.287,0.113,0.022,0.019,1,"CA4"
"C6orf163",0.288,0.158,0.034,0.031,1,"C6orf163"
"RGPD1",0.288,-0.281,0.027,0.029,1,"RGPD1"
"KLF5",0.289,-0.102,0.02,0.022,1,"KLF5"
"ADM2",0.289,-0.384,0.012,0.014,1,"ADM2"
"EMILIN2",0.289,0.325,0.024,0.022,1,"EMILIN2"
"TSGA13",0.289,0.375,0.018,0.016,1,"TSGA13"
"FUT4",0.29,-0.322,0.009,0.011,1,"FUT4"
"TVP23A",0.291,-0.141,0.023,0.025,1,"TVP23A"
"ANKRD53",0.291,0.206,0.029,0.026,1,"ANKRD53"
"ATP10B",0.291,-0.624,0.011,0.013,1,"ATP10B"
"CATSPERD",0.292,0.668,0.039,0.036,1,"CATSPERD"
"LMOD1",0.292,0.396,0.017,0.015,1,"LMOD1"
"TFEB",0.292,0.15,0.034,0.031,1,"TFEB"
"ASB7",0.292,0.103,0.225,0.222,1,"ASB7"
"ENSG00000280067",0.292,0.167,0.038,0.035,1,"ENSG00000280067"
"GLYCTK",0.292,0.237,0.017,0.015,1,"GLYCTK"
"CREB3L3",0.293,0.203,0.01,0.008,1,"CREB3L3"
"GRIP2",0.294,-0.263,0.097,0.101,1,"GRIP2"
"TEX52",0.295,-0.369,0.012,0.014,1,"TEX52"
"SRL",0.295,0.115,0.011,0.013,1,"SRL"
"TBX15",0.296,0.266,0.01,0.009,1,"TBX15"
"UPB1",0.296,0.137,0.029,0.027,1,"UPB1"
"TSPAN1",0.297,-1.162,0.085,0.089,1,"TSPAN1"
"GAL3ST1",0.297,-0.149,0.011,0.013,1,"GAL3ST1"
"CDKN1A",0.297,0.193,0.029,0.026,1,"CDKN1A"
"SAMD4A",0.298,-0.451,0.083,0.088,1,"SAMD4A"
"TMEM249",0.298,-0.389,0.013,0.015,1,"TMEM249"
"RSPO2",0.298,0.327,0.012,0.01,1,"RSPO2"
"RPL36A-HNRNPH2",0.298,0.15,0.044,0.041,1,"RPL36A-HNRNPH2"
"ALDH5A1",0.298,-0.116,0.104,0.109,1,"ALDH5A1"
"RNF31",0.299,0.124,0.021,0.019,1,"RNF31"
"ENSG00000279289",0.299,0.189,0.024,0.022,1,"ENSG00000279289"
"CHAC1",0.299,-0.138,0.038,0.041,1,"CHAC1"
"CAMK1G",0.299,0.109,0.053,0.05,1,"CAMK1G"
"RNASEH2A",0.299,0.125,0.039,0.036,1,"RNASEH2A"
"CHST5",0.3,0.14,0.012,0.011,1,"CHST5"
"H3C1",0.3,0.192,0.033,0.03,1,"H3C1"
"RHCG",0.301,-0.113,0.034,0.037,1,"RHCG"
"ERG",0.301,0.144,0.013,0.011,1,"ERG"
"BLNK",0.301,0.19,0.01,0.008,1,"BLNK"
"ENSG00000279199",0.301,0.277,0.023,0.021,1,"ENSG00000279199"
"MED18",0.301,0.163,0.091,0.088,1,"MED18"
"RASSF8",0.301,-0.156,0.097,0.101,1,"RASSF8"
"CHDH",0.301,-0.181,0.023,0.025,1,"CHDH"
"EID3",0.301,0.241,0.016,0.014,1,"EID3"
"EML3",0.302,0.225,0.013,0.011,1,"EML3"
"GOLGA8M",0.302,-0.223,0.014,0.016,1,"GOLGA8M"
"SMO",0.303,0.115,0.095,0.091,1,"SMO"
"OMA1",0.303,0.129,0.047,0.043,1,"OMA1"
"ZNF57",0.304,0.197,0.037,0.035,1,"ZNF57"
"MAJIN",0.304,0.112,0.034,0.032,1,"MAJIN"
"ENSG00000286905",0.304,0.18,0.03,0.027,1,"ENSG00000286905"
"C21orf58",0.305,-0.395,0.124,0.129,1,"C21orf58"
"PCDHAC1",0.305,0.105,0.042,0.039,1,"PCDHAC1"
"TSPAN12",0.305,0.165,0.053,0.05,1,"TSPAN12"
"SLC9C2",0.306,0.132,0.162,0.158,1,"SLC9C2"
"GOLGA6L4",0.308,-0.154,0.097,0.101,1,"GOLGA6L4"
"PDSS2",0.308,-0.113,0.455,0.467,1,"PDSS2"
"RASL10B",0.308,0.138,0.096,0.092,1,"RASL10B"
"CHAF1A",0.309,-0.169,0.192,0.198,1,"CHAF1A"
"RIN3",0.309,-2.148,0.016,0.018,1,"RIN3"
"RIMS1",0.31,-0.121,0.58,0.573,1,"RIMS1"
"ENSG00000280022",0.311,0.11,0.034,0.031,1,"ENSG00000280022"
"CD74",0.311,0.427,0.011,0.009,1,"CD74"
"GSTM5",0.312,-0.26,0.023,0.026,1,"GSTM5"
"SPATA1",0.312,0.109,0.111,0.107,1,"SPATA1"
"ENSG00000279464",0.313,0.345,0.018,0.016,1,"ENSG00000279464"
"EGR3",0.314,-0.168,0.013,0.014,1,"EGR3"
"ADAM21",0.314,-0.245,0.026,0.028,1,"ADAM21"
"IRAK4",0.314,-0.161,0.013,0.015,1,"IRAK4"
"AMY2B",0.314,0.108,0.236,0.233,1,"AMY2B"
"CCDC102A",0.314,0.258,0.033,0.031,1,"CCDC102A"
"SLCO1C1",0.315,-0.134,0.023,0.026,1,"SLCO1C1"
"LINC00672",0.316,0.118,0.14,0.137,1,"LINC00672"
"IRAK1",0.316,0.193,0.035,0.032,1,"IRAK1"
"RPS6KA4",0.317,-0.137,0.028,0.03,1,"RPS6KA4"
"DRC1",0.317,0.17,0.074,0.071,1,"DRC1"
"ENSG00000279791",0.318,0.126,0.029,0.027,1,"ENSG00000279791"
"ITGB7",0.318,0.277,0.024,0.022,1,"ITGB7"
"PLCD1",0.319,0.172,0.052,0.049,1,"PLCD1"
"FBXO5",0.319,-0.196,0.124,0.13,1,"FBXO5"
"SLC16A12",0.32,0.388,0.011,0.009,1,"SLC16A12"
"ENSG00000259371",0.32,0.133,0.033,0.031,1,"ENSG00000259371"
"PCDHB7",0.32,0.467,0.012,0.01,1,"PCDHB7"
"IL10RA",0.32,-0.172,0.025,0.027,1,"IL10RA"
"ETV5",0.32,-0.406,0.02,0.022,1,"ETV5"
"SCART1",0.32,0.261,0.046,0.043,1,"SCART1"
"CPLANE2",0.321,0.171,0.049,0.046,1,"CPLANE2"
"HBZ",0.321,0.263,0.016,0.015,1,"HBZ"
"TEX45",0.321,-0.157,0.018,0.02,1,"TEX45"
"MMP19",0.321,0.389,0.01,0.008,1,"MMP19"
"SH3D21",0.322,-0.183,0.066,0.07,1,"SH3D21"
"DRAM1",0.322,-0.352,0.029,0.031,1,"DRAM1"
"RHOG",0.323,0.138,0.094,0.091,1,"RHOG"
"LYRM9",0.323,0.171,0.111,0.108,1,"LYRM9"
"SH2D6",0.323,-0.163,0.024,0.026,1,"SH2D6"
"WFS1",0.324,0.13,0.075,0.071,1,"WFS1"
"SFMBT2",0.325,-0.149,0.43,0.42,1,"SFMBT2"
"TGFB2",0.325,-0.1,0.034,0.037,1,"TGFB2"
"TEX35",0.325,-0.466,0.009,0.011,1,"TEX35"
"NEFH",0.325,0.183,0.046,0.043,1,"NEFH"
"ENSG00000279602",0.326,0.29,0.017,0.015,1,"ENSG00000279602"
"LRRC71",0.327,0.178,0.01,0.009,1,"LRRC71"
"RGL4",0.327,-0.186,0.009,0.011,1,"RGL4"
"NPAS1",0.327,0.141,0.067,0.064,1,"NPAS1"
"SQOR",0.328,0.386,0.012,0.011,1,"SQOR"
"PIWIL4",0.328,0.198,0.026,0.023,1,"PIWIL4"
"ENSG00000279108",0.328,-0.353,0.018,0.02,1,"ENSG00000279108"
"PRRG2",0.328,0.241,0.043,0.04,1,"PRRG2"
"TRPV3",0.329,0.141,0.012,0.01,1,"TRPV3"
"TRMT61A",0.329,0.131,0.066,0.062,1,"TRMT61A"
"HLA-DMA",0.329,0.101,0.064,0.06,1,"HLA-DMA"
"THRB",0.331,0.804,0.01,0.012,1,"THRB"
"GBP4",0.331,-0.137,0.014,0.016,1,"GBP4"
"BNC1",0.332,0.193,0.022,0.02,1,"BNC1"
"ST8SIA5",0.332,0.317,0.026,0.029,1,"ST8SIA5"
"SMAD7",0.333,-0.203,0.024,0.027,1,"SMAD7"
"TMEM82",0.333,0.205,0.027,0.025,1,"TMEM82"
"METTL1",0.334,0.307,0.028,0.026,1,"METTL1"
"SPDYE16",0.334,0.383,0.015,0.014,1,"SPDYE16"
"PCDHB15",0.334,0.223,0.077,0.074,1,"PCDHB15"
"SPOCK3",0.334,-0.265,0.032,0.034,1,"SPOCK3"
"CPED1",0.335,-0.174,0.021,0.023,1,"CPED1"
"TEX12",0.335,0.322,0.012,0.011,1,"TEX12"
"PTPRN",0.335,-0.174,0.121,0.126,1,"PTPRN"
"SLC5A6",0.335,0.158,0.089,0.085,1,"SLC5A6"
"SLC6A20",0.335,0.283,0.023,0.021,1,"SLC6A20"
"CRABP2",0.335,0.269,0.027,0.025,1,"CRABP2"
"KIF25",0.336,0.285,0.01,0.009,1,"KIF25"
"TMEM45B",0.336,0.301,0.02,0.018,1,"TMEM45B"
"COL7A1",0.337,-0.142,0.034,0.036,1,"COL7A1"
"ENSG00000279541",0.338,-0.265,0.109,0.113,1,"ENSG00000279541"
"TPPP",0.339,-0.156,0.051,0.054,1,"TPPP"
"MCAM",0.34,-0.256,0.017,0.019,1,"MCAM"
"HEPACAM",0.341,-0.198,0.009,0.01,1,"HEPACAM"
"PDE6G",0.341,-0.534,0.018,0.016,1,"PDE6G"
"KCTD19",0.341,-0.212,0.01,0.011,1,"KCTD19"
"PTH1R",0.342,-0.444,0.009,0.01,1,"PTH1R"
"MAFK",0.343,0.155,0.038,0.035,1,"MAFK"
"KDM4C",0.343,-0.175,0.637,0.638,1,"KDM4C"
"GDF5",0.343,0.24,0.046,0.044,1,"GDF5"
"SPDYE12",0.343,-0.171,0.036,0.038,1,"SPDYE12"
"ENSG00000288721",0.344,0.267,0.027,0.025,1,"ENSG00000288721"
"ARHGAP4",0.345,0.174,0.061,0.058,1,"ARHGAP4"
"PCDH10",0.345,-0.191,0.383,0.388,1,"PCDH10"
"CIART",0.346,-0.174,0.065,0.068,1,"CIART"
"SYNM",0.346,0.108,0.065,0.062,1,"SYNM"
"TENM2",0.346,-0.103,0.193,0.189,1,"TENM2"
"OTOR",0.347,0.141,0.019,0.017,1,"OTOR"
"NLRX1",0.347,-0.329,0.014,0.015,1,"NLRX1"
"FBLN2",0.348,0.125,0.012,0.011,1,"FBLN2"
"MOV10",0.349,-0.114,0.054,0.057,1,"MOV10"
"PARP14",0.351,-0.165,0.033,0.035,1,"PARP14"
"CRIP3",0.351,0.223,0.021,0.019,1,"CRIP3"
"ZNF628",0.351,0.205,0.058,0.055,1,"ZNF628"
"TEAD4",0.352,-0.467,0.021,0.023,1,"TEAD4"
"SPOCK2",0.352,-0.278,0.022,0.025,1,"SPOCK2"
"POTEI",0.353,-0.14,0.041,0.044,1,"POTEI"
"ZNF185",0.354,-0.199,0.023,0.025,1,"ZNF185"
"TFAP2C",0.354,-0.159,0.08,0.084,1,"TFAP2C"
"GUCY1A2",0.354,-0.106,0.66,0.675,1,"GUCY1A2"
"ABCC3",0.355,0.184,0.031,0.029,1,"ABCC3"
"MBNL3",0.355,-0.117,0.084,0.08,1,"MBNL3"
"TM4SF20",0.355,0.121,0.058,0.055,1,"TM4SF20"
"CDK15",0.355,-0.13,0.074,0.071,1,"CDK15"
"TPH2",0.356,0.131,0.024,0.022,1,"TPH2"
"OSGIN2",0.357,0.118,0.165,0.163,1,"OSGIN2"
"MMS22L",0.357,-0.438,0.236,0.241,1,"MMS22L"
"TMEM191C",0.358,-0.156,0.017,0.019,1,"TMEM191C"
"RSPH10B2",0.361,0.202,0.017,0.015,1,"RSPH10B2"
"TUBA3D",0.361,0.159,0.02,0.018,1,"TUBA3D"
"GASK1A",0.361,-0.143,0.015,0.017,1,"GASK1A"
"SPATA4",0.361,0.193,0.011,0.01,1,"SPATA4"
"ENSG00000291239",0.362,0.226,0.03,0.028,1,"ENSG00000291239"
"TUBGCP6",0.363,0.112,0.103,0.099,1,"TUBGCP6"
"AKR1D1",0.363,-0.129,0.028,0.031,1,"AKR1D1"
"SBSPON",0.364,0.193,0.03,0.028,1,"SBSPON"
"DYNLT5",0.364,0.239,0.056,0.054,1,"DYNLT5"
"ENSG00000279951",0.364,0.231,0.038,0.036,1,"ENSG00000279951"
"MAML3",0.364,-0.155,0.598,0.607,1,"MAML3"
"HTATIP2",0.364,-0.224,0.015,0.017,1,"HTATIP2"
"TLE6",0.364,0.119,0.059,0.056,1,"TLE6"
"EGLN2",0.366,0.242,0.032,0.029,1,"EGLN2"
"ADGRF5",0.367,0.248,0.01,0.008,1,"ADGRF5"
"IFIT2",0.367,-0.118,0.018,0.02,1,"IFIT2"
"RWDD2B",0.368,0.227,0.057,0.055,1,"RWDD2B"
"GBGT1",0.368,-0.209,0.016,0.018,1,"GBGT1"
"ADAMTS13",0.369,0.133,0.066,0.063,1,"ADAMTS13"
"TMED6",0.369,0.112,0.042,0.04,1,"TMED6"
"RHOXF1P3",0.369,-0.114,0.016,0.018,1,"RHOXF1P3"
"ZNF165",0.369,-0.121,0.02,0.022,1,"ZNF165"
"NUDT8",0.369,0.248,0.041,0.039,1,"NUDT8"
"RGS8",0.37,-0.262,0.016,0.017,1,"RGS8"
"ANGPTL7",0.37,0.223,0.014,0.012,1,"ANGPTL7"
"SCN1B",0.371,0.138,0.031,0.028,1,"SCN1B"
"ZNF550",0.371,0.145,0.102,0.099,1,"ZNF550"
"HES7",0.371,-0.179,0.078,0.081,1,"HES7"
"ENSG00000279792",0.373,0.25,0.013,0.012,1,"ENSG00000279792"
"PCYOX1L",0.373,0.126,0.117,0.115,1,"PCYOX1L"
"BTBD16",0.374,0.244,0.029,0.027,1,"BTBD16"
"PLEKHA4",0.374,-0.205,0.012,0.014,1,"PLEKHA4"
"TRIM56",0.375,-0.15,0.025,0.027,1,"TRIM56"
"C5orf34",0.375,-0.128,0.123,0.128,1,"C5orf34"
"BTBD19",0.375,0.169,0.018,0.016,1,"BTBD19"
"SYCE3",0.377,0.194,0.012,0.011,1,"SYCE3"
"TEX53",0.377,-0.222,0.015,0.016,1,"TEX53"
"SLC38A8",0.379,0.175,0.035,0.032,1,"SLC38A8"
"MCM2",0.379,-0.118,0.064,0.067,1,"MCM2"
"USH2A",0.379,0.109,0.033,0.031,1,"USH2A"
"ASB11",0.38,0.208,0.01,0.008,1,"ASB11"
"HTR2B",0.381,-0.189,0.017,0.019,1,"HTR2B"
"DNAAF5",0.381,0.115,0.173,0.171,1,"DNAAF5"
"GDF15",0.382,-0.133,0.009,0.01,1,"GDF15"
"ART1",0.383,0.207,0.011,0.009,1,"ART1"
"UCP1",0.383,-0.175,0.017,0.019,1,"UCP1"
"CPLX4",0.386,0.167,0.014,0.013,1,"CPLX4"
"ENSG00000268750",0.386,0.188,0.032,0.03,1,"ENSG00000268750"
"ACKR1",0.387,0.175,0.052,0.049,1,"ACKR1"
"NBEA",0.388,-0.409,0.985,0.977,1,"NBEA"
"TPD52L1",0.388,-0.184,0.013,0.014,1,"TPD52L1"
"ENSG00000279021",0.388,-0.276,0.009,0.01,1,"ENSG00000279021"
"PARP4",0.388,-0.138,0.053,0.057,1,"PARP4"
"ENO3",0.388,0.211,0.019,0.017,1,"ENO3"
"WDR90",0.389,-0.145,0.036,0.039,1,"WDR90"
"PNLDC1",0.389,0.11,0.028,0.026,1,"PNLDC1"
"PTX3",0.39,0.131,0.082,0.08,1,"PTX3"
"TICAM1",0.391,-0.513,0.01,0.011,1,"TICAM1"
"SLC25A35",0.392,0.181,0.021,0.02,1,"SLC25A35"
"TYMP",0.392,0.147,0.063,0.06,1,"TYMP"
"TMEM176B",0.393,0.228,0.011,0.01,1,"TMEM176B"
"SHQ1",0.394,0.116,0.133,0.13,1,"SHQ1"
"RRAD",0.396,-0.123,0.011,0.012,1,"RRAD"
"TEK",0.396,-0.278,0.022,0.024,1,"TEK"
"RIBC1",0.397,-0.177,0.028,0.03,1,"RIBC1"
"JDP2",0.397,-0.231,0.028,0.031,1,"JDP2"
"HRH4",0.397,0.209,0.014,0.013,1,"HRH4"
"PYGO2",0.397,0.131,0.087,0.084,1,"PYGO2"
"NOP9",0.397,0.101,0.067,0.065,1,"NOP9"
"JPH1",0.397,-0.208,0.236,0.241,1,"JPH1"
"PRSS53",0.398,0.117,0.021,0.02,1,"PRSS53"
"C17orf50",0.398,-0.151,0.009,0.011,1,"C17orf50"
"RBAK-RBAKDN",0.399,0.132,0.028,0.026,1,"RBAK-RBAKDN"
"RSAD2",0.399,0.114,0.039,0.037,1,"RSAD2"
"SH3RF2",0.399,0.104,0.013,0.012,1,"SH3RF2"
"PCDHA6",0.4,0.442,0.014,0.013,1,"PCDHA6"
"PCDHA1",0.401,-0.418,0.014,0.015,1,"PCDHA1"
"CTXN2",0.402,0.212,0.029,0.027,1,"CTXN2"
"CENPC",0.402,-0.204,0.248,0.255,1,"CENPC"
"NHS",0.403,-0.349,0.41,0.403,1,"NHS"
"C12orf50",0.403,0.252,0.02,0.019,1,"C12orf50"
"CCND1",0.405,-0.113,0.042,0.044,1,"CCND1"
"FHL5",0.405,0.391,0.011,0.009,1,"FHL5"
"ANKRD7",0.407,-0.231,0.017,0.018,1,"ANKRD7"
"ST18",0.408,0.123,0.247,0.245,1,"ST18"
"ADH6",0.408,-0.269,0.016,0.017,1,"ADH6"
"CILP",0.408,0.148,0.017,0.016,1,"CILP"
"LY6G5B",0.409,0.123,0.017,0.015,1,"LY6G5B"
"MYO18B",0.409,0.131,0.034,0.032,1,"MYO18B"
"KLHDC9",0.409,0.375,0.011,0.009,1,"KLHDC9"
"PRPH2",0.41,0.177,0.038,0.035,1,"PRPH2"
"LARGE2",0.41,0.155,0.016,0.014,1,"LARGE2"
"FOLR3",0.412,0.175,0.017,0.015,1,"FOLR3"
"LRRC3B",0.412,-0.121,0.369,0.364,1,"LRRC3B"
"CHRNB4",0.413,0.285,0.045,0.043,1,"CHRNB4"
"CLDN11",0.413,0.222,0.014,0.012,1,"CLDN11"
"MZT1",0.413,-0.123,0.283,0.292,1,"MZT1"
"COL4A3",0.413,-0.17,0.021,0.023,1,"COL4A3"
"ITGB1BP2",0.414,0.185,0.012,0.011,1,"ITGB1BP2"
"FAM81B",0.414,0.124,0.022,0.02,1,"FAM81B"
"ENSG00000278948",0.414,-0.243,0.009,0.01,1,"ENSG00000278948"
"ANO1",0.416,-0.69,0.011,0.009,1,"ANO1"
"USP40",0.416,-0.149,0.241,0.249,1,"USP40"
"TXK",0.418,-0.21,0.02,0.021,1,"TXK"
"TRIM22",0.419,-0.19,0.01,0.011,1,"TRIM22"
"PCDH17",0.419,-0.15,0.071,0.074,1,"PCDH17"
"PDGFRL",0.421,0.281,0.017,0.015,1,"PDGFRL"
"LIPH",0.421,0.363,0.014,0.015,1,"LIPH"
"SLCO1A2",0.421,0.187,0.066,0.064,1,"SLCO1A2"
"ENSG00000254536",0.422,0.209,0.02,0.018,1,"ENSG00000254536"
"TPRG1",0.422,0.262,0.038,0.036,1,"TPRG1"
"PDE4DIP",0.422,-0.185,0.545,0.541,1,"PDE4DIP"
"ZNF521",0.423,0.104,0.107,0.104,1,"ZNF521"
"KLKB1",0.424,0.299,0.015,0.014,1,"KLKB1"
"SFR1",0.424,0.123,0.116,0.114,1,"SFR1"
"NLRP14",0.424,-0.164,0.013,0.014,1,"NLRP14"
"PARP3",0.425,0.26,0.015,0.014,1,"PARP3"
"REPS2",0.425,-0.104,0.102,0.106,1,"REPS2"
"DEPP1",0.426,0.138,0.073,0.071,1,"DEPP1"
"ITPK1",0.426,-0.101,0.278,0.286,1,"ITPK1"
"ENSG00000268083",0.426,0.215,0.016,0.014,1,"ENSG00000268083"
"NAA80",0.428,0.123,0.076,0.074,1,"NAA80"
"BRCA1",0.429,-0.217,0.187,0.191,1,"BRCA1"
"SLC25A20",0.431,0.166,0.051,0.048,1,"SLC25A20"
"PTGR1",0.431,-0.37,0.038,0.04,1,"PTGR1"
"PDE6A",0.432,-0.203,0.018,0.02,1,"PDE6A"
"SPDYE2",0.432,0.116,0.075,0.073,1,"SPDYE2"
"BEST4",0.437,0.134,0.022,0.02,1,"BEST4"
"SEMA3F",0.438,0.145,0.086,0.084,1,"SEMA3F"
"FTCD",0.439,0.192,0.043,0.041,1,"FTCD"
"RGPD8",0.439,-0.148,0.012,0.014,1,"RGPD8"
"WNT8B",0.44,-0.166,0.008,0.01,1,"WNT8B"
"STAT4",0.44,0.135,0.019,0.02,1,"STAT4"
"FAT2",0.44,-0.246,0.016,0.017,1,"FAT2"
"BSPRY",0.441,0.262,0.013,0.012,1,"BSPRY"
"MCF2L2",0.441,-0.968,0.169,0.173,1,"MCF2L2"
"DEF6",0.441,0.27,0.025,0.024,1,"DEF6"
"IL16",0.443,0.149,0.012,0.014,1,"IL16"
"AKR7L",0.444,0.101,0.023,0.021,1,"AKR7L"
"SLC16A13",0.445,-2.27,0.08,0.077,1,"SLC16A13"
"IRF9",0.445,0.163,0.053,0.05,1,"IRF9"
"MTCP1",0.446,-0.263,0.099,0.103,1,"MTCP1"
"H2BW2",0.446,0.268,0.01,0.009,1,"H2BW2"
"GP1BA",0.446,0.208,0.017,0.016,1,"GP1BA"
"ZFAND2A",0.447,0.105,0.159,0.158,1,"ZFAND2A"
"PGPEP1L",0.447,0.159,0.038,0.036,1,"PGPEP1L"
"PLXND1",0.447,-0.153,0.392,0.398,1,"PLXND1"
"MISP",0.448,0.236,0.02,0.019,1,"MISP"
"AGPAT2",0.448,-0.195,0.02,0.022,1,"AGPAT2"
"TAL2",0.448,0.183,0.018,0.017,1,"TAL2"
"PIP5KL1",0.45,-0.121,0.045,0.048,1,"PIP5KL1"
"ENSG00000282936",0.45,0.147,0.013,0.011,1,"ENSG00000282936"
"A2M",0.451,-0.1,0.078,0.081,1,"A2M"
"MAP3K6",0.451,0.321,0.015,0.014,1,"MAP3K6"
"ARHGEF19",0.452,-0.13,0.023,0.025,1,"ARHGEF19"
"RARG",0.454,-1.144,0.024,0.026,1,"RARG"
"ENSG00000279019",0.454,-0.239,0.024,0.026,1,"ENSG00000279019"
"RNPC3",0.455,-0.133,0.436,0.444,1,"RNPC3"
"POLE2",0.455,-0.154,0.173,0.178,1,"POLE2"
"TMCO2",0.457,0.208,0.041,0.039,1,"TMCO2"
"SYNPO2L",0.457,-0.133,0.022,0.023,1,"SYNPO2L"
"GRIK2",0.457,-0.213,0.621,0.62,1,"GRIK2"
"EVA1B",0.459,0.193,0.01,0.008,1,"EVA1B"
"ARHGEF28",0.459,0.148,0.123,0.12,1,"ARHGEF28"
"MTBP",0.46,-0.103,0.142,0.147,1,"MTBP"
"TEPP",0.46,0.184,0.015,0.014,1,"TEPP"
"GOLGA8R",0.462,-0.131,0.01,0.011,1,"GOLGA8R"
"ENSG00000279077",0.464,0.321,0.018,0.016,1,"ENSG00000279077"
"LDHC",0.464,0.234,0.019,0.021,1,"LDHC"
"FAM184B",0.465,-0.183,0.281,0.286,1,"FAM184B"
"EXD1",0.465,-0.236,0.018,0.019,1,"EXD1"
"ACBD4",0.466,-0.17,0.041,0.043,1,"ACBD4"
"CCNE1",0.468,0.334,0.019,0.018,1,"CCNE1"
"RCAN2",0.468,0.234,0.013,0.012,1,"RCAN2"
"PCP4L1",0.469,0.273,0.025,0.024,1,"PCP4L1"
"ALG1L2",0.47,0.204,0.059,0.057,1,"ALG1L2"
"H2AC7",0.47,0.215,0.017,0.015,1,"H2AC7"
"CARD14",0.471,-0.104,0.01,0.011,1,"CARD14"
"FAM78A",0.472,-0.106,0.018,0.019,1,"FAM78A"
"TMPRSS11D",0.473,-0.174,0.097,0.094,1,"TMPRSS11D"
"SPINK13",0.473,-0.144,0.036,0.038,1,"SPINK13"
"RASSF5",0.473,-0.167,0.018,0.019,1,"RASSF5"
"DGAT2",0.474,-0.127,0.017,0.018,1,"DGAT2"
"DNAH8",0.475,-0.222,0.013,0.014,1,"DNAH8"
"PGF",0.475,-0.189,0.01,0.011,1,"PGF"
"SLC2A8",0.477,0.15,0.076,0.074,1,"SLC2A8"
"FBXL8",0.478,0.132,0.047,0.045,1,"FBXL8"
"C7orf31",0.479,-0.221,0.034,0.036,1,"C7orf31"
"SLITRK2",0.479,-0.115,0.086,0.089,1,"SLITRK2"
"HAL",0.48,0.218,0.011,0.01,1,"HAL"
"NKD2",0.48,-0.293,0.015,0.016,1,"NKD2"
"ENSG00000280107",0.481,0.313,0.012,0.011,1,"ENSG00000280107"
"A1CF",0.481,0.127,0.018,0.016,1,"A1CF"
"NRTN",0.483,-0.107,0.016,0.017,1,"NRTN"
"ERVH48-1",0.483,0.118,0.011,0.01,1,"ERVH48-1"
"PMF1-BGLAP",0.483,0.162,0.013,0.012,1,"PMF1-BGLAP"
"ENSG00000278993",0.486,-0.221,0.01,0.011,1,"ENSG00000278993"
"EGFL7",0.486,0.159,0.118,0.117,1,"EGFL7"
"ATP2C2",0.487,-0.156,0.103,0.106,1,"ATP2C2"
"UCN",0.488,-0.251,0.018,0.02,1,"UCN"
"C17orf64",0.488,-0.153,0.017,0.018,1,"C17orf64"
"NCAPH2",0.488,0.135,0.161,0.16,1,"NCAPH2"
"ADGRE5",0.49,0.168,0.015,0.014,1,"ADGRE5"
"TYW3",0.491,0.176,0.085,0.083,1,"TYW3"
"FKBP2",0.492,0.177,0.051,0.049,1,"FKBP2"
"RAB24",0.494,0.104,0.064,0.062,1,"RAB24"
"TAS2R14",0.494,0.112,0.079,0.077,1,"TAS2R14"
"SPHK1",0.497,-0.125,0.014,0.015,1,"SPHK1"
"RAB11FIP1",0.497,0.144,0.047,0.045,1,"RAB11FIP1"
"ENSG00000279696",0.497,-0.15,0.035,0.037,1,"ENSG00000279696"
"SMIM22",0.498,0.162,0.02,0.019,1,"SMIM22"
"PEBP4",0.498,-0.155,0.027,0.029,1,"PEBP4"
"EXOC3L2",0.499,0.166,0.014,0.013,1,"EXOC3L2"
"RGS19",0.5,0.14,0.061,0.059,1,"RGS19"
"CPNE8",0.501,0.452,0.009,0.01,1,"CPNE8"
"OSBPL10",0.501,-0.155,0.189,0.193,1,"OSBPL10"
"FAM183A",0.502,-0.118,0.009,0.01,1,"FAM183A"
"SAP25",0.502,0.21,0.036,0.035,1,"SAP25"
"ENSG00000286070",0.504,0.181,0.028,0.026,1,"ENSG00000286070"
"ENSG00000286185",0.505,-0.14,0.013,0.014,1,"ENSG00000286185"
"CLDN4",0.507,-0.338,0.012,0.013,1,"CLDN4"
"PLVAP",0.508,0.257,0.016,0.015,1,"PLVAP"
"FLT3LG",0.508,0.177,0.018,0.017,1,"FLT3LG"
"TCF15",0.509,-0.143,0.012,0.013,1,"TCF15"
"ENSG00000278949",0.51,0.123,0.023,0.021,1,"ENSG00000278949"
"SOX1",0.514,-0.216,0.083,0.085,1,"SOX1"
"TMEM225B",0.516,0.265,0.029,0.028,1,"TMEM225B"
"ZYG11A",0.517,0.114,0.022,0.021,1,"ZYG11A"
"ARG1",0.519,-0.119,0.037,0.039,1,"ARG1"
"ACVR1C",0.52,0.15,0.017,0.016,1,"ACVR1C"
"LPAR5",0.522,0.142,0.022,0.02,1,"LPAR5"
"CSRNP1",0.522,0.121,0.045,0.044,1,"CSRNP1"
"MYRIP",0.523,0.208,0.252,0.261,1,"MYRIP"
"HTRA4",0.524,0.153,0.015,0.014,1,"HTRA4"
"OMG",0.525,-0.1,0.214,0.21,1,"OMG"
"DDX47",0.525,-0.293,0.01,0.011,1,"DDX47"
"CFP",0.525,-0.192,0.012,0.014,1,"CFP"
"SPINK4",0.525,-0.149,0.012,0.013,1,"SPINK4"
"MNX1",0.525,0.158,0.018,0.017,1,"MNX1"
"KLHL10",0.525,-0.146,0.029,0.031,1,"KLHL10"
"ENSG00000279026",0.527,0.145,0.019,0.018,1,"ENSG00000279026"
"PAPSS2",0.529,-0.11,0.028,0.03,1,"PAPSS2"
"SLC9A3",0.53,0.203,0.068,0.066,1,"SLC9A3"
"SH2D2A",0.531,-0.148,0.009,0.01,1,"SH2D2A"
"EIF3CL",0.532,0.379,0.01,0.009,1,"EIF3CL"
"NAMPT",0.532,-0.118,0.311,0.32,1,"NAMPT"
"EPHB3",0.533,-0.184,0.016,0.018,1,"EPHB3"
"PIGA",0.534,0.22,0.054,0.052,1,"PIGA"
"PARP10",0.537,0.104,0.041,0.04,1,"PARP10"
"FANCI",0.537,-0.204,0.174,0.177,1,"FANCI"
"TFAP4",0.538,0.108,0.107,0.106,1,"TFAP4"
"CLEC5A",0.539,-0.265,0.016,0.017,1,"CLEC5A"
"ZNF132",0.54,-0.234,0.021,0.022,1,"ZNF132"
"RASD2",0.544,-0.132,0.011,0.012,1,"RASD2"
"SERPINF1",0.545,0.436,0.043,0.041,1,"SERPINF1"
"PEX12",0.546,0.149,0.047,0.046,1,"PEX12"
"PDCD1LG2",0.546,-0.14,0.038,0.04,1,"PDCD1LG2"
"ADAM32",0.546,0.206,0.078,0.076,1,"ADAM32"
"ZNF488",0.546,0.201,0.026,0.024,1,"ZNF488"
"TNFAIP8L3",0.547,-0.16,0.03,0.031,1,"TNFAIP8L3"
"CALCB",0.547,-0.299,0.01,0.011,1,"CALCB"
"ENSG00000111780",0.548,0.284,0.013,0.012,1,"ENSG00000111780"
"FMO5",0.55,-0.194,0.111,0.114,1,"FMO5"
"LRRC43",0.55,0.253,0.015,0.014,1,"LRRC43"
"KIF12",0.551,0.178,0.014,0.013,1,"KIF12"
"EFCAB8",0.551,-3.292,0.038,0.037,1,"EFCAB8"
"BAK1",0.556,0.114,0.066,0.065,1,"BAK1"
"C6orf132",0.556,0.341,0.013,0.012,1,"C6orf132"
"PDLIM1",0.556,-0.164,0.011,0.012,1,"PDLIM1"
"CD160",0.558,0.102,0.031,0.029,1,"CD160"
"ENSG00000280119",0.558,-0.234,0.023,0.025,1,"ENSG00000280119"
"MILR1",0.563,0.3,0.011,0.01,1,"MILR1"
"USP43",0.564,-0.209,0.01,0.011,1,"USP43"
"NXPH2",0.565,0.149,0.053,0.051,1,"NXPH2"
"SH2D7",0.566,-0.105,0.011,0.012,1,"SH2D7"
"C5orf47",0.567,0.135,0.014,0.013,1,"C5orf47"
"SPATA12",0.57,-0.2,0.021,0.023,1,"SPATA12"
"TMEM79",0.57,0.245,0.035,0.034,1,"TMEM79"
"CELSR1",0.571,-0.341,0.152,0.155,1,"CELSR1"
"HBQ1",0.571,0.137,0.027,0.029,1,"HBQ1"
"NCAPD2",0.573,-0.111,0.15,0.147,1,"NCAPD2"
"ENSG00000278975",0.574,0.25,0.033,0.031,1,"ENSG00000278975"
"EEF1AKMT4",0.574,0.11,0.027,0.026,1,"EEF1AKMT4"
"ENSG00000285329",0.574,0.186,0.019,0.018,1,"ENSG00000285329"
"CYP2D7",0.576,0.132,0.035,0.034,1,"CYP2D7"
"DENND3",0.577,-0.103,0.125,0.128,1,"DENND3"
"FAM89A",0.577,0.221,0.037,0.038,1,"FAM89A"
"TMPRSS12",0.577,0.285,0.023,0.022,1,"TMPRSS12"
"CCDC183",0.577,0.119,0.062,0.06,1,"CCDC183"
"AFAP1L1",0.579,-0.317,0.027,0.028,1,"AFAP1L1"
"UGT8",0.579,-0.272,0.015,0.016,1,"UGT8"
"ADA2",0.58,0.106,0.021,0.02,1,"ADA2"
"ZNF385C",0.581,0.13,0.032,0.031,1,"ZNF385C"
"MYLK4",0.581,-0.145,0.049,0.051,1,"MYLK4"
"FAM210A",0.581,-0.129,0.281,0.287,1,"FAM210A"
"MBD3L3",0.583,-0.117,0.009,0.01,1,"MBD3L3"
"GARIN5A",0.583,0.266,0.033,0.032,1,"GARIN5A"
"NDST4",0.583,-0.268,0.142,0.145,1,"NDST4"
"MCM8",0.584,-0.125,0.074,0.076,1,"MCM8"
"SEMA6D",0.585,-0.152,0.682,0.688,1,"SEMA6D"
"GPR160",0.585,-0.175,0.04,0.042,1,"GPR160"
"ZNF850",0.586,-0.12,0.072,0.075,1,"ZNF850"
"SOX7",0.588,0.229,0.014,0.013,1,"SOX7"
"KHNYN",0.589,-0.103,0.023,0.024,1,"KHNYN"
"C1orf167",0.589,0.168,0.026,0.024,1,"C1orf167"
"DNASE1L2",0.59,0.241,0.017,0.016,1,"DNASE1L2"
"PARS2",0.591,-0.156,0.045,0.047,1,"PARS2"
"PSD4",0.591,-0.207,0.016,0.017,1,"PSD4"
"SP8",0.593,0.178,0.02,0.019,1,"SP8"
"RPH3AL",0.594,0.133,0.027,0.025,1,"RPH3AL"
"HAUS7",0.594,0.212,0.027,0.026,1,"HAUS7"
"XRCC3",0.595,-0.116,0.053,0.055,1,"XRCC3"
"RASGRP3",0.597,-0.109,0.045,0.047,1,"RASGRP3"
"ABCB5",0.598,-0.274,0.011,0.011,1,"ABCB5"
"ENPP6",0.599,0.124,0.018,0.017,1,"ENPP6"
"SYNDIG1",0.599,-0.108,0.398,0.403,1,"SYNDIG1"
"NSUN6",0.599,-0.103,0.477,0.475,1,"NSUN6"
"ENSG00000279689",0.603,-0.101,0.009,0.01,1,"ENSG00000279689"
"NBPF8",0.603,-0.109,0.114,0.117,1,"NBPF8"
"PAQR6",0.604,0.169,0.035,0.034,1,"PAQR6"
"ZBED9",0.604,0.127,0.172,0.172,1,"ZBED9"
"ENSG00000279799",0.605,-0.109,0.011,0.012,1,"ENSG00000279799"
"ZFAND4",0.605,-0.108,0.078,0.08,1,"ZFAND4"
"CCDC61",0.606,0.12,0.056,0.054,1,"CCDC61"
"ADA",0.606,-0.106,0.118,0.12,1,"ADA"
"HOMER2",0.609,-0.202,0.204,0.209,1,"HOMER2"
"CCDC170",0.611,-0.269,0.016,0.017,1,"CCDC170"
"PHGDH",0.615,-0.124,0.251,0.247,1,"PHGDH"
"GCM2",0.616,-0.2,0.009,0.01,1,"GCM2"
"ZNF835",0.616,0.114,0.048,0.047,1,"ZNF835"
"TMEM255A",0.616,0.157,0.027,0.026,1,"TMEM255A"
"NTNG1",0.617,-0.172,0.098,0.1,1,"NTNG1"
"C19orf54",0.619,0.219,0.043,0.042,1,"C19orf54"
"ZNF439",0.621,0.121,0.026,0.025,1,"ZNF439"
"ENSG00000279059",0.621,0.128,0.059,0.057,1,"ENSG00000279059"
"PANX2",0.622,0.119,0.041,0.04,1,"PANX2"
"ENTPD3",0.622,-0.186,0.025,0.026,1,"ENTPD3"
"TANC2",0.623,-0.33,0.95,0.935,1,"TANC2"
"OVGP1",0.625,-0.104,0.029,0.031,1,"OVGP1"
"TMEM52",0.625,0.249,0.022,0.021,1,"TMEM52"
"RRH",0.625,0.157,0.068,0.067,1,"RRH"
"H2AC14",0.628,0.109,0.009,0.01,1,"H2AC14"
"FBXW10B",0.63,0.204,0.039,0.038,1,"FBXW10B"
"HPRT1",0.631,-0.106,0.526,0.533,1,"HPRT1"
"SHISA4",0.631,0.103,0.108,0.107,1,"SHISA4"
"ENSG00000279398",0.633,-0.279,0.011,0.011,1,"ENSG00000279398"
"SLC22A13",0.634,0.26,0.032,0.031,1,"SLC22A13"
"GPR68",0.635,0.134,0.025,0.024,1,"GPR68"
"DUSP23",0.635,0.117,0.079,0.078,1,"DUSP23"
"ADAMTS19",0.636,-0.111,0.473,0.476,1,"ADAMTS19"
"MEPCE",0.637,0.123,0.015,0.014,1,"MEPCE"
"ARHGAP27",0.638,-0.128,0.019,0.02,1,"ARHGAP27"
"PALM3",0.638,0.113,0.064,0.063,1,"PALM3"
"SLC26A1",0.638,0.101,0.011,0.011,1,"SLC26A1"
"ENSG00000285938",0.639,0.257,0.012,0.011,1,"ENSG00000285938"
"CA3",0.64,0.211,0.02,0.019,1,"CA3"
"SLC4A9",0.641,-0.221,0.024,0.025,1,"SLC4A9"
"GAS2L3",0.642,-0.682,0.073,0.075,1,"GAS2L3"
"TNNT1",0.643,0.188,0.034,0.033,1,"TNNT1"
"DNAH1",0.644,-0.105,0.018,0.019,1,"DNAH1"
"LRRC8C",0.646,0.156,0.061,0.059,1,"LRRC8C"
"PARVG",0.646,0.1,0.035,0.034,1,"PARVG"
"EHHADH",0.65,0.156,0.052,0.051,1,"EHHADH"
"ENSG00000279364",0.651,-0.23,0.011,0.012,1,"ENSG00000279364"
"OVOL3",0.653,-0.345,0.01,0.01,1,"OVOL3"
"SULF2",0.654,-0.29,0.103,0.106,1,"SULF2"
"LIN7A",0.654,-0.111,0.81,0.8,1,"LIN7A"
"ANKRD35",0.654,0.228,0.022,0.021,1,"ANKRD35"
"AK5",0.655,0.118,0.177,0.182,1,"AK5"
"KCNIP4",0.656,-0.226,0.176,0.173,1,"KCNIP4"
"PRR16",0.657,0.335,0.102,0.101,1,"PRR16"
"IQANK1",0.657,-0.277,0.022,0.022,1,"IQANK1"
"MAP3K8",0.657,-0.151,0.043,0.045,1,"MAP3K8"
"ENSG00000267228",0.662,0.265,0.012,0.013,1,"ENSG00000267228"
"ODF3L2",0.662,0.329,0.01,0.011,1,"ODF3L2"
"GYS2",0.663,0.348,0.025,0.024,1,"GYS2"
"RAD9B",0.664,0.161,0.045,0.044,1,"RAD9B"
"ENSG00000280310",0.665,0.139,0.011,0.01,1,"ENSG00000280310"
"PCDHB3",0.667,0.119,0.075,0.074,1,"PCDHB3"
"SMIM41",0.668,0.147,0.013,0.012,1,"SMIM41"
"STKLD1",0.67,0.129,0.084,0.083,1,"STKLD1"
"ARMS2",0.672,0.407,0.011,0.01,1,"ARMS2"
"LRAT",0.673,-0.173,0.035,0.036,1,"LRAT"
"NPIPB6",0.673,-0.285,0.023,0.024,1,"NPIPB6"
"EBF2",0.674,0.45,0.012,0.012,1,"EBF2"
"SLC30A2",0.675,0.247,0.016,0.015,1,"SLC30A2"
"TMBIM1",0.675,0.132,0.023,0.022,1,"TMBIM1"
"HACE1",0.678,-0.11,0.479,0.481,1,"HACE1"
"NWD2",0.679,0.152,0.027,0.026,1,"NWD2"
"SYN3",0.683,-0.176,0.415,0.421,1,"SYN3"
"CDHR3",0.684,-0.179,0.764,0.771,1,"CDHR3"
"ENSG00000279887",0.684,0.123,0.012,0.012,1,"ENSG00000279887"
"APOE",0.684,-1.169,0.013,0.014,1,"APOE"
"VRK1",0.686,-0.149,0.494,0.493,1,"VRK1"
"RIN1",0.686,0.224,0.01,0.009,1,"RIN1"
"P2RY12",0.686,-0.364,0.011,0.011,1,"P2RY12"
"SPTLC3",0.688,-0.451,0.01,0.01,1,"SPTLC3"
"ADGRD1",0.689,-0.341,0.009,0.01,1,"ADGRD1"
"TENM3",0.689,-0.326,0.883,0.874,1,"TENM3"
"GOLGA8B",0.689,-0.127,0.266,0.27,1,"GOLGA8B"
"ANKRD36C",0.689,-0.206,0.797,0.785,1,"ANKRD36C"
"TAS2R1",0.69,0.119,0.025,0.025,1,"TAS2R1"
"ENOSF1",0.691,-0.16,0.116,0.118,1,"ENOSF1"
"DNAI2",0.691,0.109,0.013,0.014,1,"DNAI2"
"SCAI",0.694,-0.12,0.651,0.651,1,"SCAI"
"LAT",0.694,0.133,0.032,0.032,1,"LAT"
"CAGE1",0.695,0.194,0.027,0.026,1,"CAGE1"
"MANSC4",0.695,-0.126,0.056,0.057,1,"MANSC4"
"JHY",0.696,0.304,0.016,0.015,1,"JHY"
"APOC1",0.697,-0.163,0.011,0.012,1,"APOC1"
"ENSG00000279900",0.697,0.151,0.032,0.031,1,"ENSG00000279900"
"THEMIS2",0.699,0.124,0.025,0.024,1,"THEMIS2"
"IRF1",0.7,-0.137,0.041,0.042,1,"IRF1"
"RBP5",0.701,-0.21,0.014,0.015,1,"RBP5"
"ZNF843",0.701,-0.193,0.069,0.068,1,"ZNF843"
"SALL4",0.702,0.108,0.017,0.017,1,"SALL4"
"TOGARAM2",0.703,0.179,0.033,0.034,1,"TOGARAM2"
"RAMP1",0.703,0.12,0.011,0.011,1,"RAMP1"
"MTMR11",0.705,-0.178,0.01,0.01,1,"MTMR11"
"TBCD",0.707,-0.119,0.434,0.438,1,"TBCD"
"C2CD4C",0.708,-0.231,0.039,0.04,1,"C2CD4C"
"PIP4K2A",0.708,0.123,0.178,0.179,1,"PIP4K2A"
"ZNF540",0.709,-0.104,0.354,0.352,1,"ZNF540"
"CENPS-CORT",0.71,0.121,0.051,0.05,1,"CENPS-CORT"
"MAP10",0.71,0.132,0.02,0.019,1,"MAP10"
"CEP192",0.713,-0.152,0.387,0.387,1,"CEP192"
"ADARB2",0.714,0.205,0.206,0.205,1,"ADARB2"
"SLC46A2",0.716,0.308,0.01,0.01,1,"SLC46A2"
"TEX29",0.717,0.111,0.03,0.031,1,"TEX29"
"MYLK",0.719,-0.272,0.132,0.134,1,"MYLK"
"ADH4",0.719,0.113,0.027,0.026,1,"ADH4"
"CR1L",0.721,0.197,0.013,0.013,1,"CR1L"
"TMEM35B",0.722,0.112,0.011,0.012,1,"TMEM35B"
"CCDC96",0.723,-0.114,0.019,0.02,1,"CCDC96"
"DNMBP",0.723,-0.123,0.078,0.079,1,"DNMBP"
"COL19A1",0.724,0.118,0.013,0.013,1,"COL19A1"
"ENSG00000279641",0.724,0.14,0.012,0.012,1,"ENSG00000279641"
"SERHL2",0.725,-0.121,0.113,0.115,1,"SERHL2"
"CCN5",0.725,-0.12,0.02,0.021,1,"CCN5"
"MYD88",0.725,0.136,0.021,0.021,1,"MYD88"
"WDR62",0.726,-0.35,0.051,0.052,1,"WDR62"
"CPSF4L",0.726,-0.173,0.011,0.011,1,"CPSF4L"
"ANO7",0.727,0.181,0.01,0.009,1,"ANO7"
"CABP4",0.727,-0.136,0.027,0.028,1,"CABP4"
"NDRG4",0.727,-0.106,0.337,0.341,1,"NDRG4"
"HPD",0.727,0.115,0.02,0.019,1,"HPD"
"NXT2",0.728,0.221,0.045,0.044,1,"NXT2"
"C4orf51",0.728,-0.117,0.02,0.021,1,"C4orf51"
"AHNAK",0.728,-0.121,0.049,0.05,1,"AHNAK"
"GRM3",0.73,-0.151,0.672,0.666,1,"GRM3"
"SLC12A2",0.731,-0.11,0.326,0.33,1,"SLC12A2"
"ABCA12",0.732,-0.187,0.045,0.044,1,"ABCA12"
"ZDHHC19",0.733,0.201,0.011,0.011,1,"ZDHHC19"
"MIP",0.733,-0.172,0.014,0.015,1,"MIP"
"SYCP2L",0.734,-0.144,0.475,0.478,1,"SYCP2L"
"SLC23A3",0.734,-0.253,0.019,0.02,1,"SLC23A3"
"H2AJ",0.735,0.122,0.069,0.068,1,"H2AJ"
"KLF1",0.736,0.167,0.012,0.011,1,"KLF1"
"UPK3BL1",0.736,0.143,0.019,0.018,1,"UPK3BL1"
"NUDCD2",0.736,-0.102,0.472,0.473,1,"NUDCD2"
"AEBP2",0.737,-0.18,0.666,0.663,1,"AEBP2"
"LRTOMT",0.739,-0.188,0.011,0.011,1,"LRTOMT"
"MYL5",0.74,0.19,0.026,0.026,1,"MYL5"
"PAPOLB",0.742,0.13,0.01,0.009,1,"PAPOLB"
"HENMT1",0.742,-0.199,0.025,0.024,1,"HENMT1"
"FHAD1",0.745,-0.11,0.018,0.019,1,"FHAD1"
"TTPA",0.747,0.115,0.032,0.031,1,"TTPA"
"C2",0.748,0.149,0.057,0.056,1,"C2"
"CFAP99",0.749,0.391,0.015,0.014,1,"CFAP99"
"TJP3",0.749,-0.166,0.016,0.016,1,"TJP3"
"PIK3AP1",0.749,-0.222,0.01,0.01,1,"PIK3AP1"
"APEX2",0.75,0.127,0.048,0.047,1,"APEX2"
"RPH3A",0.751,-0.286,0.01,0.01,1,"RPH3A"
"TEX46",0.751,0.15,0.018,0.018,1,"TEX46"
"C16orf96",0.751,0.166,0.019,0.018,1,"C16orf96"
"PMEL",0.755,2.19,0.028,0.027,1,"PMEL"
"PHLDB2",0.756,-0.131,0.071,0.073,1,"PHLDB2"
"MRAP",0.758,0.233,0.021,0.02,1,"MRAP"
"GSAP",0.758,-0.15,0.023,0.023,1,"GSAP"
"METTL21C",0.758,-0.141,0.011,0.012,1,"METTL21C"
"FGF23",0.759,0.165,0.017,0.017,1,"FGF23"
"FNDC3B",0.759,-0.107,0.739,0.736,1,"FNDC3B"
"FCER1G",0.764,0.131,0.018,0.018,1,"FCER1G"
"BAMBI",0.764,-0.204,0.021,0.022,1,"BAMBI"
"SPATA13",0.766,-0.104,0.398,0.403,1,"SPATA13"
"ECRG4",0.767,0.136,0.032,0.032,1,"ECRG4"
"SV2C",0.768,0.146,0.012,0.012,1,"SV2C"
"NBPF14",0.769,-0.201,0.019,0.019,1,"NBPF14"
"CFLAR",0.769,0.116,0.04,0.039,1,"CFLAR"
"DTX2",0.769,0.116,0.043,0.042,1,"DTX2"
"PAFAH2",0.773,0.179,0.034,0.034,1,"PAFAH2"
"GDPGP1",0.774,0.144,0.073,0.073,1,"GDPGP1"
"LRRTM1",0.775,-0.123,0.052,0.053,1,"LRRTM1"
"ECM1",0.776,0.158,0.017,0.016,1,"ECM1"
"FSTL1",0.776,-0.177,0.12,0.118,1,"FSTL1"
"RAMACL",0.777,0.241,0.015,0.015,1,"RAMACL"
"NUP210L",0.778,-0.228,0.341,0.342,1,"NUP210L"
"PPP1R1C",0.779,-0.321,0.05,0.051,1,"PPP1R1C"
"ENSG00000279616",0.78,0.149,0.039,0.038,1,"ENSG00000279616"
"CCNYL1",0.784,-0.138,0.411,0.412,1,"CCNYL1"
"ENSG00000282798",0.785,-0.179,0.009,0.01,1,"ENSG00000282798"
"IFI30",0.788,0.103,0.011,0.011,1,"IFI30"
"ENSG00000279584",0.789,0.157,0.012,0.012,1,"ENSG00000279584"
"SH3GL3",0.79,-0.1,0.626,0.634,1,"SH3GL3"
"PODNL1",0.792,0.114,0.017,0.016,1,"PODNL1"
"AQP8",0.793,-0.172,0.02,0.021,1,"AQP8"
"SYT9",0.793,-0.249,0.032,0.033,1,"SYT9"
"SLC2A9",0.794,0.258,0.023,0.022,1,"SLC2A9"
"ACRV1",0.796,-0.377,0.009,0.01,1,"ACRV1"
"CDH23",0.797,-0.307,0.119,0.12,1,"CDH23"
"MYOF",0.8,0.437,0.009,0.01,1,"MYOF"
"SLC51A",0.8,-0.122,0.069,0.068,1,"SLC51A"
"TRIM68",0.8,0.151,0.03,0.03,1,"TRIM68"
"SUV39H1",0.802,0.101,0.025,0.024,1,"SUV39H1"
"MPP4",0.802,0.104,0.055,0.057,1,"MPP4"
"ATP6V0A4",0.803,0.192,0.024,0.025,1,"ATP6V0A4"
"FXYD6-FXYD2",0.805,0.116,0.027,0.027,1,"FXYD6-FXYD2"
"TRPM1",0.807,0.811,0.014,0.014,1,"TRPM1"
"FRZB",0.809,0.108,0.033,0.033,1,"FRZB"
"SYT12",0.81,-0.11,0.01,0.01,1,"SYT12"
"TNRC6C",0.81,-0.297,0.886,0.872,1,"TNRC6C"
"VAT1L",0.81,0.17,0.155,0.156,1,"VAT1L"
"HSPA1B",0.81,-0.713,0.165,0.167,1,"HSPA1B"
"SMTNL1",0.81,0.161,0.034,0.033,1,"SMTNL1"
"MT-TI",0.811,0.184,0.031,0.03,1,"MT-TI"
"PPFIBP1",0.812,-0.159,0.392,0.395,1,"PPFIBP1"
"PROM2",0.813,0.241,0.021,0.02,1,"PROM2"
"TDRD10",0.814,0.208,0.019,0.019,1,"TDRD10"
"SCMH1",0.815,-0.11,0.684,0.694,1,"SCMH1"
"PLAC1",0.817,-0.431,0.018,0.019,1,"PLAC1"
"RGS9",0.818,-0.111,0.036,0.035,1,"RGS9"
"REP15",0.818,-0.181,0.01,0.01,1,"REP15"
"ERAS",0.819,-0.172,0.017,0.017,1,"ERAS"
"ARMCX5-GPRASP2",0.819,0.111,0.043,0.043,1,"ARMCX5-GPRASP2"
"FOSL1",0.821,0.174,0.018,0.018,1,"FOSL1"
"CFAP57",0.822,0.143,0.016,0.015,1,"CFAP57"
"PSRC1",0.824,-0.233,0.076,0.076,1,"PSRC1"
"ASIC4",0.826,0.118,0.018,0.017,1,"ASIC4"
"CNMD",0.83,-0.211,0.032,0.032,1,"CNMD"
"SLC7A7",0.832,-0.293,0.04,0.039,1,"SLC7A7"
"ITPR1",0.835,-0.154,0.087,0.088,1,"ITPR1"
"HLA-B",0.835,0.16,0.179,0.184,1,"HLA-B"
"SLC26A6",0.835,0.115,0.029,0.028,1,"SLC26A6"
"ADGRE2",0.836,-0.113,0.012,0.013,1,"ADGRE2"
"RERGL",0.837,0.881,0.01,0.01,1,"RERGL"
"SLC35F2",0.837,-0.292,0.019,0.02,1,"SLC35F2"
"LGALS9",0.837,0.105,0.03,0.03,1,"LGALS9"
"NME1-NME2",0.838,-0.16,0.022,0.022,1,"NME1-NME2"
"H2AC17",0.839,0.21,0.018,0.018,1,"H2AC17"
"CKS1B",0.84,-0.102,0.234,0.233,1,"CKS1B"
"TNFSF9",0.843,0.17,0.01,0.01,1,"TNFSF9"
"STRIP2",0.847,-0.159,0.032,0.031,1,"STRIP2"
"COL23A1",0.848,-0.176,0.029,0.03,1,"COL23A1"
"PLCD3",0.852,0.205,0.017,0.017,1,"PLCD3"
"SSPN",0.853,-0.123,0.009,0.01,1,"SSPN"
"SATL1",0.855,0.117,0.2,0.203,1,"SATL1"
"GUCY1A1",0.855,-0.187,0.218,0.219,1,"GUCY1A1"
"CFAP299",0.859,0.464,0.019,0.019,1,"CFAP299"
"CCDC178",0.859,0.326,0.025,0.024,1,"CCDC178"
"IARS1",0.865,-0.103,0.471,0.475,1,"IARS1"
"SLC52A1",0.866,0.124,0.026,0.026,1,"SLC52A1"
"ITGAL",0.867,0.591,0.021,0.021,1,"ITGAL"
"MPHOSPH9",0.867,-0.102,0.387,0.387,1,"MPHOSPH9"
"DIABLO",0.872,-0.14,0.02,0.021,1,"DIABLO"
"PROCR",0.882,0.137,0.033,0.033,1,"PROCR"
"DYRK2",0.884,-0.101,0.466,0.47,1,"DYRK2"
"SPDYE5",0.886,-0.111,0.09,0.091,1,"SPDYE5"
"CFAP77",0.888,-0.162,0.02,0.02,1,"CFAP77"
"EBF1",0.889,0.218,0.029,0.029,1,"EBF1"
"GOLGA6L7",0.891,0.131,0.019,0.019,1,"GOLGA6L7"
"GAPDHS",0.893,-0.196,0.014,0.014,1,"GAPDHS"
"FCHO2",0.895,-0.117,0.577,0.577,1,"FCHO2"
"ENSG00000280161",0.896,0.188,0.025,0.025,1,"ENSG00000280161"
"ENSG00000264058",0.897,0.183,0.011,0.011,1,"ENSG00000264058"
"SMIM30",0.899,0.114,0.157,0.159,1,"SMIM30"
"NUP153",0.9,-0.12,0.454,0.453,1,"NUP153"
"C1QTNF3",0.9,-0.132,0.103,0.103,1,"C1QTNF3"
"SOX10",0.901,-0.157,0.018,0.018,1,"SOX10"
"LPAR3",0.901,0.151,0.03,0.03,1,"LPAR3"
"C2CD6",0.904,-0.181,0.034,0.034,1,"C2CD6"
"STOM",0.907,0.157,0.038,0.038,1,"STOM"
"TSACC",0.907,-0.249,0.014,0.014,1,"TSACC"
"MISP3",0.907,0.105,0.056,0.056,1,"MISP3"
"ENSG00000260643",0.907,0.128,0.015,0.015,1,"ENSG00000260643"
"TMEM108",0.909,-0.582,0.829,0.817,1,"TMEM108"
"PIK3C2G",0.91,0.465,0.01,0.01,1,"PIK3C2G"
"SCN2B",0.911,-0.161,0.043,0.044,1,"SCN2B"
"BACH2",0.912,-0.36,0.872,0.861,1,"BACH2"
"AXL",0.915,-0.159,0.06,0.06,1,"AXL"
"EFCAB13",0.917,-0.263,0.157,0.155,1,"EFCAB13"
"CLNK",0.919,0.23,0.011,0.011,1,"CLNK"
"CPLANE1",0.92,-0.111,0.441,0.445,1,"CPLANE1"
"CLCF1",0.92,0.145,0.015,0.015,1,"CLCF1"
"CCDC80",0.921,0.321,0.021,0.021,1,"CCDC80"
"HCRTR1",0.926,0.187,0.015,0.015,1,"HCRTR1"
"PRKD1",0.927,-0.157,0.426,0.432,1,"PRKD1"
"AXDND1",0.927,0.137,0.026,0.027,1,"AXDND1"
"ACOXL",0.928,-0.106,0.022,0.022,1,"ACOXL"
"TLCD1",0.935,-0.123,0.012,0.012,1,"TLCD1"
"KY",0.935,-0.101,0.034,0.034,1,"KY"
"ST6GALNAC6",0.936,0.132,0.045,0.045,1,"ST6GALNAC6"
"DUSP7",0.936,0.13,0.048,0.048,1,"DUSP7"
"PCDHGA6",0.936,0.105,0.013,0.014,1,"PCDHGA6"
"NRGN",0.938,0.252,0.038,0.038,1,"NRGN"
"H2BC4",0.941,0.165,0.044,0.044,1,"H2BC4"
"CYP2E1",0.942,0.152,0.014,0.014,1,"CYP2E1"
"BCAM",0.942,0.159,0.012,0.012,1,"BCAM"
"ENSG00000283355",0.944,0.132,0.046,0.046,1,"ENSG00000283355"
"R3HDM1",0.947,-0.379,0.846,0.83,1,"R3HDM1"
"RELN",0.947,-0.17,0.069,0.069,1,"RELN"
"VSTM2A",0.948,0.138,0.014,0.014,1,"VSTM2A"
"ITGB2",0.95,0.228,0.019,0.019,1,"ITGB2"
"COLEC12",0.95,0.301,0.016,0.016,1,"COLEC12"
"BRICD5",0.956,-0.152,0.03,0.03,1,"BRICD5"
"CELF6",0.956,-0.118,0.214,0.214,1,"CELF6"
"GALNT14",0.958,0.14,0.332,0.338,1,"GALNT14"
"FAM181A",0.959,-0.144,0.012,0.012,1,"FAM181A"
"PIGB",0.96,-0.119,0.163,0.163,1,"PIGB"
"SKOR1",0.962,0.104,0.013,0.013,1,"SKOR1"
"NUDT4B",0.962,0.138,0.022,0.022,1,"NUDT4B"
"RFLNB",0.962,0.167,0.012,0.012,1,"RFLNB"
"ENSG00000280214",0.963,0.202,0.011,0.011,1,"ENSG00000280214"
"NNMT",0.964,0.154,0.016,0.016,1,"NNMT"
"MEI1",0.965,0.156,0.021,0.021,1,"MEI1"
"GNG8",0.972,0.191,0.085,0.086,1,"GNG8"
"SIX5",0.976,0.159,0.014,0.014,1,"SIX5"
"PFKFB1",0.979,0.109,0.04,0.04,1,"PFKFB1"
"CTNND2",0.981,-0.732,0.987,0.978,1,"CTNND2"
"ABCG5",0.982,-0.192,0.013,0.013,1,"ABCG5"
"LPO",0.985,-0.208,0.011,0.011,1,"LPO"
"PLCE1",0.986,-0.245,0.173,0.174,1,"PLCE1"
"PKD1L2",0.986,0.223,0.024,0.024,1,"PKD1L2"
"ZDHHC12",0.987,0.137,0.04,0.04,1,"ZDHHC12"
"MACC1",0.99,-0.107,0.011,0.011,1,"MACC1"
"C1R",0.991,0.101,0.01,0.01,1,"C1R"
"GNG12",0.993,-0.155,0.028,0.028,1,"GNG12"
"GSDMA",0.995,0.302,0.023,0.024,1,"GSDMA"
"CAPS",0.995,0.139,0.019,0.02,1,"CAPS"
