"","p_val","avg_log2FC","pct.1","pct.2","p_val_adj","gene"
"p23031-mCherry",0,5.895,0.567,0.026,0,"p23031-mCherry"
"RGS6",0,4.816,0.558,0.109,0,"RGS6"
"HOPX",0,6.779,0.48,0.038,0,"HOPX"
"VIM",0,5.136,0.811,0.376,0,"VIM"
"RAB31",0,3.674,0.567,0.132,0,"RAB31"
"CLU",0,4.874,0.59,0.167,0,"CLU"
"TNC",0,4.193,0.553,0.143,0,"TNC"
"SPARC",0,4.636,0.535,0.127,0,"SPARC"
"BCAN",0,2.626,0.635,0.235,0,"BCAN"
"S100B",0,5.106,0.456,0.058,0,"S100B"
"DTNA",0,2.765,0.686,0.295,0,"DTNA"
"AQP4",0,4.956,0.464,0.078,0,"AQP4"
"CRYAB",0,8.162,0.429,0.046,0,"CRYAB"
"ADAMTS3",0,5.555,0.419,0.038,0,"ADAMTS3"
"SLC1A3",0,4.354,0.547,0.168,0,"SLC1A3"
"ARID5B",0,1.878,0.641,0.264,0,"ARID5B"
"ITPR2",0,4.728,0.447,0.072,0,"ITPR2"
"ATP1B2",0,3.568,0.506,0.132,0,"ATP1B2"
"MLC1",0,4.018,0.455,0.086,0,"MLC1"
"PON2",0,3.561,0.572,0.204,0,"PON2"
"METRN",0,3.333,0.594,0.227,0,"METRN"
"PTN",0,4.414,0.651,0.286,0,"PTN"
"ANXA1",0,6.055,0.381,0.016,0,"ANXA1"
"ELAVL4",0,-1.098,0.3,0.655,0,"ELAVL4"
"DOK5",0,3.17,0.535,0.184,0,"DOK5"
"GLIS3",0,3.006,0.555,0.205,0,"GLIS3"
"TIMP1",0,3.418,0.456,0.106,0,"TIMP1"
"PARD3B",0,2.562,0.566,0.216,0,"PARD3B"
"C21orf62",0,4.999,0.391,0.043,0,"C21orf62"
"ID3",0,3.815,0.505,0.157,0,"ID3"
"PLEKHG1",0,3.19,0.456,0.109,0,"PLEKHG1"
"FAM181B",0,3.004,0.494,0.156,0,"FAM181B"
"PMP2",0,3.516,0.539,0.202,0,"PMP2"
"TTYH1",0,3.769,0.511,0.174,0,"TTYH1"
"PLAAT3",0,3.956,0.388,0.053,0,"PLAAT3"
"F3",0,4.787,0.391,0.057,0,"F3"
"DLX5",0,-0.617,0.459,0.793,0,"DLX5"
"STMN2",0,-1.208,0.374,0.708,0,"STMN2"
"ITGA7",0,3.492,0.463,0.13,0,"ITGA7"
"GFAP",0,6.523,0.352,0.022,0,"GFAP"
"COL4A5",0,3.091,0.551,0.223,0,"COL4A5"
"CSPG5",0,3.54,0.436,0.108,0,"CSPG5"
"PDE1A",0,1.622,0.652,0.325,0,"PDE1A"
"GNG12",0,3.543,0.413,0.088,0,"GNG12"
"CST3",0,5.22,0.724,0.402,0,"CST3"
"HEPN1",0,4.148,0.369,0.048,0,"HEPN1"
"MCC",0,1.584,0.727,0.407,0,"MCC"
"LHFPL6",0,2.035,0.602,0.282,0,"LHFPL6"
"PREX1",0,2.833,0.486,0.166,0,"PREX1"
"PLPP3",0,3.033,0.566,0.248,0,"PLPP3"
"TAGLN2",0,4.972,0.364,0.047,0,"TAGLN2"
"HTRA1",0,3.329,0.422,0.105,0,"HTRA1"
"SAMD4A",0,2.839,0.425,0.108,0,"SAMD4A"
"IGFBP7",0,6.711,0.343,0.027,0,"IGFBP7"
"SPARCL1",0,4.235,0.438,0.122,0,"SPARCL1"
"BAALC",0,2.838,0.441,0.125,0,"BAALC"
"ITM2C",0,2.775,0.498,0.184,0,"ITM2C"
"MRC2",0,2.496,0.455,0.144,0,"MRC2"
"COL4A6",0,4.114,0.371,0.06,0,"COL4A6"
"SMIM30",0,2.493,0.459,0.149,0,"SMIM30"
"HES1",0,3.11,0.387,0.077,0,"HES1"
"NCKAP5",0,2.873,0.449,0.14,0,"NCKAP5"
"DOCK1",0,1.982,0.553,0.246,0,"DOCK1"
"A2M",0,3.525,0.402,0.097,0,"A2M"
"COL4A1",0,3.176,0.446,0.142,0,"COL4A1"
"ID1",0,2.709,0.429,0.126,0,"ID1"
"DDAH1",0,2.333,0.521,0.22,0,"DDAH1"
"RHOC",0,2.419,0.496,0.195,0,"RHOC"
"HEPACAM",0,3.944,0.347,0.047,0,"HEPACAM"
"TRPS1",0,1.509,0.779,0.481,0,"TRPS1"
"HUNK",0,-1.51,0.212,0.51,0,"HUNK"
"SRRM4",0,-1.328,0.175,0.473,0,"SRRM4"
"ITPRID2",0,2.318,0.518,0.223,0,"ITPRID2"
"PEPD",0,1.774,0.529,0.235,0,"PEPD"
"ENKUR",0,3.283,0.351,0.057,0,"ENKUR"
"ANKFN1",0,2.154,0.474,0.18,0,"ANKFN1"
"NTRK2",0,2.85,0.777,0.485,0,"NTRK2"
"CREB5",0,2.263,0.597,0.306,0,"CREB5"
"SPATA6",0,2.248,0.481,0.191,0,"SPATA6"
"ZMAT3",0,1.798,0.648,0.359,0,"ZMAT3"
"CAST",0,2.225,0.435,0.146,0,"CAST"
"RHOJ",0,2.703,0.448,0.159,0,"RHOJ"
"ARAP2",0,2.028,0.527,0.239,0,"ARAP2"
"PLXDC2",0,2.3,0.397,0.109,0,"PLXDC2"
"APRT",0,1.915,0.516,0.228,0,"APRT"
"BDH2",0,2.305,0.432,0.145,0,"BDH2"
"SLCO1C1",0,4.613,0.322,0.036,0,"SLCO1C1"
"PIR",0,3.059,0.359,0.073,0,"PIR"
"WWTR1",0,2.828,0.558,0.273,0,"WWTR1"
"ENOX1",0,-2.068,0.387,0.672,0,"ENOX1"
"GLUD1",0,2.172,0.592,0.307,0,"GLUD1"
"SCN1A",0,2.512,0.425,0.141,0,"SCN1A"
"RBMS3",0,1.656,0.449,0.165,0,"RBMS3"
"NPC2",0,2.25,0.617,0.333,0,"NPC2"
"PPP2R2B",0,2.131,0.447,0.164,0,"PPP2R2B"
"SHROOM3",0,2.047,0.523,0.241,0,"SHROOM3"
"PLTP",0,3.114,0.343,0.061,0,"PLTP"
"SPON1",0,2.758,0.363,0.081,0,"SPON1"
"CIB1",0,2.193,0.418,0.137,0,"CIB1"
"PDLIM5",0,1.923,0.522,0.242,0,"PDLIM5"
"PCDH10",0,2.089,0.406,0.126,0,"PCDH10"
"IL6ST",0,1.713,0.516,0.236,0,"IL6ST"
"HS6ST2",0,2.465,0.446,0.166,0,"HS6ST2"
"TCF7L1",0,1.817,0.473,0.194,0,"TCF7L1"
"CROT",0,3.325,0.478,0.199,0,"CROT"
"NME3",0,1.785,0.49,0.213,0,"NME3"
"SAT1",0,3.175,0.445,0.169,0,"SAT1"
"PEA15",0,2.912,0.678,0.403,0,"PEA15"
"SUCLG2",0,2.105,0.401,0.126,0,"SUCLG2"
"REXO2",0,1.923,0.473,0.198,0,"REXO2"
"ZFP36L1",0,1.928,0.571,0.296,0,"ZFP36L1"
"RFX4",0,1.599,0.708,0.435,0,"RFX4"
"IQGAP2",0,2.811,0.471,0.199,0,"IQGAP2"
"TIMP3",0,3.226,0.357,0.086,0,"TIMP3"
"LPP",0,1.683,0.739,0.468,0,"LPP"
"YAP1",0,1.52,0.505,0.235,0,"YAP1"
"TMEM47",0,2.016,0.452,0.182,0,"TMEM47"
"FAM107A",0,4.145,0.296,0.026,0,"FAM107A"
"HLA-A",0,1.934,0.575,0.306,0,"HLA-A"
"TMEM9B",0,1.537,0.611,0.342,0,"TMEM9B"
"ETV5",0,2.424,0.355,0.087,0,"ETV5"
"CA2",0,4.371,0.311,0.043,0,"CA2"
"PTPRM",0,1.561,0.454,0.186,0,"PTPRM"
"DNPH1",0,2.098,0.445,0.178,0,"DNPH1"
"ASAH1",0,1.444,0.541,0.274,0,"ASAH1"
"MAML2",0,1.742,0.935,0.668,0,"MAML2"
"LSM10",0,1.597,0.497,0.231,0,"LSM10"
"COLGALT2",0,2.484,0.392,0.126,0,"COLGALT2"
"ARHGEF4",0,4.004,0.317,0.052,0,"ARHGEF4"
"GLIPR2",0,2.007,0.424,0.159,0,"GLIPR2"
"PMP22",0,3.323,0.366,0.101,0,"PMP22"
"LIX1",0,4.624,0.291,0.026,0,"LIX1"
"PROS1",0,1.915,0.394,0.132,0,"PROS1"
"ATP13A4",0,2.907,0.332,0.07,0,"ATP13A4"
"KIF26B",0,2.822,0.458,0.197,0,"KIF26B"
"PRNP",0,1.924,0.446,0.185,0,"PRNP"
"NEK6",0,3.112,0.328,0.068,0,"NEK6"
"PDE3A",0,2.15,0.41,0.15,0,"PDE3A"
"LAMP1",0,1.666,0.622,0.362,0,"LAMP1"
"GASK1B",0,5.026,0.282,0.022,0,"GASK1B"
"POLR2L",0,1.575,0.647,0.388,0,"POLR2L"
"EMP3",0,2.881,0.374,0.115,0,"EMP3"
"CD99",0,2.332,0.619,0.36,0,"CD99"
"FHL1",0,1.459,0.644,0.385,0,"FHL1"
"NACC2",0,2.417,0.352,0.094,0,"NACC2"
"LAMP2",0,1.943,0.634,0.376,0,"LAMP2"
"COL6A1",0,1.928,0.407,0.15,0,"COL6A1"
"SDC3",0,2.055,0.421,0.166,0,"SDC3"
"KCNN3",0,2.267,0.415,0.16,0,"KCNN3"
"PBXIP1",0,2.924,0.329,0.074,0,"PBXIP1"
"LAMA4",0,4.494,0.285,0.03,0,"LAMA4"
"PDLIM2",0,2.045,0.393,0.138,0,"PDLIM2"
"IDS",0,1.407,0.692,0.437,0,"IDS"
"SCRN1",0,1.749,0.551,0.297,0,"SCRN1"
"BMPR1B",0,1.925,0.4,0.146,0,"BMPR1B"
"TM7SF2",0,2.187,0.38,0.126,0,"TM7SF2"
"PPP2R5A",0,1.779,0.478,0.225,0,"PPP2R5A"
"STON2",0,1.854,0.445,0.192,0,"STON2"
"C1orf54",0,2.196,0.359,0.107,0,"C1orf54"
"IGFBP5",0,0.881,0.394,0.142,0,"IGFBP5"
"MYO10",0,2.148,0.617,0.365,0,"MYO10"
"CACNB2",0,2.309,0.486,0.234,0,"CACNB2"
"PTPRE",0,3.684,0.346,0.094,0,"PTPRE"
"MYL12A",0,1.873,0.476,0.224,0,"MYL12A"
"ANXA5",0,2.806,0.659,0.408,0,"ANXA5"
"IL33",0,3.112,0.34,0.089,0,"IL33"
"LMO2",0,4.178,0.283,0.032,0,"LMO2"
"ID2",0,1.488,0.8,0.55,0,"ID2"
"IFITM3",0,3.451,0.31,0.06,0,"IFITM3"
"CHCHD10",0,2.096,0.394,0.146,0,"CHCHD10"
"METTL7B",0,5.821,0.257,0.009,0,"METTL7B"
"DPP6",0,2.245,0.559,0.312,0,"DPP6"
"SFXN5",0,1.829,0.488,0.241,0,"SFXN5"
"SERPINH1",0,2.872,0.318,0.071,0,"SERPINH1"
"FKBP10",0,2.128,0.366,0.12,0,"FKBP10"
"PSAT1",0,2.188,0.478,0.232,0,"PSAT1"
"CYSTM1",0,1.671,0.606,0.361,0,"CYSTM1"
"OGFRL1",0,2.369,0.48,0.235,0,"OGFRL1"
"SBDS",0,1.313,0.639,0.394,0,"SBDS"
"RPL22L1",0,1.912,0.421,0.177,0,"RPL22L1"
"PRDM16",0,2.236,0.364,0.121,0,"PRDM16"
"RHOQ",0,1.732,0.53,0.288,0,"RHOQ"
"ARNTL",0,2.128,0.339,0.097,0,"ARNTL"
"PRCP",0,1.771,0.492,0.25,0,"PRCP"
"WLS",0,1.834,0.584,0.342,0,"WLS"
"RAMP1",0,4.682,0.268,0.027,0,"RAMP1"
"MOXD1",0,2.249,0.41,0.169,0,"MOXD1"
"RPE65",0,6.688,0.245,0.005,0,"RPE65"
"HLA-C",0,1.923,0.49,0.25,0,"HLA-C"
"SPRY2",0,2.33,0.421,0.181,0,"SPRY2"
"MT2A",0,2.904,0.415,0.176,0,"MT2A"
"TIMM13",0,1.326,0.633,0.395,0,"TIMM13"
"ANOS1",0,3.346,0.295,0.057,0,"ANOS1"
"LTBP1",0,1.754,0.599,0.362,0,"LTBP1"
"PARP14",0,2.562,0.313,0.077,0,"PARP14"
"TRIM9",0,1.713,0.589,0.353,0,"TRIM9"
"NDUFAF8",0,1.47,0.667,0.432,0,"NDUFAF8"
"ZFP36L2",0,2.047,0.466,0.231,0,"ZFP36L2"
"SEMA6A",0,1.626,0.586,0.351,0,"SEMA6A"
"NQO1",0,3.38,0.296,0.061,0,"NQO1"
"GCSH",0,1.918,0.706,0.471,0,"GCSH"
"SLC26A7",0,5.148,0.256,0.022,0,"SLC26A7"
"SLC7A11",0,2.56,0.312,0.08,0,"SLC7A11"
"PTPRN2",0,-1.066,0.505,0.737,0,"PTPRN2"
"TNFRSF1A",0,2.266,0.312,0.08,0,"TNFRSF1A"
"ID4",0,2.476,0.686,0.455,0,"ID4"
"CA12",0,4.09,0.252,0.021,0,"CA12"
"PTCHD1",0,2.417,0.298,0.067,0,"PTCHD1"
"CYP7B1",0,2.744,0.279,0.049,0,"CYP7B1"
"LAMTOR4",0,1.433,0.691,0.461,0,"LAMTOR4"
"APOE",0,4.31,0.259,0.03,0,"APOE"
"RND3",0,-0.739,0.621,0.85,0,"RND3"
"ATRAID",0,1.306,0.64,0.413,0,"ATRAID"
"ARHGAP31",0,2.114,0.317,0.09,0,"ARHGAP31"
"LRRN2",0,2.461,0.305,0.078,0,"LRRN2"
"BAX",0,1.433,0.668,0.442,0,"BAX"
"VCAM1",0,3.945,0.261,0.036,0,"VCAM1"
"ITGB8",0,1.481,0.761,0.536,0,"ITGB8"
"ATP6V0E1",0,1.494,0.817,0.593,0,"ATP6V0E1"
"TMEM147",0,1.321,0.624,0.401,0,"TMEM147"
"MAP3K5",0,3.075,0.275,0.053,0,"MAP3K5"
"NMB",0,4.885,0.264,0.042,0,"NMB"
"STAT3",0,1.214,0.753,0.532,0,"STAT3"
"B3GALT5",0,2.652,0.273,0.053,0,"B3GALT5"
"BCAP31",0,1.292,0.631,0.411,0,"BCAP31"
"TNFRSF12A",0,5.473,0.248,0.028,0,"TNFRSF12A"
"SCP2",0,1.601,0.771,0.551,0,"SCP2"
"MYO16",0,2.801,0.275,0.056,0,"MYO16"
"NFE2L2",0,1.29,0.674,0.456,0,"NFE2L2"
"ECI2",0,2.013,0.67,0.452,0,"ECI2"
"C4orf3",0,1.319,0.691,0.473,0,"C4orf3"
"NDUFB5",0,1.284,0.69,0.474,0,"NDUFB5"
"AGT",0,5.077,0.225,0.01,0,"AGT"
"NCAN",0,1.884,0.715,0.5,0,"NCAN"
"GSN",0,3.116,0.254,0.04,0,"GSN"
"CRB2",0,4.033,0.235,0.021,0,"CRB2"
"LRP10",0,2.509,0.282,0.068,0,"LRP10"
"C19orf53",0,1.504,0.771,0.557,0,"C19orf53"
"SQSTM1",0,1.583,0.625,0.412,0,"SQSTM1"
"LGALS3",0,4.188,0.261,0.048,0,"LGALS3"
"ITGB5",0,4.921,0.223,0.01,0,"ITGB5"
"GNG5",0,1.729,0.778,0.566,0,"GNG5"
"PTPN14",0,2.534,0.265,0.053,0,"PTPN14"
"BBLN",0,1.183,0.808,0.597,0,"BBLN"
"NES",0,2.27,0.632,0.421,0,"NES"
"FEZ2",0,1.41,0.636,0.425,0,"FEZ2"
"CTXND1",0,3.589,0.235,0.024,0,"CTXND1"
"C1orf122",0,1.375,0.764,0.553,0,"C1orf122"
"TIMM8B",0,1.17,0.727,0.517,0,"TIMM8B"
"ATP1A2",0,3.583,0.259,0.051,0,"ATP1A2"
"RAB29",0,2.769,0.252,0.044,0,"RAB29"
"PRDX6",0,3.854,0.701,0.493,0,"PRDX6"
"ARL6IP5",0,1.466,0.696,0.488,0,"ARL6IP5"
"TMED10",0,1.561,0.71,0.502,0,"TMED10"
"FAM3C",0,1.716,0.595,0.388,0,"FAM3C"
"PTPRZ1",0,3.432,0.716,0.51,0,"PTPRZ1"
"CD81",0,2.655,0.775,0.57,0,"CD81"
"LYPD1",0,4.874,0.227,0.022,0,"LYPD1"
"TNIK",0,2.19,0.772,0.568,0,"TNIK"
"LAPTM4B",0,1.258,0.712,0.509,0,"LAPTM4B"
"LAMTOR1",0,1.395,0.757,0.554,0,"LAMTOR1"
"B2M",0,2.857,0.82,0.618,0,"B2M"
"FABP7",0,4.018,0.692,0.491,0,"FABP7"
"SOX9",0,1.33,0.802,0.602,0,"SOX9"
"IFI44L",0,3.046,0.245,0.045,0,"IFI44L"
"LAMTOR2",0,1.154,0.714,0.514,0,"LAMTOR2"
"VCL",0,1.701,0.622,0.423,0,"VCL"
"PLEKHA4",0,2.971,0.241,0.042,0,"PLEKHA4"
"TMEM163",0,3.282,0.24,0.042,0,"TMEM163"
"GPX1",0,1.19,0.709,0.514,0,"GPX1"
"NPAS3",0,2.069,0.727,0.532,0,"NPAS3"
"HMGCS1",0,2.252,0.648,0.454,0,"HMGCS1"
"BBOX1",0,3.527,0.224,0.03,0,"BBOX1"
"C1QL1",0,3.941,0.235,0.041,0,"C1QL1"
"PSAP",0,1.694,0.772,0.579,0,"PSAP"
"BHLHE40",0,3.119,0.217,0.024,0,"BHLHE40"
"CXCL14",0,4.352,0.215,0.023,0,"CXCL14"
"FZD7",0,3.776,0.223,0.032,0,"FZD7"
"C4orf48",0,1.116,0.856,0.665,0,"C4orf48"
"NDUFB1",0,1.113,0.738,0.548,0,"NDUFB1"
"FIS1",0,1.151,0.81,0.621,0,"FIS1"
"CPE",0,1.466,0.839,0.65,0,"CPE"
"MT3",0,5.562,0.221,0.033,0,"MT3"
"ADAM9",0,1.367,0.677,0.49,0,"ADAM9"
"EMP1",0,7.215,0.192,0.005,0,"EMP1"
"CAMK2D",0,2.139,0.796,0.611,0,"CAMK2D"
"TKT",0,1.631,0.688,0.507,0,"TKT"
"NDUFC1",0,1.166,0.751,0.571,0,"NDUFC1"
"ATOX1",0,1.15,0.751,0.571,0,"ATOX1"
"AHNAK",0,3.627,0.199,0.022,0,"AHNAK"
"GNG10",0,1.124,0.781,0.607,0,"GNG10"
"KRTCAP2",0,1.001,0.755,0.583,0,"KRTCAP2"
"NDUFB3",0,1.105,0.751,0.581,0,"NDUFB3"
"HSPA5",0,1.799,0.663,0.493,0,"HSPA5"
"NDUFA1",0,0.936,0.797,0.628,0,"NDUFA1"
"ACSBG1",0,4.989,0.178,0.009,0,"ACSBG1"
"ABCD3",0,1.125,0.721,0.552,0,"ABCD3"
"TCEAL9",0,1.013,0.794,0.626,0,"TCEAL9"
"CD63",0,3.949,0.88,0.714,0,"CD63"
"STIM2",0,1.686,0.669,0.504,0,"STIM2"
"BLOC1S1",0,1.059,0.758,0.593,0,"BLOC1S1"
"CD44",0,5.611,0.173,0.01,0,"CD44"
"PTTG1IP",0,1.197,0.705,0.542,0,"PTTG1IP"
"EZR",0,1.859,0.705,0.544,0,"EZR"
"ATXN1",0,1.103,0.884,0.725,0,"ATXN1"
"FAM171B",0,2.06,0.801,0.643,0,"FAM171B"
"KDELR1",0,1.354,0.764,0.606,0,"KDELR1"
"LRRC10B",0,5.655,0.165,0.007,0,"LRRC10B"
"NOP10",0,1.256,0.83,0.672,0,"NOP10"
"PRELID1",0,1.002,0.755,0.6,0,"PRELID1"
"TOX3",0,-1.627,0.646,0.799,0,"TOX3"
"SNX3",0,1.806,0.874,0.722,0,"SNX3"
"CYP51A1",0,1.972,0.676,0.525,0,"CYP51A1"
"SDCBP",0,1.556,0.824,0.673,0,"SDCBP"
"CALR",0,1.45,0.709,0.558,0,"CALR"
"CSTB",0,1.522,0.779,0.63,0,"CSTB"
"ADGRV1",0,2.154,0.824,0.676,0,"ADGRV1"
"CDK2AP1",0,1.626,0.834,0.686,0,"CDK2AP1"
"PDCD6",0,1.101,0.795,0.649,0,"PDCD6"
"UQCR11",0,1.211,0.882,0.736,0,"UQCR11"
"DAD1",0,1.273,0.821,0.677,0,"DAD1"
"COPS9",0,1.204,0.86,0.717,0,"COPS9"
"RABAC1",0,0.958,0.801,0.659,0,"RABAC1"
"GNAI2",0,1.04,0.848,0.707,0,"GNAI2"
"PDIA6",0,1.475,0.791,0.653,0,"PDIA6"
"SRI",0,1.117,0.889,0.751,0,"SRI"
"LIMA1",0,1.196,0.85,0.712,0,"LIMA1"
"RPS27L",0,1.773,0.903,0.765,0,"RPS27L"
"POLR2J",0,0.94,0.796,0.659,0,"POLR2J"
"ATP5MF",0,0.981,0.843,0.707,0,"ATP5MF"
"SPCS1",0,1.268,0.809,0.674,0,"SPCS1"
"DBI",0,2.825,0.876,0.745,0,"DBI"
"CANX",0,1.573,0.822,0.693,0,"CANX"
"NDUFS6",0,0.927,0.816,0.688,0,"NDUFS6"
"PHYHIPL",0,1.555,0.752,0.624,0,"PHYHIPL"
"CTNNA1",0,0.913,0.836,0.71,0,"CTNNA1"
"MICOS10",0,1.101,0.84,0.716,0,"MICOS10"
"SELENOK",0,1.015,0.837,0.713,0,"SELENOK"
"TMEM258",0,1.046,0.869,0.746,0,"TMEM258"
"ATP6AP2",0,1.191,0.846,0.723,0,"ATP6AP2"
"ATP5F1D",0,1.056,0.819,0.697,0,"ATP5F1D"
"ZNF706",0,0.967,0.848,0.73,0,"ZNF706"
"EEF1D",0,0.892,0.851,0.733,0,"EEF1D"
"OST4",0,1.608,0.92,0.804,0,"OST4"
"PSMB5",0,1.082,0.854,0.74,0,"PSMB5"
"COX16",0,0.885,0.836,0.722,0,"COX16"
"PRDX5",0,1.007,0.83,0.717,0,"PRDX5"
"TSPAN3",0,1.58,0.839,0.726,0,"TSPAN3"
"CLTC",0,0.972,0.835,0.723,0,"CLTC"
"ATP6V1F",0,0.972,0.885,0.774,0,"ATP6V1F"
"KRT10",0,0.92,0.859,0.749,0,"KRT10"
"COX7B",0,0.9,0.858,0.748,0,"COX7B"
"GNB2",0,0.931,0.824,0.715,0,"GNB2"
"CNN3",0,2.791,0.761,0.653,0,"CNN3"
"SLC25A5",0,1.557,0.836,0.728,0,"SLC25A5"
"PPIB",0,1.379,0.861,0.755,0,"PPIB"
"PHPT1",0,1.127,0.871,0.768,0,"PHPT1"
"EIF3E",0,0.977,0.885,0.785,0,"EIF3E"
"SARAF",0,1.085,0.874,0.775,0,"SARAF"
"IGFBP2",0,0.97,0.869,0.771,0,"IGFBP2"
"SEC11A",0,1.204,0.844,0.746,0,"SEC11A"
"WDR83OS",0,0.923,0.853,0.755,0,"WDR83OS"
"MRFAP1",0,0.956,0.852,0.755,0,"MRFAP1"
"NDUFB2",0,1.089,0.895,0.798,0,"NDUFB2"
"NDUFB4",0,0.903,0.872,0.777,0,"NDUFB4"
"RNASEK",0,0.953,0.879,0.784,0,"RNASEK"
"SYT11",0,1.058,0.882,0.788,0,"SYT11"
"SF3B5",0,0.927,0.828,0.734,0,"SF3B5"
"CCT3",0,1.01,0.855,0.762,0,"CCT3"
"HSPE1",0,1.467,0.883,0.79,0,"HSPE1"
"SELENOW",0,1.323,0.881,0.788,0,"SELENOW"
"LAPTM4A",0,0.866,0.839,0.747,0,"LAPTM4A"
"BRI3",0,1.166,0.922,0.831,0,"BRI3"
"RPS26",0,1.142,0.916,0.825,0,"RPS26"
"RHOA",0,1.101,0.883,0.792,0,"RHOA"
"RPL36AL",0,1.015,0.876,0.786,0,"RPL36AL"
"ATP5F1A",0,0.863,0.845,0.756,0,"ATP5F1A"
"BZW1",0,1.098,0.879,0.793,0,"BZW1"
"LAMTOR5",0,0.912,0.896,0.811,0,"LAMTOR5"
"HMGN3",0,1.172,0.892,0.807,0,"HMGN3"
"ZNF704",0,-0.465,0.884,0.969,0,"ZNF704"
"JUND",0,0.937,0.933,0.85,0,"JUND"
"TMBIM6",0,1.542,0.88,0.799,0,"TMBIM6"
"KTN1",0,0.971,0.877,0.796,0,"KTN1"
"ITM2B",0,1.502,0.935,0.855,0,"ITM2B"
"PSMD8",0,0.883,0.855,0.775,0,"PSMD8"
"GABARAPL2",0,1.068,0.896,0.817,0,"GABARAPL2"
"PRDX1",0,1.584,0.869,0.79,0,"PRDX1"
"NEDD8",0,0.795,0.856,0.777,0,"NEDD8"
"PFN1",0,1.325,0.87,0.792,0,"PFN1"
"COX5B",0,1.029,0.902,0.825,0,"COX5B"
"ATP5F1C",0,0.757,0.889,0.813,0,"ATP5F1C"
"SYNE2",0,-0.683,0.881,0.957,0,"SYNE2"
"UQCRQ",0,0.954,0.89,0.816,0,"UQCRQ"
"UQCR10",0,0.884,0.891,0.818,0,"UQCR10"
"HSPD1",0,1.011,0.869,0.8,0,"HSPD1"
"ARPC3",0,0.907,0.913,0.845,0,"ARPC3"
"ST13",0,0.859,0.887,0.821,0,"ST13"
"LDHB",0,1.088,0.908,0.844,0,"LDHB"
"SERBP1",0,0.959,0.867,0.803,0,"SERBP1"
"SLC25A3",0,1.018,0.883,0.82,0,"SLC25A3"
"POMP",0,0.894,0.891,0.829,0,"POMP"
"SPCS2",0,0.997,0.907,0.846,0,"SPCS2"
"ATP5MK",0,0.804,0.892,0.832,0,"ATP5MK"
"SEPTIN2",0,1.175,0.944,0.884,0,"SEPTIN2"
"PSMB1",0,0.81,0.894,0.835,0,"PSMB1"
"METTL9",0,0.726,0.89,0.831,0,"METTL9"
"BRK1",0,0.842,0.922,0.864,0,"BRK1"
"SEC62",0,0.851,0.881,0.823,0,"SEC62"
"STRAP",0,0.733,0.9,0.842,0,"STRAP"
"CERS6",0,-0.509,0.927,0.985,0,"CERS6"
"UBL5",0,1.114,0.944,0.886,0,"UBL5"
"VAPA",0,0.735,0.89,0.834,0,"VAPA"
"OCIAD1",0,0.7,0.899,0.844,0,"OCIAD1"
"PJA2",0,0.947,0.914,0.859,0,"PJA2"
"TOMM7",0,0.873,0.93,0.876,0,"TOMM7"
"NDUFA13",0,1.048,0.94,0.886,0,"NDUFA13"
"FEZ1",0,0.827,0.933,0.88,0,"FEZ1"
"APLP2",0,0.983,0.847,0.794,0,"APLP2"
"ELOB",0,0.944,0.949,0.896,0,"ELOB"
"COX6C",0,1.112,0.959,0.907,0,"COX6C"
"NDUFC2",0,0.842,0.908,0.857,0,"NDUFC2"
"SSB",0,0.828,0.898,0.848,0,"SSB"
"HSBP1",0,0.823,0.903,0.854,0,"HSBP1"
"GPM6B",0,2.937,0.951,0.903,0,"GPM6B"
"TOMM20",0,0.691,0.925,0.879,0,"TOMM20"
"ATP5MC2",0,0.865,0.94,0.894,0,"ATP5MC2"
"NDUFS5",0,0.892,0.923,0.878,0,"NDUFS5"
"SRSF9",0,0.818,0.915,0.871,0,"SRSF9"
"ATP5MC3",0,0.888,0.929,0.886,0,"ATP5MC3"
"ARPC2",0,0.77,0.905,0.862,0,"ARPC2"
"MIF",0,0.564,0.933,0.891,0,"MIF"
"CLTA",0,0.817,0.933,0.892,0,"CLTA"
"SERF2",0,1.576,0.955,0.916,0,"SERF2"
"TMA7",0,1.197,0.967,0.929,0,"TMA7"
"UQCRB",0,0.826,0.958,0.92,0,"UQCRB"
"SEC61B",0,0.867,0.948,0.91,0,"SEC61B"
"GSTP1",0,1.045,0.932,0.896,0,"GSTP1"
"YWHAB",0,0.761,0.938,0.904,0,"YWHAB"
"PARK7",0,0.996,0.91,0.878,0,"PARK7"
"COX7C",0,1.067,0.979,0.948,0,"COX7C"
"MGST3",0,0.916,0.912,0.882,0,"MGST3"
"SF3B6",0,0.733,0.931,0.901,0,"SF3B6"
"GPM6A",0,0.877,0.985,0.955,0,"GPM6A"
"HSPA8",0,0.929,0.933,0.903,0,"HSPA8"
"RPL31",0,0.789,0.952,0.923,0,"RPL31"
"PRDX2",0,0.68,0.964,0.938,0,"PRDX2"
"RCN2",0,0.719,0.953,0.927,0,"RCN2"
"COX4I1",0,0.746,0.959,0.933,0,"COX4I1"
"ATP5F1E",0,1.144,0.98,0.955,0,"ATP5F1E"
"TBCA",0,0.624,0.958,0.933,0,"TBCA"
"NDUFA4",0,1.151,0.959,0.934,0,"NDUFA4"
"PFDN5",0,0.773,0.962,0.938,0,"PFDN5"
"EEF2",0,0.937,0.96,0.936,0,"EEF2"
"COMMD6",0,0.718,0.957,0.934,0,"COMMD6"
"ATP5PF",0,0.68,0.954,0.931,0,"ATP5PF"
"UQCRH",0,0.655,0.964,0.942,0,"UQCRH"
"STMN1",0,-0.637,0.977,0.996,0,"STMN1"
"RPL12",0,1.191,0.968,0.949,0,"RPL12"
"GABARAP",0,1.002,0.981,0.962,0,"GABARAP"
"OAZ1",0,0.731,0.942,0.924,0,"OAZ1"
"EID1",0,0.911,0.966,0.949,0,"EID1"
"BEX3",0,0.818,0.965,0.948,0,"BEX3"
"EIF4A1",0,0.743,0.956,0.94,0,"EIF4A1"
"MYL6",0,1.086,0.984,0.969,0,"MYL6"
"BICD1",0,1.316,0.935,0.921,0,"BICD1"
"RPL36",0,1.145,0.979,0.966,0,"RPL36"
"DYNLL1",0,0.88,0.981,0.97,0,"DYNLL1"
"ATP5MG",0,0.684,0.977,0.967,0,"ATP5MG"
"CALM1",0,1.777,0.98,0.97,0,"CALM1"
"RPL10A",0,0.86,0.974,0.965,0,"RPL10A"
"RPL35",0,0.839,0.981,0.972,0,"RPL35"
"MT-ND3",0,1.974,0.975,0.966,0,"MT-ND3"
"RPSA",0,0.795,0.98,0.972,0,"RPSA"
"CKB",0,1.061,0.983,0.975,0,"CKB"
"FTL",0,1.529,0.995,0.987,0,"FTL"
"HINT1",0,0.712,0.983,0.976,0,"HINT1"
"RPS21",0,0.618,0.979,0.972,0,"RPS21"
"SKP1",0,0.997,0.981,0.976,0,"SKP1"
"NPM1",0,0.717,0.966,0.961,0,"NPM1"
"YWHAE",0,0.863,0.985,0.98,0,"YWHAE"
"RACK1",0,0.958,0.986,0.982,0,"RACK1"
"RAC1",0,0.766,0.959,0.955,0,"RAC1"
"EEF1G",0,0.688,0.982,0.978,0,"EEF1G"
"UBC",0,0.765,0.983,0.979,0,"UBC"
"RPL28",0,1.012,0.988,0.984,0,"RPL28"
"MT-RNR1",0,1.238,0.986,0.99,0,"MT-RNR1"
"MT-ND1",0,1.405,0.973,0.969,0,"MT-ND1"
"MT-ND2",0,1.17,0.977,0.973,0,"MT-ND2"
"RPS23",0,0.799,0.99,0.993,0,"RPS23"
"HSP90AB1",0,0.768,0.987,0.984,0,"HSP90AB1"
"RPL13",0,0.709,0.991,0.994,0,"RPL13"
"GNAS",0,0.538,0.994,0.997,0,"GNAS"
"RPS4X",0,0.773,0.993,0.996,0,"RPS4X"
"MT-RNR2",0,1.268,0.994,0.997,0,"MT-RNR2"
"MT-ND4",0,1.329,0.98,0.983,0,"MT-ND4"
"RPS7",0,0.855,0.991,0.989,0,"RPS7"
"RPL37A",0,0.765,0.991,0.993,0,"RPL37A"
"RPL32",0,0.543,0.99,0.992,0,"RPL32"
"RPS18",0,0.793,0.992,0.994,0,"RPS18"
"QKI",0,0.922,0.999,0.997,0,"QKI"
"RPS6",0,0.825,0.988,0.986,0,"RPS6"
"CFL1",0,0.603,0.991,0.993,0,"CFL1"
"RPS25",0,0.834,0.987,0.985,0,"RPS25"
"RPLP0",0,0.923,0.982,0.984,0,"RPLP0"
"RPS17",0,0.649,0.984,0.982,0,"RPS17"
"RPL26",0,0.683,0.988,0.986,0,"RPL26"
"RPL23",0,0.782,0.989,0.991,0,"RPL23"
"RPL19",0,0.764,0.987,0.989,0,"RPL19"
"MT-ATP6",0,1.581,0.987,0.985,0,"MT-ATP6"
"MT-ND5",0,0.961,0.965,0.963,0,"MT-ND5"
"MT-CYB",0,1.709,0.981,0.979,0,"MT-CYB"
"RPL11",0,0.568,0.993,0.994,0,"RPL11"
"RPS8",0,0.699,0.992,0.993,0,"RPS8"
"RPL5",0,0.933,0.993,0.994,0,"RPL5"
"RPS27A",0,0.83,0.991,0.992,0,"RPS27A"
"RPL15",0,0.92,0.991,0.992,0,"RPL15"
"RPL14",0,0.578,0.983,0.982,0,"RPL14"
"RPL37",0,0.779,0.988,0.987,0,"RPL37"
"RPS14",0,0.975,0.992,0.993,0,"RPS14"
"RPS10",0,0.749,0.989,0.99,0,"RPS10"
"RPS12",0,0.987,0.99,0.989,0,"RPS12"
"SEPTIN7",0,0.892,0.986,0.985,0,"SEPTIN7"
"RPS20",0,0.558,0.985,0.984,0,"RPS20"
"RPL30",0,0.531,0.993,0.994,0,"RPL30"
"RPL27A",0,0.73,0.991,0.99,0,"RPL27A"
"FTH1",0,1.438,0.997,0.996,0,"FTH1"
"RPL41",0,1.49,0.993,0.992,0,"RPL41"
"RPS29",0,0.709,0.987,0.986,0,"RPS29"
"HSP90AA1",0,0.707,0.994,0.993,0,"HSP90AA1"
"SRP14",0,0.829,0.987,0.988,0,"SRP14"
"RPLP1",0,1.022,0.995,0.994,0,"RPLP1"
"RPL23A",0,0.682,0.986,0.985,0,"RPL23A"
"RPL27",0,0.673,0.988,0.989,0,"RPL27"
"ACTG1",0,0.682,0.996,0.997,0,"ACTG1"
"RPS19",0,1.064,0.992,0.993,0,"RPS19"
"RPL18",0,0.916,0.992,0.991,0,"RPL18"
"RPS9",0,0.941,0.985,0.984,0,"RPS9"
"RPL3",0,0.957,0.991,0.992,0,"RPL3"
"RPL39",0,0.65,0.99,0.991,0,"RPL39"
"MT-CO1",0,1.485,0.986,0.987,0,"MT-CO1"
"RPS27",0,0.758,0.989,0.989,0,"RPS27"
"RPL29",0,0.776,0.988,0.988,0,"RPL29"
"RPL24",0,0.541,0.991,0.991,0,"RPL24"
"RPL35A",0,0.652,0.988,0.988,0,"RPL35A"
"EEF1A1",0,0.972,0.997,0.997,0,"EEF1A1"
"RPL8",0,0.706,0.988,0.988,0,"RPL8"
"RPL7A",0,0.951,0.992,0.992,0,"RPL7A"
"RPLP2",0,0.558,0.991,0.991,0,"RPLP2"
"FAU",0,0.746,0.989,0.989,0,"FAU"
"RPS3",0,0.676,0.989,0.989,0,"RPS3"
"NACA",0,0.607,0.991,0.991,0,"NACA"
"RPL6",0,0.715,0.99,0.99,0,"RPL6"
"RPL21",0,0.6,0.989,0.989,0,"RPL21"
"TPT1",0,1.204,0.993,0.993,0,"TPT1"
"RPS2",0,1.331,0.993,0.993,0,"RPS2"
"RPS15A",0,0.676,0.99,0.99,0,"RPS15A"
"RPS15",0,0.828,0.99,0.99,0,"RPS15"
"RPS28",0,1.02,0.991,0.991,0,"RPS28"
"UBA52",0,0.584,0.981,0.981,0,"UBA52"
"RPL13A",0,0.691,0.992,0.992,0,"RPL13A"
"RPS5",0,0.668,0.982,0.982,0,"RPS5"
"MT-CO2",0,1.501,0.983,0.983,0,"MT-CO2"
"MT-CO3",0,1.504,0.988,0.988,0,"MT-CO3"
"DYNLT1",5.71e-308,0.686,0.937,0.907,1.06e-303,"DYNLT1"
"ARHGEF3",1.11e-307,1.739,0.51,0.259,2.07e-303,"ARHGEF3"
"RPS16",1.16e-307,0.504,0.99,0.991,2.16e-303,"RPS16"
"FNDC3B",1.34e-307,1.501,0.582,0.355,2.49e-303,"FNDC3B"
"NOL7",2.43e-307,0.993,0.749,0.612,4.52e-303,"NOL7"
"RPL9",3.45e-307,0.511,0.991,0.992,6.42e-303,"RPL9"
"SERPINB6",1.16e-306,1.792,0.383,0.142,2.16e-302,"SERPINB6"
"LHX2",1.37e-306,2.592,0.328,0.109,2.55e-302,"LHX2"
"PEBP1",1.56e-306,0.597,0.971,0.968,2.91e-302,"PEBP1"
"COX6A1",1.71e-306,0.696,0.931,0.9,3.19e-302,"COX6A1"
"PDGFRA",3.64e-305,1.611,0.459,0.204,6.77e-301,"PDGFRA"
"SHC3",1.98e-304,1.665,0.404,0.155,3.69e-300,"SHC3"
"ABCC9",2.77e-304,4.382,0.174,0.013,5.16e-300,"ABCC9"
"PSMA2",5.96e-304,0.889,0.796,0.666,1.11e-299,"PSMA2"
"JUN",9.46e-304,1.677,0.545,0.303,1.76e-299,"JUN"
"PLCE1",2.64e-303,1.514,0.545,0.302,4.91e-299,"PLCE1"
"NR3C1",1.69e-301,1.425,0.488,0.226,3.14e-297,"NR3C1"
"NDUFA11",1.69e-301,0.763,0.881,0.807,3.14e-297,"NDUFA11"
"AGTRAP",1.74e-301,3.003,0.22,0.037,3.24e-297,"AGTRAP"
"SOX2",2.16e-301,0.751,0.943,0.906,4.01e-297,"SOX2"
"KCTD8",2.17e-301,2.795,0.276,0.07,4.03e-297,"KCTD8"
"AHCYL1",4.78e-301,1.209,0.732,0.574,8.89e-297,"AHCYL1"
"S1PR1",6.5e-301,3.402,0.216,0.035,1.21e-296,"S1PR1"
"ETFRF1",1.02e-300,1.593,0.431,0.183,1.9e-296,"ETFRF1"
"COX6B1",1.52e-300,0.756,0.89,0.816,2.83e-296,"COX6B1"
"TCEA1",1.98e-300,0.796,0.86,0.806,3.69e-296,"TCEA1"
"FZD8",3.3e-300,2.998,0.206,0.028,6.13e-296,"FZD8"
"SLC15A2",3.57e-300,3.125,0.216,0.035,6.65e-296,"SLC15A2"
"PHACTR2",5.96e-300,2.039,0.322,0.1,1.11e-295,"PHACTR2"
"MT1X",7.95e-300,2.362,0.33,0.106,1.48e-295,"MT1X"
"MARCHF1",6.46e-299,-1.045,0.439,0.694,1.2e-294,"MARCHF1"
"DRAP1",7.2e-299,0.943,0.775,0.636,1.34e-294,"DRAP1"
"TSPAN6",6.73e-298,1.614,0.435,0.188,1.25e-293,"TSPAN6"
"SORL1",1.36e-297,1.719,0.489,0.242,2.53e-293,"SORL1"
"PTPRD",1.67e-297,-1.638,0.313,0.555,3.11e-293,"PTPRD"
"MRPS21",2.55e-297,0.885,0.789,0.65,4.74e-293,"MRPS21"
"RPL7",5.37e-297,0.53,0.989,0.991,9.99e-293,"RPL7"
"SSR4",5.79e-297,0.901,0.795,0.646,1.08e-292,"SSR4"
"SPRY1",6.8e-297,3.456,0.204,0.029,1.27e-292,"SPRY1"
"KANK1",3.99e-296,1.951,0.389,0.152,7.44e-292,"KANK1"
"SSBP1",9.54e-296,0.841,0.814,0.722,1.78e-291,"SSBP1"
"SCD",1.41e-295,2.394,0.572,0.362,2.62e-291,"SCD"
"ARHGEF6",7.23e-295,2.024,0.347,0.121,1.35e-290,"ARHGEF6"
"SSH2",1.62e-294,-0.524,0.885,0.965,3.02e-290,"SSH2"
"MICOS13",6.03e-294,1.394,0.517,0.27,1.12e-289,"MICOS13"
"HSPB1",6.46e-294,1.724,0.552,0.344,1.2e-289,"HSPB1"
"COPE",8.21e-294,0.862,0.806,0.684,1.53e-289,"COPE"
"PDGFD",1.06e-293,0.987,0.724,0.438,1.98e-289,"PDGFD"
"HIGD1A",2.99e-293,1.216,0.643,0.446,5.57e-289,"HIGD1A"
"RPS24",3.28e-293,0.504,0.992,0.995,6.11e-289,"RPS24"
"MYT1L",2.01e-292,-1.095,0.276,0.544,3.74e-288,"MYT1L"
"COPRS",3.08e-292,1.318,0.592,0.378,5.73e-288,"COPRS"
"GAP43",6.69e-292,1.891,0.815,0.692,1.24e-287,"GAP43"
"FAT1",6.85e-292,1.343,0.573,0.338,1.27e-287,"FAT1"
"ATP6V1G1",1.19e-291,0.636,0.968,0.943,2.22e-287,"ATP6V1G1"
"SCRG1",2.4e-291,1.385,0.648,0.434,4.47e-287,"SCRG1"
"FKBP1A",3.8e-291,1.061,0.717,0.538,7.08e-287,"FKBP1A"
"DSTN",4.52e-291,0.729,0.9,0.845,8.42e-287,"DSTN"
"SPATS2L",2.28e-290,1.426,0.596,0.402,4.24e-286,"SPATS2L"
"FGFBP3",1.08e-289,2.337,0.358,0.135,2.01e-285,"FGFBP3"
"CDO1",1.72e-289,2.014,0.52,0.298,3.2e-285,"CDO1"
"LRIG1",2.83e-289,2.029,0.57,0.383,5.26e-285,"LRIG1"
"C1QBP",2.13e-288,0.975,0.777,0.662,3.96e-284,"C1QBP"
"TRIM5",3.05e-288,2.268,0.269,0.068,5.67e-284,"TRIM5"
"PRKG1",3.57e-288,1.803,0.371,0.144,6.65e-284,"PRKG1"
"EVA1C",1.29e-287,2.606,0.314,0.102,2.39e-283,"EVA1C"
"RAB5C",3e-287,0.992,0.739,0.583,5.58e-283,"RAB5C"
"ARHGEF26",4.81e-287,1.198,0.651,0.412,8.96e-283,"ARHGEF26"
"CIAO2B",6.46e-287,0.701,0.911,0.854,1.2e-282,"CIAO2B"
"CNPY2",2.48e-286,1.025,0.714,0.538,4.62e-282,"CNPY2"
"WWC2",2.78e-286,1.754,0.371,0.139,5.18e-282,"WWC2"
"SSPN",3.66e-286,3.316,0.187,0.022,6.81e-282,"SSPN"
"CITED1",7.01e-286,2.075,0.326,0.107,1.3e-281,"CITED1"
"ZNHIT1",1.32e-285,1.042,0.695,0.487,2.46e-281,"ZNHIT1"
"RGMA",1.89e-285,2.132,0.446,0.22,3.52e-281,"RGMA"
"IFI27L2",1.07e-284,1.353,0.593,0.367,2e-280,"IFI27L2"
"CSNK1A1",4.86e-284,0.581,0.956,0.939,9.05e-280,"CSNK1A1"
"HADHA",5.67e-284,0.886,0.768,0.622,1.06e-279,"HADHA"
"ATP5MJ",7.93e-284,0.774,0.86,0.766,1.48e-279,"ATP5MJ"
"ERG28",8.63e-284,1.502,0.523,0.291,1.61e-279,"ERG28"
"ACTN1",1.15e-283,2.065,0.416,0.193,2.15e-279,"ACTN1"
"COX14",2.11e-283,1.264,0.586,0.344,3.93e-279,"COX14"
"TCF25",1.44e-282,0.82,0.808,0.696,2.68e-278,"TCF25"
"TSC22D4",1.47e-282,1.971,0.344,0.121,2.73e-278,"TSC22D4"
"RPL34",2.11e-282,0.565,0.989,0.991,3.92e-278,"RPL34"
"NDFIP1",3.5e-282,0.705,0.923,0.887,6.51e-278,"NDFIP1"
"SPART",1.51e-281,1.139,0.658,0.47,2.81e-277,"SPART"
"SLC25A18",1.8e-281,2.324,0.264,0.066,3.36e-277,"SLC25A18"
"EMC6",3.32e-281,1.17,0.642,0.451,6.19e-277,"EMC6"
"VDAC1",1.68e-280,0.904,0.789,0.701,3.13e-276,"VDAC1"
"OSBPL6",4.46e-280,1.511,0.424,0.185,8.3e-276,"OSBPL6"
"NRP2",6.15e-280,3.667,0.226,0.046,1.15e-275,"NRP2"
"MOCS2",8.77e-280,1.592,0.455,0.22,1.63e-275,"MOCS2"
"ZNF521",9.66e-280,0.899,0.412,0.17,1.8e-275,"ZNF521"
"ROMO1",1.45e-279,1.051,0.681,0.474,2.69e-275,"ROMO1"
"EIF1",2.23e-279,0.527,0.99,0.992,4.16e-275,"EIF1"
"RBIS",8.37e-279,0.949,0.746,0.582,1.56e-274,"RBIS"
"ATP5ME",9.79e-279,0.878,0.796,0.661,1.82e-274,"ATP5ME"
"ITGAV",1.32e-278,1.342,0.623,0.416,2.45e-274,"ITGAV"
"YBX3",1.33e-278,1.738,0.442,0.215,2.47e-274,"YBX3"
"FAM189A2",2.6e-278,2.93,0.201,0.031,4.83e-274,"FAM189A2"
"PHLDA3",2.81e-278,2.1,0.278,0.075,5.24e-274,"PHLDA3"
"NME5",8.34e-278,2.51,0.225,0.044,1.55e-273,"NME5"
"REEP5",9.71e-278,1.145,0.647,0.452,1.81e-273,"REEP5"
"TANC1",1.03e-277,1.414,0.541,0.305,1.91e-273,"TANC1"
"RNF7",1.27e-277,1.019,0.717,0.554,2.37e-273,"RNF7"
"CUTA",1.34e-277,0.86,0.801,0.658,2.49e-273,"CUTA"
"RREB1",1.75e-277,2.034,0.312,0.1,3.26e-273,"RREB1"
"TMSB4X",2.5e-277,0.74,0.998,0.998,4.66e-273,"TMSB4X"
"SLC25A48",3.59e-277,3.651,0.167,0.015,6.69e-273,"SLC25A48"
"CALU",4.53e-277,1.03,0.732,0.574,8.42e-273,"CALU"
"ZCCHC24",4.79e-277,2.279,0.279,0.079,8.92e-273,"ZCCHC24"
"TMEFF1",8.96e-277,-0.579,0.683,0.874,1.67e-272,"TMEFF1"
"CMBL",2.52e-276,1.607,0.4,0.165,4.69e-272,"CMBL"
"CCND1",6.11e-276,4.855,0.16,0.013,1.14e-271,"CCND1"
"TPP1",6.46e-276,1.88,0.3,0.09,1.2e-271,"TPP1"
"GRIK4",7.65e-276,1.936,0.304,0.091,1.42e-271,"GRIK4"
"CPNE3",1.24e-275,0.853,0.813,0.679,2.31e-271,"CPNE3"
"AFDN",1.31e-275,-0.776,0.832,0.923,2.44e-271,"AFDN"
"KCNB2",4.7e-275,-1.831,0.087,0.301,8.74e-271,"KCNB2"
"ANGPT1",4.97e-275,3.694,0.178,0.021,9.25e-271,"ANGPT1"
"RTL8C",6.86e-275,0.932,0.756,0.6,1.28e-270,"RTL8C"
"RPL22",1.95e-274,0.516,0.986,0.987,3.64e-270,"RPL22"
"TMBIM4",4.46e-274,1.122,0.657,0.455,8.31e-270,"TMBIM4"
"STK17A",6.51e-274,2.255,0.46,0.248,1.21e-269,"STK17A"
"UBE2L3",6.65e-274,0.79,0.818,0.721,1.24e-269,"UBE2L3"
"CEBPD",1.27e-273,3.379,0.189,0.026,2.36e-269,"CEBPD"
"PACRG",2.55e-273,1.371,0.347,0.119,4.74e-269,"PACRG"
"LPAR4",4.84e-273,2.591,0.249,0.062,9.01e-269,"LPAR4"
"HIGD2A",7.55e-273,1.015,0.693,0.494,1.41e-268,"HIGD2A"
"RFXANK",9.91e-273,1.71,0.383,0.156,1.84e-268,"RFXANK"
"KCNJ10",1.49e-272,3.156,0.186,0.025,2.78e-268,"KCNJ10"
"HLA-E",1.56e-272,2.898,0.209,0.037,2.91e-268,"HLA-E"
"SUB1",1.59e-272,0.675,0.979,0.973,2.96e-268,"SUB1"
"FSTL1",1.71e-272,1.923,0.431,0.208,3.19e-268,"FSTL1"
"SORCS1",1.97e-272,2.476,0.37,0.149,3.66e-268,"SORCS1"
"AKT3",2.58e-272,-0.536,0.966,0.981,4.81e-268,"AKT3"
"JAG1",9.66e-272,1.947,0.39,0.166,1.8e-267,"JAG1"
"EEPD1",1.68e-271,2.42,0.414,0.194,3.13e-267,"EEPD1"
"SAT2",1.82e-271,0.946,0.755,0.589,3.39e-267,"SAT2"
"RHEB",2.14e-271,0.917,0.787,0.696,3.99e-267,"RHEB"
"GAPDH",2.65e-271,0.596,0.964,0.954,4.93e-267,"GAPDH"
"PDZRN3",4.14e-271,-0.864,0.762,0.863,7.71e-267,"PDZRN3"
"UFC1",4.21e-271,1.131,0.626,0.412,7.84e-267,"UFC1"
"C2orf72",8.68e-271,2.193,0.306,0.099,1.62e-266,"C2orf72"
"MRPL20",8.92e-271,0.931,0.744,0.601,1.66e-266,"MRPL20"
"SOD1",1.59e-270,0.794,0.853,0.805,2.95e-266,"SOD1"
"MT-ND6",4.36e-270,1.066,0.743,0.608,8.11e-266,"MT-ND6"
"MORN2",6.16e-270,1.349,0.489,0.249,1.15e-265,"MORN2"
"VEPH1",1.47e-269,1.739,0.364,0.139,2.73e-265,"VEPH1"
"NCAM2",1.52e-269,1.253,0.555,0.309,2.83e-265,"NCAM2"
"HEBP1",2.83e-269,2.043,0.316,0.108,5.27e-265,"HEBP1"
"LITAF",3.22e-269,1.77,0.394,0.169,5.99e-265,"LITAF"
"PSMA7",5.31e-269,0.601,0.957,0.93,9.88e-265,"PSMA7"
"MSRB2",1e-268,1.327,0.518,0.279,1.86e-264,"MSRB2"
"MT-ATP8",2.29e-268,1.058,0.684,0.494,4.26e-264,"MT-ATP8"
"RPS3A",3.6e-268,0.514,0.992,0.993,6.7e-264,"RPS3A"
"MORF4L1",4.35e-268,0.536,0.954,0.949,8.09e-264,"MORF4L1"
"IMPA1",1.54e-267,1.698,0.345,0.125,2.86e-263,"IMPA1"
"RANBP3L",2.53e-267,3.479,0.185,0.026,4.71e-263,"RANBP3L"
"SFT2D1",4.18e-267,1.334,0.545,0.323,7.79e-263,"SFT2D1"
"PPP1CB",1.39e-266,0.821,0.889,0.846,2.58e-262,"PPP1CB"
"CCDC160",2.53e-266,3.843,0.15,0.009,4.72e-262,"CCDC160"
"RPL4",3.15e-266,0.579,0.966,0.959,5.86e-262,"RPL4"
"SLC35D2",3.42e-266,2.172,0.254,0.065,6.37e-262,"SLC35D2"
"ST8SIA1",5.39e-266,1.969,0.304,0.097,1e-261,"ST8SIA1"
"MSMO1",1.01e-265,1.83,0.668,0.504,1.88e-261,"MSMO1"
"UBTD1",1.41e-265,3.085,0.177,0.022,2.63e-261,"UBTD1"
"UBL3",2.07e-265,0.953,0.754,0.616,3.85e-261,"UBL3"
"WWC1",3.48e-264,2.336,0.246,0.06,6.48e-260,"WWC1"
"TRAPPC2L",4.86e-264,1.241,0.558,0.335,9.05e-260,"TRAPPC2L"
"CLNS1A",5.49e-264,0.807,0.795,0.685,1.02e-259,"CLNS1A"
"PCGF5",6.32e-264,1.576,0.505,0.279,1.18e-259,"PCGF5"
"PPA2",9.75e-264,0.94,0.686,0.469,1.82e-259,"PPA2"
"SOX21",3.24e-263,1.849,0.365,0.147,6.03e-259,"SOX21"
"ATP1A1",5.72e-263,1.584,0.47,0.245,1.07e-258,"ATP1A1"
"SLIRP",7.85e-263,0.818,0.808,0.687,1.46e-258,"SLIRP"
"MYO6",8.58e-263,1.114,0.642,0.436,1.6e-258,"MYO6"
"TXNDC17",1.05e-262,1.026,0.709,0.562,1.95e-258,"TXNDC17"
"EYA4",1.24e-262,1.898,0.301,0.096,2.32e-258,"EYA4"
"TMEM205",2.24e-262,1.623,0.365,0.141,4.16e-258,"TMEM205"
"CALM2",7.77e-262,0.557,0.991,0.99,1.45e-257,"CALM2"
"FJX1",1.78e-261,1.586,0.501,0.276,3.31e-257,"FJX1"
"ATRNL1",5.58e-261,-0.458,0.609,0.851,1.04e-256,"ATRNL1"
"GPX4",1.09e-260,0.804,0.838,0.763,2.03e-256,"GPX4"
"CCDC85B",4.28e-260,1.475,0.465,0.234,7.96e-256,"CCDC85B"
"GTF3C6",4.88e-260,0.818,0.791,0.672,9.09e-256,"GTF3C6"
"ATP5IF1",6.15e-260,0.874,0.78,0.655,1.15e-255,"ATP5IF1"
"OSTC",8.44e-260,1.059,0.668,0.489,1.57e-255,"OSTC"
"FGF1",8.49e-260,3.146,0.17,0.019,1.58e-255,"FGF1"
"RRS1",8.82e-260,2.65,0.264,0.074,1.64e-255,"RRS1"
"GPR158",1.21e-259,1.959,0.496,0.263,2.25e-255,"GPR158"
"SDC2",1.23e-259,1.554,0.397,0.168,2.3e-255,"SDC2"
"SNX5",3.36e-259,1.381,0.535,0.323,6.25e-255,"SNX5"
"MLF2",4.82e-259,0.764,0.833,0.766,8.98e-255,"MLF2"
"OTX2",6.3e-259,2.215,0.308,0.106,1.17e-254,"OTX2"
"TMEM170A",6.34e-259,1.278,0.548,0.325,1.18e-254,"TMEM170A"
"RBPMS",3.21e-258,1.982,0.312,0.106,5.97e-254,"RBPMS"
"RPL18A",4.87e-258,0.519,0.987,0.991,9.07e-254,"RPL18A"
"ANAPC16",6.73e-258,0.924,0.718,0.556,1.25e-253,"ANAPC16"
"YIF1A",2.09e-257,1.35,0.497,0.268,3.89e-253,"YIF1A"
"PDPN",4.34e-257,1.85,0.347,0.136,8.08e-253,"PDPN"
"GALNT17",4.39e-257,2.404,0.395,0.183,8.18e-253,"GALNT17"
"LIMCH1",4.82e-257,1.384,0.443,0.207,8.98e-253,"LIMCH1"
"TRIM47",6.56e-257,3.52,0.171,0.021,1.22e-252,"TRIM47"
"ARL3",3.32e-256,0.67,0.878,0.825,6.19e-252,"ARL3"
"CTSL",5.63e-256,1.756,0.318,0.109,1.05e-251,"CTSL"
"CRH",1e-255,7.987,0.133,0.005,1.87e-251,"CRH"
"FGFR1",1.68e-255,1.444,0.537,0.331,3.13e-251,"FGFR1"
"ZNF385D",1.78e-255,1.552,0.405,0.176,3.31e-251,"ZNF385D"
"CAVIN1",2.33e-255,3.935,0.148,0.011,4.34e-251,"CAVIN1"
"TMEM255A",2.8e-255,2.558,0.251,0.068,5.21e-251,"TMEM255A"
"SRP9",3.31e-255,0.57,0.957,0.937,6.15e-251,"SRP9"
"LAMB2",4.45e-255,3.38,0.169,0.021,8.28e-251,"LAMB2"
"LDLRAD4",5.03e-255,1.529,0.332,0.117,9.37e-251,"LDLRAD4"
"DECR1",8.68e-255,0.982,0.684,0.478,1.62e-250,"DECR1"
"MEGF10",1.09e-254,2.371,0.272,0.082,2.04e-250,"MEGF10"
"GAS2L3",1.53e-254,-1.291,0.253,0.489,2.85e-250,"GAS2L3"
"NTM",1.7e-254,1.463,0.53,0.297,3.17e-250,"NTM"
"ELF2",2.5e-254,-0.604,0.874,0.939,4.66e-250,"ELF2"
"CHURC1",1.71e-253,0.97,0.694,0.521,3.19e-249,"CHURC1"
"OAT",1.82e-253,1.62,0.478,0.259,3.38e-249,"OAT"
"COA4",2.31e-253,1.117,0.619,0.421,4.3e-249,"COA4"
"BASP1",4.11e-253,-0.594,0.944,0.979,7.64e-249,"BASP1"
"ATP5PB",4.35e-253,0.837,0.789,0.675,8.1e-249,"ATP5PB"
"DDT",7.57e-253,0.784,0.808,0.692,1.41e-248,"DDT"
"NOTCH2",1.06e-252,1.392,0.553,0.338,1.97e-248,"NOTCH2"
"TFPI",1.22e-252,2.818,0.207,0.041,2.28e-248,"TFPI"
"BTG2",1.34e-252,1.289,0.672,0.486,2.49e-248,"BTG2"
"FAM199X",1.88e-252,1.267,0.523,0.297,3.5e-248,"FAM199X"
"MRPL41",8.25e-252,1.025,0.68,0.498,1.54e-247,"MRPL41"
"HADHB",2.6e-251,1.074,0.645,0.447,4.85e-247,"HADHB"
"S100A10",2.96e-251,5.727,0.162,0.019,5.51e-247,"S100A10"
"CTBS",1.31e-250,2.281,0.235,0.057,2.44e-246,"CTBS"
"CALD1",3.5e-250,0.84,0.823,0.704,6.52e-246,"CALD1"
"NDUFAB1",4e-250,0.718,0.845,0.773,7.44e-246,"NDUFAB1"
"PCDH17",5.44e-250,1.481,0.377,0.154,1.01e-245,"PCDH17"
"SNU13",9.4e-250,0.789,0.798,0.684,1.75e-245,"SNU13"
"FXYD6",1.11e-249,0.845,0.867,0.755,2.06e-245,"FXYD6"
"RO60",1.21e-249,0.686,0.861,0.787,2.25e-245,"RO60"
"GADD45GIP1",1.93e-249,0.976,0.677,0.505,3.59e-245,"GADD45GIP1"
"TGFB2",2.06e-249,2.649,0.203,0.039,3.83e-245,"TGFB2"
"CCSER1",2.2e-249,-1.261,0.241,0.485,4.09e-245,"CCSER1"
"UBXN4",2.6e-249,0.654,0.882,0.827,4.84e-245,"UBXN4"
"FLNA",6.57e-249,1.538,0.519,0.324,1.22e-244,"FLNA"
"METRNL",2.39e-248,2.342,0.218,0.047,4.45e-244,"METRNL"
"RTRAF",3.31e-248,0.707,0.858,0.785,6.17e-244,"RTRAF"
"TCTN1",1.36e-247,1.378,0.428,0.2,2.53e-243,"TCTN1"
"EDF1",1.91e-247,0.683,0.865,0.804,3.56e-243,"EDF1"
"PRKN",4.71e-247,0.946,0.639,0.394,8.77e-243,"PRKN"
"GLRA2",7.09e-247,-2.649,0.05,0.224,1.32e-242,"GLRA2"
"CCT2",7.31e-247,0.663,0.896,0.823,1.36e-242,"CCT2"
"OXR1",9.39e-247,1.224,0.687,0.505,1.75e-242,"OXR1"
"TMCO1",2.42e-246,0.87,0.748,0.619,4.51e-242,"TMCO1"
"SEC61G",3.07e-246,0.578,0.948,0.915,5.71e-242,"SEC61G"
"DYNC2H1",4.89e-246,1.906,0.641,0.456,9.1e-242,"DYNC2H1"
"BCAP29",5.5e-246,1.056,0.632,0.433,1.02e-241,"BCAP29"
"LGALS1",1.11e-245,1.664,0.446,0.225,2.07e-241,"LGALS1"
"GUK1",1.49e-245,0.805,0.8,0.668,2.76e-241,"GUK1"
"CHMP2A",3.01e-245,0.937,0.707,0.531,5.6e-241,"CHMP2A"
"ADAMTS6",7.45e-245,1.296,0.46,0.225,1.39e-240,"ADAMTS6"
"PPP4C",8.27e-245,0.835,0.765,0.631,1.54e-240,"PPP4C"
"CD24",1.17e-244,-0.748,0.382,0.646,2.17e-240,"CD24"
"COX8A",1.68e-244,0.67,0.884,0.818,3.12e-240,"COX8A"
"CD151",2.09e-244,1.534,0.454,0.238,3.89e-240,"CD151"
"RRAGD",2.7e-244,1.489,0.457,0.24,5.03e-240,"RRAGD"
"DPY19L1",3.98e-244,1.537,0.443,0.223,7.41e-240,"DPY19L1"
"TNS1",6.68e-244,2.485,0.2,0.039,1.24e-239,"TNS1"
"ERP29",1.2e-243,1.054,0.659,0.477,2.23e-239,"ERP29"
"EMC2",3.46e-243,1.339,0.476,0.251,6.45e-239,"EMC2"
"SASH1",7.4e-243,1.594,0.351,0.14,1.38e-238,"SASH1"
"SLC3A2",2.21e-242,1.164,0.609,0.413,4.12e-238,"SLC3A2"
"EVA1B",2.32e-242,3.425,0.157,0.018,4.32e-238,"EVA1B"
"APC",2.86e-242,0.67,0.979,0.966,5.32e-238,"APC"
"SELENOH",4.53e-242,1.048,0.625,0.423,8.43e-238,"SELENOH"
"IFT57",4.7e-242,1.234,0.504,0.281,8.75e-238,"IFT57"
"CHP1",8.42e-242,1.329,0.431,0.202,1.57e-237,"CHP1"
"PSD3",5.82e-241,0.878,0.905,0.835,1.08e-236,"PSD3"
"VAT1L",1.68e-240,3.138,0.189,0.034,3.12e-236,"VAT1L"
"RPL17",2.01e-240,0.994,0.681,0.496,3.73e-236,"RPL17"
"MFSD10",6.58e-240,1.366,0.46,0.238,1.22e-235,"MFSD10"
"TAOK3",7.15e-240,0.875,0.804,0.684,1.33e-235,"TAOK3"
"RAB7A",7.89e-240,0.677,0.869,0.801,1.47e-235,"RAB7A"
"GLO1",1.11e-239,0.93,0.693,0.531,2.06e-235,"GLO1"
"STARD13",1.67e-239,1.41,0.51,0.262,3.11e-235,"STARD13"
"LEPROT",4.75e-239,1.003,0.662,0.462,8.83e-235,"LEPROT"
"TMEM134",5.81e-239,1.494,0.384,0.169,1.08e-234,"TMEM134"
"CRACDL",6.17e-239,6.188,0.123,0.004,1.15e-234,"CRACDL"
"RDH11",7.01e-239,1.053,0.676,0.525,1.3e-234,"RDH11"
"NARS1",7.11e-239,1.098,0.608,0.408,1.32e-234,"NARS1"
"PPIC",1.08e-238,4.124,0.136,0.009,2e-234,"PPIC"
"HSP90B1",1.82e-238,1.164,0.794,0.697,3.39e-234,"HSP90B1"
"KIAA1671",1.92e-238,2.242,0.225,0.055,3.57e-234,"KIAA1671"
"TEX264",2.24e-238,1.568,0.365,0.154,4.17e-234,"TEX264"
"TMEM14C",2.95e-238,0.865,0.733,0.586,5.49e-234,"TMEM14C"
"ATP5MC1",3.57e-238,0.916,0.721,0.577,6.65e-234,"ATP5MC1"
"PDE4B",9.4e-238,1.122,0.57,0.345,1.75e-233,"PDE4B"
"RIDA",2.13e-237,1.455,0.412,0.194,3.96e-233,"RIDA"
"UNC50",2.44e-237,1.178,0.508,0.283,4.55e-233,"UNC50"
"A1BG",2.5e-237,1.307,0.425,0.196,4.66e-233,"A1BG"
"PDLIM3",3.62e-237,1.825,0.353,0.149,6.74e-233,"PDLIM3"
"MRPL40",3.76e-237,1.22,0.52,0.3,7e-233,"MRPL40"
"CETN2",7.32e-237,1.23,0.527,0.307,1.36e-232,"CETN2"
"LSAMP",1.67e-236,0.93,0.969,0.901,3.11e-232,"LSAMP"
"SPTSSA",2.63e-236,1.29,0.499,0.283,4.9e-232,"SPTSSA"
"AURKAIP1",4.19e-236,0.937,0.693,0.539,7.79e-232,"AURKAIP1"
"CTSA",7.48e-236,2.232,0.219,0.051,1.39e-231,"CTSA"
"CSF1",8.69e-236,3.284,0.158,0.02,1.62e-231,"CSF1"
"CNKSR3",1.42e-235,2.167,0.274,0.089,2.65e-231,"CNKSR3"
"LAMC1",1.77e-235,1.351,0.423,0.2,3.3e-231,"LAMC1"
"RPL36A",2.56e-235,0.615,0.958,0.94,4.77e-231,"RPL36A"
"GJA1",2.83e-235,2.416,0.416,0.208,5.26e-231,"GJA1"
"C16orf74",3.56e-235,2.366,0.217,0.051,6.63e-231,"C16orf74"
"AHCYL2",4.27e-235,0.895,0.761,0.582,7.94e-231,"AHCYL2"
"PGLS",4.97e-235,0.991,0.652,0.465,9.25e-231,"PGLS"
"PAM",5.94e-235,0.768,0.896,0.742,1.11e-230,"PAM"
"DLC1",6.77e-235,4.428,0.132,0.008,1.26e-230,"DLC1"
"MRPL33",8.26e-235,0.831,0.771,0.625,1.54e-230,"MRPL33"
"CLCN3",2.91e-234,0.797,0.785,0.66,5.42e-230,"CLCN3"
"DCTN6",4.03e-234,0.946,0.679,0.486,7.5e-230,"DCTN6"
"TNRC6A",4.15e-234,0.66,0.947,0.92,7.72e-230,"TNRC6A"
"ZCRB1",4.32e-234,0.765,0.8,0.677,8.05e-230,"ZCRB1"
"AIG1",8.51e-234,1.107,0.557,0.34,1.58e-229,"AIG1"
"CBR1",9.58e-234,1.797,0.309,0.114,1.78e-229,"CBR1"
"AP2S1",2.46e-233,0.843,0.739,0.609,4.58e-229,"AP2S1"
"GRN",2.79e-233,1.636,0.305,0.108,5.19e-229,"GRN"
"BBX",3.57e-233,0.737,0.826,0.7,6.65e-229,"BBX"
"TLN2",7.88e-233,1.176,0.447,0.22,1.47e-228,"TLN2"
"SAP18",8.92e-233,0.647,0.872,0.81,1.66e-228,"SAP18"
"GRHPR",9.56e-233,1.035,0.625,0.423,1.78e-228,"GRHPR"
"ARHGAP42",2.51e-232,1.359,0.42,0.197,4.67e-228,"ARHGAP42"
"DPP7",2.62e-232,2.143,0.266,0.084,4.88e-228,"DPP7"
"AKR7A2",3.55e-232,1.122,0.58,0.378,6.61e-228,"AKR7A2"
"FLYWCH2",4.15e-232,0.951,0.632,0.415,7.72e-228,"FLYWCH2"
"LRP1B",6.48e-232,2.002,0.228,0.058,1.21e-227,"LRP1B"
"SON",8.06e-232,0.589,0.942,0.91,1.5e-227,"SON"
"DHCR7",1.16e-231,1.867,0.268,0.083,2.17e-227,"DHCR7"
"LRATD2",1.2e-231,3.03,0.172,0.027,2.23e-227,"LRATD2"
"SPATA13",1.31e-231,1.406,0.504,0.296,2.44e-227,"SPATA13"
"AOPEP",2.62e-231,0.909,0.828,0.721,4.87e-227,"AOPEP"
"MEST",8.59e-231,1.17,0.584,0.341,1.6e-226,"MEST"
"RPS19BP1",8.85e-231,0.971,0.661,0.478,1.65e-226,"RPS19BP1"
"REST",1.21e-230,1.31,0.473,0.257,2.24e-226,"REST"
"TRAPPC5",3.21e-230,1.039,0.607,0.414,5.97e-226,"TRAPPC5"
"CAPZA2",3.49e-230,0.681,0.846,0.774,6.5e-226,"CAPZA2"
"ETV6",4.89e-230,1.119,0.638,0.441,9.11e-226,"ETV6"
"EFHD2",5.05e-230,1.576,0.31,0.114,9.39e-226,"EFHD2"
"TWF1",2.24e-229,1.267,0.479,0.263,4.16e-225,"TWF1"
"FERMT2",7.1e-229,1.034,0.704,0.565,1.32e-224,"FERMT2"
"HNRNPH2",7.45e-229,0.988,0.648,0.451,1.39e-224,"HNRNPH2"
"GADD45A",1.01e-228,1.855,0.336,0.135,1.87e-224,"GADD45A"
"RAB9A",2.7e-228,1.187,0.509,0.29,5.02e-224,"RAB9A"
"PTGFRN",2.88e-228,1.463,0.38,0.169,5.37e-224,"PTGFRN"
"TM9SF3",3.06e-228,0.779,0.771,0.642,5.7e-224,"TM9SF3"
"SDHC",2.05e-227,0.99,0.639,0.45,3.81e-223,"SDHC"
"PSMB3",3.94e-227,0.717,0.827,0.733,7.33e-223,"PSMB3"
"TCEA2",7.41e-227,0.956,0.663,0.49,1.38e-222,"TCEA2"
"NTN1",1.24e-226,1.772,0.385,0.178,2.3e-222,"NTN1"
"SESN3",1.83e-226,1.086,0.794,0.668,3.41e-222,"SESN3"
"TGFBR2",8.71e-226,5.983,0.115,0.003,1.62e-221,"TGFBR2"
"HNMT",1.11e-225,3.485,0.142,0.014,2.06e-221,"HNMT"
"ARF3",1.67e-225,1.057,0.586,0.381,3.1e-221,"ARF3"
"ACTR3B",2.59e-225,1.665,0.455,0.247,4.81e-221,"ACTR3B"
"BOC",4.24e-225,1.877,0.298,0.109,7.89e-221,"BOC"
"TMEM59L",1.14e-224,1.322,0.368,0.153,2.12e-220,"TMEM59L"
"HNRNPK",4.95e-224,0.504,0.974,0.961,9.21e-220,"HNRNPK"
"STOML2",6.41e-224,1.002,0.646,0.484,1.19e-219,"STOML2"
"TMED7",9.9e-224,1.068,0.578,0.376,1.84e-219,"TMED7"
"CHCHD1",1.16e-223,0.918,0.658,0.473,2.16e-219,"CHCHD1"
"TCEAL4",1.38e-223,0.698,0.828,0.716,2.57e-219,"TCEAL4"
"CHMP2B",2.49e-223,1.167,0.527,0.315,4.63e-219,"CHMP2B"
"VAMP3",2.81e-223,1.426,0.393,0.183,5.23e-219,"VAMP3"
"PTPMT1",3.86e-223,1.68,0.314,0.12,7.18e-219,"PTPMT1"
"POLR2F",4.38e-223,0.811,0.79,0.666,8.15e-219,"POLR2F"
"DIPK1C",4.74e-223,4.46,0.123,0.007,8.83e-219,"DIPK1C"
"TRIP6",4.88e-223,2.198,0.237,0.068,9.08e-219,"TRIP6"
"CDKN1A",6.19e-223,2.648,0.265,0.087,1.15e-218,"CDKN1A"
"GNG4",7.19e-223,-0.69,0.527,0.74,1.34e-218,"GNG4"
"RND2",7.86e-223,1.724,0.267,0.084,1.46e-218,"RND2"
"PCBD1",1.31e-222,1.363,0.425,0.216,2.43e-218,"PCBD1"
"MAP1LC3B",1.79e-222,0.737,0.808,0.692,3.32e-218,"MAP1LC3B"
"ACTB",4.98e-222,0.487,0.996,0.997,9.26e-218,"ACTB"
"NPNT",7.17e-222,2.801,0.26,0.086,1.33e-217,"NPNT"
"MPV17",1.07e-221,1.203,0.477,0.259,1.98e-217,"MPV17"
"LRPAP1",1.53e-221,1.214,0.513,0.304,2.85e-217,"LRPAP1"
"ARHGAP29",1.58e-221,3.847,0.138,0.013,2.95e-217,"ARHGAP29"
"GAB1",2.13e-221,0.968,0.696,0.511,3.96e-217,"GAB1"
"OAF",6.96e-221,4.676,0.125,0.008,1.29e-216,"OAF"
"DAG1",7.73e-221,1.197,0.539,0.338,1.44e-216,"DAG1"
"PLEC",1.56e-220,1.999,0.243,0.071,2.9e-216,"PLEC"
"ELF1",1.69e-220,1.202,0.466,0.242,3.15e-216,"ELF1"
"SH3BGRL",2.57e-220,0.689,0.891,0.819,4.79e-216,"SH3BGRL"
"CHCHD2",2.99e-220,0.897,0.804,0.725,5.56e-216,"CHCHD2"
"HS3ST3A1",3.28e-220,6.415,0.112,0.003,6.1e-216,"HS3ST3A1"
"NCAM1",4.47e-220,-0.398,0.89,0.98,8.31e-216,"NCAM1"
"SUGCT",5.35e-220,1.714,0.264,0.084,9.96e-216,"SUGCT"
"DLX1",6.17e-220,-0.463,0.537,0.78,1.15e-215,"DLX1"
"MTTP",1.39e-219,3.303,0.149,0.019,2.58e-215,"MTTP"
"PTPN13",1.91e-219,0.966,0.602,0.384,3.56e-215,"PTPN13"
"TCEAL8",2.32e-219,1.028,0.608,0.411,4.32e-215,"TCEAL8"
"SNTB1",3.42e-219,2.692,0.163,0.026,6.36e-215,"SNTB1"
"ENDOD1",5.39e-219,2.811,0.157,0.022,1e-214,"ENDOD1"
"STK3",7.64e-219,0.871,0.55,0.31,1.42e-214,"STK3"
"BAD",7.75e-219,1.064,0.567,0.358,1.44e-214,"BAD"
"MYL12B",1.21e-218,0.687,0.897,0.866,2.25e-214,"MYL12B"
"TMEM256",2.83e-218,1.033,0.612,0.416,5.27e-214,"TMEM256"
"RAB14",4.72e-218,0.699,0.821,0.732,8.78e-214,"RAB14"
"CLIC1",5.32e-218,1.029,0.642,0.455,9.9e-214,"CLIC1"
"CDKN2D",5.77e-218,-0.928,0.322,0.549,1.07e-213,"CDKN2D"
"IDI1",1.11e-217,1.392,0.669,0.531,2.07e-213,"IDI1"
"INA",1.74e-217,-0.776,0.289,0.54,3.24e-213,"INA"
"NDUFA12",1.96e-217,0.734,0.82,0.709,3.64e-213,"NDUFA12"
"DHRS4L2",2.83e-217,1.566,0.326,0.13,5.26e-213,"DHRS4L2"
"EVI5",3.68e-217,0.845,0.708,0.52,6.84e-213,"EVI5"
"ZFAND6",6.12e-217,0.664,0.884,0.783,1.14e-212,"ZFAND6"
"UROS",6.6e-217,1.173,0.46,0.243,1.23e-212,"UROS"
"TMEM219",8.97e-217,0.991,0.613,0.408,1.67e-212,"TMEM219"
"ZYX",1.07e-216,1.829,0.31,0.122,2e-212,"ZYX"
"MSI2",1.14e-216,0.664,0.948,0.909,2.13e-212,"MSI2"
"FIBP",1.73e-216,1.057,0.57,0.369,3.23e-212,"FIBP"
"ELAVL3",4.1e-216,-0.414,0.722,0.9,7.63e-212,"ELAVL3"
"BORCS7",8.09e-216,1.232,0.498,0.289,1.51e-211,"BORCS7"
"ECH1",8.22e-216,1.146,0.511,0.294,1.53e-211,"ECH1"
"NENF",2.19e-215,0.984,0.616,0.426,4.08e-211,"NENF"
"COL4A2",2.65e-215,1.617,0.518,0.326,4.93e-211,"COL4A2"
"COA5",9.26e-215,1.124,0.514,0.298,1.72e-210,"COA5"
"SLC9A9",1.19e-214,2.335,0.2,0.047,2.21e-210,"SLC9A9"
"FGFR2",1.68e-214,1.66,0.376,0.173,3.12e-210,"FGFR2"
"MAL2",1.69e-214,3.265,0.147,0.019,3.15e-210,"MAL2"
"ADARB2",2.82e-214,-3.348,0.031,0.174,5.25e-210,"ADARB2"
"LIFR",3.01e-214,1.462,0.531,0.338,5.6e-210,"LIFR"
"SSR3",3.34e-214,1.04,0.643,0.494,6.22e-210,"SSR3"
"STXBP3",4.16e-214,1.147,0.524,0.311,7.74e-210,"STXBP3"
"MRPL52",4.96e-214,1.025,0.61,0.427,9.23e-210,"MRPL52"
"SERP1",5.07e-214,0.787,0.765,0.631,9.44e-210,"SERP1"
"SC5D",6.68e-214,1.218,0.477,0.269,1.24e-209,"SC5D"
"ATCAY",8.3e-214,-0.626,0.405,0.67,1.54e-209,"ATCAY"
"VAMP5",1.34e-213,4.147,0.125,0.009,2.5e-209,"VAMP5"
"NME1",1.79e-213,1.099,0.638,0.479,3.34e-209,"NME1"
"CTSD",2.85e-213,1.614,0.287,0.102,5.3e-209,"CTSD"
"HEATR5A",8.96e-213,1.29,0.415,0.204,1.67e-208,"HEATR5A"
"TMEM106B",1.66e-212,1.036,0.546,0.321,3.08e-208,"TMEM106B"
"GSTO1",1.77e-212,1.356,0.436,0.231,3.3e-208,"GSTO1"
"MLF1",1.98e-212,1.303,0.395,0.186,3.68e-208,"MLF1"
"NTRK3",3.18e-212,1.159,0.264,0.082,5.91e-208,"NTRK3"
"PLPPR4",5.3e-212,1.295,0.456,0.231,9.87e-208,"PLPPR4"
"EMC7",6.71e-212,1.03,0.609,0.421,1.25e-207,"EMC7"
"PHB1",1.52e-211,1.03,0.587,0.395,2.83e-207,"PHB1"
"DAAM2",2.04e-211,4.27,0.132,0.013,3.79e-207,"DAAM2"
"C11orf58",2.04e-211,0.531,0.942,0.911,3.79e-207,"C11orf58"
"NIM1K",2.43e-211,1.616,0.272,0.092,4.53e-207,"NIM1K"
"AP2B1",3.03e-211,0.673,0.828,0.74,5.64e-207,"AP2B1"
"GTF2H5",4.98e-211,0.916,0.674,0.514,9.26e-207,"GTF2H5"
"BST2",6e-211,4.366,0.117,0.006,1.12e-206,"BST2"
"IRS2",6.57e-211,1.479,0.509,0.321,1.22e-206,"IRS2"
"TMEM59",1.22e-210,0.671,0.855,0.772,2.27e-206,"TMEM59"
"TLN1",1.28e-210,0.915,0.647,0.476,2.38e-206,"TLN1"
"PSENEN",1.39e-210,1.271,0.42,0.208,2.58e-206,"PSENEN"
"ARMCX3",1.51e-210,0.857,0.709,0.551,2.82e-206,"ARMCX3"
"TMEM35B",1.56e-210,2.647,0.167,0.03,2.9e-206,"TMEM35B"
"CYB5A",1.95e-210,1.173,0.577,0.381,3.63e-206,"CYB5A"
"ADCYAP1R1",2.11e-210,2.997,0.162,0.027,3.93e-206,"ADCYAP1R1"
"STEAP1B",2.77e-210,1.09,0.542,0.328,5.15e-206,"STEAP1B"
"MAGT1",3.35e-210,1.23,0.429,0.22,6.24e-206,"MAGT1"
"ETFA",4.25e-210,0.858,0.661,0.475,7.92e-206,"ETFA"
"IGF2R",6.64e-210,1.061,0.598,0.399,1.24e-205,"IGF2R"
"VGLL4",7.09e-210,0.783,0.828,0.707,1.32e-205,"VGLL4"
"BEX4",1e-209,0.838,0.721,0.563,1.87e-205,"BEX4"
"EPHX1",1.12e-209,1.47,0.315,0.122,2.09e-205,"EPHX1"
"PRPS1",1.5e-209,1.296,0.578,0.4,2.79e-205,"PRPS1"
"PLAAT4",1.63e-209,4.972,0.115,0.006,3.03e-205,"PLAAT4"
"CFAP298",2.11e-209,1.182,0.515,0.313,3.93e-205,"CFAP298"
"HSDL2",2.15e-209,1,0.585,0.392,4e-205,"HSDL2"
"ITGA2",3.39e-209,2.008,0.232,0.069,6.3e-205,"ITGA2"
"MSN",7.28e-209,1.199,0.56,0.383,1.35e-204,"MSN"
"SIPA1L1",8.66e-209,0.843,0.757,0.607,1.61e-204,"SIPA1L1"
"AP2M1",2.85e-208,0.694,0.81,0.729,5.31e-204,"AP2M1"
"LSM1",3.28e-208,0.946,0.646,0.468,6.11e-204,"LSM1"
"TJP1",2.88e-207,0.779,0.724,0.57,5.37e-203,"TJP1"
"SNX17",3.02e-207,1.206,0.459,0.251,5.63e-203,"SNX17"
"BCL11B",5.18e-207,-0.282,0.526,0.846,9.65e-203,"BCL11B"
"MAPRE1",5.38e-207,0.878,0.698,0.552,1e-202,"MAPRE1"
"PTGES3",1.14e-206,0.531,0.951,0.941,2.11e-202,"PTGES3"
"CXXC5",1.35e-206,1.234,0.633,0.489,2.51e-202,"CXXC5"
"HYDIN",1.48e-206,1.568,0.308,0.12,2.75e-202,"HYDIN"
"MYOF",1.56e-206,4.88,0.111,0.005,2.9e-202,"MYOF"
"NDUFS8",2.34e-206,0.933,0.645,0.472,4.36e-202,"NDUFS8"
"PLCD3",2.57e-206,3.431,0.131,0.013,4.79e-202,"PLCD3"
"ARHGAP5",3.39e-206,0.963,0.764,0.653,6.31e-202,"ARHGAP5"
"FGF2",3.43e-206,1.492,0.347,0.153,6.38e-202,"FGF2"
"BLVRB",3.81e-206,1.57,0.333,0.142,7.09e-202,"BLVRB"
"C1orf43",3.93e-206,0.87,0.69,0.534,7.31e-202,"C1orf43"
"POLR2G",4.13e-206,0.935,0.668,0.519,7.68e-202,"POLR2G"
"LAP3",7.23e-206,1.317,0.372,0.17,1.35e-201,"LAP3"
"PARP9",1.35e-205,2.158,0.213,0.058,2.52e-201,"PARP9"
"ACADVL",3.19e-205,1.461,0.37,0.174,5.93e-201,"ACADVL"
"FAM181A",4.23e-205,2.445,0.191,0.045,7.87e-201,"FAM181A"
"SULT1C4",7.09e-205,1.879,0.287,0.109,1.32e-200,"SULT1C4"
"FGFRL1",1.04e-204,2.332,0.199,0.05,1.94e-200,"FGFRL1"
"CEBPB",1.07e-204,2.436,0.156,0.025,1.99e-200,"CEBPB"
"EZH2",2.02e-204,-0.82,0.679,0.792,3.76e-200,"EZH2"
"SOX4",2.17e-204,-0.334,0.981,0.999,4.05e-200,"SOX4"
"DLX2",4.54e-204,-0.399,0.623,0.864,8.45e-200,"DLX2"
"PPP2CB",4.62e-204,0.674,0.821,0.727,8.6e-200,"PPP2CB"
"GAD2",6.5e-204,-0.171,0.536,0.871,1.21e-199,"GAD2"
"CLVS2",7.05e-204,-0.796,0.416,0.639,1.31e-199,"CLVS2"
"PSMB6",7.14e-204,0.723,0.813,0.709,1.33e-199,"PSMB6"
"HECW1",8.79e-204,-1.969,0.057,0.215,1.64e-199,"HECW1"
"MID1IP1",9.63e-204,1.317,0.469,0.271,1.79e-199,"MID1IP1"
"NDUFB7",1.28e-203,0.689,0.811,0.719,2.38e-199,"NDUFB7"
"ITPKB",1.39e-203,2.375,0.197,0.049,2.6e-199,"ITPKB"
"HAP1",1.62e-203,3.46,0.123,0.01,3.01e-199,"HAP1"
"SAR1B",1.75e-203,0.958,0.606,0.413,3.26e-199,"SAR1B"
"PDLIM7",1.87e-203,1.532,0.37,0.177,3.48e-199,"PDLIM7"
"FAM118A",3.65e-203,1.17,0.46,0.247,6.8e-199,"FAM118A"
"ANXA7",3.91e-203,1.056,0.54,0.336,7.27e-199,"ANXA7"
"STMP1",4.36e-203,0.663,0.843,0.756,8.11e-199,"STMP1"
"TIMMDC1",6.09e-203,0.998,0.574,0.383,1.13e-198,"TIMMDC1"
"ENO1",8.09e-203,0.413,0.776,0.68,1.51e-198,"ENO1"
"ASAP1",1.07e-202,0.784,0.98,0.956,1.99e-198,"ASAP1"
"ADD3",2.76e-202,1.525,0.602,0.448,5.13e-198,"ADD3"
"TTC8",3.73e-202,1.271,0.342,0.146,6.94e-198,"TTC8"
"VMA21",4.43e-202,0.904,0.658,0.486,8.24e-198,"VMA21"
"DNAJC8",4.46e-202,0.592,0.863,0.791,8.3e-198,"DNAJC8"
"DLX6",5.75e-202,-0.635,0.252,0.506,1.07e-197,"DLX6"
"MTPN",6.4e-202,0.56,0.903,0.852,1.19e-197,"MTPN"
"LARS1",7.54e-202,0.73,0.771,0.663,1.4e-197,"LARS1"
"ST8SIA5",8.26e-202,-0.546,0.346,0.604,1.54e-197,"ST8SIA5"
"DDR1",2.88e-201,0.981,0.636,0.466,5.36e-197,"DDR1"
"MGLL",3.45e-201,1.747,0.276,0.1,6.43e-197,"MGLL"
"ALDH2",3.66e-201,1.064,0.558,0.35,6.81e-197,"ALDH2"
"STAG1",5.7e-201,-0.496,0.951,0.968,1.06e-196,"STAG1"
"IDH1",6.64e-201,1.015,0.654,0.493,1.24e-196,"IDH1"
"ASTN2",9.98e-201,1.298,0.507,0.287,1.86e-196,"ASTN2"
"COX7A2",3.71e-200,0.607,0.955,0.933,6.9e-196,"COX7A2"
"ITGB1",5.71e-200,0.649,0.851,0.773,1.06e-195,"ITGB1"
"ALDH6A1",6.15e-200,1.389,0.391,0.192,1.14e-195,"ALDH6A1"
"PCSK1N",6.58e-200,0.739,0.817,0.679,1.22e-195,"PCSK1N"
"TMEM158",7.47e-200,1.643,0.514,0.329,1.39e-195,"TMEM158"
"SDF2L1",9.77e-200,1.569,0.327,0.141,1.82e-195,"SDF2L1"
"MPC2",1.09e-199,0.807,0.74,0.599,2.02e-195,"MPC2"
"BMP7",1.33e-199,1.554,0.386,0.195,2.48e-195,"BMP7"
"ITGA3",2.01e-199,2.772,0.151,0.024,3.74e-195,"ITGA3"
"BSCL2",5.75e-199,1.064,0.604,0.426,1.07e-194,"BSCL2"
"METAP2",1.36e-198,0.677,0.79,0.682,2.53e-194,"METAP2"
"COA3",1.59e-198,0.774,0.722,0.585,2.97e-194,"COA3"
"KALRN",1.74e-198,-0.813,0.846,0.898,3.24e-194,"KALRN"
"DENND2B",1.83e-198,1.144,0.462,0.254,3.4e-194,"DENND2B"
"MYDGF",3.39e-198,1.068,0.566,0.38,6.32e-194,"MYDGF"
"TRAPPC1",3.98e-198,0.816,0.711,0.575,7.4e-194,"TRAPPC1"
"ADCY2",5.3e-198,1.651,0.282,0.105,9.86e-194,"ADCY2"
"CAPZB",9.27e-198,0.633,0.844,0.767,1.72e-193,"CAPZB"
"SP110",9.63e-198,2.27,0.189,0.046,1.79e-193,"SP110"
"TXN2",2.43e-197,1.041,0.555,0.361,4.52e-193,"TXN2"
"TRIL",3.08e-197,3.501,0.13,0.015,5.73e-193,"TRIL"
"NADK2",3.23e-197,1.39,0.402,0.206,6.02e-193,"NADK2"
"KLF9",3.92e-197,1.419,0.293,0.11,7.29e-193,"KLF9"
"THSD1",1.4e-196,2.21,0.193,0.048,2.61e-192,"THSD1"
"SALL2",1.76e-196,1.542,0.299,0.118,3.28e-192,"SALL2"
"PDGFC",2.06e-196,1.292,0.408,0.199,3.84e-192,"PDGFC"
"DNAH7",2.08e-196,2.678,0.172,0.036,3.87e-192,"DNAH7"
"NDUFA8",2.77e-196,0.796,0.755,0.597,5.15e-192,"NDUFA8"
"GGCT",3.37e-196,1.228,0.46,0.261,6.28e-192,"GGCT"
"GHITM",3.45e-196,0.868,0.673,0.515,6.42e-192,"GHITM"
"ZRANB2",4.96e-196,0.708,0.817,0.715,9.23e-192,"ZRANB2"
"CNGA3",5.91e-196,3.137,0.135,0.017,1.1e-191,"CNGA3"
"DKK3",7.02e-196,1.688,0.274,0.1,1.31e-191,"DKK3"
"TMSB15A",7.15e-196,-0.373,0.657,0.864,1.33e-191,"TMSB15A"
"PTCHD4",7.77e-196,2.287,0.25,0.085,1.45e-191,"PTCHD4"
"ACTN2",8.44e-196,1.647,0.347,0.159,1.57e-191,"ACTN2"
"DCLK1",9.45e-196,1.02,0.978,0.97,1.76e-191,"DCLK1"
"CNIH3",1e-195,1.596,0.373,0.179,1.86e-191,"CNIH3"
"MAN1C1",1.23e-195,2.231,0.252,0.087,2.3e-191,"MAN1C1"
"POLD4",1.96e-195,1.975,0.193,0.047,3.65e-191,"POLD4"
"NKAIN3",2e-195,0.786,0.873,0.763,3.73e-191,"NKAIN3"
"MYO1B",2.4e-195,-0.866,0.312,0.529,4.46e-191,"MYO1B"
"SLC44A5",4.81e-195,1.127,0.712,0.54,8.96e-191,"SLC44A5"
"SNRPN",4.82e-195,0.625,0.903,0.831,8.97e-191,"SNRPN"
"SMIM26",5.03e-195,0.849,0.697,0.538,9.36e-191,"SMIM26"
"SDSL",8.25e-195,3.952,0.115,0.009,1.54e-190,"SDSL"
"MLEC",1.02e-194,0.969,0.642,0.496,1.9e-190,"MLEC"
"PSMB4",1.19e-194,0.844,0.699,0.546,2.21e-190,"PSMB4"
"SHISA4",1.63e-194,1.731,0.236,0.075,3.03e-190,"SHISA4"
"PPP1R12B",2.3e-194,-0.575,0.819,0.9,4.27e-190,"PPP1R12B"
"CAMLG",2.53e-194,0.671,0.82,0.719,4.7e-190,"CAMLG"
"GLI3",4.3e-194,1.536,0.461,0.267,8.01e-190,"GLI3"
"MRPS26",7.58e-194,0.897,0.65,0.487,1.41e-189,"MRPS26"
"SYBU",7.79e-194,1.719,0.269,0.098,1.45e-189,"SYBU"
"PDIA3",1.05e-193,0.782,0.768,0.672,1.96e-189,"PDIA3"
"PPP1CA",1.39e-193,0.947,0.626,0.468,2.59e-189,"PPP1CA"
"NIFK",2.23e-193,1.045,0.596,0.429,4.16e-189,"NIFK"
"TMEM131",3.19e-193,0.728,0.835,0.777,5.94e-189,"TMEM131"
"SPOCK2",3.21e-193,3.118,0.139,0.02,5.97e-189,"SPOCK2"
"MT-ND4L",7.77e-193,0.849,0.722,0.585,1.45e-188,"MT-ND4L"
"TUFM",1.46e-192,0.918,0.636,0.466,2.72e-188,"TUFM"
"CLTB",1.97e-192,0.852,0.678,0.494,3.67e-188,"CLTB"
"TCF7L2",1.98e-192,1.001,0.524,0.313,3.68e-188,"TCF7L2"
"NAT8L",2.43e-192,1.746,0.235,0.074,4.52e-188,"NAT8L"
"ZNF593",3.78e-192,1.545,0.262,0.092,7.04e-188,"ZNF593"
"GPR137B",4.63e-192,1,0.609,0.42,8.62e-188,"GPR137B"
"ILDR2",1.17e-191,1.413,0.494,0.31,2.17e-187,"ILDR2"
"JUNB",1.45e-191,1.642,0.391,0.2,2.69e-187,"JUNB"
"OBSL1",1.96e-191,1.422,0.309,0.126,3.64e-187,"OBSL1"
"MTSS1",2.48e-191,-0.319,0.769,0.938,4.62e-187,"MTSS1"
"TOMM5",3.06e-191,0.806,0.739,0.621,5.7e-187,"TOMM5"
"HACD3",3.39e-191,0.606,0.875,0.804,6.31e-187,"HACD3"
"ABCA1",3.76e-191,1.056,0.694,0.504,7e-187,"ABCA1"
"TAPBP",4.65e-191,1.506,0.277,0.103,8.66e-187,"TAPBP"
"ZFYVE21",4.85e-191,1.188,0.435,0.232,9.03e-187,"ZFYVE21"
"CAMKMT",6.15e-191,0.818,0.508,0.284,1.14e-186,"CAMKMT"
"PLIN3",7.5e-191,1.383,0.333,0.148,1.4e-186,"PLIN3"
"LIPG",1.33e-190,1.868,0.26,0.094,2.47e-186,"LIPG"
"SYT17",1.66e-190,1.248,0.417,0.22,3.08e-186,"SYT17"
"ARPP19",2.07e-190,0.604,0.846,0.782,3.85e-186,"ARPP19"
"GTF2F2",2.15e-190,0.867,0.676,0.513,4e-186,"GTF2F2"
"PPARA",2.19e-190,1.578,0.272,0.1,4.07e-186,"PPARA"
"CIRBP",2.19e-190,0.521,0.943,0.936,4.07e-186,"CIRBP"
"DHCR24",2.59e-190,1.518,0.312,0.133,4.82e-186,"DHCR24"
"LONRF2",7.75e-190,2.034,0.525,0.35,1.44e-185,"LONRF2"
"SLC25A23",7.98e-190,1.284,0.359,0.166,1.49e-185,"SLC25A23"
"MAP9",8.73e-190,0.908,0.531,0.316,1.63e-185,"MAP9"
"EEF1B2",9.43e-190,0.623,0.88,0.831,1.75e-185,"EEF1B2"
"ACTR2",1.68e-189,0.569,0.85,0.79,3.13e-185,"ACTR2"
"MRPL19",1.96e-189,0.773,0.702,0.548,3.65e-185,"MRPL19"
"AKIRIN1",2.28e-189,0.903,0.628,0.457,4.25e-185,"AKIRIN1"
"GNPDA1",2.51e-189,1.129,0.496,0.3,4.67e-185,"GNPDA1"
"NDST3",3.92e-189,2.297,0.215,0.064,7.3e-185,"NDST3"
"SP8",3.97e-189,-1.537,0.064,0.222,7.38e-185,"SP8"
"MCFD2",4.55e-189,1.024,0.502,0.3,8.46e-185,"MCFD2"
"EIF4G3",5.43e-189,0.513,0.965,0.947,1.01e-184,"EIF4G3"
"NEBL",9.22e-189,2.211,0.189,0.047,1.72e-184,"NEBL"
"RIT1",9.42e-189,0.997,0.543,0.341,1.75e-184,"RIT1"
"TAFA5",1.05e-188,1.166,0.381,0.183,1.95e-184,"TAFA5"
"RDH5",1.77e-188,1.889,0.225,0.07,3.3e-184,"RDH5"
"RRAS",1.83e-188,2.024,0.204,0.057,3.4e-184,"RRAS"
"MRPL51",2.4e-188,0.668,0.823,0.746,4.46e-184,"MRPL51"
"LGALS3BP",6.13e-188,1.726,0.244,0.082,1.14e-183,"LGALS3BP"
"PRDX3",6.44e-188,0.818,0.704,0.582,1.2e-183,"PRDX3"
"MGAT4B",8.55e-188,1.119,0.496,0.297,1.59e-183,"MGAT4B"
"ORAI2",9.87e-188,1.208,0.381,0.186,1.84e-183,"ORAI2"
"MAOA",1.07e-187,2.056,0.185,0.045,2e-183,"MAOA"
"ARID1B",1.36e-187,-0.427,0.973,0.989,2.53e-183,"ARID1B"
"REEP3",2.48e-187,0.785,0.674,0.507,4.61e-183,"REEP3"
"ACAA1",3.41e-187,1.281,0.362,0.169,6.34e-183,"ACAA1"
"NDUFV2",3.57e-187,0.644,0.815,0.723,6.64e-183,"NDUFV2"
"TSTD3",4.39e-187,1.181,0.45,0.247,8.17e-183,"TSTD3"
"MRPL43",7.06e-187,0.8,0.658,0.484,1.31e-182,"MRPL43"
"SCOC",8.01e-187,0.905,0.652,0.477,1.49e-182,"SCOC"
"MAP2K2",1.5e-186,0.865,0.649,0.485,2.78e-182,"MAP2K2"
"ARPC5",1.82e-186,0.666,0.883,0.841,3.39e-182,"ARPC5"
"RHPN2",2.84e-186,1.921,0.243,0.084,5.29e-182,"RHPN2"
"ZBTB7C",3.17e-186,2.338,0.177,0.042,5.9e-182,"ZBTB7C"
"SPAG16",3.29e-186,0.869,0.628,0.459,6.12e-182,"SPAG16"
"SEPTIN9",4.12e-186,1.151,0.515,0.334,7.68e-182,"SEPTIN9"
"ZNRF3",4.58e-186,1.073,0.545,0.352,8.53e-182,"ZNRF3"
"SSU72",4.83e-186,0.822,0.676,0.522,9e-182,"SSU72"
"MAP7",5.51e-186,3.15,0.136,0.02,1.02e-181,"MAP7"
"ZDHHC12",6.51e-186,2.263,0.174,0.04,1.21e-181,"ZDHHC12"
"RER1",6.87e-186,0.97,0.575,0.398,1.28e-181,"RER1"
"NEXN",9.87e-186,1.402,0.305,0.126,1.84e-181,"NEXN"
"KIF9",1.08e-185,1.555,0.248,0.084,2.01e-181,"KIF9"
"MAPKAPK3",1.45e-185,2.794,0.131,0.017,2.71e-181,"MAPKAPK3"
"SNX6",2.11e-185,0.597,0.84,0.775,3.93e-181,"SNX6"
"SRSF8",2.45e-185,1.152,0.392,0.191,4.56e-181,"SRSF8"
"FAM120A",3.01e-185,0.911,0.629,0.472,5.6e-181,"FAM120A"
"PRKDC",4.44e-185,0.601,0.899,0.86,8.26e-181,"PRKDC"
"KNL1",5.72e-185,-1.596,0.156,0.334,1.06e-180,"KNL1"
"CHID1",6.93e-185,1.081,0.505,0.311,1.29e-180,"CHID1"
"SLC27A4",1.09e-184,0.938,0.691,0.524,2.03e-180,"SLC27A4"
"MMD2",1.22e-184,3.363,0.132,0.019,2.27e-180,"MMD2"
"SPC25",1.48e-184,-1.224,0.159,0.346,2.76e-180,"SPC25"
"ARL1",1.52e-184,1.164,0.451,0.254,2.83e-180,"ARL1"
"PHLDA1",2.47e-184,1.12,0.409,0.206,4.6e-180,"PHLDA1"
"RPL38",3.49e-184,0.465,0.982,0.979,6.5e-180,"RPL38"
"PBX3",4.3e-184,-2.074,0.464,0.593,8.01e-180,"PBX3"
"CAP1",4.65e-184,0.812,0.72,0.599,8.66e-180,"CAP1"
"PARM1",7.46e-184,3.112,0.131,0.018,1.39e-179,"PARM1"
"RAB18",8.58e-184,0.646,0.795,0.685,1.6e-179,"RAB18"
"SYPL1",1.33e-183,1.231,0.423,0.232,2.48e-179,"SYPL1"
"LMCD1",1.6e-183,3.506,0.128,0.017,2.97e-179,"LMCD1"
"PAK3",1.66e-183,-0.303,0.96,0.99,3.08e-179,"PAK3"
"LYST",2.31e-183,1.383,0.565,0.379,4.29e-179,"LYST"
"NME4",2.82e-183,0.964,0.573,0.39,5.25e-179,"NME4"
"CHMP4B",3.24e-183,1.134,0.459,0.261,6.03e-179,"CHMP4B"
"SYNE1",3.3e-183,0.883,0.703,0.54,6.15e-179,"SYNE1"
"AURKB",6.7e-183,-1.562,0.109,0.279,1.25e-178,"AURKB"
"JTB",7.21e-183,0.827,0.671,0.521,1.34e-178,"JTB"
"IL1RAP",8.85e-183,4.594,0.113,0.01,1.65e-178,"IL1RAP"
"COL27A1",1.1e-182,2.89,0.126,0.016,2.04e-178,"COL27A1"
"SLC25A6",1.43e-182,0.563,0.926,0.906,2.66e-178,"SLC25A6"
"SLC9A3R1",1.54e-182,1.654,0.285,0.116,2.87e-178,"SLC9A3R1"
"SELENOS",1.55e-182,1.002,0.559,0.378,2.89e-178,"SELENOS"
"PDGFRB",2.65e-182,3.618,0.119,0.013,4.92e-178,"PDGFRB"
"SFMBT2",4.13e-182,1.33,0.283,0.109,7.69e-178,"SFMBT2"
"EIF3G",5.04e-182,0.914,0.637,0.47,9.37e-178,"EIF3G"
"CRYL1",6.9e-182,1.232,0.434,0.238,1.28e-177,"CRYL1"
"ADGRG1",1.14e-181,1.146,0.566,0.391,2.13e-177,"ADGRG1"
"PHB2",3.32e-181,0.715,0.739,0.615,6.19e-177,"PHB2"
"FGFR3",3.53e-181,3.994,0.112,0.01,6.56e-177,"FGFR3"
"CACNA1B",4.05e-181,-0.957,0.166,0.365,7.54e-177,"CACNA1B"
"FAT3",4.16e-181,1.878,0.315,0.142,7.74e-177,"FAT3"
"STUB1",6.58e-181,0.875,0.613,0.435,1.22e-176,"STUB1"
"MAPK1",2.14e-180,0.678,0.803,0.722,3.98e-176,"MAPK1"
"PPT1",2.34e-180,1.2,0.416,0.225,4.35e-176,"PPT1"
"DDX3X",2.54e-180,0.612,0.878,0.844,4.73e-176,"DDX3X"
"EIF3K",2.63e-180,0.63,0.817,0.726,4.89e-176,"EIF3K"
"KITLG",3.83e-180,-0.669,0.419,0.626,7.12e-176,"KITLG"
"KIFC1",3.92e-180,-1.449,0.133,0.307,7.29e-176,"KIFC1"
"RAP1B",4.6e-180,0.726,0.742,0.611,8.57e-176,"RAP1B"
"CTSH",6e-180,3.247,0.164,0.037,1.12e-175,"CTSH"
"MPC1",1.08e-179,0.955,0.655,0.523,2.01e-175,"MPC1"
"TFE3",1.33e-179,1.304,0.337,0.152,2.48e-175,"TFE3"
"MAGED2",2.07e-179,0.805,0.772,0.658,3.85e-175,"MAGED2"
"RBX1",2.09e-179,0.511,0.955,0.934,3.89e-175,"RBX1"
"VEGFB",2.26e-179,1.178,0.468,0.284,4.21e-175,"VEGFB"
"TMEM179B",2.42e-179,1.145,0.442,0.246,4.51e-175,"TMEM179B"
"NPDC1",2.63e-179,0.895,0.594,0.399,4.89e-175,"NPDC1"
"PHEX",2.64e-179,2.256,0.164,0.036,4.91e-175,"PHEX"
"IGFBPL1",2.8e-179,-0.889,0.142,0.336,5.22e-175,"IGFBPL1"
"RRM2B",3.17e-179,1.436,0.354,0.169,5.9e-175,"RRM2B"
"UROD",3.48e-179,1.376,0.297,0.122,6.47e-175,"UROD"
"RILPL2",4.54e-179,1.971,0.172,0.04,8.45e-175,"RILPL2"
"SNRPG",5.55e-179,0.594,0.879,0.826,1.03e-174,"SNRPG"
"SMDT1",6.19e-179,0.682,0.8,0.68,1.15e-174,"SMDT1"
"PDLIM4",7.51e-179,3.58,0.13,0.019,1.4e-174,"PDLIM4"
"PKM",7.78e-179,0.826,0.66,0.529,1.45e-174,"PKM"
"FANK1",8.95e-179,2.351,0.154,0.031,1.67e-174,"FANK1"
"TOP2A",9.13e-179,-1.267,0.231,0.417,1.7e-174,"TOP2A"
"SHTN1",1.37e-178,-1.691,0.519,0.632,2.55e-174,"SHTN1"
"MDFIC",1.55e-178,1.65,0.226,0.074,2.89e-174,"MDFIC"
"ZDBF2",1.56e-178,1.005,0.507,0.305,2.9e-174,"ZDBF2"
"MBNL2",1.63e-178,1.249,0.421,0.23,3.03e-174,"MBNL2"
"CMC4",2.13e-178,1.246,0.365,0.178,3.97e-174,"CMC4"
"BRINP3",2.39e-178,0.698,0.473,0.257,4.45e-174,"BRINP3"
"NRXN3",4.59e-178,-0.142,0.663,0.96,8.54e-174,"NRXN3"
"NPHP1",4.78e-178,1.593,0.233,0.079,8.89e-174,"NPHP1"
"ORAI3",5.86e-178,2.263,0.151,0.029,1.09e-173,"ORAI3"
"ENSG00000279673",9.8e-178,3.232,0.128,0.018,1.82e-173,"ENSG00000279673"
"SPRED1",1.07e-177,1.135,0.621,0.469,1.99e-173,"SPRED1"
"SELENOT",1.13e-177,0.804,0.685,0.529,2.11e-173,"SELENOT"
"BOLA3",3.7e-177,1.175,0.409,0.222,6.89e-173,"BOLA3"
"ACTA2",4.63e-177,4.732,0.109,0.01,8.63e-173,"ACTA2"
"CORO1B",5.21e-177,1.379,0.296,0.122,9.69e-173,"CORO1B"
"TMPO",5.44e-177,-0.71,0.665,0.781,1.01e-172,"TMPO"
"L3HYPDH",6.16e-177,1.517,0.283,0.114,1.15e-172,"L3HYPDH"
"ABLIM1",7.36e-177,1.344,0.255,0.091,1.37e-172,"ABLIM1"
"ANTKMT",7.71e-177,1.172,0.393,0.2,1.43e-172,"ANTKMT"
"HSD17B12",1.23e-176,0.995,0.578,0.404,2.29e-172,"HSD17B12"
"B4GAT1",1.44e-176,1.377,0.304,0.128,2.68e-172,"B4GAT1"
"IQCK",2.22e-176,1.079,0.41,0.212,4.14e-172,"IQCK"
"TRMT112",2.43e-176,0.686,0.792,0.695,4.52e-172,"TRMT112"
"HEY1",2.46e-176,1.412,0.316,0.139,4.58e-172,"HEY1"
"B3GLCT",4.03e-176,1.258,0.374,0.188,7.51e-172,"B3GLCT"
"SMAD1",5.27e-176,0.928,0.653,0.494,9.81e-172,"SMAD1"
"CFAP36",9.65e-176,0.858,0.618,0.436,1.8e-171,"CFAP36"
"SLIT1",9.99e-176,-1.077,0.105,0.274,1.86e-171,"SLIT1"
"PUF60",1.5e-175,0.792,0.707,0.579,2.78e-171,"PUF60"
"PIK3C2A",1.91e-175,0.697,0.762,0.64,3.56e-171,"PIK3C2A"
"ASXL3",2.06e-175,-0.56,0.497,0.708,3.83e-171,"ASXL3"
"CHPT1",2.31e-175,1.046,0.574,0.4,4.3e-171,"CHPT1"
"TUBB",2.39e-175,-0.338,0.985,0.993,4.45e-171,"TUBB"
"ADHFE1",6.59e-175,2.607,0.144,0.027,1.23e-170,"ADHFE1"
"TP53I3",7.51e-175,1.217,0.391,0.203,1.4e-170,"TP53I3"
"ZFP36",8.69e-175,3.633,0.13,0.02,1.62e-170,"ZFP36"
"IL13RA1",9.73e-175,4.079,0.1,0.006,1.81e-170,"IL13RA1"
"KIF1B",1.62e-174,0.484,0.978,0.974,3.01e-170,"KIF1B"
"CREM",3.24e-174,0.889,0.551,0.353,6.04e-170,"CREM"
"LRRC3B",4.3e-174,2.315,0.362,0.197,8e-170,"LRRC3B"
"FHIT",5.38e-174,1.88,0.215,0.069,1e-169,"FHIT"
"QDPR",6.61e-174,1.05,0.491,0.3,1.23e-169,"QDPR"
"ARMC9",6.62e-174,1.011,0.448,0.25,1.23e-169,"ARMC9"
"MRPL36",7.29e-174,1.011,0.511,0.32,1.36e-169,"MRPL36"
"PREX2",8.01e-174,3.235,0.147,0.029,1.49e-169,"PREX2"
"KIF18B",8.82e-174,-1.537,0.12,0.288,1.64e-169,"KIF18B"
"EPDR1",1.23e-173,1.496,0.271,0.107,2.28e-169,"EPDR1"
"RAB5A",1.35e-173,0.783,0.693,0.56,2.52e-169,"RAB5A"
"CADM4",1.53e-173,0.898,0.608,0.419,2.84e-169,"CADM4"
"DNALI1",1.71e-173,1.459,0.287,0.119,3.18e-169,"DNALI1"
"CD164",1.96e-173,1.019,0.528,0.348,3.65e-169,"CD164"
"UBE2C",2.35e-173,-1.54,0.156,0.334,4.38e-169,"UBE2C"
"NELL2",2.37e-173,-2.224,0.051,0.188,4.42e-169,"NELL2"
"NT5C",2.55e-173,1.218,0.38,0.193,4.75e-169,"NT5C"
"DNAJA2",3.04e-173,0.778,0.679,0.533,5.67e-169,"DNAJA2"
"SLITRK2",3.12e-173,1.65,0.26,0.098,5.8e-169,"SLITRK2"
"PRR7",3.22e-173,1.334,0.252,0.09,6e-169,"PRR7"
"OXLD1",3.37e-173,1.491,0.231,0.077,6.27e-169,"OXLD1"
"GOLGA7",3.51e-173,0.817,0.702,0.539,6.53e-169,"GOLGA7"
"CCT6A",3.55e-173,0.61,0.855,0.805,6.6e-169,"CCT6A"
"PGBD5",4.03e-173,-1.285,0.134,0.314,7.5e-169,"PGBD5"
"SORBS1",5.56e-173,1.237,0.714,0.635,1.03e-168,"SORBS1"
"ALCAM",6.33e-173,1.334,0.172,0.042,1.18e-168,"ALCAM"
"KCNJ8",1.56e-172,3.262,0.117,0.014,2.9e-168,"KCNJ8"
"FNBP1L",2.66e-172,-0.431,0.97,0.985,4.95e-168,"FNBP1L"
"ZDHHC2",2.92e-172,1.041,0.457,0.259,5.44e-168,"ZDHHC2"
"MPG",4.92e-172,0.973,0.503,0.309,9.15e-168,"MPG"
"SPECC1",4.96e-172,0.825,0.81,0.723,9.23e-168,"SPECC1"
"DESI1",5.86e-172,1.181,0.358,0.173,1.09e-167,"DESI1"
"PTAR1",6.9e-172,0.871,0.667,0.511,1.29e-167,"PTAR1"
"PRXL2C",9.87e-172,1.822,0.209,0.066,1.84e-167,"PRXL2C"
"ECHS1",1.08e-171,0.951,0.576,0.407,2.01e-167,"ECHS1"
"IVD",1.2e-171,1.107,0.443,0.255,2.23e-167,"IVD"
"RPN2",1.21e-171,0.59,0.724,0.602,2.25e-167,"RPN2"
"NDUFS3",1.47e-171,0.828,0.634,0.467,2.73e-167,"NDUFS3"
"GIPC1",2.05e-171,1.009,0.511,0.323,3.82e-167,"GIPC1"
"TPM3",2.21e-171,0.722,0.749,0.665,4.11e-167,"TPM3"
"GTF2A2",2.6e-171,0.575,0.852,0.797,4.84e-167,"GTF2A2"
"NDUFA2",5.89e-171,0.812,0.675,0.523,1.1e-166,"NDUFA2"
"RRM2",6.61e-171,-1.232,0.149,0.326,1.23e-166,"RRM2"
"TSPO",8.15e-171,0.894,0.628,0.463,1.52e-166,"TSPO"
"TGFB1I1",1.1e-170,1.641,0.25,0.094,2.05e-166,"TGFB1I1"
"SP9",1.4e-170,-0.41,0.382,0.643,2.6e-166,"SP9"
"NDN",1.57e-170,0.863,0.699,0.533,2.91e-166,"NDN"
"SLC16A9",1.8e-170,1.501,0.308,0.135,3.35e-166,"SLC16A9"
"EFCAB6",2.18e-170,1.599,0.196,0.057,4.07e-166,"EFCAB6"
"SLCO5A1",2.41e-170,-0.677,0.303,0.508,4.48e-166,"SLCO5A1"
"FAM227A",2.89e-170,1.564,0.23,0.079,5.39e-166,"FAM227A"
"VPS41",3.15e-170,0.749,0.699,0.55,5.87e-166,"VPS41"
"PTPRA",3.6e-170,0.569,0.872,0.831,6.71e-166,"PTPRA"
"FKBP3",7.41e-170,0.613,0.839,0.775,1.38e-165,"FKBP3"
"CCDC25",1.23e-169,1.005,0.474,0.279,2.29e-165,"CCDC25"
"KLHL4",4.43e-169,0.931,0.562,0.363,8.25e-165,"KLHL4"
"SLC39A1",4.84e-169,1.217,0.364,0.182,9.01e-165,"SLC39A1"
"EIF2S2",6.26e-169,0.752,0.762,0.668,1.16e-164,"EIF2S2"
"IGF2BP2",7.61e-169,1.067,0.553,0.359,1.42e-164,"IGF2BP2"
"CRIM1",9.16e-169,1.182,0.265,0.101,1.71e-164,"CRIM1"
"PARVA",1.38e-168,1.433,0.216,0.07,2.57e-164,"PARVA"
"EAF2",1.5e-168,2.043,0.18,0.049,2.78e-164,"EAF2"
"CNP",1.89e-168,1.178,0.396,0.21,3.52e-164,"CNP"
"PAQR8",8.79e-168,2.481,0.19,0.056,1.64e-163,"PAQR8"
"UQCRFS1",9.57e-168,0.698,0.744,0.633,1.78e-163,"UQCRFS1"
"HSD17B4",1.01e-167,0.852,0.596,0.42,1.88e-163,"HSD17B4"
"TMEM131L",1.12e-167,-0.369,0.721,0.863,2.09e-163,"TMEM131L"
"THYN1",1.73e-167,0.837,0.636,0.473,3.21e-163,"THYN1"
"CPNE4",1.93e-167,2.801,0.196,0.061,3.59e-163,"CPNE4"
"CBX5",2.08e-167,0.517,0.912,0.872,3.88e-163,"CBX5"
"ABHD4",2.28e-167,2.232,0.159,0.037,4.24e-163,"ABHD4"
"CEP170",2.88e-167,-0.335,0.952,0.983,5.35e-163,"CEP170"
"SELENON",2.96e-167,1.276,0.335,0.16,5.51e-163,"SELENON"
"DYNC2LI1",3.31e-167,1.036,0.442,0.246,6.17e-163,"DYNC2LI1"
"CAMK1",3.61e-167,1.388,0.303,0.133,6.73e-163,"CAMK1"
"TAF10",4.33e-167,0.921,0.571,0.399,8.05e-163,"TAF10"
"HLA-B",4.87e-167,2.329,0.214,0.073,9.06e-163,"HLA-B"
"DMAC1",6.27e-167,1.067,0.423,0.235,1.17e-162,"DMAC1"
"NCBP2",7.79e-167,0.723,0.698,0.559,1.45e-162,"NCBP2"
"TRIB2",8.4e-167,1.094,0.388,0.202,1.56e-162,"TRIB2"
"DDOST",8.91e-167,0.8,0.669,0.532,1.66e-162,"DDOST"
"TMEM117",9.12e-167,1.095,0.346,0.162,1.7e-162,"TMEM117"
"CDK4",1.02e-166,0.795,0.66,0.504,1.9e-162,"CDK4"
"IRF9",1.14e-166,1.501,0.253,0.096,2.12e-162,"IRF9"
"DCTD",1.14e-166,1.345,0.28,0.115,2.12e-162,"DCTD"
"HEXB",1.21e-166,1.334,0.283,0.117,2.25e-162,"HEXB"
"RASL10B",1.22e-166,2.838,0.122,0.018,2.27e-162,"RASL10B"
"AK6",1.22e-166,1.012,0.478,0.29,2.27e-162,"AK6"
"ABAT",1.76e-166,0.819,0.7,0.539,3.27e-162,"ABAT"
"UNC79",3.1e-166,-0.871,0.343,0.532,5.77e-162,"UNC79"
"ZNF423",4.06e-166,1.424,0.294,0.126,7.56e-162,"ZNF423"
"DNM1",5.15e-166,1.207,0.394,0.212,9.59e-162,"DNM1"
"DDX24",5.43e-166,0.552,0.86,0.788,1.01e-161,"DDX24"
"RPL10",6.51e-166,0.39,0.994,0.995,1.21e-161,"RPL10"
"FBLN1",7.05e-166,-0.969,0.236,0.424,1.31e-161,"FBLN1"
"MCRIP2",8.53e-166,1.467,0.227,0.077,1.59e-161,"MCRIP2"
"NDUFB6",1.07e-165,0.776,0.694,0.558,1.99e-161,"NDUFB6"
"SIAE",1.22e-165,1.938,0.175,0.046,2.27e-161,"SIAE"
"CDH11",1.32e-165,1.241,0.316,0.144,2.45e-161,"CDH11"
"EFEMP2",1.8e-165,1.992,0.199,0.062,3.35e-161,"EFEMP2"
"PCBP3",2.11e-165,-1.706,0.069,0.212,3.93e-161,"PCBP3"
"ERF",2.44e-165,2.171,0.172,0.046,4.55e-161,"ERF"
"RNH1",3.89e-165,0.931,0.577,0.411,7.24e-161,"RNH1"
"EIF5A",4.8e-165,0.825,0.712,0.615,8.94e-161,"EIF5A"
"NCKAP1",6.7e-165,0.608,0.82,0.75,1.25e-160,"NCKAP1"
"NOVA1",1.38e-164,1.13,0.815,0.753,2.57e-160,"NOVA1"
"CACNG2",1.78e-164,-1.574,0.049,0.183,3.31e-160,"CACNG2"
"ERC2",2.32e-164,-1.496,0.147,0.315,4.31e-160,"ERC2"
"SHLD2",2.65e-164,1.047,0.418,0.227,4.93e-160,"SHLD2"
"SYAP1",2.92e-164,0.719,0.707,0.583,5.44e-160,"SYAP1"
"DNAJC3",3.57e-164,0.932,0.515,0.33,6.65e-160,"DNAJC3"
"CRELD2",4.41e-164,1.226,0.352,0.174,8.2e-160,"CRELD2"
"PTPRO",6.77e-164,-0.695,0.381,0.593,1.26e-159,"PTPRO"
"SCAND1",7.82e-164,0.701,0.711,0.578,1.45e-159,"SCAND1"
"NR2E1",1.11e-163,1.584,0.27,0.112,2.07e-159,"NR2E1"
"TMEM9",1.42e-163,1.026,0.457,0.267,2.64e-159,"TMEM9"
"RABGGTB",1.91e-163,1.027,0.469,0.278,3.55e-159,"RABGGTB"
"ACOT13",3.85e-163,1.054,0.429,0.237,7.16e-159,"ACOT13"
"RCAN1",4.06e-163,1.528,0.432,0.252,7.55e-159,"RCAN1"
"CEP128",4.1e-163,-1.006,0.33,0.511,7.63e-159,"CEP128"
"RTKN2",4.48e-163,-1.441,0.17,0.336,8.33e-159,"RTKN2"
"MZT2B",5.98e-163,0.611,0.829,0.759,1.11e-158,"MZT2B"
"COPB2",6.05e-163,0.7,0.728,0.601,1.13e-158,"COPB2"
"DNAJC19",6.77e-163,0.852,0.594,0.418,1.26e-158,"DNAJC19"
"GYG1",9.27e-163,1.684,0.198,0.061,1.73e-158,"GYG1"
"KCND3",1.31e-162,1.286,0.49,0.308,2.43e-158,"KCND3"
"LMNB1",1.45e-162,-0.799,0.455,0.626,2.7e-158,"LMNB1"
"LGR4",1.62e-162,1.172,0.301,0.13,3.01e-158,"LGR4"
"PSMA1",2.3e-162,0.637,0.779,0.685,4.28e-158,"PSMA1"
"MKI67",2.32e-162,-1.253,0.159,0.332,4.31e-158,"MKI67"
"CERS1",2.32e-162,1.297,0.275,0.111,4.33e-158,"CERS1"
"SLC8A1",2.53e-162,-1.175,0.403,0.59,4.71e-158,"SLC8A1"
"SMIM29",2.62e-162,1.228,0.339,0.162,4.88e-158,"SMIM29"
"HDDC2",3.33e-162,0.931,0.567,0.379,6.2e-158,"HDDC2"
"PRXL2A",3.53e-162,1.148,0.539,0.383,6.57e-158,"PRXL2A"
"HSD17B10",3.7e-162,0.879,0.589,0.417,6.88e-158,"HSD17B10"
"C14orf119",4.02e-162,1.038,0.438,0.25,7.49e-158,"C14orf119"
"PSMC5",6.38e-162,0.86,0.598,0.424,1.19e-157,"PSMC5"
"PRR16",6.39e-162,3.387,0.096,0.007,1.19e-157,"PRR16"
"PGD",8.06e-162,0.938,0.606,0.465,1.5e-157,"PGD"
"C7orf50",8.49e-162,0.827,0.648,0.507,1.58e-157,"C7orf50"
"NTPCR",1.08e-161,1.044,0.425,0.237,2.01e-157,"NTPCR"
"TLE4",1.25e-161,0.526,0.279,0.114,2.32e-157,"TLE4"
"PSMA5",1.35e-161,0.847,0.639,0.5,2.52e-157,"PSMA5"
"N4BP2L2",1.69e-161,0.502,0.923,0.882,3.15e-157,"N4BP2L2"
"AKAP13",1.83e-161,0.788,0.666,0.52,3.4e-157,"AKAP13"
"KLHL35",2.07e-161,-0.98,0.115,0.285,3.86e-157,"KLHL35"
"NBDY",4.89e-161,0.64,0.763,0.636,9.1e-157,"NBDY"
"RNF141",5.63e-161,1.14,0.387,0.205,1.05e-156,"RNF141"
"TAF13",7.59e-161,1.168,0.377,0.198,1.41e-156,"TAF13"
"ADGRB2",9.87e-161,1.479,0.221,0.075,1.84e-156,"ADGRB2"
"RPS13",1.01e-160,0.378,0.991,0.992,1.89e-156,"RPS13"
"RIOX2",1.76e-160,2.397,0.143,0.03,3.28e-156,"RIOX2"
"C20orf27",1.77e-160,1.27,0.317,0.147,3.29e-156,"C20orf27"
"MTCH1",1.99e-160,0.742,0.679,0.547,3.7e-156,"MTCH1"
"GABRB1",6.59e-160,3.235,0.142,0.03,1.23e-155,"GABRB1"
"PRDX4",1.34e-159,0.95,0.536,0.359,2.49e-155,"PRDX4"
"NEO1",2.11e-159,0.808,0.679,0.542,3.93e-155,"NEO1"
"SLC44A3",2.5e-159,2.531,0.13,0.023,4.65e-155,"SLC44A3"
"SUMO1",3.74e-159,0.496,0.911,0.88,6.95e-155,"SUMO1"
"HEG1",5.8e-159,1.185,0.399,0.222,1.08e-154,"HEG1"
"LAGE3",5.88e-159,1.066,0.463,0.281,1.09e-154,"LAGE3"
"PPP1R42",1.12e-158,2.2,0.137,0.027,2.09e-154,"PPP1R42"
"COL11A1",1.15e-158,0.862,0.519,0.326,2.15e-154,"COL11A1"
"GPX8",1.21e-158,1.753,0.208,0.07,2.25e-154,"GPX8"
"CCDC80",1.21e-158,3.471,0.106,0.012,2.26e-154,"CCDC80"
"AFF1",1.25e-158,1.075,0.434,0.25,2.33e-154,"AFF1"
"CDCA2",2.05e-158,-1.646,0.11,0.264,3.81e-154,"CDCA2"
"APP",2.07e-158,0.463,0.942,0.911,3.85e-154,"APP"
"CABCOCO1",2.33e-158,2.823,0.109,0.013,4.34e-154,"CABCOCO1"
"TMEM165",2.69e-158,0.658,0.753,0.651,5.01e-154,"TMEM165"
"CD59",2.7e-158,1.084,0.539,0.376,5.02e-154,"CD59"
"PSRC1",2.84e-158,1.165,0.373,0.193,5.28e-154,"PSRC1"
"S100A16",2.88e-158,4.575,0.094,0.007,5.35e-154,"S100A16"
"PSME1",3.93e-158,0.999,0.491,0.309,7.31e-154,"PSME1"
"HINT2",6.33e-158,1.219,0.328,0.158,1.18e-153,"HINT2"
"MRPL13",1.67e-157,0.895,0.562,0.395,3.12e-153,"MRPL13"
"SLC25A39",1.93e-157,1.155,0.333,0.159,3.58e-153,"SLC25A39"
"CKAP2L",2.21e-157,-1.323,0.113,0.272,4.11e-153,"CKAP2L"
"BUB1B",2.35e-157,-1.397,0.141,0.304,4.38e-153,"BUB1B"
"OSGIN2",2.45e-157,1.421,0.297,0.134,4.56e-153,"OSGIN2"
"CPNE8",4.91e-157,2.18,0.151,0.036,9.13e-153,"CPNE8"
"ERBB2",6.7e-157,1.515,0.232,0.086,1.25e-152,"ERBB2"
"FDPS",9.4e-157,0.955,0.649,0.525,1.75e-152,"FDPS"
"SCPEP1",1.4e-156,1.576,0.192,0.059,2.61e-152,"SCPEP1"
"ORMDL1",1.45e-156,0.67,0.761,0.659,2.71e-152,"ORMDL1"
"CTNND2",1.58e-156,0.523,0.978,0.969,2.94e-152,"CTNND2"
"TNRC6B",1.61e-156,0.468,0.949,0.924,3e-152,"TNRC6B"
"SNTA1",1.9e-156,1.671,0.238,0.092,3.53e-152,"SNTA1"
"CDC42EP1",2.22e-156,3.394,0.106,0.013,4.13e-152,"CDC42EP1"
"SCGN",2.82e-156,-0.844,0.12,0.289,5.25e-152,"SCGN"
"NOG",2.84e-156,3.465,0.102,0.011,5.29e-152,"NOG"
"PTMS",3.63e-156,0.503,0.989,0.99,6.76e-152,"PTMS"
"DPH6",6.76e-156,0.95,0.403,0.217,1.26e-151,"DPH6"
"MTA3",9.15e-156,0.944,0.527,0.348,1.7e-151,"MTA3"
"AGPAT5",1.02e-155,0.697,0.838,0.734,1.9e-151,"AGPAT5"
"CSGALNACT1",1.09e-155,3.234,0.107,0.013,2.03e-151,"CSGALNACT1"
"LMAN1",1.1e-155,0.883,0.536,0.357,2.05e-151,"LMAN1"
"ZEB2",1.13e-155,-0.463,0.919,0.928,2.1e-151,"ZEB2"
"HSPH1",1.69e-155,0.777,0.586,0.425,3.14e-151,"HSPH1"
"SHISA5",1.8e-155,1.103,0.406,0.224,3.34e-151,"SHISA5"
"OXA1L",1.82e-155,1.218,0.353,0.18,3.39e-151,"OXA1L"
"ZC2HC1A",2.08e-155,-0.502,0.797,0.891,3.87e-151,"ZC2HC1A"
"GULP1",2.42e-155,0.996,0.409,0.223,4.51e-151,"GULP1"
"PPARGC1A",2.51e-155,2.181,0.142,0.031,4.67e-151,"PPARGC1A"
"ULK4",2.69e-155,0.945,0.449,0.259,5e-151,"ULK4"
"ASCC3",2.7e-155,0.868,0.726,0.586,5.02e-151,"ASCC3"
"NR2F1",2.86e-155,0.764,0.857,0.755,5.31e-151,"NR2F1"
"NCAPG",3.07e-155,-1.229,0.171,0.337,5.72e-151,"NCAPG"
"FYN",4.17e-155,0.47,0.97,0.961,7.76e-151,"FYN"
"SATB2",5.31e-155,1.692,0.219,0.078,9.89e-151,"SATB2"
"HIBCH",5.32e-155,0.703,0.753,0.598,9.9e-151,"HIBCH"
"CELSR1",5.53e-155,1.091,0.362,0.184,1.03e-150,"CELSR1"
"SPATA17",6.1e-155,1.798,0.172,0.047,1.13e-150,"SPATA17"
"PPIA",7.11e-155,0.377,0.98,0.976,1.32e-150,"PPIA"
"GRINA",8.6e-155,1.108,0.374,0.197,1.6e-150,"GRINA"
"SELENOF",1.04e-154,0.658,0.727,0.6,1.93e-150,"SELENOF"
"DEPDC1B",1.57e-154,-1.366,0.175,0.339,2.92e-150,"DEPDC1B"
"MRPS12",1.89e-154,1.114,0.369,0.193,3.52e-150,"MRPS12"
"TMEM232",2.27e-154,0.979,0.399,0.212,4.22e-150,"TMEM232"
"PSMA3",2.38e-154,0.609,0.791,0.706,4.43e-150,"PSMA3"
"NAT14",3.7e-154,1.098,0.384,0.205,6.89e-150,"NAT14"
"CEMIP2",3.73e-154,-0.45,0.537,0.721,6.93e-150,"CEMIP2"
"ISCU",7.06e-154,0.897,0.564,0.39,1.31e-149,"ISCU"
"FBXO32",7.73e-154,3.052,0.151,0.037,1.44e-149,"FBXO32"
"SERPINE2",1.16e-153,1.725,0.287,0.131,2.15e-149,"SERPINE2"
"MRPL57",1.28e-153,0.82,0.641,0.505,2.39e-149,"MRPL57"
"LHPP",1.34e-153,1.286,0.29,0.129,2.5e-149,"LHPP"
"SH3GLB1",1.42e-153,0.64,0.755,0.642,2.65e-149,"SH3GLB1"
"NSG1",1.52e-153,-0.994,0.171,0.348,2.83e-149,"NSG1"
"RNASEH2C",2.02e-153,1.064,0.434,0.258,3.77e-149,"RNASEH2C"
"PRUNE2",3.08e-153,1.78,0.21,0.073,5.73e-149,"PRUNE2"
"CPT1A",3.24e-153,2.409,0.13,0.025,6.03e-149,"CPT1A"
"LAMP5",5.64e-153,2.117,0.155,0.038,1.05e-148,"LAMP5"
"LRATD1",6.37e-153,1.925,0.155,0.038,1.19e-148,"LRATD1"
"ZNF106",6.46e-153,0.798,0.658,0.515,1.2e-148,"ZNF106"
"TRAPPC4",9.24e-153,0.779,0.661,0.505,1.72e-148,"TRAPPC4"
"RNF180",9.71e-153,0.686,0.814,0.711,1.81e-148,"RNF180"
"KDELR2",9.97e-153,0.995,0.547,0.392,1.86e-148,"KDELR2"
"LRRC17",1.46e-152,1.525,0.318,0.156,2.72e-148,"LRRC17"
"GRAMD2B",1.5e-152,4.234,0.091,0.007,2.78e-148,"GRAMD2B"
"ELOVL1",2.18e-152,2.046,0.177,0.053,4.06e-148,"ELOVL1"
"NDP",2.42e-152,1.803,0.172,0.048,4.51e-148,"NDP"
"NLGN1",2.7e-152,0.957,0.659,0.544,5.03e-148,"NLGN1"
"SLC6A8",3.55e-152,1.374,0.297,0.135,6.6e-148,"SLC6A8"
"ALDH5A1",4.25e-152,1.203,0.274,0.115,7.91e-148,"ALDH5A1"
"LDB2",4.37e-152,1.109,0.398,0.219,8.13e-148,"LDB2"
"IGF1R",6.34e-152,-0.378,0.751,0.89,1.18e-147,"IGF1R"
"SEC61A1",7.28e-152,0.971,0.472,0.291,1.35e-147,"SEC61A1"
"RORA",7.8e-152,0.478,0.641,0.439,1.45e-147,"RORA"
"LHFPL2",1.16e-151,1.671,0.243,0.097,2.16e-147,"LHFPL2"
"MARCKS",1.27e-151,0.387,0.992,0.995,2.36e-147,"MARCKS"
"PLPBP",1.36e-151,1.139,0.376,0.201,2.54e-147,"PLPBP"
"ANKRD9",1.64e-151,1.686,0.241,0.096,3.05e-147,"ANKRD9"
"TTYH3",1.64e-151,0.885,0.604,0.459,3.05e-147,"TTYH3"
"TXNL4A",1.8e-151,0.641,0.763,0.665,3.34e-147,"TXNL4A"
"GNPTG",1.87e-151,1.01,0.412,0.231,3.48e-147,"GNPTG"
"COL22A1",2.08e-151,2.641,0.13,0.026,3.87e-147,"COL22A1"
"SSX2IP",2.19e-151,1.193,0.346,0.177,4.08e-147,"SSX2IP"
"ACSL3",2.2e-151,1.224,0.752,0.699,4.09e-147,"ACSL3"
"COX5A",2.5e-151,0.565,0.83,0.754,4.65e-147,"COX5A"
"SMIM15",4.71e-151,0.888,0.52,0.34,8.77e-147,"SMIM15"
"NDC80",5.13e-151,-1.235,0.144,0.305,9.55e-147,"NDC80"
"PSMD7",5.24e-151,0.724,0.685,0.561,9.76e-147,"PSMD7"
"BMPR1A",5.39e-151,0.649,0.849,0.784,1e-146,"BMPR1A"
"PTGES2",5.99e-151,1.065,0.351,0.175,1.11e-146,"PTGES2"
"FUCA2",6.23e-151,1.283,0.305,0.144,1.16e-146,"FUCA2"
"H3C2",9.01e-151,-1.369,0.086,0.23,1.68e-146,"H3C2"
"G6PC3",1.23e-150,1.156,0.318,0.15,2.28e-146,"G6PC3"
"MYO1E",1.33e-150,1.019,0.445,0.265,2.47e-146,"MYO1E"
"SMIM11",1.64e-150,0.977,0.414,0.23,3.04e-146,"SMIM11"
"CMTM3",2.21e-150,1.367,0.292,0.134,4.12e-146,"CMTM3"
"INPP4B",3.88e-150,1.447,0.209,0.072,7.21e-146,"INPP4B"
"TLK1",4.16e-150,0.639,0.8,0.697,7.73e-146,"TLK1"
"H1-5",4.72e-150,-1.047,0.11,0.263,8.79e-146,"H1-5"
"PDHB",6.65e-150,0.904,0.495,0.313,1.24e-145,"PDHB"
"NDUFB8",7.09e-150,0.644,0.791,0.687,1.32e-145,"NDUFB8"
"KIF15",7.49e-150,-1.265,0.174,0.335,1.39e-145,"KIF15"
"GAMT",7.51e-150,1.097,0.401,0.225,1.4e-145,"GAMT"
"IFT20",7.59e-150,0.953,0.447,0.259,1.41e-145,"IFT20"
"POLR3GL",1.27e-149,0.838,0.535,0.349,2.37e-145,"POLR3GL"
"CHPF",1.33e-149,1.616,0.182,0.055,2.47e-145,"CHPF"
"KLHL5",1.62e-149,0.688,0.602,0.428,3.02e-145,"KLHL5"
"PHACTR1",1.81e-149,-0.627,0.662,0.795,3.37e-145,"PHACTR1"
"CPEB2",2.43e-149,1.057,0.404,0.223,4.51e-145,"CPEB2"
"CELF4",2.49e-149,-1.123,0.18,0.351,4.64e-145,"CELF4"
"WIPI1",2.54e-149,1.716,0.153,0.038,4.72e-145,"WIPI1"
"ACBD5",3.06e-149,0.802,0.64,0.487,5.69e-145,"ACBD5"
"EFHC1",3.78e-149,0.937,0.465,0.282,7.04e-145,"EFHC1"
"ZFTRAF1",3.99e-149,1.047,0.415,0.235,7.43e-145,"ZFTRAF1"
"SAMD8",4.14e-149,0.773,0.631,0.467,7.7e-145,"SAMD8"
"FMC1",4.4e-149,0.853,0.559,0.386,8.19e-145,"FMC1"
"GM2A",4.54e-149,2.508,0.12,0.021,8.46e-145,"GM2A"
"POLQ",5.79e-149,-1.123,0.154,0.321,1.08e-144,"POLQ"
"PGM2L1",6.18e-149,-0.576,0.431,0.621,1.15e-144,"PGM2L1"
"CLDND1",6.37e-149,0.849,0.608,0.45,1.19e-144,"CLDND1"
"GSTM3",6.85e-149,0.96,0.53,0.362,1.28e-144,"GSTM3"
"NCL",9.2e-149,0.495,0.949,0.943,1.71e-144,"NCL"
"VWA3B",1.18e-148,2.066,0.128,0.025,2.2e-144,"VWA3B"
"EIF4G1",1.3e-148,0.973,0.508,0.342,2.42e-144,"EIF4G1"
"CPT2",1.35e-148,1.505,0.226,0.084,2.52e-144,"CPT2"
"NOTCH3",1.35e-148,1.548,0.222,0.083,2.52e-144,"NOTCH3"
"IFI6",1.75e-148,1.923,0.208,0.075,3.25e-144,"IFI6"
"PDZD11",2e-148,0.994,0.469,0.289,3.73e-144,"PDZD11"
"CDC14B",2.34e-148,0.822,0.578,0.393,4.35e-144,"CDC14B"
"SRRM3",2.45e-148,-0.764,0.168,0.355,4.55e-144,"SRRM3"
"QPRT",3.06e-148,1.465,0.29,0.135,5.7e-144,"QPRT"
"PDIA4",4.8e-148,1.107,0.454,0.29,8.94e-144,"PDIA4"
"ANAPC11",1.17e-147,0.504,0.881,0.814,2.19e-143,"ANAPC11"
"PIFO",2.04e-147,3.941,0.085,0.005,3.8e-143,"PIFO"
"ESD",2.11e-147,0.682,0.732,0.624,3.94e-143,"ESD"
"CCDC47",2.23e-147,0.783,0.621,0.477,4.15e-143,"CCDC47"
"GSTK1",3.41e-147,1.257,0.272,0.117,6.36e-143,"GSTK1"
"PSMD10",3.82e-147,0.786,0.649,0.509,7.11e-143,"PSMD10"
"TIMP2",3.87e-147,0.857,0.662,0.54,7.21e-143,"TIMP2"
"MXD3",4.54e-147,-1.408,0.121,0.273,8.45e-143,"MXD3"
"MAMDC2",8.12e-147,1.474,0.221,0.082,1.51e-142,"MAMDC2"
"CDC25C",1.03e-146,-1.566,0.113,0.26,1.92e-142,"CDC25C"
"BLOC1S2",1.15e-146,0.811,0.575,0.403,2.14e-142,"BLOC1S2"
"CMTM6",1.55e-146,0.873,0.564,0.397,2.88e-142,"CMTM6"
"BEND6",1.61e-146,1.48,0.166,0.046,2.99e-142,"BEND6"
"RYR3",1.8e-146,2.501,0.25,0.107,3.34e-142,"RYR3"
"TCP10L",2.96e-146,1.457,0.217,0.079,5.51e-142,"TCP10L"
"SLC44A1",3.18e-146,1.115,0.903,0.791,5.92e-142,"SLC44A1"
"PDE8A",3.27e-146,1.066,0.559,0.39,6.08e-142,"PDE8A"
"SDHD",3.32e-146,0.891,0.482,0.299,6.18e-142,"SDHD"
"SFRP4",3.54e-146,2.049,0.173,0.051,6.59e-142,"SFRP4"
"VDAC2",3.69e-146,0.509,0.884,0.851,6.88e-142,"VDAC2"
"HDLBP",4.39e-146,0.689,0.697,0.584,8.18e-142,"HDLBP"
"HNRNPF",4.81e-146,0.628,0.798,0.718,8.95e-142,"HNRNPF"
"CD2BP2",5.04e-146,1.052,0.41,0.234,9.38e-142,"CD2BP2"
"MTMR7",5.29e-146,-0.956,0.171,0.342,9.85e-142,"MTMR7"
"PRKX",5.42e-146,-0.39,0.595,0.778,1.01e-141,"PRKX"
"GNG2",5.95e-146,-0.619,0.611,0.745,1.11e-141,"GNG2"
"CXCL16",6.19e-146,3.171,0.095,0.01,1.15e-141,"CXCL16"
"PAK5",6.65e-146,-0.597,0.27,0.473,1.24e-141,"PAK5"
"WSCD1",1.01e-145,1.585,0.303,0.149,1.87e-141,"WSCD1"
"HNF4G",1.57e-145,1.821,0.146,0.035,2.93e-141,"HNF4G"
"INTU",1.93e-145,0.922,0.566,0.396,3.6e-141,"INTU"
"CD82",3.59e-145,2.704,0.114,0.019,6.68e-141,"CD82"
"ROM1",3.78e-145,2.828,0.097,0.011,7.03e-141,"ROM1"
"SWI5",4.75e-145,0.955,0.397,0.22,8.84e-141,"SWI5"
"ATP6V1C1",5.48e-145,0.803,0.499,0.313,1.02e-140,"ATP6V1C1"
"MAPK8",7.53e-145,-0.345,0.881,0.944,1.4e-140,"MAPK8"
"UBE2H",8.55e-145,0.561,0.925,0.869,1.59e-140,"UBE2H"
"MT1F",8.59e-145,2.115,0.151,0.039,1.6e-140,"MT1F"
"TRPM3",9.78e-145,3.172,0.125,0.024,1.82e-140,"TRPM3"
"LACTB2",1.46e-144,1.745,0.177,0.055,2.72e-140,"LACTB2"
"ARHGAP28",1.47e-144,-1.377,0.128,0.285,2.73e-140,"ARHGAP28"
"IFITM2",1.63e-144,3.168,0.104,0.014,3.04e-140,"IFITM2"
"DPM3",1.94e-144,1.019,0.416,0.241,3.61e-140,"DPM3"
"EIF3J",2.04e-144,0.775,0.664,0.542,3.8e-140,"EIF3J"
"SRPX",2.29e-144,3.044,0.097,0.011,4.26e-140,"SRPX"
"PTPRK",2.55e-144,1.119,0.558,0.373,4.74e-140,"PTPRK"
"RAI14",2.6e-144,1.39,0.426,0.258,4.85e-140,"RAI14"
"CHCHD5",2.61e-144,1.212,0.316,0.155,4.86e-140,"CHCHD5"
"TIMP4",3.46e-144,6.877,0.072,0.001,6.44e-140,"TIMP4"
"EIF3F",3.99e-144,0.514,0.895,0.861,7.42e-140,"EIF3F"
"PNKD",4.6e-144,0.81,0.582,0.418,8.56e-140,"PNKD"
"DHX32",5.22e-144,0.858,0.462,0.277,9.72e-140,"DHX32"
"DSCAML1",5.4e-144,-0.495,0.396,0.611,1e-139,"DSCAML1"
"ASPM",7.66e-144,-1.582,0.168,0.326,1.43e-139,"ASPM"
"ATP6V1D",8.2e-144,0.627,0.776,0.675,1.53e-139,"ATP6V1D"
"SYNPR",1.1e-143,-2.674,0.035,0.145,2.04e-139,"SYNPR"
"NSMF",1.3e-143,1.392,0.242,0.098,2.42e-139,"NSMF"
"EEF2KMT",1.81e-143,2.137,0.141,0.034,3.38e-139,"EEF2KMT"
"ATP10D",2.06e-143,1.237,0.289,0.132,3.84e-139,"ATP10D"
"P3H2",2.12e-143,3.812,0.088,0.007,3.95e-139,"P3H2"
"P4HTM",2.41e-143,1.209,0.298,0.139,4.48e-139,"P4HTM"
"KNDC1",3.07e-143,1.979,0.153,0.04,5.72e-139,"KNDC1"
"MRPL50",4.09e-143,0.972,0.443,0.268,7.61e-139,"MRPL50"
"USP45",4.1e-143,1.187,0.335,0.171,7.64e-139,"USP45"
"LRRC4C",4.48e-143,1.725,0.155,0.042,8.34e-139,"LRRC4C"
"CCN1",5.33e-143,2.496,0.159,0.045,9.92e-139,"CCN1"
"SLC4A10",6.66e-143,0.846,0.224,0.083,1.24e-138,"SLC4A10"
"PITPNA",9.83e-143,0.853,0.514,0.338,1.83e-138,"PITPNA"
"JAGN1",1.04e-142,1.026,0.378,0.205,1.94e-138,"JAGN1"
"PDE4D",1.26e-142,-0.752,0.569,0.737,2.34e-138,"PDE4D"
"FCGRT",1.3e-142,2.097,0.143,0.035,2.42e-138,"FCGRT"
"CISD1",1.51e-142,0.81,0.583,0.417,2.81e-138,"CISD1"
"CCDC28B",1.54e-142,0.722,0.637,0.46,2.87e-138,"CCDC28B"
"MAGED1",1.6e-142,0.597,0.784,0.677,2.97e-138,"MAGED1"
"DTX4",1.73e-142,1.682,0.199,0.069,3.21e-138,"DTX4"
"NEDD4L",2.14e-142,-0.19,0.947,0.993,3.97e-138,"NEDD4L"
"CD9",2.81e-142,1.093,0.362,0.198,5.23e-138,"CD9"
"PLD5",2.81e-142,1.183,0.243,0.097,5.23e-138,"PLD5"
"PDAP1",3.08e-142,0.662,0.726,0.627,5.73e-138,"PDAP1"
"ERLEC1",5.74e-142,0.782,0.596,0.437,1.07e-137,"ERLEC1"
"PAWR",7.63e-142,0.951,0.426,0.25,1.42e-137,"PAWR"
"ZHX3",1.27e-141,0.878,0.626,0.481,2.37e-137,"ZHX3"
"PXDC1",1.74e-141,1.301,0.264,0.113,3.24e-137,"PXDC1"
"IMPDH2",2.08e-141,0.933,0.535,0.372,3.88e-137,"IMPDH2"
"ARL2",2.22e-141,1.081,0.416,0.249,4.14e-137,"ARL2"
"CDH10",2.39e-141,1.068,0.264,0.113,4.45e-137,"CDH10"
"EHD2",2.53e-141,2.473,0.108,0.017,4.7e-137,"EHD2"
"CPEB4",2.89e-141,0.738,0.728,0.608,5.38e-137,"CPEB4"
"AR",3.18e-141,0.896,0.468,0.285,5.91e-137,"AR"
"PDCD10",3.97e-141,0.769,0.617,0.455,7.39e-137,"PDCD10"
"CFI",4.02e-141,3.726,0.09,0.009,7.48e-137,"CFI"
"SPCS3",4.57e-141,0.873,0.546,0.382,8.5e-137,"SPCS3"
"TTC12",5.09e-141,1.978,0.143,0.036,9.46e-137,"TTC12"
"PIERCE1",5.5e-141,2.276,0.12,0.023,1.02e-136,"PIERCE1"
"ILK",1e-140,0.994,0.499,0.332,1.86e-136,"ILK"
"ADGRB3",1.15e-140,0.565,0.967,0.933,2.15e-136,"ADGRB3"
"ARL6IP4",1.35e-140,0.73,0.665,0.531,2.51e-136,"ARL6IP4"
"TMEM208",1.43e-140,0.941,0.426,0.248,2.66e-136,"TMEM208"
"H1-10",1.44e-140,-0.495,0.821,0.891,2.67e-136,"H1-10"
"SLC39A7",1.82e-140,0.953,0.448,0.274,3.38e-136,"SLC39A7"
"MAP3K14",2.13e-140,1.298,0.337,0.175,3.97e-136,"MAP3K14"
"PURA",2.18e-140,0.894,0.457,0.279,4.07e-136,"PURA"
"ZDHHC4",2.2e-140,1.107,0.348,0.181,4.09e-136,"ZDHHC4"
"ARF4",2.51e-140,0.61,0.828,0.77,4.67e-136,"ARF4"
"EIF3I",2.81e-140,0.724,0.671,0.552,5.23e-136,"EIF3I"
"METTL5",2.84e-140,0.858,0.517,0.343,5.29e-136,"METTL5"
"NCOA4",5.62e-140,0.859,0.503,0.323,1.05e-135,"NCOA4"
"PRAF2",7.14e-140,1.156,0.311,0.15,1.33e-135,"PRAF2"
"MERTK",7.76e-140,1.729,0.187,0.063,1.44e-135,"MERTK"
"RSRP1",9.62e-140,0.819,0.593,0.443,1.79e-135,"RSRP1"
"PSMD2",1.1e-139,0.66,0.736,0.639,2.04e-135,"PSMD2"
"APEX1",1.13e-139,0.542,0.863,0.812,2.1e-135,"APEX1"
"ROCK2",1.15e-139,0.707,0.868,0.853,2.14e-135,"ROCK2"
"RPP25L",1.19e-139,1.503,0.204,0.073,2.22e-135,"RPP25L"
"DUSP14",1.69e-139,1.206,0.308,0.15,3.15e-135,"DUSP14"
"LTBP3",1.72e-139,1.159,0.346,0.183,3.19e-135,"LTBP3"
"CCDC113",1.72e-139,1.499,0.169,0.051,3.21e-135,"CCDC113"
"WASF2",1.76e-139,0.716,0.675,0.545,3.28e-135,"WASF2"
"ISOC2",1.78e-139,1.276,0.258,0.111,3.31e-135,"ISOC2"
"BPNT2",1.85e-139,0.877,0.531,0.364,3.44e-135,"BPNT2"
"C6orf226",1.98e-139,1.147,0.299,0.141,3.68e-135,"C6orf226"
"MTSS2",2.1e-139,1.066,0.425,0.252,3.91e-135,"MTSS2"
"ATXN2",2.79e-139,0.544,0.882,0.838,5.2e-135,"ATXN2"
"B3GAT1",2.98e-139,1.247,0.276,0.124,5.55e-135,"B3GAT1"
"TP53",3.33e-139,1.048,0.395,0.225,6.2e-135,"TP53"
"ALG13",3.82e-139,0.743,0.624,0.467,7.11e-135,"ALG13"
"RNF24",4.16e-139,-0.422,0.747,0.854,7.74e-135,"RNF24"
"NLGN3",6.31e-139,1.171,0.265,0.115,1.17e-134,"NLGN3"
"ABHD14A",6.44e-139,1.321,0.235,0.094,1.2e-134,"ABHD14A"
"VKORC1",8.29e-139,0.835,0.527,0.358,1.54e-134,"VKORC1"
"CBY1",9.32e-139,0.873,0.48,0.301,1.74e-134,"CBY1"
"NHP2",1.14e-138,0.73,0.66,0.529,2.12e-134,"NHP2"
"RAB13",1.25e-138,1.213,0.458,0.303,2.32e-134,"RAB13"
"DBNDD2",1.37e-138,1.144,0.376,0.212,2.55e-134,"DBNDD2"
"ISCA2",1.42e-138,0.95,0.463,0.288,2.65e-134,"ISCA2"
"ARMH1",1.63e-138,1.514,0.186,0.062,3.03e-134,"ARMH1"
"WIPI2",1.7e-138,0.761,0.609,0.454,3.16e-134,"WIPI2"
"THRB",1.9e-138,-2.651,0.029,0.133,3.53e-134,"THRB"
"PRSS23",2.89e-138,2.014,0.165,0.05,5.39e-134,"PRSS23"
"ARSJ",2.93e-138,5.451,0.074,0.003,5.46e-134,"ARSJ"
"SIX3",4.69e-138,-0.44,0.31,0.144,8.72e-134,"SIX3"
"HSPA9",5.45e-138,0.718,0.685,0.58,1.02e-133,"HSPA9"
"SYNM",5.62e-138,2.049,0.188,0.065,1.05e-133,"SYNM"
"S100A13",6.78e-138,3.191,0.106,0.017,1.26e-133,"S100A13"
"SCAF11",7.24e-138,0.582,0.755,0.632,1.35e-133,"SCAF11"
"TRAM2",7.89e-138,1.538,0.205,0.075,1.47e-133,"TRAM2"
"PARP8",8.39e-138,0.901,0.318,0.156,1.56e-133,"PARP8"
"CSNK1D",9.24e-138,0.913,0.451,0.275,1.72e-133,"CSNK1D"
"FOXO1",1.04e-137,0.938,0.364,0.193,1.93e-133,"FOXO1"
"CRTAP",1.12e-137,1,0.428,0.26,2.09e-133,"CRTAP"
"LRRC9",1.19e-137,1.883,0.14,0.034,2.21e-133,"LRRC9"
"STARD3NL",1.39e-137,0.686,0.687,0.563,2.59e-133,"STARD3NL"
"MAST4",1.41e-137,1.274,0.302,0.147,2.63e-133,"MAST4"
"CAMK2A",1.77e-137,2.576,0.116,0.022,3.3e-133,"CAMK2A"
"EIF5B",1.98e-137,0.674,0.718,0.609,3.68e-133,"EIF5B"
"MRPS36",2.1e-137,0.772,0.605,0.442,3.9e-133,"MRPS36"
"ARL8A",2.93e-137,0.753,0.661,0.525,5.46e-133,"ARL8A"
"NDUFA3",3.01e-137,0.837,0.598,0.434,5.6e-133,"NDUFA3"
"RBM47",3.01e-137,4.283,0.079,0.005,5.61e-133,"RBM47"
"ATP6V0B",4.42e-137,0.628,0.79,0.692,8.23e-133,"ATP6V0B"
"POU2F2",4.62e-137,-0.978,0.122,0.278,8.61e-133,"POU2F2"
"PSMB8",5.46e-137,2.49,0.121,0.025,1.02e-132,"PSMB8"
"SHISA6",6.53e-137,1.625,0.166,0.05,1.22e-132,"SHISA6"
"P4HB",7.84e-137,0.955,0.476,0.312,1.46e-132,"P4HB"
"ADH5",8.29e-137,0.541,0.813,0.744,1.54e-132,"ADH5"
"OSBPL1A",1.22e-136,0.858,0.525,0.349,2.26e-132,"OSBPL1A"
"CYFIP1",1.44e-136,0.707,0.645,0.498,2.68e-132,"CYFIP1"
"ATP6V0D1",2.09e-136,0.847,0.508,0.33,3.9e-132,"ATP6V0D1"
"PDXK",2.11e-136,1.011,0.373,0.205,3.93e-132,"PDXK"
"MACO1",2.43e-136,-0.445,0.62,0.761,4.53e-132,"MACO1"
"COTL1",2.6e-136,1.058,0.351,0.185,4.84e-132,"COTL1"
"PRICKLE2",2.99e-136,0.885,0.27,0.119,5.56e-132,"PRICKLE2"
"PSMA4",3.36e-136,0.565,0.792,0.709,6.25e-132,"PSMA4"
"TARS1",4.36e-136,0.902,0.46,0.292,8.11e-132,"TARS1"
"GPAM",4.45e-136,1.248,0.294,0.141,8.29e-132,"GPAM"
"SPNS1",4.86e-136,1.134,0.29,0.135,9.05e-132,"SPNS1"
"NDUFS2",5.12e-136,0.672,0.699,0.576,9.53e-132,"NDUFS2"
"GPR37L1",6.57e-136,2.617,0.113,0.021,1.22e-131,"GPR37L1"
"KAZN",8.49e-136,0.931,0.419,0.249,1.58e-131,"KAZN"
"MLLT3",1.22e-135,-0.576,0.805,0.879,2.26e-131,"MLLT3"
"PCSK5",1.44e-135,1.306,0.229,0.091,2.68e-131,"PCSK5"
"ZSCAN1",1.6e-135,1.291,0.22,0.084,2.98e-131,"ZSCAN1"
"ATP6AP1",1.74e-135,0.933,0.429,0.254,3.23e-131,"ATP6AP1"
"C20orf96",2.11e-135,1.202,0.302,0.147,3.93e-131,"C20orf96"
"UQCC2",2.94e-135,0.81,0.587,0.442,5.48e-131,"UQCC2"
"GRIA3",2.99e-135,1.256,0.752,0.633,5.56e-131,"GRIA3"
"TTYH2",3.29e-135,2.515,0.114,0.021,6.13e-131,"TTYH2"
"STX4",3.8e-135,1.111,0.288,0.134,7.08e-131,"STX4"
"ENY2",4.12e-135,0.539,0.834,0.761,7.66e-131,"ENY2"
"ATP5PD",4.97e-135,0.661,0.717,0.625,9.24e-131,"ATP5PD"
"PLEKHA6",7.38e-135,1.172,0.21,0.077,1.37e-130,"PLEKHA6"
"DDX17",8.7e-135,0.419,0.949,0.937,1.62e-130,"DDX17"
"CACHD1",1.02e-134,1.264,0.322,0.164,1.9e-130,"CACHD1"
"TMEM141",1.31e-134,1.21,0.279,0.129,2.44e-130,"TMEM141"
"PGAM1",1.73e-134,0.572,0.724,0.629,3.22e-130,"PGAM1"
"VCP",1.95e-134,0.613,0.747,0.662,3.62e-130,"VCP"
"PXN",2.04e-134,1.298,0.258,0.115,3.79e-130,"PXN"
"PLP1",2.1e-134,1.801,0.205,0.076,3.91e-130,"PLP1"
"CTSB",2.23e-134,1.013,0.411,0.243,4.16e-130,"CTSB"
"MESD",2.49e-134,0.823,0.578,0.422,4.64e-130,"MESD"
"MAP7D3",4.41e-134,1.5,0.201,0.074,8.21e-130,"MAP7D3"
"LMAN2",7.64e-134,0.718,0.643,0.512,1.42e-129,"LMAN2"
"STK32A",8e-134,1.965,0.184,0.063,1.49e-129,"STK32A"
"PSMD4",9.73e-134,0.717,0.674,0.538,1.81e-129,"PSMD4"
"NDUFB10",9.87e-134,0.578,0.773,0.694,1.84e-129,"NDUFB10"
"DNA2",1.05e-133,-1.054,0.203,0.36,1.96e-129,"DNA2"
"CYB5R3",1.09e-133,0.849,0.517,0.351,2.03e-129,"CYB5R3"
"TMEM126B",2.26e-133,0.969,0.428,0.259,4.21e-129,"TMEM126B"
"FBXL17",2.61e-133,0.505,0.815,0.676,4.86e-129,"FBXL17"
"GARNL3",2.62e-133,1.004,0.482,0.316,4.88e-129,"GARNL3"
"ARHGDIA",2.89e-133,0.88,0.525,0.362,5.38e-129,"ARHGDIA"
"TEX2",3.15e-133,1.206,0.283,0.133,5.87e-129,"TEX2"
"FASN",3.21e-133,1.146,0.322,0.164,5.97e-129,"FASN"
"TMEM263",3.6e-133,0.802,0.549,0.384,6.7e-129,"TMEM263"
"LRP4",4.3e-133,1.83,0.194,0.071,8.01e-129,"LRP4"
"NUPR1",4.31e-133,2.622,0.115,0.022,8.02e-129,"NUPR1"
"RNF165",4.35e-133,-1.015,0.234,0.396,8.1e-129,"RNF165"
"AGA",4.86e-133,1.547,0.192,0.068,9.04e-129,"AGA"
"MCRIP1",6.09e-133,0.705,0.668,0.528,1.13e-128,"MCRIP1"
"SVOP",7.48e-133,-0.88,0.125,0.281,1.39e-128,"SVOP"
"PSMG2",8.41e-133,0.724,0.647,0.519,1.56e-128,"PSMG2"
"PRR13",1e-132,1.071,0.343,0.182,1.87e-128,"PRR13"
"NIPSNAP2",1.02e-132,0.639,0.723,0.607,1.89e-128,"NIPSNAP2"
"MCCC2",1.05e-132,1.122,0.302,0.148,1.96e-128,"MCCC2"
"HOMER3",1.38e-132,0.847,0.702,0.537,2.57e-128,"HOMER3"
"SNRNP25",1.6e-132,0.829,0.536,0.371,2.97e-128,"SNRNP25"
"ACSS3",1.97e-132,2.843,0.142,0.038,3.67e-128,"ACSS3"
"NUDT12",2.04e-132,1.293,0.258,0.114,3.79e-128,"NUDT12"
"DAZAP2",2.31e-132,0.793,0.581,0.423,4.31e-128,"DAZAP2"
"SLC9C2",2.72e-132,2.678,0.089,0.01,5.07e-128,"SLC9C2"
"TMEM50B",3.37e-132,0.897,0.446,0.274,6.28e-128,"TMEM50B"
"CDV3",4.05e-132,0.916,0.628,0.475,7.53e-128,"CDV3"
"RGL1",5.28e-132,0.741,0.657,0.506,9.83e-128,"RGL1"
"TTC23",5.77e-132,1.032,0.319,0.162,1.07e-127,"TTC23"
"DDIT3",7.84e-132,1.577,0.201,0.074,1.46e-127,"DDIT3"
"WASF3",8.74e-132,0.9,0.482,0.313,1.63e-127,"WASF3"
"LYRM2",1.15e-131,0.667,0.684,0.56,2.14e-127,"LYRM2"
"AKAP7",1.44e-131,0.791,0.351,0.181,2.67e-127,"AKAP7"
"SLC66A3",1.49e-131,1.458,0.187,0.065,2.77e-127,"SLC66A3"
"MRPS14",3.63e-131,0.875,0.462,0.289,6.76e-127,"MRPS14"
"GMPR2",4.53e-131,1.106,0.296,0.143,8.44e-127,"GMPR2"
"REEP2",6.55e-131,0.937,0.4,0.227,1.22e-126,"REEP2"
"NOTCH2NLA",8.36e-131,1.33,0.278,0.133,1.56e-126,"NOTCH2NLA"
"SEMA5A",8.86e-131,1.648,0.385,0.23,1.65e-126,"SEMA5A"
"TMED9",9.68e-131,0.918,0.507,0.353,1.8e-126,"TMED9"
"LYN",1.15e-130,2.844,0.104,0.018,2.14e-126,"LYN"
"PEX10",1.16e-130,1.043,0.311,0.155,2.17e-126,"PEX10"
"SLC22A17",1.73e-130,1.042,0.328,0.167,3.23e-126,"SLC22A17"
"TMEM98",2.09e-130,0.609,0.727,0.605,3.89e-126,"TMEM98"
"M6PR",2.26e-130,0.911,0.453,0.285,4.21e-126,"M6PR"
"RMDN1",3.17e-130,0.8,0.539,0.368,5.9e-126,"RMDN1"
"DPF3",4.12e-130,0.741,0.44,0.254,7.68e-126,"DPF3"
"GET3",4.32e-130,0.9,0.489,0.322,8.03e-126,"GET3"
"NEIL2",4.54e-130,1.519,0.196,0.072,8.46e-126,"NEIL2"
"GTSE1",5.05e-130,-1.094,0.139,0.289,9.39e-126,"GTSE1"
"MRPS34",5.79e-130,0.784,0.572,0.416,1.08e-125,"MRPS34"
"COPA",6.18e-130,0.575,0.741,0.634,1.15e-125,"COPA"
"KIF4A",6.79e-130,-1.272,0.148,0.296,1.26e-125,"KIF4A"
"NCAPH",7.26e-130,-1.219,0.122,0.265,1.35e-125,"NCAPH"
"HYAL2",9.71e-130,0.992,0.403,0.237,1.81e-125,"HYAL2"
"PFKM",1e-129,0.881,0.464,0.287,1.87e-125,"PFKM"
"CCNG2",1.13e-129,-0.424,0.613,0.755,2.1e-125,"CCNG2"
"H4C3",1.3e-129,-1.001,0.709,0.777,2.42e-125,"H4C3"
"CELF5",1.75e-129,-0.412,0.33,0.538,3.25e-125,"CELF5"
"TRAF3",1.84e-129,1.101,0.284,0.135,3.42e-125,"TRAF3"
"FDFT1",2.46e-129,0.79,0.638,0.51,4.58e-125,"FDFT1"
"INSM1",2.47e-129,-0.35,0.364,0.581,4.6e-125,"INSM1"
"ZNF436",2.53e-129,1.475,0.247,0.11,4.71e-125,"ZNF436"
"CCS",2.7e-129,1.182,0.325,0.17,5.03e-125,"CCS"
"SLC25A4",2.92e-129,0.67,0.696,0.559,5.43e-125,"SLC25A4"
"STIL",3.16e-129,-1.414,0.137,0.278,5.88e-125,"STIL"
"MRPS33",3.85e-129,0.814,0.483,0.314,7.17e-125,"MRPS33"
"PXMP2",4.16e-129,0.868,0.468,0.298,7.75e-125,"PXMP2"
"RAB5IF",4.34e-129,0.757,0.578,0.421,8.08e-125,"RAB5IF"
"HMGB2",5.36e-129,-1.421,0.374,0.493,9.97e-125,"HMGB2"
"SHMT2",5.42e-129,1.076,0.334,0.177,1.01e-124,"SHMT2"
"FKBP8",6.78e-129,0.759,0.571,0.408,1.26e-124,"FKBP8"
"FAM229B",6.8e-129,0.753,0.504,0.328,1.27e-124,"FAM229B"
"PSMC1",8.68e-129,0.648,0.708,0.593,1.62e-124,"PSMC1"
"HIKESHI",8.88e-129,0.644,0.677,0.548,1.65e-124,"HIKESHI"
"CDK1",1.15e-128,-1.056,0.189,0.34,2.15e-124,"CDK1"
"KIF11",1.53e-128,-1.227,0.186,0.334,2.84e-124,"KIF11"
"TPGS1",1.6e-128,1.054,0.318,0.161,2.97e-124,"TPGS1"
"RPL26L1",1.6e-128,0.71,0.647,0.51,2.97e-124,"RPL26L1"
"DNAI4",1.81e-128,1.187,0.211,0.082,3.37e-124,"DNAI4"
"ADORA1",1.82e-128,1.722,0.144,0.039,3.39e-124,"ADORA1"
"ENOPH1",1.98e-128,0.709,0.654,0.508,3.68e-124,"ENOPH1"
"PTPRG",2.42e-128,0.268,0.565,0.389,4.51e-124,"PTPRG"
"HSPA4",2.85e-128,0.624,0.72,0.624,5.3e-124,"HSPA4"
"KLHDC8B",2.97e-128,1.785,0.133,0.033,5.52e-124,"KLHDC8B"
"USP8",3.01e-128,0.615,0.714,0.596,5.6e-124,"USP8"
"MEGF9",3.19e-128,-0.354,0.751,0.858,5.94e-124,"MEGF9"
"SURF1",4.08e-128,0.936,0.388,0.219,7.6e-124,"SURF1"
"NAGLU",4.5e-128,1.198,0.238,0.1,8.37e-124,"NAGLU"
"ZNF703",5.52e-128,1.524,0.183,0.064,1.03e-123,"ZNF703"
"BAG1",5.92e-128,0.763,0.579,0.42,1.1e-123,"BAG1"
"MANF",6.02e-128,0.982,0.548,0.408,1.12e-123,"MANF"
"HTR2A",7.46e-128,3.446,0.089,0.011,1.39e-123,"HTR2A"
"C6orf118",9.93e-128,2.103,0.136,0.036,1.85e-123,"C6orf118"
"RHBDD2",1.19e-127,1.107,0.284,0.134,2.21e-123,"RHBDD2"
"IQSEC1",1.31e-127,0.779,0.363,0.196,2.43e-123,"IQSEC1"
"CENPJ",1.34e-127,-0.828,0.255,0.419,2.5e-123,"CENPJ"
"RRBP1",1.36e-127,1.248,0.281,0.136,2.54e-123,"RRBP1"
"KLF7",1.63e-127,-0.27,0.783,0.886,3.03e-123,"KLF7"
"TMX1",1.76e-127,0.792,0.577,0.433,3.27e-123,"TMX1"
"CIP2A",2.72e-127,-1.21,0.18,0.328,5.07e-123,"CIP2A"
"MMP24OS",2.89e-127,0.854,0.428,0.252,5.37e-123,"MMP24OS"
"COMMD5",3.08e-127,1.055,0.334,0.177,5.73e-123,"COMMD5"
"P3H4",3.49e-127,1.139,0.237,0.1,6.49e-123,"P3H4"
"CDC26",3.86e-127,0.807,0.506,0.337,7.19e-123,"CDC26"
"CRACD",4.14e-127,-0.163,0.923,0.975,7.71e-123,"CRACD"
"DAPK1",4.69e-127,-0.139,0.763,0.893,8.73e-123,"DAPK1"
"ITPA",4.85e-127,0.911,0.456,0.288,9.03e-123,"ITPA"
"PGM1",5.51e-127,1.064,0.32,0.165,1.03e-122,"PGM1"
"AGGF1",5.52e-127,0.822,0.491,0.318,1.03e-122,"AGGF1"
"DLG1",5.94e-127,0.594,0.788,0.685,1.11e-122,"DLG1"
"TMED1",6.35e-127,1.437,0.203,0.078,1.18e-122,"TMED1"
"GAS2L1",7.89e-127,1.648,0.165,0.053,1.47e-122,"GAS2L1"
"MDH2",1.21e-126,0.569,0.768,0.685,2.25e-122,"MDH2"
"PSMD9",1.25e-126,0.889,0.462,0.294,2.32e-122,"PSMD9"
"EIF3A",1.32e-126,0.518,0.857,0.813,2.46e-122,"EIF3A"
"MAST1",1.9e-126,-0.593,0.341,0.519,3.53e-122,"MAST1"
"ARPC1B",2.11e-126,1.305,0.242,0.106,3.92e-122,"ARPC1B"
"ERH",2.65e-126,0.381,0.947,0.935,4.93e-122,"ERH"
"PSMB2",3.82e-126,0.535,0.798,0.718,7.12e-122,"PSMB2"
"CNTNAP4",4.61e-126,-3.76,0.014,0.097,8.58e-122,"CNTNAP4"
"NDUFA7",5.5e-126,0.925,0.421,0.254,1.02e-121,"NDUFA7"
"ITGA6",5.75e-126,1.28,0.399,0.242,1.07e-121,"ITGA6"
"ADIPOR1",6.43e-126,0.813,0.543,0.388,1.2e-121,"ADIPOR1"
"LTA4H",8.13e-126,0.879,0.424,0.254,1.51e-121,"LTA4H"
"CHST3",8.13e-126,1.263,0.266,0.125,1.51e-121,"CHST3"
"CFAP54",8.64e-126,1.62,0.172,0.057,1.61e-121,"CFAP54"
"CRIPT",9.05e-126,0.725,0.626,0.473,1.68e-121,"CRIPT"
"SRPRB",1.13e-125,1.177,0.249,0.11,2.11e-121,"SRPRB"
"WDR41",1.45e-125,0.781,0.526,0.36,2.69e-121,"WDR41"
"HABP4",1.49e-125,0.868,0.493,0.332,2.77e-121,"HABP4"
"PLCL2",1.63e-125,-0.547,0.41,0.583,3.03e-121,"PLCL2"
"DENR",1.85e-125,0.657,0.678,0.558,3.44e-121,"DENR"
"TLE1",1.95e-125,0.604,0.73,0.574,3.64e-121,"TLE1"
"RORB",1.96e-125,0.737,0.566,0.382,3.65e-121,"RORB"
"CYCS",2.15e-125,0.703,0.697,0.602,4.01e-121,"CYCS"
"DGCR6L",2.27e-125,0.877,0.437,0.267,4.22e-121,"DGCR6L"
"RAB10",2.31e-125,0.42,0.904,0.869,4.31e-121,"RAB10"
"GRB14",2.55e-125,2.587,0.118,0.026,4.75e-121,"GRB14"
"SGO1",2.77e-125,-1.272,0.149,0.293,5.16e-121,"SGO1"
"COPS5",3.01e-125,0.812,0.534,0.367,5.6e-121,"COPS5"
"MAP3K8",3.52e-125,2.573,0.099,0.016,6.54e-121,"MAP3K8"
"PPM1E",3.61e-125,-0.445,0.677,0.799,6.72e-121,"PPM1E"
"TRAPPC3",3.62e-125,0.837,0.488,0.321,6.74e-121,"TRAPPC3"
"ABR",3.63e-125,0.962,0.346,0.185,6.75e-121,"ABR"
"MFAP3L",4.6e-125,2.114,0.12,0.027,8.55e-121,"MFAP3L"
"KLHDC9",4.92e-125,1.754,0.13,0.032,9.15e-121,"KLHDC9"
"STARD4",5.56e-125,1.313,0.201,0.077,1.04e-120,"STARD4"
"NDUFS1",6.75e-125,0.577,0.747,0.648,1.26e-120,"NDUFS1"
"GSS",7.68e-125,1.014,0.295,0.144,1.43e-120,"GSS"
"FAM135A",8.47e-125,0.776,0.641,0.511,1.58e-120,"FAM135A"
"DCAF13",8.5e-125,0.881,0.525,0.373,1.58e-120,"DCAF13"
"AMZ2",9.69e-125,0.871,0.524,0.367,1.8e-120,"AMZ2"
"CRISPLD1",1.06e-124,1.362,0.352,0.199,1.98e-120,"CRISPLD1"
"LMO3",1.76e-124,-0.989,0.342,0.497,3.28e-120,"LMO3"
"ANLN",2.06e-124,-1.188,0.162,0.306,3.84e-120,"ANLN"
"USF2",2.99e-124,0.819,0.536,0.378,5.57e-120,"USF2"
"MAGEF1",3.52e-124,0.733,0.584,0.421,6.56e-120,"MAGEF1"
"MRPS23",3.57e-124,0.845,0.508,0.348,6.65e-120,"MRPS23"
"LYPLAL1",4.27e-124,0.738,0.519,0.346,7.95e-120,"LYPLAL1"
"SP3",4.32e-124,-0.438,0.776,0.843,8.05e-120,"SP3"
"MELK",6.59e-124,-1.057,0.17,0.318,1.23e-119,"MELK"
"FGGY",7.83e-124,1.018,0.294,0.145,1.46e-119,"FGGY"
"EEF1E1",8.2e-124,0.793,0.56,0.414,1.53e-119,"EEF1E1"
"DHRS4",8.8e-124,1.897,0.133,0.035,1.64e-119,"DHRS4"
"AHCY",1.11e-123,1.1,0.316,0.166,2.07e-119,"AHCY"
"SCARA3",1.32e-123,1.292,0.279,0.139,2.46e-119,"SCARA3"
"DNAJC10",1.37e-123,0.798,0.54,0.378,2.56e-119,"DNAJC10"
"NUTF2",1.76e-123,0.72,0.596,0.457,3.28e-119,"NUTF2"
"AGPAT2",2.09e-123,2.47,0.107,0.021,3.9e-119,"AGPAT2"
"STAT1",2.23e-123,0.758,0.629,0.484,4.15e-119,"STAT1"
"WDR1",2.48e-123,0.941,0.499,0.352,4.62e-119,"WDR1"
"COL5A2",2.61e-123,1.106,0.263,0.123,4.87e-119,"COL5A2"
"NUDC",2.77e-123,0.608,0.745,0.668,5.15e-119,"NUDC"
"ACP6",3.03e-123,1.376,0.235,0.103,5.64e-119,"ACP6"
"HDAC2",3.04e-123,-0.236,0.881,0.942,5.65e-119,"HDAC2"
"ABHD17A",3.19e-123,0.873,0.453,0.289,5.94e-119,"ABHD17A"
"PALLD",3.53e-123,0.653,0.835,0.777,6.57e-119,"PALLD"
"GATD3",3.54e-123,1.082,0.26,0.119,6.59e-119,"GATD3"
"CCDC106",3.55e-123,1.193,0.227,0.095,6.6e-119,"CCDC106"
"CLEC11A",4.03e-123,1.134,0.259,0.118,7.51e-119,"CLEC11A"
"SMPD3",4.07e-123,-0.997,0.097,0.234,7.57e-119,"SMPD3"
"AP1S1",4.24e-123,0.658,0.684,0.558,7.9e-119,"AP1S1"
"SPRED2",5.25e-123,0.972,0.491,0.33,9.77e-119,"SPRED2"
"BABAM2",5.84e-123,0.614,0.657,0.502,1.09e-118,"BABAM2"
"ITGAE",5.89e-123,0.781,0.556,0.404,1.1e-118,"ITGAE"
"PLCH1",6.41e-123,1.398,0.249,0.115,1.19e-118,"PLCH1"
"CENPU",7.08e-123,-0.949,0.187,0.339,1.32e-118,"CENPU"
"CCT4",8.12e-123,0.512,0.791,0.736,1.51e-118,"CCT4"
"SMARCA5",8.33e-123,0.441,0.903,0.863,1.55e-118,"SMARCA5"
"PLAU",9.33e-123,4.172,0.068,0.003,1.74e-118,"PLAU"
"GPATCH2",1.43e-122,0.687,0.603,0.437,2.66e-118,"GPATCH2"
"SEMA6D",1.56e-122,0.208,0.483,0.284,2.9e-118,"SEMA6D"
"ACO2",1.69e-122,0.681,0.647,0.513,3.15e-118,"ACO2"
"RFTN2",1.76e-122,0.713,0.718,0.567,3.27e-118,"RFTN2"
"MRPS16",1.86e-122,0.698,0.61,0.473,3.47e-118,"MRPS16"
"CCDC102B",2.9e-122,1.129,0.237,0.102,5.39e-118,"CCDC102B"
"CEP55",2.9e-122,-1.26,0.112,0.247,5.4e-118,"CEP55"
"CRLS1",3.24e-122,0.821,0.55,0.39,6.03e-118,"CRLS1"
"CYP4V2",3.48e-122,1.332,0.201,0.078,6.47e-118,"CYP4V2"
"AXL",3.68e-122,1.564,0.187,0.07,6.85e-118,"AXL"
"MRPL3",4.16e-122,0.745,0.621,0.5,7.74e-118,"MRPL3"
"DPCD",4.32e-122,1.017,0.291,0.142,8.03e-118,"DPCD"
"AK4",4.6e-122,0.965,0.375,0.216,8.56e-118,"AK4"
"EFCAB14",4.65e-122,0.804,0.504,0.341,8.66e-118,"EFCAB14"
"GLT8D1",4.94e-122,0.941,0.404,0.241,9.2e-118,"GLT8D1"
"KIF16B",6.13e-122,1.357,0.184,0.067,1.14e-117,"KIF16B"
"MRPS24",7.6e-122,0.659,0.652,0.52,1.41e-117,"MRPS24"
"MTHFD1L",7.62e-122,0.933,0.376,0.217,1.42e-117,"MTHFD1L"
"FIBIN",7.91e-122,3.93,0.08,0.008,1.47e-117,"FIBIN"
"MRPS6",1.13e-121,0.727,0.67,0.557,2.1e-117,"MRPS6"
"DUSP3",1.23e-121,1.444,0.183,0.066,2.29e-117,"DUSP3"
"NUDT9",1.33e-121,0.841,0.449,0.282,2.47e-117,"NUDT9"
"DRAXIN",1.48e-121,-0.606,0.345,0.519,2.75e-117,"DRAXIN"
"SEM1",1.64e-121,0.402,0.905,0.857,3.06e-117,"SEM1"
"CLASP1",1.77e-121,-0.384,0.92,0.951,3.29e-117,"CLASP1"
"DNAAF4",1.8e-121,0.853,0.359,0.197,3.35e-117,"DNAAF4"
"ZMAT1",1.85e-121,0.881,0.458,0.295,3.43e-117,"ZMAT1"
"AMMECR1",1.93e-121,0.786,0.647,0.518,3.59e-117,"AMMECR1"
"SLIT2",2.02e-121,1.045,0.363,0.21,3.77e-117,"SLIT2"
"BTF3",2.07e-121,0.436,0.963,0.963,3.85e-117,"BTF3"
"DNAH14",2.35e-121,1.241,0.34,0.194,4.37e-117,"DNAH14"
"TPMT",2.42e-121,1.185,0.251,0.114,4.5e-117,"TPMT"
"PSMB10",2.53e-121,0.99,0.279,0.132,4.71e-117,"PSMB10"
"PCBP1",2.87e-121,0.489,0.842,0.787,5.34e-117,"PCBP1"
"KIAA1549",2.94e-121,-0.389,0.628,0.767,5.47e-117,"KIAA1549"
"SRPX2",3.01e-121,5.279,0.063,0.002,5.61e-117,"SRPX2"
"MRPL34",3.13e-121,0.88,0.483,0.325,5.82e-117,"MRPL34"
"RAN",4.32e-121,0.508,0.878,0.845,8.04e-117,"RAN"
"MLLT11",4.47e-121,-0.242,0.883,0.954,8.31e-117,"MLLT11"
"ESCO2",4.51e-121,-0.898,0.138,0.285,8.4e-117,"ESCO2"
"RASSF4",5.79e-121,1.286,0.237,0.104,1.08e-116,"RASSF4"
"PSMG1",6.74e-121,1.152,0.274,0.133,1.25e-116,"PSMG1"
"ST8SIA2",7.04e-121,-0.487,0.415,0.593,1.31e-116,"ST8SIA2"
"KCTD16",7.64e-121,0.454,0.251,0.111,1.42e-116,"KCTD16"
"GABBR1",7.68e-121,0.834,0.622,0.492,1.43e-116,"GABBR1"
"NDUFA5",1.41e-120,0.536,0.806,0.713,2.63e-116,"NDUFA5"
"EIF1AX",1.61e-120,0.494,0.911,0.87,2.99e-116,"EIF1AX"
"ALDH9A1",1.65e-120,0.808,0.59,0.448,3.06e-116,"ALDH9A1"
"KIAA1328",1.67e-120,-0.453,0.723,0.812,3.1e-116,"KIAA1328"
"NEU1",1.79e-120,1.244,0.215,0.088,3.34e-116,"NEU1"
"INPP1",2.4e-120,1.792,0.153,0.048,4.47e-116,"INPP1"
"BROX",2.4e-120,0.767,0.52,0.354,4.48e-116,"BROX"
"MAP2K5",2.47e-120,0.493,0.674,0.54,4.6e-116,"MAP2K5"
"ARPC4",2.86e-120,0.932,0.428,0.267,5.32e-116,"ARPC4"
"OSBPL3",3.44e-120,1.233,0.216,0.089,6.41e-116,"OSBPL3"
"SNX7",4.07e-120,0.833,0.416,0.252,7.57e-116,"SNX7"
"STAMBP",4.32e-120,0.778,0.495,0.331,8.04e-116,"STAMBP"
"DNASE2",5.2e-120,1.403,0.198,0.077,9.69e-116,"DNASE2"
"SNRPD3",5.96e-120,0.576,0.749,0.663,1.11e-115,"SNRPD3"
"HJURP",6.57e-120,-1.239,0.098,0.229,1.22e-115,"HJURP"
"TPST2",7.24e-120,1.5,0.17,0.058,1.35e-115,"TPST2"
"SLC39A3",7.36e-120,0.973,0.339,0.184,1.37e-115,"SLC39A3"
"HEBP2",9.13e-120,0.861,0.438,0.274,1.7e-115,"HEBP2"
"BUD31",9.86e-120,0.669,0.649,0.524,1.84e-115,"BUD31"
"BTBD17",1.24e-119,1.803,0.149,0.045,2.3e-115,"BTBD17"
"FKBP14",1.34e-119,1.15,0.257,0.119,2.5e-115,"FKBP14"
"ELOC",1.36e-119,0.496,0.835,0.784,2.54e-115,"ELOC"
"TOP1",1.41e-119,0.443,0.937,0.902,2.62e-115,"TOP1"
"NDFIP2",2.01e-119,0.876,0.386,0.221,3.73e-115,"NDFIP2"
"DEXI",2.78e-119,0.984,0.299,0.149,5.18e-115,"DEXI"
"FAM210B",3.13e-119,0.857,0.502,0.339,5.83e-115,"FAM210B"
"SLC25A33",3.33e-119,0.814,0.481,0.318,6.2e-115,"SLC25A33"
"RCN1",3.39e-119,0.819,0.55,0.412,6.31e-115,"RCN1"
"DNAJA1",3.62e-119,0.437,0.928,0.906,6.74e-115,"DNAJA1"
"ERGIC2",4.8e-119,0.636,0.671,0.545,8.94e-115,"ERGIC2"
"GCA",5.34e-119,0.956,0.518,0.366,9.94e-115,"GCA"
"PHYH",5.94e-119,1.047,0.342,0.192,1.11e-114,"PHYH"
"AP1S2",9.58e-119,0.784,0.768,0.735,1.78e-114,"AP1S2"
"DOLK",1.09e-118,1.568,0.156,0.05,2.04e-114,"DOLK"
"CENPI",1.1e-118,-1.217,0.155,0.293,2.05e-114,"CENPI"
"TNFAIP1",1.67e-118,0.936,0.361,0.203,3.12e-114,"TNFAIP1"
"APOLD1",2.08e-118,-1.684,0.231,0.366,3.87e-114,"APOLD1"
"EIF2AK2",2.12e-118,0.582,0.727,0.62,3.94e-114,"EIF2AK2"
"ENSG00000284906",2.13e-118,-1.535,0.206,0.339,3.97e-114,"ENSG00000284906"
"SDF4",2.21e-118,0.881,0.425,0.263,4.12e-114,"SDF4"
"NDUFB11",2.34e-118,0.521,0.914,0.868,4.35e-114,"NDUFB11"
"POLR2K",2.38e-118,0.608,0.724,0.622,4.43e-114,"POLR2K"
"EBPL",2.51e-118,0.716,0.594,0.445,4.66e-114,"EBPL"
"PAQR6",3.9e-118,2.08,0.122,0.031,7.26e-114,"PAQR6"
"GLUL",4.84e-118,1.011,0.621,0.499,9e-114,"GLUL"
"C12orf76",4.95e-118,0.781,0.459,0.288,9.21e-114,"C12orf76"
"HMG20B",5.18e-118,0.874,0.44,0.278,9.65e-114,"HMG20B"
"SHD",5.19e-118,-1.051,0.082,0.208,9.67e-114,"SHD"
"EGF",7.81e-118,2.973,0.076,0.008,1.45e-113,"EGF"
"UBLCP1",7.86e-118,0.768,0.506,0.341,1.46e-113,"UBLCP1"
"TBCB",7.92e-118,0.464,0.894,0.866,1.47e-113,"TBCB"
"PALS1",8.03e-118,0.708,0.605,0.452,1.49e-113,"PALS1"
"TM2D2",8.22e-118,0.925,0.35,0.193,1.53e-113,"TM2D2"
"NDUFV3",9.77e-118,0.7,0.601,0.449,1.82e-113,"NDUFV3"
"CENPE",1.08e-117,-1.269,0.154,0.294,2.02e-113,"CENPE"
"PCMT1",1.27e-117,0.525,0.792,0.726,2.36e-113,"PCMT1"
"TRIM25",1.29e-117,1.341,0.207,0.085,2.41e-113,"TRIM25"
"SELENOP",1.31e-117,1.786,0.232,0.107,2.44e-113,"SELENOP"
"CHMP4A",1.41e-117,0.88,0.436,0.275,2.63e-113,"CHMP4A"
"TMEM30A",1.95e-117,0.75,0.593,0.442,3.62e-113,"TMEM30A"
"SOX5",2.07e-117,0.482,0.988,0.948,3.85e-113,"SOX5"
"GLOD4",2.54e-117,0.669,0.662,0.547,4.72e-113,"GLOD4"
"KIF14",2.97e-117,-1.304,0.121,0.255,5.52e-113,"KIF14"
"TRIP12",2.97e-117,0.504,0.823,0.75,5.54e-113,"TRIP12"
"DYNC1I1",3.1e-117,-0.778,0.152,0.303,5.78e-113,"DYNC1I1"
"FNDC4",3.66e-117,1.044,0.264,0.124,6.81e-113,"FNDC4"
"FAM174C",3.78e-117,0.993,0.279,0.136,7.03e-113,"FAM174C"
"NBPF26",4.11e-117,1.321,0.249,0.118,7.65e-113,"NBPF26"
"DARS1",4.15e-117,0.656,0.659,0.53,7.72e-113,"DARS1"
"RWDD1",4.18e-117,0.554,0.774,0.689,7.78e-113,"RWDD1"
"VBP1",4.51e-117,0.573,0.779,0.697,8.39e-113,"VBP1"
"PDCD5",5.52e-117,0.553,0.772,0.692,1.03e-112,"PDCD5"
"CFL2",5.78e-117,0.797,0.525,0.371,1.08e-112,"CFL2"
"IGSF5",6.1e-117,2.605,0.087,0.013,1.14e-112,"IGSF5"
"SAMD9L",8.89e-117,3.577,0.076,0.008,1.66e-112,"SAMD9L"
"MFSD1",9.19e-117,0.957,0.318,0.166,1.71e-112,"MFSD1"
"WASHC3",1.02e-116,0.733,0.519,0.351,1.9e-112,"WASHC3"
"COMMD4",2.13e-116,0.946,0.413,0.257,3.96e-112,"COMMD4"
"LOXL1",2.14e-116,1.474,0.192,0.075,3.98e-112,"LOXL1"
"MYL5",2.4e-116,2.468,0.096,0.017,4.47e-112,"MYL5"
"CDK2AP2",2.45e-116,1.032,0.342,0.193,4.55e-112,"CDK2AP2"
"ACAA2",2.51e-116,0.945,0.429,0.274,4.67e-112,"ACAA2"
"CENPF",2.53e-116,-1.308,0.252,0.392,4.71e-112,"CENPF"
"FDXR",2.86e-116,1.723,0.153,0.049,5.33e-112,"FDXR"
"TSEN34",2.94e-116,0.719,0.632,0.504,5.46e-112,"TSEN34"
"PRKAR1A",3.45e-116,0.641,0.667,0.536,6.42e-112,"PRKAR1A"
"MRPL4",3.5e-116,0.817,0.511,0.362,6.51e-112,"MRPL4"
"TMED2",4.16e-116,0.659,0.654,0.532,7.73e-112,"TMED2"
"FAAP20",5.76e-116,0.799,0.509,0.351,1.07e-111,"FAAP20"
"LPIN2",6.42e-116,0.887,0.592,0.48,1.19e-111,"LPIN2"
"MT1E",6.56e-116,3.585,0.073,0.007,1.22e-111,"MT1E"
"COQ10B",7.01e-116,0.931,0.343,0.187,1.3e-111,"COQ10B"
"FOSL2",7.01e-116,2.654,0.095,0.017,1.31e-111,"FOSL2"
"NRCAM",7.21e-116,0.819,0.839,0.709,1.34e-111,"NRCAM"
"GINM1",8.51e-116,0.724,0.611,0.473,1.58e-111,"GINM1"
"DOCK3",8.75e-116,0.56,0.541,0.364,1.63e-111,"DOCK3"
"TRAPPC6A",8.96e-116,1.165,0.237,0.106,1.67e-111,"TRAPPC6A"
"SNRPE",9e-116,0.406,0.971,0.967,1.67e-111,"SNRPE"
"OOEP",9.92e-116,0.941,0.437,0.275,1.85e-111,"OOEP"
"RRAS2",1.05e-115,0.941,0.251,0.115,1.96e-111,"RRAS2"
"PBK",1.24e-115,-0.663,0.162,0.314,2.31e-111,"PBK"
"GNG7",1.31e-115,1.04,0.354,0.202,2.43e-111,"GNG7"
"SOAT1",1.45e-115,1.083,0.327,0.179,2.7e-111,"SOAT1"
"YIPF6",1.48e-115,0.735,0.561,0.401,2.75e-111,"YIPF6"
"URM1",1.56e-115,0.852,0.419,0.257,2.91e-111,"URM1"
"GPATCH4",1.7e-115,1.304,0.231,0.104,3.17e-111,"GPATCH4"
"TMEM167A",1.96e-115,0.601,0.688,0.573,3.64e-111,"TMEM167A"
"UQCC3",2.02e-115,0.975,0.335,0.186,3.77e-111,"UQCC3"
"IFIT2",3.04e-115,2.185,0.139,0.042,5.66e-111,"IFIT2"
"ACAD8",3.65e-115,0.995,0.289,0.144,6.78e-111,"ACAD8"
"ARHGAP11A",3.87e-115,-1.259,0.145,0.279,7.2e-111,"ARHGAP11A"
"SAMD15",4.13e-115,2.084,0.096,0.017,7.69e-111,"SAMD15"
"LCORL",4.52e-115,-0.541,0.836,0.87,8.41e-111,"LCORL"
"CCDC191",4.87e-115,0.938,0.324,0.174,9.07e-111,"CCDC191"
"CYB5R1",5.09e-115,1.053,0.283,0.14,9.48e-111,"CYB5R1"
"P2RY1",5.19e-115,2.894,0.08,0.01,9.67e-111,"P2RY1"
"CCNA2",5.54e-115,-0.998,0.142,0.284,1.03e-110,"CCNA2"
"PTGR1",6.52e-115,2.067,0.108,0.024,1.21e-110,"PTGR1"
"TCEAL3",7.65e-115,0.776,0.564,0.42,1.42e-110,"TCEAL3"
"S100A11",8.3e-115,6.359,0.06,0.002,1.54e-110,"S100A11"
"CAMTA1",9.18e-115,0.378,0.962,0.949,1.71e-110,"CAMTA1"
"SLC25A12",9.56e-115,-0.581,0.73,0.794,1.78e-110,"SLC25A12"
"MED11",1.07e-114,0.991,0.269,0.129,2e-110,"MED11"
"CD38",1.52e-114,3.686,0.073,0.007,2.84e-110,"CD38"
"TSGA10",1.65e-114,1.116,0.217,0.091,3.07e-110,"TSGA10"
"NSDHL",1.77e-114,1.314,0.208,0.087,3.3e-110,"NSDHL"
"KIF20A",1.97e-114,-1.406,0.083,0.202,3.66e-110,"KIF20A"
"WBP2",2.07e-114,0.884,0.376,0.216,3.86e-110,"WBP2"
"ARL5A",2.54e-114,0.604,0.758,0.655,4.73e-110,"ARL5A"
"DYNLRB1",2.71e-114,0.777,0.535,0.369,5.04e-110,"DYNLRB1"
"SMIM20",3.76e-114,0.773,0.379,0.218,7e-110,"SMIM20"
"USP53",4.21e-114,1.512,0.189,0.074,7.83e-110,"USP53"
"NUDT16L1",4.34e-114,0.866,0.4,0.241,8.08e-110,"NUDT16L1"
"MMP28",4.74e-114,2.642,0.092,0.016,8.81e-110,"MMP28"
"SRP54",4.9e-114,0.576,0.707,0.594,9.11e-110,"SRP54"
"MRPL18",5.9e-114,0.683,0.62,0.489,1.1e-109,"MRPL18"
"NGRN",6.09e-114,0.473,0.814,0.74,1.13e-109,"NGRN"
"SCRIB",6.59e-114,1.19,0.261,0.127,1.23e-109,"SCRIB"
"SYTL2",7.15e-114,2.004,0.099,0.019,1.33e-109,"SYTL2"
"MYCBP2",7.94e-114,-0.274,0.93,0.966,1.48e-109,"MYCBP2"
"PPP1R7",7.99e-114,0.752,0.545,0.395,1.49e-109,"PPP1R7"
"CITED2",9.11e-114,-0.633,0.345,0.511,1.7e-109,"CITED2"
"UGP2",1.05e-113,0.79,0.635,0.524,1.96e-109,"UGP2"
"ZBED3",1.18e-113,0.857,0.385,0.226,2.2e-109,"ZBED3"
"IFNAR1",1.23e-113,0.681,0.597,0.457,2.29e-109,"IFNAR1"
"CDCA8",1.26e-113,-1.279,0.102,0.228,2.35e-109,"CDCA8"
"BBC3",1.32e-113,1.449,0.208,0.087,2.45e-109,"BBC3"
"HNRNPC",1.43e-113,0.342,0.975,0.973,2.67e-109,"HNRNPC"
"TAX1BP1",1.57e-113,0.446,0.873,0.812,2.92e-109,"TAX1BP1"
"PARP1",1.98e-113,0.473,0.81,0.736,3.68e-109,"PARP1"
"TAP1",2e-113,1.489,0.167,0.059,3.73e-109,"TAP1"
"CHMP3",2.01e-113,0.775,0.522,0.368,3.74e-109,"CHMP3"
"SLAIN1",2.05e-113,-0.448,0.825,0.902,3.81e-109,"SLAIN1"
"REX1BD",2.1e-113,0.784,0.48,0.321,3.91e-109,"REX1BD"
"MRPL54",2.85e-113,0.815,0.447,0.285,5.31e-109,"MRPL54"
"IFT43",3.18e-113,0.68,0.598,0.446,5.92e-109,"IFT43"
"SERINC1",3.2e-113,0.457,0.839,0.754,5.96e-109,"SERINC1"
"ARHGEF17",3.65e-113,1.278,0.244,0.115,6.79e-109,"ARHGEF17"
"STARD7",5.91e-113,0.779,0.515,0.36,1.1e-108,"STARD7"
"UBE2S",6.67e-113,-0.661,0.737,0.818,1.24e-108,"UBE2S"
"DLGAP5",8.14e-113,-0.935,0.119,0.254,1.52e-108,"DLGAP5"
"CD58",1.01e-112,1.067,0.281,0.141,1.88e-108,"CD58"
"JKAMP",1.07e-112,0.777,0.557,0.402,1.98e-108,"JKAMP"
"ZHX1",1.2e-112,0.73,0.597,0.459,2.24e-108,"ZHX1"
"PRTFDC1",1.22e-112,0.701,0.572,0.418,2.28e-108,"PRTFDC1"
"BHLHE41",1.51e-112,3.411,0.074,0.008,2.81e-108,"BHLHE41"
"EFHC2",1.74e-112,3.41,0.074,0.008,3.24e-108,"EFHC2"
"TSPAN5",1.97e-112,0.533,0.844,0.779,3.67e-108,"TSPAN5"
"KCNF1",2.13e-112,2.08,0.111,0.026,3.96e-108,"KCNF1"
"RWDD3",2.39e-112,1.011,0.313,0.168,4.45e-108,"RWDD3"
"RFX3",2.52e-112,0.574,0.943,0.935,4.68e-108,"RFX3"
"PARP4",2.59e-112,0.804,0.412,0.255,4.83e-108,"PARP4"
"SLC12A4",3.03e-112,1.855,0.126,0.034,5.63e-108,"SLC12A4"
"NUCB1",3.34e-112,1.048,0.309,0.167,6.21e-108,"NUCB1"
"SLC4A4",3.37e-112,1.028,0.517,0.36,6.27e-108,"SLC4A4"
"BSG",4.19e-112,0.689,0.621,0.489,7.81e-108,"BSG"
"FOS",4.63e-112,1.478,0.48,0.339,8.62e-108,"FOS"
"TMEM50A",5.15e-112,0.536,0.787,0.716,9.59e-108,"TMEM50A"
"WTIP",6.25e-112,1.279,0.145,0.045,1.16e-107,"WTIP"
"BRIP1",6.29e-112,-1.072,0.181,0.323,1.17e-107,"BRIP1"
"RSL24D1",7.07e-112,0.522,0.775,0.687,1.32e-107,"RSL24D1"
"ENHO",8.62e-112,0.904,0.389,0.232,1.6e-107,"ENHO"
"C1RL",9.13e-112,1.566,0.158,0.054,1.7e-107,"C1RL"
"H3C4",1.03e-111,-0.81,0.131,0.266,1.91e-107,"H3C4"
"NAV2",1.12e-111,1.205,0.436,0.279,2.09e-107,"NAV2"
"FZD5",1.15e-111,1.514,0.179,0.068,2.14e-107,"FZD5"
"MRPL12",1.32e-111,0.955,0.364,0.212,2.46e-107,"MRPL12"
"FAXDC2",1.97e-111,1.257,0.262,0.13,3.66e-107,"FAXDC2"
"CCDC88A",2.11e-111,-0.246,0.981,0.989,3.92e-107,"CCDC88A"
"TMEM14A",2.52e-111,0.67,0.551,0.39,4.69e-107,"TMEM14A"
"SNRPD2",2.67e-111,0.441,0.903,0.869,4.96e-107,"SNRPD2"
"GYG2",2.68e-111,1.242,0.209,0.089,4.99e-107,"GYG2"
"CRYZ",2.75e-111,1.834,0.14,0.043,5.11e-107,"CRYZ"
"DNPEP",3.05e-111,1.093,0.245,0.114,5.68e-107,"DNPEP"
"H1-3",3.21e-111,-1.055,0.191,0.328,5.98e-107,"H1-3"
"KCNK10",3.89e-111,2.148,0.129,0.037,7.25e-107,"KCNK10"
"NEIL3",4.4e-111,-1.298,0.101,0.225,8.19e-107,"NEIL3"
"FMN2",4.73e-111,0.713,0.759,0.684,8.8e-107,"FMN2"
"MYORG",5.5e-111,2.349,0.104,0.023,1.02e-106,"MYORG"
"AUTS2",5.51e-111,-0.258,0.983,0.996,1.03e-106,"AUTS2"
"MSRB3",5.75e-111,2.912,0.076,0.009,1.07e-106,"MSRB3"
"CTDNEP1",6.31e-111,0.626,0.695,0.585,1.17e-106,"CTDNEP1"
"SPACA9",7.07e-111,1.398,0.157,0.053,1.32e-106,"SPACA9"
"NXT2",7.22e-111,1.18,0.264,0.131,1.34e-106,"NXT2"
"UBE2T",1.13e-110,-0.76,0.295,0.439,2.1e-106,"UBE2T"
"RUFY3",1.21e-110,0.393,0.967,0.951,2.25e-106,"RUFY3"
"DHRS7",1.22e-110,0.676,0.655,0.517,2.28e-106,"DHRS7"
"IRF3",1.3e-110,1.17,0.242,0.113,2.42e-106,"IRF3"
"CAPNS1",1.36e-110,0.851,0.5,0.352,2.54e-106,"CAPNS1"
"MDGA2",1.51e-110,2.06,0.158,0.056,2.82e-106,"MDGA2"
"MPPED2",1.63e-110,-1.317,0.451,0.578,3.03e-106,"MPPED2"
"RDX",1.83e-110,0.441,0.953,0.931,3.41e-106,"RDX"
"LRP1",1.87e-110,0.762,0.56,0.413,3.48e-106,"LRP1"
"ALDOC",2e-110,2.187,0.122,0.033,3.72e-106,"ALDOC"
"MAD2L1",2.45e-110,-0.838,0.201,0.348,4.56e-106,"MAD2L1"
"TTK",2.62e-110,-1.243,0.108,0.233,4.87e-106,"TTK"
"AASS",2.85e-110,0.622,0.591,0.427,5.3e-106,"AASS"
"MFSD3",2.93e-110,1.785,0.121,0.032,5.45e-106,"MFSD3"
"SLC4A2",3.2e-110,1.277,0.22,0.098,5.95e-106,"SLC4A2"
"SPIRE1",3.46e-110,0.574,0.824,0.756,6.44e-106,"SPIRE1"
"EPRS1",3.71e-110,0.609,0.652,0.532,6.91e-106,"EPRS1"
"CNPY4",3.93e-110,1.115,0.261,0.128,7.32e-106,"CNPY4"
"ZC3H15",5.14e-110,0.527,0.768,0.693,9.56e-106,"ZC3H15"
"SPHK1",7.12e-110,3.622,0.068,0.006,1.33e-105,"SPHK1"
"EBNA1BP2",7.8e-110,0.847,0.461,0.309,1.45e-105,"EBNA1BP2"
"PAG1",8.04e-110,0.924,0.571,0.442,1.5e-105,"PAG1"
"TEX9",8.65e-110,0.7,0.518,0.355,1.61e-105,"TEX9"
"PRDM5",9.2e-110,0.916,0.275,0.137,1.71e-105,"PRDM5"
"POLR2I",9.72e-110,0.664,0.624,0.487,1.81e-105,"POLR2I"
"PDCD4",9.76e-110,0.819,0.534,0.385,1.82e-105,"PDCD4"
"TP53RK",1.14e-109,0.957,0.327,0.18,2.13e-105,"TP53RK"
"CPPED1",1.2e-109,1.293,0.166,0.059,2.23e-105,"CPPED1"
"CSNK2B",1.42e-109,0.491,0.804,0.729,2.65e-105,"CSNK2B"
"GDE1",1.51e-109,0.807,0.398,0.241,2.8e-105,"GDE1"
"H2AC14",1.77e-109,-1.564,0.045,0.143,3.3e-105,"H2AC14"
"ANKUB1",1.91e-109,-0.388,0.717,0.819,3.56e-105,"ANKUB1"
"SPRY4",2.05e-109,2.11,0.106,0.024,3.81e-105,"SPRY4"
"HACD1",2.06e-109,1.678,0.124,0.034,3.83e-105,"HACD1"
"ABI1",2.25e-109,0.622,0.716,0.589,4.19e-105,"ABI1"
"RNF181",2.72e-109,0.764,0.517,0.364,5.07e-105,"RNF181"
"WASHC2A",2.97e-109,0.914,0.355,0.207,5.53e-105,"WASHC2A"
"NPL",2.97e-109,1.548,0.134,0.04,5.53e-105,"NPL"
"CAMK2G",4.93e-109,1.071,0.401,0.254,9.17e-105,"CAMK2G"
"TXNRD1",5.73e-109,0.584,0.795,0.719,1.07e-104,"TXNRD1"
"ZNF580",6.42e-109,0.792,0.46,0.302,1.2e-104,"ZNF580"
"ANKRD36",6.82e-109,-0.438,0.62,0.733,1.27e-104,"ANKRD36"
"QTRT1",6.86e-109,0.927,0.325,0.176,1.28e-104,"QTRT1"
"SCAMP2",7.39e-109,0.948,0.353,0.206,1.37e-104,"SCAMP2"
"TPM1",8.38e-109,0.747,0.576,0.417,1.56e-104,"TPM1"
"ADRM1",9.3e-109,0.726,0.568,0.422,1.73e-104,"ADRM1"
"COQ9",9.46e-109,0.853,0.375,0.221,1.76e-104,"COQ9"
"B3GAT2",9.55e-109,1.55,0.265,0.134,1.78e-104,"B3GAT2"
"EI24",1.11e-108,0.628,0.699,0.596,2.06e-104,"EI24"
"TPX2",1.17e-108,-0.924,0.185,0.325,2.17e-104,"TPX2"
"NCSTN",1.19e-108,1.019,0.303,0.161,2.21e-104,"NCSTN"
"UBA1",1.25e-108,0.619,0.708,0.602,2.32e-104,"UBA1"
"SPAG7",1.37e-108,0.7,0.592,0.453,2.54e-104,"SPAG7"
"PRC1",1.65e-108,-0.979,0.258,0.395,3.07e-104,"PRC1"
"SGCB",1.79e-108,0.581,0.728,0.619,3.34e-104,"SGCB"
"GNG11",2.1e-108,1.143,0.26,0.126,3.91e-104,"GNG11"
"ABI2",2.14e-108,0.41,0.921,0.906,3.98e-104,"ABI2"
"PIH1D1",2.47e-108,0.818,0.481,0.328,4.6e-104,"PIH1D1"
"ZNF385A",2.47e-108,1.496,0.169,0.063,4.61e-104,"ZNF385A"
"VASH2",2.6e-108,-1.037,0.103,0.229,4.84e-104,"VASH2"
"RAB21",2.89e-108,0.672,0.595,0.445,5.38e-104,"RAB21"
"SLC35F6",3.12e-108,1.045,0.262,0.129,5.82e-104,"SLC35F6"
"GNL3L",3.19e-108,0.864,0.393,0.239,5.94e-104,"GNL3L"
"MAP1A",3.66e-108,0.817,0.522,0.374,6.8e-104,"MAP1A"
"STOX1",4.49e-108,1.205,0.24,0.114,8.36e-104,"STOX1"
"TRAM1",4.92e-108,0.729,0.549,0.405,9.16e-104,"TRAM1"
"PTGDS",5.28e-108,3.279,0.075,0.009,9.82e-104,"PTGDS"
"CTNND1",6.51e-108,0.674,0.668,0.538,1.21e-103,"CTNND1"
"AUP1",7.52e-108,0.809,0.424,0.269,1.4e-103,"AUP1"
"TMEM126A",9.18e-108,0.862,0.402,0.246,1.71e-103,"TMEM126A"
"TMEM132A",9.34e-108,0.87,0.359,0.204,1.74e-103,"TMEM132A"
"C5orf24",1.07e-107,0.628,0.651,0.522,1.99e-103,"C5orf24"
"GPRC5B",1.09e-107,0.93,0.413,0.261,2.03e-103,"GPRC5B"
"MRPL28",1.18e-107,0.852,0.432,0.276,2.19e-103,"MRPL28"
"MAN1A1",1.33e-107,1.429,0.151,0.052,2.47e-103,"MAN1A1"
"CSTPP1",1.38e-107,0.476,0.839,0.761,2.57e-103,"CSTPP1"
"ERMAP",1.58e-107,1.625,0.125,0.035,2.94e-103,"ERMAP"
"PIMREG",1.8e-107,-1.059,0.115,0.242,3.35e-103,"PIMREG"
"SLC39A11",1.91e-107,0.888,0.314,0.169,3.55e-103,"SLC39A11"
"ALKBH7",2.04e-107,0.708,0.597,0.459,3.8e-103,"ALKBH7"
"EPB41",2.53e-107,-0.58,0.396,0.55,4.71e-103,"EPB41"
"TNIP2",2.7e-107,1.189,0.23,0.106,5.03e-103,"TNIP2"
"EIF3M",2.94e-107,0.503,0.765,0.681,5.46e-103,"EIF3M"
"STX17",3.17e-107,0.801,0.397,0.241,5.9e-103,"STX17"
"WASHC2C",3.26e-107,0.876,0.376,0.223,6.06e-103,"WASHC2C"
"FBXW9",3.29e-107,1.421,0.153,0.052,6.13e-103,"FBXW9"
"GAN",3.87e-107,0.74,0.482,0.32,7.21e-103,"GAN"
"UBE2J1",4.42e-107,0.886,0.555,0.424,8.23e-103,"UBE2J1"
"SCG2",4.52e-107,1.381,0.276,0.146,8.41e-103,"SCG2"
"MRPL24",5.06e-107,0.95,0.317,0.173,9.42e-103,"MRPL24"
"RRP36",5.67e-107,0.762,0.504,0.349,1.06e-102,"RRP36"
"GRAMD1B",8.14e-107,1.261,0.349,0.21,1.52e-102,"GRAMD1B"
"CNDP2",8.44e-107,0.833,0.357,0.206,1.57e-102,"CNDP2"
"VPS25",8.63e-107,0.985,0.313,0.172,1.61e-102,"VPS25"
"NIPSNAP3A",8.88e-107,1.003,0.27,0.135,1.65e-102,"NIPSNAP3A"
"NUF2",9.49e-107,-1.181,0.195,0.33,1.77e-102,"NUF2"
"CBS",1.04e-106,1.368,0.184,0.074,1.93e-102,"CBS"
"CFAP46",1.06e-106,2.053,0.119,0.032,1.98e-102,"CFAP46"
"CUEDC2",1.07e-106,0.617,0.665,0.54,1.99e-102,"CUEDC2"
"FXN",1.4e-106,1.618,0.146,0.048,2.61e-102,"FXN"
"PBX1",1.5e-106,-0.643,0.942,0.955,2.79e-102,"PBX1"
"ERLIN2",1.61e-106,1,0.279,0.143,3e-102,"ERLIN2"
"PPP1R1C",1.62e-106,2.184,0.1,0.022,3.01e-102,"PPP1R1C"
"STXBP5L",1.75e-106,-0.148,0.398,0.589,3.25e-102,"STXBP5L"
"TRIM56",2.01e-106,1.451,0.185,0.075,3.74e-102,"TRIM56"
"RBM43",2.45e-106,2.372,0.093,0.018,4.55e-102,"RBM43"
"CNIH2",2.5e-106,0.916,0.382,0.229,4.65e-102,"CNIH2"
"NUSAP1",2.54e-106,-0.952,0.128,0.259,4.73e-102,"NUSAP1"
"MTCH2",2.94e-106,0.612,0.666,0.545,5.48e-102,"MTCH2"
"MRPS7",3.23e-106,0.735,0.535,0.389,6e-102,"MRPS7"
"RACGAP1",3.39e-106,-1.025,0.194,0.328,6.32e-102,"RACGAP1"
"CDYL",5.52e-106,0.731,0.594,0.448,1.03e-101,"CDYL"
"PLSCR4",5.64e-106,2.056,0.127,0.038,1.05e-101,"PLSCR4"
"H3-3A",5.93e-106,0.339,0.994,0.997,1.1e-101,"H3-3A"
"COPZ1",6.28e-106,0.643,0.626,0.491,1.17e-101,"COPZ1"
"FRMD6",8.23e-106,1.407,0.199,0.084,1.53e-101,"FRMD6"
"ETV1",9.52e-106,0.557,0.529,0.345,1.77e-101,"ETV1"
"IGSF11",1.21e-105,0.635,0.534,0.369,2.25e-101,"IGSF11"
"IGDCC4",1.38e-105,1.038,0.313,0.174,2.58e-101,"IGDCC4"
"SMIM7",1.39e-105,0.613,0.641,0.524,2.59e-101,"SMIM7"
"ROR1",1.58e-105,1.739,0.2,0.086,2.93e-101,"ROR1"
"SCRN2",1.71e-105,1.511,0.163,0.06,3.18e-101,"SCRN2"
"CFAP70",2.47e-105,1.699,0.111,0.028,4.59e-101,"CFAP70"
"BCCIP",3.28e-105,0.69,0.586,0.451,6.1e-101,"BCCIP"
"FAM50A",3.67e-105,0.743,0.533,0.385,6.82e-101,"FAM50A"
"VASP",3.71e-105,1.118,0.233,0.108,6.9e-101,"VASP"
"DIPK1B",4.03e-105,0.953,0.318,0.175,7.5e-101,"DIPK1B"
"TMEM160",4.05e-105,0.648,0.61,0.469,7.54e-101,"TMEM160"
"ERGIC1",4.13e-105,0.748,0.427,0.271,7.68e-101,"ERGIC1"
"MRPL27",5.48e-105,0.687,0.538,0.39,1.02e-100,"MRPL27"
"SNF8",5.54e-105,0.568,0.722,0.624,1.03e-100,"SNF8"
"CASP7",5.74e-105,2.078,0.134,0.043,1.07e-100,"CASP7"
"UBE2F",6.01e-105,0.739,0.474,0.314,1.12e-100,"UBE2F"
"C6orf62",6.37e-105,0.572,0.718,0.632,1.19e-100,"C6orf62"
"NDRG4",7.38e-105,0.922,0.311,0.167,1.37e-100,"NDRG4"
"NUDT22",9.79e-105,1.145,0.213,0.094,1.82e-100,"NUDT22"
"GPC1",1.22e-104,1.044,0.386,0.242,2.26e-100,"GPC1"
"TRIAP1",1.26e-104,0.953,0.362,0.216,2.34e-100,"TRIAP1"
"SEPHS2",1.48e-104,0.884,0.361,0.21,2.75e-100,"SEPHS2"
"HMGCL",1.57e-104,1.096,0.227,0.104,2.92e-100,"HMGCL"
"GFUS",1.69e-104,1.002,0.275,0.141,3.15e-100,"GFUS"
"RAB7B",1.77e-104,3.221,0.064,0.005,3.29e-100,"RAB7B"
"NAXE",1.82e-104,0.789,0.461,0.307,3.39e-100,"NAXE"
"SLC35A4",1.86e-104,1.358,0.168,0.063,3.45e-100,"SLC35A4"
"MAF",2e-104,0.721,0.358,0.204,3.73e-100,"MAF"
"PLEKHB1",2.01e-104,1.903,0.101,0.023,3.74e-100,"PLEKHB1"
"RETREG1",2.09e-104,0.863,0.372,0.222,3.9e-100,"RETREG1"
"KCNH8",2.25e-104,-0.51,0.417,0.58,4.19e-100,"KCNH8"
"C5orf49",2.66e-104,2.744,0.087,0.016,4.95e-100,"C5orf49"
"KIF2C",2.74e-104,-1.127,0.114,0.238,5.09e-100,"KIF2C"
"SLX9",3.02e-104,1.084,0.254,0.125,5.62e-100,"SLX9"
"SLC25A43",3.03e-104,2.119,0.112,0.03,5.63e-100,"SLC25A43"
"DPH5",3.03e-104,0.86,0.377,0.226,5.65e-100,"DPH5"
"BRD3OS",3.52e-104,0.946,0.234,0.107,6.55e-100,"BRD3OS"
"DNAJB11",4.97e-104,0.804,0.502,0.357,9.25e-100,"DNAJB11"
"TST",5.63e-104,1.512,0.171,0.067,1.05e-99,"TST"
"STK33",6.31e-104,0.439,0.569,0.385,1.18e-99,"STK33"
"TOR1AIP2",7.22e-104,0.679,0.578,0.435,1.34e-99,"TOR1AIP2"
"PRRC2C",7.28e-104,0.38,0.91,0.887,1.36e-99,"PRRC2C"
"STAG2",9.41e-104,0.438,0.855,0.782,1.75e-99,"STAG2"
"EIF3D",9.68e-104,0.637,0.654,0.533,1.8e-99,"EIF3D"
"MRPL35",9.79e-104,0.858,0.343,0.196,1.82e-99,"MRPL35"
"PLA2G5",9.93e-104,6.635,0.052,0.001,1.85e-99,"PLA2G5"
"PRKAA2",1.08e-103,0.861,0.355,0.209,2.01e-99,"PRKAA2"
"SDF2",1.17e-103,0.735,0.515,0.367,2.17e-99,"SDF2"
"COMMD8",1.22e-103,0.912,0.284,0.147,2.28e-99,"COMMD8"
"POLR3H",1.27e-103,1.042,0.27,0.138,2.36e-99,"POLR3H"
"IMPACT",1.3e-103,1.054,0.276,0.143,2.42e-99,"IMPACT"
"C18orf32",1.34e-103,0.769,0.456,0.296,2.49e-99,"C18orf32"
"CDCA3",1.35e-103,-1.146,0.106,0.227,2.51e-99,"CDCA3"
"DUSP16",1.46e-103,0.869,0.425,0.273,2.72e-99,"DUSP16"
"NID1",1.6e-103,1.908,0.14,0.046,2.99e-99,"NID1"
"IDE",1.65e-103,0.799,0.375,0.225,3.07e-99,"IDE"
"THSD7A",1.9e-103,-1.061,0.182,0.31,3.54e-99,"THSD7A"
"IQSEC2",2.12e-103,1.335,0.14,0.045,3.95e-99,"IQSEC2"
"ANKRD36C",2.29e-103,-0.159,0.74,0.827,4.26e-99,"ANKRD36C"
"RNF213",2.68e-103,0.814,0.48,0.332,5e-99,"RNF213"
"METTL25",2.74e-103,0.843,0.323,0.179,5.1e-99,"METTL25"
"DNAH5",3.21e-103,2.056,0.087,0.016,5.97e-99,"DNAH5"
"RNF220",3.41e-103,1.514,0.299,0.169,6.35e-99,"RNF220"
"NCALD",3.6e-103,0.547,0.165,0.061,6.7e-99,"NCALD"
"CEP152",4.16e-103,-1.272,0.162,0.288,7.74e-99,"CEP152"
"APH1A",4.5e-103,0.716,0.564,0.425,8.38e-99,"APH1A"
"ZNF292",5.25e-103,-0.259,0.972,0.985,9.77e-99,"ZNF292"
"SPP1",5.82e-103,2.848,0.071,0.009,1.08e-98,"SPP1"
"ACTL6B",6.33e-103,-0.626,0.156,0.305,1.18e-98,"ACTL6B"
"KCNJ3",8.18e-103,-1.663,0.042,0.134,1.52e-98,"KCNJ3"
"ACOX1",8.91e-103,0.735,0.517,0.368,1.66e-98,"ACOX1"
"ENTPD1",9.14e-103,1.769,0.14,0.047,1.7e-98,"ENTPD1"
"TADA3",1.02e-102,0.709,0.572,0.432,1.9e-98,"TADA3"
"PHACTR3",1.05e-102,-0.564,0.166,0.316,1.96e-98,"PHACTR3"
"ERGIC3",1.32e-102,0.699,0.565,0.424,2.45e-98,"ERGIC3"
"CYP46A1",1.74e-102,1.225,0.151,0.052,3.24e-98,"CYP46A1"
"URB1",2.19e-102,1.205,0.204,0.089,4.08e-98,"URB1"
"ALDH3A2",2.25e-102,0.83,0.526,0.386,4.19e-98,"ALDH3A2"
"SHC2",2.58e-102,1.024,0.256,0.127,4.8e-98,"SHC2"
"C6orf120",2.84e-102,1.033,0.247,0.12,5.29e-98,"C6orf120"
"MOK",3.16e-102,0.798,0.34,0.193,5.89e-98,"MOK"
"NAA20",3.26e-102,0.662,0.568,0.435,6.06e-98,"NAA20"
"MRPL17",5.04e-102,0.89,0.36,0.216,9.38e-98,"MRPL17"
"SKIL",5.59e-102,0.795,0.522,0.378,1.04e-97,"SKIL"
"SPATA1",6.9e-102,1.594,0.143,0.048,1.28e-97,"SPATA1"
"NOSTRIN",7.31e-102,-0.734,0.14,0.273,1.36e-97,"NOSTRIN"
"PEF1",7.34e-102,0.854,0.397,0.248,1.37e-97,"PEF1"
"MXD4",7.65e-102,0.707,0.553,0.399,1.42e-97,"MXD4"
"PRKD1",9.5e-102,0.467,0.836,0.704,1.77e-97,"PRKD1"
"RAB5B",9.64e-102,0.706,0.554,0.413,1.79e-97,"RAB5B"
"DNAJB14",9.7e-102,0.538,0.67,0.539,1.81e-97,"DNAJB14"
"GLRX3",1.08e-101,0.655,0.615,0.492,2e-97,"GLRX3"
"ACP2",1.08e-101,1.374,0.149,0.052,2e-97,"ACP2"
"MAGEH1",1.13e-101,0.789,0.576,0.437,2.11e-97,"MAGEH1"
"MRTO4",1.36e-101,0.811,0.368,0.221,2.53e-97,"MRTO4"
"DCDC1",1.47e-101,1.805,0.131,0.041,2.73e-97,"DCDC1"
"CHI3L1",1.47e-101,9.284,0.052,0.001,2.73e-97,"CHI3L1"
"TOM1",1.58e-101,1.297,0.167,0.063,2.93e-97,"TOM1"
"FUNDC1",1.71e-101,0.799,0.394,0.243,3.18e-97,"FUNDC1"
"SLC13A3",1.81e-101,0.944,0.265,0.134,3.37e-97,"SLC13A3"
"SNX2",1.88e-101,0.582,0.662,0.533,3.5e-97,"SNX2"
"HEPH",2.1e-101,3.417,0.062,0.005,3.9e-97,"HEPH"
"PPP1R16A",2.38e-101,1.189,0.189,0.078,4.43e-97,"PPP1R16A"
"RFFL",2.45e-101,1.05,0.573,0.455,4.56e-97,"RFFL"
"PKIG",2.47e-101,0.659,0.534,0.378,4.59e-97,"PKIG"
"CRYBG3",2.7e-101,1.441,0.159,0.059,5.03e-97,"CRYBG3"
"POP5",3.65e-101,0.789,0.41,0.26,6.79e-97,"POP5"
"STX10",3.78e-101,0.829,0.453,0.304,7.03e-97,"STX10"
"NCAPG2",3.89e-101,-1.021,0.215,0.344,7.23e-97,"NCAPG2"
"NMD3",4.77e-101,0.804,0.407,0.256,8.89e-97,"NMD3"
"TC2N",5.19e-101,2.446,0.09,0.018,9.67e-97,"TC2N"
"NREP",5.64e-101,-0.157,0.918,0.975,1.05e-96,"NREP"
"SLC26A11",6.44e-101,1.379,0.166,0.064,1.2e-96,"SLC26A11"
"YBX1",7.59e-101,0.362,0.992,0.993,1.41e-96,"YBX1"
"SELENBP1",8.84e-101,2.007,0.135,0.045,1.65e-96,"SELENBP1"
"UFL1",1.05e-100,0.717,0.495,0.345,1.95e-96,"UFL1"
"IFT22",1.23e-100,0.777,0.442,0.293,2.3e-96,"IFT22"
"PPP2R1A",1.26e-100,0.528,0.76,0.688,2.35e-96,"PPP2R1A"
"DNMBP",1.52e-100,1.082,0.289,0.157,2.82e-96,"DNMBP"
"EIF4H",1.96e-100,0.647,0.62,0.494,3.64e-96,"EIF4H"
"PLEKHA7",2.1e-100,0.844,0.438,0.293,3.91e-96,"PLEKHA7"
"MCUR1",2.13e-100,0.799,0.409,0.262,3.97e-96,"MCUR1"
"ZIC1",2.15e-100,0.98,0.358,0.22,4.01e-96,"ZIC1"
"ZNF19",2.48e-100,1.221,0.182,0.074,4.62e-96,"ZNF19"
"TMEM248",2.76e-100,0.795,0.448,0.298,5.14e-96,"TMEM248"
"HM13",3.55e-100,0.682,0.536,0.389,6.61e-96,"HM13"
"CCN3",3.57e-100,4.524,0.057,0.003,6.64e-96,"CCN3"
"RGCC",3.63e-100,3.168,0.077,0.012,6.76e-96,"RGCC"
"GLRX5",4.66e-100,0.574,0.712,0.607,8.68e-96,"GLRX5"
"SDHAF3",5.11e-100,0.822,0.383,0.237,9.5e-96,"SDHAF3"
"FBXL7",6.04e-100,0.553,0.799,0.67,1.12e-95,"FBXL7"
"FAH",6.17e-100,2.571,0.079,0.013,1.15e-95,"FAH"
"TMEM42",6.33e-100,1.409,0.15,0.053,1.18e-95,"TMEM42"
"FOXN4",6.63e-100,-2.094,0.028,0.109,1.23e-95,"FOXN4"
"PDE7A",7.34e-100,-0.343,0.695,0.799,1.37e-95,"PDE7A"
"CASK",7.61e-100,-0.323,0.983,0.996,1.42e-95,"CASK"
"CLUAP1",9.88e-100,0.684,0.497,0.34,1.84e-95,"CLUAP1"
"CDCA4",1.03e-99,-0.919,0.185,0.319,1.92e-95,"CDCA4"
"IMP4",1.05e-99,0.999,0.255,0.127,1.96e-95,"IMP4"
"DYRK4",1.06e-99,0.921,0.307,0.17,1.98e-95,"DYRK4"
"PSMD11",1.26e-99,0.495,0.766,0.703,2.34e-95,"PSMD11"
"SPG21",1.44e-99,0.705,0.531,0.386,2.69e-95,"SPG21"
"PTP4A2",1.56e-99,0.535,0.732,0.649,2.9e-95,"PTP4A2"
"WDR46",1.73e-99,1.005,0.254,0.128,3.21e-95,"WDR46"
"EXTL2",1.83e-99,0.794,0.433,0.284,3.41e-95,"EXTL2"
"WDR49",2.68e-99,3.156,0.075,0.011,4.98e-95,"WDR49"
"CWC15",2.71e-99,0.525,0.74,0.642,5.04e-95,"CWC15"
"PLXNB2",3.48e-99,0.985,0.32,0.184,6.48e-95,"PLXNB2"
"PHKA1",3.49e-99,1.304,0.188,0.08,6.5e-95,"PHKA1"
"MRPS15",3.79e-99,0.794,0.435,0.286,7.05e-95,"MRPS15"
"PIPOX",4.56e-99,1.009,0.215,0.097,8.49e-95,"PIPOX"
"BAG3",4.69e-99,1.591,0.14,0.048,8.72e-95,"BAG3"
"SCCPDH",4.9e-99,0.588,0.647,0.526,9.12e-95,"SCCPDH"
"SUMO3",5.25e-99,0.741,0.471,0.32,9.78e-95,"SUMO3"
"B3GALT1",5.35e-99,0.867,0.615,0.47,9.96e-95,"B3GALT1"
"SVEP1",6.31e-99,-1.983,0.028,0.109,1.17e-94,"SVEP1"
"ADGRG6",6.36e-99,2.937,0.073,0.01,1.18e-94,"ADGRG6"
"OLIG1",7.76e-99,1.367,0.344,0.206,1.44e-94,"OLIG1"
"LSM7",7.8e-99,0.394,0.915,0.9,1.45e-94,"LSM7"
"NINJ1",8.08e-99,1.288,0.195,0.085,1.5e-94,"NINJ1"
"PNMA2",8.81e-99,0.735,0.502,0.362,1.64e-94,"PNMA2"
"SMAD5",8.91e-99,0.547,0.733,0.632,1.66e-94,"SMAD5"
"MEX3B",9.18e-99,-0.431,0.289,0.455,1.71e-94,"MEX3B"
"TECR",1.3e-98,0.825,0.44,0.295,2.41e-94,"TECR"
"LHFPL4",1.66e-98,-0.809,0.121,0.25,3.1e-94,"LHFPL4"
"MANBAL",2.37e-98,0.886,0.335,0.195,4.4e-94,"MANBAL"
"HDDC3",2.55e-98,1.2,0.174,0.069,4.75e-94,"HDDC3"
"CA13",2.63e-98,1.626,0.122,0.037,4.9e-94,"CA13"
"CFAP210",2.65e-98,1.386,0.179,0.075,4.94e-94,"CFAP210"
"EFTUD2",2.97e-98,0.921,0.481,0.347,5.53e-94,"EFTUD2"
"EVL",3.1e-98,-0.246,0.857,0.922,5.78e-94,"EVL"
"PSME2",3.45e-98,0.855,0.406,0.264,6.43e-94,"PSME2"
"PFDN1",3.51e-98,0.55,0.699,0.574,6.53e-94,"PFDN1"
"COA6",3.67e-98,0.735,0.433,0.283,6.82e-94,"COA6"
"TUBB2B",4.07e-98,0.488,0.992,0.995,7.58e-94,"TUBB2B"
"TMEM185B",4.51e-98,1.359,0.151,0.054,8.39e-94,"TMEM185B"
"RELB",4.9e-98,1.761,0.099,0.023,9.12e-94,"RELB"
"SIL1",5.29e-98,0.594,0.57,0.416,9.85e-94,"SIL1"
"RBM39",5.35e-98,0.37,0.942,0.928,9.95e-94,"RBM39"
"CPLX2",5.37e-98,-0.838,0.134,0.264,9.99e-94,"CPLX2"
"RAD51AP1",5.99e-98,-0.922,0.164,0.295,1.12e-93,"RAD51AP1"
"HDAC1",6.25e-98,0.827,0.407,0.262,1.16e-93,"HDAC1"
"SBK1",6.26e-98,-0.451,0.395,0.558,1.17e-93,"SBK1"
"PSMD12",6.99e-98,0.548,0.715,0.628,1.3e-93,"PSMD12"
"ST6GALNAC4",7.53e-98,1.711,0.108,0.028,1.4e-93,"ST6GALNAC4"
"ESR2",1.12e-97,-0.465,0.348,0.509,2.09e-93,"ESR2"
"PEX11A",1.19e-97,1.334,0.159,0.06,2.21e-93,"PEX11A"
"POLR2E",1.42e-97,0.735,0.523,0.382,2.64e-93,"POLR2E"
"IFI16",1.67e-97,1.399,0.206,0.095,3.1e-93,"IFI16"
"DDX54",1.89e-97,1.004,0.273,0.144,3.52e-93,"DDX54"
"CASP3",1.98e-97,0.876,0.524,0.39,3.69e-93,"CASP3"
"SPOP",2.17e-97,0.546,0.723,0.619,4.04e-93,"SPOP"
"PLD3",2.36e-97,0.663,0.573,0.438,4.39e-93,"PLD3"
"C1orf53",2.46e-97,2.248,0.082,0.015,4.58e-93,"C1orf53"
"RAB34",2.48e-97,1.275,0.211,0.098,4.62e-93,"RAB34"
"NFE2L1",2.57e-97,0.867,0.362,0.22,4.79e-93,"NFE2L1"
"GRAMD1C",2.6e-97,0.993,0.266,0.138,4.85e-93,"GRAMD1C"
"PCNX2",2.66e-97,0.569,0.618,0.461,4.95e-93,"PCNX2"
"DTWD2",2.76e-97,1.177,0.181,0.075,5.13e-93,"DTWD2"
"SEC14L1",3.55e-97,0.541,0.668,0.556,6.62e-93,"SEC14L1"
"GALK1",3.6e-97,1.253,0.184,0.077,6.7e-93,"GALK1"
"NCBP2AS2",4.01e-97,0.782,0.374,0.228,7.46e-93,"NCBP2AS2"
"NR2F6",4.42e-97,1.048,0.244,0.121,8.22e-93,"NR2F6"
"EMX2",4.52e-97,1.472,0.16,0.062,8.4e-93,"EMX2"
"CHIC2",4.91e-97,0.609,0.778,0.707,9.14e-93,"CHIC2"
"GSE1",5.47e-97,-0.257,0.702,0.82,1.02e-92,"GSE1"
"CHMP5",5.74e-97,0.449,0.822,0.75,1.07e-92,"CHMP5"
"PRPF31",5.91e-97,0.702,0.539,0.398,1.1e-92,"PRPF31"
"NDUFAF3",6.01e-97,0.719,0.501,0.357,1.12e-92,"NDUFAF3"
"YIPF3",8.26e-97,0.655,0.54,0.39,1.54e-92,"YIPF3"
"LUZP2",8.49e-97,2.199,0.105,0.028,1.58e-92,"LUZP2"
"KIFBP",8.52e-97,0.631,0.6,0.464,1.59e-92,"KIFBP"
"GSTZ1",1.05e-96,1.101,0.222,0.105,1.95e-92,"GSTZ1"
"C8orf33",1.14e-96,0.757,0.41,0.261,2.13e-92,"C8orf33"
"MIPEP",1.15e-96,0.879,0.265,0.137,2.14e-92,"MIPEP"
"SMARCA1",1.33e-96,0.603,0.622,0.494,2.48e-92,"SMARCA1"
"NAB2",1.33e-96,1.04,0.317,0.183,2.48e-92,"NAB2"
"CIT",1.38e-96,-0.846,0.231,0.367,2.57e-92,"CIT"
"PHLPP1",1.52e-96,0.439,0.887,0.802,2.84e-92,"PHLPP1"
"RGS11",1.64e-96,2.288,0.084,0.016,3.05e-92,"RGS11"
"AGPAT1",1.66e-96,0.802,0.437,0.29,3.09e-92,"AGPAT1"
"KIF23",1.85e-96,-1.071,0.121,0.241,3.45e-92,"KIF23"
"RGL2",2.07e-96,1.204,0.205,0.093,3.85e-92,"RGL2"
"ZMYND8",2.17e-96,0.628,0.772,0.688,4.05e-92,"ZMYND8"
"RAB8A",2.34e-96,0.719,0.53,0.391,4.36e-92,"RAB8A"
"BANF1",2.48e-96,0.421,0.878,0.852,4.61e-92,"BANF1"
"H3C8",2.55e-96,-1.008,0.073,0.178,4.75e-92,"H3C8"
"GRIK3",3.22e-96,0.885,0.472,0.321,5.99e-92,"GRIK3"
"MTARC2",3.23e-96,2.276,0.1,0.025,6.02e-92,"MTARC2"
"SERTAD1",3.36e-96,1.487,0.151,0.056,6.26e-92,"SERTAD1"
"TNFRSF11B",3.67e-96,2.83,0.078,0.013,6.83e-92,"TNFRSF11B"
"EIF6",3.73e-96,0.749,0.467,0.318,6.95e-92,"EIF6"
"PRMT9",4.04e-96,1.03,0.213,0.097,7.51e-92,"PRMT9"
"SORCS2",4.18e-96,1.203,0.32,0.187,7.78e-92,"SORCS2"
"PREPL",4.26e-96,0.598,0.569,0.423,7.92e-92,"PREPL"
"RAB32",5.06e-96,1.778,0.129,0.043,9.41e-92,"RAB32"
"GNAQ",5.41e-96,-0.358,0.956,0.973,1.01e-91,"GNAQ"
"TMEM231",6.24e-96,1.305,0.181,0.076,1.16e-91,"TMEM231"
"NDUFS7",6.84e-96,0.694,0.585,0.455,1.27e-91,"NDUFS7"
"COPS8",6.89e-96,0.584,0.636,0.512,1.28e-91,"COPS8"
"VPS35",9.1e-96,0.43,0.865,0.817,1.69e-91,"VPS35"
"FBXW5",9.26e-96,0.916,0.283,0.151,1.72e-91,"FBXW5"
"ANKRD12",1.04e-95,-0.331,0.904,0.943,1.93e-91,"ANKRD12"
"NPM3",1.08e-95,0.981,0.248,0.124,2.02e-91,"NPM3"
"PTBP3",1.25e-95,-0.451,0.579,0.692,2.32e-91,"PTBP3"
"MRPL14",1.6e-95,0.722,0.513,0.377,2.97e-91,"MRPL14"
"ALDH1L1",1.62e-95,4.3,0.054,0.003,3.01e-91,"ALDH1L1"
"MTHFD2L",1.75e-95,0.651,0.565,0.421,3.26e-91,"MTHFD2L"
"FBXO5",1.8e-95,-1.088,0.233,0.353,3.34e-91,"FBXO5"
"RHPN1",1.87e-95,2.097,0.091,0.02,3.48e-91,"RHPN1"
"ERBIN",2.12e-95,0.463,0.884,0.845,3.96e-91,"ERBIN"
"SLC25A37",2.19e-95,0.763,0.412,0.264,4.08e-91,"SLC25A37"
"NECAP2",2.32e-95,0.804,0.367,0.223,4.32e-91,"NECAP2"
"CCT7",2.48e-95,0.522,0.731,0.641,4.61e-91,"CCT7"
"NIT2",2.89e-95,0.814,0.357,0.215,5.38e-91,"NIT2"
"PPFIA2",2.9e-95,-0.583,0.449,0.588,5.4e-91,"PPFIA2"
"WASL",3.06e-95,0.552,0.723,0.631,5.69e-91,"WASL"
"NEGR1",3.11e-95,0.424,0.709,0.53,5.79e-91,"NEGR1"
"KIF20B",3.12e-95,-0.969,0.266,0.396,5.81e-91,"KIF20B"
"PNPLA3",3.18e-95,1.739,0.089,0.019,5.91e-91,"PNPLA3"
"HSD17B7",3.48e-95,1.085,0.225,0.108,6.47e-91,"HSD17B7"
"TFG",3.6e-95,0.558,0.672,0.562,6.71e-91,"TFG"
"SSR2",3.81e-95,0.465,0.844,0.781,7.09e-91,"SSR2"
"ATP2B4",4.48e-95,0.49,0.791,0.695,8.34e-91,"ATP2B4"
"PRKAR2B",5.11e-95,-0.602,0.458,0.584,9.51e-91,"PRKAR2B"
"EFR3A",5.48e-95,0.696,0.392,0.244,1.02e-90,"EFR3A"
"TMEM150A",7.63e-95,1.247,0.126,0.039,1.42e-90,"TMEM150A"
"ANKRD42",7.67e-95,1.17,0.17,0.068,1.43e-90,"ANKRD42"
"ACO1",7.99e-95,0.707,0.472,0.325,1.49e-90,"ACO1"
"GTF2H3",9.93e-95,0.743,0.423,0.276,1.85e-90,"GTF2H3"
"MAST2",1.15e-94,-0.406,0.683,0.778,2.15e-90,"MAST2"
"ERCC1",1.4e-94,0.698,0.507,0.364,2.6e-90,"ERCC1"
"SGK3",1.76e-94,2.119,0.114,0.034,3.28e-90,"SGK3"
"SSNA1",1.92e-94,0.723,0.502,0.361,3.58e-90,"SSNA1"
"FDX2",2.73e-94,0.936,0.255,0.129,5.08e-90,"FDX2"
"NDRG2",2.74e-94,1.526,0.304,0.18,5.11e-90,"NDRG2"
"ARL8B",3.58e-94,0.61,0.614,0.486,6.67e-90,"ARL8B"
"EDNRA",3.66e-94,3.968,0.059,0.005,6.82e-90,"EDNRA"
"MDM2",4.4e-94,0.929,0.614,0.499,8.19e-90,"MDM2"
"SDCBP2",4.51e-94,2.34,0.086,0.018,8.39e-90,"SDCBP2"
"SVIP",5.27e-94,1.782,0.197,0.091,9.81e-90,"SVIP"
"REPIN1",5.52e-94,0.849,0.346,0.206,1.03e-89,"REPIN1"
"CAVIN4",5.57e-94,-0.666,0.201,0.341,1.04e-89,"CAVIN4"
"TXNL1",7.35e-94,0.422,0.813,0.747,1.37e-89,"TXNL1"
"BCL6",7.72e-94,1.356,0.198,0.091,1.44e-89,"BCL6"
"SIGMAR1",8.67e-94,1.196,0.202,0.092,1.61e-89,"SIGMAR1"
"SMAP1",9.09e-94,0.443,0.789,0.707,1.69e-89,"SMAP1"
"SSR1",1.02e-93,0.675,0.604,0.479,1.9e-89,"SSR1"
"MYBL1",1.1e-93,-1.275,0.124,0.238,2.05e-89,"MYBL1"
"PLK4",1.16e-93,-1.136,0.125,0.242,2.16e-89,"PLK4"
"NKAIN4",1.19e-93,1.529,0.236,0.123,2.21e-89,"NKAIN4"
"BCKDK",1.24e-93,1.061,0.222,0.106,2.31e-89,"BCKDK"
"PSMD1",1.29e-93,0.456,0.77,0.703,2.4e-89,"PSMD1"
"C9orf85",1.33e-93,0.682,0.39,0.24,2.47e-89,"C9orf85"
"SCD5",1.33e-93,0.82,0.744,0.664,2.48e-89,"SCD5"
"HMOX1",1.4e-93,2.554,0.068,0.009,2.61e-89,"HMOX1"
"CALCOCO2",1.42e-93,0.771,0.43,0.284,2.64e-89,"CALCOCO2"
"PSMC4",1.55e-93,0.63,0.626,0.505,2.89e-89,"PSMC4"
"CBARP",1.59e-93,1.07,0.192,0.084,2.95e-89,"CBARP"
"FASTK",1.96e-93,0.824,0.328,0.191,3.65e-89,"FASTK"
"PPM1H",2.04e-93,1.806,0.106,0.029,3.8e-89,"PPM1H"
"PAICS",2.11e-93,0.656,0.613,0.497,3.92e-89,"PAICS"
"LMO4",2.18e-93,-0.487,0.847,0.765,4.06e-89,"LMO4"
"SKA1",2.51e-93,-1.335,0.071,0.172,4.68e-89,"SKA1"
"DNAJC7",2.92e-93,0.481,0.762,0.689,5.44e-89,"DNAJC7"
"C1GALT1C1",3.6e-93,1.023,0.255,0.133,6.7e-89,"C1GALT1C1"
"PNMA1",3.74e-93,0.604,0.641,0.522,6.97e-89,"PNMA1"
"TMEM164",3.96e-93,0.848,0.487,0.35,7.38e-89,"TMEM164"
"KRCC1",4.07e-93,0.726,0.451,0.304,7.57e-89,"KRCC1"
"PPARD",4.26e-93,0.873,0.286,0.157,7.93e-89,"PPARD"
"CDC73",4.78e-93,0.531,0.708,0.595,8.89e-89,"CDC73"
"SLC2A10",5.11e-93,2.4,0.08,0.015,9.52e-89,"SLC2A10"
"EXO1",5.53e-93,-1.158,0.106,0.218,1.03e-88,"EXO1"
"SERINC5",5.76e-93,-0.356,0.624,0.722,1.07e-88,"SERINC5"
"PIK3R1",6.58e-93,0.768,0.566,0.422,1.22e-88,"PIK3R1"
"PTGR2",7.4e-93,1.146,0.217,0.104,1.38e-88,"PTGR2"
"E2F5",9.16e-93,0.674,0.509,0.363,1.71e-88,"E2F5"
"AGRN",9.65e-93,0.987,0.189,0.081,1.8e-88,"AGRN"
"MYCBP",9.88e-93,1.036,0.26,0.136,1.84e-88,"MYCBP"
"SNTG1",1.29e-92,0.892,0.826,0.748,2.4e-88,"SNTG1"
"LLPH",1.4e-92,0.688,0.482,0.334,2.6e-88,"LLPH"
"MRPL16",1.42e-92,0.756,0.425,0.279,2.65e-88,"MRPL16"
"RSPH1",1.51e-92,3.566,0.057,0.005,2.81e-88,"RSPH1"
"VPS35L",1.84e-92,0.619,0.573,0.434,3.43e-88,"VPS35L"
"DFFA",1.86e-92,0.716,0.437,0.292,3.46e-88,"DFFA"
"YPEL1",2e-92,-0.419,0.479,0.616,3.72e-88,"YPEL1"
"SPEF2",2.2e-92,1.353,0.146,0.054,4.1e-88,"SPEF2"
"SFRP2",2.24e-92,2.469,0.145,0.056,4.18e-88,"SFRP2"
"ELOVL5",2.25e-92,0.719,0.558,0.432,4.19e-88,"ELOVL5"
"SYT16",2.29e-92,-1.358,0.048,0.139,4.26e-88,"SYT16"
"IKZF2",2.4e-92,0.758,0.389,0.245,4.47e-88,"IKZF2"
"NOB1",2.74e-92,1.008,0.252,0.13,5.1e-88,"NOB1"
"TACC3",2.84e-92,-0.853,0.158,0.284,5.29e-88,"TACC3"
"GCC2",3.5e-92,0.579,0.604,0.461,6.51e-88,"GCC2"
"LAMTOR3",3.62e-92,0.654,0.559,0.419,6.74e-88,"LAMTOR3"
"RHBDF1",3.69e-92,3.794,0.054,0.004,6.87e-88,"RHBDF1"
"GATAD1",3.92e-92,0.709,0.459,0.314,7.29e-88,"GATAD1"
"TRIM22",4.1e-92,2.027,0.101,0.027,7.64e-88,"TRIM22"
"XBP1",4.29e-92,1.119,0.278,0.154,7.99e-88,"XBP1"
"GUF1",4.55e-92,0.845,0.364,0.224,8.47e-88,"GUF1"
"MGST1",4.61e-92,1.284,0.391,0.269,8.58e-88,"MGST1"
"DOCK10",4.78e-92,2.199,0.105,0.03,8.89e-88,"DOCK10"
"STRADB",4.96e-92,0.733,0.427,0.281,9.23e-88,"STRADB"
"HMGCR",5.09e-92,0.74,0.57,0.455,9.48e-88,"HMGCR"
"FLII",5.14e-92,1.049,0.247,0.127,9.56e-88,"FLII"
"TLR4",5.2e-92,5.075,0.049,0.002,9.67e-88,"TLR4"
"RUNX1T1",5.32e-92,-1.714,0.152,0.266,9.9e-88,"RUNX1T1"
"CNBP",5.72e-92,0.476,0.78,0.72,1.07e-87,"CNBP"
"DHRS1",5.73e-92,0.892,0.265,0.14,1.07e-87,"DHRS1"
"GPAA1",5.74e-92,0.838,0.351,0.212,1.07e-87,"GPAA1"
"NT5DC1",5.93e-92,1.346,0.138,0.049,1.1e-87,"NT5DC1"
"EIF4B",6.1e-92,0.446,0.882,0.841,1.14e-87,"EIF4B"
"PGRMC1",6.11e-92,0.516,0.746,0.682,1.14e-87,"PGRMC1"
"SPTSSB",6.38e-92,3.133,0.057,0.005,1.19e-87,"SPTSSB"
"TAGLN",6.52e-92,3.756,0.073,0.012,1.21e-87,"TAGLN"
"ZDHHC24",6.52e-92,1.016,0.217,0.103,1.21e-87,"ZDHHC24"
"PDCD2",6.79e-92,0.653,0.484,0.338,1.26e-87,"PDCD2"
"ZSWIM7",8.22e-92,0.69,0.471,0.323,1.53e-87,"ZSWIM7"
"PHF23",9.23e-92,0.843,0.349,0.211,1.72e-87,"PHF23"
"BTBD1",9.29e-92,0.69,0.514,0.378,1.73e-87,"BTBD1"
"NUFIP2",9.3e-92,0.587,0.677,0.577,1.73e-87,"NUFIP2"
"PBDC1",1.22e-91,0.746,0.437,0.291,2.26e-87,"PBDC1"
"NUDT16",1.31e-91,1.26,0.173,0.072,2.44e-87,"NUDT16"
"USB1",1.37e-91,0.956,0.274,0.147,2.54e-87,"USB1"
"TNFRSF10B",1.53e-91,0.986,0.305,0.175,2.84e-87,"TNFRSF10B"
"PSPH",1.63e-91,0.844,0.302,0.17,3.03e-87,"PSPH"
"NUDT5",1.73e-91,0.601,0.616,0.492,3.21e-87,"NUDT5"
"MTX1",1.9e-91,0.871,0.265,0.139,3.53e-87,"MTX1"
"UBE2D3",2.38e-91,0.385,0.881,0.85,4.42e-87,"UBE2D3"
"SLC52A2",2.45e-91,0.973,0.245,0.124,4.55e-87,"SLC52A2"
"ARHGEF12",2.51e-91,0.433,0.785,0.7,4.67e-87,"ARHGEF12"
"SLC18B1",2.51e-91,0.959,0.253,0.132,4.67e-87,"SLC18B1"
"CHD4",2.6e-91,0.451,0.824,0.776,4.84e-87,"CHD4"
"LPAR1",2.63e-91,1.246,0.114,0.034,4.89e-87,"LPAR1"
"LRIG3",3.12e-91,1.513,0.173,0.074,5.8e-87,"LRIG3"
"TIPARP",3.68e-91,1.068,0.308,0.18,6.85e-87,"TIPARP"
"VWA8",4.23e-91,0.56,0.587,0.438,7.87e-87,"VWA8"
"EPS15",4.25e-91,0.609,0.565,0.426,7.9e-87,"EPS15"
"CASQ1",4.35e-91,3.627,0.055,0.004,8.09e-87,"CASQ1"
"PDE10A",4.47e-91,-0.403,0.573,0.705,8.33e-87,"PDE10A"
"SLC6A11",5.02e-91,2.483,0.092,0.022,9.34e-87,"SLC6A11"
"FAM83D",5.38e-91,-1.415,0.083,0.186,1e-86,"FAM83D"
"CKLF",6.06e-91,0.864,0.392,0.255,1.13e-86,"CKLF"
"GSPT1",6.52e-91,0.456,0.761,0.694,1.21e-86,"GSPT1"
"GTPBP6",7.34e-91,0.837,0.319,0.185,1.37e-86,"GTPBP6"
"SYS1",7.64e-91,0.836,0.247,0.125,1.42e-86,"SYS1"
"GLB1",7.83e-91,0.714,0.432,0.285,1.46e-86,"GLB1"
"CRY1",8.55e-91,0.909,0.518,0.389,1.59e-86,"CRY1"
"ANAPC13",8.99e-91,0.658,0.472,0.324,1.67e-86,"ANAPC13"
"PPP1R12A",1.01e-90,0.429,0.906,0.894,1.89e-86,"PPP1R12A"
"DDX18",1.19e-90,0.614,0.64,0.517,2.22e-86,"DDX18"
"ARHGAP26",1.25e-90,0.907,0.201,0.092,2.33e-86,"ARHGAP26"
"THBS4",1.26e-90,0.909,0.226,0.109,2.34e-86,"THBS4"
"IL17D",1.38e-90,1.311,0.188,0.084,2.57e-86,"IL17D"
"GRIN2B",1.5e-90,0.523,0.276,0.145,2.78e-86,"GRIN2B"
"KIFC3",1.57e-90,1.207,0.121,0.038,2.93e-86,"KIFC3"
"ATP8A2",1.83e-90,-1.1,0.092,0.2,3.41e-86,"ATP8A2"
"TIGAR",2.14e-90,0.659,0.452,0.307,3.99e-86,"TIGAR"
"LATS2",2.22e-90,1.08,0.209,0.099,4.14e-86,"LATS2"
"ATP2A2",2.58e-90,0.525,0.698,0.597,4.79e-86,"ATP2A2"
"PGM2",2.99e-90,0.936,0.238,0.12,5.56e-86,"PGM2"
"SFRP1",3.46e-90,1.442,0.449,0.328,6.43e-86,"SFRP1"
"PXYLP1",3.56e-90,0.747,0.628,0.504,6.64e-86,"PXYLP1"
"HAGHL",3.64e-90,1.91,0.093,0.023,6.77e-86,"HAGHL"
"HERC1",3.9e-90,-0.265,0.833,0.898,7.25e-86,"HERC1"
"KDM4C",4.09e-90,0.58,0.596,0.437,7.62e-86,"KDM4C"
"EFNA4",4.52e-90,2.307,0.089,0.021,8.42e-86,"EFNA4"
"IGSF9B",4.67e-90,1.646,0.193,0.088,8.7e-86,"IGSF9B"
"DNAJB2",4.94e-90,0.842,0.276,0.148,9.19e-86,"DNAJB2"
"PTRH1",4.95e-90,0.976,0.235,0.117,9.21e-86,"PTRH1"
"VPS13C",5.16e-90,0.495,0.796,0.698,9.61e-86,"VPS13C"
"UQCRC2",5.48e-90,0.509,0.743,0.651,1.02e-85,"UQCRC2"
"CPNE2",6.13e-90,0.774,0.472,0.329,1.14e-85,"CPNE2"
"ALDH1A2",7.18e-90,3.456,0.058,0.006,1.34e-85,"ALDH1A2"
"PCYOX1",7.26e-90,0.761,0.44,0.299,1.35e-85,"PCYOX1"
"NEDD9",7.52e-90,0.852,0.33,0.196,1.4e-85,"NEDD9"
"FAM120C",8.01e-90,0.725,0.395,0.253,1.49e-85,"FAM120C"
"APOOL",8.15e-90,0.699,0.436,0.289,1.52e-85,"APOOL"
"FANCB",1.03e-89,-0.893,0.153,0.275,1.92e-85,"FANCB"
"VWA5A",1.06e-89,1.673,0.101,0.027,1.97e-85,"VWA5A"
"SPC24",1.27e-89,-1.073,0.115,0.228,2.36e-85,"SPC24"
"GMFB",1.29e-89,0.673,0.562,0.425,2.4e-85,"GMFB"
"ENSG00000280285",1.66e-89,5.362,0.048,0.002,3.1e-85,"ENSG00000280285"
"FRMD3",1.83e-89,0.838,0.284,0.154,3.41e-85,"FRMD3"
"AGPAT3",1.98e-89,0.637,0.544,0.41,3.68e-85,"AGPAT3"
"TMEM187",2.27e-89,1.248,0.165,0.068,4.23e-85,"TMEM187"
"GLTP",2.29e-89,0.727,0.432,0.289,4.27e-85,"GLTP"
"DTX3L",2.31e-89,1.568,0.13,0.045,4.29e-85,"DTX3L"
"TTC1",2.42e-89,0.536,0.657,0.542,4.51e-85,"TTC1"
"FKBP1B",2.43e-89,0.819,0.261,0.135,4.52e-85,"FKBP1B"
"ESR1",2.44e-89,0.726,0.685,0.591,4.54e-85,"ESR1"
"BIRC5",3.05e-89,-0.482,0.154,0.287,5.68e-85,"BIRC5"
"DGKI",3.31e-89,1.192,0.626,0.524,6.17e-85,"DGKI"
"PACC1",3.64e-89,0.776,0.441,0.297,6.78e-85,"PACC1"
"CAPN2",4.04e-89,0.735,0.475,0.334,7.52e-85,"CAPN2"
"SETX",4.32e-89,0.556,0.675,0.562,8.04e-85,"SETX"
"ARF1",5.38e-89,0.48,0.797,0.737,1e-84,"ARF1"
"IQCH",7.24e-89,0.725,0.172,0.072,1.35e-84,"IQCH"
"CDH4",7.3e-89,0.509,0.515,0.341,1.36e-84,"CDH4"
"PCNP",8.73e-89,0.461,0.786,0.721,1.63e-84,"PCNP"
"CD320",9.06e-89,0.937,0.275,0.152,1.69e-84,"CD320"
"PMVK",9.11e-89,0.743,0.451,0.31,1.7e-84,"PMVK"
"HSD17B14",1.01e-88,2.051,0.088,0.02,1.87e-84,"HSD17B14"
"ARCN1",1.05e-88,0.704,0.53,0.398,1.95e-84,"ARCN1"
"DNAAF11",1.07e-88,1.258,0.158,0.064,1.99e-84,"DNAAF11"
"NUDCD2",1.12e-88,0.549,0.619,0.493,2.08e-84,"NUDCD2"
"SCARB2",1.29e-88,0.499,0.777,0.69,2.41e-84,"SCARB2"
"TSPAN33",1.41e-88,1.527,0.125,0.042,2.62e-84,"TSPAN33"
"CCDC112",1.54e-88,-0.318,0.708,0.801,2.86e-84,"CCDC112"
"CA3",1.67e-88,2.111,0.083,0.018,3.11e-84,"CA3"
"H3C12",2.05e-88,-1.672,0.048,0.133,3.81e-84,"H3C12"
"ZMPSTE24",2.17e-88,0.765,0.372,0.233,4.05e-84,"ZMPSTE24"
"CDH6",2.42e-88,2.265,0.081,0.017,4.5e-84,"CDH6"
"NDUFA6",2.56e-88,0.528,0.692,0.586,4.76e-84,"NDUFA6"
"RIOK3",2.73e-88,0.591,0.552,0.412,5.09e-84,"RIOK3"
"LYRM4",2.76e-88,0.623,0.554,0.41,5.14e-84,"LYRM4"
"MAEL",2.81e-88,2.15,0.081,0.017,5.23e-84,"MAEL"
"AHSA1",3.02e-88,0.634,0.541,0.408,5.63e-84,"AHSA1"
"COPS7A",3.05e-88,0.93,0.272,0.148,5.69e-84,"COPS7A"
"WDR18",3.11e-88,0.843,0.364,0.228,5.79e-84,"WDR18"
"CCDC150",3.3e-88,-1.171,0.128,0.24,6.15e-84,"CCDC150"
"LRRC34",3.54e-88,1.985,0.095,0.025,6.6e-84,"LRRC34"
"TOLLIP",3.79e-88,0.837,0.307,0.174,7.05e-84,"TOLLIP"
"BAIAP2",4.03e-88,0.839,0.33,0.194,7.51e-84,"BAIAP2"
"TPR",4.05e-88,0.437,0.831,0.78,7.54e-84,"TPR"
"SNAP23",4.31e-88,0.739,0.384,0.24,8.03e-84,"SNAP23"
"MRPL47",4.35e-88,0.588,0.645,0.531,8.09e-84,"MRPL47"
"PIGBOS1",5.42e-88,0.804,0.28,0.153,1.01e-83,"PIGBOS1"
"TMEM54",6.97e-88,1.386,0.161,0.067,1.3e-83,"TMEM54"
"SCG3",7.89e-88,-0.103,0.443,0.645,1.47e-83,"SCG3"
"CCDC30",8.07e-88,0.81,0.304,0.173,1.5e-83,"CCDC30"
"RPS6KA5",8.11e-88,-0.611,0.341,0.472,1.51e-83,"RPS6KA5"
"LMBRD1",8.6e-88,0.53,0.63,0.477,1.6e-83,"LMBRD1"
"LIN7A",1.02e-87,0.807,0.282,0.155,1.91e-83,"LIN7A"
"LARP6",1.22e-87,0.863,0.285,0.157,2.27e-83,"LARP6"
"TNFSF12",1.23e-87,1.385,0.127,0.043,2.29e-83,"TNFSF12"
"MTM1",1.67e-87,0.756,0.367,0.226,3.1e-83,"MTM1"
"SLC40A1",1.83e-87,1.386,0.174,0.076,3.41e-83,"SLC40A1"
"RIMS2",1.85e-87,-0.904,0.39,0.514,3.45e-83,"RIMS2"
"HEXA",1.92e-87,0.672,0.425,0.281,3.58e-83,"HEXA"
"ZNF576",1.95e-87,0.975,0.232,0.116,3.64e-83,"ZNF576"
"NDUFA10",2.49e-87,0.546,0.682,0.589,4.63e-83,"NDUFA10"
"HDHD2",2.68e-87,0.709,0.449,0.306,4.99e-83,"HDHD2"
"MAPK4",2.78e-87,1.055,0.47,0.348,5.17e-83,"MAPK4"
"IFI27L1",2.8e-87,0.747,0.447,0.308,5.22e-83,"IFI27L1"
"PIEZO1",3.27e-87,2.162,0.084,0.019,6.08e-83,"PIEZO1"
"MTMR11",3.66e-87,2.546,0.073,0.013,6.82e-83,"MTMR11"
"RIMOC1",4.92e-87,0.749,0.352,0.214,9.17e-83,"RIMOC1"
"SNAPIN",5.34e-87,0.673,0.519,0.378,9.94e-83,"SNAPIN"
"RDH10",5.35e-87,1.941,0.113,0.036,9.96e-83,"RDH10"
"H2AJ",6.33e-87,1.358,0.173,0.075,1.18e-82,"H2AJ"
"ENSG00000285777",6.94e-87,1.849,0.082,0.017,1.29e-82,"ENSG00000285777"
"ZCCHC9",7.16e-87,0.924,0.276,0.154,1.33e-82,"ZCCHC9"
"C11orf87",7.49e-87,2.034,0.094,0.024,1.39e-82,"C11orf87"
"XPNPEP1",7.6e-87,0.847,0.295,0.167,1.41e-82,"XPNPEP1"
"ACVR2A",8.86e-87,-0.524,0.564,0.672,1.65e-82,"ACVR2A"
"CELSR2",9.29e-87,0.778,0.442,0.299,1.73e-82,"CELSR2"
"ZDHHC21",1.02e-86,0.514,0.672,0.56,1.9e-82,"ZDHHC21"
"ARHGEF40",1.03e-86,0.832,0.384,0.249,1.92e-82,"ARHGEF40"
"GPNMB",1.04e-86,4.636,0.048,0.002,1.94e-82,"GPNMB"
"SESTD1",1.07e-86,-0.25,0.749,0.836,1.99e-82,"SESTD1"
"ZNF519",1.16e-86,-0.479,0.341,0.486,2.15e-82,"ZNF519"
"STK38L",1.18e-86,0.708,0.473,0.331,2.19e-82,"STK38L"
"TCIM",1.24e-86,2.393,0.095,0.026,2.31e-82,"TCIM"
"GABARAPL1",1.28e-86,0.906,0.279,0.154,2.39e-82,"GABARAPL1"
"NUP160",1.35e-86,-0.351,0.639,0.752,2.52e-82,"NUP160"
"MIF4GD",1.39e-86,0.94,0.263,0.142,2.58e-82,"MIF4GD"
"H2AC12",1.63e-86,-0.955,0.092,0.198,3.03e-82,"H2AC12"
"E2F8",1.67e-86,-1.391,0.062,0.154,3.1e-82,"E2F8"
"CCNE2",2e-86,-0.639,0.228,0.367,3.72e-82,"CCNE2"
"EPHB1",2.39e-86,1.038,0.468,0.335,4.45e-82,"EPHB1"
"FOXK1",2.45e-86,0.755,0.425,0.289,4.55e-82,"FOXK1"
"SUMO2",2.53e-86,0.298,0.991,0.992,4.7e-82,"SUMO2"
"ENO4",2.55e-86,-1.226,0.238,0.35,4.74e-82,"ENO4"
"NMU",2.79e-86,-1.525,0.082,0.182,5.19e-82,"NMU"
"RRP9",2.83e-86,1.16,0.151,0.06,5.27e-82,"RRP9"
"HBEGF",2.87e-86,2.702,0.082,0.018,5.33e-82,"HBEGF"
"CFAP418",2.96e-86,1.319,0.136,0.05,5.5e-82,"CFAP418"
"TRAF7",3.1e-86,0.929,0.284,0.16,5.76e-82,"TRAF7"
"SNX18",3.23e-86,0.922,0.219,0.107,6.01e-82,"SNX18"
"PEX19",3.3e-86,1.065,0.225,0.114,6.15e-82,"PEX19"
"ABHD17C",3.33e-86,0.772,0.361,0.225,6.2e-82,"ABHD17C"
"FHL3",3.39e-86,1.576,0.109,0.033,6.31e-82,"FHL3"
"CDC42BPA",3.6e-86,-0.357,0.882,0.916,6.7e-82,"CDC42BPA"
"KIF21B",4.11e-86,-0.458,0.204,0.35,7.65e-82,"KIF21B"
"SSBP4",4.36e-86,0.709,0.472,0.332,8.11e-82,"SSBP4"
"E2F7",4.72e-86,-0.999,0.127,0.24,8.78e-82,"E2F7"
"MED12L",4.88e-86,0.47,0.507,0.349,9.09e-82,"MED12L"
"GADD45B",5.3e-86,1.759,0.095,0.025,9.87e-82,"GADD45B"
"ATG3",5.33e-86,0.684,0.476,0.341,9.92e-82,"ATG3"
"PBRM1",5.44e-86,-0.222,0.922,0.953,1.01e-81,"PBRM1"
"STMN4",5.56e-86,0.442,0.652,0.499,1.03e-81,"STMN4"
"TYW3",5.91e-86,1.044,0.214,0.106,1.1e-81,"TYW3"
"SAMD12",6.45e-86,0.981,0.158,0.064,1.2e-81,"SAMD12"
"SCN8A",6.89e-86,-0.402,0.455,0.59,1.28e-81,"SCN8A"
"EFEMP1",7.23e-86,4.279,0.066,0.01,1.35e-81,"EFEMP1"
"COMMD9",8.34e-86,0.719,0.344,0.204,1.55e-81,"COMMD9"
"GSTM4",8.38e-86,1.582,0.123,0.042,1.56e-81,"GSTM4"
"COBL",9.68e-86,0.979,0.216,0.107,1.8e-81,"COBL"
"SQLE",1.2e-85,0.661,0.687,0.611,2.23e-81,"SQLE"
"PEX2",1.25e-85,0.738,0.394,0.257,2.32e-81,"PEX2"
"DNAJB4",1.25e-85,1.025,0.224,0.113,2.33e-81,"DNAJB4"
"PCBP2",1.28e-85,0.334,0.934,0.915,2.38e-81,"PCBP2"
"FAM136A",1.28e-85,0.656,0.515,0.383,2.38e-81,"FAM136A"
"IFIH1",1.43e-85,1.815,0.117,0.039,2.66e-81,"IFIH1"
"TPPP3",1.75e-85,2.137,0.1,0.029,3.26e-81,"TPPP3"
"XRCC6",1.85e-85,0.401,0.826,0.781,3.44e-81,"XRCC6"
"TNS3",1.99e-85,1.453,0.144,0.056,3.71e-81,"TNS3"
"MICA",2.2e-85,3.74,0.053,0.004,4.09e-81,"MICA"
"IMP3",2.35e-85,0.705,0.425,0.284,4.37e-81,"IMP3"
"SEPTIN8",2.62e-85,0.814,0.33,0.198,4.88e-81,"SEPTIN8"
"PNISR",3.27e-85,0.305,0.953,0.935,6.08e-81,"PNISR"
"DCAF8",3.48e-85,0.702,0.453,0.313,6.47e-81,"DCAF8"
"IGBP1",3.85e-85,0.582,0.621,0.492,7.17e-81,"IGBP1"
"SIK3",4.11e-85,0.475,0.79,0.698,7.66e-81,"SIK3"
"PAIP1",4.82e-85,0.468,0.756,0.669,8.97e-81,"PAIP1"
"AASDHPPT",5.06e-85,0.52,0.659,0.537,9.42e-81,"AASDHPPT"
"ZBTB38",5.22e-85,0.694,0.225,0.109,9.71e-81,"ZBTB38"
"RRP15",6.78e-85,0.772,0.348,0.212,1.26e-80,"RRP15"
"MAPK12",6.85e-85,1.101,0.164,0.068,1.28e-80,"MAPK12"
"TIMM10",7e-85,0.708,0.47,0.333,1.3e-80,"TIMM10"
"TUBA1C",7.1e-85,-1.049,0.15,0.265,1.32e-80,"TUBA1C"
"ACOX2",8.06e-85,2.674,0.06,0.008,1.5e-80,"ACOX2"
"MRPS18B",8.81e-85,0.752,0.33,0.197,1.64e-80,"MRPS18B"
"GNS",9.57e-85,0.765,0.357,0.221,1.78e-80,"GNS"
"ADI1",1.11e-84,0.727,0.387,0.249,2.06e-80,"ADI1"
"RNF144A",1.12e-84,-0.454,0.374,0.518,2.09e-80,"RNF144A"
"TRADD",1.16e-84,2.551,0.064,0.01,2.16e-80,"TRADD"
"CAMK4",1.17e-84,-1.019,0.291,0.414,2.19e-80,"CAMK4"
"SURF4",1.18e-84,0.724,0.455,0.321,2.2e-80,"SURF4"
"SEC11C",1.18e-84,0.534,0.734,0.616,2.2e-80,"SEC11C"
"FREM2",1.23e-84,0.636,0.428,0.282,2.3e-80,"FREM2"
"PRR5L",1.36e-84,1.107,0.215,0.108,2.53e-80,"PRR5L"
"CFAP97",1.72e-84,0.587,0.608,0.493,3.2e-80,"CFAP97"
"GREB1L",1.77e-84,1.01,0.311,0.189,3.29e-80,"GREB1L"
"RFC1",1.85e-84,0.525,0.679,0.564,3.45e-80,"RFC1"
"KXD1",2.04e-84,0.706,0.418,0.28,3.8e-80,"KXD1"
"EIF2D",2.17e-84,0.883,0.251,0.133,4.04e-80,"EIF2D"
"PPIL4",2.33e-84,0.549,0.673,0.565,4.34e-80,"PPIL4"
"WDR62",2.81e-84,-1.187,0.097,0.199,5.23e-80,"WDR62"
"MRPL11",3.3e-84,0.641,0.52,0.387,6.14e-80,"MRPL11"
"ATP1A3",3.39e-84,-0.569,0.192,0.328,6.31e-80,"ATP1A3"
"KIF13A",3.4e-84,0.495,0.545,0.392,6.33e-80,"KIF13A"
"ETHE1",3.81e-84,0.752,0.382,0.245,7.09e-80,"ETHE1"
"RRAGC",3.89e-84,0.78,0.416,0.28,7.23e-80,"RRAGC"
"MYC",5.53e-84,1.815,0.098,0.027,1.03e-79,"MYC"
"H2AC11",5.92e-84,-1.08,0.089,0.19,1.1e-79,"H2AC11"
"FOXP2",7.31e-84,-2.1,0.092,0.191,1.36e-79,"FOXP2"
"MYL6B",9.35e-84,0.48,0.786,0.703,1.74e-79,"MYL6B"
"NSA2",9.76e-84,0.51,0.737,0.653,1.82e-79,"NSA2"
"USP6NL",1.05e-83,0.668,0.577,0.451,1.96e-79,"USP6NL"
"NAA38",1.07e-83,0.535,0.639,0.521,1.99e-79,"NAA38"
"OSTM1",1.11e-83,0.694,0.461,0.321,2.06e-79,"OSTM1"
"PABPN1",1.4e-83,0.5,0.726,0.639,2.6e-79,"PABPN1"
"XPC",1.43e-83,0.74,0.448,0.312,2.66e-79,"XPC"
"MRPS28",1.65e-83,0.511,0.608,0.47,3.07e-79,"MRPS28"
"TSFM",1.99e-83,0.757,0.376,0.24,3.71e-79,"TSFM"
"GCLM",2.02e-83,0.793,0.358,0.227,3.76e-79,"GCLM"
"ARNT2",2.07e-83,0.52,0.759,0.692,3.86e-79,"ARNT2"
"AIFM1",2.08e-83,0.855,0.32,0.192,3.86e-79,"AIFM1"
"MFGE8",2.11e-83,1.087,0.279,0.161,3.93e-79,"MFGE8"
"SNAPC5",2.32e-83,0.856,0.269,0.148,4.31e-79,"SNAPC5"
"SMPD1",2.39e-83,1.269,0.129,0.046,4.46e-79,"SMPD1"
"CNTRL",2.55e-83,-0.695,0.465,0.569,4.75e-79,"CNTRL"
"METTL15",2.59e-83,0.523,0.633,0.5,4.82e-79,"METTL15"
"HMGA1",2.8e-83,0.848,0.462,0.333,5.22e-79,"HMGA1"
"THBS2",3.07e-83,2.836,0.053,0.005,5.71e-79,"THBS2"
"IPO8",3.17e-83,0.832,0.445,0.307,5.9e-79,"IPO8"
"PRTG",3.29e-83,0.81,0.251,0.133,6.13e-79,"PRTG"
"ADORA2B",4.11e-83,2.066,0.096,0.027,7.65e-79,"ADORA2B"
"SGCD",4.43e-83,1.876,0.086,0.021,8.25e-79,"SGCD"
"AP3B2",6.16e-83,-0.527,0.267,0.408,1.15e-78,"AP3B2"
"MIEN1",6.54e-83,0.62,0.594,0.468,1.22e-78,"MIEN1"
"GRSF1",7.1e-83,0.571,0.623,0.508,1.32e-78,"GRSF1"
"CMC1",7.18e-83,0.579,0.54,0.399,1.34e-78,"CMC1"
"SKA3",7.42e-83,-0.993,0.107,0.214,1.38e-78,"SKA3"
"FAM53C",8.02e-83,0.867,0.327,0.199,1.49e-78,"FAM53C"
"ST3GAL5",8.39e-83,0.937,0.293,0.17,1.56e-78,"ST3GAL5"
"S1PR3",8.57e-83,2.483,0.069,0.012,1.6e-78,"S1PR3"
"POR",1.07e-82,0.715,0.365,0.228,1.99e-78,"POR"
"SLC35G2",1.11e-82,0.731,0.408,0.271,2.06e-78,"SLC35G2"
"RAB3GAP2",1.39e-82,0.639,0.686,0.596,2.58e-78,"RAB3GAP2"
"GSPT2",1.47e-82,0.689,0.424,0.282,2.74e-78,"GSPT2"
"AKT1S1",1.58e-82,1.23,0.15,0.06,2.94e-78,"AKT1S1"
"TSPAN31",1.71e-82,0.745,0.352,0.218,3.19e-78,"TSPAN31"
"PCYT2",1.72e-82,1.142,0.15,0.06,3.19e-78,"PCYT2"
"SPAG1",2e-82,0.965,0.289,0.167,3.73e-78,"SPAG1"
"RTKN",2.09e-82,1.16,0.162,0.069,3.89e-78,"RTKN"
"IK",2.11e-82,0.453,0.743,0.65,3.93e-78,"IK"
"TMEM101",2.16e-82,1.115,0.186,0.086,4.02e-78,"TMEM101"
"CCDC90B",2.16e-82,0.539,0.643,0.528,4.03e-78,"CCDC90B"
"CCDC74B",2.17e-82,1.812,0.1,0.029,4.03e-78,"CCDC74B"
"NEDD4",2.2e-82,0.531,0.508,0.36,4.09e-78,"NEDD4"
"PNO1",2.23e-82,0.873,0.28,0.159,4.14e-78,"PNO1"
"MRPL38",2.25e-82,0.764,0.371,0.237,4.19e-78,"MRPL38"
"ISG15",2.37e-82,1.985,0.138,0.053,4.42e-78,"ISG15"
"INSYN2A",2.41e-82,1.072,0.159,0.066,4.49e-78,"INSYN2A"
"UEVLD",3.48e-82,0.678,0.386,0.246,6.48e-78,"UEVLD"
"ACSF2",3.71e-82,2.06,0.097,0.028,6.91e-78,"ACSF2"
"RHOB",4e-82,0.931,0.419,0.293,7.44e-78,"RHOB"
"NTHL1",4.98e-82,0.893,0.268,0.149,9.26e-78,"NTHL1"
"DHX40",4.99e-82,0.593,0.577,0.447,9.28e-78,"DHX40"
"SGSM2",5.2e-82,0.803,0.279,0.155,9.67e-78,"SGSM2"
"RALGPS1",5.77e-82,-0.464,0.534,0.642,1.07e-77,"RALGPS1"
"BCOR",6.08e-82,-0.48,0.388,0.523,1.13e-77,"BCOR"
"CTDSP1",6.58e-82,1.048,0.22,0.112,1.23e-77,"CTDSP1"
"RAB22A",6.95e-82,0.596,0.585,0.462,1.29e-77,"RAB22A"
"UBAC1",7.41e-82,0.702,0.443,0.304,1.38e-77,"UBAC1"
"METTL8",7.43e-82,0.66,0.446,0.304,1.38e-77,"METTL8"
"KIAA1217",7.49e-82,0.975,0.16,0.068,1.39e-77,"KIAA1217"
"VPS28",7.67e-82,0.499,0.715,0.628,1.43e-77,"VPS28"
"TRUB2",9.05e-82,0.919,0.224,0.113,1.68e-77,"TRUB2"
"TECPR2",9.31e-82,0.619,0.479,0.336,1.73e-77,"TECPR2"
"CDC123",9.35e-82,0.559,0.612,0.498,1.74e-77,"CDC123"
"WDR35",9.41e-82,0.625,0.421,0.279,1.75e-77,"WDR35"
"WDR45B",9.88e-82,0.576,0.588,0.461,1.84e-77,"WDR45B"
"SRP19",1.19e-81,0.482,0.725,0.635,2.21e-77,"SRP19"
"NRBP2",1.24e-81,1.019,0.238,0.126,2.31e-77,"NRBP2"
"KLHL13",1.27e-81,0.825,0.471,0.323,2.37e-77,"KLHL13"
"MZT2A",1.44e-81,0.637,0.588,0.479,2.67e-77,"MZT2A"
"XPOT",1.44e-81,0.776,0.424,0.288,2.69e-77,"XPOT"
"TRMT10C",1.46e-81,0.629,0.516,0.38,2.72e-77,"TRMT10C"
"PLXNA2",1.5e-81,-0.351,0.553,0.664,2.8e-77,"PLXNA2"
"H3-3B",1.52e-81,0.3,0.994,0.996,2.82e-77,"H3-3B"
"UBAP2L",1.6e-81,0.606,0.602,0.485,2.98e-77,"UBAP2L"
"CCDC91",1.62e-81,0.569,0.57,0.422,3.01e-77,"CCDC91"
"KAT2B",1.93e-81,0.903,0.508,0.375,3.59e-77,"KAT2B"
"TMEM67",1.97e-81,0.638,0.368,0.23,3.66e-77,"TMEM67"
"RAB36",2.05e-81,2.157,0.075,0.016,3.81e-77,"RAB36"
"MXRA7",2.05e-81,0.739,0.408,0.275,3.82e-77,"MXRA7"
"VRK1",2.11e-81,-0.772,0.349,0.459,3.93e-77,"VRK1"
"TSNAX",2.21e-81,0.617,0.543,0.407,4.12e-77,"TSNAX"
"FAS",2.32e-81,1.88,0.108,0.035,4.32e-77,"FAS"
"PIK3CB",2.49e-81,0.626,0.614,0.487,4.64e-77,"PIK3CB"
"INPPL1",2.57e-81,1.2,0.186,0.087,4.78e-77,"INPPL1"
"CCL2",2.63e-81,7.871,0.043,0.001,4.9e-77,"CCL2"
"SLC16A2",2.92e-81,0.666,0.434,0.292,5.44e-77,"SLC16A2"
"TOB2",3.89e-81,0.752,0.438,0.304,7.24e-77,"TOB2"
"RCOR2",4.98e-81,-0.575,0.18,0.31,9.26e-77,"RCOR2"
"EMC10",5.43e-81,0.758,0.386,0.251,1.01e-76,"EMC10"
"TALDO1",5.94e-81,0.469,0.761,0.686,1.11e-76,"TALDO1"
"LURAP1",6.34e-81,1.677,0.094,0.026,1.18e-76,"LURAP1"
"C21orf58",6.62e-81,-0.951,0.183,0.298,1.23e-76,"C21orf58"
"MDP1",7.64e-81,0.719,0.364,0.231,1.42e-76,"MDP1"
"AKR1C3",7.65e-81,3.851,0.051,0.004,1.42e-76,"AKR1C3"
"KEAP1",9.45e-81,0.795,0.316,0.19,1.76e-76,"KEAP1"
"CSRNP1",1.01e-80,2.783,0.06,0.008,1.88e-76,"CSRNP1"
"KLF12",1.03e-80,-0.15,0.976,0.987,1.92e-76,"KLF12"
"BUB1",1.03e-80,-1.12,0.128,0.237,1.92e-76,"BUB1"
"RXYLT1",1.06e-80,0.682,0.307,0.179,1.98e-76,"RXYLT1"
"HSPA12A",1.15e-80,0.897,0.216,0.107,2.15e-76,"HSPA12A"
"PRRX1",1.24e-80,1.016,0.322,0.201,2.31e-76,"PRRX1"
"CYB5B",1.52e-80,0.595,0.562,0.432,2.84e-76,"CYB5B"
"GPR135",1.54e-80,0.914,0.311,0.188,2.87e-76,"GPR135"
"CASTOR1",1.58e-80,2.313,0.068,0.012,2.93e-76,"CASTOR1"
"DNAI7",1.67e-80,1.343,0.086,0.022,3.11e-76,"DNAI7"
"CLGN",1.98e-80,-0.612,0.241,0.371,3.69e-76,"CLGN"
"MYO1D",1.99e-80,-0.841,0.189,0.308,3.7e-76,"MYO1D"
"RFC3",2.07e-80,-0.718,0.289,0.416,3.85e-76,"RFC3"
"ZNF827",2.23e-80,0.61,0.573,0.439,4.14e-76,"ZNF827"
"CAPRIN1",2.46e-80,0.384,0.876,0.847,4.58e-76,"CAPRIN1"
"PLEKHJ1",3.13e-80,0.695,0.453,0.316,5.83e-76,"PLEKHJ1"
"DTD2",3.16e-80,1.052,0.197,0.095,5.89e-76,"DTD2"
"JHY",3.28e-80,1.408,0.113,0.037,6.11e-76,"JHY"
"DCTN2",3.35e-80,0.479,0.758,0.686,6.24e-76,"DCTN2"
"CFAP53",3.69e-80,1.498,0.103,0.032,6.88e-76,"CFAP53"
"KAT6B",3.73e-80,-0.251,0.943,0.955,6.94e-76,"KAT6B"
"MSRB1",3.86e-80,1.051,0.176,0.08,7.19e-76,"MSRB1"
"EIF2S3",4.14e-80,0.519,0.68,0.585,7.71e-76,"EIF2S3"
"MED31",4.36e-80,0.669,0.378,0.242,8.11e-76,"MED31"
"VPS37B",4.75e-80,0.902,0.332,0.209,8.84e-76,"VPS37B"
"CDK19",4.87e-80,-0.376,0.719,0.79,9.06e-76,"CDK19"
"PGAP6",5.76e-80,0.991,0.197,0.095,1.07e-75,"PGAP6"
"SF3B1",6.57e-80,0.365,0.904,0.877,1.22e-75,"SF3B1"
"PSMD6",6.67e-80,0.614,0.566,0.44,1.24e-75,"PSMD6"
"EIF2AK1",6.91e-80,0.544,0.63,0.523,1.29e-75,"EIF2AK1"
"TPI1",7.32e-80,0.207,0.751,0.686,1.36e-75,"TPI1"
"SEC22B",7.75e-80,0.699,0.446,0.307,1.44e-75,"SEC22B"
"MTLN",7.93e-80,0.885,0.238,0.126,1.48e-75,"MTLN"
"MYO3A",8.67e-80,-0.453,0.293,0.438,1.61e-75,"MYO3A"
"HDGFL3",1.01e-79,-0.24,0.891,0.927,1.88e-75,"HDGFL3"
"SMIM45",1.01e-79,1.599,0.097,0.028,1.89e-75,"SMIM45"
"BACE1",1.13e-79,0.618,0.509,0.375,2.11e-75,"BACE1"
"MRPS18C",1.28e-79,0.622,0.568,0.442,2.39e-75,"MRPS18C"
"EEF2K",1.31e-79,0.857,0.272,0.155,2.43e-75,"EEF2K"
"DIAPH3",1.34e-79,-1.348,0.257,0.349,2.49e-75,"DIAPH3"
"HSD17B6",1.53e-79,2.601,0.072,0.015,2.85e-75,"HSD17B6"
"RRAGA",1.57e-79,0.613,0.557,0.427,2.93e-75,"RRAGA"
"ETF1",1.61e-79,0.637,0.492,0.36,2.99e-75,"ETF1"
"TSPAN12",1.74e-79,1.211,0.216,0.113,3.23e-75,"TSPAN12"
"ERCC4",1.79e-79,0.647,0.414,0.275,3.33e-75,"ERCC4"
"DPYSL3",1.79e-79,-0.249,0.933,0.962,3.34e-75,"DPYSL3"
"RSL1D1",1.88e-79,0.581,0.587,0.473,3.5e-75,"RSL1D1"
"APEH",1.95e-79,0.996,0.205,0.101,3.63e-75,"APEH"
"OTUB1",1.95e-79,0.643,0.495,0.358,3.63e-75,"OTUB1"
"SLC2A4RG",2.14e-79,0.876,0.282,0.163,3.99e-75,"SLC2A4RG"
"DNAJB9",2.41e-79,0.725,0.357,0.224,4.48e-75,"DNAJB9"
"PHAX",2.46e-79,0.504,0.662,0.551,4.59e-75,"PHAX"
"CYBRD1",2.94e-79,0.78,0.272,0.153,5.48e-75,"CYBRD1"
"TMEM183A",3.03e-79,0.52,0.712,0.622,5.65e-75,"TMEM183A"
"MDH1B",3.08e-79,2.102,0.068,0.013,5.74e-75,"MDH1B"
"CDCA5",3.1e-79,-0.898,0.102,0.206,5.78e-75,"CDCA5"
"SLC35B1",3.15e-79,0.668,0.471,0.338,5.86e-75,"SLC35B1"
"ACSS2",3.17e-79,0.887,0.217,0.109,5.89e-75,"ACSS2"
"UBXN6",3.31e-79,0.87,0.262,0.145,6.17e-75,"UBXN6"
"LGMN",3.38e-79,0.891,0.237,0.126,6.29e-75,"LGMN"
"ANXA11",4.23e-79,2.413,0.078,0.018,7.87e-75,"ANXA11"
"MYBL2",4.65e-79,-0.845,0.122,0.231,8.66e-75,"MYBL2"
"CLINT1",5.18e-79,0.511,0.654,0.543,9.64e-75,"CLINT1"
"SND1",5.49e-79,0.521,0.673,0.576,1.02e-74,"SND1"
"FECH",5.66e-79,0.887,0.166,0.072,1.05e-74,"FECH"
"FAM117A",6.51e-79,1.294,0.154,0.066,1.21e-74,"FAM117A"
"CSNK2A2",6.76e-79,0.573,0.59,0.47,1.26e-74,"CSNK2A2"
"IAH1",7.46e-79,0.679,0.467,0.331,1.39e-74,"IAH1"
"FAM47E",8.11e-79,2.436,0.059,0.008,1.51e-74,"FAM47E"
"NAALADL2",8.46e-79,0.467,0.622,0.48,1.57e-74,"NAALADL2"
"MFSD5",1.08e-78,1.408,0.12,0.042,2.02e-74,"MFSD5"
"GATAD2A",1.14e-78,0.647,0.512,0.381,2.12e-74,"GATAD2A"
"CYB5D2",1.65e-78,0.728,0.313,0.186,3.08e-74,"CYB5D2"
"SYNJ2",1.67e-78,2.169,0.106,0.035,3.1e-74,"SYNJ2"
"CCDC96",1.68e-78,2.658,0.055,0.007,3.13e-74,"CCDC96"
"FDX1",1.72e-78,0.664,0.507,0.379,3.21e-74,"FDX1"
"PYCR2",2e-78,0.88,0.252,0.139,3.72e-74,"PYCR2"
"DDIT4",2.39e-78,0.181,0.377,0.239,4.45e-74,"DDIT4"
"ALG3",3.63e-78,1.193,0.127,0.047,6.77e-74,"ALG3"
"BECN1",3.67e-78,0.651,0.397,0.261,6.83e-74,"BECN1"
"BLM",3.74e-78,-0.965,0.146,0.256,6.96e-74,"BLM"
"SH3D19",3.95e-78,1.249,0.383,0.263,7.34e-74,"SH3D19"
"NECAB3",4.3e-78,1.632,0.101,0.031,8e-74,"NECAB3"
"NRAS",4.35e-78,0.692,0.461,0.33,8.1e-74,"NRAS"
"AP3B1",4.39e-78,0.449,0.665,0.535,8.18e-74,"AP3B1"
"RNFT1",4.54e-78,0.767,0.288,0.167,8.45e-74,"RNFT1"
"ZCCHC17",4.81e-78,0.497,0.667,0.559,8.96e-74,"ZCCHC17"
"ANKS1B",4.82e-78,-0.41,0.643,0.725,8.97e-74,"ANKS1B"
"DEGS1",4.85e-78,0.675,0.461,0.332,9.03e-74,"DEGS1"
"MED10",5.12e-78,0.519,0.615,0.495,9.52e-74,"MED10"
"TMEM223",5.49e-78,0.752,0.295,0.172,1.02e-73,"TMEM223"
"MPLKIP",5.71e-78,0.536,0.651,0.535,1.06e-73,"MPLKIP"
"SALL3",6.04e-78,0.71,0.453,0.321,1.12e-73,"SALL3"
"NAA10",6.33e-78,0.654,0.495,0.365,1.18e-73,"NAA10"
"TSR3",6.33e-78,0.642,0.488,0.352,1.18e-73,"TSR3"
"ECI1",6.42e-78,0.537,0.573,0.443,1.19e-73,"ECI1"
"NEK7",6.42e-78,0.553,0.483,0.339,1.19e-73,"NEK7"
"EPHA4",6.61e-78,-0.6,0.392,0.513,1.23e-73,"EPHA4"
"IER5L",6.92e-78,1.239,0.192,0.095,1.29e-73,"IER5L"
"GALNT13",9.02e-78,-0.546,0.11,0.215,1.68e-73,"GALNT13"
"TCTN3",9.51e-78,0.661,0.369,0.235,1.77e-73,"TCTN3"
"PARPBP",1.13e-77,-1.304,0.182,0.288,2.1e-73,"PARPBP"
"TOB1",1.14e-77,0.82,0.348,0.221,2.12e-73,"TOB1"
"OLA1",1.25e-77,-0.245,0.943,0.954,2.33e-73,"OLA1"
"DOCK7",1.4e-77,0.405,0.908,0.893,2.6e-73,"DOCK7"
"POMGNT1",1.42e-77,0.835,0.287,0.167,2.64e-73,"POMGNT1"
"NR3C2",1.5e-77,1.223,0.1,0.031,2.79e-73,"NR3C2"
"LIMS1",1.83e-77,0.483,0.697,0.579,3.4e-73,"LIMS1"
"SDK1",2.08e-77,-0.77,0.54,0.634,3.88e-73,"SDK1"
"HLCS",2.14e-77,0.577,0.42,0.28,3.98e-73,"HLCS"
"HPS1",2.41e-77,1.372,0.13,0.05,4.48e-73,"HPS1"
"SPATC1L",2.61e-77,0.814,0.278,0.159,4.86e-73,"SPATC1L"
"MEA1",2.83e-77,0.677,0.468,0.34,5.27e-73,"MEA1"
"DSTYK",3.04e-77,0.559,0.628,0.507,5.65e-73,"DSTYK"
"SFT2D2",3.12e-77,0.662,0.467,0.335,5.81e-73,"SFT2D2"
"PLRG1",3.16e-77,0.614,0.532,0.402,5.89e-73,"PLRG1"
"RNF167",3.18e-77,0.655,0.427,0.293,5.91e-73,"RNF167"
"PCDHGB6",3.37e-77,0.891,0.424,0.311,6.27e-73,"PCDHGB6"
"EIF4E2",3.96e-77,0.602,0.538,0.407,7.37e-73,"EIF4E2"
"NMT1",4.19e-77,0.645,0.536,0.404,7.8e-73,"NMT1"
"ENSG00000239920",4.39e-77,1.979,0.087,0.023,8.17e-73,"ENSG00000239920"
"KCNQ3",4.68e-77,-0.517,0.126,0.238,8.72e-73,"KCNQ3"
"DENND10",5.14e-77,0.606,0.488,0.356,9.57e-73,"DENND10"
"HARS1",5.28e-77,0.596,0.503,0.372,9.82e-73,"HARS1"
"SHANK2",5.46e-77,-0.602,0.255,0.384,1.02e-72,"SHANK2"
"EPB41L3",5.67e-77,1.501,0.339,0.221,1.06e-72,"EPB41L3"
"SLC38A7",7.89e-77,1.043,0.167,0.075,1.47e-72,"SLC38A7"
"OTX1",8.15e-77,1.92,0.086,0.023,1.52e-72,"OTX1"
"TM2D1",8.77e-77,0.516,0.619,0.496,1.63e-72,"TM2D1"
"AAMP",9.04e-77,0.705,0.397,0.267,1.68e-72,"AAMP"
"KRR1",9.06e-77,0.539,0.622,0.512,1.69e-72,"KRR1"
"ADAR",1.03e-76,0.485,0.658,0.548,1.91e-72,"ADAR"
"RBM17",1.12e-76,0.434,0.754,0.683,2.08e-72,"RBM17"
"SHCBP1",1.21e-76,-0.885,0.138,0.248,2.25e-72,"SHCBP1"
"AP3D1",1.22e-76,0.67,0.487,0.359,2.27e-72,"AP3D1"
"MEIS1",1.27e-76,0.598,0.683,0.574,2.37e-72,"MEIS1"
"FAM162A",1.42e-76,-0.325,0.429,0.28,2.64e-72,"FAM162A"
"TMEM115",1.64e-76,0.999,0.202,0.101,3.06e-72,"TMEM115"
"NKAP",1.69e-76,0.688,0.409,0.277,3.14e-72,"NKAP"
"SLC30A10",1.71e-76,1.699,0.097,0.03,3.17e-72,"SLC30A10"
"TSPAN10",1.76e-76,2.342,0.065,0.012,3.27e-72,"TSPAN10"
"CRPPA",1.86e-76,0.986,0.14,0.056,3.45e-72,"CRPPA"
"SCO2",2e-76,0.92,0.152,0.063,3.73e-72,"SCO2"
"CNTN5",2.16e-76,-2.638,0.04,0.115,4.02e-72,"CNTN5"
"ENSG00000284762",2.27e-76,0.853,0.315,0.192,4.23e-72,"ENSG00000284762"
"STN1",2.64e-76,1.194,0.13,0.05,4.91e-72,"STN1"
"CERS2",2.76e-76,0.804,0.334,0.21,5.14e-72,"CERS2"
"SNRPC",3.01e-76,0.478,0.723,0.645,5.59e-72,"SNRPC"
"FOXM1",3.13e-76,-0.817,0.131,0.24,5.83e-72,"FOXM1"
"COPS6",3.77e-76,0.512,0.661,0.566,7.01e-72,"COPS6"
"ZFPM2",3.83e-76,0.819,0.496,0.355,7.13e-72,"ZFPM2"
"ZDHHC16",3.84e-76,0.837,0.294,0.175,7.15e-72,"ZDHHC16"
"GPR137C",3.99e-76,-0.352,0.587,0.689,7.43e-72,"GPR137C"
"SWAP70",4.09e-76,0.918,0.258,0.146,7.62e-72,"SWAP70"
"ACYP2",4.16e-76,0.416,0.741,0.629,7.74e-72,"ACYP2"
"TRNT1",4.2e-76,0.69,0.402,0.269,7.81e-72,"TRNT1"
"MLST8",4.35e-76,1.038,0.214,0.111,8.1e-72,"MLST8"
"MAPK1IP1L",5.06e-76,0.528,0.636,0.529,9.42e-72,"MAPK1IP1L"
"SCHIP1",5.51e-76,1.387,0.113,0.04,1.03e-71,"SCHIP1"
"VSTM2A",6.36e-76,-2.612,0.016,0.074,1.18e-71,"VSTM2A"
"RPH3A",6.49e-76,-1.058,0.074,0.166,1.21e-71,"RPH3A"
"ZWINT",6.55e-76,-0.612,0.17,0.288,1.22e-71,"ZWINT"
"NXN",7.39e-76,-0.383,0.627,0.721,1.37e-71,"NXN"
"SMAD3",7.55e-76,0.829,0.204,0.103,1.41e-71,"SMAD3"
"NEURL1B",8.06e-76,-0.907,0.146,0.254,1.5e-71,"NEURL1B"
"ABCF1",8.34e-76,0.587,0.577,0.463,1.55e-71,"ABCF1"
"TRIM36",8.56e-76,-0.373,0.492,0.61,1.59e-71,"TRIM36"
"DPH3",8.65e-76,0.712,0.367,0.238,1.61e-71,"DPH3"
"TMEM128",8.89e-76,0.623,0.429,0.291,1.65e-71,"TMEM128"
"TGIF1",9.68e-76,0.882,0.393,0.271,1.8e-71,"TGIF1"
"FAM117B",1.2e-75,-0.403,0.586,0.695,2.24e-71,"FAM117B"
"LCOR",1.23e-75,-0.229,0.867,0.918,2.3e-71,"LCOR"
"SRP72",1.43e-75,0.436,0.742,0.667,2.67e-71,"SRP72"
"PNKP",1.56e-75,0.861,0.256,0.143,2.91e-71,"PNKP"
"HMGN1",1.82e-75,0.355,0.924,0.919,3.38e-71,"HMGN1"
"PIGX",2e-75,0.623,0.49,0.36,3.72e-71,"PIGX"
"SELENOM",2.02e-75,1.286,0.142,0.059,3.76e-71,"SELENOM"
"MMAB",2.02e-75,0.632,0.331,0.205,3.77e-71,"MMAB"
"DCX",2.05e-75,0.144,0.774,0.964,3.81e-71,"DCX"
"SMARCD3",2.13e-75,0.696,0.373,0.242,3.97e-71,"SMARCD3"
"PNPO",2.22e-75,2.245,0.058,0.009,4.12e-71,"PNPO"
"PHGDH",2.27e-75,0.862,0.358,0.235,4.23e-71,"PHGDH"
"JMJD1C",2.35e-75,-0.179,0.982,0.993,4.37e-71,"JMJD1C"
"ZNF800",2.57e-75,0.682,0.394,0.263,4.79e-71,"ZNF800"
"IRF2",2.69e-75,0.709,0.396,0.264,5e-71,"IRF2"
"ZNF862",2.91e-75,0.631,0.46,0.323,5.41e-71,"ZNF862"
"CAPS2",2.93e-75,0.967,0.316,0.197,5.46e-71,"CAPS2"
"CCDC124",3.52e-75,0.629,0.474,0.344,6.55e-71,"CCDC124"
"NFU1",3.69e-75,0.603,0.543,0.414,6.87e-71,"NFU1"
"THSD4",4.23e-75,2.306,0.129,0.052,7.87e-71,"THSD4"
"IQSEC3",4.71e-75,-2.434,0.009,0.061,8.76e-71,"IQSEC3"
"YWHAZ",5.36e-75,0.315,0.961,0.952,9.97e-71,"YWHAZ"
"ANK3",5.73e-75,-1.361,0.245,0.344,1.07e-70,"ANK3"
"CMTM4",6.18e-75,0.737,0.293,0.171,1.15e-70,"CMTM4"
"PLAT",6.76e-75,1.537,0.092,0.027,1.26e-70,"PLAT"
"LMNA",7.46e-75,0.646,0.615,0.516,1.39e-70,"LMNA"
"MMP2",7.49e-75,1.56,0.123,0.047,1.39e-70,"MMP2"
"GPATCH11",7.67e-75,0.634,0.421,0.289,1.43e-70,"GPATCH11"
"SORBS3",7.99e-75,1.024,0.21,0.109,1.49e-70,"SORBS3"
"ECHDC2",8.1e-75,1.894,0.107,0.036,1.51e-70,"ECHDC2"
"ORAI1",8.51e-75,1.291,0.125,0.048,1.58e-70,"ORAI1"
"IGSF8",8.84e-75,0.857,0.271,0.155,1.65e-70,"IGSF8"
"HSPA4L",9.16e-75,0.889,0.304,0.186,1.71e-70,"HSPA4L"
"SLC25A21",9.44e-75,0.79,0.182,0.086,1.76e-70,"SLC25A21"
"RHOBTB3",1.17e-74,0.523,0.835,0.785,2.18e-70,"RHOBTB3"
"SUN2",1.23e-74,-0.563,0.268,0.395,2.29e-70,"SUN2"
"RBBP7",1.55e-74,0.394,0.805,0.739,2.88e-70,"RBBP7"
"TXNDC12",1.55e-74,0.623,0.512,0.382,2.89e-70,"TXNDC12"
"MRPS17",1.62e-74,0.82,0.251,0.139,3.02e-70,"MRPS17"
"SDHAF2",1.67e-74,0.765,0.296,0.175,3.11e-70,"SDHAF2"
"SLITRK5",1.89e-74,1.638,0.12,0.045,3.53e-70,"SLITRK5"
"LYPLA1",2.1e-74,0.467,0.698,0.595,3.91e-70,"LYPLA1"
"INAFM1",2.31e-74,0.868,0.223,0.118,4.3e-70,"INAFM1"
"TMEM161A",2.32e-74,0.947,0.193,0.095,4.32e-70,"TMEM161A"
"RPSAP58",2.64e-74,0.619,0.475,0.342,4.92e-70,"RPSAP58"
"SCO1",2.75e-74,0.69,0.349,0.22,5.12e-70,"SCO1"
"FANCI",3.2e-74,-0.651,0.231,0.352,5.96e-70,"FANCI"
"LOX",3.66e-74,0.952,0.2,0.102,6.81e-70,"LOX"
"GDPD2",3.81e-74,3.233,0.053,0.007,7.09e-70,"GDPD2"
"SF3B2",4.37e-74,0.41,0.78,0.735,8.13e-70,"SF3B2"
"NRARP",4.66e-74,1.006,0.29,0.177,8.67e-70,"NRARP"
"ATP8B1",4.72e-74,1.064,0.194,0.096,8.79e-70,"ATP8B1"
"EPHX2",4.74e-74,2.4,0.065,0.013,8.82e-70,"EPHX2"
"ACOT9",4.91e-74,1.026,0.2,0.101,9.14e-70,"ACOT9"
"WIPF1",5.8e-74,0.647,0.36,0.23,1.08e-69,"WIPF1"
"IFTAP",5.9e-74,0.657,0.411,0.275,1.1e-69,"IFTAP"
"TMEM218",6.26e-74,0.707,0.373,0.245,1.16e-69,"TMEM218"
"SIRPA",6.44e-74,1.3,0.143,0.061,1.2e-69,"SIRPA"
"WBP1",6.54e-74,0.727,0.352,0.225,1.22e-69,"WBP1"
"USO1",6.71e-74,0.495,0.662,0.555,1.25e-69,"USO1"
"FASTKD1",6.91e-74,0.608,0.39,0.254,1.29e-69,"FASTKD1"
"DDX21",6.98e-74,0.636,0.548,0.431,1.3e-69,"DDX21"
"C6orf141",8.67e-74,7.617,0.036,0,1.61e-69,"C6orf141"
"ENSG00000284686",9.5e-74,0.759,0.221,0.116,1.77e-69,"ENSG00000284686"
"SGO2",9.86e-74,-1.107,0.193,0.3,1.83e-69,"SGO2"
"RNF130",1.16e-73,-0.206,0.962,0.977,2.15e-69,"RNF130"
"DDX1",1.28e-73,0.527,0.659,0.553,2.38e-69,"DDX1"
"MAPK8IP1",1.28e-73,0.832,0.257,0.144,2.38e-69,"MAPK8IP1"
"SLC27A5",1.33e-73,0.887,0.212,0.11,2.48e-69,"SLC27A5"
"FAM3A",1.37e-73,0.966,0.2,0.101,2.56e-69,"FAM3A"
"CLSPN",1.57e-73,-0.73,0.156,0.268,2.92e-69,"CLSPN"
"ACP1",1.64e-73,0.496,0.646,0.553,3.05e-69,"ACP1"
"RABGAP1",1.66e-73,0.383,0.837,0.781,3.1e-69,"RABGAP1"
"MORF4L2",2.24e-73,0.322,0.869,0.841,4.16e-69,"MORF4L2"
"QARS1",2.29e-73,0.91,0.25,0.141,4.27e-69,"QARS1"
"PRMT1",2.79e-73,0.447,0.827,0.799,5.19e-69,"PRMT1"
"UBXN11",2.98e-73,1.382,0.123,0.047,5.55e-69,"UBXN11"
"EIF4E3",3.31e-73,1.228,0.109,0.038,6.17e-69,"EIF4E3"
"ASPH",3.45e-73,0.462,0.708,0.622,6.43e-69,"ASPH"
"OSCP1",3.59e-73,0.94,0.186,0.091,6.67e-69,"OSCP1"
"COG2",3.82e-73,0.803,0.31,0.191,7.1e-69,"COG2"
"HAX1",4.07e-73,0.606,0.531,0.406,7.58e-69,"HAX1"
"NTNG2",4.1e-73,2.459,0.06,0.01,7.62e-69,"NTNG2"
"PNPLA2",4.73e-73,1.057,0.164,0.075,8.81e-69,"PNPLA2"
"RAD23B",5.03e-73,0.433,0.75,0.683,9.37e-69,"RAD23B"
"CNIH1",5.21e-73,0.548,0.604,0.492,9.69e-69,"CNIH1"
"NMNAT1",5.6e-73,0.858,0.209,0.107,1.04e-68,"NMNAT1"
"ZNF524",5.82e-73,1.314,0.131,0.052,1.08e-68,"ZNF524"
"CLIP4",5.93e-73,0.696,0.312,0.189,1.1e-68,"CLIP4"
"NFATC4",6.04e-73,1.737,0.097,0.031,1.12e-68,"NFATC4"
"LRRC4B",6.09e-73,0.639,0.429,0.298,1.13e-68,"LRRC4B"
"EMID1",7e-73,1.391,0.142,0.061,1.3e-68,"EMID1"
"SNX21",8.16e-73,1.313,0.145,0.062,1.52e-68,"SNX21"
"CLPX",8.87e-73,0.57,0.497,0.362,1.65e-68,"CLPX"
"PPP2CA",9.45e-73,0.406,0.787,0.728,1.76e-68,"PPP2CA"
"HAGH",1.03e-72,0.522,0.645,0.532,1.92e-68,"HAGH"
"SHC1",1.09e-72,1.297,0.122,0.046,2.03e-68,"SHC1"
"ZNF714",1.12e-72,-0.351,0.577,0.674,2.08e-68,"ZNF714"
"ZBTB8OS",1.25e-72,0.558,0.579,0.453,2.33e-68,"ZBTB8OS"
"CNIH4",1.44e-72,0.519,0.597,0.479,2.69e-68,"CNIH4"
"METTL23",1.54e-72,0.767,0.288,0.172,2.87e-68,"METTL23"
"BLOC1S4",1.57e-72,0.602,0.437,0.301,2.93e-68,"BLOC1S4"
"MEX3A",1.59e-72,-0.183,0.763,0.856,2.96e-68,"MEX3A"
"SORT1",1.69e-72,0.722,0.668,0.581,3.14e-68,"SORT1"
"FAM234A",1.79e-72,0.695,0.328,0.205,3.33e-68,"FAM234A"
"EXOSC4",1.79e-72,0.761,0.232,0.125,3.34e-68,"EXOSC4"
"TNKS2",2.08e-72,0.485,0.69,0.592,3.86e-68,"TNKS2"
"ACADM",2.2e-72,0.486,0.703,0.605,4.1e-68,"ACADM"
"ARHGAP33",2.35e-72,-0.579,0.208,0.328,4.37e-68,"ARHGAP33"
"C1orf131",2.5e-72,0.693,0.36,0.231,4.66e-68,"C1orf131"
"CBX6",2.63e-72,0.692,0.43,0.304,4.9e-68,"CBX6"
"IPO7",2.77e-72,0.485,0.684,0.588,5.16e-68,"IPO7"
"ZC3HAV1",2.78e-72,0.83,0.285,0.172,5.18e-68,"ZC3HAV1"
"MED29",3.21e-72,0.716,0.349,0.224,5.97e-68,"MED29"
"NACC1",3.22e-72,0.799,0.247,0.138,5.99e-68,"NACC1"
"SOX6",3.24e-72,0.385,0.967,0.884,6.03e-68,"SOX6"
"ZBTB47",3.48e-72,1.558,0.102,0.034,6.49e-68,"ZBTB47"
"L1CAM",4.29e-72,-1.14,0.032,0.101,7.99e-68,"L1CAM"
"TCEAL1",4.79e-72,0.719,0.332,0.209,8.91e-68,"TCEAL1"
"DERL2",5.24e-72,0.628,0.44,0.313,9.75e-68,"DERL2"
"RSPH3",6.09e-72,0.57,0.287,0.168,1.13e-67,"RSPH3"
"RSU1",6.25e-72,0.518,0.493,0.356,1.16e-67,"RSU1"
"QTRT2",6.86e-72,0.89,0.233,0.128,1.28e-67,"QTRT2"
"EMC8",7.34e-72,0.652,0.43,0.302,1.37e-67,"EMC8"
"CNRIP1",7.7e-72,0.698,0.416,0.288,1.43e-67,"CNRIP1"
"PHF11",8.36e-72,1.741,0.102,0.034,1.56e-67,"PHF11"
"EDNRB",8.52e-72,7.26,0.041,0.002,1.59e-67,"EDNRB"
"FAM81A",8.73e-72,1.079,0.151,0.067,1.62e-67,"FAM81A"
"TOMM22",8.86e-72,0.545,0.6,0.493,1.65e-67,"TOMM22"
"RNPEPL1",9.26e-72,1.018,0.19,0.095,1.72e-67,"RNPEPL1"
"C16orf46",1.06e-71,1.585,0.083,0.023,1.98e-67,"C16orf46"
"RAB1B",1.18e-71,0.746,0.33,0.209,2.2e-67,"RAB1B"
"NHSL1",1.3e-71,0.582,0.766,0.672,2.42e-67,"NHSL1"
"MRPL49",1.33e-71,0.809,0.237,0.129,2.48e-67,"MRPL49"
"ATAD5",1.49e-71,-0.569,0.342,0.459,2.77e-67,"ATAD5"
"CDCA7",1.53e-71,-0.479,0.351,0.482,2.85e-67,"CDCA7"
"SPOCD1",1.55e-71,7.175,0.035,0,2.88e-67,"SPOCD1"
"NOP16",1.56e-71,0.978,0.187,0.092,2.91e-67,"NOP16"
"CDC34",1.62e-71,0.662,0.459,0.332,3.02e-67,"CDC34"
"SMC5",1.64e-71,0.457,0.775,0.71,3.05e-67,"SMC5"
"SPPL2A",1.65e-71,0.436,0.692,0.586,3.07e-67,"SPPL2A"
"SV2A",1.7e-71,0.602,0.466,0.336,3.16e-67,"SV2A"
"POLR2M",1.79e-71,0.783,0.291,0.174,3.33e-67,"POLR2M"
"KLHL36",1.81e-71,0.824,0.22,0.116,3.37e-67,"KLHL36"
"FGD3",2.04e-71,-0.448,0.242,0.374,3.79e-67,"FGD3"
"DLD",2.06e-71,0.61,0.489,0.358,3.83e-67,"DLD"
"TIMM10B",2.3e-71,0.832,0.218,0.115,4.28e-67,"TIMM10B"
"ACLY",2.44e-71,0.635,0.515,0.401,4.55e-67,"ACLY"
"SUCLG1",2.5e-71,0.556,0.621,0.512,4.65e-67,"SUCLG1"
"DRAM1",2.74e-71,1.785,0.088,0.026,5.09e-67,"DRAM1"
"CISD3",2.92e-71,1.127,0.168,0.079,5.44e-67,"CISD3"
"ROBO3",3.24e-71,2.278,0.071,0.017,6.02e-67,"ROBO3"
"MSI1",3.4e-71,0.617,0.535,0.413,6.32e-67,"MSI1"
"RWDD2B",3.62e-71,1.608,0.082,0.023,6.74e-67,"RWDD2B"
"WDR12",3.82e-71,0.638,0.41,0.282,7.1e-67,"WDR12"
"PIGM",4.03e-71,0.765,0.232,0.125,7.5e-67,"PIGM"
"UFM1",4.4e-71,0.541,0.645,0.54,8.19e-67,"UFM1"
"KCNT2",4.4e-71,0.513,0.61,0.473,8.19e-67,"KCNT2"
"OTUD6B",4.64e-71,0.71,0.348,0.223,8.64e-67,"OTUD6B"
"IL17RC",4.99e-71,2.515,0.059,0.01,9.29e-67,"IL17RC"
"PRAG1",5.18e-71,0.475,0.442,0.306,9.64e-67,"PRAG1"
"ZNF367",5.43e-71,-0.953,0.151,0.255,1.01e-66,"ZNF367"
"GTF3A",6.05e-71,0.51,0.635,0.537,1.13e-66,"GTF3A"
"ARPC5L",6.75e-71,0.599,0.514,0.39,1.26e-66,"ARPC5L"
"ABCE1",6.84e-71,0.607,0.546,0.435,1.27e-66,"ABCE1"
"CYC1",8.12e-71,0.592,0.56,0.447,1.51e-66,"CYC1"
"FKBP9",8.43e-71,0.928,0.234,0.13,1.57e-66,"FKBP9"
"ALG1",9.66e-71,1.094,0.136,0.057,1.8e-66,"ALG1"
"MSTN",9.72e-71,2.797,0.074,0.019,1.81e-66,"MSTN"
"TSEN15",9.87e-71,0.636,0.441,0.312,1.84e-66,"TSEN15"
"SCN3B",1.09e-70,-0.85,0.087,0.181,2.02e-66,"SCN3B"
"CLPTM1L",1.11e-70,0.673,0.438,0.313,2.06e-66,"CLPTM1L"
"MYT1",1.12e-70,-0.435,0.166,0.289,2.09e-66,"MYT1"
"XYLT1",1.14e-70,-0.887,0.345,0.442,2.12e-66,"XYLT1"
"RHOG",1.33e-70,1.185,0.149,0.066,2.48e-66,"RHOG"
"CARD19",1.41e-70,0.663,0.405,0.277,2.62e-66,"CARD19"
"NSD2",1.7e-70,-0.418,0.79,0.818,3.16e-66,"NSD2"
"TMEM217",1.7e-70,3.567,0.045,0.004,3.17e-66,"TMEM217"
"IQUB",1.75e-70,1.412,0.092,0.029,3.25e-66,"IQUB"
"EIF3H",1.84e-70,0.347,0.892,0.859,3.42e-66,"EIF3H"
"AZIN2",1.96e-70,1.006,0.139,0.058,3.64e-66,"AZIN2"
"ELAVL2",2.34e-70,-0.118,0.303,0.458,4.36e-66,"ELAVL2"
"FLCN",2.43e-70,0.861,0.203,0.104,4.52e-66,"FLCN"
"TTC30A",2.46e-70,1.473,0.088,0.026,4.59e-66,"TTC30A"
"ATP6V1E2",2.67e-70,0.98,0.131,0.053,4.97e-66,"ATP6V1E2"
"EMC4",2.85e-70,0.561,0.64,0.537,5.31e-66,"EMC4"
"COQ4",3.05e-70,0.656,0.368,0.24,5.68e-66,"COQ4"
"TSPAN13",3.15e-70,-1.267,0.081,0.167,5.87e-66,"TSPAN13"
"GABRA5",3.24e-70,3.307,0.048,0.005,6.03e-66,"GABRA5"
"VAT1",3.42e-70,0.827,0.259,0.149,6.37e-66,"VAT1"
"NAP1L1",3.64e-70,0.284,0.955,0.944,6.77e-66,"NAP1L1"
"TMEM135",3.95e-70,0.481,0.637,0.504,7.36e-66,"TMEM135"
"UAP1L1",4.22e-70,1.964,0.072,0.017,7.85e-66,"UAP1L1"
"RGS9",4.28e-70,1.679,0.083,0.024,7.97e-66,"RGS9"
"SLC25A26",4.75e-70,0.59,0.418,0.287,8.84e-66,"SLC25A26"
"GALC",4.88e-70,1.22,0.116,0.043,9.08e-66,"GALC"
"HELB",5.13e-70,0.948,0.225,0.123,9.55e-66,"HELB"
"SCN4B",5.26e-70,2.17,0.063,0.013,9.8e-66,"SCN4B"
"FLOT1",5.42e-70,0.56,0.607,0.502,1.01e-65,"FLOT1"
"FSTL5",6.5e-70,1.393,0.223,0.124,1.21e-65,"FSTL5"
"PITPNM1",7.53e-70,1.738,0.072,0.017,1.4e-65,"PITPNM1"
"GTF2F1",7.76e-70,0.599,0.42,0.289,1.44e-65,"GTF2F1"
"CCDC24",9.07e-70,1.539,0.074,0.018,1.69e-65,"CCDC24"
"DDRGK1",9.11e-70,0.641,0.383,0.255,1.7e-65,"DDRGK1"
"PMF1",1.19e-69,0.673,0.455,0.331,2.22e-65,"PMF1"
"PPP1R9A",1.21e-69,0.525,0.687,0.576,2.26e-65,"PPP1R9A"
"KCTD5",1.24e-69,0.743,0.282,0.168,2.32e-65,"KCTD5"
"PPP1R17",1.42e-69,1.693,0.078,0.021,2.64e-65,"PPP1R17"
"ARL14EP",1.5e-69,0.568,0.484,0.353,2.8e-65,"ARL14EP"
"FAM174A",1.56e-69,0.762,0.298,0.182,2.91e-65,"FAM174A"
"SH3GL3",1.63e-69,-1.504,0.031,0.097,3.03e-65,"SH3GL3"
"STX12",1.67e-69,0.456,0.687,0.57,3.11e-65,"STX12"
"SLC6A16",1.99e-69,0.888,0.269,0.16,3.7e-65,"SLC6A16"
"WDR6",2.05e-69,0.655,0.394,0.266,3.81e-65,"WDR6"
"MGAT4A",2.05e-69,1.072,0.125,0.05,3.82e-65,"MGAT4A"
"LSM2",2.18e-69,0.451,0.7,0.618,4.06e-65,"LSM2"
"SPTAN1",2.3e-69,0.377,0.821,0.784,4.28e-65,"SPTAN1"
"EIF4A3",2.43e-69,0.509,0.634,0.528,4.52e-65,"EIF4A3"
"CYRIA",2.46e-69,0.953,0.231,0.128,4.57e-65,"CYRIA"
"SIKE1",2.57e-69,0.6,0.399,0.27,4.78e-65,"SIKE1"
"VAMP7",2.57e-69,1.219,0.137,0.058,4.78e-65,"VAMP7"
"ZNF300",2.88e-69,-0.491,0.309,0.433,5.37e-65,"ZNF300"
"PGGT1B",2.96e-69,0.564,0.485,0.354,5.52e-65,"PGGT1B"
"C12orf75",3.03e-69,0.777,0.36,0.244,5.64e-65,"C12orf75"
"ESPL1",3.23e-69,-1.296,0.072,0.154,6.01e-65,"ESPL1"
"MDH1",3.35e-69,0.489,0.672,0.576,6.24e-65,"MDH1"
"SYT14",3.97e-69,-0.633,0.328,0.444,7.4e-65,"SYT14"
"MRPS11",4e-69,0.616,0.437,0.309,7.45e-65,"MRPS11"
"EOGT",4.06e-69,1.958,0.068,0.016,7.55e-65,"EOGT"
"PYGL",4.26e-69,1.593,0.082,0.023,7.93e-65,"PYGL"
"EMC3",4.39e-69,0.537,0.584,0.468,8.17e-65,"EMC3"
"KCNG1",4.6e-69,1.023,0.166,0.078,8.56e-65,"KCNG1"
"ACTR3",4.8e-69,0.363,0.855,0.832,8.93e-65,"ACTR3"
"RIPK2",5.06e-69,0.9,0.205,0.108,9.42e-65,"RIPK2"
"ADAM15",5.29e-69,1.113,0.143,0.062,9.85e-65,"ADAM15"
"DALRD3",6.45e-69,0.756,0.262,0.152,1.2e-64,"DALRD3"
"PGAP1",7.03e-69,-0.393,0.752,0.818,1.31e-64,"PGAP1"
"TNRC6C",7.17e-69,-0.288,0.816,0.872,1.33e-64,"TNRC6C"
"RAD23A",8.01e-69,0.538,0.581,0.473,1.49e-64,"RAD23A"
"ABCF2",8.55e-69,0.877,0.192,0.098,1.59e-64,"ABCF2"
"TMEM129",8.77e-69,1.004,0.175,0.085,1.63e-64,"TMEM129"
"ADGRB1",9.51e-69,1.357,0.109,0.039,1.77e-64,"ADGRB1"
"C15orf40",1.11e-68,0.676,0.352,0.229,2.07e-64,"C15orf40"
"WDR13",1.2e-68,0.645,0.385,0.257,2.24e-64,"WDR13"
"ARMC10",1.21e-68,0.552,0.494,0.368,2.25e-64,"ARMC10"
"AGTPBP1",1.21e-68,-0.343,0.622,0.716,2.25e-64,"AGTPBP1"
"YKT6",1.21e-68,0.762,0.262,0.152,2.25e-64,"YKT6"
"CCDC127",1.27e-68,0.747,0.305,0.189,2.36e-64,"CCDC127"
"SIRT2",1.56e-68,0.609,0.43,0.296,2.9e-64,"SIRT2"
"MMGT1",1.56e-68,0.69,0.306,0.189,2.91e-64,"MMGT1"
"LBR",1.67e-68,-0.398,0.681,0.74,3.12e-64,"LBR"
"PRXL2B",1.7e-68,1.039,0.152,0.069,3.17e-64,"PRXL2B"
"THBS3",2.36e-68,1.01,0.159,0.074,4.39e-64,"THBS3"
"HMBS",2.5e-68,1.034,0.163,0.077,4.66e-64,"HMBS"
"SLC35A2",2.59e-68,0.842,0.203,0.106,4.82e-64,"SLC35A2"
"NKAIN2",2.69e-68,-2.608,0.03,0.093,5e-64,"NKAIN2"
"PTCD3",2.76e-68,0.532,0.577,0.466,5.13e-64,"PTCD3"
"SETD9",2.93e-68,1.169,0.12,0.047,5.45e-64,"SETD9"
"CYP2U1",2.97e-68,1.048,0.174,0.085,5.53e-64,"CYP2U1"
"ATP6V1E1",3e-68,0.636,0.48,0.358,5.57e-64,"ATP6V1E1"
"PCTP",3.11e-68,1.388,0.106,0.038,5.79e-64,"PCTP"
"RBMS2",3.15e-68,0.64,0.405,0.279,5.86e-64,"RBMS2"
"SLC25A20",3.2e-68,1.631,0.086,0.026,5.95e-64,"SLC25A20"
"RAB38",3.33e-68,2.311,0.063,0.013,6.2e-64,"RAB38"
"ARMCX2",3.63e-68,0.818,0.206,0.108,6.76e-64,"ARMCX2"
"AP2A1",3.76e-68,0.639,0.427,0.301,6.99e-64,"AP2A1"
"CA1",3.86e-68,2.248,0.058,0.011,7.18e-64,"CA1"
"RASA1",4.21e-68,-0.247,0.831,0.882,7.83e-64,"RASA1"
"SRA1",4.78e-68,0.593,0.523,0.402,8.9e-64,"SRA1"
"NOTCH1",5e-68,0.644,0.449,0.32,9.32e-64,"NOTCH1"
"TXNRD3",5.91e-68,0.871,0.187,0.094,1.1e-63,"TXNRD3"
"DDX5",5.95e-68,0.323,0.996,0.995,1.11e-63,"DDX5"
"SETD7",6.27e-68,0.654,0.359,0.237,1.17e-63,"SETD7"
"CFAP43",6.68e-68,1.587,0.103,0.037,1.24e-63,"CFAP43"
"UBXN1",8.05e-68,0.493,0.757,0.669,1.5e-63,"UBXN1"
"CDC7",8.28e-68,-0.77,0.199,0.309,1.54e-63,"CDC7"
"BCL11A",8.87e-68,-0.178,0.517,0.653,1.65e-63,"BCL11A"
"BBS5",9.94e-68,0.755,0.221,0.119,1.85e-63,"BBS5"
"CPNE1",9.94e-68,0.586,0.525,0.401,1.85e-63,"CPNE1"
"ARMCX6",9.95e-68,0.662,0.342,0.223,1.85e-63,"ARMCX6"
"CCDC137",1.01e-67,0.719,0.307,0.19,1.87e-63,"CCDC137"
"FAM32A",1.07e-67,0.576,0.498,0.366,1.99e-63,"FAM32A"
"HES4",1.2e-67,0.928,0.454,0.343,2.24e-63,"HES4"
"MRRF",1.3e-67,0.748,0.254,0.147,2.43e-63,"MRRF"
"ANKRD40",1.38e-67,0.704,0.35,0.229,2.57e-63,"ANKRD40"
"FBXO30",1.38e-67,0.617,0.45,0.321,2.57e-63,"FBXO30"
"CCDC32",1.4e-67,0.619,0.342,0.219,2.61e-63,"CCDC32"
"SRPK2",1.6e-67,0.318,0.922,0.888,2.98e-63,"SRPK2"
"RTCB",1.66e-67,0.544,0.525,0.401,3.09e-63,"RTCB"
"PHIP",1.91e-67,-0.281,0.839,0.87,3.55e-63,"PHIP"
"SMIM10L1",1.92e-67,0.66,0.408,0.286,3.58e-63,"SMIM10L1"
"HMGB3",1.96e-67,-0.386,0.765,0.82,3.64e-63,"HMGB3"
"SLC2A8",2.11e-67,1.19,0.133,0.056,3.93e-63,"SLC2A8"
"DEAF1",2.12e-67,0.591,0.483,0.358,3.94e-63,"DEAF1"
"CLPP",2.28e-67,0.571,0.525,0.405,4.25e-63,"CLPP"
"SLC25A1",2.42e-67,0.741,0.324,0.207,4.5e-63,"SLC25A1"
"SLC25A13",2.55e-67,0.477,0.46,0.325,4.74e-63,"SLC25A13"
"KIAA1549L",2.59e-67,-0.506,0.545,0.632,4.82e-63,"KIAA1549L"
"CENPV",2.99e-67,-0.188,0.792,0.886,5.56e-63,"CENPV"
"FAM200B",3.09e-67,0.525,0.642,0.527,5.75e-63,"FAM200B"
"SNX27",3.14e-67,0.469,0.632,0.524,5.84e-63,"SNX27"
"G2E3",3.45e-67,-0.673,0.559,0.634,6.43e-63,"G2E3"
"WNK2",3.53e-67,-0.604,0.32,0.434,6.56e-63,"WNK2"
"B4GALT7",3.93e-67,0.77,0.245,0.139,7.32e-63,"B4GALT7"
"SNX9",4.04e-67,0.509,0.534,0.407,7.52e-63,"SNX9"
"PDK1",4.06e-67,-1.411,0.137,0.231,7.56e-63,"PDK1"
"DIO3",4.32e-67,2.521,0.052,0.008,8.05e-63,"DIO3"
"CUX1",4.69e-67,0.376,0.878,0.816,8.73e-63,"CUX1"
"SPATA20",5.17e-67,2.015,0.061,0.012,9.62e-63,"SPATA20"
"ADAM32",5.52e-67,0.91,0.218,0.119,1.03e-62,"ADAM32"
"DCC",5.88e-67,-3.344,0.029,0.09,1.1e-62,"DCC"
"LSM8",6.15e-67,0.479,0.689,0.603,1.14e-62,"LSM8"
"WASHC4",6.42e-67,0.53,0.56,0.437,1.2e-62,"WASHC4"
"ZNF695",8.13e-67,-0.91,0.116,0.211,1.51e-62,"ZNF695"
"RAB4A",8.71e-67,0.509,0.655,0.557,1.62e-62,"RAB4A"
"KCTD2",9.25e-67,1.019,0.321,0.208,1.72e-62,"KCTD2"
"APOL2",9.94e-67,1.718,0.086,0.027,1.85e-62,"APOL2"
"ZDHHC1",1.01e-66,1.336,0.105,0.038,1.88e-62,"ZDHHC1"
"G6PD",1.15e-66,0.855,0.219,0.119,2.13e-62,"G6PD"
"GLG1",1.2e-66,0.341,0.873,0.819,2.24e-62,"GLG1"
"NSMCE3",1.23e-66,0.63,0.427,0.3,2.29e-62,"NSMCE3"
"GPHN",1.69e-66,0.409,0.964,0.946,3.15e-62,"GPHN"
"SMIM12",1.83e-66,0.624,0.329,0.208,3.4e-62,"SMIM12"
"ATG101",1.89e-66,0.709,0.31,0.195,3.51e-62,"ATG101"
"PHLDA2",1.89e-66,4.896,0.037,0.002,3.52e-62,"PHLDA2"
"PUM2",2.04e-66,-0.205,0.911,0.935,3.81e-62,"PUM2"
"SARS1",2.06e-66,0.525,0.643,0.535,3.84e-62,"SARS1"
"FAHD2B",2.66e-66,1.241,0.127,0.053,4.96e-62,"FAHD2B"
"LRBA",2.91e-66,0.418,0.766,0.678,5.43e-62,"LRBA"
"CHST10",2.96e-66,0.773,0.29,0.178,5.5e-62,"CHST10"
"IKBKE",2.99e-66,1.858,0.068,0.016,5.56e-62,"IKBKE"
"GLRX2",3.11e-66,0.775,0.306,0.194,5.79e-62,"GLRX2"
"MRPL37",3.2e-66,0.703,0.379,0.26,5.96e-62,"MRPL37"
"CENPO",3.25e-66,-0.74,0.202,0.306,6.05e-62,"CENPO"
"FRMPD3",3.3e-66,0.888,0.571,0.47,6.13e-62,"FRMPD3"
"HSCB",3.32e-66,0.732,0.293,0.182,6.18e-62,"HSCB"
"RBCK1",3.48e-66,0.698,0.351,0.231,6.48e-62,"RBCK1"
"THEM4",4.34e-66,0.845,0.186,0.094,8.08e-62,"THEM4"
"NTMT1",4.83e-66,0.744,0.304,0.19,8.98e-62,"NTMT1"
"NOTCH2NLC",4.91e-66,1.147,0.17,0.085,9.13e-62,"NOTCH2NLC"
"FAM204A",5.15e-66,0.497,0.666,0.569,9.59e-62,"FAM204A"
"HNRNPA2B1",5.34e-66,0.263,0.994,0.991,9.94e-62,"HNRNPA2B1"
"DPY30",5.39e-66,0.453,0.725,0.652,1e-61,"DPY30"
"RPL7L1",5.49e-66,0.456,0.684,0.592,1.02e-61,"RPL7L1"
"ETNK2",5.54e-66,1.895,0.069,0.017,1.03e-61,"ETNK2"
"MRPS2",6.88e-66,0.76,0.281,0.169,1.28e-61,"MRPS2"
"FAM120AOS",6.94e-66,0.614,0.439,0.315,1.29e-61,"FAM120AOS"
"KIF3C",6.95e-66,-0.4,0.423,0.542,1.29e-61,"KIF3C"
"COPB1",7.52e-66,0.462,0.69,0.608,1.4e-61,"COPB1"
"SOCS3",7.59e-66,1.279,0.13,0.055,1.41e-61,"SOCS3"
"AIDA",8.33e-66,0.588,0.507,0.388,1.55e-61,"AIDA"
"PTRHD1",9.2e-66,0.659,0.361,0.239,1.71e-61,"PTRHD1"
"APCDD1",1.08e-65,1.368,0.113,0.044,2.01e-61,"APCDD1"
"PRR11",1.2e-65,-0.806,0.176,0.28,2.23e-61,"PRR11"
"DBP",1.24e-65,1.109,0.192,0.102,2.31e-61,"DBP"
"RFTN1",1.4e-65,0.549,0.458,0.339,2.62e-61,"RFTN1"
"B9D1",1.56e-65,0.742,0.245,0.141,2.9e-61,"B9D1"
"CTSO",1.64e-65,2.471,0.049,0.007,3.06e-61,"CTSO"
"MFAP1",1.74e-65,0.525,0.575,0.456,3.24e-61,"MFAP1"
"GLMP",1.91e-65,1.961,0.069,0.017,3.56e-61,"GLMP"
"HDGFL2",1.94e-65,0.496,0.663,0.561,3.61e-61,"HDGFL2"
"COG5",2.27e-65,0.425,0.701,0.591,4.22e-61,"COG5"
"MTHFS",2.44e-65,0.688,0.21,0.111,4.54e-61,"MTHFS"
"PRR32",2.46e-65,5.924,0.033,0.001,4.58e-61,"PRR32"
"RTF2",2.5e-65,0.47,0.661,0.577,4.64e-61,"RTF2"
"ATL1",2.6e-65,-0.428,0.56,0.654,4.84e-61,"ATL1"
"AK8",2.66e-65,2.056,0.062,0.013,4.96e-61,"AK8"
"FANCA",2.75e-65,-0.699,0.217,0.326,5.12e-61,"FANCA"
"RETREG2",2.8e-65,0.66,0.325,0.207,5.2e-61,"RETREG2"
"MASP1",2.86e-65,2.411,0.068,0.017,5.33e-61,"MASP1"
"RIN1",2.96e-65,3.48,0.039,0.003,5.51e-61,"RIN1"
"KLHL21",3.2e-65,1.029,0.175,0.088,5.95e-61,"KLHL21"
"NCOR1",3.65e-65,0.304,0.927,0.916,6.8e-61,"NCOR1"
"CPVL",3.69e-65,1.825,0.067,0.016,6.87e-61,"CPVL"
"FBXO8",3.71e-65,0.731,0.316,0.201,6.91e-61,"FBXO8"
"H2BC9",3.99e-65,-1.017,0.074,0.156,7.42e-61,"H2BC9"
"PPP6R2",4.1e-65,0.427,0.711,0.622,7.64e-61,"PPP6R2"
"MARCHF4",4.49e-65,-1.444,0.03,0.093,8.36e-61,"MARCHF4"
"FAM167A",4.57e-65,4.382,0.037,0.002,8.51e-61,"FAM167A"
"PARL",4.64e-65,0.501,0.526,0.4,8.63e-61,"PARL"
"TMEM100",4.74e-65,2.131,0.069,0.017,8.83e-61,"TMEM100"
"EDA2R",4.81e-65,1.219,0.151,0.072,8.96e-61,"EDA2R"
"ADSL",4.84e-65,0.674,0.4,0.282,9.01e-61,"ADSL"
"ZNF32",4.85e-65,0.476,0.577,0.447,9.03e-61,"ZNF32"
"ZBBX",5.22e-65,3.393,0.043,0.004,9.72e-61,"ZBBX"
"ABCB6",5.46e-65,1.084,0.154,0.072,1.02e-60,"ABCB6"
"ARV1",5.73e-65,0.728,0.271,0.162,1.07e-60,"ARV1"
"NETO2",5.97e-65,-0.392,0.693,0.775,1.11e-60,"NETO2"
"NDUFS4",7e-65,0.367,0.792,0.72,1.3e-60,"NDUFS4"
"PHF19",7.57e-65,1.034,0.231,0.134,1.41e-60,"PHF19"
"VPS13A",8.28e-65,0.561,0.469,0.342,1.54e-60,"VPS13A"
"MSX1",9.3e-65,1.974,0.065,0.015,1.73e-60,"MSX1"
"ALG2",9.55e-65,0.808,0.215,0.117,1.78e-60,"ALG2"
"PPP1R8",1.05e-64,0.629,0.372,0.25,1.95e-60,"PPP1R8"
"YWHAQ",1.06e-64,0.232,0.978,0.984,1.96e-60,"YWHAQ"
"GTF3C1",1.06e-64,0.593,0.519,0.405,1.98e-60,"GTF3C1"
"PBLD",1.13e-64,0.794,0.168,0.081,2.1e-60,"PBLD"
"DDB1",1.22e-64,0.514,0.628,0.52,2.26e-60,"DDB1"
"GON7",1.28e-64,0.778,0.23,0.129,2.39e-60,"GON7"
"LDLRAD3",1.32e-64,0.806,0.657,0.567,2.46e-60,"LDLRAD3"
"METTL3",1.36e-64,0.704,0.35,0.233,2.54e-60,"METTL3"
"FANCD2",1.38e-64,-0.703,0.143,0.245,2.57e-60,"FANCD2"
"DAPK3",1.4e-64,0.692,0.298,0.185,2.61e-60,"DAPK3"
"DIRAS3",1.6e-64,3.692,0.057,0.011,2.97e-60,"DIRAS3"
"MRPL15",1.65e-64,0.632,0.433,0.312,3.08e-60,"MRPL15"
"MITD1",1.94e-64,0.7,0.376,0.257,3.61e-60,"MITD1"
"PLEKHH3",1.96e-64,0.768,0.238,0.134,3.65e-60,"PLEKHH3"
"SLC25A46",2.46e-64,0.528,0.512,0.383,4.58e-60,"SLC25A46"
"TIAM2",2.51e-64,-0.351,0.749,0.811,4.67e-60,"TIAM2"
"CACNG8",2.76e-64,0.68,0.352,0.234,5.13e-60,"CACNG8"
"MAN2C1",2.77e-64,0.877,0.223,0.125,5.16e-60,"MAN2C1"
"HEXIM1",2.98e-64,0.671,0.274,0.166,5.55e-60,"HEXIM1"
"CX3CL1",3.06e-64,1.299,0.086,0.027,5.69e-60,"CX3CL1"
"E2F2",3.2e-64,-1.296,0.063,0.139,5.96e-60,"E2F2"
"SPTBN1",3.22e-64,0.373,0.864,0.821,5.99e-60,"SPTBN1"
"TUBA4A",3.22e-64,2.853,0.043,0.005,5.99e-60,"TUBA4A"
"THUMPD3",3.29e-64,0.556,0.478,0.357,6.13e-60,"THUMPD3"
"ITSN2",3.69e-64,0.508,0.55,0.422,6.86e-60,"ITSN2"
"CHM",3.81e-64,0.545,0.569,0.448,7.1e-60,"CHM"
"EIF5A2",4e-64,1.052,0.157,0.075,7.45e-60,"EIF5A2"
"EAPP",4.06e-64,0.459,0.647,0.527,7.56e-60,"EAPP"
"IRAK2",4.38e-64,2.145,0.054,0.01,8.15e-60,"IRAK2"
"ZNF24",4.62e-64,0.479,0.638,0.528,8.6e-60,"ZNF24"
"TACC1",4.72e-64,0.612,0.494,0.376,8.78e-60,"TACC1"
"CTTN",5.8e-64,0.524,0.592,0.478,1.08e-59,"CTTN"
"PLGRKT",5.92e-64,0.547,0.52,0.396,1.1e-59,"PLGRKT"
"COMMD7",6.49e-64,0.464,0.626,0.516,1.21e-59,"COMMD7"
"KHSRP",6.53e-64,0.486,0.647,0.555,1.21e-59,"KHSRP"
"PTPRF",7.5e-64,0.754,0.314,0.203,1.4e-59,"PTPRF"
"TTC7A",7.57e-64,0.639,0.266,0.157,1.41e-59,"TTC7A"
"CPS1",8.11e-64,0.975,0.143,0.065,1.51e-59,"CPS1"
"RASA3",8.4e-64,0.684,0.228,0.128,1.56e-59,"RASA3"
"DELE1",9.06e-64,0.71,0.24,0.137,1.69e-59,"DELE1"
"NIT1",9.25e-64,0.757,0.272,0.166,1.72e-59,"NIT1"
"CDIPT",9.74e-64,0.782,0.273,0.165,1.81e-59,"CDIPT"
"GEM",1.09e-63,1.943,0.125,0.054,2.02e-59,"GEM"
"XIAP",1.16e-63,0.502,0.626,0.514,2.15e-59,"XIAP"
"DNAH9",1.16e-63,1.049,0.149,0.069,2.17e-59,"DNAH9"
"UBE2A",1.31e-63,0.53,0.611,0.506,2.44e-59,"UBE2A"
"TUSC2",1.36e-63,0.664,0.374,0.254,2.53e-59,"TUSC2"
"SNRPF",1.46e-63,0.356,0.891,0.865,2.72e-59,"SNRPF"
"PRKAG2",1.6e-63,0.703,0.268,0.16,2.97e-59,"PRKAG2"
"UBE2G2",1.65e-63,0.519,0.616,0.523,3.07e-59,"UBE2G2"
"USP2",1.68e-63,2.205,0.053,0.01,3.13e-59,"USP2"
"PIN1",1.71e-63,0.533,0.639,0.541,3.18e-59,"PIN1"
"TANC2",1.82e-63,0.285,0.932,0.918,3.38e-59,"TANC2"
"JOSD2",1.82e-63,0.828,0.207,0.112,3.39e-59,"JOSD2"
"NCEH1",1.82e-63,1.611,0.071,0.019,3.39e-59,"NCEH1"
"YIPF1",1.94e-63,0.803,0.203,0.108,3.61e-59,"YIPF1"
"MVB12A",1.95e-63,0.72,0.349,0.233,3.62e-59,"MVB12A"
"SERPINB8",2.02e-63,1.559,0.071,0.019,3.76e-59,"SERPINB8"
"DTNBP1",2.16e-63,0.631,0.327,0.21,4.03e-59,"DTNBP1"
"MKLN1",2.25e-63,0.344,0.893,0.866,4.18e-59,"MKLN1"
"LETM1",2.26e-63,0.666,0.292,0.181,4.21e-59,"LETM1"
"CDKAL1",2.34e-63,-0.299,0.873,0.889,4.35e-59,"CDKAL1"
"UTP3",2.47e-63,0.661,0.313,0.197,4.59e-59,"UTP3"
"MRPL2",2.59e-63,0.72,0.286,0.176,4.82e-59,"MRPL2"
"UBE2M",2.61e-63,0.44,0.723,0.651,4.85e-59,"UBE2M"
"ATP5F1B",2.8e-63,0.317,0.898,0.866,5.22e-59,"ATP5F1B"
"C1D",2.88e-63,0.596,0.455,0.329,5.36e-59,"C1D"
"FRS2",3.19e-63,0.441,0.745,0.665,5.93e-59,"FRS2"
"ELAC1",3.37e-63,0.751,0.208,0.113,6.27e-59,"ELAC1"
"ALG14",3.54e-63,0.589,0.334,0.216,6.59e-59,"ALG14"
"GPR155",3.83e-63,0.554,0.342,0.219,7.12e-59,"GPR155"
"ERICH2",3.85e-63,0.747,0.275,0.165,7.16e-59,"ERICH2"
"GEMIN6",3.9e-63,0.846,0.226,0.129,7.25e-59,"GEMIN6"
"POTEF",4.57e-63,-0.49,0.327,0.44,8.5e-59,"POTEF"
"CIAO2A",5.22e-63,0.582,0.48,0.356,9.72e-59,"CIAO2A"
"DISC1",5.84e-63,1.092,0.138,0.062,1.09e-58,"DISC1"
"THOC7",6.07e-63,0.518,0.57,0.464,1.13e-58,"THOC7"
"CLPTM1",6.31e-63,0.66,0.374,0.258,1.18e-58,"CLPTM1"
"CCDC159",6.43e-63,1.128,0.103,0.038,1.2e-58,"CCDC159"
"MTDH",6.5e-63,0.312,0.897,0.879,1.21e-58,"MTDH"
"ANKRD45",6.59e-63,1.575,0.062,0.014,1.23e-58,"ANKRD45"
"MRPS18A",7.3e-63,0.727,0.248,0.145,1.36e-58,"MRPS18A"
"EIF5",7.41e-63,0.374,0.827,0.808,1.38e-58,"EIF5"
"DEPDC1",7.76e-63,-0.916,0.098,0.186,1.44e-58,"DEPDC1"
"SERPINE1",8.55e-63,5.981,0.036,0.002,1.59e-58,"SERPINE1"
"FEZF1",9.22e-63,1.83,0.097,0.036,1.72e-58,"FEZF1"
"RTN3",9.51e-63,0.267,0.986,0.989,1.77e-58,"RTN3"
"UBXN8",9.67e-63,0.856,0.186,0.096,1.8e-58,"UBXN8"
"SLC5A9",1.04e-62,3.112,0.046,0.006,1.94e-58,"SLC5A9"
"MCAM",1.07e-62,1.487,0.099,0.036,2e-58,"MCAM"
"PPP1CC",1.08e-62,0.44,0.708,0.645,2.01e-58,"PPP1CC"
"POU3F2",1.11e-62,0.273,0.788,0.684,2.07e-58,"POU3F2"
"HMOX2",1.14e-62,0.606,0.316,0.198,2.12e-58,"HMOX2"
"VSTM4",1.15e-62,1.373,0.125,0.054,2.14e-58,"VSTM4"
"NKAIN1",1.55e-62,-1.559,0.046,0.114,2.89e-58,"NKAIN1"
"METTL26",1.66e-62,0.552,0.553,0.435,3.1e-58,"METTL26"
"CBX3",1.99e-62,0.315,0.927,0.907,3.7e-58,"CBX3"
"DMAC2L",1.99e-62,0.599,0.44,0.319,3.7e-58,"DMAC2L"
"COX11",2.42e-62,0.582,0.451,0.325,4.5e-58,"COX11"
"EDEM2",3.01e-62,0.797,0.218,0.121,5.61e-58,"EDEM2"
"PPDPF",3.04e-62,0.438,0.733,0.678,5.66e-58,"PPDPF"
"BRCA2",3.2e-62,-0.628,0.16,0.264,5.96e-58,"BRCA2"
"PPIL1",4.37e-62,0.696,0.31,0.199,8.13e-58,"PPIL1"
"RPP40",4.83e-62,1.099,0.129,0.056,8.98e-58,"RPP40"
"CHDH",4.97e-62,1.577,0.089,0.03,9.24e-58,"CHDH"
"UBE2V2",5.29e-62,0.403,0.745,0.672,9.84e-58,"UBE2V2"
"HSD11B1L",5.58e-62,0.711,0.242,0.139,1.04e-57,"HSD11B1L"
"MRPL10",5.73e-62,0.849,0.205,0.112,1.07e-57,"MRPL10"
"C6orf89",5.79e-62,0.521,0.488,0.362,1.08e-57,"C6orf89"
"TRIP11",5.94e-62,0.476,0.663,0.566,1.11e-57,"TRIP11"
"CCDC102A",6.12e-62,2.148,0.064,0.016,1.14e-57,"CCDC102A"
"DIAPH2",6.12e-62,0.262,0.498,0.348,1.14e-57,"DIAPH2"
"HKDC1",6.23e-62,2.446,0.055,0.011,1.16e-57,"HKDC1"
"CCT8",6.32e-62,0.374,0.837,0.801,1.18e-57,"CCT8"
"ALDH7A1",6.94e-62,0.575,0.642,0.54,1.29e-57,"ALDH7A1"
"FOXJ1",7.06e-62,2.989,0.046,0.007,1.31e-57,"FOXJ1"
"SCFD1",7.67e-62,0.335,0.826,0.758,1.43e-57,"SCFD1"
"FUBP3",7.83e-62,0.451,0.638,0.536,1.46e-57,"FUBP3"
"SS18",8.54e-62,0.513,0.554,0.431,1.59e-57,"SS18"
"STYXL1",8.64e-62,0.75,0.24,0.139,1.61e-57,"STYXL1"
"PSMC2",8.96e-62,0.554,0.536,0.424,1.67e-57,"PSMC2"
"RFK",9.58e-62,0.623,0.364,0.247,1.78e-57,"RFK"
"AAGAB",1.12e-61,0.548,0.336,0.218,2.08e-57,"AAGAB"
"ELMO1",1.18e-61,-1.263,0.196,0.289,2.19e-57,"ELMO1"
"HSD17B8",1.23e-61,2.037,0.067,0.017,2.29e-57,"HSD17B8"
"RNF146",1.32e-61,0.518,0.587,0.468,2.45e-57,"RNF146"
"TP53I13",1.34e-61,0.663,0.36,0.244,2.5e-57,"TP53I13"
"RAP2B",1.72e-61,1.117,0.486,0.387,3.19e-57,"RAP2B"
"APTX",1.94e-61,0.519,0.494,0.368,3.61e-57,"APTX"
"SNRNP27",2.07e-61,0.549,0.556,0.445,3.86e-57,"SNRNP27"
"GPR108",2.35e-61,0.966,0.168,0.085,4.38e-57,"GPR108"
"SIRT3",2.83e-61,0.69,0.253,0.15,5.27e-57,"SIRT3"
"LYSMD2",3.03e-61,1.21,0.098,0.036,5.64e-57,"LYSMD2"
"SPAG5",3.69e-61,-0.943,0.086,0.169,6.87e-57,"SPAG5"
"DYNC1LI2",3.75e-61,0.371,0.851,0.826,6.98e-57,"DYNC1LI2"
"ONECUT2",4.44e-61,-1.118,0.072,0.149,8.27e-57,"ONECUT2"
"PTPN11",4.96e-61,0.492,0.678,0.594,9.24e-57,"PTPN11"
"TCP11L2",5.24e-61,1.059,0.146,0.068,9.76e-57,"TCP11L2"
"IQGAP1",5.53e-61,0.563,0.578,0.489,1.03e-56,"IQGAP1"
"MYB",5.63e-61,-1.136,0.054,0.126,1.05e-56,"MYB"
"MAP6D1",5.78e-61,1.311,0.107,0.042,1.08e-56,"MAP6D1"
"MTMR10",6.56e-61,0.813,0.236,0.138,1.22e-56,"MTMR10"
"ATP9B",8.14e-61,0.415,0.715,0.621,1.51e-56,"ATP9B"
"ELK4",8.53e-61,0.597,0.442,0.326,1.59e-56,"ELK4"
"TMEM63A",8.61e-61,1.388,0.107,0.042,1.6e-56,"TMEM63A"
"FUT10",9.78e-61,0.758,0.264,0.161,1.82e-56,"FUT10"
"TRIM44",9.8e-61,0.398,0.794,0.744,1.82e-56,"TRIM44"
"BBS2",1.02e-60,0.629,0.379,0.263,1.9e-56,"BBS2"
"BICC1",1.05e-60,0.402,0.322,0.204,1.96e-56,"BICC1"
"MND1",1.12e-60,-0.494,0.299,0.418,2.09e-56,"MND1"
"RETSAT",1.13e-60,1.177,0.111,0.045,2.11e-56,"RETSAT"
"RMDN3",1.13e-60,0.659,0.362,0.247,2.11e-56,"RMDN3"
"CENPP",1.14e-60,-0.816,0.294,0.39,2.12e-56,"CENPP"
"YIF1B",1.19e-60,0.847,0.186,0.098,2.22e-56,"YIF1B"
"SUPT4H1",1.21e-60,0.53,0.534,0.416,2.24e-56,"SUPT4H1"
"EPHA3",1.23e-60,-0.293,0.486,0.602,2.28e-56,"EPHA3"
"OTUD7B",1.23e-60,0.551,0.425,0.303,2.28e-56,"OTUD7B"
"TOX4",1.23e-60,0.506,0.577,0.465,2.29e-56,"TOX4"
"NFAT5",1.24e-60,0.391,0.831,0.77,2.3e-56,"NFAT5"
"CDC37",1.3e-60,0.537,0.522,0.409,2.42e-56,"CDC37"
"PCDHGA10",1.37e-60,0.917,0.395,0.293,2.56e-56,"PCDHGA10"
"DHX33",1.41e-60,0.614,0.293,0.183,2.62e-56,"DHX33"
"SLC30A1",1.48e-60,1.125,0.152,0.074,2.76e-56,"SLC30A1"
"UBA5",1.65e-60,0.518,0.516,0.395,3.08e-56,"UBA5"
"SAMM50",1.71e-60,0.646,0.337,0.223,3.17e-56,"SAMM50"
"C17orf97",1.76e-60,1.395,0.087,0.029,3.27e-56,"C17orf97"
"TAF12",1.82e-60,0.525,0.457,0.335,3.39e-56,"TAF12"
"TMED4",1.86e-60,0.473,0.625,0.524,3.46e-56,"TMED4"
"TXNDC16",2e-60,-0.44,0.374,0.489,3.72e-56,"TXNDC16"
"CAPN5",2e-60,1.107,0.155,0.076,3.72e-56,"CAPN5"
"GRIN2A",2.07e-60,1.971,0.056,0.012,3.84e-56,"GRIN2A"
"TTC30B",2.09e-60,1.45,0.083,0.027,3.89e-56,"TTC30B"
"UNC5B",2.23e-60,0.832,0.141,0.064,4.14e-56,"UNC5B"
"BUD23",2.26e-60,0.6,0.475,0.363,4.2e-56,"BUD23"
"RBM7",2.41e-60,0.626,0.359,0.242,4.48e-56,"RBM7"
"PRPF38A",2.42e-60,0.521,0.552,0.443,4.5e-56,"PRPF38A"
"CEND1",2.53e-60,0.933,0.147,0.069,4.71e-56,"CEND1"
"DNAJC4",2.53e-60,0.774,0.209,0.115,4.72e-56,"DNAJC4"
"GRPEL1",2.54e-60,0.637,0.291,0.182,4.73e-56,"GRPEL1"
"PEG10",2.68e-60,1.026,0.819,0.716,4.99e-56,"PEG10"
"SMIM8",2.92e-60,0.534,0.529,0.408,5.44e-56,"SMIM8"
"RAB2A",3.05e-60,0.283,0.957,0.95,5.68e-56,"RAB2A"
"BLCAP",3.1e-60,0.522,0.549,0.43,5.77e-56,"BLCAP"
"NFIC",3.25e-60,0.526,0.53,0.422,6.05e-56,"NFIC"
"KRAS",3.26e-60,0.443,0.671,0.589,6.06e-56,"KRAS"
"SMIM3",3.34e-60,1.258,0.097,0.036,6.21e-56,"SMIM3"
"MBNL1",3.89e-60,0.362,0.696,0.582,7.25e-56,"MBNL1"
"FCHSD2",3.92e-60,-0.259,0.832,0.878,7.3e-56,"FCHSD2"
"BMP1",3.96e-60,0.976,0.148,0.07,7.36e-56,"BMP1"
"DPM2",4.19e-60,0.703,0.266,0.162,7.79e-56,"DPM2"
"SEC23B",4.35e-60,0.58,0.419,0.298,8.09e-56,"SEC23B"
"VARS1",4.88e-60,0.802,0.205,0.113,9.08e-56,"VARS1"
"CCDC175",4.91e-60,1.595,0.091,0.032,9.14e-56,"CCDC175"
"SAR1A",4.92e-60,0.566,0.501,0.387,9.17e-56,"SAR1A"
"MPST",4.99e-60,0.546,0.505,0.382,9.28e-56,"MPST"
"FNIP1",5.26e-60,0.399,0.797,0.72,9.78e-56,"FNIP1"
"GRTP1",5.44e-60,0.903,0.194,0.105,1.01e-55,"GRTP1"
"H3C7",5.47e-60,-1.114,0.051,0.119,1.02e-55,"H3C7"
"PET100",5.71e-60,0.504,0.634,0.528,1.06e-55,"PET100"
"FAM118B",6.11e-60,0.534,0.38,0.259,1.14e-55,"FAM118B"
"MGAT5B",7.49e-60,-0.663,0.081,0.163,1.39e-55,"MGAT5B"
"CLN5",7.92e-60,0.524,0.461,0.335,1.48e-55,"CLN5"
"WDFY1",8.15e-60,0.497,0.501,0.38,1.52e-55,"WDFY1"
"GCAT",8.16e-60,0.821,0.155,0.076,1.52e-55,"GCAT"
"MRPL21",8.29e-60,0.553,0.522,0.407,1.54e-55,"MRPL21"
"PEDS1",8.33e-60,0.881,0.178,0.093,1.55e-55,"PEDS1"
"ZEB1",9.6e-60,0.536,0.857,0.785,1.79e-55,"ZEB1"
"OPHN1",1.09e-59,0.575,0.719,0.641,2.03e-55,"OPHN1"
"TMEM60",1.53e-59,0.679,0.33,0.22,2.85e-55,"TMEM60"
"SLC2A11",1.61e-59,1.003,0.134,0.06,2.99e-55,"SLC2A11"
"FBLN5",1.68e-59,3.905,0.035,0.002,3.12e-55,"FBLN5"
"RFNG",1.76e-59,0.687,0.285,0.177,3.27e-55,"RFNG"
"BTF3L4",1.76e-59,0.335,0.872,0.846,3.28e-55,"BTF3L4"
"PEAK1",1.78e-59,0.402,0.581,0.448,3.32e-55,"PEAK1"
"ECHDC1",1.93e-59,0.449,0.649,0.548,3.59e-55,"ECHDC1"
"MLLT1",2.06e-59,0.713,0.359,0.247,3.83e-55,"MLLT1"
"TEX26",2.08e-59,3.686,0.039,0.004,3.87e-55,"TEX26"
"ACSS1",2.14e-59,1.345,0.104,0.041,3.98e-55,"ACSS1"
"CFAP300",2.22e-59,2.253,0.053,0.011,4.14e-55,"CFAP300"
"SLC38A10",2.26e-59,0.776,0.256,0.155,4.2e-55,"SLC38A10"
"MDFI",2.27e-59,0.744,0.192,0.102,4.22e-55,"MDFI"
"CRBN",2.95e-59,0.508,0.569,0.455,5.48e-55,"CRBN"
"CCNY",3.04e-59,0.312,0.832,0.788,5.65e-55,"CCNY"
"ADAT2",3.08e-59,1.178,0.123,0.054,5.73e-55,"ADAT2"
"PLEKHH2",3.08e-59,0.489,0.108,0.043,5.73e-55,"PLEKHH2"
"GPR161",3.08e-59,-0.379,0.44,0.549,5.73e-55,"GPR161"
"CGRRF1",3.42e-59,0.692,0.305,0.198,6.37e-55,"CGRRF1"
"SLC38A2",3.44e-59,-0.182,0.578,0.692,6.39e-55,"SLC38A2"
"MIEF1",3.95e-59,0.707,0.3,0.192,7.35e-55,"MIEF1"
"SGSH",4.44e-59,1.72,0.068,0.019,8.27e-55,"SGSH"
"PTCD2",4.46e-59,0.738,0.182,0.095,8.3e-55,"PTCD2"
"MGAT4C",4.52e-59,0.697,0.468,0.352,8.42e-55,"MGAT4C"
"CPSF2",4.89e-59,0.569,0.483,0.366,9.1e-55,"CPSF2"
"COBLL1",5.12e-59,0.684,0.27,0.167,9.54e-55,"COBLL1"
"C11orf68",5.88e-59,0.732,0.209,0.116,1.09e-54,"C11orf68"
"HSPBP1",6.21e-59,0.741,0.238,0.14,1.16e-54,"HSPBP1"
"DMGDH",6.25e-59,1.717,0.072,0.021,1.16e-54,"DMGDH"
"TTLL6",6.65e-59,3.576,0.037,0.003,1.24e-54,"TTLL6"
"NDUFV1",6.9e-59,0.531,0.55,0.443,1.28e-54,"NDUFV1"
"RHBDD3",7.11e-59,0.633,0.269,0.164,1.32e-54,"RHBDD3"
"LDAH",8.43e-59,0.415,0.486,0.362,1.57e-54,"LDAH"
"ZNF771",8.9e-59,0.738,0.252,0.153,1.66e-54,"ZNF771"
"SNUPN",9.05e-59,0.698,0.284,0.178,1.69e-54,"SNUPN"
"NDUFAF4",9.19e-59,0.701,0.301,0.194,1.71e-54,"NDUFAF4"
"SRM",9.45e-59,0.496,0.553,0.446,1.76e-54,"SRM"
"XRCC2",9.5e-59,-0.805,0.131,0.224,1.77e-54,"XRCC2"
"MFF",1.05e-58,0.406,0.781,0.727,1.96e-54,"MFF"
"RWDD2A",1.05e-58,0.945,0.146,0.069,1.96e-54,"RWDD2A"
"C12orf29",1.11e-58,0.65,0.298,0.191,2.07e-54,"C12orf29"
"SLC4A8",1.11e-58,-0.496,0.44,0.537,2.07e-54,"SLC4A8"
"PTDSS2",1.13e-58,0.744,0.215,0.121,2.1e-54,"PTDSS2"
"GATB",1.49e-58,0.739,0.217,0.124,2.78e-54,"GATB"
"KNOP1",1.59e-58,0.574,0.472,0.358,2.95e-54,"KNOP1"
"PGM3",1.68e-58,0.536,0.476,0.362,3.13e-54,"PGM3"
"PA2G4",1.83e-58,0.451,0.684,0.611,3.4e-54,"PA2G4"
"SH3YL1",1.85e-58,0.545,0.459,0.34,3.44e-54,"SH3YL1"
"ZFP69B",1.92e-58,-0.748,0.129,0.22,3.58e-54,"ZFP69B"
"APPBP2",1.98e-58,0.392,0.755,0.682,3.69e-54,"APPBP2"
"SLC41A1",2.03e-58,0.778,0.206,0.115,3.78e-54,"SLC41A1"
"PRPF4B",2.22e-58,0.382,0.779,0.734,4.14e-54,"PRPF4B"
"BRD7",2.25e-58,0.45,0.709,0.641,4.18e-54,"BRD7"
"GBE1",2.31e-58,0.494,0.34,0.224,4.31e-54,"GBE1"
"CCNB2",2.47e-58,-0.804,0.187,0.284,4.59e-54,"CCNB2"
"MIA3",2.53e-58,0.462,0.631,0.522,4.7e-54,"MIA3"
"USP40",2.73e-58,0.627,0.345,0.232,5.08e-54,"USP40"
"LARP7",2.73e-58,0.447,0.611,0.503,5.09e-54,"LARP7"
"FH",2.74e-58,0.648,0.365,0.252,5.11e-54,"FH"
"ACTR6",2.75e-58,0.468,0.638,0.534,5.13e-54,"ACTR6"
"ACSL6",2.79e-58,1.702,0.068,0.019,5.18e-54,"ACSL6"
"C2orf49",2.95e-58,0.585,0.319,0.206,5.49e-54,"C2orf49"
"TMEM80",3.11e-58,0.768,0.244,0.146,5.78e-54,"TMEM80"
"SLC39A12",3.32e-58,5.499,0.03,0.001,6.19e-54,"SLC39A12"
"H2AC17",3.53e-58,-0.749,0.089,0.172,6.57e-54,"H2AC17"
"GINS3",3.76e-58,1.395,0.168,0.089,6.99e-54,"GINS3"
"CENPW",3.84e-58,-0.474,0.182,0.288,7.14e-54,"CENPW"
"UBE2D4",4e-58,0.795,0.219,0.127,7.44e-54,"UBE2D4"
"WWOX",4.12e-58,0.242,0.689,0.554,7.67e-54,"WWOX"
"RYK",4.24e-58,0.408,0.704,0.621,7.88e-54,"RYK"
"CALCOCO1",4.33e-58,0.605,0.376,0.258,8.05e-54,"CALCOCO1"
"CREB3",4.56e-58,0.665,0.324,0.214,8.49e-54,"CREB3"
"DRC1",4.75e-58,2.008,0.057,0.013,8.84e-54,"DRC1"
"PDCD6IP",5.02e-58,0.412,0.662,0.567,9.34e-54,"PDCD6IP"
"MGMT",5.28e-58,0.774,0.217,0.125,9.83e-54,"MGMT"
"CA11",5.38e-58,1.132,0.124,0.055,1e-53,"CA11"
"NUDT7",5.69e-58,1.291,0.092,0.033,1.06e-53,"NUDT7"
"DCUN1D5",5.73e-58,0.448,0.648,0.557,1.07e-53,"DCUN1D5"
"DPY19L4",6.96e-58,0.588,0.418,0.301,1.3e-53,"DPY19L4"
"CATSPERB",7.26e-58,2.592,0.049,0.009,1.35e-53,"CATSPERB"
"ABCD4",7.42e-58,0.584,0.438,0.32,1.38e-53,"ABCD4"
"GRIA1",7.8e-58,0.496,0.577,0.429,1.45e-53,"GRIA1"
"AP1B1",8.43e-58,0.627,0.312,0.202,1.57e-53,"AP1B1"
"GDI2",8.44e-58,0.362,0.745,0.681,1.57e-53,"GDI2"
"SLITRK1",8.96e-58,-1.389,0.028,0.083,1.67e-53,"SLITRK1"
"TASOR",9.37e-58,0.474,0.626,0.519,1.74e-53,"TASOR"
"TRPT1",9.6e-58,0.746,0.257,0.157,1.79e-53,"TRPT1"
"ABHD17B",9.61e-58,-0.298,0.58,0.674,1.79e-53,"ABHD17B"
"COPZ2",9.69e-58,2.967,0.042,0.006,1.8e-53,"COPZ2"
"TMEM230",1e-57,0.417,0.681,0.596,1.87e-53,"TMEM230"
"CEP57L1",1.01e-57,-0.429,0.536,0.609,1.89e-53,"CEP57L1"
"CTDSP2",1.02e-57,0.607,0.486,0.372,1.91e-53,"CTDSP2"
"UBTD2",1.09e-57,-0.287,0.717,0.777,2.02e-53,"UBTD2"
"MECR",1.31e-57,0.747,0.21,0.119,2.45e-53,"MECR"
"NUDT6",1.41e-57,0.866,0.193,0.107,2.62e-53,"NUDT6"
"DMD",1.68e-57,0.376,0.608,0.481,3.13e-53,"DMD"
"LIN9",1.7e-57,-0.613,0.273,0.375,3.17e-53,"LIN9"
"KIAA0319L",1.73e-57,0.428,0.697,0.602,3.22e-53,"KIAA0319L"
"FAM114A2",2e-57,0.627,0.31,0.202,3.72e-53,"FAM114A2"
"C2orf76",2.11e-57,0.574,0.35,0.237,3.92e-53,"C2orf76"
"ATP10B",2.28e-57,2.126,0.077,0.025,4.25e-53,"ATP10B"
"KMT2A",2.33e-57,-0.248,0.88,0.904,4.33e-53,"KMT2A"
"TPRG1",3.33e-57,1.449,0.056,0.013,6.19e-53,"TPRG1"
"DPF2",3.36e-57,0.535,0.54,0.425,6.26e-53,"DPF2"
"CAPN1",3.76e-57,0.61,0.357,0.242,7e-53,"CAPN1"
"AEBP1",3.92e-57,1.521,0.087,0.031,7.29e-53,"AEBP1"
"CZIB",4.07e-57,0.575,0.372,0.257,7.58e-53,"CZIB"
"ARHGEF10L",4.98e-57,0.689,0.34,0.232,9.28e-53,"ARHGEF10L"
"ZNF581",5.53e-57,0.748,0.18,0.095,1.03e-52,"ZNF581"
"RBBP9",5.56e-57,0.722,0.223,0.13,1.04e-52,"RBBP9"
"CRYM",5.66e-57,4.087,0.056,0.013,1.05e-52,"CRYM"
"POLDIP2",5.66e-57,0.55,0.423,0.306,1.05e-52,"POLDIP2"
"RGN",6.95e-57,-0.969,0.053,0.123,1.29e-52,"RGN"
"MED28",7.15e-57,0.501,0.565,0.458,1.33e-52,"MED28"
"XRCC5",7.39e-57,0.28,0.972,0.971,1.38e-52,"XRCC5"
"ADAMTS9",7.89e-57,1.327,0.085,0.03,1.47e-52,"ADAMTS9"
"ARHGAP1",8.33e-57,0.76,0.271,0.169,1.55e-52,"ARHGAP1"
"TMEM87B",8.45e-57,0.828,0.285,0.184,1.57e-52,"TMEM87B"
"ST6GAL1",8.71e-57,-1.361,0.035,0.094,1.62e-52,"ST6GAL1"
"RALB",9.23e-57,0.656,0.242,0.143,1.72e-52,"RALB"
"MYG1",9.55e-57,0.623,0.304,0.195,1.78e-52,"MYG1"
"RASA2",9.67e-57,-0.296,0.715,0.782,1.8e-52,"RASA2"
"MARCHF2",1.05e-56,0.607,0.332,0.219,1.96e-52,"MARCHF2"
"PCYT1A",1.06e-56,0.592,0.349,0.236,1.98e-52,"PCYT1A"
"ZNF66",1.09e-56,-0.409,0.316,0.427,2.02e-52,"ZNF66"
"SNCAIP",1.11e-56,1.093,0.668,0.629,2.07e-52,"SNCAIP"
"GABRB3",1.12e-56,-0.488,0.364,0.471,2.09e-52,"GABRB3"
"NADK",1.13e-56,0.708,0.257,0.157,2.1e-52,"NADK"
"FBXO9",1.14e-56,0.502,0.518,0.403,2.12e-52,"FBXO9"
"ZNF76",1.17e-56,0.653,0.263,0.162,2.17e-52,"ZNF76"
"C11orf71",1.27e-56,0.876,0.133,0.061,2.36e-52,"C11orf71"
"KLF3",1.27e-56,0.565,0.336,0.224,2.37e-52,"KLF3"
"GEN1",1.41e-56,-0.811,0.202,0.297,2.62e-52,"GEN1"
"ENSA",1.42e-56,0.39,0.718,0.632,2.63e-52,"ENSA"
"LMLN",1.47e-56,0.745,0.175,0.091,2.74e-52,"LMLN"
"ANKRD6",1.72e-56,0.579,0.642,0.551,3.21e-52,"ANKRD6"
"LRFN4",1.86e-56,0.633,0.297,0.19,3.46e-52,"LRFN4"
"SNX19",1.87e-56,0.577,0.486,0.369,3.47e-52,"SNX19"
"BBIP1",1.94e-56,0.483,0.578,0.466,3.6e-52,"BBIP1"
"TPD52L1",2.03e-56,1.755,0.139,0.069,3.78e-52,"TPD52L1"
"TMEM243",2.04e-56,0.86,0.198,0.111,3.8e-52,"TMEM243"
"COL5A3",2.15e-56,2.524,0.039,0.004,4.01e-52,"COL5A3"
"MOCS1",2.26e-56,1.858,0.057,0.013,4.21e-52,"MOCS1"
"C1orf56",2.39e-56,0.868,0.204,0.115,4.45e-52,"C1orf56"
"FBXL15",2.5e-56,0.688,0.224,0.128,4.65e-52,"FBXL15"
"APMAP",2.52e-56,0.565,0.436,0.318,4.69e-52,"APMAP"
"MTIF2",2.65e-56,0.635,0.276,0.173,4.94e-52,"MTIF2"
"CERCAM",2.71e-56,0.958,0.142,0.068,5.05e-52,"CERCAM"
"CSRP1",2.87e-56,3.64,0.036,0.004,5.35e-52,"CSRP1"
"WDR54",3.05e-56,0.636,0.31,0.203,5.68e-52,"WDR54"
"DMWD",3.62e-56,0.614,0.333,0.224,6.73e-52,"DMWD"
"COPS4",3.88e-56,0.406,0.628,0.519,7.23e-52,"COPS4"
"CACNA2D3",3.94e-56,-2.182,0.012,0.055,7.33e-52,"CACNA2D3"
"CLHC1",3.96e-56,0.553,0.447,0.329,7.36e-52,"CLHC1"
"BICDL1",3.97e-56,-0.866,0.067,0.141,7.4e-52,"BICDL1"
"EMD",4.35e-56,0.558,0.456,0.347,8.1e-52,"EMD"
"PIP4P2",4.43e-56,0.586,0.481,0.37,8.24e-52,"PIP4P2"
"PAK6",4.84e-56,-1.274,0.052,0.118,9.01e-52,"PAK6"
"PLSCR1",4.87e-56,1.065,0.137,0.065,9.07e-52,"PLSCR1"
"NIP7",4.96e-56,0.731,0.245,0.147,9.23e-52,"NIP7"
"CENPC",5.2e-56,-0.624,0.492,0.555,9.67e-52,"CENPC"
"SP4",5.41e-56,-0.373,0.449,0.549,1.01e-51,"SP4"
"RAB11FIP4",5.42e-56,-0.62,0.119,0.209,1.01e-51,"RAB11FIP4"
"CENPN",5.74e-56,-0.679,0.181,0.279,1.07e-51,"CENPN"
"PNPT1",5.99e-56,0.543,0.44,0.324,1.12e-51,"PNPT1"
"COX7A2L",6.04e-56,0.345,0.818,0.775,1.12e-51,"COX7A2L"
"EXOSC7",6.11e-56,0.579,0.426,0.313,1.14e-51,"EXOSC7"
"BAG2",6.17e-56,0.785,0.211,0.122,1.15e-51,"BAG2"
"UBFD1",6.52e-56,0.544,0.381,0.267,1.21e-51,"UBFD1"
"POU6F2",6.57e-56,1.385,0.074,0.023,1.22e-51,"POU6F2"
"SERTAD3",6.64e-56,0.81,0.201,0.113,1.24e-51,"SERTAD3"
"MED27",6.88e-56,0.468,0.638,0.545,1.28e-51,"MED27"
"TXN",7.56e-56,0.136,0.927,0.91,1.41e-51,"TXN"
"PIF1",7.6e-56,-1.475,0.045,0.108,1.41e-51,"PIF1"
"EML3",7.6e-56,1.711,0.067,0.019,1.42e-51,"EML3"
"SLC9A3R2",7.91e-56,1.858,0.053,0.011,1.47e-51,"SLC9A3R2"
"NOC3L",7.95e-56,0.573,0.378,0.267,1.48e-51,"NOC3L"
"SPRYD4",8.38e-56,1.031,0.133,0.062,1.56e-51,"SPRYD4"
"TAF9",9.06e-56,0.508,0.497,0.38,1.69e-51,"TAF9"
"ZNF652",9.53e-56,0.373,0.737,0.654,1.77e-51,"ZNF652"
"ENSG00000280649",1.03e-55,2.722,0.039,0.005,1.92e-51,"ENSG00000280649"
"MRPL44",1.04e-55,0.496,0.474,0.351,1.94e-51,"MRPL44"
"TMEM108",1.05e-55,0.492,0.506,0.39,1.95e-51,"TMEM108"
"TTC37",1.05e-55,0.359,0.775,0.703,1.96e-51,"TTC37"
"FAM91A1",1.06e-55,0.575,0.401,0.288,1.98e-51,"FAM91A1"
"TTC9B",1.19e-55,-0.276,0.196,0.315,2.22e-51,"TTC9B"
"TAFA1",1.19e-55,2.283,0.043,0.007,2.22e-51,"TAFA1"
"EPHA2",1.2e-55,3.206,0.039,0.005,2.24e-51,"EPHA2"
"EMG1",1.25e-55,0.782,0.235,0.141,2.33e-51,"EMG1"
"PPP1R11",1.28e-55,0.543,0.429,0.31,2.39e-51,"PPP1R11"
"HERC3",1.39e-55,-0.463,0.285,0.392,2.59e-51,"HERC3"
"MIS18BP1",1.42e-55,-1.121,0.281,0.358,2.65e-51,"MIS18BP1"
"CD47",1.68e-55,0.53,0.491,0.385,3.13e-51,"CD47"
"PKIA",1.68e-55,-0.24,0.742,0.812,3.13e-51,"PKIA"
"PPP1R3C",1.68e-55,1.64,0.076,0.025,3.13e-51,"PPP1R3C"
"SERINC3",1.86e-55,0.534,0.508,0.396,3.47e-51,"SERINC3"
"ADAL",1.97e-55,0.603,0.262,0.161,3.67e-51,"ADAL"
"GPR137",1.98e-55,0.737,0.203,0.114,3.68e-51,"GPR137"
"SANBR",2.04e-55,-0.318,0.563,0.656,3.8e-51,"SANBR"
"TP53I11",2.13e-55,-0.25,0.257,0.378,3.97e-51,"TP53I11"
"PRR18",2.16e-55,2.634,0.046,0.008,4.02e-51,"PRR18"
"SESN2",2.16e-55,0.85,0.183,0.099,4.03e-51,"SESN2"
"CENPK",2.31e-55,-0.598,0.243,0.341,4.3e-51,"CENPK"
"RBM20",2.39e-55,1.81,0.065,0.018,4.44e-51,"RBM20"
"PLOD3",2.41e-55,0.817,0.209,0.119,4.49e-51,"PLOD3"
"COMT",2.73e-55,1.587,0.078,0.026,5.08e-51,"COMT"
"SH3BGR",2.75e-55,0.874,0.138,0.065,5.12e-51,"SH3BGR"
"MRPL55",2.75e-55,0.558,0.39,0.275,5.12e-51,"MRPL55"
"ATP5PO",2.88e-55,0.338,0.877,0.845,5.37e-51,"ATP5PO"
"FARS2",3.23e-55,0.411,0.698,0.597,6.02e-51,"FARS2"
"SGSM1",3.78e-55,-1.69,0.021,0.071,7.03e-51,"SGSM1"
"LHX6",3.78e-55,1.176,0.273,0.188,7.04e-51,"LHX6"
"MOSPD2",3.79e-55,0.57,0.31,0.202,7.05e-51,"MOSPD2"
"COX20",3.98e-55,0.335,0.802,0.753,7.41e-51,"COX20"
"UNC119",4.12e-55,0.571,0.268,0.164,7.67e-51,"UNC119"
"ZNF770",4.12e-55,0.518,0.501,0.392,7.68e-51,"ZNF770"
"TNFRSF19",4.3e-55,0.599,0.248,0.15,8e-51,"TNFRSF19"
"ENSG00000280187",4.42e-55,1.357,0.071,0.021,8.23e-51,"ENSG00000280187"
"CCSAP",4.47e-55,-0.263,0.339,0.456,8.33e-51,"CCSAP"
"ABCC4",4.58e-55,1.638,0.078,0.026,8.53e-51,"ABCC4"
"TLCD5",4.63e-55,0.572,0.265,0.163,8.62e-51,"TLCD5"
"ORC6",4.77e-55,-0.598,0.255,0.356,8.87e-51,"ORC6"
"SMOC1",4.77e-55,0.117,0.323,0.448,8.88e-51,"SMOC1"
"PIGC",4.97e-55,0.566,0.395,0.279,9.24e-51,"PIGC"
"SDHB",5.14e-55,0.476,0.554,0.443,9.56e-51,"SDHB"
"GABBR2",5.23e-55,3.426,0.12,0.056,9.74e-51,"GABBR2"
"CEP126",5.62e-55,0.573,0.236,0.14,1.05e-50,"CEP126"
"FAM227B",6.12e-55,0.709,0.343,0.235,1.14e-50,"FAM227B"
"INCENP",6.22e-55,-0.825,0.118,0.203,1.16e-50,"INCENP"
"ABCA4",6.25e-55,3.803,0.031,0.002,1.16e-50,"ABCA4"
"CUBN",6.75e-55,0.912,0.121,0.054,1.26e-50,"CUBN"
"EXT1",6.77e-55,0.339,0.785,0.678,1.26e-50,"EXT1"
"NHS",7.33e-55,0.577,0.487,0.382,1.36e-50,"NHS"
"UPRT",7.36e-55,0.668,0.25,0.151,1.37e-50,"UPRT"
"SMUG1",7.57e-55,0.706,0.237,0.141,1.41e-50,"SMUG1"
"ZNF334",7.72e-55,0.667,0.284,0.181,1.44e-50,"ZNF334"
"C17orf49",7.89e-55,0.478,0.634,0.537,1.47e-50,"C17orf49"
"CHST7",8.54e-55,1.056,0.105,0.043,1.59e-50,"CHST7"
"GNB4",8.56e-55,0.507,0.526,0.411,1.59e-50,"GNB4"
"RB1",8.68e-55,0.326,0.783,0.707,1.62e-50,"RB1"
"PSMD13",9.03e-55,0.466,0.596,0.493,1.68e-50,"PSMD13"
"CFAP276",9.15e-55,1.436,0.07,0.021,1.7e-50,"CFAP276"
"POLR1F",9.18e-55,0.692,0.265,0.166,1.71e-50,"POLR1F"
"PLEKHM2",9.19e-55,0.529,0.439,0.322,1.71e-50,"PLEKHM2"
"CCDC6",9.37e-55,0.488,0.581,0.483,1.74e-50,"CCDC6"
"TNKS1BP1",1.13e-54,0.716,0.243,0.148,2.11e-50,"TNKS1BP1"
"DUSP23",1.14e-54,2.583,0.043,0.007,2.13e-50,"DUSP23"
"ITPK1",1.21e-54,0.826,0.316,0.213,2.25e-50,"ITPK1"
"TSPAN7",1.26e-54,0.53,0.584,0.478,2.35e-50,"TSPAN7"
"PFDN6",1.27e-54,0.538,0.377,0.26,2.36e-50,"PFDN6"
"YPEL5",1.37e-54,0.505,0.513,0.394,2.55e-50,"YPEL5"
"UGGT2",1.41e-54,0.428,0.743,0.643,2.63e-50,"UGGT2"
"OLFM2",1.52e-54,0.733,0.679,0.587,2.83e-50,"OLFM2"
"TAF7",1.59e-54,0.339,0.827,0.779,2.95e-50,"TAF7"
"FSIP1",1.73e-54,0.747,0.119,0.053,3.22e-50,"FSIP1"
"NAGA",1.73e-54,1.17,0.115,0.051,3.23e-50,"NAGA"
"APH1B",1.75e-54,0.693,0.313,0.208,3.27e-50,"APH1B"
"ENSG00000285458",1.85e-54,2.107,0.053,0.012,3.45e-50,"ENSG00000285458"
"SYNGAP1",1.89e-54,0.592,0.317,0.209,3.51e-50,"SYNGAP1"
"SAPCD2",1.95e-54,-1.291,0.048,0.112,3.64e-50,"SAPCD2"
"OIP5",2.08e-54,-0.794,0.159,0.251,3.87e-50,"OIP5"
"MAOB",2.11e-54,3.678,0.036,0.004,3.93e-50,"MAOB"
"COL16A1",2.13e-54,2.964,0.035,0.003,3.97e-50,"COL16A1"
"MALSU1",2.14e-54,0.582,0.46,0.35,3.98e-50,"MALSU1"
"ERICH3",2.25e-54,3.292,0.037,0.004,4.19e-50,"ERICH3"
"TMEFF2",2.26e-54,-0.51,0.188,0.289,4.2e-50,"TMEFF2"
"ATF4",2.39e-54,0.619,0.48,0.377,4.46e-50,"ATF4"
"DPAGT1",2.4e-54,0.918,0.133,0.062,4.47e-50,"DPAGT1"
"GOLGB1",2.45e-54,0.388,0.776,0.721,4.56e-50,"GOLGB1"
"TMEM203",2.45e-54,0.511,0.394,0.277,4.56e-50,"TMEM203"
"PGPEP1",2.57e-54,0.916,0.165,0.087,4.79e-50,"PGPEP1"
"ANO6",2.63e-54,0.374,0.521,0.394,4.89e-50,"ANO6"
"MOB4",2.71e-54,0.378,0.752,0.685,5.04e-50,"MOB4"
"FLVCR2",2.73e-54,3.622,0.033,0.002,5.08e-50,"FLVCR2"
"TLCD4",2.78e-54,1.34,0.09,0.034,5.17e-50,"TLCD4"
"SURF2",2.82e-54,0.665,0.306,0.202,5.24e-50,"SURF2"
"IFNGR2",3.12e-54,0.523,0.502,0.39,5.81e-50,"IFNGR2"
"PINK1",3.24e-54,0.582,0.334,0.223,6.02e-50,"PINK1"
"IQGAP3",3.24e-54,-0.906,0.075,0.149,6.03e-50,"IQGAP3"
"KDSR",3.49e-54,0.512,0.486,0.369,6.5e-50,"KDSR"
"CCP110",3.54e-54,-0.409,0.441,0.537,6.6e-50,"CCP110"
"PCDH19",3.61e-54,0.999,0.137,0.066,6.71e-50,"PCDH19"
"CISD2",3.72e-54,0.473,0.533,0.422,6.93e-50,"CISD2"
"IDH3A",3.99e-54,0.625,0.321,0.214,7.42e-50,"IDH3A"
"REXO5",4.05e-54,-1.014,0.091,0.167,7.54e-50,"REXO5"
"LTBP2",4.6e-54,3.159,0.034,0.003,8.57e-50,"LTBP2"
"C18orf54",4.72e-54,-0.711,0.148,0.238,8.79e-50,"C18orf54"
"ENDOG",5.39e-54,0.589,0.332,0.223,1e-49,"ENDOG"
"ECPAS",5.41e-54,0.46,0.538,0.426,1.01e-49,"ECPAS"
"ZBTB33",6.05e-54,0.699,0.318,0.215,1.13e-49,"ZBTB33"
"CDIP1",6.1e-54,0.719,0.266,0.168,1.14e-49,"CDIP1"
"SAMD9",6.15e-54,2.222,0.05,0.011,1.14e-49,"SAMD9"
"CBLB",6.39e-54,-0.187,0.611,0.709,1.19e-49,"CBLB"
"LINC00672",6.41e-54,1.028,0.114,0.049,1.19e-49,"LINC00672"
"AEN",6.42e-54,1.114,0.13,0.062,1.19e-49,"AEN"
"PAAF1",6.45e-54,0.471,0.421,0.301,1.2e-49,"PAAF1"
"NSD3",6.61e-54,-0.19,0.922,0.945,1.23e-49,"NSD3"
"TRMT5",6.66e-54,0.715,0.235,0.142,1.24e-49,"TRMT5"
"GPC2",6.73e-54,-0.171,0.435,0.573,1.25e-49,"GPC2"
"ENTR1",6.86e-54,0.599,0.301,0.196,1.28e-49,"ENTR1"
"MRPS22",6.86e-54,0.524,0.472,0.359,1.28e-49,"MRPS22"
"ARSL",6.9e-54,3.255,0.037,0.004,1.28e-49,"ARSL"
"CSDE1",7.13e-54,0.289,0.92,0.917,1.33e-49,"CSDE1"
"MAML3",7.3e-54,-0.996,0.425,0.493,1.36e-49,"MAML3"
"FICD",7.33e-54,1.213,0.107,0.045,1.36e-49,"FICD"
"NAGPA",7.36e-54,1.239,0.086,0.031,1.37e-49,"NAGPA"
"PGRMC2",7.7e-54,0.595,0.45,0.341,1.43e-49,"PGRMC2"
"RPF1",8.55e-54,0.6,0.377,0.267,1.59e-49,"RPF1"
"PIGF",8.59e-54,0.493,0.549,0.44,1.6e-49,"PIGF"
"BSN",8.91e-54,-0.528,0.179,0.279,1.66e-49,"BSN"
"PCDHGC3",9.08e-54,1.955,0.054,0.012,1.69e-49,"PCDHGC3"
"TRAF3IP2",9.26e-54,0.681,0.43,0.317,1.72e-49,"TRAF3IP2"
"RPGR",9.69e-54,0.816,0.24,0.148,1.8e-49,"RPGR"
"GOLGA4",9.74e-54,0.337,0.812,0.77,1.81e-49,"GOLGA4"
"BRMS1",9.9e-54,0.738,0.249,0.153,1.84e-49,"BRMS1"
"MTG1",1.06e-53,0.687,0.273,0.174,1.97e-49,"MTG1"
"MRPS30",1.48e-53,0.603,0.406,0.297,2.76e-49,"MRPS30"
"PRRG1",1.68e-53,1.235,0.114,0.05,3.14e-49,"PRRG1"
"RAB1A",1.69e-53,0.339,0.817,0.776,3.15e-49,"RAB1A"
"SCN7A",1.73e-53,4.271,0.031,0.002,3.22e-49,"SCN7A"
"SHFL",1.73e-53,0.989,0.14,0.068,3.23e-49,"SHFL"
"CCDC149",1.84e-53,0.63,0.196,0.109,3.42e-49,"CCDC149"
"TOR1A",1.84e-53,0.775,0.261,0.165,3.43e-49,"TOR1A"
"APLF",1.88e-53,0.854,0.186,0.104,3.5e-49,"APLF"
"WDR45",1.96e-53,0.551,0.315,0.208,3.64e-49,"WDR45"
"FADS3",2e-53,1.038,0.126,0.058,3.72e-49,"FADS3"
"GPC4",2.16e-53,0.442,0.368,0.252,4.02e-49,"GPC4"
"NSMCE1",2.45e-53,0.786,0.232,0.14,4.56e-49,"NSMCE1"
"KIAA1143",2.47e-53,0.562,0.436,0.323,4.6e-49,"KIAA1143"
"MMS22L",2.54e-53,-0.897,0.385,0.456,4.72e-49,"MMS22L"
"ECT2",2.56e-53,-0.89,0.202,0.291,4.77e-49,"ECT2"
"MAP1B",2.68e-53,-0.154,0.99,0.995,4.99e-49,"MAP1B"
"CLYBL",2.95e-53,1.01,0.123,0.056,5.5e-49,"CLYBL"
"ANXA6",2.99e-53,0.648,0.4,0.294,5.56e-49,"ANXA6"
"FBXO7",3.17e-53,0.511,0.485,0.374,5.89e-49,"FBXO7"
"SCAMP4",3.3e-53,0.621,0.289,0.185,6.15e-49,"SCAMP4"
"UBASH3B",3.33e-53,0.524,0.206,0.117,6.2e-49,"UBASH3B"
"C2orf88",3.4e-53,1.007,0.264,0.17,6.33e-49,"C2orf88"
"PDIA5",3.43e-53,0.84,0.188,0.105,6.38e-49,"PDIA5"
"SMS",3.54e-53,0.811,0.667,0.637,6.6e-49,"SMS"
"ORMDL2",3.59e-53,0.716,0.231,0.139,6.68e-49,"ORMDL2"
"RGL3",3.95e-53,2.696,0.044,0.008,7.35e-49,"RGL3"
"SMIM19",4.15e-53,0.543,0.505,0.397,7.72e-49,"SMIM19"
"NAP1L3",4.24e-53,0.599,0.376,0.261,7.89e-49,"NAP1L3"
"SLC39A14",4.49e-53,0.997,0.128,0.06,8.36e-49,"SLC39A14"
"YAE1",4.88e-53,0.59,0.375,0.264,9.09e-49,"YAE1"
"GANAB",4.98e-53,0.544,0.465,0.358,9.26e-49,"GANAB"
"CEP85",5.29e-53,-0.807,0.151,0.238,9.84e-49,"CEP85"
"DNAJA3",5.34e-53,0.652,0.267,0.167,9.93e-49,"DNAJA3"
"TM7SF3",6.23e-53,0.398,0.51,0.393,1.16e-48,"TM7SF3"
"VPS33A",6.45e-53,0.598,0.28,0.178,1.2e-48,"VPS33A"
"MAP6",6.55e-53,0.364,0.525,0.399,1.22e-48,"MAP6"
"SGMS2",6.75e-53,1.285,0.072,0.023,1.26e-48,"SGMS2"
"CCNF",6.87e-53,-0.912,0.127,0.209,1.28e-48,"CCNF"
"SCML1",6.88e-53,-0.45,0.284,0.386,1.28e-48,"SCML1"
"PDHA1",7.22e-53,0.537,0.475,0.364,1.34e-48,"PDHA1"
"MAP4",7.46e-53,0.321,0.877,0.864,1.39e-48,"MAP4"
"CRMP1",7.77e-53,-0.131,0.923,0.949,1.45e-48,"CRMP1"
"PARD6B",7.8e-53,0.665,0.212,0.123,1.45e-48,"PARD6B"
"SCML2",8.17e-53,-0.452,0.269,0.372,1.52e-48,"SCML2"
"AGBL1",8.36e-53,2.097,0.064,0.018,1.56e-48,"AGBL1"
"CTSF",8.62e-53,2.296,0.042,0.007,1.6e-48,"CTSF"
"RNF128",8.84e-53,2.745,0.032,0.002,1.65e-48,"RNF128"
"THAP5",8.88e-53,0.555,0.381,0.27,1.65e-48,"THAP5"
"STIM1",9.54e-53,0.436,0.494,0.373,1.78e-48,"STIM1"
"ARSG",9.58e-53,1.085,0.092,0.036,1.78e-48,"ARSG"
"HS6ST1",9.77e-53,0.623,0.254,0.157,1.82e-48,"HS6ST1"
"GABPB1",9.79e-53,-0.422,0.565,0.63,1.82e-48,"GABPB1"
"C1QTNF1",1.01e-52,1.725,0.075,0.025,1.88e-48,"C1QTNF1"
"SH3GL1",1.08e-52,0.585,0.366,0.256,2.02e-48,"SH3GL1"
"PSME3",1.14e-52,0.633,0.312,0.208,2.12e-48,"PSME3"
"KSR2",1.14e-52,-1.657,0.024,0.073,2.13e-48,"KSR2"
"TIGD4",1.14e-52,1.255,0.087,0.033,2.13e-48,"TIGD4"
"NRBP1",1.18e-52,0.516,0.511,0.41,2.19e-48,"NRBP1"
"GTDC1",1.2e-52,-0.446,0.633,0.682,2.24e-48,"GTDC1"
"RBM42",1.36e-52,0.599,0.392,0.282,2.52e-48,"RBM42"
"GOLM2",1.36e-52,0.298,0.864,0.829,2.54e-48,"GOLM2"
"TLCD3A",1.39e-52,0.865,0.178,0.098,2.6e-48,"TLCD3A"
"HES5",1.45e-52,0.558,0.309,0.208,2.69e-48,"HES5"
"PIGT",1.61e-52,0.713,0.237,0.145,2.99e-48,"PIGT"
"NECTIN2",1.62e-52,0.59,0.3,0.197,3.02e-48,"NECTIN2"
"FADS2",1.74e-52,0.592,0.566,0.479,3.23e-48,"FADS2"
"ENSG00000285837",1.76e-52,2.937,0.034,0.003,3.28e-48,"ENSG00000285837"
"PRMT6",1.77e-52,0.898,0.16,0.084,3.29e-48,"PRMT6"
"NCOR2",1.78e-52,0.573,0.609,0.523,3.31e-48,"NCOR2"
"PTBP2",1.94e-52,-0.167,0.938,0.959,3.61e-48,"PTBP2"
"ERVK3-1",2.02e-52,0.56,0.378,0.268,3.77e-48,"ERVK3-1"
"SLC35B2",2.09e-52,0.678,0.279,0.18,3.88e-48,"SLC35B2"
"FAM110A",2.14e-52,-0.917,0.059,0.126,3.98e-48,"FAM110A"
"PHTF2",2.15e-52,-0.363,0.64,0.698,4e-48,"PHTF2"
"CRK",2.19e-52,0.454,0.608,0.52,4.07e-48,"CRK"
"GCNT2",2.26e-52,-0.5,0.129,0.221,4.2e-48,"GCNT2"
"ESF1",2.38e-52,0.436,0.591,0.484,4.42e-48,"ESF1"
"PCLAF",2.38e-52,-0.123,0.207,0.316,4.42e-48,"PCLAF"
"UBE2V1",2.49e-52,0.855,0.154,0.079,4.63e-48,"UBE2V1"
"THG1L",2.55e-52,0.816,0.182,0.101,4.75e-48,"THG1L"
"TSC22D2",2.7e-52,-0.27,0.834,0.866,5.03e-48,"TSC22D2"
"GATM",2.79e-52,2.318,0.071,0.023,5.2e-48,"GATM"
"ASXL2",2.98e-52,0.493,0.595,0.492,5.56e-48,"ASXL2"
"FGF9",3.28e-52,-0.479,0.16,0.255,6.11e-48,"FGF9"
"GTF2H4",3.63e-52,0.766,0.207,0.12,6.76e-48,"GTF2H4"
"PIGS",3.93e-52,0.755,0.209,0.122,7.31e-48,"PIGS"
"TMEM53",3.98e-52,0.8,0.124,0.057,7.4e-48,"TMEM53"
"B3GALNT2",4.26e-52,0.501,0.495,0.381,7.93e-48,"B3GALNT2"
"CCDC9B",4.27e-52,2.573,0.039,0.006,7.95e-48,"CCDC9B"
"ADAM22",4.44e-52,-0.295,0.515,0.613,8.26e-48,"ADAM22"
"CDK5R1",4.64e-52,-0.227,0.52,0.63,8.64e-48,"CDK5R1"
"GUCY1A2",4.66e-52,-1.573,0.081,0.153,8.68e-48,"GUCY1A2"
"ZBTB7B",4.95e-52,3.127,0.036,0.004,9.21e-48,"ZBTB7B"
"VEGFD",5.14e-52,2.852,0.039,0.005,9.57e-48,"VEGFD"
"HUWE1",5.21e-52,0.4,0.835,0.79,9.7e-48,"HUWE1"
"ELP6",5.22e-52,0.558,0.393,0.284,9.72e-48,"ELP6"
"PSMB9",5.34e-52,1.188,0.128,0.062,9.95e-48,"PSMB9"
"PPP2R5E",5.39e-52,-0.194,0.884,0.91,1e-47,"PPP2R5E"
"PTPN7",5.47e-52,1.561,0.063,0.018,1.02e-47,"PTPN7"
"RELA",5.73e-52,0.709,0.225,0.135,1.07e-47,"RELA"
"EXPH5",5.74e-52,1.494,0.083,0.03,1.07e-47,"EXPH5"
"METTL1",5.79e-52,1.479,0.068,0.021,1.08e-47,"METTL1"
"ELOF1",7.07e-52,0.558,0.345,0.237,1.32e-47,"ELOF1"
"SDCCAG8",7.23e-52,0.347,0.765,0.69,1.35e-47,"SDCCAG8"
"RNF11",7.57e-52,0.433,0.603,0.495,1.41e-47,"RNF11"
"CDH12",7.83e-52,-2.099,0.031,0.084,1.46e-47,"CDH12"
"HS3ST3B1",9.06e-52,2.27,0.052,0.012,1.69e-47,"HS3ST3B1"
"PLEKHB2",9.3e-52,0.554,0.49,0.388,1.73e-47,"PLEKHB2"
"DDX46",9.35e-52,0.338,0.821,0.781,1.74e-47,"DDX46"
"BMPER",9.7e-52,1.579,0.089,0.035,1.8e-47,"BMPER"
"MRPS9",1.05e-51,0.503,0.441,0.326,1.96e-47,"MRPS9"
"EIF3B",1.06e-51,0.528,0.498,0.391,1.97e-47,"EIF3B"
"UNC119B",1.11e-51,0.783,0.189,0.106,2.07e-47,"UNC119B"
"YARS1",1.16e-51,0.549,0.346,0.238,2.16e-47,"YARS1"
"CLEC19A",1.3e-51,1.68,0.049,0.011,2.41e-47,"CLEC19A"
"CDH1",1.34e-51,2.911,0.043,0.008,2.5e-47,"CDH1"
"MMUT",1.35e-51,0.506,0.39,0.277,2.51e-47,"MMUT"
"SSBP3",1.39e-51,-0.351,0.497,0.597,2.59e-47,"SSBP3"
"ARPIN",1.48e-51,0.76,0.208,0.122,2.76e-47,"ARPIN"
"FZD3",1.51e-51,0.296,0.915,0.9,2.8e-47,"FZD3"
"FSD1L",1.59e-51,-0.322,0.634,0.702,2.96e-47,"FSD1L"
"PLPPR2",1.65e-51,0.676,0.253,0.156,3.07e-47,"PLPPR2"
"TMEM120A",1.72e-51,0.701,0.189,0.106,3.21e-47,"TMEM120A"
"ZNHIT3",1.76e-51,0.453,0.609,0.509,3.28e-47,"ZNHIT3"
"IFT74",1.79e-51,0.513,0.471,0.354,3.33e-47,"IFT74"
"PIP5K1A",1.88e-51,0.472,0.609,0.518,3.51e-47,"PIP5K1A"
"KANSL1",1.96e-51,-0.119,0.975,0.982,3.64e-47,"KANSL1"
"TM9SF4",2.08e-51,0.501,0.479,0.367,3.87e-47,"TM9SF4"
"ANO4",2.15e-51,-1.167,0.037,0.093,4e-47,"ANO4"
"PSMD14",2.32e-51,0.364,0.728,0.668,4.32e-47,"PSMD14"
"CNTNAP3B",2.37e-51,-0.152,0.148,0.074,4.41e-47,"CNTNAP3B"
"LSM4",2.41e-51,0.398,0.694,0.622,4.49e-47,"LSM4"
"IER3IP1",2.56e-51,0.53,0.504,0.397,4.77e-47,"IER3IP1"
"ZNF518A",2.56e-51,0.417,0.653,0.557,4.77e-47,"ZNF518A"
"EIF1B",2.59e-51,0.313,0.908,0.883,4.83e-47,"EIF1B"
"TSPAN18",2.74e-51,1.009,0.213,0.129,5.11e-47,"TSPAN18"
"TIMM9",2.83e-51,0.48,0.453,0.337,5.27e-47,"TIMM9"
"WASHC5",2.84e-51,0.525,0.443,0.328,5.29e-47,"WASHC5"
"PRMT5",2.92e-51,0.649,0.31,0.209,5.43e-47,"PRMT5"
"SLC1A1",2.93e-51,-0.952,0.06,0.126,5.44e-47,"SLC1A1"
"HMGB1P1",3.19e-51,3.168,0.037,0.005,5.93e-47,"HMGB1P1"
"MAPKAP1",3.26e-51,0.379,0.674,0.59,6.08e-47,"MAPKAP1"
"SGMS1",3.38e-51,0.474,0.469,0.351,6.28e-47,"SGMS1"
"BTG1",3.56e-51,-0.431,0.934,0.956,6.63e-47,"BTG1"
"FYTTD1",3.64e-51,0.452,0.628,0.535,6.77e-47,"FYTTD1"
"UNC93B1",3.82e-51,3.349,0.033,0.003,7.1e-47,"UNC93B1"
"GNAI3",3.9e-51,0.319,0.819,0.776,7.26e-47,"GNAI3"
"DCXR",3.91e-51,0.378,0.44,0.322,7.27e-47,"DCXR"
"KCNA2",4.01e-51,1.167,0.105,0.045,7.47e-47,"KCNA2"
"CFAP119",4.06e-51,1.415,0.08,0.029,7.55e-47,"CFAP119"
"C17orf58",4.1e-51,0.73,0.209,0.123,7.63e-47,"C17orf58"
"GNL1",4.15e-51,0.527,0.418,0.311,7.73e-47,"GNL1"
"CIB2",4.35e-51,0.733,0.216,0.129,8.1e-47,"CIB2"
"RAP2C",4.44e-51,0.51,0.398,0.285,8.26e-47,"RAP2C"
"NRP1",4.59e-51,0.712,0.266,0.169,8.55e-47,"NRP1"
"TENT4A",4.87e-51,-0.436,0.374,0.468,9.06e-47,"TENT4A"
"TMEM167B",5.13e-51,0.575,0.317,0.211,9.55e-47,"TMEM167B"
"AURKA",5.55e-51,-0.938,0.112,0.192,1.03e-46,"AURKA"
"UBE2QL1",5.72e-51,-0.387,0.123,0.21,1.06e-46,"UBE2QL1"
"HVCN1",5.81e-51,1.21,0.102,0.043,1.08e-46,"HVCN1"
"ATP6V0E2",6.07e-51,0.487,0.585,0.494,1.13e-46,"ATP6V0E2"
"CUTC",6.56e-51,0.668,0.284,0.186,1.22e-46,"CUTC"
"TRIR",6.58e-51,0.29,0.942,0.928,1.23e-46,"TRIR"
"CAMSAP1",6.64e-51,-0.235,0.6,0.683,1.24e-46,"CAMSAP1"
"RNF6",6.7e-51,0.582,0.253,0.157,1.25e-46,"RNF6"
"TENM3",7.14e-51,0.171,0.549,0.427,1.33e-46,"TENM3"
"ARFIP2",7.56e-51,0.639,0.216,0.126,1.41e-46,"ARFIP2"
"TCTA",7.66e-51,0.879,0.121,0.056,1.43e-46,"TCTA"
"LSS",8.28e-51,0.574,0.405,0.296,1.54e-46,"LSS"
"MBTPS2",8.43e-51,0.543,0.29,0.188,1.57e-46,"MBTPS2"
"WDR31",9.7e-51,0.811,0.141,0.071,1.81e-46,"WDR31"
"TMEM144",1.04e-50,3.418,0.033,0.003,1.93e-46,"TMEM144"
"MRPL32",1.04e-50,0.536,0.503,0.392,1.94e-46,"MRPL32"
"SLC24A3",1.06e-50,1.222,0.257,0.168,1.97e-46,"SLC24A3"
"PIGP",1.18e-50,0.694,0.225,0.135,2.2e-46,"PIGP"
"LIX1L",1.2e-50,0.514,0.463,0.353,2.23e-46,"LIX1L"
"SAMD11",1.21e-50,1.985,0.047,0.01,2.25e-46,"SAMD11"
"MTIF3",1.31e-50,0.518,0.481,0.37,2.43e-46,"MTIF3"
"CCDC51",1.32e-50,0.698,0.163,0.086,2.45e-46,"CCDC51"
"PCNX3",1.37e-50,0.861,0.148,0.076,2.54e-46,"PCNX3"
"DUT",1.37e-50,0.185,0.71,0.598,2.54e-46,"DUT"
"NPHP3",1.42e-50,0.569,0.345,0.239,2.64e-46,"NPHP3"
"ALDH4A1",1.52e-50,1.41,0.08,0.029,2.83e-46,"ALDH4A1"
"LGALSL",1.55e-50,0.614,0.196,0.111,2.89e-46,"LGALSL"
"FAM177A1",1.62e-50,0.462,0.675,0.587,3.01e-46,"FAM177A1"
"RAB11A",1.63e-50,0.347,0.862,0.819,3.03e-46,"RAB11A"
"ASPSCR1",1.65e-50,0.739,0.257,0.164,3.07e-46,"ASPSCR1"
"SLC35G1",1.79e-50,0.788,0.184,0.104,3.33e-46,"SLC35G1"
"TTC38",1.8e-50,1.122,0.118,0.055,3.34e-46,"TTC38"
"EIF2B2",1.85e-50,0.659,0.277,0.179,3.44e-46,"EIF2B2"
"CES2",1.94e-50,0.603,0.23,0.138,3.61e-46,"CES2"
"MRPS27",1.95e-50,0.542,0.401,0.292,3.64e-46,"MRPS27"
"VPS4A",2e-50,0.549,0.45,0.341,3.72e-46,"VPS4A"
"ZMAT5",2e-50,0.674,0.251,0.157,3.73e-46,"ZMAT5"
"COQ10A",2.01e-50,0.742,0.188,0.106,3.74e-46,"COQ10A"
"TGDS",2.1e-50,0.917,0.125,0.06,3.9e-46,"TGDS"
"NAPEPLD",2.23e-50,0.586,0.411,0.299,4.16e-46,"NAPEPLD"
"DCAF6",2.26e-50,0.435,0.625,0.519,4.21e-46,"DCAF6"
"PSMB7",2.32e-50,0.368,0.799,0.746,4.33e-46,"PSMB7"
"SUGT1",2.34e-50,0.426,0.729,0.655,4.36e-46,"SUGT1"
"NCAPD2",2.46e-50,-0.729,0.246,0.334,4.57e-46,"NCAPD2"
"TMEM33",2.65e-50,0.519,0.567,0.46,4.93e-46,"TMEM33"
"SRRM2",2.68e-50,0.261,0.936,0.928,4.99e-46,"SRRM2"
"BNIP2",2.73e-50,0.473,0.548,0.447,5.08e-46,"BNIP2"
"FYCO1",2.99e-50,0.998,0.175,0.099,5.56e-46,"FYCO1"
"SUPT6H",3.19e-50,0.485,0.493,0.383,5.94e-46,"SUPT6H"
"ENSG00000255330",3.34e-50,-0.426,0.188,0.284,6.21e-46,"ENSG00000255330"
"TPBG",3.62e-50,3.43,0.034,0.004,6.74e-46,"TPBG"
"VTI1B",3.63e-50,0.468,0.505,0.395,6.75e-46,"VTI1B"
"RILPL1",3.64e-50,0.553,0.411,0.302,6.77e-46,"RILPL1"
"POLR3K",3.67e-50,0.592,0.314,0.212,6.83e-46,"POLR3K"
"PRKAR2A",4.02e-50,0.418,0.6,0.5,7.49e-46,"PRKAR2A"
"MYBBP1A",4.23e-50,1.015,0.114,0.052,7.88e-46,"MYBBP1A"
"TMEM107",4.47e-50,0.735,0.364,0.262,8.31e-46,"TMEM107"
"MAGI2",4.52e-50,0.237,0.926,0.861,8.41e-46,"MAGI2"
"COPS2",4.71e-50,0.417,0.636,0.545,8.76e-46,"COPS2"
"NELFA",4.74e-50,0.506,0.511,0.407,8.82e-46,"NELFA"
"TTLL4",5e-50,0.877,0.176,0.099,9.3e-46,"TTLL4"
"PSMC3",5.19e-50,0.473,0.619,0.534,9.65e-46,"PSMC3"
"PRSS35",5.37e-50,2.857,0.043,0.008,9.99e-46,"PRSS35"
"NME2",5.62e-50,1.053,0.116,0.053,1.05e-45,"NME2"
"CLUH",5.98e-50,0.95,0.115,0.053,1.11e-45,"CLUH"
"SOGA1",6.13e-50,-0.277,0.541,0.633,1.14e-45,"SOGA1"
"CMTR2",6.19e-50,0.641,0.342,0.238,1.15e-45,"CMTR2"
"PEX7",6.24e-50,0.546,0.227,0.135,1.16e-45,"PEX7"
"PRMT3",6.42e-50,0.487,0.449,0.338,1.19e-45,"PRMT3"
"POLE4",6.6e-50,0.57,0.369,0.265,1.23e-45,"POLE4"
"RASSF10",6.61e-50,2.882,0.036,0.005,1.23e-45,"RASSF10"
"IFRD2",7.17e-50,0.75,0.181,0.102,1.33e-45,"IFRD2"
"TUBB2A",7.69e-50,0.436,0.89,0.892,1.43e-45,"TUBB2A"
"DNTTIP1",8.48e-50,0.569,0.377,0.271,1.58e-45,"DNTTIP1"
"CTXN1",8.52e-50,0.457,0.545,0.439,1.59e-45,"CTXN1"
"SLC7A2",8.88e-50,1.938,0.055,0.014,1.65e-45,"SLC7A2"
"SACM1L",9.53e-50,0.564,0.496,0.393,1.77e-45,"SACM1L"
"MCM10",1.02e-49,-0.518,0.129,0.217,1.9e-45,"MCM10"
"RADX",1.06e-49,1.125,0.275,0.185,1.97e-45,"RADX"
"SEC23A",1.08e-49,0.46,0.476,0.365,2.02e-45,"SEC23A"
"UTRN",1.15e-49,0.193,0.529,0.388,2.14e-45,"UTRN"
"MPDZ",1.22e-49,0.274,0.776,0.705,2.28e-45,"MPDZ"
"CACNG7",1.31e-49,0.492,0.495,0.382,2.43e-45,"CACNG7"
"SCRN3",1.38e-49,0.429,0.508,0.391,2.56e-45,"SCRN3"
"NBPF14",1.4e-49,0.989,0.176,0.1,2.61e-45,"NBPF14"
"MYH10",1.43e-49,-0.175,0.875,0.903,2.66e-45,"MYH10"
"GPRIN1",1.45e-49,-0.674,0.091,0.167,2.7e-45,"GPRIN1"
"PPFIA1",1.55e-49,0.436,0.632,0.539,2.89e-45,"PPFIA1"
"ERAP1",1.65e-49,1.043,0.11,0.049,3.07e-45,"ERAP1"
"THUMPD2",1.76e-49,0.539,0.354,0.248,3.27e-45,"THUMPD2"
"GAA",1.8e-49,1.137,0.108,0.048,3.36e-45,"GAA"
"JMJD8",1.9e-49,0.903,0.136,0.068,3.54e-45,"JMJD8"
"GORAB",2.04e-49,0.704,0.198,0.116,3.79e-45,"GORAB"
"SLC16A10",2.11e-49,-1.794,0.027,0.076,3.92e-45,"SLC16A10"
"GGPS1",2.15e-49,0.501,0.383,0.273,4e-45,"GGPS1"
"KLHL7",2.17e-49,-0.172,0.785,0.837,4.04e-45,"KLHL7"
"DGLUCY",2.18e-49,0.63,0.204,0.119,4.05e-45,"DGLUCY"
"VLDLR",2.19e-49,0.668,0.155,0.08,4.08e-45,"VLDLR"
"CLSTN1",2.21e-49,0.378,0.624,0.518,4.1e-45,"CLSTN1"
"UTP14A",2.28e-49,0.628,0.262,0.167,4.24e-45,"UTP14A"
"CLCN7",2.3e-49,0.869,0.165,0.09,4.28e-45,"CLCN7"
"CDK5",2.31e-49,0.614,0.256,0.161,4.3e-45,"CDK5"
"TRMT11",2.33e-49,0.44,0.618,0.515,4.34e-45,"TRMT11"
"SMU1",2.42e-49,0.448,0.606,0.52,4.5e-45,"SMU1"
"DHTKD1",2.57e-49,0.555,0.356,0.251,4.79e-45,"DHTKD1"
"FTSJ3",2.61e-49,0.709,0.227,0.139,4.85e-45,"FTSJ3"
"TMED5",2.78e-49,0.473,0.492,0.387,5.17e-45,"TMED5"
"TMA16",2.88e-49,0.603,0.32,0.22,5.36e-45,"TMA16"
"NCDN",2.92e-49,1.06,0.078,0.028,5.43e-45,"NCDN"
"COG4",3.35e-49,0.496,0.406,0.297,6.24e-45,"COG4"
"MRPS10",3.44e-49,0.494,0.46,0.352,6.4e-45,"MRPS10"
"SLC20A2",3.45e-49,0.494,0.486,0.38,6.43e-45,"SLC20A2"
"ZNF22",3.65e-49,0.401,0.703,0.633,6.79e-45,"ZNF22"
"GPR162",3.78e-49,0.828,0.155,0.082,7.03e-45,"GPR162"
"ARPC1A",3.85e-49,0.377,0.796,0.747,7.16e-45,"ARPC1A"
"TWF2",3.89e-49,0.559,0.293,0.193,7.24e-45,"TWF2"
"FAM189A1",3.91e-49,0.93,0.136,0.068,7.29e-45,"FAM189A1"
"HIF1A",4.15e-49,0.398,0.703,0.628,7.72e-45,"HIF1A"
"SETD5",4.17e-49,0.313,0.89,0.856,7.76e-45,"SETD5"
"TM9SF2",4.24e-49,0.408,0.659,0.575,7.89e-45,"TM9SF2"
"PDE8B",4.3e-49,1.891,0.051,0.012,8.01e-45,"PDE8B"
"RPUSD3",4.36e-49,0.687,0.225,0.137,8.12e-45,"RPUSD3"
"VWA3A",4.39e-49,1.947,0.046,0.01,8.17e-45,"VWA3A"
"INPP5F",4.84e-49,-0.356,0.416,0.51,9.01e-45,"INPP5F"
"FARSA",4.91e-49,0.626,0.271,0.175,9.14e-45,"FARSA"
"UPP1",5.1e-49,1.571,0.067,0.022,9.49e-45,"UPP1"
"C3orf33",5.43e-49,0.733,0.161,0.086,1.01e-44,"C3orf33"
"CXXC4",5.73e-49,0.491,0.477,0.37,1.07e-44,"CXXC4"
"ABHD11",5.95e-49,1.079,0.104,0.045,1.11e-44,"ABHD11"
"ENKD1",6.28e-49,0.876,0.143,0.073,1.17e-44,"ENKD1"
"JUP",6.37e-49,-0.613,0.087,0.163,1.18e-44,"JUP"
"LMO7",6.83e-49,-0.943,0.181,0.267,1.27e-44,"LMO7"
"APOO",6.86e-49,0.456,0.45,0.337,1.28e-44,"APOO"
"MAPT",6.93e-49,-0.499,0.598,0.653,1.29e-44,"MAPT"
"CDK16",6.94e-49,0.543,0.484,0.381,1.29e-44,"CDK16"
"F2R",7.2e-49,0.595,0.433,0.332,1.34e-44,"F2R"
"THAP11",7.3e-49,0.557,0.334,0.229,1.36e-44,"THAP11"
"NBAS",7.38e-49,0.357,0.781,0.713,1.37e-44,"NBAS"
"NOLC1",7.51e-49,0.526,0.368,0.262,1.4e-44,"NOLC1"
"ARL16",7.56e-49,0.492,0.362,0.251,1.41e-44,"ARL16"
"AKAP11",7.72e-49,0.432,0.6,0.501,1.44e-44,"AKAP11"
"TIMM44",7.93e-49,0.56,0.31,0.209,1.48e-44,"TIMM44"
"TXNDC9",8.02e-49,0.538,0.416,0.306,1.49e-44,"TXNDC9"
"CITED4",8.02e-49,1.497,0.072,0.025,1.49e-44,"CITED4"
"DEK",8.17e-49,-0.32,0.849,0.864,1.52e-44,"DEK"
"ATXN10",8.51e-49,0.259,0.918,0.892,1.58e-44,"ATXN10"
"STK40",8.71e-49,0.683,0.3,0.202,1.62e-44,"STK40"
"BABAM1",9.31e-49,0.493,0.547,0.444,1.73e-44,"BABAM1"
"PDE3B",9.43e-49,-0.598,0.39,0.476,1.76e-44,"PDE3B"
"HS2ST1",9.9e-49,0.329,0.705,0.589,1.84e-44,"HS2ST1"
"XPNPEP3",1.04e-48,0.48,0.39,0.28,1.93e-44,"XPNPEP3"
"LRRIQ1",1.04e-48,0.883,0.14,0.072,1.94e-44,"LRRIQ1"
"PSKH1",1.04e-48,0.778,0.195,0.113,1.94e-44,"PSKH1"
"FAM111B",1.05e-48,-0.733,0.113,0.193,1.96e-44,"FAM111B"
"ATG9A",1.08e-48,0.881,0.133,0.066,2.02e-44,"ATG9A"
"OPCML",1.12e-48,-0.166,0.274,0.176,2.09e-44,"OPCML"
"TTPA",1.2e-48,1.268,0.092,0.038,2.24e-44,"TTPA"
"UBE2N",1.2e-48,0.318,0.8,0.769,2.24e-44,"UBE2N"
"SOX13",1.22e-48,1.11,0.087,0.034,2.26e-44,"SOX13"
"PRKAG1",1.22e-48,0.507,0.429,0.318,2.27e-44,"PRKAG1"
"EIF4E",1.3e-48,0.361,0.761,0.705,2.41e-44,"EIF4E"
"SYNGR2",1.32e-48,1.548,0.062,0.019,2.45e-44,"SYNGR2"
"PPM1G",1.39e-48,0.358,0.795,0.753,2.58e-44,"PPM1G"
"DCP1B",1.39e-48,0.525,0.278,0.18,2.59e-44,"DCP1B"
"ZSCAN30",1.41e-48,0.633,0.278,0.18,2.62e-44,"ZSCAN30"
"RUVBL1",1.45e-48,0.485,0.495,0.393,2.69e-44,"RUVBL1"
"MAPK3",1.48e-48,0.707,0.206,0.122,2.75e-44,"MAPK3"
"RPAIN",1.61e-48,0.364,0.91,0.888,3e-44,"RPAIN"
"SEC14L2",1.63e-48,0.761,0.207,0.124,3.03e-44,"SEC14L2"
"ODC1",1.66e-48,0.368,0.778,0.733,3.09e-44,"ODC1"
"NONO",1.7e-48,0.334,0.875,0.841,3.17e-44,"NONO"
"UFD1",1.74e-48,0.488,0.495,0.393,3.23e-44,"UFD1"
"LYPLA2",1.76e-48,0.651,0.24,0.148,3.28e-44,"LYPLA2"
"GET1",1.79e-48,0.436,0.658,0.57,3.33e-44,"GET1"
"BPHL",1.81e-48,0.51,0.399,0.291,3.38e-44,"BPHL"
"RERG",1.84e-48,-0.727,0.074,0.144,3.42e-44,"RERG"
"HDHD3",1.94e-48,0.948,0.123,0.059,3.61e-44,"HDHD3"
"CSGALNACT2",2.1e-48,-0.291,0.57,0.649,3.92e-44,"CSGALNACT2"
"SHROOM4",2.12e-48,1.566,0.061,0.018,3.95e-44,"SHROOM4"
"RAB39B",2.13e-48,0.697,0.209,0.124,3.97e-44,"RAB39B"
"UBB",2.14e-48,0.673,0.656,0.662,3.97e-44,"UBB"
"C11orf1",2.26e-48,0.822,0.123,0.059,4.2e-44,"C11orf1"
"SH2B1",2.43e-48,0.615,0.29,0.193,4.53e-44,"SH2B1"
"EFS",2.44e-48,-0.795,0.081,0.151,4.55e-44,"EFS"
"LSM12",2.57e-48,0.448,0.545,0.444,4.78e-44,"LSM12"
"NBR1",3.13e-48,0.541,0.44,0.334,5.83e-44,"NBR1"
"PARD3",3.14e-48,0.282,0.902,0.836,5.85e-44,"PARD3"
"XKR6",3.15e-48,0.332,0.818,0.747,5.86e-44,"XKR6"
"PABPC4",3.16e-48,0.533,0.441,0.338,5.89e-44,"PABPC4"
"BBOF1",3.39e-48,0.705,0.138,0.069,6.32e-44,"BBOF1"
"PIH1D2",3.42e-48,1.326,0.075,0.027,6.37e-44,"PIH1D2"
"RTL8A",3.54e-48,0.66,0.467,0.384,6.6e-44,"RTL8A"
"CACNG4",3.67e-48,-0.211,0.54,0.659,6.84e-44,"CACNG4"
"SRFBP1",3.71e-48,0.499,0.511,0.406,6.91e-44,"SRFBP1"
"MED8",3.73e-48,0.574,0.292,0.192,6.95e-44,"MED8"
"ACAT2",3.75e-48,0.374,0.594,0.521,6.97e-44,"ACAT2"
"APAF1",3.87e-48,-0.477,0.364,0.452,7.21e-44,"APAF1"
"ATF7",3.88e-48,0.407,0.654,0.555,7.22e-44,"ATF7"
"MIB2",4.01e-48,0.693,0.182,0.102,7.47e-44,"MIB2"
"RPN1",4.04e-48,0.484,0.488,0.384,7.52e-44,"RPN1"
"ZNHIT6",4.36e-48,0.478,0.441,0.328,8.12e-44,"ZNHIT6"
"INSYN1",4.45e-48,1.761,0.053,0.014,8.28e-44,"INSYN1"
"SNRNP70",4.74e-48,0.351,0.732,0.668,8.83e-44,"SNRNP70"
"NR2C2",4.84e-48,-0.28,0.613,0.691,9.02e-44,"NR2C2"
"ARF5",4.96e-48,0.445,0.564,0.468,9.23e-44,"ARF5"
"CNOT11",5.01e-48,0.593,0.283,0.185,9.33e-44,"CNOT11"
"RNF187",5.39e-48,0.46,0.491,0.381,1e-43,"RNF187"
"NETO1",6.08e-48,2.077,0.052,0.013,1.13e-43,"NETO1"
"DCAF12",6.33e-48,0.592,0.316,0.217,1.18e-43,"DCAF12"
"MANSC1",6.43e-48,1.35,0.069,0.023,1.2e-43,"MANSC1"
"TRAP1",6.58e-48,0.473,0.433,0.325,1.23e-43,"TRAP1"
"CINP",6.92e-48,0.554,0.292,0.192,1.29e-43,"CINP"
"SUMF2",7.12e-48,0.578,0.381,0.275,1.32e-43,"SUMF2"
"AKR1C1",7.17e-48,-0.595,0.092,0.169,1.34e-43,"AKR1C1"
"NDUFB9",7.18e-48,0.359,0.759,0.693,1.34e-43,"NDUFB9"
"NRBF2",7.2e-48,0.544,0.282,0.183,1.34e-43,"NRBF2"
"GABRB2",7.7e-48,-2.137,0.028,0.077,1.43e-43,"GABRB2"
"POLR3D",7.84e-48,0.678,0.224,0.138,1.46e-43,"POLR3D"
"IRF1",7.84e-48,0.98,0.16,0.088,1.46e-43,"IRF1"
"DAP",8.04e-48,0.568,0.333,0.233,1.5e-43,"DAP"
"RANGRF",8.11e-48,0.717,0.244,0.154,1.51e-43,"RANGRF"
"FMNL2",8.95e-48,0.514,0.664,0.603,1.67e-43,"FMNL2"
"SNAPC2",9.08e-48,0.8,0.159,0.086,1.69e-43,"SNAPC2"
"RGS20",9.43e-48,1.108,0.151,0.082,1.76e-43,"RGS20"
"DACH1",9.87e-48,0.331,0.4,0.287,1.84e-43,"DACH1"
"SORBS2",9.94e-48,0.431,0.558,0.428,1.85e-43,"SORBS2"
"CCT5",9.94e-48,0.383,0.739,0.681,1.85e-43,"CCT5"
"MTG2",9.98e-48,0.539,0.288,0.189,1.86e-43,"MTG2"
"NPRL3",1.01e-47,0.476,0.386,0.276,1.88e-43,"NPRL3"
"GDAP1L1",1.03e-47,-0.162,0.252,0.373,1.92e-43,"GDAP1L1"
"PCED1B",1.05e-47,2.401,0.042,0.008,1.96e-43,"PCED1B"
"MRPS31",1.15e-47,0.42,0.562,0.454,2.13e-43,"MRPS31"
"PMM1",1.16e-47,0.579,0.396,0.292,2.15e-43,"PMM1"
"PLCD1",1.16e-47,1.345,0.089,0.036,2.17e-43,"PLCD1"
"CCDC74A",1.16e-47,1.073,0.125,0.061,2.17e-43,"CCDC74A"
"IFI35",1.25e-47,1.416,0.062,0.019,2.33e-43,"IFI35"
"AMDHD2",1.38e-47,1.114,0.126,0.062,2.56e-43,"AMDHD2"
"ZFPM1",1.4e-47,0.563,0.338,0.234,2.6e-43,"ZFPM1"
"CHPF2",1.43e-47,0.748,0.13,0.064,2.67e-43,"CHPF2"
"WFS1",1.47e-47,1.271,0.077,0.029,2.73e-43,"WFS1"
"LACTB",1.47e-47,0.546,0.267,0.172,2.73e-43,"LACTB"
"MCCC1",1.53e-47,0.464,0.423,0.313,2.84e-43,"MCCC1"
"OGFOD3",1.58e-47,0.659,0.266,0.173,2.94e-43,"OGFOD3"
"POLR1D",1.64e-47,0.379,0.718,0.646,3.06e-43,"POLR1D"
"GOSR1",1.73e-47,0.368,0.664,0.58,3.23e-43,"GOSR1"
"CMKLR2",1.75e-47,0.898,0.127,0.063,3.25e-43,"CMKLR2"
"PAXX",1.79e-47,0.541,0.432,0.328,3.33e-43,"PAXX"
"NFKB2",1.81e-47,1.7,0.055,0.015,3.36e-43,"NFKB2"
"SLC31A1",1.91e-47,0.622,0.31,0.211,3.55e-43,"SLC31A1"
"LRRC41",1.96e-47,0.46,0.526,0.427,3.65e-43,"LRRC41"
"SLC38A6",1.98e-47,0.507,0.412,0.303,3.69e-43,"SLC38A6"
"PIK3R3",2e-47,-0.105,0.901,0.931,3.73e-43,"PIK3R3"
"SLC6A9",2.05e-47,2.128,0.054,0.015,3.81e-43,"SLC6A9"
"SLC4A7",2.13e-47,-0.138,0.646,0.735,3.96e-43,"SLC4A7"
"MDM4",2.37e-47,0.347,0.831,0.798,4.42e-43,"MDM4"
"LZTFL1",2.5e-47,0.822,0.192,0.114,4.64e-43,"LZTFL1"
"MVD",2.55e-47,0.389,0.313,0.213,4.74e-43,"MVD"
"MTF2",2.65e-47,-0.191,0.767,0.819,4.92e-43,"MTF2"
"EPS8",2.75e-47,0.443,0.658,0.587,5.11e-43,"EPS8"
"NUDT4B",2.84e-47,1.966,0.048,0.011,5.28e-43,"NUDT4B"
"DCTPP1",2.92e-47,0.587,0.299,0.201,5.44e-43,"DCTPP1"
"TROAP",3.02e-47,-1.165,0.086,0.156,5.62e-43,"TROAP"
"CDC20",3.06e-47,-1.025,0.104,0.177,5.7e-43,"CDC20"
"VPS52",3.12e-47,0.622,0.252,0.16,5.8e-43,"VPS52"
"LY6E",3.18e-47,0.973,0.11,0.05,5.92e-43,"LY6E"
"DNHD1",3.31e-47,0.618,0.337,0.237,6.16e-43,"DNHD1"
"IDH3G",3.41e-47,0.54,0.394,0.286,6.35e-43,"IDH3G"
"ADAMTS16",3.6e-47,2.046,0.068,0.023,6.7e-43,"ADAMTS16"
"CHD1L",3.61e-47,0.49,0.446,0.339,6.72e-43,"CHD1L"
"PRPF40A",3.76e-47,0.301,0.876,0.86,7e-43,"PRPF40A"
"PRIM2",3.87e-47,-0.439,0.495,0.566,7.21e-43,"PRIM2"
"CEP135",4.31e-47,-0.552,0.36,0.441,8.01e-43,"CEP135"
"GAR1",4.57e-47,0.604,0.371,0.272,8.5e-43,"GAR1"
"KIF18A",4.63e-47,-1.126,0.152,0.229,8.62e-43,"KIF18A"
"FZD6",4.88e-47,0.867,0.116,0.054,9.08e-43,"FZD6"
"RFT1",4.93e-47,0.7,0.203,0.121,9.17e-43,"RFT1"
"G3BP2",5.43e-47,0.335,0.807,0.762,1.01e-42,"G3BP2"
"PARN",5.53e-47,0.482,0.448,0.34,1.03e-42,"PARN"
"SNX12",5.67e-47,0.572,0.258,0.164,1.05e-42,"SNX12"
"GDF11",5.73e-47,0.585,0.35,0.247,1.07e-42,"GDF11"
"PSMD3",5.78e-47,0.439,0.576,0.474,1.08e-42,"PSMD3"
"TBRG4",5.88e-47,0.653,0.206,0.123,1.1e-42,"TBRG4"
"ADO",6.03e-47,0.643,0.203,0.119,1.12e-42,"ADO"
"FBXL13",7.29e-47,0.593,0.299,0.201,1.36e-42,"FBXL13"
"ZNF853",7.66e-47,0.837,0.147,0.078,1.43e-42,"ZNF853"
"STK16",7.83e-47,0.852,0.151,0.08,1.46e-42,"STK16"
"TMEM121",8.26e-47,0.66,0.189,0.109,1.54e-42,"TMEM121"
"AP5M1",8.68e-47,0.505,0.437,0.328,1.62e-42,"AP5M1"
"MAP3K9",8.73e-47,-0.919,0.06,0.122,1.62e-42,"MAP3K9"
"MID1",8.98e-47,0.177,0.462,0.334,1.67e-42,"MID1"
"INAFM2",9.16e-47,1.097,0.106,0.048,1.7e-42,"INAFM2"
"BTN2A2",9.22e-47,0.788,0.207,0.126,1.72e-42,"BTN2A2"
"HIVEP2",9.43e-47,0.463,0.43,0.32,1.75e-42,"HIVEP2"
"P2RY14",9.86e-47,0.739,0.253,0.163,1.83e-42,"P2RY14"
"TSSC4",1.04e-46,0.56,0.383,0.277,1.93e-42,"TSSC4"
"NFIX",1.14e-46,0.397,0.839,0.787,2.12e-42,"NFIX"
"JAM3",1.18e-46,0.528,0.725,0.633,2.2e-42,"JAM3"
"UBE2Z",1.18e-46,0.521,0.411,0.307,2.2e-42,"UBE2Z"
"RBL1",1.33e-46,-0.499,0.388,0.475,2.48e-42,"RBL1"
"DBF4",1.33e-46,-0.852,0.317,0.388,2.48e-42,"DBF4"
"PDRG1",1.35e-46,0.541,0.269,0.174,2.51e-42,"PDRG1"
"CARMIL1",1.38e-46,0.414,0.54,0.44,2.57e-42,"CARMIL1"
"ACOT2",1.39e-46,1.284,0.076,0.028,2.58e-42,"ACOT2"
"ZNF487",1.39e-46,0.924,0.139,0.072,2.58e-42,"ZNF487"
"LIG4",1.4e-46,0.771,0.172,0.096,2.6e-42,"LIG4"
"ZGRF1",1.46e-46,-0.639,0.206,0.294,2.71e-42,"ZGRF1"
"NAV1",1.53e-46,0.593,0.754,0.714,2.84e-42,"NAV1"
"GSDME",1.53e-46,0.828,0.15,0.08,2.85e-42,"GSDME"
"H2AC8",1.58e-46,-0.753,0.079,0.148,2.94e-42,"H2AC8"
"GALNT16",1.61e-46,0.908,0.112,0.052,2.99e-42,"GALNT16"
"ANXA2",1.62e-46,2.929,0.042,0.009,3.02e-42,"ANXA2"
"PPP1R15B",1.63e-46,0.545,0.465,0.365,3.03e-42,"PPP1R15B"
"IRF2BP2",1.68e-46,0.46,0.628,0.539,3.13e-42,"IRF2BP2"
"ZMAT2",1.7e-46,0.403,0.666,0.579,3.16e-42,"ZMAT2"
"FAHD1",1.94e-46,0.503,0.311,0.209,3.61e-42,"FAHD1"
"LMF2",1.95e-46,0.871,0.153,0.083,3.62e-42,"LMF2"
"HYOU1",1.96e-46,0.727,0.213,0.13,3.65e-42,"HYOU1"
"APBB2",2e-46,0.456,0.487,0.389,3.72e-42,"APBB2"
"DGUOK",2.12e-46,0.332,0.773,0.724,3.94e-42,"DGUOK"
"RAB6B",2.25e-46,0.619,0.321,0.224,4.19e-42,"RAB6B"
"CHD3",2.5e-46,-0.128,0.586,0.692,4.66e-42,"CHD3"
"ANKRD17",2.68e-46,0.285,0.927,0.914,4.98e-42,"ANKRD17"
"COMMD1",2.75e-46,0.336,0.772,0.691,5.12e-42,"COMMD1"
"STBD1",2.76e-46,1.902,0.048,0.012,5.14e-42,"STBD1"
"SLC25A38",2.83e-46,0.635,0.223,0.137,5.27e-42,"SLC25A38"
"PORCN",2.84e-46,0.916,0.094,0.04,5.28e-42,"PORCN"
"CHD2",2.99e-46,0.264,0.989,0.989,5.56e-42,"CHD2"
"RBMX2",3.1e-46,0.432,0.548,0.447,5.76e-42,"RBMX2"
"GAS8",3.3e-46,0.756,0.106,0.048,6.15e-42,"GAS8"
"PCBP4",3.93e-46,0.585,0.348,0.247,7.32e-42,"PCBP4"
"B3GNT2",4.01e-46,1.281,0.082,0.032,7.46e-42,"B3GNT2"
"ACAT1",4.11e-46,0.418,0.574,0.478,7.65e-42,"ACAT1"
"MAFG",4.14e-46,0.57,0.359,0.258,7.71e-42,"MAFG"
"TBC1D31",4.33e-46,-0.637,0.228,0.316,8.06e-42,"TBC1D31"
"DNAJC12",4.4e-46,1.266,0.071,0.025,8.18e-42,"DNAJC12"
"AMFR",5.14e-46,0.458,0.43,0.322,9.56e-42,"AMFR"
"ZNF584",5.32e-46,0.704,0.187,0.108,9.91e-42,"ZNF584"
"PDK2",5.73e-46,0.697,0.215,0.131,1.07e-41,"PDK2"
"NT5C3B",5.82e-46,0.445,0.57,0.475,1.08e-41,"NT5C3B"
"MFSD4A",6.39e-46,0.871,0.111,0.052,1.19e-41,"MFSD4A"
"SEPTIN5",6.47e-46,-0.447,0.192,0.284,1.2e-41,"SEPTIN5"
"SEC24A",6.63e-46,0.499,0.381,0.275,1.23e-41,"SEC24A"
"TEN1",6.79e-46,1.041,0.091,0.038,1.26e-41,"TEN1"
"SLC8A2",7.98e-46,-1.619,0.012,0.049,1.48e-41,"SLC8A2"
"CEP97",8.22e-46,-0.357,0.564,0.637,1.53e-41,"CEP97"
"KLHL25",8.51e-46,0.685,0.333,0.238,1.58e-41,"KLHL25"
"SH3PXD2B",8.82e-46,0.573,0.539,0.456,1.64e-41,"SH3PXD2B"
"HCCS",9.17e-46,0.814,0.168,0.095,1.71e-41,"HCCS"
"OGFOD1",9.48e-46,0.524,0.307,0.209,1.76e-41,"OGFOD1"
"IPCEF1",9.79e-46,1.659,0.042,0.009,1.82e-41,"IPCEF1"
"IPO4",1e-45,1.452,0.063,0.02,1.87e-41,"IPO4"
"CFAP221",1.07e-45,2.205,0.04,0.008,2e-41,"CFAP221"
"NUCKS1",1.09e-45,0.209,0.955,0.953,2.02e-41,"NUCKS1"
"PMPCA",1.12e-45,0.577,0.285,0.19,2.08e-41,"PMPCA"
"IQCG",1.17e-45,0.53,0.359,0.255,2.18e-41,"IQCG"
"RIMBP2",1.2e-45,-0.814,0.083,0.152,2.23e-41,"RIMBP2"
"CCDC8",1.23e-45,0.983,0.149,0.081,2.29e-41,"CCDC8"
"S100A2",1.23e-45,3.827,0.027,0.002,2.29e-41,"S100A2"
"ASAP2",1.25e-45,-0.264,0.632,0.708,2.33e-41,"ASAP2"
"RAP1GAP2",1.26e-45,-1.262,0.028,0.076,2.34e-41,"RAP1GAP2"
"ABCB5",1.32e-45,-1.869,0.012,0.048,2.46e-41,"ABCB5"
"BTBD3",1.4e-45,0.538,0.417,0.311,2.61e-41,"BTBD3"
"ELAC2",1.44e-45,0.688,0.244,0.158,2.68e-41,"ELAC2"
"CHD5",1.46e-45,-2.017,0.012,0.049,2.71e-41,"CHD5"
"NFKBIB",1.5e-45,0.808,0.177,0.102,2.78e-41,"NFKBIB"
"FLRT2",1.57e-45,-1.198,0.349,0.428,2.93e-41,"FLRT2"
"BBS10",1.75e-45,0.771,0.176,0.1,3.26e-41,"BBS10"
"RABL3",1.81e-45,0.553,0.277,0.183,3.37e-41,"RABL3"
"STK11",2.02e-45,0.65,0.3,0.208,3.77e-41,"STK11"
"VSIG10",2.13e-45,0.639,0.289,0.196,3.97e-41,"VSIG10"
"KPTN",2.17e-45,0.829,0.122,0.06,4.04e-41,"KPTN"
"RNF216",2.19e-45,0.401,0.678,0.606,4.08e-41,"RNF216"
"ASCC1",2.25e-45,0.373,0.462,0.348,4.18e-41,"ASCC1"
"RARS1",2.3e-45,0.413,0.491,0.385,4.28e-41,"RARS1"
"RCC1L",2.39e-45,0.524,0.337,0.237,4.44e-41,"RCC1L"
"IFIT3",2.43e-45,0.862,0.114,0.054,4.52e-41,"IFIT3"
"B3GALT6",2.6e-45,0.567,0.254,0.163,4.84e-41,"B3GALT6"
"BCKDHB",3.03e-45,0.285,0.386,0.273,5.64e-41,"BCKDHB"
"IVNS1ABP",3.13e-45,-0.308,0.458,0.549,5.82e-41,"IVNS1ABP"
"ZMYM4",3.13e-45,0.283,0.878,0.842,5.82e-41,"ZMYM4"
"CCDC88B",3.28e-45,2.496,0.035,0.005,6.1e-41,"CCDC88B"
"KIF5C",3.43e-45,0.346,0.884,0.854,6.38e-41,"KIF5C"
"TIAM1",3.59e-45,0.527,0.579,0.788,6.69e-41,"TIAM1"
"ABCA2",3.99e-45,0.801,0.132,0.067,7.44e-41,"ABCA2"
"TUBGCP2",4.07e-45,0.44,0.527,0.426,7.57e-41,"TUBGCP2"
"PRKACA",4.07e-45,0.546,0.339,0.239,7.58e-41,"PRKACA"
"NEK2",4.13e-45,-0.97,0.077,0.143,7.68e-41,"NEK2"
"ZNF277",4.14e-45,0.403,0.511,0.396,7.71e-41,"ZNF277"
"SIX5",4.43e-45,1.47,0.081,0.032,8.25e-41,"SIX5"
"LRRC58",4.69e-45,0.462,0.531,0.435,8.72e-41,"LRRC58"
"AMER3",4.75e-45,-2.079,0.007,0.039,8.85e-41,"AMER3"
"MBOAT7",4.93e-45,0.677,0.232,0.147,9.18e-41,"MBOAT7"
"EID2",5.19e-45,0.513,0.412,0.306,9.66e-41,"EID2"
"BTN3A2",5.23e-45,1.322,0.1,0.045,9.73e-41,"BTN3A2"
"MTFR1L",5.23e-45,0.504,0.332,0.23,9.74e-41,"MTFR1L"
"FRA10AC1",5.52e-45,0.491,0.566,0.47,1.03e-40,"FRA10AC1"
"POLD2",5.53e-45,0.474,0.446,0.341,1.03e-40,"POLD2"
"EIF4A2",6.73e-45,0.303,0.918,0.893,1.25e-40,"EIF4A2"
"RFX7",7.1e-45,-0.232,0.894,0.913,1.32e-40,"RFX7"
"DDX49",8.49e-45,0.533,0.336,0.236,1.58e-40,"DDX49"
"YES1",8.73e-45,0.359,0.702,0.593,1.62e-40,"YES1"
"TANK",8.88e-45,0.359,0.604,0.504,1.65e-40,"TANK"
"BTBD19",9.07e-45,2.247,0.039,0.007,1.69e-40,"BTBD19"
"CCDC181",9.23e-45,0.678,0.193,0.115,1.72e-40,"CCDC181"
"RPS6KB2",9.56e-45,0.797,0.151,0.081,1.78e-40,"RPS6KB2"
"ALG5",9.84e-45,0.471,0.481,0.377,1.83e-40,"ALG5"
"DNAJC24",1.01e-44,0.382,0.42,0.307,1.88e-40,"DNAJC24"
"SHISA3",1.05e-44,3.425,0.044,0.01,1.96e-40,"SHISA3"
"RRP8",1.06e-44,0.704,0.202,0.122,1.97e-40,"RRP8"
"ANGPTL2",1.07e-44,1.153,0.133,0.07,2e-40,"ANGPTL2"
"ENSG00000284526",1.19e-44,0.846,0.132,0.067,2.21e-40,"ENSG00000284526"
"GPS1",1.19e-44,0.627,0.273,0.181,2.21e-40,"GPS1"
"ATL3",1.23e-44,0.777,0.218,0.138,2.29e-40,"ATL3"
"EPHB2",1.26e-44,-0.252,0.486,0.59,2.35e-40,"EPHB2"
"DNAJC16",1.37e-44,0.469,0.349,0.244,2.54e-40,"DNAJC16"
"SLC48A1",1.37e-44,0.84,0.156,0.086,2.55e-40,"SLC48A1"
"CARS1",1.44e-44,0.52,0.352,0.251,2.68e-40,"CARS1"
"EIF3L",1.49e-44,0.292,0.873,0.846,2.77e-40,"EIF3L"
"GFER",1.51e-44,0.679,0.201,0.121,2.8e-40,"GFER"
"GLIPR1",1.58e-44,1.498,0.064,0.022,2.93e-40,"GLIPR1"
"TK2",1.59e-44,0.619,0.223,0.139,2.96e-40,"TK2"
"ALK",1.65e-44,1.71,0.097,0.043,3.06e-40,"ALK"
"ARSD",1.68e-44,0.848,0.139,0.073,3.13e-40,"ARSD"
"TOM1L2",1.73e-44,0.458,0.544,0.441,3.23e-40,"TOM1L2"
"RUNX2",1.77e-44,0.885,0.192,0.115,3.3e-40,"RUNX2"
"PNPLA6",1.84e-44,0.799,0.109,0.051,3.43e-40,"PNPLA6"
"CKMT2",1.88e-44,0.84,0.151,0.081,3.5e-40,"CKMT2"
"LETMD1",2e-44,0.895,0.142,0.076,3.72e-40,"LETMD1"
"NOP53",2.06e-44,0.424,0.634,0.549,3.83e-40,"NOP53"
"EFHB",2.07e-44,0.954,0.079,0.031,3.85e-40,"EFHB"
"SEMA3A",2.07e-44,0.648,0.304,0.209,3.86e-40,"SEMA3A"
"EEF1AKMT1",2.28e-44,0.521,0.246,0.158,4.24e-40,"EEF1AKMT1"
"EPN2",2.34e-44,0.431,0.762,0.703,4.36e-40,"EPN2"
"TXLNA",2.55e-44,0.55,0.394,0.295,4.74e-40,"TXLNA"
"FAM102B",2.71e-44,-0.572,0.297,0.382,5.05e-40,"FAM102B"
"TMEM214",2.91e-44,1.147,0.087,0.036,5.42e-40,"TMEM214"
"ANKRD36B",2.95e-44,-0.284,0.453,0.543,5.5e-40,"ANKRD36B"
"EPB41L2",3.3e-44,0.453,0.351,0.25,6.15e-40,"EPB41L2"
"ZNF516",3.42e-44,0.478,0.684,0.596,6.36e-40,"ZNF516"
"DTX3",3.49e-44,0.552,0.296,0.199,6.5e-40,"DTX3"
"RAB12",3.68e-44,0.46,0.44,0.332,6.86e-40,"RAB12"
"INTS3",3.79e-44,0.558,0.377,0.276,7.05e-40,"INTS3"
"TXNDC15",3.85e-44,0.461,0.5,0.397,7.17e-40,"TXNDC15"
"GOLPH3L",4.06e-44,0.562,0.228,0.142,7.55e-40,"GOLPH3L"
"FUOM",4.08e-44,1.863,0.053,0.015,7.6e-40,"FUOM"
"ENSG00000286185",4.23e-44,1.106,0.131,0.069,7.88e-40,"ENSG00000286185"
"SIAH1",4.31e-44,-0.207,0.65,0.721,8.02e-40,"SIAH1"
"INVS",4.55e-44,0.315,0.694,0.582,8.47e-40,"INVS"
"ACY1",4.57e-44,1.217,0.072,0.026,8.51e-40,"ACY1"
"VPS29",5.31e-44,0.324,0.737,0.679,9.88e-40,"VPS29"
"SYTL5",5.71e-44,2.048,0.085,0.036,1.06e-39,"SYTL5"
"MASTL",5.83e-44,-0.607,0.17,0.253,1.08e-39,"MASTL"
"MAP3K13",6.24e-44,0.376,0.481,0.374,1.16e-39,"MAP3K13"
"GALNT2",6.32e-44,0.394,0.589,0.495,1.18e-39,"GALNT2"
"AK7",6.34e-44,2.058,0.038,0.007,1.18e-39,"AK7"
"FPGT",6.75e-44,1.457,0.067,0.024,1.26e-39,"FPGT"
"PPIL6",6.83e-44,0.639,0.228,0.144,1.27e-39,"PPIL6"
"E2F6",7.1e-44,0.57,0.256,0.166,1.32e-39,"E2F6"
"LRRC51",7.35e-44,0.954,0.129,0.066,1.37e-39,"LRRC51"
"PSMC6",7.74e-44,0.335,0.739,0.675,1.44e-39,"PSMC6"
"NOD1",8.16e-44,1.25,0.098,0.045,1.52e-39,"NOD1"
"RCBTB1",8.4e-44,0.589,0.29,0.197,1.56e-39,"RCBTB1"
"COMMD10",8.92e-44,0.252,0.664,0.543,1.66e-39,"COMMD10"
"LASP1",8.98e-44,0.446,0.454,0.35,1.67e-39,"LASP1"
"PPA1",9.6e-44,0.313,0.851,0.806,1.79e-39,"PPA1"
"ABCD2",9.7e-44,0.654,0.269,0.181,1.81e-39,"ABCD2"
"LGI1",1.03e-43,1.171,0.079,0.031,1.92e-39,"LGI1"
"STOM",1.11e-43,2.014,0.038,0.007,2.07e-39,"STOM"
"MMP14",1.14e-43,1.563,0.084,0.035,2.12e-39,"MMP14"
"ZKSCAN1",1.15e-43,0.316,0.778,0.722,2.14e-39,"ZKSCAN1"
"FAM131A",1.17e-43,0.632,0.222,0.138,2.18e-39,"FAM131A"
"MYH14",1.18e-43,0.84,0.145,0.078,2.19e-39,"MYH14"
"CHN1",1.24e-43,0.367,0.667,0.587,2.31e-39,"CHN1"
"AP1S3",1.36e-43,0.842,0.087,0.036,2.54e-39,"AP1S3"
"ARHGEF10",1.43e-43,0.549,0.294,0.202,2.65e-39,"ARHGEF10"
"COQ8B",1.45e-43,0.628,0.238,0.152,2.7e-39,"COQ8B"
"KRBOX5",1.45e-43,0.504,0.419,0.315,2.71e-39,"KRBOX5"
"ZSWIM8",1.52e-43,0.49,0.366,0.262,2.83e-39,"ZSWIM8"
"TMEM184B",1.54e-43,0.571,0.309,0.212,2.86e-39,"TMEM184B"
"MRPS25",1.62e-43,0.422,0.533,0.43,3.01e-39,"MRPS25"
"FABP12",1.63e-43,1.549,0.057,0.018,3.04e-39,"FABP12"
"BCL2L12",1.68e-43,0.961,0.14,0.076,3.13e-39,"BCL2L12"
"STRBP",1.7e-43,-0.239,0.725,0.777,3.16e-39,"STRBP"
"CPLX1",1.71e-43,-0.808,0.044,0.099,3.19e-39,"CPLX1"
"EXOC6B",1.77e-43,-0.138,0.93,0.951,3.29e-39,"EXOC6B"
"FMO4",1.79e-43,2.136,0.042,0.01,3.34e-39,"FMO4"
"ZNF302",1.84e-43,0.38,0.689,0.608,3.43e-39,"ZNF302"
"PLCB4",1.86e-43,-0.402,0.369,0.461,3.47e-39,"PLCB4"
"ZBTB20",1.91e-43,0.225,0.998,0.996,3.55e-39,"ZBTB20"
"DDX39B",2.14e-43,0.3,0.851,0.818,3.98e-39,"DDX39B"
"FRRS1L",2.15e-43,-1.888,0.011,0.046,3.99e-39,"FRRS1L"
"MAP3K12",2.24e-43,0.594,0.296,0.203,4.16e-39,"MAP3K12"
"GREB1",2.32e-43,0.952,0.092,0.04,4.32e-39,"GREB1"
"GORASP2",2.54e-43,0.475,0.506,0.404,4.73e-39,"GORASP2"
"TYRO3",2.67e-43,0.724,0.189,0.113,4.97e-39,"TYRO3"
"CEP192",2.69e-43,-0.526,0.533,0.579,5.01e-39,"CEP192"
"TMEM186",2.75e-43,0.826,0.141,0.076,5.12e-39,"TMEM186"
"SPOUT1",2.97e-43,0.881,0.131,0.068,5.53e-39,"SPOUT1"
"MORN5",3.1e-43,2.046,0.053,0.016,5.77e-39,"MORN5"
"POLR1E",3.22e-43,0.681,0.189,0.113,5.99e-39,"POLR1E"
"ATPAF1",3.41e-43,0.448,0.478,0.376,6.35e-39,"ATPAF1"
"MN1",3.42e-43,-0.445,0.5,0.58,6.36e-39,"MN1"
"FBXO11",3.6e-43,-0.131,0.94,0.956,6.69e-39,"FBXO11"
"SAMD13",3.65e-43,0.994,0.128,0.066,6.8e-39,"SAMD13"
"DDR2",3.67e-43,1.307,0.081,0.033,6.83e-39,"DDR2"
"ATP6V1A",3.83e-43,0.371,0.578,0.468,7.13e-39,"ATP6V1A"
"NAMPT",4.03e-43,0.728,0.366,0.271,7.5e-39,"NAMPT"
"SLC36A1",4.1e-43,0.634,0.215,0.134,7.64e-39,"SLC36A1"
"OR2H2",4.57e-43,1.515,0.057,0.018,8.5e-39,"OR2H2"
"RTN1",5.07e-43,-0.401,0.716,0.75,9.44e-39,"RTN1"
"DEF8",5.46e-43,0.554,0.324,0.228,1.02e-38,"DEF8"
"C8orf44-SGK3",5.53e-43,0.466,0.343,0.241,1.03e-38,"C8orf44-SGK3"
"AK3",5.59e-43,0.406,0.653,0.571,1.04e-38,"AK3"
"TAOK1",5.79e-43,0.278,0.926,0.911,1.08e-38,"TAOK1"
"HSD17B1",6.19e-43,1.447,0.055,0.017,1.15e-38,"HSD17B1"
"ACTN4",6.3e-43,0.498,0.576,0.502,1.17e-38,"ACTN4"
"TRPM8",6.53e-43,3.802,0.026,0.002,1.22e-38,"TRPM8"
"RGS19",6.56e-43,1.063,0.084,0.035,1.22e-38,"RGS19"
"BEND7",6.76e-43,0.369,0.414,0.303,1.26e-38,"BEND7"
"MDK",6.93e-43,0.489,0.423,0.328,1.29e-38,"MDK"
"PPP1R14C",6.99e-43,1.451,0.051,0.015,1.3e-38,"PPP1R14C"
"CKAP4",7.38e-43,0.491,0.468,0.371,1.37e-38,"CKAP4"
"XKR4",7.8e-43,-0.798,0.12,0.197,1.45e-38,"XKR4"
"AHI1",8.22e-43,0.219,0.541,0.415,1.53e-38,"AHI1"
"ERI3",8.31e-43,0.416,0.567,0.472,1.55e-38,"ERI3"
"EPHB3",8.53e-43,2.229,0.041,0.009,1.59e-38,"EPHB3"
"COA8",9.06e-43,0.376,0.518,0.408,1.69e-38,"COA8"
"CCDC40",9.08e-43,0.812,0.167,0.097,1.69e-38,"CCDC40"
"NSMCE2",9.26e-43,0.264,0.752,0.647,1.72e-38,"NSMCE2"
"PCLO",1.01e-42,-1.821,0.049,0.102,1.87e-38,"PCLO"
"ANKRD29",1.02e-42,2.148,0.038,0.008,1.9e-38,"ANKRD29"
"DBNL",1.05e-42,0.511,0.381,0.279,1.96e-38,"DBNL"
"DTHD1",1.1e-42,5.422,0.023,0.001,2.05e-38,"DTHD1"
"KLF16",1.11e-42,1.203,0.068,0.025,2.07e-38,"KLF16"
"BBS12",1.13e-42,1.21,0.065,0.023,2.09e-38,"BBS12"
"COASY",1.18e-42,0.736,0.152,0.084,2.19e-38,"COASY"
"HOMER2",1.19e-42,0.61,0.217,0.135,2.21e-38,"HOMER2"
"LPL",1.21e-42,2.058,0.066,0.024,2.25e-38,"LPL"
"LRPPRC",1.21e-42,0.302,0.67,0.592,2.25e-38,"LRPPRC"
"AIMP2",1.22e-42,0.492,0.411,0.306,2.27e-38,"AIMP2"
"STXBP5",1.24e-42,-0.326,0.576,0.644,2.31e-38,"STXBP5"
"SLC50A1",1.25e-42,0.982,0.084,0.035,2.33e-38,"SLC50A1"
"RAD50",1.26e-42,0.384,0.614,0.53,2.35e-38,"RAD50"
"TLCD1",1.31e-42,3.453,0.028,0.003,2.43e-38,"TLCD1"
"TUT4",1.44e-42,-0.15,0.9,0.922,2.68e-38,"TUT4"
"UNG",1.53e-42,0.43,0.289,0.193,2.85e-38,"UNG"
"ZBTB7A",1.53e-42,0.582,0.298,0.206,2.85e-38,"ZBTB7A"
"ZNF682",1.78e-42,-0.36,0.384,0.472,3.31e-38,"ZNF682"
"SERPINI2",1.88e-42,3.686,0.026,0.002,3.5e-38,"SERPINI2"
"FRY",1.89e-42,-0.7,0.51,0.578,3.52e-38,"FRY"
"VXN",1.95e-42,1.28,0.06,0.02,3.63e-38,"VXN"
"NEIL1",2.02e-42,0.77,0.116,0.057,3.77e-38,"NEIL1"
"SLC33A1",2.1e-42,0.489,0.323,0.225,3.91e-38,"SLC33A1"
"KAT2A",2.47e-42,0.93,0.101,0.047,4.59e-38,"KAT2A"
"NR1D1",2.56e-42,2.12,0.04,0.009,4.77e-38,"NR1D1"
"DBT",2.61e-42,0.498,0.334,0.237,4.86e-38,"DBT"
"DERA",2.93e-42,0.314,0.494,0.382,5.46e-38,"DERA"
"PRADC1",3.1e-42,0.591,0.243,0.158,5.76e-38,"PRADC1"
"RNASEH2B",3.14e-42,-0.635,0.523,0.564,5.84e-38,"RNASEH2B"
"NAP1L5",3.21e-42,0.566,0.19,0.113,5.98e-38,"NAP1L5"
"UBAC2",3.38e-42,0.366,0.601,0.498,6.28e-38,"UBAC2"
"DNAJC5",3.44e-42,0.506,0.324,0.228,6.4e-38,"DNAJC5"
"BCL7C",3.45e-42,0.337,0.672,0.594,6.43e-38,"BCL7C"
"ADD1",3.48e-42,0.308,0.832,0.796,6.48e-38,"ADD1"
"TOMM34",3.58e-42,0.674,0.171,0.099,6.66e-38,"TOMM34"
"H2BC18",3.62e-42,-1.463,0.051,0.105,6.74e-38,"H2BC18"
"WDR59",3.69e-42,0.472,0.468,0.364,6.87e-38,"WDR59"
"GPD2",3.76e-42,0.688,0.215,0.137,7e-38,"GPD2"
"CKAP5",3.77e-42,-0.493,0.746,0.766,7.01e-38,"CKAP5"
"TP53BP1",3.8e-42,0.349,0.763,0.694,7.06e-38,"TP53BP1"
"CDK5RAP3",3.83e-42,0.535,0.296,0.202,7.13e-38,"CDK5RAP3"
"AIMP1",3.91e-42,0.415,0.53,0.434,7.28e-38,"AIMP1"
"RFX5",4.26e-42,0.959,0.129,0.068,7.93e-38,"RFX5"
"SNCG",4.36e-42,5.525,0.022,0.001,8.12e-38,"SNCG"
"PHLDB1",4.55e-42,0.548,0.363,0.265,8.47e-38,"PHLDB1"
"PMEPA1",4.55e-42,-0.37,0.304,0.398,8.47e-38,"PMEPA1"
"LCAT",4.68e-42,2.152,0.042,0.01,8.7e-38,"LCAT"
"PEX12",5.2e-42,1.21,0.068,0.025,9.68e-38,"PEX12"
"USP38",5.66e-42,0.566,0.36,0.263,1.05e-37,"USP38"
"GGCX",5.96e-42,0.623,0.302,0.211,1.11e-37,"GGCX"
"SECISBP2L",6.2e-42,0.355,0.686,0.608,1.15e-37,"SECISBP2L"
"DUS4L",6.37e-42,0.576,0.166,0.095,1.18e-37,"DUS4L"
"ATP11A",6.48e-42,0.483,0.459,0.363,1.21e-37,"ATP11A"
"TTC27",6.77e-42,0.369,0.346,0.244,1.26e-37,"TTC27"
"MCRS1",6.88e-42,0.471,0.413,0.31,1.28e-37,"MCRS1"
"DENND1B",7e-42,0.419,0.502,0.396,1.3e-37,"DENND1B"
"ADCK1",7.07e-42,0.716,0.113,0.055,1.32e-37,"ADCK1"
"PLXND1",7.14e-42,1.59,0.054,0.017,1.33e-37,"PLXND1"
"SRSF11",7.2e-42,0.233,0.931,0.935,1.34e-37,"SRSF11"
"LRRC75A",7.34e-42,0.661,0.33,0.238,1.37e-37,"LRRC75A"
"SECISBP2",7.47e-42,-0.255,0.693,0.755,1.39e-37,"SECISBP2"
"TRAF6",7.82e-42,0.516,0.274,0.184,1.46e-37,"TRAF6"
"AGL",8.13e-42,0.424,0.501,0.399,1.51e-37,"AGL"
"SMIM27",8.24e-42,0.682,0.217,0.136,1.53e-37,"SMIM27"
"CCDC184",8.51e-42,0.491,0.111,0.053,1.58e-37,"CCDC184"
"C8orf76",8.52e-42,0.632,0.252,0.166,1.59e-37,"C8orf76"
"MRPL58",8.7e-42,0.518,0.419,0.319,1.62e-37,"MRPL58"
"ZNF688",9.1e-42,0.622,0.225,0.143,1.69e-37,"ZNF688"
"RING1",9.82e-42,0.512,0.379,0.277,1.83e-37,"RING1"
"PPIE",9.9e-42,0.489,0.298,0.203,1.84e-37,"PPIE"
"SOX1",1.05e-41,-0.333,0.495,0.581,1.96e-37,"SOX1"
"PIGH",1.05e-41,0.579,0.301,0.209,1.96e-37,"PIGH"
"SPATA24",1.09e-41,1.421,0.07,0.027,2.04e-37,"SPATA24"
"TYMS",1.1e-41,-0.415,0.277,0.358,2.04e-37,"TYMS"
"MAP2K3",1.15e-41,0.827,0.141,0.077,2.14e-37,"MAP2K3"
"SEL1L",1.16e-41,0.408,0.463,0.363,2.16e-37,"SEL1L"
"VANGL1",1.19e-41,1.299,0.078,0.032,2.21e-37,"VANGL1"
"OGA",1.19e-41,-0.195,0.836,0.878,2.21e-37,"OGA"
"SPRED3",1.22e-41,0.799,0.147,0.08,2.27e-37,"SPRED3"
"AFG1L",1.53e-41,0.427,0.327,0.227,2.84e-37,"AFG1L"
"RBBP6",1.6e-41,0.331,0.734,0.661,2.98e-37,"RBBP6"
"C1orf52",1.63e-41,0.406,0.474,0.369,3.03e-37,"C1orf52"
"MYOM1",1.7e-41,1.734,0.041,0.009,3.16e-37,"MYOM1"
"NQO2",1.83e-41,0.517,0.236,0.151,3.41e-37,"NQO2"
"LRRC42",1.87e-41,0.503,0.454,0.352,3.47e-37,"LRRC42"
"PPP1R26",1.9e-41,0.915,0.106,0.051,3.54e-37,"PPP1R26"
"PLSCR3",1.92e-41,0.722,0.158,0.09,3.57e-37,"PLSCR3"
"BMP2K",1.97e-41,0.47,0.53,0.434,3.67e-37,"BMP2K"
"DVL3",2e-41,0.486,0.49,0.387,3.72e-37,"DVL3"
"RNF217",2.09e-41,0.525,0.297,0.205,3.9e-37,"RNF217"
"PALS2",2.16e-41,0.314,0.392,0.285,4.03e-37,"PALS2"
"TP53INP1",2.21e-41,0.644,0.474,0.384,4.12e-37,"TP53INP1"
"PPP1R35",2.31e-41,0.469,0.393,0.293,4.3e-37,"PPP1R35"
"SNAP29",2.51e-41,0.458,0.376,0.275,4.67e-37,"SNAP29"
"ICMT",2.73e-41,0.713,0.196,0.12,5.07e-37,"ICMT"
"PAFAH1B2",2.83e-41,0.364,0.71,0.658,5.27e-37,"PAFAH1B2"
"GPR39",2.86e-41,1.757,0.045,0.011,5.33e-37,"GPR39"
"ENSG00000279118",2.98e-41,5.311,0.022,0.001,5.55e-37,"ENSG00000279118"
"APPL1",2.98e-41,0.333,0.719,0.655,5.55e-37,"APPL1"
"SRPRA",3.19e-41,0.602,0.25,0.165,5.94e-37,"SRPRA"
"NFKB1",3.3e-41,0.425,0.393,0.29,6.15e-37,"NFKB1"
"NLRC5",3.34e-41,1.552,0.064,0.023,6.22e-37,"NLRC5"
"CPNE5",3.37e-41,1.38,0.083,0.036,6.28e-37,"CPNE5"
"CHMP6",3.52e-41,0.495,0.218,0.136,6.54e-37,"CHMP6"
"CNTNAP3",3.61e-41,1.01,0.06,0.021,6.71e-37,"CNTNAP3"
"CERS4",3.65e-41,0.477,0.345,0.246,6.8e-37,"CERS4"
"SACS",3.72e-41,0.626,0.883,0.834,6.92e-37,"SACS"
"SGPL1",3.84e-41,0.443,0.481,0.379,7.14e-37,"SGPL1"
"PBX2",3.87e-41,0.844,0.166,0.097,7.2e-37,"PBX2"
"NTNG1",3.96e-41,2.169,0.061,0.021,7.37e-37,"NTNG1"
"TMEM151B",4.02e-41,-0.45,0.087,0.157,7.49e-37,"TMEM151B"
"PHF21B",4.65e-41,-0.203,0.702,0.762,8.65e-37,"PHF21B"
"PDZD8",4.76e-41,0.376,0.545,0.442,8.86e-37,"PDZD8"
"IGSF21",4.92e-41,-2.94,0.004,0.032,9.15e-37,"IGSF21"
"CADM2",4.92e-41,0.516,0.706,0.629,9.15e-37,"CADM2"
"C19orf18",5.23e-41,1.036,0.108,0.052,9.73e-37,"C19orf18"
"CPT1C",5.25e-41,0.536,0.258,0.17,9.78e-37,"CPT1C"
"RTL8B",5.33e-41,0.736,0.172,0.101,9.93e-37,"RTL8B"
"BET1L",5.38e-41,0.761,0.116,0.058,1e-36,"BET1L"
"AKT2",5.74e-41,0.515,0.373,0.277,1.07e-36,"AKT2"
"MICALL2",5.81e-41,1.273,0.066,0.024,1.08e-36,"MICALL2"
"CDC23",5.87e-41,0.542,0.33,0.236,1.09e-36,"CDC23"
"TBRG1",5.96e-41,0.426,0.46,0.357,1.11e-36,"TBRG1"
"RPAP3",6.02e-41,0.517,0.403,0.307,1.12e-36,"RPAP3"
"GAPVD1",6.25e-41,0.389,0.646,0.567,1.16e-36,"GAPVD1"
"H2AW",6.29e-41,0.293,0.381,0.282,1.17e-36,"H2AW"
"JAZF1",6.44e-41,0.509,0.53,0.413,1.2e-36,"JAZF1"
"ESRRG",6.5e-41,-0.7,0.138,0.073,1.21e-36,"ESRRG"
"SRR",6.56e-41,0.521,0.322,0.228,1.22e-36,"SRR"
"ANKRD35",7.25e-41,1.67,0.058,0.02,1.35e-36,"ANKRD35"
"RAB39A",8.18e-41,-0.775,0.101,0.169,1.52e-36,"RAB39A"
"TOR1AIP1",8.26e-41,0.506,0.33,0.235,1.54e-36,"TOR1AIP1"
"GCNT1",8.27e-41,1.325,0.065,0.024,1.54e-36,"GCNT1"
"ATP13A1",8.74e-41,0.931,0.11,0.054,1.63e-36,"ATP13A1"
"DRG2",8.95e-41,0.614,0.206,0.128,1.67e-36,"DRG2"
"TMEM250",9.14e-41,0.589,0.181,0.106,1.7e-36,"TMEM250"
"SCAP",9.56e-41,0.449,0.36,0.26,1.78e-36,"SCAP"
"KCTD1",1.1e-40,0.492,0.382,0.285,2.05e-36,"KCTD1"
"STK36",1.1e-40,0.777,0.136,0.073,2.05e-36,"STK36"
"PLK1",1.12e-40,-1.005,0.094,0.159,2.08e-36,"PLK1"
"EBAG9",1.15e-40,0.453,0.387,0.285,2.14e-36,"EBAG9"
"RHBDL2",1.17e-40,0.781,0.212,0.133,2.18e-36,"RHBDL2"
"DDX31",1.46e-40,0.512,0.216,0.135,2.71e-36,"DDX31"
"MAFB",1.46e-40,-0.486,0.065,0.127,2.72e-36,"MAFB"
"ITGA5",1.49e-40,2.891,0.028,0.003,2.78e-36,"ITGA5"
"STK25",1.5e-40,0.487,0.523,0.432,2.8e-36,"STK25"
"DNLZ",1.52e-40,0.402,0.34,0.24,2.83e-36,"DNLZ"
"PPIF",1.59e-40,0.738,0.238,0.16,2.96e-36,"PPIF"
"MAN2B1",1.62e-40,0.574,0.186,0.112,3.01e-36,"MAN2B1"
"ZBTB4",1.62e-40,0.544,0.366,0.271,3.02e-36,"ZBTB4"
"IPO5",1.66e-40,0.403,0.581,0.496,3.09e-36,"IPO5"
"TEX261",1.74e-40,0.474,0.245,0.16,3.23e-36,"TEX261"
"LARP1",1.77e-40,0.38,0.671,0.607,3.29e-36,"LARP1"
"TAOK2",1.92e-40,0.706,0.198,0.122,3.57e-36,"TAOK2"
"ABRAXAS2",1.95e-40,0.409,0.386,0.283,3.64e-36,"ABRAXAS2"
"PFKFB2",1.97e-40,1.053,0.082,0.035,3.67e-36,"PFKFB2"
"RBM8A",2.05e-40,0.318,0.801,0.758,3.82e-36,"RBM8A"
"RPA1",2.06e-40,0.501,0.423,0.327,3.84e-36,"RPA1"
"PDP2",2.13e-40,0.815,0.117,0.059,3.96e-36,"PDP2"
"SNAP91",2.15e-40,-0.308,0.516,0.593,3.99e-36,"SNAP91"
"SLF2",2.17e-40,0.514,0.6,0.527,4.03e-36,"SLF2"
"TTC19",2.28e-40,0.327,0.726,0.658,4.24e-36,"TTC19"
"C4orf47",2.54e-40,0.577,0.122,0.062,4.72e-36,"C4orf47"
"NELFCD",2.57e-40,0.437,0.54,0.446,4.78e-36,"NELFCD"
"UTP20",2.64e-40,0.569,0.281,0.192,4.91e-36,"UTP20"
"POFUT2",2.65e-40,0.815,0.142,0.078,4.93e-36,"POFUT2"
"INTS12",2.65e-40,0.527,0.528,0.432,4.94e-36,"INTS12"
"PAPOLA",2.67e-40,0.267,0.88,0.857,4.97e-36,"PAPOLA"
"RAB3C",2.83e-40,-0.605,0.123,0.198,5.27e-36,"RAB3C"
"LZTS2",3.15e-40,0.571,0.261,0.176,5.85e-36,"LZTS2"
"BFAR",3.52e-40,0.477,0.37,0.271,6.56e-36,"BFAR"
"RNF122",3.57e-40,-0.319,0.125,0.204,6.64e-36,"RNF122"
"MOB1A",3.59e-40,0.411,0.56,0.477,6.69e-36,"MOB1A"
"COX17",3.75e-40,0.499,0.497,0.407,6.98e-36,"COX17"
"TFEB",3.93e-40,1.502,0.049,0.014,7.32e-36,"TFEB"
"NYAP2",3.99e-40,-0.125,0.191,0.287,7.44e-36,"NYAP2"
"DIS3L",4.02e-40,0.449,0.307,0.214,7.48e-36,"DIS3L"
"LRRC73",4.46e-40,1.563,0.041,0.01,8.29e-36,"LRRC73"
"P4HA2",4.53e-40,0.832,0.107,0.052,8.43e-36,"P4HA2"
"IFT140",4.55e-40,0.541,0.285,0.196,8.47e-36,"IFT140"
"C16orf91",4.55e-40,0.509,0.274,0.185,8.47e-36,"C16orf91"
"TOR3A",4.6e-40,0.606,0.206,0.129,8.57e-36,"TOR3A"
"MTRF1L",4.61e-40,0.494,0.382,0.285,8.57e-36,"MTRF1L"
"NOP14",4.85e-40,0.6,0.223,0.143,9.03e-36,"NOP14"
"SOCS1",4.99e-40,2.032,0.048,0.014,9.28e-36,"SOCS1"
"SUPT5H",5.13e-40,0.413,0.546,0.452,9.54e-36,"SUPT5H"
"IFIT1",5.74e-40,1.547,0.089,0.04,1.07e-35,"IFIT1"
"STK19",5.82e-40,0.492,0.293,0.201,1.08e-35,"STK19"
"OMA1",5.94e-40,1.102,0.091,0.042,1.11e-35,"OMA1"
"TMEM177",6.21e-40,0.718,0.137,0.074,1.16e-35,"TMEM177"
"D2HGDH",6.64e-40,0.67,0.161,0.093,1.24e-35,"D2HGDH"
"PIKFYVE",6.84e-40,0.385,0.519,0.415,1.27e-35,"PIKFYVE"
"TBX2",6.88e-40,2.49,0.032,0.005,1.28e-35,"TBX2"
"GID8",7.19e-40,0.426,0.496,0.399,1.34e-35,"GID8"
"LARS2",7.36e-40,0.469,0.42,0.32,1.37e-35,"LARS2"
"ELAVL1",7.58e-40,0.389,0.672,0.608,1.41e-35,"ELAVL1"
"C1orf226",7.71e-40,0.87,0.08,0.033,1.43e-35,"C1orf226"
"AKR1A1",8.01e-40,0.435,0.482,0.38,1.49e-35,"AKR1A1"
"EIF2S1",8.47e-40,0.406,0.576,0.493,1.58e-35,"EIF2S1"
"SDHAF1",9.23e-40,0.642,0.189,0.115,1.72e-35,"SDHAF1"
"HTATIP2",9.37e-40,1.471,0.042,0.011,1.74e-35,"HTATIP2"
"RRAGB",9.55e-40,0.456,0.414,0.309,1.78e-35,"RRAGB"
"PPP1R3B",1.01e-39,2.201,0.037,0.008,1.87e-35,"PPP1R3B"
"DDX19A",1.05e-39,0.464,0.33,0.233,1.95e-35,"DDX19A"
"KIF1C",1.1e-39,0.824,0.149,0.085,2.04e-35,"KIF1C"
"MRPS35",1.16e-39,0.436,0.509,0.411,2.16e-35,"MRPS35"
"TMUB1",1.21e-39,0.641,0.187,0.114,2.24e-35,"TMUB1"
"INTS5",1.26e-39,0.733,0.151,0.085,2.35e-35,"INTS5"
"LRSAM1",1.32e-39,0.505,0.275,0.187,2.45e-35,"LRSAM1"
"THAP6",1.32e-39,0.512,0.317,0.223,2.46e-35,"THAP6"
"RIMKLA",1.33e-39,0.141,0.391,0.536,2.47e-35,"RIMKLA"
"VASN",1.33e-39,1.43,0.053,0.017,2.48e-35,"VASN"
"KLHDC8A",1.34e-39,0.893,0.578,0.566,2.49e-35,"KLHDC8A"
"ANXA4",1.37e-39,0.534,0.203,0.126,2.55e-35,"ANXA4"
"UBE2J2",1.44e-39,0.446,0.462,0.363,2.68e-35,"UBE2J2"
"RGS12",1.49e-39,-0.282,0.672,0.716,2.78e-35,"RGS12"
"STC1",1.52e-39,-0.92,0.054,0.108,2.83e-35,"STC1"
"RUNDC3B",1.54e-39,-0.868,0.07,0.129,2.87e-35,"RUNDC3B"
"HECW2",1.57e-39,-0.706,0.108,0.177,2.92e-35,"HECW2"
"HS1BP3",1.64e-39,0.646,0.146,0.081,3.06e-35,"HS1BP3"
"MEIS3",1.68e-39,0.344,0.627,0.535,3.13e-35,"MEIS3"
"SNRPB2",1.83e-39,0.345,0.813,0.771,3.4e-35,"SNRPB2"
"PI4KB",1.85e-39,0.459,0.316,0.223,3.45e-35,"PI4KB"
"TMEM43",1.92e-39,0.537,0.338,0.244,3.57e-35,"TMEM43"
"DTL",1.96e-39,-0.591,0.145,0.223,3.64e-35,"DTL"
"MARVELD3",1.99e-39,2.018,0.035,0.007,3.71e-35,"MARVELD3"
"DCAF5",2e-39,0.389,0.638,0.546,3.72e-35,"DCAF5"
"ZFHX3",2e-39,-1.835,0.553,0.601,3.72e-35,"ZFHX3"
"CMAS",2.18e-39,0.427,0.445,0.345,4.05e-35,"CMAS"
"ABCB7",2.25e-39,0.398,0.567,0.47,4.19e-35,"ABCB7"
"HOGA1",2.25e-39,1.624,0.047,0.014,4.19e-35,"HOGA1"
"HRH1",2.26e-39,2.782,0.028,0.003,4.21e-35,"HRH1"
"RPP38",2.27e-39,0.508,0.393,0.293,4.23e-35,"RPP38"
"EDEM3",2.46e-39,0.418,0.418,0.315,4.57e-35,"EDEM3"
"GALNS",2.47e-39,0.807,0.151,0.086,4.59e-35,"GALNS"
"NBN",2.49e-39,0.475,0.402,0.307,4.63e-35,"NBN"
"CBWD1",2.58e-39,0.513,0.317,0.225,4.8e-35,"CBWD1"
"TLCD2",2.87e-39,2.219,0.03,0.004,5.34e-35,"TLCD2"
"SPA17",2.95e-39,0.615,0.196,0.122,5.48e-35,"SPA17"
"AHDC1",2.96e-39,0.517,0.364,0.27,5.52e-35,"AHDC1"
"SOS1",3.4e-39,-0.16,0.892,0.918,6.32e-35,"SOS1"
"UTP18",3.43e-39,0.493,0.423,0.33,6.38e-35,"UTP18"
"SLC2A13",3.47e-39,-0.659,0.22,0.299,6.46e-35,"SLC2A13"
"PABPC5",3.47e-39,0.851,0.117,0.06,6.46e-35,"PABPC5"
"BCAR1",3.59e-39,0.673,0.288,0.203,6.69e-35,"BCAR1"
"MSL3",3.83e-39,0.522,0.297,0.206,7.13e-35,"MSL3"
"EXD2",3.87e-39,0.484,0.338,0.242,7.2e-35,"EXD2"
"TMEM199",3.89e-39,0.533,0.276,0.187,7.23e-35,"TMEM199"
"PEX16",4e-39,0.688,0.16,0.093,7.45e-35,"PEX16"
"CCDC77",4.08e-39,-0.461,0.263,0.346,7.59e-35,"CCDC77"
"DYRK1A",4.08e-39,-0.246,0.849,0.86,7.59e-35,"DYRK1A"
"KCNC4",4.11e-39,1.748,0.057,0.019,7.65e-35,"KCNC4"
"FAM107B",4.24e-39,-0.101,0.672,0.746,7.89e-35,"FAM107B"
"PABPC1",4.26e-39,0.279,0.866,0.85,7.92e-35,"PABPC1"
"SNX24",4.3e-39,0.387,0.446,0.343,8.01e-35,"SNX24"
"SLC25A27",4.36e-39,0.693,0.236,0.157,8.11e-35,"SLC25A27"
"POP4",4.51e-39,0.526,0.301,0.21,8.4e-35,"POP4"
"TSPAN32",4.76e-39,2.621,0.03,0.005,8.86e-35,"TSPAN32"
"REXO4",4.95e-39,0.514,0.243,0.159,9.22e-35,"REXO4"
"CENPH",5e-39,-0.442,0.248,0.335,9.3e-35,"CENPH"
"ZNF875",5.16e-39,0.47,0.397,0.299,9.6e-35,"ZNF875"
"U2AF1",5.27e-39,0.289,0.9,0.885,9.8e-35,"U2AF1"
"SLC4A3",5.32e-39,0.772,0.094,0.043,9.9e-35,"SLC4A3"
"ZNF396",5.32e-39,1.417,0.053,0.017,9.9e-35,"ZNF396"
"AVEN",5.42e-39,0.367,0.279,0.188,1.01e-34,"AVEN"
"THOP1",5.59e-39,0.662,0.217,0.14,1.04e-34,"THOP1"
"EIF2AK4",6.06e-39,0.395,0.514,0.413,1.13e-34,"EIF2AK4"
"TMEM229B",6.66e-39,1.541,0.04,0.01,1.24e-34,"TMEM229B"
"AARS1",6.7e-39,0.505,0.35,0.257,1.25e-34,"AARS1"
"IFT27",6.97e-39,0.47,0.371,0.277,1.3e-34,"IFT27"
"DZIP1",7.34e-39,0.436,0.48,0.386,1.37e-34,"DZIP1"
"ATOH8",7.56e-39,1.234,0.1,0.049,1.41e-34,"ATOH8"
"CADM1",7.61e-39,-0.343,0.941,0.954,1.42e-34,"CADM1"
"BET1",7.72e-39,0.45,0.285,0.197,1.44e-34,"BET1"
"GALNT8",8.19e-39,-0.451,0.193,0.277,1.52e-34,"GALNT8"
"NT5C3A",8.25e-39,-0.283,0.593,0.656,1.54e-34,"NT5C3A"
"MAPK10",8.29e-39,0.39,0.93,0.869,1.54e-34,"MAPK10"
"ZNRF2",8.96e-39,-0.49,0.277,0.359,1.67e-34,"ZNRF2"
"NPEPPS",9.06e-39,0.31,0.799,0.758,1.69e-34,"NPEPPS"
"IFT81",9.24e-39,0.312,0.728,0.654,1.72e-34,"IFT81"
"MKNK2",9.38e-39,0.611,0.298,0.21,1.75e-34,"MKNK2"
"RBPMS2",9.65e-39,1.63,0.05,0.015,1.8e-34,"RBPMS2"
"MACF1",9.65e-39,0.243,0.983,0.986,1.8e-34,"MACF1"
"SCFD2",9.69e-39,0.372,0.425,0.321,1.8e-34,"SCFD2"
"B3GNT9",9.78e-39,1.74,0.044,0.012,1.82e-34,"B3GNT9"
"CHCHD3",1e-38,0.268,0.84,0.781,1.87e-34,"CHCHD3"
"KCTD17",1.06e-38,0.68,0.178,0.108,1.97e-34,"KCTD17"
"FBXO22",1.1e-38,0.387,0.531,0.43,2.05e-34,"FBXO22"
"AZIN1",1.11e-38,0.402,0.639,0.565,2.07e-34,"AZIN1"
"CDC37L1",1.13e-38,0.43,0.441,0.339,2.1e-34,"CDC37L1"
"PNRC2",1.14e-38,0.398,0.614,0.529,2.12e-34,"PNRC2"
"PES1",1.14e-38,0.679,0.18,0.109,2.12e-34,"PES1"
"TDP1",1.23e-38,-0.618,0.228,0.304,2.28e-34,"TDP1"
"UBR2",1.31e-38,0.343,0.694,0.616,2.44e-34,"UBR2"
"PABPC1L",1.32e-38,0.813,0.16,0.094,2.46e-34,"PABPC1L"
"ARMCX1",1.34e-38,0.469,0.379,0.283,2.5e-34,"ARMCX1"
"SEC13",1.4e-38,0.442,0.55,0.466,2.61e-34,"SEC13"
"TSPYL1",1.43e-38,0.439,0.493,0.394,2.66e-34,"TSPYL1"
"SLX4IP",1.45e-38,0.394,0.458,0.356,2.69e-34,"SLX4IP"
"SMC2",1.53e-38,-0.601,0.345,0.402,2.85e-34,"SMC2"
"NEPRO",1.58e-38,0.478,0.466,0.37,2.95e-34,"NEPRO"
"PTPA",1.63e-38,0.57,0.278,0.193,3.03e-34,"PTPA"
"FUCA1",1.68e-38,0.671,0.129,0.069,3.12e-34,"FUCA1"
"GTPBP4",1.69e-38,0.502,0.477,0.388,3.14e-34,"GTPBP4"
"TMEM259",1.79e-38,0.565,0.309,0.218,3.33e-34,"TMEM259"
"ZNF511",1.84e-38,0.499,0.349,0.256,3.42e-34,"ZNF511"
"MTRES1",1.85e-38,0.474,0.435,0.337,3.44e-34,"MTRES1"
"CAD",1.91e-38,0.759,0.153,0.088,3.55e-34,"CAD"
"GAL",2.04e-38,3.152,0.024,0.002,3.79e-34,"GAL"
"CS",2.04e-38,0.477,0.49,0.401,3.79e-34,"CS"
"DPP8",2.1e-38,0.403,0.542,0.448,3.91e-34,"DPP8"
"ZFP91",2.32e-38,0.37,0.628,0.544,4.32e-34,"ZFP91"
"DNAL1",2.33e-38,0.456,0.385,0.288,4.33e-34,"DNAL1"
"LEPROTL1",2.34e-38,0.397,0.618,0.534,4.36e-34,"LEPROTL1"
"TMEM251",2.47e-38,0.53,0.319,0.228,4.59e-34,"TMEM251"
"SLC35F1",2.54e-38,0.325,0.78,0.734,4.72e-34,"SLC35F1"
"SUOX",2.56e-38,0.798,0.131,0.071,4.76e-34,"SUOX"
"ARHGAP36",2.81e-38,5.057,0.02,0.001,5.23e-34,"ARHGAP36"
"HDAC8",2.83e-38,0.298,0.794,0.72,5.26e-34,"HDAC8"
"CDS2",2.88e-38,0.444,0.469,0.371,5.36e-34,"CDS2"
"RDH14",3.2e-38,0.511,0.274,0.187,5.95e-34,"RDH14"
"PIM1",3.22e-38,-0.787,0.1,0.164,5.99e-34,"PIM1"
"H2AC16",3.27e-38,-1.106,0.03,0.074,6.09e-34,"H2AC16"
"ACER3",3.32e-38,0.453,0.64,0.559,6.18e-34,"ACER3"
"UBR4",3.47e-38,0.388,0.599,0.515,6.47e-34,"UBR4"
"DAB2IP",3.56e-38,0.599,0.221,0.144,6.62e-34,"DAB2IP"
"KCNIP4",3.76e-38,1.792,0.185,0.118,7e-34,"KCNIP4"
"MORN4",3.8e-38,0.437,0.292,0.201,7.08e-34,"MORN4"
"PTPRR",3.9e-38,-1.442,0.016,0.051,7.26e-34,"PTPRR"
"ANKRA2",3.9e-38,0.541,0.271,0.185,7.26e-34,"ANKRA2"
"CCDC170",3.91e-38,1.693,0.034,0.007,7.28e-34,"CCDC170"
"RUFY1",3.97e-38,0.404,0.516,0.422,7.4e-34,"RUFY1"
"CCPG1",3.98e-38,0.419,0.523,0.43,7.41e-34,"CCPG1"
"DLAT",4e-38,0.454,0.319,0.226,7.44e-34,"DLAT"
"AK2",4.09e-38,0.503,0.336,0.244,7.6e-34,"AK2"
"TOX",4.13e-38,0.291,0.873,0.779,7.69e-34,"TOX"
"BTN3A3",4.45e-38,1.637,0.053,0.017,8.27e-34,"BTN3A3"
"PYCR1",4.82e-38,0.777,0.156,0.091,8.98e-34,"PYCR1"
"RPA2",4.96e-38,0.494,0.392,0.3,9.24e-34,"RPA2"
"AIP",5.12e-38,0.448,0.379,0.284,9.54e-34,"AIP"
"DNAAF5",5.16e-38,0.578,0.262,0.178,9.61e-34,"DNAAF5"
"PRIM1",5.18e-38,-0.456,0.234,0.319,9.64e-34,"PRIM1"
"ADAM23",5.19e-38,0.273,0.573,0.472,9.66e-34,"ADAM23"
"GALNT11",5.26e-38,0.366,0.558,0.455,9.79e-34,"GALNT11"
"CYB561D2",5.31e-38,0.582,0.172,0.102,9.88e-34,"CYB561D2"
"PLCB3",5.34e-38,0.721,0.121,0.064,9.93e-34,"PLCB3"
"ALKBH2",5.39e-38,0.671,0.242,0.161,1e-33,"ALKBH2"
"ELP4",5.56e-38,0.249,0.67,0.57,1.03e-33,"ELP4"
"ZNF730",5.81e-38,-0.345,0.42,0.5,1.08e-33,"ZNF730"
"CC2D2B",5.84e-38,1.702,0.041,0.011,1.09e-33,"CC2D2B"
"MRPL9",5.87e-38,0.493,0.447,0.353,1.09e-33,"MRPL9"
"CNPPD1",6.06e-38,0.576,0.237,0.156,1.13e-33,"CNPPD1"
"SH3PXD2A",6.1e-38,-0.492,0.254,0.335,1.14e-33,"SH3PXD2A"
"PINX1",6.45e-38,0.569,0.269,0.185,1.2e-33,"PINX1"
"RIC8A",6.49e-38,0.538,0.25,0.168,1.21e-33,"RIC8A"
"ABRAXAS1",6.49e-38,0.55,0.261,0.179,1.21e-33,"ABRAXAS1"
"FAHD2A",6.5e-38,0.561,0.271,0.185,1.21e-33,"FAHD2A"
"LSM3",6.71e-38,0.314,0.801,0.763,1.25e-33,"LSM3"
"THOC2",6.85e-38,0.326,0.833,0.784,1.28e-33,"THOC2"
"NSUN4",7.09e-38,0.596,0.18,0.109,1.32e-33,"NSUN4"
"DDX60",7.53e-38,1.148,0.092,0.043,1.4e-33,"DDX60"
"DENND1A",7.58e-38,0.363,0.691,0.62,1.41e-33,"DENND1A"
"RAB3A",7.59e-38,-0.481,0.104,0.174,1.41e-33,"RAB3A"
"AJUBA",8.27e-38,1.632,0.065,0.025,1.54e-33,"AJUBA"
"TOM1L1",8.84e-38,0.628,0.198,0.124,1.64e-33,"TOM1L1"
"ZZZ3",9.66e-38,0.361,0.666,0.578,1.8e-33,"ZZZ3"
"RASEF",1.03e-37,3.257,0.023,0.002,1.92e-33,"RASEF"
"NUAK2",1.04e-37,0.793,0.155,0.091,1.94e-33,"NUAK2"
"PFKL",1.06e-37,0.525,0.313,0.223,1.98e-33,"PFKL"
"AGO3",1.08e-37,0.321,0.821,0.778,2.02e-33,"AGO3"
"NKAPD1",1.08e-37,0.428,0.375,0.277,2.02e-33,"NKAPD1"
"ROGDI",1.09e-37,0.613,0.209,0.133,2.03e-33,"ROGDI"
"NR1D2",1.17e-37,0.606,0.323,0.239,2.17e-33,"NR1D2"
"VPS11",1.18e-37,0.647,0.181,0.11,2.19e-33,"VPS11"
"H2BC5",1.18e-37,-2.081,0.049,0.1,2.2e-33,"H2BC5"
"ASL",1.18e-37,0.763,0.126,0.068,2.2e-33,"ASL"
"DPM1",1.42e-37,0.397,0.525,0.43,2.63e-33,"DPM1"
"SGK1",1.45e-37,0.14,0.143,0.08,2.7e-33,"SGK1"
"LRRC69",1.53e-37,0.785,0.112,0.058,2.85e-33,"LRRC69"
"ANP32A",1.54e-37,0.297,0.817,0.766,2.86e-33,"ANP32A"
"TOMM40",1.54e-37,0.497,0.376,0.286,2.87e-33,"TOMM40"
"COG7",1.66e-37,0.492,0.409,0.314,3.09e-33,"COG7"
"NSF",1.81e-37,0.439,0.434,0.338,3.36e-33,"NSF"
"RNF115",1.92e-37,0.312,0.691,0.622,3.57e-33,"RNF115"
"ADAMTS15",1.92e-37,3.86,0.022,0.001,3.57e-33,"ADAMTS15"
"TPD52",1.95e-37,0.701,0.094,0.044,3.63e-33,"TPD52"
"DENND6B",1.99e-37,0.471,0.202,0.126,3.7e-33,"DENND6B"
"HYKK",2.01e-37,1.832,0.039,0.01,3.74e-33,"HYKK"
"COX15",2.08e-37,0.446,0.348,0.255,3.87e-33,"COX15"
"CFAP44",2.08e-37,0.779,0.163,0.098,3.87e-33,"CFAP44"
"PNPLA8",2.25e-37,0.361,0.648,0.57,4.19e-33,"PNPLA8"
"ENSG00000278817",2.28e-37,1.355,0.054,0.018,4.24e-33,"ENSG00000278817"
"OSBPL2",2.36e-37,0.437,0.31,0.218,4.39e-33,"OSBPL2"
"EIF2B5",2.41e-37,0.586,0.226,0.148,4.49e-33,"EIF2B5"
"MACROH2A1",2.64e-37,0.255,0.887,0.863,4.92e-33,"MACROH2A1"
"DNAH11",2.65e-37,-0.386,0.131,0.204,4.93e-33,"DNAH11"
"CLCF1",2.69e-37,1.837,0.034,0.007,5.01e-33,"CLCF1"
"KLHL20",2.84e-37,0.427,0.638,0.567,5.29e-33,"KLHL20"
"LRRC8A",2.85e-37,0.497,0.343,0.252,5.3e-33,"LRRC8A"
"TRAPPC13",2.92e-37,0.438,0.422,0.326,5.44e-33,"TRAPPC13"
"ARGLU1",2.96e-37,0.259,0.877,0.863,5.51e-33,"ARGLU1"
"CFAP161",3.01e-37,-0.818,0.067,0.124,5.6e-33,"CFAP161"
"EPB41L4A",3.18e-37,1.308,0.111,0.058,5.93e-33,"EPB41L4A"
"SLC35D1",3.31e-37,0.375,0.381,0.284,6.16e-33,"SLC35D1"
"VASH1",3.36e-37,-0.281,0.302,0.391,6.26e-33,"VASH1"
"ZNF365",3.41e-37,2.148,0.028,0.004,6.35e-33,"ZNF365"
"SYNJ2BP",3.44e-37,0.441,0.361,0.263,6.4e-33,"SYNJ2BP"
"HMMR",3.53e-37,-0.366,0.114,0.184,6.57e-33,"HMMR"
"SIDT2",3.78e-37,0.781,0.125,0.068,7.03e-33,"SIDT2"
"PALD1",3.93e-37,0.975,0.098,0.048,7.32e-33,"PALD1"
"EPN1",4.11e-37,0.434,0.456,0.358,7.65e-33,"EPN1"
"PUS7",4.24e-37,0.484,0.276,0.19,7.9e-33,"PUS7"
"HSPA14",4.36e-37,0.54,0.312,0.223,8.12e-33,"HSPA14"
"UBE2Q1",4.46e-37,0.5,0.332,0.241,8.3e-33,"UBE2Q1"
"ZNF846",4.66e-37,0.654,0.208,0.134,8.68e-33,"ZNF846"
"GDI1",4.68e-37,0.35,0.756,0.705,8.71e-33,"GDI1"
"TMEM109",4.74e-37,0.83,0.111,0.057,8.83e-33,"TMEM109"
"SUCLA2",4.92e-37,0.35,0.658,0.578,9.16e-33,"SUCLA2"
"MMP7",5.24e-37,7.79,0.018,0,9.75e-33,"MMP7"
"ADAM17",5.25e-37,0.326,0.654,0.572,9.77e-33,"ADAM17"
"CTNNB1",5.27e-37,0.344,0.775,0.733,9.81e-33,"CTNNB1"
"TARBP1",5.48e-37,0.376,0.395,0.294,1.02e-32,"TARBP1"
"CIAO1",5.7e-37,0.35,0.565,0.479,1.06e-32,"CIAO1"
"IFNGR1",5.96e-37,0.46,0.393,0.298,1.11e-32,"IFNGR1"
"CHRNB1",6.05e-37,0.666,0.168,0.1,1.13e-32,"CHRNB1"
"UNC80",6.07e-37,0.372,0.316,0.221,1.13e-32,"UNC80"
"CCND3",6.14e-37,0.532,0.178,0.108,1.14e-32,"CCND3"
"NABP2",6.56e-37,0.559,0.297,0.211,1.22e-32,"NABP2"
"SLC25A53",6.72e-37,0.56,0.251,0.169,1.25e-32,"SLC25A53"
"ENSG00000278905",6.88e-37,1.524,0.085,0.04,1.28e-32,"ENSG00000278905"
"RNF175",6.9e-37,1.013,0.1,0.05,1.28e-32,"RNF175"
"ZNF621",6.98e-37,0.53,0.292,0.204,1.3e-32,"ZNF621"
"ABCF3",7.14e-37,0.804,0.131,0.072,1.33e-32,"ABCF3"
"MCTS1",7.6e-37,0.399,0.442,0.343,1.41e-32,"MCTS1"
"IWS1",7.65e-37,0.389,0.614,0.535,1.42e-32,"IWS1"
"FSTL4",7.83e-37,-1.108,0.026,0.066,1.46e-32,"FSTL4"
"TMEM64",7.86e-37,0.436,0.186,0.115,1.46e-32,"TMEM64"
"PEX6",7.94e-37,0.464,0.267,0.182,1.48e-32,"PEX6"
"TIMM29",8e-37,0.535,0.3,0.212,1.49e-32,"TIMM29"
"B4GALT2",8.27e-37,0.577,0.266,0.183,1.54e-32,"B4GALT2"
"DPP3",8.42e-37,0.607,0.177,0.108,1.57e-32,"DPP3"
"THTPA",8.5e-37,0.701,0.196,0.125,1.58e-32,"THTPA"
"RBM19",8.76e-37,0.533,0.246,0.164,1.63e-32,"RBM19"
"PYM1",8.96e-37,0.518,0.256,0.173,1.67e-32,"PYM1"
"TMPRSS5",9.08e-37,0.87,0.122,0.066,1.69e-32,"TMPRSS5"
"GOLGA8M",9.11e-37,1.019,0.068,0.028,1.7e-32,"GOLGA8M"
"PAPPA",9.73e-37,1.562,0.08,0.036,1.81e-32,"PAPPA"
"PPP1R2",9.77e-37,0.36,0.578,0.486,1.82e-32,"PPP1R2"
"CHFR",9.91e-37,0.495,0.413,0.318,1.84e-32,"CHFR"
"POLR1H",1.12e-36,0.516,0.336,0.247,2.08e-32,"POLR1H"
"NIPA2",1.15e-36,0.446,0.478,0.388,2.13e-32,"NIPA2"
"ERP44",1.21e-36,0.321,0.661,0.581,2.26e-32,"ERP44"
"ERICH1",1.22e-36,0.414,0.449,0.355,2.27e-32,"ERICH1"
"USP46",1.24e-36,0.376,0.553,0.465,2.3e-32,"USP46"
"WBP1L",1.31e-36,0.452,0.358,0.262,2.43e-32,"WBP1L"
"S100PBP",1.33e-36,0.438,0.475,0.385,2.48e-32,"S100PBP"
"TAF9B",1.34e-36,0.577,0.217,0.141,2.49e-32,"TAF9B"
"TMEM70",1.34e-36,0.498,0.438,0.343,2.49e-32,"TMEM70"
"ATE1",1.39e-36,0.349,0.721,0.649,2.59e-32,"ATE1"
"FAM184A",1.5e-36,0.421,0.449,0.354,2.8e-32,"FAM184A"
"ZNF254",1.6e-36,-0.126,0.826,0.867,2.98e-32,"ZNF254"
"RPS11",1.67e-36,0.253,0.992,0.994,3.1e-32,"RPS11"
"RBM3",1.73e-36,0.35,0.722,0.686,3.21e-32,"RBM3"
"IARS2",1.78e-36,0.406,0.473,0.38,3.31e-32,"IARS2"
"HK1",1.87e-36,0.294,0.494,0.393,3.48e-32,"HK1"
"RABEPK",1.91e-36,0.423,0.302,0.212,3.55e-32,"RABEPK"
"VPS9D1",1.95e-36,0.441,0.252,0.169,3.62e-32,"VPS9D1"
"CYREN",2.02e-36,0.378,0.354,0.259,3.76e-32,"CYREN"
"NFATC2",2.08e-36,3.197,0.029,0.005,3.87e-32,"NFATC2"
"CCDC43",2.12e-36,0.46,0.332,0.239,3.94e-32,"CCDC43"
"NECTIN3",2.14e-36,0.336,0.435,0.336,3.98e-32,"NECTIN3"
"CHST11",2.28e-36,0.588,0.792,0.725,4.24e-32,"CHST11"
"LRRC27",2.28e-36,0.492,0.259,0.176,4.25e-32,"LRRC27"
"DBNDD1",2.39e-36,0.909,0.1,0.05,4.45e-32,"DBNDD1"
"OSGEPL1",2.41e-36,0.601,0.244,0.165,4.49e-32,"OSGEPL1"
"SUMF1",2.46e-36,0.314,0.712,0.623,4.57e-32,"SUMF1"
"KAT7",2.46e-36,0.496,0.455,0.368,4.58e-32,"KAT7"
"PCYT1B",2.46e-36,0.362,0.388,0.291,4.58e-32,"PCYT1B"
"C1QTNF6",2.49e-36,1.153,0.08,0.036,4.63e-32,"C1QTNF6"
"MACROD1",2.49e-36,0.459,0.3,0.212,4.64e-32,"MACROD1"
"TIMM17A",2.7e-36,0.45,0.477,0.388,5.03e-32,"TIMM17A"
"DHRS11",2.71e-36,0.763,0.106,0.054,5.05e-32,"DHRS11"
"FAM114A1",2.73e-36,0.815,0.149,0.087,5.08e-32,"FAM114A1"
"ABITRAM",2.86e-36,0.542,0.184,0.113,5.32e-32,"ABITRAM"
"EIF2A",2.88e-36,0.374,0.605,0.515,5.36e-32,"EIF2A"
"NRG2",2.91e-36,0.309,0.168,0.1,5.41e-32,"NRG2"
"MALRD1",3.01e-36,1.744,0.047,0.015,5.6e-32,"MALRD1"
"AFG3L2",3.21e-36,0.483,0.394,0.304,5.98e-32,"AFG3L2"
"MARCHF3",3.24e-36,-0.342,0.242,0.326,6.04e-32,"MARCHF3"
"AMACR",3.34e-36,0.757,0.102,0.051,6.22e-32,"AMACR"
"SESN1",3.36e-36,-0.26,0.543,0.609,6.25e-32,"SESN1"
"TNFSF4",3.39e-36,2.654,0.026,0.004,6.32e-32,"TNFSF4"
"YPEL2",3.42e-36,0.681,0.12,0.064,6.37e-32,"YPEL2"
"ARHGAP32",3.47e-36,-0.178,0.829,0.863,6.46e-32,"ARHGAP32"
"FBXO36",3.48e-36,0.49,0.228,0.149,6.48e-32,"FBXO36"
"YEATS2",3.5e-36,-0.23,0.755,0.799,6.52e-32,"YEATS2"
"NOTCH2NLR",3.72e-36,2.101,0.044,0.013,6.92e-32,"NOTCH2NLR"
"WDSUB1",3.76e-36,0.53,0.304,0.216,7e-32,"WDSUB1"
"SULT1A1",3.79e-36,3.628,0.022,0.002,7.05e-32,"SULT1A1"
"SLC6A1",3.8e-36,0.701,0.38,0.296,7.07e-32,"SLC6A1"
"IFT80",3.86e-36,0.344,0.561,0.458,7.18e-32,"IFT80"
"NOSIP",3.97e-36,0.431,0.427,0.331,7.4e-32,"NOSIP"
"PLCXD2",4.48e-36,-0.436,0.155,0.231,8.33e-32,"PLCXD2"
"RENBP",4.58e-36,0.893,0.092,0.044,8.52e-32,"RENBP"
"MED14",4.66e-36,0.48,0.459,0.368,8.67e-32,"MED14"
"MIX23",4.75e-36,0.452,0.278,0.193,8.84e-32,"MIX23"
"C1R",4.86e-36,1.983,0.042,0.012,9.05e-32,"C1R"
"MUL1",5.84e-36,0.57,0.174,0.106,1.09e-31,"MUL1"
"RNF168",6.32e-36,-0.403,0.443,0.512,1.18e-31,"RNF168"
"FBRS",6.57e-36,0.539,0.242,0.162,1.22e-31,"FBRS"
"ARMT1",6.74e-36,0.519,0.303,0.216,1.25e-31,"ARMT1"
"SH3RF1",7.01e-36,0.355,0.691,0.608,1.31e-31,"SH3RF1"
"GLDC",7.11e-36,0.355,0.537,0.437,1.32e-31,"GLDC"
"ZNF275",7.47e-36,0.62,0.178,0.11,1.39e-31,"ZNF275"
"NOL4",7.51e-36,0.23,0.783,0.873,1.4e-31,"NOL4"
"LYPD6",7.73e-36,-0.941,0.14,0.206,1.44e-31,"LYPD6"
"C9orf78",7.93e-36,0.388,0.545,0.452,1.48e-31,"C9orf78"
"USP1",7.98e-36,-0.392,0.527,0.574,1.48e-31,"USP1"
"IDH2",8.15e-36,0.346,0.704,0.633,1.52e-31,"IDH2"
"MRPL22",8.87e-36,0.401,0.534,0.445,1.65e-31,"MRPL22"
"TMX3",9.19e-36,0.419,0.513,0.42,1.71e-31,"TMX3"
"MKNK1",9.29e-36,0.628,0.187,0.117,1.73e-31,"MKNK1"
"BAHCC1",9.5e-36,-0.376,0.211,0.292,1.77e-31,"BAHCC1"
"TCF20",9.52e-36,-0.176,0.601,0.672,1.77e-31,"TCF20"
"HDAC11",9.65e-36,0.813,0.107,0.055,1.8e-31,"HDAC11"
"CREBRF",1.01e-35,0.456,0.449,0.355,1.87e-31,"CREBRF"
"FBXO2",1.04e-35,1.82,0.045,0.014,1.93e-31,"FBXO2"
"MORC4",1.05e-35,0.384,0.467,0.37,1.95e-31,"MORC4"
"UHMK1",1.07e-35,0.387,0.415,0.318,1.99e-31,"UHMK1"
"KBTBD3",1.08e-35,0.686,0.151,0.088,2.01e-31,"KBTBD3"
"LRRC59",1.13e-35,0.538,0.337,0.25,2.11e-31,"LRRC59"
"TMEM184C",1.23e-35,0.398,0.399,0.302,2.28e-31,"TMEM184C"
"SLC10A4",1.27e-35,-0.839,0.109,0.171,2.37e-31,"SLC10A4"
"PPID",1.33e-35,0.451,0.449,0.356,2.48e-31,"PPID"
"CCNB1IP1",1.33e-35,0.442,0.466,0.372,2.48e-31,"CCNB1IP1"
"CHIC1",1.42e-35,0.4,0.394,0.298,2.64e-31,"CHIC1"
"SF3B3",1.44e-35,0.395,0.551,0.465,2.69e-31,"SF3B3"
"RALA",1.45e-35,0.272,0.798,0.754,2.71e-31,"RALA"
"ATIC",1.48e-35,0.54,0.276,0.193,2.75e-31,"ATIC"
"MAVS",1.49e-35,0.549,0.297,0.213,2.77e-31,"MAVS"
"SYTL4",1.5e-35,1.069,0.076,0.033,2.79e-31,"SYTL4"
"CDC40",1.58e-35,0.359,0.563,0.467,2.95e-31,"CDC40"
"UFSP2",1.6e-35,0.416,0.45,0.352,2.97e-31,"UFSP2"
"PSTPIP2",1.61e-35,0.811,0.086,0.04,2.99e-31,"PSTPIP2"
"DISP2",1.62e-35,-0.93,0.042,0.088,3.01e-31,"DISP2"
"GTF2A1",1.62e-35,0.478,0.473,0.386,3.01e-31,"GTF2A1"
"TDO2",1.64e-35,3.392,0.02,0.001,3.05e-31,"TDO2"
"CTNNBIP1",1.69e-35,0.479,0.55,0.463,3.14e-31,"CTNNBIP1"
"STARD9",1.84e-35,-0.333,0.457,0.526,3.43e-31,"STARD9"
"PTPRB",2.09e-35,-1.426,0.014,0.046,3.88e-31,"PTPRB"
"AP3S2",2.13e-35,0.625,0.176,0.109,3.96e-31,"AP3S2"
"MT-TT",2.27e-35,1.035,0.096,0.048,4.22e-31,"MT-TT"
"RALGAPA1",2.31e-35,0.269,0.861,0.823,4.3e-31,"RALGAPA1"
"NMI",2.44e-35,3.553,0.021,0.002,4.54e-31,"NMI"
"SKI",2.45e-35,0.458,0.527,0.44,4.57e-31,"SKI"
"ARSA",2.48e-35,1.317,0.054,0.019,4.61e-31,"ARSA"
"SOX3",2.53e-35,2.048,0.045,0.014,4.71e-31,"SOX3"
"MEGF8",2.63e-35,0.522,0.281,0.197,4.89e-31,"MEGF8"
"IPO13",2.68e-35,0.726,0.118,0.063,5e-31,"IPO13"
"SSRP1",2.74e-35,0.372,0.603,0.521,5.11e-31,"SSRP1"
"HDAC5",2.82e-35,0.511,0.333,0.244,5.24e-31,"HDAC5"
"METTL7A",2.87e-35,0.748,0.256,0.181,5.35e-31,"METTL7A"
"DHX30",3.16e-35,0.397,0.587,0.497,5.89e-31,"DHX30"
"LDOC1",3.17e-35,0.433,0.276,0.19,5.89e-31,"LDOC1"
"SPIN2B",3.17e-35,0.57,0.16,0.096,5.9e-31,"SPIN2B"
"LLGL1",3.22e-35,0.849,0.119,0.065,6e-31,"LLGL1"
"HK2",3.24e-35,-1.733,0.031,0.072,6.03e-31,"HK2"
"CREB3L2",3.33e-35,0.624,0.247,0.172,6.2e-31,"CREB3L2"
"SYT12",3.57e-35,2.594,0.024,0.003,6.64e-31,"SYT12"
"TRAK1",3.61e-35,0.441,0.596,0.512,6.72e-31,"TRAK1"
"ZNF444",3.67e-35,0.53,0.216,0.141,6.83e-31,"ZNF444"
"CHGB",3.69e-35,-0.252,0.129,0.205,6.87e-31,"CHGB"
"POU5F1B",3.73e-35,3.222,0.021,0.002,6.95e-31,"POU5F1B"
"C22orf39",3.75e-35,0.535,0.337,0.25,6.98e-31,"C22orf39"
"ANKRD44",3.84e-35,-0.305,0.482,0.556,7.14e-31,"ANKRD44"
"HERC6",3.86e-35,2.627,0.029,0.005,7.18e-31,"HERC6"
"COPG1",3.9e-35,0.476,0.337,0.248,7.25e-31,"COPG1"
"TDRD3",3.95e-35,0.334,0.633,0.537,7.36e-31,"TDRD3"
"B3GAT3",4.19e-35,0.509,0.267,0.185,7.79e-31,"B3GAT3"
"PRELID3B",4.23e-35,0.556,0.298,0.215,7.87e-31,"PRELID3B"
"CDH8",4.24e-35,0.814,0.217,0.145,7.89e-31,"CDH8"
"TUBG2",4.33e-35,0.612,0.177,0.109,8.07e-31,"TUBG2"
"PSME3IP1",4.42e-35,0.356,0.661,0.594,8.22e-31,"PSME3IP1"
"CCDC86",4.45e-35,1.29,0.05,0.017,8.29e-31,"CCDC86"
"DCUN1D1",4.8e-35,0.366,0.568,0.475,8.94e-31,"DCUN1D1"
"FNTA",5.03e-35,0.361,0.573,0.485,9.36e-31,"FNTA"
"MPI",5.12e-35,0.709,0.132,0.074,9.54e-31,"MPI"
"FADD",5.23e-35,0.78,0.134,0.076,9.74e-31,"FADD"
"MVP",5.33e-35,1.033,0.084,0.039,9.92e-31,"MVP"
"RLF",5.48e-35,-0.348,0.668,0.71,1.02e-30,"RLF"
"AIF1L",5.67e-35,0.7,0.211,0.141,1.06e-30,"AIF1L"
"PRKCE",5.67e-35,0.378,0.621,0.499,1.06e-30,"PRKCE"
"NCOA6",5.71e-35,-0.173,0.704,0.76,1.06e-30,"NCOA6"
"TYSND1",5.82e-35,0.83,0.093,0.045,1.08e-30,"TYSND1"
"ENC1",5.87e-35,0.341,0.614,0.548,1.09e-30,"ENC1"
"ATG14",5.95e-35,0.439,0.381,0.286,1.11e-30,"ATG14"
"PIK3R2",6.23e-35,0.745,0.138,0.079,1.16e-30,"PIK3R2"
"SDC4",6.47e-35,1.738,0.042,0.012,1.21e-30,"SDC4"
"MKS1",6.56e-35,0.597,0.159,0.095,1.22e-30,"MKS1"
"ARFGEF2",6.56e-35,0.373,0.45,0.354,1.22e-30,"ARFGEF2"
"RAB8B",6.76e-35,0.308,0.767,0.714,1.26e-30,"RAB8B"
"BOLA1",6.81e-35,0.794,0.126,0.071,1.27e-30,"BOLA1"
"PWP2",6.85e-35,0.803,0.1,0.05,1.28e-30,"PWP2"
"PCP4",6.92e-35,0.772,0.07,0.029,1.29e-30,"PCP4"
"WARS1",7.02e-35,0.72,0.228,0.154,1.31e-30,"WARS1"
"NPAS2",7.13e-35,0.332,0.189,0.119,1.33e-30,"NPAS2"
"USP34",7.19e-35,0.27,0.928,0.917,1.34e-30,"USP34"
"ATMIN",7.25e-35,0.436,0.484,0.391,1.35e-30,"ATMIN"
"CASP8",7.52e-35,1.465,0.056,0.021,1.4e-30,"CASP8"
"ACAD11",7.54e-35,0.327,0.346,0.25,1.4e-30,"ACAD11"
"RSBN1",7.68e-35,-0.271,0.625,0.676,1.43e-30,"RSBN1"
"ARHGAP11B",7.78e-35,-1.383,0.038,0.081,1.45e-30,"ARHGAP11B"
"MGAM",7.84e-35,1.111,0.06,0.023,1.46e-30,"MGAM"
"ASF1B",7.84e-35,-0.74,0.098,0.16,1.46e-30,"ASF1B"
"GMPPA",8.04e-35,0.871,0.085,0.04,1.5e-30,"GMPPA"
"BIVM",8.86e-35,0.375,0.395,0.299,1.65e-30,"BIVM"
"ZNF724",9.46e-35,-0.547,0.197,0.273,1.76e-30,"ZNF724"
"REEP6",9.53e-35,1.751,0.032,0.007,1.77e-30,"REEP6"
"LZIC",9.72e-35,0.362,0.662,0.587,1.81e-30,"LZIC"
"TAFA3",9.83e-35,4.677,0.019,0.001,1.83e-30,"TAFA3"
"VSIG10L",9.87e-35,1.032,0.062,0.024,1.84e-30,"VSIG10L"
"BCL2L13",1.04e-34,0.406,0.427,0.332,1.94e-30,"BCL2L13"
"TIMM8A",1.09e-34,0.653,0.152,0.09,2.03e-30,"TIMM8A"
"IRF2BPL",1.17e-34,0.505,0.439,0.349,2.17e-30,"IRF2BPL"
"SEC24D",1.19e-34,0.652,0.186,0.118,2.22e-30,"SEC24D"
"SNPH",1.21e-34,1.505,0.043,0.013,2.25e-30,"SNPH"
"VPS18",1.27e-34,0.72,0.126,0.07,2.37e-30,"VPS18"
"TMPRSS7",1.31e-34,4.429,0.018,0.001,2.45e-30,"TMPRSS7"
"ATPAF2",1.46e-34,0.521,0.298,0.214,2.72e-30,"ATPAF2"
"CCDC28A",1.49e-34,0.689,0.186,0.119,2.78e-30,"CCDC28A"
"CFAP126",1.51e-34,2.642,0.031,0.006,2.81e-30,"CFAP126"
"AK1",1.56e-34,0.675,0.158,0.095,2.9e-30,"AK1"
"DOCK6",1.58e-34,1.364,0.057,0.021,2.94e-30,"DOCK6"
"DDX52",1.66e-34,0.396,0.644,0.57,3.09e-30,"DDX52"
"REEP1",1.76e-34,-0.339,0.28,0.367,3.28e-30,"REEP1"
"CFAP69",1.78e-34,0.907,0.099,0.051,3.31e-30,"CFAP69"
"WWP1",1.88e-34,0.35,0.538,0.442,3.5e-30,"WWP1"
"ATP6V1H",1.89e-34,0.353,0.636,0.547,3.51e-30,"ATP6V1H"
"GART",1.89e-34,0.384,0.547,0.465,3.52e-30,"GART"
"ZNF599",1.95e-34,0.835,0.112,0.059,3.63e-30,"ZNF599"
"IDH3B",2.07e-34,0.465,0.34,0.251,3.86e-30,"IDH3B"
"NAP1L4",2.28e-34,0.257,0.858,0.857,4.25e-30,"NAP1L4"
"CCDC174",2.29e-34,0.502,0.404,0.311,4.26e-30,"CCDC174"
"TATDN1",2.29e-34,0.381,0.478,0.384,4.26e-30,"TATDN1"
"SYP",2.35e-34,-0.307,0.226,0.309,4.37e-30,"SYP"
"ZNF226",2.43e-34,0.427,0.289,0.204,4.52e-30,"ZNF226"
"BYSL",2.43e-34,0.734,0.137,0.079,4.52e-30,"BYSL"
"TRIP10",2.46e-34,0.894,0.126,0.071,4.58e-30,"TRIP10"
"KCNC2",2.49e-34,-1.87,0.013,0.044,4.63e-30,"KCNC2"
"SET",2.79e-34,0.23,0.974,0.976,5.19e-30,"SET"
"SPRYD7",2.84e-34,0.483,0.31,0.224,5.29e-30,"SPRYD7"
"TPRA1",3.04e-34,0.524,0.18,0.112,5.67e-30,"TPRA1"
"LAMA3",3.05e-34,1.703,0.071,0.031,5.68e-30,"LAMA3"
"SMO",3.12e-34,0.51,0.33,0.246,5.8e-30,"SMO"
"SPRING1",3.13e-34,0.449,0.401,0.313,5.83e-30,"SPRING1"
"ANKS6",3.24e-34,0.627,0.167,0.103,6.03e-30,"ANKS6"
"PPP1R3D",3.27e-34,1.105,0.07,0.03,6.09e-30,"PPP1R3D"
"PODXL",3.3e-34,0.673,0.12,0.065,6.15e-30,"PODXL"
"AKAP12",3.32e-34,0.48,0.416,0.324,6.17e-30,"AKAP12"
"MPPED1",3.54e-34,-2.613,0.004,0.028,6.58e-30,"MPPED1"
"DYRK3",3.69e-34,0.629,0.176,0.111,6.88e-30,"DYRK3"
"VAC14",3.83e-34,0.554,0.258,0.178,7.12e-30,"VAC14"
"CYP39A1",3.84e-34,1.48,0.051,0.017,7.14e-30,"CYP39A1"
"DNAH6",4.16e-34,0.833,0.088,0.042,7.74e-30,"DNAH6"
"MT1M",4.26e-34,4.239,0.021,0.002,7.93e-30,"MT1M"
"RASL11B",4.94e-34,-1.229,0.023,0.06,9.19e-30,"RASL11B"
"C5orf15",5.16e-34,0.452,0.448,0.36,9.6e-30,"C5orf15"
"TMEM267",5.21e-34,0.486,0.294,0.21,9.7e-30,"TMEM267"
"WDR43",5.3e-34,0.443,0.47,0.381,9.87e-30,"WDR43"
"SLC27A1",5.39e-34,0.494,0.262,0.18,1e-29,"SLC27A1"
"DHX36",5.56e-34,0.301,0.86,0.829,1.03e-29,"DHX36"
"FGF12",5.68e-34,-1.444,0.08,0.134,1.06e-29,"FGF12"
"ADRB1",5.68e-34,3.665,0.019,0.001,1.06e-29,"ADRB1"
"DACT1",5.74e-34,-0.815,0.065,0.118,1.07e-29,"DACT1"
"FRMD4B",6.03e-34,-1.149,0.164,0.226,1.12e-29,"FRMD4B"
"XPR1",6.13e-34,0.247,0.87,0.853,1.14e-29,"XPR1"
"KCTD11",6.2e-34,1.428,0.039,0.011,1.15e-29,"KCTD11"
"ZDHHC8",6.23e-34,0.562,0.172,0.107,1.16e-29,"ZDHHC8"
"RAD51B",6.29e-34,0.102,0.573,0.446,1.17e-29,"RAD51B"
"SMAD9",6.35e-34,0.617,0.423,0.34,1.18e-29,"SMAD9"
"TTLL9",6.71e-34,0.648,0.128,0.072,1.25e-29,"TTLL9"
"USP5",6.77e-34,0.557,0.271,0.193,1.26e-29,"USP5"
"TUBGCP3",6.97e-34,-0.354,0.469,0.533,1.3e-29,"TUBGCP3"
"TTC39B",7.65e-34,0.546,0.172,0.106,1.42e-29,"TTC39B"
"CIPC",7.82e-34,0.589,0.23,0.155,1.46e-29,"CIPC"
"SYNGR1",7.84e-34,0.548,0.193,0.124,1.46e-29,"SYNGR1"
"LPCAT1",7.89e-34,0.565,0.221,0.148,1.47e-29,"LPCAT1"
"PARP16",7.97e-34,-0.392,0.195,0.268,1.48e-29,"PARP16"
"TKFC",8.2e-34,1.118,0.071,0.031,1.53e-29,"TKFC"
"ZNF330",8.28e-34,0.465,0.319,0.233,1.54e-29,"ZNF330"
"RESF1",8.44e-34,-0.271,0.465,0.54,1.57e-29,"RESF1"
"SPATA5L1",8.49e-34,0.528,0.268,0.187,1.58e-29,"SPATA5L1"
"CIAPIN1",8.52e-34,0.472,0.42,0.33,1.59e-29,"CIAPIN1"
"KIF13B",8.59e-34,0.462,0.282,0.198,1.6e-29,"KIF13B"
"NAT1",8.95e-34,4.702,0.018,0.001,1.67e-29,"NAT1"
"H1-4",9.12e-34,-0.712,0.436,0.474,1.7e-29,"H1-4"
"C7orf31",9.23e-34,1.048,0.079,0.037,1.72e-29,"C7orf31"
"JMY",9.5e-34,0.411,0.381,0.287,1.77e-29,"JMY"
"NCLN",9.8e-34,0.632,0.166,0.102,1.82e-29,"NCLN"
"PITPNB",9.97e-34,0.297,0.746,0.688,1.86e-29,"PITPNB"
"ZSCAN5A",1.05e-33,0.421,0.306,0.22,1.96e-29,"ZSCAN5A"
"CCDC18",1.06e-33,-0.676,0.277,0.344,1.97e-29,"CCDC18"
"TBC1D10A",1.07e-33,0.682,0.117,0.063,1.99e-29,"TBC1D10A"
"ARRDC1",1.1e-33,0.739,0.123,0.068,2.06e-29,"ARRDC1"
"MAT2A",1.11e-33,0.384,0.594,0.522,2.06e-29,"MAT2A"
"ACYP1",1.14e-33,-0.355,0.381,0.457,2.12e-29,"ACYP1"
"ATXN1L",1.14e-33,0.496,0.259,0.18,2.13e-29,"ATXN1L"
"RSPH4A",1.15e-33,1.291,0.052,0.018,2.14e-29,"RSPH4A"
"PPCS",1.17e-33,0.728,0.14,0.081,2.19e-29,"PPCS"
"H2BC15",1.19e-33,-1.032,0.06,0.11,2.22e-29,"H2BC15"
"G3BP1",1.2e-33,0.322,0.702,0.636,2.22e-29,"G3BP1"
"SLC66A1",1.22e-33,0.726,0.089,0.043,2.27e-29,"SLC66A1"
"LRFN5",1.25e-33,0.417,0.384,0.288,2.33e-29,"LRFN5"
"TIMM17B",1.31e-33,0.371,0.63,0.554,2.44e-29,"TIMM17B"
"CUEDC1",1.33e-33,0.435,0.438,0.347,2.47e-29,"CUEDC1"
"TENM4",1.34e-33,0.285,0.212,0.14,2.5e-29,"TENM4"
"CAPZA1",1.36e-33,0.348,0.694,0.639,2.53e-29,"CAPZA1"
"ARAF",1.4e-33,0.588,0.173,0.108,2.6e-29,"ARAF"
"RCL1",1.4e-33,0.439,0.254,0.174,2.6e-29,"RCL1"
"PDP1",1.4e-33,-0.286,0.246,0.329,2.61e-29,"PDP1"
"PCMTD2",1.42e-33,0.392,0.517,0.423,2.64e-29,"PCMTD2"
"TMEM254",1.43e-33,0.393,0.201,0.129,2.67e-29,"TMEM254"
"STYX",1.47e-33,0.437,0.248,0.168,2.74e-29,"STYX"
"IL7",1.48e-33,-0.318,0.42,0.498,2.75e-29,"IL7"
"RNF8",1.49e-33,0.363,0.386,0.291,2.77e-29,"RNF8"
"VAMP4",1.61e-33,0.533,0.257,0.177,3e-29,"VAMP4"
"FAM214B",1.62e-33,0.528,0.193,0.122,3.02e-29,"FAM214B"
"MEN1",1.63e-33,0.613,0.191,0.123,3.03e-29,"MEN1"
"MDM1",1.63e-33,0.609,0.227,0.154,3.04e-29,"MDM1"
"SNRPD1",1.67e-33,0.302,0.855,0.832,3.11e-29,"SNRPD1"
"DNAI1",1.68e-33,1.618,0.051,0.018,3.12e-29,"DNAI1"
"PIP4K2C",1.9e-33,0.681,0.127,0.071,3.54e-29,"PIP4K2C"
"OCEL1",1.91e-33,0.769,0.101,0.052,3.56e-29,"OCEL1"
"CRAT",1.97e-33,0.648,0.188,0.121,3.66e-29,"CRAT"
"FAM72D",1.99e-33,-1.534,0.026,0.063,3.7e-29,"FAM72D"
"FAM72C",2.04e-33,-1.435,0.017,0.051,3.79e-29,"FAM72C"
"RFLNB",2.04e-33,0.894,0.088,0.043,3.8e-29,"RFLNB"
"MYEF2",2.1e-33,0.255,0.835,0.785,3.92e-29,"MYEF2"
"ENSG00000279369",2.11e-33,-0.761,0.057,0.107,3.92e-29,"ENSG00000279369"
"YBEY",2.17e-33,0.49,0.24,0.164,4.04e-29,"YBEY"
"RIC1",2.2e-33,0.37,0.627,0.542,4.1e-29,"RIC1"
"ABHD16A",2.25e-33,0.453,0.354,0.264,4.2e-29,"ABHD16A"
"TBC1D17",2.35e-33,0.655,0.159,0.097,4.37e-29,"TBC1D17"
"SOCS2",2.44e-33,0.536,0.169,0.105,4.53e-29,"SOCS2"
"ZC3H14",2.53e-33,0.309,0.715,0.652,4.72e-29,"ZC3H14"
"UBL4A",2.69e-33,0.568,0.2,0.129,5.01e-29,"UBL4A"
"SPOCK3",2.74e-33,-1.224,0.021,0.057,5.1e-29,"SPOCK3"
"TTC28",2.74e-33,-0.173,0.977,0.974,5.11e-29,"TTC28"
"MANEA",2.86e-33,0.621,0.229,0.157,5.33e-29,"MANEA"
"NAPRT",2.86e-33,0.867,0.145,0.087,5.33e-29,"NAPRT"
"ADAMTS10",2.9e-33,-0.34,0.242,0.323,5.4e-29,"ADAMTS10"
"SNAI3",3.04e-33,0.81,0.078,0.036,5.66e-29,"SNAI3"
"MAF1",3.05e-33,0.438,0.522,0.436,5.68e-29,"MAF1"
"FBXO44",3.24e-33,0.515,0.175,0.109,6.03e-29,"FBXO44"
"ASB1",3.26e-33,0.567,0.173,0.108,6.06e-29,"ASB1"
"ATP1B3",3.28e-33,0.3,0.783,0.741,6.1e-29,"ATP1B3"
"VPS16",3.63e-33,0.47,0.271,0.19,6.75e-29,"VPS16"
"CEBPZ",3.8e-33,0.379,0.511,0.421,7.08e-29,"CEBPZ"
"NUBP2",3.88e-33,0.491,0.34,0.254,7.21e-29,"NUBP2"
"GNA11",4.05e-33,0.49,0.36,0.272,7.53e-29,"GNA11"
"CIBAR1",4.07e-33,0.377,0.567,0.484,7.58e-29,"CIBAR1"
"GLCCI1",4.31e-33,-0.14,0.878,0.872,8.03e-29,"GLCCI1"
"AKTIP",4.35e-33,0.439,0.298,0.212,8.1e-29,"AKTIP"
"NAALAD2",4.45e-33,0.977,0.076,0.034,8.29e-29,"NAALAD2"
"SPG7",4.45e-33,0.377,0.551,0.469,8.29e-29,"SPG7"
"OTUD5",4.47e-33,0.371,0.531,0.44,8.31e-29,"OTUD5"
"MICU3",4.64e-33,0.4,0.613,0.52,8.64e-29,"MICU3"
"VPS72",4.68e-33,0.387,0.524,0.436,8.71e-29,"VPS72"
"JAM2",4.78e-33,0.288,0.544,0.434,8.89e-29,"JAM2"
"DNAJC30",4.84e-33,0.534,0.181,0.114,9.02e-29,"DNAJC30"
"ADSS1",4.87e-33,2.183,0.03,0.006,9.07e-29,"ADSS1"
"USP51",4.88e-33,0.724,0.108,0.058,9.09e-29,"USP51"
"UBE2B",5.13e-33,0.28,0.843,0.81,9.56e-29,"UBE2B"
"RTCA",5.22e-33,0.438,0.443,0.352,9.72e-29,"RTCA"
"ABCA8",5.3e-33,3.61,0.019,0.001,9.87e-29,"ABCA8"
"MINDY4",5.33e-33,1.271,0.052,0.019,9.92e-29,"MINDY4"
"TMEM14B",5.48e-33,0.208,0.882,0.859,1.02e-28,"TMEM14B"
"AKT1",6.34e-33,0.441,0.481,0.393,1.18e-28,"AKT1"
"KCNMA1",6.38e-33,1.583,0.077,0.036,1.19e-28,"KCNMA1"
"ZNF474",6.68e-33,3.546,0.021,0.002,1.24e-28,"ZNF474"
"CNTROB",6.75e-33,-0.474,0.159,0.229,1.26e-28,"CNTROB"
"SCARF2",6.8e-33,0.778,0.1,0.052,1.27e-28,"SCARF2"
"TMEM216",6.96e-33,0.806,0.129,0.074,1.29e-28,"TMEM216"
"YJU2B",6.99e-33,0.434,0.366,0.277,1.3e-28,"YJU2B"
"GXYLT2",7.11e-33,0.771,0.065,0.027,1.32e-28,"GXYLT2"
"N6AMT1",7.14e-33,0.651,0.136,0.079,1.33e-28,"N6AMT1"
"MFSD12",7.61e-33,0.47,0.166,0.102,1.42e-28,"MFSD12"
"KCNJ4",7.64e-33,3.156,0.022,0.003,1.42e-28,"KCNJ4"
"KNTC1",7.8e-33,-0.591,0.217,0.288,1.45e-28,"KNTC1"
"TICRR",7.86e-33,-0.707,0.112,0.174,1.46e-28,"TICRR"
"TAF6",8.35e-33,0.459,0.345,0.259,1.55e-28,"TAF6"
"MRO",8.4e-33,3.518,0.021,0.002,1.56e-28,"MRO"
"ZIC3",8.42e-33,1.877,0.04,0.012,1.57e-28,"ZIC3"
"SLC25A11",8.55e-33,0.492,0.446,0.361,1.59e-28,"SLC25A11"
"SATB1",8.65e-33,0.643,0.338,0.259,1.61e-28,"SATB1"
"IRAK1",8.86e-33,0.93,0.08,0.037,1.65e-28,"IRAK1"
"SH3BP5",8.97e-33,-0.414,0.313,0.388,1.67e-28,"SH3BP5"
"BCAS4",9.03e-33,0.459,0.237,0.16,1.68e-28,"BCAS4"
"ABHD14B",9.21e-33,1.462,0.042,0.013,1.72e-28,"ABHD14B"
"DYNLT3",9.54e-33,1.022,0.124,0.071,1.77e-28,"DYNLT3"
"PTX3",1.03e-32,0.854,0.14,0.084,1.92e-28,"PTX3"
"DNAJB12",1.04e-32,0.418,0.326,0.24,1.93e-28,"DNAJB12"
"CANT1",1.09e-32,0.618,0.218,0.147,2.03e-28,"CANT1"
"F8A1",1.16e-32,0.609,0.148,0.088,2.17e-28,"F8A1"
"PLAGL1",1.22e-32,0.549,0.288,0.208,2.27e-28,"PLAGL1"
"LDLR",1.29e-32,0.45,0.303,0.222,2.4e-28,"LDLR"
"NRSN2",1.3e-32,0.614,0.211,0.141,2.42e-28,"NRSN2"
"RSF1",1.36e-32,0.227,0.953,0.95,2.52e-28,"RSF1"
"TMX2",1.44e-32,0.352,0.502,0.412,2.68e-28,"TMX2"
"RNF139",1.46e-32,0.456,0.325,0.24,2.71e-28,"RNF139"
"R3HCC1",1.46e-32,0.526,0.313,0.229,2.72e-28,"R3HCC1"
"PDCL3",1.51e-32,0.486,0.49,0.411,2.82e-28,"PDCL3"
"H6PD",1.52e-32,0.581,0.227,0.154,2.83e-28,"H6PD"
"AKAP9",1.52e-32,-0.164,0.914,0.932,2.84e-28,"AKAP9"
"LRRC7",1.54e-32,-0.638,0.534,0.576,2.87e-28,"LRRC7"
"CYB561",1.58e-32,0.927,0.065,0.027,2.95e-28,"CYB561"
"WDR76",1.59e-32,-0.431,0.229,0.306,2.97e-28,"WDR76"
"ENOSF1",1.6e-32,0.539,0.225,0.154,2.97e-28,"ENOSF1"
"SNX31",1.63e-32,1.612,0.034,0.008,3.04e-28,"SNX31"
"IPP",1.66e-32,0.464,0.321,0.237,3.09e-28,"IPP"
"PHF3",1.73e-32,0.283,0.791,0.746,3.22e-28,"PHF3"
"SZRD1",1.77e-32,0.42,0.464,0.375,3.3e-28,"SZRD1"
"CIR1",1.78e-32,0.339,0.666,0.58,3.31e-28,"CIR1"
"RPUSD2",1.84e-32,0.687,0.146,0.087,3.43e-28,"RPUSD2"
"EBP",1.84e-32,0.409,0.305,0.221,3.43e-28,"EBP"
"MSH2",1.85e-32,-0.252,0.599,0.659,3.44e-28,"MSH2"
"MRPL45",1.93e-32,0.493,0.288,0.207,3.59e-28,"MRPL45"
"SRRD",1.93e-32,0.546,0.201,0.131,3.59e-28,"SRRD"
"GLYATL2",1.93e-32,-0.496,0.373,0.442,3.6e-28,"GLYATL2"
"RNASEL",1.98e-32,1.296,0.045,0.015,3.69e-28,"RNASEL"
"WDR81",2.03e-32,1.032,0.064,0.027,3.77e-28,"WDR81"
"CUL2",2.03e-32,0.339,0.577,0.492,3.77e-28,"CUL2"
"PTK7",2.03e-32,0.399,0.332,0.245,3.78e-28,"PTK7"
"LDLRAP1",2.03e-32,2.059,0.033,0.008,3.79e-28,"LDLRAP1"
"FRMD8",2.04e-32,0.727,0.117,0.065,3.79e-28,"FRMD8"
"GRIK5",2.06e-32,0.431,0.392,0.303,3.83e-28,"GRIK5"
"PSORS1C1",2.09e-32,5.263,0.017,0,3.88e-28,"PSORS1C1"
"DYNC1H1",2.1e-32,0.233,0.926,0.926,3.91e-28,"DYNC1H1"
"MTRR",2.12e-32,0.538,0.208,0.138,3.95e-28,"MTRR"
"MAP2",2.14e-32,0.423,0.998,0.999,3.98e-28,"MAP2"
"MRPL1",2.14e-32,0.313,0.5,0.406,3.98e-28,"MRPL1"
"CIBAR2",2.19e-32,3.563,0.02,0.002,4.07e-28,"CIBAR2"
"SOWAHC",2.44e-32,0.533,0.222,0.15,4.53e-28,"SOWAHC"
"ASMTL",2.47e-32,0.799,0.128,0.074,4.6e-28,"ASMTL"
"RSAD1",2.47e-32,0.532,0.166,0.102,4.6e-28,"RSAD1"
"SF1",2.54e-32,0.276,0.82,0.794,4.72e-28,"SF1"
"UTP25",2.84e-32,0.622,0.131,0.075,5.28e-28,"UTP25"
"SAP30BP",2.97e-32,0.412,0.505,0.421,5.52e-28,"SAP30BP"
"PAK1",3e-32,-0.372,0.328,0.402,5.58e-28,"PAK1"
"ALAS1",3.13e-32,0.523,0.243,0.167,5.82e-28,"ALAS1"
"MRPL23",3.19e-32,0.557,0.2,0.131,5.93e-28,"MRPL23"
"SDR39U1",3.22e-32,0.461,0.346,0.261,5.99e-28,"SDR39U1"
"DESI2",3.25e-32,0.29,0.583,0.489,6.05e-28,"DESI2"
"CCNH",3.38e-32,-0.288,0.828,0.847,6.29e-28,"CCNH"
"CDC16",3.41e-32,0.345,0.557,0.468,6.35e-28,"CDC16"
"SCLY",3.48e-32,0.403,0.302,0.219,6.47e-28,"SCLY"
"CCNG1",3.49e-32,0.438,0.436,0.346,6.49e-28,"CCNG1"
"C1GALT1",3.52e-32,0.412,0.402,0.31,6.56e-28,"C1GALT1"
"TCF12",3.68e-32,0.46,0.991,0.984,6.85e-28,"TCF12"
"POLE3",3.69e-32,0.468,0.334,0.25,6.86e-28,"POLE3"
"NXPH1",3.9e-32,0.388,0.325,0.244,7.26e-28,"NXPH1"
"CHORDC1",4.05e-32,0.406,0.471,0.383,7.54e-28,"CHORDC1"
"DGKA",4.05e-32,0.72,0.119,0.067,7.55e-28,"DGKA"
"PRMT2",4.08e-32,0.258,0.794,0.763,7.6e-28,"PRMT2"
"NOCT",4.33e-32,-0.284,0.246,0.325,8.06e-28,"NOCT"
"AEBP2",4.69e-32,0.31,0.642,0.577,8.73e-28,"AEBP2"
"DYRK1B",4.97e-32,0.544,0.213,0.142,9.25e-28,"DYRK1B"
"TMEM17",5.13e-32,0.819,0.085,0.042,9.55e-28,"TMEM17"
"PNP",5.14e-32,0.757,0.13,0.075,9.56e-28,"PNP"
"RNF10",5.23e-32,0.356,0.626,0.554,9.73e-28,"RNF10"
"POLR2H",5.27e-32,0.426,0.497,0.417,9.8e-28,"POLR2H"
"B3GNTL1",5.5e-32,0.839,0.091,0.046,1.02e-27,"B3GNTL1"
"WDR26",5.51e-32,0.36,0.648,0.578,1.03e-27,"WDR26"
"UTP15",5.62e-32,0.718,0.136,0.08,1.05e-27,"UTP15"
"ARHGAP44",5.66e-32,-1.206,0.035,0.076,1.05e-27,"ARHGAP44"
"MMACHC",5.79e-32,0.871,0.058,0.023,1.08e-27,"MMACHC"
"ALDH3B1",5.99e-32,2.634,0.025,0.004,1.11e-27,"ALDH3B1"
"LONP2",6.01e-32,0.3,0.704,0.636,1.12e-27,"LONP2"
"GPD1",6.51e-32,1.319,0.167,0.112,1.21e-27,"GPD1"
"ZNRD2",6.73e-32,0.625,0.16,0.099,1.25e-27,"ZNRD2"
"SH3BGRL3",6.85e-32,0.287,0.742,0.673,1.27e-27,"SH3BGRL3"
"CDKN2B",7.03e-32,1.404,0.058,0.023,1.31e-27,"CDKN2B"
"ATP13A5",7.24e-32,1.741,0.051,0.019,1.35e-27,"ATP13A5"
"FUT9",7.33e-32,0.525,0.618,0.546,1.36e-27,"FUT9"
"KATNB1",7.67e-32,0.552,0.163,0.101,1.43e-27,"KATNB1"
"POLR1B",7.7e-32,0.515,0.252,0.176,1.43e-27,"POLR1B"
"ARHGAP12",7.71e-32,0.283,0.74,0.676,1.44e-27,"ARHGAP12"
"CCT6B",7.76e-32,0.935,0.085,0.042,1.44e-27,"CCT6B"
"C3orf38",7.97e-32,0.384,0.584,0.499,1.48e-27,"C3orf38"
"RNF41",8.02e-32,0.473,0.338,0.253,1.49e-27,"RNF41"
"PNMA8A",8.24e-32,0.643,0.194,0.126,1.53e-27,"PNMA8A"
"MAP3K3",8.27e-32,-0.41,0.259,0.335,1.54e-27,"MAP3K3"
"GDF15",8.62e-32,3.14,0.029,0.006,1.6e-27,"GDF15"
"GAREM2",8.82e-32,0.635,0.208,0.14,1.64e-27,"GAREM2"
"ZNF43",9.23e-32,-0.246,0.609,0.66,1.72e-27,"ZNF43"
"SYCP3",9.4e-32,0.868,0.127,0.073,1.75e-27,"SYCP3"
"LFNG",9.53e-32,1.275,0.078,0.037,1.77e-27,"LFNG"
"PAF1",9.57e-32,0.493,0.289,0.209,1.78e-27,"PAF1"
"GSK3B",9.64e-32,-0.107,0.948,0.964,1.79e-27,"GSK3B"
"MTHFD1",1.01e-31,0.371,0.348,0.261,1.89e-27,"MTHFD1"
"GAL3ST3",1.01e-31,0.77,0.094,0.048,1.89e-27,"GAL3ST3"
"CTF1",1.02e-31,1.647,0.039,0.011,1.91e-27,"CTF1"
"ZNF91",1.03e-31,-0.185,0.826,0.859,1.92e-27,"ZNF91"
"WBP11",1.03e-31,0.362,0.581,0.509,1.93e-27,"WBP11"
"MKKS",1.05e-31,0.55,0.199,0.131,1.96e-27,"MKKS"
"EMSY",1.06e-31,-0.276,0.58,0.634,1.97e-27,"EMSY"
"KDM3B",1.13e-31,0.344,0.719,0.667,2.1e-27,"KDM3B"
"APLNR",1.13e-31,7.806,0.015,0,2.1e-27,"APLNR"
"RRP1",1.13e-31,0.583,0.203,0.135,2.1e-27,"RRP1"
"PDCL2",1.14e-31,-2.158,0.01,0.038,2.12e-27,"PDCL2"
"GORASP1",1.19e-31,0.745,0.137,0.081,2.21e-27,"GORASP1"
"THRAP3",1.19e-31,0.254,0.853,0.839,2.22e-27,"THRAP3"
"SHOC1",1.29e-31,0.599,0.214,0.143,2.41e-27,"SHOC1"
"IFNAR2",1.33e-31,0.611,0.179,0.115,2.47e-27,"IFNAR2"
"BCAS3",1.34e-31,0.287,0.708,0.615,2.48e-27,"BCAS3"
"EFNA2",1.36e-31,-0.333,0.195,0.27,2.53e-27,"EFNA2"
"MPPE1",1.37e-31,0.486,0.248,0.171,2.55e-27,"MPPE1"
"LYSMD3",1.44e-31,0.481,0.22,0.147,2.68e-27,"LYSMD3"
"ACBD3",1.49e-31,0.33,0.571,0.489,2.77e-27,"ACBD3"
"DNAJB1",1.51e-31,0.386,0.343,0.261,2.81e-27,"DNAJB1"
"SF3A1",1.54e-31,0.484,0.363,0.279,2.86e-27,"SF3A1"
"FKBP4",1.56e-31,0.458,0.37,0.284,2.9e-27,"FKBP4"
"SMIM10",1.57e-31,1.593,0.044,0.014,2.92e-27,"SMIM10"
"TMEM120B",1.62e-31,0.494,0.185,0.119,3.01e-27,"TMEM120B"
"TSPAN4",1.64e-31,0.501,0.198,0.129,3.05e-27,"TSPAN4"
"ANKH",1.66e-31,-0.296,0.407,0.483,3.1e-27,"ANKH"
"TSPAN9",1.68e-31,0.369,0.227,0.153,3.13e-27,"TSPAN9"
"CCDC65",1.72e-31,0.433,0.361,0.27,3.2e-27,"CCDC65"
"ACTR10",1.72e-31,0.303,0.732,0.677,3.21e-27,"ACTR10"
"VWA1",1.78e-31,1.327,0.058,0.024,3.31e-27,"VWA1"
"WASF1",1.85e-31,-0.282,0.604,0.663,3.44e-27,"WASF1"
"SPINT2",1.96e-31,-0.69,0.082,0.137,3.66e-27,"SPINT2"
"HMGN2",2.01e-31,-0.501,0.92,0.921,3.74e-27,"HMGN2"
"GSX2",2.18e-31,0.589,0.309,0.232,4.06e-27,"GSX2"
"SNX13",2.2e-31,0.324,0.643,0.557,4.09e-27,"SNX13"
"AKAP3",2.22e-31,1.169,0.047,0.017,4.14e-27,"AKAP3"
"MISP3",2.28e-31,0.955,0.069,0.03,4.24e-27,"MISP3"
"RAD9A",2.33e-31,0.372,0.342,0.256,4.34e-27,"RAD9A"
"CCDC115",2.34e-31,0.399,0.323,0.237,4.35e-27,"CCDC115"
"RAB6A",2.34e-31,0.221,0.844,0.808,4.36e-27,"RAB6A"
"GRWD1",2.36e-31,0.631,0.138,0.081,4.39e-27,"GRWD1"
"PFKFB3",2.39e-31,0.378,0.349,0.266,4.44e-27,"PFKFB3"
"BAG5",2.42e-31,0.369,0.472,0.384,4.51e-27,"BAG5"
"PMFBP1",2.46e-31,-1.101,0.036,0.076,4.58e-27,"PMFBP1"
"ATF6",2.53e-31,0.299,0.667,0.599,4.71e-27,"ATF6"
"TMEM69",2.54e-31,0.534,0.23,0.157,4.73e-27,"TMEM69"
"CYFIP2",2.69e-31,0.349,0.671,0.605,5.01e-27,"CYFIP2"
"TIAL1",2.7e-31,0.323,0.703,0.646,5.02e-27,"TIAL1"
"WDR61",2.71e-31,0.364,0.474,0.383,5.05e-27,"WDR61"
"COP1",2.75e-31,-0.138,0.897,0.916,5.13e-27,"COP1"
"TRIM21",2.82e-31,1.365,0.054,0.021,5.25e-27,"TRIM21"
"FKTN",2.97e-31,0.333,0.511,0.416,5.54e-27,"FKTN"
"CBFA2T2",3.03e-31,-0.209,0.727,0.755,5.64e-27,"CBFA2T2"
"ATF3",3.13e-31,1.536,0.058,0.024,5.83e-27,"ATF3"
"KIF3B",3.2e-31,0.376,0.468,0.376,5.96e-27,"KIF3B"
"MTAP",3.21e-31,0.325,0.611,0.517,5.97e-27,"MTAP"
"AGAP1",3.22e-31,-0.202,0.774,0.825,6e-27,"AGAP1"
"XKR7",3.29e-31,-0.747,0.035,0.076,6.12e-27,"XKR7"
"TFAM",3.31e-31,0.395,0.534,0.455,6.17e-27,"TFAM"
"TRAPPC12",3.46e-31,0.395,0.469,0.378,6.43e-27,"TRAPPC12"
"LSM14A",3.5e-31,0.242,0.851,0.818,6.51e-27,"LSM14A"
"C19orf81",3.55e-31,0.748,0.077,0.036,6.61e-27,"C19orf81"
"PUS10",3.56e-31,0.496,0.183,0.117,6.63e-27,"PUS10"
"COPG2",3.59e-31,0.552,0.555,0.467,6.68e-27,"COPG2"
"AFF4",3.72e-31,0.31,0.902,0.88,6.92e-27,"AFF4"
"SEC22C",3.75e-31,0.398,0.493,0.405,6.99e-27,"SEC22C"
"MTFR1",3.99e-31,-0.262,0.444,0.512,7.43e-27,"MTFR1"
"JADE3",4.07e-31,-0.2,0.281,0.364,7.58e-27,"JADE3"
"PRKCA",4.31e-31,-0.367,0.934,0.924,8.02e-27,"PRKCA"
"COX18",4.48e-31,0.487,0.223,0.151,8.35e-27,"COX18"
"ATAD2",4.52e-31,-0.793,0.367,0.407,8.4e-27,"ATAD2"
"DAXX",4.62e-31,0.491,0.325,0.245,8.6e-27,"DAXX"
"AP5Z1",4.62e-31,0.534,0.162,0.1,8.61e-27,"AP5Z1"
"RIOK2",4.82e-31,0.458,0.323,0.239,8.96e-27,"RIOK2"
"DOK1",4.85e-31,0.796,0.104,0.056,9.03e-27,"DOK1"
"ZFR",4.99e-31,0.247,0.858,0.844,9.28e-27,"ZFR"
"RIPK1",5.06e-31,0.434,0.291,0.209,9.42e-27,"RIPK1"
"NANS",5.13e-31,0.436,0.189,0.122,9.54e-27,"NANS"
"ZNF320",5.2e-31,0.433,0.3,0.217,9.69e-27,"ZNF320"
"SLC30A5",5.5e-31,0.307,0.406,0.311,1.02e-26,"SLC30A5"
"SCRT2",6.12e-31,-0.503,0.051,0.098,1.14e-26,"SCRT2"
"GCHFR",6.16e-31,1.041,0.063,0.027,1.15e-26,"GCHFR"
"TOP2B",6.41e-31,-0.134,0.914,0.934,1.19e-26,"TOP2B"
"SURF6",6.43e-31,0.457,0.237,0.163,1.2e-26,"SURF6"
"CCDC136",6.63e-31,0.63,0.328,0.252,1.23e-26,"CCDC136"
"CNTN2",6.63e-31,-1.146,0.021,0.055,1.23e-26,"CNTN2"
"NUDT2",7.11e-31,0.473,0.293,0.213,1.32e-26,"NUDT2"
"DLG5",7.12e-31,0.392,0.535,0.453,1.33e-26,"DLG5"
"SMARCE1",7.13e-31,0.326,0.752,0.699,1.33e-26,"SMARCE1"
"DENND2A",7.16e-31,0.341,0.506,0.418,1.33e-26,"DENND2A"
"RLN2",7.23e-31,2.02,0.03,0.007,1.35e-26,"RLN2"
"VMP1",7.39e-31,0.322,0.695,0.626,1.38e-26,"VMP1"
"GUCD1",7.7e-31,0.624,0.219,0.15,1.43e-26,"GUCD1"
"ACTR8",7.77e-31,0.572,0.226,0.155,1.45e-26,"ACTR8"
"ZDHHC14",8.59e-31,0.516,0.326,0.243,1.6e-26,"ZDHHC14"
"AIFM2",8.92e-31,0.863,0.077,0.036,1.66e-26,"AIFM2"
"SNX1",9.55e-31,0.355,0.569,0.492,1.78e-26,"SNX1"
"ZNF429",9.99e-31,0.378,0.473,0.381,1.86e-26,"ZNF429"
"TUSC3",1.02e-30,0.254,0.67,0.598,1.9e-26,"TUSC3"
"TCF3",1.04e-30,0.409,0.631,0.555,1.93e-26,"TCF3"
"EGR2",1.09e-30,2.158,0.039,0.012,2.02e-26,"EGR2"
"KARS1",1.09e-30,0.481,0.414,0.329,2.03e-26,"KARS1"
"CHST14",1.1e-30,0.876,0.118,0.068,2.06e-26,"CHST14"
"NRIP3",1.11e-30,-0.926,0.113,0.169,2.07e-26,"NRIP3"
"FOSL1",1.11e-30,1.996,0.026,0.005,2.07e-26,"FOSL1"
"PYGO2",1.12e-30,0.683,0.137,0.082,2.09e-26,"PYGO2"
"ACTR1B",1.19e-30,0.541,0.276,0.199,2.21e-26,"ACTR1B"
"LRWD1",1.23e-30,0.505,0.185,0.12,2.29e-26,"LRWD1"
"REV3L",1.24e-30,0.294,0.913,0.895,2.31e-26,"REV3L"
"NUDT4",1.25e-30,0.642,0.339,0.262,2.33e-26,"NUDT4"
"PIANP",1.26e-30,0.581,0.248,0.175,2.35e-26,"PIANP"
"MATR3",1.31e-30,1.816,0.027,0.005,2.44e-26,"MATR3"
"ABHD8",1.36e-30,0.532,0.243,0.169,2.53e-26,"ABHD8"
"PWP1",1.36e-30,0.34,0.559,0.473,2.53e-26,"PWP1"
"DLGAP3",1.4e-30,-0.836,0.019,0.052,2.61e-26,"DLGAP3"
"DDX60L",1.41e-30,1.227,0.059,0.025,2.62e-26,"DDX60L"
"ITGB4",1.45e-30,3.255,0.021,0.003,2.69e-26,"ITGB4"
"NSRP1",1.61e-30,0.305,0.696,0.626,3e-26,"NSRP1"
"ABTB1",1.62e-30,1.478,0.046,0.016,3.02e-26,"ABTB1"
"BCDIN3D",1.69e-30,0.576,0.186,0.121,3.14e-26,"BCDIN3D"
"NXPH3",1.73e-30,2.127,0.033,0.009,3.22e-26,"NXPH3"
"API5",1.76e-30,0.351,0.619,0.546,3.27e-26,"API5"
"GKAP1",1.9e-30,0.351,0.482,0.393,3.53e-26,"GKAP1"
"ASF1A",1.92e-30,0.434,0.52,0.437,3.58e-26,"ASF1A"
"FBN3",1.93e-30,-0.473,0.064,0.115,3.59e-26,"FBN3"
"TMEM222",1.96e-30,0.477,0.297,0.216,3.65e-26,"TMEM222"
"FURIN",1.99e-30,0.827,0.088,0.044,3.7e-26,"FURIN"
"C17orf80",2.01e-30,0.378,0.285,0.204,3.74e-26,"C17orf80"
"LIAS",2.03e-30,0.359,0.258,0.18,3.78e-26,"LIAS"
"NEURL2",2.05e-30,1.279,0.044,0.015,3.81e-26,"NEURL2"
"HECTD4",2.09e-30,-0.108,0.839,0.878,3.89e-26,"HECTD4"
"SYDE1",2.21e-30,1.358,0.061,0.026,4.12e-26,"SYDE1"
"CNPY3",2.22e-30,0.502,0.266,0.191,4.14e-26,"CNPY3"
"POLR1C",2.25e-30,0.431,0.352,0.267,4.18e-26,"POLR1C"
"TBC1D14",2.42e-30,0.366,0.508,0.417,4.51e-26,"TBC1D14"
"TRIM69",2.46e-30,0.394,0.333,0.247,4.57e-26,"TRIM69"
"PTPN2",2.53e-30,0.406,0.39,0.302,4.72e-26,"PTPN2"
"MARS1",2.54e-30,0.458,0.285,0.208,4.73e-26,"MARS1"
"TRIM23",2.62e-30,0.369,0.477,0.385,4.88e-26,"TRIM23"
"RILP",2.65e-30,1.688,0.03,0.007,4.93e-26,"RILP"
"KIT",2.66e-30,-0.583,0.029,0.066,4.96e-26,"KIT"
"TMEM38B",2.73e-30,0.578,0.298,0.217,5.08e-26,"TMEM38B"
"CDC45",2.86e-30,-0.697,0.104,0.162,5.33e-26,"CDC45"
"BAZ2A",2.87e-30,0.41,0.465,0.376,5.34e-26,"BAZ2A"
"LIN54",2.91e-30,-0.478,0.34,0.4,5.41e-26,"LIN54"
"POMGNT2",3e-30,0.681,0.152,0.094,5.59e-26,"POMGNT2"
"SOCS4",3.04e-30,0.412,0.479,0.395,5.66e-26,"SOCS4"
"SAFB2",3.05e-30,0.349,0.552,0.473,5.67e-26,"SAFB2"
"ISG20L2",3.05e-30,0.421,0.247,0.172,5.69e-26,"ISG20L2"
"ATAD1",3.06e-30,0.305,0.669,0.594,5.69e-26,"ATAD1"
"CYBC1",3.14e-30,0.503,0.231,0.159,5.85e-26,"CYBC1"
"SLC46A3",3.16e-30,0.821,0.073,0.034,5.88e-26,"SLC46A3"
"UCK1",3.18e-30,0.577,0.179,0.116,5.93e-26,"UCK1"
"PRSS48",3.25e-30,1.76,0.044,0.015,6.05e-26,"PRSS48"
"ZNF783",3.28e-30,0.609,0.124,0.071,6.1e-26,"ZNF783"
"CTCF",3.3e-30,-0.228,0.646,0.687,6.14e-26,"CTCF"
"SRPK1",3.31e-30,-0.198,0.658,0.708,6.17e-26,"SRPK1"
"FAM13B",3.4e-30,-0.204,0.701,0.742,6.33e-26,"FAM13B"
"LYRM9",3.58e-30,0.477,0.132,0.077,6.67e-26,"LYRM9"
"OAZ2",3.58e-30,0.369,0.552,0.464,6.67e-26,"OAZ2"
"MT-TC",3.64e-30,0.913,0.092,0.048,6.77e-26,"MT-TC"
"ACOT8",3.88e-30,0.533,0.182,0.118,7.21e-26,"ACOT8"
"PEMT",4.04e-30,0.542,0.229,0.159,7.51e-26,"PEMT"
"PHKG1",4.14e-30,0.866,0.122,0.072,7.7e-26,"PHKG1"
"PROCR",4.22e-30,1.35,0.054,0.021,7.86e-26,"PROCR"
"DCAF11",4.25e-30,0.494,0.228,0.157,7.91e-26,"DCAF11"
"PREB",4.28e-30,0.801,0.13,0.077,7.96e-26,"PREB"
"KANTR",4.61e-30,-0.347,0.462,0.527,8.58e-26,"KANTR"
"PAXBP1",4.65e-30,0.312,0.791,0.766,8.65e-26,"PAXBP1"
"PUSL1",4.67e-30,0.657,0.105,0.057,8.69e-26,"PUSL1"
"AGFG2",4.69e-30,0.602,0.116,0.066,8.73e-26,"AGFG2"
"ULK3",4.8e-30,0.556,0.146,0.089,8.93e-26,"ULK3"
"CDKN3",4.92e-30,-0.554,0.206,0.272,9.16e-26,"CDKN3"
"TSR2",5.05e-30,0.48,0.336,0.255,9.4e-26,"TSR2"
"NUDT18",5.81e-30,1.728,0.029,0.007,1.08e-25,"NUDT18"
"DR1",5.84e-30,0.407,0.437,0.353,1.09e-25,"DR1"
"SRBD1",5.9e-30,0.285,0.478,0.382,1.1e-25,"SRBD1"
"MFHAS1",5.92e-30,0.45,0.456,0.375,1.1e-25,"MFHAS1"
"WHRN",5.92e-30,0.686,0.209,0.143,1.1e-25,"WHRN"
"FHIP2B",6.62e-30,0.623,0.135,0.08,1.23e-25,"FHIP2B"
"IRAK1BP1",6.78e-30,0.281,0.575,0.481,1.26e-25,"IRAK1BP1"
"ZNF358",7.29e-30,0.446,0.344,0.26,1.36e-25,"ZNF358"
"SLC25A15",7.48e-30,0.72,0.136,0.082,1.39e-25,"SLC25A15"
"BMX",7.76e-30,2.541,0.025,0.005,1.44e-25,"BMX"
"GFM1",7.81e-30,0.393,0.395,0.308,1.45e-25,"GFM1"
"POLR1G",7.83e-30,0.758,0.09,0.046,1.46e-25,"POLR1G"
"CBR4",7.92e-30,0.335,0.706,0.647,1.47e-25,"CBR4"
"ARHGEF39",8e-30,-1.142,0.041,0.081,1.49e-25,"ARHGEF39"
"ELN",8.14e-30,1.065,0.086,0.044,1.52e-25,"ELN"
"AMPD2",8.64e-30,0.795,0.106,0.058,1.61e-25,"AMPD2"
"VPS39",8.75e-30,0.353,0.36,0.271,1.63e-25,"VPS39"
"DUSP15",8.89e-30,0.891,0.068,0.031,1.65e-25,"DUSP15"
"TRIM73",9.15e-30,0.681,0.123,0.071,1.7e-25,"TRIM73"
"MCL1",9.26e-30,0.343,0.655,0.591,1.72e-25,"MCL1"
"PDE5A",9.34e-30,-1.127,0.349,0.413,1.74e-25,"PDE5A"
"TARBP2",9.56e-30,0.758,0.093,0.049,1.78e-25,"TARBP2"
"ALS2",9.61e-30,0.375,0.43,0.342,1.79e-25,"ALS2"
"ST8SIA4",9.94e-30,0.103,0.36,0.475,1.85e-25,"ST8SIA4"
"EML1",9.99e-30,0.308,0.305,0.222,1.86e-25,"EML1"
"ABCB11",9.99e-30,0.863,0.07,0.032,1.86e-25,"ABCB11"
"SFXN3",1.01e-29,0.668,0.096,0.051,1.88e-25,"SFXN3"
"OSTF1",1.02e-29,0.603,0.109,0.061,1.9e-25,"OSTF1"
"TNKS",1.05e-29,-0.123,0.9,0.923,1.95e-25,"TNKS"
"PMPCB",1.06e-29,0.36,0.55,0.466,1.98e-25,"PMPCB"
"SMC3",1.08e-29,-0.169,0.871,0.883,2.01e-25,"SMC3"
"ZNF711",1.13e-29,-0.134,0.589,0.659,2.1e-25,"ZNF711"
"DHRS12",1.19e-29,0.747,0.103,0.057,2.21e-25,"DHRS12"
"ENSG00000279606",1.21e-29,1.791,0.036,0.011,2.25e-25,"ENSG00000279606"
"UBE3B",1.21e-29,0.407,0.31,0.227,2.26e-25,"UBE3B"
"PLOD1",1.22e-29,0.397,0.142,0.086,2.27e-25,"PLOD1"
"EXOC7",1.23e-29,0.375,0.423,0.334,2.29e-25,"EXOC7"
"TRMT10B",1.24e-29,0.38,0.372,0.285,2.32e-25,"TRMT10B"
"FAIM",1.27e-29,1.014,0.092,0.049,2.36e-25,"FAIM"
"MGRN1",1.3e-29,0.392,0.441,0.352,2.41e-25,"MGRN1"
"UTP11",1.35e-29,0.41,0.457,0.373,2.51e-25,"UTP11"
"NR4A1",1.44e-29,0.963,0.095,0.051,2.68e-25,"NR4A1"
"ARC",1.51e-29,1.336,0.079,0.039,2.82e-25,"ARC"
"POU3F3",1.52e-29,0.311,0.886,0.854,2.84e-25,"POU3F3"
"KCTD13",1.54e-29,0.63,0.416,0.333,2.87e-25,"KCTD13"
"ZNF561",1.58e-29,0.493,0.253,0.18,2.95e-25,"ZNF561"
"FBXO4",1.6e-29,1.14,0.056,0.023,2.98e-25,"FBXO4"
"UST",1.72e-29,0.643,0.255,0.184,3.21e-25,"UST"
"CAMK1D",1.77e-29,-0.104,0.603,0.675,3.29e-25,"CAMK1D"
"KCTD18",1.81e-29,0.581,0.163,0.104,3.37e-25,"KCTD18"
"CDK9",1.85e-29,0.552,0.221,0.152,3.45e-25,"CDK9"
"TTC4",1.91e-29,0.381,0.258,0.181,3.56e-25,"TTC4"
"ACOT7",1.92e-29,-0.264,0.359,0.434,3.56e-25,"ACOT7"
"POFUT1",1.97e-29,0.509,0.196,0.13,3.66e-25,"POFUT1"
"ANK2",2.03e-29,0.157,0.943,0.973,3.77e-25,"ANK2"
"COQ5",2.1e-29,0.488,0.259,0.185,3.91e-25,"COQ5"
"FAM102A",2.2e-29,0.53,0.242,0.171,4.09e-25,"FAM102A"
"ATG2A",2.2e-29,0.575,0.145,0.088,4.1e-25,"ATG2A"
"PELO",2.37e-29,0.535,0.157,0.098,4.4e-25,"PELO"
"ABCA12",2.4e-29,-1.078,0.047,0.089,4.47e-25,"ABCA12"
"SREK1",2.55e-29,0.32,0.691,0.625,4.75e-25,"SREK1"
"SLC16A1",2.6e-29,0.221,0.492,0.398,4.85e-25,"SLC16A1"
"CTBP1",2.75e-29,0.429,0.405,0.32,5.12e-25,"CTBP1"
"MYO5C",2.79e-29,1.219,0.063,0.028,5.18e-25,"MYO5C"
"ZNF507",2.8e-29,0.38,0.344,0.262,5.21e-25,"ZNF507"
"CARF",2.81e-29,0.363,0.313,0.232,5.22e-25,"CARF"
"TUBA1B",2.84e-29,-0.676,0.933,0.946,5.29e-25,"TUBA1B"
"MED16",2.97e-29,0.558,0.184,0.121,5.53e-25,"MED16"
"DGKZ",2.99e-29,0.513,0.279,0.204,5.56e-25,"DGKZ"
"UNC45A",3e-29,0.467,0.261,0.185,5.59e-25,"UNC45A"
"NRG1",3.01e-29,0.674,0.215,0.148,5.59e-25,"NRG1"
"SLK",3.02e-29,0.384,0.465,0.381,5.61e-25,"SLK"
"SDHAF4",3.07e-29,0.508,0.201,0.135,5.71e-25,"SDHAF4"
"ELMOD2",3.11e-29,0.415,0.412,0.328,5.8e-25,"ELMOD2"
"PSMG3",3.15e-29,0.461,0.35,0.269,5.87e-25,"PSMG3"
"RAB30",3.39e-29,0.387,0.515,0.428,6.3e-25,"RAB30"
"SYF2",3.55e-29,0.348,0.658,0.592,6.62e-25,"SYF2"
"SMCO4",3.61e-29,1.092,0.053,0.021,6.71e-25,"SMCO4"
"DDX42",3.67e-29,0.349,0.615,0.551,6.82e-25,"DDX42"
"POC1A",3.74e-29,-0.535,0.11,0.169,6.95e-25,"POC1A"
"MMP15",3.74e-29,0.548,0.171,0.11,6.96e-25,"MMP15"
"YTHDF2",3.82e-29,0.322,0.776,0.738,7.12e-25,"YTHDF2"
"ZDHHC6",3.83e-29,0.426,0.321,0.24,7.13e-25,"ZDHHC6"
"HIRIP3",3.85e-29,-0.456,0.261,0.331,7.16e-25,"HIRIP3"
"TBC1D23",3.87e-29,0.354,0.512,0.425,7.21e-25,"TBC1D23"
"CLCN4",3.94e-29,0.358,0.104,0.056,7.33e-25,"CLCN4"
"ZBTB16",3.97e-29,-0.46,0.144,0.208,7.4e-25,"ZBTB16"
"PFDN2",3.98e-29,0.292,0.913,0.901,7.4e-25,"PFDN2"
"GFOD2",3.98e-29,-0.295,0.384,0.453,7.41e-25,"GFOD2"
"ZFYVE19",3.98e-29,0.692,0.098,0.053,7.41e-25,"ZFYVE19"
"THNSL1",4.11e-29,0.522,0.118,0.068,7.64e-25,"THNSL1"
"RGS14",4.12e-29,0.919,0.059,0.025,7.68e-25,"RGS14"
"SLC22A18",4.13e-29,2.756,0.019,0.002,7.7e-25,"SLC22A18"
"PTH2R",4.17e-29,2.423,0.04,0.013,7.76e-25,"PTH2R"
"C5orf34",4.26e-29,-0.71,0.11,0.167,7.92e-25,"C5orf34"
"CERK",4.31e-29,-0.239,0.41,0.482,8.02e-25,"CERK"
"R3HDM4",4.47e-29,0.552,0.172,0.111,8.33e-25,"R3HDM4"
"MARVELD1",4.55e-29,1.711,0.039,0.012,8.47e-25,"MARVELD1"
"MCAT",4.67e-29,0.584,0.161,0.102,8.7e-25,"MCAT"
"ARFRP1",4.72e-29,0.408,0.184,0.119,8.78e-25,"ARFRP1"
"KATNAL2",4.9e-29,0.409,0.158,0.099,9.11e-25,"KATNAL2"
"NFS1",4.9e-29,0.596,0.122,0.071,9.11e-25,"NFS1"
"GRID2",4.93e-29,-0.618,0.397,0.305,9.18e-25,"GRID2"
"RBM38",4.98e-29,0.61,0.181,0.12,9.26e-25,"RBM38"
"ADD2",5.02e-29,-0.154,0.558,0.637,9.34e-25,"ADD2"
"HMGA2",5.05e-29,1.404,0.06,0.026,9.39e-25,"HMGA2"
"PM20D2",5.19e-29,0.473,0.347,0.268,9.66e-25,"PM20D2"
"SCYL1",5.33e-29,0.417,0.237,0.166,9.92e-25,"SCYL1"
"NIPSNAP1",5.34e-29,0.373,0.366,0.282,9.93e-25,"NIPSNAP1"
"SALL1",5.47e-29,0.333,0.419,0.329,1.02e-24,"SALL1"
"FAM163B",5.51e-29,-3.334,0.002,0.019,1.03e-24,"FAM163B"
"ARL2BP",5.68e-29,0.287,0.691,0.631,1.06e-24,"ARL2BP"
"ABHD13",5.75e-29,0.445,0.262,0.186,1.07e-24,"ABHD13"
"CDK20",5.84e-29,0.84,0.066,0.03,1.09e-24,"CDK20"
"PLXNA1",5.99e-29,0.501,0.148,0.092,1.11e-24,"PLXNA1"
"PMS2",6.19e-29,0.436,0.241,0.168,1.15e-24,"PMS2"
"CAAP1",6.25e-29,0.392,0.458,0.373,1.16e-24,"CAAP1"
"TRABD",6.54e-29,0.593,0.189,0.126,1.22e-24,"TRABD"
"TADA2B",6.61e-29,0.555,0.154,0.097,1.23e-24,"TADA2B"
"NAGK",6.61e-29,0.408,0.414,0.33,1.23e-24,"NAGK"
"HMG20A",6.76e-29,0.345,0.492,0.4,1.26e-24,"HMG20A"
"MICAL1",6.79e-29,-0.436,0.136,0.199,1.26e-24,"MICAL1"
"TENT5A",6.88e-29,1.355,0.052,0.021,1.28e-24,"TENT5A"
"DOK6",6.98e-29,0.363,0.324,0.243,1.3e-24,"DOK6"
"SPTLC1",7.03e-29,0.316,0.574,0.494,1.31e-24,"SPTLC1"
"NLGN2",7.07e-29,0.518,0.321,0.244,1.32e-24,"NLGN2"
"COMMD2",7.17e-29,0.328,0.645,0.573,1.33e-24,"COMMD2"
"WDR75",7.35e-29,0.417,0.394,0.31,1.37e-24,"WDR75"
"EMC1",7.38e-29,0.454,0.286,0.209,1.37e-24,"EMC1"
"TCN2",7.52e-29,0.683,0.093,0.049,1.4e-24,"TCN2"
"SS18L1",8.37e-29,-0.301,0.319,0.393,1.56e-24,"SS18L1"
"CAMK2N1",8.37e-29,0.388,0.842,0.79,1.56e-24,"CAMK2N1"
"INTS14",8.61e-29,0.473,0.255,0.182,1.6e-24,"INTS14"
"NCKAP5L",8.81e-29,0.462,0.294,0.216,1.64e-24,"NCKAP5L"
"POLR3G",9.02e-29,0.62,0.075,0.037,1.68e-24,"POLR3G"
"SLC5A3",9.13e-29,0.512,0.295,0.219,1.7e-24,"SLC5A3"
"SHQ1",9.44e-29,0.487,0.2,0.134,1.76e-24,"SHQ1"
"SULF2",9.58e-29,0.91,0.147,0.093,1.78e-24,"SULF2"
"ZNF207",9.61e-29,0.276,0.77,0.731,1.79e-24,"ZNF207"
"UQCRC1",9.62e-29,0.372,0.484,0.399,1.79e-24,"UQCRC1"
"POLR3E",1.01e-28,0.505,0.196,0.131,1.89e-24,"POLR3E"
"RPF2",1.02e-28,0.408,0.314,0.234,1.9e-24,"RPF2"
"GALM",1.02e-28,0.446,0.211,0.143,1.9e-24,"GALM"
"ZNF213",1.08e-28,0.465,0.239,0.167,2e-24,"ZNF213"
"CD46",1.08e-28,-0.238,0.677,0.725,2e-24,"CD46"
"GAD1",1.13e-28,0.197,0.584,0.724,2.11e-24,"GAD1"
"RAD51C",1.15e-28,0.486,0.244,0.174,2.14e-24,"RAD51C"
"LRRC26",1.17e-28,-1.043,0.018,0.049,2.18e-24,"LRRC26"
"C2CD5",1.19e-28,-0.172,0.571,0.631,2.22e-24,"C2CD5"
"NUB1",1.23e-28,0.375,0.432,0.342,2.28e-24,"NUB1"
"TBC1D13",1.29e-28,0.534,0.204,0.138,2.41e-24,"TBC1D13"
"METTL13",1.31e-28,0.581,0.161,0.102,2.44e-24,"METTL13"
"TMEM234",1.33e-28,0.581,0.115,0.066,2.48e-24,"TMEM234"
"LPXN",1.36e-28,0.448,0.177,0.115,2.53e-24,"LPXN"
"C2orf69",1.37e-28,-0.413,0.304,0.37,2.55e-24,"C2orf69"
"TRIM66",1.43e-28,0.548,0.139,0.085,2.65e-24,"TRIM66"
"TMED3",1.51e-28,0.246,0.297,0.215,2.82e-24,"TMED3"
"GOLM1",1.58e-28,0.258,0.844,0.815,2.94e-24,"GOLM1"
"GNPNAT1",1.62e-28,0.462,0.304,0.228,3.01e-24,"GNPNAT1"
"FBXW2",1.63e-28,0.386,0.475,0.391,3.03e-24,"FBXW2"
"CFAP410",1.65e-28,0.511,0.187,0.123,3.06e-24,"CFAP410"
"CCZ1",1.65e-28,0.402,0.52,0.434,3.08e-24,"CCZ1"
"SPR",1.69e-28,1.757,0.035,0.01,3.15e-24,"SPR"
"GNA12",1.71e-28,0.354,0.58,0.5,3.19e-24,"GNA12"
"EARS2",1.72e-28,0.534,0.12,0.07,3.2e-24,"EARS2"
"EYA2",1.73e-28,1.508,0.046,0.017,3.22e-24,"EYA2"
"LRGUK",1.81e-28,0.331,0.256,0.183,3.37e-24,"LRGUK"
"C15orf39",1.82e-28,1.609,0.036,0.011,3.39e-24,"C15orf39"
"APBA1",1.87e-28,0.374,0.603,0.522,3.49e-24,"APBA1"
"RTTN",1.87e-28,-0.409,0.357,0.423,3.49e-24,"RTTN"
"CASP9",1.9e-28,0.672,0.145,0.09,3.54e-24,"CASP9"
"RAD51",1.95e-28,-0.601,0.112,0.169,3.64e-24,"RAD51"
"MACIR",1.96e-28,0.504,0.393,0.316,3.64e-24,"MACIR"
"CCDC107",1.97e-28,0.394,0.434,0.347,3.67e-24,"CCDC107"
"HBP1",2.02e-28,0.389,0.499,0.416,3.75e-24,"HBP1"
"FZD1",2.03e-28,0.744,0.113,0.065,3.78e-24,"FZD1"
"FAM217B",2.07e-28,0.347,0.375,0.286,3.85e-24,"FAM217B"
"TRAIP",2.11e-28,-0.908,0.056,0.1,3.94e-24,"TRAIP"
"SPATA2L",2.15e-28,0.731,0.099,0.054,4.01e-24,"SPATA2L"
"PRKACB",2.17e-28,0.228,0.758,0.694,4.04e-24,"PRKACB"
"KDELR3",2.25e-28,0.991,0.071,0.034,4.19e-24,"KDELR3"
"CRIP2",2.38e-28,0.347,0.507,0.429,4.44e-24,"CRIP2"
"ERMARD",2.43e-28,0.572,0.195,0.132,4.52e-24,"ERMARD"
"NBPF10",2.45e-28,0.692,0.157,0.101,4.55e-24,"NBPF10"
"RPE",2.45e-28,0.472,0.382,0.299,4.56e-24,"RPE"
"PQBP1",2.46e-28,0.365,0.576,0.498,4.57e-24,"PQBP1"
"GJC1",2.65e-28,-0.465,0.271,0.336,4.93e-24,"GJC1"
"C16orf86",2.71e-28,2.008,0.026,0.005,5.04e-24,"C16orf86"
"CTTNBP2",2.93e-28,0.622,0.108,0.061,5.46e-24,"CTTNBP2"
"RPS6KA4",2.98e-28,0.885,0.067,0.031,5.54e-24,"RPS6KA4"
"GALNT15",2.98e-28,2.272,0.029,0.007,5.55e-24,"GALNT15"
"ZNF732",3.02e-28,-1.206,0.038,0.076,5.61e-24,"ZNF732"
"DAP3",3.04e-28,0.331,0.576,0.497,5.65e-24,"DAP3"
"SPECC1L",3.18e-28,-0.187,0.764,0.79,5.92e-24,"SPECC1L"
"ABLIM3",3.2e-28,-2.229,0.004,0.023,5.96e-24,"ABLIM3"
"NANP",3.38e-28,0.886,0.105,0.059,6.29e-24,"NANP"
"TIMM21",3.65e-28,0.362,0.257,0.183,6.8e-24,"TIMM21"
"TEAD3",3.7e-28,0.719,0.128,0.078,6.89e-24,"TEAD3"
"SIN3B",3.9e-28,0.445,0.362,0.278,7.26e-24,"SIN3B"
"IPMK",3.97e-28,-0.335,0.371,0.438,7.39e-24,"IPMK"
"HRAS",4.06e-28,0.449,0.495,0.415,7.55e-24,"HRAS"
"GSR",4.15e-28,0.38,0.346,0.263,7.72e-24,"GSR"
"MBD6",4.15e-28,0.629,0.186,0.124,7.72e-24,"MBD6"
"IDNK",4.2e-28,0.605,0.212,0.147,7.81e-24,"IDNK"
"SNX33",4.23e-28,1.317,0.056,0.024,7.87e-24,"SNX33"
"TCFL5",4.26e-28,0.472,0.268,0.195,7.94e-24,"TCFL5"
"TJP2",4.4e-28,0.649,0.144,0.091,8.18e-24,"TJP2"
"AMBN",4.46e-28,-1.499,0.008,0.031,8.29e-24,"AMBN"
"CCNB1",4.62e-28,-0.499,0.162,0.222,8.61e-24,"CCNB1"
"ILF2",4.63e-28,0.292,0.82,0.789,8.61e-24,"ILF2"
"C1orf50",4.71e-28,0.442,0.314,0.233,8.77e-24,"C1orf50"
"MZF1",4.8e-28,0.463,0.225,0.158,8.93e-24,"MZF1"
"GALNT4",4.8e-28,0.659,0.1,0.055,8.93e-24,"GALNT4"
"LZTS3",4.92e-28,0.511,0.091,0.048,9.17e-24,"LZTS3"
"FBXO17",5.12e-28,0.437,0.252,0.18,9.52e-24,"FBXO17"
"MANBA",5.21e-28,0.199,0.376,0.284,9.69e-24,"MANBA"
"ATG4A",5.71e-28,0.542,0.241,0.173,1.06e-23,"ATG4A"
"LTV1",5.75e-28,0.409,0.319,0.24,1.07e-23,"LTV1"
"RNF208",5.81e-28,0.62,0.132,0.08,1.08e-23,"RNF208"
"BCAT1",5.83e-28,0.939,0.07,0.034,1.09e-23,"BCAT1"
"DHX29",6.37e-28,0.295,0.625,0.546,1.19e-23,"DHX29"
"ETNPPL",6.67e-28,6.393,0.014,0,1.24e-23,"ETNPPL"
"SOCS6",6.75e-28,0.363,0.331,0.249,1.26e-23,"SOCS6"
"MMS19",6.88e-28,0.402,0.456,0.37,1.28e-23,"MMS19"
"GGNBP2",6.98e-28,0.277,0.693,0.629,1.3e-23,"GGNBP2"
"VPS13D",7.44e-28,0.325,0.632,0.557,1.38e-23,"VPS13D"
"ACADS",7.48e-28,0.957,0.082,0.042,1.39e-23,"ACADS"
"MRPL30",7.53e-28,0.395,0.362,0.279,1.4e-23,"MRPL30"
"ZBTB8A",7.99e-28,-0.212,0.463,0.535,1.49e-23,"ZBTB8A"
"GLYR1",8.08e-28,0.305,0.603,0.533,1.5e-23,"GLYR1"
"CSMD1",8.11e-28,1.471,0.117,0.069,1.51e-23,"CSMD1"
"TSN",8.3e-28,0.326,0.556,0.477,1.55e-23,"TSN"
"PDCD11",8.33e-28,0.411,0.299,0.223,1.55e-23,"PDCD11"
"DUSP11",8.79e-28,0.405,0.324,0.243,1.64e-23,"DUSP11"
"ADGRA1",8.86e-28,1.051,0.064,0.029,1.65e-23,"ADGRA1"
"EHD4",9.4e-28,1.158,0.046,0.017,1.75e-23,"EHD4"
"CBL",9.7e-28,0.245,0.714,0.658,1.8e-23,"CBL"
"MARCHF9",1.02e-27,0.467,0.279,0.204,1.9e-23,"MARCHF9"
"RASGRF2",1.05e-27,0.656,0.138,0.085,1.95e-23,"RASGRF2"
"EEA1",1.09e-27,0.267,0.661,0.608,2.03e-23,"EEA1"
"FANCM",1.1e-27,-0.604,0.228,0.29,2.05e-23,"FANCM"
"PEX14",1.11e-27,0.284,0.441,0.346,2.06e-23,"PEX14"
"KDM2B",1.16e-27,-0.268,0.508,0.569,2.16e-23,"KDM2B"
"SEMA5B",1.17e-27,0.484,0.53,0.463,2.19e-23,"SEMA5B"
"ADAMTS7",1.18e-27,-0.487,0.093,0.148,2.2e-23,"ADAMTS7"
"SLC25A44",1.2e-27,0.518,0.171,0.111,2.23e-23,"SLC25A44"
"ZNF425",1.2e-27,0.42,0.14,0.085,2.24e-23,"ZNF425"
"INO80E",1.24e-27,0.564,0.297,0.223,2.31e-23,"INO80E"
"RP2",1.26e-27,0.44,0.314,0.238,2.34e-23,"RP2"
"ZNF577",1.3e-27,0.418,0.299,0.223,2.41e-23,"ZNF577"
"TRIM8",1.3e-27,0.5,0.259,0.189,2.42e-23,"TRIM8"
"MAK16",1.34e-27,0.476,0.171,0.111,2.5e-23,"MAK16"
"AP5S1",1.38e-27,0.76,0.082,0.042,2.56e-23,"AP5S1"
"SPINK5",1.41e-27,0.409,0.325,0.246,2.62e-23,"SPINK5"
"CNBD2",1.42e-27,0.788,0.108,0.062,2.64e-23,"CNBD2"
"INSR",1.43e-27,-0.2,0.536,0.606,2.67e-23,"INSR"
"LRRTM2",1.43e-27,0.479,0.326,0.25,2.67e-23,"LRRTM2"
"RHOXF1",1.45e-27,0.404,0.233,0.163,2.71e-23,"RHOXF1"
"DUSP6",1.46e-27,0.636,0.133,0.081,2.71e-23,"DUSP6"
"ZFAND4",1.48e-27,0.5,0.17,0.112,2.76e-23,"ZFAND4"
"MAN2B2",1.49e-27,0.549,0.124,0.073,2.78e-23,"MAN2B2"
"IGSF1",1.49e-27,0.353,0.476,0.379,2.78e-23,"IGSF1"
"FAM98C",1.53e-27,0.539,0.158,0.101,2.85e-23,"FAM98C"
"CNOT6",1.55e-27,-0.171,0.641,0.694,2.89e-23,"CNOT6"
"TBK1",1.59e-27,0.307,0.507,0.421,2.96e-23,"TBK1"
"PLEKHO2",1.62e-27,1.056,0.073,0.036,3.01e-23,"PLEKHO2"
"SAXO2",1.8e-27,0.571,0.09,0.048,3.34e-23,"SAXO2"
"VPS36",1.8e-27,0.323,0.596,0.52,3.35e-23,"VPS36"
"CCNYL1",1.82e-27,0.361,0.363,0.28,3.39e-23,"CCNYL1"
"CUL4B",1.91e-27,0.385,0.425,0.343,3.56e-23,"CUL4B"
"MED24",1.93e-27,0.447,0.386,0.305,3.6e-23,"MED24"
"LIMK1",1.94e-27,0.489,0.25,0.179,3.61e-23,"LIMK1"
"ZNF569",1.95e-27,-0.329,0.32,0.389,3.63e-23,"ZNF569"
"SLC39A13",1.95e-27,0.555,0.134,0.081,3.63e-23,"SLC39A13"
"NUDT8",1.97e-27,0.793,0.077,0.038,3.67e-23,"NUDT8"
"EIPR1",2.06e-27,0.305,0.466,0.379,3.84e-23,"EIPR1"
"FCSK",2.07e-27,0.752,0.091,0.049,3.85e-23,"FCSK"
"HPS6",2.15e-27,0.58,0.102,0.057,4e-23,"HPS6"
"METTL21A",2.2e-27,0.389,0.41,0.327,4.09e-23,"METTL21A"
"KCTD6",2.21e-27,0.501,0.235,0.167,4.11e-23,"KCTD6"
"GOLGA5",2.37e-27,0.354,0.295,0.216,4.4e-23,"GOLGA5"
"SMIM10L2A",2.37e-27,1.239,0.042,0.015,4.42e-23,"SMIM10L2A"
"PAK1IP1",2.45e-27,0.42,0.325,0.246,4.56e-23,"PAK1IP1"
"RAB37",2.46e-27,3.201,0.017,0.002,4.57e-23,"RAB37"
"ZNF404",2.53e-27,0.405,0.359,0.276,4.71e-23,"ZNF404"
"GLCE",2.54e-27,-0.448,0.365,0.425,4.73e-23,"GLCE"
"KIAA0895",2.78e-27,0.424,0.213,0.146,5.17e-23,"KIAA0895"
"PCED1A",2.8e-27,0.589,0.134,0.081,5.2e-23,"PCED1A"
"STARD3",2.81e-27,0.405,0.256,0.182,5.24e-23,"STARD3"
"GPKOW",2.88e-27,0.538,0.19,0.129,5.36e-23,"GPKOW"
"CENPX",2.9e-27,0.348,0.476,0.394,5.4e-23,"CENPX"
"SLC5A6",3.06e-27,0.774,0.085,0.045,5.69e-23,"SLC5A6"
"HELQ",3.07e-27,0.444,0.259,0.186,5.72e-23,"HELQ"
"ETFB",3.08e-27,0.184,0.562,0.483,5.73e-23,"ETFB"
"C1S",3.16e-27,0.405,0.226,0.157,5.89e-23,"C1S"
"NADSYN1",3.25e-27,0.404,0.203,0.138,6.06e-23,"NADSYN1"
"SMIM4",3.26e-27,0.413,0.45,0.365,6.06e-23,"SMIM4"
"C1orf198",3.3e-27,0.614,0.183,0.123,6.14e-23,"C1orf198"
"DDIT4L",3.31e-27,3.201,0.021,0.003,6.16e-23,"DDIT4L"
"ZNF622",3.41e-27,0.502,0.245,0.175,6.34e-23,"ZNF622"
"CEP95",3.41e-27,-0.185,0.609,0.663,6.35e-23,"CEP95"
"PNMA8C",3.44e-27,0.684,0.073,0.036,6.41e-23,"PNMA8C"
"RARG",3.44e-27,1.123,0.04,0.014,6.41e-23,"RARG"
"TBL1X",3.45e-27,-0.312,0.628,0.659,6.43e-23,"TBL1X"
"PACRGL",3.62e-27,0.292,0.383,0.294,6.74e-23,"PACRGL"
"TFB1M",3.65e-27,0.383,0.367,0.287,6.79e-23,"TFB1M"
"INHBB",3.7e-27,0.83,0.1,0.056,6.88e-23,"INHBB"
"POLA1",3.72e-27,-0.407,0.584,0.621,6.93e-23,"POLA1"
"TMEM185A",3.8e-27,0.5,0.16,0.104,7.07e-23,"TMEM185A"
"FASTKD2",3.96e-27,0.352,0.347,0.264,7.38e-23,"FASTKD2"
"CDIN1",3.97e-27,0.15,0.36,0.272,7.38e-23,"CDIN1"
"CCDC122",4e-27,2.081,0.025,0.005,7.45e-23,"CCDC122"
"GALE",4.29e-27,0.499,0.194,0.131,7.98e-23,"GALE"
"FAM98A",4.3e-27,0.365,0.389,0.306,8.01e-23,"FAM98A"
"HERPUD2",4.39e-27,0.398,0.416,0.329,8.18e-23,"HERPUD2"
"RBM41",4.58e-27,0.305,0.732,0.672,8.52e-23,"RBM41"
"PACSIN3",4.58e-27,1.091,0.081,0.042,8.53e-23,"PACSIN3"
"UGDH",4.72e-27,0.465,0.352,0.275,8.79e-23,"UGDH"
"GOLGA1",4.74e-27,0.34,0.417,0.331,8.82e-23,"GOLGA1"
"RNF13",4.76e-27,0.288,0.786,0.739,8.85e-23,"RNF13"
"ARIH2",4.86e-27,0.333,0.621,0.559,9.04e-23,"ARIH2"
"IARS1",4.9e-27,0.37,0.503,0.431,9.12e-23,"IARS1"
"BBS4",5.07e-27,0.482,0.329,0.25,9.43e-23,"BBS4"
"FGFR1OP2",5.1e-27,0.353,0.587,0.513,9.5e-23,"FGFR1OP2"
"SLC22A4",5.17e-27,0.716,0.068,0.032,9.63e-23,"SLC22A4"
"ZCWPW2",5.24e-27,0.471,0.198,0.135,9.75e-23,"ZCWPW2"
"PIGB",5.25e-27,0.41,0.222,0.153,9.77e-23,"PIGB"
"CALCRL",5.31e-27,1.479,0.04,0.014,9.89e-23,"CALCRL"
"RITA1",5.47e-27,0.595,0.121,0.072,1.02e-22,"RITA1"
"MAN1B1",5.62e-27,0.376,0.2,0.136,1.05e-22,"MAN1B1"
"RHCG",5.78e-27,1.02,0.056,0.024,1.08e-22,"RHCG"
"PIGQ",5.82e-27,0.681,0.112,0.065,1.08e-22,"PIGQ"
"PLEKHM1",6.01e-27,0.531,0.203,0.139,1.12e-22,"PLEKHM1"
"JDP2",6.27e-27,0.927,0.124,0.075,1.17e-22,"JDP2"
"PLPPR3",6.46e-27,-0.242,0.259,0.336,1.2e-22,"PLPPR3"
"CHEK2",6.48e-27,-0.645,0.15,0.208,1.21e-22,"CHEK2"
"AVL9",6.51e-27,0.332,0.655,0.583,1.21e-22,"AVL9"
"COMMD3",6.65e-27,0.347,0.573,0.49,1.24e-22,"COMMD3"
"DLG4",6.71e-27,0.499,0.255,0.184,1.25e-22,"DLG4"
"CHST12",6.8e-27,0.498,0.217,0.151,1.27e-22,"CHST12"
"PDE6B",7e-27,0.736,0.092,0.05,1.3e-22,"PDE6B"
"JRKL",7.07e-27,0.44,0.215,0.148,1.32e-22,"JRKL"
"DLL3",7.33e-27,0.45,0.317,0.413,1.37e-22,"DLL3"
"ETNK1",7.5e-27,0.3,0.742,0.689,1.4e-22,"ETNK1"
"HAUS4",7.54e-27,0.478,0.282,0.211,1.4e-22,"HAUS4"
"SPTY2D1OS",7.61e-27,0.61,0.117,0.069,1.42e-22,"SPTY2D1OS"
"ZNF677",7.68e-27,0.455,0.345,0.268,1.43e-22,"ZNF677"
"DDB2",7.84e-27,0.551,0.253,0.186,1.46e-22,"DDB2"
"SCRT1",8.02e-27,-0.444,0.057,0.103,1.49e-22,"SCRT1"
"B9D2",8.13e-27,0.725,0.12,0.072,1.51e-22,"B9D2"
"CUL4A",8.31e-27,0.34,0.583,0.507,1.55e-22,"CUL4A"
"LANCL1",8.44e-27,0.537,0.608,0.532,1.57e-22,"LANCL1"
"SENP6",8.57e-27,0.219,0.899,0.883,1.59e-22,"SENP6"
"ZNF738",9.13e-27,-0.198,0.544,0.609,1.7e-22,"ZNF738"
"ARHGAP21",9.13e-27,0.195,0.958,0.955,1.7e-22,"ARHGAP21"
"RALGAPA2",9.44e-27,-0.128,0.804,0.846,1.76e-22,"RALGAPA2"
"KCNQ5",9.83e-27,0.611,0.03,0.008,1.83e-22,"KCNQ5"
"DAAM1",1.04e-26,-0.24,0.868,0.885,1.94e-22,"DAAM1"
"C15orf61",1.06e-26,0.392,0.298,0.222,1.97e-22,"C15orf61"
"CASKIN2",1.07e-26,0.856,0.097,0.054,1.98e-22,"CASKIN2"
"TSKU",1.07e-26,0.686,0.095,0.052,2e-22,"TSKU"
"FAM104B",1.08e-26,0.423,0.309,0.234,2.02e-22,"FAM104B"
"TRMT61A",1.09e-26,0.934,0.068,0.033,2.03e-22,"TRMT61A"
"HMGXB3",1.14e-26,0.41,0.365,0.283,2.12e-22,"HMGXB3"
"B4GALT4",1.18e-26,0.41,0.25,0.181,2.19e-22,"B4GALT4"
"KICS2",1.18e-26,0.994,0.047,0.018,2.2e-22,"KICS2"
"PIGK",1.19e-26,0.383,0.368,0.286,2.21e-22,"PIGK"
"SPATS2",1.2e-26,-0.123,0.836,0.866,2.24e-22,"SPATS2"
"PSMF1",1.22e-26,0.305,0.578,0.495,2.27e-22,"PSMF1"
"ZFPL1",1.26e-26,0.504,0.192,0.13,2.34e-22,"ZFPL1"
"UNC13A",1.28e-26,-0.638,0.071,0.118,2.38e-22,"UNC13A"
"TCEAL7",1.28e-26,0.43,0.486,0.409,2.38e-22,"TCEAL7"
"ME2",1.28e-26,0.259,0.672,0.604,2.38e-22,"ME2"
"TAF1D",1.3e-26,0.32,0.685,0.63,2.41e-22,"TAF1D"
"RAI2",1.35e-26,1.078,0.229,0.177,2.51e-22,"RAI2"
"WDR3",1.37e-26,0.395,0.331,0.252,2.55e-22,"WDR3"
"TMC7",1.43e-26,0.4,0.158,0.101,2.66e-22,"TMC7"
"BID",1.6e-26,0.42,0.269,0.196,2.99e-22,"BID"
"TMEM130",1.68e-26,-1.787,0.005,0.025,3.13e-22,"TMEM130"
"RAB11B",1.68e-26,0.348,0.622,0.552,3.13e-22,"RAB11B"
"ST6GALNAC5",1.68e-26,0.352,0.593,0.483,3.13e-22,"ST6GALNAC5"
"TEFM",1.71e-26,0.338,0.393,0.306,3.18e-22,"TEFM"
"ATP9A",1.74e-26,-0.127,0.711,0.758,3.25e-22,"ATP9A"
"ESRRA",1.75e-26,0.547,0.232,0.165,3.25e-22,"ESRRA"
"BPNT1",1.77e-26,0.455,0.248,0.178,3.29e-22,"BPNT1"
"DUSP1",1.81e-26,-0.269,0.181,0.25,3.37e-22,"DUSP1"
"MUC1",1.83e-26,2.635,0.019,0.003,3.41e-22,"MUC1"
"GUCY1A1",1.84e-26,-2.782,0.005,0.024,3.43e-22,"GUCY1A1"
"PCCB",1.85e-26,0.323,0.453,0.371,3.44e-22,"PCCB"
"UBA2",1.9e-26,0.274,0.77,0.743,3.54e-22,"UBA2"
"ATP6V1B2",1.93e-26,0.456,0.4,0.323,3.6e-22,"ATP6V1B2"
"STK11IP",1.97e-26,0.742,0.077,0.039,3.68e-22,"STK11IP"
"CPEB1",2.03e-26,0.87,0.077,0.039,3.79e-22,"CPEB1"
"KCTD21",2.08e-26,0.87,0.064,0.03,3.87e-22,"KCTD21"
"TSPAN11",2.09e-26,0.515,0.308,0.235,3.88e-22,"TSPAN11"
"SPON2",2.22e-26,1.149,0.057,0.025,4.13e-22,"SPON2"
"MOCOS",2.22e-26,1.498,0.046,0.018,4.13e-22,"MOCOS"
"HTATSF1",2.23e-26,0.565,0.766,0.715,4.16e-22,"HTATSF1"
"SPATA5",2.23e-26,-0.527,0.53,0.547,4.16e-22,"SPATA5"
"PSD2",2.24e-26,-0.973,0.042,0.081,4.16e-22,"PSD2"
"INTS7",2.24e-26,-0.33,0.415,0.475,4.18e-22,"INTS7"
"ARL4C",2.28e-26,0.207,0.839,0.929,4.25e-22,"ARL4C"
"FBN2",2.3e-26,0.983,0.115,0.068,4.27e-22,"FBN2"
"TPPP",2.33e-26,0.926,0.059,0.027,4.33e-22,"TPPP"
"SLC49A4",2.37e-26,0.226,0.429,0.336,4.4e-22,"SLC49A4"
"ZNF687",2.46e-26,0.82,0.095,0.053,4.58e-22,"ZNF687"
"CMPK2",2.48e-26,-1.084,0.023,0.054,4.61e-22,"CMPK2"
"SCARB1",2.49e-26,0.509,0.16,0.104,4.64e-22,"SCARB1"
"LARP4",2.5e-26,0.311,0.642,0.575,4.65e-22,"LARP4"
"DDO",2.52e-26,4.055,0.014,0.001,4.69e-22,"DDO"
"STAT4",2.61e-26,-1.155,0.018,0.046,4.86e-22,"STAT4"
"ASB3",2.67e-26,0.251,0.798,0.768,4.97e-22,"ASB3"
"L3MBTL2",2.7e-26,0.515,0.197,0.135,5.03e-22,"L3MBTL2"
"NRGN",2.71e-26,0.242,0.091,0.049,5.04e-22,"NRGN"
"RECQL5",2.72e-26,0.72,0.077,0.039,5.06e-22,"RECQL5"
"MTPAP",2.86e-26,0.491,0.235,0.169,5.32e-22,"MTPAP"
"SH3KBP1",2.89e-26,0.264,0.425,0.336,5.38e-22,"SH3KBP1"
"SETD3",2.89e-26,0.382,0.457,0.378,5.38e-22,"SETD3"
"ALDH18A1",2.9e-26,0.345,0.34,0.26,5.39e-22,"ALDH18A1"
"HUS1",2.97e-26,0.496,0.202,0.139,5.54e-22,"HUS1"
"MPV17L2",3.15e-26,0.757,0.084,0.045,5.87e-22,"MPV17L2"
"DCTN1",3.32e-26,0.428,0.444,0.365,6.18e-22,"DCTN1"
"GFPT1",3.34e-26,-0.225,0.543,0.601,6.21e-22,"GFPT1"
"FOXO6",3.4e-26,-0.203,0.111,0.171,6.33e-22,"FOXO6"
"CLN8",3.43e-26,0.463,0.223,0.157,6.38e-22,"CLN8"
"PLA2G12A",3.73e-26,0.301,0.446,0.357,6.94e-22,"PLA2G12A"
"TLCD3B",3.89e-26,-0.152,0.118,0.179,7.25e-22,"TLCD3B"
"BCAS2",3.94e-26,0.345,0.556,0.475,7.34e-22,"BCAS2"
"COQ2",4.13e-26,0.505,0.228,0.163,7.68e-22,"COQ2"
"ZNF428",4.14e-26,0.266,0.93,0.913,7.7e-22,"ZNF428"
"CADPS2",4.23e-26,1.311,0.072,0.037,7.88e-22,"CADPS2"
"ZNF124",4.28e-26,-0.288,0.391,0.46,7.96e-22,"ZNF124"
"TMEM38A",4.41e-26,0.41,0.203,0.14,8.21e-22,"TMEM38A"
"NUMA1",4.5e-26,-0.157,0.6,0.646,8.38e-22,"NUMA1"
"RAB11FIP5",4.5e-26,0.87,0.079,0.041,8.38e-22,"RAB11FIP5"
"ANKRD28",4.52e-26,-0.105,0.716,0.755,8.41e-22,"ANKRD28"
"KPNB1",4.56e-26,0.22,0.831,0.815,8.49e-22,"KPNB1"
"MAP3K6",4.61e-26,1.799,0.024,0.005,8.57e-22,"MAP3K6"
"UBE2G1",4.67e-26,0.268,0.715,0.646,8.69e-22,"UBE2G1"
"ERN1",4.68e-26,0.415,0.151,0.096,8.71e-22,"ERN1"
"GBA",4.74e-26,0.593,0.113,0.066,8.83e-22,"GBA"
"PSTK",4.91e-26,0.39,0.276,0.203,9.13e-22,"PSTK"
"UAP1",5.02e-26,0.418,0.303,0.23,9.34e-22,"UAP1"
"CCDC153",5.24e-26,2.292,0.025,0.006,9.75e-22,"CCDC153"
"KCTD9",5.27e-26,-0.513,0.185,0.244,9.8e-22,"KCTD9"
"GOSR2",5.28e-26,0.304,0.43,0.344,9.83e-22,"GOSR2"
"UHRF2",5.36e-26,-0.236,0.604,0.648,9.97e-22,"UHRF2"
"DBF4B",5.41e-26,-0.655,0.144,0.201,1.01e-21,"DBF4B"
"EFCAB11",5.48e-26,0.171,0.265,0.189,1.02e-21,"EFCAB11"
"C12orf43",5.54e-26,0.312,0.233,0.164,1.03e-21,"C12orf43"
"SLC29A2",5.67e-26,0.784,0.06,0.028,1.06e-21,"SLC29A2"
"NOC2L",5.87e-26,0.394,0.357,0.278,1.09e-21,"NOC2L"
"CD83",5.91e-26,1.557,0.034,0.011,1.1e-21,"CD83"
"SMARCA4",5.92e-26,-0.132,0.806,0.845,1.1e-21,"SMARCA4"
"TMEM68",6.18e-26,0.409,0.378,0.298,1.15e-21,"TMEM68"
"NAV3",6.4e-26,0.116,0.841,0.896,1.19e-21,"NAV3"
"CCDC13",6.44e-26,0.851,0.064,0.03,1.2e-21,"CCDC13"
"TRMT12",6.48e-26,0.686,0.112,0.066,1.21e-21,"TRMT12"
"TMEM260",6.5e-26,0.295,0.431,0.345,1.21e-21,"TMEM260"
"C11orf80",6.66e-26,-0.291,0.564,0.614,1.24e-21,"C11orf80"
"SPEG",6.77e-26,0.702,0.095,0.053,1.26e-21,"SPEG"
"TDRP",6.89e-26,0.42,0.256,0.186,1.28e-21,"TDRP"
"LRRC4",7.04e-26,0.53,0.201,0.139,1.31e-21,"LRRC4"
"TTC39C",7.16e-26,0.352,0.342,0.258,1.33e-21,"TTC39C"
"RBM22",7.22e-26,0.344,0.529,0.451,1.34e-21,"RBM22"
"MBP",7.52e-26,-1.688,0.017,0.045,1.4e-21,"MBP"
"PLAAT1",7.86e-26,0.632,0.177,0.12,1.46e-21,"PLAAT1"
"SNRPA1",8.24e-26,0.443,0.485,0.424,1.53e-21,"SNRPA1"
"KCNH5",8.36e-26,1.732,0.038,0.013,1.56e-21,"KCNH5"
"ING1",8.49e-26,-0.328,0.287,0.352,1.58e-21,"ING1"
"ZFP30",8.57e-26,-0.179,0.626,0.678,1.59e-21,"ZFP30"
"DDX27",8.66e-26,0.417,0.346,0.269,1.61e-21,"DDX27"
"PHF5A",8.81e-26,0.39,0.511,0.434,1.64e-21,"PHF5A"
"FSD1",8.89e-26,0.405,0.262,0.191,1.65e-21,"FSD1"
"PIERCE2",9.04e-26,0.716,0.111,0.065,1.68e-21,"PIERCE2"
"CHST15",9.54e-26,1.82,0.031,0.009,1.78e-21,"CHST15"
"MYBPC1",9.98e-26,3.65,0.014,0.001,1.86e-21,"MYBPC1"
"MOV10",1e-25,0.819,0.125,0.077,1.87e-21,"MOV10"
"CXCL12",1.01e-25,0.895,0.042,0.016,1.89e-21,"CXCL12"
"C17orf67",1.03e-25,0.638,0.089,0.048,1.91e-21,"C17orf67"
"ADAM12",1.13e-25,0.226,0.089,0.048,2.09e-21,"ADAM12"
"GOLIM4",1.14e-25,0.28,0.609,0.53,2.12e-21,"GOLIM4"
"FAF1",1.15e-25,-0.155,0.906,0.919,2.15e-21,"FAF1"
"ETV2",1.22e-25,1.006,0.049,0.02,2.28e-21,"ETV2"
"SPAST",1.23e-25,-0.137,0.673,0.723,2.29e-21,"SPAST"
"CTNS",1.24e-25,0.595,0.136,0.085,2.3e-21,"CTNS"
"SST",1.25e-25,1.669,0.058,0.026,2.33e-21,"SST"
"WDR25",1.28e-25,0.349,0.334,0.253,2.38e-21,"WDR25"
"CHST2",1.28e-25,1.063,0.03,0.008,2.39e-21,"CHST2"
"PKDCC",1.29e-25,1.341,0.039,0.014,2.4e-21,"PKDCC"
"ATM",1.32e-25,0.28,0.635,0.567,2.45e-21,"ATM"
"HTRA2",1.32e-25,0.533,0.218,0.155,2.45e-21,"HTRA2"
"PAMR1",1.33e-25,1.757,0.028,0.007,2.47e-21,"PAMR1"
"FAM76A",1.33e-25,0.495,0.244,0.176,2.48e-21,"FAM76A"
"IFT46",1.34e-25,0.428,0.266,0.194,2.5e-21,"IFT46"
"NDST1",1.35e-25,0.462,0.3,0.227,2.51e-21,"NDST1"
"ZNF664",1.36e-25,0.385,0.412,0.332,2.53e-21,"ZNF664"
"SYNPO",1.36e-25,1.656,0.025,0.006,2.53e-21,"SYNPO"
"CTDSPL2",1.43e-25,-0.235,0.661,0.692,2.66e-21,"CTDSPL2"
"GSTCD",1.45e-25,0.289,0.446,0.36,2.69e-21,"GSTCD"
"FZD4",1.46e-25,1.682,0.038,0.013,2.72e-21,"FZD4"
"FKBP2",1.52e-25,1.23,0.043,0.016,2.83e-21,"FKBP2"
"ZMYND11",1.58e-25,0.21,0.805,0.761,2.94e-21,"ZMYND11"
"DLGAP4",1.58e-25,-0.141,0.739,0.78,2.95e-21,"DLGAP4"
"MDN1",1.59e-25,0.331,0.405,0.322,2.97e-21,"MDN1"
"SPNS2",1.64e-25,-1.546,0.012,0.036,3.06e-21,"SPNS2"
"HFM1",1.66e-25,-0.307,0.396,0.457,3.08e-21,"HFM1"
"BRD2",1.66e-25,0.281,0.629,0.555,3.09e-21,"BRD2"
"LRIF1",1.69e-25,0.38,0.305,0.229,3.14e-21,"LRIF1"
"CENATAC",1.74e-25,0.399,0.422,0.342,3.24e-21,"CENATAC"
"DERL1",1.76e-25,0.436,0.4,0.321,3.28e-21,"DERL1"
"GATC",1.76e-25,0.44,0.261,0.192,3.28e-21,"GATC"
"PHYKPL",1.79e-25,0.336,0.464,0.385,3.33e-21,"PHYKPL"
"SOD2",1.83e-25,0.427,0.634,0.575,3.4e-21,"SOD2"
"RNF126",1.86e-25,0.437,0.311,0.237,3.47e-21,"RNF126"
"GOLGA2",1.89e-25,0.367,0.428,0.347,3.53e-21,"GOLGA2"
"OMD",1.9e-25,-0.576,0.093,0.142,3.53e-21,"OMD"
"PIAS1",1.9e-25,-0.145,0.817,0.836,3.54e-21,"PIAS1"
"STPG2",1.91e-25,0.624,0.075,0.038,3.55e-21,"STPG2"
"ODAD3",1.95e-25,1.798,0.029,0.008,3.64e-21,"ODAD3"
"MED21",1.96e-25,0.373,0.505,0.428,3.66e-21,"MED21"
"PWWP2A",1.98e-25,0.369,0.59,0.534,3.69e-21,"PWWP2A"
"SHARPIN",1.98e-25,0.37,0.32,0.243,3.69e-21,"SHARPIN"
"IMMP2L",1.99e-25,0.384,0.622,0.534,3.71e-21,"IMMP2L"
"ACADSB",2.01e-25,0.377,0.229,0.162,3.74e-21,"ACADSB"
"NISCH",2.04e-25,0.407,0.369,0.289,3.79e-21,"NISCH"
"SDE2",2.09e-25,0.366,0.244,0.175,3.88e-21,"SDE2"
"PITPNM2",2.12e-25,0.51,0.147,0.094,3.94e-21,"PITPNM2"
"MRM1",2.12e-25,1.471,0.028,0.008,3.95e-21,"MRM1"
"ATP10A",2.17e-25,0.795,0.141,0.091,4.04e-21,"ATP10A"
"SSBP2",2.26e-25,0.302,0.985,0.979,4.2e-21,"SSBP2"
"NAT10",2.26e-25,0.435,0.273,0.201,4.21e-21,"NAT10"
"TTLL1",2.28e-25,0.372,0.313,0.236,4.25e-21,"TTLL1"
"DOHH",2.32e-25,0.563,0.128,0.079,4.32e-21,"DOHH"
"MR1",2.38e-25,2.903,0.017,0.002,4.43e-21,"MR1"
"MYO1F",2.39e-25,0.889,0.063,0.03,4.45e-21,"MYO1F"
"TMEM192",2.43e-25,0.333,0.262,0.19,4.52e-21,"TMEM192"
"ETV4",2.46e-25,0.66,0.085,0.046,4.58e-21,"ETV4"
"PUM3",2.46e-25,0.352,0.557,0.489,4.58e-21,"PUM3"
"GSTM2",2.5e-25,0.813,0.094,0.053,4.65e-21,"GSTM2"
"PCDH18",2.54e-25,0.716,0.14,0.09,4.73e-21,"PCDH18"
"KIF1A",2.71e-25,0.334,0.659,0.608,5.04e-21,"KIF1A"
"LRP2",2.73e-25,2.316,0.025,0.006,5.08e-21,"LRP2"
"REPS1",2.78e-25,0.285,0.746,0.711,5.17e-21,"REPS1"
"ZNF787",2.78e-25,0.466,0.311,0.238,5.18e-21,"ZNF787"
"INO80B",2.8e-25,0.657,0.115,0.069,5.21e-21,"INO80B"
"DHX37",2.84e-25,0.614,0.077,0.039,5.28e-21,"DHX37"
"TUBE1",2.85e-25,0.398,0.242,0.175,5.31e-21,"TUBE1"
"TTC5",2.96e-25,0.406,0.394,0.314,5.51e-21,"TTC5"
"PHF20L1",3e-25,0.331,0.775,0.719,5.59e-21,"PHF20L1"
"ADAMTS5",3.05e-25,1.254,0.095,0.055,5.67e-21,"ADAMTS5"
"PPP4R2",3.05e-25,0.269,0.723,0.675,5.67e-21,"PPP4R2"
"ZNF629",3.11e-25,0.523,0.166,0.11,5.79e-21,"ZNF629"
"FCHSD1",3.13e-25,1.222,0.047,0.019,5.82e-21,"FCHSD1"
"LEF1",3.15e-25,0.471,0.149,0.096,5.86e-21,"LEF1"
"GLT8D2",3.15e-25,0.851,0.066,0.032,5.87e-21,"GLT8D2"
"SEC16B",3.18e-25,2.122,0.025,0.006,5.92e-21,"SEC16B"
"SF3B4",3.41e-25,0.364,0.4,0.322,6.34e-21,"SF3B4"
"CCNQ",3.6e-25,0.58,0.164,0.108,6.69e-21,"CCNQ"
"FLRT1",3.67e-25,-0.301,0.192,0.257,6.83e-21,"FLRT1"
"TBC1D22B",3.68e-25,0.418,0.287,0.213,6.85e-21,"TBC1D22B"
"NUTM2E",3.76e-25,0.336,0.359,0.28,7e-21,"NUTM2E"
"LIPI",3.76e-25,-0.648,0.039,0.076,7e-21,"LIPI"
"RGR",3.86e-25,2.275,0.026,0.006,7.18e-21,"RGR"
"GTF2I",3.9e-25,0.183,0.989,0.99,7.27e-21,"GTF2I"
"TSPAN17",3.94e-25,0.709,0.126,0.078,7.34e-21,"TSPAN17"
"GCNT4",4.21e-25,1.295,0.044,0.017,7.84e-21,"GCNT4"
"NDUFA9",4.28e-25,0.291,0.54,0.456,7.96e-21,"NDUFA9"
"AP4S1",4.33e-25,0.388,0.34,0.261,8.06e-21,"AP4S1"
"MVK",4.36e-25,0.538,0.123,0.075,8.11e-21,"MVK"
"RABEP2",4.38e-25,0.497,0.146,0.093,8.14e-21,"RABEP2"
"QRSL1",4.45e-25,0.384,0.336,0.258,8.28e-21,"QRSL1"
"FOXN2",4.61e-25,0.315,0.552,0.473,8.58e-21,"FOXN2"
"TMEM35A",4.68e-25,-0.242,0.312,0.384,8.72e-21,"TMEM35A"
"S100A6",4.69e-25,2.38,0.033,0.011,8.73e-21,"S100A6"
"SRRM1",4.69e-25,0.257,0.831,0.811,8.73e-21,"SRRM1"
"SLC25A29",4.75e-25,-0.238,0.424,0.49,8.84e-21,"SLC25A29"
"ARFGAP2",4.9e-25,0.4,0.369,0.292,9.12e-21,"ARFGAP2"
"SLC25A35",5.03e-25,1.593,0.04,0.015,9.36e-21,"SLC25A35"
"AXDND1",5.1e-25,1.499,0.032,0.01,9.49e-21,"AXDND1"
"ACMSD",5.4e-25,-0.579,0.052,0.092,1.01e-20,"ACMSD"
"FAM174B",5.47e-25,-0.923,0.221,0.279,1.02e-20,"FAM174B"
"CD200",5.68e-25,-0.337,0.253,0.32,1.06e-20,"CD200"
"PUS1",5.79e-25,0.616,0.097,0.055,1.08e-20,"PUS1"
"BLOC1S6",5.82e-25,0.34,0.61,0.542,1.08e-20,"BLOC1S6"
"GNAO1",5.82e-25,0.271,0.796,0.757,1.08e-20,"GNAO1"
"GLUD2",5.89e-25,3.605,0.015,0.001,1.1e-20,"GLUD2"
"ANGEL2",5.9e-25,0.406,0.441,0.363,1.1e-20,"ANGEL2"
"SHANK1",6.04e-25,-0.43,0.063,0.107,1.12e-20,"SHANK1"
"WNT7A",6.21e-25,0.5,0.257,0.19,1.16e-20,"WNT7A"
"PHKG2",6.36e-25,0.573,0.151,0.098,1.18e-20,"PHKG2"
"JPH3",6.46e-25,-0.423,0.089,0.14,1.2e-20,"JPH3"
"ARFIP1",6.67e-25,0.261,0.649,0.571,1.24e-20,"ARFIP1"
"MBD3",7.06e-25,0.43,0.278,0.206,1.31e-20,"MBD3"
"VAX2",7.37e-25,0.573,0.126,0.078,1.37e-20,"VAX2"
"CAMTA2",7.74e-25,0.561,0.125,0.077,1.44e-20,"CAMTA2"
"MCOLN1",7.76e-25,0.47,0.19,0.129,1.44e-20,"MCOLN1"
"CHAC2",7.85e-25,0.471,0.187,0.128,1.46e-20,"CHAC2"
"C17orf114",8.02e-25,1.471,0.034,0.011,1.49e-20,"C17orf114"
"SIGIRR",8.12e-25,0.979,0.085,0.046,1.51e-20,"SIGIRR"
"ADNP2",8.58e-25,0.331,0.495,0.413,1.6e-20,"ADNP2"
"CTU2",8.8e-25,0.623,0.127,0.079,1.64e-20,"CTU2"
"PAFAH2",8.8e-25,0.809,0.099,0.058,1.64e-20,"PAFAH2"
"ZNF234",8.8e-25,0.447,0.227,0.162,1.64e-20,"ZNF234"
"PPP2R5B",8.9e-25,0.58,0.145,0.094,1.66e-20,"PPP2R5B"
"POLDIP3",9.02e-25,0.358,0.408,0.329,1.68e-20,"POLDIP3"
"ATF7IP2",9.05e-25,0.397,0.158,0.104,1.68e-20,"ATF7IP2"
"RLIM",9.06e-25,0.364,0.559,0.493,1.69e-20,"RLIM"
"RPAP1",9.23e-25,0.441,0.222,0.157,1.72e-20,"RPAP1"
"MRPL46",9.4e-25,0.62,0.083,0.045,1.75e-20,"MRPL46"
"TIGD6",9.66e-25,0.795,0.07,0.035,1.8e-20,"TIGD6"
"MFSD6",1.01e-24,-0.265,0.218,0.286,1.88e-20,"MFSD6"
"C11orf24",1.02e-24,0.554,0.15,0.097,1.9e-20,"C11orf24"
"ACVR2B",1.02e-24,-0.238,0.36,0.427,1.91e-20,"ACVR2B"
"SLC4A1AP",1.03e-24,0.354,0.412,0.328,1.91e-20,"SLC4A1AP"
"NEK9",1.03e-24,0.531,0.223,0.161,1.92e-20,"NEK9"
"CHMP1B",1.03e-24,0.395,0.47,0.39,1.93e-20,"CHMP1B"
"IL10RB",1.03e-24,0.8,0.07,0.035,1.93e-20,"IL10RB"
"HAUS8",1.04e-24,-0.518,0.174,0.232,1.94e-20,"HAUS8"
"TRIM37",1.04e-24,0.272,0.615,0.542,1.95e-20,"TRIM37"
"SREBF1",1.05e-24,0.716,0.179,0.125,1.95e-20,"SREBF1"
"CHEK1",1.05e-24,-0.397,0.261,0.325,1.96e-20,"CHEK1"
"ALDH16A1",1.06e-24,0.86,0.089,0.049,1.97e-20,"ALDH16A1"
"UPF3A",1.1e-24,0.189,0.897,0.894,2.06e-20,"UPF3A"
"SPDYE2",1.18e-24,0.556,0.147,0.094,2.2e-20,"SPDYE2"
"TRMT1",1.2e-24,0.5,0.169,0.113,2.23e-20,"TRMT1"
"ARAP1",1.2e-24,0.812,0.066,0.032,2.23e-20,"ARAP1"
"PRMT8",1.22e-24,-3.038,0.004,0.021,2.27e-20,"PRMT8"
"PRKCSH",1.24e-24,0.409,0.338,0.263,2.3e-20,"PRKCSH"
"ENTPD5",1.24e-24,0.405,0.16,0.105,2.31e-20,"ENTPD5"
"CHMP1A",1.25e-24,0.369,0.314,0.238,2.33e-20,"CHMP1A"
"DNAI3",1.28e-24,3.263,0.017,0.002,2.38e-20,"DNAI3"
"PLXNC1",1.29e-24,-0.397,0.446,0.496,2.41e-20,"PLXNC1"
"HSF1",1.34e-24,0.423,0.321,0.246,2.5e-20,"HSF1"
"H2AC13",1.37e-24,-0.955,0.033,0.067,2.56e-20,"H2AC13"
"KMT5B",1.39e-24,-0.186,0.815,0.838,2.59e-20,"KMT5B"
"ERCC6L",1.44e-24,-0.47,0.107,0.159,2.67e-20,"ERCC6L"
"FEZF2",1.5e-24,3.625,0.016,0.002,2.79e-20,"FEZF2"
"MED20",1.55e-24,0.564,0.124,0.076,2.89e-20,"MED20"
"LRRC43",1.55e-24,1.873,0.021,0.004,2.89e-20,"LRRC43"
"EIF5AL1",1.57e-24,0.912,0.054,0.024,2.91e-20,"EIF5AL1"
"PPTC7",1.59e-24,0.477,0.265,0.196,2.96e-20,"PPTC7"
"MARCKSL1",1.59e-24,0.141,0.991,0.995,2.97e-20,"MARCKSL1"
"NSFL1C",1.67e-24,0.31,0.574,0.506,3.11e-20,"NSFL1C"
"GPN2",1.7e-24,0.453,0.181,0.123,3.17e-20,"GPN2"
"ZNF214",1.77e-24,0.532,0.103,0.06,3.3e-20,"ZNF214"
"PRRT1",1.83e-24,1.006,0.054,0.024,3.41e-20,"PRRT1"
"ODR4",1.88e-24,0.346,0.511,0.433,3.49e-20,"ODR4"
"SMC4",1.94e-24,-1.042,0.513,0.496,3.61e-20,"SMC4"
"FBXW11",1.98e-24,0.235,0.817,0.768,3.69e-20,"FBXW11"
"COPS7B",2.08e-24,0.396,0.291,0.218,3.87e-20,"COPS7B"
"C2orf74",2.15e-24,0.776,0.08,0.043,4.01e-20,"C2orf74"
"GRK3",2.15e-24,-0.139,0.415,0.49,4.01e-20,"GRK3"
"CTXN2",2.22e-24,1.375,0.028,0.008,4.12e-20,"CTXN2"
"TMEM175",2.29e-24,0.343,0.199,0.137,4.26e-20,"TMEM175"
"ATG5",2.31e-24,0.32,0.536,0.458,4.3e-20,"ATG5"
"PAOX",2.37e-24,1.225,0.05,0.022,4.41e-20,"PAOX"
"HMGN4",2.38e-24,0.356,0.548,0.472,4.43e-20,"HMGN4"
"CKS1B",2.54e-24,-0.811,0.37,0.398,4.72e-20,"CKS1B"
"FBLN2",2.72e-24,2.483,0.017,0.002,5.07e-20,"FBLN2"
"RBM45",2.74e-24,0.498,0.187,0.129,5.09e-20,"RBM45"
"UBE2D2",2.81e-24,0.193,0.906,0.899,5.24e-20,"UBE2D2"
"VPS51",2.81e-24,0.367,0.428,0.348,5.24e-20,"VPS51"
"SLC38A3",2.86e-24,1.66,0.028,0.008,5.33e-20,"SLC38A3"
"GPR157",2.92e-24,1.694,0.028,0.008,5.43e-20,"GPR157"
"ABHD6",2.95e-24,0.483,0.162,0.108,5.48e-20,"ABHD6"
"UBA3",3.14e-24,0.315,0.586,0.509,5.85e-20,"UBA3"
"HPF1",3.21e-24,0.292,0.704,0.657,5.97e-20,"HPF1"
"SMTN",3.21e-24,-0.93,0.036,0.071,5.98e-20,"SMTN"
"RNGTT",3.22e-24,-0.16,0.739,0.783,5.99e-20,"RNGTT"
"C11orf54",3.23e-24,0.344,0.517,0.437,6.01e-20,"C11orf54"
"KRBOX4",3.25e-24,0.387,0.331,0.254,6.05e-20,"KRBOX4"
"TXNIP",3.26e-24,0.64,0.798,0.833,6.06e-20,"TXNIP"
"SFPQ",3.27e-24,-0.122,0.948,0.957,6.08e-20,"SFPQ"
"ZMYM2",3.37e-24,0.261,0.869,0.84,6.28e-20,"ZMYM2"
"RNASEH1",3.4e-24,0.42,0.282,0.211,6.32e-20,"RNASEH1"
"CCDC59",3.46e-24,0.311,0.5,0.422,6.43e-20,"CCDC59"
"GNG3",3.46e-24,0.394,0.332,0.255,6.44e-20,"GNG3"
"SLC12A9",3.47e-24,0.478,0.183,0.126,6.47e-20,"SLC12A9"
"SULT4A1",3.51e-24,-1.074,0.025,0.055,6.52e-20,"SULT4A1"
"DTWD1",3.63e-24,0.31,0.529,0.448,6.75e-20,"DTWD1"
"LRP3",3.64e-24,0.399,0.296,0.223,6.77e-20,"LRP3"
"GALR1",3.7e-24,4.148,0.014,0.001,6.89e-20,"GALR1"
"CSMD3",3.71e-24,-1.278,0.072,0.115,6.9e-20,"CSMD3"
"AMIGO2",3.75e-24,2.201,0.024,0.006,6.98e-20,"AMIGO2"
"CDK5RAP2",3.92e-24,-0.358,0.617,0.626,7.29e-20,"CDK5RAP2"
"CCDC167",4.18e-24,0.339,0.584,0.512,7.79e-20,"CCDC167"
"UBE4A",4.19e-24,0.311,0.492,0.415,7.8e-20,"UBE4A"
"APOL6",4.23e-24,3.605,0.014,0.001,7.87e-20,"APOL6"
"DGKB",4.24e-24,0.232,0.59,0.491,7.9e-20,"DGKB"
"TAF5",4.25e-24,-0.469,0.129,0.183,7.9e-20,"TAF5"
"TSR1",4.29e-24,0.377,0.33,0.257,7.99e-20,"TSR1"
"C1QTNF7",4.52e-24,-0.388,0.114,0.167,8.41e-20,"C1QTNF7"
"ZFAND3",4.55e-24,0.186,0.971,0.965,8.46e-20,"ZFAND3"
"INTS10",4.58e-24,0.285,0.468,0.388,8.53e-20,"INTS10"
"LAMA1",4.68e-24,0.43,0.18,0.124,8.72e-20,"LAMA1"
"EXOC3",4.88e-24,0.38,0.297,0.225,9.08e-20,"EXOC3"
"ZNF471",4.9e-24,-0.993,0.052,0.091,9.13e-20,"ZNF471"
"HR",5.16e-24,0.824,0.113,0.069,9.61e-20,"HR"
"KLHL12",5.27e-24,0.373,0.43,0.35,9.81e-20,"KLHL12"
"YY1",5.29e-24,0.237,0.798,0.769,9.84e-20,"YY1"
"PHF8",5.29e-24,0.444,0.356,0.284,9.84e-20,"PHF8"
"FBXL6",5.32e-24,0.58,0.128,0.08,9.91e-20,"FBXL6"
"NUDT14",5.33e-24,0.61,0.071,0.036,9.92e-20,"NUDT14"
"TRPC4",5.38e-24,0.454,0.18,0.124,1e-19,"TRPC4"
"DCPS",5.45e-24,0.423,0.316,0.245,1.01e-19,"DCPS"
"ZFP2",5.55e-24,0.595,0.116,0.071,1.03e-19,"ZFP2"
"NAP1L2",5.63e-24,0.799,0.066,0.033,1.05e-19,"NAP1L2"
"INKA2",6.11e-24,0.583,0.315,0.248,1.14e-19,"INKA2"
"VANGL2",6.31e-24,0.436,0.337,0.264,1.17e-19,"VANGL2"
"ZFYVE26",6.43e-24,0.428,0.29,0.219,1.2e-19,"ZFYVE26"
"PI4K2B",6.72e-24,0.152,0.45,0.356,1.25e-19,"PI4K2B"
"TRAPPC2B",6.74e-24,0.424,0.257,0.189,1.26e-19,"TRAPPC2B"
"TGFB1",6.82e-24,0.443,0.28,0.211,1.27e-19,"TGFB1"
"TOP1MT",7.17e-24,0.497,0.157,0.103,1.33e-19,"TOP1MT"
"DGKD",7.27e-24,0.34,0.44,0.363,1.35e-19,"DGKD"
"ANKRD63",7.42e-24,3.247,0.012,0,1.38e-19,"ANKRD63"
"NUBP1",7.53e-24,0.461,0.276,0.208,1.4e-19,"NUBP1"
"WBP4",7.71e-24,0.324,0.512,0.434,1.44e-19,"WBP4"
"PLAG1",7.85e-24,1.222,0.049,0.021,1.46e-19,"PLAG1"
"APOBEC3C",7.99e-24,1.724,0.023,0.005,1.49e-19,"APOBEC3C"
"PIK3IP1",8.02e-24,0.551,0.119,0.073,1.49e-19,"PIK3IP1"
"CYS1",8.04e-24,1.853,0.02,0.004,1.5e-19,"CYS1"
"ZNF260",8.21e-24,0.349,0.474,0.396,1.53e-19,"ZNF260"
"SMPD4",8.23e-24,-0.327,0.318,0.38,1.53e-19,"SMPD4"
"MPDU1",8.25e-24,0.473,0.232,0.169,1.53e-19,"MPDU1"
"PLCD4",8.54e-24,0.952,0.049,0.021,1.59e-19,"PLCD4"
"RHOXF1P3",8.66e-24,1.54,0.025,0.006,1.61e-19,"RHOXF1P3"
"YTHDF1",8.75e-24,0.405,0.308,0.236,1.63e-19,"YTHDF1"
"KDM4B",8.84e-24,-0.2,0.541,0.599,1.65e-19,"KDM4B"
"NOL3",9.27e-24,0.601,0.121,0.075,1.72e-19,"NOL3"
"DUS2",9.34e-24,0.434,0.18,0.123,1.74e-19,"DUS2"
"CACNA1E",9.42e-24,-1.183,0.071,0.113,1.75e-19,"CACNA1E"
"SMPDL3A",9.88e-24,0.579,0.115,0.069,1.84e-19,"SMPDL3A"
"CPSF4",9.88e-24,0.444,0.267,0.2,1.84e-19,"CPSF4"
"FAT4",9.92e-24,0.448,0.139,0.089,1.85e-19,"FAT4"
"JMJD4",1e-23,0.651,0.098,0.057,1.87e-19,"JMJD4"
"SLC11A2",1.02e-23,0.424,0.303,0.231,1.89e-19,"SLC11A2"
"FBH1",1.06e-23,0.391,0.406,0.328,1.97e-19,"FBH1"
"PIAS3",1.09e-23,0.592,0.151,0.1,2.03e-19,"PIAS3"
"ARVCF",1.12e-23,0.52,0.122,0.076,2.08e-19,"ARVCF"
"CASP1",1.21e-23,6.671,0.011,0,2.25e-19,"CASP1"
"NCK1",1.24e-23,0.322,0.575,0.511,2.31e-19,"NCK1"
"VWA5B1",1.25e-23,2.221,0.025,0.006,2.33e-19,"VWA5B1"
"WHAMM",1.28e-23,0.384,0.251,0.184,2.38e-19,"WHAMM"
"SLC16A7",1.31e-23,-0.721,0.076,0.12,2.44e-19,"SLC16A7"
"TTC14",1.31e-23,0.307,0.604,0.532,2.44e-19,"TTC14"
"WDR11",1.31e-23,0.363,0.476,0.398,2.45e-19,"WDR11"
"INSIG1",1.34e-23,0.571,0.268,0.205,2.49e-19,"INSIG1"
"MIS12",1.36e-23,0.45,0.286,0.218,2.54e-19,"MIS12"
"ELFN1",1.44e-23,0.888,0.06,0.029,2.68e-19,"ELFN1"
"CRTAC1",1.44e-23,-1.558,0.011,0.033,2.68e-19,"CRTAC1"
"RAB11FIP2",1.51e-23,0.29,0.383,0.302,2.81e-19,"RAB11FIP2"
"CEP72",1.52e-23,-0.688,0.077,0.121,2.83e-19,"CEP72"
"SPAG9",1.54e-23,0.249,0.938,0.925,2.87e-19,"SPAG9"
"RASD1",1.55e-23,-0.224,0.134,0.192,2.89e-19,"RASD1"
"RNF114",1.57e-23,0.366,0.395,0.319,2.92e-19,"RNF114"
"UPF1",1.6e-23,0.447,0.306,0.236,2.98e-19,"UPF1"
"THAP7",1.69e-23,0.518,0.174,0.119,3.14e-19,"THAP7"
"AP1G1",1.69e-23,0.316,0.634,0.574,3.15e-19,"AP1G1"
"UBE2E1",1.71e-23,0.211,0.778,0.704,3.18e-19,"UBE2E1"
"AKR1C2",1.8e-23,-0.838,0.025,0.055,3.35e-19,"AKR1C2"
"SLC22A5",1.83e-23,0.725,0.072,0.037,3.41e-19,"SLC22A5"
"SYVN1",1.85e-23,0.541,0.122,0.076,3.45e-19,"SYVN1"
"FGF13",1.87e-23,-0.334,0.522,0.564,3.48e-19,"FGF13"
"BNIP1",1.87e-23,0.431,0.212,0.15,3.49e-19,"BNIP1"
"EIF4G2",1.89e-23,0.164,0.979,0.984,3.51e-19,"EIF4G2"
"NIBAN1",2.01e-23,1.605,0.042,0.017,3.75e-19,"NIBAN1"
"MED7",2.01e-23,0.337,0.224,0.16,3.75e-19,"MED7"
"RAD51D",2.06e-23,0.438,0.234,0.17,3.84e-19,"RAD51D"
"MUC20",2.1e-23,0.875,0.089,0.051,3.91e-19,"MUC20"
"F2RL2",2.1e-23,2.343,0.021,0.004,3.91e-19,"F2RL2"
"DHFR",2.17e-23,0.294,0.412,0.33,4.05e-19,"DHFR"
"KCNMB4",2.2e-23,-0.299,0.46,0.52,4.09e-19,"KCNMB4"
"PTK2B",2.22e-23,0.733,0.099,0.059,4.12e-19,"PTK2B"
"CBWD2",2.24e-23,0.342,0.31,0.236,4.17e-19,"CBWD2"
"LRRC40",2.27e-23,-0.138,0.602,0.655,4.22e-19,"LRRC40"
"LCTL",2.28e-23,0.893,0.042,0.017,4.24e-19,"LCTL"
"TGIF2",2.3e-23,0.665,0.199,0.143,4.28e-19,"TGIF2"
"PJVK",2.3e-23,0.69,0.098,0.057,4.29e-19,"PJVK"
"KLHL26",2.31e-23,0.559,0.094,0.054,4.29e-19,"KLHL26"
"RAD54B",2.32e-23,-0.47,0.157,0.212,4.32e-19,"RAD54B"
"SMARCC2",2.33e-23,0.25,0.796,0.771,4.34e-19,"SMARCC2"
"COG8",2.34e-23,0.44,0.202,0.142,4.35e-19,"COG8"
"LPCAT2",2.36e-23,1.01,0.053,0.024,4.39e-19,"LPCAT2"
"PDCD7",2.37e-23,0.301,0.546,0.472,4.42e-19,"PDCD7"
"MCM8",2.39e-23,-0.599,0.171,0.227,4.45e-19,"MCM8"
"H2BC11",2.55e-23,-0.998,0.032,0.064,4.75e-19,"H2BC11"
"CRABP1",2.64e-23,0.928,0.256,0.202,4.91e-19,"CRABP1"
"RBKS",2.66e-23,0.437,0.112,0.068,4.96e-19,"RBKS"
"TMED8",2.71e-23,0.33,0.357,0.277,5.05e-19,"TMED8"
"NEFL",2.73e-23,4.199,0.016,0.002,5.09e-19,"NEFL"
"ANKRD54",2.74e-23,0.45,0.225,0.164,5.1e-19,"ANKRD54"
"ZNF618",2.83e-23,-0.133,0.547,0.608,5.26e-19,"ZNF618"
"LAMA5",2.9e-23,0.457,0.174,0.119,5.4e-19,"LAMA5"
"C1QL2",2.91e-23,3.853,0.015,0.001,5.41e-19,"C1QL2"
"PHC3",2.92e-23,0.244,0.673,0.608,5.43e-19,"PHC3"
"COL5A1",2.94e-23,1.431,0.036,0.013,5.48e-19,"COL5A1"
"RNF170",3.07e-23,0.295,0.393,0.311,5.72e-19,"RNF170"
"UXT",3.11e-23,0.284,0.677,0.609,5.79e-19,"UXT"
"PPIL3",3.11e-23,0.342,0.46,0.382,5.8e-19,"PPIL3"
"ERC1",3.17e-23,0.165,0.863,0.811,5.9e-19,"ERC1"
"GPX3",3.51e-23,2.922,0.018,0.003,6.53e-19,"GPX3"
"EML6",3.65e-23,0.459,0.16,0.107,6.79e-19,"EML6"
"DDA1",3.72e-23,0.391,0.453,0.376,6.93e-19,"DDA1"
"HERPUD1",3.74e-23,0.379,0.347,0.274,6.97e-19,"HERPUD1"
"CBWD5",3.8e-23,0.42,0.203,0.143,7.07e-19,"CBWD5"
"HMGN5",3.91e-23,0.35,0.267,0.201,7.28e-19,"HMGN5"
"RNF185",3.93e-23,0.329,0.377,0.298,7.32e-19,"RNF185"
"SLC41A3",3.94e-23,0.428,0.271,0.204,7.33e-19,"SLC41A3"
"C9orf50",3.96e-23,2.326,0.018,0.003,7.37e-19,"C9orf50"
"SPINK2",3.96e-23,3.178,0.013,0.001,7.38e-19,"SPINK2"
"ZNF823",4.02e-23,-0.546,0.16,0.213,7.49e-19,"ZNF823"
"TMEM221",4.16e-23,1.212,0.049,0.022,7.74e-19,"TMEM221"
"TGFB3",4.19e-23,0.775,0.089,0.051,7.79e-19,"TGFB3"
"MLYCD",4.28e-23,0.4,0.18,0.123,7.96e-19,"MLYCD"
"SUSD6",4.35e-23,0.396,0.255,0.189,8.1e-19,"SUSD6"
"EXOSC1",4.36e-23,0.374,0.352,0.278,8.11e-19,"EXOSC1"
"EDC4",4.38e-23,0.392,0.242,0.176,8.16e-19,"EDC4"
"VIPAS39",4.55e-23,0.445,0.23,0.166,8.47e-19,"VIPAS39"
"CACNA1A",4.56e-23,-0.747,0.044,0.079,8.48e-19,"CACNA1A"
"ZNF512B",4.6e-23,0.501,0.2,0.142,8.56e-19,"ZNF512B"
"RUFY2",4.67e-23,-0.177,0.726,0.772,8.69e-19,"RUFY2"
"NAA50",4.72e-23,0.249,0.593,0.524,8.79e-19,"NAA50"
"PIGZ",4.77e-23,0.383,0.107,0.063,8.87e-19,"PIGZ"
"TYK2",4.81e-23,0.442,0.176,0.12,8.95e-19,"TYK2"
"RASSF8",4.83e-23,0.195,0.372,0.289,8.98e-19,"RASSF8"
"PDLIM1",4.88e-23,1.122,0.091,0.053,9.08e-19,"PDLIM1"
"CNN2",4.94e-23,0.393,0.309,0.239,9.19e-19,"CNN2"
"MON1B",4.96e-23,0.407,0.295,0.225,9.24e-19,"MON1B"
"SEPSECS",4.97e-23,0.509,0.206,0.148,9.25e-19,"SEPSECS"
"RAB4B",5.18e-23,0.397,0.213,0.151,9.64e-19,"RAB4B"
"SHC4",5.31e-23,0.55,0.072,0.038,9.89e-19,"SHC4"
"NAE1",5.43e-23,0.286,0.659,0.61,1.01e-18,"NAE1"
"RBMXL1",5.45e-23,0.359,0.261,0.194,1.01e-18,"RBMXL1"
"SHKBP1",5.52e-23,0.643,0.134,0.087,1.03e-18,"SHKBP1"
"FGF11",5.54e-23,0.632,0.125,0.079,1.03e-18,"FGF11"
"SLFN5",5.59e-23,1.517,0.031,0.01,1.04e-18,"SLFN5"
"CEBPZOS",5.63e-23,0.565,0.176,0.122,1.05e-18,"CEBPZOS"
"H2BC4",5.77e-23,-0.987,0.062,0.103,1.07e-18,"H2BC4"
"ZFYVE1",5.94e-23,0.411,0.284,0.215,1.1e-18,"ZFYVE1"
"ORMDL3",6.2e-23,0.567,0.18,0.125,1.15e-18,"ORMDL3"
"ANKRD13B",6.65e-23,-0.24,0.249,0.313,1.24e-18,"ANKRD13B"
"GTF2H1",6.67e-23,0.353,0.462,0.385,1.24e-18,"GTF2H1"
"ATR",6.82e-23,0.239,0.465,0.384,1.27e-18,"ATR"
"C2orf81",6.88e-23,0.685,0.095,0.055,1.28e-18,"C2orf81"
"ASPHD2",7.01e-23,0.588,0.077,0.042,1.3e-18,"ASPHD2"
"ARHGEF25",7.05e-23,0.601,0.099,0.059,1.31e-18,"ARHGEF25"
"ATAD3A",7.28e-23,0.517,0.149,0.098,1.36e-18,"ATAD3A"
"USP15",7.57e-23,-0.14,0.785,0.82,1.41e-18,"USP15"
"FILIP1",7.64e-23,0.834,0.058,0.028,1.42e-18,"FILIP1"
"HDAC9",8.04e-23,0.43,0.794,0.743,1.5e-18,"HDAC9"
"APOM",8.04e-23,0.61,0.117,0.073,1.5e-18,"APOM"
"MLLT6",8.45e-23,0.403,0.292,0.223,1.57e-18,"MLLT6"
"DDX11",8.61e-23,-0.494,0.153,0.207,1.6e-18,"DDX11"
"UPK2",8.85e-23,1.055,0.052,0.024,1.65e-18,"UPK2"
"MICAL3",9.14e-23,-0.265,0.563,0.605,1.7e-18,"MICAL3"
"VIPR2",9.18e-23,-1.537,0.008,0.028,1.71e-18,"VIPR2"
"NET1",9.3e-23,-0.461,0.104,0.153,1.73e-18,"NET1"
"DNAJC2",9.35e-23,0.347,0.529,0.458,1.74e-18,"DNAJC2"
"RASL10A",9.6e-23,2.474,0.02,0.004,1.79e-18,"RASL10A"
"IQCJ-SCHIP1",9.64e-23,1.562,0.092,0.053,1.79e-18,"IQCJ-SCHIP1"
"PHF20",9.73e-23,-0.176,0.741,0.774,1.81e-18,"PHF20"
"PARS2",9.77e-23,0.73,0.048,0.021,1.82e-18,"PARS2"
"FUT11",9.97e-23,0.294,0.208,0.147,1.86e-18,"FUT11"
"C19orf73",1.02e-22,1.152,0.036,0.013,1.89e-18,"C19orf73"
"NARF",1.03e-22,-0.203,0.484,0.542,1.92e-18,"NARF"
"ALG10B",1.04e-22,0.624,0.144,0.095,1.93e-18,"ALG10B"
"RAP1GDS1",1.08e-22,0.317,0.759,0.69,2.01e-18,"RAP1GDS1"
"DSN1",1.1e-22,-0.492,0.16,0.215,2.05e-18,"DSN1"
"ZCCHC2",1.1e-22,0.27,0.269,0.199,2.05e-18,"ZCCHC2"
"RBM27",1.11e-22,0.281,0.684,0.627,2.07e-18,"RBM27"
"ZNF322",1.2e-22,0.372,0.527,0.452,2.24e-18,"ZNF322"
"SIVA1",1.25e-22,0.235,0.64,0.565,2.32e-18,"SIVA1"
"CASTOR2",1.25e-22,-0.221,0.414,0.478,2.33e-18,"CASTOR2"
"CYB5RL",1.26e-22,0.601,0.099,0.059,2.35e-18,"CYB5RL"
"TRAF3IP1",1.29e-22,0.26,0.346,0.266,2.41e-18,"TRAF3IP1"
"NCR3LG1",1.36e-22,0.463,0.083,0.046,2.54e-18,"NCR3LG1"
"SLC7A1",1.41e-22,0.411,0.274,0.21,2.62e-18,"SLC7A1"
"TMEM18",1.42e-22,0.353,0.379,0.304,2.65e-18,"TMEM18"
"INTS11",1.46e-22,0.348,0.304,0.231,2.71e-18,"INTS11"
"LIPT1",1.48e-22,0.569,0.099,0.059,2.75e-18,"LIPT1"
"GARS1",1.52e-22,0.371,0.507,0.431,2.83e-18,"GARS1"
"BPGM",1.52e-22,0.386,0.349,0.274,2.83e-18,"BPGM"
"ODAD4",1.53e-22,0.668,0.092,0.053,2.85e-18,"ODAD4"
"ISY1",1.56e-22,0.4,0.227,0.165,2.91e-18,"ISY1"
"KIAA0100",1.57e-22,0.41,0.323,0.254,2.92e-18,"KIAA0100"
"CIAO3",1.6e-22,0.448,0.145,0.095,2.98e-18,"CIAO3"
"ZMIZ1",1.62e-22,-0.138,0.656,0.707,3.01e-18,"ZMIZ1"
"CDC27",1.67e-22,-0.264,0.727,0.736,3.1e-18,"CDC27"
"ZNF579",1.67e-22,0.433,0.203,0.143,3.11e-18,"ZNF579"
"BCLAF1",1.79e-22,0.202,0.842,0.825,3.33e-18,"BCLAF1"
"TUBB6",1.8e-22,0.127,0.322,0.245,3.35e-18,"TUBB6"
"XPA",1.82e-22,0.343,0.532,0.459,3.39e-18,"XPA"
"A2ML1",1.83e-22,1.251,0.034,0.012,3.41e-18,"A2ML1"
"ETAA1",1.86e-22,0.408,0.21,0.151,3.47e-18,"ETAA1"
"KCND2",1.94e-22,0.97,0.138,0.092,3.62e-18,"KCND2"
"PHYHD1",1.98e-22,1.087,0.056,0.027,3.69e-18,"PHYHD1"
"TPCN1",2e-22,0.692,0.12,0.076,3.73e-18,"TPCN1"
"ENSG00000279088",2.04e-22,0.624,0.13,0.084,3.8e-18,"ENSG00000279088"
"GTF2B",2.05e-22,0.344,0.506,0.427,3.81e-18,"GTF2B"
"TSC22D3",2.07e-22,0.448,0.319,0.246,3.85e-18,"TSC22D3"
"TSHZ2",2.07e-22,-3.309,0.014,0.037,3.85e-18,"TSHZ2"
"DNER",2.08e-22,0.412,0.655,0.593,3.86e-18,"DNER"
"SEMA3E",2.09e-22,1.209,0.066,0.034,3.89e-18,"SEMA3E"
"FOSB",2.11e-22,2.051,0.034,0.012,3.94e-18,"FOSB"
"AIFM3",2.12e-22,2.785,0.015,0.002,3.94e-18,"AIFM3"
"SLC35C2",2.19e-22,0.347,0.3,0.229,4.08e-18,"SLC35C2"
"MOAP1",2.23e-22,0.383,0.321,0.247,4.15e-18,"MOAP1"
"TBC1D20",2.28e-22,0.383,0.365,0.291,4.24e-18,"TBC1D20"
"STAU2",2.38e-22,-0.134,0.879,0.891,4.42e-18,"STAU2"
"KCNAB3",2.39e-22,-0.684,0.056,0.094,4.45e-18,"KCNAB3"
"SCLT1",2.4e-22,-0.605,0.642,0.647,4.47e-18,"SCLT1"
"MSTO1",2.46e-22,0.316,0.232,0.168,4.59e-18,"MSTO1"
"ANTXR2",2.49e-22,0.487,0.427,0.355,4.63e-18,"ANTXR2"
"MFSD2A",2.55e-22,0.706,0.063,0.032,4.75e-18,"MFSD2A"
"COL9A3",2.58e-22,0.677,0.075,0.041,4.8e-18,"COL9A3"
"POGLUT1",2.6e-22,0.382,0.252,0.187,4.83e-18,"POGLUT1"
"TFCP2",2.61e-22,0.316,0.207,0.148,4.85e-18,"TFCP2"
"KDM4A",2.75e-22,0.323,0.523,0.446,5.11e-18,"KDM4A"
"MICU1",2.79e-22,0.246,0.763,0.711,5.2e-18,"MICU1"
"NEMF",2.8e-22,0.228,0.787,0.749,5.22e-18,"NEMF"
"ENSG00000285130",2.81e-22,0.776,0.102,0.062,5.23e-18,"ENSG00000285130"
"SREBF2",2.83e-22,0.165,0.769,0.712,5.27e-18,"SREBF2"
"PLEKHA3",2.89e-22,0.304,0.597,0.533,5.39e-18,"PLEKHA3"
"FAM168B",2.93e-22,0.318,0.651,0.596,5.46e-18,"FAM168B"
"ZPR1",2.98e-22,0.344,0.278,0.21,5.55e-18,"ZPR1"
"MROH8",3.08e-22,0.601,0.085,0.048,5.73e-18,"MROH8"
"KIAA2026",3.14e-22,-0.155,0.721,0.749,5.84e-18,"KIAA2026"
"GBP3",3.14e-22,2.131,0.017,0.003,5.84e-18,"GBP3"
"PDE7B",3.17e-22,1.008,0.054,0.025,5.9e-18,"PDE7B"
"ST18",3.22e-22,0.203,0.395,0.513,5.99e-18,"ST18"
"RAPGEF5",3.25e-22,-2.461,0.005,0.022,6.05e-18,"RAPGEF5"
"ST6GAL2",3.3e-22,1.082,0.286,0.234,6.15e-18,"ST6GAL2"
"GTF3C4",3.31e-22,0.401,0.354,0.284,6.16e-18,"GTF3C4"
"IKBIP",3.48e-22,0.221,0.384,0.305,6.48e-18,"IKBIP"
"IER5",3.61e-22,0.548,0.427,0.364,6.72e-18,"IER5"
"VPS26A",3.69e-22,0.282,0.655,0.595,6.87e-18,"VPS26A"
"PIK3C3",3.81e-22,0.279,0.623,0.553,7.09e-18,"PIK3C3"
"GRHL1",3.84e-22,0.401,0.134,0.087,7.15e-18,"GRHL1"
"RAD54L",3.86e-22,-0.642,0.114,0.163,7.19e-18,"RAD54L"
"KIAA1191",3.91e-22,0.337,0.513,0.441,7.27e-18,"KIAA1191"
"SYMPK",3.95e-22,0.399,0.396,0.323,7.35e-18,"SYMPK"
"ZDHHC9",3.97e-22,0.312,0.278,0.208,7.39e-18,"ZDHHC9"
"SPHKAP",3.98e-22,1.397,0.039,0.016,7.4e-18,"SPHKAP"
"RFX2",3.98e-22,0.292,0.421,0.343,7.41e-18,"RFX2"
"CNTN4",4.05e-22,-0.196,0.081,0.127,7.53e-18,"CNTN4"
"LIN7B",4.09e-22,0.345,0.211,0.151,7.61e-18,"LIN7B"
"TRPM4",4.14e-22,1.004,0.049,0.022,7.7e-18,"TRPM4"
"ZNF317",4.18e-22,0.471,0.181,0.126,7.78e-18,"ZNF317"
"BCL2L2",4.19e-22,0.591,0.158,0.107,7.79e-18,"BCL2L2"
"FLRT3",4.22e-22,1.11,0.103,0.064,7.85e-18,"FLRT3"
"STAT2",4.23e-22,0.38,0.236,0.172,7.88e-18,"STAT2"
"TM9SF1",4.29e-22,0.62,0.082,0.046,7.98e-18,"TM9SF1"
"TIPRL",4.31e-22,0.255,0.721,0.662,8.03e-18,"TIPRL"
"GPATCH2L",4.47e-22,0.267,0.743,0.698,8.31e-18,"GPATCH2L"
"CEMIP",4.53e-22,1.228,0.124,0.08,8.43e-18,"CEMIP"
"IL17RA",4.76e-22,0.619,0.129,0.084,8.86e-18,"IL17RA"
"FAM161A",4.8e-22,0.368,0.397,0.323,8.93e-18,"FAM161A"
"DCBLD1",4.82e-22,0.498,0.133,0.087,8.96e-18,"DCBLD1"
"TXNDC5",4.83e-22,0.5,0.212,0.154,8.99e-18,"TXNDC5"
"MYO5B",4.93e-22,1.667,0.054,0.026,9.17e-18,"MYO5B"
"ARSB",5.1e-22,0.327,0.398,0.319,9.49e-18,"ARSB"
"EFNA1",5.1e-22,0.734,0.05,0.023,9.5e-18,"EFNA1"
"KCNIP1",5.34e-22,0.881,0.097,0.057,9.94e-18,"KCNIP1"
"NEDD1",5.35e-22,0.279,0.413,0.333,9.96e-18,"NEDD1"
"MSH3",5.37e-22,0.299,0.491,0.413,9.99e-18,"MSH3"
"TK1",5.5e-22,-0.48,0.075,0.118,1.02e-17,"TK1"
"SLC35A1",5.59e-22,0.404,0.319,0.246,1.04e-17,"SLC35A1"
"BAIAP2L1",5.71e-22,0.537,0.132,0.085,1.06e-17,"BAIAP2L1"
"STARD10",5.73e-22,0.739,0.081,0.046,1.07e-17,"STARD10"
"C16orf89",5.73e-22,2.212,0.019,0.004,1.07e-17,"C16orf89"
"ZNF737",5.8e-22,-0.116,0.35,0.423,1.08e-17,"ZNF737"
"SGCE",5.92e-22,0.282,0.722,0.647,1.1e-17,"SGCE"
"RPS6KA2",6.04e-22,-0.311,0.572,0.625,1.12e-17,"RPS6KA2"
"RMDN2",6.22e-22,0.588,0.111,0.068,1.16e-17,"RMDN2"
"ASNSD1",6.23e-22,0.379,0.316,0.245,1.16e-17,"ASNSD1"
"DMAP1",6.59e-22,0.359,0.286,0.217,1.23e-17,"DMAP1"
"AKAP10",6.66e-22,0.275,0.553,0.48,1.24e-17,"AKAP10"
"ACACA",6.71e-22,0.237,0.72,0.678,1.25e-17,"ACACA"
"LRAT",6.76e-22,2.246,0.024,0.006,1.26e-17,"LRAT"
"MAP4K2",6.93e-22,0.65,0.1,0.06,1.29e-17,"MAP4K2"
"SUPT20H",6.94e-22,0.33,0.583,0.514,1.29e-17,"SUPT20H"
"ITPRIPL2",7e-22,0.945,0.058,0.029,1.3e-17,"ITPRIPL2"
"FITM2",7.01e-22,0.732,0.071,0.038,1.3e-17,"FITM2"
"DGAT1",7.06e-22,0.487,0.144,0.095,1.31e-17,"DGAT1"
"NR1H2",7.52e-22,0.401,0.264,0.198,1.4e-17,"NR1H2"
"CCDC22",7.59e-22,0.458,0.114,0.071,1.41e-17,"CCDC22"
"HPCA",7.77e-22,-0.964,0.015,0.038,1.45e-17,"HPCA"
"PPM1D",7.88e-22,-0.144,0.526,0.58,1.47e-17,"PPM1D"
"POLR2C",7.96e-22,0.359,0.398,0.323,1.48e-17,"POLR2C"
"MED13",8.36e-22,0.233,0.838,0.813,1.56e-17,"MED13"
"PKMYT1",8.43e-22,-0.767,0.07,0.11,1.57e-17,"PKMYT1"
"C2orf73",8.52e-22,1.957,0.019,0.004,1.59e-17,"C2orf73"
"IFFO2",8.73e-22,0.883,0.064,0.033,1.62e-17,"IFFO2"
"MGST2",9.05e-22,0.298,0.096,0.057,1.68e-17,"MGST2"
"VWC2",9.55e-22,-1.953,0.02,0.046,1.78e-17,"VWC2"
"AMBRA1",9.91e-22,0.305,0.741,0.676,1.85e-17,"AMBRA1"
"TAGLN3",1.01e-21,0.101,0.605,0.714,1.89e-17,"TAGLN3"
"C16orf95",1.02e-21,0.433,0.163,0.111,1.9e-17,"C16orf95"
"ADCY6",1.03e-21,0.451,0.221,0.161,1.91e-17,"ADCY6"
"MAP1LC3A",1.06e-21,0.62,0.126,0.081,1.98e-17,"MAP1LC3A"
"DNAJC22",1.07e-21,1.401,0.04,0.016,1.99e-17,"DNAJC22"
"SH3GLB2",1.08e-21,0.418,0.275,0.21,2e-17,"SH3GLB2"
"KIF24",1.1e-21,-0.638,0.147,0.199,2.04e-17,"KIF24"
"DCTN5",1.11e-21,0.256,0.521,0.444,2.06e-17,"DCTN5"
"HGF",1.13e-21,2.421,0.019,0.004,2.1e-17,"HGF"
"NRF1",1.13e-21,-0.309,0.632,0.645,2.11e-17,"NRF1"
"TMEM168",1.15e-21,0.424,0.252,0.188,2.14e-17,"TMEM168"
"RSRC2",1.19e-21,0.211,0.85,0.827,2.22e-17,"RSRC2"
"CCDC89",1.2e-21,1.804,0.022,0.005,2.23e-17,"CCDC89"
"RNF20",1.22e-21,0.346,0.47,0.397,2.27e-17,"RNF20"
"BOP1",1.23e-21,0.538,0.152,0.102,2.29e-17,"BOP1"
"POM121",1.3e-21,0.337,0.567,0.499,2.41e-17,"POM121"
"TASP1",1.31e-21,0.28,0.548,0.469,2.43e-17,"TASP1"
"STX8",1.31e-21,0.207,0.703,0.633,2.45e-17,"STX8"
"PTCH2",1.33e-21,0.498,0.163,0.112,2.48e-17,"PTCH2"
"RHOBTB2",1.34e-21,0.504,0.151,0.101,2.49e-17,"RHOBTB2"
"SCAMP3",1.36e-21,0.39,0.29,0.221,2.54e-17,"SCAMP3"
"BICD2",1.42e-21,-0.306,0.329,0.384,2.64e-17,"BICD2"
"SCAPER",1.44e-21,-0.176,0.839,0.865,2.67e-17,"SCAPER"
"PCNT",1.45e-21,-0.292,0.338,0.395,2.7e-17,"PCNT"
"WSB1",1.57e-21,0.151,0.969,0.967,2.93e-17,"WSB1"
"AP3M1",1.64e-21,0.304,0.508,0.434,3.06e-17,"AP3M1"
"DHFR2",1.65e-21,0.518,0.126,0.081,3.07e-17,"DHFR2"
"C10orf143",1.66e-21,0.445,0.069,0.036,3.09e-17,"C10orf143"
"BCL10",1.68e-21,0.349,0.354,0.279,3.13e-17,"BCL10"
"EFNB3",1.68e-21,0.485,0.227,0.166,3.13e-17,"EFNB3"
"RAD18",1.69e-21,-0.259,0.321,0.385,3.14e-17,"RAD18"
"STXBP4",1.74e-21,0.266,0.601,0.511,3.24e-17,"STXBP4"
"CNOT7",1.76e-21,0.281,0.725,0.681,3.28e-17,"CNOT7"
"AVPI1",1.76e-21,0.875,0.058,0.029,3.28e-17,"AVPI1"
"ATP6V1G2",1.78e-21,0.359,0.338,0.263,3.31e-17,"ATP6V1G2"
"CENPL",1.78e-21,-0.546,0.157,0.209,3.32e-17,"CENPL"
"ABCC1",1.79e-21,-0.16,0.341,0.409,3.33e-17,"ABCC1"
"TTC21A",1.85e-21,0.506,0.12,0.077,3.45e-17,"TTC21A"
"MYO5A",1.86e-21,-0.176,0.739,0.766,3.45e-17,"MYO5A"
"DCAF7",1.89e-21,0.254,0.686,0.624,3.52e-17,"DCAF7"
"CSKMT",1.96e-21,0.56,0.129,0.084,3.65e-17,"CSKMT"
"KIF22",1.96e-21,-0.543,0.299,0.346,3.65e-17,"KIF22"
"ABHD3",1.96e-21,0.208,0.276,0.206,3.66e-17,"ABHD3"
"NDC1",2.01e-21,-0.531,0.217,0.269,3.75e-17,"NDC1"
"ABHD10",2.02e-21,0.327,0.352,0.279,3.77e-17,"ABHD10"
"SLU7",2.04e-21,0.356,0.456,0.383,3.8e-17,"SLU7"
"FAN1",2.07e-21,0.387,0.285,0.219,3.86e-17,"FAN1"
"ANAPC7",2.08e-21,0.342,0.414,0.341,3.88e-17,"ANAPC7"
"RTL6",2.09e-21,0.429,0.303,0.235,3.88e-17,"RTL6"
"TMEM154",2.17e-21,2.15,0.017,0.003,4.04e-17,"TMEM154"
"ASB13",2.18e-21,0.568,0.097,0.058,4.06e-17,"ASB13"
"TMIE",2.21e-21,1.967,0.016,0.002,4.11e-17,"TMIE"
"CASP2",2.33e-21,-0.256,0.333,0.395,4.34e-17,"CASP2"
"OGFOD2",2.35e-21,0.846,0.054,0.026,4.38e-17,"OGFOD2"
"USP9X",2.36e-21,0.214,0.932,0.926,4.39e-17,"USP9X"
"KPNA6",2.36e-21,0.305,0.625,0.567,4.39e-17,"KPNA6"
"FAM98B",2.5e-21,0.348,0.471,0.398,4.64e-17,"FAM98B"
"PAPSS2",2.56e-21,-0.632,0.048,0.083,4.77e-17,"PAPSS2"
"ZNF93",2.57e-21,-0.226,0.304,0.37,4.78e-17,"ZNF93"
"MIA2",2.58e-21,0.302,0.421,0.342,4.81e-17,"MIA2"
"MIER1",2.59e-21,0.283,0.665,0.604,4.83e-17,"MIER1"
"SNAPC1",2.69e-21,0.315,0.368,0.294,5e-17,"SNAPC1"
"FOXG1",2.71e-21,-0.153,0.837,0.871,5.04e-17,"FOXG1"
"ZC3HC1",2.74e-21,0.355,0.32,0.248,5.1e-17,"ZC3HC1"
"PPAT",2.76e-21,0.331,0.376,0.305,5.13e-17,"PPAT"
"CHCHD4",2.8e-21,0.605,0.095,0.057,5.22e-17,"CHCHD4"
"NUDT1",2.88e-21,-0.222,0.393,0.458,5.35e-17,"NUDT1"
"TMEM213",2.89e-21,-0.348,0.051,0.088,5.37e-17,"TMEM213"
"FNBP1",2.91e-21,0.208,0.685,0.621,5.42e-17,"FNBP1"
"FAM8A1",3.02e-21,0.386,0.305,0.236,5.63e-17,"FAM8A1"
"RBM28",3.09e-21,0.281,0.527,0.457,5.75e-17,"RBM28"
"PEX11B",3.15e-21,0.326,0.196,0.138,5.86e-17,"PEX11B"
"TMEM200A",3.15e-21,-3.049,0.003,0.018,5.87e-17,"TMEM200A"
"H2BC17",3.16e-21,-1.108,0.021,0.047,5.88e-17,"H2BC17"
"PRDM2",3.17e-21,-0.139,0.649,0.697,5.9e-17,"PRDM2"
"TUB",3.18e-21,0.432,0.153,0.104,5.92e-17,"TUB"
"CSTF2T",3.18e-21,0.401,0.284,0.218,5.92e-17,"CSTF2T"
"HERC4",3.2e-21,0.207,0.725,0.665,5.96e-17,"HERC4"
"SS18L2",3.27e-21,0.307,0.491,0.419,6.08e-17,"SS18L2"
"TSC2",3.48e-21,0.434,0.273,0.208,6.47e-17,"TSC2"
"ASPN",3.53e-21,-0.76,0.064,0.103,6.58e-17,"ASPN"
"GAS6",3.61e-21,0.505,0.107,0.066,6.72e-17,"GAS6"
"ARFGAP1",3.73e-21,0.553,0.134,0.087,6.93e-17,"ARFGAP1"
"TRIM6",3.8e-21,3.053,0.014,0.002,7.07e-17,"TRIM6"
"OLIG2",3.81e-21,0.945,0.168,0.119,7.08e-17,"OLIG2"
"OXSM",3.85e-21,0.716,0.072,0.039,7.18e-17,"OXSM"
"GOLGA7B",3.95e-21,-1.956,0.005,0.021,7.35e-17,"GOLGA7B"
"SELENOI",3.99e-21,0.309,0.421,0.344,7.43e-17,"SELENOI"
"PET117",4.24e-21,0.437,0.152,0.102,7.89e-17,"PET117"
"C5AR1",4.4e-21,1.736,0.023,0.006,8.2e-17,"C5AR1"
"PI15",4.46e-21,3.244,0.019,0.004,8.29e-17,"PI15"
"NKIRAS2",4.63e-21,0.42,0.349,0.28,8.62e-17,"NKIRAS2"
"POLL",4.71e-21,0.509,0.122,0.078,8.77e-17,"POLL"
"MRS2",4.84e-21,0.318,0.287,0.218,9e-17,"MRS2"
"CEP19",4.93e-21,0.272,0.144,0.095,9.18e-17,"CEP19"
"ZNF224",5.06e-21,0.357,0.254,0.19,9.43e-17,"ZNF224"
"PPP1R9B",5.2e-21,0.472,0.142,0.094,9.67e-17,"PPP1R9B"
"THADA",5.2e-21,0.234,0.574,0.495,9.68e-17,"THADA"
"CLEC2D",5.31e-21,0.4,0.24,0.18,9.88e-17,"CLEC2D"
"HNRNPD",5.48e-21,-0.132,0.945,0.96,1.02e-16,"HNRNPD"
"TOMM6",5.58e-21,0.486,0.144,0.096,1.04e-16,"TOMM6"
"GLI4",5.6e-21,0.476,0.179,0.126,1.04e-16,"GLI4"
"PRCC",5.6e-21,0.356,0.498,0.427,1.04e-16,"PRCC"
"CDKN2C",5.88e-21,-0.51,0.268,0.318,1.09e-16,"CDKN2C"
"COQ6",5.88e-21,0.418,0.195,0.139,1.09e-16,"COQ6"
"MAMLD1",5.88e-21,0.372,0.229,0.169,1.1e-16,"MAMLD1"
"ZNF790",5.93e-21,0.358,0.272,0.206,1.1e-16,"ZNF790"
"TSEN54",6.09e-21,0.442,0.195,0.14,1.13e-16,"TSEN54"
"NSL1",6.18e-21,0.27,0.66,0.597,1.15e-16,"NSL1"
"BTRC",6.22e-21,0.369,0.789,0.735,1.16e-16,"BTRC"
"NCAPD3",6.23e-21,-0.396,0.401,0.445,1.16e-16,"NCAPD3"
"GMPS",6.37e-21,0.289,0.581,0.511,1.19e-16,"GMPS"
"IDUA",6.38e-21,0.927,0.06,0.031,1.19e-16,"IDUA"
"CTU1",6.52e-21,0.63,0.094,0.056,1.21e-16,"CTU1"
"TBC1D9B",6.56e-21,0.339,0.297,0.227,1.22e-16,"TBC1D9B"
"KLHDC3",6.66e-21,0.333,0.451,0.378,1.24e-16,"KLHDC3"
"TMEM26",6.94e-21,3.008,0.013,0.001,1.29e-16,"TMEM26"
"RWDD4",7.01e-21,0.331,0.449,0.375,1.3e-16,"RWDD4"
"RTN2",7.14e-21,-0.284,0.138,0.192,1.33e-16,"RTN2"
"ZNF780A",7.2e-21,0.462,0.149,0.101,1.34e-16,"ZNF780A"
"DPH2",7.22e-21,0.681,0.052,0.024,1.34e-16,"DPH2"
"ZNF346",7.36e-21,0.363,0.444,0.374,1.37e-16,"ZNF346"
"CCNK",7.44e-21,0.312,0.451,0.375,1.38e-16,"CCNK"
"LSG1",7.58e-21,0.336,0.292,0.225,1.41e-16,"LSG1"
"ALG1L2",7.66e-21,1.048,0.039,0.016,1.43e-16,"ALG1L2"
"MED18",7.81e-21,0.569,0.092,0.054,1.45e-16,"MED18"
"ARMC3",7.86e-21,2.736,0.017,0.003,1.46e-16,"ARMC3"
"USP13",8.05e-21,-0.329,0.421,0.469,1.5e-16,"USP13"
"USP16",8.14e-21,0.257,0.644,0.587,1.52e-16,"USP16"
"FASTKD5",8.28e-21,0.598,0.129,0.084,1.54e-16,"FASTKD5"
"WNT7B",8.41e-21,3.146,0.015,0.002,1.57e-16,"WNT7B"
"SNRPB",8.42e-21,0.248,0.677,0.619,1.57e-16,"SNRPB"
"TRAF4",8.45e-21,0.463,0.315,0.25,1.57e-16,"TRAF4"
"ADGRG2",8.54e-21,0.955,0.07,0.038,1.59e-16,"ADGRG2"
"TMEM127",8.55e-21,0.386,0.201,0.144,1.59e-16,"TMEM127"
"KLF6",8.6e-21,0.443,0.365,0.299,1.6e-16,"KLF6"
"LYNX1",8.63e-21,1.925,0.02,0.005,1.61e-16,"LYNX1"
"YIPF5",8.97e-21,0.301,0.429,0.353,1.67e-16,"YIPF5"
"RRP12",9.14e-21,0.478,0.145,0.097,1.7e-16,"RRP12"
"HECTD2",9.15e-21,0.338,0.625,0.556,1.7e-16,"HECTD2"
"MORC3",9.2e-21,-0.104,0.655,0.703,1.71e-16,"MORC3"
"AAK1",9.26e-21,0.239,0.766,0.724,1.72e-16,"AAK1"
"TRIM2",9.41e-21,-0.111,0.934,0.957,1.75e-16,"TRIM2"
"SNRK",1.01e-20,-0.154,0.448,0.507,1.87e-16,"SNRK"
"PCDHA12",1.02e-20,0.445,0.18,0.127,1.9e-16,"PCDHA12"
"ZNF2",1.04e-20,0.471,0.099,0.06,1.94e-16,"ZNF2"
"RC3H2",1.04e-20,0.29,0.649,0.587,1.94e-16,"RC3H2"
"C1orf109",1.05e-20,0.477,0.2,0.144,1.96e-16,"C1orf109"
"NMNAT2",1.15e-20,0.192,0.331,0.423,2.15e-16,"NMNAT2"
"RABL2A",1.19e-20,0.268,0.205,0.146,2.21e-16,"RABL2A"
"TPM2",1.2e-20,1.383,0.031,0.011,2.24e-16,"TPM2"
"ADCY7",1.21e-20,0.933,0.061,0.031,2.24e-16,"ADCY7"
"ARL17B",1.21e-20,-0.147,0.694,0.732,2.25e-16,"ARL17B"
"SPATA18",1.22e-20,1.813,0.021,0.005,2.27e-16,"SPATA18"
"SNX32",1.24e-20,0.394,0.194,0.138,2.31e-16,"SNX32"
"PPRC1",1.25e-20,0.452,0.151,0.103,2.33e-16,"PPRC1"
"CSNK1G1",1.27e-20,0.284,0.461,0.383,2.37e-16,"CSNK1G1"
"ZNF518B",1.28e-20,0.384,0.325,0.259,2.38e-16,"ZNF518B"
"ENSG00000280138",1.32e-20,0.545,0.238,0.181,2.46e-16,"ENSG00000280138"
"DLG2",1.34e-20,0.126,0.818,0.784,2.49e-16,"DLG2"
"MVB12B",1.35e-20,0.165,0.591,0.508,2.51e-16,"MVB12B"
"CEP162",1.36e-20,0.314,0.525,0.452,2.53e-16,"CEP162"
"GNPDA2",1.38e-20,0.313,0.477,0.405,2.56e-16,"GNPDA2"
"DCTN4",1.41e-20,0.257,0.642,0.574,2.63e-16,"DCTN4"
"WDR73",1.42e-20,0.301,0.365,0.29,2.65e-16,"WDR73"
"CDK7",1.43e-20,0.294,0.292,0.224,2.66e-16,"CDK7"
"FAM200A",1.45e-20,0.379,0.252,0.189,2.7e-16,"FAM200A"
"BCAT2",1.48e-20,0.441,0.177,0.124,2.76e-16,"BCAT2"
"P2RX6",1.49e-20,1.873,0.017,0.003,2.78e-16,"P2RX6"
"SEL1L3",1.5e-20,0.68,0.266,0.208,2.79e-16,"SEL1L3"
"TMEM179",1.59e-20,-0.681,0.03,0.059,2.96e-16,"TMEM179"
"HIBADH",1.65e-20,0.189,0.355,0.277,3.07e-16,"HIBADH"
"TTC32",1.65e-20,0.468,0.219,0.162,3.07e-16,"TTC32"
"RMI1",1.73e-20,-0.237,0.38,0.441,3.22e-16,"RMI1"
"SPICE1",1.78e-20,0.898,0.09,0.054,3.31e-16,"SPICE1"
"GOT2",1.79e-20,0.391,0.327,0.259,3.33e-16,"GOT2"
"GJB6",1.79e-20,6.115,0.01,0,3.33e-16,"GJB6"
"FOXRED2",1.81e-20,0.447,0.207,0.151,3.37e-16,"FOXRED2"
"IKBKB",1.82e-20,0.342,0.29,0.222,3.39e-16,"IKBKB"
"MED12",1.83e-20,0.433,0.227,0.168,3.4e-16,"MED12"
"IFT172",1.88e-20,0.342,0.269,0.204,3.51e-16,"IFT172"
"SLC35B3",1.95e-20,0.39,0.308,0.241,3.62e-16,"SLC35B3"
"ENSG00000280219",1.99e-20,3.693,0.011,0.001,3.7e-16,"ENSG00000280219"
"B4GALNT1",2.02e-20,-0.272,0.19,0.249,3.76e-16,"B4GALNT1"
"NFKBIZ",2.03e-20,1.093,0.07,0.039,3.78e-16,"NFKBIZ"
"ASAP3",2.03e-20,0.334,0.253,0.191,3.78e-16,"ASAP3"
"AKR1B1",2.08e-20,0.421,0.457,0.388,3.88e-16,"AKR1B1"
"CXorf38",2.14e-20,0.316,0.257,0.194,3.98e-16,"CXorf38"
"SPPL2B",2.17e-20,0.465,0.224,0.166,4.04e-16,"SPPL2B"
"HPRT1",2.2e-20,-0.243,0.405,0.464,4.1e-16,"HPRT1"
"ALDOA",2.22e-20,0.592,0.069,0.037,4.13e-16,"ALDOA"
"USP11",2.24e-20,0.213,0.887,0.875,4.17e-16,"USP11"
"NOX4",2.27e-20,0.295,0.23,0.17,4.22e-16,"NOX4"
"SFT2D3",2.36e-20,0.434,0.185,0.132,4.39e-16,"SFT2D3"
"IMMT",2.36e-20,0.275,0.659,0.61,4.4e-16,"IMMT"
"MAPRE3",2.39e-20,0.288,0.342,0.265,4.44e-16,"MAPRE3"
"SEMA6B",2.41e-20,-0.922,0.027,0.055,4.49e-16,"SEMA6B"
"RABGGTA",2.47e-20,0.736,0.066,0.035,4.59e-16,"RABGGTA"
"GEMIN8",2.5e-20,0.456,0.2,0.145,4.66e-16,"GEMIN8"
"TUBD1",2.51e-20,0.47,0.218,0.162,4.66e-16,"TUBD1"
"THAP4",2.55e-20,0.382,0.266,0.203,4.75e-16,"THAP4"
"KTI12",2.56e-20,0.565,0.111,0.07,4.76e-16,"KTI12"
"ITPKC",2.61e-20,0.644,0.122,0.079,4.87e-16,"ITPKC"
"DAB1",2.63e-20,-0.24,0.15,0.101,4.89e-16,"DAB1"
"VAX1",2.65e-20,-0.765,0.178,0.222,4.93e-16,"VAX1"
"TRIM65",2.66e-20,0.589,0.106,0.066,4.96e-16,"TRIM65"
"PDPR",2.73e-20,0.35,0.278,0.213,5.08e-16,"PDPR"
"CYP2R1",2.75e-20,0.304,0.212,0.153,5.13e-16,"CYP2R1"
"PAGR1",2.76e-20,0.372,0.409,0.341,5.14e-16,"PAGR1"
"RABL2B",2.79e-20,0.255,0.238,0.174,5.19e-16,"RABL2B"
"ALAD",2.96e-20,0.429,0.164,0.114,5.51e-16,"ALAD"
"ARID5A",2.98e-20,0.96,0.047,0.022,5.54e-16,"ARID5A"
"GATD1",2.99e-20,0.394,0.246,0.184,5.57e-16,"GATD1"
"MTFR2",3.09e-20,-0.869,0.043,0.075,5.76e-16,"MTFR2"
"SFXN1",3.13e-20,0.221,0.663,0.603,5.83e-16,"SFXN1"
"GZF1",3.18e-20,0.464,0.165,0.115,5.92e-16,"GZF1"
"DNAJC11",3.19e-20,0.338,0.347,0.276,5.95e-16,"DNAJC11"
"DPH1",3.33e-20,0.554,0.086,0.05,6.2e-16,"DPH1"
"ZNF331",3.37e-20,-0.427,0.222,0.276,6.28e-16,"ZNF331"
"SGTB",3.55e-20,0.343,0.363,0.292,6.6e-16,"SGTB"
"LENG8",3.59e-20,0.361,0.357,0.286,6.68e-16,"LENG8"
"DIS3",3.66e-20,0.272,0.477,0.402,6.81e-16,"DIS3"
"TMBIM1",3.75e-20,1.001,0.042,0.018,6.97e-16,"TMBIM1"
"OFD1",3.86e-20,0.421,0.505,0.44,7.18e-16,"OFD1"
"MAX",3.88e-20,0.294,0.542,0.467,7.22e-16,"MAX"
"ZNF28",3.94e-20,0.536,0.164,0.114,7.32e-16,"ZNF28"
"KIF6",3.94e-20,1.065,0.027,0.009,7.33e-16,"KIF6"
"ALKBH4",4.01e-20,0.411,0.222,0.164,7.46e-16,"ALKBH4"
"PTK2",4.13e-20,0.195,0.939,0.924,7.69e-16,"PTK2"
"KCTD20",4.3e-20,0.284,0.587,0.523,8.01e-16,"KCTD20"
"ZNF419",4.31e-20,0.437,0.143,0.096,8.01e-16,"ZNF419"
"PIN4",4.5e-20,0.254,0.649,0.587,8.37e-16,"PIN4"
"TMEM241",4.52e-20,0.316,0.252,0.189,8.41e-16,"TMEM241"
"ZNF726",4.73e-20,-0.437,0.115,0.161,8.8e-16,"ZNF726"
"ZFP37",4.81e-20,-0.168,0.339,0.402,8.96e-16,"ZFP37"
"ATF7IP",4.84e-20,0.226,0.846,0.802,9.01e-16,"ATF7IP"
"GBX2",4.84e-20,-1.814,0.007,0.024,9.02e-16,"GBX2"
"SPATA12",4.87e-20,0.977,0.045,0.021,9.06e-16,"SPATA12"
"CNKSR2",4.87e-20,0.223,0.687,0.639,9.07e-16,"CNKSR2"
"HEATR6",4.92e-20,0.357,0.357,0.286,9.15e-16,"HEATR6"
"HIPK1",4.98e-20,0.38,0.464,0.396,9.27e-16,"HIPK1"
"SMARCA2",5.04e-20,0.227,0.657,0.571,9.39e-16,"SMARCA2"
"ADNP",5.06e-20,-0.107,0.849,0.872,9.41e-16,"ADNP"
"BAK1",5.3e-20,0.832,0.067,0.037,9.87e-16,"BAK1"
"TAP2",5.36e-20,0.66,0.074,0.041,9.97e-16,"TAP2"
"CCDC196",5.38e-20,0.691,0.078,0.045,1e-15,"CCDC196"
"MED25",5.4e-20,0.433,0.222,0.165,1e-15,"MED25"
"GCFC2",5.42e-20,0.352,0.401,0.33,1.01e-15,"GCFC2"
"MARS2",5.44e-20,1.018,0.047,0.022,1.01e-15,"MARS2"
"PUS3",5.44e-20,0.524,0.138,0.093,1.01e-15,"PUS3"
"NPC1",5.49e-20,0.256,0.425,0.349,1.02e-15,"NPC1"
"ZNF174",5.5e-20,0.48,0.14,0.094,1.02e-15,"ZNF174"
"MBD1",5.53e-20,0.389,0.306,0.239,1.03e-15,"MBD1"
"NFIA",5.63e-20,0.113,0.989,0.962,1.05e-15,"NFIA"
"EPM2A",5.64e-20,0.188,0.391,0.314,1.05e-15,"EPM2A"
"FRMD4A",5.66e-20,0.866,0.812,0.801,1.05e-15,"FRMD4A"
"SMAD2",5.76e-20,0.211,0.71,0.648,1.07e-15,"SMAD2"
"FOLR1",5.82e-20,1.827,0.024,0.007,1.08e-15,"FOLR1"
"BORA",5.92e-20,-0.689,0.108,0.153,1.1e-15,"BORA"
"POLRMT",6e-20,0.572,0.091,0.055,1.12e-15,"POLRMT"
"ANKDD1A",6.39e-20,0.468,0.231,0.173,1.19e-15,"ANKDD1A"
"MTX3",6.43e-20,0.347,0.294,0.229,1.2e-15,"MTX3"
"ICAM3",6.53e-20,2.462,0.014,0.002,1.21e-15,"ICAM3"
"ENSG00000279289",6.61e-20,0.837,0.051,0.025,1.23e-15,"ENSG00000279289"
"ENGASE",6.65e-20,0.842,0.078,0.045,1.24e-15,"ENGASE"
"GTF2H2",6.75e-20,0.349,0.439,0.368,1.26e-15,"GTF2H2"
"LMO1",6.79e-20,-1.189,0.175,0.216,1.26e-15,"LMO1"
"SLC2A12",6.95e-20,0.867,0.075,0.043,1.29e-15,"SLC2A12"
"PPM1J",7.98e-20,1.942,0.015,0.003,1.48e-15,"PPM1J"
"RBM26",8.02e-20,0.203,0.849,0.837,1.49e-15,"RBM26"
"RANBP2",8.07e-20,0.272,0.642,0.587,1.5e-15,"RANBP2"
"C18orf21",8.09e-20,0.35,0.237,0.176,1.51e-15,"C18orf21"
"MYO9B",8.4e-20,-0.213,0.523,0.579,1.56e-15,"MYO9B"
"MOB1B",8.41e-20,0.299,0.63,0.567,1.57e-15,"MOB1B"
"MYO1C",8.62e-20,0.5,0.126,0.083,1.6e-15,"MYO1C"
"PDCD1LG2",8.7e-20,0.981,0.037,0.015,1.62e-15,"PDCD1LG2"
"CDKN2A",8.88e-20,0.751,0.13,0.088,1.65e-15,"CDKN2A"
"ANKRD50",8.9e-20,-0.132,0.385,0.448,1.66e-15,"ANKRD50"
"CDHR3",8.97e-20,0.17,0.298,0.228,1.67e-15,"CDHR3"
"CWC22",8.98e-20,0.33,0.409,0.338,1.67e-15,"CWC22"
"WAC",9.07e-20,0.208,0.866,0.844,1.69e-15,"WAC"
"SRP68",9.21e-20,0.379,0.344,0.277,1.72e-15,"SRP68"
"EPB41L5",9.41e-20,-0.143,0.733,0.767,1.75e-15,"EPB41L5"
"TANGO2",1.02e-19,0.447,0.14,0.094,1.89e-15,"TANGO2"
"SLC66A2",1.05e-19,0.316,0.411,0.338,1.95e-15,"SLC66A2"
"C22orf23",1.06e-19,0.727,0.076,0.043,1.98e-15,"C22orf23"
"ASTN1",1.1e-19,0.198,0.78,0.713,2.04e-15,"ASTN1"
"LMBR1L",1.14e-19,-0.226,0.313,0.375,2.13e-15,"LMBR1L"
"UQCC1",1.15e-19,0.304,0.429,0.353,2.14e-15,"UQCC1"
"ZNF483",1.19e-19,0.462,0.265,0.206,2.22e-15,"ZNF483"
"DENND11",1.2e-19,0.428,0.299,0.235,2.24e-15,"DENND11"
"ACAD10",1.21e-19,0.322,0.276,0.212,2.25e-15,"ACAD10"
"KIF7",1.29e-19,0.385,0.247,0.187,2.4e-15,"KIF7"
"SYPL2",1.3e-19,2.751,0.01,0,2.42e-15,"SYPL2"
"MRTFA",1.32e-19,-0.118,0.786,0.815,2.46e-15,"MRTFA"
"TFPT",1.33e-19,0.517,0.128,0.085,2.48e-15,"TFPT"
"SEMA4A",1.34e-19,0.679,0.046,0.022,2.49e-15,"SEMA4A"
"CORO1A",1.34e-19,-0.319,0.088,0.131,2.5e-15,"CORO1A"
"HCG22",1.34e-19,2.492,0.017,0.003,2.5e-15,"HCG22"
"ZBED4",1.37e-19,-0.118,0.468,0.528,2.55e-15,"ZBED4"
"ADRA1A",1.42e-19,1.301,0.12,0.081,2.64e-15,"ADRA1A"
"AGFG1",1.43e-19,0.254,0.684,0.63,2.66e-15,"AGFG1"
"DNAAF2",1.45e-19,0.356,0.422,0.351,2.71e-15,"DNAAF2"
"TAX1BP3",1.46e-19,0.391,0.352,0.283,2.73e-15,"TAX1BP3"
"IRX1",1.47e-19,1.454,0.025,0.008,2.74e-15,"IRX1"
"MTERF2",1.48e-19,0.377,0.289,0.225,2.76e-15,"MTERF2"
"CLVS1",1.55e-19,-0.449,0.076,0.116,2.89e-15,"CLVS1"
"TSNAXIP1",1.63e-19,0.762,0.056,0.029,3.03e-15,"TSNAXIP1"
"ESYT1",1.65e-19,0.506,0.151,0.104,3.06e-15,"ESYT1"
"RASSF9",1.67e-19,2.936,0.011,0.001,3.11e-15,"RASSF9"
"TMEM39B",1.78e-19,-0.253,0.295,0.353,3.31e-15,"TMEM39B"
"LMBRD2",1.79e-19,0.337,0.326,0.259,3.32e-15,"LMBRD2"
"ASPHD1",1.8e-19,0.595,0.272,0.215,3.35e-15,"ASPHD1"
"ADCK2",1.81e-19,0.431,0.138,0.093,3.37e-15,"ADCK2"
"C10orf67",1.81e-19,3.39,0.012,0.001,3.38e-15,"C10orf67"
"RBM24",1.89e-19,-0.499,0.058,0.095,3.51e-15,"RBM24"
"C12orf4",1.94e-19,0.323,0.327,0.258,3.62e-15,"C12orf4"
"FOXO3B",1.96e-19,-0.267,0.182,0.236,3.64e-15,"FOXO3B"
"PPP6C",1.97e-19,0.288,0.563,0.492,3.66e-15,"PPP6C"
"JADE1",1.97e-19,-0.455,0.349,0.391,3.66e-15,"JADE1"
"TCTN2",2.02e-19,0.42,0.12,0.078,3.75e-15,"TCTN2"
"C1orf174",2.03e-19,0.391,0.229,0.172,3.77e-15,"C1orf174"
"DXO",2.06e-19,0.614,0.089,0.054,3.84e-15,"DXO"
"LGALS8",2.07e-19,0.62,0.17,0.121,3.85e-15,"LGALS8"
"IRS1",2.1e-19,0.742,0.076,0.043,3.91e-15,"IRS1"
"CD276",2.15e-19,0.339,0.411,0.343,4e-15,"CD276"
"INTS13",2.2e-19,0.38,0.238,0.179,4.1e-15,"INTS13"
"CENPA",2.21e-19,-0.565,0.187,0.234,4.12e-15,"CENPA"
"LRRCC1",2.21e-19,0.327,0.351,0.282,4.12e-15,"LRRCC1"
"ANTXR1",2.23e-19,0.281,0.786,0.739,4.15e-15,"ANTXR1"
"PALB2",2.26e-19,0.345,0.158,0.109,4.21e-15,"PALB2"
"ELOVL2",2.27e-19,0.336,0.634,0.601,4.23e-15,"ELOVL2"
"TTLL3",2.38e-19,0.378,0.254,0.192,4.42e-15,"TTLL3"
"ANKRD52",2.38e-19,0.371,0.292,0.228,4.43e-15,"ANKRD52"
"FBXL12",2.4e-19,0.375,0.241,0.182,4.47e-15,"FBXL12"
"SEC23IP",2.41e-19,0.342,0.375,0.306,4.49e-15,"SEC23IP"
"HEATR3",2.43e-19,0.29,0.188,0.134,4.52e-15,"HEATR3"
"SEMA4B",2.55e-19,0.455,0.205,0.151,4.75e-15,"SEMA4B"
"C4orf46",2.55e-19,-0.356,0.189,0.242,4.75e-15,"C4orf46"
"SPG11",2.58e-19,0.253,0.628,0.571,4.81e-15,"SPG11"
"ZNRF1",2.6e-19,-0.13,0.716,0.747,4.84e-15,"ZNRF1"
"DPH7",2.6e-19,0.328,0.306,0.242,4.85e-15,"DPH7"
"ATP6V0A2",2.63e-19,0.315,0.334,0.267,4.9e-15,"ATP6V0A2"
"CUL5",2.64e-19,0.197,0.831,0.799,4.91e-15,"CUL5"
"FANCF",2.67e-19,0.429,0.201,0.147,4.96e-15,"FANCF"
"PTTG1",2.7e-19,-0.513,0.346,0.38,5.02e-15,"PTTG1"
"GGH",2.71e-19,-0.26,0.284,0.345,5.04e-15,"GGH"
"NOL8",2.71e-19,0.308,0.349,0.28,5.05e-15,"NOL8"
"NFKBIL1",2.73e-19,0.347,0.274,0.21,5.09e-15,"NFKBIL1"
"PPP6R1",2.76e-19,0.431,0.241,0.183,5.15e-15,"PPP6R1"
"ILRUN",2.78e-19,0.26,0.453,0.379,5.17e-15,"ILRUN"
"CLSTN2",2.79e-19,0.177,0.116,0.164,5.2e-15,"CLSTN2"
"DUSP22",2.94e-19,0.441,0.197,0.143,5.46e-15,"DUSP22"
"RBM18",2.94e-19,0.414,0.418,0.35,5.47e-15,"RBM18"
"TESK1",2.95e-19,0.511,0.132,0.088,5.5e-15,"TESK1"
"MGAT2",3.01e-19,0.397,0.234,0.176,5.6e-15,"MGAT2"
"AADAT",3.03e-19,-0.267,0.195,0.249,5.64e-15,"AADAT"
"ELL2",3.08e-19,0.711,0.048,0.023,5.73e-15,"ELL2"
"POLR1A",3.08e-19,0.343,0.358,0.291,5.73e-15,"POLR1A"
"NT5DC2",3.13e-19,0.357,0.45,0.385,5.82e-15,"NT5DC2"
"MYO9A",3.17e-19,-0.169,0.836,0.853,5.9e-15,"MYO9A"
"SARDH",3.17e-19,1.596,0.018,0.004,5.91e-15,"SARDH"
"MARK4",3.18e-19,0.307,0.42,0.347,5.92e-15,"MARK4"
"C2orf50",3.23e-19,2.066,0.017,0.004,6.02e-15,"C2orf50"
"WRAP73",3.24e-19,0.421,0.193,0.14,6.03e-15,"WRAP73"
"CCNJL",3.29e-19,0.363,0.204,0.149,6.13e-15,"CCNJL"
"CSNK1G2",3.3e-19,0.352,0.353,0.284,6.14e-15,"CSNK1G2"
"HEXIM2",3.31e-19,0.458,0.105,0.066,6.15e-15,"HEXIM2"
"ITPR1",3.36e-19,-0.119,0.064,0.034,6.26e-15,"ITPR1"
"EGFLAM",3.48e-19,3.067,0.011,0.001,6.48e-15,"EGFLAM"
"RBFOX1",3.68e-19,-0.899,0.091,0.133,6.85e-15,"RBFOX1"
"ZNF746",3.69e-19,0.422,0.208,0.153,6.87e-15,"ZNF746"
"NEUROD6",3.71e-19,-1.494,0.001,0.011,6.91e-15,"NEUROD6"
"GANC",3.79e-19,0.423,0.154,0.107,7.05e-15,"GANC"
"MYADM",3.79e-19,0.46,0.139,0.094,7.06e-15,"MYADM"
"GMPR",3.82e-19,1.317,0.034,0.014,7.11e-15,"GMPR"
"RASGRP2",3.85e-19,0.718,0.052,0.025,7.17e-15,"RASGRP2"
"LTO1",3.9e-19,0.379,0.213,0.156,7.25e-15,"LTO1"
"CHAF1A",3.96e-19,-0.41,0.189,0.242,7.36e-15,"CHAF1A"
"RCHY1",4.01e-19,0.3,0.377,0.306,7.47e-15,"RCHY1"
"PGP",4.09e-19,0.322,0.446,0.385,7.61e-15,"PGP"
"IGDCC3",4.21e-19,-0.133,0.315,0.38,7.84e-15,"IGDCC3"
"TRIM41",4.24e-19,0.502,0.136,0.093,7.89e-15,"TRIM41"
"MTMR1",4.25e-19,0.311,0.365,0.294,7.9e-15,"MTMR1"
"PRR36",4.31e-19,-0.281,0.208,0.263,8.03e-15,"PRR36"
"CDC42EP4",4.43e-19,0.406,0.413,0.351,8.25e-15,"CDC42EP4"
"TTC23L",4.56e-19,0.846,0.068,0.038,8.48e-15,"TTC23L"
"ANKRD11",4.64e-19,0.207,0.84,0.831,8.63e-15,"ANKRD11"
"RSPO4",4.64e-19,2.851,0.013,0.002,8.64e-15,"RSPO4"
"SIX4",4.7e-19,1.422,0.03,0.011,8.75e-15,"SIX4"
"SRGAP1",4.79e-19,0.267,0.914,0.873,8.91e-15,"SRGAP1"
"DIO2",4.81e-19,-1.162,0.026,0.052,8.95e-15,"DIO2"
"EGR1",4.86e-19,0.624,0.52,0.48,9.05e-15,"EGR1"
"SNAP47",4.91e-19,0.306,0.274,0.21,9.14e-15,"SNAP47"
"B4GALT5",4.95e-19,0.346,0.526,0.463,9.2e-15,"B4GALT5"
"EIF2B3",5.04e-19,0.28,0.448,0.376,9.38e-15,"EIF2B3"
"BRME1",5.34e-19,-0.583,0.084,0.124,9.94e-15,"BRME1"
"HAPLN1",5.39e-19,2.264,0.02,0.005,1e-14,"HAPLN1"
"GABPA",5.59e-19,0.322,0.415,0.347,1.04e-14,"GABPA"
"TIGD7",5.87e-19,0.42,0.16,0.111,1.09e-14,"TIGD7"
"RAVER2",5.93e-19,0.271,0.386,0.315,1.1e-14,"RAVER2"
"UBR1",5.93e-19,0.224,0.77,0.731,1.1e-14,"UBR1"
"LNPEP",6.08e-19,0.292,0.472,0.404,1.13e-14,"LNPEP"
"FGF14",6.2e-19,-1.696,0.089,0.127,1.15e-14,"FGF14"
"ENSG00000276345",6.2e-19,0.562,0.105,0.067,1.15e-14,"ENSG00000276345"
"IQCE",6.2e-19,0.293,0.275,0.211,1.15e-14,"IQCE"
"EEF1AKMT3",6.23e-19,1.031,0.038,0.017,1.16e-14,"EEF1AKMT3"
"SIPA1",6.37e-19,0.913,0.046,0.022,1.19e-14,"SIPA1"
"ITGA1",6.43e-19,0.881,0.043,0.02,1.2e-14,"ITGA1"
"DNAJC9",6.47e-19,-0.26,0.421,0.476,1.2e-14,"DNAJC9"
"OGFR",6.47e-19,0.373,0.314,0.249,1.21e-14,"OGFR"
"TMEM11",6.98e-19,0.345,0.365,0.296,1.3e-14,"TMEM11"
"STAU1",6.98e-19,0.232,0.768,0.734,1.3e-14,"STAU1"
"EXD3",6.98e-19,0.327,0.329,0.26,1.3e-14,"EXD3"
"PRR3",7.13e-19,0.278,0.239,0.178,1.33e-14,"PRR3"
"TARS2",7.16e-19,0.398,0.156,0.109,1.33e-14,"TARS2"
"NT5DC4",7.19e-19,-1.946,0.006,0.023,1.34e-14,"NT5DC4"
"SIRT7",7.22e-19,0.342,0.202,0.147,1.34e-14,"SIRT7"
"FBXO16",7.26e-19,0.194,0.34,0.27,1.35e-14,"FBXO16"
"AKIRIN2",7.31e-19,0.244,0.703,0.649,1.36e-14,"AKIRIN2"
"NIN",7.47e-19,-0.118,0.685,0.698,1.39e-14,"NIN"
"LRRC3C",7.57e-19,1.495,0.03,0.011,1.41e-14,"LRRC3C"
"ALDH1B1",7.69e-19,0.699,0.068,0.038,1.43e-14,"ALDH1B1"
"TMF1",7.76e-19,0.291,0.558,0.493,1.44e-14,"TMF1"
"C12orf56",7.8e-19,1.462,0.025,0.008,1.45e-14,"C12orf56"
"GEMIN7",7.81e-19,0.589,0.114,0.074,1.45e-14,"GEMIN7"
"FAM133B",7.97e-19,0.221,0.753,0.705,1.48e-14,"FAM133B"
"COMTD1",8.09e-19,0.44,0.072,0.04,1.51e-14,"COMTD1"
"HECA",8.1e-19,-0.322,0.251,0.305,1.51e-14,"HECA"
"ENSG00000279838",8.14e-19,-0.377,0.062,0.099,1.52e-14,"ENSG00000279838"
"DIMT1",8.15e-19,0.392,0.422,0.353,1.52e-14,"DIMT1"
"SLC35C1",8.21e-19,0.53,0.066,0.036,1.53e-14,"SLC35C1"
"KIDINS220",8.26e-19,-0.118,0.948,0.937,1.54e-14,"KIDINS220"
"NLK",8.26e-19,-0.561,0.562,0.585,1.54e-14,"NLK"
"LY6H",8.4e-19,0.506,0.238,0.185,1.56e-14,"LY6H"
"MAN1A2",8.45e-19,0.22,0.775,0.726,1.57e-14,"MAN1A2"
"ZNF691",8.47e-19,0.584,0.08,0.047,1.58e-14,"ZNF691"
"PARG",8.48e-19,0.283,0.579,0.515,1.58e-14,"PARG"
"RNPEP",8.59e-19,0.337,0.381,0.314,1.6e-14,"RNPEP"
"SAP30L",8.81e-19,0.398,0.342,0.276,1.64e-14,"SAP30L"
"PIGW",8.9e-19,0.857,0.059,0.031,1.66e-14,"PIGW"
"GAREM1",8.91e-19,0.593,0.414,0.36,1.66e-14,"GAREM1"
"NKIRAS1",8.94e-19,0.307,0.416,0.343,1.66e-14,"NKIRAS1"
"ISLR2",8.98e-19,-1.065,0.018,0.04,1.67e-14,"ISLR2"
"ENSG00000285708",9.02e-19,0.857,0.049,0.024,1.68e-14,"ENSG00000285708"
"IGF2BP1",9.02e-19,0.47,0.215,0.163,1.68e-14,"IGF2BP1"
"CCNC",9.19e-19,0.309,0.555,0.489,1.71e-14,"CCNC"
"CPSF7",9.2e-19,0.327,0.487,0.419,1.71e-14,"CPSF7"
"TMEM63B",9.38e-19,0.304,0.318,0.249,1.75e-14,"TMEM63B"
"ENSG00000278971",9.61e-19,3.729,0.012,0.001,1.79e-14,"ENSG00000278971"
"HSPB11",9.86e-19,0.253,0.562,0.494,1.83e-14,"HSPB11"
"STPG1",9.91e-19,0.945,0.026,0.009,1.84e-14,"STPG1"
"PCDH1",9.93e-19,0.996,0.042,0.019,1.85e-14,"PCDH1"
"AKAP8L",1.01e-18,0.274,0.584,0.525,1.87e-14,"AKAP8L"
"PTPN5",1.02e-18,-2.868,0.001,0.012,1.9e-14,"PTPN5"
"ZBTB48",1.02e-18,0.406,0.142,0.097,1.9e-14,"ZBTB48"
"DGKH",1.04e-18,0.29,0.397,0.328,1.93e-14,"DGKH"
"TAF11",1.12e-18,0.306,0.462,0.392,2.09e-14,"TAF11"
"GCLC",1.13e-18,0.454,0.166,0.118,2.1e-14,"GCLC"
"ZNF92",1.14e-18,-0.181,0.448,0.502,2.13e-14,"ZNF92"
"B3GNT5",1.14e-18,0.323,0.337,0.272,2.13e-14,"B3GNT5"
"AKAP1",1.16e-18,0.396,0.16,0.112,2.16e-14,"AKAP1"
"TMEM132C",1.18e-18,2.264,0.025,0.008,2.19e-14,"TMEM132C"
"CEP250",1.18e-18,-0.231,0.283,0.339,2.2e-14,"CEP250"
"GPBP1L1",1.21e-18,0.246,0.61,0.543,2.25e-14,"GPBP1L1"
"DOP1B",1.28e-18,-0.31,0.336,0.388,2.39e-14,"DOP1B"
"RAB33A",1.34e-18,-0.24,0.184,0.24,2.49e-14,"RAB33A"
"HAPLN4",1.35e-18,1.23,0.028,0.01,2.52e-14,"HAPLN4"
"GSTO2",1.36e-18,0.974,0.046,0.022,2.52e-14,"GSTO2"
"KLF15",1.36e-18,1.803,0.024,0.007,2.53e-14,"KLF15"
"FAF2",1.36e-18,0.27,0.605,0.545,2.53e-14,"FAF2"
"TPD52L2",1.41e-18,0.285,0.287,0.223,2.62e-14,"TPD52L2"
"SLC35B4",1.42e-18,0.368,0.372,0.304,2.65e-14,"SLC35B4"
"BRIX1",1.44e-18,0.334,0.39,0.324,2.68e-14,"BRIX1"
"ZNF69",1.56e-18,-0.303,0.348,0.399,2.9e-14,"ZNF69"
"CMPK1",1.59e-18,0.215,0.779,0.754,2.97e-14,"CMPK1"
"TSPAN15",1.61e-18,1.074,0.036,0.015,3e-14,"TSPAN15"
"LIN7C",1.67e-18,0.256,0.438,0.363,3.1e-14,"LIN7C"
"LRRC75B",1.67e-18,0.663,0.089,0.054,3.11e-14,"LRRC75B"
"DCDC2",1.68e-18,1.338,0.024,0.007,3.13e-14,"DCDC2"
"STX16",1.73e-18,0.298,0.591,0.528,3.21e-14,"STX16"
"ELK3",1.73e-18,0.385,0.233,0.176,3.22e-14,"ELK3"
"PER1",1.74e-18,0.632,0.084,0.051,3.24e-14,"PER1"
"ATG12",1.77e-18,0.29,0.583,0.518,3.29e-14,"ATG12"
"PRDM1",1.78e-18,0.559,0.062,0.033,3.3e-14,"PRDM1"
"RNLS",1.8e-18,0.805,0.045,0.021,3.35e-14,"RNLS"
"MTBP",1.8e-18,-0.443,0.209,0.26,3.36e-14,"MTBP"
"PRPSAP1",1.81e-18,0.328,0.521,0.462,3.37e-14,"PRPSAP1"
"CHRDL1",1.87e-18,0.67,0.252,0.198,3.48e-14,"CHRDL1"
"F8",1.89e-18,0.638,0.075,0.043,3.51e-14,"F8"
"UNC5D",1.99e-18,0.477,0.27,0.214,3.7e-14,"UNC5D"
"UBL7",2e-18,0.574,0.159,0.112,3.72e-14,"UBL7"
"LENG1",2.07e-18,0.427,0.215,0.16,3.85e-14,"LENG1"
"HASPIN",2.07e-18,-1.319,0.018,0.04,3.86e-14,"HASPIN"
"MARK3",2.19e-18,0.185,0.871,0.868,4.08e-14,"MARK3"
"BCL2L2-PABPN1",2.21e-18,0.499,0.158,0.112,4.1e-14,"BCL2L2-PABPN1"
"CACNG5",2.21e-18,1.574,0.041,0.019,4.12e-14,"CACNG5"
"EEF1AKMT4",2.25e-18,1.652,0.023,0.007,4.19e-14,"EEF1AKMT4"
"CD2AP",2.25e-18,0.342,0.427,0.358,4.19e-14,"CD2AP"
"USP14",2.26e-18,0.242,0.682,0.647,4.21e-14,"USP14"
"TSPYL4",2.31e-18,0.267,0.473,0.399,4.31e-14,"TSPYL4"
"ARFGEF1",2.32e-18,0.206,0.75,0.708,4.32e-14,"ARFGEF1"
"DDX39A",2.35e-18,-0.3,0.325,0.375,4.38e-14,"DDX39A"
"FXR1",2.37e-18,0.219,0.899,0.874,4.4e-14,"FXR1"
"TRUB1",2.37e-18,0.328,0.271,0.209,4.41e-14,"TRUB1"
"SFXN4",2.46e-18,0.369,0.261,0.202,4.57e-14,"SFXN4"
"TEAD2",2.48e-18,0.387,0.364,0.298,4.62e-14,"TEAD2"
"SPATA6L",2.51e-18,0.762,0.058,0.031,4.66e-14,"SPATA6L"
"THEM6",2.51e-18,0.622,0.098,0.061,4.68e-14,"THEM6"
"BTBD2",2.54e-18,0.28,0.356,0.288,4.73e-14,"BTBD2"
"UPK3BL1",2.56e-18,1.015,0.036,0.015,4.77e-14,"UPK3BL1"
"BCAM",2.64e-18,1.372,0.037,0.016,4.91e-14,"BCAM"
"ZNF217",2.74e-18,0.228,0.178,0.127,5.1e-14,"ZNF217"
"ZNF772",2.88e-18,0.589,0.125,0.084,5.35e-14,"ZNF772"
"HEATR1",2.91e-18,0.297,0.353,0.286,5.41e-14,"HEATR1"
"KIF5B",2.92e-18,0.188,0.92,0.913,5.43e-14,"KIF5B"
"TRIM67",2.98e-18,-1.914,0.004,0.017,5.55e-14,"TRIM67"
"KHNYN",3.07e-18,0.852,0.071,0.041,5.71e-14,"KHNYN"
"AGBL5",3.07e-18,0.394,0.271,0.211,5.71e-14,"AGBL5"
"SP1",3.15e-18,0.301,0.368,0.3,5.87e-14,"SP1"
"HIP1",3.19e-18,0.563,0.819,0.791,5.94e-14,"HIP1"
"DAGLA",3.34e-18,0.464,0.09,0.055,6.21e-14,"DAGLA"
"TRAF1",3.34e-18,2.964,0.011,0.001,6.22e-14,"TRAF1"
"PDCL",3.36e-18,0.316,0.571,0.508,6.25e-14,"PDCL"
"PPP1R3F",3.4e-18,0.452,0.219,0.165,6.34e-14,"PPP1R3F"
"PC",3.53e-18,0.415,0.132,0.089,6.57e-14,"PC"
"KIAA0930",3.56e-18,0.421,0.219,0.163,6.63e-14,"KIAA0930"
"GPLD1",3.58e-18,0.477,0.105,0.067,6.66e-14,"GPLD1"
"CENPVL3",3.61e-18,1.615,0.027,0.01,6.72e-14,"CENPVL3"
"SLC47A2",3.61e-18,1.031,0.059,0.032,6.73e-14,"SLC47A2"
"RNPC3",3.94e-18,0.317,0.367,0.298,7.34e-14,"RNPC3"
"DENND5A",4e-18,0.187,0.759,0.695,7.44e-14,"DENND5A"
"RGS2",4.07e-18,-0.472,0.069,0.107,7.57e-14,"RGS2"
"LDAF1",4.1e-18,0.437,0.177,0.128,7.62e-14,"LDAF1"
"DUSP18",4.11e-18,0.282,0.231,0.173,7.65e-14,"DUSP18"
"SYT1",4.17e-18,-0.228,0.604,0.659,7.76e-14,"SYT1"
"RAMAC",4.33e-18,0.492,0.123,0.082,8.06e-14,"RAMAC"
"TDRD7",4.39e-18,0.281,0.185,0.133,8.17e-14,"TDRD7"
"EOLA2",4.43e-18,0.539,0.082,0.049,8.24e-14,"EOLA2"
"HSBP1L1",4.44e-18,0.745,0.055,0.029,8.27e-14,"HSBP1L1"
"PANX1",4.48e-18,-0.292,0.194,0.246,8.33e-14,"PANX1"
"H2BC6",4.54e-18,-2.042,0.043,0.073,8.45e-14,"H2BC6"
"ENDOV",4.56e-18,0.25,0.269,0.206,8.49e-14,"ENDOV"
"MYSM1",4.59e-18,0.279,0.384,0.314,8.54e-14,"MYSM1"
"TMEM242",4.6e-18,0.279,0.363,0.291,8.56e-14,"TMEM242"
"TM6SF2",4.76e-18,1.436,0.025,0.009,8.87e-14,"TM6SF2"
"GJB2",4.78e-18,3.892,0.011,0.001,8.9e-14,"GJB2"
"MRPS5",4.8e-18,0.419,0.23,0.174,8.94e-14,"MRPS5"
"PNN",4.99e-18,0.202,0.887,0.869,9.29e-14,"PNN"
"TMEM271",5.19e-18,-0.926,0.011,0.03,9.65e-14,"TMEM271"
"ENPP5",5.27e-18,0.853,0.032,0.013,9.81e-14,"ENPP5"
"CC2D2A",5.28e-18,0.26,0.595,0.526,9.83e-14,"CC2D2A"
"FEM1C",5.47e-18,0.352,0.417,0.353,1.02e-13,"FEM1C"
"APEX2",5.5e-18,0.62,0.081,0.048,1.02e-13,"APEX2"
"NR1H3",5.57e-18,0.484,0.077,0.045,1.04e-13,"NR1H3"
"HECTD3",5.62e-18,0.533,0.111,0.072,1.05e-13,"HECTD3"
"CCDC92B",5.64e-18,-0.355,0.039,0.069,1.05e-13,"CCDC92B"
"RNF25",5.81e-18,0.49,0.127,0.086,1.08e-13,"RNF25"
"RPUSD1",6.03e-18,0.451,0.093,0.057,1.12e-13,"RPUSD1"
"ST6GALNAC3",6.09e-18,-0.503,0.323,0.37,1.13e-13,"ST6GALNAC3"
"H2AC15",6.24e-18,-0.519,0.064,0.1,1.16e-13,"H2AC15"
"ENSG00000170846",6.27e-18,0.507,0.148,0.103,1.17e-13,"ENSG00000170846"
"CEP43",6.33e-18,-0.329,0.379,0.42,1.18e-13,"CEP43"
"LRRFIP2",6.43e-18,0.238,0.702,0.664,1.2e-13,"LRRFIP2"
"PLEKHG5",6.66e-18,0.639,0.086,0.052,1.24e-13,"PLEKHG5"
"PIGG",6.85e-18,0.338,0.237,0.179,1.28e-13,"PIGG"
"FNDC5",6.99e-18,0.694,0.093,0.059,1.3e-13,"FNDC5"
"PRRT3",7.14e-18,0.616,0.063,0.035,1.33e-13,"PRRT3"
"MRM2",7.38e-18,0.341,0.292,0.229,1.37e-13,"MRM2"
"YDJC",7.39e-18,0.478,0.093,0.058,1.37e-13,"YDJC"
"CCDC190",7.51e-18,4.442,0.01,0.001,1.4e-13,"CCDC190"
"GPN1",7.65e-18,0.392,0.289,0.228,1.42e-13,"GPN1"
"PLOD2",7.84e-18,-0.267,0.227,0.168,1.46e-13,"PLOD2"
"EFR3B",7.88e-18,0.289,0.532,0.473,1.47e-13,"EFR3B"
"ELP3",7.96e-18,0.252,0.421,0.346,1.48e-13,"ELP3"
"VAV3",7.99e-18,2.007,0.035,0.015,1.49e-13,"VAV3"
"TMEM25",8.09e-18,0.319,0.28,0.217,1.51e-13,"TMEM25"
"TTLL12",8.12e-18,0.514,0.1,0.064,1.51e-13,"TTLL12"
"TTC7B",8.16e-18,0.318,0.537,0.478,1.52e-13,"TTC7B"
"GMFG",8.16e-18,1.104,0.032,0.013,1.52e-13,"GMFG"
"SRSF5",8.22e-18,0.215,0.841,0.835,1.53e-13,"SRSF5"
"ZNF100",8.25e-18,-0.214,0.394,0.442,1.54e-13,"ZNF100"
"WDHD1",8.31e-18,-0.367,0.264,0.317,1.55e-13,"WDHD1"
"ZNF709",8.42e-18,-0.204,0.355,0.41,1.57e-13,"ZNF709"
"KCNK3",8.61e-18,-0.83,0.017,0.038,1.6e-13,"KCNK3"
"METTL14",8.67e-18,0.313,0.4,0.333,1.61e-13,"METTL14"
"PAQR3",8.84e-18,0.356,0.302,0.24,1.65e-13,"PAQR3"
"TMEM51",8.85e-18,0.657,0.085,0.052,1.65e-13,"TMEM51"
"SLC10A3",8.95e-18,0.796,0.041,0.019,1.67e-13,"SLC10A3"
"KIZ",9.24e-18,0.496,0.37,0.312,1.72e-13,"KIZ"
"CDKL3",9.26e-18,0.198,0.405,0.331,1.72e-13,"CDKL3"
"C19orf25",9.38e-18,0.287,0.344,0.275,1.75e-13,"C19orf25"
"RASAL2",9.38e-18,-0.174,0.835,0.849,1.75e-13,"RASAL2"
"CDC42BPB",9.44e-18,0.234,0.638,0.58,1.76e-13,"CDC42BPB"
"SLITRK4",9.59e-18,-2.535,0.006,0.022,1.79e-13,"SLITRK4"
"DNAJC18",9.75e-18,0.301,0.471,0.398,1.82e-13,"DNAJC18"
"CHCHD7",9.92e-18,0.422,0.156,0.111,1.85e-13,"CHCHD7"
"MAPKAPK5",1e-17,0.296,0.45,0.381,1.87e-13,"MAPKAPK5"
"ARSK",1.03e-17,0.352,0.145,0.101,1.91e-13,"ARSK"
"SRGAP3",1.04e-17,0.18,0.785,0.755,1.93e-13,"SRGAP3"
"ZNF343",1.1e-17,0.482,0.106,0.069,2.04e-13,"ZNF343"
"GNL3",1.1e-17,0.324,0.459,0.395,2.05e-13,"GNL3"
"NAT9",1.14e-17,0.461,0.145,0.101,2.11e-13,"NAT9"
"BAG6",1.15e-17,0.351,0.443,0.375,2.14e-13,"BAG6"
"MIER3",1.16e-17,0.287,0.312,0.248,2.15e-13,"MIER3"
"ACOX3",1.18e-17,0.321,0.257,0.197,2.19e-13,"ACOX3"
"CHRNA9",1.19e-17,1.976,0.013,0.002,2.21e-13,"CHRNA9"
"SYT13",1.19e-17,-0.937,0.01,0.028,2.22e-13,"SYT13"
"POMZP3",1.23e-17,0.456,0.179,0.131,2.28e-13,"POMZP3"
"DPPA4",1.23e-17,1.842,0.026,0.009,2.29e-13,"DPPA4"
"MED15",1.23e-17,0.27,0.454,0.386,2.3e-13,"MED15"
"RIMS1",1.26e-17,-0.286,0.358,0.41,2.35e-13,"RIMS1"
"NOPCHAP1",1.27e-17,0.292,0.403,0.334,2.36e-13,"NOPCHAP1"
"BEND5",1.29e-17,-0.272,0.2,0.254,2.41e-13,"BEND5"
"CARS2",1.3e-17,0.323,0.51,0.447,2.42e-13,"CARS2"
"C12orf73",1.34e-17,0.331,0.361,0.295,2.5e-13,"C12orf73"
"NPFFR2",1.36e-17,-0.846,0.016,0.003,2.52e-13,"NPFFR2"
"CACYBP",1.39e-17,0.252,0.65,0.603,2.58e-13,"CACYBP"
"DUSP4",1.4e-17,0.211,0.117,0.076,2.6e-13,"DUSP4"
"TNFRSF10C",1.45e-17,3.229,0.01,0.001,2.69e-13,"TNFRSF10C"
"TRAPPC2",1.45e-17,0.368,0.309,0.246,2.69e-13,"TRAPPC2"
"DDX28",1.47e-17,0.49,0.089,0.055,2.73e-13,"DDX28"
"ZCWPW1",1.47e-17,0.577,0.097,0.062,2.74e-13,"ZCWPW1"
"CDK10",1.49e-17,0.403,0.242,0.186,2.77e-13,"CDK10"
"PWWP3A",1.5e-17,0.349,0.557,0.496,2.79e-13,"PWWP3A"
"SMIM18",1.51e-17,-0.32,0.066,0.103,2.81e-13,"SMIM18"
"H2BC8",1.52e-17,-1.049,0.01,0.028,2.83e-13,"H2BC8"
"BMPR2",1.53e-17,-0.1,0.959,0.969,2.85e-13,"BMPR2"
"TELO2",1.54e-17,0.521,0.118,0.079,2.87e-13,"TELO2"
"STK24",1.67e-17,0.273,0.581,0.512,3.11e-13,"STK24"
"NFIL3",1.67e-17,-0.223,0.231,0.286,3.12e-13,"NFIL3"
"XXYLT1",1.67e-17,0.286,0.408,0.338,3.12e-13,"XXYLT1"
"ZNF513",1.69e-17,0.398,0.112,0.073,3.15e-13,"ZNF513"
"SGIP1",1.71e-17,-0.118,0.412,0.468,3.19e-13,"SGIP1"
"MRPL39",1.73e-17,0.325,0.334,0.271,3.22e-13,"MRPL39"
"PRDM11",1.78e-17,0.474,0.095,0.059,3.32e-13,"PRDM11"
"MRFAP1L1",1.8e-17,0.237,0.556,0.489,3.35e-13,"MRFAP1L1"
"CAND1",1.84e-17,0.247,0.762,0.734,3.43e-13,"CAND1"
"FN3KRP",1.86e-17,0.347,0.258,0.2,3.45e-13,"FN3KRP"
"ZNF655",1.88e-17,0.318,0.449,0.381,3.5e-13,"ZNF655"
"NEK1",1.91e-17,0.224,0.677,0.616,3.56e-13,"NEK1"
"FAM169A",1.91e-17,0.185,0.33,0.26,3.56e-13,"FAM169A"
"AKAP5",1.92e-17,-0.852,0.08,0.117,3.57e-13,"AKAP5"
"RPRM",1.93e-17,-3.17,0.011,0.029,3.58e-13,"RPRM"
"POLH",1.93e-17,-0.293,0.314,0.363,3.6e-13,"POLH"
"NPW",1.95e-17,0.871,0.037,0.016,3.62e-13,"NPW"
"MYLK2",1.95e-17,-1.748,0.007,0.023,3.63e-13,"MYLK2"
"PNRC1",1.97e-17,0.221,0.778,0.765,3.66e-13,"PNRC1"
"TOX2",1.98e-17,-0.256,0.119,0.166,3.68e-13,"TOX2"
"ENSG00000187186",2e-17,0.448,0.151,0.106,3.72e-13,"ENSG00000187186"
"NWD1",2.02e-17,1.412,0.022,0.007,3.75e-13,"NWD1"
"RNF40",2.1e-17,0.295,0.305,0.242,3.9e-13,"RNF40"
"HELZ2",2.12e-17,0.882,0.047,0.023,3.95e-13,"HELZ2"
"ZNF225",2.13e-17,0.695,0.084,0.052,3.96e-13,"ZNF225"
"FIGNL1",2.16e-17,-0.38,0.16,0.207,4.01e-13,"FIGNL1"
"ANGPT2",2.32e-17,0.665,0.425,0.361,4.32e-13,"ANGPT2"
"MIDEAS",2.33e-17,0.401,0.301,0.242,4.33e-13,"MIDEAS"
"DDX50",2.43e-17,0.251,0.567,0.499,4.52e-13,"DDX50"
"CCDC138",2.45e-17,-0.301,0.479,0.519,4.57e-13,"CCDC138"
"ZNF717",2.46e-17,0.38,0.16,0.114,4.58e-13,"ZNF717"
"CHST1",2.48e-17,1.218,0.038,0.017,4.62e-13,"CHST1"
"MTFMT",2.5e-17,0.239,0.299,0.235,4.66e-13,"MTFMT"
"DCAKD",2.52e-17,0.238,0.465,0.392,4.68e-13,"DCAKD"
"CHGA",2.57e-17,-0.572,0.021,0.044,4.78e-13,"CHGA"
"SRCIN1",2.58e-17,-0.235,0.198,0.251,4.81e-13,"SRCIN1"
"ZNF592",2.6e-17,0.35,0.392,0.329,4.84e-13,"ZNF592"
"MGAT5",2.75e-17,-0.183,0.621,0.662,5.12e-13,"MGAT5"
"IL27RA",2.75e-17,0.726,0.036,0.016,5.12e-13,"IL27RA"
"CLCC1",2.79e-17,0.325,0.422,0.358,5.18e-13,"CLCC1"
"NAPG",2.82e-17,0.265,0.483,0.41,5.24e-13,"NAPG"
"EPHA10",2.93e-17,-1.897,0.003,0.015,5.45e-13,"EPHA10"
"ENSG00000283977",2.96e-17,0.43,0.156,0.111,5.5e-13,"ENSG00000283977"
"ARHGAP10",2.96e-17,0.988,0.046,0.023,5.5e-13,"ARHGAP10"
"MIS18A",3e-17,-0.311,0.266,0.318,5.59e-13,"MIS18A"
"DHX16",3.01e-17,0.38,0.239,0.183,5.61e-13,"DHX16"
"THBS1",3.07e-17,2.673,0.012,0.002,5.72e-13,"THBS1"
"RGS5",3.1e-17,0.187,0.227,0.17,5.78e-13,"RGS5"
"BATF3",3.18e-17,1.474,0.016,0.003,5.92e-13,"BATF3"
"ZDHHC23",3.39e-17,1.096,0.027,0.01,6.31e-13,"ZDHHC23"
"PIGO",3.5e-17,0.624,0.076,0.046,6.51e-13,"PIGO"
"WDR47",3.53e-17,-0.123,0.725,0.755,6.58e-13,"WDR47"
"PLCG1",3.66e-17,0.392,0.326,0.265,6.8e-13,"PLCG1"
"TRIB3",3.67e-17,0.951,0.05,0.026,6.82e-13,"TRIB3"
"CFAP61",3.7e-17,1.01,0.046,0.023,6.89e-13,"CFAP61"
"DHRS7B",3.75e-17,0.102,0.352,0.279,6.98e-13,"DHRS7B"
"DCTN3",3.79e-17,0.215,0.866,0.838,7.06e-13,"DCTN3"
"CDC25A",3.86e-17,-0.575,0.1,0.14,7.19e-13,"CDC25A"
"CLDN10",3.98e-17,1.706,0.034,0.015,7.41e-13,"CLDN10"
"WIZ",4.18e-17,0.297,0.358,0.293,7.79e-13,"WIZ"
"SEC16A",4.27e-17,0.335,0.336,0.272,7.94e-13,"SEC16A"
"EIF2B1",4.44e-17,0.298,0.346,0.28,8.27e-13,"EIF2B1"
"TIPIN",4.49e-17,0.264,0.288,0.227,8.35e-13,"TIPIN"
"ABRACL",4.49e-17,0.184,0.515,0.446,8.35e-13,"ABRACL"
"TMEM41A",4.5e-17,0.44,0.125,0.085,8.38e-13,"TMEM41A"
"TMEM178A",4.52e-17,0.757,0.118,0.081,8.42e-13,"TMEM178A"
"LONP1",4.56e-17,0.307,0.243,0.187,8.5e-13,"LONP1"
"GRM8",4.65e-17,0.728,0.083,0.051,8.66e-13,"GRM8"
"SMIM13",4.71e-17,0.349,0.344,0.281,8.76e-13,"SMIM13"
"ERAL1",4.75e-17,0.359,0.199,0.148,8.84e-13,"ERAL1"
"LRRC1",4.75e-17,-0.406,0.354,0.397,8.84e-13,"LRRC1"
"CFAP47",4.8e-17,3.381,0.012,0.002,8.93e-13,"CFAP47"
"NT5E",4.99e-17,1.334,0.023,0.007,9.29e-13,"NT5E"
"NLRX1",5e-17,1.243,0.028,0.011,9.31e-13,"NLRX1"
"FANCC",5.03e-17,-0.514,0.376,0.412,9.36e-13,"FANCC"
"DLEU7",5.04e-17,0.684,0.073,0.043,9.38e-13,"DLEU7"
"ZNF658",5.08e-17,0.385,0.136,0.094,9.46e-13,"ZNF658"
"AMIGO1",5.1e-17,1.123,0.037,0.017,9.49e-13,"AMIGO1"
"LIF",5.13e-17,2.587,0.013,0.002,9.55e-13,"LIF"
"N4BP2L1",5.22e-17,0.58,0.119,0.081,9.72e-13,"N4BP2L1"
"H2AC21",5.24e-17,-0.849,0.026,0.05,9.76e-13,"H2AC21"
"RBSN",5.31e-17,0.244,0.443,0.375,9.89e-13,"RBSN"
"BEX1",5.43e-17,0.247,0.695,0.808,1.01e-12,"BEX1"
"MEIS2",5.59e-17,-0.446,0.662,0.642,1.04e-12,"MEIS2"
"LSM5",5.86e-17,0.187,0.729,0.68,1.09e-12,"LSM5"
"NF1",5.88e-17,0.198,0.947,0.935,1.1e-12,"NF1"
"ENSG00000289694",5.93e-17,0.526,0.116,0.077,1.1e-12,"ENSG00000289694"
"UACA",5.97e-17,0.194,0.202,0.15,1.11e-12,"UACA"
"XPO5",6.03e-17,0.28,0.347,0.282,1.12e-12,"XPO5"
"DVL2",6.32e-17,0.391,0.245,0.19,1.18e-12,"DVL2"
"SBF1",6.43e-17,0.426,0.22,0.167,1.2e-12,"SBF1"
"PRPF19",6.6e-17,0.362,0.273,0.215,1.23e-12,"PRPF19"
"NECTIN1",6.64e-17,-0.275,0.122,0.167,1.24e-12,"NECTIN1"
"SEC61A2",6.75e-17,0.334,0.407,0.344,1.26e-12,"SEC61A2"
"SERTAD2",6.8e-17,-0.313,0.277,0.328,1.27e-12,"SERTAD2"
"TRDMT1",6.85e-17,0.21,0.307,0.243,1.28e-12,"TRDMT1"
"PAPSS1",6.92e-17,0.277,0.805,0.771,1.29e-12,"PAPSS1"
"CNOT3",6.99e-17,0.34,0.264,0.206,1.3e-12,"CNOT3"
"WWC3",7.01e-17,0.321,0.391,0.328,1.3e-12,"WWC3"
"DENND4B",7.04e-17,0.51,0.159,0.114,1.31e-12,"DENND4B"
"ALKBH6",7.33e-17,0.568,0.076,0.045,1.36e-12,"ALKBH6"
"CDKN2AIPNL",7.35e-17,0.383,0.277,0.22,1.37e-12,"CDKN2AIPNL"
"TEKT1",7.53e-17,2.213,0.014,0.003,1.4e-12,"TEKT1"
"ZBTB42",7.55e-17,1.472,0.025,0.009,1.41e-12,"ZBTB42"
"TCERG1",7.58e-17,-0.127,0.695,0.729,1.41e-12,"TCERG1"
"CREBL2",7.84e-17,0.354,0.249,0.192,1.46e-12,"CREBL2"
"CRELD1",8.1e-17,0.462,0.08,0.049,1.51e-12,"CRELD1"
"MOB2",8.35e-17,0.323,0.184,0.135,1.55e-12,"MOB2"
"TMEM245",8.69e-17,-0.19,0.571,0.605,1.62e-12,"TMEM245"
"ULBP3",8.7e-17,2.05,0.012,0.002,1.62e-12,"ULBP3"
"USP36",8.86e-17,0.265,0.219,0.164,1.65e-12,"USP36"
"CNR1",8.97e-17,0.2,0.158,0.112,1.67e-12,"CNR1"
"THSD7B",9.23e-17,-1.324,0.023,0.046,1.72e-12,"THSD7B"
"SCAF1",9.34e-17,0.392,0.251,0.196,1.74e-12,"SCAF1"
"TPRG1L",9.64e-17,0.362,0.105,0.068,1.79e-12,"TPRG1L"
"TBKBP1",9.67e-17,0.824,0.037,0.017,1.8e-12,"TBKBP1"
"PLXNB1",1.01e-16,0.481,0.175,0.13,1.88e-12,"PLXNB1"
"WDR77",1.02e-16,0.382,0.234,0.18,1.89e-12,"WDR77"
"DHODH",1.09e-16,0.409,0.131,0.09,2.03e-12,"DHODH"
"CAP2",1.09e-16,0.236,0.612,0.544,2.03e-12,"CAP2"
"UBE2W",1.09e-16,0.267,0.748,0.703,2.03e-12,"UBE2W"
"KLHL23",1.12e-16,-0.16,0.74,0.769,2.09e-12,"KLHL23"
"MTERF1",1.14e-16,0.204,0.354,0.287,2.12e-12,"MTERF1"
"CCDC14",1.15e-16,-0.133,0.716,0.742,2.15e-12,"CCDC14"
"FKRP",1.17e-16,0.307,0.202,0.149,2.17e-12,"FKRP"
"HGH1",1.21e-16,0.65,0.049,0.025,2.25e-12,"HGH1"
"NR6A1",1.21e-16,0.15,0.527,0.445,2.25e-12,"NR6A1"
"NMRK1",1.22e-16,0.595,0.056,0.031,2.27e-12,"NMRK1"
"MGA",1.25e-16,0.261,0.549,0.488,2.32e-12,"MGA"
"CACNA1C",1.29e-16,-0.331,0.204,0.249,2.4e-12,"CACNA1C"
"LEMD2",1.3e-16,0.415,0.22,0.168,2.42e-12,"LEMD2"
"ARHGAP20",1.31e-16,1.801,0.022,0.007,2.43e-12,"ARHGAP20"
"PTBP1",1.32e-16,0.322,0.384,0.322,2.46e-12,"PTBP1"
"R3HCC1L",1.36e-16,0.244,0.361,0.294,2.53e-12,"R3HCC1L"
"GTF2H2C",1.36e-16,0.314,0.369,0.305,2.54e-12,"GTF2H2C"
"RUNDC1",1.37e-16,0.42,0.194,0.144,2.54e-12,"RUNDC1"
"GPR88",1.46e-16,1.766,0.021,0.006,2.71e-12,"GPR88"
"BARD1",1.47e-16,-0.539,0.434,0.442,2.74e-12,"BARD1"
"ZDHHC7",1.49e-16,0.324,0.209,0.157,2.77e-12,"ZDHHC7"
"PPP1R16B",1.49e-16,-2.059,0.003,0.014,2.77e-12,"PPP1R16B"
"TRMT1L",1.49e-16,0.277,0.264,0.205,2.77e-12,"TRMT1L"
"POLR2D",1.49e-16,0.341,0.339,0.278,2.78e-12,"POLR2D"
"PPP1R21",1.5e-16,0.213,0.528,0.455,2.8e-12,"PPP1R21"
"CC2D1A",1.52e-16,0.381,0.233,0.179,2.83e-12,"CC2D1A"
"DGKQ",1.52e-16,0.594,0.082,0.05,2.83e-12,"DGKQ"
"ZNF267",1.53e-16,0.376,0.16,0.115,2.85e-12,"ZNF267"
"SOCS5",1.54e-16,0.293,0.399,0.328,2.86e-12,"SOCS5"
"BIN1",1.56e-16,0.535,0.108,0.071,2.9e-12,"BIN1"
"EHD3",1.58e-16,0.544,0.061,0.034,2.93e-12,"EHD3"
"YRDC",1.62e-16,0.367,0.252,0.195,3.02e-12,"YRDC"
"GRAMD4",1.63e-16,0.345,0.269,0.211,3.03e-12,"GRAMD4"
"KDM5C",1.63e-16,0.282,0.574,0.51,3.03e-12,"KDM5C"
"ZNF319",1.66e-16,0.717,0.079,0.049,3.09e-12,"ZNF319"
"MYLK",1.68e-16,0.705,0.077,0.047,3.13e-12,"MYLK"
"LRRFIP1",1.71e-16,0.192,0.62,0.558,3.19e-12,"LRRFIP1"
"ZIC4",1.76e-16,0.845,0.055,0.03,3.27e-12,"ZIC4"
"RBAK",1.77e-16,0.452,0.146,0.103,3.3e-12,"RBAK"
"CRTC2",1.78e-16,0.667,0.09,0.057,3.32e-12,"CRTC2"
"TNK2",1.79e-16,0.586,0.229,0.179,3.33e-12,"TNK2"
"MID2",1.81e-16,1.652,0.016,0.004,3.37e-12,"MID2"
"ENSG00000233757",1.85e-16,-0.21,0.361,0.412,3.45e-12,"ENSG00000233757"
"DHRSX",1.89e-16,0.392,0.218,0.167,3.51e-12,"DHRSX"
"MOCS3",1.91e-16,0.399,0.098,0.063,3.56e-12,"MOCS3"
"GTF2E1",1.93e-16,0.376,0.17,0.124,3.6e-12,"GTF2E1"
"CCDC169",1.97e-16,1.61,0.022,0.007,3.67e-12,"CCDC169"
"MCTP1",2.04e-16,0.288,0.08,0.049,3.79e-12,"MCTP1"
"DTD1",2.06e-16,0.244,0.844,0.812,3.84e-12,"DTD1"
"POLN",2.07e-16,1.265,0.03,0.012,3.86e-12,"POLN"
"PIP4K2B",2.14e-16,0.253,0.419,0.349,3.99e-12,"PIP4K2B"
"ITGB1BP1",2.15e-16,0.274,0.548,0.492,4e-12,"ITGB1BP1"
"TP53BP2",2.15e-16,0.307,0.599,0.537,4e-12,"TP53BP2"
"HP",2.18e-16,2.699,0.011,0.002,4.07e-12,"HP"
"VPS4B",2.19e-16,0.276,0.571,0.509,4.08e-12,"VPS4B"
"USP10",2.25e-16,0.263,0.657,0.613,4.19e-12,"USP10"
"FBXO21",2.27e-16,0.24,0.801,0.785,4.22e-12,"FBXO21"
"HARS2",2.35e-16,0.357,0.178,0.13,4.37e-12,"HARS2"
"MRI1",2.41e-16,0.546,0.092,0.059,4.48e-12,"MRI1"
"RPL17-C18orf32",2.42e-16,1.138,0.027,0.01,4.5e-12,"RPL17-C18orf32"
"SMPD2",2.45e-16,1.127,0.032,0.013,4.56e-12,"SMPD2"
"HOMEZ",2.47e-16,0.596,0.112,0.076,4.6e-12,"HOMEZ"
"CYB561D1",2.51e-16,0.536,0.084,0.052,4.68e-12,"CYB561D1"
"RNF215",2.55e-16,0.31,0.168,0.121,4.75e-12,"RNF215"
"VHL",2.55e-16,0.258,0.542,0.482,4.75e-12,"VHL"
"GARIN1A",2.57e-16,0.55,0.114,0.077,4.78e-12,"GARIN1A"
"TRIP13",2.59e-16,-0.455,0.094,0.133,4.81e-12,"TRIP13"
"SORD",2.6e-16,0.35,0.249,0.194,4.84e-12,"SORD"
"ENPP4",2.62e-16,0.54,0.087,0.055,4.87e-12,"ENPP4"
"ACBD4",2.64e-16,0.874,0.033,0.014,4.91e-12,"ACBD4"
"SNRNP200",2.66e-16,0.228,0.674,0.635,4.96e-12,"SNRNP200"
"SNCA",2.72e-16,0.981,0.072,0.043,5.07e-12,"SNCA"
"MTREX",2.72e-16,0.252,0.623,0.566,5.07e-12,"MTREX"
"GID4",2.72e-16,0.394,0.162,0.117,5.07e-12,"GID4"
"KATNIP",2.82e-16,0.252,0.384,0.317,5.25e-12,"KATNIP"
"GPR107",2.91e-16,0.288,0.465,0.401,5.42e-12,"GPR107"
"KLRG1",2.93e-16,0.354,0.213,0.162,5.45e-12,"KLRG1"
"NKX2-1",2.94e-16,0.487,0.377,0.326,5.47e-12,"NKX2-1"
"CFAP91",2.99e-16,1.062,0.035,0.016,5.56e-12,"CFAP91"
"PPP2R2A",3.02e-16,0.249,0.672,0.626,5.62e-12,"PPP2R2A"
"MCUB",3.02e-16,-0.126,0.443,0.485,5.62e-12,"MCUB"
"EHBP1L1",3.03e-16,-0.481,0.039,0.067,5.64e-12,"EHBP1L1"
"DISP3",3.04e-16,-0.187,0.103,0.146,5.66e-12,"DISP3"
"LRRC8C",3.05e-16,0.234,0.228,0.174,5.68e-12,"LRRC8C"
"PATL2",3.06e-16,1.46,0.022,0.007,5.69e-12,"PATL2"
"SLC10A7",3.06e-16,0.212,0.407,0.338,5.7e-12,"SLC10A7"
"ZNF432",3.07e-16,0.326,0.338,0.276,5.72e-12,"ZNF432"
"SOX8",3.09e-16,0.599,0.268,0.216,5.76e-12,"SOX8"
"CDC14A",3.15e-16,0.219,0.33,0.265,5.86e-12,"CDC14A"
"EFCAB5",3.19e-16,-0.402,0.078,0.115,5.93e-12,"EFCAB5"
"CYP27A1",3.22e-16,0.925,0.052,0.028,6e-12,"CYP27A1"
"DDX58",3.25e-16,0.396,0.251,0.197,6.04e-12,"DDX58"
"ARL4A",3.29e-16,0.477,0.118,0.081,6.13e-12,"ARL4A"
"RPAP2",3.37e-16,0.191,0.736,0.683,6.27e-12,"RPAP2"
"HIF1AN",3.39e-16,0.329,0.285,0.227,6.3e-12,"HIF1AN"
"ZBTB44",3.43e-16,-0.129,0.557,0.593,6.38e-12,"ZBTB44"
"PNCK",3.6e-16,0.721,0.059,0.033,6.71e-12,"PNCK"
"ZBTB43",3.6e-16,0.331,0.362,0.299,6.71e-12,"ZBTB43"
"ZNF773",3.63e-16,0.471,0.105,0.069,6.76e-12,"ZNF773"
"ALKBH5",3.7e-16,0.275,0.485,0.421,6.89e-12,"ALKBH5"
"IRAG1",3.8e-16,2.791,0.012,0.002,7.08e-12,"IRAG1"
"CHST6",3.82e-16,2.177,0.014,0.003,7.11e-12,"CHST6"
"RNF103",3.86e-16,0.409,0.249,0.195,7.18e-12,"RNF103"
"DVL1",4e-16,0.425,0.15,0.107,7.44e-12,"DVL1"
"AZI2",4.07e-16,0.308,0.557,0.498,7.57e-12,"AZI2"
"SMIM14",4.1e-16,0.227,0.669,0.6,7.62e-12,"SMIM14"
"POLB",4.1e-16,-0.132,0.391,0.448,7.63e-12,"POLB"
"KCNN1",4.13e-16,-0.588,0.063,0.096,7.68e-12,"KCNN1"
"SUPT3H",4.21e-16,0.153,0.684,0.605,7.83e-12,"SUPT3H"
"EPC2",4.25e-16,-0.2,0.743,0.764,7.92e-12,"EPC2"
"WDR19",4.25e-16,0.265,0.393,0.323,7.92e-12,"WDR19"
"HAS3",4.28e-16,1.481,0.018,0.005,7.96e-12,"HAS3"
"ZNF649",4.41e-16,0.445,0.239,0.189,8.2e-12,"ZNF649"
"SPEF1",4.42e-16,3.567,0.01,0.001,8.23e-12,"SPEF1"
"NOL6",4.46e-16,0.537,0.056,0.03,8.3e-12,"NOL6"
"CRYGD",4.47e-16,1.763,0.019,0.006,8.32e-12,"CRYGD"
"MFN2",4.49e-16,0.365,0.241,0.186,8.35e-12,"MFN2"
"CPSF3",4.53e-16,0.293,0.361,0.298,8.43e-12,"CPSF3"
"SLITRK6",4.59e-16,-3.515,0.002,0.012,8.54e-12,"SLITRK6"
"TMCO4",4.75e-16,2.541,0.014,0.003,8.84e-12,"TMCO4"
"ABTB2",4.77e-16,0.147,0.31,0.242,8.88e-12,"ABTB2"
"GLIPR1L1",4.82e-16,0.96,0.067,0.04,8.98e-12,"GLIPR1L1"
"ZNF598",4.97e-16,0.411,0.143,0.102,9.25e-12,"ZNF598"
"STK10",4.98e-16,0.415,0.153,0.109,9.27e-12,"STK10"
"KMT2C",4.99e-16,0.213,0.968,0.971,9.29e-12,"KMT2C"
"SLC22A1",5.11e-16,1.257,0.027,0.011,9.5e-12,"SLC22A1"
"RAB33B",5.12e-16,0.328,0.156,0.111,9.52e-12,"RAB33B"
"DDHD1",5.21e-16,0.293,0.628,0.575,9.69e-12,"DDHD1"
"ST8SIA3",5.34e-16,-1.395,0.023,0.045,9.95e-12,"ST8SIA3"
"SLC35A5",5.4e-16,0.157,0.296,0.232,1.01e-11,"SLC35A5"
"KCNA5",5.43e-16,-2.221,0.003,0.014,1.01e-11,"KCNA5"
"PGAP2",5.58e-16,0.357,0.222,0.171,1.04e-11,"PGAP2"
"AP2A2",5.6e-16,0.265,0.481,0.421,1.04e-11,"AP2A2"
"FBXO3",5.73e-16,0.28,0.481,0.415,1.07e-11,"FBXO3"
"ARHGDIG",5.75e-16,0.219,0.05,0.026,1.07e-11,"ARHGDIG"
"MEIKIN",5.83e-16,1.504,0.013,0.002,1.08e-11,"MEIKIN"
"EMILIN1",5.94e-16,1.855,0.016,0.004,1.11e-11,"EMILIN1"
"USE1",5.97e-16,0.26,0.319,0.256,1.11e-11,"USE1"
"KCNJ6",5.99e-16,0.796,0.035,0.016,1.11e-11,"KCNJ6"
"TAB2",6e-16,0.238,0.733,0.685,1.12e-11,"TAB2"
"MRPL42",6.03e-16,0.263,0.725,0.684,1.12e-11,"MRPL42"
"ARF6",6.13e-16,0.351,0.474,0.414,1.14e-11,"ARF6"
"POPDC3",6.36e-16,3.07,0.012,0.002,1.18e-11,"POPDC3"
"FAM104A",6.62e-16,0.271,0.407,0.341,1.23e-11,"FAM104A"
"TYW1",6.66e-16,0.23,0.564,0.5,1.24e-11,"TYW1"
"PRPF38B",6.67e-16,0.278,0.619,0.566,1.24e-11,"PRPF38B"
"TAB1",6.74e-16,0.32,0.258,0.201,1.25e-11,"TAB1"
"HAAO",7.15e-16,1.21,0.038,0.018,1.33e-11,"HAAO"
"CYLD",7.15e-16,0.227,0.294,0.23,1.33e-11,"CYLD"
"POLA2",7.3e-16,-0.425,0.137,0.18,1.36e-11,"POLA2"
"OXCT1",7.31e-16,0.223,0.417,0.348,1.36e-11,"OXCT1"
"CLCN5",7.32e-16,0.224,0.394,0.324,1.36e-11,"CLCN5"
"KCNC1",7.4e-16,-0.419,0.144,0.187,1.38e-11,"KCNC1"
"NELFB",7.62e-16,0.351,0.315,0.257,1.42e-11,"NELFB"
"TINF2",7.65e-16,0.323,0.289,0.23,1.42e-11,"TINF2"
"CUL7",7.65e-16,0.665,0.075,0.045,1.42e-11,"CUL7"
"THUMPD1",7.68e-16,0.279,0.477,0.413,1.43e-11,"THUMPD1"
"DNAJC28",7.74e-16,0.527,0.059,0.033,1.44e-11,"DNAJC28"
"SDAD1",7.76e-16,0.245,0.42,0.354,1.44e-11,"SDAD1"
"OARD1",7.91e-16,0.304,0.45,0.388,1.47e-11,"OARD1"
"CD99L2",7.92e-16,0.28,0.513,0.448,1.47e-11,"CD99L2"
"MIGA1",8.07e-16,0.211,0.552,0.48,1.5e-11,"MIGA1"
"SMAD6",8.1e-16,1.675,0.016,0.004,1.51e-11,"SMAD6"
"HADH",8.18e-16,0.305,0.391,0.33,1.52e-11,"HADH"
"WDR24",8.18e-16,0.721,0.054,0.03,1.52e-11,"WDR24"
"CMTM5",8.21e-16,1.877,0.015,0.003,1.53e-11,"CMTM5"
"LRRC47",8.28e-16,0.317,0.262,0.205,1.54e-11,"LRRC47"
"TTLL7",8.83e-16,-0.172,0.651,0.683,1.64e-11,"TTLL7"
"TAS2R20",9.19e-16,0.571,0.085,0.054,1.71e-11,"TAS2R20"
"TMEM97",9.27e-16,0.396,0.405,0.351,1.72e-11,"TMEM97"
"COL28A1",9.3e-16,1.017,0.033,0.015,1.73e-11,"COL28A1"
"C6orf47",9.34e-16,0.444,0.14,0.099,1.74e-11,"C6orf47"
"AATK",9.43e-16,0.364,0.102,0.067,1.75e-11,"AATK"
"ORC3",9.61e-16,0.283,0.471,0.407,1.79e-11,"ORC3"
"CLASRP",9.78e-16,0.289,0.355,0.292,1.82e-11,"CLASRP"
"DERL3",1e-15,0.944,0.034,0.016,1.87e-11,"DERL3"
"CRAMP1",1.01e-15,0.308,0.338,0.276,1.88e-11,"CRAMP1"
"SPATA2",1.01e-15,0.61,0.068,0.041,1.88e-11,"SPATA2"
"OGDHL",1.01e-15,0.949,0.018,0.005,1.88e-11,"OGDHL"
"CBX2",1.02e-15,-0.248,0.238,0.288,1.89e-11,"CBX2"
"ERAP2",1.02e-15,0.765,0.043,0.022,1.9e-11,"ERAP2"
"DDX41",1.03e-15,0.297,0.206,0.155,1.91e-11,"DDX41"
"TMEM63C",1.06e-15,-0.488,0.05,0.08,1.98e-11,"TMEM63C"
"MTA1",1.06e-15,0.32,0.472,0.41,1.98e-11,"MTA1"
"APOC1",1.07e-15,2.111,0.016,0.004,1.99e-11,"APOC1"
"RNF138",1.07e-15,-0.239,0.452,0.492,1.99e-11,"RNF138"
"SLC12A8",1.08e-15,0.664,0.144,0.104,2.01e-11,"SLC12A8"
"KLHL42",1.16e-15,0.253,0.561,0.497,2.16e-11,"KLHL42"
"SMAD4",1.16e-15,0.204,0.762,0.716,2.16e-11,"SMAD4"
"BTD",1.18e-15,-0.228,0.434,0.482,2.2e-11,"BTD"
"SMOX",1.19e-15,0.414,0.189,0.142,2.21e-11,"SMOX"
"RNMT",1.21e-15,0.228,0.672,0.616,2.25e-11,"RNMT"
"SMG6",1.25e-15,0.225,0.741,0.697,2.32e-11,"SMG6"
"FERMT1",1.29e-15,-0.758,0.041,0.069,2.39e-11,"FERMT1"
"PYROXD2",1.34e-15,0.972,0.025,0.01,2.5e-11,"PYROXD2"
"PER3",1.39e-15,0.543,0.271,0.22,2.59e-11,"PER3"
"MGAT1",1.44e-15,0.255,0.196,0.147,2.69e-11,"MGAT1"
"ADAMTS12",1.45e-15,-0.101,0.15,0.107,2.7e-11,"ADAMTS12"
"ATXN7L3B",1.5e-15,0.181,0.667,0.607,2.79e-11,"ATXN7L3B"
"NXPH2",1.52e-15,-1.816,0.01,0.027,2.83e-11,"NXPH2"
"GDPGP1",1.55e-15,0.767,0.04,0.019,2.89e-11,"GDPGP1"
"PGAM5",1.56e-15,0.347,0.122,0.083,2.9e-11,"PGAM5"
"YIPF4",1.56e-15,0.24,0.634,0.579,2.91e-11,"YIPF4"
"LGI2",1.59e-15,1.585,0.023,0.008,2.96e-11,"LGI2"
"ZFX",1.6e-15,0.218,0.7,0.645,2.98e-11,"ZFX"
"BRS3",1.63e-15,2.499,0.019,0.006,3.03e-11,"BRS3"
"H2BC7",1.63e-15,-0.705,0.034,0.059,3.04e-11,"H2BC7"
"TMEM102",1.65e-15,1.841,0.016,0.004,3.07e-11,"TMEM102"
"PGGHG",1.69e-15,1.596,0.019,0.006,3.15e-11,"PGGHG"
"BCR",1.74e-15,0.29,0.423,0.359,3.24e-11,"BCR"
"METTL2A",1.76e-15,0.285,0.404,0.339,3.28e-11,"METTL2A"
"CDC42EP3",1.77e-15,-0.115,0.265,0.321,3.29e-11,"CDC42EP3"
"GHR",1.79e-15,0.963,0.046,0.024,3.32e-11,"GHR"
"FTO",1.8e-15,0.233,0.835,0.798,3.35e-11,"FTO"
"EML2",1.82e-15,0.373,0.156,0.112,3.38e-11,"EML2"
"TLR3",1.82e-15,1.936,0.018,0.005,3.38e-11,"TLR3"
"RAB3IL1",1.82e-15,1.615,0.018,0.005,3.39e-11,"RAB3IL1"
"AMDHD1",1.83e-15,2.102,0.011,0.002,3.41e-11,"AMDHD1"
"BORCS6",1.84e-15,0.444,0.083,0.052,3.42e-11,"BORCS6"
"PLD2",1.84e-15,0.575,0.073,0.045,3.42e-11,"PLD2"
"LMF1",1.85e-15,0.278,0.472,0.406,3.44e-11,"LMF1"
"COL1A2",1.86e-15,-0.535,0.034,0.059,3.47e-11,"COL1A2"
"ILVBL",1.87e-15,0.309,0.196,0.148,3.48e-11,"ILVBL"
"PHLDB2",1.88e-15,-0.628,0.036,0.062,3.5e-11,"PHLDB2"
"DNAJC17",1.9e-15,0.307,0.349,0.286,3.54e-11,"DNAJC17"
"UTP4",1.92e-15,0.231,0.228,0.175,3.58e-11,"UTP4"
"PDE12",1.93e-15,0.403,0.216,0.165,3.6e-11,"PDE12"
"ZFAND5",1.94e-15,0.249,0.713,0.679,3.62e-11,"ZFAND5"
"LDHA",1.98e-15,0.448,0.208,0.161,3.68e-11,"LDHA"
"YME1L1",2e-15,0.203,0.769,0.735,3.73e-11,"YME1L1"
"RNF103-CHMP3",2.06e-15,0.367,0.16,0.116,3.84e-11,"RNF103-CHMP3"
"SENP2",2.06e-15,0.234,0.5,0.434,3.84e-11,"SENP2"
"TRAFD1",2.11e-15,0.315,0.306,0.247,3.94e-11,"TRAFD1"
"KDM5B",2.16e-15,0.209,0.97,0.939,4.02e-11,"KDM5B"
"PRR5",2.19e-15,1.197,0.019,0.006,4.08e-11,"PRR5"
"ZFAND2B",2.25e-15,0.501,0.172,0.128,4.18e-11,"ZFAND2B"
"TYW5",2.27e-15,0.287,0.286,0.227,4.22e-11,"TYW5"
"RASA4B",2.29e-15,0.801,0.061,0.035,4.26e-11,"RASA4B"
"MOB3C",2.3e-15,1.869,0.017,0.005,4.27e-11,"MOB3C"
"PITRM1",2.33e-15,0.357,0.17,0.125,4.33e-11,"PITRM1"
"SFMBT1",2.46e-15,-0.319,0.474,0.505,4.58e-11,"SFMBT1"
"STIP1",2.47e-15,0.274,0.6,0.557,4.6e-11,"STIP1"
"SIAH3",2.47e-15,1.032,0.083,0.054,4.6e-11,"SIAH3"
"SMARCB1",2.5e-15,0.238,0.768,0.737,4.65e-11,"SMARCB1"
"BRAP",2.51e-15,0.289,0.317,0.257,4.67e-11,"BRAP"
"MNT",2.52e-15,0.369,0.18,0.133,4.68e-11,"MNT"
"FOXO3",2.59e-15,-0.144,0.591,0.635,4.83e-11,"FOXO3"
"STS",2.63e-15,0.162,0.241,0.185,4.9e-11,"STS"
"PCYOX1L",2.75e-15,0.546,0.106,0.071,5.13e-11,"PCYOX1L"
"ZNF134",2.82e-15,0.319,0.232,0.18,5.24e-11,"ZNF134"
"HIRA",2.83e-15,0.265,0.255,0.199,5.26e-11,"HIRA"
"SEPTIN11",2.86e-15,0.144,0.941,0.928,5.31e-11,"SEPTIN11"
"SNX8",2.9e-15,0.356,0.209,0.16,5.4e-11,"SNX8"
"NME6",2.92e-15,0.322,0.233,0.181,5.43e-11,"NME6"
"GMNN",2.95e-15,-0.346,0.286,0.33,5.48e-11,"GMNN"
"GLI2",2.99e-15,0.254,0.431,0.367,5.57e-11,"GLI2"
"NR2C2AP",3e-15,0.388,0.114,0.078,5.58e-11,"NR2C2AP"
"TMEM170B",3.09e-15,0.287,0.384,0.321,5.75e-11,"TMEM170B"
"FLJ42393",3.12e-15,1.402,0.021,0.007,5.8e-11,"FLJ42393"
"SYNC",3.13e-15,0.333,0.484,0.42,5.82e-11,"SYNC"
"UBE2E3",3.13e-15,0.22,0.901,0.871,5.82e-11,"UBE2E3"
"ZDHHC20",3.13e-15,-0.183,0.639,0.664,5.83e-11,"ZDHHC20"
"CDK5R2",3.18e-15,-0.661,0.017,0.036,5.93e-11,"CDK5R2"
"PLB1",3.19e-15,1.299,0.018,0.006,5.93e-11,"PLB1"
"IFI27",3.22e-15,1.155,0.052,0.029,5.99e-11,"IFI27"
"MAP4K3",3.25e-15,0.201,0.827,0.803,6.04e-11,"MAP4K3"
"SGK2",3.3e-15,0.995,0.026,0.01,6.15e-11,"SGK2"
"DTNB",3.39e-15,-0.147,0.597,0.629,6.31e-11,"DTNB"
"RHBDD1",3.39e-15,0.194,0.305,0.243,6.32e-11,"RHBDD1"
"RTL5",3.4e-15,0.544,0.143,0.104,6.32e-11,"RTL5"
"ITFG1",3.5e-15,0.143,0.878,0.858,6.51e-11,"ITFG1"
"ZNF776",3.5e-15,0.332,0.234,0.182,6.52e-11,"ZNF776"
"GARIN1B",3.51e-15,1.649,0.018,0.005,6.53e-11,"GARIN1B"
"H4C4",3.56e-15,-0.813,0.032,0.057,6.62e-11,"H4C4"
"MED22",3.67e-15,0.369,0.184,0.138,6.83e-11,"MED22"
"RAB27A",3.7e-15,0.304,0.156,0.113,6.88e-11,"RAB27A"
"GOLGA3",3.8e-15,0.249,0.378,0.314,7.07e-11,"GOLGA3"
"SLC35E4",3.9e-15,0.457,0.141,0.1,7.26e-11,"SLC35E4"
"FSD2",3.98e-15,0.648,0.051,0.028,7.4e-11,"FSD2"
"ENSG00000279555",4.01e-15,0.459,0.121,0.084,7.46e-11,"ENSG00000279555"
"GMPPB",4.09e-15,0.612,0.079,0.049,7.61e-11,"GMPPB"
"TBCK",4.23e-15,0.156,0.768,0.715,7.87e-11,"TBCK"
"MLIP",4.27e-15,-0.611,0.054,0.083,7.94e-11,"MLIP"
"AP5B1",4.27e-15,0.536,0.069,0.041,7.95e-11,"AP5B1"
"SYDE2",4.3e-15,1.104,0.025,0.01,8e-11,"SYDE2"
"ALMS1",4.48e-15,-0.16,0.668,0.69,8.33e-11,"ALMS1"
"SIN3A",4.48e-15,-0.213,0.451,0.491,8.35e-11,"SIN3A"
"TUG1",4.51e-15,0.231,0.689,0.646,8.39e-11,"TUG1"
"ZNF394",4.53e-15,0.345,0.221,0.17,8.43e-11,"ZNF394"
"MAD2L1BP",4.58e-15,0.387,0.226,0.176,8.52e-11,"MAD2L1BP"
"OSGIN1",4.66e-15,2.156,0.014,0.003,8.68e-11,"OSGIN1"
"TUBGCP5",4.71e-15,0.304,0.304,0.246,8.76e-11,"TUBGCP5"
"AGPS",4.72e-15,0.211,0.54,0.473,8.78e-11,"AGPS"
"LCLAT1",4.77e-15,0.198,0.479,0.405,8.89e-11,"LCLAT1"
"SLC2A3",4.83e-15,0.679,0.229,0.18,9e-11,"SLC2A3"
"UBAP2",4.93e-15,-0.163,0.592,0.63,9.18e-11,"UBAP2"
"MTF1",4.95e-15,0.353,0.268,0.213,9.2e-11,"MTF1"
"ZCCHC3",4.97e-15,0.294,0.33,0.269,9.26e-11,"ZCCHC3"
"LIMD2",5.02e-15,-0.198,0.171,0.219,9.35e-11,"LIMD2"
"MPIG6B",5.03e-15,-0.501,0.026,0.049,9.37e-11,"MPIG6B"
"LIMD1",5.05e-15,0.475,0.392,0.334,9.39e-11,"LIMD1"
"JAK1",5.12e-15,0.233,0.747,0.72,9.53e-11,"JAK1"
"SNX4",5.34e-15,0.205,0.744,0.697,9.95e-11,"SNX4"
"TMOD1",5.5e-15,1.106,0.06,0.035,1.02e-10,"TMOD1"
"SMG8",5.53e-15,0.49,0.133,0.094,1.03e-10,"SMG8"
"PKN1",5.57e-15,0.29,0.509,0.453,1.04e-10,"PKN1"
"PNPLA7",5.62e-15,0.66,0.063,0.037,1.05e-10,"PNPLA7"
"LMNB2",6.04e-15,-0.278,0.294,0.339,1.12e-10,"LMNB2"
"FAM185A",6.09e-15,0.281,0.258,0.203,1.13e-10,"FAM185A"
"MAEA",6.24e-15,0.317,0.382,0.32,1.16e-10,"MAEA"
"INTS6",6.29e-15,0.223,0.585,0.529,1.17e-10,"INTS6"
"OAZ3",6.4e-15,1.631,0.017,0.005,1.19e-10,"OAZ3"
"CACFD1",6.4e-15,0.37,0.191,0.144,1.19e-10,"CACFD1"
"GIGYF2",6.42e-15,0.201,0.828,0.813,1.19e-10,"GIGYF2"
"GTF3C3",6.47e-15,0.312,0.323,0.265,1.2e-10,"GTF3C3"
"CCNDBP1",6.67e-15,0.272,0.201,0.152,1.24e-10,"CCNDBP1"
"DNMT3A",6.75e-15,0.283,0.528,0.468,1.26e-10,"DNMT3A"
"GOPC",6.78e-15,0.228,0.707,0.655,1.26e-10,"GOPC"
"MXD1",6.78e-15,0.226,0.32,0.258,1.26e-10,"MXD1"
"TIMM50",6.81e-15,0.329,0.285,0.229,1.27e-10,"TIMM50"
"HACD2",7.06e-15,0.212,0.374,0.309,1.31e-10,"HACD2"
"CIC",7.18e-15,0.332,0.258,0.204,1.34e-10,"CIC"
"SAV1",7.28e-15,0.256,0.331,0.27,1.36e-10,"SAV1"
"PDK3",7.37e-15,-0.563,0.403,0.432,1.37e-10,"PDK3"
"TRMT2B",7.48e-15,0.258,0.183,0.137,1.39e-10,"TRMT2B"
"ZNF460",7.55e-15,0.392,0.196,0.148,1.4e-10,"ZNF460"
"DZIP3",7.75e-15,0.155,0.484,0.411,1.44e-10,"DZIP3"
"MTMR9",7.76e-15,-0.175,0.544,0.581,1.44e-10,"MTMR9"
"TCEAL5",7.78e-15,1.166,0.053,0.03,1.45e-10,"TCEAL5"
"C14orf132",7.8e-15,0.273,0.584,0.525,1.45e-10,"C14orf132"
"PPIG",7.8e-15,0.16,0.85,0.829,1.45e-10,"PPIG"
"LIG1",7.83e-15,-0.384,0.203,0.248,1.46e-10,"LIG1"
"IL6R",7.86e-15,2.213,0.01,0.001,1.46e-10,"IL6R"
"ENSG00000279398",7.99e-15,1.148,0.036,0.017,1.49e-10,"ENSG00000279398"
"ENSG00000285938",8.04e-15,1.475,0.022,0.008,1.5e-10,"ENSG00000285938"
"GDPD1",8.04e-15,0.234,0.375,0.309,1.5e-10,"GDPD1"
"ENPP2",8.09e-15,2.076,0.014,0.003,1.51e-10,"ENPP2"
"GBP1",8.12e-15,2.485,0.011,0.002,1.51e-10,"GBP1"
"FABP5",8.18e-15,1.976,0.231,0.194,1.52e-10,"FABP5"
"TBL2",8.25e-15,0.34,0.175,0.13,1.54e-10,"TBL2"
"ARHGEF9",8.39e-15,0.27,0.685,0.643,1.56e-10,"ARHGEF9"
"C5orf63",8.67e-15,1.881,0.019,0.006,1.61e-10,"C5orf63"
"FIP1L1",8.8e-15,0.197,0.68,0.641,1.64e-10,"FIP1L1"
"SLMAP",9e-15,0.226,0.691,0.636,1.68e-10,"SLMAP"
"RAB40B",9.16e-15,0.341,0.213,0.163,1.7e-10,"RAB40B"
"SLC9A3",9.18e-15,0.565,0.068,0.041,1.71e-10,"SLC9A3"
"POLG2",9.44e-15,0.387,0.239,0.188,1.76e-10,"POLG2"
"RPS6KA3",9.52e-15,0.427,0.563,0.506,1.77e-10,"RPS6KA3"
"ZNF235",9.66e-15,0.221,0.414,0.348,1.8e-10,"ZNF235"
"DENND2C",9.73e-15,0.834,0.032,0.014,1.81e-10,"DENND2C"
"FAM131B",9.74e-15,0.369,0.115,0.079,1.81e-10,"FAM131B"
"NAA60",1.02e-14,0.309,0.402,0.338,1.9e-10,"NAA60"
"UMPS",1.02e-14,0.326,0.312,0.256,1.9e-10,"UMPS"
"NOL12",1.04e-14,0.274,0.235,0.183,1.94e-10,"NOL12"
"VRK3",1.06e-14,0.342,0.271,0.218,1.97e-10,"VRK3"
"TTC9",1.06e-14,-0.41,0.179,0.221,1.98e-10,"TTC9"
"U2AF1L4",1.07e-14,0.467,0.13,0.092,2e-10,"U2AF1L4"
"TMC1",1.09e-14,0.74,0.023,0.009,2.02e-10,"TMC1"
"NANOS1",1.09e-14,-0.56,0.06,0.091,2.02e-10,"NANOS1"
"DPY19L2",1.1e-14,-0.24,0.327,0.374,2.05e-10,"DPY19L2"
"XKR9",1.1e-14,0.95,0.033,0.015,2.06e-10,"XKR9"
"PLK3",1.12e-14,0.553,0.07,0.043,2.08e-10,"PLK3"
"SMYD5",1.14e-14,0.576,0.06,0.035,2.12e-10,"SMYD5"
"TRIB1",1.14e-14,0.974,0.026,0.01,2.12e-10,"TRIB1"
"H4C5",1.15e-14,-0.307,0.152,0.195,2.14e-10,"H4C5"
"NUP37",1.15e-14,0.235,0.283,0.228,2.15e-10,"NUP37"
"RNF157",1.17e-14,0.377,0.392,0.336,2.18e-10,"RNF157"
"VPS50",1.19e-14,0.215,0.544,0.474,2.22e-10,"VPS50"
"SERAC1",1.2e-14,0.312,0.242,0.19,2.23e-10,"SERAC1"
"RNF113A",1.2e-14,0.431,0.158,0.116,2.23e-10,"RNF113A"
"TICAM1",1.21e-14,1.013,0.025,0.01,2.26e-10,"TICAM1"
"E4F1",1.23e-14,0.465,0.16,0.118,2.29e-10,"E4F1"
"HSPBAP1",1.28e-14,0.42,0.198,0.152,2.38e-10,"HSPBAP1"
"ELMO2",1.28e-14,0.34,0.279,0.225,2.39e-10,"ELMO2"
"TWNK",1.31e-14,0.628,0.06,0.035,2.43e-10,"TWNK"
"H4C8",1.34e-14,-1.038,0.066,0.097,2.49e-10,"H4C8"
"H2AC7",1.34e-14,-0.964,0.025,0.046,2.5e-10,"H2AC7"
"HGD",1.34e-14,1.27,0.026,0.01,2.5e-10,"HGD"
"FRRS1",1.35e-14,2.289,0.011,0.002,2.52e-10,"FRRS1"
"PCDHGB7",1.35e-14,0.703,0.063,0.038,2.52e-10,"PCDHGB7"
"KLHL29",1.36e-14,0.74,0.219,0.177,2.52e-10,"KLHL29"
"STXBP1",1.37e-14,-0.199,0.497,0.531,2.54e-10,"STXBP1"
"FBXO31",1.41e-14,0.335,0.214,0.166,2.62e-10,"FBXO31"
"TMEM140",1.41e-14,0.628,0.078,0.05,2.63e-10,"TMEM140"
"RECQL",1.42e-14,0.232,0.41,0.349,2.64e-10,"RECQL"
"DPY19L3",1.42e-14,0.236,0.49,0.425,2.65e-10,"DPY19L3"
"TERF2",1.46e-14,0.269,0.423,0.359,2.72e-10,"TERF2"
"STEEP1",1.52e-14,0.37,0.155,0.113,2.82e-10,"STEEP1"
"COL26A1",1.52e-14,-1.682,0.007,0.021,2.83e-10,"COL26A1"
"PIP4K2A",1.56e-14,-0.281,0.36,0.395,2.89e-10,"PIP4K2A"
"ELK1",1.58e-14,0.314,0.187,0.14,2.95e-10,"ELK1"
"NEK8",1.61e-14,0.685,0.039,0.019,3e-10,"NEK8"
"YTHDC2",1.62e-14,0.249,0.569,0.511,3.01e-10,"YTHDC2"
"ENO2",1.63e-14,-0.162,0.387,0.433,3.03e-10,"ENO2"
"PLCH2",1.7e-14,-1.679,0.004,0.016,3.16e-10,"PLCH2"
"MSRA",1.73e-14,-0.187,0.768,0.764,3.22e-10,"MSRA"
"COLEC12",1.75e-14,2.648,0.012,0.002,3.25e-10,"COLEC12"
"MPHOSPH9",1.82e-14,-0.308,0.488,0.51,3.38e-10,"MPHOSPH9"
"NPTN",1.82e-14,0.23,0.584,0.528,3.38e-10,"NPTN"
"SEMA4D",1.82e-14,0.647,0.138,0.101,3.38e-10,"SEMA4D"
"HES6",1.84e-14,0.324,0.553,0.59,3.43e-10,"HES6"
"PYROXD1",1.9e-14,0.339,0.247,0.195,3.53e-10,"PYROXD1"
"PIGV",1.91e-14,0.608,0.082,0.053,3.56e-10,"PIGV"
"TTPAL",1.91e-14,0.295,0.215,0.166,3.56e-10,"TTPAL"
"DNAJC1",1.96e-14,0.151,0.578,0.506,3.65e-10,"DNAJC1"
"CAPN10",2.01e-14,0.361,0.21,0.161,3.74e-10,"CAPN10"
"NUMBL",2.09e-14,0.395,0.29,0.237,3.88e-10,"NUMBL"
"FBXL4",2.12e-14,0.235,0.323,0.263,3.94e-10,"FBXL4"
"PKIB",2.15e-14,0.236,0.508,0.451,4e-10,"PKIB"
"TTC26",2.18e-14,0.178,0.24,0.186,4.06e-10,"TTC26"
"ZDHHC17",2.18e-14,0.214,0.678,0.624,4.07e-10,"ZDHHC17"
"SPSB2",2.2e-14,0.524,0.071,0.044,4.09e-10,"SPSB2"
"GALT",2.23e-14,0.306,0.12,0.083,4.14e-10,"GALT"
"CNTNAP5",2.26e-14,-2.942,0.004,0.015,4.2e-10,"CNTNAP5"
"C6orf136",2.26e-14,0.46,0.138,0.099,4.21e-10,"C6orf136"
"BAP1",2.29e-14,0.353,0.137,0.098,4.26e-10,"BAP1"
"DDX56",2.29e-14,0.317,0.243,0.191,4.26e-10,"DDX56"
"NUP35",2.32e-14,-0.324,0.273,0.317,4.31e-10,"NUP35"
"SCMH1",2.32e-14,-0.287,0.701,0.7,4.33e-10,"SCMH1"
"RNF121",2.34e-14,0.224,0.362,0.3,4.35e-10,"RNF121"
"EXOSC5",2.35e-14,0.318,0.115,0.079,4.37e-10,"EXOSC5"
"IKBKG",2.36e-14,0.445,0.128,0.091,4.4e-10,"IKBKG"
"PPP1R37",2.45e-14,0.382,0.133,0.095,4.56e-10,"PPP1R37"
"GLT1D1",2.48e-14,-0.961,0.013,0.029,4.62e-10,"GLT1D1"
"SLIT3",2.53e-14,-1.436,0.008,0.022,4.71e-10,"SLIT3"
"PUDP",2.54e-14,0.156,0.568,0.496,4.72e-10,"PUDP"
"VGLL3",2.57e-14,0.871,0.063,0.038,4.79e-10,"VGLL3"
"DYNLRB2",2.62e-14,2.05,0.012,0.003,4.88e-10,"DYNLRB2"
"CHST4",2.64e-14,1.192,0.014,0.004,4.91e-10,"CHST4"
"KIAA0895L",2.66e-14,-0.375,0.216,0.259,4.95e-10,"KIAA0895L"
"NAF1",2.69e-14,0.291,0.372,0.313,5.01e-10,"NAF1"
"RNF14",2.69e-14,0.298,0.338,0.279,5.02e-10,"RNF14"
"RABGEF1",2.74e-14,0.179,0.704,0.661,5.1e-10,"RABGEF1"
"MFNG",2.77e-14,-0.45,0.033,0.057,5.15e-10,"MFNG"
"CACNA2D2",2.79e-14,-1.814,0.005,0.017,5.19e-10,"CACNA2D2"
"MTR",2.79e-14,0.194,0.524,0.457,5.19e-10,"MTR"
"MSANTD4",2.82e-14,0.251,0.399,0.335,5.24e-10,"MSANTD4"
"IGIP",2.87e-14,0.786,0.043,0.023,5.34e-10,"IGIP"
"HDAC10",2.87e-14,0.422,0.077,0.049,5.35e-10,"HDAC10"
"MINDY1",2.87e-14,0.57,0.112,0.078,5.35e-10,"MINDY1"
"UPF2",2.91e-14,0.228,0.561,0.498,5.42e-10,"UPF2"
"FLNC",2.91e-14,1.908,0.015,0.004,5.42e-10,"FLNC"
"VCPIP1",2.91e-14,0.277,0.322,0.262,5.42e-10,"VCPIP1"
"AQR",2.94e-14,0.209,0.643,0.59,5.46e-10,"AQR"
"PLPP1",3.03e-14,0.207,0.493,0.423,5.63e-10,"PLPP1"
"ARMCX4",3.05e-14,0.288,0.392,0.332,5.68e-10,"ARMCX4"
"PPP1R3G",3.06e-14,1.638,0.014,0.003,5.7e-10,"PPP1R3G"
"SLC25A22",3.11e-14,0.389,0.165,0.121,5.78e-10,"SLC25A22"
"ASS1",3.11e-14,-1.098,0.025,0.046,5.79e-10,"ASS1"
"EME1",3.16e-14,-0.711,0.055,0.084,5.89e-10,"EME1"
"NKD1",3.21e-14,1.59,0.086,0.057,5.97e-10,"NKD1"
"NAXD",3.21e-14,0.308,0.201,0.153,5.97e-10,"NAXD"
"MARCHF5",3.24e-14,0.238,0.721,0.679,6.03e-10,"MARCHF5"
"ZNF837",3.34e-14,0.769,0.036,0.017,6.21e-10,"ZNF837"
"MT-TF",3.44e-14,0.832,0.045,0.024,6.4e-10,"MT-TF"
"TRMT2A",3.55e-14,0.569,0.076,0.048,6.61e-10,"TRMT2A"
"SLC13A5",3.57e-14,2.585,0.011,0.002,6.64e-10,"SLC13A5"
"NIPAL3",3.57e-14,0.34,0.107,0.073,6.64e-10,"NIPAL3"
"BEND4",3.58e-14,-1.181,0.009,0.023,6.67e-10,"BEND4"
"C12orf60",3.59e-14,0.604,0.065,0.039,6.68e-10,"C12orf60"
"SHBG",3.63e-14,1.249,0.022,0.008,6.75e-10,"SHBG"
"CLCN2",3.7e-14,0.276,0.084,0.054,6.88e-10,"CLCN2"
"KIN",3.72e-14,0.264,0.474,0.409,6.93e-10,"KIN"
"TMEM150C",3.78e-14,0.351,0.176,0.132,7.03e-10,"TMEM150C"
"BORCS8",3.83e-14,0.276,0.266,0.211,7.12e-10,"BORCS8"
"DCAF17",3.97e-14,0.288,0.299,0.243,7.4e-10,"DCAF17"
"ARNTL2",4.02e-14,-0.599,0.179,0.218,7.48e-10,"ARNTL2"
"ZNF33B",4.02e-14,-0.257,0.332,0.374,7.49e-10,"ZNF33B"
"ZNF585B",4.14e-14,0.309,0.281,0.227,7.7e-10,"ZNF585B"
"CCDC12",4.15e-14,0.254,0.56,0.502,7.72e-10,"CCDC12"
"DNAAF3",4.21e-14,1.661,0.017,0.005,7.84e-10,"DNAAF3"
"KLHL3",4.42e-14,0.539,0.075,0.047,8.22e-10,"KLHL3"
"VPS13B",4.6e-14,0.238,0.892,0.861,8.56e-10,"VPS13B"
"SLC37A1",4.62e-14,-0.405,0.127,0.166,8.6e-10,"SLC37A1"
"TMEM94",4.62e-14,0.343,0.256,0.205,8.61e-10,"TMEM94"
"PRKAR1B",4.65e-14,0.321,0.283,0.229,8.66e-10,"PRKAR1B"
"ISCA1",4.69e-14,0.236,0.455,0.39,8.74e-10,"ISCA1"
"MINPP1",4.71e-14,0.255,0.326,0.267,8.78e-10,"MINPP1"
"MAP3K11",4.75e-14,0.348,0.133,0.095,8.83e-10,"MAP3K11"
"SUV39H2",4.77e-14,-0.276,0.273,0.316,8.89e-10,"SUV39H2"
"SDHA",4.87e-14,0.255,0.41,0.351,9.07e-10,"SDHA"
"DDHD2",4.89e-14,-0.194,0.418,0.46,9.11e-10,"DDHD2"
"MEGF11",4.9e-14,0.827,0.146,0.11,9.11e-10,"MEGF11"
"RNF123",4.9e-14,0.475,0.11,0.076,9.12e-10,"RNF123"
"KIF26A",5.06e-14,-0.31,0.056,0.086,9.42e-10,"KIF26A"
"ZSCAN32",5.24e-14,0.329,0.166,0.124,9.75e-10,"ZSCAN32"
"EHD1",5.39e-14,0.237,0.158,0.116,1e-09,"EHD1"
"KLHL9",5.45e-14,0.328,0.507,0.45,1.01e-09,"KLHL9"
"SF3A3",5.54e-14,0.289,0.491,0.434,1.03e-09,"SF3A3"
"GIN1",5.55e-14,0.455,0.161,0.12,1.03e-09,"GIN1"
"ALPK1",5.58e-14,1.456,0.018,0.006,1.04e-09,"ALPK1"
"SLC31A2",5.62e-14,0.961,0.037,0.018,1.05e-09,"SLC31A2"
"CYB561A3",5.64e-14,0.377,0.124,0.087,1.05e-09,"CYB561A3"
"HELZ",5.7e-14,0.22,0.778,0.754,1.06e-09,"HELZ"
"LRRC37A3",5.72e-14,0.295,0.522,0.469,1.06e-09,"LRRC37A3"
"EXOSC3",5.72e-14,0.254,0.534,0.481,1.07e-09,"EXOSC3"
"SLC24A1",5.74e-14,0.629,0.091,0.061,1.07e-09,"SLC24A1"
"YTHDF3",5.88e-14,0.223,0.638,0.586,1.09e-09,"YTHDF3"
"SLC35F4",5.94e-14,-2.062,0.02,0.039,1.11e-09,"SLC35F4"
"LURAP1L",6.04e-14,0.911,0.042,0.022,1.12e-09,"LURAP1L"
"SAMD4B",6.07e-14,0.276,0.555,0.505,1.13e-09,"SAMD4B"
"MTMR14",6.1e-14,0.316,0.255,0.203,1.14e-09,"MTMR14"
"NUDCD3",6.27e-14,0.202,0.507,0.439,1.17e-09,"NUDCD3"
"PRKAA1",6.41e-14,0.265,0.421,0.36,1.19e-09,"PRKAA1"
"ASB7",6.41e-14,0.202,0.242,0.19,1.19e-09,"ASB7"
"SLC7A14",6.44e-14,-2.375,0.001,0.01,1.2e-09,"SLC7A14"
"DPP9",6.49e-14,0.339,0.205,0.158,1.21e-09,"DPP9"
"OS9",6.49e-14,0.267,0.555,0.497,1.21e-09,"OS9"
"IFRD1",6.53e-14,0.285,0.342,0.283,1.22e-09,"IFRD1"
"ATP2B3",6.62e-14,-1.552,0.004,0.015,1.23e-09,"ATP2B3"
"TNFSF13B",6.7e-14,0.504,0.071,0.044,1.25e-09,"TNFSF13B"
"ADRA2A",6.95e-14,-2.533,0.002,0.011,1.29e-09,"ADRA2A"
"LAMB4",6.96e-14,0.938,0.08,0.053,1.3e-09,"LAMB4"
"ST3GAL2",7.02e-14,0.267,0.333,0.276,1.31e-09,"ST3GAL2"
"TIMM22",7.14e-14,0.261,0.308,0.252,1.33e-09,"TIMM22"
"CTIF",7.17e-14,-0.182,0.435,0.476,1.33e-09,"CTIF"
"FAM219B",7.32e-14,0.352,0.288,0.234,1.36e-09,"FAM219B"
"MAPK14",7.33e-14,-0.166,0.528,0.565,1.36e-09,"MAPK14"
"CRKL",7.35e-14,0.294,0.415,0.356,1.37e-09,"CRKL"
"NAIP",7.46e-14,-0.173,0.221,0.269,1.39e-09,"NAIP"
"UBALD1",7.57e-14,0.426,0.151,0.111,1.41e-09,"UBALD1"
"TECPR1",7.57e-14,0.32,0.258,0.204,1.41e-09,"TECPR1"
"AKAP6",7.59e-14,0.14,0.869,0.767,1.41e-09,"AKAP6"
"TBC1D8B",7.72e-14,1.161,0.017,0.005,1.44e-09,"TBC1D8B"
"PDGFRL",7.8e-14,1.239,0.02,0.007,1.45e-09,"PDGFRL"
"KIAA2013",8.01e-14,0.293,0.231,0.181,1.49e-09,"KIAA2013"
"ZNF721",8.28e-14,0.218,0.69,0.647,1.54e-09,"ZNF721"
"STK4",8.32e-14,0.279,0.528,0.468,1.55e-09,"STK4"
"MCPH1",8.4e-14,0.355,0.668,0.612,1.56e-09,"MCPH1"
"ENSG00000279166",8.44e-14,-0.405,0.075,0.108,1.57e-09,"ENSG00000279166"
"KDM5A",8.45e-14,0.208,0.79,0.761,1.57e-09,"KDM5A"
"ARHGDIB",8.46e-14,1.252,0.012,0.002,1.57e-09,"ARHGDIB"
"RUBCN",8.51e-14,0.332,0.312,0.255,1.58e-09,"RUBCN"
"NUP210",8.61e-14,0.272,0.209,0.161,1.6e-09,"NUP210"
"ENSG00000283128",8.68e-14,0.177,0.321,0.259,1.62e-09,"ENSG00000283128"
"DMAC2",8.74e-14,0.39,0.262,0.211,1.63e-09,"DMAC2"
"CDK11B",8.91e-14,0.298,0.416,0.357,1.66e-09,"CDK11B"
"RDM1",9.24e-14,-0.954,0.029,0.05,1.72e-09,"RDM1"
"NOC4L",9.24e-14,0.428,0.128,0.092,1.72e-09,"NOC4L"
"ZNF284",9.3e-14,0.446,0.078,0.05,1.73e-09,"ZNF284"
"CTH",9.42e-14,0.461,0.11,0.077,1.75e-09,"CTH"
"STT3A",9.47e-14,0.285,0.296,0.242,1.76e-09,"STT3A"
"ANGPTL1",9.51e-14,0.35,0.225,0.178,1.77e-09,"ANGPTL1"
"RUVBL2",9.62e-14,0.311,0.302,0.247,1.79e-09,"RUVBL2"
"CDK18",9.79e-14,0.969,0.03,0.013,1.82e-09,"CDK18"
"FBF1",9.82e-14,0.41,0.154,0.114,1.83e-09,"FBF1"
"PGS1",9.98e-14,0.291,0.23,0.18,1.86e-09,"PGS1"
"MMADHC",1e-13,0.242,0.569,0.513,1.86e-09,"MMADHC"
"VPS37A",1.01e-13,0.279,0.486,0.423,1.87e-09,"VPS37A"
"MTX2",1.01e-13,0.185,0.64,0.585,1.88e-09,"MTX2"
"NOS1AP",1.01e-13,0.137,0.531,0.468,1.89e-09,"NOS1AP"
"STUM",1.02e-13,0.829,0.05,0.028,1.91e-09,"STUM"
"PIP4P1",1.02e-13,0.407,0.195,0.15,1.91e-09,"PIP4P1"
"ADA",1.02e-13,0.369,0.139,0.101,1.91e-09,"ADA"
"SQOR",1.03e-13,1.903,0.011,0.002,1.92e-09,"SQOR"
"ZNF626",1.04e-13,0.237,0.56,0.498,1.94e-09,"ZNF626"
"GAS7",1.06e-13,0.705,0.041,0.021,1.98e-09,"GAS7"
"ZNF782",1.07e-13,-0.237,0.395,0.434,1.99e-09,"ZNF782"
"GUCY1B1",1.07e-13,-0.723,0.076,0.107,2e-09,"GUCY1B1"
"SNRNP40",1.08e-13,0.259,0.536,0.483,2.02e-09,"SNRNP40"
"C19orf12",1.09e-13,0.242,0.343,0.283,2.03e-09,"C19orf12"
"CENPS",1.09e-13,0.477,0.104,0.072,2.03e-09,"CENPS"
"IRF7",1.1e-13,0.659,0.043,0.023,2.04e-09,"IRF7"
"ACKR3",1.1e-13,0.345,0.064,0.039,2.06e-09,"ACKR3"
"STON1",1.11e-13,0.918,0.055,0.033,2.07e-09,"STON1"
"ME1",1.13e-13,1.676,0.017,0.005,2.1e-09,"ME1"
"ASB8",1.17e-13,0.27,0.451,0.389,2.19e-09,"ASB8"
"MPP2",1.18e-13,0.224,0.162,0.119,2.2e-09,"MPP2"
"HGS",1.19e-13,0.305,0.232,0.182,2.21e-09,"HGS"
"RPRML",1.22e-13,2.041,0.031,0.015,2.26e-09,"RPRML"
"NDUFAF1",1.22e-13,0.183,0.293,0.235,2.26e-09,"NDUFAF1"
"SNTB2",1.24e-13,0.267,0.44,0.381,2.3e-09,"SNTB2"
"CLIP3",1.26e-13,0.319,0.483,0.424,2.34e-09,"CLIP3"
"CNNM1",1.27e-13,-1.452,0.009,0.022,2.36e-09,"CNNM1"
"GLIS2",1.27e-13,0.484,0.161,0.122,2.36e-09,"GLIS2"
"ARL6IP6",1.33e-13,-0.168,0.627,0.651,2.47e-09,"ARL6IP6"
"BLVRA",1.33e-13,0.262,0.426,0.367,2.47e-09,"BLVRA"
"TTC9C",1.36e-13,0.294,0.301,0.247,2.54e-09,"TTC9C"
"MTMR2",1.39e-13,0.323,0.545,0.495,2.58e-09,"MTMR2"
"STX6",1.39e-13,0.272,0.568,0.514,2.59e-09,"STX6"
"POLR2J3.1",1.39e-13,0.272,0.425,0.368,2.59e-09,"POLR2J3.1"
"DCUN1D4",1.43e-13,-0.14,0.574,0.61,2.65e-09,"DCUN1D4"
"TANGO6",1.48e-13,0.112,0.346,0.281,2.76e-09,"TANGO6"
"ZNF805",1.53e-13,0.338,0.218,0.17,2.85e-09,"ZNF805"
"AKR1C8",1.54e-13,-2.377,0.002,0.011,2.86e-09,"AKR1C8"
"KBTBD4",1.55e-13,0.311,0.185,0.141,2.88e-09,"KBTBD4"
"ZNF121",1.58e-13,0.329,0.299,0.247,2.94e-09,"ZNF121"
"PTPRT",1.58e-13,-0.455,0.028,0.05,2.95e-09,"PTPRT"
"CIZ1",1.6e-13,0.248,0.397,0.338,2.98e-09,"CIZ1"
"MSH5",1.62e-13,-0.431,0.203,0.242,3.02e-09,"MSH5"
"PHF21A",1.63e-13,0.216,0.903,0.879,3.04e-09,"PHF21A"
"EGR3",1.66e-13,1.02,0.049,0.028,3.09e-09,"EGR3"
"RRP7A",1.66e-13,0.297,0.328,0.274,3.09e-09,"RRP7A"
"PABIR1",1.69e-13,0.399,0.275,0.224,3.14e-09,"PABIR1"
"SLC25A14",1.69e-13,0.289,0.31,0.254,3.15e-09,"SLC25A14"
"QSER1",1.69e-13,-0.18,0.719,0.729,3.15e-09,"QSER1"
"PUM1",1.7e-13,0.154,0.925,0.92,3.17e-09,"PUM1"
"FCF1",1.71e-13,0.249,0.245,0.193,3.19e-09,"FCF1"
"CCDC157",1.76e-13,0.396,0.077,0.05,3.27e-09,"CCDC157"
"NATD1",1.76e-13,0.611,0.067,0.041,3.27e-09,"NATD1"
"ZC3H7B",1.78e-13,0.3,0.356,0.297,3.31e-09,"ZC3H7B"
"TAF1B",1.79e-13,0.24,0.524,0.465,3.34e-09,"TAF1B"
"PBX4",1.8e-13,-0.198,0.256,0.304,3.35e-09,"PBX4"
"ANGEL1",1.82e-13,0.406,0.15,0.111,3.39e-09,"ANGEL1"
"BIRC6",1.83e-13,0.189,0.932,0.927,3.4e-09,"BIRC6"
"CACUL1",1.85e-13,0.167,0.653,0.595,3.44e-09,"CACUL1"
"CMTR1",1.86e-13,0.3,0.209,0.162,3.46e-09,"CMTR1"
"RHBDL1",1.89e-13,0.856,0.029,0.013,3.51e-09,"RHBDL1"
"SPIRE2",1.89e-13,-0.33,0.122,0.16,3.52e-09,"SPIRE2"
"MUSK",1.9e-13,0.956,0.015,0.004,3.54e-09,"MUSK"
"ZC3H6",1.95e-13,-0.294,0.455,0.489,3.63e-09,"ZC3H6"
"E2F4",1.98e-13,0.37,0.201,0.155,3.69e-09,"E2F4"
"RALBP1",2e-13,0.242,0.583,0.531,3.73e-09,"RALBP1"
"ALG9",2.01e-13,-0.195,0.389,0.434,3.73e-09,"ALG9"
"GALNT10",2.01e-13,0.181,0.324,0.264,3.75e-09,"GALNT10"
"ZNF326",2.01e-13,0.234,0.739,0.708,3.75e-09,"ZNF326"
"RIMS3",2.03e-13,-0.241,0.087,0.121,3.77e-09,"RIMS3"
"PDK4",2.03e-13,1.546,0.028,0.013,3.78e-09,"PDK4"
"IRAG2",2.08e-13,2.201,0.011,0.002,3.87e-09,"IRAG2"
"SH3RF3",2.15e-13,0.17,0.685,0.724,4.01e-09,"SH3RF3"
"DYM",2.21e-13,0.198,0.738,0.691,4.11e-09,"DYM"
"NFATC3",2.24e-13,-0.229,0.614,0.618,4.17e-09,"NFATC3"
"HPS3",2.27e-13,0.33,0.25,0.2,4.22e-09,"HPS3"
"PHF10",2.27e-13,0.243,0.367,0.307,4.23e-09,"PHF10"
"ADPRS",2.3e-13,0.233,0.328,0.269,4.28e-09,"ADPRS"
"DCK",2.32e-13,0.366,0.451,0.401,4.33e-09,"DCK"
"CLPB",2.32e-13,0.279,0.268,0.215,4.33e-09,"CLPB"
"TRMT13",2.33e-13,0.244,0.364,0.303,4.33e-09,"TRMT13"
"PCGF1",2.37e-13,0.537,0.098,0.067,4.4e-09,"PCGF1"
"MARCHF8",2.4e-13,0.295,0.351,0.295,4.46e-09,"MARCHF8"
"NME7",2.4e-13,0.113,0.66,0.596,4.48e-09,"NME7"
"PCSK2",2.43e-13,-0.718,0.038,0.062,4.52e-09,"PCSK2"
"TRAM1L1",2.44e-13,0.715,0.041,0.022,4.54e-09,"TRAM1L1"
"CCDC15",2.49e-13,-0.46,0.157,0.196,4.64e-09,"CCDC15"
"KPNA1",2.51e-13,0.254,0.648,0.606,4.68e-09,"KPNA1"
"TVP23B",2.52e-13,0.289,0.216,0.168,4.69e-09,"TVP23B"
"PJA1",2.52e-13,0.316,0.459,0.402,4.69e-09,"PJA1"
"KLHDC1",2.59e-13,0.247,0.171,0.128,4.83e-09,"KLHDC1"
"FADS1",2.61e-13,0.249,0.601,0.552,4.86e-09,"FADS1"
"COG1",2.61e-13,0.414,0.155,0.115,4.86e-09,"COG1"
"GPANK1",2.62e-13,0.39,0.288,0.237,4.88e-09,"GPANK1"
"PDE2A",2.64e-13,-0.644,0.026,0.047,4.92e-09,"PDE2A"
"INO80D",2.68e-13,-0.143,0.576,0.61,4.98e-09,"INO80D"
"ERCC2",2.69e-13,0.474,0.137,0.101,5.02e-09,"ERCC2"
"ACVR1",2.71e-13,-0.556,0.311,0.337,5.04e-09,"ACVR1"
"WARS2",2.72e-13,0.209,0.286,0.23,5.06e-09,"WARS2"
"TEP1",2.85e-13,0.475,0.123,0.089,5.3e-09,"TEP1"
"DUSP10",2.91e-13,0.704,0.169,0.131,5.41e-09,"DUSP10"
"L3MBTL1",2.92e-13,0.327,0.264,0.214,5.44e-09,"L3MBTL1"
"VAPB",2.98e-13,0.245,0.492,0.431,5.55e-09,"VAPB"
"RCAN2",3e-13,0.786,0.057,0.034,5.58e-09,"RCAN2"
"GLIPR1L2",3e-13,0.639,0.034,0.017,5.59e-09,"GLIPR1L2"
"PCGF2",3.02e-13,0.304,0.461,0.403,5.62e-09,"PCGF2"
"SIRT5",3.02e-13,0.231,0.209,0.161,5.62e-09,"SIRT5"
"ELMOD3",3.03e-13,0.264,0.293,0.237,5.64e-09,"ELMOD3"
"RHOT2",3.12e-13,0.364,0.188,0.144,5.8e-09,"RHOT2"
"MCM7",3.14e-13,-0.236,0.31,0.359,5.85e-09,"MCM7"
"GNB5",3.24e-13,-0.154,0.387,0.432,6.03e-09,"GNB5"
"PARP3",3.24e-13,1.143,0.019,0.007,6.03e-09,"PARP3"
"HIVEP3",3.32e-13,0.437,0.537,0.479,6.18e-09,"HIVEP3"
"FPGS",3.33e-13,0.302,0.237,0.188,6.19e-09,"FPGS"
"GCDH",3.33e-13,0.346,0.237,0.19,6.2e-09,"GCDH"
"RRM1",3.33e-13,-0.225,0.475,0.503,6.2e-09,"RRM1"
"SETD4",3.36e-13,0.26,0.256,0.205,6.26e-09,"SETD4"
"ENSG00000284024",3.37e-13,0.402,0.115,0.081,6.27e-09,"ENSG00000284024"
"MOSPD3",3.39e-13,0.234,0.267,0.213,6.3e-09,"MOSPD3"
"SLC9A6",3.43e-13,0.316,0.288,0.234,6.38e-09,"SLC9A6"
"EPHB4",3.47e-13,0.434,0.121,0.087,6.45e-09,"EPHB4"
"PSMC3IP",3.53e-13,-0.353,0.138,0.176,6.56e-09,"PSMC3IP"
"MLH3",3.57e-13,0.27,0.241,0.192,6.65e-09,"MLH3"
"LRRC37A2",3.58e-13,-0.123,0.395,0.441,6.67e-09,"LRRC37A2"
"UHRF1",3.68e-13,-0.266,0.154,0.196,6.86e-09,"UHRF1"
"LRRK2",3.73e-13,1.879,0.013,0.003,6.93e-09,"LRRK2"
"BSDC1",3.73e-13,0.258,0.517,0.455,6.94e-09,"BSDC1"
"AGMO",3.73e-13,2.147,0.014,0.004,6.95e-09,"AGMO"
"BCL2",3.75e-13,0.217,0.33,0.273,6.98e-09,"BCL2"
"PRKRIP1",3.81e-13,0.197,0.646,0.596,7.09e-09,"PRKRIP1"
"KCTD3",3.87e-13,0.207,0.541,0.481,7.2e-09,"KCTD3"
"SLF1",3.91e-13,-0.29,0.366,0.408,7.29e-09,"SLF1"
"TMTC3",3.95e-13,0.212,0.378,0.318,7.36e-09,"TMTC3"
"ITCH",4e-13,0.367,0.25,0.2,7.45e-09,"ITCH"
"ZFAND1",4.06e-13,0.324,0.208,0.162,7.55e-09,"ZFAND1"
"CNTN1",4.06e-13,-1.779,0.006,0.018,7.56e-09,"CNTN1"
"TSEN2",4.08e-13,0.219,0.315,0.259,7.6e-09,"TSEN2"
"ZNF14",4.11e-13,-0.378,0.168,0.207,7.65e-09,"ZNF14"
"AOAH",4.12e-13,-0.937,0.021,0.039,7.67e-09,"AOAH"
"C3orf18",4.12e-13,0.893,0.042,0.023,7.67e-09,"C3orf18"
"CECR2",4.19e-13,0.243,0.791,0.729,7.8e-09,"CECR2"
"COA7",4.19e-13,0.32,0.14,0.102,7.8e-09,"COA7"
"RUBCNL",4.27e-13,2.157,0.015,0.004,7.95e-09,"RUBCNL"
"KLF11",4.35e-13,-0.413,0.101,0.135,8.1e-09,"KLF11"
"ZKSCAN4",4.51e-13,0.397,0.121,0.086,8.39e-09,"ZKSCAN4"
"TEC",4.52e-13,2.458,0.01,0.002,8.41e-09,"TEC"
"STX18",4.56e-13,0.213,0.488,0.423,8.49e-09,"STX18"
"YPEL3",4.58e-13,0.347,0.347,0.293,8.52e-09,"YPEL3"
"SARS2",4.58e-13,0.598,0.072,0.046,8.52e-09,"SARS2"
"BNC2",4.6e-13,2.818,0.01,0.002,8.56e-09,"BNC2"
"IQCB1",4.65e-13,0.193,0.496,0.434,8.66e-09,"IQCB1"
"NUP42",4.74e-13,0.244,0.437,0.375,8.83e-09,"NUP42"
"ACTR3C",4.86e-13,1.208,0.012,0.003,9.04e-09,"ACTR3C"
"SGTA",4.89e-13,0.237,0.25,0.198,9.11e-09,"SGTA"
"ZNF430",4.9e-13,-0.123,0.468,0.516,9.13e-09,"ZNF430"
"PLP2",4.98e-13,0.611,0.1,0.07,9.27e-09,"PLP2"
"BMP6",5.06e-13,1.781,0.019,0.007,9.42e-09,"BMP6"
"RNASET2",5.1e-13,0.31,0.173,0.131,9.49e-09,"RNASET2"
"GK",5.12e-13,0.278,0.209,0.162,9.53e-09,"GK"
"MCM3AP",5.2e-13,0.241,0.424,0.363,9.68e-09,"MCM3AP"
"ACIN1",5.24e-13,0.233,0.712,0.689,9.75e-09,"ACIN1"
"NUDT17",5.25e-13,0.825,0.048,0.027,9.77e-09,"NUDT17"
"MED4",5.29e-13,0.207,0.705,0.658,9.84e-09,"MED4"
"GJA9",5.29e-13,0.73,0.066,0.041,9.84e-09,"GJA9"
"MFSD14A",5.31e-13,0.236,0.553,0.497,9.88e-09,"MFSD14A"
"LRRC57",5.32e-13,0.384,0.295,0.244,9.9e-09,"LRRC57"
"MFSD4B",5.32e-13,0.27,0.649,0.596,9.9e-09,"MFSD4B"
"FAM151B",5.39e-13,0.228,0.126,0.091,1e-08,"FAM151B"
"HNRNPM",5.4e-13,0.174,0.903,0.894,1e-08,"HNRNPM"
"NDST4",5.55e-13,-1.234,0.008,0.021,1.03e-08,"NDST4"
"CDKN1C",5.62e-13,0.279,0.055,0.084,1.05e-08,"CDKN1C"
"NUP43",5.67e-13,0.323,0.277,0.228,1.05e-08,"NUP43"
"KLF13",5.71e-13,-0.105,0.558,0.601,1.06e-08,"KLF13"
"ZCCHC12",5.77e-13,-0.496,0.043,0.068,1.07e-08,"ZCCHC12"
"NF2",5.92e-13,0.211,0.42,0.356,1.1e-08,"NF2"
"THRA",5.99e-13,0.275,0.604,0.549,1.12e-08,"THRA"
"SLC4A5",6.11e-13,0.362,0.102,0.07,1.14e-08,"SLC4A5"
"DEDD",6.11e-13,0.319,0.265,0.215,1.14e-08,"DEDD"
"DMPK",6.18e-13,0.439,0.155,0.117,1.15e-08,"DMPK"
"CAPN3",6.28e-13,1.263,0.03,0.014,1.17e-08,"CAPN3"
"HTT",6.41e-13,0.215,0.659,0.619,1.19e-08,"HTT"
"SCAI",6.43e-13,-0.204,0.606,0.631,1.2e-08,"SCAI"
"ZFTA",6.55e-13,-0.126,0.24,0.288,1.22e-08,"ZFTA"
"ARPP21",6.55e-13,-0.452,0.147,0.108,1.22e-08,"ARPP21"
"SPRN",6.61e-13,0.61,0.036,0.018,1.23e-08,"SPRN"
"DNAJC21",6.73e-13,0.201,0.472,0.409,1.25e-08,"DNAJC21"
"POP7",6.83e-13,0.296,0.356,0.302,1.27e-08,"POP7"
"OSBPL7",6.99e-13,0.563,0.054,0.032,1.3e-08,"OSBPL7"
"DYNC2I2",7.09e-13,0.309,0.267,0.219,1.32e-08,"DYNC2I2"
"DDIAS",7.17e-13,-0.591,0.073,0.103,1.34e-08,"DDIAS"
"HESX1",7.38e-13,0.49,0.043,0.024,1.37e-08,"HESX1"
"IL1RAPL2",7.43e-13,-3.596,0.032,0.054,1.38e-08,"IL1RAPL2"
"KHDC1",7.43e-13,0.266,0.227,0.181,1.38e-08,"KHDC1"
"GABRR2",7.44e-13,0.979,0.03,0.014,1.38e-08,"GABRR2"
"TFR2",7.54e-13,-0.409,0.04,0.064,1.4e-08,"TFR2"
"ADIPOR2",7.58e-13,0.193,0.524,0.454,1.41e-08,"ADIPOR2"
"H2AZ1",7.77e-13,-0.103,0.938,0.941,1.45e-08,"H2AZ1"
"ZNF816",7.8e-13,0.99,0.037,0.019,1.45e-08,"ZNF816"
"GRB2",7.84e-13,0.212,0.799,0.764,1.46e-08,"GRB2"
"POP1",7.9e-13,0.299,0.191,0.147,1.47e-08,"POP1"
"ITPRIP",7.97e-13,0.393,0.12,0.086,1.48e-08,"ITPRIP"
"CALM3",7.99e-13,0.152,0.867,0.85,1.49e-08,"CALM3"
"CPQ",8.04e-13,0.886,0.026,0.012,1.5e-08,"CPQ"
"METTL25B",8.15e-13,0.299,0.173,0.132,1.52e-08,"METTL25B"
"ACVR1C",8.15e-13,-2.03,0.006,0.017,1.52e-08,"ACVR1C"
"ARHGEF1",8.17e-13,0.308,0.187,0.144,1.52e-08,"ARHGEF1"
"NOMO1",8.37e-13,0.38,0.175,0.133,1.56e-08,"NOMO1"
"ASIC1",8.38e-13,0.558,0.16,0.121,1.56e-08,"ASIC1"
"MROH6",8.59e-13,1.001,0.023,0.009,1.6e-08,"MROH6"
"ZNF839",8.62e-13,0.31,0.188,0.145,1.6e-08,"ZNF839"
"B3GALT9",8.63e-13,0.767,0.056,0.034,1.61e-08,"B3GALT9"
"METTL6",8.77e-13,0.199,0.477,0.409,1.63e-08,"METTL6"
"ACACB",8.81e-13,0.365,0.215,0.17,1.64e-08,"ACACB"
"VARS2",8.87e-13,0.66,0.064,0.04,1.65e-08,"VARS2"
"MAN2A2",8.93e-13,0.379,0.143,0.106,1.66e-08,"MAN2A2"
"GSKIP",8.99e-13,0.236,0.249,0.198,1.67e-08,"GSKIP"
"MSL1",9.23e-13,0.289,0.528,0.475,1.72e-08,"MSL1"
"NELFE",9.29e-13,0.277,0.419,0.363,1.73e-08,"NELFE"
"GNAI1",9.44e-13,-0.174,0.336,0.383,1.76e-08,"GNAI1"
"TRANK1",9.45e-13,0.597,0.038,0.02,1.76e-08,"TRANK1"
"EIF2AK3",9.55e-13,0.445,0.422,0.372,1.78e-08,"EIF2AK3"
"ARMC7",9.72e-13,0.426,0.072,0.046,1.81e-08,"ARMC7"
"SPDYE5",9.75e-13,0.315,0.147,0.109,1.82e-08,"SPDYE5"
"ABT1",9.79e-13,0.24,0.267,0.214,1.82e-08,"ABT1"
"SLC35F5",9.83e-13,0.222,0.522,0.463,1.83e-08,"SLC35F5"
"LRP8",9.92e-13,-0.286,0.324,0.363,1.85e-08,"LRP8"
"ZUP1",9.93e-13,0.271,0.316,0.261,1.85e-08,"ZUP1"
"KLHDC10",9.98e-13,0.301,0.69,0.635,1.86e-08,"KLHDC10"
"NDUFAF2",1e-12,0.205,0.525,0.458,1.86e-08,"NDUFAF2"
"PLEKHG6",1.01e-12,2.079,0.011,0.002,1.88e-08,"PLEKHG6"
"SMG7",1.02e-12,0.225,0.619,0.565,1.89e-08,"SMG7"
"H2BC14",1.02e-12,-1.458,0.008,0.022,1.89e-08,"H2BC14"
"HILPDA",1.04e-12,-0.394,0.26,0.299,1.93e-08,"HILPDA"
"KANSL2",1.07e-12,-0.205,0.305,0.347,1.99e-08,"KANSL2"
"HSPG2",1.07e-12,0.618,0.06,0.036,1.99e-08,"HSPG2"
"ANKRD26",1.11e-12,0.169,0.642,0.583,2.06e-08,"ANKRD26"
"THEGL",1.12e-12,1.994,0.013,0.003,2.09e-08,"THEGL"
"HAS2",1.15e-12,1.374,0.047,0.027,2.13e-08,"HAS2"
"SLC1A6",1.18e-12,-0.939,0.011,0.025,2.19e-08,"SLC1A6"
"FHAD1",1.18e-12,1.103,0.02,0.008,2.2e-08,"FHAD1"
"PI4K2A",1.18e-12,0.303,0.211,0.166,2.2e-08,"PI4K2A"
"ZER1",1.2e-12,0.178,0.348,0.288,2.22e-08,"ZER1"
"CBFA2T3",1.2e-12,-0.16,0.051,0.079,2.24e-08,"CBFA2T3"
"TAFAZZIN",1.2e-12,0.348,0.225,0.179,2.24e-08,"TAFAZZIN"
"COLGALT1",1.21e-12,0.369,0.154,0.115,2.25e-08,"COLGALT1"
"DAO",1.21e-12,-0.662,0.01,0.024,2.25e-08,"DAO"
"ZNF586",1.22e-12,0.299,0.419,0.364,2.27e-08,"ZNF586"
"PRKAB2",1.22e-12,0.26,0.308,0.252,2.27e-08,"PRKAB2"
"AASDH",1.23e-12,0.265,0.523,0.463,2.29e-08,"AASDH"
"TJAP1",1.23e-12,0.441,0.177,0.137,2.29e-08,"TJAP1"
"ENSG00000279839",1.25e-12,1.602,0.015,0.004,2.32e-08,"ENSG00000279839"
"RIBC1",1.27e-12,0.877,0.03,0.014,2.36e-08,"RIBC1"
"ZBTB18",1.28e-12,-0.161,0.466,0.499,2.38e-08,"ZBTB18"
"ACOT1",1.29e-12,1.187,0.014,0.004,2.41e-08,"ACOT1"
"CLCN6",1.32e-12,0.294,0.372,0.317,2.46e-08,"CLCN6"
"ACTL6A",1.32e-12,-0.17,0.451,0.488,2.47e-08,"ACTL6A"
"DIS3L2",1.33e-12,0.194,0.615,0.558,2.47e-08,"DIS3L2"
"ZNF891",1.34e-12,-0.227,0.254,0.296,2.49e-08,"ZNF891"
"ZNF672",1.38e-12,0.324,0.156,0.117,2.58e-08,"ZNF672"
"RAP2A",1.4e-12,0.242,0.67,0.63,2.61e-08,"RAP2A"
"MOGS",1.42e-12,0.375,0.192,0.148,2.64e-08,"MOGS"
"HYLS1",1.42e-12,-0.427,0.065,0.094,2.65e-08,"HYLS1"
"GPR180",1.43e-12,0.237,0.225,0.177,2.66e-08,"GPR180"
"MCF2L",1.44e-12,-0.172,0.226,0.27,2.68e-08,"MCF2L"
"TGFBRAP1",1.45e-12,0.289,0.253,0.203,2.7e-08,"TGFBRAP1"
"URB2",1.47e-12,0.413,0.133,0.097,2.73e-08,"URB2"
"CEP295",1.47e-12,-0.271,0.337,0.373,2.74e-08,"CEP295"
"AHR",1.48e-12,0.768,0.038,0.02,2.75e-08,"AHR"
"ATF6B",1.51e-12,0.283,0.325,0.27,2.8e-08,"ATF6B"
"STK32C",1.52e-12,0.313,0.207,0.162,2.83e-08,"STK32C"
"MFAP3",1.58e-12,0.139,0.322,0.264,2.94e-08,"MFAP3"
"ZNF227",1.64e-12,0.344,0.28,0.231,3.05e-08,"ZNF227"
"NUP153",1.65e-12,-0.146,0.583,0.613,3.06e-08,"NUP153"
"FN3K",1.65e-12,0.378,0.136,0.099,3.07e-08,"FN3K"
"LCA5",1.66e-12,0.239,0.294,0.24,3.08e-08,"LCA5"
"DACT3",1.68e-12,0.314,0.201,0.157,3.14e-08,"DACT3"
"SLC9A8",1.71e-12,0.219,0.294,0.24,3.17e-08,"SLC9A8"
"ZNF181",1.72e-12,0.286,0.188,0.145,3.2e-08,"ZNF181"
"NDRG3",1.72e-12,0.227,0.406,0.347,3.2e-08,"NDRG3"
"WDFY3",1.72e-12,0.208,0.937,0.928,3.21e-08,"WDFY3"
"ZNF675",1.74e-12,-0.186,0.397,0.438,3.25e-08,"ZNF675"
"C8orf82",1.76e-12,0.286,0.236,0.188,3.28e-08,"C8orf82"
"NBEAL1",1.77e-12,0.157,0.639,0.574,3.29e-08,"NBEAL1"
"TUBGCP4",1.78e-12,0.306,0.401,0.345,3.31e-08,"TUBGCP4"
"LEKR1",1.78e-12,1.964,0.01,0.002,3.31e-08,"LEKR1"
"CLK1",1.79e-12,-0.125,0.433,0.477,3.33e-08,"CLK1"
"ZC4H2",1.82e-12,-0.153,0.63,0.653,3.38e-08,"ZC4H2"
"FAM86B1",1.84e-12,1.252,0.014,0.004,3.42e-08,"FAM86B1"
"UBE2D1",1.86e-12,0.161,0.596,0.529,3.46e-08,"UBE2D1"
"BCKDHA",1.9e-12,0.43,0.157,0.119,3.53e-08,"BCKDHA"
"MRTFB",1.95e-12,0.212,0.725,0.69,3.63e-08,"MRTFB"
"PPP4R3B",1.96e-12,0.187,0.781,0.752,3.65e-08,"PPP4R3B"
"CCDC183",1.99e-12,0.661,0.052,0.031,3.7e-08,"CCDC183"
"IRGQ",2.04e-12,0.362,0.289,0.238,3.79e-08,"IRGQ"
"RAB3IP",2.04e-12,0.321,0.552,0.662,3.79e-08,"RAB3IP"
"ENPP1",2.07e-12,1.068,0.064,0.041,3.86e-08,"ENPP1"
"MT-TH",2.09e-12,1.104,0.026,0.012,3.89e-08,"MT-TH"
"AATF",2.14e-12,0.255,0.471,0.415,3.98e-08,"AATF"
"CACNB4",2.17e-12,-0.418,0.242,0.283,4.04e-08,"CACNB4"
"ATXN7",2.17e-12,0.234,0.473,0.414,4.04e-08,"ATXN7"
"MOB3B",2.18e-12,0.275,0.727,0.792,4.06e-08,"MOB3B"
"NAPA",2.23e-12,0.304,0.171,0.13,4.15e-08,"NAPA"
"MPP7",2.24e-12,-0.302,0.046,0.072,4.17e-08,"MPP7"
"SYT5",2.28e-12,-0.725,0.032,0.054,4.25e-08,"SYT5"
"SLC11A1",2.29e-12,1.466,0.011,0.002,4.26e-08,"SLC11A1"
"PODN",2.32e-12,0.975,0.022,0.009,4.32e-08,"PODN"
"CCDC141",2.35e-12,-1.396,0.005,0.015,4.38e-08,"CCDC141"
"TICAM2",2.36e-12,0.721,0.05,0.029,4.39e-08,"TICAM2"
"ENSG00000280128",2.37e-12,0.261,0.297,0.243,4.41e-08,"ENSG00000280128"
"PHLDB3",2.41e-12,0.507,0.117,0.085,4.49e-08,"PHLDB3"
"TARS3",2.45e-12,0.278,0.377,0.321,4.56e-08,"TARS3"
"RPA3",2.47e-12,0.273,0.453,0.396,4.59e-08,"RPA3"
"DYNLL2",2.5e-12,0.287,0.601,0.551,4.65e-08,"DYNLL2"
"FOCAD",2.51e-12,0.175,0.645,0.588,4.68e-08,"FOCAD"
"JAKMIP1",2.52e-12,-1.66,0.003,0.013,4.69e-08,"JAKMIP1"
"UNC13C",2.53e-12,-0.908,0.005,0.016,4.71e-08,"UNC13C"
"FZD2",2.54e-12,0.401,0.31,0.262,4.72e-08,"FZD2"
"HSPA13",2.54e-12,0.278,0.543,0.488,4.73e-08,"HSPA13"
"SKIV2L",2.64e-12,0.416,0.088,0.06,4.92e-08,"SKIV2L"
"DKC1",2.71e-12,0.268,0.418,0.368,5.03e-08,"DKC1"
"ZNF268",2.75e-12,0.323,0.219,0.174,5.12e-08,"ZNF268"
"GRPR",2.78e-12,0.623,0.017,0.006,5.18e-08,"GRPR"
"ZNF667",2.83e-12,-1.273,0.022,0.04,5.26e-08,"ZNF667"
"FKBP11",2.86e-12,0.345,0.127,0.092,5.32e-08,"FKBP11"
"DEPDC7",2.86e-12,-0.539,0.026,0.046,5.33e-08,"DEPDC7"
"LRRC14",2.89e-12,0.457,0.095,0.066,5.38e-08,"LRRC14"
"CD96",2.94e-12,1.412,0.017,0.006,5.47e-08,"CD96"
"MTERF4",2.95e-12,0.175,0.418,0.354,5.48e-08,"MTERF4"
"PGBD1",2.97e-12,-0.146,0.376,0.421,5.53e-08,"PGBD1"
"QSOX1",3.01e-12,0.367,0.143,0.106,5.6e-08,"QSOX1"
"CEBPG",3.04e-12,0.379,0.34,0.291,5.66e-08,"CEBPG"
"MKRN2",3.04e-12,0.275,0.304,0.25,5.66e-08,"MKRN2"
"STX5",3.12e-12,0.23,0.36,0.303,5.81e-08,"STX5"
"TTF2",3.12e-12,-0.545,0.191,0.225,5.81e-08,"TTF2"
"MECOM",3.16e-12,0.403,0.064,0.04,5.88e-08,"MECOM"
"ARX",3.2e-12,0.311,0.692,0.776,5.96e-08,"ARX"
"DDX20",3.23e-12,0.496,0.233,0.189,6.02e-08,"DDX20"
"OGN",3.3e-12,-0.553,0.062,0.09,6.14e-08,"OGN"
"SAMHD1",3.43e-12,0.306,0.184,0.142,6.39e-08,"SAMHD1"
"VCPKMT",3.53e-12,-0.2,0.236,0.277,6.56e-08,"VCPKMT"
"ATP6V1C2",3.53e-12,0.91,0.049,0.029,6.57e-08,"ATP6V1C2"
"TPM4",3.56e-12,0.262,0.771,0.75,6.63e-08,"TPM4"
"BDNF",3.57e-12,1.153,0.02,0.008,6.64e-08,"BDNF"
"MNS1",3.57e-12,0.279,0.163,0.125,6.65e-08,"MNS1"
"SMARCD2",3.63e-12,0.453,0.1,0.07,6.76e-08,"SMARCD2"
"SLC37A4",3.63e-12,0.467,0.105,0.075,6.76e-08,"SLC37A4"
"ACSF3",3.66e-12,0.362,0.183,0.142,6.81e-08,"ACSF3"
"NBPF8",3.71e-12,0.431,0.193,0.152,6.91e-08,"NBPF8"
"PIGN",3.72e-12,0.104,0.438,0.369,6.92e-08,"PIGN"
"DAND5",3.77e-12,1.399,0.014,0.004,7.01e-08,"DAND5"
"NDUFA4L2",3.78e-12,-0.921,0.011,0.026,7.04e-08,"NDUFA4L2"
"NFKBIE",3.81e-12,0.482,0.064,0.04,7.08e-08,"NFKBIE"
"TRMT6",3.84e-12,0.3,0.202,0.158,7.14e-08,"TRMT6"
"NAA30",3.85e-12,0.324,0.312,0.26,7.16e-08,"NAA30"
"STXBP6",3.97e-12,-0.302,0.024,0.043,7.38e-08,"STXBP6"
"CHRNA5",4.01e-12,-0.487,0.087,0.119,7.46e-08,"CHRNA5"
"TYMP",4.06e-12,0.658,0.053,0.032,7.56e-08,"TYMP"
"TAF4",4.21e-12,-0.168,0.312,0.355,7.84e-08,"TAF4"
"RHOBTB1",4.21e-12,0.227,0.212,0.167,7.84e-08,"RHOBTB1"
"NTAN1",4.28e-12,0.286,0.318,0.265,7.97e-08,"NTAN1"
"ZNF449",4.3e-12,0.407,0.136,0.101,8.01e-08,"ZNF449"
"TIGD2",4.32e-12,0.821,0.042,0.023,8.05e-08,"TIGD2"
"TMSB15B",4.43e-12,-0.255,0.144,0.182,8.24e-08,"TMSB15B"
"NOL10",4.45e-12,0.192,0.546,0.486,8.29e-08,"NOL10"
"MYO15B",4.46e-12,0.733,0.034,0.018,8.3e-08,"MYO15B"
"ZNF462",4.5e-12,0.264,0.897,0.883,8.38e-08,"ZNF462"
"WDR55",4.52e-12,0.391,0.104,0.073,8.42e-08,"WDR55"
"ZCCHC14",4.68e-12,-0.187,0.495,0.528,8.71e-08,"ZCCHC14"
"CLSTN3",4.81e-12,0.29,0.174,0.134,8.95e-08,"CLSTN3"
"CORO2A",4.87e-12,-1.548,0.005,0.016,9.06e-08,"CORO2A"
"LYRM7",4.92e-12,0.247,0.3,0.247,9.16e-08,"LYRM7"
"PCID2",4.93e-12,0.265,0.439,0.384,9.17e-08,"PCID2"
"NPY",4.93e-12,2.037,0.153,0.122,9.18e-08,"NPY"
"PPFIBP1",4.94e-12,-0.202,0.264,0.206,9.2e-08,"PPFIBP1"
"SMIM10L2B",4.98e-12,0.919,0.029,0.014,9.27e-08,"SMIM10L2B"
"VEGFA",5e-12,-0.411,0.248,0.194,9.3e-08,"VEGFA"
"MRNIP",5.06e-12,0.214,0.309,0.254,9.42e-08,"MRNIP"
"UFSP1",5.11e-12,1.107,0.014,0.004,9.51e-08,"UFSP1"
"TRAPPC14",5.19e-12,0.385,0.076,0.05,9.67e-08,"TRAPPC14"
"ZNF490",5.27e-12,0.327,0.261,0.212,9.82e-08,"ZNF490"
"CHTOP",5.29e-12,0.279,0.525,0.476,9.84e-08,"CHTOP"
"DNAL4",5.35e-12,0.349,0.175,0.135,9.95e-08,"DNAL4"
"ZNF596",5.35e-12,0.399,0.063,0.04,9.96e-08,"ZNF596"
"LOXL3",5.39e-12,0.261,0.242,0.194,1e-07,"LOXL3"
"PIK3C2B",5.42e-12,0.287,0.399,0.346,1.01e-07,"PIK3C2B"
"PLA2G15",5.42e-12,0.4,0.081,0.054,1.01e-07,"PLA2G15"
"ZNF81",5.43e-12,0.275,0.322,0.27,1.01e-07,"ZNF81"
"ZNF85",5.45e-12,-0.158,0.252,0.296,1.01e-07,"ZNF85"
"FASTKD3",5.52e-12,0.415,0.088,0.06,1.03e-07,"FASTKD3"
"ZNF768",5.52e-12,0.541,0.109,0.078,1.03e-07,"ZNF768"
"PDSS1",5.55e-12,0.27,0.299,0.247,1.03e-07,"PDSS1"
"H1-2",5.66e-12,-0.736,0.481,0.461,1.05e-07,"H1-2"
"CHKA",5.66e-12,0.179,0.549,0.501,1.05e-07,"CHKA"
"PHTF1",5.68e-12,0.196,0.579,0.523,1.06e-07,"PHTF1"
"RALY",5.73e-12,-0.154,0.777,0.779,1.07e-07,"RALY"
"PABIR2",5.79e-12,-0.39,0.207,0.243,1.08e-07,"PABIR2"
"TMEM196",5.85e-12,-1.799,0.009,0.021,1.09e-07,"TMEM196"
"ZNF605",5.87e-12,0.332,0.314,0.262,1.09e-07,"ZNF605"
"DMTN",5.91e-12,0.814,0.029,0.014,1.1e-07,"DMTN"
"KIAA0408",5.94e-12,-0.401,0.048,0.073,1.11e-07,"KIAA0408"
"TRMT10A",5.94e-12,0.358,0.14,0.105,1.11e-07,"TRMT10A"
"AAMDC",5.97e-12,0.158,0.532,0.465,1.11e-07,"AAMDC"
"CBFB",6.04e-12,0.279,0.577,0.527,1.12e-07,"CBFB"
"ZBTB9",6.09e-12,0.638,0.045,0.026,1.13e-07,"ZBTB9"
"EOLA1",6.11e-12,0.446,0.055,0.033,1.14e-07,"EOLA1"
"TIGD1",6.13e-12,0.385,0.116,0.084,1.14e-07,"TIGD1"
"POGLUT3",6.22e-12,0.318,0.119,0.086,1.16e-07,"POGLUT3"
"HPS4",6.26e-12,0.275,0.324,0.27,1.17e-07,"HPS4"
"MAIP1",6.38e-12,0.221,0.265,0.214,1.19e-07,"MAIP1"
"CCDC144A",6.45e-12,0.445,0.228,0.186,1.2e-07,"CCDC144A"
"SIK2",6.46e-12,0.23,0.585,0.53,1.2e-07,"SIK2"
"FSTL3",6.47e-12,0.815,0.026,0.012,1.2e-07,"FSTL3"
"H2BC13",6.61e-12,-1.008,0.014,0.03,1.23e-07,"H2BC13"
"NXPE1",6.69e-12,1.405,0.012,0.003,1.25e-07,"NXPE1"
"ATG4C",6.77e-12,0.27,0.363,0.308,1.26e-07,"ATG4C"
"RPRD1A",6.77e-12,0.202,0.72,0.68,1.26e-07,"RPRD1A"
"SPATA33",6.85e-12,0.27,0.234,0.187,1.28e-07,"SPATA33"
"PSMD5",6.9e-12,0.675,0.095,0.067,1.28e-07,"PSMD5"
"MTRF1",6.9e-12,0.303,0.223,0.177,1.28e-07,"MTRF1"
"BZW2",6.97e-12,-0.133,0.441,0.483,1.3e-07,"BZW2"
"CGN",6.98e-12,1.622,0.015,0.005,1.3e-07,"CGN"
"ARMC6",7.03e-12,0.357,0.146,0.11,1.31e-07,"ARMC6"
"ZNF443",7.03e-12,-0.477,0.057,0.083,1.31e-07,"ZNF443"
"LARGE1",7.2e-12,0.578,0.787,0.725,1.34e-07,"LARGE1"
"KYAT3",7.25e-12,0.185,0.445,0.388,1.35e-07,"KYAT3"
"CPT1B",7.37e-12,0.513,0.071,0.047,1.37e-07,"CPT1B"
"IFFO1",7.42e-12,0.419,0.091,0.063,1.38e-07,"IFFO1"
"RBM23",7.56e-12,0.233,0.493,0.438,1.41e-07,"RBM23"
"PDZD4",7.69e-12,-0.243,0.158,0.195,1.43e-07,"PDZD4"
"ICE2",7.79e-12,0.218,0.507,0.447,1.45e-07,"ICE2"
"VPS8",7.83e-12,0.154,0.635,0.57,1.46e-07,"VPS8"
"SLC30A9",7.92e-12,0.129,0.627,0.579,1.47e-07,"SLC30A9"
"KIAA1586",8e-12,-0.113,0.475,0.518,1.49e-07,"KIAA1586"
"CALN1",8.09e-12,-1.21,0.032,0.053,1.51e-07,"CALN1"
"FAM86B2",8.12e-12,1.879,0.01,0.002,1.51e-07,"FAM86B2"
"KBTBD6",8.18e-12,0.355,0.272,0.224,1.52e-07,"KBTBD6"
"MCF2L2",8.23e-12,0.393,0.19,0.149,1.53e-07,"MCF2L2"
"ZNF654",8.29e-12,-0.146,0.592,0.617,1.54e-07,"ZNF654"
"ZC2HC1C",8.29e-12,0.541,0.083,0.056,1.54e-07,"ZC2HC1C"
"DLK1",8.33e-12,1.471,0.042,0.024,1.55e-07,"DLK1"
"NMT2",8.53e-12,0.259,0.472,0.413,1.59e-07,"NMT2"
"CLBA1",8.55e-12,-0.292,0.112,0.145,1.59e-07,"CLBA1"
"AREL1",8.72e-12,0.208,0.327,0.272,1.62e-07,"AREL1"
"ERICH5",8.72e-12,-2.029,0.003,0.011,1.62e-07,"ERICH5"
"MAP7D1",8.77e-12,0.304,0.431,0.377,1.63e-07,"MAP7D1"
"HCFC1",8.84e-12,0.288,0.448,0.396,1.65e-07,"HCFC1"
"NOL11",9.07e-12,0.291,0.449,0.395,1.69e-07,"NOL11"
"UBE2K",9.16e-12,0.167,0.859,0.843,1.7e-07,"UBE2K"
"GMCL1",9.16e-12,-0.197,0.45,0.481,1.71e-07,"GMCL1"
"RUSF1",9.17e-12,0.314,0.135,0.1,1.71e-07,"RUSF1"
"ZCCHC10",9.31e-12,0.232,0.445,0.385,1.73e-07,"ZCCHC10"
"NEK4",9.47e-12,0.19,0.432,0.37,1.76e-07,"NEK4"
"HSD3B7",9.6e-12,1.129,0.015,0.005,1.79e-07,"HSD3B7"
"FN1",9.63e-12,0.582,0.132,0.099,1.79e-07,"FN1"
"FSBP",9.7e-12,0.458,0.154,0.118,1.8e-07,"FSBP"
"PID1",9.79e-12,-0.488,0.527,0.545,1.82e-07,"PID1"
"UBTF",9.88e-12,0.236,0.677,0.643,1.84e-07,"UBTF"
"PTP4A3",9.98e-12,0.55,0.081,0.055,1.86e-07,"PTP4A3"
"PITPNC1",1.01e-11,0.27,0.706,0.659,1.89e-07,"PITPNC1"
"C2orf15",1.02e-11,0.773,0.025,0.011,1.91e-07,"C2orf15"
"CRNKL1",1.03e-11,0.256,0.426,0.368,1.91e-07,"CRNKL1"
"KCMF1",1.04e-11,0.194,0.711,0.673,1.94e-07,"KCMF1"
"ENSG00000280417",1.07e-11,1.297,0.015,0.005,1.99e-07,"ENSG00000280417"
"SPESP1",1.07e-11,0.176,0.13,0.096,2e-07,"SPESP1"
"SYT10",1.07e-11,-3.297,0.002,0.01,2e-07,"SYT10"
"TTN",1.08e-11,0.328,0.164,0.125,2e-07,"TTN"
"C2orf92",1.08e-11,0.588,0.079,0.053,2.01e-07,"C2orf92"
"HPR",1.09e-11,1.933,0.011,0.003,2.02e-07,"HPR"
"TBCCD1",1.09e-11,0.274,0.167,0.128,2.04e-07,"TBCCD1"
"COIL",1.11e-11,0.245,0.389,0.334,2.06e-07,"COIL"
"ABHD15",1.14e-11,0.724,0.038,0.02,2.12e-07,"ABHD15"
"GFRA3",1.14e-11,-2.007,0.004,0.014,2.12e-07,"GFRA3"
"STRIP2",1.16e-11,-0.589,0.092,0.122,2.16e-07,"STRIP2"
"UVRAG",1.16e-11,0.212,0.716,0.665,2.16e-07,"UVRAG"
"ADGRE5",1.16e-11,1.458,0.016,0.006,2.16e-07,"ADGRE5"
"SLC22A15",1.17e-11,1.863,0.013,0.004,2.18e-07,"SLC22A15"
"PCDH8",1.2e-11,1.12,0.061,0.04,2.23e-07,"PCDH8"
"NXF1",1.21e-11,0.371,0.186,0.146,2.25e-07,"NXF1"
"RNF166",1.21e-11,0.36,0.128,0.094,2.26e-07,"RNF166"
"PRKRA",1.26e-11,0.21,0.557,0.505,2.34e-07,"PRKRA"
"PIK3C2G",1.27e-11,2.135,0.015,0.005,2.37e-07,"PIK3C2G"
"ENSG00000279789",1.28e-11,0.526,0.095,0.067,2.38e-07,"ENSG00000279789"
"EXOC6",1.28e-11,-0.13,0.708,0.723,2.38e-07,"EXOC6"
"HCN3",1.28e-11,-0.314,0.073,0.102,2.39e-07,"HCN3"
"HSD17B11",1.29e-11,0.156,0.275,0.221,2.4e-07,"HSD17B11"
"DOP1A",1.29e-11,-0.133,0.622,0.645,2.41e-07,"DOP1A"
"CATSPERG",1.3e-11,-0.328,0.15,0.186,2.41e-07,"CATSPERG"
"VSNL1",1.32e-11,0.806,0.03,0.015,2.45e-07,"VSNL1"
"TESC",1.32e-11,1.035,0.018,0.007,2.45e-07,"TESC"
"CAPN15",1.33e-11,0.369,0.123,0.09,2.47e-07,"CAPN15"
"BRD4",1.33e-11,0.219,0.748,0.727,2.47e-07,"BRD4"
"STEAP2",1.36e-11,0.898,0.065,0.042,2.53e-07,"STEAP2"
"TMUB2",1.36e-11,0.256,0.232,0.186,2.53e-07,"TMUB2"
"CEP89",1.43e-11,-0.264,0.417,0.445,2.67e-07,"CEP89"
"LZTR1",1.44e-11,0.399,0.14,0.105,2.69e-07,"LZTR1"
"H2AC4",1.45e-11,-0.632,0.032,0.053,2.7e-07,"H2AC4"
"CFAP251",1.48e-11,0.42,0.088,0.061,2.75e-07,"CFAP251"
"MSL2",1.5e-11,-0.144,0.43,0.466,2.79e-07,"MSL2"
"ZGPAT",1.51e-11,0.285,0.208,0.163,2.8e-07,"ZGPAT"
"ZNF547",1.51e-11,0.491,0.094,0.065,2.81e-07,"ZNF547"
"SEPTIN6",1.53e-11,-0.382,0.233,0.267,2.84e-07,"SEPTIN6"
"CBWD3",1.54e-11,0.36,0.117,0.085,2.87e-07,"CBWD3"
"ADCY3",1.57e-11,-0.261,0.29,0.328,2.92e-07,"ADCY3"
"ADAMTS1",1.57e-11,1.979,0.014,0.004,2.92e-07,"ADAMTS1"
"RCE1",1.6e-11,0.352,0.112,0.081,2.99e-07,"RCE1"
"RCOR3",1.61e-11,0.227,0.666,0.622,3e-07,"RCOR3"
"ANKFY1",1.64e-11,0.211,0.621,0.572,3.06e-07,"ANKFY1"
"GTPBP8",1.65e-11,0.284,0.326,0.274,3.07e-07,"GTPBP8"
"SH3BP2",1.68e-11,0.307,0.2,0.158,3.12e-07,"SH3BP2"
"P2RY12",1.69e-11,0.622,0.06,0.038,3.14e-07,"P2RY12"
"RAP1A",1.69e-11,0.162,0.707,0.659,3.15e-07,"RAP1A"
"CEP57",1.72e-11,-0.119,0.709,0.734,3.2e-07,"CEP57"
"C5",1.73e-11,0.177,0.145,0.109,3.22e-07,"C5"
"OLFML2B",1.73e-11,1.295,0.014,0.004,3.23e-07,"OLFML2B"
"LARP4B",1.77e-11,0.209,0.647,0.604,3.29e-07,"LARP4B"
"MBLAC2",1.77e-11,0.235,0.088,0.06,3.3e-07,"MBLAC2"
"EPM2AIP1",1.78e-11,0.254,0.54,0.49,3.32e-07,"EPM2AIP1"
"ECRG4",1.79e-11,1.518,0.014,0.005,3.34e-07,"ECRG4"
"ADGRF3",1.8e-11,0.688,0.039,0.022,3.36e-07,"ADGRF3"
"ZNF148",1.81e-11,0.201,0.927,0.923,3.36e-07,"ZNF148"
"SMCR8",1.83e-11,0.424,0.097,0.068,3.4e-07,"SMCR8"
"DUSP5",1.83e-11,0.807,0.034,0.018,3.4e-07,"DUSP5"
"LEO1",1.84e-11,0.26,0.526,0.475,3.42e-07,"LEO1"
"SYNPO2",1.89e-11,2.154,0.011,0.003,3.53e-07,"SYNPO2"
"GPALPP1",1.9e-11,0.173,0.512,0.451,3.53e-07,"GPALPP1"
"MAFF",1.91e-11,0.398,0.081,0.055,3.55e-07,"MAFF"
"WDR82",1.93e-11,0.207,0.608,0.564,3.59e-07,"WDR82"
"FBXO25",1.94e-11,0.265,0.295,0.244,3.61e-07,"FBXO25"
"DNAJB5",1.95e-11,0.489,0.155,0.119,3.62e-07,"DNAJB5"
"HDGF",1.96e-11,0.138,0.619,0.564,3.65e-07,"HDGF"
"CYP20A1",1.96e-11,0.172,0.519,0.458,3.65e-07,"CYP20A1"
"PEX5",1.97e-11,0.343,0.223,0.18,3.67e-07,"PEX5"
"PPAN",2.08e-11,0.282,0.1,0.07,3.87e-07,"PPAN"
"DHX34",2.09e-11,0.233,0.207,0.163,3.9e-07,"DHX34"
"ZDHHC11",2.11e-11,0.366,0.092,0.064,3.92e-07,"ZDHHC11"
"FHL2",2.12e-11,0.517,0.113,0.082,3.95e-07,"FHL2"
"FBN1",2.14e-11,0.194,0.167,0.128,3.99e-07,"FBN1"
"GEMIN4",2.19e-11,0.554,0.076,0.051,4.07e-07,"GEMIN4"
"KCTD15",2.21e-11,0.279,0.224,0.18,4.12e-07,"KCTD15"
"CFTR",2.24e-11,1.484,0.014,0.005,4.17e-07,"CFTR"
"CD70",2.32e-11,2.814,0.012,0.003,4.32e-07,"CD70"
"MIPOL1",2.4e-11,0.146,0.451,0.384,4.46e-07,"MIPOL1"
"FRG1",2.4e-11,0.253,0.56,0.515,4.47e-07,"FRG1"
"AMN1",2.41e-11,-0.252,0.288,0.328,4.48e-07,"AMN1"
"C2orf80",2.41e-11,0.347,0.092,0.064,4.49e-07,"C2orf80"
"ANKRD13D",2.43e-11,0.259,0.349,0.295,4.53e-07,"ANKRD13D"
"MEF2D",2.46e-11,0.329,0.187,0.148,4.58e-07,"MEF2D"
"TSPOAP1",2.5e-11,0.408,0.135,0.101,4.65e-07,"TSPOAP1"
"RNF145",2.51e-11,0.211,0.627,0.583,4.67e-07,"RNF145"
"TCHH",2.57e-11,-1.251,0.004,0.013,4.78e-07,"TCHH"
"ZNF468",2.58e-11,0.416,0.082,0.056,4.81e-07,"ZNF468"
"DAZAP1",2.59e-11,-0.137,0.388,0.431,4.82e-07,"DAZAP1"
"PURB",2.64e-11,0.286,0.387,0.335,4.92e-07,"PURB"
"MICALL1",2.71e-11,0.415,0.11,0.08,5.05e-07,"MICALL1"
"ARFGAP3",2.82e-11,0.195,0.645,0.602,5.24e-07,"ARFGAP3"
"NTAQ1",2.82e-11,0.219,0.309,0.257,5.25e-07,"NTAQ1"
"ENTPD7",2.86e-11,0.312,0.148,0.112,5.33e-07,"ENTPD7"
"MAP2K6",2.91e-11,0.238,0.377,0.324,5.41e-07,"MAP2K6"
"NUFIP1",2.94e-11,0.277,0.281,0.231,5.47e-07,"NUFIP1"
"DGCR6",2.96e-11,0.603,0.032,0.017,5.5e-07,"DGCR6"
"C1QTNF4",2.99e-11,-0.213,0.071,0.1,5.56e-07,"C1QTNF4"
"TAF6L",3.04e-11,0.396,0.12,0.088,5.66e-07,"TAF6L"
"INTS1",3.05e-11,0.26,0.201,0.159,5.68e-07,"INTS1"
"ZNF786",3.13e-11,0.345,0.191,0.151,5.82e-07,"ZNF786"
"WDR37",3.16e-11,0.14,0.444,0.38,5.87e-07,"WDR37"
"PAX6",3.16e-11,0.18,0.316,0.265,5.88e-07,"PAX6"
"DUSP28",3.27e-11,0.403,0.127,0.095,6.08e-07,"DUSP28"
"MAPK8IP3",3.27e-11,0.208,0.387,0.332,6.08e-07,"MAPK8IP3"
"PTPN9",3.32e-11,0.234,0.536,0.48,6.19e-07,"PTPN9"
"TMEM104",3.39e-11,0.381,0.102,0.073,6.31e-07,"TMEM104"
"ATPSCKMT",3.44e-11,0.29,0.266,0.218,6.4e-07,"ATPSCKMT"
"ISG20",3.5e-11,1.271,0.028,0.014,6.52e-07,"ISG20"
"CCNT2",3.51e-11,-0.1,0.6,0.629,6.54e-07,"CCNT2"
"CSTF2",3.59e-11,0.345,0.173,0.134,6.68e-07,"CSTF2"
"SLC7A6",3.6e-11,0.237,0.289,0.238,6.7e-07,"SLC7A6"
"RNPS1",3.61e-11,0.188,0.688,0.657,6.72e-07,"RNPS1"
"DNAJB6",3.62e-11,0.166,0.894,0.884,6.74e-07,"DNAJB6"
"LANCL2",3.7e-11,-0.329,0.385,0.418,6.89e-07,"LANCL2"
"GPN3",3.77e-11,0.25,0.353,0.301,7.02e-07,"GPN3"
"KCNE4",3.81e-11,1.346,0.011,0.003,7.1e-07,"KCNE4"
"USP4",3.85e-11,0.27,0.398,0.344,7.16e-07,"USP4"
"PDCD2L",3.94e-11,0.278,0.158,0.121,7.33e-07,"PDCD2L"
"DNAAF10",4.01e-11,0.232,0.231,0.187,7.46e-07,"DNAAF10"
"PPM1M",4.01e-11,0.972,0.024,0.011,7.46e-07,"PPM1M"
"KLRD1",4.05e-11,1.45,0.02,0.008,7.54e-07,"KLRD1"
"ZFYVE27",4.08e-11,0.267,0.29,0.241,7.59e-07,"ZFYVE27"
"EFHD1",4.08e-11,0.446,0.116,0.086,7.6e-07,"EFHD1"
"ZFP82",4.09e-11,-0.218,0.355,0.393,7.62e-07,"ZFP82"
"ZPBP",4.17e-11,-1.39,0.008,0.019,7.76e-07,"ZPBP"
"ASCC2",4.2e-11,0.241,0.307,0.254,7.82e-07,"ASCC2"
"CUL3",4.26e-11,0.162,0.885,0.875,7.92e-07,"CUL3"
"XRRA1",4.29e-11,0.3,0.449,0.395,7.99e-07,"XRRA1"
"PRELID3A",4.29e-11,0.405,0.113,0.083,7.99e-07,"PRELID3A"
"ZNF571",4.3e-11,0.331,0.213,0.172,8e-07,"ZNF571"
"ZNF211",4.35e-11,0.386,0.138,0.104,8.09e-07,"ZNF211"
"MAP3K7",4.37e-11,0.237,0.524,0.473,8.13e-07,"MAP3K7"
"SEMA3C",4.52e-11,-0.439,0.15,0.184,8.42e-07,"SEMA3C"
"EML5",4.59e-11,0.343,0.151,0.116,8.55e-07,"EML5"
"RAB24",4.6e-11,0.436,0.063,0.041,8.56e-07,"RAB24"
"DUSP19",4.61e-11,0.247,0.067,0.044,8.59e-07,"DUSP19"
"TRIM27",4.62e-11,0.248,0.328,0.277,8.6e-07,"TRIM27"
"SKAP2",4.63e-11,0.391,0.074,0.05,8.61e-07,"SKAP2"
"GPR82",4.68e-11,-0.168,0.225,0.265,8.72e-07,"GPR82"
"SPOCK1",4.73e-11,-0.284,0.188,0.226,8.81e-07,"SPOCK1"
"U2AF2",4.75e-11,0.246,0.38,0.33,8.84e-07,"U2AF2"
"KPNA4",4.78e-11,0.164,0.721,0.686,8.9e-07,"KPNA4"
"GINS1",4.79e-11,-0.264,0.256,0.296,8.92e-07,"GINS1"
"FCRLB",4.79e-11,1.963,0.01,0.002,8.92e-07,"FCRLB"
"TXNL4B",5.15e-11,0.241,0.183,0.144,9.58e-07,"TXNL4B"
"ZNF587B",5.15e-11,0.604,0.058,0.037,9.59e-07,"ZNF587B"
"BLMH",5.18e-11,0.244,0.331,0.279,9.65e-07,"BLMH"
"ATP6V0A1",5.31e-11,0.262,0.59,0.54,9.88e-07,"ATP6V0A1"
"ALOX12",5.38e-11,0.723,0.037,0.02,1e-06,"ALOX12"
"TIRAP",5.56e-11,0.359,0.107,0.077,1.04e-06,"TIRAP"
"COA1",5.57e-11,0.125,0.746,0.693,1.04e-06,"COA1"
"P2RX4",5.64e-11,0.473,0.088,0.061,1.05e-06,"P2RX4"
"PCCA",5.75e-11,0.215,0.692,0.632,1.07e-06,"PCCA"
"EME2",5.79e-11,0.651,0.047,0.028,1.08e-06,"EME2"
"SMARCAL1",5.9e-11,0.145,0.333,0.277,1.1e-06,"SMARCAL1"
"ZWILCH",5.9e-11,-0.214,0.212,0.252,1.1e-06,"ZWILCH"
"ICE1",5.91e-11,0.208,0.62,0.576,1.1e-06,"ICE1"
"FANCL",5.91e-11,-0.282,0.387,0.416,1.1e-06,"FANCL"
"WNT3",6.08e-11,1.021,0.071,0.048,1.13e-06,"WNT3"
"LYRM1",6.23e-11,0.353,0.267,0.222,1.16e-06,"LYRM1"
"DNM2",6.25e-11,0.214,0.395,0.339,1.16e-06,"DNM2"
"TRMU",6.26e-11,0.226,0.276,0.228,1.17e-06,"TRMU"
"CDKL5",6.34e-11,0.524,0.594,0.554,1.18e-06,"CDKL5"
"TAF1C",6.34e-11,0.416,0.095,0.067,1.18e-06,"TAF1C"
"KPNA2",6.39e-11,-0.813,0.456,0.456,1.19e-06,"KPNA2"
"CFAP77",6.43e-11,0.927,0.025,0.012,1.2e-06,"CFAP77"
"SLC36A4",6.43e-11,-0.145,0.55,0.574,1.2e-06,"SLC36A4"
"RBM25",6.46e-11,0.151,0.877,0.882,1.2e-06,"RBM25"
"ZNF75D",6.48e-11,0.243,0.208,0.165,1.21e-06,"ZNF75D"
"CARNMT1",6.54e-11,0.162,0.297,0.246,1.22e-06,"CARNMT1"
"MATN2",6.64e-11,0.886,0.056,0.036,1.24e-06,"MATN2"
"CEP104",6.78e-11,0.19,0.362,0.304,1.26e-06,"CEP104"
"CFLAR",6.87e-11,0.876,0.053,0.033,1.28e-06,"CFLAR"
"TOPBP1",7.05e-11,-0.169,0.52,0.554,1.31e-06,"TOPBP1"
"SLC35E1",7.37e-11,0.241,0.236,0.191,1.37e-06,"SLC35E1"
"ACSL1",7.39e-11,-0.304,0.11,0.141,1.38e-06,"ACSL1"
"KLHDC2",7.44e-11,0.221,0.627,0.581,1.39e-06,"KLHDC2"
"C5orf22",7.49e-11,0.207,0.23,0.185,1.39e-06,"C5orf22"
"COL8A1",7.53e-11,1.361,0.02,0.008,1.4e-06,"COL8A1"
"FNDC10",7.59e-11,0.634,0.036,0.02,1.41e-06,"FNDC10"
"NFXL1",7.65e-11,0.242,0.305,0.255,1.42e-06,"NFXL1"
"BCO1",7.67e-11,0.498,0.017,0.006,1.43e-06,"BCO1"
"H4C1",7.71e-11,-0.667,0.021,0.037,1.44e-06,"H4C1"
"B4GALT3",7.98e-11,0.339,0.2,0.16,1.48e-06,"B4GALT3"
"SNTG2",8.06e-11,-0.278,0.132,0.168,1.5e-06,"SNTG2"
"ENSG00000280161",8.16e-11,0.951,0.029,0.015,1.52e-06,"ENSG00000280161"
"THAP10",8.21e-11,0.481,0.089,0.062,1.53e-06,"THAP10"
"SUPT16H",8.22e-11,0.186,0.789,0.759,1.53e-06,"SUPT16H"
"ENSG00000266086",8.27e-11,0.293,0.163,0.126,1.54e-06,"ENSG00000266086"
"ZNF804A",8.3e-11,-0.435,0.311,0.344,1.54e-06,"ZNF804A"
"ENSG00000256591",8.32e-11,0.301,0.21,0.168,1.55e-06,"ENSG00000256591"
"NOA1",8.35e-11,0.211,0.217,0.173,1.55e-06,"NOA1"
"HELLS",8.37e-11,-0.385,0.365,0.391,1.56e-06,"HELLS"
"SLC25A36",8.4e-11,0.172,0.718,0.682,1.56e-06,"SLC25A36"
"ANKS3",8.42e-11,0.253,0.283,0.234,1.57e-06,"ANKS3"
"ENSG00000260342",8.47e-11,-1.112,0.011,0.024,1.58e-06,"ENSG00000260342"
"SNURF",8.9e-11,0.588,0.093,0.067,1.66e-06,"SNURF"
"TMEM106C",8.97e-11,0.302,0.404,0.355,1.67e-06,"TMEM106C"
"FANCD2OS",9e-11,-0.733,0.019,0.034,1.68e-06,"FANCD2OS"
"CAPS",9.14e-11,0.652,0.031,0.016,1.7e-06,"CAPS"
"ENSG00000279161",9.2e-11,-1.229,0.01,0.022,1.71e-06,"ENSG00000279161"
"SLC6A6",9.21e-11,-0.137,0.082,0.113,1.71e-06,"SLC6A6"
"HNRNPA1L2",9.37e-11,0.47,0.068,0.045,1.74e-06,"HNRNPA1L2"
"ARL4D",9.39e-11,0.577,0.485,0.606,1.75e-06,"ARL4D"
"CES3",9.5e-11,1.385,0.013,0.004,1.77e-06,"CES3"
"OCLN",9.5e-11,0.493,0.089,0.062,1.77e-06,"OCLN"
"SLC12A2",9.62e-11,0.205,0.389,0.336,1.79e-06,"SLC12A2"
"C2CD3",9.82e-11,-0.18,0.398,0.436,1.83e-06,"C2CD3"
"ZNF107",9.85e-11,-0.252,0.3,0.334,1.83e-06,"ZNF107"
"INHA",9.87e-11,1.51,0.014,0.005,1.84e-06,"INHA"
"SLC12A7",9.87e-11,0.935,0.038,0.021,1.84e-06,"SLC12A7"
"ASB6",9.91e-11,0.414,0.086,0.06,1.85e-06,"ASB6"
"PSD",1.01e-10,0.222,0.165,0.127,1.88e-06,"PSD"
"STRN3",1.02e-10,0.168,0.858,0.835,1.89e-06,"STRN3"
"KAT14",1.02e-10,0.281,0.168,0.13,1.9e-06,"KAT14"
"TENT2",1.03e-10,0.169,0.781,0.746,1.91e-06,"TENT2"
"PLEKHH1",1.04e-10,0.284,0.078,0.053,1.93e-06,"PLEKHH1"
"SLC30A7",1.05e-10,0.186,0.473,0.412,1.95e-06,"SLC30A7"
"PHKA2",1.05e-10,0.356,0.238,0.195,1.95e-06,"PHKA2"
"WDR4",1.06e-10,0.388,0.125,0.094,1.98e-06,"WDR4"
"H2BC10",1.09e-10,-1.191,0.008,0.019,2.02e-06,"H2BC10"
"CC2D1B",1.09e-10,0.265,0.14,0.106,2.03e-06,"CC2D1B"
"SETDB2",1.1e-10,0.272,0.175,0.137,2.04e-06,"SETDB2"
"CAMSAP3",1.1e-10,-0.284,0.095,0.125,2.05e-06,"CAMSAP3"
"OCIAD2",1.11e-10,0.991,0.062,0.041,2.07e-06,"OCIAD2"
"NSUN2",1.12e-10,0.258,0.286,0.237,2.09e-06,"NSUN2"
"MAP3K1",1.12e-10,0.444,0.39,0.344,2.09e-06,"MAP3K1"
"FBXO34",1.13e-10,-0.222,0.488,0.507,2.1e-06,"FBXO34"
"CASZ1",1.14e-10,0.751,0.045,0.027,2.11e-06,"CASZ1"
"DPYSL4",1.15e-10,0.23,0.339,0.287,2.14e-06,"DPYSL4"
"LMAN2L",1.16e-10,0.303,0.181,0.142,2.16e-06,"LMAN2L"
"KREMEN1",1.22e-10,0.35,0.249,0.206,2.26e-06,"KREMEN1"
"SRSF6",1.23e-10,0.218,0.589,0.545,2.29e-06,"SRSF6"
"NAA25",1.23e-10,0.197,0.485,0.429,2.29e-06,"NAA25"
"LSM6",1.24e-10,0.21,0.572,0.524,2.31e-06,"LSM6"
"CHIT1",1.25e-10,1.726,0.01,0.003,2.32e-06,"CHIT1"
"LUZP1",1.25e-10,0.209,0.535,0.476,2.33e-06,"LUZP1"
"NUP98",1.25e-10,-0.24,0.529,0.545,2.33e-06,"NUP98"
"MGP",1.26e-10,0.744,0.013,0.004,2.34e-06,"MGP"
"RANBP1",1.28e-10,0.12,0.889,0.876,2.38e-06,"RANBP1"
"SPRYD3",1.28e-10,0.357,0.079,0.054,2.39e-06,"SPRYD3"
"GMEB1",1.33e-10,-0.162,0.344,0.384,2.47e-06,"GMEB1"
"BRCC3",1.33e-10,0.216,0.389,0.333,2.48e-06,"BRCC3"
"GCC1",1.35e-10,0.411,0.079,0.055,2.52e-06,"GCC1"
"SLC26A1",1.42e-10,1.149,0.018,0.007,2.64e-06,"SLC26A1"
"FLOT2",1.43e-10,0.199,0.333,0.281,2.66e-06,"FLOT2"
"BTBD10",1.47e-10,-0.137,0.643,0.663,2.74e-06,"BTBD10"
"UVSSA",1.52e-10,0.311,0.262,0.217,2.83e-06,"UVSSA"
"LRRC45",1.53e-10,0.319,0.096,0.068,2.85e-06,"LRRC45"
"FGD5",1.53e-10,-0.963,0.009,0.02,2.85e-06,"FGD5"
"GPATCH8",1.57e-10,0.144,0.89,0.873,2.93e-06,"GPATCH8"
"CDH7",1.59e-10,-2.082,0.002,0.01,2.96e-06,"CDH7"
"SYT2",1.6e-10,-0.165,0.088,0.118,2.98e-06,"SYT2"
"MEAF6",1.65e-10,0.208,0.703,0.671,3.08e-06,"MEAF6"
"NUP133",1.65e-10,0.22,0.461,0.404,3.08e-06,"NUP133"
"RMND5A",1.66e-10,0.265,0.412,0.361,3.09e-06,"RMND5A"
"MAP3K2",1.68e-10,0.192,0.728,0.698,3.12e-06,"MAP3K2"
"SMIM1",1.7e-10,1.116,0.018,0.007,3.16e-06,"SMIM1"
"FAAP100",1.7e-10,0.306,0.099,0.071,3.17e-06,"FAAP100"
"BMS1",1.75e-10,0.225,0.416,0.363,3.25e-06,"BMS1"
"MAGOHB",1.75e-10,0.295,0.354,0.308,3.25e-06,"MAGOHB"
"RHEBL1",1.79e-10,-1.225,0.011,0.023,3.33e-06,"RHEBL1"
"EXOC1",1.83e-10,0.157,0.656,0.601,3.4e-06,"EXOC1"
"GRIP1",1.87e-10,-0.51,0.64,0.636,3.49e-06,"GRIP1"
"MLXIP",1.95e-10,0.231,0.337,0.286,3.64e-06,"MLXIP"
"C12orf40",1.98e-10,-0.182,0.064,0.089,3.68e-06,"C12orf40"
"IREB2",1.99e-10,0.243,0.616,0.576,3.71e-06,"IREB2"
"RIF1",2e-10,-0.138,0.676,0.696,3.72e-06,"RIF1"
"CCDC7",2.04e-10,0.105,0.384,0.329,3.79e-06,"CCDC7"
"NUCB2",2.05e-10,0.175,0.714,0.676,3.81e-06,"NUCB2"
"OTULINL",2.08e-10,-1.54,0.007,0.017,3.87e-06,"OTULINL"
"USP22",2.09e-10,0.18,0.865,0.855,3.88e-06,"USP22"
"TACO1",2.1e-10,0.731,0.029,0.015,3.9e-06,"TACO1"
"PLS1",2.1e-10,-0.38,0.076,0.102,3.91e-06,"PLS1"
"POMT2",2.15e-10,0.297,0.209,0.17,4.01e-06,"POMT2"
"ZNF398",2.2e-10,0.223,0.32,0.27,4.1e-06,"ZNF398"
"TNFRSF10D",2.23e-10,1.541,0.015,0.005,4.14e-06,"TNFRSF10D"
"NSUN3",2.25e-10,0.286,0.331,0.281,4.2e-06,"NSUN3"
"PARD6A",2.3e-10,0.343,0.205,0.165,4.28e-06,"PARD6A"
"RP9",2.32e-10,0.265,0.421,0.37,4.32e-06,"RP9"
"PYCR3",2.34e-10,0.508,0.054,0.035,4.36e-06,"PYCR3"
"FAIM2",2.36e-10,0.372,0.088,0.062,4.4e-06,"FAIM2"
"FUNDC2",2.37e-10,0.251,0.563,0.513,4.42e-06,"FUNDC2"
"CSNK2A1",2.39e-10,0.18,0.814,0.795,4.46e-06,"CSNK2A1"
"ZMYM3",2.41e-10,0.316,0.218,0.178,4.49e-06,"ZMYM3"
"RERGL",2.42e-10,2.226,0.015,0.006,4.51e-06,"RERGL"
"DEPDC4",2.43e-10,0.319,0.109,0.08,4.53e-06,"DEPDC4"
"ZNF608",2.43e-10,0.189,0.706,0.624,4.53e-06,"ZNF608"
"GIPR",2.44e-10,-0.562,0.02,0.036,4.55e-06,"GIPR"
"ZNFX1",2.45e-10,0.302,0.295,0.249,4.56e-06,"ZNFX1"
"SREK1IP1",2.45e-10,0.208,0.585,0.532,4.56e-06,"SREK1IP1"
"NFRKB",2.47e-10,0.229,0.323,0.271,4.59e-06,"NFRKB"
"IFIT5",2.51e-10,0.272,0.305,0.258,4.66e-06,"IFIT5"
"ENSG00000283886",2.54e-10,0.461,0.075,0.052,4.72e-06,"ENSG00000283886"
"ATXN7L1",2.55e-10,0.184,0.602,0.541,4.75e-06,"ATXN7L1"
"RAB40A",2.56e-10,0.447,0.035,0.02,4.76e-06,"RAB40A"
"FAM178B",2.57e-10,1.282,0.012,0.004,4.78e-06,"FAM178B"
"EEF1AKMT2",2.57e-10,-0.144,0.554,0.574,4.79e-06,"EEF1AKMT2"
"CCZ1B",2.73e-10,0.228,0.421,0.365,5.09e-06,"CCZ1B"
"SAMD1",2.77e-10,0.26,0.446,0.398,5.15e-06,"SAMD1"
"BLOC1S5",2.78e-10,0.229,0.293,0.245,5.17e-06,"BLOC1S5"
"TPRKB",2.82e-10,0.237,0.557,0.513,5.24e-06,"TPRKB"
"H2BC12",2.86e-10,-0.742,0.027,0.045,5.33e-06,"H2BC12"
"CCAR2",2.95e-10,0.268,0.283,0.236,5.49e-06,"CCAR2"
"CDC5L",3.02e-10,0.178,0.725,0.69,5.62e-06,"CDC5L"
"TAF8",3.07e-10,0.308,0.207,0.167,5.71e-06,"TAF8"
"KLF10",3.08e-10,0.428,0.246,0.206,5.74e-06,"KLF10"
"RTN4R",3.09e-10,0.367,0.114,0.085,5.75e-06,"RTN4R"
"AMOT",3.11e-10,0.264,0.243,0.201,5.79e-06,"AMOT"
"CARMIL2",3.11e-10,-1.168,0.008,0.019,5.8e-06,"CARMIL2"
"DNASE1L1",3.12e-10,0.378,0.048,0.029,5.8e-06,"DNASE1L1"
"USP25",3.13e-10,0.191,0.562,0.498,5.82e-06,"USP25"
"ZNF90",3.16e-10,-0.342,0.149,0.183,5.89e-06,"ZNF90"
"PTEN",3.18e-10,0.157,0.877,0.855,5.91e-06,"PTEN"
"LY96",3.18e-10,1.373,0.013,0.005,5.93e-06,"LY96"
"PIEZO2",3.22e-10,-1.052,0.026,0.043,5.99e-06,"PIEZO2"
"SLC26A6",3.23e-10,0.619,0.023,0.011,6.02e-06,"SLC26A6"
"RXRB",3.25e-10,0.272,0.139,0.106,6.04e-06,"RXRB"
"ZCCHC18",3.3e-10,0.542,0.051,0.032,6.14e-06,"ZCCHC18"
"PIP5K1B",3.3e-10,1.149,0.373,0.366,6.15e-06,"PIP5K1B"
"SEPHS1",3.35e-10,0.121,0.519,0.453,6.24e-06,"SEPHS1"
"TMEM182",3.37e-10,0.172,0.159,0.123,6.28e-06,"TMEM182"
"PCDHGB4",3.4e-10,0.741,0.046,0.028,6.33e-06,"PCDHGB4"
"APOBEC3F",3.42e-10,1.161,0.016,0.006,6.37e-06,"APOBEC3F"
"ENSG00000279541",3.43e-10,0.492,0.131,0.099,6.38e-06,"ENSG00000279541"
"ANKEF1",3.57e-10,1.136,0.019,0.008,6.64e-06,"ANKEF1"
"PACSIN2",3.57e-10,0.29,0.456,0.409,6.64e-06,"PACSIN2"
"MAPKBP1",3.59e-10,0.224,0.358,0.307,6.67e-06,"MAPKBP1"
"ZNF684",3.59e-10,0.377,0.146,0.113,6.69e-06,"ZNF684"
"KIAA2012",3.67e-10,0.605,0.05,0.031,6.83e-06,"KIAA2012"
"PLAA",3.72e-10,0.27,0.471,0.421,6.92e-06,"PLAA"
"GLB1L",3.77e-10,0.75,0.035,0.019,7.01e-06,"GLB1L"
"WDR48",3.78e-10,0.183,0.595,0.542,7.04e-06,"WDR48"
"JMJD7",3.79e-10,0.713,0.034,0.019,7.06e-06,"JMJD7"
"WDR27",3.8e-10,0.249,0.32,0.273,7.07e-06,"WDR27"
"ZNF814",3.83e-10,0.252,0.446,0.394,7.13e-06,"ZNF814"
"DST",3.84e-10,0.178,0.975,0.979,7.15e-06,"DST"
"TMEM44",3.87e-10,-0.382,0.156,0.188,7.19e-06,"TMEM44"
"CRTC3",3.98e-10,0.225,0.583,0.532,7.41e-06,"CRTC3"
"RARS2",3.99e-10,0.217,0.616,0.571,7.43e-06,"RARS2"
"CFAP52",4.07e-10,1.544,0.011,0.003,7.57e-06,"CFAP52"
"GCN1",4.09e-10,0.273,0.286,0.241,7.61e-06,"GCN1"
"ERI2",4.1e-10,-0.321,0.21,0.243,7.64e-06,"ERI2"
"FKBP15",4.12e-10,0.24,0.311,0.26,7.66e-06,"FKBP15"
"CFAP92",4.13e-10,0.42,0.134,0.103,7.69e-06,"CFAP92"
"PLEKHA8",4.23e-10,-0.119,0.564,0.591,7.87e-06,"PLEKHA8"
"TCP11L1",4.26e-10,-0.139,0.415,0.452,7.93e-06,"TCP11L1"
"JPH1",4.34e-10,0.533,0.069,0.046,8.07e-06,"JPH1"
"FCHO1",4.44e-10,-0.2,0.092,0.121,8.27e-06,"FCHO1"
"RTF1",4.5e-10,0.118,0.854,0.848,8.37e-06,"RTF1"
"REC8",4.75e-10,0.872,0.028,0.015,8.85e-06,"REC8"
"ZC3H13",4.81e-10,0.23,0.855,0.833,8.95e-06,"ZC3H13"
"HMGXB4",4.81e-10,-0.122,0.535,0.563,8.96e-06,"HMGXB4"
"C1orf159",4.85e-10,-0.246,0.264,0.298,9.02e-06,"C1orf159"
"FLAD1",4.86e-10,0.299,0.264,0.22,9.04e-06,"FLAD1"
"ENSG00000280000",4.86e-10,-1.385,0.003,0.011,9.04e-06,"ENSG00000280000"
"ODAD2",4.88e-10,0.876,0.042,0.025,9.08e-06,"ODAD2"
"HDHD5",4.88e-10,0.221,0.431,0.378,9.09e-06,"HDHD5"
"BLOC1S3",4.94e-10,0.388,0.05,0.031,9.19e-06,"BLOC1S3"
"CARD14",4.97e-10,1.915,0.015,0.006,9.26e-06,"CARD14"
"KRBA1",5.02e-10,0.553,0.061,0.04,9.34e-06,"KRBA1"
"KAT5",5.02e-10,0.247,0.302,0.254,9.35e-06,"KAT5"
"RALGDS",5.02e-10,-0.157,0.311,0.349,9.35e-06,"RALGDS"
"FBLIM1",5.07e-10,-0.53,0.04,0.061,9.44e-06,"FBLIM1"
"CMYA5",5.1e-10,0.775,0.021,0.009,9.5e-06,"CMYA5"
"ANK1",5.16e-10,-1.379,0.01,0.022,9.6e-06,"ANK1"
"NEK3",5.16e-10,0.191,0.228,0.184,9.61e-06,"NEK3"
"PTPN21",5.25e-10,0.249,0.386,0.334,9.77e-06,"PTPN21"
"SYCE1L",5.27e-10,0.449,0.102,0.074,9.81e-06,"SYCE1L"
"PTPRQ",5.35e-10,2.566,0.01,0.003,9.96e-06,"PTPRQ"
"SNX15",5.37e-10,0.274,0.228,0.186,1e-05,"SNX15"
"ESRRB",5.44e-10,1.064,0.027,0.014,0.0000101,"ESRRB"
"ZNF740",5.45e-10,0.341,0.179,0.143,0.0000101,"ZNF740"
"ZMYND19",5.45e-10,0.266,0.217,0.175,0.0000101,"ZMYND19"
"NHEJ1",5.5e-10,0.248,0.165,0.129,0.0000102,"NHEJ1"
"POU3F1",5.54e-10,-0.959,0.032,0.05,0.0000103,"POU3F1"
"PHOSPHO2",5.61e-10,0.271,0.105,0.076,0.0000104,"PHOSPHO2"
"TRIM68",5.69e-10,0.721,0.023,0.011,0.0000106,"TRIM68"
"TMEM91",5.69e-10,0.263,0.249,0.206,0.0000106,"TMEM91"
"CDPF1",5.73e-10,0.438,0.066,0.045,0.0000107,"CDPF1"
"POGLUT2",5.89e-10,0.315,0.127,0.096,0.000011,"POGLUT2"
"PPFIA3",5.92e-10,0.285,0.096,0.069,0.000011,"PPFIA3"
"PM20D1",5.98e-10,0.782,0.044,0.027,0.0000111,"PM20D1"
"CCNT1",6.12e-10,0.256,0.322,0.274,0.0000114,"CCNT1"
"KLHL18",6.15e-10,0.245,0.35,0.3,0.0000114,"KLHL18"
"PSPN",6.16e-10,0.731,0.029,0.015,0.0000115,"PSPN"
"TEAD4",6.22e-10,0.74,0.025,0.012,0.0000116,"TEAD4"
"TERF2IP",6.32e-10,0.119,0.907,0.875,0.0000118,"TERF2IP"
"ZNF606",6.39e-10,0.266,0.252,0.208,0.0000119,"ZNF606"
"LENG9",6.39e-10,0.708,0.036,0.02,0.0000119,"LENG9"
"CPM",6.64e-10,0.933,0.036,0.021,0.0000124,"CPM"
"SLC8A3",6.74e-10,-1.447,0.012,0.025,0.0000125,"SLC8A3"
"FAM43A",6.78e-10,0.855,0.017,0.007,0.0000126,"FAM43A"
"HPCAL4",6.81e-10,-0.711,0.011,0.024,0.0000127,"HPCAL4"
"SENP8",6.91e-10,0.247,0.162,0.127,0.0000129,"SENP8"
"CCDC121",6.93e-10,0.596,0.084,0.06,0.0000129,"CCDC121"
"IL12RB2",7.11e-10,1.029,0.036,0.021,0.0000132,"IL12RB2"
"ABLIM2",7.14e-10,0.339,0.171,0.135,0.0000133,"ABLIM2"
"SRGAP2C",7.21e-10,0.303,0.746,0.703,0.0000134,"SRGAP2C"
"ZMYM6",7.22e-10,0.193,0.324,0.273,0.0000134,"ZMYM6"
"GSAP",7.23e-10,0.775,0.022,0.011,0.0000135,"GSAP"
"ENPP3",7.34e-10,1.456,0.02,0.009,0.0000137,"ENPP3"
"GON4L",7.35e-10,0.192,0.598,0.556,0.0000137,"GON4L"
"DEDD2",7.47e-10,0.305,0.118,0.088,0.0000139,"DEDD2"
"TSPYL2",7.56e-10,0.417,0.112,0.083,0.0000141,"TSPYL2"
"PRKD2",7.64e-10,0.272,0.185,0.148,0.0000142,"PRKD2"
"HHAT",7.65e-10,1.135,0.084,0.06,0.0000142,"HHAT"
"SLC7A6OS",7.69e-10,0.223,0.315,0.265,0.0000143,"SLC7A6OS"
"MLH1",7.77e-10,0.272,0.328,0.281,0.0000145,"MLH1"
"FHDC1",7.89e-10,0.629,0.03,0.016,0.0000147,"FHDC1"
"CLDN12",7.96e-10,0.345,0.228,0.187,0.0000148,"CLDN12"
"EPHX4",7.98e-10,0.773,0.026,0.013,0.0000148,"EPHX4"
"DNMT3B",8.01e-10,-0.373,0.075,0.101,0.0000149,"DNMT3B"
"ZNF454",8.17e-10,-0.366,0.045,0.066,0.0000152,"ZNF454"
"TBCE",8.18e-10,0.277,0.073,0.05,0.0000152,"TBCE"
"RUNDC3A",8.26e-10,-0.197,0.079,0.107,0.0000154,"RUNDC3A"
"C8orf58",8.29e-10,0.451,0.054,0.034,0.0000154,"C8orf58"
"PPM1K",8.29e-10,0.34,0.347,0.301,0.0000154,"PPM1K"
"ZNF287",8.35e-10,0.281,0.171,0.134,0.0000155,"ZNF287"
"KIFC2",8.43e-10,0.392,0.051,0.032,0.0000157,"KIFC2"
"C2orf68",8.72e-10,0.286,0.289,0.243,0.0000162,"C2orf68"
"RFLNA",8.78e-10,-0.309,0.277,0.311,0.0000163,"RFLNA"
"B3GALNT1",8.87e-10,0.427,0.052,0.033,0.0000165,"B3GALNT1"
"NAA80",9.02e-10,0.666,0.041,0.024,0.0000168,"NAA80"
"LY6G6C",9.05e-10,-0.704,0.012,0.024,0.0000168,"LY6G6C"
"SZT2",9.08e-10,0.185,0.271,0.225,0.0000169,"SZT2"
"ENSG00000259316",9.11e-10,-0.705,0.049,0.07,0.000017,"ENSG00000259316"
"H2AX",9.13e-10,-0.625,0.415,0.407,0.000017,"H2AX"
"TAC3",9.16e-10,1.242,0.247,0.221,0.0000171,"TAC3"
"DAPK2",9.18e-10,0.209,0.063,0.042,0.0000171,"DAPK2"
"SEC31B",9.34e-10,0.46,0.097,0.071,0.0000174,"SEC31B"
"FAM72B",9.42e-10,-0.857,0.025,0.041,0.0000175,"FAM72B"
"CFDP1",9.52e-10,0.172,0.87,0.858,0.0000177,"CFDP1"
"GNL2",9.56e-10,0.226,0.293,0.245,0.0000178,"GNL2"
"LCA5L",9.57e-10,0.342,0.052,0.033,0.0000178,"LCA5L"
"RAI1",9.86e-10,-0.116,0.343,0.382,0.0000184,"RAI1"
"ZNF180",1.02e-09,-0.197,0.177,0.212,0.000019,"ZNF180"
"RAB20",1.02e-09,0.994,0.016,0.006,0.000019,"RAB20"
"OCRL",1.02e-09,0.249,0.261,0.216,0.0000191,"OCRL"
"TPST1",1.03e-09,0.173,0.704,0.648,0.0000191,"TPST1"
"CDKL2",1.05e-09,0.143,0.134,0.101,0.0000195,"CDKL2"
"NR4A3",1.1e-09,1.005,0.026,0.013,0.0000204,"NR4A3"
"CAPRIN2",1.12e-09,0.301,0.295,0.25,0.0000209,"CAPRIN2"
"TBC1D7",1.12e-09,0.27,0.426,0.378,0.0000209,"TBC1D7"
"MAP7D2",1.12e-09,-1.234,0.012,0.024,0.0000209,"MAP7D2"
"PANX2",1.12e-09,0.474,0.037,0.022,0.0000209,"PANX2"
"SSC4D",1.17e-09,1.206,0.012,0.004,0.0000217,"SSC4D"
"PHF13",1.17e-09,0.285,0.193,0.156,0.0000218,"PHF13"
"TTI2",1.17e-09,0.176,0.278,0.231,0.0000218,"TTI2"
"TGOLN2",1.17e-09,0.187,0.554,0.507,0.0000218,"TGOLN2"
"PPP5C",1.19e-09,0.241,0.391,0.34,0.0000221,"PPP5C"
"ENSG00000280381",1.19e-09,1.092,0.019,0.008,0.0000221,"ENSG00000280381"
"DMTF1",1.19e-09,0.226,0.68,0.641,0.0000221,"DMTF1"
"STX7",1.21e-09,-0.154,0.58,0.6,0.0000226,"STX7"
"GGACT",1.22e-09,0.581,0.04,0.024,0.0000226,"GGACT"
"CHSY3",1.24e-09,0.195,0.122,0.092,0.0000231,"CHSY3"
"ZNHIT2",1.24e-09,0.433,0.052,0.033,0.0000231,"ZNHIT2"
"SPIN3",1.27e-09,0.325,0.219,0.178,0.0000237,"SPIN3"
"PEBP4",1.27e-09,0.978,0.019,0.008,0.0000237,"PEBP4"
"GPRASP2",1.3e-09,0.306,0.107,0.079,0.0000242,"GPRASP2"
"TACC2",1.3e-09,0.267,0.404,0.356,0.0000243,"TACC2"
"PRPH",1.37e-09,1.401,0.034,0.019,0.0000255,"PRPH"
"TMEM45A",1.38e-09,-0.144,0.145,0.112,0.0000258,"TMEM45A"
"IBTK",1.42e-09,0.183,0.618,0.57,0.0000264,"IBTK"
"RGP1",1.42e-09,0.267,0.207,0.167,0.0000265,"RGP1"
"SCNM1",1.43e-09,0.284,0.277,0.233,0.0000266,"SCNM1"
"PCSK7",1.43e-09,0.169,0.337,0.283,0.0000266,"PCSK7"
"TDG",1.44e-09,0.238,0.58,0.531,0.0000267,"TDG"
"ERCC5",1.47e-09,0.253,0.367,0.319,0.0000273,"ERCC5"
"KY",1.48e-09,0.926,0.03,0.017,0.0000276,"KY"
"ARAP3",1.58e-09,0.38,0.096,0.07,0.0000294,"ARAP3"
"CDHR2",1.58e-09,-0.473,0.019,0.033,0.0000294,"CDHR2"
"PGAP3",1.64e-09,0.396,0.072,0.05,0.0000305,"PGAP3"
"KIAA0753",1.65e-09,0.174,0.388,0.337,0.0000306,"KIAA0753"
"RBM12",1.65e-09,0.307,0.364,0.32,0.0000307,"RBM12"
"CCAR1",1.66e-09,0.151,0.798,0.77,0.0000309,"CCAR1"
"RABL6",1.66e-09,0.232,0.534,0.49,0.0000309,"RABL6"
"PLEKHG2",1.67e-09,0.334,0.24,0.2,0.000031,"PLEKHG2"
"NABP1",1.73e-09,-0.777,0.036,0.054,0.0000322,"NABP1"
"MESP1",1.75e-09,0.248,0.145,0.113,0.0000325,"MESP1"
"ZNF573",1.76e-09,0.171,0.241,0.197,0.0000327,"ZNF573"
"KCNV2",1.76e-09,0.708,0.037,0.021,0.0000328,"KCNV2"
"BCL9L",1.8e-09,0.346,0.243,0.204,0.0000335,"BCL9L"
"FBXO45",1.82e-09,0.235,0.332,0.285,0.000034,"FBXO45"
"BORCS5",1.85e-09,0.164,0.318,0.27,0.0000343,"BORCS5"
"ENSG00000288674",1.9e-09,0.911,0.016,0.006,0.0000354,"ENSG00000288674"
"PELI3",1.95e-09,0.555,0.049,0.031,0.0000362,"PELI3"
"ZNF488",1.98e-09,-1.193,0.004,0.012,0.0000368,"ZNF488"
"ECE1",1.98e-09,0.262,0.207,0.169,0.0000369,"ECE1"
"COL9A2",1.98e-09,0.54,0.045,0.028,0.0000369,"COL9A2"
"MYRFL",2.08e-09,1.228,0.11,0.087,0.0000387,"MYRFL"
"TBC1D15",2.08e-09,0.193,0.563,0.516,0.0000387,"TBC1D15"
"EDEM1",2.09e-09,0.338,0.197,0.16,0.0000389,"EDEM1"
"ENSG00000260643",2.09e-09,0.779,0.016,0.007,0.000039,"ENSG00000260643"
"ETFBKMT",2.11e-09,0.365,0.073,0.051,0.0000394,"ETFBKMT"
"SNAPC4",2.12e-09,0.221,0.162,0.127,0.0000394,"SNAPC4"
"GLRX",2.15e-09,0.375,0.321,0.278,4e-05,"GLRX"
"CBLN1",2.19e-09,-1.193,0.005,0.013,0.0000408,"CBLN1"
"HPS5",2.2e-09,0.188,0.336,0.286,0.0000409,"HPS5"
"CTBP2",2.22e-09,0.185,0.824,0.795,0.0000414,"CTBP2"
"ITIH4",2.23e-09,0.765,0.033,0.019,0.0000416,"ITIH4"
"CTSC",2.23e-09,0.488,0.088,0.064,0.0000416,"CTSC"
"POM121C",2.26e-09,0.2,0.501,0.452,0.0000421,"POM121C"
"NBPF15",2.27e-09,0.247,0.259,0.217,0.0000423,"NBPF15"
"TMOD3",2.28e-09,0.185,0.582,0.531,0.0000424,"TMOD3"
"GBA2",2.31e-09,0.293,0.215,0.177,0.0000431,"GBA2"
"GOLGA8B",2.32e-09,0.261,0.099,0.072,0.0000432,"GOLGA8B"
"WDR64",2.34e-09,1.25,0.016,0.006,0.0000436,"WDR64"
"ZNF697",2.4e-09,-0.304,0.101,0.13,0.0000447,"ZNF697"
"F2",2.46e-09,-0.751,0.01,0.021,0.0000458,"F2"
"SEC31A",2.51e-09,0.17,0.803,0.793,0.0000466,"SEC31A"
"DCDC2B",2.51e-09,0.401,0.051,0.033,0.0000468,"DCDC2B"
"KCTD19",2.53e-09,-1.801,0.004,0.011,0.000047,"KCTD19"
"IST1",2.58e-09,0.216,0.599,0.555,0.000048,"IST1"
"TMEM8B",2.61e-09,0.34,0.188,0.153,0.0000485,"TMEM8B"
"BCL3",2.61e-09,0.56,0.045,0.028,0.0000485,"BCL3"
"ZBTB32",2.67e-09,0.86,0.041,0.025,0.0000496,"ZBTB32"
"NNMT",2.68e-09,-0.483,0.022,0.037,0.0000499,"NNMT"
"SIRT1",2.69e-09,-0.169,0.385,0.419,5e-05,"SIRT1"
"KHK",2.71e-09,0.405,0.107,0.08,0.0000504,"KHK"
"SUDS3",2.71e-09,0.198,0.549,0.503,0.0000505,"SUDS3"
"ZNF264",2.72e-09,0.217,0.322,0.274,0.0000507,"ZNF264"
"ZNF426",2.75e-09,0.247,0.324,0.279,0.0000512,"ZNF426"
"ALKBH8",2.78e-09,0.253,0.127,0.097,0.0000517,"ALKBH8"
"KLLN",2.81e-09,1.392,0.011,0.003,0.0000522,"KLLN"
"LRRC23",2.84e-09,0.189,0.285,0.239,0.0000528,"LRRC23"
"SARNP",2.89e-09,0.327,0.134,0.104,0.0000538,"SARNP"
"VPS26B",2.89e-09,0.219,0.43,0.379,0.0000538,"VPS26B"
"FAM189B",2.9e-09,0.394,0.116,0.088,0.0000539,"FAM189B"
"ENSG00000203546",2.9e-09,0.175,0.153,0.12,0.0000539,"ENSG00000203546"
"MRM3",2.92e-09,0.25,0.176,0.139,0.0000543,"MRM3"
"UBXN2B",2.93e-09,0.195,0.495,0.44,0.0000545,"UBXN2B"
"LRFN3",3.04e-09,0.3,0.102,0.075,0.0000566,"LRFN3"
"PANO1",3.07e-09,0.756,0.027,0.014,0.0000572,"PANO1"
"SLC8B1",3.08e-09,0.59,0.056,0.037,0.0000573,"SLC8B1"
"POLR2A",3.1e-09,0.171,0.594,0.554,0.0000577,"POLR2A"
"TCHP",3.14e-09,0.276,0.391,0.343,0.0000584,"TCHP"
"ANKRD49",3.19e-09,0.249,0.183,0.147,0.0000593,"ANKRD49"
"USP49",3.2e-09,-0.101,0.137,0.17,0.0000596,"USP49"
"FAM78B",3.25e-09,-1.767,0.02,0.035,0.0000606,"FAM78B"
"SYNGR3",3.28e-09,0.258,0.065,0.044,0.000061,"SYNGR3"
"ZNF286A-TBC1D26",3.31e-09,-0.306,0.044,0.064,0.0000616,"ZNF286A-TBC1D26"
"BBS7",3.42e-09,0.21,0.429,0.378,0.0000636,"BBS7"
"ATP13A2",3.45e-09,0.23,0.192,0.154,0.0000642,"ATP13A2"
"ECM2",3.49e-09,-0.311,0.111,0.139,0.0000649,"ECM2"
"MAP2K1",3.5e-09,0.185,0.434,0.382,0.0000652,"MAP2K1"
"PNMA8B",3.58e-09,0.365,0.053,0.034,0.0000667,"PNMA8B"
"ENSG00000278886",3.65e-09,0.686,0.049,0.031,0.000068,"ENSG00000278886"
"MAST3",3.66e-09,0.417,0.092,0.067,0.0000682,"MAST3"
"RARRES1",3.67e-09,0.357,0.128,0.099,0.0000683,"RARRES1"
"PITHD1",3.7e-09,0.2,0.452,0.405,0.000069,"PITHD1"
"PRKCZ",3.72e-09,-0.247,0.127,0.158,0.0000692,"PRKCZ"
"ST3GAL6",3.74e-09,-0.335,0.082,0.108,0.0000696,"ST3GAL6"
"HGSNAT",3.76e-09,0.181,0.538,0.486,0.0000701,"HGSNAT"
"FLACC1",3.81e-09,0.665,0.056,0.037,0.0000709,"FLACC1"
"RHOV",3.83e-09,-2.098,0.003,0.01,0.0000714,"RHOV"
"MADCAM1",3.85e-09,0.381,0.049,0.032,0.0000717,"MADCAM1"
"DPP10",3.93e-09,-2.165,0.045,0.065,0.0000731,"DPP10"
"TMTC2",3.96e-09,-0.382,0.642,0.663,0.0000737,"TMTC2"
"TRRAP",4.13e-09,0.242,0.656,0.623,0.0000769,"TRRAP"
"SLC6A15",4.13e-09,-0.918,0.014,0.026,0.0000769,"SLC6A15"
"FAAH",4.16e-09,-0.656,0.027,0.043,0.0000774,"FAAH"
"ENSG00000279569",4.16e-09,1.217,0.014,0.006,0.0000775,"ENSG00000279569"
"TOPORS",4.16e-09,0.247,0.462,0.416,0.0000775,"TOPORS"
"TCF19",4.17e-09,-0.464,0.067,0.091,0.0000775,"TCF19"
"HDAC3",4.21e-09,0.194,0.512,0.466,0.0000784,"HDAC3"
"MPND",4.23e-09,0.335,0.149,0.117,0.0000787,"MPND"
"FAM135B",4.24e-09,-0.404,0.053,0.035,0.0000788,"FAM135B"
"RFESD",4.29e-09,1.278,0.016,0.007,0.0000799,"RFESD"
"SUPT7L",4.31e-09,0.236,0.253,0.209,0.0000803,"SUPT7L"
"MST1",4.33e-09,0.552,0.03,0.017,0.0000806,"MST1"
"ZMAT4",4.44e-09,0.728,0.051,0.034,0.0000826,"ZMAT4"
"MITF",4.51e-09,0.552,0.055,0.036,0.000084,"MITF"
"PYGB",4.55e-09,0.248,0.342,0.296,0.0000847,"PYGB"
"DGCR2",4.56e-09,0.221,0.496,0.443,0.0000849,"DGCR2"
"ARL6",4.57e-09,0.235,0.213,0.174,0.0000851,"ARL6"
"CDK5RAP1",4.63e-09,0.155,0.288,0.242,0.0000862,"CDK5RAP1"
"MMP11",4.64e-09,0.548,0.043,0.026,0.0000863,"MMP11"
"TASOR2",4.65e-09,0.165,0.612,0.562,0.0000866,"TASOR2"
"MREG",4.65e-09,0.24,0.144,0.112,0.0000866,"MREG"
"TFB2M",4.7e-09,0.273,0.157,0.124,0.0000876,"TFB2M"
"TOR2A",4.76e-09,0.345,0.141,0.11,0.0000886,"TOR2A"
"DAPL1",4.77e-09,1.048,0.02,0.009,0.0000887,"DAPL1"
"TPTE2",4.83e-09,-0.441,0.099,0.126,0.0000899,"TPTE2"
"DOLPP1",4.93e-09,0.376,0.118,0.09,0.0000917,"DOLPP1"
"CALY",4.93e-09,0.531,0.034,0.02,0.0000918,"CALY"
"PPFIA4",4.96e-09,-0.75,0.062,0.084,0.0000924,"PPFIA4"
"PIGA",4.98e-09,0.623,0.075,0.053,0.0000928,"PIGA"
"DLGAP2",4.99e-09,-0.682,0.045,0.065,0.0000929,"DLGAP2"
"ANAPC4",5e-09,0.224,0.318,0.272,0.0000931,"ANAPC4"
"CLK4",5.03e-09,0.231,0.325,0.277,0.0000937,"CLK4"
"ENSG00000270299",5.05e-09,-1.213,0.004,0.011,0.0000939,"ENSG00000270299"
"ACAP1",5.05e-09,0.731,0.03,0.017,0.0000939,"ACAP1"
"CAT",5.17e-09,1.024,0.031,0.017,0.0000962,"CAT"
"FAM214A",5.24e-09,-0.382,0.58,0.576,0.0000976,"FAM214A"
"CPA4",5.25e-09,1.676,0.013,0.005,0.0000977,"CPA4"
"TAMM41",5.32e-09,0.152,0.285,0.239,0.0000989,"TAMM41"
"SIRT6",5.35e-09,0.317,0.191,0.155,0.0000996,"SIRT6"
"MINK1",5.36e-09,0.179,0.212,0.172,0.0000998,"MINK1"
"GYS1",5.37e-09,0.21,0.168,0.133,0.0000999,"GYS1"
"MAPK9",5.4e-09,0.206,0.442,0.394,0.000101,"MAPK9"
"INAVA",5.58e-09,0.555,0.071,0.05,0.000104,"INAVA"
"CDHR1",5.62e-09,0.901,0.032,0.018,0.000105,"CDHR1"
"NT5DC3",5.66e-09,-0.301,0.109,0.137,0.000105,"NT5DC3"
"PPWD1",5.76e-09,0.262,0.42,0.369,0.000107,"PPWD1"
"CCDC163",5.78e-09,1.717,0.011,0.004,0.000108,"CCDC163"
"SNORC",5.85e-09,0.397,0.087,0.063,0.000109,"SNORC"
"DCP2",5.85e-09,-0.213,0.562,0.571,0.000109,"DCP2"
"PRORP",5.86e-09,0.724,0.04,0.025,0.000109,"PRORP"
"LEMD1",5.89e-09,-0.502,0.123,0.149,0.00011,"LEMD1"
"ILKAP",5.93e-09,0.238,0.527,0.487,0.00011,"ILKAP"
"MPHOSPH6",5.98e-09,0.167,0.421,0.369,0.000111,"MPHOSPH6"
"AGER",6.09e-09,0.839,0.035,0.021,0.000113,"AGER"
"SERTAD4",6.11e-09,-0.849,0.015,0.027,0.000114,"SERTAD4"
"RNF212B",6.11e-09,0.662,0.038,0.023,0.000114,"RNF212B"
"KCNQ2",6.15e-09,0.4,0.51,0.496,0.000114,"KCNQ2"
"PPIH",6.19e-09,0.233,0.412,0.365,0.000115,"PPIH"
"AGAP2",6.29e-09,0.351,0.061,0.041,0.000117,"AGAP2"
"MAP3K21",6.5e-09,-1.203,0.003,0.011,0.000121,"MAP3K21"
"URI1",6.53e-09,0.134,0.818,0.798,0.000122,"URI1"
"BAIAP3",6.61e-09,1.047,0.012,0.004,0.000123,"BAIAP3"
"MFN1",6.61e-09,0.173,0.509,0.459,0.000123,"MFN1"
"ENTPD6",6.72e-09,0.297,0.136,0.106,0.000125,"ENTPD6"
"USP19",6.87e-09,0.301,0.166,0.133,0.000128,"USP19"
"PDIK1L",6.91e-09,-0.199,0.298,0.329,0.000129,"PDIK1L"
"PEX26",6.99e-09,0.193,0.335,0.286,0.00013,"PEX26"
"INCA1",7.05e-09,0.777,0.02,0.01,0.000131,"INCA1"
"ENSG00000278963",7.1e-09,-0.274,0.041,0.06,0.000132,"ENSG00000278963"
"USP39",7.15e-09,0.218,0.372,0.324,0.000133,"USP39"
"MMAA",7.18e-09,0.291,0.109,0.082,0.000134,"MMAA"
"COG3",7.26e-09,0.234,0.304,0.259,0.000135,"COG3"
"GGA1",7.27e-09,0.231,0.382,0.334,0.000135,"GGA1"
"XRN2",7.36e-09,0.182,0.826,0.811,0.000137,"XRN2"
"ATAT1",7.38e-09,-0.146,0.51,0.539,0.000137,"ATAT1"
"NUBPL",7.4e-09,0.154,0.521,0.465,0.000138,"NUBPL"
"ANKZF1",7.57e-09,0.284,0.217,0.179,0.000141,"ANKZF1"
"BIRC2",7.58e-09,0.234,0.559,0.514,0.000141,"BIRC2"
"MLX",7.82e-09,0.188,0.313,0.265,0.000145,"MLX"
"BCAR3",7.82e-09,0.24,0.295,0.253,0.000146,"BCAR3"
"ZBTB45",7.93e-09,0.296,0.083,0.06,0.000148,"ZBTB45"
"NUP62CL",7.95e-09,-0.886,0.017,0.03,0.000148,"NUP62CL"
"IRAK3",8.05e-09,1.492,0.011,0.003,0.00015,"IRAK3"
"PATL1",8.06e-09,0.222,0.319,0.275,0.00015,"PATL1"
"DDI2",8.16e-09,0.302,0.228,0.19,0.000152,"DDI2"
"NACAD",8.19e-09,0.333,0.139,0.109,0.000152,"NACAD"
"ALYREF",8.28e-09,0.147,0.486,0.438,0.000154,"ALYREF"
"TCF15",8.44e-09,-1.233,0.003,0.01,0.000157,"TCF15"
"TMEM240",8.49e-09,0.362,0.098,0.073,0.000158,"TMEM240"
"GARIN5A",8.51e-09,0.86,0.02,0.01,0.000158,"GARIN5A"
"HSPA1B",8.61e-09,0.203,0.189,0.154,0.00016,"HSPA1B"
"ZNF644",8.64e-09,0.139,0.868,0.853,0.000161,"ZNF644"
"PTDSS1",8.69e-09,0.284,0.214,0.176,0.000162,"PTDSS1"
"ING2",8.9e-09,0.24,0.319,0.273,0.000166,"ING2"
"SPDL1",9.02e-09,-0.289,0.253,0.284,0.000168,"SPDL1"
"FAM149B1",9.1e-09,0.156,0.374,0.323,0.000169,"FAM149B1"
"TIMELESS",9.12e-09,-0.237,0.163,0.196,0.00017,"TIMELESS"
"ENSG00000280228",9.18e-09,-1.581,0.005,0.013,0.000171,"ENSG00000280228"
"TFRC",9.19e-09,0.34,0.296,0.256,0.000171,"TFRC"
"ZNF500",9.2e-09,0.385,0.142,0.112,0.000171,"ZNF500"
"GLYCTK",9.26e-09,0.533,0.028,0.016,0.000172,"GLYCTK"
"WDCP",9.42e-09,0.393,0.135,0.106,0.000175,"WDCP"
"PRRC2A",9.6e-09,0.231,0.425,0.376,0.000179,"PRRC2A"
"CCDC180",9.71e-09,0.197,0.079,0.057,0.000181,"CCDC180"
"SLC7A3",9.75e-09,-1.041,0.008,0.018,0.000181,"SLC7A3"
"ST7",9.83e-09,0.307,0.85,0.832,0.000183,"ST7"
"APLP1",9.83e-09,0.268,0.66,0.621,0.000183,"APLP1"
"MCM9",1.01e-08,0.196,0.374,0.326,0.000187,"MCM9"
"PUS7L",1.01e-08,-2.299,0.003,0.01,0.000188,"PUS7L"
"MFSD11",1.01e-08,0.13,0.389,0.335,0.000188,"MFSD11"
"ENSG00000279794",1.02e-08,0.766,0.026,0.014,0.000189,"ENSG00000279794"
"UTP6",1.02e-08,0.206,0.434,0.384,0.00019,"UTP6"
"ERI1",1.03e-08,0.219,0.321,0.279,0.000192,"ERI1"
"CLDN20",1.06e-08,0.661,0.069,0.048,0.000197,"CLDN20"
"RIPOR3",1.06e-08,0.583,0.07,0.049,0.000197,"RIPOR3"
"ZNF250",1.06e-08,-0.122,0.251,0.286,0.000197,"ZNF250"
"HIGD1B",1.06e-08,0.633,0.04,0.025,0.000198,"HIGD1B"
"PRPF8",1.1e-08,0.184,0.632,0.602,0.000205,"PRPF8"
"SHISA7",1.11e-08,-0.425,0.019,0.033,0.000206,"SHISA7"
"NKRF",1.11e-08,0.332,0.172,0.139,0.000206,"NKRF"
"ENSG00000261341",1.12e-08,-0.506,0.025,0.041,0.000209,"ENSG00000261341"
"HNRNPR",1.13e-08,0.139,0.97,0.968,0.000211,"HNRNPR"
"ZDHHC3",1.14e-08,0.174,0.306,0.261,0.000213,"ZDHHC3"
"ABCB9",1.15e-08,0.229,0.133,0.103,0.000214,"ABCB9"
"ZNF79",1.15e-08,0.447,0.068,0.048,0.000214,"ZNF79"
"AMMECR1L",1.16e-08,0.302,0.223,0.184,0.000217,"AMMECR1L"
"SLC26A2",1.18e-08,0.294,0.192,0.158,0.000219,"SLC26A2"
"ZNF665",1.18e-08,0.393,0.095,0.071,0.00022,"ZNF665"
"CPTP",1.2e-08,0.295,0.092,0.068,0.000223,"CPTP"
"PRELID2",1.22e-08,-0.145,0.149,0.116,0.000227,"PRELID2"
"SMKR1",1.22e-08,0.443,0.053,0.035,0.000228,"SMKR1"
"EIF1AD",1.23e-08,0.295,0.129,0.1,0.000228,"EIF1AD"
"MTOR",1.26e-08,0.189,0.453,0.407,0.000234,"MTOR"
"LPIN1",1.27e-08,0.281,0.367,0.323,0.000237,"LPIN1"
"EIF2B4",1.28e-08,0.262,0.223,0.186,0.000237,"EIF2B4"
"NOP56",1.29e-08,0.218,0.473,0.428,0.00024,"NOP56"
"ZFYVE16",1.29e-08,0.165,0.719,0.675,0.000241,"ZFYVE16"
"RCC1",1.3e-08,0.272,0.378,0.337,0.000242,"RCC1"
"METTL27",1.3e-08,0.776,0.026,0.014,0.000242,"METTL27"
"WDR93",1.3e-08,1.491,0.016,0.007,0.000243,"WDR93"
"C2orf66",1.32e-08,0.6,0.022,0.011,0.000245,"C2orf66"
"SPATA7",1.33e-08,0.103,0.438,0.383,0.000247,"SPATA7"
"ZNF44",1.34e-08,0.198,0.314,0.267,0.00025,"ZNF44"
"TOP3A",1.38e-08,-0.162,0.311,0.343,0.000257,"TOP3A"
"NIF3L1",1.38e-08,0.302,0.205,0.17,0.000258,"NIF3L1"
"ARHGAP39",1.39e-08,0.158,0.347,0.297,0.000259,"ARHGAP39"
"NCBP1",1.4e-08,0.206,0.449,0.401,0.000261,"NCBP1"
"CFAP20DC",1.41e-08,0.975,0.028,0.015,0.000262,"CFAP20DC"
"WIPF2",1.42e-08,0.166,0.606,0.567,0.000264,"WIPF2"
"CDADC1",1.42e-08,0.228,0.207,0.17,0.000265,"CDADC1"
"NSUN5",1.44e-08,0.325,0.1,0.075,0.000269,"NSUN5"
"SHOC2",1.45e-08,0.154,0.709,0.67,0.00027,"SHOC2"
"NR4A2",1.46e-08,0.722,0.033,0.019,0.000271,"NR4A2"
"CCNL1",1.46e-08,0.246,0.661,0.623,0.000272,"CCNL1"
"SPTBN4",1.47e-08,-0.565,0.08,0.104,0.000274,"SPTBN4"
"ANKHD1",1.47e-08,0.311,0.231,0.193,0.000274,"ANKHD1"
"PTRH2",1.48e-08,0.202,0.402,0.352,0.000275,"PTRH2"
"WDR74",1.51e-08,0.454,0.209,0.172,0.000282,"WDR74"
"RASGEF1C",1.52e-08,-0.918,0.02,0.034,0.000282,"RASGEF1C"
"LRRC8B",1.53e-08,-0.181,0.405,0.432,0.000285,"LRRC8B"
"DDX19B",1.54e-08,0.217,0.321,0.274,0.000287,"DDX19B"
"CPSF1",1.55e-08,0.292,0.214,0.178,0.000289,"CPSF1"
"XNDC1N",1.58e-08,0.182,0.232,0.192,0.000295,"XNDC1N"
"CHD8",1.59e-08,0.171,0.681,0.643,0.000296,"CHD8"
"BCL2L11",1.61e-08,0.518,0.126,0.099,0.000299,"BCL2L11"
"EDDM13",1.64e-08,0.459,0.072,0.052,0.000306,"EDDM13"
"RNF32",1.68e-08,0.495,0.084,0.061,0.000313,"RNF32"
"TMX4",1.7e-08,0.169,0.535,0.483,0.000316,"TMX4"
"PARP11",1.7e-08,-0.111,0.559,0.585,0.000317,"PARP11"
"L2HGDH",1.75e-08,-0.248,0.311,0.337,0.000325,"L2HGDH"
"NRSN1",1.75e-08,-0.295,0.143,0.173,0.000326,"NRSN1"
"ZNF791",1.76e-08,0.266,0.426,0.377,0.000328,"ZNF791"
"BANP",1.77e-08,-0.12,0.341,0.376,0.00033,"BANP"
"ZNF189",1.78e-08,0.256,0.321,0.276,0.000332,"ZNF189"
"FSIP2",1.82e-08,0.146,0.52,0.464,0.000339,"FSIP2"
"SLC39A8",1.83e-08,0.35,0.092,0.069,0.00034,"SLC39A8"
"ABCG5",1.83e-08,1.017,0.016,0.007,0.00034,"ABCG5"
"DLK2",1.83e-08,-0.887,0.022,0.036,0.000341,"DLK2"
"PEAK3",1.89e-08,-0.958,0.007,0.017,0.000351,"PEAK3"
"C11orf98",1.9e-08,1.086,0.015,0.007,0.000353,"C11orf98"
"ZNF774",1.91e-08,0.485,0.069,0.049,0.000355,"ZNF774"
"FAAH2",1.92e-08,0.152,0.168,0.135,0.000357,"FAAH2"
"CCDC71",1.93e-08,0.36,0.041,0.025,0.000359,"CCDC71"
"CARM1",1.96e-08,-0.133,0.348,0.381,0.000365,"CARM1"
"PWWP2B",1.96e-08,0.35,0.063,0.043,0.000366,"PWWP2B"
"SLC12A6",2e-08,-0.184,0.366,0.396,0.000372,"SLC12A6"
"ARMH3",2e-08,0.212,0.621,0.573,0.000373,"ARMH3"
"FAM149A",2.02e-08,0.334,0.091,0.067,0.000375,"FAM149A"
"PLA2G4A",2.02e-08,1.169,0.013,0.005,0.000376,"PLA2G4A"
"FOXP4",2.08e-08,-1.061,0.047,0.066,0.000386,"FOXP4"
"VTA1",2.09e-08,0.164,0.677,0.642,0.000389,"VTA1"
"DRAM2",2.16e-08,0.262,0.338,0.294,0.000402,"DRAM2"
"PLEKHF1",2.17e-08,0.867,0.018,0.009,0.000403,"PLEKHF1"
"ZNF594",2.19e-08,0.249,0.227,0.188,0.000407,"ZNF594"
"PHF12",2.22e-08,0.266,0.41,0.365,0.000414,"PHF12"
"CEP120",2.24e-08,-0.121,0.325,0.36,0.000417,"CEP120"
"NEU4",2.25e-08,1.633,0.013,0.005,0.000418,"NEU4"
"ULK2",2.26e-08,-0.137,0.46,0.487,0.000421,"ULK2"
"GSTT2B",2.27e-08,1.347,0.01,0.003,0.000423,"GSTT2B"
"CORO2B",2.29e-08,0.294,0.792,0.751,0.000425,"CORO2B"
"SAMD3",2.3e-08,-1.785,0.005,0.013,0.000427,"SAMD3"
"ZNF200",2.33e-08,0.223,0.117,0.089,0.000434,"ZNF200"
"CRIP1",2.33e-08,0.81,0.016,0.007,0.000434,"CRIP1"
"AARSD1",2.35e-08,0.27,0.093,0.069,0.000437,"AARSD1"
"SMYD3",2.35e-08,0.136,0.795,0.744,0.000438,"SMYD3"
"MRAP",2.36e-08,0.779,0.02,0.01,0.00044,"MRAP"
"CCDC110",2.45e-08,0.681,0.016,0.007,0.000455,"CCDC110"
"OR8A1",2.45e-08,1.611,0.011,0.004,0.000456,"OR8A1"
"EXOSC6",2.54e-08,0.26,0.479,0.434,0.000473,"EXOSC6"
"DSE",2.56e-08,0.209,0.429,0.377,0.000476,"DSE"
"ZNF747",2.57e-08,0.554,0.074,0.053,0.000479,"ZNF747"
"SEC24C",2.58e-08,0.158,0.245,0.203,0.000481,"SEC24C"
"GALK2",2.63e-08,0.168,0.496,0.441,0.000489,"GALK2"
"CSRNP3",2.67e-08,0.467,0.804,0.77,0.000497,"CSRNP3"
"KCTD12",2.67e-08,-1.53,0.066,0.085,0.000497,"KCTD12"
"ZNF670",2.67e-08,-0.212,0.247,0.279,0.000497,"ZNF670"
"ARHGAP18",2.71e-08,-0.152,0.158,0.188,0.000504,"ARHGAP18"
"PPHLN1",2.72e-08,0.159,0.785,0.749,0.000505,"PPHLN1"
"PIDD1",2.76e-08,0.452,0.077,0.056,0.000515,"PIDD1"
"MAGOH",2.8e-08,0.206,0.604,0.568,0.000521,"MAGOH"
"THAP2",2.82e-08,0.234,0.367,0.32,0.000525,"THAP2"
"ACRV1",2.82e-08,-0.887,0.015,0.027,0.000525,"ACRV1"
"TRMO",2.83e-08,0.235,0.192,0.158,0.000526,"TRMO"
"ZBTB1",2.85e-08,0.201,0.57,0.525,0.00053,"ZBTB1"
"PPP1R32",2.85e-08,0.861,0.026,0.014,0.000531,"PPP1R32"
"H3C1",2.89e-08,-0.692,0.021,0.035,0.000537,"H3C1"
"OSMR",2.9e-08,0.741,0.024,0.012,0.000541,"OSMR"
"TVP23C",2.91e-08,0.297,0.092,0.068,0.000541,"TVP23C"
"FAXC",2.93e-08,-0.206,0.311,0.342,0.000546,"FAXC"
"TTC31",2.99e-08,0.142,0.128,0.099,0.000556,"TTC31"
"KIAA0586",3.03e-08,-0.305,0.528,0.529,0.000564,"KIAA0586"
"MMRN2",3.04e-08,1.217,0.021,0.011,0.000567,"MMRN2"
"TMEM198",3.07e-08,0.335,0.118,0.091,0.000572,"TMEM198"
"ZNF184",3.08e-08,-0.153,0.187,0.22,0.000572,"ZNF184"
"HLA-DMA",3.12e-08,1.023,0.027,0.015,0.000581,"HLA-DMA"
"OVOL2",3.12e-08,-0.312,0.107,0.133,0.000582,"OVOL2"
"NOTCH4",3.14e-08,0.717,0.039,0.025,0.000585,"NOTCH4"
"DOCK9",3.14e-08,-0.431,0.068,0.09,0.000585,"DOCK9"
"TFIP11",3.16e-08,0.283,0.203,0.167,0.000588,"TFIP11"
"TGFBR1",3.17e-08,-0.19,0.488,0.505,0.000591,"TGFBR1"
"BOLA2B",3.18e-08,0.498,0.047,0.031,0.000592,"BOLA2B"
"ZMYM5",3.25e-08,0.187,0.46,0.409,0.000605,"ZMYM5"
"POLI",3.31e-08,0.205,0.303,0.259,0.000617,"POLI"
"PML",3.34e-08,0.286,0.126,0.098,0.000622,"PML"
"RNF2",3.38e-08,0.238,0.436,0.388,0.000629,"RNF2"
"GPX7",3.43e-08,0.656,0.028,0.016,0.000638,"GPX7"
"ZNF597",3.44e-08,0.602,0.036,0.022,0.000641,"ZNF597"
"LRCH3",3.49e-08,0.167,0.77,0.736,0.000649,"LRCH3"
"HAUS2",3.51e-08,0.148,0.325,0.279,0.000654,"HAUS2"
"FAM234B",3.52e-08,0.28,0.123,0.096,0.000656,"FAM234B"
"TRPC1",3.57e-08,0.145,0.608,0.556,0.000664,"TRPC1"
"ZFP62",3.59e-08,-0.141,0.242,0.274,0.000668,"ZFP62"
"ANKRD16",3.61e-08,0.252,0.264,0.222,0.000671,"ANKRD16"
"KAT8",3.68e-08,0.213,0.37,0.325,0.000686,"KAT8"
"SLC25A24",3.7e-08,-0.221,0.415,0.435,0.000688,"SLC25A24"
"NLN",3.71e-08,0.117,0.57,0.513,0.00069,"NLN"
"ELP5",3.76e-08,0.169,0.35,0.302,0.000701,"ELP5"
"C2CD2",3.76e-08,0.603,0.044,0.028,0.000701,"C2CD2"
"C1orf112",3.81e-08,-0.183,0.195,0.226,0.000709,"C1orf112"
"POMT1",3.82e-08,0.201,0.244,0.203,0.00071,"POMT1"
"MCMBP",3.82e-08,-0.115,0.478,0.507,0.000712,"MCMBP"
"IGFL4",3.87e-08,0.708,0.034,0.02,0.00072,"IGFL4"
"APBA3",3.89e-08,0.35,0.055,0.037,0.000723,"APBA3"
"MOSPD1",3.9e-08,0.335,0.286,0.247,0.000726,"MOSPD1"
"FBXL19",3.93e-08,0.236,0.11,0.084,0.000732,"FBXL19"
"HIC2",3.94e-08,-0.146,0.17,0.2,0.000734,"HIC2"
"TWSG1",4.01e-08,0.146,0.524,0.469,0.000746,"TWSG1"
"DDX59",4.06e-08,0.24,0.251,0.212,0.000756,"DDX59"
"CSNK1G3",4.11e-08,0.179,0.649,0.605,0.000765,"CSNK1G3"
"C19orf54",4.14e-08,0.706,0.053,0.036,0.00077,"C19orf54"
"URGCP",4.14e-08,0.119,0.408,0.356,0.000771,"URGCP"
"SPTB",4.14e-08,-0.598,0.03,0.046,0.000771,"SPTB"
"PCNX1",4.17e-08,0.15,0.811,0.8,0.000776,"PCNX1"
"NDST2",4.19e-08,1.162,0.013,0.005,0.00078,"NDST2"
"SUPV3L1",4.3e-08,0.192,0.299,0.255,0.0008,"SUPV3L1"
"CSTF1",4.31e-08,0.194,0.259,0.218,0.000802,"CSTF1"
"HAPLN3",4.38e-08,0.924,0.021,0.01,0.000816,"HAPLN3"
"MEAK7",4.4e-08,0.128,0.217,0.178,0.000819,"MEAK7"
"ZKSCAN8P1",4.42e-08,1.465,0.016,0.007,0.000822,"ZKSCAN8P1"
"ATP13A3",4.48e-08,0.183,0.544,0.501,0.000834,"ATP13A3"
"ATG16L2",4.52e-08,0.207,0.175,0.142,0.000841,"ATG16L2"
"ENSG00000285585",4.54e-08,1.053,0.016,0.007,0.000845,"ENSG00000285585"
"CCR10",4.54e-08,0.503,0.023,0.012,0.000846,"CCR10"
"FAM219A",4.57e-08,0.203,0.462,0.416,0.00085,"FAM219A"
"CLK2",4.58e-08,0.283,0.19,0.156,0.000853,"CLK2"
"OMG",4.62e-08,0.323,0.331,0.29,0.000859,"OMG"
"FAM210A",4.64e-08,0.106,0.327,0.28,0.000863,"FAM210A"
"C1orf21",4.66e-08,0.272,0.672,0.636,0.000868,"C1orf21"
"PEX1",4.69e-08,0.23,0.339,0.292,0.000873,"PEX1"
"VPS45",4.75e-08,0.176,0.644,0.601,0.000884,"VPS45"
"KLF5",4.77e-08,0.163,0.035,0.022,0.000887,"KLF5"
"NPLOC4",4.77e-08,0.182,0.429,0.38,0.000888,"NPLOC4"
"CTNNAL1",4.77e-08,0.123,0.406,0.357,0.000888,"CTNNAL1"
"HS3ST1",4.78e-08,0.261,0.012,0.004,0.000889,"HS3ST1"
"CAPN14",4.79e-08,-1.087,0.009,0.019,0.000891,"CAPN14"
"ACER2",4.86e-08,-0.267,0.074,0.097,0.000905,"ACER2"
"BBS9",4.99e-08,0.199,0.713,0.672,0.00093,"BBS9"
"STK39",5.03e-08,-0.205,0.852,0.838,0.000935,"STK39"
"FBXL20",5.06e-08,0.174,0.712,0.66,0.000942,"FBXL20"
"AKIP1",5.11e-08,0.244,0.29,0.249,0.000951,"AKIP1"
"PLAC8L1",5.12e-08,0.248,0.07,0.05,0.000954,"PLAC8L1"
"CACTIN",5.14e-08,0.312,0.109,0.083,0.000956,"CACTIN"
"CLDND2",5.14e-08,0.648,0.035,0.021,0.000958,"CLDND2"
"FLYWCH1",5.17e-08,0.222,0.18,0.146,0.000961,"FLYWCH1"
"VPS53",5.27e-08,0.133,0.644,0.605,0.000981,"VPS53"
"IGFBP4",5.34e-08,0.606,0.168,0.14,0.000994,"IGFBP4"
"ZNF506",5.36e-08,-0.188,0.247,0.279,0.000997,"ZNF506"
"CDC6",5.39e-08,-0.365,0.093,0.118,0.001,"CDC6"
"GGA3",5.4e-08,0.178,0.228,0.189,0.00101,"GGA3"
"OTULIN",5.41e-08,0.212,0.232,0.194,0.00101,"OTULIN"
"PLPPR5",5.41e-08,-0.639,0.075,0.097,0.00101,"PLPPR5"
"PKN3",5.43e-08,-0.283,0.086,0.11,0.00101,"PKN3"
"ATXN7L3",5.45e-08,0.218,0.195,0.16,0.00101,"ATXN7L3"
"PTCD1",5.46e-08,0.387,0.062,0.043,0.00102,"PTCD1"
"ATN1",5.51e-08,0.239,0.49,0.445,0.00102,"ATN1"
"BEND3",5.52e-08,-0.316,0.151,0.179,0.00103,"BEND3"
"ZNF324B",5.64e-08,0.39,0.041,0.026,0.00105,"ZNF324B"
"HINT3",5.73e-08,0.235,0.403,0.357,0.00107,"HINT3"
"ZNF41",5.84e-08,0.205,0.224,0.186,0.00109,"ZNF41"
"ZNF445",5.89e-08,-0.101,0.435,0.464,0.0011,"ZNF445"
"KIAA1755",5.97e-08,-0.356,0.021,0.035,0.00111,"KIAA1755"
"UGCG",5.99e-08,-0.254,0.314,0.339,0.00111,"UGCG"
"NOXA1",5.99e-08,0.43,0.054,0.037,0.00112,"NOXA1"
"NFATC1",6.06e-08,0.478,0.035,0.022,0.00113,"NFATC1"
"SNCB",6.11e-08,-1.345,0.003,0.01,0.00114,"SNCB"
"TCEANC2",6.13e-08,0.278,0.145,0.116,0.00114,"TCEANC2"
"LAMB1",6.15e-08,0.544,0.097,0.074,0.00115,"LAMB1"
"MON1A",6.22e-08,0.291,0.102,0.078,0.00116,"MON1A"
"ADCY5",6.29e-08,-0.29,0.106,0.131,0.00117,"ADCY5"
"NBPF19",6.34e-08,1.196,0.014,0.006,0.00118,"NBPF19"
"TRMT61B",6.38e-08,0.183,0.391,0.343,0.00119,"TRMT61B"
"ZNF641",6.38e-08,0.232,0.136,0.107,0.00119,"ZNF641"
"STX3",6.48e-08,0.479,0.029,0.016,0.00121,"STX3"
"HMCES",6.55e-08,0.247,0.297,0.257,0.00122,"HMCES"
"LINGO1",6.57e-08,-0.872,0.037,0.054,0.00122,"LINGO1"
"MCM6",6.58e-08,0.26,0.235,0.198,0.00123,"MCM6"
"NOP9",6.67e-08,0.283,0.071,0.051,0.00124,"NOP9"
"ZBTB24",6.74e-08,0.259,0.145,0.115,0.00125,"ZBTB24"
"SMAD7",6.76e-08,0.451,0.055,0.038,0.00126,"SMAD7"
"LHFPL5",6.8e-08,-0.188,0.153,0.182,0.00127,"LHFPL5"
"LCMT1",6.88e-08,0.159,0.522,0.472,0.00128,"LCMT1"
"ZKSCAN3",6.96e-08,0.33,0.115,0.089,0.0013,"ZKSCAN3"
"GALNT14",7e-08,1.071,0.359,0.366,0.0013,"GALNT14"
"TM6SF1",7.03e-08,-0.13,0.113,0.141,0.00131,"TM6SF1"
"SLC35F3",7.06e-08,-1.119,0.004,0.011,0.00131,"SLC35F3"
"ZNF689",7.07e-08,0.314,0.146,0.116,0.00132,"ZNF689"
"RAC3",7.21e-08,0.243,0.326,0.285,0.00134,"RAC3"
"SAYSD1",7.24e-08,0.169,0.234,0.194,0.00135,"SAYSD1"
"THAP3",7.3e-08,0.261,0.177,0.144,0.00136,"THAP3"
"GSK3A",7.36e-08,0.212,0.42,0.372,0.00137,"GSK3A"
"SEMA4G",7.38e-08,0.585,0.09,0.067,0.00137,"SEMA4G"
"LRFN1",7.49e-08,0.313,0.056,0.038,0.00139,"LRFN1"
"PANK4",7.51e-08,0.244,0.087,0.065,0.0014,"PANK4"
"PLLP",7.62e-08,0.465,0.054,0.037,0.00142,"PLLP"
"MAMDC4",7.64e-08,0.662,0.026,0.015,0.00142,"MAMDC4"
"CDH3",7.66e-08,-0.398,0.022,0.036,0.00143,"CDH3"
"TNPO2",7.69e-08,0.206,0.443,0.395,0.00143,"TNPO2"
"UBXN2A",7.72e-08,0.124,0.727,0.686,0.00144,"UBXN2A"
"ZNF816-ZNF321P",7.74e-08,0.492,0.092,0.07,0.00144,"ZNF816-ZNF321P"
"FAM153A",7.83e-08,-1.015,0.006,0.014,0.00146,"FAM153A"
"TARDBP",7.87e-08,0.232,0.596,0.567,0.00146,"TARDBP"
"GSX1",7.9e-08,-0.454,0.01,0.02,0.00147,"GSX1"
"CASKIN1",8.29e-08,0.185,0.113,0.087,0.00154,"CASKIN1"
"BRINP1",8.3e-08,-0.388,0.132,0.159,0.00154,"BRINP1"
"RIIAD1",8.31e-08,0.637,0.021,0.011,0.00155,"RIIAD1"
"PSME4",8.35e-08,0.174,0.612,0.568,0.00155,"PSME4"
"NHLRC2",8.41e-08,0.158,0.597,0.556,0.00157,"NHLRC2"
"CWC25",8.73e-08,0.204,0.335,0.291,0.00163,"CWC25"
"LYAR",9.02e-08,0.177,0.241,0.204,0.00168,"LYAR"
"SEH1L",9.09e-08,0.181,0.282,0.241,0.00169,"SEH1L"
"PRPF40B",9.15e-08,0.109,0.415,0.365,0.0017,"PRPF40B"
"MT-TP",9.33e-08,0.845,0.025,0.014,0.00174,"MT-TP"
"ZNF248",9.37e-08,0.225,0.357,0.314,0.00174,"ZNF248"
"NBEAL2",9.43e-08,0.586,0.025,0.014,0.00176,"NBEAL2"
"GHRL",9.45e-08,0.571,0.042,0.028,0.00176,"GHRL"
"SCYL3",9.46e-08,0.223,0.194,0.16,0.00176,"SCYL3"
"IL17RB",9.48e-08,0.634,0.054,0.037,0.00176,"IL17RB"
"CD101",9.53e-08,0.431,0.048,0.032,0.00177,"CD101"
"FAM171A1",9.57e-08,0.258,0.694,0.663,0.00178,"FAM171A1"
"HOOK2",9.6e-08,-0.115,0.429,0.455,0.00179,"HOOK2"
"CEP44",9.72e-08,-0.235,0.287,0.314,0.00181,"CEP44"
"RPRD2",9.77e-08,-0.113,0.78,0.793,0.00182,"RPRD2"
"GRIN2D",9.8e-08,0.183,0.09,0.067,0.00182,"GRIN2D"
"PHETA1",1e-07,0.45,0.06,0.042,0.00186,"PHETA1"
"MBD2",1.01e-07,0.236,0.546,0.507,0.00187,"MBD2"
"ECT2L",1.01e-07,0.328,0.107,0.083,0.00187,"ECT2L"
"ERO1B",1.02e-07,0.496,0.385,0.35,0.0019,"ERO1B"
"NRDE2",1.04e-07,0.178,0.308,0.264,0.00194,"NRDE2"
"DPYD",1.04e-07,-0.884,0.29,0.308,0.00194,"DPYD"
"SPACDR",1.05e-07,0.645,0.022,0.012,0.00196,"SPACDR"
"DHX57",1.05e-07,0.177,0.493,0.441,0.00196,"DHX57"
"MRAS",1.08e-07,0.188,0.301,0.256,0.00201,"MRAS"
"IRF2BP1",1.08e-07,0.439,0.097,0.074,0.00201,"IRF2BP1"
"EGLN2",1.09e-07,0.75,0.028,0.017,0.00202,"EGLN2"
"UCN",1.1e-07,0.594,0.023,0.013,0.00205,"UCN"
"LAT",1.1e-07,0.817,0.026,0.015,0.00206,"LAT"
"CNOT9",1.11e-07,0.192,0.462,0.414,0.00206,"CNOT9"
"MNAT1",1.12e-07,0.15,0.888,0.872,0.00208,"MNAT1"
"CEP20",1.15e-07,0.176,0.336,0.292,0.00214,"CEP20"
"MAPKAPK2",1.15e-07,0.223,0.341,0.298,0.00214,"MAPKAPK2"
"CPD",1.16e-07,0.165,0.435,0.387,0.00216,"CPD"
"KDM3A",1.16e-07,-0.173,0.475,0.497,0.00216,"KDM3A"
"PRPF4",1.16e-07,0.171,0.303,0.261,0.00216,"PRPF4"
"ZNF639",1.16e-07,0.223,0.412,0.368,0.00216,"ZNF639"
"CDS1",1.17e-07,-0.842,0.014,0.025,0.00218,"CDS1"
"RASGRP1",1.17e-07,0.403,0.182,0.152,0.00218,"RASGRP1"
"CARMIL3",1.17e-07,-0.551,0.016,0.028,0.00218,"CARMIL3"
"PCDH12",1.19e-07,1.216,0.018,0.009,0.00222,"PCDH12"
"SPDYE12",1.2e-07,0.6,0.042,0.027,0.00223,"SPDYE12"
"POLD1",1.2e-07,-0.346,0.098,0.122,0.00223,"POLD1"
"BTG3",1.21e-07,0.175,0.536,0.481,0.00225,"BTG3"
"CELSR3",1.22e-07,-0.142,0.081,0.105,0.00226,"CELSR3"
"ZNF17",1.22e-07,0.383,0.068,0.049,0.00227,"ZNF17"
"ANO5",1.22e-07,0.155,0.22,0.184,0.00227,"ANO5"
"NOP2",1.23e-07,0.247,0.176,0.144,0.0023,"NOP2"
"RRAD",1.24e-07,1.641,0.013,0.005,0.00231,"RRAD"
"ENSG00000254536",1.26e-07,1.222,0.013,0.006,0.00234,"ENSG00000254536"
"DCUN1D3",1.26e-07,0.387,0.091,0.069,0.00234,"DCUN1D3"
"ENSG00000280229",1.26e-07,-0.254,0.017,0.029,0.00234,"ENSG00000280229"
"SKA2",1.27e-07,-0.218,0.77,0.75,0.00236,"SKA2"
"CABIN1",1.29e-07,0.195,0.47,0.427,0.00241,"CABIN1"
"DCBLD2",1.3e-07,-0.121,0.568,0.584,0.00243,"DCBLD2"
"ZFC3H1",1.31e-07,0.14,0.535,0.487,0.00245,"ZFC3H1"
"UCHL5",1.32e-07,0.216,0.403,0.359,0.00246,"UCHL5"
"CHRNB2",1.33e-07,-0.417,0.017,0.028,0.00247,"CHRNB2"
"ZC3H7A",1.33e-07,0.214,0.534,0.492,0.00248,"ZC3H7A"
"SPRTN",1.35e-07,0.266,0.291,0.252,0.00252,"SPRTN"
"GGT7",1.36e-07,0.21,0.449,0.401,0.00253,"GGT7"
"KLHL11",1.37e-07,0.267,0.226,0.19,0.00255,"KLHL11"
"CHKB",1.38e-07,0.233,0.247,0.209,0.00257,"CHKB"
"METTL16",1.43e-07,0.127,0.521,0.469,0.00266,"METTL16"
"ENSG00000280078",1.43e-07,1.545,0.01,0.003,0.00266,"ENSG00000280078"
"NICN1",1.44e-07,0.812,0.013,0.005,0.00267,"NICN1"
"SLC9A7",1.49e-07,0.348,0.148,0.12,0.00278,"SLC9A7"
"NOL4L",1.51e-07,-0.181,0.291,0.318,0.00281,"NOL4L"
"GOLGA8N",1.52e-07,0.968,0.018,0.009,0.00282,"GOLGA8N"
"RIC8B",1.53e-07,0.218,0.678,0.65,0.00285,"RIC8B"
"NAA40",1.54e-07,0.202,0.251,0.214,0.00287,"NAA40"
"ORC1",1.55e-07,-0.444,0.078,0.099,0.00288,"ORC1"
"CHD1",1.55e-07,0.214,0.685,0.667,0.00288,"CHD1"
"EGFL7",1.6e-07,0.731,0.019,0.009,0.00298,"EGFL7"
"ZNF282",1.61e-07,0.302,0.151,0.121,0.00299,"ZNF282"
"C6orf52",1.62e-07,0.402,0.066,0.047,0.00302,"C6orf52"
"TP53INP2",1.63e-07,0.34,0.158,0.129,0.00304,"TP53INP2"
"TOE1",1.64e-07,0.354,0.115,0.091,0.00304,"TOE1"
"C9orf40",1.64e-07,0.228,0.196,0.162,0.00305,"C9orf40"
"OSBP",1.67e-07,0.203,0.481,0.439,0.0031,"OSBP"
"RHOU",1.68e-07,-0.606,0.051,0.069,0.00313,"RHOU"
"INPP5K",1.72e-07,0.178,0.149,0.12,0.0032,"INPP5K"
"RFC4",1.73e-07,-0.208,0.23,0.26,0.00322,"RFC4"
"ZNF713",1.73e-07,-0.225,0.099,0.123,0.00322,"ZNF713"
"PLK5",1.73e-07,0.507,0.025,0.014,0.00322,"PLK5"
"ANXA2R",1.77e-07,0.676,0.026,0.015,0.00329,"ANXA2R"
"ELFN2",1.78e-07,-0.789,0.007,0.016,0.00331,"ELFN2"
"NMNAT3",1.78e-07,0.198,0.242,0.206,0.00332,"NMNAT3"
"NDUFAF7",1.79e-07,0.191,0.283,0.242,0.00333,"NDUFAF7"
"NLE1",1.81e-07,0.252,0.062,0.044,0.00337,"NLE1"
"HNRNPA1",1.82e-07,0.162,0.986,0.986,0.00338,"HNRNPA1"
"TCEAL2",1.86e-07,0.285,0.51,0.489,0.00346,"TCEAL2"
"DOCK5",1.87e-07,-0.988,0.013,0.024,0.00349,"DOCK5"
"ZNF563",1.89e-07,0.705,0.037,0.024,0.00351,"ZNF563"
"TXNDC11",1.89e-07,0.163,0.227,0.191,0.00351,"TXNDC11"
"JAKMIP3",1.89e-07,-1.073,0.007,0.015,0.00351,"JAKMIP3"
"KIAA0513",1.9e-07,0.257,0.111,0.086,0.00354,"KIAA0513"
"SPAG6",1.91e-07,-0.283,0.021,0.034,0.00356,"SPAG6"
"QSOX2",1.92e-07,0.333,0.147,0.119,0.00358,"QSOX2"
"NMRAL1",1.95e-07,0.262,0.129,0.102,0.00363,"NMRAL1"
"ZHX2",1.96e-07,0.264,0.751,0.703,0.00364,"ZHX2"
"PGBD4",1.98e-07,0.357,0.043,0.029,0.00368,"PGBD4"
"C3orf20",1.99e-07,0.63,0.058,0.041,0.0037,"C3orf20"
"PMS1",2e-07,0.199,0.546,0.501,0.00373,"PMS1"
"MUTYH",2e-07,0.237,0.191,0.159,0.00373,"MUTYH"
"ESCO1",2.04e-07,0.109,0.5,0.447,0.00379,"ESCO1"
"BCS1L",2.04e-07,0.246,0.132,0.105,0.0038,"BCS1L"
"FAM126B",2.04e-07,-0.105,0.46,0.485,0.0038,"FAM126B"
"SPAG8",2.05e-07,1.338,0.011,0.004,0.00381,"SPAG8"
"NSMAF",2.06e-07,0.157,0.455,0.402,0.00384,"NSMAF"
"H2AC6",2.15e-07,-1.199,0.164,0.19,0.00401,"H2AC6"
"ZNF223",2.17e-07,0.246,0.122,0.096,0.00404,"ZNF223"
"METTL2B",2.19e-07,0.197,0.482,0.437,0.00407,"METTL2B"
"ETS1",2.2e-07,1.08,0.014,0.006,0.00409,"ETS1"
"CLTRN",2.21e-07,0.305,0.055,0.038,0.00411,"CLTRN"
"AP4M1",2.22e-07,0.136,0.235,0.195,0.00414,"AP4M1"
"ZNF865",2.23e-07,0.276,0.074,0.054,0.00415,"ZNF865"
"ENSG00000271254",2.23e-07,-0.104,0.277,0.307,0.00416,"ENSG00000271254"
"ING4",2.26e-07,0.147,0.47,0.419,0.0042,"ING4"
"SCGB1A1",2.26e-07,-0.726,0.007,0.015,0.00421,"SCGB1A1"
"ZNF273",2.27e-07,-0.179,0.22,0.249,0.00422,"ZNF273"
"IZUMO4",2.28e-07,0.559,0.031,0.018,0.00424,"IZUMO4"
"CDH20",2.29e-07,0.536,0.046,0.031,0.00426,"CDH20"
"FAM13A",2.31e-07,0.132,0.572,0.518,0.0043,"FAM13A"
"ERCC8",2.35e-07,0.146,0.508,0.457,0.00438,"ERCC8"
"POLR2B",2.35e-07,0.171,0.76,0.742,0.00438,"POLR2B"
"B4GALNT4",2.37e-07,0.241,0.323,0.282,0.00441,"B4GALNT4"
"GRIK1",2.39e-07,0.68,0.135,0.11,0.00445,"GRIK1"
"HEMK1",2.4e-07,0.373,0.102,0.079,0.00448,"HEMK1"
"PLPP6",2.44e-07,0.41,0.045,0.03,0.00454,"PLPP6"
"ZNF558",2.45e-07,0.231,0.199,0.165,0.00455,"ZNF558"
"ZBTB6",2.45e-07,0.228,0.164,0.134,0.00456,"ZBTB6"
"SORCS3",2.47e-07,-1.664,0.128,0.148,0.0046,"SORCS3"
"MBD5",2.49e-07,0.161,0.975,0.973,0.00464,"MBD5"
"SUGP1",2.49e-07,0.242,0.259,0.221,0.00464,"SUGP1"
"RASA4",2.51e-07,0.566,0.037,0.024,0.00468,"RASA4"
"RAVER1",2.52e-07,0.336,0.177,0.147,0.00469,"RAVER1"
"WDR5B",2.55e-07,0.323,0.08,0.06,0.00474,"WDR5B"
"KCNK1",2.55e-07,0.846,0.014,0.006,0.00475,"KCNK1"
"TIGD5",2.58e-07,0.255,0.199,0.165,0.0048,"TIGD5"
"NRG4",2.62e-07,0.702,0.059,0.042,0.00487,"NRG4"
"TATDN2",2.69e-07,0.26,0.184,0.153,0.005,"TATDN2"
"PLXNA4",2.7e-07,0.754,0.539,0.529,0.00502,"PLXNA4"
"C1orf35",2.71e-07,0.176,0.378,0.332,0.00505,"C1orf35"
"CBWD6",2.74e-07,0.324,0.116,0.091,0.0051,"CBWD6"
"ELOVL6",2.75e-07,-0.526,0.498,0.501,0.00512,"ELOVL6"
"SH3BP1",2.78e-07,0.533,0.03,0.018,0.00517,"SH3BP1"
"HSF2",2.8e-07,-0.108,0.486,0.512,0.0052,"HSF2"
"PCDHB4",2.87e-07,-0.393,0.045,0.062,0.00533,"PCDHB4"
"MARCHF10",2.93e-07,0.841,0.018,0.009,0.00545,"MARCHF10"
"CLUL1",2.97e-07,-0.652,0.012,0.022,0.00553,"CLUL1"
"TBC1D2B",3.01e-07,0.236,0.185,0.153,0.0056,"TBC1D2B"
"GTPBP10",3.02e-07,0.173,0.342,0.296,0.00562,"GTPBP10"
"LRR1",3.12e-07,-0.26,0.233,0.262,0.00581,"LRR1"
"RNF169",3.14e-07,-0.123,0.595,0.606,0.00584,"RNF169"
"CYTH3",3.14e-07,0.255,0.363,0.319,0.00584,"CYTH3"
"ANAPC2",3.14e-07,0.619,0.03,0.018,0.00584,"ANAPC2"
"INF2",3.16e-07,0.465,0.068,0.05,0.00589,"INF2"
"PTCH1",3.17e-07,0.161,0.257,0.218,0.00589,"PTCH1"
"JAG2",3.17e-07,-1.511,0.005,0.011,0.0059,"JAG2"
"KCNS3",3.18e-07,-1.231,0.009,0.018,0.00592,"KCNS3"
"MIOS",3.22e-07,0.213,0.305,0.265,0.00599,"MIOS"
"BACE2",3.23e-07,-0.473,0.037,0.052,0.00602,"BACE2"
"GPS2",3.25e-07,0.244,0.447,0.407,0.00604,"GPS2"
"UGGT1",3.27e-07,0.202,0.465,0.421,0.00608,"UGGT1"
"ABCD1",3.3e-07,0.527,0.049,0.033,0.00614,"ABCD1"
"ENSG00000280234",3.34e-07,-0.811,0.016,0.027,0.00622,"ENSG00000280234"
"CNMD",3.37e-07,0.944,0.019,0.01,0.00627,"CNMD"
"RMC1",3.46e-07,0.246,0.263,0.225,0.00643,"RMC1"
"AGAP5",3.49e-07,0.365,0.069,0.051,0.00649,"AGAP5"
"ISYNA1",3.52e-07,0.318,0.101,0.078,0.00654,"ISYNA1"
"TIMM23B",3.52e-07,0.254,0.109,0.085,0.00655,"TIMM23B"
"APLN",3.6e-07,1.475,0.012,0.005,0.0067,"APLN"
"CCDC177",3.62e-07,0.775,0.016,0.008,0.00673,"CCDC177"
"GEMIN2",3.64e-07,0.167,0.316,0.275,0.00677,"GEMIN2"
"ZNF619",3.71e-07,0.662,0.037,0.024,0.00691,"ZNF619"
"EXOC4",3.72e-07,0.13,0.942,0.907,0.00692,"EXOC4"
"PCDHA9",3.72e-07,-0.128,0.143,0.171,0.00693,"PCDHA9"
"TMEM121B",3.87e-07,-0.163,0.089,0.112,0.00721,"TMEM121B"
"EVC2",3.88e-07,0.656,0.026,0.015,0.00723,"EVC2"
"P2RY11",3.9e-07,0.814,0.018,0.009,0.00726,"P2RY11"
"WSB2",3.94e-07,0.231,0.604,0.574,0.00734,"WSB2"
"BCL2L1",3.95e-07,0.249,0.408,0.364,0.00735,"BCL2L1"
"SOGA3",3.96e-07,-0.276,0.091,0.113,0.00737,"SOGA3"
"POLR3A",3.97e-07,0.16,0.368,0.322,0.0074,"POLR3A"
"ZSWIM5",4.05e-07,0.376,0.796,0.817,0.00753,"ZSWIM5"
"ZNF546",4.05e-07,0.253,0.221,0.187,0.00753,"ZNF546"
"C14orf28",4.06e-07,0.306,0.068,0.049,0.00756,"C14orf28"
"SYN1",4.07e-07,-0.123,0.045,0.063,0.00757,"SYN1"
"ZNF671",4.1e-07,0.329,0.1,0.078,0.00763,"ZNF671"
"ENSG00000279799",4.1e-07,0.491,0.039,0.025,0.00763,"ENSG00000279799"
"TMEM201",4.13e-07,0.324,0.113,0.089,0.00768,"TMEM201"
"RFWD3",4.17e-07,-0.217,0.276,0.302,0.00777,"RFWD3"
"ODF2L",4.19e-07,-0.109,0.552,0.567,0.0078,"ODF2L"
"MCEE",4.26e-07,0.216,0.198,0.166,0.00792,"MCEE"
"ATP6V0A4",4.26e-07,-0.834,0.004,0.01,0.00793,"ATP6V0A4"
"PDZD7",4.28e-07,-1.12,0.007,0.016,0.00796,"PDZD7"
"MYPOP",4.36e-07,0.271,0.12,0.095,0.00811,"MYPOP"
"LGALS9",4.38e-07,1.02,0.014,0.007,0.00815,"LGALS9"
"PDGFA",4.38e-07,0.555,0.045,0.03,0.00816,"PDGFA"
"EDA",4.4e-07,-0.428,0.045,0.062,0.00818,"EDA"
"FBXO38",4.42e-07,0.232,0.371,0.326,0.00822,"FBXO38"
"BOD1",4.44e-07,0.155,0.567,0.529,0.00826,"BOD1"
"ZNF850",4.53e-07,-0.307,0.092,0.115,0.00843,"ZNF850"
"TPK1",4.54e-07,0.249,0.097,0.074,0.00845,"TPK1"
"ZNF354A",4.61e-07,-0.118,0.26,0.289,0.00858,"ZNF354A"
"MFSD8",4.64e-07,0.133,0.339,0.293,0.00864,"MFSD8"
"RNF207",4.71e-07,0.327,0.022,0.012,0.00876,"RNF207"
"PPP1R12C",4.74e-07,0.86,0.015,0.007,0.00883,"PPP1R12C"
"BRSK1",4.83e-07,-0.145,0.228,0.257,0.00899,"BRSK1"
"TRIM32",4.88e-07,0.242,0.139,0.112,0.00908,"TRIM32"
"TMEM272",4.89e-07,-0.918,0.007,0.015,0.00909,"TMEM272"
"MPHOSPH8",4.91e-07,0.161,0.764,0.744,0.00913,"MPHOSPH8"
"SGF29",4.94e-07,-0.285,0.162,0.189,0.00919,"SGF29"
"FXR2",5.01e-07,0.261,0.292,0.253,0.00932,"FXR2"
"GSG1L",5.03e-07,0.747,0.065,0.048,0.00936,"GSG1L"
"ZC3H12A",5.03e-07,1.257,0.012,0.005,0.00936,"ZC3H12A"
"ANKMY1",5.08e-07,0.178,0.261,0.224,0.00945,"ANKMY1"
"ELOA",5.11e-07,0.19,0.401,0.358,0.00951,"ELOA"
"KCNMB2",5.15e-07,-0.688,0.013,0.023,0.00958,"KCNMB2"
"RSPH14",5.23e-07,0.278,0.064,0.046,0.00974,"RSPH14"
"CCNL2",5.28e-07,0.246,0.525,0.485,0.00983,"CCNL2"
"CCDC3",5.36e-07,-0.293,0.157,0.183,0.00997,"CCDC3"
"TBL3",5.42e-07,0.347,0.094,0.072,0.0101,"TBL3"
"TPCN2",5.46e-07,0.274,0.087,0.066,0.0102,"TPCN2"
"MRPL53",5.5e-07,0.484,0.045,0.03,0.0102,"MRPL53"
"EP300",5.51e-07,0.156,0.738,0.715,0.0103,"EP300"
"PLCL1",5.52e-07,0.153,0.292,0.335,0.0103,"PLCL1"
"KCNA3",5.58e-07,0.498,0.161,0.135,0.0104,"KCNA3"
"DFFB",5.6e-07,0.304,0.13,0.105,0.0104,"DFFB"
"ENSG00000279453",5.61e-07,0.393,0.108,0.085,0.0105,"ENSG00000279453"
"C1orf94",5.65e-07,1.314,0.013,0.006,0.0105,"C1orf94"
"LYPD6B",5.73e-07,-1.386,0.004,0.011,0.0107,"LYPD6B"
"GTPBP1",5.86e-07,-0.112,0.296,0.326,0.0109,"GTPBP1"
"ZNF497",5.93e-07,0.269,0.088,0.066,0.011,"ZNF497"
"TUBA3FP",5.93e-07,0.34,0.034,0.022,0.011,"TUBA3FP"
"RPGRIP1L",6.05e-07,0.14,0.345,0.302,0.0113,"RPGRIP1L"
"NPEPL1",6.13e-07,0.353,0.152,0.125,0.0114,"NPEPL1"
"MBLAC1",6.13e-07,0.349,0.036,0.023,0.0114,"MBLAC1"
"USP37",6.17e-07,-0.181,0.477,0.49,0.0115,"USP37"
"GPR176",6.21e-07,0.53,0.018,0.009,0.0116,"GPR176"
"PDE6D",6.24e-07,0.145,0.51,0.46,0.0116,"PDE6D"
"FHOD3",6.26e-07,-0.144,0.534,0.541,0.0116,"FHOD3"
"ZNF77",6.26e-07,0.331,0.11,0.086,0.0116,"ZNF77"
"FAM221A",6.26e-07,0.353,0.14,0.114,0.0117,"FAM221A"
"POLE",6.26e-07,-0.239,0.232,0.258,0.0117,"POLE"
"RANBP3",6.28e-07,0.187,0.315,0.273,0.0117,"RANBP3"
"SPDYE21",6.28e-07,0.152,0.099,0.076,0.0117,"SPDYE21"
"RASSF7",6.34e-07,0.436,0.032,0.02,0.0118,"RASSF7"
"ZMYND10",6.42e-07,0.578,0.021,0.011,0.012,"ZMYND10"
"RAB40C",6.43e-07,0.195,0.18,0.148,0.012,"RAB40C"
"BCL7B",6.45e-07,0.222,0.304,0.263,0.012,"BCL7B"
"FBXL18",6.47e-07,0.294,0.224,0.191,0.012,"FBXL18"
"SLC39A10",6.51e-07,0.13,0.522,0.479,0.0121,"SLC39A10"
"BTN3A1",6.52e-07,0.246,0.099,0.077,0.0121,"BTN3A1"
"ACBD7",6.55e-07,-0.476,0.06,0.078,0.0122,"ACBD7"
"ENSG00000278991",6.57e-07,0.391,0.075,0.056,0.0122,"ENSG00000278991"
"RNF19A",6.62e-07,0.158,0.638,0.598,0.0123,"RNF19A"
"ATP2B1",6.73e-07,0.514,0.505,0.483,0.0125,"ATP2B1"
"PAPOLG",6.73e-07,-0.173,0.312,0.341,0.0125,"PAPOLG"
"ZNF585A",6.74e-07,0.162,0.316,0.275,0.0125,"ZNF585A"
"ENSG00000285043",6.75e-07,0.365,0.039,0.025,0.0126,"ENSG00000285043"
"SLC25A34",6.85e-07,0.593,0.03,0.018,0.0128,"SLC25A34"
"CUL9",6.86e-07,0.274,0.147,0.12,0.0128,"CUL9"
"SLC43A2",6.89e-07,0.167,0.127,0.1,0.0128,"SLC43A2"
"CDK11A",6.95e-07,0.202,0.313,0.273,0.0129,"CDK11A"
"H3C10",6.97e-07,-0.411,0.032,0.047,0.013,"H3C10"
"ZFAND2A",7.04e-07,0.107,0.138,0.111,0.0131,"ZFAND2A"
"PTPN23",7.29e-07,0.206,0.22,0.186,0.0136,"PTPN23"
"HMGCLL1",7.31e-07,-1.866,0.005,0.011,0.0136,"HMGCLL1"
"HECTD1",7.31e-07,0.132,0.807,0.799,0.0136,"HECTD1"
"ST3GAL4",7.33e-07,0.307,0.216,0.184,0.0136,"ST3GAL4"
"SLBP",7.35e-07,0.168,0.451,0.407,0.0137,"SLBP"
"NAT16",7.49e-07,-0.172,0.023,0.036,0.0139,"NAT16"
"NSUN7",7.53e-07,0.569,0.038,0.025,0.014,"NSUN7"
"FAM126A",7.56e-07,0.106,0.4,0.354,0.0141,"FAM126A"
"MBOAT1",7.59e-07,-0.676,0.058,0.075,0.0141,"MBOAT1"
"SLC25A19",7.6e-07,0.423,0.058,0.041,0.0141,"SLC25A19"
"HSD17B13",7.6e-07,-0.96,0.013,0.023,0.0141,"HSD17B13"
"SYT6",7.64e-07,0.817,0.039,0.026,0.0142,"SYT6"
"DKKL1",7.74e-07,0.513,0.05,0.035,0.0144,"DKKL1"
"PP2D1",7.76e-07,0.717,0.047,0.033,0.0144,"PP2D1"
"XAB2",7.78e-07,0.284,0.137,0.111,0.0145,"XAB2"
"CEP68",7.88e-07,0.217,0.519,0.475,0.0147,"CEP68"
"BRF2",7.94e-07,0.198,0.106,0.083,0.0148,"BRF2"
"NXPE3",8.03e-07,0.171,0.298,0.257,0.0149,"NXPE3"
"PLIN2",8.09e-07,0.302,0.145,0.119,0.0151,"PLIN2"
"PLEKHO1",8.1e-07,0.205,0.705,0.685,0.0151,"PLEKHO1"
"E2F1",8.11e-07,-0.288,0.125,0.15,0.0151,"E2F1"
"SCAMP1",8.13e-07,0.124,0.59,0.54,0.0151,"SCAMP1"
"ATP8B2",8.21e-07,0.3,0.169,0.141,0.0153,"ATP8B2"
"MAP1S",8.46e-07,0.225,0.19,0.159,0.0158,"MAP1S"
"GOLPH3",8.47e-07,0.192,0.621,0.589,0.0158,"GOLPH3"
"GBX1",8.5e-07,-0.627,0.01,0.019,0.0158,"GBX1"
"NUDT11",8.63e-07,-0.156,0.215,0.243,0.0161,"NUDT11"
"GRM1",8.65e-07,-0.11,0.023,0.013,0.0161,"GRM1"
"RELL2",8.66e-07,0.497,0.035,0.023,0.0161,"RELL2"
"CRACR2A",8.69e-07,-0.431,0.028,0.041,0.0162,"CRACR2A"
"CYP3A5",8.74e-07,0.53,0.073,0.054,0.0163,"CYP3A5"
"ZNF33A",8.75e-07,-0.216,0.583,0.58,0.0163,"ZNF33A"
"MIEF2",8.84e-07,0.199,0.073,0.054,0.0165,"MIEF2"
"AGO1",8.86e-07,0.169,0.463,0.417,0.0165,"AGO1"
"TRAPPC10",8.86e-07,0.178,0.497,0.453,0.0165,"TRAPPC10"
"ZNF614",8.88e-07,0.248,0.144,0.117,0.0165,"ZNF614"
"SLC46A1",8.92e-07,0.448,0.037,0.024,0.0166,"SLC46A1"
"CENPB",9.02e-07,0.267,0.24,0.207,0.0168,"CENPB"
"ZNF165",9.02e-07,0.69,0.017,0.009,0.0168,"ZNF165"
"TRIM45",9.11e-07,0.601,0.044,0.03,0.017,"TRIM45"
"SPATA32",9.11e-07,0.278,0.027,0.017,0.017,"SPATA32"
"TAC4",9.19e-07,0.391,0.05,0.035,0.0171,"TAC4"
"FAM133A",9.25e-07,0.341,0.046,0.031,0.0172,"FAM133A"
"PPT2",9.29e-07,0.349,0.078,0.059,0.0173,"PPT2"
"CDT1",9.33e-07,-0.374,0.089,0.11,0.0174,"CDT1"
"PAPPA2",9.41e-07,0.508,0.028,0.017,0.0175,"PAPPA2"
"WFDC3",9.53e-07,0.975,0.012,0.005,0.0177,"WFDC3"
"TUBA1A",9.63e-07,0.118,0.997,1,0.0179,"TUBA1A"
"ATAD3B",9.64e-07,0.319,0.09,0.069,0.018,"ATAD3B"
"MRE11",9.67e-07,-0.152,0.33,0.359,0.018,"MRE11"
"NPPA",9.71e-07,0.685,0.087,0.068,0.0181,"NPPA"
"CXCR4",9.72e-07,-0.19,0.512,0.53,0.0181,"CXCR4"
"SCIMP",9.95e-07,0.404,0.069,0.051,0.0185,"SCIMP"
"CCDC9",9.96e-07,0.379,0.094,0.073,0.0185,"CCDC9"
"TPP2",1e-06,0.184,0.488,0.442,0.0186,"TPP2"
"PSMG4",1.02e-06,0.173,0.506,0.463,0.019,"PSMG4"
"SFTPD",1.03e-06,0.596,0.014,0.007,0.0192,"SFTPD"
"CCDC120",1.06e-06,0.282,0.212,0.18,0.0197,"CCDC120"
"KSR1",1.08e-06,0.217,0.367,0.325,0.0201,"KSR1"
"TRIQK",1.08e-06,0.144,0.34,0.296,0.0202,"TRIQK"
"CAPN6",1.08e-06,-0.383,0.012,0.022,0.0202,"CAPN6"
"PXK",1.09e-06,0.135,0.291,0.25,0.0202,"PXK"
"CREBZF",1.09e-06,0.207,0.576,0.541,0.0203,"CREBZF"
"ZBTB37",1.1e-06,0.202,0.292,0.254,0.0206,"ZBTB37"
"HBQ1",1.11e-06,0.847,0.013,0.006,0.0207,"HBQ1"
"ZSCAN26",1.11e-06,0.139,0.387,0.343,0.0207,"ZSCAN26"
"SLC25A41",1.12e-06,0.845,0.014,0.006,0.0208,"SLC25A41"
"CDC42SE1",1.12e-06,0.196,0.57,0.531,0.0208,"CDC42SE1"
"RASD2",1.12e-06,0.952,0.057,0.042,0.0209,"RASD2"
"TMEM200C",1.14e-06,0.314,0.208,0.178,0.0211,"TMEM200C"
"FBXL3",1.14e-06,0.201,0.516,0.478,0.0212,"FBXL3"
"RFC5",1.17e-06,-0.175,0.238,0.267,0.0217,"RFC5"
"SAAL1",1.17e-06,-0.17,0.256,0.283,0.0217,"SAAL1"
"NOTCH2NLB",1.18e-06,0.971,0.015,0.007,0.0219,"NOTCH2NLB"
"RBBP4",1.18e-06,0.117,0.84,0.831,0.0219,"RBBP4"
"CD72",1.18e-06,0.811,0.027,0.017,0.0219,"CD72"
"INO80C",1.18e-06,0.272,0.261,0.226,0.022,"INO80C"
"HRH2",1.18e-06,-0.98,0.009,0.018,0.022,"HRH2"
"ANKRD13A",1.2e-06,0.317,0.278,0.243,0.0224,"ANKRD13A"
"XYLT2",1.21e-06,0.321,0.096,0.075,0.0225,"XYLT2"
"RAD17",1.22e-06,0.188,0.405,0.362,0.0227,"RAD17"
"CEP170B",1.22e-06,0.389,0.066,0.049,0.0227,"CEP170B"
"FRZB",1.22e-06,2.596,0.032,0.02,0.0227,"FRZB"
"PECR",1.22e-06,0.132,0.227,0.192,0.0228,"PECR"
"CABLES2",1.24e-06,-0.384,0.102,0.123,0.0232,"CABLES2"
"STAM2",1.25e-06,0.133,0.498,0.449,0.0232,"STAM2"
"SAMD14",1.25e-06,-0.196,0.136,0.161,0.0233,"SAMD14"
"RGS7",1.26e-06,-1.112,0.085,0.104,0.0234,"RGS7"
"SUMO4",1.26e-06,0.397,0.078,0.059,0.0235,"SUMO4"
"EAF1",1.27e-06,0.205,0.252,0.216,0.0237,"EAF1"
"SPATA45",1.28e-06,0.78,0.016,0.008,0.0238,"SPATA45"
"GRK2",1.3e-06,0.333,0.198,0.168,0.0242,"GRK2"
"TBCE.1",1.31e-06,0.314,0.107,0.085,0.0244,"TBCE.1"
"KCND1",1.31e-06,0.786,0.016,0.008,0.0244,"KCND1"
"TBC1D10B",1.31e-06,0.196,0.221,0.187,0.0245,"TBC1D10B"
"FILIP1L",1.32e-06,0.217,0.377,0.335,0.0245,"FILIP1L"
"NODAL",1.35e-06,-0.497,0.013,0.023,0.0251,"NODAL"
"CKS2",1.36e-06,-0.48,0.4,0.397,0.0254,"CKS2"
"NPRL2",1.37e-06,0.272,0.123,0.099,0.0254,"NPRL2"
"ZNF415",1.38e-06,0.2,0.138,0.113,0.0257,"ZNF415"
"DNTTIP2",1.39e-06,0.172,0.469,0.431,0.0258,"DNTTIP2"
"PRX",1.39e-06,0.996,0.014,0.007,0.0258,"PRX"
"INPP5A",1.39e-06,0.135,0.305,0.264,0.0259,"INPP5A"
"DRG1",1.4e-06,0.187,0.507,0.464,0.0261,"DRG1"
"LINS1",1.4e-06,0.146,0.283,0.244,0.0261,"LINS1"
"LHFPL3",1.41e-06,0.923,0.125,0.101,0.0263,"LHFPL3"
"WDR83",1.42e-06,0.199,0.159,0.131,0.0263,"WDR83"
"ZSWIM1",1.43e-06,0.624,0.033,0.021,0.0266,"ZSWIM1"
"DDX51",1.45e-06,0.3,0.101,0.079,0.027,"DDX51"
"LIG3",1.45e-06,0.204,0.285,0.249,0.027,"LIG3"
"ZNF486",1.45e-06,-0.237,0.164,0.19,0.0271,"ZNF486"
"ZSCAN21",1.47e-06,0.277,0.254,0.219,0.0274,"ZSCAN21"
"KANK2",1.48e-06,0.259,0.098,0.077,0.0275,"KANK2"
"RYR2",1.48e-06,-2.349,0.01,0.019,0.0275,"RYR2"
"PPP1R18",1.5e-06,-0.154,0.271,0.298,0.0279,"PPP1R18"
"WDTC1",1.52e-06,0.172,0.296,0.259,0.0283,"WDTC1"
"KLHL15",1.52e-06,-0.331,0.124,0.147,0.0284,"KLHL15"
"IRGM",1.54e-06,-0.268,0.013,0.022,0.0287,"IRGM"
"NUP107",1.54e-06,-0.128,0.471,0.487,0.0287,"NUP107"
"ERMP1",1.56e-06,0.23,0.28,0.243,0.029,"ERMP1"
"CLEC5A",1.56e-06,0.276,0.013,0.006,0.029,"CLEC5A"
"KCTD4",1.58e-06,0.485,0.022,0.013,0.0293,"KCTD4"
"CYBA",1.58e-06,0.645,0.045,0.031,0.0294,"CYBA"
"TLK2",1.59e-06,0.197,0.721,0.698,0.0295,"TLK2"
"GOLT1B",1.61e-06,0.194,0.326,0.285,0.0299,"GOLT1B"
"SBNO2",1.61e-06,0.311,0.097,0.076,0.0299,"SBNO2"
"ERCC6",1.62e-06,0.181,0.292,0.253,0.0302,"ERCC6"
"ACVR1B",1.63e-06,-0.194,0.325,0.346,0.0303,"ACVR1B"
"C4orf51",1.64e-06,0.704,0.024,0.014,0.0306,"C4orf51"
"EFNB1",1.65e-06,0.239,0.305,0.268,0.0307,"EFNB1"
"HIVEP1",1.67e-06,-0.114,0.441,0.466,0.031,"HIVEP1"
"SCNN1D",1.68e-06,0.712,0.017,0.009,0.0312,"SCNN1D"
"PTGR3",1.7e-06,0.232,0.276,0.24,0.0316,"PTGR3"
"COL10A1",1.71e-06,0.817,0.014,0.007,0.0319,"COL10A1"
"ISOC1",1.75e-06,0.213,0.203,0.172,0.0326,"ISOC1"
"ABCB8",1.76e-06,0.231,0.214,0.181,0.0327,"ABCB8"
"BLZF1",1.78e-06,0.153,0.378,0.333,0.0331,"BLZF1"
"PER2",1.79e-06,-0.198,0.135,0.16,0.0333,"PER2"
"CDNF",1.79e-06,0.519,0.037,0.024,0.0334,"CDNF"
"ZNF205",1.8e-06,0.138,0.141,0.114,0.0335,"ZNF205"
"NUP62",1.82e-06,-0.12,0.342,0.37,0.0339,"NUP62"
"ERO1A",1.84e-06,-0.186,0.345,0.365,0.0343,"ERO1A"
"SNRNP35",1.86e-06,0.261,0.358,0.321,0.0346,"SNRNP35"
"DNAJC14",1.91e-06,0.319,0.112,0.09,0.0356,"DNAJC14"
"POU6F1",1.92e-06,0.259,0.273,0.238,0.0357,"POU6F1"
"ME3",1.93e-06,0.262,0.066,0.049,0.036,"ME3"
"HERC2",1.98e-06,0.159,0.743,0.712,0.0368,"HERC2"
"CRB1",2e-06,-0.147,0.756,0.72,0.0373,"CRB1"
"MTFP1",2.02e-06,0.154,0.069,0.051,0.0376,"MTFP1"
"FAM241B",2.03e-06,-0.313,0.17,0.192,0.0377,"FAM241B"
"PRR14L",2.03e-06,0.171,0.56,0.519,0.0377,"PRR14L"
"PLEKHA2",2.04e-06,0.209,0.218,0.186,0.0379,"PLEKHA2"
"ANKRD39",2.07e-06,0.169,0.204,0.171,0.0386,"ANKRD39"
"PDE4DIP",2.11e-06,-0.141,0.688,0.679,0.0392,"PDE4DIP"
"VMAC",2.14e-06,0.306,0.067,0.049,0.0398,"VMAC"
"GPBP1",2.15e-06,0.141,0.882,0.871,0.04,"GPBP1"
"CLIP1",2.17e-06,0.18,0.723,0.701,0.0404,"CLIP1"
"LRIG2",2.19e-06,0.139,0.428,0.382,0.0407,"LRIG2"
"ZNF578",2.22e-06,-1.368,0.004,0.01,0.0412,"ZNF578"
"GHDC",2.22e-06,0.529,0.021,0.012,0.0413,"GHDC"
"FBXW8",2.22e-06,0.142,0.419,0.372,0.0414,"FBXW8"
"VMO1",2.23e-06,0.566,0.014,0.007,0.0416,"VMO1"
"ST3GAL1",2.29e-06,0.385,0.13,0.106,0.0425,"ST3GAL1"
"RGS7BP",2.36e-06,0.324,0.136,0.112,0.044,"RGS7BP"
"JADE2",2.36e-06,0.178,0.014,0.007,0.044,"JADE2"
"AGO2",2.37e-06,0.181,0.687,0.662,0.0441,"AGO2"
"GPT2",2.37e-06,0.16,0.36,0.319,0.0442,"GPT2"
"GIT2",2.4e-06,0.152,0.463,0.415,0.0446,"GIT2"
"TNFAIP3",2.41e-06,0.775,0.02,0.011,0.0449,"TNFAIP3"
"DTX2",2.43e-06,0.269,0.055,0.04,0.0452,"DTX2"
"UCKL1",2.46e-06,0.356,0.202,0.173,0.0458,"UCKL1"
"C22orf31",2.47e-06,1.15,0.018,0.01,0.046,"C22orf31"
"FAM156A",2.5e-06,0.219,0.131,0.107,0.0465,"FAM156A"
"ADAMTSL1",2.5e-06,-0.738,0.058,0.075,0.0466,"ADAMTSL1"
"WRNIP1",2.56e-06,0.223,0.399,0.359,0.0476,"WRNIP1"
"IL11RA",2.61e-06,0.872,0.021,0.012,0.0485,"IL11RA"
"NAIF1",2.61e-06,0.338,0.058,0.042,0.0486,"NAIF1"
"HSPB8",2.62e-06,0.991,0.01,0.004,0.0488,"HSPB8"
"ABCA7",2.63e-06,0.46,0.036,0.024,0.049,"ABCA7"
"PCDHB5",2.65e-06,0.539,0.069,0.052,0.0494,"PCDHB5"
"ETFDH",2.68e-06,0.191,0.338,0.299,0.0498,"ETFDH"
"LRRC46",2.69e-06,1.057,0.011,0.004,0.05,"LRRC46"
"ENSG00000280414",2.7e-06,-0.122,0.02,0.032,0.0503,"ENSG00000280414"
"ENSG00000254692",2.75e-06,0.229,0.142,0.116,0.0512,"ENSG00000254692"
"CAPG",2.75e-06,0.621,0.033,0.022,0.0512,"CAPG"
"ZNF391",2.77e-06,0.257,0.047,0.033,0.0516,"ZNF391"
"COL14A1",2.78e-06,0.952,0.03,0.019,0.0517,"COL14A1"
"SP2",2.81e-06,0.258,0.222,0.191,0.0522,"SP2"
"GTF2E2",2.81e-06,0.138,0.424,0.381,0.0523,"GTF2E2"
"HAUS1",2.87e-06,0.214,0.555,0.52,0.0534,"HAUS1"
"GNA13",2.91e-06,0.195,0.466,0.426,0.0541,"GNA13"
"SEMA7A",2.92e-06,-1.515,0.005,0.011,0.0543,"SEMA7A"
"THAP8",2.96e-06,0.283,0.109,0.087,0.0551,"THAP8"
"C20orf203",2.97e-06,-0.75,0.013,0.023,0.0553,"C20orf203"
"TCTE1",3.03e-06,-0.692,0.014,0.024,0.0563,"TCTE1"
"LYSMD1",3.11e-06,0.312,0.079,0.061,0.0579,"LYSMD1"
"LRMDA",3.14e-06,-3.493,0.013,0.022,0.0584,"LRMDA"
"NME9",3.2e-06,0.391,0.172,0.145,0.0596,"NME9"
"MTHFD2",3.21e-06,-0.257,0.154,0.178,0.0597,"MTHFD2"
"MED1",3.21e-06,0.2,0.493,0.456,0.0597,"MED1"
"NAA15",3.27e-06,0.162,0.687,0.66,0.0608,"NAA15"
"ENSG00000279347",3.27e-06,-0.626,0.006,0.013,0.0608,"ENSG00000279347"
"PROSER3",3.37e-06,0.321,0.132,0.108,0.0627,"PROSER3"
"UCHL3",3.38e-06,0.178,0.37,0.328,0.0629,"UCHL3"
"TMCO3",3.41e-06,0.173,0.481,0.44,0.0635,"TMCO3"
"BBS1",3.43e-06,0.483,0.025,0.015,0.0639,"BBS1"
"CSRP2",3.54e-06,0.576,0.445,0.417,0.0659,"CSRP2"
"KLHL28",3.54e-06,0.188,0.594,0.554,0.066,"KLHL28"
"ENSG00000279887",3.55e-06,0.956,0.014,0.007,0.0662,"ENSG00000279887"
"ZFP41",3.56e-06,0.217,0.077,0.058,0.0663,"ZFP41"
"SIMC1",3.56e-06,-0.276,0.409,0.42,0.0663,"SIMC1"
"ENSG00000285868",3.56e-06,0.302,0.16,0.134,0.0663,"ENSG00000285868"
"BRINP2",3.61e-06,0.607,0.19,0.163,0.0672,"BRINP2"
"FBXO46",3.71e-06,0.282,0.185,0.156,0.0691,"FBXO46"
"ZNF446",3.84e-06,0.214,0.1,0.079,0.0716,"ZNF446"
"PAQR7",3.85e-06,0.309,0.06,0.044,0.0716,"PAQR7"
"MEIG1",3.91e-06,0.353,0.028,0.017,0.0729,"MEIG1"
"CNOT10",3.94e-06,0.181,0.505,0.464,0.0733,"CNOT10"
"STARD8",4.02e-06,-1.331,0.007,0.014,0.0748,"STARD8"
"P3H1",4.13e-06,0.256,0.201,0.17,0.0769,"P3H1"
"VEGFC",4.16e-06,0.942,0.011,0.005,0.0773,"VEGFC"
"HDX",4.2e-06,-0.216,0.309,0.331,0.0781,"HDX"
"C17orf100",4.2e-06,0.305,0.062,0.046,0.0782,"C17orf100"
"POT1",4.23e-06,0.116,0.406,0.359,0.0787,"POT1"
"DECR2",4.23e-06,0.316,0.054,0.039,0.0788,"DECR2"
"ZSCAN12",4.25e-06,0.205,0.169,0.141,0.0791,"ZSCAN12"
"RFXAP",4.29e-06,0.217,0.225,0.194,0.0798,"RFXAP"
"ZNF543",4.32e-06,0.231,0.076,0.058,0.0804,"ZNF543"
"LDB3",4.34e-06,0.36,0.027,0.017,0.0808,"LDB3"
"RAB26",4.35e-06,0.381,0.055,0.04,0.0809,"RAB26"
"GPER1",4.35e-06,0.372,0.029,0.018,0.081,"GPER1"
"ZNF417",4.37e-06,0.205,0.202,0.172,0.0814,"ZNF417"
"AMD1",4.38e-06,0.157,0.466,0.428,0.0815,"AMD1"
"OPN1SW",4.39e-06,0.916,0.021,0.012,0.0817,"OPN1SW"
"TUBG1",4.43e-06,0.223,0.244,0.212,0.0824,"TUBG1"
"NIPSNAP3B",4.46e-06,0.458,0.025,0.015,0.083,"NIPSNAP3B"
"WDR91",4.47e-06,0.264,0.108,0.086,0.0832,"WDR91"
"RIC3",4.48e-06,-1.069,0.194,0.21,0.0835,"RIC3"
"KRBA2",4.5e-06,-0.149,0.215,0.24,0.0838,"KRBA2"
"ENSG00000279753",4.53e-06,0.889,0.013,0.006,0.0842,"ENSG00000279753"
"GNRH1",4.58e-06,-0.46,0.018,0.029,0.0852,"GNRH1"
"PLAUR",4.58e-06,0.345,0.074,0.056,0.0853,"PLAUR"
"KDM8",4.63e-06,0.419,0.053,0.038,0.0862,"KDM8"
"SHF",4.72e-06,-0.116,0.215,0.242,0.0879,"SHF"
"SLC26A5",4.73e-06,0.363,0.072,0.055,0.0881,"SLC26A5"
"MTHFSD",4.74e-06,0.202,0.08,0.061,0.0883,"MTHFSD"
"SWT1",4.83e-06,0.189,0.445,0.404,0.0899,"SWT1"
"ST7L",4.84e-06,0.148,0.497,0.453,0.0901,"ST7L"
"GLS2",4.86e-06,0.476,0.039,0.026,0.0904,"GLS2"
"CCDC186",4.9e-06,0.117,0.344,0.3,0.0913,"CCDC186"
"CD109",4.93e-06,1.209,0.015,0.008,0.0917,"CD109"
"LIME1",4.96e-06,0.628,0.024,0.014,0.0924,"LIME1"
"MTERF3",5.09e-06,0.194,0.234,0.201,0.0947,"MTERF3"
"TUT1",5.09e-06,0.281,0.088,0.069,0.0947,"TUT1"
"TRPC3",5.09e-06,-0.89,0.029,0.042,0.0948,"TRPC3"
"USP50",5.1e-06,0.466,0.041,0.029,0.0948,"USP50"
"ZNF512",5.1e-06,0.16,0.421,0.379,0.0949,"ZNF512"
"PLA2G6",5.16e-06,0.213,0.118,0.095,0.096,"PLA2G6"
"NEU3",5.21e-06,0.328,0.146,0.122,0.0969,"NEU3"
"ARL13B",5.22e-06,0.11,0.579,0.531,0.0972,"ARL13B"
"GNPAT",5.29e-06,0.148,0.496,0.454,0.0985,"GNPAT"
"STOML1",5.35e-06,0.223,0.076,0.058,0.0995,"STOML1"
"FAM172A",5.39e-06,0.12,0.893,0.871,0.1,"FAM172A"
"PPP4R1",5.4e-06,0.19,0.704,0.676,0.1,"PPP4R1"
"BOK",5.53e-06,0.283,0.037,0.025,0.103,"BOK"
"ZNF749",5.56e-06,0.369,0.073,0.056,0.103,"ZNF749"
"PTPN1",5.56e-06,0.167,0.497,0.456,0.103,"PTPN1"
"C6orf58",5.59e-06,-0.194,0.042,0.057,0.104,"C6orf58"
"TMEM39A",5.6e-06,0.22,0.225,0.193,0.104,"TMEM39A"
"MYH9",5.72e-06,0.239,0.372,0.336,0.106,"MYH9"
"DCAF4",5.75e-06,0.17,0.076,0.058,0.107,"DCAF4"
"AP4E1",5.8e-06,0.187,0.299,0.264,0.108,"AP4E1"
"MIGA2",5.81e-06,0.246,0.096,0.076,0.108,"MIGA2"
"PRR14",5.86e-06,0.213,0.277,0.243,0.109,"PRR14"
"ABCC10",6.05e-06,0.157,0.153,0.126,0.113,"ABCC10"
"ALG11",6.13e-06,0.107,0.34,0.299,0.114,"ALG11"
"SF3A2",6.3e-06,-0.141,0.281,0.306,0.117,"SF3A2"
"RAB15",6.32e-06,0.316,0.112,0.09,0.118,"RAB15"
"ZNF45",6.38e-06,0.228,0.173,0.146,0.119,"ZNF45"
"NRXN2",6.41e-06,0.243,0.501,0.464,0.119,"NRXN2"
"ZNF836",6.41e-06,-0.174,0.145,0.168,0.119,"ZNF836"
"VAMP2",6.42e-06,0.15,0.812,0.787,0.119,"VAMP2"
"INPP4A",6.44e-06,0.159,0.537,0.5,0.12,"INPP4A"
"MMP17",6.45e-06,-0.477,0.01,0.018,0.12,"MMP17"
"RPP30",6.46e-06,0.186,0.408,0.371,0.12,"RPP30"
"RIT2",6.5e-06,1.55,0.011,0.005,0.121,"RIT2"
"FBXO43",6.55e-06,-0.806,0.013,0.022,0.122,"FBXO43"
"RAB25",6.58e-06,-0.352,0.01,0.018,0.122,"RAB25"
"ALKBH3",6.61e-06,0.173,0.126,0.103,0.123,"ALKBH3"
"MAP1LC3B2",6.66e-06,0.398,0.023,0.014,0.124,"MAP1LC3B2"
"NALF1",6.66e-06,-0.768,0.251,0.21,0.124,"NALF1"
"UBE2R2",6.89e-06,0.147,0.923,0.915,0.128,"UBE2R2"
"TIMM23",6.93e-06,0.139,0.392,0.351,0.129,"TIMM23"
"WNK1",6.93e-06,0.14,0.887,0.876,0.129,"WNK1"
"TNFAIP8L3",7.04e-06,0.605,0.015,0.008,0.131,"TNFAIP8L3"
"PCDHA11",7.04e-06,0.518,0.045,0.032,0.131,"PCDHA11"
"AK9",7.11e-06,-0.22,0.306,0.327,0.132,"AK9"
"UBE2L6",7.13e-06,0.192,0.39,0.354,0.133,"UBE2L6"
"TBCEL",7.13e-06,0.185,0.418,0.375,0.133,"TBCEL"
"GRIPAP1",7.16e-06,0.14,0.66,0.619,0.133,"GRIPAP1"
"ZNF600",7.2e-06,0.334,0.041,0.028,0.134,"ZNF600"
"ZNF266",7.4e-06,-0.159,0.18,0.204,0.138,"ZNF266"
"ARG2",7.44e-06,-0.2,0.176,0.198,0.138,"ARG2"
"TSACC",7.52e-06,1.001,0.013,0.007,0.14,"TSACC"
"E2F3",7.55e-06,-0.179,0.391,0.334,0.14,"E2F3"
"ZNF133",7.66e-06,0.152,0.345,0.304,0.143,"ZNF133"
"TNS2",7.67e-06,-0.431,0.051,0.066,0.143,"TNS2"
"MTUS2",7.76e-06,-0.151,0.012,0.021,0.144,"MTUS2"
"ZSCAN29",7.81e-06,0.239,0.154,0.128,0.145,"ZSCAN29"
"USP32",7.88e-06,0.163,0.764,0.735,0.147,"USP32"
"RNFT2",7.9e-06,-0.174,0.31,0.333,0.147,"RNFT2"
"TNFRSF13C",7.9e-06,-0.782,0.021,0.031,0.147,"TNFRSF13C"
"TMIGD2",7.93e-06,-0.765,0.007,0.014,0.148,"TMIGD2"
"PCDHB15",7.94e-06,0.398,0.118,0.097,0.148,"PCDHB15"
"AXIN1",8.16e-06,0.158,0.211,0.179,0.152,"AXIN1"
"GAS2",8.2e-06,0.159,0.052,0.037,0.153,"GAS2"
"GABRG3",8.27e-06,-1.569,0.026,0.038,0.154,"GABRG3"
"SPTLC3",8.31e-06,1.052,0.01,0.004,0.155,"SPTLC3"
"OSER1",8.31e-06,0.153,0.331,0.293,0.155,"OSER1"
"HNRNPAB",8.33e-06,0.167,0.774,0.766,0.155,"HNRNPAB"
"PSMA6",8.43e-06,0.175,0.166,0.139,0.157,"PSMA6"
"SMTNL1",8.48e-06,-0.343,0.014,0.023,0.158,"SMTNL1"
"RBM14",8.62e-06,0.192,0.306,0.27,0.16,"RBM14"
"SLC35E3",8.68e-06,-0.184,0.384,0.399,0.162,"SLC35E3"
"CNOT1",8.73e-06,0.169,0.631,0.596,0.162,"CNOT1"
"SLC9A4",8.74e-06,1.231,0.042,0.03,0.163,"SLC9A4"
"IKZF4",8.83e-06,0.138,0.258,0.224,0.164,"IKZF4"
"RND1",8.88e-06,0.184,0.057,0.042,0.165,"RND1"
"OSBPL11",8.88e-06,0.189,0.481,0.443,0.165,"OSBPL11"
"GRK6",8.93e-06,0.224,0.171,0.145,0.166,"GRK6"
"ADH4",8.93e-06,0.251,0.046,0.033,0.166,"ADH4"
"ENSG00000258465",8.95e-06,0.32,0.069,0.052,0.167,"ENSG00000258465"
"DNASE1",8.99e-06,0.136,0.323,0.282,0.167,"DNASE1"
"ZC3H10",9.02e-06,0.205,0.117,0.095,0.168,"ZC3H10"
"SPIN4",9.06e-06,-0.257,0.106,0.127,0.169,"SPIN4"
"PTGIS",9.07e-06,-0.751,0.023,0.033,0.169,"PTGIS"
"RCAN3",9.08e-06,-0.422,0.017,0.027,0.169,"RCAN3"
"SH2D4B",9.13e-06,-0.167,0.05,0.066,0.17,"SH2D4B"
"TBXAS1",9.21e-06,0.323,0.04,0.028,0.171,"TBXAS1"
"TBC1D19",9.22e-06,0.106,0.601,0.546,0.172,"TBC1D19"
"CABLES1",9.23e-06,0.283,0.085,0.067,0.172,"CABLES1"
"ARL10",9.32e-06,0.156,0.366,0.324,0.174,"ARL10"
"MYH3",9.4e-06,0.631,0.029,0.018,0.175,"MYH3"
"NPIPB13",9.5e-06,0.252,0.289,0.256,0.177,"NPIPB13"
"BEST1",9.54e-06,0.867,0.028,0.018,0.178,"BEST1"
"PAIP2",9.59e-06,0.101,0.866,0.862,0.179,"PAIP2"
"ZNF324",9.59e-06,0.196,0.107,0.086,0.179,"ZNF324"
"YWHAH",9.63e-06,0.182,0.737,0.725,0.179,"YWHAH"
"SCN3A",9.69e-06,-0.13,0.639,0.641,0.18,"SCN3A"
"MYH11",9.89e-06,-0.363,0.041,0.055,0.184,"MYH11"
"TLL2",9.91e-06,0.145,0.019,0.011,0.185,"TLL2"
"TRIM39",9.96e-06,0.568,0.045,0.032,0.185,"TRIM39"
"TNFRSF25",0.0000102,0.389,0.026,0.016,0.19,"TNFRSF25"
"C2CD6",0.0000102,0.831,0.016,0.009,0.19,"C2CD6"
"ARHGEF38",0.0000102,0.491,0.056,0.042,0.19,"ARHGEF38"
"ZNF12",0.0000103,0.13,0.308,0.27,0.191,"ZNF12"
"ZNF775",0.0000104,0.219,0.238,0.206,0.193,"ZNF775"
"ADAMTS13",0.0000105,0.22,0.036,0.024,0.196,"ADAMTS13"
"TEX15",0.0000106,0.288,0.03,0.02,0.198,"TEX15"
"AMPD3",0.0000107,-1.625,0.011,0.019,0.199,"AMPD3"
"C8orf88",0.0000108,0.258,0.172,0.146,0.201,"C8orf88"
"GPR61",0.0000108,1.029,0.01,0.004,0.201,"GPR61"
"BAHD1",0.0000108,0.218,0.167,0.14,0.201,"BAHD1"
"NALF2",0.0000108,-0.594,0.008,0.016,0.202,"NALF2"
"PAN2",0.0000109,0.194,0.102,0.082,0.202,"PAN2"
"PCIF1",0.0000109,0.249,0.21,0.182,0.203,"PCIF1"
"DNAH1",0.000011,0.207,0.04,0.028,0.205,"DNAH1"
"SMNDC1",0.0000111,0.194,0.507,0.47,0.206,"SMNDC1"
"GPR18",0.0000111,0.775,0.032,0.022,0.207,"GPR18"
"ZC3HAV1L",0.0000112,0.306,0.058,0.043,0.208,"ZC3HAV1L"
"RNF214",0.0000113,0.158,0.484,0.444,0.211,"RNF214"
"RNF4",0.0000114,0.172,0.438,0.396,0.212,"RNF4"
"METTL18",0.0000115,0.184,0.111,0.09,0.215,"METTL18"
"NUP205",0.0000115,-0.131,0.354,0.375,0.215,"NUP205"
"TSG101",0.0000116,0.157,0.723,0.695,0.215,"TSG101"
"MINDY3",0.0000116,0.141,0.497,0.451,0.216,"MINDY3"
"LY6G5C",0.0000118,0.563,0.037,0.026,0.219,"LY6G5C"
"MRGBP",0.0000119,0.186,0.267,0.234,0.222,"MRGBP"
"SUFU",0.0000119,0.218,0.368,0.331,0.222,"SUFU"
"COQ3",0.000012,0.183,0.188,0.16,0.224,"COQ3"
"KDM1B",0.0000121,0.131,0.322,0.283,0.224,"KDM1B"
"NOL9",0.0000121,0.151,0.364,0.326,0.226,"NOL9"
"SYNRG",0.0000122,0.183,0.668,0.633,0.227,"SYNRG"
"H3C11",0.0000125,-0.284,0.017,0.027,0.232,"H3C11"
"ANP32E",0.0000125,-0.153,0.629,0.545,0.232,"ANP32E"
"GASK1A",0.0000127,0.783,0.026,0.017,0.236,"GASK1A"
"STPG4",0.0000128,0.547,0.079,0.062,0.239,"STPG4"
"NFX1",0.0000128,0.101,0.459,0.415,0.239,"NFX1"
"FAM216A",0.0000129,0.248,0.209,0.179,0.24,"FAM216A"
"ZNF587",0.0000129,0.265,0.184,0.157,0.241,"ZNF587"
"SIRT4",0.000013,0.255,0.05,0.036,0.241,"SIRT4"
"ACD",0.0000132,0.202,0.175,0.148,0.245,"ACD"
"AFMID",0.0000133,0.305,0.104,0.084,0.247,"AFMID"
"CCDC117",0.0000133,0.231,0.221,0.191,0.247,"CCDC117"
"TRIP4",0.0000133,0.115,0.395,0.353,0.248,"TRIP4"
"NUS1",0.0000135,0.12,0.451,0.406,0.25,"NUS1"
"SCUBE1",0.0000135,0.642,0.012,0.006,0.252,"SCUBE1"
"H2BC21",0.0000136,-0.948,0.064,0.08,0.253,"H2BC21"
"PARP2",0.0000137,-0.111,0.289,0.315,0.256,"PARP2"
"CCDC82",0.0000138,0.197,0.71,0.693,0.256,"CCDC82"
"ENSG00000267740",0.0000139,-0.727,0.013,0.021,0.258,"ENSG00000267740"
"NECAB1",0.000014,-1.107,0.058,0.073,0.26,"NECAB1"
"ENSG00000280186",0.000014,0.266,0.021,0.013,0.26,"ENSG00000280186"
"FER1L5",0.0000142,0.336,0.014,0.007,0.263,"FER1L5"
"WDR53",0.0000142,0.225,0.108,0.087,0.264,"WDR53"
"CROCC",0.0000142,0.316,0.272,0.242,0.265,"CROCC"
"IPPK",0.0000143,0.192,0.217,0.186,0.265,"IPPK"
"KCNG2",0.0000143,-0.135,0.027,0.039,0.267,"KCNG2"
"RASSF1",0.0000144,-0.263,0.124,0.145,0.268,"RASSF1"
"HS3ST5",0.0000144,0.563,0.135,0.113,0.269,"HS3ST5"
"SETMAR",0.0000145,0.283,0.185,0.158,0.27,"SETMAR"
"MALT1",0.0000145,0.124,0.405,0.364,0.271,"MALT1"
"CLIC2",0.0000146,0.4,0.079,0.062,0.271,"CLIC2"
"NPIPB2",0.0000146,0.234,0.141,0.118,0.271,"NPIPB2"
"WIPF3",0.000015,-0.113,0.05,0.037,0.28,"WIPF3"
"USP27X",0.0000151,0.305,0.126,0.104,0.281,"USP27X"
"SLC15A4",0.0000151,0.11,0.218,0.186,0.282,"SLC15A4"
"TADA2A",0.0000153,0.18,0.348,0.311,0.284,"TADA2A"
"PTPRN",0.0000153,-0.377,0.021,0.032,0.285,"PTPRN"
"CNTN3",0.0000153,0.782,0.03,0.02,0.285,"CNTN3"
"CD160",0.0000157,0.55,0.042,0.03,0.292,"CD160"
"ENSG00000279865",0.0000157,0.485,0.02,0.012,0.292,"ENSG00000279865"
"TIGD3",0.0000158,-0.401,0.031,0.043,0.294,"TIGD3"
"IKZF5",0.0000158,0.265,0.219,0.19,0.295,"IKZF5"
"GPR12",0.0000161,-0.437,0.015,0.024,0.299,"GPR12"
"MTMR8",0.0000161,0.136,0.123,0.1,0.299,"MTMR8"
"PPP3R1",0.0000161,-0.102,0.682,0.695,0.3,"PPP3R1"
"TRMT9B",0.0000161,0.275,0.051,0.037,0.3,"TRMT9B"
"EMP2",0.0000163,0.27,0.206,0.18,0.303,"EMP2"
"GBA3",0.0000164,1.435,0.01,0.004,0.305,"GBA3"
"SHMT1",0.0000165,0.131,0.161,0.136,0.307,"SHMT1"
"ATG13",0.0000165,0.183,0.327,0.29,0.308,"ATG13"
"WNT9A",0.0000167,-1.188,0.011,0.018,0.31,"WNT9A"
"SAP30",0.0000169,-0.142,0.642,0.628,0.315,"SAP30"
"SNW1",0.000017,0.203,0.645,0.619,0.316,"SNW1"
"MORN3",0.000017,0.698,0.026,0.017,0.317,"MORN3"
"DUS1L",0.0000174,0.206,0.13,0.107,0.323,"DUS1L"
"EXT2",0.0000174,0.132,0.554,0.51,0.324,"EXT2"
"GPRASP1",0.0000175,0.327,0.08,0.063,0.325,"GPRASP1"
"BGLAP",0.0000176,0.344,0.049,0.036,0.327,"BGLAP"
"ADCK5",0.0000176,0.286,0.071,0.055,0.328,"ADCK5"
"CEP83",0.0000177,-0.342,0.499,0.487,0.329,"CEP83"
"CSF1R",0.000018,1.053,0.011,0.005,0.335,"CSF1R"
"SYNPO2L",0.0000182,0.705,0.017,0.01,0.339,"SYNPO2L"
"C2orf42",0.0000184,0.221,0.242,0.212,0.343,"C2orf42"
"CORIN",0.0000185,0.539,0.018,0.011,0.345,"CORIN"
"ZBTB21",0.0000187,0.191,0.201,0.173,0.348,"ZBTB21"
"ZBTB8B",0.0000188,-0.451,0.079,0.096,0.349,"ZBTB8B"
"DYNLT2B",0.0000188,0.135,0.65,0.632,0.349,"DYNLT2B"
"PPFIBP2",0.0000188,0.602,0.018,0.011,0.35,"PPFIBP2"
"HSF4",0.0000189,-0.785,0.011,0.019,0.352,"HSF4"
"C16orf72",0.0000192,0.166,0.59,0.563,0.358,"C16orf72"
"GRK4",0.0000194,0.15,0.432,0.393,0.361,"GRK4"
"REEP4",0.0000194,0.42,0.069,0.053,0.362,"REEP4"
"AKNAD1",0.0000196,-0.102,0.095,0.115,0.366,"AKNAD1"
"IL17RE",0.0000197,0.936,0.012,0.006,0.366,"IL17RE"
"MRAP2",0.0000199,0.579,0.014,0.008,0.37,"MRAP2"
"ZNF341",0.0000199,0.268,0.069,0.053,0.371,"ZNF341"
"ADAP2",0.0000201,0.305,0.04,0.028,0.374,"ADAP2"
"PCOLCE",0.0000201,0.171,0.07,0.054,0.375,"PCOLCE"
"ZNF583",0.0000205,-0.125,0.387,0.406,0.381,"ZNF583"
"ZNF582",0.0000205,0.243,0.086,0.069,0.382,"ZNF582"
"LMOD1",0.0000206,0.943,0.017,0.01,0.384,"LMOD1"
"CD247",0.0000208,-0.611,0.02,0.03,0.387,"CD247"
"LOXHD1",0.0000211,-0.572,0.005,0.011,0.393,"LOXHD1"
"ARHGAP15",0.0000212,-1.364,0.005,0.01,0.394,"ARHGAP15"
"CTR9",0.0000215,0.122,0.5,0.46,0.399,"CTR9"
"CEP164",0.0000216,0.159,0.433,0.39,0.401,"CEP164"
"RANBP6",0.0000216,0.157,0.323,0.286,0.402,"RANBP6"
"SNX11",0.0000218,0.291,0.119,0.098,0.406,"SNX11"
"SCART1",0.000022,0.221,0.05,0.037,0.41,"SCART1"
"BTBD6",0.0000222,0.149,0.177,0.15,0.414,"BTBD6"
"AAAS",0.0000223,0.202,0.252,0.219,0.415,"AAAS"
"ARSF",0.0000224,-1.181,0.005,0.011,0.417,"ARSF"
"PROX1",0.0000231,0.133,0.443,0.485,0.43,"PROX1"
"AGMAT",0.0000232,0.852,0.025,0.016,0.432,"AGMAT"
"GDAP2",0.0000233,0.148,0.391,0.353,0.434,"GDAP2"
"SAMD10",0.0000239,0.186,0.067,0.051,0.445,"SAMD10"
"CDK12",0.0000241,0.197,0.562,0.532,0.448,"CDK12"
"APBB1",0.0000242,0.153,0.348,0.309,0.451,"APBB1"
"PAIP2B",0.0000247,-0.341,0.049,0.064,0.46,"PAIP2B"
"KRIT1",0.0000248,0.107,0.643,0.609,0.462,"KRIT1"
"UBQLN2",0.0000249,0.184,0.338,0.299,0.464,"UBQLN2"
"TBX19",0.000025,0.478,0.033,0.023,0.466,"TBX19"
"ZNF784",0.0000254,0.321,0.046,0.033,0.472,"ZNF784"
"SLC44A2",0.0000255,0.223,0.277,0.245,0.474,"SLC44A2"
"ATG4B",0.0000259,0.116,0.39,0.351,0.482,"ATG4B"
"FGD4",0.0000259,0.41,0.648,0.626,0.482,"FGD4"
"XRCC1",0.000026,0.162,0.265,0.233,0.484,"XRCC1"
"FKBP5",0.0000264,-0.588,0.053,0.068,0.491,"FKBP5"
"MORN1",0.0000264,0.181,0.162,0.138,0.492,"MORN1"
"DSCAM",0.0000266,0.162,0.132,0.154,0.496,"DSCAM"
"ARL9",0.0000268,0.69,0.027,0.018,0.499,"ARL9"
"FHIP1B",0.0000269,0.162,0.179,0.153,0.5,"FHIP1B"
"NRDC",0.0000271,0.11,0.741,0.714,0.505,"NRDC"
"ARHGAP23",0.0000272,0.217,0.222,0.192,0.507,"ARHGAP23"
"RRN3",0.0000275,0.146,0.301,0.265,0.512,"RRN3"
"NXT1",0.0000275,0.192,0.342,0.307,0.512,"NXT1"
"ZNF229",0.0000276,0.28,0.073,0.057,0.513,"ZNF229"
"HHIP",0.0000276,-0.378,0.106,0.125,0.514,"HHIP"
"FMR1",0.0000277,0.204,0.54,0.504,0.515,"FMR1"
"CAPN7",0.0000277,0.144,0.617,0.579,0.515,"CAPN7"
"FAM183A",0.0000277,0.715,0.01,0.005,0.516,"FAM183A"
"CTDP1",0.0000281,0.244,0.152,0.128,0.523,"CTDP1"
"GRIA2",0.0000281,-0.729,0.185,0.202,0.523,"GRIA2"
"EBF3",0.0000282,1.397,0.015,0.008,0.525,"EBF3"
"CEACAM1",0.0000283,0.297,0.052,0.039,0.528,"CEACAM1"
"ATP2A1",0.0000286,0.645,0.034,0.024,0.532,"ATP2A1"
"SLC25A40",0.0000286,-0.22,0.245,0.266,0.532,"SLC25A40"
"MAT2B",0.0000287,0.124,0.364,0.323,0.535,"MAT2B"
"ZNF239",0.0000288,0.188,0.09,0.072,0.536,"ZNF239"
"LYSMD4",0.0000291,0.353,0.112,0.092,0.541,"LYSMD4"
"ENSG00000279033",0.0000292,0.584,0.028,0.019,0.543,"ENSG00000279033"
"KLF8",0.0000296,0.23,0.08,0.063,0.55,"KLF8"
"FHOD1",0.0000302,0.379,0.041,0.029,0.562,"FHOD1"
"SLC1A5",0.0000304,0.393,0.08,0.063,0.567,"SLC1A5"
"KLHL1",0.0000305,-1.431,0.006,0.012,0.567,"KLHL1"
"NEURL4",0.0000307,0.217,0.108,0.088,0.571,"NEURL4"
"RAP1GAP",0.0000309,0.391,0.066,0.051,0.575,"RAP1GAP"
"HELT",0.0000313,-0.124,0.007,0.013,0.582,"HELT"
"SLC12A5",0.0000313,-0.292,0.08,0.097,0.583,"SLC12A5"
"UBE2E2",0.0000314,-0.12,0.287,0.25,0.584,"UBE2E2"
"KCNE1",0.0000315,0.447,0.037,0.026,0.587,"KCNE1"
"BVES",0.0000319,0.347,0.055,0.042,0.593,"BVES"
"ENSG00000278985",0.000032,-0.82,0.012,0.02,0.596,"ENSG00000278985"
"DHX38",0.0000328,0.166,0.357,0.32,0.611,"DHX38"
"HAUS7",0.0000331,0.278,0.07,0.055,0.617,"HAUS7"
"FOXJ2",0.0000332,0.253,0.17,0.145,0.618,"FOXJ2"
"ADAM28",0.0000333,-1.045,0.004,0.01,0.619,"ADAM28"
"RASIP1",0.0000333,-0.696,0.011,0.019,0.62,"RASIP1"
"ADAMTSL3",0.0000333,-1.199,0.006,0.012,0.62,"ADAMTSL3"
"ENSG00000279019",0.0000335,0.442,0.057,0.043,0.624,"ENSG00000279019"
"ENSG00000279759",0.0000336,0.749,0.018,0.011,0.625,"ENSG00000279759"
"CDH13",0.0000341,0.444,0.044,0.032,0.634,"CDH13"
"AAR2",0.0000344,0.166,0.2,0.171,0.641,"AAR2"
"ICA1L",0.0000344,0.133,0.593,0.549,0.641,"ICA1L"
"GLI1",0.0000345,1.007,0.013,0.007,0.643,"GLI1"
"ZNF567",0.0000348,0.131,0.246,0.214,0.648,"ZNF567"
"INPP5B",0.0000349,0.123,0.244,0.212,0.65,"INPP5B"
"BUB3",0.0000351,-0.277,0.524,0.522,0.653,"BUB3"
"STAP2",0.0000353,0.428,0.056,0.042,0.657,"STAP2"
"CDKN2AIP",0.0000355,-0.158,0.29,0.311,0.66,"CDKN2AIP"
"MAPK11",0.0000364,0.14,0.065,0.05,0.677,"MAPK11"
"NEK5",0.0000364,0.345,0.107,0.087,0.678,"NEK5"
"ENSG00000279108",0.0000367,0.552,0.015,0.008,0.683,"ENSG00000279108"
"HNRNPDL",0.0000367,0.131,0.972,0.974,0.683,"HNRNPDL"
"TRIT1",0.0000367,0.232,0.436,0.401,0.684,"TRIT1"
"PALMD",0.0000374,-0.622,0.039,0.052,0.696,"PALMD"
"POMK",0.0000378,0.247,0.396,0.365,0.703,"POMK"
"HS6ST3",0.0000381,1.255,0.032,0.022,0.71,"HS6ST3"
"TMCC2",0.0000384,-0.137,0.122,0.142,0.715,"TMCC2"
"ENSG00000258790",0.0000386,0.873,0.01,0.005,0.719,"ENSG00000258790"
"SLC7A7",0.0000391,0.664,0.026,0.017,0.728,"SLC7A7"
"GPATCH3",0.0000396,0.187,0.082,0.065,0.737,"GPATCH3"
"MEF2C",0.0000396,-0.114,0.572,0.521,0.737,"MEF2C"
"ATL2",0.0000397,-0.104,0.444,0.456,0.738,"ATL2"
"NT5M",0.0000399,-0.184,0.157,0.177,0.743,"NT5M"
"PLEKHG4B",0.0000404,-0.181,0.115,0.134,0.752,"PLEKHG4B"
"NPM2",0.0000406,-0.397,0.019,0.028,0.756,"NPM2"
"PCDHA5",0.0000409,-0.15,0.053,0.067,0.761,"PCDHA5"
"ENSG00000279809",0.0000413,0.665,0.018,0.011,0.768,"ENSG00000279809"
"ZBTB22",0.0000414,0.185,0.193,0.166,0.77,"ZBTB22"
"MKRN2OS",0.0000415,0.195,0.126,0.104,0.773,"MKRN2OS"
"CADPS",0.0000422,0.541,0.374,0.348,0.786,"CADPS"
"RAB11FIP1",0.0000423,0.255,0.045,0.033,0.787,"RAB11FIP1"
"YIPF2",0.0000427,0.218,0.164,0.139,0.795,"YIPF2"
"CRLF1",0.0000428,0.341,0.029,0.02,0.796,"CRLF1"
"VPS26C",0.0000429,0.123,0.428,0.387,0.799,"VPS26C"
"CGNL1",0.0000429,0.684,0.011,0.005,0.799,"CGNL1"
"CD302",0.0000435,0.594,0.026,0.017,0.81,"CD302"
"ENSG00000279641",0.0000437,1.239,0.012,0.006,0.814,"ENSG00000279641"
"FIZ1",0.0000439,0.302,0.111,0.092,0.817,"FIZ1"
"PKP4",0.0000441,-0.389,0.385,0.385,0.821,"PKP4"
"PLEKHG7",0.0000442,-0.667,0.015,0.023,0.822,"PLEKHG7"
"FAM177B",0.0000443,0.89,0.013,0.007,0.824,"FAM177B"
"NECAB2",0.0000443,0.223,0.031,0.021,0.824,"NECAB2"
"TRAK2",0.0000444,0.133,0.355,0.319,0.826,"TRAK2"
"NFKBIA",0.0000446,0.18,0.292,0.261,0.83,"NFKBIA"
"SLC14A2",0.0000446,0.195,0.074,0.058,0.831,"SLC14A2"
"MMD",0.0000449,0.316,0.314,0.286,0.836,"MMD"
"GIT1",0.000045,0.165,0.22,0.191,0.838,"GIT1"
"RARB",0.0000451,-0.998,0.036,0.049,0.839,"RARB"
"ANAPC1",0.0000451,0.144,0.375,0.337,0.839,"ANAPC1"
"TRIM71",0.0000456,-0.688,0.014,0.022,0.848,"TRIM71"
"RPUSD4",0.0000456,0.137,0.17,0.144,0.848,"RPUSD4"
"GPR19",0.0000459,0.284,0.153,0.131,0.854,"GPR19"
"ZBTB26",0.0000468,0.229,0.179,0.154,0.87,"ZBTB26"
"ATRX",0.000047,0.108,0.983,0.984,0.875,"ATRX"
"RBP5",0.0000475,0.813,0.01,0.005,0.883,"RBP5"
"CHMP7",0.0000477,0.222,0.263,0.233,0.887,"CHMP7"
"SPDYE10",0.000049,0.311,0.097,0.079,0.913,"SPDYE10"
"LRCH2",0.0000494,0.152,0.68,0.705,0.919,"LRCH2"
"ZNF473",5e-05,0.115,0.098,0.079,0.931,"ZNF473"
"APBA2",0.0000505,0.197,0.653,0.631,0.94,"APBA2"
"DYNC1I2",0.0000507,0.139,0.952,0.949,0.943,"DYNC1I2"
"PCK2",0.0000513,0.427,0.035,0.025,0.955,"PCK2"
"CABYR",0.0000516,0.357,0.059,0.045,0.96,"CABYR"
"SHLD3",0.0000521,0.393,0.095,0.077,0.969,"SHLD3"
"CMC2",0.0000525,-0.229,0.536,0.525,0.977,"CMC2"
"AJM1",0.0000529,0.164,0.03,0.02,0.984,"AJM1"
"WDR90",0.0000529,0.377,0.066,0.051,0.985,"WDR90"
"EMC9",0.0000535,0.153,0.211,0.183,0.995,"EMC9"
"RAPGEF2",0.0000538,-0.138,0.766,0.77,1,"RAPGEF2"
"ZNF160",0.0000538,0.141,0.344,0.307,1,"ZNF160"
"LRP5",0.0000539,0.186,0.358,0.324,1,"LRP5"
"CDC25B",0.000054,0.125,0.251,0.221,1,"CDC25B"
"NBPF9",0.0000545,0.212,0.24,0.212,1,"NBPF9"
"MTHFR",0.0000547,0.194,0.199,0.171,1,"MTHFR"
"YY2",0.000055,0.585,0.024,0.015,1,"YY2"
"EPHA7",0.000055,0.686,0.134,0.117,1,"EPHA7"
"CDH24",0.0000552,-0.252,0.08,0.097,1,"CDH24"
"TAS2R1",0.0000555,-0.284,0.006,0.012,1,"TAS2R1"
"LAMA2",0.0000557,0.961,0.015,0.008,1,"LAMA2"
"FAM90A1",0.0000561,0.798,0.021,0.013,1,"FAM90A1"
"CBR3",0.0000568,0.289,0.104,0.086,1,"CBR3"
"TSC1",0.0000568,0.178,0.352,0.315,1,"TSC1"
"WASH6P",0.0000569,0.137,0.13,0.108,1,"WASH6P"
"CALML4",0.0000575,-0.193,0.064,0.08,1,"CALML4"
"BDH1",0.0000576,0.212,0.067,0.052,1,"BDH1"
"PAFAH1B1",0.000058,0.113,0.935,0.942,1,"PAFAH1B1"
"PPME1",0.0000581,0.131,0.634,0.606,1,"PPME1"
"TIFA",0.0000596,-0.476,0.026,0.036,1,"TIFA"
"TMEM191C",0.0000596,0.248,0.021,0.013,1,"TMEM191C"
"FRAS1",0.0000597,0.255,0.079,0.063,1,"FRAS1"
"NFYC",0.0000603,0.177,0.502,0.466,1,"NFYC"
"CCDC66",0.0000607,0.131,0.704,0.664,1,"CCDC66"
"RPP21",0.0000609,0.175,0.129,0.107,1,"RPP21"
"ECSIT",0.0000612,0.182,0.283,0.252,1,"ECSIT"
"EYS",0.0000613,-1.013,0.151,0.126,1,"EYS"
"ZNF154",0.0000616,0.23,0.184,0.159,1,"ZNF154"
"HAVCR2",0.0000617,-0.258,0.109,0.127,1,"HAVCR2"
"CD37",0.0000621,0.334,0.038,0.027,1,"CD37"
"F10",0.0000622,0.826,0.014,0.008,1,"F10"
"MMP24",0.0000624,-0.112,0.2,0.222,1,"MMP24"
"KHDC4",0.000064,0.185,0.351,0.317,1,"KHDC4"
"ZNF503",0.0000641,-2.713,0.014,0.022,1,"ZNF503"
"PGLYRP1",0.0000644,0.525,0.016,0.009,1,"PGLYRP1"
"PDHX",0.0000645,0.114,0.522,0.477,1,"PDHX"
"ZNF408",0.0000646,0.327,0.056,0.043,1,"ZNF408"
"RAB3GAP1",0.0000654,0.118,0.698,0.669,1,"RAB3GAP1"
"ABHD5",0.0000657,0.14,0.292,0.257,1,"ABHD5"
"HIF3A",0.0000663,-0.151,0.082,0.1,1,"HIF3A"
"JAK2",0.0000668,0.173,0.49,0.456,1,"JAK2"
"CNTN6",0.0000668,-0.299,0.019,0.012,1,"CNTN6"
"CKMT1B",0.0000673,-0.538,0.007,0.013,1,"CKMT1B"
"ZNF707",0.0000676,0.359,0.068,0.053,1,"ZNF707"
"DUSP12",0.0000679,0.242,0.333,0.299,1,"DUSP12"
"SPDYE6",0.0000687,0.618,0.015,0.009,1,"SPDYE6"
"H3C6",0.0000689,-0.372,0.066,0.081,1,"H3C6"
"MYOCOS",0.0000695,-0.295,0.023,0.033,1,"MYOCOS"
"POC1B",0.0000706,0.103,0.329,0.294,1,"POC1B"
"CHODL",0.0000711,0.41,0.024,0.015,1,"CHODL"
"L3MBTL4",0.0000717,0.897,0.359,0.348,1,"L3MBTL4"
"NCK2",0.0000719,0.12,0.621,0.652,1,"NCK2"
"WASHC1",0.0000719,0.167,0.108,0.089,1,"WASHC1"
"CTPS1",0.0000721,-0.224,0.263,0.282,1,"CTPS1"
"DIRAS1",0.0000723,-0.11,0.086,0.104,1,"DIRAS1"
"ZSWIM3",0.0000726,0.117,0.098,0.08,1,"ZSWIM3"
"C19orf44",0.0000738,0.174,0.083,0.066,1,"C19orf44"
"CHSY1",0.0000741,0.203,0.376,0.342,1,"CHSY1"
"BACH2",0.0000762,-0.133,0.637,0.636,1,"BACH2"
"ZNF7",0.0000765,0.144,0.218,0.188,1,"ZNF7"
"CCDC154",0.0000768,0.581,0.013,0.007,1,"CCDC154"
"ENSG00000279077",0.0000769,0.438,0.027,0.018,1,"ENSG00000279077"
"C9orf43",0.0000769,0.598,0.02,0.013,1,"C9orf43"
"ZNF215",0.0000774,0.274,0.014,0.008,1,"ZNF215"
"ZNF395",0.000078,-0.313,0.108,0.126,1,"ZNF395"
"NCOA1",0.000078,0.113,0.956,0.958,1,"NCOA1"
"ACAD9",0.0000785,0.118,0.355,0.319,1,"ACAD9"
"ST3GAL3",0.0000786,-0.209,0.536,0.532,1,"ST3GAL3"
"ABCA5",0.0000793,0.244,0.067,0.053,1,"ABCA5"
"INSL6",0.0000795,0.343,0.085,0.069,1,"INSL6"
"ENSG00000280407",0.0000795,1.166,0.012,0.007,1,"ENSG00000280407"
"DARS2",0.0000798,0.265,0.187,0.162,1,"DARS2"
"SYN2",0.0000805,-2.598,0.012,0.019,1,"SYN2"
"LRP11",0.0000816,-0.133,0.333,0.352,1,"LRP11"
"SLC23A2",0.0000817,0.177,0.53,0.488,1,"SLC23A2"
"ZNF155",0.0000824,0.131,0.424,0.383,1,"ZNF155"
"TLCD4-RWDD3",0.0000826,0.406,0.017,0.01,1,"TLCD4-RWDD3"
"SLX4",0.0000831,-0.276,0.12,0.138,1,"SLX4"
"GPSM2",0.0000834,-0.217,0.588,0.579,1,"GPSM2"
"NOXRED1",0.0000841,0.306,0.069,0.054,1,"NOXRED1"
"ZC3H4",0.0000849,0.202,0.362,0.328,1,"ZC3H4"
"RAB23",0.0000851,0.163,0.21,0.183,1,"RAB23"
"MED6",0.0000857,0.15,0.478,0.44,1,"MED6"
"SETD6",0.0000874,0.207,0.23,0.202,1,"SETD6"
"UNC5C",0.0000881,-1.357,0.028,0.019,1,"UNC5C"
"RCCD1",0.0000884,0.204,0.118,0.098,1,"RCCD1"
"C1QTNF9",0.0000889,0.77,0.01,0.005,1,"C1QTNF9"
"RAPGEF1",0.0000889,0.108,0.513,0.469,1,"RAPGEF1"
"EHHADH",0.0000898,0.113,0.025,0.016,1,"EHHADH"
"KCNQ1",9e-05,-0.138,0.067,0.083,1,"KCNQ1"
"ZNF496",9e-05,0.147,0.298,0.266,1,"ZNF496"
"IFT52",9e-05,0.16,0.5,0.461,1,"IFT52"
"ERRFI1",0.0000914,0.264,0.153,0.131,1,"ERRFI1"
"NPTX2",0.0000917,0.606,0.032,0.022,1,"NPTX2"
"ZNF442",0.000092,0.42,0.055,0.042,1,"ZNF442"
"SWSAP1",0.0000921,0.354,0.041,0.03,1,"SWSAP1"
"NLRP1",0.0000925,0.377,0.01,0.005,1,"NLRP1"
"STX1A",0.0000931,-0.532,0.045,0.058,1,"STX1A"
"SCN2A",0.0000934,-0.748,0.126,0.101,1,"SCN2A"
"MAGEL2",0.0000936,0.522,0.055,0.042,1,"MAGEL2"
"PNMA6A",0.0000936,0.429,0.044,0.032,1,"PNMA6A"
"LRCH4",0.0000954,0.32,0.072,0.057,1,"LRCH4"
"SLC25A16",0.0000954,0.171,0.454,0.413,1,"SLC25A16"
"AMPH",0.0000955,0.158,0.197,0.171,1,"AMPH"
"GAK",0.000097,0.186,0.31,0.278,1,"GAK"
"SCN1B",0.0000976,0.252,0.027,0.018,1,"SCN1B"
"RALGAPB",0.0000985,0.12,0.547,0.505,1,"RALGAPB"
"ZSCAN22",0.0000986,0.54,0.037,0.027,1,"ZSCAN22"
"MEPCE",0.0000987,0.531,0.02,0.012,1,"MEPCE"
"UBIAD1",0.0000996,0.175,0.225,0.196,1,"UBIAD1"
"ENSG00000279119",0.0001,0.967,0.01,0.005,1,"ENSG00000279119"
"FAM222A",0.000101,-0.291,0.114,0.132,1,"FAM222A"
"SLC19A1",0.000101,0.142,0.083,0.067,1,"SLC19A1"
"TRIOBP",0.000101,0.127,0.439,0.4,1,"TRIOBP"
"ADCY1",0.000102,-0.336,0.152,0.17,1,"ADCY1"
"ZNF222",0.000102,0.29,0.104,0.086,1,"ZNF222"
"PTOV1",0.000103,0.175,0.68,0.654,1,"PTOV1"
"PRKAB1",0.000104,0.268,0.138,0.117,1,"PRKAB1"
"ABCB4",0.000104,0.622,0.016,0.01,1,"ABCB4"
"INTS6L",0.000104,-0.103,0.212,0.233,1,"INTS6L"
"IFT88",0.000104,0.111,0.569,0.529,1,"IFT88"
"ZNF30",0.000104,0.16,0.118,0.098,1,"ZNF30"
"RNF125",0.000105,0.844,0.012,0.007,1,"RNF125"
"KLF2",0.000105,0.462,0.023,0.015,1,"KLF2"
"SSC5D",0.000105,0.407,0.017,0.01,1,"SSC5D"
"PODXL2",0.000106,-0.105,0.411,0.428,1,"PODXL2"
"FBLL1",0.000106,-0.242,0.053,0.067,1,"FBLL1"
"TRIM28",0.000107,0.146,0.589,0.558,1,"TRIM28"
"UCHL1",0.000107,-0.162,0.67,0.686,1,"UCHL1"
"FEM1B",0.000107,0.191,0.451,0.417,1,"FEM1B"
"PEG3",0.000108,0.124,0.097,0.115,1,"PEG3"
"CPOX",0.000108,0.188,0.134,0.113,1,"CPOX"
"ZNF813",0.000109,0.334,0.097,0.08,1,"ZNF813"
"CGGBP1",0.000109,0.104,0.795,0.777,1,"CGGBP1"
"ARMC5",0.000111,0.276,0.072,0.057,1,"ARMC5"
"KCNK12",0.000112,-0.174,0.057,0.071,1,"KCNK12"
"G0S2",0.000112,0.692,0.065,0.051,1,"G0S2"
"CREB3L1",0.000112,0.75,0.014,0.008,1,"CREB3L1"
"RDH13",0.000113,0.203,0.098,0.08,1,"RDH13"
"TBC1D9",0.000113,-0.134,0.359,0.374,1,"TBC1D9"
"HROB",0.000113,-0.401,0.044,0.056,1,"HROB"
"KBTBD7",0.000114,0.283,0.241,0.215,1,"KBTBD7"
"ZNF830",0.000114,0.118,0.315,0.28,1,"ZNF830"
"SEPTIN3",0.000114,0.173,0.606,0.578,1,"SEPTIN3"
"ENSG00000280088",0.000114,0.105,0.075,0.059,1,"ENSG00000280088"
"AUNIP",0.000115,-0.592,0.041,0.053,1,"AUNIP"
"ARMC1",0.000115,0.123,0.628,0.595,1,"ARMC1"
"CBLL1",0.000115,0.117,0.307,0.274,1,"CBLL1"
"AQP7B",0.000116,0.638,0.015,0.009,1,"AQP7B"
"ZKSCAN8",0.000118,0.202,0.33,0.299,1,"ZKSCAN8"
"TYW1B",0.000118,0.107,0.378,0.341,1,"TYW1B"
"SLC5A4",0.000119,-0.359,0.041,0.053,1,"SLC5A4"
"NDRG1",0.000119,-0.491,0.017,0.026,1,"NDRG1"
"ZBTB41",0.000119,0.176,0.355,0.321,1,"ZBTB41"
"CRY2",0.00012,0.196,0.161,0.138,1,"CRY2"
"PLAGL2",0.00012,0.178,0.178,0.154,1,"PLAGL2"
"ENSG00000280332",0.000122,0.335,0.039,0.028,1,"ENSG00000280332"
"CCDC148",0.000122,-0.2,0.11,0.091,1,"CCDC148"
"ADPGK",0.000125,0.177,0.284,0.253,1,"ADPGK"
"SGPP1",0.000125,0.103,0.267,0.235,1,"SGPP1"
"TMPRSS9",0.000125,0.399,0.063,0.049,1,"TMPRSS9"
"ZNF564",0.000126,0.151,0.16,0.137,1,"ZNF564"
"FAM72A",0.000126,-0.607,0.017,0.025,1,"FAM72A"
"PPP3CA",0.000127,-0.13,0.867,0.868,1,"PPP3CA"
"AGAP3",0.000129,-0.154,0.309,0.329,1,"AGAP3"
"SLC13A4",0.00013,0.286,0.097,0.08,1,"SLC13A4"
"SH3BP5L",0.00013,0.204,0.099,0.081,1,"SH3BP5L"
"DSG2",0.000131,0.405,0.021,0.014,1,"DSG2"
"PSIP1",0.000133,0.111,0.921,0.923,1,"PSIP1"
"HCN2",0.000133,-0.246,0.024,0.033,1,"HCN2"
"ENSG00000267645",0.000133,0.237,0.079,0.064,1,"ENSG00000267645"
"PDPK1",0.000133,0.161,0.415,0.38,1,"PDPK1"
"TOP3B",0.000134,0.257,0.166,0.143,1,"TOP3B"
"WNT2B",0.000134,-0.161,0.272,0.29,1,"WNT2B"
"LXN",0.000136,0.326,0.046,0.035,1,"LXN"
"ZNF705A",0.00014,0.238,0.035,0.025,1,"ZNF705A"
"PPP1R13B",0.000141,-0.276,0.234,0.25,1,"PPP1R13B"
"ENSG00000290183",0.000142,0.763,0.017,0.01,1,"ENSG00000290183"
"ABCB1",0.000142,-0.581,0.018,0.026,1,"ABCB1"
"GTF3C5",0.000144,0.157,0.214,0.188,1,"GTF3C5"
"ANKRD31",0.000145,0.188,0.027,0.018,1,"ANKRD31"
"FBXL8",0.000146,0.177,0.019,0.012,1,"FBXL8"
"ENSG00000279591",0.000146,-1.482,0.007,0.012,1,"ENSG00000279591"
"DIP2B",0.000147,0.225,0.872,0.86,1,"DIP2B"
"ZNF852",0.000148,0.219,0.18,0.156,1,"ZNF852"
"PPP2R2C",0.000149,0.44,0.057,0.044,1,"PPP2R2C"
"CDKL1",0.000149,-0.156,0.4,0.412,1,"CDKL1"
"ZNF416",0.000152,0.208,0.06,0.047,1,"ZNF416"
"USP35",0.000152,0.343,0.044,0.033,1,"USP35"
"UPP2",0.000153,-0.608,0.088,0.102,1,"UPP2"
"TEX10",0.000153,0.157,0.378,0.344,1,"TEX10"
"SLC45A4",0.000153,0.177,0.089,0.073,1,"SLC45A4"
"RNF26",0.000154,0.317,0.088,0.072,1,"RNF26"
"FBL",0.000155,-0.112,0.523,0.533,1,"FBL"
"TNPO3",0.000156,0.144,0.722,0.703,1,"TNPO3"
"ABHD1",0.000157,0.599,0.016,0.009,1,"ABHD1"
"MCM5",0.000157,0.263,0.135,0.116,1,"MCM5"
"TNNI3K",0.000157,0.333,0.016,0.01,1,"TNNI3K"
"ANKRD13C",0.000157,0.106,0.645,0.605,1,"ANKRD13C"
"BTN2A1",0.000157,0.177,0.287,0.255,1,"BTN2A1"
"SYNCRIP",0.000159,0.161,0.536,0.511,1,"SYNCRIP"
"TMEM237",0.00016,0.185,0.367,0.337,1,"TMEM237"
"SMARCAD1",0.00016,0.137,0.766,0.749,1,"SMARCAD1"
"AP1AR",0.000161,0.192,0.321,0.29,1,"AP1AR"
"EXOC8",0.000161,0.264,0.099,0.082,1,"EXOC8"
"MT-TK",0.000162,0.517,0.025,0.017,1,"MT-TK"
"ING3",0.000164,0.11,0.404,0.365,1,"ING3"
"NEK10",0.000168,0.198,0.162,0.14,1,"NEK10"
"PRUNE1",0.000169,0.261,0.143,0.122,1,"PRUNE1"
"NUDT19",0.000169,0.227,0.142,0.121,1,"NUDT19"
"FAM228A",0.000169,-0.391,0.037,0.048,1,"FAM228A"
"DNAAF8",0.000173,0.497,0.04,0.03,1,"DNAAF8"
"SCN5A",0.000179,-0.874,0.012,0.019,1,"SCN5A"
"MUC6",0.000179,-0.613,0.016,0.024,1,"MUC6"
"GRIP2",0.00018,0.595,0.308,0.296,1,"GRIP2"
"TECTA",0.00018,0.289,0.074,0.059,1,"TECTA"
"DOC2A",0.000181,0.733,0.017,0.011,1,"DOC2A"
"ZBTB40",0.000182,0.15,0.229,0.202,1,"ZBTB40"
"ZSCAN20",0.000182,0.298,0.066,0.052,1,"ZSCAN20"
"ENSG00000288894",0.000182,-0.235,0.04,0.052,1,"ENSG00000288894"
"CISH",0.000182,0.565,0.01,0.005,1,"CISH"
"TFPI2",0.000183,1.659,0.017,0.01,1,"TFPI2"
"RAD54L2",0.000187,0.164,0.615,0.587,1,"RAD54L2"
"ARHGAP6",0.000187,0.633,0.019,0.012,1,"ARHGAP6"
"PPOX",0.00019,0.218,0.128,0.109,1,"PPOX"
"TMEM178B",0.000191,0.221,0.948,0.941,1,"TMEM178B"
"ZNF202",0.000191,0.124,0.079,0.064,1,"ZNF202"
"ENSG00000279481",0.000192,0.358,0.033,0.024,1,"ENSG00000279481"
"PKP2",0.000192,-0.693,0.012,0.019,1,"PKP2"
"PDE1C",0.000194,0.32,0.179,0.156,1,"PDE1C"
"NLRC3",0.000196,0.549,0.028,0.019,1,"NLRC3"
"SLC30A4",0.000196,0.154,0.104,0.086,1,"SLC30A4"
"ZNF35",0.000198,0.208,0.258,0.231,1,"ZNF35"
"OPN3",0.000199,0.34,0.085,0.069,1,"OPN3"
"ESS2",0.0002,0.105,0.129,0.108,1,"ESS2"
"CD226",0.000201,0.528,0.032,0.023,1,"CD226"
"S1PR2",0.000202,0.297,0.017,0.01,1,"S1PR2"
"FANCG",0.000203,-0.145,0.132,0.151,1,"FANCG"
"PLPP5",0.000205,0.12,0.333,0.299,1,"PLPP5"
"THAP1",0.000207,0.165,0.232,0.204,1,"THAP1"
"LSR",0.000207,0.3,0.037,0.027,1,"LSR"
"C3orf70",0.000208,0.144,0.268,0.238,1,"C3orf70"
"ZDHHC13",0.000208,-0.118,0.268,0.288,1,"ZDHHC13"
"PRSS3",0.000209,0.519,0.017,0.01,1,"PRSS3"
"LPAR6",0.000211,0.413,0.147,0.127,1,"LPAR6"
"CHAMP1",0.000211,0.202,0.378,0.349,1,"CHAMP1"
"UNC13B",0.000211,0.187,0.447,0.411,1,"UNC13B"
"CEPT1",0.000212,0.145,0.425,0.387,1,"CEPT1"
"EDRF1",0.000212,-0.138,0.362,0.378,1,"EDRF1"
"CHAC1",0.000213,0.568,0.02,0.013,1,"CHAC1"
"RASGEF1B",0.000213,-0.739,0.079,0.094,1,"RASGEF1B"
"ENSG00000278909",0.000213,1.283,0.012,0.007,1,"ENSG00000278909"
"TENM1",0.000214,-0.655,0.334,0.287,1,"TENM1"
"TGIF2-RAB5IF",0.000215,-0.159,0.034,0.045,1,"TGIF2-RAB5IF"
"XPO6",0.000215,0.171,0.521,0.489,1,"XPO6"
"FOXO4",0.000218,0.863,0.014,0.008,1,"FOXO4"
"GNA14",0.000219,-0.593,0.029,0.039,1,"GNA14"
"GVQW3",0.000222,-0.24,0.15,0.168,1,"GVQW3"
"CNTFR",0.000222,0.224,0.361,0.334,1,"CNTFR"
"SYNE3",0.000223,-0.21,0.03,0.041,1,"SYNE3"
"HCFC1R1",0.000225,0.176,0.411,0.379,1,"HCFC1R1"
"CARD8",0.000225,0.103,0.357,0.321,1,"CARD8"
"ZNF347",0.000227,0.194,0.209,0.183,1,"ZNF347"
"EDIL3",0.000227,0.869,0.216,0.202,1,"EDIL3"
"PILRB",0.000228,-0.209,0.203,0.22,1,"PILRB"
"SOX15",0.000228,0.58,0.028,0.02,1,"SOX15"
"WBP2NL",0.000228,0.34,0.057,0.045,1,"WBP2NL"
"ZNF333",0.000229,0.156,0.288,0.258,1,"ZNF333"
"SLC25A32",0.000232,0.194,0.21,0.185,1,"SLC25A32"
"PPM1B",0.000235,-0.116,0.627,0.624,1,"PPM1B"
"FTCDNL1",0.000235,0.82,0.023,0.016,1,"FTCDNL1"
"DMRTA2",0.000236,1.155,0.014,0.008,1,"DMRTA2"
"ZNF615",0.000237,0.249,0.15,0.129,1,"ZNF615"
"TTC33",0.000238,0.214,0.437,0.403,1,"TTC33"
"USP30",0.000239,0.224,0.236,0.211,1,"USP30"
"USP43",0.000241,0.983,0.011,0.006,1,"USP43"
"SLCO6A1",0.000242,0.766,0.012,0.007,1,"SLCO6A1"
"IGFLR1",0.000244,0.366,0.024,0.016,1,"IGFLR1"
"UQCRHL",0.000244,-0.237,0.048,0.061,1,"UQCRHL"
"ELL",0.000245,0.138,0.147,0.125,1,"ELL"
"PRPF6",0.000246,0.16,0.601,0.57,1,"PRPF6"
"GSTA4",0.000248,0.211,0.787,0.756,1,"GSTA4"
"TGFBR3",0.000249,0.159,0.029,0.02,1,"TGFBR3"
"CEP78",0.000251,-0.11,0.455,0.469,1,"CEP78"
"INTS9",0.000251,0.173,0.411,0.376,1,"INTS9"
"NCKIPSD",0.000256,0.144,0.095,0.078,1,"NCKIPSD"
"PCDHB14",0.000257,0.221,0.114,0.096,1,"PCDHB14"
"ADAMTS19",0.000259,-0.853,0.02,0.013,1,"ADAMTS19"
"MED23",0.00026,0.19,0.419,0.384,1,"MED23"
"GDPD5",0.000267,-0.654,0.014,0.021,1,"GDPD5"
"CNBD1",0.00027,-0.22,0.014,0.008,1,"CNBD1"
"CDC42",0.000272,0.136,0.29,0.259,1,"CDC42"
"RAB9B",0.000274,-0.209,0.2,0.218,1,"RAB9B"
"DHDDS",0.000275,0.146,0.319,0.287,1,"DHDDS"
"OBI1",0.000276,-0.108,0.379,0.393,1,"OBI1"
"IGHMBP2",0.000276,0.202,0.138,0.118,1,"IGHMBP2"
"FST",0.000277,0.327,0.041,0.03,1,"FST"
"SETD1A",0.000278,0.191,0.166,0.144,1,"SETD1A"
"TYR",0.000278,0.337,0.029,0.021,1,"TYR"
"IPO9",0.00028,0.126,0.77,0.749,1,"IPO9"
"AGAP4",0.00028,0.136,0.188,0.164,1,"AGAP4"
"SFR1",0.00028,0.145,0.198,0.174,1,"SFR1"
"ZNF329",0.000282,0.223,0.205,0.181,1,"ZNF329"
"TINCR",0.000287,0.28,0.039,0.029,1,"TINCR"
"ZNF808",0.000288,0.155,0.142,0.122,1,"ZNF808"
"STEAP1",0.00029,1.265,0.011,0.006,1,"STEAP1"
"ZNF221",0.000291,0.229,0.092,0.077,1,"ZNF221"
"USP21",0.000293,0.19,0.091,0.075,1,"USP21"
"COPS3",0.000293,0.167,0.562,0.537,1,"COPS3"
"UNKL",0.000296,0.206,0.16,0.138,1,"UNKL"
"CD55",0.000297,-0.298,0.022,0.031,1,"CD55"
"DNAJC13",0.000298,0.103,0.485,0.449,1,"DNAJC13"
"TMEM266",0.000302,0.518,0.035,0.025,1,"TMEM266"
"SLC25A30",0.000304,0.175,0.083,0.068,1,"SLC25A30"
"LPCAT3",0.000305,0.115,0.314,0.282,1,"LPCAT3"
"GAL3ST4",0.000307,0.333,0.118,0.101,1,"GAL3ST4"
"ENSG00000280294",0.000308,0.16,0.032,0.023,1,"ENSG00000280294"
"SCN9A",0.00031,0.213,0.032,0.023,1,"SCN9A"
"GNB1",0.00031,0.121,0.962,0.968,1,"GNB1"
"KLC2",0.000311,0.233,0.144,0.124,1,"KLC2"
"ENSG00000279348",0.000311,0.201,0.072,0.058,1,"ENSG00000279348"
"ZNF418",0.000313,0.248,0.105,0.088,1,"ZNF418"
"RMND5B",0.000313,0.205,0.36,0.329,1,"RMND5B"
"DNAH12",0.000314,0.845,0.018,0.012,1,"DNAH12"
"KATNAL1",0.000315,0.115,0.641,0.608,1,"KATNAL1"
"AJAP1",0.000316,-0.248,0.008,0.013,1,"AJAP1"
"ZNF23",0.000316,0.131,0.174,0.151,1,"ZNF23"
"DYNC2I1",0.00032,0.11,0.559,0.523,1,"DYNC2I1"
"CHTF18",0.000321,-0.259,0.051,0.063,1,"CHTF18"
"DACH2",0.000322,0.139,0.067,0.082,1,"DACH2"
"NXNL2",0.000323,0.476,0.01,0.005,1,"NXNL2"
"APOBEC4",0.000326,0.299,0.028,0.019,1,"APOBEC4"
"LRRC3",0.000327,-0.465,0.028,0.038,1,"LRRC3"
"PIM2",0.00033,0.243,0.046,0.035,1,"PIM2"
"MEP1B",0.000331,0.6,0.025,0.017,1,"MEP1B"
"CATSPERE",0.000332,0.18,0.067,0.054,1,"CATSPERE"
"ELOVL4",0.000337,0.179,0.203,0.178,1,"ELOVL4"
"ZNF843",0.000342,0.38,0.022,0.015,1,"ZNF843"
"PARP10",0.000342,0.514,0.016,0.01,1,"PARP10"
"ADGRA2",0.000342,-0.972,0.007,0.012,1,"ADGRA2"
"NOMO3",0.000343,0.115,0.093,0.077,1,"NOMO3"
"ZNF674",0.000344,0.145,0.135,0.114,1,"ZNF674"
"TCF4",0.000344,0.295,0.998,0.988,1,"TCF4"
"SETDB1",0.000345,0.113,0.395,0.36,1,"SETDB1"
"EPHB6",0.000346,0.356,0.019,0.013,1,"EPHB6"
"PINLYP",0.000351,0.55,0.043,0.033,1,"PINLYP"
"TMEM181",0.000357,0.18,0.651,0.61,1,"TMEM181"
"KIF27",0.00036,0.129,0.36,0.327,1,"KIF27"
"MYLK4",0.000362,0.468,0.034,0.025,1,"MYLK4"
"USP7",0.000362,0.159,0.626,0.605,1,"USP7"
"CAB39",0.000363,0.113,0.672,0.642,1,"CAB39"
"PRKCI",0.000366,0.152,0.562,0.528,1,"PRKCI"
"PLPP7",0.000373,0.319,0.023,0.016,1,"PLPP7"
"NIPAL1",0.000376,0.222,0.013,0.007,1,"NIPAL1"
"ZNF112",0.000377,0.122,0.251,0.224,1,"ZNF112"
"RARA",0.000379,0.243,0.203,0.181,1,"RARA"
"ENO3",0.000383,0.727,0.014,0.009,1,"ENO3"
"ZSCAN31",0.000383,0.333,0.075,0.061,1,"ZSCAN31"
"NGDN",0.000387,0.177,0.418,0.384,1,"NGDN"
"MAP10",0.000387,0.892,0.012,0.007,1,"MAP10"
"MAP3K19",0.00039,0.798,0.015,0.009,1,"MAP3K19"
"SH3BGRL2",0.00039,0.306,0.169,0.148,1,"SH3BGRL2"
"SFSWAP",0.000393,0.176,0.615,0.591,1,"SFSWAP"
"MIER2",0.000397,0.229,0.174,0.152,1,"MIER2"
"PCDHB3",0.000402,-0.426,0.041,0.052,1,"PCDHB3"
"TRIM11",0.000403,0.234,0.126,0.108,1,"TRIM11"
"ZC2HC1B",0.000404,1.063,0.014,0.009,1,"ZC2HC1B"
"ENSG00000279474",0.000408,0.304,0.018,0.012,1,"ENSG00000279474"
"STIMATE",0.00041,0.126,0.182,0.158,1,"STIMATE"
"PGK1",0.000414,-0.294,0.766,0.749,1,"PGK1"
"ENSG00000280347",0.000419,0.525,0.017,0.011,1,"ENSG00000280347"
"KCTD7",0.000423,-0.269,0.217,0.233,1,"KCTD7"
"CELF3",0.000423,0.205,0.2,0.232,1,"CELF3"
"CACNA1G",0.000424,-0.206,0.025,0.034,1,"CACNA1G"
"C1orf74",0.000426,0.579,0.015,0.009,1,"C1orf74"
"HLA-F",0.000428,0.694,0.02,0.013,1,"HLA-F"
"SLC1A4",0.000428,-0.429,0.126,0.141,1,"SLC1A4"
"FMNL3",0.000432,0.132,0.281,0.253,1,"FMNL3"
"ATG2B",0.000436,0.166,0.398,0.36,1,"ATG2B"
"MAMSTR",0.000438,0.33,0.039,0.03,1,"MAMSTR"
"DENND3",0.000442,-0.312,0.032,0.042,1,"DENND3"
"CYP27C1",0.000443,-0.363,0.04,0.051,1,"CYP27C1"
"SH2D6",0.000443,0.546,0.01,0.005,1,"SH2D6"
"PPP2R3C",0.000446,0.104,0.568,0.53,1,"PPP2R3C"
"C1QTNF2",0.000448,-0.176,0.038,0.048,1,"C1QTNF2"
"ENSG00000214558",0.00045,0.367,0.02,0.014,1,"ENSG00000214558"
"NOP58",0.000457,0.158,0.518,0.495,1,"NOP58"
"DENND5B",0.000464,0.13,0.881,0.882,1,"DENND5B"
"PPP2R3B",0.000465,-0.165,0.174,0.191,1,"PPP2R3B"
"SLCO4C1",0.000468,0.852,0.054,0.043,1,"SLCO4C1"
"CPB2",0.000469,0.324,0.052,0.041,1,"CPB2"
"ENSG00000286905",0.00047,0.331,0.018,0.011,1,"ENSG00000286905"
"NEB",0.000477,0.331,0.066,0.053,1,"NEB"
"AIM2",0.000478,-0.2,0.242,0.259,1,"AIM2"
"MAGEE1",0.000479,0.434,0.077,0.063,1,"MAGEE1"
"GPR27",0.000479,-0.806,0.052,0.063,1,"GPR27"
"TAMALIN",0.000487,0.337,0.048,0.037,1,"TAMALIN"
"ZFR2",0.00049,-0.335,0.078,0.092,1,"ZFR2"
"PCDH15",0.000492,0.419,0.041,0.031,1,"PCDH15"
"NOMO2",0.000494,0.163,0.06,0.048,1,"NOMO2"
"CA5B",0.000495,0.101,0.579,0.546,1,"CA5B"
"ZGLP1",0.000496,0.575,0.02,0.013,1,"ZGLP1"
"MXI1",0.0005,-0.141,0.719,0.716,1,"MXI1"
"RCOR1",0.0005,0.106,0.661,0.627,1,"RCOR1"
"DUS3L",0.000505,0.204,0.132,0.113,1,"DUS3L"
"FGF7",0.000508,1.461,0.01,0.006,1,"FGF7"
"KYAT1",0.00051,0.127,0.187,0.164,1,"KYAT1"
"FAM78A",0.00051,0.308,0.011,0.006,1,"FAM78A"
"AHRR",0.000514,0.446,0.065,0.053,1,"AHRR"
"NCOA3",0.000516,0.122,0.622,0.585,1,"NCOA3"
"STMN3",0.000516,0.207,0.406,0.377,1,"STMN3"
"BRWD3",0.000517,0.166,0.636,0.601,1,"BRWD3"
"EFCAB9",0.000519,-0.267,0.014,0.021,1,"EFCAB9"
"TMEM74B",0.000519,-0.783,0.007,0.012,1,"TMEM74B"
"TTBK1",0.00052,0.152,0.161,0.14,1,"TTBK1"
"ZBTB11",0.00053,-0.186,0.326,0.339,1,"ZBTB11"
"THOC5",0.000532,0.266,0.252,0.228,1,"THOC5"
"C1QL4",0.00054,0.515,0.031,0.023,1,"C1QL4"
"H2AZ2",0.000544,-0.164,0.867,0.838,1,"H2AZ2"
"RPL39L",0.000546,0.259,0.178,0.158,1,"RPL39L"
"ENSG00000279598",0.000556,0.289,0.029,0.021,1,"ENSG00000279598"
"MED26",0.000556,0.223,0.078,0.064,1,"MED26"
"ZBTB3",0.000559,0.24,0.054,0.043,1,"ZBTB3"
"UBQLN4",0.00056,0.197,0.218,0.194,1,"UBQLN4"
"RBM48",0.000562,0.162,0.236,0.21,1,"RBM48"
"ZNF789",0.000566,0.129,0.289,0.259,1,"ZNF789"
"FDXACB1",0.000571,0.508,0.036,0.027,1,"FDXACB1"
"LTB4R",0.000572,0.312,0.02,0.013,1,"LTB4R"
"OSBP2",0.00058,0.17,0.414,0.379,1,"OSBP2"
"COL6A2",0.000581,0.461,0.044,0.034,1,"COL6A2"
"ZNF777",0.000582,0.122,0.162,0.14,1,"ZNF777"
"GPR87",0.000583,0.798,0.018,0.012,1,"GPR87"
"ZNF613",0.000584,0.314,0.08,0.066,1,"ZNF613"
"GPR34",0.000587,-0.144,0.083,0.098,1,"GPR34"
"HIPK2",0.000589,0.108,0.848,0.84,1,"HIPK2"
"MOB3A",0.000595,0.157,0.264,0.236,1,"MOB3A"
"RHD",0.000612,0.255,0.064,0.051,1,"RHD"
"ENSG00000280132",0.000613,0.401,0.024,0.016,1,"ENSG00000280132"
"PRPSAP2",0.000616,0.156,0.623,0.591,1,"PRPSAP2"
"EXOC2",0.000623,0.111,0.6,0.564,1,"EXOC2"
"ALPK3",0.000624,0.419,0.023,0.016,1,"ALPK3"
"PGBD2",0.000631,0.165,0.11,0.093,1,"PGBD2"
"OTOA",0.000633,-0.389,0.017,0.024,1,"OTOA"
"MIIP",0.000633,0.131,0.161,0.14,1,"MIIP"
"TATDN3",0.000634,0.187,0.27,0.242,1,"TATDN3"
"TMCO6",0.000651,0.33,0.045,0.035,1,"TMCO6"
"GRIN2C",0.000652,0.387,0.029,0.021,1,"GRIN2C"
"ENSG00000285641",0.000654,0.709,0.02,0.014,1,"ENSG00000285641"
"ZNF410",0.000657,0.108,0.485,0.45,1,"ZNF410"
"HMSD",0.000658,0.689,0.013,0.008,1,"HMSD"
"ESYT2",0.000662,-0.212,0.372,0.379,1,"ESYT2"
"CXADR",0.000679,-0.142,0.511,0.506,1,"CXADR"
"ZNF485",0.00068,0.251,0.025,0.018,1,"ZNF485"
"KMT2D",0.000682,0.222,0.289,0.263,1,"KMT2D"
"SCEL",0.000685,-0.196,0.017,0.024,1,"SCEL"
"SNED1",0.000688,0.205,0.069,0.056,1,"SNED1"
"RNF112",0.000689,-0.202,0.05,0.062,1,"RNF112"
"SRD5A3",0.00069,0.165,0.145,0.125,1,"SRD5A3"
"FRMPD4",0.000695,-0.849,0.006,0.011,1,"FRMPD4"
"ATP5MGL",0.000704,-0.87,0.005,0.01,1,"ATP5MGL"
"FAM13C",0.000708,0.184,0.432,0.395,1,"FAM13C"
"C12orf57",0.000708,0.204,0.868,0.86,1,"C12orf57"
"GGN",0.000717,0.363,0.01,0.005,1,"GGN"
"C14orf93",0.000725,0.26,0.11,0.094,1,"C14orf93"
"MX1",0.000729,2.03,0.011,0.007,1,"MX1"
"KCTD10",0.000745,0.166,0.192,0.169,1,"KCTD10"
"RAB3D",0.00075,0.296,0.173,0.153,1,"RAB3D"
"ZNF699",0.000756,-0.195,0.162,0.178,1,"ZNF699"
"ZNF219",0.000758,0.217,0.356,0.328,1,"ZNF219"
"ABHD2",0.000775,0.111,0.51,0.479,1,"ABHD2"
"ZBTB10",0.000775,0.158,0.453,0.421,1,"ZBTB10"
"PHC2",0.000778,0.195,0.709,0.694,1,"PHC2"
"STX2",0.000784,0.162,0.525,0.496,1,"STX2"
"ADCY8",0.000787,0.264,0.022,0.015,1,"ADCY8"
"HIPK4",0.000793,-0.312,0.037,0.046,1,"HIPK4"
"MPV17L",0.000796,0.272,0.019,0.012,1,"MPV17L"
"FIGNL2",0.000799,0.636,0.015,0.009,1,"FIGNL2"
"PEX11G",0.00082,0.25,0.033,0.024,1,"PEX11G"
"CAMK2N2",0.00083,0.163,0.103,0.087,1,"CAMK2N2"
"AVIL",0.000833,0.229,0.183,0.162,1,"AVIL"
"MPP4",0.00084,0.503,0.019,0.013,1,"MPP4"
"SPSB1",0.00084,0.251,0.026,0.018,1,"SPSB1"
"CRCP",0.000842,0.1,0.625,0.597,1,"CRCP"
"SLC30A6",0.000856,0.129,0.387,0.353,1,"SLC30A6"
"TGM4",0.000858,-0.35,0.006,0.011,1,"TGM4"
"SLC23A1",0.00086,-0.164,0.034,0.043,1,"SLC23A1"
"CLCN1",0.000864,-0.473,0.012,0.018,1,"CLCN1"
"TNPO1",0.000869,0.103,0.859,0.855,1,"TNPO1"
"SHANK3",0.000872,0.262,0.084,0.07,1,"SHANK3"
"SGSM3",0.000875,0.168,0.219,0.195,1,"SGSM3"
"ELAPOR1",0.000877,0.205,0.065,0.053,1,"ELAPOR1"
"LAG3",0.000885,-0.11,0.018,0.025,1,"LAG3"
"BLACAT1",0.000887,-0.157,0.047,0.037,1,"BLACAT1"
"PACS2",0.000897,0.126,0.457,0.424,1,"PACS2"
"WDR7",0.000915,0.101,0.704,0.672,1,"WDR7"
"GBF1",0.000921,0.131,0.655,0.631,1,"GBF1"
"UBXN7",0.000936,0.144,0.707,0.693,1,"UBXN7"
"STKLD1",0.00094,0.113,0.035,0.026,1,"STKLD1"
"ZDHHC15",0.000943,0.168,0.529,0.501,1,"ZDHHC15"
"ENSG00000249773",0.000957,-0.153,0.072,0.085,1,"ENSG00000249773"
"CXXC1",0.00097,0.17,0.224,0.199,1,"CXXC1"
"ZNF335",0.000983,0.168,0.219,0.194,1,"ZNF335"
"SCUBE2",0.000988,0.265,0.089,0.075,1,"SCUBE2"
"ENSG00000289690",0.000991,0.323,0.018,0.012,1,"ENSG00000289690"
"TRIM16",0.000994,0.163,0.387,0.359,1,"TRIM16"
"AGBL3",0.000995,0.258,0.181,0.161,1,"AGBL3"
"CENPQ",0.00102,0.217,0.231,0.211,1,"CENPQ"
"SLC35A3",0.00103,0.107,0.434,0.398,1,"SLC35A3"
"AMER1",0.00103,0.198,0.054,0.043,1,"AMER1"
"PARP6",0.00104,0.137,0.342,0.309,1,"PARP6"
"IDI2",0.00104,0.541,0.011,0.006,1,"IDI2"
"VPS37C",0.00105,0.171,0.115,0.098,1,"VPS37C"
"OSBPL5",0.00105,0.124,0.241,0.214,1,"OSBPL5"
"PPM1F",0.00106,0.11,0.152,0.131,1,"PPM1F"
"SLC43A3",0.00108,0.53,0.016,0.011,1,"SLC43A3"
"RBM15B",0.00108,0.179,0.406,0.376,1,"RBM15B"
"ATP2B2",0.00109,0.279,0.14,0.122,1,"ATP2B2"
"ATP6V0C",0.0011,0.224,0.015,0.01,1,"ATP6V0C"
"RASSF5",0.00111,0.273,0.015,0.009,1,"RASSF5"
"ZSWIM6",0.00112,-0.296,0.814,0.8,1,"ZSWIM6"
"CERS5",0.00113,0.19,0.67,0.653,1,"CERS5"
"DDX47",0.00113,0.215,0.038,0.029,1,"DDX47"
"ZNF175",0.00114,0.205,0.124,0.107,1,"ZNF175"
"BRD8",0.00115,0.108,0.467,0.431,1,"BRD8"
"GARRE1",0.00115,0.131,0.432,0.398,1,"GARRE1"
"PCDHB10",0.00116,0.275,0.129,0.113,1,"PCDHB10"
"ZNF233",0.00116,0.124,0.057,0.046,1,"ZNF233"
"EFCAB13",0.00117,0.327,0.066,0.055,1,"EFCAB13"
"CAGE1",0.00117,0.498,0.013,0.008,1,"CAGE1"
"DND1",0.00118,0.183,0.122,0.105,1,"DND1"
"MTO1",0.00119,0.14,0.148,0.128,1,"MTO1"
"GPR35",0.00119,0.839,0.012,0.007,1,"GPR35"
"NAB1",0.00121,0.193,0.39,0.364,1,"NAB1"
"PITPNM3",0.00121,0.317,0.049,0.039,1,"PITPNM3"
"TEPSIN",0.00122,0.211,0.068,0.056,1,"TEPSIN"
"ALG12",0.00122,0.113,0.122,0.104,1,"ALG12"
"KCP",0.00122,0.586,0.021,0.015,1,"KCP"
"PCDHB6",0.00122,-0.419,0.011,0.017,1,"PCDHB6"
"LBH",0.00123,0.118,0.347,0.376,1,"LBH"
"ANGPTL4",0.00124,0.259,0.033,0.024,1,"ANGPTL4"
"FBXO48",0.00125,0.213,0.053,0.042,1,"FBXO48"
"UBE3C",0.00125,0.131,0.687,0.665,1,"UBE3C"
"CERS3",0.00126,-0.523,0.014,0.02,1,"CERS3"
"SPTBN2",0.00126,-0.137,0.293,0.307,1,"SPTBN2"
"IL18",0.00127,0.311,0.027,0.019,1,"IL18"
"PTPN18",0.00128,0.162,0.162,0.142,1,"PTPN18"
"ENPEP",0.00129,0.767,0.015,0.009,1,"ENPEP"
"EMILIN3",0.0013,-0.649,0.009,0.015,1,"EMILIN3"
"GLB1L2",0.00132,0.236,0.027,0.019,1,"GLB1L2"
"MCM3",0.00134,0.123,0.286,0.259,1,"MCM3"
"SP140",0.00136,0.526,0.016,0.011,1,"SP140"
"SART3",0.00137,0.176,0.404,0.375,1,"SART3"
"PKD1L3",0.00137,0.374,0.068,0.056,1,"PKD1L3"
"PON1",0.00137,0.433,0.018,0.012,1,"PON1"
"SCN2B",0.00138,0.24,0.016,0.011,1,"SCN2B"
"STK26",0.00138,0.149,0.051,0.041,1,"STK26"
"SCX",0.0014,0.384,0.029,0.022,1,"SCX"
"LIN37",0.0014,0.225,0.15,0.132,1,"LIN37"
"NPFF",0.00141,0.49,0.017,0.012,1,"NPFF"
"LRP2BP",0.00141,0.207,0.277,0.253,1,"LRP2BP"
"MYBPHL",0.00141,0.494,0.023,0.016,1,"MYBPHL"
"DUSP8",0.00142,0.211,0.137,0.12,1,"DUSP8"
"PLXNA3",0.00142,0.129,0.22,0.195,1,"PLXNA3"
"SAXO1",0.00143,0.445,0.023,0.016,1,"SAXO1"
"CFAP100",0.00144,0.447,0.064,0.053,1,"CFAP100"
"RAD21",0.00147,-0.208,0.843,0.827,1,"RAD21"
"WAS",0.00148,0.476,0.02,0.014,1,"WAS"
"EPCAM",0.00149,-0.284,0.036,0.045,1,"EPCAM"
"DGAT2",0.00149,0.204,0.011,0.006,1,"DGAT2"
"SAP130",0.00149,-0.104,0.436,0.445,1,"SAP130"
"CEP41",0.0015,0.12,0.256,0.23,1,"CEP41"
"ABCC5",0.0015,0.163,0.445,0.415,1,"ABCC5"
"SLC16A3",0.0015,0.31,0.083,0.07,1,"SLC16A3"
"ERFE",0.0015,-0.759,0.009,0.014,1,"ERFE"
"HYAL3",0.0015,0.452,0.013,0.008,1,"HYAL3"
"FUZ",0.00152,0.178,0.116,0.1,1,"FUZ"
"LMOD3",0.00153,0.237,0.016,0.01,1,"LMOD3"
"ZNF700",0.00154,0.294,0.064,0.053,1,"ZNF700"
"TET2",0.00154,0.166,0.864,0.836,1,"TET2"
"SMYD4",0.00155,0.123,0.196,0.175,1,"SMYD4"
"EHBP1",0.00159,0.201,0.855,0.859,1,"EHBP1"
"IRF5",0.00162,0.362,0.01,0.006,1,"IRF5"
"HDAC6",0.00163,0.149,0.194,0.172,1,"HDAC6"
"SGCG",0.00163,0.764,0.036,0.028,1,"SGCG"
"SHPK",0.00163,0.23,0.032,0.024,1,"SHPK"
"ZNF778",0.00164,0.227,0.149,0.131,1,"ZNF778"
"MT-TM",0.00165,0.549,0.045,0.035,1,"MT-TM"
"FAM186A",0.00165,0.449,0.021,0.015,1,"FAM186A"
"USP20",0.00169,0.106,0.181,0.16,1,"USP20"
"SEC24B",0.00171,0.125,0.672,0.646,1,"SEC24B"
"NALCN",0.00172,0.758,0.013,0.008,1,"NALCN"
"ANKMY2",0.00173,-0.187,0.288,0.3,1,"ANKMY2"
"RPRD1B",0.00176,0.114,0.412,0.381,1,"RPRD1B"
"PKD1L1",0.00177,0.554,0.016,0.01,1,"PKD1L1"
"APBB3",0.00179,0.114,0.054,0.043,1,"APBB3"
"DCLRE1A",0.0018,0.129,0.112,0.097,1,"DCLRE1A"
"PIGU",0.00181,-0.149,0.415,0.42,1,"PIGU"
"ZNF765",0.00183,0.148,0.213,0.19,1,"ZNF765"
"CNTLN",0.00185,-0.265,0.564,0.532,1,"CNTLN"
"ENSG00000280205",0.00186,0.778,0.017,0.011,1,"ENSG00000280205"
"COCH",0.00189,-0.123,0.145,0.16,1,"COCH"
"ENSG00000278949",0.0019,0.359,0.017,0.012,1,"ENSG00000278949"
"TSSK3",0.0019,0.242,0.036,0.028,1,"TSSK3"
"ZNF880",0.00191,-0.195,0.07,0.082,1,"ZNF880"
"ZFYVE28",0.00191,0.15,0.045,0.035,1,"ZFYVE28"
"CNNM2",0.00192,0.111,0.386,0.354,1,"CNNM2"
"UBR7",0.00193,0.103,0.329,0.3,1,"UBR7"
"GRIK2",0.00193,-0.152,0.206,0.218,1,"GRIK2"
"KNSTRN",0.00193,-0.377,0.278,0.285,1,"KNSTRN"
"CPNE9",0.00194,0.241,0.018,0.012,1,"CPNE9"
"CTC1",0.00194,-0.107,0.093,0.107,1,"CTC1"
"CXCL13",0.00195,-0.425,0.008,0.013,1,"CXCL13"
"ZNF182",0.00195,0.248,0.075,0.063,1,"ZNF182"
"ENSG00000279476",0.00197,-0.234,0.017,0.024,1,"ENSG00000279476"
"SELENOV",0.00197,-0.613,0.01,0.016,1,"SELENOV"
"ARMCX5",0.00198,0.178,0.128,0.111,1,"ARMCX5"
"ENSG00000278879",0.00198,0.831,0.01,0.006,1,"ENSG00000278879"
"GFPT2",0.00198,-0.277,0.056,0.066,1,"GFPT2"
"LUC7L3",0.00199,0.126,0.942,0.941,1,"LUC7L3"
"VPS54",0.002,0.12,0.647,0.612,1,"VPS54"
"ENSG00000280143",0.002,0.454,0.048,0.038,1,"ENSG00000280143"
"CKMT1A",0.00201,-0.454,0.007,0.011,1,"CKMT1A"
"C3orf62",0.00203,0.123,0.127,0.11,1,"C3orf62"
"EIF3C",0.00205,0.18,0.081,0.068,1,"EIF3C"
"ZNF527",0.00206,-0.105,0.097,0.11,1,"ZNF527"
"MYCN",0.00206,0.187,0.137,0.156,1,"MYCN"
"KCNIP3",0.00207,0.426,0.076,0.064,1,"KCNIP3"
"ZP3",0.00208,0.281,0.045,0.036,1,"ZP3"
"HYPK",0.0021,0.505,0.023,0.017,1,"HYPK"
"POC5",0.00211,-0.131,0.219,0.234,1,"POC5"
"MUS81",0.00212,0.212,0.332,0.306,1,"MUS81"
"CHRD",0.00215,0.181,0.019,0.013,1,"CHRD"
"CNTNAP2",0.00216,-0.887,0.138,0.122,1,"CNTNAP2"
"ENSG00000271793",0.00218,0.185,0.124,0.108,1,"ENSG00000271793"
"CDH26",0.00219,0.738,0.011,0.006,1,"CDH26"
"ZIC2",0.00221,0.344,0.015,0.01,1,"ZIC2"
"ACSM6",0.00223,0.95,0.025,0.019,1,"ACSM6"
"PRR22",0.00224,0.432,0.013,0.008,1,"PRR22"
"RGS17",0.00224,-0.247,0.376,0.38,1,"RGS17"
"SLC45A1",0.00225,0.318,0.064,0.052,1,"SLC45A1"
"PEX13",0.00227,0.141,0.46,0.429,1,"PEX13"
"LHX4",0.00227,0.48,0.101,0.088,1,"LHX4"
"SRSF3",0.00228,0.146,0.934,0.93,1,"SRSF3"
"SLC51A",0.00229,0.137,0.058,0.047,1,"SLC51A"
"IQCN",0.0023,0.481,0.027,0.02,1,"IQCN"
"RNF5",0.00232,0.135,0.61,0.582,1,"RNF5"
"GAS1",0.00233,0.357,0.168,0.187,1,"GAS1"
"XPO1",0.00235,-0.103,0.794,0.787,1,"XPO1"
"NCBP3",0.00235,0.133,0.548,0.519,1,"NCBP3"
"GPSM1",0.00238,0.179,0.247,0.224,1,"GPSM1"
"MGME1",0.0024,-0.321,0.315,0.318,1,"MGME1"
"CYP2E1",0.0024,0.449,0.016,0.01,1,"CYP2E1"
"BMP8A",0.00241,-0.189,0.026,0.034,1,"BMP8A"
"CORO7",0.00241,0.315,0.125,0.11,1,"CORO7"
"ZNF57",0.00242,0.197,0.037,0.029,1,"ZNF57"
"ZBTB25",0.00242,0.13,0.262,0.237,1,"ZBTB25"
"AKAP17A",0.00242,0.138,0.261,0.235,1,"AKAP17A"
"ENSG00000280401",0.00244,-0.854,0.008,0.013,1,"ENSG00000280401"
"FAT2",0.00244,0.699,0.014,0.009,1,"FAT2"
"PCDHGA8",0.00247,0.473,0.06,0.05,1,"PCDHGA8"
"KDM4D",0.00247,0.126,0.068,0.056,1,"KDM4D"
"FAM20C",0.00248,-0.165,0.184,0.198,1,"FAM20C"
"CTNNA3",0.00252,-0.149,0.183,0.199,1,"CTNNA3"
"EFCAB2",0.00252,-0.223,0.554,0.54,1,"EFCAB2"
"BAIAP2L2",0.00253,-0.42,0.037,0.045,1,"BAIAP2L2"
"USF1",0.00253,0.24,0.14,0.123,1,"USF1"
"TEX30",0.00254,-0.212,0.117,0.131,1,"TEX30"
"TNNI3",0.00254,-0.828,0.009,0.014,1,"TNNI3"
"METAP1",0.00254,0.103,0.319,0.29,1,"METAP1"
"KCNIP2",0.00255,0.435,0.072,0.06,1,"KCNIP2"
"GRAMD1A",0.00256,0.142,0.391,0.362,1,"GRAMD1A"
"SIPA1L2",0.00256,0.131,0.631,0.587,1,"SIPA1L2"
"KCNMB3",0.00257,0.312,0.107,0.092,1,"KCNMB3"
"ZNF888",0.00258,-0.243,0.042,0.051,1,"ZNF888"
"NPIPB5",0.00259,0.139,0.182,0.162,1,"NPIPB5"
"ZNF131",0.0026,0.121,0.745,0.722,1,"ZNF131"
"ANKLE1",0.00261,-0.241,0.01,0.015,1,"ANKLE1"
"SLC45A2",0.00264,-0.225,0.018,0.025,1,"SLC45A2"
"TMEM161B",0.00268,0.128,0.497,0.47,1,"TMEM161B"
"CFAP157",0.00269,0.684,0.01,0.006,1,"CFAP157"
"C11orf96",0.00269,0.647,0.642,0.702,1,"C11orf96"
"LRRC8D",0.00271,0.176,0.62,0.589,1,"LRRC8D"
"RCBTB2",0.00273,-0.188,0.252,0.265,1,"RCBTB2"
"RBP1",0.00273,0.344,0.355,0.334,1,"RBP1"
"H2BU1",0.00274,-0.728,0.018,0.024,1,"H2BU1"
"STAC3",0.00275,-0.445,0.058,0.068,1,"STAC3"
"SPDYE16",0.00277,0.375,0.021,0.015,1,"SPDYE16"
"PCF11",0.00278,0.168,0.502,0.472,1,"PCF11"
"PWWP3B",0.00278,0.873,0.014,0.009,1,"PWWP3B"
"SERPINI1",0.00278,-0.355,0.037,0.028,1,"SERPINI1"
"TDRD12",0.00279,-0.694,0.007,0.011,1,"TDRD12"
"ARRB2",0.00279,0.129,0.262,0.238,1,"ARRB2"
"SMARCD1",0.00281,0.235,0.655,0.639,1,"SMARCD1"
"CHADL",0.00282,0.493,0.021,0.015,1,"CHADL"
"TRAF2",0.00284,-0.284,0.094,0.106,1,"TRAF2"
"PPP4R4",0.00285,0.335,0.015,0.01,1,"PPP4R4"
"ZC3H11A",0.00285,0.3,0.05,0.041,1,"ZC3H11A"
"HSF5",0.00288,-0.203,0.023,0.03,1,"HSF5"
"GPR156",0.00291,0.114,0.06,0.049,1,"GPR156"
"COL23A1",0.00295,0.722,0.017,0.012,1,"COL23A1"
"RAPGEFL1",0.00297,0.266,0.088,0.075,1,"RAPGEFL1"
"ENAH",0.00298,0.169,0.983,0.982,1,"ENAH"
"SEPTIN4",0.00299,-0.19,0.021,0.028,1,"SEPTIN4"
"PRPS2",0.00299,0.127,0.119,0.103,1,"PRPS2"
"ZNF502",0.00299,0.285,0.027,0.02,1,"ZNF502"
"OTUD4",0.00302,0.111,0.394,0.365,1,"OTUD4"
"CDC42EP2",0.00303,0.502,0.015,0.01,1,"CDC42EP2"
"LEPR",0.00308,0.132,0.182,0.162,1,"LEPR"
"CAPN13",0.00308,1.126,0.019,0.014,1,"CAPN13"
"RTEL1",0.0031,0.241,0.073,0.061,1,"RTEL1"
"PIWIL2",0.00311,-0.495,0.01,0.015,1,"PIWIL2"
"ENSG00000255439",0.00312,-0.326,0.022,0.029,1,"ENSG00000255439"
"PAK4",0.00313,0.101,0.185,0.164,1,"PAK4"
"TEKTIP1",0.00318,0.43,0.021,0.015,1,"TEKTIP1"
"ENSG00000279233",0.00319,-0.245,0.029,0.037,1,"ENSG00000279233"
"NPIPB4",0.00319,0.149,0.131,0.114,1,"NPIPB4"
"TMC4",0.00321,-0.271,0.035,0.044,1,"TMC4"
"GLYATL1",0.00322,-0.723,0.008,0.013,1,"GLYATL1"
"RPP14",0.0033,0.249,0.063,0.053,1,"RPP14"
"FBXL14",0.00331,0.204,0.329,0.305,1,"FBXL14"
"AMY2B",0.00337,0.264,0.106,0.092,1,"AMY2B"
"TTLL13",0.00337,0.534,0.014,0.01,1,"TTLL13"
"HARBI1",0.0034,0.281,0.048,0.039,1,"HARBI1"
"PNPLA1",0.00341,-0.382,0.012,0.017,1,"PNPLA1"
"IKZF1",0.00347,0.842,0.013,0.008,1,"IKZF1"
"SMC6",0.00351,0.107,0.521,0.49,1,"SMC6"
"TRPM7",0.00354,0.123,0.624,0.604,1,"TRPM7"
"ENSG00000279692",0.00356,0.616,0.033,0.025,1,"ENSG00000279692"
"ZNF18",0.00356,0.104,0.101,0.087,1,"ZNF18"
"ITGA9",0.00358,-0.171,0.082,0.094,1,"ITGA9"
"RHOT1",0.00358,0.107,0.613,0.583,1,"RHOT1"
"GOLGA6L10",0.00363,-0.197,0.035,0.043,1,"GOLGA6L10"
"NUP210L",0.00364,-0.252,0.062,0.072,1,"NUP210L"
"SNN",0.00365,0.167,0.365,0.34,1,"SNN"
"JRK",0.00368,0.149,0.109,0.095,1,"JRK"
"ZNF276",0.00369,0.181,0.143,0.127,1,"ZNF276"
"SIAH2",0.00371,-0.158,0.211,0.224,1,"SIAH2"
"ZNF318",0.00378,0.119,0.332,0.305,1,"ZNF318"
"TMEM265",0.00383,0.194,0.09,0.077,1,"TMEM265"
"NYNRIN",0.00386,0.229,0.12,0.106,1,"NYNRIN"
"ARHGAP17",0.00387,0.132,0.486,0.458,1,"ARHGAP17"
"CLEC4A",0.00394,0.32,0.025,0.018,1,"CLEC4A"
"ENSG00000279616",0.00394,0.181,0.025,0.018,1,"ENSG00000279616"
"ZNF653",0.00395,-0.209,0.077,0.088,1,"ZNF653"
"TEX22",0.00398,0.146,0.173,0.154,1,"TEX22"
"PATZ1",0.00399,0.198,0.286,0.263,1,"PATZ1"
"DRD4",0.00401,0.451,0.011,0.007,1,"DRD4"
"TGS1",0.00402,0.143,0.482,0.451,1,"TGS1"
"FAM110B",0.00408,0.209,0.73,0.688,1,"FAM110B"
"TUSC1",0.00409,0.304,0.089,0.077,1,"TUSC1"
"EFCAB7",0.00411,0.129,0.454,0.424,1,"EFCAB7"
"POLD3",0.00411,-0.163,0.368,0.373,1,"POLD3"
"AMER2",0.00411,0.13,0.483,0.522,1,"AMER2"
"ENSG00000279456",0.00412,-0.357,0.04,0.049,1,"ENSG00000279456"
"VN1R1",0.00413,0.491,0.012,0.008,1,"VN1R1"
"ADAT1",0.00414,0.154,0.209,0.188,1,"ADAT1"
"SEZ6L2",0.00414,0.189,0.276,0.303,1,"SEZ6L2"
"ENSG00000280048",0.00415,0.902,0.014,0.01,1,"ENSG00000280048"
"CCDC192",0.00415,0.311,0.024,0.018,1,"CCDC192"
"ENSG00000173867",0.00418,-0.301,0.024,0.031,1,"ENSG00000173867"
"RPH3AL",0.0042,0.159,0.032,0.024,1,"RPH3AL"
"POPDC2",0.00421,0.321,0.014,0.01,1,"POPDC2"
"MYNN",0.00423,0.154,0.256,0.233,1,"MYNN"
"ZNF610",0.00424,0.163,0.176,0.158,1,"ZNF610"
"FAM83A",0.00428,-0.355,0.006,0.01,1,"FAM83A"
"EEFSEC",0.00429,0.128,0.387,0.358,1,"EEFSEC"
"NCAPH2",0.00429,-0.17,0.164,0.178,1,"NCAPH2"
"SLC27A3",0.00432,0.259,0.042,0.034,1,"SLC27A3"
"TMEM269",0.00433,-0.191,0.051,0.061,1,"TMEM269"
"UBQLN1",0.00434,0.133,0.676,0.649,1,"UBQLN1"
"ZBED6",0.00435,0.239,0.029,0.022,1,"ZBED6"
"FGD1",0.0044,0.125,0.315,0.291,1,"FGD1"
"LINGO3",0.00447,-0.458,0.014,0.019,1,"LINGO3"
"DHRS3",0.00448,0.304,0.144,0.13,1,"DHRS3"
"DRP2",0.00452,-0.37,0.032,0.04,1,"DRP2"
"MPHOSPH10",0.00456,0.109,0.527,0.5,1,"MPHOSPH10"
"REXO1",0.00461,0.172,0.147,0.131,1,"REXO1"
"CIITA",0.00467,0.79,0.01,0.006,1,"CIITA"
"ZNF501",0.00477,0.116,0.05,0.041,1,"ZNF501"
"KEL",0.00482,-0.398,0.012,0.017,1,"KEL"
"ENSG00000279039",0.00484,-0.669,0.006,0.01,1,"ENSG00000279039"
"SLC32A1",0.00491,0.364,0.217,0.25,1,"SLC32A1"
"PRRT4",0.00493,-0.674,0.009,0.013,1,"PRRT4"
"MT-TE",0.00496,0.71,0.016,0.011,1,"MT-TE"
"DNAJC15",0.00496,0.43,0.087,0.076,1,"DNAJC15"
"NKPD1",0.00498,-0.249,0.014,0.02,1,"NKPD1"
"GALNT3",0.00509,0.645,0.011,0.007,1,"GALNT3"
"RUNX1",0.0051,-0.184,0.013,0.009,1,"RUNX1"
"CCDC73",0.00515,-0.644,0.014,0.02,1,"CCDC73"
"NPR2",0.00522,0.47,0.018,0.012,1,"NPR2"
"PFKFB4",0.00526,-0.254,0.137,0.149,1,"PFKFB4"
"TRPC4AP",0.00529,0.104,0.709,0.68,1,"TRPC4AP"
"SNRPA",0.00529,0.111,0.437,0.409,1,"SNRPA"
"YARS2",0.00531,0.11,0.378,0.347,1,"YARS2"
"EIF4EBP2",0.00532,0.142,0.622,0.595,1,"EIF4EBP2"
"MMP25",0.00534,0.245,0.025,0.018,1,"MMP25"
"RFC2",0.00539,0.118,0.237,0.215,1,"RFC2"
"CEP70",0.00539,-0.497,0.458,0.447,1,"CEP70"
"MPP3",0.00554,-0.142,0.119,0.131,1,"MPP3"
"ZNF101",0.00557,-0.221,0.07,0.081,1,"ZNF101"
"LUC7L2",0.0056,0.123,0.475,0.448,1,"LUC7L2"
"PFKFB1",0.00561,0.378,0.021,0.015,1,"PFKFB1"
"SDC1",0.00564,-0.302,0.031,0.039,1,"SDC1"
"C15orf48",0.00568,0.472,0.013,0.008,1,"C15orf48"
"RTL10",0.00569,0.144,0.092,0.079,1,"RTL10"
"IQCC",0.00571,0.126,0.031,0.024,1,"IQCC"
"ANG",0.00572,-0.308,0.057,0.067,1,"ANG"
"OTUD7A",0.00574,0.126,0.394,0.362,1,"OTUD7A"
"PPP1R3E",0.00582,0.171,0.095,0.082,1,"PPP1R3E"
"ZHX1-C8orf76",0.00583,0.186,0.069,0.059,1,"ZHX1-C8orf76"
"CACNA1D",0.00583,-0.257,0.071,0.081,1,"CACNA1D"
"DOK3",0.00583,-0.105,0.036,0.044,1,"DOK3"
"TUBGCP6",0.00587,0.188,0.087,0.075,1,"TUBGCP6"
"KBTBD12",0.00589,0.522,0.016,0.011,1,"KBTBD12"
"TMEM74",0.00594,-0.31,0.016,0.022,1,"TMEM74"
"APOBEC2",0.00597,0.327,0.04,0.032,1,"APOBEC2"
"ENSG00000279917",0.00606,0.356,0.023,0.017,1,"ENSG00000279917"
"APPL2",0.00613,0.107,0.622,0.597,1,"APPL2"
"RHNO1",0.00617,0.166,0.277,0.255,1,"RHNO1"
"KRI1",0.00617,0.233,0.164,0.148,1,"KRI1"
"FAM217A",0.00624,0.225,0.078,0.067,1,"FAM217A"
"IGSF10",0.00625,0.41,0.02,0.015,1,"IGSF10"
"VGF",0.00629,1.123,0.067,0.058,1,"VGF"
"CDKN1B",0.00632,0.155,0.676,0.648,1,"CDKN1B"
"LMBR1",0.00633,0.113,0.618,0.586,1,"LMBR1"
"XRCC3",0.00635,-0.201,0.089,0.1,1,"XRCC3"
"ENSG00000279281",0.00639,0.2,0.139,0.124,1,"ENSG00000279281"
"CCDC178",0.00644,-0.177,0.027,0.034,1,"CCDC178"
"SVIL",0.00645,-0.17,0.128,0.14,1,"SVIL"
"ANGPTL3",0.00648,0.512,0.024,0.018,1,"ANGPTL3"
"FAM184B",0.00651,0.137,0.127,0.112,1,"FAM184B"
"BAMBI",0.00653,0.663,0.017,0.012,1,"BAMBI"
"DLEC1",0.00654,0.5,0.021,0.015,1,"DLEC1"
"NFASC",0.00656,-0.39,0.159,0.168,1,"NFASC"
"SLC37A2",0.00656,-0.548,0.007,0.011,1,"SLC37A2"
"NUDT13",0.00661,0.259,0.111,0.098,1,"NUDT13"
"BCL2L14",0.00666,0.305,0.544,0.528,1,"BCL2L14"
"TMEM116",0.00666,-0.203,0.192,0.204,1,"TMEM116"
"MGARP",0.00675,0.681,0.046,0.038,1,"MGARP"
"TCEA3",0.0068,0.121,0.066,0.056,1,"TCEA3"
"FBXL22",0.00682,-0.149,0.032,0.04,1,"FBXL22"
"RSPRY1",0.00686,0.132,0.678,0.659,1,"RSPRY1"
"NELL1",0.00688,-1.422,0.007,0.01,1,"NELL1"
"ATG4D",0.00691,0.142,0.163,0.147,1,"ATG4D"
"CLN3",0.00693,0.279,0.04,0.032,1,"CLN3"
"ZW10",0.00694,0.108,0.226,0.205,1,"ZW10"
"PCOLCE2",0.00696,-0.202,0.019,0.013,1,"PCOLCE2"
"INPP5J",0.00696,0.245,0.014,0.01,1,"INPP5J"
"CUL1",0.00698,0.135,0.674,0.652,1,"CUL1"
"RPTOR",0.0071,0.115,0.582,0.559,1,"RPTOR"
"CNNM3",0.00719,0.185,0.161,0.145,1,"CNNM3"
"TEX35",0.00723,0.404,0.011,0.007,1,"TEX35"
"MT-TS2",0.00724,-0.372,0.009,0.014,1,"MT-TS2"
"ZNF763",0.00726,0.192,0.021,0.015,1,"ZNF763"
"QRICH2",0.00727,0.186,0.1,0.088,1,"QRICH2"
"ABTB3",0.0073,-1.009,0.009,0.014,1,"ABTB3"
"CDON",0.00731,-0.168,0.196,0.208,1,"CDON"
"PPP1R14A",0.00732,0.723,0.025,0.019,1,"PPP1R14A"
"SUSD5",0.00737,-0.157,0.021,0.015,1,"SUSD5"
"SYCP2",0.00748,-0.179,0.042,0.051,1,"SYCP2"
"CXCL17",0.00749,0.399,0.036,0.029,1,"CXCL17"
"KLHL34",0.00749,0.15,0.047,0.039,1,"KLHL34"
"SGCZ",0.00749,-1.585,0.01,0.014,1,"SGCZ"
"FRMPD1",0.00758,-0.146,0.019,0.025,1,"FRMPD1"
"TP53TG5",0.00759,0.236,0.057,0.048,1,"TP53TG5"
"GUSB",0.00762,-0.109,0.267,0.278,1,"GUSB"
"SLCO3A1",0.00763,0.513,0.058,0.068,1,"SLCO3A1"
"SPAG17",0.00766,0.825,0.015,0.011,1,"SPAG17"
"CCDC125",0.00767,0.213,0.032,0.025,1,"CCDC125"
"TF",0.00769,0.445,0.017,0.013,1,"TF"
"ENSG00000279310",0.00771,-0.447,0.007,0.011,1,"ENSG00000279310"
"ZNF532",0.00773,0.107,0.814,0.798,1,"ZNF532"
"ENSG00000280216",0.00782,0.428,0.014,0.01,1,"ENSG00000280216"
"MYLIP",0.00782,-0.483,0.033,0.04,1,"MYLIP"
"ZNF467",0.00787,0.268,0.013,0.009,1,"ZNF467"
"ENSG00000280077",0.00791,0.176,0.047,0.038,1,"ENSG00000280077"
"SRSF12",0.00794,0.127,0.454,0.428,1,"SRSF12"
"FRMD5",0.00804,0.254,0.657,0.687,1,"FRMD5"
"ZNF274",0.00805,0.189,0.335,0.314,1,"ZNF274"
"AP4B1",0.00813,-0.174,0.096,0.107,1,"AP4B1"
"RIPOR2",0.00814,0.651,0.431,0.52,1,"RIPOR2"
"TMEM86A",0.00834,0.536,0.013,0.009,1,"TMEM86A"
"MYO3B",0.00849,-0.118,0.058,0.067,1,"MYO3B"
"DZIP1L",0.00863,-0.333,0.109,0.12,1,"DZIP1L"
"C1orf100",0.00871,-0.174,0.009,0.013,1,"C1orf100"
"ZNF75A",0.00873,0.147,0.432,0.407,1,"ZNF75A"
"SYT3",0.00883,-0.579,0.008,0.012,1,"SYT3"
"FNBP4",0.00884,0.122,0.744,0.74,1,"FNBP4"
"ENSG00000280010",0.00891,0.866,0.015,0.011,1,"ENSG00000280010"
"TG",0.00893,-0.132,0.011,0.008,1,"TG"
"SCG5",0.00898,0.183,0.108,0.122,1,"SCG5"
"TMEM106A",0.00903,0.35,0.017,0.012,1,"TMEM106A"
"GABPB2",0.00904,0.119,0.241,0.22,1,"GABPB2"
"LAMB3",0.00905,0.841,0.015,0.011,1,"LAMB3"
"ADGRL2",0.00909,-0.299,0.107,0.12,1,"ADGRL2"
"MTUS1",0.00912,-0.262,0.437,0.385,1,"MTUS1"
"EGFR",0.00922,0.137,0.438,0.4,1,"EGFR"
"RGS16",0.00926,0.681,0.047,0.039,1,"RGS16"
"ZXDA",0.0093,0.17,0.07,0.06,1,"ZXDA"
"ENSG00000285253",0.00938,0.151,0.164,0.148,1,"ENSG00000285253"
"RECQL4",0.00942,-0.359,0.046,0.054,1,"RECQL4"
"CTSZ",0.00944,0.333,0.046,0.038,1,"CTSZ"
"PCDHGA9",0.00945,0.546,0.018,0.013,1,"PCDHGA9"
"SLC7A5",0.0096,0.322,0.066,0.056,1,"SLC7A5"
"MBTPS1",0.00964,0.15,0.519,0.491,1,"MBTPS1"
"HS3ST4",0.00973,0.531,0.012,0.008,1,"HS3ST4"
"IRX5",0.00976,0.214,0.04,0.033,1,"IRX5"
"C4orf33",0.00976,0.185,0.185,0.169,1,"C4orf33"
"PLD6",0.00981,0.316,0.01,0.006,1,"PLD6"
"ZNF283",0.0101,-0.252,0.033,0.04,1,"ZNF283"
"ENSG00000279792",0.0101,-0.538,0.01,0.014,1,"ENSG00000279792"
"ZIM2",0.0101,0.747,0.02,0.015,1,"ZIM2"
"PROCA1",0.0102,-0.142,0.05,0.059,1,"PROCA1"
"AXIN2",0.0102,0.221,0.111,0.099,1,"AXIN2"
"TRMT44",0.0102,-0.107,0.227,0.238,1,"TRMT44"
"CCDC142",0.0103,0.303,0.091,0.079,1,"CCDC142"
"SPDYE1",0.0104,0.142,0.1,0.087,1,"SPDYE1"
"CSRNP2",0.0105,0.129,0.314,0.289,1,"CSRNP2"
"POLE2",0.0105,-0.205,0.262,0.273,1,"POLE2"
"ZNF624",0.0105,0.112,0.194,0.176,1,"ZNF624"
"COX19",0.0105,0.109,0.325,0.3,1,"COX19"
"ENSG00000280244",0.0107,0.358,0.021,0.016,1,"ENSG00000280244"
"ZNF559-ZNF177",0.0107,0.169,0.234,0.215,1,"ZNF559-ZNF177"
"SCN11A",0.0107,0.14,0.039,0.032,1,"SCN11A"
"MAFK",0.0108,0.416,0.024,0.018,1,"MAFK"
"LCMT2",0.0108,0.186,0.081,0.07,1,"LCMT2"
"ARL5B",0.0108,0.155,0.447,0.421,1,"ARL5B"
"SMC1B",0.0109,0.524,0.049,0.041,1,"SMC1B"
"STON1-GTF2A1L",0.0109,0.436,0.035,0.028,1,"STON1-GTF2A1L"
"NPB",0.0109,-0.111,0.089,0.077,1,"NPB"
"PPP2R3A",0.011,-0.147,0.693,0.678,1,"PPP2R3A"
"GYS2",0.011,0.528,0.011,0.008,1,"GYS2"
"TRIM4",0.0111,-0.438,0.056,0.064,1,"TRIM4"
"ZBED1",0.0113,0.124,0.315,0.293,1,"ZBED1"
"MDC1",0.0113,0.117,0.245,0.225,1,"MDC1"
"RNF152",0.0113,0.175,0.12,0.134,1,"RNF152"
"ENSG00000285943",0.0113,0.611,0.012,0.008,1,"ENSG00000285943"
"RRP1B",0.0115,0.111,0.501,0.476,1,"RRP1B"
"CPXM1",0.0116,0.336,0.027,0.021,1,"CPXM1"
"ZKSCAN2",0.0119,-0.2,0.115,0.126,1,"ZKSCAN2"
"RPS6KA6",0.0119,-0.139,0.204,0.217,1,"RPS6KA6"
"CAND2",0.012,0.146,0.115,0.102,1,"CAND2"
"CCDC152",0.012,0.192,0.075,0.065,1,"CCDC152"
"RBM14-RBM4",0.0121,-0.163,0.114,0.125,1,"RBM14-RBM4"
"SLFNL1",0.0122,-0.293,0.062,0.071,1,"SLFNL1"
"SERPINB1",0.0122,0.53,0.025,0.019,1,"SERPINB1"
"FAM53B",0.0122,0.153,0.276,0.256,1,"FAM53B"
"PRH1",0.0123,0.15,0.593,0.577,1,"PRH1"
"H2AC20",0.0123,-0.307,0.43,0.402,1,"H2AC20"
"GABRQ",0.0123,-0.161,0.015,0.02,1,"GABRQ"
"ZNF750",0.0123,-0.423,0.009,0.013,1,"ZNF750"
"ENSG00000279901",0.0124,0.345,0.033,0.027,1,"ENSG00000279901"
"WDR5",0.0124,0.129,0.264,0.244,1,"WDR5"
"TEKT2",0.0124,0.274,0.013,0.009,1,"TEKT2"
"POU3F4",0.0124,0.138,0.31,0.286,1,"POU3F4"
"C4orf45",0.0125,-0.219,0.066,0.076,1,"C4orf45"
"RPS6KA1",0.0125,-0.313,0.023,0.029,1,"RPS6KA1"
"MYH15",0.0126,-0.511,0.008,0.011,1,"MYH15"
"ENSG00000279133",0.0126,0.27,0.109,0.097,1,"ENSG00000279133"
"SLCO1B1",0.0127,0.204,0.017,0.013,1,"SLCO1B1"
"ZNF70",0.0128,0.108,0.094,0.083,1,"ZNF70"
"FBXO10",0.013,0.181,0.288,0.268,1,"FBXO10"
"NUP188",0.0131,0.116,0.299,0.278,1,"NUP188"
"TRO",0.0132,0.223,0.198,0.181,1,"TRO"
"EPB41L1",0.0132,-0.123,0.248,0.222,1,"EPB41L1"
"SLC24A2",0.0133,0.116,0.014,0.019,1,"SLC24A2"
"NSD1",0.0133,0.183,0.488,0.472,1,"NSD1"
"GAL3ST1",0.0133,-0.268,0.007,0.01,1,"GAL3ST1"
"GOLGA8R",0.0133,0.313,0.012,0.008,1,"GOLGA8R"
"TUBB3",0.0134,0.171,0.396,0.418,1,"TUBB3"
"SMCO2",0.0134,-0.593,0.009,0.013,1,"SMCO2"
"HPCAL1",0.0135,-0.173,0.261,0.231,1,"HPCAL1"
"POLK",0.0136,0.101,0.626,0.602,1,"POLK"
"RAG2",0.0136,0.666,0.01,0.007,1,"RAG2"
"H4C11",0.0136,0.405,0.023,0.018,1,"H4C11"
"WEE2",0.0138,0.478,0.012,0.009,1,"WEE2"
"SERPINF1",0.0138,0.366,0.035,0.028,1,"SERPINF1"
"TEDC1",0.0139,-0.136,0.069,0.078,1,"TEDC1"
"KIF2A",0.0139,0.139,0.948,0.95,1,"KIF2A"
"STAB2",0.014,-0.424,0.009,0.013,1,"STAB2"
"MYRF",0.0142,-0.519,0.006,0.01,1,"MYRF"
"CUX2",0.0144,0.418,0.25,0.276,1,"CUX2"
"GABRA3",0.0145,0.431,0.072,0.063,1,"GABRA3"
"TSBP1",0.0145,-0.169,0.019,0.024,1,"TSBP1"
"RASSF3",0.0146,-0.504,0.029,0.036,1,"RASSF3"
"TTC13",0.0146,-0.18,0.27,0.277,1,"TTC13"
"TRIM26",0.0146,0.143,0.275,0.255,1,"TRIM26"
"GCK",0.0148,0.716,0.01,0.006,1,"GCK"
"SVBP",0.0149,0.156,0.732,0.716,1,"SVBP"
"AQP11",0.0149,0.12,0.126,0.113,1,"AQP11"
"EVI5L",0.015,0.118,0.138,0.123,1,"EVI5L"
"OTUB2",0.015,0.227,0.066,0.057,1,"OTUB2"
"PZP",0.0154,0.321,0.078,0.069,1,"PZP"
"GPR179",0.0155,0.77,0.01,0.007,1,"GPR179"
"PPP2R1B",0.0155,0.169,0.275,0.256,1,"PPP2R1B"
"AOX1",0.0156,-0.553,0.009,0.013,1,"AOX1"
"TBXA2R",0.0156,0.156,0.018,0.014,1,"TBXA2R"
"NIPA1",0.0157,0.139,0.325,0.302,1,"NIPA1"
"IP6K2",0.0158,0.132,0.786,0.774,1,"IP6K2"
"CP",0.0159,0.598,0.028,0.022,1,"CP"
"SNX25",0.016,0.119,0.526,0.495,1,"SNX25"
"PHC1",0.0161,0.126,0.401,0.375,1,"PHC1"
"KLHL17",0.0161,0.295,0.034,0.027,1,"KLHL17"
"CAMK2B",0.0162,-0.616,0.036,0.042,1,"CAMK2B"
"EWSR1",0.0164,0.108,0.731,0.722,1,"EWSR1"
"ARG1",0.0165,0.672,0.03,0.024,1,"ARG1"
"TSSK6",0.0166,0.388,0.02,0.015,1,"TSSK6"
"CCDC200",0.0166,-1.099,0.011,0.015,1,"CCDC200"
"FMN1",0.0167,0.917,0.015,0.011,1,"FMN1"
"ENSG00000291239",0.0168,-0.215,0.028,0.034,1,"ENSG00000291239"
"ZNF311",0.0168,0.867,0.011,0.008,1,"ZNF311"
"ENSG00000279364",0.0169,0.568,0.014,0.01,1,"ENSG00000279364"
"ASIP",0.017,0.156,0.044,0.037,1,"ASIP"
"SPIN2A",0.0173,0.274,0.022,0.017,1,"SPIN2A"
"ZNF25",0.0174,0.135,0.331,0.307,1,"ZNF25"
"C2CD2L",0.0177,0.179,0.042,0.035,1,"C2CD2L"
"TMEM79",0.0178,0.138,0.043,0.036,1,"TMEM79"
"RNF182",0.0179,0.165,0.093,0.082,1,"RNF182"
"NOVA2",0.0181,0.165,0.526,0.504,1,"NOVA2"
"DEGS2",0.0182,-0.272,0.016,0.021,1,"DEGS2"
"NFKBID",0.0182,0.165,0.022,0.017,1,"NFKBID"
"CEACAM19",0.0182,-0.42,0.033,0.039,1,"CEACAM19"
"LRRC55",0.0182,-0.496,0.028,0.034,1,"LRRC55"
"ZNF554",0.0183,0.199,0.07,0.06,1,"ZNF554"
"SKP2",0.0184,-0.121,0.27,0.278,1,"SKP2"
"TMEM86B",0.0184,0.683,0.012,0.008,1,"TMEM86B"
"ABCC8",0.0186,-0.298,0.068,0.077,1,"ABCC8"
"RBM5",0.0186,0.102,0.663,0.648,1,"RBM5"
"ZNF136",0.0186,-0.109,0.207,0.217,1,"ZNF136"
"WDR86",0.0187,-0.271,0.078,0.086,1,"WDR86"
"HPX",0.0189,-0.386,0.014,0.019,1,"HPX"
"RIMS4",0.019,-0.281,0.049,0.04,1,"RIMS4"
"TM4SF20",0.0191,-0.177,0.01,0.014,1,"TM4SF20"
"RALGPS2",0.0192,-0.122,0.477,0.475,1,"RALGPS2"
"PCDHA6",0.0193,-0.385,0.012,0.016,1,"PCDHA6"
"FBP2",0.0194,0.196,0.085,0.075,1,"FBP2"
"DTYMK",0.0196,0.144,0.448,0.423,1,"DTYMK"
"IGSF9",0.0199,-0.234,0.033,0.039,1,"IGSF9"
"ENSG00000279203",0.0202,0.13,0.05,0.042,1,"ENSG00000279203"
"FMNL1",0.0204,-0.628,0.007,0.01,1,"FMNL1"
"PLXDC1",0.0204,-0.222,0.008,0.011,1,"PLXDC1"
"ZBTB39",0.0207,0.143,0.11,0.099,1,"ZBTB39"
"SERPING1",0.0209,0.435,0.019,0.015,1,"SERPING1"
"ACTR5",0.021,-0.152,0.109,0.118,1,"ACTR5"
"CCDC97",0.0212,0.115,0.22,0.202,1,"CCDC97"
"KBTBD8",0.0217,0.514,0.013,0.009,1,"KBTBD8"
"RPA4",0.0219,0.743,0.011,0.008,1,"RPA4"
"PVR",0.022,0.114,0.107,0.095,1,"PVR"
"CTHRC1",0.022,0.321,0.029,0.023,1,"CTHRC1"
"C17orf113",0.0222,0.46,0.014,0.01,1,"C17orf113"
"FABP3",0.0223,0.166,0.03,0.024,1,"FABP3"
"MZT1",0.0223,-0.292,0.358,0.354,1,"MZT1"
"DET1",0.0224,-0.27,0.016,0.021,1,"DET1"
"CNTD1",0.0225,0.229,0.042,0.035,1,"CNTD1"
"GRM7",0.0225,-0.141,0.074,0.064,1,"GRM7"
"PDZK1",0.0226,0.256,0.064,0.056,1,"PDZK1"
"CNOT4",0.0226,0.107,0.826,0.816,1,"CNOT4"
"ZNF575",0.0227,0.235,0.037,0.031,1,"ZNF575"
"ENSG00000279103",0.0231,0.152,0.066,0.058,1,"ENSG00000279103"
"TBC1D2",0.0231,0.105,0.079,0.069,1,"TBC1D2"
"MYCL",0.0231,0.417,0.048,0.041,1,"MYCL"
"GNAT2",0.0232,0.403,0.028,0.023,1,"GNAT2"
"COL4A3",0.0235,0.318,0.037,0.031,1,"COL4A3"
"TSTD2",0.0235,0.137,0.536,0.512,1,"TSTD2"
"SRGN",0.0236,0.811,0.014,0.01,1,"SRGN"
"ZNF37A",0.0239,0.137,0.652,0.632,1,"ZNF37A"
"FLT3LG",0.0239,0.169,0.013,0.01,1,"FLT3LG"
"EVC",0.0241,0.181,0.276,0.256,1,"EVC"
"ENSG00000278987",0.0241,-0.439,0.018,0.023,1,"ENSG00000278987"
"CHRM4",0.0243,0.35,0.035,0.042,1,"CHRM4"
"C16orf96",0.0244,0.763,0.013,0.01,1,"C16orf96"
"EPHX3",0.0244,-0.291,0.017,0.021,1,"EPHX3"
"SFI1",0.0244,-0.134,0.245,0.254,1,"SFI1"
"PCDHAC1",0.0245,0.155,0.044,0.037,1,"PCDHAC1"
"FAM186B",0.0247,0.344,0.02,0.016,1,"FAM186B"
"MAGED4",0.0248,0.379,0.01,0.007,1,"MAGED4"
"CHRAC1",0.025,0.137,0.216,0.199,1,"CHRAC1"
"RPP25",0.0252,-0.166,0.031,0.037,1,"RPP25"
"RIOX1",0.0253,0.154,0.073,0.064,1,"RIOX1"
"COL9A1",0.0253,-0.331,0.049,0.057,1,"COL9A1"
"NPIPB11",0.0255,0.195,0.021,0.016,1,"NPIPB11"
"ZNF559",0.0255,0.131,0.193,0.178,1,"ZNF559"
"ENSG00000280432",0.0256,0.139,0.028,0.023,1,"ENSG00000280432"
"ENSG00000188897",0.0256,0.165,0.023,0.018,1,"ENSG00000188897"
"POLM",0.0256,0.102,0.09,0.08,1,"POLM"
"SMIM38",0.0257,0.455,0.01,0.007,1,"SMIM38"
"CLDN15",0.0257,0.504,0.031,0.025,1,"CLDN15"
"INPP5E",0.0258,0.208,0.128,0.116,1,"INPP5E"
"UPK1B",0.0258,-0.29,0.01,0.014,1,"UPK1B"
"RSPH9",0.0258,0.292,0.04,0.034,1,"RSPH9"
"DOK4",0.026,-0.189,0.039,0.045,1,"DOK4"
"PPP1R14B",0.0261,0.127,0.972,0.974,1,"PPP1R14B"
"TFAP2E",0.0263,0.296,0.039,0.033,1,"TFAP2E"
"TRIM17",0.0264,0.268,0.021,0.016,1,"TRIM17"
"SLC47A1",0.0265,-0.289,0.017,0.022,1,"SLC47A1"
"TOMM20L",0.0265,0.259,0.019,0.015,1,"TOMM20L"
"ZNF140",0.0265,0.141,0.364,0.343,1,"ZNF140"
"CAMKK2",0.0265,-0.124,0.325,0.328,1,"CAMKK2"
"ENSG00000280163",0.0265,0.178,0.014,0.01,1,"ENSG00000280163"
"FLNB",0.0266,-0.163,0.124,0.133,1,"FLNB"
"FRAT1",0.0266,0.253,0.073,0.083,1,"FRAT1"
"SDK2",0.0266,-0.227,0.304,0.271,1,"SDK2"
"PROM2",0.0268,-0.478,0.009,0.013,1,"PROM2"
"SAC3D1",0.0274,0.159,0.422,0.403,1,"SAC3D1"
"IQCD",0.0276,0.256,0.076,0.068,1,"IQCD"
"PRPF18",0.0277,0.143,0.563,0.541,1,"PRPF18"
"GTF2IRD2B",0.0277,-0.147,0.41,0.408,1,"GTF2IRD2B"
"EHMT2",0.0278,0.123,0.505,0.48,1,"EHMT2"
"CLDN5",0.028,0.51,0.054,0.047,1,"CLDN5"
"PCDH9",0.0284,-1.197,0.548,0.505,1,"PCDH9"
"ERBB3",0.0285,0.359,0.013,0.01,1,"ERBB3"
"PANK3",0.0287,0.125,0.673,0.662,1,"PANK3"
"SMG9",0.0287,0.133,0.239,0.221,1,"SMG9"
"MPP1",0.0287,0.174,0.102,0.092,1,"MPP1"
"FXYD6-FXYD2",0.0288,0.34,0.021,0.016,1,"FXYD6-FXYD2"
"IL18BP",0.0291,0.259,0.033,0.028,1,"IL18BP"
"ZNF550",0.0296,0.125,0.086,0.076,1,"ZNF550"
"NRTN",0.0297,0.463,0.011,0.008,1,"NRTN"
"CD68",0.0298,0.235,0.011,0.008,1,"CD68"
"DNAJC27",0.03,0.107,0.268,0.249,1,"DNAJC27"
"ALX3",0.0301,0.532,0.014,0.01,1,"ALX3"
"PDC",0.0301,0.221,0.027,0.022,1,"PDC"
"PDZD9",0.0303,0.217,0.021,0.016,1,"PDZD9"
"DGAT2L6",0.0304,0.529,0.01,0.007,1,"DGAT2L6"
"SYT9",0.0305,0.366,0.028,0.023,1,"SYT9"
"ZC3H3",0.0305,0.153,0.166,0.151,1,"ZC3H3"
"TMEM150B",0.0308,-0.489,0.007,0.01,1,"TMEM150B"
"MAPK13",0.0308,-0.414,0.007,0.01,1,"MAPK13"
"DCLK2",0.0311,0.141,0.982,0.981,1,"DCLK2"
"CHRM5",0.0311,0.16,0.059,0.051,1,"CHRM5"
"ASIC4",0.0312,-0.213,0.008,0.011,1,"ASIC4"
"PCSK4",0.0312,0.376,0.024,0.02,1,"PCSK4"
"TRIM46",0.0314,-0.269,0.079,0.087,1,"TRIM46"
"LNP1",0.0315,-0.158,0.092,0.1,1,"LNP1"
"LEFTY1",0.0315,-0.2,0.011,0.015,1,"LEFTY1"
"GPR85",0.0319,-0.744,0.016,0.021,1,"GPR85"
"ASB14",0.032,0.28,0.083,0.074,1,"ASB14"
"DCHS2",0.0321,0.143,0.038,0.032,1,"DCHS2"
"HLA-DPB1",0.0322,0.896,0.021,0.017,1,"HLA-DPB1"
"AMBP",0.0322,-0.17,0.007,0.01,1,"AMBP"
"CKAP2",0.0327,-0.485,0.517,0.477,1,"CKAP2"
"MFSD2B",0.0329,-0.1,0.048,0.055,1,"MFSD2B"
"KLHL2",0.033,0.326,0.503,0.488,1,"KLHL2"
"LAT2",0.033,-0.196,0.057,0.064,1,"LAT2"
"PHF7",0.0332,-0.195,0.136,0.145,1,"PHF7"
"SNX10",0.0334,-0.313,0.017,0.013,1,"SNX10"
"CAMKV",0.0339,-0.459,0.016,0.02,1,"CAMKV"
"SRSF1",0.0339,0.1,0.452,0.43,1,"SRSF1"
"ENSG00000280106",0.034,0.319,0.027,0.022,1,"ENSG00000280106"
"LRRD1",0.0341,-0.149,0.031,0.037,1,"LRRD1"
"ANAPC15",0.0342,0.183,0.407,0.385,1,"ANAPC15"
"SLC16A4",0.0344,0.178,0.271,0.254,1,"SLC16A4"
"ENSG00000280388",0.0347,0.347,0.015,0.011,1,"ENSG00000280388"
"BCL2L15",0.0349,-0.279,0.011,0.014,1,"BCL2L15"
"MTCP1",0.035,0.122,0.128,0.116,1,"MTCP1"
"SSTR2",0.0354,0.139,0.014,0.018,1,"SSTR2"
"ING5",0.0357,0.116,0.362,0.341,1,"ING5"
"LY6G5B",0.0363,-0.625,0.013,0.016,1,"LY6G5B"
"TEX29",0.0364,0.346,0.025,0.02,1,"TEX29"
"CEL",0.0368,0.277,0.015,0.012,1,"CEL"
"MGAT3",0.0374,0.127,0.134,0.121,1,"MGAT3"
"ASAH2",0.0376,0.199,0.014,0.01,1,"ASAH2"
"ENSG00000279544",0.0377,0.223,0.047,0.041,1,"ENSG00000279544"
"DNAJC5B",0.0379,-1.112,0.007,0.01,1,"DNAJC5B"
"FBXO33",0.0382,-0.101,0.326,0.327,1,"FBXO33"
"NHSL2",0.0383,0.343,0.024,0.019,1,"NHSL2"
"ENSG00000279880",0.0384,-0.202,0.037,0.043,1,"ENSG00000279880"
"CCDC85A",0.0384,-0.185,0.012,0.009,1,"CCDC85A"
"ENTPD3",0.0391,0.328,0.031,0.026,1,"ENTPD3"
"ARRDC4",0.0393,-0.244,0.392,0.391,1,"ARRDC4"
"CCDC39",0.0401,0.194,0.034,0.029,1,"CCDC39"
"ENSG00000279977",0.0402,-0.477,0.016,0.02,1,"ENSG00000279977"
"PPL",0.0406,0.242,0.034,0.028,1,"PPL"
"CNNM4",0.0411,-0.252,0.102,0.11,1,"CNNM4"
"ZYG11A",0.0412,0.392,0.015,0.012,1,"ZYG11A"
"ZBED5",0.0413,0.131,0.491,0.468,1,"ZBED5"
"TCOF1",0.0415,0.148,0.246,0.229,1,"TCOF1"
"FBXO41",0.0417,-0.194,0.063,0.07,1,"FBXO41"
"PARVB",0.0417,-0.24,0.038,0.044,1,"PARVB"
"MSS51",0.0418,0.262,0.069,0.061,1,"MSS51"
"DEF6",0.0419,0.403,0.02,0.016,1,"DEF6"
"H4C2",0.042,-0.292,0.008,0.011,1,"H4C2"
"PPP1R1A",0.0423,-0.119,0.02,0.016,1,"PPP1R1A"
"ENSG00000279551",0.0424,0.392,0.013,0.017,1,"ENSG00000279551"
"AK5",0.0426,0.432,0.06,0.053,1,"AK5"
"PLN",0.0427,0.393,0.043,0.037,1,"PLN"
"FAR2",0.0434,-0.294,0.104,0.112,1,"FAR2"
"FUT2",0.0434,0.724,0.014,0.011,1,"FUT2"
"CA8",0.0441,-0.419,0.017,0.014,1,"CA8"
"BCL9",0.0444,0.104,0.611,0.585,1,"BCL9"
"ZNF525",0.0449,0.109,0.079,0.07,1,"ZNF525"
"HOOK3",0.0449,0.125,0.893,0.892,1,"HOOK3"
"HTR1F",0.0454,0.379,0.012,0.015,1,"HTR1F"
"ENSG00000279632",0.0454,0.19,0.018,0.014,1,"ENSG00000279632"
"ENSG00000280120",0.0455,-0.167,0.024,0.029,1,"ENSG00000280120"
"ZC3H18",0.0455,0.12,0.498,0.481,1,"ZC3H18"
"TRAPPC8",0.0458,0.111,0.532,0.507,1,"TRAPPC8"
"C6orf163",0.0465,0.273,0.019,0.015,1,"C6orf163"
"NPAS1",0.0466,-0.353,0.127,0.134,1,"NPAS1"
"KDM6A",0.0467,0.134,0.714,0.702,1,"KDM6A"
"TNFRSF6B",0.0472,0.211,0.01,0.007,1,"TNFRSF6B"
"SEC22A",0.0473,-0.163,0.489,0.48,1,"SEC22A"
"PELP1",0.0474,0.116,0.323,0.304,1,"PELP1"
"FXYD2",0.0476,0.271,0.019,0.016,1,"FXYD2"
"UHRF1BP1",0.0478,0.12,0.383,0.363,1,"UHRF1BP1"
"KCNC3",0.0478,-0.393,0.03,0.025,1,"KCNC3"
"RXRA",0.0478,0.111,0.251,0.235,1,"RXRA"
"GSDMB",0.0483,0.206,0.06,0.053,1,"GSDMB"
"CDK2",0.0483,0.108,0.136,0.125,1,"CDK2"
"ANKRD34A",0.0484,-0.239,0.011,0.014,1,"ANKRD34A"
"LRRC19",0.0487,0.31,0.047,0.041,1,"LRRC19"
"NUP85",0.0488,0.141,0.294,0.277,1,"NUP85"
"TAS2R14",0.0491,0.116,0.092,0.083,1,"TAS2R14"
"PLK2",0.0491,0.317,0.326,0.359,1,"PLK2"
"NAPB",0.0492,0.113,0.221,0.206,1,"NAPB"
"HCFC2",0.0496,0.102,0.454,0.43,1,"HCFC2"
"KIF21A",0.0497,0.148,0.943,0.944,1,"KIF21A"
"SYN3",0.0498,-1.196,0.09,0.079,1,"SYN3"
"GP6",0.0499,-0.297,0.025,0.03,1,"GP6"
"GNRHR",0.0502,0.194,0.033,0.028,1,"GNRHR"
"LIPA",0.0503,-0.207,0.198,0.178,1,"LIPA"
"LIN28B",0.0504,0.265,0.032,0.027,1,"LIN28B"
"ENSG00000288721",0.0508,0.132,0.021,0.017,1,"ENSG00000288721"
"AMT",0.0509,0.333,0.013,0.01,1,"AMT"
"ADGRA3",0.0515,0.105,0.641,0.619,1,"ADGRA3"
"GPD1L",0.0515,-0.179,0.081,0.072,1,"GPD1L"
"TUBB8",0.0517,-0.587,0.009,0.012,1,"TUBB8"
"EID3",0.0518,0.321,0.021,0.017,1,"EID3"
"PRSS53",0.0527,-0.229,0.015,0.019,1,"PRSS53"
"TEK",0.0528,0.208,0.035,0.04,1,"TEK"
"PIAS4",0.0528,0.132,0.238,0.221,1,"PIAS4"
"MTMR6",0.0532,0.199,0.42,0.401,1,"MTMR6"
"DUSP26",0.0534,0.16,0.034,0.04,1,"DUSP26"
"ABI3BP",0.0535,0.468,0.057,0.051,1,"ABI3BP"
"SLC35G5",0.0536,-0.18,0.016,0.02,1,"SLC35G5"
"DNM1P41",0.0537,-0.569,0.007,0.01,1,"DNM1P41"
"C16orf87",0.0537,0.149,0.67,0.649,1,"C16orf87"
"ENSG00000276256",0.0542,0.179,0.372,0.353,1,"ENSG00000276256"
"ENSG00000279659",0.0544,0.717,0.011,0.008,1,"ENSG00000279659"
"RYR1",0.0545,0.743,0.01,0.007,1,"RYR1"
"SPATA4",0.0561,0.323,0.011,0.008,1,"SPATA4"
"SAPCD1",0.0561,0.223,0.027,0.022,1,"SAPCD1"
"ST6GALNAC2",0.0561,0.421,0.01,0.007,1,"ST6GALNAC2"
"FAM83E",0.0562,0.216,0.02,0.016,1,"FAM83E"
"DCAF15",0.0566,0.149,0.245,0.23,1,"DCAF15"
"BANK1",0.0566,0.778,0.01,0.007,1,"BANK1"
"EIF3CL",0.0568,0.254,0.02,0.016,1,"EIF3CL"
"CORO1C",0.0568,0.204,0.849,0.863,1,"CORO1C"
"ZNF548",0.0568,0.144,0.169,0.156,1,"ZNF548"
"ENSG00000279207",0.0569,0.196,0.116,0.106,1,"ENSG00000279207"
"TCAIM",0.0569,-0.172,0.539,0.519,1,"TCAIM"
"PALM3",0.057,-0.249,0.024,0.029,1,"PALM3"
"ARFGEF3",0.0572,0.139,0.128,0.139,1,"ARFGEF3"
"MINAR1",0.0574,-0.225,0.017,0.02,1,"MINAR1"
"JMJD6",0.0577,0.176,0.187,0.174,1,"JMJD6"
"CFD",0.0592,0.344,0.023,0.019,1,"CFD"
"ZMIZ2",0.0593,0.15,0.225,0.211,1,"ZMIZ2"
"CSDC2",0.0593,0.113,0.094,0.104,1,"CSDC2"
"ACSBG2",0.0595,-0.201,0.045,0.05,1,"ACSBG2"
"ATP6V1FNB",0.0595,0.294,0.016,0.013,1,"ATP6V1FNB"
"TRABD2A",0.0599,0.396,0.012,0.009,1,"TRABD2A"
"HIP1R",0.0601,-0.148,0.312,0.312,1,"HIP1R"
"DNAH2",0.0605,-0.475,0.013,0.016,1,"DNAH2"
"LYG2",0.0606,0.121,0.05,0.044,1,"LYG2"
"FIGN",0.0608,-0.771,0.379,0.327,1,"FIGN"
"IHO1",0.061,0.383,0.014,0.011,1,"IHO1"
"KCNJ13",0.0615,0.299,0.055,0.048,1,"KCNJ13"
"ENSG00000256100",0.0623,-0.546,0.012,0.015,1,"ENSG00000256100"
"YPEL4",0.0626,0.139,0.027,0.023,1,"YPEL4"
"TEX12",0.0627,0.249,0.012,0.009,1,"TEX12"
"SPDYA",0.0627,0.203,0.216,0.204,1,"SPDYA"
"PPCDC",0.063,-0.202,0.33,0.328,1,"PPCDC"
"JSRP1",0.063,-0.25,0.008,0.01,1,"JSRP1"
"NPIPB3",0.0636,0.245,0.019,0.016,1,"NPIPB3"
"TRIM59",0.0639,-0.441,0.242,0.219,1,"TRIM59"
"ENSG00000278983",0.065,-0.37,0.008,0.01,1,"ENSG00000278983"
"BORCS7-ASMT",0.0652,0.211,0.038,0.033,1,"BORCS7-ASMT"
"C1orf105",0.0653,0.607,0.018,0.015,1,"C1orf105"
"USP31",0.0657,0.153,0.394,0.376,1,"USP31"
"C17orf75",0.0661,0.1,0.332,0.313,1,"C17orf75"
"SLC10A1",0.0667,0.292,0.044,0.038,1,"SLC10A1"
"RETREG3",0.0669,0.113,0.272,0.255,1,"RETREG3"
"ENSG00000279283",0.068,-0.152,0.046,0.051,1,"ENSG00000279283"
"PWAR1",0.0681,-0.277,0.036,0.041,1,"PWAR1"
"DCUN1D2",0.0682,0.125,0.29,0.273,1,"DCUN1D2"
"ABCC6",0.0684,0.316,0.022,0.018,1,"ABCC6"
"WTAP",0.0692,0.135,0.745,0.739,1,"WTAP"
"PCDHB13",0.0696,-0.161,0.028,0.033,1,"PCDHB13"
"FBXW4",0.0701,0.308,0.019,0.015,1,"FBXW4"
"SLC25A31",0.0703,0.243,0.01,0.007,1,"SLC25A31"
"ZNF132",0.0707,0.297,0.012,0.009,1,"ZNF132"
"GOLGA8H",0.0721,0.45,0.02,0.017,1,"GOLGA8H"
"WFIKKN1",0.0723,0.279,0.01,0.008,1,"WFIKKN1"
"LZTS1",0.0724,0.248,0.34,0.367,1,"LZTS1"
"SHISA9",0.0727,-1.437,0.023,0.027,1,"SHISA9"
"ZNF529",0.0744,0.122,0.419,0.399,1,"ZNF529"
"NEFH",0.0746,-0.505,0.015,0.018,1,"NEFH"
"USP44",0.075,0.441,0.036,0.031,1,"USP44"
"RYBP",0.0753,0.522,0.738,0.738,1,"RYBP"
"RAB35",0.0758,0.115,0.245,0.23,1,"RAB35"
"PCDHB16",0.0758,0.258,0.135,0.126,1,"PCDHB16"
"RGL4",0.0761,0.372,0.015,0.012,1,"RGL4"
"C2CD4C",0.0762,0.15,0.032,0.028,1,"C2CD4C"
"ITGB3BP",0.0762,-0.141,0.447,0.438,1,"ITGB3BP"
"INTS15",0.0767,0.102,0.198,0.184,1,"INTS15"
"MIA",0.0768,0.145,0.011,0.008,1,"MIA"
"ERICH6",0.0777,0.35,0.011,0.008,1,"ERICH6"
"GRID2IP",0.078,0.207,0.029,0.025,1,"GRID2IP"
"PRSS27",0.0783,0.118,0.049,0.043,1,"PRSS27"
"ICA1",0.0784,0.428,0.051,0.045,1,"ICA1"
"THOC6",0.0787,0.156,0.199,0.186,1,"THOC6"
"NLRP2",0.0789,-0.735,0.01,0.012,1,"NLRP2"
"ZNF844",0.079,0.123,0.171,0.16,1,"ZNF844"
"ZSCAN16",0.0803,0.225,0.16,0.15,1,"ZSCAN16"
"DISP1",0.0804,-0.116,0.476,0.465,1,"DISP1"
"PTPDC1",0.0804,-0.13,0.315,0.317,1,"PTPDC1"
"CYYR1",0.0806,0.103,0.089,0.081,1,"CYYR1"
"PTS",0.0814,0.118,0.65,0.635,1,"PTS"
"ENSG00000279384",0.0815,0.164,0.011,0.009,1,"ENSG00000279384"
"GPR183",0.0816,0.521,0.014,0.011,1,"GPR183"
"FAM229A",0.0817,0.323,0.029,0.025,1,"FAM229A"
"ZNF528",0.0823,-0.207,0.041,0.046,1,"ZNF528"
"ENSG00000280295",0.0825,-0.521,0.009,0.012,1,"ENSG00000280295"
"NEK11",0.0826,-0.158,0.055,0.061,1,"NEK11"
"HAUS3",0.0826,-0.131,0.07,0.076,1,"HAUS3"
"PXDN",0.0838,0.137,0.464,0.451,1,"PXDN"
"ZNF484",0.0839,0.135,0.277,0.261,1,"ZNF484"
"RAPGEF4",0.0839,-0.402,0.099,0.088,1,"RAPGEF4"
"KBTBD11",0.0843,-0.104,0.16,0.167,1,"KBTBD11"
"RAE1",0.0848,0.103,0.368,0.347,1,"RAE1"
"YIPF7",0.0853,-0.213,0.047,0.053,1,"YIPF7"
"COL17A1",0.0859,0.467,0.01,0.008,1,"COL17A1"
"SLC7A8",0.0866,0.868,0.024,0.02,1,"SLC7A8"
"CELA2B",0.0867,0.507,0.023,0.02,1,"CELA2B"
"EFNA5",0.0871,-0.666,0.386,0.379,1,"EFNA5"
"GCH1",0.0876,-0.963,0.011,0.014,1,"GCH1"
"GRM5",0.0877,-0.628,0.066,0.059,1,"GRM5"
"RGMB",0.0878,-0.252,0.21,0.214,1,"RGMB"
"SERHL2",0.0905,0.108,0.088,0.08,1,"SERHL2"
"WEE1",0.091,-0.156,0.32,0.317,1,"WEE1"
"PROSER1",0.0912,0.171,0.325,0.31,1,"PROSER1"
"HRK",0.0915,0.356,0.042,0.037,1,"HRK"
"HCRTR1",0.0918,0.133,0.011,0.008,1,"HCRTR1"
"CFAP58",0.0926,-0.18,0.011,0.008,1,"CFAP58"
"NXPH4",0.0929,-0.274,0.009,0.011,1,"NXPH4"
"ENSG00000279700",0.0946,-0.13,0.048,0.053,1,"ENSG00000279700"
"MCM4",0.0949,0.258,0.258,0.248,1,"MCM4"
"ENSG00000279099",0.0956,0.596,0.06,0.055,1,"ENSG00000279099"
"DNAJC6",0.0957,-0.115,0.198,0.205,1,"DNAJC6"
"MAP2K7",0.0968,0.104,0.241,0.226,1,"MAP2K7"
"FARP1",0.0968,0.546,0.858,0.856,1,"FARP1"
"SRC",0.0969,0.148,0.244,0.231,1,"SRC"
"HACD4",0.097,-0.189,0.034,0.039,1,"HACD4"
"NPIPA9",0.097,0.159,0.022,0.018,1,"NPIPA9"
"FBLN7",0.0971,-0.219,0.127,0.133,1,"FBLN7"
"HSDL1",0.0973,0.105,0.396,0.375,1,"HSDL1"
"ZNF878",0.0976,-0.323,0.016,0.019,1,"ZNF878"
"PCDH11Y",0.0978,-0.244,0.018,0.021,1,"PCDH11Y"
"TMCC3",0.0981,0.358,0.051,0.057,1,"TMCC3"
"IFT122",0.0984,-0.103,0.262,0.24,1,"IFT122"
"PPEF1",0.0995,0.463,0.01,0.008,1,"PPEF1"
"ENSG00000280047",0.1,0.114,0.067,0.06,1,"ENSG00000280047"
"ENSG00000279147",0.101,-0.139,0.009,0.012,1,"ENSG00000279147"
"ENSG00000289687",0.102,0.297,0.016,0.013,1,"ENSG00000289687"
"SIK1",0.103,0.326,0.085,0.093,1,"SIK1"
"SSUH2",0.103,0.191,0.02,0.017,1,"SSUH2"
"STK32B",0.103,-0.134,0.024,0.028,1,"STK32B"
"AKAP8",0.105,0.102,0.286,0.27,1,"AKAP8"
"NPIPB6",0.105,0.231,0.013,0.01,1,"NPIPB6"
"PRICKLE1",0.106,-0.782,0.02,0.024,1,"PRICKLE1"
"RCC2",0.106,0.133,0.53,0.513,1,"RCC2"
"TERF1",0.106,0.112,0.652,0.637,1,"TERF1"
"SLC24A5",0.107,0.314,0.045,0.04,1,"SLC24A5"
"STAT6",0.108,0.296,0.017,0.014,1,"STAT6"
"TLE3",0.108,0.139,0.307,0.32,1,"TLE3"
"TEX52",0.108,-0.207,0.009,0.011,1,"TEX52"
"ANKLE2",0.109,0.137,0.462,0.446,1,"ANKLE2"
"TRIO",0.109,0.152,0.958,0.969,1,"TRIO"
"PDZRN4",0.11,0.463,0.353,0.391,1,"PDZRN4"
"TMEM88",0.111,0.378,0.018,0.015,1,"TMEM88"
"MFSD13A",0.111,0.229,0.127,0.119,1,"MFSD13A"
"ZNF354B",0.111,-0.104,0.175,0.181,1,"ZNF354B"
"MORC2",0.111,0.127,0.396,0.379,1,"MORC2"
"ATAD2B",0.113,0.174,0.798,0.787,1,"ATAD2B"
"ENSG00000279059",0.113,0.268,0.027,0.023,1,"ENSG00000279059"
"TMSB10",0.113,0.252,0.991,0.995,1,"TMSB10"
"FAM171A2",0.113,0.146,0.273,0.26,1,"FAM171A2"
"SLC5A11",0.114,-0.25,0.019,0.022,1,"SLC5A11"
"ALKAL2",0.114,-0.168,0.011,0.009,1,"ALKAL2"
"SULF1",0.115,0.189,0.074,0.081,1,"SULF1"
"PATJ",0.115,-0.196,0.259,0.261,1,"PATJ"
"PDZD2",0.115,-0.318,0.147,0.154,1,"PDZD2"
"GCNT7",0.115,0.207,0.061,0.055,1,"GCNT7"
"TRIM7",0.116,-0.481,0.01,0.013,1,"TRIM7"
"EFCAB12",0.116,0.166,0.019,0.016,1,"EFCAB12"
"KCNH1",0.116,0.338,0.022,0.019,1,"KCNH1"
"KMT2E",0.116,0.117,0.963,0.968,1,"KMT2E"
"PPP4R3A",0.116,0.124,0.691,0.682,1,"PPP4R3A"
"ACOT12",0.117,0.263,0.052,0.046,1,"ACOT12"
"SSH3",0.119,0.415,0.016,0.013,1,"SSH3"
"LBHD1",0.119,0.182,0.012,0.01,1,"LBHD1"
"COL4A4",0.12,-0.474,0.01,0.013,1,"COL4A4"
"ZNF555",0.121,-0.115,0.115,0.121,1,"ZNF555"
"SINHCAF",0.121,0.126,0.46,0.473,1,"SINHCAF"
"CCNP",0.121,0.592,0.013,0.011,1,"CCNP"
"ANKRD53",0.121,0.299,0.013,0.01,1,"ANKRD53"
"MCF2",0.121,-0.162,0.047,0.042,1,"MCF2"
"ZNF536",0.122,0.594,0.535,0.543,1,"ZNF536"
"SMAGP",0.122,0.11,0.016,0.013,1,"SMAGP"
"SMIM17",0.123,-0.167,0.076,0.082,1,"SMIM17"
"IBA57",0.123,-0.147,0.066,0.071,1,"IBA57"
"IFI44",0.124,0.388,0.265,0.254,1,"IFI44"
"LIPT2",0.124,0.263,0.027,0.024,1,"LIPT2"
"ENSG00000279786",0.124,0.438,0.017,0.014,1,"ENSG00000279786"
"ALOX5",0.127,-0.216,0.008,0.01,1,"ALOX5"
"CLMN",0.127,0.152,0.014,0.012,1,"CLMN"
"ZNF230",0.127,-0.176,0.065,0.07,1,"ZNF230"
"SAMD5",0.13,0.157,0.014,0.017,1,"SAMD5"
"KHDRBS3",0.13,-0.23,0.174,0.18,1,"KHDRBS3"
"ENSG00000280355",0.13,-0.294,0.009,0.012,1,"ENSG00000280355"
"SMYD2",0.131,-0.104,0.229,0.232,1,"SMYD2"
"ART3",0.132,0.471,0.021,0.018,1,"ART3"
"DCHS1",0.133,0.162,0.312,0.325,1,"DCHS1"
"PFN2",0.135,0.109,0.968,0.953,1,"PFN2"
"PAPLN",0.135,0.122,0.029,0.025,1,"PAPLN"
"PDE6C",0.135,0.256,0.03,0.026,1,"PDE6C"
"CENPT",0.136,0.162,0.179,0.169,1,"CENPT"
"BMI1",0.136,0.104,0.393,0.375,1,"BMI1"
"RAB42",0.136,0.167,0.016,0.013,1,"RAB42"
"ASTE1",0.137,-0.135,0.016,0.019,1,"ASTE1"
"ENSG00000279250",0.138,-0.316,0.008,0.011,1,"ENSG00000279250"
"TNXB",0.141,-0.115,0.031,0.035,1,"TNXB"
"TMPRSS11D",0.142,0.173,0.058,0.053,1,"TMPRSS11D"
"DIO1",0.143,-0.269,0.023,0.027,1,"DIO1"
"ENSG00000279557",0.143,0.195,0.043,0.039,1,"ENSG00000279557"
"GABRA4",0.144,0.258,0.014,0.012,1,"GABRA4"
"B3GALT4",0.144,0.325,0.032,0.028,1,"B3GALT4"
"PLBD2",0.146,0.106,0.183,0.172,1,"PLBD2"
"BRICD5",0.147,0.183,0.019,0.017,1,"BRICD5"
"NBL1",0.147,-0.223,0.053,0.058,1,"NBL1"
"ENSG00000280353",0.148,0.166,0.022,0.019,1,"ENSG00000280353"
"PMEL",0.148,0.165,0.02,0.017,1,"PMEL"
"TCAF1",0.149,0.145,0.789,0.787,1,"TCAF1"
"LONRF3",0.149,0.634,0.019,0.016,1,"LONRF3"
"PRELP",0.152,-0.193,0.011,0.013,1,"PRELP"
"ENSG00000280067",0.153,-0.222,0.024,0.027,1,"ENSG00000280067"
"SULT1A3",0.155,0.142,0.027,0.024,1,"SULT1A3"
"KCNK2",0.156,-0.796,0.046,0.05,1,"KCNK2"
"ENSG00000279602",0.156,0.468,0.031,0.035,1,"ENSG00000279602"
"COL7A1",0.156,0.225,0.017,0.015,1,"COL7A1"
"TRIM61",0.156,-0.436,0.017,0.02,1,"TRIM61"
"PRKCB",0.157,0.683,0.01,0.008,1,"PRKCB"
"PCDHA2",0.162,0.313,0.01,0.008,1,"PCDHA2"
"OXTR",0.163,0.177,0.024,0.021,1,"OXTR"
"PPM1L",0.165,0.299,0.789,0.768,1,"PPM1L"
"ZNF562",0.165,0.163,0.48,0.467,1,"ZNF562"
"CKM",0.166,-0.366,0.013,0.015,1,"CKM"
"GPX2",0.167,0.308,0.015,0.012,1,"GPX2"
"POLR2J3",0.167,0.157,0.036,0.032,1,"POLR2J3"
"DIABLO",0.167,0.214,0.027,0.023,1,"DIABLO"
"GPR171",0.168,0.733,0.017,0.014,1,"GPR171"
"RNF150",0.168,0.129,0.502,0.476,1,"RNF150"
"KCNH3",0.171,0.291,0.016,0.014,1,"KCNH3"
"AURKC",0.174,0.533,0.012,0.01,1,"AURKC"
"PLEKHA5",0.175,0.157,0.814,0.788,1,"PLEKHA5"
"TSC22D1",0.175,0.171,0.937,0.942,1,"TSC22D1"
"ZNF382",0.177,-0.106,0.16,0.164,1,"ZNF382"
"FNDC11",0.177,0.176,0.012,0.01,1,"FNDC11"
"DNAH3",0.177,-0.175,0.008,0.01,1,"DNAH3"
"ENSG00000280321",0.177,0.116,0.021,0.018,1,"ENSG00000280321"
"OPRM1",0.178,-1.136,0.014,0.012,1,"OPRM1"
"ZNF256",0.18,0.251,0.078,0.072,1,"ZNF256"
"SPATA9",0.18,0.209,0.017,0.019,1,"SPATA9"
"NFE2L3",0.181,0.305,0.114,0.109,1,"NFE2L3"
"ROBO1",0.182,-0.718,0.731,0.689,1,"ROBO1"
"ZNF785",0.182,0.123,0.299,0.284,1,"ZNF785"
"UBAP1L",0.183,-0.175,0.142,0.146,1,"UBAP1L"
"FRS3",0.183,0.182,0.075,0.07,1,"FRS3"
"ZCCHC4",0.184,0.127,0.163,0.154,1,"ZCCHC4"
"ENSG00000280291",0.186,0.282,0.014,0.012,1,"ENSG00000280291"
"VIL1",0.186,-0.195,0.032,0.035,1,"VIL1"
"PTK6",0.186,-0.365,0.02,0.023,1,"PTK6"
"TAF4B",0.186,-0.158,0.031,0.034,1,"TAF4B"
"C11orf42",0.187,-0.144,0.016,0.018,1,"C11orf42"
"NAGS",0.188,0.257,0.01,0.008,1,"NAGS"
"ASGR1",0.188,-0.102,0.154,0.159,1,"ASGR1"
"ADPRHL1",0.191,0.192,0.039,0.035,1,"ADPRHL1"
"NR2E3",0.191,0.38,0.022,0.019,1,"NR2E3"
"TPH1",0.191,-0.239,0.014,0.017,1,"TPH1"
"RAMACL",0.194,0.217,0.017,0.015,1,"RAMACL"
"PLIN5",0.196,-0.294,0.016,0.019,1,"PLIN5"
"TOR1B",0.198,-0.269,0.188,0.189,1,"TOR1B"
"ENSG00000280046",0.198,0.229,0.043,0.04,1,"ENSG00000280046"
"SLC27A6",0.198,-0.399,0.023,0.02,1,"SLC27A6"
"FAM209A",0.199,0.31,0.011,0.01,1,"FAM209A"
"ACP4",0.199,-0.167,0.008,0.01,1,"ACP4"
"BRD9",0.202,0.111,0.407,0.39,1,"BRD9"
"KDM6B",0.202,0.12,0.516,0.52,1,"KDM6B"
"CEP85L",0.204,0.215,0.632,0.625,1,"CEP85L"
"SLC25A51",0.204,0.118,0.393,0.377,1,"SLC25A51"
"RBPJ",0.204,0.111,0.918,0.905,1,"RBPJ"
"HTR2B",0.207,0.521,0.034,0.031,1,"HTR2B"
"ARHGAP22",0.207,-0.11,0.021,0.018,1,"ARHGAP22"
"BMF",0.207,0.489,0.018,0.015,1,"BMF"
"C19orf47",0.207,0.112,0.073,0.068,1,"C19orf47"
"TCEANC",0.208,-0.183,0.043,0.047,1,"TCEANC"
"TEF",0.209,0.335,0.075,0.07,1,"TEF"
"ZNF34",0.21,0.125,0.161,0.152,1,"ZNF34"
"IGFBP6",0.21,-0.219,0.01,0.012,1,"IGFBP6"
"HSD11B2",0.211,0.448,0.018,0.015,1,"HSD11B2"
"GTPBP3",0.212,-0.107,0.145,0.149,1,"GTPBP3"
"IL17RD",0.213,-0.116,0.296,0.294,1,"IL17RD"
"B4GALNT3",0.214,-0.134,0.038,0.034,1,"B4GALNT3"
"PRKCQ",0.214,0.179,0.036,0.033,1,"PRKCQ"
"UNC13D",0.216,0.337,0.017,0.015,1,"UNC13D"
"SNX22",0.217,-0.234,0.014,0.016,1,"SNX22"
"OPRD1",0.217,0.265,0.011,0.009,1,"OPRD1"
"MAPK7",0.217,0.109,0.216,0.206,1,"MAPK7"
"SLC4A9",0.219,-0.282,0.014,0.016,1,"SLC4A9"
"CHAF1B",0.22,-0.157,0.107,0.112,1,"CHAF1B"
"DRD2",0.224,-0.333,0.008,0.01,1,"DRD2"
"TESK2",0.224,-0.289,0.055,0.051,1,"TESK2"
"ENSG00000280079",0.226,-0.209,0.033,0.037,1,"ENSG00000280079"
"ANO7",0.228,0.208,0.011,0.01,1,"ANO7"
"TMEM255B",0.228,-0.2,0.011,0.013,1,"TMEM255B"
"GNB3",0.229,0.212,0.049,0.045,1,"GNB3"
"BAZ1A",0.229,0.112,0.71,0.697,1,"BAZ1A"
"RNASEH2A",0.23,0.159,0.08,0.075,1,"RNASEH2A"
"PLA2G10",0.232,0.493,0.027,0.024,1,"PLA2G10"
"TNFAIP8L1",0.232,-0.185,0.081,0.085,1,"TNFAIP8L1"
"ZNF764",0.232,0.219,0.112,0.106,1,"ZNF764"
"ZNF232",0.233,0.143,0.205,0.196,1,"ZNF232"
"SAP25",0.234,0.179,0.019,0.022,1,"SAP25"
"RNF227",0.234,0.399,0.03,0.027,1,"RNF227"
"ADAP1",0.234,-0.249,0.008,0.01,1,"ADAP1"
"AGBL4",0.235,-0.247,0.179,0.169,1,"AGBL4"
"ENSG00000279417",0.237,-0.254,0.009,0.011,1,"ENSG00000279417"
"SLITRK3",0.237,0.106,0.022,0.019,1,"SLITRK3"
"RBBP8",0.238,-0.144,0.317,0.315,1,"RBBP8"
"SLC2A1",0.238,-0.143,0.077,0.071,1,"SLC2A1"
"PIK3CD",0.239,-0.276,0.041,0.044,1,"PIK3CD"
"RAB3B",0.24,0.41,0.026,0.023,1,"RAB3B"
"EPS15L1",0.24,0.117,0.572,0.558,1,"EPS15L1"
"C9orf153",0.241,-0.275,0.045,0.049,1,"C9orf153"
"ADCY10",0.241,0.203,0.031,0.034,1,"ADCY10"
"C10orf90",0.242,0.594,0.021,0.018,1,"C10orf90"
"CTSS",0.242,0.129,0.018,0.016,1,"CTSS"
"PCDHA13",0.242,-0.155,0.02,0.023,1,"PCDHA13"
"SRF",0.243,0.112,0.175,0.166,1,"SRF"
"SUV39H1",0.243,-0.108,0.032,0.035,1,"SUV39H1"
"KCNJ11",0.244,-0.675,0.012,0.014,1,"KCNJ11"
"NUAK1",0.245,-0.248,0.134,0.137,1,"NUAK1"
"ENSG00000280022",0.25,0.21,0.037,0.034,1,"ENSG00000280022"
"NBEA",0.25,0.693,0.909,0.922,1,"NBEA"
"PCDHB12",0.253,0.134,0.038,0.041,1,"PCDHB12"
"PICK1",0.253,-0.673,0.028,0.031,1,"PICK1"
"TSHR",0.253,-0.496,0.09,0.094,1,"TSHR"
"ALPL",0.256,-0.159,0.011,0.013,1,"ALPL"
"EPS8L2",0.256,-0.602,0.009,0.011,1,"EPS8L2"
"C3orf49",0.257,0.152,0.034,0.031,1,"C3orf49"
"TAS2R31",0.259,-0.284,0.015,0.017,1,"TAS2R31"
"LMOD2",0.26,0.322,0.009,0.011,1,"LMOD2"
"SPINK9",0.263,0.165,0.017,0.015,1,"SPINK9"
"TUBB4B",0.265,-0.581,0.566,0.531,1,"TUBB4B"
"FBXW10B",0.265,0.102,0.028,0.025,1,"FBXW10B"
"COL6A6",0.266,0.552,0.023,0.02,1,"COL6A6"
"LANCL3",0.267,0.6,0.02,0.018,1,"LANCL3"
"PRB2",0.267,-0.347,0.038,0.041,1,"PRB2"
"PRDM10",0.268,-0.121,0.288,0.286,1,"PRDM10"
"AARS2",0.27,0.204,0.108,0.103,1,"AARS2"
"CPLANE2",0.27,0.248,0.025,0.023,1,"CPLANE2"
"PPM1N",0.271,-0.172,0.016,0.018,1,"PPM1N"
"FSCN3",0.271,0.228,0.026,0.024,1,"FSCN3"
"FAAP24",0.271,-0.209,0.058,0.062,1,"FAAP24"
"C2",0.272,0.147,0.041,0.038,1,"C2"
"HIGD1C",0.273,0.319,0.025,0.022,1,"HIGD1C"
"SLC18A2",0.274,0.198,0.035,0.032,1,"SLC18A2"
"WNT5B",0.276,-0.125,0.208,0.212,1,"WNT5B"
"DYNLT2",0.28,0.189,0.066,0.062,1,"DYNLT2"
"ADAM19",0.28,0.134,0.098,0.093,1,"ADAM19"
"DGKE",0.28,-0.17,0.137,0.139,1,"DGKE"
"HHIPL1",0.281,-0.352,0.02,0.022,1,"HHIPL1"
"ARHGEF28",0.283,-0.108,0.187,0.19,1,"ARHGEF28"
"MAP3K15",0.283,-0.182,0.05,0.053,1,"MAP3K15"
"RPL36A-HNRNPH2",0.285,0.318,0.011,0.01,1,"RPL36A-HNRNPH2"
"ODF2",0.286,-0.133,0.307,0.303,1,"ODF2"
"CCDC88C",0.287,0.17,0.321,0.31,1,"CCDC88C"
"TUBB1",0.287,0.449,0.012,0.01,1,"TUBB1"
"ENSG00000279722",0.288,0.31,0.017,0.015,1,"ENSG00000279722"
"TMC6",0.29,0.325,0.016,0.014,1,"TMC6"
"PWAR5",0.29,0.121,0.151,0.143,1,"PWAR5"
"CRYGS",0.292,0.125,0.043,0.04,1,"CRYGS"
"CCDC81",0.292,-0.248,0.033,0.036,1,"CCDC81"
"PCDHGA11",0.293,0.16,0.012,0.011,1,"PCDHGA11"
"FAM89B",0.295,0.18,0.614,0.608,1,"FAM89B"
"PEX5L",0.296,-0.128,0.039,0.036,1,"PEX5L"
"PAQR4",0.296,0.115,0.145,0.139,1,"PAQR4"
"ENSG00000279573",0.305,-0.226,0.044,0.047,1,"ENSG00000279573"
"PRRT2",0.305,0.162,0.255,0.246,1,"PRRT2"
"TBC1D4",0.306,-0.187,0.114,0.107,1,"TBC1D4"
"KLRB1",0.309,-0.227,0.015,0.017,1,"KLRB1"
"CNGB3",0.309,-0.301,0.018,0.02,1,"CNGB3"
"FERMT3",0.311,0.274,0.02,0.018,1,"FERMT3"
"GRK5",0.312,-0.152,0.268,0.264,1,"GRK5"
"ENSG00000279092",0.312,-0.279,0.058,0.061,1,"ENSG00000279092"
"PCDHB2",0.312,0.102,0.387,0.376,1,"PCDHB2"
"SUSD1",0.313,-0.124,0.246,0.245,1,"SUSD1"
"BEGAIN",0.313,-0.205,0.071,0.066,1,"BEGAIN"
"PCSK6",0.313,-0.471,0.037,0.034,1,"PCSK6"
"ENSG00000241962",0.314,0.224,0.051,0.048,1,"ENSG00000241962"
"MYLK3",0.316,0.309,0.024,0.021,1,"MYLK3"
"ENSG00000279140",0.32,0.103,0.036,0.034,1,"ENSG00000279140"
"KCNAB1",0.322,-0.174,0.06,0.056,1,"KCNAB1"
"SLA2",0.324,0.452,0.02,0.018,1,"SLA2"
"SOX10",0.324,0.25,0.014,0.012,1,"SOX10"
"BEST3",0.325,0.333,0.306,0.326,1,"BEST3"
"PROKR2",0.327,0.52,0.123,0.121,1,"PROKR2"
"SYT7",0.328,-0.157,0.01,0.009,1,"SYT7"
"SEZ6L",0.328,0.199,0.269,0.272,1,"SEZ6L"
"STK31",0.334,0.24,0.017,0.019,1,"STK31"
"ENSG00000284691",0.335,-0.147,0.04,0.043,1,"ENSG00000284691"
"NPIPB15",0.337,0.231,0.02,0.018,1,"NPIPB15"
"SYTL3",0.338,-0.352,0.035,0.032,1,"SYTL3"
"GRIN3A",0.342,-0.272,0.018,0.019,1,"GRIN3A"
"KCNJ2",0.344,0.459,0.031,0.029,1,"KCNJ2"
"ENSG00000279696",0.344,-0.226,0.014,0.016,1,"ENSG00000279696"
"CAPN12",0.347,0.144,0.019,0.017,1,"CAPN12"
"ENSG00000280385",0.347,0.273,0.015,0.014,1,"ENSG00000280385"
"SLCO1A2",0.348,0.405,0.043,0.04,1,"SLCO1A2"
"ZNF530",0.348,0.105,0.074,0.07,1,"ZNF530"
"FBXW12",0.35,-0.122,0.021,0.023,1,"FBXW12"
"ECD",0.352,-0.111,0.353,0.347,1,"ECD"
"ACKR4",0.353,0.385,0.036,0.034,1,"ACKR4"
"ARHGAP30",0.354,0.35,0.014,0.012,1,"ARHGAP30"
"LRRTM1",0.36,0.141,0.049,0.045,1,"LRRTM1"
"ARHGEF33",0.361,0.133,0.031,0.029,1,"ARHGEF33"
"MC1R",0.363,0.123,0.037,0.034,1,"MC1R"
"CSNK1E",0.363,0.145,0.745,0.747,1,"CSNK1E"
"KLHL32",0.364,0.14,0.035,0.037,1,"KLHL32"
"CNGA4",0.365,-0.181,0.013,0.011,1,"CNGA4"
"ZNF195",0.367,0.118,0.434,0.424,1,"ZNF195"
"ENSG00000279148",0.367,-0.157,0.009,0.01,1,"ENSG00000279148"
"ARID3A",0.368,0.103,0.149,0.143,1,"ARID3A"
"CILP2",0.368,0.147,0.011,0.01,1,"CILP2"
"EMILIN2",0.369,-0.171,0.013,0.011,1,"EMILIN2"
"GFOD1",0.372,0.133,0.178,0.17,1,"GFOD1"
"YBX2",0.373,-0.207,0.015,0.013,1,"YBX2"
"SELPLG",0.373,0.597,0.035,0.033,1,"SELPLG"
"CLMP",0.375,-0.8,0.021,0.023,1,"CLMP"
"TRAF5",0.377,0.164,0.064,0.061,1,"TRAF5"
"BNIPL",0.38,0.117,0.023,0.021,1,"BNIPL"
"ADM",0.382,-0.419,0.024,0.026,1,"ADM"
"IGF1",0.382,0.361,0.055,0.053,1,"IGF1"
"HNRNPA1L3",0.385,0.158,0.395,0.386,1,"HNRNPA1L3"
"CHRNA3",0.385,0.67,0.013,0.011,1,"CHRNA3"
"SPINK8",0.392,-0.176,0.027,0.029,1,"SPINK8"
"MACROD2",0.393,-0.418,0.189,0.179,1,"MACROD2"
"JOSD1",0.399,0.108,0.425,0.414,1,"JOSD1"
"BAAT",0.402,0.163,0.011,0.01,1,"BAAT"
"WRAP53",0.402,0.19,0.11,0.106,1,"WRAP53"
"C8orf34",0.403,-1.134,0.016,0.018,1,"C8orf34"
"SPINK13",0.403,0.283,0.012,0.014,1,"SPINK13"
"GRIN3B",0.403,0.148,0.01,0.009,1,"GRIN3B"
"SPDYE17",0.404,-0.18,0.013,0.012,1,"SPDYE17"
"CTNNA2",0.407,0.265,0.853,0.871,1,"CTNNA2"
"RSKR",0.414,0.125,0.177,0.17,1,"RSKR"
"OSBPL10",0.415,-0.217,0.031,0.029,1,"OSBPL10"
"CCDC134",0.417,0.137,0.16,0.155,1,"CCDC134"
"HLF",0.419,0.142,0.024,0.022,1,"HLF"
"SGPP2",0.421,-0.239,0.031,0.033,1,"SGPP2"
"C17orf78",0.424,0.123,0.021,0.02,1,"C17orf78"
"GLRA1",0.424,-0.148,0.015,0.017,1,"GLRA1"
"PKNOX2",0.424,-0.296,0.192,0.188,1,"PKNOX2"
"SH2B3",0.424,0.105,0.089,0.085,1,"SH2B3"
"UCP1",0.425,-0.32,0.009,0.01,1,"UCP1"
"CA14",0.426,0.225,0.144,0.15,1,"CA14"
"RBP2",0.426,0.19,0.038,0.036,1,"RBP2"
"KIAA1958",0.427,0.177,0.891,0.878,1,"KIAA1958"
"ENSG00000282542",0.428,-0.329,0.01,0.011,1,"ENSG00000282542"
"CDR2L",0.428,0.224,0.135,0.131,1,"CDR2L"
"ZNF574",0.43,0.104,0.1,0.096,1,"ZNF574"
"ENSG00000279587",0.431,0.581,0.011,0.01,1,"ENSG00000279587"
"AKR7L",0.433,-0.105,0.015,0.013,1,"AKR7L"
"PRR19",0.437,-0.222,0.027,0.029,1,"PRR19"
"KIAA0319",0.437,-0.411,0.038,0.039,1,"KIAA0319"
"LRRTM3",0.437,-0.467,0.228,0.224,1,"LRRTM3"
"ENSG00000279361",0.438,0.133,0.012,0.011,1,"ENSG00000279361"
"EVI2A",0.438,0.17,0.037,0.035,1,"EVI2A"
"KLHL10",0.438,0.583,0.01,0.009,1,"KLHL10"
"ZDHHC22",0.441,0.258,0.045,0.043,1,"ZDHHC22"
"CYP2D6",0.443,0.45,0.01,0.009,1,"CYP2D6"
"SERPIND1",0.446,0.339,0.031,0.029,1,"SERPIND1"
"ANKRD10",0.446,0.114,0.821,0.823,1,"ANKRD10"
"ARMCX5-GPRASP2",0.447,0.168,0.025,0.023,1,"ARMCX5-GPRASP2"
"CGREF1",0.449,-0.334,0.023,0.025,1,"CGREF1"
"DSEL",0.451,-0.254,0.257,0.254,1,"DSEL"
"FZR1",0.452,-0.114,0.176,0.176,1,"FZR1"
"ADGRL1",0.452,-0.11,0.22,0.217,1,"ADGRL1"
"STAR",0.455,0.128,0.016,0.015,1,"STAR"
"CCDC171",0.458,-0.208,0.375,0.361,1,"CCDC171"
"ABCB10",0.458,0.121,0.336,0.338,1,"ABCB10"
"MEMO1",0.458,0.103,0.233,0.225,1,"MEMO1"
"FKBP7",0.46,0.129,0.184,0.179,1,"FKBP7"
"VWCE",0.462,0.115,0.083,0.086,1,"VWCE"
"PLCXD3",0.467,-0.488,0.016,0.017,1,"PLCXD3"
"NTRK1",0.47,0.469,0.012,0.01,1,"NTRK1"
"PGAP4",0.474,-0.289,0.067,0.068,1,"PGAP4"
"BTBD8",0.483,-0.135,0.236,0.223,1,"BTBD8"
"MLANA",0.485,0.104,0.032,0.031,1,"MLANA"
"TREH",0.487,0.133,0.022,0.02,1,"TREH"
"NPIPA8",0.489,-0.223,0.015,0.017,1,"NPIPA8"
"ARHGAP4",0.491,-0.151,0.017,0.019,1,"ARHGAP4"
"FAM20A",0.495,0.44,0.015,0.014,1,"FAM20A"
"ENSG00000279549",0.5,-0.137,0.021,0.02,1,"ENSG00000279549"
"DUSP7",0.5,-0.169,0.037,0.035,1,"DUSP7"
"CRIP3",0.504,0.105,0.014,0.013,1,"CRIP3"
"ENSG00000279495",0.507,-0.116,0.052,0.05,1,"ENSG00000279495"
"TMEM132B",0.51,0.233,0.054,0.052,1,"TMEM132B"
"PRR4",0.51,-0.211,0.037,0.035,1,"PRR4"
"SEMA3B",0.513,-0.105,0.018,0.019,1,"SEMA3B"
"GALNTL6",0.515,-0.293,0.033,0.034,1,"GALNTL6"
"ZNF431",0.517,0.136,0.587,0.584,1,"ZNF431"
"ZFP69",0.519,0.138,0.088,0.084,1,"ZFP69"
"DLGAP1",0.52,0.359,0.84,0.826,1,"DLGAP1"
"NDOR1",0.523,0.116,0.083,0.079,1,"NDOR1"
"MMRN1",0.528,0.276,0.025,0.024,1,"MMRN1"
"ENSG00000255339",0.529,0.104,0.033,0.031,1,"ENSG00000255339"
"LOXL2",0.53,0.134,0.07,0.068,1,"LOXL2"
"NMBR",0.53,-0.677,0.019,0.02,1,"NMBR"
"XYLB",0.53,-0.131,0.142,0.136,1,"XYLB"
"ADRA1D",0.532,0.156,0.012,0.011,1,"ADRA1D"
"BTBD18",0.532,0.168,0.042,0.04,1,"BTBD18"
"GRID1",0.532,-0.556,0.143,0.142,1,"GRID1"
"CAMKK1",0.533,-0.208,0.059,0.056,1,"CAMKK1"
"PLBD1",0.533,0.117,0.069,0.066,1,"PLBD1"
"LINGO2",0.534,-0.246,0.03,0.031,1,"LINGO2"
"CNOT8",0.536,0.106,0.438,0.427,1,"CNOT8"
"CRISPLD2",0.544,-0.23,0.012,0.013,1,"CRISPLD2"
"SLC39A5",0.544,-0.138,0.011,0.01,1,"SLC39A5"
"ARRB1",0.545,-0.162,0.028,0.029,1,"ARRB1"
"PRDM8",0.546,0.431,0.013,0.014,1,"PRDM8"
"ZNF841",0.548,0.158,0.063,0.061,1,"ZNF841"
"ENSG00000279358",0.55,0.614,0.01,0.011,1,"ENSG00000279358"
"TFDP1",0.553,0.134,0.407,0.403,1,"TFDP1"
"CCNE1",0.556,-0.156,0.059,0.061,1,"CCNE1"
"TSPAN16",0.556,0.143,0.015,0.016,1,"TSPAN16"
"EPOP",0.557,0.14,0.021,0.02,1,"EPOP"
"KCNN2",0.559,-0.215,0.018,0.017,1,"KCNN2"
"TIGIT",0.561,0.372,0.03,0.028,1,"TIGIT"
"ZNF117",0.562,0.107,0.32,0.324,1,"ZNF117"
"SERINC2",0.563,0.329,0.043,0.042,1,"SERINC2"
"CACNG3",0.563,0.929,0.011,0.01,1,"CACNG3"
"LKAAEAR1",0.564,-0.415,0.013,0.014,1,"LKAAEAR1"
"SUSD4",0.566,-0.97,0.023,0.024,1,"SUSD4"
"ITGA11",0.566,0.333,0.009,0.01,1,"ITGA11"
"STK17B",0.568,-0.152,0.135,0.13,1,"STK17B"
"TMEM62",0.569,0.105,0.259,0.25,1,"TMEM62"
"ENSG00000280422",0.571,0.149,0.016,0.015,1,"ENSG00000280422"
"ENSG00000279416",0.573,0.108,0.019,0.018,1,"ENSG00000279416"
"SERF1A",0.585,0.239,0.014,0.013,1,"SERF1A"
"ENSG00000256646",0.585,-0.218,0.013,0.014,1,"ENSG00000256646"
"OIT3",0.587,-0.336,0.016,0.015,1,"OIT3"
"CES4A",0.591,-0.308,0.011,0.011,1,"CES4A"
"CCDC83",0.598,0.191,0.01,0.009,1,"CCDC83"
"MICAL2",0.6,-0.209,0.012,0.013,1,"MICAL2"
"C21orf91",0.602,0.147,0.21,0.206,1,"C21orf91"
"HERC5",0.603,0.504,0.03,0.029,1,"HERC5"
"BFSP2",0.611,-0.102,0.021,0.022,1,"BFSP2"
"CHRM3",0.613,-0.84,0.01,0.011,1,"CHRM3"
"SDS",0.616,0.146,0.019,0.018,1,"SDS"
"RGPD1",0.616,0.216,0.038,0.036,1,"RGPD1"
"C12orf42",0.625,-0.243,0.033,0.031,1,"C12orf42"
"SHISA8",0.626,-0.195,0.009,0.01,1,"SHISA8"
"KLHL41",0.627,0.15,0.012,0.011,1,"KLHL41"
"WDPCP",0.632,-0.254,0.682,0.623,1,"WDPCP"
"MASP2",0.634,0.105,0.023,0.024,1,"MASP2"
"PLA2G4C",0.636,0.187,0.04,0.039,1,"PLA2G4C"
"KIAA1614",0.644,0.101,0.056,0.054,1,"KIAA1614"
"IMPDH1",0.644,-0.161,0.083,0.08,1,"IMPDH1"
"NRIP2",0.651,0.125,0.02,0.021,1,"NRIP2"
"IDO1",0.652,0.168,0.01,0.009,1,"IDO1"
"ENSG00000286070",0.654,-0.15,0.023,0.024,1,"ENSG00000286070"
"REPS2",0.655,0.281,0.211,0.218,1,"REPS2"
"ENSG00000279900",0.655,0.44,0.012,0.011,1,"ENSG00000279900"
"ENG",0.656,-0.142,0.019,0.02,1,"ENG"
"ADARB1",0.658,-0.227,0.157,0.155,1,"ADARB1"
"PLIN4",0.659,-0.157,0.01,0.009,1,"PLIN4"
"TFDP2",0.661,0.134,0.812,0.785,1,"TFDP2"
"CHD9",0.663,0.105,0.975,0.98,1,"CHD9"
"STEAP4",0.664,0.283,0.015,0.014,1,"STEAP4"
"GPC3",0.664,-2.061,0.028,0.028,1,"GPC3"
"ATRIP",0.666,-0.124,0.097,0.097,1,"ATRIP"
"LYL1",0.668,0.116,0.011,0.012,1,"LYL1"
"FAM53A",0.669,0.282,0.017,0.016,1,"FAM53A"
"SP5",0.67,-0.341,0.031,0.032,1,"SP5"
"CMTM7",0.671,0.152,0.023,0.024,1,"CMTM7"
"NUTM2G",0.681,0.263,0.016,0.016,1,"NUTM2G"
"SLC2A9",0.681,-0.336,0.013,0.013,1,"SLC2A9"
"ENSG00000279069",0.681,-0.15,0.032,0.03,1,"ENSG00000279069"
"PYGM",0.683,0.134,0.019,0.018,1,"PYGM"
"LEAP2",0.683,0.128,0.075,0.074,1,"LEAP2"
"PPP1R36",0.686,-0.44,0.009,0.01,1,"PPP1R36"
"ENSG00000288591",0.691,0.313,0.015,0.015,1,"ENSG00000288591"
"BEX5",0.696,0.112,0.26,0.26,1,"BEX5"
"DEPTOR",0.699,0.248,0.019,0.018,1,"DEPTOR"
"ACHE",0.701,-0.198,0.01,0.01,1,"ACHE"
"ZNF3",0.704,0.104,0.328,0.32,1,"ZNF3"
"RADIL",0.707,-0.217,0.114,0.114,1,"RADIL"
"NDE1",0.711,-0.515,0.293,0.271,1,"NDE1"
"MSANTD1",0.712,-0.335,0.022,0.023,1,"MSANTD1"
"ENSG00000268173",0.718,0.348,0.018,0.018,1,"ENSG00000268173"
"ZBTB12",0.718,0.13,0.017,0.018,1,"ZBTB12"
"KCNH7",0.72,0.329,0.925,0.929,1,"KCNH7"
"TP73",0.723,0.308,0.018,0.018,1,"TP73"
"UCP3",0.724,-0.109,0.018,0.018,1,"UCP3"
"DNAJB7",0.729,0.208,0.012,0.011,1,"DNAJB7"
"CCNA1",0.731,-0.52,0.031,0.031,1,"CCNA1"
"PLS3",0.731,0.38,0.748,0.752,1,"PLS3"
"ANGPTL7",0.736,-0.187,0.015,0.014,1,"ANGPTL7"
"TEX14",0.738,0.685,0.153,0.149,1,"TEX14"
"ITGA2B",0.741,0.167,0.061,0.06,1,"ITGA2B"
"RBM10",0.745,0.113,0.47,0.461,1,"RBM10"
"PCDHGA1",0.747,0.19,0.05,0.051,1,"PCDHGA1"
"ENSG00000280227",0.748,-0.212,0.016,0.017,1,"ENSG00000280227"
"ADGRG3",0.748,0.156,0.022,0.023,1,"ADGRG3"
"TMEM81",0.751,-0.173,0.042,0.043,1,"TMEM81"
"NRL",0.751,-0.121,0.047,0.046,1,"NRL"
"RSPH6A",0.752,0.471,0.01,0.01,1,"RSPH6A"
"AP1G2",0.752,-0.107,0.016,0.015,1,"AP1G2"
"SLC12A1",0.754,0.137,0.01,0.01,1,"SLC12A1"
"CHL1",0.758,0.165,0.608,0.614,1,"CHL1"
"AMH",0.758,0.225,0.08,0.079,1,"AMH"
"MELTF",0.763,0.283,0.01,0.01,1,"MELTF"
"SLC46A2",0.763,0.366,0.01,0.01,1,"SLC46A2"
"PACSIN1",0.763,0.323,0.02,0.019,1,"PACSIN1"
"DNM3",0.765,0.162,0.503,0.503,1,"DNM3"
"MSANTD3",0.767,0.117,0.507,0.499,1,"MSANTD3"
"ACSM3",0.774,0.385,0.024,0.023,1,"ACSM3"
"BEX2",0.781,0.214,0.298,0.301,1,"BEX2"
"ENSG00000279138",0.784,-0.209,0.013,0.013,1,"ENSG00000279138"
"AZU1",0.786,0.443,0.017,0.018,1,"AZU1"
"APCDD1L",0.788,0.148,0.021,0.021,1,"APCDD1L"
"ZNF526",0.79,-0.171,0.052,0.052,1,"ZNF526"
"ENSG00000279425",0.791,0.2,0.05,0.051,1,"ENSG00000279425"
"SLC6A13",0.793,0.226,0.013,0.014,1,"SLC6A13"
"SETBP1",0.793,0.229,0.963,0.969,1,"SETBP1"
"ARHGEF37",0.794,-0.127,0.061,0.061,1,"ARHGEF37"
"FAM124A",0.797,0.239,0.16,0.16,1,"FAM124A"
"TMTC4",0.801,0.238,0.473,0.475,1,"TMTC4"
"ENSG00000279502",0.802,-0.294,0.019,0.018,1,"ENSG00000279502"
"IAPP",0.803,0.26,0.018,0.017,1,"IAPP"
"ATP7A",0.803,0.105,0.209,0.208,1,"ATP7A"
"GFRA1",0.805,0.426,0.013,0.012,1,"GFRA1"
"ABCG8",0.806,-0.193,0.011,0.01,1,"ABCG8"
"CCDC38",0.808,0.158,0.027,0.026,1,"CCDC38"
"NCF2",0.81,0.219,0.05,0.051,1,"NCF2"
"FAM81B",0.812,0.226,0.015,0.015,1,"FAM81B"
"ENSG00000266202",0.812,0.398,0.014,0.014,1,"ENSG00000266202"
"MANSC4",0.813,-0.217,0.018,0.018,1,"MANSC4"
"ENSG00000279561",0.815,-0.125,0.023,0.023,1,"ENSG00000279561"
"REM2",0.815,0.175,0.012,0.012,1,"REM2"
"USP18",0.816,0.186,0.082,0.081,1,"USP18"
"GPR146",0.818,-0.324,0.015,0.015,1,"GPR146"
"ABCC11",0.819,-0.233,0.011,0.011,1,"ABCC11"
"EYA1",0.819,-0.336,0.01,0.01,1,"EYA1"
"VOPP1",0.823,0.207,0.762,0.766,1,"VOPP1"
"SLC29A3",0.826,0.117,0.014,0.014,1,"SLC29A3"
"STRN4",0.829,0.115,0.288,0.284,1,"STRN4"
"GLRB",0.831,-0.239,0.079,0.077,1,"GLRB"
"TTC36",0.834,0.17,0.016,0.016,1,"TTC36"
"PLPPR1",0.835,-0.608,0.06,0.059,1,"PLPPR1"
"PPP1R13L",0.837,-0.131,0.034,0.034,1,"PPP1R13L"
"CHRNA10",0.843,0.257,0.013,0.013,1,"CHRNA10"
"SYNDIG1",0.844,-0.589,0.055,0.054,1,"SYNDIG1"
"IMPG2",0.847,0.165,0.127,0.128,1,"IMPG2"
"HOMER1",0.848,-0.309,0.173,0.168,1,"HOMER1"
"PCDH11X",0.852,-0.568,0.257,0.246,1,"PCDH11X"
"ENSG00000261832",0.855,-0.296,0.017,0.017,1,"ENSG00000261832"
"TRIM3",0.856,0.11,0.12,0.118,1,"TRIM3"
"TRPC5",0.856,0.492,0.036,0.036,1,"TRPC5"
"ABCA3",0.858,-0.119,0.342,0.328,1,"ABCA3"
"REC114",0.865,0.28,0.042,0.041,1,"REC114"
"GP1BA",0.865,-0.136,0.009,0.01,1,"GP1BA"
"ZNF620",0.868,0.12,0.231,0.229,1,"ZNF620"
"SLC16A13",0.873,-0.22,0.028,0.028,1,"SLC16A13"
"IL34",0.875,0.248,0.019,0.019,1,"IL34"
"PVALEF",0.876,0.266,0.012,0.012,1,"PVALEF"
"TNFAIP8",0.877,-0.139,0.094,0.092,1,"TNFAIP8"
"TVP23A",0.881,-0.185,0.037,0.036,1,"TVP23A"
"P2RX7",0.883,0.113,0.067,0.067,1,"P2RX7"
"FRAT2",0.885,0.176,0.119,0.12,1,"FRAT2"
"CTSK",0.888,0.107,0.092,0.091,1,"CTSK"
"AGAP6",0.896,-0.149,0.022,0.022,1,"AGAP6"
"VCAN",0.913,-0.392,0.509,0.479,1,"VCAN"
"ANKRD20A1",0.915,0.108,0.071,0.071,1,"ANKRD20A1"
"ARMH2",0.915,0.48,0.015,0.015,1,"ARMH2"
"ENSG00000267179",0.923,-0.116,0.034,0.033,1,"ENSG00000267179"
"RAPGEF3",0.923,0.212,0.016,0.016,1,"RAPGEF3"
"GARIN2",0.926,-0.155,0.039,0.038,1,"GARIN2"
"TSHZ3",0.927,-0.195,0.101,0.1,1,"TSHZ3"
"COL25A1",0.928,-1,0.012,0.012,1,"COL25A1"
"CREB3L4",0.932,0.119,0.07,0.069,1,"CREB3L4"
"ZNF157",0.933,0.107,0.055,0.054,1,"ZNF157"
"LYG1",0.934,0.185,0.08,0.079,1,"LYG1"
"FOXP1",0.938,-0.443,0.201,0.194,1,"FOXP1"
"DIDO1",0.939,0.116,0.567,0.56,1,"DIDO1"
"PRPH2",0.941,0.256,0.013,0.013,1,"PRPH2"
"ARHGAP24",0.944,1.153,0.06,0.061,1,"ARHGAP24"
"ST6GALNAC6",0.944,-0.108,0.017,0.017,1,"ST6GALNAC6"
"VWC2L",0.946,-0.826,0.018,0.018,1,"VWC2L"
"EEF1A2",0.95,0.221,0.256,0.259,1,"EEF1A2"
"MAGEC3",0.952,-0.304,0.014,0.014,1,"MAGEC3"
"ZNF438",0.958,-0.143,0.393,0.375,1,"ZNF438"
"SYCP2L",0.959,-0.103,0.194,0.192,1,"SYCP2L"
"BTBD16",0.96,0.243,0.01,0.01,1,"BTBD16"
"ENSG00000266918",0.963,0.128,0.028,0.028,1,"ENSG00000266918"
"FXYD7",0.964,0.885,0.023,0.023,1,"FXYD7"
"TBC1D30",0.968,0.283,0.014,0.014,1,"TBC1D30"
"RAB27B",0.972,-0.164,0.011,0.011,1,"RAB27B"
"NRM",0.972,0.124,0.174,0.173,1,"NRM"
"KCNB1",0.973,0.26,0.107,0.108,1,"KCNB1"
"IER3",0.975,0.479,0.017,0.017,1,"IER3"
"ENSG00000280063",0.979,-0.298,0.015,0.014,1,"ENSG00000280063"
"ENSG00000279885",0.979,0.732,0.01,0.01,1,"ENSG00000279885"
"ADGRL3",0.981,0.184,0.704,0.703,1,"ADGRL3"
"HAT1",0.987,-0.17,0.653,0.603,1,"HAT1"
"NPIPB12",0.992,0.125,0.022,0.022,1,"NPIPB12"
"NEURL1",0.997,-0.231,0.069,0.068,1,"NEURL1"
"MBOAT4",0.999,0.177,0.011,0.011,1,"MBOAT4"
