"","p_val","avg_log2FC","pct.1","pct.2","p_val_adj","gene"
"OST4",0,0.82,0.92,0.856,0,"OST4"
"RPS27L",0,1.009,0.903,0.843,0,"RPS27L"
"UBL5",0,0.706,0.944,0.897,0,"UBL5"
"TMA7",0,0.722,0.967,0.935,0,"TMA7"
"COX7C",0,0.614,0.979,0.954,0,"COX7C"
"ATP5F1E",0,0.759,0.98,0.956,0,"ATP5F1E"
"MT-ND3",0,1.034,0.975,0.953,0,"MT-ND3"
"RPS21",0,0.644,0.979,0.964,0,"RPS21"
"RPS29",0,0.702,0.987,0.975,0,"RPS29"
"MT-CO1",0,0.778,0.986,0.974,0,"MT-CO1"
"RPS27",0,0.824,0.989,0.978,0,"RPS27"
"RPL37",0,0.762,0.988,0.979,0,"RPL37"
"RPL39",0,0.566,0.99,0.981,0,"RPL39"
"RPS28",0,0.871,0.991,0.983,0,"RPS28"
"RPL37A",0,0.722,0.991,0.984,0,"RPL37A"
"RPL41",0,0.641,0.993,0.988,0,"RPL41"
"TMSB4X",0,0.79,0.998,0.996,0,"TMSB4X"
"SERF2",1.7e-305,0.77,0.955,0.913,3.17e-301,"SERF2"
"RPLP2",3.67e-299,0.482,0.991,0.983,6.84e-295,"RPLP2"
"TMEM258",7.77e-295,0.765,0.869,0.79,1.45e-290,"TMEM258"
"UQCR11",4.48e-290,0.78,0.882,0.787,8.33e-286,"UQCR11"
"MT-CYB",2.53e-282,0.649,0.981,0.966,4.71e-278,"MT-CYB"
"RPS15A",1.41e-275,0.512,0.99,0.984,2.62e-271,"RPS15A"
"RPLP1",1.34e-266,0.562,0.995,0.988,2.48e-262,"RPLP1"
"COX6C",3.83e-265,0.601,0.959,0.925,7.12e-261,"COX6C"
"MAML2",2.84e-264,0.985,0.935,0.845,5.29e-260,"MAML2"
"MT-CO2",6.51e-263,0.57,0.983,0.971,1.21e-258,"MT-CO2"
"ATP5MG",2.53e-259,0.515,0.977,0.961,4.7e-255,"ATP5MG"
"COPS9",2.95e-259,0.756,0.86,0.769,5.49e-255,"COPS9"
"TPT1",4.97e-259,0.49,0.993,0.988,9.25e-255,"TPT1"
"RPS25",8.38e-255,0.5,0.987,0.979,1.56e-250,"RPS25"
"RPL36",2.33e-252,0.551,0.979,0.967,4.35e-248,"RPL36"
"MT-RNR2",1.29e-248,0.449,0.994,0.992,2.4e-244,"MT-RNR2"
"CFL1",1.09e-237,0.461,0.991,0.983,2.03e-233,"CFL1"
"H3-3A",7.19e-236,0.452,0.994,0.99,1.34e-231,"H3-3A"
"RPL23",8.3e-231,0.467,0.989,0.983,1.54e-226,"RPL23"
"EEF1A1",1.32e-230,0.465,0.997,0.995,2.46e-226,"EEF1A1"
"RPL38",2.88e-229,0.519,0.982,0.965,5.36e-225,"RPL38"
"PTMS",2.31e-228,0.591,0.989,0.975,4.3e-224,"PTMS"
"GABARAP",4.52e-228,0.5,0.981,0.963,8.41e-224,"GABARAP"
"FTH1",2.13e-225,0.651,0.997,0.994,3.96e-221,"FTH1"
"MT-RNR1",1.92e-223,0.438,0.986,0.977,3.56e-219,"MT-RNR1"
"RPS19",7.15e-223,0.51,0.992,0.987,1.33e-218,"RPS19"
"UBA52",1.14e-220,0.458,0.981,0.969,2.12e-216,"UBA52"
"RPS3",1.81e-219,0.494,0.989,0.981,3.37e-215,"RPS3"
"GNAS",1.7e-218,0.419,0.994,0.991,3.17e-214,"GNAS"
"RPS26",2.59e-218,0.618,0.916,0.869,4.83e-214,"RPS26"
"RPL34",2.87e-216,0.497,0.989,0.982,5.35e-212,"RPL34"
"RPS10",1.66e-213,0.439,0.989,0.983,3.08e-209,"RPS10"
"RPL35A",8.08e-211,0.454,0.988,0.98,1.5e-206,"RPL35A"
"RPL35",2.22e-210,0.488,0.981,0.971,4.12e-206,"RPL35"
"RPS17",5.53e-210,0.458,0.984,0.975,1.03e-205,"RPS17"
"MT-ND1",4.96e-209,0.516,0.973,0.956,9.23e-205,"MT-ND1"
"ACTB",4.8e-207,0.469,0.996,0.992,8.93e-203,"ACTB"
"LIMA1",2.95e-206,0.848,0.85,0.741,5.49e-202,"LIMA1"
"RPS14",1.82e-205,0.412,0.992,0.986,3.39e-201,"RPS14"
"RPL27A",1.49e-204,0.416,0.991,0.984,2.77e-200,"RPL27A"
"MT-ND4",1.4e-202,0.466,0.98,0.969,2.6e-198,"MT-ND4"
"RPS12",1.87e-202,0.469,0.99,0.983,3.49e-198,"RPS12"
"MYL6",5.32e-202,0.55,0.984,0.969,9.9e-198,"MYL6"
"UQCRQ",3.14e-201,0.604,0.89,0.834,5.85e-197,"UQCRQ"
"SRP14",4.79e-201,0.429,0.987,0.981,8.91e-197,"SRP14"
"ACTG1",1.73e-199,0.486,0.996,0.991,3.21e-195,"ACTG1"
"HINT1",9.84e-198,0.451,0.983,0.97,1.83e-193,"HINT1"
"ATP5MF",3.75e-194,0.666,0.843,0.758,6.98e-190,"ATP5MF"
"EID1",1.69e-193,0.449,0.966,0.946,3.14e-189,"EID1"
"ID3",2.21e-192,1.457,0.505,0.305,4.11e-188,"ID3"
"RPS7",5.19e-192,0.402,0.991,0.985,9.67e-188,"RPS7"
"RPL27",7.8e-191,0.396,0.988,0.982,1.45e-186,"RPL27"
"RPL36A",2.57e-190,0.529,0.958,0.932,4.79e-186,"RPL36A"
"ELOB",5.61e-190,0.528,0.949,0.922,1.04e-185,"ELOB"
"RPS9",3.51e-188,0.435,0.985,0.98,6.54e-184,"RPS9"
"RPS2",1.34e-187,0.501,0.993,0.989,2.5e-183,"RPS2"
"RPL18",2e-183,0.403,0.992,0.986,3.71e-179,"RPL18"
"YBX1",3.25e-183,0.439,0.992,0.987,6.05e-179,"YBX1"
"COX7A2",5.75e-182,0.554,0.955,0.921,1.07e-177,"COX7A2"
"C4orf48",2.69e-181,0.659,0.856,0.75,5e-177,"C4orf48"
"RPS4X",5.23e-180,0.391,0.993,0.989,9.73e-176,"RPS4X"
"NDUFB2",1.7e-176,0.577,0.895,0.843,3.16e-172,"NDUFB2"
"GRIA3",2.5e-174,1.101,0.752,0.592,4.66e-170,"GRIA3"
"COX5B",2.6e-173,0.536,0.902,0.851,4.84e-169,"COX5B"
"RPL31",7.18e-169,0.489,0.952,0.934,1.34e-164,"RPL31"
"RPL26",1.57e-168,0.416,0.988,0.982,2.92e-164,"RPL26"
"NOP10",8.29e-167,0.629,0.83,0.756,1.54e-162,"NOP10"
"ATP5MK",9.33e-167,0.586,0.892,0.845,1.74e-162,"ATP5MK"
"FTL",6.04e-165,0.617,0.995,0.985,1.12e-160,"FTL"
"HMGN1",3.44e-164,0.531,0.924,0.891,6.41e-160,"HMGN1"
"GSTP1",5.9e-162,0.528,0.932,0.898,1.1e-157,"GSTP1"
"MT-ND2",4.54e-161,0.48,0.977,0.959,8.45e-157,"MT-ND2"
"COMMD6",4.99e-161,0.474,0.957,0.937,9.3e-157,"COMMD6"
"BAX",1.3e-160,0.889,0.668,0.538,2.42e-156,"BAX"
"COX8A",1.66e-160,0.554,0.884,0.823,3.08e-156,"COX8A"
"SEC61B",2.1e-159,0.48,0.948,0.923,3.9e-155,"SEC61B"
"MT-ATP6",1.01e-158,0.452,0.987,0.975,1.87e-154,"MT-ATP6"
"RPL7A",3.29e-157,0.383,0.992,0.986,6.12e-153,"RPL7A"
"RPS15",7.07e-156,0.371,0.99,0.983,1.32e-151,"RPS15"
"BBLN",2.26e-155,0.657,0.808,0.703,4.21e-151,"BBLN"
"UQCRB",1.02e-150,0.464,0.958,0.932,1.9e-146,"UQCRB"
"MT-CO3",5.11e-150,0.413,0.988,0.984,9.52e-146,"MT-CO3"
"SLC25A6",4.46e-149,0.5,0.926,0.893,8.29e-145,"SLC25A6"
"COX6B1",5.64e-149,0.538,0.89,0.838,1.05e-144,"COX6B1"
"GAP43",1.75e-148,0.848,0.815,0.712,3.26e-144,"GAP43"
"RPS8",1.69e-147,0.353,0.992,0.987,3.14e-143,"RPS8"
"ITGB8",1.27e-146,0.773,0.761,0.659,2.37e-142,"ITGB8"
"RPL22",2.03e-145,0.358,0.986,0.979,3.77e-141,"RPL22"
"TOMM7",4.06e-145,0.487,0.93,0.889,7.56e-141,"TOMM7"
"ATP5ME",9.25e-145,0.613,0.796,0.704,1.72e-140,"ATP5ME"
"ATP5MC2",9.63e-145,0.447,0.94,0.909,1.79e-140,"ATP5MC2"
"RPL28",6.33e-143,0.41,0.988,0.979,1.18e-138,"RPL28"
"RPS23",7.18e-143,0.358,0.99,0.986,1.34e-138,"RPS23"
"NDUFA13",9.18e-143,0.456,0.94,0.913,1.71e-138,"NDUFA13"
"ITGB1",1.64e-141,0.53,0.851,0.788,3.06e-137,"ITGB1"
"DDX5",3.53e-141,0.401,0.996,0.99,6.56e-137,"DDX5"
"NDUFA4",5.75e-141,0.429,0.959,0.94,1.07e-136,"NDUFA4"
"ID1",1.81e-140,1.175,0.429,0.257,3.38e-136,"ID1"
"NDUFA1",8.62e-140,0.618,0.797,0.698,1.6e-135,"NDUFA1"
"PDGFRA",1.06e-139,1.173,0.459,0.289,1.98e-135,"PDGFRA"
"ROMO1",7.75e-139,0.717,0.681,0.548,1.44e-134,"ROMO1"
"SLC8A1",2.75e-138,-0.875,0.403,0.578,5.11e-134,"SLC8A1"
"CALM2",5.18e-137,0.414,0.991,0.985,9.65e-133,"CALM2"
"KTN1",3.18e-136,0.517,0.877,0.839,5.92e-132,"KTN1"
"SNRPE",1.64e-135,0.422,0.971,0.954,3.06e-131,"SNRPE"
"SUB1",5.31e-135,0.433,0.979,0.968,9.88e-131,"SUB1"
"PFN1",8.55e-135,0.584,0.87,0.827,1.59e-130,"PFN1"
"ATP6V1G1",1.17e-134,0.431,0.968,0.948,2.17e-130,"ATP6V1G1"
"BRK1",2.96e-134,0.461,0.922,0.888,5.52e-130,"BRK1"
"SLIRP",4.24e-134,0.562,0.808,0.731,7.9e-130,"SLIRP"
"SNRPG",2.02e-133,0.528,0.879,0.836,3.76e-129,"SNRPG"
"SON",1.24e-132,0.431,0.942,0.915,2.31e-128,"SON"
"TIMM8B",8.21e-132,0.643,0.727,0.623,1.53e-127,"TIMM8B"
"C19orf53",1.47e-129,0.613,0.771,0.687,2.74e-125,"C19orf53"
"RPLP0",1.94e-128,0.495,0.982,0.977,3.61e-124,"RPLP0"
"SEPTIN2",5.74e-127,0.384,0.944,0.917,1.07e-122,"SEPTIN2"
"SKP1",3.54e-126,0.352,0.981,0.973,6.59e-122,"SKP1"
"p23031-mCherry",1.21e-125,0.982,0.567,0.408,2.25e-121,"p23031-mCherry"
"TBCA",1.01e-124,0.386,0.958,0.943,1.87e-120,"TBCA"
"LSM7",2.62e-124,0.437,0.915,0.883,4.88e-120,"LSM7"
"NDUFB4",2.68e-124,0.494,0.872,0.811,4.99e-120,"NDUFB4"
"SEC61G",1.31e-122,0.372,0.948,0.91,2.44e-118,"SEC61G"
"RPL15",7.6e-122,0.306,0.991,0.988,1.41e-117,"RPL15"
"EEF2",8.62e-122,0.408,0.96,0.947,1.6e-117,"EEF2"
"NDUFB1",2.29e-121,0.62,0.738,0.641,4.26e-117,"NDUFB1"
"SPARC",1.79e-120,1.119,0.535,0.396,3.33e-116,"SPARC"
"BZW1",4.57e-120,0.471,0.879,0.841,8.5e-116,"BZW1"
"SRSF9",4.62e-120,0.42,0.915,0.884,8.61e-116,"SRSF9"
"LSAMP",6.47e-120,0.681,0.969,0.91,1.2e-115,"LSAMP"
"RNASEK",7.6e-120,0.483,0.879,0.834,1.42e-115,"RNASEK"
"MICOS10",1.5e-118,0.516,0.84,0.783,2.78e-114,"MICOS10"
"RPL11",3.12e-118,0.294,0.993,0.988,5.81e-114,"RPL11"
"RPS20",1.46e-117,0.306,0.985,0.977,2.71e-113,"RPS20"
"ZFAND6",3.08e-116,0.466,0.884,0.825,5.73e-112,"ZFAND6"
"RPS27A",4.5e-115,0.295,0.991,0.985,8.37e-111,"RPS27A"
"ATOX1",5.75e-115,0.593,0.751,0.663,1.07e-110,"ATOX1"
"PSMB5",1.28e-114,0.476,0.854,0.809,2.39e-110,"PSMB5"
"DYNLL1",1.4e-114,0.389,0.981,0.967,2.6e-110,"DYNLL1"
"H3-3B",5.32e-114,0.346,0.994,0.988,9.91e-110,"H3-3B"
"CD63",1.76e-113,0.964,0.88,0.831,3.28e-109,"CD63"
"UQCR10",1.13e-112,0.446,0.891,0.853,2.11e-108,"UQCR10"
"MRPS21",6.63e-112,0.521,0.789,0.718,1.23e-107,"MRPS21"
"IGF2BP2",8.62e-112,0.842,0.553,0.398,1.6e-107,"IGF2BP2"
"EIF4A1",9.28e-112,0.405,0.956,0.941,1.73e-107,"EIF4A1"
"XRCC5",1.27e-111,0.361,0.972,0.962,2.37e-107,"XRCC5"
"TCF12",2.55e-111,0.531,0.991,0.983,4.74e-107,"TCF12"
"CSNK1A1",7.18e-111,0.356,0.956,0.944,1.34e-106,"CSNK1A1"
"PFDN5",8.09e-111,0.361,0.962,0.94,1.51e-106,"PFDN5"
"YWHAB",1.17e-110,0.382,0.938,0.915,2.18e-106,"YWHAB"
"WDR83OS",4.58e-110,0.474,0.853,0.808,8.53e-106,"WDR83OS"
"FAU",1.09e-109,0.282,0.989,0.985,2.03e-105,"FAU"
"NES",4.72e-109,0.982,0.632,0.535,8.78e-105,"NES"
"NEGR1",8.02e-109,1.128,0.709,0.571,1.49e-104,"NEGR1"
"RPL32",1.05e-107,0.268,0.99,0.984,1.95e-103,"RPL32"
"NDUFC1",1.47e-107,0.588,0.751,0.672,2.73e-103,"NDUFC1"
"SMARCA5",5.34e-107,0.398,0.903,0.869,9.94e-103,"SMARCA5"
"NDUFS5",7.34e-107,0.414,0.923,0.898,1.37e-102,"NDUFS5"
"PSMD8",2.18e-106,0.463,0.855,0.807,4.07e-102,"PSMD8"
"MT-ATP8",2.68e-106,0.624,0.684,0.573,5e-102,"MT-ATP8"
"CBX5",7.5e-105,0.432,0.912,0.883,1.4e-100,"CBX5"
"ZMAT3",2.06e-104,0.813,0.648,0.545,3.83e-100,"ZMAT3"
"RPL36AL",2.7e-104,0.437,0.876,0.837,5.03e-100,"RPL36AL"
"ITGA7",1.75e-103,1.043,0.463,0.33,3.26e-99,"ITGA7"
"ARPC3",3.1e-103,0.401,0.913,0.879,5.76e-99,"ARPC3"
"ADARB2",2.13e-102,-3.008,0.031,0.116,3.96e-98,"ADARB2"
"MAP2",2.95e-102,0.5,0.998,0.996,5.49e-98,"MAP2"
"SNRPD2",1.16e-101,0.41,0.903,0.867,2.16e-97,"SNRPD2"
"GNB2",1.26e-101,0.46,0.824,0.767,2.35e-97,"GNB2"
"RPL12",1.73e-101,0.409,0.968,0.957,3.23e-97,"RPL12"
"HNRNPA2B1",2.79e-101,0.323,0.994,0.988,5.19e-97,"HNRNPA2B1"
"MRPL33",4.73e-101,0.518,0.771,0.686,8.8e-97,"MRPL33"
"PPIA",9.23e-101,0.319,0.98,0.971,1.72e-96,"PPIA"
"JUND",1.38e-100,0.42,0.933,0.878,2.57e-96,"JUND"
"SEM1",1.4e-100,0.392,0.905,0.879,2.6e-96,"SEM1"
"ATP6V1F",1.58e-100,0.446,0.885,0.831,2.94e-96,"ATP6V1F"
"PRDX6",1.86e-100,1.391,0.701,0.639,3.45e-96,"PRDX6"
"NDUFA11",3.93e-100,0.44,0.881,0.843,7.31e-96,"NDUFA11"
"HNRNPC",4.28e-100,0.318,0.975,0.966,7.96e-96,"HNRNPC"
"TMSB10",1.31e-99,0.49,0.991,0.98,2.44e-95,"TMSB10"
"RPL3",3.55e-99,0.312,0.991,0.985,6.62e-95,"RPL3"
"FKBP3",4.06e-99,0.472,0.839,0.786,7.55e-95,"FKBP3"
"UQCRH",5.77e-99,0.32,0.964,0.944,1.07e-94,"UQCRH"
"ASCC3",6.76e-99,0.656,0.726,0.635,1.26e-94,"ASCC3"
"RACK1",7.9e-99,0.349,0.986,0.978,1.47e-94,"RACK1"
"KLHL13",8.33e-99,0.912,0.471,0.32,1.55e-94,"KLHL13"
"RHOA",1.54e-98,0.414,0.883,0.847,2.87e-94,"RHOA"
"MT-ND5",5.24e-98,0.293,0.965,0.949,9.75e-94,"MT-ND5"
"RPS18",7.69e-98,0.275,0.992,0.988,1.43e-93,"RPS18"
"ATP5PF",1.08e-97,0.352,0.954,0.935,2.01e-93,"ATP5PF"
"POLR2L",1.1e-97,0.66,0.647,0.55,2.05e-93,"POLR2L"
"CIAO2B",2.1e-97,0.406,0.911,0.875,3.9e-93,"CIAO2B"
"C1orf122",4.77e-97,0.528,0.764,0.685,8.88e-93,"C1orf122"
"BRI3",6.47e-97,0.413,0.922,0.895,1.2e-92,"BRI3"
"MYL12B",1.07e-96,0.432,0.897,0.869,1.99e-92,"MYL12B"
"RPL30",1.82e-96,0.26,0.993,0.99,3.39e-92,"RPL30"
"CLTA",5.4e-96,0.37,0.933,0.919,1.01e-91,"CLTA"
"ATP5MJ",1.39e-95,0.454,0.86,0.806,2.59e-91,"ATP5MJ"
"RCN2",1.8e-95,0.379,0.953,0.938,3.36e-91,"RCN2"
"SF3B5",9.16e-95,0.444,0.828,0.785,1.71e-90,"SF3B5"
"ASAP1",2.24e-94,0.492,0.98,0.967,4.17e-90,"ASAP1"
"METTL9",3.9e-94,0.379,0.89,0.858,7.26e-90,"METTL9"
"MARCKS",5.27e-94,0.3,0.992,0.986,9.8e-90,"MARCKS"
"MEST",6.71e-94,0.857,0.584,0.451,1.25e-89,"MEST"
"NCL",1.77e-93,0.389,0.949,0.933,3.3e-89,"NCL"
"SUMO1",1.78e-93,0.367,0.911,0.876,3.31e-89,"SUMO1"
"GNG5",2.01e-93,0.658,0.778,0.719,3.74e-89,"GNG5"
"ADAM9",5.75e-93,0.626,0.677,0.592,1.07e-88,"ADAM9"
"SET",7.39e-93,0.341,0.974,0.962,1.38e-88,"SET"
"YWHAE",7.55e-93,0.276,0.985,0.982,1.41e-88,"YWHAE"
"RBX1",8.64e-92,0.361,0.955,0.935,1.61e-87,"RBX1"
"STRAP",2.04e-91,0.378,0.9,0.882,3.79e-87,"STRAP"
"SNRPN",2.54e-91,0.453,0.903,0.856,4.73e-87,"SNRPN"
"ILDR2",3.15e-91,0.864,0.494,0.368,5.86e-87,"ILDR2"
"METTL7B",3.34e-91,1.262,0.257,0.137,6.22e-87,"METTL7B"
"DYNLT1",4.68e-91,0.369,0.937,0.914,8.71e-87,"DYNLT1"
"RTL8C",7.56e-91,0.523,0.756,0.678,1.41e-86,"RTL8C"
"HNRNPK",1.34e-90,0.312,0.974,0.965,2.5e-86,"HNRNPK"
"CBX3",1.95e-90,0.376,0.927,0.897,3.63e-86,"CBX3"
"ANXA5",2.45e-90,0.846,0.659,0.598,4.55e-86,"ANXA5"
"LDHB",5.58e-90,0.402,0.908,0.877,1.04e-85,"LDHB"
"RPL21",6.49e-90,0.269,0.989,0.983,1.21e-85,"RPL21"
"RBM39",1.26e-89,0.322,0.942,0.921,2.35e-85,"RBM39"
"POLR2F",2.62e-89,0.51,0.79,0.715,4.87e-85,"POLR2F"
"SNRPF",3.26e-89,0.406,0.891,0.857,6.06e-85,"SNRPF"
"HIGD2A",3.93e-89,0.567,0.693,0.59,7.31e-85,"HIGD2A"
"CAMK2D",6.16e-89,0.663,0.796,0.737,1.15e-84,"CAMK2D"
"ARPC5",8.41e-89,0.441,0.883,0.851,1.57e-84,"ARPC5"
"MCC",1.33e-88,0.639,0.727,0.635,2.47e-84,"MCC"
"TOP1",2.69e-88,0.363,0.937,0.91,5e-84,"TOP1"
"KDELR1",4.44e-88,0.505,0.764,0.711,8.26e-84,"KDELR1"
"FXYD6",1.79e-87,0.492,0.867,0.811,3.32e-83,"FXYD6"
"PRDX2",3.28e-87,0.363,0.964,0.939,6.1e-83,"PRDX2"
"NDUFA3",5.14e-87,0.693,0.598,0.479,9.57e-83,"NDUFA3"
"KCNB2",6.64e-87,-1.507,0.087,0.191,1.24e-82,"KCNB2"
"ATP6V0E1",7.09e-87,0.443,0.817,0.746,1.32e-82,"ATP6V0E1"
"PHPT1",7.6e-87,0.453,0.871,0.826,1.42e-82,"PHPT1"
"PDIA6",8.78e-87,0.581,0.791,0.747,1.63e-82,"PDIA6"
"SLC25A3",1.76e-86,0.381,0.883,0.863,3.28e-82,"SLC25A3"
"PCBP2",2.95e-86,0.336,0.934,0.919,5.49e-82,"PCBP2"
"C11orf58",8.1e-86,0.341,0.942,0.921,1.51e-81,"C11orf58"
"SOX5",1.14e-85,0.43,0.988,0.973,2.12e-81,"SOX5"
"SUMO2",1.94e-85,0.269,0.991,0.985,3.61e-81,"SUMO2"
"TRPS1",2.62e-85,0.436,0.779,0.664,4.88e-81,"TRPS1"
"HSPE1",4.49e-85,0.443,0.883,0.853,8.36e-81,"HSPE1"
"PRKDC",6.5e-85,0.429,0.899,0.881,1.21e-80,"PRKDC"
"CCT2",9.44e-85,0.367,0.896,0.859,1.76e-80,"CCT2"
"COX7B",1.25e-84,0.386,0.858,0.813,2.33e-80,"COX7B"
"SEC11A",1.97e-84,0.428,0.844,0.813,3.66e-80,"SEC11A"
"ATP5MC3",3.24e-84,0.346,0.929,0.908,6.03e-80,"ATP5MC3"
"PDE1A",6.55e-84,1.001,0.652,0.54,1.22e-79,"PDE1A"
"GNG10",8.85e-84,0.45,0.781,0.711,1.65e-79,"GNG10"
"PDGFD",1.02e-83,0.565,0.724,0.603,1.9e-79,"PDGFD"
"RPL14",1.17e-83,0.259,0.983,0.978,2.19e-79,"RPL14"
"HECW1",1.27e-83,-1.725,0.057,0.145,2.37e-79,"HECW1"
"AP2M1",1.51e-83,0.442,0.81,0.754,2.8e-79,"AP2M1"
"CDK2AP1",3.34e-83,0.442,0.834,0.78,6.22e-79,"CDK2AP1"
"ARID5B",6.13e-83,0.622,0.641,0.516,1.14e-78,"ARID5B"
"LAMTOR2",1.28e-82,0.523,0.714,0.632,2.39e-78,"LAMTOR2"
"SLC1A2",1.29e-82,-0.451,0.491,0.626,2.4e-78,"SLC1A2"
"KRT10",2.65e-82,0.396,0.859,0.806,4.93e-78,"KRT10"
"CCT3",3.21e-82,0.388,0.855,0.821,5.98e-78,"CCT3"
"RPSA",6.44e-82,0.291,0.98,0.969,1.2e-77,"RPSA"
"FHL1",9.25e-82,0.655,0.644,0.53,1.72e-77,"FHL1"
"PPP1CA",9.96e-82,0.59,0.626,0.528,1.85e-77,"PPP1CA"
"RPAIN",1.91e-81,0.425,0.91,0.869,3.55e-77,"RPAIN"
"NONO",9.8e-81,0.398,0.875,0.841,1.82e-76,"NONO"
"STMP1",1.12e-80,0.398,0.843,0.795,2.09e-76,"STMP1"
"CHCHD1",1.45e-80,0.525,0.658,0.557,2.7e-76,"CHCHD1"
"TXNDC17",1.65e-80,0.538,0.709,0.636,3.08e-76,"TXNDC17"
"RPL24",2.1e-80,0.23,0.991,0.984,3.91e-76,"RPL24"
"RPL10A",2.67e-80,0.321,0.974,0.964,4.98e-76,"RPL10A"
"GABARAPL2",2.7e-80,0.387,0.896,0.855,5.03e-76,"GABARAPL2"
"KCND3",2.76e-80,0.795,0.49,0.362,5.13e-76,"KCND3"
"MT-ND4L",3.62e-80,0.528,0.722,0.636,6.74e-76,"MT-ND4L"
"NDUFS6",4.2e-80,0.434,0.816,0.774,7.82e-76,"NDUFS6"
"CCND1",1.16e-79,1.618,0.16,0.068,2.16e-75,"CCND1"
"ATP6V0B",1.73e-79,0.45,0.79,0.713,3.22e-75,"ATP6V0B"
"NDUFB3",1.79e-79,0.463,0.751,0.682,3.34e-75,"NDUFB3"
"DGKI",2.1e-79,0.829,0.626,0.507,3.9e-75,"DGKI"
"ZNF706",8.39e-79,0.41,0.848,0.799,1.56e-74,"ZNF706"
"GRIA1",2.16e-78,0.673,0.577,0.436,4.01e-74,"GRIA1"
"RPL23A",2.69e-78,0.251,0.986,0.981,5.01e-74,"RPL23A"
"CUTA",3.13e-78,0.447,0.801,0.741,5.83e-74,"CUTA"
"CDKN1A",4.92e-78,1.095,0.265,0.151,9.16e-74,"CDKN1A"
"PEG10",1.04e-77,1.019,0.819,0.747,1.94e-73,"PEG10"
"RPS11",3.15e-77,0.276,0.992,0.987,5.86e-73,"RPS11"
"NACA",7.55e-77,0.236,0.991,0.986,1.4e-72,"NACA"
"HOMER3",1.09e-76,0.574,0.702,0.59,2.02e-72,"HOMER3"
"C11orf96",1.28e-76,0.841,0.642,0.543,2.38e-72,"C11orf96"
"FIS1",3.28e-76,0.425,0.81,0.741,6.1e-72,"FIS1"
"SERBP1",7.42e-76,0.385,0.867,0.852,1.38e-71,"SERBP1"
"SNX3",1.43e-75,0.388,0.874,0.818,2.66e-71,"SNX3"
"PPP1R14B",2.17e-75,0.358,0.972,0.953,4.04e-71,"PPP1R14B"
"KRTCAP2",2.93e-75,0.453,0.755,0.683,5.46e-71,"KRTCAP2"
"GPX4",6.76e-75,0.407,0.838,0.791,1.26e-70,"GPX4"
"ANXA1",6.81e-75,0.988,0.381,0.261,1.27e-70,"ANXA1"
"COX16",7.11e-75,0.403,0.836,0.786,1.32e-70,"COX16"
"TRIR",8.11e-75,0.325,0.942,0.913,1.51e-70,"TRIR"
"SCP2",1.29e-74,0.434,0.771,0.708,2.4e-70,"SCP2"
"LAMTOR5",1.57e-74,0.36,0.896,0.872,2.92e-70,"LAMTOR5"
"SRI",4.37e-74,0.351,0.889,0.832,8.13e-70,"SRI"
"EEF1D",7.57e-74,0.371,0.851,0.817,1.41e-69,"EEF1D"
"NDUFAF8",1.48e-73,0.542,0.667,0.588,2.75e-69,"NDUFAF8"
"PPP4C",3.28e-73,0.426,0.765,0.708,6.11e-69,"PPP4C"
"GNAI2",5.86e-73,0.414,0.848,0.795,1.09e-68,"GNAI2"
"TMEM256",1.49e-72,0.577,0.612,0.512,2.77e-68,"TMEM256"
"BLOC1S1",1.99e-72,0.469,0.758,0.681,3.7e-68,"BLOC1S1"
"CAPRIN1",2.35e-72,0.355,0.876,0.842,4.38e-68,"CAPRIN1"
"SELENOW",3.74e-72,0.385,0.881,0.853,6.96e-68,"SELENOW"
"EIF3E",5.22e-72,0.371,0.885,0.853,9.71e-68,"EIF3E"
"SLC27A4",2.23e-71,0.566,0.691,0.6,4.15e-67,"SLC27A4"
"HMGA1",3.21e-71,0.771,0.462,0.346,5.97e-67,"HMGA1"
"SRP9",4.14e-71,0.303,0.957,0.943,7.7e-67,"SRP9"
"LHFPL6",4.66e-71,0.737,0.602,0.502,8.67e-67,"LHFPL6"
"SOX6",4.81e-71,0.626,0.967,0.937,8.95e-67,"SOX6"
"FYN",5.25e-71,0.345,0.97,0.958,9.77e-67,"FYN"
"ARPC2",8.12e-71,0.33,0.905,0.888,1.51e-66,"ARPC2"
"CCT6A",9.14e-71,0.371,0.855,0.822,1.7e-66,"CCT6A"
"ITM2B",1.1e-70,0.31,0.935,0.904,2.05e-66,"ITM2B"
"BEX3",2.19e-70,0.303,0.965,0.951,4.08e-66,"BEX3"
"TXNL4A",2.82e-70,0.403,0.763,0.702,5.25e-66,"TXNL4A"
"TOMM20",4.87e-70,0.319,0.925,0.902,9.07e-66,"TOMM20"
"RFX4",6.35e-70,0.76,0.708,0.629,1.18e-65,"RFX4"
"LAMTOR1",1.14e-69,0.444,0.757,0.689,2.12e-65,"LAMTOR1"
"PPIB",1.45e-69,0.391,0.861,0.833,2.7e-65,"PPIB"
"HSBP1",1.65e-69,0.327,0.903,0.881,3.07e-65,"HSBP1"
"TCF25",1.28e-68,0.376,0.808,0.766,2.39e-64,"TCF25"
"TNRC6B",1.29e-68,0.31,0.949,0.934,2.4e-64,"TNRC6B"
"NAP1L1",1.44e-68,0.285,0.955,0.943,2.68e-64,"NAP1L1"
"SF3B6",1.6e-68,0.291,0.931,0.916,2.98e-64,"SF3B6"
"CAMTA1",1.86e-68,0.301,0.962,0.948,3.47e-64,"CAMTA1"
"FKBP1A",3.02e-68,0.484,0.717,0.641,5.63e-64,"FKBP1A"
"ANAPC11",4.37e-68,0.342,0.881,0.843,8.14e-64,"ANAPC11"
"PSMB3",5.51e-68,0.365,0.827,0.786,1.03e-63,"PSMB3"
"RTRAF",6.59e-68,0.36,0.858,0.83,1.23e-63,"RTRAF"
"ESR1",2.31e-67,0.586,0.685,0.593,4.3e-63,"ESR1"
"MRPL51",2.31e-67,0.388,0.823,0.795,4.3e-63,"MRPL51"
"ATP5F1A",3.86e-67,0.346,0.845,0.809,7.19e-63,"ATP5F1A"
"RBMS3",4.05e-67,0.987,0.449,0.328,7.53e-63,"RBMS3"
"TMEM255A",7.55e-67,1.086,0.251,0.15,1.41e-62,"TMEM255A"
"HNRNPA1",8.59e-67,0.304,0.986,0.978,1.6e-62,"HNRNPA1"
"APEX1",1.99e-66,0.368,0.863,0.835,3.71e-62,"APEX1"
"GPM6A",2.42e-66,0.334,0.985,0.969,4.51e-62,"GPM6A"
"ATXN1",2.78e-66,0.44,0.884,0.842,5.18e-62,"ATXN1"
"PJA2",3.22e-66,0.38,0.914,0.903,6e-62,"PJA2"
"MARCKSL1",3.42e-66,0.269,0.991,0.984,6.36e-62,"MARCKSL1"
"PSMA7",5.11e-66,0.282,0.957,0.943,9.51e-62,"PSMA7"
"BTF3",5.61e-66,0.311,0.963,0.947,1.04e-61,"BTF3"
"TM9SF3",6.53e-66,0.4,0.771,0.722,1.22e-61,"TM9SF3"
"AP1S1",9.68e-66,0.47,0.684,0.596,1.8e-61,"AP1S1"
"CDV3",1.21e-65,0.633,0.628,0.523,2.25e-61,"CDV3"
"EIF3F",1.22e-65,0.352,0.895,0.874,2.28e-61,"EIF3F"
"TIMM13",1.41e-65,0.53,0.633,0.55,2.62e-61,"TIMM13"
"C1QBP",1.66e-65,0.428,0.777,0.728,3.09e-61,"C1QBP"
"MRPL52",4.12e-65,0.515,0.61,0.516,7.67e-61,"MRPL52"
"RPL4",4.76e-65,0.268,0.966,0.957,8.86e-61,"RPL4"
"MORF4L1",7.05e-65,0.247,0.954,0.944,1.31e-60,"MORF4L1"
"VDAC1",1.1e-64,0.412,0.789,0.762,2.05e-60,"VDAC1"
"DSTN",1.26e-64,0.321,0.9,0.884,2.35e-60,"DSTN"
"GTF2I",1.62e-64,0.258,0.989,0.985,3.02e-60,"GTF2I"
"CAPZB",2.73e-64,0.344,0.844,0.804,5.09e-60,"CAPZB"
"SORCS1",6.13e-64,0.973,0.37,0.257,1.14e-59,"SORCS1"
"IGFBP2",6.55e-64,0.245,0.869,0.849,1.22e-59,"IGFBP2"
"NENF",8.62e-64,0.514,0.616,0.523,1.61e-59,"NENF"
"EIF4G3",9.28e-64,0.276,0.965,0.954,1.73e-59,"EIF4G3"
"PTCHD4",1.33e-63,1.047,0.25,0.149,2.47e-59,"PTCHD4"
"A2M",1.42e-63,0.625,0.402,0.288,2.65e-59,"A2M"
"GUK1",1.45e-63,0.424,0.8,0.745,2.7e-59,"GUK1"
"SMIM26",1.93e-63,0.475,0.697,0.616,3.59e-59,"SMIM26"
"NDUFB5",2.56e-63,0.475,0.69,0.619,4.76e-59,"NDUFB5"
"NDUFA8",3.25e-63,0.435,0.755,0.678,6.05e-59,"NDUFA8"
"NRXN1",4.01e-63,-0.386,0.94,0.961,7.46e-59,"NRXN1"
"PHB2",7.5e-63,0.418,0.739,0.678,1.4e-58,"PHB2"
"AOPEP",2.58e-62,0.418,0.828,0.792,4.81e-58,"AOPEP"
"RAB31",2.61e-62,0.559,0.567,0.459,4.85e-58,"RAB31"
"NDUFAB1",2.68e-62,0.343,0.845,0.816,4.99e-58,"NDUFAB1"
"LPP",4.5e-62,0.483,0.739,0.667,8.38e-58,"LPP"
"RAB13",6.68e-62,0.71,0.458,0.353,1.24e-57,"RAB13"
"TOMM5",2.31e-61,0.445,0.739,0.681,4.3e-57,"TOMM5"
"NRP2",2.45e-61,1.278,0.226,0.133,4.55e-57,"NRP2"
"CKB",2.62e-61,0.371,0.983,0.975,4.88e-57,"CKB"
"EIF5B",3.08e-61,0.437,0.718,0.652,5.73e-57,"EIF5B"
"TNFRSF12A",3.58e-61,0.997,0.248,0.149,6.66e-57,"TNFRSF12A"
"IDS",4.64e-61,0.489,0.692,0.62,8.63e-57,"IDS"
"COX6A1",6.84e-61,0.284,0.931,0.914,1.27e-56,"COX6A1"
"RPL5",8.04e-61,0.207,0.993,0.988,1.5e-56,"RPL5"
"POLR2J",8.98e-61,0.378,0.796,0.745,1.67e-56,"POLR2J"
"EIF1",9.76e-61,0.18,0.99,0.987,1.82e-56,"EIF1"
"OCIAD1",9.79e-61,0.288,0.899,0.88,1.82e-56,"OCIAD1"
"KCNJ3",1.14e-60,-1.507,0.042,0.108,2.12e-56,"KCNJ3"
"DPM3",1.25e-60,0.67,0.416,0.307,2.33e-56,"DPM3"
"FZD3",1.51e-60,0.337,0.915,0.894,2.82e-56,"FZD3"
"HTATSF1",1.67e-60,0.671,0.766,0.686,3.1e-56,"HTATSF1"
"ASTN2",1.81e-60,1.032,0.507,0.399,3.37e-56,"ASTN2"
"TLE1",1.92e-60,0.491,0.73,0.65,3.57e-56,"TLE1"
"ALDOC",2.05e-60,-1.214,0.122,0.211,3.82e-56,"ALDOC"
"HNRNPAB",2.79e-60,0.434,0.774,0.711,5.2e-56,"HNRNPAB"
"GTF3C6",2.92e-60,0.365,0.791,0.743,5.43e-56,"GTF3C6"
"COL4A1",4.32e-60,0.712,0.446,0.341,8.05e-56,"COL4A1"
"RPL29",4.63e-60,0.218,0.988,0.981,8.61e-56,"RPL29"
"ITPRID2",4.72e-60,0.693,0.518,0.423,8.78e-56,"ITPRID2"
"CAP1",5e-60,0.44,0.72,0.654,9.31e-56,"CAP1"
"PARK7",6.3e-60,0.297,0.91,0.904,1.17e-55,"PARK7"
"SMAD1",7.15e-60,0.488,0.653,0.575,1.33e-55,"SMAD1"
"SCGN",9.68e-60,-0.563,0.12,0.216,1.8e-55,"SCGN"
"NDUFV2",1.4e-59,0.362,0.815,0.769,2.61e-55,"NDUFV2"
"RYR3",1.99e-59,1.353,0.25,0.154,3.7e-55,"RYR3"
"STIM2",2.05e-59,0.622,0.669,0.606,3.82e-55,"STIM2"
"NRCAM",2.81e-59,0.634,0.839,0.777,5.23e-55,"NRCAM"
"SAP18",3.23e-59,0.308,0.872,0.835,6.02e-55,"SAP18"
"S100A10",5.35e-59,1.37,0.162,0.082,9.95e-55,"S100A10"
"DNAJC8",6.07e-59,0.305,0.863,0.828,1.13e-54,"DNAJC8"
"PSMB1",6.41e-59,0.314,0.894,0.876,1.19e-54,"PSMB1"
"VDAC2",9.13e-59,0.308,0.884,0.856,1.7e-54,"VDAC2"
"NKX2-1",1.47e-58,0.729,0.377,0.267,2.74e-54,"NKX2-1"
"NTN1",1.51e-58,0.629,0.385,0.273,2.82e-54,"NTN1"
"SACS",2.82e-58,0.548,0.883,0.83,5.25e-54,"SACS"
"TPM3",3.61e-58,0.398,0.749,0.705,6.71e-54,"TPM3"
"SP8",3.66e-58,-1.104,0.064,0.139,6.81e-54,"SP8"
"SNX6",5.01e-58,0.337,0.84,0.805,9.33e-54,"SNX6"
"HSPD1",5.24e-58,0.356,0.869,0.851,9.76e-54,"HSPD1"
"RNF7",6.48e-58,0.435,0.717,0.658,1.21e-53,"RNF7"
"ENY2",6.61e-58,0.345,0.834,0.797,1.23e-53,"ENY2"
"SNU13",6.97e-58,0.355,0.798,0.754,1.3e-53,"SNU13"
"VIM",8.5e-58,0.907,0.811,0.769,1.58e-53,"VIM"
"SELENOK",8.7e-58,0.307,0.837,0.792,1.62e-53,"SELENOK"
"COX14",1.2e-57,0.564,0.586,0.491,2.24e-53,"COX14"
"HSP90B1",1.26e-57,0.589,0.794,0.76,2.35e-53,"HSP90B1"
"AFF2",1.44e-57,0.51,0.5,0.384,2.67e-53,"AFF2"
"ARF5",1.56e-57,0.54,0.564,0.467,2.91e-53,"ARF5"
"RBIS",1.58e-57,0.408,0.746,0.685,2.94e-53,"RBIS"
"EIF3A",1.85e-57,0.329,0.857,0.825,3.45e-53,"EIF3A"
"DDX17",3e-57,0.266,0.949,0.937,5.59e-53,"DDX17"
"SSR4",3.14e-57,0.37,0.795,0.742,5.85e-53,"SSR4"
"CALU",3.76e-57,0.399,0.732,0.674,6.99e-53,"CALU"
"RPL13",3.97e-57,0.193,0.991,0.988,7.4e-53,"RPL13"
"SSR2",4.43e-57,0.351,0.844,0.791,8.24e-53,"SSR2"
"BMPR1A",4.85e-57,0.38,0.849,0.818,9.03e-53,"BMPR1A"
"DAD1",5.53e-57,0.35,0.821,0.771,1.03e-52,"DAD1"
"PROS1",5.85e-57,0.763,0.394,0.293,1.09e-52,"PROS1"
"CLIC1",5.89e-57,0.527,0.642,0.569,1.1e-52,"CLIC1"
"MLF2",1.07e-56,0.344,0.833,0.81,1.99e-52,"MLF2"
"NEDD8",1.52e-56,0.312,0.856,0.838,2.82e-52,"NEDD8"
"STARD13",1.56e-56,0.833,0.51,0.405,2.91e-52,"STARD13"
"SDCBP",1.89e-56,0.373,0.824,0.779,3.52e-52,"SDCBP"
"ABCA1",2.5e-56,0.603,0.694,0.609,4.66e-52,"ABCA1"
"PTMA",2.84e-56,0.31,0.989,0.98,5.28e-52,"PTMA"
"RPS16",2.98e-56,0.187,0.99,0.984,5.54e-52,"RPS16"
"PREX1",4.58e-56,0.695,0.486,0.39,8.52e-52,"PREX1"
"ETV5",6.41e-56,0.748,0.355,0.249,1.19e-51,"ETV5"
"PHLDA3",6.69e-56,0.836,0.278,0.182,1.24e-51,"PHLDA3"
"ENAH",1.16e-55,0.286,0.983,0.975,2.16e-51,"ENAH"
"RABAC1",1.31e-55,0.368,0.801,0.745,2.43e-51,"RABAC1"
"UBE2H",1.33e-55,0.371,0.925,0.898,2.47e-51,"UBE2H"
"H2AC20",1.33e-55,0.774,0.43,0.317,2.48e-51,"H2AC20"
"YWHAZ",1.5e-55,0.281,0.961,0.95,2.79e-51,"YWHAZ"
"THSD7A",2.79e-55,-0.71,0.182,0.276,5.2e-51,"THSD7A"
"GRIK3",4.72e-55,0.59,0.472,0.364,8.79e-51,"GRIK3"
"SPCS2",4.93e-55,0.264,0.907,0.887,9.18e-51,"SPCS2"
"QKI",8.31e-55,0.216,0.999,0.998,1.55e-50,"QKI"
"COPE",9.66e-55,0.361,0.806,0.767,1.8e-50,"COPE"
"KLHL4",2.71e-54,0.63,0.562,0.467,5.04e-50,"KLHL4"
"TAGLN2",3.03e-54,0.906,0.364,0.267,5.64e-50,"TAGLN2"
"CADM4",3.35e-54,0.498,0.608,0.513,6.24e-50,"CADM4"
"LAPTM4B",5.89e-54,0.459,0.712,0.664,1.1e-49,"LAPTM4B"
"COX17",6.23e-54,0.64,0.497,0.403,1.16e-49,"COX17"
"DBI",6.57e-54,0.559,0.876,0.85,1.22e-49,"DBI"
"RPL6",7e-54,0.214,0.99,0.986,1.3e-49,"RPL6"
"SVIP",7.35e-54,1.185,0.197,0.113,1.37e-49,"SVIP"
"OAZ1",8.27e-54,0.282,0.942,0.936,1.54e-49,"OAZ1"
"CLTB",1.23e-53,0.439,0.678,0.599,2.29e-49,"CLTB"
"VPS35",1.4e-53,0.327,0.865,0.825,2.61e-49,"VPS35"
"RPL19",1.45e-53,0.206,0.987,0.983,2.7e-49,"RPL19"
"GAB1",2.96e-53,0.461,0.696,0.627,5.5e-49,"GAB1"
"EEF1B2",3.57e-53,0.27,0.88,0.848,6.65e-49,"EEF1B2"
"PRMT1",3.74e-53,0.356,0.827,0.796,6.96e-49,"PRMT1"
"SNRPB2",4.12e-53,0.384,0.813,0.763,7.67e-49,"SNRPB2"
"CIRBP",4.17e-53,0.27,0.943,0.938,7.77e-49,"CIRBP"
"IGF2R",5.12e-53,0.502,0.598,0.517,9.53e-49,"IGF2R"
"CTNNA1",6.05e-53,0.305,0.836,0.791,1.13e-48,"CTNNA1"
"MAPRE1",7.06e-53,0.432,0.698,0.635,1.31e-48,"MAPRE1"
"C4orf3",7.47e-53,0.401,0.691,0.62,1.39e-48,"C4orf3"
"CHCHD2",8.4e-53,0.361,0.804,0.744,1.56e-48,"CHCHD2"
"HNRNPR",9.01e-53,0.262,0.97,0.96,1.68e-48,"HNRNPR"
"CHIC2",1.39e-52,0.517,0.778,0.749,2.59e-48,"CHIC2"
"UBE2L3",2e-52,0.32,0.818,0.782,3.72e-48,"UBE2L3"
"PGD",2.4e-52,0.497,0.606,0.535,4.46e-48,"PGD"
"ATP5F1C",2.63e-52,0.289,0.889,0.861,4.89e-48,"ATP5F1C"
"RAB7A",4.14e-52,0.301,0.869,0.839,7.71e-48,"RAB7A"
"SNRPD3",4.52e-52,0.374,0.749,0.698,8.4e-48,"SNRPD3"
"CNPY2",5.92e-52,0.41,0.714,0.661,1.1e-47,"CNPY2"
"CLTC",5.93e-52,0.326,0.835,0.809,1.1e-47,"CLTC"
"PET100",6.44e-52,0.463,0.634,0.549,1.2e-47,"PET100"
"VEGFA",9.73e-52,-1.568,0.248,0.338,1.81e-47,"VEGFA"
"OTX2",1.22e-51,0.868,0.308,0.215,2.28e-47,"OTX2"
"FMC1",1.34e-51,0.51,0.559,0.471,2.49e-47,"FMC1"
"H4C3",1.67e-51,0.619,0.709,0.615,3.1e-47,"H4C3"
"PRPS1",2.7e-51,0.623,0.578,0.502,5.02e-47,"PRPS1"
"RPL8",2.88e-51,0.211,0.988,0.983,5.36e-47,"RPL8"
"UBC",3.08e-51,0.26,0.983,0.978,5.74e-47,"UBC"
"ZRANB2",3.78e-51,0.333,0.817,0.782,7.03e-47,"ZRANB2"
"SLC26A7",3.97e-51,1.2,0.256,0.167,7.38e-47,"SLC26A7"
"RAP2B",5.62e-51,0.883,0.486,0.392,1.05e-46,"RAP2B"
"NME1",5.96e-51,0.49,0.638,0.567,1.11e-46,"NME1"
"EMP1",7.92e-51,1.078,0.192,0.112,1.47e-46,"EMP1"
"ZNF827",1.06e-50,0.581,0.573,0.485,1.97e-46,"ZNF827"
"ATP5IF1",1.21e-50,0.358,0.78,0.734,2.25e-46,"ATP5IF1"
"CRYAB",1.44e-50,1.178,0.429,0.34,2.67e-46,"CRYAB"
"STMN2",1.64e-50,-0.675,0.374,0.47,3.06e-46,"STMN2"
"TMEM183A",1.83e-50,0.403,0.712,0.643,3.4e-46,"TMEM183A"
"NCAN",2.55e-50,0.483,0.715,0.641,4.75e-46,"NCAN"
"NDUFB8",2.61e-50,0.38,0.791,0.737,4.86e-46,"NDUFB8"
"CHD2",2.76e-50,0.241,0.989,0.987,5.14e-46,"CHD2"
"METAP2",2.85e-50,0.329,0.79,0.749,5.31e-46,"METAP2"
"NHP2",3.45e-50,0.443,0.66,0.593,6.42e-46,"NHP2"
"CHD4",3.5e-50,0.357,0.824,0.794,6.51e-46,"CHD4"
"MT-ND6",3.88e-50,0.398,0.743,0.685,7.22e-46,"MT-ND6"
"POMP",6.17e-50,0.279,0.891,0.874,1.15e-45,"POMP"
"NPC2",6.78e-50,0.624,0.617,0.545,1.26e-45,"NPC2"
"ARF1",7.69e-50,0.332,0.797,0.75,1.43e-45,"ARF1"
"HNRNPA3",7.8e-50,0.288,0.963,0.951,1.45e-45,"HNRNPA3"
"RUFY3",8.54e-50,0.265,0.967,0.959,1.59e-45,"RUFY3"
"SSBP1",1.46e-49,0.339,0.814,0.786,2.71e-45,"SSBP1"
"ARPP19",1.65e-49,0.294,0.846,0.816,3.08e-45,"ARPP19"
"SERINC1",1.73e-49,0.317,0.839,0.79,3.23e-45,"SERINC1"
"WWTR1",2.77e-49,0.656,0.558,0.474,5.15e-45,"WWTR1"
"HSP90AB1",2.79e-49,0.229,0.987,0.981,5.19e-45,"HSP90AB1"
"PGBD5",2.88e-49,-1.155,0.134,0.218,5.36e-45,"PGBD5"
"LMO3",4.58e-49,-0.632,0.342,0.443,8.52e-45,"LMO3"
"SPCS1",5.29e-49,0.351,0.809,0.776,9.84e-45,"SPCS1"
"ZMYND8",6.78e-49,0.42,0.772,0.716,1.26e-44,"ZMYND8"
"TCEAL4",7.13e-49,0.333,0.828,0.795,1.33e-44,"TCEAL4"
"TPM4",7.82e-49,0.386,0.771,0.721,1.46e-44,"TPM4"
"SYT11",8.4e-49,0.31,0.882,0.851,1.56e-44,"SYT11"
"UBE2M",9.45e-49,0.382,0.723,0.655,1.76e-44,"UBE2M"
"ANP32A",1.4e-48,0.326,0.817,0.779,2.6e-44,"ANP32A"
"GALNT14",1.51e-48,1.039,0.359,0.276,2.8e-44,"GALNT14"
"LMO4",1.7e-48,0.316,0.847,0.813,3.16e-44,"LMO4"
"SORCS3",1.86e-48,-1.602,0.128,0.208,3.45e-44,"SORCS3"
"STMN4",1.91e-48,0.459,0.652,0.566,3.56e-44,"STMN4"
"GOLGA7",2.01e-48,0.438,0.702,0.631,3.74e-44,"GOLGA7"
"REEP3",4.32e-48,0.408,0.674,0.609,8.04e-44,"REEP3"
"PFDN2",4.65e-48,0.283,0.913,0.882,8.65e-44,"PFDN2"
"CSDE1",4.81e-48,0.269,0.92,0.908,8.95e-44,"CSDE1"
"RFX3",5.52e-48,0.366,0.943,0.943,1.03e-43,"RFX3"
"CNTN5",6.23e-48,-2.302,0.04,0.096,1.16e-43,"CNTN5"
"GALNT17",6.27e-48,0.712,0.395,0.299,1.17e-43,"GALNT17"
"SOX2",9.53e-48,0.261,0.943,0.917,1.77e-43,"SOX2"
"CREB5",9.65e-48,0.67,0.597,0.518,1.8e-43,"CREB5"
"ARHGEF3",1.47e-47,0.543,0.51,0.411,2.73e-43,"ARHGEF3"
"TMED10",1.93e-47,0.405,0.71,0.663,3.59e-43,"TMED10"
"SNX17",2.46e-47,0.552,0.459,0.365,4.57e-43,"SNX17"
"DPP6",2.59e-47,0.863,0.559,0.49,4.83e-43,"DPP6"
"SSBP2",2.74e-47,0.353,0.985,0.982,5.1e-43,"SSBP2"
"BCAP31",2.75e-47,0.438,0.631,0.565,5.12e-43,"BCAP31"
"STUB1",2.81e-47,0.448,0.613,0.537,5.23e-43,"STUB1"
"PPA2",2.93e-47,0.397,0.686,0.616,5.44e-43,"PPA2"
"PTTG1IP",3.44e-47,0.423,0.705,0.651,6.41e-43,"PTTG1IP"
"SSB",4.16e-47,0.269,0.898,0.883,7.74e-43,"SSB"
"BRD7",4.56e-47,0.446,0.709,0.666,8.49e-43,"BRD7"
"RAN",4.84e-47,0.331,0.878,0.866,9e-43,"RAN"
"ATP6V1D",4.95e-47,0.344,0.776,0.723,9.22e-43,"ATP6V1D"
"TMEM59",5.52e-47,0.3,0.855,0.817,1.03e-42,"TMEM59"
"PLXNA4",6.26e-47,0.578,0.539,0.442,1.17e-42,"PLXNA4"
"NPM1",6.96e-47,0.235,0.966,0.958,1.3e-42,"NPM1"
"COLGALT2",7.76e-47,0.795,0.392,0.304,1.44e-42,"COLGALT2"
"A1BG",8.86e-47,0.578,0.425,0.325,1.65e-42,"A1BG"
"NDUFB7",1.05e-46,0.307,0.811,0.774,1.95e-42,"NDUFB7"
"LUZP2",2.28e-46,1.474,0.105,0.047,4.24e-42,"LUZP2"
"GTF2A2",2.34e-46,0.289,0.852,0.826,4.35e-42,"GTF2A2"
"SRRM4",2.56e-46,-0.641,0.175,0.267,4.77e-42,"SRRM4"
"RYBP",4.93e-46,0.599,0.738,0.662,9.17e-42,"RYBP"
"NOVA1",4.95e-46,0.856,0.815,0.805,9.21e-42,"NOVA1"
"MAP1LC3B",5.61e-46,0.307,0.808,0.755,1.04e-41,"MAP1LC3B"
"CACNB2",5.72e-46,0.729,0.486,0.399,1.06e-41,"CACNB2"
"RAB5C",6.28e-46,0.359,0.739,0.684,1.17e-41,"RAB5C"
"MACROH2A1",6.34e-46,0.284,0.887,0.863,1.18e-41,"MACROH2A1"
"GPM6B",6.66e-46,0.44,0.951,0.941,1.24e-41,"GPM6B"
"COX4I1",9.23e-46,0.242,0.959,0.945,1.72e-41,"COX4I1"
"HNRNPH2",9.64e-46,0.412,0.648,0.577,1.79e-41,"HNRNPH2"
"NASP",9.95e-46,0.384,0.89,0.863,1.85e-41,"NASP"
"TMBIM6",1.27e-45,0.301,0.88,0.86,2.36e-41,"TMBIM6"
"AURKAIP1",1.54e-45,0.368,0.693,0.637,2.86e-41,"AURKAIP1"
"ARL5A",2.22e-45,0.359,0.758,0.709,4.12e-41,"ARL5A"
"RPL13A",2.86e-45,0.168,0.992,0.987,5.32e-41,"RPL13A"
"FLNA",3.14e-45,0.582,0.519,0.446,5.84e-41,"FLNA"
"ILF2",4.01e-45,0.337,0.82,0.789,7.46e-41,"ILF2"
"PSMA4",4.1e-45,0.321,0.792,0.754,7.64e-41,"PSMA4"
"AP2S1",4.15e-45,0.35,0.739,0.697,7.72e-41,"AP2S1"
"DDT",4.29e-45,0.304,0.808,0.767,7.98e-41,"DDT"
"GPX1",5.82e-45,0.398,0.709,0.658,1.08e-40,"GPX1"
"CHURC1",6.7e-45,0.373,0.694,0.632,1.25e-40,"CHURC1"
"ZNHIT1",8.15e-45,0.397,0.695,0.626,1.52e-40,"ZNHIT1"
"S100B",8.17e-45,0.744,0.456,0.367,1.52e-40,"S100B"
"DENR",9.47e-45,0.384,0.678,0.616,1.76e-40,"DENR"
"MYDGF",1.02e-44,0.479,0.566,0.485,1.9e-40,"MYDGF"
"EIF5A",1.14e-44,0.391,0.712,0.663,2.13e-40,"EIF5A"
"MIEN1",1.2e-44,0.432,0.594,0.509,2.23e-40,"MIEN1"
"MLLT3",1.27e-44,-0.552,0.805,0.85,2.37e-40,"MLLT3"
"EIF1AX",1.84e-44,0.304,0.911,0.889,3.43e-40,"EIF1AX"
"PXYLP1",1.92e-44,0.491,0.628,0.545,3.56e-40,"PXYLP1"
"ORMDL1",1.95e-44,0.341,0.761,0.712,3.64e-40,"ORMDL1"
"ARHGAP28",2.01e-44,-1.135,0.128,0.206,3.74e-40,"ARHGAP28"
"ECI2",2.02e-44,0.593,0.67,0.61,3.75e-40,"ECI2"
"UGGT2",2.26e-44,0.416,0.743,0.682,4.2e-40,"UGGT2"
"C5orf24",2.36e-44,0.386,0.651,0.576,4.38e-40,"C5orf24"
"UBE2E3",2.54e-44,0.304,0.901,0.873,4.73e-40,"UBE2E3"
"LSM4",4.1e-44,0.398,0.694,0.635,7.62e-40,"LSM4"
"TIMM17B",4.76e-44,0.415,0.63,0.55,8.87e-40,"TIMM17B"
"CALM1",6.07e-44,0.334,0.98,0.971,1.13e-39,"CALM1"
"RBM8A",7.37e-44,0.326,0.801,0.756,1.37e-39,"RBM8A"
"EXOC4",8.81e-44,0.311,0.942,0.919,1.64e-39,"EXOC4"
"CAMK4",1.28e-43,-0.704,0.291,0.384,2.38e-39,"CAMK4"
"NDUFA6",1.36e-43,0.386,0.692,0.635,2.54e-39,"NDUFA6"
"ARMCX3",1.4e-43,0.385,0.709,0.656,2.6e-39,"ARMCX3"
"VAPA",1.43e-43,0.235,0.89,0.876,2.66e-39,"VAPA"
"TIGAR",1.58e-43,0.467,0.452,0.361,2.93e-39,"TIGAR"
"PEPD",2.04e-43,0.511,0.529,0.448,3.79e-39,"PEPD"
"SF3B1",2.39e-43,0.264,0.904,0.883,4.45e-39,"SF3B1"
"YBX3",2.64e-43,0.539,0.442,0.355,4.92e-39,"YBX3"
"TCEAL9",2.66e-43,0.347,0.794,0.739,4.94e-39,"TCEAL9"
"PHC2",2.85e-43,0.398,0.709,0.635,5.3e-39,"PHC2"
"EEF1G",2.99e-43,0.2,0.982,0.976,5.57e-39,"EEF1G"
"ATRX",3.13e-43,0.226,0.983,0.973,5.82e-39,"ATRX"
"TMEM98",3.35e-43,0.343,0.727,0.666,6.24e-39,"TMEM98"
"DTD1",3.59e-43,0.342,0.844,0.796,6.68e-39,"DTD1"
"DRAP1",3.91e-43,0.343,0.775,0.733,7.28e-39,"DRAP1"
"COA4",3.98e-43,0.418,0.619,0.544,7.42e-39,"COA4"
"ABCD3",4.6e-43,0.355,0.721,0.679,8.55e-39,"ABCD3"
"TIMP1",5.01e-43,0.632,0.456,0.366,9.32e-39,"TIMP1"
"TMEM178B",5.07e-43,0.398,0.948,0.931,9.43e-39,"TMEM178B"
"RFFL",6.11e-43,0.551,0.573,0.496,1.14e-38,"RFFL"
"SH3GLB1",6.16e-43,0.342,0.755,0.708,1.15e-38,"SH3GLB1"
"TMEM50A",6.21e-43,0.322,0.787,0.746,1.16e-38,"TMEM50A"
"RPS24",6.49e-43,0.148,0.992,0.986,1.21e-38,"RPS24"
"THRB",7.69e-43,-1.788,0.029,0.076,1.43e-38,"THRB"
"MDGA2",8.2e-43,1.147,0.158,0.09,1.53e-38,"MDGA2"
"MRPL41",8.4e-43,0.402,0.68,0.616,1.56e-38,"MRPL41"
"NAP1L4",8.52e-43,0.27,0.858,0.847,1.58e-38,"NAP1L4"
"MSI2",9.21e-43,0.311,0.948,0.929,1.71e-38,"MSI2"
"CACNG2",9.27e-43,-0.861,0.049,0.105,1.72e-38,"CACNG2"
"PTPRD",9.46e-43,-0.689,0.313,0.41,1.76e-38,"PTPRD"
"STAT3",9.88e-43,0.333,0.753,0.694,1.84e-38,"STAT3"
"TAC3",1.02e-42,1.049,0.247,0.167,1.9e-38,"TAC3"
"MRFAP1",1.25e-42,0.27,0.852,0.823,2.32e-38,"MRFAP1"
"SEC62",1.29e-42,0.259,0.881,0.854,2.4e-38,"SEC62"
"NDUFA12",1.38e-42,0.324,0.82,0.782,2.57e-38,"NDUFA12"
"PRDX3",2.25e-42,0.36,0.704,0.657,4.19e-38,"PRDX3"
"ARPC1B",2.59e-42,0.759,0.242,0.16,4.82e-38,"ARPC1B"
"SEMA6D",2.89e-42,0.414,0.483,0.392,5.38e-38,"SEMA6D"
"MDH2",2.9e-42,0.309,0.768,0.724,5.39e-38,"MDH2"
"UQCRFS1",2.96e-42,0.349,0.744,0.699,5.51e-38,"UQCRFS1"
"C1orf43",3.55e-42,0.387,0.69,0.633,6.61e-38,"C1orf43"
"RWDD1",3.62e-42,0.319,0.774,0.735,6.74e-38,"RWDD1"
"PSMD1",3.62e-42,0.296,0.77,0.726,6.75e-38,"PSMD1"
"ARHGEF26",3.7e-42,0.477,0.651,0.571,6.89e-38,"ARHGEF26"
"GRIA4",3.71e-42,0.347,0.366,0.264,6.91e-38,"GRIA4"
"AFF3",4.23e-42,-0.306,0.525,0.631,7.88e-38,"AFF3"
"ARL6IP4",4.43e-42,0.379,0.665,0.596,8.24e-38,"ARL6IP4"
"MORF4L2",4.47e-42,0.245,0.869,0.85,8.33e-38,"MORF4L2"
"ERH",4.55e-42,0.216,0.947,0.944,8.47e-38,"ERH"
"SMARCE1",5.19e-42,0.344,0.752,0.695,9.65e-38,"SMARCE1"
"ABAT",8.63e-42,0.379,0.7,0.629,1.61e-37,"ABAT"
"CHCHD3",1.04e-41,0.287,0.84,0.804,1.94e-37,"CHCHD3"
"ENOX1",1.09e-41,-0.676,0.387,0.48,2.04e-37,"ENOX1"
"PCCA",1.16e-41,0.385,0.692,0.619,2.17e-37,"PCCA"
"XRCC6",1.39e-41,0.265,0.826,0.792,2.58e-37,"XRCC6"
"PDK1",1.4e-41,-1.343,0.137,0.211,2.6e-37,"PDK1"
"PAXBP1",1.75e-41,0.293,0.791,0.76,3.26e-37,"PAXBP1"
"LAPTM4A",1.88e-41,0.276,0.839,0.812,3.5e-37,"LAPTM4A"
"UBXN4",2.15e-41,0.249,0.882,0.863,4e-37,"UBXN4"
"ARF4",2.48e-41,0.322,0.828,0.808,4.62e-37,"ARF4"
"ABLIM1",2.67e-41,0.575,0.255,0.169,4.96e-37,"ABLIM1"
"DYNC1LI2",2.68e-41,0.308,0.851,0.82,4.98e-37,"DYNC1LI2"
"WWC2",3.07e-41,0.621,0.371,0.284,5.72e-37,"WWC2"
"GLRA2",4.99e-41,-1.278,0.05,0.105,9.3e-37,"GLRA2"
"MAGEF1",5.47e-41,0.447,0.584,0.505,1.02e-36,"MAGEF1"
"BTG2",6.32e-41,0.479,0.672,0.609,1.18e-36,"BTG2"
"ITGAV",6.58e-41,0.498,0.623,0.563,1.23e-36,"ITGAV"
"MTCH1",7.19e-41,0.352,0.679,0.623,1.34e-36,"MTCH1"
"PRRC2C",7.35e-41,0.236,0.91,0.895,1.37e-36,"PRRC2C"
"CSNK2B",7.53e-41,0.282,0.804,0.763,1.4e-36,"CSNK2B"
"IPO8",8.1e-41,0.638,0.445,0.356,1.51e-36,"IPO8"
"BEST3",8.33e-41,0.706,0.306,0.219,1.55e-36,"BEST3"
"MYT1L",8.52e-41,-0.599,0.276,0.365,1.59e-36,"MYT1L"
"ATP5F1D",8.71e-41,0.286,0.819,0.783,1.62e-36,"ATP5F1D"
"MGAT4B",8.88e-41,0.547,0.496,0.414,1.65e-36,"MGAT4B"
"NME3",1.06e-40,0.502,0.49,0.404,1.97e-36,"NME3"
"WLS",1.54e-40,0.602,0.584,0.51,2.86e-36,"WLS"
"SNF8",1.55e-40,0.349,0.722,0.669,2.88e-36,"SNF8"
"HADHA",1.7e-40,0.293,0.768,0.721,3.16e-36,"HADHA"
"BLOC1S2",1.75e-40,0.429,0.575,0.5,3.26e-36,"BLOC1S2"
"TUBB2B",1.9e-40,0.266,0.992,0.985,3.55e-36,"TUBB2B"
"TSPO",2.12e-40,0.429,0.628,0.552,3.95e-36,"TSPO"
"ANGPT2",2.21e-40,0.542,0.425,0.325,4.12e-36,"ANGPT2"
"CALD1",2.23e-40,0.314,0.823,0.782,4.15e-36,"CALD1"
"G3BP2",2.57e-40,0.326,0.807,0.771,4.78e-36,"G3BP2"
"SLC44A1",2.68e-40,0.678,0.903,0.867,4.99e-36,"SLC44A1"
"LHX6",2.74e-40,0.737,0.273,0.192,5.1e-36,"LHX6"
"NDUFA2",2.79e-40,0.383,0.675,0.614,5.2e-36,"NDUFA2"
"EIF1B",2.86e-40,0.265,0.908,0.877,5.33e-36,"EIF1B"
"CORO1C",2.89e-40,0.4,0.849,0.802,5.37e-36,"CORO1C"
"PAIP1",3.18e-40,0.329,0.756,0.706,5.92e-36,"PAIP1"
"NDUFV3",3.27e-40,0.415,0.601,0.521,6.09e-36,"NDUFV3"
"CDK4",4.01e-40,0.394,0.66,0.599,7.46e-36,"CDK4"
"APOE",4.15e-40,-1.281,0.259,0.34,7.72e-36,"APOE"
"RDX",4.17e-40,0.263,0.953,0.946,7.76e-36,"RDX"
"CCT7",4.49e-40,0.343,0.731,0.682,8.35e-36,"CCT7"
"ACTR3",5.56e-40,0.272,0.855,0.832,1.03e-35,"ACTR3"
"TMEM14C",5.7e-40,0.327,0.733,0.688,1.06e-35,"TMEM14C"
"HIGD1A",6.32e-40,0.397,0.643,0.585,1.18e-35,"HIGD1A"
"RPL18A",6.76e-40,0.172,0.987,0.98,1.26e-35,"RPL18A"
"SMDT1",7.14e-40,0.325,0.8,0.756,1.33e-35,"SMDT1"
"RAB2A",7.26e-40,0.23,0.957,0.941,1.35e-35,"RAB2A"
"TMEM219",7.73e-40,0.41,0.613,0.538,1.44e-35,"TMEM219"
"HUWE1",7.96e-40,0.337,0.835,0.8,1.48e-35,"HUWE1"
"COL4A5",9.08e-40,0.826,0.551,0.495,1.69e-35,"COL4A5"
"PTGES3",1.01e-39,0.214,0.951,0.946,1.88e-35,"PTGES3"
"NXPH1",1.16e-39,0.498,0.325,0.232,2.16e-35,"NXPH1"
"PPM1G",1.16e-39,0.304,0.795,0.752,2.17e-35,"PPM1G"
"PEBP1",1.25e-39,0.203,0.971,0.967,2.33e-35,"PEBP1"
"PPP2R2C",1.28e-39,-0.978,0.057,0.113,2.38e-35,"PPP2R2C"
"RPN2",1.43e-39,0.349,0.724,0.696,2.65e-35,"RPN2"
"RBBP7",1.81e-39,0.303,0.805,0.766,3.38e-35,"RBBP7"
"KDELR2",2.06e-39,0.454,0.547,0.472,3.83e-35,"KDELR2"
"ACADM",2.24e-39,0.356,0.703,0.648,4.16e-35,"ACADM"
"FAM210B",2.76e-39,0.525,0.502,0.42,5.14e-35,"FAM210B"
"PLEKHA4",3.19e-39,0.65,0.241,0.162,5.94e-35,"PLEKHA4"
"RHOC",3.32e-39,0.529,0.496,0.419,6.18e-35,"RHOC"
"SMAD9",3.4e-39,0.743,0.423,0.341,6.33e-35,"SMAD9"
"TCEA2",3.57e-39,0.372,0.663,0.608,6.65e-35,"TCEA2"
"ZC3H13",4.38e-39,0.318,0.855,0.807,8.15e-35,"ZC3H13"
"ST13",4.7e-39,0.229,0.887,0.866,8.75e-35,"ST13"
"MDM2",5.14e-39,0.358,0.614,0.549,9.57e-35,"MDM2"
"TPR",5.85e-39,0.292,0.831,0.807,1.09e-34,"TPR"
"GLOD4",6.19e-39,0.369,0.662,0.612,1.15e-34,"GLOD4"
"SLC39A7",6.79e-39,0.498,0.448,0.363,1.26e-34,"SLC39A7"
"ATP1A2",7.47e-39,-0.594,0.259,0.342,1.39e-34,"ATP1A2"
"ZSWIM6",7.59e-39,0.273,0.814,0.753,1.41e-34,"ZSWIM6"
"CANX",7.7e-39,0.309,0.822,0.803,1.43e-34,"CANX"
"GNG12",8.18e-39,0.741,0.413,0.333,1.52e-34,"GNG12"
"UBE2I",8.94e-39,0.289,0.844,0.81,1.66e-34,"UBE2I"
"ZNF462",9.24e-39,0.363,0.897,0.869,1.72e-34,"ZNF462"
"RAC1",9.57e-39,0.204,0.959,0.956,1.78e-34,"RAC1"
"CCSER1",9.89e-39,-0.738,0.241,0.329,1.84e-34,"CCSER1"
"PCDH17",1.05e-38,0.725,0.377,0.294,1.96e-34,"PCDH17"
"DNAJA1",1.09e-38,0.233,0.928,0.913,2.03e-34,"DNAJA1"
"TRIM24",1.12e-38,0.267,0.872,0.835,2.08e-34,"TRIM24"
"TRAPPC1",1.15e-38,0.361,0.711,0.672,2.14e-34,"TRAPPC1"
"TRAPPC4",1.18e-38,0.396,0.661,0.594,2.2e-34,"TRAPPC4"
"ATP5F1B",1.24e-38,0.265,0.898,0.875,2.31e-34,"ATP5F1B"
"DDX24",1.31e-38,0.26,0.86,0.831,2.44e-34,"DDX24"
"TMEM165",1.31e-38,0.305,0.753,0.721,2.44e-34,"TMEM165"
"LSM1",1.47e-38,0.397,0.646,0.583,2.73e-34,"LSM1"
"SGCB",1.47e-38,0.36,0.728,0.672,2.74e-34,"SGCB"
"SNRPD1",1.8e-38,0.312,0.855,0.832,3.35e-34,"SNRPD1"
"CD151",1.83e-38,0.534,0.454,0.37,3.41e-34,"CD151"
"STEAP1B",1.84e-38,0.443,0.542,0.46,3.43e-34,"STEAP1B"
"PTAR1",2.07e-38,0.4,0.667,0.608,3.85e-34,"PTAR1"
"PDCD6",2.16e-38,0.26,0.795,0.757,4.03e-34,"PDCD6"
"PSD2",2.16e-38,-1.295,0.042,0.092,4.03e-34,"PSD2"
"OOEP",2.25e-38,0.489,0.437,0.345,4.19e-34,"OOEP"
"ABI2",2.38e-38,0.239,0.921,0.912,4.44e-34,"ABI2"
"BANF1",2.68e-38,0.269,0.878,0.862,5e-34,"BANF1"
"TMCO1",2.77e-38,0.329,0.748,0.713,5.16e-34,"TMCO1"
"MRPL20",2.81e-38,0.323,0.744,0.705,5.22e-34,"MRPL20"
"XYLT1",2.81e-38,-0.545,0.345,0.431,5.22e-34,"XYLT1"
"TSPAN18",3.36e-38,-0.599,0.213,0.294,6.26e-34,"TSPAN18"
"CORO1B",3.44e-38,0.665,0.296,0.215,6.4e-34,"CORO1B"
"PCNX2",3.49e-38,0.389,0.618,0.536,6.5e-34,"PCNX2"
"HNRNPU",3.52e-38,0.225,0.95,0.947,6.55e-34,"HNRNPU"
"DNAJA2",3.82e-38,0.353,0.679,0.623,7.1e-34,"DNAJA2"
"TIMP4",3.94e-38,1.57,0.072,0.029,7.34e-34,"TIMP4"
"PNN",4.07e-38,0.265,0.887,0.862,7.57e-34,"PNN"
"MYL12A",5.21e-38,0.544,0.476,0.397,9.7e-34,"MYL12A"
"FJX1",5.44e-38,0.577,0.501,0.423,1.01e-33,"FJX1"
"DCLK2",6.64e-38,0.371,0.982,0.974,1.24e-33,"DCLK2"
"PSMA2",7.27e-38,0.285,0.796,0.764,1.35e-33,"PSMA2"
"TRMT112",8.65e-38,0.297,0.792,0.763,1.61e-33,"TRMT112"
"PSMA1",9.19e-38,0.293,0.779,0.736,1.71e-33,"PSMA1"
"EI24",9.32e-38,0.363,0.699,0.65,1.73e-33,"EI24"
"HNRNPDL",9.8e-38,0.226,0.972,0.966,1.82e-33,"HNRNPDL"
"MTPN",1.03e-37,0.251,0.903,0.88,1.92e-33,"MTPN"
"DECR1",1.06e-37,0.37,0.684,0.618,1.98e-33,"DECR1"
"DYNC1H1",1.08e-37,0.236,0.926,0.917,2.01e-33,"DYNC1H1"
"RHOBTB3",1.08e-37,0.362,0.835,0.806,2.01e-33,"RHOBTB3"
"LDLRAD3",1.11e-37,0.611,0.657,0.606,2.06e-33,"LDLRAD3"
"ZNF521",1.14e-37,0.448,0.412,0.328,2.12e-33,"ZNF521"
"HMGB1",1.28e-37,0.253,0.995,0.989,2.38e-33,"HMGB1"
"RBPJ",1.29e-37,0.318,0.918,0.889,2.4e-33,"RBPJ"
"PRDX1",1.43e-37,0.288,0.869,0.849,2.65e-33,"PRDX1"
"BBC3",1.53e-37,0.685,0.208,0.136,2.84e-33,"BBC3"
"GPHN",1.57e-37,0.302,0.964,0.958,2.92e-33,"GPHN"
"NSA2",1.63e-37,0.339,0.737,0.687,3.02e-33,"NSA2"
"ATP5MC1",1.66e-37,0.352,0.721,0.686,3.09e-33,"ATP5MC1"
"RUNX1T1",1.67e-37,-1.106,0.152,0.228,3.1e-33,"RUNX1T1"
"RAB14",1.81e-37,0.29,0.821,0.793,3.36e-33,"RAB14"
"TRIM44",2.04e-37,0.313,0.794,0.755,3.79e-33,"TRIM44"
"COX5A",2.28e-37,0.276,0.83,0.801,4.24e-33,"COX5A"
"TFDP2",2.35e-37,0.41,0.812,0.767,4.38e-33,"TFDP2"
"YWHAQ",2.54e-37,0.172,0.978,0.973,4.73e-33,"YWHAQ"
"CD99",2.59e-37,0.464,0.619,0.559,4.82e-33,"CD99"
"DOCK10",2.66e-37,1.87,0.105,0.054,4.94e-33,"DOCK10"
"MMD2",2.95e-37,-1.087,0.132,0.201,5.49e-33,"MMD2"
"COL4A6",3.29e-37,1.095,0.371,0.299,6.12e-33,"COL4A6"
"HDDC2",3.52e-37,0.442,0.567,0.487,6.54e-33,"HDDC2"
"FEZ1",3.68e-37,0.286,0.933,0.917,6.85e-33,"FEZ1"
"SCARB2",3.71e-37,0.319,0.777,0.725,6.9e-33,"SCARB2"
"ZYX",4.04e-37,0.687,0.31,0.23,7.51e-33,"ZYX"
"PTK2",4.15e-37,0.23,0.939,0.932,7.73e-33,"PTK2"
"FXR1",4.71e-37,0.261,0.899,0.877,8.77e-33,"FXR1"
"SEC11C",5.09e-37,0.384,0.734,0.668,9.48e-33,"SEC11C"
"PRELID1",5.49e-37,0.31,0.755,0.713,1.02e-32,"PRELID1"
"ID2",5.56e-37,0.32,0.8,0.743,1.03e-32,"ID2"
"IGF2BP3",5.75e-37,0.307,0.824,0.772,1.07e-32,"IGF2BP3"
"ZCRB1",6.14e-37,0.277,0.8,0.754,1.14e-32,"ZCRB1"
"UBE2R2",6.42e-37,0.235,0.923,0.905,1.2e-32,"UBE2R2"
"HNRNPF",6.56e-37,0.32,0.798,0.765,1.22e-32,"HNRNPF"
"B2M",6.9e-37,0.364,0.82,0.769,1.28e-32,"B2M"
"COX7A2L",6.93e-37,0.27,0.818,0.788,1.29e-32,"COX7A2L"
"VCL",7.57e-37,0.566,0.622,0.569,1.41e-32,"VCL"
"PDAP1",8.02e-37,0.323,0.726,0.686,1.49e-32,"PDAP1"
"KDM5B",8.86e-37,0.271,0.97,0.959,1.65e-32,"KDM5B"
"USP22",9.1e-37,0.28,0.865,0.839,1.69e-32,"USP22"
"COA3",9.4e-37,0.307,0.722,0.674,1.75e-32,"COA3"
"GCSH",9.93e-37,0.353,0.706,0.664,1.85e-32,"GCSH"
"EIF4G2",1.27e-36,0.188,0.979,0.971,2.37e-32,"EIF4G2"
"SELENOH",1.44e-36,0.388,0.625,0.561,2.67e-32,"SELENOH"
"IFT20",1.59e-36,0.455,0.447,0.359,2.96e-32,"IFT20"
"LARGE1",1.69e-36,0.437,0.787,0.719,3.15e-32,"LARGE1"
"NFIA",1.81e-36,0.248,0.989,0.966,3.37e-32,"NFIA"
"DDR1",1.84e-36,0.4,0.636,0.585,3.42e-32,"DDR1"
"SPCS3",1.96e-36,0.432,0.546,0.472,3.66e-32,"SPCS3"
"ODC1",2.92e-36,0.344,0.778,0.753,5.44e-32,"ODC1"
"APRT",3.1e-36,0.472,0.516,0.443,5.76e-32,"APRT"
"NRIP3",3.33e-36,-1.009,0.113,0.177,6.2e-32,"NRIP3"
"RAB18",3.37e-36,0.288,0.795,0.756,6.28e-32,"RAB18"
"RAP1B",3.65e-36,0.324,0.742,0.695,6.8e-32,"RAP1B"
"SLC35F1",3.7e-36,0.385,0.78,0.745,6.89e-32,"SLC35F1"
"DBN1",3.9e-36,0.335,0.788,0.735,7.26e-32,"DBN1"
"LAMTOR4",4.15e-36,0.346,0.691,0.64,7.73e-32,"LAMTOR4"
"LMAN2",4.7e-36,0.365,0.643,0.589,8.75e-32,"LMAN2"
"PPP2R1A",4.9e-36,0.311,0.76,0.723,9.12e-32,"PPP2R1A"
"HYAL2",4.97e-36,0.537,0.403,0.317,9.26e-32,"HYAL2"
"ADRM1",5.35e-36,0.408,0.568,0.492,9.95e-32,"ADRM1"
"BBX",5.61e-36,0.25,0.826,0.783,1.04e-31,"BBX"
"PAK2",5.82e-36,0.227,0.939,0.92,1.08e-31,"PAK2"
"CNIH2",6.44e-36,0.594,0.382,0.297,1.2e-31,"CNIH2"
"NBEA",6.7e-36,0.772,0.909,0.885,1.25e-31,"NBEA"
"C21orf62",6.74e-36,0.644,0.391,0.314,1.25e-31,"C21orf62"
"PFN2",7.18e-36,0.281,0.968,0.953,1.34e-31,"PFN2"
"TAF10",7.22e-36,0.406,0.571,0.504,1.34e-31,"TAF10"
"FAT1",7.43e-36,0.397,0.573,0.499,1.38e-31,"FAT1"
"COX20",7.5e-36,0.287,0.802,0.763,1.4e-31,"COX20"
"ZNF516",8.21e-36,0.429,0.684,0.624,1.53e-31,"ZNF516"
"PDGFC",8.79e-36,0.603,0.408,0.324,1.64e-31,"PDGFC"
"TRIB2",1.06e-35,0.503,0.388,0.304,1.98e-31,"TRIB2"
"SRP19",1.21e-35,0.286,0.725,0.674,2.24e-31,"SRP19"
"SCD5",1.27e-35,0.538,0.744,0.7,2.37e-31,"SCD5"
"RBM25",1.32e-35,0.221,0.877,0.86,2.45e-31,"RBM25"
"DTNA",1.39e-35,0.304,0.686,0.599,2.58e-31,"DTNA"
"NARS1",1.4e-35,0.392,0.608,0.545,2.6e-31,"NARS1"
"CDK6",1.76e-35,0.411,0.609,0.521,3.28e-31,"CDK6"
"ZIC1",1.99e-35,0.427,0.358,0.273,3.71e-31,"ZIC1"
"ZMAT2",2.1e-35,0.359,0.666,0.6,3.9e-31,"ZMAT2"
"PIN4",2.32e-35,0.325,0.649,0.584,4.31e-31,"PIN4"
"NQO1",2.67e-35,0.768,0.296,0.219,4.97e-31,"NQO1"
"HAGH",2.78e-35,0.389,0.645,0.581,5.18e-31,"HAGH"
"RCAN1",3.68e-35,0.539,0.432,0.349,6.84e-31,"RCAN1"
"PPP1CB",3.77e-35,0.288,0.889,0.879,7.02e-31,"PPP1CB"
"CALR",3.87e-35,0.414,0.709,0.667,7.2e-31,"CALR"
"THOC2",4.02e-35,0.302,0.833,0.796,7.48e-31,"THOC2"
"COPZ1",4.31e-35,0.361,0.626,0.559,8.03e-31,"COPZ1"
"NDUFS2",4.33e-35,0.352,0.699,0.648,8.06e-31,"NDUFS2"
"PTPRK",4.45e-35,0.829,0.558,0.492,8.28e-31,"PTPRK"
"TRAPPC2L",4.9e-35,0.424,0.558,0.49,9.12e-31,"TRAPPC2L"
"VMA21",5.5e-35,0.349,0.658,0.6,1.02e-30,"VMA21"
"SHC3",5.77e-35,0.582,0.404,0.321,1.07e-30,"SHC3"
"EGLN3",6.99e-35,-1.014,0.181,0.252,1.3e-30,"EGLN3"
"CCAR1",7.47e-35,0.271,0.798,0.756,1.39e-30,"CCAR1"
"PCSK1N",8.22e-35,0.316,0.817,0.775,1.53e-30,"PCSK1N"
"UBXN1",8.54e-35,0.343,0.757,0.702,1.59e-30,"UBXN1"
"SH3D19",9.11e-35,0.925,0.383,0.305,1.7e-30,"SH3D19"
"MYO16",9.19e-35,0.789,0.275,0.201,1.71e-30,"MYO16"
"BAD",9.5e-35,0.415,0.567,0.499,1.77e-30,"BAD"
"MAP2K2",9.68e-35,0.357,0.649,0.589,1.8e-30,"MAP2K2"
"PRXL2A",1.05e-34,0.408,0.539,0.464,1.96e-30,"PRXL2A"
"GTF3A",1.37e-34,0.341,0.635,0.574,2.55e-30,"GTF3A"
"NRP1",1.43e-34,0.692,0.266,0.188,2.65e-30,"NRP1"
"HMGN3",1.65e-34,0.265,0.892,0.859,3.08e-30,"HMGN3"
"EMC6",1.67e-34,0.361,0.642,0.587,3.1e-30,"EMC6"
"VCP",1.8e-34,0.292,0.747,0.712,3.36e-30,"VCP"
"PIN1",1.91e-34,0.398,0.639,0.58,3.55e-30,"PIN1"
"VPS13C",2.15e-34,0.278,0.796,0.746,4e-30,"VPS13C"
"NCOR2",2.15e-34,0.425,0.609,0.538,4.01e-30,"NCOR2"
"USB1",2.31e-34,0.683,0.274,0.198,4.29e-30,"USB1"
"MRPL34",2.59e-34,0.474,0.483,0.406,4.82e-30,"MRPL34"
"NDUFC2",2.83e-34,0.227,0.908,0.893,5.27e-30,"NDUFC2"
"SNTG1",3.42e-34,0.425,0.826,0.771,6.36e-30,"SNTG1"
"COPB2",3.7e-34,0.312,0.728,0.684,6.89e-30,"COPB2"
"DNAJC7",3.87e-34,0.288,0.762,0.725,7.21e-30,"DNAJC7"
"C7orf50",4.63e-34,0.362,0.648,0.599,8.62e-30,"C7orf50"
"NUTF2",4.93e-34,0.371,0.596,0.53,9.18e-30,"NUTF2"
"XRN2",5.62e-34,0.273,0.826,0.787,1.05e-29,"XRN2"
"EDA2R",5.98e-34,0.864,0.151,0.092,1.11e-29,"EDA2R"
"ZNRF3",6.23e-34,0.478,0.545,0.477,1.16e-29,"ZNRF3"
"CMTM6",6.41e-34,0.43,0.564,0.495,1.19e-29,"CMTM6"
"ATP1B3",6.49e-34,0.253,0.783,0.743,1.21e-29,"ATP1B3"
"RPL22L1",6.68e-34,0.624,0.421,0.344,1.24e-29,"RPL22L1"
"TXNRD1",8.51e-34,0.271,0.795,0.758,1.58e-29,"TXNRD1"
"DOCK1",9.59e-34,0.37,0.553,0.478,1.78e-29,"DOCK1"
"SNRNP25",1.14e-33,0.425,0.536,0.462,2.12e-29,"SNRNP25"
"GTF2F2",1.36e-33,0.352,0.676,0.628,2.54e-29,"GTF2F2"
"CST3",1.56e-33,0.119,0.724,0.641,2.91e-29,"CST3"
"NDUFB6",1.58e-33,0.337,0.694,0.646,2.94e-29,"NDUFB6"
"PSMD11",1.58e-33,0.278,0.766,0.729,2.94e-29,"PSMD11"
"C6orf62",1.67e-33,0.314,0.718,0.68,3.11e-29,"C6orf62"
"BAZ2B",1.75e-33,0.287,0.93,0.918,3.25e-29,"BAZ2B"
"HSPA4",1.95e-33,0.311,0.72,0.684,3.62e-29,"HSPA4"
"CPEB2",2.03e-33,0.577,0.404,0.324,3.78e-29,"CPEB2"
"PSAP",2.06e-33,0.303,0.772,0.733,3.83e-29,"PSAP"
"IGFBP7",2.29e-33,0.838,0.343,0.271,4.26e-29,"IGFBP7"
"BSG",2.31e-33,0.358,0.621,0.564,4.3e-29,"BSG"
"STAG2",2.7e-33,0.244,0.855,0.822,5.02e-29,"STAG2"
"ADH5",2.97e-33,0.25,0.813,0.785,5.53e-29,"ADH5"
"MAP7D3",3.17e-33,0.784,0.201,0.135,5.9e-29,"MAP7D3"
"CHMP3",3.26e-33,0.431,0.522,0.447,6.07e-29,"CHMP3"
"JAZF1",3.33e-33,0.601,0.53,0.454,6.2e-29,"JAZF1"
"PAM",3.37e-33,0.241,0.896,0.846,6.28e-29,"PAM"
"C3orf70",3.61e-33,-0.596,0.268,0.344,6.71e-29,"C3orf70"
"RAMP1",3.79e-33,0.83,0.268,0.195,7.05e-29,"RAMP1"
"RPL9",4.34e-33,0.126,0.991,0.985,8.08e-29,"RPL9"
"HIP1",4.35e-33,0.501,0.819,0.782,8.1e-29,"HIP1"
"GLO1",4.45e-33,0.31,0.693,0.647,8.28e-29,"GLO1"
"MICOS13",4.63e-33,0.423,0.517,0.445,8.61e-29,"MICOS13"
"EIF3H",4.83e-33,0.236,0.892,0.874,8.98e-29,"EIF3H"
"COPG2",4.92e-33,0.524,0.555,0.477,9.16e-29,"COPG2"
"MLEC",5.11e-33,0.373,0.642,0.599,9.51e-29,"MLEC"
"TRAPPC5",5.78e-33,0.362,0.607,0.55,1.08e-28,"TRAPPC5"
"PPP2CA",6.18e-33,0.276,0.787,0.758,1.15e-28,"PPP2CA"
"JTB",6.32e-33,0.335,0.671,0.619,1.18e-28,"JTB"
"SRPK2",6.44e-33,0.228,0.922,0.904,1.2e-28,"SRPK2"
"OLIG2",7.24e-33,1.037,0.168,0.106,1.35e-28,"OLIG2"
"BSCL2",7.91e-33,0.418,0.604,0.54,1.47e-28,"BSCL2"
"NBDY",8.22e-33,0.295,0.763,0.728,1.53e-28,"NBDY"
"UBE2D3",8.44e-33,0.222,0.881,0.868,1.57e-28,"UBE2D3"
"TLN1",9e-33,0.335,0.647,0.587,1.67e-28,"TLN1"
"NDST3",9.4e-33,0.684,0.215,0.145,1.75e-28,"NDST3"
"HK2",9.8e-33,-1.918,0.031,0.07,1.82e-28,"HK2"
"CD81",1.16e-32,0.334,0.775,0.741,2.15e-28,"CD81"
"TNFRSF10B",1.17e-32,0.512,0.305,0.228,2.19e-28,"TNFRSF10B"
"MTDH",1.24e-32,0.212,0.897,0.886,2.3e-28,"MTDH"
"CCND2",1.41e-32,0.374,0.837,0.804,2.63e-28,"CCND2"
"PFDN1",1.5e-32,0.295,0.699,0.641,2.8e-28,"PFDN1"
"AKIRIN1",1.54e-32,0.332,0.628,0.566,2.86e-28,"AKIRIN1"
"USP34",1.75e-32,0.23,0.928,0.912,3.27e-28,"USP34"
"SSU72",1.88e-32,0.341,0.676,0.627,3.5e-28,"SSU72"
"AP3B1",1.91e-32,0.345,0.665,0.607,3.56e-28,"AP3B1"
"RBPMS",2.13e-32,0.639,0.312,0.237,3.96e-28,"RBPMS"
"H2AZ2",2.35e-32,0.241,0.867,0.833,4.38e-28,"H2AZ2"
"SELENOS",2.42e-32,0.422,0.559,0.497,4.5e-28,"SELENOS"
"PSMD7",2.45e-32,0.314,0.685,0.64,4.55e-28,"PSMD7"
"SPAG9",2.61e-32,0.246,0.938,0.927,4.86e-28,"SPAG9"
"CAVIN1",3.29e-32,0.704,0.148,0.09,6.12e-28,"CAVIN1"
"ZFAND3",3.57e-32,0.189,0.971,0.965,6.65e-28,"ZFAND3"
"DDX46",3.84e-32,0.282,0.821,0.79,7.15e-28,"DDX46"
"LSM8",3.86e-32,0.332,0.689,0.642,7.18e-28,"LSM8"
"ELOC",4.34e-32,0.26,0.835,0.813,8.07e-28,"ELOC"
"PARD3",4.68e-32,0.221,0.902,0.877,8.71e-28,"PARD3"
"HSPB1",5.14e-32,0.472,0.552,0.488,9.56e-28,"HSPB1"
"IDH1",5.17e-32,0.405,0.654,0.607,9.62e-28,"IDH1"
"TPGS1",5.17e-32,0.565,0.318,0.24,9.62e-28,"TPGS1"
"ROCK2",5.27e-32,0.338,0.868,0.857,9.81e-28,"ROCK2"
"PHLDA1",5.28e-32,0.606,0.409,0.334,9.82e-28,"PHLDA1"
"TDG",5.37e-32,0.396,0.58,0.504,1e-27,"TDG"
"ARPC4",5.66e-32,0.486,0.428,0.351,1.05e-27,"ARPC4"
"CRB1",5.95e-32,0.321,0.756,0.685,1.11e-27,"CRB1"
"PHLPP1",6.28e-32,0.284,0.887,0.849,1.17e-27,"PHLPP1"
"CAMK2A",6.35e-32,1.192,0.116,0.065,1.18e-27,"CAMK2A"
"UPP2",6.69e-32,-0.896,0.088,0.145,1.25e-27,"UPP2"
"NT5C3B",6.75e-32,0.377,0.57,0.501,1.26e-27,"NT5C3B"
"LONRF2",7.21e-32,0.711,0.525,0.465,1.34e-27,"LONRF2"
"TCF4",7.3e-32,0.342,0.998,0.996,1.36e-27,"TCF4"
"PRKAR1A",7.35e-32,0.348,0.667,0.618,1.37e-27,"PRKAR1A"
"CACNA1B",8.09e-32,-0.653,0.166,0.238,1.51e-27,"CACNA1B"
"PSMD2",8.19e-32,0.293,0.736,0.695,1.52e-27,"PSMD2"
"GRHPR",9.09e-32,0.368,0.625,0.564,1.69e-27,"GRHPR"
"VPS13B",9.1e-32,0.298,0.892,0.874,1.69e-27,"VPS13B"
"TMEM9B",9.83e-32,0.354,0.611,0.547,1.83e-27,"TMEM9B"
"CNTNAP4",1.09e-31,-2.417,0.014,0.044,2.04e-27,"CNTNAP4"
"VBP1",1.12e-31,0.307,0.779,0.74,2.08e-27,"VBP1"
"UBE2N",1.15e-31,0.254,0.8,0.771,2.13e-27,"UBE2N"
"EEF1E1",1.47e-31,0.406,0.56,0.498,2.74e-27,"EEF1E1"
"PDLIM7",1.67e-31,0.578,0.37,0.298,3.11e-27,"PDLIM7"
"HDGFL2",2.4e-31,0.344,0.663,0.609,4.46e-27,"HDGFL2"
"ETFA",2.48e-31,0.314,0.661,0.604,4.62e-27,"ETFA"
"MYEF2",2.52e-31,0.259,0.835,0.802,4.69e-27,"MYEF2"
"RGS6",2.88e-31,0.669,0.558,0.502,5.36e-27,"RGS6"
"SARAF",3.29e-31,0.215,0.874,0.854,6.13e-27,"SARAF"
"SYT17",3.31e-31,0.475,0.417,0.343,6.16e-27,"SYT17"
"JKAMP",3.32e-31,0.411,0.557,0.486,6.19e-27,"JKAMP"
"JAM3",3.34e-31,0.42,0.725,0.67,6.22e-27,"JAM3"
"ERBIN",3.43e-31,0.258,0.884,0.865,6.39e-27,"ERBIN"
"HSPA8",3.53e-31,0.226,0.933,0.926,6.57e-27,"HSPA8"
"SRSF11",3.62e-31,0.186,0.931,0.927,6.74e-27,"SRSF11"
"WDR1",3.64e-31,0.457,0.499,0.434,6.78e-27,"WDR1"
"SRSF8",4.27e-31,0.465,0.392,0.314,7.94e-27,"SRSF8"
"H2AZ1",4.65e-31,0.357,0.938,0.927,8.65e-27,"H2AZ1"
"BEX4",4.77e-31,0.293,0.721,0.67,8.87e-27,"BEX4"
"ARL3",4.81e-31,0.208,0.878,0.858,8.96e-27,"ARL3"
"SORT1",4.82e-31,0.401,0.668,0.613,8.97e-27,"SORT1"
"RAB3IP",4.92e-31,0.635,0.552,0.487,9.16e-27,"RAB3IP"
"ATRAID",4.92e-31,0.305,0.64,0.58,9.16e-27,"ATRAID"
"TP53I3",5.07e-31,0.531,0.391,0.314,9.44e-27,"TP53I3"
"DDOST",5.45e-31,0.33,0.669,0.626,1.01e-26,"DDOST"
"BMPER",5.6e-31,-0.755,0.089,0.146,1.04e-26,"BMPER"
"MYO6",6.46e-31,0.328,0.642,0.579,1.2e-26,"MYO6"
"CRTAP",6.59e-31,0.441,0.428,0.355,1.23e-26,"CRTAP"
"CSTB",7.01e-31,0.308,0.779,0.753,1.31e-26,"CSTB"
"CADM2",7.95e-31,0.867,0.706,0.674,1.48e-26,"CADM2"
"TMBIM4",8.37e-31,0.321,0.657,0.597,1.56e-26,"TMBIM4"
"LSM2",8.63e-31,0.309,0.7,0.662,1.61e-26,"LSM2"
"EIF3J",8.66e-31,0.354,0.664,0.619,1.61e-26,"EIF3J"
"PTPRE",9.18e-31,0.7,0.346,0.277,1.71e-26,"PTPRE"
"TET2",1.02e-30,0.285,0.864,0.826,1.9e-26,"TET2"
"CTDNEP1",1.16e-30,0.327,0.695,0.646,2.15e-26,"CTDNEP1"
"ZNF428",1.17e-30,0.267,0.93,0.904,2.18e-26,"ZNF428"
"LAMP2",1.19e-30,0.405,0.634,0.585,2.21e-26,"LAMP2"
"YTHDF2",1.23e-30,0.298,0.776,0.744,2.29e-26,"YTHDF2"
"PTGES2",1.38e-30,0.478,0.351,0.274,2.58e-26,"PTGES2"
"SIK3",1.42e-30,0.308,0.79,0.755,2.63e-26,"SIK3"
"TOX",1.44e-30,0.443,0.873,0.832,2.68e-26,"TOX"
"SELENON",1.47e-30,0.524,0.335,0.261,2.74e-26,"SELENON"
"BAZ1A",1.52e-30,0.345,0.71,0.656,2.82e-26,"BAZ1A"
"SLC44A5",1.53e-30,0.473,0.712,0.66,2.84e-26,"SLC44A5"
"PTH2R",1.6e-30,-1.436,0.04,0.081,2.98e-26,"PTH2R"
"PRPF4B",1.71e-30,0.255,0.779,0.747,3.19e-26,"PRPF4B"
"SPAG7",1.76e-30,0.374,0.592,0.53,3.27e-26,"SPAG7"
"PSMB4",1.77e-30,0.332,0.699,0.654,3.29e-26,"PSMB4"
"SYAP1",1.78e-30,0.289,0.707,0.668,3.32e-26,"SYAP1"
"DDX18",1.84e-30,0.339,0.64,0.579,3.42e-26,"DDX18"
"EIF4B",1.85e-30,0.257,0.882,0.859,3.44e-26,"EIF4B"
"YWHAH",2.06e-30,0.335,0.737,0.693,3.83e-26,"YWHAH"
"THYN1",2.25e-30,0.345,0.636,0.577,4.19e-26,"THYN1"
"SUPT16H",2.26e-30,0.289,0.789,0.755,4.21e-26,"SUPT16H"
"CLCN3",2.38e-30,0.262,0.785,0.75,4.43e-26,"CLCN3"
"SSR3",2.45e-30,0.368,0.643,0.604,4.56e-26,"SSR3"
"FIBP",2.64e-30,0.386,0.57,0.509,4.91e-26,"FIBP"
"PKIG",2.68e-30,0.384,0.534,0.462,4.99e-26,"PKIG"
"STOML2",2.69e-30,0.354,0.646,0.604,5.01e-26,"STOML2"
"ZNF536",2.85e-30,0.541,0.535,0.456,5.3e-26,"ZNF536"
"ADAMTS3",2.89e-30,0.821,0.419,0.348,5.37e-26,"ADAMTS3"
"HIPK2",3.14e-30,0.276,0.848,0.821,5.84e-26,"HIPK2"
"ACTR2",3.33e-30,0.219,0.85,0.837,6.2e-26,"ACTR2"
"NCOR1",3.45e-30,0.198,0.927,0.918,6.42e-26,"NCOR1"
"POLR2I",3.45e-30,0.35,0.624,0.564,6.43e-26,"POLR2I"
"MRPS26",3.67e-30,0.338,0.65,0.602,6.83e-26,"MRPS26"
"MRPS36",4.01e-30,0.342,0.605,0.537,7.47e-26,"MRPS36"
"SYF2",4.42e-30,0.328,0.658,0.596,8.23e-26,"SYF2"
"RAB11A",4.58e-30,0.236,0.862,0.824,8.52e-26,"RAB11A"
"BAG1",5.61e-30,0.366,0.579,0.515,1.04e-25,"BAG1"
"GRIK4",5.93e-30,0.632,0.304,0.231,1.1e-25,"GRIK4"
"TCF3",6.02e-30,0.357,0.631,0.565,1.12e-25,"TCF3"
"SOX9",6.62e-30,0.301,0.802,0.754,1.23e-25,"SOX9"
"SGCE",6.76e-30,0.35,0.722,0.667,1.26e-25,"SGCE"
"USP11",6.8e-30,0.225,0.887,0.873,1.27e-25,"USP11"
"PAFAH1B2",7.34e-30,0.294,0.71,0.673,1.37e-25,"PAFAH1B2"
"RPS19BP1",7.5e-30,0.33,0.661,0.608,1.4e-25,"RPS19BP1"
"PDCD5",7.7e-30,0.272,0.772,0.735,1.43e-25,"PDCD5"
"BUD31",7.99e-30,0.311,0.649,0.595,1.49e-25,"BUD31"
"GGCT",8.01e-30,0.491,0.46,0.392,1.49e-25,"GGCT"
"USF2",8.24e-30,0.414,0.536,0.471,1.53e-25,"USF2"
"DYNC1I2",8.62e-30,0.277,0.952,0.937,1.61e-25,"DYNC1I2"
"RAB9A",8.66e-30,0.397,0.509,0.437,1.61e-25,"RAB9A"
"AEN",9.16e-30,0.842,0.13,0.078,1.7e-25,"AEN"
"FAM200B",1.01e-29,0.365,0.642,0.573,1.88e-25,"FAM200B"
"U2AF1",1.06e-29,0.246,0.9,0.887,1.98e-25,"U2AF1"
"RPS13",1.07e-29,0.111,0.991,0.984,1.98e-25,"RPS13"
"NID1",1.11e-29,-1.028,0.14,0.201,2.07e-25,"NID1"
"CUX1",1.13e-29,0.216,0.878,0.861,2.1e-25,"CUX1"
"TRAPPC3",1.13e-29,0.422,0.488,0.416,2.11e-25,"TRAPPC3"
"PARM1",1.14e-29,0.648,0.131,0.078,2.13e-25,"PARM1"
"TJP1",1.16e-29,0.257,0.724,0.682,2.16e-25,"TJP1"
"RAI2",1.28e-29,0.739,0.229,0.165,2.39e-25,"RAI2"
"TMEM263",1.34e-29,0.388,0.549,0.486,2.5e-25,"TMEM263"
"GALNT13",1.4e-29,-0.497,0.11,0.169,2.6e-25,"GALNT13"
"STK17A",1.48e-29,0.585,0.46,0.394,2.76e-25,"STK17A"
"GDI2",1.56e-29,0.271,0.745,0.711,2.89e-25,"GDI2"
"RPH3A",1.58e-29,-0.772,0.074,0.127,2.94e-25,"RPH3A"
"PARP1",1.7e-29,0.274,0.81,0.784,3.16e-25,"PARP1"
"HNRNPA0",1.73e-29,0.245,0.896,0.868,3.22e-25,"HNRNPA0"
"DUSP14",1.93e-29,0.598,0.308,0.238,3.59e-25,"DUSP14"
"RANBP1",1.98e-29,0.29,0.889,0.872,3.69e-25,"RANBP1"
"AGPAT5",2.19e-29,0.309,0.838,0.799,4.08e-25,"AGPAT5"
"KLHL20",2.25e-29,0.357,0.638,0.581,4.18e-25,"KLHL20"
"TMEM134",2.28e-29,0.5,0.384,0.312,4.24e-25,"TMEM134"
"MED12L",2.34e-29,0.591,0.507,0.434,4.36e-25,"MED12L"
"COPA",2.45e-29,0.262,0.741,0.705,4.56e-25,"COPA"
"CXXC5",2.65e-29,0.471,0.633,0.6,4.92e-25,"CXXC5"
"PGLS",2.67e-29,0.327,0.652,0.598,4.98e-25,"PGLS"
"SMC5",2.71e-29,0.305,0.775,0.751,5.05e-25,"SMC5"
"ATP5PB",2.92e-29,0.266,0.789,0.756,5.44e-25,"ATP5PB"
"CAPNS1",2.98e-29,0.455,0.5,0.432,5.55e-25,"CAPNS1"
"IGSF9B",3.02e-29,0.952,0.193,0.131,5.62e-25,"IGSF9B"
"TSPAN3",3.03e-29,0.228,0.839,0.809,5.64e-25,"TSPAN3"
"ZNF436",3.42e-29,0.693,0.247,0.181,6.37e-25,"ZNF436"
"MZT2B",3.54e-29,0.251,0.829,0.804,6.59e-25,"MZT2B"
"CLNS1A",3.61e-29,0.234,0.795,0.769,6.71e-25,"CLNS1A"
"TP53INP1",4.54e-29,0.456,0.474,0.399,8.46e-25,"TP53INP1"
"TMEM160",4.79e-29,0.352,0.61,0.549,8.91e-25,"TMEM160"
"GRID2",5.01e-29,-0.971,0.397,0.464,9.33e-25,"GRID2"
"ANKRD17",5.38e-29,0.211,0.927,0.922,1e-24,"ANKRD17"
"HSPA5",5.47e-29,0.483,0.663,0.626,1.02e-24,"HSPA5"
"OSBPL6",5.76e-29,0.469,0.424,0.351,1.07e-24,"OSBPL6"
"PHF6",5.88e-29,0.25,0.898,0.886,1.1e-24,"PHF6"
"STX10",6.35e-29,0.45,0.453,0.381,1.18e-24,"STX10"
"SMIM30",8.55e-29,0.434,0.459,0.391,1.59e-24,"SMIM30"
"MAL2",8.62e-29,0.861,0.147,0.093,1.6e-24,"MAL2"
"SMS",8.81e-29,0.537,0.667,0.641,1.64e-24,"SMS"
"CUX2",9.18e-29,0.702,0.25,0.181,1.71e-24,"CUX2"
"PNISR",9.52e-29,0.161,0.953,0.937,1.77e-24,"PNISR"
"FRMPD3",1.08e-28,0.623,0.571,0.51,2.01e-24,"FRMPD3"
"PDIA3",1.1e-28,0.288,0.768,0.741,2.04e-24,"PDIA3"
"COL4A2",1.15e-28,0.567,0.518,0.467,2.14e-24,"COL4A2"
"C6orf226",1.24e-28,0.528,0.299,0.228,2.31e-24,"C6orf226"
"TGFB1I1",1.27e-28,0.618,0.25,0.183,2.37e-24,"TGFB1I1"
"NDUFS3",1.59e-28,0.318,0.634,0.579,2.96e-24,"NDUFS3"
"UBB",1.59e-28,0.374,0.656,0.617,2.96e-24,"UBB"
"XPC",1.6e-28,0.467,0.448,0.376,2.97e-24,"XPC"
"TLE5",1.61e-28,0.392,0.797,0.733,2.99e-24,"TLE5"
"EMC7",1.62e-28,0.343,0.609,0.547,3.02e-24,"EMC7"
"EMC4",1.67e-28,0.361,0.64,0.581,3.1e-24,"EMC4"
"ACTN4",1.76e-28,0.413,0.576,0.522,3.28e-24,"ACTN4"
"FAM177A1",1.89e-28,0.333,0.675,0.62,3.52e-24,"FAM177A1"
"TCAF1",2.04e-28,0.318,0.789,0.743,3.8e-24,"TCAF1"
"GHITM",2.06e-28,0.305,0.673,0.623,3.83e-24,"GHITM"
"RBP1",2.17e-28,0.695,0.355,0.281,4.03e-24,"RBP1"
"ARPC1A",2.22e-28,0.283,0.796,0.764,4.13e-24,"ARPC1A"
"XKR6",2.56e-28,0.279,0.818,0.782,4.77e-24,"XKR6"
"SRSF3",2.67e-28,0.267,0.934,0.924,4.96e-24,"SRSF3"
"MED27",2.8e-28,0.326,0.638,0.584,5.22e-24,"MED27"
"RPL10",3.07e-28,0.153,0.994,0.99,5.72e-24,"RPL10"
"COA5",3.29e-28,0.369,0.514,0.443,6.12e-24,"COA5"
"MRPL43",3.47e-28,0.303,0.658,0.601,6.46e-24,"MRPL43"
"YES1",3.58e-28,0.326,0.702,0.64,6.66e-24,"YES1"
"EFNA5",3.58e-28,0.409,0.386,0.306,6.66e-24,"EFNA5"
"MPG",3.89e-28,0.366,0.503,0.433,7.24e-24,"MPG"
"SH3RF1",3.97e-28,0.399,0.691,0.637,7.39e-24,"SH3RF1"
"MPV17",4.18e-28,0.383,0.477,0.407,7.78e-24,"MPV17"
"L1CAM",4.2e-28,-0.856,0.032,0.069,7.82e-24,"L1CAM"
"APLP1",4.31e-28,0.377,0.66,0.593,8.02e-24,"APLP1"
"HMG20B",4.48e-28,0.411,0.44,0.366,8.34e-24,"HMG20B"
"PSMB2",4.59e-28,0.259,0.798,0.778,8.54e-24,"PSMB2"
"SCAF11",4.94e-28,0.258,0.755,0.714,9.2e-24,"SCAF11"
"PSMC5",5.06e-28,0.341,0.598,0.534,9.41e-24,"PSMC5"
"HOPX",5.25e-28,0.467,0.48,0.403,9.77e-24,"HOPX"
"SOCS4",5.32e-28,0.393,0.479,0.406,9.91e-24,"SOCS4"
"MRPL42",5.68e-28,0.279,0.725,0.671,1.06e-23,"MRPL42"
"CCT8",5.76e-28,0.231,0.837,0.812,1.07e-23,"CCT8"
"POLR2G",5.94e-28,0.314,0.668,0.623,1.11e-23,"POLR2G"
"NCBP2",6.58e-28,0.284,0.698,0.658,1.22e-23,"NCBP2"
"PCBP1",6.71e-28,0.232,0.842,0.822,1.25e-23,"PCBP1"
"MARCHF6",6.94e-28,0.27,0.928,0.911,1.29e-23,"MARCHF6"
"DNAJB11",6.98e-28,0.404,0.502,0.43,1.3e-23,"DNAJB11"
"MRPS7",8.02e-28,0.362,0.535,0.469,1.49e-23,"MRPS7"
"PSMB6",8.78e-28,0.263,0.813,0.783,1.63e-23,"PSMB6"
"HUNK",9.62e-28,-0.485,0.212,0.281,1.79e-23,"HUNK"
"LGALS3",9.78e-28,0.69,0.261,0.195,1.82e-23,"LGALS3"
"SRGAP1",1.05e-27,0.287,0.914,0.892,1.95e-23,"SRGAP1"
"KHDRBS1",1.06e-27,0.201,0.975,0.964,1.98e-23,"KHDRBS1"
"PSMD12",1.1e-27,0.286,0.715,0.676,2.05e-23,"PSMD12"
"HS3ST3A1",1.18e-27,1.151,0.112,0.065,2.21e-23,"HS3ST3A1"
"PSMC4",1.19e-27,0.345,0.626,0.57,2.21e-23,"PSMC4"
"GLCCI1",1.21e-27,0.476,0.878,0.839,2.26e-23,"GLCCI1"
"PRPF40A",1.33e-27,0.22,0.876,0.861,2.47e-23,"PRPF40A"
"FLYWCH2",1.39e-27,0.333,0.632,0.576,2.59e-23,"FLYWCH2"
"ANAPC16",1.4e-27,0.27,0.718,0.676,2.6e-23,"ANAPC16"
"CRIPT",1.47e-27,0.325,0.626,0.566,2.73e-23,"CRIPT"
"NUCKS1",1.5e-27,0.214,0.955,0.956,2.79e-23,"NUCKS1"
"RAB10",1.52e-27,0.196,0.904,0.894,2.84e-23,"RAB10"
"ABRACL",1.62e-27,0.32,0.515,0.441,3.02e-23,"ABRACL"
"LRFN2",1.65e-27,-0.897,0.134,0.193,3.07e-23,"LRFN2"
"H1-10",1.66e-27,0.344,0.821,0.776,3.08e-23,"H1-10"
"SELENOF",1.79e-27,0.278,0.727,0.691,3.34e-23,"SELENOF"
"SCAND1",1.81e-27,0.277,0.711,0.672,3.36e-23,"SCAND1"
"ECHDC1",1.95e-27,0.328,0.649,0.597,3.63e-23,"ECHDC1"
"PLXNB2",1.99e-27,0.521,0.32,0.252,3.71e-23,"PLXNB2"
"PHACTR1",2.04e-27,-0.229,0.662,0.74,3.8e-23,"PHACTR1"
"TMEM100",2.39e-27,1.281,0.069,0.033,4.45e-23,"TMEM100"
"SYNE1",2.41e-27,0.298,0.703,0.647,4.48e-23,"SYNE1"
"FUS",2.44e-27,0.166,0.945,0.942,4.54e-23,"FUS"
"MRPL3",2.51e-27,0.348,0.621,0.58,4.66e-23,"MRPL3"
"MAN1A2",2.63e-27,0.271,0.775,0.73,4.9e-23,"MAN1A2"
"OSTC",2.77e-27,0.287,0.668,0.624,5.15e-23,"OSTC"
"PSMC1",3.05e-27,0.297,0.708,0.667,5.68e-23,"PSMC1"
"CFAP298",3.07e-27,0.42,0.515,0.453,5.72e-23,"CFAP298"
"CARMIL1",3.18e-27,-0.305,0.54,0.615,5.92e-23,"CARMIL1"
"ATP1A1",3.31e-27,0.51,0.47,0.407,6.15e-23,"ATP1A1"
"ITGAE",3.39e-27,0.36,0.556,0.492,6.3e-23,"ITGAE"
"JPT1",3.43e-27,0.263,0.949,0.924,6.39e-23,"JPT1"
"FDXR",3.68e-27,0.69,0.153,0.099,6.84e-23,"FDXR"
"TRA2B",3.78e-27,0.257,0.77,0.736,7.04e-23,"TRA2B"
"N4BP2L2",3.84e-27,0.184,0.923,0.915,7.14e-23,"N4BP2L2"
"CDC123",4.22e-27,0.305,0.612,0.558,7.86e-23,"CDC123"
"STAT1",4.34e-27,0.366,0.629,0.573,8.08e-23,"STAT1"
"TRIAP1",4.41e-27,0.479,0.362,0.293,8.21e-23,"TRIAP1"
"CLDND1",4.92e-27,0.349,0.608,0.547,9.15e-23,"CLDND1"
"ANTKMT",4.96e-27,0.452,0.393,0.322,9.23e-23,"ANTKMT"
"PCNP",5.04e-27,0.247,0.786,0.757,9.39e-23,"PCNP"
"UBL3",5.12e-27,0.299,0.754,0.727,9.52e-23,"UBL3"
"SCN1A",5.12e-27,0.439,0.425,0.351,9.53e-23,"SCN1A"
"MXRA7",5.14e-27,0.44,0.408,0.337,9.57e-23,"MXRA7"
"LRPAP1",5.24e-27,0.378,0.513,0.449,9.76e-23,"LRPAP1"
"MAP6",5.58e-27,0.434,0.525,0.456,1.04e-22,"MAP6"
"PSMD10",5.6e-27,0.319,0.649,0.598,1.04e-22,"PSMD10"
"NDUFB11",5.74e-27,0.241,0.914,0.894,1.07e-22,"NDUFB11"
"PCDH9",7.17e-27,-0.496,0.548,0.605,1.33e-22,"PCDH9"
"G6PD",7.27e-27,0.597,0.219,0.156,1.35e-22,"G6PD"
"SPART",7.42e-27,0.292,0.658,0.616,1.38e-22,"SPART"
"SLC39A3",8.1e-27,0.496,0.339,0.269,1.51e-22,"SLC39A3"
"FAM133B",8.22e-27,0.257,0.753,0.71,1.53e-22,"FAM133B"
"LYPLA1",8.75e-27,0.273,0.698,0.649,1.63e-22,"LYPLA1"
"HDGF",8.9e-27,0.332,0.619,0.569,1.66e-22,"HDGF"
"NKAIN2",9.37e-27,-1.744,0.03,0.065,1.74e-22,"NKAIN2"
"PABPN1",9.4e-27,0.261,0.726,0.683,1.75e-22,"PABPN1"
"CCDC90B",9.63e-27,0.323,0.643,0.589,1.79e-22,"CCDC90B"
"TSC22D1",9.75e-27,0.277,0.937,0.923,1.82e-22,"TSC22D1"
"RPL26L1",1.03e-26,0.323,0.647,0.605,1.93e-22,"RPL26L1"
"MNAT1",1.04e-26,0.224,0.888,0.864,1.94e-22,"MNAT1"
"FRYL",1.11e-26,0.258,0.903,0.879,2.07e-22,"FRYL"
"ANTXR1",1.34e-26,0.28,0.786,0.743,2.49e-22,"ANTXR1"
"GLRX3",1.4e-26,0.326,0.615,0.565,2.6e-22,"GLRX3"
"C17orf49",1.48e-26,0.335,0.634,0.576,2.75e-22,"C17orf49"
"HACD3",1.51e-26,0.182,0.875,0.845,2.81e-22,"HACD3"
"DNAAF2",1.58e-26,0.451,0.422,0.349,2.94e-22,"DNAAF2"
"SEMA5A",1.63e-26,0.742,0.385,0.314,3.03e-22,"SEMA5A"
"USP9X",1.71e-26,0.214,0.932,0.925,3.18e-22,"USP9X"
"HDAC1",1.72e-26,0.455,0.407,0.339,3.19e-22,"HDAC1"
"MAF",1.95e-26,0.414,0.358,0.288,3.64e-22,"MAF"
"SMIM14",2.02e-26,0.34,0.669,0.613,3.76e-22,"SMIM14"
"TKT",2.12e-26,0.337,0.688,0.652,3.95e-22,"TKT"
"ACTA2",2.13e-26,0.771,0.109,0.064,3.96e-22,"ACTA2"
"ANKRD10",2.15e-26,0.271,0.821,0.797,3.99e-22,"ANKRD10"
"MRPL19",2.2e-26,0.268,0.702,0.661,4.1e-22,"MRPL19"
"PIP5K1B",2.35e-26,0.745,0.373,0.313,4.37e-22,"PIP5K1B"
"STK32A",2.37e-26,0.744,0.184,0.126,4.41e-22,"STK32A"
"COMMD4",2.46e-26,0.439,0.413,0.341,4.58e-22,"COMMD4"
"TRIP12",2.55e-26,0.249,0.823,0.797,4.74e-22,"TRIP12"
"NUDT5",2.79e-26,0.333,0.616,0.567,5.19e-22,"NUDT5"
"POLR2K",2.81e-26,0.266,0.724,0.69,5.23e-22,"POLR2K"
"SYT1",2.82e-26,0.269,0.604,0.523,5.24e-22,"SYT1"
"CSNK2A2",2.89e-26,0.342,0.59,0.536,5.39e-22,"CSNK2A2"
"PCBP4",2.98e-26,0.487,0.348,0.277,5.55e-22,"PCBP4"
"CLINT1",3e-26,0.276,0.654,0.604,5.58e-22,"CLINT1"
"PAPSS2",3.08e-26,-0.984,0.048,0.088,5.73e-22,"PAPSS2"
"PLEKHH2",3.11e-26,0.953,0.108,0.063,5.78e-22,"PLEKHH2"
"EIF3D",3.16e-26,0.312,0.654,0.612,5.89e-22,"EIF3D"
"SQSTM1",3.18e-26,0.43,0.625,0.577,5.91e-22,"SQSTM1"
"PHB1",3.18e-26,0.339,0.587,0.533,5.93e-22,"PHB1"
"YIPF6",3.25e-26,0.34,0.561,0.5,6.04e-22,"YIPF6"
"MDK",3.63e-26,0.537,0.423,0.357,6.75e-22,"MDK"
"KLHL29",3.93e-26,0.843,0.219,0.159,7.32e-22,"KLHL29"
"AASS",3.94e-26,0.297,0.591,0.528,7.34e-22,"AASS"
"MTMR7",4.1e-26,-0.575,0.171,0.235,7.64e-22,"MTMR7"
"CACNA1E",4.13e-26,-1.12,0.071,0.117,7.68e-22,"CACNA1E"
"ZC3H12C",4.17e-26,0.339,0.696,0.646,7.77e-22,"ZC3H12C"
"NGRN",4.29e-26,0.252,0.814,0.792,7.98e-22,"NGRN"
"ROBO2",4.3e-26,0.292,0.951,0.928,8.01e-22,"ROBO2"
"GNAI3",4.33e-26,0.239,0.819,0.793,8.06e-22,"GNAI3"
"MBNL1",4.38e-26,0.295,0.696,0.652,8.16e-22,"MBNL1"
"BOLA3",4.52e-26,0.424,0.409,0.344,8.42e-22,"BOLA3"
"SMARCD1",4.69e-26,0.337,0.655,0.598,8.74e-22,"SMARCD1"
"PSME3IP1",4.76e-26,0.309,0.661,0.61,8.85e-22,"PSME3IP1"
"MBD5",4.78e-26,0.242,0.975,0.973,8.9e-22,"MBD5"
"GNB1",4.79e-26,0.17,0.962,0.952,8.92e-22,"GNB1"
"AGPAT1",5.02e-26,0.479,0.437,0.372,9.35e-22,"AGPAT1"
"DHRS7",5.77e-26,0.327,0.655,0.597,1.07e-21,"DHRS7"
"NME4",6.26e-26,0.341,0.573,0.515,1.17e-21,"NME4"
"FAAP20",6.3e-26,0.385,0.509,0.441,1.17e-21,"FAAP20"
"LSM10",7.16e-26,0.388,0.497,0.431,1.33e-21,"LSM10"
"CD59",7.41e-26,0.41,0.539,0.485,1.38e-21,"CD59"
"BTF3L4",7.47e-26,0.19,0.872,0.862,1.39e-21,"BTF3L4"
"MAPK1",7.67e-26,0.248,0.803,0.782,1.43e-21,"MAPK1"
"TXN2",7.89e-26,0.362,0.555,0.493,1.47e-21,"TXN2"
"LYRM4",8.34e-26,0.371,0.554,0.491,1.55e-21,"LYRM4"
"OTUB1",8.49e-26,0.399,0.495,0.428,1.58e-21,"OTUB1"
"TSPAN6",9.16e-26,0.409,0.435,0.367,1.71e-21,"TSPAN6"
"ATAD2B",9.53e-26,0.336,0.798,0.76,1.77e-21,"ATAD2B"
"SRGAP2B",9.7e-26,0.372,0.741,0.689,1.81e-21,"SRGAP2B"
"IRS2",9.83e-26,0.445,0.509,0.457,1.83e-21,"IRS2"
"TMEM117",1.05e-25,0.5,0.346,0.276,1.96e-21,"TMEM117"
"LAMC1",1.08e-25,0.488,0.423,0.357,2e-21,"LAMC1"
"SERPINH1",1.09e-25,0.517,0.318,0.252,2.03e-21,"SERPINH1"
"JAG1",1.11e-25,0.601,0.39,0.325,2.06e-21,"JAG1"
"FAM135A",1.11e-25,0.378,0.641,0.606,2.07e-21,"FAM135A"
"KIF1B",1.16e-25,0.182,0.978,0.976,2.16e-21,"KIF1B"
"CRLS1",1.19e-25,0.414,0.55,0.492,2.21e-21,"CRLS1"
"SRRM1",1.25e-25,0.23,0.831,0.806,2.33e-21,"SRRM1"
"SAT2",1.37e-25,0.274,0.755,0.726,2.54e-21,"SAT2"
"PLPPR1",1.37e-25,-1.479,0.06,0.104,2.55e-21,"PLPPR1"
"PACC1",1.7e-25,0.443,0.441,0.372,3.17e-21,"PACC1"
"SMAP1",1.73e-25,0.222,0.789,0.748,3.22e-21,"SMAP1"
"KIAA1958",1.75e-25,0.266,0.891,0.87,3.26e-21,"KIAA1958"
"LHFPL2",1.75e-25,0.625,0.243,0.18,3.26e-21,"LHFPL2"
"ETNK1",1.88e-25,0.297,0.742,0.704,3.49e-21,"ETNK1"
"IER3IP1",1.89e-25,0.379,0.504,0.439,3.53e-21,"IER3IP1"
"SPECC1",1.93e-25,0.287,0.81,0.794,3.6e-21,"SPECC1"
"ARL8A",2.01e-25,0.31,0.661,0.611,3.75e-21,"ARL8A"
"IK",2.31e-25,0.244,0.743,0.699,4.3e-21,"IK"
"CNIH4",2.42e-25,0.307,0.597,0.542,4.5e-21,"CNIH4"
"GSTO1",2.52e-25,0.426,0.436,0.367,4.69e-21,"GSTO1"
"GOLGB1",2.77e-25,0.253,0.776,0.747,5.16e-21,"GOLGB1"
"MTLN",3.06e-25,0.552,0.238,0.175,5.7e-21,"MTLN"
"NOP53",3.27e-25,0.316,0.634,0.574,6.08e-21,"NOP53"
"SUGT1",3.37e-25,0.304,0.729,0.683,6.27e-21,"SUGT1"
"DDX52",3.37e-25,0.345,0.644,0.593,6.28e-21,"DDX52"
"IGF2BP1",3.43e-25,0.665,0.215,0.155,6.39e-21,"IGF2BP1"
"TMED9",3.49e-25,0.394,0.507,0.451,6.49e-21,"TMED9"
"ELF1",3.5e-25,0.399,0.466,0.397,6.51e-21,"ELF1"
"MANF",3.56e-25,0.393,0.548,0.491,6.63e-21,"MANF"
"TM9SF2",3.71e-25,0.315,0.659,0.611,6.9e-21,"TM9SF2"
"MRPS16",3.86e-25,0.315,0.61,0.558,7.19e-21,"MRPS16"
"HS2ST1",4.06e-25,0.288,0.705,0.653,7.56e-21,"HS2ST1"
"NELFCD",4.18e-25,0.367,0.54,0.481,7.78e-21,"NELFCD"
"MRPS6",4.29e-25,0.347,0.67,0.631,7.99e-21,"MRPS6"
"MAPK10",4.3e-25,0.326,0.93,0.91,8e-21,"MAPK10"
"MMP2",4.38e-25,0.794,0.123,0.076,8.15e-21,"MMP2"
"PAX6",4.4e-25,-0.532,0.316,0.383,8.19e-21,"PAX6"
"SLC35B1",4.46e-25,0.395,0.471,0.407,8.29e-21,"SLC35B1"
"ZBTB8OS",4.67e-25,0.316,0.579,0.52,8.68e-21,"ZBTB8OS"
"FAM120A",4.78e-25,0.328,0.629,0.583,8.89e-21,"FAM120A"
"PCDH10",4.91e-25,0.383,0.406,0.337,9.14e-21,"PCDH10"
"SDHC",5.24e-25,0.308,0.639,0.593,9.74e-21,"SDHC"
"ST6GALNAC5",5.4e-25,0.536,0.593,0.52,1.01e-20,"ST6GALNAC5"
"RAB11B",5.44e-25,0.341,0.622,0.561,1.01e-20,"RAB11B"
"BCAP29",5.6e-25,0.304,0.632,0.581,1.04e-20,"BCAP29"
"CXADR",5.76e-25,0.336,0.511,0.429,1.07e-20,"CXADR"
"NOL7",5.77e-25,0.239,0.749,0.725,1.07e-20,"NOL7"
"PSMA3",5.89e-25,0.204,0.791,0.765,1.1e-20,"PSMA3"
"AFF4",5.94e-25,0.218,0.902,0.883,1.11e-20,"AFF4"
"ETV1",6.36e-25,0.524,0.529,0.449,1.18e-20,"ETV1"
"TADA3",6.47e-25,0.337,0.572,0.51,1.2e-20,"TADA3"
"LARS1",6.64e-25,0.241,0.771,0.75,1.24e-20,"LARS1"
"FBXO21",7.1e-25,0.254,0.801,0.774,1.32e-20,"FBXO21"
"MACF1",7.5e-25,0.179,0.983,0.981,1.4e-20,"MACF1"
"YIPF3",8.16e-25,0.37,0.54,0.476,1.52e-20,"YIPF3"
"GFAP",8.25e-25,0.492,0.352,0.281,1.54e-20,"GFAP"
"HNRNPM",8.37e-25,0.206,0.903,0.896,1.56e-20,"HNRNPM"
"SLF1",8.42e-25,-0.459,0.366,0.435,1.57e-20,"SLF1"
"CDK16",8.52e-25,0.389,0.484,0.419,1.59e-20,"CDK16"
"ANP32B",8.58e-25,0.28,0.701,0.652,1.6e-20,"ANP32B"
"ATP10A",8.58e-25,0.749,0.141,0.091,1.6e-20,"ATP10A"
"PLPPR4",8.79e-25,0.559,0.456,0.393,1.64e-20,"PLPPR4"
"SETD5",9.27e-25,0.203,0.89,0.873,1.73e-20,"SETD5"
"C12orf57",1.04e-24,0.262,0.868,0.842,1.94e-20,"C12orf57"
"PSD3",1.1e-24,0.275,0.905,0.887,2.04e-20,"PSD3"
"SMIM15",1.12e-24,0.36,0.52,0.456,2.09e-20,"SMIM15"
"CSTPP1",1.18e-24,0.223,0.839,0.811,2.19e-20,"CSTPP1"
"AKAP13",1.21e-24,0.295,0.666,0.633,2.26e-20,"AKAP13"
"DNAJB6",1.31e-24,0.223,0.894,0.878,2.43e-20,"DNAJB6"
"KIF5B",1.33e-24,0.198,0.92,0.904,2.47e-20,"KIF5B"
"CRIP2",1.39e-24,0.315,0.507,0.436,2.58e-20,"CRIP2"
"MAZ",1.39e-24,0.319,0.582,0.517,2.59e-20,"MAZ"
"MACROH2A2",1.42e-24,0.322,0.623,0.562,2.65e-20,"MACROH2A2"
"MTAP",1.57e-24,0.329,0.611,0.553,2.92e-20,"MTAP"
"DCAF7",1.69e-24,0.293,0.686,0.637,3.15e-20,"DCAF7"
"DPYSL2",1.7e-24,0.191,0.965,0.956,3.16e-20,"DPYSL2"
"DNAJC19",1.73e-24,0.321,0.594,0.538,3.23e-20,"DNAJC19"
"COMMD7",1.75e-24,0.324,0.626,0.574,3.25e-20,"COMMD7"
"HSD17B4",1.79e-24,0.319,0.596,0.545,3.33e-20,"HSD17B4"
"SH3BGRL3",1.87e-24,0.296,0.742,0.698,3.48e-20,"SH3BGRL3"
"GIPC1",2.16e-24,0.393,0.511,0.453,4.02e-20,"GIPC1"
"SH3BGRL",2.32e-24,0.188,0.891,0.865,4.32e-20,"SH3BGRL"
"DOK6",2.35e-24,0.423,0.324,0.254,4.38e-20,"DOK6"
"LYST",2.42e-24,0.524,0.565,0.514,4.5e-20,"LYST"
"MAGED2",2.55e-24,0.268,0.772,0.73,4.75e-20,"MAGED2"
"RALA",2.72e-24,0.226,0.798,0.77,5.06e-20,"RALA"
"RB1",2.73e-24,0.236,0.783,0.756,5.09e-20,"RB1"
"VPS41",2.74e-24,0.283,0.699,0.662,5.09e-20,"VPS41"
"IL6ST",2.81e-24,0.328,0.516,0.449,5.24e-20,"IL6ST"
"B3GALT5",2.87e-24,0.6,0.273,0.208,5.35e-20,"B3GALT5"
"RND2",2.9e-24,0.54,0.267,0.204,5.4e-20,"RND2"
"TMEM147",3.15e-24,0.334,0.624,0.588,5.86e-20,"TMEM147"
"FBXO22",3.27e-24,0.284,0.531,0.466,6.09e-20,"FBXO22"
"UBA1",3.41e-24,0.287,0.708,0.674,6.34e-20,"UBA1"
"NAT14",3.58e-24,0.432,0.384,0.318,6.67e-20,"NAT14"
"LSM5",3.59e-24,0.283,0.729,0.691,6.68e-20,"LSM5"
"EVI5",3.67e-24,0.262,0.708,0.657,6.83e-20,"EVI5"
"RSL24D1",3.74e-24,0.24,0.775,0.748,6.95e-20,"RSL24D1"
"KLHL35",4.03e-24,-0.405,0.115,0.171,7.5e-20,"KLHL35"
"ZDHHC12",4.06e-24,0.679,0.174,0.12,7.56e-20,"ZDHHC12"
"FGF14",4.13e-24,-1.515,0.089,0.137,7.68e-20,"FGF14"
"TBCB",4.15e-24,0.204,0.894,0.872,7.72e-20,"TBCB"
"ATXN10",4.24e-24,0.177,0.918,0.903,7.9e-20,"ATXN10"
"RDH5",4.37e-24,0.593,0.225,0.165,8.14e-20,"RDH5"
"ARF3",5.04e-24,0.346,0.586,0.537,9.39e-20,"ARF3"
"DSCAML1",5.39e-24,-0.322,0.396,0.477,1e-19,"DSCAML1"
"MAP4K4",5.9e-24,0.193,0.984,0.976,1.1e-19,"MAP4K4"
"PAWR",6.11e-24,0.394,0.426,0.36,1.14e-19,"PAWR"
"SLC39A1",6.4e-24,0.425,0.364,0.296,1.19e-19,"SLC39A1"
"DCTN3",6.61e-24,0.252,0.866,0.837,1.23e-19,"DCTN3"
"GLRX5",6.62e-24,0.27,0.712,0.671,1.23e-19,"GLRX5"
"DCUN1D5",6.63e-24,0.292,0.648,0.601,1.23e-19,"DCUN1D5"
"CYFIP1",6.64e-24,0.282,0.645,0.596,1.24e-19,"CYFIP1"
"RGL1",6.65e-24,0.349,0.657,0.612,1.24e-19,"RGL1"
"CCDC25",6.69e-24,0.356,0.474,0.407,1.25e-19,"CCDC25"
"ERC1",6.76e-24,0.205,0.863,0.84,1.26e-19,"ERC1"
"SRGAP2C",6.81e-24,0.349,0.746,0.7,1.27e-19,"SRGAP2C"
"MYL6B",6.93e-24,0.256,0.786,0.748,1.29e-19,"MYL6B"
"CRACDL",7.2e-24,0.926,0.123,0.077,1.34e-19,"CRACDL"
"SPATA6",7.86e-24,0.505,0.481,0.426,1.46e-19,"SPATA6"
"DAPK3",8.18e-24,0.478,0.298,0.231,1.52e-19,"DAPK3"
"NPAS2",8.33e-24,-0.686,0.189,0.249,1.55e-19,"NPAS2"
"RRM2B",8.55e-24,0.495,0.354,0.288,1.59e-19,"RRM2B"
"SSNA1",8.73e-24,0.381,0.502,0.438,1.62e-19,"SSNA1"
"SRPX2",9.11e-24,1.199,0.063,0.031,1.7e-19,"SRPX2"
"RRP36",9.77e-24,0.362,0.504,0.44,1.82e-19,"RRP36"
"KLHDC8A",9.93e-24,0.456,0.578,0.536,1.85e-19,"KLHDC8A"
"HIKESHI",1.01e-23,0.259,0.677,0.631,1.87e-19,"HIKESHI"
"E2F5",1.04e-23,0.349,0.509,0.448,1.93e-19,"E2F5"
"TMEM158",1.06e-23,0.516,0.514,0.456,1.97e-19,"TMEM158"
"ELAVL4",1.11e-23,-0.265,0.3,0.374,2.06e-19,"ELAVL4"
"ZSWIM7",1.11e-23,0.336,0.471,0.403,2.07e-19,"ZSWIM7"
"RNF180",1.13e-23,0.259,0.814,0.787,2.11e-19,"RNF180"
"MBIP",1.3e-23,0.313,0.713,0.66,2.43e-19,"MBIP"
"CELF4",1.39e-23,-0.605,0.18,0.24,2.6e-19,"CELF4"
"CDC34",1.66e-23,0.418,0.459,0.396,3.08e-19,"CDC34"
"CIAO2A",1.68e-23,0.34,0.48,0.411,3.14e-19,"CIAO2A"
"RAP1GDS1",1.69e-23,0.332,0.759,0.719,3.15e-19,"RAP1GDS1"
"APP",1.78e-23,0.152,0.942,0.94,3.32e-19,"APP"
"M6PR",1.78e-23,0.382,0.453,0.386,3.32e-19,"M6PR"
"ARHGDIA",2.08e-23,0.35,0.525,0.463,3.87e-19,"ARHGDIA"
"NDUFS1",2.08e-23,0.229,0.747,0.718,3.88e-19,"NDUFS1"
"APLP2",2.21e-23,0.217,0.847,0.837,4.11e-19,"APLP2"
"LLPH",2.21e-23,0.347,0.482,0.415,4.12e-19,"LLPH"
"PAPSS1",2.23e-23,0.27,0.805,0.767,4.15e-19,"PAPSS1"
"LMNA",2.4e-23,0.29,0.615,0.56,4.46e-19,"LMNA"
"TOMM22",2.71e-23,0.314,0.6,0.548,5.04e-19,"TOMM22"
"CTNNBIP1",2.73e-23,0.361,0.55,0.489,5.08e-19,"CTNNBIP1"
"PSMD6",2.74e-23,0.32,0.566,0.505,5.1e-19,"PSMD6"
"RADX",2.8e-23,0.82,0.275,0.216,5.22e-19,"RADX"
"IPO9",2.81e-23,0.247,0.77,0.74,5.23e-19,"IPO9"
"TMEM30A",2.83e-23,0.338,0.593,0.534,5.26e-19,"TMEM30A"
"MPST",2.83e-23,0.364,0.505,0.438,5.27e-19,"MPST"
"DESI1",2.94e-23,0.436,0.358,0.293,5.48e-19,"DESI1"
"RREB1",3.15e-23,0.423,0.312,0.248,5.87e-19,"RREB1"
"NDUFA10",3.3e-23,0.277,0.682,0.644,6.14e-19,"NDUFA10"
"PPP2CB",3.3e-23,0.228,0.821,0.804,6.15e-19,"PPP2CB"
"RFTN2",3.31e-23,0.309,0.718,0.664,6.16e-19,"RFTN2"
"EFTUD2",3.46e-23,0.438,0.481,0.424,6.43e-19,"EFTUD2"
"FBXW11",3.54e-23,0.225,0.817,0.783,6.59e-19,"FBXW11"
"HSP90AA1",3.56e-23,0.103,0.994,0.99,6.62e-19,"HSP90AA1"
"GSN",3.73e-23,0.555,0.254,0.194,6.94e-19,"GSN"
"ADIPOR1",3.83e-23,0.35,0.543,0.487,7.13e-19,"ADIPOR1"
"ARL4D",3.83e-23,0.668,0.485,0.44,7.14e-19,"ARL4D"
"ATE1",3.87e-23,0.275,0.721,0.681,7.2e-19,"ATE1"
"CDK2AP2",3.92e-23,0.44,0.342,0.28,7.29e-19,"CDK2AP2"
"ANO6",3.92e-23,0.364,0.521,0.457,7.3e-19,"ANO6"
"ZEB1",4.01e-23,0.472,0.857,0.832,7.47e-19,"ZEB1"
"SHOC2",4.14e-23,0.261,0.709,0.663,7.71e-19,"SHOC2"
"SMARCB1",4.23e-23,0.267,0.768,0.739,7.87e-19,"SMARCB1"
"H4C5",4.25e-23,0.743,0.152,0.102,7.91e-19,"H4C5"
"TMEM167A",4.27e-23,0.232,0.688,0.644,7.94e-19,"TMEM167A"
"ARHGEF12",4.39e-23,0.223,0.785,0.749,8.16e-19,"ARHGEF12"
"TMEM131",4.61e-23,0.244,0.835,0.827,8.58e-19,"TMEM131"
"PDLIM5",4.63e-23,0.362,0.522,0.456,8.62e-19,"PDLIM5"
"CTXN1",4.69e-23,0.325,0.545,0.486,8.72e-19,"CTXN1"
"PXDC1",4.86e-23,0.559,0.264,0.204,9.04e-19,"PXDC1"
"TUBA1A",4.88e-23,0.159,0.997,0.995,9.09e-19,"TUBA1A"
"WIPI2",4.93e-23,0.281,0.609,0.552,9.18e-19,"WIPI2"
"SENP6",5.14e-23,0.187,0.899,0.89,9.57e-19,"SENP6"
"DDX1",5.33e-23,0.303,0.659,0.613,9.91e-19,"DDX1"
"CNKSR3",5.42e-23,0.538,0.274,0.211,1.01e-18,"CNKSR3"
"CHMP5",5.61e-23,0.226,0.822,0.792,1.04e-18,"CHMP5"
"MAP9",5.69e-23,0.324,0.531,0.467,1.06e-18,"MAP9"
"TIMM10",5.91e-23,0.349,0.47,0.403,1.1e-18,"TIMM10"
"NETO1",5.92e-23,1.762,0.052,0.023,1.1e-18,"NETO1"
"MRPL47",6.01e-23,0.29,0.645,0.599,1.12e-18,"MRPL47"
"NDUFA5",6.1e-23,0.227,0.806,0.767,1.14e-18,"NDUFA5"
"BPNT2",6.19e-23,0.359,0.531,0.47,1.15e-18,"BPNT2"
"ZBTB16",6.31e-23,-0.557,0.144,0.201,1.17e-18,"ZBTB16"
"PSMD9",6.31e-23,0.387,0.462,0.401,1.18e-18,"PSMD9"
"PKD2",6.77e-23,0.283,0.736,0.694,1.26e-18,"PKD2"
"GPATCH2",6.85e-23,0.316,0.603,0.548,1.27e-18,"GPATCH2"
"SRSF6",7.02e-23,0.305,0.589,0.53,1.31e-18,"SRSF6"
"ATP5PD",7.39e-23,0.252,0.717,0.69,1.38e-18,"ATP5PD"
"TNFAIP1",7.58e-23,0.427,0.361,0.296,1.41e-18,"TNFAIP1"
"KCNF1",8.14e-23,0.955,0.111,0.068,1.51e-18,"KCNF1"
"ELOVL1",8.52e-23,0.762,0.177,0.126,1.59e-18,"ELOVL1"
"C14orf119",8.76e-23,0.369,0.438,0.375,1.63e-18,"C14orf119"
"DHX36",9.12e-23,0.231,0.86,0.836,1.7e-18,"DHX36"
"ANAPC13",9.72e-23,0.339,0.472,0.405,1.81e-18,"ANAPC13"
"NLGN1",1.01e-22,0.49,0.659,0.661,1.88e-18,"NLGN1"
"SST",1.02e-22,1.671,0.058,0.027,1.9e-18,"SST"
"SF1",1.05e-22,0.202,0.82,0.797,1.95e-18,"SF1"
"CD38",1.05e-22,-0.724,0.073,0.117,1.96e-18,"CD38"
"RBM3",1.09e-22,0.229,0.722,0.687,2.03e-18,"RBM3"
"STK25",1.11e-22,0.357,0.523,0.465,2.07e-18,"STK25"
"SINHCAF",1.14e-22,0.37,0.46,0.391,2.12e-18,"SINHCAF"
"CNN3",1.22e-22,0.433,0.761,0.756,2.26e-18,"CNN3"
"COMMD1",1.23e-22,0.216,0.772,0.731,2.3e-18,"COMMD1"
"CERS1",1.28e-22,0.478,0.275,0.213,2.39e-18,"CERS1"
"PHF21A",1.33e-22,0.231,0.903,0.882,2.47e-18,"PHF21A"
"GABRA5",1.33e-22,1.508,0.048,0.021,2.48e-18,"GABRA5"
"VAT1",1.42e-22,0.523,0.259,0.198,2.64e-18,"VAT1"
"ARHGEF4",1.44e-22,0.565,0.317,0.255,2.68e-18,"ARHGEF4"
"VPS29",1.54e-22,0.233,0.737,0.698,2.86e-18,"VPS29"
"ZC3H15",1.62e-22,0.228,0.768,0.742,3.01e-18,"ZC3H15"
"H2AW",1.65e-22,0.347,0.381,0.319,3.07e-18,"H2AW"
"CDH8",1.67e-22,0.714,0.217,0.161,3.11e-18,"CDH8"
"GPD1",1.68e-22,0.847,0.167,0.117,3.12e-18,"GPD1"
"WNK2",1.71e-22,-0.292,0.32,0.392,3.18e-18,"WNK2"
"MRPL11",1.75e-22,0.325,0.52,0.459,3.25e-18,"MRPL11"
"SEMA6A",1.77e-22,0.401,0.586,0.538,3.29e-18,"SEMA6A"
"ZNF106",1.82e-22,0.294,0.658,0.625,3.39e-18,"ZNF106"
"TMX1",1.92e-22,0.333,0.577,0.53,3.57e-18,"TMX1"
"UQCC3",1.96e-22,0.439,0.335,0.273,3.65e-18,"UQCC3"
"LRRTM2",1.97e-22,0.496,0.326,0.264,3.66e-18,"LRRTM2"
"NDN",1.97e-22,0.329,0.699,0.648,3.67e-18,"NDN"
"ELMOD2",1.97e-22,0.424,0.412,0.348,3.67e-18,"ELMOD2"
"PRKD1",1.99e-22,0.194,0.836,0.783,3.71e-18,"PRKD1"
"ARID2",2.13e-22,0.236,0.875,0.851,3.96e-18,"ARID2"
"PDCD10",2.17e-22,0.314,0.617,0.568,4.03e-18,"PDCD10"
"HERC2",2.22e-22,0.253,0.743,0.698,4.13e-18,"HERC2"
"KXD1",2.27e-22,0.405,0.418,0.357,4.22e-18,"KXD1"
"CHID1",2.28e-22,0.383,0.505,0.449,4.24e-18,"CHID1"
"MMP24OS",2.38e-22,0.387,0.428,0.361,4.44e-18,"MMP24OS"
"MEIS1",2.39e-22,0.374,0.683,0.637,4.45e-18,"MEIS1"
"CKAP4",2.42e-22,0.371,0.468,0.406,4.51e-18,"CKAP4"
"PCDHB2",2.46e-22,0.411,0.387,0.319,4.59e-18,"PCDHB2"
"PABPC1",2.57e-22,0.165,0.866,0.848,4.78e-18,"PABPC1"
"FAM118A",2.57e-22,0.364,0.46,0.395,4.78e-18,"FAM118A"
"ARL2BP",2.58e-22,0.277,0.691,0.647,4.81e-18,"ARL2BP"
"PSMD4",2.71e-22,0.288,0.674,0.629,5.05e-18,"PSMD4"
"DHRS3",2.72e-22,-0.535,0.144,0.199,5.06e-18,"DHRS3"
"COPRS",2.73e-22,0.282,0.592,0.542,5.09e-18,"COPRS"
"GADD45A",2.74e-22,0.43,0.336,0.272,5.1e-18,"GADD45A"
"RTN1",2.79e-22,-0.279,0.716,0.761,5.2e-18,"RTN1"
"DESI2",2.84e-22,0.303,0.583,0.531,5.28e-18,"DESI2"
"MAP1A",2.94e-22,0.379,0.522,0.464,5.47e-18,"MAP1A"
"CPNE3",2.98e-22,0.225,0.813,0.774,5.55e-18,"CPNE3"
"LAMP1",3e-22,0.298,0.622,0.575,5.58e-18,"LAMP1"
"HLA-A",3.11e-22,0.326,0.575,0.513,5.78e-18,"HLA-A"
"PTPN13",3.11e-22,0.299,0.602,0.54,5.79e-18,"PTPN13"
"CBX1",3.2e-22,0.226,0.86,0.835,5.96e-18,"CBX1"
"DDB2",3.35e-22,0.406,0.253,0.193,6.23e-18,"DDB2"
"HDLBP",3.35e-22,0.266,0.697,0.667,6.23e-18,"HDLBP"
"NAB2",3.5e-22,0.52,0.317,0.255,6.52e-18,"NAB2"
"GDI1",3.75e-22,0.258,0.756,0.721,6.98e-18,"GDI1"
"MCRIP1",3.78e-22,0.296,0.668,0.624,7.04e-18,"MCRIP1"
"ANK3",3.85e-22,-0.752,0.245,0.305,7.17e-18,"ANK3"
"TBC1D5",3.9e-22,0.254,0.896,0.873,7.25e-18,"TBC1D5"
"KIF2A",4.07e-22,0.244,0.948,0.936,7.57e-18,"KIF2A"
"DGUOK",4.15e-22,0.218,0.773,0.749,7.73e-18,"DGUOK"
"AKT1",4.36e-22,0.405,0.481,0.418,8.11e-18,"AKT1"
"PSRC1",4.48e-22,0.419,0.373,0.306,8.33e-18,"PSRC1"
"IGBP1",4.55e-22,0.297,0.621,0.568,8.47e-18,"IGBP1"
"RPS6",4.61e-22,0.135,0.988,0.984,8.58e-18,"RPS6"
"ECHS1",4.79e-22,0.325,0.576,0.525,8.91e-18,"ECHS1"
"CYSTM1",4.82e-22,0.418,0.606,0.565,8.97e-18,"CYSTM1"
"CSRNP3",5.2e-22,0.442,0.804,0.764,9.68e-18,"CSRNP3"
"ARHGEF7",5.23e-22,0.308,0.817,0.777,9.74e-18,"ARHGEF7"
"B3GALT1",5.27e-22,0.594,0.615,0.567,9.82e-18,"B3GALT1"
"ITPA",5.45e-22,0.37,0.456,0.391,1.02e-17,"ITPA"
"CMBL",5.54e-22,0.376,0.4,0.336,1.03e-17,"CMBL"
"IWS1",6.16e-22,0.297,0.614,0.565,1.15e-17,"IWS1"
"MCL1",6.35e-22,0.236,0.655,0.604,1.18e-17,"MCL1"
"SHTN1",6.44e-22,-0.194,0.519,0.584,1.2e-17,"SHTN1"
"ETHE1",6.65e-22,0.407,0.382,0.314,1.24e-17,"ETHE1"
"NDUFA7",6.68e-22,0.399,0.421,0.356,1.24e-17,"NDUFA7"
"GTF2H5",6.69e-22,0.292,0.674,0.641,1.25e-17,"GTF2H5"
"CLPTM1L",6.76e-22,0.4,0.438,0.377,1.26e-17,"CLPTM1L"
"LYPD1",6.92e-22,0.968,0.227,0.173,1.29e-17,"LYPD1"
"UROS",6.98e-22,0.327,0.46,0.398,1.3e-17,"UROS"
"DYNC2H1",7e-22,0.64,0.641,0.6,1.3e-17,"DYNC2H1"
"TCF7L1",7.02e-22,0.459,0.473,0.415,1.31e-17,"TCF7L1"
"KMT2E",7.38e-22,0.195,0.963,0.96,1.37e-17,"KMT2E"
"TTC3",7.63e-22,0.154,0.995,0.996,1.42e-17,"TTC3"
"GLG1",8.1e-22,0.152,0.873,0.845,1.51e-17,"GLG1"
"SLC25A5",8.19e-22,0.197,0.836,0.796,1.52e-17,"SLC25A5"
"CDC37",8.55e-22,0.335,0.522,0.466,1.59e-17,"CDC37"
"TPP1",9.07e-22,0.437,0.3,0.238,1.69e-17,"TPP1"
"ARSB",9.92e-22,0.428,0.398,0.332,1.85e-17,"ARSB"
"CYB5R3",9.94e-22,0.33,0.517,0.457,1.85e-17,"CYB5R3"
"DDA1",9.94e-22,0.382,0.453,0.391,1.85e-17,"DDA1"
"BROX",1.01e-21,0.334,0.52,0.455,1.88e-17,"BROX"
"LRP12",1.02e-21,0.308,0.559,0.497,1.9e-17,"LRP12"
"NR3C1",1.04e-21,0.504,0.488,0.43,1.93e-17,"NR3C1"
"SYTL5",1.19e-21,1.143,0.085,0.049,2.22e-17,"SYTL5"
"SLC35D2",1.19e-21,0.476,0.254,0.195,2.22e-17,"SLC35D2"
"DIRAS3",1.25e-21,2.028,0.057,0.027,2.33e-17,"DIRAS3"
"PDZRN3",1.25e-21,-0.458,0.762,0.815,2.33e-17,"PDZRN3"
"CWC15",1.27e-21,0.232,0.74,0.709,2.37e-17,"CWC15"
"CTNNA3",1.3e-21,-0.657,0.183,0.24,2.42e-17,"CTNNA3"
"RNASEH2C",1.31e-21,0.356,0.434,0.373,2.43e-17,"RNASEH2C"
"CHST1",1.32e-21,-0.895,0.038,0.072,2.46e-17,"CHST1"
"C1QL1",1.33e-21,0.873,0.235,0.18,2.47e-17,"C1QL1"
"ATP6V1E1",1.33e-21,0.365,0.48,0.419,2.48e-17,"ATP6V1E1"
"LRBA",1.34e-21,0.225,0.766,0.726,2.49e-17,"LRBA"
"SCOC",1.37e-21,0.295,0.652,0.603,2.56e-17,"SCOC"
"IL1RAP",1.38e-21,0.76,0.113,0.071,2.56e-17,"IL1RAP"
"GOT2",1.52e-21,0.459,0.327,0.264,2.84e-17,"GOT2"
"STAMBP",1.53e-21,0.333,0.495,0.433,2.84e-17,"STAMBP"
"POLR2E",1.54e-21,0.368,0.523,0.465,2.86e-17,"POLR2E"
"EXT1",1.54e-21,0.252,0.785,0.743,2.86e-17,"EXT1"
"DAZAP2",1.55e-21,0.316,0.581,0.53,2.88e-17,"DAZAP2"
"CCT5",1.59e-21,0.241,0.739,0.709,2.95e-17,"CCT5"
"MRPS18C",1.6e-21,0.33,0.568,0.515,2.98e-17,"MRPS18C"
"METRNL",1.79e-21,0.569,0.218,0.162,3.34e-17,"METRNL"
"CAMLG",1.83e-21,0.204,0.82,0.792,3.41e-17,"CAMLG"
"RABGGTB",1.84e-21,0.323,0.469,0.404,3.42e-17,"RABGGTB"
"CD164",1.85e-21,0.331,0.528,0.476,3.44e-17,"CD164"
"PA2G4",1.98e-21,0.282,0.684,0.661,3.69e-17,"PA2G4"
"EIF2A",2.01e-21,0.28,0.605,0.55,3.74e-17,"EIF2A"
"ATP2B2",2.04e-21,-0.474,0.14,0.194,3.79e-17,"ATP2B2"
"CDYL",2.04e-21,0.331,0.594,0.548,3.79e-17,"CDYL"
"UBAP2L",2.06e-21,0.311,0.602,0.556,3.83e-17,"UBAP2L"
"AR",2.11e-21,0.389,0.468,0.406,3.92e-17,"AR"
"ADAMTS5",2.12e-21,1.089,0.095,0.057,3.95e-17,"ADAMTS5"
"UBE2B",2.19e-21,0.237,0.843,0.822,4.08e-17,"UBE2B"
"NPDC1",2.21e-21,0.322,0.594,0.544,4.12e-17,"NPDC1"
"TMEM170A",2.26e-21,0.278,0.548,0.489,4.21e-17,"TMEM170A"
"ACP1",2.36e-21,0.255,0.646,0.602,4.4e-17,"ACP1"
"NTPCR",2.42e-21,0.403,0.425,0.364,4.51e-17,"NTPCR"
"HDAC8",2.59e-21,0.238,0.794,0.76,4.82e-17,"HDAC8"
"ACIN1",2.66e-21,0.243,0.712,0.678,4.95e-17,"ACIN1"
"CPNE1",2.67e-21,0.326,0.525,0.466,4.97e-17,"CPNE1"
"SYCE1L",2.9e-21,0.842,0.102,0.062,5.41e-17,"SYCE1L"
"ERC2",2.96e-21,-0.788,0.147,0.198,5.5e-17,"ERC2"
"CMTM3",2.96e-21,0.442,0.292,0.231,5.51e-17,"CMTM3"
"DPH3",3.02e-21,0.432,0.367,0.303,5.62e-17,"DPH3"
"MPLKIP",3.19e-21,0.296,0.651,0.603,5.94e-17,"MPLKIP"
"GRN",3.35e-21,0.483,0.305,0.244,6.24e-17,"GRN"
"AKIRIN2",3.42e-21,0.268,0.703,0.664,6.36e-17,"AKIRIN2"
"GADD45GIP1",3.59e-21,0.246,0.677,0.646,6.69e-17,"GADD45GIP1"
"BOC",3.65e-21,0.495,0.298,0.24,6.79e-17,"BOC"
"SHISA5",3.74e-21,0.394,0.406,0.341,6.95e-17,"SHISA5"
"DST",3.75e-21,0.201,0.975,0.974,6.99e-17,"DST"
"HNRNPD",3.82e-21,0.199,0.945,0.943,7.12e-17,"HNRNPD"
"NF1",4.18e-21,0.204,0.947,0.936,7.78e-17,"NF1"
"ZNF326",4.24e-21,0.24,0.739,0.704,7.89e-17,"ZNF326"
"CYCS",4.42e-21,0.253,0.697,0.668,8.24e-17,"CYCS"
"LEPROT",4.45e-21,0.27,0.662,0.61,8.28e-17,"LEPROT"
"HIF3A",4.68e-21,-0.587,0.082,0.127,8.71e-17,"HIF3A"
"SNAPIN",4.83e-21,0.336,0.519,0.461,8.99e-17,"SNAPIN"
"NDUFS8",4.97e-21,0.27,0.645,0.601,9.25e-17,"NDUFS8"
"ITPR2",5.1e-21,0.571,0.447,0.391,9.5e-17,"ITPR2"
"THRAP3",5.22e-21,0.195,0.853,0.848,9.72e-17,"THRAP3"
"CAPS2",5.22e-21,0.635,0.316,0.258,9.72e-17,"CAPS2"
"TMEM106B",5.27e-21,0.327,0.546,0.485,9.81e-17,"TMEM106B"
"CCDC106",5.35e-21,0.488,0.227,0.171,9.96e-17,"CCDC106"
"PLEKHJ1",5.41e-21,0.332,0.453,0.387,1.01e-16,"PLEKHJ1"
"SNRPC",5.65e-21,0.261,0.723,0.699,1.05e-16,"SNRPC"
"TAX1BP1",5.75e-21,0.184,0.873,0.853,1.07e-16,"TAX1BP1"
"DHX40",6.05e-21,0.318,0.577,0.523,1.13e-16,"DHX40"
"NDRG2",6.42e-21,-0.568,0.304,0.364,1.2e-16,"NDRG2"
"WTIP",6.64e-21,0.561,0.145,0.098,1.24e-16,"WTIP"
"ENO4",6.68e-21,-0.427,0.238,0.298,1.24e-16,"ENO4"
"KIF26B",6.74e-21,0.5,0.458,0.4,1.25e-16,"KIF26B"
"TLK1",6.76e-21,0.213,0.8,0.775,1.26e-16,"TLK1"
"RAB5IF",6.8e-21,0.308,0.578,0.527,1.26e-16,"RAB5IF"
"FAM89B",6.96e-21,0.312,0.614,0.559,1.29e-16,"FAM89B"
"PRRG1",7.1e-21,0.707,0.114,0.072,1.32e-16,"PRRG1"
"EIF3M",7.44e-21,0.209,0.765,0.736,1.38e-16,"EIF3M"
"RHEB",7.72e-21,0.201,0.787,0.772,1.44e-16,"RHEB"
"WNK1",7.8e-21,0.213,0.887,0.87,1.45e-16,"WNK1"
"STARD3NL",7.82e-21,0.256,0.687,0.65,1.45e-16,"STARD3NL"
"IP6K2",7.83e-21,0.209,0.786,0.749,1.46e-16,"IP6K2"
"TPM1",8.53e-21,0.338,0.576,0.519,1.59e-16,"TPM1"
"HSD17B10",8.9e-21,0.297,0.589,0.537,1.66e-16,"HSD17B10"
"ZKSCAN1",9.1e-21,0.232,0.778,0.754,1.69e-16,"ZKSCAN1"
"TPD52L1",9.16e-21,0.862,0.139,0.095,1.71e-16,"TPD52L1"
"SVBP",9.52e-21,0.28,0.732,0.686,1.77e-16,"SVBP"
"PCBD1",9.6e-21,0.401,0.425,0.367,1.79e-16,"PCBD1"
"OPCML",1.02e-20,0.424,0.274,0.215,1.9e-16,"OPCML"
"MRC2",1.05e-20,0.322,0.455,0.39,1.96e-16,"MRC2"
"UFC1",1.06e-20,0.294,0.626,0.584,1.97e-16,"UFC1"
"CSTF3",1.06e-20,0.218,0.703,0.665,1.98e-16,"CSTF3"
"INAFM1",1.08e-20,0.516,0.223,0.168,2.02e-16,"INAFM1"
"PIGBOS1",1.1e-20,0.486,0.28,0.222,2.04e-16,"PIGBOS1"
"ATP2B1",1.11e-20,0.546,0.505,0.452,2.07e-16,"ATP2B1"
"ACAA2",1.21e-20,0.384,0.429,0.367,2.26e-16,"ACAA2"
"FAM136A",1.21e-20,0.344,0.515,0.465,2.26e-16,"FAM136A"
"ARNTL",1.29e-20,0.443,0.339,0.281,2.4e-16,"ARNTL"
"ST3GAL5",1.3e-20,0.54,0.293,0.234,2.42e-16,"ST3GAL5"
"GLIPR2",1.33e-20,0.367,0.424,0.36,2.48e-16,"GLIPR2"
"CITED1",1.35e-20,0.361,0.326,0.263,2.51e-16,"CITED1"
"TXNL1",1.39e-20,0.174,0.813,0.789,2.59e-16,"TXNL1"
"SLC38A7",1.4e-20,0.597,0.167,0.118,2.6e-16,"SLC38A7"
"PTPRZ1",1.43e-20,0.383,0.716,0.684,2.67e-16,"PTPRZ1"
"COMMD10",1.43e-20,0.254,0.664,0.611,2.67e-16,"COMMD10"
"SSRP1",1.57e-20,0.301,0.603,0.553,2.93e-16,"SSRP1"
"PPP1R1C",1.72e-20,1.006,0.1,0.062,3.19e-16,"PPP1R1C"
"KMT2C",1.78e-20,0.18,0.968,0.966,3.32e-16,"KMT2C"
"RER1",1.87e-20,0.272,0.575,0.522,3.49e-16,"RER1"
"GPC4",1.92e-20,0.494,0.368,0.308,3.58e-16,"GPC4"
"SARS1",1.98e-20,0.254,0.643,0.588,3.68e-16,"SARS1"
"PRR13",1.99e-20,0.415,0.343,0.281,3.71e-16,"PRR13"
"RNF145",2.09e-20,0.268,0.627,0.582,3.89e-16,"RNF145"
"USP47",2.17e-20,0.184,0.912,0.892,4.05e-16,"USP47"
"BASP1",2.22e-20,-0.204,0.944,0.957,4.13e-16,"BASP1"
"ZSWIM5",2.23e-20,0.46,0.796,0.757,4.14e-16,"ZSWIM5"
"LEPROTL1",2.24e-20,0.279,0.618,0.565,4.17e-16,"LEPROTL1"
"TMEM208",2.37e-20,0.333,0.426,0.364,4.42e-16,"TMEM208"
"PDCL3",2.4e-20,0.37,0.49,0.433,4.47e-16,"PDCL3"
"RBBP4",2.48e-20,0.198,0.84,0.826,4.62e-16,"RBBP4"
"TM2D2",2.57e-20,0.383,0.35,0.286,4.78e-16,"TM2D2"
"ZMYM2",2.58e-20,0.213,0.869,0.85,4.8e-16,"ZMYM2"
"SVEP1",2.76e-20,-1.166,0.028,0.057,5.13e-16,"SVEP1"
"TRAF3IP2",2.76e-20,0.405,0.43,0.369,5.13e-16,"TRAF3IP2"
"TMEM126B",2.77e-20,0.375,0.428,0.367,5.16e-16,"TMEM126B"
"PHF23",2.8e-20,0.399,0.349,0.288,5.22e-16,"PHF23"
"CD2BP2",2.94e-20,0.366,0.41,0.349,5.46e-16,"CD2BP2"
"IFI27L1",2.97e-20,0.358,0.447,0.386,5.53e-16,"IFI27L1"
"ADM",3.03e-20,-1.837,0.024,0.05,5.63e-16,"ADM"
"DHX30",3.08e-20,0.294,0.587,0.53,5.74e-16,"DHX30"
"CRABP1",3.15e-20,0.394,0.256,0.2,5.87e-16,"CRABP1"
"NUDT16L1",3.38e-20,0.355,0.4,0.337,6.29e-16,"NUDT16L1"
"ZMYM4",3.39e-20,0.173,0.878,0.859,6.31e-16,"ZMYM4"
"PTPN11",3.4e-20,0.241,0.678,0.633,6.33e-16,"PTPN11"
"MRPS23",3.4e-20,0.351,0.508,0.456,6.34e-16,"MRPS23"
"SAR1B",3.53e-20,0.261,0.606,0.552,6.58e-16,"SAR1B"
"SCRG1",3.63e-20,0.324,0.648,0.597,6.76e-16,"SCRG1"
"KLHL5",4.07e-20,0.291,0.602,0.548,7.58e-16,"KLHL5"
"PRPF31",4.07e-20,0.317,0.539,0.482,7.58e-16,"PRPF31"
"DLG1",4.2e-20,0.228,0.788,0.767,7.82e-16,"DLG1"
"NIPBL",4.4e-20,0.185,0.93,0.913,8.18e-16,"NIPBL"
"SKIL",4.54e-20,0.352,0.522,0.469,8.45e-16,"SKIL"
"TMEM123",4.63e-20,0.314,0.955,0.933,8.62e-16,"TMEM123"
"NPM3",4.64e-20,0.447,0.248,0.19,8.64e-16,"NPM3"
"DHX32",4.68e-20,0.302,0.462,0.4,8.72e-16,"DHX32"
"ADAM32",4.69e-20,0.463,0.218,0.163,8.72e-16,"ADAM32"
"PDE4B",5.19e-20,0.573,0.57,0.526,9.66e-16,"PDE4B"
"THOC7",5.33e-20,0.305,0.57,0.524,9.92e-16,"THOC7"
"RNPS1",6.1e-20,0.241,0.688,0.652,1.14e-15,"RNPS1"
"FRMD5",6.16e-20,0.335,0.657,0.594,1.15e-15,"FRMD5"
"JARID2",6.25e-20,0.296,0.688,0.638,1.16e-15,"JARID2"
"SMARCC2",6.4e-20,0.243,0.796,0.77,1.19e-15,"SMARCC2"
"CDC42SE1",6.42e-20,0.31,0.57,0.511,1.2e-15,"CDC42SE1"
"ECI1",6.52e-20,0.294,0.573,0.52,1.21e-15,"ECI1"
"PDIA4",6.66e-20,0.444,0.454,0.406,1.24e-15,"PDIA4"
"BICD1",6.71e-20,0.295,0.935,0.933,1.25e-15,"BICD1"
"DTX1",7.01e-20,-0.351,0.169,0.224,1.31e-15,"DTX1"
"BIRC6",7.35e-20,0.175,0.932,0.925,1.37e-15,"BIRC6"
"TRAF7",7.51e-20,0.437,0.284,0.225,1.4e-15,"TRAF7"
"PGRMC1",7.82e-20,0.223,0.746,0.716,1.46e-15,"PGRMC1"
"MXD4",7.89e-20,0.328,0.553,0.496,1.47e-15,"MXD4"
"MRPL32",7.92e-20,0.327,0.503,0.441,1.47e-15,"MRPL32"
"ERP29",7.93e-20,0.291,0.659,0.624,1.48e-15,"ERP29"
"FOXN2",8.07e-20,0.336,0.552,0.5,1.5e-15,"FOXN2"
"EIF4H",8.77e-20,0.274,0.62,0.572,1.63e-15,"EIF4H"
"ZFP91",9.24e-20,0.268,0.628,0.58,1.72e-15,"ZFP91"
"GSPT2",9.33e-20,0.371,0.424,0.362,1.74e-15,"GSPT2"
"SND1",9.35e-20,0.257,0.673,0.64,1.74e-15,"SND1"
"PDLIM1",9.41e-20,0.95,0.091,0.055,1.75e-15,"PDLIM1"
"RIT1",9.46e-20,0.327,0.543,0.492,1.76e-15,"RIT1"
"SMIM11",9.67e-20,0.343,0.414,0.352,1.8e-15,"SMIM11"
"COMMD3",9.84e-20,0.32,0.573,0.518,1.83e-15,"COMMD3"
"CMC1",9.87e-20,0.285,0.54,0.482,1.84e-15,"CMC1"
"DDX39B",9.93e-20,0.18,0.851,0.839,1.85e-15,"DDX39B"
"EMC3",1e-19,0.262,0.584,0.532,1.87e-15,"EMC3"
"GABRA3",1.03e-19,-0.545,0.072,0.112,1.92e-15,"GABRA3"
"SIL1",1.12e-19,0.265,0.57,0.514,2.08e-15,"SIL1"
"CSNK1E",1.17e-19,0.299,0.745,0.701,2.17e-15,"CSNK1E"
"SATB1",1.2e-19,0.503,0.338,0.279,2.23e-15,"SATB1"
"MCPH1",1.2e-19,0.309,0.668,0.617,2.23e-15,"MCPH1"
"STK24",1.27e-19,0.273,0.581,0.527,2.36e-15,"STK24"
"UBE2G1",1.27e-19,0.239,0.715,0.676,2.36e-15,"UBE2G1"
"RSRC2",1.27e-19,0.183,0.85,0.838,2.37e-15,"RSRC2"
"NFE2L2",1.28e-19,0.223,0.674,0.631,2.38e-15,"NFE2L2"
"RPE65",1.29e-19,0.65,0.245,0.192,2.39e-15,"RPE65"
"SYBU",1.37e-19,0.556,0.269,0.213,2.54e-15,"SYBU"
"EAPP",1.41e-19,0.258,0.647,0.601,2.63e-15,"EAPP"
"SOX11",1.41e-19,0.309,0.951,0.923,2.63e-15,"SOX11"
"GALNT2",1.51e-19,0.285,0.589,0.536,2.82e-15,"GALNT2"
"AAK1",1.69e-19,0.227,0.766,0.734,3.15e-15,"AAK1"
"ITGA2",1.71e-19,0.406,0.232,0.177,3.18e-15,"ITGA2"
"SMARCC1",1.72e-19,0.204,0.931,0.92,3.2e-15,"SMARCC1"
"CXXC4",1.74e-19,0.349,0.477,0.421,3.24e-15,"CXXC4"
"SDK1",1.75e-19,-0.41,0.54,0.602,3.25e-15,"SDK1"
"OXCT1",1.82e-19,0.365,0.417,0.356,3.38e-15,"OXCT1"
"DLD",1.82e-19,0.329,0.489,0.432,3.39e-15,"DLD"
"ARFGEF1",1.82e-19,0.212,0.75,0.717,3.39e-15,"ARFGEF1"
"MSRB2",1.91e-19,0.313,0.518,0.457,3.55e-15,"MSRB2"
"IPO7",1.94e-19,0.255,0.684,0.647,3.6e-15,"IPO7"
"VEZF1",1.96e-19,0.276,0.705,0.672,3.65e-15,"VEZF1"
"EIF4E",2.02e-19,0.215,0.761,0.742,3.76e-15,"EIF4E"
"CLPP",2.07e-19,0.3,0.525,0.468,3.86e-15,"CLPP"
"GTPBP6",2.08e-19,0.406,0.319,0.26,3.86e-15,"GTPBP6"
"RNF165",2.1e-19,-0.5,0.234,0.29,3.91e-15,"RNF165"
"EIF4G1",2.37e-19,0.338,0.508,0.458,4.42e-15,"EIF4G1"
"PHACTR3",2.4e-19,-0.222,0.166,0.226,4.46e-15,"PHACTR3"
"REEP1",2.4e-19,-0.302,0.28,0.345,4.46e-15,"REEP1"
"RSF1",2.5e-19,0.173,0.953,0.95,4.65e-15,"RSF1"
"ZFR",2.62e-19,0.179,0.858,0.852,4.88e-15,"ZFR"
"NIPSNAP2",2.68e-19,0.23,0.723,0.68,5e-15,"NIPSNAP2"
"RAB3GAP2",2.69e-19,0.273,0.686,0.649,5e-15,"RAB3GAP2"
"DIP2B",2.71e-19,0.266,0.872,0.852,5.04e-15,"DIP2B"
"DNM3",2.83e-19,0.454,0.503,0.448,5.26e-15,"DNM3"
"CNTNAP2",2.86e-19,0.143,0.138,0.095,5.33e-15,"CNTNAP2"
"LY6H",2.87e-19,-0.418,0.238,0.299,5.34e-15,"LY6H"
"TIAM1",2.92e-19,0.657,0.579,0.546,5.43e-15,"TIAM1"
"ARPP21",2.98e-19,0.603,0.147,0.102,5.55e-15,"ARPP21"
"PHTF1",3.02e-19,0.296,0.579,0.531,5.63e-15,"PHTF1"
"UBE2F",3.03e-19,0.363,0.474,0.414,5.64e-15,"UBE2F"
"SPG21",3.21e-19,0.308,0.531,0.476,5.97e-15,"SPG21"
"TANK",3.24e-19,0.317,0.604,0.556,6.02e-15,"TANK"
"PXMP2",3.27e-19,0.333,0.468,0.41,6.08e-15,"PXMP2"
"TSPAN5",3.41e-19,0.235,0.844,0.827,6.34e-15,"TSPAN5"
"PPFIA2",3.52e-19,-0.22,0.449,0.518,6.55e-15,"PPFIA2"
"DCTN1",3.7e-19,0.361,0.444,0.384,6.9e-15,"DCTN1"
"ATP6AP2",3.76e-19,0.212,0.846,0.826,6.99e-15,"ATP6AP2"
"LIMS1",3.86e-19,0.21,0.697,0.648,7.18e-15,"LIMS1"
"ALK",3.99e-19,1.077,0.097,0.06,7.42e-15,"ALK"
"SNRPB",4.15e-19,0.267,0.677,0.646,7.73e-15,"SNRPB"
"FLRT3",4.21e-19,1.045,0.103,0.065,7.83e-15,"FLRT3"
"EIF4E2",4.46e-19,0.301,0.538,0.483,8.31e-15,"EIF4E2"
"AMPD3",4.91e-19,-1.818,0.011,0.03,9.13e-15,"AMPD3"
"HEXB",5e-19,0.388,0.283,0.225,9.3e-15,"HEXB"
"ETV6",5.3e-19,0.328,0.638,0.596,9.86e-15,"ETV6"
"NDUFB9",5.45e-19,0.215,0.759,0.724,1.01e-14,"NDUFB9"
"PDCD4",5.49e-19,0.333,0.534,0.481,1.02e-14,"PDCD4"
"DYNC1I1",5.52e-19,-0.562,0.152,0.203,1.03e-14,"DYNC1I1"
"KIZ",5.55e-19,0.49,0.37,0.311,1.03e-14,"KIZ"
"NEK7",5.62e-19,0.361,0.483,0.424,1.05e-14,"NEK7"
"ELAVL1",5.71e-19,0.248,0.672,0.633,1.06e-14,"ELAVL1"
"SCG2",5.88e-19,0.471,0.276,0.219,1.09e-14,"SCG2"
"ERG28",5.9e-19,0.354,0.523,0.472,1.1e-14,"ERG28"
"ZNF580",5.96e-19,0.356,0.46,0.403,1.11e-14,"ZNF580"
"AGTRAP",5.96e-19,0.496,0.22,0.169,1.11e-14,"AGTRAP"
"IRX1",6.03e-19,1.89,0.025,0.007,1.12e-14,"IRX1"
"HACD1",6.06e-19,0.638,0.124,0.083,1.13e-14,"HACD1"
"GATD3",6.09e-19,0.428,0.26,0.204,1.13e-14,"GATD3"
"ARGLU1",6.1e-19,0.143,0.877,0.869,1.14e-14,"ARGLU1"
"ARCN1",6.11e-19,0.331,0.53,0.479,1.14e-14,"ARCN1"
"MGST3",6.2e-19,0.176,0.912,0.905,1.15e-14,"MGST3"
"PCM1",6.21e-19,0.163,0.921,0.913,1.16e-14,"PCM1"
"TTC28",6.4e-19,0.157,0.977,0.973,1.19e-14,"TTC28"
"TMEM33",6.6e-19,0.338,0.567,0.514,1.23e-14,"TMEM33"
"NSG1",6.63e-19,-0.422,0.171,0.224,1.23e-14,"NSG1"
"MRPL50",6.82e-19,0.354,0.443,0.386,1.27e-14,"MRPL50"
"UQCC2",6.86e-19,0.291,0.587,0.544,1.28e-14,"UQCC2"
"TMED2",6.99e-19,0.281,0.654,0.618,1.3e-14,"TMED2"
"NRIP1",7.19e-19,0.301,0.676,0.633,1.34e-14,"NRIP1"
"CUL3",7.23e-19,0.17,0.885,0.871,1.35e-14,"CUL3"
"HP1BP3",7.29e-19,0.15,0.937,0.928,1.36e-14,"HP1BP3"
"ZBTB33",7.32e-19,0.429,0.318,0.26,1.36e-14,"ZBTB33"
"TCIM",7.53e-19,-0.734,0.095,0.138,1.4e-14,"TCIM"
"SKA2",7.6e-19,0.209,0.77,0.735,1.41e-14,"SKA2"
"PALLD",7.8e-19,0.299,0.835,0.825,1.45e-14,"PALLD"
"CCNI",7.93e-19,0.177,0.988,0.985,1.48e-14,"CCNI"
"CCDC85B",8.12e-19,0.357,0.465,0.409,1.51e-14,"CCDC85B"
"CYRIB",8.22e-19,0.215,0.761,0.712,1.53e-14,"CYRIB"
"MAP2K5",8.4e-19,0.279,0.674,0.635,1.56e-14,"MAP2K5"
"FNDC3B",8.54e-19,0.348,0.582,0.538,1.59e-14,"FNDC3B"
"SCAMP2",8.92e-19,0.354,0.353,0.294,1.66e-14,"SCAMP2"
"S100A11",9.02e-19,0.974,0.06,0.032,1.68e-14,"S100A11"
"MTCH2",9.07e-19,0.252,0.666,0.624,1.69e-14,"MTCH2"
"VKORC1",9.19e-19,0.267,0.527,0.474,1.71e-14,"VKORC1"
"NSMCE2",9.28e-19,0.218,0.752,0.709,1.73e-14,"NSMCE2"
"ZNHIT3",9.32e-19,0.262,0.609,0.566,1.74e-14,"ZNHIT3"
"VPS13A",9.48e-19,0.334,0.469,0.411,1.77e-14,"VPS13A"
"RTF1",9.67e-19,0.173,0.854,0.832,1.8e-14,"RTF1"
"C20orf27",9.86e-19,0.414,0.317,0.26,1.83e-14,"C20orf27"
"MEIS3",1.05e-18,0.265,0.627,0.581,1.95e-14,"MEIS3"
"WIPI1",1.06e-18,0.493,0.153,0.108,1.98e-14,"WIPI1"
"SDF2L1",1.09e-18,0.416,0.327,0.27,2.02e-14,"SDF2L1"
"SLC16A9",1.09e-18,0.521,0.308,0.252,2.03e-14,"SLC16A9"
"ATP6V0D1",1.13e-18,0.302,0.508,0.451,2.1e-14,"ATP6V0D1"
"MEGF11",1.13e-18,0.667,0.146,0.103,2.11e-14,"MEGF11"
"DGKH",1.17e-18,0.386,0.397,0.339,2.17e-14,"DGKH"
"NCBP2AS2",1.17e-18,0.388,0.374,0.317,2.18e-14,"NCBP2AS2"
"MAP1B",1.22e-18,0.187,0.99,0.987,2.27e-14,"MAP1B"
"ASAH1",1.23e-18,0.229,0.541,0.486,2.29e-14,"ASAH1"
"MRPL36",1.27e-18,0.302,0.511,0.456,2.36e-14,"MRPL36"
"MRPL23",1.28e-18,0.517,0.2,0.15,2.39e-14,"MRPL23"
"CXCR4",1.28e-18,-0.262,0.512,0.577,2.39e-14,"CXCR4"
"ABCB5",1.31e-18,-1.4,0.012,0.031,2.44e-14,"ABCB5"
"FKBP1B",1.32e-18,0.474,0.261,0.206,2.45e-14,"FKBP1B"
"LANCL1",1.32e-18,0.377,0.608,0.556,2.45e-14,"LANCL1"
"CIAPIN1",1.32e-18,0.365,0.42,0.361,2.46e-14,"CIAPIN1"
"SPATC1L",1.35e-18,0.426,0.278,0.221,2.52e-14,"SPATC1L"
"SMIM4",1.37e-18,0.293,0.45,0.385,2.54e-14,"SMIM4"
"NCKAP1",1.39e-18,0.182,0.82,0.805,2.58e-14,"NCKAP1"
"CHM",1.4e-18,0.293,0.569,0.516,2.61e-14,"CHM"
"CAPZA2",1.4e-18,0.177,0.846,0.832,2.61e-14,"CAPZA2"
"P4HB",1.41e-18,0.308,0.476,0.423,2.62e-14,"P4HB"
"SREK1IP1",1.48e-18,0.297,0.585,0.531,2.76e-14,"SREK1IP1"
"SDF4",1.49e-18,0.392,0.425,0.369,2.77e-14,"SDF4"
"SMARCAD1",1.5e-18,0.252,0.766,0.736,2.78e-14,"SMARCAD1"
"FASTKD1",1.51e-18,0.385,0.39,0.33,2.8e-14,"FASTKD1"
"TRIO",1.53e-18,0.184,0.958,0.954,2.86e-14,"TRIO"
"RASD2",1.55e-18,1.28,0.057,0.03,2.89e-14,"RASD2"
"THSD1",1.57e-18,0.593,0.193,0.144,2.92e-14,"THSD1"
"PPP1R11",1.67e-18,0.331,0.429,0.369,3.11e-14,"PPP1R11"
"STRADB",1.69e-18,0.316,0.427,0.369,3.15e-14,"STRADB"
"FLOT1",1.76e-18,0.298,0.607,0.564,3.28e-14,"FLOT1"
"SPTSSA",1.79e-18,0.317,0.499,0.445,3.33e-14,"SPTSSA"
"EDIL3",1.93e-18,0.617,0.216,0.166,3.59e-14,"EDIL3"
"EIF2S2",1.96e-18,0.227,0.762,0.742,3.65e-14,"EIF2S2"
"SNRNP70",2.13e-18,0.201,0.732,0.707,3.97e-14,"SNRNP70"
"TANC2",2.36e-18,0.178,0.932,0.929,4.39e-14,"TANC2"
"FBXL17",2.41e-18,0.205,0.815,0.781,4.48e-14,"FBXL17"
"EIF3G",2.48e-18,0.28,0.637,0.596,4.61e-14,"EIF3G"
"PPP1R7",2.53e-18,0.295,0.545,0.495,4.71e-14,"PPP1R7"
"CPPED1",2.55e-18,0.507,0.166,0.119,4.74e-14,"CPPED1"
"TPRKB",2.6e-18,0.3,0.557,0.501,4.83e-14,"TPRKB"
"MRPS11",2.61e-18,0.347,0.437,0.381,4.86e-14,"MRPS11"
"NEPRO",2.72e-18,0.311,0.466,0.407,5.07e-14,"NEPRO"
"MRPS14",2.76e-18,0.313,0.462,0.404,5.14e-14,"MRPS14"
"TRAF4",2.85e-18,0.438,0.315,0.258,5.31e-14,"TRAF4"
"CMPK1",2.98e-18,0.199,0.779,0.756,5.56e-14,"CMPK1"
"TIAL1",3.14e-18,0.234,0.703,0.665,5.85e-14,"TIAL1"
"COMMD5",3.17e-18,0.401,0.334,0.279,5.9e-14,"COMMD5"
"CALM3",3.17e-18,0.175,0.867,0.841,5.9e-14,"CALM3"
"TUBB6",3.24e-18,0.279,0.322,0.26,6.04e-14,"TUBB6"
"TMX3",3.26e-18,0.33,0.513,0.459,6.07e-14,"TMX3"
"PLEKHG1",3.3e-18,0.418,0.456,0.402,6.14e-14,"PLEKHG1"
"GRB2",3.31e-18,0.229,0.799,0.765,6.16e-14,"GRB2"
"PSMC3",3.33e-18,0.294,0.619,0.581,6.2e-14,"PSMC3"
"TP53",3.39e-18,0.375,0.395,0.339,6.31e-14,"TP53"
"TFG",3.47e-18,0.255,0.672,0.64,6.46e-14,"TFG"
"MPDZ",3.6e-18,0.196,0.776,0.753,6.7e-14,"MPDZ"
"SMARCA1",3.61e-18,0.275,0.622,0.578,6.71e-14,"SMARCA1"
"TTYH3",3.77e-18,0.298,0.604,0.563,7.02e-14,"TTYH3"
"SSBP4",3.78e-18,0.306,0.472,0.413,7.04e-14,"SSBP4"
"BAG6",3.84e-18,0.329,0.443,0.382,7.14e-14,"BAG6"
"ARL6IP5",3.85e-18,0.233,0.696,0.658,7.16e-14,"ARL6IP5"
"RPS6KA5",3.88e-18,-0.275,0.341,0.401,7.23e-14,"RPS6KA5"
"ITGB5",3.92e-18,0.553,0.223,0.172,7.3e-14,"ITGB5"
"KCNQ2",3.97e-18,0.42,0.51,0.467,7.39e-14,"KCNQ2"
"CHCHD5",3.98e-18,0.408,0.316,0.26,7.41e-14,"CHCHD5"
"ADGRA1",4.09e-18,0.935,0.064,0.035,7.62e-14,"ADGRA1"
"PHLDA2",4.12e-18,1.094,0.037,0.015,7.67e-14,"PHLDA2"
"CKLF",4.14e-18,0.429,0.392,0.338,7.71e-14,"CKLF"
"SLC35A4",4.16e-18,0.581,0.168,0.123,7.75e-14,"SLC35A4"
"SRA1",4.21e-18,0.326,0.523,0.472,7.84e-14,"SRA1"
"PRAF2",4.23e-18,0.434,0.311,0.254,7.87e-14,"PRAF2"
"NACC2",4.39e-18,0.398,0.352,0.295,8.17e-14,"NACC2"
"FAT3",4.77e-18,0.332,0.315,0.258,8.88e-14,"FAT3"
"EMP3",4.93e-18,0.416,0.374,0.315,9.17e-14,"EMP3"
"PDCD2",5.1e-18,0.281,0.484,0.428,9.48e-14,"PDCD2"
"ARPC5L",5.11e-18,0.303,0.514,0.461,9.51e-14,"ARPC5L"
"RNF167",5.28e-18,0.312,0.427,0.367,9.82e-14,"RNF167"
"SYNC",5.31e-18,0.346,0.484,0.428,9.88e-14,"SYNC"
"WDR18",5.35e-18,0.413,0.364,0.307,9.96e-14,"WDR18"
"CACNA2D3",5.35e-18,-0.838,0.012,0.032,9.96e-14,"CACNA2D3"
"DCTN2",5.51e-18,0.236,0.758,0.73,1.03e-13,"DCTN2"
"MYOF",5.84e-18,0.579,0.111,0.073,1.09e-13,"MYOF"
"MAF1",6.15e-18,0.317,0.522,0.472,1.14e-13,"MAF1"
"GNG3",6.97e-18,0.473,0.332,0.275,1.3e-13,"GNG3"
"PDGFRB",7e-18,-0.659,0.119,0.163,1.3e-13,"PDGFRB"
"ATF6",7.12e-18,0.221,0.667,0.626,1.32e-13,"ATF6"
"NAA38",7.14e-18,0.237,0.639,0.597,1.33e-13,"NAA38"
"SBDS",7.31e-18,0.207,0.639,0.589,1.36e-13,"SBDS"
"CHP1",7.36e-18,0.313,0.431,0.373,1.37e-13,"CHP1"
"SPAG16",7.53e-18,0.28,0.628,0.581,1.4e-13,"SPAG16"
"NRGN",7.82e-18,0.777,0.091,0.056,1.46e-13,"NRGN"
"FAM98B",7.83e-18,0.322,0.471,0.418,1.46e-13,"FAM98B"
"SUCLA2",7.91e-18,0.24,0.658,0.613,1.47e-13,"SUCLA2"
"RNF38",8.03e-18,0.213,0.844,0.818,1.49e-13,"RNF38"
"METRN",8.3e-18,0.213,0.594,0.529,1.55e-13,"METRN"
"DNAJB14",8.32e-18,0.243,0.67,0.63,1.55e-13,"DNAJB14"
"DHX9",8.46e-18,0.166,0.877,0.867,1.57e-13,"DHX9"
"PTCHD1",8.62e-18,0.47,0.298,0.244,1.6e-13,"PTCHD1"
"ATP9B",8.8e-18,0.224,0.715,0.682,1.64e-13,"ATP9B"
"DMAC1",8.82e-18,0.327,0.423,0.365,1.64e-13,"DMAC1"
"STXBP4",8.84e-18,0.308,0.601,0.55,1.65e-13,"STXBP4"
"PI16",8.94e-18,-2.247,0.007,0.023,1.66e-13,"PI16"
"EEPD1",9.03e-18,-0.38,0.414,0.468,1.68e-13,"EEPD1"
"ENDOD1",9.18e-18,0.545,0.157,0.112,1.71e-13,"ENDOD1"
"PTS",9.23e-18,0.267,0.65,0.598,1.72e-13,"PTS"
"HSD17B12",9.34e-18,0.287,0.578,0.534,1.74e-13,"HSD17B12"
"POLR3GL",9.35e-18,0.297,0.535,0.48,1.74e-13,"POLR3GL"
"SERP1",9.79e-18,0.231,0.765,0.747,1.82e-13,"SERP1"
"C16orf87",9.93e-18,0.273,0.67,0.622,1.85e-13,"C16orf87"
"GDAP1",9.95e-18,0.328,0.728,0.678,1.85e-13,"GDAP1"
"RAP2C",1.04e-17,0.341,0.398,0.341,1.94e-13,"RAP2C"
"OSBPL8",1.11e-17,0.192,0.93,0.917,2.06e-13,"OSBPL8"
"ARHGEF9",1.12e-17,0.266,0.685,0.647,2.08e-13,"ARHGEF9"
"SETX",1.13e-17,0.238,0.675,0.632,2.1e-13,"SETX"
"ZSCAN1",1.15e-17,0.45,0.22,0.169,2.15e-13,"ZSCAN1"
"CDC73",1.18e-17,0.211,0.708,0.673,2.2e-13,"CDC73"
"SEC22B",1.19e-17,0.342,0.446,0.388,2.21e-13,"SEC22B"
"CDK5",1.2e-17,0.413,0.256,0.202,2.23e-13,"CDK5"
"ADGRL3",1.24e-17,0.481,0.704,0.671,2.3e-13,"ADGRL3"
"PRSS48",1.24e-17,1.237,0.044,0.021,2.32e-13,"PRSS48"
"PPDPF",1.25e-17,0.244,0.733,0.719,2.32e-13,"PPDPF"
"SPARCL1",1.31e-17,0.212,0.438,0.379,2.44e-13,"SPARCL1"
"MAP3K20",1.35e-17,0.359,0.627,0.574,2.51e-13,"MAP3K20"
"OXR1",1.35e-17,0.348,0.687,0.655,2.52e-13,"OXR1"
"SNRNP27",1.38e-17,0.283,0.556,0.509,2.57e-13,"SNRNP27"
"UVRAG",1.38e-17,0.234,0.716,0.679,2.57e-13,"UVRAG"
"TEX264",1.39e-17,0.346,0.365,0.307,2.58e-13,"TEX264"
"MEA1",1.49e-17,0.338,0.468,0.414,2.78e-13,"MEA1"
"AHCYL2",1.53e-17,0.187,0.761,0.719,2.84e-13,"AHCYL2"
"ADAM10",1.53e-17,0.231,0.743,0.707,2.86e-13,"ADAM10"
"NME2",1.62e-17,0.673,0.116,0.077,3.02e-13,"NME2"
"NHSL1",1.67e-17,0.277,0.766,0.726,3.1e-13,"NHSL1"
"TCEAL8",1.67e-17,0.279,0.608,0.566,3.1e-13,"TCEAL8"
"NFIX",1.68e-17,0.223,0.839,0.815,3.12e-13,"NFIX"
"EFHC1",1.68e-17,0.281,0.465,0.408,3.13e-13,"EFHC1"
"MRPL35",1.69e-17,0.385,0.343,0.285,3.14e-13,"MRPL35"
"RTCB",1.69e-17,0.264,0.525,0.471,3.14e-13,"RTCB"
"SH3KBP1",1.76e-17,0.357,0.425,0.366,3.28e-13,"SH3KBP1"
"HNRNPL",1.8e-17,0.236,0.655,0.621,3.35e-13,"HNRNPL"
"AP2B1",1.84e-17,0.172,0.828,0.822,3.42e-13,"AP2B1"
"SREK1",1.84e-17,0.218,0.691,0.653,3.42e-13,"SREK1"
"SLC10A4",1.84e-17,-0.673,0.109,0.151,3.43e-13,"SLC10A4"
"TSEN34",1.87e-17,0.301,0.632,0.595,3.49e-13,"TSEN34"
"MKLN1",1.94e-17,0.149,0.893,0.879,3.61e-13,"MKLN1"
"CYB5R1",1.99e-17,0.441,0.283,0.229,3.71e-13,"CYB5R1"
"FBXO7",2.01e-17,0.286,0.485,0.431,3.74e-13,"FBXO7"
"CGGBP1",2.04e-17,0.188,0.795,0.768,3.8e-13,"CGGBP1"
"PAPOLA",2.1e-17,0.159,0.88,0.864,3.9e-13,"PAPOLA"
"FRMD4A",2.16e-17,0.474,0.812,0.789,4.01e-13,"FRMD4A"
"PSMC6",2.17e-17,0.188,0.739,0.705,4.03e-13,"PSMC6"
"PTK7",2.17e-17,0.31,0.332,0.274,4.05e-13,"PTK7"
"PIK3R3",2.32e-17,0.241,0.901,0.871,4.33e-13,"PIK3R3"
"COA1",2.36e-17,0.2,0.746,0.71,4.39e-13,"COA1"
"PNKD",2.36e-17,0.258,0.582,0.536,4.4e-13,"PNKD"
"ATG3",2.44e-17,0.338,0.476,0.424,4.54e-13,"ATG3"
"GMFB",2.44e-17,0.333,0.562,0.514,4.54e-13,"GMFB"
"ESD",2.44e-17,0.226,0.732,0.704,4.55e-13,"ESD"
"CNOT7",2.54e-17,0.227,0.725,0.691,4.72e-13,"CNOT7"
"FOXN3",2.57e-17,0.286,0.907,0.891,4.78e-13,"FOXN3"
"FHL2",2.58e-17,0.686,0.113,0.075,4.81e-13,"FHL2"
"TEX2",2.63e-17,0.446,0.283,0.231,4.9e-13,"TEX2"
"MRPL54",2.64e-17,0.318,0.447,0.391,4.92e-13,"MRPL54"
"KRBOX5",2.68e-17,0.357,0.419,0.363,5e-13,"KRBOX5"
"HARS1",2.7e-17,0.274,0.503,0.45,5.02e-13,"HARS1"
"USO1",2.72e-17,0.266,0.662,0.626,5.06e-13,"USO1"
"DLK1",2.76e-17,1.903,0.042,0.02,5.14e-13,"DLK1"
"ARMC9",2.88e-17,0.294,0.448,0.392,5.37e-13,"ARMC9"
"BCL7C",2.93e-17,0.211,0.672,0.63,5.45e-13,"BCL7C"
"KDM3B",2.98e-17,0.227,0.719,0.692,5.55e-13,"KDM3B"
"TEX9",2.98e-17,0.224,0.518,0.46,5.55e-13,"TEX9"
"PAICS",3.02e-17,0.294,0.613,0.582,5.63e-13,"PAICS"
"FARP1",3.04e-17,0.388,0.858,0.831,5.67e-13,"FARP1"
"PTPRR",3.06e-17,-1.24,0.016,0.036,5.69e-13,"PTPRR"
"PUF60",3.12e-17,0.245,0.707,0.684,5.81e-13,"PUF60"
"ZNF593",3.19e-17,0.424,0.262,0.21,5.93e-13,"ZNF593"
"DDX21",3.22e-17,0.312,0.548,0.504,5.99e-13,"DDX21"
"HEBP2",3.22e-17,0.317,0.438,0.381,6e-13,"HEBP2"
"DUSP16",3.26e-17,0.382,0.425,0.368,6.07e-13,"DUSP16"
"DDX3X",3.28e-17,0.176,0.878,0.881,6.11e-13,"DDX3X"
"GATAD2A",3.33e-17,0.31,0.512,0.459,6.2e-13,"GATAD2A"
"PCSK5",3.41e-17,0.612,0.229,0.178,6.36e-13,"PCSK5"
"EIF3K",3.42e-17,0.179,0.817,0.798,6.36e-13,"EIF3K"
"RASL10A",3.6e-17,-1.192,0.02,0.043,6.71e-13,"RASL10A"
"LOXL1",3.63e-17,0.573,0.192,0.146,6.76e-13,"LOXL1"
"GRAMD1B",3.68e-17,-0.48,0.349,0.401,6.85e-13,"GRAMD1B"
"GLIS3",3.72e-17,0.503,0.555,0.518,6.93e-13,"GLIS3"
"PLEKHB2",3.78e-17,0.299,0.49,0.439,7.03e-13,"PLEKHB2"
"TMEM205",3.87e-17,0.384,0.365,0.31,7.2e-13,"TMEM205"
"OLA1",3.87e-17,0.167,0.943,0.92,7.2e-13,"OLA1"
"COG5",3.93e-17,0.242,0.701,0.668,7.32e-13,"COG5"
"SMPD3",3.97e-17,-0.398,0.097,0.14,7.38e-13,"SMPD3"
"C12orf76",3.98e-17,0.344,0.459,0.404,7.41e-13,"C12orf76"
"MAEL",4.03e-17,0.795,0.081,0.049,7.5e-13,"MAEL"
"OXLD1",4.15e-17,0.427,0.231,0.18,7.72e-13,"OXLD1"
"CCDC50",4.4e-17,0.239,0.723,0.688,8.19e-13,"CCDC50"
"PNRC2",4.4e-17,0.277,0.614,0.573,8.19e-13,"PNRC2"
"RPS6KA3",4.79e-17,0.338,0.563,0.51,8.92e-13,"RPS6KA3"
"DPY30",4.88e-17,0.235,0.725,0.69,9.07e-13,"DPY30"
"MAGED1",4.96e-17,0.183,0.784,0.758,9.23e-13,"MAGED1"
"CREM",4.96e-17,0.272,0.551,0.499,9.24e-13,"CREM"
"RAB34",4.98e-17,0.541,0.211,0.163,9.28e-13,"RAB34"
"TUBB",5e-17,0.162,0.985,0.973,9.31e-13,"TUBB"
"NDUFS4",5.22e-17,0.181,0.792,0.77,9.71e-13,"NDUFS4"
"FARS2",5.43e-17,0.24,0.698,0.666,1.01e-12,"FARS2"
"UBLCP1",5.49e-17,0.296,0.506,0.452,1.02e-12,"UBLCP1"
"RNF11",5.56e-17,0.258,0.603,0.555,1.03e-12,"RNF11"
"GABRB1",5.56e-17,-0.225,0.142,0.19,1.03e-12,"GABRB1"
"TEAD2",5.62e-17,0.404,0.364,0.309,1.05e-12,"TEAD2"
"ZNF148",5.75e-17,0.219,0.927,0.921,1.07e-12,"ZNF148"
"HEG1",5.81e-17,0.301,0.399,0.342,1.08e-12,"HEG1"
"METTL5",6.09e-17,0.279,0.517,0.463,1.13e-12,"METTL5"
"SLX4IP",6.18e-17,0.319,0.458,0.402,1.15e-12,"SLX4IP"
"PDZD11",6.3e-17,0.338,0.469,0.415,1.17e-12,"PDZD11"
"BRINP1",6.46e-17,-0.582,0.132,0.178,1.2e-12,"BRINP1"
"SRP54",6.55e-17,0.176,0.707,0.682,1.22e-12,"SRP54"
"CTNND1",6.75e-17,0.243,0.668,0.626,1.26e-12,"CTNND1"
"MMP28",6.81e-17,-0.744,0.092,0.132,1.27e-12,"MMP28"
"INA",7.06e-17,-0.242,0.289,0.352,1.31e-12,"INA"
"NDFIP1",7.07e-17,0.175,0.923,0.918,1.32e-12,"NDFIP1"
"SEC14L1",7.21e-17,0.209,0.668,0.634,1.34e-12,"SEC14L1"
"CNN2",7.52e-17,0.357,0.309,0.253,1.4e-12,"CNN2"
"EPN2",7.63e-17,0.264,0.762,0.727,1.42e-12,"EPN2"
"RNF182",7.71e-17,0.717,0.093,0.059,1.43e-12,"RNF182"
"TAF13",8.02e-17,0.341,0.377,0.321,1.49e-12,"TAF13"
"RHOQ",8.02e-17,0.337,0.53,0.488,1.49e-12,"RHOQ"
"CBARP",8.31e-17,0.531,0.192,0.146,1.55e-12,"CBARP"
"IGFBP5",8.83e-17,-1.006,0.394,0.447,1.64e-12,"IGFBP5"
"LRGUK",8.84e-17,0.589,0.256,0.206,1.64e-12,"LRGUK"
"CDIPT",8.89e-17,0.416,0.273,0.22,1.65e-12,"CDIPT"
"SPTBN1",9.05e-17,0.19,0.864,0.847,1.68e-12,"SPTBN1"
"IKBIP",9.07e-17,0.299,0.384,0.327,1.69e-12,"IKBIP"
"ENSA",9.1e-17,0.211,0.718,0.678,1.69e-12,"ENSA"
"TRAM1",9.21e-17,0.287,0.549,0.506,1.71e-12,"TRAM1"
"ABCF1",9.27e-17,0.267,0.577,0.534,1.73e-12,"ABCF1"
"HYOU1",9.38e-17,0.488,0.213,0.164,1.75e-12,"HYOU1"
"ACO2",9.4e-17,0.23,0.647,0.604,1.75e-12,"ACO2"
"HIF1A",9.4e-17,0.221,0.703,0.673,1.75e-12,"HIF1A"
"RAB8B",9.42e-17,0.196,0.767,0.743,1.75e-12,"RAB8B"
"PLXNA2",9.43e-17,0.41,0.553,0.501,1.76e-12,"PLXNA2"
"SPATS2L",9.48e-17,0.346,0.596,0.57,1.76e-12,"SPATS2L"
"CPLX2",9.77e-17,-0.471,0.134,0.18,1.82e-12,"CPLX2"
"AUP1",9.86e-17,0.314,0.424,0.366,1.83e-12,"AUP1"
"MAP6D1",9.99e-17,0.686,0.107,0.071,1.86e-12,"MAP6D1"
"CHD1",1.02e-16,0.258,0.685,0.654,1.91e-12,"CHD1"
"MDM4",1.04e-16,0.157,0.831,0.819,1.93e-12,"MDM4"
"RYK",1.05e-16,0.228,0.704,0.676,1.96e-12,"RYK"
"LRRC1",1.06e-16,-0.327,0.354,0.411,1.98e-12,"LRRC1"
"WDFY3",1.07e-16,0.187,0.937,0.927,1.99e-12,"WDFY3"
"PLS3",1.07e-16,0.387,0.748,0.703,2e-12,"PLS3"
"ATF7IP",1.1e-16,0.2,0.846,0.826,2.05e-12,"ATF7IP"
"SMIM27",1.15e-16,0.471,0.217,0.167,2.14e-12,"SMIM27"
"GNL3L",1.16e-16,0.355,0.393,0.337,2.17e-12,"GNL3L"
"NMT1",1.18e-16,0.258,0.536,0.482,2.2e-12,"NMT1"
"YTHDC1",1.2e-16,0.225,0.768,0.734,2.24e-12,"YTHDC1"
"CEP162",1.22e-16,0.302,0.525,0.472,2.26e-12,"CEP162"
"LARP6",1.23e-16,0.396,0.285,0.23,2.28e-12,"LARP6"
"MARCHF4",1.23e-16,-0.959,0.03,0.056,2.29e-12,"MARCHF4"
"UFM1",1.23e-16,0.245,0.645,0.602,2.3e-12,"UFM1"
"METTL8",1.25e-16,0.312,0.446,0.39,2.33e-12,"METTL8"
"AKR7A2",1.25e-16,0.228,0.58,0.537,2.33e-12,"AKR7A2"
"MARCHF5",1.27e-16,0.244,0.721,0.69,2.36e-12,"MARCHF5"
"SEC61A1",1.27e-16,0.265,0.472,0.417,2.37e-12,"SEC61A1"
"ATP2A2",1.34e-16,0.242,0.698,0.672,2.49e-12,"ATP2A2"
"TMEM181",1.38e-16,0.268,0.651,0.596,2.56e-12,"TMEM181"
"ST7",1.39e-16,0.3,0.85,0.824,2.58e-12,"ST7"
"CDHR3",1.39e-16,-0.425,0.298,0.351,2.58e-12,"CDHR3"
"MSI1",1.49e-16,0.297,0.535,0.487,2.78e-12,"MSI1"
"TNRC6A",1.52e-16,0.133,0.947,0.943,2.83e-12,"TNRC6A"
"DNPH1",1.53e-16,0.341,0.445,0.392,2.86e-12,"DNPH1"
"INVS",1.55e-16,0.256,0.694,0.651,2.89e-12,"INVS"
"SLC35B2",1.57e-16,0.431,0.279,0.226,2.92e-12,"SLC35B2"
"DACH1",1.57e-16,0.488,0.4,0.347,2.93e-12,"DACH1"
"ST8SIA5",1.58e-16,-0.209,0.346,0.409,2.93e-12,"ST8SIA5"
"UBE3A",1.58e-16,0.166,0.909,0.9,2.95e-12,"UBE3A"
"RAB5A",1.62e-16,0.225,0.693,0.668,3.02e-12,"RAB5A"
"UBTD1",1.63e-16,0.464,0.177,0.131,3.03e-12,"UBTD1"
"GSPT1",1.64e-16,0.194,0.761,0.749,3.06e-12,"GSPT1"
"RPF1",1.7e-16,0.355,0.377,0.321,3.16e-12,"RPF1"
"RTL8A",1.72e-16,0.402,0.467,0.426,3.21e-12,"RTL8A"
"NUAK2",1.74e-16,0.445,0.155,0.112,3.24e-12,"NUAK2"
"PPHLN1",1.77e-16,0.196,0.785,0.749,3.3e-12,"PPHLN1"
"YIF1A",1.8e-16,0.337,0.497,0.451,3.36e-12,"YIF1A"
"KCTD13",1.85e-16,0.49,0.416,0.362,3.43e-12,"KCTD13"
"AK3",1.95e-16,0.246,0.653,0.613,3.64e-12,"AK3"
"EXOC5",1.97e-16,0.192,0.819,0.793,3.68e-12,"EXOC5"
"DTYMK",2.02e-16,0.373,0.448,0.396,3.75e-12,"DTYMK"
"SOX4",2.1e-16,0.289,0.981,0.977,3.92e-12,"SOX4"
"TWF1",2.18e-16,0.299,0.479,0.43,4.05e-12,"TWF1"
"CHST11",2.23e-16,0.267,0.792,0.757,4.15e-12,"CHST11"
"CLASP2",2.25e-16,0.282,0.974,0.964,4.18e-12,"CLASP2"
"RMDN1",2.27e-16,0.282,0.539,0.488,4.23e-12,"RMDN1"
"RBM41",2.31e-16,0.262,0.732,0.708,4.3e-12,"RBM41"
"BCAR1",2.4e-16,0.464,0.288,0.237,4.47e-12,"BCAR1"
"NELL2",2.51e-16,-0.974,0.051,0.082,4.68e-12,"NELL2"
"FTO",2.54e-16,0.201,0.835,0.815,4.72e-12,"FTO"
"CMC4",2.61e-16,0.353,0.365,0.31,4.87e-12,"CMC4"
"COPS2",2.68e-16,0.216,0.636,0.594,4.99e-12,"COPS2"
"MRTFB",2.71e-16,0.203,0.725,0.698,5.05e-12,"MRTFB"
"INKA2",2.85e-16,0.416,0.315,0.261,5.31e-12,"INKA2"
"DPY19L1",2.88e-16,0.282,0.443,0.389,5.35e-12,"DPY19L1"
"BMERB1",2.89e-16,0.175,0.847,0.819,5.38e-12,"BMERB1"
"SEMA3C",2.93e-16,-0.688,0.15,0.196,5.46e-12,"SEMA3C"
"TMED7",2.94e-16,0.246,0.578,0.533,5.47e-12,"TMED7"
"HMGA2",2.96e-16,1.123,0.06,0.033,5.51e-12,"HMGA2"
"CECR2",3.03e-16,0.266,0.791,0.756,5.65e-12,"CECR2"
"TUBB3",3.13e-16,0.405,0.396,0.337,5.82e-12,"TUBB3"
"OXA1L",3.17e-16,0.354,0.353,0.297,5.91e-12,"OXA1L"
"MICU1",3.18e-16,0.213,0.763,0.739,5.91e-12,"MICU1"
"SRM",3.21e-16,0.215,0.553,0.502,5.97e-12,"SRM"
"BCCIP",3.27e-16,0.274,0.586,0.544,6.09e-12,"BCCIP"
"LIN7A",3.34e-16,0.366,0.282,0.228,6.22e-12,"LIN7A"
"TRAM2",3.35e-16,0.515,0.205,0.159,6.23e-12,"TRAM2"
"PDZRN4",3.38e-16,0.554,0.353,0.311,6.3e-12,"PDZRN4"
"CSNK1G3",3.51e-16,0.226,0.649,0.605,6.53e-12,"CSNK1G3"
"TMEM126A",3.63e-16,0.353,0.402,0.349,6.75e-12,"TMEM126A"
"HADHB",3.72e-16,0.203,0.645,0.596,6.92e-12,"HADHB"
"BMP6",3.81e-16,-1.047,0.019,0.04,7.09e-12,"BMP6"
"GLDC",3.93e-16,0.275,0.537,0.486,7.31e-12,"GLDC"
"POLR3K",3.93e-16,0.323,0.314,0.258,7.31e-12,"POLR3K"
"LSM14A",3.97e-16,0.194,0.851,0.844,7.38e-12,"LSM14A"
"KLHDC10",3.99e-16,0.319,0.69,0.652,7.43e-12,"KLHDC10"
"TRMT10C",4e-16,0.272,0.516,0.466,7.45e-12,"TRMT10C"
"ZCCHC17",4.05e-16,0.24,0.667,0.636,7.53e-12,"ZCCHC17"
"EWSR1",4.06e-16,0.21,0.731,0.701,7.56e-12,"EWSR1"
"SOS2",4.1e-16,0.212,0.804,0.772,7.64e-12,"SOS2"
"POU3F3",4.12e-16,0.235,0.886,0.865,7.67e-12,"POU3F3"
"IDE",4.17e-16,0.271,0.375,0.318,7.76e-12,"IDE"
"MSN",4.21e-16,0.303,0.56,0.524,7.84e-12,"MSN"
"OSTM1",4.27e-16,0.286,0.461,0.408,7.94e-12,"OSTM1"
"SLC12A8",4.35e-16,0.791,0.144,0.104,8.09e-12,"SLC12A8"
"FAM174C",4.4e-16,0.349,0.279,0.226,8.18e-12,"FAM174C"
"IER5",4.41e-16,0.338,0.427,0.37,8.2e-12,"IER5"
"DDIT4",4.74e-16,-0.794,0.377,0.42,8.82e-12,"DDIT4"
"SHISA4",4.85e-16,0.452,0.236,0.188,9.03e-12,"SHISA4"
"MRPL44",4.88e-16,0.293,0.474,0.418,9.07e-12,"MRPL44"
"HM13",4.97e-16,0.254,0.536,0.489,9.25e-12,"HM13"
"RFC1",5.13e-16,0.201,0.679,0.64,9.56e-12,"RFC1"
"UFD1",5.15e-16,0.346,0.495,0.45,9.58e-12,"UFD1"
"WDR41",5.2e-16,0.261,0.526,0.474,9.69e-12,"WDR41"
"GDE1",5.26e-16,0.351,0.398,0.344,9.79e-12,"GDE1"
"OS9",5.4e-16,0.27,0.555,0.505,1e-11,"OS9"
"LBH",5.45e-16,0.478,0.347,0.296,1.02e-11,"LBH"
"NBAS",5.5e-16,0.175,0.781,0.756,1.02e-11,"NBAS"
"DNAJC10",5.5e-16,0.247,0.54,0.489,1.02e-11,"DNAJC10"
"RAD23B",5.64e-16,0.184,0.75,0.729,1.05e-11,"RAD23B"
"SS18",5.71e-16,0.254,0.554,0.502,1.06e-11,"SS18"
"PTOV1",5.79e-16,0.276,0.68,0.644,1.08e-11,"PTOV1"
"GPATCH2L",5.83e-16,0.231,0.743,0.719,1.09e-11,"GPATCH2L"
"DCTN6",5.84e-16,0.235,0.679,0.639,1.09e-11,"DCTN6"
"ACADVL",6.08e-16,0.364,0.37,0.318,1.13e-11,"ACADVL"
"MRPL17",6.1e-16,0.324,0.36,0.307,1.14e-11,"MRPL17"
"CCT4",6.17e-16,0.145,0.791,0.775,1.15e-11,"CCT4"
"ATP6AP1",6.39e-16,0.322,0.429,0.375,1.19e-11,"ATP6AP1"
"CERS2",6.48e-16,0.381,0.334,0.281,1.21e-11,"CERS2"
"CDH2",6.52e-16,0.176,0.963,0.971,1.21e-11,"CDH2"
"SHB",6.72e-16,0.471,0.331,0.281,1.25e-11,"SHB"
"TAF11",6.75e-16,0.302,0.462,0.41,1.26e-11,"TAF11"
"FRA10AC1",6.77e-16,0.284,0.566,0.516,1.26e-11,"FRA10AC1"
"RGCC",6.9e-16,-0.62,0.077,0.113,1.28e-11,"RGCC"
"UBAC2",6.93e-16,0.23,0.601,0.557,1.29e-11,"UBAC2"
"MRPL13",7.05e-16,0.267,0.562,0.52,1.31e-11,"MRPL13"
"PITPNB",7.08e-16,0.19,0.746,0.714,1.32e-11,"PITPNB"
"NECAP2",7.23e-16,0.309,0.367,0.312,1.35e-11,"NECAP2"
"SCN7A",7.26e-16,0.964,0.031,0.013,1.35e-11,"SCN7A"
"RPSAP58",7.37e-16,0.285,0.475,0.423,1.37e-11,"RPSAP58"
"EID2",7.54e-16,0.339,0.412,0.358,1.4e-11,"EID2"
"TALDO1",7.56e-16,0.198,0.761,0.738,1.41e-11,"TALDO1"
"GRSF1",7.65e-16,0.254,0.623,0.585,1.42e-11,"GRSF1"
"GFER",7.7e-16,0.466,0.201,0.154,1.43e-11,"GFER"
"POMGNT1",7.7e-16,0.41,0.287,0.236,1.43e-11,"POMGNT1"
"BDH2",7.74e-16,0.285,0.432,0.374,1.44e-11,"BDH2"
"LYPLA2",7.78e-16,0.459,0.24,0.191,1.45e-11,"LYPLA2"
"PUM1",7.8e-16,0.137,0.925,0.923,1.45e-11,"PUM1"
"KLC1",7.84e-16,0.149,0.854,0.837,1.46e-11,"KLC1"
"RORB",7.84e-16,0.286,0.566,0.506,1.46e-11,"RORB"
"RRS1",7.86e-16,0.523,0.264,0.213,1.46e-11,"RRS1"
"ST3GAL1",7.94e-16,-0.544,0.13,0.172,1.48e-11,"ST3GAL1"
"NRG3",8.04e-16,-0.373,0.625,0.654,1.5e-11,"NRG3"
"P2RY14",8.13e-16,0.618,0.253,0.205,1.51e-11,"P2RY14"
"REST",8.16e-16,0.329,0.473,0.427,1.52e-11,"REST"
"TOP2B",8.26e-16,0.167,0.914,0.897,1.54e-11,"TOP2B"
"PPP6R3",8.27e-16,0.148,0.838,0.824,1.54e-11,"PPP6R3"
"HS6ST2",8.54e-16,0.647,0.446,0.39,1.59e-11,"HS6ST2"
"GPC6",8.55e-16,0.292,0.711,0.661,1.59e-11,"GPC6"
"IL13RA1",8.56e-16,0.659,0.1,0.067,1.59e-11,"IL13RA1"
"ZNF652",8.79e-16,0.204,0.737,0.706,1.64e-11,"ZNF652"
"SRRM3",8.85e-16,-0.28,0.168,0.22,1.65e-11,"SRRM3"
"PER3",9.02e-16,-0.287,0.271,0.325,1.68e-11,"PER3"
"AHCY",9.08e-16,0.376,0.316,0.263,1.69e-11,"AHCY"
"PALS1",9.32e-16,0.237,0.605,0.561,1.73e-11,"PALS1"
"PLIN3",9.67e-16,0.365,0.333,0.282,1.8e-11,"PLIN3"
"PPFIA4",9.86e-16,-1.012,0.062,0.094,1.84e-11,"PPFIA4"
"CBL",1e-15,0.206,0.714,0.692,1.87e-11,"CBL"
"YAP1",1.03e-15,0.346,0.505,0.464,1.91e-11,"YAP1"
"HSPB11",1.03e-15,0.289,0.562,0.515,1.92e-11,"HSPB11"
"PON2",1.03e-15,0.154,0.572,0.514,1.92e-11,"PON2"
"NIFK",1.04e-15,0.27,0.596,0.566,1.93e-11,"NIFK"
"SUPT5H",1.05e-15,0.239,0.546,0.495,1.95e-11,"SUPT5H"
"BAZ1B",1.08e-15,0.225,0.749,0.717,2.01e-11,"BAZ1B"
"PDHB",1.09e-15,0.286,0.495,0.444,2.03e-11,"PDHB"
"ADGRG6",1.09e-15,0.872,0.073,0.044,2.04e-11,"ADGRG6"
"ASXL3",1.09e-15,-0.239,0.497,0.556,2.04e-11,"ASXL3"
"CREB1",1.1e-15,0.184,0.798,0.766,2.04e-11,"CREB1"
"DACT1",1.11e-15,-0.613,0.065,0.099,2.07e-11,"DACT1"
"DNALI1",1.12e-15,0.382,0.287,0.236,2.08e-11,"DNALI1"
"HNRNPH3",1.14e-15,0.187,0.908,0.903,2.13e-11,"HNRNPH3"
"TCEAL3",1.16e-15,0.281,0.564,0.521,2.16e-11,"TCEAL3"
"SLC16A2",1.19e-15,0.355,0.434,0.381,2.21e-11,"SLC16A2"
"KCMF1",1.22e-15,0.222,0.711,0.683,2.26e-11,"KCMF1"
"FAM3C",1.22e-15,0.277,0.595,0.558,2.26e-11,"FAM3C"
"NT5DC2",1.22e-15,0.363,0.45,0.401,2.27e-11,"NT5DC2"
"ENOPH1",1.29e-15,0.241,0.654,0.617,2.4e-11,"ENOPH1"
"IRF2BPL",1.29e-15,0.335,0.439,0.382,2.4e-11,"IRF2BPL"
"MFAP1",1.31e-15,0.244,0.575,0.526,2.43e-11,"MFAP1"
"TULP4",1.31e-15,0.218,0.896,0.873,2.44e-11,"TULP4"
"UST",1.36e-15,0.588,0.255,0.207,2.53e-11,"UST"
"SLCO5A1",1.37e-15,-0.26,0.303,0.356,2.54e-11,"SLCO5A1"
"PWWP3A",1.4e-15,0.279,0.557,0.507,2.61e-11,"PWWP3A"
"GNPDA1",1.41e-15,0.333,0.496,0.452,2.62e-11,"GNPDA1"
"IAH1",1.44e-15,0.304,0.467,0.412,2.68e-11,"IAH1"
"SETD7",1.49e-15,0.391,0.359,0.308,2.77e-11,"SETD7"
"SATB2",1.52e-15,0.272,0.219,0.172,2.83e-11,"SATB2"
"ASPHD1",1.53e-15,0.557,0.272,0.225,2.85e-11,"ASPHD1"
"SERTAD3",1.54e-15,0.506,0.201,0.156,2.87e-11,"SERTAD3"
"UNC79",1.55e-15,-0.349,0.343,0.395,2.88e-11,"UNC79"
"BAALC",1.56e-15,0.283,0.441,0.383,2.91e-11,"BAALC"
"RNH1",1.7e-15,0.248,0.577,0.539,3.16e-11,"RNH1"
"MTTP",1.76e-15,0.53,0.149,0.109,3.27e-11,"MTTP"
"SEPTIN9",1.77e-15,0.302,0.515,0.472,3.29e-11,"SEPTIN9"
"WWC1",1.77e-15,0.45,0.246,0.198,3.3e-11,"WWC1"
"MARCHF1",1.78e-15,-0.214,0.439,0.494,3.32e-11,"MARCHF1"
"ARFGAP3",1.83e-15,0.218,0.645,0.607,3.4e-11,"ARFGAP3"
"NEO1",1.83e-15,0.217,0.679,0.642,3.41e-11,"NEO1"
"CTSD",1.85e-15,0.35,0.287,0.235,3.44e-11,"CTSD"
"HAX1",1.86e-15,0.287,0.531,0.479,3.46e-11,"HAX1"
"CCDC167",1.86e-15,0.306,0.584,0.54,3.46e-11,"CCDC167"
"FHOD3",1.88e-15,-0.217,0.534,0.586,3.5e-11,"FHOD3"
"AMBRA1",1.88e-15,0.244,0.741,0.706,3.51e-11,"AMBRA1"
"IL17D",1.91e-15,-0.562,0.188,0.235,3.56e-11,"IL17D"
"CCN3",1.93e-15,1.025,0.057,0.032,3.59e-11,"CCN3"
"RPL7L1",1.95e-15,0.236,0.684,0.645,3.63e-11,"RPL7L1"
"GLRX2",1.95e-15,0.437,0.306,0.256,3.64e-11,"GLRX2"
"CLEC19A",1.97e-15,0.775,0.049,0.026,3.66e-11,"CLEC19A"
"VPS4A",2.03e-15,0.297,0.45,0.395,3.78e-11,"VPS4A"
"SMAD5",2.05e-15,0.202,0.733,0.705,3.81e-11,"SMAD5"
"SMIM29",2.07e-15,0.382,0.339,0.287,3.85e-11,"SMIM29"
"ZNF664",2.13e-15,0.335,0.412,0.358,3.96e-11,"ZNF664"
"NLGN4X",2.15e-15,0.183,0.894,0.883,3.99e-11,"NLGN4X"
"TMEM230",2.18e-15,0.234,0.681,0.647,4.05e-11,"TMEM230"
"PRDX5",2.18e-15,0.163,0.83,0.815,4.07e-11,"PRDX5"
"MRPS31",2.19e-15,0.257,0.562,0.514,4.08e-11,"MRPS31"
"IQSEC3",2.23e-15,-1.315,0.009,0.025,4.15e-11,"IQSEC3"
"DCAF13",2.25e-15,0.297,0.525,0.477,4.18e-11,"DCAF13"
"G6PC3",2.3e-15,0.364,0.318,0.267,4.27e-11,"G6PC3"
"ERGIC3",2.36e-15,0.274,0.565,0.522,4.39e-11,"ERGIC3"
"CTSA",2.36e-15,0.478,0.219,0.173,4.39e-11,"CTSA"
"GALNT10",2.38e-15,0.413,0.324,0.271,4.43e-11,"GALNT10"
"B4GALT7",2.38e-15,0.316,0.245,0.194,4.44e-11,"B4GALT7"
"VOPP1",2.39e-15,0.352,0.762,0.745,4.45e-11,"VOPP1"
"RIC8B",2.49e-15,0.274,0.678,0.644,4.63e-11,"RIC8B"
"SYNJ2",2.55e-15,0.853,0.106,0.072,4.75e-11,"SYNJ2"
"RNF181",2.61e-15,0.296,0.517,0.47,4.86e-11,"RNF181"
"ORAI2",2.67e-15,0.327,0.381,0.329,4.97e-11,"ORAI2"
"AVEN",2.84e-15,0.315,0.279,0.226,5.29e-11,"AVEN"
"EPHX1",2.9e-15,0.343,0.315,0.263,5.39e-11,"EPHX1"
"TCEA1",2.91e-15,0.111,0.86,0.853,5.41e-11,"TCEA1"
"SPHKAP",2.96e-15,1.082,0.039,0.019,5.52e-11,"SPHKAP"
"USP6NL",2.97e-15,0.309,0.577,0.537,5.52e-11,"USP6NL"
"PCMT1",3.07e-15,0.173,0.792,0.775,5.72e-11,"PCMT1"
"METTL15",3.14e-15,0.223,0.633,0.59,5.84e-11,"METTL15"
"MRPL14",3.19e-15,0.288,0.513,0.468,5.93e-11,"MRPL14"
"SMAD2",3.38e-15,0.213,0.71,0.669,6.29e-11,"SMAD2"
"ACO1",3.39e-15,0.281,0.472,0.42,6.32e-11,"ACO1"
"NDRG1",3.4e-15,-1.322,0.017,0.037,6.34e-11,"NDRG1"
"CCNY",3.41e-15,0.175,0.832,0.83,6.34e-11,"CCNY"
"B3GLCT",3.41e-15,0.296,0.374,0.324,6.35e-11,"B3GLCT"
"ZFX",3.54e-15,0.226,0.7,0.665,6.58e-11,"ZFX"
"UBE2QL1",3.62e-15,-0.197,0.123,0.167,6.74e-11,"UBE2QL1"
"POLD4",3.64e-15,0.444,0.193,0.149,6.77e-11,"POLD4"
"ENHO",3.65e-15,0.33,0.389,0.335,6.79e-11,"ENHO"
"GLT8D1",3.73e-15,0.296,0.404,0.349,6.95e-11,"GLT8D1"
"CTNNAL1",3.74e-15,0.324,0.406,0.355,6.96e-11,"CTNNAL1"
"APMAP",3.78e-15,0.278,0.436,0.379,7.03e-11,"APMAP"
"SPOCK2",4.03e-15,0.52,0.139,0.1,7.5e-11,"SPOCK2"
"TBK1",4.07e-15,0.267,0.507,0.459,7.58e-11,"TBK1"
"WDR46",4.11e-15,0.44,0.254,0.206,7.65e-11,"WDR46"
"PRPF6",4.18e-15,0.239,0.601,0.552,7.77e-11,"PRPF6"
"PHF3",4.2e-15,0.188,0.791,0.766,7.82e-11,"PHF3"
"SDF2",4.22e-15,0.281,0.515,0.468,7.86e-11,"SDF2"
"POLR1D",4.37e-15,0.235,0.718,0.69,8.13e-11,"POLR1D"
"HAS2",4.41e-15,1.195,0.047,0.025,8.2e-11,"HAS2"
"SCFD1",4.52e-15,0.179,0.826,0.807,8.41e-11,"SCFD1"
"SHROOM4",4.56e-15,0.948,0.061,0.035,8.48e-11,"SHROOM4"
"POLE3",4.6e-15,0.351,0.334,0.283,8.56e-11,"POLE3"
"MDP1",4.6e-15,0.309,0.364,0.312,8.57e-11,"MDP1"
"TNPO3",4.65e-15,0.211,0.722,0.696,8.66e-11,"TNPO3"
"MAPT",4.68e-15,-0.278,0.598,0.642,8.7e-11,"MAPT"
"RNF13",4.68e-15,0.197,0.786,0.762,8.71e-11,"RNF13"
"YME1L1",4.68e-15,0.176,0.769,0.747,8.71e-11,"YME1L1"
"NSF",4.69e-15,0.267,0.434,0.378,8.73e-11,"NSF"
"SLC2A3",4.73e-15,-0.718,0.229,0.273,8.81e-11,"SLC2A3"
"DUT",4.8e-15,0.274,0.71,0.675,8.94e-11,"DUT"
"PAPPA",4.82e-15,1.2,0.08,0.051,8.98e-11,"PAPPA"
"TXNDC12",4.94e-15,0.293,0.512,0.464,9.19e-11,"TXNDC12"
"RNF128",5.15e-15,1.4,0.032,0.014,9.59e-11,"RNF128"
"PHACTR2",5.2e-15,0.328,0.322,0.271,9.68e-11,"PHACTR2"
"GARNL3",5.21e-15,-0.352,0.482,0.524,9.7e-11,"GARNL3"
"MCUR1",5.25e-15,0.301,0.409,0.358,9.77e-11,"MCUR1"
"RPP25L",5.34e-15,0.474,0.204,0.16,9.93e-11,"RPP25L"
"UBA2",5.41e-15,0.178,0.77,0.754,1.01e-10,"UBA2"
"TRAF3",5.52e-15,0.372,0.284,0.232,1.03e-10,"TRAF3"
"NRAS",5.63e-15,0.292,0.461,0.41,1.05e-10,"NRAS"
"NDUFA4L2",5.71e-15,-1.735,0.011,0.028,1.06e-10,"NDUFA4L2"
"KCTD2",5.72e-15,0.499,0.321,0.27,1.06e-10,"KCTD2"
"TCF7L2",5.74e-15,0.313,0.524,0.476,1.07e-10,"TCF7L2"
"RRAS",5.83e-15,0.482,0.204,0.159,1.09e-10,"RRAS"
"CSMD3",5.95e-15,-1.027,0.072,0.105,1.11e-10,"CSMD3"
"IFT57",6.15e-15,0.259,0.504,0.456,1.15e-10,"IFT57"
"PARP4",6.18e-15,0.32,0.412,0.363,1.15e-10,"PARP4"
"MAN1C1",6.21e-15,0.33,0.252,0.201,1.16e-10,"MAN1C1"
"CS",6.28e-15,0.282,0.49,0.441,1.17e-10,"CS"
"CISD2",6.39e-15,0.239,0.533,0.48,1.19e-10,"CISD2"
"TP53I13",6.41e-15,0.35,0.36,0.307,1.19e-10,"TP53I13"
"FHL3",6.56e-15,0.573,0.109,0.075,1.22e-10,"FHL3"
"RERE",6.57e-15,0.222,0.99,0.987,1.22e-10,"RERE"
"ZNF207",6.61e-15,0.153,0.77,0.752,1.23e-10,"ZNF207"
"UBE2V1",6.79e-15,0.491,0.154,0.113,1.26e-10,"UBE2V1"
"PLEKHA7",6.79e-15,0.309,0.438,0.387,1.26e-10,"PLEKHA7"
"ACLY",6.86e-15,0.269,0.515,0.467,1.28e-10,"ACLY"
"SMG6",6.86e-15,0.2,0.741,0.71,1.28e-10,"SMG6"
"TSTD3",7.03e-15,0.247,0.45,0.394,1.31e-10,"TSTD3"
"RUVBL1",7.04e-15,0.258,0.495,0.448,1.31e-10,"RUVBL1"
"MRPS15",7.05e-15,0.325,0.435,0.385,1.31e-10,"MRPS15"
"TSEN15",7.53e-15,0.311,0.441,0.391,1.4e-10,"TSEN15"
"ZDHHC2",7.67e-15,0.333,0.457,0.406,1.43e-10,"ZDHHC2"
"EIF3I",7.94e-15,0.227,0.671,0.647,1.48e-10,"EIF3I"
"SUPT4H1",8.13e-15,0.259,0.534,0.488,1.51e-10,"SUPT4H1"
"CX3CL1",8.65e-15,0.694,0.086,0.055,1.61e-10,"CX3CL1"
"CRELD2",8.65e-15,0.4,0.352,0.303,1.61e-10,"CRELD2"
"BRMS1",8.71e-15,0.392,0.249,0.2,1.62e-10,"BRMS1"
"ULK4",9.31e-15,0.315,0.449,0.397,1.73e-10,"ULK4"
"GTF2H4",9.49e-15,0.446,0.207,0.162,1.77e-10,"GTF2H4"
"RFLNB",9.5e-15,0.753,0.088,0.057,1.77e-10,"RFLNB"
"PFKM",9.55e-15,0.317,0.464,0.409,1.78e-10,"PFKM"
"FUT9",9.78e-15,-0.396,0.618,0.645,1.82e-10,"FUT9"
"SAC3D1",9.95e-15,0.297,0.422,0.37,1.85e-10,"SAC3D1"
"SNAPC2",1.01e-14,0.492,0.159,0.118,1.87e-10,"SNAPC2"
"IMMP1L",1.08e-14,0.191,0.693,0.653,2.01e-10,"IMMP1L"
"ISCU",1.12e-14,0.259,0.564,0.522,2.08e-10,"ISCU"
"EXOC2",1.12e-14,0.223,0.6,0.555,2.08e-10,"EXOC2"
"OLFM2",1.13e-14,0.408,0.679,0.638,2.11e-10,"OLFM2"
"POLR2B",1.14e-14,0.222,0.76,0.731,2.11e-10,"POLR2B"
"MYRFL",1.15e-14,0.825,0.11,0.077,2.13e-10,"MYRFL"
"ECH1",1.15e-14,0.268,0.511,0.46,2.14e-10,"ECH1"
"VPS4B",1.15e-14,0.265,0.571,0.527,2.15e-10,"VPS4B"
"CHCHD10",1.2e-14,0.294,0.394,0.34,2.23e-10,"CHCHD10"
"HPF1",1.21e-14,0.223,0.704,0.682,2.26e-10,"HPF1"
"MRPS12",1.24e-14,0.346,0.369,0.32,2.31e-10,"MRPS12"
"TRPT1",1.26e-14,0.426,0.257,0.209,2.35e-10,"TRPT1"
"CNDP2",1.26e-14,0.313,0.357,0.305,2.35e-10,"CNDP2"
"GNG11",1.3e-14,0.62,0.26,0.211,2.43e-10,"GNG11"
"VMP1",1.35e-14,0.237,0.695,0.663,2.52e-10,"VMP1"
"PNPLA2",1.36e-14,0.437,0.164,0.124,2.54e-10,"PNPLA2"
"CCDC91",1.4e-14,0.294,0.57,0.526,2.6e-10,"CCDC91"
"RBBP6",1.42e-14,0.192,0.734,0.708,2.63e-10,"RBBP6"
"PRKCE",1.42e-14,0.364,0.621,0.576,2.65e-10,"PRKCE"
"ABCB7",1.45e-14,0.265,0.567,0.523,2.7e-10,"ABCB7"
"PHF20L1",1.47e-14,0.244,0.775,0.74,2.73e-10,"PHF20L1"
"TTC39C",1.48e-14,0.25,0.342,0.286,2.75e-10,"TTC39C"
"CAST",1.5e-14,0.296,0.435,0.387,2.79e-10,"CAST"
"ITGA3",1.5e-14,0.638,0.151,0.112,2.79e-10,"ITGA3"
"NSMCE3",1.51e-14,0.293,0.427,0.372,2.8e-10,"NSMCE3"
"ATOH8",1.52e-14,0.716,0.1,0.068,2.83e-10,"ATOH8"
"PSMD14",1.56e-14,0.187,0.728,0.706,2.9e-10,"PSMD14"
"EIF3L",1.57e-14,0.149,0.873,0.855,2.92e-10,"EIF3L"
"UBE2W",1.64e-14,0.223,0.748,0.722,3.06e-10,"UBE2W"
"MESD",1.65e-14,0.253,0.578,0.54,3.07e-10,"MESD"
"VAMP3",1.65e-14,0.316,0.393,0.343,3.08e-10,"VAMP3"
"MICU3",1.72e-14,0.306,0.613,0.572,3.2e-10,"MICU3"
"MT3",1.75e-14,-0.109,0.221,0.269,3.25e-10,"MT3"
"SPRY1",1.75e-14,0.791,0.204,0.163,3.26e-10,"SPRY1"
"ABHD16A",1.81e-14,0.339,0.354,0.3,3.36e-10,"ABHD16A"
"FAM168B",1.85e-14,0.225,0.651,0.618,3.43e-10,"FAM168B"
"ERGIC2",1.85e-14,0.195,0.671,0.64,3.44e-10,"ERGIC2"
"ACTL6B",1.85e-14,-0.22,0.156,0.206,3.44e-10,"ACTL6B"
"ARL1",1.86e-14,0.304,0.451,0.402,3.45e-10,"ARL1"
"BAIAP2",1.86e-14,0.336,0.33,0.278,3.46e-10,"BAIAP2"
"MTHFD1L",1.91e-14,0.27,0.376,0.325,3.56e-10,"MTHFD1L"
"RABGAP1",1.94e-14,0.15,0.837,0.822,3.6e-10,"RABGAP1"
"NR2F2",1.95e-14,-0.384,0.664,0.671,3.63e-10,"NR2F2"
"TAX1BP3",1.95e-14,0.346,0.352,0.298,3.63e-10,"TAX1BP3"
"API5",1.97e-14,0.247,0.619,0.578,3.67e-10,"API5"
"ELMO1",2e-14,-0.921,0.196,0.238,3.72e-10,"ELMO1"
"SRRM2",2.04e-14,0.133,0.936,0.938,3.79e-10,"SRRM2"
"PLRG1",2.07e-14,0.237,0.532,0.482,3.85e-10,"PLRG1"
"MFSD10",2.09e-14,0.335,0.46,0.416,3.89e-10,"MFSD10"
"NCOA5",2.12e-14,0.252,0.563,0.517,3.94e-10,"NCOA5"
"SLC25A39",2.13e-14,0.349,0.333,0.284,3.96e-10,"SLC25A39"
"LRRC10B",2.14e-14,0.663,0.165,0.125,3.99e-10,"LRRC10B"
"AGFG1",2.17e-14,0.212,0.684,0.65,4.04e-10,"AGFG1"
"TAF1D",2.19e-14,0.214,0.685,0.652,4.08e-10,"TAF1D"
"SEPHS2",2.29e-14,0.3,0.361,0.308,4.26e-10,"SEPHS2"
"ZNF644",2.3e-14,0.167,0.868,0.854,4.28e-10,"ZNF644"
"DOLK",2.33e-14,0.518,0.156,0.116,4.33e-10,"DOLK"
"ZNF524",2.33e-14,0.513,0.131,0.094,4.34e-10,"ZNF524"
"RAB8A",2.34e-14,0.249,0.53,0.486,4.36e-10,"RAB8A"
"LMBRD1",2.38e-14,0.266,0.63,0.585,4.43e-10,"LMBRD1"
"E2F3",2.43e-14,0.291,0.391,0.341,4.52e-10,"E2F3"
"MFF",2.44e-14,0.191,0.781,0.766,4.55e-10,"MFF"
"EIF2AK2",2.44e-14,0.179,0.727,0.696,4.55e-10,"EIF2AK2"
"GABARAPL1",2.46e-14,0.424,0.279,0.232,4.57e-10,"GABARAPL1"
"ZDHHC14",2.48e-14,0.424,0.326,0.275,4.62e-10,"ZDHHC14"
"SFT2D2",2.56e-14,0.296,0.467,0.42,4.77e-10,"SFT2D2"
"APH1A",2.59e-14,0.264,0.564,0.522,4.82e-10,"APH1A"
"UGP2",2.59e-14,0.232,0.635,0.601,4.82e-10,"UGP2"
"TRAK1",2.61e-14,0.303,0.596,0.555,4.86e-10,"TRAK1"
"PKN2",2.63e-14,0.178,0.872,0.867,4.9e-10,"PKN2"
"ST8SIA4",2.65e-14,0.565,0.36,0.316,4.94e-10,"ST8SIA4"
"STK3",2.67e-14,0.244,0.55,0.506,4.97e-10,"STK3"
"SCHIP1",2.73e-14,0.604,0.113,0.079,5.09e-10,"SCHIP1"
"TNFRSF1A",2.86e-14,0.288,0.312,0.259,5.32e-10,"TNFRSF1A"
"PRADC1",2.94e-14,0.406,0.243,0.197,5.48e-10,"PRADC1"
"RDH11",2.98e-14,0.209,0.676,0.645,5.54e-10,"RDH11"
"SETD9",3e-14,0.518,0.12,0.085,5.58e-10,"SETD9"
"TMEM108",3e-14,0.322,0.506,0.462,5.58e-10,"TMEM108"
"SLC25A4",3.04e-14,0.185,0.696,0.657,5.66e-10,"SLC25A4"
"CAPZA1",3.05e-14,0.208,0.694,0.67,5.67e-10,"CAPZA1"
"DSTYK",3.06e-14,0.254,0.628,0.59,5.7e-10,"DSTYK"
"F2R",3.08e-14,0.321,0.433,0.386,5.74e-10,"F2R"
"GFUS",3.09e-14,0.336,0.275,0.225,5.74e-10,"GFUS"
"PTBP2",3.13e-14,0.156,0.938,0.934,5.83e-10,"PTBP2"
"DEXI",3.14e-14,0.345,0.299,0.248,5.84e-10,"DEXI"
"CREB3L2",3.16e-14,0.396,0.247,0.202,5.89e-10,"CREB3L2"
"AAMP",3.25e-14,0.345,0.397,0.348,6.05e-10,"AAMP"
"BTRC",3.26e-14,0.256,0.789,0.764,6.06e-10,"BTRC"
"GPATCH4",3.31e-14,0.432,0.231,0.185,6.16e-10,"GPATCH4"
"LAGE3",3.35e-14,0.334,0.463,0.42,6.24e-10,"LAGE3"
"SGPL1",3.44e-14,0.252,0.481,0.431,6.4e-10,"SGPL1"
"ABI1",3.47e-14,0.229,0.716,0.682,6.47e-10,"ABI1"
"PLAA",3.48e-14,0.351,0.471,0.422,6.47e-10,"PLAA"
"TP53BP1",3.53e-14,0.184,0.763,0.731,6.57e-10,"TP53BP1"
"PIGC",3.54e-14,0.316,0.395,0.345,6.59e-10,"PIGC"
"GRIN2B",3.59e-14,0.222,0.276,0.225,6.68e-10,"GRIN2B"
"SF3B3",3.62e-14,0.26,0.551,0.508,6.73e-10,"SF3B3"
"DLGAP2",3.73e-14,-0.989,0.045,0.072,6.94e-10,"DLGAP2"
"FNIP1",3.74e-14,0.141,0.797,0.765,6.97e-10,"FNIP1"
"GSS",3.83e-14,0.345,0.295,0.243,7.12e-10,"GSS"
"CEBPZ",3.83e-14,0.226,0.511,0.465,7.13e-10,"CEBPZ"
"C18orf32",3.9e-14,0.299,0.456,0.404,7.25e-10,"C18orf32"
"PPME1",4.02e-14,0.24,0.634,0.596,7.49e-10,"PPME1"
"SDHB",4.33e-14,0.264,0.554,0.513,8.06e-10,"SDHB"
"TOR1A",4.36e-14,0.404,0.261,0.214,8.11e-10,"TOR1A"
"ITM2C",4.37e-14,0.127,0.498,0.436,8.14e-10,"ITM2C"
"SIVA1",4.46e-14,0.251,0.64,0.613,8.3e-10,"SIVA1"
"NIPA2",4.56e-14,0.279,0.478,0.428,8.48e-10,"NIPA2"
"PHF5A",4.65e-14,0.27,0.511,0.464,8.65e-10,"PHF5A"
"FAM135B",4.72e-14,-1.063,0.053,0.082,8.79e-10,"FAM135B"
"ERICH2",4.76e-14,0.394,0.275,0.225,8.87e-10,"ERICH2"
"YLPM1",4.79e-14,0.186,0.764,0.733,8.92e-10,"YLPM1"
"CTDSP2",4.83e-14,0.322,0.486,0.441,9e-10,"CTDSP2"
"ETF1",5.07e-14,0.264,0.492,0.444,9.43e-10,"ETF1"
"CEP112",5.14e-14,0.168,0.659,0.609,9.57e-10,"CEP112"
"PIGS",5.16e-14,0.474,0.209,0.165,9.6e-10,"PIGS"
"TAFA1",5.21e-14,-0.841,0.043,0.07,9.7e-10,"TAFA1"
"DGCR6L",5.22e-14,0.284,0.437,0.384,9.72e-10,"DGCR6L"
"JAGN1",5.41e-14,0.329,0.378,0.329,1.01e-09,"JAGN1"
"IFT81",5.54e-14,0.213,0.728,0.701,1.03e-09,"IFT81"
"MRPL49",5.57e-14,0.373,0.237,0.19,1.04e-09,"MRPL49"
"TMED4",5.58e-14,0.211,0.625,0.586,1.04e-09,"TMED4"
"NTM",5.59e-14,-0.189,0.53,0.572,1.04e-09,"NTM"
"NDUFAF3",5.66e-14,0.258,0.501,0.455,1.05e-09,"NDUFAF3"
"RANBP9",5.68e-14,0.207,0.74,0.709,1.06e-09,"RANBP9"
"L3HYPDH",5.74e-14,0.349,0.283,0.235,1.07e-09,"L3HYPDH"
"GRIP2",5.78e-14,0.628,0.308,0.265,1.08e-09,"GRIP2"
"CIR1",5.83e-14,0.245,0.666,0.624,1.08e-09,"CIR1"
"AASDHPPT",5.86e-14,0.233,0.659,0.622,1.09e-09,"AASDHPPT"
"GAPVD1",5.87e-14,0.213,0.646,0.607,1.09e-09,"GAPVD1"
"SNX1",6.05e-14,0.255,0.569,0.533,1.13e-09,"SNX1"
"ASXL2",6.08e-14,0.241,0.595,0.556,1.13e-09,"ASXL2"
"FNDC3A",6.11e-14,0.166,0.864,0.847,1.14e-09,"FNDC3A"
"ELOF1",6.2e-14,0.305,0.345,0.294,1.15e-09,"ELOF1"
"TSPAN11",6.22e-14,0.376,0.308,0.258,1.16e-09,"TSPAN11"
"CACUL1",6.23e-14,0.188,0.653,0.607,1.16e-09,"CACUL1"
"BLOC1S6",6.34e-14,0.236,0.61,0.567,1.18e-09,"BLOC1S6"
"TIPRL",6.48e-14,0.202,0.721,0.684,1.21e-09,"TIPRL"
"PPP6C",6.75e-14,0.218,0.563,0.51,1.26e-09,"PPP6C"
"SUPT6H",6.95e-14,0.252,0.493,0.441,1.29e-09,"SUPT6H"
"SETBP1",7.09e-14,0.227,0.963,0.957,1.32e-09,"SETBP1"
"SLC25A33",7.25e-14,0.25,0.481,0.433,1.35e-09,"SLC25A33"
"TAF12",7.35e-14,0.26,0.457,0.406,1.37e-09,"TAF12"
"GORASP2",7.37e-14,0.295,0.506,0.459,1.37e-09,"GORASP2"
"PPIL4",7.41e-14,0.205,0.673,0.638,1.38e-09,"PPIL4"
"MED4",7.49e-14,0.202,0.705,0.67,1.39e-09,"MED4"
"KDM1A",7.58e-14,0.168,0.865,0.843,1.41e-09,"KDM1A"
"CCNG1",7.89e-14,0.326,0.436,0.385,1.47e-09,"CCNG1"
"SOCS1",7.95e-14,-0.825,0.048,0.075,1.48e-09,"SOCS1"
"VPS25",7.99e-14,0.345,0.313,0.265,1.49e-09,"VPS25"
"UXT",8.01e-14,0.21,0.677,0.641,1.49e-09,"UXT"
"PLPPR2",8.14e-14,0.463,0.253,0.207,1.51e-09,"PLPPR2"
"TSPYL4",8.16e-14,0.273,0.473,0.423,1.52e-09,"TSPYL4"
"NADK",8.27e-14,0.328,0.257,0.209,1.54e-09,"NADK"
"POLR2H",8.3e-14,0.262,0.497,0.45,1.54e-09,"POLR2H"
"CHMP2A",8.31e-14,0.178,0.707,0.674,1.55e-09,"CHMP2A"
"NUDT16",8.66e-14,0.415,0.173,0.132,1.61e-09,"NUDT16"
"NAA10",8.77e-14,0.267,0.495,0.449,1.63e-09,"NAA10"
"TSFM",8.85e-14,0.324,0.376,0.327,1.65e-09,"TSFM"
"NOG",8.91e-14,0.781,0.102,0.07,1.66e-09,"NOG"
"BABAM2",9.02e-14,0.198,0.657,0.62,1.68e-09,"BABAM2"
"NUDCD2",9.37e-14,0.221,0.619,0.587,1.74e-09,"NUDCD2"
"CHMP4A",9.44e-14,0.319,0.436,0.39,1.76e-09,"CHMP4A"
"MPPED1",9.49e-14,-1.684,0.004,0.016,1.77e-09,"MPPED1"
"TBL1X",9.57e-14,-0.14,0.628,0.678,1.78e-09,"TBL1X"
"PPP1R14C",9.65e-14,0.6,0.051,0.029,1.8e-09,"PPP1R14C"
"SCRIB",9.71e-14,0.341,0.261,0.214,1.81e-09,"SCRIB"
"TNIK",9.77e-14,0.271,0.772,0.753,1.82e-09,"TNIK"
"BECN1",9.81e-14,0.281,0.397,0.346,1.83e-09,"BECN1"
"ANTXR2",9.83e-14,0.356,0.427,0.376,1.83e-09,"ANTXR2"
"RAB4A",9.97e-14,0.224,0.655,0.623,1.86e-09,"RAB4A"
"DAP3",1.01e-13,0.241,0.576,0.53,1.87e-09,"DAP3"
"PLD3",1.01e-13,0.278,0.573,0.535,1.87e-09,"PLD3"
"SYT14",1.01e-13,-0.252,0.328,0.384,1.88e-09,"SYT14"
"KLF12",1.01e-13,0.273,0.976,0.97,1.88e-09,"KLF12"
"SLC5A9",1.03e-13,0.97,0.046,0.025,1.92e-09,"SLC5A9"
"ZNF32",1.04e-13,0.234,0.577,0.529,1.93e-09,"ZNF32"
"BRS3",1.04e-13,2.281,0.019,0.006,1.94e-09,"BRS3"
"AAGAB",1.05e-13,0.308,0.336,0.287,1.96e-09,"AAGAB"
"RNF10",1.07e-13,0.219,0.626,0.586,2e-09,"RNF10"
"DENND5B",1.1e-13,0.186,0.881,0.867,2.05e-09,"DENND5B"
"CASD1",1.16e-13,0.267,0.637,0.601,2.16e-09,"CASD1"
"PEF1",1.17e-13,0.327,0.397,0.349,2.17e-09,"PEF1"
"MTHFD2L",1.18e-13,0.231,0.565,0.523,2.19e-09,"MTHFD2L"
"STC1",1.18e-13,-0.555,0.054,0.082,2.19e-09,"STC1"
"SERINC3",1.2e-13,0.271,0.508,0.458,2.23e-09,"SERINC3"
"SAT1",1.2e-13,0.311,0.445,0.393,2.24e-09,"SAT1"
"CHMP1B",1.21e-13,0.334,0.47,0.422,2.24e-09,"CHMP1B"
"OGFOD3",1.21e-13,0.366,0.266,0.219,2.25e-09,"OGFOD3"
"RRAGD",1.22e-13,0.329,0.457,0.418,2.28e-09,"RRAGD"
"SH3GL3",1.28e-13,-0.851,0.031,0.054,2.38e-09,"SH3GL3"
"CFDP1",1.28e-13,0.151,0.87,0.854,2.38e-09,"CFDP1"
"FSCN1",1.28e-13,0.251,0.63,0.591,2.39e-09,"FSCN1"
"FAM32A",1.29e-13,0.28,0.498,0.448,2.41e-09,"FAM32A"
"STK38L",1.3e-13,0.293,0.473,0.423,2.43e-09,"STK38L"
"ANAPC5",1.33e-13,0.218,0.623,0.585,2.48e-09,"ANAPC5"
"ABHD17A",1.34e-13,0.328,0.453,0.409,2.49e-09,"ABHD17A"
"NIT1",1.35e-13,0.365,0.272,0.225,2.52e-09,"NIT1"
"SNTG2",1.39e-13,-0.224,0.132,0.174,2.58e-09,"SNTG2"
"RIOK3",1.4e-13,0.216,0.552,0.508,2.61e-09,"RIOK3"
"MAP3K1",1.4e-13,0.33,0.39,0.337,2.61e-09,"MAP3K1"
"MEAF6",1.42e-13,0.21,0.703,0.676,2.64e-09,"MEAF6"
"HRAS",1.42e-13,0.313,0.495,0.45,2.65e-09,"HRAS"
"ANXA7",1.46e-13,0.245,0.54,0.5,2.71e-09,"ANXA7"
"MFSD2A",1.5e-13,0.716,0.063,0.038,2.78e-09,"MFSD2A"
"KIF9",1.51e-13,0.361,0.248,0.201,2.81e-09,"KIF9"
"RPAP3",1.55e-13,0.297,0.403,0.353,2.89e-09,"RPAP3"
"CLEC11A",1.58e-13,0.374,0.259,0.213,2.94e-09,"CLEC11A"
"KIFBP",1.6e-13,0.261,0.6,0.559,2.98e-09,"KIFBP"
"LGMN",1.65e-13,0.386,0.237,0.192,3.07e-09,"LGMN"
"DNMBP",1.73e-13,0.426,0.289,0.244,3.23e-09,"DNMBP"
"RBM24",1.76e-13,-0.686,0.058,0.088,3.28e-09,"RBM24"
"ERF",1.82e-13,0.454,0.172,0.132,3.39e-09,"ERF"
"LRRFIP1",1.93e-13,0.204,0.62,0.581,3.59e-09,"LRRFIP1"
"SVOP",1.93e-13,-0.269,0.125,0.167,3.6e-09,"SVOP"
"COPS8",1.95e-13,0.199,0.636,0.599,3.63e-09,"COPS8"
"CRMP1",1.95e-13,0.142,0.923,0.896,3.63e-09,"CRMP1"
"RCC2",1.97e-13,0.252,0.53,0.48,3.66e-09,"RCC2"
"FGF12",1.97e-13,-0.932,0.08,0.112,3.67e-09,"FGF12"
"CUEDC2",1.98e-13,0.21,0.665,0.636,3.69e-09,"CUEDC2"
"SELENOT",2e-13,0.2,0.685,0.651,3.72e-09,"SELENOT"
"RBM18",2.03e-13,0.328,0.418,0.37,3.77e-09,"RBM18"
"ZFPM2",2.04e-13,0.638,0.496,0.462,3.79e-09,"ZFPM2"
"MRPL4",2.08e-13,0.263,0.511,0.469,3.87e-09,"MRPL4"
"BABAM1",2.09e-13,0.241,0.547,0.504,3.89e-09,"BABAM1"
"BICDL1",2.11e-13,-0.481,0.067,0.099,3.92e-09,"BICDL1"
"YAF2",2.14e-13,0.21,0.758,0.723,3.98e-09,"YAF2"
"DVL3",2.19e-13,0.269,0.49,0.439,4.07e-09,"DVL3"
"SLC1A1",2.2e-13,-0.505,0.06,0.089,4.1e-09,"SLC1A1"
"RBM33",2.24e-13,0.208,0.753,0.727,4.17e-09,"RBM33"
"GABRA2",2.25e-13,-0.339,0.248,0.297,4.19e-09,"GABRA2"
"DHCR7",2.32e-13,0.468,0.268,0.223,4.32e-09,"DHCR7"
"UPF2",2.34e-13,0.246,0.561,0.519,4.36e-09,"UPF2"
"STRN3",2.35e-13,0.164,0.858,0.842,4.38e-09,"STRN3"
"SPOP",2.37e-13,0.17,0.723,0.69,4.41e-09,"SPOP"
"CORO2B",2.39e-13,0.161,0.792,0.759,4.45e-09,"CORO2B"
"CALCOCO1",2.43e-13,0.33,0.376,0.326,4.52e-09,"CALCOCO1"
"COQ9",2.54e-13,0.295,0.375,0.325,4.73e-09,"COQ9"
"SNX9",2.54e-13,0.259,0.534,0.491,4.73e-09,"SNX9"
"DDB1",2.59e-13,0.214,0.628,0.59,4.82e-09,"DDB1"
"BEND7",2.67e-13,0.221,0.414,0.363,4.97e-09,"BEND7"
"NFKB1",2.7e-13,0.275,0.393,0.342,5.02e-09,"NFKB1"
"MYCBP",2.73e-13,0.349,0.26,0.213,5.08e-09,"MYCBP"
"CNOT3",2.75e-13,0.342,0.264,0.217,5.12e-09,"CNOT3"
"COPS5",2.82e-13,0.241,0.534,0.489,5.25e-09,"COPS5"
"ZNF385D",2.85e-13,0.518,0.405,0.366,5.3e-09,"ZNF385D"
"SUMF1",2.85e-13,0.189,0.712,0.676,5.31e-09,"SUMF1"
"GART",2.91e-13,0.252,0.547,0.509,5.41e-09,"GART"
"ERBB4",2.98e-13,0.331,0.52,0.477,5.55e-09,"ERBB4"
"CHD7",3.11e-13,0.198,0.9,0.866,5.78e-09,"CHD7"
"MRPS10",3.12e-13,0.267,0.46,0.414,5.8e-09,"MRPS10"
"ADAT2",3.13e-13,0.551,0.123,0.089,5.82e-09,"ADAT2"
"DHCR24",3.14e-13,0.334,0.312,0.265,5.85e-09,"DHCR24"
"PSIP1",3.23e-13,0.165,0.921,0.917,6.01e-09,"PSIP1"
"USP8",3.26e-13,0.187,0.714,0.686,6.07e-09,"USP8"
"GTF3C1",3.28e-13,0.285,0.519,0.483,6.1e-09,"GTF3C1"
"COPS4",3.28e-13,0.172,0.628,0.587,6.11e-09,"COPS4"
"SLIT2",3.38e-13,0.391,0.363,0.313,6.29e-09,"SLIT2"
"BRD4",3.41e-13,0.188,0.748,0.731,6.34e-09,"BRD4"
"URM1",3.42e-13,0.295,0.419,0.37,6.36e-09,"URM1"
"PPP4R2",3.48e-13,0.183,0.723,0.701,6.47e-09,"PPP4R2"
"SPRED1",3.66e-13,0.313,0.621,0.599,6.8e-09,"SPRED1"
"TIA1",3.66e-13,0.22,0.636,0.595,6.82e-09,"TIA1"
"TMEM179B",3.68e-13,0.286,0.442,0.393,6.85e-09,"TMEM179B"
"NUDC",3.7e-13,0.183,0.745,0.735,6.89e-09,"NUDC"
"PSME1",3.88e-13,0.264,0.491,0.445,7.22e-09,"PSME1"
"MAPK4",3.96e-13,0.425,0.47,0.431,7.36e-09,"MAPK4"
"EDF1",3.96e-13,0.141,0.865,0.861,7.38e-09,"EDF1"
"BCAS3",4.09e-13,0.222,0.708,0.667,7.61e-09,"BCAS3"
"AKT1S1",4.12e-13,0.55,0.15,0.113,7.67e-09,"AKT1S1"
"TP53BP2",4.13e-13,0.259,0.599,0.56,7.69e-09,"TP53BP2"
"RTF2",4.16e-13,0.219,0.661,0.634,7.74e-09,"RTF2"
"NCKAP5",4.17e-13,0.676,0.449,0.408,7.76e-09,"NCKAP5"
"IMPA1",4.19e-13,0.327,0.345,0.298,7.8e-09,"IMPA1"
"IFNAR1",4.22e-13,0.213,0.597,0.56,7.85e-09,"IFNAR1"
"HAUS1",4.23e-13,0.273,0.555,0.513,7.87e-09,"HAUS1"
"PLCD3",4.24e-13,0.438,0.131,0.096,7.88e-09,"PLCD3"
"ZC3H12B",4.26e-13,0.206,0.658,0.614,7.92e-09,"ZC3H12B"
"BLCAP",4.31e-13,0.304,0.549,0.513,8.02e-09,"BLCAP"
"SRPRB",4.4e-13,0.346,0.249,0.203,8.19e-09,"SRPRB"
"F8A1",4.41e-13,0.521,0.148,0.111,8.2e-09,"F8A1"
"KEAP1",4.44e-13,0.361,0.316,0.27,8.26e-09,"KEAP1"
"SORBS2",4.46e-13,0.299,0.558,0.508,8.3e-09,"SORBS2"
"DERA",4.47e-13,0.262,0.494,0.446,8.32e-09,"DERA"
"MPC2",4.47e-13,0.186,0.74,0.708,8.32e-09,"MPC2"
"PSMB8",4.51e-13,0.613,0.121,0.088,8.4e-09,"PSMB8"
"PSMB7",4.52e-13,0.194,0.799,0.78,8.42e-09,"PSMB7"
"NLN",4.62e-13,0.222,0.57,0.523,8.6e-09,"NLN"
"CHFR",4.66e-13,0.275,0.413,0.362,8.67e-09,"CHFR"
"KRAS",4.72e-13,0.204,0.671,0.644,8.79e-09,"KRAS"
"TAF15",4.74e-13,0.138,0.836,0.828,8.83e-09,"TAF15"
"RASL10B",4.74e-13,0.579,0.122,0.089,8.83e-09,"RASL10B"
"PCNX1",4.79e-13,0.161,0.811,0.795,8.91e-09,"PCNX1"
"TMEM132C",4.8e-13,1.563,0.025,0.011,8.93e-09,"TMEM132C"
"UTP14A",4.82e-13,0.33,0.262,0.216,8.97e-09,"UTP14A"
"RO60",4.82e-13,0.123,0.861,0.85,8.98e-09,"RO60"
"VSTM2A",5.04e-13,-1.594,0.016,0.033,9.37e-09,"VSTM2A"
"ARID4B",5.05e-13,0.154,0.946,0.939,9.4e-09,"ARID4B"
"XRCC4",5.23e-13,0.312,0.381,0.331,9.73e-09,"XRCC4"
"CSNK2A1",5.25e-13,0.166,0.814,0.796,9.77e-09,"CSNK2A1"
"SDHAF2",5.4e-13,0.365,0.296,0.249,1.01e-08,"SDHAF2"
"TCEAL7",5.42e-13,0.358,0.486,0.445,1.01e-08,"TCEAL7"
"TAOK1",5.45e-13,0.156,0.926,0.921,1.01e-08,"TAOK1"
"ARMC10",5.49e-13,0.235,0.494,0.445,1.02e-08,"ARMC10"
"ZNF576",5.49e-13,0.384,0.232,0.187,1.02e-08,"ZNF576"
"ZNF804A",5.51e-13,0.378,0.311,0.261,1.02e-08,"ZNF804A"
"WAC",5.59e-13,0.143,0.866,0.855,1.04e-08,"WAC"
"PSENEN",5.64e-13,0.331,0.42,0.374,1.05e-08,"PSENEN"
"HDAC5",5.65e-13,0.312,0.333,0.284,1.05e-08,"HDAC5"
"BTG3",5.65e-13,0.3,0.536,0.494,1.05e-08,"BTG3"
"EFNB2",5.65e-13,-0.225,0.413,0.47,1.05e-08,"EFNB2"
"PLAU",5.87e-13,0.849,0.068,0.043,1.09e-08,"PLAU"
"STX6",5.94e-13,0.259,0.568,0.527,1.11e-08,"STX6"
"RRAS2",5.99e-13,0.262,0.251,0.204,1.11e-08,"RRAS2"
"C19orf81",6.08e-13,0.606,0.077,0.05,1.13e-08,"C19orf81"
"TLK2",6.26e-13,0.194,0.721,0.696,1.16e-08,"TLK2"
"WBP11",6.48e-13,0.238,0.581,0.548,1.21e-08,"WBP11"
"ASCL1",6.51e-13,0.239,0.523,0.478,1.21e-08,"ASCL1"
"NOB1",6.53e-13,0.348,0.252,0.207,1.22e-08,"NOB1"
"LEF1",6.6e-13,0.643,0.149,0.113,1.23e-08,"LEF1"
"MAP4K3",6.68e-13,0.157,0.827,0.812,1.24e-08,"MAP4K3"
"ADAM17",6.8e-13,0.192,0.654,0.619,1.27e-08,"ADAM17"
"CA9",6.89e-13,-2.934,0.003,0.012,1.28e-08,"CA9"
"ZNF277",6.95e-13,0.236,0.511,0.463,1.29e-08,"ZNF277"
"MTA1",7.1e-13,0.284,0.472,0.424,1.32e-08,"MTA1"
"CBR4",7.12e-13,0.226,0.706,0.684,1.32e-08,"CBR4"
"SSX2IP",7.14e-13,0.319,0.346,0.3,1.33e-08,"SSX2IP"
"PGPEP1",7.17e-13,0.384,0.165,0.126,1.33e-08,"PGPEP1"
"CELSR2",7.19e-13,0.317,0.442,0.394,1.34e-08,"CELSR2"
"RAB21",7.2e-13,0.222,0.595,0.555,1.34e-08,"RAB21"
"PLCE1",7.37e-13,0.318,0.545,0.509,1.37e-08,"PLCE1"
"SLX9",7.38e-13,0.38,0.254,0.21,1.37e-08,"SLX9"
"PARVA",7.57e-13,0.36,0.216,0.174,1.41e-08,"PARVA"
"BBIP1",7.62e-13,0.243,0.578,0.534,1.42e-08,"BBIP1"
"PDLIM2",7.68e-13,0.329,0.393,0.346,1.43e-08,"PDLIM2"
"DCTN4",7.7e-13,0.221,0.642,0.604,1.43e-08,"DCTN4"
"TMX4",7.77e-13,0.262,0.535,0.489,1.45e-08,"TMX4"
"H1-2",7.91e-13,0.388,0.481,0.425,1.47e-08,"H1-2"
"CAAP1",7.99e-13,0.32,0.458,0.414,1.49e-08,"CAAP1"
"FLRT2",8.01e-13,-0.454,0.349,0.398,1.49e-08,"FLRT2"
"ZNF219",8.05e-13,0.31,0.356,0.305,1.5e-08,"ZNF219"
"SMIM10L1",8.09e-13,0.305,0.408,0.363,1.51e-08,"SMIM10L1"
"STK33",8.22e-13,0.241,0.569,0.528,1.53e-08,"STK33"
"CENPX",8.32e-13,0.276,0.476,0.431,1.55e-08,"CENPX"
"MRPL18",8.6e-13,0.199,0.62,0.59,1.6e-08,"MRPL18"
"TSSC4",8.6e-13,0.309,0.383,0.333,1.6e-08,"TSSC4"
"TTC37",8.68e-13,0.161,0.775,0.753,1.61e-08,"TTC37"
"DPYD",8.76e-13,0.582,0.29,0.247,1.63e-08,"DPYD"
"BCL2L12",8.79e-13,0.529,0.14,0.105,1.64e-08,"BCL2L12"
"U2AF2",8.88e-13,0.319,0.38,0.336,1.65e-08,"U2AF2"
"SCCPDH",8.97e-13,0.212,0.647,0.617,1.67e-08,"SCCPDH"
"UBE2S",9.1e-13,0.193,0.737,0.693,1.69e-08,"UBE2S"
"DYNLRB1",9.13e-13,0.303,0.535,0.491,1.7e-08,"DYNLRB1"
"MRPL28",9.15e-13,0.31,0.432,0.383,1.7e-08,"MRPL28"
"WASF2",9.52e-13,0.175,0.675,0.646,1.77e-08,"WASF2"
"SMIM7",9.52e-13,0.208,0.641,0.618,1.77e-08,"SMIM7"
"SRP72",9.55e-13,0.149,0.742,0.719,1.78e-08,"SRP72"
"RCBTB1",9.6e-13,0.356,0.29,0.244,1.79e-08,"RCBTB1"
"LRRC42",9.7e-13,0.324,0.454,0.409,1.8e-08,"LRRC42"
"LDAH",9.74e-13,0.254,0.486,0.444,1.81e-08,"LDAH"
"ARHGAP29",1.01e-12,0.794,0.138,0.104,1.88e-08,"ARHGAP29"
"ENSG00000276345",1.01e-12,0.605,0.105,0.074,1.89e-08,"ENSG00000276345"
"PRPF38B",1.04e-12,0.251,0.619,0.582,1.94e-08,"PRPF38B"
"ZDHHC4",1.05e-12,0.349,0.348,0.302,1.96e-08,"ZDHHC4"
"FUBP1",1.09e-12,0.186,0.823,0.812,2.03e-08,"FUBP1"
"SFPQ",1.09e-12,0.136,0.948,0.944,2.03e-08,"SFPQ"
"CPS1",1.1e-12,0.63,0.143,0.107,2.04e-08,"CPS1"
"PTP4A2",1.12e-12,0.171,0.732,0.717,2.08e-08,"PTP4A2"
"FDFT1",1.14e-12,0.206,0.638,0.601,2.13e-08,"FDFT1"
"PSMA5",1.22e-12,0.227,0.639,0.618,2.27e-08,"PSMA5"
"RRAGA",1.23e-12,0.283,0.557,0.519,2.29e-08,"RRAGA"
"PSMG2",1.24e-12,0.185,0.647,0.618,2.32e-08,"PSMG2"
"PPP4R1",1.26e-12,0.213,0.704,0.677,2.34e-08,"PPP4R1"
"PUM3",1.27e-12,0.22,0.557,0.513,2.36e-08,"PUM3"
"PCYT1B",1.27e-12,0.316,0.388,0.338,2.36e-08,"PCYT1B"
"PTPRN2",1.28e-12,-0.277,0.505,0.547,2.38e-08,"PTPRN2"
"MT1M",1.3e-12,-1.206,0.021,0.04,2.41e-08,"MT1M"
"SULF2",1.31e-12,0.595,0.147,0.111,2.44e-08,"SULF2"
"NDFIP2",1.39e-12,0.294,0.386,0.337,2.58e-08,"NDFIP2"
"MT1E",1.39e-12,-1.584,0.073,0.103,2.6e-08,"MT1E"
"CCDC82",1.4e-12,0.23,0.71,0.688,2.6e-08,"CCDC82"
"PLEKHA3",1.42e-12,0.232,0.597,0.556,2.64e-08,"PLEKHA3"
"INSYN2A",1.42e-12,0.345,0.159,0.121,2.64e-08,"INSYN2A"
"PABPC4",1.51e-12,0.271,0.441,0.397,2.8e-08,"PABPC4"
"CTSB",1.51e-12,0.317,0.411,0.366,2.81e-08,"CTSB"
"NCSTN",1.53e-12,0.343,0.303,0.257,2.85e-08,"NCSTN"
"SLC66A3",1.54e-12,0.384,0.187,0.147,2.86e-08,"SLC66A3"
"ARIH1",1.55e-12,0.171,0.913,0.909,2.88e-08,"ARIH1"
"CHD9",1.55e-12,0.14,0.975,0.972,2.89e-08,"CHD9"
"PLEKHO1",1.57e-12,0.248,0.705,0.675,2.92e-08,"PLEKHO1"
"TRMT6",1.59e-12,0.487,0.202,0.162,2.96e-08,"TRMT6"
"ETNPPL",1.62e-12,-1.003,0.014,0.03,3.01e-08,"ETNPPL"
"RHOJ",1.62e-12,0.193,0.448,0.397,3.02e-08,"RHOJ"
"CNBP",1.63e-12,0.152,0.78,0.768,3.04e-08,"CNBP"
"SPNS1",1.63e-12,0.365,0.29,0.245,3.04e-08,"SPNS1"
"SNX19",1.64e-12,0.276,0.486,0.44,3.06e-08,"SNX19"
"IQGAP1",1.65e-12,0.263,0.578,0.548,3.08e-08,"IQGAP1"
"H1-4",1.65e-12,0.352,0.436,0.384,3.08e-08,"H1-4"
"FAM234A",1.66e-12,0.228,0.328,0.279,3.09e-08,"FAM234A"
"DISC1",1.67e-12,0.474,0.138,0.103,3.11e-08,"DISC1"
"MFSD1",1.69e-12,0.341,0.318,0.271,3.14e-08,"MFSD1"
"RNF146",1.73e-12,0.253,0.587,0.544,3.22e-08,"RNF146"
"ANAPC15",1.77e-12,0.364,0.407,0.36,3.3e-08,"ANAPC15"
"FUCA2",1.78e-12,0.318,0.305,0.259,3.32e-08,"FUCA2"
"CCDC28A",1.8e-12,0.474,0.186,0.147,3.35e-08,"CCDC28A"
"ZDHHC15",1.81e-12,0.269,0.529,0.489,3.37e-08,"ZDHHC15"
"DYNLL2",1.89e-12,0.289,0.601,0.563,3.51e-08,"DYNLL2"
"SLC52A2",1.91e-12,0.445,0.245,0.202,3.55e-08,"SLC52A2"
"PCSK2",1.91e-12,-0.77,0.038,0.061,3.55e-08,"PCSK2"
"EIF2AK1",1.92e-12,0.201,0.63,0.601,3.57e-08,"EIF2AK1"
"CDC26",1.94e-12,0.261,0.506,0.464,3.62e-08,"CDC26"
"EHMT1",1.95e-12,0.158,0.86,0.842,3.63e-08,"EHMT1"
"DNAJC21",1.96e-12,0.28,0.472,0.431,3.65e-08,"DNAJC21"
"LRRC3B",1.98e-12,-0.181,0.362,0.412,3.68e-08,"LRRC3B"
"NHS",1.99e-12,0.272,0.487,0.447,3.7e-08,"NHS"
"GNG7",2.03e-12,0.369,0.354,0.307,3.78e-08,"GNG7"
"NDUFB10",2.08e-12,0.161,0.773,0.759,3.87e-08,"NDUFB10"
"BRAF",2.09e-12,0.177,0.893,0.876,3.89e-08,"BRAF"
"MAGEH1",2.11e-12,0.287,0.576,0.539,3.94e-08,"MAGEH1"
"KPNB1",2.16e-12,0.167,0.831,0.831,4.02e-08,"KPNB1"
"CPT2",2.19e-12,0.461,0.226,0.184,4.07e-08,"CPT2"
"SPOCK1",2.19e-12,-0.494,0.188,0.228,4.08e-08,"SPOCK1"
"ERP44",2.2e-12,0.208,0.661,0.627,4.09e-08,"ERP44"
"RTKN",2.23e-12,0.42,0.162,0.125,4.14e-08,"RTKN"
"LRRC8A",2.29e-12,0.301,0.343,0.296,4.26e-08,"LRRC8A"
"MTMR2",2.32e-12,0.292,0.545,0.508,4.32e-08,"MTMR2"
"ATP6V1C1",2.37e-12,0.232,0.499,0.456,4.4e-08,"ATP6V1C1"
"MAP2K4",2.37e-12,0.148,0.758,0.735,4.41e-08,"MAP2K4"
"IFT74",2.37e-12,0.304,0.471,0.423,4.42e-08,"IFT74"
"SPOCD1",2.41e-12,1.112,0.035,0.018,4.48e-08,"SPOCD1"
"FEZ2",2.41e-12,0.238,0.636,0.617,4.49e-08,"FEZ2"
"GPBP1L1",2.44e-12,0.228,0.61,0.575,4.55e-08,"GPBP1L1"
"TUSC3",2.51e-12,0.175,0.67,0.648,4.67e-08,"TUSC3"
"AIFM1",2.52e-12,0.342,0.32,0.274,4.69e-08,"AIFM1"
"RAB39B",2.57e-12,0.433,0.209,0.168,4.79e-08,"RAB39B"
"STN1",2.62e-12,0.367,0.13,0.096,4.88e-08,"STN1"
"PURA",2.62e-12,0.221,0.457,0.404,4.89e-08,"PURA"
"MAPK1IP1L",2.63e-12,0.206,0.636,0.607,4.9e-08,"MAPK1IP1L"
"BOD1",2.63e-12,0.235,0.567,0.527,4.9e-08,"BOD1"
"NUMBL",2.64e-12,0.334,0.29,0.244,4.91e-08,"NUMBL"
"BAZ2A",2.65e-12,0.285,0.465,0.416,4.92e-08,"BAZ2A"
"QTRT1",2.68e-12,0.305,0.325,0.278,4.99e-08,"QTRT1"
"DPM1",2.73e-12,0.241,0.525,0.486,5.07e-08,"DPM1"
"RBMS2",2.74e-12,0.279,0.405,0.358,5.1e-08,"RBMS2"
"ADAR",2.88e-12,0.177,0.658,0.63,5.35e-08,"ADAR"
"CCDC137",2.91e-12,0.291,0.307,0.259,5.41e-08,"CCDC137"
"LRCH3",2.96e-12,0.208,0.77,0.751,5.51e-08,"LRCH3"
"VEGFB",2.97e-12,0.254,0.468,0.428,5.52e-08,"VEGFB"
"SNX4",2.97e-12,0.207,0.744,0.723,5.52e-08,"SNX4"
"SLC36A1",2.97e-12,0.37,0.215,0.175,5.52e-08,"SLC36A1"
"SYNRG",2.97e-12,0.22,0.668,0.63,5.52e-08,"SYNRG"
"VPS72",3.02e-12,0.274,0.524,0.484,5.62e-08,"VPS72"
"GET3",3.04e-12,0.296,0.489,0.446,5.67e-08,"GET3"
"ARRB1",3.13e-12,-0.727,0.028,0.048,5.82e-08,"ARRB1"
"TAF7",3.24e-12,0.147,0.827,0.81,6.04e-08,"TAF7"
"RPGR",3.27e-12,0.375,0.24,0.197,6.08e-08,"RPGR"
"CCDC174",3.28e-12,0.34,0.404,0.358,6.1e-08,"CCDC174"
"MERTK",3.34e-12,0.465,0.187,0.148,6.22e-08,"MERTK"
"TRNT1",3.36e-12,0.278,0.402,0.356,6.25e-08,"TRNT1"
"ARSJ",3.36e-12,0.838,0.074,0.048,6.26e-08,"ARSJ"
"MRPS5",3.39e-12,0.401,0.23,0.188,6.32e-08,"MRPS5"
"CFAP36",3.41e-12,0.226,0.618,0.581,6.36e-08,"CFAP36"
"PHYHIPL",3.42e-12,0.205,0.752,0.735,6.37e-08,"PHYHIPL"
"WDR26",3.45e-12,0.22,0.648,0.617,6.42e-08,"WDR26"
"PSME2",3.49e-12,0.269,0.406,0.358,6.49e-08,"PSME2"
"STXBP3",3.54e-12,0.233,0.524,0.477,6.58e-08,"STXBP3"
"TMEM178A",3.54e-12,-0.361,0.118,0.154,6.59e-08,"TMEM178A"
"TIMMDC1",3.57e-12,0.201,0.574,0.539,6.65e-08,"TIMMDC1"
"C1D",3.59e-12,0.252,0.455,0.406,6.68e-08,"C1D"
"RAB4B",3.65e-12,0.399,0.213,0.171,6.79e-08,"RAB4B"
"TGFBR2",3.7e-12,0.318,0.115,0.083,6.88e-08,"TGFBR2"
"CPSF2",3.76e-12,0.258,0.483,0.438,7e-08,"CPSF2"
"VASH2",3.78e-12,-0.405,0.103,0.138,7.03e-08,"VASH2"
"CIB1",4.01e-12,0.213,0.418,0.37,7.46e-08,"CIB1"
"TMEM132B",4.02e-12,-0.607,0.054,0.08,7.48e-08,"TMEM132B"
"CETN2",4.07e-12,0.213,0.527,0.482,7.57e-08,"CETN2"
"WBP4",4.07e-12,0.207,0.512,0.465,7.58e-08,"WBP4"
"CDK11B",4.08e-12,0.254,0.416,0.369,7.59e-08,"CDK11B"
"TFAM",4.13e-12,0.253,0.534,0.499,7.68e-08,"TFAM"
"KLHL9",4.2e-12,0.311,0.507,0.464,7.82e-08,"KLHL9"
"FBXW2",4.22e-12,0.229,0.475,0.429,7.85e-08,"FBXW2"
"PHEX",4.23e-12,0.397,0.164,0.126,7.87e-08,"PHEX"
"SRGAP2",4.26e-12,0.267,0.735,0.7,7.93e-08,"SRGAP2"
"CHRDL1",4.26e-12,-0.241,0.252,0.298,7.94e-08,"CHRDL1"
"SRSF2",4.3e-12,0.196,0.763,0.749,8e-08,"SRSF2"
"LMAN1",4.32e-12,0.209,0.536,0.493,8.04e-08,"LMAN1"
"YPEL5",4.41e-12,0.285,0.513,0.468,8.21e-08,"YPEL5"
"FZD5",4.43e-12,0.408,0.179,0.14,8.25e-08,"FZD5"
"VIPR2",4.45e-12,-1.436,0.008,0.021,8.28e-08,"VIPR2"
"SEPTIN7",4.48e-12,0.116,0.986,0.986,8.34e-08,"SEPTIN7"
"MAP3K12",4.49e-12,0.308,0.296,0.249,8.36e-08,"MAP3K12"
"GRIPAP1",4.72e-12,0.192,0.66,0.621,8.78e-08,"GRIPAP1"
"FSTL4",4.73e-12,-0.937,0.026,0.045,8.81e-08,"FSTL4"
"GNPTG",4.78e-12,0.279,0.412,0.367,8.9e-08,"GNPTG"
"HOOK3",4.84e-12,0.178,0.893,0.884,9.01e-08,"HOOK3"
"ZDHHC21",4.86e-12,0.186,0.672,0.648,9.04e-08,"ZDHHC21"
"RLF",4.87e-12,-0.246,0.668,0.709,9.07e-08,"RLF"
"S100A13",4.88e-12,0.702,0.106,0.075,9.08e-08,"S100A13"
"CNGA3",4.92e-12,0.608,0.135,0.102,9.16e-08,"CNGA3"
"UBXN6",4.92e-12,0.388,0.262,0.219,9.16e-08,"UBXN6"
"CALCOCO2",4.93e-12,0.272,0.43,0.383,9.18e-08,"CALCOCO2"
"WDFY1",5.14e-12,0.238,0.501,0.462,9.57e-08,"WDFY1"
"MRPS34",5.26e-12,0.212,0.572,0.534,9.8e-08,"MRPS34"
"SLC4A2",5.27e-12,0.337,0.22,0.179,9.81e-08,"SLC4A2"
"NUBP2",5.34e-12,0.33,0.34,0.295,9.93e-08,"NUBP2"
"TNIP2",5.46e-12,0.417,0.23,0.19,1.02e-07,"TNIP2"
"EIF3B",5.47e-12,0.27,0.498,0.456,1.02e-07,"EIF3B"
"SEZ6L2",5.56e-12,0.427,0.276,0.233,1.04e-07,"SEZ6L2"
"ACSL3",5.59e-12,0.292,0.752,0.742,1.04e-07,"ACSL3"
"SUCLG2",5.81e-12,0.207,0.401,0.35,1.08e-07,"SUCLG2"
"CNOT2",6e-12,0.162,0.814,0.794,1.12e-07,"CNOT2"
"RPL17",6.09e-12,0.181,0.681,0.655,1.13e-07,"RPL17"
"GET1",6.16e-12,0.219,0.658,0.626,1.15e-07,"GET1"
"NUDT9",6.27e-12,0.244,0.449,0.403,1.17e-07,"NUDT9"
"EVA1B",6.37e-12,0.477,0.157,0.122,1.18e-07,"EVA1B"
"FRAS1",6.39e-12,0.594,0.079,0.053,1.19e-07,"FRAS1"
"DYRK4",6.43e-12,0.303,0.307,0.261,1.2e-07,"DYRK4"
"BCLAF1",6.46e-12,0.138,0.842,0.833,1.2e-07,"BCLAF1"
"COPS6",6.48e-12,0.213,0.661,0.636,1.21e-07,"COPS6"
"CCNK",6.53e-12,0.258,0.451,0.405,1.21e-07,"CCNK"
"YY1",6.55e-12,0.152,0.798,0.787,1.22e-07,"YY1"
"TRIM5",6.58e-12,0.293,0.269,0.225,1.23e-07,"TRIM5"
"HSD17B6",6.6e-12,-0.85,0.072,0.1,1.23e-07,"HSD17B6"
"TCTN1",6.6e-12,0.229,0.428,0.381,1.23e-07,"TCTN1"
"VSTM4",6.64e-12,0.609,0.125,0.093,1.24e-07,"VSTM4"
"R3HDM1",6.66e-12,0.15,0.795,0.769,1.24e-07,"R3HDM1"
"TAGLN3",6.73e-12,0.33,0.605,0.564,1.25e-07,"TAGLN3"
"NABP2",6.97e-12,0.368,0.297,0.253,1.3e-07,"NABP2"
"THG1L",7e-12,0.36,0.182,0.144,1.3e-07,"THG1L"
"CNIH1",7.15e-12,0.204,0.604,0.57,1.33e-07,"CNIH1"
"GMPR2",7.2e-12,0.339,0.296,0.251,1.34e-07,"GMPR2"
"SSR1",7.21e-12,0.236,0.604,0.57,1.34e-07,"SSR1"
"GABBR1",7.29e-12,0.215,0.622,0.585,1.36e-07,"GABBR1"
"ARHGEF28",7.36e-12,-0.371,0.187,0.227,1.37e-07,"ARHGEF28"
"PSMG1",7.37e-12,0.321,0.274,0.23,1.37e-07,"PSMG1"
"ZNF407",7.45e-12,0.214,0.655,0.611,1.39e-07,"ZNF407"
"MDH1",7.48e-12,0.186,0.672,0.642,1.39e-07,"MDH1"
"CNP",7.6e-12,0.312,0.396,0.352,1.41e-07,"CNP"
"FDX1",7.61e-12,0.26,0.507,0.469,1.42e-07,"FDX1"
"RIMOC1",7.65e-12,0.267,0.352,0.305,1.42e-07,"RIMOC1"
"DBNL",7.97e-12,0.292,0.381,0.335,1.48e-07,"DBNL"
"C3orf38",8.14e-12,0.222,0.584,0.543,1.52e-07,"C3orf38"
"ITFG1",8.19e-12,0.131,0.878,0.871,1.53e-07,"ITFG1"
"RIMBP2",8.21e-12,-0.363,0.083,0.115,1.53e-07,"RIMBP2"
"FOXJ3",8.24e-12,0.218,0.822,0.798,1.53e-07,"FOXJ3"
"TSPAN14",8.31e-12,0.211,0.566,0.521,1.55e-07,"TSPAN14"
"LIMK1",8.46e-12,0.302,0.25,0.206,1.58e-07,"LIMK1"
"TNKS2",8.47e-12,0.187,0.69,0.664,1.58e-07,"TNKS2"
"GTF3C3",8.49e-12,0.311,0.323,0.277,1.58e-07,"GTF3C3"
"DCAF8",8.73e-12,0.266,0.453,0.407,1.63e-07,"DCAF8"
"PCDH19",9.09e-12,0.441,0.137,0.103,1.69e-07,"PCDH19"
"ARMCX6",9.16e-12,0.308,0.342,0.297,1.71e-07,"ARMCX6"
"AGO1",9.2e-12,0.258,0.463,0.418,1.71e-07,"AGO1"
"OPA1",9.27e-12,0.154,0.716,0.684,1.72e-07,"OPA1"
"PPCS",9.3e-12,0.444,0.14,0.105,1.73e-07,"PPCS"
"AIMP2",9.34e-12,0.303,0.411,0.364,1.74e-07,"AIMP2"
"CCDC85A",9.55e-12,-1.312,0.012,0.027,1.78e-07,"CCDC85A"
"UTP11",9.73e-12,0.275,0.457,0.414,1.81e-07,"UTP11"
"AP1S2",9.77e-12,0.258,0.768,0.786,1.82e-07,"AP1S2"
"FBXO9",9.79e-12,0.195,0.518,0.471,1.82e-07,"FBXO9"
"MRPL58",1e-11,0.312,0.419,0.376,1.86e-07,"MRPL58"
"NAV2",1.02e-11,0.663,0.436,0.398,1.9e-07,"NAV2"
"DCPS",1.03e-11,0.331,0.316,0.272,1.91e-07,"DCPS"
"MRPS28",1.03e-11,0.184,0.608,0.57,1.91e-07,"MRPS28"
"RHOB",1.05e-11,0.352,0.419,0.379,1.96e-07,"RHOB"
"DTNBP1",1.05e-11,0.326,0.327,0.281,1.96e-07,"DTNBP1"
"RBM42",1.08e-11,0.286,0.392,0.346,2e-07,"RBM42"
"NSUN3",1.08e-11,0.309,0.331,0.283,2.01e-07,"NSUN3"
"TM7SF2",1.09e-11,0.286,0.38,0.333,2.03e-07,"TM7SF2"
"EPC1",1.1e-11,0.167,0.949,0.94,2.05e-07,"EPC1"
"LSM3",1.11e-11,0.154,0.801,0.783,2.06e-07,"LSM3"
"RALY",1.13e-11,0.144,0.777,0.75,2.1e-07,"RALY"
"ACTR1B",1.13e-11,0.365,0.276,0.233,2.1e-07,"ACTR1B"
"IVD",1.17e-11,0.285,0.443,0.405,2.17e-07,"IVD"
"TRMT11",1.17e-11,0.261,0.618,0.583,2.17e-07,"TRMT11"
"RBM17",1.18e-11,0.159,0.754,0.741,2.2e-07,"RBM17"
"TNKS",1.2e-11,0.123,0.9,0.888,2.23e-07,"TNKS"
"BRD3",1.2e-11,0.224,0.667,0.634,2.24e-07,"BRD3"
"MMADHC",1.2e-11,0.236,0.569,0.53,2.24e-07,"MMADHC"
"LENG1",1.22e-11,0.423,0.215,0.175,2.27e-07,"LENG1"
"SNX2",1.24e-11,0.194,0.662,0.627,2.3e-07,"SNX2"
"COPB1",1.24e-11,0.205,0.69,0.673,2.31e-07,"COPB1"
"RANBP2",1.27e-11,0.187,0.642,0.609,2.36e-07,"RANBP2"
"BORCS8",1.28e-11,0.296,0.266,0.22,2.38e-07,"BORCS8"
"AK6",1.28e-11,0.241,0.478,0.434,2.39e-07,"AK6"
"PRELID2",1.31e-11,-0.524,0.149,0.185,2.44e-07,"PRELID2"
"HMGCR",1.32e-11,0.266,0.57,0.528,2.45e-07,"HMGCR"
"SMO",1.32e-11,0.341,0.33,0.287,2.46e-07,"SMO"
"PCDHGB6",1.33e-11,0.283,0.424,0.383,2.47e-07,"PCDHGB6"
"HELZ",1.34e-11,0.201,0.778,0.762,2.5e-07,"HELZ"
"RRP9",1.35e-11,0.417,0.151,0.117,2.51e-07,"RRP9"
"CBY1",1.38e-11,0.267,0.48,0.435,2.56e-07,"CBY1"
"RAB1A",1.38e-11,0.141,0.817,0.806,2.57e-07,"RAB1A"
"CD58",1.39e-11,0.384,0.281,0.237,2.6e-07,"CD58"
"TMED1",1.4e-11,0.402,0.203,0.163,2.6e-07,"TMED1"
"UQCRC2",1.42e-11,0.174,0.743,0.714,2.64e-07,"UQCRC2"
"AKR1B1",1.44e-11,0.336,0.457,0.416,2.68e-07,"AKR1B1"
"HBP1",1.47e-11,0.243,0.499,0.458,2.73e-07,"HBP1"
"SHMT2",1.49e-11,0.22,0.334,0.287,2.78e-07,"SHMT2"
"SNX5",1.53e-11,0.199,0.535,0.492,2.85e-07,"SNX5"
"GLTP",1.53e-11,0.249,0.432,0.386,2.85e-07,"GLTP"
"TMA16",1.56e-11,0.271,0.32,0.276,2.9e-07,"TMA16"
"PROX1",1.57e-11,0.315,0.443,0.394,2.93e-07,"PROX1"
"MTA3",1.59e-11,0.227,0.527,0.488,2.97e-07,"MTA3"
"PPP1R1A",1.6e-11,-1.169,0.02,0.037,2.98e-07,"PPP1R1A"
"NEMF",1.63e-11,0.147,0.787,0.769,3.03e-07,"NEMF"
"TANC1",1.68e-11,0.285,0.541,0.507,3.12e-07,"TANC1"
"BUD23",1.78e-11,0.227,0.475,0.434,3.31e-07,"BUD23"
"EEF2KMT",1.85e-11,0.441,0.141,0.108,3.45e-07,"EEF2KMT"
"ARL4A",1.88e-11,0.538,0.118,0.087,3.5e-07,"ARL4A"
"KBTBD11",1.89e-11,-0.376,0.16,0.198,3.52e-07,"KBTBD11"
"SCO1",1.89e-11,0.291,0.349,0.302,3.53e-07,"SCO1"
"GANAB",1.92e-11,0.252,0.465,0.425,3.57e-07,"GANAB"
"PCMTD2",1.93e-11,0.259,0.517,0.476,3.59e-07,"PCMTD2"
"FGFBP3",1.93e-11,0.43,0.358,0.317,3.6e-07,"FGFBP3"
"FTSJ3",1.94e-11,0.368,0.227,0.186,3.61e-07,"FTSJ3"
"RFTN1",1.98e-11,0.38,0.458,0.422,3.69e-07,"RFTN1"
"RBFOX2",1.99e-11,0.107,0.965,0.96,3.7e-07,"RBFOX2"
"SUMO3",2.05e-11,0.283,0.471,0.428,3.81e-07,"SUMO3"
"MCFD2",2.13e-11,0.232,0.502,0.46,3.97e-07,"MCFD2"
"P4HTM",2.17e-11,0.317,0.298,0.254,4.05e-07,"P4HTM"
"PRNP",2.18e-11,0.236,0.446,0.4,4.05e-07,"PRNP"
"ARL2",2.21e-11,0.289,0.416,0.374,4.12e-07,"ARL2"
"DNM1",2.26e-11,0.274,0.394,0.351,4.2e-07,"DNM1"
"GPNMB",2.28e-11,0.975,0.048,0.028,4.25e-07,"GPNMB"
"SDCCAG8",2.29e-11,0.156,0.765,0.745,4.26e-07,"SDCCAG8"
"PHF14",2.29e-11,0.144,0.944,0.934,4.27e-07,"PHF14"
"KPNA6",2.3e-11,0.224,0.625,0.592,4.27e-07,"KPNA6"
"LSM6",2.31e-11,0.203,0.572,0.534,4.3e-07,"LSM6"
"ZNF787",2.32e-11,0.347,0.311,0.268,4.32e-07,"ZNF787"
"CFLAR",2.35e-11,-0.422,0.053,0.079,4.37e-07,"CFLAR"
"SPTAN1",2.35e-11,0.137,0.821,0.81,4.38e-07,"SPTAN1"
"SAFB",2.37e-11,0.178,0.701,0.674,4.41e-07,"SAFB"
"GRIA2",2.37e-11,0.318,0.185,0.146,4.42e-07,"GRIA2"
"JAM2",2.41e-11,0.223,0.544,0.499,4.48e-07,"JAM2"
"SRSF4",2.41e-11,0.132,0.86,0.854,4.48e-07,"SRSF4"
"RAB28",2.47e-11,0.216,0.667,0.629,4.6e-07,"RAB28"
"TIMP2",2.49e-11,0.209,0.662,0.642,4.63e-07,"TIMP2"
"SMUG1",2.5e-11,0.332,0.237,0.195,4.65e-07,"SMUG1"
"VAMP5",2.5e-11,0.488,0.125,0.093,4.65e-07,"VAMP5"
"GIGYF2",2.52e-11,0.156,0.828,0.822,4.69e-07,"GIGYF2"
"RHBDD2",2.59e-11,0.334,0.284,0.242,4.82e-07,"RHBDD2"
"G3BP1",2.6e-11,0.179,0.702,0.68,4.83e-07,"G3BP1"
"MANBAL",2.6e-11,0.283,0.335,0.291,4.85e-07,"MANBAL"
"PTPRB",2.64e-11,-0.959,0.014,0.029,4.92e-07,"PTPRB"
"PCBP3",2.66e-11,-0.432,0.069,0.097,4.94e-07,"PCBP3"
"UQCRC1",2.78e-11,0.269,0.484,0.442,5.17e-07,"UQCRC1"
"PRKACB",2.8e-11,0.172,0.758,0.736,5.21e-07,"PRKACB"
"RNF220",2.84e-11,0.573,0.299,0.259,5.29e-07,"RNF220"
"ERCC4",2.86e-11,0.237,0.414,0.367,5.33e-07,"ERCC4"
"TIMM17A",2.88e-11,0.255,0.477,0.438,5.37e-07,"TIMM17A"
"CTNNB1",2.91e-11,0.184,0.775,0.765,5.42e-07,"CTNNB1"
"RPA3",2.92e-11,0.308,0.453,0.41,5.44e-07,"RPA3"
"PSMD3",2.92e-11,0.215,0.576,0.534,5.44e-07,"PSMD3"
"BEND6",2.95e-11,0.313,0.166,0.129,5.5e-07,"BEND6"
"CAPN1",2.96e-11,0.304,0.357,0.312,5.5e-07,"CAPN1"
"ARHGEF40",3e-11,0.275,0.384,0.338,5.59e-07,"ARHGEF40"
"DLG3",3.03e-11,0.46,0.249,0.21,5.65e-07,"DLG3"
"DDX50",3.06e-11,0.198,0.567,0.524,5.7e-07,"DDX50"
"MVB12B",3.11e-11,0.207,0.591,0.556,5.8e-07,"MVB12B"
"DEGS1",3.12e-11,0.239,0.461,0.422,5.8e-07,"DEGS1"
"UTP3",3.12e-11,0.347,0.313,0.269,5.8e-07,"UTP3"
"ESF1",3.18e-11,0.176,0.591,0.554,5.93e-07,"ESF1"
"UNC50",3.19e-11,0.186,0.508,0.464,5.93e-07,"UNC50"
"DEF8",3.2e-11,0.312,0.324,0.281,5.95e-07,"DEF8"
"CD44",3.24e-11,0.571,0.173,0.137,6.03e-07,"CD44"
"ZNF511",3.27e-11,0.305,0.349,0.305,6.08e-07,"ZNF511"
"HMGN4",3.34e-11,0.251,0.548,0.508,6.22e-07,"HMGN4"
"MPV17L2",3.4e-11,0.468,0.084,0.058,6.32e-07,"MPV17L2"
"C2orf80",3.44e-11,0.415,0.092,0.065,6.4e-07,"C2orf80"
"KPNA1",3.46e-11,0.184,0.648,0.627,6.43e-07,"KPNA1"
"GDF11",3.52e-11,0.315,0.35,0.306,6.55e-07,"GDF11"
"ERCC1",3.55e-11,0.198,0.507,0.463,6.6e-07,"ERCC1"
"P2RY1",3.57e-11,0.623,0.08,0.055,6.65e-07,"P2RY1"
"NEDD1",3.58e-11,0.281,0.413,0.372,6.67e-07,"NEDD1"
"GGNBP2",3.6e-11,0.171,0.693,0.666,6.71e-07,"GGNBP2"
"C12orf75",3.63e-11,0.317,0.36,0.316,6.75e-07,"C12orf75"
"WDR7",3.65e-11,0.157,0.704,0.674,6.79e-07,"WDR7"
"SOD1",3.76e-11,0.127,0.853,0.848,7e-07,"SOD1"
"GAD1",3.79e-11,0.353,0.584,0.551,7.05e-07,"GAD1"
"ARHGAP19",3.8e-11,0.277,0.314,0.269,7.07e-07,"ARHGAP19"
"SDHD",3.81e-11,0.196,0.482,0.436,7.09e-07,"SDHD"
"KAT7",3.83e-11,0.248,0.455,0.414,7.13e-07,"KAT7"
"CTTN",3.86e-11,0.229,0.592,0.56,7.19e-07,"CTTN"
"SLC25A21",3.87e-11,0.366,0.182,0.144,7.2e-07,"SLC25A21"
"CYB5B",3.96e-11,0.237,0.562,0.522,7.37e-07,"CYB5B"
"KRR1",4.13e-11,0.2,0.622,0.59,7.68e-07,"KRR1"
"ZMPSTE24",4.16e-11,0.259,0.372,0.327,7.75e-07,"ZMPSTE24"
"SURF4",4.21e-11,0.27,0.455,0.416,7.83e-07,"SURF4"
"MAFG",4.25e-11,0.225,0.359,0.313,7.91e-07,"MAFG"
"KITLG",4.32e-11,-0.281,0.419,0.463,8.04e-07,"KITLG"
"PNKP",4.35e-11,0.294,0.256,0.214,8.09e-07,"PNKP"
"MIDN",4.37e-11,0.243,0.684,0.657,8.13e-07,"MIDN"
"ETFRF1",4.39e-11,0.229,0.431,0.386,8.18e-07,"ETFRF1"
"ASF1A",4.45e-11,0.249,0.52,0.478,8.28e-07,"ASF1A"
"CDC40",4.51e-11,0.168,0.563,0.519,8.39e-07,"CDC40"
"ATF7",4.53e-11,0.199,0.654,0.619,8.44e-07,"ATF7"
"VPS37B",4.55e-11,0.338,0.332,0.291,8.47e-07,"VPS37B"
"PNPT1",4.56e-11,0.215,0.44,0.397,8.49e-07,"PNPT1"
"PHLDB1",4.57e-11,0.294,0.363,0.318,8.51e-07,"PHLDB1"
"VAX2",4.57e-11,0.348,0.126,0.095,8.51e-07,"VAX2"
"NUDT3",4.59e-11,0.148,0.921,0.913,8.54e-07,"NUDT3"
"HEATR5A",4.59e-11,0.256,0.415,0.369,8.55e-07,"HEATR5A"
"PER2",4.75e-11,-0.326,0.135,0.172,8.84e-07,"PER2"
"PLSCR3",4.82e-11,0.388,0.158,0.123,8.97e-07,"PLSCR3"
"PCDH15",4.83e-11,1.222,0.041,0.023,8.99e-07,"PCDH15"
"CELF1",4.87e-11,0.142,0.87,0.864,9.07e-07,"CELF1"
"MICU2",4.94e-11,0.135,0.809,0.796,9.2e-07,"MICU2"
"KIAA0319L",5e-11,0.171,0.697,0.67,9.3e-07,"KIAA0319L"
"LRRTM3",5.01e-11,-0.291,0.228,0.27,9.33e-07,"LRRTM3"
"RNF152",5.02e-11,-0.184,0.12,0.156,9.35e-07,"RNF152"
"CCDC47",5.14e-11,0.19,0.621,0.594,9.57e-07,"CCDC47"
"ZNF581",5.16e-11,0.407,0.18,0.143,9.61e-07,"ZNF581"
"XBP1",5.22e-11,0.436,0.278,0.238,9.72e-07,"XBP1"
"UBE2J1",5.27e-11,0.3,0.555,0.53,9.81e-07,"UBE2J1"
"PLPP5",5.39e-11,0.284,0.333,0.287,1e-06,"PLPP5"
"GAS2L3",5.42e-11,-0.198,0.253,0.299,1.01e-06,"GAS2L3"
"PTRHD1",5.46e-11,0.332,0.361,0.318,1.02e-06,"PTRHD1"
"PIERCE1",5.53e-11,0.45,0.12,0.09,1.03e-06,"PIERCE1"
"PGGT1B",5.71e-11,0.232,0.485,0.442,1.06e-06,"PGGT1B"
"ADAMTS17",5.74e-11,-0.568,0.085,0.115,1.07e-06,"ADAMTS17"
"SACM1L",5.9e-11,0.28,0.496,0.457,1.1e-06,"SACM1L"
"PRKD3",6.03e-11,0.216,0.588,0.55,1.12e-06,"PRKD3"
"STX18",6.12e-11,0.262,0.488,0.445,1.14e-06,"STX18"
"UBE2Q2",6.16e-11,0.192,0.625,0.587,1.15e-06,"UBE2Q2"
"ANKRD12",6.22e-11,-0.127,0.904,0.919,1.16e-06,"ANKRD12"
"ZNHIT6",6.25e-11,0.236,0.441,0.396,1.16e-06,"ZNHIT6"
"PAG1",6.44e-11,-0.212,0.571,0.602,1.2e-06,"PAG1"
"NOP16",6.46e-11,0.362,0.187,0.15,1.2e-06,"NOP16"
"TMOD3",6.54e-11,0.189,0.582,0.542,1.22e-06,"TMOD3"
"ALKBH7",6.6e-11,0.212,0.597,0.56,1.23e-06,"ALKBH7"
"SOX15",6.69e-11,-0.635,0.028,0.047,1.25e-06,"SOX15"
"MRPL22",6.79e-11,0.249,0.534,0.501,1.26e-06,"MRPL22"
"DAP",6.86e-11,0.306,0.333,0.291,1.28e-06,"DAP"
"TMEM218",6.87e-11,0.322,0.373,0.332,1.28e-06,"TMEM218"
"CHST3",6.93e-11,0.28,0.266,0.223,1.29e-06,"CHST3"
"ISOC2",6.96e-11,0.348,0.258,0.218,1.3e-06,"ISOC2"
"PLCB4",6.97e-11,-0.176,0.369,0.416,1.3e-06,"PLCB4"
"AP2A1",7.02e-11,0.285,0.427,0.387,1.31e-06,"AP2A1"
"PPP1R35",7.03e-11,0.26,0.393,0.348,1.31e-06,"PPP1R35"
"SLC4A4",7.05e-11,-0.313,0.517,0.541,1.31e-06,"SLC4A4"
"LRP1",7.23e-11,0.234,0.56,0.524,1.35e-06,"LRP1"
"R3HCC1L",7.31e-11,0.287,0.361,0.317,1.36e-06,"R3HCC1L"
"MCRS1",7.35e-11,0.259,0.413,0.369,1.37e-06,"MCRS1"
"ARFIP1",7.39e-11,0.204,0.649,0.615,1.37e-06,"ARFIP1"
"PNMA8A",7.4e-11,0.48,0.194,0.157,1.38e-06,"PNMA8A"
"SDHAF3",7.42e-11,0.23,0.383,0.338,1.38e-06,"SDHAF3"
"KHSRP",7.65e-11,0.201,0.647,0.621,1.42e-06,"KHSRP"
"TMEM106C",7.74e-11,0.281,0.404,0.363,1.44e-06,"TMEM106C"
"SLC6A8",7.76e-11,0.366,0.297,0.254,1.44e-06,"SLC6A8"
"MTX1",8.03e-11,0.286,0.265,0.222,1.49e-06,"MTX1"
"GMPS",8.14e-11,0.237,0.581,0.547,1.52e-06,"GMPS"
"IARS2",8.29e-11,0.241,0.473,0.433,1.54e-06,"IARS2"
"TMEM248",8.29e-11,0.24,0.448,0.404,1.54e-06,"TMEM248"
"NDUFS7",8.32e-11,0.226,0.585,0.548,1.55e-06,"NDUFS7"
"ZNF76",8.43e-11,0.264,0.263,0.22,1.57e-06,"ZNF76"
"FAS",8.48e-11,0.459,0.108,0.079,1.58e-06,"FAS"
"ANKRD11",8.5e-11,0.145,0.84,0.84,1.58e-06,"ANKRD11"
"RECQL",8.66e-11,0.249,0.41,0.365,1.61e-06,"RECQL"
"PRELID3B",8.94e-11,0.368,0.298,0.256,1.66e-06,"PRELID3B"
"WASHC2C",8.98e-11,0.274,0.376,0.333,1.67e-06,"WASHC2C"
"ZDHHC16",8.99e-11,0.304,0.294,0.252,1.67e-06,"ZDHHC16"
"DUSP10",9e-11,0.594,0.169,0.134,1.67e-06,"DUSP10"
"KIAA1143",9.05e-11,0.236,0.436,0.393,1.68e-06,"KIAA1143"
"WASHC3",9.13e-11,0.23,0.519,0.474,1.7e-06,"WASHC3"
"CSNK1G2",9.14e-11,0.283,0.353,0.308,1.7e-06,"CSNK1G2"
"PRKACA",9.4e-11,0.271,0.339,0.295,1.75e-06,"PRKACA"
"MACROD1",9.41e-11,0.25,0.3,0.255,1.75e-06,"MACROD1"
"MIA3",9.44e-11,0.21,0.631,0.601,1.76e-06,"MIA3"
"ZNF189",9.44e-11,0.311,0.321,0.277,1.76e-06,"ZNF189"
"BRINP3",9.48e-11,0.433,0.473,0.435,1.76e-06,"BRINP3"
"TOMM6",9.66e-11,0.486,0.144,0.111,1.8e-06,"TOMM6"
"DLC1",9.78e-11,0.53,0.132,0.101,1.82e-06,"DLC1"
"EXOSC4",9.91e-11,0.305,0.232,0.192,1.85e-06,"EXOSC4"
"UBE2D2",1.01e-10,0.108,0.906,0.908,1.88e-06,"UBE2D2"
"GALE",1.01e-10,0.369,0.194,0.157,1.88e-06,"GALE"
"PIH1D1",1.01e-10,0.248,0.481,0.442,1.88e-06,"PIH1D1"
"ARF6",1.03e-10,0.296,0.474,0.433,1.92e-06,"ARF6"
"ZNF609",1.04e-10,0.156,0.921,0.915,1.94e-06,"ZNF609"
"ERLEC1",1.05e-10,0.213,0.596,0.567,1.96e-06,"ERLEC1"
"SCRN1",1.06e-10,0.214,0.551,0.513,1.97e-06,"SCRN1"
"XIAP",1.08e-10,0.2,0.626,0.586,2e-06,"XIAP"
"RIC1",1.08e-10,0.21,0.627,0.592,2.01e-06,"RIC1"
"UBR4",1.11e-10,0.189,0.599,0.562,2.07e-06,"UBR4"
"HMBS",1.12e-10,0.405,0.163,0.129,2.08e-06,"HMBS"
"PMP22",1.14e-10,0.493,0.366,0.329,2.12e-06,"PMP22"
"APOLD1",1.15e-10,-0.436,0.231,0.272,2.14e-06,"APOLD1"
"SYNGR2",1.16e-10,0.62,0.062,0.04,2.15e-06,"SYNGR2"
"SEC13",1.18e-10,0.237,0.55,0.516,2.19e-06,"SEC13"
"DENND1B",1.21e-10,0.192,0.502,0.459,2.26e-06,"DENND1B"
"TNC",1.22e-10,0.34,0.553,0.512,2.26e-06,"TNC"
"EIF6",1.24e-10,0.26,0.467,0.426,2.31e-06,"EIF6"
"CUL5",1.25e-10,0.152,0.831,0.817,2.33e-06,"CUL5"
"SNX7",1.26e-10,0.209,0.416,0.37,2.34e-06,"SNX7"
"MCTS1",1.26e-10,0.223,0.442,0.395,2.34e-06,"MCTS1"
"MAPKAP1",1.27e-10,0.168,0.674,0.651,2.36e-06,"MAPKAP1"
"AMER3",1.28e-10,-1.243,0.007,0.017,2.38e-06,"AMER3"
"MED10",1.29e-10,0.16,0.615,0.582,2.39e-06,"MED10"
"SUDS3",1.29e-10,0.212,0.549,0.511,2.41e-06,"SUDS3"
"NR3C2",1.3e-10,-0.516,0.1,0.131,2.42e-06,"NR3C2"
"WWOX",1.32e-10,0.159,0.689,0.653,2.45e-06,"WWOX"
"RNF19A",1.33e-10,0.225,0.638,0.611,2.48e-06,"RNF19A"
"MPHOSPH8",1.34e-10,0.177,0.764,0.746,2.49e-06,"MPHOSPH8"
"SPRED2",1.35e-10,0.329,0.491,0.454,2.51e-06,"SPRED2"
"PNO1",1.36e-10,0.29,0.28,0.24,2.54e-06,"PNO1"
"RCOR1",1.37e-10,0.187,0.661,0.634,2.56e-06,"RCOR1"
"EFHD1",1.39e-10,-0.465,0.116,0.148,2.58e-06,"EFHD1"
"PAN3",1.39e-10,0.142,0.806,0.786,2.59e-06,"PAN3"
"TXNDC9",1.41e-10,0.245,0.416,0.37,2.63e-06,"TXNDC9"
"MAP7D1",1.42e-10,0.312,0.431,0.391,2.65e-06,"MAP7D1"
"PFKFB3",1.42e-10,-0.43,0.349,0.388,2.65e-06,"PFKFB3"
"PROKR2",1.43e-10,0.624,0.123,0.094,2.66e-06,"PROKR2"
"CYYR1",1.44e-10,0.638,0.089,0.063,2.68e-06,"CYYR1"
"C11orf68",1.46e-10,0.36,0.209,0.171,2.71e-06,"C11orf68"
"USP45",1.46e-10,0.24,0.335,0.292,2.72e-06,"USP45"
"NPY",1.46e-10,1.206,0.153,0.122,2.72e-06,"NPY"
"ORAI3",1.47e-10,0.387,0.151,0.118,2.73e-06,"ORAI3"
"UBR2",1.48e-10,0.177,0.694,0.668,2.75e-06,"UBR2"
"MAPKAPK2",1.5e-10,0.283,0.341,0.296,2.79e-06,"MAPKAPK2"
"CUL4B",1.52e-10,0.271,0.425,0.383,2.84e-06,"CUL4B"
"PTPRA",1.53e-10,0.124,0.872,0.871,2.84e-06,"PTPRA"
"PPP2R3C",1.53e-10,0.19,0.568,0.528,2.84e-06,"PPP2R3C"
"DMAC2",1.53e-10,0.376,0.262,0.221,2.84e-06,"DMAC2"
"IRF2",1.55e-10,0.258,0.396,0.351,2.88e-06,"IRF2"
"C8orf33",1.56e-10,0.292,0.41,0.369,2.9e-06,"C8orf33"
"MIER1",1.59e-10,0.214,0.665,0.638,2.96e-06,"MIER1"
"ZCCHC24",1.59e-10,0.346,0.279,0.238,2.97e-06,"ZCCHC24"
"NFAT5",1.6e-10,0.201,0.831,0.82,2.98e-06,"NFAT5"
"RC3H2",1.61e-10,0.184,0.649,0.623,3e-06,"RC3H2"
"MRPL9",1.62e-10,0.281,0.447,0.408,3.02e-06,"MRPL9"
"PIK3C2G",1.64e-10,1.956,0.015,0.005,3.05e-06,"PIK3C2G"
"CRK",1.64e-10,0.199,0.608,0.581,3.05e-06,"CRK"
"PTPN14",1.64e-10,0.305,0.265,0.224,3.06e-06,"PTPN14"
"SRSF10",1.67e-10,0.155,0.834,0.832,3.12e-06,"SRSF10"
"FBXO32",1.68e-10,0.512,0.151,0.118,3.12e-06,"FBXO32"
"ZFAND5",1.71e-10,0.191,0.713,0.693,3.18e-06,"ZFAND5"
"HHIPL1",1.71e-10,-0.95,0.02,0.036,3.18e-06,"HHIPL1"
"PBDC1",1.71e-10,0.256,0.437,0.393,3.19e-06,"PBDC1"
"COPS3",1.72e-10,0.222,0.562,0.524,3.21e-06,"COPS3"
"SOCS5",1.73e-10,0.317,0.399,0.356,3.21e-06,"SOCS5"
"USP16",1.74e-10,0.199,0.644,0.621,3.23e-06,"USP16"
"TMEM9",1.75e-10,0.205,0.457,0.413,3.25e-06,"TMEM9"
"COA6",1.75e-10,0.229,0.433,0.391,3.25e-06,"COA6"
"HYI",1.75e-10,-0.274,0.148,0.185,3.26e-06,"HYI"
"TSG101",1.76e-10,0.209,0.723,0.697,3.28e-06,"TSG101"
"DEDD",1.77e-10,0.271,0.265,0.224,3.29e-06,"DEDD"
"UBE2V2",1.8e-10,0.16,0.745,0.729,3.34e-06,"UBE2V2"
"HIBADH",1.8e-10,0.304,0.355,0.313,3.35e-06,"HIBADH"
"FNDC4",1.81e-10,0.353,0.264,0.222,3.36e-06,"FNDC4"
"C6orf141",1.84e-10,0.909,0.036,0.02,3.42e-06,"C6orf141"
"RTN3",1.84e-10,0.114,0.986,0.984,3.43e-06,"RTN3"
"NTAQ1",1.84e-10,0.318,0.309,0.266,3.43e-06,"NTAQ1"
"AP5M1",1.86e-10,0.279,0.437,0.394,3.46e-06,"AP5M1"
"SDHAF1",1.86e-10,0.372,0.189,0.152,3.47e-06,"SDHAF1"
"ZNF451",1.87e-10,0.138,0.698,0.673,3.48e-06,"ZNF451"
"CHTOP",1.91e-10,0.234,0.525,0.486,3.55e-06,"CHTOP"
"SRBD1",1.93e-10,0.192,0.478,0.435,3.6e-06,"SRBD1"
"TM2D1",1.93e-10,0.165,0.619,0.582,3.6e-06,"TM2D1"
"TSR2",1.95e-10,0.265,0.336,0.293,3.63e-06,"TSR2"
"NPEPPS",1.95e-10,0.142,0.799,0.779,3.63e-06,"NPEPPS"
"CA12",1.96e-10,0.393,0.252,0.212,3.65e-06,"CA12"
"IMMT",1.97e-10,0.174,0.659,0.636,3.66e-06,"IMMT"
"ZNF429",1.98e-10,0.243,0.473,0.431,3.69e-06,"ZNF429"
"PARN",2.01e-10,0.232,0.448,0.405,3.73e-06,"PARN"
"COL22A1",2.03e-10,0.439,0.13,0.099,3.78e-06,"COL22A1"
"IKZF2",2.04e-10,0.293,0.389,0.346,3.8e-06,"IKZF2"
"MLLT11",2.07e-10,0.196,0.883,0.847,3.85e-06,"MLLT11"
"PSMD13",2.11e-10,0.182,0.596,0.559,3.94e-06,"PSMD13"
"EFEMP2",2.12e-10,0.43,0.199,0.163,3.94e-06,"EFEMP2"
"FST",2.13e-10,0.571,0.041,0.023,3.96e-06,"FST"
"SERPINB8",2.14e-10,0.689,0.071,0.048,3.98e-06,"SERPINB8"
"ACBD6",2.15e-10,0.138,0.849,0.829,4.01e-06,"ACBD6"
"TWSG1",2.16e-10,0.229,0.524,0.485,4.02e-06,"TWSG1"
"GPATCH8",2.18e-10,0.116,0.89,0.88,4.06e-06,"GPATCH8"
"ALDH1A2",2.21e-10,0.774,0.058,0.037,4.12e-06,"ALDH1A2"
"SNAP23",2.23e-10,0.227,0.384,0.336,4.15e-06,"SNAP23"
"KPNA4",2.27e-10,0.175,0.721,0.696,4.22e-06,"KPNA4"
"RGS20",2.28e-10,-0.43,0.151,0.186,4.25e-06,"RGS20"
"PFKL",2.31e-10,0.274,0.313,0.271,4.3e-06,"PFKL"
"FGF11",2.32e-10,-0.397,0.125,0.158,4.32e-06,"FGF11"
"MED11",2.32e-10,0.265,0.269,0.227,4.32e-06,"MED11"
"ADI1",2.35e-10,0.258,0.387,0.344,4.37e-06,"ADI1"
"SLC35F6",2.35e-10,0.316,0.262,0.221,4.38e-06,"SLC35F6"
"CNOT1",2.39e-10,0.18,0.631,0.6,4.46e-06,"CNOT1"
"CFAP20",2.4e-10,0.271,0.498,0.459,4.47e-06,"CFAP20"
"PPP1R12A",2.42e-10,0.122,0.906,0.903,4.5e-06,"PPP1R12A"
"ERCC6L2",2.43e-10,0.187,0.693,0.672,4.51e-06,"ERCC6L2"
"ADSL",2.44e-10,0.292,0.4,0.358,4.55e-06,"ADSL"
"TMEM60",2.55e-10,0.287,0.33,0.288,4.74e-06,"TMEM60"
"DNAJC4",2.56e-10,0.353,0.209,0.172,4.76e-06,"DNAJC4"
"S100A16",2.56e-10,0.702,0.094,0.068,4.77e-06,"S100A16"
"RASL11B",2.61e-10,-0.925,0.023,0.04,4.85e-06,"RASL11B"
"NRBP1",2.63e-10,0.238,0.511,0.479,4.89e-06,"NRBP1"
"VTA1",2.64e-10,0.213,0.677,0.653,4.92e-06,"VTA1"
"CDH6",2.67e-10,0.603,0.081,0.056,4.98e-06,"CDH6"
"PTBP1",2.68e-10,0.271,0.384,0.344,4.98e-06,"PTBP1"
"FYCO1",2.73e-10,0.422,0.175,0.141,5.08e-06,"FYCO1"
"ADAM12",2.76e-10,0.678,0.089,0.064,5.13e-06,"ADAM12"
"ERVK3-1",2.78e-10,0.257,0.378,0.336,5.17e-06,"ERVK3-1"
"PFKP",2.79e-10,-0.565,0.233,0.268,5.2e-06,"PFKP"
"FAM181A",2.8e-10,0.347,0.191,0.154,5.21e-06,"FAM181A"
"RBM20",2.8e-10,-0.684,0.065,0.09,5.22e-06,"RBM20"
"UPF3B",2.87e-10,0.2,0.597,0.561,5.35e-06,"UPF3B"
"ACAA1",2.88e-10,0.271,0.362,0.319,5.35e-06,"ACAA1"
"SOX21",2.98e-10,0.287,0.365,0.324,5.55e-06,"SOX21"
"POLR1H",2.98e-10,0.255,0.336,0.293,5.55e-06,"POLR1H"
"GLUD1",3.02e-10,0.104,0.592,0.543,5.62e-06,"GLUD1"
"TMEM128",3.04e-10,0.279,0.429,0.387,5.66e-06,"TMEM128"
"C9orf85",3.09e-10,0.207,0.39,0.346,5.75e-06,"C9orf85"
"HCFC1",3.09e-10,0.262,0.448,0.408,5.75e-06,"HCFC1"
"LRRC41",3.15e-10,0.211,0.526,0.493,5.87e-06,"LRRC41"
"C15orf61",3.15e-10,0.304,0.298,0.256,5.87e-06,"C15orf61"
"SLC8A2",3.17e-10,-0.853,0.012,0.024,5.9e-06,"SLC8A2"
"FUNDC1",3.23e-10,0.23,0.394,0.352,6.01e-06,"FUNDC1"
"HECTD2",3.26e-10,0.289,0.625,0.592,6.06e-06,"HECTD2"
"PRR7",3.27e-10,0.308,0.252,0.212,6.09e-06,"PRR7"
"DHX15",3.27e-10,0.188,0.685,0.66,6.09e-06,"DHX15"
"POP4",3.27e-10,0.268,0.301,0.258,6.09e-06,"POP4"
"ENSG00000279602",3.3e-10,-0.327,0.031,0.051,6.15e-06,"ENSG00000279602"
"RTCA",3.34e-10,0.247,0.443,0.4,6.22e-06,"RTCA"
"USP14",3.36e-10,0.171,0.682,0.671,6.25e-06,"USP14"
"TMEM199",3.38e-10,0.32,0.276,0.236,6.3e-06,"TMEM199"
"LAMA3",3.41e-10,-0.392,0.071,0.098,6.35e-06,"LAMA3"
"RFNG",3.42e-10,0.275,0.285,0.242,6.37e-06,"RFNG"
"MED13L",3.44e-10,0.179,0.93,0.928,6.4e-06,"MED13L"
"SLC25A26",3.46e-10,0.272,0.418,0.378,6.44e-06,"SLC25A26"
"JAKMIP1",3.47e-10,-1.907,0.003,0.012,6.45e-06,"JAKMIP1"
"CHI3L1",3.49e-10,0.245,0.052,0.032,6.49e-06,"CHI3L1"
"CDC42BPB",3.58e-10,0.182,0.638,0.613,6.67e-06,"CDC42BPB"
"RBM26",3.62e-10,0.136,0.849,0.846,6.74e-06,"RBM26"
"ARHGAP42",3.65e-10,0.337,0.42,0.382,6.79e-06,"ARHGAP42"
"SAMD11",3.69e-10,1.131,0.047,0.029,6.87e-06,"SAMD11"
"RUNX2",3.69e-10,0.35,0.192,0.156,6.87e-06,"RUNX2"
"LARP4",3.75e-10,0.167,0.642,0.614,6.98e-06,"LARP4"
"RRP8",3.8e-10,0.378,0.202,0.165,7.07e-06,"RRP8"
"CPNE4",3.84e-10,0.694,0.196,0.163,7.14e-06,"CPNE4"
"PRCP",3.85e-10,0.288,0.492,0.456,7.16e-06,"PRCP"
"RCC1L",3.86e-10,0.272,0.337,0.295,7.18e-06,"RCC1L"
"TMEM150A",3.88e-10,0.418,0.126,0.095,7.22e-06,"TMEM150A"
"CAPN10",3.9e-10,0.373,0.21,0.172,7.26e-06,"CAPN10"
"PPP1R8",3.9e-10,0.257,0.372,0.328,7.27e-06,"PPP1R8"
"KDSR",3.97e-10,0.22,0.486,0.442,7.38e-06,"KDSR"
"TTC1",3.98e-10,0.179,0.657,0.635,7.4e-06,"TTC1"
"SPACA9",3.98e-10,0.348,0.157,0.124,7.41e-06,"SPACA9"
"FASN",4e-10,0.266,0.322,0.279,7.44e-06,"FASN"
"CSNK1D",4.1e-10,0.241,0.451,0.411,7.63e-06,"CSNK1D"
"MCOLN1",4.14e-10,0.364,0.19,0.153,7.7e-06,"MCOLN1"
"DAXX",4.21e-10,0.327,0.325,0.285,7.83e-06,"DAXX"
"UFSP2",4.23e-10,0.244,0.45,0.409,7.87e-06,"UFSP2"
"PPA1",4.27e-10,0.101,0.851,0.827,7.95e-06,"PPA1"
"CHORDC1",4.28e-10,0.213,0.471,0.429,7.97e-06,"CHORDC1"
"TSNAX",4.29e-10,0.205,0.543,0.503,7.98e-06,"TSNAX"
"DIO3",4.3e-10,1.005,0.052,0.032,8e-06,"DIO3"
"PRMT8",4.31e-10,-2.084,0.004,0.012,8.01e-06,"PRMT8"
"LATS2",4.32e-10,0.304,0.209,0.172,8.03e-06,"LATS2"
"STIP1",4.33e-10,0.202,0.6,0.576,8.06e-06,"STIP1"
"GPX8",4.38e-10,0.386,0.208,0.172,8.14e-06,"GPX8"
"ZNF688",4.4e-10,0.389,0.225,0.187,8.18e-06,"ZNF688"
"MCM7",4.42e-10,0.284,0.31,0.269,8.23e-06,"MCM7"
"BRD9",4.44e-10,0.284,0.407,0.366,8.26e-06,"BRD9"
"GASK1B",4.47e-10,0.627,0.282,0.247,8.32e-06,"GASK1B"
"TRPM3",4.53e-10,1.502,0.125,0.095,8.44e-06,"TRPM3"
"PIK3C2A",4.53e-10,0.113,0.762,0.732,8.44e-06,"PIK3C2A"
"PHF8",4.56e-10,0.277,0.356,0.316,8.5e-06,"PHF8"
"SLC25A46",4.62e-10,0.256,0.512,0.471,8.59e-06,"SLC25A46"
"NCK2",4.62e-10,0.268,0.621,0.589,8.59e-06,"NCK2"
"ST18",4.7e-10,0.438,0.395,0.362,8.74e-06,"ST18"
"KCNQ3",4.73e-10,-0.198,0.126,0.16,8.8e-06,"KCNQ3"
"TBCK",4.78e-10,0.178,0.768,0.753,8.9e-06,"TBCK"
"PPIL1",4.79e-10,0.28,0.31,0.269,8.92e-06,"PPIL1"
"DPH5",4.8e-10,0.288,0.377,0.335,8.93e-06,"DPH5"
"FGFR3",4.84e-10,-0.65,0.112,0.142,9.01e-06,"FGFR3"
"EDA",4.85e-10,-0.343,0.045,0.067,9.04e-06,"EDA"
"UBFD1",4.95e-10,0.26,0.381,0.34,9.22e-06,"UBFD1"
"GGPS1",4.97e-10,0.232,0.383,0.34,9.25e-06,"GGPS1"
"ARMCX1",4.97e-10,0.231,0.379,0.336,9.26e-06,"ARMCX1"
"TMEM35B",5.04e-10,0.283,0.167,0.132,9.37e-06,"TMEM35B"
"TNPO1",5.05e-10,0.138,0.859,0.846,9.4e-06,"TNPO1"
"ERICH1",5.15e-10,0.221,0.449,0.41,9.58e-06,"ERICH1"
"TENM1",5.17e-10,-0.309,0.334,0.375,9.62e-06,"TENM1"
"IST1",5.2e-10,0.203,0.599,0.564,9.67e-06,"IST1"
"TIMM8A",5.21e-10,0.386,0.152,0.119,9.7e-06,"TIMM8A"
"GPR135",5.4e-10,0.291,0.311,0.271,1e-05,"GPR135"
"CCDC12",5.4e-10,0.194,0.56,0.519,0.0000101,"CCDC12"
"RAB11FIP4",5.43e-10,-0.347,0.119,0.152,0.0000101,"RAB11FIP4"
"ARHGAP36",5.45e-10,0.656,0.02,0.009,0.0000101,"ARHGAP36"
"ENPP1",5.47e-10,0.913,0.064,0.043,0.0000102,"ENPP1"
"MRPS30",5.57e-10,0.274,0.406,0.367,0.0000104,"MRPS30"
"AEBP2",5.61e-10,0.174,0.642,0.618,0.0000104,"AEBP2"
"FAM199X",5.65e-10,0.15,0.523,0.484,0.0000105,"FAM199X"
"UBE2Q1",5.83e-10,-0.237,0.332,0.371,0.0000108,"UBE2Q1"
"COTL1",5.86e-10,0.297,0.351,0.312,0.0000109,"COTL1"
"CBX6",5.95e-10,0.246,0.43,0.389,0.0000111,"CBX6"
"CCNB1IP1",6e-10,0.222,0.466,0.426,0.0000112,"CCNB1IP1"
"DGKB",6.07e-10,0.288,0.59,0.554,0.0000113,"DGKB"
"ACTR3B",6.13e-10,0.302,0.455,0.419,0.0000114,"ACTR3B"
"GABBR2",6.14e-10,0.955,0.12,0.092,0.0000114,"GABBR2"
"NEFL",6.17e-10,1.125,0.016,0.006,0.0000115,"NEFL"
"SUCLG1",6.29e-10,0.217,0.621,0.588,0.0000117,"SUCLG1"
"CDK8",6.45e-10,0.22,0.702,0.665,0.000012,"CDK8"
"PEX14",6.46e-10,0.209,0.441,0.398,0.000012,"PEX14"
"L3MBTL4",6.53e-10,0.845,0.359,0.332,0.0000122,"L3MBTL4"
"C1GALT1C1",6.55e-10,0.338,0.255,0.217,0.0000122,"C1GALT1C1"
"GINM1",6.59e-10,0.196,0.611,0.585,0.0000123,"GINM1"
"MARVELD3",6.71e-10,0.83,0.035,0.019,0.0000125,"MARVELD3"
"PRCC",6.78e-10,0.245,0.498,0.46,0.0000126,"PRCC"
"ISLR2",6.92e-10,-0.895,0.018,0.033,0.0000129,"ISLR2"
"RALGAPA1",7.03e-10,0.138,0.861,0.846,0.0000131,"RALGAPA1"
"BCL6",7.07e-10,0.427,0.198,0.163,0.0000132,"BCL6"
"MAPKAPK5",7.09e-10,0.251,0.45,0.409,0.0000132,"MAPKAPK5"
"RBM7",7.12e-10,0.27,0.359,0.32,0.0000132,"RBM7"
"UROD",7.17e-10,0.3,0.297,0.257,0.0000133,"UROD"
"SPP1",7.24e-10,0.332,0.071,0.049,0.0000135,"SPP1"
"SF3B2",7.26e-10,0.142,0.78,0.783,0.0000135,"SF3B2"
"MPDU1",7.33e-10,0.364,0.232,0.195,0.0000136,"MPDU1"
"FAM227B",7.35e-10,0.314,0.343,0.3,0.0000137,"FAM227B"
"MYO1D",7.4e-10,-0.43,0.189,0.225,0.0000138,"MYO1D"
"PICALM",7.42e-10,0.128,0.869,0.853,0.0000138,"PICALM"
"SV2A",7.56e-10,0.264,0.466,0.427,0.0000141,"SV2A"
"KARS1",7.63e-10,0.252,0.414,0.373,0.0000142,"KARS1"
"CRY1",7.68e-10,0.347,0.518,0.489,0.0000143,"CRY1"
"LYRM2",7.76e-10,0.175,0.684,0.664,0.0000144,"LYRM2"
"MYO5C",7.86e-10,0.648,0.063,0.042,0.0000146,"MYO5C"
"PEX19",7.86e-10,0.387,0.225,0.189,0.0000146,"PEX19"
"EBNA1BP2",7.9e-10,0.256,0.461,0.427,0.0000147,"EBNA1BP2"
"IREB2",7.94e-10,0.203,0.616,0.586,0.0000148,"IREB2"
"IFNGR2",7.98e-10,0.215,0.502,0.461,0.0000148,"IFNGR2"
"LMCD1",8.04e-10,0.588,0.128,0.099,0.000015,"LMCD1"
"PFDN4",8.18e-10,0.194,0.631,0.595,0.0000152,"PFDN4"
"MKNK2",8.2e-10,0.386,0.298,0.26,0.0000153,"MKNK2"
"STARD7",8.24e-10,0.229,0.515,0.482,0.0000153,"STARD7"
"ZBTB20",8.26e-10,0.101,0.998,0.996,0.0000154,"ZBTB20"
"TRAK2",8.3e-10,0.231,0.355,0.312,0.0000155,"TRAK2"
"GATB",8.48e-10,0.295,0.217,0.18,0.0000158,"GATB"
"UNC80",8.49e-10,0.277,0.316,0.274,0.0000158,"UNC80"
"ACOT13",8.5e-10,0.242,0.429,0.387,0.0000158,"ACOT13"
"ATXN7",8.55e-10,0.215,0.473,0.431,0.0000159,"ATXN7"
"PRKN",8.67e-10,0.174,0.639,0.6,0.0000161,"PRKN"
"CACNG8",8.74e-10,0.237,0.352,0.31,0.0000163,"CACNG8"
"AGO3",8.78e-10,0.155,0.821,0.809,0.0000164,"AGO3"
"AGRN",8.94e-10,0.319,0.189,0.154,0.0000166,"AGRN"
"CMC2",8.98e-10,0.175,0.536,0.495,0.0000167,"CMC2"
"ALYREF",8.99e-10,0.185,0.486,0.446,0.0000167,"ALYREF"
"C11orf54",9.03e-10,0.246,0.517,0.48,0.0000168,"C11orf54"
"PHACTR4",9.17e-10,0.171,0.889,0.868,0.0000171,"PHACTR4"
"OARD1",9.29e-10,0.23,0.45,0.407,0.0000173,"OARD1"
"AFF1",9.34e-10,0.244,0.434,0.395,0.0000174,"AFF1"
"IFIT3",9.43e-10,-0.19,0.114,0.145,0.0000175,"IFIT3"
"POLR2A",9.48e-10,0.141,0.594,0.558,0.0000176,"POLR2A"
"P3H2",9.57e-10,0.875,0.088,0.063,0.0000178,"P3H2"
"NSFL1C",9.79e-10,0.235,0.574,0.546,0.0000182,"NSFL1C"
"LUZP1",9.82e-10,0.218,0.535,0.499,0.0000183,"LUZP1"
"STC2",1e-09,-1.687,0.007,0.017,0.0000187,"STC2"
"CHD3",1e-09,0.285,0.586,0.552,0.0000187,"CHD3"
"RNF41",1.01e-09,0.319,0.338,0.298,0.0000188,"RNF41"
"TYRO3",1.03e-09,0.349,0.189,0.154,0.0000191,"TYRO3"
"DHRS11",1.03e-09,0.506,0.106,0.079,0.0000191,"DHRS11"
"CCDC32",1.03e-09,0.228,0.342,0.298,0.0000191,"CCDC32"
"ASXL1",1.04e-09,0.139,0.77,0.755,0.0000194,"ASXL1"
"JMY",1.05e-09,0.189,0.381,0.335,0.0000196,"JMY"
"TMEM47",1.05e-09,0.128,0.452,0.403,0.0000196,"TMEM47"
"PNMA1",1.05e-09,0.178,0.641,0.611,0.0000196,"PNMA1"
"NIP7",1.06e-09,0.312,0.245,0.207,0.0000197,"NIP7"
"USP31",1.07e-09,0.284,0.394,0.353,0.0000198,"USP31"
"R3HDM2",1.07e-09,0.121,0.852,0.842,2e-05,"R3HDM2"
"NT5C",1.08e-09,0.253,0.38,0.339,0.0000201,"NT5C"
"ARIH2",1.09e-09,0.177,0.621,0.594,0.0000202,"ARIH2"
"DNAJC24",1.1e-09,0.24,0.42,0.376,0.0000206,"DNAJC24"
"IFT22",1.11e-09,0.231,0.442,0.402,0.0000206,"IFT22"
"MRPL15",1.11e-09,0.26,0.433,0.393,0.0000206,"MRPL15"
"SCN3B",1.13e-09,-0.216,0.087,0.116,0.000021,"SCN3B"
"AQR",1.13e-09,0.171,0.643,0.615,0.000021,"AQR"
"TRIM28",1.13e-09,0.197,0.589,0.558,0.000021,"TRIM28"
"UBE2G2",1.13e-09,0.184,0.616,0.594,0.000021,"UBE2G2"
"DCTD",1.14e-09,0.262,0.28,0.241,0.0000212,"DCTD"
"RC3H1",1.15e-09,0.131,0.831,0.813,0.0000213,"RC3H1"
"PTRH1",1.17e-09,0.317,0.235,0.197,0.0000217,"PTRH1"
"TWF2",1.17e-09,0.299,0.293,0.254,0.0000218,"TWF2"
"VEPH1",1.19e-09,-0.441,0.364,0.396,0.0000222,"VEPH1"
"MEN1",1.2e-09,0.443,0.191,0.156,0.0000223,"MEN1"
"FGFRL1",1.2e-09,0.339,0.199,0.164,0.0000224,"FGFRL1"
"SLC2A4RG",1.21e-09,0.308,0.282,0.244,0.0000225,"SLC2A4RG"
"TAF6",1.22e-09,0.25,0.345,0.304,0.0000227,"TAF6"
"RNF150",1.25e-09,0.319,0.502,0.463,0.0000233,"RNF150"
"GRPEL1",1.26e-09,0.197,0.291,0.249,0.0000234,"GRPEL1"
"KDM5A",1.27e-09,0.163,0.79,0.772,0.0000237,"KDM5A"
"PFKFB4",1.3e-09,-0.418,0.137,0.17,0.0000242,"PFKFB4"
"PHAX",1.3e-09,0.191,0.662,0.633,0.0000243,"PHAX"
"BSDC1",1.31e-09,0.216,0.517,0.476,0.0000244,"BSDC1"
"VPS33A",1.32e-09,0.29,0.28,0.24,0.0000246,"VPS33A"
"NKIRAS2",1.32e-09,0.287,0.349,0.311,0.0000246,"NKIRAS2"
"SPPL2A",1.32e-09,0.133,0.692,0.664,0.0000246,"SPPL2A"
"IDH2",1.34e-09,0.168,0.704,0.676,0.000025,"IDH2"
"EBPL",1.37e-09,0.175,0.594,0.564,0.0000254,"EBPL"
"RNF126",1.39e-09,0.269,0.311,0.27,0.0000258,"RNF126"
"SIAE",1.4e-09,0.386,0.175,0.143,0.0000261,"SIAE"
"LCOR",1.41e-09,0.157,0.867,0.843,0.0000263,"LCOR"
"PTPRS",1.42e-09,0.125,0.867,0.858,0.0000264,"PTPRS"
"FBXL15",1.42e-09,0.384,0.224,0.186,0.0000265,"FBXL15"
"ATXN2",1.42e-09,0.144,0.882,0.878,0.0000265,"ATXN2"
"ZNF358",1.43e-09,0.266,0.344,0.302,0.0000265,"ZNF358"
"CWC27",1.47e-09,0.137,0.786,0.765,0.0000274,"CWC27"
"MTIF2",1.49e-09,0.259,0.276,0.236,0.0000276,"MTIF2"
"CRB2",1.49e-09,0.267,0.235,0.197,0.0000278,"CRB2"
"CYRIA",1.5e-09,0.489,0.231,0.197,0.0000279,"CYRIA"
"VPS26A",1.51e-09,0.163,0.655,0.627,0.0000281,"VPS26A"
"APOOL",1.53e-09,0.237,0.436,0.397,0.0000286,"APOOL"
"PRKAR2A",1.53e-09,0.201,0.6,0.57,0.0000286,"PRKAR2A"
"NCBP3",1.55e-09,0.213,0.548,0.511,0.0000289,"NCBP3"
"SNX25",1.57e-09,0.246,0.526,0.492,0.0000292,"SNX25"
"STIM1",1.61e-09,0.21,0.494,0.453,0.0000299,"STIM1"
"ZFYVE16",1.62e-09,0.171,0.719,0.693,0.0000301,"ZFYVE16"
"RSRP1",1.62e-09,0.185,0.593,0.569,0.0000302,"RSRP1"
"MSRB1",1.62e-09,0.399,0.176,0.143,0.0000302,"MSRB1"
"CAT",1.64e-09,-0.501,0.031,0.049,0.0000306,"CAT"
"THEM4",1.65e-09,0.287,0.186,0.152,0.0000306,"THEM4"
"PDS5B",1.65e-09,0.221,0.877,0.861,0.0000307,"PDS5B"
"SEC23A",1.71e-09,0.224,0.476,0.44,0.0000318,"SEC23A"
"HSPBP1",1.71e-09,0.304,0.238,0.2,0.0000318,"HSPBP1"
"TLN2",1.71e-09,0.208,0.447,0.409,0.0000318,"TLN2"
"ENKUR",1.71e-09,0.197,0.351,0.312,0.0000319,"ENKUR"
"CMSS1",1.73e-09,0.203,0.56,0.527,0.0000322,"CMSS1"
"EXTL2",1.73e-09,0.238,0.433,0.394,0.0000323,"EXTL2"
"FAM104B",1.75e-09,0.286,0.309,0.27,0.0000326,"FAM104B"
"YIPF1",1.76e-09,0.331,0.203,0.167,0.0000327,"YIPF1"
"CAMKMT",1.76e-09,0.205,0.508,0.471,0.0000327,"CAMKMT"
"VTI1A",1.77e-09,0.137,0.769,0.743,0.0000329,"VTI1A"
"CAPRIN2",1.77e-09,0.328,0.295,0.255,0.0000329,"CAPRIN2"
"HSPA13",1.77e-09,0.236,0.543,0.508,0.000033,"HSPA13"
"PAFAH1B1",1.77e-09,0.118,0.935,0.93,0.000033,"PAFAH1B1"
"FXR2",1.78e-09,0.356,0.292,0.252,0.0000332,"FXR2"
"REPIN1",1.79e-09,0.247,0.346,0.303,0.0000333,"REPIN1"
"EMC10",1.8e-09,0.3,0.386,0.346,0.0000334,"EMC10"
"ICMT",1.8e-09,0.404,0.196,0.161,0.0000335,"ICMT"
"SLC22A18",1.81e-09,1.093,0.019,0.008,0.0000336,"SLC22A18"
"FBXW9",1.81e-09,0.349,0.153,0.122,0.0000337,"FBXW9"
"LYPD6B",1.83e-09,-1.403,0.004,0.013,0.0000341,"LYPD6B"
"SLIT1",1.84e-09,-0.127,0.105,0.135,0.0000343,"SLIT1"
"DDX42",1.85e-09,0.183,0.615,0.588,0.0000344,"DDX42"
"PDK2",1.86e-09,0.422,0.215,0.179,0.0000346,"PDK2"
"MRPL37",1.86e-09,0.266,0.379,0.338,0.0000346,"MRPL37"
"SPRING1",1.86e-09,0.267,0.401,0.362,0.0000346,"SPRING1"
"FBXW7",1.89e-09,0.136,0.668,0.632,0.0000351,"FBXW7"
"ZC3H14",1.9e-09,0.138,0.715,0.69,0.0000353,"ZC3H14"
"VPS35L",1.9e-09,0.187,0.573,0.538,0.0000353,"VPS35L"
"SCG5",1.92e-09,0.539,0.108,0.081,0.0000357,"SCG5"
"MRPL12",1.92e-09,0.306,0.364,0.326,0.0000358,"MRPL12"
"ADCYAP1R1",1.93e-09,-0.533,0.162,0.194,0.0000358,"ADCYAP1R1"
"GRWD1",1.94e-09,0.349,0.138,0.107,0.000036,"GRWD1"
"CFL2",1.96e-09,0.242,0.525,0.492,0.0000364,"CFL2"
"CDS2",1.96e-09,0.201,0.469,0.43,0.0000365,"CDS2"
"NFKBIB",1.97e-09,0.395,0.177,0.144,0.0000367,"NFKBIB"
"IER5L",1.99e-09,0.367,0.192,0.158,0.000037,"IER5L"
"EIF2B5",2e-09,0.275,0.226,0.188,0.0000372,"EIF2B5"
"IFI27L2",2.02e-09,0.199,0.593,0.563,0.0000375,"IFI27L2"
"SNRNP40",2.02e-09,0.223,0.536,0.501,0.0000377,"SNRNP40"
"RGS9",2.03e-09,-0.429,0.083,0.11,0.0000378,"RGS9"
"HECTD1",2.1e-09,0.157,0.807,0.802,0.000039,"HECTD1"
"MOB1A",2.1e-09,0.177,0.56,0.527,0.0000392,"MOB1A"
"TUSC2",2.11e-09,0.26,0.374,0.335,0.0000393,"TUSC2"
"SIK2",2.15e-09,0.239,0.585,0.553,4e-05,"SIK2"
"ADAMTS16",2.18e-09,0.544,0.068,0.046,0.0000405,"ADAMTS16"
"CLIP4",2.2e-09,0.309,0.312,0.274,0.000041,"CLIP4"
"MOB1B",2.23e-09,0.217,0.63,0.596,0.0000415,"MOB1B"
"DPYSL4",2.24e-09,0.229,0.339,0.297,0.0000417,"DPYSL4"
"TTC23",2.25e-09,0.2,0.319,0.28,0.0000419,"TTC23"
"PCLO",2.26e-09,-0.94,0.049,0.07,0.000042,"PCLO"
"MRPL57",2.31e-09,0.173,0.641,0.618,0.000043,"MRPL57"
"LAP3",2.32e-09,0.206,0.372,0.329,0.0000432,"LAP3"
"SYT16",2.33e-09,-0.532,0.048,0.07,0.0000434,"SYT16"
"RTL6",2.35e-09,0.309,0.303,0.262,0.0000438,"RTL6"
"PAK1",2.39e-09,-0.215,0.328,0.37,0.0000445,"PAK1"
"EIF2S1",2.43e-09,0.192,0.576,0.547,0.0000452,"EIF2S1"
"MTERF1",2.46e-09,0.274,0.354,0.315,0.0000457,"MTERF1"
"ATG4A",2.47e-09,0.29,0.241,0.204,0.0000459,"ATG4A"
"SLC25A11",2.47e-09,0.303,0.446,0.41,0.0000461,"SLC25A11"
"SURF1",2.5e-09,0.225,0.388,0.343,0.0000465,"SURF1"
"GPR137C",2.5e-09,0.306,0.587,0.55,0.0000466,"GPR137C"
"USP5",2.52e-09,0.326,0.271,0.236,0.0000468,"USP5"
"MT-TC",2.54e-09,0.579,0.092,0.068,0.0000473,"MT-TC"
"EHD4",2.56e-09,0.698,0.046,0.029,0.0000476,"EHD4"
"DHX8",2.56e-09,0.266,0.406,0.366,0.0000476,"DHX8"
"CPLANE1",2.57e-09,0.165,0.681,0.657,0.0000478,"CPLANE1"
"URI1",2.64e-09,0.129,0.818,0.805,0.0000491,"URI1"
"RAB29",2.66e-09,0.243,0.252,0.212,0.0000495,"RAB29"
"CLN5",2.67e-09,0.205,0.461,0.419,0.0000497,"CLN5"
"ACTN1",2.7e-09,0.374,0.416,0.387,0.0000502,"ACTN1"
"ATP10B",2.71e-09,-0.323,0.077,0.103,0.0000504,"ATP10B"
"PDLIM4",2.72e-09,0.501,0.13,0.101,0.0000507,"PDLIM4"
"RB1CC1",2.74e-09,0.139,0.876,0.872,0.0000511,"RB1CC1"
"HDAC2",2.77e-09,0.161,0.881,0.853,0.0000516,"HDAC2"
"UMPS",2.8e-09,0.242,0.312,0.272,0.0000522,"UMPS"
"MAP7",2.82e-09,0.272,0.136,0.105,0.0000525,"MAP7"
"PSMF1",2.89e-09,0.135,0.578,0.539,0.0000539,"PSMF1"
"FMN2",2.89e-09,0.215,0.759,0.756,0.0000539,"FMN2"
"MED13",2.92e-09,0.142,0.838,0.831,0.0000543,"MED13"
"ATP6V0A1",2.97e-09,0.214,0.59,0.555,0.0000553,"ATP6V0A1"
"BCL3",2.98e-09,0.69,0.045,0.028,0.0000555,"BCL3"
"FYTTD1",3.01e-09,0.189,0.628,0.602,0.0000561,"FYTTD1"
"NTRK2",3.03e-09,-0.352,0.777,0.734,0.0000564,"NTRK2"
"PCGF2",3.04e-09,0.26,0.461,0.422,0.0000566,"PCGF2"
"RP2",3.05e-09,0.223,0.314,0.275,0.0000567,"RP2"
"SVIL",3.07e-09,-0.235,0.128,0.161,0.0000571,"SVIL"
"C21orf91",3.09e-09,0.339,0.21,0.175,0.0000574,"C21orf91"
"GAR1",3.11e-09,0.32,0.371,0.334,0.0000579,"GAR1"
"SLCO4C1",3.14e-09,0.958,0.054,0.035,0.0000585,"SLCO4C1"
"GPRC5B",3.15e-09,0.21,0.413,0.371,0.0000587,"GPRC5B"
"DDR2",3.16e-09,0.616,0.081,0.058,0.0000589,"DDR2"
"RBM47",3.17e-09,0.595,0.079,0.056,0.000059,"RBM47"
"FGFR1",3.18e-09,0.203,0.537,0.505,0.0000591,"FGFR1"
"DLAT",3.18e-09,0.241,0.319,0.279,0.0000591,"DLAT"
"PMF1",3.22e-09,0.286,0.455,0.419,0.0000599,"PMF1"
"FAM53C",3.26e-09,0.251,0.327,0.287,0.0000607,"FAM53C"
"NKAP",3.29e-09,0.234,0.409,0.369,0.0000612,"NKAP"
"BYSL",3.39e-09,0.433,0.137,0.107,0.0000632,"BYSL"
"ZNF738",3.53e-09,0.215,0.544,0.511,0.0000656,"ZNF738"
"CYP51A1",3.53e-09,0.264,0.676,0.665,0.0000658,"CYP51A1"
"TOMM40",3.54e-09,0.253,0.376,0.339,0.000066,"TOMM40"
"FRG1",3.55e-09,0.253,0.56,0.527,0.000066,"FRG1"
"SYNM",3.55e-09,0.378,0.188,0.155,0.0000661,"SYNM"
"TSPAN32",3.58e-09,0.875,0.03,0.016,0.0000666,"TSPAN32"
"PELI1",3.59e-09,0.194,0.615,0.578,0.0000669,"PELI1"
"FDPS",3.61e-09,0.157,0.649,0.62,0.0000672,"FDPS"
"SERPINB6",3.61e-09,0.23,0.383,0.342,0.0000672,"SERPINB6"
"NEXN",3.68e-09,0.248,0.305,0.268,0.0000685,"NEXN"
"MRPS18A",3.68e-09,0.322,0.248,0.212,0.0000685,"MRPS18A"
"SULT1C4",3.69e-09,0.46,0.287,0.253,0.0000688,"SULT1C4"
"SIX3",3.71e-09,0.145,0.31,0.267,0.0000691,"SIX3"
"MIPEP",3.73e-09,0.304,0.265,0.227,0.0000694,"MIPEP"
"VPS28",3.74e-09,0.166,0.715,0.7,0.0000696,"VPS28"
"DGKZ",3.77e-09,0.254,0.279,0.24,0.0000701,"DGKZ"
"COPS7B",3.78e-09,0.252,0.291,0.251,0.0000703,"COPS7B"
"APPBP2",3.78e-09,0.153,0.755,0.74,0.0000704,"APPBP2"
"CTXND1",3.89e-09,0.631,0.235,0.201,0.0000723,"CTXND1"
"SF3A1",3.91e-09,0.243,0.363,0.324,0.0000727,"SF3A1"
"MMD",3.91e-09,0.386,0.314,0.278,0.0000728,"MMD"
"NOL4",3.92e-09,0.46,0.783,0.779,0.0000729,"NOL4"
"TGFBR1",3.97e-09,0.236,0.488,0.451,0.0000739,"TGFBR1"
"BCL2L14",3.99e-09,0.278,0.544,0.509,0.0000742,"BCL2L14"
"PTPN1",4.05e-09,0.168,0.497,0.456,0.0000755,"PTPN1"
"NTAN1",4.08e-09,0.253,0.318,0.278,0.0000759,"NTAN1"
"EDEM2",4.1e-09,0.326,0.218,0.182,0.0000762,"EDEM2"
"RHOG",4.17e-09,0.426,0.149,0.119,0.0000776,"RHOG"
"C1QL2",4.18e-09,-0.795,0.015,0.027,0.0000779,"C1QL2"
"ATMIN",4.18e-09,0.245,0.484,0.447,0.0000779,"ATMIN"
"TMSB15A",4.18e-09,0.314,0.657,0.634,0.0000779,"TMSB15A"
"UGDH",4.19e-09,0.306,0.352,0.312,0.000078,"UGDH"
"CCDC6",4.21e-09,0.181,0.581,0.551,0.0000784,"CCDC6"
"CCSER2",4.24e-09,0.146,0.882,0.871,0.000079,"CCSER2"
"CDKN2AIPNL",4.29e-09,0.325,0.277,0.241,0.0000799,"CDKN2AIPNL"
"NAE1",4.3e-09,0.184,0.659,0.636,8e-05,"NAE1"
"HDGFL3",4.3e-09,0.138,0.891,0.872,8e-05,"HDGFL3"
"DCX",4.3e-09,0.399,0.774,0.781,0.0000801,"DCX"
"ACOT9",4.34e-09,0.319,0.2,0.165,0.0000808,"ACOT9"
"KDM4A",4.36e-09,0.218,0.523,0.487,0.0000811,"KDM4A"
"HCCS",4.36e-09,0.339,0.168,0.136,0.0000811,"HCCS"
"SUPT3H",4.37e-09,0.168,0.684,0.652,0.0000813,"SUPT3H"
"TUFM",4.37e-09,0.177,0.636,0.611,0.0000813,"TUFM"
"ZNF260",4.37e-09,0.225,0.474,0.437,0.0000814,"ZNF260"
"SCML1",4.44e-09,-0.272,0.284,0.322,0.0000827,"SCML1"
"CCDC92",4.53e-09,0.195,0.612,0.586,0.0000843,"CCDC92"
"ALG5",4.56e-09,0.21,0.481,0.445,0.000085,"ALG5"
"MARCHF2",4.58e-09,0.273,0.332,0.292,0.0000853,"MARCHF2"
"CISD1",4.6e-09,0.192,0.583,0.546,0.0000856,"CISD1"
"DHX16",4.69e-09,0.315,0.239,0.203,0.0000873,"DHX16"
"COMMD9",4.71e-09,0.227,0.344,0.302,0.0000877,"COMMD9"
"ALG2",4.76e-09,0.283,0.215,0.179,0.0000885,"ALG2"
"MED1",4.76e-09,0.203,0.493,0.456,0.0000886,"MED1"
"ATP1B2",4.79e-09,0.141,0.506,0.462,0.0000891,"ATP1B2"
"KLHL2",4.79e-09,0.385,0.503,0.472,0.0000892,"KLHL2"
"DSEL",4.93e-09,0.483,0.257,0.223,0.0000917,"DSEL"
"REEP2",4.93e-09,0.257,0.4,0.359,0.0000917,"REEP2"
"FBLN1",5e-09,-0.193,0.236,0.275,0.000093,"FBLN1"
"GREB1L",5.01e-09,0.374,0.311,0.276,0.0000933,"GREB1L"
"PDCL",5.03e-09,0.241,0.571,0.537,0.0000937,"PDCL"
"PRKCQ",5.1e-09,-0.849,0.036,0.055,0.0000949,"PRKCQ"
"SLC1A3",5.11e-09,0.225,0.547,0.506,0.000095,"SLC1A3"
"UTP18",5.12e-09,0.223,0.423,0.384,0.0000953,"UTP18"
"CD320",5.15e-09,0.293,0.275,0.238,0.0000958,"CD320"
"RPP38",5.19e-09,0.279,0.393,0.353,0.0000967,"RPP38"
"PLOD3",5.38e-09,0.361,0.209,0.175,0.0001,"PLOD3"
"NCOA1",5.39e-09,0.127,0.956,0.961,0.0001,"NCOA1"
"MED8",5.43e-09,0.253,0.292,0.254,0.000101,"MED8"
"MAP3K9",5.46e-09,-0.425,0.06,0.083,0.000102,"MAP3K9"
"OSGIN2",5.55e-09,0.332,0.297,0.26,0.000103,"OSGIN2"
"KCTD5",5.58e-09,0.339,0.282,0.245,0.000104,"KCTD5"
"CLU",5.59e-09,0.107,0.59,0.535,0.000104,"CLU"
"CYP39A1",5.62e-09,0.705,0.051,0.033,0.000105,"CYP39A1"
"GSKIP",5.62e-09,0.28,0.249,0.212,0.000105,"GSKIP"
"SLITRK2",5.62e-09,0.49,0.26,0.225,0.000105,"SLITRK2"
"SYT6",5.67e-09,0.98,0.039,0.024,0.000105,"SYT6"
"MIS12",5.7e-09,0.318,0.286,0.249,0.000106,"MIS12"
"EPRS1",5.72e-09,0.146,0.652,0.623,0.000107,"EPRS1"
"REEP5",5.73e-09,0.177,0.647,0.626,0.000107,"REEP5"
"BMI1",5.75e-09,0.247,0.393,0.351,0.000107,"BMI1"
"RPA2",5.78e-09,0.234,0.392,0.352,0.000108,"RPA2"
"GPR27",5.86e-09,-0.712,0.052,0.073,0.000109,"GPR27"
"OTUD7B",6.23e-09,0.221,0.425,0.387,0.000116,"OTUD7B"
"MED28",6.27e-09,0.179,0.565,0.529,0.000117,"MED28"
"TSN",6.28e-09,0.172,0.556,0.519,0.000117,"TSN"
"TDRD3",6.29e-09,0.16,0.633,0.598,0.000117,"TDRD3"
"TSPAN12",6.3e-09,0.369,0.216,0.183,0.000117,"TSPAN12"
"BCL9",6.31e-09,0.205,0.611,0.577,0.000118,"BCL9"
"WBP1",6.32e-09,0.227,0.352,0.31,0.000118,"WBP1"
"LNPK",6.34e-09,-0.115,0.69,0.72,0.000118,"LNPK"
"TAP1",6.38e-09,0.406,0.167,0.136,0.000119,"TAP1"
"SLC22A17",6.46e-09,0.257,0.328,0.287,0.00012,"SLC22A17"
"DOK1",6.46e-09,0.589,0.104,0.079,0.00012,"DOK1"
"C9orf78",6.57e-09,0.19,0.545,0.51,0.000122,"C9orf78"
"TSPYL1",6.63e-09,0.235,0.493,0.456,0.000123,"TSPYL1"
"GALNT1",6.69e-09,0.148,0.77,0.756,0.000125,"GALNT1"
"ZNF518B",6.79e-09,0.286,0.325,0.287,0.000126,"ZNF518B"
"EIF2AK3",6.8e-09,0.341,0.422,0.387,0.000127,"EIF2AK3"
"PAIP2",6.8e-09,0.116,0.866,0.859,0.000127,"PAIP2"
"TNS1",6.81e-09,0.339,0.2,0.168,0.000127,"TNS1"
"KLHDC8B",6.96e-09,0.473,0.133,0.105,0.00013,"KLHDC8B"
"RAB1B",6.97e-09,0.294,0.33,0.293,0.00013,"RAB1B"
"FCGRT",6.99e-09,0.322,0.143,0.114,0.00013,"FCGRT"
"CBFB",7.01e-09,0.207,0.577,0.546,0.000131,"CBFB"
"NEU1",7.02e-09,0.322,0.215,0.181,0.000131,"NEU1"
"ADCY8",7.09e-09,-1.1,0.022,0.037,0.000132,"ADCY8"
"PLEC",7.17e-09,0.287,0.243,0.207,0.000133,"PLEC"
"APLF",7.19e-09,0.313,0.186,0.153,0.000134,"APLF"
"NACC1",7.24e-09,0.225,0.247,0.209,0.000135,"NACC1"
"AP1G1",7.25e-09,0.179,0.634,0.606,0.000135,"AP1G1"
"CXCL16",7.5e-09,0.503,0.095,0.071,0.00014,"CXCL16"
"BRD8",7.53e-09,0.206,0.467,0.428,0.00014,"BRD8"
"MOAP1",7.63e-09,0.322,0.321,0.283,0.000142,"MOAP1"
"MED7",7.64e-09,0.23,0.224,0.187,0.000142,"MED7"
"PRSS23",7.67e-09,0.375,0.165,0.134,0.000143,"PRSS23"
"RADIL",7.68e-09,-0.426,0.114,0.143,0.000143,"RADIL"
"TTL",7.68e-09,0.214,0.505,0.468,0.000143,"TTL"
"INAVA",7.73e-09,0.493,0.071,0.05,0.000144,"INAVA"
"UNC5D",7.83e-09,0.876,0.27,0.242,0.000146,"UNC5D"
"PDE6D",7.91e-09,0.211,0.51,0.471,0.000147,"PDE6D"
"SLITRK4",7.99e-09,-1.544,0.006,0.016,0.000149,"SLITRK4"
"GSTZ1",8e-09,0.3,0.222,0.187,0.000149,"GSTZ1"
"STUM",8.07e-09,-0.504,0.05,0.071,0.00015,"STUM"
"USP33",8.1e-09,0.154,0.813,0.793,0.000151,"USP33"
"LRFN4",8.11e-09,0.276,0.297,0.258,0.000151,"LRFN4"
"MRPS24",8.21e-09,0.18,0.652,0.628,0.000153,"MRPS24"
"AHI1",8.31e-09,0.163,0.541,0.502,0.000155,"AHI1"
"HDAC9",8.33e-09,0.275,0.794,0.775,0.000155,"HDAC9"
"NUDT22",8.37e-09,0.332,0.213,0.179,0.000156,"NUDT22"
"DNASE2",8.5e-09,0.35,0.198,0.165,0.000158,"DNASE2"
"EFNB3",8.54e-09,0.38,0.227,0.192,0.000159,"EFNB3"
"CDKN2D",8.68e-09,-0.174,0.322,0.363,0.000162,"CDKN2D"
"SLC4A1AP",8.78e-09,0.259,0.412,0.372,0.000163,"SLC4A1AP"
"PSKH1",8.82e-09,0.308,0.195,0.161,0.000164,"PSKH1"
"AHNAK",8.88e-09,0.282,0.199,0.165,0.000165,"AHNAK"
"MRPL10",8.9e-09,0.361,0.205,0.172,0.000166,"MRPL10"
"DBNDD1",8.91e-09,0.465,0.1,0.075,0.000166,"DBNDD1"
"NR2F1",8.91e-09,-0.129,0.857,0.847,0.000166,"NR2F1"
"FLII",8.92e-09,0.302,0.247,0.211,0.000166,"FLII"
"IFT80",8.94e-09,0.144,0.561,0.522,0.000166,"IFT80"
"MCRIP2",8.96e-09,0.273,0.227,0.191,0.000167,"MCRIP2"
"FAM20B",9.05e-09,0.256,0.349,0.31,0.000168,"FAM20B"
"VPS37A",9.11e-09,0.237,0.486,0.449,0.00017,"VPS37A"
"PEAK1",9.28e-09,0.238,0.581,0.551,0.000173,"PEAK1"
"CUL4A",9.28e-09,0.204,0.583,0.551,0.000173,"CUL4A"
"TMEM115",9.34e-09,0.392,0.202,0.169,0.000174,"TMEM115"
"BOK",9.45e-09,0.976,0.037,0.022,0.000176,"BOK"
"C22orf39",9.51e-09,0.244,0.337,0.297,0.000177,"C22orf39"
"RBM4B",9.51e-09,0.261,0.464,0.426,0.000177,"RBM4B"
"SNX12",9.68e-09,0.258,0.258,0.221,0.00018,"SNX12"
"SAP30BP",9.71e-09,0.19,0.505,0.469,0.000181,"SAP30BP"
"CCNQ",9.72e-09,0.372,0.164,0.133,0.000181,"CCNQ"
"ZDBF2",9.87e-09,0.172,0.507,0.469,0.000184,"ZDBF2"
"MRPL30",9.93e-09,0.254,0.362,0.322,0.000185,"MRPL30"
"POP5",1e-08,0.21,0.41,0.37,0.000186,"POP5"
"AATF",1e-08,0.212,0.471,0.436,0.000187,"AATF"
"ERI3",1e-08,0.166,0.567,0.533,0.000187,"ERI3"
"ASB1",1.01e-08,0.3,0.173,0.141,0.000187,"ASB1"
"HBEGF",1.01e-08,0.763,0.082,0.06,0.000188,"HBEGF"
"RICTOR",1.01e-08,0.181,0.685,0.656,0.000188,"RICTOR"
"WDR25",1.02e-08,0.24,0.334,0.294,0.000189,"WDR25"
"AGA",1.02e-08,0.269,0.192,0.158,0.00019,"AGA"
"AFAP1",1.03e-08,0.251,0.694,0.666,0.000192,"AFAP1"
"HEXA",1.03e-08,0.209,0.425,0.386,0.000193,"HEXA"
"USP38",1.04e-08,0.264,0.36,0.321,0.000194,"USP38"
"EIF2S3",1.04e-08,0.152,0.68,0.662,0.000194,"EIF2S3"
"GALNTL6",1.05e-08,0.351,0.033,0.019,0.000195,"GALNTL6"
"GTF2B",1.05e-08,0.235,0.506,0.47,0.000195,"GTF2B"
"CLVS2",1.06e-08,-0.16,0.416,0.464,0.000196,"CLVS2"
"ABHD13",1.06e-08,0.276,0.262,0.224,0.000197,"ABHD13"
"PXN",1.06e-08,0.286,0.258,0.223,0.000197,"PXN"
"TBC1D7",1.06e-08,0.25,0.426,0.392,0.000198,"TBC1D7"
"CHST10",1.08e-08,0.253,0.29,0.251,0.000201,"CHST10"
"NFU1",1.09e-08,0.207,0.543,0.508,0.000203,"NFU1"
"DENND10",1.11e-08,0.203,0.488,0.456,0.000207,"DENND10"
"TARS1",1.11e-08,0.186,0.46,0.424,0.000207,"TARS1"
"CCDC66",1.13e-08,0.153,0.704,0.678,0.000211,"CCDC66"
"PHGDH",1.14e-08,-0.351,0.358,0.39,0.000212,"PHGDH"
"UHMK1",1.14e-08,0.216,0.415,0.375,0.000213,"UHMK1"
"GSTCD",1.14e-08,0.239,0.446,0.409,0.000213,"GSTCD"
"CTBP1",1.15e-08,0.274,0.405,0.368,0.000214,"CTBP1"
"MTRF1L",1.16e-08,0.258,0.382,0.345,0.000216,"MTRF1L"
"UBXN7",1.16e-08,0.154,0.707,0.686,0.000216,"UBXN7"
"MAP3K2",1.16e-08,0.157,0.728,0.71,0.000216,"MAP3K2"
"TRIM33",1.17e-08,0.146,0.832,0.816,0.000217,"TRIM33"
"ALG14",1.18e-08,0.267,0.334,0.295,0.00022,"ALG14"
"PDK4",1.19e-08,-0.725,0.028,0.044,0.000221,"PDK4"
"EPHA4",1.19e-08,-0.204,0.392,0.435,0.000221,"EPHA4"
"CCDC124",1.21e-08,0.226,0.474,0.441,0.000225,"CCDC124"
"RARS2",1.22e-08,0.175,0.616,0.587,0.000227,"RARS2"
"SMARCD3",1.22e-08,0.275,0.373,0.334,0.000227,"SMARCD3"
"SGCD",1.23e-08,-0.422,0.086,0.112,0.000229,"SGCD"
"AMMECR1",1.24e-08,0.25,0.647,0.638,0.00023,"AMMECR1"
"HTATIP2",1.25e-08,0.568,0.042,0.026,0.000232,"HTATIP2"
"KIF5A",1.25e-08,0.285,0.498,0.462,0.000233,"KIF5A"
"SLC12A4",1.26e-08,0.418,0.126,0.099,0.000234,"SLC12A4"
"SMC1A",1.26e-08,0.192,0.6,0.569,0.000235,"SMC1A"
"TMED3",1.28e-08,0.152,0.297,0.257,0.000238,"TMED3"
"TMEM132A",1.28e-08,0.197,0.359,0.316,0.000239,"TMEM132A"
"ARL4C",1.28e-08,0.269,0.839,0.813,0.000239,"ARL4C"
"MT-TT",1.28e-08,0.577,0.096,0.072,0.000239,"MT-TT"
"SLC25A38",1.29e-08,0.305,0.223,0.188,0.000239,"SLC25A38"
"GRID1",1.29e-08,-0.497,0.143,0.174,0.000241,"GRID1"
"CLDN20",1.3e-08,0.652,0.069,0.048,0.000242,"CLDN20"
"RNF2",1.33e-08,0.252,0.436,0.399,0.000248,"RNF2"
"SPATA17",1.34e-08,0.234,0.172,0.14,0.000249,"SPATA17"
"TXLNA",1.35e-08,0.263,0.394,0.358,0.000251,"TXLNA"
"CCDC28B",1.35e-08,0.188,0.637,0.599,0.000252,"CCDC28B"
"PDE1C",1.36e-08,0.597,0.179,0.148,0.000253,"PDE1C"
"CHMP4B",1.38e-08,0.187,0.459,0.419,0.000258,"CHMP4B"
"MTG1",1.38e-08,0.31,0.273,0.236,0.000258,"MTG1"
"TUG1",1.39e-08,0.169,0.689,0.666,0.000259,"TUG1"
"FAM111A",1.4e-08,0.312,0.194,0.162,0.000261,"FAM111A"
"ADO",1.42e-08,0.35,0.203,0.17,0.000265,"ADO"
"TAGLN",1.43e-08,0.336,0.073,0.052,0.000267,"TAGLN"
"RPRML",1.43e-08,0.984,0.031,0.018,0.000267,"RPRML"
"WASHC4",1.47e-08,0.199,0.56,0.527,0.000273,"WASHC4"
"PCNA",1.47e-08,0.281,0.448,0.409,0.000274,"PCNA"
"CNPPD1",1.48e-08,0.272,0.237,0.2,0.000276,"CNPPD1"
"BACH1",1.5e-08,0.162,0.697,0.663,0.000278,"BACH1"
"SUPT20H",1.5e-08,0.22,0.583,0.554,0.000279,"SUPT20H"
"NSMF",1.51e-08,0.32,0.242,0.207,0.000282,"NSMF"
"DCAF12",1.52e-08,0.284,0.316,0.278,0.000282,"DCAF12"
"PCYOX1L",1.52e-08,0.455,0.106,0.08,0.000283,"PCYOX1L"
"FAHD1",1.52e-08,0.254,0.311,0.274,0.000283,"FAHD1"
"BRWD3",1.53e-08,0.225,0.636,0.606,0.000284,"BRWD3"
"PHYH",1.53e-08,0.303,0.342,0.307,0.000285,"PHYH"
"BID",1.54e-08,0.243,0.269,0.231,0.000288,"BID"
"ACVR1",1.56e-08,-0.483,0.311,0.339,0.00029,"ACVR1"
"ELK1",1.56e-08,0.317,0.187,0.154,0.000291,"ELK1"
"ACAD8",1.56e-08,0.255,0.289,0.252,0.000291,"ACAD8"
"CMAS",1.56e-08,0.225,0.445,0.408,0.000291,"CMAS"
"IMP3",1.57e-08,0.215,0.425,0.385,0.000293,"IMP3"
"RAB22A",1.59e-08,0.226,0.585,0.56,0.000296,"RAB22A"
"RRP15",1.63e-08,0.23,0.348,0.31,0.000303,"RRP15"
"EIF5",1.63e-08,0.109,0.827,0.823,0.000304,"EIF5"
"GRM8",1.63e-08,0.635,0.083,0.061,0.000304,"GRM8"
"SH3GLB2",1.64e-08,0.285,0.275,0.239,0.000305,"SH3GLB2"
"HNRNPUL1",1.65e-08,0.148,0.71,0.698,0.000308,"HNRNPUL1"
"SCLY",1.66e-08,0.24,0.302,0.265,0.000308,"SCLY"
"EDC4",1.71e-08,0.196,0.242,0.204,0.000318,"EDC4"
"TMEM251",1.71e-08,0.254,0.319,0.281,0.000318,"TMEM251"
"KCTD8",1.71e-08,0.423,0.276,0.241,0.000318,"KCTD8"
"SMAD4",1.71e-08,0.16,0.762,0.742,0.000318,"SMAD4"
"RNFT1",1.72e-08,0.231,0.288,0.251,0.00032,"RNFT1"
"PLK3",1.73e-08,0.51,0.07,0.05,0.000323,"PLK3"
"DYNLT3",1.74e-08,0.621,0.124,0.098,0.000323,"DYNLT3"
"FAM50A",1.74e-08,0.235,0.533,0.504,0.000324,"FAM50A"
"SPRY4",1.76e-08,0.566,0.106,0.081,0.000328,"SPRY4"
"DDX54",1.82e-08,0.252,0.273,0.236,0.000339,"DDX54"
"ZMYND11",1.83e-08,0.134,0.805,0.795,0.000341,"ZMYND11"
"FSTL5",1.86e-08,-0.128,0.223,0.257,0.000347,"FSTL5"
"FUBP3",1.87e-08,0.184,0.638,0.616,0.000347,"FUBP3"
"NKD1",1.88e-08,1.399,0.086,0.063,0.00035,"NKD1"
"DCUN1D1",1.89e-08,0.186,0.568,0.535,0.000352,"DCUN1D1"
"CTBS",1.9e-08,0.333,0.235,0.201,0.000353,"CTBS"
"MLST8",1.9e-08,0.363,0.214,0.181,0.000353,"MLST8"
"RAB20",1.9e-08,-1.028,0.016,0.029,0.000354,"RAB20"
"MANEA",1.92e-08,0.322,0.229,0.195,0.000358,"MANEA"
"KATNAL1",1.93e-08,0.184,0.641,0.615,0.000358,"KATNAL1"
"SPTLC1",1.94e-08,0.157,0.574,0.542,0.00036,"SPTLC1"
"DYM",1.95e-08,0.148,0.738,0.718,0.000364,"DYM"
"STK11",2e-08,0.268,0.3,0.264,0.000372,"STK11"
"DENND5A",2e-08,0.135,0.759,0.736,0.000373,"DENND5A"
"CFAP47",2.01e-08,-0.937,0.012,0.024,0.000374,"CFAP47"
"B4GAT1",2.01e-08,0.242,0.304,0.265,0.000375,"B4GAT1"
"ZNF24",2.03e-08,0.156,0.638,0.611,0.000378,"ZNF24"
"CDKL5",2.03e-08,0.369,0.594,0.567,0.000379,"CDKL5"
"TARBP2",2.05e-08,0.461,0.093,0.07,0.000381,"TARBP2"
"KSR2",2.05e-08,-0.778,0.024,0.039,0.000382,"KSR2"
"GPR137",2.06e-08,0.317,0.203,0.169,0.000384,"GPR137"
"KIF21B",2.15e-08,-0.121,0.204,0.245,0.0004,"KIF21B"
"LY6E",2.16e-08,0.469,0.11,0.085,0.000402,"LY6E"
"UBTF",2.16e-08,0.162,0.677,0.655,0.000403,"UBTF"
"CHMP2B",2.17e-08,0.189,0.527,0.494,0.000404,"CHMP2B"
"ZNF19",2.17e-08,0.285,0.182,0.15,0.000405,"ZNF19"
"FBXL6",2.18e-08,0.388,0.128,0.1,0.000406,"FBXL6"
"TCOF1",2.18e-08,0.326,0.246,0.212,0.000406,"TCOF1"
"PODXL",2.2e-08,0.414,0.12,0.093,0.000409,"PODXL"
"LIN7B",2.22e-08,0.323,0.211,0.178,0.000413,"LIN7B"
"PTGFRN",2.23e-08,0.176,0.38,0.341,0.000414,"PTGFRN"
"GRAMD1A",2.25e-08,0.229,0.391,0.351,0.000418,"GRAMD1A"
"RNF214",2.25e-08,0.205,0.484,0.449,0.000419,"RNF214"
"PPP1R21",2.25e-08,0.182,0.528,0.492,0.000419,"PPP1R21"
"IL1RAPL2",2.26e-08,-2.949,0.032,0.049,0.000421,"IL1RAPL2"
"CHD6",2.29e-08,0.108,0.874,0.869,0.000426,"CHD6"
"TPRG1",2.3e-08,0.477,0.056,0.038,0.000428,"TPRG1"
"NUP188",2.3e-08,0.235,0.299,0.263,0.000428,"NUP188"
"RANBP6",2.32e-08,0.29,0.323,0.285,0.000431,"RANBP6"
"TRMT5",2.34e-08,0.325,0.235,0.202,0.000435,"TRMT5"
"PTPMT1",2.34e-08,0.262,0.314,0.276,0.000436,"PTPMT1"
"PRXL2B",2.35e-08,0.331,0.152,0.123,0.000438,"PRXL2B"
"PEDS1",2.38e-08,0.358,0.178,0.147,0.000443,"PEDS1"
"FSD1",2.41e-08,0.291,0.262,0.227,0.000449,"FSD1"
"TOMM34",2.44e-08,0.265,0.171,0.139,0.000455,"TOMM34"
"OLIG1",2.49e-08,0.419,0.344,0.308,0.000464,"OLIG1"
"NEDD4",2.49e-08,0.151,0.508,0.469,0.000464,"NEDD4"
"TAF9",2.51e-08,0.197,0.497,0.462,0.000468,"TAF9"
"MOB4",2.52e-08,0.147,0.752,0.732,0.00047,"MOB4"
"SEC16A",2.53e-08,0.277,0.336,0.299,0.000471,"SEC16A"
"ROCK1",2.53e-08,0.138,0.861,0.849,0.000471,"ROCK1"
"TMEM59L",2.55e-08,0.227,0.368,0.33,0.000475,"TMEM59L"
"DENND4C",2.56e-08,0.159,0.798,0.777,0.000477,"DENND4C"
"GNL1",2.56e-08,0.209,0.418,0.381,0.000477,"GNL1"
"SHROOM3",2.57e-08,0.233,0.523,0.48,0.000479,"SHROOM3"
"KCNN1",2.58e-08,-0.456,0.063,0.085,0.00048,"KCNN1"
"EFHD2",2.61e-08,0.111,0.31,0.269,0.000486,"EFHD2"
"NRBF2",2.64e-08,0.28,0.282,0.246,0.000491,"NRBF2"
"ENSG00000279088",2.65e-08,0.403,0.13,0.103,0.000493,"ENSG00000279088"
"MED24",2.65e-08,0.258,0.386,0.347,0.000493,"MED24"
"RSRC1",2.65e-08,0.163,0.675,0.653,0.000494,"RSRC1"
"SH3GL1",2.66e-08,0.268,0.366,0.33,0.000495,"SH3GL1"
"LAMTOR3",2.67e-08,0.223,0.559,0.531,0.000497,"LAMTOR3"
"APEH",2.68e-08,0.336,0.205,0.172,0.0005,"APEH"
"UBAC1",2.69e-08,0.268,0.443,0.409,0.0005,"UBAC1"
"KCTD3",2.74e-08,0.197,0.541,0.508,0.00051,"KCTD3"
"SLC20A2",2.74e-08,0.189,0.486,0.452,0.000511,"SLC20A2"
"LHFPL3",2.78e-08,1.097,0.125,0.098,0.000518,"LHFPL3"
"SNX24",2.79e-08,0.219,0.446,0.41,0.000518,"SNX24"
"MAFB",2.79e-08,-0.451,0.065,0.088,0.000519,"MAFB"
"MLLT10",2.79e-08,0.107,0.832,0.813,0.000519,"MLLT10"
"IPO5",2.8e-08,0.157,0.581,0.553,0.000521,"IPO5"
"LYPD6",2.8e-08,-0.571,0.14,0.168,0.000521,"LYPD6"
"KCTD17",2.83e-08,0.356,0.178,0.147,0.000527,"KCTD17"
"SEPHS1",2.84e-08,0.207,0.519,0.486,0.000528,"SEPHS1"
"WDR35",2.84e-08,0.162,0.421,0.382,0.000528,"WDR35"
"ATXN7L1",2.88e-08,0.162,0.602,0.563,0.000535,"ATXN7L1"
"AZI2",2.93e-08,0.209,0.557,0.525,0.000546,"AZI2"
"B3GNT2",2.95e-08,0.541,0.082,0.061,0.000548,"B3GNT2"
"S100A2",2.96e-08,0.676,0.027,0.015,0.00055,"S100A2"
"POLR1B",2.97e-08,0.217,0.252,0.216,0.000552,"POLR1B"
"BCL2L1",2.98e-08,0.245,0.408,0.369,0.000554,"BCL2L1"
"PDE2A",3.03e-08,-0.452,0.026,0.041,0.000563,"PDE2A"
"CELF3",3.03e-08,0.462,0.2,0.171,0.000564,"CELF3"
"ZDHHC24",3.06e-08,0.237,0.217,0.182,0.000569,"ZDHHC24"
"DBNDD2",3.06e-08,0.301,0.376,0.344,0.000569,"DBNDD2"
"PREX2",3.07e-08,-0.4,0.147,0.177,0.000572,"PREX2"
"SQLE",3.08e-08,0.188,0.687,0.666,0.000573,"SQLE"
"FUNDC2",3.08e-08,0.206,0.563,0.526,0.000573,"FUNDC2"
"STK4",3.1e-08,0.212,0.528,0.493,0.000577,"STK4"
"ABCE1",3.1e-08,0.207,0.546,0.517,0.000577,"ABCE1"
"DNMT1",3.13e-08,0.27,0.505,0.473,0.000582,"DNMT1"
"KIF3B",3.13e-08,0.21,0.468,0.431,0.000583,"KIF3B"
"SHQ1",3.14e-08,0.183,0.2,0.167,0.000584,"SHQ1"
"GTF2A1",3.16e-08,0.226,0.473,0.44,0.000589,"GTF2A1"
"BCL7A",3.17e-08,0.272,0.441,0.405,0.000591,"BCL7A"
"NTHL1",3.17e-08,0.312,0.268,0.234,0.000591,"NTHL1"
"SLC39A11",3.18e-08,0.214,0.314,0.274,0.000592,"SLC39A11"
"SHC2",3.22e-08,0.326,0.256,0.222,0.000599,"SHC2"
"CNOT11",3.24e-08,0.269,0.283,0.246,0.000602,"CNOT11"
"PYROXD1",3.26e-08,0.337,0.247,0.213,0.000607,"PYROXD1"
"TOR1AIP2",3.28e-08,0.18,0.578,0.547,0.00061,"TOR1AIP2"
"MOCS2",3.31e-08,0.248,0.455,0.421,0.000617,"MOCS2"
"SRPX",3.33e-08,0.255,0.097,0.073,0.00062,"SRPX"
"TCTA",3.34e-08,0.401,0.121,0.095,0.000621,"TCTA"
"KCNC2",3.36e-08,-0.895,0.013,0.025,0.000626,"KCNC2"
"MYBBP1A",3.38e-08,0.396,0.114,0.089,0.000628,"MYBBP1A"
"PINX1",3.38e-08,0.274,0.269,0.232,0.000629,"PINX1"
"INPP1",3.39e-08,-0.452,0.153,0.182,0.000631,"INPP1"
"USP3",3.39e-08,0.169,0.794,0.769,0.000632,"USP3"
"FAM114A2",3.41e-08,0.284,0.31,0.274,0.000634,"FAM114A2"
"CHN1",3.41e-08,0.179,0.667,0.649,0.000634,"CHN1"
"OTUD6B",3.43e-08,0.232,0.348,0.311,0.000638,"OTUD6B"
"RTL8B",3.43e-08,0.357,0.172,0.142,0.000639,"RTL8B"
"XPR1",3.44e-08,0.108,0.87,0.871,0.00064,"XPR1"
"POLDIP2",3.47e-08,0.238,0.423,0.388,0.000646,"POLDIP2"
"OTULIN",3.47e-08,0.234,0.232,0.197,0.000646,"OTULIN"
"DUSP4",3.5e-08,0.261,0.117,0.09,0.000651,"DUSP4"
"ZNF131",3.51e-08,0.135,0.745,0.718,0.000654,"ZNF131"
"ACBD5",3.52e-08,0.127,0.64,0.607,0.000655,"ACBD5"
"NEMP1",3.54e-08,0.229,0.251,0.216,0.000659,"NEMP1"
"PIGT",3.58e-08,0.209,0.237,0.202,0.000666,"PIGT"
"SALL3",3.62e-08,0.239,0.453,0.419,0.000673,"SALL3"
"NUB1",3.64e-08,0.216,0.432,0.393,0.000678,"NUB1"
"HLA-C",3.66e-08,0.188,0.49,0.449,0.000682,"HLA-C"
"SUGP2",3.71e-08,0.123,0.643,0.622,0.00069,"SUGP2"
"BHLHE41",3.72e-08,-0.545,0.074,0.097,0.000692,"BHLHE41"
"ARHGAP12",3.72e-08,0.155,0.74,0.718,0.000693,"ARHGAP12"
"MAP4K5",3.73e-08,0.121,0.867,0.847,0.000694,"MAP4K5"
"WASHC5",3.74e-08,0.202,0.443,0.406,0.000695,"WASHC5"
"GUF1",3.74e-08,0.225,0.364,0.325,0.000697,"GUF1"
"SLC5A6",3.77e-08,0.42,0.085,0.063,0.000702,"SLC5A6"
"PRR32",3.8e-08,0.717,0.033,0.02,0.000707,"PRR32"
"GINS2",3.81e-08,0.359,0.283,0.251,0.00071,"GINS2"
"PCNX3",3.84e-08,0.296,0.148,0.12,0.000714,"PCNX3"
"TSPAN33",3.85e-08,0.36,0.125,0.098,0.000717,"TSPAN33"
"RNASE4",3.88e-08,-0.353,0.099,0.125,0.000723,"RNASE4"
"TMEM185B",3.9e-08,0.259,0.151,0.121,0.000725,"TMEM185B"
"DDX27",3.93e-08,0.248,0.346,0.309,0.000731,"DDX27"
"MAD2L2",3.96e-08,0.251,0.582,0.557,0.000736,"MAD2L2"
"PPP2R2A",3.97e-08,0.178,0.672,0.652,0.000739,"PPP2R2A"
"TMPRSS7",3.99e-08,0.854,0.018,0.008,0.000743,"TMPRSS7"
"SNTB2",4e-08,0.244,0.44,0.403,0.000744,"SNTB2"
"SPTBN4",4.01e-08,-0.422,0.08,0.104,0.000747,"SPTBN4"
"DPP3",4.01e-08,0.323,0.177,0.146,0.000747,"DPP3"
"HSDL2",4.01e-08,0.126,0.585,0.554,0.000747,"HSDL2"
"UBXN2A",4.06e-08,0.142,0.727,0.707,0.000755,"UBXN2A"
"ATG10",4.09e-08,0.2,0.529,0.491,0.000762,"ATG10"
"IDH3B",4.1e-08,0.273,0.34,0.304,0.000764,"IDH3B"
"SHKBP1",4.14e-08,0.401,0.134,0.107,0.00077,"SHKBP1"
"RALGAPB",4.14e-08,0.173,0.547,0.51,0.000771,"RALGAPB"
"MSX1",4.16e-08,0.415,0.065,0.045,0.000774,"MSX1"
"NEK6",4.22e-08,0.271,0.328,0.294,0.000786,"NEK6"
"SLC6A11",4.24e-08,-0.396,0.092,0.117,0.00079,"SLC6A11"
"PRMT3",4.26e-08,0.181,0.449,0.415,0.000792,"PRMT3"
"GOLGA2",4.3e-08,0.195,0.428,0.393,0.000799,"GOLGA2"
"TAF3",4.32e-08,0.141,0.596,0.556,0.000805,"TAF3"
"URB1",4.34e-08,0.315,0.204,0.173,0.000809,"URB1"
"CASP8",4.38e-08,0.728,0.056,0.039,0.000815,"CASP8"
"AFG3L2",4.41e-08,0.212,0.394,0.358,0.000822,"AFG3L2"
"NIPSNAP3A",4.55e-08,0.308,0.27,0.236,0.000848,"NIPSNAP3A"
"SHANK2",4.56e-08,-0.173,0.255,0.294,0.00085,"SHANK2"
"PIK3R1",4.6e-08,0.344,0.566,0.541,0.000857,"PIK3R1"
"NIN",4.64e-08,0.301,0.685,0.655,0.000863,"NIN"
"TRIP6",4.66e-08,0.304,0.237,0.204,0.000868,"TRIP6"
"SLC35B4",4.68e-08,0.254,0.372,0.335,0.00087,"SLC35B4"
"RAB5B",4.68e-08,0.2,0.554,0.527,0.000872,"RAB5B"
"TYMS",4.71e-08,0.192,0.277,0.236,0.000877,"TYMS"
"PCMTD1",4.72e-08,0.199,0.794,0.77,0.000878,"PCMTD1"
"GJA1",4.72e-08,0.276,0.416,0.379,0.000878,"GJA1"
"MRPS33",4.72e-08,0.206,0.483,0.45,0.000879,"MRPS33"
"DNAH14",4.72e-08,0.277,0.34,0.306,0.000879,"DNAH14"
"PMPCB",4.77e-08,0.2,0.55,0.516,0.000887,"PMPCB"
"FBXO11",4.8e-08,0.146,0.94,0.934,0.000894,"FBXO11"
"ONECUT2",4.81e-08,-0.457,0.072,0.095,0.000895,"ONECUT2"
"XPNPEP1",4.83e-08,0.237,0.295,0.259,0.0009,"XPNPEP1"
"ADGRB2",4.87e-08,0.274,0.221,0.188,0.000907,"ADGRB2"
"SHROOM2",4.88e-08,-0.232,0.129,0.159,0.000908,"SHROOM2"
"PEX10",4.88e-08,0.257,0.311,0.275,0.000909,"PEX10"
"EXOSC1",4.9e-08,0.247,0.352,0.316,0.000912,"EXOSC1"
"MGLL",4.95e-08,-0.25,0.276,0.309,0.000922,"MGLL"
"BAG5",4.96e-08,0.187,0.472,0.438,0.000924,"BAG5"
"ATAD1",4.99e-08,0.166,0.669,0.645,0.00093,"ATAD1"
"NUTM2E",5.01e-08,0.172,0.359,0.321,0.000932,"NUTM2E"
"OTX1",5.03e-08,0.419,0.086,0.064,0.000936,"OTX1"
"DHX33",5.03e-08,0.181,0.293,0.258,0.000937,"DHX33"
"SOCS6",5.15e-08,0.254,0.331,0.295,0.000959,"SOCS6"
"FRMD8",5.15e-08,0.43,0.117,0.091,0.000959,"FRMD8"
"TFE3",5.18e-08,0.254,0.337,0.3,0.000963,"TFE3"
"CCNL2",5.21e-08,0.204,0.525,0.491,0.00097,"CCNL2"
"MGAT4C",5.23e-08,-0.147,0.468,0.494,0.000973,"MGAT4C"
"TMEM19",5.26e-08,0.292,0.247,0.213,0.00098,"TMEM19"
"PCID2",5.28e-08,0.197,0.439,0.403,0.000983,"PCID2"
"FAM104A",5.3e-08,0.208,0.407,0.37,0.000986,"FAM104A"
"PSMG4",5.3e-08,0.18,0.506,0.466,0.000986,"PSMG4"
"BEX1",5.34e-08,0.345,0.695,0.682,0.000994,"BEX1"
"LGR4",5.35e-08,0.365,0.301,0.267,0.000997,"LGR4"
"RAP1GAP2",5.38e-08,-0.597,0.028,0.043,0.001,"RAP1GAP2"
"RWDD4",5.38e-08,0.207,0.449,0.413,0.001,"RWDD4"
"ACP2",5.39e-08,0.248,0.149,0.121,0.001,"ACP2"
"GTPBP4",5.41e-08,0.217,0.477,0.442,0.00101,"GTPBP4"
"PLP2",5.45e-08,0.52,0.1,0.077,0.00101,"PLP2"
"PRR14L",5.46e-08,0.196,0.56,0.529,0.00102,"PRR14L"
"TRPC4",5.46e-08,0.253,0.18,0.148,0.00102,"TRPC4"
"AKR1A1",5.48e-08,0.202,0.482,0.447,0.00102,"AKR1A1"
"DYRK1A",5.52e-08,0.118,0.849,0.838,0.00103,"DYRK1A"
"FER",5.52e-08,0.132,0.893,0.881,0.00103,"FER"
"TP53RK",5.53e-08,0.266,0.327,0.292,0.00103,"TP53RK"
"MYCL",5.53e-08,0.7,0.048,0.032,0.00103,"MYCL"
"CAND1",5.6e-08,0.161,0.762,0.752,0.00104,"CAND1"
"MORN2",5.62e-08,0.193,0.489,0.455,0.00105,"MORN2"
"FASTK",5.66e-08,0.213,0.328,0.292,0.00105,"FASTK"
"BTBD3",5.72e-08,0.247,0.417,0.381,0.00107,"BTBD3"
"FAM222A",5.72e-08,0.325,0.114,0.088,0.00107,"FAM222A"
"ANKRD37",5.73e-08,-0.523,0.117,0.143,0.00107,"ANKRD37"
"CHD8",5.77e-08,0.166,0.681,0.662,0.00107,"CHD8"
"ACTR10",5.79e-08,0.169,0.732,0.715,0.00108,"ACTR10"
"TMEM150C",5.8e-08,-0.266,0.176,0.207,0.00108,"TMEM150C"
"ARMC6",5.83e-08,0.299,0.146,0.118,0.00109,"ARMC6"
"TTC17",5.85e-08,0.117,0.865,0.861,0.00109,"TTC17"
"NRM",5.85e-08,0.424,0.174,0.145,0.00109,"NRM"
"SLC6A16",5.88e-08,0.288,0.269,0.234,0.00109,"SLC6A16"
"VPS50",5.88e-08,0.221,0.544,0.513,0.00109,"VPS50"
"SEC31A",5.9e-08,0.143,0.803,0.799,0.0011,"SEC31A"
"KATNB1",5.92e-08,0.296,0.163,0.134,0.0011,"KATNB1"
"LZTS2",5.92e-08,0.186,0.261,0.226,0.0011,"LZTS2"
"NOLC1",6e-08,0.214,0.368,0.33,0.00112,"NOLC1"
"POLDIP3",6.01e-08,0.218,0.408,0.374,0.00112,"POLDIP3"
"SLC25A14",6.12e-08,0.241,0.31,0.274,0.00114,"SLC25A14"
"C4orf47",6.12e-08,-0.686,0.122,0.148,0.00114,"C4orf47"
"TGIF1",6.14e-08,0.329,0.393,0.362,0.00114,"TGIF1"
"PDGFA",6.14e-08,-0.605,0.045,0.063,0.00114,"PDGFA"
"CHST12",6.16e-08,0.293,0.217,0.184,0.00115,"CHST12"
"TRA2A",6.19e-08,0.128,0.867,0.855,0.00115,"TRA2A"
"DDX49",6.21e-08,0.216,0.336,0.301,0.00116,"DDX49"
"AGPAT3",6.23e-08,0.135,0.544,0.51,0.00116,"AGPAT3"
"PYGM",6.26e-08,-0.844,0.019,0.032,0.00117,"PYGM"
"BCKDK",6.26e-08,0.346,0.222,0.189,0.00117,"BCKDK"
"SKI",6.26e-08,0.201,0.527,0.496,0.00117,"SKI"
"ARHGAP17",6.32e-08,0.194,0.486,0.453,0.00118,"ARHGAP17"
"IFITM3",6.37e-08,0.25,0.31,0.269,0.00119,"IFITM3"
"TFPI2",6.41e-08,2.353,0.017,0.008,0.00119,"TFPI2"
"CNOT4",6.41e-08,0.142,0.826,0.81,0.00119,"CNOT4"
"TOM1L1",6.43e-08,0.335,0.198,0.167,0.0012,"TOM1L1"
"SPRY3",6.43e-08,0.39,0.195,0.163,0.0012,"SPRY3"
"NAA20",6.44e-08,0.165,0.568,0.545,0.0012,"NAA20"
"TOLLIP",6.48e-08,0.261,0.307,0.271,0.00121,"TOLLIP"
"PAK5",6.51e-08,-0.123,0.27,0.31,0.00121,"PAK5"
"CYB5D2",6.52e-08,0.262,0.313,0.278,0.00121,"CYB5D2"
"ZNF394",6.56e-08,0.269,0.221,0.188,0.00122,"ZNF394"
"RERGL",6.61e-08,1.716,0.015,0.007,0.00123,"RERGL"
"MRPL55",6.61e-08,0.221,0.39,0.353,0.00123,"MRPL55"
"APCDD1",6.63e-08,0.418,0.113,0.088,0.00123,"APCDD1"
"COX15",6.71e-08,0.203,0.348,0.312,0.00125,"COX15"
"ELP6",6.82e-08,0.237,0.393,0.358,0.00127,"ELP6"
"TMX2",6.88e-08,0.173,0.502,0.469,0.00128,"TMX2"
"ATP6V1C2",6.91e-08,0.687,0.049,0.033,0.00129,"ATP6V1C2"
"FAM3A",6.92e-08,0.349,0.2,0.169,0.00129,"FAM3A"
"E2F4",6.94e-08,0.289,0.201,0.168,0.00129,"E2F4"
"ABCF2",6.97e-08,0.295,0.192,0.161,0.0013,"ABCF2"
"MAMDC2",6.98e-08,0.203,0.221,0.188,0.0013,"MAMDC2"
"IGSF1",6.98e-08,0.283,0.476,0.438,0.0013,"IGSF1"
"ZPR1",7.06e-08,0.229,0.278,0.243,0.00131,"ZPR1"
"PLAG1",7.09e-08,0.711,0.049,0.033,0.00132,"PLAG1"
"ANKH",7.11e-08,-0.311,0.407,0.443,0.00132,"ANKH"
"HLCS",7.11e-08,0.184,0.42,0.379,0.00132,"HLCS"
"GREB1",7.2e-08,0.29,0.092,0.069,0.00134,"GREB1"
"SEC22C",7.25e-08,0.198,0.493,0.46,0.00135,"SEC22C"
"SPOUT1",7.28e-08,0.322,0.131,0.105,0.00136,"SPOUT1"
"COQ4",7.29e-08,0.18,0.368,0.328,0.00136,"COQ4"
"DPH7",7.31e-08,0.233,0.306,0.271,0.00136,"DPH7"
"MPHOSPH10",7.36e-08,0.187,0.527,0.494,0.00137,"MPHOSPH10"
"SPNS2",7.4e-08,-1.138,0.012,0.023,0.00138,"SPNS2"
"GTPBP8",7.42e-08,0.252,0.326,0.291,0.00138,"GTPBP8"
"ITSN1",7.47e-08,0.131,0.827,0.815,0.00139,"ITSN1"
"ZNF385A",7.62e-08,0.375,0.169,0.14,0.00142,"ZNF385A"
"NCOA2",7.73e-08,0.125,0.857,0.836,0.00144,"NCOA2"
"LIG4",7.75e-08,0.29,0.172,0.142,0.00144,"LIG4"
"CARD19",7.76e-08,0.235,0.405,0.368,0.00144,"CARD19"
"SLC32A1",7.78e-08,0.475,0.217,0.189,0.00145,"SLC32A1"
"ADIPOR2",7.81e-08,0.21,0.524,0.487,0.00145,"ADIPOR2"
"SLMAP",7.81e-08,0.173,0.691,0.67,0.00145,"SLMAP"
"COL6A1",7.84e-08,0.175,0.407,0.367,0.00146,"COL6A1"
"UNC119",7.86e-08,0.293,0.268,0.233,0.00146,"UNC119"
"KCNK2",7.87e-08,-0.676,0.046,0.065,0.00146,"KCNK2"
"ERGIC1",7.93e-08,0.192,0.427,0.389,0.00148,"ERGIC1"
"SAP30",7.99e-08,0.172,0.642,0.617,0.00149,"SAP30"
"AGBL1",8.03e-08,-0.321,0.064,0.085,0.00149,"AGBL1"
"TIMM9",8.03e-08,0.16,0.453,0.415,0.0015,"TIMM9"
"SNRPA",8.11e-08,0.257,0.437,0.405,0.00151,"SNRPA"
"GXYLT1",8.29e-08,0.336,0.366,0.331,0.00154,"GXYLT1"
"VGLL4",8.35e-08,0.149,0.828,0.811,0.00155,"VGLL4"
"ATG13",8.36e-08,0.209,0.327,0.29,0.00156,"ATG13"
"GPATCH11",8.4e-08,0.18,0.421,0.385,0.00156,"GPATCH11"
"CKAP2",8.41e-08,0.176,0.517,0.477,0.00157,"CKAP2"
"PYM1",8.43e-08,0.242,0.256,0.221,0.00157,"PYM1"
"SFT2D1",8.45e-08,0.12,0.545,0.507,0.00157,"SFT2D1"
"HCN1",8.51e-08,0.686,0.067,0.048,0.00158,"HCN1"
"PPIC",8.51e-08,0.423,0.136,0.109,0.00158,"PPIC"
"CPSF6",8.57e-08,0.127,0.807,0.793,0.0016,"CPSF6"
"CYFIP2",8.62e-08,0.173,0.671,0.647,0.0016,"CYFIP2"
"EPS8",8.68e-08,0.211,0.658,0.647,0.00161,"EPS8"
"SGSM1",8.68e-08,-0.86,0.021,0.035,0.00162,"SGSM1"
"LARP7",8.71e-08,0.136,0.611,0.582,0.00162,"LARP7"
"DHX29",8.76e-08,0.146,0.625,0.594,0.00163,"DHX29"
"DNAJC3",8.87e-08,0.166,0.515,0.491,0.00165,"DNAJC3"
"RNF115",8.88e-08,0.144,0.691,0.676,0.00165,"RNF115"
"SLC35D1",8.9e-08,0.213,0.381,0.346,0.00166,"SLC35D1"
"SLC10A7",8.94e-08,0.218,0.407,0.369,0.00166,"SLC10A7"
"EMC8",8.99e-08,0.209,0.43,0.397,0.00167,"EMC8"
"RPE",9e-08,0.254,0.382,0.345,0.00168,"RPE"
"AGGF1",9.01e-08,0.21,0.491,0.454,0.00168,"AGGF1"
"MVB12A",9.02e-08,0.218,0.349,0.311,0.00168,"MVB12A"
"TMEM164",9.05e-08,0.247,0.487,0.46,0.00169,"TMEM164"
"LRRC26",9.11e-08,-0.635,0.018,0.031,0.0017,"LRRC26"
"DPF2",9.35e-08,0.195,0.54,0.506,0.00174,"DPF2"
"COL19A1",9.53e-08,0.56,0.056,0.038,0.00177,"COL19A1"
"GEMIN6",9.77e-08,0.227,0.226,0.193,0.00182,"GEMIN6"
"TRAF6",9.91e-08,0.166,0.274,0.237,0.00184,"TRAF6"
"RIOX2",1e-07,0.332,0.143,0.116,0.00187,"RIOX2"
"GPS1",1.02e-07,0.251,0.273,0.238,0.00189,"GPS1"
"BCL10",1.02e-07,0.212,0.354,0.316,0.0019,"BCL10"
"ZNF618",1.03e-07,0.203,0.547,0.511,0.00192,"ZNF618"
"DCAF6",1.03e-07,0.17,0.625,0.598,0.00192,"DCAF6"
"RPAP2",1.04e-07,0.153,0.736,0.72,0.00194,"RPAP2"
"HMGCL",1.05e-07,0.251,0.227,0.194,0.00195,"HMGCL"
"PRKAG1",1.07e-07,0.212,0.429,0.393,0.00198,"PRKAG1"
"RPN1",1.07e-07,0.178,0.488,0.455,0.00199,"RPN1"
"SPRYD4",1.07e-07,0.382,0.133,0.107,0.002,"SPRYD4"
"DLG4",1.08e-07,0.328,0.255,0.222,0.00201,"DLG4"
"STX4",1.08e-07,0.272,0.288,0.254,0.00202,"STX4"
"GOLPH3",1.09e-07,0.173,0.621,0.595,0.00202,"GOLPH3"
"SNX27",1.09e-07,0.158,0.632,0.608,0.00202,"SNX27"
"STAU1",1.09e-07,0.135,0.768,0.756,0.00202,"STAU1"
"GABRA4",1.09e-07,-0.796,0.014,0.026,0.00204,"GABRA4"
"EMC2",1.09e-07,0.19,0.476,0.443,0.00204,"EMC2"
"DNAJB5",1.1e-07,0.453,0.155,0.127,0.00205,"DNAJB5"
"RAP1A",1.1e-07,0.145,0.707,0.689,0.00205,"RAP1A"
"SH3GL2",1.11e-07,-0.392,0.137,0.164,0.00207,"SH3GL2"
"RRAGB",1.14e-07,0.229,0.414,0.377,0.00211,"RRAGB"
"TRIM37",1.15e-07,0.169,0.615,0.592,0.00213,"TRIM37"
"SSPN",1.16e-07,-0.454,0.187,0.215,0.00217,"SSPN"
"CA11",1.17e-07,0.434,0.124,0.099,0.00217,"CA11"
"PPM1D",1.18e-07,0.209,0.526,0.491,0.0022,"PPM1D"
"TBC1D23",1.18e-07,0.167,0.512,0.476,0.0022,"TBC1D23"
"BORCS7",1.19e-07,0.176,0.498,0.467,0.00221,"BORCS7"
"MTX2",1.2e-07,0.137,0.64,0.613,0.00224,"MTX2"
"KCNT2",1.21e-07,0.183,0.61,0.579,0.00225,"KCNT2"
"NSRP1",1.21e-07,0.117,0.696,0.675,0.00225,"NSRP1"
"TYW3",1.22e-07,0.289,0.214,0.182,0.00228,"TYW3"
"LRRC59",1.22e-07,0.244,0.337,0.3,0.00228,"LRRC59"
"DHFR",1.23e-07,0.347,0.412,0.382,0.00229,"DHFR"
"ANKRD49",1.23e-07,0.278,0.183,0.152,0.00229,"ANKRD49"
"N4BP2",1.24e-07,0.194,0.679,0.653,0.00231,"N4BP2"
"RBM15B",1.25e-07,0.235,0.406,0.371,0.00233,"RBM15B"
"CCNJL",1.25e-07,0.349,0.204,0.173,0.00233,"CCNJL"
"FAM120C",1.27e-07,0.195,0.395,0.36,0.00236,"FAM120C"
"TXNDC15",1.27e-07,0.189,0.5,0.468,0.00237,"TXNDC15"
"MIA2",1.28e-07,0.178,0.421,0.384,0.00239,"MIA2"
"CASP3",1.29e-07,0.239,0.524,0.492,0.0024,"CASP3"
"LBR",1.3e-07,0.178,0.681,0.655,0.00242,"LBR"
"KLHL42",1.31e-07,0.169,0.561,0.531,0.00244,"KLHL42"
"DCN",1.32e-07,-1.472,0.005,0.012,0.00246,"DCN"
"MRPS25",1.33e-07,0.149,0.533,0.499,0.00247,"MRPS25"
"METTL3",1.33e-07,0.218,0.35,0.314,0.00247,"METTL3"
"RASGRP2",1.33e-07,-0.47,0.052,0.071,0.00248,"RASGRP2"
"KLHL34",1.34e-07,0.538,0.047,0.032,0.0025,"KLHL34"
"UMAD1",1.35e-07,0.206,0.559,0.525,0.00252,"UMAD1"
"SNAPC5",1.36e-07,0.245,0.269,0.236,0.00254,"SNAPC5"
"TENM4",1.37e-07,-0.435,0.212,0.245,0.00255,"TENM4"
"FNBP4",1.38e-07,0.14,0.744,0.73,0.00257,"FNBP4"
"FAM110B",1.38e-07,0.269,0.73,0.714,0.00257,"FAM110B"
"CLVS1",1.39e-07,-0.14,0.076,0.099,0.00258,"CLVS1"
"MTMR6",1.39e-07,0.282,0.42,0.385,0.0026,"MTMR6"
"PHIP",1.4e-07,0.147,0.839,0.829,0.0026,"PHIP"
"TOPORS",1.4e-07,0.224,0.462,0.43,0.00261,"TOPORS"
"TMEM260",1.4e-07,0.187,0.431,0.395,0.00261,"TMEM260"
"NFE2L1",1.41e-07,0.212,0.362,0.327,0.00262,"NFE2L1"
"SUSD6",1.41e-07,0.294,0.255,0.222,0.00262,"SUSD6"
"ICE1",1.42e-07,0.165,0.62,0.592,0.00264,"ICE1"
"DIAPH2",1.42e-07,0.122,0.498,0.457,0.00264,"DIAPH2"
"ATG12",1.42e-07,0.181,0.583,0.557,0.00265,"ATG12"
"DFFA",1.43e-07,0.188,0.437,0.402,0.00266,"DFFA"
"ATG5",1.43e-07,0.214,0.536,0.509,0.00267,"ATG5"
"THADA",1.43e-07,0.154,0.574,0.539,0.00267,"THADA"
"GRTP1",1.44e-07,0.227,0.194,0.163,0.00268,"GRTP1"
"CYB5R4",1.44e-07,0.221,0.434,0.395,0.00268,"CYB5R4"
"NFATC4",1.47e-07,0.321,0.097,0.074,0.00274,"NFATC4"
"UBE4A",1.48e-07,0.185,0.492,0.461,0.00276,"UBE4A"
"GRIK2",1.48e-07,0.576,0.206,0.176,0.00276,"GRIK2"
"SIGMAR1",1.51e-07,0.345,0.202,0.172,0.00282,"SIGMAR1"
"BCL7B",1.51e-07,0.28,0.304,0.269,0.00282,"BCL7B"
"ATP6V1H",1.51e-07,0.165,0.636,0.608,0.00282,"ATP6V1H"
"CHAC2",1.52e-07,0.282,0.187,0.157,0.00283,"CHAC2"
"DTD2",1.52e-07,0.291,0.197,0.167,0.00283,"DTD2"
"MMGT1",1.53e-07,0.213,0.306,0.27,0.00284,"MMGT1"
"PRDX4",1.54e-07,0.135,0.536,0.504,0.00286,"PRDX4"
"DENND2B",1.54e-07,0.172,0.462,0.428,0.00287,"DENND2B"
"MCUB",1.54e-07,-0.249,0.443,0.47,0.00287,"MCUB"
"RBM27",1.54e-07,0.139,0.684,0.658,0.00287,"RBM27"
"SERTAD1",1.55e-07,0.341,0.151,0.124,0.00288,"SERTAD1"
"ZNF410",1.56e-07,0.158,0.485,0.448,0.0029,"ZNF410"
"DR1",1.57e-07,0.249,0.437,0.408,0.00292,"DR1"
"FAM120B",1.57e-07,0.186,0.681,0.669,0.00292,"FAM120B"
"AGT",1.57e-07,-0.502,0.225,0.252,0.00293,"AGT"
"PLXNC1",1.58e-07,-0.131,0.446,0.486,0.00294,"PLXNC1"
"PROSER1",1.58e-07,0.301,0.325,0.292,0.00294,"PROSER1"
"CBR1",1.59e-07,0.218,0.309,0.274,0.00295,"CBR1"
"COQ2",1.61e-07,0.308,0.228,0.197,0.00299,"COQ2"
"ATP6V1G2",1.63e-07,0.318,0.338,0.303,0.00303,"ATP6V1G2"
"APOO",1.63e-07,0.186,0.45,0.413,0.00304,"APOO"
"FBXO8",1.63e-07,0.249,0.316,0.28,0.00304,"FBXO8"
"PARG",1.63e-07,0.15,0.579,0.549,0.00304,"PARG"
"GRK6",1.64e-07,0.32,0.171,0.142,0.00306,"GRK6"
"DMAC2L",1.65e-07,0.244,0.44,0.409,0.00306,"DMAC2L"
"AIG1",1.65e-07,0.153,0.557,0.525,0.00307,"AIG1"
"THBS4",1.66e-07,0.277,0.226,0.195,0.00308,"THBS4"
"AIMP1",1.66e-07,0.173,0.53,0.501,0.00308,"AIMP1"
"ESRRA",1.66e-07,0.323,0.232,0.2,0.0031,"ESRRA"
"ANGPTL1",1.68e-07,0.275,0.225,0.193,0.00314,"ANGPTL1"
"ITGA9",1.74e-07,-0.403,0.082,0.106,0.00324,"ITGA9"
"CCDC86",1.74e-07,0.674,0.05,0.034,0.00325,"CCDC86"
"MED31",1.75e-07,0.176,0.378,0.34,0.00325,"MED31"
"AGPAT2",1.75e-07,0.407,0.107,0.084,0.00326,"AGPAT2"
"EXOSC7",1.79e-07,0.22,0.426,0.394,0.00333,"EXOSC7"
"REV3L",1.79e-07,0.162,0.913,0.911,0.00333,"REV3L"
"MYO10",1.79e-07,0.12,0.617,0.58,0.00334,"MYO10"
"PPP1R16A",1.8e-07,0.274,0.189,0.158,0.00336,"PPP1R16A"
"CCNC",1.8e-07,0.152,0.555,0.526,0.00336,"CCNC"
"POLA1",1.8e-07,0.221,0.584,0.551,0.00336,"POLA1"
"SLC38A6",1.81e-07,0.236,0.412,0.378,0.00336,"SLC38A6"
"PTCD3",1.82e-07,0.172,0.577,0.555,0.00339,"PTCD3"
"PPT1",1.82e-07,0.196,0.416,0.383,0.0034,"PPT1"
"NIT2",1.85e-07,0.194,0.357,0.32,0.00344,"NIT2"
"ENSG00000279887",1.87e-07,1.411,0.014,0.006,0.00347,"ENSG00000279887"
"ASPHD2",1.88e-07,0.463,0.077,0.057,0.00351,"ASPHD2"
"BLMH",1.9e-07,0.243,0.331,0.296,0.00354,"BLMH"
"EGR2",1.93e-07,0.934,0.039,0.025,0.00359,"EGR2"
"TMEM141",1.93e-07,0.22,0.279,0.244,0.0036,"TMEM141"
"PDCD11",1.93e-07,0.196,0.299,0.265,0.0036,"PDCD11"
"ANKRD40",1.93e-07,0.235,0.35,0.315,0.0036,"ANKRD40"
"APTX",1.95e-07,0.142,0.494,0.456,0.00362,"APTX"
"NOP2",1.96e-07,0.267,0.176,0.146,0.00365,"NOP2"
"GTF3C4",1.99e-07,0.283,0.354,0.323,0.0037,"GTF3C4"
"TAOK2",1.99e-07,0.364,0.198,0.167,0.00371,"TAOK2"
"PLCB3",2e-07,0.304,0.121,0.096,0.00372,"PLCB3"
"MRPL16",2.02e-07,0.202,0.425,0.391,0.00375,"MRPL16"
"KDM3A",2.02e-07,-0.179,0.475,0.512,0.00375,"KDM3A"
"C20orf96",2.03e-07,0.209,0.302,0.267,0.00377,"C20orf96"
"NADSYN1",2.04e-07,0.17,0.203,0.172,0.00381,"NADSYN1"
"EIF4A3",2.05e-07,0.144,0.634,0.611,0.00381,"EIF4A3"
"CREB3",2.07e-07,0.273,0.324,0.292,0.00385,"CREB3"
"CYP20A1",2.08e-07,0.188,0.519,0.485,0.00387,"CYP20A1"
"NWD1",2.08e-07,-0.967,0.022,0.035,0.00387,"NWD1"
"SRPRA",2.08e-07,0.298,0.25,0.218,0.00388,"SRPRA"
"FOXJ1",2.12e-07,0.533,0.046,0.031,0.00395,"FOXJ1"
"PARP11",2.13e-07,0.146,0.559,0.525,0.00397,"PARP11"
"SLC35E2B",2.14e-07,0.186,0.512,0.476,0.00399,"SLC35E2B"
"ZNF561",2.15e-07,0.215,0.253,0.219,0.00399,"ZNF561"
"GLRX",2.15e-07,0.297,0.321,0.286,0.00399,"GLRX"
"MLLT1",2.15e-07,0.24,0.359,0.325,0.00401,"MLLT1"
"VWA3A",2.16e-07,-0.666,0.046,0.064,0.00401,"VWA3A"
"RABL6",2.16e-07,0.203,0.534,0.503,0.00402,"RABL6"
"MEF2C",2.16e-07,0.162,0.572,0.543,0.00402,"MEF2C"
"SNW1",2.18e-07,0.205,0.645,0.622,0.00407,"SNW1"
"A2ML1",2.19e-07,-0.657,0.034,0.05,0.00407,"A2ML1"
"NPHP3",2.19e-07,0.205,0.345,0.31,0.00408,"NPHP3"
"ENTR1",2.24e-07,0.246,0.301,0.268,0.00417,"ENTR1"
"LOXL3",2.26e-07,0.318,0.242,0.21,0.00421,"LOXL3"
"FRS2",2.28e-07,0.155,0.745,0.734,0.00424,"FRS2"
"MCAM",2.29e-07,0.342,0.099,0.077,0.00427,"MCAM"
"FKBP4",2.33e-07,0.258,0.37,0.337,0.00433,"FKBP4"
"ZNF286A",2.34e-07,0.246,0.407,0.373,0.00435,"ZNF286A"
"CERS5",2.34e-07,0.162,0.67,0.651,0.00436,"CERS5"
"MCF2L2",2.38e-07,-0.264,0.19,0.22,0.00443,"MCF2L2"
"MOSPD3",2.39e-07,0.307,0.267,0.234,0.00445,"MOSPD3"
"QDPR",2.39e-07,0.216,0.491,0.462,0.00445,"QDPR"
"C5orf15",2.39e-07,0.245,0.448,0.419,0.00445,"C5orf15"
"PRKG1",2.41e-07,-0.223,0.371,0.404,0.00449,"PRKG1"
"OSBPL9",2.43e-07,0.13,0.73,0.713,0.00453,"OSBPL9"
"ELK3",2.43e-07,0.241,0.233,0.201,0.00453,"ELK3"
"SZRD1",2.43e-07,0.193,0.464,0.432,0.00453,"SZRD1"
"RFX5",2.44e-07,0.397,0.129,0.104,0.00454,"RFX5"
"RAD54L2",2.44e-07,0.177,0.615,0.591,0.00455,"RAD54L2"
"SLC6A9",2.47e-07,0.551,0.054,0.038,0.00459,"SLC6A9"
"TNKS1BP1",2.48e-07,0.294,0.243,0.212,0.00461,"TNKS1BP1"
"FEN1",2.48e-07,0.376,0.192,0.163,0.00461,"FEN1"
"SAMD4A",2.51e-07,0.265,0.425,0.394,0.00467,"SAMD4A"
"GMPR",2.53e-07,0.76,0.034,0.021,0.0047,"GMPR"
"NECTIN3",2.54e-07,0.231,0.435,0.403,0.00472,"NECTIN3"
"PABIR1",2.54e-07,0.305,0.275,0.243,0.00473,"PABIR1"
"WAPL",2.55e-07,0.151,0.66,0.639,0.00475,"WAPL"
"WNT2B",2.56e-07,0.234,0.272,0.236,0.00476,"WNT2B"
"ARMH3",2.58e-07,0.145,0.621,0.591,0.0048,"ARMH3"
"CCS",2.6e-07,0.212,0.325,0.289,0.00484,"CCS"
"TM9SF4",2.61e-07,0.199,0.479,0.447,0.00485,"TM9SF4"
"NCOA4",2.62e-07,0.18,0.503,0.473,0.00488,"NCOA4"
"ZNF800",2.62e-07,0.229,0.394,0.361,0.00488,"ZNF800"
"IGSF5",2.64e-07,0.377,0.087,0.066,0.00492,"IGSF5"
"SIPA1L2",2.64e-07,0.188,0.631,0.595,0.00492,"SIPA1L2"
"MSH6",2.66e-07,0.192,0.621,0.596,0.00496,"MSH6"
"ZC3H7A",2.67e-07,0.184,0.534,0.503,0.00496,"ZC3H7A"
"EFCAB6",2.69e-07,0.164,0.196,0.165,0.00501,"EFCAB6"
"WIPF2",2.7e-07,0.153,0.606,0.58,0.00502,"WIPF2"
"ZNF133",2.71e-07,0.236,0.345,0.311,0.00504,"ZNF133"
"AZIN1",2.71e-07,0.154,0.639,0.616,0.00504,"AZIN1"
"ISCA2",2.72e-07,0.208,0.463,0.429,0.00507,"ISCA2"
"YKT6",2.74e-07,0.277,0.262,0.23,0.00509,"YKT6"
"MTMR10",2.75e-07,0.234,0.236,0.202,0.00512,"MTMR10"
"LTV1",2.76e-07,0.209,0.319,0.286,0.00513,"LTV1"
"SMPDL3A",2.77e-07,0.298,0.115,0.09,0.00516,"SMPDL3A"
"TTC33",2.8e-07,0.28,0.437,0.405,0.00522,"TTC33"
"CNPY3",2.81e-07,0.235,0.266,0.233,0.00523,"CNPY3"
"FBXO38",2.81e-07,0.263,0.371,0.336,0.00524,"FBXO38"
"SH3BP2",2.82e-07,-0.226,0.2,0.231,0.00526,"SH3BP2"
"CAPN5",2.83e-07,0.377,0.155,0.128,0.00527,"CAPN5"
"CRNKL1",2.84e-07,0.239,0.426,0.392,0.00529,"CRNKL1"
"DPM2",2.89e-07,0.239,0.266,0.233,0.00537,"DPM2"
"EIF2AK4",2.89e-07,0.183,0.514,0.485,0.00538,"EIF2AK4"
"TFB1M",2.94e-07,0.209,0.367,0.334,0.00547,"TFB1M"
"NLGN2",2.95e-07,0.328,0.321,0.29,0.00549,"NLGN2"
"ODF2L",2.98e-07,0.2,0.552,0.516,0.00554,"ODF2L"
"SYNPR",2.99e-07,-0.655,0.035,0.051,0.00557,"SYNPR"
"FAM214B",3.01e-07,0.332,0.193,0.164,0.00559,"FAM214B"
"CHD1L",3.02e-07,0.204,0.446,0.413,0.00562,"CHD1L"
"TUT7",3.03e-07,0.193,0.495,0.461,0.00564,"TUT7"
"TPGS2",3.03e-07,0.148,0.751,0.727,0.00565,"TPGS2"
"ZC3H18",3.05e-07,0.187,0.498,0.469,0.00568,"ZC3H18"
"USP32",3.06e-07,0.13,0.764,0.746,0.00569,"USP32"
"VPS45",3.07e-07,0.168,0.644,0.62,0.00572,"VPS45"
"IRAK1",3.08e-07,0.577,0.08,0.06,0.00574,"IRAK1"
"RAB3GAP1",3.09e-07,0.137,0.698,0.678,0.00574,"RAB3GAP1"
"FAM174A",3.11e-07,0.303,0.298,0.265,0.00579,"FAM174A"
"TIMM44",3.14e-07,0.181,0.31,0.275,0.00585,"TIMM44"
"CDC5L",3.15e-07,0.151,0.725,0.714,0.00585,"CDC5L"
"CATSPERG",3.15e-07,-0.311,0.15,0.179,0.00586,"CATSPERG"
"ENSG00000187186",3.15e-07,0.28,0.151,0.124,0.00587,"ENSG00000187186"
"ERBB2",3.16e-07,0.184,0.232,0.2,0.00588,"ERBB2"
"KIF1C",3.17e-07,0.333,0.149,0.123,0.00589,"KIF1C"
"FIP1L1",3.17e-07,0.134,0.68,0.663,0.0059,"FIP1L1"
"TPMT",3.19e-07,0.253,0.251,0.219,0.00594,"TPMT"
"GCFC2",3.2e-07,0.211,0.401,0.365,0.00595,"GCFC2"
"NAGLU",3.2e-07,0.251,0.238,0.206,0.00596,"NAGLU"
"KCNV2",3.2e-07,0.624,0.037,0.023,0.00596,"KCNV2"
"BACE1",3.2e-07,0.183,0.509,0.479,0.00596,"BACE1"
"PIGH",3.22e-07,0.274,0.301,0.268,0.006,"PIGH"
"ALDH18A1",3.23e-07,0.196,0.34,0.304,0.00601,"ALDH18A1"
"FERMT1",3.24e-07,0.618,0.041,0.027,0.00603,"FERMT1"
"SERAC1",3.26e-07,0.303,0.242,0.211,0.00606,"SERAC1"
"ZBED3",3.27e-07,0.204,0.385,0.348,0.00608,"ZBED3"
"CMTR2",3.28e-07,0.235,0.342,0.308,0.00611,"CMTR2"
"PLEKHA6",3.28e-07,-0.405,0.21,0.238,0.00611,"PLEKHA6"
"SLC2A5",3.34e-07,-1.173,0.007,0.015,0.00621,"SLC2A5"
"FH",3.38e-07,0.199,0.365,0.331,0.00628,"FH"
"STX12",3.38e-07,0.182,0.687,0.661,0.0063,"STX12"
"FOSB",3.41e-07,-0.769,0.034,0.049,0.00635,"FOSB"
"FBRS",3.45e-07,0.312,0.242,0.21,0.00642,"FBRS"
"ITPK1",3.51e-07,0.304,0.316,0.283,0.00653,"ITPK1"
"FAM169A",3.52e-07,0.199,0.33,0.295,0.00654,"FAM169A"
"PRMT6",3.54e-07,0.381,0.16,0.134,0.00659,"PRMT6"
"UBA6",3.56e-07,0.14,0.716,0.692,0.00662,"UBA6"
"STT3B",3.58e-07,0.132,0.632,0.605,0.00666,"STT3B"
"MAEA",3.59e-07,0.259,0.382,0.349,0.00668,"MAEA"
"APBA1",3.62e-07,-0.158,0.603,0.629,0.00674,"APBA1"
"CTSC",3.64e-07,0.494,0.088,0.068,0.00677,"CTSC"
"PBXIP1",3.65e-07,0.172,0.329,0.294,0.00679,"PBXIP1"
"LMO2",3.66e-07,0.278,0.283,0.25,0.0068,"LMO2"
"RGS19",3.67e-07,0.458,0.084,0.064,0.00684,"RGS19"
"SF3B4",3.68e-07,0.194,0.4,0.367,0.00685,"SF3B4"
"SPATA1",3.69e-07,0.401,0.143,0.118,0.00686,"SPATA1"
"IFT43",3.7e-07,0.165,0.598,0.572,0.00689,"IFT43"
"AKAP6",3.71e-07,0.164,0.869,0.86,0.00691,"AKAP6"
"COQ10A",3.73e-07,0.344,0.188,0.16,0.00695,"COQ10A"
"PLEKHG2",3.75e-07,0.275,0.24,0.209,0.00697,"PLEKHG2"
"GPS2",3.76e-07,0.218,0.447,0.415,0.00699,"GPS2"
"ADGRA3",3.77e-07,0.197,0.641,0.622,0.00701,"ADGRA3"
"MORC4",3.81e-07,0.214,0.467,0.437,0.00708,"MORC4"
"IKBKE",3.85e-07,0.417,0.068,0.049,0.00717,"IKBKE"
"PIK3CB",3.87e-07,0.165,0.614,0.582,0.0072,"PIK3CB"
"DERL1",3.89e-07,0.269,0.4,0.368,0.00723,"DERL1"
"PEX13",3.9e-07,0.191,0.46,0.426,0.00727,"PEX13"
"ABHD11",3.91e-07,0.52,0.104,0.082,0.00727,"ABHD11"
"TMEM129",3.92e-07,0.32,0.175,0.147,0.00729,"TMEM129"
"PCDHB15",3.92e-07,0.365,0.118,0.094,0.00729,"PCDHB15"
"DGKD",3.96e-07,0.199,0.44,0.406,0.00737,"DGKD"
"SESN3",3.96e-07,0.16,0.794,0.776,0.00737,"SESN3"
"CCDC74B",3.96e-07,0.511,0.1,0.078,0.00738,"CCDC74B"
"FBN2",4.01e-07,0.652,0.115,0.091,0.00747,"FBN2"
"SLC25A12",4.01e-07,-0.123,0.73,0.751,0.00747,"SLC25A12"
"TEAD1",4.06e-07,0.138,0.824,0.828,0.00755,"TEAD1"
"SEMA3E",4.09e-07,0.515,0.066,0.048,0.00762,"SEMA3E"
"PDE8A",4.12e-07,0.167,0.559,0.529,0.00768,"PDE8A"
"GON4L",4.14e-07,0.14,0.598,0.57,0.0077,"GON4L"
"SLC39A9",4.16e-07,0.176,0.467,0.431,0.00775,"SLC39A9"
"SERPINI2",4.17e-07,-0.593,0.026,0.039,0.00776,"SERPINI2"
"TUBB2A",4.2e-07,0.103,0.89,0.88,0.00783,"TUBB2A"
"LHFPL4",4.21e-07,-0.214,0.121,0.149,0.00784,"LHFPL4"
"PMM1",4.24e-07,0.219,0.396,0.363,0.00789,"PMM1"
"UBR1",4.25e-07,0.134,0.77,0.756,0.00791,"UBR1"
"PRKRA",4.32e-07,0.17,0.557,0.527,0.00805,"PRKRA"
"ABHD14A",4.33e-07,0.267,0.235,0.203,0.00806,"ABHD14A"
"TEPSIN",4.37e-07,0.493,0.068,0.05,0.00813,"TEPSIN"
"NCDN",4.38e-07,0.434,0.078,0.058,0.00816,"NCDN"
"TSPAN17",4.4e-07,0.469,0.126,0.102,0.00818,"TSPAN17"
"FRRS1",4.44e-07,1.397,0.011,0.004,0.00827,"FRRS1"
"SNUPN",4.49e-07,0.319,0.284,0.253,0.00835,"SNUPN"
"CDKN2A",4.49e-07,0.452,0.13,0.106,0.00836,"CDKN2A"
"RAD23A",4.5e-07,0.16,0.581,0.558,0.00838,"RAD23A"
"MCCC1",4.51e-07,0.211,0.423,0.39,0.0084,"MCCC1"
"RCAN2",4.52e-07,0.711,0.057,0.041,0.00841,"RCAN2"
"POMZP3",4.53e-07,0.315,0.179,0.151,0.00844,"POMZP3"
"FBXL5",4.59e-07,0.163,0.713,0.698,0.00854,"FBXL5"
"SAMD8",4.59e-07,0.182,0.631,0.608,0.00854,"SAMD8"
"DAG1",4.6e-07,0.172,0.539,0.514,0.00856,"DAG1"
"PBX2",4.6e-07,0.419,0.166,0.139,0.00856,"PBX2"
"XRN1",4.61e-07,0.143,0.78,0.762,0.00858,"XRN1"
"TTLL7",4.63e-07,0.157,0.651,0.627,0.00862,"TTLL7"
"C11orf71",4.66e-07,0.252,0.133,0.108,0.00868,"C11orf71"
"ANKRD63",4.68e-07,1.378,0.012,0.005,0.00871,"ANKRD63"
"C1QL4",4.69e-07,-0.825,0.031,0.046,0.00872,"C1QL4"
"FBXL20",4.74e-07,0.159,0.712,0.693,0.00882,"FBXL20"
"CYP4V2",4.74e-07,0.228,0.201,0.171,0.00883,"CYP4V2"
"C1orf53",4.75e-07,0.42,0.082,0.062,0.00885,"C1orf53"
"YPEL3",4.77e-07,0.278,0.347,0.314,0.00888,"YPEL3"
"PTPN9",4.82e-07,0.143,0.536,0.502,0.00897,"PTPN9"
"C1orf52",4.82e-07,0.196,0.474,0.442,0.00898,"C1orf52"
"PCCB",4.83e-07,0.195,0.453,0.422,0.009,"PCCB"
"SLC24A1",4.83e-07,0.409,0.091,0.07,0.009,"SLC24A1"
"NDUFAF6",4.85e-07,0.148,0.596,0.565,0.00902,"NDUFAF6"
"INPPL1",4.87e-07,0.279,0.186,0.157,0.00907,"INPPL1"
"COL9A3",4.89e-07,0.446,0.075,0.056,0.0091,"COL9A3"
"CDC42",4.9e-07,0.239,0.29,0.256,0.00912,"CDC42"
"EXT2",4.9e-07,0.192,0.554,0.526,0.00913,"EXT2"
"GSG1L",4.91e-07,0.704,0.065,0.047,0.00913,"GSG1L"
"PDHA1",4.91e-07,0.198,0.475,0.443,0.00914,"PDHA1"
"ABCD4",4.91e-07,0.18,0.438,0.404,0.00915,"ABCD4"
"WDR43",4.92e-07,0.218,0.47,0.438,0.00915,"WDR43"
"AMOTL2",4.93e-07,0.392,0.168,0.141,0.00917,"AMOTL2"
"SPATA5",4.95e-07,0.114,0.53,0.489,0.00921,"SPATA5"
"RANGRF",4.99e-07,0.253,0.244,0.211,0.00928,"RANGRF"
"FKBP10",5e-07,0.137,0.366,0.329,0.0093,"FKBP10"
"ST8SIA3",5e-07,-1.075,0.023,0.036,0.0093,"ST8SIA3"
"SPRY2",5.03e-07,0.338,0.421,0.401,0.00937,"SPRY2"
"MED14",5.04e-07,0.19,0.459,0.425,0.00937,"MED14"
"KPNA2",5.05e-07,0.184,0.456,0.418,0.00939,"KPNA2"
"SDC4",5.1e-07,0.589,0.042,0.027,0.00949,"SDC4"
"RLIM",5.1e-07,0.181,0.559,0.535,0.00949,"RLIM"
"CYC1",5.13e-07,0.182,0.56,0.535,0.00955,"CYC1"
"B3GALT6",5.13e-07,0.251,0.254,0.222,0.00955,"B3GALT6"
"MMRN1",5.15e-07,-0.765,0.025,0.039,0.00958,"MMRN1"
"MICAL3",5.15e-07,-0.187,0.563,0.59,0.00959,"MICAL3"
"DENND2A",5.16e-07,0.156,0.506,0.471,0.00961,"DENND2A"
"CD276",5.17e-07,0.218,0.411,0.38,0.00963,"CD276"
"SENP7",5.18e-07,0.175,0.843,0.831,0.00964,"SENP7"
"COA8",5.19e-07,0.174,0.518,0.485,0.00966,"COA8"
"CEP350",5.22e-07,0.147,0.786,0.772,0.00972,"CEP350"
"PHF19",5.23e-07,0.312,0.231,0.201,0.00974,"PHF19"
"SLF2",5.28e-07,0.196,0.6,0.585,0.00982,"SLF2"
"LRP10",5.29e-07,0.157,0.282,0.248,0.00985,"LRP10"
"PIP5K1A",5.31e-07,0.166,0.609,0.591,0.00988,"PIP5K1A"
"AKAP11",5.31e-07,0.185,0.6,0.578,0.00988,"AKAP11"
"SLCO1C1",5.32e-07,0.181,0.322,0.286,0.0099,"SLCO1C1"
"RFXANK",5.33e-07,0.245,0.383,0.349,0.00992,"RFXANK"
"MOSPD1",5.37e-07,0.279,0.286,0.253,0.00999,"MOSPD1"
"KANSL1",5.38e-07,0.102,0.975,0.972,0.01,"KANSL1"
"GOLGA7B",5.44e-07,-1.256,0.005,0.011,0.0101,"GOLGA7B"
"ATP11B",5.54e-07,0.152,0.643,0.62,0.0103,"ATP11B"
"MRPS2",5.55e-07,0.229,0.281,0.246,0.0103,"MRPS2"
"CEP89",5.57e-07,-0.188,0.417,0.451,0.0104,"CEP89"
"SYTL4",5.58e-07,0.51,0.076,0.057,0.0104,"SYTL4"
"MAPK6",5.61e-07,0.154,0.699,0.672,0.0105,"MAPK6"
"PCNX4",5.61e-07,0.126,0.812,0.8,0.0105,"PCNX4"
"CHSY3",5.67e-07,-0.427,0.122,0.146,0.0106,"CHSY3"
"POR",5.68e-07,0.201,0.365,0.327,0.0106,"POR"
"KANSL1L",5.69e-07,0.178,0.778,0.759,0.0106,"KANSL1L"
"TRIP10",5.7e-07,0.349,0.126,0.102,0.0106,"TRIP10"
"TUBGCP2",5.7e-07,0.161,0.527,0.498,0.0106,"TUBGCP2"
"ELFN1",5.81e-07,0.509,0.06,0.043,0.0108,"ELFN1"
"ALG1",5.86e-07,0.275,0.136,0.111,0.0109,"ALG1"
"CKMT2",5.87e-07,0.297,0.151,0.124,0.0109,"CKMT2"
"RP9",5.87e-07,0.252,0.421,0.387,0.0109,"RP9"
"HS6ST3",5.95e-07,0.782,0.032,0.02,0.0111,"HS6ST3"
"SLC25A20",5.97e-07,0.534,0.086,0.066,0.0111,"SLC25A20"
"COG4",6.06e-07,0.162,0.406,0.372,0.0113,"COG4"
"HES6",6.1e-07,0.722,0.553,0.537,0.0113,"HES6"
"ADA",6.15e-07,0.301,0.139,0.114,0.0115,"ADA"
"SLC25A1",6.18e-07,0.237,0.324,0.29,0.0115,"SLC25A1"
"CEBPG",6.18e-07,0.193,0.34,0.304,0.0115,"CEBPG"
"SULT4A1",6.2e-07,-0.681,0.025,0.038,0.0115,"SULT4A1"
"SYPL1",6.23e-07,0.182,0.423,0.39,0.0116,"SYPL1"
"DLGAP3",6.24e-07,-0.441,0.019,0.032,0.0116,"DLGAP3"
"ATR",6.29e-07,0.149,0.465,0.431,0.0117,"ATR"
"TEN1",6.35e-07,0.382,0.091,0.07,0.0118,"TEN1"
"TTC19",6.36e-07,0.121,0.726,0.706,0.0118,"TTC19"
"ZNF83",6.38e-07,0.171,0.598,0.575,0.0119,"ZNF83"
"MRPS27",6.4e-07,0.217,0.401,0.371,0.0119,"MRPS27"
"ESYT1",6.4e-07,0.356,0.151,0.125,0.0119,"ESYT1"
"UBXN8",6.48e-07,0.28,0.186,0.158,0.0121,"UBXN8"
"SAMD13",6.49e-07,0.413,0.128,0.104,0.0121,"SAMD13"
"SLC16A10",6.51e-07,-1.033,0.027,0.04,0.0121,"SLC16A10"
"RNF5",6.55e-07,0.189,0.61,0.583,0.0122,"RNF5"
"RNF20",6.55e-07,0.23,0.47,0.44,0.0122,"RNF20"
"MSL3",6.6e-07,0.218,0.297,0.262,0.0123,"MSL3"
"MTERF2",6.64e-07,0.271,0.289,0.257,0.0124,"MTERF2"
"SMIM8",6.65e-07,0.204,0.529,0.502,0.0124,"SMIM8"
"USP39",6.68e-07,0.201,0.372,0.337,0.0124,"USP39"
"ATRNL1",6.69e-07,0.38,0.609,0.585,0.0124,"ATRNL1"
"CLHC1",6.75e-07,0.189,0.447,0.415,0.0126,"CLHC1"
"TOX4",6.8e-07,0.187,0.577,0.549,0.0126,"TOX4"
"ZCCHC9",6.88e-07,0.241,0.276,0.244,0.0128,"ZCCHC9"
"CPLX1",6.92e-07,-0.356,0.044,0.061,0.0129,"CPLX1"
"CRISPLD1",6.97e-07,0.28,0.352,0.319,0.013,"CRISPLD1"
"GAL",6.98e-07,1.228,0.024,0.013,0.013,"GAL"
"TRPC4AP",6.99e-07,0.112,0.709,0.685,0.013,"TRPC4AP"
"EML5",7.03e-07,0.39,0.151,0.126,0.0131,"EML5"
"ACTR6",7.04e-07,0.152,0.638,0.611,0.0131,"ACTR6"
"ZC4H2",7.06e-07,0.166,0.63,0.604,0.0131,"ZC4H2"
"GNAO1",7.09e-07,-0.101,0.796,0.817,0.0132,"GNAO1"
"MTIF3",7.19e-07,0.222,0.481,0.451,0.0134,"MTIF3"
"UPRT",7.23e-07,0.26,0.25,0.219,0.0135,"UPRT"
"ERICH3",7.24e-07,0.761,0.037,0.024,0.0135,"ERICH3"
"KIF22",7.33e-07,0.223,0.299,0.266,0.0136,"KIF22"
"BEND4",7.33e-07,-0.913,0.009,0.017,0.0136,"BEND4"
"NAALADL2",7.37e-07,0.178,0.622,0.603,0.0137,"NAALADL2"
"CNKSR2",7.38e-07,0.249,0.687,0.684,0.0137,"CNKSR2"
"PACRG",7.42e-07,0.206,0.347,0.314,0.0138,"PACRG"
"NSL1",7.42e-07,0.154,0.66,0.638,0.0138,"NSL1"
"CD160",7.43e-07,0.72,0.042,0.028,0.0138,"CD160"
"SUMF2",7.48e-07,0.189,0.381,0.347,0.0139,"SUMF2"
"ACTR8",7.55e-07,0.351,0.226,0.197,0.014,"ACTR8"
"PIP4P2",7.56e-07,0.203,0.481,0.451,0.0141,"PIP4P2"
"GKAP1",7.56e-07,0.151,0.482,0.45,0.0141,"GKAP1"
"POMK",7.57e-07,0.251,0.396,0.364,0.0141,"POMK"
"DYNC2LI1",7.58e-07,0.179,0.442,0.407,0.0141,"DYNC2LI1"
"ZFYVE27",7.64e-07,0.208,0.29,0.257,0.0142,"ZFYVE27"
"ERCC5",7.71e-07,0.223,0.367,0.332,0.0144,"ERCC5"
"SERPINE2",7.73e-07,0.234,0.287,0.252,0.0144,"SERPINE2"
"BIRC2",7.73e-07,0.159,0.559,0.529,0.0144,"BIRC2"
"MRRF",7.8e-07,0.201,0.254,0.223,0.0145,"MRRF"
"SPRED3",7.84e-07,0.419,0.147,0.122,0.0146,"SPRED3"
"SFT2D3",7.85e-07,0.327,0.185,0.157,0.0146,"SFT2D3"
"ZNF28",7.91e-07,0.35,0.164,0.137,0.0147,"ZNF28"
"DDRGK1",7.93e-07,0.195,0.383,0.349,0.0148,"DDRGK1"
"KMT5A",7.96e-07,0.233,0.387,0.354,0.0148,"KMT5A"
"MAML3",8.02e-07,-0.332,0.425,0.454,0.0149,"MAML3"
"HTRA1",8.03e-07,0.129,0.422,0.383,0.015,"HTRA1"
"NAGPA",8.04e-07,0.406,0.086,0.066,0.015,"NAGPA"
"NUFIP2",8.05e-07,0.135,0.677,0.658,0.015,"NUFIP2"
"VWA8",8.07e-07,0.152,0.587,0.558,0.015,"VWA8"
"SMIM12",8.09e-07,0.221,0.329,0.295,0.0151,"SMIM12"
"MAGOHB",8.1e-07,0.224,0.354,0.323,0.0151,"MAGOHB"
"THSD7B",8.13e-07,-0.982,0.023,0.036,0.0151,"THSD7B"
"LAMB2",8.24e-07,0.274,0.169,0.142,0.0153,"LAMB2"
"ARL14EP",8.27e-07,0.174,0.484,0.454,0.0154,"ARL14EP"
"PTPN2",8.28e-07,0.18,0.39,0.354,0.0154,"PTPN2"
"WDR6",8.35e-07,0.195,0.394,0.358,0.0155,"WDR6"
"MCM3",8.53e-07,0.297,0.286,0.254,0.0159,"MCM3"
"FGD4",8.54e-07,0.325,0.648,0.633,0.0159,"FGD4"
"FRRS1L",8.58e-07,-0.575,0.011,0.02,0.016,"FRRS1L"
"SETD4",8.59e-07,0.238,0.256,0.224,0.016,"SETD4"
"CFAP97",8.6e-07,0.156,0.608,0.59,0.016,"CFAP97"
"FMNL3",8.62e-07,0.21,0.281,0.247,0.016,"FMNL3"
"ARHGAP31",8.73e-07,0.2,0.317,0.282,0.0162,"ARHGAP31"
"TMEM14A",8.78e-07,0.154,0.551,0.518,0.0163,"TMEM14A"
"DIS3L2",8.89e-07,0.154,0.615,0.592,0.0166,"DIS3L2"
"SLC4A7",8.9e-07,0.23,0.646,0.623,0.0166,"SLC4A7"
"NLGN3",8.92e-07,0.237,0.265,0.233,0.0166,"NLGN3"
"PIPOX",8.94e-07,0.101,0.215,0.184,0.0166,"PIPOX"
"IFTAP",8.97e-07,0.205,0.411,0.376,0.0167,"IFTAP"
"VTI1B",9.05e-07,0.187,0.505,0.474,0.0168,"VTI1B"
"TCHP",9.06e-07,0.262,0.391,0.359,0.0169,"TCHP"
"PIK3C3",9.11e-07,0.145,0.623,0.6,0.017,"PIK3C3"
"DDHD1",9.22e-07,0.179,0.628,0.608,0.0172,"DDHD1"
"SAR1A",9.26e-07,0.19,0.501,0.473,0.0172,"SAR1A"
"RGS16",9.3e-07,-0.359,0.047,0.064,0.0173,"RGS16"
"PMS1",9.3e-07,0.214,0.546,0.52,0.0173,"PMS1"
"DISP2",9.31e-07,-0.354,0.042,0.058,0.0173,"DISP2"
"TASP1",9.4e-07,0.18,0.548,0.521,0.0175,"TASP1"
"TENT2",9.4e-07,0.121,0.781,0.769,0.0175,"TENT2"
"DNAJB2",9.42e-07,0.204,0.276,0.244,0.0175,"DNAJB2"
"LIG3",9.43e-07,0.234,0.285,0.253,0.0176,"LIG3"
"NEK10",9.53e-07,0.267,0.162,0.136,0.0177,"NEK10"
"DCAF11",9.65e-07,0.238,0.228,0.198,0.018,"DCAF11"
"CANT1",9.7e-07,0.261,0.218,0.188,0.0181,"CANT1"
"MAGT1",9.7e-07,0.179,0.429,0.397,0.0181,"MAGT1"
"WDR49",9.75e-07,-0.436,0.075,0.095,0.0181,"WDR49"
"MMP7",9.81e-07,0.449,0.018,0.009,0.0183,"MMP7"
"FRMD4B",9.86e-07,-0.531,0.164,0.19,0.0183,"FRMD4B"
"TMEM70",9.87e-07,0.211,0.438,0.409,0.0184,"TMEM70"
"WTAP",9.87e-07,0.157,0.745,0.733,0.0184,"WTAP"
"MRTO4",9.9e-07,0.168,0.368,0.334,0.0184,"MRTO4"
"SLC25A36",9.9e-07,0.131,0.718,0.702,0.0184,"SLC25A36"
"UBXN2B",9.94e-07,0.159,0.495,0.46,0.0185,"UBXN2B"
"SMU1",9.94e-07,0.163,0.606,0.587,0.0185,"SMU1"
"DPF3",9.95e-07,0.18,0.44,0.406,0.0185,"DPF3"
"GPR82",9.97e-07,-0.18,0.225,0.257,0.0186,"GPR82"
"ORMDL2",9.97e-07,0.257,0.231,0.201,0.0186,"ORMDL2"
"CUL2",1e-06,0.135,0.577,0.547,0.0186,"CUL2"
"CPSF4",1e-06,0.276,0.267,0.236,0.0186,"CPSF4"
"PIGK",1e-06,0.247,0.368,0.336,0.0187,"PIGK"
"GON7",1.02e-06,0.262,0.23,0.2,0.0189,"GON7"
"TIMM22",1.02e-06,0.235,0.308,0.276,0.0189,"TIMM22"
"METTL1",1.02e-06,0.437,0.068,0.05,0.0189,"METTL1"
"NAGK",1.02e-06,0.241,0.414,0.385,0.019,"NAGK"
"MAST1",1.02e-06,-0.129,0.341,0.375,0.0191,"MAST1"
"THAP11",1.03e-06,0.23,0.334,0.3,0.0192,"THAP11"
"ZNF195",1.04e-06,0.232,0.434,0.403,0.0193,"ZNF195"
"TSGA10",1.05e-06,0.211,0.217,0.188,0.0196,"TSGA10"
"ZDHHC9",1.05e-06,0.199,0.278,0.245,0.0196,"ZDHHC9"
"GATAD1",1.05e-06,0.103,0.459,0.423,0.0196,"GATAD1"
"WIZ",1.06e-06,0.245,0.358,0.324,0.0197,"WIZ"
"B9D2",1.06e-06,0.29,0.12,0.096,0.0198,"B9D2"
"ANP32E",1.08e-06,0.146,0.629,0.609,0.0201,"ANP32E"
"CAMK1",1.09e-06,0.287,0.303,0.271,0.0203,"CAMK1"
"VPS16",1.09e-06,0.229,0.271,0.238,0.0203,"VPS16"
"B3GALNT2",1.11e-06,0.149,0.495,0.463,0.0206,"B3GALNT2"
"NKAIN3",1.11e-06,0.155,0.873,0.859,0.0206,"NKAIN3"
"MAP3K4",1.11e-06,0.208,0.524,0.497,0.0207,"MAP3K4"
"GATC",1.11e-06,0.225,0.261,0.229,0.0207,"GATC"
"MARCHF9",1.12e-06,0.294,0.279,0.248,0.0208,"MARCHF9"
"HMGB3",1.12e-06,0.158,0.765,0.737,0.0208,"HMGB3"
"FDX2",1.13e-06,0.258,0.255,0.224,0.0211,"FDX2"
"SEC24B",1.14e-06,0.113,0.672,0.65,0.0212,"SEC24B"
"OR2H2",1.14e-06,0.522,0.057,0.041,0.0212,"OR2H2"
"GOSR1",1.16e-06,0.158,0.664,0.649,0.0216,"GOSR1"
"RIMS1",1.16e-06,0.203,0.358,0.321,0.0216,"RIMS1"
"SPINT2",1.17e-06,-0.322,0.082,0.104,0.0217,"SPINT2"
"RNF25",1.17e-06,0.291,0.127,0.103,0.0217,"RNF25"
"CD83",1.18e-06,0.821,0.034,0.022,0.022,"CD83"
"AMDHD2",1.19e-06,0.43,0.126,0.103,0.0221,"AMDHD2"
"KANTR",1.19e-06,-0.162,0.462,0.497,0.0221,"KANTR"
"KIAA1217",1.19e-06,0.303,0.16,0.133,0.0222,"KIAA1217"
"PTPN7",1.19e-06,0.41,0.063,0.046,0.0222,"PTPN7"
"VPS36",1.19e-06,0.152,0.596,0.576,0.0222,"VPS36"
"ABCF3",1.21e-06,0.414,0.131,0.107,0.0225,"ABCF3"
"RBFA",1.21e-06,0.189,0.424,0.392,0.0225,"RBFA"
"IQCK",1.23e-06,0.167,0.41,0.374,0.0228,"IQCK"
"VASP",1.24e-06,0.256,0.233,0.204,0.023,"VASP"
"ZNF608",1.24e-06,0.273,0.706,0.691,0.0231,"ZNF608"
"MRPS17",1.24e-06,0.28,0.251,0.221,0.0231,"MRPS17"
"S1PR1",1.25e-06,-0.266,0.216,0.244,0.0233,"S1PR1"
"SOX8",1.25e-06,0.487,0.268,0.239,0.0233,"SOX8"
"TTC21B",1.26e-06,0.218,0.569,0.54,0.0234,"TTC21B"
"ABLIM3",1.26e-06,-1.153,0.004,0.01,0.0234,"ABLIM3"
"GCC2",1.26e-06,0.14,0.604,0.571,0.0234,"GCC2"
"NUP54",1.27e-06,0.16,0.591,0.567,0.0237,"NUP54"
"VAMP2",1.28e-06,0.15,0.812,0.799,0.0238,"VAMP2"
"HTT",1.29e-06,0.116,0.659,0.64,0.0241,"HTT"
"C19orf18",1.3e-06,0.339,0.108,0.086,0.0242,"C19orf18"
"NDUFA9",1.3e-06,0.14,0.54,0.511,0.0243,"NDUFA9"
"ANKRD20A1",1.31e-06,-0.403,0.071,0.092,0.0243,"ANKRD20A1"
"ANAPC7",1.33e-06,0.168,0.414,0.38,0.0247,"ANAPC7"
"IRF3",1.33e-06,0.294,0.242,0.212,0.0248,"IRF3"
"TBRG1",1.33e-06,0.167,0.46,0.425,0.0248,"TBRG1"
"CTU2",1.34e-06,0.326,0.127,0.103,0.0249,"CTU2"
"NAP1L5",1.34e-06,0.308,0.19,0.162,0.0249,"NAP1L5"
"PRPF18",1.35e-06,0.167,0.563,0.536,0.025,"PRPF18"
"SAP30L",1.35e-06,0.266,0.342,0.311,0.0251,"SAP30L"
"WASHC2A",1.36e-06,0.2,0.355,0.324,0.0253,"WASHC2A"
"APIP",1.36e-06,0.154,0.55,0.516,0.0253,"APIP"
"PIGX",1.36e-06,0.188,0.49,0.459,0.0253,"PIGX"
"CNPY1",1.36e-06,-0.703,0.007,0.015,0.0253,"CNPY1"
"GALNT7",1.38e-06,0.147,0.455,0.422,0.0256,"GALNT7"
"NTMT1",1.39e-06,0.243,0.304,0.271,0.0258,"NTMT1"
"CARS2",1.39e-06,0.216,0.51,0.483,0.026,"CARS2"
"VSIG10L",1.4e-06,0.204,0.062,0.045,0.0261,"VSIG10L"
"SS18L2",1.4e-06,0.192,0.491,0.463,0.0261,"SS18L2"
"POGLUT2",1.4e-06,0.309,0.127,0.103,0.0262,"POGLUT2"
"ABCA8",1.41e-06,0.959,0.019,0.01,0.0262,"ABCA8"
"MGARP",1.42e-06,0.919,0.046,0.032,0.0264,"MGARP"
"E2F6",1.42e-06,0.205,0.256,0.225,0.0264,"E2F6"
"TAS2R20",1.43e-06,0.331,0.085,0.066,0.0265,"TAS2R20"
"ZNF813",1.44e-06,0.412,0.097,0.076,0.0267,"ZNF813"
"TMEM51",1.44e-06,-0.492,0.085,0.107,0.0268,"TMEM51"
"PRRC2B",1.44e-06,0.105,0.852,0.843,0.0268,"PRRC2B"
"LGALS3BP",1.45e-06,0.355,0.244,0.216,0.0269,"LGALS3BP"
"PPP1R2",1.45e-06,0.154,0.578,0.55,0.027,"PPP1R2"
"FOSL1",1.46e-06,0.525,0.026,0.016,0.0271,"FOSL1"
"INO80E",1.46e-06,0.24,0.297,0.263,0.0272,"INO80E"
"UBE2A",1.47e-06,0.169,0.611,0.59,0.0274,"UBE2A"
"RCC1",1.49e-06,0.214,0.378,0.346,0.0276,"RCC1"
"REPS1",1.49e-06,0.145,0.746,0.748,0.0276,"REPS1"
"SMG7",1.5e-06,0.169,0.619,0.595,0.0279,"SMG7"
"RIN1",1.5e-06,0.682,0.039,0.026,0.0279,"RIN1"
"IRAK1BP1",1.5e-06,0.144,0.575,0.544,0.028,"IRAK1BP1"
"OSBP",1.51e-06,0.187,0.481,0.451,0.0281,"OSBP"
"PGM2",1.51e-06,0.221,0.238,0.208,0.0282,"PGM2"
"HINT2",1.52e-06,0.227,0.328,0.298,0.0282,"HINT2"
"TCP1",1.53e-06,0.14,0.811,0.803,0.0284,"TCP1"
"PHF2",1.53e-06,0.171,0.463,0.43,0.0284,"PHF2"
"ZBED5",1.53e-06,0.193,0.491,0.455,0.0285,"ZBED5"
"ZNF649",1.53e-06,0.297,0.239,0.211,0.0285,"ZNF649"
"CPSF3",1.53e-06,0.198,0.361,0.328,0.0285,"CPSF3"
"WDR45B",1.54e-06,0.1,0.588,0.558,0.0287,"WDR45B"
"STK19",1.56e-06,0.212,0.293,0.26,0.029,"STK19"
"KCNK3",1.56e-06,-0.506,0.017,0.028,0.0291,"KCNK3"
"TSPAN31",1.56e-06,0.226,0.352,0.319,0.0291,"TSPAN31"
"DHPS",1.57e-06,0.198,0.589,0.563,0.0292,"DHPS"
"GPC5",1.57e-06,-0.771,0.028,0.041,0.0292,"GPC5"
"TRIM73",1.59e-06,0.352,0.123,0.1,0.0297,"TRIM73"
"DRAM1",1.6e-06,0.445,0.088,0.069,0.0297,"DRAM1"
"NR2F6",1.6e-06,0.202,0.244,0.213,0.0298,"NR2F6"
"USP53",1.61e-06,0.447,0.189,0.164,0.0299,"USP53"
"INTS12",1.62e-06,0.174,0.528,0.498,0.0301,"INTS12"
"ADGRB1",1.62e-06,0.483,0.109,0.088,0.0301,"ADGRB1"
"ZNF254",1.62e-06,0.15,0.826,0.813,0.0301,"ZNF254"
"MLYCD",1.63e-06,0.249,0.18,0.152,0.0303,"MLYCD"
"NFYC",1.63e-06,0.192,0.502,0.473,0.0304,"NFYC"
"REX1BD",1.63e-06,0.172,0.48,0.454,0.0304,"REX1BD"
"MBP",1.64e-06,-0.931,0.017,0.028,0.0306,"MBP"
"EPS15",1.65e-06,0.123,0.565,0.535,0.0307,"EPS15"
"ADSS2",1.66e-06,0.194,0.451,0.418,0.0309,"ADSS2"
"ZC3HC1",1.67e-06,0.165,0.32,0.286,0.031,"ZC3HC1"
"SCAMP1",1.67e-06,0.162,0.59,0.561,0.0311,"SCAMP1"
"C1orf198",1.69e-06,-0.243,0.183,0.211,0.0314,"C1orf198"
"STRN4",1.69e-06,0.293,0.288,0.258,0.0314,"STRN4"
"WEE1",1.69e-06,0.26,0.32,0.288,0.0315,"WEE1"
"SORBS1",1.69e-06,0.204,0.714,0.719,0.0315,"SORBS1"
"ADAM23",1.7e-06,0.132,0.573,0.544,0.0316,"ADAM23"
"PPP1R37",1.71e-06,0.298,0.133,0.109,0.0319,"PPP1R37"
"CARD8",1.72e-06,0.192,0.357,0.325,0.0321,"CARD8"
"CDC23",1.73e-06,0.187,0.33,0.297,0.0322,"CDC23"
"FOSL2",1.74e-06,0.524,0.095,0.075,0.0324,"FOSL2"
"RBBP8",1.75e-06,0.237,0.317,0.287,0.0326,"RBBP8"
"HMGN2",1.76e-06,0.126,0.92,0.917,0.0327,"HMGN2"
"TERF2IP",1.76e-06,0.116,0.907,0.894,0.0328,"TERF2IP"
"IGDCC4",1.77e-06,0.194,0.313,0.281,0.0329,"IGDCC4"
"SFXN5",1.77e-06,0.115,0.488,0.452,0.0329,"SFXN5"
"LMBR1",1.77e-06,0.18,0.618,0.59,0.033,"LMBR1"
"TIMM10B",1.78e-06,0.192,0.218,0.188,0.0331,"TIMM10B"
"LIF",1.78e-06,1.192,0.013,0.006,0.0332,"LIF"
"C1GALT1",1.79e-06,0.239,0.402,0.372,0.0333,"C1GALT1"
"CKS2",1.8e-06,0.174,0.4,0.365,0.0335,"CKS2"
"CERS3",1.83e-06,-0.956,0.014,0.024,0.034,"CERS3"
"WDR70",1.83e-06,0.151,0.784,0.772,0.034,"WDR70"
"GARS1",1.84e-06,0.163,0.507,0.472,0.0343,"GARS1"
"PPP1R18",1.84e-06,0.247,0.271,0.239,0.0343,"PPP1R18"
"KAT2B",1.87e-06,0.402,0.508,0.479,0.0348,"KAT2B"
"PFDN6",1.87e-06,0.191,0.377,0.342,0.0348,"PFDN6"
"C8orf88",1.87e-06,0.266,0.172,0.146,0.0349,"C8orf88"
"CNOT9",1.88e-06,0.202,0.462,0.431,0.0349,"CNOT9"
"ZNF431",1.88e-06,0.213,0.587,0.562,0.035,"ZNF431"
"KATNBL1",1.88e-06,0.103,0.787,0.773,0.0351,"KATNBL1"
"ADAP2",1.89e-06,-0.618,0.04,0.055,0.0352,"ADAP2"
"SYNPO2",1.9e-06,-0.977,0.011,0.02,0.0354,"SYNPO2"
"ENSG00000285837",1.92e-06,0.642,0.034,0.022,0.0357,"ENSG00000285837"
"BPHL",1.93e-06,0.175,0.399,0.366,0.0358,"BPHL"
"ALS2",1.95e-06,0.185,0.43,0.4,0.0364,"ALS2"
"BRCC3",1.95e-06,0.198,0.389,0.355,0.0364,"BRCC3"
"NUCB1",1.96e-06,0.22,0.309,0.279,0.0365,"NUCB1"
"TMEM203",1.99e-06,0.203,0.394,0.361,0.037,"TMEM203"
"SLC9C2",1.99e-06,0.286,0.089,0.069,0.037,"SLC9C2"
"TLE3",1.99e-06,-0.177,0.307,0.338,0.0371,"TLE3"
"KCNMA1",2e-06,-0.194,0.077,0.098,0.0372,"KCNMA1"
"YWHAG",2e-06,0.107,0.796,0.776,0.0372,"YWHAG"
"CHD5",2e-06,-0.812,0.012,0.021,0.0373,"CHD5"
"PSMG3",2.01e-06,0.239,0.35,0.319,0.0374,"PSMG3"
"GSTM3",2.02e-06,0.154,0.53,0.502,0.0376,"GSTM3"
"CHMP7",2.03e-06,0.306,0.263,0.233,0.0377,"CHMP7"
"MRGBP",2.03e-06,0.225,0.267,0.236,0.0379,"MRGBP"
"TRMT12",2.04e-06,0.393,0.112,0.09,0.0379,"TRMT12"
"CPSF1",2.04e-06,0.312,0.214,0.187,0.038,"CPSF1"
"C16orf72",2.04e-06,0.167,0.59,0.568,0.038,"C16orf72"
"ZFP69B",2.07e-06,-0.315,0.129,0.153,0.0384,"ZFP69B"
"IFIT1",2.07e-06,-0.149,0.089,0.11,0.0385,"IFIT1"
"BMP1",2.07e-06,0.253,0.148,0.123,0.0386,"BMP1"
"LAMB1",2.08e-06,0.488,0.097,0.076,0.0386,"LAMB1"
"SLC39A10",2.08e-06,0.165,0.522,0.495,0.0387,"SLC39A10"
"ATXN7L3B",2.1e-06,0.164,0.667,0.643,0.0391,"ATXN7L3B"
"SYT13",2.11e-06,-0.744,0.01,0.019,0.0392,"SYT13"
"NTNG1",2.12e-06,1.113,0.061,0.045,0.0394,"NTNG1"
"GSX2",2.12e-06,-0.208,0.309,0.341,0.0395,"GSX2"
"INSYN2B",2.12e-06,-1.662,0.004,0.01,0.0395,"INSYN2B"
"COL14A1",2.13e-06,0.923,0.03,0.019,0.0396,"COL14A1"
"SUGCT",2.13e-06,0.242,0.264,0.233,0.0397,"SUGCT"
"NSUN4",2.13e-06,0.266,0.18,0.152,0.0397,"NSUN4"
"CSTF2T",2.14e-06,0.236,0.284,0.253,0.0399,"CSTF2T"
"TP53INP2",2.15e-06,0.334,0.158,0.133,0.04,"TP53INP2"
"CPA4",2.15e-06,1.414,0.013,0.006,0.0401,"CPA4"
"GPR158",2.16e-06,0.484,0.496,0.474,0.0402,"GPR158"
"ZBED1",2.18e-06,0.259,0.315,0.284,0.0406,"ZBED1"
"GPN1",2.18e-06,0.268,0.289,0.259,0.0406,"GPN1"
"PDS5A",2.19e-06,0.111,0.829,0.831,0.0407,"PDS5A"
"ARSF",2.19e-06,-1.21,0.005,0.012,0.0408,"ARSF"
"C22orf31",2.2e-06,1.108,0.018,0.009,0.041,"C22orf31"
"IRS1",2.21e-06,0.401,0.076,0.058,0.0411,"IRS1"
"PSME3",2.21e-06,0.231,0.312,0.282,0.0412,"PSME3"
"TOR3A",2.22e-06,0.22,0.206,0.177,0.0413,"TOR3A"
"PGAP6",2.23e-06,0.327,0.197,0.171,0.0416,"PGAP6"
"HDHD2",2.25e-06,0.202,0.449,0.415,0.0418,"HDHD2"
"PITPNA",2.27e-06,0.141,0.514,0.485,0.0422,"PITPNA"
"LMBRD2",2.27e-06,0.188,0.326,0.293,0.0423,"LMBRD2"
"KHDRBS2",2.31e-06,0.332,0.215,0.187,0.043,"KHDRBS2"
"CCN1",2.32e-06,0.432,0.159,0.135,0.0431,"CCN1"
"TOX2",2.32e-06,-0.123,0.119,0.146,0.0433,"TOX2"
"GTF2F1",2.33e-06,0.186,0.42,0.388,0.0434,"GTF2F1"
"ABCC1",2.35e-06,-0.127,0.341,0.375,0.0437,"ABCC1"
"RNF208",2.35e-06,0.311,0.132,0.108,0.0437,"RNF208"
"MED22",2.35e-06,0.324,0.184,0.158,0.0437,"MED22"
"RNF216",2.35e-06,0.119,0.678,0.668,0.0438,"RNF216"
"MED12",2.36e-06,0.234,0.227,0.197,0.0439,"MED12"
"WDR82",2.37e-06,0.149,0.608,0.587,0.0441,"WDR82"
"ATG101",2.37e-06,0.233,0.31,0.28,0.0442,"ATG101"
"RMND5A",2.38e-06,0.199,0.412,0.38,0.0442,"RMND5A"
"CHMP1A",2.4e-06,0.218,0.314,0.282,0.0446,"CHMP1A"
"NAA50",2.4e-06,0.123,0.593,0.573,0.0447,"NAA50"
"NKAIN1",2.41e-06,-0.748,0.046,0.062,0.0449,"NKAIN1"
"TSTD2",2.42e-06,0.179,0.536,0.506,0.045,"TSTD2"
"DTX3",2.45e-06,0.214,0.296,0.265,0.0456,"DTX3"
"HR",2.45e-06,0.374,0.113,0.091,0.0457,"HR"
"PIKFYVE",2.46e-06,0.146,0.519,0.484,0.0458,"PIKFYVE"
"ARHGEF11",2.47e-06,0.149,0.566,0.534,0.0459,"ARHGEF11"
"RBCK1",2.48e-06,0.233,0.351,0.319,0.0461,"RBCK1"
"STARD3",2.49e-06,0.201,0.256,0.224,0.0463,"STARD3"
"NUBP1",2.49e-06,0.241,0.276,0.246,0.0463,"NUBP1"
"HSD11B1L",2.5e-06,0.253,0.242,0.211,0.0466,"HSD11B1L"
"ZBTB7A",2.53e-06,0.243,0.298,0.268,0.0471,"ZBTB7A"
"MSANTD3",2.57e-06,0.169,0.507,0.477,0.0478,"MSANTD3"
"ANKRD36B",2.57e-06,-0.105,0.453,0.488,0.0478,"ANKRD36B"
"RIMKLA",2.58e-06,0.502,0.391,0.38,0.048,"RIMKLA"
"P2RY12",2.59e-06,0.839,0.06,0.045,0.0482,"P2RY12"
"ANKRD33B",2.6e-06,-0.653,0.022,0.034,0.0484,"ANKRD33B"
"HS3ST3B1",2.63e-06,0.454,0.052,0.037,0.0489,"HS3ST3B1"
"PWP1",2.63e-06,0.17,0.559,0.532,0.0489,"PWP1"
"SLC35G1",2.64e-06,0.224,0.184,0.158,0.0491,"SLC35G1"
"BRMS1L",2.64e-06,0.128,0.485,0.453,0.0492,"BRMS1L"
"QARS1",2.64e-06,0.282,0.25,0.222,0.0492,"QARS1"
"KLHDC2",2.64e-06,0.176,0.627,0.606,0.0492,"KLHDC2"
"NOSIP",2.65e-06,0.166,0.427,0.394,0.0493,"NOSIP"
"PDE8B",2.65e-06,0.469,0.051,0.036,0.0494,"PDE8B"
"MINDY4",2.67e-06,0.478,0.052,0.037,0.0496,"MINDY4"
"RAB30",2.68e-06,0.238,0.515,0.49,0.0498,"RAB30"
"LRP6",2.68e-06,0.145,0.775,0.768,0.0499,"LRP6"
"GPANK1",2.69e-06,0.36,0.288,0.261,0.0501,"GPANK1"
"MINPP1",2.69e-06,0.168,0.326,0.292,0.0501,"MINPP1"
"FGF2",2.7e-06,0.117,0.347,0.314,0.0503,"FGF2"
"DPAGT1",2.71e-06,0.231,0.133,0.109,0.0504,"DPAGT1"
"CHPF2",2.71e-06,0.315,0.13,0.107,0.0504,"CHPF2"
"CDK10",2.72e-06,0.254,0.242,0.213,0.0505,"CDK10"
"PIGF",2.72e-06,0.185,0.549,0.52,0.0507,"PIGF"
"KIF13A",2.72e-06,0.153,0.545,0.515,0.0507,"KIF13A"
"LMF1",2.73e-06,0.199,0.472,0.44,0.0509,"LMF1"
"CCDC127",2.73e-06,0.217,0.305,0.274,0.0509,"CCDC127"
"CUEDC1",2.74e-06,0.183,0.438,0.405,0.051,"CUEDC1"
"FHIT",2.77e-06,0.217,0.215,0.186,0.0515,"FHIT"
"ZFTRAF1",2.77e-06,0.236,0.415,0.387,0.0516,"ZFTRAF1"
"HELLS",2.78e-06,0.257,0.365,0.334,0.0518,"HELLS"
"P3H1",2.78e-06,0.229,0.201,0.172,0.0518,"P3H1"
"ZNF862",2.79e-06,0.156,0.46,0.423,0.052,"ZNF862"
"IL1RAPL1",2.81e-06,0.359,0.632,0.608,0.0522,"IL1RAPL1"
"PRKAA2",2.81e-06,0.202,0.355,0.325,0.0523,"PRKAA2"
"WDR77",2.83e-06,0.229,0.234,0.204,0.0527,"WDR77"
"TMEM97",2.84e-06,0.253,0.405,0.376,0.0528,"TMEM97"
"CRCP",2.85e-06,0.139,0.625,0.604,0.053,"CRCP"
"R3HCC1",2.85e-06,0.27,0.313,0.283,0.0531,"R3HCC1"
"KLHL12",2.86e-06,0.234,0.43,0.399,0.0533,"KLHL12"
"CLPX",2.87e-06,0.151,0.497,0.465,0.0534,"CLPX"
"NRDE2",2.88e-06,0.19,0.308,0.275,0.0537,"NRDE2"
"FGFR1OP2",2.89e-06,0.156,0.587,0.563,0.0538,"FGFR1OP2"
"GID8",2.9e-06,0.159,0.496,0.468,0.054,"GID8"
"KLHL21",2.92e-06,0.189,0.175,0.149,0.0544,"KLHL21"
"ANO5",2.93e-06,-0.302,0.22,0.247,0.0546,"ANO5"
"GATAD2B",2.93e-06,0.122,0.857,0.847,0.0546,"GATAD2B"
"FBXO2",2.93e-06,-0.754,0.045,0.061,0.0546,"FBXO2"
"GABRB2",2.95e-06,-0.959,0.028,0.042,0.0549,"GABRB2"
"C19orf12",2.96e-06,0.184,0.343,0.309,0.0551,"C19orf12"
"KLHL7",2.96e-06,0.156,0.785,0.765,0.0552,"KLHL7"
"TMEM161B",2.97e-06,0.192,0.497,0.471,0.0552,"TMEM161B"
"OAZ2",2.97e-06,0.185,0.552,0.522,0.0553,"OAZ2"
"SPOCK3",2.97e-06,-0.406,0.021,0.033,0.0553,"SPOCK3"
"CLOCK",2.97e-06,0.185,0.632,0.604,0.0553,"CLOCK"
"ANKS6",2.97e-06,0.228,0.167,0.141,0.0553,"ANKS6"
"UTP15",2.98e-06,0.296,0.136,0.112,0.0554,"UTP15"
"SLC35G2",2.99e-06,0.215,0.408,0.38,0.0556,"SLC35G2"
"FAM118B",3.01e-06,0.189,0.38,0.347,0.056,"FAM118B"
"RBM4",3.04e-06,0.144,0.538,0.509,0.0565,"RBM4"
"B3GAT2",3.05e-06,-0.48,0.265,0.288,0.0568,"B3GAT2"
"POLR1E",3.05e-06,0.23,0.189,0.162,0.0568,"POLR1E"
"SDR39U1",3.06e-06,0.227,0.346,0.315,0.057,"SDR39U1"
"CCDC59",3.09e-06,0.124,0.5,0.469,0.0575,"CCDC59"
"ARHGAP1",3.11e-06,0.276,0.271,0.242,0.0579,"ARHGAP1"
"SEC23B",3.14e-06,0.189,0.419,0.387,0.0585,"SEC23B"
"CRY2",3.15e-06,-0.23,0.161,0.187,0.0586,"CRY2"
"CNPY4",3.15e-06,0.231,0.261,0.231,0.0586,"CNPY4"
"DNTTIP2",3.15e-06,0.163,0.469,0.439,0.0586,"DNTTIP2"
"TTC32",3.15e-06,0.273,0.219,0.19,0.0587,"TTC32"
"FBXW5",3.15e-06,0.225,0.283,0.253,0.0587,"FBXW5"
"SLC25A23",3.16e-06,0.211,0.359,0.329,0.0588,"SLC25A23"
"MARCHF7",3.16e-06,0.127,0.806,0.796,0.0588,"MARCHF7"
"ARL15",3.17e-06,0.174,0.697,0.676,0.059,"ARL15"
"BCL2L2-PABPN1",3.2e-06,0.274,0.158,0.132,0.0596,"BCL2L2-PABPN1"
"TMEM186",3.22e-06,0.348,0.141,0.118,0.06,"TMEM186"
"AKAP7",3.24e-06,0.227,0.351,0.32,0.0602,"AKAP7"
"ACOX1",3.24e-06,0.167,0.517,0.491,0.0602,"ACOX1"
"C6orf118",3.26e-06,0.282,0.136,0.113,0.0607,"C6orf118"
"CHRM2",3.27e-06,-1.337,0.008,0.016,0.0609,"CHRM2"
"SEPTIN8",3.28e-06,0.224,0.33,0.298,0.0611,"SEPTIN8"
"CENPV",3.34e-06,0.186,0.792,0.787,0.0621,"CENPV"
"CD9",3.35e-06,-0.41,0.362,0.383,0.0624,"CD9"
"TOPBP1",3.38e-06,0.167,0.52,0.495,0.0629,"TOPBP1"
"EMD",3.38e-06,0.196,0.456,0.429,0.0629,"EMD"
"P3H4",3.39e-06,0.194,0.237,0.207,0.063,"P3H4"
"SAMHD1",3.39e-06,0.294,0.184,0.157,0.0631,"SAMHD1"
"MIX23",3.45e-06,0.184,0.278,0.247,0.0642,"MIX23"
"TTLL12",3.45e-06,0.285,0.1,0.08,0.0642,"TTLL12"
"ARSG",3.46e-06,0.164,0.092,0.072,0.0644,"ARSG"
"PCTP",3.48e-06,0.197,0.106,0.085,0.0648,"PCTP"
"HSD17B14",3.49e-06,-0.571,0.088,0.108,0.0649,"HSD17B14"
"ATP1A4",3.52e-06,-1.403,0.007,0.014,0.0654,"ATP1A4"
"DNAAF4",3.54e-06,0.168,0.359,0.326,0.0659,"DNAAF4"
"UBA5",3.57e-06,0.154,0.516,0.487,0.0664,"UBA5"
"DELE1",3.57e-06,0.182,0.24,0.209,0.0665,"DELE1"
"SIPA1L1",3.59e-06,0.111,0.757,0.763,0.0668,"SIPA1L1"
"GLYR1",3.59e-06,0.109,0.603,0.576,0.0669,"GLYR1"
"LARS2",3.61e-06,0.228,0.42,0.391,0.0671,"LARS2"
"ARFGAP2",3.63e-06,0.199,0.369,0.338,0.0676,"ARFGAP2"
"CDKN1C",3.66e-06,0.777,0.055,0.04,0.0682,"CDKN1C"
"TRADD",3.67e-06,0.41,0.064,0.048,0.0683,"TRADD"
"CLPTM1",3.68e-06,0.24,0.374,0.345,0.0685,"CLPTM1"
"KLHL23",3.69e-06,0.134,0.74,0.731,0.0688,"KLHL23"
"ACSL6",3.73e-06,-0.346,0.068,0.087,0.0693,"ACSL6"
"DNAJC2",3.75e-06,0.152,0.529,0.506,0.0698,"DNAJC2"
"PPIF",3.77e-06,0.26,0.238,0.211,0.0701,"PPIF"
"SLC7A1",3.78e-06,0.247,0.274,0.244,0.0704,"SLC7A1"
"B4GALT3",3.8e-06,0.301,0.2,0.174,0.0708,"B4GALT3"
"ROGDI",3.8e-06,0.281,0.209,0.181,0.0708,"ROGDI"
"EML3",3.86e-06,0.452,0.067,0.051,0.0718,"EML3"
"NATD1",3.86e-06,0.564,0.067,0.05,0.0718,"NATD1"
"ZNF320",3.87e-06,0.175,0.3,0.267,0.072,"ZNF320"
"ZZZ3",3.89e-06,0.139,0.666,0.64,0.0725,"ZZZ3"
"ENSG00000280138",3.91e-06,0.263,0.238,0.209,0.0727,"ENSG00000280138"
"LZIC",3.94e-06,0.166,0.662,0.638,0.0733,"LZIC"
"SLC66A2",3.96e-06,0.219,0.411,0.382,0.0737,"SLC66A2"
"RCE1",3.96e-06,0.289,0.112,0.091,0.0737,"RCE1"
"SHC1",3.97e-06,0.257,0.122,0.1,0.0738,"SHC1"
"AKAP9",3.97e-06,0.114,0.914,0.897,0.0739,"AKAP9"
"POU3F2",3.97e-06,0.103,0.788,0.769,0.0739,"POU3F2"
"BLOC1S4",3.97e-06,0.191,0.437,0.406,0.0739,"BLOC1S4"
"PPFIA1",3.98e-06,0.154,0.632,0.612,0.0742,"PPFIA1"
"SPATA5L1",3.99e-06,0.214,0.268,0.238,0.0742,"SPATA5L1"
"CLCC1",3.99e-06,0.198,0.422,0.391,0.0742,"CLCC1"
"ADCY6",4e-06,0.229,0.221,0.192,0.0745,"ADCY6"
"YDJC",4.02e-06,0.282,0.093,0.073,0.0748,"YDJC"
"CDH4",4.07e-06,0.446,0.515,0.487,0.0758,"CDH4"
"STX2",4.1e-06,0.192,0.525,0.499,0.0762,"STX2"
"SORBS3",4.11e-06,0.294,0.21,0.184,0.0764,"SORBS3"
"SLU7",4.15e-06,0.178,0.456,0.428,0.0773,"SLU7"
"TMC7",4.17e-06,0.221,0.158,0.133,0.0776,"TMC7"
"DGAT1",4.18e-06,0.305,0.144,0.12,0.0779,"DGAT1"
"SPPL3",4.24e-06,0.116,0.829,0.814,0.0788,"SPPL3"
"SMPD1",4.24e-06,0.366,0.129,0.107,0.0789,"SMPD1"
"EIF2D",4.24e-06,0.202,0.251,0.221,0.079,"EIF2D"
"INTS6",4.25e-06,0.124,0.585,0.558,0.0791,"INTS6"
"PUDP",4.25e-06,0.109,0.568,0.535,0.0792,"PUDP"
"ZNF771",4.27e-06,0.242,0.252,0.223,0.0795,"ZNF771"
"RAPGEF4",4.3e-06,-0.537,0.099,0.119,0.08,"RAPGEF4"
"POLR2C",4.3e-06,0.233,0.398,0.367,0.08,"POLR2C"
"ADORA2B",4.3e-06,-0.211,0.096,0.119,0.0801,"ADORA2B"
"HMBOX1",4.34e-06,0.16,0.729,0.714,0.0807,"HMBOX1"
"GAMT",4.43e-06,0.213,0.401,0.374,0.0825,"GAMT"
"NKIRAS1",4.45e-06,0.17,0.416,0.383,0.0829,"NKIRAS1"
"PRR14",4.47e-06,0.275,0.277,0.248,0.0832,"PRR14"
"DLL3",4.49e-06,0.879,0.317,0.294,0.0837,"DLL3"
"NEK1",4.51e-06,0.134,0.677,0.662,0.084,"NEK1"
"DEK",4.52e-06,0.139,0.849,0.844,0.0841,"DEK"
"TRAPPC11",4.55e-06,0.148,0.54,0.512,0.0848,"TRAPPC11"
"CLSTN3",4.56e-06,0.288,0.174,0.148,0.0848,"CLSTN3"
"PLPBP",4.58e-06,0.207,0.376,0.346,0.0852,"PLPBP"
"ARNT2",4.58e-06,0.146,0.759,0.758,0.0852,"ARNT2"
"ATPSCKMT",4.62e-06,0.14,0.266,0.236,0.0859,"ATPSCKMT"
"SNX30",4.65e-06,0.146,0.326,0.291,0.0865,"SNX30"
"EBAG9",4.66e-06,0.157,0.387,0.354,0.0867,"EBAG9"
"MRPL27",4.69e-06,0.165,0.538,0.513,0.0873,"MRPL27"
"IFT27",4.7e-06,0.195,0.371,0.341,0.0874,"IFT27"
"NOC2L",4.7e-06,0.228,0.357,0.326,0.0875,"NOC2L"
"NNMT",4.73e-06,-0.512,0.022,0.033,0.0879,"NNMT"
"GEM",4.74e-06,-0.49,0.125,0.148,0.0882,"GEM"
"LCLAT1",4.76e-06,0.188,0.479,0.448,0.0885,"LCLAT1"
"TMEM43",4.78e-06,0.234,0.338,0.307,0.0889,"TMEM43"
"KIAA1191",4.79e-06,0.171,0.513,0.484,0.0891,"KIAA1191"
"PORCN",4.79e-06,0.25,0.094,0.074,0.0891,"PORCN"
"NOVA2",4.88e-06,0.188,0.526,0.502,0.0908,"NOVA2"
"MGAT1",4.88e-06,0.221,0.196,0.169,0.0909,"MGAT1"
"WDR33",4.89e-06,0.11,0.792,0.78,0.091,"WDR33"
"CHPT1",4.89e-06,0.11,0.574,0.543,0.091,"CHPT1"
"SNX15",4.9e-06,0.272,0.228,0.2,0.0912,"SNX15"
"MCM5",4.9e-06,0.344,0.135,0.112,0.0912,"MCM5"
"GLMP",4.92e-06,0.474,0.069,0.052,0.0915,"GLMP"
"RHBDF1",4.92e-06,0.482,0.054,0.039,0.0916,"RHBDF1"
"XPO6",4.92e-06,0.163,0.521,0.49,0.0916,"XPO6"
"FSIP2",4.96e-06,0.203,0.52,0.491,0.0923,"FSIP2"
"RGS7",5.02e-06,-0.613,0.085,0.105,0.0934,"RGS7"
"UBE2D1",5.04e-06,0.146,0.596,0.572,0.0938,"UBE2D1"
"SP140",5.05e-06,-0.789,0.016,0.026,0.0939,"SP140"
"FABP7",5.07e-06,0.172,0.692,0.705,0.0944,"FABP7"
"TCP11L2",5.08e-06,0.333,0.146,0.123,0.0945,"TCP11L2"
"APOBEC4",5.1e-06,0.428,0.028,0.017,0.0949,"APOBEC4"
"TRAPPC9",5.1e-06,0.127,0.719,0.701,0.0949,"TRAPPC9"
"TMEM130",5.11e-06,-0.87,0.005,0.012,0.0951,"TMEM130"
"RASGEF1C",5.12e-06,-0.548,0.02,0.031,0.0952,"RASGEF1C"
"AGPAT4",5.15e-06,0.141,0.584,0.55,0.0959,"AGPAT4"
"HSPA14",5.2e-06,0.192,0.312,0.281,0.0967,"HSPA14"
"CLDN10",5.21e-06,-0.779,0.034,0.048,0.0971,"CLDN10"
"RBM22",5.24e-06,0.168,0.529,0.503,0.0974,"RBM22"
"ZKSCAN8",5.24e-06,0.234,0.33,0.301,0.0975,"ZKSCAN8"
"RPUSD3",5.24e-06,0.22,0.225,0.196,0.0976,"RPUSD3"
"XNDC1N",5.26e-06,0.196,0.232,0.203,0.0978,"XNDC1N"
"ANGPTL2",5.3e-06,0.419,0.133,0.11,0.0987,"ANGPTL2"
"CTNNBL1",5.31e-06,0.191,0.485,0.458,0.0989,"CTNNBL1"
"BBS7",5.32e-06,0.21,0.429,0.4,0.0989,"BBS7"
"GSTA4",5.33e-06,0.222,0.787,0.772,0.0993,"GSTA4"
"RNPEPL1",5.35e-06,0.272,0.19,0.163,0.0996,"RNPEPL1"
"TMEM214",5.36e-06,0.337,0.087,0.068,0.0998,"TMEM214"
"ZNF562",5.38e-06,0.208,0.48,0.452,0.1,"ZNF562"
"GYG1",5.39e-06,0.237,0.198,0.172,0.1,"GYG1"
"NIBAN1",5.45e-06,-0.7,0.042,0.056,0.101,"NIBAN1"
"ANKRD13A",5.46e-06,0.259,0.278,0.249,0.102,"ANKRD13A"
"RPS6KB2",5.53e-06,0.309,0.151,0.126,0.103,"RPS6KB2"
"LRRC69",5.57e-06,0.305,0.112,0.091,0.104,"LRRC69"
"SLC39A13",5.58e-06,0.388,0.134,0.111,0.104,"SLC39A13"
"ATP6V1A",5.61e-06,0.145,0.578,0.55,0.104,"ATP6V1A"
"WDR12",5.64e-06,0.153,0.41,0.379,0.105,"WDR12"
"CUL1",5.64e-06,0.162,0.674,0.66,0.105,"CUL1"
"ARHGAP44",5.65e-06,-0.514,0.035,0.049,0.105,"ARHGAP44"
"ZFAND2B",5.68e-06,0.346,0.172,0.147,0.106,"ZFAND2B"
"MBNL2",5.71e-06,0.126,0.421,0.389,0.106,"MBNL2"
"DIMT1",5.71e-06,0.197,0.422,0.391,0.106,"DIMT1"
"DERL2",5.72e-06,0.175,0.44,0.411,0.106,"DERL2"
"PIGA",5.72e-06,-0.361,0.075,0.093,0.106,"PIGA"
"KBTBD4",5.74e-06,0.181,0.185,0.158,0.107,"KBTBD4"
"SEC24A",5.75e-06,0.189,0.381,0.351,0.107,"SEC24A"
"METTL14",5.82e-06,0.172,0.4,0.372,0.108,"METTL14"
"PSMC2",5.85e-06,0.165,0.536,0.51,0.109,"PSMC2"
"SAE1",5.86e-06,0.207,0.515,0.491,0.109,"SAE1"
"SPATA18",5.91e-06,0.885,0.021,0.012,0.11,"SPATA18"
"SPON1",5.93e-06,0.409,0.363,0.338,0.11,"SPON1"
"GFPT2",5.95e-06,-0.533,0.056,0.072,0.111,"GFPT2"
"HIF1AN",6e-06,0.192,0.285,0.255,0.112,"HIF1AN"
"CREBBP",6.01e-06,0.101,0.829,0.821,0.112,"CREBBP"
"PITHD1",6.02e-06,0.142,0.452,0.423,0.112,"PITHD1"
"ATF7IP2",6.08e-06,0.193,0.158,0.134,0.113,"ATF7IP2"
"UBE2E1",6.09e-06,0.128,0.778,0.76,0.113,"UBE2E1"
"BTN3A2",6.13e-06,-0.299,0.1,0.121,0.114,"BTN3A2"
"FLAD1",6.14e-06,0.235,0.264,0.233,0.114,"FLAD1"
"SLC40A1",6.23e-06,0.304,0.174,0.15,0.116,"SLC40A1"
"LGI1",6.26e-06,0.499,0.079,0.061,0.116,"LGI1"
"RRM1",6.26e-06,0.227,0.475,0.447,0.116,"RRM1"
"TRPC1",6.31e-06,0.126,0.608,0.582,0.117,"TRPC1"
"VANGL2",6.33e-06,0.243,0.337,0.306,0.118,"VANGL2"
"SORCS2",6.4e-06,0.394,0.32,0.292,0.119,"SORCS2"
"STK10",6.41e-06,0.342,0.153,0.128,0.119,"STK10"
"KLF6",6.42e-06,0.271,0.365,0.338,0.12,"KLF6"
"TRUB1",6.53e-06,0.207,0.271,0.242,0.121,"TRUB1"
"ARID4A",6.59e-06,0.149,0.77,0.751,0.123,"ARID4A"
"NKAIN4",6.62e-06,-0.361,0.236,0.262,0.123,"NKAIN4"
"MOV10L1",6.64e-06,-1.434,0.006,0.013,0.124,"MOV10L1"
"KBTBD12",6.64e-06,-0.771,0.016,0.026,0.124,"KBTBD12"
"UBE3C",6.66e-06,0.12,0.687,0.672,0.124,"UBE3C"
"VARS1",6.81e-06,0.241,0.205,0.178,0.127,"VARS1"
"COMMD8",6.84e-06,0.195,0.284,0.254,0.127,"COMMD8"
"SLC30A5",6.85e-06,0.14,0.406,0.372,0.127,"SLC30A5"
"KRCC1",6.95e-06,0.181,0.451,0.422,0.129,"KRCC1"
"RPS6KA2",6.95e-06,-0.143,0.572,0.603,0.129,"RPS6KA2"
"ZNF605",6.97e-06,0.263,0.314,0.285,0.13,"ZNF605"
"TMEM109",6.98e-06,0.288,0.111,0.09,0.13,"TMEM109"
"UACA",6.99e-06,0.152,0.202,0.175,0.13,"UACA"
"SLC2A1",6.99e-06,-0.743,0.077,0.095,0.13,"SLC2A1"
"C8orf82",6.99e-06,0.244,0.236,0.208,0.13,"C8orf82"
"CDHR1",6.99e-06,-0.499,0.032,0.045,0.13,"CDHR1"
"MTMR14",7.06e-06,0.162,0.255,0.225,0.131,"MTMR14"
"MIB2",7.06e-06,0.254,0.182,0.156,0.131,"MIB2"
"LARP4B",7.09e-06,0.109,0.647,0.629,0.132,"LARP4B"
"ARHGEF17",7.1e-06,0.162,0.244,0.216,0.132,"ARHGEF17"
"REEP4",7.1e-06,0.461,0.069,0.052,0.132,"REEP4"
"CBWD2",7.18e-06,0.238,0.31,0.281,0.134,"CBWD2"
"ADAL",7.21e-06,0.207,0.262,0.232,0.134,"ADAL"
"TNFRSF11B",7.22e-06,0.375,0.078,0.06,0.134,"TNFRSF11B"
"LAMB4",7.25e-06,0.508,0.08,0.063,0.135,"LAMB4"
"TUBA1C",7.26e-06,-0.175,0.15,0.175,0.135,"TUBA1C"
"LEO1",7.3e-06,0.159,0.526,0.499,0.136,"LEO1"
"LSM12",7.33e-06,0.139,0.545,0.521,0.136,"LSM12"
"ZMYND19",7.34e-06,0.265,0.217,0.188,0.137,"ZMYND19"
"PPP1R12B",7.37e-06,-0.171,0.819,0.834,0.137,"PPP1R12B"
"TOR2A",7.38e-06,0.369,0.141,0.119,0.137,"TOR2A"
"TPD52",7.39e-06,0.26,0.094,0.075,0.137,"TPD52"
"MAPK8",7.39e-06,0.114,0.881,0.86,0.138,"MAPK8"
"PPP1CC",7.39e-06,0.119,0.708,0.701,0.138,"PPP1CC"
"PYCR2",7.43e-06,0.228,0.252,0.223,0.138,"PYCR2"
"DSE",7.44e-06,0.29,0.429,0.401,0.138,"DSE"
"ROM1",7.45e-06,0.364,0.097,0.078,0.139,"ROM1"
"PNP",7.45e-06,0.34,0.13,0.108,0.139,"PNP"
"CDC37L1",7.46e-06,0.169,0.441,0.407,0.139,"CDC37L1"
"GARRE1",7.46e-06,0.168,0.432,0.4,0.139,"GARRE1"
"NOL11",7.46e-06,0.202,0.449,0.421,0.139,"NOL11"
"RGN",7.52e-06,-0.21,0.053,0.071,0.14,"RGN"
"SLC7A11",7.62e-06,-0.352,0.312,0.338,0.142,"SLC7A11"
"MTMR11",7.68e-06,0.455,0.073,0.056,0.143,"MTMR11"
"IRGQ",7.69e-06,0.278,0.289,0.261,0.143,"IRGQ"
"ATM",7.69e-06,0.112,0.635,0.62,0.143,"ATM"
"SRRT",7.79e-06,0.171,0.519,0.497,0.145,"SRRT"
"NSDHL",7.85e-06,0.268,0.208,0.182,0.146,"NSDHL"
"SMC3",7.85e-06,0.141,0.871,0.858,0.146,"SMC3"
"EGR1",7.87e-06,0.271,0.52,0.497,0.146,"EGR1"
"HEATR6",7.87e-06,0.232,0.357,0.327,0.147,"HEATR6"
"ZNF577",7.93e-06,0.23,0.299,0.269,0.148,"ZNF577"
"PTTG1",8.01e-06,0.179,0.346,0.312,0.149,"PTTG1"
"RAB36",8.05e-06,0.431,0.075,0.058,0.15,"RAB36"
"AUTS2",8.06e-06,0.13,0.983,0.983,0.15,"AUTS2"
"DUSP28",8.1e-06,0.35,0.127,0.106,0.151,"DUSP28"
"NF2",8.14e-06,0.146,0.42,0.387,0.152,"NF2"
"NOX4",8.14e-06,0.317,0.23,0.204,0.152,"NOX4"
"AP3M1",8.15e-06,0.15,0.508,0.483,0.152,"AP3M1"
"LCMT1",8.19e-06,0.111,0.522,0.492,0.152,"LCMT1"
"PRPF8",8.21e-06,0.148,0.632,0.616,0.153,"PRPF8"
"TUBA4A",8.26e-06,-0.628,0.043,0.058,0.154,"TUBA4A"
"TMEM38B",8.31e-06,0.313,0.298,0.265,0.155,"TMEM38B"
"RIPK2",8.31e-06,0.287,0.205,0.18,0.155,"RIPK2"
"UCHL3",8.32e-06,0.196,0.37,0.338,0.155,"UCHL3"
"ZFP36L1",8.38e-06,0.125,0.571,0.547,0.156,"ZFP36L1"
"ATP8A2",8.4e-06,-0.25,0.092,0.112,0.156,"ATP8A2"
"NAF1",8.45e-06,0.204,0.372,0.343,0.157,"NAF1"
"ENSG00000284526",8.47e-06,0.326,0.132,0.109,0.158,"ENSG00000284526"
"PAM16",8.51e-06,0.466,0.074,0.057,0.158,"PAM16"
"PCED1A",8.54e-06,0.366,0.134,0.111,0.159,"PCED1A"
"TASOR2",8.56e-06,0.124,0.612,0.587,0.159,"TASOR2"
"KIAA1586",8.57e-06,0.216,0.475,0.449,0.16,"KIAA1586"
"ENSG00000279099",8.58e-06,0.997,0.06,0.046,0.16,"ENSG00000279099"
"USP7",8.62e-06,0.162,0.626,0.609,0.16,"USP7"
"CIBAR1",8.67e-06,0.14,0.567,0.545,0.161,"CIBAR1"
"ANAPC10",8.68e-06,0.119,0.612,0.58,0.161,"ANAPC10"
"TPPP3",8.73e-06,0.405,0.1,0.081,0.163,"TPPP3"
"TRAPPC13",8.78e-06,0.121,0.422,0.39,0.163,"TRAPPC13"
"ATCAY",8.83e-06,-0.145,0.405,0.437,0.164,"ATCAY"
"CCM2",8.84e-06,0.154,0.513,0.487,0.165,"CCM2"
"RIPK1",8.85e-06,0.153,0.291,0.259,0.165,"RIPK1"
"PEX5",8.87e-06,0.296,0.223,0.197,0.165,"PEX5"
"MAGOH",8.87e-06,0.147,0.604,0.584,0.165,"MAGOH"
"ARMC1",8.88e-06,0.111,0.628,0.608,0.165,"ARMC1"
"ZMYM5",8.88e-06,0.196,0.46,0.432,0.165,"ZMYM5"
"KCNQ5",8.89e-06,0.591,0.03,0.02,0.165,"KCNQ5"
"RAPH1",8.92e-06,0.15,0.662,0.644,0.166,"RAPH1"
"ETS1",8.98e-06,0.699,0.014,0.007,0.167,"ETS1"
"DLG2",9.01e-06,-0.217,0.818,0.837,0.168,"DLG2"
"TM6SF2",9.04e-06,0.772,0.025,0.016,0.168,"TM6SF2"
"TRIM23",9.04e-06,0.196,0.477,0.45,0.168,"TRIM23"
"DUSP3",9.04e-06,0.272,0.183,0.158,0.168,"DUSP3"
"IQCB1",9.09e-06,0.142,0.496,0.47,0.169,"IQCB1"
"GBA",9.11e-06,0.282,0.113,0.092,0.17,"GBA"
"CLIP3",9.23e-06,0.221,0.483,0.456,0.172,"CLIP3"
"COPG1",9.25e-06,0.203,0.337,0.308,0.172,"COPG1"
"PWP2",9.26e-06,0.294,0.1,0.081,0.172,"PWP2"
"SLC25A53",9.34e-06,0.291,0.251,0.223,0.174,"SLC25A53"
"KCNJ6",9.36e-06,0.707,0.035,0.023,0.174,"KCNJ6"
"GSDME",9.36e-06,0.244,0.15,0.126,0.174,"GSDME"
"RHNO1",9.39e-06,0.283,0.277,0.249,0.175,"RHNO1"
"IMMP2L",9.41e-06,0.222,0.622,0.603,0.175,"IMMP2L"
"DIPK1B",9.47e-06,0.236,0.318,0.288,0.176,"DIPK1B"
"TMEM135",9.52e-06,0.161,0.637,0.608,0.177,"TMEM135"
"SENP2",9.53e-06,0.148,0.5,0.47,0.177,"SENP2"
"ZDHHC6",9.53e-06,0.222,0.321,0.292,0.177,"ZDHHC6"
"RSPRY1",9.65e-06,0.13,0.678,0.659,0.18,"RSPRY1"
"MBD1",9.7e-06,0.214,0.306,0.276,0.181,"MBD1"
"LHX4",9.71e-06,0.394,0.101,0.082,0.181,"LHX4"
"SCAF8",9.74e-06,0.114,0.781,0.772,0.181,"SCAF8"
"RETREG2",9.75e-06,0.211,0.325,0.296,0.182,"RETREG2"
"THOC5",9.9e-06,0.277,0.252,0.226,0.184,"THOC5"
"RMDN2",9.92e-06,0.277,0.111,0.09,0.185,"RMDN2"
"AMFR",9.93e-06,0.192,0.43,0.405,0.185,"AMFR"
"MGAT5B",9.97e-06,-0.135,0.081,0.101,0.186,"MGAT5B"
"B3GAT1",1e-05,0.204,0.276,0.246,0.186,"B3GAT1"
"C12orf29",1e-05,0.211,0.298,0.269,0.187,"C12orf29"
"PLEKHM1",0.0000101,0.271,0.203,0.177,0.187,"PLEKHM1"
"TMEM140",0.0000101,0.363,0.078,0.061,0.189,"TMEM140"
"PRR16",0.0000102,0.434,0.096,0.078,0.19,"PRR16"
"CCZ1",0.0000102,0.197,0.52,0.492,0.19,"CCZ1"
"ASPA",0.0000102,-1.03,0.009,0.016,0.19,"ASPA"
"CNTLN",0.0000102,0.169,0.564,0.533,0.191,"CNTLN"
"CTTNBP2NL",0.0000103,0.156,0.641,0.616,0.191,"CTTNBP2NL"
"TRUB2",0.0000103,0.242,0.224,0.195,0.191,"TRUB2"
"DENND11",0.0000104,0.233,0.299,0.269,0.193,"DENND11"
"CCDC51",0.0000104,0.274,0.163,0.139,0.193,"CCDC51"
"CDH10",0.0000104,0.208,0.264,0.236,0.194,"CDH10"
"RPP21",0.0000104,0.241,0.129,0.107,0.194,"RPP21"
"AIP",0.0000105,0.217,0.379,0.348,0.195,"AIP"
"GIT2",0.0000106,0.154,0.463,0.431,0.198,"GIT2"
"TOP2A",0.0000107,-0.162,0.231,0.26,0.198,"TOP2A"
"ANKRD42",0.0000107,0.245,0.17,0.146,0.198,"ANKRD42"
"CLCF1",0.0000107,0.703,0.034,0.023,0.199,"CLCF1"
"JRKL",0.0000107,0.115,0.215,0.187,0.2,"JRKL"
"EDNRB",0.0000107,1.358,0.041,0.028,0.2,"EDNRB"
"SLC7A5",0.0000108,-0.428,0.066,0.083,0.201,"SLC7A5"
"QTRT2",0.0000108,0.181,0.233,0.205,0.202,"QTRT2"
"DPP9",0.0000108,0.171,0.205,0.177,0.202,"DPP9"
"EEFSEC",0.0000109,0.137,0.387,0.354,0.203,"EEFSEC"
"RTL5",0.0000109,0.382,0.143,0.122,0.204,"RTL5"
"TMEM68",0.000011,0.228,0.378,0.35,0.204,"TMEM68"
"ENSG00000279794",0.0000111,0.427,0.026,0.017,0.206,"ENSG00000279794"
"EXOC6",0.0000111,0.119,0.708,0.686,0.206,"EXOC6"
"TIPIN",0.0000111,0.126,0.288,0.257,0.206,"TIPIN"
"WWP2",0.0000111,0.164,0.467,0.439,0.207,"WWP2"
"COL8A1",0.0000111,0.829,0.02,0.012,0.207,"COL8A1"
"ZBTB48",0.0000112,0.178,0.142,0.119,0.209,"ZBTB48"
"CCDC30",0.0000113,0.231,0.304,0.275,0.21,"CCDC30"
"CRACD",0.0000113,0.141,0.923,0.902,0.21,"CRACD"
"TLR4",0.0000113,0.387,0.049,0.035,0.21,"TLR4"
"LETM1",0.0000114,0.203,0.292,0.263,0.213,"LETM1"
"RFT1",0.0000114,0.254,0.203,0.177,0.213,"RFT1"
"RABL3",0.0000115,0.182,0.277,0.247,0.214,"RABL3"
"EFL1",0.0000115,0.167,0.428,0.397,0.214,"EFL1"
"HNRNPUL2",0.0000115,0.159,0.482,0.453,0.215,"HNRNPUL2"
"SEPSECS",0.0000116,0.231,0.206,0.18,0.215,"SEPSECS"
"RGMA",0.0000118,0.198,0.446,0.422,0.22,"RGMA"
"GAN",0.0000119,0.164,0.482,0.456,0.221,"GAN"
"RPA1",0.000012,0.183,0.423,0.396,0.223,"RPA1"
"P4HA1",0.000012,-0.621,0.615,0.622,0.223,"P4HA1"
"LDB1",0.000012,0.23,0.328,0.299,0.223,"LDB1"
"PREB",0.000012,0.399,0.13,0.109,0.224,"PREB"
"SHLD2",0.0000121,0.175,0.418,0.391,0.225,"SHLD2"
"ATP1B1",0.0000121,-0.182,0.651,0.681,0.225,"ATP1B1"
"ZNF81",0.0000121,0.262,0.322,0.294,0.225,"ZNF81"
"SMNDC1",0.0000121,0.159,0.507,0.478,0.225,"SMNDC1"
"SLC25A51",0.0000122,0.219,0.393,0.364,0.227,"SLC25A51"
"ATG9A",0.0000122,0.305,0.133,0.111,0.227,"ATG9A"
"POLR2D",0.0000123,0.21,0.339,0.309,0.228,"POLR2D"
"FAM107B",0.0000123,0.194,0.672,0.647,0.229,"FAM107B"
"RUFY1",0.0000124,0.142,0.516,0.487,0.23,"RUFY1"
"MYC",0.0000124,0.406,0.098,0.079,0.231,"MYC"
"PRTG",0.0000124,0.151,0.251,0.222,0.231,"PRTG"
"CAMK2N1",0.0000125,0.215,0.842,0.829,0.232,"CAMK2N1"
"KCNH8",0.0000127,-0.251,0.417,0.443,0.236,"KCNH8"
"BOD1L1",0.0000127,0.119,0.774,0.765,0.237,"BOD1L1"
"MAP2K3",0.0000127,0.353,0.141,0.119,0.237,"MAP2K3"
"CEP41",0.0000127,0.213,0.256,0.227,0.237,"CEP41"
"RSAD1",0.0000127,0.21,0.166,0.14,0.237,"RSAD1"
"CFAP46",0.0000127,0.162,0.119,0.097,0.237,"CFAP46"
"EML6",0.0000128,0.331,0.16,0.136,0.238,"EML6"
"ITSN2",0.0000128,0.137,0.55,0.52,0.238,"ITSN2"
"CLEC2D",0.0000128,0.219,0.24,0.213,0.239,"CLEC2D"
"MDFIC",0.000013,0.201,0.226,0.198,0.241,"MDFIC"
"CYB561D2",0.0000131,0.19,0.172,0.147,0.244,"CYB561D2"
"INTS9",0.0000131,0.23,0.411,0.382,0.244,"INTS9"
"SH3YL1",0.0000132,0.14,0.459,0.429,0.245,"SH3YL1"
"UNC45A",0.0000132,0.206,0.261,0.231,0.245,"UNC45A"
"SLC18B1",0.0000132,0.244,0.253,0.225,0.245,"SLC18B1"
"ASPSCR1",0.0000132,0.238,0.257,0.23,0.246,"ASPSCR1"
"RALB",0.0000134,0.174,0.242,0.213,0.249,"RALB"
"CDK14",0.0000135,0.119,0.852,0.866,0.251,"CDK14"
"CSRNP1",0.0000136,0.473,0.06,0.045,0.252,"CSRNP1"
"EOLA2",0.0000137,0.393,0.082,0.064,0.254,"EOLA2"
"FRMD6",0.0000137,0.358,0.199,0.174,0.254,"FRMD6"
"ZNF140",0.0000137,0.217,0.364,0.334,0.255,"ZNF140"
"SLC38A10",0.0000137,0.163,0.256,0.227,0.255,"SLC38A10"
"NEDD9",0.0000137,0.238,0.33,0.302,0.255,"NEDD9"
"MED21",0.0000137,0.203,0.505,0.481,0.255,"MED21"
"COX11",0.0000137,0.194,0.451,0.422,0.256,"COX11"
"FAM217B",0.0000138,0.175,0.375,0.344,0.257,"FAM217B"
"TRIM16",0.0000138,0.188,0.387,0.358,0.257,"TRIM16"
"SEC63",0.0000138,0.121,0.807,0.8,0.257,"SEC63"
"MRPL46",0.0000139,0.216,0.083,0.066,0.259,"MRPL46"
"KIF21A",0.000014,0.165,0.943,0.943,0.26,"KIF21A"
"PNPLA8",0.000014,0.108,0.648,0.627,0.261,"PNPLA8"
"MEX3A",0.0000141,0.164,0.763,0.748,0.262,"MEX3A"
"FADD",0.0000141,0.343,0.134,0.112,0.263,"FADD"
"PARP14",0.0000141,0.224,0.313,0.284,0.263,"PARP14"
"FAM76B",0.0000143,0.185,0.445,0.418,0.266,"FAM76B"
"SLC25A13",0.0000143,0.174,0.46,0.433,0.266,"SLC25A13"
"CACNG7",0.0000145,0.155,0.495,0.466,0.27,"CACNG7"
"GALC",0.0000145,0.306,0.116,0.096,0.271,"GALC"
"ZNF337",0.0000146,-0.108,0.5,0.533,0.272,"ZNF337"
"SHISA3",0.0000147,0.566,0.044,0.032,0.273,"SHISA3"
"TPRA1",0.0000147,0.19,0.18,0.154,0.273,"TPRA1"
"NUDCD1",0.0000147,0.19,0.337,0.307,0.274,"NUDCD1"
"ADD1",0.0000148,0.112,0.832,0.826,0.275,"ADD1"
"TMEM63C",0.0000148,-0.452,0.05,0.065,0.276,"TMEM63C"
"CCDC96",0.0000149,0.373,0.055,0.041,0.277,"CCDC96"
"THSD4",0.0000149,0.627,0.129,0.109,0.278,"THSD4"
"ZNF331",0.000015,-0.189,0.222,0.25,0.28,"ZNF331"
"TMEM50B",0.0000151,0.147,0.446,0.416,0.281,"TMEM50B"
"ZSCAN29",0.0000152,0.292,0.154,0.131,0.283,"ZSCAN29"
"EPM2AIP1",0.0000154,0.163,0.54,0.514,0.286,"EPM2AIP1"
"TYW1B",0.0000154,0.167,0.378,0.348,0.287,"TYW1B"
"GLRB",0.0000156,0.301,0.079,0.062,0.29,"GLRB"
"C1orf131",0.0000156,0.194,0.36,0.329,0.291,"C1orf131"
"EPHA2",0.0000156,0.528,0.039,0.027,0.291,"EPHA2"
"RNF44",0.0000158,0.259,0.231,0.204,0.295,"RNF44"
"GFM2",0.0000158,0.186,0.347,0.318,0.295,"GFM2"
"RFK",0.0000159,0.147,0.364,0.333,0.295,"RFK"
"BSN",0.0000159,-0.111,0.179,0.207,0.295,"BSN"
"ST6GAL1",0.0000159,-0.552,0.035,0.048,0.295,"ST6GAL1"
"FAM204A",0.0000159,0.12,0.666,0.65,0.296,"FAM204A"
"TRIM47",0.0000159,0.297,0.171,0.147,0.297,"TRIM47"
"ELFN2",0.000016,-0.948,0.007,0.014,0.297,"ELFN2"
"H2AJ",0.000016,0.272,0.173,0.149,0.299,"H2AJ"
"ZFYVE26",0.0000162,0.225,0.29,0.263,0.301,"ZFYVE26"
"UGGT1",0.0000162,0.181,0.465,0.438,0.302,"UGGT1"
"PIGP",0.0000165,0.301,0.225,0.198,0.307,"PIGP"
"FN3KRP",0.0000169,0.236,0.258,0.23,0.314,"FN3KRP"
"CSGALNACT1",0.000017,-0.32,0.107,0.127,0.316,"CSGALNACT1"
"REXO2",0.000017,0.135,0.473,0.442,0.317,"REXO2"
"GSK3A",0.000017,0.181,0.42,0.39,0.317,"GSK3A"
"HSPBAP1",0.000017,0.273,0.198,0.173,0.317,"HSPBAP1"
"GPN3",0.0000172,0.162,0.353,0.325,0.32,"GPN3"
"RAB2B",0.0000172,0.217,0.501,0.475,0.321,"RAB2B"
"GABPA",0.0000173,0.158,0.415,0.385,0.322,"GABPA"
"CDH11",0.0000174,0.215,0.316,0.288,0.323,"CDH11"
"ADAMTS12",0.0000175,0.141,0.15,0.127,0.325,"ADAMTS12"
"PLAAT3",0.0000175,0.188,0.388,0.362,0.326,"PLAAT3"
"DNAJC5",0.0000176,0.154,0.324,0.293,0.327,"DNAJC5"
"ISOC1",0.0000176,0.17,0.203,0.176,0.328,"ISOC1"
"CFAP44",0.0000177,0.213,0.163,0.139,0.33,"CFAP44"
"AKT2",0.0000179,0.168,0.373,0.345,0.333,"AKT2"
"RNF141",0.0000179,0.207,0.387,0.359,0.334,"RNF141"
"MRO",0.000018,-0.44,0.021,0.032,0.334,"MRO"
"OTUD7A",0.000018,0.242,0.394,0.364,0.334,"OTUD7A"
"TECPR2",0.0000181,0.128,0.479,0.447,0.337,"TECPR2"
"MAT2B",0.0000181,0.174,0.364,0.335,0.338,"MAT2B"
"SMIM20",0.0000182,0.152,0.379,0.347,0.339,"SMIM20"
"DCAF5",0.0000183,0.146,0.638,0.614,0.341,"DCAF5"
"EP400",0.0000186,0.134,0.585,0.562,0.346,"EP400"
"CAMK2G",0.0000186,-0.266,0.401,0.427,0.347,"CAMK2G"
"RING1",0.0000187,0.213,0.379,0.349,0.347,"RING1"
"KLF13",0.0000187,0.149,0.558,0.533,0.348,"KLF13"
"SH3BP4",0.0000187,0.318,0.296,0.271,0.348,"SH3BP4"
"KCNA3",0.0000187,0.434,0.161,0.139,0.348,"KCNA3"
"LARP1B",0.0000187,0.155,0.569,0.546,0.349,"LARP1B"
"MTHFS",0.0000188,0.234,0.21,0.183,0.349,"MTHFS"
"CHST7",0.0000189,0.191,0.105,0.086,0.352,"CHST7"
"DPY19L4",0.0000189,0.138,0.418,0.387,0.352,"DPY19L4"
"CDK20",0.000019,0.318,0.066,0.05,0.354,"CDK20"
"SEPTIN5",0.0000191,-0.178,0.192,0.218,0.356,"SEPTIN5"
"KLHDC3",0.0000191,0.201,0.451,0.424,0.356,"KLHDC3"
"EIF4A2",0.0000193,0.105,0.918,0.917,0.359,"EIF4A2"
"DPY19L3",0.0000194,0.189,0.49,0.465,0.361,"DPY19L3"
"ATPAF2",0.0000195,0.183,0.298,0.268,0.362,"ATPAF2"
"MRPL21",0.0000196,0.153,0.522,0.496,0.365,"MRPL21"
"ACTR1A",0.0000196,0.211,0.525,0.502,0.365,"ACTR1A"
"USP12",0.0000197,0.145,0.501,0.472,0.367,"USP12"
"CAB39",0.0000198,0.144,0.672,0.653,0.368,"CAB39"
"TADA2B",0.0000199,0.241,0.154,0.131,0.37,"TADA2B"
"RANBP3L",2e-05,-0.32,0.185,0.209,0.372,"RANBP3L"
"IFRD2",0.0000201,0.187,0.181,0.156,0.374,"IFRD2"
"SLC44A3",0.0000201,-0.299,0.13,0.152,0.375,"SLC44A3"
"ESRRB",0.0000204,1.068,0.027,0.018,0.379,"ESRRB"
"MECP2",0.0000204,0.133,0.639,0.612,0.38,"MECP2"
"ISG20",0.0000205,0.979,0.028,0.018,0.381,"ISG20"
"WDR48",0.0000205,0.162,0.595,0.574,0.382,"WDR48"
"CIB2",0.0000205,0.29,0.216,0.192,0.382,"CIB2"
"TAFA3",0.0000207,1.073,0.019,0.011,0.386,"TAFA3"
"MAPRE3",0.0000208,0.2,0.342,0.311,0.387,"MAPRE3"
"POLR3D",0.0000208,0.225,0.224,0.198,0.388,"POLR3D"
"ARMCX2",0.0000209,0.223,0.206,0.181,0.39,"ARMCX2"
"MAPKAPK3",0.000021,0.236,0.131,0.109,0.39,"MAPKAPK3"
"DAPK1",0.000021,0.33,0.763,0.754,0.39,"DAPK1"
"TAF9B",0.000021,0.249,0.217,0.19,0.391,"TAF9B"
"ARHGAP35",0.0000211,0.102,0.762,0.751,0.392,"ARHGAP35"
"IDH3A",0.0000211,0.229,0.321,0.294,0.393,"IDH3A"
"THOC6",0.0000213,0.276,0.199,0.174,0.396,"THOC6"
"CENATAC",0.0000214,0.212,0.422,0.397,0.398,"CENATAC"
"TMEM121",0.0000215,0.213,0.189,0.164,0.4,"TMEM121"
"CDK17",0.0000217,0.108,0.737,0.711,0.404,"CDK17"
"U2AF1L4",0.0000217,0.29,0.13,0.108,0.405,"U2AF1L4"
"YJU2B",0.0000218,0.158,0.366,0.336,0.405,"YJU2B"
"COMMD2",0.0000218,0.156,0.645,0.629,0.405,"COMMD2"
"TM7SF3",0.0000219,0.103,0.51,0.479,0.408,"TM7SF3"
"ATP5PO",0.0000221,0.102,0.877,0.871,0.411,"ATP5PO"
"CEMIP",0.0000222,0.681,0.124,0.103,0.414,"CEMIP"
"GPR146",0.0000223,-0.938,0.015,0.024,0.415,"GPR146"
"LARP1",0.0000224,0.129,0.671,0.659,0.416,"LARP1"
"ALG13",0.0000224,0.156,0.624,0.606,0.417,"ALG13"
"DIS3",0.0000227,0.131,0.477,0.448,0.422,"DIS3"
"TBPL1",0.0000227,0.198,0.423,0.396,0.423,"TBPL1"
"ALG3",0.0000228,0.17,0.127,0.106,0.423,"ALG3"
"AKR1C2",0.0000229,-0.208,0.025,0.036,0.426,"AKR1C2"
"TEFM",0.0000229,0.184,0.393,0.364,0.426,"TEFM"
"PLEKHM3",0.000023,0.212,0.413,0.381,0.427,"PLEKHM3"
"YIPF5",0.000023,0.189,0.429,0.401,0.428,"YIPF5"
"METTL21A",0.0000231,0.188,0.41,0.382,0.43,"METTL21A"
"KCNQ1",0.0000232,0.595,0.067,0.052,0.432,"KCNQ1"
"C17orf75",0.0000233,0.192,0.332,0.303,0.433,"C17orf75"
"TMEM65",0.0000233,-0.331,0.467,0.493,0.433,"TMEM65"
"HIVEP3",0.0000233,0.345,0.537,0.52,0.434,"HIVEP3"
"RBMX2",0.0000233,0.162,0.548,0.524,0.434,"RBMX2"
"DNM1L",0.0000234,0.11,0.767,0.749,0.436,"DNM1L"
"CYREN",0.0000235,0.151,0.354,0.325,0.436,"CYREN"
"AJUBA",0.0000235,0.449,0.065,0.05,0.437,"AJUBA"
"CREG1",0.0000235,-0.341,0.136,0.158,0.437,"CREG1"
"IDH3G",0.0000236,0.189,0.394,0.366,0.439,"IDH3G"
"JMJD8",0.0000237,0.294,0.136,0.115,0.441,"JMJD8"
"TCFL5",0.0000237,0.246,0.268,0.241,0.441,"TCFL5"
"DYRK1B",0.0000237,0.225,0.213,0.187,0.441,"DYRK1B"
"UBA3",0.0000237,0.138,0.586,0.561,0.442,"UBA3"
"ZNF600",0.0000238,0.362,0.041,0.029,0.444,"ZNF600"
"C20orf203",0.0000239,-0.802,0.013,0.022,0.444,"C20orf203"
"TSHR",0.0000241,-0.1,0.09,0.11,0.448,"TSHR"
"SLC9B2",0.0000241,-0.195,0.189,0.214,0.449,"SLC9B2"
"KANK2",0.0000241,0.425,0.098,0.08,0.449,"KANK2"
"LPCAT2",0.0000242,0.489,0.053,0.039,0.45,"LPCAT2"
"KLHL24",0.0000242,0.183,0.709,0.694,0.45,"KLHL24"
"RALBP1",0.0000242,0.138,0.583,0.564,0.451,"RALBP1"
"ACBD3",0.0000243,0.122,0.571,0.553,0.453,"ACBD3"
"HSF1",0.0000244,0.206,0.321,0.291,0.454,"HSF1"
"GPR176",0.0000246,0.434,0.018,0.01,0.458,"GPR176"
"MBD2",0.0000248,0.24,0.546,0.522,0.463,"MBD2"
"LONP2",0.0000249,0.12,0.704,0.688,0.464,"LONP2"
"NUDT6",0.0000249,0.214,0.193,0.169,0.464,"NUDT6"
"HS1BP3",0.000025,0.19,0.146,0.123,0.465,"HS1BP3"
"WSCD1",0.000025,0.296,0.303,0.277,0.466,"WSCD1"
"RAB38",0.0000251,0.482,0.063,0.048,0.466,"RAB38"
"TLE4",0.0000252,0.352,0.279,0.254,0.468,"TLE4"
"SERTAD2",0.0000252,-0.158,0.277,0.305,0.469,"SERTAD2"
"INO80B",0.0000252,0.33,0.115,0.096,0.47,"INO80B"
"KIF16B",0.0000253,0.202,0.184,0.16,0.47,"KIF16B"
"UBE2J2",0.0000256,0.157,0.462,0.435,0.477,"UBE2J2"
"HSD17B1",0.0000257,0.409,0.055,0.041,0.477,"HSD17B1"
"USP25",0.0000257,0.17,0.562,0.535,0.477,"USP25"
"EFR3A",0.0000257,0.154,0.392,0.366,0.478,"EFR3A"
"CLUH",0.0000257,0.276,0.115,0.095,0.479,"CLUH"
"GJB6",0.0000258,-0.583,0.01,0.018,0.48,"GJB6"
"ISG20L2",0.0000259,0.183,0.247,0.22,0.482,"ISG20L2"
"TMEM161A",0.0000259,0.242,0.193,0.168,0.482,"TMEM161A"
"DOCK9",0.0000261,-0.398,0.068,0.085,0.486,"DOCK9"
"MTFR1L",0.0000261,0.216,0.332,0.304,0.486,"MTFR1L"
"SLC26A2",0.0000261,0.237,0.192,0.168,0.487,"SLC26A2"
"MRPL45",0.0000262,0.215,0.288,0.262,0.487,"MRPL45"
"TPST2",0.0000262,0.261,0.17,0.146,0.488,"TPST2"
"POLR3H",0.0000263,0.177,0.27,0.242,0.49,"POLR3H"
"SYNJ2BP",0.0000264,0.187,0.361,0.33,0.492,"SYNJ2BP"
"ZYG11B",0.0000264,0.113,0.722,0.704,0.492,"ZYG11B"
"SCAMP3",0.0000265,0.23,0.29,0.262,0.494,"SCAMP3"
"ECPAS",0.0000265,0.137,0.538,0.518,0.494,"ECPAS"
"BNIP2",0.0000266,0.112,0.548,0.525,0.494,"BNIP2"
"FBN1",0.0000266,0.232,0.167,0.144,0.494,"FBN1"
"PRICKLE2",0.0000266,0.196,0.27,0.242,0.495,"PRICKLE2"
"DMTF1",0.0000267,0.172,0.68,0.66,0.497,"DMTF1"
"PRDM5",0.0000267,0.147,0.275,0.246,0.498,"PRDM5"
"DNTTIP1",0.000027,0.191,0.377,0.349,0.503,"DNTTIP1"
"IAPP",0.000027,-0.684,0.018,0.028,0.503,"IAPP"
"MAN1A1",0.0000271,0.317,0.151,0.13,0.504,"MAN1A1"
"TSPAN13",0.0000272,-0.546,0.081,0.098,0.506,"TSPAN13"
"SPIN2B",0.0000272,0.281,0.16,0.138,0.507,"SPIN2B"
"ZC3HAV1",0.0000272,0.196,0.285,0.257,0.507,"ZC3HAV1"
"TSPAN4",0.0000273,0.235,0.198,0.173,0.507,"TSPAN4"
"SPOPL",0.0000273,0.192,0.445,0.418,0.508,"SPOPL"
"URB2",0.0000274,0.212,0.133,0.112,0.511,"URB2"
"IPO4",0.0000275,0.35,0.063,0.048,0.512,"IPO4"
"TRIT1",0.0000275,0.194,0.436,0.409,0.512,"TRIT1"
"INHBB",0.0000276,-0.203,0.1,0.12,0.514,"INHBB"
"PNMA8C",0.0000277,0.387,0.073,0.057,0.515,"PNMA8C"
"FBXO46",0.0000279,0.317,0.185,0.161,0.519,"FBXO46"
"MCCC2",0.000028,0.158,0.302,0.272,0.521,"MCCC2"
"TCEANC2",0.000028,0.238,0.145,0.123,0.522,"TCEANC2"
"DTX3L",0.0000282,0.276,0.13,0.11,0.525,"DTX3L"
"PRXL2C",0.0000284,0.256,0.209,0.185,0.529,"PRXL2C"
"SNAP29",0.0000285,0.224,0.376,0.349,0.53,"SNAP29"
"NAB1",0.0000285,0.215,0.39,0.365,0.531,"NAB1"
"MORN4",0.0000287,0.181,0.292,0.264,0.535,"MORN4"
"CDON",0.0000288,0.291,0.196,0.172,0.537,"CDON"
"FSBP",0.0000289,0.273,0.154,0.131,0.537,"FSBP"
"RANBP17",0.0000289,0.237,0.574,0.56,0.537,"RANBP17"
"IRF2BP2",0.0000289,0.167,0.628,0.609,0.539,"IRF2BP2"
"TOE1",0.000029,0.296,0.115,0.096,0.539,"TOE1"
"ZNF875",0.000029,0.142,0.397,0.367,0.541,"ZNF875"
"TRIM22",0.0000291,0.234,0.101,0.082,0.541,"TRIM22"
"TMEM217",0.0000291,0.573,0.045,0.033,0.541,"TMEM217"
"SLC9A7",0.0000292,0.367,0.148,0.127,0.543,"SLC9A7"
"KANK1",0.0000293,0.291,0.389,0.364,0.545,"KANK1"
"SRSF7",0.0000294,0.111,0.83,0.838,0.548,"SRSF7"
"ADNP2",0.0000296,0.131,0.495,0.465,0.551,"ADNP2"
"EEF1AKMT4",0.0000297,0.643,0.023,0.014,0.553,"EEF1AKMT4"
"PLCH2",0.0000298,-1.289,0.004,0.01,0.555,"PLCH2"
"ERMAP",0.0000301,0.169,0.125,0.104,0.559,"ERMAP"
"AGO2",0.0000301,0.134,0.687,0.678,0.56,"AGO2"
"TIMM29",0.0000301,0.23,0.3,0.272,0.56,"TIMM29"
"IQCH",0.0000301,0.343,0.172,0.149,0.561,"IQCH"
"NTSR2",0.0000302,-0.447,0.007,0.014,0.563,"NTSR2"
"REPS2",0.0000303,0.362,0.211,0.188,0.564,"REPS2"
"WSB2",0.0000304,0.173,0.604,0.584,0.565,"WSB2"
"NFIC",0.0000304,0.173,0.53,0.513,0.566,"NFIC"
"ATPAF1",0.0000304,0.17,0.478,0.451,0.566,"ATPAF1"
"SLC16A7",0.0000305,-0.265,0.076,0.094,0.568,"SLC16A7"
"GDF15",0.0000307,0.839,0.029,0.019,0.571,"GDF15"
"TMEM63B",0.0000307,0.181,0.318,0.288,0.572,"TMEM63B"
"ZNF395",0.0000308,-0.366,0.108,0.128,0.573,"ZNF395"
"MTRR",0.000031,0.179,0.208,0.183,0.577,"MTRR"
"NOTCH3",0.0000314,0.19,0.222,0.197,0.584,"NOTCH3"
"FUOM",0.0000316,0.538,0.053,0.039,0.587,"FUOM"
"THEGL",0.0000318,1.105,0.013,0.007,0.591,"THEGL"
"ARL13B",0.000032,0.142,0.579,0.556,0.595,"ARL13B"
"NSMCE1",0.000032,0.304,0.232,0.208,0.595,"NSMCE1"
"PMPCA",0.0000323,0.143,0.285,0.256,0.601,"PMPCA"
"EEF1AKMT1",0.0000323,0.19,0.246,0.219,0.601,"EEF1AKMT1"
"KEL",0.0000323,-0.707,0.012,0.019,0.601,"KEL"
"TAF8",0.0000325,0.26,0.207,0.182,0.606,"TAF8"
"PYGO2",0.0000326,0.28,0.137,0.116,0.606,"PYGO2"
"BZW2",0.0000326,0.146,0.441,0.408,0.608,"BZW2"
"SMC6",0.0000328,0.123,0.521,0.495,0.61,"SMC6"
"ARFGEF2",0.0000328,0.147,0.45,0.424,0.611,"ARFGEF2"
"SH3D21",0.000033,-0.524,0.032,0.044,0.614,"SH3D21"
"NAXE",0.000033,0.155,0.461,0.431,0.614,"NAXE"
"PPAT",0.0000331,0.239,0.376,0.353,0.617,"PPAT"
"USP10",0.0000332,0.12,0.657,0.646,0.619,"USP10"
"PYCR1",0.0000333,0.243,0.156,0.133,0.62,"PYCR1"
"DDX20",0.0000335,0.384,0.233,0.209,0.624,"DDX20"
"IFNGR1",0.0000337,0.154,0.393,0.363,0.627,"IFNGR1"
"SWAP70",0.0000338,0.266,0.258,0.233,0.63,"SWAP70"
"SNX13",0.0000341,0.155,0.643,0.623,0.635,"SNX13"
"FASTKD5",0.0000342,0.39,0.129,0.109,0.637,"FASTKD5"
"SRF",0.0000343,0.272,0.175,0.151,0.639,"SRF"
"IQCJ-SCHIP1",0.0000344,0.707,0.092,0.075,0.639,"IQCJ-SCHIP1"
"SP1",0.0000344,0.191,0.368,0.341,0.64,"SP1"
"ARID1A",0.0000345,0.108,0.846,0.84,0.642,"ARID1A"
"MIF4GD",0.0000347,0.201,0.263,0.236,0.646,"MIF4GD"
"SPRTN",0.0000349,0.226,0.291,0.265,0.649,"SPRTN"
"BCAS2",0.000035,0.145,0.556,0.529,0.652,"BCAS2"
"DCBLD2",0.0000353,0.163,0.568,0.545,0.656,"DCBLD2"
"ROBO1",0.0000353,0.224,0.731,0.711,0.658,"ROBO1"
"PACSIN2",0.0000354,0.188,0.456,0.431,0.658,"PACSIN2"
"EPHB3",0.0000355,0.598,0.041,0.029,0.661,"EPHB3"
"FARSA",0.0000356,0.223,0.271,0.245,0.663,"FARSA"
"TXNDC5",0.0000356,0.24,0.212,0.187,0.663,"TXNDC5"
"SARS2",0.0000356,0.395,0.072,0.056,0.663,"SARS2"
"ERI1",0.0000359,0.195,0.321,0.296,0.669,"ERI1"
"PPP2R5B",0.000036,0.315,0.145,0.124,0.669,"PPP2R5B"
"ITPRIP",0.000036,0.233,0.12,0.1,0.67,"ITPRIP"
"VEZT",0.0000361,0.11,0.885,0.877,0.672,"VEZT"
"HECW2",0.0000361,-0.286,0.108,0.128,0.672,"HECW2"
"METTL23",0.0000363,0.212,0.288,0.262,0.675,"METTL23"
"FAM184B",0.0000363,-0.363,0.127,0.148,0.675,"FAM184B"
"JOSD2",0.0000363,0.193,0.207,0.18,0.676,"JOSD2"
"SNX10",0.0000365,-0.693,0.017,0.027,0.679,"SNX10"
"GPC2",0.0000366,0.215,0.435,0.409,0.68,"GPC2"
"SIRT7",0.0000366,0.171,0.202,0.177,0.682,"SIRT7"
"CNNM1",0.0000369,-0.794,0.009,0.015,0.686,"CNNM1"
"PREPL",0.000037,0.1,0.569,0.548,0.689,"PREPL"
"LRWD1",0.000037,0.224,0.185,0.161,0.689,"LRWD1"
"PM20D2",0.0000373,0.194,0.347,0.319,0.695,"PM20D2"
"AP3S2",0.0000374,0.204,0.176,0.152,0.696,"AP3S2"
"MTPAP",0.0000376,0.227,0.235,0.209,0.701,"MTPAP"
"FOCAD",0.0000377,0.137,0.645,0.624,0.701,"FOCAD"
"KCNIP1",0.0000377,0.296,0.097,0.117,0.702,"KCNIP1"
"TRIP11",0.0000377,0.13,0.663,0.643,0.702,"TRIP11"
"IQSEC2",0.0000377,0.354,0.14,0.119,0.702,"IQSEC2"
"FBXL12",0.0000378,0.234,0.241,0.215,0.703,"FBXL12"
"C12orf73",0.0000378,0.16,0.361,0.333,0.704,"C12orf73"
"TBC1D10B",0.0000379,0.285,0.221,0.196,0.705,"TBC1D10B"
"KYAT3",0.000038,0.148,0.445,0.418,0.707,"KYAT3"
"BNIP1",0.000038,0.27,0.212,0.187,0.707,"BNIP1"
"ABHD4",0.000038,0.223,0.159,0.137,0.707,"ABHD4"
"AP3D1",0.000038,0.164,0.487,0.464,0.708,"AP3D1"
"C16orf95",0.000038,0.239,0.163,0.139,0.708,"C16orf95"
"BRIX1",0.0000385,0.149,0.39,0.362,0.717,"BRIX1"
"EMG1",0.0000385,0.234,0.235,0.209,0.717,"EMG1"
"MTFMT",0.0000386,0.115,0.299,0.27,0.719,"MTFMT"
"PTGR3",0.000039,0.314,0.276,0.252,0.726,"PTGR3"
"ZNF281",0.0000391,0.231,0.421,0.396,0.727,"ZNF281"
"ATP6V1B2",0.0000391,0.204,0.4,0.375,0.728,"ATP6V1B2"
"GABRB3",0.0000392,0.23,0.364,0.337,0.729,"GABRB3"
"DNAJB4",0.0000392,0.146,0.224,0.197,0.729,"DNAJB4"
"SPAG1",0.0000393,0.143,0.289,0.261,0.731,"SPAG1"
"TMLHE",0.0000393,0.17,0.46,0.434,0.731,"TMLHE"
"GPRC5C",0.0000396,-1.185,0.004,0.01,0.736,"GPRC5C"
"ZNF507",0.0000396,0.171,0.344,0.317,0.737,"ZNF507"
"CRADD",0.0000398,0.231,0.505,0.477,0.741,"CRADD"
"ZNF655",0.0000399,0.149,0.449,0.422,0.743,"ZNF655"
"AIDA",0.0000399,0.168,0.507,0.483,0.743,"AIDA"
"TMEM69",0.0000401,0.185,0.23,0.204,0.746,"TMEM69"
"METTL25",0.0000402,0.157,0.323,0.294,0.749,"METTL25"
"HAP1",0.0000403,0.209,0.123,0.104,0.75,"HAP1"
"PIWIL2",0.0000404,-0.614,0.01,0.017,0.752,"PIWIL2"
"LGALS8",0.0000404,0.298,0.17,0.147,0.753,"LGALS8"
"DXO",0.0000406,0.413,0.089,0.072,0.756,"DXO"
"TCTN3",0.0000407,0.157,0.369,0.34,0.758,"TCTN3"
"RRAGC",0.0000407,0.186,0.416,0.391,0.758,"RRAGC"
"TRRAP",0.000041,0.17,0.656,0.64,0.763,"TRRAP"
"UHRF1",0.0000411,0.242,0.154,0.132,0.765,"UHRF1"
"TMTC3",0.0000414,0.177,0.378,0.352,0.77,"TMTC3"
"SPA17",0.0000415,0.198,0.196,0.172,0.773,"SPA17"
"B3GNT5",0.000042,0.172,0.337,0.309,0.781,"B3GNT5"
"ERCC8",0.000042,0.124,0.508,0.478,0.782,"ERCC8"
"POLR2M",0.0000423,0.219,0.291,0.264,0.788,"POLR2M"
"PPT2",0.0000426,0.345,0.078,0.062,0.793,"PPT2"
"TEX26",0.0000427,-0.28,0.039,0.052,0.795,"TEX26"
"B4GALNT3",0.0000427,0.536,0.038,0.027,0.796,"B4GALNT3"
"PPM1A",0.0000428,0.171,0.564,0.542,0.797,"PPM1A"
"ETNK2",0.0000428,0.367,0.069,0.053,0.797,"ETNK2"
"ZDHHC20",0.0000433,0.122,0.639,0.618,0.805,"ZDHHC20"
"ORC3",0.0000433,0.111,0.471,0.44,0.806,"ORC3"
"ARHGEF2",0.0000435,0.258,0.414,0.392,0.809,"ARHGEF2"
"ANKRD45",0.0000437,0.303,0.062,0.048,0.812,"ANKRD45"
"ILKAP",0.0000438,0.177,0.527,0.509,0.816,"ILKAP"
"PTGDS",0.0000442,-0.922,0.075,0.092,0.822,"PTGDS"
"PMP2",0.0000442,0.157,0.539,0.511,0.823,"PMP2"
"EDNRA",0.0000443,-0.206,0.059,0.075,0.825,"EDNRA"
"EXOC1",0.0000444,0.116,0.656,0.634,0.826,"EXOC1"
"TTC38",0.0000444,0.199,0.118,0.098,0.827,"TTC38"
"MRPL38",0.0000444,0.215,0.371,0.346,0.827,"MRPL38"
"ZMYM3",0.0000446,0.285,0.218,0.195,0.83,"ZMYM3"
"ACSL4",0.0000452,0.126,0.577,0.556,0.841,"ACSL4"
"HEXIM1",0.0000454,0.152,0.274,0.247,0.845,"HEXIM1"
"PAF1",0.0000455,0.238,0.289,0.263,0.848,"PAF1"
"ASRGL1",0.0000457,0.165,0.562,0.544,0.851,"ASRGL1"
"EFNA4",0.0000459,0.369,0.089,0.072,0.855,"EFNA4"
"CCDC141",0.0000465,-1.045,0.005,0.01,0.865,"CCDC141"
"PKDCC",0.0000467,0.522,0.039,0.027,0.87,"PKDCC"
"SNAPC1",0.000047,0.154,0.368,0.341,0.874,"SNAPC1"
"PUSL1",0.0000471,0.301,0.105,0.087,0.877,"PUSL1"
"COPS7A",0.0000471,0.211,0.272,0.246,0.877,"COPS7A"
"NINJ1",0.0000477,0.282,0.195,0.172,0.888,"NINJ1"
"KHDRBS3",0.0000477,0.453,0.174,0.151,0.889,"KHDRBS3"
"RARS1",0.000048,0.111,0.491,0.463,0.893,"RARS1"
"DCUN1D2",0.000048,0.212,0.29,0.263,0.893,"DCUN1D2"
"NCKAP5L",0.0000481,0.212,0.294,0.267,0.895,"NCKAP5L"
"AREL1",0.0000482,0.229,0.327,0.301,0.897,"AREL1"
"LDB2",0.0000485,-0.153,0.398,0.421,0.902,"LDB2"
"SLC25A24",0.0000485,0.152,0.415,0.387,0.904,"SLC25A24"
"ANGEL2",0.0000486,0.195,0.441,0.416,0.904,"ANGEL2"
"CISD3",0.0000487,0.215,0.168,0.145,0.906,"CISD3"
"SECISBP2L",0.0000489,0.13,0.686,0.672,0.91,"SECISBP2L"
"HUS1",0.0000492,0.204,0.202,0.178,0.915,"HUS1"
"C16orf46",0.0000495,0.219,0.083,0.067,0.921,"C16orf46"
"LRR1",0.0000501,0.237,0.233,0.209,0.932,"LRR1"
"NCAPD3",0.0000504,0.125,0.401,0.371,0.937,"NCAPD3"
"CEP126",0.0000504,0.25,0.236,0.212,0.938,"CEP126"
"PIANP",0.0000504,0.255,0.248,0.223,0.939,"PIANP"
"MTREX",0.0000507,0.138,0.623,0.605,0.944,"MTREX"
"ATF4",0.000051,0.162,0.48,0.455,0.949,"ATF4"
"SERPINE1",0.000051,0.904,0.036,0.026,0.95,"SERPINE1"
"RETREG1",0.000051,0.102,0.372,0.342,0.95,"RETREG1"
"ZBTB1",0.0000511,0.156,0.57,0.549,0.951,"ZBTB1"
"HEBP1",0.0000513,0.196,0.316,0.291,0.955,"HEBP1"
"EIPR1",0.0000513,0.146,0.466,0.442,0.955,"EIPR1"
"ATP13A1",0.0000514,0.252,0.11,0.091,0.957,"ATP13A1"
"ARMC8",0.0000515,0.122,0.714,0.695,0.958,"ARMC8"
"ZFC3H1",0.0000516,0.14,0.535,0.514,0.96,"ZFC3H1"
"ZNF432",0.0000518,0.214,0.338,0.312,0.963,"ZNF432"
"IMPG2",0.0000518,0.328,0.127,0.107,0.964,"IMPG2"
"TMEM232",0.0000519,0.199,0.399,0.37,0.965,"TMEM232"
"SHISA6",0.000052,-0.299,0.166,0.187,0.967,"SHISA6"
"EIF2B2",0.0000524,0.241,0.277,0.251,0.975,"EIF2B2"
"LPAR1",0.0000524,-0.474,0.114,0.133,0.976,"LPAR1"
"KIF7",0.0000525,0.188,0.247,0.22,0.977,"KIF7"
"MRPS9",0.0000526,0.145,0.441,0.414,0.979,"MRPS9"
"RPRD1B",0.0000528,0.142,0.412,0.385,0.983,"RPRD1B"
"UNC119B",0.0000528,0.245,0.189,0.165,0.983,"UNC119B"
"DHRSX",0.0000531,0.252,0.218,0.194,0.988,"DHRSX"
"AP4S1",0.0000531,0.175,0.34,0.312,0.988,"AP4S1"
"ZBTB2",0.0000531,0.2,0.175,0.152,0.989,"ZBTB2"
"PNPLA3",0.0000535,0.215,0.089,0.072,0.996,"PNPLA3"
"TAFA5",0.0000535,-0.223,0.381,0.402,0.997,"TAFA5"
"EIF4E3",0.0000538,0.244,0.109,0.09,1,"EIF4E3"
"ETV2",0.0000539,0.519,0.049,0.036,1,"ETV2"
"ARV1",0.0000541,0.244,0.271,0.246,1,"ARV1"
"BAK1",0.0000545,0.414,0.067,0.053,1,"BAK1"
"STK40",0.0000545,0.228,0.3,0.273,1,"STK40"
"ZSCAN16",0.0000546,0.298,0.16,0.138,1,"ZSCAN16"
"PPIH",0.0000548,0.176,0.412,0.384,1,"PPIH"
"ACVR2A",0.000055,-0.282,0.564,0.583,1,"ACVR2A"
"JADE3",0.000055,0.159,0.281,0.253,1,"JADE3"
"MAP2K7",0.0000552,0.246,0.241,0.215,1,"MAP2K7"
"ELP5",0.0000554,0.182,0.35,0.32,1,"ELP5"
"TBC1D20",0.0000556,0.207,0.365,0.338,1,"TBC1D20"
"PEAK3",0.0000561,-0.886,0.007,0.014,1,"PEAK3"
"CWC22",0.0000563,0.17,0.409,0.38,1,"CWC22"
"UPF1",0.0000564,0.214,0.306,0.279,1,"UPF1"
"TC2N",0.0000568,0.369,0.09,0.073,1,"TC2N"
"MARCHF8",0.0000571,0.205,0.351,0.326,1,"MARCHF8"
"DGCR2",0.0000573,0.152,0.496,0.467,1,"DGCR2"
"TESK1",0.0000579,0.349,0.132,0.112,1,"TESK1"
"FAM174B",0.000058,-0.418,0.221,0.245,1,"FAM174B"
"INSL6",0.000058,0.362,0.085,0.069,1,"INSL6"
"RND1",0.0000584,-0.509,0.057,0.071,1,"RND1"
"C1QTNF1",0.0000585,0.571,0.075,0.06,1,"C1QTNF1"
"PLEKHM2",0.0000589,0.156,0.439,0.408,1,"PLEKHM2"
"NAPRT",0.0000591,0.337,0.145,0.125,1,"NAPRT"
"SRPK1",0.0000593,0.145,0.658,0.645,1,"SRPK1"
"PARD6B",0.0000594,0.169,0.212,0.187,1,"PARD6B"
"ZNF599",0.0000595,0.296,0.112,0.093,1,"ZNF599"
"SLC22A1",0.0000596,0.601,0.027,0.018,1,"SLC22A1"
"TRIM56",0.0000596,0.327,0.185,0.163,1,"TRIM56"
"EML4",0.0000596,0.157,0.477,0.454,1,"EML4"
"BOLA2B",0.0000597,0.421,0.047,0.035,1,"BOLA2B"
"KLRG1",0.0000598,0.306,0.213,0.19,1,"KLRG1"
"MAPK12",0.0000598,0.24,0.164,0.142,1,"MAPK12"
"DNMT3A",6e-05,0.157,0.528,0.5,1,"DNMT3A"
"KRI1",0.0000601,0.326,0.164,0.143,1,"KRI1"
"SLC20A1",0.0000603,0.143,0.336,0.308,1,"SLC20A1"
"CABP1",0.0000606,-0.953,0.008,0.014,1,"CABP1"
"PKD2L2",0.0000606,0.184,0.115,0.096,1,"PKD2L2"
"ENSG00000279670",0.000061,0.399,0.053,0.04,1,"ENSG00000279670"
"DNAJC1",0.0000612,0.171,0.578,0.558,1,"DNAJC1"
"DLG5",0.0000612,0.135,0.535,0.512,1,"DLG5"
"SIRT2",0.0000615,0.207,0.43,0.401,1,"SIRT2"
"SCRN2",0.0000617,0.285,0.163,0.141,1,"SCRN2"
"LRATD1",0.0000617,0.236,0.155,0.134,1,"LRATD1"
"SDK2",0.0000622,-0.405,0.304,0.325,1,"SDK2"
"CCND3",0.0000623,0.175,0.178,0.155,1,"CCND3"
"CCDC186",0.0000624,0.146,0.344,0.314,1,"CCDC186"
"DCTPP1",0.0000627,0.201,0.299,0.273,1,"DCTPP1"
"RNASEH1",0.0000634,0.202,0.282,0.254,1,"RNASEH1"
"INTS5",0.0000634,0.286,0.151,0.129,1,"INTS5"
"TAPBP",0.0000635,0.174,0.277,0.25,1,"TAPBP"
"C2orf76",0.000064,0.165,0.35,0.326,1,"C2orf76"
"CAMK2N2",0.0000641,0.346,0.103,0.085,1,"CAMK2N2"
"TASOR",0.0000642,0.129,0.626,0.601,1,"TASOR"
"NPPA",0.0000644,0.332,0.087,0.071,1,"NPPA"
"TRAPPC2",0.0000645,0.154,0.309,0.282,1,"TRAPPC2"
"NUP210L",0.0000646,-0.404,0.062,0.077,1,"NUP210L"
"NXPH4",0.0000648,-0.592,0.009,0.015,1,"NXPH4"
"KIAA0232",0.0000648,0.104,0.784,0.771,1,"KIAA0232"
"SNURF",0.0000649,0.466,0.093,0.077,1,"SNURF"
"NRG4",0.0000653,0.49,0.059,0.046,1,"NRG4"
"FNTA",0.0000655,0.146,0.573,0.55,1,"FNTA"
"TET3",0.0000657,0.156,0.697,0.683,1,"TET3"
"HSDL1",0.0000661,0.191,0.396,0.368,1,"HSDL1"
"ZNF22",0.0000662,0.122,0.703,0.694,1,"ZNF22"
"C16orf91",0.0000663,0.186,0.274,0.248,1,"C16orf91"
"DYNC1LI1",0.0000666,0.127,0.668,0.654,1,"DYNC1LI1"
"TLNRD1",0.0000668,0.271,0.155,0.134,1,"TLNRD1"
"GSTK1",0.0000672,0.211,0.272,0.247,1,"GSTK1"
"SFSWAP",0.0000673,0.15,0.615,0.597,1,"SFSWAP"
"DUSP11",0.0000675,0.167,0.324,0.296,1,"DUSP11"
"PPP1R15B",0.0000676,0.156,0.465,0.438,1,"PPP1R15B"
"GNPAT",0.0000676,0.144,0.496,0.47,1,"GNPAT"
"HDAC4",0.0000679,0.175,0.661,0.635,1,"HDAC4"
"NCBP1",0.0000681,0.12,0.449,0.421,1,"NCBP1"
"ZNF708",0.0000684,0.174,0.607,0.592,1,"ZNF708"
"ZC3H6",0.0000687,-0.179,0.455,0.483,1,"ZC3H6"
"FKBP7",0.0000687,0.267,0.184,0.161,1,"FKBP7"
"IKBKB",0.0000688,0.214,0.29,0.263,1,"IKBKB"
"ZNF587B",0.0000694,0.407,0.058,0.045,1,"ZNF587B"
"PTDSS1",0.0000695,0.217,0.214,0.189,1,"PTDSS1"
"NXT1",0.0000695,0.204,0.342,0.315,1,"NXT1"
"ETAA1",0.0000696,0.189,0.21,0.186,1,"ETAA1"
"FYB2",7e-05,-0.931,0.005,0.011,1,"FYB2"
"SLC5A3",7e-05,0.233,0.295,0.27,1,"SLC5A3"
"AMN1",7e-05,-0.118,0.288,0.316,1,"AMN1"
"OGT",0.0000701,0.157,0.583,0.56,1,"OGT"
"FAM219A",0.0000701,0.14,0.462,0.435,1,"FAM219A"
"RBM19",0.0000702,0.2,0.246,0.22,1,"RBM19"
"ANXA2R",0.0000702,0.599,0.026,0.017,1,"ANXA2R"
"KLHL18",0.0000706,0.169,0.35,0.322,1,"KLHL18"
"PSPC1",0.0000707,0.113,0.792,0.784,1,"PSPC1"
"YPEL2",0.0000707,0.286,0.12,0.101,1,"YPEL2"
"YRDC",0.0000711,0.251,0.252,0.227,1,"YRDC"
"ENSG00000214558",0.0000715,0.516,0.02,0.013,1,"ENSG00000214558"
"FAM221A",0.0000718,0.284,0.14,0.119,1,"FAM221A"
"ZNF816-ZNF321P",0.000072,0.342,0.092,0.075,1,"ZNF816-ZNF321P"
"NOP14",0.0000721,0.223,0.223,0.199,1,"NOP14"
"MTA2",0.0000722,0.224,0.209,0.184,1,"MTA2"
"ZNF740",0.0000723,0.188,0.179,0.156,1,"ZNF740"
"ENSG00000279453",0.0000724,0.351,0.108,0.09,1,"ENSG00000279453"
"FHDC1",0.0000725,0.662,0.03,0.02,1,"FHDC1"
"FAM167A",0.0000726,-0.656,0.037,0.049,1,"FAM167A"
"PPP4R3A",0.0000726,0.134,0.691,0.68,1,"PPP4R3A"
"SPSB4",0.0000726,0.173,0.242,0.216,1,"SPSB4"
"PTPN21",0.0000727,0.205,0.386,0.361,1,"PTPN21"
"E2F1",0.0000728,0.296,0.125,0.105,1,"E2F1"
"TBC1D8B",0.000073,0.349,0.017,0.01,1,"TBC1D8B"
"HSD17B11",0.0000731,0.172,0.275,0.248,1,"HSD17B11"
"ELAC1",0.0000732,0.177,0.208,0.183,1,"ELAC1"
"TMEM184B",0.0000735,0.209,0.309,0.283,1,"TMEM184B"
"LDLRAD4",0.0000737,0.318,0.332,0.31,1,"LDLRAD4"
"SEMA4A",0.0000739,-0.414,0.046,0.06,1,"SEMA4A"
"MRPL2",0.0000739,0.203,0.286,0.258,1,"MRPL2"
"PLCH1",0.0000748,-0.218,0.249,0.273,1,"PLCH1"
"BTN2A2",0.0000751,0.219,0.207,0.184,1,"BTN2A2"
"ALDH16A1",0.0000752,0.342,0.089,0.073,1,"ALDH16A1"
"GUCD1",0.0000753,0.263,0.219,0.195,1,"GUCD1"
"YARS1",0.0000757,0.113,0.346,0.317,1,"YARS1"
"XKR7",0.0000761,-0.277,0.035,0.047,1,"XKR7"
"ATP6V0A2",0.0000764,0.172,0.334,0.308,1,"ATP6V0A2"
"CAD",0.0000766,0.258,0.153,0.132,1,"CAD"
"RUNDC3B",0.0000768,-0.208,0.07,0.086,1,"RUNDC3B"
"ARL8B",0.0000779,0.109,0.614,0.594,1,"ARL8B"
"RRBP1",0.0000788,0.195,0.281,0.255,1,"RRBP1"
"ZNF362",0.0000794,0.19,0.38,0.353,1,"ZNF362"
"MPHOSPH6",8e-05,0.146,0.421,0.393,1,"MPHOSPH6"
"SALL2",8e-05,0.124,0.299,0.272,1,"SALL2"
"DNAJA3",0.0000805,0.168,0.267,0.239,1,"DNAJA3"
"RGP1",0.0000808,0.214,0.207,0.182,1,"RGP1"
"UHRF1BP1L",0.0000812,0.127,0.525,0.5,1,"UHRF1BP1L"
"RBBP9",0.0000813,0.169,0.223,0.199,1,"RBBP9"
"TLCD5",0.0000816,0.146,0.265,0.239,1,"TLCD5"
"PPM1L",0.000082,0.261,0.789,0.776,1,"PPM1L"
"RHOF",0.0000826,0.321,0.274,0.25,1,"RHOF"
"PGRMC2",0.0000827,0.176,0.45,0.426,1,"PGRMC2"
"TST",0.0000834,0.302,0.171,0.15,1,"TST"
"ATG14",0.0000834,0.21,0.381,0.355,1,"ATG14"
"H2AC15",0.0000835,0.474,0.064,0.051,1,"H2AC15"
"C7orf31",0.0000838,0.401,0.079,0.064,1,"C7orf31"
"ENSG00000280161",0.000084,0.655,0.029,0.02,1,"ENSG00000280161"
"EYA4",0.0000843,0.356,0.301,0.279,1,"EYA4"
"AAAS",0.0000846,0.213,0.252,0.225,1,"AAAS"
"STAG3",0.0000848,0.271,0.325,0.302,1,"STAG3"
"CSTF1",0.0000853,0.183,0.259,0.233,1,"CSTF1"
"PPM1B",0.0000856,0.102,0.627,0.604,1,"PPM1B"
"TMEM177",0.0000864,0.181,0.137,0.116,1,"TMEM177"
"FAM161A",0.0000864,0.192,0.397,0.369,1,"FAM161A"
"MMP15",0.0000866,0.3,0.171,0.149,1,"MMP15"
"LUC7L2",0.0000867,0.15,0.475,0.45,1,"LUC7L2"
"MYH9",0.0000867,0.228,0.372,0.346,1,"MYH9"
"RRAD",0.0000868,1.165,0.013,0.007,1,"RRAD"
"EHD1",0.000087,0.204,0.158,0.137,1,"EHD1"
"FRAT1",0.0000873,0.563,0.073,0.059,1,"FRAT1"
"YIF1B",0.0000876,0.235,0.186,0.163,1,"YIF1B"
"H3C11",0.0000878,0.914,0.017,0.01,1,"H3C11"
"SAMD1",0.0000878,0.159,0.446,0.419,1,"SAMD1"
"GPAA1",0.0000881,0.183,0.351,0.324,1,"GPAA1"
"NAV1",0.0000882,0.188,0.754,0.748,1,"NAV1"
"ZNF687",0.0000883,0.42,0.095,0.078,1,"ZNF687"
"KCNQ4",0.0000888,-0.673,0.01,0.017,1,"KCNQ4"
"ANKRD29",0.0000888,-0.328,0.038,0.051,1,"ANKRD29"
"RANBP3",0.0000889,0.179,0.315,0.286,1,"RANBP3"
"SMIM3",0.000089,0.202,0.097,0.08,1,"SMIM3"
"HMOX2",0.000089,0.173,0.316,0.287,1,"HMOX2"
"GAS8",0.0000892,0.27,0.106,0.088,1,"GAS8"
"EFCAB14",0.0000892,0.122,0.504,0.479,1,"EFCAB14"
"PODXL2",0.0000894,-0.12,0.411,0.434,1,"PODXL2"
"SNRNP200",0.0000894,0.108,0.674,0.662,1,"SNRNP200"
"FMO4",0.0000903,0.467,0.042,0.031,1,"FMO4"
"RBM23",0.0000903,0.136,0.493,0.471,1,"RBM23"
"SCN3A",0.0000905,0.117,0.639,0.617,1,"SCN3A"
"MRPL40",0.0000906,0.121,0.52,0.495,1,"MRPL40"
"MLX",0.0000912,0.144,0.313,0.285,1,"MLX"
"RAC3",0.0000912,0.209,0.326,0.301,1,"RAC3"
"ZDHHC17",0.0000914,0.119,0.678,0.664,1,"ZDHHC17"
"SLC30A7",0.0000915,0.136,0.473,0.445,1,"SLC30A7"
"MZF1",0.0000917,0.187,0.225,0.201,1,"MZF1"
"NEBL",0.0000919,-0.271,0.189,0.211,1,"NEBL"
"ASB3",0.0000919,0.11,0.798,0.795,1,"ASB3"
"LTA4H",0.000092,0.131,0.424,0.395,1,"LTA4H"
"LRIG3",0.0000932,0.306,0.173,0.152,1,"LRIG3"
"QRSL1",0.0000932,0.165,0.336,0.309,1,"QRSL1"
"FKTN",0.0000936,0.118,0.511,0.486,1,"FKTN"
"EBF3",0.0000936,1.319,0.015,0.008,1,"EBF3"
"CCDC65",0.0000937,0.179,0.361,0.335,1,"CCDC65"
"GOLT1B",0.0000948,0.125,0.326,0.297,1,"GOLT1B"
"TRAPPC2B",0.0000952,0.213,0.257,0.232,1,"TRAPPC2B"
"FSIP1",0.0000954,0.164,0.119,0.1,1,"FSIP1"
"ZNF611",0.0000954,0.189,0.354,0.326,1,"ZNF611"
"PDE5A",0.0000959,-0.291,0.349,0.373,1,"PDE5A"
"LTBP2",0.000096,0.536,0.034,0.024,1,"LTBP2"
"DOK5",0.0000961,0.21,0.535,0.515,1,"DOK5"
"HPCA",0.0000962,-0.437,0.015,0.023,1,"HPCA"
"NBPF14",0.0000964,0.2,0.176,0.154,1,"NBPF14"
"FXN",0.0000966,0.239,0.146,0.126,1,"FXN"
"PPIE",0.0000967,0.107,0.298,0.268,1,"PPIE"
"NBPF19",0.0000967,0.648,0.014,0.008,1,"NBPF19"
"FILIP1L",0.0000972,0.112,0.377,0.35,1,"FILIP1L"
"MITD1",0.0000974,0.174,0.376,0.35,1,"MITD1"
"CTSO",0.0000981,0.539,0.049,0.037,1,"CTSO"
"TMUB1",0.0000983,0.303,0.187,0.165,1,"TMUB1"
"C14orf132",0.0000985,0.153,0.584,0.559,1,"C14orf132"
"KLHDC9",0.0000988,0.228,0.13,0.11,1,"KLHDC9"
"PDE3A",0.0000996,-0.24,0.41,0.426,1,"PDE3A"
"PTDSS2",0.0000999,0.208,0.215,0.191,1,"PTDSS2"
"BPNT1",0.0001,0.195,0.248,0.223,1,"BPNT1"
"CDK9",0.0001,0.271,0.221,0.198,1,"CDK9"
"MRPL1",0.000101,0.142,0.5,0.48,1,"MRPL1"
"SMIM13",0.000101,0.213,0.344,0.32,1,"SMIM13"
"ENSG00000289346",0.000102,-0.183,0.313,0.339,1,"ENSG00000289346"
"SDC2",0.000102,0.261,0.397,0.375,1,"SDC2"
"GALNS",0.000102,0.26,0.151,0.13,1,"GALNS"
"FZD6",0.000102,0.261,0.116,0.097,1,"FZD6"
"ZFAND4",0.000103,0.179,0.17,0.149,1,"ZFAND4"
"ZNF134",0.000104,0.199,0.232,0.208,1,"ZNF134"
"DDX41",0.000104,0.184,0.206,0.182,1,"DDX41"
"MFSD5",0.000104,0.339,0.12,0.101,1,"MFSD5"
"EHMT2",0.000104,0.182,0.505,0.485,1,"EHMT2"
"DCXR",0.000104,0.121,0.44,0.415,1,"DCXR"
"STAM",0.000105,0.118,0.526,0.5,1,"STAM"
"EPB41L5",0.000105,0.104,0.733,0.712,1,"EPB41L5"
"BCR",0.000106,0.186,0.423,0.4,1,"BCR"
"RSBN1L",0.000106,0.108,0.715,0.7,1,"RSBN1L"
"C17orf97",0.000107,0.35,0.087,0.071,1,"C17orf97"
"C8orf76",0.000107,0.197,0.252,0.227,1,"C8orf76"
"ATAD3A",0.000108,0.171,0.149,0.128,1,"ATAD3A"
"C1RL",0.000108,0.279,0.158,0.137,1,"C1RL"
"CROCC",0.000108,0.301,0.272,0.248,1,"CROCC"
"DUSP6",0.000108,0.132,0.133,0.113,1,"DUSP6"
"RHPN1",0.000109,0.282,0.091,0.074,1,"RHPN1"
"MAT2A",0.000109,0.112,0.594,0.575,1,"MAT2A"
"ADAMTSL3",0.000109,-1.56,0.006,0.012,1,"ADAMTSL3"
"RASSF2",0.000109,0.175,0.378,0.352,1,"RASSF2"
"PIGM",0.000109,0.184,0.232,0.207,1,"PIGM"
"VSNL1",0.00011,0.411,0.03,0.02,1,"VSNL1"
"NDUFAF5",0.00011,0.149,0.33,0.301,1,"NDUFAF5"
"KDM6B",0.00011,0.206,0.516,0.491,1,"KDM6B"
"FAM229B",0.00011,0.128,0.504,0.477,1,"FAM229B"
"GRINA",0.00011,0.158,0.374,0.349,1,"GRINA"
"HSCB",0.00011,0.143,0.293,0.268,1,"HSCB"
"CA8",0.00011,-1.04,0.017,0.026,1,"CA8"
"SAMD15",0.00011,0.266,0.096,0.079,1,"SAMD15"
"AP1B1",0.00011,0.166,0.312,0.285,1,"AP1B1"
"NUDT2",0.000111,0.23,0.293,0.268,1,"NUDT2"
"TMEM243",0.000111,0.232,0.198,0.175,1,"TMEM243"
"BNIP3",0.000111,-0.88,0.709,0.707,1,"BNIP3"
"DYRK3",0.000112,0.163,0.176,0.154,1,"DYRK3"
"TFDP1",0.000112,0.238,0.407,0.386,1,"TFDP1"
"ZNF598",0.000113,0.226,0.143,0.124,1,"ZNF598"
"VPS54",0.000113,0.113,0.647,0.625,1,"VPS54"
"KAT6A",0.000113,0.101,0.835,0.826,1,"KAT6A"
"CDC42EP4",0.000113,-0.147,0.413,0.439,1,"CDC42EP4"
"GPX3",0.000114,-0.406,0.018,0.027,1,"GPX3"
"ID4",0.000114,0.362,0.686,0.676,1,"ID4"
"YTHDF3",0.000114,0.123,0.638,0.628,1,"YTHDF3"
"TMEM87B",0.000114,0.266,0.285,0.261,1,"TMEM87B"
"CEP68",0.000115,0.154,0.519,0.492,1,"CEP68"
"RARA",0.000116,0.261,0.203,0.181,1,"RARA"
"JAKMIP2",0.000116,0.103,0.923,0.921,1,"JAKMIP2"
"FADS2",0.000116,-0.129,0.566,0.586,1,"FADS2"
"APPL1",0.000117,0.106,0.719,0.707,1,"APPL1"
"HPS6",0.000117,0.293,0.102,0.085,1,"HPS6"
"SGMS2",0.000118,0.32,0.072,0.058,1,"SGMS2"
"OCIAD2",0.000118,0.502,0.062,0.049,1,"OCIAD2"
"DYRK2",0.000118,-0.192,0.286,0.31,1,"DYRK2"
"ZNF684",0.000119,0.241,0.146,0.125,1,"ZNF684"
"BAG2",0.000119,0.151,0.211,0.187,1,"BAG2"
"BUB3",0.000119,0.191,0.524,0.502,1,"BUB3"
"CENPS",0.000119,0.354,0.104,0.087,1,"CENPS"
"LTO1",0.00012,0.2,0.213,0.189,1,"LTO1"
"CACFD1",0.000122,0.174,0.191,0.168,1,"CACFD1"
"SYS1",0.000122,0.125,0.247,0.222,1,"SYS1"
"MFSD3",0.000122,0.312,0.121,0.102,1,"MFSD3"
"PDE9A",0.000123,-0.123,0.551,0.574,1,"PDE9A"
"NOL8",0.000124,0.137,0.349,0.322,1,"NOL8"
"BFAR",0.000124,0.163,0.37,0.343,1,"BFAR"
"ZNF100",0.000125,0.121,0.394,0.364,1,"ZNF100"
"SF3A3",0.000126,0.178,0.491,0.47,1,"SF3A3"
"GPRIN3",0.000126,-1.089,0.008,0.014,1,"GPRIN3"
"BTBD1",0.000127,0.133,0.514,0.495,1,"BTBD1"
"ERCC3",0.000128,0.16,0.368,0.341,1,"ERCC3"
"EGR3",0.000128,0.521,0.049,0.037,1,"EGR3"
"PINK1",0.000129,0.188,0.334,0.308,1,"PINK1"
"SLC39A6",0.000129,0.136,0.685,0.665,1,"SLC39A6"
"CCT6B",0.00013,0.231,0.085,0.07,1,"CCT6B"
"CFAP410",0.000131,0.248,0.187,0.165,1,"CFAP410"
"TTC7B",0.000131,0.197,0.537,0.521,1,"TTC7B"
"NTRK3",0.000132,-0.248,0.264,0.284,1,"NTRK3"
"CCDC196",0.000132,0.449,0.078,0.063,1,"CCDC196"
"LRRFIP2",0.000132,0.109,0.702,0.696,1,"LRRFIP2"
"MTG2",0.000132,0.237,0.288,0.263,1,"MTG2"
"SIDT2",0.000133,0.18,0.125,0.106,1,"SIDT2"
"CHAF1A",0.000134,0.295,0.189,0.167,1,"CHAF1A"
"ARHGAP20",0.000134,0.839,0.022,0.015,1,"ARHGAP20"
"LRRC4",0.000134,0.196,0.201,0.178,1,"LRRC4"
"PPP1R9B",0.000134,0.291,0.142,0.122,1,"PPP1R9B"
"ZNF816",0.000135,0.512,0.037,0.027,1,"ZNF816"
"MTRES1",0.000135,0.209,0.435,0.412,1,"MTRES1"
"ZFYVE1",0.000135,0.192,0.284,0.259,1,"ZFYVE1"
"RPP40",0.000135,0.313,0.129,0.111,1,"RPP40"
"LRRC49",0.000135,0.15,0.608,0.587,1,"LRRC49"
"ZSCAN26",0.000136,0.161,0.387,0.358,1,"ZSCAN26"
"IGSF11",0.000136,0.18,0.534,0.511,1,"IGSF11"
"MLLT6",0.000137,0.15,0.292,0.265,1,"MLLT6"
"SALL1",0.000137,0.187,0.419,0.394,1,"SALL1"
"USP19",0.000138,0.245,0.166,0.145,1,"USP19"
"OCRL",0.000138,0.24,0.261,0.237,1,"OCRL"
"ANKLE2",0.000138,0.165,0.462,0.437,1,"ANKLE2"
"BOLA1",0.000138,0.269,0.126,0.108,1,"BOLA1"
"SURF2",0.000139,0.211,0.306,0.282,1,"SURF2"
"PTGR1",0.000139,0.318,0.108,0.091,1,"PTGR1"
"TRAPPC14",0.00014,0.307,0.076,0.061,1,"TRAPPC14"
"FAM200A",0.00014,0.156,0.252,0.227,1,"FAM200A"
"INSM1",0.000141,0.327,0.364,0.348,1,"INSM1"
"ENSG00000280128",0.000141,0.126,0.297,0.27,1,"ENSG00000280128"
"TMEM237",0.000141,0.235,0.367,0.344,1,"TMEM237"
"ARHGAP25",0.000141,-0.355,0.031,0.043,1,"ARHGAP25"
"PPP2R2D",0.000142,0.169,0.525,0.505,1,"PPP2R2D"
"SLC37A4",0.000143,0.285,0.105,0.088,1,"SLC37A4"
"DIAPH1",0.000143,0.123,0.532,0.511,1,"DIAPH1"
"GAL3ST3",0.000143,0.316,0.094,0.078,1,"GAL3ST3"
"TMEM229B",0.000144,0.413,0.04,0.029,1,"TMEM229B"
"MAX",0.000144,0.149,0.542,0.521,1,"MAX"
"PAGR1",0.000144,0.197,0.409,0.384,1,"PAGR1"
"SLC31A1",0.000147,0.211,0.31,0.284,1,"SLC31A1"
"NUDCD3",0.000148,0.14,0.507,0.478,1,"NUDCD3"
"DVL1",0.000149,0.27,0.15,0.13,1,"DVL1"
"TBRG4",0.000149,0.177,0.206,0.182,1,"TBRG4"
"SAYSD1",0.00015,0.157,0.234,0.208,1,"SAYSD1"
"NNT",0.00015,0.141,0.601,0.58,1,"NNT"
"CCDC88C",0.000151,0.207,0.321,0.293,1,"CCDC88C"
"GPR108",0.000153,0.235,0.168,0.147,1,"GPR108"
"UEVLD",0.000153,0.149,0.386,0.359,1,"UEVLD"
"CNTN2",0.000153,-0.466,0.021,0.03,1,"CNTN2"
"ELAC2",0.000153,0.201,0.244,0.221,1,"ELAC2"
"TEAD3",0.000154,0.256,0.128,0.11,1,"TEAD3"
"ERAL1",0.000154,0.214,0.199,0.176,1,"ERAL1"
"LRRC4B",0.000154,0.137,0.429,0.404,1,"LRRC4B"
"PRLR",0.000154,-1.244,0.008,0.015,1,"PRLR"
"NHLRC2",0.000155,0.131,0.597,0.583,1,"NHLRC2"
"KDM7A",0.000155,0.121,0.363,0.333,1,"KDM7A"
"S1PR3",0.000156,0.289,0.069,0.055,1,"S1PR3"
"RBM5",0.000156,0.123,0.663,0.651,1,"RBM5"
"CIART",0.000157,-0.368,0.056,0.07,1,"CIART"
"CFAP221",0.000157,0.288,0.04,0.029,1,"CFAP221"
"RHOXF1P3",0.000157,0.564,0.025,0.017,1,"RHOXF1P3"
"ABCC5",0.000157,0.212,0.445,0.419,1,"ABCC5"
"SLC38A2",0.000157,0.232,0.578,0.562,1,"SLC38A2"
"HILPDA",0.000158,-0.534,0.26,0.279,1,"HILPDA"
"MMUT",0.000158,0.184,0.39,0.366,1,"MMUT"
"CCNYL1",0.000158,0.14,0.363,0.339,1,"CCNYL1"
"KMT2B",0.000158,0.215,0.34,0.315,1,"KMT2B"
"GNA11",0.000159,0.176,0.36,0.334,1,"GNA11"
"BPGM",0.00016,0.232,0.349,0.324,1,"BPGM"
"ZNF234",0.000161,0.178,0.227,0.203,1,"ZNF234"
"RBM12",0.000161,0.242,0.364,0.342,1,"RBM12"
"PLEKHG3",0.000161,-0.395,0.085,0.102,1,"PLEKHG3"
"ERO1B",0.000162,0.309,0.385,0.365,1,"ERO1B"
"ANKRD26",0.000163,0.119,0.642,0.625,1,"ANKRD26"
"ANO4",0.000163,-0.144,0.037,0.048,1,"ANO4"
"BCO2",0.000163,-0.225,0.042,0.054,1,"BCO2"
"PIAS4",0.000164,0.242,0.238,0.215,1,"PIAS4"
"FANCL",0.000164,0.177,0.387,0.362,1,"FANCL"
"HERC3",0.000164,-0.121,0.285,0.312,1,"HERC3"
"CXXC1",0.000164,0.25,0.224,0.2,1,"CXXC1"
"CEP85L",0.000166,0.181,0.632,0.615,1,"CEP85L"
"MAP3K11",0.000166,0.304,0.133,0.114,1,"MAP3K11"
"GRIK5",0.000166,0.173,0.392,0.367,1,"GRIK5"
"SLC25A15",0.000166,0.279,0.136,0.117,1,"SLC25A15"
"KCNE1",0.000167,0.632,0.037,0.027,1,"KCNE1"
"LAMA4",0.000169,0.436,0.285,0.265,1,"LAMA4"
"C1orf50",0.000169,0.211,0.314,0.287,1,"C1orf50"
"RPUSD2",0.000169,0.258,0.146,0.126,1,"RPUSD2"
"RAB3D",0.000169,0.293,0.173,0.152,1,"RAB3D"
"MED20",0.000169,0.301,0.124,0.106,1,"MED20"
"PSTPIP2",0.000169,0.167,0.086,0.071,1,"PSTPIP2"
"CHDH",0.000171,-0.335,0.089,0.106,1,"CHDH"
"PPIL2",0.000171,0.139,0.367,0.338,1,"PPIL2"
"NIF3L1",0.000172,0.244,0.205,0.183,1,"NIF3L1"
"FAM162A",0.000172,-0.971,0.429,0.441,1,"FAM162A"
"MUL1",0.000172,0.168,0.174,0.152,1,"MUL1"
"TRIM69",0.000172,0.182,0.333,0.308,1,"TRIM69"
"RNF123",0.000172,0.217,0.11,0.092,1,"RNF123"
"NFATC2IP",0.000173,0.133,0.436,0.411,1,"NFATC2IP"
"TRERF1",0.000174,0.158,0.63,0.611,1,"TRERF1"
"MRS2",0.000174,0.158,0.287,0.26,1,"MRS2"
"ENSG00000285777",0.000176,0.303,0.082,0.067,1,"ENSG00000285777"
"ZNF154",0.000176,0.211,0.184,0.161,1,"ZNF154"
"SOD2",0.000177,0.195,0.634,0.618,1,"SOD2"
"MB21D2",0.000177,0.131,0.368,0.342,1,"MB21D2"
"GLS",0.000179,0.141,0.613,0.592,1,"GLS"
"MUS81",0.00018,0.251,0.332,0.307,1,"MUS81"
"OTUD4",0.000182,0.15,0.394,0.37,1,"OTUD4"
"NELFA",0.000182,0.108,0.511,0.487,1,"NELFA"
"CLGN",0.000182,-0.105,0.241,0.266,1,"CLGN"
"GNAL",0.000182,-0.351,0.241,0.263,1,"GNAL"
"GARIN1A",0.000183,0.305,0.114,0.096,1,"GARIN1A"
"ENSG00000279348",0.000183,0.416,0.072,0.058,1,"ENSG00000279348"
"CCDC8",0.000183,0.27,0.149,0.129,1,"CCDC8"
"SGSH",0.000184,0.33,0.068,0.054,1,"SGSH"
"FOXN4",0.000184,-0.581,0.028,0.038,1,"FOXN4"
"EGLN1",0.000185,-0.137,0.535,0.559,1,"EGLN1"
"ENSG00000289694",0.000186,0.237,0.116,0.098,1,"ENSG00000289694"
"DPH6",0.000186,0.149,0.403,0.38,1,"DPH6"
"DNAJC16",0.000186,0.163,0.349,0.323,1,"DNAJC16"
"UBE2Z",0.000186,0.157,0.411,0.389,1,"UBE2Z"
"POU6F1",0.000187,0.249,0.273,0.249,1,"POU6F1"
"ERLIN2",0.000187,0.182,0.279,0.254,1,"ERLIN2"
"COQ10B",0.000187,0.18,0.343,0.319,1,"COQ10B"
"ZBTB17",0.000188,0.178,0.335,0.308,1,"ZBTB17"
"DNAJC13",0.000191,0.145,0.485,0.462,1,"DNAJC13"
"BRCA1",0.000191,0.114,0.455,0.428,1,"BRCA1"
"MDGA1",0.000191,0.227,0.101,0.084,1,"MDGA1"
"SC5D",0.000192,0.143,0.477,0.456,1,"SC5D"
"TMEM185A",0.000193,0.164,0.16,0.139,1,"TMEM185A"
"USP40",0.000194,0.174,0.345,0.319,1,"USP40"
"YTHDC2",0.000194,0.131,0.569,0.551,1,"YTHDC2"
"PLAAT4",0.000194,-0.162,0.115,0.135,1,"PLAAT4"
"NUPR1",0.000194,-0.426,0.115,0.132,1,"NUPR1"
"TTI1",0.000194,0.176,0.268,0.244,1,"TTI1"
"TPCN1",0.000196,-0.273,0.12,0.138,1,"TPCN1"
"THTPA",0.000196,0.312,0.196,0.175,1,"THTPA"
"LURAP1",0.000196,0.258,0.094,0.078,1,"LURAP1"
"CNMD",0.000197,0.708,0.019,0.012,1,"CNMD"
"AHSA1",0.000198,0.1,0.541,0.519,1,"AHSA1"
"MMS19",0.000199,0.125,0.456,0.43,1,"MMS19"
"LPGAT1",0.000199,0.154,0.642,0.619,1,"LPGAT1"
"COBLL1",0.000199,0.184,0.27,0.246,1,"COBLL1"
"IKBKG",0.0002,0.313,0.128,0.11,1,"IKBKG"
"KREMEN1",0.000201,0.192,0.249,0.225,1,"KREMEN1"
"KNSTRN",0.000201,0.164,0.278,0.254,1,"KNSTRN"
"SLC2A11",0.000201,0.279,0.134,0.115,1,"SLC2A11"
"TRIP4",0.000202,0.163,0.395,0.37,1,"TRIP4"
"ZNF776",0.000202,0.265,0.234,0.211,1,"ZNF776"
"MSH3",0.000203,0.17,0.491,0.468,1,"MSH3"
"PIK3C2B",0.000204,-0.136,0.399,0.424,1,"PIK3C2B"
"TMED5",0.000205,0.135,0.492,0.468,1,"TMED5"
"COG7",0.000206,0.135,0.409,0.383,1,"COG7"
"AKAP12",0.000207,-0.221,0.416,0.433,1,"AKAP12"
"MIOS",0.000208,0.241,0.305,0.282,1,"MIOS"
"NRG2",0.000208,-0.239,0.168,0.189,1,"NRG2"
"GTF2H2",0.000208,0.173,0.439,0.416,1,"GTF2H2"
"NPAS3",0.000209,0.28,0.727,0.731,1,"NPAS3"
"GMFG",0.00021,0.526,0.032,0.023,1,"GMFG"
"PXDN",0.000211,0.176,0.464,0.444,1,"PXDN"
"RALYL",0.000212,-0.183,0.179,0.201,1,"RALYL"
"STK16",0.000212,0.268,0.151,0.131,1,"STK16"
"MKRN3",0.000213,-0.11,0.417,0.442,1,"MKRN3"
"NANOS1",0.000213,-0.353,0.06,0.074,1,"NANOS1"
"DCK",0.000216,0.236,0.451,0.432,1,"DCK"
"CERS4",0.000216,0.106,0.345,0.316,1,"CERS4"
"WDR11",0.000216,0.14,0.476,0.452,1,"WDR11"
"TGOLN2",0.000218,0.12,0.554,0.534,1,"TGOLN2"
"CARF",0.000218,0.158,0.313,0.287,1,"CARF"
"ENSG00000280079",0.000218,0.357,0.033,0.024,1,"ENSG00000280079"
"DOCK4",0.000219,0.101,0.708,0.698,1,"DOCK4"
"EFS",0.000219,-0.199,0.081,0.097,1,"EFS"
"PPID",0.000219,0.163,0.449,0.426,1,"PPID"
"OGFOD1",0.00022,0.164,0.307,0.282,1,"OGFOD1"
"NCOA3",0.00022,0.134,0.622,0.604,1,"NCOA3"
"DNAJC11",0.000221,0.144,0.347,0.32,1,"DNAJC11"
"EFNA3",0.000221,-0.271,0.048,0.061,1,"EFNA3"
"PPWD1",0.000221,0.174,0.42,0.393,1,"PPWD1"
"CNNM3",0.000221,0.24,0.161,0.141,1,"CNNM3"
"SNRPA1",0.000221,0.147,0.485,0.468,1,"SNRPA1"
"DUSP18",0.000222,0.175,0.231,0.208,1,"DUSP18"
"HPS3",0.000222,0.214,0.25,0.227,1,"HPS3"
"PARD6G",0.000223,0.166,0.398,0.375,1,"PARD6G"
"KLF3",0.000223,0.144,0.336,0.312,1,"KLF3"
"TMEM169",0.000224,0.281,0.177,0.157,1,"TMEM169"
"GLB1",0.000224,0.105,0.432,0.405,1,"GLB1"
"RAMAC",0.000225,0.188,0.123,0.105,1,"RAMAC"
"CRYBG3",0.000226,0.163,0.159,0.139,1,"CRYBG3"
"FAM98A",0.000226,0.147,0.389,0.365,1,"FAM98A"
"SEZ6",0.000227,0.304,0.183,0.163,1,"SEZ6"
"COL26A1",0.000227,-0.97,0.007,0.013,1,"COL26A1"
"OTUD5",0.000227,0.14,0.531,0.51,1,"OTUD5"
"ZSWIM8",0.000228,0.17,0.366,0.342,1,"ZSWIM8"
"COG3",0.000228,0.139,0.304,0.277,1,"COG3"
"VPS52",0.000229,0.168,0.252,0.227,1,"VPS52"
"FKBP14",0.000229,0.184,0.257,0.233,1,"FKBP14"
"GTF2E2",0.000229,0.15,0.424,0.399,1,"GTF2E2"
"EXOSC8",0.00023,0.118,0.561,0.541,1,"EXOSC8"
"DIAPH3",0.000231,-0.167,0.257,0.28,1,"DIAPH3"
"ZNF419",0.000231,0.272,0.143,0.124,1,"ZNF419"
"DNLZ",0.000232,0.115,0.34,0.312,1,"DNLZ"
"SHARPIN",0.000233,0.133,0.32,0.295,1,"SHARPIN"
"PRKCSH",0.000234,0.19,0.338,0.314,1,"PRKCSH"
"PABPC1L",0.000234,0.184,0.16,0.139,1,"PABPC1L"
"PPP3CB",0.000235,0.1,0.735,0.722,1,"PPP3CB"
"TNFSF4",0.000235,0.535,0.026,0.018,1,"TNFSF4"
"SLC38A9",0.000236,0.103,0.424,0.396,1,"SLC38A9"
"THAP5",0.000236,0.176,0.381,0.357,1,"THAP5"
"B4GALT2",0.000238,0.217,0.266,0.244,1,"B4GALT2"
"VPS11",0.000238,0.215,0.181,0.16,1,"VPS11"
"KCNMB2",0.000239,-0.983,0.013,0.02,1,"KCNMB2"
"AKAP10",0.00024,0.119,0.553,0.536,1,"AKAP10"
"FOXO6",0.000241,-0.129,0.111,0.131,1,"FOXO6"
"PLAT",0.000243,0.409,0.092,0.077,1,"PLAT"
"SCYL2",0.000244,0.133,0.631,0.615,1,"SCYL2"
"EXOG",0.000244,0.162,0.445,0.421,1,"EXOG"
"FBXO15",0.000245,-0.722,0.021,0.029,1,"FBXO15"
"STAM2",0.000246,0.121,0.498,0.474,1,"STAM2"
"AFDN",0.000246,-0.228,0.832,0.835,1,"AFDN"
"ENSG00000280291",0.000248,-0.718,0.014,0.022,1,"ENSG00000280291"
"FBXO25",0.000249,0.165,0.295,0.268,1,"FBXO25"
"ANKMY1",0.00025,0.179,0.261,0.236,1,"ANKMY1"
"BCAS4",0.000252,0.204,0.237,0.213,1,"BCAS4"
"MKRN2",0.000252,0.18,0.304,0.279,1,"MKRN2"
"MAN2A1",0.000252,0.205,0.446,0.424,1,"MAN2A1"
"LAMA5",0.000253,0.139,0.174,0.152,1,"LAMA5"
"MTHFD2",0.000253,-0.31,0.154,0.174,1,"MTHFD2"
"R3HDM4",0.000253,0.189,0.172,0.151,1,"R3HDM4"
"CPT1A",0.000254,0.246,0.13,0.112,1,"CPT1A"
"DLEU7",0.000254,0.176,0.073,0.059,1,"DLEU7"
"USF1",0.000256,0.221,0.14,0.12,1,"USF1"
"DPP10",0.000257,-1.853,0.045,0.057,1,"DPP10"
"DCAF10",0.000258,0.105,0.686,0.673,1,"DCAF10"
"UNC13B",0.000259,0.156,0.447,0.423,1,"UNC13B"
"INIP",0.000261,0.17,0.468,0.445,1,"INIP"
"CHCHD7",0.000262,0.176,0.156,0.136,1,"CHCHD7"
"PLK2",0.000263,0.317,0.326,0.308,1,"PLK2"
"FZD8",0.000264,-0.273,0.206,0.226,1,"FZD8"
"CADM3",0.000264,0.185,0.217,0.194,1,"CADM3"
"MID1IP1",0.000264,0.105,0.469,0.444,1,"MID1IP1"
"LRCH1",0.000265,0.254,0.442,0.423,1,"LRCH1"
"CNTN6",0.000267,-0.554,0.019,0.012,1,"CNTN6"
"RASSF4",0.000268,0.23,0.237,0.215,1,"RASSF4"
"FECH",0.00027,0.183,0.166,0.145,1,"FECH"
"RPGRIP1L",0.00027,0.13,0.345,0.319,1,"RPGRIP1L"
"PKD1L1",0.000271,-0.801,0.016,0.023,1,"PKD1L1"
"RMI2",0.000272,0.393,0.09,0.075,1,"RMI2"
"PGP",0.000272,0.139,0.446,0.424,1,"PGP"
"CACNA1D",0.000272,-0.229,0.071,0.086,1,"CACNA1D"
"MAP1LC3B2",0.000272,-0.451,0.023,0.032,1,"MAP1LC3B2"
"KCNC1",0.000273,-0.287,0.144,0.163,1,"KCNC1"
"KCNH2",0.000273,0.331,0.046,0.035,1,"KCNH2"
"ARAF",0.000273,0.212,0.173,0.153,1,"ARAF"
"SDHA",0.000273,0.148,0.41,0.387,1,"SDHA"
"ERV3-1",0.000275,0.173,0.26,0.235,1,"ERV3-1"
"CDK7",0.000277,0.15,0.292,0.267,1,"CDK7"
"ABCC8",0.000277,-0.225,0.068,0.083,1,"ABCC8"
"TSC22D4",0.000278,0.111,0.344,0.319,1,"TSC22D4"
"PSME4",0.000278,0.125,0.612,0.594,1,"PSME4"
"SLC16A4",0.000278,0.247,0.271,0.249,1,"SLC16A4"
"RILPL2",0.00028,0.2,0.172,0.151,1,"RILPL2"
"FBH1",0.000281,0.123,0.406,0.38,1,"FBH1"
"CIAO1",0.000281,0.118,0.565,0.544,1,"CIAO1"
"ACACB",0.000281,-0.183,0.215,0.237,1,"ACACB"
"ZNF444",0.000282,0.168,0.216,0.192,1,"ZNF444"
"ISY1",0.000283,0.21,0.227,0.205,1,"ISY1"
"SLC26A11",0.000284,0.163,0.166,0.146,1,"SLC26A11"
"IRX5",0.000285,0.429,0.04,0.03,1,"IRX5"
"SPDYE2",0.000285,0.127,0.147,0.127,1,"SPDYE2"
"ADGRL1",0.000286,-0.161,0.22,0.241,1,"ADGRL1"
"CDKN2C",0.000287,0.174,0.268,0.243,1,"CDKN2C"
"TMOD2",0.000288,0.211,0.469,0.447,1,"TMOD2"
"RPP30",0.000289,0.148,0.408,0.385,1,"RPP30"
"PRPSAP2",0.00029,0.123,0.623,0.604,1,"PRPSAP2"
"AK7",0.000291,0.1,0.038,0.028,1,"AK7"
"ANOS1",0.000291,0.1,0.295,0.321,1,"ANOS1"
"SAFB2",0.000292,0.103,0.552,0.533,1,"SAFB2"
"VAPB",0.000292,0.179,0.492,0.472,1,"VAPB"
"JPT2",0.000292,0.172,0.347,0.323,1,"JPT2"
"UCK1",0.000293,0.271,0.179,0.159,1,"UCK1"
"NDUFAF4",0.000294,0.194,0.301,0.277,1,"NDUFAF4"
"KIF13B",0.000294,0.211,0.282,0.259,1,"KIF13B"
"DACT3",0.000294,0.185,0.201,0.179,1,"DACT3"
"YEATS4",0.000296,0.175,0.412,0.387,1,"YEATS4"
"VPS13D",0.000296,0.131,0.632,0.614,1,"VPS13D"
"PSMB10",0.000297,0.202,0.279,0.255,1,"PSMB10"
"ZNF585A",0.000297,0.148,0.316,0.291,1,"ZNF585A"
"MRM3",0.000297,0.144,0.176,0.154,1,"MRM3"
"CLCN7",0.000299,0.23,0.165,0.145,1,"CLCN7"
"AK4",0.000299,-0.261,0.375,0.39,1,"AK4"
"PVR",0.000301,0.276,0.107,0.09,1,"PVR"
"ARMC3",0.000301,-0.942,0.017,0.025,1,"ARMC3"
"SRR",0.000301,0.188,0.322,0.299,1,"SRR"
"RNF139",0.000303,0.15,0.325,0.299,1,"RNF139"
"ZNF501",0.000303,0.261,0.05,0.039,1,"ZNF501"
"CAPN13",0.000306,1.069,0.019,0.012,1,"CAPN13"
"DHRS1",0.000306,0.163,0.265,0.241,1,"DHRS1"
"LACTB",0.000306,0.115,0.267,0.243,1,"LACTB"
"CAPN2",0.000306,0.142,0.475,0.454,1,"CAPN2"
"LYSMD3",0.000307,0.194,0.22,0.197,1,"LYSMD3"
"DHTKD1",0.000308,0.169,0.356,0.331,1,"DHTKD1"
"NDUFAF1",0.000308,0.148,0.293,0.268,1,"NDUFAF1"
"RNF121",0.000309,0.133,0.362,0.337,1,"RNF121"
"CSRP1",0.000311,-0.688,0.036,0.047,1,"CSRP1"
"BMP7",0.000312,-0.258,0.386,0.406,1,"BMP7"
"MRAS",0.000315,0.227,0.301,0.277,1,"MRAS"
"TMEM101",0.000315,0.243,0.186,0.165,1,"TMEM101"
"EIF4EBP2",0.000317,0.122,0.622,0.605,1,"EIF4EBP2"
"ZCCHC3",0.000317,0.174,0.33,0.305,1,"ZCCHC3"
"FAN1",0.000319,0.197,0.285,0.262,1,"FAN1"
"HNRNPLL",0.000319,0.133,0.666,0.649,1,"HNRNPLL"
"TYW5",0.000319,0.129,0.286,0.261,1,"TYW5"
"PDRG1",0.000319,0.124,0.269,0.245,1,"PDRG1"
"COBL",0.00032,-0.177,0.216,0.239,1,"COBL"
"EIF2B3",0.00032,0.165,0.448,0.427,1,"EIF2B3"
"LAMP5",0.000322,0.378,0.155,0.136,1,"LAMP5"
"ZNF701",0.000322,0.16,0.173,0.152,1,"ZNF701"
"NAA16",0.000323,0.125,0.568,0.551,1,"NAA16"
"CLYBL",0.000323,0.204,0.123,0.105,1,"CLYBL"
"TTPAL",0.000327,0.156,0.215,0.192,1,"TTPAL"
"CENPVL3",0.000328,0.705,0.027,0.019,1,"CENPVL3"
"RABEP2",0.000329,0.172,0.146,0.127,1,"RABEP2"
"ZNF518A",0.000329,0.101,0.653,0.637,1,"ZNF518A"
"ARFIP2",0.000331,0.185,0.216,0.192,1,"ARFIP2"
"LEMD3",0.000332,0.173,0.511,0.483,1,"LEMD3"
"PSORS1C1",0.000333,0.813,0.017,0.01,1,"PSORS1C1"
"RAB7B",0.000334,0.424,0.064,0.052,1,"RAB7B"
"KLHL25",0.000335,0.182,0.333,0.31,1,"KLHL25"
"OAZ3",0.000337,0.703,0.017,0.01,1,"OAZ3"
"RPS6KA4",0.000339,0.409,0.067,0.054,1,"RPS6KA4"
"FOXP4",0.000341,0.446,0.047,0.036,1,"FOXP4"
"CNOT6L",0.000341,0.114,0.586,0.563,1,"CNOT6L"
"PNPO",0.000343,0.379,0.058,0.046,1,"PNPO"
"OGFR",0.000344,0.22,0.314,0.291,1,"OGFR"
"RNASEH2A",0.000346,0.346,0.08,0.066,1,"RNASEH2A"
"NPRL3",0.000346,0.106,0.386,0.36,1,"NPRL3"
"MAP3K19",0.000346,-0.499,0.015,0.022,1,"MAP3K19"
"GAREM2",0.000346,0.207,0.208,0.186,1,"GAREM2"
"PLSCR1",0.000348,0.131,0.137,0.118,1,"PLSCR1"
"ACOX3",0.000349,0.179,0.257,0.234,1,"ACOX3"
"FKBP2",0.000351,0.454,0.043,0.032,1,"FKBP2"
"SYNGR3",0.000351,0.339,0.065,0.052,1,"SYNGR3"
"ABRAXAS1",0.000351,0.187,0.261,0.239,1,"ABRAXAS1"
"TPP2",0.000352,0.163,0.488,0.47,1,"TPP2"
"HAS3",0.000353,0.709,0.018,0.012,1,"HAS3"
"ATG2B",0.000356,0.206,0.398,0.372,1,"ATG2B"
"ABT1",0.000356,0.126,0.267,0.242,1,"ABT1"
"CPM",0.000356,0.336,0.036,0.027,1,"CPM"
"HMG20A",0.000357,0.154,0.492,0.471,1,"HMG20A"
"TMEM11",0.000358,0.161,0.365,0.341,1,"TMEM11"
"AKIP1",0.00036,0.19,0.29,0.266,1,"AKIP1"
"EXOSC6",0.000362,0.204,0.479,0.459,1,"EXOSC6"
"PSD",0.000363,0.331,0.165,0.147,1,"PSD"
"SGTB",0.000364,0.19,0.363,0.338,1,"SGTB"
"SP9",0.000364,0.317,0.382,0.371,1,"SP9"
"SLC35B3",0.000365,0.186,0.308,0.286,1,"SLC35B3"
"TRPM8",0.000366,0.678,0.026,0.018,1,"TRPM8"
"ENSG00000280187",0.000366,0.25,0.071,0.057,1,"ENSG00000280187"
"CPNE2",0.000369,0.186,0.472,0.449,1,"CPNE2"
"DNAL1",0.000369,0.139,0.385,0.361,1,"DNAL1"
"IMP4",0.00037,0.196,0.255,0.231,1,"IMP4"
"ELAPOR2",0.000371,0.184,0.705,0.69,1,"ELAPOR2"
"POFUT1",0.000371,0.19,0.196,0.174,1,"POFUT1"
"HNRNPA1L2",0.000371,0.436,0.068,0.055,1,"HNRNPA1L2"
"ORC4",0.000371,0.116,0.743,0.73,1,"ORC4"
"MCM2",0.000372,0.19,0.146,0.127,1,"MCM2"
"CDKN2B",0.000376,0.323,0.058,0.046,1,"CDKN2B"
"NUP43",0.000377,0.2,0.277,0.256,1,"NUP43"
"H3C10",0.000379,0.694,0.032,0.023,1,"H3C10"
"PITPNM1",0.000379,0.433,0.072,0.059,1,"PITPNM1"
"YIPF4",0.000381,0.101,0.634,0.618,1,"YIPF4"
"ENSG00000280120",0.000383,0.632,0.024,0.017,1,"ENSG00000280120"
"BRD3OS",0.000383,0.136,0.234,0.21,1,"BRD3OS"
"POLD2",0.000383,0.134,0.446,0.422,1,"POLD2"
"DCLRE1B",0.000384,0.273,0.101,0.085,1,"DCLRE1B"
"LIN28B",0.00039,0.563,0.032,0.023,1,"LIN28B"
"LYRM9",0.000391,0.168,0.132,0.113,1,"LYRM9"
"RNF217",0.000392,0.21,0.297,0.274,1,"RNF217"
"NOTCH2NLA",0.000392,0.108,0.278,0.254,1,"NOTCH2NLA"
"TACC2",0.000393,0.188,0.404,0.381,1,"TACC2"
"DPCD",0.000394,0.139,0.291,0.267,1,"DPCD"
"SFRP1",0.000396,-0.182,0.449,0.46,1,"SFRP1"
"ZDHHC8",0.000396,0.26,0.172,0.153,1,"ZDHHC8"
"FKBPL",0.000397,0.302,0.079,0.065,1,"FKBPL"
"CCDC34",0.000399,0.189,0.307,0.284,1,"CCDC34"
"PCSK7",0.000399,0.157,0.337,0.312,1,"PCSK7"
"PLLP",0.0004,0.303,0.054,0.043,1,"PLLP"
"LPAR6",0.0004,0.323,0.147,0.129,1,"LPAR6"
"UBQLN1",0.000401,0.12,0.676,0.654,1,"UBQLN1"
"METTL25B",0.000403,0.205,0.173,0.152,1,"METTL25B"
"CASK",0.000405,-0.152,0.983,0.987,1,"CASK"
"PQBP1",0.000406,0.152,0.576,0.558,1,"PQBP1"
"MMP16",0.000407,0.463,0.791,0.782,1,"MMP16"
"COG8",0.000408,0.204,0.202,0.181,1,"COG8"
"FMNL2",0.000409,0.212,0.664,0.674,1,"FMNL2"
"TTC8",0.000411,0.115,0.342,0.317,1,"TTC8"
"KIAA0753",0.000411,0.114,0.388,0.363,1,"KIAA0753"
"LGALS1",0.000415,0.289,0.446,0.429,1,"LGALS1"
"KLHL8",0.000418,0.156,0.531,0.512,1,"KLHL8"
"SMIM19",0.000418,0.141,0.505,0.482,1,"SMIM19"
"CPD",0.000419,0.134,0.435,0.412,1,"CPD"
"MCAT",0.000421,0.223,0.161,0.143,1,"MCAT"
"GMPPA",0.000422,0.268,0.085,0.071,1,"GMPPA"
"HAGHL",0.000422,0.246,0.093,0.078,1,"HAGHL"
"ORMDL3",0.000423,0.164,0.18,0.159,1,"ORMDL3"
"ANKFY1",0.000424,0.133,0.621,0.609,1,"ANKFY1"
"COG6",0.000426,0.113,0.462,0.437,1,"COG6"
"HNRNPA1L3",0.000428,0.192,0.395,0.373,1,"HNRNPA1L3"
"DNAJB12",0.000428,0.156,0.326,0.302,1,"DNAJB12"
"LDLRAP1",0.000431,0.364,0.033,0.024,1,"LDLRAP1"
"USP46",0.000432,0.112,0.553,0.537,1,"USP46"
"UBALD1",0.000432,0.271,0.151,0.132,1,"UBALD1"
"FAM91A1",0.000433,0.148,0.401,0.379,1,"FAM91A1"
"EXD2",0.000435,0.194,0.338,0.314,1,"EXD2"
"RRP1B",0.000437,0.126,0.501,0.481,1,"RRP1B"
"FAF2",0.000441,0.148,0.605,0.593,1,"FAF2"
"ZC3H8",0.000442,0.183,0.506,0.485,1,"ZC3H8"
"SLC22A23",0.000442,-0.121,0.497,0.518,1,"SLC22A23"
"CDK5RAP3",0.000443,0.159,0.296,0.272,1,"CDK5RAP3"
"SMAD6",0.000444,0.541,0.016,0.01,1,"SMAD6"
"RIOK2",0.000444,0.159,0.323,0.298,1,"RIOK2"
"GK",0.000446,0.135,0.209,0.186,1,"GK"
"KDM6A",0.000446,0.115,0.714,0.706,1,"KDM6A"
"ULBP3",0.000447,0.857,0.012,0.007,1,"ULBP3"
"PRKCI",0.000447,0.14,0.562,0.545,1,"PRKCI"
"ZNF793",0.000449,0.152,0.373,0.347,1,"ZNF793"
"ATP13A3",0.000449,0.128,0.544,0.524,1,"ATP13A3"
"POLE4",0.00045,0.136,0.369,0.345,1,"POLE4"
"IFITM2",0.000454,0.218,0.104,0.088,1,"IFITM2"
"CC2D1B",0.000455,0.163,0.14,0.122,1,"CC2D1B"
"TAF1B",0.000455,0.139,0.524,0.503,1,"TAF1B"
"PRH1",0.000458,0.153,0.593,0.579,1,"PRH1"
"MGA",0.00046,0.129,0.549,0.537,1,"MGA"
"POLR3B",0.00046,0.21,0.318,0.294,1,"POLR3B"
"UAP1",0.00046,0.145,0.303,0.279,1,"UAP1"
"REC114",0.000462,0.506,0.042,0.032,1,"REC114"
"GSTM4",0.000464,0.286,0.123,0.106,1,"GSTM4"
"MFSD14A",0.00047,0.132,0.553,0.534,1,"MFSD14A"
"CARS1",0.000471,0.151,0.352,0.327,1,"CARS1"
"ZGPAT",0.000474,0.173,0.208,0.185,1,"ZGPAT"
"PAQR3",0.000477,0.132,0.302,0.279,1,"PAQR3"
"SLC9A4",0.000477,0.831,0.042,0.032,1,"SLC9A4"
"ZNF777",0.000477,0.203,0.162,0.142,1,"ZNF777"
"GSE1",0.000478,0.178,0.702,0.683,1,"GSE1"
"HECTD3",0.000478,0.276,0.111,0.095,1,"HECTD3"
"PLXNA3",0.000486,0.193,0.22,0.197,1,"PLXNA3"
"SIKE1",0.000487,0.134,0.399,0.376,1,"SIKE1"
"ORC2",0.000488,0.124,0.502,0.479,1,"ORC2"
"TNXB",0.000488,-0.423,0.031,0.041,1,"TNXB"
"NET1",0.000489,0.395,0.104,0.088,1,"NET1"
"PDXP",0.00049,0.22,0.223,0.202,1,"PDXP"
"CRYGD",0.000492,0.523,0.019,0.013,1,"CRYGD"
"NFXL1",0.000492,0.197,0.305,0.282,1,"NFXL1"
"YAE1",0.000492,0.159,0.375,0.349,1,"YAE1"
"PNRC1",0.000492,0.101,0.778,0.778,1,"PNRC1"
"MUSK",0.000494,-0.683,0.015,0.022,1,"MUSK"
"PTCD2",0.000497,0.132,0.182,0.161,1,"PTCD2"
"CSNK1G1",0.000502,0.111,0.461,0.438,1,"CSNK1G1"
"DDX31",0.000502,0.129,0.216,0.193,1,"DDX31"
"FKBP9",0.000503,0.211,0.234,0.213,1,"FKBP9"
"CNBD2",0.000503,0.286,0.108,0.092,1,"CNBD2"
"TADA1",0.000506,0.139,0.319,0.293,1,"TADA1"
"TKFC",0.000506,0.259,0.071,0.058,1,"TKFC"
"C1orf109",0.000507,0.218,0.2,0.179,1,"C1orf109"
"GMNN",0.000508,0.236,0.286,0.265,1,"GMNN"
"NSMAF",0.000512,0.175,0.455,0.428,1,"NSMAF"
"EIF5AL1",0.000513,0.499,0.054,0.043,1,"EIF5AL1"
"SETMAR",0.000516,0.308,0.185,0.166,1,"SETMAR"
"RNPEP",0.000518,0.127,0.381,0.36,1,"RNPEP"
"HACD2",0.00052,0.129,0.374,0.351,1,"HACD2"
"UBR7",0.000524,0.131,0.329,0.305,1,"UBR7"
"SLC29A2",0.000524,0.31,0.06,0.048,1,"SLC29A2"
"NUS1",0.000525,0.146,0.451,0.427,1,"NUS1"
"CBWD1",0.000525,0.13,0.317,0.292,1,"CBWD1"
"IFNAR2",0.000531,0.189,0.179,0.159,1,"IFNAR2"
"ZNF468",0.000532,0.308,0.082,0.068,1,"ZNF468"
"RELB",0.000532,0.383,0.099,0.084,1,"RELB"
"MROH6",0.000535,0.406,0.023,0.015,1,"MROH6"
"POTEF",0.000537,-0.193,0.327,0.348,1,"POTEF"
"C6orf47",0.000539,0.234,0.14,0.122,1,"C6orf47"
"SDSL",0.00054,0.246,0.115,0.099,1,"SDSL"
"AGBL5",0.000541,0.183,0.271,0.25,1,"AGBL5"
"SURF6",0.000541,0.163,0.237,0.216,1,"SURF6"
"CNTN1",0.000542,-1.404,0.006,0.011,1,"CNTN1"
"B4GALT5",0.00055,0.1,0.526,0.502,1,"B4GALT5"
"ZNF814",0.000551,0.161,0.446,0.426,1,"ZNF814"
"MDFI",0.000551,0.274,0.192,0.172,1,"MDFI"
"SMCR8",0.000555,0.362,0.097,0.082,1,"SMCR8"
"SNPH",0.000556,0.392,0.043,0.033,1,"SNPH"
"UNC93B1",0.000557,0.482,0.033,0.024,1,"UNC93B1"
"DMXL1",0.000559,0.107,0.696,0.688,1,"DMXL1"
"GALK2",0.00056,0.174,0.496,0.479,1,"GALK2"
"GPSM2",0.000562,0.106,0.588,0.568,1,"GPSM2"
"HMGXB3",0.000566,0.134,0.365,0.339,1,"HMGXB3"
"NPNT",0.000569,0.136,0.26,0.238,1,"NPNT"
"UBALD2",0.000571,0.243,0.351,0.331,1,"UBALD2"
"STX16",0.000572,0.125,0.591,0.572,1,"STX16"
"TRIM25",0.000573,0.185,0.207,0.186,1,"TRIM25"
"CDCA2",0.000576,-0.277,0.11,0.126,1,"CDCA2"
"PHF13",0.000582,0.203,0.193,0.174,1,"PHF13"
"ANKRD6",0.000583,0.152,0.642,0.634,1,"ANKRD6"
"SEMA6B",0.00059,-0.522,0.027,0.036,1,"SEMA6B"
"GINS4",0.00059,0.25,0.127,0.11,1,"GINS4"
"IQGAP2",0.00059,-0.176,0.471,0.481,1,"IQGAP2"
"UCKL1",0.000591,0.271,0.202,0.182,1,"UCKL1"
"ANKRA2",0.000595,0.129,0.271,0.247,1,"ANKRA2"
"RTN4RL1",0.000595,-0.632,0.006,0.011,1,"RTN4RL1"
"UTRN",0.000597,0.112,0.529,0.502,1,"UTRN"
"SCN9A",0.000598,0.383,0.032,0.023,1,"SCN9A"
"GORASP1",0.000598,0.219,0.137,0.119,1,"GORASP1"
"AEBP1",0.000599,0.276,0.087,0.072,1,"AEBP1"
"CLDND2",0.0006,0.272,0.035,0.026,1,"CLDND2"
"PEX16",0.000603,0.263,0.16,0.142,1,"PEX16"
"ENSG00000279753",0.000603,0.504,0.013,0.007,1,"ENSG00000279753"
"TBCEL",0.000606,0.148,0.418,0.395,1,"TBCEL"
"MEMO1",0.000608,0.201,0.233,0.211,1,"MEMO1"
"RAD51D",0.000608,0.2,0.234,0.212,1,"RAD51D"
"CFAP119",0.000608,0.203,0.08,0.066,1,"CFAP119"
"TP73",0.00061,0.779,0.018,0.012,1,"TP73"
"MFN2",0.000611,0.191,0.241,0.218,1,"MFN2"
"FANCG",0.000612,0.267,0.132,0.115,1,"FANCG"
"ITGA1",0.000613,0.445,0.043,0.033,1,"ITGA1"
"SLC13A4",0.000613,0.211,0.097,0.082,1,"SLC13A4"
"NIPA1",0.000614,0.18,0.325,0.301,1,"NIPA1"
"PPRC1",0.000615,0.224,0.151,0.133,1,"PPRC1"
"FBXW8",0.000618,0.129,0.419,0.393,1,"FBXW8"
"IER2",0.000619,0.162,0.47,0.446,1,"IER2"
"PTPRO",0.000619,-0.225,0.381,0.405,1,"PTPRO"
"SLC4A5",0.00062,-0.274,0.102,0.118,1,"SLC4A5"
"NCEH1",0.00062,0.292,0.071,0.058,1,"NCEH1"
"PAXX",0.00062,0.159,0.432,0.41,1,"PAXX"
"IMPDH2",0.000621,0.167,0.535,0.524,1,"IMPDH2"
"TLCD3A",0.000622,0.235,0.178,0.16,1,"TLCD3A"
"AHCTF1",0.000626,0.1,0.559,0.54,1,"AHCTF1"
"ANGPTL4",0.000626,-1.059,0.033,0.042,1,"ANGPTL4"
"FNBP1",0.000627,-0.154,0.685,0.7,1,"FNBP1"
"GPR156",0.000627,-0.481,0.06,0.073,1,"GPR156"
"GPT2",0.000629,-0.15,0.36,0.38,1,"GPT2"
"RGR",0.000631,0.612,0.026,0.018,1,"RGR"
"MBOAT7",0.000632,0.159,0.232,0.21,1,"MBOAT7"
"ENSG00000284686",0.000634,0.197,0.221,0.2,1,"ENSG00000284686"
"ABCA2",0.000635,0.216,0.132,0.115,1,"ABCA2"
"PUS10",0.000637,0.129,0.183,0.162,1,"PUS10"
"TTF2",0.000639,0.17,0.191,0.171,1,"TTF2"
"FRAT2",0.00064,0.366,0.119,0.103,1,"FRAT2"
"ZNF622",0.000641,0.247,0.245,0.225,1,"ZNF622"
"ARHGAP32",0.000642,0.101,0.829,0.816,1,"ARHGAP32"
"SHOC1",0.000644,0.213,0.214,0.194,1,"SHOC1"
"CYB5RL",0.000645,0.145,0.099,0.084,1,"CYB5RL"
"MMP11",0.000646,0.41,0.043,0.033,1,"MMP11"
"RHPN2",0.000647,0.202,0.243,0.221,1,"RHPN2"
"NFKB2",0.000647,0.376,0.055,0.044,1,"NFKB2"
"SWI5",0.00065,0.112,0.397,0.374,1,"SWI5"
"ASCC2",0.00065,0.175,0.307,0.283,1,"ASCC2"
"COQ5",0.000652,0.186,0.259,0.237,1,"COQ5"
"SLC35A1",0.000654,0.181,0.319,0.294,1,"SLC35A1"
"CCDC22",0.000654,0.178,0.114,0.098,1,"CCDC22"
"PLN",0.000654,0.348,0.043,0.033,1,"PLN"
"GALNT11",0.000657,0.138,0.558,0.54,1,"GALNT11"
"SRC",0.000659,0.207,0.244,0.223,1,"SRC"
"OPRD1",0.00066,0.638,0.011,0.006,1,"OPRD1"
"MAN2C1",0.000662,0.112,0.223,0.2,1,"MAN2C1"
"MSANTD4",0.000662,0.116,0.399,0.372,1,"MSANTD4"
"MAPKBP1",0.000666,0.12,0.358,0.333,1,"MAPKBP1"
"SYVN1",0.000667,0.141,0.122,0.105,1,"SYVN1"
"RNF207",0.000668,-0.56,0.022,0.03,1,"RNF207"
"GLUD2",0.000668,1.008,0.015,0.009,1,"GLUD2"
"CHST14",0.000671,0.295,0.118,0.102,1,"CHST14"
"INPP5A",0.000672,0.16,0.305,0.283,1,"INPP5A"
"SNX14",0.000672,0.164,0.352,0.33,1,"SNX14"
"E2F8",0.000673,-0.412,0.062,0.075,1,"E2F8"
"EPHB2",0.000675,-0.132,0.486,0.509,1,"EPHB2"
"SPIDR",0.00068,0.101,0.7,0.693,1,"SPIDR"
"PMM2",0.000685,0.11,0.371,0.349,1,"PMM2"
"SRSF12",0.000687,0.135,0.454,0.43,1,"SRSF12"
"MSL1",0.000688,0.159,0.528,0.51,1,"MSL1"
"MINDY3",0.000688,0.166,0.497,0.479,1,"MINDY3"
"PLEKHA2",0.000691,0.2,0.218,0.198,1,"PLEKHA2"
"PIR",0.000691,0.118,0.359,0.333,1,"PIR"
"SDAD1",0.000691,0.116,0.42,0.397,1,"SDAD1"
"BCL11A",0.000692,0.228,0.517,0.497,1,"BCL11A"
"PKIA",0.000697,0.18,0.742,0.733,1,"PKIA"
"KLHL1",0.0007,-1.229,0.006,0.011,1,"KLHL1"
"WNT3",0.000701,0.614,0.071,0.059,1,"WNT3"
"SETD3",0.000702,0.145,0.457,0.438,1,"SETD3"
"CBLL1",0.000702,0.161,0.307,0.284,1,"CBLL1"
"KBTBD3",0.000705,0.27,0.151,0.133,1,"KBTBD3"
"MATN2",0.000705,0.367,0.056,0.045,1,"MATN2"
"DEAF1",0.000706,0.148,0.483,0.466,1,"DEAF1"
"ABRAXAS2",0.000706,0.103,0.386,0.36,1,"ABRAXAS2"
"CD96",0.00071,0.245,0.017,0.011,1,"CD96"
"P2RX7",0.000711,0.234,0.067,0.055,1,"P2RX7"
"NMT2",0.000711,0.19,0.472,0.455,1,"NMT2"
"FBXO30",0.000715,0.148,0.45,0.427,1,"FBXO30"
"RNF113A",0.000717,0.321,0.158,0.14,1,"RNF113A"
"STOM",0.000718,-0.292,0.038,0.049,1,"STOM"
"GRK2",0.000718,0.283,0.198,0.179,1,"GRK2"
"LRCH2",0.000719,0.172,0.68,0.666,1,"LRCH2"
"MAN2B2",0.000725,0.16,0.124,0.107,1,"MAN2B2"
"AURKB",0.000725,-0.209,0.109,0.126,1,"AURKB"
"CZIB",0.000725,0.153,0.372,0.348,1,"CZIB"
"NME7",0.000726,0.108,0.66,0.651,1,"NME7"
"RIPOR2",0.00073,0.395,0.431,0.43,1,"RIPOR2"
"ZNF746",0.000731,0.176,0.208,0.187,1,"ZNF746"
"DEPTOR",0.000735,-0.193,0.019,0.027,1,"DEPTOR"
"ARX",0.000738,0.411,0.692,0.713,1,"ARX"
"BLVRA",0.000738,0.176,0.426,0.405,1,"BLVRA"
"JAKMIP3",0.00074,-0.56,0.007,0.012,1,"JAKMIP3"
"PRMT9",0.000741,0.131,0.213,0.192,1,"PRMT9"
"ADORA1",0.000741,0.122,0.144,0.126,1,"ADORA1"
"SLC2A9",0.000742,-0.785,0.013,0.019,1,"SLC2A9"
"HAUS6",0.000742,0.188,0.425,0.406,1,"HAUS6"
"TRAPPC6A",0.000742,0.183,0.237,0.215,1,"TRAPPC6A"
"RCN1",0.000745,0.101,0.55,0.538,1,"RCN1"
"PIERCE2",0.000749,0.291,0.111,0.095,1,"PIERCE2"
"CGRRF1",0.000751,0.165,0.305,0.284,1,"CGRRF1"
"TGFBRAP1",0.000752,0.182,0.253,0.231,1,"TGFBRAP1"
"HDAC3",0.000753,0.118,0.512,0.493,1,"HDAC3"
"STK11IP",0.000755,0.198,0.077,0.064,1,"STK11IP"
"GLIPR1",0.000756,0.451,0.064,0.052,1,"GLIPR1"
"TSPAN10",0.000763,0.19,0.065,0.053,1,"TSPAN10"
"NDUFAF2",0.000766,0.131,0.525,0.505,1,"NDUFAF2"
"MCM6",0.000767,0.27,0.235,0.216,1,"MCM6"
"CCDC169",0.000769,0.605,0.022,0.015,1,"CCDC169"
"GJB2",0.00077,-0.599,0.011,0.017,1,"GJB2"
"TGIF2",0.000771,0.284,0.199,0.18,1,"TGIF2"
"TTC4",0.000772,0.132,0.258,0.234,1,"TTC4"
"CFAP53",0.000773,0.227,0.103,0.088,1,"CFAP53"
"DNAJC30",0.000773,0.186,0.181,0.162,1,"DNAJC30"
"ENDOG",0.00078,0.133,0.332,0.307,1,"ENDOG"
"PI4KB",0.00078,0.118,0.316,0.292,1,"PI4KB"
"ZNF513",0.000781,0.179,0.112,0.096,1,"ZNF513"
"CHCHD4",0.000785,0.23,0.095,0.08,1,"CHCHD4"
"SLA",0.000787,-2.035,0.007,0.011,1,"SLA"
"IL10RB",0.000787,0.251,0.07,0.058,1,"IL10RB"
"INPP4A",0.000788,0.134,0.537,0.519,1,"INPP4A"
"TTC7A",0.000791,0.14,0.266,0.244,1,"TTC7A"
"METTL4",0.000796,0.174,0.285,0.263,1,"METTL4"
"TRABD",0.0008,0.2,0.189,0.169,1,"TRABD"
"MAP3K7",0.000802,0.163,0.524,0.509,1,"MAP3K7"
"UBL7",0.000803,0.306,0.159,0.141,1,"UBL7"
"SWSAP1",0.000804,0.28,0.041,0.031,1,"SWSAP1"
"RBSN",0.000808,0.143,0.443,0.422,1,"RBSN"
"NFYA",0.000808,0.217,0.215,0.194,1,"NFYA"
"ENSG00000279369",0.000809,-0.245,0.057,0.069,1,"ENSG00000279369"
"GPAM",0.000809,0.176,0.294,0.271,1,"GPAM"
"EHD3",0.000811,0.292,0.061,0.049,1,"EHD3"
"DGKE",0.000814,-0.254,0.137,0.154,1,"DGKE"
"FANK1",0.000817,0.216,0.154,0.135,1,"FANK1"
"NPTN",0.000818,0.104,0.584,0.567,1,"NPTN"
"MARS2",0.000818,0.376,0.047,0.037,1,"MARS2"
"DPYSL5",0.000819,0.198,0.739,0.725,1,"DPYSL5"
"TBC1D19",0.00082,0.11,0.601,0.578,1,"TBC1D19"
"ABHD14B",0.000821,0.25,0.042,0.032,1,"ABHD14B"
"SCO2",0.000822,0.171,0.152,0.133,1,"SCO2"
"DNER",0.000823,0.304,0.655,0.639,1,"DNER"
"KBTBD6",0.000824,0.227,0.272,0.25,1,"KBTBD6"
"RAD1",0.00083,0.195,0.291,0.27,1,"RAD1"
"SRP68",0.000831,0.18,0.344,0.322,1,"SRP68"
"RNF8",0.000833,0.133,0.386,0.361,1,"RNF8"
"RFC4",0.000834,0.183,0.23,0.209,1,"RFC4"
"DCAF17",0.000837,0.156,0.299,0.276,1,"DCAF17"
"DZIP1",0.000837,0.106,0.48,0.459,1,"DZIP1"
"CYTH3",0.000843,0.199,0.363,0.34,1,"CYTH3"
"NOTCH2",0.000844,0.119,0.553,0.532,1,"NOTCH2"
"TSPAN2",0.000849,-0.605,0.018,0.025,1,"TSPAN2"
"SIAH3",0.000854,0.409,0.083,0.071,1,"SIAH3"
"NOL9",0.000854,0.13,0.364,0.342,1,"NOL9"
"TEX261",0.000856,0.136,0.245,0.223,1,"TEX261"
"PLEKHA1",0.000859,0.17,0.391,0.368,1,"PLEKHA1"
"EPB41L2",0.00086,0.205,0.351,0.332,1,"EPB41L2"
"APBA3",0.000862,0.165,0.055,0.044,1,"APBA3"
"GNL2",0.000864,0.18,0.293,0.272,1,"GNL2"
"ZNF621",0.000866,0.144,0.292,0.269,1,"ZNF621"
"ALKBH6",0.000867,0.24,0.076,0.063,1,"ALKBH6"
"MFSD12",0.000872,0.152,0.166,0.148,1,"MFSD12"
"CNOT6",0.000873,0.104,0.641,0.625,1,"CNOT6"
"RERG",0.000873,-0.329,0.074,0.088,1,"RERG"
"THAP4",0.000873,0.217,0.266,0.244,1,"THAP4"
"IGSF8",0.000873,0.26,0.271,0.251,1,"IGSF8"
"B4GALT4",0.000876,0.158,0.25,0.229,1,"B4GALT4"
"RHOBTB2",0.000877,0.243,0.151,0.133,1,"RHOBTB2"
"PLEKHA8",0.000877,0.147,0.564,0.546,1,"PLEKHA8"
"ALDH1L1",0.00088,-0.341,0.054,0.066,1,"ALDH1L1"
"RMND5B",0.000883,0.169,0.36,0.339,1,"RMND5B"
"NMNAT2",0.000885,0.423,0.331,0.319,1,"NMNAT2"
"AP1S3",0.000887,0.177,0.087,0.072,1,"AP1S3"
"AP4E1",0.000887,0.177,0.299,0.278,1,"AP4E1"
"ACAD11",0.000894,0.144,0.346,0.322,1,"ACAD11"
"LYNX1",0.000896,-0.583,0.02,0.028,1,"LYNX1"
"PEX26",0.000899,0.128,0.335,0.311,1,"PEX26"
"CIBAR2",0.000906,0.576,0.02,0.013,1,"CIBAR2"
"MOB2",0.00091,0.178,0.184,0.164,1,"MOB2"
"SYT7",0.00091,-0.759,0.01,0.016,1,"SYT7"
"PREP",0.00091,0.163,0.331,0.307,1,"PREP"
"MSANTD2",0.000912,0.163,0.462,0.447,1,"MSANTD2"
"ARFGEF3",0.000915,0.59,0.128,0.114,1,"ARFGEF3"
"WHRN",0.000918,0.257,0.209,0.19,1,"WHRN"
"DACH2",0.000919,0.721,0.067,0.056,1,"DACH2"
"ARHGEF6",0.00092,0.136,0.347,0.324,1,"ARHGEF6"
"H2AC4",0.00092,0.592,0.032,0.024,1,"H2AC4"
"HLA-B",0.000928,0.297,0.214,0.195,1,"HLA-B"
"KRBOX4",0.000929,0.144,0.331,0.307,1,"KRBOX4"
"ABHD10",0.00093,0.14,0.352,0.33,1,"ABHD10"
"CSRP2",0.00093,-0.352,0.445,0.464,1,"CSRP2"
"WRAP73",0.000938,0.183,0.193,0.173,1,"WRAP73"
"RNF187",0.000943,0.126,0.491,0.468,1,"RNF187"
"RBM48",0.000944,0.2,0.236,0.216,1,"RBM48"
"RASSF9",0.000951,0.75,0.011,0.006,1,"RASSF9"
"BRPF3",0.000953,0.213,0.196,0.176,1,"BRPF3"
"SUFU",0.000955,0.133,0.368,0.344,1,"SUFU"
"CCDC126",0.000962,0.204,0.325,0.303,1,"CCDC126"
"CRBN",0.000963,0.123,0.569,0.554,1,"CRBN"
"TEKT1",0.000964,-0.259,0.014,0.021,1,"TEKT1"
"ENSG00000279692",0.000965,0.485,0.033,0.024,1,"ENSG00000279692"
"GOSR2",0.000965,0.112,0.43,0.408,1,"GOSR2"
"PSEN1",0.000965,0.149,0.569,0.546,1,"PSEN1"
"C11orf87",0.000968,-0.146,0.094,0.109,1,"C11orf87"
"RHBDD3",0.000969,0.155,0.269,0.248,1,"RHBDD3"
"DAAM2",0.000971,-0.114,0.132,0.15,1,"DAAM2"
"RNF40",0.000972,0.159,0.305,0.283,1,"RNF40"
"CCDC43",0.000976,0.175,0.332,0.309,1,"CCDC43"
"ERAP1",0.000976,0.201,0.11,0.095,1,"ERAP1"
"TLCD4",0.000977,-0.393,0.09,0.104,1,"TLCD4"
"C5orf22",0.000978,0.147,0.23,0.209,1,"C5orf22"
"MTX3",0.000985,0.16,0.294,0.271,1,"MTX3"
"MAOA",0.000987,-0.275,0.185,0.202,1,"MAOA"
"ENSG00000280078",0.000989,0.928,0.01,0.005,1,"ENSG00000280078"
"C19orf73",0.000991,0.558,0.036,0.028,1,"C19orf73"
"SLC35E4",0.000992,0.281,0.141,0.124,1,"SLC35E4"
"STAT5B",0.000995,0.121,0.59,0.571,1,"STAT5B"
"TYMP",0.000995,0.39,0.053,0.042,1,"TYMP"
"ADAT1",0.001,0.175,0.209,0.188,1,"ADAT1"
"TACC1",0.001,0.156,0.494,0.475,1,"TACC1"
"SLC10A3",0.001,0.477,0.041,0.032,1,"SLC10A3"
"PER1",0.001,-0.152,0.084,0.099,1,"PER1"
"CAMK2B",0.00101,-0.553,0.036,0.046,1,"CAMK2B"
"THUMPD3",0.00101,0.125,0.478,0.458,1,"THUMPD3"
"NUDT18",0.00101,0.603,0.029,0.022,1,"NUDT18"
"AGPS",0.00101,0.13,0.54,0.521,1,"AGPS"
"FHIP2B",0.00102,0.105,0.135,0.117,1,"FHIP2B"
"RHCG",0.00102,0.199,0.056,0.045,1,"RHCG"
"SLC35C2",0.00102,0.132,0.3,0.276,1,"SLC35C2"
"GLIPR1L1",0.00103,0.34,0.067,0.055,1,"GLIPR1L1"
"RARRES1",0.00103,0.251,0.128,0.111,1,"RARRES1"
"PIM3",0.00104,0.11,0.2,0.179,1,"PIM3"
"CAPN15",0.00104,0.232,0.123,0.107,1,"CAPN15"
"EIF2B1",0.00104,0.114,0.346,0.323,1,"EIF2B1"
"GNB4",0.00105,0.112,0.526,0.506,1,"GNB4"
"WDR61",0.00105,0.122,0.474,0.453,1,"WDR61"
"H2BC12",0.00105,0.604,0.027,0.02,1,"H2BC12"
"SLC33A1",0.00105,0.151,0.323,0.3,1,"SLC33A1"
"HPCAL4",0.00106,-0.246,0.011,0.017,1,"HPCAL4"
"CLIC2",0.00106,0.303,0.079,0.066,1,"CLIC2"
"TMEM222",0.00106,0.16,0.297,0.275,1,"TMEM222"
"CAVIN4",0.00107,-0.103,0.201,0.221,1,"CAVIN4"
"B3GALT9",0.00107,0.319,0.056,0.045,1,"B3GALT9"
"LDAF1",0.00107,0.237,0.177,0.158,1,"LDAF1"
"ZNF423",0.00107,0.156,0.294,0.272,1,"ZNF423"
"CCDC115",0.00107,0.131,0.323,0.3,1,"CCDC115"
"HMGB2",0.00108,-0.194,0.374,0.395,1,"HMGB2"
"KCTD4",0.00108,0.341,0.022,0.015,1,"KCTD4"
"STK17B",0.00108,-0.388,0.135,0.151,1,"STK17B"
"TIMELESS",0.00108,0.285,0.163,0.147,1,"TIMELESS"
"ABCA7",0.00108,0.485,0.036,0.027,1,"ABCA7"
"PARD6A",0.00109,0.296,0.205,0.187,1,"PARD6A"
"TRPM7",0.0011,0.111,0.624,0.614,1,"TRPM7"
"PIAS1",0.0011,0.103,0.817,0.803,1,"PIAS1"
"MIER2",0.0011,0.199,0.174,0.155,1,"MIER2"
"SLC35A2",0.00111,0.137,0.203,0.183,1,"SLC35A2"
"APH1B",0.00111,0.196,0.313,0.292,1,"APH1B"
"ZNF317",0.00112,0.131,0.181,0.162,1,"ZNF317"
"H2AX",0.00112,0.187,0.415,0.391,1,"H2AX"
"GPSM1",0.00112,0.222,0.247,0.227,1,"GPSM1"
"GRM1",0.00112,-0.353,0.023,0.031,1,"GRM1"
"LHX2",0.00112,-0.101,0.328,0.352,1,"LHX2"
"MAD1L1",0.00113,0.167,0.413,0.39,1,"MAD1L1"
"MGRN1",0.00113,0.111,0.441,0.418,1,"MGRN1"
"MDC1",0.00113,0.22,0.245,0.226,1,"MDC1"
"IPPK",0.00113,0.155,0.217,0.196,1,"IPPK"
"CSF1",0.00114,0.238,0.158,0.141,1,"CSF1"
"LINC00672",0.00114,0.261,0.114,0.099,1,"LINC00672"
"NEIL2",0.00114,0.162,0.196,0.177,1,"NEIL2"
"CCDC152",0.00114,0.469,0.075,0.062,1,"CCDC152"
"KCTD20",0.00115,0.119,0.587,0.57,1,"KCTD20"
"ETV4",0.00116,0.257,0.085,0.071,1,"ETV4"
"KIAA0895",0.00116,0.196,0.213,0.192,1,"KIAA0895"
"PPM1J",0.00116,0.352,0.015,0.01,1,"PPM1J"
"DISP1",0.00116,0.124,0.476,0.451,1,"DISP1"
"RHOXF1",0.00116,0.172,0.233,0.212,1,"RHOXF1"
"TGFB1",0.00117,0.144,0.28,0.259,1,"TGFB1"
"MRPL24",0.00118,0.12,0.317,0.294,1,"MRPL24"
"CCDC181",0.00118,0.116,0.193,0.175,1,"CCDC181"
"IFRD1",0.00119,0.127,0.342,0.318,1,"IFRD1"
"POGK",0.00119,0.163,0.412,0.391,1,"POGK"
"KLF9",0.0012,0.174,0.293,0.271,1,"KLF9"
"SLC7A2",0.0012,0.292,0.055,0.044,1,"SLC7A2"
"SLC66A1",0.0012,0.22,0.089,0.075,1,"SLC66A1"
"USP43",0.0012,0.362,0.011,0.007,1,"USP43"
"SAV1",0.00121,0.131,0.331,0.308,1,"SAV1"
"NR1H2",0.00121,0.207,0.264,0.243,1,"NR1H2"
"ZFPL1",0.00121,0.155,0.192,0.172,1,"ZFPL1"
"RWDD2A",0.00121,0.201,0.146,0.129,1,"RWDD2A"
"COL1A2",0.00122,0.209,0.034,0.026,1,"COL1A2"
"NPFFR2",0.00122,0.598,0.016,0.01,1,"NPFFR2"
"GABRR2",0.00122,0.384,0.03,0.022,1,"GABRR2"
"MOCOS",0.00122,-0.354,0.046,0.057,1,"MOCOS"
"UBE2O",0.00122,0.119,0.484,0.461,1,"UBE2O"
"ETV3",0.00122,0.164,0.169,0.15,1,"ETV3"
"NUFIP1",0.00123,0.193,0.281,0.258,1,"NUFIP1"
"SYTL2",0.00123,0.196,0.099,0.085,1,"SYTL2"
"DYNC2I2",0.00123,0.186,0.267,0.248,1,"DYNC2I2"
"ITGA5",0.00124,0.481,0.028,0.02,1,"ITGA5"
"POLR1A",0.00125,0.118,0.358,0.336,1,"POLR1A"
"ZNF837",0.00125,0.312,0.036,0.027,1,"ZNF837"
"NAA35",0.00125,0.107,0.63,0.618,1,"NAA35"
"SERPING1",0.00125,-0.419,0.019,0.026,1,"SERPING1"
"ACAT1",0.00126,0.125,0.574,0.564,1,"ACAT1"
"NOL6",0.00126,0.234,0.056,0.045,1,"NOL6"
"STK36",0.00127,0.272,0.136,0.119,1,"STK36"
"CATSPERB",0.00127,0.52,0.049,0.039,1,"CATSPERB"
"POFUT2",0.00127,0.258,0.142,0.125,1,"POFUT2"
"H2AC7",0.00127,0.508,0.025,0.018,1,"H2AC7"
"CHPF",0.00128,0.132,0.182,0.163,1,"CHPF"
"ZHX1",0.00129,0.127,0.597,0.587,1,"ZHX1"
"CMTM5",0.00129,-0.92,0.015,0.021,1,"CMTM5"
"INTS13",0.00129,0.145,0.238,0.218,1,"INTS13"
"TMEM102",0.00129,0.662,0.016,0.01,1,"TMEM102"
"RALGPS2",0.00129,0.193,0.477,0.459,1,"RALGPS2"
"MBTPS2",0.0013,0.145,0.29,0.266,1,"MBTPS2"
"JPH4",0.00131,0.239,0.362,0.341,1,"JPH4"
"PIEZO1",0.00131,0.165,0.084,0.071,1,"PIEZO1"
"LEMD2",0.00131,0.248,0.22,0.201,1,"LEMD2"
"MID1",0.00131,-0.114,0.462,0.477,1,"MID1"
"MAPK3",0.00132,0.172,0.206,0.186,1,"MAPK3"
"ENSG00000280143",0.00132,0.498,0.048,0.038,1,"ENSG00000280143"
"ENSG00000279673",0.00132,0.127,0.128,0.111,1,"ENSG00000279673"
"INO80C",0.00132,0.184,0.261,0.241,1,"INO80C"
"C16orf89",0.00132,-0.535,0.019,0.026,1,"C16orf89"
"ZCCHC10",0.00132,0.175,0.445,0.426,1,"ZCCHC10"
"CTSK",0.00133,0.317,0.092,0.079,1,"CTSK"
"SLC47A1",0.00133,-0.751,0.017,0.024,1,"SLC47A1"
"PCYOX1",0.00134,0.161,0.44,0.424,1,"PCYOX1"
"ARAP3",0.00134,0.299,0.096,0.082,1,"ARAP3"
"NUP37",0.00135,0.119,0.283,0.262,1,"NUP37"
"ASNSD1",0.00136,0.169,0.316,0.294,1,"ASNSD1"
"DNAJC27",0.00136,0.145,0.268,0.246,1,"DNAJC27"
"DNAAF5",0.00136,0.165,0.262,0.24,1,"DNAAF5"
"PKD1",0.00137,-0.13,0.221,0.241,1,"PKD1"
"PIAS2",0.00137,0.131,0.649,0.643,1,"PIAS2"
"ZNF264",0.00137,0.139,0.322,0.3,1,"ZNF264"
"ALDH3B1",0.00137,0.525,0.025,0.017,1,"ALDH3B1"
"SPON2",0.00137,0.314,0.057,0.046,1,"SPON2"
"OFD1",0.00137,0.109,0.505,0.48,1,"OFD1"
"MAPK9",0.00137,0.136,0.442,0.422,1,"MAPK9"
"TMEM53",0.00138,0.218,0.124,0.108,1,"TMEM53"
"POLR3A",0.00138,0.118,0.368,0.344,1,"POLR3A"
"ZMAT4",0.00138,0.205,0.051,0.041,1,"ZMAT4"
"TM6SF1",0.00138,0.283,0.113,0.098,1,"TM6SF1"
"CWC25",0.00139,0.12,0.335,0.311,1,"CWC25"
"CENPB",0.00139,0.175,0.24,0.22,1,"CENPB"
"ZNF37A",0.00139,0.158,0.652,0.644,1,"ZNF37A"
"RBPMS2",0.00139,0.293,0.05,0.04,1,"RBPMS2"
"NELFB",0.0014,0.163,0.315,0.293,1,"NELFB"
"CHEK1",0.0014,0.181,0.261,0.241,1,"CHEK1"
"FREM2",0.00141,0.275,0.428,0.409,1,"FREM2"
"SLC6A1",0.00141,0.2,0.38,0.421,1,"SLC6A1"
"GPAT4",0.00142,0.193,0.272,0.251,1,"GPAT4"
"PTPRF",0.00142,-0.172,0.314,0.335,1,"PTPRF"
"ZBTB22",0.00142,0.234,0.193,0.175,1,"ZBTB22"
"PWWP2A",0.00143,0.113,0.59,0.587,1,"PWWP2A"
"RRP7A",0.00144,0.153,0.328,0.308,1,"RRP7A"
"RASGEF1B",0.00145,0.171,0.079,0.067,1,"RASGEF1B"
"TRO",0.00145,0.274,0.198,0.179,1,"TRO"
"SH3PXD2A",0.00145,-0.194,0.254,0.272,1,"SH3PXD2A"
"RHOT2",0.00146,0.137,0.188,0.169,1,"RHOT2"
"NIPSNAP1",0.00146,0.115,0.366,0.345,1,"NIPSNAP1"
"TMEM45A",0.00146,-0.16,0.145,0.127,1,"TMEM45A"
"VSIR",0.00147,-0.725,0.006,0.01,1,"VSIR"
"TRAF3IP1",0.00147,0.115,0.346,0.322,1,"TRAF3IP1"
"CMPK2",0.00148,-0.299,0.023,0.031,1,"CMPK2"
"NECTIN2",0.00149,0.137,0.3,0.28,1,"NECTIN2"
"MOSMO",0.00149,0.105,0.595,0.576,1,"MOSMO"
"RASGRF2",0.00149,0.277,0.138,0.122,1,"RASGRF2"
"KIN",0.0015,0.124,0.474,0.454,1,"KIN"
"ARMT1",0.0015,0.184,0.303,0.282,1,"ARMT1"
"FIGNL1",0.0015,-0.145,0.16,0.178,1,"FIGNL1"
"MGP",0.0015,-0.992,0.013,0.019,1,"MGP"
"TFCP2",0.00151,0.135,0.207,0.187,1,"TFCP2"
"SRRD",0.00152,0.207,0.201,0.182,1,"SRRD"
"RXRB",0.00152,0.179,0.139,0.123,1,"RXRB"
"CRAT",0.00153,0.229,0.188,0.17,1,"CRAT"
"TMCC3",0.00153,0.617,0.051,0.041,1,"TMCC3"
"SPATA45",0.00153,0.667,0.016,0.01,1,"SPATA45"
"TMEM201",0.00153,0.23,0.113,0.098,1,"TMEM201"
"PANK2",0.00153,0.105,0.667,0.655,1,"PANK2"
"TNFRSF10C",0.00154,0.553,0.01,0.006,1,"TNFRSF10C"
"HECA",0.00155,-0.122,0.251,0.271,1,"HECA"
"FAM78A",0.00155,0.613,0.011,0.006,1,"FAM78A"
"KIAA1549L",0.00155,-0.213,0.545,0.553,1,"KIAA1549L"
"ZNF346",0.00155,0.134,0.444,0.426,1,"ZNF346"
"HS3ST1",0.00156,0.701,0.012,0.007,1,"HS3ST1"
"SP5",0.00156,0.61,0.031,0.024,1,"SP5"
"C17orf114",0.00156,0.493,0.034,0.025,1,"C17orf114"
"CHRNA5",0.00156,0.285,0.087,0.074,1,"CHRNA5"
"CALN1",0.00156,-0.485,0.032,0.042,1,"CALN1"
"FAM102A",0.00156,-0.177,0.242,0.259,1,"FAM102A"
"HRH2",0.00157,-0.779,0.009,0.015,1,"HRH2"
"ADHFE1",0.00157,-0.3,0.144,0.16,1,"ADHFE1"
"ZNF35",0.00157,0.144,0.258,0.237,1,"ZNF35"
"BCAR3",0.00157,0.14,0.295,0.274,1,"BCAR3"
"CNTN3",0.00159,-0.132,0.03,0.039,1,"CNTN3"
"GAL3ST4",0.0016,0.335,0.118,0.104,1,"GAL3ST4"
"ZBTB32",0.0016,0.268,0.041,0.032,1,"ZBTB32"
"LRRC47",0.0016,0.172,0.262,0.241,1,"LRRC47"
"MBTPS1",0.00161,0.138,0.519,0.5,1,"MBTPS1"
"FAM171A2",0.00161,0.201,0.273,0.253,1,"FAM171A2"
"CAMKK2",0.00161,0.102,0.325,0.302,1,"CAMKK2"
"KNOP1",0.00162,0.114,0.472,0.458,1,"KNOP1"
"TSR3",0.00162,0.143,0.488,0.47,1,"TSR3"
"DNAL4",0.00162,0.2,0.175,0.157,1,"DNAL4"
"NOMO1",0.00162,0.169,0.175,0.157,1,"NOMO1"
"ZNF610",0.00162,0.242,0.176,0.159,1,"ZNF610"
"ZNF112",0.00163,0.183,0.251,0.231,1,"ZNF112"
"ACSS2",0.00163,0.145,0.217,0.196,1,"ACSS2"
"ENSG00000170846",0.00164,0.222,0.148,0.131,1,"ENSG00000170846"
"ARC",0.00164,0.491,0.079,0.067,1,"ARC"
"TMEM259",0.00164,0.154,0.309,0.287,1,"TMEM259"
"LCTL",0.00164,0.271,0.042,0.033,1,"LCTL"
"NUP133",0.00165,0.123,0.461,0.438,1,"NUP133"
"CFAP70",0.00165,0.107,0.111,0.096,1,"CFAP70"
"RNF185",0.00165,0.106,0.377,0.355,1,"RNF185"
"TERF1",0.00166,0.144,0.652,0.64,1,"TERF1"
"C4orf51",0.00166,0.53,0.024,0.017,1,"C4orf51"
"ZNF691",0.00166,0.247,0.08,0.068,1,"ZNF691"
"REXO4",0.00167,0.165,0.243,0.222,1,"REXO4"
"SYNCRIP",0.00168,0.109,0.536,0.524,1,"SYNCRIP"
"IL20RB",0.00168,0.143,0.111,0.095,1,"IL20RB"
"ZNF629",0.00168,0.291,0.166,0.149,1,"ZNF629"
"CES2",0.00168,0.193,0.23,0.21,1,"CES2"
"HMCES",0.00168,0.185,0.297,0.277,1,"HMCES"
"NR2C2AP",0.00169,0.187,0.114,0.099,1,"NR2C2AP"
"PLEKHH3",0.00169,0.169,0.238,0.217,1,"PLEKHH3"
"ZNF74",0.00169,0.175,0.224,0.204,1,"ZNF74"
"ACADS",0.00169,0.273,0.082,0.069,1,"ACADS"
"SEZ6L",0.00169,0.398,0.269,0.249,1,"SEZ6L"
"H2BC15",0.00169,-0.634,0.06,0.071,1,"H2BC15"
"WASF3",0.0017,0.161,0.482,0.465,1,"WASF3"
"GEMIN7",0.0017,0.408,0.114,0.1,1,"GEMIN7"
"ZNF85",0.0017,0.198,0.252,0.233,1,"ZNF85"
"RIPOR3",0.00171,0.223,0.07,0.058,1,"RIPOR3"
"PCIF1",0.00171,0.231,0.21,0.192,1,"PCIF1"
"MBTD1",0.00171,0.126,0.639,0.62,1,"MBTD1"
"TLCD2",0.00171,0.315,0.03,0.022,1,"TLCD2"
"GTF3C2",0.00171,0.123,0.319,0.294,1,"GTF3C2"
"TMEM106A",0.00171,0.764,0.017,0.011,1,"TMEM106A"
"SPATA33",0.00172,0.155,0.234,0.212,1,"SPATA33"
"GPR18",0.00173,0.524,0.032,0.024,1,"GPR18"
"QSOX1",0.00173,0.16,0.143,0.126,1,"QSOX1"
"IGF1",0.00173,0.396,0.055,0.045,1,"IGF1"
"MGME1",0.00174,0.114,0.315,0.295,1,"MGME1"
"RAP1GAP",0.00174,-0.318,0.066,0.078,1,"RAP1GAP"
"NUDT4B",0.00174,0.385,0.048,0.038,1,"NUDT4B"
"FAM120AOS",0.00174,0.144,0.439,0.42,1,"FAM120AOS"
"ZMAT1",0.00174,0.101,0.458,0.438,1,"ZMAT1"
"SPATA22",0.00176,-0.737,0.007,0.011,1,"SPATA22"
"ENPP2",0.00176,0.813,0.014,0.009,1,"ENPP2"
"ZNF764",0.00177,0.358,0.112,0.098,1,"ZNF764"
"MSRB3",0.00177,0.324,0.076,0.064,1,"MSRB3"
"PAFAH1B3",0.00177,0.12,0.807,0.801,1,"PAFAH1B3"
"FKRP",0.00178,0.102,0.202,0.181,1,"FKRP"
"TCTE1",0.00179,-0.563,0.014,0.021,1,"TCTE1"
"LRIG1",0.00179,0.249,0.57,0.567,1,"LRIG1"
"PTPRG",0.00179,-0.28,0.565,0.584,1,"PTPRG"
"GALNT15",0.00179,-0.449,0.029,0.038,1,"GALNT15"
"PLBD1",0.0018,0.334,0.069,0.057,1,"PLBD1"
"PPP5C",0.00181,0.126,0.391,0.366,1,"PPP5C"
"RPRD1A",0.00181,0.105,0.72,0.712,1,"RPRD1A"
"SUMO4",0.00181,0.203,0.078,0.066,1,"SUMO4"
"VAC14",0.00182,0.216,0.258,0.238,1,"VAC14"
"STRADA",0.00182,0.123,0.492,0.476,1,"STRADA"
"CDK11A",0.00182,0.153,0.313,0.293,1,"CDK11A"
"DGKQ",0.00182,0.439,0.082,0.069,1,"DGKQ"
"ATP7A",0.00182,0.234,0.209,0.191,1,"ATP7A"
"UAP1L1",0.00183,0.155,0.072,0.06,1,"UAP1L1"
"NUP210",0.00183,0.153,0.209,0.189,1,"NUP210"
"CACNG5",0.00184,0.272,0.041,0.032,1,"CACNG5"
"SLC35C1",0.00184,0.224,0.066,0.054,1,"SLC35C1"
"AP5S1",0.00184,0.28,0.082,0.07,1,"AP5S1"
"RIIAD1",0.00185,0.67,0.021,0.015,1,"RIIAD1"
"SLC35F5",0.00186,0.104,0.522,0.502,1,"SLC35F5"
"FAM217A",0.00186,0.179,0.078,0.066,1,"FAM217A"
"NAA60",0.00186,0.152,0.402,0.382,1,"NAA60"
"EBP",0.00187,0.111,0.305,0.281,1,"EBP"
"GAA",0.00187,0.301,0.108,0.094,1,"GAA"
"GNPDA2",0.00187,0.118,0.477,0.457,1,"GNPDA2"
"MSRA",0.00188,0.158,0.768,0.751,1,"MSRA"
"ENSG00000279119",0.00189,0.421,0.01,0.005,1,"ENSG00000279119"
"MALSU1",0.00189,0.131,0.46,0.441,1,"MALSU1"
"LITAF",0.00189,0.119,0.394,0.372,1,"LITAF"
"TNIP1",0.0019,-0.233,0.176,0.192,1,"TNIP1"
"CDK12",0.0019,0.153,0.562,0.552,1,"CDK12"
"BAG3",0.00191,0.119,0.14,0.123,1,"BAG3"
"ASIC1",0.00192,0.331,0.16,0.143,1,"ASIC1"
"ACVR1C",0.00193,-1.435,0.006,0.01,1,"ACVR1C"
"BCL2L13",0.00193,0.102,0.427,0.407,1,"BCL2L13"
"SNX21",0.00193,0.237,0.145,0.129,1,"SNX21"
"POP1",0.00194,0.126,0.191,0.171,1,"POP1"
"THAP8",0.00194,0.211,0.109,0.095,1,"THAP8"
"ZNF93",0.00194,0.226,0.304,0.288,1,"ZNF93"
"ELP3",0.00195,0.103,0.421,0.397,1,"ELP3"
"TMEM18",0.00195,0.159,0.379,0.36,1,"TMEM18"
"CDKN1B",0.00195,0.156,0.676,0.66,1,"CDKN1B"
"CIC",0.00196,0.151,0.258,0.238,1,"CIC"
"KAZN",0.00196,-0.199,0.419,0.44,1,"KAZN"
"SLC1A4",0.00196,-0.289,0.126,0.141,1,"SLC1A4"
"EXPH5",0.00197,0.164,0.083,0.07,1,"EXPH5"
"IFT140",0.00197,0.22,0.285,0.266,1,"IFT140"
"NUDT15",0.00198,0.258,0.158,0.141,1,"NUDT15"
"SEC24D",0.00199,0.141,0.186,0.167,1,"SEC24D"
"GOLGA8A",0.00199,-0.24,0.346,0.364,1,"GOLGA8A"
"DOHH",0.002,0.222,0.128,0.112,1,"DOHH"
"ALKAL2",0.002,0.285,0.011,0.007,1,"ALKAL2"
"NFRKB",0.00201,0.15,0.323,0.301,1,"NFRKB"
"PIP4K2C",0.00202,0.22,0.127,0.111,1,"PIP4K2C"
"TRAPPC10",0.00202,0.105,0.497,0.477,1,"TRAPPC10"
"AMMECR1L",0.00203,0.209,0.223,0.203,1,"AMMECR1L"
"ZNF512B",0.00203,0.228,0.2,0.183,1,"ZNF512B"
"MBD3",0.00204,0.187,0.278,0.257,1,"MBD3"
"EXOSC2",0.00204,0.203,0.197,0.178,1,"EXOSC2"
"TRIM41",0.00205,0.194,0.136,0.121,1,"TRIM41"
"HNMT",0.00205,-0.26,0.142,0.159,1,"HNMT"
"MRPS22",0.00207,0.122,0.472,0.451,1,"MRPS22"
"GBA2",0.00207,0.231,0.215,0.198,1,"GBA2"
"PCDH11Y",0.00207,-0.6,0.018,0.024,1,"PCDH11Y"
"SGTA",0.00207,0.107,0.25,0.229,1,"SGTA"
"KPTN",0.00208,0.105,0.122,0.107,1,"KPTN"
"SLC48A1",0.00208,0.188,0.156,0.139,1,"SLC48A1"
"FAM153A",0.00209,-0.9,0.006,0.01,1,"FAM153A"
"PDZD7",0.00209,-0.867,0.007,0.012,1,"PDZD7"
"GCNT7",0.0021,0.436,0.061,0.05,1,"GCNT7"
"ENSG00000278909",0.0021,0.743,0.012,0.007,1,"ENSG00000278909"
"OSBPL3",0.00212,0.12,0.216,0.198,1,"OSBPL3"
"VASN",0.00212,0.21,0.053,0.043,1,"VASN"
"C18orf21",0.00212,0.141,0.237,0.216,1,"C18orf21"
"RNF4",0.00213,0.141,0.438,0.418,1,"RNF4"
"PPIL3",0.00213,0.129,0.46,0.441,1,"PPIL3"
"RPAP1",0.00213,0.151,0.222,0.202,1,"RPAP1"
"NMNAT1",0.00214,0.216,0.209,0.19,1,"NMNAT1"
"ARSA",0.00214,0.397,0.054,0.044,1,"ARSA"
"RWDD2B",0.00214,0.255,0.082,0.07,1,"RWDD2B"
"TMEM168",0.00215,0.162,0.252,0.231,1,"TMEM168"
"PIGW",0.00216,0.23,0.059,0.048,1,"PIGW"
"FAM189A1",0.00216,0.206,0.136,0.121,1,"FAM189A1"
"SAMD4B",0.00216,0.114,0.555,0.539,1,"SAMD4B"
"KCTD7",0.00216,-0.192,0.217,0.236,1,"KCTD7"
"AMH",0.00216,0.435,0.08,0.068,1,"AMH"
"AK2",0.00217,0.131,0.336,0.316,1,"AK2"
"BACH2",0.00217,0.158,0.637,0.627,1,"BACH2"
"TRIM26",0.00218,0.157,0.275,0.255,1,"TRIM26"
"CYB561D1",0.00218,0.221,0.084,0.071,1,"CYB561D1"
"LRRK2",0.00219,-0.624,0.013,0.019,1,"LRRK2"
"MGAT2",0.00219,0.211,0.234,0.216,1,"MGAT2"
"HHAT",0.0022,0.654,0.084,0.072,1,"HHAT"
"CDH1",0.00221,-0.2,0.043,0.053,1,"CDH1"
"HTR2B",0.00221,0.562,0.034,0.026,1,"HTR2B"
"BMF",0.00222,0.831,0.018,0.012,1,"BMF"
"HEATR1",0.00222,0.103,0.353,0.332,1,"HEATR1"
"CARMIL3",0.00222,-0.305,0.016,0.023,1,"CARMIL3"
"NPM2",0.00222,-0.376,0.019,0.026,1,"NPM2"
"MBLAC1",0.00222,-0.239,0.036,0.045,1,"MBLAC1"
"ACP6",0.00223,0.194,0.235,0.216,1,"ACP6"
"TTC23L",0.00225,-0.443,0.068,0.08,1,"TTC23L"
"CCDC157",0.00225,0.298,0.077,0.065,1,"CCDC157"
"PCDHGA10",0.00225,0.258,0.395,0.384,1,"PCDHGA10"
"CROT",0.00226,0.434,0.478,0.454,1,"CROT"
"SPINK5",0.00227,0.152,0.325,0.305,1,"SPINK5"
"MZT2A",0.00228,0.131,0.588,0.58,1,"MZT2A"
"FAT4",0.00228,0.276,0.139,0.123,1,"FAT4"
"TMEM250",0.00228,0.192,0.181,0.163,1,"TMEM250"
"SH2B1",0.00229,0.182,0.29,0.272,1,"SH2B1"
"ZNF330",0.0023,0.123,0.319,0.298,1,"ZNF330"
"C10orf88",0.00231,0.168,0.221,0.202,1,"C10orf88"
"GALNT4",0.00232,0.132,0.1,0.087,1,"GALNT4"
"ENKD1",0.00232,0.215,0.143,0.127,1,"ENKD1"
"NCAM2",0.00233,0.283,0.555,0.538,1,"NCAM2"
"ALDH4A1",0.00233,0.286,0.08,0.068,1,"ALDH4A1"
"NDUFV1",0.00234,0.127,0.55,0.535,1,"NDUFV1"
"FZD2",0.00236,-0.112,0.31,0.328,1,"FZD2"
"SH3BGRL2",0.00236,0.298,0.169,0.152,1,"SH3BGRL2"
"KCNG2",0.00236,-0.359,0.027,0.036,1,"KCNG2"
"ZIC3",0.00236,0.583,0.04,0.032,1,"ZIC3"
"DCAF15",0.00237,0.185,0.245,0.226,1,"DCAF15"
"AMDHD1",0.00237,0.511,0.011,0.007,1,"AMDHD1"
"VAMP4",0.00237,0.126,0.257,0.236,1,"VAMP4"
"PLAGL2",0.00237,0.222,0.178,0.161,1,"PLAGL2"
"SENP1",0.00238,0.146,0.347,0.325,1,"SENP1"
"TSR1",0.00238,0.125,0.33,0.31,1,"TSR1"
"HMGXB4",0.00239,0.12,0.535,0.521,1,"HMGXB4"
"CEP128",0.00239,-0.194,0.33,0.351,1,"CEP128"
"ENSG00000279207",0.00239,0.249,0.116,0.101,1,"ENSG00000279207"
"GDPD2",0.00241,-0.298,0.053,0.064,1,"GDPD2"
"SPATA12",0.00241,0.311,0.045,0.036,1,"SPATA12"
"ACSS3",0.00241,0.391,0.142,0.127,1,"ACSS3"
"MIEF1",0.00242,0.187,0.3,0.281,1,"MIEF1"
"HGS",0.00242,0.122,0.232,0.212,1,"HGS"
"WDR5",0.00242,0.122,0.264,0.244,1,"WDR5"
"SDHAF4",0.00243,0.113,0.201,0.182,1,"SDHAF4"
"STAT4",0.00247,-0.432,0.018,0.024,1,"STAT4"
"ATG2A",0.00247,0.232,0.145,0.129,1,"ATG2A"
"ANAPC4",0.00249,0.129,0.318,0.298,1,"ANAPC4"
"N6AMT1",0.00249,0.171,0.136,0.12,1,"N6AMT1"
"ZFP36",0.00249,0.212,0.13,0.115,1,"ZFP36"
"SULF1",0.00251,0.354,0.074,0.087,1,"SULF1"
"CCDC9B",0.00252,0.562,0.039,0.031,1,"CCDC9B"
"PPARA",0.00252,0.134,0.272,0.25,1,"PPARA"
"ING4",0.00253,0.104,0.47,0.449,1,"ING4"
"ENSG00000279118",0.00255,-0.507,0.022,0.03,1,"ENSG00000279118"
"LMF2",0.00255,0.234,0.153,0.137,1,"LMF2"
"TRIM32",0.00256,0.2,0.139,0.123,1,"TRIM32"
"PDE12",0.00256,0.241,0.216,0.197,1,"PDE12"
"RNF26",0.00259,0.215,0.088,0.075,1,"RNF26"
"C2orf72",0.00259,-0.195,0.306,0.322,1,"C2orf72"
"NDUFAF7",0.0026,0.19,0.283,0.263,1,"NDUFAF7"
"LYSMD2",0.0026,0.245,0.098,0.085,1,"LYSMD2"
"UBOX5",0.0026,0.177,0.114,0.1,1,"UBOX5"
"ETFB",0.00262,-0.116,0.562,0.588,1,"ETFB"
"YTHDF1",0.00262,0.142,0.308,0.288,1,"YTHDF1"
"TPRG1L",0.00262,0.21,0.105,0.091,1,"TPRG1L"
"EXOSC9",0.00263,0.158,0.316,0.298,1,"EXOSC9"
"ZNF791",0.00264,0.137,0.426,0.403,1,"ZNF791"
"FAM181B",0.00265,0.173,0.494,0.479,1,"FAM181B"
"MARK1",0.00266,0.127,0.834,0.835,1,"MARK1"
"CFAP20DC",0.00267,0.566,0.028,0.021,1,"CFAP20DC"
"C1orf54",0.00267,0.128,0.359,0.338,1,"C1orf54"
"FCHSD1",0.00268,0.427,0.047,0.038,1,"FCHSD1"
"EPN1",0.00268,0.14,0.456,0.437,1,"EPN1"
"DZANK1",0.00269,0.101,0.24,0.219,1,"DZANK1"
"ZNF267",0.0027,0.166,0.16,0.143,1,"ZNF267"
"SGF29",0.0027,-0.154,0.162,0.178,1,"SGF29"
"KLLN",0.0027,0.72,0.011,0.006,1,"KLLN"
"SLC38A1",0.0027,0.102,0.275,0.254,1,"SLC38A1"
"DUS2",0.0027,0.118,0.18,0.162,1,"DUS2"
"SKIV2L",0.00271,0.291,0.088,0.075,1,"SKIV2L"
"ZSWIM9",0.00271,0.174,0.195,0.177,1,"ZSWIM9"
"TTC5",0.00273,0.151,0.394,0.374,1,"TTC5"
"MCF2",0.00274,-0.424,0.047,0.057,1,"MCF2"
"CP",0.00276,0.581,0.028,0.021,1,"CP"
"CD99L2",0.00279,0.132,0.513,0.499,1,"CD99L2"
"SLC12A5",0.00279,0.336,0.08,0.068,1,"SLC12A5"
"APOL4",0.00279,-0.161,0.033,0.041,1,"APOL4"
"TVP23C",0.00281,0.205,0.092,0.079,1,"TVP23C"
"CARHSP1",0.00281,0.103,0.681,0.666,1,"CARHSP1"
"ENSG00000214265",0.00281,0.11,0.706,0.699,1,"ENSG00000214265"
"RAPGEF6",0.00281,0.1,0.691,0.682,1,"RAPGEF6"
"EXOSC10",0.00282,0.107,0.394,0.372,1,"EXOSC10"
"GNAT2",0.00282,0.441,0.028,0.021,1,"GNAT2"
"HES1",0.00282,0.134,0.387,0.366,1,"HES1"
"DAZAP1",0.00282,0.158,0.388,0.371,1,"DAZAP1"
"TMEM74B",0.00283,-0.877,0.007,0.011,1,"TMEM74B"
"STPG2",0.00283,0.166,0.075,0.063,1,"STPG2"
"MARCHF10",0.00284,0.397,0.018,0.013,1,"MARCHF10"
"UNG",0.00284,0.151,0.289,0.269,1,"UNG"
"PCGF1",0.00284,0.256,0.098,0.085,1,"PCGF1"
"ANKUB1",0.00284,0.103,0.717,0.698,1,"ANKUB1"
"MBD6",0.00285,0.142,0.186,0.168,1,"MBD6"
"CEBPZOS",0.00285,0.161,0.176,0.159,1,"CEBPZOS"
"APOBEC3C",0.00287,0.412,0.023,0.016,1,"APOBEC3C"
"USP13",0.00289,-0.122,0.421,0.442,1,"USP13"
"B3GALT4",0.00289,-0.112,0.032,0.041,1,"B3GALT4"
"SETD1B",0.00289,0.2,0.258,0.239,1,"SETD1B"
"ENO1",0.0029,-0.187,0.776,0.79,1,"ENO1"
"IQCG",0.0029,0.153,0.359,0.339,1,"IQCG"
"TARS3",0.00291,0.186,0.377,0.358,1,"TARS3"
"INF2",0.00293,0.365,0.068,0.057,1,"INF2"
"AGO4",0.00293,0.127,0.553,0.536,1,"AGO4"
"DRAXIN",0.00293,-0.142,0.345,0.36,1,"DRAXIN"
"THAP12",0.00294,0.116,0.533,0.516,1,"THAP12"
"STMN3",0.00294,0.172,0.406,0.388,1,"STMN3"
"TNNI3K",0.00294,-0.381,0.016,0.022,1,"TNNI3K"
"PCP4",0.00294,0.5,0.07,0.058,1,"PCP4"
"CNIH3",0.00295,0.241,0.373,0.356,1,"CNIH3"
"PRKCB",0.00296,-0.387,0.01,0.015,1,"PRKCB"
"CBS",0.00296,0.154,0.184,0.167,1,"CBS"
"CLK4",0.00296,0.154,0.325,0.304,1,"CLK4"
"THUMPD1",0.00297,0.125,0.477,0.457,1,"THUMPD1"
"UHRF1BP1",0.00298,0.105,0.383,0.363,1,"UHRF1BP1"
"ZNF681",0.00299,0.145,0.268,0.249,1,"ZNF681"
"KDM5C",0.00299,0.102,0.574,0.556,1,"KDM5C"
"PNCK",0.00299,-0.425,0.059,0.07,1,"PNCK"
"WBP2",0.003,0.119,0.376,0.353,1,"WBP2"
"GLT1D1",0.003,-0.223,0.013,0.018,1,"GLT1D1"
"AAR2",0.003,0.133,0.2,0.181,1,"AAR2"
"ADAMTS15",0.003,0.633,0.022,0.016,1,"ADAMTS15"
"ENSG00000278905",0.00301,-0.219,0.085,0.098,1,"ENSG00000278905"
"ABLIM2",0.00301,0.244,0.171,0.155,1,"ABLIM2"
"HGSNAT",0.00301,0.147,0.538,0.525,1,"HGSNAT"
"POC1B",0.00302,0.137,0.329,0.309,1,"POC1B"
"TRIM27",0.00306,0.144,0.328,0.307,1,"TRIM27"
"HPCAL1",0.00306,-0.33,0.261,0.274,1,"HPCAL1"
"MAP1LC3A",0.00307,0.266,0.126,0.111,1,"MAP1LC3A"
"ZBTB45",0.00308,0.219,0.083,0.071,1,"ZBTB45"
"RIN2",0.00309,0.149,0.522,0.504,1,"RIN2"
"DCHS1",0.00311,0.236,0.312,0.296,1,"DCHS1"
"LEAP2",0.00312,0.265,0.075,0.064,1,"LEAP2"
"ZNF823",0.00313,-0.22,0.16,0.175,1,"ZNF823"
"ZC3H4",0.00315,0.168,0.362,0.341,1,"ZC3H4"
"SLBP",0.00316,0.136,0.451,0.433,1,"SLBP"
"TRIOBP",0.00316,0.133,0.439,0.421,1,"TRIOBP"
"LDHA",0.00317,0.188,0.208,0.19,1,"LDHA"
"PLOD2",0.00319,-0.641,0.227,0.241,1,"PLOD2"
"HABP4",0.0032,0.134,0.493,0.476,1,"HABP4"
"HGH1",0.00321,0.279,0.049,0.04,1,"HGH1"
"ISG15",0.00321,1.036,0.138,0.123,1,"ISG15"
"MTUS1",0.00321,-0.159,0.437,0.455,1,"MTUS1"
"ZNF385C",0.00321,-0.623,0.007,0.012,1,"ZNF385C"
"PTPRN",0.00322,-0.316,0.021,0.028,1,"PTPRN"
"LZTFL1",0.00323,0.18,0.192,0.176,1,"LZTFL1"
"PPP2R3B",0.00323,0.173,0.174,0.158,1,"PPP2R3B"
"AMOT",0.00323,-0.156,0.243,0.261,1,"AMOT"
"HDDC3",0.00323,0.146,0.174,0.157,1,"HDDC3"
"CILK1",0.00324,0.144,0.454,0.437,1,"CILK1"
"COL25A1",0.00324,-1.62,0.012,0.018,1,"COL25A1"
"THOP1",0.00324,0.11,0.217,0.198,1,"THOP1"
"RANGAP1",0.00325,0.191,0.219,0.201,1,"RANGAP1"
"TARDBP",0.00326,0.125,0.596,0.589,1,"TARDBP"
"CENPM",0.00326,0.314,0.143,0.128,1,"CENPM"
"ARG2",0.00326,-0.148,0.176,0.192,1,"ARG2"
"XXYLT1",0.00327,0.103,0.408,0.385,1,"XXYLT1"
"FADS1",0.00327,0.108,0.601,0.587,1,"FADS1"
"SCARF2",0.00327,0.177,0.1,0.087,1,"SCARF2"
"ZBTB7B",0.00328,0.292,0.036,0.028,1,"ZBTB7B"
"MAP3K15",0.00329,-0.343,0.05,0.061,1,"MAP3K15"
"MPND",0.00331,0.214,0.149,0.133,1,"MPND"
"PES1",0.00331,0.181,0.18,0.163,1,"PES1"
"HADH",0.00332,0.119,0.391,0.371,1,"HADH"
"ABTB2",0.00333,-0.12,0.31,0.328,1,"ABTB2"
"MELTF",0.00333,-0.176,0.01,0.015,1,"MELTF"
"ISCA1",0.00333,0.135,0.455,0.436,1,"ISCA1"
"H2AC17",0.00334,0.557,0.089,0.078,1,"H2AC17"
"ZNF454",0.00336,-0.137,0.045,0.055,1,"ZNF454"
"LRRC4C",0.00339,0.118,0.155,0.139,1,"LRRC4C"
"SLC25A25",0.0034,0.175,0.342,0.321,1,"SLC25A25"
"RAD51C",0.0034,0.124,0.244,0.224,1,"RAD51C"
"MMRN2",0.00341,0.433,0.021,0.015,1,"MMRN2"
"PLB1",0.00342,0.674,0.018,0.013,1,"PLB1"
"GPR61",0.00342,0.65,0.01,0.006,1,"GPR61"
"TTPA",0.00344,-0.449,0.092,0.105,1,"TTPA"
"DUSP15",0.00345,0.211,0.068,0.057,1,"DUSP15"
"EPG5",0.00345,0.131,0.406,0.384,1,"EPG5"
"UBIAD1",0.00346,0.177,0.225,0.205,1,"UBIAD1"
"ZNF174",0.00347,0.161,0.14,0.125,1,"ZNF174"
"IPO11",0.00348,0.107,0.472,0.454,1,"IPO11"
"BANP",0.00349,0.129,0.341,0.321,1,"BANP"
"CD47",0.00349,0.111,0.491,0.48,1,"CD47"
"PDCD2L",0.00353,0.111,0.158,0.141,1,"PDCD2L"
"C17orf80",0.00354,0.14,0.285,0.266,1,"C17orf80"
"SPPL2B",0.00354,0.16,0.224,0.205,1,"SPPL2B"
"ADAMTS10",0.00356,-0.101,0.242,0.261,1,"ADAMTS10"
"ACSF3",0.00356,0.229,0.183,0.166,1,"ACSF3"
"METTL13",0.00357,0.166,0.161,0.145,1,"METTL13"
"FBXO3",0.00358,0.162,0.481,0.468,1,"FBXO3"
"SAPCD2",0.00358,-0.289,0.048,0.058,1,"SAPCD2"
"CKAP2L",0.00358,-0.129,0.113,0.128,1,"CKAP2L"
"FBXO10",0.00358,0.206,0.288,0.27,1,"FBXO10"
"SNAP47",0.00358,0.135,0.274,0.254,1,"SNAP47"
"MRPS35",0.00359,0.113,0.509,0.492,1,"MRPS35"
"NAALAD2",0.00359,0.21,0.076,0.064,1,"NAALAD2"
"CBX2",0.0036,0.168,0.238,0.22,1,"CBX2"
"UBL4A",0.00363,0.255,0.2,0.183,1,"UBL4A"
"MEGF8",0.00363,0.192,0.281,0.262,1,"MEGF8"
"B3GNTL1",0.00363,0.217,0.091,0.079,1,"B3GNTL1"
"CUTC",0.00363,0.132,0.284,0.265,1,"CUTC"
"ARFGAP1",0.00363,0.133,0.134,0.118,1,"ARFGAP1"
"MNT",0.00364,0.181,0.18,0.163,1,"MNT"
"PLEKHA5",0.00364,0.14,0.814,0.799,1,"PLEKHA5"
"CASP7",0.00365,0.32,0.134,0.12,1,"CASP7"
"CCAR2",0.00366,0.152,0.283,0.263,1,"CCAR2"
"CLCN5",0.00366,0.151,0.394,0.375,1,"CLCN5"
"ENSG00000279289",0.00366,0.307,0.051,0.042,1,"ENSG00000279289"
"EFNA1",0.00366,0.267,0.05,0.041,1,"EFNA1"
"TBC1D14",0.00367,0.124,0.508,0.492,1,"TBC1D14"
"ATP11C",0.00371,0.156,0.447,0.426,1,"ATP11C"
"CEMIP2",0.00373,0.188,0.537,0.519,1,"CEMIP2"
"MINDY1",0.00373,0.378,0.112,0.099,1,"MINDY1"
"MAST4",0.00376,-0.259,0.302,0.315,1,"MAST4"
"KTI12",0.00377,0.299,0.111,0.098,1,"KTI12"
"ZNF747",0.00379,0.41,0.074,0.063,1,"ZNF747"
"SOX12",0.0038,0.168,0.417,0.399,1,"SOX12"
"LURAP1L",0.0038,-0.166,0.042,0.051,1,"LURAP1L"
"WDR75",0.00381,0.145,0.394,0.375,1,"WDR75"
"GNS",0.00381,0.125,0.357,0.337,1,"GNS"
"KAT14",0.00382,0.166,0.168,0.151,1,"KAT14"
"ALKBH3",0.00383,0.131,0.126,0.111,1,"ALKBH3"
"BIN1",0.00384,0.272,0.108,0.094,1,"BIN1"
"GLYATL2",0.00385,0.151,0.373,0.354,1,"GLYATL2"
"DTX2",0.00386,0.233,0.055,0.045,1,"DTX2"
"ELOVL6",0.00386,-0.223,0.498,0.509,1,"ELOVL6"
"SYT9",0.00387,-0.146,0.028,0.036,1,"SYT9"
"BTBD10",0.00388,0.101,0.643,0.629,1,"BTBD10"
"SETD1A",0.00388,0.145,0.166,0.15,1,"SETD1A"
"NFKBIA",0.00388,0.167,0.292,0.274,1,"NFKBIA"
"SEC23IP",0.00388,0.124,0.375,0.356,1,"SEC23IP"
"SELENBP1",0.00388,-0.169,0.135,0.151,1,"SELENBP1"
"ZW10",0.00389,0.181,0.226,0.209,1,"ZW10"
"PKD1L3",0.00389,0.283,0.068,0.057,1,"PKD1L3"
"LETM2",0.0039,0.121,0.095,0.082,1,"LETM2"
"ENSG00000279500",0.00391,-0.249,0.022,0.029,1,"ENSG00000279500"
"VGF",0.00391,0.92,0.067,0.057,1,"VGF"
"KLF11",0.00391,-0.12,0.101,0.115,1,"KLF11"
"CDKL2",0.00391,-0.157,0.134,0.148,1,"CDKL2"
"GPRIN1",0.00391,-0.15,0.091,0.104,1,"GPRIN1"
"HOMER2",0.00393,0.165,0.217,0.199,1,"HOMER2"
"ZNF248",0.00393,0.165,0.357,0.338,1,"ZNF248"
"CD24",0.00394,-0.131,0.382,0.395,1,"CD24"
"MRAP2",0.00394,0.407,0.014,0.009,1,"MRAP2"
"CYLD",0.00395,0.16,0.294,0.275,1,"CYLD"
"CASC3",0.00396,0.129,0.518,0.502,1,"CASC3"
"RACGAP1",0.00397,-0.12,0.194,0.211,1,"RACGAP1"
"ATRN",0.00398,0.106,0.631,0.621,1,"ATRN"
"HEY1",0.00399,0.144,0.316,0.295,1,"HEY1"
"HARS2",0.00399,0.208,0.178,0.161,1,"HARS2"
"MATR3",0.00399,0.207,0.027,0.02,1,"MATR3"
"KIAA2013",0.00402,0.152,0.231,0.212,1,"KIAA2013"
"CEP120",0.00402,0.15,0.325,0.306,1,"CEP120"
"ATP2C1",0.00404,0.103,0.677,0.664,1,"ATP2C1"
"BRAP",0.00405,0.131,0.317,0.298,1,"BRAP"
"FKBP5",0.00405,0.279,0.053,0.044,1,"FKBP5"
"PKIB",0.00405,0.108,0.508,0.491,1,"PKIB"
"SNCAIP",0.00409,0.39,0.668,0.69,1,"SNCAIP"
"NEURL4",0.00409,0.157,0.108,0.094,1,"NEURL4"
"PDE7A",0.0041,0.138,0.695,0.689,1,"PDE7A"
"FBXO4",0.00412,0.275,0.056,0.046,1,"FBXO4"
"OPN1SW",0.00412,0.652,0.021,0.015,1,"OPN1SW"
"PHOSPHO2",0.00413,0.222,0.105,0.092,1,"PHOSPHO2"
"NKRF",0.00413,0.244,0.172,0.156,1,"NKRF"
"GORAB",0.00415,0.123,0.198,0.181,1,"GORAB"
"LRRC37A2",0.00415,0.124,0.395,0.375,1,"LRRC37A2"
"GNPNAT1",0.00416,0.124,0.304,0.285,1,"GNPNAT1"
"ZBTB40",0.00417,0.134,0.229,0.212,1,"ZBTB40"
"DUSP8",0.00418,0.303,0.137,0.124,1,"DUSP8"
"LIMD2",0.00419,0.231,0.171,0.156,1,"LIMD2"
"NOC4L",0.00419,0.25,0.128,0.114,1,"NOC4L"
"PHETA1",0.00422,0.357,0.06,0.05,1,"PHETA1"
"ILK",0.00422,0.105,0.499,0.481,1,"ILK"
"USP51",0.00423,0.134,0.108,0.094,1,"USP51"
"MICALL2",0.00424,0.259,0.066,0.056,1,"MICALL2"
"ENSG00000279481",0.00425,0.101,0.033,0.026,1,"ENSG00000279481"
"NEU3",0.00425,0.157,0.146,0.131,1,"NEU3"
"COASY",0.00426,0.235,0.152,0.137,1,"COASY"
"GCLM",0.00429,0.132,0.358,0.339,1,"GCLM"
"ZNF490",0.0043,0.169,0.261,0.242,1,"ZNF490"
"RTN4R",0.00432,-0.148,0.114,0.129,1,"RTN4R"
"STARD10",0.00433,0.32,0.081,0.07,1,"STARD10"
"DDIT4L",0.00436,-0.485,0.021,0.027,1,"DDIT4L"
"TICAM2",0.00437,0.465,0.05,0.041,1,"TICAM2"
"MEIKIN",0.00439,-0.683,0.013,0.018,1,"MEIKIN"
"PIP4P1",0.0044,0.196,0.195,0.178,1,"PIP4P1"
"MIER3",0.00442,0.166,0.312,0.294,1,"MIER3"
"SLK",0.00442,0.152,0.465,0.449,1,"SLK"
"GPR87",0.00442,0.859,0.018,0.012,1,"GPR87"
"B3GALT2",0.00443,0.262,0.058,0.048,1,"B3GALT2"
"ICE2",0.00447,0.125,0.507,0.49,1,"ICE2"
"PRMT5",0.0045,0.123,0.31,0.29,1,"PRMT5"
"TMF1",0.00452,0.106,0.558,0.544,1,"TMF1"
"EPHB4",0.00452,0.16,0.121,0.108,1,"EPHB4"
"PRKD2",0.00453,0.175,0.185,0.169,1,"PRKD2"
"AXDND1",0.00453,0.454,0.032,0.025,1,"AXDND1"
"LRRC3",0.00456,-0.342,0.028,0.036,1,"LRRC3"
"ZNF646",0.00456,0.189,0.115,0.101,1,"ZNF646"
"CSTF2",0.00456,0.132,0.173,0.156,1,"CSTF2"
"ELAPOR1",0.00458,-0.363,0.065,0.076,1,"ELAPOR1"
"PGS1",0.00465,0.15,0.23,0.213,1,"PGS1"
"TUBGCP4",0.00468,0.162,0.401,0.383,1,"TUBGCP4"
"ELOVL4",0.00468,0.175,0.203,0.186,1,"ELOVL4"
"ABCC11",0.00469,-0.758,0.011,0.016,1,"ABCC11"
"SP2",0.0047,0.195,0.222,0.206,1,"SP2"
"NHLRC3",0.0047,0.122,0.43,0.411,1,"NHLRC3"
"SCAF1",0.00473,0.166,0.251,0.233,1,"SCAF1"
"SCAF4",0.00473,0.113,0.511,0.492,1,"SCAF4"
"IFI6",0.00475,0.295,0.208,0.226,1,"IFI6"
"TFR2",0.00476,-0.177,0.04,0.049,1,"TFR2"
"ZNRD2",0.00476,0.264,0.16,0.145,1,"ZNRD2"
"ZSCAN12",0.00476,0.126,0.169,0.153,1,"ZSCAN12"
"ARMH1",0.00477,-0.234,0.186,0.202,1,"ARMH1"
"GTF2E1",0.00478,0.205,0.17,0.154,1,"GTF2E1"
"DLK2",0.00478,-0.555,0.022,0.028,1,"DLK2"
"WDR55",0.00478,0.241,0.104,0.091,1,"WDR55"
"ANKRD13D",0.00478,0.111,0.349,0.329,1,"ANKRD13D"
"MFSD14B",0.00481,0.108,0.555,0.54,1,"MFSD14B"
"SFMBT2",0.00482,0.232,0.283,0.264,1,"SFMBT2"
"NCLN",0.00483,0.131,0.166,0.149,1,"NCLN"
"FUT10",0.00483,0.177,0.264,0.246,1,"FUT10"
"MEX3D",0.00484,0.158,0.387,0.368,1,"MEX3D"
"PRORP",0.00484,0.449,0.04,0.032,1,"PRORP"
"SLC2A8",0.00485,0.201,0.133,0.119,1,"SLC2A8"
"MGAT4A",0.00487,0.141,0.125,0.111,1,"MGAT4A"
"TMED8",0.00487,0.154,0.357,0.336,1,"TMED8"
"SYT3",0.00488,-0.495,0.008,0.012,1,"SYT3"
"EAF1",0.0049,0.175,0.252,0.235,1,"EAF1"
"SCAMP4",0.0049,0.162,0.289,0.27,1,"SCAMP4"
"TBCE.1",0.00491,0.154,0.107,0.094,1,"TBCE.1"
"MT-TK",0.00494,0.52,0.025,0.019,1,"MT-TK"
"SMAP2",0.00494,0.109,0.412,0.39,1,"SMAP2"
"TRMT1",0.00497,0.102,0.169,0.152,1,"TRMT1"
"MTHFSD",0.00499,0.115,0.08,0.068,1,"MTHFSD"
"MED18",0.00501,0.224,0.092,0.08,1,"MED18"
"SYPL2",0.00501,0.434,0.01,0.006,1,"SYPL2"
"MLH1",0.00503,0.136,0.328,0.31,1,"MLH1"
"CLUL1",0.00503,-0.606,0.012,0.017,1,"CLUL1"
"ARRDC1",0.00504,0.196,0.123,0.109,1,"ARRDC1"
"NUP85",0.00504,0.161,0.294,0.277,1,"NUP85"
"RGL2",0.00505,0.106,0.205,0.188,1,"RGL2"
"KDM8",0.00507,0.216,0.053,0.043,1,"KDM8"
"NMU",0.00509,-0.14,0.082,0.095,1,"NMU"
"MAP3K13",0.00511,0.168,0.481,0.473,1,"MAP3K13"
"TRIM66",0.00512,0.138,0.139,0.124,1,"TRIM66"
"HPS1",0.00513,0.171,0.13,0.116,1,"HPS1"
"FEM1B",0.00513,0.135,0.451,0.433,1,"FEM1B"
"DCBLD1",0.00513,0.19,0.133,0.119,1,"DCBLD1"
"TKTL1",0.00514,-0.677,0.006,0.01,1,"TKTL1"
"MANEAL",0.00514,0.232,0.192,0.176,1,"MANEAL"
"SAMD9",0.00515,0.248,0.05,0.041,1,"SAMD9"
"S100A6",0.00515,0.658,0.033,0.026,1,"S100A6"
"MAD2L1BP",0.00515,0.142,0.226,0.208,1,"MAD2L1BP"
"KATNIP",0.00517,0.124,0.384,0.366,1,"KATNIP"
"COL5A2",0.00517,0.17,0.263,0.246,1,"COL5A2"
"PRICKLE1",0.00518,-0.744,0.02,0.027,1,"PRICKLE1"
"TUBG1",0.00518,0.122,0.244,0.225,1,"TUBG1"
"SMG8",0.00518,0.231,0.133,0.119,1,"SMG8"
"PCDHB4",0.00519,-0.325,0.045,0.054,1,"PCDHB4"
"ABCD1",0.0052,0.245,0.049,0.04,1,"ABCD1"
"MAGI2",0.00521,0.101,0.926,0.922,1,"MAGI2"
"DPY19L2",0.00521,-0.115,0.327,0.348,1,"DPY19L2"
"BAP1",0.00521,0.201,0.137,0.122,1,"BAP1"
"GRIN2D",0.00522,-0.261,0.09,0.102,1,"GRIN2D"
"BMP2",0.00522,0.919,0.01,0.006,1,"BMP2"
"C6orf89",0.00522,0.117,0.488,0.47,1,"C6orf89"
"VAMP7",0.00525,0.263,0.137,0.123,1,"VAMP7"
"IL27RA",0.00526,0.199,0.036,0.029,1,"IL27RA"
"SNORC",0.00526,0.162,0.087,0.075,1,"SNORC"
"BCAM",0.00529,0.4,0.037,0.029,1,"BCAM"
"PWWP3B",0.00534,0.783,0.014,0.009,1,"PWWP3B"
"PAIP2B",0.00536,-0.123,0.049,0.059,1,"PAIP2B"
"ARHGAP22",0.00537,0.298,0.021,0.015,1,"ARHGAP22"
"ACOT8",0.0054,0.122,0.182,0.165,1,"ACOT8"
"SGK3",0.00541,-0.223,0.114,0.127,1,"SGK3"
"MYO1E",0.00542,0.113,0.445,0.43,1,"MYO1E"
"WDR13",0.00542,0.145,0.385,0.366,1,"WDR13"
"MT1X",0.00543,-0.605,0.33,0.306,1,"MT1X"
"TJAP1",0.00544,0.139,0.177,0.162,1,"TJAP1"
"TBP",0.00545,0.131,0.258,0.24,1,"TBP"
"CDC25C",0.00548,-0.234,0.113,0.126,1,"CDC25C"
"RNF34",0.00551,0.113,0.504,0.483,1,"RNF34"
"LRP5",0.00552,0.144,0.358,0.34,1,"LRP5"
"CADPS2",0.00552,0.751,0.072,0.062,1,"CADPS2"
"CPHXL",0.00554,-0.52,0.009,0.014,1,"CPHXL"
"TMEM209",0.00554,0.158,0.252,0.235,1,"TMEM209"
"PIK3R2",0.00556,0.255,0.138,0.123,1,"PIK3R2"
"SLC39A8",0.00556,-0.158,0.092,0.105,1,"SLC39A8"
"PGBD2",0.00557,0.169,0.11,0.097,1,"PGBD2"
"MAST3",0.00559,0.263,0.092,0.08,1,"MAST3"
"SNX11",0.0056,0.234,0.119,0.106,1,"SNX11"
"FLOT2",0.00561,0.132,0.333,0.315,1,"FLOT2"
"BCAT2",0.00561,0.138,0.177,0.16,1,"BCAT2"
"CLMP",0.00561,-1.313,0.021,0.028,1,"CLMP"
"CHRNA9",0.00562,0.959,0.013,0.009,1,"CHRNA9"
"ELL2",0.00562,0.36,0.048,0.04,1,"ELL2"
"GLI4",0.00563,0.164,0.179,0.163,1,"GLI4"
"OMG",0.00563,0.168,0.331,0.311,1,"OMG"
"PDXK",0.00563,0.112,0.373,0.353,1,"PDXK"
"AP1AR",0.00564,0.154,0.321,0.301,1,"AP1AR"
"ZNF14",0.00569,-0.238,0.168,0.183,1,"ZNF14"
"GRK5",0.00569,-0.133,0.268,0.285,1,"GRK5"
"SCRN3",0.0057,0.115,0.508,0.489,1,"SCRN3"
"GRIN2C",0.00572,0.424,0.029,0.022,1,"GRIN2C"
"MPP3",0.00572,-0.126,0.119,0.133,1,"MPP3"
"ALAS1",0.00573,0.13,0.243,0.224,1,"ALAS1"
"APOM",0.00574,0.186,0.117,0.104,1,"APOM"
"SNAPC4",0.00575,0.153,0.162,0.146,1,"SNAPC4"
"C2orf66",0.00576,0.464,0.022,0.016,1,"C2orf66"
"SLC15A4",0.00577,-0.187,0.218,0.233,1,"SLC15A4"
"CDK2",0.00578,0.222,0.136,0.122,1,"CDK2"
"ST6GALNAC4",0.00579,0.146,0.108,0.095,1,"ST6GALNAC4"
"PAXIP1",0.00579,0.17,0.284,0.267,1,"PAXIP1"
"SLC12A7",0.00581,0.265,0.038,0.03,1,"SLC12A7"
"METTL26",0.00583,0.101,0.553,0.533,1,"METTL26"
"UCHL5",0.00584,0.117,0.403,0.381,1,"UCHL5"
"ESCO1",0.00586,0.104,0.5,0.482,1,"ESCO1"
"GPD2",0.00586,0.248,0.215,0.2,1,"GPD2"
"ECE1",0.00587,-0.177,0.207,0.223,1,"ECE1"
"ADPGK",0.00588,0.116,0.284,0.264,1,"ADPGK"
"SLC37A3",0.00592,0.184,0.369,0.352,1,"SLC37A3"
"ABCB1",0.00593,-0.374,0.018,0.024,1,"ABCB1"
"EML2",0.00595,0.13,0.156,0.14,1,"EML2"
"ZNF786",0.00595,0.197,0.191,0.175,1,"ZNF786"
"IL5",0.00595,-0.962,0.008,0.012,1,"IL5"
"TIMM50",0.00595,0.127,0.285,0.266,1,"TIMM50"
"NEK3",0.00597,0.134,0.228,0.21,1,"NEK3"
"ENSG00000279789",0.00597,0.31,0.095,0.083,1,"ENSG00000279789"
"BCL2L2",0.00598,0.206,0.158,0.144,1,"BCL2L2"
"TYK2",0.00599,0.112,0.176,0.16,1,"TYK2"
"NCK1",0.006,0.116,0.575,0.564,1,"NCK1"
"MORC2",0.006,0.129,0.396,0.375,1,"MORC2"
"FOXK1",0.00601,0.105,0.425,0.41,1,"FOXK1"
"CPT1C",0.00602,0.11,0.258,0.239,1,"CPT1C"
"PUS3",0.00604,0.142,0.138,0.124,1,"PUS3"
"CAB39L",0.00605,0.173,0.432,0.415,1,"CAB39L"
"CORO7",0.00608,0.23,0.125,0.111,1,"CORO7"
"FIZ1",0.00609,0.143,0.111,0.098,1,"FIZ1"
"WIPF3",0.00609,-0.365,0.05,0.06,1,"WIPF3"
"EMILIN3",0.00609,-0.284,0.009,0.014,1,"EMILIN3"
"GPR143",0.0061,-0.225,0.008,0.012,1,"GPR143"
"NOP9",0.00612,0.157,0.071,0.06,1,"NOP9"
"TMEM64",0.00612,0.103,0.186,0.17,1,"TMEM64"
"CRYZ",0.00613,0.126,0.14,0.126,1,"CRYZ"
"WNT7B",0.00614,-0.329,0.015,0.02,1,"WNT7B"
"CSK",0.00615,0.248,0.169,0.154,1,"CSK"
"TBL2",0.00616,0.181,0.175,0.159,1,"TBL2"
"ZNF319",0.00619,0.349,0.079,0.069,1,"ZNF319"
"CCDC62",0.0062,-0.231,0.055,0.065,1,"CCDC62"
"ARSL",0.0062,0.282,0.037,0.029,1,"ARSL"
"PP2D1",0.00621,0.324,0.047,0.039,1,"PP2D1"
"CTXN2",0.00622,0.317,0.028,0.021,1,"CTXN2"
"ZNF121",0.00624,0.153,0.299,0.282,1,"ZNF121"
"NAA80",0.00624,0.493,0.041,0.033,1,"NAA80"
"MKRN1",0.00628,0.112,0.591,0.577,1,"MKRN1"
"SLC25A48",0.00629,-0.178,0.167,0.182,1,"SLC25A48"
"IPP",0.0063,0.146,0.321,0.303,1,"IPP"
"TIGD5",0.00631,0.208,0.199,0.182,1,"TIGD5"
"MED17",0.00633,0.143,0.551,0.539,1,"MED17"
"TBC1D13",0.00634,0.18,0.204,0.187,1,"TBC1D13"
"GPR37L1",0.00635,0.24,0.113,0.1,1,"GPR37L1"
"CENPL",0.00643,0.161,0.157,0.143,1,"CENPL"
"TRAPPC6B",0.00643,0.127,0.389,0.367,1,"TRAPPC6B"
"HERC5",0.00645,0.197,0.03,0.038,1,"HERC5"
"TEP1",0.00647,0.262,0.123,0.11,1,"TEP1"
"CXCL2",0.00647,-0.936,0.006,0.01,1,"CXCL2"
"COQ8B",0.00649,0.164,0.238,0.221,1,"COQ8B"
"RAD54L",0.0065,0.16,0.114,0.101,1,"RAD54L"
"DUSP19",0.0065,0.183,0.067,0.057,1,"DUSP19"
"GCDH",0.00654,0.111,0.237,0.219,1,"GCDH"
"GGT7",0.00655,0.134,0.449,0.43,1,"GGT7"
"SLC35F4",0.00656,-0.792,0.02,0.026,1,"SLC35F4"
"FOXO1",0.00656,0.187,0.364,0.346,1,"FOXO1"
"ENSG00000285868",0.00658,0.219,0.16,0.145,1,"ENSG00000285868"
"ENSG00000279551",0.00658,0.833,0.013,0.009,1,"ENSG00000279551"
"ENSG00000280414",0.00659,0.719,0.02,0.015,1,"ENSG00000280414"
"ENTPD4",0.0066,0.159,0.316,0.298,1,"ENTPD4"
"BAIAP3",0.0066,0.454,0.012,0.008,1,"BAIAP3"
"ENSG00000279281",0.00663,0.253,0.139,0.126,1,"ENSG00000279281"
"ZNF773",0.00664,0.229,0.105,0.092,1,"ZNF773"
"MAP7D2",0.00664,-0.858,0.012,0.017,1,"MAP7D2"
"AP2A2",0.00665,0.131,0.481,0.47,1,"AP2A2"
"PDPN",0.00666,0.142,0.347,0.331,1,"PDPN"
"CIZ1",0.00667,0.102,0.397,0.377,1,"CIZ1"
"RUBCNL",0.00668,0.903,0.015,0.01,1,"RUBCNL"
"KLHDC1",0.00668,-0.165,0.171,0.186,1,"KLHDC1"
"DYNLT2",0.00668,-0.336,0.066,0.076,1,"DYNLT2"
"UBAP1L",0.00671,-0.19,0.142,0.156,1,"UBAP1L"
"SCPEP1",0.00671,0.12,0.192,0.175,1,"SCPEP1"
"ZNF3",0.00673,0.159,0.328,0.309,1,"ZNF3"
"FIBIN",0.00675,0.234,0.08,0.069,1,"FIBIN"
"SULT1A2",0.00675,-0.382,0.014,0.019,1,"SULT1A2"
"C2orf81",0.00675,0.205,0.095,0.083,1,"C2orf81"
"VLDLR",0.00676,0.114,0.155,0.139,1,"VLDLR"
"SLC23A2",0.00677,0.113,0.53,0.512,1,"SLC23A2"
"AKAP17A",0.00677,0.129,0.261,0.243,1,"AKAP17A"
"ANKDD1A",0.00678,-0.201,0.231,0.244,1,"ANKDD1A"
"ANLN",0.00678,-0.127,0.162,0.177,1,"ANLN"
"DHRS4",0.00678,0.108,0.133,0.119,1,"DHRS4"
"SOX13",0.0068,0.242,0.087,0.076,1,"SOX13"
"CIAO3",0.00681,0.176,0.145,0.131,1,"CIAO3"
"ANGPT1",0.00684,0.165,0.178,0.163,1,"ANGPT1"
"BUD13",0.00685,0.172,0.251,0.232,1,"BUD13"
"OPN3",0.00685,0.322,0.085,0.073,1,"OPN3"
"LGI2",0.00685,0.8,0.023,0.017,1,"LGI2"
"PITPNM3",0.00687,0.273,0.049,0.041,1,"PITPNM3"
"TRPC5",0.00693,0.785,0.036,0.029,1,"TRPC5"
"WDHD1",0.00696,0.155,0.264,0.247,1,"WDHD1"
"C2orf42",0.00697,0.165,0.242,0.225,1,"C2orf42"
"FAM177B",0.00697,0.99,0.013,0.008,1,"FAM177B"
"MYH14",0.00698,0.267,0.145,0.131,1,"MYH14"
"FAM133A",0.00698,-0.277,0.046,0.055,1,"FAM133A"
"ILRUN",0.00699,0.11,0.453,0.436,1,"ILRUN"
"MEX3C",0.00701,0.11,0.465,0.447,1,"MEX3C"
"MYL5",0.00702,0.175,0.096,0.084,1,"MYL5"
"PDIA5",0.00702,0.104,0.188,0.171,1,"PDIA5"
"ATXN7L3",0.00708,0.174,0.195,0.179,1,"ATXN7L3"
"NOC3L",0.00709,0.122,0.378,0.362,1,"NOC3L"
"HPS5",0.0071,0.145,0.336,0.318,1,"HPS5"
"RASA4B",0.00711,-0.187,0.061,0.071,1,"RASA4B"
"EOGT",0.00711,0.179,0.068,0.058,1,"EOGT"
"LRRC8D",0.00712,0.183,0.62,0.614,1,"LRRC8D"
"IL18BP",0.00715,0.387,0.033,0.026,1,"IL18BP"
"SDR42E2",0.0072,-0.674,0.006,0.01,1,"SDR42E2"
"MAN2B1",0.00723,0.117,0.186,0.17,1,"MAN2B1"
"ADH4",0.00724,0.222,0.046,0.038,1,"ADH4"
"TMPO",0.00729,0.117,0.665,0.65,1,"TMPO"
"MIGA2",0.0073,0.162,0.096,0.084,1,"MIGA2"
"RAD54B",0.00734,0.174,0.157,0.142,1,"RAD54B"
"NOTCH2NLC",0.00734,0.129,0.17,0.156,1,"NOTCH2NLC"
"HEPH",0.00735,-0.195,0.062,0.072,1,"HEPH"
"IGSF10",0.00736,1.026,0.02,0.015,1,"IGSF10"
"MAFF",0.00736,0.181,0.081,0.07,1,"MAFF"
"EIF5A2",0.00738,0.174,0.157,0.142,1,"EIF5A2"
"POLR1F",0.00739,0.115,0.265,0.248,1,"POLR1F"
"C12orf4",0.00741,0.125,0.327,0.308,1,"C12orf4"
"MED25",0.00743,0.125,0.222,0.204,1,"MED25"
"CRAMP1",0.00744,0.12,0.338,0.318,1,"CRAMP1"
"AHR",0.00745,0.15,0.038,0.03,1,"AHR"
"CLASRP",0.00751,0.108,0.355,0.337,1,"CLASRP"
"TGFBR3",0.00752,-0.316,0.029,0.036,1,"TGFBR3"
"ACSM6",0.00753,0.751,0.025,0.019,1,"ACSM6"
"DIO2",0.00753,-0.494,0.026,0.033,1,"DIO2"
"LZTS1",0.00755,0.129,0.34,0.322,1,"LZTS1"
"IDI2",0.00756,0.251,0.011,0.007,1,"IDI2"
"ZNF17",0.00756,0.269,0.068,0.058,1,"ZNF17"
"GCAT",0.00756,0.154,0.155,0.141,1,"GCAT"
"THBS1",0.00757,0.839,0.012,0.008,1,"THBS1"
"ORC1",0.00758,0.227,0.078,0.067,1,"ORC1"
"ZDHHC11",0.00759,0.203,0.092,0.08,1,"ZDHHC11"
"ATF1",0.0076,0.146,0.389,0.371,1,"ATF1"
"LY96",0.00761,0.861,0.013,0.009,1,"LY96"
"ZSCAN9",0.00761,0.24,0.284,0.269,1,"ZSCAN9"
"PHF12",0.00762,0.148,0.41,0.392,1,"PHF12"
"COL9A2",0.00766,0.381,0.045,0.036,1,"COL9A2"
"ITGA6",0.00766,-0.174,0.399,0.411,1,"ITGA6"
"ANGPTL7",0.00768,0.405,0.015,0.01,1,"ANGPTL7"
"SART3",0.00768,0.135,0.404,0.387,1,"SART3"
"ENSG00000279785",0.00769,-0.766,0.007,0.011,1,"ENSG00000279785"
"FAM131C",0.00772,-0.453,0.007,0.01,1,"FAM131C"
"RGPD1",0.00772,0.359,0.038,0.03,1,"RGPD1"
"EFHB",0.00773,0.142,0.079,0.068,1,"EFHB"
"ACD",0.00779,0.22,0.175,0.16,1,"ACD"
"RGS3",0.00781,0.118,0.249,0.232,1,"RGS3"
"PDCD1LG2",0.00781,-0.464,0.037,0.045,1,"PDCD1LG2"
"KATNA1",0.00781,0.176,0.437,0.422,1,"KATNA1"
"KIFC1",0.0079,-0.115,0.133,0.147,1,"KIFC1"
"ZSCAN21",0.00791,0.199,0.254,0.236,1,"ZSCAN21"
"DHX37",0.00793,0.12,0.077,0.066,1,"DHX37"
"NEU4",0.00794,0.654,0.013,0.009,1,"NEU4"
"CDC6",0.00795,0.227,0.093,0.082,1,"CDC6"
"EMC9",0.00798,0.143,0.211,0.195,1,"EMC9"
"PFKFB2",0.008,0.147,0.082,0.071,1,"PFKFB2"
"MFSD9",0.00801,0.156,0.125,0.111,1,"MFSD9"
"MRNIP",0.00801,-0.115,0.309,0.325,1,"MRNIP"
"FPGS",0.00804,0.143,0.237,0.22,1,"FPGS"
"H2BC5",0.00805,-1.164,0.049,0.058,1,"H2BC5"
"UXS1",0.00805,0.126,0.362,0.344,1,"UXS1"
"CFD",0.00805,-0.23,0.023,0.029,1,"CFD"
"FABP3",0.00806,0.321,0.03,0.023,1,"FABP3"
"FAM219B",0.00808,0.171,0.288,0.27,1,"FAM219B"
"TIFA",0.00808,-0.479,0.026,0.032,1,"TIFA"
"CRIP1",0.00812,0.512,0.016,0.011,1,"CRIP1"
"TGDS",0.00812,0.126,0.125,0.112,1,"TGDS"
"IQCN",0.00813,-0.429,0.027,0.034,1,"IQCN"
"NLRC5",0.00816,0.172,0.064,0.055,1,"NLRC5"
"JPH1",0.00816,-0.167,0.069,0.079,1,"JPH1"
"APEX2",0.00817,0.258,0.081,0.07,1,"APEX2"
"TMEM192",0.00817,0.114,0.262,0.244,1,"TMEM192"
"WASHC1",0.00823,0.132,0.108,0.096,1,"WASHC1"
"CENPI",0.00825,-0.225,0.155,0.168,1,"CENPI"
"RGS14",0.00825,0.266,0.059,0.05,1,"RGS14"
"POGLUT1",0.00826,0.162,0.252,0.235,1,"POGLUT1"
"PTPA",0.00827,0.161,0.278,0.261,1,"PTPA"
"PRKAA1",0.00827,0.129,0.421,0.406,1,"PRKAA1"
"AK9",0.00827,0.189,0.306,0.288,1,"AK9"
"PLGRKT",0.00829,0.13,0.52,0.508,1,"PLGRKT"
"ZNF70",0.00834,0.177,0.094,0.083,1,"ZNF70"
"PANK1",0.00835,0.116,0.233,0.216,1,"PANK1"
"PET117",0.00836,0.198,0.152,0.138,1,"PET117"
"MRM2",0.00836,0.131,0.292,0.274,1,"MRM2"
"CAMSAP1",0.00837,0.154,0.6,0.582,1,"CAMSAP1"
"SPDL1",0.00837,0.122,0.253,0.236,1,"SPDL1"
"HMOX1",0.00839,0.197,0.068,0.058,1,"HMOX1"
"GTPBP10",0.00843,0.113,0.342,0.324,1,"GTPBP10"
"KLF16",0.00846,0.226,0.068,0.059,1,"KLF16"
"BTD",0.00847,-0.129,0.434,0.454,1,"BTD"
"OSBP2",0.0085,0.138,0.414,0.399,1,"OSBP2"
"NDST1",0.0085,0.204,0.3,0.285,1,"NDST1"
"LDOC1",0.00851,0.111,0.276,0.258,1,"LDOC1"
"STEEP1",0.00852,0.231,0.155,0.141,1,"STEEP1"
"UIMC1",0.00852,0.111,0.584,0.574,1,"UIMC1"
"PRR5L",0.00853,0.149,0.215,0.2,1,"PRR5L"
"IPCEF1",0.00853,0.215,0.042,0.034,1,"IPCEF1"
"MT-TP",0.00854,0.458,0.025,0.019,1,"MT-TP"
"SPDYE6",0.00855,0.647,0.015,0.011,1,"SPDYE6"
"PIGO",0.00858,0.109,0.076,0.066,1,"PIGO"
"TSHZ1",0.0086,0.199,0.316,0.301,1,"TSHZ1"
"ENSG00000280010",0.0086,0.484,0.015,0.01,1,"ENSG00000280010"
"TNS2",0.00861,-0.142,0.051,0.06,1,"TNS2"
"ENO2",0.00862,-0.129,0.387,0.403,1,"ENO2"
"ZNF579",0.00866,0.186,0.203,0.187,1,"ZNF579"
"ZNF808",0.00867,0.14,0.142,0.128,1,"ZNF808"
"RYR2",0.00868,-1.778,0.01,0.015,1,"RYR2"
"EMID1",0.00868,-0.22,0.142,0.156,1,"EMID1"
"LETMD1",0.00868,0.174,0.142,0.129,1,"LETMD1"
"CHODL",0.00871,0.51,0.024,0.018,1,"CHODL"
"TM9SF1",0.00874,0.148,0.082,0.071,1,"TM9SF1"
"PEX1",0.00875,0.15,0.339,0.32,1,"PEX1"
"GDPD1",0.00876,0.137,0.375,0.359,1,"GDPD1"
"GFRA1",0.00878,0.737,0.013,0.008,1,"GFRA1"
"SCN1B",0.00878,0.212,0.027,0.021,1,"SCN1B"
"WDR44",0.0088,0.156,0.429,0.412,1,"WDR44"
"NOL3",0.00881,-0.201,0.121,0.134,1,"NOL3"
"H3C1",0.00881,0.574,0.021,0.016,1,"H3C1"
"SCUBE2",0.00882,-0.107,0.089,0.101,1,"SCUBE2"
"TMEM229A",0.00885,-0.512,0.009,0.014,1,"TMEM229A"
"TYR",0.00889,0.353,0.029,0.023,1,"TYR"
"INCA1",0.00891,0.281,0.02,0.015,1,"INCA1"
"GUCA1B",0.00892,-0.229,0.059,0.069,1,"GUCA1B"
"NUMA1",0.00894,0.112,0.6,0.585,1,"NUMA1"
"ME3",0.00894,0.314,0.066,0.057,1,"ME3"
"OSBPL11",0.00897,0.104,0.481,0.468,1,"OSBPL11"
"B4GALNT4",0.00901,0.195,0.323,0.307,1,"B4GALNT4"
"MTOR",0.00902,0.1,0.453,0.438,1,"MTOR"
"CDC14A",0.00904,0.108,0.33,0.312,1,"CDC14A"
"PRAM1",0.00905,-0.132,0.012,0.017,1,"PRAM1"
"MARCHF3",0.00907,0.417,0.242,0.229,1,"MARCHF3"
"MED19",0.00909,0.117,0.485,0.471,1,"MED19"
"EDARADD",0.00909,-0.618,0.009,0.014,1,"EDARADD"
"GRPR",0.0091,0.149,0.017,0.012,1,"GRPR"
"BET1L",0.00912,0.114,0.116,0.103,1,"BET1L"
"XPO7",0.00913,0.105,0.583,0.568,1,"XPO7"
"ALX3",0.00914,0.324,0.014,0.01,1,"ALX3"
"CTDP1",0.00915,0.162,0.152,0.138,1,"CTDP1"
"VPS39",0.00917,0.117,0.36,0.341,1,"VPS39"
"DCT",0.00918,-0.627,0.006,0.01,1,"DCT"
"ABHD8",0.00919,0.167,0.243,0.225,1,"ABHD8"
"GTF2H2C",0.00919,0.147,0.369,0.351,1,"GTF2H2C"
"ALDH1B1",0.00923,0.222,0.068,0.058,1,"ALDH1B1"
"TK2",0.00925,0.152,0.223,0.207,1,"TK2"
"ZNF724",0.00928,0.166,0.197,0.183,1,"ZNF724"
"KLHL36",0.00936,0.205,0.22,0.204,1,"KLHL36"
"NPEPL1",0.00939,0.207,0.152,0.138,1,"NPEPL1"
"VWA5B1",0.00939,-0.218,0.025,0.031,1,"VWA5B1"
"RSPH4A",0.0094,0.169,0.052,0.043,1,"RSPH4A"
"ANG",0.00942,-0.345,0.057,0.067,1,"ANG"
"ASL",0.00944,0.127,0.126,0.113,1,"ASL"
"SMARCD2",0.00947,0.194,0.1,0.088,1,"SMARCD2"
"DGLUCY",0.00947,-0.124,0.204,0.219,1,"DGLUCY"
"FRMPD4",0.00949,-0.616,0.006,0.01,1,"FRMPD4"
"ZFPM1",0.00954,0.116,0.338,0.319,1,"ZFPM1"
"ISLR",0.00959,-0.766,0.006,0.01,1,"ISLR"
"CCDC40",0.0096,0.191,0.167,0.153,1,"CCDC40"
"CD55",0.0096,-0.294,0.022,0.029,1,"CD55"
"B3GNT9",0.00966,0.427,0.044,0.036,1,"B3GNT9"
"H4C11",0.00975,0.604,0.023,0.018,1,"H4C11"
"SMIM10L2A",0.0098,0.171,0.042,0.034,1,"SMIM10L2A"
"SPR",0.00984,0.435,0.035,0.028,1,"SPR"
"SYT5",0.00989,-0.275,0.032,0.04,1,"SYT5"
"NR2C1",0.0099,0.117,0.44,0.422,1,"NR2C1"
"MBD4",0.00992,0.12,0.337,0.317,1,"MBD4"
"EFHC2",0.00997,-0.322,0.074,0.084,1,"EFHC2"
"NME9",0.00998,0.218,0.172,0.157,1,"NME9"
"POLR1G",0.00999,0.183,0.09,0.079,1,"POLR1G"
"PPIP5K2",0.01,0.128,0.705,0.698,1,"PPIP5K2"
"ARNT",0.01,0.12,0.471,0.455,1,"ARNT"
"ADRA1A",0.01,0.668,0.12,0.11,1,"ADRA1A"
"SAMD12",0.01,0.181,0.158,0.145,1,"SAMD12"
"TMEM42",0.01,0.245,0.15,0.137,1,"TMEM42"
"FAAP100",0.0101,0.258,0.099,0.088,1,"FAAP100"
"TMEM271",0.0101,-0.212,0.011,0.016,1,"TMEM271"
"ARRB2",0.0101,0.134,0.262,0.245,1,"ARRB2"
"ZNF585B",0.0102,0.124,0.281,0.264,1,"ZNF585B"
"WDCP",0.0102,0.144,0.135,0.121,1,"WDCP"
"TBC1D25",0.0102,0.127,0.165,0.15,1,"TBC1D25"
"FTSJ1",0.0102,0.194,0.181,0.166,1,"FTSJ1"
"THAP10",0.0102,0.211,0.089,0.078,1,"THAP10"
"LIPI",0.0102,-0.272,0.039,0.047,1,"LIPI"
"NKAPD1",0.0102,0.106,0.375,0.359,1,"NKAPD1"
"TMEM170B",0.0102,0.12,0.384,0.365,1,"TMEM170B"
"RETREG3",0.0102,0.161,0.272,0.255,1,"RETREG3"
"DGKA",0.0102,0.232,0.119,0.107,1,"DGKA"
"BBS1",0.0103,0.313,0.025,0.019,1,"BBS1"
"DNAJC17",0.0103,0.102,0.349,0.329,1,"DNAJC17"
"TMEM242",0.0103,0.121,0.363,0.344,1,"TMEM242"
"GNA13",0.0103,-0.106,0.466,0.479,1,"GNA13"
"HAUS7",0.0104,0.209,0.07,0.061,1,"HAUS7"
"C8orf34",0.0104,-0.902,0.016,0.022,1,"C8orf34"
"AP1M1",0.0104,0.118,0.371,0.354,1,"AP1M1"
"GHDC",0.0104,0.299,0.021,0.016,1,"GHDC"
"TPM2",0.0104,0.166,0.031,0.025,1,"TPM2"
"HAUS8",0.0105,0.139,0.174,0.159,1,"HAUS8"
"ZNF865",0.0105,0.14,0.074,0.064,1,"ZNF865"
"TERF2",0.0105,0.15,0.423,0.406,1,"TERF2"
"ETFDH",0.0105,0.16,0.338,0.324,1,"ETFDH"
"PEX5L",0.0105,-0.593,0.039,0.047,1,"PEX5L"
"POP7",0.0106,0.107,0.356,0.339,1,"POP7"
"EBLN2",0.0106,0.191,0.066,0.057,1,"EBLN2"
"SRGN",0.0106,0.923,0.014,0.01,1,"SRGN"
"SMAD3",0.0106,0.13,0.204,0.189,1,"SMAD3"
"CDK5R2",0.0106,-0.24,0.017,0.022,1,"CDK5R2"
"PGAM5",0.0106,0.16,0.122,0.109,1,"PGAM5"
"ZNF677",0.0106,0.194,0.345,0.331,1,"ZNF677"
"CPT1B",0.0106,0.256,0.071,0.062,1,"CPT1B"
"RIPOR1",0.0107,0.111,0.235,0.219,1,"RIPOR1"
"RHBDL2",0.0107,0.169,0.212,0.197,1,"RHBDL2"
"CFAP43",0.0107,-0.285,0.103,0.114,1,"CFAP43"
"NQO2",0.0107,0.136,0.236,0.219,1,"NQO2"
"DNAJC18",0.0108,0.123,0.471,0.455,1,"DNAJC18"
"THEM6",0.0108,0.196,0.098,0.086,1,"THEM6"
"CHAMP1",0.0108,0.135,0.378,0.363,1,"CHAMP1"
"IFIT5",0.0108,0.158,0.305,0.287,1,"IFIT5"
"SPEG",0.0108,0.21,0.095,0.084,1,"SPEG"
"PIGV",0.0109,0.405,0.082,0.072,1,"PIGV"
"TBC1D16",0.0109,0.121,0.543,0.53,1,"TBC1D16"
"TMOD1",0.0109,0.395,0.06,0.051,1,"TMOD1"
"WIPF1",0.011,0.131,0.36,0.342,1,"WIPF1"
"PRRX1",0.011,0.279,0.322,0.311,1,"PRRX1"
"LAMB3",0.011,0.674,0.015,0.011,1,"LAMB3"
"ZFYVE19",0.011,0.179,0.098,0.087,1,"ZFYVE19"
"SLC25A44",0.0111,0.186,0.171,0.157,1,"SLC25A44"
"CCDC80",0.0111,-0.23,0.106,0.118,1,"CCDC80"
"ELOA",0.0111,0.118,0.401,0.386,1,"ELOA"
"ERCC6",0.0111,0.1,0.292,0.273,1,"ERCC6"
"PELO",0.0111,0.155,0.157,0.143,1,"PELO"
"BCO1",0.0112,-0.711,0.017,0.022,1,"BCO1"
"BGLAP",0.0112,0.17,0.049,0.041,1,"BGLAP"
"BMP4",0.0112,-0.683,0.007,0.011,1,"BMP4"
"SLC24A3",0.0112,0.589,0.257,0.245,1,"SLC24A3"
"AMPD2",0.0112,0.328,0.106,0.094,1,"AMPD2"
"MSH5",0.0112,-0.161,0.203,0.218,1,"MSH5"
"TTC30B",0.0112,0.281,0.083,0.072,1,"TTC30B"
"KNL1",0.0113,-0.302,0.156,0.169,1,"KNL1"
"NANOS3",0.0113,0.324,0.102,0.09,1,"NANOS3"
"MGST1",0.0114,0.238,0.391,0.381,1,"MGST1"
"ZNF613",0.0114,0.23,0.08,0.07,1,"ZNF613"
"ZNF730",0.0114,0.194,0.42,0.407,1,"ZNF730"
"UNC13A",0.0115,-0.119,0.071,0.082,1,"UNC13A"
"VHL",0.0115,0.128,0.542,0.537,1,"VHL"
"TSPAN15",0.0115,-0.161,0.036,0.043,1,"TSPAN15"
"ZNF660",0.0116,0.214,0.282,0.267,1,"ZNF660"
"CTDSP1",0.0116,0.23,0.22,0.206,1,"CTDSP1"
"LAMA1",0.0116,-0.162,0.18,0.194,1,"LAMA1"
"MTARC1",0.0117,-0.295,0.041,0.049,1,"MTARC1"
"FGD1",0.0117,0.139,0.315,0.299,1,"FGD1"
"C14orf93",0.0117,0.33,0.11,0.099,1,"C14orf93"
"TMEM94",0.0117,0.14,0.256,0.239,1,"TMEM94"
"ARL16",0.0117,0.106,0.362,0.342,1,"ARL16"
"EDEM3",0.0118,0.104,0.418,0.399,1,"EDEM3"
"ENSG00000280205",0.0118,0.612,0.017,0.012,1,"ENSG00000280205"
"NAA30",0.0118,0.142,0.312,0.295,1,"NAA30"
"ACMSD",0.0118,-0.126,0.052,0.061,1,"ACMSD"
"BLOC1S5",0.0118,0.153,0.293,0.277,1,"BLOC1S5"
"CACTIN",0.0119,0.172,0.109,0.097,1,"CACTIN"
"DBT",0.0119,0.144,0.334,0.319,1,"DBT"
"NOXA1",0.0119,-0.3,0.054,0.063,1,"NOXA1"
"TMEM127",0.0119,0.145,0.201,0.186,1,"TMEM127"
"TMEM154",0.012,0.512,0.017,0.012,1,"TMEM154"
"EPHB6",0.012,-0.199,0.019,0.025,1,"EPHB6"
"BEGAIN",0.012,0.197,0.071,0.061,1,"BEGAIN"
"CPNE8",0.012,0.313,0.151,0.139,1,"CPNE8"
"TIGD1",0.012,0.164,0.116,0.104,1,"TIGD1"
"TEAD4",0.012,0.218,0.025,0.019,1,"TEAD4"
"C18orf54",0.0121,-0.145,0.148,0.161,1,"C18orf54"
"GDAP2",0.0122,0.157,0.391,0.376,1,"GDAP2"
"COL9A1",0.0122,-0.283,0.049,0.058,1,"COL9A1"
"APLN",0.0122,-0.379,0.012,0.017,1,"APLN"
"STK26",0.0122,0.243,0.051,0.043,1,"STK26"
"CTSF",0.0122,0.278,0.042,0.035,1,"CTSF"
"TAFA2",0.0123,0.211,0.203,0.19,1,"TAFA2"
"DNAJC12",0.0123,0.156,0.071,0.061,1,"DNAJC12"
"C5AR1",0.0123,0.384,0.023,0.017,1,"C5AR1"
"SUGP1",0.0123,0.154,0.259,0.242,1,"SUGP1"
"ENSG00000271793",0.0123,0.155,0.124,0.111,1,"ENSG00000271793"
"MAIP1",0.0124,0.139,0.265,0.248,1,"MAIP1"
"RWDD3",0.0124,0.139,0.313,0.296,1,"RWDD3"
"EPCAM",0.0124,-0.237,0.036,0.044,1,"EPCAM"
"FGD5",0.0124,-0.488,0.009,0.012,1,"FGD5"
"RNF114",0.0124,0.119,0.395,0.379,1,"RNF114"
"JOSD1",0.0124,0.115,0.425,0.41,1,"JOSD1"
"GGCX",0.0125,0.111,0.302,0.286,1,"GGCX"
"CD70",0.0125,1.236,0.012,0.008,1,"CD70"
"CISH",0.0125,0.541,0.01,0.007,1,"CISH"
"WHAMM",0.0125,0.158,0.251,0.237,1,"WHAMM"
"FAM151B",0.0126,0.22,0.126,0.114,1,"FAM151B"
"HELQ",0.0126,0.134,0.259,0.242,1,"HELQ"
"NUTM2G",0.0126,0.503,0.016,0.012,1,"NUTM2G"
"FURIN",0.0127,0.17,0.088,0.077,1,"FURIN"
"MCM4",0.0128,0.31,0.258,0.245,1,"MCM4"
"CEP170B",0.0128,0.261,0.066,0.057,1,"CEP170B"
"IFI44",0.0128,0.404,0.265,0.253,1,"IFI44"
"BAIAP2L2",0.0129,-0.359,0.037,0.044,1,"BAIAP2L2"
"PRX",0.0129,0.39,0.014,0.01,1,"PRX"
"CHRAC1",0.0129,0.171,0.216,0.201,1,"CHRAC1"
"CTHRC1",0.0129,0.388,0.029,0.023,1,"CTHRC1"
"H2BC7",0.0129,0.445,0.034,0.027,1,"H2BC7"
"TENM3",0.013,0.204,0.549,0.552,1,"TENM3"
"FAM8A1",0.0131,0.158,0.305,0.289,1,"FAM8A1"
"TOP3B",0.0131,0.218,0.166,0.152,1,"TOP3B"
"ZNF737",0.0131,0.154,0.35,0.335,1,"ZNF737"
"NHEJ1",0.0131,0.143,0.165,0.151,1,"NHEJ1"
"AMPH",0.0132,0.173,0.197,0.182,1,"AMPH"
"ZDHHC5",0.0133,0.166,0.261,0.246,1,"ZDHHC5"
"LENG8",0.0133,0.102,0.357,0.338,1,"LENG8"
"APOL2",0.0134,0.213,0.086,0.076,1,"APOL2"
"RBM38",0.0134,0.107,0.181,0.166,1,"RBM38"
"H2AC6",0.0135,-0.811,0.164,0.15,1,"H2AC6"
"ERRFI1",0.0135,0.201,0.153,0.14,1,"ERRFI1"
"ABCD2",0.0135,0.214,0.269,0.255,1,"ABCD2"
"BBS2",0.0135,-0.111,0.379,0.394,1,"BBS2"
"TUBGCP6",0.0135,0.149,0.087,0.076,1,"TUBGCP6"
"OIT3",0.0136,0.311,0.016,0.012,1,"OIT3"
"DUSP5",0.0136,0.114,0.034,0.028,1,"DUSP5"
"KCNN2",0.0136,-0.468,0.018,0.023,1,"KCNN2"
"GGA1",0.0136,0.143,0.382,0.366,1,"GGA1"
"DKC1",0.0136,0.1,0.418,0.406,1,"DKC1"
"PWAR5",0.0137,0.25,0.151,0.138,1,"PWAR5"
"NOPCHAP1",0.0137,0.107,0.403,0.386,1,"NOPCHAP1"
"SPINK2",0.0137,0.599,0.013,0.009,1,"SPINK2"
"ZNF804B",0.0138,0.273,0.028,0.022,1,"ZNF804B"
"TBC1D17",0.0138,0.147,0.159,0.146,1,"TBC1D17"
"CRTC2",0.0138,0.286,0.09,0.079,1,"CRTC2"
"LMNB2",0.0139,0.148,0.294,0.277,1,"LMNB2"
"ASB13",0.0139,0.214,0.097,0.086,1,"ASB13"
"KCNIP2",0.0139,-0.103,0.072,0.082,1,"KCNIP2"
"ZNF2",0.0139,0.164,0.099,0.088,1,"ZNF2"
"RDH14",0.0139,0.128,0.274,0.257,1,"RDH14"
"NMB",0.014,0.266,0.264,0.244,1,"NMB"
"COLGALT1",0.014,0.186,0.154,0.141,1,"COLGALT1"
"NUDT12",0.014,0.141,0.258,0.241,1,"NUDT12"
"ENG",0.014,-0.48,0.019,0.025,1,"ENG"
"SLC25A30",0.014,-0.29,0.083,0.094,1,"SLC25A30"
"SNAPC3",0.0141,0.116,0.637,0.626,1,"SNAPC3"
"FNDC11",0.0142,-0.376,0.012,0.016,1,"FNDC11"
"PXDNL",0.0142,0.283,0.102,0.091,1,"PXDNL"
"ITIH2",0.0142,-0.316,0.012,0.016,1,"ITIH2"
"ORAI1",0.0142,0.188,0.125,0.113,1,"ORAI1"
"MOGS",0.0142,0.173,0.192,0.176,1,"MOGS"
"NISCH",0.0142,0.15,0.369,0.352,1,"NISCH"
"GRIP1",0.0143,-0.32,0.64,0.652,1,"GRIP1"
"ERN1",0.0143,0.156,0.151,0.138,1,"ERN1"
"C1orf174",0.0143,0.124,0.229,0.214,1,"C1orf174"
"SHLD3",0.0143,0.307,0.095,0.084,1,"SHLD3"
"AKAP8L",0.0144,0.117,0.584,0.578,1,"AKAP8L"
"TBC1D2",0.0144,0.141,0.079,0.069,1,"TBC1D2"
"IRAK3",0.0144,-0.748,0.011,0.015,1,"IRAK3"
"SCGB1A1",0.0144,-0.627,0.007,0.01,1,"SCGB1A1"
"PYROXD2",0.0144,0.368,0.025,0.02,1,"PYROXD2"
"IFI35",0.0144,-0.212,0.062,0.071,1,"IFI35"
"ZNF888",0.0144,0.247,0.042,0.034,1,"ZNF888"
"ARHGAP24",0.0144,0.202,0.06,0.07,1,"ARHGAP24"
"TWNK",0.0145,0.33,0.06,0.052,1,"TWNK"
"ACER3",0.0146,0.111,0.64,0.628,1,"ACER3"
"H3C4",0.0146,0.568,0.131,0.119,1,"H3C4"
"NPIPB2",0.0146,0.2,0.141,0.129,1,"NPIPB2"
"RBFOX3",0.0146,0.337,0.103,0.092,1,"RBFOX3"
"KCNAB2",0.0146,0.243,0.094,0.083,1,"KCNAB2"
"ZNF689",0.0147,0.134,0.146,0.132,1,"ZNF689"
"FBXO45",0.0147,0.127,0.332,0.317,1,"FBXO45"
"LYSMD4",0.0147,0.348,0.112,0.101,1,"LYSMD4"
"KCNG1",0.0147,-0.179,0.166,0.179,1,"KCNG1"
"SUPT7L",0.0147,0.142,0.253,0.236,1,"SUPT7L"
"OPTN",0.0147,0.124,0.473,0.459,1,"OPTN"
"ZNF586",0.0147,0.112,0.419,0.406,1,"ZNF586"
"GALNT3",0.0148,0.533,0.011,0.008,1,"GALNT3"
"PML",0.0148,0.147,0.126,0.114,1,"PML"
"STEAP2",0.0148,0.522,0.065,0.057,1,"STEAP2"
"ENSG00000285641",0.0148,0.476,0.02,0.015,1,"ENSG00000285641"
"SFR1",0.0148,0.175,0.198,0.183,1,"SFR1"
"TIRAP",0.0149,0.234,0.107,0.096,1,"TIRAP"
"ENSG00000279384",0.0149,0.349,0.011,0.008,1,"ENSG00000279384"
"SEC61A2",0.015,0.136,0.407,0.394,1,"SEC61A2"
"IFFO1",0.015,0.17,0.091,0.08,1,"IFFO1"
"FLJ42393",0.015,0.24,0.021,0.016,1,"FLJ42393"
"BTN2A1",0.015,0.122,0.287,0.27,1,"BTN2A1"
"GINS1",0.015,0.116,0.256,0.241,1,"GINS1"
"ZNF43",0.0151,0.12,0.609,0.603,1,"ZNF43"
"HEXIM2",0.0151,0.144,0.105,0.093,1,"HEXIM2"
"TRIB3",0.0151,-0.279,0.05,0.058,1,"TRIB3"
"MXRA8",0.0153,-0.175,0.008,0.012,1,"MXRA8"
"PPOX",0.0153,0.118,0.128,0.115,1,"PPOX"
"PPFIA3",0.0153,0.218,0.096,0.085,1,"PPFIA3"
"CASP9",0.0154,0.169,0.145,0.132,1,"CASP9"
"NOTCH1",0.0154,0.105,0.449,0.436,1,"NOTCH1"
"ZNF620",0.0155,0.21,0.231,0.218,1,"ZNF620"
"BMX",0.0155,0.594,0.025,0.019,1,"BMX"
"GALNT18",0.0156,-0.566,0.069,0.078,1,"GALNT18"
"TBC1D22B",0.0156,0.146,0.287,0.271,1,"TBC1D22B"
"GEMIN2",0.0156,0.116,0.316,0.3,1,"GEMIN2"
"PCDHB9",0.0156,-0.13,0.126,0.139,1,"PCDHB9"
"VPS18",0.0156,0.14,0.126,0.114,1,"VPS18"
"BBS4",0.0156,0.2,0.329,0.313,1,"BBS4"
"NLE1",0.0157,0.213,0.062,0.054,1,"NLE1"
"ZNF571",0.0157,0.161,0.213,0.199,1,"ZNF571"
"TMSB15B",0.0157,0.208,0.144,0.131,1,"TMSB15B"
"ZNF471",0.0157,0.142,0.052,0.044,1,"ZNF471"
"RAG2",0.0158,1.077,0.01,0.007,1,"RAG2"
"BLOC1S3",0.0158,0.198,0.05,0.042,1,"BLOC1S3"
"SLC41A1",0.0158,0.108,0.206,0.191,1,"SLC41A1"
"RBM15",0.0158,0.111,0.18,0.166,1,"RBM15"
"IL17RA",0.0159,0.252,0.129,0.118,1,"IL17RA"
"ZNF418",0.0159,0.226,0.105,0.094,1,"ZNF418"
"RNASET2",0.0159,-0.168,0.173,0.185,1,"RNASET2"
"RGS12",0.016,0.104,0.672,0.659,1,"RGS12"
"MTF1",0.016,0.146,0.268,0.251,1,"MTF1"
"ATP10D",0.016,0.103,0.289,0.271,1,"ATP10D"
"PROM1",0.016,-0.176,0.102,0.113,1,"PROM1"
"GDPD5",0.0161,-0.458,0.014,0.019,1,"GDPD5"
"TMEM120B",0.0161,0.101,0.185,0.17,1,"TMEM120B"
"PARP9",0.0162,0.146,0.213,0.199,1,"PARP9"
"PPP1R10",0.0162,0.114,0.679,0.669,1,"PPP1R10"
"MPPE1",0.0162,0.158,0.248,0.232,1,"MPPE1"
"ZNF8",0.0163,0.188,0.267,0.25,1,"ZNF8"
"OSTF1",0.0163,0.124,0.109,0.098,1,"OSTF1"
"TNK2",0.0163,0.328,0.229,0.216,1,"TNK2"
"ZNF678",0.0163,0.135,0.442,0.431,1,"ZNF678"
"MAK16",0.0164,0.145,0.171,0.158,1,"MAK16"
"KMT2D",0.0164,0.157,0.289,0.273,1,"KMT2D"
"SREBF1",0.0164,-0.11,0.179,0.194,1,"SREBF1"
"CLEC18B",0.0164,-0.526,0.008,0.011,1,"CLEC18B"
"CD2AP",0.0164,0.167,0.427,0.417,1,"CD2AP"
"DHX35",0.0164,0.144,0.303,0.286,1,"DHX35"
"COX18",0.0165,0.144,0.223,0.207,1,"COX18"
"ZNF414",0.0165,0.145,0.193,0.178,1,"ZNF414"
"P2RX6",0.0165,0.402,0.017,0.012,1,"P2RX6"
"CENPK",0.0165,0.149,0.243,0.228,1,"CENPK"
"ING2",0.0166,0.176,0.319,0.304,1,"ING2"
"MTMR8",0.0166,0.225,0.123,0.111,1,"MTMR8"
"LRRC8C",0.0166,0.168,0.228,0.213,1,"LRRC8C"
"FAM131A",0.0166,0.217,0.222,0.209,1,"FAM131A"
"PEX7",0.0167,0.116,0.227,0.211,1,"PEX7"
"TOP1MT",0.0167,0.177,0.157,0.144,1,"TOP1MT"
"LPIN1",0.0167,0.168,0.367,0.352,1,"LPIN1"
"ZNF707",0.0167,0.147,0.068,0.059,1,"ZNF707"
"NXF1",0.0167,0.179,0.186,0.173,1,"NXF1"
"UBE2D4",0.0167,0.102,0.219,0.205,1,"UBE2D4"
"DDIT3",0.0168,-0.143,0.201,0.185,1,"DDIT3"
"GNAI1",0.0168,0.102,0.336,0.32,1,"GNAI1"
"CNOT10",0.0168,0.103,0.505,0.492,1,"CNOT10"
"LRRN1",0.0168,0.139,0.508,0.495,1,"LRRN1"
"ZNF182",0.0168,0.214,0.075,0.066,1,"ZNF182"
"WWC3",0.0169,0.156,0.391,0.379,1,"WWC3"
"DNHD1",0.0169,0.141,0.337,0.321,1,"DNHD1"
"SH2D3C",0.0169,0.534,0.039,0.032,1,"SH2D3C"
"CDT1",0.0169,0.186,0.089,0.079,1,"CDT1"
"LRRC40",0.0169,0.124,0.602,0.59,1,"LRRC40"
"MON1B",0.0171,0.142,0.295,0.279,1,"MON1B"
"GLS2",0.0171,0.259,0.039,0.032,1,"GLS2"
"ZNF843",0.0172,-0.341,0.022,0.028,1,"ZNF843"
"PRPS2",0.0172,0.167,0.119,0.107,1,"PRPS2"
"CDH24",0.0172,0.115,0.08,0.07,1,"CDH24"
"DAO",0.0172,-0.206,0.01,0.014,1,"DAO"
"MTM1",0.0172,0.131,0.367,0.35,1,"MTM1"
"SLITRK5",0.0173,-0.161,0.12,0.132,1,"SLITRK5"
"ENSG00000279077",0.0173,0.315,0.027,0.021,1,"ENSG00000279077"
"AMBN",0.0173,-0.415,0.008,0.011,1,"AMBN"
"SEMA4B",0.0173,-0.161,0.205,0.218,1,"SEMA4B"
"FXYD7",0.0174,1.142,0.023,0.017,1,"FXYD7"
"HRH1",0.0174,0.601,0.028,0.022,1,"HRH1"
"MAP1S",0.0175,0.174,0.19,0.176,1,"MAP1S"
"ENSG00000279799",0.0175,0.202,0.039,0.032,1,"ENSG00000279799"
"CCDC177",0.0175,0.421,0.016,0.012,1,"CCDC177"
"SYDE1",0.0175,0.397,0.061,0.053,1,"SYDE1"
"CHUK",0.0176,0.119,0.34,0.323,1,"CHUK"
"C11orf98",0.0176,0.487,0.015,0.011,1,"C11orf98"
"TBC1D22A",0.0176,0.123,0.612,0.601,1,"TBC1D22A"
"KBTBD2",0.0176,0.1,0.457,0.442,1,"KBTBD2"
"EQTN",0.0177,-0.231,0.026,0.033,1,"EQTN"
"KIF27",0.0177,0.104,0.36,0.344,1,"KIF27"
"ZFAT",0.0177,0.14,0.165,0.151,1,"ZFAT"
"CSKMT",0.0178,0.159,0.129,0.117,1,"CSKMT"
"GALNT8",0.0178,-0.133,0.193,0.207,1,"GALNT8"
"GM2A",0.0179,0.196,0.12,0.109,1,"GM2A"
"STARD8",0.0179,-0.741,0.007,0.01,1,"STARD8"
"KCNK12",0.0179,0.232,0.057,0.049,1,"KCNK12"
"STKLD1",0.0179,0.141,0.035,0.029,1,"STKLD1"
"EHD2",0.018,0.129,0.108,0.097,1,"EHD2"
"YARS2",0.018,0.105,0.378,0.36,1,"YARS2"
"SKA1",0.018,-0.132,0.071,0.081,1,"SKA1"
"ACADL",0.0181,-0.219,0.032,0.038,1,"ACADL"
"ICA1",0.0182,0.341,0.051,0.043,1,"ICA1"
"TFIP11",0.0182,0.105,0.203,0.188,1,"TFIP11"
"SLC41A3",0.0182,0.152,0.271,0.255,1,"SLC41A3"
"NUDT8",0.0183,0.106,0.077,0.067,1,"NUDT8"
"ART3",0.0183,0.576,0.021,0.016,1,"ART3"
"CCDC200",0.0183,-0.764,0.011,0.015,1,"CCDC200"
"RBM34",0.0183,0.153,0.077,0.068,1,"RBM34"
"ZNF391",0.0184,-0.29,0.047,0.055,1,"ZNF391"
"CFAP77",0.0184,0.813,0.025,0.02,1,"CFAP77"
"FBXO27",0.0185,-0.381,0.032,0.039,1,"FBXO27"
"CFAP69",0.0186,0.117,0.099,0.088,1,"CFAP69"
"TLE2",0.0186,0.425,0.112,0.103,1,"TLE2"
"C1orf21",0.0186,0.175,0.672,0.667,1,"C1orf21"
"GSTT2B",0.0187,0.68,0.01,0.007,1,"GSTT2B"
"CARMIL2",0.0187,-0.634,0.008,0.012,1,"CARMIL2"
"AIFM3",0.0187,-0.546,0.015,0.02,1,"AIFM3"
"IL33",0.0187,-0.186,0.34,0.35,1,"IL33"
"MRE11",0.0187,0.117,0.33,0.316,1,"MRE11"
"BCL9L",0.0187,0.167,0.243,0.229,1,"BCL9L"
"TEX29",0.0188,0.373,0.025,0.02,1,"TEX29"
"ZNF365",0.0189,0.308,0.028,0.023,1,"ZNF365"
"SWT1",0.0189,0.116,0.445,0.43,1,"SWT1"
"ZNF256",0.0189,0.214,0.078,0.068,1,"ZNF256"
"INAFM2",0.0189,0.238,0.106,0.096,1,"INAFM2"
"BRME1",0.0189,-0.241,0.084,0.094,1,"BRME1"
"FAM117A",0.019,0.173,0.154,0.142,1,"FAM117A"
"ZNF440",0.019,0.112,0.162,0.149,1,"ZNF440"
"ZNF224",0.0191,0.116,0.254,0.238,1,"ZNF224"
"AFTPH",0.0191,0.103,0.511,0.498,1,"AFTPH"
"TDO2",0.0192,0.242,0.02,0.015,1,"TDO2"
"COQ6",0.0192,0.149,0.195,0.181,1,"COQ6"
"SAAL1",0.0192,0.143,0.256,0.241,1,"SAAL1"
"L3MBTL3",0.0193,0.212,0.206,0.192,1,"L3MBTL3"
"ENSG00000269825",0.0193,0.181,0.057,0.049,1,"ENSG00000269825"
"CSPG5",0.0194,-0.305,0.436,0.431,1,"CSPG5"
"SYNPO",0.0194,0.307,0.025,0.02,1,"SYNPO"
"SGSM3",0.0195,0.152,0.219,0.205,1,"SGSM3"
"MLIP",0.0195,-0.334,0.054,0.062,1,"MLIP"
"KIAA0825",0.0195,-0.12,0.45,0.462,1,"KIAA0825"
"PIAS3",0.0196,0.228,0.151,0.139,1,"PIAS3"
"ZNF263",0.0196,0.178,0.102,0.091,1,"ZNF263"
"KDM4D",0.0197,0.208,0.068,0.059,1,"KDM4D"
"C1orf216",0.0197,-0.154,0.051,0.06,1,"C1orf216"
"H2AC11",0.0197,0.351,0.089,0.08,1,"H2AC11"
"RAB9B",0.0197,0.134,0.2,0.186,1,"RAB9B"
"TATDN1",0.0198,0.113,0.478,0.464,1,"TATDN1"
"ENSG00000266086",0.0198,0.179,0.163,0.15,1,"ENSG00000266086"
"SNX33",0.0198,0.254,0.056,0.048,1,"SNX33"
"GGA3",0.0198,0.141,0.228,0.213,1,"GGA3"
"ZMAT5",0.0199,0.125,0.251,0.236,1,"ZMAT5"
"CHEK2",0.0199,0.178,0.15,0.137,1,"CHEK2"
"ECT2L",0.0199,0.153,0.107,0.096,1,"ECT2L"
"WRNIP1",0.02,0.139,0.399,0.387,1,"WRNIP1"
"WDR4",0.02,0.155,0.125,0.114,1,"WDR4"
"ENSG00000278949",0.02,0.659,0.017,0.013,1,"ENSG00000278949"
"ZNF438",0.02,-0.151,0.393,0.407,1,"ZNF438"
"CCNJ",0.02,0.157,0.214,0.2,1,"CCNJ"
"CCNE1",0.0201,0.274,0.059,0.051,1,"CCNE1"
"BAMBI",0.0201,0.631,0.017,0.013,1,"BAMBI"
"PTP4A3",0.0202,0.278,0.081,0.072,1,"PTP4A3"
"ITPRIPL2",0.0202,0.285,0.058,0.05,1,"ITPRIPL2"
"TMEM39A",0.0203,0.124,0.225,0.211,1,"TMEM39A"
"RPTOR",0.0204,0.107,0.582,0.574,1,"RPTOR"
"TRIM61",0.0204,-0.55,0.017,0.022,1,"TRIM61"
"PRR12",0.0204,0.139,0.331,0.315,1,"PRR12"
"PRPF19",0.0205,0.124,0.273,0.258,1,"PRPF19"
"HEPN1",0.0205,-0.337,0.369,0.371,1,"HEPN1"
"INTS3",0.0205,0.114,0.377,0.36,1,"INTS3"
"MAFK",0.0206,0.296,0.024,0.019,1,"MAFK"
"STK32C",0.0206,0.125,0.207,0.192,1,"STK32C"
"MOCS3",0.0206,0.163,0.098,0.087,1,"MOCS3"
"TARS2",0.0208,0.138,0.156,0.144,1,"TARS2"
"CA3",0.0208,0.222,0.083,0.074,1,"CA3"
"ZNF711",0.0209,0.146,0.589,0.585,1,"ZNF711"
"CYTH2",0.0209,0.129,0.448,0.436,1,"CYTH2"
"SLC31A2",0.0209,0.513,0.037,0.03,1,"SLC31A2"
"ZCCHC18",0.021,0.232,0.051,0.044,1,"ZCCHC18"
"MIDEAS",0.021,0.146,0.301,0.286,1,"MIDEAS"
"ENSG00000279140",0.021,0.209,0.036,0.03,1,"ENSG00000279140"
"SMOC1",0.0211,0.461,0.323,0.312,1,"SMOC1"
"BCLAF3",0.0212,0.137,0.457,0.444,1,"BCLAF3"
"ZNF212",0.0212,0.132,0.169,0.156,1,"ZNF212"
"OMA1",0.0212,0.188,0.091,0.082,1,"OMA1"
"CHRNB2",0.0212,-0.158,0.017,0.021,1,"CHRNB2"
"ADGRE5",0.0212,-0.505,0.016,0.021,1,"ADGRE5"
"KICS2",0.0213,0.31,0.047,0.04,1,"KICS2"
"ZNF486",0.0214,0.105,0.164,0.151,1,"ZNF486"
"AKAP8",0.0215,0.126,0.286,0.271,1,"AKAP8"
"ATP8B1",0.0215,0.215,0.194,0.18,1,"ATP8B1"
"OAT",0.0215,-0.211,0.478,0.483,1,"OAT"
"CRISPLD2",0.0217,-0.474,0.012,0.016,1,"CRISPLD2"
"CDAN1",0.0217,0.115,0.145,0.133,1,"CDAN1"
"PSAT1",0.0217,-0.274,0.478,0.477,1,"PSAT1"
"FLACC1",0.0218,0.395,0.056,0.048,1,"FLACC1"
"ZNF416",0.0219,0.234,0.06,0.052,1,"ZNF416"
"ZSCAN23",0.0219,0.127,0.19,0.177,1,"ZSCAN23"
"SENP8",0.0219,0.208,0.162,0.15,1,"SENP8"
"CCDC144A",0.022,0.131,0.228,0.214,1,"CCDC144A"
"KCNAB3",0.022,-0.207,0.056,0.064,1,"KCNAB3"
"H2AC13",0.022,0.478,0.033,0.027,1,"H2AC13"
"UCK2",0.0221,0.107,0.364,0.35,1,"UCK2"
"GPKOW",0.0221,0.132,0.19,0.177,1,"GPKOW"
"UBE3B",0.0222,0.166,0.31,0.293,1,"UBE3B"
"MORC3",0.0222,0.102,0.655,0.644,1,"MORC3"
"APLNR",0.0223,0.584,0.015,0.011,1,"APLNR"
"LIME1",0.0223,0.329,0.024,0.019,1,"LIME1"
"ZNF805",0.0223,0.106,0.218,0.203,1,"ZNF805"
"WFS1",0.0223,0.158,0.077,0.068,1,"WFS1"
"NAGA",0.0224,0.111,0.115,0.104,1,"NAGA"
"THAP7",0.0224,0.142,0.174,0.161,1,"THAP7"
"PAFAH2",0.0225,0.171,0.099,0.089,1,"PAFAH2"
"RPUSD1",0.0225,0.137,0.093,0.083,1,"RPUSD1"
"MRM1",0.0225,0.244,0.028,0.023,1,"MRM1"
"ZNF705A",0.0226,-0.378,0.035,0.042,1,"ZNF705A"
"ABCC4",0.0226,-0.243,0.078,0.088,1,"ABCC4"
"NCS1",0.0226,0.122,0.496,0.487,1,"NCS1"
"KCTD12",0.0226,-0.911,0.066,0.074,1,"KCTD12"
"LCAT",0.0227,0.328,0.042,0.035,1,"LCAT"
"COG1",0.0227,0.153,0.155,0.142,1,"COG1"
"SH3BP5",0.0227,-0.124,0.313,0.324,1,"SH3BP5"
"SHISA9",0.0228,-1.315,0.023,0.028,1,"SHISA9"
"CA1",0.0228,0.117,0.058,0.05,1,"CA1"
"TMEM272",0.023,-0.561,0.007,0.01,1,"TMEM272"
"PCDHA8",0.023,-0.334,0.007,0.01,1,"PCDHA8"
"PDCL2",0.0231,-0.74,0.01,0.014,1,"PDCL2"
"LEPR",0.0231,0.115,0.182,0.168,1,"LEPR"
"MBLAC2",0.0231,0.152,0.088,0.078,1,"MBLAC2"
"RASSF3",0.0232,-0.469,0.029,0.035,1,"RASSF3"
"DCHS2",0.0233,0.2,0.038,0.032,1,"DCHS2"
"RIT2",0.0233,0.93,0.011,0.008,1,"RIT2"
"OCEL1",0.0234,0.139,0.101,0.091,1,"OCEL1"
"USP18",0.0234,0.173,0.082,0.073,1,"USP18"
"ENSG00000255439",0.0235,-0.327,0.022,0.028,1,"ENSG00000255439"
"C1orf159",0.0236,-0.121,0.264,0.276,1,"C1orf159"
"KCTD10",0.0238,0.139,0.192,0.178,1,"KCTD10"
"ALPL",0.0238,-0.418,0.011,0.015,1,"ALPL"
"GSX1",0.0238,0.648,0.01,0.007,1,"GSX1"
"RNF157",0.0238,-0.101,0.392,0.406,1,"RNF157"
"ZNF672",0.0239,0.11,0.156,0.143,1,"ZNF672"
"CEBPD",0.0239,0.122,0.189,0.176,1,"CEBPD"
"MREG",0.0239,0.16,0.144,0.132,1,"MREG"
"RAB3C",0.0239,-0.166,0.123,0.135,1,"RAB3C"
"EID3",0.0239,0.591,0.021,0.017,1,"EID3"
"C19orf54",0.024,0.291,0.053,0.046,1,"C19orf54"
"APBB1",0.0241,0.163,0.348,0.334,1,"APBB1"
"HAAO",0.0241,0.342,0.038,0.032,1,"HAAO"
"ABCA4",0.0242,0.658,0.031,0.025,1,"ABCA4"
"ZNF396",0.0243,0.292,0.053,0.045,1,"ZNF396"
"TMEM187",0.0244,0.142,0.165,0.153,1,"TMEM187"
"ZNF493",0.0244,0.147,0.357,0.34,1,"ZNF493"
"C2orf15",0.0244,0.247,0.025,0.02,1,"C2orf15"
"VIPAS39",0.0245,0.145,0.23,0.216,1,"VIPAS39"
"CDR2L",0.0245,0.238,0.135,0.124,1,"CDR2L"
"POM121",0.0246,0.111,0.567,0.559,1,"POM121"
"RAI14",0.0246,-0.138,0.426,0.434,1,"RAI14"
"RBM45",0.0246,0.186,0.187,0.174,1,"RBM45"
"GPR39",0.0247,-0.328,0.045,0.052,1,"GPR39"
"SIN3B",0.0247,0.149,0.362,0.347,1,"SIN3B"
"SAPCD1",0.0247,0.172,0.027,0.021,1,"SAPCD1"
"MFHAS1",0.0247,0.106,0.456,0.442,1,"MFHAS1"
"NBL1",0.0248,-0.19,0.053,0.061,1,"NBL1"
"NELFE",0.0248,0.154,0.419,0.409,1,"NELFE"
"HIGD1B",0.0248,0.194,0.04,0.034,1,"HIGD1B"
"MT-TH",0.0249,0.525,0.026,0.021,1,"MT-TH"
"GCC1",0.0249,0.219,0.079,0.07,1,"GCC1"
"ATP2C2",0.0249,0.404,0.033,0.027,1,"ATP2C2"
"GOLGA8H",0.025,0.522,0.02,0.016,1,"GOLGA8H"
"AOAH",0.0251,-0.254,0.021,0.026,1,"AOAH"
"ENGASE",0.0252,0.311,0.078,0.069,1,"ENGASE"
"REXO1",0.0252,0.135,0.147,0.135,1,"REXO1"
"NUDT4",0.0253,0.182,0.339,0.326,1,"NUDT4"
"PPP1R12C",0.0253,0.43,0.015,0.011,1,"PPP1R12C"
"ASB14",0.0253,0.211,0.083,0.074,1,"ASB14"
"C22orf23",0.0253,0.154,0.076,0.066,1,"C22orf23"
"MAPK13",0.0253,-0.846,0.007,0.01,1,"MAPK13"
"RELL2",0.0254,0.376,0.035,0.029,1,"RELL2"
"RPL39L",0.0254,0.156,0.178,0.166,1,"RPL39L"
"TRPV1",0.0254,-0.142,0.04,0.047,1,"TRPV1"
"CAPN12",0.0256,0.305,0.019,0.014,1,"CAPN12"
"FLVCR2",0.0256,0.265,0.033,0.027,1,"FLVCR2"
"LRRC14",0.0257,0.166,0.095,0.085,1,"LRRC14"
"SARNP",0.0258,0.143,0.134,0.123,1,"SARNP"
"RMC1",0.0258,0.112,0.263,0.248,1,"RMC1"
"SESTD1",0.0258,0.105,0.749,0.744,1,"SESTD1"
"ENSG00000141979",0.0259,-0.194,0.052,0.06,1,"ENSG00000141979"
"CAPN14",0.026,-0.422,0.009,0.013,1,"CAPN14"
"C16orf86",0.0261,0.274,0.026,0.021,1,"C16orf86"
"GID4",0.0261,0.175,0.162,0.15,1,"GID4"
"C1orf35",0.0262,0.111,0.378,0.361,1,"C1orf35"
"ATXN3",0.0263,0.122,0.563,0.553,1,"ATXN3"
"SLC7A7",0.0263,0.333,0.026,0.021,1,"SLC7A7"
"VPS37D",0.0263,0.222,0.175,0.163,1,"VPS37D"
"DAPK2",0.0263,-0.267,0.063,0.071,1,"DAPK2"
"ENSG00000279587",0.0264,0.513,0.011,0.008,1,"ENSG00000279587"
"TMEM138",0.0264,0.131,0.248,0.233,1,"TMEM138"
"NBPF9",0.0265,0.157,0.24,0.226,1,"NBPF9"
"ZSCAN2",0.0265,0.204,0.129,0.119,1,"ZSCAN2"
"VSTM2L",0.0266,0.14,0.051,0.044,1,"VSTM2L"
"RBAK-RBAKDN",0.0266,-0.605,0.018,0.023,1,"RBAK-RBAKDN"
"ACSBG2",0.0266,-0.201,0.045,0.052,1,"ACSBG2"
"LONRF3",0.0267,0.635,0.019,0.015,1,"LONRF3"
"RIC8A",0.0267,0.118,0.25,0.236,1,"RIC8A"
"FBRSL1",0.0267,0.135,0.269,0.255,1,"FBRSL1"
"TVP23B",0.0268,0.101,0.216,0.201,1,"TVP23B"
"BAHD1",0.0268,0.217,0.167,0.155,1,"BAHD1"
"ZC3H11A",0.0269,0.241,0.05,0.043,1,"ZC3H11A"
"ANKLE1",0.0271,-0.335,0.01,0.014,1,"ANKLE1"
"SIRT6",0.0272,0.173,0.191,0.178,1,"SIRT6"
"ENSG00000279809",0.0272,0.4,0.018,0.014,1,"ENSG00000279809"
"IKZF1",0.0272,-0.562,0.013,0.017,1,"IKZF1"
"IQSEC1",0.0272,-0.209,0.363,0.373,1,"IQSEC1"
"ZNF699",0.0273,-0.155,0.162,0.174,1,"ZNF699"
"C6orf120",0.0273,0.119,0.247,0.232,1,"C6orf120"
"CENPT",0.0274,0.241,0.179,0.168,1,"CENPT"
"UPK2",0.0274,-0.158,0.052,0.06,1,"UPK2"
"MEF2D",0.0275,0.135,0.187,0.175,1,"MEF2D"
"SMPD2",0.0275,0.332,0.032,0.026,1,"SMPD2"
"BIN3",0.0276,0.115,0.243,0.229,1,"BIN3"
"SYT12",0.0277,0.501,0.024,0.019,1,"SYT12"
"VWA5A",0.0277,0.193,0.101,0.092,1,"VWA5A"
"WDR73",0.0277,0.158,0.365,0.352,1,"WDR73"
"GALM",0.0279,0.101,0.211,0.197,1,"GALM"
"ENSG00000279425",0.0282,0.294,0.05,0.043,1,"ENSG00000279425"
"BAG4",0.0282,0.119,0.262,0.248,1,"BAG4"
"GULP1",0.0283,-0.144,0.409,0.416,1,"GULP1"
"MKNK1",0.0283,0.118,0.187,0.173,1,"MKNK1"
"BMS1",0.0283,0.109,0.416,0.401,1,"BMS1"
"PPP1R3D",0.0283,0.285,0.07,0.062,1,"PPP1R3D"
"ZNF680",0.0283,-0.107,0.301,0.314,1,"ZNF680"
"SMIM45",0.0284,0.21,0.097,0.087,1,"SMIM45"
"CUBN",0.0285,0.167,0.121,0.11,1,"CUBN"
"RABIF",0.0285,0.108,0.436,0.419,1,"RABIF"
"NLRC4",0.0286,0.162,0.035,0.029,1,"NLRC4"
"FXYD1",0.0286,-0.976,0.008,0.011,1,"FXYD1"
"CASP6",0.0288,0.11,0.348,0.333,1,"CASP6"
"FASTKD3",0.0291,0.195,0.088,0.079,1,"FASTKD3"
"E4F1",0.0291,0.179,0.16,0.148,1,"E4F1"
"PPP1R3F",0.0292,0.142,0.219,0.205,1,"PPP1R3F"
"MOXD1",0.0293,0.115,0.41,0.394,1,"MOXD1"
"DNAJC9",0.0293,0.113,0.421,0.409,1,"DNAJC9"
"GLB1L",0.0294,0.306,0.035,0.029,1,"GLB1L"
"PRRT1",0.0294,0.188,0.054,0.047,1,"PRRT1"
"MAP3K5",0.0294,0.137,0.275,0.261,1,"MAP3K5"
"ENSG00000267127",0.0295,-0.191,0.023,0.029,1,"ENSG00000267127"
"FANCF",0.0296,0.184,0.201,0.188,1,"FANCF"
"PCYT2",0.0297,0.144,0.15,0.138,1,"PCYT2"
"KCNC4",0.0297,-0.109,0.057,0.065,1,"KCNC4"
"CASKIN2",0.0298,0.274,0.097,0.088,1,"CASKIN2"
"DMD",0.0298,0.123,0.608,0.605,1,"DMD"
"PEX11B",0.0299,0.1,0.196,0.182,1,"PEX11B"
"BRSK2",0.0299,0.172,0.215,0.201,1,"BRSK2"
"FAAH",0.03,-0.251,0.027,0.033,1,"FAAH"
"HMGN5",0.0301,0.104,0.267,0.253,1,"HMGN5"
"SSH1",0.0301,0.103,0.339,0.324,1,"SSH1"
"POLD1",0.0301,0.148,0.098,0.089,1,"POLD1"
"CNGA4",0.0302,-0.814,0.013,0.017,1,"CNGA4"
"SELPLG",0.0302,0.475,0.035,0.029,1,"SELPLG"
"ZBTB6",0.0303,0.152,0.164,0.152,1,"ZBTB6"
"ENSG00000279555",0.0305,0.123,0.121,0.11,1,"ENSG00000279555"
"ZBTB42",0.0305,0.231,0.025,0.02,1,"ZBTB42"
"SLC30A10",0.0305,-0.172,0.097,0.107,1,"SLC30A10"
"RAVER1",0.0308,0.145,0.177,0.165,1,"RAVER1"
"ZKSCAN3",0.0308,0.153,0.115,0.104,1,"ZKSCAN3"
"TLR3",0.0308,-0.25,0.018,0.023,1,"TLR3"
"PKMYT1",0.0309,0.107,0.07,0.061,1,"PKMYT1"
"ZNF184",0.0309,0.169,0.187,0.175,1,"ZNF184"
"LRRIQ1",0.031,0.165,0.14,0.129,1,"LRRIQ1"
"ZNF510",0.031,0.147,0.252,0.238,1,"ZNF510"
"MASP1",0.031,-0.127,0.068,0.076,1,"MASP1"
"IHO1",0.0312,0.516,0.014,0.01,1,"IHO1"
"PCDHA11",0.0313,0.231,0.045,0.039,1,"PCDHA11"
"CYBRD1",0.0313,0.103,0.272,0.257,1,"CYBRD1"
"STIL",0.0313,-0.265,0.137,0.147,1,"STIL"
"PDE11A",0.0314,-0.735,0.007,0.01,1,"PDE11A"
"SLC38A3",0.0314,-0.344,0.028,0.034,1,"SLC38A3"
"TRMT1L",0.0314,0.153,0.264,0.25,1,"TRMT1L"
"ZBTB44",0.0314,0.11,0.557,0.542,1,"ZBTB44"
"SBNO2",0.0315,0.147,0.097,0.088,1,"SBNO2"
"BST1",0.0316,-0.173,0.009,0.012,1,"BST1"
"ERO1A",0.0317,-0.116,0.345,0.357,1,"ERO1A"
"TMCO6",0.0317,0.287,0.045,0.039,1,"TMCO6"
"ZIM2",0.0317,0.793,0.02,0.016,1,"ZIM2"
"IL18",0.0318,0.267,0.027,0.022,1,"IL18"
"PATL1",0.0318,0.106,0.319,0.305,1,"PATL1"
"GIN1",0.0321,0.269,0.161,0.151,1,"GIN1"
"HRK",0.0322,-0.531,0.042,0.049,1,"HRK"
"STPG4",0.0323,0.317,0.079,0.071,1,"STPG4"
"ENPP4",0.0323,0.33,0.087,0.078,1,"ENPP4"
"RASSF10",0.0324,0.198,0.036,0.03,1,"RASSF10"
"FITM2",0.0325,0.149,0.071,0.063,1,"FITM2"
"ITPKA",0.0325,-0.292,0.028,0.034,1,"ITPKA"
"C11orf80",0.0326,-0.101,0.564,0.574,1,"C11orf80"
"ZNF10",0.0327,0.17,0.092,0.082,1,"ZNF10"
"SLC13A5",0.0327,-0.51,0.011,0.014,1,"SLC13A5"
"MGAM",0.0328,-0.223,0.06,0.067,1,"MGAM"
"KHNYN",0.0329,0.234,0.071,0.063,1,"KHNYN"
"SNX18",0.033,-0.193,0.219,0.23,1,"SNX18"
"ZNF768",0.033,0.31,0.109,0.1,1,"ZNF768"
"CCDC102A",0.033,0.317,0.064,0.056,1,"CCDC102A"
"CLMN",0.033,-0.534,0.014,0.018,1,"CLMN"
"GOLGA8M",0.033,-0.304,0.068,0.076,1,"GOLGA8M"
"HJURP",0.033,-0.146,0.098,0.108,1,"HJURP"
"DMRTA2",0.0332,-0.159,0.014,0.018,1,"DMRTA2"
"TMEM17",0.0332,0.155,0.085,0.076,1,"TMEM17"
"CCZ1B",0.0333,0.101,0.421,0.403,1,"CCZ1B"
"RAB15",0.0333,0.143,0.112,0.102,1,"RAB15"
"ZNF583",0.0333,0.107,0.387,0.37,1,"ZNF583"
"STRN",0.0335,0.104,0.566,0.557,1,"STRN"
"EXO5",0.0336,0.277,0.049,0.042,1,"EXO5"
"RAE1",0.0336,0.128,0.368,0.353,1,"RAE1"
"TBCE",0.0337,0.105,0.073,0.065,1,"TBCE"
"MAP4K2",0.0337,0.214,0.1,0.09,1,"MAP4K2"
"PIP4K2A",0.0337,0.171,0.36,0.342,1,"PIP4K2A"
"PHF1",0.0338,-0.115,0.202,0.215,1,"PHF1"
"TUBG2",0.0339,-0.153,0.177,0.188,1,"TUBG2"
"PCDHGA5",0.0339,-0.503,0.01,0.013,1,"PCDHGA5"
"TNS3",0.0339,0.248,0.144,0.134,1,"TNS3"
"BNC2",0.0339,0.699,0.01,0.007,1,"BNC2"
"HIPK1",0.0339,0.116,0.464,0.45,1,"HIPK1"
"GNRHR",0.034,0.252,0.033,0.027,1,"GNRHR"
"ECRG4",0.0341,-0.453,0.014,0.018,1,"ECRG4"
"MYO3B",0.0341,0.313,0.058,0.051,1,"MYO3B"
"SMN1",0.0341,0.214,0.109,0.099,1,"SMN1"
"RNF14",0.0341,0.111,0.338,0.325,1,"RNF14"
"KCTD18",0.0341,0.16,0.163,0.152,1,"KCTD18"
"CENPQ",0.0341,0.211,0.231,0.221,1,"CENPQ"
"LRRC51",0.0342,0.124,0.129,0.117,1,"LRRC51"
"COLQ",0.0342,-0.186,0.107,0.117,1,"COLQ"
"ADSS1",0.0343,0.242,0.03,0.025,1,"ADSS1"
"C9orf43",0.0343,0.416,0.02,0.016,1,"C9orf43"
"TGFBR3L",0.0343,0.15,0.023,0.018,1,"TGFBR3L"
"CD274",0.0346,-0.291,0.009,0.012,1,"CD274"
"SLC9A3",0.0347,0.132,0.068,0.06,1,"SLC9A3"
"ENSG00000279407",0.0348,0.188,0.062,0.055,1,"ENSG00000279407"
"KCND2",0.035,0.82,0.138,0.152,1,"KCND2"
"HTRA2",0.0351,0.12,0.218,0.205,1,"HTRA2"
"INTS14",0.0351,0.129,0.255,0.241,1,"INTS14"
"PLEKHH1",0.0351,0.156,0.078,0.07,1,"PLEKHH1"
"KLF10",0.0351,0.178,0.246,0.233,1,"KLF10"
"FBLN2",0.0351,0.603,0.017,0.013,1,"FBLN2"
"FANCE",0.0352,0.193,0.071,0.063,1,"FANCE"
"MRPL53",0.0352,0.393,0.045,0.039,1,"MRPL53"
"RNF166",0.0353,0.208,0.128,0.117,1,"RNF166"
"LNX1",0.0353,0.181,0.043,0.037,1,"LNX1"
"TNFRSF19",0.0353,0.234,0.248,0.236,1,"TNFRSF19"
"ADCK2",0.0354,0.164,0.138,0.127,1,"ADCK2"
"SHISA8",0.0356,-0.111,0.009,0.012,1,"SHISA8"
"DNAJC14",0.0357,0.269,0.112,0.103,1,"DNAJC14"
"NBPF20",0.0358,0.105,0.161,0.149,1,"NBPF20"
"PHKA2",0.0358,0.152,0.238,0.224,1,"PHKA2"
"AVIL",0.0359,0.116,0.183,0.171,1,"AVIL"
"PLA2G4A",0.0359,0.341,0.013,0.009,1,"PLA2G4A"
"SLC25A27",0.0359,0.194,0.236,0.224,1,"SLC25A27"
"C2orf68",0.036,0.122,0.289,0.274,1,"C2orf68"
"ZNF670",0.0362,0.135,0.247,0.234,1,"ZNF670"
"SPDYE16",0.0364,0.311,0.021,0.016,1,"SPDYE16"
"MOB3C",0.0364,0.409,0.017,0.013,1,"MOB3C"
"CTNS",0.0365,0.127,0.136,0.125,1,"CTNS"
"PHKG1",0.0365,0.235,0.122,0.112,1,"PHKG1"
"CRTC3",0.0365,0.104,0.583,0.573,1,"CRTC3"
"DIDO1",0.0366,0.129,0.567,0.562,1,"DIDO1"
"INSIG1",0.0367,-0.107,0.268,0.282,1,"INSIG1"
"ZNF282",0.0367,0.18,0.151,0.139,1,"ZNF282"
"RBM10",0.0367,0.121,0.47,0.459,1,"RBM10"
"USF3",0.0368,0.116,0.362,0.347,1,"USF3"
"SLC25A40",0.0369,-0.118,0.245,0.258,1,"SLC25A40"
"ELP1",0.037,0.112,0.35,0.334,1,"ELP1"
"ZNF343",0.037,0.15,0.106,0.096,1,"ZNF343"
"ZNF765",0.0372,0.123,0.213,0.199,1,"ZNF765"
"PCDHGA6",0.0373,-0.234,0.016,0.02,1,"PCDHGA6"
"TYSND1",0.0375,0.246,0.093,0.084,1,"TYSND1"
"ZNF345",0.0375,0.19,0.211,0.199,1,"ZNF345"
"CYBA",0.0375,0.134,0.045,0.038,1,"CYBA"
"BEX5",0.0376,0.157,0.26,0.246,1,"BEX5"
"PPP2R2B",0.0377,-0.101,0.447,0.428,1,"PPP2R2B"
"APOBEC2",0.0377,0.172,0.04,0.034,1,"APOBEC2"
"GLIS2",0.0378,0.172,0.161,0.149,1,"GLIS2"
"ABCC9",0.0378,0.105,0.174,0.16,1,"ABCC9"
"SLC25A16",0.0378,0.107,0.454,0.44,1,"SLC25A16"
"PAPLN",0.0379,-0.202,0.029,0.035,1,"PAPLN"
"MXD3",0.0379,-0.186,0.121,0.131,1,"MXD3"
"UGCG",0.038,-0.136,0.314,0.325,1,"UGCG"
"MISP3",0.038,0.246,0.069,0.061,1,"MISP3"
"AIFM2",0.0381,0.165,0.077,0.068,1,"AIFM2"
"TMEM267",0.0382,0.123,0.294,0.28,1,"TMEM267"
"ZNF732",0.0382,-0.4,0.038,0.044,1,"ZNF732"
"FAXC",0.0383,0.15,0.311,0.298,1,"FAXC"
"ZWILCH",0.0384,0.124,0.212,0.201,1,"ZWILCH"
"SLC25A19",0.0385,0.256,0.058,0.05,1,"SLC25A19"
"SDCBP2",0.0386,-0.177,0.086,0.095,1,"SDCBP2"
"ZNF334",0.0386,0.116,0.284,0.27,1,"ZNF334"
"ALDH5A1",0.0386,0.129,0.274,0.26,1,"ALDH5A1"
"CWF19L2",0.0387,0.113,0.519,0.51,1,"CWF19L2"
"H4C8",0.0387,-0.344,0.066,0.058,1,"H4C8"
"EED",0.0388,0.123,0.314,0.301,1,"EED"
"TMEM86A",0.039,0.529,0.013,0.01,1,"TMEM86A"
"SPIN3",0.039,0.156,0.219,0.206,1,"SPIN3"
"PAK4",0.039,0.111,0.185,0.172,1,"PAK4"
"HSPA12A",0.0391,0.218,0.216,0.204,1,"HSPA12A"
"CCDC74A",0.0391,0.169,0.125,0.114,1,"CCDC74A"
"AGFG2",0.0391,0.113,0.116,0.106,1,"AGFG2"
"SNX29",0.0392,0.129,0.586,0.573,1,"SNX29"
"CCDC148",0.0393,-0.397,0.11,0.119,1,"CCDC148"
"SPDYE17",0.0394,-0.101,0.013,0.01,1,"SPDYE17"
"EDDM13",0.0395,0.19,0.072,0.064,1,"EDDM13"
"IPO13",0.0395,0.107,0.118,0.108,1,"IPO13"
"AXIN1",0.0395,0.114,0.211,0.198,1,"AXIN1"
"SLC6A13",0.0396,0.49,0.013,0.01,1,"SLC6A13"
"ZNF71",0.0398,0.161,0.276,0.264,1,"ZNF71"
"NOL4L",0.04,0.124,0.291,0.276,1,"NOL4L"
"PHKG2",0.04,0.214,0.151,0.141,1,"PHKG2"
"OGDHL",0.0401,0.276,0.018,0.014,1,"OGDHL"
"GCHFR",0.0401,0.287,0.063,0.055,1,"GCHFR"
"TIGD6",0.0401,0.217,0.07,0.062,1,"TIGD6"
"PDGFRL",0.0402,0.54,0.02,0.016,1,"PDGFRL"
"KCNN3",0.0405,-0.113,0.415,0.426,1,"KCNN3"
"GPR88",0.0406,0.218,0.021,0.016,1,"GPR88"
"ADAMTS19",0.0406,-0.22,0.02,0.025,1,"ADAMTS19"
"TTC9",0.0406,-0.178,0.179,0.19,1,"TTC9"
"KIF18B",0.0406,-0.206,0.12,0.131,1,"KIF18B"
"GRAMD2B",0.0407,-0.239,0.091,0.1,1,"GRAMD2B"
"RETSAT",0.0408,0.112,0.111,0.102,1,"RETSAT"
"TINF2",0.0408,0.169,0.289,0.276,1,"TINF2"
"SLC13A3",0.0409,-0.194,0.265,0.274,1,"SLC13A3"
"ABCB10",0.0409,0.175,0.336,0.323,1,"ABCB10"
"SLC19A2",0.0409,0.108,0.167,0.155,1,"SLC19A2"
"SPINDOC",0.0409,0.197,0.234,0.222,1,"SPINDOC"
"IGSF3",0.041,0.309,0.273,0.265,1,"IGSF3"
"PAQR7",0.0411,-0.121,0.06,0.068,1,"PAQR7"
"SMG5",0.0412,-0.117,0.239,0.251,1,"SMG5"
"TSPAN9",0.0413,0.112,0.227,0.214,1,"TSPAN9"
"GTF2IRD2B",0.0416,-0.1,0.41,0.421,1,"GTF2IRD2B"
"ZNF232",0.0416,0.174,0.205,0.193,1,"ZNF232"
"RNASEL",0.0416,0.297,0.045,0.039,1,"RNASEL"
"SNTA1",0.0417,-0.201,0.238,0.248,1,"SNTA1"
"NPHP4",0.0417,0.18,0.198,0.186,1,"NPHP4"
"RPS6KA6",0.0418,0.163,0.204,0.192,1,"RPS6KA6"
"NFE2L3",0.0418,0.26,0.114,0.105,1,"NFE2L3"
"CFAP54",0.0419,-0.136,0.172,0.183,1,"CFAP54"
"CHRM3",0.042,-0.648,0.01,0.013,1,"CHRM3"
"FBXO48",0.042,0.275,0.053,0.046,1,"FBXO48"
"PRKCD",0.042,0.294,0.022,0.018,1,"PRKCD"
"CDPF1",0.0421,0.141,0.066,0.059,1,"CDPF1"
"NT5DC1",0.0421,0.122,0.138,0.127,1,"NT5DC1"
"CDS1",0.0424,-0.264,0.014,0.018,1,"CDS1"
"SMIM10L2B",0.0424,0.366,0.029,0.024,1,"SMIM10L2B"
"LRRC45",0.0424,0.147,0.096,0.087,1,"LRRC45"
"WASH6P",0.0427,-0.103,0.13,0.14,1,"WASH6P"
"ZBTB7C",0.0428,-0.137,0.177,0.188,1,"ZBTB7C"
"ELAVL2",0.043,0.102,0.303,0.324,1,"ELAVL2"
"FMN1",0.0432,0.396,0.015,0.012,1,"FMN1"
"PLGLB2",0.0433,0.24,0.01,0.007,1,"PLGLB2"
"CABYR",0.0434,0.122,0.059,0.052,1,"CABYR"
"FAM189A2",0.0434,-0.21,0.201,0.212,1,"FAM189A2"
"SLC7A9",0.0434,-0.21,0.021,0.026,1,"SLC7A9"
"TUBA3FP",0.0435,0.264,0.034,0.029,1,"TUBA3FP"
"RUNDC3A",0.0435,0.298,0.079,0.071,1,"RUNDC3A"
"TAMALIN",0.0436,0.197,0.048,0.041,1,"TAMALIN"
"TRIM65",0.0436,-0.116,0.106,0.115,1,"TRIM65"
"CLDN12",0.0436,0.201,0.228,0.216,1,"CLDN12"
"ZKSCAN4",0.0436,0.167,0.121,0.111,1,"ZKSCAN4"
"SLC25A35",0.0438,0.319,0.04,0.034,1,"SLC25A35"
"MACIR",0.0438,0.134,0.393,0.382,1,"MACIR"
"SPTY2D1OS",0.0438,0.153,0.117,0.107,1,"SPTY2D1OS"
"DRP2",0.0438,-0.272,0.032,0.038,1,"DRP2"
"IL17RC",0.0439,0.171,0.059,0.052,1,"IL17RC"
"MKS1",0.0439,0.102,0.159,0.148,1,"MKS1"
"H2BU1",0.0439,-0.661,0.018,0.022,1,"H2BU1"
"ENSG00000285458",0.0439,0.158,0.053,0.046,1,"ENSG00000285458"
"DPH1",0.044,0.199,0.086,0.077,1,"DPH1"
"SLC29A3",0.0442,0.298,0.014,0.01,1,"SLC29A3"
"SLITRK3",0.0442,0.19,0.022,0.018,1,"SLITRK3"
"PRELID3A",0.0443,-0.254,0.113,0.122,1,"PRELID3A"
"MCTP1",0.0443,-0.406,0.08,0.088,1,"MCTP1"
"CCDC73",0.0444,-0.377,0.014,0.018,1,"CCDC73"
"ST3GAL4",0.0444,0.191,0.216,0.204,1,"ST3GAL4"
"ENSG00000280239",0.0444,0.156,0.07,0.062,1,"ENSG00000280239"
"PAH",0.0445,0.348,0.038,0.032,1,"PAH"
"UBE2C",0.0446,-0.118,0.156,0.167,1,"UBE2C"
"LY6G5C",0.0446,0.23,0.037,0.032,1,"LY6G5C"
"EOLA1",0.0447,0.257,0.055,0.048,1,"EOLA1"
"ZBTB9",0.0448,0.321,0.045,0.039,1,"ZBTB9"
"BACE2",0.0451,0.375,0.037,0.031,1,"BACE2"
"SLC45A4",0.0451,0.103,0.089,0.08,1,"SLC45A4"
"ENSG00000173867",0.0452,-0.418,0.024,0.029,1,"ENSG00000173867"
"NRARP",0.0453,0.146,0.29,0.277,1,"NRARP"
"ALKBH4",0.0453,0.124,0.222,0.209,1,"ALKBH4"
"PCDHGA11",0.0455,-0.269,0.012,0.016,1,"PCDHGA11"
"ENSG00000280234",0.0455,-0.365,0.016,0.02,1,"ENSG00000280234"
"EPHX2",0.0456,-0.374,0.065,0.073,1,"EPHX2"
"PWWP2B",0.0456,0.125,0.063,0.055,1,"PWWP2B"
"NSMCE4A",0.0458,0.149,0.397,0.389,1,"NSMCE4A"
"GPI",0.0458,-0.35,0.493,0.499,1,"GPI"
"NODAL",0.0458,-0.285,0.013,0.017,1,"NODAL"
"SFXN3",0.0459,0.141,0.096,0.088,1,"SFXN3"
"BMP8A",0.0459,-0.268,0.026,0.032,1,"BMP8A"
"ENSG00000261341",0.046,-0.323,0.025,0.03,1,"ENSG00000261341"
"SLC30A1",0.0465,0.111,0.152,0.141,1,"SLC30A1"
"SCNM1",0.0466,0.119,0.277,0.264,1,"SCNM1"
"EXTL3",0.0467,0.11,0.455,0.44,1,"EXTL3"
"ATG4D",0.047,0.154,0.163,0.153,1,"ATG4D"
"LRCH4",0.0471,0.209,0.072,0.064,1,"LRCH4"
"PI4K2A",0.0472,0.174,0.211,0.2,1,"PI4K2A"
"MYLK",0.0473,-0.208,0.077,0.085,1,"MYLK"
"MYBL1",0.0474,-0.244,0.124,0.133,1,"MYBL1"
"ENSG00000280077",0.0475,0.308,0.047,0.04,1,"ENSG00000280077"
"MAN1B1",0.0476,0.103,0.2,0.188,1,"MAN1B1"
"ZBED6",0.0477,0.129,0.029,0.024,1,"ZBED6"
"CAV3",0.0477,0.191,0.093,0.085,1,"CAV3"
"DLEC1",0.0478,0.367,0.021,0.017,1,"DLEC1"
"ZNF304",0.048,0.161,0.1,0.091,1,"ZNF304"
"TMEM120A",0.0481,0.104,0.189,0.177,1,"TMEM120A"
"IL7",0.0481,-0.129,0.42,0.431,1,"IL7"
"TRAF1",0.0481,0.182,0.011,0.008,1,"TRAF1"
"PIGZ",0.0482,-0.151,0.107,0.116,1,"PIGZ"
"SLC30A4",0.0483,-0.102,0.104,0.113,1,"SLC30A4"
"PIM1",0.0483,-0.103,0.1,0.109,1,"PIM1"
"EFCAB5",0.0484,-0.103,0.078,0.087,1,"EFCAB5"
"SLC1A5",0.0485,0.288,0.08,0.072,1,"SLC1A5"
"MFSD13A",0.0486,0.235,0.127,0.117,1,"MFSD13A"
"LRP1B",0.0487,0.585,0.228,0.216,1,"LRP1B"
"ZBED4",0.0488,0.107,0.468,0.454,1,"ZBED4"
"WNT7A",0.0488,0.175,0.257,0.247,1,"WNT7A"
"GHRL",0.0489,0.269,0.042,0.037,1,"GHRL"
"MRI1",0.049,0.196,0.092,0.084,1,"MRI1"
"CFAP126",0.0491,-0.311,0.031,0.036,1,"CFAP126"
"ZNF236",0.0492,0.111,0.444,0.434,1,"ZNF236"
"ABCG5",0.0492,0.132,0.016,0.012,1,"ABCG5"
"TBKBP1",0.0494,0.169,0.037,0.032,1,"TBKBP1"
"MYO1H",0.0494,0.166,0.031,0.026,1,"MYO1H"
"ADAMTS9",0.0494,0.357,0.085,0.077,1,"ADAMTS9"
"RASEF",0.0494,0.522,0.023,0.019,1,"RASEF"
"ATP13A5",0.0497,0.234,0.051,0.045,1,"ATP13A5"
"GLYCTK",0.0497,0.11,0.028,0.023,1,"GLYCTK"
"NAAA",0.0497,-0.358,0.037,0.042,1,"NAAA"
"RSPH1",0.0498,-0.309,0.057,0.064,1,"RSPH1"
"ARL6IP6",0.0498,0.1,0.627,0.625,1,"ARL6IP6"
"TSKU",0.0499,0.143,0.095,0.086,1,"TSKU"
"ARHGEF25",0.05,0.178,0.099,0.09,1,"ARHGEF25"
"HAT1",0.05,0.121,0.653,0.643,1,"HAT1"
"CEP85",0.05,-0.224,0.151,0.161,1,"CEP85"
"CD72",0.0503,-0.262,0.027,0.032,1,"CD72"
"B3GALNT1",0.0503,-0.205,0.052,0.059,1,"B3GALNT1"
"ZMIZ2",0.0503,0.114,0.225,0.213,1,"ZMIZ2"
"SMKR1",0.0503,0.205,0.053,0.046,1,"SMKR1"
"UPP1",0.0504,0.28,0.067,0.06,1,"UPP1"
"PRRT2",0.0504,0.203,0.255,0.242,1,"PRRT2"
"SAXO1",0.0504,0.155,0.023,0.019,1,"SAXO1"
"GOLGA6L9",0.0504,-0.122,0.072,0.079,1,"GOLGA6L9"
"HTR2A",0.0505,-0.227,0.089,0.097,1,"HTR2A"
"UBQLN4",0.0506,0.167,0.218,0.208,1,"UBQLN4"
"MYLIP",0.0506,-0.318,0.033,0.038,1,"MYLIP"
"PLD5",0.0507,0.256,0.243,0.257,1,"PLD5"
"PCGF6",0.0508,0.118,0.321,0.307,1,"PCGF6"
"NMI",0.0508,-0.235,0.021,0.026,1,"NMI"
"SMTNL1",0.0511,-0.126,0.014,0.018,1,"SMTNL1"
"WNT5A",0.0511,0.335,0.024,0.019,1,"WNT5A"
"CHAF1B",0.0512,0.123,0.107,0.098,1,"CHAF1B"
"PRKAR2B",0.0513,-0.143,0.458,0.464,1,"PRKAR2B"
"ZDHHC11B",0.0513,-0.138,0.12,0.129,1,"ZDHHC11B"
"SNED1",0.0513,-0.222,0.069,0.076,1,"SNED1"
"SYCP2",0.0513,-0.141,0.042,0.049,1,"SYCP2"
"TBC1D10A",0.0515,0.147,0.117,0.107,1,"TBC1D10A"
"TMEM107",0.0515,0.218,0.364,0.352,1,"TMEM107"
"PLCL1",0.0515,0.316,0.292,0.285,1,"PLCL1"
"ENSG00000280022",0.0515,0.256,0.037,0.032,1,"ENSG00000280022"
"NCAPH2",0.0516,0.144,0.164,0.154,1,"NCAPH2"
"ZNFX1",0.0516,0.186,0.295,0.284,1,"ZNFX1"
"L2HGDH",0.0518,-0.133,0.311,0.319,1,"L2HGDH"
"KLC2",0.0518,0.134,0.144,0.133,1,"KLC2"
"MAP3K10",0.0521,0.185,0.22,0.209,1,"MAP3K10"
"ANKRD39",0.0522,0.135,0.204,0.192,1,"ANKRD39"
"ZNF669",0.0522,0.126,0.172,0.16,1,"ZNF669"
"CCDC117",0.0523,0.143,0.221,0.209,1,"CCDC117"
"FHOD1",0.0524,0.219,0.041,0.035,1,"FHOD1"
"WRAP53",0.0524,0.226,0.11,0.101,1,"WRAP53"
"WDR24",0.0527,0.216,0.054,0.047,1,"WDR24"
"ENSG00000279632",0.0528,0.315,0.018,0.015,1,"ENSG00000279632"
"ENSG00000276256",0.053,0.147,0.372,0.358,1,"ENSG00000276256"
"PLA2G10",0.0531,0.369,0.027,0.022,1,"PLA2G10"
"PIGB",0.0533,0.105,0.222,0.209,1,"PIGB"
"FNIP2",0.0535,0.112,0.539,0.531,1,"FNIP2"
"EVC",0.0535,0.249,0.276,0.265,1,"EVC"
"REXO5",0.0537,-0.195,0.091,0.099,1,"REXO5"
"ENSG00000279283",0.0537,-0.142,0.046,0.052,1,"ENSG00000279283"
"IRF7",0.0537,0.305,0.043,0.037,1,"IRF7"
"TPRN",0.0538,-0.215,0.096,0.105,1,"TPRN"
"PPP2R1B",0.0539,0.106,0.275,0.263,1,"PPP2R1B"
"ZNF790",0.0541,0.107,0.272,0.258,1,"ZNF790"
"TSSK6",0.0542,0.451,0.02,0.016,1,"TSSK6"
"EPHB1",0.0542,0.215,0.468,0.459,1,"EPHB1"
"STK32B",0.0543,-0.17,0.024,0.029,1,"STK32B"
"TPBG",0.0543,0.537,0.034,0.029,1,"TPBG"
"INSYN1",0.0545,-0.198,0.053,0.06,1,"INSYN1"
"LIMD1",0.0547,0.105,0.392,0.376,1,"LIMD1"
"GHR",0.0548,0.171,0.046,0.04,1,"GHR"
"ZNF470",0.0549,0.153,0.138,0.128,1,"ZNF470"
"NFKBIE",0.055,0.192,0.064,0.057,1,"NFKBIE"
"PRRT4",0.0551,-0.425,0.009,0.012,1,"PRRT4"
"ENSG00000279616",0.0553,0.113,0.025,0.02,1,"ENSG00000279616"
"PCDHB10",0.0553,0.279,0.129,0.12,1,"PCDHB10"
"ENSG00000279722",0.0554,-0.136,0.017,0.021,1,"ENSG00000279722"
"C17orf100",0.0554,0.254,0.062,0.056,1,"C17orf100"
"ERMARD",0.0555,0.159,0.195,0.185,1,"ERMARD"
"KLHL17",0.0556,0.3,0.034,0.029,1,"KLHL17"
"DUSP7",0.0557,0.184,0.037,0.032,1,"DUSP7"
"ARG1",0.0559,0.37,0.03,0.026,1,"ARG1"
"STXBP2",0.0559,-0.269,0.007,0.01,1,"STXBP2"
"THAP1",0.0559,0.108,0.232,0.219,1,"THAP1"
"CEND1",0.056,0.12,0.147,0.136,1,"CEND1"
"HAPLN4",0.056,0.389,0.028,0.023,1,"HAPLN4"
"NOD1",0.056,0.279,0.098,0.09,1,"NOD1"
"TNFAIP8",0.056,0.186,0.094,0.086,1,"TNFAIP8"
"CCDC89",0.056,0.204,0.022,0.018,1,"CCDC89"
"PMEPA1",0.0561,0.114,0.304,0.29,1,"PMEPA1"
"IFI27",0.0562,0.665,0.052,0.046,1,"IFI27"
"NFYB",0.0562,0.12,0.497,0.489,1,"NFYB"
"IFITM10",0.0562,-0.418,0.01,0.013,1,"IFITM10"
"ZNF484",0.0562,0.119,0.277,0.265,1,"ZNF484"
"ZBTB3",0.0563,0.185,0.054,0.048,1,"ZBTB3"
"RTKN2",0.0565,-0.178,0.17,0.18,1,"RTKN2"
"TNFRSF13C",0.0566,-0.462,0.021,0.025,1,"TNFRSF13C"
"ATP6V1FNB",0.0566,0.353,0.016,0.012,1,"ATP6V1FNB"
"CNOT8",0.0568,0.124,0.438,0.427,1,"CNOT8"
"NAT1",0.0568,0.3,0.018,0.014,1,"NAT1"
"LPL",0.0569,-0.108,0.066,0.073,1,"LPL"
"SCARF1",0.0569,-0.398,0.007,0.01,1,"SCARF1"
"CMIP",0.0573,0.116,0.737,0.734,1,"CMIP"
"GSDMB",0.0573,0.191,0.06,0.054,1,"GSDMB"
"AGER",0.0574,0.511,0.035,0.03,1,"AGER"
"CIP2A",0.0577,-0.143,0.18,0.191,1,"CIP2A"
"PRDM8",0.0578,-0.389,0.013,0.017,1,"PRDM8"
"ENSG00000285043",0.0581,-0.337,0.039,0.044,1,"ENSG00000285043"
"ZNF268",0.0581,0.134,0.219,0.207,1,"ZNF268"
"TBCC",0.0582,0.158,0.306,0.294,1,"TBCC"
"ZNF230",0.0582,-0.206,0.065,0.072,1,"ZNF230"
"SLC7A3",0.0582,-0.562,0.008,0.011,1,"SLC7A3"
"SHF",0.0591,0.137,0.215,0.204,1,"SHF"
"RBFOX1",0.0593,0.233,0.091,0.083,1,"RBFOX1"
"NOTCH2NLR",0.0593,0.289,0.044,0.038,1,"NOTCH2NLR"
"SH3RF3",0.0596,0.159,0.685,0.72,1,"SH3RF3"
"IDUA",0.0597,0.382,0.06,0.054,1,"IDUA"
"CFTR",0.0598,0.799,0.014,0.011,1,"CFTR"
"CLK2",0.0601,0.142,0.19,0.179,1,"CLK2"
"OCLN",0.0602,0.109,0.089,0.081,1,"OCLN"
"CFAP251",0.0604,0.23,0.088,0.08,1,"CFAP251"
"LRRC7",0.0605,-0.322,0.534,0.499,1,"LRRC7"
"GUCY1A2",0.0606,-0.207,0.081,0.089,1,"GUCY1A2"
"MVK",0.0607,0.259,0.123,0.114,1,"MVK"
"ENSG00000280339",0.0608,-0.368,0.007,0.01,1,"ENSG00000280339"
"TRIQK",0.0609,0.115,0.34,0.328,1,"TRIQK"
"RORA",0.0611,-0.166,0.641,0.638,1,"RORA"
"EPS15L1",0.0612,0.124,0.572,0.566,1,"EPS15L1"
"ARHGEF37",0.0613,-0.199,0.061,0.068,1,"ARHGEF37"
"PACSIN1",0.0613,0.704,0.02,0.016,1,"PACSIN1"
"GOLGA6L4",0.0615,-0.15,0.042,0.048,1,"GOLGA6L4"
"LINGO3",0.0616,-0.51,0.014,0.017,1,"LINGO3"
"PDE7B",0.0617,0.103,0.054,0.061,1,"PDE7B"
"COL7A1",0.0617,-0.352,0.017,0.021,1,"COL7A1"
"ENSG00000279133",0.0621,0.19,0.109,0.1,1,"ENSG00000279133"
"CGNL1",0.0623,-0.776,0.011,0.014,1,"CGNL1"
"SLIT3",0.0623,-0.476,0.008,0.01,1,"SLIT3"
"PCDHAC1",0.0623,0.185,0.044,0.038,1,"PCDHAC1"
"UNC13D",0.0625,-0.413,0.017,0.021,1,"UNC13D"
"ZNF845",0.0625,0.278,0.085,0.077,1,"ZNF845"
"HINT3",0.0627,0.116,0.403,0.39,1,"HINT3"
"ITPKC",0.0629,0.207,0.122,0.113,1,"ITPKC"
"OXTR",0.063,0.129,0.024,0.02,1,"OXTR"
"ENSG00000285585",0.0631,-0.383,0.016,0.02,1,"ENSG00000285585"
"ASMTL",0.0633,0.22,0.128,0.119,1,"ASMTL"
"KCNH7",0.0634,0.125,0.925,0.924,1,"KCNH7"
"CDIP1",0.0635,0.118,0.266,0.255,1,"CDIP1"
"EID2B",0.0639,0.181,0.21,0.199,1,"EID2B"
"TMEM63A",0.0641,0.215,0.107,0.099,1,"TMEM63A"
"SFRP4",0.0644,0.141,0.173,0.162,1,"SFRP4"
"ENSG00000279901",0.0644,-0.104,0.033,0.039,1,"ENSG00000279901"
"GDPD3",0.0645,0.568,0.018,0.014,1,"GDPD3"
"ARHGEF38",0.0647,0.376,0.056,0.05,1,"ARHGEF38"
"ATP8B2",0.0647,0.101,0.169,0.159,1,"ATP8B2"
"NAGS",0.0648,0.349,0.01,0.007,1,"NAGS"
"GCK",0.0649,0.517,0.01,0.007,1,"GCK"
"AP5B1",0.065,0.116,0.069,0.062,1,"AP5B1"
"MVP",0.0654,0.157,0.084,0.076,1,"MVP"
"SLC22A4",0.0656,0.201,0.068,0.061,1,"SLC22A4"
"SMIM17",0.0656,-0.247,0.076,0.083,1,"SMIM17"
"BORCS6",0.0656,0.241,0.083,0.075,1,"BORCS6"
"GYS2",0.0658,0.411,0.011,0.009,1,"GYS2"
"CHST6",0.0661,-0.38,0.014,0.018,1,"CHST6"
"PLAUR",0.0662,0.317,0.074,0.067,1,"PLAUR"
"ENSG00000266918",0.0663,0.3,0.028,0.024,1,"ENSG00000266918"
"SPICE1",0.0665,0.266,0.09,0.083,1,"SPICE1"
"CSRNP2",0.0666,0.137,0.314,0.303,1,"CSRNP2"
"ZNF180",0.0666,0.115,0.177,0.166,1,"ZNF180"
"BANK1",0.0667,0.513,0.01,0.007,1,"BANK1"
"PGK1",0.0668,-0.49,0.766,0.768,1,"PGK1"
"REEP6",0.067,0.241,0.032,0.028,1,"REEP6"
"MT2A",0.0672,-0.641,0.415,0.415,1,"MT2A"
"EFCAB12",0.0673,-0.205,0.019,0.024,1,"EFCAB12"
"TRIM21",0.0674,0.203,0.054,0.048,1,"TRIM21"
"SLC35A3",0.0674,0.118,0.434,0.42,1,"SLC35A3"
"DPP4",0.0675,-0.241,0.009,0.012,1,"DPP4"
"FREM1",0.0676,0.24,0.032,0.027,1,"FREM1"
"ALG10",0.0677,0.208,0.083,0.076,1,"ALG10"
"SEPTIN6",0.0678,0.111,0.233,0.222,1,"SEPTIN6"
"ENSG00000280407",0.0678,0.68,0.012,0.01,1,"ENSG00000280407"
"MICA",0.068,0.182,0.053,0.047,1,"MICA"
"PCLAF",0.0681,0.262,0.207,0.198,1,"PCLAF"
"PSMB9",0.0684,0.243,0.128,0.12,1,"PSMB9"
"CCDC107",0.0684,0.104,0.434,0.42,1,"CCDC107"
"OGN",0.0685,0.217,0.062,0.056,1,"OGN"
"ZNF799",0.0687,0.346,0.07,0.064,1,"ZNF799"
"SPATA4",0.0689,-0.593,0.011,0.014,1,"SPATA4"
"PLEKHG7",0.0689,-0.325,0.015,0.018,1,"PLEKHG7"
"BTBD6",0.0689,0.13,0.177,0.166,1,"BTBD6"
"KIAA0408",0.0693,-0.134,0.048,0.054,1,"KIAA0408"
"GARIN1B",0.0695,0.235,0.018,0.015,1,"GARIN1B"
"STK35",0.0696,0.102,0.246,0.235,1,"STK35"
"MCMDC2",0.0696,-0.134,0.012,0.016,1,"MCMDC2"
"PDZK1",0.0697,0.221,0.064,0.057,1,"PDZK1"
"DLGAP5",0.0698,0.166,0.119,0.129,1,"DLGAP5"
"UNC5B",0.0701,-0.279,0.141,0.149,1,"UNC5B"
"SLC27A6",0.0702,0.102,0.023,0.019,1,"SLC27A6"
"PLA2G5",0.0702,0.144,0.052,0.046,1,"PLA2G5"
"CGREF1",0.0702,-0.248,0.023,0.028,1,"CGREF1"
"LEKR1",0.0703,-0.528,0.01,0.013,1,"LEKR1"
"SUPV3L1",0.0705,0.111,0.299,0.288,1,"SUPV3L1"
"DRAM2",0.0706,0.133,0.338,0.328,1,"DRAM2"
"SLC46A2",0.0708,0.77,0.01,0.007,1,"SLC46A2"
"WDR19",0.0712,0.113,0.393,0.381,1,"WDR19"
"PARS2",0.0713,0.106,0.048,0.042,1,"PARS2"
"ZNF229",0.0714,-0.145,0.073,0.08,1,"ZNF229"
"WDR76",0.0714,0.234,0.229,0.22,1,"WDR76"
"DMPK",0.0715,0.236,0.155,0.146,1,"DMPK"
"ZDHHC22",0.072,0.18,0.045,0.04,1,"ZDHHC22"
"SEH1L",0.0721,0.102,0.282,0.27,1,"SEH1L"
"KBTBD8",0.0721,0.447,0.013,0.01,1,"KBTBD8"
"PATZ1",0.0723,0.155,0.286,0.274,1,"PATZ1"
"ACADSB",0.0724,0.161,0.229,0.218,1,"ACADSB"
"ZNF77",0.0725,0.114,0.11,0.101,1,"ZNF77"
"FRMPD1",0.0726,0.391,0.019,0.015,1,"FRMPD1"
"ZNF79",0.0727,0.172,0.068,0.061,1,"ZNF79"
"SNAI2",0.0731,0.407,0.019,0.015,1,"SNAI2"
"VCAM1",0.0733,0.261,0.261,0.25,1,"VCAM1"
"SCG3",0.0733,0.264,0.443,0.445,1,"SCG3"
"TUFT1",0.0737,0.276,0.083,0.075,1,"TUFT1"
"UCN",0.0737,-0.331,0.023,0.028,1,"UCN"
"TMPRSS11D",0.0738,0.121,0.058,0.052,1,"TMPRSS11D"
"CYBC1",0.0738,0.139,0.231,0.221,1,"CYBC1"
"LENG9",0.0738,-0.226,0.036,0.041,1,"LENG9"
"GCH1",0.0738,-0.671,0.011,0.014,1,"GCH1"
"ANO8",0.0739,0.222,0.186,0.177,1,"ANO8"
"FAM83D",0.074,-0.132,0.083,0.091,1,"FAM83D"
"SPDYA",0.074,0.141,0.216,0.205,1,"SPDYA"
"TMEM8B",0.0741,0.197,0.188,0.179,1,"TMEM8B"
"KDM1B",0.0741,0.103,0.322,0.309,1,"KDM1B"
"SNAI3",0.0742,-0.141,0.078,0.085,1,"SNAI3"
"ABCA12",0.0746,-0.522,0.047,0.052,1,"ABCA12"
"SLC9A3R2",0.0746,0.192,0.053,0.047,1,"SLC9A3R2"
"RABGGTA",0.0747,0.265,0.066,0.059,1,"RABGGTA"
"STX19",0.0749,0.312,0.068,0.061,1,"STX19"
"SEL1L3",0.0751,0.142,0.266,0.28,1,"SEL1L3"
"ZNF852",0.0756,0.162,0.18,0.169,1,"ZNF852"
"GSAP",0.0757,0.387,0.022,0.019,1,"GSAP"
"NAP1L2",0.0758,0.265,0.066,0.06,1,"NAP1L2"
"SRCAP",0.0758,0.103,0.313,0.302,1,"SRCAP"
"NPAT",0.076,0.132,0.36,0.35,1,"NPAT"
"AK5",0.076,0.252,0.06,0.067,1,"AK5"
"PIK3CD",0.076,-0.23,0.041,0.046,1,"PIK3CD"
"PTCH2",0.0763,0.12,0.163,0.152,1,"PTCH2"
"JMJD7",0.0765,0.187,0.034,0.029,1,"JMJD7"
"DDX51",0.0765,0.173,0.101,0.093,1,"DDX51"
"H4C4",0.0767,0.37,0.032,0.028,1,"H4C4"
"SOX10",0.077,0.465,0.014,0.011,1,"SOX10"
"POLL",0.0771,0.115,0.122,0.113,1,"POLL"
"AHDC1",0.0773,0.136,0.364,0.354,1,"AHDC1"
"REM2",0.0776,0.506,0.012,0.009,1,"REM2"
"SCUBE1",0.0779,-0.286,0.012,0.015,1,"SCUBE1"
"MANSC1",0.0779,0.209,0.069,0.062,1,"MANSC1"
"ENSG00000280244",0.0781,0.443,0.021,0.018,1,"ENSG00000280244"
"TGFB2",0.0783,0.111,0.203,0.192,1,"TGFB2"
"PDE4A",0.0784,-0.249,0.04,0.046,1,"PDE4A"
"XKR4",0.0784,0.116,0.12,0.112,1,"XKR4"
"TNFSF13B",0.0786,0.213,0.071,0.064,1,"TNFSF13B"
"ZNF671",0.0786,0.18,0.1,0.092,1,"ZNF671"
"ZNF66",0.0788,0.155,0.316,0.306,1,"ZNF66"
"CENPW",0.0789,0.331,0.182,0.174,1,"CENPW"
"TTC36",0.0789,0.385,0.016,0.013,1,"TTC36"
"VN1R1",0.079,0.499,0.012,0.01,1,"VN1R1"
"RHCE",0.0792,-0.165,0.024,0.028,1,"RHCE"
"ASAH2B",0.0793,0.128,0.126,0.117,1,"ASAH2B"
"LRRC46",0.0796,0.373,0.011,0.008,1,"LRRC46"
"AASDH",0.0796,0.101,0.523,0.514,1,"AASDH"
"GRAMD1C",0.0796,-0.197,0.266,0.274,1,"GRAMD1C"
"KMT5C",0.08,0.241,0.15,0.141,1,"KMT5C"
"COL6A6",0.0801,0.33,0.023,0.019,1,"COL6A6"
"ALPK1",0.0802,-0.444,0.018,0.021,1,"ALPK1"
"DMXL2",0.0808,0.108,0.605,0.6,1,"DMXL2"
"RGPD8",0.0809,-0.182,0.022,0.026,1,"RGPD8"
"MAGEC3",0.0811,-0.352,0.014,0.017,1,"MAGEC3"
"CRYL1",0.0811,-0.17,0.434,0.437,1,"CRYL1"
"MT1G",0.0812,-0.474,0.016,0.02,1,"MT1G"
"ZNF135",0.0814,0.136,0.176,0.166,1,"ZNF135"
"ZNF45",0.0817,0.101,0.173,0.163,1,"ZNF45"
"KCP",0.0822,-0.989,0.021,0.025,1,"KCP"
"PKP2",0.0823,-0.23,0.012,0.016,1,"PKP2"
"MAP10",0.0826,0.329,0.012,0.009,1,"MAP10"
"GPR179",0.0827,0.455,0.01,0.007,1,"GPR179"
"SPIN4",0.0829,0.164,0.106,0.099,1,"SPIN4"
"CEP72",0.0829,-0.237,0.077,0.084,1,"CEP72"
"MFNG",0.083,0.201,0.033,0.028,1,"MFNG"
"DARS2",0.083,0.176,0.187,0.178,1,"DARS2"
"NSUN7",0.0832,-0.258,0.038,0.043,1,"NSUN7"
"ENSG00000279033",0.0832,0.26,0.028,0.024,1,"ENSG00000279033"
"VANGL1",0.0832,0.137,0.078,0.071,1,"VANGL1"
"BRICD5",0.0832,0.331,0.019,0.016,1,"BRICD5"
"GLI1",0.0833,0.371,0.013,0.01,1,"GLI1"
"ADD3",0.0834,-0.147,0.602,0.608,1,"ADD3"
"ZFAND1",0.0834,0.136,0.208,0.198,1,"ZFAND1"
"NEIL3",0.0834,-0.147,0.101,0.109,1,"NEIL3"
"KCNK1",0.0834,-0.662,0.014,0.017,1,"KCNK1"
"STOML1",0.0834,0.149,0.076,0.069,1,"STOML1"
"RPIA",0.0835,0.124,0.343,0.334,1,"RPIA"
"NALF2",0.084,-0.299,0.008,0.011,1,"NALF2"
"MAGI1",0.0843,0.125,0.856,0.871,1,"MAGI1"
"KIAA0895L",0.0849,-0.158,0.216,0.225,1,"KIAA0895L"
"COL16A1",0.0849,0.438,0.035,0.03,1,"COL16A1"
"AARS2",0.085,0.156,0.108,0.1,1,"AARS2"
"RHEBL1",0.0853,-0.536,0.011,0.014,1,"RHEBL1"
"MAPK15",0.0854,-0.554,0.008,0.01,1,"MAPK15"
"PASK",0.0854,0.316,0.082,0.075,1,"PASK"
"PAPPA2",0.0855,-0.125,0.028,0.032,1,"PAPPA2"
"ZNF502",0.0855,-0.293,0.027,0.031,1,"ZNF502"
"TBX19",0.0857,0.276,0.033,0.028,1,"TBX19"
"C2orf74",0.0859,0.33,0.08,0.073,1,"C2orf74"
"SEMA6C",0.086,0.234,0.163,0.155,1,"SEMA6C"
"HOGA1",0.086,-0.231,0.047,0.053,1,"HOGA1"
"KCNS3",0.0861,-0.68,0.009,0.011,1,"KCNS3"
"FEM1A",0.0862,0.17,0.191,0.181,1,"FEM1A"
"RMDN3",0.0863,0.115,0.362,0.352,1,"RMDN3"
"HLA-DPB1",0.0865,0.704,0.021,0.017,1,"HLA-DPB1"
"H1-0",0.0865,0.282,0.039,0.034,1,"H1-0"
"MOB3B",0.0865,0.207,0.727,0.735,1,"MOB3B"
"TMCC2",0.0866,0.141,0.122,0.113,1,"TMCC2"
"KLHL15",0.0867,-0.167,0.124,0.132,1,"KLHL15"
"TNNI3",0.0867,-0.628,0.009,0.011,1,"TNNI3"
"ENSG00000280381",0.0867,0.27,0.019,0.015,1,"ENSG00000280381"
"COLEC12",0.0869,-0.738,0.012,0.015,1,"COLEC12"
"YIPF2",0.0869,0.133,0.164,0.154,1,"YIPF2"
"ASPM",0.087,-0.195,0.168,0.177,1,"ASPM"
"SPC24",0.087,-0.174,0.115,0.123,1,"SPC24"
"UCP3",0.0871,0.226,0.018,0.014,1,"UCP3"
"CCDC85C",0.0872,-0.125,0.159,0.167,1,"CCDC85C"
"DNAJC28",0.0874,0.271,0.059,0.053,1,"DNAJC28"
"ENSG00000280219",0.0875,-0.482,0.011,0.014,1,"ENSG00000280219"
"TUBA3D",0.0875,-0.35,0.009,0.011,1,"TUBA3D"
"PROSER3",0.0879,0.127,0.132,0.122,1,"PROSER3"
"GDF9",0.0881,0.25,0.014,0.011,1,"GDF9"
"CSE1L",0.0881,0.103,0.532,0.529,1,"CSE1L"
"GABRQ",0.0882,0.512,0.015,0.012,1,"GABRQ"
"CYP2U1",0.0882,0.136,0.174,0.164,1,"CYP2U1"
"PIP5K1C",0.0882,0.102,0.219,0.208,1,"PIP5K1C"
"NCF2",0.0882,0.143,0.05,0.045,1,"NCF2"
"THBS2",0.0882,-0.384,0.053,0.059,1,"THBS2"
"AFMID",0.0885,0.177,0.104,0.096,1,"AFMID"
"ALKBH2",0.0887,0.135,0.242,0.231,1,"ALKBH2"
"LRRC34",0.0888,0.129,0.095,0.088,1,"LRRC34"
"DLL1",0.0888,0.264,0.248,0.241,1,"DLL1"
"ENSG00000279161",0.0888,-0.526,0.01,0.013,1,"ENSG00000279161"
"DEGS2",0.089,-0.378,0.016,0.02,1,"DEGS2"
"ZNF181",0.0892,0.104,0.188,0.177,1,"ZNF181"
"FOLR1",0.0896,-0.203,0.024,0.028,1,"FOLR1"
"SLC18A2",0.0898,0.173,0.035,0.03,1,"SLC18A2"
"C2orf92",0.0898,0.162,0.079,0.072,1,"C2orf92"
"TBL3",0.0905,0.216,0.094,0.087,1,"TBL3"
"PLCD1",0.0906,0.167,0.089,0.081,1,"PLCD1"
"SYNE3",0.0908,-0.234,0.03,0.035,1,"SYNE3"
"SLC39A14",0.0909,0.112,0.128,0.12,1,"SLC39A14"
"FUT11",0.0909,-0.182,0.208,0.217,1,"FUT11"
"C5",0.0912,-0.22,0.145,0.153,1,"C5"
"NXNL2",0.0914,-0.661,0.01,0.013,1,"NXNL2"
"LRRC57",0.0914,0.146,0.295,0.285,1,"LRRC57"
"LRP2BP",0.0915,-0.123,0.277,0.287,1,"LRP2BP"
"C10orf67",0.0916,0.226,0.012,0.009,1,"C10orf67"
"DOCK11",0.0917,0.14,0.375,0.365,1,"DOCK11"
"TMSB15B.1",0.0919,0.272,0.117,0.11,1,"TMSB15B.1"
"ING5",0.092,0.112,0.362,0.352,1,"ING5"
"ZNF322",0.092,0.13,0.527,0.521,1,"ZNF322"
"KIAA0513",0.0921,0.208,0.111,0.103,1,"KIAA0513"
"ANKRD24",0.0926,-0.294,0.031,0.035,1,"ANKRD24"
"GGN",0.0927,0.497,0.01,0.007,1,"GGN"
"RBAK",0.0928,0.19,0.146,0.137,1,"RBAK"
"MN1",0.0928,0.155,0.5,0.496,1,"MN1"
"ENSG00000280294",0.0928,0.262,0.032,0.027,1,"ENSG00000280294"
"ZNF12",0.0928,-0.102,0.308,0.317,1,"ZNF12"
"ZNF185",0.0929,-0.621,0.01,0.013,1,"ZNF185"
"SLC6A15",0.0931,-0.199,0.014,0.017,1,"SLC6A15"
"ACRBP",0.0932,-0.121,0.009,0.012,1,"ACRBP"
"ZBTB47",0.0933,-0.229,0.102,0.109,1,"ZBTB47"
"IMPA2",0.0933,-0.152,0.102,0.11,1,"IMPA2"
"PM20D1",0.0937,0.319,0.044,0.039,1,"PM20D1"
"EPS8L1",0.0937,0.121,0.031,0.027,1,"EPS8L1"
"PMEL",0.0938,0.18,0.02,0.017,1,"PMEL"
"SPDYE1",0.0939,0.134,0.1,0.092,1,"SPDYE1"
"PEG3",0.0942,0.494,0.097,0.09,1,"PEG3"
"RMI1",0.0943,0.126,0.38,0.37,1,"RMI1"
"ESPL1",0.0945,-0.199,0.072,0.078,1,"ESPL1"
"HTR1F",0.0946,1.457,0.012,0.009,1,"HTR1F"
"ST6GALNAC2",0.0946,0.224,0.01,0.007,1,"ST6GALNAC2"
"IQCJ",0.0946,-0.928,0.007,0.01,1,"IQCJ"
"COL23A1",0.0951,-0.336,0.017,0.02,1,"COL23A1"
"TRIM45",0.0952,0.158,0.044,0.039,1,"TRIM45"
"ENSG00000279108",0.0956,0.104,0.015,0.012,1,"ENSG00000279108"
"TRAFD1",0.0956,0.124,0.306,0.296,1,"TRAFD1"
"SPAG17",0.096,-0.108,0.015,0.019,1,"SPAG17"
"POLR2J3",0.0964,-0.16,0.036,0.041,1,"POLR2J3"
"NOP56",0.0965,0.109,0.473,0.467,1,"NOP56"
"PRSS53",0.0965,-0.163,0.015,0.019,1,"PRSS53"
"POLB",0.0966,0.139,0.391,0.382,1,"POLB"
"LIG1",0.0968,0.112,0.203,0.193,1,"LIG1"
"THNSL1",0.0971,0.128,0.118,0.11,1,"THNSL1"
"MDM1",0.0972,0.109,0.227,0.217,1,"MDM1"
"RSPO4",0.0973,-0.378,0.013,0.016,1,"RSPO4"
"STEAP4",0.0974,0.233,0.015,0.012,1,"STEAP4"
"ZBTB38",0.0974,-0.136,0.225,0.233,1,"ZBTB38"
"SLC9A2",0.0975,0.111,0.081,0.075,1,"SLC9A2"
"PPP2R5D",0.0975,0.112,0.259,0.248,1,"PPP2R5D"
"PCK2",0.0977,-0.183,0.035,0.04,1,"PCK2"
"AGAP2",0.0977,0.143,0.061,0.054,1,"AGAP2"
"CCDC190",0.0979,-0.211,0.01,0.012,1,"CCDC190"
"VWA1",0.0979,0.345,0.058,0.053,1,"VWA1"
"TATDN3",0.0979,0.173,0.27,0.26,1,"TATDN3"
"BBS10",0.098,0.138,0.176,0.166,1,"BBS10"
"NPIPB15",0.0986,-0.192,0.02,0.024,1,"NPIPB15"
"KCNIP3",0.0988,0.39,0.076,0.07,1,"KCNIP3"
"CCDC15",0.0989,0.134,0.157,0.148,1,"CCDC15"
"LRFN3",0.099,0.14,0.102,0.095,1,"LRFN3"
"SLC47A2",0.0993,0.28,0.059,0.053,1,"SLC47A2"
"ADH6",0.1,-0.458,0.015,0.018,1,"ADH6"
"LGALSL",0.1,0.135,0.196,0.185,1,"LGALSL"
"SYNGAP1",0.1,0.114,0.317,0.307,1,"SYNGAP1"
"SLFN5",0.101,0.235,0.031,0.027,1,"SLFN5"
"AHRR",0.101,0.205,0.065,0.059,1,"AHRR"
"ENSG00000288674",0.101,0.245,0.016,0.013,1,"ENSG00000288674"
"ARHGAP11A",0.101,-0.123,0.145,0.153,1,"ARHGAP11A"
"TF",0.101,-0.237,0.017,0.021,1,"TF"
"ZFP37",0.101,0.122,0.339,0.329,1,"ZFP37"
"ENSG00000278971",0.102,0.659,0.012,0.009,1,"ENSG00000278971"
"DOLPP1",0.102,0.129,0.118,0.11,1,"DOLPP1"
"NBPF10",0.102,0.121,0.157,0.149,1,"NBPF10"
"ZNF75A",0.102,0.117,0.432,0.425,1,"ZNF75A"
"SLC23A1",0.103,-0.16,0.034,0.038,1,"SLC23A1"
"ABCG8",0.103,-0.104,0.011,0.008,1,"ABCG8"
"FAM228A",0.103,-0.161,0.037,0.041,1,"FAM228A"
"PLEKHB1",0.103,0.139,0.101,0.093,1,"PLEKHB1"
"ZWINT",0.103,0.288,0.17,0.162,1,"ZWINT"
"ASB6",0.104,0.132,0.086,0.079,1,"ASB6"
"ENSG00000255432",0.104,-0.225,0.014,0.017,1,"ENSG00000255432"
"RPH3AL",0.104,0.426,0.032,0.028,1,"RPH3AL"
"PGAP2",0.104,0.106,0.222,0.213,1,"PGAP2"
"ACOT1",0.104,-0.557,0.014,0.017,1,"ACOT1"
"MYBPHL",0.104,0.284,0.023,0.019,1,"MYBPHL"
"PIF1",0.104,-0.336,0.045,0.05,1,"PIF1"
"TRIM46",0.104,-0.18,0.079,0.085,1,"TRIM46"
"NOTCH2NLB",0.104,-0.468,0.015,0.018,1,"NOTCH2NLB"
"GJB7",0.105,0.4,0.039,0.035,1,"GJB7"
"ENSG00000260643",0.105,0.267,0.016,0.013,1,"ENSG00000260643"
"EXOC3",0.105,0.108,0.297,0.288,1,"EXOC3"
"DTL",0.105,0.182,0.145,0.137,1,"DTL"
"RPL36A-HNRNPH2",0.105,-0.465,0.011,0.014,1,"RPL36A-HNRNPH2"
"AMOTL1",0.105,0.118,0.566,0.559,1,"AMOTL1"
"TRAIP",0.105,-0.28,0.056,0.062,1,"TRAIP"
"THY1",0.105,0.307,0.112,0.105,1,"THY1"
"H2BC17",0.106,0.322,0.021,0.017,1,"H2BC17"
"TG",0.106,-0.833,0.011,0.014,1,"TG"
"ASAH2",0.106,0.236,0.014,0.011,1,"ASAH2"
"RCN3",0.106,-0.314,0.018,0.022,1,"RCN3"
"TSC22D3",0.106,0.203,0.319,0.309,1,"TSC22D3"
"ZNF846",0.106,0.167,0.208,0.2,1,"ZNF846"
"SCN2A",0.107,-0.107,0.126,0.117,1,"SCN2A"
"RAB39A",0.107,-0.228,0.101,0.108,1,"RAB39A"
"TMEM255B",0.107,0.186,0.011,0.009,1,"TMEM255B"
"MOV10",0.107,0.226,0.125,0.118,1,"MOV10"
"NXPH2",0.107,-1.45,0.01,0.013,1,"NXPH2"
"MALRD1",0.107,0.517,0.047,0.042,1,"MALRD1"
"SLC25A22",0.108,0.106,0.165,0.155,1,"SLC25A22"
"OR8A1",0.108,-0.287,0.011,0.014,1,"OR8A1"
"ACBD7",0.108,-0.125,0.06,0.065,1,"ACBD7"
"ENSG00000280385",0.108,0.441,0.015,0.012,1,"ENSG00000280385"
"VMAC",0.108,0.166,0.067,0.061,1,"VMAC"
"ADPRM",0.108,-0.184,0.091,0.098,1,"ADPRM"
"ATP23",0.109,-0.22,0.083,0.09,1,"ATP23"
"DHDH",0.109,-0.395,0.008,0.011,1,"DHDH"
"ITGA10",0.109,-0.803,0.009,0.012,1,"ITGA10"
"MAVS",0.109,0.112,0.297,0.287,1,"MAVS"
"SMIM10",0.109,0.128,0.044,0.039,1,"SMIM10"
"MMAA",0.109,0.118,0.109,0.102,1,"MMAA"
"TRPM4",0.109,0.12,0.049,0.043,1,"TRPM4"
"ARHGAP4",0.109,-0.351,0.017,0.021,1,"ARHGAP4"
"MUC6",0.109,-0.334,0.016,0.019,1,"MUC6"
"CHSY1",0.109,0.101,0.376,0.366,1,"CHSY1"
"ZNF285",0.11,-0.125,0.078,0.085,1,"ZNF285"
"PINLYP",0.11,0.264,0.043,0.039,1,"PINLYP"
"SAMD5",0.11,0.711,0.014,0.012,1,"SAMD5"
"AGMAT",0.11,0.288,0.025,0.021,1,"AGMAT"
"MCEE",0.111,0.142,0.198,0.189,1,"MCEE"
"ZNF592",0.111,0.102,0.392,0.38,1,"ZNF592"
"FBLN5",0.111,0.145,0.035,0.03,1,"FBLN5"
"RAD18",0.111,0.136,0.321,0.312,1,"RAD18"
"H2AC8",0.112,0.293,0.079,0.073,1,"H2AC8"
"FBXW4",0.112,0.362,0.019,0.016,1,"FBXW4"
"MPP4",0.112,0.445,0.019,0.016,1,"MPP4"
"PIGQ",0.112,0.107,0.112,0.105,1,"PIGQ"
"CRTAC1",0.112,-0.508,0.011,0.013,1,"CRTAC1"
"WDR88",0.112,0.184,0.05,0.044,1,"WDR88"
"MEIG1",0.112,0.19,0.028,0.024,1,"MEIG1"
"GADD45G",0.112,0.306,0.274,0.267,1,"GADD45G"
"PEMT",0.113,0.126,0.229,0.22,1,"PEMT"
"KCNJ11",0.113,-0.457,0.012,0.015,1,"KCNJ11"
"PALMD",0.114,-0.396,0.039,0.034,1,"PALMD"
"ENSG00000278886",0.114,0.246,0.049,0.044,1,"ENSG00000278886"
"PLBD2",0.114,0.162,0.183,0.174,1,"PLBD2"
"LGALS9",0.114,0.331,0.014,0.012,1,"LGALS9"
"TMEM26",0.114,0.5,0.013,0.01,1,"TMEM26"
"FIGNL2",0.115,0.581,0.015,0.012,1,"FIGNL2"
"ENSG00000279917",0.115,0.313,0.023,0.019,1,"ENSG00000279917"
"NTNG2",0.116,-0.21,0.06,0.066,1,"NTNG2"
"BRPF1",0.116,0.161,0.108,0.101,1,"BRPF1"
"SULT1A1",0.116,-0.253,0.022,0.026,1,"SULT1A1"
"LPAR2",0.116,0.117,0.098,0.106,1,"LPAR2"
"SPDYE18",0.116,0.142,0.039,0.034,1,"SPDYE18"
"RSPH9",0.117,-0.102,0.04,0.045,1,"RSPH9"
"ADAM11",0.117,-0.421,0.008,0.01,1,"ADAM11"
"SMIM1",0.117,0.305,0.018,0.015,1,"SMIM1"
"UBE2L6",0.117,0.101,0.39,0.383,1,"UBE2L6"
"ZNF175",0.118,0.108,0.124,0.116,1,"ZNF175"
"CFAP210",0.118,0.131,0.179,0.171,1,"CFAP210"
"IGFLR1",0.118,0.207,0.024,0.021,1,"IGFLR1"
"RNF175",0.119,-0.106,0.1,0.107,1,"RNF175"
"DEDD2",0.12,0.114,0.118,0.11,1,"DEDD2"
"DLGAP1",0.12,0.278,0.84,0.851,1,"DLGAP1"
"CIPC",0.12,0.119,0.23,0.22,1,"CIPC"
"MRAP",0.12,0.337,0.02,0.017,1,"MRAP"
"PPP1R3E",0.12,-0.141,0.095,0.102,1,"PPP1R3E"
"H2BC9",0.12,0.227,0.074,0.068,1,"H2BC9"
"TPTE2",0.12,0.175,0.099,0.092,1,"TPTE2"
"PAMR1",0.121,-0.3,0.028,0.032,1,"PAMR1"
"SATL1",0.121,0.137,0.117,0.109,1,"SATL1"
"PARP3",0.121,0.204,0.019,0.016,1,"PARP3"
"SLC29A1",0.122,-0.18,0.057,0.062,1,"SLC29A1"
"PLXDC1",0.122,-0.122,0.008,0.01,1,"PLXDC1"
"TRMT61A",0.122,0.122,0.068,0.062,1,"TRMT61A"
"POGLUT3",0.122,-0.159,0.119,0.126,1,"POGLUT3"
"KAT2A",0.122,-0.144,0.101,0.093,1,"KAT2A"
"C21orf58",0.123,0.119,0.183,0.175,1,"C21orf58"
"MACROD2",0.123,-0.265,0.189,0.197,1,"MACROD2"
"HMGB1P1",0.123,-0.411,0.037,0.042,1,"HMGB1P1"
"CNBD1",0.123,-0.215,0.014,0.011,1,"CNBD1"
"WDR53",0.124,0.127,0.108,0.101,1,"WDR53"
"IKZF5",0.125,0.111,0.219,0.21,1,"IKZF5"
"VAT1L",0.125,0.395,0.189,0.182,1,"VAT1L"
"TMEM200C",0.126,0.159,0.208,0.2,1,"TMEM200C"
"SARDH",0.126,0.156,0.018,0.015,1,"SARDH"
"CUL7",0.126,0.234,0.075,0.069,1,"CUL7"
"BTBD17",0.126,0.242,0.149,0.141,1,"BTBD17"
"EFCAB10",0.126,0.149,0.072,0.066,1,"EFCAB10"
"ARMCX5",0.127,0.132,0.128,0.12,1,"ARMCX5"
"TACR3",0.127,0.327,0.01,0.008,1,"TACR3"
"KCTD11",0.127,0.132,0.039,0.034,1,"KCTD11"
"SDS",0.127,0.193,0.019,0.016,1,"SDS"
"TAF4B",0.128,-0.244,0.031,0.027,1,"TAF4B"
"CPLANE2",0.128,0.343,0.025,0.022,1,"CPLANE2"
"EPHA5",0.129,0.114,0.615,0.641,1,"EPHA5"
"REC8",0.129,0.115,0.028,0.025,1,"REC8"
"GNA14",0.129,-0.357,0.029,0.033,1,"GNA14"
"IGHMBP2",0.129,0.143,0.138,0.13,1,"IGHMBP2"
"NABP1",0.13,-0.127,0.036,0.04,1,"NABP1"
"FLT4",0.13,-0.506,0.008,0.011,1,"FLT4"
"CACNA1A",0.131,-0.306,0.044,0.048,1,"CACNA1A"
"CRYGS",0.131,0.184,0.043,0.039,1,"CRYGS"
"CYP7B1",0.131,0.111,0.279,0.268,1,"CYP7B1"
"SPHK2",0.131,-0.137,0.16,0.167,1,"SPHK2"
"GPX2",0.131,0.364,0.015,0.012,1,"GPX2"
"HSF4",0.131,-0.389,0.011,0.013,1,"HSF4"
"ENSG00000279885",0.132,0.975,0.01,0.008,1,"ENSG00000279885"
"CD247",0.132,-0.216,0.02,0.024,1,"CD247"
"RCCD1",0.133,-0.126,0.118,0.125,1,"RCCD1"
"ACKR1",0.133,0.266,0.016,0.013,1,"ACKR1"
"PPFIBP2",0.133,0.446,0.018,0.015,1,"PPFIBP2"
"NBPF8",0.133,0.155,0.193,0.184,1,"NBPF8"
"NDC1",0.133,-0.143,0.217,0.224,1,"NDC1"
"KIT",0.134,0.247,0.029,0.033,1,"KIT"
"TMEM269",0.134,-0.222,0.051,0.056,1,"TMEM269"
"TBX2",0.134,0.426,0.032,0.028,1,"TBX2"
"ZBTB34",0.134,0.107,0.102,0.095,1,"ZBTB34"
"DAND5",0.134,0.19,0.014,0.011,1,"DAND5"
"WDR64",0.135,0.332,0.016,0.013,1,"WDR64"
"NYAP2",0.135,0.192,0.191,0.184,1,"NYAP2"
"MYRIP",0.135,-0.385,0.052,0.057,1,"MYRIP"
"AACS",0.135,0.111,0.198,0.189,1,"AACS"
"GATM",0.135,0.19,0.071,0.066,1,"GATM"
"RXRG",0.136,-0.244,0.009,0.011,1,"RXRG"
"ENSG00000279641",0.136,0.269,0.012,0.009,1,"ENSG00000279641"
"TMEM116",0.136,-0.151,0.192,0.199,1,"TMEM116"
"PTGIS",0.137,-0.201,0.023,0.026,1,"PTGIS"
"HSPB8",0.137,0.237,0.01,0.008,1,"HSPB8"
"ZNF165",0.137,0.383,0.017,0.014,1,"ZNF165"
"TESK2",0.138,-0.305,0.055,0.06,1,"TESK2"
"KDELR3",0.138,0.24,0.071,0.066,1,"KDELR3"
"LDHD",0.138,-0.212,0.008,0.01,1,"LDHD"
"STX1A",0.138,-0.305,0.045,0.05,1,"STX1A"
"GNB3",0.139,0.272,0.049,0.044,1,"GNB3"
"FOXP2",0.139,-0.173,0.092,0.086,1,"FOXP2"
"FLT3LG",0.139,-0.44,0.013,0.016,1,"FLT3LG"
"HERC6",0.139,-0.297,0.029,0.033,1,"HERC6"
"ADRA1D",0.14,0.264,0.012,0.009,1,"ADRA1D"
"SYDE2",0.141,0.704,0.025,0.021,1,"SYDE2"
"PPEF1",0.141,0.209,0.01,0.008,1,"PPEF1"
"PPP1R14A",0.141,0.37,0.025,0.021,1,"PPP1R14A"
"HSPG2",0.141,0.129,0.06,0.054,1,"HSPG2"
"ENSG00000285938",0.141,0.278,0.022,0.018,1,"ENSG00000285938"
"CCDC110",0.142,-0.283,0.016,0.019,1,"CCDC110"
"ZNF7",0.142,0.137,0.218,0.209,1,"ZNF7"
"RAB27B",0.142,0.218,0.011,0.009,1,"RAB27B"
"GLYATL1",0.142,-0.798,0.008,0.01,1,"GLYATL1"
"ZNF695",0.143,-0.153,0.116,0.123,1,"ZNF695"
"SLCO6A1",0.143,0.13,0.012,0.01,1,"SLCO6A1"
"NEDD4L",0.144,0.221,0.947,0.962,1,"NEDD4L"
"PRB2",0.144,-0.333,0.038,0.043,1,"PRB2"
"BUB1B",0.144,-0.125,0.141,0.149,1,"BUB1B"
"NEFH",0.144,-0.451,0.015,0.018,1,"NEFH"
"RAD9B",0.145,-0.136,0.023,0.026,1,"RAD9B"
"TREH",0.146,0.18,0.022,0.018,1,"TREH"
"TMBIM1",0.147,0.335,0.042,0.038,1,"TMBIM1"
"H2BC13",0.147,0.427,0.014,0.012,1,"H2BC13"
"SPTB",0.147,-0.291,0.03,0.034,1,"SPTB"
"RASGRP1",0.148,-0.173,0.182,0.191,1,"RASGRP1"
"ALDH8A1",0.148,0.155,0.032,0.028,1,"ALDH8A1"
"H4C1",0.148,0.296,0.021,0.018,1,"H4C1"
"SLC5A4",0.148,-0.228,0.041,0.046,1,"SLC5A4"
"DCLK1",0.148,0.125,0.978,0.978,1,"DCLK1"
"HOMER1",0.149,-0.101,0.173,0.163,1,"HOMER1"
"LTBP4",0.149,-0.171,0.255,0.261,1,"LTBP4"
"MND1",0.149,0.106,0.299,0.291,1,"MND1"
"QRICH2",0.149,-0.115,0.1,0.107,1,"QRICH2"
"C19orf44",0.15,-0.124,0.083,0.089,1,"C19orf44"
"ARHGAP6",0.151,-0.293,0.019,0.022,1,"ARHGAP6"
"HAPLN1",0.151,0.537,0.02,0.024,1,"HAPLN1"
"SERINC2",0.151,0.406,0.043,0.039,1,"SERINC2"
"ENSG00000279573",0.152,-0.278,0.044,0.049,1,"ENSG00000279573"
"CAMKK1",0.152,-0.335,0.059,0.064,1,"CAMKK1"
"ZDHHC1",0.152,0.165,0.105,0.098,1,"ZDHHC1"
"TAF6L",0.152,0.174,0.12,0.113,1,"TAF6L"
"C6orf136",0.153,0.163,0.138,0.13,1,"C6orf136"
"HASPIN",0.153,-0.338,0.018,0.021,1,"HASPIN"
"ZNF48",0.153,0.154,0.177,0.169,1,"ZNF48"
"LXN",0.153,0.156,0.046,0.042,1,"LXN"
"ENSG00000279977",0.153,-0.364,0.016,0.019,1,"ENSG00000279977"
"TMPRSS11A",0.154,0.362,0.027,0.024,1,"TMPRSS11A"
"EDEM1",0.154,0.16,0.197,0.189,1,"EDEM1"
"PRRT3",0.154,0.2,0.063,0.058,1,"PRRT3"
"PON1",0.155,0.149,0.018,0.015,1,"PON1"
"RELL1",0.155,0.124,0.258,0.249,1,"RELL1"
"IGSF6",0.155,0.151,0.055,0.05,1,"IGSF6"
"SEMA4F",0.155,-0.202,0.064,0.069,1,"SEMA4F"
"SERPINI1",0.155,-0.383,0.037,0.041,1,"SERPINI1"
"RAB35",0.155,0.148,0.245,0.236,1,"RAB35"
"H3C2",0.155,0.101,0.086,0.092,1,"H3C2"
"SLC35G5",0.155,0.258,0.016,0.013,1,"SLC35G5"
"SUSD5",0.156,-0.124,0.021,0.018,1,"SUSD5"
"GPR12",0.156,0.393,0.015,0.012,1,"GPR12"
"TRIM68",0.156,0.216,0.023,0.019,1,"TRIM68"
"FNDC10",0.156,0.264,0.036,0.033,1,"FNDC10"
"RSAD2",0.156,-0.21,0.024,0.028,1,"RSAD2"
"CHADL",0.157,-0.132,0.021,0.025,1,"CHADL"
"ZIC4",0.157,0.293,0.055,0.05,1,"ZIC4"
"ZPBP",0.157,-0.46,0.008,0.01,1,"ZPBP"
"TSHZ3",0.157,0.144,0.101,0.095,1,"TSHZ3"
"GATD1",0.157,0.121,0.246,0.237,1,"GATD1"
"SNX22",0.158,0.27,0.014,0.011,1,"SNX22"
"FAT2",0.158,0.849,0.014,0.012,1,"FAT2"
"KCNC3",0.158,-0.214,0.03,0.027,1,"KCNC3"
"SMIM38",0.158,-0.317,0.01,0.012,1,"SMIM38"
"DPF1",0.158,0.137,0.294,0.285,1,"DPF1"
"ZNF316",0.158,0.162,0.143,0.136,1,"ZNF316"
"SMYD4",0.159,-0.128,0.196,0.205,1,"SMYD4"
"TIGIT",0.159,0.406,0.03,0.026,1,"TIGIT"
"SQOR",0.159,0.312,0.011,0.008,1,"SQOR"
"TMEM220",0.159,-0.192,0.033,0.037,1,"TMEM220"
"CNNM4",0.16,-0.107,0.102,0.109,1,"CNNM4"
"HSPA2",0.16,-0.317,0.008,0.01,1,"HSPA2"
"ORC6",0.16,0.204,0.255,0.249,1,"ORC6"
"TK1",0.16,0.288,0.075,0.07,1,"TK1"
"USP30",0.16,0.103,0.236,0.227,1,"USP30"
"SERPINE3",0.161,0.128,0.077,0.071,1,"SERPINE3"
"TAS2R30",0.161,0.236,0.026,0.023,1,"TAS2R30"
"PLIN5",0.161,0.242,0.016,0.014,1,"PLIN5"
"PRKCZ",0.162,0.165,0.127,0.121,1,"PRKCZ"
"TSPYL2",0.162,-0.11,0.112,0.118,1,"TSPYL2"
"ZNF668",0.162,0.146,0.124,0.117,1,"ZNF668"
"ISM1",0.163,-0.373,0.01,0.013,1,"ISM1"
"PAOX",0.163,0.155,0.05,0.046,1,"PAOX"
"P2RX4",0.163,0.176,0.088,0.082,1,"P2RX4"
"LYL1",0.164,0.572,0.011,0.009,1,"LYL1"
"FBXL14",0.165,0.138,0.329,0.322,1,"FBXL14"
"JMJD4",0.165,0.1,0.098,0.092,1,"JMJD4"
"YY2",0.165,0.255,0.024,0.02,1,"YY2"
"IGLON5",0.166,0.175,0.136,0.129,1,"IGLON5"
"FKBP15",0.166,0.127,0.311,0.3,1,"FKBP15"
"ZSCAN32",0.166,0.13,0.166,0.159,1,"ZSCAN32"
"ENSG00000279138",0.166,0.174,0.013,0.011,1,"ENSG00000279138"
"LMO1",0.166,0.421,0.175,0.168,1,"LMO1"
"GRM7",0.167,-0.313,0.074,0.08,1,"GRM7"
"TACO1",0.167,0.194,0.029,0.026,1,"TACO1"
"CASKIN1",0.167,-0.105,0.113,0.12,1,"CASKIN1"
"CPEB3",0.167,0.105,0.421,0.413,1,"CPEB3"
"ATP6V0C",0.167,0.195,0.015,0.013,1,"ATP6V0C"
"GNB1L",0.167,0.105,0.104,0.098,1,"GNB1L"
"CSF1R",0.167,0.506,0.011,0.009,1,"CSF1R"
"TMEM265",0.168,0.189,0.09,0.084,1,"TMEM265"
"CPB2",0.168,0.148,0.052,0.048,1,"CPB2"
"ACOT12",0.168,0.169,0.052,0.047,1,"ACOT12"
"TLE6",0.169,0.403,0.02,0.017,1,"TLE6"
"TMEM266",0.169,0.452,0.035,0.031,1,"TMEM266"
"EGFLAM",0.17,0.664,0.011,0.009,1,"EGFLAM"
"LBHD1",0.17,0.463,0.012,0.01,1,"LBHD1"
"AGBL4",0.17,-0.195,0.179,0.186,1,"AGBL4"
"LMOD1",0.17,-0.146,0.017,0.02,1,"LMOD1"
"FSTL3",0.17,-0.201,0.026,0.029,1,"FSTL3"
"SPHK1",0.171,0.189,0.068,0.063,1,"SPHK1"
"POC1A",0.171,0.232,0.11,0.104,1,"POC1A"
"ENSG00000279696",0.171,-0.146,0.014,0.017,1,"ENSG00000279696"
"KLHL10",0.171,0.595,0.01,0.008,1,"KLHL10"
"FHAD1",0.171,-0.316,0.02,0.023,1,"FHAD1"
"DNAH1",0.171,0.24,0.04,0.036,1,"DNAH1"
"ERICH6",0.172,-0.235,0.011,0.013,1,"ERICH6"
"TBC1D8",0.172,-0.122,0.211,0.218,1,"TBC1D8"
"NGDN",0.172,0.102,0.418,0.412,1,"NGDN"
"TNFRSF10D",0.173,0.183,0.015,0.012,1,"TNFRSF10D"
"NR4A2",0.173,-0.12,0.033,0.037,1,"NR4A2"
"SLCO1B1",0.173,-0.247,0.017,0.02,1,"SLCO1B1"
"RASGRF1",0.173,-0.135,0.009,0.012,1,"RASGRF1"
"ZNF287",0.173,0.134,0.171,0.162,1,"ZNF287"
"ABCG1",0.173,0.24,0.058,0.054,1,"ABCG1"
"CHIT1",0.174,0.508,0.01,0.008,1,"CHIT1"
"ZNF169",0.174,-0.11,0.113,0.119,1,"ZNF169"
"ENSG00000280119",0.174,-0.207,0.012,0.015,1,"ENSG00000280119"
"ATF3",0.175,-0.194,0.058,0.063,1,"ATF3"
"ENSG00000288894",0.175,0.152,0.04,0.036,1,"ENSG00000288894"
"HDAC6",0.176,0.125,0.194,0.186,1,"HDAC6"
"ZHX1-C8orf76",0.176,0.199,0.069,0.064,1,"ZHX1-C8orf76"
"TUBB8",0.176,-0.501,0.009,0.011,1,"TUBB8"
"GPX7",0.177,-0.219,0.028,0.032,1,"GPX7"
"FAM81A",0.177,-0.117,0.151,0.158,1,"FAM81A"
"TIGD2",0.177,0.152,0.042,0.038,1,"TIGD2"
"PATL2",0.177,-0.284,0.022,0.025,1,"PATL2"
"ENSG00000279839",0.177,-0.298,0.015,0.017,1,"ENSG00000279839"
"SLC10A1",0.177,0.16,0.044,0.039,1,"SLC10A1"
"AKAP5",0.178,-0.54,0.08,0.085,1,"AKAP5"
"GALK1",0.178,0.152,0.184,0.177,1,"GALK1"
"EPOP",0.178,0.132,0.021,0.018,1,"EPOP"
"NPRL2",0.178,0.148,0.123,0.116,1,"NPRL2"
"WFDC3",0.178,-0.557,0.012,0.014,1,"WFDC3"
"CATSPERE",0.179,0.14,0.067,0.062,1,"CATSPERE"
"PLK5",0.179,-0.283,0.025,0.029,1,"PLK5"
"HSD11B2",0.179,0.442,0.018,0.015,1,"HSD11B2"
"IRGM",0.18,0.166,0.013,0.015,1,"IRGM"
"ZBTB14",0.18,0.167,0.178,0.172,1,"ZBTB14"
"HACE1",0.18,0.129,0.519,0.511,1,"HACE1"
"PKN3",0.18,0.207,0.086,0.081,1,"PKN3"
"RECQL4",0.181,0.199,0.046,0.042,1,"RECQL4"
"KLF2",0.181,0.215,0.023,0.02,1,"KLF2"
"STEAP1",0.181,0.675,0.011,0.009,1,"STEAP1"
"GAS2",0.182,0.178,0.052,0.047,1,"GAS2"
"EGLN2",0.182,0.251,0.028,0.025,1,"EGLN2"
"NTRK1",0.182,0.22,0.012,0.01,1,"NTRK1"
"ENTPD6",0.183,0.156,0.136,0.129,1,"ENTPD6"
"OTOA",0.183,-0.203,0.017,0.02,1,"OTOA"
"ZNF117",0.183,0.191,0.32,0.318,1,"ZNF117"
"TBXAS1",0.183,0.114,0.04,0.036,1,"TBXAS1"
"PROCA1",0.184,-0.138,0.05,0.054,1,"PROCA1"
"SGCG",0.185,-0.161,0.036,0.04,1,"SGCG"
"DNAH9",0.185,-0.158,0.149,0.156,1,"DNAH9"
"PARVB",0.186,-0.25,0.038,0.042,1,"PARVB"
"ZNF225",0.186,0.19,0.084,0.079,1,"ZNF225"
"CC2D1A",0.186,0.112,0.233,0.225,1,"CC2D1A"
"PYCR3",0.187,0.17,0.054,0.05,1,"PYCR3"
"FXYD6-FXYD2",0.188,0.156,0.021,0.018,1,"FXYD6-FXYD2"
"CREB3L4",0.188,0.26,0.07,0.065,1,"CREB3L4"
"ENSG00000289690",0.188,-0.236,0.018,0.02,1,"ENSG00000289690"
"CADPS",0.189,-0.122,0.374,0.386,1,"CADPS"
"VPS37C",0.189,0.148,0.115,0.109,1,"VPS37C"
"HIC1",0.189,-0.26,0.008,0.01,1,"HIC1"
"ECHDC2",0.189,-0.114,0.107,0.113,1,"ECHDC2"
"COL18A1",0.19,-0.149,0.017,0.02,1,"COL18A1"
"FAM90A1",0.19,0.396,0.021,0.018,1,"FAM90A1"
"DAPL1",0.19,0.399,0.02,0.017,1,"DAPL1"
"CBWD6",0.19,0.176,0.116,0.11,1,"CBWD6"
"ZNF587",0.191,0.149,0.184,0.176,1,"ZNF587"
"ZSCAN31",0.191,0.229,0.075,0.07,1,"ZSCAN31"
"SMC2",0.191,0.127,0.345,0.335,1,"SMC2"
"EPAS1",0.192,-0.271,0.009,0.012,1,"EPAS1"
"ZNF347",0.192,0.109,0.209,0.2,1,"ZNF347"
"TNFAIP8L3",0.192,-0.596,0.015,0.017,1,"TNFAIP8L3"
"TNFRSF6B",0.192,0.111,0.01,0.008,1,"TNFRSF6B"
"PGBD4",0.192,0.167,0.043,0.039,1,"PGBD4"
"ADGRV1",0.192,-0.193,0.824,0.775,1,"ADGRV1"
"PLP1",0.193,-0.253,0.205,0.194,1,"PLP1"
"DKK2",0.194,0.326,0.017,0.015,1,"DKK2"
"ARMCX4",0.194,0.135,0.392,0.388,1,"ARMCX4"
"HSF5",0.194,-0.185,0.023,0.026,1,"HSF5"
"DECR2",0.194,0.18,0.054,0.05,1,"DECR2"
"RHBDL3",0.194,-0.277,0.162,0.168,1,"RHBDL3"
"IFT46",0.195,0.109,0.266,0.257,1,"IFT46"
"FOXJ2",0.195,0.171,0.17,0.163,1,"FOXJ2"
"CCDC149",0.195,0.104,0.196,0.188,1,"CCDC149"
"ENSG00000279502",0.195,0.104,0.019,0.016,1,"ENSG00000279502"
"NECAB2",0.196,-0.359,0.031,0.035,1,"NECAB2"
"PAK6",0.196,-0.163,0.052,0.056,1,"PAK6"
"ZNF772",0.196,0.224,0.125,0.119,1,"ZNF772"
"TTLL11",0.197,0.104,0.335,0.328,1,"TTLL11"
"ENSG00000280347",0.197,0.216,0.017,0.015,1,"ENSG00000280347"
"FGF9",0.198,-0.106,0.16,0.166,1,"FGF9"
"C9orf153",0.199,-0.17,0.045,0.049,1,"C9orf153"
"IGFBP6",0.199,-0.375,0.01,0.012,1,"IGFBP6"
"ZNF841",0.2,0.124,0.063,0.059,1,"ZNF841"
"RNFT2",0.2,0.111,0.31,0.303,1,"RNFT2"
"SLC43A3",0.2,0.528,0.016,0.014,1,"SLC43A3"
"GRM3",0.2,-0.127,0.272,0.28,1,"GRM3"
"VAMP1",0.201,-0.204,0.021,0.024,1,"VAMP1"
"H2AC12",0.201,0.392,0.092,0.088,1,"H2AC12"
"FZD1",0.201,0.104,0.113,0.107,1,"FZD1"
"MMP25",0.202,-0.404,0.025,0.028,1,"MMP25"
"BEST1",0.202,0.563,0.028,0.025,1,"BEST1"
"ZSWIM4",0.202,0.102,0.249,0.242,1,"ZSWIM4"
"ABHD3",0.203,-0.122,0.276,0.28,1,"ABHD3"
"KCNH3",0.204,0.144,0.016,0.014,1,"KCNH3"
"NXPH3",0.205,0.17,0.033,0.029,1,"NXPH3"
"CHRNE",0.205,-0.152,0.054,0.058,1,"CHRNE"
"THAP2",0.205,0.131,0.367,0.36,1,"THAP2"
"MTARC2",0.206,-0.194,0.1,0.105,1,"MTARC2"
"PCDHGA9",0.206,0.205,0.018,0.015,1,"PCDHGA9"
"ARHGAP26",0.207,0.115,0.201,0.193,1,"ARHGAP26"
"TSHZ2",0.207,-1.671,0.014,0.016,1,"TSHZ2"
"SMC1B",0.208,0.162,0.049,0.045,1,"SMC1B"
"AJM1",0.208,-0.291,0.03,0.033,1,"AJM1"
"ENSG00000279557",0.208,0.117,0.043,0.039,1,"ENSG00000279557"
"TMEM198",0.208,0.159,0.118,0.112,1,"TMEM198"
"TAC4",0.208,-0.146,0.05,0.045,1,"TAC4"
"FAM72D",0.209,-0.294,0.026,0.029,1,"FAM72D"
"SYN3",0.209,-0.22,0.09,0.085,1,"SYN3"
"PALD1",0.21,-0.203,0.098,0.104,1,"PALD1"
"NFATC1",0.21,0.2,0.035,0.032,1,"NFATC1"
"H3C8",0.21,0.593,0.073,0.069,1,"H3C8"
"ARHGAP30",0.21,0.543,0.014,0.012,1,"ARHGAP30"
"OSMR",0.21,-0.436,0.024,0.027,1,"OSMR"
"NEK11",0.211,-0.254,0.055,0.06,1,"NEK11"
"ZBED9",0.211,0.179,0.053,0.049,1,"ZBED9"
"S1PR2",0.211,0.296,0.017,0.014,1,"S1PR2"
"ENSG00000284906",0.212,-0.238,0.206,0.211,1,"ENSG00000284906"
"ENSG00000286185",0.213,0.106,0.131,0.124,1,"ENSG00000286185"
"MLANA",0.213,0.143,0.032,0.029,1,"MLANA"
"NOSTRIN",0.214,-0.136,0.14,0.146,1,"NOSTRIN"
"ACAP3",0.215,0.121,0.177,0.169,1,"ACAP3"
"CEP152",0.215,-0.147,0.162,0.168,1,"CEP152"
"PRSS35",0.215,-0.252,0.043,0.047,1,"PRSS35"
"PHLDB2",0.215,-0.133,0.036,0.039,1,"PHLDB2"
"ERMP1",0.215,0.113,0.28,0.271,1,"ERMP1"
"BST2",0.215,0.154,0.117,0.123,1,"BST2"
"H3C7",0.215,0.354,0.051,0.047,1,"H3C7"
"RPP14",0.216,0.228,0.063,0.059,1,"RPP14"
"ZSCAN20",0.216,0.266,0.066,0.061,1,"ZSCAN20"
"RALGDS",0.216,0.119,0.311,0.305,1,"RALGDS"
"ENSG00000267740",0.216,-0.318,0.013,0.015,1,"ENSG00000267740"
"ENSG00000280046",0.216,0.17,0.043,0.04,1,"ENSG00000280046"
"SLC8B1",0.217,0.355,0.056,0.052,1,"SLC8B1"
"ENSG00000280378",0.217,-0.697,0.008,0.01,1,"ENSG00000280378"
"FAM131B",0.217,0.118,0.115,0.109,1,"FAM131B"
"TEX35",0.217,-0.256,0.011,0.013,1,"TEX35"
"SSUH2",0.218,0.293,0.02,0.018,1,"SSUH2"
"OPRM1",0.218,-0.486,0.014,0.017,1,"OPRM1"
"ENSG00000254536",0.218,0.597,0.013,0.011,1,"ENSG00000254536"
"ZC3H12A",0.219,0.252,0.012,0.01,1,"ZC3H12A"
"PPP1R3C",0.219,-0.287,0.076,0.081,1,"PPP1R3C"
"DGCR6",0.219,0.126,0.032,0.029,1,"DGCR6"
"TMEM221",0.22,0.107,0.049,0.045,1,"TMEM221"
"MYLK4",0.22,0.293,0.034,0.031,1,"MYLK4"
"DLX5",0.22,0.191,0.459,0.485,1,"DLX5"
"SDC1",0.22,0.278,0.031,0.028,1,"SDC1"
"KCNK10",0.22,0.235,0.129,0.124,1,"KCNK10"
"PROM2",0.221,-0.235,0.009,0.011,1,"PROM2"
"CCL2",0.221,0.311,0.043,0.039,1,"CCL2"
"TACR1",0.222,-0.162,0.039,0.042,1,"TACR1"
"RAMP2",0.222,0.103,0.185,0.195,1,"RAMP2"
"TAF1A",0.223,0.167,0.167,0.16,1,"TAF1A"
"TAS2R4",0.223,-0.28,0.046,0.05,1,"TAS2R4"
"RTN4IP1",0.224,-0.117,0.128,0.134,1,"RTN4IP1"
"ADCK5",0.224,0.177,0.071,0.066,1,"ADCK5"
"FICD",0.225,0.118,0.107,0.101,1,"FICD"
"GANC",0.225,0.111,0.154,0.147,1,"GANC"
"DNASE1L1",0.225,0.127,0.048,0.044,1,"DNASE1L1"
"ENSG00000278817",0.225,0.128,0.054,0.05,1,"ENSG00000278817"
"MYT1",0.226,0.119,0.166,0.177,1,"MYT1"
"CCDC170",0.227,-0.341,0.034,0.038,1,"CCDC170"
"EGF",0.227,0.106,0.076,0.071,1,"EGF"
"TTN",0.227,-0.111,0.164,0.17,1,"TTN"
"SRRM5",0.228,0.179,0.05,0.046,1,"SRRM5"
"NR4A3",0.228,-0.276,0.026,0.029,1,"NR4A3"
"HGF",0.228,0.157,0.019,0.022,1,"HGF"
"FAM183A",0.229,0.298,0.01,0.008,1,"FAM183A"
"H3C6",0.229,0.13,0.066,0.061,1,"H3C6"
"KCNMB3",0.229,0.188,0.107,0.101,1,"KCNMB3"
"H2AC14",0.229,0.174,0.045,0.049,1,"H2AC14"
"ZNF627",0.23,0.141,0.271,0.264,1,"ZNF627"
"CCNF",0.231,-0.128,0.127,0.133,1,"CCNF"
"BLM",0.231,0.143,0.146,0.14,1,"BLM"
"ANKRD18B",0.231,0.709,0.014,0.012,1,"ANKRD18B"
"EVI2A",0.231,0.24,0.037,0.033,1,"EVI2A"
"CLCN4",0.231,-0.182,0.104,0.109,1,"CLCN4"
"AGMO",0.232,-0.25,0.014,0.016,1,"AGMO"
"CPXM1",0.232,0.177,0.027,0.024,1,"CPXM1"
"WFIKKN1",0.232,0.323,0.01,0.008,1,"WFIKKN1"
"ENSG00000279539",0.233,-0.207,0.009,0.01,1,"ENSG00000279539"
"CPQ",0.233,-0.285,0.026,0.029,1,"CPQ"
"ZNF547",0.233,0.119,0.094,0.088,1,"ZNF547"
"ZNF222",0.234,0.168,0.104,0.098,1,"ZNF222"
"PVALEF",0.234,-0.15,0.012,0.014,1,"PVALEF"
"PLAC9",0.234,-0.119,0.009,0.011,1,"PLAC9"
"MYOM1",0.234,-0.31,0.041,0.044,1,"MYOM1"
"EYS",0.235,-1.873,0.151,0.153,1,"EYS"
"DKKL1",0.235,-0.11,0.05,0.054,1,"DKKL1"
"P2RY11",0.235,0.283,0.018,0.016,1,"P2RY11"
"CPTP",0.235,0.151,0.092,0.087,1,"CPTP"
"FEZF2",0.236,-0.357,0.016,0.018,1,"FEZF2"
"GPRASP1",0.236,0.171,0.08,0.075,1,"GPRASP1"
"TMEM88",0.237,0.301,0.018,0.016,1,"TMEM88"
"KCNIP4",0.237,0.235,0.185,0.177,1,"KCNIP4"
"FAM149A",0.238,0.35,0.091,0.086,1,"FAM149A"
"C15orf48",0.238,-0.201,0.013,0.011,1,"C15orf48"
"GALR1",0.238,0.179,0.014,0.012,1,"GALR1"
"TFAP4",0.239,0.12,0.084,0.079,1,"TFAP4"
"LSMEM2",0.24,-0.552,0.009,0.011,1,"LSMEM2"
"ARNTL2",0.24,-0.225,0.179,0.184,1,"ARNTL2"
"RAI1",0.241,0.11,0.343,0.335,1,"RAI1"
"EPS8L2",0.241,-0.663,0.009,0.011,1,"EPS8L2"
"TMEM268",0.242,-0.202,0.102,0.107,1,"TMEM268"
"ENSG00000284691",0.242,-0.127,0.04,0.044,1,"ENSG00000284691"
"NOCT",0.243,0.135,0.246,0.239,1,"NOCT"
"HESX1",0.243,0.114,0.043,0.039,1,"HESX1"
"ENSG00000279569",0.243,0.207,0.014,0.012,1,"ENSG00000279569"
"DISP3",0.244,0.129,0.103,0.11,1,"DISP3"
"PLD2",0.244,0.2,0.073,0.069,1,"PLD2"
"AURKC",0.244,0.467,0.012,0.01,1,"AURKC"
"RAD51",0.245,0.111,0.112,0.106,1,"RAD51"
"SLC1A6",0.245,-0.102,0.011,0.013,1,"SLC1A6"
"ZNF155",0.246,0.101,0.424,0.418,1,"ZNF155"
"DIPK1A",0.246,-0.153,0.241,0.246,1,"DIPK1A"
"PRRG2",0.247,0.237,0.012,0.01,1,"PRRG2"
"IRF9",0.247,0.157,0.253,0.248,1,"IRF9"
"GYS1",0.247,-0.142,0.168,0.172,1,"GYS1"
"SNN",0.248,0.12,0.365,0.359,1,"SNN"
"CMYA5",0.249,0.132,0.021,0.018,1,"CMYA5"
"COL6A2",0.249,-0.104,0.044,0.048,1,"COL6A2"
"ZNF624",0.249,0.182,0.194,0.188,1,"ZNF624"
"WDR62",0.249,-0.1,0.097,0.102,1,"WDR62"
"CXCL14",0.25,0.538,0.215,0.207,1,"CXCL14"
"TTLL4",0.25,-0.146,0.176,0.183,1,"TTLL4"
"ATP2A1",0.25,0.345,0.034,0.031,1,"ATP2A1"
"RAB3IL1",0.25,-0.32,0.018,0.02,1,"RAB3IL1"
"ENSG00000271254",0.25,0.188,0.277,0.272,1,"ENSG00000271254"
"NPIPA8",0.25,-0.331,0.015,0.018,1,"NPIPA8"
"ENSG00000279092",0.252,-0.144,0.058,0.062,1,"ENSG00000279092"
"CCDC150",0.253,-0.131,0.128,0.133,1,"CCDC150"
"C1orf146",0.253,-0.159,0.008,0.01,1,"C1orf146"
"PRSS51",0.254,0.115,0.184,0.178,1,"PRSS51"
"TUT1",0.254,0.105,0.088,0.083,1,"TUT1"
"ZNF749",0.254,0.104,0.073,0.068,1,"ZNF749"
"CTSH",0.256,0.269,0.164,0.172,1,"CTSH"
"YPEL4",0.256,0.112,0.027,0.024,1,"YPEL4"
"PTK2B",0.257,0.158,0.099,0.095,1,"PTK2B"
"PRKCA",0.258,-0.249,0.934,0.927,1,"PRKCA"
"KCNAB1",0.26,-0.219,0.06,0.056,1,"KCNAB1"
"CYP2D6",0.26,0.386,0.01,0.008,1,"CYP2D6"
"HEPACAM",0.261,-0.118,0.347,0.334,1,"HEPACAM"
"MAGED4",0.261,-0.207,0.01,0.008,1,"MAGED4"
"RIPPLY2",0.262,0.413,0.017,0.015,1,"RIPPLY2"
"LRMDA",0.266,-1.362,0.013,0.015,1,"LRMDA"
"ADAMTS4",0.266,-0.245,0.014,0.016,1,"ADAMTS4"
"FGF7",0.267,0.366,0.01,0.012,1,"FGF7"
"ITCH",0.267,0.119,0.25,0.243,1,"ITCH"
"CCDC163",0.267,0.233,0.011,0.01,1,"CCDC163"
"C17orf113",0.267,0.336,0.014,0.012,1,"C17orf113"
"MORN5",0.269,0.406,0.053,0.05,1,"MORN5"
"HNF4G",0.269,-0.135,0.146,0.139,1,"HNF4G"
"PRIM2",0.269,0.112,0.495,0.49,1,"PRIM2"
"TNK1",0.269,0.562,0.014,0.012,1,"TNK1"
"PICK1",0.27,-0.393,0.028,0.031,1,"PICK1"
"LY6G5B",0.27,-0.402,0.013,0.015,1,"LY6G5B"
"SERPINB1",0.27,0.258,0.025,0.022,1,"SERPINB1"
"ENSG00000279233",0.27,0.15,0.029,0.026,1,"ENSG00000279233"
"PYGL",0.271,-0.199,0.082,0.086,1,"PYGL"
"MED23",0.271,0.113,0.419,0.416,1,"MED23"
"FBP2",0.272,0.169,0.085,0.081,1,"FBP2"
"CDCA7",0.272,0.165,0.351,0.35,1,"CDCA7"
"NR2E3",0.272,0.231,0.022,0.02,1,"NR2E3"
"CDKL4",0.273,0.309,0.042,0.039,1,"CDKL4"
"ASTE1",0.273,0.441,0.016,0.014,1,"ASTE1"
"COPZ2",0.274,-0.255,0.042,0.045,1,"COPZ2"
"USP49",0.274,0.22,0.137,0.132,1,"USP49"
"KIF6",0.275,-0.291,0.027,0.03,1,"KIF6"
"TRIB1",0.276,-0.161,0.026,0.029,1,"TRIB1"
"RIBC1",0.277,0.163,0.03,0.027,1,"RIBC1"
"TICAM1",0.278,0.358,0.025,0.023,1,"TICAM1"
"SMCO2",0.279,-0.141,0.009,0.011,1,"SMCO2"
"PLGLB1",0.279,0.173,0.086,0.081,1,"PLGLB1"
"PPM1N",0.279,-0.261,0.016,0.018,1,"PPM1N"
"PPL",0.279,0.143,0.034,0.031,1,"PPL"
"COL10A1",0.28,-0.669,0.014,0.016,1,"COL10A1"
"CNTROB",0.28,-0.101,0.159,0.165,1,"CNTROB"
"PLEKHG6",0.28,0.415,0.011,0.009,1,"PLEKHG6"
"PPFIBP1",0.28,-0.369,0.264,0.265,1,"PPFIBP1"
"MYO15A",0.281,-0.371,0.011,0.013,1,"MYO15A"
"GPR35",0.281,0.383,0.012,0.01,1,"GPR35"
"NMBR",0.281,-0.347,0.019,0.017,1,"NMBR"
"ZNF223",0.282,0.102,0.122,0.117,1,"ZNF223"
"ZNF597",0.282,0.11,0.036,0.033,1,"ZNF597"
"PABIR3",0.283,0.122,0.198,0.193,1,"PABIR3"
"FER1L5",0.283,-0.314,0.014,0.016,1,"FER1L5"
"CCDC122",0.284,-0.381,0.025,0.028,1,"CCDC122"
"HCFC1R1",0.284,0.115,0.411,0.408,1,"HCFC1R1"
"ACHE",0.287,0.122,0.01,0.008,1,"ACHE"
"TRMT10A",0.287,0.11,0.14,0.135,1,"TRMT10A"
"NRTN",0.287,0.304,0.011,0.009,1,"NRTN"
"CACNG3",0.288,0.382,0.011,0.013,1,"CACNG3"
"SIGIRR",0.288,0.241,0.085,0.08,1,"SIGIRR"
"ENSG00000278991",0.29,0.108,0.075,0.07,1,"ENSG00000278991"
"CLEC5A",0.29,-0.545,0.013,0.014,1,"CLEC5A"
"PCSK6",0.291,-0.427,0.037,0.04,1,"PCSK6"
"NR4A1",0.291,0.12,0.095,0.09,1,"NR4A1"
"LRRC73",0.291,0.145,0.041,0.038,1,"LRRC73"
"GPR19",0.291,0.109,0.153,0.148,1,"GPR19"
"USP35",0.291,0.189,0.044,0.041,1,"USP35"
"RAB32",0.291,0.134,0.129,0.124,1,"RAB32"
"PCSK4",0.292,-0.115,0.024,0.027,1,"PCSK4"
"MT-TM",0.293,0.499,0.045,0.041,1,"MT-TM"
"FAM178B",0.293,-0.135,0.012,0.014,1,"FAM178B"
"ENSG00000279319",0.293,0.195,0.046,0.043,1,"ENSG00000279319"
"COMT",0.293,0.144,0.078,0.074,1,"COMT"
"SLC27A3",0.294,-0.24,0.042,0.045,1,"SLC27A3"
"GCNA",0.294,0.189,0.105,0.101,1,"GCNA"
"MCM10",0.294,0.178,0.129,0.125,1,"MCM10"
"TTLL9",0.295,0.101,0.128,0.122,1,"TTLL9"
"CHKB",0.295,0.124,0.247,0.241,1,"CHKB"
"ZFHX3",0.295,-0.166,0.553,0.556,1,"ZFHX3"
"SLC2A13",0.297,-0.168,0.22,0.225,1,"SLC2A13"
"MPP7",0.297,0.308,0.046,0.043,1,"MPP7"
"MEIOC",0.299,0.199,0.037,0.034,1,"MEIOC"
"RHD",0.299,0.146,0.064,0.06,1,"RHD"
"ZNF692",0.3,0.114,0.14,0.135,1,"ZNF692"
"ENSG00000279589",0.303,0.158,0.034,0.031,1,"ENSG00000279589"
"LDHAL6A",0.304,0.225,0.053,0.05,1,"LDHAL6A"
"GPR162",0.304,0.147,0.155,0.15,1,"GPR162"
"KIFC2",0.304,-0.143,0.051,0.054,1,"KIFC2"
"ELN",0.305,0.129,0.086,0.082,1,"ELN"
"ZIC2",0.305,0.406,0.015,0.013,1,"ZIC2"
"TMEM54",0.306,0.106,0.161,0.156,1,"TMEM54"
"LMO7",0.306,-0.188,0.181,0.187,1,"LMO7"
"RFESD",0.307,0.228,0.016,0.014,1,"RFESD"
"C2orf73",0.307,-0.241,0.019,0.017,1,"C2orf73"
"CNTNAP3B",0.307,-0.355,0.148,0.152,1,"CNTNAP3B"
"ZNF775",0.307,0.101,0.238,0.231,1,"ZNF775"
"SYCP3",0.308,0.144,0.127,0.123,1,"SYCP3"
"FXYD2",0.308,0.191,0.019,0.017,1,"FXYD2"
"GEMIN4",0.308,0.136,0.076,0.072,1,"GEMIN4"
"GASK1A",0.309,-0.474,0.026,0.029,1,"GASK1A"
"SVOPL",0.309,0.127,0.013,0.011,1,"SVOPL"
"SPATA9",0.309,0.506,0.017,0.015,1,"SPATA9"
"GLCE",0.309,-0.197,0.365,0.366,1,"GLCE"
"DRD4",0.31,-0.242,0.011,0.013,1,"DRD4"
"ABCB4",0.31,-0.285,0.016,0.018,1,"ABCB4"
"ERAP2",0.314,-0.104,0.043,0.046,1,"ERAP2"
"CYS1",0.314,0.245,0.02,0.018,1,"CYS1"
"MASTL",0.314,0.12,0.17,0.164,1,"MASTL"
"ATP7B",0.314,0.2,0.147,0.142,1,"ATP7B"
"ZNF879",0.315,-0.112,0.055,0.059,1,"ZNF879"
"CD109",0.315,0.282,0.015,0.013,1,"CD109"
"ENSG00000272916",0.315,0.328,0.014,0.012,1,"ENSG00000272916"
"ARHGEF39",0.315,-0.317,0.041,0.044,1,"ARHGEF39"
"PHYHD1",0.316,0.155,0.056,0.053,1,"PHYHD1"
"NLRP2",0.316,-0.468,0.01,0.011,1,"NLRP2"
"ZBTB39",0.316,0.132,0.11,0.106,1,"ZBTB39"
"SLCO3A1",0.317,0.944,0.058,0.056,1,"SLCO3A1"
"NUDT1",0.317,0.115,0.393,0.394,1,"NUDT1"
"GJA9",0.317,0.133,0.066,0.062,1,"GJA9"
"DNAI1",0.317,-0.219,0.051,0.054,1,"DNAI1"
"ZNF619",0.319,0.291,0.037,0.034,1,"ZNF619"
"KIAA1755",0.319,0.255,0.021,0.023,1,"KIAA1755"
"SH3BGR",0.32,0.13,0.138,0.133,1,"SH3BGR"
"ARMC5",0.32,0.113,0.072,0.068,1,"ARMC5"
"NAPB",0.321,0.108,0.221,0.216,1,"NAPB"
"RDM1",0.321,-0.29,0.029,0.031,1,"RDM1"
"RTL9",0.322,0.196,0.026,0.024,1,"RTL9"
"FOXO4",0.322,0.232,0.014,0.012,1,"FOXO4"
"ZNF16",0.322,0.105,0.149,0.143,1,"ZNF16"
"ANK1",0.323,-0.205,0.01,0.012,1,"ANK1"
"RTN2",0.323,0.104,0.138,0.145,1,"RTN2"
"AKAP1",0.324,-0.178,0.16,0.164,1,"AKAP1"
"FAR2",0.324,-0.301,0.104,0.108,1,"FAR2"
"TFPI",0.324,-0.19,0.207,0.21,1,"TFPI"
"SPATS1",0.325,-0.474,0.008,0.01,1,"SPATS1"
"CHGA",0.325,0.163,0.021,0.023,1,"CHGA"
"MAGEE1",0.326,0.352,0.077,0.073,1,"MAGEE1"
"ENSG00000280401",0.326,-0.294,0.008,0.01,1,"ENSG00000280401"
"CHTF18",0.327,0.175,0.051,0.048,1,"CHTF18"
"TGFB3",0.328,0.101,0.089,0.085,1,"TGFB3"
"ENSG00000279544",0.328,0.181,0.047,0.044,1,"ENSG00000279544"
"LSR",0.328,0.204,0.037,0.035,1,"LSR"
"ZNF491",0.329,0.133,0.187,0.182,1,"ZNF491"
"PRELP",0.33,-0.362,0.011,0.012,1,"PRELP"
"SCEL",0.33,-0.209,0.017,0.019,1,"SCEL"
"FBXO43",0.333,-0.166,0.013,0.015,1,"FBXO43"
"SORL1",0.333,0.187,0.489,0.496,1,"SORL1"
"IRF2BP1",0.334,0.127,0.097,0.092,1,"IRF2BP1"
"PLPPR5",0.335,-0.216,0.075,0.079,1,"PLPPR5"
"PFN4",0.336,-0.139,0.026,0.028,1,"PFN4"
"ANKRD34A",0.336,-0.185,0.011,0.012,1,"ANKRD34A"
"CLDN15",0.336,0.185,0.031,0.028,1,"CLDN15"
"EVA1C",0.337,0.159,0.314,0.308,1,"EVA1C"
"FAP",0.337,-0.977,0.009,0.011,1,"FAP"
"SPATA24",0.338,0.125,0.07,0.066,1,"SPATA24"
"TEK",0.338,-0.113,0.035,0.037,1,"TEK"
"CCDC142",0.338,0.148,0.091,0.087,1,"CCDC142"
"CC2D2B",0.34,-0.369,0.041,0.044,1,"CC2D2B"
"ERBB3",0.34,-0.518,0.013,0.015,1,"ERBB3"
"C2CD4C",0.341,0.18,0.032,0.03,1,"C2CD4C"
"TMEM74",0.341,-0.207,0.016,0.018,1,"TMEM74"
"LPCAT4",0.342,0.128,0.135,0.131,1,"LPCAT4"
"LRRC55",0.342,-0.145,0.028,0.031,1,"LRRC55"
"TEDC1",0.343,0.17,0.069,0.065,1,"TEDC1"
"NOTCH4",0.343,0.222,0.039,0.036,1,"NOTCH4"
"DET1",0.343,-0.108,0.016,0.018,1,"DET1"
"SOX3",0.344,0.537,0.045,0.049,1,"SOX3"
"ENSG00000279474",0.344,0.184,0.018,0.016,1,"ENSG00000279474"
"NALCN",0.344,0.395,0.013,0.015,1,"NALCN"
"CCNA1",0.344,-0.102,0.031,0.028,1,"CCNA1"
"EYA2",0.344,0.368,0.046,0.043,1,"EYA2"
"PLCXD3",0.344,0.253,0.016,0.014,1,"PLCXD3"
"ENSG00000268083",0.345,-0.363,0.014,0.016,1,"ENSG00000268083"
"TRABD2A",0.345,0.549,0.012,0.01,1,"TRABD2A"
"RILP",0.345,0.152,0.03,0.028,1,"RILP"
"MYO15B",0.345,-0.116,0.034,0.037,1,"MYO15B"
"ENSG00000279267",0.345,0.121,0.051,0.048,1,"ENSG00000279267"
"ENPP5",0.346,-0.139,0.032,0.029,1,"ENPP5"
"PPP1R13L",0.347,0.154,0.034,0.031,1,"PPP1R13L"
"NAP1L3",0.347,0.102,0.376,0.369,1,"NAP1L3"
"UBE2E2",0.347,0.146,0.287,0.285,1,"UBE2E2"
"GALT",0.348,0.138,0.12,0.115,1,"GALT"
"PLA2G15",0.348,0.1,0.081,0.077,1,"PLA2G15"
"ZDHHC23",0.348,0.117,0.027,0.024,1,"ZDHHC23"
"OGFRL1",0.348,-0.346,0.48,0.477,1,"OGFRL1"
"FAIM",0.349,0.149,0.092,0.088,1,"FAIM"
"ZNF526",0.349,-0.145,0.052,0.055,1,"ZNF526"
"KLHL41",0.35,-0.162,0.012,0.013,1,"KLHL41"
"AMER2",0.35,0.111,0.483,0.501,1,"AMER2"
"KIAA1614",0.352,0.132,0.056,0.052,1,"KIAA1614"
"ZNF25",0.352,0.141,0.331,0.326,1,"ZNF25"
"C1QTNF2",0.353,0.19,0.038,0.035,1,"C1QTNF2"
"IZUMO4",0.353,-0.188,0.031,0.033,1,"IZUMO4"
"TMTC4",0.354,0.139,0.473,0.49,1,"TMTC4"
"F2RL2",0.354,0.258,0.021,0.019,1,"F2RL2"
"PRPH2",0.354,0.146,0.013,0.012,1,"PRPH2"
"TAF5L",0.355,0.224,0.309,0.306,1,"TAF5L"
"MAPK7",0.356,0.123,0.216,0.211,1,"MAPK7"
"LIPT2",0.356,-0.202,0.027,0.03,1,"LIPT2"
"GLB1L2",0.356,0.179,0.027,0.025,1,"GLB1L2"
"LRRC19",0.357,0.178,0.047,0.044,1,"LRRC19"
"MPV17L",0.357,0.121,0.019,0.017,1,"MPV17L"
"ACSS1",0.357,0.11,0.104,0.1,1,"ACSS1"
"ENSG00000279103",0.357,0.139,0.066,0.063,1,"ENSG00000279103"
"PEX11G",0.358,0.152,0.033,0.031,1,"PEX11G"
"FEZF1",0.359,0.155,0.097,0.094,1,"FEZF1"
"FBXL16",0.359,0.136,0.146,0.141,1,"FBXL16"
"ESRRG",0.359,-0.247,0.138,0.142,1,"ESRRG"
"HARBI1",0.359,0.215,0.048,0.045,1,"HARBI1"
"MIA",0.36,0.146,0.011,0.009,1,"MIA"
"PRDM4",0.36,0.136,0.268,0.263,1,"PRDM4"
"ENSG00000280106",0.36,0.204,0.027,0.024,1,"ENSG00000280106"
"TPK1",0.36,0.21,0.097,0.093,1,"TPK1"
"NIPSNAP3B",0.361,0.239,0.025,0.023,1,"NIPSNAP3B"
"TNFRSF25",0.361,-0.185,0.026,0.028,1,"TNFRSF25"
"CLEC4A",0.361,-0.472,0.025,0.027,1,"CLEC4A"
"RFX1",0.361,0.129,0.201,0.196,1,"RFX1"
"RGS2",0.361,-0.192,0.069,0.073,1,"RGS2"
"ISY1-RAB43",0.363,0.171,0.014,0.012,1,"ISY1-RAB43"
"CKM",0.363,-0.264,0.013,0.014,1,"CKM"
"TOMM20L",0.363,0.168,0.019,0.017,1,"TOMM20L"
"MAGIX",0.363,-0.298,0.01,0.012,1,"MAGIX"
"ZNF530",0.364,0.162,0.074,0.07,1,"ZNF530"
"TINCR",0.364,0.14,0.039,0.037,1,"TINCR"
"ZNF774",0.364,0.105,0.069,0.065,1,"ZNF774"
"HBQ1",0.366,-0.221,0.013,0.015,1,"HBQ1"
"CELSR3",0.368,0.308,0.081,0.078,1,"CELSR3"
"DBR1",0.368,0.11,0.236,0.229,1,"DBR1"
"ENSG00000279250",0.368,-0.231,0.008,0.01,1,"ENSG00000279250"
"TUBA8",0.369,0.161,0.052,0.049,1,"TUBA8"
"HAUS3",0.369,-0.106,0.07,0.073,1,"HAUS3"
"GAD2",0.373,0.314,0.536,0.57,1,"GAD2"
"TLCD4-RWDD3",0.375,-0.253,0.017,0.019,1,"TLCD4-RWDD3"
"TRIL",0.375,-0.147,0.13,0.134,1,"TRIL"
"KCNE4",0.376,-0.225,0.011,0.012,1,"KCNE4"
"EMP2",0.377,0.152,0.206,0.202,1,"EMP2"
"DSCAM",0.377,0.221,0.132,0.136,1,"DSCAM"
"ENSG00000279951",0.377,0.112,0.024,0.022,1,"ENSG00000279951"
"SMTN",0.378,-0.148,0.036,0.039,1,"SMTN"
"FANCD2OS",0.378,0.292,0.019,0.017,1,"FANCD2OS"
"TESC",0.378,0.191,0.018,0.016,1,"TESC"
"FMO5",0.379,0.201,0.126,0.121,1,"FMO5"
"ENSG00000280163",0.379,-0.309,0.014,0.016,1,"ENSG00000280163"
"NALF1",0.38,-0.158,0.251,0.242,1,"NALF1"
"TSPAN16",0.381,0.26,0.015,0.013,1,"TSPAN16"
"NREP",0.382,0.102,0.918,0.927,1,"NREP"
"ENSG00000290183",0.382,0.282,0.017,0.015,1,"ENSG00000290183"
"ARHGDIB",0.382,-0.472,0.012,0.013,1,"ARHGDIB"
"NPB",0.383,-0.141,0.089,0.092,1,"NPB"
"RRH",0.384,-0.273,0.018,0.019,1,"RRH"
"RPP25",0.384,0.112,0.031,0.029,1,"RPP25"
"LRRC3C",0.387,-0.228,0.03,0.032,1,"LRRC3C"
"TRAM1L1",0.387,0.22,0.041,0.038,1,"TRAM1L1"
"NEB",0.387,0.162,0.066,0.062,1,"NEB"
"AOX1",0.388,-0.251,0.009,0.011,1,"AOX1"
"RBKS",0.388,-0.135,0.112,0.116,1,"RBKS"
"CCNB2",0.39,0.101,0.187,0.193,1,"CCNB2"
"MTUS2",0.392,0.345,0.012,0.014,1,"MTUS2"
"GZF1",0.392,0.119,0.165,0.161,1,"GZF1"
"GIPC2",0.393,0.24,0.067,0.064,1,"GIPC2"
"BIRC5",0.393,0.274,0.154,0.162,1,"BIRC5"
"SLX4",0.394,-0.161,0.12,0.124,1,"SLX4"
"KANK3",0.395,-0.357,0.016,0.018,1,"KANK3"
"HACD4",0.395,-0.162,0.034,0.036,1,"HACD4"
"CAGE1",0.396,-0.431,0.013,0.014,1,"CAGE1"
"DMTN",0.398,0.197,0.029,0.027,1,"DMTN"
"ANGPTL3",0.401,-0.214,0.024,0.026,1,"ANGPTL3"
"TSNAXIP1",0.402,0.136,0.056,0.053,1,"TSNAXIP1"
"DCDC2",0.403,0.147,0.024,0.022,1,"DCDC2"
"ENSG00000280190",0.404,0.145,0.017,0.016,1,"ENSG00000280190"
"HCRTR1",0.406,0.211,0.011,0.009,1,"HCRTR1"
"CES4A",0.408,-0.179,0.011,0.012,1,"CES4A"
"LIFR",0.408,-0.13,0.531,0.528,1,"LIFR"
"C17orf67",0.409,-0.125,0.089,0.092,1,"C17orf67"
"ENSG00000279759",0.409,0.256,0.018,0.017,1,"ENSG00000279759"
"CHRM4",0.41,0.368,0.035,0.033,1,"CHRM4"
"LKAAEAR1",0.411,-0.142,0.013,0.015,1,"LKAAEAR1"
"ENSG00000279358",0.413,0.405,0.01,0.011,1,"ENSG00000279358"
"TRIM71",0.414,0.116,0.014,0.013,1,"TRIM71"
"CASP1",0.415,0.374,0.011,0.01,1,"CASP1"
"MSANTD1",0.415,-0.302,0.022,0.024,1,"MSANTD1"
"SUSD4",0.416,-0.258,0.023,0.025,1,"SUSD4"
"DGAT2",0.416,0.254,0.011,0.01,1,"DGAT2"
"TMEM62",0.417,0.149,0.259,0.255,1,"TMEM62"
"TEX15",0.418,-0.117,0.03,0.032,1,"TEX15"
"ENSG00000280321",0.419,0.108,0.021,0.019,1,"ENSG00000280321"
"NLRC3",0.419,0.11,0.028,0.03,1,"NLRC3"
"FDXACB1",0.421,0.211,0.036,0.034,1,"FDXACB1"
"SYCP2L",0.421,-0.122,0.194,0.198,1,"SYCP2L"
"CFAP52",0.422,-0.152,0.011,0.013,1,"CFAP52"
"GLRA1",0.422,-0.379,0.015,0.017,1,"GLRA1"
"KLF15",0.423,-0.143,0.024,0.026,1,"KLF15"
"RGL4",0.423,0.213,0.015,0.013,1,"RGL4"
"DNAAF8",0.424,0.164,0.04,0.038,1,"DNAAF8"
"GOLGA8B",0.425,-0.209,0.099,0.103,1,"GOLGA8B"
"SYT15B",0.425,0.237,0.015,0.013,1,"SYT15B"
"TRANK1",0.425,-0.338,0.038,0.036,1,"TRANK1"
"DNAH10",0.426,0.171,0.147,0.143,1,"DNAH10"
"PCOLCE2",0.427,-0.309,0.019,0.02,1,"PCOLCE2"
"USP44",0.429,0.322,0.036,0.039,1,"USP44"
"OAF",0.43,-0.167,0.125,0.128,1,"OAF"
"TRIP13",0.43,0.11,0.094,0.091,1,"TRIP13"
"CBFA2T3",0.431,0.123,0.051,0.054,1,"CBFA2T3"
"NEMP2",0.433,0.173,0.079,0.076,1,"NEMP2"
"DGAT2L6",0.433,-0.301,0.01,0.011,1,"DGAT2L6"
"VEGFD",0.434,0.203,0.039,0.036,1,"VEGFD"
"NINL",0.434,0.11,0.425,0.422,1,"NINL"
"RAMACL",0.434,0.192,0.017,0.016,1,"RAMACL"
"C3orf49",0.436,0.137,0.034,0.032,1,"C3orf49"
"PHF11",0.437,0.181,0.102,0.099,1,"PHF11"
"C4orf45",0.437,-0.119,0.066,0.069,1,"C4orf45"
"SERPIND1",0.439,0.455,0.031,0.029,1,"SERPIND1"
"IGFBP4",0.441,0.187,0.168,0.175,1,"IGFBP4"
"STON1",0.442,0.116,0.055,0.053,1,"STON1"
"BATF3",0.443,-0.131,0.016,0.014,1,"BATF3"
"WNT9A",0.443,-0.523,0.011,0.012,1,"WNT9A"
"NTN4",0.444,-0.147,0.187,0.192,1,"NTN4"
"RIOX1",0.445,0.163,0.073,0.07,1,"RIOX1"
"CORIN",0.445,0.246,0.018,0.017,1,"CORIN"
"SSC5D",0.445,-0.451,0.017,0.018,1,"SSC5D"
"RSPH14",0.446,0.148,0.064,0.061,1,"RSPH14"
"ADAMTS1",0.446,-0.265,0.014,0.015,1,"ADAMTS1"
"A3GALT2",0.448,0.113,0.049,0.051,1,"A3GALT2"
"CFAP91",0.449,-0.31,0.035,0.037,1,"CFAP91"
"SKIDA1",0.451,0.104,0.149,0.153,1,"SKIDA1"
"PCED1B",0.452,-0.283,0.042,0.045,1,"PCED1B"
"SNTB1",0.452,-0.132,0.163,0.166,1,"SNTB1"
"PCDHGC3",0.454,-0.119,0.054,0.056,1,"PCDHGC3"
"SERHL2",0.454,0.148,0.088,0.085,1,"SERHL2"
"SGO1",0.455,-0.127,0.149,0.152,1,"SGO1"
"TP53I11",0.455,0.236,0.257,0.258,1,"TP53I11"
"SH2D4B",0.456,0.103,0.05,0.048,1,"SH2D4B"
"PPP1R32",0.457,-0.228,0.026,0.028,1,"PPP1R32"
"ZNF675",0.459,0.104,0.397,0.394,1,"ZNF675"
"DOC2A",0.46,0.166,0.017,0.019,1,"DOC2A"
"RASIP1",0.46,-0.236,0.011,0.012,1,"RASIP1"
"LY6G6C",0.463,-0.306,0.012,0.013,1,"LY6G6C"
"PNMA6A",0.464,0.175,0.044,0.046,1,"PNMA6A"
"AKAP3",0.464,0.214,0.047,0.045,1,"AKAP3"
"PCDHA6",0.465,-0.225,0.012,0.013,1,"PCDHA6"
"AGBL2",0.465,-0.482,0.009,0.01,1,"AGBL2"
"C10orf90",0.465,0.524,0.021,0.019,1,"C10orf90"
"CAMKV",0.466,-0.195,0.016,0.017,1,"CAMKV"
"ENSG00000279659",0.466,0.199,0.011,0.01,1,"ENSG00000279659"
"UNC5C",0.467,-0.417,0.028,0.026,1,"UNC5C"
"AQP7B",0.468,0.22,0.015,0.016,1,"AQP7B"
"MICAL2",0.469,-0.2,0.012,0.013,1,"MICAL2"
"VWC2L",0.469,-0.32,0.018,0.017,1,"VWC2L"
"DAB1",0.469,-0.169,0.15,0.146,1,"DAB1"
"SPATA6L",0.47,-0.122,0.058,0.06,1,"SPATA6L"
"CHGB",0.47,0.115,0.129,0.135,1,"CHGB"
"KIRREL2",0.47,-0.188,0.009,0.01,1,"KIRREL2"
"DDX25",0.471,0.109,0.044,0.042,1,"DDX25"
"MT-TS2",0.472,-0.118,0.009,0.01,1,"MT-TS2"
"ARHGAP5",0.473,-0.153,0.764,0.755,1,"ARHGAP5"
"DNAH2",0.473,-0.353,0.013,0.014,1,"DNAH2"
"STARD6",0.474,0.139,0.02,0.018,1,"STARD6"
"ENSG00000278985",0.474,-0.101,0.012,0.013,1,"ENSG00000278985"
"ARHGDIG",0.475,-0.196,0.05,0.052,1,"ARHGDIG"
"RUNX1",0.475,-0.714,0.013,0.014,1,"RUNX1"
"NIPAL3",0.475,0.14,0.107,0.104,1,"NIPAL3"
"ENPP3",0.476,0.146,0.02,0.021,1,"ENPP3"
"KCNK9",0.477,0.257,0.009,0.01,1,"KCNK9"
"C12orf40",0.478,0.102,0.064,0.066,1,"C12orf40"
"H2BC21",0.479,-0.497,0.064,0.066,1,"H2BC21"
"ZNF697",0.479,0.173,0.101,0.099,1,"ZNF697"
"KCNH5",0.481,0.253,0.038,0.04,1,"KCNH5"
"ZSCAN22",0.481,0.245,0.037,0.035,1,"ZSCAN22"
"STAR",0.482,0.356,0.016,0.015,1,"STAR"
"CHRFAM7A",0.483,0.219,0.01,0.009,1,"CHRFAM7A"
"PDC",0.484,-0.109,0.027,0.025,1,"PDC"
"ENSG00000268750",0.484,-0.362,0.02,0.021,1,"ENSG00000268750"
"C1QTNF6",0.484,0.164,0.08,0.077,1,"C1QTNF6"
"CRIP3",0.486,0.36,0.014,0.013,1,"CRIP3"
"C12orf60",0.488,0.167,0.065,0.062,1,"C12orf60"
"LCA5L",0.488,-0.131,0.052,0.05,1,"LCA5L"
"FAM246C",0.49,0.199,0.048,0.046,1,"FAM246C"
"MGMT",0.49,0.108,0.217,0.214,1,"MGMT"
"IL6R",0.492,-0.223,0.01,0.009,1,"IL6R"
"ENSG00000280047",0.492,0.119,0.067,0.064,1,"ENSG00000280047"
"SGK1",0.493,-0.105,0.143,0.146,1,"SGK1"
"TUSC1",0.494,0.159,0.089,0.086,1,"TUSC1"
"POU3F1",0.495,0.182,0.032,0.03,1,"POU3F1"
"EFEMP1",0.495,0.813,0.066,0.069,1,"EFEMP1"
"IGFBPL1",0.495,0.391,0.142,0.142,1,"IGFBPL1"
"EPHX4",0.497,0.261,0.026,0.024,1,"EPHX4"
"NPTXR",0.497,0.131,0.289,0.297,1,"NPTXR"
"ARMH2",0.498,0.247,0.015,0.014,1,"ARMH2"
"ZNF844",0.498,0.106,0.171,0.168,1,"ZNF844"
"KNDC1",0.5,-0.216,0.153,0.147,1,"KNDC1"
"C4orf33",0.5,0.178,0.185,0.182,1,"C4orf33"
"NPR2",0.501,0.344,0.018,0.016,1,"NPR2"
"ZNF101",0.501,-0.112,0.07,0.073,1,"ZNF101"
"CCDC125",0.502,0.303,0.032,0.031,1,"CCDC125"
"QPCTL",0.503,-0.216,0.066,0.068,1,"QPCTL"
"HELZ2",0.505,0.178,0.047,0.045,1,"HELZ2"
"C1orf74",0.505,0.264,0.015,0.014,1,"C1orf74"
"NDST2",0.506,0.323,0.013,0.012,1,"NDST2"
"STON2",0.507,-0.109,0.445,0.442,1,"STON2"
"ZBTB12",0.507,0.277,0.017,0.016,1,"ZBTB12"
"CDC42EP2",0.507,0.153,0.015,0.014,1,"CDC42EP2"
"CCDC178",0.508,-0.33,0.027,0.026,1,"CCDC178"
"MMP24",0.508,0.138,0.2,0.197,1,"MMP24"
"LYSMD1",0.509,0.155,0.079,0.077,1,"LYSMD1"
"PALM3",0.509,-0.192,0.024,0.026,1,"PALM3"
"CA14",0.509,0.13,0.144,0.149,1,"CA14"
"RBM14-RBM4",0.509,-0.11,0.114,0.117,1,"RBM14-RBM4"
"MLH3",0.512,-0.147,0.241,0.242,1,"MLH3"
"SLC11A1",0.513,-0.125,0.011,0.01,1,"SLC11A1"
"EEF1A2",0.515,0.167,0.256,0.266,1,"EEF1A2"
"MBOAT4",0.515,0.374,0.011,0.01,1,"MBOAT4"
"ENSG00000278987",0.515,-0.342,0.018,0.02,1,"ENSG00000278987"
"TMC6",0.516,0.163,0.016,0.017,1,"TMC6"
"STAB2",0.517,-0.307,0.009,0.01,1,"STAB2"
"CLSTN2",0.517,0.626,0.116,0.12,1,"CLSTN2"
"RAET1E",0.517,-0.57,0.009,0.01,1,"RAET1E"
"NRL",0.519,-0.289,0.047,0.049,1,"NRL"
"FAM124A",0.519,0.17,0.16,0.158,1,"FAM124A"
"ANKRD53",0.52,-0.217,0.013,0.014,1,"ANKRD53"
"GINS3",0.52,-0.273,0.168,0.17,1,"GINS3"
"RHOU",0.521,-0.216,0.051,0.053,1,"RHOU"
"SLC22A15",0.521,-0.171,0.013,0.014,1,"SLC22A15"
"NPIPA9",0.521,-0.163,0.022,0.021,1,"NPIPA9"
"SEMA3B",0.522,0.135,0.018,0.017,1,"SEMA3B"
"CHML",0.525,0.118,0.392,0.391,1,"CHML"
"ALDOA",0.525,-0.227,0.069,0.071,1,"ALDOA"
"CRYM",0.526,0.412,0.056,0.059,1,"CRYM"
"CTF1",0.526,0.126,0.039,0.037,1,"CTF1"
"POU5F2",0.526,-0.101,0.072,0.074,1,"POU5F2"
"ISYNA1",0.527,0.118,0.101,0.098,1,"ISYNA1"
"ENSG00000280229",0.528,0.345,0.017,0.015,1,"ENSG00000280229"
"ENSG00000280063",0.528,-0.31,0.015,0.016,1,"ENSG00000280063"
"TMEM86B",0.529,0.372,0.012,0.011,1,"TMEM86B"
"ERCC2",0.53,0.156,0.137,0.135,1,"ERCC2"
"NSUN6",0.53,0.104,0.434,0.431,1,"NSUN6"
"LVRN",0.53,-0.255,0.016,0.017,1,"LVRN"
"EME2",0.534,0.176,0.047,0.045,1,"EME2"
"SLA2",0.535,0.389,0.02,0.018,1,"SLA2"
"FAM186A",0.536,-0.154,0.021,0.023,1,"FAM186A"
"RTEL1",0.539,0.113,0.073,0.071,1,"RTEL1"
"ENSG00000280417",0.54,0.307,0.015,0.014,1,"ENSG00000280417"
"SYN2",0.54,-1.316,0.012,0.013,1,"SYN2"
"SELENOV",0.542,-0.165,0.01,0.011,1,"SELENOV"
"CXCL17",0.542,0.254,0.036,0.034,1,"CXCL17"
"DOK3",0.543,0.105,0.036,0.034,1,"DOK3"
"ENSG00000278879",0.544,0.245,0.01,0.009,1,"ENSG00000278879"
"FBLIM1",0.544,0.176,0.04,0.042,1,"FBLIM1"
"VCAN",0.545,-0.16,0.509,0.509,1,"VCAN"
"RAB42",0.545,-0.257,0.016,0.017,1,"RAB42"
"NPIPB11",0.545,-0.225,0.021,0.019,1,"NPIPB11"
"PCDH8",0.546,0.319,0.061,0.06,1,"PCDH8"
"OR7D2",0.546,0.142,0.019,0.018,1,"OR7D2"
"NLRX1",0.546,0.273,0.028,0.027,1,"NLRX1"
"CCDC9",0.548,0.122,0.094,0.097,1,"CCDC9"
"RNF227",0.548,0.402,0.03,0.028,1,"RNF227"
"ENSG00000286070",0.549,-0.14,0.023,0.025,1,"ENSG00000286070"
"C19orf38",0.55,0.112,0.015,0.014,1,"C19orf38"
"DCC",0.55,-0.601,0.029,0.03,1,"DCC"
"C12orf42",0.55,-0.302,0.033,0.034,1,"C12orf42"
"KLF5",0.551,-0.402,0.035,0.034,1,"KLF5"
"LIN37",0.552,0.117,0.15,0.147,1,"LIN37"
"NR1D1",0.552,-0.133,0.04,0.042,1,"NR1D1"
"ASIC2",0.554,-0.103,0.012,0.013,1,"ASIC2"
"FBXL22",0.555,0.169,0.032,0.031,1,"FBXL22"
"SHISA7",0.556,0.391,0.019,0.018,1,"SHISA7"
"ENSG00000268173",0.556,0.286,0.018,0.017,1,"ENSG00000268173"
"CAPG",0.556,0.124,0.033,0.032,1,"CAPG"
"ITGB3BP",0.556,-0.1,0.447,0.437,1,"ITGB3BP"
"ADPRHL1",0.557,0.198,0.039,0.038,1,"ADPRHL1"
"FNDC5",0.557,0.154,0.093,0.096,1,"FNDC5"
"ZBTB26",0.557,0.108,0.179,0.175,1,"ZBTB26"
"ALPK3",0.557,0.206,0.023,0.022,1,"ALPK3"
"ZKSCAN8P1",0.557,0.658,0.016,0.015,1,"ZKSCAN8P1"
"ENSG00000256100",0.558,-0.144,0.012,0.013,1,"ENSG00000256100"
"SLC7A8",0.558,0.295,0.024,0.023,1,"SLC7A8"
"CEACAM1",0.56,-0.144,0.052,0.054,1,"CEACAM1"
"GPER1",0.561,-0.106,0.029,0.027,1,"GPER1"
"TCEAL5",0.561,0.379,0.053,0.052,1,"TCEAL5"
"ZNF311",0.561,0.569,0.011,0.01,1,"ZNF311"
"DNAH7",0.563,-0.114,0.172,0.168,1,"DNAH7"
"ZFHX4",0.565,-0.136,0.57,0.562,1,"ZFHX4"
"ENSG00000279689",0.565,-0.349,0.009,0.01,1,"ENSG00000279689"
"ICAM3",0.567,0.151,0.014,0.013,1,"ICAM3"
"H1-3",0.567,0.242,0.191,0.194,1,"H1-3"
"HYLS1",0.568,0.155,0.065,0.063,1,"HYLS1"
"C6orf163",0.568,-0.162,0.019,0.02,1,"C6orf163"
"ZNF350",0.568,0.101,0.149,0.146,1,"ZNF350"
"F10",0.569,-0.199,0.014,0.015,1,"F10"
"ZNF750",0.57,-0.217,0.009,0.01,1,"ZNF750"
"PLCB1",0.574,0.124,0.344,0.343,1,"PLCB1"
"PPP1R36",0.574,-0.326,0.009,0.01,1,"PPP1R36"
"CRELD1",0.577,-0.117,0.08,0.083,1,"CRELD1"
"PLOD1",0.578,-0.267,0.142,0.143,1,"PLOD1"
"OVCH1",0.578,0.276,0.01,0.009,1,"OVCH1"
"CDHR2",0.578,0.218,0.019,0.02,1,"CDHR2"
"NAT16",0.578,0.106,0.023,0.025,1,"NAT16"
"TMC1",0.578,-0.113,0.023,0.024,1,"TMC1"
"CRABP2",0.579,-0.137,0.015,0.016,1,"CRABP2"
"ZXDA",0.58,0.14,0.07,0.068,1,"ZXDA"
"COL4A4",0.581,-0.45,0.01,0.011,1,"COL4A4"
"DIABLO",0.581,-0.244,0.027,0.028,1,"DIABLO"
"RASGRP3",0.581,0.175,0.009,0.01,1,"RASGRP3"
"TEC",0.583,0.613,0.01,0.009,1,"TEC"
"ENSG00000280402",0.584,-0.269,0.012,0.011,1,"ENSG00000280402"
"IFFO2",0.585,0.125,0.064,0.063,1,"IFFO2"
"BRCA2",0.587,0.155,0.16,0.158,1,"BRCA2"
"DENND2C",0.587,0.172,0.032,0.031,1,"DENND2C"
"LINGO1",0.588,-0.169,0.037,0.039,1,"LINGO1"
"RSPH6A",0.589,0.486,0.01,0.009,1,"RSPH6A"
"PPP1R17",0.59,0.193,0.078,0.076,1,"PPP1R17"
"NNAT",0.59,0.315,0.736,0.752,1,"NNAT"
"ODAD2",0.591,0.108,0.042,0.04,1,"ODAD2"
"ENSG00000279786",0.592,0.271,0.017,0.016,1,"ENSG00000279786"
"PRSS55",0.594,0.1,0.06,0.058,1,"PRSS55"
"C1orf105",0.594,0.388,0.018,0.017,1,"C1orf105"
"ZNF354C",0.595,0.201,0.159,0.158,1,"ZNF354C"
"PGGHG",0.596,-0.195,0.019,0.02,1,"PGGHG"
"TMEM240",0.596,0.142,0.098,0.096,1,"TMEM240"
"BFSP2",0.597,0.23,0.021,0.02,1,"BFSP2"
"LEFTY1",0.597,0.104,0.011,0.012,1,"LEFTY1"
"PTPRQ",0.6,-0.443,0.01,0.01,1,"PTPRQ"
"RARG",0.601,-0.217,0.04,0.038,1,"RARG"
"EMILIN2",0.602,-0.382,0.013,0.014,1,"EMILIN2"
"AK1",0.602,0.135,0.158,0.156,1,"AK1"
"PRR22",0.603,-0.151,0.013,0.014,1,"PRR22"
"PBX3",0.603,-0.213,0.464,0.454,1,"PBX3"
"CAPS",0.605,0.102,0.031,0.03,1,"CAPS"
"SNAP25",0.605,0.208,0.334,0.336,1,"SNAP25"
"TMIE",0.606,-0.365,0.016,0.017,1,"TMIE"
"AGAP4",0.607,0.11,0.188,0.186,1,"AGAP4"
"VAX1",0.609,0.183,0.178,0.175,1,"VAX1"
"NFKBIZ",0.609,-0.11,0.07,0.072,1,"NFKBIZ"
"NLRP1",0.609,-0.455,0.01,0.01,1,"NLRP1"
"SAP25",0.61,0.511,0.019,0.018,1,"SAP25"
"AHNAK2",0.611,-0.148,0.028,0.026,1,"AHNAK2"
"KCNJ14",0.612,-0.114,0.06,0.058,1,"KCNJ14"
"CNTNAP3",0.613,0.223,0.06,0.058,1,"CNTNAP3"
"MTFR2",0.614,-0.103,0.043,0.044,1,"MTFR2"
"CFAP100",0.614,0.145,0.064,0.063,1,"CFAP100"
"LFNG",0.616,-0.254,0.078,0.079,1,"LFNG"
"GPR183",0.616,0.139,0.014,0.015,1,"GPR183"
"DCDC2B",0.617,-0.16,0.051,0.049,1,"DCDC2B"
"CCDC154",0.618,-0.135,0.013,0.014,1,"CCDC154"
"ADRB1",0.62,0.134,0.019,0.018,1,"ADRB1"
"BEAN1",0.621,-0.181,0.039,0.041,1,"BEAN1"
"ENSG00000279880",0.621,0.11,0.037,0.036,1,"ENSG00000279880"
"RFLNA",0.621,-0.104,0.277,0.279,1,"RFLNA"
"CTSZ",0.621,0.197,0.046,0.044,1,"CTSZ"
"CHST2",0.622,-0.181,0.03,0.028,1,"CHST2"
"FAM229A",0.623,0.383,0.029,0.028,1,"FAM229A"
"H2BC11",0.624,0.161,0.032,0.031,1,"H2BC11"
"CD302",0.627,0.157,0.026,0.025,1,"CD302"
"ZSWIM1",0.627,0.349,0.033,0.032,1,"ZSWIM1"
"VWC2",0.629,-0.462,0.02,0.021,1,"VWC2"
"CUL9",0.63,0.108,0.147,0.145,1,"CUL9"
"FAM81B",0.63,0.33,0.015,0.014,1,"FAM81B"
"ENSG00000280388",0.631,0.111,0.015,0.016,1,"ENSG00000280388"
"SIK1",0.631,0.259,0.085,0.088,1,"SIK1"
"LIMK2",0.632,0.129,0.143,0.14,1,"LIMK2"
"TLCD3B",0.632,0.274,0.118,0.122,1,"TLCD3B"
"ENSG00000279122",0.632,-0.299,0.009,0.01,1,"ENSG00000279122"
"RBP5",0.633,-0.155,0.01,0.01,1,"RBP5"
"KCNMB4",0.633,-0.104,0.46,0.449,1,"KCNMB4"
"PDZD9",0.634,0.106,0.021,0.02,1,"PDZD9"
"GPC3",0.635,-1.11,0.028,0.029,1,"GPC3"
"PLD6",0.636,-0.111,0.01,0.011,1,"PLD6"
"TM4SF20",0.638,0.361,0.01,0.009,1,"TM4SF20"
"BCL11B",0.642,0.18,0.526,0.538,1,"BCL11B"
"ZMYND10",0.642,-0.144,0.021,0.022,1,"ZMYND10"
"SH2D6",0.643,0.379,0.01,0.009,1,"SH2D6"
"SLC2A10",0.643,-0.157,0.08,0.082,1,"SLC2A10"
"ENSG00000291239",0.644,0.181,0.028,0.026,1,"ENSG00000291239"
"H2BC8",0.644,0.574,0.01,0.01,1,"H2BC8"
"RGS7BP",0.645,0.15,0.136,0.139,1,"RGS7BP"
"POLN",0.647,0.197,0.03,0.029,1,"POLN"
"RAB25",0.647,0.243,0.01,0.01,1,"RAB25"
"TMEM81",0.649,-0.208,0.042,0.043,1,"TMEM81"
"SEMA4G",0.649,0.133,0.09,0.091,1,"SEMA4G"
"MAGEL2",0.65,0.117,0.055,0.057,1,"MAGEL2"
"GDAP1L1",0.65,0.201,0.252,0.264,1,"GDAP1L1"
"BORA",0.652,0.101,0.108,0.107,1,"BORA"
"ZNF467",0.654,0.232,0.013,0.012,1,"ZNF467"
"ZNF554",0.654,0.16,0.07,0.068,1,"ZNF554"
"RAB40B",0.655,0.107,0.213,0.211,1,"RAB40B"
"SLC8A3",0.655,-0.504,0.012,0.011,1,"SLC8A3"
"ENSG00000280365",0.655,0.107,0.049,0.047,1,"ENSG00000280365"
"FAM86B1",0.658,-0.383,0.014,0.015,1,"FAM86B1"
"G0S2",0.66,0.241,0.065,0.066,1,"G0S2"
"TTC39A",0.66,0.112,0.026,0.025,1,"TTC39A"
"ITIH4",0.661,0.127,0.033,0.034,1,"ITIH4"
"IRAK2",0.661,-0.248,0.054,0.055,1,"IRAK2"
"VAV3",0.662,0.284,0.035,0.034,1,"VAV3"
"GPR153",0.662,0.176,0.153,0.153,1,"GPR153"
"PPP1R3G",0.663,-0.248,0.014,0.015,1,"PPP1R3G"
"RNF212B",0.664,-0.151,0.038,0.039,1,"RNF212B"
"TRIM39",0.665,0.107,0.045,0.044,1,"TRIM39"
"SLC39A5",0.665,-0.2,0.011,0.01,1,"SLC39A5"
"CASS4",0.667,0.137,0.011,0.01,1,"CASS4"
"BDNF",0.667,-0.856,0.02,0.021,1,"BDNF"
"TEKTIP1",0.667,0.218,0.021,0.02,1,"TEKTIP1"
"SLC26A6",0.669,-0.138,0.023,0.022,1,"SLC26A6"
"ZYG11A",0.671,-0.126,0.015,0.016,1,"ZYG11A"
"PODN",0.673,0.232,0.022,0.021,1,"PODN"
"NEIL1",0.673,0.111,0.116,0.114,1,"NEIL1"
"RAB37",0.675,-0.111,0.017,0.018,1,"RAB37"
"ANXA2",0.675,0.131,0.042,0.041,1,"ANXA2"
"PTK6",0.675,-0.112,0.02,0.021,1,"PTK6"
"SNCA",0.675,0.25,0.072,0.071,1,"SNCA"
"ENSG00000279865",0.676,-0.189,0.02,0.021,1,"ENSG00000279865"
"NEK2",0.677,0.181,0.077,0.075,1,"NEK2"
"MT1F",0.679,-0.199,0.151,0.152,1,"MT1F"
"H3C12",0.679,-0.12,0.048,0.049,1,"H3C12"
"SCART1",0.68,0.168,0.05,0.049,1,"SCART1"
"ENSG00000279900",0.681,0.345,0.012,0.011,1,"ENSG00000279900"
"TUBB1",0.682,0.352,0.012,0.011,1,"TUBB1"
"ATRIP",0.683,-0.121,0.097,0.094,1,"ATRIP"
"H2AC16",0.685,0.437,0.03,0.029,1,"H2AC16"
"SH3BP1",0.685,-0.139,0.03,0.032,1,"SH3BP1"
"CCDC180",0.685,-0.181,0.079,0.081,1,"CCDC180"
"CFAP58",0.688,-0.225,0.011,0.011,1,"CFAP58"
"CHST15",0.689,0.113,0.031,0.03,1,"CHST15"
"ADGRG3",0.691,0.169,0.022,0.021,1,"ADGRG3"
"CELA2B",0.692,0.103,0.023,0.024,1,"CELA2B"
"C1QTNF9",0.693,-0.13,0.01,0.011,1,"C1QTNF9"
"SEMA4C",0.696,0.188,0.125,0.123,1,"SEMA4C"
"GLIPR1L2",0.696,-0.226,0.034,0.033,1,"GLIPR1L2"
"IDO1",0.699,0.254,0.01,0.009,1,"IDO1"
"PRR5",0.7,-0.115,0.019,0.018,1,"PRR5"
"HLA-F",0.7,0.482,0.02,0.019,1,"HLA-F"
"FSCN3",0.701,0.182,0.026,0.025,1,"FSCN3"
"CNR1",0.701,0.111,0.158,0.155,1,"CNR1"
"CITED4",0.702,0.104,0.072,0.071,1,"CITED4"
"CHRNA3",0.703,0.155,0.013,0.012,1,"CHRNA3"
"OVOL2",0.703,-0.137,0.107,0.105,1,"OVOL2"
"ANKHD1-EIF4EBP3",0.703,0.111,0.132,0.13,1,"ANKHD1-EIF4EBP3"
"TMEM191C",0.704,-0.268,0.021,0.02,1,"TMEM191C"
"TPH1",0.704,-0.213,0.014,0.015,1,"TPH1"
"TMCO4",0.706,0.33,0.014,0.013,1,"TMCO4"
"AZU1",0.706,0.499,0.017,0.017,1,"AZU1"
"SGPP2",0.707,-0.146,0.031,0.03,1,"SGPP2"
"ENSG00000280069",0.707,0.11,0.078,0.076,1,"ENSG00000280069"
"INPP5J",0.708,-0.233,0.014,0.015,1,"INPP5J"
"TPI1",0.708,-0.19,0.751,0.758,1,"TPI1"
"CDH26",0.709,0.539,0.011,0.01,1,"CDH26"
"KIAA0930",0.709,0.116,0.219,0.216,1,"KIAA0930"
"GBP1",0.71,0.815,0.011,0.01,1,"GBP1"
"CENPU",0.71,0.184,0.187,0.185,1,"CENPU"
"FCHO1",0.711,0.11,0.092,0.094,1,"FCHO1"
"ACSM3",0.712,0.2,0.024,0.023,1,"ACSM3"
"SPSB1",0.713,-0.291,0.026,0.025,1,"SPSB1"
"MYB",0.714,0.126,0.054,0.053,1,"MYB"
"TPPP",0.714,0.114,0.059,0.058,1,"TPPP"
"SYTL3",0.714,-0.319,0.035,0.034,1,"SYTL3"
"CAPN3",0.715,0.209,0.03,0.029,1,"CAPN3"
"KIAA0319",0.715,-0.194,0.038,0.039,1,"KIAA0319"
"CNGB3",0.716,-0.164,0.018,0.019,1,"CNGB3"
"CHRD",0.717,-0.215,0.019,0.018,1,"CHRD"
"CLDN18",0.717,-0.463,0.018,0.019,1,"CLDN18"
"C2CD6",0.718,-0.37,0.016,0.017,1,"C2CD6"
"LTBP1",0.718,0.204,0.599,0.615,1,"LTBP1"
"ENSG00000283886",0.719,0.127,0.075,0.074,1,"ENSG00000283886"
"STXBP6",0.72,0.489,0.024,0.023,1,"STXBP6"
"TMEM213",0.723,0.185,0.051,0.049,1,"TMEM213"
"USP2",0.726,-0.145,0.053,0.052,1,"USP2"
"ENSG00000188897",0.726,-0.211,0.023,0.022,1,"ENSG00000188897"
"CNTN4",0.727,0.468,0.081,0.08,1,"CNTN4"
"C1orf94",0.727,0.43,0.013,0.014,1,"C1orf94"
"ZNF233",0.728,-0.262,0.057,0.055,1,"ZNF233"
"MFAP2",0.731,0.475,0.025,0.024,1,"MFAP2"
"MYO1F",0.731,-0.213,0.063,0.064,1,"MYO1F"
"MAP3K6",0.732,-0.139,0.024,0.025,1,"MAP3K6"
"PEX11A",0.734,-0.157,0.159,0.159,1,"PEX11A"
"C2CD2",0.734,-0.158,0.044,0.045,1,"C2CD2"
"IRAG1",0.734,0.253,0.012,0.011,1,"IRAG1"
"CYP27A1",0.739,0.107,0.052,0.051,1,"CYP27A1"
"THEMIS2",0.741,-0.138,0.009,0.01,1,"THEMIS2"
"CORO1A",0.742,0.17,0.088,0.087,1,"CORO1A"
"NRIP2",0.743,0.327,0.02,0.019,1,"NRIP2"
"CDH20",0.746,0.267,0.046,0.047,1,"CDH20"
"ZNF568",0.749,0.189,0.089,0.088,1,"ZNF568"
"SPEF1",0.75,0.112,0.01,0.011,1,"SPEF1"
"GPR160",0.751,-0.235,0.023,0.022,1,"GPR160"
"CBX7",0.751,-0.209,0.053,0.054,1,"CBX7"
"MX1",0.751,0.801,0.011,0.012,1,"MX1"
"LDB3",0.752,-0.212,0.027,0.027,1,"LDB3"
"LMOD3",0.753,-0.293,0.016,0.015,1,"LMOD3"
"ADCY10",0.753,0.399,0.031,0.032,1,"ADCY10"
"NCAM1",0.753,0.145,0.89,0.906,1,"NCAM1"
"SSH3",0.753,0.259,0.016,0.016,1,"SSH3"
"PCDH12",0.753,0.496,0.018,0.017,1,"PCDH12"
"OLFML2B",0.754,-0.271,0.014,0.015,1,"OLFML2B"
"ZNF503",0.755,-0.924,0.014,0.014,1,"ZNF503"
"TCTN2",0.756,-0.149,0.12,0.121,1,"TCTN2"
"NEK8",0.757,-0.262,0.039,0.039,1,"NEK8"
"FRZB",0.757,0.988,0.032,0.033,1,"FRZB"
"GRID2IP",0.758,-0.124,0.029,0.03,1,"GRID2IP"
"ATF5",0.758,-0.151,0.148,0.146,1,"ATF5"
"ENSG00000279361",0.758,0.15,0.012,0.013,1,"ENSG00000279361"
"DNAJC15",0.759,0.313,0.087,0.086,1,"DNAJC15"
"KBTBD7",0.76,0.151,0.241,0.246,1,"KBTBD7"
"PPM1M",0.761,0.126,0.024,0.024,1,"PPM1M"
"CREB3L1",0.761,0.305,0.014,0.013,1,"CREB3L1"
"EHHADH",0.761,0.168,0.025,0.024,1,"EHHADH"
"ENO3",0.762,-0.189,0.014,0.015,1,"ENO3"
"ENSG00000279364",0.764,0.265,0.014,0.013,1,"ENSG00000279364"
"GSTO2",0.765,0.241,0.046,0.045,1,"GSTO2"
"EHBP1L1",0.77,0.176,0.039,0.04,1,"EHBP1L1"
"VXN",0.77,-0.133,0.06,0.059,1,"VXN"
"DLX2",0.771,0.178,0.623,0.652,1,"DLX2"
"H2BC6",0.771,-0.893,0.043,0.042,1,"H2BC6"
"BTBD16",0.771,0.161,0.01,0.01,1,"BTBD16"
"C3orf20",0.772,0.145,0.058,0.057,1,"C3orf20"
"CACNG1",0.773,0.327,0.015,0.014,1,"CACNG1"
"EGFL7",0.774,-0.103,0.019,0.019,1,"EGFL7"
"ENSG00000280432",0.775,0.259,0.028,0.027,1,"ENSG00000280432"
"DNAH12",0.776,0.113,0.018,0.019,1,"DNAH12"
"LRRC9",0.776,-0.104,0.14,0.141,1,"LRRC9"
"RIMS3",0.776,0.207,0.087,0.086,1,"RIMS3"
"COL4A3",0.777,0.142,0.037,0.036,1,"COL4A3"
"HMMR",0.78,0.166,0.114,0.114,1,"HMMR"
"SHFL",0.78,0.109,0.14,0.139,1,"SHFL"
"ZBBX",0.782,0.254,0.043,0.042,1,"ZBBX"
"ST6GAL2",0.782,0.648,0.286,0.3,1,"ST6GAL2"
"GPD1L",0.783,-0.115,0.081,0.079,1,"GPD1L"
"ENSG00000288591",0.783,0.231,0.015,0.015,1,"ENSG00000288591"
"ACKR3",0.784,-0.313,0.064,0.064,1,"ACKR3"
"GPR171",0.785,0.647,0.017,0.016,1,"GPR171"
"LAMA2",0.786,-0.136,0.015,0.014,1,"LAMA2"
"TMED6",0.786,-0.294,0.024,0.025,1,"TMED6"
"CCDC192",0.786,-0.119,0.024,0.023,1,"CCDC192"
"CACNA1G",0.786,0.109,0.025,0.024,1,"CACNA1G"
"NRXN3",0.786,0.239,0.663,0.709,1,"NRXN3"
"PFKFB1",0.789,0.256,0.021,0.02,1,"PFKFB1"
"CCNB1",0.789,0.264,0.162,0.161,1,"CCNB1"
"ENPEP",0.79,-0.228,0.015,0.014,1,"ENPEP"
"PANO1",0.793,0.163,0.027,0.028,1,"PANO1"
"HSPA1B",0.794,-0.2,0.189,0.189,1,"HSPA1B"
"NPAS1",0.795,-0.294,0.127,0.127,1,"NPAS1"
"ZNF500",0.796,0.103,0.142,0.141,1,"ZNF500"
"SGK2",0.797,-0.167,0.026,0.027,1,"SGK2"
"CAPN6",0.798,0.356,0.012,0.012,1,"CAPN6"
"NUDT10",0.799,0.199,0.094,0.094,1,"NUDT10"
"DHRS12",0.799,0.134,0.103,0.105,1,"DHRS12"
"ANO7",0.799,-0.226,0.011,0.012,1,"ANO7"
"ZNF878",0.799,-0.219,0.016,0.016,1,"ZNF878"
"MMP21",0.802,-0.113,0.02,0.02,1,"MMP21"
"DNAJB7",0.802,0.145,0.012,0.012,1,"DNAJB7"
"TLL2",0.803,-0.105,0.019,0.02,1,"TLL2"
"TSPOAP1",0.804,0.107,0.135,0.134,1,"TSPOAP1"
"FAM43A",0.807,-0.181,0.017,0.017,1,"FAM43A"
"GCNT1",0.807,-0.113,0.065,0.064,1,"GCNT1"
"CD68",0.808,-0.286,0.011,0.011,1,"CD68"
"C3orf18",0.808,0.225,0.042,0.041,1,"C3orf18"
"ENSG00000278972",0.81,-0.148,0.012,0.012,1,"ENSG00000278972"
"MANSC4",0.811,0.246,0.018,0.018,1,"MANSC4"
"SLC25A43",0.813,-0.188,0.112,0.11,1,"SLC25A43"
"SLC12A6",0.813,0.113,0.366,0.367,1,"SLC12A6"
"GOLGA8N",0.813,0.131,0.018,0.017,1,"GOLGA8N"
"P4HA2",0.814,-0.148,0.107,0.105,1,"P4HA2"
"CGN",0.815,0.162,0.015,0.016,1,"CGN"
"ENSG00000268465",0.817,-0.336,0.012,0.012,1,"ENSG00000268465"
"GBA3",0.819,0.252,0.01,0.009,1,"GBA3"
"KALRN",0.82,-0.296,0.846,0.802,1,"KALRN"
"ZFP69",0.82,0.196,0.088,0.087,1,"ZFP69"
"ZFTA",0.82,0.104,0.24,0.24,1,"ZFTA"
"SPINK13",0.821,0.143,0.012,0.013,1,"SPINK13"
"GBX1",0.824,0.115,0.01,0.01,1,"GBX1"
"USP50",0.825,-0.105,0.041,0.042,1,"USP50"
"RAB3B",0.83,0.281,0.026,0.026,1,"RAB3B"
"IRF5",0.832,-0.308,0.01,0.01,1,"IRF5"
"MYOM2",0.832,-0.239,0.014,0.014,1,"MYOM2"
"MT-TE",0.833,0.512,0.016,0.016,1,"MT-TE"
"KRTCAP3",0.834,-0.167,0.018,0.018,1,"KRTCAP3"
"CMTM7",0.834,-0.107,0.023,0.022,1,"CMTM7"
"SGCZ",0.834,-0.661,0.01,0.01,1,"SGCZ"
"ZNF514",0.835,-0.15,0.089,0.089,1,"ZNF514"
"ARMCX5-GPRASP2",0.837,0.182,0.025,0.024,1,"ARMCX5-GPRASP2"
"UBE2T",0.837,0.168,0.295,0.296,1,"UBE2T"
"H2BC18",0.837,-0.736,0.051,0.051,1,"H2BC18"
"CRYBG1",0.838,-0.107,0.033,0.032,1,"CRYBG1"
"MPIG6B",0.839,0.125,0.026,0.026,1,"MPIG6B"
"ADAMTSL1",0.84,-0.359,0.058,0.057,1,"ADAMTSL1"
"TMEM121B",0.84,0.107,0.089,0.088,1,"TMEM121B"
"FERMT3",0.84,0.122,0.02,0.019,1,"FERMT3"
"IGDCC3",0.842,0.121,0.315,0.317,1,"IGDCC3"
"PAQR4",0.842,0.111,0.145,0.147,1,"PAQR4"
"KCNB1",0.842,0.184,0.107,0.107,1,"KCNB1"
"SERF1B",0.843,0.218,0.016,0.016,1,"SERF1B"
"RIC3",0.843,0.286,0.194,0.195,1,"RIC3"
"ZGLP1",0.843,0.109,0.02,0.019,1,"ZGLP1"
"HIGD1C",0.845,0.136,0.025,0.025,1,"HIGD1C"
"JDP2",0.846,0.272,0.124,0.124,1,"JDP2"
"ENSG00000280422",0.847,0.158,0.016,0.016,1,"ENSG00000280422"
"GARIN2",0.848,-0.183,0.039,0.039,1,"GARIN2"
"ASPN",0.85,-0.174,0.064,0.065,1,"ASPN"
"MYBL2",0.851,0.175,0.122,0.122,1,"MYBL2"
"PNPLA1",0.853,-0.354,0.012,0.012,1,"PNPLA1"
"SLC9A3R1",0.853,-0.112,0.285,0.281,1,"SLC9A3R1"
"CCDC184",0.854,-0.115,0.111,0.112,1,"CCDC184"
"ACRV1",0.854,-0.395,0.015,0.015,1,"ACRV1"
"CLCN1",0.855,0.101,0.012,0.012,1,"CLCN1"
"CTU1",0.855,0.102,0.094,0.094,1,"CTU1"
"CARD14",0.855,0.443,0.015,0.015,1,"CARD14"
"POLM",0.855,-0.101,0.09,0.09,1,"POLM"
"FAM20A",0.856,0.139,0.015,0.015,1,"FAM20A"
"GRK7",0.857,0.175,0.016,0.016,1,"GRK7"
"EPHA7",0.861,0.154,0.134,0.137,1,"EPHA7"
"KCTD21",0.861,-0.134,0.064,0.065,1,"KCTD21"
"PARP12",0.861,0.221,0.013,0.014,1,"PARP12"
"ZNF449",0.862,0.101,0.136,0.138,1,"ZNF449"
"GOLGA8R",0.863,-0.11,0.012,0.012,1,"GOLGA8R"
"LAT2",0.865,-0.14,0.057,0.057,1,"LAT2"
"ZC2HC1B",0.866,0.24,0.014,0.015,1,"ZC2HC1B"
"RPS6KL1",0.868,0.193,0.097,0.097,1,"RPS6KL1"
"HYPK",0.869,0.145,0.023,0.023,1,"HYPK"
"C9orf50",0.87,-0.298,0.018,0.017,1,"C9orf50"
"CCDC39",0.871,-0.126,0.034,0.035,1,"CCDC39"
"ADAM21",0.871,-0.522,0.025,0.024,1,"ADAM21"
"EFNA2",0.873,0.136,0.195,0.195,1,"EFNA2"
"FAM78B",0.874,-0.278,0.02,0.021,1,"FAM78B"
"CCDC83",0.874,0.428,0.01,0.01,1,"CCDC83"
"NSG2",0.875,0.273,0.378,0.401,1,"NSG2"
"PCDHA1",0.876,0.617,0.011,0.012,1,"PCDHA1"
"EEF1AKMT3",0.877,0.124,0.038,0.039,1,"EEF1AKMT3"
"AMT",0.877,0.121,0.013,0.013,1,"AMT"
"H2AC21",0.879,0.14,0.026,0.025,1,"H2AC21"
"FCRLB",0.88,0.237,0.01,0.01,1,"FCRLB"
"RPRM",0.88,0.26,0.011,0.011,1,"RPRM"
"ACSL1",0.882,0.12,0.11,0.109,1,"ACSL1"
"DDO",0.887,-0.149,0.014,0.014,1,"DDO"
"NR1H3",0.887,-0.139,0.077,0.077,1,"NR1H3"
"CPNE9",0.887,-0.473,0.018,0.018,1,"CPNE9"
"EMILIN1",0.888,-0.118,0.016,0.017,1,"EMILIN1"
"KLHL26",0.888,0.121,0.094,0.094,1,"KLHL26"
"CSMD1",0.888,0.217,0.117,0.117,1,"CSMD1"
"NYNRIN",0.888,0.221,0.12,0.122,1,"NYNRIN"
"TMC4",0.888,-0.161,0.035,0.036,1,"TMC4"
"CPEB1",0.889,0.118,0.077,0.076,1,"CPEB1"
"EME1",0.89,-0.136,0.055,0.056,1,"EME1"
"TRNP1",0.891,-0.277,0.018,0.018,1,"TRNP1"
"GRIN2A",0.896,0.366,0.056,0.056,1,"GRIN2A"
"SLC45A1",0.898,0.111,0.064,0.064,1,"SLC45A1"
"RNF122",0.899,0.159,0.125,0.127,1,"RNF122"
"ST3GAL6",0.9,-0.302,0.082,0.083,1,"ST3GAL6"
"STBD1",0.901,-0.126,0.048,0.048,1,"STBD1"
"ZNF157",0.902,0.151,0.055,0.055,1,"ZNF157"
"GUCY1B1",0.905,-0.132,0.076,0.076,1,"GUCY1B1"
"ZNF215",0.907,-0.379,0.014,0.014,1,"ZNF215"
"RARB",0.907,-0.625,0.036,0.036,1,"RARB"
"TRIM14",0.907,-0.102,0.044,0.044,1,"TRIM14"
"SCNN1D",0.908,-0.197,0.017,0.016,1,"SCNN1D"
"CNTD1",0.911,0.101,0.042,0.041,1,"CNTD1"
"ARHGAP11B",0.911,-0.165,0.038,0.037,1,"ARHGAP11B"
"SNX31",0.911,-0.212,0.034,0.033,1,"SNX31"
"PRR18",0.911,-0.111,0.046,0.046,1,"PRR18"
"MT-TA",0.913,-0.183,0.012,0.012,1,"MT-TA"
"ANKEF1",0.914,0.268,0.019,0.019,1,"ANKEF1"
"ENSG00000267179",0.915,-0.109,0.034,0.034,1,"ENSG00000267179"
"AMIGO2",0.916,0.133,0.024,0.024,1,"AMIGO2"
"SHPK",0.918,-0.122,0.032,0.033,1,"SHPK"
"NFATC2",0.918,0.477,0.029,0.029,1,"NFATC2"
"EPX",0.918,0.166,0.015,0.015,1,"EPX"
"ITPR1",0.921,-0.542,0.064,0.064,1,"ITPR1"
"HCG22",0.922,0.317,0.017,0.017,1,"HCG22"
"HPX",0.924,0.218,0.014,0.014,1,"HPX"
"MAP3K8",0.924,-0.225,0.099,0.099,1,"MAP3K8"
"LRP2",0.924,-0.254,0.025,0.025,1,"LRP2"
"RNF125",0.926,0.238,0.012,0.012,1,"RNF125"
"GRIN3B",0.926,0.142,0.01,0.01,1,"GRIN3B"
"CTTNBP2",0.927,0.121,0.108,0.109,1,"CTTNBP2"
"IQCC",0.929,-0.14,0.031,0.03,1,"IQCC"
"EPB41L4A",0.929,0.163,0.111,0.111,1,"EPB41L4A"
"ENTPD1",0.929,-0.108,0.14,0.139,1,"ENTPD1"
"FBXW10",0.933,0.296,0.009,0.01,1,"FBXW10"
"ALCAM",0.933,0.352,0.172,0.173,1,"ALCAM"
"COL28A1",0.935,-0.112,0.033,0.033,1,"COL28A1"
"GADD45B",0.935,-0.382,0.095,0.094,1,"GADD45B"
"CENPS-CORT",0.939,-0.185,0.028,0.028,1,"CENPS-CORT"
"TCP10L",0.94,-0.11,0.217,0.216,1,"TCP10L"
"VIL1",0.94,0.121,0.032,0.031,1,"VIL1"
"KLRD1",0.941,0.239,0.02,0.02,1,"KLRD1"
"BRINP2",0.941,0.195,0.19,0.191,1,"BRINP2"
"STK31",0.942,0.371,0.017,0.017,1,"STK31"
"CDCA7L",0.943,0.155,0.317,0.322,1,"CDCA7L"
"SPINK9",0.943,-0.262,0.017,0.017,1,"SPINK9"
"NAV3",0.944,0.36,0.841,0.874,1,"NAV3"
"FAIM2",0.946,0.174,0.088,0.089,1,"FAIM2"
"CPNE5",0.946,-0.127,0.083,0.083,1,"CPNE5"
"SEC16B",0.948,-0.159,0.025,0.025,1,"SEC16B"
"COL17A1",0.948,0.164,0.01,0.01,1,"COL17A1"
"ENSG00000279416",0.95,0.209,0.019,0.019,1,"ENSG00000279416"
"BEX2",0.952,0.186,0.298,0.306,1,"BEX2"
"CEACAM19",0.954,-0.173,0.033,0.033,1,"CEACAM19"
"KHK",0.96,0.103,0.107,0.108,1,"KHK"
"NECAB1",0.961,-0.187,0.058,0.058,1,"NECAB1"
"HOMEZ",0.961,0.178,0.112,0.113,1,"HOMEZ"
"POPDC2",0.962,-0.23,0.014,0.014,1,"POPDC2"
"CELF6",0.964,0.112,0.028,0.028,1,"CELF6"
"DOK4",0.964,0.205,0.039,0.039,1,"DOK4"
"ENSG00000256825",0.965,0.148,0.012,0.012,1,"ENSG00000256825"
"RAB40A",0.968,-0.163,0.035,0.035,1,"RAB40A"
"FBLL1",0.97,0.11,0.053,0.053,1,"FBLL1"
"GRIK1",0.971,-0.123,0.135,0.135,1,"GRIK1"
"HIC2",0.972,0.11,0.17,0.17,1,"HIC2"
"IQGAP3",0.973,0.11,0.075,0.076,1,"IQGAP3"
"TTYH1",0.974,-0.251,0.511,0.491,1,"TTYH1"
"ENSG00000279227",0.975,-0.141,0.011,0.011,1,"ENSG00000279227"
"GABRG3",0.978,-0.562,0.026,0.026,1,"GABRG3"
"ST8SIA1",0.979,-0.142,0.304,0.301,1,"ST8SIA1"
"EFCAB9",0.979,0.109,0.014,0.014,1,"EFCAB9"
"FZD4",0.98,0.271,0.038,0.038,1,"FZD4"
"KCNH1",0.983,-0.187,0.022,0.022,1,"KCNH1"
"HPR",0.986,0.225,0.011,0.011,1,"HPR"
"NHSL2",0.988,0.171,0.024,0.024,1,"NHSL2"
"ST6GALNAC6",0.991,-0.167,0.017,0.017,1,"ST6GALNAC6"
"FANCD2",0.991,0.127,0.143,0.144,1,"FANCD2"
"PLA2G4C",0.992,0.135,0.04,0.04,1,"PLA2G4C"
"CTSS",0.993,0.244,0.018,0.018,1,"CTSS"
"MED26",0.994,-0.142,0.078,0.078,1,"MED26"
"POLR2J2",0.994,-0.104,0.017,0.017,1,"POLR2J2"
"SULT1A3",0.995,-0.191,0.027,0.027,1,"SULT1A3"
"CLSPN",0.995,0.113,0.156,0.157,1,"CLSPN"
"YBX2",0.995,-0.274,0.015,0.015,1,"YBX2"
"CADM1",0.997,0.124,0.941,0.948,1,"CADM1"
"ARHGAP10",0.997,-0.132,0.046,0.046,1,"ARHGAP10"
"SCN2B",0.998,-0.102,0.016,0.016,1,"SCN2B"
"INSIG2",0.998,-0.101,0.336,0.331,1,"INSIG2"
"CCNE2",1,0.113,0.228,0.232,1,"CCNE2"
"PDE6B",1,-0.113,0.092,0.091,1,"PDE6B"
