"","p_val","avg_log2FC","pct.1","pct.2","p_val_adj","gene"
"p23031-mCherry",0,5.263,0.661,0.039,0,"p23031-mCherry"
"STMN2",0,-3.313,0.103,0.518,0,"STMN2"
"NSG2",0,-3.796,0.055,0.371,0,"NSG2"
"CDKN1A",0,1.964,0.445,0.143,0,"CDKN1A"
"MYT1L",0,-3.826,0.051,0.345,0,"MYT1L"
"PTCHD4",0,1.516,0.705,0.435,0,"PTCHD4"
"PPFIA2",0,-2.811,0.215,0.483,0,"PPFIA2"
"CELF4",0,-4.649,0.068,0.336,0,"CELF4"
"ZMAT3",0,1.371,0.776,0.51,0,"ZMAT3"
"S100B",0,1.392,0.731,0.467,0,"S100B"
"COL4A5",0,0.959,0.893,0.633,0,"COL4A5"
"DSCAM",0,-2.684,0.213,0.472,0,"DSCAM"
"RTN1",0,-3.136,0.424,0.68,0,"RTN1"
"GNG5",0,0.863,0.971,0.718,0,"GNG5"
"SPARC",0,0.957,0.841,0.594,0,"SPARC"
"CLIC1",0,0.967,0.734,0.491,0,"CLIC1"
"CCSER1",0,-0.866,0.2,0.442,0,"CCSER1"
"GLIS3",0,0.625,0.835,0.598,0,"GLIS3"
"ZFP36L1",0,0.502,0.883,0.646,0,"ZFP36L1"
"CD99",0,0.787,0.911,0.674,0,"CD99"
"PON2",0,0.696,0.907,0.673,0,"PON2"
"INA",0,-2.637,0.124,0.358,0,"INA"
"SLC1A3",0,1.059,0.935,0.702,0,"SLC1A3"
"MT2A",0,1.057,0.652,0.419,0,"MT2A"
"RIMS1",0,-2.996,0.202,0.435,0,"RIMS1"
"METRN",0,0.718,0.889,0.657,0,"METRN"
"ARHGAP42",0,1.057,0.715,0.484,0,"ARHGAP42"
"NQO1",0,1.413,0.572,0.341,0,"NQO1"
"RUNDC3B",0,-3.788,0.06,0.289,0,"RUNDC3B"
"KCNB2",0,-2.46,0.097,0.325,0,"KCNB2"
"PLPP3",0,0.683,0.874,0.646,0,"PLPP3"
"ANXA5",0,0.817,0.863,0.635,0,"ANXA5"
"BCAN",0,0.696,0.885,0.659,0,"BCAN"
"NYAP2",0,-4.097,0.05,0.275,0,"NYAP2"
"PAK5",0,-1.691,0.207,0.431,0,"PAK5"
"CMBL",0,1.127,0.652,0.429,0,"CMBL"
"MYO10",0,0.759,0.923,0.701,0,"MYO10"
"PIR",0,0.843,0.798,0.576,0,"PIR"
"HECW1",0,-1.928,0.07,0.292,0,"HECW1"
"PDLIM5",0,0.962,0.694,0.473,0,"PDLIM5"
"NES",0,0.983,0.764,0.544,0,"NES"
"TANC1",0,1.154,0.497,0.277,0,"TANC1"
"CREB5",0,0.854,0.831,0.614,0,"CREB5"
"BTG2",0,0.751,0.839,0.623,0,"BTG2"
"SOX6",0,0.402,0.896,0.68,0,"SOX6"
"TTR",0,3.13,0.262,0.047,0,"TTR"
"SYT16",0,-3.644,0.048,0.262,0,"SYT16"
"TNC",0,0.807,0.75,0.536,0,"TNC"
"SLC38A1",0,-1.576,0.357,0.571,0,"SLC38A1"
"SEZ6L2",0,-2.544,0.094,0.307,0,"SEZ6L2"
"CELF5",0,-1.923,0.144,0.357,0,"CELF5"
"SOX9",0,0.584,0.884,0.671,0,"SOX9"
"LRIG1",0,0.967,0.871,0.659,0,"LRIG1"
"HSPB1",0,0.875,0.809,0.598,0,"HSPB1"
"LRFN5",0,-4.024,0.119,0.33,0,"LRFN5"
"CNTN1",0,-2.906,0.097,0.308,0,"CNTN1"
"BAX",0,1.193,0.821,0.61,0,"BAX"
"SH3GL3",0,-3.364,0.044,0.254,0,"SH3GL3"
"SPINT2",0,-2.622,0.088,0.298,0,"SPINT2"
"NSG1",0,-2.325,0.199,0.409,0,"NSG1"
"ATP8A2",0,-2.942,0.085,0.295,0,"ATP8A2"
"PLS3",0,1.553,0.604,0.394,0,"PLS3"
"B2M",0,0.914,0.919,0.71,0,"B2M"
"STK3",0,0.56,0.812,0.604,0,"STK3"
"FAM89A",0,1.473,0.541,0.333,0,"FAM89A"
"PLTP",0,0.658,0.714,0.506,0,"PLTP"
"CACNA1E",0,-2.47,0.121,0.327,0,"CACNA1E"
"CLU",0,0.811,0.89,0.685,0,"CLU"
"YAP1",0,0.619,0.759,0.554,0,"YAP1"
"FRMD5",0,-1.196,0.438,0.642,0,"FRMD5"
"RHOC",0,1.099,0.558,0.355,0,"RHOC"
"CNTNAP2",0,-2.561,0.218,0.421,0,"CNTNAP2"
"PGM2L1",0,-1.875,0.248,0.45,0,"PGM2L1"
"GRIA4",0,-2.447,0.18,0.382,0,"GRIA4"
"CD24",0,-1.366,0.43,0.631,0,"CD24"
"SLC27A4",0,1.208,0.695,0.495,0,"SLC27A4"
"TYMS",0,0.793,0.425,0.226,0,"TYMS"
"FDXR",0,1.85,0.308,0.11,0,"FDXR"
"STEAP1B",0,1.092,0.708,0.51,0,"STEAP1B"
"GLIPR2",0,1.101,0.537,0.34,0,"GLIPR2"
"CACNA1B",0,-2.036,0.122,0.319,0,"CACNA1B"
"RAB31",0,0.842,0.752,0.555,0,"RAB31"
"TMEM98",0,0.644,0.87,0.674,0,"TMEM98"
"FAM107A",0,0.93,0.564,0.369,0,"FAM107A"
"PMP2",0,0.71,0.822,0.627,0,"PMP2"
"REEP1",0,-1.25,0.346,0.54,0,"REEP1"
"PLCE1",0,0.825,0.75,0.556,0,"PLCE1"
"ATP1A3",0,-1.73,0.201,0.394,0,"ATP1A3"
"PLPPR1",0,-1.259,0.164,0.355,0,"PLPPR1"
"NPC2",0,0.904,0.874,0.683,0,"NPC2"
"MLC1",0,0.763,0.663,0.473,0,"MLC1"
"RALYL",0,-6.29,0.048,0.236,0,"RALYL"
"RAB3C",0,-1.924,0.394,0.582,0,"RAB3C"
"MDK",0,0.819,0.851,0.663,0,"MDK"
"SRRM4",0,-1.246,0.15,0.337,0,"SRRM4"
"SLC8A1",0,-2.034,0.262,0.449,0,"SLC8A1"
"NFIA",0,0.694,0.998,0.811,0,"NFIA"
"DOCK1",0,0.638,0.794,0.608,0,"DOCK1"
"KHDRBS2",0,-1.84,0.265,0.451,0,"KHDRBS2"
"MRC2",0,0.81,0.604,0.418,0,"MRC2"
"JPH4",0,-1.628,0.148,0.333,0,"JPH4"
"ELAVL2",0,-1.133,0.305,0.49,0,"ELAVL2"
"KCNMA1",0,-2.197,0.116,0.3,0,"KCNMA1"
"LRRC7",0,-1.286,0.438,0.621,0,"LRRC7"
"CDK2AP1",0,0.564,0.912,0.73,0,"CDK2AP1"
"OOEP",0,1.096,0.566,0.384,0,"OOEP"
"CDKN2D",0,-1.914,0.246,0.427,0,"CDKN2D"
"SOX2",0,0.507,0.934,0.755,0,"SOX2"
"CD200",0,-1.371,0.266,0.445,0,"CD200"
"FBXL7",0,0.654,0.895,0.717,0,"FBXL7"
"UNC79",0,-1.508,0.367,0.545,0,"UNC79"
"CNTNAP5",0,-4.199,0.021,0.199,0,"CNTNAP5"
"SCN2A",0,-2.916,0.153,0.331,0,"SCN2A"
"TMEFF2",0,-4.422,0.03,0.208,0,"TMEFF2"
"TAC1",0,-8.777,0.005,0.183,0,"TAC1"
"KCNIP4",0,-4.102,0.159,0.336,0,"KCNIP4"
"RBFOX1",0,-2.663,0.342,0.519,0,"RBFOX1"
"FAT1",0,0.744,0.716,0.539,0,"FAT1"
"MTMR7",0,-1.937,0.122,0.298,0,"MTMR7"
"CHGB",0,-2.121,0.124,0.299,0,"CHGB"
"HSDL2",0,0.742,0.783,0.609,0,"HSDL2"
"FGF14",0,-2.558,0.35,0.524,0,"FGF14"
"CACNA1A",0,-2.105,0.095,0.269,0,"CACNA1A"
"SHTN1",0,-1.604,0.238,0.411,0,"SHTN1"
"ESR1",0,0.45,0.827,0.654,0,"ESR1"
"PLCL1",0,-2.369,0.158,0.33,0,"PLCL1"
"SCN3B",0,-2.3,0.149,0.321,0,"SCN3B"
"PARD3B",0,0.77,0.969,0.797,0,"PARD3B"
"TLE1",0,0.873,0.732,0.56,0,"TLE1"
"DECR1",0,0.605,0.79,0.619,0,"DECR1"
"ARFGEF3",0,-3.338,0.047,0.218,0,"ARFGEF3"
"TTYH1",0,0.645,0.88,0.71,0,"TTYH1"
"XKR4",0,-2.054,0.275,0.445,0,"XKR4"
"EDA2R",0,1.813,0.255,0.085,0,"EDA2R"
"PRKAR2B",0,-1.621,0.372,0.541,0,"PRKAR2B"
"TTC9B",0,-2.718,0.039,0.208,0,"TTC9B"
"HLA-A",0,0.765,0.748,0.581,0,"HLA-A"
"ERC2",0,-1.913,0.413,0.58,0,"ERC2"
"TRPS1",0,0.547,0.915,0.749,0,"TRPS1"
"PEA15",0,0.727,0.849,0.683,0,"PEA15"
"UNC5D",0,-2.107,0.114,0.279,0,"UNC5D"
"MDM2",0,1.166,0.747,0.582,0,"MDM2"
"CST3",0,0.213,0.947,0.782,0,"CST3"
"CAMK2B",0,-2.587,0.066,0.23,0,"CAMK2B"
"NRG1",0,-1.818,0.097,0.261,0,"NRG1"
"HIVEP3",0,-1.977,0.135,0.299,0,"HIVEP3"
"SCN3A",0,-1.37,0.408,0.571,0,"SCN3A"
"MGST1",0,0.629,0.869,0.707,0,"MGST1"
"CALY",0,-4.239,0.025,0.184,0,"CALY"
"CNTN5",0,-5.5,0.042,0.201,0,"CNTN5"
"KSR2",0,-3.92,0.026,0.185,0,"KSR2"
"FGFBP3",0,1.014,0.836,0.677,0,"FGFBP3"
"CCNG1",0,0.908,0.65,0.493,0,"CCNG1"
"DNM3",0,-1.417,0.479,0.635,0,"DNM3"
"SLC1A1",0,-2.967,0.041,0.196,0,"SLC1A1"
"ADAM9",0,0.778,0.735,0.581,0,"ADAM9"
"GALNTL6",0,-7.784,0.01,0.164,0,"GALNTL6"
"RPL17",0,0.911,0.825,0.672,0,"RPL17"
"GPX1",0,0.858,0.868,0.716,0,"GPX1"
"SDCBP",0,0.667,0.932,0.782,0,"SDCBP"
"BICDL1",0,-2.183,0.075,0.224,0,"BICDL1"
"TMEM256",0,0.696,0.753,0.604,0,"TMEM256"
"ID4",0,0.434,0.92,0.772,0,"ID4"
"CNN3",0,0.823,0.966,0.819,0,"CNN3"
"DSCAML1",0,-2.582,0.067,0.214,0,"DSCAML1"
"KIF21B",0,-2.001,0.075,0.221,0,"KIF21B"
"CACNA2D3",0,-4.054,0.025,0.171,0,"CACNA2D3"
"ADARB2",0,-7.069,0.017,0.161,0,"ADARB2"
"NALF1",0,-1.964,0.504,0.648,0,"NALF1"
"SELENOH",0,0.73,0.763,0.62,0,"SELENOH"
"SVOP",0,-3.36,0.02,0.163,0,"SVOP"
"SYT5",0,-3.242,0.031,0.174,0,"SYT5"
"PRDX6",0,0.692,0.83,0.688,0,"PRDX6"
"GLUL",0,0.814,0.787,0.645,0,"GLUL"
"NDUFAF8",0,0.842,0.82,0.679,0,"NDUFAF8"
"EEF1D",0,0.723,0.915,0.776,0,"EEF1D"
"FNDC3B",0,0.591,0.882,0.744,0,"FNDC3B"
"FABP7",0,1.105,0.957,0.821,0,"FABP7"
"POU2F2",0,-2.582,0.043,0.179,0,"POU2F2"
"GCSH",0,0.552,0.907,0.772,0,"GCSH"
"ABLIM3",0,-5.344,0.007,0.142,0,"ABLIM3"
"PALLD",0,0.739,0.889,0.755,0,"PALLD"
"ATP6V0E1",0,0.755,0.95,0.816,0,"ATP6V0E1"
"GAD2",0,-4.507,0.005,0.139,0,"GAD2"
"POLR2G",0,0.614,0.847,0.713,0,"POLR2G"
"CHD5",0,-4.258,0.012,0.145,0,"CHD5"
"CXADR",0,-1.743,0.566,0.697,0,"CXADR"
"IGFBP2",0,0.521,0.956,0.826,0,"IGFBP2"
"MTUS2",0,-4.36,0.027,0.156,0,"MTUS2"
"ANK3",0,-2.74,0.526,0.654,0,"ANK3"
"SYT13",0,-3.886,0.017,0.143,0,"SYT13"
"POLR2L",0,0.647,0.792,0.667,0,"POLR2L"
"RPS27L",0,1.574,0.988,0.863,0,"RPS27L"
"GNAI2",0,0.67,0.886,0.762,0,"GNAI2"
"RYR2",0,-3.292,0.031,0.154,0,"RYR2"
"PTPRZ1",0,0.709,0.987,0.864,0,"PTPRZ1"
"CTNNA1",0,0.624,0.899,0.777,0,"CTNNA1"
"BLOC1S1",0,0.593,0.855,0.733,0,"BLOC1S1"
"SESN3",0,0.473,0.944,0.823,0,"SESN3"
"TXNRD1",0,0.883,0.92,0.799,0,"TXNRD1"
"FXYD7",0,-3.22,0.018,0.138,0,"FXYD7"
"ITGB8",0,0.563,0.893,0.773,0,"ITGB8"
"POLR2J",0,0.574,0.879,0.759,0,"POLR2J"
"SMPD3",0,-2.556,0.034,0.154,0,"SMPD3"
"C19orf53",0,0.583,0.852,0.732,0,"C19orf53"
"LPP",0,0.673,0.871,0.752,0,"LPP"
"C1orf122",0,0.62,0.872,0.754,0,"C1orf122"
"DYNC1I1",0,-3.37,0.032,0.15,0,"DYNC1I1"
"CPNE3",0,0.56,0.867,0.749,0,"CPNE3"
"MAML2",0,0.552,0.932,0.815,0,"MAML2"
"MARCHF4",0,-3.822,0.012,0.129,0,"MARCHF4"
"PTPN5",0,-5.875,0.003,0.12,0,"PTPN5"
"SLC25A5",0,0.624,0.923,0.806,0,"SLC25A5"
"ASCC3",0,0.943,0.863,0.747,0,"ASCC3"
"NCKAP5",0,0.517,0.973,0.858,0,"NCKAP5"
"GABRB2",0,-3.388,0.026,0.14,0,"GABRB2"
"SPOCK3",0,-6.357,0.007,0.121,0,"SPOCK3"
"ANK1",0,-3.715,0.017,0.13,0,"ANK1"
"VGF",0,-3.154,0.028,0.141,0,"VGF"
"DCX",0,-1.067,0.682,0.794,0,"DCX"
"LAMTOR1",0,0.69,0.919,0.81,0,"LAMTOR1"
"RHOA",0,0.64,0.953,0.846,0,"RHOA"
"SRI",0,0.561,0.964,0.857,0,"SRI"
"TKT",0,0.904,0.921,0.816,0,"TKT"
"LAPTM4B",0,0.477,0.926,0.823,0,"LAPTM4B"
"CREG2",0,-4.47,0.008,0.111,0,"CREG2"
"MICOS10",0,0.601,0.923,0.821,0,"MICOS10"
"AKAP13",0,0.574,0.887,0.785,0,"AKAP13"
"GATA3",0,-6.374,0.008,0.109,0,"GATA3"
"LHX1",0,-4.716,0.007,0.108,0,"LHX1"
"VIM",0,1.125,0.992,0.891,0,"VIM"
"PLCXD3",0,-4.306,0.011,0.111,0,"PLCXD3"
"GABRG2",0,-5.21,0.005,0.105,0,"GABRG2"
"PHPT1",0,1.063,0.966,0.866,0,"PHPT1"
"UQCR11",0,0.665,0.924,0.826,0,"UQCR11"
"DBI",0,0.901,0.98,0.882,0,"DBI"
"PPDPF",0,0.597,0.906,0.808,0,"PPDPF"
"SF3B5",0,0.54,0.927,0.83,0,"SF3B5"
"MRPL51",0,0.52,0.907,0.811,0,"MRPL51"
"RPL36AL",0,0.583,0.942,0.846,0,"RPL36AL"
"SNRPD2",0,0.488,0.931,0.836,0,"SNRPD2"
"OST4",0,0.778,0.978,0.883,0,"OST4"
"GSTP1",0,0.872,0.992,0.897,0,"GSTP1"
"COPS9",0,0.595,0.921,0.827,0,"COPS9"
"NOP10",0,0.519,0.927,0.834,0,"NOP10"
"COX8A",0,0.681,0.94,0.847,0,"COX8A"
"CSTB",0,0.688,0.942,0.849,0,"CSTB"
"CA10",0,-5.693,0.005,0.096,0,"CA10"
"MPC1",0,0.638,0.873,0.782,0,"MPC1"
"TMEM258",0,0.537,0.943,0.852,0,"TMEM258"
"EIF3E",0,0.583,0.957,0.867,0,"EIF3E"
"SELENOK",0,0.528,0.937,0.85,0,"SELENOK"
"COX6B1",0,0.528,0.95,0.863,0,"COX6B1"
"PDIA6",0,0.524,0.936,0.85,0,"PDIA6"
"PFN2",0,0.589,0.92,0.834,0,"PFN2"
"NDUFS6",0,0.571,0.914,0.828,0,"NDUFS6"
"PRXL2A",0,0.697,0.928,0.842,0,"PRXL2A"
"SNX3",0,0.564,0.942,0.856,0,"SNX3"
"PFN1",0,0.565,0.968,0.885,0,"PFN1"
"ATP5MC2",0,0.528,0.985,0.904,0,"ATP5MC2"
"SLC25A6",0,0.585,0.934,0.854,0,"SLC25A6"
"UQCRQ",0,0.515,0.953,0.874,0,"UQCRQ"
"RPS26",0,0.644,0.971,0.892,0,"RPS26"
"PHLPP1",0,0.539,0.937,0.861,0,"PHLPP1"
"EIF3F",0,0.549,0.95,0.874,0,"EIF3F"
"NDUFB2",0,0.529,0.949,0.876,0,"NDUFB2"
"SERF2",0,0.806,0.993,0.92,0,"SERF2"
"SYT11",0,0.622,0.926,0.854,0,"SYT11"
"LAMTOR5",0,0.549,0.963,0.892,0,"LAMTOR5"
"UBL5",0,0.549,0.979,0.908,0,"UBL5"
"RPL31",0,0.672,0.965,0.895,0,"RPL31"
"RPL36A",0,0.631,0.966,0.896,0,"RPL36A"
"COX5B",0,0.468,0.964,0.895,0,"COX5B"
"GPM6B",0,0.722,0.986,0.918,0,"GPM6B"
"SF3B6",0,0.424,0.976,0.909,0,"SF3B6"
"RPL12",0,0.708,0.99,0.924,0,"RPL12"
"NDUFS5",0,0.452,0.973,0.908,0,"NDUFS5"
"PPIB",0,0.556,0.963,0.899,0,"PPIB"
"SOD1",0,0.498,0.97,0.906,0,"SOD1"
"PRDX1",0,0.761,0.995,0.932,0,"PRDX1"
"TMA7",0,0.601,0.984,0.921,0,"TMA7"
"SEC11A",0,0.536,0.95,0.887,0,"SEC11A"
"SEM1",0,0.449,0.962,0.901,0,"SEM1"
"UQCRB",0,0.588,0.982,0.921,0,"UQCRB"
"SLC25A3",0,0.493,0.972,0.911,0,"SLC25A3"
"MSI2",0,0.579,0.987,0.927,0,"MSI2"
"NDUFA13",0,0.534,0.977,0.917,0,"NDUFA13"
"COX4I1",0,0.518,0.98,0.921,0,"COX4I1"
"HSPE1",0,0.594,0.986,0.928,0,"HSPE1"
"SEPTIN2",0,0.604,0.983,0.925,0,"SEPTIN2"
"RPS20",0,0.755,0.993,0.936,0,"RPS20"
"SEC61B",0,0.485,0.983,0.926,0,"SEC61B"
"UBA52",0,0.625,0.99,0.933,0,"UBA52"
"ATP5PF",0,0.422,0.983,0.926,0,"ATP5PF"
"COX6C",0,0.487,0.985,0.929,0,"COX6C"
"RPS17",0,0.782,0.992,0.936,0,"RPS17"
"ATP5F1E",0,0.569,0.988,0.932,0,"ATP5F1E"
"NTRK2",0,0.684,0.893,0.838,0,"NTRK2"
"COMMD6",0,0.556,0.984,0.929,0,"COMMD6"
"RPL38",0,0.483,0.985,0.93,0,"RPL38"
"RPL36",0,0.74,0.994,0.94,0,"RPL36"
"PTN",0,0.894,0.985,0.931,0,"PTN"
"RPS21",0,0.493,0.977,0.924,0,"RPS21"
"ST13",0,0.429,0.971,0.919,0,"ST13"
"CANX",0,0.486,0.968,0.917,0,"CANX"
"TXN",0,0.519,0.983,0.932,0,"TXN"
"PFDN5",0,0.526,0.987,0.936,0,"PFDN5"
"COX7C",0,0.529,0.993,0.944,0,"COX7C"
"RPL35",0,0.669,0.993,0.944,0,"RPL35"
"UQCRH",0,0.416,0.982,0.933,0,"UQCRH"
"JUND",0,0.51,0.986,0.937,0,"JUND"
"RPL10A",0,0.638,0.99,0.942,0,"RPL10A"
"QKI",0,0.561,0.994,0.946,0,"QKI"
"RPL7",0,0.763,0.997,0.949,0,"RPL7"
"CD63",0,0.947,0.987,0.94,0,"CD63"
"ATP5MG",0,0.538,0.992,0.946,0,"ATP5MG"
"MYL6",0,0.736,0.995,0.949,0,"MYL6"
"GABARAP",0,0.657,0.996,0.95,0,"GABARAP"
"RPL23A",0,0.575,0.991,0.946,0,"RPL23A"
"RPS5",0,0.512,0.993,0.948,0,"RPS5"
"RPS9",0,0.623,0.993,0.95,0,"RPS9"
"TMBIM6",0,0.544,0.98,0.937,0,"TMBIM6"
"LDHB",0,0.488,0.993,0.951,0,"LDHB"
"RPL29",0,0.643,0.997,0.956,0,"RPL29"
"RPLP2",0,0.658,0.995,0.954,0,"RPLP2"
"RPL27A",0,0.724,0.996,0.955,0,"RPL27A"
"RPS25",0,0.6,0.995,0.954,0,"RPS25"
"RPL27",0,0.681,0.997,0.956,0,"RPL27"
"RPS16",0,0.655,0.996,0.956,0,"RPS16"
"HSPD1",0,0.439,0.981,0.942,0,"HSPD1"
"PPIA",0,0.458,0.996,0.957,0,"PPIA"
"CKB",0,0.421,0.997,0.958,0,"CKB"
"RPL19",0,0.588,0.997,0.958,0,"RPL19"
"RPL18A",0,0.532,0.995,0.956,0,"RPL18A"
"RPL28",0,0.731,0.996,0.957,0,"RPL28"
"RACK1",0,0.777,0.998,0.96,0,"RACK1"
"RPS6",0,0.837,0.998,0.961,0,"RPS6"
"EEF1G",0,0.545,0.992,0.955,0,"EEF1G"
"GAPDH",0,0.564,0.996,0.959,0,"GAPDH"
"RPL22",0,0.508,0.994,0.958,0,"RPL22"
"RPS27",0,0.721,0.997,0.961,0,"RPS27"
"RPS15A",0,0.73,0.998,0.962,0,"RPS15A"
"RPS7",0,0.666,0.998,0.963,0,"RPS7"
"RPL35A",0,0.588,0.996,0.961,0,"RPL35A"
"RPS10",0,0.677,0.998,0.963,0,"RPS10"
"RPS3",0,0.696,0.996,0.961,0,"RPS3"
"RPSA",0,0.462,0.995,0.961,0,"RPSA"
"RPLP0",0,0.675,0.997,0.963,0,"RPLP0"
"RPL26",0,0.59,0.996,0.962,0,"RPL26"
"RPS15",0,0.66,0.998,0.964,0,"RPS15"
"RPS11",0,0.605,0.996,0.962,0,"RPS11"
"RPL37",0,0.652,0.996,0.963,0,"RPL37"
"RFX3",0,0.66,0.979,0.946,0,"RFX3"
"RPL23",0,0.798,0.998,0.965,0,"RPL23"
"RPS28",0,0.748,0.998,0.965,0,"RPS28"
"RPL8",0,0.612,0.998,0.966,0,"RPL8"
"RPS13",0,0.526,0.998,0.966,0,"RPS13"
"RPL21",0,0.57,0.997,0.965,0,"RPL21"
"RPL13A",0,0.69,0.998,0.966,0,"RPL13A"
"RPL34",0,0.697,0.998,0.967,0,"RPL34"
"TBCA",0,0.392,0.989,0.958,0,"TBCA"
"HINT1",0,0.423,0.996,0.966,0,"HINT1"
"RPS12",0,0.732,0.997,0.967,0,"RPS12"
"HSPA8",0,0.446,0.981,0.951,0,"HSPA8"
"RPL6",0,0.624,0.998,0.968,0,"RPL6"
"RPL32",0,0.528,0.998,0.969,0,"RPL32"
"FAU",0,0.583,0.998,0.969,0,"FAU"
"RPL9",0,0.609,0.998,0.97,0,"RPL9"
"TPT1",0,0.716,0.999,0.971,0,"TPT1"
"RPL39",0,0.636,0.996,0.968,0,"RPL39"
"RPL37A",0,0.67,0.997,0.97,0,"RPL37A"
"NCAM1",0,-0.652,0.954,0.981,0,"NCAM1"
"NPAS3",0,0.563,0.966,0.939,0,"NPAS3"
"SRP14",0,0.358,0.998,0.971,0,"SRP14"
"RPS19",0,1.201,0.999,0.972,0,"RPS19"
"RPL18",0,0.578,0.998,0.971,0,"RPL18"
"RPL3",0,0.637,0.998,0.971,0,"RPL3"
"RPS23",0,0.623,0.998,0.972,0,"RPS23"
"RPS8",0,0.707,0.998,0.973,0,"RPS8"
"RPL24",0,0.598,0.998,0.973,0,"RPL24"
"RPS18",0,0.65,0.999,0.974,0,"RPS18"
"RPL30",0,0.607,0.999,0.974,0,"RPL30"
"RPL7A",0,0.65,0.999,0.974,0,"RPL7A"
"RPS27A",0,0.542,0.998,0.974,0,"RPS27A"
"CFL1",0,0.382,0.998,0.974,0,"CFL1"
"RPL13",0,0.658,0.999,0.975,0,"RPL13"
"RPS14",0,0.705,0.999,0.976,0,"RPS14"
"NACA",0,0.515,0.999,0.976,0,"NACA"
"FTL",0,1.179,0.999,0.976,0,"FTL"
"RPL41",0,0.771,0.999,0.977,0,"RPL41"
"RPS3A",0,0.585,0.998,0.977,0,"RPS3A"
"RPL11",0,0.549,0.998,0.978,0,"RPL11"
"RPS24",0,0.602,0.999,0.979,0,"RPS24"
"YWHAE",0,0.4,0.999,0.979,0,"YWHAE"
"RPL10",0,0.672,0.999,0.982,0,"RPL10"
"RPL5",0,0.614,0.999,0.983,0,"RPL5"
"RPS2",0,0.721,0.999,0.983,0,"RPS2"
"CALM1",0,0.579,0.998,0.983,0,"CALM1"
"RPLP1",0,0.783,0.999,0.984,0,"RPLP1"
"RPS4X",0,0.621,0.999,0.984,0,"RPS4X"
"RPL15",0,0.436,0.999,0.985,0,"RPL15"
"TMSB4X",0,1.163,1,0.989,0,"TMSB4X"
"MT-ND3",0,0.489,0.998,0.989,0,"MT-ND3"
"FTH1",0,0.888,1,0.993,0,"FTH1"
"ACTB",0,0.555,1,0.994,0,"ACTB"
"MT-CO2",0,0.463,0.999,0.993,0,"MT-CO2"
"MT-CYB",0,0.563,0.999,0.993,0,"MT-CYB"
"ACTG1",0,0.546,1,0.995,0,"ACTG1"
"MT-RNR1",0,0.534,0.999,0.994,0,"MT-RNR1"
"MT-ATP6",0,0.522,0.999,0.994,0,"MT-ATP6"
"MT-CO1",0,0.576,0.999,0.995,0,"MT-CO1"
"MT-CO3",0,0.509,1,0.996,0,"MT-CO3"
"EEF1A1",0,0.718,1,0.997,0,"EEF1A1"
"MT-RNR2",0,0.584,1,0.997,0,"MT-RNR2"
"GPRIN3",3.27e-307,-4.084,0.008,0.097,6.09e-303,"GPRIN3"
"ZBTB20",7.46e-307,0.37,0.994,0.938,1.39e-302,"ZBTB20"
"RPL14",3.04e-306,0.439,0.993,0.967,5.67e-302,"RPL14"
"L1CAM",4.4e-306,-3.561,0.011,0.103,8.19e-302,"L1CAM"
"GLI3",9.95e-306,0.894,0.634,0.435,1.85e-301,"GLI3"
"COX7B",1.4e-305,0.5,0.923,0.84,2.61e-301,"COX7B"
"RTRAF",1.72e-305,0.504,0.919,0.827,3.21e-301,"RTRAF"
"WDR83OS",1.55e-304,0.456,0.951,0.885,2.89e-300,"WDR83OS"
"ELAVL4",6.54e-304,-1.108,0.271,0.454,1.22e-299,"ELAVL4"
"TIGAR",8.23e-304,0.979,0.529,0.357,1.53e-299,"TIGAR"
"EPB41L1",2.12e-303,-1.82,0.182,0.346,3.94e-299,"EPB41L1"
"RBFOX3",5.56e-303,-1.585,0.052,0.182,1.03e-298,"RBFOX3"
"POMP",2.74e-302,0.453,0.969,0.911,5.1e-298,"POMP"
"CCDC85A",3.17e-302,-4.075,0.015,0.111,5.9e-298,"CCDC85A"
"PKIA",6.8e-302,-1.429,0.616,0.736,1.27e-297,"PKIA"
"HES1",7.59e-302,0.784,0.638,0.447,1.41e-297,"HES1"
"SSR4",4.9e-301,0.548,0.901,0.806,9.12e-297,"SSR4"
"SCP2",1.53e-300,0.488,0.897,0.802,2.86e-296,"SCP2"
"ELOB",1.77e-300,0.436,0.968,0.905,3.29e-296,"ELOB"
"ZFP36L2",1.19e-299,0.568,0.765,0.565,2.21e-295,"ZFP36L2"
"ECI2",1.88e-299,0.695,0.706,0.547,3.5e-295,"ECI2"
"GRIA2",6.61e-299,-1.229,0.47,0.626,1.23e-294,"GRIA2"
"EZR",8.01e-299,0.491,0.839,0.636,1.49e-294,"EZR"
"PLEKHG1",2.31e-298,0.809,0.657,0.487,4.29e-294,"PLEKHG1"
"NR2F1",2.32e-298,0.566,0.981,0.908,4.32e-294,"NR2F1"
"CIB1",3.34e-298,0.77,0.631,0.457,6.22e-294,"CIB1"
"ASIC2",3.49e-297,-5.062,0.015,0.109,6.5e-293,"ASIC2"
"IGSF21",5.46e-297,-3.945,0.02,0.119,1.02e-292,"IGSF21"
"GPM6A",1.94e-296,0.429,0.999,0.998,3.62e-292,"GPM6A"
"CALN1",3.29e-296,-2.807,0.056,0.182,6.12e-292,"CALN1"
"TSPO",1.79e-295,0.713,0.691,0.52,3.33e-291,"TSPO"
"BBC3",2.97e-295,1.1,0.411,0.237,5.53e-291,"BBC3"
"SIPA1L1",3.61e-295,0.656,0.76,0.601,6.72e-291,"SIPA1L1"
"MAST1",1.82e-294,-1.481,0.185,0.352,3.39e-290,"MAST1"
"ACTL6B",1.42e-293,-1.768,0.078,0.216,2.64e-289,"ACTL6B"
"SEPTIN11",1.46e-293,0.474,0.965,0.921,2.72e-289,"SEPTIN11"
"RAB3A",2.06e-293,-2.032,0.069,0.202,3.83e-289,"RAB3A"
"IQSEC3",2.09e-293,-3.82,0.007,0.093,3.89e-289,"IQSEC3"
"OLFM3",1.24e-292,-2.447,0.037,0.15,2.31e-288,"OLFM3"
"NDUFA4",3.12e-292,0.352,0.994,0.962,5.81e-288,"NDUFA4"
"RAB13",7.14e-292,1.017,0.484,0.309,1.33e-287,"RAB13"
"MT-ND4",1.78e-290,0.324,0.999,0.994,3.31e-286,"MT-ND4"
"DTNA",4.99e-290,0.501,0.937,0.845,9.3e-286,"DTNA"
"CELF3",1.02e-289,-1.912,0.052,0.176,1.9e-285,"CELF3"
"DYNLL1",6.76e-289,0.379,0.995,0.962,1.26e-284,"DYNLL1"
"NKAIN2",4.61e-287,-3.205,0.117,0.262,8.59e-283,"NKAIN2"
"SCD",6.47e-286,0.768,0.889,0.808,1.21e-281,"SCD"
"CACNG2",9.29e-286,-1.947,0.098,0.239,1.73e-281,"CACNG2"
"HADHA",2.06e-285,0.532,0.863,0.76,3.83e-281,"HADHA"
"BRI3",4.31e-284,0.44,0.97,0.925,8.03e-280,"BRI3"
"BLVRB",3.93e-283,0.778,0.598,0.423,7.32e-279,"BLVRB"
"RHOJ",4.06e-283,0.743,0.614,0.434,7.56e-279,"RHOJ"
"TEAD1",4.28e-283,0.447,0.926,0.807,7.97e-279,"TEAD1"
"SDK2",7.47e-283,0.873,0.566,0.403,1.39e-278,"SDK2"
"HSBP1",1.14e-282,0.389,0.981,0.932,2.11e-278,"HSBP1"
"ATP5F1A",1.56e-282,0.468,0.925,0.861,2.91e-278,"ATP5F1A"
"EDNRB",3.9e-282,0.571,0.768,0.59,7.27e-278,"EDNRB"
"PREX1",1.59e-281,0.72,0.65,0.485,2.95e-277,"PREX1"
"ANKFN1",2.12e-281,0.471,0.843,0.647,3.94e-277,"ANKFN1"
"KDELR1",2.42e-281,0.473,0.922,0.853,4.5e-277,"KDELR1"
"PDE3A",4.37e-281,0.588,0.753,0.573,8.13e-277,"PDE3A"
"BDH2",1.2e-280,0.656,0.676,0.5,2.23e-276,"BDH2"
"CALU",2.13e-280,0.556,0.851,0.735,3.97e-276,"CALU"
"SUB1",1.72e-279,0.448,0.989,0.951,3.21e-275,"SUB1"
"MT3",3.55e-279,1.17,0.599,0.436,6.61e-275,"MT3"
"MGST3",4.93e-279,0.472,0.979,0.949,9.17e-275,"MGST3"
"RFX4",1.04e-277,0.378,0.874,0.71,1.93e-273,"RFX4"
"RAPGEF5",3.79e-277,-3.452,0.015,0.106,7.05e-273,"RAPGEF5"
"GRM5",4.49e-276,-2.399,0.216,0.372,8.35e-272,"GRM5"
"BMPR1B",6.76e-276,0.672,0.682,0.498,1.26e-271,"BMPR1B"
"SQSTM1",8.01e-276,0.687,0.786,0.676,1.49e-271,"SQSTM1"
"ATP5MF",1.94e-275,0.508,0.891,0.795,3.62e-271,"ATP5MF"
"ROMO1",2.71e-275,0.623,0.756,0.629,5.05e-271,"ROMO1"
"SPOCK1",1.52e-274,-2.985,0.079,0.207,2.82e-270,"SPOCK1"
"CA12",1.91e-274,0.689,0.604,0.416,3.56e-270,"CA12"
"MSN",3.57e-273,0.706,0.613,0.44,6.64e-269,"MSN"
"PRDX2",6.91e-273,0.41,0.976,0.914,1.29e-268,"PRDX2"
"UNCX",8.44e-273,-4.056,0.003,0.078,1.57e-268,"UNCX"
"HNRNPA1",1.36e-271,0.524,0.995,0.967,2.52e-267,"HNRNPA1"
"GREM2",2.01e-271,-4.046,0.006,0.083,3.74e-267,"GREM2"
"PARK7",3.59e-271,0.384,0.979,0.927,6.69e-267,"PARK7"
"NEGR1",9.58e-271,-1.622,0.717,0.81,1.78e-266,"NEGR1"
"PTTG1IP",2.47e-270,0.544,0.841,0.72,4.6e-266,"PTTG1IP"
"STMN1",3.53e-270,-1.031,0.97,0.977,6.58e-266,"STMN1"
"GLRA2",9.25e-270,-3.374,0.031,0.133,1.72e-265,"GLRA2"
"CCND2",1.71e-269,0.655,0.788,0.647,3.18e-265,"CCND2"
"CHGA",3.65e-269,-3.246,0.012,0.097,6.79e-265,"CHGA"
"HSPA5",6.64e-269,0.632,0.888,0.802,1.24e-264,"HSPA5"
"CDK4",8.98e-269,0.52,0.827,0.685,1.67e-264,"CDK4"
"ADH5",1.92e-268,0.473,0.904,0.815,3.57e-264,"ADH5"
"EPHA10",6.83e-268,-4.16,0.007,0.086,1.27e-263,"EPHA10"
"HMGN3",1.73e-267,0.456,0.977,0.929,3.22e-263,"HMGN3"
"HIGD2A",2.29e-267,0.613,0.735,0.601,4.27e-263,"HIGD2A"
"VSNL1",9.46e-267,-3.974,0.021,0.115,1.76e-262,"VSNL1"
"PHLDA3",1.03e-266,1.047,0.443,0.28,1.92e-262,"PHLDA3"
"ATP1B2",9.32e-266,0.639,0.726,0.574,1.74e-261,"ATP1B2"
"TRIM22",1.77e-265,1.258,0.347,0.19,3.3e-261,"TRIM22"
"NMNAT2",2.8e-265,-1.402,0.247,0.403,5.2e-261,"NMNAT2"
"TCEAL9",4.92e-264,0.514,0.86,0.743,9.15e-260,"TCEAL9"
"HLA-C",5.14e-264,0.69,0.669,0.502,9.56e-260,"HLA-C"
"LAPTM4A",5.25e-264,0.45,0.932,0.846,9.77e-260,"LAPTM4A"
"GNG12",5.35e-264,0.941,0.481,0.313,9.96e-260,"GNG12"
"LIFR",6.46e-264,0.566,0.8,0.656,1.2e-259,"LIFR"
"GPC4",7.58e-264,0.733,0.632,0.464,1.41e-259,"GPC4"
"ZCCHC12",1.14e-263,-2.8,0.027,0.125,2.13e-259,"ZCCHC12"
"CPEB3",1.9e-263,-1.425,0.271,0.429,3.53e-259,"CPEB3"
"PSMA2",3.15e-263,0.493,0.896,0.814,5.86e-259,"PSMA2"
"CALR",1.21e-262,0.541,0.902,0.818,2.25e-258,"CALR"
"LAMTOR4",1.61e-262,0.542,0.835,0.729,2.99e-258,"LAMTOR4"
"RAP1GAP2",8.72e-262,-2.567,0.032,0.133,1.62e-257,"RAP1GAP2"
"TMEFF1",1.1e-261,-0.852,0.576,0.714,2.05e-257,"TMEFF1"
"ADGRG1",2.61e-261,0.605,0.791,0.673,4.86e-257,"ADGRG1"
"ETV6",4.36e-261,0.672,0.675,0.518,8.12e-257,"ETV6"
"EEF2",5.69e-261,0.424,0.983,0.943,1.06e-256,"EEF2"
"PRKCB",5.76e-261,-2.299,0.065,0.185,1.07e-256,"PRKCB"
"NFE2L2",1.19e-260,0.547,0.845,0.724,2.21e-256,"NFE2L2"
"RGS20",2e-260,1.02,0.477,0.316,3.72e-256,"RGS20"
"SPATA6",2.29e-260,0.499,0.804,0.632,4.25e-256,"SPATA6"
"SH3BGRL3",2.94e-260,0.603,0.766,0.642,5.48e-256,"SH3BGRL3"
"ITPR2",3.33e-260,0.751,0.682,0.517,6.2e-256,"ITPR2"
"FAM181B",4.02e-260,0.505,0.796,0.616,7.49e-256,"FAM181B"
"STK32B",2.79e-259,-3.511,0.017,0.105,5.19e-255,"STK32B"
"ATP5F1D",4.4e-259,0.486,0.885,0.799,8.18e-255,"ATP5F1D"
"SRRM3",8.5e-259,-1.59,0.127,0.271,1.58e-254,"SRRM3"
"YBX3",9.43e-259,0.916,0.513,0.353,1.75e-254,"YBX3"
"SYP",9.59e-259,-1.465,0.202,0.358,1.79e-254,"SYP"
"HMGCS1",1.08e-258,0.799,0.947,0.912,2e-254,"HMGCS1"
"TXNDC17",1.28e-258,0.578,0.792,0.689,2.39e-254,"TXNDC17"
"SNRPG",1.74e-258,0.445,0.938,0.864,3.23e-254,"SNRPG"
"SMIM30",1.53e-257,0.604,0.719,0.566,2.84e-253,"SMIM30"
"SYNPR",1.8e-257,-6.295,0.009,0.087,3.35e-253,"SYNPR"
"NDUFB3",3.24e-257,0.507,0.868,0.768,6.03e-253,"NDUFB3"
"SLCO5A1",7.21e-257,-0.498,0.107,0.253,1.34e-252,"SLCO5A1"
"SLC35F3",1.62e-256,-4.742,0.03,0.127,3.01e-252,"SLC35F3"
"ARPC3",2.81e-256,0.438,0.95,0.883,5.23e-252,"ARPC3"
"PDE1A",2.57e-255,0.439,0.839,0.716,4.78e-251,"PDE1A"
"DAD1",3.53e-255,0.458,0.931,0.861,6.57e-251,"DAD1"
"SH3BP5",4.61e-255,-1.442,0.291,0.441,8.58e-251,"SH3BP5"
"PLPPR4",4.67e-255,-1.764,0.077,0.203,8.7e-251,"PLPPR4"
"SYN3",1.71e-254,-3.234,0.164,0.302,3.18e-250,"SYN3"
"PTPRO",7.22e-254,-1.276,0.364,0.518,1.34e-249,"PTPRO"
"MLF2",1.5e-253,0.447,0.934,0.868,2.8e-249,"MLF2"
"DLGAP2",1.97e-253,-1.882,0.138,0.28,3.66e-249,"DLGAP2"
"GNB2",2.59e-253,0.517,0.853,0.76,4.82e-249,"GNB2"
"HSD17B10",4.25e-253,0.639,0.696,0.558,7.91e-249,"HSD17B10"
"GNG11",1.28e-252,1.142,0.359,0.202,2.39e-248,"GNG11"
"COL4A6",1.44e-252,1.204,0.589,0.434,2.69e-248,"COL4A6"
"CYSTM1",6.82e-252,0.625,0.769,0.654,1.27e-247,"CYSTM1"
"CDH12",1.07e-251,-5.025,0.031,0.127,1.99e-247,"CDH12"
"SLC24A2",1.41e-251,-1.611,0.061,0.18,2.62e-247,"SLC24A2"
"AK5",2.16e-251,-2.256,0.041,0.147,4.02e-247,"AK5"
"NREP",2.25e-251,-0.9,0.751,0.84,4.18e-247,"NREP"
"PTPRD",6.14e-251,-1.848,0.848,0.899,1.14e-246,"PTPRD"
"HNRNPA2B1",6.56e-251,0.295,0.999,0.99,1.22e-246,"HNRNPA2B1"
"ARHGAP44",1.91e-250,-2.063,0.089,0.217,3.56e-246,"ARHGAP44"
"FGFR2",1.94e-250,0.719,0.605,0.434,3.62e-246,"FGFR2"
"LAMA4",2.96e-250,0.702,0.619,0.45,5.5e-246,"LAMA4"
"RELN",7.63e-250,-2.961,0.032,0.129,1.42e-245,"RELN"
"ZNF521",1.73e-249,0.584,0.787,0.649,3.23e-245,"ZNF521"
"ANO4",1.03e-248,-1.98,0.084,0.209,1.92e-244,"ANO4"
"PRDX5",1.06e-248,0.454,0.94,0.861,1.97e-244,"PRDX5"
"ATP6V1F",1.24e-248,0.453,0.939,0.876,2.31e-244,"ATP6V1F"
"SGK1",1.65e-247,-2.875,0.034,0.132,3.07e-243,"SGK1"
"GABRA3",4.67e-247,-1.955,0.059,0.174,8.69e-243,"GABRA3"
"SCG5",8.28e-247,-2.395,0.091,0.216,1.54e-242,"SCG5"
"FEZ1",9.28e-247,0.438,0.956,0.912,1.73e-242,"FEZ1"
"ALDH9A1",1.69e-246,0.527,0.779,0.635,3.15e-242,"ALDH9A1"
"CLNS1A",2.09e-245,0.426,0.923,0.843,3.88e-241,"CLNS1A"
"CYP4X1",3.5e-245,-6.826,0.001,0.065,6.51e-241,"CYP4X1"
"NOTCH2",7.19e-245,0.609,0.654,0.478,1.34e-240,"NOTCH2"
"DDR1",7.91e-245,0.501,0.838,0.724,1.47e-240,"DDR1"
"CDH18",8.28e-245,-4.6,0.079,0.199,1.54e-240,"CDH18"
"TMEM130",1.02e-244,-2.609,0.027,0.121,1.9e-240,"TMEM130"
"ATP5MC3",1.58e-244,0.37,0.981,0.931,2.94e-240,"ATP5MC3"
"HMGCLL1",2.38e-244,-2.178,0.055,0.167,4.42e-240,"HMGCLL1"
"GPC6",2.61e-244,0.531,0.838,0.726,4.86e-240,"GPC6"
"SCN9A",4.83e-244,-3.06,0.04,0.141,8.99e-240,"SCN9A"
"LIX1",5.25e-244,0.614,0.664,0.483,9.77e-240,"LIX1"
"TM7SF2",6.11e-244,0.696,0.671,0.537,1.14e-239,"TM7SF2"
"TNFRSF10B",7.61e-244,1.019,0.424,0.267,1.42e-239,"TNFRSF10B"
"FAM210B",1.31e-243,0.782,0.572,0.425,2.43e-239,"FAM210B"
"YIF1A",4.02e-243,0.586,0.727,0.58,7.48e-239,"YIF1A"
"TCF4",6.67e-243,0.413,0.995,0.904,1.24e-238,"TCF4"
"GRIK2",8.14e-243,-1.619,0.402,0.554,1.52e-238,"GRIK2"
"HPCAL4",1.37e-242,-2.309,0.047,0.153,2.56e-238,"HPCAL4"
"SCAF11",1.48e-242,0.443,0.89,0.786,2.76e-238,"SCAF11"
"SYN2",5e-242,-1.942,0.128,0.264,9.3e-238,"SYN2"
"TMEM14C",5.88e-242,0.489,0.869,0.78,1.09e-237,"TMEM14C"
"TMED10",6.12e-242,0.481,0.891,0.821,1.14e-237,"TMED10"
"PTPRT",1.29e-241,-2.381,0.13,0.267,2.4e-237,"PTPRT"
"PSMB1",2.36e-241,0.394,0.958,0.901,4.39e-237,"PSMB1"
"ITM2B",3.98e-240,0.435,0.978,0.952,7.41e-236,"ITM2B"
"ATRAID",8.35e-240,0.471,0.835,0.701,1.55e-235,"ATRAID"
"BTF3",9.96e-240,0.38,0.99,0.949,1.85e-235,"BTF3"
"ZNRF3",1.52e-239,0.766,0.707,0.57,2.82e-235,"ZNRF3"
"GLO1",1.98e-239,0.464,0.892,0.796,3.69e-235,"GLO1"
"KLHL1",6.88e-239,-4.047,0.014,0.093,1.28e-234,"KLHL1"
"RFTN2",8.7e-239,0.491,0.749,0.571,1.62e-234,"RFTN2"
"STAT3",1.01e-238,0.577,0.775,0.669,1.87e-234,"STAT3"
"SLC32A1",1.59e-238,-6.061,0.001,0.063,2.96e-234,"SLC32A1"
"TIMP1",2.38e-238,0.912,0.46,0.301,4.43e-234,"TIMP1"
"PSMB5",2.94e-238,0.427,0.938,0.868,5.47e-234,"PSMB5"
"ATP5MK",5.38e-238,0.415,0.94,0.874,1e-233,"ATP5MK"
"NME4",7.11e-238,0.617,0.685,0.536,1.32e-233,"NME4"
"CD81",2.84e-237,0.426,0.945,0.874,5.29e-233,"CD81"
"PSAT1",2.89e-237,0.517,0.844,0.729,5.38e-233,"PSAT1"
"SRCIN1",3.55e-237,-1.543,0.122,0.258,6.6e-233,"SRCIN1"
"ATP5PD",4.3e-237,0.511,0.85,0.754,8.01e-233,"ATP5PD"
"RCAN2",9.65e-237,-2.287,0.044,0.147,1.8e-232,"RCAN2"
"ACTA2",1.24e-236,1.929,0.155,0.046,2.31e-232,"ACTA2"
"ADAMTS6",2.46e-236,0.658,0.677,0.503,4.58e-232,"ADAMTS6"
"TNRC6C",2.95e-236,-1.005,0.686,0.783,5.49e-232,"TNRC6C"
"MCF2L2",3.2e-236,-2.046,0.122,0.253,5.95e-232,"MCF2L2"
"PSME1",5.14e-236,0.731,0.577,0.428,9.56e-232,"PSME1"
"RUNX1T1",6.86e-236,-1.579,0.542,0.663,1.28e-231,"RUNX1T1"
"TLCD3B",8.76e-236,-1.689,0.069,0.186,1.63e-231,"TLCD3B"
"DISP2",1.2e-235,-2.017,0.057,0.167,2.24e-231,"DISP2"
"GADD45A",1.53e-235,0.882,0.413,0.256,2.85e-231,"GADD45A"
"IDI1",1.64e-235,0.666,0.91,0.863,3.05e-231,"IDI1"
"ARHGAP5",7.35e-235,0.443,0.922,0.849,1.37e-230,"ARHGAP5"
"RBIS",8.78e-235,0.502,0.832,0.725,1.63e-230,"RBIS"
"SLC8A3",1.06e-234,-2.896,0.024,0.111,1.96e-230,"SLC8A3"
"SH3PXD2B",1.08e-234,0.61,0.734,0.609,2.01e-230,"SH3PXD2B"
"GLRA3",1.67e-234,-6.091,0.002,0.065,3.1e-230,"GLRA3"
"PTPRN2",3.21e-234,-1.394,0.632,0.729,5.98e-230,"PTPRN2"
"TCF7L1",3.44e-234,0.443,0.764,0.569,6.41e-230,"TCF7L1"
"SNX6",1.19e-233,0.432,0.921,0.856,2.21e-229,"SNX6"
"TCF12",1.27e-233,0.421,0.989,0.955,2.36e-229,"TCF12"
"ATP5PB",1.12e-232,0.465,0.886,0.804,2.08e-228,"ATP5PB"
"GRIN2B",3.75e-232,-1.318,0.344,0.487,6.97e-228,"GRIN2B"
"CDH7",1.75e-231,-4.27,0.012,0.087,3.26e-227,"CDH7"
"UBE2L3",2.49e-231,0.459,0.878,0.797,4.63e-227,"UBE2L3"
"MT-ND2",3.32e-231,0.236,0.998,0.993,6.18e-227,"MT-ND2"
"NENF",6.76e-231,0.667,0.632,0.495,1.26e-226,"NENF"
"NEDD8",8.06e-231,0.416,0.931,0.865,1.5e-226,"NEDD8"
"STK33",8.11e-231,0.425,0.856,0.69,1.51e-226,"STK33"
"BRK1",2.89e-230,0.364,0.966,0.914,5.38e-226,"BRK1"
"PEG3",5.25e-230,-0.74,0.229,0.398,9.78e-226,"PEG3"
"ST8SIA4",6.71e-230,-1.865,0.087,0.208,1.25e-225,"ST8SIA4"
"PALM2AKAP2",1.4e-229,-2.095,0.13,0.26,2.61e-225,"PALM2AKAP2"
"ARHGEF6",1.53e-229,0.665,0.599,0.438,2.84e-225,"ARHGEF6"
"ABCA1",2.21e-229,0.547,0.669,0.497,4.12e-225,"ABCA1"
"UTRN",4.86e-229,0.445,0.774,0.61,9.04e-225,"UTRN"
"TRIAP1",6.74e-229,0.954,0.465,0.32,1.25e-224,"TRIAP1"
"IGF1",1.56e-228,-4.236,0.014,0.091,2.9e-224,"IGF1"
"VASH2",1.63e-228,-1.845,0.065,0.177,3.03e-224,"VASH2"
"COPE",2.62e-228,0.485,0.871,0.784,4.87e-224,"COPE"
"SYNGR3",4.66e-228,-2.881,0.019,0.1,8.68e-224,"SYNGR3"
"GABRB1",1.38e-227,-2.319,0.083,0.198,2.57e-223,"GABRB1"
"IFI27L2",2.07e-227,0.73,0.588,0.436,3.86e-223,"IFI27L2"
"MZT2B",6.28e-227,0.454,0.896,0.813,1.17e-222,"MZT2B"
"MARCKS",1.21e-226,0.29,0.997,0.989,2.26e-222,"MARCKS"
"PCLO",2.92e-226,-1.14,0.587,0.699,5.43e-222,"PCLO"
"HNRNPK",3.35e-226,0.308,0.993,0.958,6.23e-222,"HNRNPK"
"COL6A1",6.52e-226,0.673,0.65,0.51,1.21e-221,"COL6A1"
"KHDRBS3",9.51e-226,-1.278,0.261,0.41,1.77e-221,"KHDRBS3"
"AFF1",2.18e-225,0.846,0.549,0.402,4.07e-221,"AFF1"
"LAMTOR2",6.5e-225,0.535,0.79,0.68,1.21e-220,"LAMTOR2"
"SV2C",1.25e-224,-5.26,0.01,0.081,2.33e-220,"SV2C"
"RAB8B",1.84e-224,0.515,0.831,0.739,3.43e-220,"RAB8B"
"SPRY2",2.97e-224,0.621,0.678,0.534,5.53e-220,"SPRY2"
"SORBS2",3.62e-224,-0.967,0.702,0.796,6.73e-220,"SORBS2"
"EIF3K",3.08e-223,0.459,0.871,0.786,5.72e-219,"EIF3K"
"ELP4",5.66e-223,0.47,0.842,0.723,1.05e-218,"ELP4"
"WDR49",1.03e-222,0.789,0.504,0.343,1.92e-218,"WDR49"
"RAC1",2.97e-222,0.329,0.986,0.95,5.54e-218,"RAC1"
"MAP7D2",6.33e-222,-3.879,0.008,0.076,1.18e-217,"MAP7D2"
"UQCR10",7.86e-222,0.39,0.948,0.886,1.46e-217,"UQCR10"
"TSPAN3",9.12e-222,0.361,0.967,0.918,1.7e-217,"TSPAN3"
"ZNF385D",8.19e-221,-2.23,0.268,0.407,1.53e-216,"ZNF385D"
"LINGO2",1.09e-220,-3.736,0.222,0.352,2.04e-216,"LINGO2"
"TUBB2B",1.27e-220,0.45,0.997,0.994,2.36e-216,"TUBB2B"
"KCNC2",1.28e-220,-4.751,0.002,0.061,2.38e-216,"KCNC2"
"PTPRN",3.3e-220,-3.738,0.006,0.072,6.13e-216,"PTPRN"
"HPRT1",5.96e-220,-1.038,0.353,0.502,1.11e-215,"HPRT1"
"TRAPPC2L",6.12e-220,0.597,0.699,0.575,1.14e-215,"TRAPPC2L"
"NUAK1",6.33e-220,-2.176,0.036,0.129,1.18e-215,"NUAK1"
"BLOC1S2",7.09e-220,0.607,0.731,0.633,1.32e-215,"BLOC1S2"
"DACH2",1.82e-219,-2.668,0.024,0.108,3.38e-215,"DACH2"
"GTF3C6",2.27e-219,0.46,0.86,0.761,4.23e-215,"GTF3C6"
"SDHC",2.33e-219,0.49,0.832,0.735,4.35e-215,"SDHC"
"RPL4",2.95e-219,0.378,0.982,0.934,5.5e-215,"RPL4"
"SHROOM3",1.1e-218,0.738,0.626,0.468,2.05e-214,"SHROOM3"
"THSD7B",1.24e-218,-4.945,0.007,0.073,2.31e-214,"THSD7B"
"ANOS1",1.88e-218,0.744,0.624,0.469,3.5e-214,"ANOS1"
"RDX",6.46e-218,0.387,0.958,0.919,1.2e-213,"RDX"
"NEK6",1.6e-217,0.759,0.531,0.385,2.98e-213,"NEK6"
"UNC13C",1.8e-217,-4.29,0.056,0.157,3.35e-213,"UNC13C"
"GNG3",2.36e-217,-1.548,0.103,0.226,4.39e-213,"GNG3"
"PSAP",2.65e-217,0.488,0.906,0.86,4.94e-213,"PSAP"
"TOMM7",4.11e-217,0.372,0.959,0.897,7.65e-213,"TOMM7"
"ARHGEF26",5.49e-217,0.567,0.684,0.523,1.02e-212,"ARHGEF26"
"ABCD3",7.88e-217,0.508,0.822,0.716,1.47e-212,"ABCD3"
"SORCS3",8.06e-217,-2.352,0.105,0.226,1.5e-212,"SORCS3"
"ATCAY",8.09e-217,-1.15,0.255,0.398,1.51e-212,"ATCAY"
"SNRPD3",1.18e-216,0.458,0.867,0.784,2.2e-212,"SNRPD3"
"RAPGEF4",5.31e-216,-1.638,0.137,0.267,9.89e-212,"RAPGEF4"
"ID2",6.74e-216,0.608,0.703,0.559,1.25e-211,"ID2"
"NIPSNAP2",1.88e-215,0.495,0.831,0.733,3.5e-211,"NIPSNAP2"
"PDLIM3",2.67e-215,0.665,0.564,0.407,4.97e-211,"PDLIM3"
"GPR22",3.56e-215,-4.18,0.01,0.078,6.63e-211,"GPR22"
"PARP1",2.43e-214,0.443,0.88,0.787,4.52e-210,"PARP1"
"MRPL41",3.4e-214,0.52,0.781,0.678,6.34e-210,"MRPL41"
"CNTN6",2.62e-213,-2.53,0.06,0.164,4.88e-209,"CNTN6"
"CTNNA2",2.72e-213,-0.304,0.78,0.891,5.06e-209,"CTNNA2"
"ACSL4",3.02e-213,-1.028,0.517,0.64,5.62e-209,"ACSL4"
"FZD7",3.57e-213,0.871,0.458,0.31,6.65e-209,"FZD7"
"TMEM147",5.44e-213,0.507,0.81,0.709,1.01e-208,"TMEM147"
"RNF165",6.44e-213,-0.904,0.311,0.467,1.2e-208,"RNF165"
"PDLIM2",1.24e-212,0.89,0.422,0.277,2.31e-208,"PDLIM2"
"ESD",3.33e-212,0.445,0.869,0.772,6.19e-208,"ESD"
"PLIN3",4.13e-212,0.783,0.484,0.338,7.68e-208,"PLIN3"
"SAMD5",4.15e-212,-1.464,0.082,0.198,7.72e-208,"SAMD5"
"NPM1",5.89e-212,0.327,0.997,0.976,1.1e-207,"NPM1"
"HADHB",6.5e-212,0.507,0.77,0.64,1.21e-207,"HADHB"
"PSD2",1.17e-211,-2.665,0.019,0.097,2.19e-207,"PSD2"
"NALCN",1.3e-211,-1.935,0.079,0.19,2.41e-207,"NALCN"
"BBOX1",1.55e-211,0.64,0.592,0.432,2.89e-207,"BBOX1"
"PARD3",2.2e-211,0.409,0.928,0.866,4.1e-207,"PARD3"
"VGLL4",2.77e-211,0.405,0.911,0.826,5.15e-207,"VGLL4"
"MT-ATP8",1.11e-210,0.562,0.695,0.583,2.06e-206,"MT-ATP8"
"PDPN",2.42e-210,0.821,0.461,0.314,4.5e-206,"PDPN"
"COL11A1",4.62e-210,0.598,0.576,0.41,8.6e-206,"COL11A1"
"AKAP9",4.96e-210,-0.796,0.815,0.874,9.22e-206,"AKAP9"
"SMIM18",4.97e-210,-2.127,0.04,0.133,9.26e-206,"SMIM18"
"EDIL3",5.44e-210,-1.656,0.182,0.32,1.01e-205,"EDIL3"
"CSNK2B",6.69e-210,0.463,0.861,0.769,1.24e-205,"CSNK2B"
"TRAPPC1",9.3e-210,0.485,0.834,0.745,1.73e-205,"TRAPPC1"
"S100A16",2.73e-209,0.854,0.494,0.344,5.08e-205,"S100A16"
"ATOX1",4.35e-209,0.463,0.863,0.78,8.09e-205,"ATOX1"
"NDUFA1",4.67e-209,0.498,0.825,0.738,8.7e-205,"NDUFA1"
"XPC",7.17e-209,0.764,0.535,0.401,1.33e-204,"XPC"
"KRT10",8.33e-209,0.44,0.924,0.864,1.55e-204,"KRT10"
"SKP1",1.21e-208,0.281,0.998,0.978,2.26e-204,"SKP1"
"CDK5R1",1.35e-208,-1.1,0.307,0.45,2.51e-204,"CDK5R1"
"EPHA6",1.54e-208,-4.27,0.036,0.124,2.88e-204,"EPHA6"
"PTPN13",3.9e-208,0.451,0.796,0.648,7.25e-204,"PTPN13"
"MAGED2",4.47e-208,0.483,0.926,0.866,8.31e-204,"MAGED2"
"LAMP1",7.54e-208,0.481,0.813,0.703,1.4e-203,"LAMP1"
"ATP2B4",1e-207,0.45,0.884,0.786,1.86e-203,"ATP2B4"
"CNTNAP4",1e-207,-2.148,0.042,0.135,1.87e-203,"CNTNAP4"
"RTL8C",2.42e-207,0.494,0.803,0.705,4.5e-203,"RTL8C"
"KAT2B",2.79e-207,0.591,0.75,0.632,5.19e-203,"KAT2B"
"NRSN1",4.72e-207,-1.439,0.126,0.253,8.79e-203,"NRSN1"
"RNF152",5.66e-207,-1.462,0.131,0.258,1.05e-202,"RNF152"
"TJP1",1.47e-206,0.391,0.912,0.815,2.73e-202,"TJP1"
"PAX6",4.82e-206,0.698,0.431,0.282,8.97e-202,"PAX6"
"HCRTR2",7.13e-206,-6.112,0.001,0.055,1.33e-201,"HCRTR2"
"AASS",7.57e-206,0.548,0.662,0.514,1.41e-201,"AASS"
"MYO1D",8.07e-206,-1.41,0.207,0.344,1.5e-201,"MYO1D"
"SOX14",1.8e-205,-9.303,0,0.052,3.35e-201,"SOX14"
"FAS",4.37e-205,1.926,0.137,0.041,8.13e-201,"FAS"
"EEPD1",5.13e-205,0.536,0.693,0.532,9.55e-201,"EEPD1"
"PSMB3",5.33e-205,0.429,0.902,0.825,9.93e-201,"PSMB3"
"TTYH3",8.42e-205,0.623,0.666,0.542,1.57e-200,"TTYH3"
"CHST3",8.76e-204,0.84,0.468,0.329,1.63e-199,"CHST3"
"SYT14",1.64e-203,-1.029,0.46,0.587,3.04e-199,"SYT14"
"PHACTR3",2.71e-203,-1.227,0.161,0.293,5.04e-199,"PHACTR3"
"AP3B1",6.62e-203,0.474,0.78,0.65,1.23e-198,"AP3B1"
"STOML2",1.45e-202,0.481,0.798,0.7,2.71e-198,"STOML2"
"BBX",2.32e-202,0.373,0.924,0.825,4.33e-198,"BBX"
"GLI2",1.45e-201,0.609,0.585,0.429,2.71e-197,"GLI2"
"SELENOW",2.36e-201,0.392,0.963,0.91,4.4e-197,"SELENOW"
"H2AZ2",3.65e-201,0.399,0.889,0.797,6.79e-197,"H2AZ2"
"GABRB3",5.91e-201,-0.844,0.64,0.744,1.1e-196,"GABRB3"
"MKLN1",7.14e-201,0.399,0.932,0.877,1.33e-196,"MKLN1"
"RAB9A",2.34e-200,0.611,0.647,0.516,4.35e-196,"RAB9A"
"CCT3",5.64e-200,0.353,0.968,0.927,1.05e-195,"CCT3"
"SNAP91",7.37e-200,-0.993,0.547,0.659,1.37e-195,"SNAP91"
"LY6H",1.37e-199,-0.892,0.236,0.381,2.55e-195,"LY6H"
"IER5",5.96e-199,0.789,0.433,0.288,1.11e-194,"IER5"
"GAB1",8.77e-199,0.641,0.582,0.435,1.63e-194,"GAB1"
"CACHD1",1.73e-198,0.453,0.865,0.756,3.22e-194,"CACHD1"
"TALDO1",2.08e-197,0.502,0.835,0.75,3.86e-193,"TALDO1"
"SNAP25",2.52e-197,-1.143,0.389,0.522,4.68e-193,"SNAP25"
"HSP90B1",2.58e-197,0.48,0.941,0.9,4.81e-193,"HSP90B1"
"PLEKHA7",7.85e-197,0.676,0.605,0.476,1.46e-192,"PLEKHA7"
"TRPM3",2.15e-196,0.179,0.14,0.261,4e-192,"TRPM3"
"ANKRD55",3.17e-196,-4.722,0.003,0.058,5.9e-192,"ANKRD55"
"COA4",3.7e-196,0.517,0.734,0.62,6.88e-192,"COA4"
"MCC",4.63e-196,0.495,0.722,0.578,8.62e-192,"MCC"
"PTPRK",9.81e-196,0.371,0.827,0.686,1.83e-191,"PTPRK"
"PTPN14",9.99e-196,0.804,0.452,0.307,1.86e-191,"PTPN14"
"YES1",1.89e-195,0.49,0.74,0.616,3.52e-191,"YES1"
"TENM1",1.9e-195,-2.098,0.257,0.389,3.54e-191,"TENM1"
"TRPC5",2.27e-195,-3.224,0.04,0.127,4.22e-191,"TRPC5"
"WLS",2.31e-195,0.538,0.802,0.668,4.3e-191,"WLS"
"TIMM8B",2.46e-195,0.479,0.82,0.727,4.57e-191,"TIMM8B"
"TP53INP1",4.11e-195,0.934,0.399,0.262,7.64e-191,"TP53INP1"
"ANK2",5.8e-195,-0.88,0.939,0.953,1.08e-190,"ANK2"
"PSMB6",5.88e-195,0.453,0.832,0.736,1.1e-190,"PSMB6"
"F3",7.98e-195,0.818,0.435,0.29,1.49e-190,"F3"
"SNCB",1.15e-194,-2.156,0.019,0.092,2.15e-190,"SNCB"
"DNAJC6",2.27e-194,-1.301,0.219,0.352,4.22e-190,"DNAJC6"
"SEMA6A",4.35e-194,0.439,0.915,0.859,8.09e-190,"SEMA6A"
"SOX21",1.47e-193,0.539,0.655,0.512,2.73e-189,"SOX21"
"TMEM35A",3.64e-193,-1.226,0.272,0.406,6.77e-189,"TMEM35A"
"SHANK1",4.76e-193,-1.99,0.038,0.124,8.86e-189,"SHANK1"
"CTTNBP2",8.26e-193,-0.901,0.214,0.353,1.54e-188,"CTTNBP2"
"CNGB1",9.01e-193,-5.211,0.002,0.054,1.68e-188,"CNGB1"
"PTPRR",2.13e-192,-3.504,0.015,0.084,3.96e-188,"PTPRR"
"PLXNB2",2.49e-192,1.052,0.327,0.197,4.64e-188,"PLXNB2"
"BASP1",6.09e-192,-0.719,0.981,0.987,1.13e-187,"BASP1"
"TMEM123",1.01e-191,0.394,0.786,0.622,1.88e-187,"TMEM123"
"SPCS1",1.41e-191,0.373,0.948,0.903,2.62e-187,"SPCS1"
"MID1",2.81e-191,0.555,0.744,0.624,5.22e-187,"MID1"
"EMP3",2.85e-191,0.958,0.38,0.241,5.31e-187,"EMP3"
"ATP5PO",2.21e-190,0.398,0.907,0.834,4.11e-186,"ATP5PO"
"TP53I3",2.49e-190,1.065,0.333,0.202,4.64e-186,"TP53I3"
"ANP32E",3.05e-190,0.451,0.776,0.642,5.68e-186,"ANP32E"
"C1orf54",6.67e-190,0.747,0.488,0.344,1.24e-185,"C1orf54"
"RAN",8.69e-190,0.33,0.978,0.924,1.62e-185,"RAN"
"ZNF706",1.08e-189,0.4,0.923,0.867,2.02e-185,"ZNF706"
"RCN1",1.12e-189,0.453,0.825,0.721,2.08e-185,"RCN1"
"BZW1",1.87e-189,0.339,0.964,0.931,3.48e-185,"BZW1"
"ADGRB3",2.39e-189,0.382,0.985,0.978,4.45e-185,"ADGRB3"
"MRPS6",2.78e-189,0.52,0.857,0.779,5.18e-185,"MRPS6"
"NEURL1",2.92e-189,-1.905,0.044,0.134,5.44e-185,"NEURL1"
"CDON",7.47e-189,-0.839,0.079,0.189,1.39e-184,"CDON"
"SLITRK2",7.55e-189,0.791,0.536,0.405,1.41e-184,"SLITRK2"
"MRFAP1",9.41e-189,0.385,0.93,0.874,1.75e-184,"MRFAP1"
"UBB",1.3e-188,0.465,0.875,0.828,2.42e-184,"UBB"
"HES5",1.56e-188,0.602,0.597,0.443,2.91e-184,"HES5"
"NCALD",1.58e-188,0.455,0.685,0.554,2.94e-184,"NCALD"
"LAMP2",4.36e-188,0.504,0.769,0.67,8.12e-184,"LAMP2"
"STXBP1",8.41e-188,-0.896,0.364,0.499,1.57e-183,"STXBP1"
"ISCA2",8.73e-188,0.581,0.667,0.551,1.62e-183,"ISCA2"
"NDUFC2",2.12e-187,0.345,0.98,0.946,3.95e-183,"NDUFC2"
"ENSG00000280234",2.53e-187,-3.285,0.01,0.073,4.71e-183,"ENSG00000280234"
"SLC8A2",1.87e-186,-2.485,0.019,0.091,3.49e-182,"SLC8A2"
"CHMP2A",2.92e-186,0.502,0.766,0.671,5.43e-182,"CHMP2A"
"ANKRD36C",3.35e-186,-0.816,0.628,0.738,6.24e-182,"ANKRD36C"
"SSBP1",5.01e-186,0.37,0.934,0.875,9.33e-182,"SSBP1"
"KCNJ3",5.26e-186,-2.521,0.023,0.096,9.78e-182,"KCNJ3"
"KTN1",5.37e-186,0.364,0.944,0.914,9.99e-182,"KTN1"
"MAGT1",5.52e-186,0.605,0.589,0.447,1.03e-181,"MAGT1"
"NDUFA11",6.67e-186,0.36,0.932,0.851,1.24e-181,"NDUFA11"
"PHB2",7.97e-186,0.457,0.827,0.737,1.48e-181,"PHB2"
"MTSS1",1.31e-185,-0.519,0.692,0.804,2.43e-181,"MTSS1"
"SUGCT",1.77e-185,0.636,0.568,0.428,3.3e-181,"SUGCT"
"LTBP1",6.49e-185,0.754,0.523,0.378,1.21e-180,"LTBP1"
"SNTB1",8.99e-185,0.578,0.586,0.434,1.67e-180,"SNTB1"
"TIMM13",1.49e-184,0.482,0.759,0.651,2.77e-180,"TIMM13"
"PBXIP1",1.51e-184,0.752,0.445,0.308,2.8e-180,"PBXIP1"
"BANF1",3.53e-184,0.337,0.962,0.903,6.58e-180,"BANF1"
"RPS29",3.61e-184,0.295,0.992,0.949,6.72e-180,"RPS29"
"ZNHIT1",6.24e-184,0.466,0.798,0.707,1.16e-179,"ZNHIT1"
"SFRP2",8.82e-184,1.692,0.396,0.261,1.64e-179,"SFRP2"
"AKR7A2",1.19e-183,0.514,0.704,0.58,2.21e-179,"AKR7A2"
"CRB1",8.26e-183,0.527,0.698,0.554,1.54e-178,"CRB1"
"NDUFB7",8.33e-183,0.424,0.854,0.774,1.55e-178,"NDUFB7"
"NDUFA7",1.33e-182,0.715,0.526,0.398,2.48e-178,"NDUFA7"
"NOL4",1.93e-182,-0.882,0.443,0.575,3.58e-178,"NOL4"
"BMP7",2.96e-182,0.595,0.577,0.433,5.51e-178,"BMP7"
"EPB41",6.12e-182,-0.837,0.43,0.567,1.14e-177,"EPB41"
"IFITM3",1.15e-181,2.372,0.272,0.152,2.13e-177,"IFITM3"
"EML6",1.18e-181,-1.801,0.12,0.235,2.2e-177,"EML6"
"SPTBN4",2.33e-181,-1.611,0.093,0.2,4.34e-177,"SPTBN4"
"SCML4",7.64e-181,-4.32,0.004,0.057,1.42e-176,"SCML4"
"OLFM2",1.04e-180,-0.874,0.296,0.433,1.94e-176,"OLFM2"
"UBE2QL1",1.14e-180,-1.911,0.053,0.145,2.12e-176,"UBE2QL1"
"TRIM5",1.27e-180,0.812,0.421,0.287,2.36e-176,"TRIM5"
"SERPINE2",1.36e-180,0.483,0.77,0.661,2.53e-176,"SERPINE2"
"NKAIN4",1.36e-180,0.531,0.709,0.57,2.54e-176,"NKAIN4"
"CDK14",2.54e-180,0.394,0.935,0.884,4.73e-176,"CDK14"
"SPART",4.86e-180,0.419,0.833,0.726,9.05e-176,"SPART"
"TPP1",7.92e-180,0.72,0.477,0.343,1.47e-175,"TPP1"
"PPP2R2B",8.01e-180,0.476,0.925,0.917,1.49e-175,"PPP2R2B"
"TSPAN6",9.6e-180,0.563,0.636,0.506,1.79e-175,"TSPAN6"
"ANAPC11",1e-179,0.372,0.918,0.848,1.86e-175,"ANAPC11"
"HDLBP",1.28e-179,0.481,0.766,0.67,2.38e-175,"HDLBP"
"ISCU",1.28e-179,0.519,0.739,0.646,2.38e-175,"ISCU"
"DAZAP2",1.9e-179,0.542,0.679,0.565,3.54e-175,"DAZAP2"
"GRHPR",7.35e-179,0.509,0.73,0.627,1.37e-174,"GRHPR"
"RABAC1",7.8e-179,0.425,0.872,0.806,1.45e-174,"RABAC1"
"BEX3",8.68e-179,0.307,0.989,0.957,1.61e-174,"BEX3"
"LEPROT",1.3e-178,0.501,0.771,0.681,2.41e-174,"LEPROT"
"RIMS2",1.37e-178,-1.388,0.505,0.596,2.54e-174,"RIMS2"
"CMTM6",2.3e-178,0.529,0.674,0.553,4.28e-174,"CMTM6"
"FGF12",4.67e-178,-1.971,0.265,0.384,8.69e-174,"FGF12"
"VCAN",8.27e-178,0.573,0.558,0.412,1.54e-173,"VCAN"
"DCLK2",9.5e-178,0.455,0.937,0.912,1.77e-173,"DCLK2"
"ILDR2",1.06e-177,0.577,0.652,0.52,1.97e-173,"ILDR2"
"TUNAR",1.18e-177,-4.788,0.003,0.052,2.2e-173,"TUNAR"
"LINGO1",1.41e-177,-1.14,0.184,0.309,2.62e-173,"LINGO1"
"DMTN",1.54e-177,-2.09,0.032,0.11,2.86e-173,"DMTN"
"RRM2B",2.89e-177,0.862,0.422,0.294,5.38e-173,"RRM2B"
"RHEB",3.41e-177,0.357,0.952,0.899,6.35e-173,"RHEB"
"GOLIM4",3.63e-177,0.525,0.657,0.53,6.75e-173,"GOLIM4"
"FGFR1",5.16e-177,0.476,0.749,0.626,9.6e-173,"FGFR1"
"WASF2",9.28e-177,0.476,0.717,0.599,1.73e-172,"WASF2"
"SEZ6L",1.12e-176,0.641,0.786,0.712,2.08e-172,"SEZ6L"
"MSRB2",1.22e-176,0.527,0.694,0.575,2.28e-172,"MSRB2"
"CD59",2.06e-176,0.629,0.634,0.528,3.84e-172,"CD59"
"SNRPE",2.09e-176,0.321,0.988,0.951,3.89e-172,"SNRPE"
"HEATR5A",2.47e-176,0.567,0.638,0.51,4.59e-172,"HEATR5A"
"PGRMC1",2.99e-176,-0.75,0.813,0.869,5.57e-172,"PGRMC1"
"H3-3A",5.37e-176,0.286,0.999,0.987,1e-171,"H3-3A"
"ANKRD36",7.68e-176,-0.838,0.568,0.68,1.43e-171,"ANKRD36"
"SUCLG2",1.19e-175,0.613,0.558,0.416,2.21e-171,"SUCLG2"
"NDUFA6",1.73e-175,0.48,0.775,0.683,3.21e-171,"NDUFA6"
"RBX1",2.48e-175,0.308,0.973,0.923,4.62e-171,"RBX1"
"CAPZB",3.59e-175,0.387,0.883,0.811,6.68e-171,"CAPZB"
"HOPX",4.85e-175,1.615,0.257,0.141,9.02e-171,"HOPX"
"VEPH1",8.24e-175,0.525,0.647,0.503,1.53e-170,"VEPH1"
"TMEM74B",8.61e-175,-2.752,0.015,0.079,1.6e-170,"TMEM74B"
"NAP1L1",1.37e-174,0.425,0.98,0.956,2.55e-170,"NAP1L1"
"NDUFB11",1.67e-174,0.378,0.922,0.855,3.12e-170,"NDUFB11"
"TNFRSF1A",2.69e-174,0.84,0.402,0.27,5.01e-170,"TNFRSF1A"
"DOK6",4.03e-174,-1.237,0.481,0.597,7.5e-170,"DOK6"
"SEMA5B",4.71e-174,0.549,0.648,0.526,8.77e-170,"SEMA5B"
"ITPKB",5.36e-174,0.787,0.424,0.291,9.97e-170,"ITPKB"
"PDCD6",7.02e-174,0.385,0.892,0.818,1.31e-169,"PDCD6"
"XKR7",7.73e-174,-2.759,0.01,0.069,1.44e-169,"XKR7"
"TMEM131",9.14e-174,0.458,0.853,0.798,1.7e-169,"TMEM131"
"TMEM170A",1.1e-173,0.502,0.703,0.581,2.05e-169,"TMEM170A"
"PSMB4",1.32e-173,0.491,0.754,0.66,2.47e-169,"PSMB4"
"RALY",1.8e-173,0.441,0.831,0.738,3.35e-169,"RALY"
"ANAPC16",2.09e-173,0.43,0.853,0.789,3.89e-169,"ANAPC16"
"DPF1",2.31e-173,-1.24,0.156,0.277,4.3e-169,"DPF1"
"ICA1",2.43e-173,-1.832,0.063,0.156,4.53e-169,"ICA1"
"PRELID1",2.78e-173,0.408,0.859,0.779,5.17e-169,"PRELID1"
"SNRPC",8.94e-173,0.414,0.853,0.768,1.66e-168,"SNRPC"
"OPCML",2.19e-172,-2.073,0.323,0.444,4.07e-168,"OPCML"
"COX6A1",2.27e-172,0.326,0.97,0.927,4.22e-168,"COX6A1"
"NTPCR",2.85e-172,0.621,0.6,0.482,5.31e-168,"NTPCR"
"SPNS2",3.97e-172,-2.948,0.011,0.07,7.39e-168,"SPNS2"
"SOX4",4.03e-172,-0.663,0.977,0.985,7.51e-168,"SOX4"
"NOTCH1",5.11e-172,0.624,0.54,0.404,9.52e-168,"NOTCH1"
"CHRM2",5.39e-172,-3.285,0.055,0.142,1e-167,"CHRM2"
"TIMP3",7.42e-172,0.574,0.699,0.579,1.38e-167,"TIMP3"
"ETV1",8.27e-172,0.474,0.623,0.485,1.54e-167,"ETV1"
"SPCS2",1.13e-171,0.339,0.974,0.95,2.1e-167,"SPCS2"
"ST8SIA1",1.29e-171,0.516,0.793,0.708,2.4e-167,"ST8SIA1"
"OSBPL1A",1.7e-171,0.443,0.83,0.747,3.16e-167,"OSBPL1A"
"CEP170",2.1e-171,-0.549,0.842,0.894,3.9e-167,"CEP170"
"GPX4",3.15e-171,0.374,0.91,0.84,5.86e-167,"GPX4"
"PDZRN3",3.64e-171,0.596,0.633,0.497,6.77e-167,"PDZRN3"
"GUCY1A1",3.72e-171,-2.303,0.063,0.154,6.93e-167,"GUCY1A1"
"GABRG1",4.56e-171,-5.072,0.007,0.061,8.48e-167,"GABRG1"
"MEGF10",7.29e-171,0.598,0.574,0.429,1.36e-166,"MEGF10"
"CHST1",9.92e-171,-2.674,0.035,0.113,1.85e-166,"CHST1"
"VAMP2",1.15e-170,-0.871,0.865,0.899,2.14e-166,"VAMP2"
"MT-ND1",1.22e-170,0.161,0.997,0.989,2.27e-166,"MT-ND1"
"TPI1",3.13e-170,0.294,0.897,0.823,5.82e-166,"TPI1"
"TAF10",3.31e-170,0.562,0.662,0.554,6.17e-166,"TAF10"
"NAV3",5.11e-170,-0.909,0.705,0.784,9.5e-166,"NAV3"
"PEPD",5.12e-170,0.592,0.641,0.537,9.53e-166,"PEPD"
"BOC",5.52e-170,0.534,0.572,0.427,1.03e-165,"BOC"
"HIGD1A",7.08e-170,0.458,0.793,0.702,1.32e-165,"HIGD1A"
"CDK6",8.16e-170,0.748,0.475,0.334,1.52e-165,"CDK6"
"CIAO2B",1.61e-169,0.346,0.934,0.874,3e-165,"CIAO2B"
"MAPT",2.23e-169,-0.995,0.707,0.775,4.15e-165,"MAPT"
"AHNAK",2.7e-169,1.307,0.241,0.128,5.02e-165,"AHNAK"
"RIT1",2.72e-169,0.604,0.608,0.495,5.06e-165,"RIT1"
"CACNA1C",3.89e-169,-1.274,0.482,0.59,7.24e-165,"CACNA1C"
"GNPDA1",4.9e-169,0.511,0.725,0.618,9.13e-165,"GNPDA1"
"LSM7",5.95e-169,0.332,0.958,0.899,1.11e-164,"LSM7"
"NHSL1",6.89e-169,0.395,0.762,0.606,1.28e-164,"NHSL1"
"CDK5R2",7.91e-169,-2.696,0.015,0.077,1.47e-164,"CDK5R2"
"NDUFB5",1e-168,0.427,0.829,0.752,1.87e-164,"NDUFB5"
"CSRNP3",1.15e-168,-0.867,0.747,0.814,2.15e-164,"CSRNP3"
"BICD1",1.52e-168,0.472,0.952,0.924,2.83e-164,"BICD1"
"UXT",2.17e-168,0.564,0.621,0.508,4.04e-164,"UXT"
"IDH1",2.46e-168,0.426,0.892,0.843,4.59e-164,"IDH1"
"DDAH1",8.72e-168,0.466,0.812,0.72,1.62e-163,"DDAH1"
"FAM181A",1.52e-167,0.812,0.447,0.319,2.82e-163,"FAM181A"
"CALB2",1.63e-167,-4.855,0.004,0.053,3.03e-163,"CALB2"
"LRRC26",1.83e-167,-2.339,0.012,0.07,3.4e-163,"LRRC26"
"EI24",3.36e-167,0.434,0.83,0.763,6.25e-163,"EI24"
"CYB5A",4.02e-167,0.524,0.761,0.666,7.49e-163,"CYB5A"
"SYPL1",5.29e-167,0.509,0.622,0.493,9.84e-163,"SYPL1"
"SEPTIN7",7.81e-167,0.341,0.994,0.981,1.45e-162,"SEPTIN7"
"NDUFB4",9.38e-167,0.387,0.875,0.796,1.75e-162,"NDUFB4"
"FRRS1L",1.1e-166,-0.849,0.32,0.456,2.05e-162,"FRRS1L"
"PTGDS",1.65e-166,0.525,0.553,0.401,3.07e-162,"PTGDS"
"LDLRAD3",2.18e-166,0.457,0.841,0.727,4.06e-162,"LDLRAD3"
"SLIRP",5.72e-166,0.378,0.882,0.816,1.07e-161,"SLIRP"
"PRCP",1.2e-165,0.494,0.705,0.582,2.24e-161,"PRCP"
"ATP5MJ",4.29e-165,0.36,0.923,0.864,7.99e-161,"ATP5MJ"
"CACNA1D",4.45e-165,-1.637,0.123,0.23,8.28e-161,"CACNA1D"
"PREX2",4.51e-165,0.782,0.485,0.354,8.4e-161,"PREX2"
"TRIM9",7.46e-165,0.583,0.793,0.73,1.39e-160,"TRIM9"
"GRN",8.52e-165,0.724,0.446,0.319,1.59e-160,"GRN"
"CHCHD10",9.44e-165,0.971,0.361,0.238,1.76e-160,"CHCHD10"
"YBX1",1.17e-164,0.253,0.997,0.978,2.17e-160,"YBX1"
"SEC61G",1.48e-164,0.306,0.976,0.925,2.76e-160,"SEC61G"
"GNG2",1.63e-164,-0.823,0.637,0.726,3.03e-160,"GNG2"
"EIF3I",5.15e-164,0.452,0.78,0.691,9.58e-160,"EIF3I"
"NELL1",7.88e-164,-2.886,0.038,0.115,1.47e-159,"NELL1"
"TCEAL8",2.17e-163,0.456,0.773,0.678,4.04e-159,"TCEAL8"
"UBL3",2.67e-163,0.399,0.874,0.812,4.97e-159,"UBL3"
"SLCO3A1",5.95e-163,-1.115,0.208,0.332,1.11e-158,"SLCO3A1"
"ZFAND6",6.34e-163,0.356,0.906,0.825,1.18e-158,"ZFAND6"
"KIF3A",7.71e-163,-0.754,0.595,0.697,1.43e-158,"KIF3A"
"KRTCAP2",1.02e-162,0.397,0.876,0.807,1.9e-158,"KRTCAP2"
"ENPP2",2.26e-162,0.874,0.429,0.302,4.21e-158,"ENPP2"
"LYPD1",3.59e-162,0.637,0.593,0.454,6.69e-158,"LYPD1"
"GPR137B",4.35e-162,0.497,0.695,0.577,8.09e-158,"GPR137B"
"IMPDH2",7.98e-162,0.499,0.721,0.616,1.49e-157,"IMPDH2"
"DRAM1",1.16e-161,1.479,0.155,0.063,2.17e-157,"DRAM1"
"PCDH15",1.17e-161,-2.205,0.206,0.324,2.18e-157,"PCDH15"
"LMAN2",1.57e-161,0.45,0.756,0.662,2.93e-157,"LMAN2"
"LITAF",1.79e-161,0.622,0.531,0.398,3.34e-157,"LITAF"
"PNRC1",1.95e-161,0.495,0.704,0.594,3.63e-157,"PNRC1"
"GAP43",2.19e-161,-1.187,0.519,0.621,4.08e-157,"GAP43"
"PHACTR1",2.21e-161,-0.641,0.663,0.758,4.11e-157,"PHACTR1"
"ST6GAL1",4.75e-161,-1.693,0.046,0.128,8.84e-157,"ST6GAL1"
"PALS1",8.07e-161,0.476,0.707,0.59,1.5e-156,"PALS1"
"IFI44L",9.48e-161,0.861,0.384,0.258,1.77e-156,"IFI44L"
"AMER2",1.28e-160,-0.686,0.336,0.478,2.38e-156,"AMER2"
"CTNND2",1.74e-160,0.202,0.992,0.983,3.23e-156,"CTNND2"
"NOP53",1.96e-160,0.512,0.692,0.583,3.65e-156,"NOP53"
"SNCAIP",2.01e-160,0.265,0.947,0.848,3.74e-156,"SNCAIP"
"ARHGAP31",2.33e-160,0.785,0.425,0.298,4.34e-156,"ARHGAP31"
"EGF",3.66e-160,0.939,0.324,0.201,6.82e-156,"EGF"
"FDPS",3.97e-160,0.489,0.841,0.774,7.39e-156,"FDPS"
"SNX5",4.94e-160,0.515,0.631,0.51,9.2e-156,"SNX5"
"PPP1R16B",5.47e-160,-4.142,0.004,0.051,1.02e-155,"PPP1R16B"
"KCNN3",6.73e-160,0.53,0.668,0.541,1.25e-155,"KCNN3"
"EIF3G",1.1e-159,0.469,0.734,0.637,2.06e-155,"EIF3G"
"PTPMT1",1.28e-159,0.665,0.534,0.413,2.38e-155,"PTPMT1"
"RNF24",2.09e-159,-0.626,0.56,0.676,3.9e-155,"RNF24"
"PCBD1",2.73e-159,0.69,0.48,0.355,5.09e-155,"PCBD1"
"SLITRK4",2.91e-159,-2.175,0.035,0.109,5.41e-155,"SLITRK4"
"MARCHF11",3.7e-159,-4.036,0.004,0.05,6.89e-155,"MARCHF11"
"SMAD5",5.71e-159,0.427,0.791,0.693,1.06e-154,"SMAD5"
"CLTA",6.31e-159,0.29,0.977,0.946,1.17e-154,"CLTA"
"C4orf48",8.85e-159,0.383,0.903,0.837,1.65e-154,"C4orf48"
"APBA1",9.97e-159,-0.76,0.503,0.622,1.86e-154,"APBA1"
"ABTB2",1.44e-158,0.866,0.408,0.279,2.68e-154,"ABTB2"
"REST",1.44e-158,0.574,0.567,0.443,2.69e-154,"REST"
"TAGLN2",1.78e-158,0.932,0.453,0.326,3.31e-154,"TAGLN2"
"CDH20",2.19e-158,0.422,0.712,0.569,4.08e-154,"CDH20"
"CAP2",3.53e-158,0.519,0.746,0.637,6.57e-154,"CAP2"
"SBK1",3.7e-158,-1.019,0.293,0.417,6.89e-154,"SBK1"
"GOLGA8A",3.93e-158,-0.986,0.391,0.521,7.32e-154,"GOLGA8A"
"LRRC4C",4.02e-158,0.518,0.853,0.805,7.48e-154,"LRRC4C"
"PAG1",4.71e-158,0.445,0.764,0.656,8.77e-154,"PAG1"
"PRKD1",8.72e-158,0.4,0.737,0.585,1.62e-153,"PRKD1"
"SSR2",1.27e-157,0.407,0.852,0.78,2.36e-153,"SSR2"
"UQCC2",1.35e-157,0.449,0.776,0.684,2.52e-153,"UQCC2"
"ETFA",1.43e-157,0.426,0.779,0.675,2.66e-153,"ETFA"
"NDUFA2",1.46e-157,0.451,0.755,0.661,2.72e-153,"NDUFA2"
"PITPNC1",2.12e-157,0.515,0.844,0.768,3.94e-153,"PITPNC1"
"CHKA",2.25e-157,0.459,0.758,0.666,4.19e-153,"CHKA"
"SIL1",3.51e-157,0.507,0.716,0.622,6.53e-153,"SIL1"
"HSPA4L",3.72e-157,0.654,0.545,0.431,6.92e-153,"HSPA4L"
"S100A13",4.6e-157,1.028,0.386,0.263,8.55e-153,"S100A13"
"RGS17",5.84e-157,-1.064,0.372,0.492,1.09e-152,"RGS17"
"S1PR1",7.99e-157,0.623,0.49,0.354,1.49e-152,"S1PR1"
"IGF2BP3",9.78e-157,0.435,0.863,0.78,1.82e-152,"IGF2BP3"
"ARID5B",1.07e-156,0.479,0.706,0.584,1.99e-152,"ARID5B"
"PTAR1",1.31e-156,0.488,0.685,0.578,2.44e-152,"PTAR1"
"AEN",1.38e-156,1.233,0.2,0.098,2.57e-152,"AEN"
"PPP3CA",2e-156,-0.693,0.767,0.83,3.73e-152,"PPP3CA"
"ATP5ME",4.15e-156,0.383,0.838,0.758,7.72e-152,"ATP5ME"
"C22orf42",4.48e-156,-8.533,0,0.04,8.34e-152,"C22orf42"
"WNT7B",5.55e-156,1.132,0.231,0.122,1.03e-151,"WNT7B"
"TXNIP",9.96e-156,0.395,0.959,0.938,1.85e-151,"TXNIP"
"HS3ST5",1.06e-155,-3.197,0.052,0.134,1.98e-151,"HS3ST5"
"UFC1",1.1e-155,0.489,0.697,0.597,2.05e-151,"UFC1"
"TSPAN2",2.77e-155,-1.878,0.042,0.12,5.16e-151,"TSPAN2"
"CTNNB1",2.86e-155,0.432,0.837,0.776,5.32e-151,"CTNNB1"
"PHB1",3.98e-155,0.475,0.725,0.634,7.41e-151,"PHB1"
"SAT1",4.04e-155,0.781,0.519,0.399,7.52e-151,"SAT1"
"SPATS2L",8.58e-155,0.355,0.871,0.804,1.6e-150,"SPATS2L"
"DOCK9",9.37e-155,-1.917,0.102,0.2,1.74e-150,"DOCK9"
"GRIN3A",1.18e-154,-3.742,0.023,0.086,2.2e-150,"GRIN3A"
"PEBP1",1.24e-154,0.279,0.995,0.973,2.31e-150,"PEBP1"
"DENND2B",1.37e-154,0.455,0.712,0.587,2.55e-150,"DENND2B"
"PLAAT3",1.66e-154,0.635,0.513,0.385,3.08e-150,"PLAAT3"
"SMOC1",1.69e-154,0.566,0.635,0.497,3.14e-150,"SMOC1"
"CDH8",1.93e-154,-3.233,0.271,0.375,3.59e-150,"CDH8"
"GRAMD1B",3.15e-154,0.487,0.701,0.575,5.85e-150,"GRAMD1B"
"HEPACAM",3.5e-154,0.598,0.531,0.403,6.51e-150,"HEPACAM"
"MYCBP2",3.77e-154,-0.699,0.839,0.885,7.02e-150,"MYCBP2"
"EIF3H",6.51e-154,0.337,0.933,0.882,1.21e-149,"EIF3H"
"TERF2IP",1.02e-153,-0.655,0.875,0.908,1.9e-149,"TERF2IP"
"CCDC112",1.09e-153,-0.737,0.561,0.669,2.03e-149,"CCDC112"
"RFXANK",2.26e-153,0.672,0.475,0.355,4.21e-149,"RFXANK"
"IKBIP",9.63e-153,0.738,0.433,0.312,1.79e-148,"IKBIP"
"SRSF9",1.19e-152,0.312,0.954,0.903,2.21e-148,"SRSF9"
"SPECC1",3.85e-152,0.38,0.858,0.788,7.17e-148,"SPECC1"
"CLTC",4.43e-152,0.393,0.888,0.844,8.25e-148,"CLTC"
"RAB7A",5.6e-152,0.346,0.933,0.896,1.04e-147,"RAB7A"
"PSMA7",5.98e-152,0.29,0.975,0.928,1.11e-147,"PSMA7"
"MAL2",1.41e-151,-2.103,0.042,0.118,2.62e-147,"MAL2"
"ZNF540",2.5e-151,-1.076,0.224,0.346,4.65e-147,"ZNF540"
"RAD51B",3.15e-151,0.341,0.83,0.694,5.87e-147,"RAD51B"
"SLC6A11",1.31e-150,0.688,0.57,0.454,2.44e-146,"SLC6A11"
"RPSAP58",1.35e-150,0.584,0.58,0.471,2.51e-146,"RPSAP58"
"RIMS4",1.97e-150,-2.361,0.019,0.079,3.67e-146,"RIMS4"
"ZC2HC1A",3.3e-150,-0.621,0.723,0.802,6.14e-146,"ZC2HC1A"
"CYP51A1",3.37e-150,0.534,0.938,0.915,6.28e-146,"CYP51A1"
"AMER3",3.39e-150,-3.581,0.005,0.052,6.31e-146,"AMER3"
"KCNK2",5.75e-150,-1.906,0.041,0.116,1.07e-145,"KCNK2"
"SNAPIN",1.15e-149,0.49,0.668,0.565,2.15e-145,"SNAPIN"
"CEP112",1.78e-149,0.425,0.76,0.65,3.3e-145,"CEP112"
"PMP22",2.94e-149,0.61,0.467,0.335,5.46e-145,"PMP22"
"FOS",3.37e-149,0.688,0.49,0.363,6.28e-145,"FOS"
"PGLS",4.4e-149,0.458,0.721,0.626,8.19e-145,"PGLS"
"SLC7A14",1.37e-148,-2.695,0.015,0.071,2.55e-144,"SLC7A14"
"ADAMTS3",1.75e-148,0.784,0.444,0.312,3.25e-144,"ADAMTS3"
"ITGB1",3.2e-148,0.379,0.833,0.752,5.95e-144,"ITGB1"
"HMGN2",3.54e-148,0.251,0.988,0.954,6.59e-144,"HMGN2"
"PLP1",3.84e-148,1.128,0.411,0.29,7.14e-144,"PLP1"
"PI15",5.16e-148,0.923,0.355,0.232,9.61e-144,"PI15"
"RREB1",5.54e-148,0.621,0.465,0.338,1.03e-143,"RREB1"
"RAB5C",1.2e-147,0.414,0.837,0.77,2.23e-143,"RAB5C"
"BRINP1",1.83e-147,-2.198,0.031,0.1,3.4e-143,"BRINP1"
"CADM2",2.17e-147,-0.743,0.848,0.892,4.03e-143,"CADM2"
"MDH2",2.53e-147,0.393,0.871,0.804,4.71e-143,"MDH2"
"DARS1",3.21e-147,0.346,0.841,0.742,5.98e-143,"DARS1"
"KIAA1217",4.34e-147,1.285,0.326,0.211,8.07e-143,"KIAA1217"
"OSTC",9.83e-147,0.4,0.829,0.749,1.83e-142,"OSTC"
"MPST",1.29e-146,0.554,0.566,0.452,2.4e-142,"MPST"
"CECR2",1.59e-146,0.391,0.824,0.693,2.96e-142,"CECR2"
"PDIA3",1.65e-146,0.37,0.906,0.854,3.07e-142,"PDIA3"
"TRHDE",2.03e-146,-4.807,0.006,0.053,3.78e-142,"TRHDE"
"EFNA5",4.28e-146,-1.444,0.253,0.373,7.96e-142,"EFNA5"
"DAB1",4.54e-146,-2.24,0.402,0.502,8.44e-142,"DAB1"
"GFRA2",6.01e-146,-2.65,0.025,0.088,1.12e-141,"GFRA2"
"GABRA1",6.62e-146,-6.384,0.001,0.04,1.23e-141,"GABRA1"
"APRT",1.17e-145,0.645,0.512,0.403,2.18e-141,"APRT"
"NRXN1",1.34e-145,-0.227,0.849,0.936,2.5e-141,"NRXN1"
"STXBP5L",1.64e-145,-1.533,0.338,0.462,3.05e-141,"STXBP5L"
"RAMP1",3.12e-145,1.017,0.321,0.208,5.8e-141,"RAMP1"
"KCNQ5",3.86e-145,-2.148,0.075,0.163,7.18e-141,"KCNQ5"
"FGF9",3.98e-145,-1.343,0.077,0.168,7.4e-141,"FGF9"
"COA3",4.87e-145,0.389,0.841,0.764,9.06e-141,"COA3"
"FABP5",6.35e-145,0.988,0.66,0.572,1.18e-140,"FABP5"
"SLC6A15",9.7e-145,-1.226,0.118,0.221,1.81e-140,"SLC6A15"
"KIF13A",1.29e-144,0.429,0.703,0.592,2.41e-140,"KIF13A"
"POLR2F",1.4e-144,0.352,0.815,0.732,2.61e-140,"POLR2F"
"DPYD",1.9e-144,-1.486,0.163,0.273,3.53e-140,"DPYD"
"CDC42EP3",2.06e-144,-0.869,0.137,0.245,3.83e-140,"CDC42EP3"
"HPCA",2.31e-144,-2.88,0.016,0.071,4.3e-140,"HPCA"
"METTL7A",2.41e-144,0.853,0.368,0.252,4.48e-140,"METTL7A"
"PRAG1",2.51e-144,0.405,0.672,0.543,4.67e-140,"PRAG1"
"KCNQ2",2.52e-144,0.509,0.709,0.615,4.7e-140,"KCNQ2"
"VEGFB",5.38e-144,0.511,0.648,0.536,1e-139,"VEGFB"
"KIF3C",6.43e-144,-0.937,0.211,0.327,1.2e-139,"KIF3C"
"HMG20B",7.6e-144,0.705,0.42,0.304,1.41e-139,"HMG20B"
"DNPH1",7.84e-144,0.583,0.551,0.436,1.46e-139,"DNPH1"
"INSM1",1.23e-143,-1.231,0.089,0.183,2.29e-139,"INSM1"
"GUCY1A2",1.66e-143,-1.401,0.307,0.424,3.08e-139,"GUCY1A2"
"CUTA",3.44e-143,0.351,0.893,0.83,6.39e-139,"CUTA"
"NEFM",4.87e-143,-2.415,0.048,0.124,9.07e-139,"NEFM"
"ST18",9.31e-143,-1.569,0.035,0.105,1.73e-138,"ST18"
"FIS1",1.11e-142,0.391,0.819,0.738,2.07e-138,"FIS1"
"ELAVL3",1.23e-142,-0.633,0.641,0.726,2.29e-138,"ELAVL3"
"TCERG1L",1.24e-142,0.842,0.355,0.238,2.31e-138,"TCERG1L"
"CHD7",1.29e-142,0.279,0.891,0.777,2.4e-138,"CHD7"
"MDFI",1.3e-142,0.669,0.444,0.325,2.41e-138,"MDFI"
"EMC2",1.73e-142,0.509,0.66,0.558,3.22e-138,"EMC2"
"WIPF2",2.25e-142,0.494,0.725,0.639,4.18e-138,"WIPF2"
"CDH9",3.32e-142,-7.132,0.002,0.04,6.19e-138,"CDH9"
"FNBP1L",4.47e-142,-0.558,0.953,0.964,8.32e-138,"FNBP1L"
"THY1",7.24e-142,-1.252,0.082,0.174,1.35e-137,"THY1"
"ADCY2",7.54e-142,0.726,0.573,0.448,1.4e-137,"ADCY2"
"BCAP31",1.32e-141,0.414,0.813,0.749,2.46e-137,"BCAP31"
"IQGAP2",1.72e-141,0.629,0.612,0.484,3.21e-137,"IQGAP2"
"TIMP4",2.02e-141,1.147,0.237,0.135,3.76e-137,"TIMP4"
"CNIH2",2.94e-141,-0.896,0.277,0.399,5.47e-137,"CNIH2"
"VCAM1",2.96e-141,0.327,0.679,0.515,5.5e-137,"VCAM1"
"FLNA",4.15e-141,0.795,0.381,0.271,7.72e-137,"FLNA"
"MSMO1",4.8e-141,0.588,0.933,0.907,8.94e-137,"MSMO1"
"MRPS21",5.55e-141,0.356,0.858,0.788,1.03e-136,"MRPS21"
"TMEM9B",6.23e-141,0.446,0.788,0.72,1.16e-136,"TMEM9B"
"SHISA7",6.38e-141,-2.249,0.017,0.073,1.19e-136,"SHISA7"
"TSPAN13",6.66e-141,-0.668,0.553,0.661,1.24e-136,"TSPAN13"
"LAP3",9.19e-141,0.642,0.541,0.432,1.71e-136,"LAP3"
"NDUFC1",1.56e-140,0.385,0.836,0.764,2.91e-136,"NDUFC1"
"ANKRD36B",2.08e-140,-0.787,0.386,0.511,3.88e-136,"ANKRD36B"
"CHSY3",2.48e-140,-2.509,0.056,0.135,4.62e-136,"CHSY3"
"SMIM20",3.76e-140,0.561,0.546,0.435,6.99e-136,"SMIM20"
"SDSL",4.54e-140,0.811,0.352,0.239,8.45e-136,"SDSL"
"ANKRD44",7.13e-140,-0.593,0.32,0.446,1.33e-135,"ANKRD44"
"UST",8.86e-140,0.947,0.392,0.274,1.65e-135,"UST"
"PHYH",9.18e-140,0.582,0.553,0.439,1.71e-135,"PHYH"
"SNRPF",1.04e-139,0.317,0.939,0.884,1.93e-135,"SNRPF"
"ID1",1.59e-139,1.995,0.168,0.079,2.97e-135,"ID1"
"ID3",1.92e-139,1.376,0.228,0.126,3.58e-135,"ID3"
"SERPINI1",1.99e-139,-1.71,0.105,0.201,3.7e-135,"SERPINI1"
"ELF1",2.68e-139,0.594,0.522,0.4,4.98e-135,"ELF1"
"ACKR3",3.45e-139,0.672,0.446,0.328,6.43e-135,"ACKR3"
"SAMD4A",4.14e-139,0.647,0.546,0.43,7.71e-135,"SAMD4A"
"B3GALT2",5.1e-139,-1.54,0.063,0.146,9.5e-135,"B3GALT2"
"JUN",5.23e-139,0.382,0.708,0.584,9.74e-135,"JUN"
"QPRT",5.32e-139,0.562,0.501,0.379,9.9e-135,"QPRT"
"PPT1",5.69e-139,0.508,0.648,0.543,1.06e-134,"PPT1"
"MICOS13",6.35e-139,0.501,0.655,0.563,1.18e-134,"MICOS13"
"MT-ND5",2.43e-138,0.227,0.996,0.986,4.52e-134,"MT-ND5"
"GAMT",2.52e-138,0.625,0.515,0.408,4.68e-134,"GAMT"
"TRMT112",2.55e-138,0.324,0.875,0.802,4.75e-134,"TRMT112"
"TMEM271",2.67e-138,-2.187,0.02,0.078,4.97e-134,"TMEM271"
"SPON1",2.79e-138,0.373,0.729,0.61,5.2e-134,"SPON1"
"CHURC1",2.94e-138,0.369,0.834,0.764,5.47e-134,"CHURC1"
"FKBP10",3.07e-138,0.556,0.49,0.368,5.71e-134,"FKBP10"
"FSTL1",3.28e-138,0.623,0.441,0.319,6.1e-134,"FSTL1"
"FOXO1",4.99e-138,0.499,0.527,0.4,9.29e-134,"FOXO1"
"GFOD1",5.28e-138,-1.209,0.128,0.229,9.83e-134,"GFOD1"
"CDH22",5.47e-138,-2.574,0.014,0.066,1.02e-133,"CDH22"
"MTHFD2",6.47e-138,-0.928,0.181,0.293,1.21e-133,"MTHFD2"
"KIDINS220",8.34e-138,-0.718,0.871,0.903,1.55e-133,"KIDINS220"
"MYL12A",8.64e-138,0.651,0.512,0.405,1.61e-133,"MYL12A"
"SLC25A13",9.44e-138,0.492,0.632,0.521,1.76e-133,"SLC25A13"
"GPR85",1e-137,-1.451,0.101,0.193,1.86e-133,"GPR85"
"ATP5F1C",1.03e-137,0.309,0.945,0.898,1.92e-133,"ATP5F1C"
"SORT1",1.12e-137,0.592,0.626,0.538,2.08e-133,"SORT1"
"ACYP1",1.24e-137,-0.831,0.324,0.446,2.3e-133,"ACYP1"
"GSN",2.2e-137,0.734,0.375,0.258,4.09e-133,"GSN"
"ITGB5",2.25e-137,0.68,0.407,0.287,4.19e-133,"ITGB5"
"PRRG1",3.3e-137,0.64,0.479,0.363,6.13e-133,"PRRG1"
"CACNB4",3.36e-137,-0.889,0.368,0.486,6.25e-133,"CACNB4"
"ENKUR",3.73e-137,0.519,0.566,0.442,6.95e-133,"ENKUR"
"EPCAM",4.5e-137,-1.77,0.04,0.11,8.38e-133,"EPCAM"
"CAST",8.44e-137,0.501,0.619,0.511,1.57e-132,"CAST"
"SAT2",9.03e-137,0.389,0.824,0.751,1.68e-132,"SAT2"
"THYN1",1.49e-136,0.424,0.765,0.676,2.77e-132,"THYN1"
"SASH1",3.82e-136,0.356,0.733,0.614,7.1e-132,"SASH1"
"HEPN1",4.1e-136,0.546,0.55,0.425,7.63e-132,"HEPN1"
"DUSP4",5.17e-136,-1.348,0.095,0.186,9.63e-132,"DUSP4"
"MDFIC",7.35e-136,0.542,0.484,0.359,1.37e-131,"MDFIC"
"EIF3M",8.33e-136,0.34,0.884,0.827,1.55e-131,"EIF3M"
"SNX2",8.85e-136,0.38,0.824,0.753,1.65e-131,"SNX2"
"GPRIN1",1.28e-135,-1.445,0.057,0.136,2.38e-131,"GPRIN1"
"ILK",1.7e-135,0.532,0.611,0.51,3.16e-131,"ILK"
"SPTSSA",1.92e-135,0.523,0.62,0.517,3.58e-131,"SPTSSA"
"LIMA1",4.27e-135,0.499,0.603,0.494,7.95e-131,"LIMA1"
"PLPPR3",4.46e-135,-0.878,0.266,0.386,8.3e-131,"PLPPR3"
"MT1X",4.58e-135,0.859,0.333,0.221,8.53e-131,"MT1X"
"ACOT13",4.66e-135,0.494,0.636,0.533,8.67e-131,"ACOT13"
"GPR27",4.74e-135,-1.035,0.183,0.292,8.82e-131,"GPR27"
"CXXC5",7.72e-135,0.385,0.76,0.649,1.44e-130,"CXXC5"
"FSTL4",1.06e-134,-1.944,0.037,0.105,1.97e-130,"FSTL4"
"ANP32A",1.49e-134,0.36,0.869,0.795,2.78e-130,"ANP32A"
"TCF7L2",1.73e-134,-0.439,0.742,0.593,3.21e-130,"TCF7L2"
"SCRT1",2.37e-134,-2.496,0.009,0.057,4.4e-130,"SCRT1"
"NFASC",2.38e-134,-0.779,0.493,0.597,4.43e-130,"NFASC"
"LUC7L3",4.38e-134,-0.438,0.921,0.946,8.16e-130,"LUC7L3"
"THSD4",5.41e-134,0.603,0.602,0.494,1.01e-129,"THSD4"
"HIBCH",8.38e-134,0.34,0.861,0.779,1.56e-129,"HIBCH"
"RNF13",1.49e-133,0.364,0.832,0.751,2.77e-129,"RNF13"
"INPP4B",1.56e-133,0.357,0.487,0.363,2.91e-129,"INPP4B"
"SPATA13",2.05e-133,0.407,0.721,0.604,3.82e-129,"SPATA13"
"YWHAG",2.16e-133,-0.687,0.67,0.742,4.02e-129,"YWHAG"
"VSTM2B",6.17e-133,-4.138,0.002,0.04,1.15e-128,"VSTM2B"
"APEX1",8.55e-133,0.341,0.921,0.857,1.59e-128,"APEX1"
"SEPTIN9",1.7e-132,0.582,0.552,0.449,3.16e-128,"SEPTIN9"
"C4orf3",1.86e-132,0.379,0.812,0.741,3.46e-128,"C4orf3"
"PSMD9",1.86e-132,0.585,0.53,0.428,3.46e-128,"PSMD9"
"CELF6",2.48e-132,-1.654,0.044,0.115,4.61e-128,"CELF6"
"WWTR1",2.53e-132,0.565,0.528,0.408,4.72e-128,"WWTR1"
"GGCT",2.9e-132,0.55,0.61,0.509,5.4e-128,"GGCT"
"PPP1CA",9.88e-132,0.493,0.642,0.545,1.84e-127,"PPP1CA"
"CALD1",1.7e-131,0.31,0.881,0.803,3.17e-127,"CALD1"
"TSPAN7",1.75e-131,-0.658,0.555,0.662,3.26e-127,"TSPAN7"
"TAL1",1.78e-131,-5.959,0.001,0.036,3.32e-127,"TAL1"
"PRR13",1.8e-131,0.639,0.484,0.38,3.36e-127,"PRR13"
"HOOK1",2.87e-131,-2.518,0.018,0.071,5.34e-127,"HOOK1"
"CETN2",3.3e-131,0.454,0.743,0.655,6.14e-127,"CETN2"
"TGIF1",3.37e-131,0.584,0.482,0.365,6.27e-127,"TGIF1"
"UBC",3.6e-131,0.257,0.997,0.985,6.7e-127,"UBC"
"PGD",3.86e-131,0.488,0.741,0.669,7.18e-127,"PGD"
"CAMK2N1",4.36e-131,-0.964,0.641,0.725,8.12e-127,"CAMK2N1"
"FAT3",7.01e-131,0.366,0.89,0.864,1.31e-126,"FAT3"
"SNCA",7.14e-131,-1.341,0.155,0.255,1.33e-126,"SNCA"
"MCL1",8.33e-131,0.488,0.654,0.553,1.55e-126,"MCL1"
"CAP1",8.8e-131,0.405,0.798,0.725,1.64e-126,"CAP1"
"MEIS1",2.11e-130,0.605,0.618,0.518,3.92e-126,"MEIS1"
"VPS41",2.56e-130,0.359,0.855,0.799,4.77e-126,"VPS41"
"DOK5",4.57e-130,0.457,0.734,0.627,8.51e-126,"DOK5"
"DCXR",5.63e-130,0.477,0.621,0.517,1.05e-125,"DCXR"
"COX16",5.75e-130,0.316,0.917,0.864,1.07e-125,"COX16"
"ASIC4",6.28e-130,-3.385,0.008,0.053,1.17e-125,"ASIC4"
"MRPL52",8.59e-130,0.453,0.695,0.613,1.6e-125,"MRPL52"
"LRRTM4",8.92e-130,-2.337,0.395,0.487,1.66e-125,"LRRTM4"
"SYAP1",1.15e-129,0.379,0.785,0.714,2.14e-125,"SYAP1"
"SNF8",1.47e-129,0.412,0.757,0.68,2.74e-125,"SNF8"
"NINJ1",2.19e-129,0.834,0.335,0.229,4.07e-125,"NINJ1"
"HECW2",3.23e-129,-0.888,0.362,0.479,6e-125,"HECW2"
"CMTM3",5.05e-129,0.739,0.377,0.268,9.39e-125,"CMTM3"
"AAMDC",5.69e-129,0.509,0.579,0.476,1.06e-124,"AAMDC"
"AURKAIP1",6.26e-129,0.384,0.788,0.709,1.16e-124,"AURKAIP1"
"SEPTIN5",6.51e-129,-1.141,0.133,0.231,1.21e-124,"SEPTIN5"
"MT-ND6",7.69e-129,0.399,0.77,0.692,1.43e-124,"MT-ND6"
"PPP1R13B",1.08e-128,-0.954,0.223,0.335,2e-124,"PPP1R13B"
"MAP3K21",1.3e-128,-2.983,0.012,0.06,2.41e-124,"MAP3K21"
"MAP6D1",1.44e-128,1.191,0.216,0.123,2.67e-124,"MAP6D1"
"EPHX1",1.77e-128,0.666,0.455,0.344,3.3e-124,"EPHX1"
"HNRNPF",1.95e-128,0.318,0.892,0.819,3.63e-124,"HNRNPF"
"RER1",2.77e-128,0.46,0.704,0.616,5.15e-124,"RER1"
"PSMD8",2.83e-128,0.319,0.908,0.855,5.26e-124,"PSMD8"
"PSMB2",4.51e-128,0.334,0.885,0.821,8.4e-124,"PSMB2"
"ABCB1",4.85e-128,-2.338,0.021,0.076,9.03e-124,"ABCB1"
"ADD3",6.74e-128,0.42,0.778,0.681,1.25e-123,"ADD3"
"CAMK4",8.76e-128,-0.899,0.381,0.492,1.63e-123,"CAMK4"
"APCDD1",1.35e-127,0.502,0.525,0.402,2.52e-123,"APCDD1"
"MLLT11",1.39e-127,-0.823,0.755,0.804,2.59e-123,"MLLT11"
"LRP10",1.43e-127,0.748,0.338,0.232,2.67e-123,"LRP10"
"C11orf87",1.71e-127,-1.638,0.053,0.127,3.18e-123,"C11orf87"
"FBN3",2.26e-127,-1.571,0.04,0.107,4.2e-123,"FBN3"
"TMEM219",3.2e-127,0.53,0.594,0.501,5.96e-123,"TMEM219"
"ELOVL4",3.43e-127,-1.058,0.18,0.284,6.39e-123,"ELOVL4"
"ENOX1",4.59e-127,-0.974,0.564,0.664,8.55e-123,"ENOX1"
"ITGA6",5.81e-127,0.686,0.456,0.344,1.08e-122,"ITGA6"
"MASP1",6.77e-127,0.712,0.561,0.456,1.26e-122,"MASP1"
"SSB",8.45e-127,0.265,0.971,0.938,1.57e-122,"SSB"
"KIF5A",9.88e-127,-0.83,0.356,0.469,1.84e-122,"KIF5A"
"SUSD4",1.34e-126,-1.342,0.12,0.213,2.49e-122,"SUSD4"
"RPP25",2.15e-126,-1.902,0.04,0.107,4e-122,"RPP25"
"ALDH6A1",2.36e-126,0.51,0.566,0.453,4.39e-122,"ALDH6A1"
"REPS2",3.57e-126,-1.56,0.063,0.141,6.64e-122,"REPS2"
"EIF3D",3.72e-126,0.431,0.715,0.628,6.92e-122,"EIF3D"
"DAG1",3.89e-126,0.496,0.624,0.528,7.25e-122,"DAG1"
"HNRNPM",4.28e-126,0.292,0.954,0.915,7.96e-122,"HNRNPM"
"SERBP1",4.41e-126,0.274,0.961,0.918,8.21e-122,"SERBP1"
"PARP8",6.38e-126,-0.839,0.358,0.474,1.19e-121,"PARP8"
"MORN2",1.15e-125,0.497,0.624,0.527,2.14e-121,"MORN2"
"SUMO2",1.38e-125,0.204,0.997,0.972,2.57e-121,"SUMO2"
"ERBIN",2.36e-125,0.339,0.875,0.803,4.38e-121,"ERBIN"
"IGF2R",3.45e-125,0.449,0.693,0.606,6.42e-121,"IGF2R"
"ARL3",3.51e-125,0.301,0.939,0.903,6.54e-121,"ARL3"
"CHMP3",5.9e-125,0.581,0.509,0.409,1.1e-120,"CHMP3"
"DOCK3",8.2e-125,-0.705,0.8,0.845,1.53e-120,"DOCK3"
"MAPK1",8.31e-125,0.365,0.838,0.778,1.55e-120,"MAPK1"
"UROD",1.11e-124,0.71,0.399,0.293,2.07e-120,"UROD"
"CRMP1",1.31e-124,-0.539,0.826,0.875,2.44e-120,"CRMP1"
"ARPC2",1.79e-124,0.275,0.951,0.912,3.33e-120,"ARPC2"
"TMED5",1.96e-124,0.512,0.572,0.468,3.65e-120,"TMED5"
"SLC4A4",2.61e-124,0.513,0.557,0.431,4.87e-120,"SLC4A4"
"SLC6A17",3.14e-124,-4.476,0.002,0.038,5.84e-120,"SLC6A17"
"NDUFB10",4.23e-124,0.345,0.843,0.769,7.87e-120,"NDUFB10"
"ABAT",5.1e-124,0.42,0.809,0.748,9.49e-120,"ABAT"
"SYN1",7.72e-124,-1.608,0.044,0.112,1.44e-119,"SYN1"
"GABRA2",9.06e-124,-1.77,0.18,0.28,1.69e-119,"GABRA2"
"KIFAP3",1.46e-123,-0.584,0.688,0.764,2.72e-119,"KIFAP3"
"PPM1D",1.47e-123,0.623,0.527,0.425,2.74e-119,"PPM1D"
"NANOS1",2.03e-123,-1.433,0.091,0.177,3.78e-119,"NANOS1"
"LRPAP1",2.13e-123,0.425,0.722,0.634,3.96e-119,"LRPAP1"
"EIF4A1",2.48e-123,0.283,0.984,0.955,4.62e-119,"EIF4A1"
"ZBTB38",3.12e-123,-0.927,0.306,0.415,5.8e-119,"ZBTB38"
"STXBP3",3.24e-123,0.46,0.612,0.508,6.04e-119,"STXBP3"
"SH3RF1",3.82e-123,0.477,0.713,0.616,7.11e-119,"SH3RF1"
"BTG3",4.65e-123,0.502,0.597,0.494,8.65e-119,"BTG3"
"SPRED1",7.04e-123,0.442,0.778,0.705,1.31e-118,"SPRED1"
"HOMER3",8.37e-123,0.639,0.542,0.44,1.56e-118,"HOMER3"
"RIDA",9.45e-123,0.47,0.603,0.496,1.76e-118,"RIDA"
"NME3",1.01e-122,0.651,0.468,0.36,1.88e-118,"NME3"
"KIAA0319",1.4e-122,-1.349,0.103,0.192,2.6e-118,"KIAA0319"
"RAP1B",1.44e-122,0.365,0.841,0.778,2.68e-118,"RAP1B"
"PRICKLE1",1.79e-122,-2.524,0.07,0.147,3.34e-118,"PRICKLE1"
"PSRC1",2.07e-122,0.975,0.252,0.155,3.85e-118,"PSRC1"
"WNT4",2.39e-122,-3.56,0.005,0.043,4.46e-118,"WNT4"
"PMVK",3.05e-122,0.522,0.591,0.497,5.67e-118,"PMVK"
"MLEC",3.11e-122,0.39,0.78,0.705,5.79e-118,"MLEC"
"RGMA",4.09e-122,0.38,0.8,0.702,7.6e-118,"RGMA"
"B3GLCT",4.2e-122,0.569,0.555,0.438,7.83e-118,"B3GLCT"
"SRSF3",4.37e-122,0.312,0.945,0.895,8.13e-118,"SRSF3"
"ARG2",4.85e-122,-1.021,0.17,0.272,9.03e-118,"ARG2"
"CSMD1",6.11e-122,-1.537,0.501,0.617,1.14e-117,"CSMD1"
"OPHN1",6.75e-122,0.307,0.867,0.786,1.26e-117,"OPHN1"
"CD58",9.14e-122,0.785,0.337,0.233,1.7e-117,"CD58"
"WSCD1",9.48e-122,0.677,0.44,0.33,1.77e-117,"WSCD1"
"EDF1",1.08e-121,0.296,0.919,0.855,2.01e-117,"EDF1"
"TMEM179B",1.21e-121,0.457,0.628,0.531,2.25e-117,"TMEM179B"
"HDGFL3",1.65e-121,-0.469,0.821,0.868,3.08e-117,"HDGFL3"
"JAG1",1.82e-121,0.737,0.491,0.379,3.39e-117,"JAG1"
"STK39",2.67e-121,0.326,0.865,0.799,4.96e-117,"STK39"
"ZEB2",2.95e-121,0.297,0.826,0.717,5.49e-117,"ZEB2"
"NDUFA12",4.45e-121,0.332,0.894,0.838,8.28e-117,"NDUFA12"
"LMO1",6.75e-121,-1.642,0.131,0.224,1.26e-116,"LMO1"
"GOLGB1",8.63e-121,0.376,0.813,0.751,1.61e-116,"GOLGB1"
"CSNK1A1",1.17e-120,0.26,0.97,0.943,2.17e-116,"CSNK1A1"
"CAMK2D",1.26e-120,0.442,0.905,0.86,2.34e-116,"CAMK2D"
"PJA2",2.28e-120,0.423,0.922,0.895,4.24e-116,"PJA2"
"STX8",2.51e-120,0.377,0.798,0.719,4.67e-116,"STX8"
"SLC41A2",3.16e-120,-0.956,0.254,0.361,5.89e-116,"SLC41A2"
"ANXA7",3.27e-120,0.436,0.689,0.602,6.08e-116,"ANXA7"
"ARHGEF4",3.27e-120,0.621,0.581,0.487,6.1e-116,"ARHGEF4"
"PTPRA",3.77e-120,0.274,0.954,0.929,7.03e-116,"PTPRA"
"TUBB6",3.85e-120,0.872,0.278,0.177,7.17e-116,"TUBB6"
"CORO2B",4.03e-120,0.569,0.684,0.6,7.51e-116,"CORO2B"
"TMEM97",5.81e-120,0.516,0.643,0.546,1.08e-115,"TMEM97"
"DDT",6.41e-120,0.363,0.81,0.738,1.19e-115,"DDT"
"ELOVL2",7.15e-120,0.436,0.689,0.595,1.33e-115,"ELOVL2"
"HES4",7.65e-120,0.546,0.683,0.608,1.42e-115,"HES4"
"SESN2",8.34e-120,0.742,0.334,0.228,1.55e-115,"SESN2"
"UGCG",8.85e-120,-0.851,0.301,0.414,1.65e-115,"UGCG"
"MDGA2",9.08e-120,-1.506,0.442,0.528,1.69e-115,"MDGA2"
"SULT4A1",9.09e-120,-1.207,0.084,0.167,1.69e-115,"SULT4A1"
"PPP2R5A",1.13e-119,0.406,0.602,0.483,2.1e-115,"PPP2R5A"
"NOL7",1.19e-119,0.335,0.859,0.8,2.21e-115,"NOL7"
"MPV17",1.42e-119,0.472,0.615,0.517,2.64e-115,"MPV17"
"ITPRID2",1.79e-119,0.606,0.53,0.424,3.34e-115,"ITPRID2"
"MAPRE2",1.86e-119,-0.684,0.536,0.628,3.46e-115,"MAPRE2"
"GOLGA7",2.53e-119,0.415,0.746,0.669,4.71e-115,"GOLGA7"
"SERPINH1",1.13e-118,0.754,0.358,0.254,2.1e-114,"SERPINH1"
"ZCRB1",1.53e-118,0.338,0.87,0.803,2.85e-114,"ZCRB1"
"SLC12A5",1.91e-118,-1.322,0.092,0.176,3.56e-114,"SLC12A5"
"ATP1B1",2.08e-118,-0.594,0.524,0.628,3.87e-114,"ATP1B1"
"ST8SIA3",2.14e-118,-1.684,0.03,0.089,3.98e-114,"ST8SIA3"
"MAD2L2",2.33e-118,0.465,0.642,0.551,4.34e-114,"MAD2L2"
"SLC15A2",2.69e-118,0.619,0.423,0.314,5.01e-114,"SLC15A2"
"TEAD2",4.75e-118,0.679,0.383,0.279,8.83e-114,"TEAD2"
"CPNE2",5.83e-118,0.467,0.631,0.532,1.08e-113,"CPNE2"
"TRIP12",6.92e-118,0.353,0.836,0.777,1.29e-113,"TRIP12"
"HS6ST2",7.28e-118,0.83,0.526,0.422,1.35e-113,"HS6ST2"
"RPN2",1.03e-117,0.319,0.862,0.797,1.92e-113,"RPN2"
"TRAK1",1.13e-117,0.432,0.729,0.651,2.1e-113,"TRAK1"
"NXN",1.42e-117,0.516,0.608,0.506,2.63e-113,"NXN"
"QDPR",1.65e-117,0.439,0.703,0.627,3.06e-113,"QDPR"
"SOBP",1.7e-117,-0.614,0.676,0.753,3.17e-113,"SOBP"
"CHCHD1",1.75e-117,0.435,0.695,0.618,3.27e-113,"CHCHD1"
"STX3",1.94e-117,-1.898,0.032,0.092,3.6e-113,"STX3"
"CIAO2A",2.51e-117,0.495,0.575,0.48,4.68e-113,"CIAO2A"
"FUCA2",2.66e-117,0.579,0.493,0.387,4.94e-113,"FUCA2"
"PPP4C",4.17e-117,0.358,0.822,0.755,7.77e-113,"PPP4C"
"NR3C1",5.14e-117,0.554,0.494,0.38,9.56e-113,"NR3C1"
"HIP1R",6.31e-117,-1.012,0.211,0.316,1.17e-112,"HIP1R"
"TOMM5",7.18e-117,0.346,0.842,0.78,1.34e-112,"TOMM5"
"CHCHD3",7.9e-117,0.305,0.908,0.859,1.47e-112,"CHCHD3"
"PAX5",7.95e-117,-4.173,0.013,0.059,1.48e-112,"PAX5"
"PLCH1",1.01e-116,0.505,0.634,0.528,1.89e-112,"PLCH1"
"OLFM1",1.06e-116,-0.993,0.384,0.49,1.96e-112,"OLFM1"
"TXN2",1.08e-116,0.448,0.658,0.57,2.01e-112,"TXN2"
"TWF1",1.23e-116,0.501,0.578,0.483,2.28e-112,"TWF1"
"GPRC5B",1.23e-116,0.574,0.461,0.354,2.29e-112,"GPRC5B"
"FAM78B",1.62e-116,-1.932,0.044,0.11,3.01e-112,"FAM78B"
"FAXDC2",2.33e-116,0.705,0.382,0.277,4.34e-112,"FAXDC2"
"ANKRD46",2.38e-116,-0.656,0.439,0.551,4.44e-112,"ANKRD46"
"TAGLN3",2.49e-116,-0.438,0.524,0.629,4.64e-112,"TAGLN3"
"ATP6V1G1",2.51e-116,0.238,0.983,0.941,4.67e-112,"ATP6V1G1"
"EIF5A",3.05e-116,0.365,0.797,0.728,5.67e-112,"EIF5A"
"MAP3K9",3.82e-116,-1.222,0.081,0.162,7.1e-112,"MAP3K9"
"CYP26B1",3.97e-116,1.85,0.113,0.046,7.39e-112,"CYP26B1"
"ECI1",7.1e-116,0.437,0.612,0.509,1.32e-111,"ECI1"
"MFSD6",7.44e-116,-1.155,0.121,0.211,1.39e-111,"MFSD6"
"MTAP",8.07e-116,0.367,0.696,0.585,1.5e-111,"MTAP"
"ARL6IP5",9.07e-116,0.344,0.909,0.885,1.69e-111,"ARL6IP5"
"SLC4A8",1.16e-115,-0.778,0.245,0.355,2.15e-111,"SLC4A8"
"TLK1",1.67e-115,0.314,0.885,0.82,3.1e-111,"TLK1"
"RND2",2.32e-115,0.631,0.477,0.374,4.32e-111,"RND2"
"HLA-B",3.55e-115,0.645,0.431,0.323,6.61e-111,"HLA-B"
"CARMIL2",4.74e-115,-2.873,0.007,0.045,8.82e-111,"CARMIL2"
"KCND2",7.95e-115,-0.477,0.516,0.638,1.48e-110,"KCND2"
"SYT3",9.63e-115,-2.663,0.01,0.053,1.79e-110,"SYT3"
"SLC3A2",1.05e-114,0.273,0.881,0.817,1.95e-110,"SLC3A2"
"C1orf21",1.09e-114,0.357,0.866,0.814,2.03e-110,"C1orf21"
"CROT",1.87e-114,0.51,0.576,0.464,3.48e-110,"CROT"
"TNFRSF19",1.98e-114,0.737,0.396,0.293,3.68e-110,"TNFRSF19"
"MRPL13",2.34e-114,0.412,0.742,0.668,4.36e-110,"MRPL13"
"GALNT13",3.28e-114,-1.174,0.328,0.432,6.1e-110,"GALNT13"
"WASF1",5.46e-114,-0.638,0.5,0.603,1.02e-109,"WASF1"
"GVQW3",5.58e-114,-1.061,0.129,0.221,1.04e-109,"GVQW3"
"PSPH",6.39e-114,0.529,0.546,0.453,1.19e-109,"PSPH"
"MIF",1.08e-113,0.22,0.969,0.917,2.02e-109,"MIF"
"NRXN2",1.22e-113,-0.785,0.304,0.414,2.27e-109,"NRXN2"
"KLHDC8A",1.23e-113,0.34,0.765,0.673,2.29e-109,"KLHDC8A"
"KLHL23",1.82e-113,-0.411,0.762,0.829,3.39e-109,"KLHL23"
"CERS6",1.87e-113,-0.277,0.787,0.842,3.48e-109,"CERS6"
"PDE3B",2.59e-113,-0.702,0.3,0.414,4.83e-109,"PDE3B"
"LHFPL4",3.39e-113,-0.817,0.216,0.323,6.31e-109,"LHFPL4"
"EFNB3",3.44e-113,-1.118,0.156,0.25,6.39e-109,"EFNB3"
"PABPC1",3.98e-113,0.334,0.92,0.877,7.42e-109,"PABPC1"
"EIF3L",4.28e-113,0.33,0.891,0.832,7.97e-109,"EIF3L"
"COL4A1",5.02e-113,1.206,0.253,0.161,9.34e-109,"COL4A1"
"TCEA1",8.07e-113,0.271,0.936,0.888,1.5e-108,"TCEA1"
"GABARAPL2",9.37e-113,0.309,0.95,0.908,1.74e-108,"GABARAPL2"
"AKR1C3",9.71e-113,1.283,0.17,0.089,1.81e-108,"AKR1C3"
"CPXM2",1.11e-112,0.928,0.267,0.17,2.07e-108,"CPXM2"
"ALDH3A2",1.19e-112,0.553,0.542,0.453,2.21e-108,"ALDH3A2"
"PCOLCE2",1.2e-112,-1.639,0.049,0.116,2.23e-108,"PCOLCE2"
"CRYAB",1.83e-112,1.099,0.322,0.219,3.41e-108,"CRYAB"
"STAG2",2.89e-112,0.318,0.855,0.787,5.37e-108,"STAG2"
"AGTRAP",2.94e-112,0.75,0.333,0.234,5.48e-108,"AGTRAP"
"ARHGEF3",3.29e-112,0.543,0.637,0.547,6.12e-108,"ARHGEF3"
"RPS19BP1",3.57e-112,0.379,0.754,0.684,6.64e-108,"RPS19BP1"
"DERA",4.18e-112,0.48,0.553,0.445,7.78e-108,"DERA"
"FRMD4A",4.53e-112,-0.583,0.9,0.924,8.44e-108,"FRMD4A"
"RAB3B",5.12e-112,-1.162,0.069,0.144,9.53e-108,"RAB3B"
"TP53I13",6.13e-112,0.593,0.457,0.358,1.14e-107,"TP53I13"
"PARP4",6.7e-112,0.574,0.429,0.325,1.25e-107,"PARP4"
"ACSL1",9.64e-112,-1.465,0.048,0.114,1.79e-107,"ACSL1"
"CRHBP",1.23e-111,-9.454,0.001,0.03,2.29e-107,"CRHBP"
"FAM120A",1.62e-111,0.444,0.635,0.545,3.02e-107,"FAM120A"
"ACAT2",1.63e-111,0.468,0.837,0.773,3.03e-107,"ACAT2"
"CD8A",2.08e-111,-2.903,0.008,0.048,3.86e-107,"CD8A"
"ZSWIM6",2.13e-111,0.372,0.928,0.902,3.96e-107,"ZSWIM6"
"SH3BGRL",2.41e-111,0.337,0.869,0.809,4.48e-107,"SH3BGRL"
"FAT4",2.42e-111,0.737,0.469,0.362,4.51e-107,"FAT4"
"TXNDC16",2.52e-111,-0.753,0.294,0.405,4.69e-107,"TXNDC16"
"ITGAV",2.6e-111,0.516,0.492,0.387,4.84e-107,"ITGAV"
"RBM3",3.09e-111,0.364,0.821,0.755,5.74e-107,"RBM3"
"NKAIN1",5.51e-111,-0.773,0.206,0.311,1.03e-106,"NKAIN1"
"CXCR4",7.39e-111,0.394,0.508,0.392,1.37e-106,"CXCR4"
"TCF25",8.54e-111,0.313,0.889,0.845,1.59e-106,"TCF25"
"IRF9",8.56e-111,0.866,0.269,0.174,1.59e-106,"IRF9"
"DHX9",8.94e-111,0.324,0.894,0.846,1.66e-106,"DHX9"
"METAP2",1.07e-110,0.329,0.843,0.788,1.99e-106,"METAP2"
"CACNA1G",1.23e-110,-2.465,0.011,0.053,2.28e-106,"CACNA1G"
"TCHH",1.27e-110,-5.056,0.001,0.032,2.37e-106,"TCHH"
"SEPTIN10",1.61e-110,0.406,0.677,0.582,3e-106,"SEPTIN10"
"FGF1",2.43e-110,0.742,0.346,0.244,4.53e-106,"FGF1"
"MAPRE1",5.65e-110,0.384,0.768,0.699,1.05e-105,"MAPRE1"
"PRDX3",7.27e-110,0.349,0.798,0.728,1.35e-105,"PRDX3"
"NEXMIF",7.73e-110,-0.484,0.552,0.657,1.44e-105,"NEXMIF"
"RASGRF1",8.07e-110,-3.167,0.006,0.042,1.5e-105,"RASGRF1"
"YWHAH",8.09e-110,-0.889,0.731,0.786,1.51e-105,"YWHAH"
"GUCY1B1",8.27e-110,-1.301,0.093,0.173,1.54e-105,"GUCY1B1"
"RWDD1",1.11e-109,0.332,0.814,0.748,2.07e-105,"RWDD1"
"NEFL",1.51e-109,-1.814,0.1,0.18,2.81e-105,"NEFL"
"C1QTNF4",1.75e-109,-1.495,0.059,0.128,3.26e-105,"C1QTNF4"
"NSMCE2",2.26e-109,0.293,0.869,0.797,4.21e-105,"NSMCE2"
"POTEF",2.97e-109,-0.866,0.296,0.403,5.53e-105,"POTEF"
"FAM241B",3.55e-109,-0.791,0.362,0.469,6.61e-105,"FAM241B"
"P4HB",3.61e-109,0.516,0.547,0.456,6.72e-105,"P4HB"
"LGR4",3.97e-109,0.565,0.581,0.488,7.39e-105,"LGR4"
"GET3",5.53e-109,0.532,0.527,0.437,1.03e-104,"GET3"
"UBXN4",5.63e-109,0.259,0.948,0.91,1.05e-104,"UBXN4"
"ARMCX3",5.89e-109,0.359,0.843,0.793,1.1e-104,"ARMCX3"
"EMC6",6.04e-109,0.393,0.742,0.67,1.12e-104,"EMC6"
"SLC35D2",6.73e-109,0.894,0.254,0.162,1.25e-104,"SLC35D2"
"TMEM164",8.05e-109,0.442,0.674,0.591,1.5e-104,"TMEM164"
"HOMER1",1.06e-108,-0.814,0.247,0.352,1.98e-104,"HOMER1"
"RASGEF1A",1.17e-108,-3.776,0.003,0.036,2.18e-104,"RASGEF1A"
"NDUFV2",1.83e-108,0.311,0.872,0.818,3.41e-104,"NDUFV2"
"LONRF2",1.91e-108,-0.792,0.29,0.394,3.56e-104,"LONRF2"
"HTRA1",2.04e-108,0.56,0.472,0.37,3.79e-104,"HTRA1"
"GALNT9",2.1e-108,-5.318,0.001,0.03,3.91e-104,"GALNT9"
"GLDC",2.32e-108,0.418,0.632,0.535,4.32e-104,"GLDC"
"MYT1",2.5e-108,-1.316,0.046,0.11,4.65e-104,"MYT1"
"DDX3X",2.53e-108,0.295,0.934,0.895,4.71e-104,"DDX3X"
"GRM1",2.96e-108,-1.609,0.051,0.116,5.52e-104,"GRM1"
"FAM117B",3.08e-108,-0.468,0.483,0.593,5.74e-104,"FAM117B"
"HNRNPC",4.06e-108,0.218,0.99,0.973,7.55e-104,"HNRNPC"
"DACH1",4.43e-108,0.295,0.761,0.663,8.25e-104,"DACH1"
"EHBP1",5.38e-108,-0.451,0.852,0.9,1e-103,"EHBP1"
"ADAM22",5.94e-108,-0.56,0.328,0.44,1.11e-103,"ADAM22"
"CYFIP1",6.78e-108,0.482,0.566,0.47,1.26e-103,"CYFIP1"
"SSR3",7.54e-108,0.378,0.788,0.728,1.4e-103,"SSR3"
"TTLL7",9e-108,-0.712,0.394,0.498,1.68e-103,"TTLL7"
"LRTM1",1.02e-107,-4.02,0.002,0.034,1.89e-103,"LRTM1"
"SPRY1",1.98e-107,0.615,0.454,0.351,3.68e-103,"SPRY1"
"EIF2AK2",2e-107,0.35,0.799,0.734,3.73e-103,"EIF2AK2"
"VCL",2.21e-107,0.429,0.643,0.549,4.11e-103,"VCL"
"UNC13A",4.96e-107,-1.003,0.167,0.261,9.23e-103,"UNC13A"
"COPB2",7.45e-107,0.364,0.795,0.731,1.39e-102,"COPB2"
"TBC1D1",8.86e-107,0.683,0.374,0.273,1.65e-102,"TBC1D1"
"SV2A",1.12e-106,-0.912,0.361,0.459,2.09e-102,"SV2A"
"ANKS1B",1.21e-106,-0.418,0.79,0.843,2.25e-102,"ANKS1B"
"ABCA8",1.7e-106,1.072,0.206,0.121,3.16e-102,"ABCA8"
"SAMD14",1.88e-106,-1.339,0.053,0.119,3.51e-102,"SAMD14"
"REEP3",2.29e-106,0.391,0.649,0.548,4.26e-102,"REEP3"
"SDF2L1",2.36e-106,0.682,0.386,0.287,4.4e-102,"SDF2L1"
"C7orf50",2.76e-106,0.334,0.842,0.788,5.15e-102,"C7orf50"
"EVL",3.96e-106,-0.423,0.82,0.864,7.37e-102,"EVL"
"USP8",7.69e-106,0.367,0.768,0.701,1.43e-101,"USP8"
"CRB2",1.13e-105,0.723,0.331,0.235,2.1e-101,"CRB2"
"EFNB1",1.99e-105,0.646,0.422,0.323,3.71e-101,"EFNB1"
"ENO1",2.02e-105,0.102,0.942,0.888,3.77e-101,"ENO1"
"SCG2",2.19e-105,-2.004,0.142,0.228,4.08e-101,"SCG2"
"NEDD4",2.34e-105,0.503,0.526,0.426,4.35e-101,"NEDD4"
"KANK1",2.48e-105,0.395,0.637,0.534,4.61e-101,"KANK1"
"ASIC1",2.72e-105,-1.323,0.097,0.177,5.06e-101,"ASIC1"
"CTSD",3.96e-105,0.564,0.452,0.355,7.37e-101,"CTSD"
"LRRC17",4.37e-105,0.435,0.56,0.449,8.13e-101,"LRRC17"
"NAALADL2",4.37e-105,0.391,0.696,0.592,8.14e-101,"NAALADL2"
"PNKD",6.32e-105,0.469,0.582,0.495,1.18e-100,"PNKD"
"GYPC",6.35e-105,1.372,0.14,0.069,1.18e-100,"GYPC"
"DACT1",7.83e-105,-1.464,0.069,0.14,1.46e-100,"DACT1"
"ZNRF1",7.91e-105,-0.522,0.618,0.703,1.47e-100,"ZNRF1"
"MGST2",9.2e-105,0.677,0.371,0.273,1.71e-100,"MGST2"
"GNAS",9.98e-105,0.134,0.999,0.989,1.86e-100,"GNAS"
"ZIC2",9.99e-105,1.637,0.114,0.049,1.86e-100,"ZIC2"
"DNAI3",1.02e-104,0.999,0.191,0.109,1.9e-100,"DNAI3"
"LMO4",1.09e-104,0.271,0.805,0.738,2.03e-100,"LMO4"
"DDAH2",1.18e-104,0.373,0.787,0.708,2.2e-100,"DDAH2"
"NXPH1",1.21e-104,-1.154,0.145,0.238,2.25e-100,"NXPH1"
"DDB2",1.28e-104,0.88,0.271,0.18,2.38e-100,"DDB2"
"PSMD11",1.4e-104,0.324,0.847,0.8,2.6e-100,"PSMD11"
"RO60",1.56e-104,0.293,0.908,0.867,2.9e-100,"RO60"
"TSPAN12",1.71e-104,0.686,0.392,0.296,3.18e-100,"TSPAN12"
"MYO1E",1.93e-104,0.427,0.519,0.406,3.58e-100,"MYO1E"
"DPP10",2.13e-104,-0.8,0.231,0.323,3.96e-100,"DPP10"
"SMDT1",2.34e-104,0.336,0.82,0.749,4.36e-100,"SMDT1"
"PDIA4",2.39e-104,0.5,0.541,0.449,4.44e-100,"PDIA4"
"CD164",2.42e-104,0.43,0.625,0.535,4.5e-100,"CD164"
"RASGEF1B",2.46e-104,-2.085,0.126,0.211,4.58e-100,"RASGEF1B"
"PCBP2",2.53e-104,0.3,0.899,0.847,4.7e-100,"PCBP2"
"GNAI3",2.65e-104,0.315,0.872,0.822,4.94e-100,"GNAI3"
"TSEN34",2.71e-104,0.388,0.716,0.64,5.05e-100,"TSEN34"
"EFHD2",3.24e-104,0.624,0.393,0.297,6.03e-100,"EFHD2"
"LIPG",3.81e-104,0.619,0.409,0.309,7.08e-100,"LIPG"
"NDUFS8",3.82e-104,0.377,0.722,0.65,7.11e-100,"NDUFS8"
"TMEM134",3.86e-104,0.566,0.468,0.375,7.19e-100,"TMEM134"
"KIAA0895L",4.77e-104,-0.95,0.17,0.264,8.88e-100,"KIAA0895L"
"PHF21B",4.88e-104,0.406,0.714,0.621,9.08e-100,"PHF21B"
"RMDN1",7.52e-104,0.415,0.652,0.569,1.4e-99,"RMDN1"
"LRP4",8.07e-104,0.816,0.287,0.193,1.5e-99,"LRP4"
"RASSF2",1.06e-103,0.611,0.476,0.384,1.98e-99,"RASSF2"
"NR2F2",1.08e-103,-0.101,0.889,0.798,2.01e-99,"NR2F2"
"FNIP1",1.08e-103,0.327,0.85,0.801,2.01e-99,"FNIP1"
"APLP2",1.42e-103,0.282,0.947,0.929,2.65e-99,"APLP2"
"LSM2",1.52e-103,0.326,0.798,0.715,2.83e-99,"LSM2"
"MRPS16",1.62e-103,0.382,0.711,0.636,3.01e-99,"MRPS16"
"PUF60",2.39e-103,0.34,0.791,0.716,4.45e-99,"PUF60"
"SMIM26",2.72e-103,0.373,0.749,0.683,5.06e-99,"SMIM26"
"ADGRL1",3.18e-103,-0.861,0.196,0.294,5.92e-99,"ADGRL1"
"ADCY1",3.6e-103,-1.147,0.137,0.224,6.69e-99,"ADCY1"
"NDUFB1",4.31e-103,0.339,0.797,0.73,8.02e-99,"NDUFB1"
"STRBP",4.74e-103,-0.466,0.718,0.786,8.82e-99,"STRBP"
"KCNC1",5.71e-103,-1.009,0.117,0.202,1.06e-98,"KCNC1"
"SYT4",6.7e-103,-0.972,0.206,0.305,1.25e-98,"SYT4"
"TMEM151B",9.56e-103,-1.1,0.083,0.159,1.78e-98,"TMEM151B"
"TRAPPC6A",9.92e-103,0.678,0.379,0.284,1.85e-98,"TRAPPC6A"
"METTL9",1.2e-102,0.262,0.938,0.895,2.24e-98,"METTL9"
"PKM",1.33e-102,0.359,0.801,0.736,2.47e-98,"PKM"
"LRRC10B",1.45e-102,0.697,0.326,0.227,2.71e-98,"LRRC10B"
"SERP1",1.54e-102,0.325,0.872,0.815,2.86e-98,"SERP1"
"SALL1",1.83e-102,0.515,0.464,0.363,3.41e-98,"SALL1"
"DLG1",1.97e-102,0.304,0.837,0.76,3.66e-98,"DLG1"
"VCP",2e-102,0.32,0.835,0.778,3.73e-98,"VCP"
"KCNQ3",2.07e-102,0.169,0.224,0.334,3.85e-98,"KCNQ3"
"ATP9A",2.77e-102,-0.595,0.67,0.738,5.16e-98,"ATP9A"
"NR3C2",3.2e-102,0.605,0.45,0.344,5.95e-98,"NR3C2"
"ASPHD1",3.25e-102,-1.121,0.108,0.189,6.05e-98,"ASPHD1"
"NFATC3",5.17e-102,0.423,0.624,0.533,9.63e-98,"NFATC3"
"CA14",5.18e-102,0.605,0.406,0.304,9.64e-98,"CA14"
"ERG28",7.7e-102,0.451,0.744,0.687,1.43e-97,"ERG28"
"EFCAB14",7.75e-102,0.452,0.574,0.486,1.44e-97,"EFCAB14"
"STON2",8.06e-102,0.442,0.637,0.542,1.5e-97,"STON2"
"AGTPBP1",9.63e-102,-0.6,0.564,0.651,1.79e-97,"AGTPBP1"
"CHID1",1.3e-101,0.379,0.682,0.598,2.43e-97,"CHID1"
"SSPN",1.36e-101,0.466,0.468,0.36,2.52e-97,"SSPN"
"PRDM16",1.55e-101,0.751,0.302,0.206,2.89e-97,"PRDM16"
"ASAP1",1.64e-101,0.368,0.889,0.852,3.06e-97,"ASAP1"
"CAPNS1",2.19e-101,0.512,0.52,0.434,4.07e-97,"CAPNS1"
"SSBP3",2.69e-101,-0.418,0.567,0.663,5.01e-97,"SSBP3"
"SLC25A26",2.83e-101,0.537,0.509,0.417,5.26e-97,"SLC25A26"
"NSA2",3.05e-101,0.374,0.778,0.714,5.67e-97,"NSA2"
"GPR137C",3.4e-101,-0.687,0.39,0.495,6.33e-97,"GPR137C"
"PMF1",3.54e-101,0.561,0.483,0.391,6.59e-97,"PMF1"
"GLUD1",3.58e-101,0.325,0.822,0.752,6.67e-97,"GLUD1"
"ENY2",5.14e-101,0.289,0.89,0.838,9.58e-97,"ENY2"
"AIF1L",5.26e-101,0.738,0.339,0.247,9.79e-97,"AIF1L"
"DKK3",5.65e-101,0.473,0.665,0.591,1.05e-96,"DKK3"
"MIEN1",5.79e-101,0.448,0.632,0.552,1.08e-96,"MIEN1"
"MMP24",6.57e-101,-0.947,0.159,0.25,1.22e-96,"MMP24"
"ENO2",6.59e-101,-0.817,0.376,0.472,1.23e-96,"ENO2"
"SLC25A18",9.09e-101,0.758,0.295,0.202,1.69e-96,"SLC25A18"
"IFITM2",9.93e-101,2.345,0.104,0.044,1.85e-96,"IFITM2"
"BARD1",1.04e-100,0.451,0.527,0.418,1.94e-96,"BARD1"
"SAP18",1.1e-100,0.264,0.928,0.879,2.05e-96,"SAP18"
"CHCHD5",1.25e-100,0.634,0.417,0.325,2.33e-96,"CHCHD5"
"RAB29",1.51e-100,0.624,0.384,0.285,2.81e-96,"RAB29"
"TMEM74",1.76e-100,-2.345,0.015,0.058,3.28e-96,"TMEM74"
"TMOD2",1.9e-100,-0.627,0.537,0.626,3.54e-96,"TMOD2"
"DDX25",1.96e-100,-1.264,0.059,0.126,3.66e-96,"DDX25"
"HNRNPA1L3",2.01e-100,0.706,0.42,0.331,3.73e-96,"HNRNPA1L3"
"LEMD1",3.9e-100,-0.76,0.175,0.272,7.26e-96,"LEMD1"
"BCL11B",4.34e-100,-1.233,0.136,0.223,8.09e-96,"BCL11B"
"JAM2",4.84e-100,0.63,0.434,0.334,9e-96,"JAM2"
"RSPO3",5.38e-100,2.797,0.1,0.041,1e-95,"RSPO3"
"MYDGF",6.67e-100,0.398,0.72,0.652,1.24e-95,"MYDGF"
"ACO1",7.03e-100,0.448,0.566,0.477,1.31e-95,"ACO1"
"LSM10",7.06e-100,0.452,0.61,0.53,1.31e-95,"LSM10"
"TUFM",7.45e-100,0.379,0.742,0.672,1.39e-95,"TUFM"
"DUSP8",1.25e-99,-1.096,0.105,0.184,2.32e-95,"DUSP8"
"ACO2",1.59e-99,0.373,0.739,0.674,2.96e-95,"ACO2"
"ITGA3",1.88e-99,-2.737,0.012,0.052,3.5e-95,"ITGA3"
"CPNE7",2.48e-99,-4.708,0.002,0.03,4.61e-95,"CPNE7"
"COMMD10",3.28e-99,0.327,0.755,0.667,6.1e-95,"COMMD10"
"HERC1",3.37e-99,-0.475,0.766,0.823,6.26e-95,"HERC1"
"LSM1",3.77e-99,0.362,0.733,0.662,7.01e-95,"LSM1"
"G3BP1",4.16e-99,0.346,0.773,0.703,7.73e-95,"G3BP1"
"PNRC2",4.99e-99,0.418,0.645,0.563,9.28e-95,"PNRC2"
"LNX1",5.94e-99,-1.955,0.031,0.083,1.11e-94,"LNX1"
"TSC22D4",7.54e-99,0.59,0.412,0.315,1.4e-94,"TSC22D4"
"HSP90AA1",8.65e-99,0.214,1,0.996,1.61e-94,"HSP90AA1"
"SMIM7",8.77e-99,0.361,0.75,0.687,1.63e-94,"SMIM7"
"CEBPD",9.3e-99,0.675,0.338,0.243,1.73e-94,"CEBPD"
"PPP1R14C",1e-98,0.765,0.387,0.295,1.87e-94,"PPP1R14C"
"NME1",1.58e-98,0.353,0.824,0.76,2.93e-94,"NME1"
"PRRT4",1.87e-98,-2.491,0.012,0.052,3.48e-94,"PRRT4"
"LYRM2",1.9e-98,0.325,0.806,0.744,3.54e-94,"LYRM2"
"ZNF471",2.01e-98,-1.25,0.059,0.125,3.73e-94,"ZNF471"
"MGMT",2.21e-98,0.461,0.535,0.435,4.11e-94,"MGMT"
"DCTN6",2.35e-98,0.34,0.779,0.708,4.37e-94,"DCTN6"
"RBM47",2.48e-98,2.096,0.094,0.037,4.62e-94,"RBM47"
"ARHGAP12",3.24e-98,0.323,0.791,0.715,6.04e-94,"ARHGAP12"
"MACO1",3.47e-98,-0.594,0.482,0.574,6.45e-94,"MACO1"
"PSMC3",3.48e-98,0.408,0.671,0.595,6.48e-94,"PSMC3"
"MTCH1",3.62e-98,0.339,0.802,0.735,6.74e-94,"MTCH1"
"FERMT2",3.78e-98,0.32,0.715,0.628,7.03e-94,"FERMT2"
"DPYSL3",6.97e-98,-0.517,0.676,0.735,1.3e-93,"DPYSL3"
"MID1IP1",7.11e-98,0.364,0.682,0.584,1.32e-93,"MID1IP1"
"NCOA7",7.22e-98,-0.827,0.259,0.356,1.34e-93,"NCOA7"
"TIMMDC1",7.67e-98,0.343,0.774,0.706,1.43e-93,"TIMMDC1"
"PSMA4",7.83e-98,0.309,0.858,0.794,1.46e-93,"PSMA4"
"ZFHX3",1.06e-97,-2.218,0.452,0.534,1.97e-93,"ZFHX3"
"ATP2B3",1.09e-97,-3.675,0.004,0.035,2.02e-93,"ATP2B3"
"DDOST",1.21e-97,0.323,0.83,0.776,2.26e-93,"DDOST"
"CHMP4A",1.34e-97,0.491,0.534,0.449,2.5e-93,"CHMP4A"
"CNIH4",1.68e-97,0.396,0.664,0.586,3.14e-93,"CNIH4"
"PDGFC",1.72e-97,0.387,0.374,0.272,3.2e-93,"PDGFC"
"SRD5A1",1.94e-97,-0.815,0.268,0.367,3.61e-93,"SRD5A1"
"IQCJ-SCHIP1",2.64e-97,-2.789,0.15,0.232,4.9e-93,"IQCJ-SCHIP1"
"DLGAP1",3.16e-97,-0.264,0.695,0.761,5.88e-93,"DLGAP1"
"SIVA1",4.52e-97,0.372,0.698,0.616,8.4e-93,"SIVA1"
"SPOCK2",5.72e-97,0.683,0.381,0.287,1.06e-92,"SPOCK2"
"B4GALNT1",8.81e-97,-1.038,0.096,0.173,1.64e-92,"B4GALNT1"
"RERG",8.95e-97,-1.411,0.079,0.151,1.67e-92,"RERG"
"BMP2K",9.09e-97,0.359,0.709,0.627,1.69e-92,"BMP2K"
"DNAJC8",1.02e-96,0.267,0.934,0.886,1.89e-92,"DNAJC8"
"ST8SIA2",1.11e-96,-0.543,0.42,0.524,2.06e-92,"ST8SIA2"
"SORCS2",1.15e-96,0.447,0.582,0.491,2.14e-92,"SORCS2"
"PCNA",1.27e-96,0.444,0.505,0.406,2.37e-92,"PCNA"
"SPAG7",2.01e-96,0.427,0.633,0.558,3.74e-92,"SPAG7"
"TAP1",2.13e-96,0.967,0.205,0.125,3.97e-92,"TAP1"
"STX1B",2.66e-96,-1.141,0.083,0.155,4.95e-92,"STX1B"
"FDFT1",3.27e-96,0.33,0.883,0.83,6.08e-92,"FDFT1"
"PRSS12",3.62e-96,-2.615,0.061,0.125,6.73e-92,"PRSS12"
"ARAP2",3.68e-96,0.504,0.453,0.352,6.85e-92,"ARAP2"
"BABAM2",3.9e-96,0.304,0.816,0.74,7.25e-92,"BABAM2"
"CSF1",3.9e-96,1.246,0.149,0.078,7.27e-92,"CSF1"
"MYO5A",5.22e-96,-0.54,0.631,0.706,9.71e-92,"MYO5A"
"MRPL20",5.52e-96,0.281,0.878,0.826,1.03e-91,"MRPL20"
"NUDT5",6.21e-96,0.394,0.64,0.559,1.16e-91,"NUDT5"
"CGREF1",6.28e-96,-1.485,0.042,0.1,1.17e-91,"CGREF1"
"NLN",1.3e-95,-0.67,0.488,0.576,2.42e-91,"NLN"
"GADD45GIP1",1.33e-95,0.339,0.757,0.69,2.47e-91,"GADD45GIP1"
"PFDN1",1.35e-95,0.351,0.757,0.694,2.52e-91,"PFDN1"
"FAXC",1.98e-95,-0.691,0.326,0.428,3.68e-91,"FAXC"
"MRPL40",2.16e-95,0.409,0.657,0.578,4.03e-91,"MRPL40"
"ASNS",2.45e-95,-0.601,0.261,0.363,4.56e-91,"ASNS"
"LIN28B",4.02e-95,-0.728,0.199,0.294,7.47e-91,"LIN28B"
"MRPS7",4.4e-95,0.404,0.615,0.535,8.2e-91,"MRPS7"
"VAV3",5.23e-95,-0.875,0.17,0.258,9.74e-91,"VAV3"
"DYNLRB1",5.4e-95,0.418,0.639,0.559,1e-90,"DYNLRB1"
"COX5A",9.42e-95,0.235,0.918,0.864,1.75e-90,"COX5A"
"UBE2H",9.46e-95,0.296,0.924,0.897,1.76e-90,"UBE2H"
"ADD2",1.02e-94,-0.632,0.353,0.453,1.9e-90,"ADD2"
"ACOT7",1.24e-94,-0.702,0.307,0.407,2.32e-90,"ACOT7"
"DYNLT1",1.28e-94,0.241,0.954,0.909,2.38e-90,"DYNLT1"
"COX7A2",1.51e-94,0.16,0.97,0.928,2.8e-90,"COX7A2"
"DOCK10",1.59e-94,0.362,0.633,0.518,2.96e-90,"DOCK10"
"MERTK",1.86e-94,0.663,0.326,0.233,3.45e-90,"MERTK"
"CORO2A",2.61e-94,-2.849,0.008,0.042,4.86e-90,"CORO2A"
"PAICS",2.77e-94,0.384,0.697,0.614,5.15e-90,"PAICS"
"RNASEK",4.05e-94,0.272,0.923,0.883,7.53e-90,"RNASEK"
"ERGIC3",6.04e-94,0.389,0.672,0.599,1.12e-89,"ERGIC3"
"FRMD3",7.61e-94,-0.767,0.283,0.381,1.42e-89,"FRMD3"
"STX1A",8.14e-94,-1.507,0.04,0.095,1.51e-89,"STX1A"
"MRPL43",8.2e-94,0.34,0.737,0.665,1.53e-89,"MRPL43"
"SYT1",9.38e-94,-0.833,0.767,0.789,1.75e-89,"SYT1"
"OSBPL10",1.28e-93,-1.807,0.039,0.094,2.38e-89,"OSBPL10"
"MAP6",1.5e-93,-0.573,0.589,0.666,2.8e-89,"MAP6"
"FAIM2",1.52e-93,-1.3,0.063,0.129,2.83e-89,"FAIM2"
"DTX4",1.64e-93,0.625,0.484,0.404,3.04e-89,"DTX4"
"PAK3",1.92e-93,-0.367,0.911,0.922,3.57e-89,"PAK3"
"SERPINB6",2.1e-93,0.535,0.447,0.355,3.91e-89,"SERPINB6"
"CHP1",2.81e-93,0.535,0.476,0.391,5.23e-89,"CHP1"
"ANTXR1",3.2e-93,0.321,0.808,0.733,5.95e-89,"ANTXR1"
"BORCS7",3.67e-93,0.385,0.632,0.549,6.83e-89,"BORCS7"
"ZFP69B",4.34e-93,-1.03,0.094,0.169,8.08e-89,"ZFP69B"
"FRMPD4",4.62e-93,-1.654,0.084,0.154,8.59e-89,"FRMPD4"
"GPC2",4.66e-93,-0.578,0.238,0.336,8.67e-89,"GPC2"
"MFGE8",6.54e-93,0.431,0.48,0.377,1.22e-88,"MFGE8"
"LIN7C",7.52e-93,-0.68,0.424,0.521,1.4e-88,"LIN7C"
"POU6F2",9.08e-93,0.401,0.419,0.319,1.69e-88,"POU6F2"
"GIPC1",1.38e-92,0.467,0.549,0.465,2.56e-88,"GIPC1"
"NEU1",1.59e-92,0.617,0.391,0.301,2.95e-88,"NEU1"
"UBXN1",1.63e-92,0.356,0.745,0.681,3.03e-88,"UBXN1"
"MTA3",1.76e-92,0.347,0.698,0.618,3.27e-88,"MTA3"
"TXNL4A",2.06e-92,0.306,0.825,0.772,3.83e-88,"TXNL4A"
"KCNAB1",2.29e-92,-2.12,0.049,0.107,4.26e-88,"KCNAB1"
"STXBP6",3.49e-92,-1.257,0.084,0.155,6.5e-88,"STXBP6"
"TMEM205",3.97e-92,0.522,0.515,0.431,7.39e-88,"TMEM205"
"ASXL3",4.54e-92,-0.505,0.6,0.677,8.45e-88,"ASXL3"
"BCCIP",4.7e-92,0.368,0.707,0.634,8.75e-88,"BCCIP"
"RALGPS1",5.79e-92,-0.592,0.524,0.615,1.08e-87,"RALGPS1"
"CPLX2",7.55e-92,-0.893,0.096,0.17,1.41e-87,"CPLX2"
"ONECUT2",7.84e-92,-1.492,0.053,0.114,1.46e-87,"ONECUT2"
"PDLIM4",9.11e-92,1.466,0.121,0.058,1.7e-87,"PDLIM4"
"HMGN1",1.47e-91,0.222,0.984,0.966,2.73e-87,"HMGN1"
"KXD1",1.53e-91,0.516,0.479,0.393,2.85e-87,"KXD1"
"TTC9",1.65e-91,-0.936,0.114,0.193,3.08e-87,"TTC9"
"DNER",1.78e-91,-0.688,0.71,0.766,3.32e-87,"DNER"
"CYBRD1",2.13e-91,0.718,0.292,0.204,3.96e-87,"CYBRD1"
"CYB5R3",2.32e-91,0.452,0.584,0.504,4.32e-87,"CYB5R3"
"SON",2.98e-91,0.225,0.96,0.938,5.54e-87,"SON"
"MMD",3.35e-91,-0.731,0.269,0.368,6.24e-87,"MMD"
"HEBP1",4.13e-91,0.578,0.398,0.308,7.7e-87,"HEBP1"
"NDE1",5.27e-91,0.703,0.306,0.218,9.81e-87,"NDE1"
"IL33",5.47e-91,0.76,0.322,0.231,1.02e-86,"IL33"
"MACROD2",5.54e-91,-0.853,0.609,0.673,1.03e-86,"MACROD2"
"SLC9A3R1",6.95e-91,0.558,0.404,0.311,1.29e-86,"SLC9A3R1"
"BCAP29",7.24e-91,0.327,0.758,0.68,1.35e-86,"BCAP29"
"URM1",7.93e-91,0.483,0.498,0.414,1.48e-86,"URM1"
"PDLIM7",1.12e-90,0.69,0.325,0.236,2.09e-86,"PDLIM7"
"LHX5",1.13e-90,-2.306,0.008,0.041,2.1e-86,"LHX5"
"DUSP14",1.17e-90,0.579,0.407,0.32,2.18e-86,"DUSP14"
"AP2S1",1.26e-90,0.309,0.809,0.748,2.35e-86,"AP2S1"
"ADAMTS19",1.33e-90,-1.072,0.044,0.101,2.48e-86,"ADAMTS19"
"SNRNP25",1.5e-90,0.446,0.583,0.504,2.8e-86,"SNRNP25"
"BRD7",1.81e-90,0.34,0.818,0.764,3.37e-86,"BRD7"
"ROBO1",2.32e-90,-2.487,0.745,0.788,4.31e-86,"ROBO1"
"RPS6KL1",3.24e-90,-1.044,0.092,0.164,6.03e-86,"RPS6KL1"
"DHCR7",3.54e-90,0.56,0.514,0.436,6.59e-86,"DHCR7"
"TOB1",4.66e-90,0.529,0.457,0.367,8.67e-86,"TOB1"
"EPHA8",4.8e-90,-5.596,0.001,0.024,8.93e-86,"EPHA8"
"GNPTAB",7.04e-90,-0.706,0.421,0.511,1.31e-85,"GNPTAB"
"MRPL11",7.47e-90,0.437,0.551,0.47,1.39e-85,"MRPL11"
"TNS3",9.46e-90,0.712,0.294,0.206,1.76e-85,"TNS3"
"SMAD3",9.49e-90,0.668,0.332,0.244,1.77e-85,"SMAD3"
"NCAM2",1.08e-89,0.118,0.907,0.834,2.02e-85,"NCAM2"
"VWC2",1.84e-89,-2.925,0.013,0.051,3.42e-85,"VWC2"
"CNTN2",3.14e-89,-1.072,0.032,0.082,5.85e-85,"CNTN2"
"NCBP2",3.28e-89,0.313,0.811,0.762,6.1e-85,"NCBP2"
"DDIT4",3.33e-89,0.228,0.626,0.534,6.2e-85,"DDIT4"
"ENSG00000214265",3.94e-89,-0.536,0.704,0.765,7.33e-85,"ENSG00000214265"
"NEK7",4.42e-89,0.46,0.508,0.415,8.23e-85,"NEK7"
"COL26A1",4.77e-89,-1.585,0.044,0.1,8.88e-85,"COL26A1"
"RNH1",5.48e-89,0.366,0.706,0.635,1.02e-84,"RNH1"
"C11orf96",6.08e-89,0.523,0.488,0.393,1.13e-84,"C11orf96"
"BTBD8",6.67e-89,-0.783,0.249,0.343,1.24e-84,"BTBD8"
"EBPL",6.83e-89,0.365,0.696,0.622,1.27e-84,"EBPL"
"ZNF667",9.2e-89,-1.431,0.027,0.074,1.71e-84,"ZNF667"
"LSM3",9.69e-89,0.295,0.831,0.766,1.8e-84,"LSM3"
"CACNB2",9.97e-89,0.452,0.764,0.719,1.86e-84,"CACNB2"
"ARHGAP24",1.02e-88,-2.287,0.036,0.087,1.9e-84,"ARHGAP24"
"TPD52",1.06e-88,-1.108,0.089,0.16,1.97e-84,"TPD52"
"FBLL1",1.52e-88,-1.249,0.062,0.125,2.83e-84,"FBLL1"
"NAPB",1.58e-88,-0.766,0.224,0.317,2.94e-84,"NAPB"
"ENSG00000278905",1.62e-88,0.924,0.185,0.11,3.02e-84,"ENSG00000278905"
"GRIN1",2.49e-88,-3.155,0.004,0.032,4.63e-84,"GRIN1"
"AHCYL1",2.66e-88,0.313,0.781,0.715,4.96e-84,"AHCYL1"
"NCL",3.08e-88,0.207,0.988,0.966,5.73e-84,"NCL"
"CAMK2A",3.13e-88,-1.317,0.049,0.107,5.82e-84,"CAMK2A"
"ODC1",4.28e-88,0.18,0.991,0.962,7.96e-84,"ODC1"
"METRNL",4.58e-88,0.607,0.366,0.28,8.53e-84,"METRNL"
"CYP7B1",5.38e-88,0.547,0.458,0.366,1e-83,"CYP7B1"
"GRK3",6.11e-88,-0.619,0.403,0.503,1.14e-83,"GRK3"
"ADGRV1",7.57e-88,0.999,0.495,0.423,1.41e-83,"ADGRV1"
"FAM13A",8.21e-88,0.339,0.708,0.62,1.53e-83,"FAM13A"
"ERH",8.23e-88,0.195,0.986,0.949,1.53e-83,"ERH"
"TSC22D2",8.91e-88,0.341,0.728,0.664,1.66e-83,"TSC22D2"
"CHRNA4",9.41e-88,-1.723,0.019,0.061,1.75e-83,"CHRNA4"
"PPP1R1A",1e-87,-1.279,0.056,0.115,1.86e-83,"PPP1R1A"
"PCGF5",1.07e-87,0.544,0.534,0.449,1.99e-83,"PCGF5"
"SELENOP",1.08e-87,0.588,0.383,0.29,2.01e-83,"SELENOP"
"MAP4",1.63e-87,0.298,0.891,0.852,3.04e-83,"MAP4"
"TUBB4A",2.3e-87,-0.69,0.252,0.349,4.29e-83,"TUBB4A"
"CD151",2.63e-87,0.519,0.45,0.361,4.9e-83,"CD151"
"EMB",2.95e-87,-1.863,0.023,0.067,5.49e-83,"EMB"
"MRPL57",3.05e-87,0.323,0.779,0.714,5.68e-83,"MRPL57"
"ZNF300",3.16e-87,-0.777,0.198,0.289,5.88e-83,"ZNF300"
"PRKDC",3.25e-87,0.245,0.956,0.93,6.05e-83,"PRKDC"
"GFOD2",3.63e-87,-0.588,0.31,0.41,6.76e-83,"GFOD2"
"CLSTN2",3.85e-87,-1.308,0.101,0.173,7.17e-83,"CLSTN2"
"TMEM132D",4.48e-87,-1.741,0.035,0.085,8.33e-83,"TMEM132D"
"COL4A2",4.71e-87,0.763,0.4,0.312,8.77e-83,"COL4A2"
"LPAR4",6.49e-87,0.588,0.376,0.286,1.21e-82,"LPAR4"
"ADAM29",7.64e-87,-4.621,0.002,0.027,1.42e-82,"ADAM29"
"NDUFS4",8.32e-87,0.282,0.845,0.799,1.55e-82,"NDUFS4"
"AGAP2",8.41e-87,-1.858,0.017,0.057,1.57e-82,"AGAP2"
"TBCB",9.03e-87,0.222,0.941,0.891,1.68e-82,"TBCB"
"PDCD5",9.32e-87,0.274,0.854,0.795,1.73e-82,"PDCD5"
"ZNF483",1.09e-86,-0.817,0.283,0.378,2.04e-82,"ZNF483"
"SSNA1",1.12e-86,0.456,0.556,0.481,2.09e-82,"SSNA1"
"COA5",1.21e-86,0.426,0.608,0.532,2.26e-82,"COA5"
"ADAMTS12",1.23e-86,0.578,0.36,0.266,2.29e-82,"ADAMTS12"
"RAB5IF",1.24e-86,0.389,0.691,0.627,2.3e-82,"RAB5IF"
"NOTCH3",1.26e-86,0.747,0.273,0.191,2.35e-82,"NOTCH3"
"TFDP2",1.3e-86,0.39,0.79,0.711,2.42e-82,"TFDP2"
"ALDH2",1.73e-86,0.38,0.653,0.572,3.22e-82,"ALDH2"
"WIPF1",1.74e-86,0.481,0.468,0.375,3.24e-82,"WIPF1"
"LRRC58",1.78e-86,0.359,0.665,0.584,3.32e-82,"LRRC58"
"AFAP1",1.85e-86,-0.397,0.348,0.45,3.44e-82,"AFAP1"
"PSMD6",2.21e-86,0.357,0.676,0.604,4.11e-82,"PSMD6"
"LAGE3",2.95e-86,0.377,0.634,0.561,5.49e-82,"LAGE3"
"NUP210L",4.03e-86,-1.726,0.044,0.097,7.5e-82,"NUP210L"
"GNB5",4.41e-86,-0.652,0.323,0.419,8.22e-82,"GNB5"
"SUPT4H1",4.48e-86,0.431,0.594,0.522,8.33e-82,"SUPT4H1"
"SDHD",4.54e-86,0.403,0.605,0.525,8.45e-82,"SDHD"
"KPNB1",4.69e-86,0.282,0.896,0.858,8.74e-82,"KPNB1"
"RHOBTB3",6.86e-86,0.353,0.832,0.79,1.28e-81,"RHOBTB3"
"PTPRM",7.91e-86,0.278,0.837,0.764,1.47e-81,"PTPRM"
"ARHGDIG",8.51e-86,-1.451,0.053,0.11,1.58e-81,"ARHGDIG"
"NSD3",8.94e-86,-0.334,0.891,0.922,1.66e-81,"NSD3"
"UQCRFS1",9.09e-86,0.29,0.843,0.791,1.69e-81,"UQCRFS1"
"NECTIN3",1.15e-85,0.352,0.573,0.477,2.14e-81,"NECTIN3"
"CRISPLD1",1.27e-85,0.352,0.576,0.487,2.37e-81,"CRISPLD1"
"GNG7",1.59e-85,0.626,0.364,0.277,2.96e-81,"GNG7"
"TNFRSF12A",1.62e-85,1.243,0.146,0.079,3.01e-81,"TNFRSF12A"
"FZD3",1.64e-85,0.254,0.941,0.915,3.05e-81,"FZD3"
"COL5A2",2.02e-85,0.675,0.299,0.212,3.76e-81,"COL5A2"
"SV2B",2.08e-85,-3.187,0.003,0.03,3.88e-81,"SV2B"
"APPBP2",2.47e-85,0.304,0.801,0.748,4.6e-81,"APPBP2"
"NUDT16L1",2.57e-85,0.456,0.522,0.442,4.78e-81,"NUDT16L1"
"PEAK1",2.96e-85,0.308,0.751,0.664,5.51e-81,"PEAK1"
"SAC3D1",3.07e-85,0.538,0.484,0.404,5.71e-81,"SAC3D1"
"REXO2",3.64e-85,0.443,0.564,0.483,6.77e-81,"REXO2"
"DTNB",3.96e-85,-0.591,0.61,0.682,7.37e-81,"DTNB"
"NDUFA3",4.38e-85,0.364,0.649,0.574,8.16e-81,"NDUFA3"
"SLC16A7",5.25e-85,-0.882,0.162,0.245,9.78e-81,"SLC16A7"
"TCF3",5.76e-85,0.458,0.519,0.435,1.07e-80,"TCF3"
"GPCPD1",7.43e-85,0.303,0.819,0.767,1.38e-80,"GPCPD1"
"GMPR",7.56e-85,1.055,0.177,0.106,1.41e-80,"GMPR"
"MESD",8.14e-85,0.334,0.724,0.645,1.51e-80,"MESD"
"C1orf43",9.43e-85,0.318,0.801,0.745,1.76e-80,"C1orf43"
"CFL2",9.94e-85,0.415,0.593,0.52,1.85e-80,"CFL2"
"STXBP5",1.01e-84,-0.549,0.569,0.651,1.87e-80,"STXBP5"
"GSTM3",1.21e-84,0.394,0.679,0.613,2.26e-80,"GSTM3"
"SIAH3",1.25e-84,-2.757,0.01,0.045,2.32e-80,"SIAH3"
"NADK2",1.33e-84,0.379,0.641,0.564,2.48e-80,"NADK2"
"ACAA2",1.36e-84,0.508,0.444,0.356,2.52e-80,"ACAA2"
"RNF180",1.37e-84,0.379,0.794,0.741,2.56e-80,"RNF180"
"RIMKLA",1.74e-84,-0.915,0.122,0.199,3.24e-80,"RIMKLA"
"SGIP1",1.83e-84,-0.559,0.62,0.695,3.41e-80,"SGIP1"
"FGF13",1.92e-84,-0.983,0.416,0.5,3.57e-80,"FGF13"
"LIMCH1",2.13e-84,0.319,0.859,0.829,3.97e-80,"LIMCH1"
"SCRN1",2.38e-84,0.391,0.686,0.625,4.43e-80,"SCRN1"
"TMED9",2.47e-84,0.347,0.739,0.686,4.59e-80,"TMED9"
"FYN",2.9e-84,0.261,0.98,0.972,5.4e-80,"FYN"
"DCAF13",3.16e-84,0.377,0.66,0.582,5.88e-80,"DCAF13"
"SCAMP2",3.36e-84,0.497,0.465,0.382,6.25e-80,"SCAMP2"
"ARMCX6",3.83e-84,0.489,0.476,0.393,7.12e-80,"ARMCX6"
"PAWR",4.37e-84,0.365,0.592,0.501,8.14e-80,"PAWR"
"PRKCZ",4.56e-84,-0.983,0.091,0.161,8.49e-80,"PRKCZ"
"SH3PXD2A",4.78e-84,-0.551,0.215,0.309,8.9e-80,"SH3PXD2A"
"WWOX",5.25e-84,0.272,0.861,0.792,9.78e-80,"WWOX"
"BLCAP",5.59e-84,-0.598,0.613,0.689,1.04e-79,"BLCAP"
"MOCS2",5.77e-84,0.472,0.529,0.452,1.07e-79,"MOCS2"
"NDUFAB1",5.79e-84,0.236,0.917,0.863,1.08e-79,"NDUFAB1"
"SESTD1",6.58e-84,-0.361,0.718,0.786,1.22e-79,"SESTD1"
"ST6GALNAC3",6.71e-84,-1.004,0.377,0.467,1.25e-79,"ST6GALNAC3"
"CDO1",7e-84,0.345,0.731,0.664,1.3e-79,"CDO1"
"ATP5MC1",7.29e-84,0.287,0.852,0.799,1.36e-79,"ATP5MC1"
"PLS1",9.1e-84,-1.483,0.053,0.11,1.69e-79,"PLS1"
"ALKBH7",1.34e-83,0.335,0.709,0.638,2.5e-79,"ALKBH7"
"ANO6",1.44e-83,0.349,0.649,0.562,2.68e-79,"ANO6"
"RAB38",1.64e-83,0.953,0.174,0.103,3.05e-79,"RAB38"
"CLEC2L",1.64e-83,-3.832,0.002,0.028,3.06e-79,"CLEC2L"
"LGI2",1.65e-83,-2.979,0.006,0.035,3.06e-79,"LGI2"
"SOX3",1.71e-83,0.705,0.361,0.275,3.18e-79,"SOX3"
"VWC2L",2.1e-83,-3.02,0.033,0.08,3.92e-79,"VWC2L"
"LRRC49",2.36e-83,-0.503,0.512,0.606,4.38e-79,"LRRC49"
"PDXP",2.41e-83,-0.764,0.161,0.246,4.49e-79,"PDXP"
"MOB1B",2.55e-83,0.411,0.635,0.565,4.75e-79,"MOB1B"
"RBBP7",2.8e-83,0.282,0.856,0.799,5.21e-79,"RBBP7"
"ZBTB8B",3.92e-83,-1.038,0.085,0.152,7.29e-79,"ZBTB8B"
"JUNB",4e-83,0.828,0.257,0.176,7.44e-79,"JUNB"
"COPZ1",6.7e-83,0.343,0.723,0.66,1.25e-78,"COPZ1"
"VXN",6.95e-83,0.63,0.361,0.276,1.29e-78,"VXN"
"NT5C",7.26e-83,0.514,0.456,0.373,1.35e-78,"NT5C"
"SFXN5",7.43e-83,0.466,0.485,0.395,1.38e-78,"SFXN5"
"CDC14A",8.35e-83,0.537,0.363,0.273,1.55e-78,"CDC14A"
"FAM50A",9.46e-83,0.405,0.633,0.567,1.76e-78,"FAM50A"
"MAP1LC3B",1.16e-82,0.228,0.873,0.819,2.16e-78,"MAP1LC3B"
"SLC6A16",1.3e-82,0.7,0.306,0.222,2.42e-78,"SLC6A16"
"UACA",1.86e-82,0.602,0.342,0.255,3.46e-78,"UACA"
"ITM2C",1.98e-82,0.396,0.672,0.59,3.69e-78,"ITM2C"
"DOK4",2.22e-82,-1.597,0.024,0.068,4.13e-78,"DOK4"
"ECHS1",2.25e-82,0.37,0.682,0.615,4.19e-78,"ECHS1"
"ENSG00000288591",2.4e-82,-1.686,0.028,0.074,4.48e-78,"ENSG00000288591"
"DUSP16",2.94e-82,0.468,0.601,0.527,5.47e-78,"DUSP16"
"GYG1",3.24e-82,0.644,0.354,0.27,6.04e-78,"GYG1"
"NTN1",3.35e-82,0.163,0.623,0.526,6.23e-78,"NTN1"
"CBLN2",3.89e-82,-4.689,0.003,0.027,7.23e-78,"CBLN2"
"CMC1",4.62e-82,0.333,0.664,0.588,8.59e-78,"CMC1"
"RPL22L1",4.71e-82,0.512,0.493,0.414,8.77e-78,"RPL22L1"
"ENOSF1",5.19e-82,0.434,0.466,0.372,9.67e-78,"ENOSF1"
"MRPL28",5.22e-82,0.453,0.532,0.456,9.72e-78,"MRPL28"
"NONO",5.28e-82,0.261,0.885,0.843,9.82e-78,"NONO"
"ACAA1",1.07e-81,0.527,0.417,0.333,1.99e-77,"ACAA1"
"EVA1B",1.17e-81,0.855,0.234,0.158,2.17e-77,"EVA1B"
"SBDS",1.23e-81,0.317,0.779,0.714,2.29e-77,"SBDS"
"IFI16",1.23e-81,0.753,0.263,0.182,2.3e-77,"IFI16"
"HCN1",1.42e-81,-2.849,0.013,0.048,2.65e-77,"HCN1"
"AHRR",1.61e-81,1.087,0.149,0.084,2.99e-77,"AHRR"
"EMD",1.77e-81,0.39,0.608,0.532,3.29e-77,"EMD"
"PDK1",1.77e-81,-1.261,0.114,0.187,3.29e-77,"PDK1"
"CACNG8",1.78e-81,-0.933,0.09,0.158,3.3e-77,"CACNG8"
"CSPG5",1.9e-81,0.164,0.823,0.737,3.54e-77,"CSPG5"
"FJX1",2.21e-81,0.28,0.777,0.715,4.12e-77,"FJX1"
"BRSK1",3.02e-81,-0.832,0.149,0.229,5.62e-77,"BRSK1"
"PGM3",3.17e-81,0.427,0.588,0.513,5.9e-77,"PGM3"
"CREM",3.41e-81,0.352,0.651,0.576,6.34e-77,"CREM"
"ANP32B",3.73e-81,0.336,0.751,0.675,6.94e-77,"ANP32B"
"EIF3A",4.52e-81,0.274,0.875,0.837,8.41e-77,"EIF3A"
"SPAG16",4.71e-81,0.255,0.866,0.817,8.76e-77,"SPAG16"
"SLC1A6",5.45e-81,-0.903,0.112,0.185,1.02e-76,"SLC1A6"
"RCAN3",5.71e-81,-1.14,0.086,0.152,1.06e-76,"RCAN3"
"PCYT1B",5.78e-81,0.523,0.469,0.387,1.08e-76,"PCYT1B"
"C18orf32",6.27e-81,0.45,0.574,0.504,1.17e-76,"C18orf32"
"PRDX4",6.43e-81,0.3,0.741,0.662,1.2e-76,"PRDX4"
"ARF4",6.97e-81,0.432,0.916,0.877,1.3e-76,"ARF4"
"SUMO1",7.06e-81,0.224,0.94,0.903,1.31e-76,"SUMO1"
"SNCG",7.66e-81,1.416,0.148,0.084,1.43e-76,"SNCG"
"CHMP4B",9.52e-81,0.457,0.554,0.484,1.77e-76,"CHMP4B"
"SNU13",9.58e-81,0.249,0.894,0.841,1.78e-76,"SNU13"
"NFIB",1.11e-80,0.144,0.993,0.85,2.07e-76,"NFIB"
"PSMD14",1.4e-80,0.278,0.847,0.805,2.61e-76,"PSMD14"
"BZW2",1.46e-80,-0.461,0.407,0.499,2.72e-76,"BZW2"
"HCN3",1.64e-80,-1.188,0.06,0.118,3.05e-76,"HCN3"
"AKR1D1",1.85e-80,-3.974,0.004,0.03,3.44e-76,"AKR1D1"
"ELFN2",2e-80,-1.836,0.016,0.053,3.72e-76,"ELFN2"
"PWAR1",2.19e-80,-1.839,0.023,0.065,4.08e-76,"PWAR1"
"PDCD10",2.23e-80,0.338,0.714,0.654,4.16e-76,"PDCD10"
"APH1A",2.6e-80,0.352,0.685,0.62,4.84e-76,"APH1A"
"VPS35L",2.83e-80,0.347,0.665,0.595,5.26e-76,"VPS35L"
"IVD",3.91e-80,0.44,0.523,0.442,7.28e-76,"IVD"
"ROR1",4.04e-80,0.748,0.322,0.237,7.51e-76,"ROR1"
"SLIT1",4.12e-80,0.375,0.698,0.635,7.67e-76,"SLIT1"
"GDPD2",4.43e-80,0.774,0.26,0.181,8.25e-76,"GDPD2"
"ATF7",4.9e-80,0.38,0.646,0.571,9.12e-76,"ATF7"
"PCNX2",4.94e-80,-0.794,0.433,0.512,9.19e-76,"PCNX2"
"CCDC167",5.06e-80,0.369,0.658,0.586,9.41e-76,"CCDC167"
"SH3D19",8.17e-80,0.348,0.655,0.564,1.52e-75,"SH3D19"
"PDZD7",8.26e-80,-2.454,0.008,0.038,1.54e-75,"PDZD7"
"SFT2D1",9.94e-80,0.335,0.677,0.609,1.85e-75,"SFT2D1"
"DLK2",1.15e-79,-2.082,0.014,0.049,2.14e-75,"DLK2"
"SPPL2A",1.18e-79,0.333,0.723,0.655,2.2e-75,"SPPL2A"
"CELSR2",1.34e-79,0.501,0.49,0.414,2.5e-75,"CELSR2"
"FBXL2",1.56e-79,-0.557,0.565,0.646,2.91e-75,"FBXL2"
"SPHKAP",1.78e-79,-3.284,0.007,0.037,3.31e-75,"SPHKAP"
"HSD17B4",1.78e-79,0.315,0.736,0.671,3.32e-75,"HSD17B4"
"SELENOS",1.84e-79,0.358,0.741,0.681,3.43e-75,"SELENOS"
"BROX",1.89e-79,0.414,0.576,0.499,3.52e-75,"BROX"
"RTF2",1.98e-79,0.308,0.765,0.711,3.68e-75,"RTF2"
"BCL2",2.28e-79,0.386,0.706,0.634,4.24e-75,"BCL2"
"EVI5",2.86e-79,0.29,0.821,0.757,5.32e-75,"EVI5"
"AP1S1",2.88e-79,0.297,0.745,0.69,5.37e-75,"AP1S1"
"RPH3A",2.93e-79,-3.206,0.005,0.033,5.45e-75,"RPH3A"
"ELAPOR1",3.57e-79,-0.605,0.072,0.134,6.65e-75,"ELAPOR1"
"EID2B",3.7e-79,-0.753,0.181,0.266,6.89e-75,"EID2B"
"PDE5A",4.71e-79,-0.734,0.385,0.477,8.77e-75,"PDE5A"
"ITGA7",9.39e-79,1.114,0.188,0.118,1.75e-74,"ITGA7"
"KLHL29",9.57e-79,-0.938,0.155,0.233,1.78e-74,"KLHL29"
"GLYATL1",9.7e-79,-2.554,0.012,0.045,1.81e-74,"GLYATL1"
"SULT1C4",1.15e-78,0.548,0.355,0.271,2.14e-74,"SULT1C4"
"LYRM4",1.18e-78,0.369,0.621,0.547,2.19e-74,"LYRM4"
"MRPS28",1.22e-78,0.347,0.682,0.612,2.27e-74,"MRPS28"
"CIRBP",1.26e-78,0.179,0.99,0.971,2.34e-74,"CIRBP"
"STK32A",1.28e-78,-1.163,0.068,0.128,2.38e-74,"STK32A"
"PPIC",1.48e-78,0.616,0.301,0.217,2.76e-74,"PPIC"
"CCDC47",1.79e-78,0.33,0.701,0.635,3.34e-74,"CCDC47"
"PSMD4",1.99e-78,0.319,0.769,0.714,3.7e-74,"PSMD4"
"NBEA",2.05e-78,-0.243,0.936,0.96,3.82e-74,"NBEA"
"GUK1",2.31e-78,0.263,0.827,0.771,4.31e-74,"GUK1"
"PDCD4",2.52e-78,0.358,0.678,0.609,4.69e-74,"PDCD4"
"MRPL27",2.54e-78,0.388,0.599,0.526,4.72e-74,"MRPL27"
"CNTFR",2.63e-78,0.374,0.69,0.625,4.89e-74,"CNTFR"
"PRPF31",2.75e-78,0.378,0.619,0.547,5.12e-74,"PRPF31"
"HDAC1",3.75e-78,0.478,0.437,0.354,6.98e-74,"HDAC1"
"XRCC6",3.83e-78,0.266,0.874,0.832,7.14e-74,"XRCC6"
"PHACTR2",3.89e-78,0.403,0.494,0.402,7.25e-74,"PHACTR2"
"ACBD5",4.12e-78,0.329,0.732,0.669,7.66e-74,"ACBD5"
"CLASP2",4.59e-78,-0.332,0.954,0.967,8.55e-74,"CLASP2"
"NIFK",5.16e-78,0.295,0.759,0.693,9.61e-74,"NIFK"
"NMB",5.74e-78,1.001,0.22,0.146,1.07e-73,"NMB"
"GLRX5",6.06e-78,0.284,0.778,0.721,1.13e-73,"GLRX5"
"EBF2",6.11e-78,-3.172,0.009,0.04,1.14e-73,"EBF2"
"EPB41L4B",6.74e-78,-0.586,0.241,0.332,1.25e-73,"EPB41L4B"
"HIKESHI",7.42e-78,0.313,0.763,0.713,1.38e-73,"HIKESHI"
"MAST2",7.75e-78,-0.523,0.558,0.638,1.44e-73,"MAST2"
"HNRNPDL",8.48e-78,0.223,0.983,0.963,1.58e-73,"HNRNPDL"
"COPA",1.12e-77,0.288,0.811,0.762,2.09e-73,"COPA"
"ADK",1.13e-77,0.227,0.933,0.897,2.1e-73,"ADK"
"PAK6",1.13e-77,-1.624,0.028,0.071,2.11e-73,"PAK6"
"CA2",1.22e-77,1.17,0.154,0.09,2.28e-73,"CA2"
"EID1",1.33e-77,0.191,0.984,0.947,2.48e-73,"EID1"
"GHITM",1.36e-77,0.304,0.795,0.745,2.52e-73,"GHITM"
"MRPS14",1.38e-77,0.445,0.526,0.452,2.56e-73,"MRPS14"
"SYT6",1.41e-77,-2.553,0.01,0.041,2.62e-73,"SYT6"
"CDHR3",1.79e-77,0.26,0.537,0.442,3.33e-73,"CDHR3"
"NAV1",1.97e-77,-0.291,0.629,0.715,3.66e-73,"NAV1"
"CDC42EP4",2.09e-77,0.433,0.528,0.446,3.89e-73,"CDC42EP4"
"ARL1",2.32e-77,0.416,0.567,0.493,4.32e-73,"ARL1"
"PRDM5",2.48e-77,0.454,0.469,0.38,4.62e-73,"PRDM5"
"SYNE2",2.77e-77,0.79,0.648,0.582,5.16e-73,"SYNE2"
"TIMM10",3.02e-77,0.477,0.486,0.408,5.61e-73,"TIMM10"
"ARHGEF10",4.03e-77,0.497,0.446,0.365,7.51e-73,"ARHGEF10"
"LARP7",4.26e-77,0.331,0.673,0.605,7.93e-73,"LARP7"
"CASP6",4.84e-77,0.641,0.294,0.214,9.01e-73,"CASP6"
"EIF4B",6.74e-77,0.264,0.894,0.852,1.25e-72,"EIF4B"
"SWI5",7.2e-77,0.451,0.488,0.407,1.34e-72,"SWI5"
"NCS1",7.46e-77,-0.655,0.404,0.489,1.39e-72,"NCS1"
"IGFBP7",8.13e-77,2.024,0.174,0.107,1.51e-72,"IGFBP7"
"PTPRE",8.7e-77,0.494,0.541,0.465,1.62e-72,"PTPRE"
"HNRNPH2",8.78e-77,0.329,0.733,0.671,1.63e-72,"HNRNPH2"
"CDYL",1.43e-76,0.398,0.579,0.499,2.67e-72,"CDYL"
"PXDC1",1.7e-76,0.622,0.335,0.253,3.17e-72,"PXDC1"
"ETFRF1",2.3e-76,0.377,0.573,0.496,4.27e-72,"ETFRF1"
"FEZ2",2.3e-76,0.31,0.765,0.706,4.28e-72,"FEZ2"
"IFNAR1",2.48e-76,0.376,0.674,0.615,4.62e-72,"IFNAR1"
"ATP6AP2",2.64e-76,0.24,0.958,0.945,4.92e-72,"ATP6AP2"
"PA2G4",2.94e-76,0.304,0.802,0.746,5.46e-72,"PA2G4"
"ZCCHC24",3.19e-76,0.583,0.319,0.237,5.93e-72,"ZCCHC24"
"GNG10",3.33e-76,0.294,0.776,0.713,6.2e-72,"GNG10"
"DPY19L1",3.55e-76,0.491,0.515,0.426,6.6e-72,"DPY19L1"
"NGEF",4.47e-76,-1.912,0.02,0.059,8.32e-72,"NGEF"
"GABRA6",4.8e-76,-4.828,0.001,0.023,8.94e-72,"GABRA6"
"STMP1",5.06e-76,0.235,0.886,0.837,9.41e-72,"STMP1"
"DMBX1",5.1e-76,-4.696,0.002,0.023,9.5e-72,"DMBX1"
"CBR1",5.49e-76,0.673,0.328,0.247,1.02e-71,"CBR1"
"RFC1",6.22e-76,0.289,0.756,0.683,1.16e-71,"RFC1"
"PLGRKT",6.36e-76,0.35,0.661,0.589,1.18e-71,"PLGRKT"
"FKBP3",6.82e-76,0.296,0.866,0.82,1.27e-71,"FKBP3"
"ZNF106",7.17e-76,0.377,0.666,0.605,1.33e-71,"ZNF106"
"HEBP2",7.68e-76,0.468,0.467,0.389,1.43e-71,"HEBP2"
"B3GNT4",7.7e-76,-2.828,0.006,0.032,1.43e-71,"B3GNT4"
"EMC4",8.56e-76,0.317,0.713,0.653,1.59e-71,"EMC4"
"SCRG1",1.39e-75,0.405,0.501,0.41,2.59e-71,"SCRG1"
"NTN4",1.46e-75,-1.461,0.036,0.083,2.72e-71,"NTN4"
"ADI1",1.95e-75,0.526,0.432,0.354,3.64e-71,"ADI1"
"CCNA1",2.07e-75,-1.314,0.027,0.07,3.86e-71,"CCNA1"
"TAX1BP1",2.39e-75,0.235,0.922,0.894,4.44e-71,"TAX1BP1"
"BAD",3.61e-75,0.403,0.57,0.503,6.72e-71,"BAD"
"DHRS4L2",3.65e-75,0.524,0.393,0.312,6.79e-71,"DHRS4L2"
"NDUFB8",4.24e-75,0.29,0.792,0.739,7.89e-71,"NDUFB8"
"LGALS1",4.94e-75,1.358,0.154,0.091,9.2e-71,"LGALS1"
"CPE",5.33e-75,0.354,0.969,0.965,9.92e-71,"CPE"
"WNK3",5.75e-75,-0.464,0.578,0.657,1.07e-70,"WNK3"
"EPB41L4A",6.7e-75,0.42,0.495,0.411,1.25e-70,"EPB41L4A"
"TNRC6A",7.03e-75,0.222,0.981,0.97,1.31e-70,"TNRC6A"
"RBM8A",7.06e-75,0.263,0.837,0.782,1.31e-70,"RBM8A"
"COPRS",9.95e-75,0.302,0.769,0.713,1.85e-70,"COPRS"
"NRN1",1.37e-74,-2.131,0.033,0.078,2.56e-70,"NRN1"
"TCEA2",1.38e-74,0.332,0.714,0.656,2.56e-70,"TCEA2"
"GLS",1.54e-74,-0.483,0.472,0.563,2.87e-70,"GLS"
"POLR3GL",1.61e-74,0.369,0.623,0.557,3e-70,"POLR3GL"
"PURG",1.7e-74,-0.573,0.484,0.566,3.17e-70,"PURG"
"HEXB",1.87e-74,0.492,0.439,0.359,3.48e-70,"HEXB"
"KLF7",1.95e-74,-0.486,0.52,0.601,3.64e-70,"KLF7"
"CYRIB",1.97e-74,-0.453,0.734,0.794,3.66e-70,"CYRIB"
"TOMM22",2.41e-74,0.34,0.668,0.608,4.49e-70,"TOMM22"
"EIF4H",2.7e-74,0.339,0.659,0.597,5.02e-70,"EIF4H"
"GINM1",2.92e-74,0.316,0.72,0.659,5.44e-70,"GINM1"
"PSMD7",3.59e-74,0.28,0.819,0.764,6.67e-70,"PSMD7"
"SPIN1",3.84e-74,-0.313,0.78,0.832,7.14e-70,"SPIN1"
"NSRP1",4.11e-74,0.304,0.746,0.678,7.65e-70,"NSRP1"
"JAKMIP1",4.81e-74,-0.991,0.066,0.124,8.96e-70,"JAKMIP1"
"LSM11",5.2e-74,-1.148,0.066,0.123,9.67e-70,"LSM11"
"DLGAP3",5.93e-74,-1.965,0.014,0.047,1.1e-69,"DLGAP3"
"ARHGAP33",6.72e-74,-0.783,0.134,0.209,1.25e-69,"ARHGAP33"
"CHD3",8.63e-74,-0.472,0.209,0.296,1.61e-69,"CHD3"
"HBP1",1.04e-73,0.466,0.478,0.399,1.93e-69,"HBP1"
"ATP5F1B",1.09e-73,0.237,0.921,0.885,2.02e-69,"ATP5F1B"
"PSMA3",1.12e-73,0.262,0.859,0.815,2.08e-69,"PSMA3"
"TMX1",1.14e-73,0.342,0.595,0.513,2.12e-69,"TMX1"
"PCSK2",1.69e-73,-0.842,0.082,0.144,3.15e-69,"PCSK2"
"SLC39A11",1.87e-73,0.496,0.452,0.371,3.47e-69,"SLC39A11"
"PLEKHA1",1.89e-73,-0.692,0.258,0.347,3.52e-69,"PLEKHA1"
"MCAM",2.08e-73,0.711,0.256,0.18,3.88e-69,"MCAM"
"PCDH11X",2.13e-73,-1.839,0.109,0.175,3.97e-69,"PCDH11X"
"HEG1",2.19e-73,0.73,0.307,0.229,4.08e-69,"HEG1"
"TMEM117",2.78e-73,0.308,0.684,0.603,5.17e-69,"TMEM117"
"ADAM17",2.96e-73,0.319,0.695,0.632,5.52e-69,"ADAM17"
"CRTAP",3e-73,0.515,0.407,0.329,5.59e-69,"CRTAP"
"RUBCNL",3.41e-73,1.174,0.113,0.058,6.34e-69,"RUBCNL"
"CELSR1",3.73e-73,0.579,0.376,0.295,6.94e-69,"CELSR1"
"TCEAL4",4.56e-73,0.26,0.902,0.863,8.49e-69,"TCEAL4"
"OXR1",5.53e-73,0.373,0.73,0.679,1.03e-68,"OXR1"
"IFT80",7.05e-73,0.397,0.566,0.491,1.31e-68,"IFT80"
"GATAD2A",7.47e-73,0.396,0.551,0.476,1.39e-68,"GATAD2A"
"VPS35",8.33e-73,0.252,0.88,0.841,1.55e-68,"VPS35"
"SLC25A1",8.36e-73,0.573,0.383,0.308,1.56e-68,"SLC25A1"
"PDIK1L",9.91e-73,-0.632,0.274,0.362,1.84e-68,"PDIK1L"
"RBM17",1.01e-72,0.282,0.819,0.768,1.88e-68,"RBM17"
"RGS7BP",1.05e-72,-0.952,0.129,0.2,1.95e-68,"RGS7BP"
"MACROH2A1",1.2e-72,0.245,0.913,0.869,2.24e-68,"MACROH2A1"
"MAPKAPK3",1.25e-72,0.694,0.255,0.181,2.33e-68,"MAPKAPK3"
"SLC2A13",1.35e-72,-0.872,0.305,0.388,2.52e-68,"SLC2A13"
"CLCN4",1.72e-72,-0.628,0.245,0.332,3.2e-68,"CLCN4"
"GTF2I",2.29e-72,0.199,0.987,0.978,4.25e-68,"GTF2I"
"SAMD3",2.45e-72,-2.16,0.03,0.073,4.57e-68,"SAMD3"
"CTNND1",2.52e-72,0.376,0.638,0.576,4.69e-68,"CTNND1"
"SP110",2.62e-72,0.69,0.258,0.183,4.87e-68,"SP110"
"LRIG3",2.68e-72,0.662,0.291,0.214,4.99e-68,"LRIG3"
"CORO1A",2.82e-72,-1.291,0.04,0.088,5.24e-68,"CORO1A"
"MLF1",2.88e-72,0.277,0.691,0.61,5.36e-68,"MLF1"
"DPH6",3e-72,0.291,0.708,0.621,5.58e-68,"DPH6"
"PSMD10",3.6e-72,0.304,0.757,0.707,6.7e-68,"PSMD10"
"RB1",3.95e-72,0.277,0.815,0.757,7.36e-68,"RB1"
"MPDZ",5.62e-72,0.259,0.816,0.751,1.05e-67,"MPDZ"
"CTSA",6.02e-72,0.688,0.282,0.208,1.12e-67,"CTSA"
"RNF181",6.65e-72,0.402,0.582,0.518,1.24e-67,"RNF181"
"MICU3",6.69e-72,-0.484,0.53,0.617,1.25e-67,"MICU3"
"NDUFS7",7.01e-72,0.363,0.642,0.58,1.31e-67,"NDUFS7"
"PRIM1",7.08e-72,-0.523,0.18,0.264,1.32e-67,"PRIM1"
"TSPAN11",8e-72,0.452,0.44,0.363,1.49e-67,"TSPAN11"
"PSMA5",9.39e-72,0.299,0.755,0.704,1.75e-67,"PSMA5"
"KDM3B",9.93e-72,0.31,0.76,0.706,1.85e-67,"KDM3B"
"LTA4H",1.01e-71,0.375,0.553,0.479,1.88e-67,"LTA4H"
"ILF2",1.03e-71,0.243,0.895,0.843,1.92e-67,"ILF2"
"BAZ1A",1.23e-71,0.356,0.638,0.558,2.29e-67,"BAZ1A"
"ULK4",1.28e-71,0.352,0.615,0.533,2.38e-67,"ULK4"
"CCT4",1.37e-71,0.234,0.906,0.862,2.54e-67,"CCT4"
"B4GALNT3",2.08e-71,-1.859,0.021,0.059,3.88e-67,"B4GALNT3"
"ASXL2",2.3e-71,0.348,0.623,0.548,4.27e-67,"ASXL2"
"GNAZ",2.47e-71,-0.915,0.095,0.159,4.6e-67,"GNAZ"
"SERPINI2",2.51e-71,0.714,0.251,0.176,4.66e-67,"SERPINI2"
"RERE",2.95e-71,-0.318,0.973,0.98,5.49e-67,"RERE"
"KALRN",2.95e-71,-0.297,0.892,0.92,5.49e-67,"KALRN"
"ATP8B4",3.04e-71,-3.91,0.003,0.027,5.65e-67,"ATP8B4"
"C4orf19",3.07e-71,0.825,0.199,0.13,5.72e-67,"C4orf19"
"SPIRE1",3.1e-71,0.382,0.915,0.882,5.76e-67,"SPIRE1"
"TMCO1",3.5e-71,0.258,0.881,0.844,6.51e-67,"TMCO1"
"EEF1B2",3.92e-71,0.311,0.924,0.882,7.3e-67,"EEF1B2"
"SFT2D2",4.18e-71,0.476,0.451,0.377,7.78e-67,"SFT2D2"
"ZHX2",4.23e-71,0.252,0.678,0.592,7.88e-67,"ZHX2"
"ADAMTS9",4.29e-71,1.346,0.103,0.051,7.98e-67,"ADAMTS9"
"TRNP1",4.43e-71,-1.503,0.023,0.062,8.25e-67,"TRNP1"
"SLC17A6",4.57e-71,-3.107,0.009,0.038,8.51e-67,"SLC17A6"
"PTRHD1",4.59e-71,0.576,0.336,0.261,8.55e-67,"PTRHD1"
"SCAMP5",4.67e-71,-0.618,0.275,0.365,8.69e-67,"SCAMP5"
"CCDC3",5.59e-71,-0.99,0.103,0.168,1.04e-66,"CCDC3"
"RGS12",5.62e-71,0.345,0.652,0.585,1.05e-66,"RGS12"
"ZDHHC4",5.71e-71,0.434,0.487,0.412,1.06e-66,"ZDHHC4"
"PTGFRN",7.14e-71,0.556,0.412,0.338,1.33e-66,"PTGFRN"
"SS18",7.36e-71,0.366,0.585,0.514,1.37e-66,"SS18"
"PPFIA4",7.52e-71,-1.123,0.078,0.137,1.4e-66,"PPFIA4"
"SCG3",7.83e-71,-0.226,0.732,0.816,1.46e-66,"SCG3"
"TFPI",7.95e-71,0.429,0.475,0.383,1.48e-66,"TFPI"
"BHLHE41",9.16e-71,0.527,0.357,0.277,1.71e-66,"BHLHE41"
"KCNK12",9.42e-71,-1.178,0.062,0.117,1.75e-66,"KCNK12"
"IL1RAPL1",9.79e-71,-0.751,0.79,0.82,1.82e-66,"IL1RAPL1"
"SPAG9",1.01e-70,0.238,0.917,0.889,1.87e-66,"SPAG9"
"SLC6A6",1.24e-70,-1.378,0.033,0.076,2.31e-66,"SLC6A6"
"GRIN2D",1.44e-70,-0.926,0.144,0.217,2.68e-66,"GRIN2D"
"RAB18",1.53e-70,0.279,0.874,0.836,2.85e-66,"RAB18"
"UBE3A",1.71e-70,-0.462,0.882,0.907,3.17e-66,"UBE3A"
"UBE2D3",2.07e-70,0.211,0.936,0.909,3.85e-66,"UBE2D3"
"TET1",2.15e-70,0.268,0.803,0.746,4.01e-66,"TET1"
"NDUFB6",2.32e-70,0.294,0.785,0.738,4.31e-66,"NDUFB6"
"FHIT",2.35e-70,0.417,0.451,0.36,4.37e-66,"FHIT"
"GRIK3",2.55e-70,-0.79,0.102,0.168,4.76e-66,"GRIK3"
"NRG2",2.83e-70,-0.857,0.192,0.269,5.26e-66,"NRG2"
"MAPK8",2.9e-70,-0.338,0.79,0.837,5.4e-66,"MAPK8"
"CBL",3.16e-70,0.308,0.749,0.692,5.88e-66,"CBL"
"GTF2F2",3.56e-70,0.283,0.809,0.757,6.62e-66,"GTF2F2"
"RAB9B",3.72e-70,-0.69,0.198,0.279,6.92e-66,"RAB9B"
"RBMS2",4.15e-70,0.487,0.411,0.332,7.72e-66,"RBMS2"
"PDZD11",4.4e-70,0.376,0.558,0.487,8.19e-66,"PDZD11"
"IFITM1",4.81e-70,2.883,0.032,0.005,8.96e-66,"IFITM1"
"POLH",5.23e-70,0.606,0.349,0.273,9.73e-66,"POLH"
"EIF2S3",5.6e-70,0.305,0.768,0.719,1.04e-65,"EIF2S3"
"RCOR1",5.79e-70,0.389,0.635,0.568,1.08e-65,"RCOR1"
"PRR5L",5.85e-70,0.467,0.382,0.3,1.09e-65,"PRR5L"
"JAG2",6.44e-70,-2.801,0.005,0.03,1.2e-65,"JAG2"
"COMMD4",7.43e-70,0.486,0.414,0.337,1.38e-65,"COMMD4"
"PXMP2",7.49e-70,0.493,0.432,0.356,1.39e-65,"PXMP2"
"KLHL25",8.04e-70,0.516,0.42,0.346,1.5e-65,"KLHL25"
"CALCOCO2",8.81e-70,0.441,0.464,0.389,1.64e-65,"CALCOCO2"
"HTR1E",9.25e-70,-3.319,0.005,0.03,1.72e-65,"HTR1E"
"TMEM141",1.02e-69,0.602,0.337,0.263,1.9e-65,"TMEM141"
"APOO",1.14e-69,0.362,0.563,0.492,2.11e-65,"APOO"
"GLTP",1.2e-69,0.452,0.478,0.405,2.23e-65,"GLTP"
"TUBA1B",1.28e-69,0.275,0.971,0.936,2.37e-65,"TUBA1B"
"SPATA18",1.34e-69,1.956,0.046,0.013,2.5e-65,"SPATA18"
"TM7SF3",1.62e-69,0.339,0.708,0.657,3.01e-65,"TM7SF3"
"SLC25A23",1.67e-69,0.495,0.439,0.367,3.11e-65,"SLC25A23"
"HERC3",1.9e-69,-0.77,0.227,0.308,3.53e-65,"HERC3"
"FYB2",2.18e-69,2.18,0.048,0.014,4.06e-65,"FYB2"
"PPIP5K2",2.48e-69,-0.446,0.589,0.666,4.61e-65,"PPIP5K2"
"BAG1",2.81e-69,0.346,0.641,0.578,5.23e-65,"BAG1"
"C1QBP",3.45e-69,0.243,0.863,0.817,6.41e-65,"C1QBP"
"GDAP1L1",3.45e-69,-0.551,0.3,0.386,6.41e-65,"GDAP1L1"
"GPR12",3.83e-69,-1.129,0.036,0.08,7.12e-65,"GPR12"
"SMO",5.62e-69,0.541,0.344,0.267,1.05e-64,"SMO"
"DTHD1",5.86e-69,0.453,0.341,0.255,1.09e-64,"DTHD1"
"SLITRK1",6.02e-69,-1.332,0.038,0.083,1.12e-64,"SLITRK1"
"VSTM2A",6.3e-69,-0.849,0.241,0.323,1.17e-64,"VSTM2A"
"TCIM",7.1e-69,0.75,0.22,0.15,1.32e-64,"TCIM"
"GNPTG",8.27e-69,0.405,0.515,0.441,1.54e-64,"GNPTG"
"DOC2B",9.99e-69,-1.398,0.039,0.085,1.86e-64,"DOC2B"
"F12",1.04e-68,-2.514,0.006,0.032,1.94e-64,"F12"
"JAKMIP3",1.14e-68,-1.757,0.024,0.062,2.12e-64,"JAKMIP3"
"PGGT1B",1.37e-68,0.39,0.506,0.432,2.56e-64,"PGGT1B"
"RP2",1.39e-68,0.532,0.365,0.29,2.58e-64,"RP2"
"NDUFS3",1.63e-68,0.349,0.653,0.593,3.03e-64,"NDUFS3"
"EPDR1",1.63e-68,0.476,0.412,0.332,3.03e-64,"EPDR1"
"ACOX1",1.7e-68,0.371,0.554,0.486,3.17e-64,"ACOX1"
"SLC30A3",1.72e-68,-3.017,0.004,0.026,3.2e-64,"SLC30A3"
"TLN1",1.72e-68,0.344,0.636,0.576,3.21e-64,"TLN1"
"M6PR",1.82e-68,0.375,0.614,0.552,3.38e-64,"M6PR"
"DGKE",2.51e-68,-0.683,0.207,0.288,4.67e-64,"DGKE"
"TPR",2.8e-68,0.241,0.889,0.847,5.22e-64,"TPR"
"PARP14",2.85e-68,0.63,0.281,0.206,5.3e-64,"PARP14"
"GJD2",2.86e-68,-5.512,0,0.018,5.32e-64,"GJD2"
"GJA1",2.93e-68,0.479,0.408,0.321,5.45e-64,"GJA1"
"SMARCA5",3e-68,0.22,0.898,0.85,5.59e-64,"SMARCA5"
"PLXNA4",3.13e-68,-0.423,0.252,0.336,5.83e-64,"PLXNA4"
"FOXN3",3.24e-68,0.316,0.85,0.811,6.04e-64,"FOXN3"
"GPX8",4.27e-68,0.649,0.294,0.22,7.95e-64,"GPX8"
"NDP",4.94e-68,0.705,0.258,0.187,9.19e-64,"NDP"
"DRAP1",5.21e-68,0.238,0.833,0.785,9.7e-64,"DRAP1"
"TUB",5.22e-68,-0.571,0.293,0.382,9.71e-64,"TUB"
"DLK1",5.48e-68,0.942,0.183,0.116,1.02e-63,"DLK1"
"CDC34",5.67e-68,0.395,0.565,0.502,1.06e-63,"CDC34"
"SLC9A9",7.21e-68,0.486,0.401,0.319,1.34e-63,"SLC9A9"
"PIK3CB",8.06e-68,0.331,0.646,0.577,1.5e-63,"PIK3CB"
"CDC26",1.11e-67,0.386,0.565,0.498,2.06e-63,"CDC26"
"DCTN2",1.12e-67,0.267,0.829,0.785,2.09e-63,"DCTN2"
"SNX17",1.18e-67,0.412,0.503,0.432,2.19e-63,"SNX17"
"ZFAND3",1.21e-67,0.185,0.98,0.967,2.25e-63,"ZFAND3"
"FLRT2",1.3e-67,-0.93,0.19,0.267,2.41e-63,"FLRT2"
"CPLX3",1.31e-67,-4.054,0.002,0.023,2.45e-63,"CPLX3"
"AJAP1",1.32e-67,-1.803,0.026,0.065,2.46e-63,"AJAP1"
"NHP2",1.32e-67,0.291,0.74,0.68,2.47e-63,"NHP2"
"ACACB",1.42e-67,0.638,0.28,0.207,2.65e-63,"ACACB"
"CNKSR3",1.47e-67,0.595,0.317,0.241,2.74e-63,"CNKSR3"
"MBNL1",1.59e-67,0.297,0.758,0.693,2.96e-63,"MBNL1"
"KCNH7",1.64e-67,-0.318,0.769,0.831,3.04e-63,"KCNH7"
"RRAGC",1.64e-67,0.363,0.575,0.506,3.06e-63,"RRAGC"
"GREB1L",1.81e-67,0.45,0.747,0.735,3.38e-63,"GREB1L"
"TMEM255A",1.95e-67,1.006,0.152,0.092,3.63e-63,"TMEM255A"
"RDH11",2.04e-67,0.292,0.82,0.781,3.79e-63,"RDH11"
"UBE2T",2.07e-67,-0.19,0.23,0.319,3.85e-63,"UBE2T"
"MEST",2.08e-67,0.312,0.758,0.699,3.88e-63,"MEST"
"CWC15",2.25e-67,0.274,0.799,0.751,4.18e-63,"CWC15"
"SHOX2",2.29e-67,-3.97,0.007,0.033,4.27e-63,"SHOX2"
"CHRM3",2.55e-67,-1.626,0.109,0.17,4.75e-63,"CHRM3"
"E2F5",2.7e-67,0.322,0.601,0.529,5.02e-63,"E2F5"
"ATXN10",2.71e-67,0.216,0.952,0.934,5.04e-63,"ATXN10"
"IDH2",3.08e-67,0.342,0.733,0.667,5.74e-63,"IDH2"
"ZNF385B",3.1e-67,-2.256,0.013,0.044,5.77e-63,"ZNF385B"
"LAMC1",3.38e-67,0.501,0.425,0.347,6.29e-63,"LAMC1"
"NUTF2",3.56e-67,0.333,0.646,0.585,6.62e-63,"NUTF2"
"MRPL33",4.48e-67,0.269,0.751,0.694,8.34e-63,"MRPL33"
"VPS28",4.48e-67,0.282,0.751,0.69,8.34e-63,"VPS28"
"GDE1",4.56e-67,0.453,0.458,0.386,8.48e-63,"GDE1"
"ERP29",4.57e-67,0.259,0.851,0.809,8.5e-63,"ERP29"
"CAMKV",4.77e-67,-1.172,0.034,0.077,8.88e-63,"CAMKV"
"ZNF793",4.83e-67,-0.536,0.337,0.426,8.99e-63,"ZNF793"
"SCCPDH",5.27e-67,0.281,0.755,0.705,9.8e-63,"SCCPDH"
"POP5",5.32e-67,0.382,0.557,0.489,9.9e-63,"POP5"
"C1orf198",6.45e-67,0.535,0.369,0.295,1.2e-62,"C1orf198"
"ARL6IP4",6.5e-67,0.33,0.64,0.578,1.21e-62,"ARL6IP4"
"CUEDC2",6.87e-67,0.29,0.713,0.654,1.28e-62,"CUEDC2"
"NFIL3",7.09e-67,-0.667,0.165,0.241,1.32e-62,"NFIL3"
"RORA",7.23e-67,0.222,0.89,0.819,1.35e-62,"RORA"
"GDI2",8.13e-67,0.266,0.816,0.77,1.51e-62,"GDI2"
"CNBP",8.82e-67,0.215,0.885,0.832,1.64e-62,"CNBP"
"LACTB2",1.16e-66,0.417,0.449,0.368,2.16e-62,"LACTB2"
"PTGES3",1.3e-66,0.171,0.99,0.968,2.43e-62,"PTGES3"
"NPEPPS",1.35e-66,0.244,0.856,0.825,2.51e-62,"NPEPPS"
"TTYH2",1.37e-66,0.637,0.288,0.216,2.54e-62,"TTYH2"
"EXTL3",1.37e-66,0.498,0.537,0.472,2.55e-62,"EXTL3"
"EIF4A2",1.38e-66,-0.359,0.961,0.958,2.57e-62,"EIF4A2"
"FAM135B",1.51e-66,-0.871,0.178,0.252,2.8e-62,"FAM135B"
"TBL1X",1.51e-66,0.234,0.824,0.756,2.81e-62,"TBL1X"
"CAPZA2",1.57e-66,0.231,0.898,0.863,2.92e-62,"CAPZA2"
"CRYL1",1.77e-66,0.362,0.56,0.483,3.29e-62,"CRYL1"
"CCT6A",1.88e-66,0.226,0.937,0.899,3.5e-62,"CCT6A"
"ZIC1",2.03e-66,1.361,0.12,0.066,3.77e-62,"ZIC1"
"DAO",2.3e-66,-3.539,0.002,0.023,4.29e-62,"DAO"
"CNP",2.3e-66,0.427,0.485,0.413,4.29e-62,"CNP"
"TRIM46",2.31e-66,-1.241,0.036,0.08,4.3e-62,"TRIM46"
"CCDC25",2.58e-66,0.408,0.5,0.43,4.8e-62,"CCDC25"
"UBTD1",2.71e-66,0.772,0.213,0.146,5.05e-62,"UBTD1"
"GAS8",3.11e-66,-1.266,0.047,0.095,5.78e-62,"GAS8"
"WIPI1",4.61e-66,0.613,0.282,0.21,8.59e-62,"WIPI1"
"MCRIP1",4.62e-66,0.317,0.7,0.646,8.59e-62,"MCRIP1"
"PELI1",4.87e-66,0.359,0.602,0.531,9.06e-62,"PELI1"
"COL27A1",5.04e-66,0.591,0.286,0.212,9.38e-62,"COL27A1"
"DLG2",5.45e-66,-0.614,0.9,0.915,1.01e-61,"DLG2"
"NSDHL",5.62e-66,0.57,0.365,0.292,1.05e-61,"NSDHL"
"NDUFAF3",6.52e-66,0.344,0.613,0.55,1.21e-61,"NDUFAF3"
"CTXND1",6.89e-66,0.724,0.236,0.165,1.28e-61,"CTXND1"
"CRLS1",6.98e-66,0.357,0.609,0.548,1.3e-61,"CRLS1"
"HINT2",6.99e-66,0.544,0.381,0.31,1.3e-61,"HINT2"
"RAB11FIP4",7.61e-66,-0.847,0.138,0.207,1.42e-61,"RAB11FIP4"
"TRIO",7.9e-66,-0.366,0.853,0.885,1.47e-61,"TRIO"
"EFNA4",8.05e-66,0.822,0.203,0.138,1.5e-61,"EFNA4"
"SLC4A10",9.17e-66,-0.404,0.654,0.728,1.71e-61,"SLC4A10"
"DIAPH2",1.13e-65,0.154,0.659,0.574,2.1e-61,"DIAPH2"
"ZNF423",1.14e-65,0.371,0.526,0.449,2.12e-61,"ZNF423"
"SULF2",1.29e-65,0.47,0.519,0.444,2.41e-61,"SULF2"
"PID1",1.36e-65,-0.657,0.375,0.462,2.54e-61,"PID1"
"PSMD2",1.42e-65,0.281,0.794,0.745,2.65e-61,"PSMD2"
"GTF2H5",1.44e-65,0.258,0.827,0.782,2.68e-61,"GTF2H5"
"ARHGAP28",1.52e-65,-0.882,0.148,0.219,2.82e-61,"ARHGAP28"
"DPM3",1.67e-65,0.428,0.476,0.407,3.1e-61,"DPM3"
"CACNG3",1.75e-65,-4.653,0.001,0.019,3.25e-61,"CACNG3"
"SYT7",2.61e-65,-1.476,0.039,0.082,4.85e-61,"SYT7"
"PGM1",2.99e-65,0.429,0.43,0.356,5.57e-61,"PGM1"
"PHYHIPL",3.66e-65,0.25,0.908,0.899,6.81e-61,"PHYHIPL"
"MGME1",4.07e-65,0.519,0.371,0.296,7.58e-61,"MGME1"
"APP",4.61e-65,0.155,0.987,0.978,8.59e-61,"APP"
"ZNF124",5.07e-65,-0.555,0.277,0.363,9.43e-61,"ZNF124"
"A1BG",5.22e-65,0.46,0.43,0.356,9.72e-61,"A1BG"
"AK6",5.75e-65,0.35,0.587,0.524,1.07e-60,"AK6"
"NACC2",5.86e-65,0.669,0.257,0.187,1.09e-60,"NACC2"
"NOTCH2NLA",5.96e-65,0.629,0.281,0.209,1.11e-60,"NOTCH2NLA"
"PDE7A",6.43e-65,-0.347,0.607,0.688,1.2e-60,"PDE7A"
"CSTPP1",6.59e-65,0.226,0.908,0.877,1.23e-60,"CSTPP1"
"TRAF3IP2",6.69e-65,0.468,0.42,0.346,1.25e-60,"TRAF3IP2"
"AHCY",6.96e-65,0.527,0.378,0.308,1.3e-60,"AHCY"
"TNFAIP1",7.83e-65,0.511,0.388,0.316,1.46e-60,"TNFAIP1"
"PRKD3",8.82e-65,0.403,0.498,0.423,1.64e-60,"PRKD3"
"TMX4",9.31e-65,-0.547,0.516,0.593,1.73e-60,"TMX4"
"ATP6V0B",9.46e-65,-0.42,0.844,0.871,1.76e-60,"ATP6V0B"
"ASTN1",1.09e-64,-0.352,0.647,0.724,2.02e-60,"ASTN1"
"SLC16A1",1.09e-64,0.352,0.552,0.48,2.03e-60,"SLC16A1"
"ARNTL",1.13e-64,0.479,0.396,0.321,2.1e-60,"ARNTL"
"ABHD4",1.16e-64,0.768,0.223,0.157,2.15e-60,"ABHD4"
"DESI2",1.2e-64,0.32,0.637,0.573,2.23e-60,"DESI2"
"CKMT1B",1.27e-64,-1.986,0.014,0.045,2.36e-60,"CKMT1B"
"BUD31",1.27e-64,0.281,0.744,0.687,2.37e-60,"BUD31"
"ENSG00000280000",1.37e-64,-2.066,0.011,0.04,2.56e-60,"ENSG00000280000"
"ERBB2",1.42e-64,0.598,0.302,0.231,2.64e-60,"ERBB2"
"RAB5A",1.55e-64,0.293,0.785,0.74,2.88e-60,"RAB5A"
"GALNT17",1.57e-64,0.59,0.471,0.4,2.92e-60,"GALNT17"
"MRPL18",1.6e-64,0.302,0.729,0.68,2.98e-60,"MRPL18"
"MAB21L1",1.7e-64,-3.775,0.008,0.034,3.17e-60,"MAB21L1"
"GAD1",1.85e-64,-0.538,0.186,0.26,3.44e-60,"GAD1"
"NRARP",2.05e-64,0.601,0.325,0.252,3.81e-60,"NRARP"
"ZNF583",2.12e-64,-0.597,0.283,0.366,3.94e-60,"ZNF583"
"VSTM4",2.32e-64,0.524,0.357,0.28,4.32e-60,"VSTM4"
"DAAM1",2.38e-64,-0.437,0.854,0.879,4.44e-60,"DAAM1"
"WSCD2",2.4e-64,-2.422,0.013,0.042,4.47e-60,"WSCD2"
"RAB8A",2.6e-64,0.388,0.531,0.463,4.84e-60,"RAB8A"
"MICA",4.23e-64,0.737,0.229,0.162,7.88e-60,"MICA"
"GDPD5",5.06e-64,-1.713,0.015,0.046,9.42e-60,"GDPD5"
"FBLIM1",5.57e-64,-1.618,0.019,0.053,1.04e-59,"FBLIM1"
"IL6ST",5.81e-64,0.53,0.375,0.302,1.08e-59,"IL6ST"
"CBY1",7.72e-64,0.375,0.588,0.527,1.44e-59,"CBY1"
"MITF",8.11e-64,0.659,0.263,0.191,1.51e-59,"MITF"
"DGCR6L",8.47e-64,0.445,0.455,0.388,1.58e-59,"DGCR6L"
"TXNDC12",8.81e-64,0.312,0.634,0.568,1.64e-59,"TXNDC12"
"SREBF2",9.88e-64,0.251,0.856,0.823,1.84e-59,"SREBF2"
"TTC28",1.08e-63,0.284,0.986,0.969,2.01e-59,"TTC28"
"ENSG00000239920",1.21e-63,0.771,0.203,0.138,2.26e-59,"ENSG00000239920"
"ST7",1.22e-63,-0.362,0.709,0.772,2.26e-59,"ST7"
"RAB1A",1.7e-63,0.248,0.877,0.845,3.17e-59,"RAB1A"
"IFI6",1.88e-63,0.507,0.341,0.266,3.5e-59,"IFI6"
"ADARB1",2.03e-63,-0.753,0.15,0.219,3.77e-59,"ADARB1"
"TMEM165",2.22e-63,0.238,0.814,0.768,4.13e-59,"TMEM165"
"WDR1",2.23e-63,0.462,0.446,0.378,4.15e-59,"WDR1"
"FOXK1",2.3e-63,0.344,0.603,0.534,4.28e-59,"FOXK1"
"CCND1",2.34e-63,0.561,0.275,0.202,4.36e-59,"CCND1"
"CDH1",2.75e-63,0.956,0.145,0.088,5.13e-59,"CDH1"
"RNF141",3.43e-63,0.46,0.458,0.391,6.38e-59,"RNF141"
"KCNH5",3.87e-63,-2.81,0.012,0.04,7.21e-59,"KCNH5"
"RPL26L1",3.89e-63,0.298,0.68,0.624,7.24e-59,"RPL26L1"
"FUBP3",4.06e-63,0.293,0.705,0.652,7.56e-59,"FUBP3"
"ECH1",4.67e-63,0.343,0.582,0.517,8.7e-59,"ECH1"
"PRTFDC1",4.93e-63,0.382,0.512,0.431,9.17e-59,"PRTFDC1"
"FUNDC2",5.1e-63,0.354,0.576,0.51,9.49e-59,"FUNDC2"
"DMRTA2",5.75e-63,0.785,0.178,0.115,1.07e-58,"DMRTA2"
"PEF1",6.22e-63,0.418,0.518,0.453,1.16e-58,"PEF1"
"CTDNEP1",6.82e-63,0.285,0.76,0.714,1.27e-58,"CTDNEP1"
"NECAP1",6.9e-63,-0.633,0.281,0.362,1.28e-58,"NECAP1"
"SALL3",7.45e-63,0.34,0.479,0.395,1.39e-58,"SALL3"
"GLCE",8.32e-63,-0.757,0.322,0.398,1.55e-58,"GLCE"
"TMEM9",8.97e-63,0.373,0.611,0.55,1.67e-58,"TMEM9"
"C21orf62",9.28e-63,0.575,0.388,0.313,1.73e-58,"C21orf62"
"MPP3",9.74e-63,-0.712,0.124,0.191,1.81e-58,"MPP3"
"HSP90AB1",9.96e-63,0.131,0.999,0.995,1.85e-58,"HSP90AB1"
"NT5DC1",1e-62,0.581,0.33,0.257,1.87e-58,"NT5DC1"
"PIK3R1",1.15e-62,0.258,0.833,0.778,2.15e-58,"PIK3R1"
"NBPF26",1.25e-62,0.757,0.218,0.153,2.33e-58,"NBPF26"
"ARHGDIA",1.3e-62,0.403,0.55,0.49,2.42e-58,"ARHGDIA"
"SLITRK3",1.41e-62,-1.175,0.06,0.111,2.63e-58,"SLITRK3"
"MRPL16",1.42e-62,0.413,0.483,0.417,2.64e-58,"MRPL16"
"NDUFB9",1.44e-62,0.252,0.805,0.755,2.68e-58,"NDUFB9"
"THSD7A",1.81e-62,-0.683,0.51,0.571,3.37e-58,"THSD7A"
"KCNA3",2.55e-62,-0.974,0.096,0.155,4.75e-58,"KCNA3"
"ACVR2A",2.57e-62,-0.355,0.585,0.664,4.78e-58,"ACVR2A"
"GRSF1",2.59e-62,0.329,0.662,0.608,4.83e-58,"GRSF1"
"VAV2",2.6e-62,0.464,0.434,0.365,4.84e-58,"VAV2"
"COPG2",2.64e-62,-0.569,0.476,0.554,4.91e-58,"COPG2"
"SOX11",2.94e-62,-0.24,0.878,0.895,5.46e-58,"SOX11"
"SPG21",3.94e-62,0.337,0.623,0.565,7.33e-58,"SPG21"
"STOX1",4.22e-62,0.474,0.36,0.286,7.86e-58,"STOX1"
"ADAM19",4.86e-62,-1.087,0.07,0.123,9.04e-58,"ADAM19"
"DNAJC3",5.37e-62,0.352,0.64,0.577,9.99e-58,"DNAJC3"
"SHISA8",6.08e-62,-2.217,0.011,0.039,1.13e-57,"SHISA8"
"NEBL",6.65e-62,-0.253,0.4,0.493,1.24e-57,"NEBL"
"ADD1",6.82e-62,0.264,0.812,0.777,1.27e-57,"ADD1"
"SHMT2",8.58e-62,0.424,0.456,0.381,1.6e-57,"SHMT2"
"PLPBP",8.69e-62,0.436,0.463,0.395,1.62e-57,"PLPBP"
"ATRNL1",9.05e-62,-0.379,0.591,0.658,1.68e-57,"ATRNL1"
"KCNMB2",9.56e-62,-1.692,0.017,0.049,1.78e-57,"KCNMB2"
"HEXA",1.08e-61,0.363,0.56,0.496,2.01e-57,"HEXA"
"LBH",1.09e-61,-0.593,0.313,0.393,2.03e-57,"LBH"
"IGLON5",1.14e-61,-1.078,0.054,0.102,2.12e-57,"IGLON5"
"LAMTOR3",1.29e-61,0.316,0.66,0.607,2.4e-57,"LAMTOR3"
"DCTD",1.39e-61,0.473,0.403,0.334,2.59e-57,"DCTD"
"TMEM59",1.47e-61,0.226,0.898,0.869,2.73e-57,"TMEM59"
"CPNE8",1.5e-61,0.774,0.233,0.163,2.79e-57,"CPNE8"
"TEX264",1.76e-61,0.377,0.509,0.439,3.28e-57,"TEX264"
"GALNT8",1.85e-61,-0.606,0.232,0.311,3.45e-57,"GALNT8"
"PSMG2",1.88e-61,0.282,0.779,0.731,3.49e-57,"PSMG2"
"RNF7",2.47e-61,0.239,0.794,0.746,4.59e-57,"RNF7"
"KCTD16",2.57e-61,-1.404,0.281,0.356,4.78e-57,"KCTD16"
"DIPK1A",2.6e-61,-0.521,0.29,0.374,4.83e-57,"DIPK1A"
"ATP6V0D1",2.8e-61,0.339,0.61,0.55,5.2e-57,"ATP6V0D1"
"FLRT1",3.08e-61,-0.716,0.113,0.178,5.74e-57,"FLRT1"
"DCP1B",3.24e-61,0.467,0.403,0.331,6.03e-57,"DCP1B"
"TSPAN5",3.28e-61,0.281,0.842,0.815,6.11e-57,"TSPAN5"
"TGFBR2",3.43e-61,1.054,0.109,0.059,6.38e-57,"TGFBR2"
"ZNF821",3.86e-61,-0.444,0.46,0.546,7.18e-57,"ZNF821"
"NOS1AP",3.94e-61,0.19,0.702,0.635,7.33e-57,"NOS1AP"
"PDE8A",4.13e-61,0.368,0.537,0.46,7.68e-57,"PDE8A"
"SST",4.31e-61,-8.731,0.001,0.017,8.03e-57,"SST"
"SLC2A3",4.36e-61,-0.784,0.092,0.151,8.12e-57,"SLC2A3"
"CBX3",5.44e-61,0.2,0.944,0.909,1.01e-56,"CBX3"
"BBLN",5.66e-61,0.274,0.715,0.655,1.05e-56,"BBLN"
"SLC25A39",5.71e-61,0.487,0.418,0.351,1.06e-56,"SLC25A39"
"DPY30",6.09e-61,0.244,0.796,0.744,1.13e-56,"DPY30"
"KIAA1549",6.76e-61,-0.444,0.534,0.612,1.26e-56,"KIAA1549"
"MEGF11",6.94e-61,0.428,0.393,0.317,1.29e-56,"MEGF11"
"HLA-E",7.02e-61,0.624,0.242,0.173,1.31e-56,"HLA-E"
"FHL1",8.63e-61,0.315,0.743,0.7,1.61e-56,"FHL1"
"PDE4A",8.74e-61,-0.904,0.083,0.139,1.63e-56,"PDE4A"
"BAIAP2L1",9.3e-61,0.738,0.197,0.134,1.73e-56,"BAIAP2L1"
"IER2",1.06e-60,0.356,0.516,0.44,1.98e-56,"IER2"
"TRIM36",1.17e-60,-0.542,0.295,0.375,2.17e-56,"TRIM36"
"VAMP3",1.18e-60,0.477,0.395,0.324,2.19e-56,"VAMP3"
"LSM4",1.25e-60,0.263,0.801,0.744,2.32e-56,"LSM4"
"DDB1",1.29e-60,0.337,0.632,0.577,2.39e-56,"DDB1"
"TRIM56",1.56e-60,0.729,0.217,0.151,2.91e-56,"TRIM56"
"DAP",1.96e-60,0.467,0.394,0.322,3.65e-56,"DAP"
"TP53BP2",2.03e-60,0.319,0.608,0.543,3.78e-56,"TP53BP2"
"ZFP37",2.43e-60,-0.556,0.266,0.348,4.52e-56,"ZFP37"
"TRAM1",2.55e-60,0.313,0.643,0.584,4.74e-56,"TRAM1"
"CFAP54",2.61e-60,0.394,0.452,0.368,4.86e-56,"CFAP54"
"PDS5B",2.95e-60,-0.527,0.787,0.825,5.49e-56,"PDS5B"
"SLC7A1",3.52e-60,-0.55,0.237,0.316,6.55e-56,"SLC7A1"
"NELFCD",3.73e-60,0.377,0.532,0.469,6.94e-56,"NELFCD"
"AMBRA1",5.19e-60,0.278,0.717,0.668,9.65e-56,"AMBRA1"
"CHD4",5.21e-60,0.254,0.804,0.761,9.7e-56,"CHD4"
"SCAI",5.37e-60,-0.422,0.557,0.633,1e-55,"SCAI"
"LIN7B",5.96e-60,-0.703,0.213,0.287,1.11e-55,"LIN7B"
"RSPO2",6.02e-60,2.414,0.091,0.046,1.12e-55,"RSPO2"
"MRPL19",6.31e-60,0.25,0.791,0.743,1.18e-55,"MRPL19"
"IFT57",6.66e-60,0.428,0.679,0.621,1.24e-55,"IFT57"
"SFRP4",7.05e-60,0.587,0.286,0.217,1.31e-55,"SFRP4"
"SLC25A21",7.65e-60,0.445,0.397,0.317,1.42e-55,"SLC25A21"
"NAT16",8.05e-60,-2.669,0.005,0.027,1.5e-55,"NAT16"
"GPBP1L1",8.15e-60,0.333,0.625,0.564,1.52e-55,"GPBP1L1"
"SURF1",8.39e-60,0.397,0.484,0.416,1.56e-55,"SURF1"
"LRRC8B",8.91e-60,-0.52,0.254,0.335,1.66e-55,"LRRC8B"
"DGKI",9.29e-60,-0.616,0.387,0.458,1.73e-55,"DGKI"
"GOLGA4",9.72e-60,0.228,0.876,0.849,1.81e-55,"GOLGA4"
"FST",1.02e-59,1.271,0.087,0.043,1.91e-55,"FST"
"PMM1",1.05e-59,0.427,0.471,0.406,1.95e-55,"PMM1"
"MCF2L",1.06e-59,-0.599,0.201,0.275,1.97e-55,"MCF2L"
"DBNDD1",1.22e-59,-1.568,0.021,0.055,2.27e-55,"DBNDD1"
"MXD4",1.25e-59,0.408,0.462,0.397,2.33e-55,"MXD4"
"SEC13",1.42e-59,0.347,0.615,0.56,2.64e-55,"SEC13"
"ARPP21",1.87e-59,-1.614,0.18,0.247,3.49e-55,"ARPP21"
"TNS1",2.22e-59,0.673,0.242,0.175,4.14e-55,"TNS1"
"MARCHF3",3.28e-59,0.551,0.339,0.267,6.1e-55,"MARCHF3"
"PIK3C2A",3.52e-59,0.251,0.798,0.751,6.55e-55,"PIK3C2A"
"FAM133B",3.83e-59,0.258,0.79,0.749,7.12e-55,"FAM133B"
"TES",4.6e-59,-2.453,0.009,0.035,8.56e-55,"TES"
"HOOK2",4.72e-59,-0.568,0.352,0.434,8.78e-55,"HOOK2"
"PAQR9",4.79e-59,-2.971,0.003,0.023,8.92e-55,"PAQR9"
"SND1",5.48e-59,0.29,0.797,0.755,1.02e-54,"SND1"
"COL15A1",7.62e-59,-4.274,0.001,0.018,1.42e-54,"COL15A1"
"ABCB6",8.63e-59,0.608,0.272,0.206,1.61e-54,"ABCB6"
"ADCY5",8.76e-59,-0.775,0.139,0.205,1.63e-54,"ADCY5"
"PHF14",9.8e-59,-0.298,0.925,0.943,1.82e-54,"PHF14"
"PIH1D1",1.01e-58,0.346,0.556,0.49,1.87e-54,"PIH1D1"
"DMAC1",1.14e-58,0.336,0.596,0.538,2.12e-54,"DMAC1"
"DCLK3",1.17e-58,-4.531,0.001,0.018,2.18e-54,"DCLK3"
"HACD3",1.49e-58,0.208,0.947,0.927,2.78e-54,"HACD3"
"CNTN4",1.5e-58,-2.287,0.343,0.408,2.79e-54,"CNTN4"
"TMCC2",1.65e-58,-0.774,0.108,0.169,3.07e-54,"TMCC2"
"TRAC",1.87e-58,-3.562,0.002,0.021,3.47e-54,"TRAC"
"SDF4",1.94e-58,0.396,0.488,0.424,3.62e-54,"SDF4"
"WSB1",2.1e-58,0.1,0.979,0.96,3.91e-54,"WSB1"
"RABGGTB",2.21e-58,0.348,0.581,0.523,4.11e-54,"RABGGTB"
"RASSF8",2.27e-58,0.559,0.479,0.406,4.23e-54,"RASSF8"
"DHRS7",2.31e-58,0.294,0.703,0.644,4.3e-54,"DHRS7"
"DLG4",2.59e-58,-0.669,0.159,0.228,4.82e-54,"DLG4"
"CADPS2",2.71e-58,-0.171,0.45,0.365,5.04e-54,"CADPS2"
"WASL",2.93e-58,0.258,0.778,0.724,5.45e-54,"WASL"
"NRG3",3.21e-58,-0.453,0.872,0.898,5.97e-54,"NRG3"
"PSMC3IP",3.31e-58,-0.693,0.108,0.169,6.16e-54,"PSMC3IP"
"SLC39A1",3.39e-58,0.444,0.427,0.361,6.32e-54,"SLC39A1"
"PPARA",3.74e-58,0.58,0.3,0.231,6.97e-54,"PPARA"
"ATP6V1D",4.13e-58,0.255,0.835,0.796,7.69e-54,"ATP6V1D"
"SCAND1",4.58e-58,0.248,0.756,0.703,8.52e-54,"SCAND1"
"EGR1",4.71e-58,0.472,0.414,0.337,8.76e-54,"EGR1"
"TMEM167A",5.68e-58,0.298,0.764,0.726,1.06e-53,"TMEM167A"
"SLC37A1",6.3e-58,-0.68,0.161,0.23,1.17e-53,"SLC37A1"
"CNTLN",6.33e-58,0.308,0.617,0.54,1.18e-53,"CNTLN"
"ATE1",7.19e-58,0.297,0.749,0.705,1.34e-53,"ATE1"
"MINAR1",7.58e-58,-1.984,0.015,0.045,1.41e-53,"MINAR1"
"TCF20",7.6e-58,-0.461,0.435,0.516,1.41e-53,"TCF20"
"EN1",8.31e-58,-1.913,0.061,0.109,1.55e-53,"EN1"
"DOP1A",8.6e-58,-0.414,0.616,0.686,1.6e-53,"DOP1A"
"C1orf216",9.16e-58,-1.245,0.044,0.087,1.7e-53,"C1orf216"
"RPA1",9.17e-58,0.371,0.475,0.403,1.71e-53,"RPA1"
"CNR1",9.57e-58,-0.822,0.295,0.368,1.78e-53,"CNR1"
"MPPED1",1.03e-57,-2.751,0.007,0.031,1.91e-53,"MPPED1"
"NRAS",1.03e-57,0.378,0.52,0.457,1.92e-53,"NRAS"
"GCLM",1.13e-57,0.497,0.424,0.358,2.11e-53,"GCLM"
"LRP1",1.17e-57,0.319,0.68,0.637,2.18e-53,"LRP1"
"GPC5",1.19e-57,0.143,0.567,0.476,2.21e-53,"GPC5"
"RBFOX2",1.21e-57,-0.449,0.95,0.952,2.25e-53,"RBFOX2"
"MLLT10",1.22e-57,0.226,0.857,0.819,2.28e-53,"MLLT10"
"RUSC2",1.26e-57,-0.545,0.268,0.346,2.35e-53,"RUSC2"
"FRMD6",1.26e-57,0.833,0.211,0.149,2.35e-53,"FRMD6"
"RGS2",1.45e-57,-1.04,0.065,0.115,2.7e-53,"RGS2"
"CCDC88C",1.48e-57,0.468,0.401,0.331,2.75e-53,"CCDC88C"
"SNX7",1.56e-57,0.354,0.497,0.425,2.91e-53,"SNX7"
"SH3RF3",1.62e-57,0.306,0.552,0.476,3.01e-53,"SH3RF3"
"PIFO",1.88e-57,0.439,0.332,0.258,3.49e-53,"PIFO"
"SCAPER",2.1e-57,-0.333,0.812,0.854,3.9e-53,"SCAPER"
"PLEKHF2",2.16e-57,0.522,0.321,0.253,4.02e-53,"PLEKHF2"
"TENM2",2.25e-57,-2.145,0.547,0.608,4.18e-53,"TENM2"
"GABRA5",2.28e-57,-2.01,0.01,0.036,4.25e-53,"GABRA5"
"PITHD1",2.43e-57,-0.457,0.577,0.648,4.52e-53,"PITHD1"
"LRRC42",2.61e-57,0.383,0.487,0.423,4.86e-53,"LRRC42"
"CSGALNACT1",3.06e-57,0.194,0.582,0.485,5.7e-53,"CSGALNACT1"
"PATJ",3.08e-57,-0.849,0.257,0.33,5.73e-53,"PATJ"
"SLC44A2",3.48e-57,0.445,0.404,0.334,6.48e-53,"SLC44A2"
"INTU",3.55e-57,0.32,0.685,0.63,6.6e-53,"INTU"
"PROX1",3.77e-57,0.36,0.56,0.486,7.02e-53,"PROX1"
"RRAGD",3.93e-57,0.302,0.683,0.628,7.32e-53,"RRAGD"
"CADM3",4.77e-57,-0.622,0.246,0.322,8.87e-53,"CADM3"
"GCA",4.99e-57,0.324,0.553,0.483,9.28e-53,"GCA"
"TNRC6B",5.75e-57,0.173,0.979,0.971,1.07e-52,"TNRC6B"
"GLRB",6e-57,-0.76,0.124,0.187,1.12e-52,"GLRB"
"TMEM263",7.54e-57,0.373,0.511,0.447,1.4e-52,"TMEM263"
"ONECUT1",7.61e-57,-2.289,0.029,0.066,1.42e-52,"ONECUT1"
"PSENEN",8.92e-57,0.393,0.54,0.474,1.66e-52,"PSENEN"
"STX10",9.93e-57,0.444,0.413,0.347,1.85e-52,"STX10"
"SRP9",1.03e-56,0.159,0.974,0.937,1.92e-52,"SRP9"
"ABCF1",1.05e-56,0.288,0.667,0.611,1.95e-52,"ABCF1"
"USP16",1.4e-56,0.308,0.652,0.599,2.6e-52,"USP16"
"DPYSL2",1.44e-56,-0.391,0.951,0.961,2.69e-52,"DPYSL2"
"SLC44A3",1.53e-56,0.74,0.193,0.133,2.86e-52,"SLC44A3"
"PARVA",1.57e-56,0.484,0.342,0.271,2.93e-52,"PARVA"
"FMNL1",1.64e-56,-2.121,0.007,0.03,3.05e-52,"FMNL1"
"LPCAT4",1.83e-56,-0.891,0.09,0.146,3.42e-52,"LPCAT4"
"SGCZ",1.93e-56,-2.066,0.15,0.211,3.6e-52,"SGCZ"
"ADAP1",1.94e-56,-1.777,0.015,0.044,3.61e-52,"ADAP1"
"IMPA1",2.07e-56,0.385,0.495,0.431,3.86e-52,"IMPA1"
"KCNK9",2.22e-56,-3.107,0.003,0.023,4.12e-52,"KCNK9"
"MAPRE3",2.28e-56,-0.539,0.367,0.443,4.25e-52,"MAPRE3"
"LRATD2",2.51e-56,0.534,0.332,0.262,4.66e-52,"LRATD2"
"NDUFA8",2.52e-56,0.258,0.771,0.722,4.7e-52,"NDUFA8"
"RIMS3",2.59e-56,-0.931,0.084,0.137,4.83e-52,"RIMS3"
"RAI2",3.04e-56,-1.151,0.053,0.098,5.66e-52,"RAI2"
"RGS6",3.06e-56,0.937,0.378,0.308,5.69e-52,"RGS6"
"TIAM1",3.3e-56,-0.495,0.4,0.478,6.15e-52,"TIAM1"
"FAM216A",3.31e-56,-0.65,0.199,0.271,6.17e-52,"FAM216A"
"RTP1",3.71e-56,-2.417,0.005,0.027,6.9e-52,"RTP1"
"KIAA1671",4.04e-56,0.478,0.362,0.293,7.51e-52,"KIAA1671"
"SCUBE1",4.04e-56,-0.991,0.036,0.075,7.52e-52,"SCUBE1"
"IRS2",4.23e-56,0.551,0.402,0.338,7.88e-52,"IRS2"
"RAB32",4.26e-56,0.606,0.272,0.205,7.92e-52,"RAB32"
"SLC2A4RG",4.42e-56,0.406,0.493,0.425,8.23e-52,"SLC2A4RG"
"CCDC8",4.47e-56,0.663,0.237,0.174,8.33e-52,"CCDC8"
"SETBP1",4.53e-56,0.241,0.955,0.932,8.44e-52,"SETBP1"
"POLR2E",4.82e-56,0.314,0.599,0.541,8.98e-52,"POLR2E"
"WIPF3",5e-56,-0.744,0.091,0.147,9.31e-52,"WIPF3"
"BRSK2",5.69e-56,-0.547,0.18,0.252,1.06e-51,"BRSK2"
"PEX2",5.8e-56,0.351,0.55,0.483,1.08e-51,"PEX2"
"DPY19L4",6.19e-56,0.392,0.477,0.411,1.15e-51,"DPY19L4"
"HMGB1",6.25e-56,0.169,0.999,0.991,1.16e-51,"HMGB1"
"AOPEP",7.59e-56,0.24,0.827,0.782,1.41e-51,"AOPEP"
"GFY",7.67e-56,-3.19,0.002,0.02,1.43e-51,"GFY"
"BEND4",1.03e-55,-1.566,0.02,0.052,1.91e-51,"BEND4"
"MYOF",1.06e-55,1.135,0.086,0.044,1.97e-51,"MYOF"
"VAPA",1.12e-55,0.185,0.953,0.928,2.08e-51,"VAPA"
"ERCC1",1.2e-55,0.338,0.565,0.504,2.23e-51,"ERCC1"
"CACNA1I",1.34e-55,-3.151,0.003,0.022,2.49e-51,"CACNA1I"
"VDAC1",1.35e-55,0.211,0.901,0.872,2.51e-51,"VDAC1"
"PIANP",1.4e-55,-0.717,0.125,0.187,2.6e-51,"PIANP"
"HLTF",1.49e-55,-0.317,0.71,0.767,2.77e-51,"HLTF"
"TMED7",1.79e-55,0.303,0.662,0.606,3.34e-51,"TMED7"
"SF1",1.87e-55,0.218,0.877,0.84,3.48e-51,"SF1"
"HNRNPD",1.91e-55,0.201,0.97,0.947,3.55e-51,"HNRNPD"
"NDUFA10",2.11e-55,0.253,0.751,0.709,3.92e-51,"NDUFA10"
"IGF2BP2",2.17e-55,0.227,0.911,0.889,4.04e-51,"IGF2BP2"
"DHX32",2.2e-55,0.313,0.607,0.539,4.09e-51,"DHX32"
"SIPA1L2",2.22e-55,0.151,0.65,0.584,4.12e-51,"SIPA1L2"
"RTL8A",2.26e-55,0.346,0.581,0.522,4.2e-51,"RTL8A"
"RAB34",3.13e-55,0.728,0.21,0.149,5.82e-51,"RAB34"
"CDC7",3.16e-55,-0.63,0.137,0.202,5.87e-51,"CDC7"
"SDK1",3.39e-55,0.113,0.884,0.832,6.31e-51,"SDK1"
"ZC3H12B",3.51e-55,-0.46,0.666,0.723,6.52e-51,"ZC3H12B"
"EXTL2",3.58e-55,0.342,0.526,0.465,6.66e-51,"EXTL2"
"MMAB",3.87e-55,0.4,0.53,0.47,7.2e-51,"MMAB"
"KCNJ6",3.89e-55,-0.408,0.283,0.362,7.24e-51,"KCNJ6"
"LANCL2",4.19e-55,-0.553,0.328,0.407,7.8e-51,"LANCL2"
"FUT10",4.38e-55,0.422,0.37,0.302,8.16e-51,"FUT10"
"CCDC80",4.43e-55,0.856,0.158,0.103,8.24e-51,"CCDC80"
"SFRP1",4.53e-55,0.577,0.462,0.396,8.42e-51,"SFRP1"
"RBM43",4.78e-55,0.772,0.172,0.114,8.9e-51,"RBM43"
"PLEKHA5",5e-55,0.434,0.765,0.82,9.31e-51,"PLEKHA5"
"LIMS1",5.67e-55,0.261,0.697,0.635,1.05e-50,"LIMS1"
"GNB4",5.85e-55,0.349,0.543,0.481,1.09e-50,"GNB4"
"PHF24",6.19e-55,-1.771,0.013,0.04,1.15e-50,"PHF24"
"MAGED1",6.19e-55,0.222,0.897,0.871,1.15e-50,"MAGED1"
"PSMA1",6.9e-55,0.208,0.883,0.845,1.29e-50,"PSMA1"
"SP8",7.76e-55,0.908,0.146,0.092,1.44e-50,"SP8"
"PLEKHA4",7.83e-55,1.16,0.106,0.06,1.46e-50,"PLEKHA4"
"ARRB1",8.07e-55,-1.223,0.043,0.085,1.5e-50,"ARRB1"
"SLC4A2",8.19e-55,0.589,0.274,0.211,1.52e-50,"SLC4A2"
"PPARGC1A",8.49e-55,0.588,0.242,0.177,1.58e-50,"PPARGC1A"
"ANKRD9",8.6e-55,0.458,0.379,0.31,1.6e-50,"ANKRD9"
"FDX1",9.07e-55,0.327,0.546,0.486,1.69e-50,"FDX1"
"NDFIP1",9.65e-55,0.191,0.958,0.951,1.8e-50,"NDFIP1"
"MRPS26",9.83e-55,0.242,0.794,0.746,1.83e-50,"MRPS26"
"GADD45G",1.03e-54,-0.378,0.152,0.223,1.91e-50,"GADD45G"
"KCNK3",1.04e-54,-1.269,0.031,0.067,1.94e-50,"KCNK3"
"ZNF697",1.05e-54,-0.941,0.081,0.133,1.95e-50,"ZNF697"
"AK3",1.1e-54,0.251,0.695,0.645,2.05e-50,"AK3"
"MICAL3",1.17e-54,-0.46,0.565,0.634,2.19e-50,"MICAL3"
"UQCRC2",1.2e-54,0.219,0.859,0.825,2.23e-50,"UQCRC2"
"MRPS36",1.25e-54,0.279,0.673,0.62,2.32e-50,"MRPS36"
"CCDC28B",1.26e-54,0.289,0.685,0.636,2.34e-50,"CCDC28B"
"MYO6",1.29e-54,0.312,0.834,0.801,2.41e-50,"MYO6"
"HCN4",1.33e-54,-1.925,0.015,0.043,2.48e-50,"HCN4"
"EPHA4",1.42e-54,0.439,0.4,0.33,2.65e-50,"EPHA4"
"RAI14",1.43e-54,0.365,0.517,0.444,2.66e-50,"RAI14"
"NEDD1",1.46e-54,0.399,0.428,0.358,2.72e-50,"NEDD1"
"GLOD4",1.56e-54,0.239,0.802,0.758,2.9e-50,"GLOD4"
"LPAR1",1.72e-54,0.432,0.352,0.278,3.2e-50,"LPAR1"
"CHD2",2.05e-54,0.138,0.997,0.991,3.82e-50,"CHD2"
"G6PC3",2.11e-54,0.405,0.431,0.365,3.93e-50,"G6PC3"
"UQCRC1",2.12e-54,0.362,0.533,0.472,3.94e-50,"UQCRC1"
"ZNF33B",2.27e-54,-0.571,0.321,0.396,4.22e-50,"ZNF33B"
"FCHO1",2.44e-54,-1.024,0.059,0.105,4.54e-50,"FCHO1"
"CHST8",2.53e-54,-1.764,0.016,0.044,4.71e-50,"CHST8"
"GBX2",2.55e-54,1.582,0.054,0.022,4.75e-50,"GBX2"
"NELFE",2.78e-54,0.378,0.488,0.424,5.17e-50,"NELFE"
"KDELR2",2.97e-54,0.342,0.697,0.654,5.54e-50,"KDELR2"
"LMCD1",3.02e-54,0.774,0.197,0.139,5.62e-50,"LMCD1"
"PRPF38A",3.36e-54,0.303,0.645,0.591,6.26e-50,"PRPF38A"
"EYA4",3.61e-54,0.793,0.182,0.122,6.72e-50,"EYA4"
"PDE4B",3.69e-54,0.181,0.906,0.903,6.87e-50,"PDE4B"
"CFAP92",3.72e-54,0.541,0.315,0.249,6.92e-50,"CFAP92"
"METTL7B",4.13e-54,1.921,0.052,0.02,7.68e-50,"METTL7B"
"DHX40",4.16e-54,0.315,0.589,0.526,7.74e-50,"DHX40"
"TRIM47",4.6e-54,0.771,0.204,0.144,8.55e-50,"TRIM47"
"MPG",4.66e-54,0.377,0.525,0.468,8.67e-50,"MPG"
"MUC19",4.73e-54,2.208,0.031,0.007,8.81e-50,"MUC19"
"PTGER3",5.09e-54,-3.826,0.003,0.021,9.48e-50,"PTGER3"
"NDRG2",5.44e-54,0.356,0.472,0.4,1.01e-49,"NDRG2"
"PDHB",7.04e-54,0.349,0.55,0.488,1.31e-49,"PDHB"
"MBD5",7.63e-54,0.189,0.977,0.968,1.42e-49,"MBD5"
"AUTS2",7.66e-54,-0.285,0.993,0.99,1.43e-49,"AUTS2"
"WDR45B",1.07e-53,0.296,0.657,0.606,2e-49,"WDR45B"
"CD2BP2",1.12e-53,0.428,0.436,0.377,2.08e-49,"CD2BP2"
"SZRD1",1.28e-53,0.4,0.439,0.377,2.38e-49,"SZRD1"
"PARP16",1.29e-53,-0.679,0.14,0.203,2.4e-49,"PARP16"
"MAP3K8",1.34e-53,0.75,0.178,0.121,2.49e-49,"MAP3K8"
"RUNDC3A",1.35e-53,-0.761,0.094,0.149,2.51e-49,"RUNDC3A"
"RNF130",1.44e-53,0.208,0.973,0.962,2.67e-49,"RNF130"
"TSPYL4",1.54e-53,-0.49,0.476,0.547,2.87e-49,"TSPYL4"
"TTLL11",1.6e-53,-0.561,0.335,0.413,2.98e-49,"TTLL11"
"UNC50",1.69e-53,0.297,0.652,0.593,3.14e-49,"UNC50"
"ITGAE",1.73e-53,0.326,0.596,0.541,3.23e-49,"ITGAE"
"WIPI2",1.75e-53,0.309,0.656,0.606,3.26e-49,"WIPI2"
"RIPPLY2",1.8e-53,-1.154,0.037,0.076,3.36e-49,"RIPPLY2"
"GTF2A2",1.86e-53,0.193,0.895,0.854,3.46e-49,"GTF2A2"
"ANKRD12",2.35e-53,-0.293,0.929,0.943,4.37e-49,"ANKRD12"
"ZC3HAV1",3.03e-53,0.698,0.201,0.142,5.65e-49,"ZC3HAV1"
"FUT9",3.06e-53,0.269,0.853,0.826,5.7e-49,"FUT9"
"GRINA",3.27e-53,0.372,0.52,0.464,6.08e-49,"GRINA"
"EFTUD2",3.89e-53,0.41,0.494,0.436,7.25e-49,"EFTUD2"
"PPP2CB",4.06e-53,0.23,0.837,0.797,7.56e-49,"PPP2CB"
"CTSB",4.59e-53,0.384,0.486,0.425,8.54e-49,"CTSB"
"GRK5",4.77e-53,-0.657,0.165,0.231,8.88e-49,"GRK5"
"EBF3",4.91e-53,-1.481,0.117,0.172,9.14e-49,"EBF3"
"ARL5A",5.06e-53,0.236,0.787,0.744,9.42e-49,"ARL5A"
"PRXL2C",5.13e-53,0.62,0.241,0.18,9.55e-49,"PRXL2C"
"IGSF11",5.14e-53,0.258,0.63,0.548,9.57e-49,"IGSF11"
"JUP",5.28e-53,-0.91,0.043,0.084,9.83e-49,"JUP"
"SCFD1",5.41e-53,0.219,0.86,0.826,1.01e-48,"SCFD1"
"BCAR3",5.49e-53,0.36,0.504,0.44,1.02e-48,"BCAR3"
"ALYREF",6.07e-53,0.337,0.569,0.507,1.13e-48,"ALYREF"
"MGAT4B",6.12e-53,0.344,0.569,0.511,1.14e-48,"MGAT4B"
"FGFR3",6.4e-53,0.499,0.3,0.232,1.19e-48,"FGFR3"
"ISLR2",7.04e-53,-1.123,0.031,0.068,1.31e-48,"ISLR2"
"TMSB15A",7.05e-53,-0.383,0.513,0.577,1.31e-48,"TMSB15A"
"DBX2",7.11e-53,0.755,0.172,0.115,1.32e-48,"DBX2"
"GNAI1",7.48e-53,-0.42,0.441,0.518,1.39e-48,"GNAI1"
"C6orf62",7.59e-53,0.294,0.694,0.649,1.41e-48,"C6orf62"
"JTB",7.76e-53,0.255,0.733,0.685,1.45e-48,"JTB"
"BSN",7.79e-53,-0.642,0.157,0.223,1.45e-48,"BSN"
"BOLA3",7.84e-53,0.353,0.496,0.434,1.46e-48,"BOLA3"
"ATL1",8.09e-53,-0.42,0.55,0.621,1.51e-48,"ATL1"
"ENSG00000279099",1.04e-52,-2.101,0.01,0.035,1.93e-48,"ENSG00000279099"
"UBE2D2",1.06e-52,0.16,0.944,0.915,1.98e-48,"UBE2D2"
"HHAT",1.09e-52,0.623,0.215,0.154,2.02e-48,"HHAT"
"MFSD10",1.24e-52,0.361,0.532,0.475,2.31e-48,"MFSD10"
"AGO3",1.27e-52,0.233,0.839,0.804,2.36e-48,"AGO3"
"CMIP",1.39e-52,-0.369,0.67,0.728,2.59e-48,"CMIP"
"WASF3",1.43e-52,0.319,0.628,0.572,2.66e-48,"WASF3"
"LMO2",1.63e-52,0.689,0.209,0.149,3.03e-48,"LMO2"
"PEX10",1.91e-52,0.449,0.374,0.309,3.56e-48,"PEX10"
"KLHL42",1.99e-52,-0.395,0.512,0.589,3.71e-48,"KLHL42"
"NDRG1",2.05e-52,-1.317,0.024,0.056,3.82e-48,"NDRG1"
"STIM1",2.31e-52,0.366,0.507,0.442,4.3e-48,"STIM1"
"NCAN",2.6e-52,0.346,0.702,0.661,4.85e-48,"NCAN"
"SFMBT2",2.72e-52,0.297,0.638,0.575,5.06e-48,"SFMBT2"
"COL25A1",2.78e-52,-1.853,0.058,0.103,5.18e-48,"COL25A1"
"ST6GAL2",2.8e-52,-0.554,0.469,0.538,5.21e-48,"ST6GAL2"
"BAG3",3.01e-52,0.667,0.228,0.168,5.59e-48,"BAG3"
"GALNT14",3.06e-52,-1.02,0.046,0.087,5.7e-48,"GALNT14"
"DDX5",3.75e-52,0.124,0.997,0.99,6.99e-48,"DDX5"
"CORO1C",3.75e-52,0.302,0.711,0.661,6.99e-48,"CORO1C"
"PTCD3",3.84e-52,0.313,0.653,0.604,7.15e-48,"PTCD3"
"CTDSP2",3.86e-52,0.447,0.389,0.327,7.19e-48,"CTDSP2"
"BEX5",4.53e-52,-0.598,0.395,0.465,8.43e-48,"BEX5"
"TM2D3",4.63e-52,-0.38,0.546,0.621,8.61e-48,"TM2D3"
"RASSF4",4.97e-52,0.492,0.365,0.299,9.24e-48,"RASSF4"
"BDNF",5.62e-52,-1.803,0.026,0.059,1.05e-47,"BDNF"
"METTL15",5.77e-52,0.25,0.75,0.695,1.07e-47,"METTL15"
"CDKL5",5.97e-52,-0.514,0.32,0.394,1.11e-47,"CDKL5"
"LZIC",6.57e-52,0.262,0.711,0.659,1.22e-47,"LZIC"
"ANTXR2",6.61e-52,0.384,0.46,0.386,1.23e-47,"ANTXR2"
"DNAJC19",6.77e-52,0.28,0.678,0.63,1.26e-47,"DNAJC19"
"HMGA2",7.18e-52,0.817,0.143,0.091,1.34e-47,"HMGA2"
"ETV5",7.47e-52,0.593,0.263,0.198,1.39e-47,"ETV5"
"EXOC4",7.58e-52,0.155,0.958,0.929,1.41e-47,"EXOC4"
"ACHE",7.89e-52,-1.69,0.023,0.055,1.47e-47,"ACHE"
"RBBP4",8.55e-52,0.217,0.881,0.849,1.59e-47,"RBBP4"
"IRX3",8.84e-52,0.387,0.423,0.352,1.64e-47,"IRX3"
"SMARCB1",9.04e-52,0.243,0.794,0.754,1.68e-47,"SMARCB1"
"NXT2",9.92e-52,0.482,0.328,0.264,1.85e-47,"NXT2"
"MAP3K20",9.99e-52,0.439,0.368,0.298,1.86e-47,"MAP3K20"
"FRS2",1.03e-51,0.252,0.769,0.727,1.93e-47,"FRS2"
"ZMAT2",1.05e-51,0.262,0.684,0.628,1.96e-47,"ZMAT2"
"PAX3",1.09e-51,0.928,0.151,0.098,2.03e-47,"PAX3"
"STXBP4",1.12e-51,0.257,0.646,0.579,2.09e-47,"STXBP4"
"NUFIP2",1.24e-51,0.266,0.724,0.674,2.31e-47,"NUFIP2"
"GPR139",1.28e-51,-3.493,0.003,0.019,2.38e-47,"GPR139"
"IGBP1",1.33e-51,0.297,0.649,0.602,2.48e-47,"IGBP1"
"LGALS3BP",1.38e-51,0.498,0.328,0.264,2.58e-47,"LGALS3BP"
"FKBP9",1.47e-51,0.551,0.282,0.22,2.73e-47,"FKBP9"
"LRBA",1.59e-51,0.197,0.828,0.768,2.95e-47,"LRBA"
"CARS1",1.77e-51,-0.453,0.397,0.474,3.29e-47,"CARS1"
"OAZ1",1.82e-51,0.118,0.982,0.946,3.4e-47,"OAZ1"
"FBXO41",2.18e-51,-1.041,0.047,0.088,4.06e-47,"FBXO41"
"RABGAP1",2.2e-51,0.226,0.858,0.828,4.09e-47,"RABGAP1"
"TAPBP",2.2e-51,0.565,0.279,0.218,4.1e-47,"TAPBP"
"SVIL",2.23e-51,0.326,0.611,0.551,4.16e-47,"SVIL"
"UFD1",2.49e-51,0.335,0.518,0.456,4.63e-47,"UFD1"
"ARNTL2",2.72e-51,-0.631,0.141,0.203,5.06e-47,"ARNTL2"
"ADAMTS1",2.87e-51,2.44,0.07,0.034,5.34e-47,"ADAMTS1"
"ALDH7A1",2.98e-51,0.289,0.722,0.663,5.55e-47,"ALDH7A1"
"RPE65",3.04e-51,0.643,0.254,0.19,5.66e-47,"RPE65"
"KRT222",3.21e-51,-5.84,0,0.013,5.97e-47,"KRT222"
"CNTNAP3B",3.37e-51,0.359,0.406,0.334,6.28e-47,"CNTNAP3B"
"HSPA12A",3.38e-51,-0.614,0.179,0.244,6.3e-47,"HSPA12A"
"PCBP1",3.6e-51,0.216,0.858,0.817,6.7e-47,"PCBP1"
"PSMB10",3.93e-51,0.5,0.356,0.293,7.32e-47,"PSMB10"
"TGFB1I1",4.06e-51,1.148,0.094,0.052,7.55e-47,"TGFB1I1"
"RPP25L",4.33e-51,0.578,0.273,0.212,8.06e-47,"RPP25L"
"ZFYVE21",4.64e-51,0.379,0.514,0.459,8.64e-47,"ZFYVE21"
"SMOC2",5.31e-51,-2.583,0.009,0.033,9.88e-47,"SMOC2"
"TMEM63C",6e-51,-0.797,0.136,0.196,1.12e-46,"TMEM63C"
"RPL7L1",6.74e-51,0.247,0.744,0.7,1.25e-46,"RPL7L1"
"PSMC1",7.37e-51,0.229,0.801,0.763,1.37e-46,"PSMC1"
"ZNF25",8.75e-51,-0.511,0.282,0.358,1.63e-46,"ZNF25"
"ARHGAP23",9.19e-51,-0.676,0.111,0.168,1.71e-46,"ARHGAP23"
"ELOC",9.57e-51,0.205,0.86,0.818,1.78e-46,"ELOC"
"SLC9B2",9.62e-51,-0.585,0.214,0.284,1.79e-46,"SLC9B2"
"OBI1",1.03e-50,-0.419,0.424,0.503,1.91e-46,"OBI1"
"TUBA1A",1.07e-50,0.135,1,0.998,1.98e-46,"TUBA1A"
"FUS",1.11e-50,0.17,0.978,0.96,2.06e-46,"FUS"
"TMEM196",1.2e-50,-0.759,0.215,0.282,2.23e-46,"TMEM196"
"CDH2",1.29e-50,0.22,0.952,0.948,2.39e-46,"CDH2"
"CALHM6",1.46e-50,-3.634,0.002,0.017,2.71e-46,"CALHM6"
"FAAP20",1.47e-50,0.415,0.432,0.372,2.73e-46,"FAAP20"
"RIC1",1.75e-50,0.294,0.622,0.568,3.26e-46,"RIC1"
"SHISA9",1.95e-50,0.496,0.427,0.359,3.62e-46,"SHISA9"
"HAS2",1.95e-50,0.432,0.417,0.342,3.63e-46,"HAS2"
"PLSCR4",1.95e-50,0.632,0.28,0.217,3.63e-46,"PLSCR4"
"SERINC1",2.33e-50,-0.396,0.824,0.856,4.34e-46,"SERINC1"
"CYTH1",2.62e-50,-0.379,0.367,0.45,4.87e-46,"CYTH1"
"BEX2",2.79e-50,-0.332,0.692,0.749,5.19e-46,"BEX2"
"GNAL",3.01e-50,-0.559,0.404,0.471,5.61e-46,"GNAL"
"ECHDC1",3.04e-50,0.236,0.764,0.722,5.65e-46,"ECHDC1"
"MTDH",3.33e-50,0.189,0.925,0.902,6.2e-46,"MTDH"
"CD82",3.44e-50,0.69,0.185,0.129,6.4e-46,"CD82"
"ZNF33A",3.56e-50,-0.404,0.538,0.61,6.63e-46,"ZNF33A"
"ENSG00000279113",3.61e-50,-8.881,0,0.012,6.72e-46,"ENSG00000279113"
"PBX3",3.77e-50,-1.221,0.761,0.804,7.02e-46,"PBX3"
"TEX9",4.77e-50,0.243,0.652,0.588,8.87e-46,"TEX9"
"MPP7",5.12e-50,-0.97,0.082,0.132,9.52e-46,"MPP7"
"PPP2R2C",5.2e-50,-0.598,0.139,0.2,9.69e-46,"PPP2R2C"
"TSC22D1",5.91e-50,0.194,0.984,0.978,1.1e-45,"TSC22D1"
"MRPL12",5.93e-50,0.396,0.435,0.375,1.1e-45,"MRPL12"
"SRRM2",6.95e-50,0.165,0.956,0.937,1.29e-45,"SRRM2"
"EEF1A2",6.98e-50,-0.516,0.285,0.356,1.3e-45,"EEF1A2"
"EHD2",7.19e-50,1.082,0.102,0.059,1.34e-45,"EHD2"
"SPTBN1",8.05e-50,-0.37,0.786,0.818,1.5e-45,"SPTBN1"
"TBC1D5",8.18e-50,0.134,0.957,0.927,1.52e-45,"TBC1D5"
"ABCA3",8.19e-50,-0.541,0.284,0.358,1.53e-45,"ABCA3"
"DPY19L2",8.34e-50,-0.488,0.36,0.437,1.55e-45,"DPY19L2"
"FNIP2",8.65e-50,-0.373,0.491,0.564,1.61e-45,"FNIP2"
"VDAC2",8.76e-50,0.156,0.923,0.884,1.63e-45,"VDAC2"
"HS3ST1",9.36e-50,-2.977,0.005,0.023,1.74e-45,"HS3ST1"
"KHSRP",9.41e-50,0.297,0.648,0.599,1.75e-45,"KHSRP"
"KLHL35",9.61e-50,-0.539,0.082,0.133,1.79e-45,"KLHL35"
"PRELID2",9.78e-50,0.431,0.313,0.245,1.82e-45,"PRELID2"
"MAP7D3",9.89e-50,0.566,0.273,0.212,1.84e-45,"MAP7D3"
"CKAP2",1.08e-49,0.351,0.441,0.375,2.01e-45,"CKAP2"
"RANBP3L",1.1e-49,0.372,0.392,0.318,2.06e-45,"RANBP3L"
"RETSAT",1.18e-49,0.839,0.145,0.094,2.2e-45,"RETSAT"
"PLK2",1.23e-49,-1.098,0.137,0.192,2.29e-45,"PLK2"
"MMP24OS",1.59e-49,0.393,0.426,0.366,2.96e-45,"MMP24OS"
"TANC2",1.66e-49,-0.296,0.919,0.937,3.09e-45,"TANC2"
"ZNF780B",1.86e-49,-0.448,0.441,0.516,3.47e-45,"ZNF780B"
"WDR41",2.04e-49,0.287,0.644,0.593,3.8e-45,"WDR41"
"ZNF217",2.06e-49,0.591,0.257,0.196,3.84e-45,"ZNF217"
"PARD6G",2.08e-49,0.377,0.46,0.402,3.86e-45,"PARD6G"
"BCHE",2.29e-49,0.226,0.603,0.535,4.27e-45,"BCHE"
"MXI1",2.53e-49,0.221,0.814,0.763,4.72e-45,"MXI1"
"CADM4",2.56e-49,0.339,0.563,0.511,4.76e-45,"CADM4"
"ASF1A",2.58e-49,0.321,0.571,0.52,4.8e-45,"ASF1A"
"PGAP4",2.77e-49,-0.578,0.256,0.327,5.16e-45,"PGAP4"
"TOP1",2.79e-49,0.19,0.947,0.919,5.19e-45,"TOP1"
"SUMF1",3.01e-49,0.223,0.775,0.726,5.61e-45,"SUMF1"
"MAGOH",3.02e-49,0.257,0.691,0.639,5.61e-45,"MAGOH"
"MB21D2",3.03e-49,-0.633,0.19,0.256,5.63e-45,"MB21D2"
"COX14",3.19e-49,0.335,0.554,0.505,5.93e-45,"COX14"
"PDZD4",3.23e-49,-0.725,0.099,0.153,6.02e-45,"PDZD4"
"ZNF891",3.4e-49,-0.535,0.229,0.301,6.33e-45,"ZNF891"
"PICK1",3.4e-49,-1.726,0.014,0.04,6.33e-45,"PICK1"
"CTSL",3.42e-49,0.306,0.606,0.546,6.36e-45,"CTSL"
"NCOA1",3.47e-49,0.166,0.972,0.958,6.46e-45,"NCOA1"
"FN1",3.74e-49,1.025,0.228,0.171,6.96e-45,"FN1"
"C2CD5",3.87e-49,-0.414,0.513,0.585,7.2e-45,"C2CD5"
"PLXDC1",4.23e-49,-2.074,0.012,0.037,7.88e-45,"PLXDC1"
"IRX5",4.41e-49,0.319,0.452,0.385,8.21e-45,"IRX5"
"UPP2",4.56e-49,-0.757,0.121,0.178,8.49e-45,"UPP2"
"CHAC1",4.57e-49,-0.917,0.042,0.08,8.51e-45,"CHAC1"
"SALL2",4.78e-49,0.416,0.412,0.35,8.89e-45,"SALL2"
"C2orf80",4.93e-49,-0.494,0.189,0.257,9.17e-45,"C2orf80"
"INVS",5.12e-49,0.202,0.769,0.706,9.53e-45,"INVS"
"KCNN2",5.13e-49,0.421,0.38,0.313,9.55e-45,"KCNN2"
"YPEL5",5.2e-49,0.316,0.571,0.519,9.67e-45,"YPEL5"
"FOXB1",5.3e-49,0.623,0.237,0.177,9.87e-45,"FOXB1"
"FIBP",5.55e-49,0.304,0.568,0.512,1.03e-44,"FIBP"
"DNAJC1",5.58e-49,0.243,0.711,0.652,1.04e-44,"DNAJC1"
"KLC1",5.83e-49,-0.396,0.804,0.833,1.09e-44,"KLC1"
"GTF2H3",6.03e-49,0.33,0.53,0.475,1.12e-44,"GTF2H3"
"GAS6",6.32e-49,0.533,0.304,0.243,1.18e-44,"GAS6"
"RSU1",6.49e-49,0.275,0.584,0.524,1.21e-44,"RSU1"
"FGF2",8.91e-49,0.36,0.447,0.383,1.66e-44,"FGF2"
"WASHC5",9.04e-49,0.374,0.474,0.418,1.68e-44,"WASHC5"
"CHCHD6",9.34e-49,-0.386,0.557,0.625,1.74e-44,"CHCHD6"
"DERL2",9.69e-49,0.351,0.53,0.475,1.8e-44,"DERL2"
"BCL11A",1.04e-48,-0.539,0.313,0.386,1.94e-44,"BCL11A"
"KIF5B",1.08e-48,0.191,0.919,0.889,2.01e-44,"KIF5B"
"PHF21A",1.12e-48,0.215,0.886,0.852,2.09e-44,"PHF21A"
"YIPF3",1.12e-48,0.312,0.646,0.602,2.09e-44,"YIPF3"
"HES6",1.14e-48,0.71,0.715,0.668,2.12e-44,"HES6"
"SCPEP1",1.17e-48,0.446,0.325,0.261,2.18e-44,"SCPEP1"
"FKBP1B",1.2e-48,-0.782,0.15,0.209,2.23e-44,"FKBP1B"
"ABTB3",1.28e-48,-0.888,0.061,0.104,2.38e-44,"ABTB3"
"PSD3",1.34e-48,0.241,0.895,0.86,2.5e-44,"PSD3"
"ZFP30",1.35e-48,-0.393,0.562,0.632,2.51e-44,"ZFP30"
"TUBB8",1.6e-48,-1.283,0.019,0.047,2.97e-44,"TUBB8"
"SRA1",1.62e-48,0.286,0.608,0.556,3.02e-44,"SRA1"
"ACOT9",1.67e-48,0.579,0.264,0.205,3.11e-44,"ACOT9"
"TMEM151A",1.69e-48,-1.653,0.014,0.039,3.14e-44,"TMEM151A"
"CITED2",1.73e-48,-0.605,0.361,0.435,3.23e-44,"CITED2"
"CABP1",1.92e-48,-1.227,0.041,0.078,3.58e-44,"CABP1"
"MAP2K2",1.94e-48,0.262,0.682,0.634,3.6e-44,"MAP2K2"
"TRIL",2e-48,0.469,0.309,0.246,3.72e-44,"TRIL"
"OTULINL",2.04e-48,-1.325,0.025,0.056,3.79e-44,"OTULINL"
"PIGF",2.24e-48,0.266,0.665,0.614,4.17e-44,"PIGF"
"CLDN5",2.71e-48,1.602,0.055,0.023,5.04e-44,"CLDN5"
"COG5",2.81e-48,0.164,0.802,0.746,5.24e-44,"COG5"
"FXR1",2.95e-48,0.189,0.923,0.898,5.49e-44,"FXR1"
"SIK2",2.95e-48,0.294,0.666,0.615,5.49e-44,"SIK2"
"TMEM145",2.99e-48,-0.716,0.115,0.171,5.57e-44,"TMEM145"
"PARP9",3.2e-48,0.711,0.181,0.127,5.95e-44,"PARP9"
"TMEM60",3.23e-48,0.381,0.445,0.388,6.01e-44,"TMEM60"
"MRPL14",3.27e-48,0.31,0.567,0.514,6.09e-44,"MRPL14"
"LDAF1",3.31e-48,0.656,0.226,0.17,6.15e-44,"LDAF1"
"TGFB2",3.81e-48,0.608,0.339,0.275,7.09e-44,"TGFB2"
"IPO8",4.27e-48,0.41,0.359,0.297,7.94e-44,"IPO8"
"KMT2C",4.7e-48,0.238,0.94,0.924,8.74e-44,"KMT2C"
"EVA1C",4.84e-48,0.677,0.223,0.165,9e-44,"EVA1C"
"SLC2A12",4.9e-48,0.777,0.174,0.121,9.11e-44,"SLC2A12"
"UBA1",4.92e-48,0.287,0.651,0.609,9.15e-44,"UBA1"
"N4BP3",5.2e-48,-2.703,0.004,0.022,9.67e-44,"N4BP3"
"PSMC5",5.32e-48,0.28,0.661,0.614,9.9e-44,"PSMC5"
"CHST11",5.81e-48,0.541,0.683,0.629,1.08e-43,"CHST11"
"RRBP1",5.96e-48,0.46,0.373,0.311,1.11e-43,"RRBP1"
"FAM246C",6.02e-48,-1.141,0.035,0.07,1.12e-43,"FAM246C"
"ARMC2",6.4e-48,-0.363,0.401,0.482,1.19e-43,"ARMC2"
"NBPF14",6.91e-48,0.876,0.141,0.092,1.29e-43,"NBPF14"
"FAM199X",7.01e-48,0.33,0.575,0.522,1.31e-43,"FAM199X"
"TMEM126B",7.19e-48,0.365,0.484,0.427,1.34e-43,"TMEM126B"
"RAP2B",7.46e-48,0.488,0.337,0.277,1.39e-43,"RAP2B"
"DMRT3",7.77e-48,1.996,0.035,0.011,1.45e-43,"DMRT3"
"FAM114A1",7.85e-48,0.71,0.196,0.141,1.46e-43,"FAM114A1"
"ABHD3",7.89e-48,0.439,0.368,0.3,1.47e-43,"ABHD3"
"DENND10",7.92e-48,0.297,0.604,0.554,1.47e-43,"DENND10"
"COPB1",8.71e-48,0.258,0.763,0.728,1.62e-43,"COPB1"
"NGB",9.03e-48,-4.294,0.001,0.015,1.68e-43,"NGB"
"TRMT9B",1.01e-47,-0.559,0.094,0.146,1.88e-43,"TRMT9B"
"IMMP2L",1.03e-47,0.193,0.828,0.765,1.92e-43,"IMMP2L"
"MOB3B",1.05e-47,0.494,0.385,0.316,1.95e-43,"MOB3B"
"CNNM1",1.11e-47,-1.036,0.066,0.11,2.07e-43,"CNNM1"
"CCT2",1.13e-47,0.183,0.931,0.898,2.1e-43,"CCT2"
"CDH11",1.13e-47,0.264,0.618,0.547,2.11e-43,"CDH11"
"LYN",1.13e-47,1.455,0.085,0.047,2.11e-43,"LYN"
"EFCC1",1.15e-47,0.925,0.106,0.063,2.14e-43,"EFCC1"
"NPY1R",1.17e-47,-3,0.005,0.023,2.18e-43,"NPY1R"
"APC",1.23e-47,0.219,0.961,0.96,2.29e-43,"APC"
"PRTG",1.27e-47,0.923,0.373,0.311,2.36e-43,"PRTG"
"ENSG00000284686",1.27e-47,0.53,0.196,0.138,2.36e-43,"ENSG00000284686"
"ERLEC1",1.28e-47,0.28,0.677,0.64,2.39e-43,"ERLEC1"
"ADSL",1.32e-47,0.368,0.468,0.409,2.46e-43,"ADSL"
"CDH13",1.33e-47,-1.172,0.229,0.292,2.47e-43,"CDH13"
"CKLF",1.43e-47,0.431,0.411,0.351,2.66e-43,"CKLF"
"HMGCL",1.44e-47,0.494,0.329,0.268,2.68e-43,"HMGCL"
"WASHC4",1.51e-47,0.305,0.564,0.507,2.82e-43,"WASHC4"
"TCEAL2",1.66e-47,-0.289,0.503,0.586,3.08e-43,"TCEAL2"
"TMEM106B",1.74e-47,0.243,0.78,0.738,3.23e-43,"TMEM106B"
"RFX2",1.75e-47,0.369,0.458,0.394,3.26e-43,"RFX2"
"CAMKMT",1.83e-47,0.249,0.603,0.535,3.4e-43,"CAMKMT"
"TGIF2",1.9e-47,0.563,0.266,0.206,3.54e-43,"TGIF2"
"LPGAT1",2.08e-47,-0.365,0.563,0.63,3.88e-43,"LPGAT1"
"RILPL2",2.23e-47,0.704,0.196,0.142,4.15e-43,"RILPL2"
"IRS4",2.46e-47,2.002,0.047,0.019,4.58e-43,"IRS4"
"PCSK5",2.49e-47,0.504,0.219,0.159,4.63e-43,"PCSK5"
"ARPIN",2.58e-47,0.546,0.267,0.208,4.8e-43,"ARPIN"
"C14orf119",2.62e-47,0.349,0.49,0.437,4.88e-43,"C14orf119"
"GCAT",2.79e-47,0.551,0.274,0.214,5.19e-43,"GCAT"
"MCRS1",3.29e-47,0.354,0.477,0.42,6.13e-43,"MCRS1"
"CACNB3",3.3e-47,-0.719,0.078,0.126,6.14e-43,"CACNB3"
"CLYBL",3.93e-47,0.647,0.211,0.154,7.32e-43,"CLYBL"
"DYNC2LI1",3.98e-47,0.264,0.633,0.575,7.41e-43,"DYNC2LI1"
"ZNF22",4.88e-47,0.252,0.732,0.685,9.09e-43,"ZNF22"
"GALNT5",5.43e-47,2.445,0.025,0.006,1.01e-42,"GALNT5"
"MORC4",5.59e-47,0.317,0.525,0.467,1.04e-42,"MORC4"
"LLPH",5.84e-47,0.349,0.497,0.444,1.09e-42,"LLPH"
"COMMD9",5.9e-47,0.428,0.415,0.357,1.1e-42,"COMMD9"
"U2AF1",6.16e-47,0.202,0.906,0.869,1.15e-42,"U2AF1"
"GOSR1",6.49e-47,0.251,0.73,0.691,1.21e-42,"GOSR1"
"SEMA6D",6.95e-47,-0.773,0.626,0.674,1.29e-42,"SEMA6D"
"EIF2AK1",7.26e-47,0.257,0.693,0.646,1.35e-42,"EIF2AK1"
"MCUB",7.51e-47,0.69,0.177,0.123,1.4e-42,"MCUB"
"TNR",7.54e-47,-0.506,0.211,0.279,1.4e-42,"TNR"
"ACADVL",7.79e-47,0.484,0.313,0.254,1.45e-42,"ACADVL"
"AGA",7.97e-47,0.6,0.243,0.186,1.48e-42,"AGA"
"SCRT2",8.04e-47,-1.336,0.013,0.038,1.5e-42,"SCRT2"
"PPP1R7",8.06e-47,0.291,0.601,0.547,1.5e-42,"PPP1R7"
"MCUR1",8.18e-47,0.303,0.564,0.511,1.52e-42,"MCUR1"
"SORBS1",8.31e-47,0.337,0.729,0.697,1.55e-42,"SORBS1"
"ENSG00000278817",9.35e-47,0.878,0.126,0.08,1.74e-42,"ENSG00000278817"
"CTIF",9.51e-47,-0.448,0.453,0.523,1.77e-42,"CTIF"
"H2AX",1.04e-46,0.332,0.458,0.391,1.94e-42,"H2AX"
"RIT2",1.16e-46,-0.784,0.143,0.201,2.15e-42,"RIT2"
"FAM136A",1.17e-46,0.29,0.597,0.544,2.18e-42,"FAM136A"
"NT5C3A",1.21e-46,-0.305,0.566,0.641,2.25e-42,"NT5C3A"
"RSBN1",1.23e-46,-0.358,0.523,0.599,2.28e-42,"RSBN1"
"LHFPL6",1.28e-46,0.143,0.806,0.744,2.38e-42,"LHFPL6"
"INSYN2B",1.46e-46,0.476,0.286,0.224,2.72e-42,"INSYN2B"
"PGBD5",1.53e-46,-0.63,0.173,0.235,2.84e-42,"PGBD5"
"CCSAP",1.54e-46,-0.389,0.224,0.295,2.87e-42,"CCSAP"
"FBXO22",1.74e-46,0.275,0.637,0.593,3.23e-42,"FBXO22"
"STK38L",1.87e-46,0.333,0.477,0.414,3.47e-42,"STK38L"
"BTBD17",1.94e-46,0.386,0.37,0.306,3.62e-42,"BTBD17"
"GPR26",1.94e-46,-4.462,0.001,0.014,3.62e-42,"GPR26"
"WASHC2A",1.96e-46,0.401,0.428,0.369,3.64e-42,"WASHC2A"
"TRIR",2.01e-46,0.165,0.939,0.897,3.75e-42,"TRIR"
"TACR1",2.03e-46,-0.86,0.058,0.1,3.78e-42,"TACR1"
"MRPL54",2.37e-46,0.406,0.433,0.377,4.42e-42,"MRPL54"
"MSX1",2.48e-46,1.27,0.089,0.05,4.61e-42,"MSX1"
"ATP8A1",2.57e-46,-0.436,0.457,0.525,4.79e-42,"ATP8A1"
"ODF2L",3.26e-46,-0.38,0.537,0.605,6.06e-42,"ODF2L"
"GLT1D1",3.56e-46,-1.302,0.023,0.052,6.63e-42,"GLT1D1"
"NYAP1",3.77e-46,-0.754,0.089,0.139,7.02e-42,"NYAP1"
"TOB2",3.82e-46,0.393,0.43,0.372,7.11e-42,"TOB2"
"PYDC1",4.01e-46,-5.709,0,0.012,7.46e-42,"PYDC1"
"NPM2",4.13e-46,-1.386,0.026,0.057,7.69e-42,"NPM2"
"CLDND1",4.36e-46,0.269,0.7,0.653,8.11e-42,"CLDND1"
"AMN1",4.38e-46,-0.438,0.34,0.414,8.15e-42,"AMN1"
"PRR36",4.49e-46,-0.613,0.129,0.187,8.36e-42,"PRR36"
"PSME2",4.6e-46,0.39,0.407,0.347,8.56e-42,"PSME2"
"STK17A",4.69e-46,0.48,0.385,0.324,8.72e-42,"STK17A"
"TFR2",4.89e-46,-1.368,0.028,0.06,9.1e-42,"TFR2"
"FAM189A2",5.18e-46,0.379,0.392,0.324,9.65e-42,"FAM189A2"
"SMAP2",5.4e-46,-0.486,0.389,0.46,1e-41,"SMAP2"
"ASB18",5.57e-46,1.145,0.074,0.038,1.04e-41,"ASB18"
"KRCC1",5.72e-46,0.324,0.53,0.474,1.07e-41,"KRCC1"
"ZFP28",6.28e-46,-0.868,0.054,0.095,1.17e-41,"ZFP28"
"TAB2",6.57e-46,0.263,0.754,0.703,1.22e-41,"TAB2"
"H2AJ",6.9e-46,0.541,0.243,0.183,1.28e-41,"H2AJ"
"TADA3",7.13e-46,0.307,0.569,0.519,1.33e-41,"TADA3"
"SEPTIN6",7.23e-46,-0.625,0.224,0.289,1.35e-41,"SEPTIN6"
"SNRPB",8.2e-46,0.242,0.737,0.686,1.53e-41,"SNRPB"
"CRLF3",9.68e-46,-0.383,0.592,0.663,1.8e-41,"CRLF3"
"CMC4",1.03e-45,0.427,0.386,0.331,1.91e-41,"CMC4"
"ZNF804B",1.04e-45,-1.457,0.073,0.117,1.93e-41,"ZNF804B"
"FRY",1.06e-45,-0.319,0.576,0.652,1.97e-41,"FRY"
"NPHP3",1.2e-45,0.448,0.35,0.289,2.23e-41,"NPHP3"
"TMEM132A",1.21e-45,-0.391,0.297,0.374,2.26e-41,"TMEM132A"
"SLC44A1",1.34e-45,0.216,0.739,0.687,2.48e-41,"SLC44A1"
"CAPS2",1.37e-45,0.38,0.412,0.347,2.55e-41,"CAPS2"
"WASHC2C",1.41e-45,0.419,0.412,0.354,2.63e-41,"WASHC2C"
"EIF4E2",1.44e-45,0.309,0.543,0.49,2.67e-41,"EIF4E2"
"UROS",1.46e-45,0.321,0.557,0.501,2.72e-41,"UROS"
"REX1BD",1.5e-45,0.28,0.596,0.543,2.79e-41,"REX1BD"
"MPP2",1.59e-45,-0.716,0.145,0.202,2.95e-41,"MPP2"
"GATM",1.67e-45,0.66,0.218,0.161,3.11e-41,"GATM"
"CPT2",1.67e-45,0.536,0.287,0.229,3.11e-41,"CPT2"
"ZNF91",1.68e-45,-0.309,0.797,0.833,3.13e-41,"ZNF91"
"MRPL15",2.05e-45,0.319,0.549,0.499,3.82e-41,"MRPL15"
"CCNJL",2.15e-45,0.653,0.188,0.134,4e-41,"CCNJL"
"BACE2",2.19e-45,0.633,0.215,0.159,4.08e-41,"BACE2"
"MRPL4",2.23e-45,0.298,0.594,0.543,4.14e-41,"MRPL4"
"TLE4",2.33e-45,0.159,0.748,0.688,4.33e-41,"TLE4"
"PRRT2",2.61e-45,-0.547,0.178,0.242,4.85e-41,"PRRT2"
"PLAT",2.91e-45,0.558,0.156,0.106,5.42e-41,"PLAT"
"NUDT16",2.96e-45,0.486,0.305,0.247,5.51e-41,"NUDT16"
"MRPL36",3.08e-45,0.306,0.561,0.514,5.73e-41,"MRPL36"
"GSS",3.33e-45,0.432,0.386,0.329,6.2e-41,"GSS"
"ADGRB2",3.38e-45,0.495,0.314,0.257,6.28e-41,"ADGRB2"
"DPH5",3.58e-45,0.296,0.567,0.514,6.66e-41,"DPH5"
"MSI1",3.74e-45,0.301,0.547,0.489,6.96e-41,"MSI1"
"ZNF618",3.89e-45,-0.433,0.529,0.594,7.25e-41,"ZNF618"
"PTK2",3.92e-45,0.182,0.963,0.947,7.3e-41,"PTK2"
"IL13RA2",4.22e-45,-1.06,0.007,0.026,7.86e-41,"IL13RA2"
"SF3B1",4.62e-45,0.176,0.917,0.9,8.61e-41,"SF3B1"
"TLN2",5.17e-45,0.268,0.612,0.56,9.63e-41,"TLN2"
"MMP17",5.35e-45,-1.273,0.028,0.059,9.96e-41,"MMP17"
"SPTLC1",5.52e-45,0.256,0.657,0.609,1.03e-40,"SPTLC1"
"MMD2",5.7e-45,0.486,0.319,0.257,1.06e-40,"MMD2"
"CBFA2T3",5.76e-45,-0.927,0.065,0.108,1.07e-40,"CBFA2T3"
"DOCK5",6e-45,0.849,0.146,0.098,1.12e-40,"DOCK5"
"EGFR",6.38e-45,0.345,0.437,0.365,1.19e-40,"EGFR"
"DNASE2",6.41e-45,0.437,0.318,0.258,1.19e-40,"DNASE2"
"FHOD3",6.87e-45,-0.134,0.682,0.741,1.28e-40,"FHOD3"
"HDAC2",7.27e-45,-0.211,0.765,0.806,1.35e-40,"HDAC2"
"FZD1",7.43e-45,-0.828,0.167,0.226,1.38e-40,"FZD1"
"PPA2",7.75e-45,0.203,0.819,0.783,1.44e-40,"PPA2"
"SEC14L1",7.86e-45,0.261,0.694,0.656,1.46e-40,"SEC14L1"
"MEX3B",8.06e-45,-0.418,0.206,0.273,1.5e-40,"MEX3B"
"NEPRO",8.51e-45,0.363,0.483,0.428,1.58e-40,"NEPRO"
"TMED2",8.79e-45,0.269,0.767,0.732,1.64e-40,"TMED2"
"SPTB",1.02e-44,-1.507,0.019,0.046,1.9e-40,"SPTB"
"VEZT",1.03e-44,-0.287,0.803,0.849,1.92e-40,"VEZT"
"UNC5A",1.08e-44,-0.772,0.027,0.058,2.01e-40,"UNC5A"
"SMAD4",1.11e-44,0.246,0.724,0.68,2.06e-40,"SMAD4"
"CYLD",1.13e-44,-0.519,0.24,0.309,2.11e-40,"CYLD"
"COA6",1.24e-44,0.347,0.526,0.475,2.31e-40,"COA6"
"LGALS3",1.26e-44,1.339,0.077,0.041,2.35e-40,"LGALS3"
"KLHL5",1.37e-44,0.229,0.724,0.674,2.56e-40,"KLHL5"
"COBL",1.38e-44,0.904,0.161,0.111,2.56e-40,"COBL"
"WDR35",1.4e-44,0.301,0.543,0.482,2.6e-40,"WDR35"
"ERRFI1",1.45e-44,-0.655,0.113,0.165,2.71e-40,"ERRFI1"
"PGM2",1.47e-44,0.568,0.249,0.193,2.73e-40,"PGM2"
"ZMIZ2",1.5e-44,-0.586,0.153,0.213,2.79e-40,"ZMIZ2"
"EEA1",1.59e-44,0.245,0.766,0.728,2.96e-40,"EEA1"
"AMZ2",1.6e-44,0.292,0.633,0.59,2.98e-40,"AMZ2"
"ENSG00000233757",1.66e-44,-0.479,0.294,0.366,3.08e-40,"ENSG00000233757"
"LGR5",1.66e-44,0.312,0.31,0.246,3.09e-40,"LGR5"
"TMEM169",1.71e-44,-0.628,0.132,0.189,3.19e-40,"TMEM169"
"EIF6",1.74e-44,0.303,0.534,0.482,3.25e-40,"EIF6"
"VEGFD",2.08e-44,0.799,0.14,0.093,3.87e-40,"VEGFD"
"EAF2",2.17e-44,0.548,0.244,0.187,4.03e-40,"EAF2"
"COQ9",2.24e-44,0.365,0.491,0.439,4.16e-40,"COQ9"
"ENAH",2.36e-44,0.238,0.963,0.951,4.38e-40,"ENAH"
"SUCLG1",2.37e-44,0.265,0.726,0.69,4.4e-40,"SUCLG1"
"GOLM1",3.02e-44,0.183,0.928,0.9,5.62e-40,"GOLM1"
"NAP1L3",3.25e-44,-0.5,0.426,0.494,6.05e-40,"NAP1L3"
"GRIK4",3.3e-44,0.298,0.472,0.407,6.15e-40,"GRIK4"
"DYRK4",3.58e-44,0.368,0.412,0.352,6.66e-40,"DYRK4"
"IQCK",3.82e-44,0.291,0.585,0.527,7.11e-40,"IQCK"
"TIMP2",4.26e-44,0.315,0.69,0.654,7.93e-40,"TIMP2"
"CAMK2N2",4.35e-44,-0.685,0.148,0.205,8.1e-40,"CAMK2N2"
"SLITRK6",4.56e-44,-2.444,0.013,0.036,8.48e-40,"SLITRK6"
"MAN1C1",4.56e-44,0.515,0.267,0.21,8.48e-40,"MAN1C1"
"SPNS1",4.67e-44,0.437,0.364,0.307,8.69e-40,"SPNS1"
"MAK",4.96e-44,-0.485,0.342,0.416,9.23e-40,"MAK"
"TESC",4.97e-44,0.769,0.161,0.112,9.26e-40,"TESC"
"ATP6V1G2",5.22e-44,-0.503,0.401,0.468,9.72e-40,"ATP6V1G2"
"MAF",5.44e-44,0.439,0.224,0.167,1.01e-39,"MAF"
"INKA2",5.48e-44,0.455,0.304,0.242,1.02e-39,"INKA2"
"TM9SF3",5.95e-44,0.211,0.821,0.79,1.11e-39,"TM9SF3"
"TULP3",6.3e-44,0.357,0.455,0.398,1.17e-39,"TULP3"
"C17orf49",6.79e-44,0.269,0.635,0.587,1.26e-39,"C17orf49"
"SIMC1",6.79e-44,-0.371,0.401,0.473,1.26e-39,"SIMC1"
"SF3B2",6.83e-44,0.188,0.867,0.832,1.27e-39,"SF3B2"
"NOVA2",6.84e-44,-0.395,0.421,0.492,1.27e-39,"NOVA2"
"PUDP",6.96e-44,0.274,0.647,0.598,1.3e-39,"PUDP"
"LAMB2",7.03e-44,0.81,0.145,0.098,1.31e-39,"LAMB2"
"GALNT18",7.03e-44,-0.691,0.236,0.3,1.31e-39,"GALNT18"
"NFU1",7.7e-44,0.26,0.635,0.583,1.43e-39,"NFU1"
"MAPK8IP2",8.12e-44,-0.562,0.151,0.21,1.51e-39,"MAPK8IP2"
"LMTK3",8.2e-44,-0.689,0.12,0.173,1.53e-39,"LMTK3"
"NUDCD2",9.72e-44,0.229,0.712,0.662,1.81e-39,"NUDCD2"
"ERO1A",1e-43,-0.492,0.309,0.378,1.86e-39,"ERO1A"
"CCNK",1.14e-43,0.344,0.484,0.43,2.13e-39,"CCNK"
"TULP4",1.17e-43,-0.251,0.84,0.875,2.18e-39,"TULP4"
"CNPY2",1.17e-43,0.205,0.853,0.821,2.18e-39,"CNPY2"
"SYNJ2",1.2e-43,0.853,0.164,0.115,2.23e-39,"SYNJ2"
"SMG6",1.25e-43,0.228,0.763,0.73,2.33e-39,"SMG6"
"GDF15",1.31e-43,2.101,0.049,0.021,2.43e-39,"GDF15"
"PRR16",1.35e-43,-1.866,0.034,0.066,2.5e-39,"PRR16"
"ZFHX4",1.52e-43,-0.717,0.568,0.61,2.82e-39,"ZFHX4"
"PCBD2",1.53e-43,0.339,0.446,0.383,2.85e-39,"PCBD2"
"NDUFV3",1.54e-43,0.255,0.686,0.645,2.87e-39,"NDUFV3"
"SQLE",1.62e-43,0.215,0.9,0.879,3.01e-39,"SQLE"
"RSRC1",1.63e-43,0.208,0.783,0.735,3.04e-39,"RSRC1"
"GPC1",1.95e-43,0.375,0.431,0.372,3.62e-39,"GPC1"
"GASK1B",2.03e-43,0.552,0.275,0.216,3.77e-39,"GASK1B"
"RTN2",2.03e-43,-0.645,0.104,0.154,3.78e-39,"RTN2"
"RANBP1",2.24e-43,0.21,0.938,0.89,4.16e-39,"RANBP1"
"EPM2AIP1",2.36e-43,-0.412,0.507,0.572,4.39e-39,"EPM2AIP1"
"WASHC3",2.39e-43,0.282,0.585,0.533,4.45e-39,"WASHC3"
"CTDSP1",2.61e-43,0.595,0.238,0.185,4.86e-39,"CTDSP1"
"FOXA2",2.7e-43,-2.303,0.008,0.027,5.03e-39,"FOXA2"
"TMEM50A",2.76e-43,0.194,0.834,0.805,5.13e-39,"TMEM50A"
"C11orf80",2.85e-43,-0.545,0.459,0.519,5.31e-39,"C11orf80"
"JAZF1",2.91e-43,-0.377,0.597,0.655,5.42e-39,"JAZF1"
"KBTBD6",3.57e-43,-0.473,0.224,0.292,6.64e-39,"KBTBD6"
"MARCKSL1",3.86e-43,0.122,0.998,0.989,7.18e-39,"MARCKSL1"
"WDFY2",4e-43,0.266,0.667,0.626,7.45e-39,"WDFY2"
"EPHA2",4.07e-43,1.404,0.058,0.027,7.58e-39,"EPHA2"
"CD9",5.01e-43,0.502,0.316,0.255,9.33e-39,"CD9"
"NF1",5.07e-43,0.162,0.954,0.936,9.43e-39,"NF1"
"DNM1",5.45e-43,-0.509,0.394,0.461,1.01e-38,"DNM1"
"TMEM126A",5.51e-43,0.365,0.459,0.409,1.03e-38,"TMEM126A"
"NPTX2",5.96e-43,-0.818,0.093,0.141,1.11e-38,"NPTX2"
"CKMT1A",6.02e-43,-1.64,0.013,0.035,1.12e-38,"CKMT1A"
"NPL",6.18e-43,0.584,0.21,0.157,1.15e-38,"NPL"
"ARL2",6.83e-43,0.284,0.64,0.591,1.27e-38,"ARL2"
"ARID4A",6.94e-43,-0.358,0.644,0.7,1.29e-38,"ARID4A"
"RNF150",7.03e-43,-0.368,0.639,0.698,1.31e-38,"RNF150"
"AKIRIN1",7.21e-43,0.24,0.705,0.673,1.34e-38,"AKIRIN1"
"SAMD8",7.28e-43,0.27,0.609,0.562,1.35e-38,"SAMD8"
"DDIT4L",7.29e-43,2.115,0.031,0.01,1.36e-38,"DDIT4L"
"WNT10B",7.59e-43,-1.713,0.006,0.024,1.41e-38,"WNT10B"
"AGBL4",7.78e-43,-0.462,0.512,0.57,1.45e-38,"AGBL4"
"EPHB6",8.06e-43,-0.793,0.096,0.143,1.5e-38,"EPHB6"
"IFI27L1",8.88e-43,0.364,0.462,0.405,1.65e-38,"IFI27L1"
"TNIK",9.01e-43,-0.21,0.721,0.78,1.68e-38,"TNIK"
"SLC39A3",9.26e-43,0.361,0.455,0.401,1.72e-38,"SLC39A3"
"SGCB",9.3e-43,0.247,0.66,0.616,1.73e-38,"SGCB"
"RAB5B",9.6e-43,0.31,0.555,0.51,1.79e-38,"RAB5B"
"PTEN",1.05e-42,0.192,0.892,0.875,1.95e-38,"PTEN"
"BLACAT1",1.08e-42,-0.773,0.071,0.114,2.01e-38,"BLACAT1"
"ATP9B",1.19e-42,0.209,0.78,0.74,2.21e-38,"ATP9B"
"FZD2",1.21e-42,0.457,0.342,0.284,2.25e-38,"FZD2"
"SCMH1",1.41e-42,-0.305,0.769,0.815,2.62e-38,"SCMH1"
"TOR1B",1.43e-42,-0.537,0.182,0.244,2.67e-38,"TOR1B"
"PTCH1",1.44e-42,0.302,0.555,0.502,2.69e-38,"PTCH1"
"PPFIA3",1.45e-42,-0.661,0.119,0.171,2.69e-38,"PPFIA3"
"EYS",1.48e-42,0.451,0.2,0.146,2.76e-38,"EYS"
"DCC",1.54e-42,-0.811,0.678,0.699,2.86e-38,"DCC"
"CCN1",1.79e-42,1.012,0.112,0.071,3.34e-38,"CCN1"
"SCAMP1",2.18e-42,-0.345,0.626,0.685,4.06e-38,"SCAMP1"
"GLB1",2.47e-42,0.287,0.548,0.496,4.6e-38,"GLB1"
"MSH2",2.57e-42,-0.296,0.566,0.634,4.78e-38,"MSH2"
"SMAD1",2.79e-42,0.267,0.672,0.629,5.2e-38,"SMAD1"
"COPS8",2.88e-42,0.22,0.779,0.743,5.37e-38,"COPS8"
"SRP54",3.29e-42,0.221,0.796,0.763,6.13e-38,"SRP54"
"LDLR",3.49e-42,0.381,0.429,0.373,6.49e-38,"LDLR"
"TMEM132C",3.5e-42,1.201,0.118,0.075,6.51e-38,"TMEM132C"
"CAMSAP2",3.52e-42,-0.248,0.802,0.84,6.54e-38,"CAMSAP2"
"MAOB",3.64e-42,0.622,0.103,0.062,6.77e-38,"MAOB"
"RENBP",3.68e-42,0.469,0.262,0.205,6.85e-38,"RENBP"
"TAFA1",3.96e-42,-1.553,0.167,0.222,7.37e-38,"TAFA1"
"NIT2",3.99e-42,0.355,0.437,0.381,7.42e-38,"NIT2"
"RIC3",4.17e-42,-0.463,0.449,0.516,7.76e-38,"RIC3"
"GSTZ1",4.25e-42,0.561,0.229,0.175,7.91e-38,"GSTZ1"
"PGPEP1",4.28e-42,0.649,0.175,0.124,7.97e-38,"PGPEP1"
"PUS7L",4.31e-42,-2.037,0.007,0.025,8.03e-38,"PUS7L"
"BNIP2",4.38e-42,0.277,0.567,0.517,8.15e-38,"BNIP2"
"ARX",4.55e-42,0.853,0.095,0.056,8.47e-38,"ARX"
"ASAH1",4.98e-42,0.244,0.807,0.783,9.26e-38,"ASAH1"
"USO1",5.13e-42,0.26,0.683,0.642,9.54e-38,"USO1"
"IGSF3",5.56e-42,-0.558,0.271,0.335,1.03e-37,"IGSF3"
"S100A10",5.63e-42,1.015,0.121,0.078,1.05e-37,"S100A10"
"EMC3",5.72e-42,0.264,0.638,0.595,1.07e-37,"EMC3"
"ADCYAP1R1",6.09e-42,0.439,0.39,0.333,1.13e-37,"ADCYAP1R1"
"DPP7",6.32e-42,0.474,0.281,0.222,1.18e-37,"DPP7"
"LIPA",6.46e-42,-0.458,0.322,0.392,1.2e-37,"LIPA"
"GRM4",6.65e-42,-5.457,0,0.011,1.24e-37,"GRM4"
"PCYT2",6.8e-42,0.481,0.287,0.231,1.26e-37,"PCYT2"
"NPR3",7.03e-42,-2.402,0.009,0.028,1.31e-37,"NPR3"
"DENND5A",7.08e-42,0.203,0.773,0.729,1.32e-37,"DENND5A"
"HIP1",7.14e-42,0.374,0.725,0.68,1.33e-37,"HIP1"
"CDV3",7.29e-42,0.288,0.599,0.553,1.36e-37,"CDV3"
"POLD4",8.15e-42,0.71,0.161,0.113,1.52e-37,"POLD4"
"TPTEP2-CSNK1E",8.16e-42,0.257,0.657,0.607,1.52e-37,"TPTEP2-CSNK1E"
"STC1",8.64e-42,-1.945,0.009,0.029,1.61e-37,"STC1"
"DENND2A",9.08e-42,0.278,0.649,0.604,1.69e-37,"DENND2A"
"BPNT2",9.23e-42,0.271,0.597,0.55,1.72e-37,"BPNT2"
"C1QL2",9.69e-42,-2.313,0.013,0.036,1.8e-37,"C1QL2"
"ZEB1",9.89e-42,0.262,0.9,0.855,1.84e-37,"ZEB1"
"IQGAP1",1.04e-41,0.335,0.467,0.41,1.93e-37,"IQGAP1"
"LRRN2",1.11e-41,0.228,0.708,0.655,2.07e-37,"LRRN2"
"PFKP",1.17e-41,-0.713,0.193,0.25,2.17e-37,"PFKP"
"MTMR4",1.18e-41,-0.447,0.351,0.422,2.19e-37,"MTMR4"
"DIRAS2",1.18e-41,-0.531,0.129,0.182,2.2e-37,"DIRAS2"
"RHOV",1.21e-41,-2.706,0.003,0.018,2.24e-37,"RHOV"
"OPRM1",1.26e-41,-3.319,0.016,0.04,2.34e-37,"OPRM1"
"WBP1",1.37e-41,0.381,0.404,0.348,2.55e-37,"WBP1"
"MATK",1.44e-41,-2.665,0.003,0.017,2.68e-37,"MATK"
"CARMIL1",1.47e-41,0.182,0.621,0.554,2.74e-37,"CARMIL1"
"FARS2",1.57e-41,0.208,0.772,0.719,2.92e-37,"FARS2"
"IFIT2",1.61e-41,0.715,0.21,0.159,3e-37,"IFIT2"
"PREPL",1.67e-41,-0.351,0.681,0.734,3.12e-37,"PREPL"
"JPH3",1.72e-41,-0.563,0.165,0.223,3.21e-37,"JPH3"
"CTNNAL1",1.8e-41,0.376,0.41,0.35,3.34e-37,"CTNNAL1"
"C3orf80",1.87e-41,-3.947,0.001,0.013,3.48e-37,"C3orf80"
"ST8SIA6",1.9e-41,-3.911,0.003,0.018,3.53e-37,"ST8SIA6"
"CNPY4",2.04e-41,0.444,0.342,0.287,3.8e-37,"CNPY4"
"HMOX1",2.31e-41,0.761,0.143,0.097,4.3e-37,"HMOX1"
"PSD",3.09e-41,-0.498,0.185,0.247,5.75e-37,"PSD"
"SLC7A11",3.99e-41,0.306,0.528,0.457,7.43e-37,"SLC7A11"
"PDE1C",4.01e-41,0.377,0.352,0.29,7.47e-37,"PDE1C"
"ZFR",4.21e-41,0.179,0.879,0.858,7.84e-37,"ZFR"
"PIPOX",4.55e-41,0.546,0.255,0.201,8.47e-37,"PIPOX"
"GMNN",4.72e-41,0.406,0.33,0.268,8.79e-37,"GMNN"
"ITGA9",4.73e-41,-0.7,0.146,0.201,8.81e-37,"ITGA9"
"YARS1",5.64e-41,-0.36,0.471,0.541,1.05e-36,"YARS1"
"MAGEE1",5.66e-41,-0.751,0.069,0.111,1.05e-36,"MAGEE1"
"KCNQ1",5.99e-41,-0.506,0.314,0.383,1.11e-36,"KCNQ1"
"CYB5R1",6.11e-41,0.415,0.401,0.347,1.14e-36,"CYB5R1"
"MMP16",6.17e-41,-0.522,0.716,0.762,1.15e-36,"MMP16"
"CORO1B",6.26e-41,0.427,0.329,0.272,1.17e-36,"CORO1B"
"MITD1",6.4e-41,0.38,0.431,0.377,1.19e-36,"MITD1"
"CDC73",6.43e-41,0.202,0.751,0.712,1.2e-36,"CDC73"
"ZIC5",7.44e-41,1.657,0.043,0.018,1.39e-36,"ZIC5"
"FABP12",7.47e-41,0.72,0.135,0.09,1.39e-36,"FABP12"
"ANKRD18B",7.91e-41,-1.937,0.012,0.033,1.47e-36,"ANKRD18B"
"CTBS",8.01e-41,0.554,0.255,0.201,1.49e-36,"CTBS"
"ATG7",9e-41,0.253,0.656,0.6,1.68e-36,"ATG7"
"MRPL49",9.38e-41,0.466,0.303,0.248,1.75e-36,"MRPL49"
"UBE2S",9.55e-41,-0.34,0.525,0.583,1.78e-36,"UBE2S"
"SRBD1",1.03e-40,0.254,0.597,0.543,1.91e-36,"SRBD1"
"COPS6",1.15e-40,0.222,0.731,0.691,2.14e-36,"COPS6"
"TFG",1.21e-40,0.228,0.775,0.739,2.25e-36,"TFG"
"PPP1R14B",1.21e-40,0.195,0.929,0.896,2.25e-36,"PPP1R14B"
"RFC3",1.22e-40,-0.294,0.257,0.323,2.28e-36,"RFC3"
"NFIX",1.25e-40,0.179,0.649,0.577,2.34e-36,"NFIX"
"COL19A1",1.27e-40,-3.632,0.005,0.021,2.36e-36,"COL19A1"
"SERTAD1",1.32e-40,0.684,0.155,0.108,2.46e-36,"SERTAD1"
"ANAPC13",1.33e-40,0.267,0.647,0.604,2.47e-36,"ANAPC13"
"EML5",1.42e-40,-0.518,0.247,0.311,2.65e-36,"EML5"
"PCNP",1.44e-40,0.184,0.815,0.776,2.67e-36,"PCNP"
"GARS1",1.63e-40,-0.296,0.549,0.617,3.03e-36,"GARS1"
"RAB22A",1.69e-40,0.255,0.645,0.607,3.15e-36,"RAB22A"
"EGFL6",1.78e-40,-4.214,0.001,0.013,3.32e-36,"EGFL6"
"ZKSCAN1",1.82e-40,0.197,0.811,0.779,3.39e-36,"ZKSCAN1"
"PRKAG1",1.99e-40,0.293,0.563,0.515,3.71e-36,"PRKAG1"
"TXNL1",2.04e-40,0.182,0.874,0.844,3.81e-36,"TXNL1"
"BEGAIN",2.11e-40,-0.954,0.046,0.081,3.93e-36,"BEGAIN"
"NRXN3",2.12e-40,-1.921,0.436,0.477,3.95e-36,"NRXN3"
"TUSC3",2.26e-40,-0.342,0.748,0.792,4.21e-36,"TUSC3"
"FEZF2",2.31e-40,0.866,0.093,0.055,4.29e-36,"FEZF2"
"SRRM1",2.4e-40,0.169,0.87,0.838,4.47e-36,"SRRM1"
"SHISA4",2.78e-40,0.538,0.265,0.212,5.18e-36,"SHISA4"
"FAM229B",2.84e-40,0.257,0.717,0.676,5.28e-36,"FAM229B"
"NRBP1",2.95e-40,0.254,0.632,0.585,5.5e-36,"NRBP1"
"ASCC1",3.02e-40,0.285,0.601,0.554,5.63e-36,"ASCC1"
"TAOK1",3.12e-40,0.181,0.904,0.884,5.8e-36,"TAOK1"
"FBL",3.28e-40,0.388,0.437,0.385,6.11e-36,"FBL"
"ENSG00000279161",3.45e-40,-2.307,0.006,0.022,6.41e-36,"ENSG00000279161"
"ZFHX2",3.55e-40,-0.432,0.277,0.346,6.6e-36,"ZFHX2"
"C12orf57",3.88e-40,0.2,0.774,0.715,7.23e-36,"C12orf57"
"CARMIL3",4.46e-40,-1.204,0.025,0.052,8.3e-36,"CARMIL3"
"NUDT12",4.67e-40,0.368,0.406,0.35,8.69e-36,"NUDT12"
"SNRPD1",4.76e-40,0.194,0.92,0.881,8.87e-36,"SNRPD1"
"RBM38",4.83e-40,0.569,0.225,0.172,8.98e-36,"RBM38"
"PMCH",4.91e-40,4.855,0.018,0.003,9.13e-36,"PMCH"
"ZBBX",5.4e-40,0.411,0.303,0.244,1.01e-35,"ZBBX"
"IFT22",5.73e-40,0.285,0.563,0.513,1.07e-35,"IFT22"
"HDDC2",5.86e-40,0.309,0.534,0.484,1.09e-35,"HDDC2"
"LSM8",6e-40,0.222,0.723,0.683,1.12e-35,"LSM8"
"XBP1",6.16e-40,0.318,0.507,0.451,1.15e-35,"XBP1"
"CAMSAP1",6.19e-40,-0.359,0.425,0.497,1.15e-35,"CAMSAP1"
"SP1",6.67e-40,0.483,0.289,0.236,1.24e-35,"SP1"
"CPPED1",7.25e-40,0.642,0.208,0.158,1.35e-35,"CPPED1"
"ZFR2",7.91e-40,-0.635,0.113,0.162,1.47e-35,"ZFR2"
"PCCB",7.92e-40,0.319,0.498,0.447,1.47e-35,"PCCB"
"TRIM66",8.1e-40,-0.836,0.115,0.164,1.51e-35,"TRIM66"
"C6orf120",8.56e-40,0.428,0.318,0.263,1.59e-35,"C6orf120"
"RAB33A",8.88e-40,-0.413,0.299,0.366,1.65e-35,"RAB33A"
"ACMSD",9.11e-40,-1.006,0.035,0.067,1.7e-35,"ACMSD"
"ATXN2L",9.51e-40,-0.363,0.511,0.578,1.77e-35,"ATXN2L"
"HTR5A",9.53e-40,-8.483,0,0.01,1.77e-35,"HTR5A"
"ETS2",9.97e-40,-0.689,0.061,0.1,1.86e-35,"ETS2"
"ACAT1",9.98e-40,0.28,0.636,0.594,1.86e-35,"ACAT1"
"DDX6",1.03e-39,0.174,0.928,0.906,1.92e-35,"DDX6"
"IMPACT",1.08e-39,0.337,0.432,0.376,2.01e-35,"IMPACT"
"PDIA5",1.09e-39,0.49,0.302,0.247,2.02e-35,"PDIA5"
"ABI1",1.28e-39,0.244,0.697,0.66,2.38e-35,"ABI1"
"SHISAL1",1.3e-39,-0.677,0.083,0.127,2.42e-35,"SHISAL1"
"PGAM1",1.34e-39,0.147,0.82,0.776,2.49e-35,"PGAM1"
"TMEM179",1.37e-39,-1.365,0.022,0.048,2.56e-35,"TMEM179"
"MAOA",1.4e-39,0.487,0.288,0.233,2.61e-35,"MAOA"
"WWP1",1.6e-39,0.274,0.64,0.598,2.98e-35,"WWP1"
"PARM1",1.6e-39,0.635,0.121,0.078,2.99e-35,"PARM1"
"SKA2",1.63e-39,0.223,0.746,0.708,3.04e-35,"SKA2"
"GALNT10",1.64e-39,0.506,0.375,0.314,3.05e-35,"GALNT10"
"PSME3IP1",1.64e-39,0.233,0.705,0.663,3.06e-35,"PSME3IP1"
"IKZF2",1.74e-39,0.322,0.45,0.393,3.24e-35,"IKZF2"
"L3MBTL1",1.77e-39,-0.516,0.286,0.353,3.3e-35,"L3MBTL1"
"PPM1E",1.8e-39,-0.28,0.731,0.779,3.34e-35,"PPM1E"
"MT-TC",2e-39,0.885,0.101,0.062,3.71e-35,"MT-TC"
"ST3GAL6",2.05e-39,-0.609,0.133,0.185,3.81e-35,"ST3GAL6"
"LRRTM3",2.14e-39,-0.875,0.297,0.355,3.98e-35,"LRRTM3"
"FAM227B",2.18e-39,0.319,0.49,0.436,4.06e-35,"FAM227B"
"SRSF2",2.19e-39,0.201,0.814,0.772,4.08e-35,"SRSF2"
"SLCO1C1",2.21e-39,0.622,0.221,0.169,4.12e-35,"SLCO1C1"
"HS3ST2",2.4e-39,-2.949,0.003,0.018,4.46e-35,"HS3ST2"
"GPATCH2",2.44e-39,0.229,0.692,0.65,4.54e-35,"GPATCH2"
"KCNK1",2.44e-39,-1.969,0.01,0.03,4.55e-35,"KCNK1"
"DUSP10",2.47e-39,0.539,0.253,0.2,4.6e-35,"DUSP10"
"CDK2AP2",2.71e-39,0.56,0.33,0.278,5.04e-35,"CDK2AP2"
"ASCL1",2.75e-39,0.198,0.526,0.456,5.12e-35,"ASCL1"
"UQCC3",2.75e-39,0.422,0.378,0.328,5.13e-35,"UQCC3"
"SENP6",2.79e-39,0.177,0.892,0.864,5.2e-35,"SENP6"
"TRIM16",3.11e-39,0.391,0.465,0.415,5.79e-35,"TRIM16"
"NAPEPLD",3.39e-39,0.413,0.399,0.346,6.31e-35,"NAPEPLD"
"KIFC2",3.6e-39,-1.104,0.04,0.072,6.71e-35,"KIFC2"
"MBLAC2",3.76e-39,-0.703,0.08,0.124,7e-35,"MBLAC2"
"AXL",3.78e-39,0.612,0.205,0.155,7.03e-35,"AXL"
"CBFB",4.2e-39,0.286,0.564,0.512,7.82e-35,"CBFB"
"ZFX",4.62e-39,0.257,0.612,0.562,8.6e-35,"ZFX"
"IGFBPL1",4.92e-39,0.297,0.123,0.179,9.15e-35,"IGFBPL1"
"PAQR6",4.99e-39,0.539,0.226,0.175,9.28e-35,"PAQR6"
"TMED4",5.02e-39,0.227,0.685,0.642,9.34e-35,"TMED4"
"TWSG1",5.14e-39,0.27,0.544,0.493,9.56e-35,"TWSG1"
"SELENOT",5.68e-39,0.223,0.758,0.732,1.06e-34,"SELENOT"
"TMEM266",6.31e-39,-0.768,0.101,0.148,1.17e-34,"TMEM266"
"RAD23B",6.92e-39,0.188,0.866,0.833,1.29e-34,"RAD23B"
"CRABP2",7e-39,1.489,0.071,0.039,1.3e-34,"CRABP2"
"CSRNP2",7.26e-39,-0.48,0.226,0.289,1.35e-34,"CSRNP2"
"ZNF141",7.53e-39,-0.352,0.318,0.39,1.4e-34,"ZNF141"
"RRAS",8.24e-39,0.747,0.154,0.109,1.53e-34,"RRAS"
"IL7",8.44e-39,-0.532,0.291,0.358,1.57e-34,"IL7"
"MED11",8.77e-39,0.466,0.314,0.261,1.63e-34,"MED11"
"MDP1",8.87e-39,0.346,0.435,0.383,1.65e-34,"MDP1"
"CIT",9.1e-39,-0.41,0.079,0.122,1.69e-34,"CIT"
"CPSF6",1e-38,-0.249,0.778,0.82,1.87e-34,"CPSF6"
"FAHD2B",1.01e-38,0.607,0.207,0.158,1.89e-34,"FAHD2B"
"STAMBP",1.02e-38,0.303,0.537,0.492,1.9e-34,"STAMBP"
"SMU1",1.09e-38,0.234,0.667,0.63,2.02e-34,"SMU1"
"CYP20A1",1.09e-38,0.277,0.564,0.511,2.03e-34,"CYP20A1"
"SMIM29",1.1e-38,0.327,0.492,0.442,2.05e-34,"SMIM29"
"KIT",1.11e-38,-1.517,0.032,0.061,2.06e-34,"KIT"
"PDGFRB",1.13e-38,0.474,0.261,0.206,2.1e-34,"PDGFRB"
"MGAT5B",1.2e-38,-0.677,0.093,0.139,2.23e-34,"MGAT5B"
"EPS8",1.2e-38,0.408,0.675,0.631,2.23e-34,"EPS8"
"PBX1",1.2e-38,-0.422,0.962,0.961,2.23e-34,"PBX1"
"CYC1",1.26e-38,0.27,0.615,0.574,2.34e-34,"CYC1"
"SHANK2",1.28e-38,-0.364,0.603,0.662,2.39e-34,"SHANK2"
"MTM1",1.3e-38,0.332,0.44,0.385,2.41e-34,"MTM1"
"TUBE1",1.35e-38,-0.422,0.325,0.395,2.51e-34,"TUBE1"
"RASA2",1.51e-38,-0.344,0.622,0.675,2.81e-34,"RASA2"
"PAK1",1.54e-38,-0.417,0.449,0.511,2.87e-34,"PAK1"
"MARCHF2",1.71e-38,0.422,0.344,0.291,3.17e-34,"MARCHF2"
"MRPL47",1.74e-38,0.213,0.69,0.654,3.25e-34,"MRPL47"
"NHLH2",1.97e-38,-2.372,0.004,0.019,3.67e-34,"NHLH2"
"PPP1R17",2.09e-38,0.911,0.134,0.091,3.89e-34,"PPP1R17"
"SHD",2.16e-38,-0.686,0.056,0.094,4.02e-34,"SHD"
"DCK",2.29e-38,-0.363,0.412,0.481,4.26e-34,"DCK"
"GABRG3",2.44e-38,-1.47,0.181,0.231,4.54e-34,"GABRG3"
"FAM241A",2.49e-38,-1.774,0.01,0.03,4.63e-34,"FAM241A"
"DIAPH3",2.72e-38,0.341,0.346,0.282,5.06e-34,"DIAPH3"
"PNMA5",2.88e-38,-3.16,0.001,0.013,5.36e-34,"PNMA5"
"SEMA3C",2.95e-38,-1.725,0.06,0.097,5.49e-34,"SEMA3C"
"CHST15",3.16e-38,0.549,0.232,0.181,5.87e-34,"CHST15"
"CRELD2",3.24e-38,0.359,0.422,0.371,6.03e-34,"CRELD2"
"HRH1",3.5e-38,0.803,0.127,0.085,6.51e-34,"HRH1"
"MRPS34",3.65e-38,0.288,0.588,0.546,6.8e-34,"MRPS34"
"SETD5",3.76e-38,0.153,0.917,0.895,7e-34,"SETD5"
"OSGIN1",4.06e-38,1.174,0.067,0.036,7.56e-34,"OSGIN1"
"LAMA2",4.13e-38,1.39,0.091,0.055,7.68e-34,"LAMA2"
"TGFBR3",4.26e-38,0.711,0.138,0.094,7.93e-34,"TGFBR3"
"TMBIM4",4.42e-38,0.207,0.726,0.684,8.22e-34,"TMBIM4"
"SLC66A3",4.56e-38,0.604,0.21,0.161,8.48e-34,"SLC66A3"
"GFAP",5.32e-38,0.699,0.184,0.135,9.89e-34,"GFAP"
"CRADD",5.49e-38,0.25,0.558,0.495,1.02e-33,"CRADD"
"RPS6KA5",5.6e-38,-0.402,0.323,0.389,1.04e-33,"RPS6KA5"
"NUCB1",5.69e-38,0.417,0.363,0.312,1.06e-33,"NUCB1"
"ITGA2",5.82e-38,0.881,0.076,0.043,1.08e-33,"ITGA2"
"TMEM59L",6.35e-38,-0.348,0.496,0.562,1.18e-33,"TMEM59L"
"FMNL2",6.44e-38,0.209,0.927,0.911,1.2e-33,"FMNL2"
"MRPS22",6.81e-38,0.281,0.566,0.524,1.27e-33,"MRPS22"
"LIMD2",7.38e-38,0.503,0.278,0.225,1.37e-33,"LIMD2"
"NAA20",7.62e-38,0.225,0.69,0.656,1.42e-33,"NAA20"
"SDHB",8.02e-38,0.284,0.581,0.541,1.49e-33,"SDHB"
"PREP",8.83e-38,-0.469,0.26,0.323,1.64e-33,"PREP"
"SUN2",8.89e-38,-0.5,0.147,0.201,1.66e-33,"SUN2"
"HNRNPU",9.54e-38,0.152,0.964,0.947,1.78e-33,"HNRNPU"
"LUZP2",9.79e-38,-0.627,0.486,0.542,1.82e-33,"LUZP2"
"POLR2K",9.88e-38,0.188,0.793,0.75,1.84e-33,"POLR2K"
"TCTN3",1.05e-37,0.308,0.48,0.428,1.96e-33,"TCTN3"
"RNF213",1.06e-37,0.289,0.495,0.446,1.98e-33,"RNF213"
"HSF4",1.09e-37,-1.989,0.008,0.026,2.03e-33,"HSF4"
"MSRB1",1.11e-37,0.644,0.189,0.142,2.06e-33,"MSRB1"
"NARS1",1.18e-37,0.215,0.764,0.732,2.19e-33,"NARS1"
"NDUFS2",1.21e-37,0.228,0.702,0.671,2.25e-33,"NDUFS2"
"ATP10B",1.21e-37,0.837,0.142,0.099,2.26e-33,"ATP10B"
"KITLG",1.23e-37,0.284,0.134,0.09,2.3e-33,"KITLG"
"MFAP1",1.3e-37,0.251,0.661,0.621,2.42e-33,"MFAP1"
"APOE",1.35e-37,0.213,0.252,0.193,2.51e-33,"APOE"
"IRF2",1.37e-37,0.354,0.414,0.36,2.55e-33,"IRF2"
"NUDT14",1.45e-37,-0.693,0.093,0.138,2.7e-33,"NUDT14"
"KCTD20",1.47e-37,0.278,0.58,0.537,2.75e-33,"KCTD20"
"LKAAEAR1",1.52e-37,-1.324,0.02,0.045,2.83e-33,"LKAAEAR1"
"H1-2",1.52e-37,0.27,0.405,0.347,2.83e-33,"H1-2"
"GCH1",1.57e-37,-1.475,0.014,0.035,2.93e-33,"GCH1"
"LATS2",1.6e-37,0.613,0.184,0.136,2.97e-33,"LATS2"
"INPP4A",1.64e-37,-0.369,0.494,0.559,3.06e-33,"INPP4A"
"FAM163B",1.69e-37,-2.054,0.006,0.021,3.14e-33,"FAM163B"
"CASTOR1",1.75e-37,0.901,0.096,0.059,3.25e-33,"CASTOR1"
"FBXO17",1.83e-37,0.49,0.26,0.208,3.41e-33,"FBXO17"
"COMMD8",1.92e-37,0.366,0.39,0.339,3.57e-33,"COMMD8"
"ZFTRAF1",1.94e-37,0.314,0.486,0.435,3.61e-33,"ZFTRAF1"
"PODXL2",1.99e-37,-0.276,0.597,0.664,3.7e-33,"PODXL2"
"KCTD13",2.02e-37,-0.442,0.266,0.329,3.76e-33,"KCTD13"
"SERP2",2.15e-37,-0.695,0.101,0.146,4e-33,"SERP2"
"AGBL1",2.3e-37,1.172,0.139,0.095,4.28e-33,"AGBL1"
"PCSK6",2.33e-37,-0.434,0.117,0.166,4.33e-33,"PCSK6"
"ATP6V0A1",2.37e-37,-0.328,0.648,0.704,4.41e-33,"ATP6V0A1"
"MYO3B",2.48e-37,-2.05,0.012,0.033,4.62e-33,"MYO3B"
"CES4A",2.51e-37,-1.483,0.014,0.035,4.68e-33,"CES4A"
"CSNK2A2",2.6e-37,0.269,0.586,0.543,4.85e-33,"CSNK2A2"
"CPSF2",2.63e-37,0.302,0.449,0.397,4.9e-33,"CPSF2"
"UTP23",2.65e-37,-0.414,0.379,0.447,4.93e-33,"UTP23"
"PLPPR2",2.65e-37,-0.577,0.219,0.277,4.93e-33,"PLPPR2"
"C1QTNF7",2.7e-37,-0.905,0.086,0.128,5.03e-33,"C1QTNF7"
"MRPL24",2.76e-37,0.374,0.396,0.344,5.14e-33,"MRPL24"
"KLHL8",2.87e-37,-0.365,0.352,0.42,5.34e-33,"KLHL8"
"BABAM1",2.95e-37,0.283,0.532,0.486,5.5e-33,"BABAM1"
"B4GALT7",3.71e-37,0.394,0.366,0.315,6.9e-33,"B4GALT7"
"ZDHHC12",3.91e-37,0.871,0.111,0.072,7.28e-33,"ZDHHC12"
"HDGFL2",3.95e-37,0.228,0.684,0.647,7.36e-33,"HDGFL2"
"CNDP2",4.25e-37,0.338,0.437,0.388,7.9e-33,"CNDP2"
"TTC23",4.52e-37,0.375,0.36,0.308,8.42e-33,"TTC23"
"TAFA4",4.56e-37,-2.737,0.005,0.021,8.49e-33,"TAFA4"
"AKAP6",4.61e-37,0.271,0.93,0.939,8.58e-33,"AKAP6"
"OCIAD2",4.68e-37,-0.784,0.112,0.157,8.7e-33,"OCIAD2"
"RGL1",5.02e-37,0.293,0.621,0.575,9.34e-33,"RGL1"
"ZNF718",5.05e-37,-0.328,0.399,0.472,9.4e-33,"ZNF718"
"STAC",5.25e-37,-2.25,0.009,0.028,9.78e-33,"STAC"
"SLC4A7",5.31e-37,-0.232,0.524,0.592,9.88e-33,"SLC4A7"
"PSMD1",5.36e-37,0.208,0.817,0.79,9.98e-33,"PSMD1"
"RBM39",5.95e-37,0.15,0.949,0.932,1.11e-32,"RBM39"
"CDS1",6.14e-37,-0.565,0.124,0.174,1.14e-32,"CDS1"
"CPT1A",7.04e-37,0.76,0.123,0.082,1.31e-32,"CPT1A"
"SLC35B2",7.56e-37,0.467,0.302,0.252,1.41e-32,"SLC35B2"
"CSGALNACT2",7.65e-37,-0.366,0.426,0.492,1.42e-32,"CSGALNACT2"
"RHOQ",7.71e-37,0.347,0.5,0.452,1.43e-32,"RHOQ"
"FAM118A",7.77e-37,0.358,0.407,0.355,1.45e-32,"FAM118A"
"SEC61A1",7.79e-37,0.298,0.499,0.453,1.45e-32,"SEC61A1"
"CCT7",7.84e-37,0.21,0.767,0.732,1.46e-32,"CCT7"
"JPT1",8.21e-37,-0.342,0.941,0.931,1.53e-32,"JPT1"
"C2orf76",9.18e-37,0.345,0.399,0.343,1.71e-32,"C2orf76"
"ATG3",9.48e-37,0.263,0.581,0.536,1.76e-32,"ATG3"
"PLXNA2",9.56e-37,-0.343,0.516,0.577,1.78e-32,"PLXNA2"
"EDARADD",1.02e-36,-1.983,0.01,0.029,1.89e-32,"EDARADD"
"SCARB2",1.06e-36,0.214,0.793,0.764,1.96e-32,"SCARB2"
"PI4KA",1.16e-36,-0.357,0.508,0.571,2.15e-32,"PI4KA"
"PLEKHA6",1.18e-36,-0.383,0.47,0.533,2.19e-32,"PLEKHA6"
"RNASEH2C",1.28e-36,0.388,0.364,0.312,2.38e-32,"RNASEH2C"
"NAP1L5",1.31e-36,-0.528,0.221,0.28,2.43e-32,"NAP1L5"
"SPIRE2",1.32e-36,-0.57,0.146,0.199,2.46e-32,"SPIRE2"
"TM2D1",1.32e-36,0.222,0.685,0.647,2.47e-32,"TM2D1"
"FAM126A",1.41e-36,0.347,0.502,0.453,2.63e-32,"FAM126A"
"ACTR2",1.48e-36,0.168,0.898,0.88,2.75e-32,"ACTR2"
"DLL3",1.49e-36,-0.426,0.301,0.37,2.77e-32,"DLL3"
"RARS1",1.51e-36,0.263,0.572,0.529,2.81e-32,"RARS1"
"NEDD9",1.52e-36,0.385,0.267,0.213,2.84e-32,"NEDD9"
"SLC9A6",1.54e-36,-0.441,0.296,0.36,2.87e-32,"SLC9A6"
"EFHD1",1.54e-36,0.423,0.325,0.268,2.87e-32,"EFHD1"
"MTSS2",1.61e-36,0.328,0.427,0.374,2.99e-32,"MTSS2"
"FKBP1A",1.65e-36,0.191,0.775,0.741,3.08e-32,"FKBP1A"
"LIMD1",1.71e-36,0.471,0.284,0.23,3.19e-32,"LIMD1"
"FSTL5",1.76e-36,-1.066,0.271,0.325,3.28e-32,"FSTL5"
"FAM171A1",2.11e-36,-0.287,0.583,0.644,3.92e-32,"FAM171A1"
"APH1B",2.16e-36,0.441,0.326,0.274,4.01e-32,"APH1B"
"DNM1L",2.16e-36,-0.314,0.72,0.768,4.02e-32,"DNM1L"
"TOM1",2.22e-36,0.459,0.262,0.211,4.12e-32,"TOM1"
"TDRD3",2.24e-36,0.22,0.687,0.641,4.17e-32,"TDRD3"
"FOXN2",2.34e-36,0.296,0.538,0.485,4.35e-32,"FOXN2"
"SAR1B",2.37e-36,0.244,0.661,0.62,4.42e-32,"SAR1B"
"COMMD1",2.4e-36,0.155,0.792,0.756,4.47e-32,"COMMD1"
"ENHO",2.47e-36,0.31,0.591,0.553,4.59e-32,"ENHO"
"ARF1",2.53e-36,0.207,0.844,0.818,4.71e-32,"ARF1"
"GAR1",2.81e-36,0.321,0.49,0.443,5.24e-32,"GAR1"
"TMEM47",2.93e-36,0.261,0.577,0.52,5.46e-32,"TMEM47"
"RAC3",3.03e-36,-0.524,0.319,0.381,5.65e-32,"RAC3"
"ABLIM2",3.11e-36,-0.546,0.166,0.222,5.78e-32,"ABLIM2"
"MPPED2",3.13e-36,-0.245,0.452,0.529,5.82e-32,"MPPED2"
"OPRL1",3.37e-36,-1.989,0.009,0.027,6.27e-32,"OPRL1"
"SLC6A1",3.49e-36,0.354,0.431,0.379,6.5e-32,"SLC6A1"
"CAPRIN1",3.66e-36,0.17,0.887,0.861,6.81e-32,"CAPRIN1"
"IFI44",4.19e-36,0.5,0.244,0.194,7.8e-32,"IFI44"
"NTSR1",4.25e-36,-2.362,0.003,0.016,7.92e-32,"NTSR1"
"GHR",4.56e-36,0.289,0.305,0.245,8.48e-32,"GHR"
"PLCB4",4.95e-36,-0.426,0.504,0.562,9.22e-32,"PLCB4"
"NEK9",5.28e-36,0.39,0.32,0.266,9.83e-32,"NEK9"
"PKN2",5.31e-36,0.154,0.877,0.848,9.89e-32,"PKN2"
"PSMC4",5.62e-36,0.237,0.71,0.678,1.05e-31,"PSMC4"
"AUP1",5.74e-36,0.3,0.526,0.482,1.07e-31,"AUP1"
"DNPEP",6.08e-36,0.399,0.34,0.289,1.13e-31,"DNPEP"
"GRTP1",6.32e-36,0.648,0.183,0.138,1.18e-31,"GRTP1"
"BCAT1",6.82e-36,-0.405,0.15,0.202,1.27e-31,"BCAT1"
"ABHD2",6.89e-36,0.293,0.608,0.572,1.28e-31,"ABHD2"
"LUZP1",7.17e-36,0.282,0.514,0.465,1.33e-31,"LUZP1"
"LRRTM1",8.28e-36,-0.942,0.059,0.095,1.54e-31,"LRRTM1"
"MAN2A1",8.3e-36,0.279,0.411,0.353,1.55e-31,"MAN2A1"
"SHISA3",8.31e-36,0.548,0.281,0.222,1.55e-31,"SHISA3"
"MICAL1",8.67e-36,-0.849,0.047,0.08,1.61e-31,"MICAL1"
"TTC37",8.77e-36,0.176,0.793,0.763,1.63e-31,"TTC37"
"SHISA2",8.96e-36,-1.312,0.017,0.039,1.67e-31,"SHISA2"
"TP53",9.2e-36,0.374,0.395,0.343,1.71e-31,"TP53"
"PSMB7",9.6e-36,0.184,0.813,0.781,1.79e-31,"PSMB7"
"ZIM2",1e-35,-1.153,0.025,0.051,1.87e-31,"ZIM2"
"ZDHHC2",1.07e-35,0.329,0.381,0.329,1.99e-31,"ZDHHC2"
"TNS2",1.08e-35,-1.044,0.034,0.064,2e-31,"TNS2"
"NUCKS1",1.19e-35,0.104,0.985,0.968,2.21e-31,"NUCKS1"
"NIT1",1.23e-35,0.415,0.352,0.304,2.3e-31,"NIT1"
"MTMR10",1.24e-35,0.527,0.225,0.176,2.31e-31,"MTMR10"
"JKAMP",1.25e-35,0.245,0.609,0.568,2.32e-31,"JKAMP"
"ZNF71",1.29e-35,-0.44,0.206,0.265,2.41e-31,"ZNF71"
"CAPN14",1.38e-35,-1.895,0.008,0.025,2.56e-31,"CAPN14"
"IFT74",1.47e-35,0.28,0.548,0.501,2.74e-31,"IFT74"
"SAMD12",1.47e-35,-0.522,0.321,0.38,2.74e-31,"SAMD12"
"HMGB2",1.49e-35,0.146,0.615,0.549,2.77e-31,"HMGB2"
"NDUFAF6",1.49e-35,0.269,0.616,0.577,2.78e-31,"NDUFAF6"
"TP53I11",1.6e-35,-0.502,0.144,0.196,2.98e-31,"TP53I11"
"SHF",1.61e-35,-0.473,0.168,0.223,2.99e-31,"SHF"
"F2R",1.67e-35,0.307,0.487,0.441,3.11e-31,"F2R"
"FKBP14",1.77e-35,0.403,0.32,0.269,3.29e-31,"FKBP14"
"DGKB",1.77e-35,0.762,0.413,0.356,3.3e-31,"DGKB"
"HAT1",1.84e-35,0.246,0.573,0.521,3.42e-31,"HAT1"
"HAP1",1.88e-35,0.918,0.091,0.056,3.5e-31,"HAP1"
"UBAC2",1.9e-35,0.201,0.673,0.629,3.54e-31,"UBAC2"
"ZCCHC17",1.98e-35,0.224,0.754,0.728,3.69e-31,"ZCCHC17"
"IAH1",2e-35,0.344,0.444,0.394,3.72e-31,"IAH1"
"RBP1",2.11e-35,0.308,0.424,0.362,3.94e-31,"RBP1"
"CZIB",2.17e-35,0.333,0.45,0.404,4.04e-31,"CZIB"
"DICER1",2.31e-35,-0.252,0.74,0.783,4.3e-31,"DICER1"
"SIPA1L3",2.38e-35,0.32,0.624,0.584,4.42e-31,"SIPA1L3"
"NFIC",2.41e-35,0.406,0.388,0.339,4.48e-31,"NFIC"
"MT1F",2.41e-35,0.825,0.114,0.076,4.49e-31,"MT1F"
"SLF1",2.49e-35,-0.314,0.402,0.472,4.63e-31,"SLF1"
"CCDC92B",2.51e-35,-1.078,0.026,0.052,4.66e-31,"CCDC92B"
"WWC1",2.55e-35,0.273,0.45,0.393,4.74e-31,"WWC1"
"NT5DC2",2.57e-35,0.364,0.423,0.373,4.78e-31,"NT5DC2"
"TMEM208",2.68e-35,0.338,0.494,0.451,5e-31,"TMEM208"
"ESF1",2.69e-35,0.2,0.748,0.713,5.01e-31,"ESF1"
"IFIT1",2.78e-35,0.659,0.207,0.16,5.17e-31,"IFIT1"
"DHFR",2.95e-35,0.252,0.416,0.358,5.49e-31,"DHFR"
"POLR1D",3.05e-35,0.213,0.736,0.696,5.68e-31,"POLR1D"
"RSPO1",3.15e-35,2.857,0.015,0.002,5.86e-31,"RSPO1"
"FARSB",3.18e-35,-0.339,0.414,0.484,5.92e-31,"FARSB"
"SCN7A",3.83e-35,-1.382,0.013,0.033,7.13e-31,"SCN7A"
"C9orf85",3.85e-35,0.278,0.492,0.445,7.17e-31,"C9orf85"
"MYRIP",3.92e-35,-0.172,0.188,0.242,7.29e-31,"MYRIP"
"MRPS33",4.39e-35,0.233,0.607,0.563,8.18e-31,"MRPS33"
"REM2",4.65e-35,-1.249,0.017,0.039,8.66e-31,"REM2"
"PLEC",4.81e-35,0.531,0.216,0.169,8.95e-31,"PLEC"
"NUDT7",5.04e-35,0.561,0.214,0.167,9.38e-31,"NUDT7"
"PACSIN1",5.21e-35,-2.322,0.005,0.019,9.69e-31,"PACSIN1"
"NOSIP",5.43e-35,0.337,0.434,0.388,1.01e-30,"NOSIP"
"GSTO1",5.94e-35,0.366,0.417,0.368,1.11e-30,"GSTO1"
"GNPAT",6.13e-35,0.263,0.52,0.473,1.14e-30,"GNPAT"
"PPP4R3A",6.27e-35,0.232,0.677,0.642,1.17e-30,"PPP4R3A"
"MYH9",6.71e-35,0.575,0.2,0.154,1.25e-30,"MYH9"
"NAP1L2",7.1e-35,-0.624,0.135,0.184,1.32e-30,"NAP1L2"
"EPS8L1",7.93e-35,-1.075,0.031,0.058,1.48e-30,"EPS8L1"
"SHH",8.07e-35,-1.78,0.006,0.022,1.5e-30,"SHH"
"ANGPTL2",8.51e-35,0.632,0.163,0.119,1.58e-30,"ANGPTL2"
"SH2D5",8.87e-35,-2.618,0.003,0.016,1.65e-30,"SH2D5"
"SPA17",8.99e-35,0.419,0.289,0.237,1.67e-30,"SPA17"
"PARL",9.11e-35,0.227,0.614,0.573,1.7e-30,"PARL"
"DSTN",9.18e-35,0.136,0.934,0.9,1.71e-30,"DSTN"
"PKIB",9.32e-35,0.24,0.774,0.736,1.73e-30,"PKIB"
"SLC25A37",9.37e-35,0.28,0.45,0.399,1.74e-30,"SLC25A37"
"SPON2",9.38e-35,0.914,0.103,0.066,1.75e-30,"SPON2"
"CPVL",9.5e-35,0.517,0.23,0.181,1.77e-30,"CPVL"
"AHNAK2",1e-34,-1.844,0.009,0.026,1.87e-30,"AHNAK2"
"TENM3",1.03e-34,-1.122,0.454,0.512,1.91e-30,"TENM3"
"GPR88",1.1e-34,-2.073,0.006,0.021,2.05e-30,"GPR88"
"G6PD",1.11e-34,0.595,0.221,0.173,2.07e-30,"G6PD"
"CNTNAP3",1.12e-34,0.527,0.188,0.141,2.08e-30,"CNTNAP3"
"ZNF519",1.13e-34,-0.353,0.272,0.336,2.09e-30,"ZNF519"
"HAUS4",1.23e-34,0.484,0.27,0.221,2.29e-30,"HAUS4"
"ADHFE1",1.26e-34,0.507,0.226,0.178,2.35e-30,"ADHFE1"
"FGGY",1.4e-34,0.215,0.46,0.401,2.6e-30,"FGGY"
"SSH2",1.46e-34,-0.269,0.801,0.833,2.72e-30,"SSH2"
"SLC27A2",1.48e-34,-2.016,0.008,0.025,2.75e-30,"SLC27A2"
"RASA3",1.63e-34,0.413,0.329,0.279,3.03e-30,"RASA3"
"ZSWIM7",1.66e-34,0.264,0.538,0.494,3.08e-30,"ZSWIM7"
"ARHGEF17",1.83e-34,0.608,0.167,0.123,3.4e-30,"ARHGEF17"
"MARCHF1",1.92e-34,-0.723,0.75,0.773,3.58e-30,"MARCHF1"
"POLB",1.99e-34,-0.374,0.294,0.359,3.71e-30,"POLB"
"HNRNPA3",2.14e-34,0.16,0.969,0.952,3.99e-30,"HNRNPA3"
"MAPKAP1",2.28e-34,0.181,0.761,0.722,4.24e-30,"MAPKAP1"
"SLC25A43",2.68e-34,0.706,0.141,0.099,4.99e-30,"SLC25A43"
"FAM126B",2.71e-34,-0.383,0.412,0.475,5.04e-30,"FAM126B"
"OXA1L",2.74e-34,0.399,0.304,0.254,5.1e-30,"OXA1L"
"TMEM178A",2.8e-34,-0.375,0.192,0.25,5.22e-30,"TMEM178A"
"TM2D2",2.85e-34,0.327,0.432,0.386,5.3e-30,"TM2D2"
"BSG",2.94e-34,0.181,0.783,0.744,5.47e-30,"BSG"
"PDCL",3.02e-34,0.263,0.575,0.536,5.63e-30,"PDCL"
"KCND3",3.11e-34,0.301,0.459,0.404,5.79e-30,"KCND3"
"DPH3",3.31e-34,0.31,0.432,0.384,6.16e-30,"DPH3"
"SEPTIN3",3.63e-34,-0.346,0.593,0.642,6.75e-30,"SEPTIN3"
"DPPA4",3.66e-34,1.058,0.073,0.042,6.81e-30,"DPPA4"
"PIN1",4.1e-34,0.259,0.582,0.541,7.63e-30,"PIN1"
"FBXO21",4.14e-34,0.193,0.859,0.826,7.71e-30,"FBXO21"
"C8orf34",4.15e-34,0.113,0.055,0.089,7.73e-30,"C8orf34"
"MAGI3",4.2e-34,0.163,0.783,0.741,7.83e-30,"MAGI3"
"ACYP2",4.37e-34,0.157,0.87,0.837,8.13e-30,"ACYP2"
"BMPR1A",4.41e-34,0.202,0.798,0.757,8.2e-30,"BMPR1A"
"KCNIP1",4.48e-34,0.177,0.601,0.545,8.34e-30,"KCNIP1"
"EXT1",4.69e-34,0.113,0.897,0.864,8.73e-30,"EXT1"
"LRP6",4.84e-34,0.187,0.818,0.79,9e-30,"LRP6"
"REPIN1",5.21e-34,0.319,0.445,0.397,9.69e-30,"REPIN1"
"SH2D3C",5.25e-34,-0.835,0.042,0.073,9.76e-30,"SH2D3C"
"CREG1",5.27e-34,-0.509,0.208,0.264,9.8e-30,"CREG1"
"CDC123",5.29e-34,0.219,0.688,0.649,9.85e-30,"CDC123"
"INPP5F",5.51e-34,-0.396,0.382,0.443,1.03e-29,"INPP5F"
"XRCC4",5.52e-34,0.34,0.436,0.383,1.03e-29,"XRCC4"
"ST6GALNAC5",5.54e-34,-0.553,0.281,0.341,1.03e-29,"ST6GALNAC5"
"TOR1AIP2",5.59e-34,0.258,0.582,0.54,1.04e-29,"TOR1AIP2"
"CEP128",6.73e-34,-0.277,0.279,0.343,1.25e-29,"CEP128"
"MRPS24",6.8e-34,0.212,0.674,0.637,1.27e-29,"MRPS24"
"CAPN2",6.85e-34,0.292,0.474,0.428,1.28e-29,"CAPN2"
"TRPC4",6.86e-34,-0.897,0.138,0.186,1.28e-29,"TRPC4"
"MAP1A",7.02e-34,0.338,0.461,0.415,1.31e-29,"MAP1A"
"DPY19L3",7.26e-34,0.283,0.521,0.473,1.35e-29,"DPY19L3"
"PAFAH1B3",7.36e-34,-0.355,0.72,0.75,1.37e-29,"PAFAH1B3"
"RBP4",7.48e-34,-3.092,0.001,0.012,1.39e-29,"RBP4"
"ESRRG",7.86e-34,0.19,0.677,0.626,1.46e-29,"ESRRG"
"NECAB1",8.12e-34,-1.852,0.034,0.061,1.51e-29,"NECAB1"
"HAS1",8.5e-34,-3.051,0.002,0.014,1.58e-29,"HAS1"
"UBE2E1",8.55e-34,0.163,0.836,0.804,1.59e-29,"UBE2E1"
"IGDCC3",8.66e-34,0.303,0.55,0.509,1.61e-29,"IGDCC3"
"ACTR3",8.77e-34,0.161,0.864,0.839,1.63e-29,"ACTR3"
"PDLIM1",8.82e-34,1.249,0.076,0.045,1.64e-29,"PDLIM1"
"KCNB1",9.06e-34,-0.543,0.191,0.245,1.69e-29,"KCNB1"
"GRM7",9.17e-34,-1.647,0.24,0.287,1.71e-29,"GRM7"
"GRK4",9.66e-34,-0.447,0.338,0.4,1.8e-29,"GRK4"
"TLL2",9.87e-34,0.414,0.183,0.135,1.84e-29,"TLL2"
"SDF2",1.03e-33,0.242,0.612,0.573,1.92e-29,"SDF2"
"FADS2",1.08e-33,0.317,0.683,0.655,2.01e-29,"FADS2"
"ACVR1B",1.1e-33,-0.352,0.373,0.44,2.06e-29,"ACVR1B"
"ZNF738",1.11e-33,-0.289,0.461,0.53,2.06e-29,"ZNF738"
"ANXA6",1.19e-33,0.33,0.449,0.404,2.22e-29,"ANXA6"
"CCDC92",1.23e-33,-0.382,0.517,0.572,2.28e-29,"CCDC92"
"VWCE",1.24e-33,0.677,0.124,0.085,2.31e-29,"VWCE"
"GAS1",1.28e-33,0.509,0.196,0.149,2.38e-29,"GAS1"
"LEF1",1.33e-33,0.822,0.161,0.118,2.47e-29,"LEF1"
"GFPT1",1.43e-33,-0.295,0.512,0.574,2.66e-29,"GFPT1"
"TCTN1",1.58e-33,0.226,0.597,0.549,2.93e-29,"TCTN1"
"CEP126",1.63e-33,-0.369,0.391,0.454,3.03e-29,"CEP126"
"GNA12",1.68e-33,0.239,0.662,0.624,3.12e-29,"GNA12"
"TSTD3",1.75e-33,0.26,0.5,0.448,3.26e-29,"TSTD3"
"GPHN",1.99e-33,-0.181,0.988,0.987,3.7e-29,"GPHN"
"NWD2",2.01e-33,-3.055,0.004,0.018,3.74e-29,"NWD2"
"AGAP3",2.02e-33,-0.364,0.268,0.331,3.76e-29,"AGAP3"
"NAALAD2",2.05e-33,-0.59,0.175,0.228,3.81e-29,"NAALAD2"
"GMNC",2.06e-33,2.547,0.024,0.007,3.83e-29,"GMNC"
"PABPC1L2A",2.08e-33,-2.725,0.003,0.016,3.87e-29,"PABPC1L2A"
"MYL12B",2.15e-33,0.126,0.866,0.829,4.01e-29,"MYL12B"
"KLHL32",2.34e-33,-0.502,0.211,0.267,4.36e-29,"KLHL32"
"GMDS",2.45e-33,-0.379,0.5,0.556,4.56e-29,"GMDS"
"ZNF382",2.51e-33,-0.514,0.154,0.205,4.67e-29,"ZNF382"
"ULK2",2.52e-33,-0.372,0.427,0.488,4.7e-29,"ULK2"
"LARP4",2.63e-33,0.218,0.646,0.608,4.9e-29,"LARP4"
"OSBPL9",2.66e-33,0.172,0.794,0.768,4.95e-29,"OSBPL9"
"DPYSL5",2.76e-33,-0.386,0.557,0.603,5.13e-29,"DPYSL5"
"SRGAP3",2.79e-33,0.152,0.958,0.953,5.19e-29,"SRGAP3"
"ARMH1",2.88e-33,0.375,0.396,0.345,5.37e-29,"ARMH1"
"COCH",3.03e-33,-0.545,0.141,0.19,5.63e-29,"COCH"
"RAB21",3.33e-33,0.219,0.659,0.619,6.2e-29,"RAB21"
"DSEL",3.35e-33,-0.693,0.238,0.291,6.24e-29,"DSEL"
"KPNA5",3.43e-33,-0.308,0.517,0.583,6.39e-29,"KPNA5"
"ZFAND1",3.66e-33,-0.428,0.246,0.307,6.81e-29,"ZFAND1"
"AP2M1",3.89e-33,0.128,0.834,0.796,7.24e-29,"AP2M1"
"ETHE1",3.94e-33,0.424,0.334,0.29,7.33e-29,"ETHE1"
"OBSL1",3.98e-33,0.376,0.311,0.262,7.41e-29,"OBSL1"
"HACD1",4.16e-33,-0.838,0.104,0.146,7.75e-29,"HACD1"
"CEP83",4.33e-33,0.219,0.526,0.471,8.07e-29,"CEP83"
"CCKBR",4.82e-33,-4.644,0.001,0.01,8.97e-29,"CCKBR"
"BAZ2B",4.84e-33,0.25,0.925,0.911,9.01e-29,"BAZ2B"
"KPNA1",5.25e-33,0.265,0.722,0.692,9.77e-29,"KPNA1"
"ANKUB1",5.29e-33,0.237,0.514,0.465,9.84e-29,"ANKUB1"
"BRMS1",5.42e-33,0.49,0.237,0.19,1.01e-28,"BRMS1"
"UFSP2",5.53e-33,0.274,0.51,0.466,1.03e-28,"UFSP2"
"P2RY1",5.62e-33,0.756,0.099,0.064,1.05e-28,"P2RY1"
"TEX26",5.94e-33,0.656,0.139,0.099,1.1e-28,"TEX26"
"CHST2",6e-33,-1.328,0.038,0.067,1.12e-28,"CHST2"
"STUB1",6.02e-33,0.235,0.66,0.624,1.12e-28,"STUB1"
"GSTK1",6.42e-33,0.411,0.334,0.287,1.19e-28,"GSTK1"
"STX4",6.49e-33,0.435,0.305,0.258,1.21e-28,"STX4"
"CLSTN3",6.61e-33,-0.599,0.191,0.242,1.23e-28,"CLSTN3"
"RIIAD1",6.65e-33,-1.007,0.023,0.047,1.24e-28,"RIIAD1"
"NBR1",6.69e-33,0.303,0.45,0.401,1.24e-28,"NBR1"
"SERTAD3",7e-33,0.575,0.204,0.159,1.3e-28,"SERTAD3"
"STARD3NL",7.29e-33,0.184,0.822,0.794,1.36e-28,"STARD3NL"
"ICA1L",7.73e-33,-0.266,0.627,0.684,1.44e-28,"ICA1L"
"TMEM50B",7.81e-33,0.265,0.522,0.478,1.45e-28,"TMEM50B"
"SMYD3",8.06e-33,-0.349,0.849,0.866,1.5e-28,"SMYD3"
"MTTP",8.3e-33,0.513,0.219,0.171,1.54e-28,"MTTP"
"COBLL1",8.72e-33,1.184,0.133,0.093,1.62e-28,"COBLL1"
"SCARA3",8.8e-33,0.481,0.247,0.2,1.64e-28,"SCARA3"
"PLCD1",9.2e-33,0.674,0.147,0.106,1.71e-28,"PLCD1"
"PEX19",9.36e-33,0.471,0.275,0.229,1.74e-28,"PEX19"
"RHPN2",9.43e-33,0.467,0.25,0.202,1.76e-28,"RHPN2"
"SHROOM4",9.54e-33,0.515,0.218,0.171,1.78e-28,"SHROOM4"
"CARHSP1",9.64e-33,0.313,0.582,0.54,1.79e-28,"CARHSP1"
"PPP2R1A",1.07e-32,0.174,0.817,0.791,1.98e-28,"PPP2R1A"
"SOWAHA",1.07e-32,-3.369,0.001,0.012,2e-28,"SOWAHA"
"MAPK1IP1L",1.08e-32,0.189,0.747,0.712,2.01e-28,"MAPK1IP1L"
"JAGN1",1.13e-32,0.301,0.455,0.412,2.1e-28,"JAGN1"
"RNF216",1.16e-32,0.196,0.728,0.693,2.15e-28,"RNF216"
"TFAP2E",1.17e-32,-0.841,0.035,0.064,2.17e-28,"TFAP2E"
"FAH",1.18e-32,0.762,0.128,0.09,2.19e-28,"FAH"
"POLD2",1.24e-32,0.244,0.549,0.5,2.31e-28,"POLD2"
"DCPS",1.37e-32,0.452,0.265,0.218,2.55e-28,"DCPS"
"CERS1",1.4e-32,0.449,0.289,0.242,2.61e-28,"CERS1"
"MTF2",1.43e-32,-0.239,0.664,0.72,2.65e-28,"MTF2"
"HSPB8",1.46e-32,0.873,0.113,0.077,2.72e-28,"HSPB8"
"TCAF1",1.49e-32,-0.32,0.594,0.646,2.77e-28,"TCAF1"
"RFX1",1.58e-32,-0.452,0.146,0.197,2.94e-28,"RFX1"
"KCTD7",1.6e-32,-0.44,0.204,0.261,2.98e-28,"KCTD7"
"AAMP",1.63e-32,0.306,0.471,0.427,3.03e-28,"AAMP"
"FYCO1",1.72e-32,0.658,0.14,0.1,3.2e-28,"FYCO1"
"FAM153A",1.75e-32,-1.663,0.008,0.025,3.25e-28,"FAM153A"
"ZIC4",1.77e-32,1.89,0.034,0.014,3.29e-28,"ZIC4"
"OTX2",1.81e-32,-0.869,0.307,0.36,3.37e-28,"OTX2"
"ADAMTS20",1.84e-32,-1.917,0.009,0.026,3.42e-28,"ADAMTS20"
"LRCH3",1.85e-32,0.172,0.763,0.733,3.44e-28,"LRCH3"
"SDC2",1.97e-32,0.319,0.38,0.327,3.66e-28,"SDC2"
"TAX1BP3",2e-32,0.466,0.296,0.251,3.72e-28,"TAX1BP3"
"MT1E",2e-32,0.992,0.091,0.058,3.73e-28,"MT1E"
"ATIC",2.02e-32,0.303,0.477,0.432,3.76e-28,"ATIC"
"DBNL",2.12e-32,0.342,0.414,0.37,3.94e-28,"DBNL"
"TST",2.13e-32,0.647,0.158,0.116,3.96e-28,"TST"
"LMX1A",2.23e-32,0.679,0.054,0.028,4.16e-28,"LMX1A"
"LRRC41",2.26e-32,0.248,0.572,0.531,4.21e-28,"LRRC41"
"DUSP9",2.4e-32,-1.798,0.006,0.02,4.47e-28,"DUSP9"
"CYYR1",2.42e-32,0.432,0.277,0.225,4.51e-28,"CYYR1"
"MVB12A",2.45e-32,0.401,0.334,0.287,4.55e-28,"MVB12A"
"TARBP1",2.76e-32,-0.364,0.523,0.582,5.14e-28,"TARBP1"
"TUBA1C",3.06e-32,-0.604,0.111,0.155,5.69e-28,"TUBA1C"
"LYPLAL1",3.12e-32,0.185,0.741,0.703,5.8e-28,"LYPLAL1"
"NEUROD6",3.16e-32,-0.856,0.073,0.11,5.89e-28,"NEUROD6"
"SPTAN1",3.22e-32,-0.276,0.819,0.844,5.99e-28,"SPTAN1"
"NECTIN1",3.26e-32,-0.676,0.115,0.159,6.07e-28,"NECTIN1"
"MTCH2",3.3e-32,0.203,0.751,0.72,6.14e-28,"MTCH2"
"PDZD2",3.34e-32,-0.542,0.367,0.423,6.22e-28,"PDZD2"
"HSBP1L1",3.38e-32,0.677,0.137,0.097,6.29e-28,"HSBP1L1"
"ACSS1",3.52e-32,0.59,0.181,0.138,6.56e-28,"ACSS1"
"C20orf96",3.54e-32,0.369,0.364,0.318,6.59e-28,"C20orf96"
"MICU1",3.71e-32,0.148,0.812,0.776,6.9e-28,"MICU1"
"AKR1C1",3.97e-32,-0.459,0.177,0.228,7.4e-28,"AKR1C1"
"ZNF675",3.99e-32,-0.415,0.334,0.398,7.43e-28,"ZNF675"
"FBN1",4.04e-32,-0.71,0.12,0.163,7.51e-28,"FBN1"
"SEMA5A",4.35e-32,-0.66,0.076,0.114,8.1e-28,"SEMA5A"
"H2BC6",4.86e-32,-2.042,0.012,0.03,9.04e-28,"H2BC6"
"LDAH",4.89e-32,0.2,0.622,0.579,9.11e-28,"LDAH"
"RGS7",5.05e-32,-0.329,0.705,0.761,9.39e-28,"RGS7"
"OSBPL3",5.15e-32,0.541,0.212,0.165,9.58e-28,"OSBPL3"
"AFF3",5.17e-32,-0.141,0.806,0.839,9.62e-28,"AFF3"
"MT-ND4L",5.8e-32,0.134,0.765,0.735,1.08e-27,"MT-ND4L"
"SCN4B",6.04e-32,0.797,0.112,0.076,1.13e-27,"SCN4B"
"MAF1",6.08e-32,0.285,0.507,0.463,1.13e-27,"MAF1"
"TMEM248",6.16e-32,0.286,0.503,0.46,1.15e-27,"TMEM248"
"CTH",6.44e-32,0.474,0.215,0.169,1.2e-27,"CTH"
"EIF1B",6.52e-32,0.139,0.964,0.937,1.21e-27,"EIF1B"
"RBPMS",6.74e-32,0.523,0.223,0.176,1.25e-27,"RBPMS"
"PHF3",6.86e-32,0.17,0.822,0.797,1.28e-27,"PHF3"
"NCSTN",7.09e-32,0.343,0.404,0.359,1.32e-27,"NCSTN"
"TBC1D8",7.1e-32,-0.461,0.242,0.299,1.32e-27,"TBC1D8"
"SAP30BP",7.21e-32,0.289,0.514,0.475,1.34e-27,"SAP30BP"
"PDSS2",7.72e-32,0.207,0.679,0.636,1.44e-27,"PDSS2"
"RFPL2",7.91e-32,-2.095,0.006,0.021,1.47e-27,"RFPL2"
"EIF2AK3",8.36e-32,0.4,0.43,0.385,1.56e-27,"EIF2AK3"
"RUFY3",8.41e-32,0.115,0.98,0.973,1.56e-27,"RUFY3"
"AZIN2",8.49e-32,0.566,0.254,0.208,1.58e-27,"AZIN2"
"SRP68",9e-32,0.361,0.372,0.327,1.67e-27,"SRP68"
"DNAJC7",9.46e-32,0.167,0.807,0.777,1.76e-27,"DNAJC7"
"CUX1",9.47e-32,0.142,0.89,0.863,1.76e-27,"CUX1"
"PTTG1",9.94e-32,0.147,0.252,0.201,1.85e-27,"PTTG1"
"FSD1L",1.01e-31,-0.312,0.659,0.706,1.89e-27,"FSD1L"
"PACC1",1.04e-31,0.295,0.455,0.41,1.93e-27,"PACC1"
"RELL2",1.04e-31,-1.058,0.027,0.052,1.94e-27,"RELL2"
"APOBEC3C",1.06e-31,1.388,0.036,0.016,1.97e-27,"APOBEC3C"
"FNDC4",1.07e-31,0.389,0.384,0.341,1.99e-27,"FNDC4"
"FBRSL1",1.07e-31,-0.372,0.195,0.251,1.99e-27,"FBRSL1"
"SLC25A20",1.1e-31,0.795,0.119,0.083,2.05e-27,"SLC25A20"
"SMARCE1",1.1e-31,0.204,0.686,0.654,2.06e-27,"SMARCE1"
"RAP1A",1.14e-31,0.197,0.737,0.707,2.12e-27,"RAP1A"
"BMPR2",1.15e-31,-0.247,0.889,0.908,2.13e-27,"BMPR2"
"SC5D",1.25e-31,0.217,0.685,0.653,2.32e-27,"SC5D"
"MT-TM",1.26e-31,-1.428,0.019,0.041,2.34e-27,"MT-TM"
"MRPL58",1.28e-31,0.334,0.432,0.391,2.38e-27,"MRPL58"
"TMEM200A",1.32e-31,-1.032,0.045,0.075,2.47e-27,"TMEM200A"
"PDCD6IP",1.33e-31,0.169,0.764,0.734,2.48e-27,"PDCD6IP"
"TECR",1.33e-31,0.254,0.564,0.522,2.48e-27,"TECR"
"CCDC191",1.33e-31,0.262,0.521,0.473,2.48e-27,"CCDC191"
"C5orf49",1.36e-31,0.469,0.295,0.247,2.53e-27,"C5orf49"
"SEC22B",1.37e-31,0.313,0.471,0.43,2.56e-27,"SEC22B"
"COL6A2",1.47e-31,1.021,0.082,0.05,2.74e-27,"COL6A2"
"ATXN7L3B",1.49e-31,-0.3,0.721,0.756,2.77e-27,"ATXN7L3B"
"PDE4DIP",1.5e-31,-0.481,0.337,0.39,2.79e-27,"PDE4DIP"
"MGAT3",1.53e-31,-0.534,0.118,0.163,2.85e-27,"MGAT3"
"FASTK",1.59e-31,0.361,0.372,0.328,2.96e-27,"FASTK"
"CRYBG3",1.62e-31,0.358,0.191,0.147,3.01e-27,"CRYBG3"
"SHISA5",1.69e-31,0.353,0.395,0.35,3.14e-27,"SHISA5"
"PTPRB",1.73e-31,-2.197,0.007,0.022,3.23e-27,"PTPRB"
"GALNT2",1.77e-31,0.192,0.636,0.596,3.29e-27,"GALNT2"
"AR",1.88e-31,0.624,0.158,0.117,3.49e-27,"AR"
"GUCD1",1.9e-31,0.499,0.221,0.176,3.54e-27,"GUCD1"
"CDCA7L",1.94e-31,0.514,0.239,0.193,3.61e-27,"CDCA7L"
"PHKB",1.97e-31,0.147,0.806,0.77,3.67e-27,"PHKB"
"SRSF12",2.03e-31,-0.363,0.388,0.452,3.77e-27,"SRSF12"
"PCP4L1",2.14e-31,-3.391,0.002,0.013,3.98e-27,"PCP4L1"
"HELZ",2.3e-31,0.196,0.744,0.713,4.27e-27,"HELZ"
"CLIC6",2.31e-31,2.487,0.017,0.004,4.3e-27,"CLIC6"
"UBAP2L",2.39e-31,0.241,0.621,0.588,4.45e-27,"UBAP2L"
"PSMB8",2.45e-31,1.246,0.042,0.02,4.55e-27,"PSMB8"
"UGT8",2.52e-31,-1.555,0.012,0.03,4.69e-27,"UGT8"
"KCNS2",2.54e-31,-4.023,0.001,0.01,4.73e-27,"KCNS2"
"ELOVL5",2.68e-31,0.233,0.618,0.578,4.99e-27,"ELOVL5"
"KCNH4",2.75e-31,-2.642,0.002,0.014,5.12e-27,"KCNH4"
"TOR1AIP1",2.84e-31,0.35,0.374,0.328,5.28e-27,"TOR1AIP1"
"MBOAT2",3.02e-31,-0.278,0.751,0.784,5.62e-27,"MBOAT2"
"MANF",3.1e-31,0.314,0.626,0.593,5.77e-27,"MANF"
"MRPL37",3.18e-31,0.362,0.385,0.341,5.92e-27,"MRPL37"
"KCNF1",3.29e-31,0.778,0.103,0.068,6.12e-27,"KCNF1"
"SNX13",3.63e-31,0.203,0.684,0.654,6.76e-27,"SNX13"
"DNALI1",3.69e-31,0.404,0.351,0.305,6.88e-27,"DNALI1"
"LRRD1",3.74e-31,-0.772,0.058,0.092,6.97e-27,"LRRD1"
"ARL2BP",3.8e-31,0.204,0.694,0.661,7.08e-27,"ARL2BP"
"RAB10",4.01e-31,0.146,0.919,0.903,7.47e-27,"RAB10"
"ANKRD13D",4.03e-31,-0.403,0.285,0.345,7.49e-27,"ANKRD13D"
"TMEM218",4.11e-31,0.283,0.475,0.432,7.66e-27,"TMEM218"
"HERC5",4.24e-31,0.705,0.146,0.106,7.88e-27,"HERC5"
"PPP1R9A",4.29e-31,-0.262,0.768,0.809,7.99e-27,"PPP1R9A"
"EPN2",4.85e-31,0.183,0.809,0.786,9.03e-27,"EPN2"
"PRB2",4.88e-31,-1.361,0.018,0.038,9.08e-27,"PRB2"
"ANKRD17",5.06e-31,0.149,0.941,0.93,9.41e-27,"ANKRD17"
"TTC39C",5.12e-31,-0.385,0.323,0.381,9.54e-27,"TTC39C"
"PRKACB",5.22e-31,-0.251,0.804,0.834,9.71e-27,"PRKACB"
"DHCR24",5.31e-31,0.326,0.454,0.407,9.88e-27,"DHCR24"
"IFNLR1",5.66e-31,-2.571,0.004,0.016,1.05e-26,"IFNLR1"
"OS9",5.86e-31,0.228,0.603,0.566,1.09e-26,"OS9"
"ITPA",6.13e-31,0.283,0.502,0.461,1.14e-26,"ITPA"
"LYST",6.21e-31,-0.202,0.464,0.53,1.16e-26,"LYST"
"TMEM230",6.82e-31,0.196,0.718,0.69,1.27e-26,"TMEM230"
"FKBP8",6.87e-31,0.242,0.603,0.562,1.28e-26,"FKBP8"
"NSL1",7.01e-31,0.187,0.708,0.673,1.3e-26,"NSL1"
"FMO4",7.55e-31,0.669,0.125,0.087,1.41e-26,"FMO4"
"GALM",7.6e-31,0.423,0.25,0.203,1.41e-26,"GALM"
"TEAD3",7.6e-31,0.651,0.162,0.121,1.42e-26,"TEAD3"
"PHYKPL",8.42e-31,0.305,0.432,0.388,1.57e-26,"PHYKPL"
"FIGNL1",9.61e-31,-0.423,0.142,0.191,1.79e-26,"FIGNL1"
"IPO7",9.97e-31,0.194,0.749,0.714,1.86e-26,"IPO7"
"MOSPD1",1.01e-30,0.419,0.319,0.273,1.89e-26,"MOSPD1"
"RUFY2",1.1e-30,-0.267,0.694,0.741,2.04e-26,"RUFY2"
"ARL4C",1.18e-30,-0.265,0.635,0.687,2.19e-26,"ARL4C"
"PLEKHJ1",1.21e-30,0.288,0.503,0.464,2.25e-26,"PLEKHJ1"
"ABHD18",1.23e-30,-0.32,0.444,0.509,2.28e-26,"ABHD18"
"DNAJC12",1.25e-30,-0.485,0.185,0.237,2.33e-26,"DNAJC12"
"CRYGD",1.41e-30,0.747,0.122,0.086,2.63e-26,"CRYGD"
"FAM234B",1.46e-30,-0.664,0.093,0.132,2.71e-26,"FAM234B"
"ASGR1",1.5e-30,-0.479,0.177,0.228,2.8e-26,"ASGR1"
"PDCL3",1.61e-30,0.363,0.419,0.378,3e-26,"PDCL3"
"PDAP1",1.63e-30,0.182,0.809,0.78,3.04e-26,"PDAP1"
"GMFB",1.63e-30,0.269,0.552,0.513,3.04e-26,"GMFB"
"ATP6V1C1",1.68e-30,0.256,0.559,0.519,3.12e-26,"ATP6V1C1"
"ZNF652",1.69e-30,0.171,0.756,0.726,3.15e-26,"ZNF652"
"CHMP2B",1.81e-30,0.196,0.697,0.663,3.37e-26,"CHMP2B"
"PHYHIP",1.81e-30,-1.652,0.008,0.023,3.38e-26,"PHYHIP"
"PRPF40A",1.83e-30,0.157,0.889,0.867,3.4e-26,"PRPF40A"
"TRIM71",2.11e-30,-0.63,0.063,0.097,3.92e-26,"TRIM71"
"RAP2C",2.15e-30,0.333,0.378,0.333,4e-26,"RAP2C"
"ATP2B1",2.2e-30,-0.416,0.573,0.626,4.09e-26,"ATP2B1"
"EMC7",2.34e-30,0.208,0.755,0.735,4.36e-26,"EMC7"
"GLT8D1",2.43e-30,0.268,0.539,0.499,4.52e-26,"GLT8D1"
"MOAP1",2.52e-30,-0.379,0.384,0.445,4.7e-26,"MOAP1"
"HPS1",2.68e-30,0.532,0.205,0.161,4.99e-26,"HPS1"
"SLC35B1",2.77e-30,0.256,0.51,0.472,5.16e-26,"SLC35B1"
"BTN2A2",2.8e-30,0.441,0.24,0.194,5.21e-26,"BTN2A2"
"MTMR6",2.95e-30,-0.331,0.32,0.384,5.5e-26,"MTMR6"
"RASA1",3.13e-30,-0.271,0.763,0.804,5.83e-26,"RASA1"
"QARS1",3.26e-30,0.523,0.233,0.19,6.06e-26,"QARS1"
"RASGRP1",3.36e-30,0.398,0.378,0.327,6.25e-26,"RASGRP1"
"IP6K2",3.43e-30,-0.285,0.662,0.712,6.39e-26,"IP6K2"
"MRPS12",3.6e-30,0.363,0.397,0.356,6.71e-26,"MRPS12"
"AIDA",3.63e-30,0.303,0.504,0.465,6.76e-26,"AIDA"
"FANK1",3.67e-30,0.371,0.317,0.266,6.82e-26,"FANK1"
"APBA2",3.69e-30,-0.153,0.642,0.705,6.86e-26,"APBA2"
"WBP2",3.75e-30,0.303,0.459,0.415,6.98e-26,"WBP2"
"CSNK1D",4.17e-30,0.255,0.504,0.462,7.75e-26,"CSNK1D"
"PPP1CB",4.23e-30,0.171,0.902,0.885,7.87e-26,"PPP1CB"
"PNMA8A",4.32e-30,-0.446,0.141,0.189,8.04e-26,"PNMA8A"
"NECAP2",4.32e-30,0.32,0.424,0.379,8.04e-26,"NECAP2"
"LMO7",4.38e-30,-0.596,0.132,0.177,8.16e-26,"LMO7"
"ANO8",4.45e-30,-0.574,0.107,0.149,8.29e-26,"ANO8"
"YY1",4.58e-30,0.169,0.785,0.757,8.52e-26,"YY1"
"ORMDL2",4.9e-30,0.426,0.3,0.256,9.12e-26,"ORMDL2"
"KCNJ12",4.9e-30,-2.763,0.002,0.013,9.13e-26,"KCNJ12"
"ETF1",4.93e-30,0.287,0.488,0.451,9.17e-26,"ETF1"
"FRA10AC1",5.17e-30,0.217,0.594,0.554,9.63e-26,"FRA10AC1"
"BCL2L13",5.68e-30,0.267,0.499,0.456,1.06e-25,"BCL2L13"
"ST6GALNAC4",5.82e-30,0.666,0.138,0.101,1.08e-25,"ST6GALNAC4"
"FHDC1",6.03e-30,-1.411,0.013,0.031,1.12e-25,"FHDC1"
"ELMOD1",6.22e-30,-0.78,0.122,0.163,1.16e-25,"ELMOD1"
"SEMA3A",6.35e-30,0.286,0.397,0.347,1.18e-25,"SEMA3A"
"UBE2A",6.45e-30,0.197,0.656,0.619,1.2e-25,"UBE2A"
"HSPB11",6.52e-30,0.232,0.613,0.572,1.21e-25,"HSPB11"
"MAP1LC3A",6.6e-30,-0.886,0.085,0.122,1.23e-25,"MAP1LC3A"
"KCNH8",6.66e-30,0.243,0.732,0.704,1.24e-25,"KCNH8"
"BCKDK",7.22e-30,0.452,0.246,0.201,1.34e-25,"BCKDK"
"ACTN1",7.23e-30,0.476,0.258,0.213,1.34e-25,"ACTN1"
"RYK",7.39e-30,0.169,0.77,0.737,1.38e-25,"RYK"
"PPARD",7.58e-30,0.408,0.306,0.26,1.41e-25,"PPARD"
"ADAM11",8.65e-30,-1.572,0.014,0.033,1.61e-25,"ADAM11"
"ARNT2",9.02e-30,0.213,0.747,0.722,1.68e-25,"ARNT2"
"PPM1L",9.08e-30,-0.297,0.772,0.808,1.69e-25,"PPM1L"
"VPS25",9.66e-30,0.333,0.417,0.376,1.8e-25,"VPS25"
"PI4K2B",9.82e-30,0.298,0.468,0.423,1.83e-25,"PI4K2B"
"RIN1",1e-29,1.432,0.033,0.014,1.86e-25,"RIN1"
"SLC9A7",1.02e-29,-0.416,0.244,0.3,1.89e-25,"SLC9A7"
"CAMK1D",1.06e-29,-0.307,0.556,0.608,1.97e-25,"CAMK1D"
"MOB1A",1.07e-29,0.26,0.526,0.485,1.99e-25,"MOB1A"
"CFAP70",1.08e-29,0.386,0.322,0.274,2.02e-25,"CFAP70"
"RBPJ",1.14e-29,0.183,0.889,0.859,2.12e-25,"RBPJ"
"PSMD3",1.14e-29,0.229,0.654,0.624,2.13e-25,"PSMD3"
"SLK",1.15e-29,0.248,0.508,0.464,2.14e-25,"SLK"
"TRIM52",1.18e-29,-0.532,0.161,0.209,2.19e-25,"TRIM52"
"EMP2",1.19e-29,0.705,0.175,0.134,2.22e-25,"EMP2"
"NUBP1",1.21e-29,0.398,0.3,0.255,2.26e-25,"NUBP1"
"SLC26A4",1.23e-29,-2.71,0.005,0.017,2.28e-25,"SLC26A4"
"TTC1",1.24e-29,0.202,0.701,0.675,2.31e-25,"TTC1"
"PPP3CB",1.24e-29,-0.271,0.683,0.728,2.32e-25,"PPP3CB"
"LASP1",1.25e-29,0.302,0.48,0.439,2.32e-25,"LASP1"
"STX17",1.26e-29,0.241,0.523,0.48,2.35e-25,"STX17"
"LMNB1",1.27e-29,-0.131,0.344,0.411,2.37e-25,"LMNB1"
"TAFA2",1.3e-29,-1.01,0.421,0.464,2.43e-25,"TAFA2"
"ERF",1.36e-29,0.674,0.135,0.097,2.52e-25,"ERF"
"AKR1A1",1.39e-29,0.23,0.631,0.595,2.59e-25,"AKR1A1"
"IDE",1.4e-29,0.299,0.403,0.358,2.6e-25,"IDE"
"HADH",1.42e-29,0.27,0.514,0.47,2.65e-25,"HADH"
"CA11",1.43e-29,-0.765,0.06,0.093,2.66e-25,"CA11"
"TOX3",1.44e-29,-0.502,0.73,0.758,2.68e-25,"TOX3"
"RPGR",1.48e-29,0.385,0.303,0.254,2.76e-25,"RPGR"
"KCNA4",1.52e-29,-1.967,0.006,0.019,2.83e-25,"KCNA4"
"LSM14A",1.56e-29,0.142,0.872,0.848,2.9e-25,"LSM14A"
"PHEX",1.56e-29,0.319,0.273,0.224,2.9e-25,"PHEX"
"IFT43",1.57e-29,0.201,0.68,0.644,2.92e-25,"IFT43"
"HSF2",1.57e-29,-0.313,0.459,0.522,2.93e-25,"HSF2"
"CEND1",1.71e-29,-0.743,0.04,0.068,3.19e-25,"CEND1"
"EPB41L2",1.71e-29,0.205,0.461,0.408,3.19e-25,"EPB41L2"
"RFK",1.76e-29,-0.472,0.476,0.525,3.28e-25,"RFK"
"PPP2R5C",1.8e-29,0.187,0.761,0.733,3.34e-25,"PPP2R5C"
"MEA1",1.85e-29,0.273,0.51,0.472,3.44e-25,"MEA1"
"PABPC1L2B",1.91e-29,-2.148,0.004,0.016,3.56e-25,"PABPC1L2B"
"GPRIN2",2.1e-29,-3.023,0.002,0.011,3.9e-25,"GPRIN2"
"OAF",2.1e-29,0.809,0.111,0.076,3.92e-25,"OAF"
"MCM9",2.13e-29,0.344,0.345,0.296,3.96e-25,"MCM9"
"ADGRA3",2.14e-29,0.203,0.645,0.6,3.99e-25,"ADGRA3"
"CCDC186",2.17e-29,-0.423,0.325,0.381,4.04e-25,"CCDC186"
"GRK2",2.19e-29,-0.449,0.14,0.187,4.07e-25,"GRK2"
"MIER1",2.22e-29,0.211,0.658,0.627,4.13e-25,"MIER1"
"EIF4A3",2.32e-29,0.199,0.719,0.686,4.31e-25,"EIF4A3"
"CELSR3",2.49e-29,-0.852,0.038,0.065,4.64e-25,"CELSR3"
"ARHGAP21",2.76e-29,0.147,0.938,0.926,5.13e-25,"ARHGAP21"
"POLR2I",2.95e-29,0.188,0.632,0.589,5.5e-25,"POLR2I"
"TAF12",2.96e-29,0.261,0.524,0.489,5.5e-25,"TAF12"
"AP3B2",2.98e-29,-0.31,0.382,0.443,5.54e-25,"AP3B2"
"LRFN2",3e-29,-0.604,0.127,0.17,5.59e-25,"LRFN2"
"KIZ",3.12e-29,-0.868,0.377,0.426,5.81e-25,"KIZ"
"STARD4",3.21e-29,0.333,0.395,0.35,5.98e-25,"STARD4"
"CAMLG",3.27e-29,0.116,0.878,0.847,6.08e-25,"CAMLG"
"LPA",3.3e-29,-3.507,0.001,0.01,6.15e-25,"LPA"
"CLDN10",3.34e-29,1.155,0.059,0.034,6.21e-25,"CLDN10"
"TAF13",3.36e-29,0.354,0.363,0.318,6.25e-25,"TAF13"
"BPHL",3.59e-29,0.309,0.483,0.445,6.68e-25,"BPHL"
"SYCP2",3.72e-29,-1.122,0.032,0.057,6.93e-25,"SYCP2"
"MCFD2",3.73e-29,0.223,0.605,0.575,6.94e-25,"MCFD2"
"STRAP",3.83e-29,0.119,0.954,0.928,7.13e-25,"STRAP"
"ZNF593",4.01e-29,0.429,0.261,0.217,7.46e-25,"ZNF593"
"CDC5L",4.11e-29,0.173,0.765,0.734,7.65e-25,"CDC5L"
"DTD2",4.57e-29,0.417,0.309,0.266,8.51e-25,"DTD2"
"IQCH",4.72e-29,0.295,0.406,0.356,8.79e-25,"IQCH"
"NRIP3",4.76e-29,-0.498,0.14,0.186,8.85e-25,"NRIP3"
"ORC4",4.84e-29,-0.244,0.728,0.77,9.01e-25,"ORC4"
"TMEM51",4.89e-29,0.466,0.22,0.175,9.1e-25,"TMEM51"
"EPHA7",4.96e-29,-0.391,0.178,0.226,9.23e-25,"EPHA7"
"PHF20L1",5.1e-29,0.189,0.762,0.725,9.5e-25,"PHF20L1"
"NKX6-1",5.22e-29,-0.533,0.145,0.191,9.71e-25,"NKX6-1"
"SLC40A1",5.22e-29,0.483,0.216,0.173,9.72e-25,"SLC40A1"
"CC2D1A",5.28e-29,-0.5,0.207,0.259,9.82e-25,"CC2D1A"
"TMEM108",5.73e-29,-0.709,0.518,0.563,1.07e-24,"TMEM108"
"PAPOLA",5.97e-29,0.139,0.897,0.876,1.11e-24,"PAPOLA"
"BAIAP2",6e-29,0.357,0.354,0.31,1.12e-24,"BAIAP2"
"ZNF568",6.14e-29,-0.748,0.062,0.095,1.14e-24,"ZNF568"
"CDK16",6.3e-29,0.294,0.416,0.373,1.17e-24,"CDK16"
"MBNL2",6.44e-29,0.259,0.482,0.434,1.2e-24,"MBNL2"
"PSMD13",6.77e-29,0.217,0.637,0.604,1.26e-24,"PSMD13"
"C11orf54",6.84e-29,0.244,0.554,0.517,1.27e-24,"C11orf54"
"ABCB7",6.85e-29,0.228,0.503,0.458,1.27e-24,"ABCB7"
"CHD1L",7.04e-29,0.278,0.448,0.402,1.31e-24,"CHD1L"
"STYXL1",7.11e-29,0.364,0.338,0.295,1.32e-24,"STYXL1"
"DNAJC4",7.89e-29,0.524,0.216,0.173,1.47e-24,"DNAJC4"
"PAK2",7.96e-29,0.139,0.924,0.911,1.48e-24,"PAK2"
"PEX5L",8.17e-29,-0.981,0.179,0.226,1.52e-24,"PEX5L"
"VKORC1",9.56e-29,0.254,0.54,0.502,1.78e-24,"VKORC1"
"CD44",9.57e-29,0.581,0.196,0.154,1.78e-24,"CD44"
"ARHGEF11",9.91e-29,-0.333,0.55,0.602,1.84e-24,"ARHGEF11"
"RHOG",1e-28,0.588,0.166,0.127,1.86e-24,"RHOG"
"CCDC124",1.04e-28,0.249,0.52,0.483,1.94e-24,"CCDC124"
"PDGFA",1.13e-28,-0.484,0.114,0.156,2.11e-24,"PDGFA"
"CCNB1IP1",1.15e-28,0.28,0.515,0.476,2.15e-24,"CCNB1IP1"
"STRADA",1.15e-28,0.236,0.517,0.476,2.15e-24,"STRADA"
"ACTN4",1.22e-28,0.249,0.536,0.496,2.27e-24,"ACTN4"
"EIF5",1.25e-28,0.124,0.913,0.892,2.33e-24,"EIF5"
"SAP30",1.29e-28,0.187,0.588,0.541,2.4e-24,"SAP30"
"PSME4",1.3e-28,0.224,0.632,0.599,2.41e-24,"PSME4"
"NOD1",1.33e-28,0.692,0.127,0.091,2.47e-24,"NOD1"
"C1QL1",1.59e-28,0.759,0.136,0.099,2.96e-24,"C1QL1"
"HTR7",1.63e-28,-3.722,0.002,0.011,3.03e-24,"HTR7"
"METTL23",1.71e-28,0.328,0.412,0.37,3.18e-24,"METTL23"
"TMEM185B",1.74e-28,0.516,0.213,0.171,3.23e-24,"TMEM185B"
"APMAP",1.92e-28,0.213,0.615,0.577,3.58e-24,"APMAP"
"IMP3",1.99e-28,0.264,0.519,0.48,3.7e-24,"IMP3"
"KCTD5",2e-28,0.372,0.335,0.293,3.73e-24,"KCTD5"
"CCDC88A",2.02e-28,-0.198,0.908,0.929,3.75e-24,"CCDC88A"
"GRM2",2.05e-28,-1.935,0.005,0.018,3.82e-24,"GRM2"
"RNPEPL1",2.41e-28,0.492,0.192,0.15,4.49e-24,"RNPEPL1"
"ZNF219",2.58e-28,0.342,0.37,0.327,4.8e-24,"ZNF219"
"NOL4L",2.68e-28,-0.405,0.231,0.285,4.99e-24,"NOL4L"
"BBS2",2.81e-28,0.253,0.482,0.441,5.23e-24,"BBS2"
"MOSMO",2.86e-28,-0.238,0.617,0.673,5.33e-24,"MOSMO"
"THUMPD3",2.99e-28,0.25,0.571,0.536,5.57e-24,"THUMPD3"
"ZNF253",3.07e-28,-0.283,0.365,0.428,5.71e-24,"ZNF253"
"KDM1A",3.08e-28,-0.161,0.806,0.839,5.74e-24,"KDM1A"
"MAP4K1",3.22e-28,-2.624,0.002,0.013,6e-24,"MAP4K1"
"SNX10",3.3e-28,-0.302,0.366,0.426,6.14e-24,"SNX10"
"NUDC",3.37e-28,0.152,0.877,0.854,6.27e-24,"NUDC"
"HCN2",3.49e-28,-1.051,0.022,0.043,6.51e-24,"HCN2"
"WDR18",3.51e-28,0.33,0.377,0.335,6.53e-24,"WDR18"
"HSCB",3.59e-28,0.393,0.314,0.271,6.68e-24,"HSCB"
"CCDC198",3.59e-28,0.832,0.084,0.054,6.69e-24,"CCDC198"
"ATP13A4",3.61e-28,0.53,0.231,0.187,6.72e-24,"ATP13A4"
"PLEKHG4B",3.8e-28,0.587,0.175,0.135,7.08e-24,"PLEKHG4B"
"AIFM1",3.9e-28,0.334,0.381,0.338,7.26e-24,"AIFM1"
"AP2B1",3.93e-28,0.154,0.905,0.892,7.31e-24,"AP2B1"
"CNTN3",4.1e-28,0.115,0.449,0.392,7.64e-24,"CNTN3"
"BCL7C",4.12e-28,0.189,0.686,0.651,7.67e-24,"BCL7C"
"FSD1",4.14e-28,-0.389,0.217,0.27,7.71e-24,"FSD1"
"SPSB4",4.33e-28,0.362,0.271,0.225,8.05e-24,"SPSB4"
"AKAP7",4.35e-28,0.174,0.491,0.441,8.1e-24,"AKAP7"
"FAAH",4.39e-28,-0.935,0.034,0.059,8.18e-24,"FAAH"
"C2orf69",4.59e-28,-0.334,0.312,0.372,8.55e-24,"C2orf69"
"FAM234A",4.74e-28,0.336,0.337,0.293,8.83e-24,"FAM234A"
"SNTB2",4.78e-28,0.304,0.391,0.345,8.9e-24,"SNTB2"
"CC2D2A",4.91e-28,0.175,0.636,0.599,9.14e-24,"CC2D2A"
"PPIF",5.02e-28,0.414,0.334,0.293,9.34e-24,"PPIF"
"OAT",5.19e-28,0.211,0.643,0.606,9.65e-24,"OAT"
"NPHP1",5.4e-28,0.298,0.363,0.313,1e-23,"NPHP1"
"DUSP26",5.66e-28,-0.718,0.065,0.098,1.05e-23,"DUSP26"
"GAL3ST4",5.73e-28,0.679,0.102,0.069,1.07e-23,"GAL3ST4"
"KEAP1",5.95e-28,0.362,0.365,0.325,1.11e-23,"KEAP1"
"NFYC",6.02e-28,0.257,0.542,0.504,1.12e-23,"NFYC"
"INPPL1",6.06e-28,0.621,0.167,0.128,1.13e-23,"INPPL1"
"UBE2R2",6.06e-28,0.151,0.923,0.909,1.13e-23,"UBE2R2"
"ENO4",6.44e-28,-0.458,0.153,0.199,1.2e-23,"ENO4"
"KAT6B",6.61e-28,0.2,0.901,0.885,1.23e-23,"KAT6B"
"PHLDA2",6.65e-28,-2.305,0.003,0.013,1.24e-23,"PHLDA2"
"SEPHS1",6.84e-28,0.223,0.531,0.489,1.27e-23,"SEPHS1"
"SELENBP1",7.45e-28,0.723,0.09,0.059,1.39e-23,"SELENBP1"
"YBX2",7.74e-28,-1.392,0.011,0.028,1.44e-23,"YBX2"
"UBXN2A",7.85e-28,0.163,0.76,0.724,1.46e-23,"UBXN2A"
"PLXNC1",7.96e-28,-0.406,0.385,0.438,1.48e-23,"PLXNC1"
"F8A1",8.18e-28,-0.488,0.103,0.143,1.52e-23,"F8A1"
"APLP1",8.22e-28,-0.491,0.658,0.681,1.53e-23,"APLP1"
"LRP12",9.04e-28,-0.261,0.451,0.514,1.68e-23,"LRP12"
"SNX24",9.17e-28,0.245,0.513,0.47,1.71e-23,"SNX24"
"ZNF566",9.27e-28,-0.304,0.38,0.44,1.73e-23,"ZNF566"
"TTC8",9.29e-28,0.252,0.505,0.461,1.73e-23,"TTC8"
"ANKRD29",9.63e-28,0.706,0.098,0.066,1.79e-23,"ANKRD29"
"NETO2",9.86e-28,-0.526,0.556,0.606,1.84e-23,"NETO2"
"RAD51C",9.91e-28,0.418,0.307,0.264,1.85e-23,"RAD51C"
"PXK",9.95e-28,-0.351,0.279,0.335,1.85e-23,"PXK"
"SLITRK5",1e-27,-0.511,0.249,0.301,1.86e-23,"SLITRK5"
"MLLT1",1.03e-27,0.287,0.428,0.384,1.91e-23,"MLLT1"
"PIK3C2B",1.04e-27,0.267,0.574,0.539,1.93e-23,"PIK3C2B"
"PTP4A2",1.08e-27,0.145,0.826,0.794,2.01e-23,"PTP4A2"
"CASP7",1.09e-27,0.703,0.129,0.094,2.04e-23,"CASP7"
"PDP1",1.1e-27,-0.29,0.182,0.23,2.05e-23,"PDP1"
"FOLR1",1.12e-27,1.713,0.023,0.008,2.08e-23,"FOLR1"
"ACSF2",1.13e-27,0.7,0.133,0.098,2.11e-23,"ACSF2"
"FAM32A",1.18e-27,0.236,0.538,0.501,2.19e-23,"FAM32A"
"CNTRL",1.21e-27,-0.279,0.39,0.453,2.26e-23,"CNTRL"
"FBXO8",1.23e-27,0.345,0.369,0.325,2.3e-23,"FBXO8"
"ARHGAP10",1.24e-27,0.566,0.166,0.126,2.31e-23,"ARHGAP10"
"AGGF1",1.25e-27,0.238,0.567,0.532,2.33e-23,"AGGF1"
"INPP5D",1.3e-27,1.372,0.03,0.013,2.41e-23,"INPP5D"
"USP3",1.34e-27,0.179,0.798,0.766,2.5e-23,"USP3"
"GEM",1.37e-27,0.798,0.102,0.07,2.55e-23,"GEM"
"RGPD6",1.4e-27,-3.583,0.001,0.01,2.6e-23,"RGPD6"
"HMGXB4",1.41e-27,-0.272,0.485,0.545,2.63e-23,"HMGXB4"
"ADAMTSL1",1.42e-27,0.823,0.172,0.132,2.65e-23,"ADAMTSL1"
"ANKH",1.44e-27,-0.436,0.324,0.379,2.69e-23,"ANKH"
"ARHGEF40",1.52e-27,0.317,0.37,0.326,2.82e-23,"ARHGEF40"
"MPC2",1.54e-27,0.155,0.787,0.749,2.86e-23,"MPC2"
"CAMSAP3",1.59e-27,-0.563,0.079,0.114,2.97e-23,"CAMSAP3"
"FUNDC1",1.6e-27,0.283,0.455,0.417,2.98e-23,"FUNDC1"
"KLHL2",1.69e-27,-0.321,0.36,0.419,3.15e-23,"KLHL2"
"ACOT12",1.72e-27,-1.173,0.021,0.042,3.2e-23,"ACOT12"
"FAM120AOS",1.74e-27,0.288,0.465,0.426,3.24e-23,"FAM120AOS"
"PCDH18",1.75e-27,0.377,0.266,0.22,3.25e-23,"PCDH18"
"AFAP1L2",1.79e-27,-1.734,0.006,0.018,3.33e-23,"AFAP1L2"
"UFL1",1.79e-27,0.218,0.581,0.539,3.34e-23,"UFL1"
"LRFN1",1.81e-27,-0.681,0.065,0.097,3.36e-23,"LRFN1"
"ARFIP1",1.83e-27,0.19,0.642,0.609,3.4e-23,"ARFIP1"
"CNOT1",1.83e-27,0.228,0.574,0.539,3.41e-23,"CNOT1"
"TSPAN15",1.89e-27,0.665,0.127,0.092,3.52e-23,"TSPAN15"
"GSK3A",1.98e-27,-0.329,0.378,0.439,3.69e-23,"GSK3A"
"ZFYVE28",2.03e-27,-0.854,0.055,0.085,3.77e-23,"ZFYVE28"
"L3HYPDH",2.09e-27,0.397,0.313,0.27,3.88e-23,"L3HYPDH"
"GPR162",2.11e-27,-0.607,0.099,0.137,3.93e-23,"GPR162"
"ZDHHC13",2.16e-27,-0.414,0.211,0.262,4.03e-23,"ZDHHC13"
"CFAP300",2.16e-27,0.43,0.249,0.205,4.03e-23,"CFAP300"
"EFNA2",2.19e-27,-0.421,0.166,0.213,4.07e-23,"EFNA2"
"SNRNP200",2.2e-27,0.186,0.698,0.669,4.09e-23,"SNRNP200"
"TNIP2",2.21e-27,0.515,0.219,0.179,4.12e-23,"TNIP2"
"WDR13",2.29e-27,0.312,0.428,0.39,4.26e-23,"WDR13"
"SNRNP70",2.34e-27,0.16,0.72,0.687,4.35e-23,"SNRNP70"
"PDE1B",2.42e-27,-1.38,0.013,0.03,4.51e-23,"PDE1B"
"STARD9",2.43e-27,0.291,0.416,0.369,4.52e-23,"STARD9"
"TMED1",2.46e-27,0.411,0.274,0.231,4.59e-23,"TMED1"
"USP40",2.49e-27,0.33,0.383,0.341,4.63e-23,"USP40"
"INSIG1",2.53e-27,0.297,0.487,0.445,4.7e-23,"INSIG1"
"UBAP1L",2.61e-27,-0.578,0.13,0.173,4.86e-23,"UBAP1L"
"CADPS",2.68e-27,-0.759,0.682,0.718,4.99e-23,"CADPS"
"SEMA3F",2.78e-27,-2.163,0.002,0.013,5.17e-23,"SEMA3F"
"ZNF529",2.97e-27,-0.296,0.46,0.521,5.52e-23,"ZNF529"
"ORAI3",2.98e-27,0.5,0.202,0.161,5.54e-23,"ORAI3"
"ARHGEF12",2.99e-27,-0.326,0.741,0.777,5.56e-23,"ARHGEF12"
"SHROOM2",3.12e-27,-0.249,0.285,0.344,5.82e-23,"SHROOM2"
"CA8",3.18e-27,0.474,0.152,0.114,5.92e-23,"CA8"
"PET100",3.22e-27,0.218,0.614,0.58,5.99e-23,"PET100"
"ZYX",3.23e-27,0.419,0.289,0.246,6.01e-23,"ZYX"
"OSBP2",3.23e-27,-0.332,0.427,0.482,6.01e-23,"OSBP2"
"SNRPB2",3.4e-27,0.131,0.866,0.836,6.32e-23,"SNRPB2"
"AASDHPPT",3.48e-27,-0.269,0.75,0.78,6.48e-23,"AASDHPPT"
"CHODL",3.53e-27,-1.073,0.06,0.091,6.58e-23,"CHODL"
"ADAMTSL3",3.57e-27,-1.485,0.013,0.03,6.64e-23,"ADAMTSL3"
"SS18L1",3.63e-27,-0.321,0.222,0.277,6.75e-23,"SS18L1"
"ADRA2A",3.72e-27,-0.781,0.031,0.055,6.93e-23,"ADRA2A"
"FBN2",3.86e-27,0.967,0.099,0.067,7.19e-23,"FBN2"
"NCOA4",4.02e-27,0.248,0.535,0.501,7.48e-23,"NCOA4"
"L2HGDH",4.05e-27,-0.391,0.284,0.339,7.54e-23,"L2HGDH"
"PRPF4B",4.06e-27,0.164,0.749,0.716,7.56e-23,"PRPF4B"
"CCNI",4.31e-27,-0.458,0.987,0.972,8.02e-23,"CCNI"
"DTX1",4.38e-27,-0.398,0.178,0.227,8.16e-23,"DTX1"
"SLC16A9",4.44e-27,-0.257,0.577,0.629,8.26e-23,"SLC16A9"
"TMEM132B",4.44e-27,-0.303,0.115,0.156,8.27e-23,"TMEM132B"
"TRAPPC3",4.64e-27,0.21,0.62,0.589,8.64e-23,"TRAPPC3"
"SGPL1",4.74e-27,0.288,0.44,0.399,8.82e-23,"SGPL1"
"WDFY1",4.88e-27,0.224,0.541,0.5,9.08e-23,"WDFY1"
"P4HA2",4.94e-27,0.468,0.174,0.134,9.2e-23,"P4HA2"
"HSD17B7",5.24e-27,0.367,0.363,0.32,9.76e-23,"HSD17B7"
"CTBP2",5.5e-27,0.202,0.836,0.811,1.02e-22,"CTBP2"
"RIPK2",5.51e-27,0.367,0.288,0.244,1.02e-22,"RIPK2"
"CAVIN1",5.82e-27,1.313,0.037,0.018,1.08e-22,"CAVIN1"
"EVC",6.47e-27,0.492,0.212,0.17,1.2e-22,"EVC"
"RCOR2",6.55e-27,-0.33,0.129,0.172,1.22e-22,"RCOR2"
"TRO",6.59e-27,-0.46,0.159,0.205,1.23e-22,"TRO"
"TENT5A",6.6e-27,0.477,0.213,0.171,1.23e-22,"TENT5A"
"RHOF",7.07e-27,-0.423,0.196,0.246,1.32e-22,"RHOF"
"TMC2",7.13e-27,-2.059,0.006,0.019,1.33e-22,"TMC2"
"GYG2",7.29e-27,0.336,0.345,0.3,1.36e-22,"GYG2"
"MAPK12",8.1e-27,0.563,0.183,0.144,1.51e-22,"MAPK12"
"MRO",8.11e-27,0.952,0.071,0.044,1.51e-22,"MRO"
"C16orf74",8.32e-27,0.425,0.277,0.235,1.55e-22,"C16orf74"
"SLC4A3",8.38e-27,-0.829,0.045,0.073,1.56e-22,"SLC4A3"
"FTSJ3",8.56e-27,0.456,0.222,0.181,1.59e-22,"FTSJ3"
"SYF2",8.57e-27,0.199,0.641,0.608,1.6e-22,"SYF2"
"TUBB4B",8.62e-27,0.217,0.653,0.61,1.6e-22,"TUBB4B"
"HID1",8.83e-27,-0.802,0.048,0.076,1.64e-22,"HID1"
"CDH3",9.16e-27,-0.96,0.034,0.059,1.7e-22,"CDH3"
"TFE3",9.47e-27,0.367,0.335,0.293,1.76e-22,"TFE3"
"KMT2A",9.63e-27,-0.213,0.817,0.848,1.79e-22,"KMT2A"
"PTK7",9.68e-27,0.302,0.38,0.335,1.8e-22,"PTK7"
"PTS",1.02e-26,-0.321,0.59,0.64,1.89e-22,"PTS"
"C2CD4C",1.1e-26,-0.871,0.031,0.055,2.04e-22,"C2CD4C"
"MBOAT1",1.1e-26,0.936,0.079,0.051,2.04e-22,"MBOAT1"
"KLHL7",1.12e-26,-0.206,0.745,0.788,2.08e-22,"KLHL7"
"MCCC2",1.13e-26,0.279,0.397,0.354,2.1e-22,"MCCC2"
"TTBK1",1.13e-26,-0.649,0.059,0.089,2.1e-22,"TTBK1"
"NADSYN1",1.18e-26,0.411,0.225,0.183,2.19e-22,"NADSYN1"
"OTUB1",1.19e-26,0.241,0.516,0.479,2.22e-22,"OTUB1"
"CNKSR2",1.21e-26,-0.12,0.52,0.584,2.24e-22,"CNKSR2"
"FLT3",1.22e-26,-1.683,0.006,0.018,2.27e-22,"FLT3"
"LYPLA1",1.27e-26,0.181,0.691,0.658,2.37e-22,"LYPLA1"
"IST1",1.27e-26,0.225,0.571,0.544,2.37e-22,"IST1"
"ADCYAP1",1.31e-26,-3.875,0.002,0.012,2.44e-22,"ADCYAP1"
"RRAS2",1.31e-26,-0.385,0.381,0.434,2.45e-22,"RRAS2"
"FAM169A",1.36e-26,-0.297,0.495,0.551,2.53e-22,"FAM169A"
"EFCAB5",1.37e-26,-0.893,0.047,0.074,2.55e-22,"EFCAB5"
"COMT",1.4e-26,-1.075,0.06,0.09,2.61e-22,"COMT"
"TTLL5",1.46e-26,0.208,0.667,0.632,2.72e-22,"TTLL5"
"NUPR1",1.47e-26,0.426,0.257,0.211,2.74e-22,"NUPR1"
"BST2",1.52e-26,0.863,0.08,0.052,2.82e-22,"BST2"
"PIN4",1.59e-26,0.2,0.661,0.628,2.96e-22,"PIN4"
"SPIN3",1.59e-26,-0.352,0.214,0.267,2.97e-22,"SPIN3"
"NWD1",1.62e-26,0.948,0.064,0.038,3.02e-22,"NWD1"
"PRLR",1.67e-26,-0.706,0.029,0.052,3.1e-22,"PRLR"
"CMPK2",1.67e-26,-1.18,0.015,0.033,3.11e-22,"CMPK2"
"DHRS1",1.69e-26,0.334,0.364,0.321,3.14e-22,"DHRS1"
"TPMT",1.69e-26,0.37,0.284,0.24,3.14e-22,"TPMT"
"PVR",1.7e-26,-0.518,0.103,0.142,3.17e-22,"PVR"
"MYH14",1.82e-26,0.559,0.174,0.135,3.38e-22,"MYH14"
"ABCB9",1.88e-26,-0.525,0.116,0.156,3.5e-22,"ABCB9"
"DZANK1",1.92e-26,-0.325,0.238,0.293,3.57e-22,"DZANK1"
"CUL4A",2.05e-26,0.218,0.57,0.535,3.81e-22,"CUL4A"
"ENSG00000284762",2.08e-26,0.303,0.414,0.373,3.87e-22,"ENSG00000284762"
"MRPL35",2.15e-26,0.327,0.394,0.356,3.99e-22,"MRPL35"
"TMEM68",2.2e-26,0.297,0.452,0.414,4.1e-22,"TMEM68"
"CAAP1",2.69e-26,0.275,0.456,0.414,5e-22,"CAAP1"
"TRAF4",2.72e-26,0.381,0.338,0.296,5.07e-22,"TRAF4"
"CEP85L",2.77e-26,0.193,0.632,0.594,5.15e-22,"CEP85L"
"DNAJC24",2.82e-26,0.243,0.513,0.476,5.24e-22,"DNAJC24"
"MGAT4C",2.91e-26,-1.95,0.28,0.322,5.43e-22,"MGAT4C"
"CCN2",3.13e-26,1.428,0.065,0.04,5.82e-22,"CCN2"
"MTIF3",3.18e-26,0.237,0.518,0.48,5.92e-22,"MTIF3"
"RAP2A",3.18e-26,0.198,0.717,0.688,5.93e-22,"RAP2A"
"MIF4GD",3.26e-26,0.377,0.311,0.27,6.08e-22,"MIF4GD"
"ZCCHC14",3.44e-26,-0.324,0.4,0.456,6.4e-22,"ZCCHC14"
"NCDN",3.49e-26,-0.692,0.058,0.088,6.5e-22,"NCDN"
"TECPR2",3.52e-26,0.251,0.522,0.483,6.55e-22,"TECPR2"
"AGPAT5",3.57e-26,0.151,0.843,0.819,6.64e-22,"AGPAT5"
"GPLD1",3.67e-26,-0.526,0.174,0.219,6.82e-22,"GPLD1"
"MBP",3.92e-26,-0.735,0.055,0.084,7.29e-22,"MBP"
"BEX1",3.95e-26,-0.3,0.868,0.876,7.35e-22,"BEX1"
"TENM4",3.95e-26,0.35,0.787,0.752,7.35e-22,"TENM4"
"FAM114A2",4.07e-26,0.345,0.356,0.316,7.58e-22,"FAM114A2"
"KIAA1143",4.22e-26,0.285,0.461,0.423,7.86e-22,"KIAA1143"
"GPAA1",4.27e-26,0.276,0.423,0.382,7.94e-22,"GPAA1"
"TTC6",4.28e-26,-0.627,0.17,0.128,7.96e-22,"TTC6"
"GPR155",4.33e-26,0.317,0.482,0.445,8.06e-22,"GPR155"
"NR1D2",4.33e-26,0.316,0.356,0.313,8.07e-22,"NR1D2"
"FAM43B",4.49e-26,-1.396,0.014,0.03,8.35e-22,"FAM43B"
"PPP1R3E",4.94e-26,-0.459,0.139,0.181,9.2e-22,"PPP1R3E"
"ZMAT5",4.96e-26,0.399,0.267,0.225,9.23e-22,"ZMAT5"
"TRAPPC4",4.97e-26,0.192,0.692,0.662,9.26e-22,"TRAPPC4"
"CASKIN1",5e-26,-0.57,0.116,0.156,9.31e-22,"CASKIN1"
"CAMKK2",5.03e-26,-0.363,0.257,0.31,9.37e-22,"CAMKK2"
"ABL1",5.1e-26,0.188,0.706,0.674,9.49e-22,"ABL1"
"CYFIP2",5.24e-26,0.154,0.706,0.678,9.76e-22,"CYFIP2"
"HYAL2",5.38e-26,0.292,0.436,0.399,1e-21,"HYAL2"
"LPIN1",5.52e-26,-0.268,0.307,0.367,1.03e-21,"LPIN1"
"TOP2B",5.55e-26,-0.188,0.848,0.867,1.03e-21,"TOP2B"
"SELENON",5.62e-26,0.395,0.299,0.26,1.05e-21,"SELENON"
"ITGBL1",5.79e-26,-3.068,0.002,0.01,1.08e-21,"ITGBL1"
"ZNF19",5.83e-26,0.363,0.333,0.289,1.08e-21,"ZNF19"
"CCNH",5.87e-26,-0.294,0.824,0.853,1.09e-21,"CCNH"
"RTKN",6.32e-26,0.546,0.163,0.126,1.18e-21,"RTKN"
"TTC38",6.46e-26,0.639,0.138,0.104,1.2e-21,"TTC38"
"MRPL50",6.5e-26,0.232,0.537,0.505,1.21e-21,"MRPL50"
"UBLCP1",6.54e-26,0.211,0.623,0.591,1.22e-21,"UBLCP1"
"RAI1",6.61e-26,-0.314,0.279,0.335,1.23e-21,"RAI1"
"TIMM17B",6.7e-26,0.175,0.624,0.59,1.25e-21,"TIMM17B"
"CRACD",6.81e-26,-0.188,0.882,0.904,1.27e-21,"CRACD"
"VASH1",6.92e-26,-0.372,0.184,0.233,1.29e-21,"VASH1"
"CHPT1",6.99e-26,0.2,0.618,0.575,1.3e-21,"CHPT1"
"DLD",7.76e-26,0.232,0.569,0.537,1.44e-21,"DLD"
"RHBDF1",7.87e-26,0.821,0.09,0.06,1.46e-21,"RHBDF1"
"SUSD6",8.09e-26,0.359,0.34,0.297,1.5e-21,"SUSD6"
"CRYZ",8.29e-26,0.535,0.168,0.131,1.54e-21,"CRYZ"
"EIF2D",8.32e-26,0.374,0.295,0.253,1.55e-21,"EIF2D"
"CREB3L2",8.68e-26,0.407,0.268,0.225,1.62e-21,"CREB3L2"
"SLC35E3",8.76e-26,-0.349,0.455,0.512,1.63e-21,"SLC35E3"
"NUDT9",9.31e-26,0.214,0.532,0.493,1.73e-21,"NUDT9"
"ZNF511",1.04e-25,0.34,0.349,0.31,1.93e-21,"ZNF511"
"GNS",1.08e-25,0.261,0.449,0.407,2e-21,"GNS"
"LRP2",1.11e-25,0.41,0.262,0.218,2.06e-21,"LRP2"
"C12orf40",1.12e-25,-0.888,0.068,0.099,2.08e-21,"C12orf40"
"TSR3",1.14e-25,0.216,0.558,0.522,2.12e-21,"TSR3"
"MED10",1.22e-25,0.204,0.724,0.697,2.26e-21,"MED10"
"C2CD2",1.23e-25,0.694,0.097,0.066,2.28e-21,"C2CD2"
"TBC1D24",1.27e-25,-0.409,0.176,0.224,2.37e-21,"TBC1D24"
"MARS1",1.28e-25,-0.31,0.343,0.399,2.39e-21,"MARS1"
"TMEM35B",1.31e-25,0.612,0.155,0.118,2.44e-21,"TMEM35B"
"PAX7",1.37e-25,0.714,0.041,0.021,2.56e-21,"PAX7"
"RPS6KA6",1.38e-25,-0.42,0.249,0.3,2.57e-21,"RPS6KA6"
"DCN",1.42e-25,1.691,0.028,0.012,2.63e-21,"DCN"
"CDKN1B",1.51e-25,0.19,0.687,0.659,2.81e-21,"CDKN1B"
"BIN1",1.52e-25,-0.496,0.143,0.185,2.82e-21,"BIN1"
"LAMB3",1.57e-25,-2.321,0.003,0.013,2.93e-21,"LAMB3"
"STON1",1.58e-25,0.719,0.086,0.057,2.94e-21,"STON1"
"ATF6",1.64e-25,0.17,0.695,0.666,3.06e-21,"ATF6"
"CLN5",1.71e-25,0.229,0.52,0.483,3.19e-21,"CLN5"
"CYP46A1",1.71e-25,-0.478,0.203,0.25,3.19e-21,"CYP46A1"
"HDDC3",1.76e-25,0.378,0.261,0.219,3.27e-21,"HDDC3"
"TBC1D30",1.76e-25,-1.13,0.021,0.041,3.27e-21,"TBC1D30"
"POMK",1.78e-25,-0.316,0.327,0.384,3.3e-21,"POMK"
"RBM42",1.79e-25,0.316,0.412,0.375,3.33e-21,"RBM42"
"GMPR2",1.85e-25,0.362,0.339,0.299,3.44e-21,"GMPR2"
"KLF9",1.86e-25,0.534,0.177,0.139,3.47e-21,"KLF9"
"TSPAN18",1.92e-25,0.251,0.535,0.498,3.57e-21,"TSPAN18"
"SEMA4D",1.95e-25,-0.366,0.122,0.163,3.63e-21,"SEMA4D"
"NBPF10",2.09e-25,0.685,0.122,0.089,3.89e-21,"NBPF10"
"SMOX",2.18e-25,0.351,0.313,0.272,4.07e-21,"SMOX"
"EIF5B",2.23e-25,0.168,0.764,0.739,4.16e-21,"EIF5B"
"PPP2R2A",2.53e-25,0.177,0.711,0.682,4.7e-21,"PPP2R2A"
"TOLLIP",2.6e-25,0.334,0.346,0.308,4.84e-21,"TOLLIP"
"CNRIP1",2.64e-25,-0.268,0.503,0.559,4.92e-21,"CNRIP1"
"GANAB",2.75e-25,0.279,0.455,0.42,5.11e-21,"GANAB"
"ZNF345",2.78e-25,-0.435,0.17,0.216,5.17e-21,"ZNF345"
"ZNF331",2.97e-25,-0.337,0.236,0.289,5.53e-21,"ZNF331"
"SEC11C",3.03e-25,0.223,0.871,0.873,5.63e-21,"SEC11C"
"ADAMTS8",3.16e-25,-2.152,0.005,0.017,5.89e-21,"ADAMTS8"
"CMKLR2",3.21e-25,0.396,0.246,0.204,5.97e-21,"CMKLR2"
"USP45",3.43e-25,0.27,0.374,0.331,6.39e-21,"USP45"
"KDM6B",3.57e-25,-0.308,0.301,0.356,6.65e-21,"KDM6B"
"DOCK11",3.67e-25,-0.433,0.166,0.211,6.83e-21,"DOCK11"
"STOM",3.94e-25,0.565,0.147,0.112,7.34e-21,"STOM"
"KIF5C",4.35e-25,-0.265,0.857,0.869,8.09e-21,"KIF5C"
"TMEM106C",4.36e-25,0.326,0.435,0.396,8.11e-21,"TMEM106C"
"ILRUN",5.07e-25,0.278,0.448,0.41,9.43e-21,"ILRUN"
"LIX1L",5.16e-25,0.27,0.435,0.396,9.6e-21,"LIX1L"
"CENPJ",5.24e-25,-0.348,0.152,0.197,9.76e-21,"CENPJ"
"BLVRA",5.28e-25,0.339,0.378,0.339,9.83e-21,"BLVRA"
"TMX2",5.3e-25,0.208,0.657,0.629,9.86e-21,"TMX2"
"DHRS4",5.36e-25,0.572,0.143,0.108,9.98e-21,"DHRS4"
"SLC41A1",5.39e-25,0.42,0.249,0.209,1e-20,"SLC41A1"
"KIAA0319L",5.46e-25,0.149,0.739,0.71,1.02e-20,"KIAA0319L"
"SPRED3",5.51e-25,-0.72,0.069,0.1,1.03e-20,"SPRED3"
"CEP162",5.56e-25,0.24,0.517,0.476,1.04e-20,"CEP162"
"PLCD3",5.78e-25,0.669,0.126,0.093,1.08e-20,"PLCD3"
"RASD1",6.16e-25,-0.746,0.046,0.072,1.15e-20,"RASD1"
"LHFPL2",6.21e-25,0.381,0.242,0.2,1.16e-20,"LHFPL2"
"HSPA9",6.23e-25,0.16,0.832,0.8,1.16e-20,"HSPA9"
"CPM",6.34e-25,0.91,0.044,0.024,1.18e-20,"CPM"
"AADAT",6.37e-25,-0.423,0.172,0.218,1.19e-20,"AADAT"
"NUP37",6.4e-25,0.322,0.343,0.302,1.19e-20,"NUP37"
"COTL1",6.5e-25,0.241,0.581,0.545,1.21e-20,"COTL1"
"PPP1CC",6.72e-25,0.172,0.728,0.697,1.25e-20,"PPP1CC"
"ATL3",6.74e-25,0.54,0.156,0.119,1.25e-20,"ATL3"
"TRPT1",6.9e-25,0.446,0.232,0.193,1.28e-20,"TRPT1"
"TRIM25",6.99e-25,0.4,0.235,0.195,1.3e-20,"TRIM25"
"METTL25",7.05e-25,0.27,0.356,0.311,1.31e-20,"METTL25"
"HP1BP3",7.23e-25,0.121,0.937,0.921,1.35e-20,"HP1BP3"
"NCOR1",7.45e-25,0.117,0.932,0.926,1.39e-20,"NCOR1"
"ENSG00000276256",7.52e-25,-0.317,0.334,0.392,1.4e-20,"ENSG00000276256"
"ENSG00000279281",7.65e-25,0.553,0.154,0.118,1.42e-20,"ENSG00000279281"
"ZNF714",8.65e-25,-0.211,0.46,0.522,1.61e-20,"ZNF714"
"ELOVL1",8.79e-25,0.618,0.14,0.106,1.64e-20,"ELOVL1"
"ARID2",8.81e-25,0.151,0.844,0.822,1.64e-20,"ARID2"
"NOX4",8.88e-25,0.39,0.209,0.167,1.65e-20,"NOX4"
"SELENOF",9.01e-25,0.166,0.772,0.751,1.68e-20,"SELENOF"
"SLC27A3",9.31e-25,0.65,0.135,0.101,1.73e-20,"SLC27A3"
"EVI5L",9.57e-25,-0.504,0.113,0.152,1.78e-20,"EVI5L"
"RAB14",9.67e-25,0.164,0.859,0.838,1.8e-20,"RAB14"
"TMEM150C",1.09e-24,-0.504,0.157,0.2,2.02e-20,"TMEM150C"
"EIF5A2",1.1e-24,0.464,0.193,0.155,2.04e-20,"EIF5A2"
"MEIS3",1.11e-24,0.201,0.642,0.612,2.07e-20,"MEIS3"
"NUP160",1.13e-24,-0.27,0.521,0.576,2.1e-20,"NUP160"
"LSM5",1.17e-24,0.152,0.774,0.744,2.18e-20,"LSM5"
"DUSP2",1.19e-24,-1.61,0.006,0.018,2.21e-20,"DUSP2"
"CNGA3",1.19e-24,0.623,0.098,0.068,2.22e-20,"CNGA3"
"ATP13A2",1.22e-24,-0.352,0.245,0.298,2.26e-20,"ATP13A2"
"SLC12A4",1.24e-24,0.668,0.111,0.08,2.3e-20,"SLC12A4"
"GPD2",1.28e-24,0.531,0.172,0.134,2.38e-20,"GPD2"
"GSR",1.29e-24,0.309,0.402,0.363,2.4e-20,"GSR"
"DYNC1LI2",1.3e-24,0.145,0.863,0.852,2.41e-20,"DYNC1LI2"
"NAXE",1.32e-24,0.231,0.538,0.504,2.46e-20,"NAXE"
"DIPK1C",1.34e-24,0.342,0.273,0.23,2.49e-20,"DIPK1C"
"DUT",1.38e-24,0.161,0.833,0.793,2.57e-20,"DUT"
"PACSIN3",1.48e-24,0.768,0.106,0.075,2.75e-20,"PACSIN3"
"DDHD1",1.53e-24,-0.233,0.525,0.577,2.84e-20,"DDHD1"
"TET3",1.66e-24,-0.227,0.494,0.555,3.08e-20,"TET3"
"ZMPSTE24",1.67e-24,0.294,0.384,0.345,3.11e-20,"ZMPSTE24"
"EMX2",1.7e-24,0.454,0.175,0.135,3.16e-20,"EMX2"
"TAOK3",1.78e-24,0.149,0.877,0.861,3.32e-20,"TAOK3"
"C20orf203",1.83e-24,-0.985,0.026,0.047,3.41e-20,"C20orf203"
"ZFP14",1.89e-24,-0.273,0.488,0.546,3.52e-20,"ZFP14"
"MRPS18C",1.94e-24,0.201,0.624,0.595,3.61e-20,"MRPS18C"
"NEIL2",1.96e-24,0.379,0.315,0.277,3.64e-20,"NEIL2"
"PLRG1",1.98e-24,0.196,0.65,0.624,3.68e-20,"PLRG1"
"LTBP2",2.15e-24,1.002,0.045,0.024,3.99e-20,"LTBP2"
"ERI3",2.21e-24,0.191,0.667,0.642,4.12e-20,"ERI3"
"FAM171A2",2.28e-24,-0.277,0.391,0.448,4.24e-20,"FAM171A2"
"SERGEF",2.29e-24,-0.358,0.373,0.428,4.26e-20,"SERGEF"
"KIAA0825",2.33e-24,-0.335,0.555,0.606,4.33e-20,"KIAA0825"
"LACTB",2.4e-24,0.305,0.362,0.323,4.47e-20,"LACTB"
"HNRNPA0",2.42e-24,0.156,0.896,0.86,4.51e-20,"HNRNPA0"
"STAMBPL1",2.49e-24,-0.798,0.06,0.089,4.64e-20,"STAMBPL1"
"NDUFS1",2.54e-24,0.154,0.793,0.774,4.74e-20,"NDUFS1"
"NUDT10",2.55e-24,-0.487,0.102,0.139,4.74e-20,"NUDT10"
"ZFPM2",2.62e-24,-0.976,0.571,0.604,4.88e-20,"ZFPM2"
"TRIM3",2.64e-24,-0.553,0.089,0.124,4.9e-20,"TRIM3"
"SLCO4A1",2.68e-24,-2.171,0.003,0.013,4.99e-20,"SLCO4A1"
"ZNF827",2.68e-24,0.193,0.685,0.646,4.99e-20,"ZNF827"
"EPHX2",2.91e-24,0.498,0.174,0.137,5.43e-20,"EPHX2"
"SAP30L",3.03e-24,0.337,0.299,0.26,5.64e-20,"SAP30L"
"RHOB",3.06e-24,0.32,0.437,0.402,5.7e-20,"RHOB"
"UBE2F",3.08e-24,0.236,0.51,0.475,5.73e-20,"UBE2F"
"DYNC1I2",3.09e-24,0.124,0.941,0.926,5.75e-20,"DYNC1I2"
"TACR3",3.22e-24,-1.668,0.022,0.041,5.99e-20,"TACR3"
"DST",3.24e-24,0.114,0.962,0.958,6.03e-20,"DST"
"EIF1AX",3.32e-24,0.113,0.934,0.904,6.18e-20,"EIF1AX"
"DNMT1",3.34e-24,-0.196,0.418,0.476,6.21e-20,"DNMT1"
"CFAP161",3.43e-24,-0.833,0.046,0.071,6.39e-20,"CFAP161"
"SEMA4F",3.57e-24,-0.701,0.072,0.104,6.64e-20,"SEMA4F"
"CLEC2D",3.61e-24,0.405,0.293,0.253,6.73e-20,"CLEC2D"
"SFXN3",3.68e-24,-0.601,0.083,0.117,6.85e-20,"SFXN3"
"ARIH2",3.77e-24,0.193,0.653,0.622,7.02e-20,"ARIH2"
"TMTC1",3.86e-24,-0.149,0.512,0.456,7.18e-20,"TMTC1"
"EPHA5",3.92e-24,-0.35,0.321,0.372,7.29e-20,"EPHA5"
"PDE9A",3.96e-24,0.163,0.642,0.604,7.38e-20,"PDE9A"
"GET1",4.04e-24,-0.229,0.722,0.763,7.52e-20,"GET1"
"MPDU1",4.04e-24,0.412,0.229,0.19,7.52e-20,"MPDU1"
"ZSWIM5",4.12e-24,-0.269,0.657,0.701,7.67e-20,"ZSWIM5"
"HM13",4.2e-24,0.211,0.663,0.638,7.81e-20,"HM13"
"EML4",4.24e-24,0.178,0.616,0.582,7.9e-20,"EML4"
"RBMS1",4.29e-24,0.386,0.132,0.098,7.98e-20,"RBMS1"
"SCGB2B2",4.29e-24,-0.419,0.232,0.281,7.98e-20,"SCGB2B2"
"ZNF641",4.3e-24,-0.471,0.131,0.172,8e-20,"ZNF641"
"DDX54",4.47e-24,0.31,0.313,0.273,8.33e-20,"DDX54"
"IPO5",4.61e-24,0.2,0.64,0.61,8.58e-20,"IPO5"
"CHMP5",4.74e-24,0.124,0.857,0.832,8.82e-20,"CHMP5"
"MFSD1",4.96e-24,0.256,0.411,0.371,9.23e-20,"MFSD1"
"ARPC1A",5e-24,0.158,0.782,0.758,9.31e-20,"ARPC1A"
"MZT2A",5.05e-24,0.209,0.647,0.615,9.39e-20,"MZT2A"
"ZNF506",5.08e-24,-0.349,0.275,0.327,9.45e-20,"ZNF506"
"CNN2",5.1e-24,0.523,0.156,0.12,9.49e-20,"CNN2"
"IRX2",5.26e-24,0.238,0.498,0.463,9.8e-20,"IRX2"
"NIPAL1",5.28e-24,-1.43,0.016,0.033,9.82e-20,"NIPAL1"
"RAPH1",5.32e-24,-0.301,0.565,0.616,9.89e-20,"RAPH1"
"CYB5B",5.6e-24,0.196,0.642,0.613,1.04e-19,"CYB5B"
"C2CD3",5.6e-24,-0.315,0.331,0.385,1.04e-19,"C2CD3"
"PWAR5",5.66e-24,-0.491,0.121,0.16,1.05e-19,"PWAR5"
"LZTS1",5.85e-24,-0.403,0.076,0.109,1.09e-19,"LZTS1"
"SLC1A4",5.85e-24,0.338,0.444,0.409,1.09e-19,"SLC1A4"
"VPS13B",5.95e-24,0.118,0.881,0.86,1.11e-19,"VPS13B"
"ENC1",6.18e-24,-0.499,0.582,0.622,1.15e-19,"ENC1"
"UNC80",6.2e-24,0.174,0.575,0.534,1.15e-19,"UNC80"
"PRMT5",6.29e-24,0.333,0.36,0.321,1.17e-19,"PRMT5"
"PDIA2",6.36e-24,-2.624,0.002,0.011,1.18e-19,"PDIA2"
"USP22",6.59e-24,-0.21,0.795,0.823,1.23e-19,"USP22"
"JAK1",6.59e-24,0.138,0.787,0.758,1.23e-19,"JAK1"
"STUM",6.8e-24,0.401,0.26,0.22,1.27e-19,"STUM"
"HAX1",7.11e-24,0.191,0.607,0.572,1.32e-19,"HAX1"
"SOCS1",7.12e-24,0.621,0.114,0.082,1.33e-19,"SOCS1"
"CYREN",7.22e-24,0.226,0.433,0.392,1.34e-19,"CYREN"
"PITPNB",7.28e-24,0.173,0.721,0.7,1.36e-19,"PITPNB"
"FLOT1",7.45e-24,0.203,0.553,0.522,1.39e-19,"FLOT1"
"AK4",7.61e-24,0.248,0.407,0.363,1.42e-19,"AK4"
"TTC3",7.84e-24,-0.168,0.995,0.993,1.46e-19,"TTC3"
"HDAC9",7.89e-24,0.83,0.721,0.686,1.47e-19,"HDAC9"
"HK2",7.92e-24,-1.067,0.039,0.063,1.47e-19,"HK2"
"DBN1",8e-24,-0.234,0.655,0.692,1.49e-19,"DBN1"
"MRPL55",8e-24,0.268,0.473,0.441,1.49e-19,"MRPL55"
"COPS5",8.22e-24,0.225,0.57,0.542,1.53e-19,"COPS5"
"SPAST",8.35e-24,-0.226,0.593,0.645,1.55e-19,"SPAST"
"IPP",8.39e-24,0.315,0.372,0.335,1.56e-19,"IPP"
"TRIP10",8.63e-24,0.748,0.089,0.061,1.61e-19,"TRIP10"
"GM2A",8.73e-24,0.558,0.168,0.133,1.62e-19,"GM2A"
"NFATC4",8.93e-24,0.933,0.064,0.04,1.66e-19,"NFATC4"
"KLHDC8B",9.05e-24,0.506,0.197,0.159,1.68e-19,"KLHDC8B"
"BAHCC1",9.22e-24,-0.47,0.11,0.147,1.72e-19,"BAHCC1"
"SCRIB",9.55e-24,0.39,0.272,0.233,1.78e-19,"SCRIB"
"GIPC2",9.86e-24,-0.787,0.071,0.102,1.84e-19,"GIPC2"
"ACSS2",1.09e-23,0.414,0.23,0.191,2.03e-19,"ACSS2"
"RMDN3",1.09e-23,0.265,0.44,0.403,2.04e-19,"RMDN3"
"STRN4",1.1e-23,-0.337,0.234,0.284,2.04e-19,"STRN4"
"THRAP3",1.1e-23,0.145,0.874,0.851,2.04e-19,"THRAP3"
"CLK1",1.12e-23,-0.294,0.314,0.37,2.08e-19,"CLK1"
"RELL1",1.13e-23,0.382,0.247,0.208,2.09e-19,"RELL1"
"PALD1",1.14e-23,0.49,0.177,0.14,2.13e-19,"PALD1"
"SLC30A1",1.17e-23,0.607,0.147,0.113,2.17e-19,"SLC30A1"
"TMEM101",1.18e-23,0.426,0.256,0.217,2.19e-19,"TMEM101"
"RHEBL1",1.22e-23,-1.55,0.008,0.021,2.28e-19,"RHEBL1"
"DAAM2",1.31e-23,0.817,0.091,0.063,2.44e-19,"DAAM2"
"SEC23B",1.34e-23,0.231,0.47,0.432,2.49e-19,"SEC23B"
"PUM1",1.34e-23,0.13,0.924,0.914,2.5e-19,"PUM1"
"OTUD7B",1.35e-23,0.256,0.431,0.391,2.51e-19,"OTUD7B"
"TMEM191B",1.38e-23,-1.54,0.009,0.022,2.57e-19,"TMEM191B"
"JHY",1.39e-23,0.455,0.209,0.17,2.58e-19,"JHY"
"SFPQ",1.39e-23,0.116,0.968,0.951,2.58e-19,"SFPQ"
"NPC1",1.41e-23,0.235,0.467,0.432,2.62e-19,"NPC1"
"SYS1",1.43e-23,0.305,0.359,0.32,2.67e-19,"SYS1"
"HECTD4",1.44e-23,-0.151,0.741,0.778,2.68e-19,"HECTD4"
"TSR2",1.48e-23,0.294,0.42,0.386,2.76e-19,"TSR2"
"DNAH7",1.49e-23,0.189,0.408,0.356,2.77e-19,"DNAH7"
"BCKDHB",1.5e-23,0.153,0.592,0.547,2.79e-19,"BCKDHB"
"ASAP3",1.53e-23,0.475,0.22,0.183,2.86e-19,"ASAP3"
"OAZ2",1.67e-23,0.236,0.532,0.502,3.1e-19,"OAZ2"
"ELAVL1",1.69e-23,0.182,0.715,0.687,3.14e-19,"ELAVL1"
"MANBAL",1.72e-23,0.269,0.414,0.377,3.19e-19,"MANBAL"
"NUDT15",1.74e-23,-0.455,0.113,0.151,3.23e-19,"NUDT15"
"TRPC5OS",1.86e-23,-2.637,0.004,0.015,3.46e-19,"TRPC5OS"
"ADIPOR2",1.86e-23,0.235,0.534,0.501,3.46e-19,"ADIPOR2"
"ERC1",1.91e-23,-0.238,0.859,0.873,3.56e-19,"ERC1"
"VEGFA",1.95e-23,-0.56,0.277,0.325,3.62e-19,"VEGFA"
"KLC2",1.97e-23,-0.427,0.123,0.163,3.66e-19,"KLC2"
"TGOLN2",2.02e-23,-0.297,0.491,0.542,3.77e-19,"TGOLN2"
"NSUN6",2.04e-23,-0.331,0.46,0.512,3.79e-19,"NSUN6"
"ASXL1",2.07e-23,0.176,0.721,0.695,3.85e-19,"ASXL1"
"STIM2",2.07e-23,0.4,0.62,0.597,3.85e-19,"STIM2"
"PRKD2",2.09e-23,0.527,0.17,0.134,3.88e-19,"PRKD2"
"ATP5IF1",2.09e-23,0.103,0.879,0.848,3.89e-19,"ATP5IF1"
"RORB",2.13e-23,0.166,0.474,0.419,3.96e-19,"RORB"
"TMEM223",2.41e-23,0.315,0.367,0.329,4.49e-19,"TMEM223"
"ZMAT4",2.45e-23,-1.954,0.149,0.182,4.55e-19,"ZMAT4"
"PPFIBP1",2.47e-23,-0.547,0.264,0.31,4.6e-19,"PPFIBP1"
"COLGALT2",2.49e-23,0.188,0.411,0.364,4.63e-19,"COLGALT2"
"FRMPD3",2.51e-23,-0.357,0.284,0.332,4.67e-19,"FRMPD3"
"BLM",2.57e-23,0.546,0.185,0.148,4.78e-19,"BLM"
"CCDC126",2.61e-23,-0.341,0.316,0.372,4.87e-19,"CCDC126"
"CCS",2.63e-23,0.332,0.393,0.357,4.89e-19,"CCS"
"SURF4",2.71e-23,0.239,0.521,0.49,5.05e-19,"SURF4"
"TRAM2",2.77e-23,0.401,0.251,0.212,5.15e-19,"TRAM2"
"IRX1",2.78e-23,0.178,0.52,0.47,5.18e-19,"IRX1"
"NEXN",2.79e-23,0.428,0.223,0.184,5.2e-19,"NEXN"
"MAPK9",2.97e-23,-0.297,0.417,0.471,5.52e-19,"MAPK9"
"ADAM10",3.04e-23,0.2,0.669,0.639,5.65e-19,"ADAM10"
"COPS4",3.06e-23,0.192,0.7,0.675,5.69e-19,"COPS4"
"PSMB9",3.09e-23,0.84,0.077,0.051,5.75e-19,"PSMB9"
"ZNF24",3.1e-23,0.18,0.643,0.613,5.77e-19,"ZNF24"
"KANSL1L",3.12e-23,0.155,0.787,0.76,5.81e-19,"KANSL1L"
"PLPPR5",3.13e-23,-0.406,0.308,0.355,5.82e-19,"PLPPR5"
"INSR",3.24e-23,-0.267,0.484,0.54,6.03e-19,"INSR"
"SH3KBP1",3.33e-23,-0.345,0.432,0.486,6.2e-19,"SH3KBP1"
"REEP5",3.38e-23,0.153,0.75,0.72,6.3e-19,"REEP5"
"LTBP3",3.4e-23,0.305,0.343,0.304,6.32e-19,"LTBP3"
"PITPNM3",3.47e-23,-0.874,0.034,0.056,6.46e-19,"PITPNM3"
"KSR1",3.67e-23,0.254,0.469,0.435,6.84e-19,"KSR1"
"ARPP19",3.77e-23,0.113,0.875,0.85,7.02e-19,"ARPP19"
"FLVCR2",3.8e-23,0.891,0.065,0.041,7.07e-19,"FLVCR2"
"ELFN1",3.81e-23,0.403,0.214,0.175,7.09e-19,"ELFN1"
"NFKBIB",3.95e-23,0.419,0.236,0.198,7.35e-19,"NFKBIB"
"APOLD1",4.3e-23,0.333,0.188,0.148,8e-19,"APOLD1"
"ELL2",4.35e-23,0.569,0.15,0.116,8.09e-19,"ELL2"
"LFNG",4.5e-23,0.299,0.344,0.3,8.38e-19,"LFNG"
"UEVLD",4.87e-23,0.295,0.409,0.371,9.06e-19,"UEVLD"
"GALK1",5.02e-23,0.595,0.163,0.128,9.34e-19,"GALK1"
"SETX",5.06e-23,0.207,0.671,0.645,9.42e-19,"SETX"
"FBXL17",5.17e-23,-0.279,0.886,0.898,9.63e-19,"FBXL17"
"ZBTB8A",5.18e-23,-0.314,0.381,0.436,9.63e-19,"ZBTB8A"
"ERLIN2",5.2e-23,0.289,0.406,0.369,9.69e-19,"ERLIN2"
"OR2L3",5.24e-23,-1.944,0.005,0.015,9.74e-19,"OR2L3"
"DDX52",5.36e-23,0.208,0.648,0.62,9.97e-19,"DDX52"
"ZBTB44",5.38e-23,-0.262,0.428,0.485,1e-18,"ZBTB44"
"GNG4",5.48e-23,-0.21,0.573,0.62,1.02e-18,"GNG4"
"PSMC2",5.59e-23,0.208,0.597,0.565,1.04e-18,"PSMC2"
"KDM5A",5.8e-23,0.159,0.755,0.735,1.08e-18,"KDM5A"
"ZNF737",5.92e-23,-0.297,0.291,0.345,1.1e-18,"ZNF737"
"ZDHHC14",6.07e-23,0.245,0.502,0.463,1.13e-18,"ZDHHC14"
"NPAS2",6.15e-23,0.382,0.239,0.198,1.15e-18,"NPAS2"
"PANK1",6.31e-23,0.28,0.363,0.321,1.18e-18,"PANK1"
"CCP110",6.34e-23,-0.292,0.376,0.429,1.18e-18,"CCP110"
"TRAPPC5",6.49e-23,0.192,0.633,0.611,1.21e-18,"TRAPPC5"
"DMAC2L",6.6e-23,0.248,0.472,0.436,1.23e-18,"DMAC2L"
"RBMX",6.66e-23,0.153,0.885,0.861,1.24e-18,"RBMX"
"SPATC1L",6.75e-23,0.427,0.228,0.191,1.26e-18,"SPATC1L"
"TNRC18",6.81e-23,0.151,0.707,0.675,1.27e-18,"TNRC18"
"JMJD1C",6.97e-23,-0.133,0.98,0.979,1.3e-18,"JMJD1C"
"ADIPOR1",7.04e-23,0.193,0.611,0.583,1.31e-18,"ADIPOR1"
"TRIM28",7.1e-23,0.178,0.626,0.592,1.32e-18,"TRIM28"
"FAM184B",7.28e-23,-0.407,0.15,0.192,1.36e-18,"FAM184B"
"PCDH7",7.37e-23,-0.213,0.708,0.645,1.37e-18,"PCDH7"
"ZMAT1",7.41e-23,0.203,0.537,0.498,1.38e-18,"ZMAT1"
"DDC",7.52e-23,-2.79,0.002,0.01,1.4e-18,"DDC"
"SPRING1",7.77e-23,0.312,0.422,0.385,1.45e-18,"SPRING1"
"RHBDL3",7.86e-23,0.357,0.308,0.268,1.46e-18,"RHBDL3"
"KIF16B",7.92e-23,0.248,0.414,0.372,1.47e-18,"KIF16B"
"VAT1L",8.01e-23,0.521,0.425,0.393,1.49e-18,"VAT1L"
"PTGIS",8.01e-23,-0.84,0.033,0.055,1.49e-18,"PTGIS"
"NAGLU",8.92e-23,0.298,0.314,0.273,1.66e-18,"NAGLU"
"CHST14",8.95e-23,0.64,0.126,0.095,1.67e-18,"CHST14"
"TRIM37",8.95e-23,0.177,0.685,0.66,1.67e-18,"TRIM37"
"OGDH",9.45e-23,0.234,0.5,0.467,1.76e-18,"OGDH"
"DEXI",9.51e-23,0.336,0.344,0.308,1.77e-18,"DEXI"
"PMPCB",9.61e-23,0.18,0.58,0.545,1.79e-18,"PMPCB"
"OGT",9.64e-23,-0.282,0.461,0.516,1.79e-18,"OGT"
"MAB21L2",9.86e-23,-1.666,0.012,0.027,1.84e-18,"MAB21L2"
"ARHGAP18",9.95e-23,0.525,0.189,0.151,1.85e-18,"ARHGAP18"
"KDM6A",1e-22,0.173,0.643,0.616,1.86e-18,"KDM6A"
"SNW1",1.05e-22,0.171,0.679,0.653,1.95e-18,"SNW1"
"ARL6IP1",1.1e-22,0.161,0.896,0.877,2.05e-18,"ARL6IP1"
"ANXA4",1.11e-22,0.253,0.307,0.264,2.07e-18,"ANXA4"
"APOOL",1.15e-22,0.259,0.474,0.441,2.14e-18,"APOOL"
"SLC35D1",1.26e-22,0.233,0.438,0.398,2.34e-18,"SLC35D1"
"SH3BP4",1.27e-22,0.344,0.352,0.313,2.37e-18,"SH3BP4"
"RCC1L",1.3e-22,0.312,0.352,0.315,2.42e-18,"RCC1L"
"DGAT2",1.34e-22,-1.716,0.009,0.023,2.49e-18,"DGAT2"
"ING3",1.41e-22,0.309,0.373,0.336,2.62e-18,"ING3"
"KHDRBS1",1.41e-22,0.127,0.976,0.959,2.62e-18,"KHDRBS1"
"GPR39",1.43e-22,0.726,0.147,0.113,2.65e-18,"GPR39"
"COMMD5",1.43e-22,0.31,0.338,0.299,2.67e-18,"COMMD5"
"RGS5",1.44e-22,0.268,0.402,0.357,2.68e-18,"RGS5"
"FLNB",1.46e-22,-0.375,0.201,0.247,2.71e-18,"FLNB"
"PRMT2",1.46e-22,0.131,0.86,0.85,2.72e-18,"PRMT2"
"CMTR2",1.55e-22,0.312,0.329,0.29,2.88e-18,"CMTR2"
"TSPAN31",1.65e-22,0.253,0.424,0.39,3.08e-18,"TSPAN31"
"CFAP299",1.7e-22,-0.27,0.037,0.06,3.16e-18,"CFAP299"
"MRPS17",1.71e-22,0.346,0.311,0.275,3.17e-18,"MRPS17"
"REEP2",1.72e-22,0.268,0.399,0.362,3.2e-18,"REEP2"
"TNFSF12",1.75e-22,1.049,0.048,0.028,3.26e-18,"TNFSF12"
"AIG1",1.77e-22,-0.198,0.702,0.752,3.3e-18,"AIG1"
"BECN1",1.79e-22,0.296,0.372,0.335,3.33e-18,"BECN1"
"IL17RA",1.79e-22,0.687,0.107,0.077,3.34e-18,"IL17RA"
"GSTA4",1.83e-22,-0.174,0.782,0.809,3.41e-18,"GSTA4"
"ZBED9",1.85e-22,-0.611,0.071,0.101,3.45e-18,"ZBED9"
"ZC4H2",1.85e-22,-0.269,0.539,0.589,3.45e-18,"ZC4H2"
"RWDD3",1.87e-22,0.329,0.33,0.293,3.48e-18,"RWDD3"
"CDS2",2.02e-22,0.206,0.498,0.464,3.75e-18,"CDS2"
"CFC1",2.28e-22,-1.497,0.006,0.017,4.24e-18,"CFC1"
"ARPC4",2.32e-22,0.276,0.417,0.383,4.32e-18,"ARPC4"
"RALGDS",2.33e-22,-0.324,0.28,0.331,4.34e-18,"RALGDS"
"USF2",2.38e-22,0.267,0.436,0.403,4.42e-18,"USF2"
"GPBP1",2.43e-22,0.125,0.918,0.898,4.52e-18,"GPBP1"
"MED13",2.57e-22,0.168,0.773,0.751,4.78e-18,"MED13"
"STN1",2.57e-22,0.57,0.138,0.106,4.79e-18,"STN1"
"ANO5",2.67e-22,-0.353,0.314,0.364,4.98e-18,"ANO5"
"FAM3C",2.75e-22,0.189,0.811,0.791,5.13e-18,"FAM3C"
"SLC10A7",2.81e-22,0.205,0.507,0.467,5.23e-18,"SLC10A7"
"NR2E1",2.85e-22,0.626,0.111,0.081,5.31e-18,"NR2E1"
"N4BP2",2.9e-22,-0.255,0.58,0.629,5.4e-18,"N4BP2"
"PTRH1",2.92e-22,0.389,0.292,0.256,5.43e-18,"PTRH1"
"CHL1",2.97e-22,-0.574,0.835,0.839,5.53e-18,"CHL1"
"DIP2C",2.98e-22,-0.169,0.871,0.89,5.55e-18,"DIP2C"
"AKAP5",3.06e-22,-0.687,0.039,0.062,5.69e-18,"AKAP5"
"FXYD1",3.1e-22,1.266,0.035,0.018,5.78e-18,"FXYD1"
"GAS2",3.12e-22,-0.472,0.119,0.156,5.8e-18,"GAS2"
"VSIG10",3.12e-22,0.276,0.378,0.34,5.81e-18,"VSIG10"
"ZNF454",3.13e-22,-0.723,0.054,0.08,5.83e-18,"ZNF454"
"MRPL21",3.15e-22,0.178,0.571,0.54,5.87e-18,"MRPL21"
"SPDYE3",3.35e-22,-0.373,0.197,0.244,6.23e-18,"SPDYE3"
"ESYT2",3.44e-22,-0.367,0.35,0.403,6.41e-18,"ESYT2"
"MRPS11",3.45e-22,0.285,0.433,0.401,6.42e-18,"MRPS11"
"CRIPT",3.56e-22,0.204,0.567,0.539,6.62e-18,"CRIPT"
"CDKN1C",3.59e-22,-0.48,0.271,0.32,6.68e-18,"CDKN1C"
"TRIP11",3.64e-22,0.177,0.679,0.653,6.78e-18,"TRIP11"
"PABPC4",3.67e-22,0.258,0.507,0.476,6.82e-18,"PABPC4"
"MEGF9",3.68e-22,-0.184,0.646,0.692,6.85e-18,"MEGF9"
"AMFR",3.75e-22,0.241,0.467,0.434,6.98e-18,"AMFR"
"METAP1D",3.79e-22,0.377,0.256,0.218,7.06e-18,"METAP1D"
"MRPL2",3.91e-22,0.347,0.338,0.302,7.27e-18,"MRPL2"
"MEF2C",4.03e-22,-0.455,0.468,0.515,7.5e-18,"MEF2C"
"NUP93",4.07e-22,-0.216,0.523,0.575,7.58e-18,"NUP93"
"PHF5A",4.13e-22,0.227,0.551,0.521,7.69e-18,"PHF5A"
"CAT",4.15e-22,-0.514,0.043,0.067,7.72e-18,"CAT"
"NDST4",4.16e-22,-1.15,0.099,0.13,7.75e-18,"NDST4"
"EIF2AK4",4.21e-22,0.196,0.56,0.53,7.83e-18,"EIF2AK4"
"FAM131C",4.37e-22,-1.343,0.011,0.025,8.14e-18,"FAM131C"
"EMC8",4.42e-22,0.209,0.512,0.483,8.22e-18,"EMC8"
"TLNRD1",4.44e-22,-0.357,0.13,0.169,8.26e-18,"TLNRD1"
"RTN4RL1",4.44e-22,-0.906,0.025,0.044,8.27e-18,"RTN4RL1"
"NRP1",4.47e-22,-0.665,0.448,0.488,8.32e-18,"NRP1"
"FAM228A",4.48e-22,-0.744,0.03,0.05,8.34e-18,"FAM228A"
"WAPL",4.54e-22,0.151,0.669,0.638,8.45e-18,"WAPL"
"SIAE",4.6e-22,0.434,0.217,0.18,8.55e-18,"SIAE"
"SATB2",4.65e-22,-0.493,0.258,0.214,8.66e-18,"SATB2"
"RGS8",4.76e-22,-0.942,0.021,0.039,8.86e-18,"RGS8"
"CCDC159",4.76e-22,0.555,0.146,0.114,8.87e-18,"CCDC159"
"PPP2R1B",4.77e-22,0.385,0.251,0.213,8.89e-18,"PPP2R1B"
"CDH6",4.83e-22,0.476,0.29,0.248,9e-18,"CDH6"
"DHRS3",4.93e-22,0.38,0.223,0.185,9.18e-18,"DHRS3"
"CCDC102B",4.94e-22,0.246,0.44,0.4,9.19e-18,"CCDC102B"
"CPEB4",5.1e-22,0.183,0.804,0.792,9.49e-18,"CPEB4"
"IRF3",5.15e-22,0.384,0.251,0.214,9.58e-18,"IRF3"
"ARCN1",5.48e-22,0.23,0.549,0.523,1.02e-17,"ARCN1"
"INKA1",5.61e-22,-1.73,0.004,0.014,1.04e-17,"INKA1"
"EFNA1",5.8e-22,0.755,0.087,0.06,1.08e-17,"EFNA1"
"SNX1",5.87e-22,0.176,0.562,0.529,1.09e-17,"SNX1"
"RHOBTB2",6.12e-22,-0.48,0.105,0.14,1.14e-17,"RHOBTB2"
"RNASET2",6.23e-22,0.302,0.385,0.348,1.16e-17,"RNASET2"
"ANKRD13B",6.24e-22,-0.339,0.185,0.23,1.16e-17,"ANKRD13B"
"HNF4G",6.46e-22,0.441,0.204,0.166,1.2e-17,"HNF4G"
"RHBDD1",6.53e-22,0.202,0.425,0.379,1.22e-17,"RHBDD1"
"PRMT1",6.58e-22,0.127,0.871,0.841,1.23e-17,"PRMT1"
"BNIP3",6.63e-22,-0.292,0.79,0.743,1.23e-17,"BNIP3"
"SMC4",6.67e-22,0.281,0.297,0.254,1.24e-17,"SMC4"
"MMRN1",6.68e-22,1.793,0.019,0.007,1.24e-17,"MMRN1"
"DPM1",6.83e-22,0.196,0.55,0.52,1.27e-17,"DPM1"
"RNF167",6.89e-22,0.251,0.471,0.442,1.28e-17,"RNF167"
"NT5DC3",6.93e-22,-0.709,0.059,0.086,1.29e-17,"NT5DC3"
"NOB1",7.08e-22,0.395,0.284,0.249,1.32e-17,"NOB1"
"WWP2",7.12e-22,0.278,0.448,0.413,1.33e-17,"WWP2"
"BCL2L14",7.32e-22,0.172,0.545,0.509,1.36e-17,"BCL2L14"
"HSPA1A",7.36e-22,-2.645,0.002,0.01,1.37e-17,"HSPA1A"
"ENSG00000289346",7.43e-22,-0.323,0.311,0.365,1.38e-17,"ENSG00000289346"
"TTC32",7.46e-22,-0.349,0.207,0.254,1.39e-17,"TTC32"
"COPS7A",7.52e-22,0.338,0.344,0.309,1.4e-17,"COPS7A"
"ENOPH1",7.76e-22,0.163,0.768,0.739,1.45e-17,"ENOPH1"
"GOLGA8B",7.83e-22,-0.52,0.127,0.164,1.46e-17,"GOLGA8B"
"HILPDA",7.99e-22,-0.337,0.224,0.273,1.49e-17,"HILPDA"
"RUNX1",8.07e-22,-1.355,0.019,0.037,1.5e-17,"RUNX1"
"RAB4A",8.23e-22,0.157,0.678,0.649,1.53e-17,"RAB4A"
"MORN4",8.29e-22,-0.32,0.332,0.385,1.54e-17,"MORN4"
"LINGO3",8.33e-22,-1.281,0.01,0.023,1.55e-17,"LINGO3"
"GSTM4",8.45e-22,0.527,0.154,0.121,1.57e-17,"GSTM4"
"TAF7",9.01e-22,0.105,0.846,0.821,1.68e-17,"TAF7"
"SAMD10",9.08e-22,-0.586,0.06,0.087,1.69e-17,"SAMD10"
"CNST",9.25e-22,-0.285,0.33,0.382,1.72e-17,"CNST"
"CBWD5",9.88e-22,-0.362,0.208,0.254,1.84e-17,"CBWD5"
"DYRK2",1.01e-21,-0.303,0.246,0.296,1.87e-17,"DYRK2"
"GGT7",1.02e-21,-0.331,0.405,0.458,1.9e-17,"GGT7"
"ZNF385A",1.03e-21,0.646,0.121,0.091,1.92e-17,"ZNF385A"
"CFAP36",1.04e-21,0.177,0.697,0.671,1.94e-17,"CFAP36"
"KLRC3",1.06e-21,-1.578,0.003,0.013,1.97e-17,"KLRC3"
"FAM120C",1.07e-21,0.3,0.386,0.349,1.98e-17,"FAM120C"
"RTCB",1.08e-21,0.18,0.609,0.578,2.01e-17,"RTCB"
"C12orf73",1.11e-21,-0.273,0.372,0.427,2.07e-17,"C12orf73"
"ZFP91",1.12e-21,0.178,0.621,0.594,2.09e-17,"ZFP91"
"SLC6A8",1.15e-21,0.281,0.361,0.322,2.14e-17,"SLC6A8"
"DMRTA1",1.16e-21,0.903,0.064,0.041,2.17e-17,"DMRTA1"
"FABP3",1.21e-21,-1.345,0.028,0.048,2.24e-17,"FABP3"
"ZNF213",1.22e-21,-0.36,0.219,0.267,2.28e-17,"ZNF213"
"EPHB4",1.27e-21,0.628,0.117,0.088,2.37e-17,"EPHB4"
"B4GALT6",1.29e-21,-0.211,0.192,0.237,2.39e-17,"B4GALT6"
"SERTAD4",1.32e-21,-0.579,0.093,0.126,2.46e-17,"SERTAD4"
"SNTA1",1.33e-21,0.352,0.296,0.259,2.47e-17,"SNTA1"
"FRS3",1.33e-21,-0.623,0.057,0.084,2.48e-17,"FRS3"
"FAM172A",1.37e-21,0.119,0.918,0.899,2.54e-17,"FAM172A"
"FBXL16",1.38e-21,-0.513,0.087,0.119,2.57e-17,"FBXL16"
"AMOT",1.43e-21,0.322,0.331,0.294,2.67e-17,"AMOT"
"SLC35F6",1.46e-21,0.373,0.286,0.25,2.71e-17,"SLC35F6"
"VMP1",1.55e-21,0.147,0.733,0.712,2.89e-17,"VMP1"
"LRRC24",1.6e-21,-0.469,0.105,0.14,2.97e-17,"LRRC24"
"ZNF569",1.6e-21,-0.344,0.311,0.36,2.98e-17,"ZNF569"
"ISG20",1.76e-21,1.084,0.038,0.021,3.28e-17,"ISG20"
"PRMT8",1.8e-21,-0.579,0.034,0.056,3.35e-17,"PRMT8"
"CDH24",1.89e-21,-0.679,0.046,0.071,3.52e-17,"CDH24"
"NTNG2",1.97e-21,0.457,0.145,0.112,3.66e-17,"NTNG2"
"BRI3BP",1.97e-21,-0.445,0.126,0.163,3.67e-17,"BRI3BP"
"LMAN1",2.04e-21,0.173,0.664,0.634,3.8e-17,"LMAN1"
"ZNF354A",2.08e-21,-0.293,0.243,0.293,3.88e-17,"ZNF354A"
"METTL8",2.09e-21,0.252,0.417,0.38,3.89e-17,"METTL8"
"MTURN",2.12e-21,-0.36,0.263,0.31,3.94e-17,"MTURN"
"UCK2",2.26e-21,-0.251,0.31,0.364,4.21e-17,"UCK2"
"POP4",2.26e-21,0.326,0.33,0.294,4.21e-17,"POP4"
"SUPT6H",2.28e-21,0.239,0.439,0.404,4.25e-17,"SUPT6H"
"HBEGF",2.32e-21,-0.561,0.053,0.079,4.32e-17,"HBEGF"
"ERGIC2",2.35e-21,0.16,0.773,0.752,4.38e-17,"ERGIC2"
"H2AZ1",2.4e-21,0.181,0.954,0.92,4.46e-17,"H2AZ1"
"TNFRSF10C",2.47e-21,2.074,0.012,0.003,4.59e-17,"TNFRSF10C"
"HS1BP3",2.59e-21,0.42,0.215,0.179,4.82e-17,"HS1BP3"
"SMIM10L1",2.62e-21,0.248,0.459,0.427,4.89e-17,"SMIM10L1"
"TM4SF18",2.63e-21,2.142,0.011,0.002,4.9e-17,"TM4SF18"
"PAAF1",2.66e-21,0.195,0.567,0.535,4.95e-17,"PAAF1"
"C4orf50",2.68e-21,-1.436,0.01,0.023,4.98e-17,"C4orf50"
"NPTN",2.75e-21,-0.306,0.558,0.602,5.12e-17,"NPTN"
"DOLK",2.83e-21,0.429,0.218,0.183,5.26e-17,"DOLK"
"CD46",2.9e-21,-0.239,0.65,0.694,5.39e-17,"CD46"
"ATM",2.95e-21,0.143,0.68,0.649,5.48e-17,"ATM"
"FCGRT",2.97e-21,0.597,0.145,0.114,5.54e-17,"FCGRT"
"SH3GLB1",3.02e-21,0.142,0.761,0.732,5.62e-17,"SH3GLB1"
"NMNAT1",3.02e-21,0.408,0.23,0.194,5.62e-17,"NMNAT1"
"RDH10",3.02e-21,0.669,0.12,0.091,5.62e-17,"RDH10"
"GLRX3",3.14e-21,0.186,0.658,0.631,5.84e-17,"GLRX3"
"USP37",3.19e-21,-0.228,0.433,0.488,5.93e-17,"USP37"
"GPSM2",3.25e-21,0.215,0.492,0.458,6.05e-17,"GPSM2"
"LSS",3.29e-21,0.23,0.54,0.509,6.12e-17,"LSS"
"DACT3",3.46e-21,-0.367,0.194,0.237,6.45e-17,"DACT3"
"OARD1",3.54e-21,0.207,0.575,0.545,6.59e-17,"OARD1"
"PTPN11",3.61e-21,0.199,0.66,0.637,6.72e-17,"PTPN11"
"SMC5",3.73e-21,0.199,0.765,0.749,6.94e-17,"SMC5"
"SMIM17",3.79e-21,-0.593,0.058,0.085,7.05e-17,"SMIM17"
"USP2",3.82e-21,0.556,0.124,0.093,7.11e-17,"USP2"
"GPR161",3.86e-21,-0.299,0.343,0.394,7.18e-17,"GPR161"
"ZNF470",3.94e-21,-0.402,0.126,0.163,7.34e-17,"ZNF470"
"NBEAL1",4e-21,0.169,0.651,0.621,7.44e-17,"NBEAL1"
"KEL",4.37e-21,-1.056,0.02,0.037,8.14e-17,"KEL"
"NDUFA9",4.45e-21,0.176,0.541,0.511,8.28e-17,"NDUFA9"
"TMEM217",4.48e-21,1.288,0.034,0.018,8.35e-17,"TMEM217"
"SNX9",4.55e-21,0.155,0.685,0.657,8.46e-17,"SNX9"
"FMC1",4.57e-21,0.158,0.601,0.57,8.51e-17,"FMC1"
"CUX2",5e-21,-0.528,0.233,0.275,9.31e-17,"CUX2"
"C2orf15",5.04e-21,-0.806,0.036,0.058,9.39e-17,"C2orf15"
"SMKR1",5.3e-21,-0.52,0.062,0.09,9.86e-17,"SMKR1"
"CHCHD7",5.43e-21,0.308,0.268,0.23,1.01e-16,"CHCHD7"
"USP9X",5.7e-21,0.134,0.909,0.899,1.06e-16,"USP9X"
"ZDHHC20",5.79e-21,-0.248,0.528,0.578,1.08e-16,"ZDHHC20"
"EIF5AL1",5.84e-21,0.7,0.082,0.056,1.09e-16,"EIF5AL1"
"SANBR",5.84e-21,-0.281,0.437,0.485,1.09e-16,"SANBR"
"IKBKE",5.95e-21,0.795,0.062,0.04,1.11e-16,"IKBKE"
"YIPF6",6.01e-21,0.172,0.619,0.591,1.12e-16,"YIPF6"
"RBCK1",6.17e-21,0.313,0.352,0.317,1.15e-16,"RBCK1"
"SCAMP4",6.25e-21,0.308,0.331,0.296,1.16e-16,"SCAMP4"
"TMEM63B",6.41e-21,-0.364,0.286,0.334,1.19e-16,"TMEM63B"
"DPF2",6.44e-21,0.215,0.559,0.536,1.2e-16,"DPF2"
"RFC4",6.47e-21,-0.276,0.192,0.237,1.2e-16,"RFC4"
"OSCP1",6.52e-21,0.308,0.292,0.254,1.21e-16,"OSCP1"
"RBM23",6.59e-21,0.215,0.543,0.514,1.23e-16,"RBM23"
"ENSG00000279561",6.7e-21,-0.86,0.026,0.045,1.25e-16,"ENSG00000279561"
"ATXN2",6.76e-21,0.121,0.909,0.894,1.26e-16,"ATXN2"
"ODAD2",6.86e-21,0.61,0.162,0.129,1.28e-16,"ODAD2"
"NIPA2",6.97e-21,0.213,0.528,0.498,1.3e-16,"NIPA2"
"PNMA3",7.08e-21,-1.027,0.019,0.035,1.32e-16,"PNMA3"
"CA4",7.17e-21,2.34,0.014,0.004,1.33e-16,"CA4"
"VASP",7.27e-21,0.393,0.253,0.218,1.35e-16,"VASP"
"FLCN",7.27e-21,0.334,0.305,0.269,1.35e-16,"FLCN"
"TPM3",7.52e-21,0.108,0.829,0.799,1.4e-16,"TPM3"
"TSPAN8",7.98e-21,1.27,0.038,0.02,1.49e-16,"TSPAN8"
"ANKRD6",8.04e-21,0.16,0.693,0.66,1.5e-16,"ANKRD6"
"FAM20C",8.07e-21,-0.492,0.113,0.148,1.5e-16,"FAM20C"
"SHC3",8.1e-21,0.234,0.474,0.436,1.51e-16,"SHC3"
"PACS1",8.36e-21,-0.247,0.724,0.758,1.56e-16,"PACS1"
"JPH1",8.71e-21,-0.42,0.069,0.097,1.62e-16,"JPH1"
"TPD52L1",8.92e-21,1.111,0.048,0.028,1.66e-16,"TPD52L1"
"PDCD2L",9.26e-21,-0.379,0.133,0.171,1.72e-16,"PDCD2L"
"PCDHGA10",9.44e-21,0.308,0.379,0.338,1.76e-16,"PCDHGA10"
"MTG1",9.53e-21,0.387,0.279,0.244,1.77e-16,"MTG1"
"PPP2R3C",9.56e-21,0.195,0.556,0.524,1.78e-16,"PPP2R3C"
"PIGBOS1",9.76e-21,0.329,0.338,0.305,1.82e-16,"PIGBOS1"
"KLHL12",9.81e-21,0.247,0.464,0.434,1.83e-16,"KLHL12"
"FBXW7",9.84e-21,0.138,0.757,0.724,1.83e-16,"FBXW7"
"E2F6",1.03e-20,0.298,0.325,0.288,1.92e-16,"E2F6"
"SLC25A11",1.03e-20,0.235,0.493,0.462,1.92e-16,"SLC25A11"
"EIF4EBP2",1.04e-20,0.221,0.5,0.466,1.93e-16,"EIF4EBP2"
"CYP2U1",1.05e-20,0.352,0.291,0.255,1.95e-16,"CYP2U1"
"SLC23A2",1.06e-20,-0.274,0.508,0.558,1.97e-16,"SLC23A2"
"TTLL4",1.08e-20,0.342,0.261,0.224,2e-16,"TTLL4"
"MAPKAPK2",1.15e-20,0.28,0.296,0.258,2.15e-16,"MAPKAPK2"
"TBC1D9",1.15e-20,-0.269,0.405,0.455,2.15e-16,"TBC1D9"
"SLMAP",1.16e-20,0.146,0.686,0.654,2.17e-16,"SLMAP"
"SLC24A3",1.21e-20,0.286,0.639,0.606,2.24e-16,"SLC24A3"
"ENSG00000255330",1.24e-20,-0.424,0.124,0.16,2.3e-16,"ENSG00000255330"
"EPAS1",1.26e-20,1.657,0.029,0.014,2.34e-16,"EPAS1"
"ABHD17A",1.26e-20,0.224,0.494,0.461,2.34e-16,"ABHD17A"
"GPS2",1.33e-20,0.238,0.46,0.427,2.48e-16,"GPS2"
"PCDH9",1.34e-20,-0.373,0.864,0.82,2.49e-16,"PCDH9"
"SPG11",1.36e-20,0.143,0.662,0.633,2.54e-16,"SPG11"
"ACBD6",1.39e-20,0.122,0.901,0.887,2.59e-16,"ACBD6"
"PBDC1",1.39e-20,0.221,0.464,0.432,2.59e-16,"PBDC1"
"PEX14",1.41e-20,0.246,0.428,0.393,2.62e-16,"PEX14"
"CMTM7",1.41e-20,0.805,0.082,0.057,2.63e-16,"CMTM7"
"MARCHF6",1.42e-20,-0.156,0.862,0.88,2.64e-16,"MARCHF6"
"RP9",1.42e-20,0.253,0.461,0.43,2.65e-16,"RP9"
"ZC3H6",1.42e-20,-0.224,0.491,0.544,2.65e-16,"ZC3H6"
"KLF3",1.5e-20,0.309,0.355,0.321,2.79e-16,"KLF3"
"LHFPL5",1.5e-20,-0.499,0.1,0.133,2.8e-16,"LHFPL5"
"SRGAP2B",1.52e-20,0.216,0.538,0.508,2.83e-16,"SRGAP2B"
"MRPS10",1.57e-20,0.219,0.512,0.482,2.92e-16,"MRPS10"
"GTF3C1",1.58e-20,0.202,0.505,0.475,2.94e-16,"GTF3C1"
"MAT2B",1.59e-20,0.299,0.327,0.29,2.97e-16,"MAT2B"
"YJEFN3",1.61e-20,-0.572,0.077,0.106,2.99e-16,"YJEFN3"
"ZNF420",1.66e-20,-0.265,0.358,0.411,3.09e-16,"ZNF420"
"PCMTD1",1.73e-20,-0.184,0.708,0.744,3.22e-16,"PCMTD1"
"SIRT2",1.75e-20,0.217,0.55,0.522,3.26e-16,"SIRT2"
"HES7",1.77e-20,-1.414,0.006,0.017,3.3e-16,"HES7"
"IPO9",1.79e-20,0.162,0.732,0.706,3.33e-16,"IPO9"
"BAALC",1.81e-20,-0.414,0.139,0.176,3.37e-16,"BAALC"
"DNAJB14",1.85e-20,0.152,0.71,0.684,3.44e-16,"DNAJB14"
"HSD17B12",1.92e-20,0.279,0.463,0.427,3.57e-16,"HSD17B12"
"YEATS2",1.92e-20,-0.248,0.667,0.705,3.57e-16,"YEATS2"
"AGAP1",2.04e-20,-0.171,0.899,0.914,3.81e-16,"AGAP1"
"ERICH5",2.08e-20,-1.854,0.004,0.013,3.88e-16,"ERICH5"
"MRPL22",2.09e-20,0.203,0.53,0.502,3.89e-16,"MRPL22"
"KANTR",2.13e-20,-0.28,0.434,0.487,3.96e-16,"KANTR"
"HS2ST1",2.13e-20,0.138,0.743,0.709,3.97e-16,"HS2ST1"
"FRAS1",2.18e-20,-1.664,0.208,0.245,4.05e-16,"FRAS1"
"CCAR1",2.23e-20,0.159,0.75,0.731,4.15e-16,"CCAR1"
"RPL39L",2.31e-20,0.353,0.294,0.258,4.31e-16,"RPL39L"
"EPC1",2.33e-20,-0.194,0.919,0.93,4.35e-16,"EPC1"
"TENT4A",2.34e-20,-0.274,0.284,0.336,4.35e-16,"TENT4A"
"TMEM175",2.43e-20,-0.395,0.238,0.283,4.52e-16,"TMEM175"
"ERICH1",2.43e-20,0.209,0.474,0.439,4.53e-16,"ERICH1"
"EPS15",2.59e-20,0.186,0.7,0.679,4.81e-16,"EPS15"
"RIN2",2.63e-20,0.182,0.514,0.478,4.89e-16,"RIN2"
"ABRAXAS1",2.67e-20,0.352,0.276,0.24,4.98e-16,"ABRAXAS1"
"LRRC59",2.68e-20,0.292,0.404,0.372,4.98e-16,"LRRC59"
"ZNHIT3",2.68e-20,0.167,0.686,0.667,4.98e-16,"ZNHIT3"
"ZNF503",2.7e-20,0.553,0.184,0.15,5.03e-16,"ZNF503"
"CGRRF1",2.82e-20,0.256,0.371,0.335,5.24e-16,"CGRRF1"
"DNMT3B",2.83e-20,-0.675,0.056,0.082,5.27e-16,"DNMT3B"
"TM9SF4",3.08e-20,0.183,0.537,0.507,5.73e-16,"TM9SF4"
"BICRAL",3.09e-20,-0.261,0.494,0.543,5.75e-16,"BICRAL"
"LENG8",3.1e-20,-0.306,0.231,0.278,5.77e-16,"LENG8"
"MAPK8IP1",3.13e-20,0.273,0.399,0.365,5.83e-16,"MAPK8IP1"
"TOX4",3.17e-20,0.172,0.644,0.618,5.9e-16,"TOX4"
"RBM20",3.23e-20,1.189,0.055,0.034,6.02e-16,"RBM20"
"DYNC1LI1",3.26e-20,-0.228,0.661,0.704,6.07e-16,"DYNC1LI1"
"SLC22A4",3.28e-20,-0.667,0.054,0.08,6.1e-16,"SLC22A4"
"MED28",3.37e-20,0.18,0.629,0.604,6.27e-16,"MED28"
"TMTC4",3.41e-20,0.212,0.521,0.49,6.35e-16,"TMTC4"
"AP3M1",3.52e-20,0.193,0.513,0.481,6.55e-16,"AP3M1"
"C5orf34",3.6e-20,-0.501,0.071,0.099,6.7e-16,"C5orf34"
"DNAH10",3.61e-20,-0.506,0.094,0.126,6.71e-16,"DNAH10"
"RASL10A",3.64e-20,-1.042,0.013,0.027,6.78e-16,"RASL10A"
"FAP",3.65e-20,1.637,0.029,0.014,6.79e-16,"FAP"
"HCG22",3.74e-20,0.603,0.108,0.08,6.96e-16,"HCG22"
"ROM1",3.8e-20,1.215,0.035,0.018,7.07e-16,"ROM1"
"C6orf89",3.92e-20,0.215,0.546,0.515,7.29e-16,"C6orf89"
"APLF",3.94e-20,0.44,0.209,0.173,7.33e-16,"APLF"
"ABHD16A",4.1e-20,0.27,0.402,0.369,7.64e-16,"ABHD16A"
"CDHR2",4.11e-20,-1.076,0.013,0.027,7.65e-16,"CDHR2"
"ACSBG1",4.18e-20,0.321,0.236,0.197,7.78e-16,"ACSBG1"
"SREBF1",4.21e-20,0.427,0.231,0.197,7.83e-16,"SREBF1"
"DCAF8",4.21e-20,0.222,0.461,0.428,7.84e-16,"DCAF8"
"ME1",4.31e-20,0.602,0.108,0.08,8.02e-16,"ME1"
"ATF7IP2",4.37e-20,0.371,0.206,0.17,8.13e-16,"ATF7IP2"
"SPTBN2",4.48e-20,-0.267,0.281,0.331,8.34e-16,"SPTBN2"
"PMPCA",4.53e-20,0.344,0.303,0.268,8.44e-16,"PMPCA"
"TMEM121B",4.55e-20,-0.52,0.063,0.09,8.46e-16,"TMEM121B"
"FBH1",4.56e-20,0.249,0.403,0.368,8.48e-16,"FBH1"
"PDXK",4.58e-20,0.261,0.458,0.426,8.53e-16,"PDXK"
"SLC12A9",4.69e-20,0.356,0.254,0.218,8.72e-16,"SLC12A9"
"EPHB3",4.71e-20,0.511,0.161,0.129,8.77e-16,"EPHB3"
"NANOS3",4.74e-20,-0.622,0.051,0.076,8.82e-16,"NANOS3"
"DOP1B",4.75e-20,-0.246,0.347,0.398,8.85e-16,"DOP1B"
"HTATIP2",4.76e-20,0.881,0.054,0.033,8.85e-16,"HTATIP2"
"GTF3A",4.79e-20,0.167,0.646,0.617,8.91e-16,"GTF3A"
"TLE3",4.94e-20,-0.244,0.212,0.258,9.2e-16,"TLE3"
"EDEM2",4.98e-20,0.408,0.237,0.203,9.26e-16,"EDEM2"
"IDH3B",5.12e-20,0.326,0.311,0.276,9.53e-16,"IDH3B"
"DPCD",5.14e-20,0.261,0.409,0.375,9.56e-16,"DPCD"
"LRP3",5.31e-20,-0.318,0.226,0.272,9.88e-16,"LRP3"
"NLRC5",5.37e-20,0.857,0.068,0.046,9.99e-16,"NLRC5"
"GSPT1",5.37e-20,0.155,0.804,0.789,1e-15,"GSPT1"
"RNF185",5.38e-20,0.272,0.402,0.371,1e-15,"RNF185"
"DDX18",5.42e-20,0.161,0.718,0.696,1.01e-15,"DDX18"
"MARVELD3",6e-20,1.07,0.042,0.024,1.12e-15,"MARVELD3"
"FAM111A",6.04e-20,0.523,0.154,0.123,1.12e-15,"FAM111A"
"NEK11",6.47e-20,-0.742,0.052,0.077,1.2e-15,"NEK11"
"STK11",6.59e-20,0.359,0.265,0.23,1.23e-15,"STK11"
"ADNP2",6.62e-20,0.183,0.577,0.55,1.23e-15,"ADNP2"
"PLA2G2C",6.72e-20,0.854,0.048,0.029,1.25e-15,"PLA2G2C"
"ACP6",6.73e-20,0.401,0.217,0.182,1.25e-15,"ACP6"
"TRAPPC6B",7.01e-20,-0.279,0.376,0.428,1.3e-15,"TRAPPC6B"
"CYRIA",7.22e-20,-0.572,0.248,0.289,1.34e-15,"CYRIA"
"ASPHD2",7.44e-20,-0.399,0.122,0.158,1.38e-15,"ASPHD2"
"ZNF644",7.45e-20,0.118,0.884,0.872,1.39e-15,"ZNF644"
"SHC1",7.49e-20,0.625,0.114,0.086,1.39e-15,"SHC1"
"WRNIP1",7.73e-20,-0.267,0.335,0.388,1.44e-15,"WRNIP1"
"SELENOO",7.74e-20,-0.289,0.373,0.427,1.44e-15,"SELENOO"
"CAVIN4",7.74e-20,-0.37,0.115,0.149,1.44e-15,"CAVIN4"
"MRPS15",7.79e-20,0.258,0.426,0.396,1.45e-15,"MRPS15"
"PHLDB3",8.26e-20,0.512,0.109,0.081,1.54e-15,"PHLDB3"
"RNF115",8.52e-20,0.139,0.75,0.731,1.58e-15,"RNF115"
"ICAM5",8.63e-20,-2.218,0.003,0.012,1.61e-15,"ICAM5"
"MAP3K1",8.64e-20,0.359,0.329,0.29,1.61e-15,"MAP3K1"
"KIAA0895",8.71e-20,-0.28,0.231,0.278,1.62e-15,"KIAA0895"
"NKAP",8.73e-20,0.224,0.49,0.458,1.63e-15,"NKAP"
"RGS4",8.79e-20,-2.513,0.005,0.014,1.64e-15,"RGS4"
"GOLGA7B",8.84e-20,-0.496,0.076,0.105,1.65e-15,"GOLGA7B"
"SLC25A14",9.15e-20,-0.267,0.306,0.358,1.7e-15,"SLC25A14"
"USP6NL",9.41e-20,0.173,0.561,0.524,1.75e-15,"USP6NL"
"ST3GAL5",9.61e-20,-0.303,0.23,0.275,1.79e-15,"ST3GAL5"
"COG2",9.72e-20,0.318,0.34,0.305,1.81e-15,"COG2"
"ABL2",9.84e-20,-0.224,0.47,0.52,1.83e-15,"ABL2"
"EDNRA",9.85e-20,0.956,0.053,0.033,1.83e-15,"EDNRA"
"TRMT2B",9.95e-20,0.45,0.203,0.169,1.85e-15,"TRMT2B"
"CACNG4",1.02e-19,-0.278,0.421,0.471,1.9e-15,"CACNG4"
"ZBTB46",1.06e-19,-0.353,0.245,0.288,1.97e-15,"ZBTB46"
"SAMM50",1.11e-19,0.268,0.394,0.363,2.07e-15,"SAMM50"
"NECAB2",1.14e-19,-0.487,0.108,0.141,2.12e-15,"NECAB2"
"SLC9A5",1.23e-19,-1.23,0.014,0.028,2.29e-15,"SLC9A5"
"ACSS3",1.26e-19,0.538,0.173,0.14,2.34e-15,"ACSS3"
"HELB",1.3e-19,0.415,0.179,0.145,2.43e-15,"HELB"
"MOK",1.32e-19,0.214,0.525,0.49,2.45e-15,"MOK"
"RAB39B",1.33e-19,-0.376,0.167,0.206,2.47e-15,"RAB39B"
"HERPUD1",1.43e-19,-0.243,0.473,0.524,2.67e-15,"HERPUD1"
"EBF1",1.47e-19,-1.056,0.228,0.267,2.74e-15,"EBF1"
"MYRFL",1.52e-19,-0.873,0.039,0.06,2.83e-15,"MYRFL"
"STBD1",1.55e-19,0.74,0.07,0.047,2.89e-15,"STBD1"
"RBM11",1.63e-19,-0.793,0.026,0.045,3.04e-15,"RBM11"
"TRPC1",1.65e-19,-0.256,0.622,0.665,3.08e-15,"TRPC1"
"COMTD1",1.67e-19,-0.624,0.074,0.101,3.11e-15,"COMTD1"
"KBTBD7",1.75e-19,-0.256,0.215,0.261,3.26e-15,"KBTBD7"
"PDC",1.87e-19,-0.908,0.026,0.044,3.47e-15,"PDC"
"LARS2",1.87e-19,0.225,0.424,0.391,3.49e-15,"LARS2"
"HSDL1",1.89e-19,-0.226,0.422,0.476,3.52e-15,"HSDL1"
"SLC5A4",1.89e-19,-0.895,0.048,0.071,3.52e-15,"SLC5A4"
"TXNRD2",1.9e-19,-1.805,0.003,0.011,3.53e-15,"TXNRD2"
"PGRMC2",1.9e-19,0.266,0.462,0.435,3.54e-15,"PGRMC2"
"SYT12",1.97e-19,-1.535,0.009,0.021,3.66e-15,"SYT12"
"NEK10",1.98e-19,-0.4,0.217,0.258,3.68e-15,"NEK10"
"SF3B3",1.99e-19,0.214,0.56,0.538,3.71e-15,"SF3B3"
"SNAPC5",2.02e-19,0.269,0.366,0.332,3.76e-15,"SNAPC5"
"CENPX",2.05e-19,0.231,0.456,0.428,3.81e-15,"CENPX"
"PLCH2",2.05e-19,-1.18,0.01,0.022,3.82e-15,"PLCH2"
"MAP3K10",2.05e-19,-0.367,0.17,0.21,3.82e-15,"MAP3K10"
"GP1BB",2.1e-19,-0.623,0.058,0.083,3.9e-15,"GP1BB"
"GRAMD1C",2.16e-19,0.345,0.224,0.187,4.01e-15,"GRAMD1C"
"PPM1K",2.22e-19,-0.234,0.515,0.562,4.14e-15,"PPM1K"
"POLR1H",2.24e-19,0.247,0.384,0.351,4.18e-15,"POLR1H"
"PPP6R3",2.28e-19,0.119,0.812,0.792,4.24e-15,"PPP6R3"
"SCHIP1",2.28e-19,0.532,0.147,0.117,4.24e-15,"SCHIP1"
"NIM1K",2.28e-19,0.265,0.349,0.308,4.24e-15,"NIM1K"
"HS3ST3A1",2.28e-19,0.519,0.073,0.049,4.24e-15,"HS3ST3A1"
"PRKCI",2.3e-19,-0.264,0.477,0.526,4.28e-15,"PRKCI"
"ESYT1",2.34e-19,0.55,0.137,0.107,4.36e-15,"ESYT1"
"ISYNA1",2.35e-19,0.441,0.22,0.187,4.37e-15,"ISYNA1"
"CCDC127",2.42e-19,0.299,0.386,0.356,4.51e-15,"CCDC127"
"DDHD2",2.43e-19,-0.243,0.368,0.42,4.52e-15,"DDHD2"
"DNAH5",2.45e-19,-0.564,0.065,0.091,4.56e-15,"DNAH5"
"RND3",2.49e-19,-0.275,0.637,0.595,4.63e-15,"RND3"
"ZSCAN2",2.55e-19,-0.486,0.088,0.118,4.74e-15,"ZSCAN2"
"ZNF250",2.55e-19,-0.323,0.203,0.247,4.75e-15,"ZNF250"
"SLF2",2.61e-19,0.184,0.607,0.576,4.87e-15,"SLF2"
"PRR5-ARHGAP8",2.63e-19,-1.29,0.011,0.024,4.9e-15,"PRR5-ARHGAP8"
"MOSPD2",2.65e-19,0.267,0.393,0.36,4.94e-15,"MOSPD2"
"TMEM187",2.71e-19,0.357,0.255,0.22,5.04e-15,"TMEM187"
"PRKCSH",2.71e-19,0.271,0.375,0.342,5.04e-15,"PRKCSH"
"NTF3",2.81e-19,0.88,0.026,0.013,5.23e-15,"NTF3"
"TTC13",2.97e-19,-0.31,0.295,0.344,5.52e-15,"TTC13"
"CFAP298",3.01e-19,0.206,0.57,0.541,5.6e-15,"CFAP298"
"DNAH2",3.12e-19,-1.187,0.011,0.024,5.8e-15,"DNAH2"
"NFRKB",3.14e-19,0.334,0.297,0.264,5.84e-15,"NFRKB"
"OXLD1",3.17e-19,0.378,0.273,0.241,5.91e-15,"OXLD1"
"TBC1D23",3.33e-19,0.219,0.501,0.473,6.2e-15,"TBC1D23"
"YPEL1",3.52e-19,-0.219,0.308,0.359,6.56e-15,"YPEL1"
"PKIG",3.53e-19,0.173,0.615,0.589,6.58e-15,"PKIG"
"TSHZ3",3.56e-19,-0.71,0.113,0.145,6.63e-15,"TSHZ3"
"MTPN",3.57e-19,0.112,0.874,0.848,6.65e-15,"MTPN"
"LRTM2",3.61e-19,-1.431,0.004,0.012,6.73e-15,"LRTM2"
"YIPF1",3.66e-19,0.365,0.266,0.232,6.81e-15,"YIPF1"
"ENSG00000279140",3.74e-19,-1.102,0.019,0.035,6.97e-15,"ENSG00000279140"
"ZNF84",3.86e-19,-0.187,0.611,0.662,7.19e-15,"ZNF84"
"BEND5",3.89e-19,-0.318,0.253,0.301,7.24e-15,"BEND5"
"PAIP1",3.9e-19,0.135,0.78,0.757,7.25e-15,"PAIP1"
"TXLNA",3.97e-19,0.255,0.373,0.339,7.38e-15,"TXLNA"
"TRIM7",3.99e-19,-1.889,0.005,0.015,7.42e-15,"TRIM7"
"HNRNPUL1",4.19e-19,0.169,0.706,0.678,7.8e-15,"HNRNPUL1"
"CDIP1",4.3e-19,0.307,0.311,0.276,8e-15,"CDIP1"
"MAP7",4.45e-19,-0.474,0.183,0.222,8.29e-15,"MAP7"
"LDB2",4.53e-19,-0.54,0.514,0.555,8.44e-15,"LDB2"
"LZTFL1",4.55e-19,0.368,0.248,0.214,8.46e-15,"LZTFL1"
"XK",4.57e-19,-1.444,0.008,0.019,8.5e-15,"XK"
"ATP1A2",4.74e-19,0.519,0.237,0.2,8.82e-15,"ATP1A2"
"CCDC170",4.74e-19,0.326,0.215,0.179,8.83e-15,"CCDC170"
"PACSIN2",4.84e-19,0.241,0.433,0.4,9.01e-15,"PACSIN2"
"TRA2A",4.89e-19,-0.198,0.795,0.828,9.11e-15,"TRA2A"
"CLHC1",5.06e-19,0.212,0.451,0.417,9.42e-15,"CLHC1"
"CYP39A1",5.08e-19,0.696,0.114,0.086,9.45e-15,"CYP39A1"
"ELOF1",5.11e-19,0.294,0.347,0.316,9.51e-15,"ELOF1"
"SCO1",5.13e-19,0.21,0.416,0.384,9.55e-15,"SCO1"
"FNTA",5.44e-19,0.168,0.637,0.61,1.01e-14,"FNTA"
"QSOX1",5.52e-19,-0.393,0.134,0.17,1.03e-14,"QSOX1"
"CDKAL1",5.52e-19,0.107,0.88,0.853,1.03e-14,"CDKAL1"
"NUDT22",5.52e-19,0.451,0.19,0.158,1.03e-14,"NUDT22"
"PPP6C",5.62e-19,0.193,0.529,0.503,1.05e-14,"PPP6C"
"SVIP",5.63e-19,0.253,0.39,0.354,1.05e-14,"SVIP"
"CAPRIN2",5.9e-19,-0.343,0.227,0.27,1.1e-14,"CAPRIN2"
"MSANTD3",6.05e-19,-0.263,0.413,0.465,1.13e-14,"MSANTD3"
"FEZF1",6.06e-19,0.99,0.035,0.019,1.13e-14,"FEZF1"
"G3BP2",6.12e-19,-0.185,0.812,0.832,1.14e-14,"G3BP2"
"ISOC2",6.15e-19,0.34,0.312,0.279,1.14e-14,"ISOC2"
"SSR1",6.2e-19,0.165,0.631,0.607,1.15e-14,"SSR1"
"CCDC65",6.35e-19,-0.299,0.367,0.418,1.18e-14,"CCDC65"
"CDKL2",6.44e-19,-0.231,0.342,0.392,1.2e-14,"CDKL2"
"SH2B2",6.52e-19,-0.326,0.131,0.167,1.21e-14,"SH2B2"
"PRKCG",6.75e-19,-0.79,0.023,0.04,1.26e-14,"PRKCG"
"SOX13",6.78e-19,0.312,0.244,0.207,1.26e-14,"SOX13"
"SACS",7.1e-19,0.208,0.671,0.652,1.32e-14,"SACS"
"RYBP",7.28e-19,-0.294,0.568,0.609,1.35e-14,"RYBP"
"ZNF516",7.39e-19,0.206,0.531,0.499,1.38e-14,"ZNF516"
"ENSG00000255439",7.47e-19,-0.973,0.02,0.036,1.39e-14,"ENSG00000255439"
"ACP1",7.6e-19,0.131,0.743,0.717,1.41e-14,"ACP1"
"TUBA4A",7.6e-19,0.761,0.061,0.04,1.41e-14,"TUBA4A"
"ATAD5",7.8e-19,-0.223,0.257,0.303,1.45e-14,"ATAD5"
"PEX3",8.05e-19,-0.277,0.419,0.468,1.5e-14,"PEX3"
"ZNF23",8.32e-19,-0.313,0.197,0.239,1.55e-14,"ZNF23"
"CLUAP1",8.33e-19,0.18,0.649,0.625,1.55e-14,"CLUAP1"
"NDUFA4L2",8.45e-19,-0.955,0.017,0.032,1.57e-14,"NDUFA4L2"
"RXRA",8.51e-19,0.431,0.216,0.183,1.58e-14,"RXRA"
"YTHDF2",8.57e-19,0.148,0.783,0.759,1.6e-14,"YTHDF2"
"DNTTIP1",9.29e-19,0.237,0.423,0.39,1.73e-14,"DNTTIP1"
"ACAP3",9.31e-19,-0.353,0.162,0.201,1.73e-14,"ACAP3"
"GPD1L",9.35e-19,-0.498,0.087,0.117,1.74e-14,"GPD1L"
"RBM22",9.43e-19,0.198,0.553,0.528,1.75e-14,"RBM22"
"FPGT",9.48e-19,0.57,0.129,0.101,1.76e-14,"FPGT"
"NMD3",1.02e-18,0.173,0.507,0.475,1.89e-14,"NMD3"
"TNNI3",1.04e-18,-0.629,0.034,0.053,1.93e-14,"TNNI3"
"B3GALT5",1.06e-18,0.237,0.455,0.421,1.97e-14,"B3GALT5"
"ABCC5",1.06e-18,-0.242,0.408,0.459,1.98e-14,"ABCC5"
"FAM133A",1.06e-18,-0.589,0.09,0.119,1.98e-14,"FAM133A"
"CLPP",1.08e-18,0.184,0.542,0.517,2.01e-14,"CLPP"
"FUOM",1.09e-18,0.986,0.045,0.027,2.04e-14,"FUOM"
"SLA",1.11e-18,-0.184,0.058,0.083,2.06e-14,"SLA"
"CFAP43",1.11e-18,0.3,0.298,0.258,2.07e-14,"CFAP43"
"AGPAT3",1.12e-18,0.206,0.563,0.54,2.08e-14,"AGPAT3"
"VEZF1",1.12e-18,0.153,0.657,0.631,2.09e-14,"VEZF1"
"EMG1",1.13e-18,0.323,0.306,0.275,2.1e-14,"EMG1"
"ZNF14",1.13e-18,-0.363,0.169,0.209,2.11e-14,"ZNF14"
"NAT8L",1.17e-18,0.354,0.269,0.235,2.17e-14,"NAT8L"
"DAP3",1.19e-18,0.141,0.604,0.577,2.21e-14,"DAP3"
"PPP6R2",1.19e-18,0.149,0.693,0.677,2.22e-14,"PPP6R2"
"WDR59",1.28e-18,0.177,0.509,0.478,2.38e-14,"WDR59"
"SNAP23",1.29e-18,0.239,0.356,0.32,2.4e-14,"SNAP23"
"SYNJ1",1.29e-18,-0.286,0.344,0.391,2.4e-14,"SYNJ1"
"CLINT1",1.34e-18,0.16,0.715,0.695,2.49e-14,"CLINT1"
"DNAH6",1.34e-18,0.357,0.21,0.174,2.5e-14,"DNAH6"
"TMEM94",1.35e-18,0.32,0.275,0.242,2.51e-14,"TMEM94"
"VSTM2L",1.35e-18,-0.465,0.123,0.156,2.52e-14,"VSTM2L"
"MTHFD2L",1.36e-18,0.155,0.689,0.661,2.52e-14,"MTHFD2L"
"TMEM268",1.36e-18,-0.418,0.123,0.157,2.53e-14,"TMEM268"
"ROCK2",1.38e-18,0.149,0.815,0.798,2.56e-14,"ROCK2"
"NSF",1.43e-18,-0.285,0.483,0.53,2.66e-14,"NSF"
"MRPS9",1.43e-18,0.167,0.532,0.501,2.67e-14,"MRPS9"
"AGPAT2",1.44e-18,0.746,0.079,0.056,2.68e-14,"AGPAT2"
"ARRDC3",1.49e-18,-0.213,0.724,0.761,2.77e-14,"ARRDC3"
"ZNF207",1.49e-18,0.123,0.807,0.789,2.78e-14,"ZNF207"
"CHST9",1.51e-18,-0.84,0.08,0.108,2.81e-14,"CHST9"
"NETO1",1.55e-18,-0.507,0.14,0.175,2.88e-14,"NETO1"
"SLC35G2",1.65e-18,0.233,0.445,0.415,3.08e-14,"SLC35G2"
"DVL3",1.66e-18,0.235,0.435,0.407,3.1e-14,"DVL3"
"PXN",1.69e-18,0.439,0.196,0.165,3.14e-14,"PXN"
"FADS1",1.7e-18,0.173,0.726,0.706,3.17e-14,"FADS1"
"TTC7B",1.72e-18,0.19,0.602,0.581,3.21e-14,"TTC7B"
"TBC1D22A",1.75e-18,0.159,0.594,0.562,3.25e-14,"TBC1D22A"
"CCDC137",1.8e-18,0.293,0.332,0.3,3.36e-14,"CCDC137"
"PPOX",1.88e-18,-0.406,0.144,0.18,3.5e-14,"PPOX"
"ATPAF1",1.88e-18,0.18,0.565,0.542,3.51e-14,"ATPAF1"
"NKX2-2",1.89e-18,-1.177,0.053,0.076,3.51e-14,"NKX2-2"
"TRIOBP",1.9e-18,0.215,0.392,0.358,3.54e-14,"TRIOBP"
"SLC2A10",1.93e-18,0.603,0.091,0.066,3.6e-14,"SLC2A10"
"KIF13B",1.94e-18,0.253,0.337,0.302,3.6e-14,"KIF13B"
"GEMIN6",1.98e-18,0.368,0.279,0.247,3.68e-14,"GEMIN6"
"STARD7",2.05e-18,0.208,0.516,0.489,3.82e-14,"STARD7"
"FAM161B",2.06e-18,-0.361,0.16,0.198,3.83e-14,"FAM161B"
"AFF4",2.09e-18,0.139,0.86,0.85,3.9e-14,"AFF4"
"NUP214",2.09e-18,0.171,0.568,0.539,3.9e-14,"NUP214"
"STON1-GTF2A1L",2.1e-18,0.888,0.055,0.036,3.9e-14,"STON1-GTF2A1L"
"CD163L1",2.12e-18,-1.214,0.018,0.034,3.95e-14,"CD163L1"
"SCN8A",2.12e-18,-0.267,0.477,0.525,3.95e-14,"SCN8A"
"SMIM19",2.13e-18,0.2,0.527,0.5,3.97e-14,"SMIM19"
"CACNB1",2.18e-18,-0.476,0.06,0.085,4.05e-14,"CACNB1"
"RAB3GAP2",2.21e-18,0.273,0.647,0.637,4.1e-14,"RAB3GAP2"
"HEATR3",2.23e-18,-0.386,0.155,0.192,4.15e-14,"HEATR3"
"CDK5RAP2",2.23e-18,0.17,0.596,0.564,4.15e-14,"CDK5RAP2"
"B3GALT6",2.24e-18,-0.343,0.246,0.291,4.17e-14,"B3GALT6"
"LMX1B",2.37e-18,-2.037,0.004,0.013,4.41e-14,"LMX1B"
"CHPF",2.43e-18,0.34,0.264,0.23,4.53e-14,"CHPF"
"ATG14",2.61e-18,0.245,0.392,0.359,4.87e-14,"ATG14"
"HYDIN",2.72e-18,0.259,0.472,0.435,5.07e-14,"HYDIN"
"FAM110A",2.76e-18,-0.806,0.022,0.038,5.13e-14,"FAM110A"
"CAMK1G",2.88e-18,-1.144,0.015,0.029,5.36e-14,"CAMK1G"
"DIP2B",2.91e-18,0.146,0.809,0.791,5.42e-14,"DIP2B"
"LYPD6B",2.94e-18,-0.506,0.027,0.044,5.47e-14,"LYPD6B"
"PC",2.96e-18,0.456,0.176,0.144,5.51e-14,"PC"
"TAF5",2.99e-18,-0.423,0.093,0.123,5.57e-14,"TAF5"
"CPNE1",3.17e-18,0.231,0.423,0.393,5.9e-14,"CPNE1"
"EIF2A",3.21e-18,0.174,0.579,0.556,5.97e-14,"EIF2A"
"BID",3.26e-18,-0.275,0.179,0.22,6.06e-14,"BID"
"ECHDC2",3.3e-18,0.693,0.09,0.065,6.15e-14,"ECHDC2"
"SYT17",3.47e-18,0.214,0.478,0.443,6.46e-14,"SYT17"
"CNIH3",3.48e-18,-0.287,0.363,0.409,6.47e-14,"CNIH3"
"ZNF138",3.5e-18,-0.217,0.507,0.561,6.51e-14,"ZNF138"
"PAN3",3.67e-18,0.123,0.817,0.797,6.82e-14,"PAN3"
"DMXL2",3.67e-18,-0.192,0.604,0.652,6.83e-14,"DMXL2"
"ZNF281",3.79e-18,-0.272,0.329,0.378,7.05e-14,"ZNF281"
"DDX60L",3.86e-18,0.816,0.059,0.039,7.18e-14,"DDX60L"
"TSPAN33",3.86e-18,0.532,0.138,0.109,7.19e-14,"TSPAN33"
"SLC6A9",3.93e-18,0.382,0.235,0.201,7.31e-14,"SLC6A9"
"E2F7",3.94e-18,0.64,0.09,0.065,7.33e-14,"E2F7"
"PHF23",4.04e-18,0.277,0.396,0.367,7.51e-14,"PHF23"
"MICU2",4.11e-18,-0.185,0.848,0.868,7.65e-14,"MICU2"
"VBP1",4.15e-18,0.124,0.773,0.747,7.73e-14,"VBP1"
"PALMD",4.31e-18,0.52,0.241,0.209,8.03e-14,"PALMD"
"GABPB1",4.32e-18,-0.206,0.465,0.517,8.03e-14,"GABPB1"
"VTA1",4.34e-18,0.138,0.746,0.725,8.09e-14,"VTA1"
"DNAJB4",4.41e-18,0.325,0.329,0.297,8.21e-14,"DNAJB4"
"PIGH",4.54e-18,0.247,0.37,0.337,8.45e-14,"PIGH"
"CAPZA1",4.67e-18,0.16,0.715,0.693,8.69e-14,"CAPZA1"
"NCK1",4.71e-18,0.15,0.616,0.591,8.77e-14,"NCK1"
"MRPS18A",4.78e-18,0.34,0.271,0.239,8.9e-14,"MRPS18A"
"USP27X",4.81e-18,-0.378,0.118,0.151,8.95e-14,"USP27X"
"WNT7A",5.08e-18,0.224,0.373,0.337,9.46e-14,"WNT7A"
"NTM",5.13e-18,-0.256,0.825,0.852,9.55e-14,"NTM"
"GP6",5.2e-18,-0.862,0.029,0.047,9.67e-14,"GP6"
"CTSO",5.26e-18,0.741,0.063,0.042,9.79e-14,"CTSO"
"SCN1A",5.32e-18,0.237,0.465,0.43,9.89e-14,"SCN1A"
"ZNF445",5.35e-18,-0.269,0.362,0.412,9.96e-14,"ZNF445"
"SPATA17",5.42e-18,0.27,0.381,0.344,1.01e-13,"SPATA17"
"ARL8B",5.44e-18,0.157,0.659,0.64,1.01e-13,"ARL8B"
"NDUFAF5",5.58e-18,-0.302,0.314,0.361,1.04e-13,"NDUFAF5"
"PGP",5.7e-18,-0.274,0.348,0.395,1.06e-13,"PGP"
"COG4",5.76e-18,0.245,0.434,0.406,1.07e-13,"COG4"
"SAR1A",5.81e-18,0.186,0.537,0.51,1.08e-13,"SAR1A"
"GCC2",5.83e-18,0.155,0.689,0.668,1.09e-13,"GCC2"
"H2BC5",6.18e-18,-1.554,0.014,0.028,1.15e-13,"H2BC5"
"CINP",6.23e-18,0.27,0.356,0.324,1.16e-13,"CINP"
"ZNF66",6.26e-18,-0.229,0.195,0.238,1.17e-13,"ZNF66"
"CFAP61",6.28e-18,-0.304,0.105,0.137,1.17e-13,"CFAP61"
"APOD",6.32e-18,-2.461,0.004,0.013,1.18e-13,"APOD"
"LRRC28",6.34e-18,-0.264,0.364,0.412,1.18e-13,"LRRC28"
"SLC1A2",6.47e-18,-0.111,0.604,0.657,1.21e-13,"SLC1A2"
"KLF12",6.48e-18,0.12,0.962,0.946,1.21e-13,"KLF12"
"ANKRD23",6.55e-18,-0.348,0.179,0.218,1.22e-13,"ANKRD23"
"MRPL38",7.01e-18,0.241,0.402,0.372,1.3e-13,"MRPL38"
"GPR158",7.03e-18,0.42,0.435,0.402,1.31e-13,"GPR158"
"ARMT1",7.04e-18,0.289,0.329,0.297,1.31e-13,"ARMT1"
"ZNF880",7.11e-18,-0.485,0.067,0.093,1.32e-13,"ZNF880"
"PTDSS1",7.2e-18,-0.338,0.189,0.23,1.34e-13,"PTDSS1"
"ENTPD5",7.48e-18,0.379,0.215,0.183,1.39e-13,"ENTPD5"
"PBRM1",7.77e-18,-0.133,0.86,0.879,1.45e-13,"PBRM1"
"STRA6",7.9e-18,1.35,0.024,0.011,1.47e-13,"STRA6"
"PIGL",8.16e-18,-0.231,0.431,0.483,1.52e-13,"PIGL"
"OTUD5",8.19e-18,0.18,0.525,0.496,1.52e-13,"OTUD5"
"MAGOHB",8.49e-18,0.261,0.395,0.364,1.58e-13,"MAGOHB"
"NUP58",8.58e-18,-0.201,0.591,0.636,1.6e-13,"NUP58"
"MTX2",9.13e-18,-0.218,0.722,0.757,1.7e-13,"MTX2"
"PTGES2",9.22e-18,0.264,0.398,0.37,1.72e-13,"PTGES2"
"CHST6",9.34e-18,0.746,0.077,0.055,1.74e-13,"CHST6"
"DNAJA2",9.59e-18,0.15,0.781,0.762,1.78e-13,"DNAJA2"
"ENSG00000280294",9.77e-18,-0.913,0.022,0.038,1.82e-13,"ENSG00000280294"
"LRRC39",9.89e-18,-0.552,0.072,0.098,1.84e-13,"LRRC39"
"PPP4R2",9.95e-18,0.142,0.741,0.722,1.85e-13,"PPP4R2"
"PARP2",1.01e-17,-0.236,0.265,0.313,1.88e-13,"PARP2"
"RBM24",1.03e-17,-0.709,0.053,0.075,1.91e-13,"RBM24"
"DNAJB6",1.06e-17,-0.197,0.895,0.899,1.98e-13,"DNAJB6"
"RNFT1",1.06e-17,0.26,0.341,0.309,1.98e-13,"RNFT1"
"HPF1",1.07e-17,0.133,0.754,0.731,1.99e-13,"HPF1"
"ANXA11",1.09e-17,0.627,0.096,0.072,2.02e-13,"ANXA11"
"NCKAP1",1.1e-17,0.116,0.858,0.838,2.04e-13,"NCKAP1"
"LDLRAD4",1.12e-17,-0.301,0.402,0.444,2.08e-13,"LDLRAD4"
"ZC3H7A",1.14e-17,0.198,0.546,0.523,2.12e-13,"ZC3H7A"
"ZYG11A",1.15e-17,-1.375,0.011,0.023,2.13e-13,"ZYG11A"
"DUSP3",1.24e-17,0.351,0.225,0.193,2.31e-13,"DUSP3"
"C1orf159",1.24e-17,-0.305,0.215,0.257,2.31e-13,"C1orf159"
"CIR1",1.27e-17,0.151,0.66,0.636,2.36e-13,"CIR1"
"CACNA2D2",1.28e-17,-0.422,0.118,0.15,2.38e-13,"CACNA2D2"
"C15orf61",1.29e-17,-0.21,0.297,0.347,2.41e-13,"C15orf61"
"CEP57",1.35e-17,-0.205,0.701,0.737,2.51e-13,"CEP57"
"ALDH5A1",1.37e-17,0.225,0.453,0.423,2.55e-13,"ALDH5A1"
"SMPD1",1.38e-17,0.42,0.185,0.154,2.57e-13,"SMPD1"
"STX5",1.39e-17,0.241,0.39,0.36,2.59e-13,"STX5"
"JADE2",1.41e-17,-0.758,0.03,0.049,2.63e-13,"JADE2"
"THBS2",1.44e-17,0.466,0.144,0.116,2.67e-13,"THBS2"
"DGKH",1.45e-17,-0.287,0.232,0.274,2.7e-13,"DGKH"
"UBE2G1",1.47e-17,0.163,0.686,0.659,2.74e-13,"UBE2G1"
"HSD17B14",1.48e-17,0.4,0.227,0.195,2.76e-13,"HSD17B14"
"SLC25A27",1.49e-17,-0.275,0.311,0.36,2.78e-13,"SLC25A27"
"PPP1R42",1.51e-17,0.301,0.28,0.245,2.8e-13,"PPP1R42"
"NARF",1.51e-17,-0.193,0.399,0.453,2.8e-13,"NARF"
"USP10",1.52e-17,0.141,0.705,0.683,2.84e-13,"USP10"
"RSF1",1.54e-17,0.11,0.933,0.919,2.87e-13,"RSF1"
"DIO2",1.54e-17,-0.969,0.023,0.039,2.87e-13,"DIO2"
"SLC35F4",1.57e-17,-1.597,0.076,0.101,2.93e-13,"SLC35F4"
"SLC7A3",1.6e-17,-0.869,0.022,0.038,2.97e-13,"SLC7A3"
"PITPNA",1.6e-17,0.189,0.57,0.546,2.98e-13,"PITPNA"
"ZFP36",1.61e-17,0.891,0.04,0.024,3e-13,"ZFP36"
"HNRNPLL",1.68e-17,0.185,0.605,0.581,3.13e-13,"HNRNPLL"
"ENSG00000277639",1.69e-17,1.877,0.013,0.004,3.14e-13,"ENSG00000277639"
"LONP2",1.7e-17,0.126,0.737,0.712,3.16e-13,"LONP2"
"RPRM",1.72e-17,-1.284,0.099,0.128,3.2e-13,"RPRM"
"TIAL1",1.72e-17,0.144,0.712,0.696,3.2e-13,"TIAL1"
"PTOV1",1.73e-17,0.163,0.672,0.651,3.22e-13,"PTOV1"
"ADRM1",1.75e-17,0.167,0.604,0.579,3.26e-13,"ADRM1"
"SORBS3",1.82e-17,0.434,0.175,0.145,3.38e-13,"SORBS3"
"CPSF3",1.84e-17,0.254,0.395,0.364,3.42e-13,"CPSF3"
"RRN3",1.84e-17,-0.281,0.29,0.338,3.42e-13,"RRN3"
"UBXN6",1.84e-17,0.391,0.234,0.203,3.42e-13,"UBXN6"
"MED20",1.85e-17,0.498,0.145,0.116,3.45e-13,"MED20"
"AP2A1",1.97e-17,0.22,0.466,0.438,3.66e-13,"AP2A1"
"CREBRF",1.98e-17,0.22,0.467,0.438,3.69e-13,"CREBRF"
"ENSG00000284526",2.02e-17,0.57,0.123,0.096,3.76e-13,"ENSG00000284526"
"APOL2",2.06e-17,0.621,0.117,0.091,3.83e-13,"APOL2"
"RNLS",2.08e-17,0.71,0.075,0.052,3.87e-13,"RNLS"
"SLC2A8",2.09e-17,0.478,0.148,0.119,3.89e-13,"SLC2A8"
"C1orf226",2.09e-17,0.672,0.086,0.062,3.9e-13,"C1orf226"
"NUDT11",2.1e-17,-0.332,0.223,0.265,3.91e-13,"NUDT11"
"ORAI1",2.2e-17,0.431,0.181,0.151,4.09e-13,"ORAI1"
"CHORDC1",2.2e-17,-0.234,0.487,0.535,4.09e-13,"CHORDC1"
"SCML1",2.23e-17,0.236,0.371,0.337,4.14e-13,"SCML1"
"ADAMTS17",2.28e-17,0.685,0.064,0.043,4.24e-13,"ADAMTS17"
"HPGD",2.31e-17,-0.452,0.032,0.05,4.29e-13,"HPGD"
"EEF2KMT",2.31e-17,0.468,0.176,0.147,4.3e-13,"EEF2KMT"
"GGH",2.32e-17,-0.181,0.276,0.324,4.32e-13,"GGH"
"TRIP6",2.4e-17,0.61,0.114,0.088,4.46e-13,"TRIP6"
"GCDH",2.4e-17,0.326,0.268,0.236,4.47e-13,"GCDH"
"GRIP1",2.41e-17,-0.388,0.868,0.876,4.48e-13,"GRIP1"
"KAT7",2.42e-17,0.258,0.402,0.373,4.51e-13,"KAT7"
"AP1AR",2.45e-17,-0.21,0.339,0.39,4.55e-13,"AP1AR"
"PFKM",2.45e-17,0.241,0.495,0.471,4.57e-13,"PFKM"
"TMEM241",2.46e-17,-0.302,0.226,0.268,4.58e-13,"TMEM241"
"ATF5",2.53e-17,-1.083,0.153,0.185,4.7e-13,"ATF5"
"DNAJC9",2.53e-17,-0.204,0.405,0.454,4.71e-13,"DNAJC9"
"LNPEP",2.57e-17,0.199,0.493,0.463,4.78e-13,"LNPEP"
"CSAD",2.62e-17,-0.336,0.392,0.438,4.87e-13,"CSAD"
"MGAT4A",2.65e-17,-0.317,0.264,0.307,4.93e-13,"MGAT4A"
"FSIP2",2.66e-17,-0.433,0.509,0.544,4.94e-13,"FSIP2"
"LHX9",2.68e-17,-3.121,0.006,0.015,4.99e-13,"LHX9"
"NR4A3",2.9e-17,-0.917,0.04,0.06,5.4e-13,"NR4A3"
"SLC35E2B",2.92e-17,-0.243,0.367,0.419,5.44e-13,"SLC35E2B"
"IRF7",2.92e-17,0.822,0.06,0.04,5.44e-13,"IRF7"
"DLGAP4",2.98e-17,-0.19,0.639,0.68,5.54e-13,"DLGAP4"
"JARID2",2.98e-17,0.128,0.779,0.755,5.55e-13,"JARID2"
"MYORG",3.12e-17,0.547,0.129,0.102,5.8e-13,"MYORG"
"SULF1",3.21e-17,1.197,0.188,0.157,5.98e-13,"SULF1"
"SPG7",3.23e-17,0.178,0.575,0.557,6.01e-13,"SPG7"
"WNT5B",3.23e-17,-0.26,0.19,0.23,6.02e-13,"WNT5B"
"AIMP1",3.27e-17,0.175,0.606,0.583,6.09e-13,"AIMP1"
"DHTKD1",3.28e-17,0.242,0.416,0.387,6.1e-13,"DHTKD1"
"FGD6",3.41e-17,-0.19,0.208,0.25,6.34e-13,"FGD6"
"ARHGAP25",3.52e-17,0.434,0.103,0.077,6.55e-13,"ARHGAP25"
"SLFN11",3.53e-17,1.779,0.014,0.005,6.58e-13,"SLFN11"
"PLEKHM3",3.7e-17,-0.246,0.287,0.332,6.88e-13,"PLEKHM3"
"TMEM115",3.71e-17,0.345,0.27,0.239,6.91e-13,"TMEM115"
"PLEKHB1",3.89e-17,0.745,0.082,0.059,7.24e-13,"PLEKHB1"
"ATP6V1A",3.94e-17,-0.23,0.582,0.624,7.34e-13,"ATP6V1A"
"SERINC2",3.98e-17,0.352,0.241,0.209,7.42e-13,"SERINC2"
"HERC4",4.04e-17,0.114,0.782,0.765,7.52e-13,"HERC4"
"C8orf88",4.07e-17,0.698,0.069,0.048,7.58e-13,"C8orf88"
"NXPH4",4.09e-17,-0.699,0.03,0.048,7.61e-13,"NXPH4"
"ACVR2B",4.17e-17,-0.252,0.382,0.43,7.75e-13,"ACVR2B"
"WDR20",4.21e-17,0.166,0.591,0.57,7.83e-13,"WDR20"
"MAP3K5",4.27e-17,-0.743,0.034,0.052,7.95e-13,"MAP3K5"
"ISG15",4.33e-17,0.337,0.122,0.095,8.05e-13,"ISG15"
"JDP2",4.34e-17,0.348,0.253,0.221,8.09e-13,"JDP2"
"CLCN3",4.38e-17,0.137,0.844,0.837,8.15e-13,"CLCN3"
"TANK",4.47e-17,0.161,0.683,0.657,8.33e-13,"TANK"
"ATG12",4.49e-17,0.174,0.606,0.585,8.36e-13,"ATG12"
"CCDC184",4.51e-17,-0.405,0.205,0.242,8.4e-13,"CCDC184"
"HDX",4.65e-17,-0.301,0.33,0.373,8.66e-13,"HDX"
"SMARCC1",4.71e-17,0.161,0.909,0.898,8.77e-13,"SMARCC1"
"MRPL17",4.72e-17,0.26,0.433,0.405,8.78e-13,"MRPL17"
"STK24",4.77e-17,0.225,0.504,0.478,8.88e-13,"STK24"
"IFTAP",4.91e-17,0.194,0.545,0.523,9.15e-13,"IFTAP"
"PTHLH",4.96e-17,2.171,0.014,0.005,9.23e-13,"PTHLH"
"SIGIRR",5.02e-17,0.903,0.047,0.029,9.34e-13,"SIGIRR"
"SPATA1",5.07e-17,0.572,0.108,0.083,9.44e-13,"SPATA1"
"NADK",5.09e-17,0.348,0.226,0.195,9.47e-13,"NADK"
"BFAR",5.16e-17,0.249,0.398,0.369,9.6e-13,"BFAR"
"MED29",5.24e-17,0.231,0.429,0.401,9.76e-13,"MED29"
"FZD6",5.34e-17,0.541,0.14,0.112,9.94e-13,"FZD6"
"MARVELD1",5.4e-17,0.991,0.043,0.026,1.01e-12,"MARVELD1"
"COQ10B",5.63e-17,0.246,0.413,0.384,1.05e-12,"COQ10B"
"OMG",5.75e-17,0.249,0.425,0.396,1.07e-12,"OMG"
"MED27",6.08e-17,0.152,0.669,0.65,1.13e-12,"MED27"
"HEATR5B",6.24e-17,-0.258,0.427,0.475,1.16e-12,"HEATR5B"
"WARS2",6.39e-17,0.323,0.305,0.271,1.19e-12,"WARS2"
"TUBA3FP",6.51e-17,-0.612,0.04,0.06,1.21e-12,"TUBA3FP"
"KPNA3",6.67e-17,0.112,0.867,0.857,1.24e-12,"KPNA3"
"TMEM163",6.73e-17,-0.702,0.088,0.116,1.25e-12,"TMEM163"
"PLG",6.79e-17,-2.091,0.003,0.01,1.26e-12,"PLG"
"POLR3G",6.83e-17,-0.442,0.061,0.085,1.27e-12,"POLR3G"
"TTC7A",6.89e-17,-0.369,0.222,0.261,1.28e-12,"TTC7A"
"ZNF524",7e-17,0.593,0.088,0.064,1.3e-12,"ZNF524"
"SLC9B1",7.02e-17,-0.587,0.046,0.067,1.31e-12,"SLC9B1"
"BCOR",7.12e-17,-0.256,0.285,0.33,1.33e-12,"BCOR"
"SP4",7.13e-17,-0.192,0.378,0.431,1.33e-12,"SP4"
"HS3ST4",7.13e-17,-1.717,0.079,0.104,1.33e-12,"HS3ST4"
"COMMD7",7.15e-17,0.162,0.669,0.652,1.33e-12,"COMMD7"
"SVBP",7.22e-17,-0.285,0.616,0.647,1.34e-12,"SVBP"
"MTRES1",7.24e-17,0.206,0.463,0.435,1.35e-12,"MTRES1"
"NAB2",7.47e-17,0.429,0.233,0.202,1.39e-12,"NAB2"
"ENPEP",7.5e-17,0.58,0.106,0.08,1.4e-12,"ENPEP"
"PSMF1",7.53e-17,0.151,0.623,0.603,1.4e-12,"PSMF1"
"ZNF215",7.57e-17,-1.055,0.019,0.033,1.41e-12,"ZNF215"
"ZIC3",7.57e-17,1.064,0.031,0.017,1.41e-12,"ZIC3"
"BUB1B",7.72e-17,-0.135,0.054,0.077,1.44e-12,"BUB1B"
"HSPA13",7.8e-17,-0.243,0.498,0.545,1.45e-12,"HSPA13"
"NFXL1",7.96e-17,-0.313,0.256,0.299,1.48e-12,"NFXL1"
"DCAF6",7.97e-17,0.173,0.545,0.52,1.48e-12,"DCAF6"
"IGSF1",8e-17,-0.434,0.471,0.509,1.49e-12,"IGSF1"
"HMGN5",8.56e-17,0.257,0.331,0.297,1.59e-12,"HMGN5"
"FXN",8.65e-17,0.361,0.243,0.212,1.61e-12,"FXN"
"FBXO32",8.7e-17,0.905,0.084,0.061,1.62e-12,"FBXO32"
"LRRIQ1",8.9e-17,0.192,0.487,0.447,1.66e-12,"LRRIQ1"
"FAM102B",8.9e-17,-0.313,0.302,0.346,1.66e-12,"FAM102B"
"BEX4",9.21e-17,0.111,0.866,0.845,1.71e-12,"BEX4"
"CENPW",9.27e-17,0.926,0.166,0.138,1.73e-12,"CENPW"
"SEMA4C",9.58e-17,-0.421,0.096,0.124,1.78e-12,"SEMA4C"
"RAD50",9.61e-17,0.171,0.66,0.638,1.79e-12,"RAD50"
"TMEM67",9.65e-17,0.207,0.464,0.433,1.8e-12,"TMEM67"
"CFTR",9.7e-17,-0.694,0.027,0.043,1.81e-12,"CFTR"
"ZMYND19",1.02e-16,-0.241,0.202,0.244,1.89e-12,"ZMYND19"
"SLC29A4",1.02e-16,-0.326,0.145,0.18,1.9e-12,"SLC29A4"
"SRD5A3",1.04e-16,-0.376,0.171,0.208,1.94e-12,"SRD5A3"
"MCU",1.05e-16,0.192,0.562,0.534,1.95e-12,"MCU"
"GBE1",1.05e-16,0.217,0.421,0.385,1.96e-12,"GBE1"
"AGT",1.06e-16,0.354,0.277,0.239,1.97e-12,"AGT"
"MKNK2",1.07e-16,0.329,0.25,0.218,1.99e-12,"MKNK2"
"GUF1",1.08e-16,0.265,0.399,0.372,2.01e-12,"GUF1"
"HDHD2",1.08e-16,0.223,0.497,0.475,2.01e-12,"HDHD2"
"DDX42",1.11e-16,0.167,0.619,0.599,2.06e-12,"DDX42"
"MTARC2",1.11e-16,0.409,0.174,0.145,2.07e-12,"MTARC2"
"YTHDF3",1.15e-16,0.141,0.611,0.588,2.15e-12,"YTHDF3"
"ADCY9",1.15e-16,-0.373,0.239,0.278,2.15e-12,"ADCY9"
"MAGEC3",1.2e-16,-0.824,0.018,0.032,2.23e-12,"MAGEC3"
"LEPROTL1",1.21e-16,0.134,0.673,0.651,2.25e-12,"LEPROTL1"
"ZNF565",1.26e-16,-0.213,0.412,0.467,2.35e-12,"ZNF565"
"IL10RA",1.33e-16,-1.881,0.003,0.011,2.47e-12,"IL10RA"
"LMBR1L",1.33e-16,-0.282,0.278,0.322,2.48e-12,"LMBR1L"
"TMEM44",1.36e-16,-0.437,0.119,0.15,2.53e-12,"TMEM44"
"LINC02210-CRHR1",1.36e-16,-0.222,0.403,0.452,2.53e-12,"LINC02210-CRHR1"
"HERC6",1.38e-16,0.649,0.087,0.064,2.56e-12,"HERC6"
"PANX1",1.39e-16,-0.349,0.13,0.163,2.58e-12,"PANX1"
"EAPP",1.43e-16,0.14,0.681,0.658,2.66e-12,"EAPP"
"SUMO3",1.44e-16,0.132,0.607,0.576,2.69e-12,"SUMO3"
"ARID1A",1.48e-16,0.137,0.806,0.783,2.75e-12,"ARID1A"
"FAM53C",1.5e-16,0.308,0.314,0.284,2.79e-12,"FAM53C"
"PYGL",1.52e-16,0.559,0.091,0.067,2.83e-12,"PYGL"
"MRPS18B",1.56e-16,0.226,0.436,0.407,2.9e-12,"MRPS18B"
"FLII",1.56e-16,0.382,0.233,0.204,2.9e-12,"FLII"
"TSTD2",1.57e-16,-0.239,0.49,0.541,2.93e-12,"TSTD2"
"NCOR2",1.6e-16,0.238,0.43,0.401,2.98e-12,"NCOR2"
"BTN3A2",1.6e-16,0.513,0.126,0.1,2.99e-12,"BTN3A2"
"TMEM54",1.64e-16,0.463,0.167,0.138,3.05e-12,"TMEM54"
"SNX8",1.66e-16,0.321,0.278,0.247,3.1e-12,"SNX8"
"PIK3CA",1.69e-16,-0.22,0.504,0.551,3.15e-12,"PIK3CA"
"FLYWCH2",1.7e-16,0.174,0.571,0.547,3.16e-12,"FLYWCH2"
"ZNF30",1.78e-16,-0.353,0.129,0.162,3.31e-12,"ZNF30"
"EIF2S2",1.8e-16,0.105,0.884,0.859,3.35e-12,"EIF2S2"
"GOPC",1.84e-16,-0.203,0.695,0.73,3.42e-12,"GOPC"
"AP2A2",1.85e-16,0.182,0.523,0.498,3.44e-12,"AP2A2"
"AK1",1.86e-16,0.348,0.23,0.198,3.46e-12,"AK1"
"CDC42EP1",1.9e-16,0.498,0.141,0.114,3.54e-12,"CDC42EP1"
"AGBL3",1.91e-16,-0.331,0.229,0.269,3.56e-12,"AGBL3"
"PAQR3",1.93e-16,-0.258,0.38,0.429,3.59e-12,"PAQR3"
"ZCCHC18",1.93e-16,-0.339,0.083,0.11,3.6e-12,"ZCCHC18"
"LRGUK",1.94e-16,0.248,0.304,0.269,3.6e-12,"LRGUK"
"NPTXR",1.94e-16,-0.25,0.311,0.358,3.61e-12,"NPTXR"
"MTIF2",2.02e-16,0.283,0.314,0.282,3.76e-12,"MTIF2"
"ENSG00000286185",2.11e-16,0.583,0.111,0.086,3.92e-12,"ENSG00000286185"
"MRPS31",2.13e-16,0.147,0.629,0.603,3.96e-12,"MRPS31"
"TMOD1",2.14e-16,0.609,0.079,0.057,3.98e-12,"TMOD1"
"STRC",2.15e-16,-1.484,0.005,0.013,4e-12,"STRC"
"KCNC3",2.15e-16,-0.806,0.028,0.045,4e-12,"KCNC3"
"CIAPIN1",2.2e-16,0.2,0.471,0.448,4.1e-12,"CIAPIN1"
"FAM98A",2.24e-16,0.191,0.461,0.436,4.16e-12,"FAM98A"
"SLC25A25",2.27e-16,0.317,0.3,0.27,4.22e-12,"SLC25A25"
"SEL1L3",2.28e-16,0.568,0.134,0.106,4.25e-12,"SEL1L3"
"POLR2H",2.28e-16,0.175,0.539,0.513,4.25e-12,"POLR2H"
"TAC3",2.3e-16,2.072,0.02,0.009,4.29e-12,"TAC3"
"KCNH2",2.52e-16,-0.439,0.098,0.126,4.68e-12,"KCNH2"
"MSX2",2.54e-16,1.385,0.019,0.009,4.72e-12,"MSX2"
"NIPAL3",2.59e-16,-0.485,0.113,0.143,4.82e-12,"NIPAL3"
"CDK5RAP3",2.61e-16,0.253,0.371,0.342,4.85e-12,"CDK5RAP3"
"ADGRL2",2.62e-16,-0.743,0.348,0.384,4.88e-12,"ADGRL2"
"ROR2",2.68e-16,1.293,0.029,0.016,4.99e-12,"ROR2"
"RASGEF1C",2.69e-16,-0.438,0.084,0.111,5.01e-12,"RASGEF1C"
"KATNAL1",2.72e-16,0.155,0.582,0.557,5.06e-12,"KATNAL1"
"CCNT2",2.73e-16,-0.198,0.592,0.64,5.08e-12,"CCNT2"
"ZNF581",2.77e-16,0.429,0.187,0.158,5.16e-12,"ZNF581"
"DTX3L",2.8e-16,0.683,0.074,0.052,5.21e-12,"DTX3L"
"NDST3",2.81e-16,-0.198,0.456,0.501,5.22e-12,"NDST3"
"ZNF493",2.83e-16,-0.267,0.297,0.343,5.26e-12,"ZNF493"
"VMA21",2.95e-16,0.137,0.712,0.689,5.49e-12,"VMA21"
"DOCK2",2.99e-16,0.247,0.175,0.144,5.57e-12,"DOCK2"
"AK7",3e-16,0.591,0.101,0.076,5.59e-12,"AK7"
"SFI1",3.03e-16,-0.291,0.212,0.251,5.64e-12,"SFI1"
"ZFP62",3.04e-16,-0.267,0.238,0.281,5.65e-12,"ZFP62"
"ARHGAP39",3.04e-16,-0.311,0.356,0.401,5.65e-12,"ARHGAP39"
"JADE1",3.06e-16,-0.226,0.241,0.283,5.7e-12,"JADE1"
"GPS1",3.09e-16,0.355,0.271,0.241,5.75e-12,"GPS1"
"WAC",3.11e-16,0.112,0.868,0.856,5.78e-12,"WAC"
"ZSCAN9",3.14e-16,-0.269,0.284,0.329,5.85e-12,"ZSCAN9"
"PTBP1",3.17e-16,0.273,0.317,0.286,5.9e-12,"PTBP1"
"NAGA",3.17e-16,0.534,0.134,0.108,5.91e-12,"NAGA"
"C19orf81",3.18e-16,0.526,0.109,0.084,5.93e-12,"C19orf81"
"SINHCAF",3.19e-16,0.235,0.503,0.477,5.94e-12,"SINHCAF"
"CHCHD2",3.2e-16,-0.177,0.731,0.77,5.95e-12,"CHCHD2"
"CAMK1",3.21e-16,0.315,0.272,0.241,5.97e-12,"CAMK1"
"BCL7A",3.27e-16,-0.193,0.479,0.527,6.08e-12,"BCL7A"
"SIAH1",3.3e-16,-0.168,0.568,0.619,6.14e-12,"SIAH1"
"MTX1",3.35e-16,0.308,0.281,0.251,6.23e-12,"MTX1"
"DDX60",3.53e-16,0.698,0.072,0.051,6.58e-12,"DDX60"
"CHMP1B",3.55e-16,0.247,0.398,0.371,6.61e-12,"CHMP1B"
"VKORC1L1",3.65e-16,-0.225,0.481,0.527,6.79e-12,"VKORC1L1"
"CABLES1",3.72e-16,-0.393,0.059,0.081,6.93e-12,"CABLES1"
"ANKRD33B",3.89e-16,0.432,0.137,0.11,7.24e-12,"ANKRD33B"
"PIK3C3",3.93e-16,0.149,0.635,0.612,7.31e-12,"PIK3C3"
"USP49",3.97e-16,-0.379,0.08,0.107,7.39e-12,"USP49"
"NOTCH2NLR",4.01e-16,0.946,0.039,0.024,7.47e-12,"NOTCH2NLR"
"EMC10",4.05e-16,0.331,0.288,0.257,7.54e-12,"EMC10"
"CYGB",4.12e-16,-0.75,0.024,0.04,7.67e-12,"CYGB"
"ZC3H8",4.14e-16,-0.216,0.464,0.51,7.7e-12,"ZC3H8"
"SHANK3",4.14e-16,-0.429,0.081,0.107,7.7e-12,"SHANK3"
"TRIM73",4.15e-16,-0.468,0.084,0.11,7.72e-12,"TRIM73"
"ZNF621",4.22e-16,0.326,0.257,0.226,7.86e-12,"ZNF621"
"RUFY1",4.4e-16,0.178,0.561,0.535,8.19e-12,"RUFY1"
"CEP170B",4.42e-16,-0.662,0.038,0.057,8.24e-12,"CEP170B"
"MIX23",4.48e-16,0.29,0.304,0.274,8.34e-12,"MIX23"
"ZNF544",4.49e-16,-0.225,0.486,0.535,8.35e-12,"ZNF544"
"KNOP1",4.5e-16,0.173,0.569,0.542,8.38e-12,"KNOP1"
"VAT1",4.58e-16,0.263,0.313,0.281,8.52e-12,"VAT1"
"ZNF438",4.61e-16,0.174,0.472,0.436,8.59e-12,"ZNF438"
"GTPBP3",4.71e-16,-0.376,0.115,0.146,8.77e-12,"GTPBP3"
"KDSR",4.71e-16,0.158,0.588,0.563,8.77e-12,"KDSR"
"DUSP15",4.72e-16,0.491,0.144,0.117,8.78e-12,"DUSP15"
"PPP2R5E",4.75e-16,-0.149,0.829,0.85,8.84e-12,"PPP2R5E"
"ZDHHC18",4.77e-16,-0.344,0.124,0.156,8.88e-12,"ZDHHC18"
"OR2L2",4.77e-16,-1.444,0.007,0.016,8.88e-12,"OR2L2"
"SNRPA",4.8e-16,0.257,0.421,0.395,8.94e-12,"SNRPA"
"NALF2",4.83e-16,-0.808,0.023,0.038,8.98e-12,"NALF2"
"ZNF681",5.01e-16,-0.262,0.239,0.282,9.33e-12,"ZNF681"
"CS",5.19e-16,0.216,0.427,0.4,9.66e-12,"CS"
"PLAG1",5.25e-16,0.395,0.198,0.169,9.77e-12,"PLAG1"
"SLC35A2",5.42e-16,0.324,0.281,0.251,1.01e-11,"SLC35A2"
"TMEM242",5.53e-16,0.206,0.444,0.42,1.03e-11,"TMEM242"
"RNF227",5.53e-16,-0.616,0.033,0.051,1.03e-11,"RNF227"
"GON4L",5.61e-16,0.149,0.634,0.617,1.04e-11,"GON4L"
"UGP2",5.76e-16,0.144,0.706,0.686,1.07e-11,"UGP2"
"ZNF285",5.9e-16,-0.482,0.077,0.102,1.1e-11,"ZNF285"
"C7orf31",6.01e-16,0.45,0.142,0.115,1.12e-11,"C7orf31"
"DYNC2I2",6.08e-16,0.346,0.26,0.23,1.13e-11,"DYNC2I2"
"PPIH",6.11e-16,0.214,0.465,0.437,1.14e-11,"PPIH"
"SLC38A7",6.22e-16,0.311,0.228,0.198,1.16e-11,"SLC38A7"
"ZNF330",6.3e-16,0.193,0.448,0.418,1.17e-11,"ZNF330"
"PLXDC2",6.35e-16,-0.188,0.511,0.462,1.18e-11,"PLXDC2"
"IMMT",6.39e-16,0.123,0.689,0.668,1.19e-11,"IMMT"
"RNF38",6.44e-16,0.165,0.783,0.772,1.2e-11,"RNF38"
"DZIP3",6.61e-16,-0.225,0.607,0.645,1.23e-11,"DZIP3"
"LRRC8C",6.97e-16,-0.5,0.09,0.116,1.3e-11,"LRRC8C"
"DVL1",7.07e-16,-0.343,0.104,0.134,1.32e-11,"DVL1"
"UFM1",7.08e-16,0.18,0.692,0.677,1.32e-11,"UFM1"
"TDRD12",7.33e-16,-1.213,0.013,0.024,1.36e-11,"TDRD12"
"SSRP1",7.56e-16,0.196,0.589,0.567,1.41e-11,"SSRP1"
"NRDC",7.99e-16,0.121,0.776,0.762,1.49e-11,"NRDC"
"VRK3",8.04e-16,0.284,0.297,0.266,1.5e-11,"VRK3"
"SAXO2",8.12e-16,-0.333,0.143,0.177,1.51e-11,"SAXO2"
"BRME1",8.26e-16,-0.424,0.057,0.08,1.54e-11,"BRME1"
"TMSB15B",8.27e-16,-0.355,0.114,0.144,1.54e-11,"TMSB15B"
"SF3A1",8.53e-16,0.256,0.392,0.366,1.59e-11,"SF3A1"
"STPG1",8.62e-16,-0.502,0.072,0.097,1.61e-11,"STPG1"
"DNM2",8.71e-16,0.256,0.383,0.357,1.62e-11,"DNM2"
"SRGAP1",8.73e-16,-0.154,0.77,0.792,1.63e-11,"SRGAP1"
"SYNPO2",8.75e-16,-1.012,0.018,0.031,1.63e-11,"SYNPO2"
"DESI1",8.76e-16,0.215,0.401,0.373,1.63e-11,"DESI1"
"STK19",8.77e-16,0.249,0.368,0.34,1.63e-11,"STK19"
"NABP2",8.89e-16,0.319,0.289,0.26,1.65e-11,"NABP2"
"CABLES2",9e-16,-0.395,0.081,0.107,1.67e-11,"CABLES2"
"PIK3R3",9.05e-16,0.206,0.829,0.818,1.68e-11,"PIK3R3"
"CATSPER2",9.24e-16,-0.366,0.209,0.245,1.72e-11,"CATSPER2"
"APTX",9.27e-16,0.155,0.552,0.529,1.73e-11,"APTX"
"VPS37B",9.62e-16,0.288,0.319,0.29,1.79e-11,"VPS37B"
"UBE2Q2",9.69e-16,0.16,0.619,0.597,1.8e-11,"UBE2Q2"
"WFS1",9.7e-16,0.508,0.141,0.114,1.81e-11,"WFS1"
"KLHL14",9.76e-16,-1.005,0.026,0.042,1.82e-11,"KLHL14"
"SRR",1.03e-15,0.233,0.365,0.336,1.91e-11,"SRR"
"MLST8",1.04e-15,0.352,0.231,0.202,1.93e-11,"MLST8"
"POMGNT1",1.04e-15,0.276,0.313,0.285,1.94e-11,"POMGNT1"
"ETAA1",1.05e-15,0.33,0.216,0.186,1.96e-11,"ETAA1"
"BAIAP2L2",1.08e-15,-0.763,0.033,0.051,2.01e-11,"BAIAP2L2"
"SGCE",1.09e-15,0.116,0.661,0.637,2.02e-11,"SGCE"
"MEAF6",1.13e-15,-0.234,0.752,0.775,2.1e-11,"MEAF6"
"SLC25A12",1.13e-15,-0.269,0.563,0.605,2.1e-11,"SLC25A12"
"SLC11A2",1.15e-15,0.195,0.464,0.438,2.13e-11,"SLC11A2"
"TNKS",1.15e-15,-0.232,0.875,0.891,2.14e-11,"TNKS"
"GRIN2A",1.16e-15,0.422,0.148,0.119,2.17e-11,"GRIN2A"
"MANEA",1.18e-15,0.323,0.251,0.221,2.19e-11,"MANEA"
"TPGS2",1.22e-15,0.148,0.685,0.658,2.27e-11,"TPGS2"
"CEP135",1.26e-15,-0.221,0.218,0.258,2.34e-11,"CEP135"
"PRDM8",1.35e-15,-0.526,0.156,0.189,2.51e-11,"PRDM8"
"TMED8",1.36e-15,-0.274,0.387,0.434,2.54e-11,"TMED8"
"C1orf100",1.36e-15,-1.29,0.008,0.018,2.54e-11,"C1orf100"
"SERPING1",1.37e-15,0.737,0.06,0.041,2.55e-11,"SERPING1"
"DDX58",1.38e-15,0.32,0.223,0.192,2.57e-11,"DDX58"
"SDHAF3",1.43e-15,0.206,0.46,0.432,2.66e-11,"SDHAF3"
"LEFTY1",1.44e-15,-1.16,0.011,0.022,2.67e-11,"LEFTY1"
"TRIM59",1.46e-15,0.365,0.177,0.148,2.71e-11,"TRIM59"
"HSF1",1.46e-15,0.237,0.376,0.349,2.72e-11,"HSF1"
"TUT4",1.49e-15,-0.154,0.868,0.885,2.78e-11,"TUT4"
"NOTCH2NLC",1.5e-15,0.479,0.149,0.122,2.79e-11,"NOTCH2NLC"
"METTL3",1.57e-15,0.222,0.388,0.36,2.92e-11,"METTL3"
"ELP1",1.57e-15,-0.268,0.322,0.365,2.93e-11,"ELP1"
"PPP1R35",1.59e-15,0.257,0.359,0.33,2.96e-11,"PPP1R35"
"PARN",1.59e-15,0.162,0.497,0.47,2.97e-11,"PARN"
"PHTF2",1.6e-15,-0.168,0.622,0.667,2.99e-11,"PHTF2"
"ADAM32",1.64e-15,0.48,0.111,0.086,3.05e-11,"ADAM32"
"TNFAIP8",1.66e-15,0.637,0.103,0.079,3.09e-11,"TNFAIP8"
"COL5A3",1.67e-15,-1.858,0.005,0.013,3.1e-11,"COL5A3"
"POLR2J3.1",1.67e-15,0.213,0.408,0.381,3.11e-11,"POLR2J3.1"
"ALKAL2",1.68e-15,-0.89,0.017,0.03,3.12e-11,"ALKAL2"
"CCM2",1.69e-15,0.199,0.457,0.429,3.15e-11,"CCM2"
"SPP1",1.7e-15,-0.799,0.029,0.046,3.16e-11,"SPP1"
"NUBPL",1.75e-15,0.127,0.683,0.653,3.26e-11,"NUBPL"
"HSD17B8",1.77e-15,0.6,0.095,0.072,3.3e-11,"HSD17B8"
"FAAH2",1.79e-15,-0.178,0.211,0.25,3.34e-11,"FAAH2"
"CD55",1.8e-15,-0.658,0.044,0.064,3.34e-11,"CD55"
"ENSG00000283886",1.8e-15,-0.381,0.112,0.141,3.34e-11,"ENSG00000283886"
"TRMT5",1.82e-15,0.328,0.27,0.24,3.38e-11,"TRMT5"
"MRPS27",1.89e-15,0.181,0.466,0.436,3.52e-11,"MRPS27"
"GAS2L1",1.89e-15,0.469,0.148,0.121,3.52e-11,"GAS2L1"
"HMCN1",1.91e-15,-0.848,0.023,0.038,3.55e-11,"HMCN1"
"ARF3",1.91e-15,0.15,0.603,0.581,3.55e-11,"ARF3"
"MYEF2",1.97e-15,0.115,0.845,0.827,3.66e-11,"MYEF2"
"ZNF75D",1.98e-15,0.345,0.23,0.199,3.69e-11,"ZNF75D"
"C17orf100",2.01e-15,-0.484,0.08,0.105,3.74e-11,"C17orf100"
"KATNA1",2.03e-15,0.217,0.416,0.392,3.79e-11,"KATNA1"
"HMGCR",2.08e-15,0.135,0.799,0.779,3.87e-11,"HMGCR"
"ZNF273",2.08e-15,-0.248,0.185,0.224,3.88e-11,"ZNF273"
"MCMBP",2.09e-15,-0.202,0.415,0.465,3.9e-11,"MCMBP"
"ZNF532",2.1e-15,0.111,0.787,0.768,3.9e-11,"ZNF532"
"TRHR",2.11e-15,-1.811,0.007,0.016,3.92e-11,"TRHR"
"RFT1",2.12e-15,0.309,0.247,0.216,3.94e-11,"RFT1"
"HIRIP3",2.19e-15,-0.151,0.222,0.263,4.08e-11,"HIRIP3"
"SRPK1",2.19e-15,-0.201,0.601,0.638,4.08e-11,"SRPK1"
"ARL14EP",2.2e-15,0.175,0.569,0.548,4.09e-11,"ARL14EP"
"PDE6D",2.21e-15,0.149,0.541,0.52,4.11e-11,"PDE6D"
"ZC3H12C",2.22e-15,0.194,0.587,0.557,4.13e-11,"ZC3H12C"
"AQR",2.33e-15,0.143,0.634,0.611,4.34e-11,"AQR"
"STC2",2.33e-15,-1.154,0.014,0.026,4.34e-11,"STC2"
"KIF1C",2.34e-15,0.458,0.144,0.117,4.35e-11,"KIF1C"
"PLD3",2.37e-15,0.102,0.752,0.736,4.41e-11,"PLD3"
"MAP1B",2.4e-15,-0.479,0.991,0.99,4.46e-11,"MAP1B"
"KMT5B",2.49e-15,-0.161,0.805,0.828,4.63e-11,"KMT5B"
"ADAM20",2.52e-15,-0.513,0.077,0.102,4.68e-11,"ADAM20"
"MFSD5",2.55e-15,0.44,0.146,0.119,4.74e-11,"MFSD5"
"DNAAF4",2.62e-15,0.161,0.565,0.536,4.89e-11,"DNAAF4"
"TBL1XR1",2.64e-15,0.115,0.909,0.897,4.92e-11,"TBL1XR1"
"CHST7",2.67e-15,0.42,0.195,0.166,4.97e-11,"CHST7"
"PPP2R5B",2.7e-15,-0.338,0.136,0.168,5.02e-11,"PPP2R5B"
"ZNF789",2.71e-15,-0.241,0.296,0.341,5.04e-11,"ZNF789"
"RNASEL",2.72e-15,0.542,0.075,0.054,5.07e-11,"RNASEL"
"BET1",2.82e-15,0.216,0.413,0.386,5.24e-11,"BET1"
"OR2L5",2.83e-15,-1.67,0.004,0.012,5.27e-11,"OR2L5"
"FAM118B",2.9e-15,0.182,0.426,0.4,5.41e-11,"FAM118B"
"PLK3",2.91e-15,0.554,0.096,0.073,5.41e-11,"PLK3"
"RGS16",2.93e-15,0.719,0.092,0.07,5.46e-11,"RGS16"
"MRPL3",2.94e-15,0.115,0.747,0.723,5.48e-11,"MRPL3"
"DDX11",3.11e-15,-0.289,0.117,0.148,5.79e-11,"DDX11"
"GNGT1",3.14e-15,0.657,0.058,0.039,5.84e-11,"GNGT1"
"PKP4",3.21e-15,-0.272,0.372,0.413,5.97e-11,"PKP4"
"TSPAN10",3.22e-15,0.657,0.079,0.058,6e-11,"TSPAN10"
"ZDHHC9",3.35e-15,-0.25,0.265,0.308,6.23e-11,"ZDHHC9"
"HNRNPL",3.38e-15,0.132,0.695,0.676,6.29e-11,"HNRNPL"
"ILF3",3.46e-15,0.117,0.807,0.787,6.43e-11,"ILF3"
"TRAF3",3.56e-15,0.186,0.565,0.544,6.63e-11,"TRAF3"
"GLYR1",3.63e-15,0.136,0.66,0.643,6.75e-11,"GLYR1"
"GOLT1B",3.65e-15,-0.225,0.339,0.387,6.8e-11,"GOLT1B"
"TRIM4",3.66e-15,-0.359,0.085,0.111,6.81e-11,"TRIM4"
"ALG8",3.77e-15,0.234,0.388,0.358,7.02e-11,"ALG8"
"BIRC2",3.84e-15,0.182,0.521,0.5,7.14e-11,"BIRC2"
"IQCB1",3.88e-15,0.183,0.532,0.507,7.23e-11,"IQCB1"
"GLRX",4e-15,-0.277,0.193,0.229,7.45e-11,"GLRX"
"EFCAB13",4.05e-15,-0.436,0.114,0.144,7.54e-11,"EFCAB13"
"ABCG4",4.1e-15,-1.516,0.006,0.014,7.63e-11,"ABCG4"
"DENND4C",4.17e-15,0.13,0.709,0.687,7.76e-11,"DENND4C"
"ZNF836",4.21e-15,-0.372,0.111,0.141,7.84e-11,"ZNF836"
"FLOT2",4.21e-15,0.221,0.358,0.329,7.84e-11,"FLOT2"
"PMEPA1",4.22e-15,-0.26,0.271,0.313,7.85e-11,"PMEPA1"
"EFEMP2",4.24e-15,0.488,0.141,0.115,7.88e-11,"EFEMP2"
"TMEM232",4.29e-15,0.118,0.581,0.542,7.99e-11,"TMEM232"
"MXD1",4.3e-15,-0.267,0.27,0.312,8.01e-11,"MXD1"
"NDUFV1",4.52e-15,0.18,0.615,0.597,8.42e-11,"NDUFV1"
"NRGN",4.72e-15,-0.899,0.026,0.041,8.79e-11,"NRGN"
"PIKFYVE",4.78e-15,0.165,0.533,0.508,8.89e-11,"PIKFYVE"
"RIOK2",4.89e-15,0.226,0.377,0.349,9.11e-11,"RIOK2"
"CCDC97",5.05e-15,0.338,0.229,0.2,9.4e-11,"CCDC97"
"ZNF34",5.06e-15,-0.312,0.147,0.18,9.41e-11,"ZNF34"
"SRPX",5.09e-15,0.941,0.04,0.025,9.48e-11,"SRPX"
"KCNA5",5.16e-15,-1.702,0.005,0.013,9.6e-11,"KCNA5"
"TTC23L",5.19e-15,-0.31,0.173,0.208,9.66e-11,"TTC23L"
"GSG1L",5.34e-15,-0.522,0.056,0.077,9.94e-11,"GSG1L"
"TNKS2",5.54e-15,0.129,0.719,0.703,1.03e-10,"TNKS2"
"C1orf131",5.55e-15,0.249,0.406,0.382,1.03e-10,"C1orf131"
"SGMS1",5.65e-15,0.125,0.619,0.595,1.05e-10,"SGMS1"
"CDC23",5.66e-15,0.263,0.329,0.302,1.05e-10,"CDC23"
"PBLD",5.98e-15,0.363,0.207,0.178,1.11e-10,"PBLD"
"RBM14",6.04e-15,0.273,0.344,0.317,1.12e-10,"RBM14"
"PTBP2",6.14e-15,-0.132,0.943,0.945,1.14e-10,"PTBP2"
"INTS14",6.14e-15,0.275,0.325,0.295,1.14e-10,"INTS14"
"FMO5",6.23e-15,-0.52,0.091,0.117,1.16e-10,"FMO5"
"KIFC3",6.56e-15,-0.332,0.2,0.237,1.22e-10,"KIFC3"
"NDFIP2",6.7e-15,0.219,0.428,0.403,1.25e-10,"NDFIP2"
"MYOM1",6.79e-15,0.462,0.116,0.091,1.26e-10,"MYOM1"
"MTHFD1L",6.82e-15,-0.205,0.485,0.528,1.27e-10,"MTHFD1L"
"DTWD1",6.99e-15,0.147,0.626,0.601,1.3e-10,"DTWD1"
"IGDCC4",7.02e-15,0.257,0.297,0.267,1.31e-10,"IGDCC4"
"MLXIPL",7.22e-15,-1.279,0.008,0.018,1.34e-10,"MLXIPL"
"SEMA6C",7.32e-15,-0.398,0.09,0.116,1.36e-10,"SEMA6C"
"BATF3",7.34e-15,-1.27,0.006,0.015,1.37e-10,"BATF3"
"PPARGC1B",7.44e-15,-1.047,0.014,0.026,1.39e-10,"PPARGC1B"
"ADGRA2",7.52e-15,-1.262,0.011,0.022,1.4e-10,"ADGRA2"
"RLN2",7.72e-15,0.68,0.086,0.065,1.44e-10,"RLN2"
"NEUROD2",7.91e-15,-0.607,0.07,0.093,1.47e-10,"NEUROD2"
"GTF2F1",7.92e-15,0.197,0.483,0.463,1.47e-10,"GTF2F1"
"ENPP5",8.21e-15,-0.479,0.068,0.091,1.53e-10,"ENPP5"
"PTGR2",8.22e-15,0.256,0.322,0.291,1.53e-10,"PTGR2"
"ZNF695",8.24e-15,-0.336,0.073,0.098,1.53e-10,"ZNF695"
"KCTD12",8.26e-15,-0.89,0.146,0.176,1.54e-10,"KCTD12"
"CRKL",8.49e-15,0.236,0.391,0.365,1.58e-10,"CRKL"
"SREK1",8.65e-15,0.137,0.655,0.634,1.61e-10,"SREK1"
"SLC3A1",8.94e-15,-0.47,0.117,0.146,1.66e-10,"SLC3A1"
"DOC2A",8.96e-15,-0.464,0.024,0.039,1.67e-10,"DOC2A"
"TWF2",8.96e-15,0.282,0.295,0.268,1.67e-10,"TWF2"
"TSHZ1",9.09e-15,0.272,0.269,0.238,1.69e-10,"TSHZ1"
"ZNF277",9.1e-15,0.15,0.561,0.534,1.69e-10,"ZNF277"
"SLC16A14",9.14e-15,-0.252,0.397,0.442,1.7e-10,"SLC16A14"
"OSBPL5",9.25e-15,-0.333,0.194,0.23,1.72e-10,"OSBPL5"
"DNAJB11",9.33e-15,0.2,0.573,0.555,1.74e-10,"DNAJB11"
"SYNRG",9.4e-15,0.122,0.652,0.633,1.75e-10,"SYNRG"
"SLC39A6",9.46e-15,-0.191,0.68,0.713,1.76e-10,"SLC39A6"
"PRCD",9.53e-15,-0.847,0.019,0.033,1.77e-10,"PRCD"
"LARS1",9.55e-15,0.112,0.882,0.87,1.78e-10,"LARS1"
"MLLT3",9.56e-15,-0.186,0.81,0.826,1.78e-10,"MLLT3"
"PDGFD",9.66e-15,0.622,0.125,0.099,1.8e-10,"PDGFD"
"ZNF418",9.68e-15,-0.411,0.088,0.114,1.8e-10,"ZNF418"
"NFE2L3",9.69e-15,-0.302,0.143,0.176,1.8e-10,"NFE2L3"
"GTPBP6",9.94e-15,0.244,0.317,0.288,1.85e-10,"GTPBP6"
"MSH4",1.01e-14,-0.744,0.029,0.045,1.88e-10,"MSH4"
"BCORL1",1.03e-14,-0.386,0.103,0.131,1.91e-10,"BCORL1"
"FAM222A",1.04e-14,-0.294,0.136,0.168,1.93e-10,"FAM222A"
"PRR4",1.07e-14,-0.515,0.04,0.058,1.98e-10,"PRR4"
"C17orf75",1.07e-14,-0.21,0.317,0.362,1.99e-10,"C17orf75"
"SMAD9",1.08e-14,0.386,0.251,0.221,2e-10,"SMAD9"
"SGTB",1.1e-14,-0.215,0.333,0.378,2.05e-10,"SGTB"
"FGFRL1",1.11e-14,0.388,0.18,0.152,2.06e-10,"FGFRL1"
"FGFR1OP2",1.11e-14,0.158,0.555,0.529,2.06e-10,"FGFR1OP2"
"SMIM15",1.11e-14,0.172,0.622,0.603,2.06e-10,"SMIM15"
"FAM189A1",1.13e-14,-0.448,0.243,0.279,2.11e-10,"FAM189A1"
"CP",1.13e-14,1.259,0.052,0.035,2.11e-10,"CP"
"ZNF534",1.15e-14,-1.814,0.004,0.011,2.13e-10,"ZNF534"
"ENSG00000279555",1.16e-14,0.458,0.129,0.104,2.16e-10,"ENSG00000279555"
"NOVA1",1.17e-14,-0.33,0.969,0.968,2.18e-10,"NOVA1"
"AMMECR1",1.18e-14,0.154,0.475,0.448,2.2e-10,"AMMECR1"
"GLIS1",1.21e-14,-2.108,0.003,0.01,2.25e-10,"GLIS1"
"UCHL5",1.22e-14,-0.201,0.391,0.439,2.28e-10,"UCHL5"
"ASB3",1.23e-14,0.103,0.801,0.787,2.29e-10,"ASB3"
"MAEL",1.24e-14,0.496,0.159,0.133,2.32e-10,"MAEL"
"GPATCH11",1.25e-14,0.212,0.457,0.434,2.32e-10,"GPATCH11"
"CYB5D2",1.25e-14,-0.313,0.281,0.32,2.33e-10,"CYB5D2"
"TIMM44",1.27e-14,0.229,0.387,0.359,2.37e-10,"TIMM44"
"AGO4",1.27e-14,-0.195,0.496,0.543,2.37e-10,"AGO4"
"HIC2",1.28e-14,-0.312,0.133,0.165,2.39e-10,"HIC2"
"PAF1",1.32e-14,0.308,0.272,0.244,2.46e-10,"PAF1"
"VPS37D",1.34e-14,-0.274,0.189,0.225,2.49e-10,"VPS37D"
"GOLGA2",1.36e-14,0.183,0.414,0.386,2.54e-10,"GOLGA2"
"CEP97",1.37e-14,-0.187,0.464,0.512,2.55e-10,"CEP97"
"PCYT1A",1.39e-14,0.215,0.383,0.357,2.59e-10,"PCYT1A"
"RAB7B",1.41e-14,0.773,0.045,0.029,2.63e-10,"RAB7B"
"DVL2",1.44e-14,0.282,0.283,0.254,2.68e-10,"DVL2"
"TLCD1",1.48e-14,0.823,0.049,0.033,2.75e-10,"TLCD1"
"POLR2M",1.5e-14,0.274,0.338,0.311,2.79e-10,"POLR2M"
"SLC7A6",1.52e-14,-0.321,0.242,0.281,2.84e-10,"SLC7A6"
"COG7",1.54e-14,0.175,0.455,0.428,2.87e-10,"COG7"
"SFRP5",1.55e-14,-1.586,0.004,0.012,2.88e-10,"SFRP5"
"MFSD8",1.56e-14,-0.265,0.378,0.422,2.9e-10,"MFSD8"
"BTC",1.59e-14,1.3,0.018,0.008,2.96e-10,"BTC"
"ZNF682",1.62e-14,-0.162,0.431,0.48,3.02e-10,"ZNF682"
"NIPBL",1.64e-14,0.109,0.904,0.892,3.06e-10,"NIPBL"
"EPS8L2",1.65e-14,-1.794,0.007,0.015,3.07e-10,"EPS8L2"
"ARHGEF9",1.68e-14,-0.172,0.694,0.732,3.13e-10,"ARHGEF9"
"BRD1",1.68e-14,-0.192,0.422,0.47,3.13e-10,"BRD1"
"THOC2",1.68e-14,0.122,0.78,0.762,3.13e-10,"THOC2"
"PCSK1",1.73e-14,-1.722,0.014,0.025,3.23e-10,"PCSK1"
"KLHL20",1.73e-14,0.134,0.575,0.548,3.23e-10,"KLHL20"
"IFT81",1.75e-14,0.133,0.77,0.752,3.25e-10,"IFT81"
"CRY1",1.77e-14,0.267,0.495,0.47,3.29e-10,"CRY1"
"ENSG00000280077",1.78e-14,-0.663,0.034,0.051,3.31e-10,"ENSG00000280077"
"RABL3",1.81e-14,0.271,0.267,0.238,3.36e-10,"RABL3"
"CGNL1",1.86e-14,0.959,0.093,0.071,3.46e-10,"CGNL1"
"EFHC2",1.87e-14,0.453,0.137,0.111,3.48e-10,"EFHC2"
"FRAT1",1.88e-14,-0.679,0.025,0.04,3.5e-10,"FRAT1"
"UBE2J2",1.89e-14,0.175,0.503,0.483,3.52e-10,"UBE2J2"
"SMIM3",1.89e-14,0.552,0.09,0.069,3.52e-10,"SMIM3"
"TSKU",1.93e-14,0.473,0.133,0.108,3.59e-10,"TSKU"
"SNRNP27",1.93e-14,0.165,0.534,0.516,3.6e-10,"SNRNP27"
"GPR108",1.94e-14,0.489,0.143,0.118,3.61e-10,"GPR108"
"APBB3",1.94e-14,-0.418,0.074,0.097,3.62e-10,"APBB3"
"NLK",1.95e-14,-0.243,0.552,0.592,3.63e-10,"NLK"
"DCAF16",1.95e-14,-0.189,0.361,0.409,3.63e-10,"DCAF16"
"CDR2",1.96e-14,-0.268,0.31,0.351,3.65e-10,"CDR2"
"FBXL8",2.02e-14,-1.401,0.006,0.014,3.77e-10,"FBXL8"
"CPSF4",2.03e-14,0.308,0.266,0.237,3.77e-10,"CPSF4"
"CFAP107",2.06e-14,0.414,0.121,0.096,3.84e-10,"CFAP107"
"PABPC1L",2.09e-14,0.585,0.107,0.084,3.9e-10,"PABPC1L"
"PRSS35",2.19e-14,0.738,0.069,0.05,4.08e-10,"PRSS35"
"NBPF3",2.21e-14,-0.236,0.162,0.197,4.12e-10,"NBPF3"
"TNFRSF11B",2.32e-14,0.772,0.086,0.065,4.33e-10,"TNFRSF11B"
"LRRC37A2",2.34e-14,-0.219,0.28,0.323,4.35e-10,"LRRC37A2"
"RPN1",2.38e-14,0.167,0.571,0.552,4.43e-10,"RPN1"
"COA1",2.39e-14,0.103,0.8,0.78,4.45e-10,"COA1"
"CDC40",2.42e-14,0.154,0.571,0.552,4.5e-10,"CDC40"
"SLC18B1",2.46e-14,0.203,0.408,0.378,4.58e-10,"SLC18B1"
"BMX",2.51e-14,0.569,0.064,0.045,4.67e-10,"BMX"
"APC2",2.64e-14,-0.211,0.267,0.309,4.91e-10,"APC2"
"CARD8",2.66e-14,0.286,0.313,0.286,4.96e-10,"CARD8"
"POU4F1",2.76e-14,-1.326,0.009,0.019,5.13e-10,"POU4F1"
"MRPS2",2.83e-14,0.246,0.355,0.329,5.26e-10,"MRPS2"
"UTP11",2.85e-14,0.164,0.501,0.477,5.31e-10,"UTP11"
"RBMX2",2.91e-14,0.141,0.609,0.59,5.42e-10,"RBMX2"
"DTYMK",2.92e-14,0.248,0.386,0.36,5.43e-10,"DTYMK"
"CNPY3",2.93e-14,0.296,0.291,0.264,5.46e-10,"CNPY3"
"YKT6",2.94e-14,0.309,0.261,0.233,5.47e-10,"YKT6"
"PCSK7",2.94e-14,-0.329,0.314,0.353,5.48e-10,"PCSK7"
"SF3B4",3.01e-14,0.2,0.436,0.414,5.6e-10,"SF3B4"
"PTPN21",3.05e-14,0.23,0.362,0.334,5.68e-10,"PTPN21"
"HSPA1B",3.13e-14,0.273,0.266,0.239,5.83e-10,"HSPA1B"
"WWC2",3.19e-14,0.158,0.433,0.402,5.93e-10,"WWC2"
"CYP2R1",3.24e-14,-0.335,0.208,0.244,6.03e-10,"CYP2R1"
"TRDMT1",3.25e-14,0.213,0.406,0.378,6.04e-10,"TRDMT1"
"EXPH5",3.25e-14,0.639,0.078,0.058,6.06e-10,"EXPH5"
"NPTX1",3.3e-14,-0.655,0.021,0.035,6.13e-10,"NPTX1"
"PLIN2",3.33e-14,0.384,0.214,0.186,6.2e-10,"PLIN2"
"GNL3L",3.39e-14,0.214,0.392,0.366,6.32e-10,"GNL3L"
"ENSG00000280334",3.43e-14,-1.396,0.004,0.011,6.38e-10,"ENSG00000280334"
"SMIM13",3.45e-14,-0.243,0.279,0.322,6.42e-10,"SMIM13"
"SLC25A29",3.45e-14,-0.189,0.316,0.361,6.43e-10,"SLC25A29"
"CSK",3.45e-14,-0.225,0.145,0.178,6.43e-10,"CSK"
"CUBN",3.46e-14,0.37,0.165,0.137,6.44e-10,"CUBN"
"DYDC2",3.47e-14,-0.498,0.026,0.041,6.47e-10,"DYDC2"
"PLXNA1",3.49e-14,-0.313,0.165,0.2,6.49e-10,"PLXNA1"
"AARS1",3.5e-14,-0.194,0.411,0.455,6.51e-10,"AARS1"
"ALG1",3.51e-14,0.421,0.174,0.147,6.54e-10,"ALG1"
"KCNG1",3.58e-14,0.388,0.194,0.165,6.67e-10,"KCNG1"
"FBXW4",3.58e-14,-0.356,0.091,0.117,6.67e-10,"FBXW4"
"IMP4",3.69e-14,0.269,0.326,0.301,6.87e-10,"IMP4"
"SUGP2",3.74e-14,-0.197,0.56,0.603,6.96e-10,"SUGP2"
"AGL",3.88e-14,0.175,0.506,0.481,7.22e-10,"AGL"
"RANGRF",3.93e-14,0.314,0.281,0.254,7.31e-10,"RANGRF"
"EEFSEC",3.97e-14,-0.283,0.344,0.385,7.39e-10,"EEFSEC"
"NUDT6",3.97e-14,0.33,0.237,0.21,7.39e-10,"NUDT6"
"MRPL10",3.98e-14,0.335,0.258,0.231,7.4e-10,"MRPL10"
"SLC45A1",4e-14,-0.55,0.052,0.072,7.44e-10,"SLC45A1"
"IMPA2",4.04e-14,0.648,0.082,0.062,7.51e-10,"IMPA2"
"KLF6",4.17e-14,0.125,0.442,0.411,7.77e-10,"KLF6"
"RSL1D1",4.19e-14,0.133,0.698,0.679,7.8e-10,"RSL1D1"
"SWT1",4.21e-14,0.17,0.453,0.425,7.84e-10,"SWT1"
"ARID3B",4.52e-14,-0.319,0.133,0.164,8.42e-10,"ARID3B"
"ROBO2",4.57e-14,-0.768,0.398,0.433,8.51e-10,"ROBO2"
"RANBP17",4.59e-14,-0.203,0.753,0.774,8.54e-10,"RANBP17"
"CDC20B",4.71e-14,2.794,0.014,0.006,8.77e-10,"CDC20B"
"MED31",4.75e-14,0.23,0.446,0.424,8.85e-10,"MED31"
"NOS1",4.78e-14,-2.61,0.004,0.011,8.89e-10,"NOS1"
"MOV10",4.79e-14,0.493,0.118,0.094,8.92e-10,"MOV10"
"CPNE5",4.86e-14,0.472,0.22,0.193,9.04e-10,"CPNE5"
"SELENOI",4.86e-14,-0.24,0.427,0.471,9.04e-10,"SELENOI"
"SSU72",4.89e-14,0.12,0.754,0.733,9.11e-10,"SSU72"
"CAV3",4.91e-14,-0.403,0.051,0.071,9.13e-10,"CAV3"
"WBP1L",4.91e-14,0.231,0.363,0.337,9.14e-10,"WBP1L"
"MMUT",4.94e-14,0.218,0.451,0.428,9.2e-10,"MMUT"
"GMPPA",4.95e-14,0.527,0.109,0.087,9.22e-10,"GMPPA"
"NSMCE4A",4.98e-14,0.206,0.42,0.393,9.27e-10,"NSMCE4A"
"REV1",5.1e-14,-0.195,0.502,0.547,9.49e-10,"REV1"
"FTSJ1",5.1e-14,-0.27,0.144,0.177,9.5e-10,"FTSJ1"
"C6orf58",5.14e-14,-0.661,0.03,0.046,9.57e-10,"C6orf58"
"CERS4",5.17e-14,0.214,0.399,0.375,9.62e-10,"CERS4"
"C1GALT1C1",5.23e-14,0.28,0.296,0.269,9.73e-10,"C1GALT1C1"
"NKRF",5.25e-14,-0.298,0.142,0.173,9.77e-10,"NKRF"
"ZNF589",5.32e-14,-0.3,0.229,0.267,9.91e-10,"ZNF589"
"SLFN12",5.34e-14,1.04,0.025,0.014,9.94e-10,"SLFN12"
"DCTN4",5.44e-14,0.127,0.654,0.639,1.01e-09,"DCTN4"
"ZNF510",5.87e-14,-0.222,0.207,0.246,1.09e-09,"ZNF510"
"RANBP6",5.93e-14,-0.23,0.264,0.305,1.1e-09,"RANBP6"
"SREK1IP1",5.95e-14,0.16,0.583,0.56,1.11e-09,"SREK1IP1"
"TTL",5.98e-14,-0.245,0.359,0.401,1.11e-09,"TTL"
"ANKRD10",6.07e-14,-0.124,0.754,0.788,1.13e-09,"ANKRD10"
"S100A11",6.13e-14,1.223,0.024,0.013,1.14e-09,"S100A11"
"BMP1",6.19e-14,0.499,0.118,0.094,1.15e-09,"BMP1"
"GNAQ",6.22e-14,-0.105,0.961,0.964,1.16e-09,"GNAQ"
"H6PD",6.22e-14,0.317,0.237,0.211,1.16e-09,"H6PD"
"TFAP2C",6.45e-14,0.634,0.052,0.035,1.2e-09,"TFAP2C"
"GALNT4",6.49e-14,0.521,0.111,0.088,1.21e-09,"GALNT4"
"KARS1",6.5e-14,0.224,0.397,0.374,1.21e-09,"KARS1"
"SUPT16H",6.7e-14,0.131,0.839,0.828,1.25e-09,"SUPT16H"
"MSRB3",6.81e-14,0.337,0.142,0.115,1.27e-09,"MSRB3"
"ZFYVE27",6.86e-14,-0.272,0.273,0.313,1.28e-09,"ZFYVE27"
"RBBP9",7e-14,0.332,0.258,0.232,1.3e-09,"RBBP9"
"IPCEF1",7.07e-14,-0.931,0.047,0.065,1.32e-09,"IPCEF1"
"CHD1",7.07e-14,0.134,0.648,0.625,1.32e-09,"CHD1"
"STPG2",7.08e-14,0.265,0.216,0.185,1.32e-09,"STPG2"
"TMEM30A",7.11e-14,0.159,0.613,0.598,1.32e-09,"TMEM30A"
"CCDC171",7.18e-14,-0.283,0.458,0.496,1.34e-09,"CCDC171"
"TRPM7",7.21e-14,0.139,0.63,0.614,1.34e-09,"TRPM7"
"TIMM9",7.26e-14,0.18,0.506,0.485,1.35e-09,"TIMM9"
"PTGES3L",7.59e-14,-1.031,0.012,0.022,1.41e-09,"PTGES3L"
"MYO19",7.61e-14,-0.253,0.23,0.269,1.42e-09,"MYO19"
"ZFP82",7.64e-14,-0.225,0.387,0.432,1.42e-09,"ZFP82"
"RTL8B",7.65e-14,0.398,0.181,0.155,1.42e-09,"RTL8B"
"STOML1",7.73e-14,-0.352,0.089,0.115,1.44e-09,"STOML1"
"DHRS13",7.77e-14,-0.367,0.1,0.127,1.45e-09,"DHRS13"
"MRPS23",7.86e-14,0.134,0.602,0.581,1.46e-09,"MRPS23"
"LVRN",7.89e-14,-1.077,0.011,0.022,1.47e-09,"LVRN"
"RIMOC1",7.96e-14,0.234,0.382,0.358,1.48e-09,"RIMOC1"
"CDKL1",8.08e-14,-0.299,0.314,0.353,1.5e-09,"CDKL1"
"B3GALNT2",8.09e-14,0.197,0.462,0.437,1.51e-09,"B3GALNT2"
"PNP",8.25e-14,0.375,0.204,0.177,1.53e-09,"PNP"
"RPIA",8.32e-14,-0.199,0.326,0.371,1.55e-09,"RPIA"
"ZNF83",8.37e-14,0.14,0.543,0.516,1.56e-09,"ZNF83"
"SPINK5",8.67e-14,0.154,0.421,0.387,1.61e-09,"SPINK5"
"ZFYVE1",8.7e-14,0.278,0.275,0.248,1.62e-09,"ZFYVE1"
"ZNF74",8.8e-14,-0.274,0.199,0.235,1.64e-09,"ZNF74"
"CCNL1",9.03e-14,0.137,0.588,0.568,1.68e-09,"CCNL1"
"RALB",9.04e-14,0.268,0.311,0.284,1.68e-09,"RALB"
"PNMA8C",9.1e-14,-0.466,0.062,0.084,1.69e-09,"PNMA8C"
"MYB",9.15e-14,-0.573,0.017,0.029,1.7e-09,"MYB"
"PHGDH",9.22e-14,0.151,0.583,0.548,1.72e-09,"PHGDH"
"TCP11L1",9.25e-14,-0.254,0.312,0.353,1.72e-09,"TCP11L1"
"STRN3",9.5e-14,0.136,0.816,0.805,1.77e-09,"STRN3"
"RBM4",9.54e-14,-0.232,0.438,0.486,1.78e-09,"RBM4"
"METTL5",9.64e-14,0.13,0.613,0.592,1.79e-09,"METTL5"
"PQBP1",9.76e-14,0.155,0.583,0.566,1.82e-09,"PQBP1"
"MON1B",9.79e-14,0.265,0.275,0.247,1.82e-09,"MON1B"
"ARSF",9.8e-14,-1.526,0.004,0.01,1.82e-09,"ARSF"
"SEPTIN4",9.87e-14,-0.618,0.028,0.043,1.84e-09,"SEPTIN4"
"FBXW5",9.9e-14,0.302,0.276,0.25,1.84e-09,"FBXW5"
"SLC25A40",1e-13,-0.193,0.255,0.297,1.86e-09,"SLC25A40"
"PRKX",1.01e-13,0.155,0.466,0.432,1.89e-09,"PRKX"
"ANTKMT",1.02e-13,0.249,0.403,0.381,1.9e-09,"ANTKMT"
"WDR26",1.03e-13,0.147,0.567,0.546,1.92e-09,"WDR26"
"MT1M",1.04e-13,1.109,0.026,0.014,1.93e-09,"MT1M"
"IMPDH1",1.04e-13,-0.489,0.069,0.091,1.94e-09,"IMPDH1"
"FAM13B",1.05e-13,-0.187,0.67,0.705,1.96e-09,"FAM13B"
"FOXO6",1.06e-13,-0.287,0.058,0.08,1.97e-09,"FOXO6"
"ADAM15",1.08e-13,0.348,0.194,0.167,2.01e-09,"ADAM15"
"SOCS7",1.1e-13,-0.197,0.338,0.382,2.05e-09,"SOCS7"
"ABCC8",1.13e-13,-0.392,0.075,0.099,2.09e-09,"ABCC8"
"REPS1",1.13e-13,0.15,0.765,0.753,2.1e-09,"REPS1"
"DOCK6",1.13e-13,0.542,0.092,0.071,2.11e-09,"DOCK6"
"CCDC77",1.14e-13,-0.262,0.187,0.222,2.12e-09,"CCDC77"
"ATP10D",1.15e-13,0.207,0.319,0.289,2.14e-09,"ATP10D"
"CEP72",1.15e-13,-0.464,0.048,0.067,2.15e-09,"CEP72"
"ILVBL",1.18e-13,0.288,0.272,0.244,2.2e-09,"ILVBL"
"PHC2",1.19e-13,-0.173,0.49,0.537,2.22e-09,"PHC2"
"OSGIN2",1.2e-13,0.303,0.279,0.253,2.23e-09,"OSGIN2"
"NLGN3",1.2e-13,0.229,0.344,0.318,2.24e-09,"NLGN3"
"ZNF549",1.21e-13,-0.332,0.186,0.22,2.25e-09,"ZNF549"
"THAP11",1.21e-13,0.228,0.397,0.374,2.25e-09,"THAP11"
"DBT",1.21e-13,0.228,0.369,0.344,2.26e-09,"DBT"
"HCFC1",1.24e-13,0.257,0.369,0.346,2.3e-09,"HCFC1"
"SPTLC3",1.26e-13,0.972,0.034,0.021,2.35e-09,"SPTLC3"
"ZNF280B",1.31e-13,-0.244,0.184,0.219,2.44e-09,"ZNF280B"
"MAGEF1",1.32e-13,0.139,0.715,0.698,2.46e-09,"MAGEF1"
"GBA",1.34e-13,0.438,0.142,0.118,2.49e-09,"GBA"
"LRAT",1.36e-13,0.544,0.096,0.075,2.52e-09,"LRAT"
"WBP4",1.37e-13,0.172,0.482,0.46,2.56e-09,"WBP4"
"LOXL1",1.38e-13,0.352,0.183,0.155,2.57e-09,"LOXL1"
"FOXO3",1.39e-13,0.129,0.607,0.575,2.58e-09,"FOXO3"
"ELMOD2",1.4e-13,0.171,0.413,0.386,2.6e-09,"ELMOD2"
"LURAP1L",1.4e-13,-0.432,0.093,0.118,2.61e-09,"LURAP1L"
"BEAN1",1.42e-13,-0.581,0.055,0.075,2.64e-09,"BEAN1"
"NUDCD1",1.42e-13,-0.204,0.333,0.377,2.64e-09,"NUDCD1"
"RRP8",1.43e-13,0.285,0.256,0.228,2.65e-09,"RRP8"
"PLOD3",1.49e-13,0.307,0.224,0.197,2.77e-09,"PLOD3"
"PDE2A",1.49e-13,0.497,0.089,0.068,2.78e-09,"PDE2A"
"SLC35A4",1.5e-13,0.387,0.183,0.157,2.78e-09,"SLC35A4"
"SLC52A2",1.56e-13,0.266,0.297,0.271,2.9e-09,"SLC52A2"
"FN3K",1.6e-13,0.282,0.19,0.163,2.98e-09,"FN3K"
"CARD19",1.62e-13,0.265,0.367,0.342,3.01e-09,"CARD19"
"CREB3",1.64e-13,0.254,0.368,0.343,3.06e-09,"CREB3"
"H2AC20",1.64e-13,0.258,0.218,0.189,3.06e-09,"H2AC20"
"RAB15",1.66e-13,-0.442,0.072,0.095,3.09e-09,"RAB15"
"NUDT2",1.69e-13,0.216,0.404,0.381,3.15e-09,"NUDT2"
"ADAMTS10",1.7e-13,-0.324,0.196,0.23,3.17e-09,"ADAMTS10"
"USP33",1.71e-13,-0.175,0.757,0.786,3.17e-09,"USP33"
"TSHR",1.74e-13,0.252,0.171,0.143,3.25e-09,"TSHR"
"ALDH4A1",1.75e-13,0.584,0.082,0.062,3.26e-09,"ALDH4A1"
"HAUS2",1.75e-13,0.25,0.349,0.323,3.26e-09,"HAUS2"
"DBNDD2",1.75e-13,0.351,0.291,0.266,3.27e-09,"DBNDD2"
"ATP6V1H",1.77e-13,0.16,0.695,0.681,3.3e-09,"ATP6V1H"
"DMRT1",1.79e-13,1.783,0.012,0.005,3.33e-09,"DMRT1"
"ARL10",1.82e-13,-0.25,0.296,0.338,3.38e-09,"ARL10"
"TBPL1",1.83e-13,-0.205,0.425,0.471,3.41e-09,"TBPL1"
"THUMPD1",1.83e-13,0.159,0.535,0.513,3.41e-09,"THUMPD1"
"AP1G1",1.85e-13,0.126,0.615,0.595,3.45e-09,"AP1G1"
"STK25",1.85e-13,0.137,0.528,0.506,3.45e-09,"STK25"
"AFG1L",1.86e-13,0.19,0.437,0.41,3.46e-09,"AFG1L"
"R3HDM1",1.89e-13,-0.235,0.798,0.819,3.52e-09,"R3HDM1"
"FUBP1",1.95e-13,0.112,0.837,0.825,3.63e-09,"FUBP1"
"SLIT3",1.95e-13,0.943,0.12,0.097,3.63e-09,"SLIT3"
"IGFBP3",1.95e-13,-0.971,0.013,0.024,3.64e-09,"IGFBP3"
"ZFYVE26",1.98e-13,0.288,0.274,0.248,3.68e-09,"ZFYVE26"
"MTUS1",2.01e-13,0.198,0.414,0.385,3.74e-09,"MTUS1"
"LCLAT1",2.03e-13,-0.212,0.505,0.546,3.79e-09,"LCLAT1"
"ZPBP",2.05e-13,-1.95,0.005,0.012,3.82e-09,"ZPBP"
"PRPS1",2.09e-13,0.2,0.457,0.433,3.89e-09,"PRPS1"
"AKR1C2",2.09e-13,-0.159,0.111,0.139,3.89e-09,"AKR1C2"
"LCTL",2.13e-13,0.829,0.041,0.027,3.97e-09,"LCTL"
"HABP4",2.14e-13,0.178,0.522,0.503,3.98e-09,"HABP4"
"GABPB2",2.23e-13,0.324,0.254,0.228,4.15e-09,"GABPB2"
"CYCS",2.27e-13,0.118,0.828,0.813,4.22e-09,"CYCS"
"VWA3B",2.29e-13,0.276,0.154,0.128,4.26e-09,"VWA3B"
"STAU1",2.3e-13,0.108,0.782,0.764,4.28e-09,"STAU1"
"PGM5",2.31e-13,0.571,0.092,0.071,4.3e-09,"PGM5"
"MEX3A",2.4e-13,-0.129,0.623,0.662,4.46e-09,"MEX3A"
"ITPRIPL2",2.4e-13,0.599,0.066,0.047,4.48e-09,"ITPRIPL2"
"ATOH8",2.44e-13,0.739,0.049,0.033,4.54e-09,"ATOH8"
"TAF8",2.49e-13,0.419,0.171,0.145,4.64e-09,"TAF8"
"TSPAN9",2.5e-13,0.304,0.231,0.204,4.65e-09,"TSPAN9"
"USP7",2.54e-13,-0.148,0.473,0.525,4.72e-09,"USP7"
"PPM1N",2.54e-13,-0.964,0.012,0.023,4.74e-09,"PPM1N"
"ENSG00000268533",2.56e-13,-0.358,0.112,0.14,4.76e-09,"ENSG00000268533"
"SPAG6",2.61e-13,-0.338,0.058,0.078,4.85e-09,"SPAG6"
"RIMBP2",2.71e-13,-0.413,0.234,0.266,5.04e-09,"RIMBP2"
"SPCS3",2.74e-13,0.14,0.586,0.565,5.09e-09,"SPCS3"
"INTS6",2.74e-13,0.164,0.552,0.53,5.11e-09,"INTS6"
"POGLUT3",2.79e-13,0.429,0.163,0.138,5.19e-09,"POGLUT3"
"ARMC10",2.9e-13,0.141,0.545,0.523,5.41e-09,"ARMC10"
"HEATR4",2.91e-13,-0.572,0.05,0.069,5.42e-09,"HEATR4"
"C9orf40",2.94e-13,-0.18,0.233,0.274,5.47e-09,"C9orf40"
"RNGTT",2.96e-13,-0.177,0.71,0.744,5.5e-09,"RNGTT"
"MADCAM1",2.97e-13,-0.561,0.035,0.051,5.53e-09,"MADCAM1"
"OTUD7A",2.97e-13,-0.318,0.513,0.545,5.53e-09,"OTUD7A"
"INTS4",3e-13,0.155,0.458,0.431,5.58e-09,"INTS4"
"LHX2",3.07e-13,0.767,0.148,0.125,5.71e-09,"LHX2"
"HECA",3.07e-13,-0.232,0.162,0.195,5.72e-09,"HECA"
"SFTPD",3.08e-13,-0.801,0.022,0.035,5.74e-09,"SFTPD"
"ABHD11",3.09e-13,0.417,0.123,0.1,5.74e-09,"ABHD11"
"NAA38",3.14e-13,0.141,0.613,0.594,5.85e-09,"NAA38"
"FCHSD2",3.23e-13,-0.189,0.81,0.833,6.01e-09,"FCHSD2"
"ALDH1L1",3.26e-13,0.709,0.04,0.026,6.06e-09,"ALDH1L1"
"CBLN1",3.29e-13,-0.89,0.007,0.016,6.13e-09,"CBLN1"
"GAB2",3.41e-13,0.171,0.762,0.74,6.34e-09,"GAB2"
"ACLY",3.42e-13,0.177,0.484,0.464,6.37e-09,"ACLY"
"RARB",3.51e-13,-0.578,0.097,0.122,6.53e-09,"RARB"
"DTX3",3.52e-13,-0.196,0.275,0.318,6.55e-09,"DTX3"
"BDP1",3.58e-13,-0.184,0.679,0.713,6.67e-09,"BDP1"
"SFR1",3.58e-13,0.321,0.244,0.218,6.67e-09,"SFR1"
"RAD18",3.62e-13,-0.172,0.209,0.246,6.74e-09,"RAD18"
"SOWAHC",3.64e-13,0.315,0.268,0.242,6.78e-09,"SOWAHC"
"THADA",3.66e-13,0.131,0.613,0.591,6.82e-09,"THADA"
"APEH",3.68e-13,0.369,0.205,0.18,6.85e-09,"APEH"
"RIOX2",3.7e-13,0.317,0.238,0.211,6.88e-09,"RIOX2"
"SUZ12",3.74e-13,0.146,0.682,0.664,6.95e-09,"SUZ12"
"DZIP1",3.77e-13,-0.19,0.497,0.542,7.01e-09,"DZIP1"
"TUFT1",3.77e-13,-0.38,0.066,0.087,7.01e-09,"TUFT1"
"PLA2G6",3.86e-13,0.548,0.128,0.105,7.19e-09,"PLA2G6"
"ZNF782",3.89e-13,-0.239,0.352,0.393,7.23e-09,"ZNF782"
"PNN",3.9e-13,-0.14,0.868,0.885,7.26e-09,"PNN"
"GGNBP2",4.02e-13,0.106,0.68,0.663,7.48e-09,"GGNBP2"
"AXIN2",4.03e-13,0.375,0.159,0.133,7.5e-09,"AXIN2"
"C10orf90",4.1e-13,0.354,0.199,0.171,7.63e-09,"C10orf90"
"PINX1",4.12e-13,0.251,0.309,0.282,7.67e-09,"PINX1"
"EIF4G1",4.2e-13,0.191,0.48,0.462,7.81e-09,"EIF4G1"
"ZNF254",4.23e-13,-0.151,0.755,0.784,7.87e-09,"ZNF254"
"IMMP1L",4.25e-13,0.116,0.737,0.721,7.91e-09,"IMMP1L"
"SPATA33",4.25e-13,-0.214,0.244,0.283,7.92e-09,"SPATA33"
"MARCHF8",4.28e-13,0.187,0.384,0.355,7.96e-09,"MARCHF8"
"KHDC4",4.36e-13,-0.219,0.316,0.361,8.12e-09,"KHDC4"
"PDZRN4",4.48e-13,-3.025,0.183,0.208,8.34e-09,"PDZRN4"
"PXDN",4.66e-13,-0.19,0.302,0.344,8.68e-09,"PXDN"
"TUBB2A",4.74e-13,0.15,0.916,0.915,8.82e-09,"TUBB2A"
"SAE1",4.77e-13,0.187,0.54,0.519,8.88e-09,"SAE1"
"TSPOAP1",4.85e-13,-0.295,0.148,0.179,9.02e-09,"TSPOAP1"
"NMU",4.95e-13,-0.193,0.059,0.079,9.22e-09,"NMU"
"CMC2",4.96e-13,0.157,0.545,0.522,9.23e-09,"CMC2"
"ATXN1L",4.96e-13,0.311,0.262,0.235,9.24e-09,"ATXN1L"
"SPRY4",4.97e-13,-0.673,0.044,0.062,9.24e-09,"SPRY4"
"AK2",5.01e-13,0.24,0.32,0.295,9.32e-09,"AK2"
"MRPL9",5.02e-13,0.242,0.417,0.397,9.35e-09,"MRPL9"
"POT1",5.03e-13,0.192,0.423,0.398,9.36e-09,"POT1"
"SYT15B",5.07e-13,-1.06,0.011,0.021,9.44e-09,"SYT15B"
"TPBG",5.08e-13,0.666,0.082,0.062,9.45e-09,"TPBG"
"RESF1",5.09e-13,-0.244,0.339,0.379,9.47e-09,"RESF1"
"PTK2B",5.23e-13,0.365,0.151,0.126,9.74e-09,"PTK2B"
"H1-0",5.31e-13,0.368,0.101,0.079,9.88e-09,"H1-0"
"CDC16",5.35e-13,0.129,0.584,0.563,9.95e-09,"CDC16"
"ARAF",5.4e-13,0.374,0.197,0.172,1e-08,"ARAF"
"TLCD4",5.42e-13,-0.512,0.056,0.076,1.01e-08,"TLCD4"
"SLC31A1",5.47e-13,0.234,0.325,0.299,1.02e-08,"SLC31A1"
"VPS36",5.58e-13,-0.192,0.581,0.625,1.04e-08,"VPS36"
"C9orf78",5.63e-13,0.144,0.583,0.563,1.05e-08,"C9orf78"
"KCNJ8",5.69e-13,0.477,0.118,0.095,1.06e-08,"KCNJ8"
"HECTD2",5.77e-13,0.17,0.671,0.659,1.07e-08,"HECTD2"
"STK38",5.84e-13,-0.266,0.401,0.44,1.09e-08,"STK38"
"PIK3R2",5.94e-13,0.421,0.142,0.118,1.11e-08,"PIK3R2"
"B4GALNT4",6.01e-13,-0.22,0.315,0.358,1.12e-08,"B4GALNT4"
"TTC27",6.07e-13,0.159,0.422,0.394,1.13e-08,"TTC27"
"ZNF133",6.14e-13,-0.226,0.311,0.354,1.14e-08,"ZNF133"
"PTCH2",6.25e-13,0.281,0.339,0.313,1.16e-08,"PTCH2"
"ITGA8",6.28e-13,-1.881,0.006,0.013,1.17e-08,"ITGA8"
"PCDH11Y",6.38e-13,-1.4,0.009,0.018,1.19e-08,"PCDH11Y"
"GPR179",6.56e-13,-1.808,0.003,0.01,1.22e-08,"GPR179"
"PCP4",6.6e-13,0.267,0.116,0.144,1.23e-08,"PCP4"
"ELOVL7",6.61e-13,-0.687,0.028,0.043,1.23e-08,"ELOVL7"
"SHLD2",6.67e-13,0.148,0.559,0.537,1.24e-08,"SHLD2"
"CABCOCO1",6.9e-13,0.334,0.182,0.155,1.28e-08,"CABCOCO1"
"PYCR2",6.9e-13,0.268,0.305,0.28,1.28e-08,"PYCR2"
"RIOK1",7.19e-13,-0.227,0.246,0.284,1.34e-08,"RIOK1"
"RAB1B",7.2e-13,0.345,0.235,0.209,1.34e-08,"RAB1B"
"MIEF2",7.52e-13,-0.398,0.083,0.106,1.4e-08,"MIEF2"
"TACC1",7.53e-13,0.191,0.536,0.517,1.4e-08,"TACC1"
"GATD3",7.54e-13,0.265,0.292,0.265,1.4e-08,"GATD3"
"MALRD1",7.7e-13,0.271,0.144,0.118,1.43e-08,"MALRD1"
"CTNS",7.79e-13,0.357,0.163,0.138,1.45e-08,"CTNS"
"CFI",7.91e-13,1.653,0.012,0.005,1.47e-08,"CFI"
"VPS16",7.95e-13,0.249,0.308,0.283,1.48e-08,"VPS16"
"PLCB3",7.96e-13,0.556,0.105,0.084,1.48e-08,"PLCB3"
"LRRC40",8.16e-13,-0.187,0.54,0.586,1.52e-08,"LRRC40"
"CHRM5",8.22e-13,-1.279,0.051,0.069,1.53e-08,"CHRM5"
"CYS1",8.23e-13,0.741,0.047,0.032,1.53e-08,"CYS1"
"MEGF6",8.26e-13,0.74,0.033,0.021,1.54e-08,"MEGF6"
"GLYATL2",8.47e-13,-0.209,0.244,0.28,1.58e-08,"GLYATL2"
"MRPL45",8.5e-13,0.251,0.328,0.302,1.58e-08,"MRPL45"
"POLR2C",8.56e-13,0.177,0.452,0.43,1.59e-08,"POLR2C"
"SMIM27",8.87e-13,0.303,0.206,0.18,1.65e-08,"SMIM27"
"TRIM58",8.92e-13,-1.355,0.006,0.014,1.66e-08,"TRIM58"
"NME5",8.93e-13,0.186,0.441,0.415,1.66e-08,"NME5"
"DHRSX",9.07e-13,0.278,0.26,0.233,1.69e-08,"DHRSX"
"EFNA3",9.1e-13,-0.275,0.118,0.146,1.69e-08,"EFNA3"
"GRPEL2",9.13e-13,-0.313,0.098,0.123,1.7e-08,"GRPEL2"
"POLDIP2",9.16e-13,0.183,0.485,0.464,1.71e-08,"POLDIP2"
"PIP5K1A",9.21e-13,0.143,0.59,0.57,1.72e-08,"PIP5K1A"
"DIS3L",9.32e-13,0.233,0.378,0.354,1.74e-08,"DIS3L"
"UBN2",9.35e-13,-0.172,0.604,0.645,1.74e-08,"UBN2"
"RNF43",9.66e-13,0.986,0.026,0.015,1.8e-08,"RNF43"
"PHTF1",9.7e-13,0.142,0.559,0.54,1.8e-08,"PHTF1"
"ESPN",9.73e-13,1.531,0.024,0.014,1.81e-08,"ESPN"
"SVEP1",9.76e-13,-1.38,0.024,0.037,1.82e-08,"SVEP1"
"RUVBL1",9.77e-13,0.167,0.555,0.538,1.82e-08,"RUVBL1"
"SPHK1",9.77e-13,1.028,0.026,0.015,1.82e-08,"SPHK1"
"CLPX",9.98e-13,0.168,0.517,0.495,1.86e-08,"CLPX"
"ANXA1",1e-12,1.43,0.029,0.017,1.86e-08,"ANXA1"
"C8orf82",1.01e-12,0.336,0.246,0.221,1.89e-08,"C8orf82"
"AP1S3",1.01e-12,-0.369,0.109,0.135,1.89e-08,"AP1S3"
"IVNS1ABP",1.02e-12,-0.141,0.385,0.432,1.91e-08,"IVNS1ABP"
"ENTPD1",1.04e-12,0.318,0.19,0.163,1.94e-08,"ENTPD1"
"RIPOR2",1.04e-12,-0.636,0.177,0.204,1.94e-08,"RIPOR2"
"TIPIN",1.05e-12,0.239,0.338,0.313,1.96e-08,"TIPIN"
"OSBPL2",1.06e-12,0.23,0.363,0.337,1.97e-08,"OSBPL2"
"SOGA1",1.08e-12,-0.205,0.382,0.423,2.01e-08,"SOGA1"
"PRDM10",1.09e-12,-0.269,0.203,0.238,2.03e-08,"PRDM10"
"SLC9A8",1.09e-12,0.233,0.303,0.276,2.04e-08,"SLC9A8"
"CXCL14",1.1e-12,1.918,0.037,0.024,2.05e-08,"CXCL14"
"PLPP6",1.11e-12,-0.492,0.058,0.077,2.06e-08,"PLPP6"
"CEACAM19",1.14e-12,-0.636,0.036,0.052,2.11e-08,"CEACAM19"
"ARL13B",1.14e-12,0.129,0.597,0.571,2.13e-08,"ARL13B"
"POR",1.17e-12,0.174,0.488,0.47,2.18e-08,"POR"
"GAREM1",1.18e-12,-0.106,0.546,0.51,2.19e-08,"GAREM1"
"RACGAP1",1.24e-12,-0.145,0.112,0.139,2.31e-08,"RACGAP1"
"SP5",1.25e-12,1.016,0.022,0.012,2.32e-08,"SP5"
"GIT1",1.25e-12,-0.223,0.219,0.256,2.33e-08,"GIT1"
"CCDC91",1.26e-12,0.106,0.74,0.713,2.35e-08,"CCDC91"
"STARD6",1.27e-12,0.907,0.036,0.023,2.36e-08,"STARD6"
"SERINC5",1.27e-12,0.144,0.432,0.406,2.37e-08,"SERINC5"
"AGRN",1.32e-12,0.319,0.205,0.179,2.45e-08,"AGRN"
"LRRC9",1.35e-12,0.232,0.324,0.291,2.5e-08,"LRRC9"
"GADD45B",1.37e-12,0.524,0.08,0.061,2.54e-08,"GADD45B"
"SOCS4",1.38e-12,0.187,0.404,0.382,2.56e-08,"SOCS4"
"CEP250",1.38e-12,-0.248,0.224,0.261,2.56e-08,"CEP250"
"BOD1L1",1.38e-12,-0.186,0.719,0.746,2.57e-08,"BOD1L1"
"KCNJ11",1.4e-12,-0.825,0.015,0.026,2.61e-08,"KCNJ11"
"ADCY3",1.43e-12,-0.259,0.217,0.251,2.66e-08,"ADCY3"
"NUDT1",1.49e-12,0.289,0.334,0.309,2.78e-08,"NUDT1"
"CTF1",1.5e-12,0.771,0.052,0.037,2.79e-08,"CTF1"
"GALNT16",1.5e-12,-0.302,0.108,0.135,2.79e-08,"GALNT16"
"CEBPZOS",1.51e-12,-0.193,0.195,0.23,2.81e-08,"CEBPZOS"
"CMAS",1.51e-12,-0.214,0.51,0.55,2.81e-08,"CMAS"
"GPR61",1.51e-12,-1,0.014,0.025,2.82e-08,"GPR61"
"PLEKHH2",1.55e-12,0.191,0.175,0.146,2.89e-08,"PLEKHH2"
"UBXN7",1.55e-12,0.136,0.649,0.636,2.89e-08,"UBXN7"
"PPP1R3F",1.58e-12,-0.231,0.174,0.207,2.95e-08,"PPP1R3F"
"ARGLU1",1.58e-12,-0.128,0.9,0.907,2.95e-08,"ARGLU1"
"MYH11",1.6e-12,0.849,0.042,0.028,2.98e-08,"MYH11"
"SHQ1",1.61e-12,0.289,0.238,0.211,3e-08,"SHQ1"
"UBASH3B",1.63e-12,0.201,0.256,0.224,3.04e-08,"UBASH3B"
"DENND3",1.69e-12,-0.616,0.043,0.06,3.14e-08,"DENND3"
"ZNF814",1.71e-12,-0.19,0.389,0.432,3.18e-08,"ZNF814"
"CTTNBP2NL",1.75e-12,-0.194,0.529,0.567,3.25e-08,"CTTNBP2NL"
"JAK2",1.75e-12,-0.227,0.433,0.474,3.26e-08,"JAK2"
"DUSP1",1.76e-12,-0.203,0.141,0.171,3.29e-08,"DUSP1"
"SLC39A7",1.78e-12,0.169,0.545,0.526,3.31e-08,"SLC39A7"
"ATAT1",1.79e-12,-0.212,0.506,0.543,3.33e-08,"ATAT1"
"EBNA1BP2",1.8e-12,0.177,0.536,0.519,3.35e-08,"EBNA1BP2"
"USP46",1.8e-12,0.153,0.543,0.522,3.35e-08,"USP46"
"ARFGAP3",1.88e-12,0.137,0.657,0.645,3.5e-08,"ARFGAP3"
"PIK3IP1",1.89e-12,0.357,0.187,0.162,3.51e-08,"PIK3IP1"
"RNF44",1.89e-12,-0.257,0.156,0.187,3.52e-08,"RNF44"
"TBC1D22B",1.92e-12,0.248,0.28,0.253,3.58e-08,"TBC1D22B"
"RPTOR",1.99e-12,0.135,0.593,0.572,3.7e-08,"RPTOR"
"DNAJB1",2.02e-12,0.2,0.386,0.363,3.76e-08,"DNAJB1"
"PUM3",2.04e-12,-0.224,0.576,0.612,3.8e-08,"PUM3"
"PFKL",2.13e-12,0.292,0.289,0.266,3.96e-08,"PFKL"
"AHSA1",2.14e-12,0.134,0.636,0.618,3.98e-08,"AHSA1"
"ZBTB7C",2.14e-12,0.163,0.416,0.387,3.99e-08,"ZBTB7C"
"ABCB5",2.17e-12,0.667,0.044,0.029,4.03e-08,"ABCB5"
"TSEN15",2.18e-12,0.144,0.481,0.457,4.06e-08,"TSEN15"
"ENSG00000230707",2.23e-12,0.573,0.095,0.075,4.15e-08,"ENSG00000230707"
"PAFAH2",2.25e-12,0.489,0.118,0.096,4.19e-08,"PAFAH2"
"DCP1A",2.26e-12,0.151,0.581,0.561,4.21e-08,"DCP1A"
"ACBD3",2.32e-12,0.159,0.637,0.623,4.32e-08,"ACBD3"
"FPGS",2.39e-12,0.299,0.235,0.21,4.45e-08,"FPGS"
"MPZL3",2.4e-12,-1.343,0.008,0.017,4.46e-08,"MPZL3"
"EPHB2",2.41e-12,0.181,0.625,0.608,4.48e-08,"EPHB2"
"OPN3",2.43e-12,0.657,0.071,0.053,4.53e-08,"OPN3"
"TMEM184B",2.45e-12,0.211,0.418,0.393,4.56e-08,"TMEM184B"
"NDEL1",2.45e-12,-0.227,0.268,0.306,4.56e-08,"NDEL1"
"PPP1R18",2.47e-12,-0.29,0.173,0.204,4.59e-08,"PPP1R18"
"CNTNAP1",2.51e-12,-0.518,0.065,0.085,4.67e-08,"CNTNAP1"
"FAM219B",2.55e-12,-0.216,0.236,0.274,4.75e-08,"FAM219B"
"ZNF570",2.61e-12,-0.296,0.143,0.172,4.85e-08,"ZNF570"
"TAF1B",2.64e-12,0.143,0.629,0.611,4.91e-08,"TAF1B"
"AK9",2.65e-12,-0.205,0.259,0.295,4.93e-08,"AK9"
"LRRC1",2.7e-12,0.165,0.362,0.333,5.02e-08,"LRRC1"
"LDLRAP1",2.73e-12,0.787,0.043,0.029,5.09e-08,"LDLRAP1"
"SGSM1",2.75e-12,-0.259,0.29,0.326,5.12e-08,"SGSM1"
"NDUFAF1",2.75e-12,0.236,0.334,0.31,5.13e-08,"NDUFAF1"
"RAPGEF6",2.82e-12,-0.252,0.714,0.74,5.25e-08,"RAPGEF6"
"ABLIM1",2.97e-12,-0.314,0.466,0.498,5.53e-08,"ABLIM1"
"SPIN4",2.98e-12,-0.375,0.051,0.069,5.55e-08,"SPIN4"
"FAR2",2.99e-12,-0.765,0.088,0.11,5.56e-08,"FAR2"
"ME3",3.01e-12,-0.508,0.091,0.115,5.6e-08,"ME3"
"PNPLA3",3.05e-12,0.364,0.246,0.22,5.68e-08,"PNPLA3"
"IDS",3.09e-12,-0.206,0.71,0.736,5.74e-08,"IDS"
"POU6F1",3.09e-12,-0.234,0.228,0.265,5.75e-08,"POU6F1"
"RNF169",3.11e-12,0.142,0.553,0.531,5.79e-08,"RNF169"
"ICE2",3.13e-12,0.139,0.552,0.529,5.83e-08,"ICE2"
"NLGN1",3.15e-12,-0.398,0.961,0.944,5.86e-08,"NLGN1"
"SHKBP1",3.17e-12,0.479,0.099,0.079,5.9e-08,"SHKBP1"
"RPS6KA2",3.19e-12,0.139,0.632,0.611,5.94e-08,"RPS6KA2"
"ACADM",3.2e-12,0.108,0.697,0.675,5.96e-08,"ACADM"
"RABL2B",3.21e-12,-0.2,0.264,0.302,5.98e-08,"RABL2B"
"RAD23A",3.23e-12,0.131,0.652,0.632,6.02e-08,"RAD23A"
"TSFM",3.3e-12,0.212,0.417,0.398,6.14e-08,"TSFM"
"PRDM2",3.31e-12,-0.154,0.616,0.657,6.16e-08,"PRDM2"
"ZNF852",3.34e-12,-0.294,0.127,0.155,6.22e-08,"ZNF852"
"VWA5B1",3.35e-12,-0.442,0.062,0.082,6.24e-08,"VWA5B1"
"CD36",3.38e-12,-0.955,0.018,0.029,6.29e-08,"CD36"
"ANAPC15",3.42e-12,0.269,0.302,0.277,6.37e-08,"ANAPC15"
"CEP295",3.5e-12,-0.225,0.32,0.36,6.52e-08,"CEP295"
"WDR45",3.52e-12,0.177,0.333,0.305,6.55e-08,"WDR45"
"SNX27",3.53e-12,0.129,0.629,0.614,6.57e-08,"SNX27"
"MED16",3.55e-12,0.404,0.174,0.15,6.61e-08,"MED16"
"ENPP4",3.58e-12,-0.304,0.123,0.15,6.66e-08,"ENPP4"
"CCDC12",3.59e-12,0.17,0.572,0.558,6.68e-08,"CCDC12"
"BIVM",3.63e-12,-0.205,0.41,0.453,6.75e-08,"BIVM"
"CLDND2",3.75e-12,-0.595,0.028,0.042,6.98e-08,"CLDND2"
"TRIQK",3.8e-12,0.149,0.497,0.476,7.08e-08,"TRIQK"
"COMMD2",3.83e-12,0.126,0.677,0.661,7.12e-08,"COMMD2"
"ATP1B3",3.83e-12,-0.108,0.82,0.839,7.13e-08,"ATP1B3"
"PRNP",3.87e-12,0.192,0.573,0.556,7.21e-08,"PRNP"
"HELQ",3.89e-12,0.27,0.287,0.262,7.24e-08,"HELQ"
"MTMR11",3.93e-12,1.147,0.022,0.012,7.31e-08,"MTMR11"
"MEX3D",4.05e-12,-0.148,0.267,0.309,7.54e-08,"MEX3D"
"CERS2",4.07e-12,0.261,0.282,0.258,7.58e-08,"CERS2"
"NMT1",4.09e-12,0.133,0.536,0.519,7.61e-08,"NMT1"
"ABCB10",4.09e-12,-0.274,0.246,0.282,7.62e-08,"ABCB10"
"MIEF1",4.12e-12,0.237,0.328,0.304,7.66e-08,"MIEF1"
"ACAD10",4.13e-12,0.247,0.29,0.265,7.68e-08,"ACAD10"
"NAT14",4.13e-12,0.207,0.421,0.399,7.69e-08,"NAT14"
"KDELR3",4.29e-12,0.622,0.072,0.055,7.98e-08,"KDELR3"
"PSMG3",4.31e-12,0.201,0.397,0.375,8.02e-08,"PSMG3"
"CAMK2G",4.31e-12,0.129,0.564,0.54,8.03e-08,"CAMK2G"
"HKDC1",4.32e-12,0.689,0.035,0.022,8.04e-08,"HKDC1"
"SH3BGR",4.35e-12,0.322,0.238,0.213,8.1e-08,"SH3BGR"
"CTNNBIP1",4.39e-12,0.168,0.421,0.397,8.18e-08,"CTNNBIP1"
"ACAP2",4.47e-12,0.102,0.831,0.818,8.32e-08,"ACAP2"
"GPRASP1",4.49e-12,-0.449,0.059,0.078,8.36e-08,"GPRASP1"
"CEP20",4.76e-12,0.251,0.321,0.298,8.87e-08,"CEP20"
"ARID5A",4.85e-12,0.67,0.062,0.046,9.03e-08,"ARID5A"
"TRPC6",4.9e-12,-1.422,0.005,0.012,9.13e-08,"TRPC6"
"SCLY",4.94e-12,0.209,0.322,0.295,9.2e-08,"SCLY"
"PMAIP1",4.95e-12,0.594,0.088,0.069,9.21e-08,"PMAIP1"
"ENSG00000279289",4.97e-12,0.733,0.043,0.029,9.24e-08,"ENSG00000279289"
"IFT46",4.99e-12,0.269,0.325,0.303,9.28e-08,"IFT46"
"MTMR9",5.01e-12,-0.168,0.537,0.577,9.33e-08,"MTMR9"
"P4HA3",5.05e-12,-0.385,0.116,0.142,9.4e-08,"P4HA3"
"OMA1",5.08e-12,0.408,0.158,0.134,9.46e-08,"OMA1"
"BLMH",5.11e-12,0.247,0.316,0.292,9.52e-08,"BLMH"
"RPGRIP1L",5.21e-12,-0.172,0.406,0.448,9.7e-08,"RPGRIP1L"
"RASSF5",5.25e-12,-0.885,0.015,0.025,9.76e-08,"RASSF5"
"PGBD1",5.3e-12,-0.179,0.313,0.355,9.86e-08,"PGBD1"
"POLR2A",5.31e-12,0.119,0.516,0.497,9.88e-08,"POLR2A"
"AKT1S1",5.34e-12,0.461,0.135,0.113,9.94e-08,"AKT1S1"
"RCBTB1",5.34e-12,0.211,0.343,0.317,9.94e-08,"RCBTB1"
"PNKP",5.48e-12,0.214,0.284,0.258,1.02e-07,"PNKP"
"TRIM21",5.56e-12,0.649,0.066,0.049,1.03e-07,"TRIM21"
"HUNK",5.56e-12,0.117,0.219,0.255,1.04e-07,"HUNK"
"ZNF148",5.63e-12,0.111,0.903,0.894,1.05e-07,"ZNF148"
"TOMM70",5.72e-12,-0.198,0.392,0.433,1.06e-07,"TOMM70"
"MRPL1",5.73e-12,0.138,0.571,0.552,1.07e-07,"MRPL1"
"ATG5",5.87e-12,0.142,0.564,0.549,1.09e-07,"ATG5"
"FAM20B",6.05e-12,-0.2,0.27,0.309,1.13e-07,"FAM20B"
"EIF2B1",6.27e-12,0.209,0.386,0.364,1.17e-07,"EIF2B1"
"AVIL",6.31e-12,0.402,0.173,0.149,1.17e-07,"AVIL"
"BMPER",6.49e-12,-1.118,0.019,0.031,1.21e-07,"BMPER"
"ICMT",6.57e-12,0.325,0.212,0.187,1.22e-07,"ICMT"
"MOB3A",6.67e-12,0.312,0.231,0.207,1.24e-07,"MOB3A"
"RFXAP",6.71e-12,-0.193,0.291,0.333,1.25e-07,"RFXAP"
"ELP3",6.75e-12,0.162,0.471,0.45,1.26e-07,"ELP3"
"BEND7",6.77e-12,0.155,0.485,0.459,1.26e-07,"BEND7"
"IFT27",6.78e-12,0.197,0.463,0.444,1.26e-07,"IFT27"
"ZNF605",6.81e-12,-0.203,0.295,0.335,1.27e-07,"ZNF605"
"GARNL3",6.84e-12,0.149,0.612,0.594,1.27e-07,"GARNL3"
"PCYOX1",6.89e-12,0.161,0.501,0.482,1.28e-07,"PCYOX1"
"HEY1",6.93e-12,0.153,0.283,0.254,1.29e-07,"HEY1"
"FH",7.07e-12,0.18,0.433,0.413,1.32e-07,"FH"
"EN2",7.11e-12,-0.678,0.159,0.187,1.32e-07,"EN2"
"TACC2",7.18e-12,-0.204,0.403,0.444,1.34e-07,"TACC2"
"ZNF527",7.24e-12,-0.308,0.106,0.132,1.35e-07,"ZNF527"
"GNPDA2",7.26e-12,0.139,0.507,0.485,1.35e-07,"GNPDA2"
"PLP2",7.32e-12,0.796,0.043,0.029,1.36e-07,"PLP2"
"ZC2HC1B",7.4e-12,-0.621,0.023,0.035,1.38e-07,"ZC2HC1B"
"TFAP4",7.62e-12,-0.248,0.08,0.102,1.42e-07,"TFAP4"
"ZCWPW2",7.64e-12,0.192,0.281,0.252,1.42e-07,"ZCWPW2"
"GJC1",7.72e-12,0.243,0.342,0.317,1.44e-07,"GJC1"
"NR1H2",7.77e-12,0.268,0.277,0.253,1.45e-07,"NR1H2"
"KIAA0408",7.81e-12,-0.58,0.028,0.042,1.45e-07,"KIAA0408"
"GCFC2",7.84e-12,0.147,0.45,0.427,1.46e-07,"GCFC2"
"PHF11",7.86e-12,0.635,0.065,0.049,1.46e-07,"PHF11"
"YBEY",7.97e-12,0.259,0.306,0.283,1.48e-07,"YBEY"
"SLC22A15",8.03e-12,-0.56,0.073,0.093,1.49e-07,"SLC22A15"
"UAP1L1",8.04e-12,0.509,0.096,0.076,1.5e-07,"UAP1L1"
"TK2",8.04e-12,0.25,0.269,0.244,1.5e-07,"TK2"
"YIF1B",8.06e-12,0.294,0.252,0.228,1.5e-07,"YIF1B"
"AGK",8.15e-12,-0.167,0.425,0.468,1.52e-07,"AGK"
"FGF17",8.17e-12,-0.918,0.01,0.019,1.52e-07,"FGF17"
"UBXN2B",8.18e-12,-0.222,0.411,0.449,1.52e-07,"UBXN2B"
"DIRAS1",8.4e-12,-0.338,0.079,0.101,1.56e-07,"DIRAS1"
"SOX10",8.4e-12,-0.831,0.014,0.024,1.56e-07,"SOX10"
"MSH5",8.84e-12,0.187,0.277,0.247,1.65e-07,"MSH5"
"ALK",8.86e-12,-0.642,0.208,0.237,1.65e-07,"ALK"
"ENKD1",8.86e-12,0.342,0.169,0.145,1.65e-07,"ENKD1"
"FAM91A1",8.9e-12,0.212,0.371,0.348,1.66e-07,"FAM91A1"
"POU5F1B",8.98e-12,0.566,0.048,0.033,1.67e-07,"POU5F1B"
"ZHX3",9.07e-12,0.134,0.626,0.611,1.69e-07,"ZHX3"
"TUBGCP2",9.13e-12,0.137,0.566,0.548,1.7e-07,"TUBGCP2"
"GAS2L3",9.19e-12,0.348,0.111,0.089,1.71e-07,"GAS2L3"
"UTP20",9.28e-12,0.275,0.26,0.236,1.73e-07,"UTP20"
"GNG8",9.35e-12,-1.295,0.004,0.01,1.74e-07,"GNG8"
"SLC49A4",9.64e-12,0.154,0.495,0.474,1.79e-07,"SLC49A4"
"GTF2H1",9.66e-12,0.157,0.51,0.493,1.8e-07,"GTF2H1"
"COL5A1",9.71e-12,0.757,0.039,0.026,1.81e-07,"COL5A1"
"ATP8B1",9.8e-12,0.175,0.213,0.185,1.82e-07,"ATP8B1"
"BCL9L",1e-11,-0.249,0.162,0.193,1.86e-07,"BCL9L"
"PYGO1",1e-11,-0.158,0.493,0.535,1.87e-07,"PYGO1"
"FAM81B",1e-11,0.403,0.135,0.111,1.87e-07,"FAM81B"
"NRBF2",1.01e-11,0.227,0.406,0.388,1.88e-07,"NRBF2"
"TYW3",1.02e-11,0.35,0.22,0.196,1.9e-07,"TYW3"
"RNF121",1.04e-11,0.198,0.384,0.361,1.93e-07,"RNF121"
"SRPRB",1.05e-11,0.236,0.359,0.338,1.96e-07,"SRPRB"
"ARL8A",1.06e-11,0.127,0.755,0.744,1.96e-07,"ARL8A"
"PSKH1",1.07e-11,0.348,0.181,0.158,1.99e-07,"PSKH1"
"MAFK",1.08e-11,-0.775,0.015,0.026,2.02e-07,"MAFK"
"VPS52",1.1e-11,0.294,0.247,0.223,2.04e-07,"VPS52"
"PLAGL1",1.1e-11,0.136,0.453,0.424,2.05e-07,"PLAGL1"
"BTN3A3",1.12e-11,0.581,0.058,0.042,2.08e-07,"BTN3A3"
"MYO16",1.14e-11,-0.51,0.244,0.274,2.11e-07,"MYO16"
"TMEM120A",1.15e-11,0.271,0.267,0.243,2.13e-07,"TMEM120A"
"SUSD5",1.16e-11,-0.794,0.028,0.042,2.17e-07,"SUSD5"
"SNX12",1.17e-11,0.268,0.249,0.225,2.18e-07,"SNX12"
"SCRN2",1.18e-11,0.364,0.185,0.161,2.2e-07,"SCRN2"
"ZFPL1",1.21e-11,0.334,0.231,0.208,2.26e-07,"ZFPL1"
"KIF2A",1.23e-11,-0.115,0.89,0.899,2.29e-07,"KIF2A"
"ERAP2",1.26e-11,-0.661,0.029,0.042,2.35e-07,"ERAP2"
"HYLS1",1.3e-11,-0.592,0.041,0.057,2.43e-07,"HYLS1"
"TOR3A",1.33e-11,0.304,0.243,0.219,2.47e-07,"TOR3A"
"SWAP70",1.34e-11,0.238,0.287,0.263,2.49e-07,"SWAP70"
"RASEF",1.37e-11,0.654,0.067,0.05,2.54e-07,"RASEF"
"PCBP4",1.39e-11,0.287,0.333,0.31,2.58e-07,"PCBP4"
"NSMCE1",1.4e-11,0.246,0.266,0.24,2.6e-07,"NSMCE1"
"CSNK1G1",1.41e-11,0.169,0.48,0.459,2.62e-07,"CSNK1G1"
"FAM193B",1.41e-11,-0.204,0.331,0.373,2.63e-07,"FAM193B"
"DMAC2",1.48e-11,0.311,0.201,0.177,2.76e-07,"DMAC2"
"MAP3K13",1.48e-11,-0.203,0.516,0.557,2.76e-07,"MAP3K13"
"ZFP90",1.49e-11,-0.205,0.527,0.568,2.77e-07,"ZFP90"
"C1RL",1.56e-11,0.62,0.069,0.052,2.91e-07,"C1RL"
"FBXO7",1.57e-11,0.128,0.533,0.515,2.92e-07,"FBXO7"
"ERICH2",1.59e-11,-0.303,0.161,0.19,2.96e-07,"ERICH2"
"CDK18",1.6e-11,0.61,0.063,0.047,2.97e-07,"CDK18"
"RRP36",1.66e-11,0.155,0.555,0.541,3.09e-07,"RRP36"
"MBTPS1",1.66e-11,-0.197,0.473,0.516,3.09e-07,"MBTPS1"
"RPRML",1.7e-11,-0.824,0.01,0.019,3.16e-07,"RPRML"
"TCEA3",1.72e-11,0.67,0.051,0.036,3.2e-07,"TCEA3"
"PPFIA1",1.73e-11,0.148,0.603,0.589,3.22e-07,"PPFIA1"
"EXOSC7",1.75e-11,0.136,0.538,0.521,3.26e-07,"EXOSC7"
"SMARCA4",1.81e-11,-0.112,0.748,0.78,3.37e-07,"SMARCA4"
"PKD1L1",1.82e-11,-0.768,0.034,0.049,3.38e-07,"PKD1L1"
"KIF9",1.84e-11,0.27,0.329,0.306,3.42e-07,"KIF9"
"TMEM39B",1.93e-11,-0.238,0.224,0.257,3.59e-07,"TMEM39B"
"HEXIM1",1.95e-11,0.29,0.213,0.19,3.63e-07,"HEXIM1"
"ATG10",1.98e-11,0.17,0.427,0.4,3.69e-07,"ATG10"
"TESK1",1.98e-11,-0.29,0.096,0.12,3.69e-07,"TESK1"
"NUDT8",1.98e-11,0.595,0.069,0.052,3.69e-07,"NUDT8"
"LRRC23",1.99e-11,0.197,0.353,0.331,3.7e-07,"LRRC23"
"LRCH2",2e-11,-0.236,0.516,0.553,3.73e-07,"LRCH2"
"ARMC9",2.01e-11,0.126,0.562,0.538,3.74e-07,"ARMC9"
"MKNK1",2.01e-11,0.33,0.159,0.135,3.75e-07,"MKNK1"
"AJUBA",2.05e-11,0.655,0.06,0.045,3.82e-07,"AJUBA"
"ERGIC1",2.07e-11,0.171,0.5,0.483,3.86e-07,"ERGIC1"
"HYI",2.09e-11,0.454,0.124,0.102,3.9e-07,"HYI"
"GPATCH2L",2.1e-11,0.116,0.76,0.749,3.92e-07,"GPATCH2L"
"GID8",2.13e-11,0.151,0.494,0.477,3.97e-07,"GID8"
"RNF20",2.17e-11,0.162,0.467,0.448,4.04e-07,"RNF20"
"GIPR",2.18e-11,-1.114,0.007,0.015,4.05e-07,"GIPR"
"ARHGAP19",2.2e-11,0.349,0.187,0.164,4.1e-07,"ARHGAP19"
"CTR9",2.22e-11,0.149,0.492,0.475,4.14e-07,"CTR9"
"ZFYVE9",2.27e-11,-0.165,0.589,0.625,4.23e-07,"ZFYVE9"
"IL17RC",2.31e-11,0.783,0.039,0.026,4.29e-07,"IL17RC"
"C19orf18",2.34e-11,0.432,0.109,0.089,4.35e-07,"C19orf18"
"RANGAP1",2.36e-11,-0.24,0.163,0.193,4.38e-07,"RANGAP1"
"ZKSCAN7",2.4e-11,-0.296,0.134,0.161,4.47e-07,"ZKSCAN7"
"GOLGA1",2.43e-11,0.143,0.459,0.437,4.52e-07,"GOLGA1"
"FAM76B",2.44e-11,-0.186,0.335,0.376,4.54e-07,"FAM76B"
"IDNK",2.48e-11,0.346,0.167,0.143,4.62e-07,"IDNK"
"PEG10",2.49e-11,-0.604,0.794,0.803,4.63e-07,"PEG10"
"CRIM1",2.49e-11,-0.474,0.384,0.415,4.64e-07,"CRIM1"
"AEBP1",2.51e-11,0.453,0.089,0.07,4.68e-07,"AEBP1"
"BTD",2.57e-11,-0.236,0.367,0.405,4.78e-07,"BTD"
"CCDC39",2.57e-11,-0.622,0.061,0.079,4.79e-07,"CCDC39"
"GMPS",2.64e-11,0.116,0.612,0.588,4.91e-07,"GMPS"
"LRRC63",2.64e-11,-0.541,0.036,0.051,4.92e-07,"LRRC63"
"CXXC4",2.68e-11,-0.128,0.597,0.632,4.98e-07,"CXXC4"
"CHI3L1",2.71e-11,1.005,0.019,0.01,5.04e-07,"CHI3L1"
"THOC6",2.79e-11,0.37,0.175,0.152,5.2e-07,"THOC6"
"NEMP1",2.8e-11,0.346,0.176,0.153,5.2e-07,"NEMP1"
"VPS51",2.81e-11,0.187,0.444,0.426,5.24e-07,"VPS51"
"EFR3A",2.81e-11,0.155,0.446,0.424,5.24e-07,"EFR3A"
"PAFAH1B2",2.84e-11,0.121,0.677,0.663,5.29e-07,"PAFAH1B2"
"PPP2R2D",2.86e-11,-0.187,0.459,0.5,5.33e-07,"PPP2R2D"
"MZT1",2.88e-11,-0.181,0.339,0.383,5.37e-07,"MZT1"
"FADS3",2.9e-11,-0.443,0.114,0.138,5.4e-07,"FADS3"
"PRR3",2.97e-11,-0.228,0.244,0.281,5.52e-07,"PRR3"
"NCBP2AS2",3e-11,0.193,0.404,0.384,5.59e-07,"NCBP2AS2"
"STX18",3.07e-11,0.151,0.525,0.508,5.71e-07,"STX18"
"SLU7",3.15e-11,0.167,0.429,0.409,5.86e-07,"SLU7"
"EMX1",3.19e-11,0.966,0.074,0.057,5.93e-07,"EMX1"
"TBK1",3.19e-11,0.163,0.479,0.457,5.94e-07,"TBK1"
"G2E3",3.28e-11,-0.159,0.476,0.516,6.1e-07,"G2E3"
"AMDHD2",3.3e-11,0.395,0.167,0.145,6.15e-07,"AMDHD2"
"ADAMTS18",3.31e-11,-0.687,0.012,0.021,6.17e-07,"ADAMTS18"
"TMSB10",3.32e-11,-0.281,0.994,0.98,6.18e-07,"TMSB10"
"CAMKK1",3.33e-11,-0.464,0.048,0.065,6.19e-07,"CAMKK1"
"SMARCAD1",3.41e-11,-0.157,0.729,0.756,6.35e-07,"SMARCAD1"
"PFKFB4",3.52e-11,-0.387,0.135,0.162,6.55e-07,"PFKFB4"
"CRBN",3.55e-11,0.123,0.636,0.62,6.61e-07,"CRBN"
"CCDC88B",3.57e-11,0.563,0.066,0.05,6.64e-07,"CCDC88B"
"BBS4",3.59e-11,0.154,0.458,0.436,6.69e-07,"BBS4"
"WFIKKN2",3.72e-11,1.965,0.012,0.005,6.92e-07,"WFIKKN2"
"TLR4",3.73e-11,0.758,0.052,0.037,6.95e-07,"TLR4"
"R3HCC1L",3.74e-11,0.172,0.41,0.387,6.95e-07,"R3HCC1L"
"BCL2L12",3.74e-11,0.437,0.139,0.117,6.96e-07,"BCL2L12"
"ZNF835",3.78e-11,-0.543,0.019,0.03,7.04e-07,"ZNF835"
"NFKB1",3.8e-11,0.165,0.406,0.382,7.07e-07,"NFKB1"
"C3orf38",3.85e-11,0.119,0.619,0.604,7.18e-07,"C3orf38"
"FAHD2A",3.91e-11,0.228,0.291,0.268,7.28e-07,"FAHD2A"
"LSM14B",3.93e-11,-0.2,0.298,0.337,7.31e-07,"LSM14B"
"PHOSPHO2",3.97e-11,-0.276,0.101,0.125,7.38e-07,"PHOSPHO2"
"CNGA1",3.99e-11,-2.011,0.004,0.01,7.43e-07,"CNGA1"
"GNA11",4.06e-11,0.27,0.288,0.266,7.56e-07,"GNA11"
"ZNF785",4.1e-11,-0.231,0.248,0.282,7.64e-07,"ZNF785"
"FAHD1",4.15e-11,0.278,0.305,0.282,7.73e-07,"FAHD1"
"VAMP5",4.15e-11,0.972,0.024,0.014,7.73e-07,"VAMP5"
"SPRYD3",4.18e-11,-0.298,0.118,0.144,7.78e-07,"SPRYD3"
"SMUG1",4.2e-11,0.292,0.258,0.234,7.82e-07,"SMUG1"
"ZNF711",4.22e-11,-0.154,0.48,0.527,7.85e-07,"ZNF711"
"SAV1",4.29e-11,0.192,0.321,0.297,7.98e-07,"SAV1"
"TMEM243",4.29e-11,0.242,0.252,0.227,7.98e-07,"TMEM243"
"CLMP",4.29e-11,-0.123,0.055,0.073,7.99e-07,"CLMP"
"POLDIP3",4.3e-11,0.203,0.386,0.367,8e-07,"POLDIP3"
"ABCC4",4.34e-11,0.383,0.272,0.248,8.08e-07,"ABCC4"
"IRAG1",4.36e-11,0.49,0.112,0.092,8.11e-07,"IRAG1"
"BFSP1",4.39e-11,-1.443,0.005,0.011,8.17e-07,"BFSP1"
"TRERF1",4.58e-11,0.163,0.523,0.508,8.52e-07,"TRERF1"
"SLC24A4",4.62e-11,-0.978,0.004,0.01,8.6e-07,"SLC24A4"
"SMG7",4.63e-11,0.107,0.642,0.623,8.61e-07,"SMG7"
"SIDT1",4.71e-11,-0.979,0.011,0.019,8.77e-07,"SIDT1"
"UCP2",4.79e-11,0.525,0.099,0.08,8.92e-07,"UCP2"
"ENSG00000279092",4.91e-11,-0.425,0.075,0.095,9.14e-07,"ENSG00000279092"
"FMN1",4.92e-11,-2.064,0.007,0.014,9.17e-07,"FMN1"
"SUGT1",4.97e-11,0.101,0.779,0.756,9.25e-07,"SUGT1"
"DNA2",4.97e-11,-0.176,0.12,0.146,9.25e-07,"DNA2"
"PREB",4.97e-11,0.355,0.148,0.126,9.26e-07,"PREB"
"GLS2",4.99e-11,-0.617,0.037,0.052,9.29e-07,"GLS2"
"CKS1B",5.03e-11,0.254,0.319,0.293,9.36e-07,"CKS1B"
"NDN",5.05e-11,0.119,0.766,0.75,9.41e-07,"NDN"
"IL1RAPL2",5.1e-11,-2.778,0.065,0.082,9.5e-07,"IL1RAPL2"
"MAZ",5.13e-11,-0.14,0.541,0.582,9.54e-07,"MAZ"
"KIF7",5.25e-11,0.329,0.213,0.19,9.76e-07,"KIF7"
"AP5M1",5.4e-11,0.169,0.429,0.408,1e-06,"AP5M1"
"SLC25A33",5.49e-11,0.159,0.527,0.511,1.02e-06,"SLC25A33"
"PHF19",5.61e-11,0.447,0.106,0.086,1.04e-06,"PHF19"
"SYNCRIP",5.69e-11,0.2,0.445,0.425,1.06e-06,"SYNCRIP"
"H2BU1",5.71e-11,-0.98,0.013,0.022,1.06e-06,"H2BU1"
"MXRA7",5.77e-11,0.181,0.324,0.299,1.07e-06,"MXRA7"
"STX7",5.87e-11,-0.187,0.58,0.615,1.09e-06,"STX7"
"LIPI",5.91e-11,-0.724,0.024,0.036,1.1e-06,"LIPI"
"MTRF1L",5.96e-11,0.191,0.378,0.357,1.11e-06,"MTRF1L"
"CRAT",6.11e-11,0.312,0.193,0.17,1.14e-06,"CRAT"
"UBAC1",6.17e-11,0.144,0.502,0.49,1.15e-06,"UBAC1"
"DENR",6.17e-11,0.109,0.725,0.712,1.15e-06,"DENR"
"PIGS",6.22e-11,0.34,0.209,0.187,1.16e-06,"PIGS"
"NEK3",6.23e-11,0.241,0.262,0.238,1.16e-06,"NEK3"
"NOCT",6.34e-11,-0.3,0.152,0.18,1.18e-06,"NOCT"
"ZDHHC11B",6.53e-11,-0.323,0.161,0.189,1.21e-06,"ZDHHC11B"
"GPNMB",6.53e-11,1.008,0.035,0.023,1.22e-06,"GPNMB"
"LRRC75A",6.55e-11,0.289,0.281,0.258,1.22e-06,"LRRC75A"
"PGF",6.62e-11,0.68,0.035,0.023,1.23e-06,"PGF"
"PDGFRA",6.64e-11,-1.376,0.018,0.029,1.24e-06,"PDGFRA"
"ENPP3",6.7e-11,-0.916,0.013,0.023,1.25e-06,"ENPP3"
"DUSP12",6.74e-11,-0.184,0.356,0.396,1.26e-06,"DUSP12"
"ADAT1",6.8e-11,-0.221,0.178,0.209,1.27e-06,"ADAT1"
"SLC38A10",6.98e-11,0.256,0.282,0.261,1.3e-06,"SLC38A10"
"TMA16",6.99e-11,0.175,0.378,0.354,1.3e-06,"TMA16"
"FAM168A",7e-11,-0.168,0.775,0.796,1.3e-06,"FAM168A"
"ARHGAP15",7.01e-11,-0.383,0.01,0.018,1.31e-06,"ARHGAP15"
"FBXO45",7.2e-11,-0.183,0.313,0.353,1.34e-06,"FBXO45"
"TTC5",7.32e-11,-0.216,0.469,0.509,1.36e-06,"TTC5"
"MEMO1",7.41e-11,-0.267,0.197,0.228,1.38e-06,"MEMO1"
"ALPK1",7.47e-11,0.558,0.106,0.087,1.39e-06,"ALPK1"
"GPRASP2",7.48e-11,-0.304,0.133,0.159,1.39e-06,"GPRASP2"
"TSNARE1",7.58e-11,-0.261,0.184,0.214,1.41e-06,"TSNARE1"
"GTF3C3",7.59e-11,0.221,0.34,0.318,1.41e-06,"GTF3C3"
"ALDH1L2",7.6e-11,-0.357,0.158,0.184,1.42e-06,"ALDH1L2"
"LRRCC1",7.62e-11,0.219,0.402,0.38,1.42e-06,"LRRCC1"
"UPK3BL1",7.64e-11,0.695,0.056,0.042,1.42e-06,"UPK3BL1"
"PRELID3B",7.69e-11,0.277,0.319,0.299,1.43e-06,"PRELID3B"
"CACNA2D1",7.79e-11,-0.628,0.347,0.374,1.45e-06,"CACNA2D1"
"NOPCHAP1",7.81e-11,0.149,0.524,0.505,1.45e-06,"NOPCHAP1"
"AZI2",7.83e-11,0.125,0.595,0.58,1.46e-06,"AZI2"
"P3H2",7.91e-11,-0.482,0.053,0.071,1.47e-06,"P3H2"
"DNAJC10",7.97e-11,0.114,0.599,0.582,1.48e-06,"DNAJC10"
"HS6ST3",8.03e-11,-1.379,0.223,0.245,1.49e-06,"HS6ST3"
"SAMD4B",8.19e-11,0.129,0.58,0.564,1.52e-06,"SAMD4B"
"CTPS1",8.26e-11,-0.161,0.231,0.266,1.54e-06,"CTPS1"
"GREB1",8.26e-11,-0.212,0.216,0.248,1.54e-06,"GREB1"
"OGFRL1",8.28e-11,0.214,0.354,0.332,1.54e-06,"OGFRL1"
"PSEN2",8.34e-11,-1.039,0.008,0.016,1.55e-06,"PSEN2"
"ERMAP",8.34e-11,0.513,0.103,0.084,1.55e-06,"ERMAP"
"EFCAB7",8.47e-11,-0.159,0.499,0.54,1.58e-06,"EFCAB7"
"GLT8D2",8.52e-11,-0.386,0.085,0.106,1.59e-06,"GLT8D2"
"PLEKHO2",8.63e-11,0.791,0.043,0.03,1.61e-06,"PLEKHO2"
"STRADB",8.75e-11,0.175,0.523,0.512,1.63e-06,"STRADB"
"PRELP",8.83e-11,0.801,0.042,0.029,1.64e-06,"PRELP"
"FAM214A",9.04e-11,0.128,0.527,0.508,1.68e-06,"FAM214A"
"SQOR",9.05e-11,0.784,0.031,0.02,1.68e-06,"SQOR"
"SLC30A9",9.15e-11,0.111,0.686,0.672,1.7e-06,"SLC30A9"
"ZWILCH",9.31e-11,-0.195,0.147,0.176,1.73e-06,"ZWILCH"
"ZNF79",9.39e-11,0.47,0.085,0.067,1.75e-06,"ZNF79"
"GTF2IRD1",9.59e-11,-0.164,0.485,0.53,1.78e-06,"GTF2IRD1"
"PGAP2",9.66e-11,0.236,0.277,0.254,1.8e-06,"PGAP2"
"FBXL5",9.69e-11,0.131,0.699,0.686,1.8e-06,"FBXL5"
"WDR19",9.69e-11,0.143,0.465,0.444,1.8e-06,"WDR19"
"PLCXD2",9.71e-11,-0.194,0.151,0.179,1.81e-06,"PLCXD2"
"ZBED8",9.85e-11,-0.235,0.151,0.18,1.83e-06,"ZBED8"
"UTP14A",9.89e-11,0.275,0.274,0.252,1.84e-06,"UTP14A"
"CHRD",9.97e-11,-0.707,0.024,0.036,1.86e-06,"CHRD"
"ATP2A2",1.01e-10,0.124,0.703,0.69,1.88e-06,"ATP2A2"
"COX17",1.01e-10,0.113,0.572,0.553,1.88e-06,"COX17"
"SLC9A3R2",1.02e-10,-0.337,0.078,0.098,1.9e-06,"SLC9A3R2"
"LIMK2",1.04e-10,-0.357,0.103,0.126,1.93e-06,"LIMK2"
"HCCS",1.07e-10,0.363,0.163,0.141,1.99e-06,"HCCS"
"GNB3",1.07e-10,-0.625,0.041,0.057,2e-06,"GNB3"
"PI4KB",1.08e-10,0.201,0.322,0.298,2.01e-06,"PI4KB"
"KREMEN1",1.09e-10,0.265,0.274,0.249,2.02e-06,"KREMEN1"
"SHC4",1.1e-10,-0.484,0.12,0.144,2.05e-06,"SHC4"
"SPDYA",1.1e-10,0.361,0.191,0.168,2.06e-06,"SPDYA"
"AMH",1.1e-10,-0.412,0.058,0.076,2.06e-06,"AMH"
"PERP",1.12e-10,0.776,0.05,0.036,2.08e-06,"PERP"
"KLF11",1.13e-10,-0.168,0.152,0.181,2.1e-06,"KLF11"
"PPP1R10",1.19e-10,0.113,0.646,0.632,2.21e-06,"PPP1R10"
"PURA",1.2e-10,0.174,0.473,0.455,2.24e-06,"PURA"
"LOXL2",1.22e-10,-0.292,0.088,0.109,2.27e-06,"LOXL2"
"SHC2",1.24e-10,0.225,0.291,0.268,2.3e-06,"SHC2"
"YEATS4",1.24e-10,-0.146,0.446,0.488,2.31e-06,"YEATS4"
"UBE3B",1.24e-10,0.212,0.309,0.286,2.32e-06,"UBE3B"
"QTRT1",1.25e-10,0.17,0.421,0.4,2.33e-06,"QTRT1"
"CIP2A",1.26e-10,-0.178,0.115,0.14,2.34e-06,"CIP2A"
"NRBP2",1.3e-10,0.27,0.233,0.211,2.42e-06,"NRBP2"
"DSTYK",1.33e-10,0.127,0.644,0.633,2.47e-06,"DSTYK"
"ADORA2B",1.33e-10,0.494,0.075,0.058,2.48e-06,"ADORA2B"
"LAMA3",1.33e-10,0.443,0.095,0.076,2.48e-06,"LAMA3"
"XPNPEP1",1.36e-10,0.188,0.359,0.338,2.54e-06,"XPNPEP1"
"OXCT1",1.38e-10,-0.182,0.411,0.45,2.57e-06,"OXCT1"
"HTR2C",1.4e-10,2.049,0.206,0.179,2.6e-06,"HTR2C"
"CA13",1.41e-10,0.422,0.091,0.073,2.63e-06,"CA13"
"FAM149B1",1.43e-10,0.158,0.39,0.368,2.67e-06,"FAM149B1"
"NAPG",1.46e-10,-0.199,0.5,0.541,2.72e-06,"NAPG"
"IL13RA1",1.52e-10,0.903,0.022,0.013,2.83e-06,"IL13RA1"
"CPXM1",1.53e-10,0.561,0.087,0.07,2.85e-06,"CPXM1"
"TTF2",1.54e-10,0.37,0.17,0.148,2.87e-06,"TTF2"
"ADCK1",1.56e-10,0.275,0.203,0.18,2.91e-06,"ADCK1"
"CEP19",1.57e-10,-0.19,0.203,0.236,2.93e-06,"CEP19"
"COPZ2",1.58e-10,0.694,0.045,0.032,2.94e-06,"COPZ2"
"CCDC120",1.6e-10,-0.207,0.182,0.213,2.99e-06,"CCDC120"
"ZNF318",1.61e-10,-0.21,0.301,0.337,2.99e-06,"ZNF318"
"EFCAB6",1.62e-10,0.189,0.324,0.297,3.02e-06,"EFCAB6"
"KDM2A",1.63e-10,0.111,0.719,0.707,3.04e-06,"KDM2A"
"MGLL",1.64e-10,-0.267,0.164,0.192,3.05e-06,"MGLL"
"PLCB1",1.65e-10,-0.403,0.821,0.828,3.07e-06,"PLCB1"
"CRACDL",1.68e-10,0.739,0.045,0.031,3.12e-06,"CRACDL"
"MTMR8",1.68e-10,-0.388,0.139,0.163,3.13e-06,"MTMR8"
"GLCCI1",1.7e-10,-0.1,0.691,0.725,3.17e-06,"GLCCI1"
"KRBA2",1.71e-10,-0.28,0.164,0.191,3.17e-06,"KRBA2"
"STAG3",1.82e-10,-0.223,0.197,0.228,3.39e-06,"STAG3"
"TMEM229B",1.83e-10,-0.568,0.044,0.059,3.4e-06,"TMEM229B"
"TBC1D12",1.83e-10,-0.168,0.539,0.577,3.4e-06,"TBC1D12"
"IRGQ",1.83e-10,-0.241,0.185,0.215,3.41e-06,"IRGQ"
"WSB2",1.84e-10,-0.188,0.547,0.579,3.43e-06,"WSB2"
"IKBKB",1.87e-10,0.249,0.253,0.229,3.48e-06,"IKBKB"
"OCM",1.88e-10,-0.961,0.008,0.016,3.49e-06,"OCM"
"WIF1",1.93e-10,1.954,0.015,0.008,3.6e-06,"WIF1"
"MRFAP1L1",1.93e-10,-0.264,0.556,0.589,3.6e-06,"MRFAP1L1"
"PITPNM1",1.94e-10,-0.572,0.033,0.046,3.62e-06,"PITPNM1"
"MDM1",1.96e-10,0.251,0.298,0.276,3.65e-06,"MDM1"
"NFATC2",1.98e-10,0.609,0.062,0.046,3.69e-06,"NFATC2"
"IER3IP1",2.02e-10,0.13,0.578,0.565,3.76e-06,"IER3IP1"
"PRSS53",2.03e-10,-0.911,0.011,0.02,3.77e-06,"PRSS53"
"MFSD13A",2.03e-10,-0.312,0.087,0.109,3.77e-06,"MFSD13A"
"ACP2",2.04e-10,0.346,0.185,0.164,3.81e-06,"ACP2"
"SLX9",2.1e-10,0.304,0.205,0.183,3.9e-06,"SLX9"
"DNAJC13",2.11e-10,0.169,0.467,0.451,3.93e-06,"DNAJC13"
"RASSF10",2.15e-10,0.535,0.095,0.077,3.99e-06,"RASSF10"
"PAX2",2.16e-10,-0.473,0.013,0.022,4.02e-06,"PAX2"
"PASK",2.18e-10,-0.366,0.064,0.082,4.05e-06,"PASK"
"TAMALIN",2.18e-10,0.528,0.077,0.06,4.06e-06,"TAMALIN"
"METTL14",2.19e-10,0.192,0.429,0.411,4.07e-06,"METTL14"
"DDX59",2.2e-10,0.268,0.28,0.259,4.09e-06,"DDX59"
"PEMT",2.23e-10,0.234,0.297,0.276,4.15e-06,"PEMT"
"KLHL3",2.24e-10,-0.39,0.098,0.121,4.17e-06,"KLHL3"
"CDK2",2.25e-10,0.528,0.109,0.091,4.2e-06,"CDK2"
"EFL1",2.27e-10,0.169,0.474,0.453,4.23e-06,"EFL1"
"CHRDL1",2.27e-10,0.47,0.139,0.119,4.23e-06,"CHRDL1"
"PLCXD1",2.29e-10,-0.27,0.092,0.114,4.26e-06,"PLCXD1"
"MED23",2.29e-10,-0.208,0.369,0.408,4.26e-06,"MED23"
"RNF157",2.29e-10,-0.167,0.428,0.465,4.26e-06,"RNF157"
"CHRNB1",2.29e-10,0.338,0.208,0.186,4.27e-06,"CHRNB1"
"CLCC1",2.3e-10,0.168,0.448,0.43,4.29e-06,"CLCC1"
"CRLF1",2.34e-10,-0.583,0.026,0.039,4.35e-06,"CRLF1"
"CPB2",2.34e-10,-0.383,0.067,0.086,4.36e-06,"CPB2"
"IGSF9",2.39e-10,-0.348,0.054,0.071,4.46e-06,"IGSF9"
"SEC24A",2.49e-10,0.189,0.385,0.365,4.63e-06,"SEC24A"
"API5",2.55e-10,0.113,0.645,0.631,4.74e-06,"API5"
"UBTD2",2.58e-10,0.132,0.654,0.639,4.81e-06,"UBTD2"
"COPG1",2.59e-10,0.237,0.362,0.342,4.82e-06,"COPG1"
"ZNF829",2.6e-10,-0.473,0.045,0.06,4.84e-06,"ZNF829"
"FRRS1",2.63e-10,0.888,0.035,0.024,4.9e-06,"FRRS1"
"PTPN7",2.63e-10,0.48,0.091,0.073,4.9e-06,"PTPN7"
"AGFG1",2.66e-10,0.109,0.687,0.675,4.95e-06,"AGFG1"
"UBP1",2.7e-10,-0.191,0.382,0.422,5.02e-06,"UBP1"
"ENSG00000279227",2.71e-10,-0.7,0.016,0.026,5.04e-06,"ENSG00000279227"
"SEPHS2",2.71e-10,0.18,0.412,0.392,5.05e-06,"SEPHS2"
"ARMCX5",2.8e-10,-0.23,0.14,0.167,5.21e-06,"ARMCX5"
"INTS6L",2.8e-10,-0.242,0.191,0.221,5.22e-06,"INTS6L"
"ATAD2B",2.83e-10,0.1,0.703,0.688,5.26e-06,"ATAD2B"
"HTT",2.85e-10,0.105,0.636,0.622,5.31e-06,"HTT"
"SF3A3",2.92e-10,0.14,0.567,0.556,5.43e-06,"SF3A3"
"MAP3K14",2.95e-10,0.279,0.202,0.179,5.5e-06,"MAP3K14"
"ARHGAP6",2.99e-10,-1.132,0.019,0.03,5.56e-06,"ARHGAP6"
"KCNE4",2.99e-10,0.808,0.023,0.013,5.57e-06,"KCNE4"
"PER2",3.1e-10,-0.242,0.127,0.152,5.77e-06,"PER2"
"FLNC",3.1e-10,0.893,0.035,0.023,5.77e-06,"FLNC"
"CD101",3.1e-10,0.668,0.048,0.035,5.78e-06,"CD101"
"DPAGT1",3.13e-10,0.315,0.189,0.167,5.83e-06,"DPAGT1"
"PNMA8B",3.15e-10,-0.359,0.07,0.088,5.87e-06,"PNMA8B"
"SPDYE21",3.16e-10,-0.303,0.105,0.128,5.88e-06,"SPDYE21"
"SUOX",3.17e-10,0.366,0.173,0.152,5.9e-06,"SUOX"
"AKAP1",3.18e-10,-0.197,0.214,0.245,5.92e-06,"AKAP1"
"DLG3",3.19e-10,-0.183,0.222,0.255,5.93e-06,"DLG3"
"RFFL",3.21e-10,0.183,0.404,0.38,5.98e-06,"RFFL"
"DERL1",3.24e-10,-0.203,0.35,0.39,6.03e-06,"DERL1"
"COL14A1",3.26e-10,-0.839,0.015,0.024,6.06e-06,"COL14A1"
"ARV1",3.31e-10,0.206,0.384,0.364,6.16e-06,"ARV1"
"RNF144A",3.37e-10,-0.142,0.485,0.523,6.28e-06,"RNF144A"
"VAC14",3.41e-10,0.244,0.261,0.239,6.35e-06,"VAC14"
"TPGS1",3.45e-10,0.254,0.259,0.236,6.43e-06,"TPGS1"
"CFAP276",3.48e-10,0.34,0.169,0.147,6.47e-06,"CFAP276"
"C5orf63",3.5e-10,0.866,0.021,0.012,6.52e-06,"C5orf63"
"DNMBP",3.5e-10,0.271,0.255,0.231,6.52e-06,"DNMBP"
"ZNF316",3.53e-10,-0.261,0.116,0.139,6.57e-06,"ZNF316"
"SRSF8",3.53e-10,0.154,0.532,0.517,6.57e-06,"SRSF8"
"GRIN2C",3.54e-10,0.678,0.028,0.018,6.59e-06,"GRIN2C"
"KIAA0513",3.62e-10,-0.262,0.151,0.178,6.74e-06,"KIAA0513"
"FBXW9",3.68e-10,0.316,0.215,0.193,6.85e-06,"FBXW9"
"RDH13",3.69e-10,-0.356,0.109,0.132,6.88e-06,"RDH13"
"SIX5",3.83e-10,0.613,0.073,0.057,7.12e-06,"SIX5"
"POLQ",3.86e-10,-0.157,0.065,0.084,7.18e-06,"POLQ"
"ZNF699",3.88e-10,-0.378,0.14,0.164,7.22e-06,"ZNF699"
"VAX2",3.89e-10,0.544,0.081,0.065,7.23e-06,"VAX2"
"OFD1",3.91e-10,0.202,0.518,0.505,7.28e-06,"OFD1"
"PLEKHA2",3.93e-10,0.317,0.147,0.125,7.32e-06,"PLEKHA2"
"SNX15",4.01e-10,0.268,0.225,0.203,7.46e-06,"SNX15"
"TRUB2",4.02e-10,0.271,0.266,0.246,7.47e-06,"TRUB2"
"ENSG00000288674",4.11e-10,-0.596,0.032,0.045,7.64e-06,"ENSG00000288674"
"JOSD2",4.16e-10,0.475,0.108,0.09,7.75e-06,"JOSD2"
"GRAMD2B",4.27e-10,0.484,0.109,0.09,7.94e-06,"GRAMD2B"
"IRF2BP1",4.28e-10,-0.272,0.082,0.103,7.96e-06,"IRF2BP1"
"PTCD2",4.3e-10,0.285,0.241,0.218,8e-06,"PTCD2"
"HS6ST1",4.3e-10,0.286,0.371,0.353,8.01e-06,"HS6ST1"
"IKZF4",4.44e-10,-0.224,0.233,0.266,8.26e-06,"IKZF4"
"WHAMM",4.57e-10,0.239,0.252,0.231,8.51e-06,"WHAMM"
"THAP2",4.62e-10,-0.163,0.353,0.393,8.59e-06,"THAP2"
"NUTM2E",4.62e-10,-0.19,0.325,0.362,8.6e-06,"NUTM2E"
"SPAG1",4.66e-10,0.176,0.334,0.309,8.68e-06,"SPAG1"
"KISS1R",4.79e-10,-0.423,0.005,0.011,8.91e-06,"KISS1R"
"TMSB15B.1",4.79e-10,-0.255,0.074,0.094,8.92e-06,"TMSB15B.1"
"LRRC36",4.81e-10,-1.392,0.004,0.01,8.96e-06,"LRRC36"
"TMPRSS12",4.82e-10,-1.316,0.005,0.011,8.96e-06,"TMPRSS12"
"ARHGAP26",4.84e-10,0.165,0.279,0.252,9.01e-06,"ARHGAP26"
"SLC16A12",4.97e-10,0.61,0.035,0.024,9.24e-06,"SLC16A12"
"SDR39U1",5.01e-10,0.199,0.409,0.39,9.33e-06,"SDR39U1"
"KCNJ4",5.07e-10,0.601,0.05,0.037,9.44e-06,"KCNJ4"
"FAM117A",5.14e-10,0.312,0.155,0.134,9.56e-06,"FAM117A"
"ARSL",5.17e-10,0.551,0.067,0.051,9.62e-06,"ARSL"
"GABBR1",5.18e-10,0.123,0.624,0.609,9.65e-06,"GABBR1"
"PDS5A",5.22e-10,0.102,0.817,0.801,9.71e-06,"PDS5A"
"NTAN1",5.29e-10,0.281,0.231,0.209,9.85e-06,"NTAN1"
"SEMA7A",5.31e-10,-1.12,0.005,0.011,9.88e-06,"SEMA7A"
"RNF19A",5.35e-10,0.114,0.587,0.572,9.96e-06,"RNF19A"
"CILK1",5.37e-10,-0.193,0.339,0.377,9.99e-06,"CILK1"
"TDRP",5.39e-10,-0.239,0.296,0.329,1e-05,"TDRP"
"TMEM116",5.42e-10,-0.203,0.254,0.288,0.0000101,"TMEM116"
"GTF2H4",5.42e-10,0.272,0.237,0.216,0.0000101,"GTF2H4"
"HIF3A",5.43e-10,0.317,0.256,0.235,0.0000101,"HIF3A"
"USP43",5.46e-10,-0.429,0.047,0.063,0.0000102,"USP43"
"LRMDA",5.47e-10,0.776,0.038,0.026,0.0000102,"LRMDA"
"RSPH14",5.47e-10,-0.311,0.069,0.087,0.0000102,"RSPH14"
"GPAM",5.56e-10,0.239,0.272,0.251,0.0000103,"GPAM"
"NBN",5.62e-10,0.159,0.455,0.439,0.0000105,"NBN"
"ZNF397",5.67e-10,-0.19,0.51,0.548,0.0000106,"ZNF397"
"VCPKMT",5.96e-10,-0.234,0.172,0.202,0.0000111,"VCPKMT"
"ZNF462",6.05e-10,0.107,0.928,0.915,0.0000113,"ZNF462"
"RILP",6.1e-10,0.584,0.05,0.037,0.0000114,"RILP"
"IL6R",6.12e-10,0.848,0.026,0.016,0.0000114,"IL6R"
"CMPK1",6.19e-10,-0.178,0.775,0.795,0.0000115,"CMPK1"
"ZNF251",6.2e-10,-0.192,0.398,0.436,0.0000115,"ZNF251"
"HHIP",6.28e-10,-0.221,0.14,0.166,0.0000117,"HHIP"
"GGACT",6.33e-10,0.536,0.062,0.047,0.0000118,"GGACT"
"FAM174C",6.41e-10,0.315,0.244,0.224,0.0000119,"FAM174C"
"FGD4",6.54e-10,0.152,0.719,0.702,0.0000122,"FGD4"
"ZNF624",6.61e-10,-0.186,0.18,0.21,0.0000123,"ZNF624"
"NKD1",6.71e-10,0.432,0.222,0.198,0.0000125,"NKD1"
"AKAP10",6.72e-10,0.127,0.533,0.519,0.0000125,"AKAP10"
"SP3",6.83e-10,0.141,0.625,0.617,0.0000127,"SP3"
"C20orf27",6.85e-10,0.209,0.373,0.355,0.0000127,"C20orf27"
"IFI27",6.9e-10,0.668,0.085,0.068,0.0000128,"IFI27"
"THBS3",6.91e-10,0.292,0.174,0.152,0.0000129,"THBS3"
"SLC38A9",6.93e-10,-0.203,0.362,0.398,0.0000129,"SLC38A9"
"PDRG1",7.01e-10,0.194,0.402,0.385,0.0000131,"PDRG1"
"PPP1R3C",7.02e-10,0.42,0.112,0.094,0.0000131,"PPP1R3C"
"CENPP",7.04e-10,-0.12,0.303,0.334,0.0000131,"CENPP"
"KBTBD3",7.07e-10,0.296,0.183,0.161,0.0000132,"KBTBD3"
"RDH5",7.1e-10,0.395,0.116,0.097,0.0000132,"RDH5"
"CLCN5",7.15e-10,0.146,0.446,0.423,0.0000133,"CLCN5"
"UBE4B",7.17e-10,0.135,0.607,0.594,0.0000133,"UBE4B"
"SPATA24",7.26e-10,0.461,0.109,0.09,0.0000135,"SPATA24"
"UPF3A",7.36e-10,-0.13,0.904,0.917,0.0000137,"UPF3A"
"KYAT1",7.48e-10,-0.259,0.167,0.195,0.0000139,"KYAT1"
"DFFA",7.51e-10,0.153,0.443,0.425,0.000014,"DFFA"
"WNT8B",7.78e-10,1.467,0.01,0.004,0.0000145,"WNT8B"
"C8orf33",7.82e-10,0.116,0.572,0.55,0.0000146,"C8orf33"
"ARHGEF37",8e-10,-0.381,0.093,0.114,0.0000149,"ARHGEF37"
"TRIB3",8.05e-10,-0.187,0.094,0.115,0.000015,"TRIB3"
"CTSH",8.07e-10,0.586,0.084,0.068,0.000015,"CTSH"
"SPRTN",8.15e-10,0.192,0.32,0.298,0.0000152,"SPRTN"
"ABCA13",8.22e-10,-1.339,0.007,0.014,0.0000153,"ABCA13"
"PLAU",8.32e-10,1.268,0.013,0.006,0.0000155,"PLAU"
"ZNF135",8.35e-10,-0.293,0.154,0.18,0.0000155,"ZNF135"
"BCL6",8.37e-10,0.252,0.137,0.116,0.0000156,"BCL6"
"THUMPD2",8.41e-10,0.149,0.447,0.426,0.0000156,"THUMPD2"
"ABRAXAS2",8.47e-10,0.175,0.441,0.427,0.0000158,"ABRAXAS2"
"TCN2",8.48e-10,0.292,0.175,0.154,0.0000158,"TCN2"
"PRKAA2",8.49e-10,-0.176,0.47,0.51,0.0000158,"PRKAA2"
"PPIE",8.51e-10,0.168,0.431,0.413,0.0000158,"PPIE"
"NPIPA1",8.58e-10,-0.287,0.093,0.115,0.000016,"NPIPA1"
"NFKB2",8.6e-10,0.659,0.048,0.035,0.000016,"NFKB2"
"CEP57L1",8.61e-10,-0.163,0.482,0.519,0.000016,"CEP57L1"
"MEX3C",8.72e-10,-0.189,0.338,0.377,0.0000162,"MEX3C"
"CNOT11",8.72e-10,0.223,0.319,0.3,0.0000162,"CNOT11"
"LAYN",8.77e-10,1.285,0.019,0.011,0.0000163,"LAYN"
"PRPF39",8.83e-10,-0.15,0.382,0.424,0.0000164,"PRPF39"
"IDH3G",8.85e-10,0.205,0.353,0.334,0.0000165,"IDH3G"
"KLLN",8.95e-10,0.796,0.028,0.018,0.0000167,"KLLN"
"TIMM22",8.95e-10,0.189,0.36,0.339,0.0000167,"TIMM22"
"PTPRU",9.07e-10,-0.701,0.038,0.052,0.0000169,"PTPRU"
"RNF5",9.12e-10,0.101,0.636,0.618,0.000017,"RNF5"
"IQCG",9.31e-10,0.176,0.454,0.434,0.0000173,"IQCG"
"AIFM3",9.38e-10,1.353,0.012,0.005,0.0000175,"AIFM3"
"MCCC1",9.39e-10,0.157,0.46,0.442,0.0000175,"MCCC1"
"ENSG00000284691",9.6e-10,-0.439,0.039,0.053,0.0000179,"ENSG00000284691"
"ALG9",9.65e-10,-0.191,0.355,0.392,0.000018,"ALG9"
"TIPARP",9.8e-10,0.313,0.212,0.19,0.0000182,"TIPARP"
"IFIH1",9.83e-10,0.381,0.12,0.101,0.0000183,"IFIH1"
"FBXO2",9.97e-10,0.596,0.079,0.062,0.0000186,"FBXO2"
"HAS3",1.02e-09,-1.017,0.012,0.021,0.000019,"HAS3"
"PPP1R8",1.05e-09,0.203,0.368,0.351,0.0000195,"PPP1R8"
"HIVEP2",1.05e-09,-0.257,0.384,0.42,0.0000195,"HIVEP2"
"NR2E3",1.06e-09,0.62,0.051,0.038,0.0000197,"NR2E3"
"DNAJB12",1.07e-09,0.173,0.35,0.329,0.0000198,"DNAJB12"
"PVALEF",1.09e-09,-0.784,0.014,0.023,0.0000203,"PVALEF"
"ATXN7",1.11e-09,0.116,0.484,0.468,0.0000207,"ATXN7"
"SYNGAP1",1.12e-09,-0.198,0.284,0.318,0.0000209,"SYNGAP1"
"SOCS6",1.13e-09,0.164,0.354,0.333,0.000021,"SOCS6"
"SECISBP2",1.13e-09,-0.168,0.674,0.703,0.000021,"SECISBP2"
"ZNF536",1.14e-09,-0.287,0.658,0.615,0.0000212,"ZNF536"
"EEF1AKMT1",1.17e-09,0.164,0.344,0.32,0.0000218,"EEF1AKMT1"
"MAGEH1",1.17e-09,0.198,0.671,0.662,0.0000219,"MAGEH1"
"CAV2",1.18e-09,0.625,0.055,0.041,0.000022,"CAV2"
"C1orf53",1.18e-09,0.43,0.112,0.094,0.000022,"C1orf53"
"LRRC8A",1.19e-09,0.255,0.273,0.252,0.0000221,"LRRC8A"
"NUBP2",1.19e-09,0.222,0.347,0.33,0.0000222,"NUBP2"
"CCDC28A",1.2e-09,0.388,0.147,0.127,0.0000224,"CCDC28A"
"SLC25A53",1.22e-09,0.25,0.266,0.244,0.0000228,"SLC25A53"
"RFTN1",1.22e-09,-0.249,0.212,0.241,0.0000228,"RFTN1"
"DFFB",1.23e-09,-0.287,0.112,0.135,0.0000229,"DFFB"
"PODN",1.23e-09,0.515,0.048,0.035,0.0000229,"PODN"
"ZSCAN18",1.24e-09,-0.139,0.519,0.561,0.000023,"ZSCAN18"
"SNX32",1.24e-09,-0.244,0.244,0.274,0.0000231,"SNX32"
"ABCG1",1.25e-09,-0.399,0.069,0.087,0.0000233,"ABCG1"
"SMARCD1",1.26e-09,0.158,0.51,0.498,0.0000235,"SMARCD1"
"ABCF2",1.27e-09,0.308,0.196,0.175,0.0000236,"ABCF2"
"BTBD6",1.27e-09,-0.253,0.155,0.181,0.0000236,"BTBD6"
"ZNF48",1.27e-09,-0.24,0.127,0.152,0.0000236,"ZNF48"
"KCNJ16",1.28e-09,0.384,0.086,0.069,0.0000239,"KCNJ16"
"DYNLT2",1.3e-09,-0.38,0.042,0.057,0.0000241,"DYNLT2"
"SEMA4A",1.3e-09,-0.414,0.071,0.089,0.0000242,"SEMA4A"
"GTDC1",1.31e-09,0.116,0.607,0.581,0.0000243,"GTDC1"
"RBM4B",1.33e-09,-0.163,0.432,0.471,0.0000247,"RBM4B"
"MROH1",1.33e-09,-0.297,0.176,0.203,0.0000248,"MROH1"
"ZNF221",1.35e-09,-0.397,0.08,0.099,0.0000252,"ZNF221"
"SAMD9L",1.38e-09,0.633,0.048,0.035,0.0000257,"SAMD9L"
"MARCHF9",1.39e-09,-0.149,0.293,0.332,0.0000258,"MARCHF9"
"SARDH",1.42e-09,0.792,0.031,0.021,0.0000264,"SARDH"
"ZFTA",1.42e-09,-0.183,0.157,0.185,0.0000264,"ZFTA"
"NAB1",1.43e-09,0.308,0.264,0.244,0.0000265,"NAB1"
"KCNK10",1.43e-09,0.181,0.527,0.517,0.0000266,"KCNK10"
"SLX4",1.43e-09,-0.326,0.107,0.129,0.0000267,"SLX4"
"KRR1",1.45e-09,0.127,0.603,0.59,0.0000269,"KRR1"
"C1R",1.46e-09,0.796,0.029,0.019,0.0000273,"C1R"
"OGFOD3",1.48e-09,0.229,0.266,0.245,0.0000276,"OGFOD3"
"CLIP1",1.48e-09,0.152,0.722,0.711,0.0000276,"CLIP1"
"CALCOCO1",1.48e-09,0.208,0.336,0.315,0.0000276,"CALCOCO1"
"TPST2",1.5e-09,0.29,0.228,0.208,0.0000279,"TPST2"
"SIRPA",1.51e-09,-0.309,0.054,0.071,0.0000281,"SIRPA"
"CCDC66",1.54e-09,-0.133,0.704,0.736,0.0000287,"CCDC66"
"VPS26A",1.55e-09,0.128,0.645,0.64,0.0000288,"VPS26A"
"PLPP2",1.56e-09,-1.497,0.008,0.015,0.0000291,"PLPP2"
"PLEKHM1",1.61e-09,0.279,0.177,0.156,3e-05,"PLEKHM1"
"CCN5",1.62e-09,-1.158,0.005,0.01,0.0000302,"CCN5"
"FANCC",1.64e-09,0.138,0.47,0.444,0.0000305,"FANCC"
"BHLHE40",1.64e-09,0.256,0.22,0.199,0.0000306,"BHLHE40"
"MOCS1",1.68e-09,0.534,0.063,0.048,0.0000312,"MOCS1"
"PGAP6",1.69e-09,0.29,0.199,0.178,0.0000314,"PGAP6"
"FAIM",1.7e-09,0.366,0.113,0.094,0.0000317,"FAIM"
"C2orf88",1.71e-09,0.197,0.28,0.257,0.0000317,"C2orf88"
"ZNF232",1.72e-09,-0.179,0.172,0.201,0.000032,"ZNF232"
"EXOC7",1.74e-09,0.142,0.464,0.449,0.0000324,"EXOC7"
"NAT1",1.78e-09,1.093,0.02,0.011,0.0000331,"NAT1"
"TBC1D32",1.78e-09,-0.199,0.614,0.642,0.0000332,"TBC1D32"
"CNTNAP3C",1.79e-09,0.62,0.028,0.018,0.0000333,"CNTNAP3C"
"ZNF354C",1.81e-09,-0.209,0.151,0.177,0.0000337,"ZNF354C"
"OCRL",1.82e-09,-0.181,0.211,0.243,0.0000338,"OCRL"
"TMEM216",1.84e-09,0.318,0.169,0.149,0.0000342,"TMEM216"
"RABL6",1.86e-09,0.136,0.479,0.461,0.0000346,"RABL6"
"JAM3",1.87e-09,0.115,0.678,0.658,0.0000348,"JAM3"
"LRRC57",1.87e-09,0.243,0.302,0.283,0.0000349,"LRRC57"
"MED4",1.9e-09,0.103,0.733,0.723,0.0000353,"MED4"
"SH3BGRL2",1.99e-09,-0.311,0.212,0.24,0.000037,"SH3BGRL2"
"LRP11",1.99e-09,-0.179,0.406,0.443,0.0000371,"LRP11"
"PKN1",2e-09,0.132,0.572,0.557,0.0000373,"PKN1"
"GATB",2.03e-09,0.266,0.251,0.23,0.0000378,"GATB"
"EXOC6B",2.03e-09,-0.164,0.937,0.938,0.0000378,"EXOC6B"
"HEPH",2.03e-09,0.274,0.187,0.165,0.0000378,"HEPH"
"NASP",2.04e-09,0.145,0.895,0.885,0.0000379,"NASP"
"XDH",2.08e-09,-0.774,0.035,0.048,0.0000387,"XDH"
"HIF1A",2.09e-09,0.102,0.682,0.667,0.0000389,"HIF1A"
"GAN",2.1e-09,0.136,0.573,0.555,0.0000392,"GAN"
"CAND2",2.11e-09,-0.256,0.116,0.139,0.0000392,"CAND2"
"WDR37",2.16e-09,-0.176,0.448,0.485,0.0000402,"WDR37"
"MAN2C1",2.18e-09,0.248,0.223,0.201,0.0000405,"MAN2C1"
"ZNF236",2.2e-09,0.183,0.418,0.399,0.000041,"ZNF236"
"COL23A1",2.21e-09,-0.724,0.023,0.034,0.0000411,"COL23A1"
"FAM3A",2.21e-09,0.262,0.232,0.21,0.0000411,"FAM3A"
"SLC19A1",2.23e-09,-0.358,0.074,0.093,0.0000416,"SLC19A1"
"PILRA",2.25e-09,-0.313,0.107,0.129,0.0000419,"PILRA"
"SEMA3E",2.27e-09,-1.952,0.025,0.036,0.0000423,"SEMA3E"
"ATP6V1E1",2.31e-09,0.169,0.496,0.483,0.000043,"ATP6V1E1"
"NEUROD1",2.31e-09,-1.121,0.024,0.035,0.0000431,"NEUROD1"
"SASS6",2.37e-09,-0.206,0.163,0.19,0.0000441,"SASS6"
"ABCC10",2.37e-09,-0.279,0.145,0.17,0.0000442,"ABCC10"
"LGMN",2.38e-09,0.214,0.346,0.328,0.0000443,"LGMN"
"TPP2",2.39e-09,0.12,0.512,0.493,0.0000444,"TPP2"
"NBL1",2.4e-09,-0.362,0.085,0.105,0.0000447,"NBL1"
"NSD1",2.41e-09,-0.113,0.453,0.493,0.0000448,"NSD1"
"ABCD2",2.42e-09,0.279,0.2,0.178,0.000045,"ABCD2"
"GRIPAP1",2.48e-09,-0.158,0.645,0.679,0.0000461,"GRIPAP1"
"NAA10",2.49e-09,0.181,0.419,0.406,0.0000463,"NAA10"
"XPNPEP3",2.51e-09,0.135,0.457,0.437,0.0000466,"XPNPEP3"
"ZC3H7B",2.51e-09,-0.195,0.293,0.329,0.0000467,"ZC3H7B"
"HINT3",2.52e-09,-0.177,0.463,0.5,0.0000469,"HINT3"
"P3H4",2.53e-09,0.246,0.281,0.261,0.0000472,"P3H4"
"ADPRM",2.55e-09,-0.312,0.108,0.13,0.0000475,"ADPRM"
"AGMO",2.59e-09,0.69,0.052,0.039,0.0000481,"AGMO"
"SRGAP2C",2.59e-09,0.113,0.569,0.555,0.0000483,"SRGAP2C"
"MAP2K6",2.65e-09,0.176,0.554,0.542,0.0000493,"MAP2K6"
"ZNF283",2.65e-09,-0.37,0.042,0.056,0.0000493,"ZNF283"
"C15orf40",2.66e-09,0.16,0.416,0.398,0.0000495,"C15orf40"
"FIP1L1",2.66e-09,-0.116,0.686,0.715,0.0000495,"FIP1L1"
"CBLB",2.66e-09,-0.278,0.747,0.769,0.0000496,"CBLB"
"AP3D1",2.67e-09,0.138,0.491,0.477,0.0000497,"AP3D1"
"ANKDD1A",2.71e-09,-0.329,0.155,0.18,0.0000505,"ANKDD1A"
"RGL3",2.72e-09,0.89,0.019,0.011,0.0000506,"RGL3"
"NOC3L",2.74e-09,0.182,0.437,0.42,0.000051,"NOC3L"
"LY6G5C",2.77e-09,-0.637,0.024,0.034,0.0000516,"LY6G5C"
"SLC13A5",2.91e-09,1.042,0.02,0.012,0.0000542,"SLC13A5"
"OPRK1",2.92e-09,0.927,0.017,0.01,0.0000543,"OPRK1"
"SLC17A7",2.92e-09,-0.197,0.027,0.038,0.0000544,"SLC17A7"
"MSANTD4",2.93e-09,-0.179,0.395,0.431,0.0000546,"MSANTD4"
"CDK8",2.98e-09,-0.147,0.704,0.727,0.0000554,"CDK8"
"FAM185A",2.98e-09,-0.252,0.282,0.313,0.0000555,"FAM185A"
"ENSG00000280047",2.99e-09,-0.4,0.043,0.057,0.0000556,"ENSG00000280047"
"LRP5",3.06e-09,0.222,0.281,0.26,0.000057,"LRP5"
"RGS3",3.14e-09,0.263,0.239,0.217,0.0000584,"RGS3"
"ODR4",3.15e-09,0.107,0.552,0.534,0.0000585,"ODR4"
"ZNF844",3.16e-09,0.197,0.312,0.29,0.0000587,"ZNF844"
"PDGFB",3.18e-09,-1.239,0.005,0.011,0.0000592,"PDGFB"
"CLCN6",3.25e-09,0.157,0.422,0.406,0.0000604,"CLCN6"
"SRGAP2",3.25e-09,-0.353,0.535,0.561,0.0000606,"SRGAP2"
"PSTPIP2",3.29e-09,0.369,0.122,0.103,0.0000612,"PSTPIP2"
"MAGI2",3.31e-09,-0.153,0.977,0.978,0.0000616,"MAGI2"
"PI16",3.31e-09,-2.04,0.011,0.018,0.0000617,"PI16"
"SH3GL1",3.34e-09,0.193,0.364,0.346,0.0000622,"SH3GL1"
"C2CD2L",3.36e-09,-0.512,0.038,0.052,0.0000625,"C2CD2L"
"SLC25A24",3.36e-09,0.179,0.386,0.366,0.0000625,"SLC25A24"
"ZNF730",3.41e-09,-0.111,0.381,0.418,0.0000634,"ZNF730"
"CCDC59",3.47e-09,0.129,0.493,0.477,0.0000646,"CCDC59"
"LHX4",3.54e-09,-0.771,0.068,0.085,0.0000659,"LHX4"
"TMUB1",3.57e-09,0.333,0.189,0.169,0.0000665,"TMUB1"
"RNF112",3.6e-09,-0.393,0.026,0.037,0.000067,"RNF112"
"XKR6",3.62e-09,-0.252,0.857,0.862,0.0000673,"XKR6"
"CCDC43",3.66e-09,0.228,0.336,0.318,0.0000682,"CCDC43"
"TPRKB",3.73e-09,0.135,0.545,0.529,0.0000694,"TPRKB"
"RAB6D",3.75e-09,-1.228,0.005,0.01,0.0000698,"RAB6D"
"ENSG00000285253",3.75e-09,-0.235,0.245,0.274,0.0000698,"ENSG00000285253"
"MTHFD1",3.76e-09,0.172,0.395,0.376,0.0000699,"MTHFD1"
"CBR3",3.78e-09,0.49,0.08,0.064,0.0000703,"CBR3"
"GAL3ST3",3.83e-09,-0.288,0.069,0.087,0.0000713,"GAL3ST3"
"CCDC177",3.84e-09,-0.522,0.033,0.045,0.0000715,"CCDC177"
"HIBADH",3.85e-09,0.127,0.492,0.468,0.0000717,"HIBADH"
"GSTM2",3.88e-09,0.421,0.113,0.095,0.0000723,"GSTM2"
"SLC37A4",3.91e-09,0.396,0.123,0.105,0.0000728,"SLC37A4"
"SRM",3.97e-09,0.148,0.596,0.584,0.0000739,"SRM"
"MACIR",4.03e-09,0.177,0.468,0.451,0.000075,"MACIR"
"CYP1B1",4.06e-09,1.538,0.018,0.011,0.0000756,"CYP1B1"
"TMEM237",4.1e-09,0.184,0.389,0.373,0.0000763,"TMEM237"
"STT3A",4.16e-09,0.219,0.311,0.292,0.0000775,"STT3A"
"DHPS",4.17e-09,-0.134,0.477,0.519,0.0000777,"DHPS"
"COQ2",4.21e-09,0.256,0.285,0.266,0.0000784,"COQ2"
"SRC",4.33e-09,-0.212,0.141,0.166,0.0000807,"SRC"
"GPALPP1",4.34e-09,-0.141,0.523,0.565,0.0000807,"GPALPP1"
"VPS33A",4.42e-09,0.216,0.296,0.276,0.0000822,"VPS33A"
"PROCR",4.44e-09,0.534,0.051,0.038,0.0000826,"PROCR"
"GLMP",4.44e-09,0.611,0.062,0.048,0.0000826,"GLMP"
"FBXO31",4.46e-09,-0.221,0.162,0.189,0.0000831,"FBXO31"
"ELAC2",4.52e-09,0.266,0.239,0.219,0.0000841,"ELAC2"
"MRPL46",4.53e-09,0.394,0.103,0.085,0.0000843,"MRPL46"
"KATNAL2",4.58e-09,0.266,0.232,0.21,0.0000852,"KATNAL2"
"TTLL1",4.6e-09,0.174,0.385,0.368,0.0000857,"TTLL1"
"CFLAR",4.62e-09,0.452,0.057,0.043,0.0000861,"CFLAR"
"LIN52",4.63e-09,0.159,0.458,0.438,0.0000862,"LIN52"
"C3orf70",4.66e-09,-0.129,0.32,0.355,0.0000866,"C3orf70"
"MAMLD1",4.8e-09,0.207,0.261,0.237,0.0000894,"MAMLD1"
"WDR44",4.81e-09,-0.273,0.323,0.353,0.0000895,"WDR44"
"ETS1",4.89e-09,-0.736,0.009,0.016,0.000091,"ETS1"
"PDCD7",4.94e-09,-0.143,0.54,0.577,0.000092,"PDCD7"
"RALGAPB",4.99e-09,0.116,0.524,0.509,0.0000929,"RALGAPB"
"SIAH2",5.05e-09,-0.184,0.217,0.247,0.0000941,"SIAH2"
"MMP14",5.1e-09,0.737,0.025,0.016,0.000095,"MMP14"
"HAUS1",5.12e-09,0.175,0.488,0.477,0.0000953,"HAUS1"
"AHR",5.19e-09,0.259,0.146,0.126,0.0000965,"AHR"
"ASPSCR1",5.23e-09,0.211,0.293,0.273,0.0000973,"ASPSCR1"
"HAGHL",5.31e-09,0.385,0.118,0.1,0.0000988,"HAGHL"
"VEGFC",5.34e-09,0.434,0.064,0.049,0.0000994,"VEGFC"
"S100A4",5.36e-09,0.997,0.014,0.007,0.0000998,"S100A4"
"SGPP2",5.39e-09,-0.701,0.027,0.039,0.0001,"SGPP2"
"ALG14",5.42e-09,0.168,0.313,0.291,0.000101,"ALG14"
"TMEM42",5.52e-09,0.258,0.235,0.214,0.000103,"TMEM42"
"NAA60",5.53e-09,0.138,0.382,0.363,0.000103,"NAA60"
"EFEMP1",5.57e-09,-0.237,0.174,0.201,0.000104,"EFEMP1"
"ZBTB1",5.58e-09,0.14,0.45,0.432,0.000104,"ZBTB1"
"LRRC55",5.62e-09,-0.444,0.019,0.029,0.000105,"LRRC55"
"ZNRD2",5.62e-09,0.351,0.169,0.15,0.000105,"ZNRD2"
"TMEM214",5.68e-09,0.444,0.092,0.075,0.000106,"TMEM214"
"RNF208",5.74e-09,-0.25,0.101,0.122,0.000107,"RNF208"
"ZNF786",5.85e-09,-0.198,0.18,0.208,0.000109,"ZNF786"
"NUP35",5.89e-09,-0.141,0.245,0.278,0.00011,"NUP35"
"TPM1",5.91e-09,0.129,0.588,0.573,0.00011,"TPM1"
"ATOH7",5.93e-09,-0.767,0.007,0.014,0.00011,"ATOH7"
"KCTD9",5.98e-09,0.384,0.141,0.122,0.000111,"KCTD9"
"CD37",5.99e-09,0.774,0.039,0.028,0.000111,"CD37"
"THBS4",5.99e-09,0.204,0.317,0.296,0.000112,"THBS4"
"ITGA5",6.01e-09,0.956,0.019,0.011,0.000112,"ITGA5"
"PXDNL",6.18e-09,-0.378,0.069,0.086,0.000115,"PXDNL"
"HERPUD2",6.22e-09,0.158,0.435,0.417,0.000116,"HERPUD2"
"BUB3",6.34e-09,0.145,0.549,0.533,0.000118,"BUB3"
"RNPEP",6.53e-09,0.239,0.309,0.292,0.000121,"RNPEP"
"STXBP2",6.53e-09,-0.881,0.007,0.013,0.000122,"STXBP2"
"INIP",6.59e-09,-0.159,0.417,0.455,0.000123,"INIP"
"MIER3",6.67e-09,0.198,0.288,0.269,0.000124,"MIER3"
"CRPPA",6.71e-09,0.159,0.307,0.281,0.000125,"CRPPA"
"RUNX2",6.72e-09,0.266,0.236,0.216,0.000125,"RUNX2"
"EHBP1L1",6.74e-09,-0.417,0.023,0.034,0.000125,"EHBP1L1"
"ARSA",6.75e-09,0.524,0.052,0.039,0.000126,"ARSA"
"TMEM203",6.78e-09,0.162,0.436,0.421,0.000126,"TMEM203"
"POLE4",6.8e-09,0.173,0.423,0.404,0.000127,"POLE4"
"CCDC102A",6.8e-09,0.454,0.089,0.072,0.000127,"CCDC102A"
"CKS2",6.86e-09,0.136,0.356,0.335,0.000128,"CKS2"
"STRN",6.96e-09,0.122,0.546,0.533,0.00013,"STRN"
"ZFPM1",6.96e-09,0.192,0.366,0.347,0.00013,"ZFPM1"
"CEP85",7.1e-09,-0.225,0.113,0.136,0.000132,"CEP85"
"MKRN2OS",7.11e-09,-0.232,0.134,0.158,0.000132,"MKRN2OS"
"AP4B1",7.14e-09,-0.318,0.106,0.127,0.000133,"AP4B1"
"UBR3",7.15e-09,-0.177,0.771,0.793,0.000133,"UBR3"
"PUS10",7.16e-09,0.245,0.242,0.221,0.000133,"PUS10"
"MIS12",7.23e-09,0.207,0.312,0.293,0.000135,"MIS12"
"REC8",7.23e-09,0.378,0.127,0.109,0.000135,"REC8"
"DCAF11",7.68e-09,0.267,0.236,0.216,0.000143,"DCAF11"
"GOT1",7.71e-09,-0.207,0.285,0.316,0.000143,"GOT1"
"PSME3",7.79e-09,0.243,0.318,0.301,0.000145,"PSME3"
"ZNF180",7.93e-09,-0.225,0.128,0.151,0.000148,"ZNF180"
"ZNF485",7.99e-09,-0.402,0.033,0.046,0.000149,"ZNF485"
"ARL17B",8e-09,-0.142,0.63,0.665,0.000149,"ARL17B"
"RASGRP2",8.03e-09,-0.684,0.018,0.027,0.000149,"RASGRP2"
"DGKZ",8.15e-09,-0.224,0.244,0.276,0.000152,"DGKZ"
"THG1L",8.21e-09,0.266,0.187,0.167,0.000153,"THG1L"
"BMI1",8.32e-09,-0.167,0.318,0.356,0.000155,"BMI1"
"MYO18A",8.37e-09,-0.216,0.197,0.225,0.000156,"MYO18A"
"SLC25A48",8.43e-09,0.573,0.069,0.055,0.000157,"SLC25A48"
"ATAD1",8.44e-09,-0.152,0.719,0.743,0.000157,"ATAD1"
"PLOD1",8.51e-09,0.37,0.119,0.101,0.000158,"PLOD1"
"ZUP1",8.52e-09,-0.179,0.328,0.364,0.000159,"ZUP1"
"NFE2L1",8.57e-09,0.161,0.434,0.418,0.000159,"NFE2L1"
"ZMYM6",8.58e-09,0.171,0.354,0.335,0.00016,"ZMYM6"
"ITSN2",8.64e-09,0.101,0.574,0.558,0.000161,"ITSN2"
"ASB1",8.66e-09,0.367,0.152,0.133,0.000161,"ASB1"
"HK1",8.73e-09,-0.269,0.44,0.473,0.000162,"HK1"
"ECEL1",8.87e-09,0.819,0.031,0.021,0.000165,"ECEL1"
"ATP8B2",8.93e-09,-0.317,0.124,0.146,0.000166,"ATP8B2"
"TSNAX",9.1e-09,0.11,0.596,0.584,0.000169,"TSNAX"
"SIGMAR1",9.15e-09,0.247,0.254,0.234,0.00017,"SIGMAR1"
"ZNF774",9.28e-09,-0.32,0.073,0.091,0.000173,"ZNF774"
"TMEM132E",9.29e-09,-0.94,0.01,0.017,0.000173,"TMEM132E"
"SEC23A",9.29e-09,0.128,0.525,0.51,0.000173,"SEC23A"
"NUAK2",9.33e-09,0.342,0.132,0.113,0.000174,"NUAK2"
"PPP1R15A",9.34e-09,-0.174,0.293,0.323,0.000174,"PPP1R15A"
"ISOC1",9.46e-09,-0.155,0.297,0.332,0.000176,"ISOC1"
"SLC22A23",9.55e-09,0.338,0.553,0.538,0.000178,"SLC22A23"
"GPI",9.56e-09,-0.279,0.53,0.558,0.000178,"GPI"
"SMTNL2",9.61e-09,-1.201,0.006,0.011,0.000179,"SMTNL2"
"DDX1",9.72e-09,0.114,0.674,0.671,0.000181,"DDX1"
"MAPK3",9.73e-09,0.3,0.208,0.189,0.000181,"MAPK3"
"LUC7L",9.84e-09,-0.123,0.65,0.685,0.000183,"LUC7L"
"MFSD14A",9.84e-09,0.109,0.626,0.619,0.000183,"MFSD14A"
"ENTPD4",9.99e-09,-0.221,0.266,0.297,0.000186,"ENTPD4"
"RUBCN",1.01e-08,-0.192,0.255,0.287,0.000188,"RUBCN"
"CXCL5",1.02e-08,1.333,0.01,0.004,0.00019,"CXCL5"
"RNF114",1.02e-08,0.121,0.46,0.447,0.00019,"RNF114"
"RELCH",1.03e-08,-0.168,0.575,0.609,0.000193,"RELCH"
"BACE1",1.03e-08,0.105,0.521,0.508,0.000193,"BACE1"
"LRRC3",1.04e-08,-0.329,0.052,0.067,0.000193,"LRRC3"
"CNPPD1",1.04e-08,0.241,0.262,0.243,0.000194,"CNPPD1"
"RFLNA",1.04e-08,-0.197,0.272,0.303,0.000194,"RFLNA"
"CCDC174",1.04e-08,0.165,0.388,0.37,0.000194,"CCDC174"
"GRIP2",1.05e-08,-0.242,0.166,0.191,0.000196,"GRIP2"
"PIGX",1.06e-08,0.131,0.556,0.544,0.000197,"PIGX"
"TTN",1.06e-08,-0.274,0.27,0.299,0.000198,"TTN"
"ABCB8",1.06e-08,-0.217,0.181,0.209,0.000198,"ABCB8"
"ESRRA",1.07e-08,0.252,0.214,0.194,0.000199,"ESRRA"
"MACROH2A2",1.07e-08,-0.173,0.648,0.669,0.000199,"MACROH2A2"
"SLC39A8",1.09e-08,0.304,0.191,0.171,0.000203,"SLC39A8"
"RCAN1",1.1e-08,-0.228,0.348,0.381,0.000204,"RCAN1"
"GRAMD1A",1.1e-08,-0.154,0.328,0.364,0.000204,"GRAMD1A"
"COA7",1.11e-08,-0.173,0.194,0.223,0.000206,"COA7"
"HEY2",1.12e-08,0.599,0.078,0.063,0.000208,"HEY2"
"ABCA5",1.12e-08,-0.261,0.418,0.445,0.000208,"ABCA5"
"BRD8",1.12e-08,0.137,0.48,0.465,0.000208,"BRD8"
"TVP23C-CDRT4",1.14e-08,-0.232,0.275,0.306,0.000212,"TVP23C-CDRT4"
"AIP",1.14e-08,0.241,0.306,0.289,0.000213,"AIP"
"ZNF157",1.17e-08,-0.417,0.045,0.059,0.000218,"ZNF157"
"SLC39A10",1.17e-08,-0.193,0.585,0.613,0.000218,"SLC39A10"
"SLC38A2",1.18e-08,-0.126,0.386,0.423,0.000219,"SLC38A2"
"MPRIP",1.18e-08,-0.128,0.565,0.603,0.00022,"MPRIP"
"SEPTIN1",1.18e-08,-0.334,0.062,0.078,0.00022,"SEPTIN1"
"ABCA7",1.21e-08,-0.562,0.026,0.037,0.000225,"ABCA7"
"ZNF771",1.22e-08,0.284,0.222,0.203,0.000227,"ZNF771"
"MCM3",1.23e-08,0.211,0.256,0.233,0.000229,"MCM3"
"RGS22",1.24e-08,0.416,0.117,0.098,0.000231,"RGS22"
"TRIM26",1.24e-08,0.186,0.322,0.305,0.000231,"TRIM26"
"PROSER2",1.24e-08,0.624,0.056,0.043,0.000232,"PROSER2"
"CAPS",1.25e-08,1.37,0.032,0.022,0.000234,"CAPS"
"RBFA",1.26e-08,-0.16,0.436,0.475,0.000234,"RBFA"
"NIPSNAP3A",1.26e-08,0.211,0.359,0.342,0.000235,"NIPSNAP3A"
"KCNIP2",1.28e-08,0.419,0.103,0.086,0.000238,"KCNIP2"
"RPF1",1.3e-08,0.195,0.332,0.313,0.000241,"RPF1"
"DEPTOR",1.31e-08,-0.225,0.102,0.122,0.000244,"DEPTOR"
"AMOTL2",1.33e-08,-0.111,0.153,0.179,0.000247,"AMOTL2"
"RAD1",1.33e-08,-0.129,0.259,0.293,0.000247,"RAD1"
"TIMM21",1.34e-08,0.166,0.33,0.311,0.000249,"TIMM21"
"METTL22",1.34e-08,-0.172,0.165,0.192,0.00025,"METTL22"
"SCRN3",1.38e-08,0.11,0.571,0.56,0.000256,"SCRN3"
"IFNGR1",1.38e-08,0.158,0.467,0.454,0.000257,"IFNGR1"
"ZNF407",1.4e-08,0.123,0.557,0.541,0.00026,"ZNF407"
"LIG4",1.41e-08,-0.197,0.166,0.192,0.000263,"LIG4"
"GMEB1",1.44e-08,-0.197,0.264,0.295,0.000268,"GMEB1"
"PPME1",1.44e-08,-0.145,0.602,0.634,0.000269,"PPME1"
"APOBEC3F",1.45e-08,0.696,0.031,0.021,0.00027,"APOBEC3F"
"MAN2B1",1.46e-08,0.231,0.207,0.187,0.000272,"MAN2B1"
"ALG6",1.46e-08,-0.23,0.235,0.266,0.000272,"ALG6"
"WNT2B",1.47e-08,0.911,0.23,0.211,0.000274,"WNT2B"
"CAV1",1.47e-08,1.02,0.022,0.014,0.000274,"CAV1"
"FTO",1.48e-08,-0.146,0.838,0.852,0.000275,"FTO"
"MUSK",1.49e-08,0.499,0.056,0.043,0.000277,"MUSK"
"TRDN",1.51e-08,-1.187,0.007,0.013,0.000281,"TRDN"
"ZC3HC1",1.53e-08,0.213,0.314,0.295,0.000284,"ZC3HC1"
"KIFBP",1.54e-08,0.104,0.589,0.575,0.000286,"KIFBP"
"GAS7",1.54e-08,0.135,0.297,0.272,0.000287,"GAS7"
"ADRA1A",1.56e-08,-0.44,0.198,0.171,0.000291,"ADRA1A"
"NXPH2",1.57e-08,-0.815,0.04,0.053,0.000293,"NXPH2"
"RSBN1L",1.58e-08,-0.119,0.599,0.639,0.000294,"RSBN1L"
"SPDYE2",1.58e-08,0.28,0.146,0.127,0.000294,"SPDYE2"
"SEMA6B",1.59e-08,-0.155,0.141,0.165,0.000297,"SEMA6B"
"C1QL4",1.59e-08,-0.538,0.032,0.043,0.000297,"C1QL4"
"OPN5",1.62e-08,0.877,0.01,0.005,0.000302,"OPN5"
"NPY",1.63e-08,0.395,0.044,0.032,0.000304,"NPY"
"ENTPD6",1.66e-08,-0.183,0.16,0.185,0.000308,"ENTPD6"
"VPS39",1.66e-08,0.166,0.384,0.367,0.000308,"VPS39"
"MT-TT",1.66e-08,0.471,0.085,0.069,0.000309,"MT-TT"
"CARNMT1",1.68e-08,-0.203,0.291,0.323,0.000313,"CARNMT1"
"MBTD1",1.7e-08,0.132,0.584,0.575,0.000316,"MBTD1"
"THOC3",1.7e-08,-0.145,0.332,0.368,0.000317,"THOC3"
"UBE4A",1.71e-08,0.139,0.484,0.473,0.000318,"UBE4A"
"SLC22A1",1.71e-08,0.68,0.03,0.021,0.000319,"SLC22A1"
"BTBD1",1.71e-08,0.11,0.565,0.552,0.000319,"BTBD1"
"OTUD1",1.72e-08,-0.234,0.099,0.119,0.00032,"OTUD1"
"SLC25A4",1.74e-08,-0.159,0.726,0.744,0.000324,"SLC25A4"
"INO80D",1.75e-08,-0.146,0.513,0.551,0.000325,"INO80D"
"ZBTB49",1.76e-08,-0.298,0.118,0.139,0.000327,"ZBTB49"
"ENSG00000280229",1.86e-08,-1.007,0.006,0.011,0.000346,"ENSG00000280229"
"GNB1L",1.86e-08,-0.266,0.077,0.095,0.000346,"GNB1L"
"ZBTB25",1.86e-08,-0.162,0.263,0.295,0.000347,"ZBTB25"
"LNP1",1.88e-08,-0.232,0.122,0.145,0.000349,"LNP1"
"TIMM10B",1.89e-08,0.229,0.284,0.266,0.000351,"TIMM10B"
"ZNF528",1.89e-08,-0.302,0.047,0.061,0.000352,"ZNF528"
"ITGA4",1.9e-08,-1.523,0.009,0.016,0.000354,"ITGA4"
"GABBR2",1.92e-08,0.457,0.624,0.678,0.000356,"GABBR2"
"FN3KRP",1.93e-08,0.21,0.31,0.292,0.000359,"FN3KRP"
"ANKIB1",1.93e-08,-0.158,0.863,0.874,0.000359,"ANKIB1"
"MYCL",1.93e-08,-0.21,0.075,0.093,0.00036,"MYCL"
"ELK3",1.94e-08,0.298,0.164,0.145,0.00036,"ELK3"
"ENSG00000273025",1.95e-08,-0.575,0.023,0.034,0.000364,"ENSG00000273025"
"GDPD1",1.96e-08,-0.11,0.483,0.525,0.000365,"GDPD1"
"TANGO2",1.97e-08,0.313,0.163,0.144,0.000366,"TANGO2"
"DTD1",2.03e-08,-0.148,0.819,0.83,0.000377,"DTD1"
"SPATA6L",2.03e-08,-0.494,0.08,0.098,0.000378,"SPATA6L"
"DOK1",2.03e-08,0.473,0.093,0.077,0.000379,"DOK1"
"ADGRL3",2.04e-08,-0.226,0.884,0.91,0.000379,"ADGRL3"
"WDTC1",2.05e-08,0.237,0.281,0.262,0.000382,"WDTC1"
"GPANK1",2.06e-08,0.224,0.276,0.257,0.000384,"GPANK1"
"ARF5",2.09e-08,-0.157,0.529,0.564,0.000389,"ARF5"
"MMP2",2.09e-08,0.452,0.107,0.09,0.00039,"MMP2"
"CANT1",2.09e-08,0.24,0.221,0.202,0.00039,"CANT1"
"ZNF365",2.1e-08,-0.397,0.032,0.044,0.000391,"ZNF365"
"LANCL3",2.15e-08,-0.93,0.009,0.015,0.0004,"LANCL3"
"ENSG00000285708",2.16e-08,-0.368,0.093,0.111,0.000403,"ENSG00000285708"
"HAPLN2",2.18e-08,-0.83,0.009,0.016,0.000405,"HAPLN2"
"BMS1",2.18e-08,0.124,0.432,0.414,0.000406,"BMS1"
"APOM",2.23e-08,0.377,0.11,0.093,0.000415,"APOM"
"S100PBP",2.23e-08,0.14,0.455,0.439,0.000415,"S100PBP"
"SKOR1",2.24e-08,-0.927,0.005,0.01,0.000417,"SKOR1"
"SNAPC2",2.24e-08,0.364,0.134,0.116,0.000417,"SNAPC2"
"DCAF12L2",2.26e-08,-0.756,0.011,0.018,0.00042,"DCAF12L2"
"ATN1",2.27e-08,-0.145,0.407,0.446,0.000423,"ATN1"
"ZNF260",2.31e-08,0.135,0.442,0.429,0.00043,"ZNF260"
"ANKRD40",2.31e-08,0.242,0.267,0.25,0.000431,"ANKRD40"
"UXS1",2.34e-08,-0.182,0.321,0.354,0.000436,"UXS1"
"UNC93B1",2.4e-08,0.708,0.044,0.033,0.000447,"UNC93B1"
"FZD8",2.41e-08,0.703,0.048,0.036,0.000448,"FZD8"
"BCAS4",2.44e-08,0.197,0.301,0.282,0.000454,"BCAS4"
"CD320",2.45e-08,0.207,0.368,0.354,0.000455,"CD320"
"ARHGAP35",2.45e-08,0.101,0.776,0.766,0.000456,"ARHGAP35"
"ELP2",2.45e-08,-0.162,0.529,0.564,0.000456,"ELP2"
"MBD4",2.46e-08,-0.156,0.294,0.327,0.000459,"MBD4"
"ARSJ",2.48e-08,0.809,0.023,0.015,0.000461,"ARSJ"
"PRR12",2.48e-08,-0.183,0.259,0.29,0.000462,"PRR12"
"C8orf89",2.51e-08,-0.733,0.01,0.018,0.000466,"C8orf89"
"UNC13B",2.54e-08,0.127,0.387,0.365,0.000472,"UNC13B"
"CYBC1",2.57e-08,0.262,0.256,0.239,0.000479,"CYBC1"
"SGPP1",2.62e-08,0.182,0.3,0.281,0.000488,"SGPP1"
"IARS2",2.65e-08,0.146,0.482,0.471,0.000494,"IARS2"
"ALG3",2.71e-08,0.307,0.183,0.164,0.000504,"ALG3"
"HDAC11",2.74e-08,0.325,0.133,0.115,0.000511,"HDAC11"
"MTMR12",2.78e-08,-0.193,0.348,0.382,0.000517,"MTMR12"
"TYW1B",2.78e-08,0.149,0.37,0.349,0.000518,"TYW1B"
"TMEM221",2.81e-08,0.469,0.076,0.061,0.000522,"TMEM221"
"MYL5",2.82e-08,0.592,0.068,0.054,0.000525,"MYL5"
"CFAP221",2.84e-08,-0.162,0.269,0.299,0.000528,"CFAP221"
"RILPL1",2.84e-08,0.146,0.439,0.425,0.000528,"RILPL1"
"GPR156",2.86e-08,0.313,0.14,0.121,0.000533,"GPR156"
"NLRC4",2.87e-08,-0.614,0.027,0.037,0.000535,"NLRC4"
"PRKAR1B",2.89e-08,-0.174,0.234,0.265,0.000537,"PRKAR1B"
"YPEL4",2.91e-08,-0.671,0.016,0.024,0.000541,"YPEL4"
"GOLGA6L4",2.91e-08,-0.609,0.035,0.046,0.000541,"GOLGA6L4"
"PELI2",2.93e-08,0.184,0.52,0.502,0.000546,"PELI2"
"P3H3",2.94e-08,-0.371,0.055,0.069,0.000547,"P3H3"
"DDX49",3.01e-08,0.159,0.358,0.34,0.000561,"DDX49"
"SULT1C2",3.02e-08,1.128,0.015,0.008,0.000561,"SULT1C2"
"CTC1",3.03e-08,-0.356,0.064,0.08,0.000563,"CTC1"
"CERCAM",3.03e-08,0.331,0.155,0.136,0.000565,"CERCAM"
"ZBED3",3.04e-08,0.15,0.399,0.381,0.000566,"ZBED3"
"GATAD2B",3.05e-08,0.108,0.778,0.766,0.000568,"GATAD2B"
"EFR3B",3.06e-08,-0.141,0.484,0.518,0.00057,"EFR3B"
"TRMO",3.1e-08,0.306,0.196,0.176,0.000577,"TRMO"
"TRIM13",3.19e-08,0.159,0.557,0.55,0.000594,"TRIM13"
"CLEC19A",3.2e-08,1.047,0.022,0.014,0.000596,"CLEC19A"
"HNMT",3.21e-08,0.317,0.145,0.127,0.000597,"HNMT"
"ZNF670",3.25e-08,-0.202,0.222,0.25,0.000606,"ZNF670"
"SNX29",3.32e-08,0.11,0.552,0.538,0.000617,"SNX29"
"FAT2",3.34e-08,-0.813,0.011,0.018,0.000621,"FAT2"
"LHCGR",3.38e-08,0.913,0.02,0.012,0.000629,"LHCGR"
"ATG16L1",3.42e-08,-0.187,0.155,0.18,0.000637,"ATG16L1"
"SLC39A13",3.47e-08,0.344,0.128,0.111,0.000645,"SLC39A13"
"AQP1",3.48e-08,2.282,0.01,0.005,0.000648,"AQP1"
"DHRS12",3.5e-08,0.364,0.111,0.094,0.000652,"DHRS12"
"LRRC3C",3.53e-08,0.484,0.062,0.049,0.000658,"LRRC3C"
"TFB1M",3.55e-08,0.14,0.428,0.413,0.00066,"TFB1M"
"GOLGA6L10",3.59e-08,-0.483,0.024,0.034,0.000668,"GOLGA6L10"
"ZNF501",3.68e-08,-0.249,0.059,0.075,0.000685,"ZNF501"
"LPCAT3",3.68e-08,0.16,0.335,0.318,0.000686,"LPCAT3"
"VPS53",3.7e-08,-0.158,0.66,0.689,0.000689,"VPS53"
"MED12",3.81e-08,0.299,0.176,0.157,0.000709,"MED12"
"ENDOD1",3.83e-08,0.245,0.224,0.204,0.000713,"ENDOD1"
"USP53",3.85e-08,0.366,0.225,0.205,0.000717,"USP53"
"TNNT1",3.87e-08,-0.711,0.009,0.016,0.000721,"TNNT1"
"ATP11B",3.92e-08,0.103,0.557,0.541,0.000729,"ATP11B"
"CLN8",3.94e-08,0.237,0.266,0.248,0.000733,"CLN8"
"ERFL",3.97e-08,-1.046,0.006,0.011,0.00074,"ERFL"
"LHPP",4.03e-08,0.21,0.334,0.317,0.00075,"LHPP"
"CHTF18",4.04e-08,-0.435,0.026,0.036,0.000751,"CHTF18"
"SKAP1",4.05e-08,-1.157,0.007,0.012,0.000754,"SKAP1"
"RIC8A",4.17e-08,0.248,0.274,0.258,0.000777,"RIC8A"
"FIGN",4.21e-08,-0.244,0.726,0.694,0.000785,"FIGN"
"C9orf24",4.22e-08,0.274,0.207,0.188,0.000785,"C9orf24"
"POLR3B",4.23e-08,-0.164,0.266,0.297,0.000788,"POLR3B"
"UNC45A",4.25e-08,0.206,0.249,0.23,0.000792,"UNC45A"
"ALDOA",4.26e-08,0.46,0.083,0.068,0.000793,"ALDOA"
"TPM4",4.29e-08,0.124,0.584,0.571,0.000799,"TPM4"
"WDR90",4.33e-08,-0.253,0.053,0.068,0.000807,"WDR90"
"FIBIN",4.34e-08,0.39,0.133,0.114,0.000808,"FIBIN"
"SDHA",4.35e-08,0.117,0.455,0.443,0.00081,"SDHA"
"TMEM250",4.51e-08,0.256,0.207,0.189,0.000839,"TMEM250"
"SEC22C",4.57e-08,0.129,0.487,0.474,0.000851,"SEC22C"
"ADA",4.58e-08,0.289,0.172,0.153,0.000852,"ADA"
"DKKL1",4.72e-08,0.446,0.102,0.086,0.000879,"DKKL1"
"PCNT",4.73e-08,-0.145,0.196,0.224,0.000881,"PCNT"
"UBE2D4",4.82e-08,0.204,0.296,0.279,0.000898,"UBE2D4"
"DAPK2",4.85e-08,0.486,0.095,0.079,0.000902,"DAPK2"
"ZDHHC1",4.92e-08,0.291,0.17,0.151,0.000916,"ZDHHC1"
"TIGD1",4.93e-08,-0.22,0.117,0.138,0.000918,"TIGD1"
"GORASP2",4.97e-08,0.116,0.531,0.517,0.000926,"GORASP2"
"RHOBTB1",5.01e-08,0.228,0.286,0.267,0.000932,"RHOBTB1"
"ENSG00000254692",5.02e-08,-0.239,0.133,0.155,0.000934,"ENSG00000254692"
"METTL6",5.02e-08,-0.173,0.523,0.556,0.000934,"METTL6"
"GCNT4",5.09e-08,0.527,0.059,0.046,0.000947,"GCNT4"
"AP3M2",5.12e-08,-0.142,0.469,0.506,0.000953,"AP3M2"
"TMEM128",5.15e-08,0.115,0.481,0.47,0.000959,"TMEM128"
"PARP6",5.17e-08,-0.16,0.277,0.309,0.000963,"PARP6"
"TMCC3",5.25e-08,0.24,0.098,0.081,0.000978,"TMCC3"
"SETD7",5.29e-08,0.155,0.406,0.39,0.000985,"SETD7"
"BRD3",5.32e-08,-0.134,0.524,0.559,0.00099,"BRD3"
"BMP8B",5.34e-08,-0.475,0.012,0.019,0.000995,"BMP8B"
"SORD",5.41e-08,0.217,0.314,0.297,0.00101,"SORD"
"ATG2A",5.54e-08,0.329,0.129,0.112,0.00103,"ATG2A"
"ZBTB5",5.57e-08,-0.223,0.189,0.215,0.00104,"ZBTB5"
"VWA3A",5.59e-08,0.238,0.176,0.156,0.00104,"VWA3A"
"MAVS",5.6e-08,0.223,0.262,0.244,0.00104,"MAVS"
"RASGRF2",5.61e-08,-0.415,0.071,0.087,0.00104,"RASGRF2"
"SLC47A1",5.62e-08,0.725,0.023,0.015,0.00105,"SLC47A1"
"POLR3A",5.66e-08,-0.145,0.327,0.363,0.00105,"POLR3A"
"ZNF554",5.82e-08,-0.288,0.071,0.087,0.00108,"ZNF554"
"SLC36A4",5.85e-08,-0.145,0.628,0.66,0.00109,"SLC36A4"
"SPATA5",5.89e-08,0.147,0.536,0.519,0.0011,"SPATA5"
"ZNF710",5.94e-08,0.193,0.346,0.327,0.0011,"ZNF710"
"PDK2",5.96e-08,0.32,0.182,0.164,0.00111,"PDK2"
"CD247",5.97e-08,-0.975,0.013,0.021,0.00111,"CD247"
"NSUN5",6.02e-08,-0.212,0.115,0.136,0.00112,"NSUN5"
"TMEM161B",6.05e-08,0.146,0.493,0.481,0.00113,"TMEM161B"
"MRRF",6.07e-08,0.205,0.291,0.273,0.00113,"MRRF"
"MTERF3",6.19e-08,-0.152,0.228,0.259,0.00115,"MTERF3"
"TRAFD1",6.2e-08,0.2,0.303,0.285,0.00115,"TRAFD1"
"C17orf67",6.2e-08,-0.238,0.129,0.151,0.00115,"C17orf67"
"MTLN",6.21e-08,0.224,0.265,0.246,0.00116,"MTLN"
"DNAI7",6.26e-08,0.252,0.217,0.197,0.00116,"DNAI7"
"ATXN7L3",6.26e-08,-0.197,0.162,0.186,0.00117,"ATXN7L3"
"TPCN1",6.34e-08,0.239,0.222,0.203,0.00118,"TPCN1"
"DHX8",6.38e-08,0.141,0.38,0.364,0.00119,"DHX8"
"PRR18",6.42e-08,0.488,0.074,0.06,0.0012,"PRR18"
"FAM47E",6.53e-08,0.382,0.129,0.112,0.00122,"FAM47E"
"MAPK8IP3",6.54e-08,-0.17,0.345,0.379,0.00122,"MAPK8IP3"
"ARSD",6.57e-08,0.261,0.165,0.146,0.00122,"ARSD"
"FAR1",6.6e-08,-0.132,0.702,0.727,0.00123,"FAR1"
"C1orf35",6.71e-08,0.124,0.397,0.383,0.00125,"C1orf35"
"PLA2G4C",6.73e-08,-0.616,0.038,0.05,0.00125,"PLA2G4C"
"WDR6",6.78e-08,0.179,0.384,0.371,0.00126,"WDR6"
"ZBED4",6.79e-08,-0.134,0.354,0.389,0.00126,"ZBED4"
"PHF12",6.81e-08,0.206,0.423,0.414,0.00127,"PHF12"
"IQANK1",6.88e-08,-1.132,0.006,0.012,0.00128,"IQANK1"
"ARHGEF10L",6.88e-08,0.173,0.362,0.346,0.00128,"ARHGEF10L"
"ENSG00000188897",6.92e-08,0.386,0.132,0.114,0.00129,"ENSG00000188897"
"ZYG11B",6.93e-08,-0.157,0.638,0.667,0.00129,"ZYG11B"
"COL20A1",7.13e-08,-0.948,0.007,0.013,0.00133,"COL20A1"
"ZGLP1",7.13e-08,-0.642,0.018,0.027,0.00133,"ZGLP1"
"CFAP126",7.14e-08,0.106,0.215,0.192,0.00133,"CFAP126"
"COQ8B",7.19e-08,0.217,0.256,0.238,0.00134,"COQ8B"
"CYP27A1",7.23e-08,0.425,0.082,0.067,0.00135,"CYP27A1"
"PEX1",7.27e-08,-0.165,0.327,0.362,0.00135,"PEX1"
"JADE3",7.3e-08,-0.163,0.235,0.262,0.00136,"JADE3"
"SNTG1",7.42e-08,-0.289,0.55,0.512,0.00138,"SNTG1"
"PWWP3A",7.61e-08,0.108,0.535,0.522,0.00142,"PWWP3A"
"ZNF248",7.64e-08,-0.139,0.374,0.41,0.00142,"ZNF248"
"ZNF37A",7.72e-08,-0.167,0.641,0.665,0.00144,"ZNF37A"
"IL10RB",7.77e-08,0.469,0.066,0.053,0.00145,"IL10RB"
"TPRG1",7.85e-08,0.418,0.044,0.033,0.00146,"TPRG1"
"NKD2",7.86e-08,-0.811,0.01,0.017,0.00146,"NKD2"
"TPST1",7.89e-08,-0.214,0.729,0.75,0.00147,"TPST1"
"SCAMP3",7.93e-08,0.17,0.352,0.336,0.00148,"SCAMP3"
"SLC35F5",8e-08,0.12,0.539,0.531,0.00149,"SLC35F5"
"ACTR6",8.05e-08,0.106,0.688,0.679,0.0015,"ACTR6"
"CLEC11A",8.09e-08,0.211,0.256,0.238,0.00151,"CLEC11A"
"CEBPG",8.11e-08,-0.119,0.403,0.438,0.00151,"CEBPG"
"CCDC71L",8.18e-08,-0.166,0.195,0.223,0.00152,"CCDC71L"
"SLC37A3",8.18e-08,-0.184,0.341,0.373,0.00152,"SLC37A3"
"ENSG00000280119",8.2e-08,-0.78,0.005,0.01,0.00153,"ENSG00000280119"
"ZNF800",8.22e-08,0.135,0.432,0.416,0.00153,"ZNF800"
"NAGK",8.27e-08,0.151,0.427,0.415,0.00154,"NAGK"
"CSRNP1",8.33e-08,0.483,0.075,0.061,0.00155,"CSRNP1"
"ZFP1",8.37e-08,-0.159,0.264,0.296,0.00156,"ZFP1"
"CXCL12",8.57e-08,0.913,0.018,0.011,0.0016,"CXCL12"
"LMF2",8.59e-08,0.319,0.168,0.151,0.0016,"LMF2"
"FBXL19",8.6e-08,-0.3,0.073,0.089,0.0016,"FBXL19"
"CCDC82",8.69e-08,-0.132,0.668,0.697,0.00162,"CCDC82"
"ATP2C1",8.74e-08,-0.13,0.676,0.702,0.00163,"ATP2C1"
"SAAL1",8.79e-08,-0.108,0.219,0.25,0.00164,"SAAL1"
"ZNF263",8.8e-08,-0.203,0.094,0.113,0.00164,"ZNF263"
"DNTTIP2",8.8e-08,0.136,0.483,0.469,0.00164,"DNTTIP2"
"C12orf29",8.81e-08,0.18,0.354,0.338,0.00164,"C12orf29"
"SMIM4",8.82e-08,0.171,0.387,0.376,0.00164,"SMIM4"
"BCL2L1",9.02e-08,-0.161,0.299,0.33,0.00168,"BCL2L1"
"CHMP6",9.11e-08,0.221,0.255,0.238,0.0017,"CHMP6"
"ATG101",9.14e-08,0.175,0.392,0.382,0.0017,"ATG101"
"AP5Z1",9.38e-08,0.268,0.188,0.17,0.00175,"AP5Z1"
"NEFH",9.39e-08,0.586,0.055,0.043,0.00175,"NEFH"
"DIO3",9.45e-08,-0.884,0.006,0.011,0.00176,"DIO3"
"VTI1B",9.53e-08,0.111,0.533,0.523,0.00177,"VTI1B"
"PANK3",9.65e-08,-0.148,0.633,0.665,0.0018,"PANK3"
"E2F3",9.7e-08,0.166,0.374,0.356,0.00181,"E2F3"
"TBC1D2B",9.74e-08,-0.187,0.174,0.2,0.00181,"TBC1D2B"
"CDC37",9.75e-08,0.111,0.571,0.564,0.00182,"CDC37"
"UBE2J1",9.8e-08,0.131,0.539,0.531,0.00182,"UBE2J1"
"SYTL4",9.8e-08,0.665,0.054,0.042,0.00182,"SYTL4"
"TRAPPC12",9.82e-08,0.118,0.577,0.566,0.00183,"TRAPPC12"
"KANK2",9.85e-08,0.467,0.08,0.066,0.00183,"KANK2"
"ELAC1",9.92e-08,0.204,0.257,0.238,0.00185,"ELAC1"
"ZSWIM3",1.01e-07,-0.311,0.1,0.119,0.00189,"ZSWIM3"
"CHD9",1.02e-07,0.113,0.967,0.965,0.0019,"CHD9"
"CLPTM1",1.02e-07,0.18,0.393,0.382,0.0019,"CLPTM1"
"DENND4A",1.03e-07,-0.135,0.557,0.595,0.00192,"DENND4A"
"ZNF550",1.04e-07,-0.304,0.085,0.102,0.00193,"ZNF550"
"CCDC7",1.05e-07,-0.17,0.481,0.51,0.00195,"CCDC7"
"VIRMA",1.07e-07,0.113,0.517,0.502,0.00198,"VIRMA"
"LARP1B",1.07e-07,-0.168,0.57,0.599,0.00199,"LARP1B"
"CSMD2",1.07e-07,-0.146,0.57,0.605,0.00199,"CSMD2"
"SETD6",1.08e-07,-0.206,0.222,0.249,0.00201,"SETD6"
"CCDC113",1.09e-07,0.208,0.294,0.277,0.00202,"CCDC113"
"B3GNT9",1.11e-07,0.735,0.031,0.022,0.00206,"B3GNT9"
"SLC36A1",1.12e-07,0.214,0.181,0.162,0.00208,"SLC36A1"
"MRNIP",1.12e-07,-0.124,0.345,0.382,0.00209,"MRNIP"
"CFAP20DC",1.12e-07,0.373,0.106,0.09,0.00209,"CFAP20DC"
"ARID1B",1.14e-07,-0.142,0.955,0.956,0.00212,"ARID1B"
"CTNNBL1",1.15e-07,0.116,0.489,0.478,0.00214,"CTNNBL1"
"DNAL1",1.15e-07,0.173,0.412,0.4,0.00214,"DNAL1"
"FAM13C",1.15e-07,-0.181,0.548,0.576,0.00214,"FAM13C"
"ST3GAL1",1.16e-07,-0.346,0.065,0.08,0.00215,"ST3GAL1"
"LRRC69",1.16e-07,0.354,0.101,0.085,0.00216,"LRRC69"
"DNAAF5",1.16e-07,0.207,0.265,0.248,0.00216,"DNAAF5"
"FRMD8",1.17e-07,0.386,0.101,0.085,0.00219,"FRMD8"
"ARAP3",1.18e-07,0.612,0.037,0.027,0.00219,"ARAP3"
"ZBTB11",1.18e-07,-0.168,0.321,0.353,0.0022,"ZBTB11"
"HS3ST3B1",1.19e-07,0.146,0.086,0.071,0.00222,"HS3ST3B1"
"LMNTD1",1.2e-07,0.873,0.026,0.018,0.00223,"LMNTD1"
"TTC12",1.21e-07,0.298,0.192,0.175,0.00225,"TTC12"
"TIAM2",1.21e-07,0.137,0.7,0.69,0.00225,"TIAM2"
"GTPBP8",1.21e-07,0.163,0.315,0.298,0.00225,"GTPBP8"
"NMBR",1.22e-07,-0.709,0.022,0.032,0.00227,"NMBR"
"LRRC4",1.23e-07,0.266,0.259,0.243,0.00229,"LRRC4"
"CCNF",1.23e-07,-0.283,0.078,0.094,0.00229,"CCNF"
"TMEM213",1.27e-07,-0.361,0.034,0.045,0.00237,"TMEM213"
"NCEH1",1.27e-07,0.282,0.173,0.155,0.00237,"NCEH1"
"USP38",1.28e-07,0.185,0.313,0.296,0.00238,"USP38"
"LDB1",1.28e-07,-0.16,0.269,0.3,0.00238,"LDB1"
"POLR3H",1.34e-07,0.199,0.344,0.331,0.00249,"POLR3H"
"COL7A1",1.34e-07,-0.563,0.021,0.03,0.00249,"COL7A1"
"SAMD9",1.35e-07,1.142,0.011,0.006,0.00252,"SAMD9"
"PLSCR1",1.35e-07,0.354,0.12,0.104,0.00252,"PLSCR1"
"APOC1",1.36e-07,1.029,0.016,0.009,0.00253,"APOC1"
"MED24",1.39e-07,0.162,0.387,0.372,0.00258,"MED24"
"SGSH",1.4e-07,0.414,0.074,0.06,0.0026,"SGSH"
"ARL6",1.4e-07,-0.207,0.274,0.302,0.00261,"ARL6"
"C2orf42",1.41e-07,0.266,0.233,0.215,0.00262,"C2orf42"
"NPFFR2",1.42e-07,0.985,0.018,0.011,0.00265,"NPFFR2"
"CYP3A5",1.44e-07,-0.361,0.073,0.089,0.00268,"CYP3A5"
"MORN5",1.47e-07,0.435,0.106,0.09,0.00274,"MORN5"
"IGFBP5",1.48e-07,-0.707,0.504,0.469,0.00276,"IGFBP5"
"MOCOS",1.5e-07,0.736,0.034,0.024,0.00279,"MOCOS"
"TEX55",1.5e-07,-1.124,0.005,0.01,0.0028,"TEX55"
"PSMG4",1.51e-07,-0.147,0.464,0.502,0.00281,"PSMG4"
"CNDP1",1.51e-07,-1.462,0.005,0.011,0.00282,"CNDP1"
"DPP9",1.53e-07,0.295,0.164,0.147,0.00284,"DPP9"
"CCDC169",1.54e-07,0.563,0.047,0.036,0.00287,"CCDC169"
"ZNF551",1.56e-07,-0.189,0.191,0.216,0.0029,"ZNF551"
"ABCC9",1.56e-07,0.373,0.066,0.053,0.00291,"ABCC9"
"ZNF491",1.57e-07,-0.213,0.159,0.182,0.00292,"ZNF491"
"TAF1A",1.57e-07,-0.18,0.175,0.2,0.00292,"TAF1A"
"CDKN2AIPNL",1.58e-07,-0.141,0.237,0.268,0.00295,"CDKN2AIPNL"
"PABIR3",1.59e-07,0.27,0.207,0.189,0.00297,"PABIR3"
"IFITM10",1.59e-07,-0.693,0.013,0.021,0.00297,"IFITM10"
"UBXN11",1.61e-07,0.276,0.205,0.188,0.003,"UBXN11"
"SAPCD2",1.67e-07,-0.385,0.022,0.031,0.00311,"SAPCD2"
"LYPD3",1.67e-07,-0.683,0.007,0.013,0.00311,"LYPD3"
"SNX25",1.7e-07,0.142,0.452,0.437,0.00317,"SNX25"
"PEX11A",1.73e-07,0.369,0.147,0.13,0.00322,"PEX11A"
"THEM4",1.74e-07,-0.189,0.246,0.273,0.00324,"THEM4"
"ADAM21",1.75e-07,-0.588,0.02,0.028,0.00326,"ADAM21"
"NIPA1",1.76e-07,-0.211,0.227,0.255,0.00328,"NIPA1"
"ZFAND2A",1.82e-07,-0.18,0.22,0.248,0.00338,"ZFAND2A"
"BCL2L2",1.82e-07,-0.245,0.128,0.149,0.00339,"BCL2L2"
"DRC3",1.82e-07,-0.226,0.102,0.121,0.00339,"DRC3"
"WNT9A",1.84e-07,-0.481,0.024,0.034,0.00342,"WNT9A"
"PHF1",1.85e-07,-0.159,0.244,0.274,0.00344,"PHF1"
"NPLOC4",1.87e-07,0.136,0.387,0.371,0.00347,"NPLOC4"
"DAPK3",1.87e-07,0.221,0.242,0.224,0.00348,"DAPK3"
"CASC3",1.88e-07,-0.137,0.455,0.492,0.0035,"CASC3"
"LUM",1.89e-07,1.191,0.016,0.01,0.00352,"LUM"
"FASN",1.89e-07,0.202,0.36,0.344,0.00352,"FASN"
"HDAC4",1.91e-07,0.102,0.594,0.581,0.00356,"HDAC4"
"ZKSCAN2",1.94e-07,-0.226,0.109,0.128,0.00361,"ZKSCAN2"
"SNX30",1.96e-07,-0.134,0.329,0.362,0.00364,"SNX30"
"TCFL5",1.98e-07,0.19,0.296,0.28,0.00369,"TCFL5"
"DHX38",1.98e-07,0.17,0.306,0.29,0.00369,"DHX38"
"SLC48A1",2.01e-07,0.238,0.178,0.16,0.00374,"SLC48A1"
"RGPD2",2.01e-07,-0.258,0.101,0.12,0.00374,"RGPD2"
"PIWIL2",2.02e-07,-0.478,0.017,0.026,0.00375,"PIWIL2"
"ARF6",2.05e-07,0.146,0.409,0.396,0.00381,"ARF6"
"OTUD3",2.06e-07,-0.215,0.194,0.221,0.00384,"OTUD3"
"FAM104B",2.08e-07,0.208,0.305,0.29,0.00386,"FAM104B"
"TMEM176A",2.09e-07,0.851,0.018,0.011,0.00389,"TMEM176A"
"FECH",2.14e-07,0.227,0.206,0.188,0.00397,"FECH"
"TJP2",2.15e-07,0.299,0.197,0.179,0.00401,"TJP2"
"FAM214B",2.16e-07,0.281,0.185,0.167,0.00402,"FAM214B"
"ELP6",2.16e-07,0.151,0.381,0.367,0.00402,"ELP6"
"SELPLG",2.19e-07,0.888,0.021,0.014,0.00407,"SELPLG"
"EPX",2.19e-07,-0.537,0.021,0.029,0.00408,"EPX"
"TEKT2",2.23e-07,-0.316,0.025,0.034,0.00415,"TEKT2"
"NECAB3",2.24e-07,0.346,0.128,0.112,0.00417,"NECAB3"
"B3GAT2",2.26e-07,-0.329,0.218,0.242,0.00421,"B3GAT2"
"RPL17-C18orf32",2.28e-07,0.719,0.022,0.015,0.00424,"RPL17-C18orf32"
"CENPQ",2.33e-07,0.202,0.244,0.225,0.00433,"CENPQ"
"TEC",2.33e-07,0.632,0.021,0.014,0.00433,"TEC"
"C1D",2.35e-07,0.11,0.512,0.5,0.00437,"C1D"
"SEC16A",2.35e-07,0.21,0.277,0.259,0.00438,"SEC16A"
"ELP5",2.36e-07,0.163,0.4,0.388,0.0044,"ELP5"
"GEMIN7",2.37e-07,0.424,0.116,0.101,0.0044,"GEMIN7"
"MAGEL2",2.37e-07,-0.376,0.046,0.059,0.0044,"MAGEL2"
"AOC2",2.4e-07,-0.905,0.006,0.012,0.00446,"AOC2"
"ZBTB6",2.4e-07,-0.193,0.139,0.161,0.00447,"ZBTB6"
"PHLDA1",2.41e-07,0.171,0.275,0.253,0.00448,"PHLDA1"
"TP53TG5",2.41e-07,-0.44,0.047,0.06,0.00449,"TP53TG5"
"MIS18BP1",2.43e-07,0.359,0.139,0.121,0.00452,"MIS18BP1"
"OMD",2.44e-07,-0.166,0.072,0.088,0.00455,"OMD"
"TCTE1",2.46e-07,-0.407,0.025,0.035,0.00458,"TCTE1"
"CNGA4",2.46e-07,-0.529,0.022,0.031,0.00458,"CNGA4"
"GPSM1",2.47e-07,-0.157,0.188,0.214,0.0046,"GPSM1"
"PDXDC1",2.48e-07,-0.13,0.638,0.672,0.00462,"PDXDC1"
"MCF2",2.5e-07,-0.383,0.107,0.124,0.00465,"MCF2"
"PIP5KL1",2.52e-07,-0.445,0.023,0.032,0.0047,"PIP5KL1"
"CASP3",2.56e-07,0.187,0.5,0.492,0.00476,"CASP3"
"AP1B1",2.57e-07,0.169,0.305,0.287,0.00479,"AP1B1"
"CBWD6",2.63e-07,-0.228,0.132,0.154,0.00489,"CBWD6"
"CALCRL",2.63e-07,0.2,0.059,0.046,0.0049,"CALCRL"
"TSR1",2.64e-07,0.168,0.345,0.33,0.00491,"TSR1"
"PWWP2A",2.69e-07,0.11,0.56,0.552,0.00501,"PWWP2A"
"SMIM12",2.76e-07,0.19,0.359,0.346,0.00514,"SMIM12"
"TTC14",2.77e-07,-0.133,0.633,0.664,0.00515,"TTC14"
"MFHAS1",2.78e-07,-0.116,0.475,0.51,0.00518,"MFHAS1"
"CDCA8",2.78e-07,-0.102,0.04,0.052,0.00518,"CDCA8"
"FAM76A",2.87e-07,0.167,0.327,0.31,0.00534,"FAM76A"
"ABCF3",2.9e-07,0.304,0.164,0.147,0.00539,"ABCF3"
"UPF2",2.91e-07,0.105,0.529,0.517,0.00543,"UPF2"
"C5orf22",2.92e-07,-0.178,0.236,0.265,0.00543,"C5orf22"
"H3C6",2.96e-07,0.588,0.032,0.023,0.00551,"H3C6"
"ZNF576",2.98e-07,0.263,0.214,0.197,0.00555,"ZNF576"
"OVGP1",2.98e-07,-0.794,0.008,0.013,0.00555,"OVGP1"
"PLA2G5",2.99e-07,0.537,0.056,0.044,0.00556,"PLA2G5"
"BAK1",3e-07,0.471,0.068,0.055,0.00559,"BAK1"
"OPTN",3.04e-07,-0.234,0.453,0.475,0.00565,"OPTN"
"RTL9",3.04e-07,-0.441,0.036,0.048,0.00565,"RTL9"
"TCP1",3.04e-07,-0.109,0.809,0.809,0.00566,"TCP1"
"ELK4",3.08e-07,0.166,0.36,0.346,0.00574,"ELK4"
"TRIM69",3.13e-07,0.186,0.312,0.297,0.00583,"TRIM69"
"ZNF441",3.15e-07,-0.166,0.241,0.27,0.00586,"ZNF441"
"C14orf132",3.15e-07,0.125,0.524,0.509,0.00587,"C14orf132"
"POLR3E",3.17e-07,-0.141,0.2,0.227,0.0059,"POLR3E"
"AP1G2",3.17e-07,-0.516,0.012,0.019,0.0059,"AP1G2"
"TBC1D4",3.18e-07,-0.142,0.146,0.168,0.00591,"TBC1D4"
"ZNF467",3.27e-07,-0.562,0.016,0.024,0.00608,"ZNF467"
"TRAF3IP1",3.33e-07,-0.161,0.369,0.402,0.00621,"TRAF3IP1"
"BSCL2",3.34e-07,0.146,0.694,0.687,0.00621,"BSCL2"
"FHL2",3.37e-07,0.383,0.093,0.078,0.00627,"FHL2"
"UBAP1",3.37e-07,0.112,0.576,0.567,0.00627,"UBAP1"
"RRS1",3.37e-07,0.24,0.259,0.243,0.00628,"RRS1"
"NRM",3.38e-07,0.386,0.124,0.108,0.00629,"NRM"
"ALS2",3.43e-07,0.148,0.45,0.442,0.00638,"ALS2"
"TMCC1",3.46e-07,-0.163,0.865,0.876,0.00643,"TMCC1"
"EIPR1",3.46e-07,0.107,0.514,0.5,0.00644,"EIPR1"
"PPP4R4",3.52e-07,-0.362,0.067,0.081,0.00656,"PPP4R4"
"TRIM14",3.55e-07,-0.575,0.02,0.029,0.0066,"TRIM14"
"PTPRJ",3.58e-07,-0.176,0.535,0.562,0.00666,"PTPRJ"
"AQP4",3.58e-07,0.125,0.276,0.25,0.00667,"AQP4"
"CATIP",3.59e-07,0.573,0.029,0.02,0.00667,"CATIP"
"ENDOV",3.6e-07,-0.121,0.259,0.289,0.00669,"ENDOV"
"TMEM191C",3.68e-07,-0.52,0.037,0.048,0.00685,"TMEM191C"
"SGCG",3.69e-07,-0.442,0.028,0.038,0.00686,"SGCG"
"THAP9",3.82e-07,0.257,0.184,0.167,0.00712,"THAP9"
"TMEM176B",3.83e-07,0.652,0.036,0.026,0.00712,"TMEM176B"
"MFAP3",3.88e-07,-0.176,0.314,0.346,0.00722,"MFAP3"
"CCNE1",3.92e-07,-0.198,0.05,0.063,0.00729,"CCNE1"
"SUDS3",4.02e-07,-0.132,0.505,0.543,0.00748,"SUDS3"
"RABL2A",4.06e-07,-0.172,0.246,0.275,0.00756,"RABL2A"
"TEN1",4.08e-07,0.501,0.059,0.047,0.00759,"TEN1"
"ANGEL2",4.09e-07,0.106,0.465,0.45,0.00761,"ANGEL2"
"CUEDC1",4.1e-07,0.108,0.515,0.504,0.00763,"CUEDC1"
"P2RX4",4.13e-07,0.345,0.101,0.086,0.00768,"P2RX4"
"ADGRG2",4.21e-07,0.318,0.07,0.057,0.00783,"ADGRG2"
"U2SURP",4.22e-07,-0.11,0.853,0.864,0.00785,"U2SURP"
"TMEM100",4.22e-07,-0.375,0.032,0.043,0.00786,"TMEM100"
"PIGV",4.24e-07,0.405,0.118,0.103,0.0079,"PIGV"
"STK16",4.28e-07,0.292,0.188,0.172,0.00797,"STK16"
"CCDC50",4.29e-07,-0.122,0.649,0.678,0.00799,"CCDC50"
"ENSG00000279059",4.38e-07,-0.524,0.023,0.032,0.00815,"ENSG00000279059"
"CBWD2",4.41e-07,-0.169,0.313,0.345,0.00821,"CBWD2"
"APBB1",4.51e-07,-0.161,0.324,0.356,0.00839,"APBB1"
"GART",4.57e-07,0.11,0.604,0.596,0.00851,"GART"
"ATF3",4.59e-07,0.405,0.095,0.08,0.00855,"ATF3"
"WEE1",4.6e-07,0.232,0.234,0.215,0.00855,"WEE1"
"RRAGA",4.61e-07,0.112,0.62,0.613,0.00858,"RRAGA"
"NCAPH2",4.63e-07,-0.142,0.137,0.159,0.00862,"NCAPH2"
"TEX15",4.64e-07,0.537,0.05,0.039,0.00863,"TEX15"
"MTX3",4.64e-07,0.197,0.286,0.271,0.00864,"MTX3"
"PDK4",4.7e-07,0.528,0.037,0.027,0.00876,"PDK4"
"ANKS1A",4.71e-07,-0.151,0.581,0.618,0.00878,"ANKS1A"
"LZTS3",4.73e-07,-0.199,0.112,0.132,0.00881,"LZTS3"
"NOMO2",4.74e-07,-0.343,0.063,0.077,0.00882,"NOMO2"
"TMEM39A",4.84e-07,0.213,0.257,0.239,0.00901,"TMEM39A"
"MADD",4.93e-07,-0.193,0.181,0.205,0.00918,"MADD"
"SDHAF2",5.02e-07,0.189,0.36,0.348,0.00934,"SDHAF2"
"SNAP29",5.03e-07,0.169,0.346,0.332,0.00936,"SNAP29"
"SNX18",5.06e-07,0.195,0.29,0.275,0.00942,"SNX18"
"GRIA1",5.07e-07,-0.26,0.751,0.73,0.00943,"GRIA1"
"NR2C2",5.07e-07,-0.108,0.509,0.545,0.00944,"NR2C2"
"PIM3",5.14e-07,-0.152,0.161,0.184,0.00956,"PIM3"
"FBXO44",5.17e-07,-0.174,0.181,0.205,0.00963,"FBXO44"
"GON7",5.2e-07,0.24,0.229,0.213,0.00968,"GON7"
"FKBP7",5.24e-07,-0.212,0.128,0.148,0.00975,"FKBP7"
"ENSG00000279481",5.27e-07,0.526,0.043,0.033,0.00981,"ENSG00000279481"
"NSUN3",5.28e-07,0.18,0.307,0.289,0.00983,"NSUN3"
"KLHDC10",5.37e-07,-0.139,0.691,0.717,0.00999,"KLHDC10"
"SERTM1",5.39e-07,-0.993,0.011,0.017,0.01,"SERTM1"
"TMEM260",5.45e-07,-0.168,0.429,0.462,0.0101,"TMEM260"
"DRG2",5.53e-07,0.215,0.245,0.228,0.0103,"DRG2"
"TBCC",5.53e-07,-0.124,0.289,0.321,0.0103,"TBCC"
"PHLDB2",5.55e-07,0.469,0.067,0.055,0.0103,"PHLDB2"
"RHNO1",5.56e-07,0.172,0.361,0.346,0.0104,"RHNO1"
"MDN1",5.57e-07,-0.144,0.379,0.414,0.0104,"MDN1"
"CENATAC",5.57e-07,-0.14,0.337,0.371,0.0104,"CENATAC"
"MED14",5.59e-07,0.127,0.4,0.385,0.0104,"MED14"
"ZNF703",5.59e-07,0.403,0.087,0.073,0.0104,"ZNF703"
"TRIT1",5.6e-07,-0.106,0.435,0.471,0.0104,"TRIT1"
"ZDHHC6",5.69e-07,0.174,0.364,0.351,0.0106,"ZDHHC6"
"CFAP53",5.72e-07,0.216,0.216,0.199,0.0106,"CFAP53"
"C2orf68",5.83e-07,-0.156,0.228,0.256,0.0108,"C2orf68"
"COX11",5.85e-07,-0.157,0.461,0.498,0.0109,"COX11"
"TGIF2-RAB5IF",6e-07,0.619,0.05,0.039,0.0112,"TGIF2-RAB5IF"
"WARS1",6.11e-07,-0.114,0.189,0.214,0.0114,"WARS1"
"CHADL",6.21e-07,0.564,0.047,0.037,0.0116,"CHADL"
"MCTP2",6.21e-07,-1.637,0.006,0.011,0.0116,"MCTP2"
"AARSD1",6.25e-07,-0.235,0.087,0.104,0.0116,"AARSD1"
"ENSG00000279602",6.27e-07,-0.733,0.016,0.023,0.0117,"ENSG00000279602"
"CBX4",6.35e-07,-0.159,0.416,0.451,0.0118,"CBX4"
"EEF1AKMT2",6.38e-07,-0.13,0.583,0.616,0.0119,"EEF1AKMT2"
"CHSY1",6.38e-07,0.18,0.368,0.354,0.0119,"CHSY1"
"LPAR6",6.39e-07,0.286,0.154,0.138,0.0119,"LPAR6"
"PLPP5",6.4e-07,0.153,0.348,0.333,0.0119,"PLPP5"
"DRC1",6.4e-07,0.316,0.139,0.123,0.0119,"DRC1"
"ACOX2",6.42e-07,0.68,0.036,0.027,0.0119,"ACOX2"
"CES2",6.45e-07,0.209,0.259,0.243,0.012,"CES2"
"FILIP1",6.46e-07,0.278,0.157,0.14,0.012,"FILIP1"
"SEC23IP",6.47e-07,0.117,0.406,0.391,0.0121,"SEC23IP"
"ADAL",6.48e-07,0.195,0.301,0.284,0.0121,"ADAL"
"CNNM4",6.53e-07,-0.301,0.106,0.124,0.0122,"CNNM4"
"SIK1",6.56e-07,-0.316,0.035,0.046,0.0122,"SIK1"
"BRD3OS",6.56e-07,0.202,0.286,0.27,0.0122,"BRD3OS"
"ZCCHC9",6.57e-07,0.172,0.312,0.297,0.0122,"ZCCHC9"
"HAUS7",6.6e-07,0.451,0.072,0.059,0.0123,"HAUS7"
"CHKB",6.63e-07,-0.158,0.25,0.279,0.0123,"CHKB"
"CNGB3",6.63e-07,-0.791,0.013,0.02,0.0123,"CNGB3"
"EOMES",6.69e-07,0.382,0.032,0.023,0.0125,"EOMES"
"UBE2Z",6.71e-07,-0.154,0.392,0.425,0.0125,"UBE2Z"
"PCGF2",6.76e-07,-0.131,0.333,0.366,0.0126,"PCGF2"
"PCDH19",6.87e-07,-0.418,0.244,0.267,0.0128,"PCDH19"
"RNF187",6.88e-07,-0.16,0.572,0.602,0.0128,"RNF187"
"SCN2B",7.08e-07,-0.626,0.016,0.024,0.0132,"SCN2B"
"ENSG00000170846",7.23e-07,-0.191,0.147,0.168,0.0135,"ENSG00000170846"
"TSC1",7.27e-07,0.121,0.359,0.342,0.0135,"TSC1"
"UBE2L6",7.27e-07,0.163,0.38,0.369,0.0135,"UBE2L6"
"ZNF668",7.32e-07,-0.208,0.108,0.126,0.0136,"ZNF668"
"GCLC",7.35e-07,0.194,0.299,0.282,0.0137,"GCLC"
"ZNF678",7.39e-07,-0.146,0.424,0.456,0.0138,"ZNF678"
"WDR43",7.43e-07,0.104,0.517,0.508,0.0138,"WDR43"
"GAREM2",7.47e-07,0.222,0.272,0.257,0.0139,"GAREM2"
"TIMM8A",7.49e-07,0.288,0.194,0.178,0.0139,"TIMM8A"
"COL21A1",7.58e-07,0.747,0.037,0.028,0.0141,"COL21A1"
"ZNF816-ZNF321P",7.61e-07,0.477,0.062,0.05,0.0142,"ZNF816-ZNF321P"
"ACKR1",7.62e-07,-0.648,0.013,0.02,0.0142,"ACKR1"
"UBE2E2",7.62e-07,-0.244,0.786,0.791,0.0142,"UBE2E2"
"KLHL18",7.64e-07,-0.182,0.327,0.357,0.0142,"KLHL18"
"FZD9",7.65e-07,0.552,0.061,0.049,0.0142,"FZD9"
"GAL3ST1",7.68e-07,-0.599,0.013,0.02,0.0143,"GAL3ST1"
"PLET1",7.68e-07,-0.775,0.012,0.018,0.0143,"PLET1"
"PIEZO2",7.8e-07,0.318,0.086,0.072,0.0145,"PIEZO2"
"XNDC1N",7.82e-07,-0.223,0.202,0.226,0.0146,"XNDC1N"
"MPHOSPH8",7.82e-07,-0.132,0.747,0.768,0.0146,"MPHOSPH8"
"CBLN4",7.88e-07,0.121,0.036,0.026,0.0147,"CBLN4"
"TAGAP",7.92e-07,-0.852,0.005,0.01,0.0147,"TAGAP"
"HSD17B6",7.93e-07,-0.161,0.078,0.094,0.0148,"HSD17B6"
"ABHD5",8.03e-07,-0.194,0.335,0.367,0.015,"ABHD5"
"RPA2",8.07e-07,0.124,0.471,0.459,0.015,"RPA2"
"ELF2",8.11e-07,-0.135,0.744,0.76,0.0151,"ELF2"
"SYNGR2",8.21e-07,0.495,0.058,0.046,0.0153,"SYNGR2"
"STARD3",8.22e-07,0.193,0.3,0.286,0.0153,"STARD3"
"WDR17",8.25e-07,-0.105,0.604,0.636,0.0154,"WDR17"
"DCAKD",8.39e-07,0.107,0.52,0.512,0.0156,"DCAKD"
"ZC3H13",8.4e-07,-0.113,0.78,0.796,0.0156,"ZC3H13"
"MPP1",8.41e-07,-0.219,0.083,0.099,0.0156,"MPP1"
"ALDH1A2",8.56e-07,0.334,0.043,0.033,0.0159,"ALDH1A2"
"DENND11",8.57e-07,0.181,0.32,0.305,0.016,"DENND11"
"ZBTB7B",8.62e-07,0.722,0.026,0.018,0.016,"ZBTB7B"
"GOLGA8M",8.75e-07,0.363,0.097,0.083,0.0163,"GOLGA8M"
"CARM1",8.77e-07,-0.156,0.25,0.279,0.0163,"CARM1"
"HUS1",8.89e-07,0.257,0.222,0.207,0.0166,"HUS1"
"FZD10",8.9e-07,0.986,0.02,0.013,0.0166,"FZD10"
"KHNYN",8.9e-07,0.513,0.059,0.047,0.0166,"KHNYN"
"SLC12A6",9.06e-07,-0.176,0.273,0.3,0.0169,"SLC12A6"
"SNX21",9.09e-07,0.295,0.132,0.116,0.0169,"SNX21"
"GPR37",9.19e-07,-0.363,0.021,0.03,0.0171,"GPR37"
"KIAA0232",9.39e-07,-0.102,0.769,0.787,0.0175,"KIAA0232"
"C1orf56",9.46e-07,0.235,0.232,0.217,0.0176,"C1orf56"
"NET1",9.57e-07,0.299,0.145,0.129,0.0178,"NET1"
"HPS3",9.61e-07,0.18,0.281,0.266,0.0179,"HPS3"
"ENSG00000285458",9.83e-07,0.405,0.077,0.064,0.0183,"ENSG00000285458"
"MOSPD3",9.83e-07,0.22,0.276,0.26,0.0183,"MOSPD3"
"ERMARD",9.84e-07,0.228,0.202,0.186,0.0183,"ERMARD"
"PPIP5K1",9.86e-07,-0.345,0.104,0.122,0.0183,"PPIP5K1"
"EID2",9.89e-07,-0.117,0.425,0.462,0.0184,"EID2"
"ACADL",9.93e-07,0.435,0.072,0.06,0.0185,"ACADL"
"PLA2G4A",1.02e-06,0.551,0.045,0.035,0.0189,"PLA2G4A"
"FANCE",1.04e-06,-0.271,0.065,0.079,0.0193,"FANCE"
"TBC1D25",1.04e-06,-0.179,0.127,0.147,0.0194,"TBC1D25"
"RABGAP1L",1.04e-06,-0.195,0.895,0.895,0.0194,"RABGAP1L"
"PRKAA1",1.05e-06,0.15,0.341,0.326,0.0195,"PRKAA1"
"TOX2",1.05e-06,-0.172,0.307,0.334,0.0196,"TOX2"
"SELENOM",1.06e-06,0.325,0.152,0.135,0.0198,"SELENOM"
"RNF11",1.07e-06,-0.128,0.562,0.596,0.0199,"RNF11"
"RNF113A",1.07e-06,-0.133,0.173,0.197,0.0199,"RNF113A"
"PCDHA12",1.07e-06,-0.143,0.135,0.156,0.02,"PCDHA12"
"C9orf72",1.08e-06,-0.105,0.428,0.464,0.02,"C9orf72"
"NUDT3",1.08e-06,-0.102,0.908,0.919,0.0201,"NUDT3"
"C3orf20",1.09e-06,0.439,0.066,0.054,0.0202,"C3orf20"
"MPHOSPH10",1.1e-06,-0.132,0.512,0.547,0.0204,"MPHOSPH10"
"CEP68",1.13e-06,0.126,0.471,0.462,0.021,"CEP68"
"SMIM1",1.14e-06,1.016,0.012,0.007,0.0212,"SMIM1"
"B4GALT4",1.14e-06,0.177,0.325,0.309,0.0212,"B4GALT4"
"PAPOLG",1.15e-06,-0.141,0.298,0.329,0.0213,"PAPOLG"
"CFAP418",1.15e-06,0.198,0.264,0.247,0.0214,"CFAP418"
"METTL17",1.15e-06,-0.148,0.235,0.263,0.0215,"METTL17"
"PCDHB3",1.16e-06,-0.361,0.029,0.039,0.0217,"PCDHB3"
"PTH2R",1.17e-06,1.035,0.024,0.017,0.0217,"PTH2R"
"OCA2",1.17e-06,-0.486,0.035,0.045,0.0218,"OCA2"
"BAG2",1.18e-06,0.238,0.206,0.191,0.0219,"BAG2"
"HRH3",1.18e-06,-0.663,0.008,0.014,0.022,"HRH3"
"RADIL",1.19e-06,-0.19,0.16,0.182,0.0221,"RADIL"
"PGGHG",1.19e-06,0.914,0.015,0.009,0.0222,"PGGHG"
"RCL1",1.19e-06,0.193,0.272,0.255,0.0222,"RCL1"
"MRPL30",1.2e-06,0.138,0.374,0.361,0.0224,"MRPL30"
"NOP56",1.2e-06,-0.116,0.493,0.526,0.0224,"NOP56"
"LRRC75B",1.21e-06,0.342,0.128,0.113,0.0224,"LRRC75B"
"REEP4",1.21e-06,0.58,0.041,0.032,0.0225,"REEP4"
"HSPBP1",1.21e-06,0.223,0.256,0.241,0.0225,"HSPBP1"
"CCDC85B",1.21e-06,0.163,0.445,0.435,0.0225,"CCDC85B"
"ERV3-1",1.21e-06,-0.14,0.236,0.264,0.0226,"ERV3-1"
"SPRN",1.22e-06,-0.416,0.029,0.039,0.0226,"SPRN"
"MMS19",1.22e-06,0.143,0.406,0.393,0.0227,"MMS19"
"POFUT2",1.23e-06,0.223,0.179,0.163,0.023,"POFUT2"
"CCDC9B",1.24e-06,0.807,0.017,0.011,0.0231,"CCDC9B"
"ZNF324",1.25e-06,-0.2,0.111,0.13,0.0233,"ZNF324"
"EXOC3",1.25e-06,0.17,0.292,0.277,0.0233,"EXOC3"
"CNTROB",1.26e-06,-0.221,0.106,0.124,0.0234,"CNTROB"
"SORL1",1.26e-06,-0.127,0.324,0.354,0.0234,"SORL1"
"RBM12",1.27e-06,0.174,0.346,0.333,0.0236,"RBM12"
"HMGB3",1.27e-06,-0.148,0.811,0.81,0.0236,"HMGB3"
"SUMF2",1.27e-06,0.107,0.413,0.398,0.0237,"SUMF2"
"PRUNE1",1.28e-06,-0.174,0.126,0.146,0.0237,"PRUNE1"
"FAM131B",1.28e-06,-0.223,0.067,0.082,0.0238,"FAM131B"
"SIN3A",1.28e-06,0.172,0.388,0.375,0.0239,"SIN3A"
"FAM228B",1.29e-06,-0.128,0.582,0.609,0.0241,"FAM228B"
"CTSF",1.3e-06,0.846,0.018,0.012,0.0242,"CTSF"
"PPM1F",1.32e-06,-0.181,0.136,0.156,0.0246,"PPM1F"
"SLC47A2",1.35e-06,0.543,0.058,0.046,0.0251,"SLC47A2"
"ZNF229",1.36e-06,-0.338,0.063,0.076,0.0254,"ZNF229"
"ZNF708",1.37e-06,-0.123,0.55,0.585,0.0254,"ZNF708"
"DENND1A",1.37e-06,0.111,0.753,0.743,0.0254,"DENND1A"
"ADRB1",1.37e-06,0.785,0.021,0.014,0.0256,"ADRB1"
"MED13L",1.39e-06,-0.208,0.921,0.928,0.0258,"MED13L"
"TMEM64",1.39e-06,0.154,0.238,0.221,0.0259,"TMEM64"
"SIDT2",1.4e-06,0.333,0.12,0.106,0.026,"SIDT2"
"UNC119",1.4e-06,0.129,0.405,0.393,0.0261,"UNC119"
"POU3F4",1.41e-06,0.159,0.383,0.369,0.0262,"POU3F4"
"TMEM255B",1.41e-06,0.924,0.014,0.009,0.0262,"TMEM255B"
"CFAP44",1.41e-06,0.224,0.185,0.168,0.0262,"CFAP44"
"ENSG00000266202",1.41e-06,-0.506,0.022,0.031,0.0263,"ENSG00000266202"
"SNX33",1.43e-06,0.47,0.051,0.041,0.0266,"SNX33"
"TKFC",1.43e-06,0.48,0.06,0.049,0.0266,"TKFC"
"TEX261",1.45e-06,0.186,0.25,0.234,0.0269,"TEX261"
"SOX8",1.45e-06,0.124,0.277,0.261,0.027,"SOX8"
"LCAT",1.45e-06,0.672,0.038,0.029,0.027,"LCAT"
"C16orf72",1.45e-06,0.118,0.5,0.492,0.0271,"C16orf72"
"NAIP",1.46e-06,-0.149,0.212,0.238,0.0271,"NAIP"
"NEUROG2",1.47e-06,0.555,0.063,0.051,0.0274,"NEUROG2"
"TMEM240",1.47e-06,-0.204,0.065,0.08,0.0274,"TMEM240"
"CLASP1",1.48e-06,-0.109,0.864,0.874,0.0275,"CLASP1"
"TRIM65",1.48e-06,0.423,0.119,0.106,0.0276,"TRIM65"
"FANCB",1.49e-06,-0.115,0.088,0.105,0.0278,"FANCB"
"PIERCE1",1.5e-06,0.302,0.182,0.167,0.0279,"PIERCE1"
"B3GNT2",1.5e-06,0.34,0.085,0.071,0.0279,"B3GNT2"
"TMEM26",1.5e-06,0.84,0.018,0.011,0.028,"TMEM26"
"SEZ6",1.5e-06,0.114,0.222,0.251,0.028,"SEZ6"
"RHOXF1",1.51e-06,-0.256,0.271,0.295,0.028,"RHOXF1"
"ZNF600",1.51e-06,0.814,0.017,0.011,0.028,"ZNF600"
"CASP8",1.53e-06,0.44,0.045,0.035,0.0284,"CASP8"
"FLVCR1",1.54e-06,-0.146,0.328,0.359,0.0286,"FLVCR1"
"ZFP69",1.54e-06,-0.226,0.092,0.109,0.0287,"ZFP69"
"HMGA1",1.56e-06,-0.113,0.386,0.418,0.029,"HMGA1"
"HMBS",1.56e-06,0.304,0.171,0.156,0.029,"HMBS"
"DYNLRB2",1.6e-06,0.384,0.093,0.079,0.0297,"DYNLRB2"
"RAMP2",1.6e-06,-0.104,0.29,0.322,0.0299,"RAMP2"
"SPR",1.62e-06,0.542,0.054,0.043,0.0301,"SPR"
"ZNF266",1.62e-06,-0.155,0.138,0.159,0.0302,"ZNF266"
"ZNF552",1.63e-06,-0.25,0.138,0.158,0.0303,"ZNF552"
"UHRF1BP1L",1.66e-06,-0.133,0.431,0.463,0.0309,"UHRF1BP1L"
"MRAS",1.66e-06,-0.157,0.247,0.273,0.0309,"MRAS"
"MAPK13",1.67e-06,-1.066,0.005,0.01,0.031,"MAPK13"
"CMTM8",1.67e-06,-0.983,0.032,0.042,0.0311,"CMTM8"
"OGA",1.67e-06,-0.108,0.848,0.863,0.0312,"OGA"
"ZNF561",1.68e-06,0.215,0.219,0.204,0.0312,"ZNF561"
"KLHL24",1.69e-06,0.104,0.65,0.643,0.0314,"KLHL24"
"SMNDC1",1.7e-06,0.103,0.53,0.522,0.0316,"SMNDC1"
"NECTIN2",1.7e-06,0.156,0.3,0.285,0.0317,"NECTIN2"
"ENSG00000271793",1.7e-06,0.355,0.105,0.091,0.0317,"ENSG00000271793"
"ZDHHC16",1.72e-06,0.194,0.293,0.28,0.0321,"ZDHHC16"
"STOX2",1.74e-06,0.112,0.747,0.744,0.0324,"STOX2"
"ZNF426",1.74e-06,0.183,0.306,0.292,0.0324,"ZNF426"
"ZNF571",1.77e-06,-0.167,0.218,0.243,0.0329,"ZNF571"
"SPAG17",1.77e-06,0.24,0.146,0.129,0.0329,"SPAG17"
"WDR31",1.77e-06,0.223,0.211,0.194,0.0329,"WDR31"
"SLC25A38",1.77e-06,0.192,0.259,0.243,0.0329,"SLC25A38"
"ATG4A",1.77e-06,0.177,0.227,0.211,0.0329,"ATG4A"
"IGSF5",1.79e-06,0.297,0.138,0.123,0.0333,"IGSF5"
"PMS1",1.81e-06,-0.115,0.553,0.587,0.0337,"PMS1"
"RHBDL2",1.82e-06,0.117,0.258,0.241,0.034,"RHBDL2"
"ACSL3",1.83e-06,0.11,0.837,0.84,0.0341,"ACSL3"
"GMCL1",1.83e-06,-0.14,0.375,0.408,0.0341,"GMCL1"
"GPR63",1.86e-06,-0.176,0.115,0.134,0.0346,"GPR63"
"OSTM1",1.86e-06,0.118,0.499,0.491,0.0346,"OSTM1"
"TMEM127",1.87e-06,-0.141,0.188,0.213,0.0348,"TMEM127"
"ITGB3",1.88e-06,-0.984,0.006,0.011,0.0349,"ITGB3"
"RPAP1",1.89e-06,0.196,0.242,0.226,0.0352,"RPAP1"
"CBWD3",1.89e-06,-0.166,0.133,0.154,0.0352,"CBWD3"
"BPNT1",1.9e-06,0.186,0.233,0.217,0.0355,"BPNT1"
"MRTO4",1.91e-06,0.15,0.424,0.412,0.0355,"MRTO4"
"RHBDD3",1.91e-06,0.141,0.384,0.371,0.0356,"RHBDD3"
"REXO1",1.92e-06,-0.188,0.128,0.148,0.0357,"REXO1"
"RBM7",1.93e-06,0.143,0.389,0.378,0.036,"RBM7"
"PLAAT4",1.94e-06,0.505,0.066,0.054,0.036,"PLAAT4"
"PRRT1",1.94e-06,-0.322,0.042,0.053,0.0361,"PRRT1"
"USP11",1.95e-06,-0.104,0.879,0.888,0.0362,"USP11"
"DTWD2",1.95e-06,0.155,0.282,0.264,0.0363,"DTWD2"
"MORC2",1.95e-06,-0.13,0.33,0.361,0.0364,"MORC2"
"SPINK8",1.96e-06,-0.538,0.019,0.026,0.0366,"SPINK8"
"PDGFRL",1.98e-06,0.675,0.021,0.014,0.0369,"PDGFRL"
"UQCC1",2e-06,0.123,0.43,0.419,0.0373,"UQCC1"
"TMEM80",2.05e-06,0.194,0.29,0.274,0.0382,"TMEM80"
"GRIK5",2.06e-06,-0.162,0.283,0.311,0.0383,"GRIK5"
"TDP1",2.07e-06,-0.174,0.188,0.212,0.0385,"TDP1"
"BMERB1",2.09e-06,-0.117,0.809,0.818,0.0389,"BMERB1"
"FMNL3",2.11e-06,-0.152,0.134,0.155,0.0392,"FMNL3"
"DCTN1",2.11e-06,-0.162,0.379,0.41,0.0393,"DCTN1"
"RNF207",2.13e-06,-0.511,0.032,0.042,0.0396,"RNF207"
"BMP2",2.14e-06,-0.527,0.019,0.026,0.0399,"BMP2"
"TM6SF1",2.15e-06,-0.249,0.068,0.082,0.04,"TM6SF1"
"ALG2",2.15e-06,0.236,0.248,0.234,0.04,"ALG2"
"KLRG1",2.17e-06,0.162,0.258,0.242,0.0405,"KLRG1"
"KLC4",2.17e-06,-0.191,0.187,0.21,0.0405,"KLC4"
"ASAH2B",2.2e-06,-0.143,0.17,0.193,0.0409,"ASAH2B"
"TPK1",2.25e-06,-0.319,0.148,0.168,0.0418,"TPK1"
"ZNF225",2.27e-06,0.376,0.103,0.089,0.0422,"ZNF225"
"RSPH1",2.27e-06,0.221,0.207,0.189,0.0423,"RSPH1"
"SUSD1",2.27e-06,0.11,0.327,0.31,0.0423,"SUSD1"
"ABHD12",2.28e-06,0.124,0.469,0.459,0.0424,"ABHD12"
"SPATA12",2.32e-06,0.536,0.053,0.043,0.0432,"SPATA12"
"LYPLA2",2.32e-06,0.198,0.296,0.282,0.0432,"LYPLA2"
"MROH8",2.33e-06,0.302,0.103,0.089,0.0434,"MROH8"
"C22orf39",2.33e-06,0.156,0.384,0.371,0.0435,"C22orf39"
"CLVS2",2.34e-06,-0.124,0.465,0.497,0.0436,"CLVS2"
"GRB10",2.35e-06,-0.13,0.43,0.462,0.0437,"GRB10"
"CEP95",2.36e-06,-0.132,0.557,0.589,0.0439,"CEP95"
"AFF2",2.36e-06,-0.13,0.509,0.531,0.044,"AFF2"
"GPX7",2.37e-06,0.747,0.029,0.021,0.0441,"GPX7"
"MYH7",2.38e-06,-0.791,0.01,0.016,0.0443,"MYH7"
"AFTPH",2.38e-06,-0.141,0.472,0.506,0.0443,"AFTPH"
"MFSD9",2.39e-06,-0.235,0.098,0.115,0.0445,"MFSD9"
"OGN",2.4e-06,-0.341,0.038,0.049,0.0446,"OGN"
"ENSG00000279267",2.4e-06,-0.35,0.026,0.035,0.0446,"ENSG00000279267"
"R3HCC1",2.4e-06,0.172,0.331,0.318,0.0447,"R3HCC1"
"MPND",2.4e-06,0.301,0.167,0.152,0.0447,"MPND"
"SLC25A22",2.42e-06,-0.123,0.207,0.232,0.0451,"SLC25A22"
"PDSS1",2.44e-06,0.134,0.317,0.302,0.0455,"PDSS1"
"SPINK13",2.46e-06,-0.646,0.015,0.022,0.0457,"SPINK13"
"BBS12",2.46e-06,0.317,0.124,0.11,0.0457,"BBS12"
"NUP210",2.46e-06,-0.183,0.175,0.198,0.0458,"NUP210"
"YAF2",2.47e-06,-0.123,0.678,0.702,0.046,"YAF2"
"NEK8",2.47e-06,0.397,0.048,0.037,0.0461,"NEK8"
"PDPK1",2.48e-06,-0.137,0.382,0.415,0.0461,"PDPK1"
"CDKN2AIP",2.49e-06,-0.109,0.294,0.323,0.0463,"CDKN2AIP"
"SIKE1",2.52e-06,0.117,0.49,0.483,0.0469,"SIKE1"
"SETD3",2.52e-06,0.118,0.435,0.423,0.0469,"SETD3"
"TATDN3",2.54e-06,-0.145,0.303,0.333,0.0474,"TATDN3"
"MGRN1",2.55e-06,0.118,0.404,0.394,0.0475,"MGRN1"
"SFSWAP",2.56e-06,0.102,0.567,0.56,0.0476,"SFSWAP"
"DROSHA",2.57e-06,-0.134,0.444,0.478,0.0478,"DROSHA"
"EML3",2.57e-06,0.907,0.017,0.011,0.0478,"EML3"
"SCAF4",2.58e-06,0.115,0.469,0.458,0.0479,"SCAF4"
"RGL2",2.58e-06,0.287,0.192,0.177,0.048,"RGL2"
"ZNF432",2.61e-06,0.137,0.343,0.329,0.0486,"ZNF432"
"HPS4",2.62e-06,0.13,0.422,0.413,0.0488,"HPS4"
"TVP23A",2.66e-06,-0.511,0.021,0.029,0.0495,"TVP23A"
"RLF",2.66e-06,-0.143,0.69,0.714,0.0496,"RLF"
"PLSCR3",2.69e-06,0.29,0.13,0.116,0.05,"PLSCR3"
"UPF1",2.69e-06,0.17,0.28,0.265,0.0502,"UPF1"
"NKTR",2.72e-06,-0.104,0.823,0.839,0.0506,"NKTR"
"CCDC160",2.72e-06,0.211,0.21,0.193,0.0506,"CCDC160"
"KPTN",2.73e-06,0.325,0.133,0.118,0.0507,"KPTN"
"PCDHB5",2.73e-06,0.31,0.078,0.065,0.0508,"PCDHB5"
"ZNF687",2.73e-06,0.412,0.093,0.08,0.0508,"ZNF687"
"MIDEAS",2.74e-06,0.214,0.27,0.255,0.0511,"MIDEAS"
"DAGLB",2.76e-06,-0.215,0.127,0.145,0.0514,"DAGLB"
"FAM104A",2.77e-06,0.133,0.408,0.395,0.0515,"FAM104A"
"SLC26A7",2.77e-06,0.491,0.044,0.034,0.0515,"SLC26A7"
"ZNF766",2.79e-06,-0.127,0.386,0.42,0.052,"ZNF766"
"CEMIP",2.83e-06,0.724,0.117,0.103,0.0526,"CEMIP"
"VPS4A",2.85e-06,0.114,0.47,0.46,0.053,"VPS4A"
"ZNF347",2.88e-06,-0.172,0.173,0.195,0.0535,"ZNF347"
"ZDHHC11",2.89e-06,-0.239,0.087,0.103,0.0537,"ZDHHC11"
"RASSF1",2.9e-06,-0.134,0.184,0.208,0.054,"RASSF1"
"STAM2",2.92e-06,0.117,0.481,0.471,0.0544,"STAM2"
"NPM3",2.97e-06,0.256,0.258,0.245,0.0553,"NPM3"
"STYX",2.99e-06,0.211,0.267,0.252,0.0556,"STYX"
"ARL17A",2.99e-06,-0.17,0.405,0.437,0.0557,"ARL17A"
"ARAP1",3.09e-06,0.43,0.069,0.057,0.0574,"ARAP1"
"TBC1D16",3.11e-06,0.131,0.501,0.491,0.0579,"TBC1D16"
"KAZN",3.18e-06,0.426,0.752,0.765,0.0591,"KAZN"
"INO80C",3.22e-06,0.207,0.258,0.244,0.0599,"INO80C"
"PCDHB14",3.33e-06,-0.189,0.118,0.136,0.0619,"PCDHB14"
"USP18",3.36e-06,0.515,0.063,0.052,0.0625,"USP18"
"BCL10",3.42e-06,0.152,0.328,0.313,0.0636,"BCL10"
"TMC7",3.42e-06,-0.276,0.122,0.14,0.0637,"TMC7"
"TSPYL2",3.46e-06,-0.191,0.176,0.197,0.0644,"TSPYL2"
"IRF1",3.5e-06,0.303,0.116,0.102,0.0652,"IRF1"
"SUFU",3.51e-06,0.167,0.31,0.295,0.0652,"SUFU"
"NUB1",3.51e-06,0.108,0.516,0.507,0.0654,"NUB1"
"NIPSNAP3B",3.53e-06,0.631,0.031,0.023,0.0658,"NIPSNAP3B"
"NTMT1",3.55e-06,0.172,0.336,0.324,0.066,"NTMT1"
"COLCA2",3.58e-06,0.908,0.015,0.009,0.0667,"COLCA2"
"PHF10",3.63e-06,0.176,0.308,0.295,0.0675,"PHF10"
"ENSG00000280143",3.66e-06,-0.505,0.039,0.049,0.068,"ENSG00000280143"
"NIPSNAP1",3.66e-06,0.137,0.446,0.438,0.0681,"NIPSNAP1"
"POC5",3.66e-06,-0.188,0.208,0.231,0.0682,"POC5"
"B9D1",3.72e-06,0.135,0.341,0.328,0.0692,"B9D1"
"PFDN6",3.79e-06,0.163,0.429,0.422,0.0706,"PFDN6"
"CWC25",3.79e-06,0.129,0.333,0.32,0.0706,"CWC25"
"ENSG00000280134",3.83e-06,-0.739,0.01,0.016,0.0712,"ENSG00000280134"
"CD38",3.84e-06,-0.601,0.012,0.018,0.0714,"CD38"
"AREL1",3.84e-06,0.155,0.327,0.313,0.0714,"AREL1"
"CNNM2",3.84e-06,-0.169,0.393,0.421,0.0715,"CNNM2"
"NDUFAF7",3.88e-06,-0.169,0.267,0.294,0.0722,"NDUFAF7"
"FAM227A",3.91e-06,0.148,0.339,0.323,0.0728,"FAM227A"
"ITM2A",3.94e-06,0.861,0.01,0.006,0.0734,"ITM2A"
"FAM174B",3.95e-06,-0.144,0.187,0.209,0.0735,"FAM174B"
"CLUL1",3.98e-06,-0.453,0.043,0.054,0.074,"CLUL1"
"TINF2",4e-06,0.187,0.304,0.291,0.0745,"TINF2"
"TMEM129",4.02e-06,0.26,0.192,0.177,0.0748,"TMEM129"
"PHC1",4.02e-06,-0.158,0.368,0.4,0.0749,"PHC1"
"DGKK",4.06e-06,-0.465,0.018,0.025,0.0755,"DGKK"
"RBMS3",4.07e-06,-0.307,0.542,0.503,0.0758,"RBMS3"
"DGKD",4.1e-06,-0.147,0.41,0.44,0.0764,"DGKD"
"ZNF580",4.13e-06,0.11,0.435,0.425,0.0768,"ZNF580"
"L3MBTL3",4.13e-06,-0.147,0.203,0.227,0.0768,"L3MBTL3"
"CASP8AP2",4.18e-06,-0.101,0.437,0.469,0.0777,"CASP8AP2"
"PIM1",4.21e-06,-0.2,0.061,0.074,0.0784,"PIM1"
"RABGEF1",4.24e-06,-0.146,0.724,0.752,0.0789,"RABGEF1"
"KCNJ2",4.24e-06,0.328,0.034,0.025,0.0789,"KCNJ2"
"GOLPH3L",4.25e-06,0.189,0.283,0.269,0.0791,"GOLPH3L"
"CITED1",4.26e-06,0.402,0.111,0.097,0.0794,"CITED1"
"AKTIP",4.28e-06,0.144,0.373,0.363,0.0797,"AKTIP"
"DPP3",4.29e-06,0.24,0.189,0.174,0.0798,"DPP3"
"TDRD7",4.31e-06,0.205,0.185,0.169,0.0801,"TDRD7"
"ELMO2",4.31e-06,-0.13,0.229,0.257,0.0801,"ELMO2"
"MMP15",4.31e-06,0.26,0.182,0.166,0.0803,"MMP15"
"C10orf88",4.32e-06,-0.151,0.224,0.249,0.0804,"C10orf88"
"PHKA1",4.34e-06,0.196,0.196,0.18,0.0809,"PHKA1"
"PIGT",4.44e-06,0.198,0.266,0.252,0.0826,"PIGT"
"SLC38A6",4.44e-06,0.102,0.491,0.482,0.0827,"SLC38A6"
"C12orf4",4.49e-06,0.128,0.357,0.343,0.0836,"C12orf4"
"RCC2",4.5e-06,0.196,0.33,0.319,0.0837,"RCC2"
"BRF1",4.53e-06,-0.163,0.226,0.251,0.0843,"BRF1"
"TAF9B",4.57e-06,0.263,0.208,0.193,0.0851,"TAF9B"
"MXRA8",4.6e-06,0.489,0.048,0.038,0.0856,"MXRA8"
"FBXL3",4.63e-06,0.119,0.419,0.407,0.0861,"FBXL3"
"TIPRL",4.66e-06,-0.14,0.757,0.765,0.0868,"TIPRL"
"PRR14L",4.71e-06,0.109,0.495,0.485,0.0877,"PRR14L"
"SYT9",4.73e-06,-0.224,0.2,0.222,0.088,"SYT9"
"EVC2",4.73e-06,0.876,0.012,0.007,0.088,"EVC2"
"VPS11",4.76e-06,0.252,0.164,0.149,0.0886,"VPS11"
"RGCC",4.78e-06,0.732,0.127,0.113,0.089,"RGCC"
"USP50",4.8e-06,0.463,0.042,0.033,0.0894,"USP50"
"SLC12A7",4.82e-06,0.465,0.052,0.042,0.0896,"SLC12A7"
"CLIP2",4.83e-06,0.213,0.578,0.571,0.0898,"CLIP2"
"RAB11FIP1",4.84e-06,-0.327,0.053,0.065,0.0901,"RAB11FIP1"
"RPA3",4.88e-06,0.135,0.435,0.42,0.0908,"RPA3"
"NBPF20",4.9e-06,-0.221,0.133,0.151,0.0912,"NBPF20"
"ACD",4.91e-06,-0.165,0.174,0.196,0.0913,"ACD"
"CITED4",4.92e-06,0.341,0.173,0.159,0.0916,"CITED4"
"UTP3",4.92e-06,0.168,0.31,0.297,0.0916,"UTP3"
"MDGA1",4.93e-06,-0.548,0.065,0.078,0.0918,"MDGA1"
"MRPL53",4.96e-06,0.437,0.059,0.048,0.0923,"MRPL53"
"SMC1A",4.99e-06,0.107,0.571,0.56,0.0928,"SMC1A"
"TFRC",5.05e-06,0.166,0.278,0.261,0.094,"TFRC"
"DGLUCY",5.05e-06,0.15,0.333,0.319,0.0941,"DGLUCY"
"LIAS",5.06e-06,0.139,0.322,0.306,0.0942,"LIAS"
"ZW10",5.08e-06,0.187,0.233,0.218,0.0946,"ZW10"
"BBS7",5.15e-06,-0.13,0.459,0.493,0.0959,"BBS7"
"LYNX1",5.17e-06,0.508,0.035,0.027,0.0962,"LYNX1"
"FAM161A",5.22e-06,-0.124,0.398,0.429,0.0972,"FAM161A"
"ZIK1",5.24e-06,-0.117,0.098,0.115,0.0975,"ZIK1"
"DIAPH1",5.29e-06,-0.113,0.351,0.381,0.0985,"DIAPH1"
"ENSG00000280046",5.33e-06,-0.415,0.026,0.035,0.0993,"ENSG00000280046"
"KHK",5.34e-06,-0.222,0.07,0.084,0.0995,"KHK"
"ZNF136",5.37e-06,-0.162,0.189,0.213,0.0999,"ZNF136"
"NUDT18",5.42e-06,0.719,0.024,0.017,0.101,"NUDT18"
"SPTY2D1",5.45e-06,0.199,0.292,0.278,0.101,"SPTY2D1"
"ZNF595",5.52e-06,-0.125,0.175,0.197,0.103,"ZNF595"
"PPP1R1C",5.53e-06,0.422,0.052,0.042,0.103,"PPP1R1C"
"ZNF396",5.53e-06,0.367,0.098,0.085,0.103,"ZNF396"
"BAG4",5.57e-06,-0.141,0.231,0.256,0.104,"BAG4"
"NUDCD3",5.6e-06,-0.103,0.503,0.539,0.104,"NUDCD3"
"EEF1AKMT4",5.6e-06,0.595,0.027,0.02,0.104,"EEF1AKMT4"
"SMIM11",5.61e-06,0.125,0.442,0.435,0.104,"SMIM11"
"GPR143",5.66e-06,-0.39,0.035,0.045,0.105,"GPR143"
"CCDC73",5.67e-06,-0.538,0.012,0.018,0.105,"CCDC73"
"WDSUB1",5.74e-06,0.112,0.334,0.32,0.107,"WDSUB1"
"BRMS1L",5.74e-06,0.102,0.417,0.405,0.107,"BRMS1L"
"ANKRD50",5.75e-06,-0.138,0.326,0.354,0.107,"ANKRD50"
"VPS26C",5.81e-06,0.101,0.455,0.446,0.108,"VPS26C"
"SPDYE5",5.81e-06,-0.184,0.142,0.162,0.108,"SPDYE5"
"RHOT1",5.81e-06,-0.105,0.599,0.632,0.108,"RHOT1"
"CISD3",5.81e-06,0.304,0.142,0.128,0.108,"CISD3"
"EIF2B4",5.82e-06,0.207,0.218,0.203,0.108,"EIF2B4"
"MT-TH",5.87e-06,0.67,0.025,0.018,0.109,"MT-TH"
"RWDD2A",5.91e-06,0.255,0.189,0.175,0.11,"RWDD2A"
"MTFR1",5.92e-06,-0.113,0.403,0.435,0.11,"MTFR1"
"TEDC2",5.94e-06,-0.268,0.028,0.037,0.111,"TEDC2"
"DAXX",6e-06,0.183,0.278,0.264,0.112,"DAXX"
"TMTC3",6.05e-06,0.102,0.328,0.313,0.113,"TMTC3"
"PLK5",6.09e-06,-0.415,0.032,0.042,0.113,"PLK5"
"NOTCH2NLB",6.1e-06,0.795,0.016,0.011,0.114,"NOTCH2NLB"
"CERK",6.13e-06,-0.152,0.27,0.297,0.114,"CERK"
"MEPCE",6.25e-06,0.688,0.02,0.013,0.116,"MEPCE"
"PPP1R12B",6.25e-06,-0.11,0.83,0.84,0.116,"PPP1R12B"
"FAM102A",6.29e-06,0.191,0.282,0.268,0.117,"FAM102A"
"AP3S2",6.41e-06,0.241,0.183,0.169,0.119,"AP3S2"
"KDM4A",6.44e-06,0.151,0.461,0.455,0.12,"KDM4A"
"UBL7",6.45e-06,0.311,0.15,0.136,0.12,"UBL7"
"ZNF879",6.5e-06,-0.289,0.053,0.065,0.121,"ZNF879"
"ZNF783",6.65e-06,-0.187,0.118,0.136,0.124,"ZNF783"
"PKNOX1",6.67e-06,0.116,0.397,0.385,0.124,"PKNOX1"
"SLC25A32",6.82e-06,-0.169,0.175,0.196,0.127,"SLC25A32"
"TPRA1",6.82e-06,0.231,0.187,0.172,0.127,"TPRA1"
"DYNC2I1",6.84e-06,-0.132,0.588,0.616,0.127,"DYNC2I1"
"MUC1",6.9e-06,0.863,0.01,0.006,0.128,"MUC1"
"HRH2",6.93e-06,-0.67,0.018,0.025,0.129,"HRH2"
"BCAM",6.94e-06,0.467,0.064,0.053,0.129,"BCAM"
"ZNF692",6.98e-06,-0.178,0.109,0.126,0.13,"ZNF692"
"FKBP11",7.1e-06,-0.239,0.106,0.122,0.132,"FKBP11"
"AKR1B1",7.12e-06,0.131,0.455,0.448,0.132,"AKR1B1"
"TOP3A",7.22e-06,-0.159,0.258,0.284,0.134,"TOP3A"
"CXCL3",7.23e-06,-0.101,0.022,0.015,0.135,"CXCL3"
"ZXDA",7.23e-06,-0.23,0.058,0.07,0.135,"ZXDA"
"STKLD1",7.23e-06,-0.293,0.027,0.036,0.135,"STKLD1"
"ABTB1",7.31e-06,0.676,0.019,0.013,0.136,"ABTB1"
"USP28",7.38e-06,0.141,0.355,0.342,0.137,"USP28"
"ADCY8",7.43e-06,-0.273,0.133,0.151,0.138,"ADCY8"
"USP39",7.59e-06,0.148,0.354,0.344,0.141,"USP39"
"PDE8B",7.61e-06,0.495,0.056,0.045,0.142,"PDE8B"
"CSDC2",7.62e-06,-0.187,0.062,0.075,0.142,"CSDC2"
"SPDYE10",7.66e-06,-0.182,0.096,0.112,0.143,"SPDYE10"
"GFUS",7.75e-06,0.22,0.256,0.243,0.144,"GFUS"
"PCGF3",7.8e-06,-0.129,0.341,0.371,0.145,"PCGF3"
"SNPH",7.82e-06,-0.295,0.036,0.046,0.146,"SNPH"
"ZNF653",7.82e-06,-0.261,0.064,0.076,0.146,"ZNF653"
"ACAD8",7.87e-06,0.182,0.339,0.329,0.146,"ACAD8"
"PIK3CD",7.87e-06,-0.402,0.031,0.04,0.146,"PIK3CD"
"SH3BP2",7.89e-06,-0.156,0.137,0.156,0.147,"SH3BP2"
"RALBP1",7.89e-06,0.101,0.512,0.505,0.147,"RALBP1"
"CMTM4",7.91e-06,0.113,0.391,0.377,0.147,"CMTM4"
"FADD",7.93e-06,0.297,0.148,0.134,0.148,"FADD"
"HSPA14",8.01e-06,0.156,0.318,0.305,0.149,"HSPA14"
"C16orf86",8.02e-06,0.761,0.024,0.017,0.149,"C16orf86"
"TXLNG",8.03e-06,-0.117,0.516,0.55,0.149,"TXLNG"
"ENSG00000280106",8.07e-06,-0.4,0.023,0.031,0.15,"ENSG00000280106"
"ATP6V1FNB",8.08e-06,-0.551,0.011,0.017,0.15,"ATP6V1FNB"
"SLC1A5",8.12e-06,0.396,0.109,0.096,0.151,"SLC1A5"
"UPK1B",8.23e-06,-0.688,0.021,0.028,0.153,"UPK1B"
"NCK2",8.29e-06,-0.123,0.512,0.541,0.154,"NCK2"
"PLAC1",8.39e-06,-1.049,0.007,0.011,0.156,"PLAC1"
"BORCS8",8.39e-06,-0.122,0.231,0.256,0.156,"BORCS8"
"STRIP1",8.49e-06,-0.159,0.292,0.32,0.158,"STRIP1"
"SLC35F2",8.52e-06,-0.531,0.025,0.033,0.159,"SLC35F2"
"HOMER2",8.52e-06,-0.152,0.243,0.267,0.159,"HOMER2"
"GLRX2",8.62e-06,0.184,0.274,0.261,0.16,"GLRX2"
"ZBTB14",8.72e-06,-0.178,0.158,0.178,0.162,"ZBTB14"
"PGAM5",8.76e-06,-0.119,0.109,0.127,0.163,"PGAM5"
"WHRN",8.8e-06,0.158,0.256,0.241,0.164,"WHRN"
"ARHGAP20",8.82e-06,0.192,0.123,0.142,0.164,"ARHGAP20"
"RPAP3",8.92e-06,0.109,0.424,0.415,0.166,"RPAP3"
"ZNF792",8.95e-06,-0.442,0.021,0.028,0.167,"ZNF792"
"ALKBH4",9e-06,0.176,0.259,0.245,0.167,"ALKBH4"
"VPS18",9.06e-06,0.276,0.142,0.129,0.169,"VPS18"
"BOK",9.09e-06,-0.537,0.023,0.031,0.169,"BOK"
"GPN2",9.1e-06,0.256,0.196,0.183,0.169,"GPN2"
"DUOX1",9.12e-06,-0.149,0.133,0.151,0.17,"DUOX1"
"TENT4B",9.14e-06,-0.129,0.394,0.425,0.17,"TENT4B"
"POGK",9.16e-06,-0.126,0.346,0.376,0.17,"POGK"
"URGCP",9.2e-06,-0.152,0.464,0.494,0.171,"URGCP"
"SLC66A2",9.28e-06,0.136,0.442,0.436,0.173,"SLC66A2"
"ETFDH",9.29e-06,-0.169,0.329,0.356,0.173,"ETFDH"
"USP5",9.34e-06,0.185,0.28,0.268,0.174,"USP5"
"CUTC",9.41e-06,0.172,0.319,0.307,0.175,"CUTC"
"SCGB1A1",9.43e-06,-1.197,0.008,0.013,0.175,"SCGB1A1"
"LAMB4",9.45e-06,0.542,0.022,0.016,0.176,"LAMB4"
"CCDC40",9.45e-06,-0.11,0.23,0.255,0.176,"CCDC40"
"SRSF6",9.57e-06,0.135,0.464,0.457,0.178,"SRSF6"
"UPF3B",9.64e-06,-0.103,0.55,0.581,0.179,"UPF3B"
"ATPAF2",9.68e-06,0.146,0.33,0.318,0.18,"ATPAF2"
"PARVB",9.83e-06,-0.329,0.043,0.054,0.183,"PARVB"
"EML2",9.86e-06,-0.199,0.124,0.141,0.184,"EML2"
"RIPOR1",9.9e-06,-0.141,0.19,0.212,0.184,"RIPOR1"
"PPP1R15B",9.91e-06,0.129,0.493,0.486,0.184,"PPP1R15B"
"TMEM143",9.97e-06,-0.34,0.031,0.04,0.186,"TMEM143"
"CCDC183",9.99e-06,-0.269,0.048,0.059,0.186,"CCDC183"
"ARHGAP32",1e-05,-0.133,0.816,0.834,0.186,"ARHGAP32"
"FICD",1e-05,0.308,0.146,0.132,0.187,"FICD"
"ACSL6",0.0000102,0.172,0.305,0.291,0.19,"ACSL6"
"RTKN2",0.0000102,0.104,0.093,0.109,0.19,"RTKN2"
"ZNF610",0.0000103,-0.131,0.192,0.215,0.191,"ZNF610"
"PAN2",0.0000103,-0.159,0.077,0.091,0.192,"PAN2"
"KCNU1",0.0000105,0.908,0.011,0.007,0.196,"KCNU1"
"RIMKLB",0.0000107,-0.112,0.681,0.703,0.199,"RIMKLB"
"PATL1",0.0000107,0.143,0.343,0.33,0.2,"PATL1"
"RSPH4A",0.0000107,0.32,0.126,0.112,0.2,"RSPH4A"
"ANKRD54",0.0000108,-0.12,0.233,0.258,0.201,"ANKRD54"
"MGAT5",0.0000109,-0.191,0.566,0.592,0.203,"MGAT5"
"AJM1",0.000011,-0.377,0.033,0.042,0.206,"AJM1"
"TMEM222",0.0000111,0.15,0.307,0.294,0.206,"TMEM222"
"TMEM150A",0.0000111,0.266,0.134,0.12,0.206,"TMEM150A"
"VOPP1",0.0000111,-0.106,0.72,0.74,0.207,"VOPP1"
"PIP4K2B",0.0000111,-0.134,0.37,0.4,0.207,"PIP4K2B"
"HPS6",0.0000113,0.355,0.11,0.097,0.21,"HPS6"
"FBLN2",0.0000114,0.786,0.01,0.006,0.213,"FBLN2"
"NME6",0.0000115,0.197,0.274,0.261,0.214,"NME6"
"C2orf49",0.0000115,0.143,0.371,0.362,0.215,"C2orf49"
"CPSF1",0.0000115,0.251,0.162,0.148,0.215,"CPSF1"
"SLC27A1",0.0000116,0.151,0.281,0.268,0.215,"SLC27A1"
"ABHD15",0.0000116,0.569,0.048,0.038,0.216,"ABHD15"
"UBE2D1",0.0000116,-0.103,0.608,0.636,0.216,"UBE2D1"
"ZNF487",0.0000117,0.243,0.183,0.169,0.218,"ZNF487"
"MRPL39",0.0000117,0.108,0.383,0.372,0.218,"MRPL39"
"ARPC1B",0.0000119,0.264,0.114,0.101,0.221,"ARPC1B"
"CCDC38",0.0000119,-0.412,0.03,0.038,0.221,"CCDC38"
"TRIM17",0.000012,-0.576,0.011,0.017,0.224,"TRIM17"
"RABEP1",0.0000121,-0.113,0.749,0.774,0.225,"RABEP1"
"RND1",0.0000123,-0.183,0.065,0.078,0.229,"RND1"
"GPR135",0.0000125,0.128,0.338,0.322,0.233,"GPR135"
"CAPN1",0.0000125,0.134,0.347,0.334,0.233,"CAPN1"
"ANKMY1",0.0000125,0.216,0.233,0.219,0.233,"ANKMY1"
"RMI2",0.0000127,-0.197,0.066,0.079,0.236,"RMI2"
"BET1L",0.0000127,0.296,0.13,0.117,0.237,"BET1L"
"CPA6",0.0000128,-0.777,0.007,0.012,0.237,"CPA6"
"PWWP2B",0.0000129,-0.17,0.072,0.086,0.241,"PWWP2B"
"DDI2",0.000013,-0.136,0.213,0.237,0.242,"DDI2"
"WDR46",0.0000131,0.227,0.257,0.246,0.243,"WDR46"
"SYCP2L",0.0000131,-0.166,0.276,0.3,0.244,"SYCP2L"
"SYDE1",0.0000131,0.517,0.043,0.034,0.245,"SYDE1"
"GNL1",0.0000131,0.111,0.422,0.412,0.245,"GNL1"
"HEATR6",0.0000132,0.155,0.359,0.351,0.245,"HEATR6"
"AMER1",0.0000132,-0.267,0.04,0.051,0.246,"AMER1"
"MED8",0.0000133,0.151,0.311,0.298,0.247,"MED8"
"LIN37",0.0000134,-0.152,0.134,0.152,0.25,"LIN37"
"EOLA2",0.0000134,-0.142,0.066,0.079,0.25,"EOLA2"
"THTPA",0.0000135,0.261,0.222,0.21,0.251,"THTPA"
"SPOUT1",0.0000135,0.327,0.104,0.092,0.251,"SPOUT1"
"ORAI2",0.0000135,0.131,0.433,0.426,0.252,"ORAI2"
"ZNF234",0.0000136,0.287,0.259,0.246,0.253,"ZNF234"
"GARIN1A",0.0000136,0.338,0.095,0.082,0.254,"GARIN1A"
"XRCC3",0.0000137,-0.181,0.06,0.073,0.256,"XRCC3"
"NSUN7",0.0000138,0.319,0.111,0.098,0.256,"NSUN7"
"RTN4RL2",0.0000138,-0.175,0.063,0.076,0.257,"RTN4RL2"
"DUSP18",0.0000138,-0.15,0.255,0.281,0.258,"DUSP18"
"DEUP1",0.0000141,-0.386,0.018,0.025,0.262,"DEUP1"
"SLC22A3",0.0000142,-0.436,0.026,0.034,0.264,"SLC22A3"
"ISY1",0.0000145,0.23,0.221,0.208,0.269,"ISY1"
"STAU2",0.0000145,-0.14,0.885,0.888,0.27,"STAU2"
"TTPA",0.0000146,0.219,0.168,0.154,0.271,"TTPA"
"PCDHA9",0.0000146,-0.203,0.104,0.12,0.272,"PCDHA9"
"ENSG00000279606",0.0000147,0.396,0.078,0.066,0.273,"ENSG00000279606"
"SCD5",0.0000147,0.222,0.796,0.801,0.274,"SCD5"
"CPAMD8",0.0000147,0.822,0.017,0.012,0.275,"CPAMD8"
"KLRB1",0.0000148,-0.639,0.012,0.018,0.275,"KLRB1"
"C19orf47",0.0000148,-0.232,0.065,0.078,0.276,"C19orf47"
"LPXN",0.0000149,0.194,0.199,0.185,0.277,"LPXN"
"TTC30B",0.0000149,0.332,0.124,0.111,0.278,"TTC30B"
"HSPG2",0.000015,0.446,0.063,0.052,0.28,"HSPG2"
"NAA80",0.0000151,-0.267,0.034,0.043,0.28,"NAA80"
"ENSG00000280385",0.0000152,-0.67,0.018,0.025,0.282,"ENSG00000280385"
"TMEM198",0.0000154,0.244,0.168,0.154,0.286,"TMEM198"
"PLIN5",0.0000155,0.42,0.075,0.064,0.289,"PLIN5"
"HROB",0.0000156,-0.199,0.021,0.029,0.29,"HROB"
"EGLN1",0.0000156,-0.13,0.539,0.569,0.291,"EGLN1"
"NRG4",0.0000157,0.221,0.151,0.136,0.293,"NRG4"
"KLF2",0.0000157,-0.293,0.023,0.031,0.293,"KLF2"
"AMMECR1L",0.0000159,0.242,0.183,0.169,0.296,"AMMECR1L"
"GTF2E1",0.000016,0.267,0.175,0.161,0.297,"GTF2E1"
"MBNL3",0.0000161,0.197,0.17,0.156,0.299,"MBNL3"
"ELMO1",0.0000162,-0.222,0.473,0.497,0.302,"ELMO1"
"TTC4",0.0000163,0.12,0.342,0.329,0.304,"TTC4"
"CDHR1",0.0000163,0.433,0.056,0.046,0.304,"CDHR1"
"SYTL2",0.0000163,0.301,0.131,0.117,0.304,"SYTL2"
"ALDH3B1",0.0000164,0.439,0.076,0.065,0.306,"ALDH3B1"
"DBF4",0.0000166,0.182,0.302,0.288,0.308,"DBF4"
"LMTK2",0.0000166,-0.135,0.384,0.414,0.31,"LMTK2"
"UBE2O",0.0000168,-0.11,0.457,0.49,0.313,"UBE2O"
"PPP1R9B",0.0000169,-0.216,0.09,0.104,0.315,"PPP1R9B"
"PYM1",0.0000169,0.191,0.295,0.283,0.315,"PYM1"
"TCP10L",0.000017,0.18,0.248,0.233,0.316,"TCP10L"
"HECTD3",0.000017,0.284,0.106,0.094,0.316,"HECTD3"
"CCDC148",0.0000171,-0.238,0.212,0.232,0.318,"CCDC148"
"PER1",0.0000171,0.32,0.088,0.076,0.319,"PER1"
"LSM12",0.0000172,0.107,0.529,0.527,0.32,"LSM12"
"ZNF362",0.0000172,-0.108,0.301,0.331,0.32,"ZNF362"
"SPATA9",0.0000174,-0.555,0.016,0.022,0.323,"SPATA9"
"PPIL3",0.0000175,0.111,0.502,0.501,0.326,"PPIL3"
"ZNF8",0.0000177,-0.109,0.206,0.23,0.33,"ZNF8"
"ACSM6",0.0000178,0.214,0.037,0.029,0.331,"ACSM6"
"ZNF76",0.0000178,0.163,0.291,0.277,0.331,"ZNF76"
"OSBP",0.0000179,0.109,0.47,0.463,0.333,"OSBP"
"COL8A1",0.000018,-0.803,0.007,0.011,0.335,"COL8A1"
"TCEAL7",0.0000181,-0.178,0.545,0.57,0.337,"TCEAL7"
"MSANTD1",0.0000182,-0.445,0.027,0.035,0.338,"MSANTD1"
"ZNF507",0.0000183,0.132,0.332,0.32,0.34,"ZNF507"
"TMEM81",0.0000185,-0.311,0.027,0.035,0.345,"TMEM81"
"SCUBE3",0.0000187,-0.254,0.141,0.158,0.348,"SCUBE3"
"HYKK",0.0000188,0.52,0.036,0.028,0.349,"HYKK"
"ANKHD1",0.0000188,0.245,0.216,0.204,0.349,"ANKHD1"
"ZNF268",0.0000189,0.224,0.236,0.224,0.352,"ZNF268"
"ATP6V1C2",0.0000189,0.328,0.048,0.039,0.353,"ATP6V1C2"
"THOP1",0.0000191,0.252,0.196,0.183,0.355,"THOP1"
"CLEC4A",0.0000192,-0.448,0.015,0.022,0.357,"CLEC4A"
"EPHX3",0.0000194,0.834,0.017,0.012,0.36,"EPHX3"
"FKBP15",0.0000195,0.12,0.313,0.3,0.363,"FKBP15"
"MRPS5",0.0000195,-0.157,0.213,0.237,0.364,"MRPS5"
"BVES",0.0000195,0.495,0.055,0.045,0.364,"BVES"
"NME9",0.0000196,-0.283,0.196,0.216,0.364,"NME9"
"SLC35E1",0.0000197,-0.127,0.231,0.256,0.366,"SLC35E1"
"ZNF333",0.0000197,-0.141,0.269,0.296,0.366,"ZNF333"
"HDGF",0.0000199,0.11,0.488,0.481,0.37,"HDGF"
"AKNA",0.0000199,0.207,0.195,0.181,0.371,"AKNA"
"MEIG1",2e-05,-0.249,0.044,0.054,0.372,"MEIG1"
"PANX2",0.0000201,-0.346,0.044,0.054,0.373,"PANX2"
"C22orf31",0.0000201,0.658,0.021,0.015,0.374,"C22orf31"
"ANGPT1",0.0000204,0.486,0.078,0.067,0.379,"ANGPT1"
"NAA30",0.0000204,-0.128,0.296,0.323,0.379,"NAA30"
"TNFRSF21",0.0000204,0.264,0.244,0.23,0.379,"TNFRSF21"
"ACOT2",0.0000206,0.381,0.046,0.037,0.384,"ACOT2"
"OPA3",0.0000206,0.221,0.205,0.191,0.384,"OPA3"
"AFG3L2",0.0000206,0.102,0.428,0.416,0.384,"AFG3L2"
"ZNF732",0.0000207,-0.258,0.027,0.035,0.385,"ZNF732"
"OBSCN",0.0000209,-0.249,0.087,0.101,0.388,"OBSCN"
"ADH4",0.0000209,0.313,0.07,0.059,0.39,"ADH4"
"INHBB",0.0000211,0.212,0.209,0.196,0.394,"INHBB"
"CDKN2B",0.0000212,0.236,0.019,0.013,0.394,"CDKN2B"
"PARD6B",0.0000213,-0.128,0.261,0.287,0.396,"PARD6B"
"TM9SF1",0.0000215,0.32,0.102,0.09,0.4,"TM9SF1"
"ERVK3-1",0.0000215,0.117,0.422,0.414,0.401,"ERVK3-1"
"OVOL2",0.0000217,0.397,0.094,0.082,0.404,"OVOL2"
"ENSG00000261832",0.0000218,-0.503,0.018,0.025,0.405,"ENSG00000261832"
"DGKG",0.0000218,0.382,0.049,0.04,0.406,"DGKG"
"STAT5B",0.000022,-0.138,0.532,0.559,0.409,"STAT5B"
"EFHB",0.000022,0.317,0.081,0.069,0.41,"EFHB"
"LSR",0.0000224,0.435,0.051,0.042,0.416,"LSR"
"CFAP210",0.0000224,0.186,0.244,0.229,0.417,"CFAP210"
"SH2B3",0.0000225,-0.292,0.069,0.081,0.419,"SH2B3"
"LURAP1",0.0000227,0.361,0.081,0.07,0.423,"LURAP1"
"PRADC1",0.0000228,0.205,0.206,0.192,0.424,"PRADC1"
"PYROXD2",0.0000229,0.466,0.058,0.048,0.426,"PYROXD2"
"GUCA1A",0.0000232,0.724,0.018,0.013,0.432,"GUCA1A"
"ADCY10",0.0000232,-0.575,0.025,0.033,0.433,"ADCY10"
"USP44",0.0000235,-0.198,0.04,0.049,0.438,"USP44"
"HPX",0.0000236,-0.521,0.018,0.025,0.438,"HPX"
"TRMT6",0.0000239,-0.132,0.17,0.19,0.445,"TRMT6"
"MIOS",0.000024,-0.152,0.273,0.297,0.447,"MIOS"
"LRRC47",0.0000243,-0.107,0.274,0.301,0.452,"LRRC47"
"SLC9C1",0.0000243,0.669,0.02,0.014,0.452,"SLC9C1"
"TOPORS",0.0000244,0.126,0.4,0.391,0.454,"TOPORS"
"IQCJ",0.0000244,-0.241,0.083,0.096,0.454,"IQCJ"
"STS",0.0000246,-0.309,0.211,0.23,0.457,"STS"
"ZNF117",0.0000246,-0.111,0.299,0.327,0.459,"ZNF117"
"NEURL2",0.0000247,0.443,0.051,0.042,0.46,"NEURL2"
"KIRREL1",0.0000247,-0.229,0.233,0.254,0.46,"KIRREL1"
"PIDD1",0.0000251,0.33,0.082,0.07,0.466,"PIDD1"
"ACADS",0.0000252,0.398,0.071,0.06,0.468,"ACADS"
"TRADD",0.0000252,0.575,0.028,0.021,0.47,"TRADD"
"CASP2",0.0000254,-0.139,0.248,0.273,0.472,"CASP2"
"NPIPB6",0.0000258,-0.43,0.014,0.02,0.481,"NPIPB6"
"U2AF1L4",0.0000262,-0.165,0.112,0.128,0.487,"U2AF1L4"
"BTN3A1",0.0000262,-0.208,0.126,0.142,0.488,"BTN3A1"
"FGD1",0.0000265,-0.155,0.275,0.301,0.493,"FGD1"
"CCDC96",0.0000265,0.367,0.087,0.075,0.493,"CCDC96"
"TLCD3A",0.0000265,0.232,0.166,0.153,0.493,"TLCD3A"
"AOAH",0.0000266,-0.304,0.034,0.043,0.495,"AOAH"
"TJAP1",0.0000266,0.277,0.155,0.142,0.495,"TJAP1"
"MBLAC1",0.0000267,-0.294,0.04,0.05,0.496,"MBLAC1"
"DRP2",0.0000267,-0.284,0.041,0.051,0.497,"DRP2"
"PYGB",0.0000268,0.173,0.337,0.328,0.498,"PYGB"
"ENSG00000279491",0.0000268,-0.418,0.012,0.018,0.499,"ENSG00000279491"
"DLG5",0.0000269,0.102,0.484,0.479,0.5,"DLG5"
"RELA",0.000027,0.24,0.223,0.211,0.502,"RELA"
"TBC1D20",0.000027,0.122,0.366,0.354,0.502,"TBC1D20"
"PCDHA1",0.0000271,-0.691,0.007,0.011,0.505,"PCDHA1"
"CENPS-CORT",0.0000272,-0.378,0.027,0.035,0.506,"CENPS-CORT"
"ZBTB34",0.0000273,-0.193,0.077,0.09,0.509,"ZBTB34"
"TAB3",0.0000274,-0.191,0.214,0.235,0.51,"TAB3"
"CFAP119",0.0000276,0.355,0.093,0.082,0.514,"CFAP119"
"IQUB",0.0000277,0.196,0.221,0.207,0.515,"IQUB"
"EARS2",0.000028,-0.165,0.132,0.149,0.521,"EARS2"
"RGPD1",0.0000281,-0.438,0.022,0.03,0.522,"RGPD1"
"PLXND1",0.0000282,-0.296,0.035,0.044,0.525,"PLXND1"
"PNPLA2",0.0000282,0.268,0.155,0.142,0.526,"PNPLA2"
"ZNF614",0.0000287,-0.133,0.141,0.16,0.533,"ZNF614"
"SYBU",0.0000287,-0.175,0.585,0.614,0.534,"SYBU"
"MAP2K7",0.0000289,-0.122,0.167,0.187,0.538,"MAP2K7"
"KLHL15",0.000029,-0.212,0.089,0.103,0.54,"KLHL15"
"RTL4",0.0000295,-1.189,0.015,0.022,0.548,"RTL4"
"LRRTM2",0.0000296,-0.18,0.211,0.232,0.55,"LRRTM2"
"RTTN",0.0000299,0.188,0.334,0.321,0.556,"RTTN"
"SLC35E4",0.0000299,-0.153,0.154,0.173,0.557,"SLC35E4"
"AGTR1",0.0000302,0.866,0.013,0.009,0.562,"AGTR1"
"CYB5RL",0.0000305,0.346,0.099,0.087,0.568,"CYB5RL"
"NHLH1",0.0000306,0.555,0.041,0.032,0.569,"NHLH1"
"TMEM161A",0.0000314,0.226,0.225,0.213,0.585,"TMEM161A"
"ZNF43",0.000032,0.127,0.516,0.511,0.595,"ZNF43"
"SMAD6",0.0000321,0.57,0.029,0.022,0.597,"SMAD6"
"CREBZF",0.0000322,-0.103,0.476,0.509,0.599,"CREBZF"
"CAPN3",0.0000323,0.216,0.104,0.091,0.601,"CAPN3"
"CNMD",0.0000323,0.496,0.044,0.036,0.601,"CNMD"
"NEURL1B",0.0000323,0.376,0.128,0.115,0.602,"NEURL1B"
"DNAAF9",0.0000324,-0.122,0.755,0.775,0.604,"DNAAF9"
"GRHL1",0.0000326,0.156,0.358,0.345,0.606,"GRHL1"
"PCCA",0.0000326,0.101,0.696,0.694,0.608,"PCCA"
"ZNF563",0.0000328,0.264,0.067,0.057,0.611,"ZNF563"
"NAPRT",0.0000331,0.332,0.112,0.1,0.617,"NAPRT"
"EFNB2",0.0000332,0.271,0.239,0.266,0.617,"EFNB2"
"R3HDM4",0.0000335,-0.158,0.147,0.165,0.624,"R3HDM4"
"ZNF496",0.0000339,-0.137,0.242,0.265,0.631,"ZNF496"
"ZC2HC1C",0.0000339,0.152,0.136,0.122,0.631,"ZC2HC1C"
"DNAH17",0.0000342,-0.355,0.021,0.028,0.636,"DNAH17"
"XPO6",0.0000342,-0.119,0.541,0.569,0.636,"XPO6"
"MUC20",0.0000346,-0.323,0.072,0.084,0.644,"MUC20"
"CXCL16",0.0000348,0.477,0.042,0.034,0.648,"CXCL16"
"TMEM231",0.0000349,0.164,0.29,0.278,0.65,"TMEM231"
"TANGO6",0.0000354,0.123,0.411,0.398,0.658,"TANGO6"
"WASHC1",0.0000357,-0.13,0.085,0.099,0.664,"WASHC1"
"GPR34",0.0000357,-0.23,0.072,0.084,0.664,"GPR34"
"TRAF7",0.0000357,0.174,0.241,0.228,0.665,"TRAF7"
"TRMT61B",0.0000358,-0.128,0.414,0.443,0.666,"TRMT61B"
"HEMK1",0.0000358,0.267,0.147,0.134,0.667,"HEMK1"
"TPTE2",0.000036,-0.275,0.079,0.092,0.669,"TPTE2"
"TUBD1",0.0000365,0.208,0.212,0.198,0.68,"TUBD1"
"ANKRD27",0.0000365,-0.151,0.255,0.28,0.68,"ANKRD27"
"RAPGEF2",0.0000369,-0.103,0.782,0.793,0.687,"RAPGEF2"
"TF",0.000038,-0.456,0.025,0.032,0.707,"TF"
"SLC12A8",0.0000391,-0.204,0.072,0.085,0.727,"SLC12A8"
"TEK",0.0000395,-0.692,0.015,0.021,0.735,"TEK"
"MYO15A",0.0000398,-0.472,0.015,0.021,0.741,"MYO15A"
"ENSG00000280120",0.0000405,-0.419,0.008,0.013,0.754,"ENSG00000280120"
"RPS6KB2",0.0000409,0.313,0.135,0.123,0.762,"RPS6KB2"
"IL17RD",0.000041,0.128,0.329,0.319,0.763,"IL17RD"
"TMEM234",0.0000413,0.241,0.168,0.155,0.769,"TMEM234"
"FNDC10",0.0000413,-0.309,0.046,0.056,0.77,"FNDC10"
"GRID1",0.0000414,-0.24,0.539,0.561,0.77,"GRID1"
"HOMEZ",0.0000415,0.242,0.133,0.12,0.772,"HOMEZ"
"BNIP1",0.0000415,0.215,0.246,0.235,0.772,"BNIP1"
"CCDC144A",0.0000415,0.218,0.206,0.194,0.773,"CCDC144A"
"VRK2",0.000042,0.469,0.016,0.011,0.782,"VRK2"
"C8orf44-SGK3",0.000042,-0.126,0.363,0.392,0.782,"C8orf44-SGK3"
"UBXN8",0.0000427,0.219,0.203,0.19,0.795,"UBXN8"
"NFATC1",0.000043,0.448,0.056,0.047,0.8,"NFATC1"
"THAP10",0.000043,-0.12,0.101,0.116,0.8,"THAP10"
"PPP1R11",0.000043,0.119,0.479,0.473,0.801,"PPP1R11"
"MAN2A2",0.0000432,-0.162,0.12,0.136,0.804,"MAN2A2"
"NDUFAF4",0.0000433,-0.125,0.388,0.419,0.806,"NDUFAF4"
"ZNF846",0.0000435,0.188,0.213,0.2,0.809,"ZNF846"
"EGLN2",0.0000437,0.412,0.039,0.031,0.813,"EGLN2"
"FXYD2",0.0000443,-0.275,0.02,0.027,0.825,"FXYD2"
"CRNKL1",0.0000444,0.114,0.437,0.43,0.827,"CRNKL1"
"NOMO3",0.0000445,-0.184,0.087,0.1,0.828,"NOMO3"
"SLC5A9",0.0000449,0.638,0.032,0.025,0.836,"SLC5A9"
"VHL",0.000045,-0.114,0.528,0.56,0.838,"VHL"
"NCR3LG1",0.0000455,-0.161,0.117,0.133,0.847,"NCR3LG1"
"PROM1",0.0000458,-0.367,0.042,0.052,0.852,"PROM1"
"PRR14",0.0000458,0.196,0.239,0.227,0.852,"PRR14"
"ENSG00000280291",0.0000464,0.352,0.039,0.031,0.864,"ENSG00000280291"
"MED21",0.0000465,-0.127,0.486,0.52,0.865,"MED21"
"EMSY",0.0000469,-0.138,0.488,0.515,0.874,"EMSY"
"SEPSECS",0.000047,0.222,0.166,0.153,0.874,"SEPSECS"
"SMURF1",0.0000472,-0.123,0.548,0.572,0.878,"SMURF1"
"MKRN1",0.0000477,-0.116,0.589,0.615,0.887,"MKRN1"
"ASPN",0.0000481,-0.173,0.046,0.057,0.895,"ASPN"
"ALDH1B1",0.0000483,0.377,0.083,0.072,0.9,"ALDH1B1"
"MTMR14",0.0000486,0.2,0.236,0.224,0.904,"MTMR14"
"KCNS3",0.0000489,-0.994,0.006,0.01,0.91,"KCNS3"
"NACC1",0.0000493,0.242,0.19,0.178,0.918,"NACC1"
"ZSWIM4",5e-05,-0.113,0.146,0.164,0.931,"ZSWIM4"
"PTDSS2",0.0000503,0.176,0.248,0.236,0.936,"PTDSS2"
"ATP6V1E2",0.0000505,0.21,0.167,0.154,0.939,"ATP6V1E2"
"C17orf80",0.0000507,0.165,0.305,0.296,0.943,"C17orf80"
"CDK10",0.0000507,-0.148,0.204,0.226,0.944,"CDK10"
"FAM200B",0.0000508,-0.151,0.573,0.595,0.945,"FAM200B"
"AP4S1",0.0000509,-0.184,0.346,0.37,0.947,"AP4S1"
"C3orf49",0.0000515,-0.397,0.024,0.031,0.959,"C3orf49"
"C3orf18",0.0000516,-0.211,0.043,0.053,0.96,"C3orf18"
"UBE2M",0.0000516,-0.119,0.724,0.739,0.96,"UBE2M"
"TMEM106A",0.0000516,0.586,0.018,0.012,0.961,"TMEM106A"
"ASB13",0.0000526,0.27,0.114,0.102,0.98,"ASB13"
"TXNDC11",0.0000527,0.183,0.233,0.22,0.98,"TXNDC11"
"NR4A2",0.0000528,-0.89,0.032,0.04,0.983,"NR4A2"
"DDRGK1",0.0000529,0.123,0.421,0.415,0.985,"DDRGK1"
"D2HGDH",0.0000529,0.237,0.158,0.146,0.985,"D2HGDH"
"TSSC4",0.0000529,0.16,0.366,0.359,0.985,"TSSC4"
"MAN2B2",0.0000534,0.197,0.132,0.119,0.993,"MAN2B2"
"SLC9A2",0.0000542,-0.864,0.008,0.013,1,"SLC9A2"
"H3C12",0.0000545,-0.486,0.012,0.017,1,"H3C12"
"EZH1",0.0000546,-0.128,0.325,0.351,1,"EZH1"
"GPN1",0.0000551,0.187,0.302,0.293,1,"GPN1"
"SMTN",0.0000557,0.606,0.028,0.021,1,"SMTN"
"MFN1",0.000056,-0.163,0.494,0.522,1,"MFN1"
"PLB1",0.0000561,-0.828,0.01,0.014,1,"PLB1"
"LRRK2",0.0000564,0.315,0.061,0.052,1,"LRRK2"
"CD72",0.0000571,0.414,0.038,0.03,1,"CD72"
"EID3",0.0000573,0.495,0.03,0.023,1,"EID3"
"PLCG1",0.0000576,0.196,0.255,0.243,1,"PLCG1"
"MANSC4",0.0000577,-0.448,0.012,0.018,1,"MANSC4"
"TMEM14A",0.0000578,-0.158,0.596,0.617,1,"TMEM14A"
"SLC25A28",0.000058,-0.106,0.174,0.195,1,"SLC25A28"
"TUBA8",0.0000583,-0.303,0.046,0.056,1,"TUBA8"
"ACAD9",0.0000587,0.111,0.369,0.359,1,"ACAD9"
"PSMG1",0.0000587,0.125,0.41,0.402,1,"PSMG1"
"STK10",0.0000589,-0.229,0.1,0.114,1,"STK10"
"BCL3",0.000059,0.485,0.031,0.024,1,"BCL3"
"DENND2C",0.0000593,0.376,0.074,0.064,1,"DENND2C"
"ANKS6",0.0000594,0.135,0.232,0.219,1,"ANKS6"
"PPP6R1",0.0000599,0.184,0.231,0.218,1,"PPP6R1"
"VDAC3",0.0000605,-0.132,0.769,0.78,1,"VDAC3"
"PAQR7",0.0000605,-0.241,0.072,0.084,1,"PAQR7"
"ZNF155",0.0000606,-0.135,0.383,0.411,1,"ZNF155"
"AUNIP",0.000061,-0.146,0.022,0.029,1,"AUNIP"
"ENSG00000187186",0.000061,-0.114,0.161,0.18,1,"ENSG00000187186"
"ZDHHC23",0.0000617,-0.509,0.014,0.02,1,"ZDHHC23"
"SYNDIG1",0.0000619,-0.365,0.183,0.2,1,"SYNDIG1"
"ZNF514",0.000062,-0.163,0.076,0.089,1,"ZNF514"
"SMTNL1",0.0000628,-0.501,0.014,0.02,1,"SMTNL1"
"PER3",0.0000631,0.141,0.348,0.338,1,"PER3"
"DCHS1",0.0000632,0.158,0.257,0.246,1,"DCHS1"
"SARM1",0.0000635,-0.119,0.343,0.373,1,"SARM1"
"ZNF850",0.0000636,-0.187,0.066,0.077,1,"ZNF850"
"ENSG00000279670",0.0000636,0.549,0.064,0.054,1,"ENSG00000279670"
"FCHSD1",0.0000636,0.517,0.041,0.033,1,"FCHSD1"
"UBE2V1",0.000064,0.24,0.151,0.139,1,"UBE2V1"
"ZNF555",0.0000643,-0.103,0.129,0.146,1,"ZNF555"
"CASKIN2",0.0000645,0.3,0.091,0.08,1,"CASKIN2"
"STAC3",0.0000646,-0.251,0.054,0.064,1,"STAC3"
"B4GALT5",0.0000646,0.112,0.501,0.491,1,"B4GALT5"
"CYP3A4",0.0000646,-0.656,0.007,0.012,1,"CYP3A4"
"ENSG00000279088",0.0000648,0.257,0.139,0.126,1,"ENSG00000279088"
"ZBTB7A",0.000065,0.186,0.231,0.219,1,"ZBTB7A"
"B9D2",0.0000651,0.294,0.109,0.098,1,"B9D2"
"BOLA1",0.0000654,0.289,0.14,0.128,1,"BOLA1"
"TEX35",0.0000658,-0.577,0.015,0.02,1,"TEX35"
"ENSG00000266086",0.0000658,-0.149,0.134,0.151,1,"ENSG00000266086"
"DNAJC16",0.0000659,0.148,0.343,0.333,1,"DNAJC16"
"ARHGAP19-SLIT1",0.0000664,0.591,0.035,0.028,1,"ARHGAP19-SLIT1"
"PPTC7",0.0000665,-0.12,0.181,0.201,1,"PPTC7"
"ODAD3",0.0000667,0.419,0.045,0.036,1,"ODAD3"
"PFDN2",0.0000671,-0.176,0.91,0.889,1,"PFDN2"
"ZNF410",0.0000676,0.104,0.446,0.44,1,"ZNF410"
"ZNF839",0.0000677,0.186,0.195,0.182,1,"ZNF839"
"MAP2K1",0.0000682,0.105,0.455,0.448,1,"MAP2K1"
"BCL7B",0.0000682,0.152,0.315,0.307,1,"BCL7B"
"RNF111",0.0000683,-0.124,0.67,0.697,1,"RNF111"
"SYDE2",0.0000688,0.245,0.096,0.084,1,"SYDE2"
"H2AC8",0.0000688,-0.356,0.025,0.032,1,"H2AC8"
"ZNF573",0.0000697,-0.144,0.298,0.323,1,"ZNF573"
"PCDHB2",0.0000699,0.132,0.374,0.363,1,"PCDHB2"
"NR2C1",0.0000703,-0.118,0.392,0.422,1,"NR2C1"
"CACNA1H",0.0000704,-0.333,0.028,0.035,1,"CACNA1H"
"CCDC157",0.0000706,-0.132,0.09,0.104,1,"CCDC157"
"RFPL1",0.000071,-0.819,0.007,0.011,1,"RFPL1"
"CFAP46",0.0000716,0.164,0.209,0.195,1,"CFAP46"
"NOXA1",0.0000717,-0.344,0.034,0.043,1,"NOXA1"
"CHRNA7",0.0000718,0.131,0.236,0.22,1,"CHRNA7"
"ORMDL3",0.0000719,0.198,0.214,0.202,1,"ORMDL3"
"DCDC2",0.000072,0.419,0.085,0.074,1,"DCDC2"
"TCAP",0.0000722,-0.461,0.009,0.014,1,"TCAP"
"LEPR",0.0000724,-0.236,0.21,0.227,1,"LEPR"
"SLFNL1",0.0000728,-0.232,0.046,0.056,1,"SLFNL1"
"DCUN1D2",0.0000729,-0.105,0.21,0.232,1,"DCUN1D2"
"RPF2",0.0000732,0.129,0.367,0.359,1,"RPF2"
"BTN2A1",0.0000734,-0.102,0.245,0.269,1,"BTN2A1"
"SZT2",0.0000739,0.134,0.266,0.252,1,"SZT2"
"QRICH1",0.0000754,0.103,0.446,0.44,1,"QRICH1"
"TMEM38A",0.0000763,-0.147,0.185,0.205,1,"TMEM38A"
"TIRAP",0.0000776,-0.16,0.104,0.118,1,"TIRAP"
"MIB2",0.0000781,0.191,0.203,0.191,1,"MIB2"
"MTFR1L",0.0000823,0.146,0.387,0.38,1,"MTFR1L"
"ALAS1",0.0000829,0.13,0.319,0.31,1,"ALAS1"
"SKI",0.0000835,0.148,0.361,0.353,1,"SKI"
"GOT2",0.0000846,-0.109,0.345,0.372,1,"GOT2"
"TCEAL5",0.0000851,-0.39,0.04,0.049,1,"TCEAL5"
"RASD2",0.0000851,-0.784,0.011,0.016,1,"RASD2"
"PCDH1",0.0000853,-0.294,0.039,0.047,1,"PCDH1"
"KATNB1",0.0000857,0.257,0.166,0.154,1,"KATNB1"
"LDHD",0.0000859,0.497,0.03,0.023,1,"LDHD"
"REEP6",0.0000883,0.409,0.043,0.034,1,"REEP6"
"SIX3",0.0000885,-2.208,0.06,0.07,1,"SIX3"
"TTLL3",0.0000894,0.138,0.291,0.28,1,"TTLL3"
"TDRD6",0.0000896,-0.696,0.01,0.014,1,"TDRD6"
"CYTH2",0.0000899,-0.108,0.365,0.397,1,"CYTH2"
"BRPF3",9e-05,-0.147,0.147,0.165,1,"BRPF3"
"INO80B",0.0000907,0.278,0.114,0.102,1,"INO80B"
"RAVER1",0.0000911,0.278,0.163,0.152,1,"RAVER1"
"ZNF20",0.0000918,0.24,0.175,0.162,1,"ZNF20"
"CEP164",0.0000919,-0.135,0.407,0.436,1,"CEP164"
"CRIP3",0.0000922,-0.482,0.01,0.015,1,"CRIP3"
"C2orf66",0.0000923,0.598,0.02,0.014,1,"C2orf66"
"PRPF40B",0.0000924,-0.104,0.451,0.481,1,"PRPF40B"
"DCTPP1",0.0000932,0.161,0.348,0.34,1,"DCTPP1"
"DMKN",0.0000934,-0.321,0.021,0.027,1,"DMKN"
"PIK3R4",0.0000934,0.164,0.256,0.244,1,"PIK3R4"
"EPN1",0.0000937,0.11,0.464,0.461,1,"EPN1"
"GK5",0.0000937,-0.17,0.315,0.34,1,"GK5"
"TNFSF13B",0.0000945,0.384,0.05,0.042,1,"TNFSF13B"
"MTARC1",0.0000954,0.24,0.188,0.175,1,"MTARC1"
"ERO1B",0.0000957,-0.237,0.22,0.238,1,"ERO1B"
"VCPIP1",0.0000957,0.154,0.294,0.284,1,"VCPIP1"
"HMOX2",0.0000965,-0.14,0.299,0.324,1,"HMOX2"
"NPRL3",0.0000965,0.115,0.39,0.382,1,"NPRL3"
"GABARAPL1",0.0000969,0.111,0.466,0.459,1,"GABARAPL1"
"ALAD",0.000097,-0.144,0.154,0.172,1,"ALAD"
"HACD2",0.0000973,-0.128,0.31,0.336,1,"HACD2"
"FBP2",0.0000982,-0.261,0.075,0.087,1,"FBP2"
"CORO7",0.0000985,-0.11,0.09,0.104,1,"CORO7"
"ENSG00000256029",0.0000989,-0.634,0.009,0.014,1,"ENSG00000256029"
"NUDT17",0.0000997,0.47,0.066,0.057,1,"NUDT17"
"GFRA1",0.0000997,-1.072,0.11,0.122,1,"GFRA1"
"KDM5C",0.000101,-0.11,0.534,0.565,1,"KDM5C"
"RAB24",0.000101,0.286,0.091,0.08,1,"RAB24"
"C1QTNF3",0.000101,-0.132,0.111,0.126,1,"C1QTNF3"
"ESYT3",0.000102,-0.615,0.009,0.014,1,"ESYT3"
"MAPK6",0.000102,-0.104,0.634,0.659,1,"MAPK6"
"ISM1",0.000104,-1.247,0.008,0.012,1,"ISM1"
"PRSS36",0.000105,0.589,0.02,0.014,1,"PRSS36"
"PLGLB1",0.000106,-0.279,0.071,0.082,1,"PLGLB1"
"TDRKH",0.000106,-0.131,0.177,0.197,1,"TDRKH"
"P4HTM",0.000106,0.157,0.322,0.312,1,"P4HTM"
"COQ10A",0.000106,0.187,0.221,0.209,1,"COQ10A"
"YTHDC2",0.000106,-0.117,0.553,0.585,1,"YTHDC2"
"WDR48",0.000107,0.112,0.563,0.563,1,"WDR48"
"RNF139",0.000107,0.136,0.388,0.382,1,"RNF139"
"PKD1L3",0.000108,0.401,0.064,0.054,1,"PKD1L3"
"SLC29A3",0.000108,-0.4,0.028,0.035,1,"SLC29A3"
"UTP25",0.000109,-0.134,0.139,0.156,1,"UTP25"
"JMJD4",0.000109,0.261,0.122,0.11,1,"JMJD4"
"PGBD4",0.000109,-0.235,0.048,0.058,1,"PGBD4"
"COG6",0.00011,-0.153,0.486,0.512,1,"COG6"
"RUSC1",0.00011,-0.169,0.197,0.217,1,"RUSC1"
"ALG10",0.00011,-0.134,0.089,0.102,1,"ALG10"
"ZNF142",0.00011,-0.13,0.142,0.16,1,"ZNF142"
"EPOP",0.00011,-0.388,0.008,0.012,1,"EPOP"
"CTNNA3",0.000112,0.177,0.407,0.392,1,"CTNNA3"
"PFKFB1",0.000112,-0.465,0.02,0.026,1,"PFKFB1"
"ZNF525",0.000112,-0.214,0.067,0.078,1,"ZNF525"
"ALDH18A1",0.000114,0.108,0.403,0.397,1,"ALDH18A1"
"IFRD2",0.000114,0.239,0.187,0.175,1,"IFRD2"
"ACAD11",0.000114,0.101,0.419,0.412,1,"ACAD11"
"DDX23",0.000115,0.163,0.323,0.314,1,"DDX23"
"USP15",0.000115,-0.146,0.761,0.78,1,"USP15"
"RNF6",0.000115,0.169,0.296,0.287,1,"RNF6"
"SMARCAL1",0.000116,0.119,0.337,0.327,1,"SMARCAL1"
"PAPSS2",0.000116,0.561,0.031,0.024,1,"PAPSS2"
"ZCCHC3",0.000117,0.117,0.37,0.361,1,"ZCCHC3"
"ZSCAN26",0.000117,-0.101,0.385,0.416,1,"ZSCAN26"
"PPARG",0.000117,-0.76,0.013,0.018,1,"PPARG"
"RASSF3",0.000117,0.412,0.045,0.037,1,"RASSF3"
"XYLB",0.000118,-0.136,0.231,0.252,1,"XYLB"
"PTPRG",0.000118,-0.841,0.792,0.775,1,"PTPRG"
"ENSG00000280088",0.000119,-0.14,0.041,0.05,1,"ENSG00000280088"
"ZNF567",0.000119,-0.108,0.237,0.26,1,"ZNF567"
"CXCL2",0.00012,-0.67,0.017,0.012,1,"CXCL2"
"TMEM11",0.00012,0.122,0.392,0.387,1,"TMEM11"
"PRSS16",0.00012,-0.672,0.007,0.011,1,"PRSS16"
"SETD9",0.00012,0.31,0.123,0.112,1,"SETD9"
"RNF126",0.000121,0.153,0.313,0.303,1,"RNF126"
"KYAT3",0.000121,0.134,0.375,0.368,1,"KYAT3"
"TGFB3",0.000123,0.361,0.063,0.053,1,"TGFB3"
"PGK1",0.000123,-0.322,0.822,0.823,1,"PGK1"
"TRIM23",0.000123,-0.141,0.465,0.494,1,"TRIM23"
"THEMIS2",0.000124,0.801,0.012,0.008,1,"THEMIS2"
"CCNO",0.000125,2.822,0.011,0.007,1,"CCNO"
"ATG4C",0.000125,-0.125,0.333,0.359,1,"ATG4C"
"AGPAT4",0.000125,-0.147,0.622,0.642,1,"AGPAT4"
"C19orf25",0.000127,0.117,0.368,0.359,1,"C19orf25"
"PECR",0.000127,-0.18,0.245,0.267,1,"PECR"
"PRKCD",0.000128,-0.634,0.009,0.013,1,"PRKCD"
"TIMM29",0.000128,0.158,0.296,0.286,1,"TIMM29"
"CTU1",0.000129,-0.1,0.108,0.123,1,"CTU1"
"TSC2",0.00013,0.153,0.279,0.269,1,"TSC2"
"RGR",0.000131,0.415,0.056,0.047,1,"RGR"
"CSRP1",0.000132,0.506,0.027,0.02,1,"CSRP1"
"C17orf58",0.000132,-0.106,0.349,0.376,1,"C17orf58"
"ENSG00000289690",0.000133,-0.587,0.017,0.023,1,"ENSG00000289690"
"SCLT1",0.000135,-0.11,0.66,0.681,1,"SCLT1"
"FGF18",0.000136,-0.793,0.01,0.014,1,"FGF18"
"TBXAS1",0.000136,-0.363,0.048,0.057,1,"TBXAS1"
"RANBP3",0.000136,0.164,0.308,0.299,1,"RANBP3"
"METTL18",0.000136,0.287,0.132,0.121,1,"METTL18"
"ENSG00000279398",0.000136,0.813,0.013,0.009,1,"ENSG00000279398"
"CPED1",0.000138,0.455,0.025,0.019,1,"CPED1"
"TDG",0.000138,-0.112,0.455,0.483,1,"TDG"
"CNN1",0.000138,0.961,0.011,0.007,1,"CNN1"
"MYO5C",0.000139,0.287,0.099,0.088,1,"MYO5C"
"FOXRED2",0.000139,0.194,0.214,0.203,1,"FOXRED2"
"MLXIP",0.00014,0.142,0.322,0.312,1,"MLXIP"
"DTX2",0.000141,0.406,0.055,0.046,1,"DTX2"
"CRABP1",0.000141,0.299,0.039,0.048,1,"CRABP1"
"CNOT3",0.000141,0.206,0.195,0.184,1,"CNOT3"
"IPO13",0.000141,0.285,0.111,0.1,1,"IPO13"
"PLXNB1",0.000142,0.247,0.148,0.137,1,"PLXNB1"
"ADAMTS7",0.000143,0.211,0.089,0.078,1,"ADAMTS7"
"TNFSF9",0.000143,-0.349,0.024,0.03,1,"TNFSF9"
"GXYLT2",0.000144,0.442,0.06,0.051,1,"GXYLT2"
"PPP1R3D",0.000144,0.302,0.095,0.085,1,"PPP1R3D"
"ATXN7L2",0.000144,-0.255,0.034,0.042,1,"ATXN7L2"
"RIOX1",0.000144,-0.225,0.083,0.095,1,"RIOX1"
"UCHL3",0.000144,-0.129,0.409,0.435,1,"UCHL3"
"PROM2",0.000145,-0.585,0.008,0.013,1,"PROM2"
"ENSG00000280367",0.000146,-0.68,0.007,0.011,1,"ENSG00000280367"
"ATP10A",0.000147,0.524,0.016,0.011,1,"ATP10A"
"ZNF574",0.000147,-0.135,0.078,0.09,1,"ZNF574"
"MTHFS",0.000149,-0.198,0.183,0.201,1,"MTHFS"
"MKX",0.000149,-0.421,0.027,0.035,1,"MKX"
"SYPL2",0.000151,0.489,0.026,0.02,1,"SYPL2"
"KANSL2",0.000152,-0.114,0.277,0.301,1,"KANSL2"
"TIGD2",0.000153,-0.265,0.051,0.061,1,"TIGD2"
"MSL3",0.000157,0.196,0.262,0.252,1,"MSL3"
"ATPSCKMT",0.000157,-0.11,0.27,0.295,1,"ATPSCKMT"
"MGAT1",0.000157,0.242,0.183,0.172,1,"MGAT1"
"MAL",0.000158,0.585,0.023,0.017,1,"MAL"
"LPL",0.000159,0.591,0.045,0.037,1,"LPL"
"AIFM2",0.000159,0.331,0.06,0.05,1,"AIFM2"
"C6orf118",0.00016,0.228,0.196,0.185,1,"C6orf118"
"IL27RA",0.000161,-0.268,0.034,0.042,1,"IL27RA"
"UCKL1",0.000163,-0.104,0.122,0.138,1,"UCKL1"
"TBC1D2",0.000165,-0.24,0.061,0.072,1,"TBC1D2"
"ETV4",0.000167,0.227,0.094,0.083,1,"ETV4"
"TBL3",0.000168,0.272,0.106,0.095,1,"TBL3"
"MAP3K12",0.000169,0.202,0.202,0.19,1,"MAP3K12"
"SEMA4G",0.000169,-0.123,0.083,0.096,1,"SEMA4G"
"C4orf45",0.000171,-0.217,0.068,0.079,1,"C4orf45"
"LYG1",0.000171,-0.28,0.073,0.084,1,"LYG1"
"TRMT61A",0.000171,0.317,0.088,0.077,1,"TRMT61A"
"KIAA2026",0.000172,-0.103,0.638,0.665,1,"KIAA2026"
"TACO1",0.000173,0.476,0.039,0.031,1,"TACO1"
"PPRC1",0.000173,-0.111,0.123,0.139,1,"PPRC1"
"LCMT2",0.000176,-0.146,0.061,0.072,1,"LCMT2"
"TOM1L1",0.000178,0.11,0.335,0.324,1,"TOM1L1"
"ATP7B",0.000178,-0.212,0.141,0.156,1,"ATP7B"
"RGS11",0.000179,0.349,0.055,0.046,1,"RGS11"
"CHPF2",0.000179,0.22,0.125,0.114,1,"CHPF2"
"QRSL1",0.00018,0.106,0.379,0.371,1,"QRSL1"
"ZNF543",0.000181,-0.154,0.066,0.077,1,"ZNF543"
"CGN",0.000181,-0.587,0.013,0.018,1,"CGN"
"MPIG6B",0.000183,0.636,0.027,0.021,1,"MPIG6B"
"PLEKHF1",0.000183,0.668,0.017,0.012,1,"PLEKHF1"
"HAPLN3",0.000187,0.607,0.038,0.031,1,"HAPLN3"
"LIPH",0.000187,-0.769,0.01,0.015,1,"LIPH"
"ANKRD52",0.000189,-0.115,0.234,0.257,1,"ANKRD52"
"MOXD1",0.00019,0.351,0.101,0.09,1,"MOXD1"
"DCAF4",0.000191,-0.158,0.096,0.109,1,"DCAF4"
"LOXL3",0.000191,0.181,0.199,0.188,1,"LOXL3"
"TCTN2",0.000191,0.206,0.184,0.173,1,"TCTN2"
"KHDC1",0.000192,-0.137,0.304,0.328,1,"KHDC1"
"NMRK1",0.000194,-0.245,0.055,0.065,1,"NMRK1"
"DCP2",0.000194,0.106,0.502,0.498,1,"DCP2"
"VASN",0.000198,0.359,0.041,0.033,1,"VASN"
"TLCD2",0.000198,0.451,0.035,0.028,1,"TLCD2"
"TRNAU1AP",0.000198,-0.119,0.408,0.437,1,"TRNAU1AP"
"GPR82",0.000198,-0.194,0.18,0.197,1,"GPR82"
"CEMIP2",0.000202,-0.186,0.158,0.174,1,"CEMIP2"
"ACTR3B",0.000202,0.427,0.444,0.442,1,"ACTR3B"
"NCF2",0.000202,0.485,0.039,0.031,1,"NCF2"
"ZBTB22",0.000205,-0.125,0.2,0.219,1,"ZBTB22"
"ANGPTL1",0.000206,0.129,0.253,0.242,1,"ANGPTL1"
"PLEKHG3",0.000207,0.348,0.076,0.067,1,"PLEKHG3"
"RECQL4",0.000208,-0.203,0.018,0.023,1,"RECQL4"
"GPR68",0.000211,-0.595,0.015,0.02,1,"GPR68"
"MPI",0.000212,0.219,0.161,0.15,1,"MPI"
"ABHD17C",0.000212,0.113,0.459,0.456,1,"ABHD17C"
"ZNF239",0.000216,-0.106,0.109,0.124,1,"ZNF239"
"HAUS5",0.000216,-0.112,0.112,0.127,1,"HAUS5"
"MFSD3",0.000216,0.247,0.123,0.112,1,"MFSD3"
"OXNAD1",0.00022,0.125,0.338,0.328,1,"OXNAD1"
"DEGS2",0.000221,-0.627,0.012,0.017,1,"DEGS2"
"NHEJ1",0.000221,0.281,0.138,0.127,1,"NHEJ1"
"GLIS2",0.000221,0.284,0.15,0.139,1,"GLIS2"
"TRAF6",0.000224,0.126,0.292,0.281,1,"TRAF6"
"CD96",0.000224,0.698,0.014,0.01,1,"CD96"
"SLC17A8",0.000226,-0.369,0.031,0.039,1,"SLC17A8"
"FBXL12",0.000226,0.156,0.258,0.249,1,"FBXL12"
"SHARPIN",0.000226,0.138,0.336,0.329,1,"SHARPIN"
"DDA1",0.000227,0.115,0.416,0.412,1,"DDA1"
"REL",0.000229,-0.142,0.268,0.289,1,"REL"
"PGBD2",0.000231,-0.14,0.107,0.121,1,"PGBD2"
"LPAR2",0.000231,0.22,0.176,0.164,1,"LPAR2"
"ENSG00000291239",0.000231,-0.387,0.026,0.033,1,"ENSG00000291239"
"PSMD5",0.000231,-0.105,0.145,0.162,1,"PSMD5"
"SNAPC1",0.000232,0.158,0.377,0.369,1,"SNAPC1"
"ITIH5",0.000233,-0.207,0.03,0.024,1,"ITIH5"
"ADGRG3",0.000234,0.404,0.036,0.029,1,"ADGRG3"
"PDPR",0.000234,0.108,0.261,0.249,1,"PDPR"
"NKAPD1",0.000234,0.117,0.394,0.388,1,"NKAPD1"
"RNASEH2B",0.000235,0.166,0.352,0.341,1,"RNASEH2B"
"POC1B",0.000236,0.123,0.304,0.292,1,"POC1B"
"PLBD1",0.000242,0.433,0.045,0.037,1,"PLBD1"
"PURB",0.000244,0.104,0.325,0.314,1,"PURB"
"ZNF575",0.000244,-0.26,0.028,0.035,1,"ZNF575"
"A2ML1",0.000245,-0.218,0.043,0.051,1,"A2ML1"
"RBM41",0.000245,-0.102,0.71,0.731,1,"RBM41"
"C12orf43",0.000246,0.17,0.27,0.261,1,"C12orf43"
"SNX31",0.000246,-0.201,0.059,0.069,1,"SNX31"
"RYR1",0.000249,-0.328,0.018,0.023,1,"RYR1"
"SLC22A18",0.00025,0.739,0.016,0.011,1,"SLC22A18"
"ZNF587",0.000252,-0.114,0.145,0.162,1,"ZNF587"
"TRIM27",0.000252,-0.116,0.341,0.367,1,"TRIM27"
"ZNF672",0.000253,0.23,0.176,0.165,1,"ZNF672"
"WRAP73",0.000254,0.204,0.206,0.195,1,"WRAP73"
"AQP7B",0.000254,-0.548,0.017,0.022,1,"AQP7B"
"FAM167A",0.000256,0.326,0.075,0.066,1,"FAM167A"
"MORN1",0.000256,-0.104,0.159,0.176,1,"MORN1"
"RNF19B",0.000257,-0.137,0.205,0.225,1,"RNF19B"
"SPINK9",0.000259,-0.418,0.014,0.019,1,"SPINK9"
"TMEM52",0.000261,-0.619,0.006,0.01,1,"TMEM52"
"CEP43",0.000263,-0.111,0.391,0.415,1,"CEP43"
"IGFBP4",0.000263,0.354,0.065,0.056,1,"IGFBP4"
"SERINC3",0.000264,-0.13,0.508,0.537,1,"SERINC3"
"COX10",0.000264,0.103,0.334,0.323,1,"COX10"
"DUSP7",0.000266,-0.253,0.046,0.054,1,"DUSP7"
"SLC2A6",0.00027,-0.22,0.089,0.102,1,"SLC2A6"
"LETM2",0.000271,-0.185,0.109,0.122,1,"LETM2"
"GPR89B",0.000273,-0.159,0.196,0.214,1,"GPR89B"
"ECE1",0.000275,0.231,0.179,0.168,1,"ECE1"
"INTS1",0.000276,0.208,0.177,0.166,1,"INTS1"
"OSGEPL1",0.000278,0.152,0.321,0.312,1,"OSGEPL1"
"ARRDC4",0.000279,0.151,0.405,0.4,1,"ARRDC4"
"CCDC32",0.000279,0.116,0.379,0.37,1,"CCDC32"
"UIMC1",0.000279,-0.114,0.532,0.561,1,"UIMC1"
"TSHZ2",0.000281,-0.343,0.476,0.458,1,"TSHZ2"
"ZNF484",0.000282,-0.119,0.219,0.239,1,"ZNF484"
"RSKR",0.000282,-0.101,0.151,0.168,1,"RSKR"
"RNF149",0.000283,-0.112,0.458,0.485,1,"RNF149"
"TMEM209",0.000285,-0.114,0.248,0.27,1,"TMEM209"
"TOR2A",0.000286,0.188,0.205,0.193,1,"TOR2A"
"KIRREL2",0.000287,0.595,0.029,0.023,1,"KIRREL2"
"KAT5",0.000288,0.15,0.318,0.31,1,"KAT5"
"PPP1R3G",0.000289,0.627,0.018,0.013,1,"PPP1R3G"
"ZNF202",0.000289,-0.188,0.086,0.098,1,"ZNF202"
"URB1",0.00029,0.19,0.229,0.219,1,"URB1"
"SMCO2",0.000291,-0.542,0.007,0.011,1,"SMCO2"
"ENSG00000279108",0.000292,-0.528,0.007,0.01,1,"ENSG00000279108"
"IGSF8",0.000292,0.172,0.34,0.335,1,"IGSF8"
"NPNT",0.000293,0.285,0.08,0.07,1,"NPNT"
"OR51I2",0.000294,0.746,0.019,0.014,1,"OR51I2"
"TWIST1",0.000296,-0.665,0.015,0.02,1,"TWIST1"
"SPSB2",0.000297,0.31,0.092,0.082,1,"SPSB2"
"DYRK1B",0.000297,0.204,0.204,0.193,1,"DYRK1B"
"NDNF",0.000298,0.257,0.107,0.096,1,"NDNF"
"ZC3HAV1L",0.0003,0.336,0.047,0.039,1,"ZC3HAV1L"
"TMPRSS11A",0.0003,-0.256,0.029,0.036,1,"TMPRSS11A"
"H2BC18",0.0003,-0.56,0.012,0.016,1,"H2BC18"
"MRPL48",0.0003,-0.114,0.306,0.33,1,"MRPL48"
"SIRT3",0.0003,0.149,0.31,0.302,1,"SIRT3"
"MMP23B",0.000301,0.752,0.01,0.007,1,"MMP23B"
"MATN2",0.000303,0.425,0.073,0.064,1,"MATN2"
"CCDC34",0.000303,0.163,0.376,0.366,1,"CCDC34"
"CLTRN",0.000304,0.324,0.066,0.057,1,"CLTRN"
"INAFM1",0.000306,-0.146,0.161,0.177,1,"INAFM1"
"ERN1",0.000307,0.203,0.158,0.147,1,"ERN1"
"ENSG00000279700",0.000308,-0.447,0.027,0.033,1,"ENSG00000279700"
"ADPGK",0.00031,0.117,0.279,0.269,1,"ADPGK"
"MTCP1",0.000311,-0.266,0.106,0.119,1,"MTCP1"
"COL22A1",0.000311,0.371,0.055,0.047,1,"COL22A1"
"OLFML2B",0.000311,0.575,0.014,0.01,1,"OLFML2B"
"CKMT2",0.000315,-0.141,0.146,0.162,1,"CKMT2"
"RINT1",0.00032,-0.113,0.304,0.329,1,"RINT1"
"ZNF546",0.000322,-0.118,0.217,0.238,1,"ZNF546"
"MYCBP",0.000323,0.187,0.216,0.206,1,"MYCBP"
"C8orf76",0.000325,0.209,0.237,0.228,1,"C8orf76"
"PCDHGC3",0.000325,0.532,0.042,0.035,1,"PCDHGC3"
"TYSND1",0.000327,0.298,0.112,0.102,1,"TYSND1"
"SEC31B",0.000327,-0.197,0.079,0.09,1,"SEC31B"
"SGMS2",0.000335,0.368,0.066,0.057,1,"SGMS2"
"TRIM45",0.000337,0.325,0.064,0.055,1,"TRIM45"
"TRIM67",0.000338,1.441,0.114,0.128,1,"TRIM67"
"ZNF841",0.000338,-0.218,0.061,0.072,1,"ZNF841"
"NRIP2",0.000339,-0.435,0.019,0.024,1,"NRIP2"
"TBC1D19",0.000339,-0.126,0.613,0.635,1,"TBC1D19"
"BAMBI",0.000341,0.294,0.137,0.127,1,"BAMBI"
"SRRD",0.000341,0.178,0.215,0.205,1,"SRRD"
"PIAS3",0.000342,0.215,0.143,0.131,1,"PIAS3"
"ZNF439",0.000342,-0.617,0.008,0.012,1,"ZNF439"
"NEURL4",0.000343,-0.184,0.083,0.094,1,"NEURL4"
"FAM8A1",0.000347,-0.136,0.295,0.317,1,"FAM8A1"
"CYB561A3",0.000348,-0.176,0.097,0.109,1,"CYB561A3"
"ANKRD35",0.000349,0.532,0.026,0.02,1,"ANKRD35"
"EVI2A",0.000349,-0.248,0.032,0.039,1,"EVI2A"
"ITGA2B",0.000351,-0.211,0.087,0.099,1,"ITGA2B"
"RFNG",0.000352,0.122,0.298,0.289,1,"RFNG"
"TKTL1",0.000352,0.627,0.014,0.01,1,"TKTL1"
"TMEM107",0.000353,0.103,0.443,0.435,1,"TMEM107"
"TRIM8",0.000354,0.156,0.291,0.283,1,"TRIM8"
"PTPN1",0.000356,-0.14,0.458,0.482,1,"PTPN1"
"RRP12",0.000357,-0.198,0.141,0.157,1,"RRP12"
"THEM6",0.000358,-0.141,0.13,0.145,1,"THEM6"
"SLC35C2",0.000359,0.106,0.365,0.357,1,"SLC35C2"
"MYC",0.000359,-0.179,0.064,0.074,1,"MYC"
"TMEM104",0.00036,0.289,0.106,0.096,1,"TMEM104"
"ECHDC3",0.000363,0.775,0.012,0.008,1,"ECHDC3"
"TRAPPC11",0.000364,-0.107,0.52,0.549,1,"TRAPPC11"
"MMAA",0.000367,-0.173,0.101,0.114,1,"MMAA"
"MSANTD2",0.00037,0.101,0.474,0.469,1,"MSANTD2"
"ZNF391",0.000373,-0.164,0.082,0.094,1,"ZNF391"
"ARHGAP29",0.000375,0.309,0.045,0.037,1,"ARHGAP29"
"COQ4",0.000376,0.102,0.397,0.393,1,"COQ4"
"STAT2",0.000376,0.126,0.215,0.203,1,"STAT2"
"ZNF354B",0.000377,-0.135,0.165,0.182,1,"ZNF354B"
"TMC1",0.00038,0.35,0.039,0.032,1,"TMC1"
"SLC25A36",0.00038,-0.108,0.719,0.736,1,"SLC25A36"
"TMEM177",0.000381,0.235,0.193,0.182,1,"TMEM177"
"C1orf109",0.000382,0.182,0.24,0.229,1,"C1orf109"
"CYB561D2",0.000383,0.181,0.215,0.205,1,"CYB561D2"
"TMEM41A",0.000383,0.197,0.194,0.183,1,"TMEM41A"
"CENPE",0.000384,0.245,0.068,0.079,1,"CENPE"
"ZNF324B",0.000386,-0.202,0.043,0.052,1,"ZNF324B"
"KCNAB2",0.000386,-0.24,0.08,0.091,1,"KCNAB2"
"CDCA7",0.000392,0.272,0.131,0.12,1,"CDCA7"
"PRPH2",0.000402,0.854,0.011,0.007,1,"PRPH2"
"SGSM2",0.000402,0.198,0.273,0.266,1,"SGSM2"
"TAFA5",0.000403,-0.114,0.561,0.586,1,"TAFA5"
"ANGEL1",0.000405,-0.155,0.153,0.17,1,"ANGEL1"
"ZDHHC24",0.000407,0.172,0.188,0.176,1,"ZDHHC24"
"METTL24",0.000407,0.489,0.018,0.013,1,"METTL24"
"NPIPB11",0.000407,-0.408,0.014,0.019,1,"NPIPB11"
"CAB39L",0.000409,-0.153,0.333,0.356,1,"CAB39L"
"DNAJC15",0.000411,0.221,0.141,0.13,1,"DNAJC15"
"STEAP1",0.000412,0.462,0.038,0.031,1,"STEAP1"
"SLC9C2",0.000418,0.277,0.099,0.089,1,"SLC9C2"
"ARHGAP1",0.000421,0.147,0.235,0.224,1,"ARHGAP1"
"CEP44",0.000426,-0.109,0.301,0.324,1,"CEP44"
"TMEM253",0.000426,0.755,0.012,0.008,1,"TMEM253"
"WDR3",0.000431,0.103,0.374,0.367,1,"WDR3"
"RPS6KA4",0.000433,0.327,0.076,0.067,1,"RPS6KA4"
"TBC1D17",0.000435,0.196,0.15,0.138,1,"TBC1D17"
"SCIMP",0.000437,-0.228,0.065,0.076,1,"SCIMP"
"ARMCX2",0.000443,-0.104,0.234,0.254,1,"ARMCX2"
"WIZ",0.000443,0.124,0.31,0.302,1,"WIZ"
"COX18",0.000445,-0.111,0.222,0.242,1,"COX18"
"SLC10A3",0.000445,0.361,0.043,0.036,1,"SLC10A3"
"METTL27",0.000446,0.418,0.029,0.023,1,"METTL27"
"TSEN2",0.000447,-0.11,0.397,0.425,1,"TSEN2"
"ANKS3",0.000451,-0.139,0.327,0.352,1,"ANKS3"
"TIGD3",0.000451,-0.186,0.035,0.043,1,"TIGD3"
"CELA2B",0.000454,-0.357,0.015,0.02,1,"CELA2B"
"CEACAM1",0.000458,-0.358,0.037,0.045,1,"CEACAM1"
"GCNT1",0.000463,1.102,0.144,0.161,1,"GCNT1"
"BRAT1",0.000464,0.16,0.227,0.216,1,"BRAT1"
"CILP2",0.00047,0.431,0.02,0.015,1,"CILP2"
"ZCWPW1",0.000471,-0.205,0.105,0.118,1,"ZCWPW1"
"LYG2",0.000474,-0.273,0.047,0.055,1,"LYG2"
"RNF212B",0.000477,0.361,0.051,0.043,1,"RNF212B"
"ZNF548",0.000477,-0.132,0.162,0.179,1,"ZNF548"
"OCLN",0.000478,0.272,0.081,0.072,1,"OCLN"
"BTBD19",0.000481,0.438,0.047,0.039,1,"BTBD19"
"TMEM53",0.000482,0.138,0.2,0.189,1,"TMEM53"
"UNG",0.000483,0.151,0.34,0.335,1,"UNG"
"APCDD1L",0.000484,-0.363,0.014,0.019,1,"APCDD1L"
"ZNF717",0.000484,-0.102,0.185,0.202,1,"ZNF717"
"LOX",0.000488,-0.308,0.081,0.092,1,"LOX"
"DPYSL4",0.000491,0.152,0.274,0.264,1,"DPYSL4"
"CFAP410",0.000495,0.208,0.191,0.181,1,"CFAP410"
"ENSG00000279250",0.000496,-0.467,0.009,0.013,1,"ENSG00000279250"
"PCDHGA8",0.000497,0.304,0.065,0.056,1,"PCDHGA8"
"LRRC34",0.0005,0.144,0.15,0.139,1,"LRRC34"
"NSMF",0.0005,0.163,0.246,0.237,1,"NSMF"
"REC114",0.000502,0.466,0.024,0.019,1,"REC114"
"PYROXD1",0.000505,-0.141,0.193,0.211,1,"PYROXD1"
"OSBPL6",0.000507,0.125,0.69,0.7,1,"OSBPL6"
"BTBD10",0.000509,-0.128,0.626,0.652,1,"BTBD10"
"ZRSR2",0.000512,-0.137,0.37,0.395,1,"ZRSR2"
"ENSG00000279917",0.000519,0.486,0.038,0.032,1,"ENSG00000279917"
"UBXN10",0.00052,0.499,0.029,0.023,1,"UBXN10"
"RAD9A",0.00052,-0.109,0.381,0.407,1,"RAD9A"
"PLD6",0.000521,-0.348,0.015,0.02,1,"PLD6"
"PARP12",0.000525,0.507,0.018,0.013,1,"PARP12"
"POFUT1",0.000526,0.159,0.188,0.177,1,"POFUT1"
"ADORA1",0.000528,-0.126,0.139,0.155,1,"ADORA1"
"DHDDS",0.000529,0.103,0.339,0.331,1,"DHDDS"
"MMP11",0.00053,0.653,0.024,0.019,1,"MMP11"
"GPR180",0.000531,-0.109,0.255,0.276,1,"GPR180"
"ALKBH8",0.000537,-0.136,0.148,0.164,1,"ALKBH8"
"AMDHD1",0.000537,0.571,0.021,0.016,1,"AMDHD1"
"NIPAL2",0.000543,-0.423,0.012,0.017,1,"NIPAL2"
"SH2D4B",0.000544,-0.123,0.033,0.04,1,"SH2D4B"
"ADPRS",0.000551,0.118,0.393,0.392,1,"ADPRS"
"RNF2",0.000556,-0.121,0.445,0.472,1,"RNF2"
"HELT",0.000556,-0.596,0.007,0.011,1,"HELT"
"KLHL34",0.000557,-0.25,0.02,0.026,1,"KLHL34"
"PTPRQ",0.000559,0.766,0.013,0.009,1,"PTPRQ"
"LRATD1",0.000559,-0.228,0.163,0.178,1,"LRATD1"
"ADH6",0.000568,0.454,0.034,0.028,1,"ADH6"
"MGAT2",0.00057,0.132,0.299,0.291,1,"MGAT2"
"TIGD6",0.000571,0.289,0.096,0.086,1,"TIGD6"
"CSTF1",0.000576,0.184,0.249,0.241,1,"CSTF1"
"CNPY1",0.000577,-0.316,0.045,0.054,1,"CNPY1"
"CHRNB2",0.000578,-0.279,0.034,0.041,1,"CHRNB2"
"USHBP1",0.000581,-0.218,0.067,0.077,1,"USHBP1"
"SNRPN",0.000582,-0.209,0.94,0.932,1,"SNRPN"
"C8orf58",0.000582,0.316,0.069,0.06,1,"C8orf58"
"PRMT6",0.000583,0.205,0.19,0.179,1,"PRMT6"
"FCF1",0.000587,0.119,0.309,0.302,1,"FCF1"
"TEKT3",0.000588,-0.69,0.008,0.012,1,"TEKT3"
"TRPM8",0.000588,-0.641,0.006,0.01,1,"TRPM8"
"ST8SIA5",0.000595,-0.324,0.046,0.054,1,"ST8SIA5"
"FBXO15",0.0006,-0.187,0.064,0.074,1,"FBXO15"
"GUSB",0.000602,0.113,0.272,0.263,1,"GUSB"
"NELFB",0.000603,0.116,0.318,0.31,1,"NELFB"
"HGF",0.000605,0.462,0.016,0.012,1,"HGF"
"CPEB1",0.000607,0.142,0.205,0.193,1,"CPEB1"
"PISD",0.000614,-0.134,0.263,0.284,1,"PISD"
"POLM",0.000618,0.321,0.087,0.078,1,"POLM"
"TXLNB",0.000623,0.278,0.1,0.09,1,"TXLNB"
"FCRLB",0.000624,-0.514,0.009,0.013,1,"FCRLB"
"NBPF1",0.000628,-0.114,0.389,0.414,1,"NBPF1"
"MTRF1",0.000631,0.158,0.238,0.228,1,"MTRF1"
"MEIS2",0.000636,-0.189,0.696,0.665,1,"MEIS2"
"ZBED1",0.000636,0.148,0.325,0.318,1,"ZBED1"
"ARRDC1",0.000637,0.274,0.102,0.092,1,"ARRDC1"
"ARHGEF33",0.000642,-0.264,0.041,0.049,1,"ARHGEF33"
"ANXA3",0.000643,0.771,0.013,0.009,1,"ANXA3"
"TMEM87B",0.000643,0.133,0.239,0.228,1,"TMEM87B"
"CHML",0.000647,-0.105,0.34,0.365,1,"CHML"
"S1PR2",0.00065,-0.153,0.021,0.027,1,"S1PR2"
"EXOG",0.000653,-0.133,0.405,0.429,1,"EXOG"
"TYR",0.000654,0.473,0.021,0.016,1,"TYR"
"FHL3",0.000657,0.254,0.044,0.037,1,"FHL3"
"OR52H1",0.000658,0.741,0.018,0.013,1,"OR52H1"
"UNC5B",0.00066,-0.577,0.049,0.057,1,"UNC5B"
"CEP120",0.000667,-0.121,0.261,0.282,1,"CEP120"
"CATSPERB",0.000674,0.295,0.048,0.041,1,"CATSPERB"
"ZNF749",0.000677,-0.183,0.067,0.077,1,"ZNF749"
"SGF29",0.000677,-0.114,0.139,0.154,1,"SGF29"
"SCARF2",0.000679,0.218,0.09,0.081,1,"SCARF2"
"DRC7",0.000683,0.549,0.028,0.022,1,"DRC7"
"ATP6V0C",0.000687,-0.394,0.015,0.02,1,"ATP6V0C"
"TRIM41",0.000689,0.206,0.143,0.133,1,"TRIM41"
"ABT1",0.00069,0.146,0.288,0.28,1,"ABT1"
"AMT",0.000691,-0.427,0.013,0.017,1,"AMT"
"ATAD2",0.000692,0.141,0.225,0.211,1,"ATAD2"
"MINDY1",0.000694,0.257,0.124,0.114,1,"MINDY1"
"RAB36",0.000702,0.322,0.101,0.092,1,"RAB36"
"ARMCX5-GPRASP2",0.000703,-0.202,0.016,0.021,1,"ARMCX5-GPRASP2"
"ECRG4",0.000707,0.493,0.037,0.03,1,"ECRG4"
"PNMA6A",0.000711,-0.125,0.114,0.127,1,"PNMA6A"
"POLA1",0.000723,0.153,0.398,0.387,1,"POLA1"
"ABHD14B",0.000723,0.245,0.043,0.036,1,"ABHD14B"
"TRH",0.000729,-0.66,0.008,0.011,1,"TRH"
"AMY2B",0.000736,-0.172,0.1,0.112,1,"AMY2B"
"MAFF",0.000737,0.289,0.091,0.081,1,"MAFF"
"TMEM199",0.000742,0.131,0.298,0.29,1,"TMEM199"
"ENSG00000278983",0.000742,-0.658,0.008,0.011,1,"ENSG00000278983"
"SULT1A1",0.000743,0.55,0.019,0.014,1,"SULT1A1"
"DDX10",0.00075,-0.102,0.437,0.462,1,"DDX10"
"UBE3D",0.000752,-0.131,0.486,0.508,1,"UBE3D"
"RRP7A",0.000754,0.124,0.346,0.341,1,"RRP7A"
"FGFR4",0.000757,-0.851,0.006,0.01,1,"FGFR4"
"CIPC",0.000757,0.155,0.236,0.228,1,"CIPC"
"ENSG00000279019",0.000759,0.306,0.069,0.061,1,"ENSG00000279019"
"GGCX",0.000775,0.142,0.273,0.265,1,"GGCX"
"TCP11L2",0.000776,0.19,0.091,0.082,1,"TCP11L2"
"POLR2D",0.000786,0.126,0.331,0.325,1,"POLR2D"
"USP31",0.000794,-0.124,0.32,0.343,1,"USP31"
"PRRT3",0.000806,-0.183,0.068,0.078,1,"PRRT3"
"MYH7B",0.000809,-0.174,0.023,0.029,1,"MYH7B"
"SLC45A2",0.000814,-0.241,0.025,0.031,1,"SLC45A2"
"DAB2",0.000815,-0.377,0.02,0.025,1,"DAB2"
"GRPR",0.000816,0.637,0.012,0.009,1,"GRPR"
"SLC28A2",0.000824,-0.409,0.025,0.032,1,"SLC28A2"
"AARD",0.000827,-0.552,0.007,0.01,1,"AARD"
"TRPV1",0.000833,-0.345,0.035,0.042,1,"TRPV1"
"TESK2",0.000835,0.346,0.073,0.064,1,"TESK2"
"PLBD2",0.000837,-0.101,0.162,0.178,1,"PLBD2"
"TXNDC5",0.000838,0.274,0.165,0.156,1,"TXNDC5"
"AP5S1",0.000838,0.257,0.076,0.067,1,"AP5S1"
"ANKRD49",0.00084,0.178,0.2,0.19,1,"ANKRD49"
"ENSG00000279266",0.000841,0.637,0.01,0.006,1,"ENSG00000279266"
"COL9A2",0.000845,0.322,0.049,0.042,1,"COL9A2"
"ATP7A",0.000845,-0.108,0.144,0.159,1,"ATP7A"
"TNK2",0.000848,-0.169,0.187,0.204,1,"TNK2"
"TBC1D10A",0.000849,0.243,0.108,0.098,1,"TBC1D10A"
"HCRTR1",0.000854,-0.442,0.007,0.011,1,"HCRTR1"
"FBXO4",0.000858,0.341,0.076,0.068,1,"FBXO4"
"HELZ2",0.000859,0.51,0.033,0.027,1,"HELZ2"
"EOLA1",0.000859,-0.146,0.054,0.062,1,"EOLA1"
"CASS4",0.000859,-0.373,0.015,0.02,1,"CASS4"
"PDE6B",0.00086,0.22,0.1,0.09,1,"PDE6B"
"C5",0.000863,0.228,0.149,0.139,1,"C5"
"DUSP19",0.000866,-0.16,0.086,0.098,1,"DUSP19"
"GLDN",0.00088,-0.627,0.008,0.011,1,"GLDN"
"SMPD4",0.000887,-0.131,0.24,0.26,1,"SMPD4"
"EFCAB11",0.000892,-0.147,0.306,0.326,1,"EFCAB11"
"MX1",0.000896,0.557,0.02,0.015,1,"MX1"
"CLEC2B",0.000896,0.721,0.01,0.007,1,"CLEC2B"
"KRI1",0.000908,0.28,0.132,0.123,1,"KRI1"
"NPSR1",0.000911,-0.531,0.023,0.029,1,"NPSR1"
"PMM2",0.000912,0.105,0.34,0.332,1,"PMM2"
"POPDC2",0.000912,-0.391,0.02,0.025,1,"POPDC2"
"ATP2B2",0.000912,0.11,0.477,0.471,1,"ATP2B2"
"CTSK",0.000917,0.322,0.061,0.053,1,"CTSK"
"SLC41A3",0.000917,0.132,0.355,0.35,1,"SLC41A3"
"NKIRAS2",0.000919,0.128,0.34,0.334,1,"NKIRAS2"
"MOV10L1",0.000922,-0.339,0.017,0.022,1,"MOV10L1"
"DUSP5",0.000927,-0.229,0.024,0.03,1,"DUSP5"
"EFS",0.000929,0.25,0.118,0.108,1,"EFS"
"LNX2",0.000932,-0.108,0.118,0.131,1,"LNX2"
"FKBP5",0.000932,-0.175,0.034,0.04,1,"FKBP5"
"GFPT2",0.000937,-0.192,0.098,0.11,1,"GFPT2"
"RBM19",0.000942,0.127,0.22,0.21,1,"RBM19"
"TBC1D8B",0.000944,0.471,0.013,0.009,1,"TBC1D8B"
"PALM3",0.000945,-0.234,0.018,0.023,1,"PALM3"
"ZNF557",0.000946,-0.118,0.191,0.208,1,"ZNF557"
"ZFYVE16",0.000947,0.236,0.71,0.709,1,"ZFYVE16"
"PDE11A",0.00095,-0.153,0.017,0.022,1,"PDE11A"
"EHD1",0.000961,0.182,0.166,0.156,1,"EHD1"
"NFS1",0.000966,0.172,0.182,0.172,1,"NFS1"
"LRRC37A3",0.00097,-0.12,0.476,0.503,1,"LRRC37A3"
"PPP2R3A",0.000979,-0.111,0.699,0.715,1,"PPP2R3A"
"ENSG00000279369",0.000982,-0.149,0.054,0.063,1,"ENSG00000279369"
"LRRC18",0.000982,0.695,0.013,0.009,1,"LRRC18"
"ARMCX4",0.000984,0.101,0.477,0.472,1,"ARMCX4"
"GDA",0.000986,0.521,0.017,0.012,1,"GDA"
"MAMDC4",0.000986,0.376,0.024,0.019,1,"MAMDC4"
"ANKLE1",0.000994,-0.638,0.011,0.015,1,"ANKLE1"
"NEU3",0.000996,-0.127,0.14,0.155,1,"NEU3"
"KCTD21",0.000998,0.39,0.061,0.053,1,"KCTD21"
"CHRFAM7A",0.000998,0.643,0.015,0.011,1,"CHRFAM7A"
"HSD3B7",0.00101,0.881,0.01,0.007,1,"HSD3B7"
"RXRG",0.00101,0.528,0.015,0.011,1,"RXRG"
"PRAF2",0.00101,0.142,0.328,0.324,1,"PRAF2"
"DGUOK",0.00101,-0.109,0.81,0.815,1,"DGUOK"
"UCK1",0.00102,0.238,0.182,0.173,1,"UCK1"
"C1orf94",0.00102,0.576,0.027,0.022,1,"C1orf94"
"DUSP6",0.00102,0.202,0.106,0.096,1,"DUSP6"
"PLXNA3",0.00103,-0.147,0.128,0.142,1,"PLXNA3"
"SLC38A3",0.00103,0.361,0.055,0.047,1,"SLC38A3"
"RIPPLY3",0.00103,1.07,0.01,0.007,1,"RIPPLY3"
"ABHD1",0.00103,0.501,0.02,0.015,1,"ABHD1"
"S1PR3",0.00103,0.476,0.035,0.029,1,"S1PR3"
"ENSG00000280255",0.00104,-0.343,0.026,0.032,1,"ENSG00000280255"
"C1orf174",0.00105,0.167,0.272,0.266,1,"C1orf174"
"TSPAN4",0.00105,0.155,0.214,0.204,1,"TSPAN4"
"SPESP1",0.00108,-0.121,0.153,0.168,1,"SPESP1"
"TRAPPC9",0.00109,-0.116,0.709,0.724,1,"TRAPPC9"
"ZNF189",0.00109,0.159,0.291,0.284,1,"ZNF189"
"RAD52",0.0011,-0.116,0.404,0.429,1,"RAD52"
"HMCES",0.0011,0.134,0.315,0.309,1,"HMCES"
"SLC25A42",0.0011,-0.149,0.148,0.163,1,"SLC25A42"
"AMIGO2",0.00111,0.306,0.084,0.075,1,"AMIGO2"
"RTEL1",0.00111,-0.187,0.055,0.064,1,"RTEL1"
"SMIM10",0.00111,0.472,0.023,0.018,1,"SMIM10"
"PAMR1",0.00111,0.431,0.019,0.015,1,"PAMR1"
"RABGGTA",0.00112,0.338,0.057,0.049,1,"RABGGTA"
"NCAPD2",0.00115,0.205,0.166,0.155,1,"NCAPD2"
"TAS2R4",0.00115,-0.174,0.073,0.082,1,"TAS2R4"
"PSTK",0.00115,-0.155,0.277,0.296,1,"PSTK"
"MT-TL1",0.00115,-0.704,0.007,0.011,1,"MT-TL1"
"KLF13",0.00116,0.13,0.418,0.414,1,"KLF13"
"ZSCAN21",0.00116,0.123,0.266,0.258,1,"ZSCAN21"
"GRM6",0.00116,-0.568,0.006,0.01,1,"GRM6"
"DPM2",0.00116,0.152,0.299,0.292,1,"DPM2"
"KIAA0930",0.00116,-0.134,0.237,0.254,1,"KIAA0930"
"RFX5",0.00117,0.283,0.096,0.087,1,"RFX5"
"GCHFR",0.00117,0.184,0.11,0.1,1,"GCHFR"
"SLC39A12",0.00118,0.269,0.052,0.045,1,"SLC39A12"
"SNX22",0.00118,-0.462,0.012,0.016,1,"SNX22"
"CORIN",0.0012,-0.685,0.019,0.024,1,"CORIN"
"OTUB2",0.0012,0.283,0.093,0.084,1,"OTUB2"
"ZNF222",0.00121,-0.112,0.112,0.125,1,"ZNF222"
"GPKOW",0.00121,0.191,0.176,0.166,1,"GPKOW"
"DEPDC7",0.00121,0.609,0.024,0.019,1,"DEPDC7"
"SPACDR",0.00122,0.512,0.029,0.024,1,"SPACDR"
"BLNK",0.00122,0.48,0.012,0.008,1,"BLNK"
"FAM219A",0.00123,0.147,0.469,0.466,1,"FAM219A"
"SIN3B",0.00123,-0.11,0.324,0.347,1,"SIN3B"
"PLEKHH3",0.00123,0.203,0.213,0.204,1,"PLEKHH3"
"HAUS3",0.00124,-0.134,0.049,0.057,1,"HAUS3"
"H4C11",0.00125,0.504,0.028,0.022,1,"H4C11"
"TIMM23B-AGAP6",0.00127,-0.151,0.071,0.081,1,"TIMM23B-AGAP6"
"PPP1R12C",0.00128,0.827,0.01,0.007,1,"PPP1R12C"
"NOL8",0.00128,0.118,0.392,0.388,1,"NOL8"
"MT-TE",0.00128,0.483,0.012,0.008,1,"MT-TE"
"USF1",0.00129,-0.127,0.107,0.119,1,"USF1"
"ANKRD45",0.00129,-0.127,0.068,0.078,1,"ANKRD45"
"KCNH3",0.0013,-0.505,0.013,0.017,1,"KCNH3"
"HLF",0.00131,-0.204,0.03,0.036,1,"HLF"
"TNKS1BP1",0.00131,0.183,0.173,0.163,1,"TNKS1BP1"
"SPACA9",0.00131,0.201,0.195,0.186,1,"SPACA9"
"ZNF461",0.00131,-0.119,0.165,0.182,1,"ZNF461"
"TEX14",0.00132,-0.301,0.154,0.167,1,"TEX14"
"RCCD1",0.00132,0.21,0.159,0.149,1,"RCCD1"
"PPAT",0.00132,0.116,0.364,0.356,1,"PPAT"
"SLC8B1",0.00134,0.241,0.066,0.058,1,"SLC8B1"
"PDE7B",0.00134,-0.526,0.074,0.084,1,"PDE7B"
"RYR3",0.00135,0.233,0.398,0.429,1,"RYR3"
"GOLGA3",0.00135,-0.122,0.335,0.358,1,"GOLGA3"
"PDP2",0.00137,0.209,0.126,0.116,1,"PDP2"
"ZNF594",0.00137,-0.108,0.241,0.261,1,"ZNF594"
"NMI",0.00138,0.691,0.014,0.01,1,"NMI"
"KIAA1328",0.00138,-0.12,0.666,0.681,1,"KIAA1328"
"SPRYD4",0.00138,0.203,0.135,0.126,1,"SPRYD4"
"ENSG00000279456",0.00139,-0.247,0.037,0.044,1,"ENSG00000279456"
"DUSP23",0.0014,0.224,0.154,0.146,1,"DUSP23"
"NUMBL",0.00143,0.195,0.231,0.223,1,"NUMBL"
"BHLHE22",0.00143,0.352,0.074,0.085,1,"BHLHE22"
"RECQL",0.00143,0.136,0.309,0.302,1,"RECQL"
"PATL2",0.00143,0.344,0.053,0.046,1,"PATL2"
"A2M",0.00145,0.214,0.165,0.155,1,"A2M"
"OTX1",0.00145,-0.227,0.162,0.176,1,"OTX1"
"SNURF",0.00146,-0.174,0.07,0.08,1,"SNURF"
"TBL2",0.00147,0.159,0.225,0.217,1,"TBL2"
"MOB2",0.00147,0.215,0.17,0.161,1,"MOB2"
"RIPOR3",0.00147,0.288,0.114,0.106,1,"RIPOR3"
"MYO1F",0.00148,0.28,0.062,0.054,1,"MYO1F"
"OSTF1",0.00149,-0.12,0.096,0.107,1,"OSTF1"
"RARRES1",0.00149,-0.143,0.137,0.151,1,"RARRES1"
"NPIPA8",0.00149,-0.358,0.009,0.013,1,"NPIPA8"
"PAIP2B",0.00151,-0.172,0.111,0.123,1,"PAIP2B"
"ASCC2",0.00151,0.121,0.319,0.314,1,"ASCC2"
"TELO2",0.00152,0.227,0.133,0.123,1,"TELO2"
"CEBPA",0.00152,-0.295,0.027,0.033,1,"CEBPA"
"FAM90A1",0.00152,-0.433,0.019,0.024,1,"FAM90A1"
"SLC25A41",0.00154,-0.232,0.026,0.032,1,"SLC25A41"
"XYLT2",0.00154,0.18,0.114,0.104,1,"XYLT2"
"BPGM",0.00156,0.111,0.404,0.402,1,"BPGM"
"TDRD9",0.00156,-0.637,0.008,0.011,1,"TDRD9"
"MTHFR",0.00156,0.142,0.236,0.228,1,"MTHFR"
"LRRC74B",0.00157,-0.561,0.007,0.01,1,"LRRC74B"
"C1orf162",0.00157,-0.492,0.007,0.01,1,"C1orf162"
"SRPRA",0.00158,0.116,0.283,0.276,1,"SRPRA"
"GRID2",0.00158,-0.124,0.851,0.829,1,"GRID2"
"SNAI3",0.00159,0.218,0.149,0.14,1,"SNAI3"
"SCUBE2",0.0016,0.241,0.111,0.102,1,"SCUBE2"
"GOLGA5",0.0016,0.112,0.35,0.344,1,"GOLGA5"
"NOL3",0.0016,0.154,0.168,0.158,1,"NOL3"
"DCHS2",0.0016,-0.303,0.094,0.104,1,"DCHS2"
"CACTIN",0.00161,0.24,0.109,0.1,1,"CACTIN"
"LMBR1",0.00162,-0.106,0.609,0.629,1,"LMBR1"
"PTF1A",0.00162,1.021,0.011,0.007,1,"PTF1A"
"ASMTL",0.00163,0.237,0.133,0.124,1,"ASMTL"
"BAIAP3",0.00164,-0.194,0.039,0.046,1,"BAIAP3"
"TVP23C",0.00165,-0.126,0.119,0.132,1,"TVP23C"
"TRPC3",0.00166,0.164,0.138,0.128,1,"TRPC3"
"PEX7",0.00166,0.139,0.262,0.253,1,"PEX7"
"FRAT2",0.00166,-0.105,0.089,0.1,1,"FRAT2"
"GFER",0.00167,0.236,0.153,0.144,1,"GFER"
"KCNA2",0.00167,0.303,0.082,0.073,1,"KCNA2"
"ST3GAL2",0.00167,0.144,0.305,0.3,1,"ST3GAL2"
"CDK7",0.00168,0.103,0.305,0.298,1,"CDK7"
"CALB1",0.00169,1.259,0.026,0.021,1,"CALB1"
"SERPINB1",0.0017,0.502,0.023,0.018,1,"SERPINB1"
"PRDM11",0.0017,-0.103,0.122,0.135,1,"PRDM11"
"ITPK1",0.00171,0.148,0.272,0.265,1,"ITPK1"
"SLC10A4",0.00173,-0.214,0.021,0.027,1,"SLC10A4"
"ACER2",0.00173,0.229,0.079,0.07,1,"ACER2"
"PAOX",0.00174,0.417,0.039,0.033,1,"PAOX"
"COQ5",0.00174,0.127,0.312,0.307,1,"COQ5"
"ZXDB",0.00175,-0.129,0.058,0.067,1,"ZXDB"
"PYGM",0.00175,0.679,0.016,0.012,1,"PYGM"
"ITPKA",0.00175,-0.359,0.017,0.022,1,"ITPKA"
"KCNJ13",0.00176,0.424,0.061,0.054,1,"KCNJ13"
"ENSG00000260643",0.00177,0.471,0.022,0.017,1,"ENSG00000260643"
"GPC3",0.00178,-0.999,0.027,0.033,1,"GPC3"
"POLL",0.00178,0.16,0.15,0.14,1,"POLL"
"MMP25",0.00179,-0.41,0.023,0.028,1,"MMP25"
"DNAH11",0.0018,0.355,0.076,0.068,1,"DNAH11"
"IL20RB",0.00181,0.219,0.069,0.061,1,"IL20RB"
"SMPD2",0.00183,0.365,0.037,0.031,1,"SMPD2"
"C11orf24",0.00183,-0.112,0.133,0.146,1,"C11orf24"
"ZNF646",0.00184,-0.133,0.07,0.079,1,"ZNF646"
"TUBGCP6",0.00185,-0.175,0.069,0.078,1,"TUBGCP6"
"CENPVL3",0.00187,0.292,0.067,0.059,1,"CENPVL3"
"PES1",0.00189,0.162,0.202,0.193,1,"PES1"
"GRID2IP",0.00189,-0.331,0.022,0.027,1,"GRID2IP"
"NIP7",0.00189,0.146,0.256,0.248,1,"NIP7"
"PNPO",0.00189,0.494,0.061,0.054,1,"PNPO"
"ENSG00000280132",0.00189,0.657,0.012,0.008,1,"ENSG00000280132"
"NEB",0.00189,-0.295,0.058,0.067,1,"NEB"
"RAB40A",0.0019,-0.128,0.061,0.07,1,"RAB40A"
"KLHL21",0.0019,0.22,0.144,0.136,1,"KLHL21"
"BIK",0.0019,-0.541,0.008,0.011,1,"BIK"
"MANSC1",0.0019,0.188,0.174,0.166,1,"MANSC1"
"ARHGEF1",0.00192,0.167,0.141,0.132,1,"ARHGEF1"
"TEX29",0.00193,0.508,0.023,0.018,1,"TEX29"
"FUZ",0.00193,0.296,0.119,0.111,1,"FUZ"
"ZNF341",0.00194,-0.205,0.049,0.057,1,"ZNF341"
"ZNF101",0.00195,-0.222,0.065,0.074,1,"ZNF101"
"PLCZ1",0.00196,0.666,0.011,0.007,1,"PLCZ1"
"ADH1A",0.00196,0.628,0.014,0.01,1,"ADH1A"
"ENSG00000280321",0.00196,0.476,0.024,0.019,1,"ENSG00000280321"
"ANKRD42",0.00197,0.153,0.197,0.188,1,"ANKRD42"
"ERBB3",0.00197,-0.313,0.014,0.018,1,"ERBB3"
"SLC13A4",0.00198,-0.184,0.077,0.086,1,"SLC13A4"
"F11R",0.00198,-0.357,0.016,0.021,1,"F11R"
"ROGDI",0.002,-0.124,0.207,0.225,1,"ROGDI"
"KCTD10",0.00202,-0.111,0.149,0.163,1,"KCTD10"
"STRIP2",0.00202,-0.208,0.057,0.065,1,"STRIP2"
"CAPN9",0.00202,0.329,0.024,0.019,1,"CAPN9"
"NRTN",0.00203,-0.819,0.007,0.01,1,"NRTN"
"TOMM40L",0.00203,-0.162,0.04,0.047,1,"TOMM40L"
"ANKRD37",0.00204,-0.126,0.113,0.126,1,"ANKRD37"
"C11orf65",0.00205,0.105,0.165,0.154,1,"C11orf65"
"S100A2",0.00206,0.638,0.018,0.014,1,"S100A2"
"SLC31A2",0.00206,0.266,0.046,0.039,1,"SLC31A2"
"CNKSR1",0.00208,-0.336,0.026,0.032,1,"CNKSR1"
"DCBLD1",0.00209,0.248,0.097,0.088,1,"DCBLD1"
"COASY",0.00209,0.226,0.172,0.164,1,"COASY"
"DLST",0.0021,-0.12,0.307,0.33,1,"DLST"
"CCDC153",0.00213,0.36,0.023,0.018,1,"CCDC153"
"CLDN11",0.00214,0.816,0.013,0.009,1,"CLDN11"
"RHOH",0.00214,0.494,0.017,0.013,1,"RHOH"
"ZBTB33",0.00215,0.165,0.196,0.187,1,"ZBTB33"
"ZNF449",0.00217,0.134,0.171,0.161,1,"ZNF449"
"MYO15B",0.00217,0.386,0.042,0.036,1,"MYO15B"
"AKAP3",0.00219,0.356,0.079,0.072,1,"AKAP3"
"HLA-DPB1",0.00219,0.351,0.05,0.043,1,"HLA-DPB1"
"BCDIN3D",0.0022,0.144,0.243,0.235,1,"BCDIN3D"
"ABCB4",0.00221,0.412,0.02,0.016,1,"ABCB4"
"PIH1D2",0.00224,0.215,0.133,0.124,1,"PIH1D2"
"IRAK1",0.00225,0.284,0.079,0.071,1,"IRAK1"
"EXOC8",0.00227,-0.126,0.092,0.102,1,"EXOC8"
"WDR74",0.00227,-0.111,0.185,0.202,1,"WDR74"
"RECK",0.00228,-0.141,0.382,0.403,1,"RECK"
"RNASE4",0.00228,0.222,0.152,0.143,1,"RNASE4"
"USPL1",0.0023,-0.11,0.367,0.39,1,"USPL1"
"MYO9A",0.0023,-0.111,0.786,0.8,1,"MYO9A"
"MRPS30",0.00231,0.116,0.412,0.411,1,"MRPS30"
"RAB4B",0.00231,0.123,0.247,0.238,1,"RAB4B"
"GSTM1",0.00233,0.575,0.015,0.011,1,"GSTM1"
"TUBA3D",0.00233,-0.542,0.008,0.011,1,"TUBA3D"
"NAV2",0.00234,0.24,0.834,0.828,1,"NAV2"
"NXPE3",0.00235,0.117,0.299,0.291,1,"NXPE3"
"CPB1",0.00236,0.539,0.019,0.014,1,"CPB1"
"MYBPHL",0.00238,0.612,0.013,0.009,1,"MYBPHL"
"HTR2A",0.00241,0.245,0.084,0.076,1,"HTR2A"
"NFKBIE",0.00242,0.317,0.093,0.085,1,"NFKBIE"
"DDX47",0.00244,0.301,0.042,0.036,1,"DDX47"
"EED",0.00244,0.125,0.282,0.273,1,"EED"
"ZNF304",0.00245,-0.125,0.081,0.091,1,"ZNF304"
"KIF6",0.00246,0.227,0.084,0.076,1,"KIF6"
"CDH10",0.00247,-0.618,0.579,0.551,1,"CDH10"
"NUP43",0.00247,0.146,0.258,0.252,1,"NUP43"
"ZNF320",0.00248,0.116,0.304,0.298,1,"ZNF320"
"TFIP11",0.00254,0.172,0.202,0.194,1,"TFIP11"
"TMEM62",0.00257,-0.134,0.255,0.274,1,"TMEM62"
"NPHP4",0.00257,-0.103,0.188,0.205,1,"NPHP4"
"IFI35",0.00258,0.294,0.077,0.069,1,"IFI35"
"IKBKG",0.0026,0.234,0.129,0.12,1,"IKBKG"
"CHN2",0.00262,-0.276,0.024,0.029,1,"CHN2"
"GLA",0.00263,0.209,0.171,0.163,1,"GLA"
"SCN1B",0.00263,-0.308,0.011,0.015,1,"SCN1B"
"ENSG00000280347",0.00265,0.497,0.018,0.014,1,"ENSG00000280347"
"MDH1B",0.00266,0.223,0.13,0.121,1,"MDH1B"
"JMJD8",0.00267,0.216,0.124,0.116,1,"JMJD8"
"MAPK11",0.00267,0.362,0.065,0.057,1,"MAPK11"
"CDK15",0.00267,0.386,0.024,0.02,1,"CDK15"
"TRAF5",0.00268,0.186,0.08,0.072,1,"TRAF5"
"USB1",0.00268,0.139,0.272,0.266,1,"USB1"
"VANGL1",0.00269,0.305,0.074,0.067,1,"VANGL1"
"SPC25",0.00271,0.109,0.071,0.08,1,"SPC25"
"FHAD1",0.00272,0.376,0.082,0.074,1,"FHAD1"
"SLC5A12",0.00274,0.44,0.04,0.034,1,"SLC5A12"
"THSD1",0.00275,0.328,0.074,0.067,1,"THSD1"
"ZNF813",0.00275,0.262,0.084,0.076,1,"ZNF813"
"SNTG2",0.00278,-0.288,0.046,0.053,1,"SNTG2"
"ABCA6",0.00279,-0.421,0.007,0.01,1,"ABCA6"
"CMTM5",0.00281,-0.174,0.015,0.019,1,"CMTM5"
"PPIL2",0.00281,-0.117,0.317,0.338,1,"PPIL2"
"KBTBD12",0.00284,-0.426,0.016,0.02,1,"KBTBD12"
"USP4",0.00286,0.102,0.383,0.381,1,"USP4"
"SMC1B",0.00286,0.281,0.046,0.039,1,"SMC1B"
"SETMAR",0.00287,-0.107,0.145,0.159,1,"SETMAR"
"KLC3",0.00289,-0.43,0.009,0.012,1,"KLC3"
"NANS",0.00289,0.206,0.243,0.237,1,"NANS"
"SAPCD1",0.00291,0.664,0.022,0.017,1,"SAPCD1"
"ENSG00000279118",0.00293,0.673,0.016,0.012,1,"ENSG00000279118"
"TAB1",0.00293,0.136,0.251,0.245,1,"TAB1"
"EIF4G2",0.00294,-0.199,0.977,0.96,1,"EIF4G2"
"CASQ1",0.00294,0.533,0.017,0.013,1,"CASQ1"
"RPP21",0.00294,0.222,0.146,0.137,1,"RPP21"
"LRRC46",0.00297,-0.199,0.01,0.014,1,"LRRC46"
"ARHGAP22",0.00297,-0.218,0.029,0.035,1,"ARHGAP22"
"PNPLA1",0.00297,-0.478,0.009,0.013,1,"PNPLA1"
"KBTBD8",0.00298,-0.371,0.017,0.021,1,"KBTBD8"
"ADRA1B",0.003,-0.525,0.015,0.02,1,"ADRA1B"
"KLHL41",0.003,-0.316,0.017,0.021,1,"KLHL41"
"ACY1",0.003,0.304,0.079,0.071,1,"ACY1"
"RAMACL",0.003,0.433,0.025,0.02,1,"RAMACL"
"SPICE1",0.00302,0.259,0.114,0.106,1,"SPICE1"
"ZNF334",0.00302,0.109,0.315,0.309,1,"ZNF334"
"EXD2",0.00303,0.114,0.326,0.32,1,"EXD2"
"ENSG00000288894",0.00304,0.41,0.039,0.033,1,"ENSG00000288894"
"SCN11A",0.00305,0.195,0.098,0.09,1,"SCN11A"
"MED12L",0.00307,0.175,0.37,0.359,1,"MED12L"
"MINDY4",0.00308,0.232,0.146,0.137,1,"MINDY4"
"KLF16",0.00311,0.343,0.05,0.044,1,"KLF16"
"PTK6",0.00311,-0.17,0.038,0.044,1,"PTK6"
"ENSG00000279439",0.00312,0.431,0.016,0.013,1,"ENSG00000279439"
"RAB40B",0.00313,0.165,0.224,0.217,1,"RAB40B"
"IQCN",0.00314,0.509,0.028,0.023,1,"IQCN"
"ASTE1",0.00315,-0.467,0.01,0.014,1,"ASTE1"
"PAH",0.00315,-0.244,0.017,0.021,1,"PAH"
"ELL",0.0032,0.192,0.122,0.114,1,"ELL"
"C12orf56",0.0032,0.319,0.06,0.053,1,"C12orf56"
"MMP28",0.00321,0.226,0.129,0.121,1,"MMP28"
"RDM1",0.00321,-0.181,0.016,0.02,1,"RDM1"
"GPR176",0.00321,-0.413,0.02,0.025,1,"GPR176"
"CADM1",0.00324,-0.259,0.921,0.915,1,"CADM1"
"GRB14",0.00326,0.317,0.083,0.075,1,"GRB14"
"TAF6",0.00326,0.134,0.361,0.359,1,"TAF6"
"SAMHD1",0.00327,-0.114,0.136,0.149,1,"SAMHD1"
"TFB2M",0.00327,-0.106,0.152,0.166,1,"TFB2M"
"ZNF823",0.00327,-0.109,0.177,0.192,1,"ZNF823"
"YPEL3",0.00328,-0.126,0.306,0.327,1,"YPEL3"
"UNC5C",0.00328,-2.211,0.089,0.097,1,"UNC5C"
"PM20D1",0.00328,-0.259,0.044,0.051,1,"PM20D1"
"ALPK3",0.0033,-0.412,0.016,0.02,1,"ALPK3"
"GLIPR1L1",0.00335,0.17,0.072,0.065,1,"GLIPR1L1"
"RELB",0.00337,0.336,0.057,0.051,1,"RELB"
"JRK",0.00337,-0.123,0.083,0.093,1,"JRK"
"RRM1",0.00338,0.117,0.423,0.415,1,"RRM1"
"VWA5A",0.00341,0.113,0.128,0.118,1,"VWA5A"
"DYRK3",0.00341,-0.129,0.161,0.175,1,"DYRK3"
"GLUD2",0.00346,0.731,0.01,0.007,1,"GLUD2"
"FBXO27",0.00346,-0.337,0.041,0.048,1,"FBXO27"
"RTN4IP1",0.00348,-0.109,0.159,0.173,1,"RTN4IP1"
"LRFN3",0.00349,-0.108,0.097,0.108,1,"LRFN3"
"FBXO46",0.00351,0.197,0.135,0.127,1,"FBXO46"
"C8orf48",0.00351,0.362,0.053,0.047,1,"C8orf48"
"SMYD2",0.00352,-0.167,0.217,0.232,1,"SMYD2"
"TBCE.1",0.00353,0.173,0.108,0.1,1,"TBCE.1"
"SLC5A3",0.00356,0.297,0.354,0.352,1,"SLC5A3"
"SP2",0.00358,0.182,0.187,0.178,1,"SP2"
"SLC25A10",0.0036,-0.176,0.026,0.032,1,"SLC25A10"
"TRAM1L1",0.00364,-0.204,0.046,0.053,1,"TRAM1L1"
"TMED3",0.00364,0.11,0.389,0.385,1,"TMED3"
"LIN7A",0.00365,-0.451,0.442,0.415,1,"LIN7A"
"UBQLNL",0.00365,0.515,0.013,0.01,1,"UBQLNL"
"PKD2",0.00366,-0.11,0.621,0.638,1,"PKD2"
"C17orf114",0.00367,0.416,0.039,0.033,1,"C17orf114"
"ENSG00000255339",0.00367,-0.208,0.033,0.04,1,"ENSG00000255339"
"SLC5A11",0.00367,-0.432,0.018,0.022,1,"SLC5A11"
"ETNPPL",0.00368,0.434,0.012,0.008,1,"ETNPPL"
"INTS5",0.00369,0.212,0.176,0.169,1,"INTS5"
"CCDC57",0.0037,-0.102,0.376,0.399,1,"CCDC57"
"BCR",0.00371,-0.107,0.386,0.408,1,"BCR"
"BBS1",0.00372,-0.279,0.022,0.027,1,"BBS1"
"SCO2",0.00372,0.207,0.175,0.167,1,"SCO2"
"COL16A1",0.00372,0.224,0.065,0.058,1,"COL16A1"
"TSPAN19",0.00373,-0.177,0.031,0.037,1,"TSPAN19"
"CIAO3",0.00373,0.202,0.144,0.136,1,"CIAO3"
"DOCK4",0.00377,-0.12,0.836,0.85,1,"DOCK4"
"UPP1",0.00379,0.148,0.192,0.184,1,"UPP1"
"TEX53",0.0038,-0.606,0.007,0.01,1,"TEX53"
"TMEM63A",0.0038,0.222,0.076,0.069,1,"TMEM63A"
"PCIF1",0.00381,0.206,0.161,0.153,1,"PCIF1"
"SEMA4B",0.00382,0.189,0.209,0.202,1,"SEMA4B"
"IL16",0.00384,-0.353,0.014,0.018,1,"IL16"
"TCF7",0.00391,0.137,0.159,0.15,1,"TCF7"
"PBX2",0.00392,0.216,0.139,0.131,1,"PBX2"
"PTPA",0.00392,0.156,0.214,0.206,1,"PTPA"
"PFN4",0.00394,-0.133,0.039,0.045,1,"PFN4"
"WNT5A",0.00394,-0.168,0.084,0.094,1,"WNT5A"
"H2AC12",0.00395,0.376,0.046,0.04,1,"H2AC12"
"FASTKD1",0.00396,-0.133,0.325,0.342,1,"FASTKD1"
"BORCS6",0.00397,0.27,0.108,0.1,1,"BORCS6"
"LSAMP",0.00402,-0.197,0.958,0.93,1,"LSAMP"
"MAD2L1BP",0.00408,0.158,0.241,0.235,1,"MAD2L1BP"
"IQCD",0.00409,0.232,0.128,0.12,1,"IQCD"
"TRIM32",0.0041,-0.115,0.14,0.153,1,"TRIM32"
"H4C8",0.0041,0.336,0.03,0.025,1,"H4C8"
"CREB3L1",0.00412,-0.251,0.039,0.046,1,"CREB3L1"
"COL10A1",0.00413,0.31,0.038,0.032,1,"COL10A1"
"NATD1",0.00414,0.303,0.061,0.054,1,"NATD1"
"RNF26",0.00414,0.266,0.094,0.086,1,"RNF26"
"NEU4",0.00414,-0.424,0.007,0.01,1,"NEU4"
"FAM98C",0.00415,0.143,0.175,0.167,1,"FAM98C"
"CLEC18B",0.00415,-0.261,0.008,0.011,1,"CLEC18B"
"SLC29A2",0.00419,-0.21,0.056,0.064,1,"SLC29A2"
"RTL5",0.00419,0.18,0.138,0.129,1,"RTL5"
"HAUS6",0.00419,0.119,0.38,0.376,1,"HAUS6"
"NUDT4B",0.00421,0.391,0.029,0.024,1,"NUDT4B"
"DNAJB2",0.00422,0.108,0.299,0.293,1,"DNAJB2"
"ACTL6A",0.00423,0.137,0.34,0.337,1,"ACTL6A"
"RPS6KA1",0.00426,-0.218,0.027,0.032,1,"RPS6KA1"
"SYNE3",0.00428,-0.261,0.028,0.033,1,"SYNE3"
"KRBOX4",0.0043,-0.11,0.35,0.373,1,"KRBOX4"
"POLE3",0.00431,0.139,0.311,0.307,1,"POLE3"
"CLCN7",0.00433,0.154,0.179,0.17,1,"CLCN7"
"ICAM3",0.00438,0.632,0.011,0.008,1,"ICAM3"
"ARHGEF39",0.00439,-0.257,0.012,0.015,1,"ARHGEF39"
"LRRC51",0.0044,0.242,0.144,0.137,1,"LRRC51"
"NEIL1",0.00441,-0.157,0.109,0.12,1,"NEIL1"
"RIN3",0.00442,0.289,0.021,0.016,1,"RIN3"
"TBRG4",0.00444,0.163,0.223,0.216,1,"TBRG4"
"GARRE1",0.00444,-0.1,0.392,0.415,1,"GARRE1"
"PRRG3",0.00448,-0.282,0.018,0.022,1,"PRRG3"
"PILRB",0.00453,-0.123,0.166,0.181,1,"PILRB"
"UVSSA",0.00457,-0.109,0.242,0.26,1,"UVSSA"
"CLP1",0.00458,0.195,0.163,0.155,1,"CLP1"
"ENSG00000285837",0.00458,-0.294,0.027,0.032,1,"ENSG00000285837"
"PYCR1",0.00459,0.181,0.237,0.23,1,"PYCR1"
"DHX16",0.0046,0.133,0.215,0.207,1,"DHX16"
"NPIPB13",0.00461,0.133,0.278,0.273,1,"NPIPB13"
"TTC36",0.00463,-0.432,0.011,0.014,1,"TTC36"
"PENK",0.00469,-1.095,0.015,0.019,1,"PENK"
"NKPD1",0.00472,0.366,0.016,0.013,1,"NKPD1"
"STMN3",0.00472,-0.132,0.397,0.418,1,"STMN3"
"KCTD4",0.00473,-0.197,0.018,0.022,1,"KCTD4"
"RLN1",0.00474,0.491,0.018,0.014,1,"RLN1"
"NOL9",0.00478,0.112,0.352,0.35,1,"NOL9"
"PCDHB4",0.00479,-0.156,0.031,0.036,1,"PCDHB4"
"MET",0.00487,0.677,0.013,0.01,1,"MET"
"FBXO25",0.0049,-0.102,0.249,0.266,1,"FBXO25"
"GPATCH3",0.0049,0.282,0.08,0.072,1,"GPATCH3"
"PEDS1",0.00492,0.118,0.189,0.18,1,"PEDS1"
"GLB1L2",0.005,-0.112,0.025,0.03,1,"GLB1L2"
"SHFL",0.005,-0.132,0.147,0.16,1,"SHFL"
"DYNLT5",0.00501,-0.29,0.044,0.051,1,"DYNLT5"
"EHD3",0.00502,-0.135,0.072,0.081,1,"EHD3"
"TNFAIP8L1",0.00503,0.208,0.073,0.066,1,"TNFAIP8L1"
"ATP13A1",0.00503,0.183,0.104,0.096,1,"ATP13A1"
"SDC1",0.00504,-0.277,0.024,0.029,1,"SDC1"
"ENSG00000280063",0.00508,-0.293,0.013,0.016,1,"ENSG00000280063"
"HYAL1",0.0051,-0.273,0.025,0.03,1,"HYAL1"
"MAPK14",0.00511,-0.107,0.472,0.496,1,"MAPK14"
"EXOSC4",0.00512,0.15,0.243,0.237,1,"EXOSC4"
"BRF2",0.00516,0.215,0.154,0.147,1,"BRF2"
"LMLN",0.00517,0.101,0.245,0.237,1,"LMLN"
"PCDHGA6",0.00524,0.344,0.028,0.023,1,"PCDHGA6"
"MCMDC2",0.00524,-0.608,0.012,0.016,1,"MCMDC2"
"METTL4",0.00525,0.12,0.244,0.237,1,"METTL4"
"GMPPB",0.00531,0.307,0.099,0.091,1,"GMPPB"
"AXDND1",0.00532,0.342,0.054,0.048,1,"AXDND1"
"TUBG1",0.00533,0.175,0.226,0.219,1,"TUBG1"
"CHRAC1",0.00533,0.238,0.165,0.158,1,"CHRAC1"
"PHF13",0.00538,0.213,0.148,0.141,1,"PHF13"
"C17orf97",0.0054,0.191,0.154,0.146,1,"C17orf97"
"SLC43A2",0.0054,0.103,0.378,0.376,1,"SLC43A2"
"MYD88",0.00541,0.51,0.02,0.016,1,"MYD88"
"PEX16",0.00542,0.183,0.171,0.163,1,"PEX16"
"ARMC6",0.00546,-0.108,0.13,0.142,1,"ARMC6"
"DEPDC5",0.00553,0.121,0.296,0.29,1,"DEPDC5"
"H2BC21",0.00554,-0.172,0.044,0.051,1,"H2BC21"
"BTBD2",0.00557,0.123,0.308,0.304,1,"BTBD2"
"ADAT2",0.0056,0.178,0.138,0.13,1,"ADAT2"
"TMEM144",0.00562,0.462,0.033,0.028,1,"TMEM144"
"IRAK3",0.00564,-0.268,0.011,0.014,1,"IRAK3"
"TECPR1",0.00568,-0.11,0.223,0.239,1,"TECPR1"
"MALT1",0.00571,-0.144,0.372,0.389,1,"MALT1"
"NYNRIN",0.00572,0.241,0.085,0.078,1,"NYNRIN"
"PRPF19",0.00575,0.127,0.285,0.28,1,"PRPF19"
"CPLX1",0.00576,0.512,0.122,0.115,1,"CPLX1"
"HAPLN4",0.00579,0.693,0.011,0.008,1,"HAPLN4"
"ZNF442",0.0058,-0.113,0.137,0.15,1,"ZNF442"
"MVP",0.0058,0.285,0.043,0.038,1,"MVP"
"SENP7",0.0058,-0.123,0.784,0.801,1,"SENP7"
"GSDMB",0.00583,-0.137,0.056,0.063,1,"GSDMB"
"MND1",0.00583,0.189,0.149,0.14,1,"MND1"
"MAST3",0.00583,-0.103,0.075,0.084,1,"MAST3"
"KCNE5",0.00587,0.596,0.032,0.027,1,"KCNE5"
"ZNF746",0.00588,0.131,0.206,0.199,1,"ZNF746"
"OSMR",0.00588,0.432,0.017,0.013,1,"OSMR"
"CDC42EP2",0.00591,-0.252,0.017,0.021,1,"CDC42EP2"
"TMIE",0.00591,0.39,0.036,0.031,1,"TMIE"
"SLC27A5",0.00591,0.135,0.284,0.279,1,"SLC27A5"
"CAPN12",0.00596,-0.245,0.009,0.013,1,"CAPN12"
"NAGPA",0.00596,0.243,0.102,0.095,1,"NAGPA"
"ENSG00000278949",0.00598,-0.455,0.01,0.013,1,"ENSG00000278949"
"SAMD13",0.006,0.23,0.128,0.121,1,"SAMD13"
"CATSPERE",0.00601,0.137,0.11,0.102,1,"CATSPERE"
"GALNS",0.00603,0.251,0.145,0.137,1,"GALNS"
"CYP3A43",0.00607,-0.568,0.015,0.018,1,"CYP3A43"
"VWA1",0.00609,0.383,0.046,0.04,1,"VWA1"
"CDKN2C",0.00612,0.325,0.08,0.073,1,"CDKN2C"
"BRINP2",0.00612,-0.227,0.073,0.082,1,"BRINP2"
"PABIR1",0.00614,0.141,0.299,0.296,1,"PABIR1"
"ZSCAN1",0.00619,0.167,0.249,0.243,1,"ZSCAN1"
"ZFAT",0.0062,-0.118,0.099,0.109,1,"ZFAT"
"SNRNP35",0.0062,0.128,0.291,0.286,1,"SNRNP35"
"BST1",0.00621,-0.424,0.01,0.014,1,"BST1"
"TEX46",0.00622,-0.541,0.012,0.016,1,"TEX46"
"IFT140",0.00623,0.117,0.28,0.276,1,"IFT140"
"ESCO2",0.00627,0.113,0.058,0.066,1,"ESCO2"
"UNC119B",0.00637,0.201,0.147,0.139,1,"UNC119B"
"SMARCD2",0.0064,0.299,0.083,0.076,1,"SMARCD2"
"PHKG2",0.0064,0.164,0.159,0.151,1,"PHKG2"
"INHA",0.00642,-0.365,0.012,0.015,1,"INHA"
"SUMO4",0.00644,0.246,0.066,0.059,1,"SUMO4"
"LAMB1",0.00647,0.526,0.084,0.093,1,"LAMB1"
"MAP3K6",0.00649,0.405,0.024,0.019,1,"MAP3K6"
"ANO2",0.0065,-0.281,0.04,0.046,1,"ANO2"
"BMP8A",0.00659,-0.189,0.021,0.025,1,"BMP8A"
"DHDH",0.00662,-0.369,0.013,0.017,1,"DHDH"
"MMGT1",0.00666,0.103,0.318,0.315,1,"MMGT1"
"COG8",0.00666,0.189,0.186,0.179,1,"COG8"
"RGPD8",0.00668,-0.255,0.023,0.028,1,"RGPD8"
"ATG9A",0.0067,0.18,0.127,0.119,1,"ATG9A"
"GCN1",0.00672,0.114,0.241,0.234,1,"GCN1"
"ZPR1",0.00676,0.102,0.289,0.283,1,"ZPR1"
"C4orf51",0.00677,0.368,0.027,0.022,1,"C4orf51"
"ARHGAP30",0.00679,-0.299,0.015,0.018,1,"ARHGAP30"
"LHFPL1",0.00682,0.422,0.043,0.037,1,"LHFPL1"
"KCNV2",0.00683,-0.265,0.032,0.038,1,"KCNV2"
"CPS1",0.00683,0.23,0.086,0.079,1,"CPS1"
"SDC4",0.00685,0.813,0.01,0.007,1,"SDC4"
"GLIPR1",0.00689,0.47,0.035,0.03,1,"GLIPR1"
"SPTSSB",0.00689,-0.427,0.021,0.025,1,"SPTSSB"
"A3GALT2",0.00694,0.443,0.032,0.028,1,"A3GALT2"
"ALKBH2",0.00696,0.14,0.283,0.279,1,"ALKBH2"
"FBXW10B",0.00697,0.135,0.029,0.024,1,"FBXW10B"
"STAT6",0.00701,0.517,0.031,0.026,1,"STAT6"
"KCTD18",0.00701,0.21,0.199,0.194,1,"KCTD18"
"SEPTIN8",0.00705,0.154,0.242,0.237,1,"SEPTIN8"
"GRIK1",0.00708,-0.476,0.52,0.506,1,"GRIK1"
"RASGRP3",0.00711,-0.24,0.019,0.023,1,"RASGRP3"
"SEC24D",0.00712,0.163,0.227,0.22,1,"SEC24D"
"UBE2Q1",0.00713,0.144,0.235,0.229,1,"UBE2Q1"
"RIBC2",0.00713,0.796,0.012,0.009,1,"RIBC2"
"PIK3C2G",0.00713,-0.831,0.021,0.017,1,"PIK3C2G"
"INPP5J",0.00715,-0.244,0.019,0.023,1,"INPP5J"
"CFAP251",0.00716,0.148,0.116,0.108,1,"CFAP251"
"PTP4A3",0.00722,-0.108,0.062,0.07,1,"PTP4A3"
"SDE2",0.00723,0.131,0.257,0.252,1,"SDE2"
"GLIPR1L2",0.00724,-0.121,0.056,0.063,1,"GLIPR1L2"
"COLEC12",0.00725,0.508,0.041,0.036,1,"COLEC12"
"TAS2R31",0.00729,-0.285,0.011,0.014,1,"TAS2R31"
"ALG12",0.00737,0.187,0.12,0.112,1,"ALG12"
"TRIB1",0.00738,0.325,0.066,0.06,1,"TRIB1"
"RAB37",0.00746,0.37,0.012,0.009,1,"RAB37"
"TXNL4B",0.00748,0.141,0.206,0.198,1,"TXNL4B"
"TTC39B",0.00757,-0.104,0.187,0.2,1,"TTC39B"
"TRAK2",0.00758,-0.121,0.329,0.346,1,"TRAK2"
"TAC4",0.00758,0.29,0.051,0.045,1,"TAC4"
"CFAP57",0.00759,-0.217,0.022,0.027,1,"CFAP57"
"PKDCC",0.00762,-0.249,0.044,0.051,1,"PKDCC"
"ZC3H11A",0.00763,-0.142,0.04,0.046,1,"ZC3H11A"
"TRIM6",0.00771,0.568,0.017,0.014,1,"TRIM6"
"C9orf153",0.00773,0.218,0.08,0.072,1,"C9orf153"
"TNIP1",0.00779,0.11,0.172,0.164,1,"TNIP1"
"MEIKIN",0.0078,0.25,0.052,0.046,1,"MEIKIN"
"DHX35",0.00789,0.105,0.273,0.266,1,"DHX35"
"ABCB11",0.00791,0.232,0.034,0.029,1,"ABCB11"
"MSTN",0.00791,-0.378,0.046,0.052,1,"MSTN"
"TDO2",0.00791,0.293,0.044,0.039,1,"TDO2"
"ITPRID1",0.00792,0.609,0.014,0.011,1,"ITPRID1"
"GALC",0.00796,0.11,0.218,0.21,1,"GALC"
"PCNX3",0.00797,0.218,0.115,0.107,1,"PCNX3"
"F5",0.00798,-0.54,0.01,0.013,1,"F5"
"COL9A3",0.00799,-0.322,0.016,0.02,1,"COL9A3"
"TPX2",0.00803,0.129,0.09,0.1,1,"TPX2"
"CCDC134",0.00804,0.152,0.159,0.151,1,"CCDC134"
"PPCS",0.00808,0.141,0.301,0.297,1,"PPCS"
"FOXJ1",0.00813,0.372,0.106,0.098,1,"FOXJ1"
"NIBAN3",0.00813,0.357,0.025,0.021,1,"NIBAN3"
"SYNPO",0.00815,0.525,0.011,0.008,1,"SYNPO"
"APEX2",0.00817,0.342,0.073,0.067,1,"APEX2"
"WDR81",0.00819,0.238,0.064,0.057,1,"WDR81"
"ENSG00000280048",0.00822,0.187,0.03,0.025,1,"ENSG00000280048"
"USP51",0.00826,0.152,0.154,0.145,1,"USP51"
"DUS4L",0.00831,0.164,0.274,0.27,1,"DUS4L"
"SARNP",0.00834,0.232,0.132,0.125,1,"SARNP"
"MED22",0.00838,0.163,0.216,0.21,1,"MED22"
"ENSG00000280216",0.00839,0.604,0.016,0.012,1,"ENSG00000280216"
"ZNF517",0.00841,-0.107,0.054,0.061,1,"ZNF517"
"NPIPB12",0.00847,-0.273,0.016,0.02,1,"NPIPB12"
"SPRY3",0.00848,-0.134,0.213,0.226,1,"SPRY3"
"MYOCOS",0.00849,0.42,0.023,0.019,1,"MYOCOS"
"SLC25A30",0.0085,0.206,0.124,0.116,1,"SLC25A30"
"PRIMA1",0.0086,0.408,0.037,0.032,1,"PRIMA1"
"UCP3",0.00863,-0.3,0.012,0.015,1,"UCP3"
"BDH1",0.00863,-0.124,0.062,0.07,1,"BDH1"
"ZNF385C",0.00872,-0.301,0.023,0.028,1,"ZNF385C"
"METTL1",0.00872,0.292,0.089,0.083,1,"METTL1"
"LRR1",0.00873,0.187,0.141,0.134,1,"LRR1"
"HSD11B2",0.00883,-0.343,0.013,0.017,1,"HSD11B2"
"VGLL3",0.00884,0.393,0.034,0.029,1,"VGLL3"
"EBP",0.00892,-0.117,0.384,0.404,1,"EBP"
"PRR5",0.00892,-0.147,0.074,0.082,1,"PRR5"
"CCDC51",0.00896,0.172,0.204,0.198,1,"CCDC51"
"ASIP",0.00902,-0.149,0.066,0.074,1,"ASIP"
"TLR5",0.00903,0.366,0.024,0.02,1,"TLR5"
"YIPF7",0.00905,-0.195,0.059,0.066,1,"YIPF7"
"SLC2A11",0.00907,-0.101,0.172,0.186,1,"SLC2A11"
"GOLGA8N",0.00908,0.613,0.014,0.011,1,"GOLGA8N"
"FAM221B",0.00909,-0.411,0.007,0.01,1,"FAM221B"
"ARFIP2",0.00911,0.158,0.231,0.227,1,"ARFIP2"
"ULBP3",0.00912,0.336,0.031,0.027,1,"ULBP3"
"HMX1",0.00913,0.257,0.121,0.114,1,"HMX1"
"SURF6",0.00919,0.107,0.306,0.302,1,"SURF6"
"IGSF6",0.00921,-0.145,0.037,0.043,1,"IGSF6"
"ADRA2C",0.00926,-0.17,0.023,0.027,1,"ADRA2C"
"QTRT2",0.00927,0.106,0.239,0.233,1,"QTRT2"
"PAQR8",0.00928,0.268,0.121,0.114,1,"PAQR8"
"DERL3",0.00933,0.454,0.039,0.034,1,"DERL3"
"C1QTNF9",0.00936,0.767,0.012,0.009,1,"C1QTNF9"
"BLOC1S3",0.0094,0.28,0.071,0.065,1,"BLOC1S3"
"PRRX1",0.0094,0.609,0.022,0.018,1,"PRRX1"
"RAPGEFL1",0.00954,0.221,0.076,0.07,1,"RAPGEFL1"
"ANKRD34A",0.00956,-0.559,0.008,0.011,1,"ANKRD34A"
"FPGT-TNNI3K",0.00958,0.597,0.011,0.009,1,"FPGT-TNNI3K"
"SLC23A1",0.00961,-0.314,0.026,0.031,1,"SLC23A1"
"NPIPB15",0.00972,-0.282,0.018,0.022,1,"NPIPB15"
"TMEM185A",0.00986,-0.102,0.174,0.188,1,"TMEM185A"
"ZNF28",0.01,0.177,0.127,0.119,1,"ZNF28"
"NBPF19",0.0101,0.639,0.01,0.007,1,"NBPF19"
"EMCN",0.0102,-1.048,0.007,0.01,1,"EMCN"
"SLC35G1",0.0102,0.147,0.18,0.173,1,"SLC35G1"
"RBPMS2",0.0102,0.506,0.033,0.028,1,"RBPMS2"
"NHSL2",0.0105,0.171,0.067,0.061,1,"NHSL2"
"ATRIP",0.0106,-0.141,0.081,0.089,1,"ATRIP"
"ENSG00000286905",0.0106,0.387,0.024,0.02,1,"ENSG00000286905"
"ENSG00000279166",0.0106,0.353,0.047,0.042,1,"ENSG00000279166"
"ENSG00000203546",0.0106,0.167,0.23,0.225,1,"ENSG00000203546"
"ELK1",0.0107,0.197,0.152,0.146,1,"ELK1"
"ENSG00000279069",0.0107,-0.234,0.028,0.033,1,"ENSG00000279069"
"FAM20A",0.0107,-0.361,0.017,0.021,1,"FAM20A"
"GHDC",0.0107,0.406,0.049,0.043,1,"GHDC"
"VAMP7",0.0107,0.215,0.124,0.117,1,"VAMP7"
"MTFR2",0.0108,-0.114,0.02,0.024,1,"MTFR2"
"ZNF584",0.0108,0.158,0.264,0.261,1,"ZNF584"
"DIPK1B",0.0109,0.112,0.365,0.367,1,"DIPK1B"
"ZNF705A",0.0109,-0.168,0.042,0.048,1,"ZNF705A"
"CBS",0.011,0.131,0.29,0.284,1,"CBS"
"ENPP1",0.011,-0.237,0.019,0.023,1,"ENPP1"
"MYOM2",0.011,0.832,0.018,0.014,1,"MYOM2"
"KCNAB3",0.011,-0.279,0.019,0.023,1,"KCNAB3"
"ACVR1",0.0112,0.176,0.205,0.199,1,"ACVR1"
"CFAP97D2",0.0112,-0.352,0.01,0.014,1,"CFAP97D2"
"SGK2",0.0112,-0.232,0.026,0.031,1,"SGK2"
"MCEE",0.0112,0.126,0.254,0.249,1,"MCEE"
"MPV17L2",0.0113,0.291,0.084,0.078,1,"MPV17L2"
"SPHK2",0.0113,-0.122,0.136,0.147,1,"SPHK2"
"ZNF701",0.0113,0.153,0.136,0.129,1,"ZNF701"
"SYNDIG1L",0.0114,-0.53,0.008,0.01,1,"SYNDIG1L"
"ZC3H3",0.0114,0.177,0.144,0.137,1,"ZC3H3"
"PPM1M",0.0115,0.294,0.028,0.024,1,"PPM1M"
"RPP40",0.0115,0.213,0.125,0.119,1,"RPP40"
"ENSG00000256646",0.0116,0.392,0.02,0.016,1,"ENSG00000256646"
"WDFY4",0.0116,0.589,0.012,0.009,1,"WDFY4"
"RUVBL2",0.0117,0.127,0.32,0.319,1,"RUVBL2"
"AIM2",0.0117,0.136,0.34,0.334,1,"AIM2"
"ENSG00000280649",0.0117,0.443,0.033,0.028,1,"ENSG00000280649"
"AMACR",0.0117,0.246,0.14,0.134,1,"AMACR"
"TBC1D13",0.0118,0.154,0.196,0.19,1,"TBC1D13"
"BBS10",0.0119,0.218,0.174,0.168,1,"BBS10"
"SHOC1",0.0119,-0.243,0.213,0.225,1,"SHOC1"
"DNAAF11",0.0119,0.114,0.27,0.263,1,"DNAAF11"
"DCLRE1C",0.0121,-0.107,0.319,0.339,1,"DCLRE1C"
"CDC25B",0.0121,0.115,0.216,0.209,1,"CDC25B"
"CFAP77",0.0121,0.219,0.093,0.086,1,"CFAP77"
"ZNF227",0.0122,0.13,0.278,0.275,1,"ZNF227"
"GASK1A",0.0122,0.5,0.036,0.031,1,"GASK1A"
"PAK4",0.0122,0.147,0.172,0.165,1,"PAK4"
"LMO3",0.0123,-0.551,0.57,0.582,1,"LMO3"
"KIF22",0.0123,0.191,0.259,0.253,1,"KIF22"
"C14orf93",0.0123,0.167,0.101,0.094,1,"C14orf93"
"RNASEH2A",0.0123,0.284,0.079,0.072,1,"RNASEH2A"
"PLCL2",0.0124,-0.24,0.483,0.49,1,"PLCL2"
"DGAT1",0.0124,0.208,0.125,0.119,1,"DGAT1"
"MBD6",0.0125,0.19,0.154,0.147,1,"MBD6"
"GRHL2",0.0125,0.36,0.016,0.012,1,"GRHL2"
"USP24",0.0125,-0.102,0.6,0.619,1,"USP24"
"CCNYL1",0.0126,-0.128,0.265,0.28,1,"CCNYL1"
"FOSL2",0.0126,0.3,0.021,0.017,1,"FOSL2"
"C10orf143",0.0127,0.277,0.053,0.048,1,"C10orf143"
"ZNF474",0.0127,0.424,0.044,0.039,1,"ZNF474"
"IPO4",0.0128,0.302,0.055,0.05,1,"IPO4"
"C2CD6",0.0128,-0.281,0.035,0.04,1,"C2CD6"
"SHLD1",0.0128,0.111,0.27,0.264,1,"SHLD1"
"CCNP",0.0128,-0.394,0.011,0.014,1,"CCNP"
"SPATA2",0.0129,0.239,0.088,0.081,1,"SPATA2"
"ZNF726",0.0129,-0.138,0.049,0.055,1,"ZNF726"
"SLC26A1",0.013,-0.277,0.014,0.017,1,"SLC26A1"
"SPIN2A",0.013,-0.316,0.02,0.024,1,"SPIN2A"
"COL24A1",0.0131,0.383,0.03,0.026,1,"COL24A1"
"UCP1",0.0131,-0.376,0.016,0.02,1,"UCP1"
"LZTS2",0.0132,0.163,0.213,0.207,1,"LZTS2"
"PRR11",0.0133,0.207,0.145,0.138,1,"PRR11"
"CNTD1",0.0134,0.256,0.041,0.036,1,"CNTD1"
"IDUA",0.0134,0.203,0.064,0.058,1,"IDUA"
"DNASE1",0.0136,0.1,0.344,0.342,1,"DNASE1"
"SYNE1",0.0137,-0.125,0.78,0.791,1,"SYNE1"
"ITGB4",0.0138,0.429,0.019,0.015,1,"ITGB4"
"MED25",0.0138,0.166,0.209,0.204,1,"MED25"
"RAG2",0.0139,-0.479,0.008,0.011,1,"RAG2"
"XKR9",0.014,-0.117,0.095,0.103,1,"XKR9"
"CDNF",0.0141,0.339,0.048,0.043,1,"CDNF"
"WDR77",0.0141,0.138,0.245,0.24,1,"WDR77"
"ACTR8",0.0142,0.117,0.251,0.246,1,"ACTR8"
"NBPF8",0.0142,0.117,0.186,0.179,1,"NBPF8"
"POLG",0.0142,0.155,0.187,0.182,1,"POLG"
"ITCH",0.0142,0.131,0.219,0.214,1,"ITCH"
"NOP14",0.0143,0.153,0.203,0.197,1,"NOP14"
"C11orf68",0.0143,0.16,0.225,0.22,1,"C11orf68"
"TSC22D3",0.0145,-0.151,0.617,0.63,1,"TSC22D3"
"SIRT7",0.0145,0.141,0.187,0.18,1,"SIRT7"
"HDAC7",0.0146,-0.132,0.169,0.181,1,"HDAC7"
"TRIM61",0.0146,-0.154,0.058,0.065,1,"TRIM61"
"FLACC1",0.0147,0.256,0.066,0.06,1,"FLACC1"
"ZNF276",0.0147,0.17,0.159,0.152,1,"ZNF276"
"ZBTB12",0.0149,-0.211,0.017,0.02,1,"ZBTB12"
"PTPN6",0.0149,0.246,0.058,0.053,1,"PTPN6"
"PARS2",0.015,0.221,0.067,0.061,1,"PARS2"
"ANKRD53",0.015,-0.268,0.011,0.014,1,"ANKRD53"
"C6orf52",0.0152,0.183,0.11,0.103,1,"C6orf52"
"XG",0.0153,0.561,0.014,0.011,1,"XG"
"RGN",0.0153,-0.191,0.021,0.025,1,"RGN"
"SERPINB8",0.0154,0.33,0.051,0.046,1,"SERPINB8"
"PPP1R14A",0.0155,0.524,0.01,0.008,1,"PPP1R14A"
"KCNG2",0.0156,0.172,0.103,0.096,1,"KCNG2"
"LAMA5",0.0156,0.205,0.096,0.089,1,"LAMA5"
"MFSD2B",0.0156,-0.188,0.041,0.047,1,"MFSD2B"
"RARG",0.0157,0.551,0.014,0.011,1,"RARG"
"KIAA0100",0.0158,0.106,0.294,0.291,1,"KIAA0100"
"SEMA3D",0.0161,-0.469,0.038,0.043,1,"SEMA3D"
"C21orf91",0.0162,-0.183,0.217,0.231,1,"C21orf91"
"NPB",0.0162,-0.104,0.062,0.069,1,"NPB"
"FBLN1",0.0162,0.274,0.136,0.13,1,"FBLN1"
"YJU2B",0.0163,0.103,0.393,0.396,1,"YJU2B"
"SEC16B",0.0163,0.288,0.033,0.028,1,"SEC16B"
"PKN3",0.0164,0.392,0.048,0.043,1,"PKN3"
"VPS37C",0.0165,0.206,0.11,0.103,1,"VPS37C"
"SBNO2",0.0165,0.268,0.078,0.072,1,"SBNO2"
"ZKSCAN4",0.0166,0.173,0.137,0.13,1,"ZKSCAN4"
"ENSG00000279696",0.0166,-0.45,0.01,0.012,1,"ENSG00000279696"
"TC2N",0.0167,0.227,0.09,0.084,1,"TC2N"
"ART5",0.0167,0.446,0.017,0.014,1,"ART5"
"C2orf74",0.0167,0.121,0.213,0.207,1,"C2orf74"
"DAPL1",0.0168,0.236,0.02,0.017,1,"DAPL1"
"PKP2",0.0169,0.38,0.079,0.073,1,"PKP2"
"AAAS",0.0169,0.122,0.271,0.268,1,"AAAS"
"PLAC8L1",0.0169,-0.103,0.081,0.089,1,"PLAC8L1"
"PRSS48",0.017,0.172,0.094,0.087,1,"PRSS48"
"DSG2",0.017,0.292,0.031,0.027,1,"DSG2"
"GID4",0.0172,0.183,0.154,0.147,1,"GID4"
"TAS2R30",0.0173,0.311,0.02,0.016,1,"TAS2R30"
"PPFIBP2",0.0174,0.166,0.098,0.091,1,"PPFIBP2"
"ASL",0.0175,0.161,0.145,0.138,1,"ASL"
"RELT",0.0176,-0.153,0.038,0.044,1,"RELT"
"ACOT11",0.0177,0.214,0.043,0.038,1,"ACOT11"
"JPT2",0.0178,0.119,0.283,0.28,1,"JPT2"
"LGALS9",0.0178,0.419,0.014,0.011,1,"LGALS9"
"ENSG00000278926",0.0178,0.32,0.019,0.016,1,"ENSG00000278926"
"CD109",0.0179,0.249,0.034,0.029,1,"CD109"
"ENSG00000279865",0.018,-0.267,0.017,0.02,1,"ENSG00000279865"
"ENSG00000272916",0.018,-0.466,0.007,0.01,1,"ENSG00000272916"
"STK36",0.0181,0.179,0.129,0.123,1,"STK36"
"WFDC2",0.0182,0.293,0.048,0.043,1,"WFDC2"
"P2RY12",0.0182,0.251,0.023,0.019,1,"P2RY12"
"SYTL3",0.0184,-0.278,0.03,0.035,1,"SYTL3"
"SCOC",0.0184,-0.13,0.789,0.793,1,"SCOC"
"PCDH12",0.0185,-0.298,0.017,0.02,1,"PCDH12"
"PIGM",0.0188,0.105,0.262,0.258,1,"PIGM"
"SLC25A35",0.019,0.426,0.027,0.023,1,"SLC25A35"
"HLA-DMA",0.019,-0.169,0.027,0.032,1,"HLA-DMA"
"PNPLA4",0.019,0.278,0.082,0.076,1,"PNPLA4"
"PFKFB2",0.0191,0.249,0.11,0.104,1,"PFKFB2"
"GDF9",0.0192,-0.305,0.009,0.011,1,"GDF9"
"RHCG",0.0192,0.202,0.066,0.061,1,"RHCG"
"B3GALNT1",0.0192,-0.162,0.148,0.158,1,"B3GALNT1"
"LIME1",0.0192,0.366,0.02,0.017,1,"LIME1"
"OGFOD2",0.0193,0.284,0.059,0.054,1,"OGFOD2"
"PCOLCE",0.0193,-0.291,0.012,0.014,1,"PCOLCE"
"TAL2",0.0194,-0.438,0.037,0.042,1,"TAL2"
"ZNF233",0.0194,-0.161,0.039,0.044,1,"ZNF233"
"RFESD",0.0194,0.338,0.049,0.044,1,"RFESD"
"SOCS2",0.0197,0.194,0.13,0.123,1,"SOCS2"
"ZSCAN22",0.0197,-0.204,0.033,0.038,1,"ZSCAN22"
"ENSG00000278963",0.0199,-0.159,0.027,0.031,1,"ENSG00000278963"
"ENSG00000279598",0.0199,0.239,0.047,0.042,1,"ENSG00000279598"
"HIGD1C",0.02,-0.279,0.036,0.041,1,"HIGD1C"
"PNCK",0.0201,-0.144,0.085,0.093,1,"PNCK"
"CCDC152",0.0201,0.153,0.09,0.084,1,"CCDC152"
"ENSG00000279319",0.0201,0.373,0.033,0.029,1,"ENSG00000279319"
"POLR1G",0.0202,0.254,0.107,0.101,1,"POLR1G"
"NEK5",0.0202,-0.124,0.148,0.158,1,"NEK5"
"AKNAD1",0.0203,0.276,0.063,0.057,1,"AKNAD1"
"FBXO34",0.0203,-0.107,0.486,0.507,1,"FBXO34"
"CIBAR2",0.0203,0.275,0.051,0.046,1,"CIBAR2"
"NAT10",0.0203,0.114,0.293,0.29,1,"NAT10"
"NOMO1",0.0206,-0.117,0.182,0.193,1,"NOMO1"
"TAGLN",0.0207,0.314,0.033,0.029,1,"TAGLN"
"ARFGAP1",0.0208,0.139,0.132,0.125,1,"ARFGAP1"
"DXO",0.0208,0.22,0.086,0.08,1,"DXO"
"MTA2",0.0209,0.179,0.147,0.141,1,"MTA2"
"PRUNE2",0.021,0.14,0.39,0.416,1,"PRUNE2"
"SHMT1",0.021,0.192,0.141,0.135,1,"SHMT1"
"PIAS4",0.0212,0.143,0.223,0.218,1,"PIAS4"
"GCNA",0.0212,0.211,0.074,0.069,1,"GCNA"
"HVCN1",0.0212,0.24,0.098,0.092,1,"HVCN1"
"THAP8",0.0213,0.217,0.141,0.135,1,"THAP8"
"CC2D2B",0.0213,0.307,0.069,0.063,1,"CC2D2B"
"NFKBIL1",0.0215,0.121,0.265,0.262,1,"NFKBIL1"
"TMEM269",0.0216,-0.201,0.038,0.043,1,"TMEM269"
"ZNF763",0.0217,0.262,0.059,0.053,1,"ZNF763"
"ENSG00000214558",0.0217,-0.417,0.008,0.011,1,"ENSG00000214558"
"FBLN7",0.0217,0.324,0.058,0.053,1,"FBLN7"
"MVK",0.0218,0.117,0.245,0.24,1,"MVK"
"MFSD4A",0.022,0.192,0.115,0.108,1,"MFSD4A"
"GALNT3",0.022,-0.437,0.01,0.012,1,"GALNT3"
"ABRACL",0.0221,-0.177,0.319,0.334,1,"ABRACL"
"HDAC6",0.0221,0.105,0.197,0.191,1,"HDAC6"
"TCTA",0.0222,0.165,0.129,0.123,1,"TCTA"
"EPB41L3",0.0222,-0.191,0.401,0.416,1,"EPB41L3"
"PIK3AP1",0.0223,-0.123,0.012,0.015,1,"PIK3AP1"
"CACNG1",0.0224,-0.217,0.008,0.011,1,"CACNG1"
"HGH1",0.0224,0.312,0.057,0.052,1,"HGH1"
"COL4A3",0.0228,-0.229,0.036,0.041,1,"COL4A3"
"DGAT2L6",0.0228,-0.312,0.015,0.018,1,"DGAT2L6"
"SSUH2",0.0228,-0.171,0.009,0.012,1,"SSUH2"
"ENSG00000279283",0.0228,-0.201,0.034,0.038,1,"ENSG00000279283"
"ARHGEF19",0.0229,-0.17,0.017,0.021,1,"ARHGEF19"
"QRICH2",0.0231,-0.116,0.071,0.078,1,"QRICH2"
"ZC3H12A",0.0231,0.549,0.01,0.007,1,"ZC3H12A"
"MIA",0.0231,0.572,0.015,0.012,1,"MIA"
"FARSA",0.0232,0.111,0.302,0.302,1,"FARSA"
"MARVELD2",0.0232,0.456,0.013,0.011,1,"MARVELD2"
"ZNF775",0.0232,0.117,0.294,0.291,1,"ZNF775"
"ASB7",0.0234,0.144,0.243,0.239,1,"ASB7"
"GLRA1",0.0236,-0.403,0.024,0.028,1,"GLRA1"
"GNA14",0.0237,-1.081,0.031,0.035,1,"GNA14"
"CLBA1",0.0237,0.188,0.133,0.128,1,"CLBA1"
"TIMM50",0.0238,0.113,0.293,0.291,1,"TIMM50"
"UTP15",0.024,0.15,0.14,0.134,1,"UTP15"
"CATSPERG",0.0241,-0.102,0.159,0.17,1,"CATSPERG"
"PLK4",0.0241,0.1,0.057,0.063,1,"PLK4"
"ZNF280D",0.0241,-0.214,0.027,0.031,1,"ZNF280D"
"ERICH6B",0.0242,-0.156,0.017,0.02,1,"ERICH6B"
"ENSG00000254732",0.0242,0.172,0.094,0.088,1,"ENSG00000254732"
"SIX4",0.0242,0.377,0.023,0.019,1,"SIX4"
"PPEF1",0.0243,-0.615,0.011,0.013,1,"PPEF1"
"SERPIND1",0.0244,-0.247,0.017,0.021,1,"SERPIND1"
"ACBD7",0.0244,0.274,0.084,0.078,1,"ACBD7"
"ERAL1",0.0245,0.136,0.211,0.207,1,"ERAL1"
"SKIV2L",0.0245,0.19,0.087,0.081,1,"SKIV2L"
"SLC16A13",0.0246,-0.189,0.034,0.039,1,"SLC16A13"
"COL9A1",0.0247,-0.125,0.044,0.049,1,"COL9A1"
"TSSK6",0.0247,0.384,0.02,0.017,1,"TSSK6"
"CCDC13",0.0247,0.246,0.089,0.083,1,"CCDC13"
"ENSG00000268083",0.0248,0.358,0.012,0.009,1,"ENSG00000268083"
"NUTM2G",0.0248,-0.257,0.013,0.016,1,"NUTM2G"
"F2RL2",0.025,0.45,0.016,0.013,1,"F2RL2"
"PLEKHG5",0.025,0.14,0.108,0.102,1,"PLEKHG5"
"TAF6L",0.0253,0.203,0.138,0.132,1,"TAF6L"
"PABIR2",0.0254,0.256,0.143,0.137,1,"PABIR2"
"NME2",0.0254,0.257,0.08,0.074,1,"NME2"
"LIPT1",0.0255,0.199,0.132,0.126,1,"LIPT1"
"DDX27",0.0255,0.118,0.307,0.305,1,"DDX27"
"MAMSTR",0.0256,0.284,0.057,0.052,1,"MAMSTR"
"ASS1",0.0256,-0.185,0.019,0.022,1,"ASS1"
"STK31",0.0259,-0.194,0.023,0.027,1,"STK31"
"FBXO5",0.0259,0.226,0.161,0.155,1,"FBXO5"
"TMEM272",0.0259,-0.273,0.009,0.011,1,"TMEM272"
"CR1L",0.026,-0.237,0.009,0.012,1,"CR1L"
"ENSG00000279103",0.0261,-0.107,0.062,0.068,1,"ENSG00000279103"
"ADSS1",0.0262,0.378,0.031,0.027,1,"ADSS1"
"PMF1-BGLAP",0.0262,-0.178,0.011,0.014,1,"PMF1-BGLAP"
"PCDHGA9",0.0263,0.346,0.017,0.014,1,"PCDHGA9"
"PON3",0.0264,0.373,0.022,0.019,1,"PON3"
"CDC25C",0.0265,0.177,0.046,0.051,1,"CDC25C"
"PRR22",0.0265,0.317,0.01,0.008,1,"PRR22"
"SPSB1",0.0267,0.365,0.031,0.027,1,"SPSB1"
"OGFR",0.0267,0.13,0.269,0.267,1,"OGFR"
"SLC26A6",0.0268,0.294,0.024,0.02,1,"SLC26A6"
"ANG",0.027,0.286,0.079,0.073,1,"ANG"
"TTC30A",0.0271,0.187,0.112,0.106,1,"TTC30A"
"CACNG5",0.0271,0.147,0.028,0.024,1,"CACNG5"
"FKRP",0.0272,0.137,0.223,0.219,1,"FKRP"
"PCED1B",0.0273,0.224,0.122,0.115,1,"PCED1B"
"DLEC1",0.0274,0.309,0.032,0.028,1,"DLEC1"
"MAML3",0.0274,-0.25,0.6,0.601,1,"MAML3"
"ABCA12",0.0276,0.121,0.044,0.039,1,"ABCA12"
"ENSG00000279203",0.0279,-0.109,0.045,0.05,1,"ENSG00000279203"
"RIBC1",0.0279,0.289,0.071,0.066,1,"RIBC1"
"CAGE1",0.028,-0.302,0.011,0.014,1,"CAGE1"
"LONP1",0.0282,0.109,0.248,0.244,1,"LONP1"
"ZCCHC4",0.0283,0.148,0.167,0.162,1,"ZCCHC4"
"MAPK7",0.0287,0.172,0.174,0.169,1,"MAPK7"
"ENSG00000279135",0.0287,-0.387,0.01,0.012,1,"ENSG00000279135"
"PIM2",0.0287,0.218,0.064,0.058,1,"PIM2"
"ADAP2",0.0288,0.185,0.099,0.093,1,"ADAP2"
"BRICD5",0.0288,-0.353,0.01,0.013,1,"BRICD5"
"TOMM34",0.0289,0.161,0.186,0.181,1,"TOMM34"
"UHRF1",0.0289,0.293,0.112,0.105,1,"UHRF1"
"ENSG00000279689",0.0292,-0.325,0.008,0.01,1,"ENSG00000279689"
"BCL2L11",0.0294,0.231,0.104,0.098,1,"BCL2L11"
"HAAO",0.0294,0.238,0.046,0.042,1,"HAAO"
"ENSG00000278909",0.0295,0.395,0.028,0.024,1,"ENSG00000278909"
"AGMAT",0.0297,0.262,0.027,0.023,1,"AGMAT"
"ATAD3A",0.0299,0.19,0.13,0.125,1,"ATAD3A"
"ENSG00000280190",0.0299,0.368,0.019,0.016,1,"ENSG00000280190"
"MKS1",0.0302,0.118,0.193,0.188,1,"MKS1"
"BMP6",0.0303,0.124,0.011,0.009,1,"BMP6"
"OTOA",0.0304,-0.102,0.014,0.018,1,"OTOA"
"PODXL",0.0304,0.162,0.129,0.123,1,"PODXL"
"ODF3B",0.0305,0.369,0.013,0.01,1,"ODF3B"
"ZDHHC7",0.0306,0.134,0.221,0.216,1,"ZDHHC7"
"CCT6B",0.031,0.146,0.095,0.089,1,"CCT6B"
"PCDHGB7",0.0311,0.254,0.075,0.07,1,"PCDHGB7"
"PRELID3A",0.0312,0.103,0.196,0.19,1,"PRELID3A"
"PML",0.0313,0.144,0.126,0.12,1,"PML"
"MEN1",0.0314,0.171,0.164,0.159,1,"MEN1"
"C6orf47",0.0316,0.195,0.152,0.147,1,"C6orf47"
"TIGIT",0.0316,0.34,0.011,0.009,1,"TIGIT"
"TAF7L",0.0316,-0.298,0.012,0.015,1,"TAF7L"
"KLF5",0.0316,-0.339,0.014,0.017,1,"KLF5"
"GRAMD2A",0.0317,0.272,0.013,0.01,1,"GRAMD2A"
"ZNF619",0.0318,0.228,0.048,0.043,1,"ZNF619"
"CES3",0.0319,0.652,0.01,0.007,1,"CES3"
"AKR7A3",0.0319,0.434,0.014,0.011,1,"AKR7A3"
"FHIP1A",0.032,0.293,0.073,0.068,1,"FHIP1A"
"WDR88",0.0321,-0.107,0.054,0.06,1,"WDR88"
"FTCDNL1",0.0321,0.238,0.158,0.152,1,"FTCDNL1"
"HORMAD2",0.0321,0.374,0.015,0.012,1,"HORMAD2"
"EHD4",0.0322,0.218,0.032,0.028,1,"EHD4"
"C17orf78",0.0322,-0.244,0.021,0.025,1,"C17orf78"
"UCHL1",0.0322,-0.291,0.956,0.945,1,"UCHL1"
"DIRAS3",0.0326,-0.495,0.034,0.038,1,"DIRAS3"
"DALRD3",0.0328,0.102,0.294,0.291,1,"DALRD3"
"ZNF408",0.0332,0.23,0.057,0.052,1,"ZNF408"
"MECR",0.0335,0.1,0.264,0.262,1,"MECR"
"CLDN2",0.0336,-0.231,0.026,0.03,1,"CLDN2"
"DPH2",0.0337,0.225,0.073,0.067,1,"DPH2"
"C1orf115",0.034,0.242,0.029,0.025,1,"C1orf115"
"DYNLT3",0.0342,0.124,0.146,0.14,1,"DYNLT3"
"PFKFB3",0.0343,-0.157,0.23,0.243,1,"PFKFB3"
"H1-3",0.0345,-0.121,0.127,0.136,1,"H1-3"
"CDKL4",0.0346,0.223,0.028,0.024,1,"CDKL4"
"ALPL",0.0346,0.438,0.023,0.02,1,"ALPL"
"IAPP",0.035,0.183,0.103,0.097,1,"IAPP"
"PROSER3",0.0351,0.15,0.121,0.115,1,"PROSER3"
"ARHGAP27",0.0354,0.281,0.012,0.009,1,"ARHGAP27"
"ENSG00000280187",0.0354,0.173,0.125,0.119,1,"ENSG00000280187"
"HDHD3",0.0355,0.127,0.144,0.139,1,"HDHD3"
"C12orf60",0.0356,0.107,0.078,0.072,1,"C12orf60"
"ADA2",0.0362,0.261,0.046,0.042,1,"ADA2"
"DNAJB9",0.0365,0.102,0.488,0.49,1,"DNAJB9"
"ENSG00000279573",0.0365,0.222,0.039,0.035,1,"ENSG00000279573"
"TTC31",0.0366,0.186,0.099,0.094,1,"TTC31"
"SLC66A1",0.0366,0.214,0.099,0.093,1,"SLC66A1"
"TRANK1",0.0366,0.143,0.04,0.036,1,"TRANK1"
"INAVA",0.037,0.349,0.053,0.049,1,"INAVA"
"IQCA1",0.0371,0.32,0.043,0.039,1,"IQCA1"
"SHBG",0.0372,0.295,0.024,0.021,1,"SHBG"
"F2RL1",0.0379,0.479,0.014,0.012,1,"F2RL1"
"NTHL1",0.0382,0.112,0.287,0.287,1,"NTHL1"
"ZNF169",0.0382,-0.145,0.107,0.115,1,"ZNF169"
"MROH6",0.0383,0.403,0.014,0.011,1,"MROH6"
"ARG1",0.0384,-0.216,0.023,0.027,1,"ARG1"
"EMILIN3",0.0385,-0.286,0.01,0.012,1,"EMILIN3"
"VAMP4",0.0386,0.109,0.267,0.265,1,"VAMP4"
"AMPD3",0.0388,-0.283,0.024,0.028,1,"AMPD3"
"SPATA21",0.039,0.249,0.062,0.058,1,"SPATA21"
"GDPGP1",0.039,0.166,0.059,0.054,1,"GDPGP1"
"GPR157",0.0391,0.434,0.015,0.013,1,"GPR157"
"ADAMTSL4",0.0392,0.269,0.01,0.008,1,"ADAMTSL4"
"SLC24A1",0.0392,0.157,0.075,0.069,1,"SLC24A1"
"ENSG00000280079",0.0393,-0.114,0.01,0.013,1,"ENSG00000280079"
"NEUROG1",0.0394,-0.447,0.012,0.014,1,"NEUROG1"
"PTCD1",0.0394,0.314,0.067,0.062,1,"PTCD1"
"ANO7",0.0396,0.257,0.012,0.01,1,"ANO7"
"ETFBKMT",0.0396,0.14,0.095,0.089,1,"ETFBKMT"
"CSPG4",0.0397,-0.157,0.007,0.01,1,"CSPG4"
"KLF8",0.0397,-0.125,0.053,0.059,1,"KLF8"
"CRACR2B",0.0397,0.293,0.024,0.021,1,"CRACR2B"
"SMIM10L2A",0.0398,0.178,0.09,0.085,1,"SMIM10L2A"
"IL34",0.04,0.27,0.037,0.033,1,"IL34"
"GPR37L1",0.0402,0.221,0.104,0.099,1,"GPR37L1"
"KIFC1",0.0402,0.111,0.055,0.06,1,"KIFC1"
"FAM171B",0.0406,0.197,0.704,0.73,1,"FAM171B"
"SIM2",0.0409,0.34,0.049,0.045,1,"SIM2"
"CKM",0.0411,-0.198,0.019,0.022,1,"CKM"
"ANGPTL4",0.0411,0.32,0.021,0.018,1,"ANGPTL4"
"CAPG",0.0413,0.47,0.011,0.009,1,"CAPG"
"CCDC121",0.0417,0.161,0.126,0.12,1,"CCDC121"
"SAP25",0.0419,-0.191,0.014,0.017,1,"SAP25"
"HBQ1",0.0419,-0.106,0.041,0.045,1,"HBQ1"
"FOXN4",0.0423,0.447,0.015,0.013,1,"FOXN4"
"NR1D1",0.0424,0.38,0.032,0.029,1,"NR1D1"
"NR4A1",0.0424,0.241,0.077,0.072,1,"NR4A1"
"PHF8",0.0425,0.119,0.279,0.278,1,"PHF8"
"UNC5CL",0.0427,0.482,0.01,0.008,1,"UNC5CL"
"RCBTB2",0.0428,0.105,0.262,0.259,1,"RCBTB2"
"ZNF446",0.043,0.126,0.111,0.105,1,"ZNF446"
"MUL1",0.0431,0.129,0.186,0.181,1,"MUL1"
"CYP2E1",0.0432,-0.245,0.01,0.012,1,"CYP2E1"
"ENSG00000141979",0.0432,-0.179,0.046,0.051,1,"ENSG00000141979"
"PCBP3",0.0436,-0.34,0.21,0.219,1,"PCBP3"
"SGK3",0.0436,0.312,0.043,0.039,1,"SGK3"
"TERB1",0.0436,0.572,0.012,0.01,1,"TERB1"
"PDCD11",0.044,0.113,0.285,0.285,1,"PDCD11"
"CDH26",0.0444,-0.223,0.017,0.02,1,"CDH26"
"PLA2G10",0.0445,-0.11,0.021,0.025,1,"PLA2G10"
"ACRV1",0.0445,-0.127,0.01,0.012,1,"ACRV1"
"BANK1",0.0446,-0.403,0.008,0.01,1,"BANK1"
"ENSG00000279354",0.0447,-0.181,0.01,0.012,1,"ENSG00000279354"
"IGFL4",0.0449,0.113,0.072,0.067,1,"IGFL4"
"TMC4",0.0451,-0.104,0.029,0.033,1,"TMC4"
"SCART1",0.0452,-0.168,0.039,0.043,1,"SCART1"
"F10",0.0454,-0.26,0.012,0.015,1,"F10"
"DNAI1",0.0454,0.22,0.115,0.11,1,"DNAI1"
"AKR1E2",0.0455,-0.185,0.012,0.015,1,"AKR1E2"
"RHBDL1",0.0456,0.233,0.027,0.023,1,"RHBDL1"
"TMC5",0.0458,0.211,0.014,0.011,1,"TMC5"
"RRP9",0.0458,0.182,0.178,0.174,1,"RRP9"
"MFSD2A",0.0461,0.122,0.065,0.071,1,"MFSD2A"
"CPNE4",0.0465,-0.369,0.125,0.133,1,"CPNE4"
"BLOC1S5",0.0467,0.126,0.253,0.252,1,"BLOC1S5"
"NICN1",0.0469,0.539,0.016,0.013,1,"NICN1"
"MTBP",0.0471,0.113,0.218,0.213,1,"MTBP"
"FITM2",0.0474,-0.127,0.074,0.08,1,"FITM2"
"TMEM204",0.0475,-0.102,0.016,0.019,1,"TMEM204"
"ENSG00000285641",0.0476,0.485,0.013,0.011,1,"ENSG00000285641"
"C1orf74",0.0476,-0.133,0.025,0.029,1,"C1orf74"
"TM6SF2",0.0476,0.302,0.013,0.01,1,"TM6SF2"
"SPATA5L1",0.0478,0.108,0.305,0.305,1,"SPATA5L1"
"ENSG00000167774",0.0481,0.358,0.01,0.008,1,"ENSG00000167774"
"DCUN1D3",0.0483,-0.121,0.066,0.072,1,"DCUN1D3"
"NCAPG",0.0484,0.188,0.076,0.083,1,"NCAPG"
"C10orf105",0.0488,0.326,0.015,0.013,1,"C10orf105"
"ENSG00000280332",0.0493,-0.121,0.029,0.033,1,"ENSG00000280332"
"FUT2",0.0497,0.247,0.012,0.009,1,"FUT2"
"METTL25B",0.0497,0.169,0.175,0.171,1,"METTL25B"
"EGLN3",0.0498,-0.188,0.177,0.187,1,"EGLN3"
"DNAL4",0.0501,0.126,0.227,0.224,1,"DNAL4"
"ZNF658",0.0501,0.113,0.166,0.16,1,"ZNF658"
"CCDC190",0.0503,0.37,0.016,0.013,1,"CCDC190"
"CPO",0.0505,-0.147,0.009,0.011,1,"CPO"
"PDE4D",0.0506,-0.391,0.83,0.818,1,"PDE4D"
"DRICH1",0.0507,-0.257,0.009,0.011,1,"DRICH1"
"TTK",0.0507,0.2,0.04,0.045,1,"TTK"
"GPX2",0.051,0.284,0.014,0.012,1,"GPX2"
"ASPRV1",0.0511,-0.298,0.009,0.011,1,"ASPRV1"
"ZNF684",0.0512,0.165,0.118,0.113,1,"ZNF684"
"LRRC37A",0.0513,-0.13,0.089,0.096,1,"LRRC37A"
"OLIG1",0.0516,-0.2,0.161,0.152,1,"OLIG1"
"TNK1",0.0517,-0.333,0.013,0.016,1,"TNK1"
"SYVN1",0.0521,0.207,0.11,0.106,1,"SYVN1"
"PCDHGA2",0.0521,-0.267,0.008,0.01,1,"PCDHGA2"
"CFAP99",0.0523,-0.273,0.014,0.016,1,"CFAP99"
"ACOT8",0.0527,0.131,0.202,0.198,1,"ACOT8"
"CRTC2",0.0527,0.217,0.067,0.063,1,"CRTC2"
"SULT1A3",0.0527,0.252,0.031,0.027,1,"SULT1A3"
"DGCR6",0.0529,0.153,0.061,0.057,1,"DGCR6"
"PCDHGB4",0.0529,0.192,0.06,0.055,1,"PCDHGB4"
"SAMD15",0.0531,0.16,0.129,0.124,1,"SAMD15"
"ZNF768",0.0531,0.19,0.115,0.11,1,"ZNF768"
"CHRNA5",0.0532,0.114,0.075,0.081,1,"CHRNA5"
"TRIM62",0.0533,-0.105,0.085,0.092,1,"TRIM62"
"ZNF513",0.0538,0.153,0.119,0.114,1,"ZNF513"
"LST1",0.054,0.58,0.013,0.011,1,"LST1"
"ALG1L2",0.0541,0.246,0.048,0.044,1,"ALG1L2"
"GHRL",0.0542,0.247,0.038,0.035,1,"GHRL"
"SORCS1",0.0542,-0.236,0.409,0.402,1,"SORCS1"
"FBXO16",0.0544,-0.118,0.446,0.46,1,"FBXO16"
"KCTD6",0.0544,0.186,0.246,0.246,1,"KCTD6"
"SOAT1",0.0546,0.109,0.242,0.238,1,"SOAT1"
"ENSG00000267001",0.0548,-0.307,0.01,0.012,1,"ENSG00000267001"
"KIAA1522",0.0548,-0.118,0.065,0.071,1,"KIAA1522"
"NAAA",0.055,-0.17,0.064,0.07,1,"NAAA"
"GLI4",0.0555,0.132,0.199,0.196,1,"GLI4"
"AK8",0.0557,0.188,0.109,0.104,1,"AK8"
"ELOA",0.056,0.103,0.352,0.356,1,"ELOA"
"CCDC62",0.056,-0.139,0.061,0.066,1,"CCDC62"
"LSMEM2",0.0562,-0.208,0.01,0.012,1,"LSMEM2"
"FGF22",0.057,-0.226,0.01,0.012,1,"FGF22"
"MT-TP",0.0572,0.292,0.013,0.01,1,"MT-TP"
"OIT3",0.0576,0.351,0.017,0.014,1,"OIT3"
"ZKSCAN5",0.0578,0.148,0.166,0.162,1,"ZKSCAN5"
"GBP3",0.0578,-0.237,0.009,0.011,1,"GBP3"
"TRPM4",0.058,0.133,0.099,0.094,1,"TRPM4"
"PAPOLB",0.0582,-0.353,0.008,0.01,1,"PAPOLB"
"AAR2",0.0585,0.131,0.189,0.186,1,"AAR2"
"CFAP47",0.0593,0.265,0.16,0.154,1,"CFAP47"
"ADPRHL1",0.0593,0.296,0.033,0.029,1,"ADPRHL1"
"SMIM5",0.0597,0.456,0.011,0.009,1,"SMIM5"
"ARSK",0.0599,0.136,0.174,0.17,1,"ARSK"
"POLR3D",0.0605,0.102,0.256,0.254,1,"POLR3D"
"KMT5C",0.0607,0.15,0.119,0.114,1,"KMT5C"
"SLC29A1",0.0608,0.237,0.097,0.093,1,"SLC29A1"
"ZNF665",0.0608,0.163,0.108,0.103,1,"ZNF665"
"ISY1-RAB43",0.0613,-0.191,0.013,0.016,1,"ISY1-RAB43"
"FZD4",0.0615,-0.248,0.014,0.017,1,"FZD4"
"MICALL1",0.0617,0.203,0.099,0.094,1,"MICALL1"
"ENSG00000266918",0.0618,-0.214,0.019,0.022,1,"ENSG00000266918"
"CMTR1",0.0622,0.112,0.204,0.2,1,"CMTR1"
"SYT10",0.0625,-0.102,0.014,0.017,1,"SYT10"
"OXTR",0.0636,0.125,0.011,0.013,1,"OXTR"
"RNF125",0.0637,-0.272,0.016,0.019,1,"RNF125"
"DMRTC1B",0.0637,0.316,0.011,0.009,1,"DMRTC1B"
"PCDHA5",0.0638,-0.15,0.045,0.05,1,"PCDHA5"
"UCN",0.0639,-0.111,0.031,0.035,1,"UCN"
"CTSV",0.0642,-0.12,0.054,0.059,1,"CTSV"
"OPN1SW",0.0643,0.381,0.012,0.01,1,"OPN1SW"
"ING5",0.0643,0.1,0.316,0.317,1,"ING5"
"HSPBAP1",0.0645,0.165,0.202,0.199,1,"HSPBAP1"
"TRBC2",0.0647,0.422,0.024,0.021,1,"TRBC2"
"PDE6C",0.065,-0.168,0.026,0.029,1,"PDE6C"
"EXO1",0.065,0.105,0.049,0.054,1,"EXO1"
"DDIAS",0.065,0.173,0.034,0.038,1,"DDIAS"
"PEX11G",0.0651,0.187,0.038,0.034,1,"PEX11G"
"C19orf54",0.0652,0.332,0.039,0.035,1,"C19orf54"
"GNRH1",0.0653,0.334,0.014,0.011,1,"GNRH1"
"DDO",0.0653,0.454,0.02,0.017,1,"DDO"
"PEX12",0.0659,0.198,0.097,0.093,1,"PEX12"
"CTDP1",0.0662,0.149,0.136,0.131,1,"CTDP1"
"C16orf96",0.0662,0.361,0.014,0.012,1,"C16orf96"
"PIGG",0.0662,0.114,0.208,0.204,1,"PIGG"
"PPP1R3B",0.0666,0.325,0.036,0.033,1,"PPP1R3B"
"PCK2",0.067,0.244,0.041,0.038,1,"PCK2"
"RSPO4",0.0672,-0.115,0.038,0.042,1,"RSPO4"
"NXNL2",0.0673,-0.24,0.008,0.01,1,"NXNL2"
"SPATA32",0.0676,0.54,0.015,0.013,1,"SPATA32"
"EEF1AKMT3",0.0681,0.2,0.035,0.031,1,"EEF1AKMT3"
"VIPR2",0.0684,0.175,0.021,0.018,1,"VIPR2"
"ZNF526",0.0687,0.277,0.054,0.05,1,"ZNF526"
"VN1R1",0.0688,-0.329,0.012,0.014,1,"VN1R1"
"H3-3B",0.0688,-0.179,0.999,0.991,1,"H3-3B"
"EFCAB10",0.0694,0.144,0.112,0.107,1,"EFCAB10"
"TMPRSS9",0.0699,0.175,0.058,0.054,1,"TMPRSS9"
"CHDH",0.0706,0.155,0.119,0.115,1,"CHDH"
"GATC",0.0717,0.125,0.231,0.229,1,"GATC"
"TNFAIP8L3",0.0721,0.263,0.057,0.053,1,"TNFAIP8L3"
"MYLK4",0.0721,-0.264,0.024,0.027,1,"MYLK4"
"PDCD1LG2",0.0724,-0.167,0.041,0.045,1,"PDCD1LG2"
"ZNF425",0.0725,0.138,0.154,0.149,1,"ZNF425"
"ANKEF1",0.0726,0.136,0.085,0.08,1,"ANKEF1"
"UBQLN4",0.0728,0.132,0.239,0.238,1,"UBQLN4"
"CNNM3",0.0728,0.149,0.123,0.118,1,"CNNM3"
"ANKHD1-EIF4EBP3",0.0729,0.155,0.113,0.108,1,"ANKHD1-EIF4EBP3"
"CA3",0.073,0.187,0.049,0.045,1,"CA3"
"PRORP",0.0733,0.252,0.036,0.033,1,"PRORP"
"MRM1",0.0734,-0.115,0.028,0.032,1,"MRM1"
"BCKDHA",0.0736,0.19,0.117,0.113,1,"BCKDHA"
"PLD2",0.0738,0.279,0.054,0.05,1,"PLD2"
"TMEM265",0.0739,0.168,0.079,0.074,1,"TMEM265"
"GLI1",0.0739,0.423,0.011,0.009,1,"GLI1"
"OLFML1",0.0741,0.204,0.01,0.008,1,"OLFML1"
"EPOR",0.0745,0.17,0.067,0.063,1,"EPOR"
"STK17B",0.0746,0.346,0.061,0.057,1,"STK17B"
"ATP13A5",0.0748,0.277,0.023,0.02,1,"ATP13A5"
"C11orf1",0.0753,0.157,0.161,0.157,1,"C11orf1"
"AURKA",0.0753,0.214,0.056,0.052,1,"AURKA"
"ZNF45",0.0755,0.146,0.149,0.145,1,"ZNF45"
"ACSM5",0.0755,0.306,0.016,0.014,1,"ACSM5"
"CTSC",0.0759,0.132,0.087,0.083,1,"CTSC"
"RGPD5",0.0759,-0.296,0.023,0.026,1,"RGPD5"
"MNT",0.076,0.179,0.164,0.161,1,"MNT"
"SART1",0.0762,0.102,0.311,0.312,1,"SART1"
"ZMYND12",0.0763,0.431,0.014,0.012,1,"ZMYND12"
"LENG1",0.0764,0.124,0.181,0.176,1,"LENG1"
"NANP",0.0769,0.152,0.114,0.11,1,"NANP"
"ENSG00000279649",0.0769,-0.218,0.015,0.018,1,"ENSG00000279649"
"FAM217A",0.0774,0.201,0.05,0.046,1,"FAM217A"
"UBR7",0.0785,0.112,0.257,0.255,1,"UBR7"
"KIF2C",0.0785,0.196,0.05,0.055,1,"KIF2C"
"ZNF816",0.079,0.326,0.033,0.03,1,"ZNF816"
"ENSG00000280388",0.0791,0.404,0.021,0.019,1,"ENSG00000280388"
"JCAD",0.0794,-0.219,0.034,0.037,1,"JCAD"
"SLC38A4",0.08,0.347,0.017,0.015,1,"SLC38A4"
"SFT2D3",0.08,0.127,0.197,0.195,1,"SFT2D3"
"ENSG00000226690",0.0804,0.487,0.014,0.012,1,"ENSG00000226690"
"PLAGL2",0.081,0.117,0.156,0.152,1,"PLAGL2"
"FDXACB1",0.0811,0.305,0.049,0.046,1,"FDXACB1"
"KANK3",0.0815,0.153,0.029,0.025,1,"KANK3"
"TIGD4",0.0817,0.152,0.137,0.133,1,"TIGD4"
"P2RY11",0.0819,-0.103,0.01,0.012,1,"P2RY11"
"GPR160",0.082,0.316,0.022,0.02,1,"GPR160"
"WDPCP",0.0821,-0.147,0.759,0.762,1,"WDPCP"
"YRDC",0.0822,0.13,0.261,0.261,1,"YRDC"
"FBXW10",0.0825,-0.167,0.016,0.018,1,"FBXW10"
"SLC14A2",0.0825,-0.156,0.061,0.065,1,"SLC14A2"
"AAK1",0.0826,-0.103,0.723,0.735,1,"AAK1"
"ARRDC2",0.0831,-0.161,0.009,0.011,1,"ARRDC2"
"ENSG00000280138",0.0832,0.143,0.207,0.204,1,"ENSG00000280138"
"BRCA2",0.0839,0.155,0.092,0.098,1,"BRCA2"
"TOX",0.0849,-0.102,0.819,0.808,1,"TOX"
"SLC43A3",0.0851,0.411,0.011,0.009,1,"SLC43A3"
"CLCN1",0.0852,-0.274,0.008,0.01,1,"CLCN1"
"ZNF688",0.0852,0.141,0.211,0.21,1,"ZNF688"
"FGF11",0.0854,0.138,0.103,0.099,1,"FGF11"
"EHHADH",0.0854,-0.164,0.038,0.042,1,"EHHADH"
"EZH2",0.0856,0.242,0.504,0.508,1,"EZH2"
"CFAP141",0.0859,0.63,0.016,0.014,1,"CFAP141"
"TICRR",0.086,0.303,0.059,0.055,1,"TICRR"
"ENSG00000279589",0.0863,0.213,0.026,0.023,1,"ENSG00000279589"
"TTC39A",0.0866,0.253,0.017,0.015,1,"TTC39A"
"LLGL1",0.0869,0.226,0.116,0.113,1,"LLGL1"
"RETREG3",0.0877,0.101,0.248,0.246,1,"RETREG3"
"LIMK1",0.0878,0.106,0.217,0.214,1,"LIMK1"
"ZNF878",0.0888,-0.434,0.011,0.013,1,"ZNF878"
"HMMR",0.089,0.223,0.074,0.069,1,"HMMR"
"C19orf38",0.0895,0.301,0.02,0.018,1,"C19orf38"
"RNF31",0.09,0.333,0.016,0.013,1,"RNF31"
"INF2",0.0901,0.331,0.039,0.036,1,"INF2"
"NPFF",0.0901,-0.793,0.01,0.012,1,"NPFF"
"CLDN20",0.0901,0.192,0.066,0.062,1,"CLDN20"
"IFFO2",0.0903,-0.175,0.069,0.073,1,"IFFO2"
"NDRG4",0.0905,0.126,0.399,0.403,1,"NDRG4"
"ENSG00000279557",0.0913,0.267,0.051,0.047,1,"ENSG00000279557"
"TRMT2A",0.0913,0.24,0.093,0.089,1,"TRMT2A"
"TINCR",0.0926,0.15,0.058,0.054,1,"TINCR"
"WDR64",0.0926,0.234,0.029,0.026,1,"WDR64"
"HOGA1",0.0931,0.138,0.057,0.053,1,"HOGA1"
"AGFG2",0.0938,0.235,0.081,0.077,1,"AGFG2"
"CCDC9",0.0939,0.173,0.084,0.08,1,"CCDC9"
"SPC24",0.0948,0.106,0.047,0.051,1,"SPC24"
"TMPRSS5",0.0948,0.249,0.067,0.063,1,"TMPRSS5"
"SYCP3",0.0954,0.127,0.095,0.091,1,"SYCP3"
"AGER",0.0958,0.232,0.025,0.023,1,"AGER"
"PHYHD1",0.096,0.206,0.047,0.044,1,"PHYHD1"
"PSPN",0.0963,0.236,0.027,0.024,1,"PSPN"
"SULT1A2",0.0964,-0.287,0.014,0.017,1,"SULT1A2"
"NID2",0.0966,0.37,0.012,0.01,1,"NID2"
"ZNF805",0.0967,0.127,0.205,0.203,1,"ZNF805"
"SPEF1",0.0968,0.306,0.046,0.043,1,"SPEF1"
"TGDS",0.0969,0.14,0.168,0.164,1,"TGDS"
"MCM8",0.0974,0.125,0.099,0.106,1,"MCM8"
"PIMREG",0.0983,0.105,0.045,0.049,1,"PIMREG"
"THRB",0.0984,-0.277,0.195,0.202,1,"THRB"
"STX19",0.0986,-0.103,0.05,0.054,1,"STX19"
"CEL",0.0993,0.399,0.015,0.013,1,"CEL"
"ETFB",0.0995,-0.153,0.664,0.671,1,"ETFB"
"CYB561D1",0.0996,0.136,0.071,0.067,1,"CYB561D1"
"KIF15",0.101,0.11,0.093,0.099,1,"KIF15"
"IL11RA",0.101,-0.187,0.019,0.022,1,"IL11RA"
"SMG8",0.101,0.14,0.134,0.13,1,"SMG8"
"MBD3",0.101,0.151,0.237,0.237,1,"MBD3"
"C1orf105",0.102,-0.276,0.015,0.018,1,"C1orf105"
"ZCCHC7",0.102,-0.125,0.767,0.774,1,"ZCCHC7"
"FOXM1",0.102,0.111,0.051,0.056,1,"FOXM1"
"ACE2",0.103,0.204,0.015,0.013,1,"ACE2"
"GMIP",0.104,-0.108,0.065,0.07,1,"GMIP"
"CENPF",0.104,0.227,0.161,0.156,1,"CENPF"
"RECQL5",0.104,0.162,0.081,0.077,1,"RECQL5"
"ZBTB16",0.104,0.103,0.196,0.191,1,"ZBTB16"
"SLC7A8",0.104,0.407,0.036,0.033,1,"SLC7A8"
"PRKG1",0.104,-0.258,0.711,0.685,1,"PRKG1"
"PPP1R32",0.105,0.221,0.033,0.03,1,"PPP1R32"
"TM4SF20",0.105,0.503,0.012,0.01,1,"TM4SF20"
"PCDHA6",0.105,-0.269,0.009,0.011,1,"PCDHA6"
"AGAP6",0.105,-0.127,0.018,0.021,1,"AGAP6"
"MAP4K2",0.105,-0.1,0.084,0.089,1,"MAP4K2"
"C9orf50",0.105,0.38,0.013,0.011,1,"C9orf50"
"TRMT1",0.106,0.158,0.147,0.143,1,"TRMT1"
"C1orf141",0.106,-0.238,0.009,0.01,1,"C1orf141"
"BTBD16",0.106,0.363,0.01,0.009,1,"BTBD16"
"EIF3CL",0.107,0.177,0.02,0.017,1,"EIF3CL"
"RPUSD2",0.107,0.132,0.167,0.165,1,"RPUSD2"
"C11orf42",0.107,-0.309,0.012,0.014,1,"C11orf42"
"TMEM201",0.107,-0.102,0.079,0.085,1,"TMEM201"
"GTF3C5",0.107,0.139,0.194,0.192,1,"GTF3C5"
"MEP1B",0.107,-0.156,0.025,0.028,1,"MEP1B"
"SETD1A",0.108,0.124,0.125,0.121,1,"SETD1A"
"TEKTIP1",0.108,-0.155,0.013,0.015,1,"TEKTIP1"
"ENSG00000282542",0.108,-0.401,0.008,0.01,1,"ENSG00000282542"
"LRRC43",0.108,0.236,0.033,0.03,1,"LRRC43"
"PLEKHH1",0.109,-0.133,0.104,0.11,1,"PLEKHH1"
"GARIN5A",0.109,-0.17,0.013,0.015,1,"GARIN5A"
"ENSG00000278893",0.11,0.229,0.015,0.013,1,"ENSG00000278893"
"LYAR",0.11,0.107,0.247,0.246,1,"LYAR"
"EPHX4",0.111,0.183,0.034,0.031,1,"EPHX4"
"KCTD11",0.111,0.254,0.032,0.03,1,"KCTD11"
"ZSCAN32",0.111,0.117,0.177,0.175,1,"ZSCAN32"
"CCND3",0.112,0.215,0.119,0.115,1,"CCND3"
"EPHA3",0.112,0.203,0.378,0.39,1,"EPHA3"
"EGR2",0.113,0.273,0.015,0.013,1,"EGR2"
"ENSG00000279310",0.113,-0.213,0.01,0.011,1,"ENSG00000279310"
"INSYN2A",0.113,-0.219,0.221,0.23,1,"INSYN2A"
"GLB1L",0.113,0.248,0.043,0.04,1,"GLB1L"
"STIL",0.113,0.1,0.073,0.079,1,"STIL"
"SPDYE17",0.114,0.393,0.013,0.011,1,"SPDYE17"
"POLR2J3",0.114,0.307,0.026,0.024,1,"POLR2J3"
"RHOXF1P3",0.114,0.148,0.035,0.032,1,"RHOXF1P3"
"ZNF444",0.115,0.171,0.183,0.181,1,"ZNF444"
"SRF",0.115,0.221,0.103,0.1,1,"SRF"
"SPAG5",0.115,0.114,0.031,0.034,1,"SPAG5"
"LRRC19",0.116,0.147,0.048,0.044,1,"LRRC19"
"FAM86B2",0.116,0.396,0.013,0.011,1,"FAM86B2"
"ZNF460",0.116,0.143,0.176,0.174,1,"ZNF460"
"CCDC22",0.116,0.172,0.121,0.118,1,"CCDC22"
"C16orf46",0.116,0.165,0.099,0.096,1,"C16orf46"
"ENSG00000279809",0.117,0.308,0.027,0.024,1,"ENSG00000279809"
"LYPD6",0.117,0.126,0.31,0.308,1,"LYPD6"
"NPPC",0.118,0.568,0.032,0.035,1,"NPPC"
"SERF1A",0.119,-0.108,0.014,0.016,1,"SERF1A"
"DSCC1",0.119,0.158,0.124,0.12,1,"DSCC1"
"APOBEC4",0.12,-0.148,0.017,0.019,1,"APOBEC4"
"PITPNM2",0.12,-0.115,0.183,0.191,1,"PITPNM2"
"TJP3",0.12,-0.447,0.008,0.01,1,"TJP3"
"CPNE9",0.12,-0.348,0.015,0.017,1,"CPNE9"
"SLC26A5",0.121,-0.108,0.068,0.072,1,"SLC26A5"
"PEAK3",0.121,0.353,0.013,0.012,1,"PEAK3"
"ZNF93",0.122,0.131,0.237,0.235,1,"ZNF93"
"ENSG00000279048",0.122,-0.206,0.01,0.012,1,"ENSG00000279048"
"FKBPL",0.122,0.176,0.065,0.061,1,"FKBPL"
"NCAPH",0.122,0.175,0.052,0.057,1,"NCAPH"
"CBARP",0.122,0.149,0.183,0.181,1,"CBARP"
"CRACR2A",0.123,-0.142,0.014,0.016,1,"CRACR2A"
"C18orf54",0.124,0.283,0.076,0.072,1,"C18orf54"
"GJA9",0.124,0.114,0.081,0.077,1,"GJA9"
"MYO18B",0.125,0.355,0.014,0.012,1,"MYO18B"
"C11orf98",0.125,0.42,0.016,0.014,1,"C11orf98"
"FSCN3",0.125,0.192,0.037,0.034,1,"FSCN3"
"DAW1",0.126,0.148,0.022,0.025,1,"DAW1"
"SPATA20",0.126,0.247,0.05,0.047,1,"SPATA20"
"ENSG00000279500",0.127,-0.213,0.027,0.03,1,"ENSG00000279500"
"ZNF154",0.127,-0.104,0.08,0.085,1,"ZNF154"
"RAB11FIP5",0.127,0.164,0.084,0.08,1,"RAB11FIP5"
"ANLN",0.127,0.249,0.077,0.074,1,"ANLN"
"SPDYE6",0.127,0.413,0.011,0.01,1,"SPDYE6"
"SPDYE12",0.127,-0.126,0.041,0.045,1,"SPDYE12"
"RAPGEF3",0.128,0.341,0.012,0.01,1,"RAPGEF3"
"SLC5A6",0.128,0.18,0.075,0.072,1,"SLC5A6"
"SLC39A5",0.128,0.397,0.014,0.013,1,"SLC39A5"
"MKI67",0.129,0.252,0.064,0.069,1,"MKI67"
"ENSG00000258465",0.129,0.164,0.103,0.1,1,"ENSG00000258465"
"BOLA2B",0.129,0.236,0.035,0.033,1,"BOLA2B"
"F8",0.129,0.109,0.105,0.101,1,"F8"
"PANO1",0.13,0.266,0.029,0.027,1,"PANO1"
"KLRD1",0.131,0.127,0.036,0.033,1,"KLRD1"
"CCDC89",0.131,0.288,0.034,0.032,1,"CCDC89"
"ENSG00000256591",0.132,0.123,0.173,0.17,1,"ENSG00000256591"
"ENSG00000279407",0.132,0.225,0.038,0.035,1,"ENSG00000279407"
"TMEM38B",0.133,-0.165,0.571,0.58,1,"TMEM38B"
"DAB2IP",0.133,0.131,0.256,0.257,1,"DAB2IP"
"CC2D1B",0.134,0.1,0.131,0.128,1,"CC2D1B"
"FBXO48",0.134,-0.117,0.05,0.054,1,"FBXO48"
"MAPK15",0.135,0.389,0.02,0.017,1,"MAPK15"
"ESS2",0.135,0.128,0.124,0.121,1,"ESS2"
"JMJD7",0.136,0.23,0.035,0.032,1,"JMJD7"
"GTF2IRD2",0.136,0.139,0.165,0.163,1,"GTF2IRD2"
"ESR2",0.136,0.123,0.21,0.222,1,"ESR2"
"ENSG00000279838",0.137,0.229,0.044,0.041,1,"ENSG00000279838"
"SSC4D",0.137,0.322,0.019,0.017,1,"SSC4D"
"SKIDA1",0.138,0.237,0.087,0.084,1,"SKIDA1"
"ITPR1",0.138,-0.167,0.073,0.078,1,"ITPR1"
"LRRC14",0.138,0.168,0.085,0.081,1,"LRRC14"
"GALNT15",0.139,0.246,0.031,0.028,1,"GALNT15"
"CLCN2",0.139,0.137,0.097,0.094,1,"CLCN2"
"NPIPB5",0.139,0.114,0.176,0.173,1,"NPIPB5"
"SLC4A5",0.14,0.154,0.159,0.155,1,"SLC4A5"
"KCTD8",0.14,-0.635,0.174,0.18,1,"KCTD8"
"TRMT10A",0.14,0.156,0.147,0.144,1,"TRMT10A"
"ZP3",0.142,0.109,0.04,0.037,1,"ZP3"
"AKAP12",0.142,-0.12,0.543,0.551,1,"AKAP12"
"OCEL1",0.143,0.205,0.104,0.1,1,"OCEL1"
"FGD3",0.143,0.131,0.136,0.144,1,"FGD3"
"IER5L",0.145,-0.234,0.146,0.152,1,"IER5L"
"IL18",0.146,-0.151,0.021,0.024,1,"IL18"
"CCDC192",0.146,-0.149,0.031,0.034,1,"CCDC192"
"TSPEAR",0.146,-0.416,0.01,0.012,1,"TSPEAR"
"ENSG00000280417",0.147,0.412,0.02,0.018,1,"ENSG00000280417"
"H2BC9",0.147,0.272,0.027,0.025,1,"H2BC9"
"BCAR1",0.147,0.137,0.259,0.26,1,"BCAR1"
"C15orf48",0.148,0.174,0.02,0.018,1,"C15orf48"
"FAM189B",0.148,0.149,0.115,0.112,1,"FAM189B"
"KIF17",0.148,-0.171,0.026,0.029,1,"KIF17"
"ENSG00000267127",0.149,-0.223,0.024,0.026,1,"ENSG00000267127"
"RBM10",0.15,0.101,0.36,0.366,1,"RBM10"
"ARHGEF25",0.151,0.216,0.083,0.079,1,"ARHGEF25"
"PNOC",0.151,-0.405,0.061,0.057,1,"PNOC"
"ENSG00000279437",0.152,-0.214,0.01,0.012,1,"ENSG00000279437"
"ACKR2",0.152,0.283,0.012,0.01,1,"ACKR2"
"C10orf67",0.153,-0.235,0.018,0.02,1,"C10orf67"
"CDAN1",0.153,0.145,0.137,0.134,1,"CDAN1"
"KCTD17",0.155,0.11,0.174,0.172,1,"KCTD17"
"MCM6",0.155,0.115,0.203,0.2,1,"MCM6"
"ASB16",0.155,-0.228,0.024,0.027,1,"ASB16"
"ENSG00000285130",0.155,0.126,0.146,0.142,1,"ENSG00000285130"
"ENSG00000280152",0.157,-0.116,0.02,0.022,1,"ENSG00000280152"
"TYRO3",0.157,0.108,0.141,0.138,1,"TYRO3"
"MRAP",0.158,0.293,0.021,0.019,1,"MRAP"
"TGFBR3L",0.159,0.188,0.013,0.012,1,"TGFBR3L"
"C17orf113",0.159,-0.101,0.013,0.015,1,"C17orf113"
"ASPM",0.159,0.19,0.071,0.076,1,"ASPM"
"PPP2R3B",0.159,0.167,0.173,0.173,1,"PPP2R3B"
"CYP2D7",0.16,-0.302,0.009,0.011,1,"CYP2D7"
"DKK2",0.16,-0.187,0.016,0.018,1,"DKK2"
"MCM2",0.161,0.222,0.121,0.119,1,"MCM2"
"TLR3",0.162,0.315,0.011,0.009,1,"TLR3"
"GOLGA8R",0.163,0.348,0.015,0.013,1,"GOLGA8R"
"PCDHA13",0.163,-0.201,0.014,0.016,1,"PCDHA13"
"SLC16A6",0.164,0.122,0.202,0.2,1,"SLC16A6"
"NPPA",0.165,0.282,0.052,0.049,1,"NPPA"
"APOBEC2",0.165,0.209,0.06,0.057,1,"APOBEC2"
"PLA2G15",0.165,0.131,0.094,0.091,1,"PLA2G15"
"ZNF107",0.165,0.124,0.236,0.235,1,"ZNF107"
"AMPH",0.166,-0.172,0.424,0.432,1,"AMPH"
"HSH2D",0.166,0.368,0.015,0.014,1,"HSH2D"
"CALML4",0.166,0.416,0.06,0.056,1,"CALML4"
"ORC1",0.166,0.153,0.038,0.041,1,"ORC1"
"NOSTRIN",0.167,0.366,0.046,0.043,1,"NOSTRIN"
"TOP2A",0.168,0.408,0.088,0.093,1,"TOP2A"
"RASSF7",0.168,-0.108,0.022,0.025,1,"RASSF7"
"ZFAND2B",0.169,0.103,0.165,0.163,1,"ZFAND2B"
"PCDHB16",0.169,0.152,0.126,0.122,1,"PCDHB16"
"FAM43A",0.169,0.278,0.029,0.026,1,"FAM43A"
"KDM4C",0.17,-0.102,0.653,0.662,1,"KDM4C"
"WDR62",0.17,0.161,0.042,0.046,1,"WDR62"
"ZNF608",0.17,-0.179,0.699,0.696,1,"ZNF608"
"CD302",0.172,0.222,0.017,0.015,1,"CD302"
"ZC3H10",0.173,0.166,0.115,0.112,1,"ZC3H10"
"TSSK3",0.173,0.161,0.039,0.036,1,"TSSK3"
"TEF",0.174,0.207,0.069,0.066,1,"TEF"
"SH2D4A",0.174,0.163,0.035,0.033,1,"SH2D4A"
"CBX2",0.175,0.17,0.143,0.141,1,"CBX2"
"LRRC66",0.175,0.218,0.069,0.066,1,"LRRC66"
"CHST5",0.175,-0.13,0.01,0.011,1,"CHST5"
"CD160",0.175,0.26,0.022,0.02,1,"CD160"
"PLEKHG7",0.175,0.352,0.012,0.01,1,"PLEKHG7"
"NPHS1",0.175,0.266,0.021,0.019,1,"NPHS1"
"CDKN3",0.176,0.141,0.107,0.104,1,"CDKN3"
"ZNF419",0.177,0.101,0.159,0.157,1,"ZNF419"
"ARVCF",0.177,0.102,0.168,0.167,1,"ARVCF"
"HLA-F",0.177,0.228,0.01,0.009,1,"HLA-F"
"ENSG00000255432",0.177,-0.132,0.016,0.018,1,"ENSG00000255432"
"H3C2",0.177,0.16,0.021,0.024,1,"H3C2"
"VSIG10L",0.177,0.245,0.051,0.048,1,"VSIG10L"
"ETV2",0.178,0.167,0.027,0.024,1,"ETV2"
"DHODH",0.18,0.139,0.133,0.131,1,"DHODH"
"PCDHGA5",0.18,0.288,0.014,0.013,1,"PCDHGA5"
"TMEM140",0.18,0.112,0.074,0.071,1,"TMEM140"
"TLCD4-RWDD3",0.181,-0.146,0.014,0.015,1,"TLCD4-RWDD3"
"TMUB2",0.182,0.106,0.233,0.233,1,"TMUB2"
"TAF4B",0.182,0.267,0.045,0.042,1,"TAF4B"
"GCC1",0.182,0.153,0.091,0.088,1,"GCC1"
"DHFR2",0.183,0.154,0.145,0.142,1,"DHFR2"
"CA1",0.184,0.155,0.04,0.037,1,"CA1"
"ENSG00000279659",0.184,-0.208,0.009,0.01,1,"ENSG00000279659"
"CDK1",0.184,0.321,0.092,0.089,1,"CDK1"
"TFF3",0.184,-0.722,0.032,0.034,1,"TFF3"
"CLDN4",0.185,0.251,0.012,0.01,1,"CLDN4"
"ZNF599",0.186,0.153,0.093,0.09,1,"ZNF599"
"ENSG00000278891",0.186,0.193,0.017,0.015,1,"ENSG00000278891"
"PPP1R13L",0.187,-0.276,0.014,0.016,1,"PPP1R13L"
"LEAP2",0.187,0.174,0.052,0.049,1,"LEAP2"
"PRAM1",0.187,0.345,0.015,0.014,1,"PRAM1"
"MYH15",0.188,-0.4,0.019,0.021,1,"MYH15"
"TFEB",0.188,0.357,0.022,0.02,1,"TFEB"
"SCARF1",0.19,-0.22,0.012,0.013,1,"SCARF1"
"ENSG00000280181",0.191,0.377,0.011,0.01,1,"ENSG00000280181"
"GPR137",0.191,0.108,0.199,0.198,1,"GPR137"
"AKR7L",0.192,-0.204,0.011,0.012,1,"AKR7L"
"RRM2",0.192,0.226,0.064,0.068,1,"RRM2"
"RAET1E",0.193,-0.23,0.014,0.015,1,"RAET1E"
"RWDD2B",0.193,0.166,0.079,0.076,1,"RWDD2B"
"B3GALT9",0.193,0.198,0.07,0.067,1,"B3GALT9"
"TNFSF4",0.194,0.264,0.016,0.015,1,"TNFSF4"
"PKD2L2",0.195,0.101,0.071,0.068,1,"PKD2L2"
"E2F1",0.196,0.174,0.081,0.086,1,"E2F1"
"ADAM23",0.196,-0.146,0.729,0.734,1,"ADAM23"
"PIEZO1",0.197,0.275,0.026,0.024,1,"PIEZO1"
"C9orf43",0.198,-0.232,0.018,0.02,1,"C9orf43"
"CHST4",0.198,0.274,0.029,0.027,1,"CHST4"
"GORASP1",0.199,0.103,0.16,0.158,1,"GORASP1"
"POLR1E",0.2,0.127,0.182,0.18,1,"POLR1E"
"ZKSCAN3",0.201,0.105,0.13,0.127,1,"ZKSCAN3"
"SKA1",0.201,0.173,0.027,0.03,1,"SKA1"
"FRMD4B",0.202,0.171,0.324,0.332,1,"FRMD4B"
"ENSG00000279033",0.202,-0.101,0.02,0.022,1,"ENSG00000279033"
"GSX1",0.202,0.242,0.019,0.021,1,"GSX1"
"ZNF677",0.203,0.111,0.34,0.346,1,"ZNF677"
"AKAP14",0.203,0.35,0.022,0.024,1,"AKAP14"
"FHOD1",0.204,0.231,0.022,0.02,1,"FHOD1"
"CXXC1",0.204,0.133,0.188,0.187,1,"CXXC1"
"ZNF486",0.205,0.164,0.121,0.119,1,"ZNF486"
"SLC4A9",0.205,-0.228,0.011,0.012,1,"SLC4A9"
"TYK2",0.206,0.15,0.126,0.123,1,"TYK2"
"ENSG00000279138",0.206,-0.203,0.009,0.01,1,"ENSG00000279138"
"ZNF311",0.206,0.235,0.013,0.011,1,"ZNF311"
"CCDC200",0.206,-0.281,0.011,0.013,1,"CCDC200"
"DNAJC22",0.206,0.362,0.026,0.024,1,"DNAJC22"
"CLCF1",0.206,-0.23,0.013,0.015,1,"CLCF1"
"ABCD1",0.209,0.331,0.023,0.021,1,"ABCD1"
"MPV17L",0.209,-0.178,0.022,0.024,1,"MPV17L"
"RRAD",0.209,1.106,0.011,0.01,1,"RRAD"
"MROH7",0.21,0.154,0.021,0.019,1,"MROH7"
"DNAI2",0.211,0.145,0.032,0.03,1,"DNAI2"
"TICAM2",0.212,0.129,0.05,0.048,1,"TICAM2"
"RGMB",0.213,-0.245,0.296,0.306,1,"RGMB"
"CD40",0.215,0.274,0.012,0.011,1,"CD40"
"GINS4",0.215,0.17,0.091,0.097,1,"GINS4"
"VSIR",0.216,0.301,0.014,0.013,1,"VSIR"
"CHST10",0.217,0.119,0.189,0.188,1,"CHST10"
"PIGQ",0.218,0.116,0.12,0.117,1,"PIGQ"
"TMBIM1",0.219,-0.238,0.019,0.021,1,"TMBIM1"
"RHPN1",0.219,0.176,0.072,0.07,1,"RHPN1"
"MCTP1",0.22,-0.28,0.228,0.233,1,"MCTP1"
"TRAIP",0.221,0.103,0.038,0.041,1,"TRAIP"
"KIF24",0.221,0.163,0.121,0.119,1,"KIF24"
"ENSG00000280129",0.222,-0.14,0.013,0.015,1,"ENSG00000280129"
"ZNF707",0.224,0.167,0.061,0.058,1,"ZNF707"
"GSAP",0.226,0.272,0.022,0.02,1,"GSAP"
"LACC1",0.227,-0.227,0.012,0.013,1,"LACC1"
"CTSS",0.228,-0.119,0.01,0.011,1,"CTSS"
"UBIAD1",0.228,0.107,0.212,0.212,1,"UBIAD1"
"NXF1",0.229,0.137,0.155,0.154,1,"NXF1"
"RRH",0.229,-0.119,0.021,0.023,1,"RRH"
"ZNF598",0.23,0.11,0.131,0.129,1,"ZNF598"
"GOLT1A",0.23,-0.262,0.008,0.01,1,"GOLT1A"
"GRIN3B",0.231,0.233,0.012,0.011,1,"GRIN3B"
"PLLP",0.232,0.132,0.047,0.045,1,"PLLP"
"DNAJC30",0.232,0.11,0.209,0.208,1,"DNAJC30"
"DBR1",0.234,0.143,0.214,0.215,1,"DBR1"
"FOXC1",0.234,0.4,0.011,0.01,1,"FOXC1"
"ZNF132",0.234,-0.182,0.014,0.016,1,"ZNF132"
"FOXA1",0.235,-0.132,0.066,0.063,1,"FOXA1"
"P2RX6",0.236,0.324,0.028,0.027,1,"P2RX6"
"MFAP2",0.238,0.357,0.077,0.075,1,"MFAP2"
"CENPA",0.238,0.12,0.129,0.126,1,"CENPA"
"XAB2",0.238,0.145,0.13,0.129,1,"XAB2"
"SPTY2D1OS",0.239,0.173,0.09,0.088,1,"SPTY2D1OS"
"KCNJ14",0.239,0.219,0.053,0.05,1,"KCNJ14"
"RCN3",0.243,0.179,0.021,0.02,1,"RCN3"
"DUSP22",0.243,0.143,0.172,0.172,1,"DUSP22"
"ENSG00000256825",0.244,-0.239,0.01,0.011,1,"ENSG00000256825"
"HP",0.244,0.283,0.011,0.009,1,"HP"
"CSRP2",0.245,0.311,0.465,0.466,1,"CSRP2"
"ENSG00000290183",0.245,-0.133,0.016,0.018,1,"ENSG00000290183"
"BNC2",0.245,-0.518,0.022,0.023,1,"BNC2"
"TEKT1",0.247,0.198,0.061,0.065,1,"TEKT1"
"WNT9B",0.248,0.247,0.01,0.009,1,"WNT9B"
"ROPN1L",0.25,0.184,0.06,0.064,1,"ROPN1L"
"ARHGEF2",0.25,0.12,0.258,0.258,1,"ARHGEF2"
"SMAGP",0.251,0.19,0.019,0.018,1,"SMAGP"
"ENSG00000280022",0.252,-0.151,0.022,0.024,1,"ENSG00000280022"
"NELL2",0.252,-0.427,0.785,0.792,1,"NELL2"
"ZNF615",0.254,0.141,0.139,0.137,1,"ZNF615"
"C14orf28",0.255,0.149,0.089,0.086,1,"C14orf28"
"RASA4B",0.256,0.115,0.075,0.073,1,"RASA4B"
"KLHL13",0.257,-0.301,0.436,0.441,1,"KLHL13"
"ADM",0.258,0.261,0.051,0.048,1,"ADM"
"WDR5B",0.258,0.152,0.093,0.091,1,"WDR5B"
"ABCC6",0.26,0.204,0.024,0.022,1,"ABCC6"
"GNRHR",0.261,0.15,0.029,0.027,1,"GNRHR"
"STAT4",0.261,-0.321,0.025,0.027,1,"STAT4"
"NOP9",0.262,0.197,0.057,0.055,1,"NOP9"
"PRXL2B",0.262,0.143,0.16,0.159,1,"PRXL2B"
"RSPH6A",0.263,0.353,0.012,0.011,1,"RSPH6A"
"CFAP52",0.264,-0.121,0.071,0.075,1,"CFAP52"
"ZNF468",0.264,0.156,0.058,0.055,1,"ZNF468"
"PINLYP",0.267,0.115,0.04,0.038,1,"PINLYP"
"NLRC3",0.267,-0.128,0.04,0.043,1,"NLRC3"
"FAM216B",0.268,0.244,0.022,0.021,1,"FAM216B"
"CPLANE2",0.269,0.388,0.027,0.025,1,"CPLANE2"
"ENSG00000280422",0.27,0.327,0.017,0.016,1,"ENSG00000280422"
"USP6",0.27,0.223,0.016,0.014,1,"USP6"
"PRX",0.272,0.317,0.01,0.009,1,"PRX"
"SLC22A5",0.273,0.111,0.073,0.07,1,"SLC22A5"
"KICS2",0.273,0.211,0.059,0.057,1,"KICS2"
"CLUH",0.274,0.119,0.101,0.099,1,"CLUH"
"AZU1",0.275,-0.134,0.012,0.013,1,"AZU1"
"NIN",0.275,0.142,0.602,0.611,1,"NIN"
"SAYSD1",0.275,0.105,0.243,0.245,1,"SAYSD1"
"GZF1",0.275,0.106,0.185,0.185,1,"GZF1"
"SSC5D",0.276,-0.236,0.009,0.01,1,"SSC5D"
"H2BC4",0.277,-0.168,0.013,0.014,1,"H2BC4"
"SLC51A",0.278,0.113,0.056,0.054,1,"SLC51A"
"ZFYVE19",0.282,0.121,0.104,0.102,1,"ZFYVE19"
"FAM204A",0.283,-0.183,0.747,0.751,1,"FAM204A"
"ZNF888",0.284,0.137,0.025,0.023,1,"ZNF888"
"RASIP1",0.285,-0.182,0.009,0.01,1,"RASIP1"
"OR8A1",0.286,0.295,0.012,0.011,1,"OR8A1"
"ZSCAN20",0.286,0.148,0.057,0.055,1,"ZSCAN20"
"CCDC61",0.287,0.173,0.061,0.059,1,"CCDC61"
"PCDHGA12",0.289,0.255,0.021,0.019,1,"PCDHGA12"
"ENSG00000279432",0.289,0.102,0.107,0.105,1,"ENSG00000279432"
"SCARB1",0.291,0.132,0.147,0.146,1,"SCARB1"
"SIPA1",0.292,0.227,0.033,0.031,1,"SIPA1"
"TPPP3",0.292,0.37,0.109,0.107,1,"TPPP3"
"TPPP",0.293,0.152,0.085,0.082,1,"TPPP"
"C12orf42",0.293,0.176,0.047,0.045,1,"C12orf42"
"VRK1",0.293,0.151,0.316,0.331,1,"VRK1"
"VAMP8",0.294,0.153,0.034,0.032,1,"VAMP8"
"DEPDC1B",0.294,0.159,0.09,0.095,1,"DEPDC1B"
"POLN",0.296,0.25,0.016,0.014,1,"POLN"
"TSPAN1",0.296,0.251,0.024,0.022,1,"TSPAN1"
"L3MBTL2",0.298,0.123,0.206,0.207,1,"L3MBTL2"
"ENSG00000280287",0.3,0.186,0.01,0.009,1,"ENSG00000280287"
"SH3BP1",0.3,0.272,0.018,0.017,1,"SH3BP1"
"TRABD2B",0.3,-0.452,0.013,0.012,1,"TRABD2B"
"BMP4",0.3,0.316,0.012,0.011,1,"BMP4"
"NTS",0.3,-0.428,0.016,0.015,1,"NTS"
"ENSG00000280186",0.301,0.273,0.032,0.031,1,"ENSG00000280186"
"OVCH1",0.303,-0.162,0.042,0.045,1,"OVCH1"
"ZBTB2",0.303,0.138,0.128,0.126,1,"ZBTB2"
"ZHX1-C8orf76",0.305,0.154,0.052,0.05,1,"ZHX1-C8orf76"
"IGIP",0.307,0.226,0.039,0.037,1,"IGIP"
"PGLYRP1",0.309,0.491,0.01,0.009,1,"PGLYRP1"
"CCDC163",0.309,0.304,0.012,0.011,1,"CCDC163"
"SLC43A1",0.31,0.273,0.011,0.01,1,"SLC43A1"
"ATG16L2",0.312,0.103,0.109,0.107,1,"ATG16L2"
"NOP16",0.313,0.125,0.179,0.179,1,"NOP16"
"IQCC",0.315,0.171,0.042,0.04,1,"IQCC"
"SPDYE16",0.315,0.176,0.023,0.021,1,"SPDYE16"
"MYLK",0.316,0.185,0.081,0.079,1,"MYLK"
"ARL9",0.317,-0.131,0.019,0.021,1,"ARL9"
"TBX19",0.317,0.228,0.022,0.021,1,"TBX19"
"UQCRHL",0.317,0.188,0.035,0.033,1,"UQCRHL"
"CDK9",0.32,0.114,0.216,0.218,1,"CDK9"
"TMEM154",0.321,0.174,0.016,0.015,1,"TMEM154"
"ENSG00000279692",0.322,-0.618,0.016,0.017,1,"ENSG00000279692"
"C1QTNF6",0.323,0.15,0.072,0.07,1,"C1QTNF6"
"CPHXL2",0.323,0.152,0.031,0.029,1,"CPHXL2"
"KLKB1",0.324,0.314,0.01,0.009,1,"KLKB1"
"CCNB3",0.325,-0.136,0.024,0.026,1,"CCNB3"
"CENPB",0.326,0.125,0.181,0.181,1,"CENPB"
"ZNF629",0.327,0.122,0.164,0.163,1,"ZNF629"
"CBX7",0.328,-0.147,0.05,0.053,1,"CBX7"
"BNIPL",0.329,0.22,0.031,0.029,1,"BNIPL"
"DEPDC4",0.33,0.12,0.135,0.134,1,"DEPDC4"
"CREB3L4",0.33,0.227,0.095,0.093,1,"CREB3L4"
"HACD4",0.33,-0.102,0.032,0.034,1,"HACD4"
"MMACHC",0.331,0.152,0.054,0.052,1,"MMACHC"
"PARPBP",0.331,0.153,0.101,0.106,1,"PARPBP"
"TFPT",0.332,0.143,0.121,0.12,1,"TFPT"
"MAP3K15",0.332,0.194,0.053,0.051,1,"MAP3K15"
"LYVE1",0.334,0.262,0.015,0.014,1,"LYVE1"
"CSTF2",0.335,0.107,0.191,0.192,1,"CSTF2"
"NNMT",0.335,0.204,0.01,0.009,1,"NNMT"
"B3GALT4",0.335,0.16,0.033,0.031,1,"B3GALT4"
"KIAA1614",0.336,0.171,0.032,0.03,1,"KIAA1614"
"SLC7A2",0.336,0.162,0.067,0.065,1,"SLC7A2"
"DCDC2B",0.337,0.112,0.052,0.051,1,"DCDC2B"
"ENSG00000279951",0.341,0.257,0.012,0.011,1,"ENSG00000279951"
"E4F1",0.342,0.111,0.143,0.142,1,"E4F1"
"ENSG00000259316",0.342,0.192,0.025,0.027,1,"ENSG00000259316"
"TMED6",0.343,0.293,0.022,0.02,1,"TMED6"
"NIBAN1",0.344,0.29,0.05,0.048,1,"NIBAN1"
"COL6A6",0.344,-0.128,0.03,0.032,1,"COL6A6"
"FAM124A",0.346,0.115,0.188,0.188,1,"FAM124A"
"ENSG00000267645",0.347,0.173,0.065,0.063,1,"ENSG00000267645"
"GABRR2",0.347,-0.139,0.015,0.016,1,"GABRR2"
"ZNF185",0.348,-0.191,0.016,0.017,1,"ZNF185"
"ZNF691",0.348,0.136,0.097,0.095,1,"ZNF691"
"MYLK3",0.348,0.151,0.035,0.034,1,"MYLK3"
"CLDN18",0.349,-0.141,0.013,0.014,1,"CLDN18"
"BEND6",0.35,-0.127,0.28,0.287,1,"BEND6"
"PLOD2",0.352,-0.219,0.335,0.343,1,"PLOD2"
"HAPLN1",0.352,0.264,0.012,0.011,1,"HAPLN1"
"PRPS2",0.355,0.113,0.082,0.08,1,"PRPS2"
"FLJ42393",0.357,0.309,0.016,0.015,1,"FLJ42393"
"PMFBP1",0.357,-0.153,0.036,0.034,1,"PMFBP1"
"OGDHL",0.358,-0.229,0.015,0.016,1,"OGDHL"
"CEP152",0.359,0.263,0.092,0.09,1,"CEP152"
"MAN1A1",0.361,-0.528,0.162,0.165,1,"MAN1A1"
"PRKCQ",0.362,-0.149,0.046,0.048,1,"PRKCQ"
"DDR2",0.366,0.195,0.102,0.1,1,"DDR2"
"KLF4",0.369,0.253,0.022,0.021,1,"KLF4"
"RGL4",0.371,-0.242,0.015,0.016,1,"RGL4"
"TRABD2A",0.372,0.272,0.017,0.016,1,"TRABD2A"
"BHMT2",0.372,-0.252,0.012,0.013,1,"BHMT2"
"PROB1",0.374,0.287,0.013,0.012,1,"PROB1"
"NPR2",0.374,0.124,0.014,0.015,1,"NPR2"
"H2AC14",0.375,0.202,0.013,0.014,1,"H2AC14"
"DDIT3",0.376,-0.112,0.358,0.364,1,"DDIT3"
"MYO5B",0.378,0.15,0.089,0.093,1,"MYO5B"
"FASTKD5",0.378,0.13,0.132,0.132,1,"FASTKD5"
"MBOAT4",0.379,0.236,0.016,0.015,1,"MBOAT4"
"ITIH2",0.38,-0.1,0.015,0.017,1,"ITIH2"
"KIF18B",0.381,0.127,0.044,0.046,1,"KIF18B"
"INO80E",0.383,0.122,0.272,0.279,1,"INO80E"
"HJURP",0.385,0.183,0.038,0.04,1,"HJURP"
"METTL13",0.385,0.1,0.18,0.18,1,"METTL13"
"ENSG00000289694",0.386,0.127,0.137,0.136,1,"ENSG00000289694"
"H2AC15",0.386,0.141,0.025,0.027,1,"H2AC15"
"PRC1",0.386,0.119,0.175,0.181,1,"PRC1"
"ENSG00000280353",0.388,0.208,0.018,0.017,1,"ENSG00000280353"
"OR7D2",0.39,0.168,0.02,0.019,1,"OR7D2"
"PCDHA11",0.391,0.228,0.027,0.026,1,"PCDHA11"
"RAB3D",0.398,0.105,0.116,0.114,1,"RAB3D"
"RASL10B",0.398,0.174,0.124,0.124,1,"RASL10B"
"BRINP3",0.398,-0.394,0.373,0.371,1,"BRINP3"
"KIF23",0.4,0.181,0.059,0.057,1,"KIF23"
"KLHL26",0.402,0.155,0.101,0.1,1,"KLHL26"
"MAGED4",0.402,-0.116,0.01,0.011,1,"MAGED4"
"ZBTB9",0.403,0.203,0.047,0.046,1,"ZBTB9"
"ARMC7",0.405,0.12,0.062,0.061,1,"ARMC7"
"GJB7",0.406,0.133,0.024,0.023,1,"GJB7"
"LTB4R",0.407,0.265,0.015,0.014,1,"LTB4R"
"LRRC45",0.407,0.143,0.077,0.076,1,"LRRC45"
"ABCG5",0.409,0.178,0.027,0.025,1,"ABCG5"
"SLC35G5",0.411,-0.154,0.012,0.013,1,"SLC35G5"
"KIF11",0.411,0.168,0.117,0.121,1,"KIF11"
"KCNIP3",0.413,0.128,0.081,0.08,1,"KCNIP3"
"NOTCH4",0.414,0.202,0.05,0.049,1,"NOTCH4"
"CCHCR1",0.415,0.163,0.129,0.129,1,"CCHCR1"
"FZD5",0.415,0.271,0.016,0.015,1,"FZD5"
"USP19",0.416,0.137,0.14,0.14,1,"USP19"
"ENSG00000279361",0.418,0.18,0.016,0.015,1,"ENSG00000279361"
"FBXL22",0.419,0.14,0.049,0.047,1,"FBXL22"
"SMCR8",0.423,0.118,0.066,0.065,1,"SMCR8"
"FGF7",0.432,0.338,0.022,0.021,1,"FGF7"
"NDST2",0.438,0.124,0.01,0.01,1,"NDST2"
"FSD2",0.438,-0.124,0.066,0.068,1,"FSD2"
"DNASE1L1",0.44,0.195,0.047,0.045,1,"DNASE1L1"
"FKBP2",0.442,0.215,0.04,0.039,1,"FKBP2"
"SLC46A3",0.448,0.119,0.102,0.101,1,"SLC46A3"
"C2orf73",0.448,0.131,0.064,0.062,1,"C2orf73"
"GSC",0.449,0.203,0.017,0.016,1,"GSC"
"PRICKLE2",0.451,-0.243,0.364,0.366,1,"PRICKLE2"
"PIGO",0.452,0.155,0.075,0.073,1,"PIGO"
"SPATA4",0.453,0.382,0.026,0.025,1,"SPATA4"
"LY6G5B",0.453,0.132,0.014,0.013,1,"LY6G5B"
"IRS1",0.454,0.375,0.119,0.119,1,"IRS1"
"RABEP2",0.454,0.109,0.116,0.115,1,"RABEP2"
"GTSE1",0.455,0.145,0.053,0.056,1,"GTSE1"
"PPL",0.458,0.144,0.041,0.04,1,"PPL"
"SPATA45",0.458,0.208,0.027,0.026,1,"SPATA45"
"TECTB",0.466,0.198,0.017,0.016,1,"TECTB"
"FURIN",0.466,0.158,0.062,0.06,1,"FURIN"
"PRKG2",0.467,0.611,0.031,0.029,1,"PRKG2"
"SLC9A1",0.47,0.112,0.077,0.076,1,"SLC9A1"
"H2AC6",0.475,-0.245,0.05,0.049,1,"H2AC6"
"GHRHR",0.475,0.204,0.016,0.015,1,"GHRHR"
"ZNF843",0.476,0.155,0.043,0.041,1,"ZNF843"
"ZNF773",0.476,0.109,0.123,0.122,1,"ZNF773"
"INCA1",0.48,0.197,0.016,0.015,1,"INCA1"
"FRMPD2",0.48,0.281,0.046,0.044,1,"FRMPD2"
"ENSG00000173867",0.483,0.119,0.026,0.028,1,"ENSG00000173867"
"DNAH3",0.488,0.105,0.01,0.011,1,"DNAH3"
"DRD4",0.49,0.105,0.011,0.01,1,"DRD4"
"BYSL",0.49,0.131,0.121,0.121,1,"BYSL"
"TLR1",0.491,0.426,0.01,0.009,1,"TLR1"
"DLC1",0.491,-0.366,0.024,0.025,1,"DLC1"
"GYS2",0.491,0.119,0.01,0.009,1,"GYS2"
"ALKBH6",0.492,0.106,0.073,0.071,1,"ALKBH6"
"CTHRC1",0.494,0.172,0.016,0.015,1,"CTHRC1"
"ACSM3",0.496,0.137,0.023,0.022,1,"ACSM3"
"ASTN2",0.496,-0.257,0.644,0.631,1,"ASTN2"
"TEX45",0.499,0.159,0.012,0.011,1,"TEX45"
"NEIL3",0.5,0.103,0.042,0.044,1,"NEIL3"
"HHIPL1",0.501,0.142,0.032,0.034,1,"HHIPL1"
"ASB14",0.504,0.119,0.083,0.082,1,"ASB14"
"ALG10B",0.506,0.108,0.138,0.138,1,"ALG10B"
"HESX1",0.508,0.193,0.04,0.039,1,"HESX1"
"NCKIPSD",0.513,0.148,0.091,0.091,1,"NCKIPSD"
"PCDH17",0.514,-0.348,0.475,0.465,1,"PCDH17"
"PON1",0.516,0.219,0.023,0.022,1,"PON1"
"CLN6",0.518,0.117,0.104,0.103,1,"CLN6"
"ADAMTS4",0.519,0.248,0.012,0.012,1,"ADAMTS4"
"TP73",0.52,-0.614,0.01,0.009,1,"TP73"
"ENSG00000279880",0.525,0.202,0.034,0.033,1,"ENSG00000279880"
"BORA",0.526,0.116,0.064,0.063,1,"BORA"
"SCX",0.526,0.127,0.022,0.024,1,"SCX"
"CFAP65",0.527,0.188,0.048,0.047,1,"CFAP65"
"CCDC86",0.527,0.117,0.052,0.051,1,"CCDC86"
"ASB6",0.527,0.107,0.077,0.076,1,"ASB6"
"CDPF1",0.528,0.156,0.08,0.08,1,"CDPF1"
"TMEM17",0.53,0.134,0.148,0.148,1,"TMEM17"
"EDA",0.53,-0.194,0.126,0.128,1,"EDA"
"TOE1",0.536,0.152,0.109,0.109,1,"TOE1"
"ENSG00000280239",0.537,0.205,0.047,0.046,1,"ENSG00000280239"
"CPHXL",0.537,-0.139,0.017,0.018,1,"CPHXL"
"C16orf89",0.54,0.115,0.024,0.023,1,"C16orf89"
"CISH",0.541,0.376,0.012,0.011,1,"CISH"
"ENSG00000286070",0.543,0.221,0.033,0.032,1,"ENSG00000286070"
"FAM83D",0.545,0.336,0.029,0.028,1,"FAM83D"
"KCNE1",0.545,-0.148,0.017,0.017,1,"KCNE1"
"ENSG00000269825",0.548,0.165,0.033,0.032,1,"ENSG00000269825"
"INHBA",0.551,0.187,0.009,0.01,1,"INHBA"
"ENSG00000285943",0.557,0.117,0.009,0.01,1,"ENSG00000285943"
"CASZ1",0.557,-0.133,0.049,0.051,1,"CASZ1"
"LRCH4",0.558,0.117,0.053,0.052,1,"LRCH4"
"POLRMT",0.561,0.14,0.09,0.089,1,"POLRMT"
"CPQ",0.563,0.421,0.031,0.03,1,"CPQ"
"KCNK4",0.564,0.117,0.022,0.021,1,"KCNK4"
"OAZ3",0.566,0.214,0.013,0.012,1,"OAZ3"
"STAP2",0.567,0.15,0.065,0.064,1,"STAP2"
"MT-TV",0.569,-0.203,0.013,0.013,1,"MT-TV"
"MRPL23",0.572,0.156,0.184,0.188,1,"MRPL23"
"MELK",0.573,0.2,0.083,0.085,1,"MELK"
"TYMP",0.576,0.14,0.044,0.043,1,"TYMP"
"TMEM186",0.578,0.106,0.162,0.163,1,"TMEM186"
"RPA4",0.581,0.159,0.012,0.011,1,"RPA4"
"GINS3",0.583,0.137,0.082,0.085,1,"GINS3"
"AURKB",0.585,0.246,0.041,0.042,1,"AURKB"
"ENSG00000279887",0.586,-0.114,0.011,0.012,1,"ENSG00000279887"
"SLCO1A2",0.587,-0.115,0.194,0.193,1,"SLCO1A2"
"FEN1",0.587,0.134,0.156,0.16,1,"FEN1"
"SLC25A19",0.587,0.185,0.048,0.047,1,"SLC25A19"
"RBBP8",0.588,0.115,0.245,0.248,1,"RBBP8"
"SCNN1D",0.589,0.118,0.014,0.015,1,"SCNN1D"
"CENPM",0.59,0.258,0.089,0.088,1,"CENPM"
"ENSG00000256100",0.59,-0.146,0.013,0.014,1,"ENSG00000256100"
"AOX1",0.591,0.229,0.012,0.011,1,"AOX1"
"NTNG1",0.594,-0.454,0.429,0.425,1,"NTNG1"
"GRIA3",0.597,-0.242,0.421,0.414,1,"GRIA3"
"CDCA2",0.599,0.166,0.041,0.042,1,"CDCA2"
"GEN1",0.602,0.11,0.132,0.133,1,"GEN1"
"EGFL8",0.602,0.154,0.052,0.052,1,"EGFL8"
"UBE2C",0.603,0.458,0.073,0.075,1,"UBE2C"
"KLF10",0.603,0.111,0.193,0.194,1,"KLF10"
"BGLAP",0.606,0.193,0.079,0.079,1,"BGLAP"
"NUSAP1",0.607,0.202,0.05,0.052,1,"NUSAP1"
"RGS19",0.608,0.132,0.066,0.065,1,"RGS19"
"PAPPA",0.612,-0.129,0.151,0.154,1,"PAPPA"
"PYCR3",0.613,0.116,0.056,0.055,1,"PYCR3"
"C2orf50",0.614,0.107,0.035,0.037,1,"C2orf50"
"DNAJB13",0.616,0.249,0.017,0.016,1,"DNAJB13"
"RAB23",0.616,0.112,0.191,0.194,1,"RAB23"
"TEP1",0.618,0.13,0.087,0.087,1,"TEP1"
"KPNA2",0.618,0.182,0.448,0.462,1,"KPNA2"
"PRR19",0.62,0.174,0.031,0.03,1,"PRR19"
"EFCAB12",0.622,0.192,0.053,0.053,1,"EFCAB12"
"ESPL1",0.626,0.19,0.021,0.022,1,"ESPL1"
"IQGAP3",0.627,0.263,0.021,0.021,1,"IQGAP3"
"KDM8",0.627,0.107,0.047,0.046,1,"KDM8"
"WDR93",0.627,0.176,0.034,0.033,1,"WDR93"
"H3C7",0.633,0.179,0.013,0.013,1,"H3C7"
"KCNQ4",0.634,0.104,0.026,0.025,1,"KCNQ4"
"SSTR2",0.634,1.091,0.099,0.104,1,"SSTR2"
"CTXN2",0.636,0.139,0.068,0.067,1,"CTXN2"
"DNAAF1",0.636,0.196,0.028,0.03,1,"DNAAF1"
"FLJ38576",0.639,0.136,0.012,0.011,1,"FLJ38576"
"ZNF784",0.643,0.145,0.042,0.044,1,"ZNF784"
"SHCBP1",0.643,0.21,0.069,0.071,1,"SHCBP1"
"PIP5K1B",0.643,1.426,0.088,0.088,1,"PIP5K1B"
"CLIC2",0.651,0.124,0.048,0.047,1,"CLIC2"
"ARHGAP11A",0.652,0.214,0.056,0.055,1,"ARHGAP11A"
"ZNF671",0.655,0.134,0.083,0.083,1,"ZNF671"
"CLXN",0.657,0.253,0.07,0.069,1,"CLXN"
"INSYN1",0.658,0.131,0.06,0.06,1,"INSYN1"
"MYBL2",0.663,0.242,0.058,0.06,1,"MYBL2"
"ANXA2R",0.663,0.113,0.013,0.013,1,"ANXA2R"
"CFAP58",0.668,0.369,0.011,0.01,1,"CFAP58"
"TSPAN16",0.668,0.101,0.01,0.009,1,"TSPAN16"
"LAMP5",0.669,-0.14,0.077,0.076,1,"LAMP5"
"WFDC3",0.671,0.133,0.026,0.025,1,"WFDC3"
"KIF18A",0.674,0.185,0.059,0.061,1,"KIF18A"
"SGO2",0.675,0.213,0.151,0.151,1,"SGO2"
"PYGO2",0.675,0.142,0.122,0.123,1,"PYGO2"
"KLF15",0.676,0.185,0.054,0.053,1,"KLF15"
"SPAG8",0.678,0.117,0.027,0.028,1,"SPAG8"
"PLK1",0.68,0.159,0.043,0.044,1,"PLK1"
"CDC6",0.683,0.214,0.075,0.075,1,"CDC6"
"URB2",0.683,0.109,0.107,0.107,1,"URB2"
"DNAH12",0.687,0.347,0.092,0.092,1,"DNAH12"
"CSF1R",0.688,0.177,0.011,0.01,1,"CSF1R"
"TMTC2",0.692,-0.17,0.669,0.661,1,"TMTC2"
"BCAS1",0.694,-0.877,0.014,0.014,1,"BCAS1"
"DNAH9",0.694,-0.121,0.215,0.218,1,"DNAH9"
"GPR146",0.701,0.145,0.03,0.029,1,"GPR146"
"SLCO1B1",0.702,-0.2,0.069,0.07,1,"SLCO1B1"
"PUSL1",0.703,0.12,0.124,0.125,1,"PUSL1"
"TNNI3K",0.704,0.148,0.042,0.041,1,"TNNI3K"
"PIF1",0.71,0.146,0.011,0.012,1,"PIF1"
"SNX11",0.715,0.102,0.115,0.115,1,"SNX11"
"UBL4A",0.715,0.101,0.189,0.192,1,"UBL4A"
"CALM3",0.716,-0.176,0.877,0.859,1,"CALM3"
"ZNF512",0.716,-0.102,0.309,0.313,1,"ZNF512"
"VMAC",0.72,0.163,0.059,0.058,1,"VMAC"
"ENSG00000278886",0.724,0.142,0.023,0.023,1,"ENSG00000278886"
"DOK3",0.724,0.112,0.026,0.027,1,"DOK3"
"LY6G6C",0.727,0.369,0.01,0.01,1,"LY6G6C"
"FXYD6-FXYD2",0.727,0.179,0.017,0.017,1,"FXYD6-FXYD2"
"SLC7A7",0.729,0.142,0.011,0.011,1,"SLC7A7"
"IER3",0.73,0.696,0.014,0.014,1,"IER3"
"INAFM2",0.732,0.107,0.103,0.103,1,"INAFM2"
"GSTO2",0.734,0.104,0.062,0.062,1,"GSTO2"
"SLC10A1",0.737,0.204,0.034,0.033,1,"SLC10A1"
"G0S2",0.74,0.156,0.118,0.121,1,"G0S2"
"ABCC2",0.741,0.105,0.014,0.014,1,"ABCC2"
"ADGRB1",0.742,-0.126,0.195,0.199,1,"ADGRB1"
"CFAP73",0.747,0.268,0.021,0.02,1,"CFAP73"
"BACH2",0.747,-0.112,0.722,0.731,1,"BACH2"
"HGD",0.748,0.14,0.014,0.015,1,"HGD"
"DNAAF3",0.754,0.103,0.031,0.031,1,"DNAAF3"
"DISP3",0.757,0.303,0.128,0.131,1,"DISP3"
"ENSG00000288658",0.758,-0.161,0.02,0.021,1,"ENSG00000288658"
"SLC6A13",0.76,0.323,0.015,0.015,1,"SLC6A13"
"ENSG00000279794",0.76,0.192,0.017,0.017,1,"ENSG00000279794"
"IL18BP",0.764,0.199,0.027,0.026,1,"IL18BP"
"SERPINF1",0.769,0.695,0.074,0.074,1,"SERPINF1"
"AEBP2",0.774,-0.154,0.601,0.612,1,"AEBP2"
"SGO1",0.775,0.179,0.084,0.084,1,"SGO1"
"TMCO6",0.777,0.13,0.043,0.042,1,"TMCO6"
"SP9",0.778,-0.396,0.099,0.098,1,"SP9"
"LDB3",0.781,0.138,0.022,0.022,1,"LDB3"
"SLC27A6",0.783,-0.343,0.021,0.02,1,"SLC27A6"
"ITPRIP",0.785,0.197,0.065,0.065,1,"ITPRIP"
"ZNF837",0.791,0.149,0.033,0.033,1,"ZNF837"
"DIABLO",0.793,0.154,0.029,0.03,1,"DIABLO"
"KRTCAP3",0.798,0.115,0.016,0.017,1,"KRTCAP3"
"IGFLR1",0.8,0.287,0.018,0.018,1,"IGFLR1"
"SLC25A34",0.8,0.155,0.029,0.029,1,"SLC25A34"
"SMIM45",0.803,0.111,0.096,0.097,1,"SMIM45"
"ADAM8",0.805,-0.106,0.01,0.011,1,"ADAM8"
"RNF32",0.805,0.128,0.103,0.103,1,"RNF32"
"FOXP2",0.805,-0.686,0.585,0.576,1,"FOXP2"
"RGS9",0.811,0.138,0.287,0.295,1,"RGS9"
"GPER1",0.813,0.14,0.023,0.023,1,"GPER1"
"UFSP1",0.816,0.174,0.015,0.014,1,"UFSP1"
"TMC6",0.817,-0.114,0.011,0.011,1,"TMC6"
"MAP10",0.817,0.106,0.012,0.011,1,"MAP10"
"MT-TK",0.818,-0.192,0.015,0.015,1,"MT-TK"
"ADGB",0.82,0.314,0.034,0.035,1,"ADGB"
"PCLAF",0.82,0.102,0.135,0.137,1,"PCLAF"
"ENGASE",0.825,0.144,0.063,0.063,1,"ENGASE"
"ENSG00000280432",0.827,0.177,0.026,0.025,1,"ENSG00000280432"
"WDR24",0.832,0.164,0.051,0.051,1,"WDR24"
"POU3F1",0.833,-0.39,0.072,0.073,1,"POU3F1"
"ALDH16A1",0.833,0.165,0.059,0.059,1,"ALDH16A1"
"KNL1",0.834,0.222,0.07,0.069,1,"KNL1"
"KCNJ10",0.838,0.176,0.096,0.099,1,"KCNJ10"
"OLIG2",0.839,-0.23,0.117,0.117,1,"OLIG2"
"EGR3",0.839,0.171,0.01,0.01,1,"EGR3"
"CFAP74",0.84,0.29,0.021,0.022,1,"CFAP74"
"TIMELESS",0.844,0.147,0.12,0.123,1,"TIMELESS"
"EMP1",0.845,0.355,0.014,0.014,1,"EMP1"
"ENSG00000279122",0.845,0.277,0.011,0.01,1,"ENSG00000279122"
"H2AC17",0.845,0.136,0.038,0.038,1,"H2AC17"
"RASSF9",0.846,0.239,0.076,0.078,1,"RASSF9"
"STEAP4",0.846,0.144,0.019,0.019,1,"STEAP4"
"FBXO6",0.847,0.105,0.093,0.095,1,"FBXO6"
"NFKBIZ",0.85,0.166,0.017,0.017,1,"NFKBIZ"
"ENSG00000279207",0.851,0.124,0.058,0.058,1,"ENSG00000279207"
"PCDHB15",0.851,0.12,0.116,0.117,1,"PCDHB15"
"FAM177B",0.852,0.174,0.01,0.01,1,"FAM177B"
"PALB2",0.852,0.103,0.17,0.172,1,"PALB2"
"CDKN2A",0.853,-0.129,0.013,0.013,1,"CDKN2A"
"CPTP",0.854,0.138,0.115,0.117,1,"CPTP"
"ZBTB3",0.854,0.109,0.05,0.051,1,"ZBTB3"
"POPDC3",0.854,0.212,0.015,0.015,1,"POPDC3"
"ZWINT",0.857,0.115,0.106,0.106,1,"ZWINT"
"FAM53A",0.86,0.144,0.02,0.019,1,"FAM53A"
"RBAK-RBAKDN",0.867,0.205,0.021,0.021,1,"RBAK-RBAKDN"
"PFAS",0.878,0.136,0.114,0.116,1,"PFAS"
"LRRC3B",0.878,0.448,0.32,0.328,1,"LRRC3B"
"ENSG00000289720",0.879,0.147,0.01,0.01,1,"ENSG00000289720"
"ENSG00000268465",0.879,-0.127,0.01,0.01,1,"ENSG00000268465"
"RARA",0.879,0.121,0.107,0.109,1,"RARA"
"FRZB",0.88,0.149,0.03,0.03,1,"FRZB"
"ENSG00000278987",0.881,0.146,0.016,0.016,1,"ENSG00000278987"
"IL5RA",0.881,0.163,0.013,0.014,1,"IL5RA"
"DNAH14",0.882,-0.197,0.705,0.692,1,"DNAH14"
"MYO3A",0.886,-0.149,0.111,0.112,1,"MYO3A"
"BTG1",0.887,-0.308,0.881,0.866,1,"BTG1"
"ZMYND10",0.888,0.25,0.041,0.041,1,"ZMYND10"
"ADGRE5",0.889,0.149,0.032,0.032,1,"ADGRE5"
"VIL1",0.89,0.133,0.021,0.021,1,"VIL1"
"TEPSIN",0.89,0.211,0.044,0.044,1,"TEPSIN"
"PRDM12",0.89,0.55,0.01,0.01,1,"PRDM12"
"MT-TA",0.891,-0.155,0.01,0.011,1,"MT-TA"
"SCN5A",0.892,0.317,0.016,0.016,1,"SCN5A"
"CENPN",0.893,0.148,0.096,0.097,1,"CENPN"
"KCP",0.906,0.199,0.026,0.026,1,"KCP"
"ACSL5",0.909,0.114,0.017,0.017,1,"ACSL5"
"C5AR1",0.91,0.175,0.022,0.022,1,"C5AR1"
"EYA1",0.912,-0.115,0.091,0.092,1,"EYA1"
"SNED1",0.915,0.325,0.102,0.103,1,"SNED1"
"INHBC",0.919,0.11,0.01,0.01,1,"INHBC"
"CHRNA3",0.921,0.209,0.021,0.021,1,"CHRNA3"
"LCA5L",0.922,0.101,0.071,0.072,1,"LCA5L"
"DCBLD2",0.922,-0.123,0.572,0.578,1,"DCBLD2"
"PKD1L2",0.923,-0.219,0.011,0.011,1,"PKD1L2"
"ECT2",0.923,0.126,0.127,0.129,1,"ECT2"
"LIPT2",0.925,0.241,0.041,0.042,1,"LIPT2"
"SMCO4",0.928,0.128,0.149,0.152,1,"SMCO4"
"ZNF845",0.928,0.109,0.064,0.065,1,"ZNF845"
"ENSG00000279792",0.929,0.15,0.012,0.011,1,"ENSG00000279792"
"CCDC15",0.933,0.114,0.149,0.151,1,"CCDC15"
"TONSL",0.934,0.158,0.037,0.038,1,"TONSL"
"SHLD3",0.935,0.137,0.089,0.09,1,"SHLD3"
"GPR183",0.936,-0.137,0.011,0.011,1,"GPR183"
"STPG4",0.936,0.132,0.058,0.059,1,"STPG4"
"C19orf73",0.936,0.155,0.036,0.036,1,"C19orf73"
"MYH3",0.938,0.174,0.025,0.025,1,"MYH3"
"CCDC178",0.94,0.103,0.034,0.034,1,"CCDC178"
"HPR",0.94,0.236,0.01,0.01,1,"HPR"
"TMEM131L",0.943,0.101,0.421,0.432,1,"TMEM131L"
"ENSG00000278972",0.943,0.198,0.017,0.017,1,"ENSG00000278972"
"FOSB",0.946,0.155,0.019,0.019,1,"FOSB"
"SAXO1",0.946,0.135,0.038,0.039,1,"SAXO1"
"FREM1",0.952,-0.261,0.179,0.181,1,"FREM1"
"FNDC11",0.953,0.234,0.018,0.018,1,"FNDC11"
"RAD54L",0.958,0.164,0.065,0.066,1,"RAD54L"
"SDCBP2",0.961,0.169,0.056,0.056,1,"SDCBP2"
"C6orf163",0.963,0.135,0.019,0.019,1,"C6orf163"
"MGARP",0.967,0.245,0.015,0.015,1,"MGARP"
"ENSG00000284906",0.967,0.153,0.107,0.108,1,"ENSG00000284906"
"LRCH1",0.969,-0.127,0.511,0.511,1,"LRCH1"
"ANO3",0.973,-0.117,0.016,0.016,1,"ANO3"
"ENSG00000279474",0.978,0.165,0.019,0.019,1,"ENSG00000279474"
"SLC50A1",0.981,0.124,0.088,0.089,1,"SLC50A1"
"LEXM",0.984,0.177,0.014,0.014,1,"LEXM"
"GALR1",0.986,-0.22,0.029,0.029,1,"GALR1"
"MARCHF10",0.987,0.131,0.026,0.026,1,"MARCHF10"
"TBCE",0.987,0.101,0.058,0.059,1,"TBCE"
"TOMM6",0.989,0.103,0.139,0.142,1,"TOMM6"
"NPIPA9",0.991,0.126,0.018,0.018,1,"NPIPA9"
"FAM183A",0.992,0.281,0.065,0.066,1,"FAM183A"
"PLIN4",0.992,0.187,0.01,0.01,1,"PLIN4"
"FBXL6",0.994,0.106,0.094,0.095,1,"FBXL6"
