"gene" "seed_1" "seed_2" "seed_3" "seed_4" "seed_5" "seed_6" "seed_7" "seed_8" "seed_9" "seed_10" "seed_11" "seed_12" "seed_13" "seed_14" "seed_15" "seed_16" "seed_17" "seed_18" "seed_19" "seed_20" "mean"
"1" "C12orf57" -0.10604928248433 -0.125057300673682 -0.0812272143148887 -0.0952627615990702 -0.105557653702808 -0.0739651677294052 -0.0872926224296734 -0.0782735763881868 -0.117816453474788 -0.0669304097867312 -0.0920615185294385 -0.0940759455417869 -0.101607064239711 -0.112837087993092 -0.0837775043364 -0.113722890628491 -0.080945585525834 -0.0965216102299747 -0.112808653979775 -0.0938591727318097 -0.0959824738159938
"2" "CCND2" -0.0644049122781026 -0.0664764914913727 -0.092499489037588 -0.0802896556212545 -0.084755575826804 -0.0878496691698653 -0.0929621543069371 -0.0868388004585988 -0.0944813897419636 -0.07264699665117 -0.0618230176932375 -0.0475093213271241 -0.0773698334298055 -0.115586615321812 -0.0722643365276624 -0.0904854867786065 -0.118598190603156 -0.0846212036065884 -0.0645994797769333 -0.0724216347041404 -0.0814242127176361
"3" "DPY19L1" -0.0108983588165901 -0.0151342454866787 -0.0112737360838662 -0.00507010667134806 -0.0141143680486502 -0.0258100176258654 -0.0216076613940469 0 -0.0351994812681807 0 -0.00955931753573118 -0.0149954987022289 -0.0334758230469243 -0.0110037752641325 0 -0.0174590674876683 -0.014487104216113 -0.0146405242655505 0 0 -0.0127364542956788
"4" "H4C3" -0.303924933815706 -0.288942476383132 -0.280863355495261 -0.298032002478118 -0.300993116701671 -0.293596499452768 -0.323556753256297 -0.294886507610165 -0.277363591872583 -0.320361798377446 -0.315899154455933 -0.28071925727967 -0.295942784800218 -0.278201236405198 -0.295310312587365 -0.274176121766019 -0.255302832622076 -0.284601933217079 -0.329495743659789 -0.31146280136286 -0.295181660679968
"5" "UBL5" 0 0 -0.00750865340688905 -0.00277496984852979 0 -0.0212752818364306 0 -0.0182721676725958 -0.00976814289930552 -0.0184527021585308 -0.0290142368585926 -0.0269833068194416 -0.0332478028574766 -0.014485252681689 -0.0106962597597022 -0.020530927996571 -0.00242297922585065 -0.00519711049950302 -0.00135886866349662 0 -0.0110994331592302
"6" "SERF2" -0.015329014503551 -0.0241431453232564 -0.0152099081863081 -0.0203463733228862 -0.0243720247826762 0 0 -0.0174378995743713 -0.0411791834223892 0 0 -0.0178174960457073 0 -0.0462401583171966 0 -0.0505669312891488 -0.0247482495563281 -0.009566962105401 -0.00856076202384078 -0.028944344930313 -0.0172231226691687
"7" "NONO" -0.0240686697545528 0 -0.03726610374114 -0.035813501501358 -0.0285482096489833 -0.0440880528985048 -0.0435973220462175 -0.0338881679125233 -0.0721711777233352 -0.0314250782526151 -0.044570175653461 -0.0242559796187106 -0.0515977041040684 -0.0514060208936903 -0.0259775693409497 -0.0686297102339531 -0.0469992214637844 -0.021371064373122 -0.0178671746979395 -0.0352830636583497 -0.0369411983758629
"8" "CUX2" -0.0197199751349133 -0.029120048531808 -0.0241238519965965 -0.0432967446640648 -0.0269311555493253 -0.0315303880889591 -0.0280492192111517 -0.0191062296038729 -0.0385106037267405 -0.0291368764189459 -0.0162796330983919 -0.0325684960216281 -0.0216837058040323 -0.0299950116681851 -0.0163947448977837 -0.0236859785431187 -0.0344902774550032 -0.0373086194127364 -0.0266082620955227 -0.0331459652968423 -0.0280842893609811
"9" "NRG1" -0.0014689113700839 -0.00619320874061467 0 -0.00186105149620206 0 -0.00545305670472535 0 0 -0.00274478616556531 0 0 0 0 -0.0142596396589528 0 -0.00840328785965149 -0.0230983547629961 0 0 0 -0.00317411483793958
"10" "ATP5ME" -0.0228880181136124 -0.0276509133045078 -0.0557852031904054 -0.0284924911483183 -0.03002705139435 -0.0413722868746664 -0.0513620233524363 -0.035801601392436 -0.0600363623447885 -0.0347700490687237 -0.0268773202328994 -0.0451836430606206 -0.0558740040940623 -0.0365538731617793 -0.021742652738742 -0.0389893172677319 -0.0779947149001949 -0.0129250467000744 -0.0600749516762868 -0.0433823725513584 -0.0403891948283997
"11" "PRKX" 0 0 0 -0.0206106573535474 0 -0.00178779194221452 -0.000927669323366145 0 -0.0324612184272037 0 0 0 -0.000923621174592524 -0.0174314003494748 0 -0.0258834398819658 0 0 -0.00560116120574396 0 -0.00528134798290544
"12" "PET100" -0.0331287246132693 -0.0339859160266898 -0.0377672231704839 -0.0266229187312106 -0.00859433931448648 -0.0535631158034219 -0.0236674399630216 -0.014782019021185 -0.0712752901855263 -0.0368484091729334 -0.00387370718844143 -0.0387891865417829 -0.0275753022519974 -0.0477823218466962 -0.0268878747516948 -0.0260300357640955 -0.0543175502882139 -0.0280888732295104 -0.0304112339904717 -0.00295935282936617 -0.0313475417342249
"13" "ENC1" 0 0 0 0 0 0 0 0 0 0 0 0 0 0 0 -0.00627348883662289 0 0 0 0 -0.000313674441831144
"14" "CTNNB1" -0.0799822306141951 -0.13609213816108 -0.0858855631297495 -0.0791280607099588 -0.100240248869749 -0.0935630531311801 -0.0967478919875167 -0.109205702573315 -0.088908747175087 -0.0954787425466669 -0.110197059674968 -0.0789300233496487 -0.0515833371490984 -0.0793661658365676 -0.0914698867952003 -0.0855109868021453 -0.100885214494244 -0.114950788552294 -0.109817563518245 -0.111614711421497 -0.0949779058246204
"15" "ATP5MF" -0.0578032876496958 -0.0575056307209496 -0.0562041552708478 -0.0547704364455631 -0.0298057479281615 -0.050034540819389 -0.0557679213079353 -0.0595060829136997 -0.051766114220944 -0.0445851263154265 -0.0676364686797712 -0.0287473165314969 -0.0672937316613861 -0.0738551553916938 -0.0290995263598712 -0.0496278275249414 -0.0632273587449183 -0.0405566619486046 -0.000127710243929968 -0.0285244306464095 -0.0483222615662818
"16" "UQCRQ" 0 0 0 0 0 0 0 0 0 0 0 0 0 0 0 -0.00558139612820199 0 0 0 -0.00474643025309755 -0.000516391319064977
"17" "KCNN3" -0.0050201769038011 -0.0196036367688782 -0.0309412037385862 -0.0209354350439182 -0.0687079643297161 -0.0400529901363785 -9.85201561905918e-05 -0.036571781774271 -0.0186096417543313 -0.0544564981143931 -0.00727115673233321 -0.0245243508679185 -0.0198627426385544 -0.0502214206951528 -0.0335501242617047 -0.0474277080028142 -0.0480587575268716 -0.0041208934408176 -0.00285645085480632 0 -0.0266445726870719
"18" "MAGED2" -0.00607996005125066 0 -0.00130450360224144 0 -0.0173485247452518 0 -0.00722804381059112 0 -0.0254515446994268 0 0 0 0 -0.0214781120349604 0 -0.0222237552300678 -0.0105867018710074 0 0 0 -0.00558505730223987
"19" "TMA7" 0 0 0 0 0 -0.0174869657872801 0 0 -0.00907731950219911 -0.00213432340923818 0 0 0 0 0 -0.0106880901552471 -0.0250596555843257 0 0 0 -0.00322231772191451
"20" "PRMT1" -0.018694657729896 -0.00329854130421842 -0.0148295436388965 -0.00955206628048775 -0.0267036869185943 -0.0449603542102945 -0.0343154566400013 -0.0401962313332838 -0.0324660169914036 0 -0.0123101712942261 -0.0258887028097991 -0.0315823001843983 -0.0513825649776858 -0.0173886462429384 -0.0288460358520463 -0.05572906536357 -0.018549751223652 0 -0.0121069420721522 -0.0239400367533772
"21" "DEK" -0.00388332114910749 -0.0317157412823084 -0.0267271894528594 -0.035470307715557 -0.0213634574650597 -0.0359975538647082 -0.0436520670260246 -0.0386302828811451 -0.0376926225257306 -0.0479888751564365 -0.0435248927100409 -0.0421111880951933 -0.0384542245495499 -0.025728136836556 -0.0424700603133144 -0.0478252068893169 -0.0491698395894835 -0.0186852196762465 -0.0185698285450598 -0.0427417866739923 -0.0346200901198845
"22" "PHF21B" -0.0284622015477081 -0.0302087562067631 -0.0190022849219184 0 -0.0384533025747103 -0.0502547390974136 -0.0208672347566787 -0.0173436078608809 -0.0443623823780022 0 -0.0494181566558045 -0.0104096118190963 -0.0329911526571598 -0.0232152661307292 -0.00985854363528502 -0.0375357379835984 -0.0382628286702284 -0.0236983758386748 -0.0408896597242513 -0.0184040112656568 -0.026681892686228
"23" "UBE2S" 0 0 -0.0146640853470821 -0.00422299472421233 0 0 -0.00480750789199092 0 -0.0153492873954914 0 -0.00279278209489306 -0.0128028025731373 -0.019292387105891 -0.0416463022662159 -0.0112552252884556 -0.0209493106908684 -0.0214284587176081 -0.0114666812277417 0 0 -0.0090338912661794
"24" "MT-TA" -0.0611920169474324 -0.0324706830768918 -0.0377620760242162 -0.018993866749976 -0.0319070450913012 -0.0422524592652514 -0.0372621109865431 -0.0260469035543573 -0.0599537884264329 -0.0718921171907346 -0.0563844792241478 -0.0174513937411803 -0.0469605768005808 -0.0638925139704623 -0.0679738709926741 -0.0751540310322163 -0.0460905358250491 -0.0657572344704712 -0.033390374375015 -0.0320090945564082 -0.0462398586150671
"25" "EZR" 0 -0.0179275489061557 0 0 -0.0156369862240429 0 0 0 0 0 0 -0.00355281389610631 0 -1.35893690693142e-05 0 0 0 0 0 0 -0.00185654691976871
"26" "SNRPF" -0.00522470764172759 -0.0020062007566119 -0.0167429589987937 -0.0252521278483136 -0.0351019989098954 -0.0260220429503481 -0.0215540831298326 0 0 -0.012498924608112 -0.00832636012891921 -0.0143229937999536 -0.0245183220609384 -0.00130047045422278 -0.00944585814224259 -0.0254320382590645 -0.0254864779117755 -0.0484038750106652 -0.0105432466386524 -0.00246457967588241 -0.0157323633462976
"27" "FSCN1" -0.0557109529273291 -0.0152798762928086 -0.0503776799783033 -0.0210325794264847 -0.0388020035598871 -0.0359365056748466 -0.0367863583537808 -0.0526334208833963 -0.0403052773485562 -0.0442243137039116 -0.0419487422344612 -0.0325105679529932 -0.0349543384035707 -0.027796767484078 -0.0708464575512133 -0.0300740538581297 -0.0694162315083065 -0.00978812045170757 -0.0296578065914573 -0.0256422612079877 -0.0381862157696605
"28" "APEX1" 0 -0.00280853583964844 0 0 0 0 0 0 -0.0292623600394906 0 0 0 -0.0132988687926605 0 0 0 -0.00355915843190868 0 0 0 -0.00244644615518541
"29" "GDI1" 0 0 0 0 0 0 0 0 0 0 0 0 0 -0.00923510245576078 0 -0.0228024605684643 0 0 0 0 -0.00160187815121126
"30" "MT-ATP8" -0.088724007553654 -0.119069282209485 -0.118949749679434 -0.125563425346399 -0.146378670880081 -0.120130082091454 -0.100572819034424 -0.110039188521219 -0.106313881636798 -0.140691857320527 -0.10530078341753 -0.132775835031807 -0.135973142321268 -0.125517899070518 -0.10034979277114 -0.126963689997131 -0.147617570183379 -0.124364911995269 -0.144587100316383 -0.138121143569136 -0.122900241647352
"31" "SRSF3" 0 0 0 0 0 0 0 0 0 0 0 0 0 0 0 -0.017343532846536 0 0 0 0 -0.000867176642326801
"32" "COPS9" -0.0512895816257385 -0.0354693076469415 -0.0459604582350015 -0.0296031467522612 -0.0454928353896788 -0.0304517311771176 -0.0116280394784069 -0.0289878055972164 -0.0400308915249372 -0.0162397508156556 -0.0466732162288408 -0.0566324750512042 -0.0327144513687727 -0.0493955256155839 -0.0512532358886126 -0.0396311208880266 -0.0317315457331736 -0.0273623379122979 -0.0306601960289777 -0.0211625731195766 -0.0361185113039011
"33" "SEZ6" -0.0568319267382986 -0.03554678174923 -0.0342929606401251 -0.0403010181976872 -0.0245259117185528 -0.0441942120803352 -0.03866357307853 -0.0611328776065819 -0.050888376134689 -0.0548554814825324 -0.0712629134439214 -0.0462883773768049 -0.0706091180584532 -0.0573998305464195 -0.0883085449070366 -0.0438310166087419 -0.0645216792494883 -0.0634185054169481 -0.0238618154132239 -0.0559466854882991 -0.051334080296795
"34" "HES6" -0.0618837779279452 -0.0668895322840295 -0.0590682350106594 -0.0848935587730788 -0.0609825073201559 -0.0562872135466146 -0.0703767677834127 -0.067644814520939 -0.0250585426089708 -0.0588201544393691 -0.0732440584820702 -0.0391013783394678 -0.0747054664362907 -0.0623223309552134 -0.072433149133688 -0.044357339815702 -0.054711124273383 -0.07655101194506 -0.0749710426968195 -0.0749237384229696 -0.062961287235792
"35" "RBFOX3" -0.00494235218293909 -0.00592723826080746 -0.0299113652253459 0 -0.00890578130604539 -0.0150151431713181 0 -0.0176270608696996 -0.0341602699066569 -0.0115481988090867 -0.0329303089904901 -0.0116231676499799 -0.00215554675432563 -0.0101125419620788 0 -0.0527900084030577 -0.0291059535312266 0 -0.0309577591112238 -0.00926966706330117 -0.0153491181598791
"36" "CAPRIN1" -0.0340625485275025 -0.0293533615754275 -0.0382179756330828 -0.0448647461727411 -0.00193033726035107 -0.0266893186050632 -0.0358262683931787 -0.0201876719136552 -0.0383442163885922 -0.0572856447002327 -0.0591967536184567 -0.0267686839789521 -0.0262189610699883 -0.0479068955075034 -0.0383944349952691 -0.0321011755304015 -0.0336696069694496 -0.0423545945783761 -0.0182967711862776 -0.0202064065034309 -0.0335938186553966
"37" "NDUFB10" -0.0317518925082314 -0.00552369302837137 0 -0.0023237081372278 -0.0152853358017818 -0.0278917428809535 -0.0148496440868118 -0.0173604316489865 -0.0337234442775022 -0.0155517943516067 0 -0.0503756791339243 -0.0156422962335273 -0.0418226203535453 -0.0169151861063982 -0.0389985909106492 -0.0107306087811906 -0.0196908700330717 -0.0198571067980506 -0.00887619702131673 -0.0193585421046573
"38" "NGRN" 0 0 -0.03927678544662 -0.0192429546611787 -0.0394105992053155 -0.0497246612474472 -0.0415552126336898 0 -0.0182130345335237 -0.0162991626716955 -0.0338867500748864 -0.0303798733350439 -0.0062351457007822 -0.0107359466789819 -0.0258116221721664 0 -0.0151380774628041 0 -0.0121310518028785 -0.0290427820564542 -0.0193541829841734
"39" "HNRNPH1" -0.0508973602582728 -0.0448726150896783 -0.0434238494935847 -0.0518617469021753 -0.036819029344389 -0.0380982753505378 -0.0599530988956871 -0.0526480337408629 -0.0238574275879508 -0.0496494773194943 -0.0419415105920432 -0.0394515011122912 -0.0582169397300291 -0.0496269982233289 -0.0375630083064492 -0.0255073179040838 -0.0435456458172898 -0.0463146376576012 -0.0554717927768026 -0.0502824013205536 -0.0450001333711553
"40" "SMARCB1" 0 -0.0122503443967581 0 0 -0.00312804927485717 0 0 0 0 -0.000616571564356212 -0.0233668606145469 0 0 -0.0245328902540123 0 -0.0353013106887169 -0.0222799922259066 0 0 0 -0.00607380095095771
"41" "ROMO1" -0.0211670391101118 -0.0557708975227801 -0.00369409246186924 -0.0204857812264379 -0.0230513815978074 -0.029665189078873 -0.0345711425279923 -0.0207368565464804 -0.00869525527532256 -0.0321588824130309 -0.0531788318392017 -0.0290316408260505 -0.0260161888223226 -0.00853667084701275 -0.00444824596147948 -0.0162354325687861 -0.020078093530623 -0.0196165847003873 -0.0110756924514149 -0.0464395126404037 -0.0242326705974194
"42" "SFRP1" 0 0 -0.00978117179292639 -0.00729243726656877 -0.011150101744806 0 0 0 -0.00666848907639328 0 -0.008704066256825 0 -0.0117633367612986 -0.00723451207597966 -0.0350258473619123 -0.01153394501151 -0.00371721550051603 -0.0152073099582218 0 0 -0.00640392164034789
"43" "TMPO" -0.0202988589846355 -0.0137675613268022 -0.0203771032268061 -0.0233441113616949 -0.0339057093594747 -0.0333957526564295 -0.00905802217313732 -0.0166358917045764 -0.0254285066325541 -0.0176869939349426 -0.0299315180109203 -0.0308531485335661 -0.0478454446285753 -0.0296869494367482 -0.0470288505872741 -0.00885109222202147 -0.0300459497180043 -0.0265837127288739 -0.0185920642964267 -0.0273864173903476 -0.0255351829456906
"44" "LAPTM4A" 0 0 -0.0212084995083721 0 0 0 0 0 0 0 0 0 0 0 0 0 0 -0.013910121049243 0 0 -0.00175593102788075
"45" "GPC2" -0.0375611786629463 -0.0491291970372902 -0.0667699845121753 -0.083302427420224 -0.034789144664426 -0.0648206183463678 -0.0333279381635887 -0.0602750708215607 -0.0690761452816629 -0.0601164979515139 -0.0531070447718579 -0.0791535424097931 -0.0571521198876465 -0.0538593562965555 -0.0664567806420477 -0.0402395707396431 -0.0532940476072085 -0.0688309952149237 -0.0388331706368753 -0.059591230718045 -0.0564843030893176
"46" "CTXN1" -0.041600712859819 0 -0.0368222137597264 -0.0527878105817367 -0.0222861761960581 -0.0445004729946401 -0.0436702567645135 -0.030132026470016 -0.057754298859467 -0.043384658035654 -0.0246634801384349 -0.0615467392352316 -0.0389499929322282 -0.0532222067598367 -0.0540201332949737 -0.0403547000878155 -0.0456625964573822 -0.0800595418785736 -0.0311557031357064 -0.0220704719111946 -0.0412322096176504
"47" "UBA1" 0 0 0 0 0 0 0 0 0 0 0 0 0 0 0 0 0 0 0 0.00508132048705797 0.000254066024352899
"48" "HNRNPAB" 0 -0.057890548183077 -0.0268161726416767 -0.0192030940868683 -0.0337738171613683 0 -0.0429680515381823 -0.0330778737097965 -0.036433677859057 -0.0603856956810478 0 -0.0191613273893695 -0.0231046147740335 0 -0.0290751992479414 -0.0258419824376519 -0.00820609081754736 -0.0484694351791338 -0.0561135467013685 -0.023645180678343 -0.0272083154043231
"49" "SSR4" 0 -0.015714781276018 0 0 0 0 0 0 -0.0260877172655003 0 0 -0.027411632698103 0 -0.00195898871213947 -0.0409417720695607 0 0 -0.000168773313619108 0 -0.000223459461302052 -0.00562535623981214
"50" "ST13" -0.00625212678634237 -0.00251583947270358 -0.00264961174896163 -0.0177259493994261 0 0 0 0 -0.00374951861380914 0 0 0 0 -0.0177273395232301 0 0 -0.0203407876957199 -0.000508417797803195 0 0 -0.0035734795518998
"51" "PREX1" 0 0 0 -0.0121272865410793 0 -0.0535258146081107 -0.0157231683430982 0 -0.0267536537627856 -0.000995756295329227 0 -0.00499250388117935 -0.00949593751900488 -0.0273083313054002 0 -0.0320681456126552 -0.0378281877699912 0 0 -0.0160411116020571 -0.0118429948620345
"52" "BTG1" -0.0615308959401907 -0.0294875522173537 -0.0198133372233349 -0.0128145768258672 -0.0231975097411583 -0.0378182175430013 -0.0392130753267322 -0.039853294221922 -0.00769053655264664 -0.0435338531567804 -0.0400639110627569 -0.0331170966205031 -0.0253422005698496 -0.0517553414444134 -0.0439445297196729 -0.0138657258664137 -0.0237225134451088 -0.0404402688082086 -0.0385828089551136 -0.0214372940364536 -0.0323612269638741
"53" "UQCR11" -0.013319942924334 -0.00868470558184619 -0.014943365180142 -0.0201957021099803 -0.0300119179467763 -0.0093831688078485 -0.0107093170711084 -0.0358067330625867 0 0 0 -0.00884780906981838 -0.0350094076779284 -0.0322440025591432 -0.0303295084594001 -0.0352009968215898 -0.0270512449649619 -0.017442181812835 0 0 -0.016459000202515
"54" "PCBP2" 0 0.00406477614415018 0 0 0 0 0 0 0 0 0 0 0 0 0 0 0 0 0 0 0.000203238807207509
"55" "SINHCAF" -0.00418976682523759 -0.00125877596460496 0 0 -0.0123043700504783 0 -0.0116956239808102 0 -0.00928699149571833 -0.00279685677555852 0 -0.0262443891400988 0 -0.0110049438539415 0 0 -0.0221578418771786 -0.000241652131977253 -0.0266701342196693 -0.0279485345031285 -0.00778999404092009
"56" "COPE" -0.0252999206579652 -0.0186478827754151 -0.0227627527482595 0 0 -0.0261771277271344 -0.025196196492411 0 0 0 -0.0231291914899381 0 -0.0117666314421014 0 -0.00228848104120761 -0.00173509468553864 0 -0.0304232964033051 -0.0343929839172813 -0.0204970582255303 -0.0121158308803044
"57" "NDUFA1" -0.0216651967046295 -0.0258224923161592 -0.0141911451940149 -0.0318995388618903 0 0 -0.00505642452244827 0 0 0 -0.00873203200676977 -0.0205963486289328 0 0 -0.00858204527922612 0 0 0 0 0 -0.00682726117570354
"58" "EIF3A" 0 -0.0314731078918761 -0.0232209374928114 -0.0370562796272016 -0.0141362566634636 -0.0342567512125116 0 -0.0196692834152474 -0.0305103354014935 -0.0202633834985022 -0.023966409833926 -0.000298609934707795 -0.0173283400690443 -0.0150307706644937 -0.0600826568887952 -0.0349267020772218 -0.0319443569387983 -0.0263456902421597 -0.0246216368534397 -0.0215329289702864 -0.023333221883799
"59" "ATP5F1A" -0.0144079113050402 0 0 0 0 0 -0.0132740337192085 0 0 0 0 0 0 0 0 0 0 0 0 -0.01194816985955 -0.00198150574418993
"60" "THSD7A" 0 -0.00897372176921307 -0.0102403489554903 -0.0150736512380934 -0.01714732235363 -0.026271669097905 0 -0.00822615445884385 -0.0355853986269047 0 -0.0296704479990086 0 -0.0192224395502979 -0.0326134668163147 -0.0163639291931577 -0.0411297581527888 -0.031076956075339 -0.00453903586989971 -0.00419782418581256 -0.00395123459550721 -0.0152141679469103
"61" "RPS27L" -0.146009348782326 -0.139912679252996 -0.137453424495984 -0.156121533519616 -0.17027967457846 -0.147958772475126 -0.168012799373047 -0.1701295800889 -0.155220414035066 -0.177095732580358 -0.137654915702349 -0.154645356791847 -0.150692689726053 -0.137084923947401 -0.155324010902982 -0.116522103690098 -0.139367434082487 -0.155754841958117 -0.175211914474163 -0.163007456006189 -0.152672980323178
"62" "TMEM183A" -0.100084938125183 -0.0929774119072997 -0.100925587048084 -0.0856839751298233 -0.0791756880968492 -0.151379224645909 -0.130497600113352 -0.115385966268731 -0.0960647096425072 -0.092479772087192 -0.0869494474611034 -0.107378881590161 -0.0843943081301427 -0.107889842842959 -0.117836146966131 -0.101325369301557 -0.117301805873011 -0.0810642063560129 -0.130004829328682 -0.104911846575517 -0.10418557787451
"63" "VCP" -0.0575034187216971 -0.0329183913206971 -0.0118775573250054 -0.0486708914782686 -0.0721542733658777 -0.0586847729704389 -0.0317740021252791 -0.0411901981056691 -0.0348817416756304 -0.0589617887601268 -0.0232313115164944 -0.0320916252362231 -0.0234906148624459 -0.0777291416912705 -0.0224022032801898 -0.0409899790576241 -0.0505137055923125 -0.0460580691331613 -0.0721154380963247 -0.0323504195555151 -0.0434794771935126
"64" "RBBP4" -0.00638190251914245 0 0 0 0 -0.001632044815814 0 0 -0.0119846879732569 0 0 0 0 0 -0.0117128451967655 -0.00965744923127547 0 0 0 0 -0.00206844648681271
"65" "ATCAY" 0 0 0 0 0 0 0 0 0 0 0 0 -0.00641819306664068 0 0 0 0 0 0 0 -0.000320909653332034
"66" "PAIP2" 0 -0.00110295287366994 0 -0.000884128700045072 0 0 -0.00142149065907538 0 -0.019728072101674 0 0 -0.0180548953506353 -0.00837433273313715 -0.00843507151393358 0 0 0 0 -0.0010448845399279 0 -0.00295229142360491
"67" "TSPAN13" -0.00675292968513287 -0.00256281115137159 0 -0.00394715311345956 -0.00570489613850179 0 -0.0156079297451743 -0.0287262035063006 -0.0079019308113537 0 -0.00464476947893787 0 0 0 0 -0.00706097482305136 -0.0280046757257242 0 0 -0.0029461693956775 -0.00569302217873427
"68" "NDUFA3" 0 -0.00754534220388208 0 -0.0366842589716241 -0.0246916743737015 -0.0123743558636978 -0.00809464867917986 0 0 0 0 -0.00100952275429338 -0.00465769815577169 -0.00507208975026625 -0.00722491372523398 -0.0238764629354155 -0.00585470994396933 -0.0134392137280535 0 -0.00165536911137711 -0.00760901300982331
"69" "XRCC6" 0 -0.0228972798887524 -0.0381499039578053 0 -0.00701498647527654 0 -0.0265828889435975 0 -0.0174825797836049 0 -0.0148399996618298 -0.0161998042261796 -0.0175993223940042 -0.00629242251048846 -0.00447108927555928 0 -0.0078515099693458 -0.0170553065363481 0 -0.000887267516603722 -0.00986621805696977
"70" "AP2M1" -0.0212378884607165 -0.0222527594572581 0 -0.000940253972604465 0 -0.0154685594743917 -0.00747408113334438 -0.00592967376776548 -0.0100292282959335 0 -0.00983453903587998 0 -0.0225576864517262 0 0 0 0 0 -0.0116162617676816 -0.00951810537292605 -0.00684295185951141
"71" "SMARCA5" 0 0 0 0 0 0 0 0 0 -0.00135865149308711 0 -0.0221173724163194 0 0 0 0 0 0 0 0 -0.00117380119547032
"72" "CCDC88C" 0 0 0 0 0 0 0 0 0 0 0 0 0 0 0 -0.00349453197510896 0 0 0 0 -0.000174726598755448
"73" "EIF4B" -0.00595798153214595 0 -0.0120033055245099 -0.0103505062477742 -0.0153523482650618 -0.00235980663586562 0 0 0 0 0 0 0 0 -0.00789915967978009 0 0 -0.00238004126922579 -0.0035810976624171 0 -0.00299421234083902
"74" "RNF5" 0 0 0 0 0 -0.0105537632010098 0 0 0 0 0 0 0 0 0 0 0 0 0 0 -0.000527688160050488
"75" "GDI2" 0 0 0 0 0 0 0 0 0 -0.00056713549510187 0 0 0 0 0 0 0 0 0 0 -2.83567747550935e-05
"76" "CAPZB" 0 0 -0.0139943564108571 -0.016974877598857 0 -0.000328036528422631 -0.0181309400699652 0 0 -0.0101430738690912 -0.0111189354892262 0 -0.0099086622901901 -0.00664264081832988 -0.00746280733430219 -0.0228400755774058 -0.0406504247283361 -0.0198530191583748 -0.0011966509854422 0 -0.00896222504294002
"77" "CNN3" -0.00176638083747833 0 0 0 0 0 0 0 0 0 0 -0.0117833626605545 0 0 0 -0.000206534485411697 0 0 0 0 -0.000687813899172224
"78" "MAP1LC3B" -0.0307083132601875 -0.016985428488681 -0.0200345759972092 -0.024715062347272 -0.0242821140514709 -0.0248768280846432 -0.0169906977916291 0 0 -0.0190773735348276 -0.0233024282472347 -0.0223391833534067 0 -0.042697355867268 -0.044307384872234 0 -0.00221155987079188 0 -0.0074380577854478 -0.0228303129925296 -0.0171398338272417
"79" "C11orf58" 0 0 0 0 0 -0.000589068250987802 -8.21474646842981e-05 0 0 0 -7.50515731922221e-05 0 0 0 0 0 0 0 0 0 -3.73133644432161e-05
"80" "ST6GAL2" -0.0324076647884791 -0.00292142327065379 -0.0100256290191319 0 -0.00272254926959934 -0.000221555319333537 0 0 -0.0223767975212885 -0.0101816133981372 -0.00277091427505569 -0.0182785214693456 -0.0251799193865611 -0.00257615400890026 -0.00460440395166236 -0.0188278364589488 0 -0.0117232354109054 0 -0.00144594236663321 -0.00831320799573179
"81" "TCEAL4" -0.0144211656492547 -0.0265093334803772 -0.0117039062407946 0 -0.0201631451506743 -0.00206804454765292 -0.0283905042253065 -0.0116899853253497 -0.0100950449398304 -0.0184425456339685 0 -0.00945423755498758 0 -0.0303152161757047 -0.0126904813291362 0 -0.0145686664248074 0 -0.0232368233744946 -0.000267175581575042 -0.0117008137816957
"82" "ESR1" 0 0.00970984071654389 0 0 0 0 0 0 0 0.0111371613339907 0.0105081667295624 0 0 0 0 0 0 0 0.0202084864916724 0.0248449596918778 0.00382043074818235
"83" "DNAJC8" -0.055399496442925 -0.0452757563619906 -0.0659216964880891 -0.0545939202197176 -0.0559582153596751 -0.0666574429678605 -0.0960631688043172 -0.0606630317795618 -0.0515724563388832 -0.058300257751308 -0.0692675231155358 -0.075966181241236 -0.0592199045194524 -0.0465806503204258 -0.0668301737676408 -0.0606961843190971 -0.0331821884117199 -0.0498485395086057 -0.0668005761776489 -0.0994819737432397 -0.0619139668819465
"84" "MXI1" 0 0 0 0 0 0 0 0 0 0 -0.00209621211989332 0 0 0 0 -0.00880790231773789 0 0 0 0 -0.00054520572188156
"85" "PSMA4" 0 0 0 0 -0.0213195095095082 0 0 0 0 0 0 0 0 0 0 0 0 0 0 0 -0.00106597547547541
"86" "ADD3" 0 0 0 0 0 0 -0.00670147108790094 0 0 0 -0.00482460230481678 0 -0.00296714429610373 0 -0.00459376978404293 0 0 0 0 0 -0.000954349373643219
"87" "CIAO2B" -0.0159083135105088 0 -0.0234154772829403 -0.00806821989084042 -0.0206588048620705 -0.00365299570220025 -0.00225779702329014 0 0 -0.0219760839721103 0 -0.00548784951825476 -0.024390117565249 -0.00526428227378434 -0.014393208718562 0 0 -0.0249181152754952 -4.48585110711695e-05 0 -0.00852180620531886
"88" "SYT11" 0 0 -0.000336591724651627 -0.00465927756775384 0 0 0 -0.00816047797226531 0 0 0 -0.0331665164266795 0 0 -0.00375344376216216 -0.00351914042013673 0 0 0 -0.00457055599039652 -0.00290830019320229
"89" "ACTR3" 0 0 0 0 0 0 0 0 0 0 0 0 0 0 0 0 0 0 -0.000314842366118522 0 -1.57421183059261e-05
"90" "UBE2I" 0 0 0 -0.000887734688448615 0 0 0 0 0 0 0 0 0 0 0 0 0 0 0 0 -4.43867344224308e-05
"91" "DDX3X" -0.0531075835675627 -0.0398413520240793 -0.0511135239931279 -0.0317333213748893 -0.0571369943409135 -0.0450499937074083 -0.037894716835468 -0.0126928181681927 -0.0237293183237921 -0.0647267242287325 -0.0334825389857543 -0.046206440813435 -0.0395895485517172 -0.0355124082048724 -0.0480579842624941 -0.0417511450957173 -0.023370367532806 -0.0617298374534547 -0.0652125460363736 -0.0647529487106803 -0.0438346056105736
"92" "NASP" -0.0227444853012915 -0.0282963265594136 -0.0415443668927761 -0.0294662421115344 -0.0563759818766653 -0.0481743536535664 -0.0394386253493687 -0.0673955678553417 -0.0472476886464727 -0.0136644268923092 -0.0371772807057833 -0.0520115292123655 -0.0149335625891998 -0.0409996941407536 -0.0478970320009778 -0.0228672326419664 -0.0231147373472545 -0.0492494495217728 -0.056863968523442 -0.040591369445509 -0.0390026960633882
"93" "STAG1" -0.0245415803417446 -0.0446996452212421 -0.0393803894469823 -0.0232747332012573 -0.0417663483586172 -0.0219931329441029 -0.0116267615773832 -0.053870087465569 -0.0172447879868509 -0.0260989480851548 -0.0174524025554209 -0.0380526244646313 -0.0470763212394806 -0.0333302720128427 -0.0302531489664675 -0.0266081529533138 -0.0245990979595401 -0.0257874865709963 -0.0547889986097306 -0.0263363845900968 -0.0314390652275712
"94" "KIF1A" -0.0198756531257808 -0.0413329238971771 -0.0302513047725874 -0.0319542143143255 -0.083303065061568 -0.0455610532611824 -0.0442845339698327 -0.0514287860717025 -0.0387961590100515 -0.0253951328437446 -0.0414767655639754 -0.0306408075329885 -0.0816884001543821 -0.0318785855195402 -0.0613701134371677 -0.0427760698585816 -0.0659812539204335 -0.0524434044157684 -0.0476128833292058 -0.0652047634355814 -0.0466627936747789
"95" "G3BP1" -0.0153164654741471 -0.0313469221992887 -0.00400555451655256 -0.0166546310959382 0 -0.000129084274778368 0 0 0 -0.00678160455026509 -0.00399799383582243 -0.012267716116939 -0.0039700214420942 0 0 0 0 -0.0104223070078806 0 0 -0.00524461502568531
"96" "GOLM1" 0 0 0 0 0 0 -0.0101387630761967 0 -0.0120158987033001 0 0 0 0 0 0 0 0 0 0 0 -0.00110773308897484
"97" "FGFR2" -0.00389287668919314 0 0 -0.00412163164805615 0 0 -0.006679718693633 -0.016186434394205 -0.00123873726581407 -0.0088084904382096 -0.0141673234830485 0 0 -0.00238985543743661 -0.0213632409680784 -0.00156109628193914 -0.0264385149632414 -0.0252150692429259 -0.0113671887281783 -0.0200700560250568 -0.0081750117129508
"98" "PQBP1" 0 0 0 0 0 -0.00197800214159726 0 0 0 -0.0106785253783449 -0.0191464515794667 -0.00609287928921914 0 0 0 -0.000826771038508416 0 0 0 0 -0.00193613147135682
"99" "AFAP1" 0 0 -0.00588542984718645 0 -0.000809097125480749 -0.0171862639485475 -0.0111442222371556 0 0 0 0 0 -0.00379846488120621 -0.00765588447696212 0 -0.00689824478702867 0 0 0 0 -0.00266888036517837
"100" "NDUFB7" 0 -0.00245394328063511 0 0 0 0 0 -0.00184808637827865 0 0 -0.00744756950791577 0 -0.0151116715644993 0 0 0 -0.0114766387443688 0 0 0 -0.00191689547378488
"101" "FJX1" -0.00489444913669998 -0.0189660858828681 -0.0186985810952573 -0.0057620990578475 -0.00574941593911738 0 0 -0.0283391396356074 -0.000580107400967724 -0.0114273811060745 -0.0225562992328087 -0.0200565547649446 0 0 -0.0147498719779074 -0.0162763306326219 -0.0246775185729231 0 -0.0314530717968141 -0.0409750197276529 -0.0132580962980056
"102" "CCT6A" -0.00396815131949264 0 0 0 0 0 -0.0160082419433585 -0.0039247041258902 -0.0104657950473819 -0.013008598524107 0 0 -0.00881987585446059 0 0 0 0 0 0 -0.0120068975299652 -0.0034101132172328
"103" "DSTYK" -0.00377278655324712 -0.00850463811150915 -0.000184256974298206 0 -0.00536009307154718 0 0 0 0 0 0 0 0 0 0 0 0 0 -0.00296672889704252 0 -0.00103942518038221
"104" "CHD6" -0.00860667442009966 -0.0184265442487745 -0.011777215434038 0 -0.00378321890195587 -0.0246260413061355 -0.0370425094633465 -0.00897881443445473 -0.00673782658262603 0 -0.0305347731533164 -0.00437046928557042 -0.0124927695735896 -0.0251610987590916 -0.0128681004698537 0 -0.00792664584843544 -0.0184117609162842 -0.00766370632713538 0 -0.0119704084562354
"105" "CFDP1" -0.00904490026858959 0 -0.000514322443257911 -0.00400763936354381 -0.012632816073525 -0.0239911635827858 -0.0225903444380756 0 0 -0.0413397135219176 -0.0320969999352433 -0.00798799651308183 -0.00901273654977599 -0.00443012103688083 -0.00263795768536977 0 -0.0144098702882946 -0.0110021022903824 0 -0.00333762971213336 -0.00995181568514288
"106" "LSM7" 0 -0.00385603264872869 -0.000884053531723584 -0.0527413171464146 -0.0329440894765232 -0.0236957700105598 -0.00877602477967871 -0.041383777112167 -0.0155146396884534 -0.0245554670415605 -0.0179047972903622 -0.0225887056411643 -0.02429263018326 -0.0269090396729895 -0.0399201960708225 -0.0228220093803797 -0.0109652672036105 -0.00534330507993767 -0.040734866992426 -0.0194161728184407 -0.0217624080884601
"107" "DHX9" 0 0 0 0 -0.000735346292336144 0 0 0 0 0 0 0 0 0 0 0 0 0 0 0 -3.67673146168072e-05
"108" "TDG" -0.0414841092455493 -0.0518665613639117 -0.0755858375028528 -0.0646248889219868 -0.0529938039684435 -0.0856498057703162 -0.0561497655304625 -0.10142444825079 -0.0515664830021317 -0.0756414637784961 -0.0513916535980103 -0.0657142850120101 -0.0493449185706771 -0.0477817504923959 -0.0564995839585114 -0.0503806645387133 -0.0558917029339181 -0.0730750306654394 -0.0482466936422249 -0.0206241312204388 -0.058796879098364
"109" "TRIM28" -0.0118923536751408 0 0 0 0 -0.0319860320839618 -0.000384437491996214 0 0 0 -0.00350816858388331 -0.00995462623368921 0 -0.00801296479935609 0 0 0 0 -0.000876025893693029 -0.000644808715674903 -0.00336297087386977
"110" "SPEN" -0.0444205363400815 -0.0641760359928021 -0.0324536468187213 -0.0258251713122546 -0.0351172972286848 -0.052963181323913 -0.0484348693588997 -0.0338143004237484 -0.0309094300322325 -0.0420281951442174 -0.0551892387192492 -0.0567698274378976 -0.0364773610286561 -0.0491911481411121 -0.0508183485705144 -0.0203730062425277 -0.0415133641898952 -0.0398306332190403 -0.0298755186801365 -0.0639441832421012 -0.0427062646723343
"111" "HSPD1" 0 0 -0.00776276637994592 0 0 -0.00428685457609045 0 0 0 0 0 0 0 -0.00916978511984616 0 0 0 0 0 0 -0.00106097030379413
"112" "GUK1" 0 -0.00297185939681153 0 -0.0377442556790404 -0.00261964160369286 0 0 0 -0.0111737939296018 0 0 0 0 0 0 0 0 -0.0155341387208118 0 -0.0203453124411999 -0.00451945008855792
"113" "PSMB3" 0 -0.00085408060954243 0 0 0 0 0 0 0 0 0 0 0 0 0 0 0 0 0 0 -4.27040304771215e-05
"114" "MLF2" -0.0345568534004276 -0.0594146448427834 -0.0236722285675284 -0.0477019488681776 -0.00170463965168137 -0.0387407583255764 -0.0171739320770565 -0.0181577060298847 -0.0285904328309485 -0.0384087001796946 -0.0407147731743183 -0.0363730413460322 -0.0490604506150403 -0.02103677002013 -0.0528526965003225 -0.018316692115071 -0.0287074177082896 -0.0238832214112171 -0.0124331911650484 -0.0533272625314228 -0.0322413680680326
"115" "MAP2K2" -0.0685952552375797 -0.0797447339868363 -0.0825747790872312 -0.0958005724239284 -0.049290589628059 -0.0403087335684135 -0.0483177953614174 -0.0681696641669862 -0.0494499582498547 -0.0521098666889357 -0.0654772246992664 -0.0665369378992188 -0.0635559813176893 -0.0705400480302896 -0.0857714944948738 -0.0458554121980251 -0.0391702950262485 -0.0195976161893181 -0.0728146059056998 -0.0613177534416747 -0.0612499658800773
"116" "KLHL24" 0 0 0 0 0 0 0 0 0 0 0 0 0 -0.0039467776894546 0 -0.000898469856422352 0 0 0 0 -0.000242262377293848
"117" "IGDCC3" 0 -0.00135118339214751 0 0 0 0 0 0 -0.00262983842615845 0 0 -0.011533514114767 0 -0.00928084353031738 0 0 0 0 0 0 -0.00123976897316952
"118" "IPO9" 0 0 0 0 0 0 0 0 -0.0137596050986968 0 0 0 0 -0.00429204084522754 0 -0.00512173691627573 0 -0.000178977310893494 0 0 -0.00116761800855468
"119" "MYEF2" 0 0 0 0 0 0 0 0 0 0 0 0 0 0 -0.00349341147740659 0 -0.00170790288869447 0 0 0 -0.000260065718305053
"120" "PLPPR3" -0.0750571739913972 -0.0968227624285245 -0.0674098753474859 -0.0867620705797676 -0.0634602468091247 -0.0642511063819326 -0.0832454233972313 -0.0435204778523336 -0.0622270838698502 -0.0535180974963481 -0.0628443436059804 -0.0599559694034692 -0.0634453834914005 -0.062590648845667 -0.0708016469221994 -0.058278408484504 -0.0379601239822115 -0.0960376847020405 -0.0783285732249419 -0.0748381986171949 -0.0680677649716803
"121" "ID4" 0 0 0 0 0 -0.00482175407565154 0 0 -0.000390508111877488 -0.00681374238581042 0 0 -0.00422855413110914 0 -0.00274905973239601 -0.00300932767852263 0 -0.00687874638108085 0 -0.0122475347973 -0.0020569613646874
"122" "SCAND1" -0.0222637447044614 0 -0.00422476016072753 0 0 0 -0.00330450111676373 0 0 0 0 -0.00847055775478646 0 0 0 0 0 -0.015675733021086 -0.022656189106506 -0.00980019502588887 -0.004319784044511
"123" "EEF1D" -0.0186257726787695 -0.0500090265626771 0 -0.0100115617732964 -0.0331266666986206 -0.0157715851067632 0 0 0 -0.046052905805248 -0.0171017762362786 -0.0245200537158813 -0.0285769088059464 0 -0.0230951142068559 0 -0.0245942988968476 -0.00356678194194931 -0.00789335925168363 -0.0277166194015094 -0.0165331215541163
"124" "GATAD2B" 0 -0.0106195947084229 0 0 0 0 0 0 -0.0215721016300274 0 0 -0.0105373550023408 0 -0.000234529118674495 0 0 0 0 0 0 -0.00214817902297328
"125" "MEIS3" -0.0150990840209365 -0.0588521086924914 -0.03918100772196 -0.0254963054825765 -0.0288837428617232 -0.0480096364973069 -0.0554015553355255 -0.0361349430518393 -0.000348680639572668 -0.0484015637494948 -0.0522807046768488 -0.0611551849187869 -0.0243447398648803 -0.0591774964257777 -0.0375491046212125 -0.0556312137814802 -0.0643739843665305 -0.0399197612122969 -0.0468840044979505 -0.0490733541274357 -0.0423099088273313
"126" "ZFR" -0.0122962437258047 -0.00612796641504859 -0.0257850791627576 0 -0.0030847542784075 0 0 -0.00813844374418599 0 -0.00739822077571225 0 -0.00135601631159109 0 0 0 -0.0145757822863996 -0.00719413997694088 0 -0.0190807944671838 0 -0.0052518720572016
"127" "CDC42EP3" 0 0 0 0 0 0 0 0 0 0 0 0 0 0 0 0 0 0 -0.00658674121036556 0 -0.000329337060518278
"128" "G3BP2" 0 -0.0175500935870792 -0.030987936104271 -0.0187594453948145 -0.00996163087890182 -0.0160513028667792 -0.0250744374026533 0 0 0 0 0 -0.00435926736289912 0 0 0 0 -0.016411974049421 0 -0.00778350826606756 -0.00734697979564433
"129" "NDUFB1" 0 0 0 0 0 0 0 0 -0.000337946652332287 0 0 0 0 0 0 0 0 0 0 -0.00694096101089012 -0.00036394538316112
"130" "SF3B1" 0 -0.00766346078156666 0 0 -0.00209048449444044 0 0 0 -0.00207119291078913 0 -0.014329669596327 -0.00714130586216599 -0.015218373126307 0 0 0 -0.00331776130354948 -0.00572928409927113 0 -0.00514389264886859 -0.00313527124116427
"131" "MCRIP1" -0.0405365080552771 -0.0596162615611389 -0.00986961540720042 -0.0127828644557525 -0.00923439893611832 -0.0202333275004609 -0.00413947265206618 -0.029354285747121 -0.0219497734979222 -0.0110700371231425 -0.00132233088744107 0 -0.0167657482834001 -0.0174550716223901 -0.0214898641929996 0 -0.0189308272542283 -0.0327132047127669 -0.0583748372413231 -0.0402224109995905 -0.021303042006517
"132" "UBXN1" -0.00495376730928506 -0.0190731294318985 -0.0189188587590495 -0.0143113504203023 -0.0236440000023768 0 -0.0415142811974392 0 0 -0.0138479762960881 -0.0219242116872146 0 0 0 -0.00204198490372098 0 0 -0.0211521015799544 -0.0203148773633325 0 -0.0100848269475331
"133" "BBX" 0 -0.0039879873510452 0 0 0 0 0 0 0 -0.0110790331777155 0 0 0 0 0 0 0 0 -0.00284880144291215 0 -0.000895791098583641
"134" "PPM1G" 0 -0.0151105962740574 -0.00195328738292536 -0.0111349561540016 0 0 -0.0245624835055573 0 0 0 -0.00703255174421944 -0.0211401634162215 0 -0.0265004526725037 0 0 0 -0.0174258650970809 -0.00377880844507503 0 -0.00643195823458211
"135" "CDH18" 0.112520538044033 0.123179663930159 0.0852686148727366 0.0787876887414662 0.0663186622315555 0.103468193147673 0.0811032239008763 0.109457807322473 0.0701674733188739 0.101818375068185 0.11801413669256 0.0978345955630047 0.0696818793681031 0.0783465161021914 0.111429750970547 0.0396223807976612 0.0545080295827149 0.0774401588449154 0.0867298367147659 0.0765383624157026 0.0871117943815099
"136" "NEGR1" 0.131406747977117 0.11588976387604 0.126038585728998 0.117913052543617 0.110817610015546 0.126910984565387 0.125797370099194 0.117463675863825 0.119210952642901 0.127934481679419 0.128958795653748 0.12067832261287 0.13460234588566 0.0984811939989622 0.0903662156341738 0.0904693153808221 0.0873524478155821 0.14621137506205 0.140067268809586 0.158535992322694 0.12075532490841
"137" "TMEM132A" -0.00560669668218385 0 0 -0.0154665720761008 -0.00465069956307578 -0.0034260333970922 -0.00098755396503996 0 -0.00855660526873245 -0.0133892828081938 -0.00157053426521496 -0.00946321097860715 -9.57040331095337e-05 0 0 0 0 -0.018231126315688 -0.0188703161349506 -0.0335335767240487 -0.00669239561060189
"138" "PSMD8" 0 0 -0.00754727870811671 0 0 -0.0132231615293426 -0.00227199880638301 -0.0134479323630015 0 -0.00121241895872677 0 -0.013662204380017 -0.0233322249077733 0 0 0 -0.0122016147698251 0 -0.0285762623475509 -0.0358108184508854 -0.00756429576108111
"139" "EZH2" -0.0319536080006327 -0.00469492337079441 -0.00141788683289891 0 -0.0170312486372531 0 -0.00243050839212208 0 -0.0179350122797133 -0.0353440618702082 -0.00517590736851288 -0.0319686186422262 -0.0172073939445416 -0.0171793189393142 -0.0225576500616044 0 -0.0206071788025613 -0.0251363710672462 -0.00651796469536562 -0.0233161607525989 -0.0140236906828797
"140" "NIPSNAP1" -0.0283521365272373 -0.0476337446946645 -0.0398605610327958 -0.0417422417165999 -0.0229015460512148 -0.0406036595268639 -0.0479843704716328 -0.042307024753104 -0.0162150632627725 -0.0503781403039211 -0.0372850488501682 -0.0442392698608765 -0.0357334413489889 -0.042356193714039 -0.0353446979358862 -0.0261460283199426 -0.0457491087819883 -0.0626640793161672 -0.053954488627782 -0.0379491012593536 -0.0399699973178
"141" "RANBP1" 0.00661859664689154 0 0 0 0 0 0 0 0 0 0 0 0 0 0 0 0 0 0.00362696968887208 0 0.000512278316788181
"142" "PGRMC1" 0 0 -0.00262746499511788 0 0 0 0 0 0 -0.00208116539783635 0 -0.00239020457499873 0 0 0 0 0 0 0 0 -0.000354941748397648
"143" "SESN3" -0.0385772886796463 -0.044929504591933 -0.0413157881487274 -0.0318507276745087 -0.0235880823361711 -0.0305650987796364 -0.0156367849181627 -0.0252070904847025 -0.0224638626981369 -0.00372895889312751 -0.0244891617100102 -0.0251101526047902 -0.0390120486674203 -0.00532684216326865 -0.0508892240744881 -0.0376421176423043 -0.0128524617921236 -0.0356808058118042 -0.0316444990376261 -0.0234279450675402 -0.0281969222888064
"144" "CD81" -0.0807130138633846 -0.0714573900080904 -0.0515816074736573 -0.0638720007258517 -0.0454926821391249 -0.0371104510306761 -0.0776099043606791 -0.0949359200606486 -0.0635899470454219 -0.0732772471866896 -0.0629353227868448 -0.0639315347041648 -0.0622027673404149 -0.0629295994593483 -0.0543572715430544 -0.0605274738258676 -0.0553179363616895 -0.0646785187138327 -0.0429021722344423 -0.0591431154045975 -0.062428293813424
"145" "FADS1" -0.0311345878243064 0 0 0 0 0 -0.00294125217850329 -0.00250400832048028 0 0 0 0 0 0 0 0 0 0 0 -0.0130523097801229 -0.00248160790517065
"146" "IP6K2" 0 -0.00038335216171033 -0.0123972769312313 -3.69427729438393e-05 0 0 0 -0.0183133953410915 0 -0.0182356508909856 0 -0.00127178779323152 -0.00422787678594602 0 0 0 0 0 -0.0370612538542027 -0.0126082732182433 -0.0052267904874793
"147" "CCT5" 0 0 0 0 0 0 0 0 0 0 0 0 0 0 0 0 0 -0.00202399734335803 0 0 -0.000101199867167902
"148" "ACTL6B" -0.054308251691308 -0.050908685716217 -0.043511228542906 -0.0394833064094975 -0.0581730909130722 -0.0541162592491491 -0.0743184263033111 -0.0422090246484187 -0.0279705689618849 -0.0664370944705273 -0.0752544552999977 -0.0616583397852783 -0.0109044325468665 -0.0405775409015232 -0.0714470572295408 -0.0242112747510986 -0.0260767753598429 -0.0632468736058906 -0.0535253436679059 -0.0707792186723448 -0.0504558624363291
"149" "PLD3" -0.0264787653089051 -0.0340494926678887 -0.0707035676497599 -0.0115415640180817 -0.0352226757780077 -0.037853944528897 -0.0354860933289757 -0.0403623089705025 -0.0300961580452132 -0.0253828342634952 -0.0468747017809144 -0.0678757754986981 -0.011560211169676 -0.0316679728299308 -0.0544917930327551 -0.0360907728782297 -0.0293325186342156 -0.0104317817367961 -0.0763719600410624 -0.0462772036684047 -0.0379076047915205
"150" "NT5C3B" -0.0836359192256175 -0.111017368905612 -0.0829961704497696 -0.105007071397114 -0.0892937269008827 -0.0656713460261761 -0.0672639923300179 -0.0768473233378045 -0.0750548693591402 -0.119420318410004 -0.113414032163004 -0.0969425143257057 -0.0838430933915414 -0.0458055139153215 -0.0887025900592674 -0.0684344958654027 -0.0483741591072158 -0.0888852348795037 -0.117752375347988 -0.100498866244725 -0.0864430490820907
"151" "C14orf132" 0 0 0 0 0 0 0 0 0 0 0 0 0 0 0 0 0 0 0 0.0177939763441412 0.000889698817207058
"152" "MRPL41" 0 0 -0.00399065092186201 0 -0.00230550248645054 -0.000232313981892945 -0.0105764962180814 -0.00924053404856835 -0.00152020170337914 0 -0.0236718966633293 -0.000923509258045229 -0.0110156435543312 0 0 0 0 -0.0234694667532478 0 0 -0.0043473107794594
"153" "ALDH2" 0 0 0 -0.015159964890482 0 0 -0.0112770568305897 0 0 0 0 0 0 0 0 0 0 0 0 0 -0.00132185108605359
"154" "MTPN" -0.0155113229617333 -0.0180549850495422 0 0 -0.00890373152187034 -0.00329217458242183 -0.0284022383626444 -0.025194402779112 -0.00431375975957453 -0.0142555743667191 -0.011914356326027 0 -0.0170635551058676 0 0 -0.0169845208316666 0 -0.0127918021895191 -0.00681504885511476 -0.00118563360520266 -0.00923415531485077
"155" "MDM4" -0.0949549094659676 -0.0952689534863376 -0.0351567511829284 -0.0508875385821411 -0.0464966123851212 -0.0407133726879095 -0.0486646473162851 -0.037451989508178 -0.0742427869204443 -0.0507241427526307 -0.0720882198013442 -0.0524004255800754 -0.0605697705235206 -0.0321681868419023 -0.0670801675773448 -0.0682874368738743 -0.0334969683441956 -0.0807743871557206 -0.0615291057187263 -0.0752409944448789 -0.0589098683574763
"156" "HSPA4" 0 0 0 0 0 0 0 0 0 0 0 0 0 0 -0.00205690695365808 0 0 0 0 0 -0.000102845347682904
"157" "SARS1" 0 0 0 0 0 0 0 0 0 0.014392678297793 0 0 0 0 0 0 0 0 0 0.00687918811662399 0.00106359332072085
"158" "NCAN" 0 0 0 -0.00226379905713061 0 0 0 0 0 -0.00987866115609272 0 0 -0.00750907242067598 0 0 0 0 0 -0.00386525500788783 0 -0.00117583938208936
"159" "BCL7A" 0 -0.0206587666398577 -0.0154552831873319 0 0 -0.0173045406934962 0 0 -0.0314200130952033 -0.0198179258672024 -0.00213318213433485 0 0 0 0 -0.00228313935425002 0 0 -0.00406177731519305 -0.0128462235326586 -0.0062990425909764
"160" "KIAA0232" 0 0 0 0 -0.00814992578936724 0 0 0 0 0 0 0 0 0 0 0 0 0 0 0 -0.000407496289468362
"161" "MXD4" 0 -0.00215148161197706 0 -0.0111382703592651 -0.0275357372923238 0 -0.00289496741651681 -0.00663450165599139 0 -0.0155629355301563 0 -0.00951439366692435 -0.0108002007049068 -0.0056483900192363 -0.00789983173876819 0 0 0 -0.0184249380125685 0 -0.00591028240043173
"162" "CSNK2B" 0 0 0 0 0 0 0 0 0 0 -0.00606497744323694 0 0 0 0 0 0 0 0 0 -0.000303248872161847
"163" "NDUFB9" 0 0 0 0 0 0 0 0 0 0 0 0 0 0 0 0 0 0 0 -0.0193098460502083 -0.000965492302510417
"164" "NHP2" 0 0 0 -0.0193440682964142 0 0 0 0 -0.00490314413949325 0 -0.00742271408018351 0 0 0 -0.0014033459083939 0 0 0 0 0 -0.00165366362122424
"165" "ZNF423" 0 -0.00463379252914585 0 0 0 0 0 0 0 0 0 0 0 -0.0188522948611537 0 0 0 0 0 -0.0116255249772634 -0.00175558061837815
"166" "CSNK2A1" -0.00194823126862963 0 0 0 0 0 0 0 0 0 -0.000608789576068791 0 0 0 0 0 0 0 0 0 -0.000127851042234921
"167" "SMDT1" 0 0 0 0 0 0 0 0 0 -0.00647971951567043 0 0 0 0 0 0 0 0 0 0 -0.000323985975783522
"168" "GRAMD1B" -0.00716907160016765 -0.00110562184766506 -0.0154471348191646 -0.0206560493825316 -0.0079889663775958 0 0 0 0 -0.0190303038493771 0 -0.00536712883800311 -0.00906153822550418 0 0 0 -0.0027691661741631 -0.0124339639739351 0 0 -0.00505144725440537
"169" "RWDD1" 0 -0.0407869546069851 -0.01110875095848 0 -0.00338328852828423 -0.00640662255198632 -0.00245632077230472 -0.010621295811484 0 -0.0374112094570558 -0.0126368493949165 -0.005077727067294 0 0 -0.0141571582870262 -0.00702880869044926 0 0 -0.00892391435985949 -0.0161913066709009 -0.00880951035785132
"170" "ZC4H2" 0 -0.000851372471719924 0 0 0 0 0 0 0 0 0 0 0 0 0 0 0 0 0 0 -4.25686235859962e-05
"171" "BTBD9" -0.00769245372573327 -0.0201585391091197 -0.0149274391435888 0 0 0 -0.00168484531419731 -0.00152744552931774 -0.0176423102497414 -0.0015041055531086 -0.00427255296776714 -0.0175648566929969 -0.00158240092796785 -0.0140965098175499 -0.00817175375853527 0 0 0 -0.0238137576601967 -0.0123081743303025 -0.00734735723900615
"172" "RAB5C" -0.0240977856638457 0 -0.0081698201893013 0 -0.0447191286111962 0 0 -0.019547550167274 -0.00772158405834595 -0.0129222825615965 -0.011580618044512 0 -0.000229019566303002 0 -0.00804470621494051 -0.0178369262504791 -0.00713462490682263 0 -0.0345091945745697 0 -0.00982566204045933
"173" "BHLHE22" -0.0103607059447527 0 -0.0360372108017827 -0.0157084972830391 -0.0159407738346432 -0.0257249759559259 -0.0154663350907757 -0.00755507205177916 -0.020485139705453 -0.0227321664364044 -0.0310102320971826 -0.0263415579333722 -0.0240684032159974 -0.00543485028967416 -0.0444178609144735 -0.0068864174786916 -0.0095235546819625 -0.0215219413909749 -0.0317482183746007 -0.0217718435255472 -0.0196367878503516
"174" "GDAP1L1" 0 0 0 -0.0132750948334088 0 0 0 0 0 0 0 0 0 0 0 0 0 0 0 0 -0.000663754741670441
"175" "DCTN3" 0 0 0 0 0 -0.0137345045582325 0 0 0 0 -0.0163038717041254 0 0 0 0 0 0 0 0 0 -0.0015019188131179
"176" "POLR2L" -0.0276931745946468 0 -0.018743923299664 -0.00854343056567821 -0.0172644985575628 -0.0231897508445355 0 -0.0321993263392513 -0.00222452405233746 -0.0105349524299848 -0.0479775073946601 -0.0195963789189093 -0.0159058258630783 -0.0184285171750744 -0.0125406776473658 0 0 -0.0462710368713386 -0.00857355119453308 -0.0129271893449762 -0.0161307132546798
"177" "BCLAF1" 0 0 0 0 0 0 0 0 0 0 0 0 0 0 0 0 0 0 0 0.0232216597652439 0.0011610829882622
"178" "ARHGAP35" 0 0 0 -0.00352719357601134 0 0 0 0 -0.0131853696836482 -0.0219294149221871 0 -0.00908607686735167 -0.00304449950053991 -0.0232211587539969 0 0 -0.0154516818536585 0 -0.00755626731927735 0 -0.00485008312383355
"179" "MYH10" -6.41374140743029e-05 0 0 -0.0022885314317806 0 0 0 0 0 -0.0146582260455312 0 0 0 0 0 0 0 -0.00124917127049896 0 0 -0.000913003308094253
"180" "MRPS21" 0 -0.014276740319001 -0.00692802557810942 0 0 0 0 -0.0228771043131774 0 -0.00493575151520661 -0.0190093032276645 0 -0.0140663314633973 0 0 0 0 -0.0239164032767261 -0.0121951637576365 -0.00480618583509278 -0.00615055046430058
"181" "SBK1" -0.00815774727516408 0 0 0 0 0 0 0 0 0 -0.0178010139112773 0 0 0 -5.94563882419911e-05 0 0 -0.00143680030417774 0 0 -0.00137275089394305
"182" "FIS1" -0.000777939336715816 0 0 0 0 0 0 -0.011569381917323 0 0 0 0 0 0 0 0 0 0 0 0 -0.00061736606270194
"183" "BAZ1B" -0.00320369703374847 0 0 0 0 0 0 0 0 0 0 0 0 0 0 0 0 0 0 0 -0.000160184851687423
"184" "FKBP1A" 0 0 0 0 0 0 0 0.015898852512976 0 0 0 0 0 0 0 0 0 0 0 0 0.000794942625648799
"185" "BAG6" -0.0582734523641666 -0.0635299587775612 -0.0271424158184784 -0.0618278178373936 -0.0531077483995024 -0.0247744261561022 0 -0.0446182958858256 -0.0429057582290396 -0.0415056780175214 -0.0248147339197344 -0.0556439816854768 -0.0514818666852469 -0.0500265866583377 -0.0277926016846283 -0.0118007559423706 -0.0220206077633403 -0.0371947560684599 -0.0442282664857828 -0.0286484543114504 -0.038566908134521
"186" "LRCH2" -0.131171512914671 -0.140093477776681 -0.116139989018867 -0.164575822360949 -0.10935038477393 -0.117159255893588 -0.144630115150509 -0.134946102431452 -0.0897274763420039 -0.138277584024108 -0.105224930308869 -0.109386889872495 -0.131418775676296 -0.104424573659697 -0.157195084508234 -0.0795870634663513 -0.0913641379880572 -0.127496717255632 -0.137271907594115 -0.159712315952387 -0.124457705848445
"187" "CADM4" -0.00856432054769242 -0.0434293342767031 -0.0305884953986213 -0.0674654715549943 -0.037674239236681 -0.0256103742265374 -0.0445711345408087 -0.0285791067203322 0 -0.0280871261036879 -0.0333736567752995 -0.0235701956335202 -0.0507211696280628 -0.0285316597769652 -0.0338315377382238 -0.0339950298998362 -0.0186588012456537 -0.0282062941871468 -0.0322103628902859 -0.00318288822626061 -0.0300425599303657
"188" "RAB11B" 0 -0.0104793025472865 -0.0232978934110697 -0.017763651455801 -0.0101409379895253 0 0 -0.0135381070732389 0 -0.0127929052073866 -0.0443601602841472 0 0 0 -0.00798381263522807 0 -0.00457162229105755 -0.00788748938612524 -0.00738350133524856 -0.0235715330738301 -0.00918854583449724
"189" "HEBP2" 0 0 -0.00152762423734936 0 0 -0.000238979127227368 0 0 0 0 -0.0113309180389593 0 0 0 0 -0.00994501667055647 0 -0.00384961016436682 -0.0141336782821705 -0.021004108411168 -0.00310149674658989
"190" "UQCRFS1" 0 -0.0013022500350023 0 0 -0.0148012157531182 0 0 0 0 -0.0232878247842568 0 0 0 0 0 0 0 0 -0.00811203347881253 -0.00971323700027775 -0.00286082805257338
"191" "WDFY3" 0 0 0 0 0 0 -0.0050700138180429 -0.00182900447202579 -0.00217301985504667 0 -0.000655264555091219 0 -0.00967354934080921 0 -0.0119062340549505 -0.00635393494405028 0 -0.00468712171568967 -0.0154355890653589 0 -0.00288918659105326
"192" "TPM4" 0 0 0 0 0 -0.00632997071679652 -0.025486524358148 0 0 0 0 0 0 0 0 0 0 -0.0136505005836964 0 -0.0250036989416038 -0.00352353473001224
"193" "JAK1" 0 0 0 0 0 0 0 0 0 0 0 0 0 0 -0.00939240407338986 0 0 0 0 0 -0.000469620203669493
"194" "PLEKHO1" 0 0 0 0 -0.00373748294702946 0 0 0 0 0 0 0 0 0 0 0 0 0 0 0 -0.000186874147351473
"195" "DNMT3A" 0 0 0 -0.00195826273669579 -0.00384232819182706 0 0 -0.0206488615105813 0 0 0 0 0 0 0 0 0 -0.00264421369555625 0 0 -0.00145468330673302
"196" "DOP1B" 0 -0.0198310042273409 0 -0.0037464128397081 -0.00535835888384164 0 0 -0.017123003151121 -0.00170877980920634 0 -0.000232787149425219 -0.0183558258147277 0 0 0 0 0 -0.00080820389895511 0 -0.0124599994124011 -0.00398121875933635
"197" "EMC4" -0.0287580360106859 -0.015229118783725 -0.0293030531565829 0 -0.0170842940295837 -0.0155271337088848 0 0 -0.00844863313246219 -0.0223196511222408 0 0 0 0 -0.015283119930263 0 0 0 -0.00337290551347678 0 -0.00776629726939526
"198" "BAZ1A" 0 0 0 0 0 0 0 0 0 -0.0115042978189701 0 -0.00372899249647209 0 0 0 0 -0.00432768612308181 0 0 0 -0.000978048821926199
"199" "KPNA4" -0.0082168012360996 -0.00361393872495543 0 0 0 0 0 -0.00348312788154713 -0.00706866522646076 -0.00718218399224248 0 0 -0.0130367320968207 0 0 -0.00190795195828836 0 0 0 0 -0.00222547005582072
"200" "KDELR1" -0.0174102116623617 -0.00143303952837642 0 0 0 0 0 0 0 0 0 0 0 0 0 0 0 0 0 0 -0.000942162559536907
"201" "DHPS" -0.0153697035235724 0 0 0 0 0 0 -0.00404222141655622 0 0 0 0 -0.000412936659306862 0 0 0 0 0 0 0 -0.000991243079971774
"202" "FAM32A" 0 0 0 0 -0.0150444966776524 0 0 0 0 0 -0.0130427146929112 0 0 0 0 0 0 0 0 -0.0214652135339265 -0.0024776212452245
"203" "CNTN1" 0.0279709440010194 0.0138534279751169 0.0299729946763239 0.0104280631159709 0.0339827074409479 0.0131016269492706 0.0597765899088269 0.0501110000067487 0.0164660680108822 0.0823094749897551 0.0576797919985808 0.041553530085537 0.0156725628801646 0 0.0445878425775699 0 0 0.0160309981439233 0.0331983848438982 0.0721939439273713 0.0309444975765954
"204" "GRB2" -0.00236690545495531 -0.0149432372203478 0 -0.0219458953417424 -0.0114428766743207 -0.00391127635368938 -0.000409765964292853 -0.00787347224518356 -0.0144217513222452 -0.0171433767344979 -0.00618043920380179 0 0 0 -0.00297327709687925 0 0 -0.0177786111001339 0 -0.0222546447245612 -0.00718227647183256
"205" "UNC5A" -0.0202119594136883 0 -0.0134137132433241 -0.00303902185921923 0 0 0 0 0 -0.00275598428820919 0 -0.011700640089935 -0.0300834709253094 0 -0.018755440802399 0 -0.00376789029122745 -0.00909699774442305 -0.000546068102051059 -0.00582500297005892 -0.00595980948649224
"206" "POLR2A" -0.0249644115755101 -0.0101823162506056 -0.00428160017545357 -0.0318926078779705 -0.00388074742199003 -0.0344820176672939 -0.0141994721079991 -0.00564048921593278 -0.010123551994919 -0.0140335517125999 -0.0265140986160871 0 0 -0.00745614565908781 -0.0291949121208347 0 0 -0.00768174799868199 0 -0.0194834100458974 -0.0122005540220432
"207" "PPP4R2" -0.0316012224604158 -0.0425327946059831 -0.0304066302179562 -0.0137906827758051 -0.030042378062846 -0.00924319537796169 -0.0206261832745684 -0.0210123000113184 -0.00826775032858205 -0.0428340546010115 -0.0288682495841946 -0.0407513069964933 -0.0274420194730454 0 -0.0229064004860938 0 0 -0.0205133280056243 -0.0275597092284247 -0.0331124773978875 -0.0225755341444106
"208" "SRP19" -0.033938103527682 -0.0742282299823045 -0.0326687717230752 -0.0743039654793017 -0.0460852495044812 -0.0286207331114891 -0.0622486915902702 -0.0516279321120916 -0.0346834519662127 -0.032343372699916 -0.0429193717682148 -0.0203530701115446 -0.0278248186735972 -0.0133287529263376 -0.050929381307182 0 -0.0113451169704772 -0.0487652263925582 -0.0398269324409936 -0.0387413007177611 -0.0382391236502745
"209" "CNTFR" -0.0190785469101222 -0.0209336069209897 0 -0.0253959393201998 -0.0317774961436308 0 -0.0228906180558817 -0.0238668980331777 0 -0.0257915461289052 -0.0321717487018876 0 -0.0255874334188516 0 -0.0232988226067675 0 -0.0237408922190265 -0.0367780850531078 -0.0354778052273394 -0.0280194470134963 -0.0187404442876692
"210" "LHX2" 0 0.0100026041792596 0 0 0 0 0 0 0 0.0150945403828079 0 0 0 0 0 0 0 0 0 0 0.00125485722810338
"211" "CTIF" 0 0 0 0 -0.0202709624787642 0 0 -0.024174483739697 0 0 0 -0.000450353851084526 0 0 0 0 0 0 -0.0132716534222746 -0.00549603113215961 -0.00318317423119899
"212" "ARID2" -0.00136787510260793 0 0 0 0 0 0 0 0 0 0 0 0 0 -0.00817366299063134 0 0 0 -0.00436001925976235 0 -0.000695077867650082
"213" "ASAP2" -0.053646747680805 -0.0382647381724733 -0.0686439947315746 -0.0366860856891138 -0.0327218605925577 -0.0315877067536724 -0.0418277662412726 -0.019275731331338 -0.0237570153593189 -0.0245412661974385 -0.036809767776088 -0.00985261852317141 -0.0302583506135628 -0.0476742871727617 -0.0387295224558846 -0.00681508192948544 0 -0.0300950913154555 -0.0395827807979386 -0.026636273977055 -0.0318703343655484
"214" "RNF187" -0.000360174596437746 0 0 0 0 0 0 0 0 0 -0.0375576762159728 0 0 0 0 0 0 0 0 0 -0.00189589254062053
"215" "KDM4B" -0.00388419244909979 -0.000218707654187245 0 -0.00709308847470595 0 0 -0.00822164916619239 -0.00206286086457018 0 -0.000736976530427301 0 0 0 -0.00163500949277443 0 0 0 0 0 0 -0.00119262423159786
"216" "NDUFA6" 0 0 0 0 0 0 0 0 0 0 -0.000684925358170071 -0.00321725992029833 0 0 0 0 0 0 0 -0.000502926613462015 -0.000220255594596521
"217" "TRA2B" 0 0 0 0 0 -0.000922483818905272 -0.0409514415673552 0 0 -0.009794322259106 0 -0.0110064941642886 -0.0075752160135676 0 0 0 0 0 0 0 -0.00351249789116114
"218" "KPNB1" 0 0 0 -0.00369651786793645 0 0 0 0 0 0 0 0 0 0 0 0 0 0 0 0 -0.000184825893396823
"219" "AKR1B1" -0.0232009375909807 0 -0.0107626656268774 0 0 0 0 0 0 0 0 -0.00950902769430293 -0.00335677702863337 0 0 0 0 0 0 0 -0.00234147039703972
"220" "ACVR2B" 0 0 0 -0.000870283980542451 0 0 0 0 0 0 0 0 0 0 0 0 0 0 0 0 -4.35141990271226e-05
"221" "JTB" 0 0 0 -0.00350536301335984 0 0 0 0 0 0 0 -0.00229563976316399 0 0 0 0 0 0 0 0 -0.000290050138826191
"222" "RPL7L1" 0 0 0 0 0 0 0 0 -0.000720018102934739 0 0 0 0 0 -0.00407776180945719 0 0 0 0 -0.0035255136850673 -0.000416164679872962
"223" "GSPT1" 0 0 0 0 0 0 0 0 0 0 0 0 0 0 0 0 0 0 -0.0123341879657539 0 -0.000616709398287694
"224" "GPR22" 0.116825953930621 0.145271839337694 0.107242753266957 0.220116352263764 0.167269723456358 0.0655412028697435 0.0602949184967687 0.223546221329359 0.0723327728901411 0.159273114458963 0.167175917638182 0.184950634449996 0.0904126660570199 0.0947844632886346 0.221138051623413 0.0586778869194905 0.0629916735624309 0.0851846667633194 0.168264623587118 0.132310408662432 0.13018029224262
"225" "FAM193A" 0 0 -0.00652426755163321 0 -0.00513875951818472 0 0 -0.00853271714018686 0 0 0 0 0 0 -0.014901613154296 0 0 0 0 0 -0.00175486786821504
"226" "BAX" -0.0262871894998672 -0.0569836506654138 -0.0590049775945212 -0.0629200583030338 -0.00642760210889144 -0.0219455564389725 -0.0516985582335054 -0.0215689221541846 -0.0247733320296666 -0.0281028661749615 -0.026458116373468 -0.0268945582241151 -0.048846966066157 -0.0136365114003981 -0.0377524239145238 -0.0210717429579472 0 -0.0140939474637125 -0.0404591188770036 -0.0679253397500165 -0.032842571911518
"227" "TRAPPC3" 0 0 0 -0.00605574424302482 0 0 0 0 0 0 -0.007723318093312 -0.000701544199025577 0 -0.00742913552548511 -0.0133299364616795 0 0 0 0 -0.0126726675677666 -0.00239561730451468
"228" "GNG3" 0 -0.00727837598983864 0 0 0 0 0 0 0 0 0 0 0 0 0 0 0 0 0 0 -0.000363918799491932
"229" "FKBP8" -0.0407292014212749 -0.0324529162389326 -0.049509262915445 -0.012051369211505 -0.0600640664262204 -0.0395617686691329 -0.0178867858492817 -0.0388995141641827 -0.0168085003672564 -0.0502219745301228 -0.055504535349001 -0.0373720895833821 -0.0460661994968946 -0.0258807287013162 -0.0292404038605176 -0.0237902508934337 0 -0.0182758378162864 -0.0194929550331548 -0.0305289988281993 -0.032216867967777
"230" "PLCH1" -0.0171806857481818 -0.0156840431834754 -0.00796701900257022 -0.0275696596078758 -0.0122822151563083 0 -0.0171102094091191 -0.024492136751979 -0.00705883956132862 -0.0269714817647829 -0.0290084840905703 -0.0145027960087449 -0.0134115130962072 -0.0138387691326454 -0.0208627092777162 -0.0146219623705905 -0.0288244973625086 -0.03015888539378 -0.0125804371521155 -0.0101119483489575 -0.0172119146209729
"231" "GATAD2A" 0 -0.010850589844045 0 0 0 0 0 0 0 0 0 0 0 0 0 0 0 0 0 0 -0.000542529492202248
"232" "NDUFS4" 0 0 0 0 0 0 0 0 0 -0.000790541280075061 0 0 0 0 0 0 0 0 0 -0.0194840266294303 -0.00101372839547527
"233" "PCM1" 0 -0.0046965426297007 0 0 0 0 0 0 0 0 0 0 0 0 0 0 0 0 0 0 -0.000234827131485035
"234" "WTAP" 0 0 0 0 0 0 0 0 0 0 0 0 0 0 0 0 0 -0.00379544207112733 0 0 -0.000189772103556366
"235" "TIMM8B" 0 0 0 0 0 0 0 0 0 -0.00359031602017266 0 0 0 0 0 0 0 0 0 0 -0.000179515801008633
"236" "PSMD4" -0.00580450056382844 0 0 0 0 0 0 0 0 -0.00568588475564088 0 0 -0.000614141626859013 0 -0.00712211687452987 0 0 0 0 0 -0.00096133219104291
"237" "GADD45G" 0 0 0 0 -0.00237290865449865 0 0 0 0 0 -0.00800087793018679 0 0 0 0 0 0 0 -0.0216681052905535 0 -0.00160209459376194
"238" "EIF5B" -0.00178160740240411 0 0 0 0 0 0 0 0 0 -0.0193617756456947 -0.00923080595680156 -0.000140672533460144 0 -0.0114982315511889 0 0 0 0 -0.0125596683048645 -0.0027286380697207
"239" "PIN1" -0.0232210664980623 -0.0167758975668046 0 0 -0.00809693649026337 0 0 -0.00966016024146967 -0.0179952446299745 -0.00335198641499793 0 -0.00133584612132133 0 0 0 0 0 0 0 -0.00842096066006074 -0.00444290493114772
"240" "TCF3" 0 0 0 -0.00290905343568505 0 0 0 0 0 0 0 -0.00311592266616893 0 0 0 0 0 0 0 0 -0.000301248805092699
"241" "ADD1" 0 -0.0288334435401918 -0.0193471570056158 0 -0.0053533372961783 0 -0.00830569192566782 0 0 0 0 0 0 -0.00872604563258876 -0.0046029945192289 0 0 0 -0.0215382317902361 -0.0124710910824555 -0.00545889963960815
"242" "FUT9" 0 -0.0275452025876294 0 -0.024928505603533 -0.00369976108607466 0 -0.0158881698023185 -0.0504384426584906 0 -0.00872093903211125 -0.0192307537838954 0 -0.0334552336383909 -5.25814995637273e-05 -0.0128581809823366 0 0 -0.0109374243068527 -0.00616742705481053 -0.0128251239331461 -0.0113373872984577
"243" "SP3" 0 -0.0142333599203318 0 0 0 0 -0.0122496663767653 0 0 0 0 0 0 0 0 0 0 0 0 0 -0.00132415131485485
"244" "FBXW11" 0 0 0 0 0 0 0 -0.00184156561428978 0 0 0 0 0 0 -8.16370067093098e-05 0 0 0 0 0 -9.61601310499546e-05
"245" "PSMC4" 0 0 0 0 0 -0.00434288458335481 0 0 0 0 0 0 0 0 0 0 0 -0.0319360108740299 0 0 -0.00181394477286924
"246" "MBTD1" 0 0 0 0 0 0 -0.0284174729226207 0 0 0 0 0 0 0 -0.000666198380635089 0 0 0 0 0 -0.00145418356516279
"247" "PNRC1" 0 0 -0.0203203763262906 -0.0121806544828551 -0.0172688591942113 0 0 -0.00839781499412614 0 0 -0.0110416515401478 -0.00930952926882342 -0.0199649931872738 -0.00140720725747252 -0.0126322163392904 0 0 0 -0.00503016474654808 -0.023288224470742 -0.00704208459038906
"248" "TEAD1" 0 -0.00858500202862111 0 -0.00160084883030911 0 0 0 0 0 -0.0105668840097142 -0.0266608346004059 0 0 -0.0037725057089603 0 0 0 0 0 0 -0.00255930375890053
"249" "SNX6" 0 -0.0115072447659409 -0.00810395557986966 0 0 0 -0.00210827088506149 0 0 -0.00297580601631505 -0.0225982483067268 0 0 -0.000717385685444406 -0.00931058921885662 0 0 0 -0.0112595314383964 -0.000791615544856403 -0.00346863237207338
"250" "TRA2A" -0.0112885262555494 -0.00546630749079508 -0.00152365392137839 -0.00646757109510236 0 0 0 0 0 -0.00758916384114766 0 0 -0.041335026423603 0 0 0 0 -0.00211513617667092 -0.0193971631227182 -0.000920675344520412 -0.00480516118357427
"251" "SETD2" -0.0176625663946204 -0.0110198355646276 -0.0139277644220756 0 -0.000490921506890939 0 -0.00426377131017329 -0.0142425253232063 0 -0.0157617617363025 -0.0087645016259721 0 -0.00714914323149471 -0.00645620861380293 -0.0291884902088827 0 0 0 -0.00249775045239658 0 -0.00657126201952228
"252" "ATP1A3" -0.0226222190805597 -0.00695365630634369 -0.00483130104566985 0 0 -0.0077260166375244 0 0 0 0 -0.00705991048473009 0 0 -0.00115422194782446 0 0 0 0 0 -0.0374496483124444 -0.00438984869075483
"253" "DCAF7" 0 0 0 0 0 0 0 0.00107041141515781 0 0 0 0 0 0 0 0 0 0 0 0 5.35205707578904e-05
"254" "CD63" 0 0 0 0 0 0 0 0 -0.00305485074827686 -0.00448189057870041 0 0 0 0 0 0 0 0 0 -0.00369820901896366 -0.000561747517297046
"255" "YY1" 0 0 0 0 0 0 0 0 0 0 0 0 0 0 0 0 0 0 0.00155400498652381 0 7.77002493261902e-05
"256" "CMPK1" 0 0 0 0 0 0 0 0 0 0 0 -0.00326549600004896 0 0 0 0 0 0 0 0 -0.000163274800002448
"257" "EIF3G" -0.0247240304693628 0 0 -0.0107702390445668 -0.0310203148820582 0 0 -0.0308426021360332 0 0 -0.0135802272746286 -0.0190312326956903 0 -0.00286188359978654 -0.00514574552369319 0 0 0 0 0 -0.00689881378129098
"258" "SDCCAG8" -0.0217747399980458 -0.0130096198455565 -0.00635514169194968 -0.0299658383225959 -0.0157007612674561 -0.017550640118429 -0.019913879446578 -0.00879102646714002 -0.0178567857100585 -0.00369211818386431 -0.0221192271160186 -0.0180846388246835 -0.0199903754372224 -0.0183633848464599 -0.00579598444989581 -0.00661200982789148 -0.0180419030210168 -0.0214974136620142 -0.0165280184260964 -0.0145230753421078 -0.015808329100254
"259" "PGLS" 0 -0.0119250033872038 0 0 -0.0103602220029201 -0.00809038399005496 0 -0.0388060749126056 -0.000285709924548194 -0.0171640627598666 -0.0274330072480886 -0.000969914743341216 -0.0120552861118595 0 -0.00787226040713968 0 0 0 0 -0.00305532624428007 -0.00690086258659542
"260" "PFDN1" 0 -0.0209977497188479 0 0 -0.00512939180496771 0 0 -0.00137415644100085 0 0 -0.0226551090617082 0 0 0 -0.00164996606731811 0 0 -0.00517101055958739 0 0 -0.00284886918267151
"261" "MSH6" -0.0064978843966599 -0.0110587070591538 0 0 0 0 0 0 0 0 0 0 0 0 0 0 0 0 -0.0056028200983334 0 -0.00115797057770735
"262" "RAB3A" 0 0 0 0 0 0 0 0 0 0.000784454288272685 0 0 0 0 0 0 0 0 0 0 3.92227144136343e-05
"263" "CYB5R3" 0 0 -0.0116750233296727 0 0 0 0 0 -0.00202123740113198 0 0 -0.000308866449077871 -0.0232089945435902 0 0 0 0 -0.0183946349830553 -0.00785353108693025 0 -0.00317311438967291
"264" "GRIN2B" 0 0.0214841291949645 0 0 0 0 0.0225229273065781 0 0 0 0.0122592179240827 0.00118857723417852 0 0 0 0 0 0 0 0 0.0028727425829902
"265" "STX7" 0 0 0 0 0 0 0 0 0 0 0 0 0 0 0 0 0 0 -0.0209876007711154 0 -0.00104938003855577
"266" "MAN1A2" 0 0 0 0 0 0 0 0 0 -0.00295656965295273 -0.00656455822920382 0 0 0 0 0 0 0 0 0 -0.000476056394107827
"267" "CLIC1" -0.00878855912623454 0 -0.0127638685645918 0 0 0 0 0 -0.00152300139498445 0 -0.0027516682558937 0 -0.000301426104056128 0 0 0 0 0 0 0 -0.00130642617228803
"268" "HMGA1" -0.00397484224484527 0 0 0 0 0 0 0 0 0 0 0 0 0 0 0 0 0 0 0 -0.000198742112242263
"269" "NDUFA8" 0 0 0 -0.00529927828053378 0 0 0 -0.0175232556978864 0 -0.017411484315487 0 -0.00371355429946846 0 0 -0.0202060575395025 0 0 0 -0.0136508158954948 -0.0330802271878833 -0.00554423366081282
"270" "PSMC3" 0 0 0 0 0 0 0 0 0 0 0 0 0 0 0 0 0 0 0 -0.00159618229908139 -7.98091149540697e-05
"271" "MAD2L2" 0 0 0 0 0 0 -0.00349461897033508 0 0 0 0 0 0 0 0 0 0 0 0 -0.0104301826683928 -0.000696240081936394
"272" "HERC2" -0.000838747411745406 -0.0094293482731589 -0.00753721034097249 0 -0.0109651406440653 0 -0.025299531865649 0 0 -0.0177479621465245 -0.0145554144097288 0 -0.0053358942175187 0 -0.00563772193943849 0 0 0 0 0 -0.00486734856244008
"273" "MPZL1" 0 0 0 0 0 0 0 0 0 0 0 0 0 0 0 0 0 -0.017630081708956 -0.0174968930874175 -0.0160776568357737 -0.00256023158160736
"274" "FUBP1" 0 0 0 0 0 0 0 0 0 0 -0.0132615769351487 0 0 0 0 0 0 -0.000520753831057055 0 0 -0.00068911653831029
"275" "SPOP" -0.0124765656353825 -0.0280997811211772 -0.0219128530108216 0 -0.0107365280948471 0 -0.0164860614704532 -0.0284359460263736 0 -0.0136502633923313 0 -0.0153304448861417 -0.00896260719844585 0 -0.0282274705215278 0 -0.001293372414433 -0.0142869643107659 0 0 -0.00999494290413504
"276" "PCBP1" 0.0392531965688326 0.031880481020898 0 0.0183860554278826 0 0 0.0576685333754745 0.0622370186584162 0 0.0549553924979716 0.0163441085239524 0.00652534404459947 0 0 0.0362815198935596 0 0 0.0176856127174552 0.0425828176338743 0.0784488157555147 0.0231124448059216
"277" "PRPF38B" 0 0 0 0 0 -0.0128559766694804 0 0 0 0 -0.026473951944041 -0.0306270851285983 0 0 -0.0100305954247824 0 0 0 -0.000974059263453664 -0.035590863785575 -0.00582762661079654
"278" "SNF8" -0.0113260596037542 0 0 0 0 0 0 0 0 0 -0.0108937104824128 0 0 0 0 0 0 0 0 0 -0.00111098850430835
"279" "MPRIP" 0 0 -0.00614051699994775 0 0 0 0 0 0 -0.00503300987673049 0 0 0 0 0 0 0 0 0 0 -0.000558676343833912
"280" "FIBP" 0 -0.00932533302915938 0 -0.0250125170420912 0 0 0 0 0 0 0 0 0 0 -0.000810997187067175 0 0 0 0 0 -0.00175744236291589
"281" "PGD" 0 -0.00903639450522965 -0.0152883543809339 -0.0214273195150617 0 0 0 -0.0221888935885293 0 0 -0.00134825630292853 0 0 0 0 0 0 -0.00271987717694897 -0.0115902739506617 -0.0161796056197318 -0.00498894875200128
"282" "ODC1" 0 0 0 0 0 0 0 0 0 0 0.0278527639969332 0 0 0 0 0 0 0 0 0 0.00139263819984666
"283" "GALNT1" -0.00415387618235185 -0.00306849227374869 -0.0104356518248008 0 0 0 -0.00491817891268215 0 0 -0.020853128277318 -0.0119179646316446 0 0 0 0 0 0 0 -0.000422498170261461 -0.00637126495406843 -0.0031070527613438
"284" "MPHOSPH8" 0 0 0 0 0 0 0 0 0 0 0 0 -0.00684150914979045 0 0 0 0 0 0 0 -0.000342075457489522
"285" "CORO1C" 0 0.00324775371277651 0 0 0 0 0 0 0 0 0 0 0 0 0 0 0 0 0.00213404410960819 0 0.000269089891119235
"286" "SLC25A11" -0.00504592834228933 0 0 0 0 -0.000789032793319502 -0.013583671108038 -0.0279489034843594 0 0 -0.0326507059484874 0 0 0 0 0 0 0 0 0 -0.00400091208382468
"287" "UXT" -0.0066254173322375 0 0 0 0 0 0 -0.0083928163881515 0 0 0 0 0 0 0 0 0 0 0 -0.0239651713471326 -0.00194917025337608
"288" "PIN4" -0.0285808157859176 -0.00045123758546485 0 0 -0.00646603959186976 -0.0164903004708886 0 -0.0153388652171538 0 0 0 0 0 0 0 0 0 -0.0021160155017127 0 -0.0226072928665076 -0.00460252835097574
"289" "PSMD13" 0 0 0 0 0 0 0 0 0 0 0 -0.00421577509648025 0 0 -0.00736170221641581 0 0 -0.00566499890770391 0 0 -0.000862123811029999
"290" "HSD17B10" 0 -0.0201094855663957 -0.000903331842682547 0 0 0 0 -0.00905304151184701 0 0 0 0 0 0 -0.00155716719565626 0 0 -0.00086065860387394 0 -0.005040311559285 -0.00187619981398702
"291" "PALM" -0.00820909760221015 0 0 0 0 -0.00368255694198833 0 0 0 0 -0.00205979978343875 0 0 0 -0.00874420337823487 0 0 0 0 0 -0.0011347828852936
"292" "TRAPPC5" 0 0 0 -0.00877139661659409 0 0 0 -0.0220606824460189 0 0 0 0 0 0 -0.00218265744242557 0 0 0 0 0 -0.00165073682525193
"293" "OS9" 0 -0.0100323301266196 0 0 -0.00767494182139912 0 0 0 0 0 -0.0122254094891692 0 0 0 0 0 0 0 0 0 -0.0014966340718594
"294" "ALPK1" 0 0 0 0 0 0 0 0 0 0 -0.0103029912654245 0 0 0 0 0 0 0 0 0 -0.000515149563271226
"295" "TXNRD1" -0.0273595474254901 -0.00256034877253427 0 0 0 0 0 -0.00639492715374276 0 -0.00014105297393105 0 0 0 0 0 0 0 0 0 0 -0.00182279381628491
"296" "OSBP2" 0 0 0 0 0 0 0 0 0 0 0 0 0 0 0 0 0 0 -0.0062583465622665 0 -0.000312917328113325
"297" "DNAJC7" 0 0 -0.00750614285563281 0 0 -0.0110071361473099 0 0 0 -0.0215714406812536 -0.0106624643993967 0 0 0 -0.0298745182112921 0 0 -0.00635496832414703 -0.0125180377490069 -0.0103119611226218 -0.00549033347453305
"298" "RASA1" -0.0436152692538701 -0.0587640259990137 -0.0259181735224135 -0.0311835144828787 -0.00534587889424511 -0.0141662243267308 -0.0110130471891907 -0.0260273990861098 -0.00257126343209571 -0.0120402870147193 -0.0130850512192937 -0.00222613436946613 -0.0232980364438951 0 -0.0263370630417345 -7.71931591150627e-05 0 0 -0.0341907219168392 -0.0159685089111916 -0.0172913896131401
"299" "KRTCAP2" -0.0151220466754129 -0.0233311455446363 -0.00799460157920132 -0.0274745752667837 -0.0200377818602815 -0.0135658714700952 -0.0277983367230679 -0.0294552506640556 0 -0.011825313603001 -0.00354460310085385 -0.00281184250128056 0 0 -0.000791866999996387 0 0 -0.015298141339571 0 0 -0.00995256886641186
"300" "THOC2" 0 0 0 -0.0199367113968945 0 0 0 -0.0235220162010557 0 -0.0132217601497896 0 0 0 0 -0.00133511003321137 0 0 0 0 -0.00784907705741161 -0.00329323374191814
"301" "C1QBP" 0 0.00805300770800571 0 0 0 0 0 0 0 0 0 0 0 0 0 0 0 0 0 0.0223319536732519 0.00151924806906288
"302" "BCL9" -0.0253459195949124 -0.0134277901715031 0 -0.0279698342930888 0 0 -0.00925413938709343 -0.022573547541839 0 -0.0249288285795105 0 -0.00236252286039978 0 0 -0.00217518173224284 0 0 0 -0.0136412043237508 -0.0254879277821134 -0.0083583448133227
"303" "TMCC2" -0.030962956820033 -0.0198790129587257 -0.0198360982191666 -0.0592074492729484 -0.00142785448147667 -0.0024863180505527 -0.0257573249543868 -0.0311477105171722 -0.0203215609142739 -0.0498814904405339 -0.0237326583925188 -0.0304244258972272 -0.0256290192507811 -0.00720709729811745 -0.0514879800729282 -0.0031551497592849 0 -0.0264865179860143 -0.0487578202093886 -0.0309952026184298 -0.025439182405698
"304" "NSD2" 0 0 0 0 0 0 0 0 0 0 0 0 0 0 0 0 0 -0.00518179565355079 0 0 -0.00025908978267754
"305" "RDX" 0 0 0 0 0 0 0 0 0 0 0.0011311671104568 0 0 0 0.000765154826689468 0 0 0 0 0.0167284180024294 0.000931236996978782
"306" "SPECC1L" 0 0 0 -0.0115149077410573 0 0 0 0 0 0 0 0 0 0 0 0 0 0 0 0 -0.000575745387052863
"307" "LUC7L" 0 0 0 0 0 0 0 0 0 0 0 -0.000273909353822429 0 0 0 0 0 0 0 -0.00372436330943399 -0.000199913633162821
"308" "RSBN1L" 0 -0.0249969414790232 0 -0.0125864826369847 0 -0.014920555296669 0 -0.0220978417388667 0 0 0 0 0 0 -0.00163892794007661 0 0 -0.0160743897368396 0 0 -0.004615756941423
"309" "BRD7" 0 0 0 0 0 0 0 0 0 0 0 0 0 0 0 0 0 0 0 -0.00391998782763091 -0.000195999391381545
"310" "TP53BP1" 0 -0.0101148945762234 0 0 0 0 0 0 0 -0.000516944413354358 0 0 0 0 0 0 0 -0.0141923503534239 0 -0.00403397130777441 -0.00144290803253881
"311" "SNW1" 0 0 0 -0.00418960004333241 -0.00869847892148582 0 0 0 0 0 0 -0.00685572041388956 0 0 0 0 0 0 0 0 -0.000987189968935389
"312" "LDB1" -0.00968398962905607 -0.00619768986368958 0 0 0 -0.005279978925289 0 -0.00750598255374739 0 -0.0197430987196092 0 0 0 0 -0.00549915543585218 0 0 0 0 -0.000858754853566383 -0.00273843249904049
"313" "RALA" 0 -0.000387256862885685 0 0 0 0 0 0 0 0 -0.00130017402527462 0 0 0 0 0 0 0 0 0 -8.43715444080154e-05
"314" "TLCD3B" 0 0 0 0 0 0 -0.0336001987764377 0 0 -0.00014477976930675 -0.00700990013717449 0 0 0 0 0 0 -0.0172685880791817 -0.00425355525658618 -0.0110133578193063 -0.00366451899189966
"315" "ARL4C" 0 0 0 -0.0143170289069202 0 0 0 0 0 0 0 0 0 0 0 0 0 0 0 0 -0.000715851445346008
"316" "KRAS" -0.0199384099091171 -0.0104368067487325 0 0 0 0 0 0 0 -0.00879010479204905 0 0 0 0 0 0 0 0 0 -0.0139131036577459 -0.00265392125538222
"317" "PLCB4" 0 0 0 0 0 0 0 0 0 0 0 0 0 0 0.0117595866410767 0 0 0 0 0 0.000587979332053833
"318" "RNF10" 0 0 0 0 0 0 0 0 0 0 -0.00352063504047065 0 0 0 0 0 0 0 0 0 -0.000176031752023533
"319" "CBS" 0 -0.00723674504025457 -0.00991709622720548 0 -0.0217365394008019 -0.00817592456804821 -0.00782927748425642 -0.0408959427437643 -0.0202340525911436 0 0 0 0 -0.00334019794426075 0 0 -0.0119251590617943 0 -0.000966590715966743 -0.010448221658804 -0.00713528737181501
"320" "NUP93" 0 0 0 0 -0.000349891552683898 0 0 0 0 0 0 -0.000289240868638934 0 0 0 0 0 0 0 0 -3.19566210661416e-05
"321" "HDGFL2" 0 0 0 0 0 0 0 0 0 -0.00136387991498292 0 0 0 0 0 0 0 0 0 0 -6.81939957491458e-05
"322" "FOXO3" 0 0 0 0 0 0 0 -0.00466568945668864 0 0 0 0 0 0 0 0 0 0 0 0 -0.000233284472834432
"323" "LSM12" 0 0 0 0 0 0 0 -0.00190600730431329 0 -0.0043880424334299 -0.00209696846363431 0 0 0 0 0 0 0 0 0 -0.000419550910068875
"324" "NCS1" 0 0 -0.00125103332010054 0 0 0 0 0 0 0 0 0 0 0 0 0 0 0 0 0 -6.25516660050271e-05
"325" "SRRM3" -0.0135037271016209 -0.0201428827624417 -0.00818404687627227 0 0 -0.000500983803326281 0 -0.00824071091992313 0 0 -0.00675482716894394 0 0 0 0 0 0 0 -0.0102461475833691 -0.00220634994130367 -0.00348898380786005
"326" "MSI1" 0 0 0 0 0 0 0 0 0 0 0 0 0 0 -0.0101788360027338 0 0 0 0 0 -0.000508941800136691
"327" "CAND1" 0 0 0 0 0 0 -0.0068550830964813 0 0 0 0 0 0 0 0 0 0 0 0 0 -0.000342754154824065
"328" "YIPF3" -0.00423788081450955 -0.018200080116698 0 0 -0.0197958385806959 0 -0.051754155484711 0 0 -0.00816695619948674 -0.0311082616385277 -0.00948206706372154 0 0 -0.00383417862119476 0 0 0 -0.0150919767464741 -0.0371133126867856 -0.00993923539764024
"329" "AURKAIP1" 0 0 0 0 0 0 0 -0.0111225683950445 0 0 0 0 0 0 0 0 0 0 0 0 -0.000556128419752227
"330" "NDUFS3" -0.0131484249091219 -0.0095316717626706 0 0 0 0 0 -0.0178722991986356 0 0 -0.0216361703058748 0 0 0 0 0 0 0 0 0 -0.00310942830881515
"331" "CDC5L" 0 -0.0276284609544763 0 -0.0161252502492832 0 0 0 -0.00362286564587337 0 0 0 0 0 0 -0.011192506177334 0 0 0 0 0 -0.00292845415134834
"332" "SRM" 0 0 0 0 0 0 -0.00356673625067321 -0.0143880924174225 0 -0.0116240514801418 -0.00521125854349161 -0.00698382244140565 -0.00602530111809272 0 0 0 0 0 0 -0.00133377380865741 -0.00245665180299425
"333" "ASTN1" -0.0159500905138763 -0.0167095650031485 -0.0172523320168768 -0.0197917566342303 -0.0183231198202627 -0.00450183775537427 -0.017170318629237 -0.00513845587411739 0 -0.0152811695605358 -0.00923686452575561 -0.014218308895577 0 0 -0.00078405537784097 0 0 -0.00756911452780641 -0.0084385451419546 -0.0246950122724796 -0.00975302732745367
"334" "TG" -0.0337398706871655 -0.0125070109890181 -0.0169972797577527 -0.00605599838048768 -0.0201532382812392 -0.018049519240519 -0.0278478346999061 -0.00233612732867959 -0.00895609950117818 -0.0280757327578852 -0.0422708694580632 -0.0509656226980637 -0.0025539779942977 0 -0.0205650602061757 0 0 0 -0.0378636928884865 -0.0108166410266089 -0.0169877287947763
"335" "SDCBP" 0 0 0 0 0 0 0 0 0 0.00650799061074384 0 0 0 0 0 0 0 0 0 0.0190287395240455 0.00127683650673947
"336" "RNF145" 0 0 0 -0.00108600625567832 -0.00677727139020501 -0.0264877708239823 0 -0.0368877099872766 0 -0.00632229611430315 0 0 0 0 -0.0309218461893725 0 0 0 -0.00398870556115911 -0.0262707247868249 -0.0069371165554401
"337" "LMO3" 0.0328716366910118 0.0510439090193348 0.060485617432214 0.0565553058875311 0.02190733600212 0.0144856254016884 0.0383627229671131 0.0438674819456222 0 0.0449624504641881 0.0669842575221156 0.0505651537654371 0 0.00511343490625948 0.064368686169383 0 0 0.0242418774942184 0.0557238537452991 0.0661133680345249 0.034882635872403
"338" "N4BP1" 0 -0.00104640300749753 0 0 0 0 0 0 0 0 0 0 0 0 0 0 0 -0.00897542028746735 0 0 -0.000501091164748244
"339" "PTEN" -0.0110131086646481 -0.0342613913832592 -0.00943798042559723 -0.0193491227761238 -0.0240190166992417 -0.0184742908341159 -0.0620277377250166 0 0 -0.00198031791490989 -0.013576968381513 0 -0.00800076935689621 0 -0.00892551296737507 0 -0.00586509539343863 -0.00857778173802976 -0.0301440730769544 -0.00194258638180434 -0.0128797876859462
"340" "C8orf34" 0.130345111425436 0.102460661267155 0.0852985685224018 0.126801852779174 0.0916294848545056 0.0759524747922866 0.0770012915352447 0.107544376614418 0.0441998971902319 0.0946842077818773 0.0989235392444144 0.0636894903400689 0.0603140209712399 0.0685476901204492 0.0531635879455414 0.0679140125075226 0.0161774753812955 0.0835548490506524 0.0958817734713975 0.10983415299029 0.0826959259392801
"341" "MARCHF5" -0.0127075715218371 0 0 0 0 0 0 0 0 0 0 0 0 0 0 0 0 0 -0.00218638832238641 0 -0.000744697992211174
"342" "KLHDC2" 0 -0.00195639873355453 0 0 0 0 0 0 -0.0163246141691271 -0.00817083177268992 0 0 0 0 0 0 0 -0.00503819682280076 0 0 -0.00157450207490861
"343" "DYNC1LI1" 0 0 0 0 0 0 -0.00656584604384373 -0.0180683291500712 0 0 -0.00611996118633444 0 -0.00326930981638102 0 0 0 0 0 0 0 -0.00170117230983152
"344" "CDK4" 0 0 0 0 0 0 0 0 0 0 0 0 0 0 0 0 0 0 0 0.0071716852605669 0.000358584263028345
"345" "ZNF821" 0 0 -0.00359997521153884 0 -0.0107931053020674 -0.0127871064211117 0 0 0 0 -0.00718089926903999 0 -0.00466264876266341 0 -0.0254047998658847 0 0 0 0 -0.0353697055885656 -0.00498991202104358
"346" "NARF" 0 -0.0252379792234693 0 0 0 0 -0.0113865759037279 -0.0062648303538545 0 0 -0.00421607844755238 -0.0228740056519954 0 0 -0.00843742593099608 0 0 -0.00203267469942721 0 -0.00174754702155061 -0.00410985586162867
"347" "DENR" 0 0 0 0 0 0 0 -0.00499009221578037 0 0 0 -0.007495405460402 0 0 0 0 0 -0.00655603479072201 0 0 -0.000952076623345219
"348" "MOSPD3" -0.0363433162015839 -0.0102935904540239 -0.0343184964933987 -0.0375686379905347 -0.0149111012893247 0 -0.025976307090298 -0.0345905789451599 -0.00749569310274965 -0.0414567459108418 -0.0085563221977481 -0.0188875016026717 -0.0110766015723836 0 -0.00897420114983162 0 0 -0.0279819912208967 -0.0160603247131692 0 -0.0167245704967308
"349" "PCMTD2" 0 0 0 -0.00925761121607992 0 0 0 0 0 0 -0.0131171187915986 -0.0117056767068931 -0.00819396156970711 0 0 0 0 0 0 0 -0.00211371841421394
"350" "KCNJ6" 0 0 0 0 0 0 0 0 0 -0.00056696363816639 0 0 0 0 0 0 0 0 0 0 -2.83481819083195e-05
"351" "LEF1" -0.0399369878496159 -0.0305822780089375 -0.0132086036144795 -0.0132931778466038 -0.00326246058848819 -0.0268042328491336 0 -0.0192821937605367 -0.0115732674057295 -0.0224034375482938 -0.0240837878617004 -0.0217287561730132 -0.00227696146783955 0 -0.00226030000542095 0 -0.0103875068090943 -0.0177008689014124 0 -0.0265393751085589 -0.0142662097899429
"352" "ATMIN" -0.013187849981394 -0.00486703879554266 0 -0.0107823415118776 0 0 0 0 0 -0.0265740850290091 0 0 -0.00218426036370494 0 0 0 0 0 -0.0161492890347933 -0.0274721886381958 -0.00506085266772587
"353" "UQCRC2" -0.0227138712440107 -0.00908144912062399 0 -0.00203928763186517 -0.0144140648271738 0 -0.0317702350227864 -0.0232005370512186 0 -0.0148973664037808 -0.0123044410402846 -0.00900939626300831 0 0 -0.0174380691740867 0 0 -0.0133245033045566 0 0 -0.00850966105416978
"354" "CNTN2" 0 -0.00662236360897962 0 0 0 0 0 0 0 0 0 0 0 0 0 0 0 0 0 0 -0.000331118180448981
"355" "NEXMIF" 0 0 -0.000666255945322778 0 0 0 0 0 0 -0.00164411389274084 -0.00295271040355994 0 0 0 0 0 0 -0.0138564339215681 0 -0.00587131251871559 -0.00124954133409536
"356" "BRD1" -0.0271302603069085 -0.0034726414153254 0 -0.0593010111439291 -0.0449725667908327 -0.0245566826347792 -0.0114894395596408 -0.0222451789807501 0 -0.0211750211829084 -0.014860634770915 -0.0363626613248483 -0.0168703398736518 0 0 0 0 -0.0190486267639949 -0.00372130265490207 -0.0255752194991753 -0.0165390793451281
"357" "PSMB4" 0 0.0197862502201705 0 0 0 0 0.00624122602146776 0 0 0 0.00583675987853314 0 0 0 0 0 0 0 0.0281799218354404 0.0191881683038999 0.00396161631297559
"358" "SENP7" -0.00701941643277899 0 0 0 0 0 0 -0.00762251017104604 0 -0.000926569868284242 -0.00993156048007939 0 0 0 0 0 0 -0.0175008312906992 0 0 -0.00215004441214439
"359" "RNF7" 0 0 0 0 0 0 0 0 0 0 0 0 0 0 0 0 0 0 -0.000624972402255215 0 -3.12486201127608e-05
"360" "PSMB2" 0 0 0 0 0 0 0 0 0 0.00314494277649776 0 0 0 0 0 0 0 0 0 0 0.000157247138824888
"361" "SMC1A" 0 0 0 0 0 0 0 0 0 -0.00484705955137744 0 0 0 0 -0.00873568073052557 0 0 -0.000994093445875075 0 -0.0161445300458047 -0.00153606818867914
"362" "COPS3" 0 0 0 0 0 0 0 0 0 0 0 -0.000948038410083705 0 0 0 0 0 0 0 0 -4.74019205041852e-05
"363" "PHB1" 0 0 0 0 0 0 0 -0.0182078556695108 0 0 0 -0.0103445972415075 0 0 -0.00780095522059438 0 0 0 0 -0.0269769412185264 -0.00316651746750695
"364" "ATOX1" -0.0270932341654607 -0.041408726471355 -0.00343632962671578 -0.0449616180124634 -0.0189465175323448 0 -0.0387827833581544 -0.0134673045155989 0 -0.0266495752718782 -0.0294974486766187 -0.0161049366250852 -0.0276196638616362 0 -0.0392474743846977 0 -0.0108514250430677 -0.0442853078588371 -0.0084950997487542 -0.0290233400315708 -0.0209935392592119
"365" "JUN" -0.0495270747315519 -0.0839557333691574 -0.0670536639027115 -0.0267458874371823 -0.0419529378800399 -0.037038601532793 -0.0465688428778818 -0.050081161025467 -0.0344390653971619 -0.0844249230328878 -0.0406190615027757 -0.0468838965893231 -0.0442758456476003 -0.0258126803477734 -0.047790856179311 -0.0136950839061425 -0.0193147144629028 -0.032484950860868 -0.077667485308849 -0.047296524914793 -0.0458814495453587
"366" "SELENOK" 0 0 0 0 0 0 0 0 0 0 0 0 0 0 0 0 0 0 0 0.00211699613810762 0.000105849806905381
"367" "RALBP1" 0 0 0 0 0 0 0 0 0 0 -0.00691847852413812 -0.00771782089421358 0 0 0 0 0 0 0 0 -0.000731814970917585
"368" "ERP29" -0.00194004014162831 0 0 0 0 0 0 0 0 0 0 0 0 0 0 0 0 -0.0115784234367163 0 0 -0.000675923178917232
"369" "NAA38" -0.0168192843049348 -0.00839098369509809 0 0 0 0 0 -0.0226604826669419 0 -0.0173746850400858 0 0 0 0 0 0 0 0 0 -0.0020982699156429 -0.00336718528113517
"370" "BTBD10" 0 -0.0126786661117571 0 0 -0.00122808762980995 0 0 -0.025961413483818 0 -0.014639196123331 0 -0.0171104747953687 0 0 -0.0194764423978198 0 0 -0.00236251286961965 -0.00762139427241466 -0.0223560548728496 -0.00617171212783942
"371" "EPN2" -0.0064732830530949 -0.00906742605207163 -0.0155243890799645 -0.00958681393203493 -0.00448180436880277 0 -0.0299302995042058 -0.0110861041919133 0 -0.0161947939819083 -0.0388708866079787 -0.0266553073943552 -0.00176168882965662 0 -0.0102298011189 0 0 -0.00585673829322964 0 -0.0373890656039187 -0.0111554201006018
"372" "USB1" 0 0 0 0 0 0 0 0 0 0 -0.000153189917906657 0 0 0 0 0 0 0 0 0 -7.65949589533285e-06
"373" "SHOC2" 0 0 0 0 0 0 0 0 0 0 0 0 0 0 -0.00721861206029945 0 0 0 0 0 -0.000360930603014972
"374" "MAPRE3" 0 -0.00334258536504068 -0.011726834021313 -0.0108966133655762 0 0 -0.00124717613494717 -0.00919441861708328 0 -0.021258247077106 0 0 0 0 0 0 0 0 -0.00311416524116384 0 -0.00303900199111151
"375" "NEBL" 0 0 0 0 0 0 0 0 0 0.0134452200870698 0 0 0 0 0 0 0 0 0 0 0.000672261004353489
"376" "EPC2" -0.00363987796634628 -0.00562181681658045 0 0 0 -0.021715864258855 0 0 0 -0.00561428660273287 0 0 0 -0.011155626595363 0 0 0 0 0 -0.0156188934674539 -0.00316831828536658
"377" "ABCF1" 0 0 0 0 0 0 0 0 0 -0.0226103083761571 0 0 0 0 0 0 0 0 0 -0.0265024074517271 -0.00245563579139421
"378" "CYFIP2" 0 0 0 0 0 0 0 0 0 0 -0.0029280145095002 0 0 0 0 0 0 0 0 0 -0.00014640072547501
"379" "EIF4EBP2" 0 0 0 0 0 0 0 0.0189719761491667 0 0 0 0 0 0 0 0 0 0 0 0 0.000948598807458337
"380" "LRRC75A" 0 -0.0126523224061927 0 0 0 0 0 0 0 -0.00713131201353617 0 0 0 0 0 0 0 0 0 0 -0.000989181720986444
"381" "SUGP1" 0 0 0 0 0 0 0 0 0 0 0 -0.00247502107776387 0 0 -0.0187624524653148 0 0 0 0 -0.00467809433455356 -0.00129577839388161
"382" "PHF3" 0 0 0 0 0 0 0 0 0 0 -0.00500589081061585 0 0 0 0 0 0 0 0 0 -0.000250294540530793
"383" "MRPL36" 0 0 0 0 0 0 0 -0.00705462477803659 0 0 0 0 0 0 0 0 0 0 0 0 -0.00035273123890183
"384" "PAK1" 0 0 0 0 0 0 0 0 0 -0.0204053909457848 0 0 0 0 0 0 0 0 0 0 -0.00102026954728924
"385" "COA1" 0 0 0 0 0 0 -0.00100178863704719 -0.00945593129974482 0 -0.000864212576740755 0 -0.0121684367247332 0 0 0 0 0 0 0 -0.0092209598224016 -0.00163556645303338
"386" "NME4" 0 0 0 0 0 0 0 -0.0129224144715217 0 0 0 0 0 0 0 0 0 0 0 0 -0.000646120723576087
"387" "PSMD3" -0.0101868434709052 -0.00523533771238763 0 -0.00826375212710861 0 -0.0342476282084518 -0.00144741058224668 -0.00173020326053629 0 -0.0221588901301408 -0.0133039578447127 -0.00877844876747893 -0.010024943979993 -0.00650992670687821 -0.00194598439413027 0 0 0 0 -0.0154294851247148 -0.00696314061548425
"388" "EIF4E" 0 0 0 0 -0.00667716635166148 0 0 0 0 -0.00757004741692283 0 0 0 0 0 0 0 0 0 0 -0.000712360688429216
"389" "H1-4" -0.184424192328259 -0.180491300828281 -0.168244020098971 -0.123736939679188 -0.103178473655925 -0.0938693325285165 -0.111622605324015 -0.183286629787062 -0.110884680146367 -0.199638283749021 -0.186088121759243 -0.144284931066729 -0.149259837627421 -0.110016009561128 -0.187932420259763 -0.0475051162878082 -0.0359142422117171 -0.13307843766198 -0.162524502615554 -0.17653291073194 -0.139625649395445
"390" "CRIP2" 0 0.00258284264986398 0 0 0 0 0 0 0 0 0.0258567231116917 0 0 0 0 0 0 0 0 0 0.00142197828807778
"391" "BUB3" 0 0.00693561720104414 0 0 0 0 0 0 0 0 0.00110374247563977 0 0 0 0 0 0 0 0 0 0.000401967983834196
"392" "UPF3B" -0.0115993897023744 -0.00111562730326276 0 0 0 0 0 0 0 0 -0.00894018280190225 0 -0.0038953340570348 0 0 0 0 0 0 0 -0.00127752669322871
"393" "MRPL52" -0.00338651115703324 -0.0193530761877378 -0.00576917723570564 -0.00570153916398739 0 0 0 -0.0166201164283087 0 0 -0.00753478469050078 -0.00660830765720501 -0.00331347886739861 0 0 0 0 -0.0125314828603017 -0.00779241558537542 0 -0.00443054449167771
"394" "HMG20B" 0 -0.0025504432911548 -0.000927801193029247 -0.00017539226697479 0 0 0 -0.00727799870536937 0 -0.0182451381327247 -0.015708730799224 0 0 0 -0.0307244195792062 0 0 0 -0.00244669986764544 -0.00233776672048739 -0.0040197195277908
"395" "SYN2" 0 0.0118275684716691 0 0 0 0 0.00241747342973824 0.0173567862028442 0 0 0.00418129758300213 0 0 0 0 0 0 0 0 0 0.00178915628436269
"396" "RASGEF1B" 0 0.0193391673899506 0 0 0 0 0 0.0214758341032445 0 0.00361402454477662 0 0 0 0 0 0 0 0 0.000190977425783125 0.0144935688325793 0.00295567861481671
"397" "ZNF322" -0.0351397975955264 -0.038869096770645 -0.0279355485961257 -0.00575982705644321 -0.0150456383061562 -0.00352477850043668 -0.019408335582237 -0.0619400500665177 0 -0.0244222366374925 -0.0399860742951995 -0.00953649310489454 -0.036978046169891 0 -0.0176799370238613 0 0 -0.0342676657822831 -0.0391956955830689 -0.0359427803207969 -0.0222816000695788
"398" "RBM3" 0 0 0 0 0 0 0 0 0 0 0 0 0 0 0 0 0 0 0 -0.0137761954508146 -0.000688809772540732
"399" "NAV2" 0.0962660648745784 0.157471481398576 0.0915253596062798 0.124662679141206 0.0843085405723893 0.117511999931174 0.13020047859395 0.127485421086646 0.0281650108612339 0.0461316640133351 0.134028376347703 0.0437696755488324 0.0995365828924081 0.0168120554386529 0.0993834672757829 0.0428645898373491 0.0331341845359291 0.126458318119395 0.147189689477346 0.105072133539022 0.0925988886545895
"400" "CARS2" 0 -0.00146779952722716 0 -0.000226537197557806 0 0 0 0 0 0 0 0 0 0 0 0 0 0 0 0 -8.47168362392483e-05
"401" "ARMC1" 0 0 0 0 0 0 0 0 0 0 0 0 0 0 0 0 0 0 0 0.000575757175227888 2.87878587613944e-05
"402" "IQCJ-SCHIP1" 0.031173124554196 0.0336349879853464 0.00210703084427948 0.020054403738323 0.0235928776552562 0.0429882303784467 0.0333900172254083 0.0169066109216617 0.0188421738438318 0.0519115657333177 0.0196991130400645 0.0278404076295925 0.0249350759417508 0.0145541936155138 0.0162088666492299 0 0 0.00731082644968239 0.0435289068810694 0.0624414174799556 0.0245559915283463
"403" "HIGD2A" -0.0439524760838475 -0.0935482605552734 -0.0159398130896685 -0.0295700220661555 -0.0265052007444369 -0.0447673844263629 -0.0100104181956885 -0.0577210365400023 0 -0.0502682635818023 -0.0612968397990294 -0.0101389174914747 -0.0410804284125578 0 -0.0395328204010931 0 -0.00955748331101533 -0.0605053609219794 -0.0291885166837323 -0.0197181723028947 -0.0321650707303507
"404" "RASSF2" 0 0 0 0 0 0 0 0 0 0.00249897184669546 0 0 0 0 0 0 0 0 0 0.0382226491131014 0.00203608104798985
"405" "PPP1R12B" -0.00922708371894826 -0.00135215921520318 -0.0158970132394066 -0.0012708853251612 -0.0158941218022371 -0.0145600194273019 -0.00673683318638815 -0.0200274987118415 -0.00284970189761393 -0.013061683301097 -0.000538199397549551 -0.0244865027687807 -0.0185331548567013 0 0 0 0 0 -0.00740953153004187 -0.046537650716257 -0.00991910195472646
"406" "MAST1" -0.00415907056176308 0 -0.00230976498797357 -0.0197308009825503 -0.00204533756754615 0 0 -0.000701999364697126 0 0 -0.0221107936799453 0 0 0 -0.0179218358099534 0 -0.00586385197764753 -0.00699813828275706 -0.0097372984731202 -0.00505247615767948 -0.00483156839228166
"407" "PRPF4B" -0.0130588955372673 0 0 0 0 0 0 -0.00117921492100485 0 0 0 0 0 0 0 0 0 0 0 0 -0.000711905522913608
"408" "TBPL1" 0 -8.85535510470242e-05 0 0 0 0 0 0 0 0 0 0 0 0 0 0 0 -0.00625964537828428 0 0 -0.000317409946466565
"409" "EIF3D" 0 0 0 0 -0.00346928343622362 0 0 0 0 0 0 0 0 0 0 0 0 0 0 0 -0.000173464171811181
"410" "AGO3" 0 0 0 0 0 0 0 0 0 0 0 0 0 0 0 0 0 -0.000428001433255248 0 0 -2.14000716627624e-05
"411" "SREK1" -0.0177082993250769 0 0 0 0 -0.00327713285827523 0 0 0 -0.00457473947437079 -0.00188751256894479 0 0 0 -0.0123455129866542 0 0 0 -0.00514418104374711 -0.0113414741014555 -0.00281394261792623
"412" "LDOC1" 0 0 0 0 0 0 0 -0.0047527605413615 0 0 0 0 0 0 0 0 0 0 0 0 -0.000237638027068075
"413" "CRLF3" -0.00546950070315131 0 0 0 0 0 0 -0.0226197539401501 0 -0.0161445382072919 -0.00925471817962462 0 0 0 -0.002071133934827 0 0 0 -0.0269419734561637 0 -0.00412508092106043
"414" "STT3B" -0.00282598473730625 0 0 0 -0.0100136426486179 0 0 -0.00950089510296467 0 -0.0172068460619953 -0.0300357779544817 -0.000858816432251067 0 0 -0.00866755723393689 0 0 0 -0.00235904799269373 -0.022143263041257 -0.00518059156027522
"415" "TLE4" -0.0311753570285807 -0.0171112112242533 -0.0314067125602856 -0.02521237873554 -0.0436166544780554 -0.00768260005134493 -0.0173639387657606 -0.043957197469674 -0.00480459966700999 -0.0418716318956571 -0.0674082024047775 -0.00106732305487031 -0.0116125142573568 0 -0.0405393621043529 0 0 -0.0428064964509534 -0.0174526561496112 -0.0540525627010891 -0.0249570699499586
"416" "LAPTM4B" 0 0 0 0 0 0 0 0 0 0 0 0 0 0 0 0 0 0 0 0.0171949552351218 0.00085974776175609
"417" "DDOST" 0 -0.000386078597574544 0 0 0 0 0 0 0 0 0 0 0 0 0 0 0 0 0 0 -1.93039298787272e-05
"418" "GTF2IRD1" 0 0.000866843821892114 0 0 0 0 0 0 0 0.0171562350681497 0.00164635116411927 0 0 0 0.0071842030003114 0 0 0 0 0.00765574217698943 0.00172546876157309
"419" "PWWP3A" 0 0 0 0 0 0 0 0 0 -0.0140509171257774 0 0 0 0 0 0 0 0 0 0 -0.000702545856288871
"420" "ST8SIA2" 0 0 0 0 0 0 0 0.000834951479144813 0 0 0 0 0 0 0 0 0 0 0 0 4.17475739572407e-05
"421" "ARHGDIA" 0 -0.0306142703406548 0 0 0 0 0 -0.00969156439883121 0 0 0 0 0 0 0 0 0 0 -0.0202202132303727 0 -0.00302630239849294
"422" "LEMD1" -0.010894740860224 -0.0191826390097179 -0.0116190455520128 -0.035142850059755 -0.00881651970097256 0 -0.0317967576699696 -0.0163999671847677 -0.00415438507686438 -0.0621349788642485 -0.0436227492132439 -0.0366828163654125 -0.0198247546341448 0 -0.00664155999717472 0 0 -0.0285640875425309 -0.0369814930148587 -0.0628654703286225 -0.021766240753726
"423" "SNRNP27" 0 0.00079348958356568 0 0 0 0 0 0 0 0 0 0 0 0 0 0 0 0 0 0 3.9674479178284e-05
"424" "RBBP5" -0.0749596506022864 -0.0192832288269884 -0.0306927599161454 0 0 -0.00434198449882962 -0.0479912365859822 -0.000276923148798514 0 -0.0226499697756765 -0.00671939633577515 0 -0.0120394928635827 0 -0.00762664130257938 0 0 -0.0155491231239122 -0.0191911942795562 -0.0370687171130496 -0.0149195159186581
"425" "ZBTB20" 0 0 0 0 0 0 0 0 0 0.0127974305249125 5.25184325519249e-05 0 0 0 0 0 0 0 0 0 0.000642497447873222
"426" "TBCC" -0.0551241034222692 -0.0433084490531826 0 0 -0.0117640634693819 0 -0.0432021429724534 0 0 0 -0.0247193156334142 -0.0138398919769733 -0.0213935808072796 0 -0.0182450342368608 0 0 -0.012882090986273 -0.00370601671569136 -0.0403840484574166 -0.0144284368865598
"427" "RNF181" 0 0 0 0 -0.01278606743914 0 0 0 0 0 0 0 0 0 0 0 0 0 0 0 -0.000639303371956998
"428" "UBXN2A" -0.00902602675835967 0 0 -0.0183576862941422 0 0 -0.0241931956345878 0 0 -0.0168871278874407 -0.0150506550273776 -0.00238699301893524 0 0 0 0 0 -0.0181798707320279 0 -0.0352774922416217 -0.00696795237972464
"429" "SUDS3" -0.0117821426764773 -0.0208686609161736 -0.00183484630810208 -0.017289437251338 -0.000328276882135481 0 0 0 0 -0.0339771806495527 -0.0455246288523149 -0.0125214296701526 -0.0541476605230846 0 -0.00522449925490334 0 0 0 -0.0147960283743443 -0.0401865792074035 -0.0129240685282991
"430" "PDK2" -0.0177299078213509 -0.0102492502791065 0 -0.00317006878823743 -0.0202843817915675 0 0 -0.00687767553638208 0 -0.0257887044153275 -0.0194095158446557 -0.00452755846838566 -0.0134417932447389 0 0 0 0 0 -0.00172388286061335 -0.0328594962097949 -0.00780311176300802
"431" "CHMP5" 0 0 0 0 0 0 0 0 0 0.00157238310982541 0 0 0 0 0 0 0 0 0 0 7.86191554912704e-05
"432" "TM7SF2" -0.0123116291863092 0 0 0 0 0 0 -0.00345701668061007 0 0 -0.00431685041726218 0 0 0 0 0 0 0 0 -0.0190722876365892 -0.00195788919603854
"433" "SRRT" 0 -0.0391497377120885 0 0 0 0 -0.0131697159047276 -0.0210933490217091 0 -0.00510426064246803 -0.0138101896149691 0 -0.00189132884971761 0 -0.0131426280359473 0 0 0 0 0 -0.00536806048908136
"434" "C16orf72" 0 0 0 0 0 0 0 0 0 0 0 0 0 0 0 0 0 0 0 0.00482211746011262 0.000241105873005631
"435" "FAM200B" 0 0 0 0 0 0 0 0 0 0 0 0 0 0 0 0 0 0 -0.0106834984564706 0 -0.000534174922823528
"436" "ACTL6A" 0 0 0 0 0 0 0 0 0 0 0 0 0 0 0 0 0 0 0 0.00416427270964671 0.000208213635482335
"437" "SNRNP25" 0 -0.0337883406747547 0 0 0 0 -0.0182397493492426 0 0 -0.0638587455910645 0 0 0 0 -0.000389037071544273 0 0 -0.0132553517153081 -0.00283054125099955 0 -0.00661808828264569
"438" "TFAM" -0.012911736206795 0 0 -0.0255484101776519 0 0 0 0 0 -0.00120957838505901 0 0 0 0 -0.00355065404745447 0 0 -0.000509514588922813 0 0 -0.00218649467029416
"439" "ENY2" 0 0.00591492739889752 0 0 0 0 0 0.0109064990377083 0 0 0 0 0 0 0 0 0 0 0.00993847336072777 0 0.00133799498986668
"440" "GSK3A" 0 0 0 0 0 0 0 0 0 0 -0.00667930892403652 0 -0.00315244458103517 0 0 0 0 0 0 -0.0212136473597786 -0.00155227004324251
"441" "MYG1" -0.0659468912008823 -0.0588118785072465 -0.0347546298716172 -0.0550567569800258 -0.0466129573312752 -0.0605086816710545 -0.0843724754570491 -0.0869465759227311 -0.0457193550524523 -0.107823098604428 -0.0613970917091593 -0.0731044591666214 -0.0627046974331286 -0.058078267370559 -0.0554728536394771 -0.0128202000288873 -0.0224336320693707 -0.0878766082035819 -0.0776753295102627 -0.0958023624522951 -0.0626959401091053
"442" "PKNOX1" 0 0 0 0 0 0 0 0 0 0.00615235724371097 0 0 0 0 0 0 0 0 0 0 0.000307617862185549
"443" "CTTN" 0 0 -0.000624233923918911 0 0 0 0 0 0 -0.00659172219268228 0 0 0 0 0 0 0 0 0 0 -0.00036079780583006
"444" "GALNT17" 0 0.0403227423764647 0 0.00986119428538281 0 0 0 0.0168753420230668 0 0.00546797760248752 0.00208269218226259 0 0 0 0.0396531375158184 0 0 0 0.0366235730836656 0.0333120668592552 0.00920993629642018
"445" "STK39" 0 0 0 0 0 0 0 0 0 0 0 0 0 0 0 0 0 0 0 -0.000432758956677989 -2.16379478338995e-05
"446" "MTMR6" 0 -0.00144098116920463 0 -0.0106024206218964 0 0 -0.0115450480027797 0 0 -0.00218397797870136 0 0 -0.0135436054387735 0 -0.0114817036483327 0 0 0 -0.0151278813323402 0 -0.00329628090960142
"447" "SAE1" 0 0 0 0 0 0 0 0 0 0 0 0 -0.0108930288370292 0 0 0 0 0 0 0 -0.000544651441851458
"448" "POLR2E" 0 -0.0016731934263993 0 0 0 0 0 0 0 0 -0.0136251994193744 0 0 0 0 0 0 0 -0.00796492912566039 0 -0.00116316609857171
"449" "STAT3" 0 -0.0100204343343787 0 0 0 -0.00184116110226716 0 0 0 0 0 -0.000888504603290671 0 0 -0.0308316602092477 0 0 -0.0152042185683502 -0.0228426694858558 -0.00459495193963116 -0.00431118001215107
"450" "MESD" 0 0 0 0 0 0 0 -0.0132653152949312 0 -0.0124022701488661 0 0 -0.00273048577281942 0 0 0 0 0 0 0 -0.00141990356083083
"451" "RRP36" 0 0 0 -0.000916069105849204 0 0 0 0 0 -0.0190572958843592 -0.00578637473122706 0 0 0 -0.00432562304196831 0 0 -0.0239753819320139 -0.00287025505129416 -0.0038949215389416 -0.00304129606428267
"452" "PKM" -0.000498304784220195 -0.0112520048608152 0 0 -0.00808094526845226 0 -0.000875756689668737 0 0 -0.00236766765241943 0 0 0 0 0 0 0 -0.00223532262274601 -0.00526820962350659 0 -0.00152891057509142
"453" "ARPC4" 0 0 0 0 0 0 0 0 0 0.00845612657482423 0 0 0 0 0 0 0 0 0 0 0.000422806328741212
"454" "TIMM44" 0 0 0 0 0 0 0 0 0 0 0 -0.00104195978304748 0 0 0 0 0 0 0 0 -5.20979891523739e-05
"455" "CYC1" 0 0 0 0 0 0 0 0 0 0 0 0 0 0 -0.0118819664901713 0 0 -0.00890323224321555 0 0 -0.00103925993666934
"456" "PPP1R15A" 0 -0.0199762207530139 0 0 -0.00763798162302251 0 0 -0.00728708539118475 0 0 0 0 0 0 0 0 0 0 -0.00393804272416796 -0.0199016509137071 -0.00293704907025481
"457" "KDM4A" 0 0 0 0 0 0 -0.0018128176783795 0 0 0 0 0 0 0 0 0 0 0 0 0 -9.06408839189751e-05
"458" "SERP1" -0.0196700324166759 0 0 0 0 0 0 0 0 0 -0.00589036320541189 0 0 0 0 0 0 0 -0.00768659646789205 0 -0.00166234960449899
"459" "PMVK" 0 -0.0121501421813917 -0.00567941517028558 -0.00431528412757678 -0.00513097874769193 0 -0.0197451610841454 0 0 -0.0346668140439974 0 -8.39391667648928e-05 0 0 -0.00683734646729748 0 0 -2.23252872327861e-05 0 -0.0279435780537343 -0.00582874921650592
"460" "PNRC2" 0 -0.0170227663335835 0 0 0 0 0 0 0 -0.00286883297243213 0 0 0 0 0 0 0 0 0 -0.00955082934219792 -0.00147212143241068
"461" "HIF1A" 0 0 0 0 0 0 0 0 0 0 0 0 0 0 0 0 0 0 0 0.00423666978539169 0.000211833489269584
"462" "GAMT" -0.0123027270711697 0 0 0 0 0 0 0 0 0 0 0 0 0 0 0 0 0 0 0 -0.000615136353558484
"463" "HBS1L" 0 0 0 0 0 0 0 0 0 0 0 0 0 0 -0.00346432661978406 0 0 0 0 0 -0.000173216330989203
"464" "SCAMP5" 0 0 0 0 0 0 0 0 0 -0.00232152585195011 0 0 0 0 0 0 0 0 0 0 -0.000116076292597505
"465" "FAM210B" 0 0 0 0 0 0 0 0 0 0 0 0 0 0 0 0 0 -0.00351201960893478 0 0 -0.000175600980446739
"466" "FAM171A2" 0 0 0 0 0 0 0 0 0 -0.014823288204454 0 0 0 0 0 0 0 0 0 0 -0.0007411644102227
"467" "TRIB2" 0.00927446998127348 0 0 0 0 0 0 0 0 0.00257788029273991 0.0493753696063477 0 0 0 0 0 0 0 0 0 0.00306138599401806
"468" "GPS1" 0 -0.0272702869968273 0 0 0 0 0 0 0 0 -0.0160725230844521 0 0 0 -0.0360922641844856 0 0 0 0 0 -0.00397175371328825
"469" "TRMT112" 0.00135940493654978 0 0 0 0 0 0 0 0 0 0 0 0 0 0 0 0 0 0 0 6.79702468274892e-05
"470" "TIMP2" 0 0 0 0 0 0 0 0 0 0 -0.0261434829955221 0 0 0 0 0 0 0 0 0 -0.0013071741497761
"471" "MDM2" 0 0 0 -0.00533431309027791 0 0 0 0 0 0 0 0 0 0 0 0 0 0 0 0 -0.000266715654513895
"472" "RIMKLB" -0.0179023178550677 0 0 0 0 0 0 0 0 0 0 0 0 0 0 0 0 0 0 0 -0.000895115892753383
"473" "PSME3IP1" 0 0.00536510689148124 0 0 0 0 0 0 0 0.0120674181372701 0 0 0 0 0 0 0 0 0.0174093883597528 0.00203842064669586 0.00184401670176
"474" "CALN1" 0.0026534567043572 0 0.0509258025243158 0 0.0154347645242346 0 0.0249988803260039 0 0 0.0309379285506686 0.0523784190513216 0.0275760626881034 0.00299843117934811 0 0.022504386913328 0 0 0.00356767625172151 0.0147227995734311 0.0473162497359346 0.0148007429011384
"475" "SLC4A8" -0.0156731269049697 -0.0153187416570469 0 -0.0207422974960525 -0.0191806969165212 0 -0.0092013887617149 -0.00609112253290402 0 -0.0318138617487942 -0.0119543957934598 -0.0302394909150729 -0.00525372465866986 0 -0.0286091508969071 0 0 -0.00675911204131057 -7.43042365255382e-05 -0.0599201736882735 -0.0130415794124111
"476" "FOXO6" 0 0 0 -0.0164644670217505 -0.0101899869801256 0 -0.00118632203075721 0 0 0 0 -0.00243782236294188 -0.0169362874272187 0 -0.000316678584213688 0 0 -0.0170480592480821 -0.0332306053170695 0 -0.00489051144860796
"477" "CERT1" 0 -0.0136564180016689 0 -0.0129435712073305 0 0 0 0 0 -0.00844413187379109 0 0 0 0 0 0 0 0 0 0 -0.00175220605413952
"478" "RABIF" -0.0294205557910952 -0.0391450431616592 -0.0473569487128746 -0.0419149418734345 -0.0443238505578062 -0.0270903306402674 -0.0297606336096789 -0.0581410019956006 -0.00115591291545616 -0.0449631507885787 -0.0111007719063426 -0.040275146630546 -0.0059854398081279 -0.011326516273891 -0.029370819825779 0 -0.000731677308467333 -0.0208151460658516 -0.0450575535047918 -0.0431816758125382 -0.0285558558591393
"479" "SSBP4" -0.0629297906403629 -0.0677493567032366 -0.0212320847587068 -0.0597752296355255 -0.0269100295674269 -0.0361876777598661 -0.0204739671103728 -0.0158077769760465 -0.0342240874403738 -0.0812340665588076 -0.0772379448202181 -0.0304299992408114 -0.0391305724294046 -0.0141499901998521 -0.0699887080446999 0 -0.0199831805428399 -0.0479614654586915 -0.0452921329879365 -0.055701524572072 -0.0413199792723626
"480" "LSM14B" 0 0 0 0 0 0 0 0 0 0 -0.012470252652587 0 0 0 -0.0518586689199985 0 0 0 0 0 -0.00321644607862927
"481" "ACTR1B" -0.0494617447687765 -0.0215794043130981 0 0 -0.00753591544004879 -0.00118750828784635 -0.0075753647063134 -0.0211287563714955 0 -0.00496525502474048 -0.030740286303956 -0.0065258540244233 0 -0.0175325934390777 -0.0435743951856896 0 0 -0.00647310467071797 -0.00455266498680397 -0.0331646551653646 -0.0127998751344176
"482" "PFN2" 0 0.00948987933063937 0 0 0 0 0 0 0 0 0 0 0 0 0 0 0 0 0 0 0.000474493966531969
"483" "DPY30" 0 0 0 0.010591757672622 0 0 0 0 0 0.000530656437376952 0 0 0 0 0 0 0 0 0 0 0.000556120705499949
"484" "PIK3C2B" -0.0715464627685129 -0.0620905489867562 -0.037583038280863 -0.0598701924296914 -0.0426522844778716 -0.0234776943634073 -0.0335281814502515 -0.0487597953932744 -0.0237771800048686 -0.0336335992062818 -0.069336858663134 -0.0349846539111793 -0.0384797830435579 -0.00388574363894061 -0.0761233992759471 0 -0.00421871129872717 -0.0367115054242422 -0.0491735330932298 -0.0582359321267101 -0.0404034548918723
"485" "COQ8B" -0.0666370732832649 -0.0407260784518554 0 -0.0238530681228368 0 0 -0.020054918880656 -0.0247211837376543 0 -0.0197817486246213 0 -0.0257620283265159 -0.0298456352444749 0 0 0 0 -0.0474607704607745 -0.0250039931183881 -0.0349194881152019 -0.0179382993183122
"486" "MAEA" 0 0 0 0 0 0 0 0 0 -0.00428856755925142 -0.00679835862068811 0 -0.000149291324460212 0 0 0 0 -0.00422970056827112 -0.00848648062524135 0 -0.00119761993489561
"487" "PHAX" 0 0 0 0 0 0 -0.00732801784490809 0 0 0 0 0 -0.000556968864946021 0 0 0 0 0 0 0 -0.000394249335492705
"488" "KLF13" 0 0 0 0 0 0 0 0 0 0 -0.0152034183999919 0 0 0 0 0 0 0 0 0 -0.000760170919999593
"489" "VMP1" 0 0 0 0 0 0 0 0 0 -0.00643317247854452 0 0 0 0 0 0 0 0 -0.0120845281851558 0 -0.000925885033185016
"490" "BLCAP" 0 0 0 0 0 0 0 0 0 0 0 0 0 0 0 0 0 0 0 -0.00577883594031554 -0.000288941797015777
"491" "DAZAP1" 0 0.0167321880823762 0 0 0 0 0 0 0 0 0 0 0 0 0 0 0 0 0 0 0.000836609404118811
"492" "GRIK3" 0.0602699447686102 0.0423760131228777 0 0.0229349889378959 0.0243263405242299 0 0.0504783545105166 0.0437957915915771 0 0 0.0401063586230756 0.0198787226349388 0.076601840475464 0 0.0487318324607484 0 0 0 0.0159077085207199 0.0239402433612907 0.0234674069765972
"493" "PPP3R1" 0 0 0 0 0 0 0 0 0 0 0 0 0 0 -0.0051110633742978 0 0 0 0 0 -0.00025555316871489
"494" "ZNF146" 0 0 0 0 0 0 0 0 0 0 0 0 0 0 0 0 0 0 0 0.000353553651021045 1.76776825510523e-05
"495" "CSMD1" 0.0124438079640579 0.0558711897681704 0 0.0316003801979078 0 0.020621342368348 0.0252343042669239 0.00356482462917632 0 0.0123964100361198 0.019666945634731 0.0312847092230578 0 0 0.0193543812992186 0 0 0 0.0147047976902707 0.0123552654130429 0.0129549179245513
"496" "RAB5A" 0 0 0 0 0 0 0 0 0 0 -0.00546477096313603 0 0 0 0 0 0 0 0 0 -0.000273238548156802
"497" "VPS51" 0 -0.0105128038191625 0 0 0 0 0 0 0 0 0 0 0 0 0 0 0 0 0 0 -0.000525640190958123
"498" "NUMBL" 0 0 0 -0.024739687772715 0 0 0 0 0 0 0 0 0 0 -0.00157133499328516 0 0 0 0 0 -0.00131555113830001
"499" "KIF3B" 0 0 0 0 0 0 0 -0.0052992492165434 0 -0.0149819049920443 0 0 0 0 0 0 0 0 0 0 -0.00101405771042939
"500" "TCEA2" 0 0 0 0 0 0 0 0 0 0 0 0 0 0 0 0 0 0 -0.00313636045298009 0 -0.000156818022649004
"501" "ZNF160" 0 0 0 0 0 0 0 0 0 0 0 0 0 0 0 0 0 0 -0.0056110477066758 -0.0130109948471482 -0.000931102127691198
"502" "ST3GAL2" -0.0161730813475506 -0.00272806326088221 -0.00369856289799733 0 -0.00134155649057576 0 -0.0240838112892766 -0.0332418149825676 0 0 -0.0479042720115147 0 0 0 0 0 0 -0.00050664456648582 -0.0237540678128109 -0.0179972391589399 -0.00857145569093007
"503" "WDR26" 0 -0.00739300661536529 0 0 0 0 0 0 0 0 0 0 0 0 0 0 0 -0.00722017700726754 0 0 -0.000730659181131642
"504" "MPST" -0.0459992887751252 -0.0409311618617279 0 -0.0159990289981472 0 0 -0.0224717000376018 0 0 -0.036829712943563 -0.0173382239160281 0 -0.0237475894386355 0 -0.0347188822743564 0 0 -0.0476855517494549 -0.0326775492746042 -0.00704550676682036 -0.0162722098018032
"505" "CDH13" 0.00240393019153469 0.0310547033368838 0 0.0364108609388905 0 0 0 0.00262662803991743 0 0.0229089023814778 0.0275790158421338 0 0.0141711896351872 0 0.0500893643034265 0 0 0.000746877583054 0 0.0472317318694337 0.011761160206097
"506" "CHMP1A" 0 -0.0109411166675682 -0.000971473684111624 -0.00781064271178492 0 0 0 -0.00486543121737619 0 -0.0463354197153537 -0.0177034722131813 -0.0101717853965668 -0.0203481813989934 0 0 0 0 0 0 0 -0.0059573761502468
"507" "BRINP1" 0 0 0 0 0 0 0 0 0 0.0400288734969021 0 0 0 0 0 0 0 0 0.0204793048286895 0 0.00302540891627958
"508" "ARL6IP4" 0 0.0123490540743062 0 0 0 0 0 0 0 0.0238527077540086 0.00143291179809861 0 0 0 0 0 0 0 0 0 0.00188173368132067
"509" "PDIA3" 0 0 0 0 0 0 0 0 0 -0.00187995845397116 0 0 0 0 0 0 0 0 0 0 -9.39979226985578e-05
"510" "RPL17" 0 0.0319047144817825 0 0 0 0 0 0 0 0.00232720201711627 0 0 0 0 0 0 0 0 0 0 0.00171159582494494
"511" "USP46" 0 0 0 0 0 0 0 0 0 0 -0.000423349503930975 0 0 0 0 0 0 0 0 0 -2.11674751965487e-05
"512" "NUDT21" 0 0 0 0 0 0 0 0 0 0.0101213051040628 0 0 0 0 0 0 0 0 0 0.011323689638634 0.00107224973713484
"513" "NUB1" 0 -0.00383541487207708 0 0 0 0 0 0 0 0 0 0 0 0 -0.00509673534456243 0 0 0 0 0 -0.000446607510831976
"514" "TNKS2" -0.00145579909341657 0 0 0 0 0 0 0 0 0 0 0 0 0 0 0 0 0 0 0 -7.27899546708286e-05
"515" "NUBP2" 0 0 0 0 0 0 0 0 0 0 -0.00631112931757438 0 0 0 0 0 0 0 0 0 -0.000315556465878719
"516" "RBBP7" 0.00184672589420679 0 0 0 0 0 0 0 0 0 0 0 0 0 0 0 0 0 0 0 9.23362947103396e-05
"517" "IMMT" 0 0 0 0 0 0 0 0 0 0 0 0 0 0 0 0 0 0 -0.0148432312835523 0 -0.000742161564177616
"518" "C9orf78" 0 0 -0.000195765490205797 0 -0.00792423647500453 0 0 0 0 0 -0.0124240746114476 0 0 0 0 0 0 0 0 -0.0273087578264881 -0.00239264172015731
"519" "DCAF10" -0.013651402925393 -0.0148359893862174 0 0 0 0 -0.00813861412934809 0 0 -0.0156524700885789 0 0 0 0 0 0 0 0 0 0 -0.00261392382647687
"520" "PDXP" 0 -0.0134397757542057 0 0 0 0 -0.00481699923491327 -0.00405473570427568 0 0 -0.0043443184306559 -4.83291014838143e-05 0 0 -0.00915288691056612 0 0 0 -0.00322704386019538 0 -0.00195420444981479
"521" "EMX2" 0 -0.0471875029232655 0 0 0 0 0 0 0 -0.0244031544417774 0 0 0 0 0 0 0 0 0 0 -0.00357953286825215
"522" "ZNF48" -0.0206954299030963 -0.0234052585881605 -0.014412763630229 -0.00754564557174624 0 0 0 -0.0316408852326122 0 -0.0232894028761334 0 0 0 -0.010818394583054 0 0 0 0 -0.0300529019487334 0 -0.00809303411668825
"523" "NFYB" 0 0 0 0 0 0 0 0 0 0 0 0 0 0 -0.000633215074303755 0 0 0 0 0 -3.16607537151877e-05
"524" "POLR2H" 0 0 0 0 0 0 0 0 0 0 0 0 0 0 0 0 0 0 0 -0.000383821467953879 -1.9191073397694e-05
"525" "SATB1" 0 0 0 0 0 0 0 0 0 0 0 0 0 0 0 0 0 0 0 0.00490055911096109 0.000245027955548055
"526" "GABPB1" -0.00221070963456932 0 0 -0.0190887516499207 0 0 0 0 0 0 0 0 0 0 -0.0230594010529909 0 0 0 0 -0.0110545254089989 -0.00277066938732399
"527" "EP300" 0 0.014825897484655 0 0 0 0 0 0.00377952037157835 0 0.019861830055373 0.00268359904397424 0 0 0 0 0 0 0 0 0.0343496413858234 0.0037750244170702
"528" "MAP1A" -0.0161987035107252 -0.0125999699384289 0 -0.0287008480680805 -0.0152210865304299 -0.0053611319662667 0 0 0 0 -0.0238629447673429 0 0 0 -0.0310573051049208 0 0 -0.0172147580484378 -0.0271283150116602 -0.0347141130817248 -0.0106029588014009
"529" "DDX21" 0 0 0 0 0 0 -0.00344592964703478 0 0 0 -0.0022412413012975 0 0 0 0 0 0 0 0 0 -0.000284358547416614
"530" "BRWD3" 0 -0.00627554061927465 0 0 0 0 0 0 0 0 0 -0.0110625653436112 0 0 0 0 0 0 -0.0454848392046644 0 -0.00314114725837751
"531" "CREB3" -0.0129820528970128 -0.0335508799789567 0 -0.0163391830456737 -0.00727512610460203 0 -0.00491994641043006 -0.0101955536948876 0 0 0 0 0 0 0 0 0 0 -0.0156781145906706 -0.0156606973986365 -0.0058300777060435
"532" "DNAAF2" -0.00667843880040359 -0.000877233383270673 0 0 -0.0210197372895833 0 0 0 0 0 -0.00638813694974968 0 0 0 -0.0195115109893957 0 0 0 -0.0264448698196751 0 -0.0040459963616039
"533" "AKR7A2" 0 0 0 0 0 0 0 0 0 0 0 0 0 0 0 0 0 0 0 -0.00632232376505567 -0.000316116188252783
"534" "XYLT1" -0.0284102321556404 -0.0135941721628007 0 -0.0212615314056485 0 0 -0.00208777045093984 -0.0326897117298773 0 -0.0144729063633471 -0.0169380946841906 0 -0.00596003363643226 0 0 0 0 0 -0.0247082301015636 -0.0278265949058658 -0.00939746387981531
"535" "PPP4R1" 0 0 0 0 0 0 0 0 0 0 0 0 0 0 0 0 0 0 0 0.00402286179535816 0.000201143089767908
"536" "SAMM50" 0 -0.0157569066501885 0 -0.042719611680373 -0.0110493706260648 0 -0.0142952880978616 -0.0186677472183179 0 -0.00927730485136638 0 0 0 0 -0.0470545802676533 0 0 0 -0.022057320708803 0 -0.00904390650503142
"537" "NSMF" 0 -0.012421404922705 0 0 -0.0177943780392941 0 -0.00437980154032625 0 -0.00231422422540894 -0.0354477445614373 -0.0161719620580726 -0.0190095656049253 -0.0118737606284302 -0.0195201840322932 -0.00129277033565407 0 0 0 -0.019413451772095 0 -0.0079819623860321
"538" "MTA2" -0.00158402205769019 -0.0378879921278882 0 -0.0116806582306591 -0.0348804109564944 0 -0.0203470761287457 0 0 -0.0141753728833581 -0.0534841253658684 -0.0262684001687208 -0.00164735786218197 0 -0.0253751584131139 0 0 -0.0272837128756792 -0.0303232364459118 -0.0399675366714023 -0.0162452530093857
"539" "CNP" -0.0113417899979122 -0.0317760353249703 -0.0429901862582798 -0.0357567188646226 -0.0232467706404302 -0.0280480631090901 -0.0226941874305774 -0.0416711455411482 0 -0.0370545625480585 -0.0407592946225936 -0.0313353799024631 0 0 -0.0659047744513606 0 0 -0.0384865279556713 -0.0666687488775077 -0.0534292481757843 -0.0285581716850235
"540" "WNK2" 0 0 0 0 0 0 0 0.0190903106030044 0 0.0225256473112695 0 0 0 0 0.0180754261108277 0 0 0 0.0159685824703512 0.0077787489536427 0.00417193577245477
"541" "PLEKHA6" -0.0245326282401122 -0.0137717244786001 -0.00388480155904407 -0.0320029369117338 0 0 0 -0.0155333579361255 0 0 0 -0.00838662709955169 -0.0239222357064722 0 -0.00311208198314443 0 0 -0.00823257181322535 -0.00142058868971494 0 -0.00673997772088622
"542" "CRB1" 0 0 0 0 0 0 0 0 0 -0.000692067121432367 0 0 0 0 0 0 0 0 0 0 -3.46033560716184e-05
"543" "CSTB" 0 0 0 0 0 0 0 0 0 0 -0.0091901762377183 0 0 0 -0.0175378622843494 0 0 0 0 0 -0.00133640192610338
"544" "MRPL4" 0 -0.0267565275266126 0 0 0 0 0 -0.00409927907238708 0 0 -0.00168563952052786 -0.00174389086601523 0 0 -0.0117726761321843 0 0 0 -0.0375633215134423 -0.00351945874174209 -0.00435703966864557
"545" "AP1AR" -0.0107890371005325 -0.00847578674789561 0 0 0 0 0 -0.00690252548172468 0 0 0 0 0 0 0 0 0 0 0 -0.00228704915452756 -0.00142271992423402
"546" "SLC22A17" 0 0 0 0 0 0 0 0 0 -0.0229462279487496 0 -0.00172474715864351 0 0 0 0 0 0 0 0 -0.00123354875536966
"547" "TRERF1" 0 0 0 0 0 0 0 0 0 0 0 0 0 0 -0.00246516513089504 0 0 0 0 0 -0.000123258256544752
"548" "MAPK1" 0 0 0 0 0 0 0 0 0 0 0 0 0 0 0 0 0 0 0 0.00108071118471731 5.40355592358656e-05
"549" "DLG1" 0 -0.00248940876886213 0 0 0 0 -0.0150248545649505 0 0 -0.0240049165418945 0 0 0 0 0 0 0 0 -0.0018523593743898 0 -0.00216857696250484
"550" "BTG2" -0.0845040143933667 -0.101345330295515 0 -0.0348502092876835 -0.00600366976752279 -0.0145077902343515 -0.0337497320034438 -0.0323584148556583 0 -0.065439731890368 -0.0444919357026261 -0.0732643866667759 -0.0343538899101563 -0.000167745426702413 -0.0701002685147855 0 0 -0.0625958815969301 -0.0776551922070306 -0.0471768982218952 -0.0391282545487406
"551" "CDK2AP1" 0.0162129682070146 0.0204594835974186 0 0.016170551335168 0 0 0.0107492308928136 0 0 0 0.0170993635222579 0 0 0 0 0 0 0.00947772815127697 0.0305269766766917 0.0284431947182514 0.00745697485504464
"552" "CDC37" 0 0 0 0 0 0 0 -0.0012743492895238 0 0 0 0 0 0 0 0 0 0 0 0 -6.37174644761898e-05
"553" "MGST1" 0 0 0 0 0 0 0 0 0 0.0118609307909649 0 0 0 0 0.0363986697437089 0 0 0 0 0.015773422021384 0.00320165112780289
"554" "BCAS4" -0.000329089136790362 0 -0.030604072514386 -0.0282616917551608 -0.00493074521483253 0 -0.0305337122173283 -0.0235060822112208 0 -0.0951456412128869 -0.0219501436950909 -0.0264682240426111 0 0 -0.0246900745164172 0 0 -0.0270358715221773 -0.0599882002259383 -0.0289118831150859 -0.0201177715689963
"555" "CD99L2" 0 0 0 0 0 0 0 0 0 0 -0.00430197063808683 0 0 0 0 0 0 0 0 0 -0.000215098531904342
"556" "CRK" 0 0.0177281625229359 0 0.00541031653991261 0 0 0 0 0 0.0311883740435496 0.024257524592554 0 0 0 0.0155908218975246 0 0 0 0.0143616677764294 0.0301668938219547 0.00693518805974304
"557" "LRRN2" -0.00366064473463464 0 0 0 0 0 0 0 0 -0.00554489390845109 0 0 0 0 0 0 0 0 0 0 -0.000460276932154286
"558" "GPR39" 0 0 0 0 0 0 0 0 0 -0.00647261896788265 -0.0105907933073679 0 0 0 0 0 0 0 0 -0.00564686237394946 -0.00113551373246
"559" "NOPCHAP1" -0.023344928223126 0 0 0 0 0 0 0 0 -0.0100196997578668 -0.0292703715309223 0 0 0 0 0 0 0 0 0 -0.00313174997559575
"560" "TMEM14C" 0 0 0 0 0 0 0 0 0 -0.000990384089141869 0 0 0 0 0 0 0 0 0 0 -4.95192044570934e-05
"561" "LMO4" 0.0389202562163227 0.016741122929465 0 0.0134977985810995 0 0 0 0.0148976365763035 0 0.0400615538611443 0.00897579475897374 0.00347118743362264 0 0 0 0 0 0.00570092593712511 0.0213847439854176 0.0329911657238494 0.00983210930016617
"562" "SEPTIN5" -0.0117072031178063 -0.0186150296980139 -0.00696084398072118 -0.0244918214383803 -0.0169598750460856 0 0 -0.0166880666548538 0 -0.00857441513781398 -0.0101090717897703 -0.00979749181836761 -0.0185488375364478 0 -0.00943504905940766 0 0 -0.0115673794152356 -0.010430578425692 -0.0332180514721092 -0.0103551857295353
"563" "HDAC5" 0 0 0 0 0 0 0 0 0 0.00493970223597739 0 0 0 0 0.0184049281369006 0 0 0 0.0118803655372151 0.00683319303767552 0.00210290944738843
"564" "USP49" 0 0 0 0 0 0 -0.00736979468630211 0 0 0 0 0 0 0 0 0 0 0 0 0 -0.000368489734315105
"565" "SEC14L1" 0 -0.00528977626996964 0 0 0 0 0 0 0 0 0 0 0 0 0 0 0 0 0 0 -0.000264488813498482
"566" "ICE1" 0 0 0 0 0 0 0 0 0 0 0 0 0 0 0 0 0 0 0 -0.00446864124839676 -0.000223432062419838
"567" "CTDNEP1" 0 0.0447623661634745 0 0 0 0 0 0.00998721669362283 0 0.00380586129212946 0.0151002811129725 0 0 0 0.0109898654162502 0 0 0 0.0327109599066428 0.00910555084474448 0.00632310507149184
"568" "MMADHC" 0 0.0036547747451622 0 0 0 0 0 0 0 0 0 0 0 0 0 0 0 0 0 0 0.00018273873725811
"569" "ST3GAL3" -0.0146112771393722 0 -0.000673300529342292 -0.0182908542959786 -0.000748981630587359 0 0 -0.0170914332861003 0 -0.0176744329090013 -0.0298588631104999 0 0 0 0 0 0 -0.00753038158650019 -0.0129175548035684 -0.00434334483775632 -0.00618702120643534
"570" "FAM53B" 0 0 0 0 0 0 0 0 0 0 0 0 0 0 0 0 0 0 0.00538375472545662 0 0.000269187736272831
"571" "PRDX3" 0 0 0 0 0 0 0 0 0 0.00805785016522746 0 0 0 0 0 0 0 0 0 0.000790556245174929 0.000442420320520119
"572" "ECH1" -0.0167285943794754 0 -6.14372867050924e-05 -0.00026874197467559 -0.00650592077410289 0 0 -0.0182997779686608 0 0 -0.00167666564990135 0 0 0 -0.0416411647928763 0 0 0 -0.0136925474589717 -0.00152324511756988 -0.00501990477014695
"573" "HEXIM1" 0 -0.00581890337683467 0 0 0 0 -0.00516418822087089 0 0 0 0 0 0 0 0 0 0 -0.00338170044450479 0 -0.0184950824385794 -0.00164299372403949
"574" "PRCC" 0 0 0 0 0 0 0 0 0 0 0 0 0 0 0 0 0 0 0 -0.00909816751792924 -0.000454908375896462
"575" "PRPSAP2" 0 0.00934536317237345 0 0 0 0 0 0 0 0.0231574472784852 0 0 0 0 0.00262050809762568 0 0 0 0 0 0.00175616592742422
"576" "PLXDC2" 0.0861684786776418 0.0434181591345393 0 0.017928778403591 0.0378075432410724 0.00576032576932801 0 0.0306629018655842 0 0.0731696879405914 0 0.00592912088160451 0.00430931214480534 0 0.0635487946783162 0 0 0.0392355584608087 0.0583220930239596 0.00753209044851444 0.0236896422335178
"577" "H2BC5" -0.0082753454143201 -0.0156187372304758 0 0 0 0 0 -0.0287192040679599 0 0 0 0 0 0 0 0 0 0 0 0 -0.00263066433563779
"578" "SH3PXD2A" 0 0 0 0 0 0 0 0.00364131261732204 0 0 0 0 0 0 0 0 0 0 0 0 0.000182065630866102
"579" "PSME3" 0 -0.0441991581344503 0 -0.00128599191878795 0 0 -0.0362281257517719 0 0 0 0 0 0 0 -0.0043446070486741 0 0 -0.00372967551436633 -0.0427692089582077 -0.00654498379929068 -0.00695508755627745
"580" "ESRRA" -0.0164507368623211 -0.0140468953552054 0 0 0 0 0 -0.0345733454095168 0 0 0 -0.00248966579959953 0 0 -0.00044770803583468 0 0 0 -0.0324901083121725 0 -0.0050249229887325
"581" "ACAA2" 0 0 0 0 0 0 0 -0.00389032662060141 0 0 0 0 0 0 0 0 0 0 0 0 -0.000194516331030071
"582" "TOMM40" 0 -0.00285939182206701 -0.0071212511964233 -0.00380569788748869 0 0 0 0 0 0 -0.0174883198552458 0 0 0 0 0 0 -0.00552577673650247 0 0 -0.00184002187488636
"583" "FSTL5" -0.018163257668507 -0.0100305393453388 0 -0.0193730768842579 -0.00759978899051396 -0.00265785408143214 -0.0362531711519778 -0.0155044840127392 0 -0.0151214279166625 -0.0134574541823704 -0.00171285704323972 -0.0144956140080711 -0.0107223803585701 -0.0273104916191826 0 0 -0.00860135583212778 -0.025477507414823 -0.0156422232233469 -0.012106174186658
"584" "PRKAR1B" -0.0883411823504439 -0.0712505838144066 -0.0165161531534437 -0.0435092259743513 -0.00907420066900211 -0.0315266271344202 -0.0284821494068293 -0.0675170844785519 -0.0251298155893944 -0.0509781291117673 -0.049960096533843 -0.0186196375274202 -0.0328069991571802 0 -0.0316749532753136 0 0 -0.0329248115966757 -0.0954962118406509 -0.0843177102170098 -0.0389062785915352
"585" "DIPK1B" 0 -0.0159385844702736 0 -0.0103867496110533 -0.0277498808625063 -0.0011713569183043 0 -0.0107739495346956 0 -0.0155549531968665 -0.0341580957923406 0 0 0 -0.0393026297762288 0 0 -0.022896333576119 -0.00421045918364073 -0.0148616056542211 -0.0098502299288125
"586" "TRIM37" 0 0 0 0 0 0 -0.00503817473283171 -0.00923185397117804 0 0 0 0 0 0 0 0 0 0 -0.0192502260657556 0 -0.00167601273848827
"587" "SLC25A39" -0.0588209030768768 -0.0698386277083023 -0.0530975133185763 -0.0285401848397586 -0.0217976072375647 -0.0378510961517648 -0.00103686876006374 -0.0432634804136468 -0.0493767787391795 -0.0889262351102181 -0.0332121951952036 -0.0489660937863319 -0.0366825232425305 0 -0.0582971844268772 0 0 -0.0315270208628642 -0.0449135403904275 -0.0775460356187374 -0.0391846944439462
"588" "AP1G1" -0.0238290322370382 0 0 -0.00577752404304395 0 0 -0.00974845910423851 -0.000861358209096609 0 0 0 -0.0109344467772397 -0.00548694506174946 0 -0.00765383226205978 0 0 0 0 -0.0437699681680266 -0.00540307829312464
"589" "GABRG2" 0.0724846729158613 0.0565083599386927 0 0.0777541651937848 0.0490554037096218 0 0 0.0648624286023623 0 0.0752659762227657 0.0321762182625877 0 0 0 0.0228859697336958 0 0 0 0.0506154061011877 0.0793541667220448 0.0290481383701302
"590" "MICU3" -0.0314123582331339 -0.06848645297423 -0.0512619224463741 -0.0492334783217825 -0.0211427865028336 -0.0145239262020386 -0.0219782686781537 -0.0379313214208535 0 -0.0687454067444369 -0.0393999464217123 0 -0.00672216419254484 0 -0.0210767734419542 0 0 -0.0240566822528241 -0.0519632599154837 -0.0699235332641535 -0.0288929140506255
"591" "ADIPOR1" -0.0257371561477294 -0.0279669965414297 -0.0170495541268421 -0.0310541122854102 -0.0287370761595189 -0.00626755248719536 -0.000673530295389847 -0.0448060230730053 0 -0.0037922063302143 -0.0369833400407849 -0.00911808325736354 0 0 -0.00281238863279112 0 0 -0.0273191872938568 0 -0.0641399372518383 -0.0163228571961685
"592" "REEP2" -0.0439050697724997 -0.0116564720951729 -0.0110182292285694 -0.0137817461746169 -0.02585464253392 0 -0.00869231522130231 -0.0461163311993684 -0.024907196597654 -0.0503497997759387 -0.0476184260851255 -0.0403978268433603 -0.0382335695324794 0 -0.0194600874601295 0 -0.0152198472467747 -0.00341724543968892 -0.0424047076212996 -0.0333070525808557 -0.0238170282704378
"593" "SNRPD3" 0 0 0 0 0 0 0 0 0 0.00634116089181711 0 0 0 0 0 0 0 0 0.00679295391348773 0.0014229935989204 0.000727855420211262
"594" "STARD7" 0 0 0 0 0 0 0 0 0 0 0 0 0 0 0 0 0 0 0 0.0101262596494821 0.000506312982474106
"595" "LRRC59" 0 0 0 0 0 0 0 0 0 -0.00216851457483745 0 0 0 0 -0.0264807884481312 0 0 0 0 -0.00288084840516779 -0.00157650757140682
"596" "ABL1" 0 0 0 0 0 0 0 0 0 0 0 0 0 0 0 0 0 0 0 -0.00429945172432 -0.000214972586216
"597" "ZNF354A" -0.0567783671501975 -0.0412784938198686 -0.0361085585100807 -0.0380898232165277 -0.0365170561981461 0 -0.0612365256851634 -0.0488440634503921 -0.000535618124207292 -0.0572159770788903 -0.0760261077637509 -0.0276112460412046 -0.0365453970830515 0 -0.0219455355632496 0 -0.00320642213519548 -0.0565650200744076 -0.0769586792489307 -0.0418489182928494 -0.0358655904718057
"598" "LEPROTL1" 0 0 0 0 0 0 0 0 0 0 0 0 0 0 0 0 0 0 0 0.00661941680996152 0.000330970840498076
"599" "NPSR1" -0.0160548791338342 0 0 0 0 0 0 0 0 0 0 0 0 0 0 0 0 0 0 -0.000122603971152015 -0.000808874155249309
"600" "C8orf82" 0 0 0 0 0 0 0 0 0 0 0 0 0 0 0 0 0 0 -0.0101397236651514 0 -0.00050698618325757
"601" "PPP1R15B" 0 0 0 0 0 0 0 0 0 0 0 0 0 0 0 0 0 0 0 -0.0150188085281396 -0.000750940426406979
"602" "GPR161" 0 0 0 0 0 0 0 0 0 0.00274658637798648 0 0 0 0 0 0 0 0 0.00807883910102563 0.0107710959089982 0.00107982606940052
"603" "RMND5A" 0 0 0 0 0 0 0 0 0 0 0 0 0 0 0 0 0 0 -0.0059723853234425 0 -0.000298619266172125
"604" "NOC2L" -0.0150681070577809 0 0 -0.0265877354869204 0 0 -0.035873424251017 0 0 -0.0404035032759736 0 0 0 0 -0.0174565915792587 0 0 0 0 -0.0480558100285378 -0.00917225858397442
"605" "RNF41" 0 0 0 0 0 0 0 0 0 -0.000845650701163826 0 0 0 0 0 0 0 0 0 0 -4.22825350581913e-05
"606" "UBN1" 0 -0.0136052747875484 0 0 0 -0.00490774288477572 0 -0.0129069627825347 -0.00518558603680631 -0.0414368280777512 -0.0020977737658404 0 0 0 0 0 0 0 0 -0.00534066990444681 -0.00427404191198518
"607" "PALLD" 0 0 0 0 0 0 0 0 0 0 0 0 0 0 0 0 0 0 0.00195667498258982 0 9.78337491294911e-05
"608" "HUNK" 0 0 0 0 0 0 0 0 0 0.0208571959106699 0 0 0 0 0.00329758684703737 0 0 0 0.00438008511144562 0.000432734890786008 0.00144838013799695
"609" "PANX1" -0.0268373446099249 -0.0605979018869645 -0.00292007881587721 0 -0.0388423729000017 0 -0.00472045551458664 -0.00751750195694902 -0.00131862362374037 -0.023128030753053 -0.0500855647132082 0 -0.00168629560684583 0 0 0 0 -0.0225240132434737 -0.0387592081645421 -0.0278987661142415 -0.0153418078951704
"610" "TMED10" 0 0 0 0 0 0 0 0 0 0 0.00940954631136663 0 0 0 0 0 0 0 0 0 0.000470477315568331
"611" "TNPO2" -0.014303086152903 -0.0234005708653777 0 -0.00995603569827745 -0.00483802506332596 0 0 -0.0226040496755506 0 -0.0414440229704711 -0.0718476317671269 0 0 0 -0.0156340485167431 0 0 -0.00536177577418026 0 -0.0039629933218893 -0.0106676119902923
"612" "ANO4" 0 0 0 0 0 0 0 0 0 0 0 0 0 0 0 0 0 0.0144055019776497 0 0 0.000720275098882484
"613" "ZMAT3" -0.0113521936656191 0 0 0 0 0 -0.00510920035660066 -0.0317613954692801 0 -0.0192568584041778 -0.0127063475007262 0 0 0 0 0 0 0 -0.026834338783324 -0.0536857161688182 -0.0080353025174273
"614" "SFXN5" 0 0 -0.010696196159868 -0.00487364333392971 0 0 0 0 0 0 0 0 0 0 0 0 0 0 0 0 -0.000778491974689887
"615" "HIVEP1" 0 0 0 0 0 0 0 1.94723287207529e-05 0 0.00111862216988342 0 0 0 0 0 0 0 0 0 0.016144081867566 0.000864108818308507
"616" "MTERF4" 0 0 0 0 0 0 -0.00297714612869735 0 0 -0.00100628435050026 0 0 0 0 0 0 0 0 0 0 -0.000199171523959881
"617" "PXYLP1" 0 0 0 0 0 0 0 0 0 0 0 0 0 0 0 0 0 0 0.0135905753974955 0 0.000679528769874775
"618" "KMT5A" 0 0 0 0 0 0 0 -0.00550077638776717 0 0 0 0 0 0 0 0 0 0 0 -0.0160874222706144 -0.00107940993291908
"619" "ZSCAN21" -0.012614075838807 -0.026308991319661 0 -0.00767164596309226 -0.0161964461241589 -0.0145216282680311 0 0 0 -0.00403196308187594 -0.00116182400685344 0 0 0 0 0 0 0 -0.0120438662670539 0 -0.00472752204347668
"620" "MRPS11" 0 -0.00312066129673592 0 0 0 0 -0.0115635282551217 -0.00695469198127831 0 0 0 0 0 0 0 0 0 0 -3.42770333226854e-05 0 -0.00108365792832293
"621" "CTSD" -0.0431138191565547 -0.040664693866124 -0.00512388616738922 -0.00968330590584598 -0.0120130272864208 0 -0.0416091760433078 -0.0308496014498891 0 -0.00483022965631412 -0.0107900500947775 -0.0156470074232358 -0.00823208845217517 0 -0.0610404751011582 0 0 -0.00366103827345982 -0.0357011774860567 -0.0497076339278951 -0.0186333605145302
"622" "ZNF35" 0 0 0 0 -0.00625644669570495 0 -0.00341384465597904 0 0 0 0 0 0 0 -0.00270930253886855 0 0 0 0 0 -0.000618979694527627
"623" "FGFBP3" -0.0158230829958421 0 0 0 0 0 0 0 0 -0.00564879923218957 0 -0.0136513101775725 0 0 0 0 0 0 -0.0192916772869262 0 -0.00272074348462652
"624" "NFYC" 0 0.00673683628201911 0 0 0 0 0 0 0 0 0 0 0 0 0 0 0 0 0 0 0.000336841814100956
"625" "RBM15B" -0.0306667797387643 0 -0.0017264088188943 0 0 0 0 0 0 0 0 0 0 0 0 0 0 0 0 0 -0.00161965942788293
"626" "ST8SIA1" 0 0 0 0 0 0 0 0 0 0.0129867950398635 0 0 0 0 0 0 0 0 0 0 0.000649339751993176
"627" "ZBED4" 0.00127966758230682 0.0394042632227255 0 0 0 0 0.012968875284844 0 0 0.0434453801214513 0.0513345969037857 0 0 0 0.00351017177543802 0 0 0 0.0504423603129483 0.0588244307743018 0.0130604872988901
"628" "PARP11" 0 0 0 -0.00745246655565679 0 0 0 0 0 0 0 0 0 0 0 0 0 0 0 0 -0.000372623327782839
"629" "REX1BD" 0 0 0 0 0 0 0 0 0 0 0.00202022777892877 0 0 0 0 0 0 0 0 0 0.000101011388946439
"630" "GAS7" 0 0.00267226597130066 0 0 0 0 0 0 0 0.0661660560233188 0.0171333105834865 0 0 0 0.00292958585221534 0 0 0 0.0213451505215578 0.0446462951950272 0.00774463320734531
"631" "ZNF232" -0.00674188115590987 0 0 0 0 0 0 0 0 0 -0.0173083278459727 0 0 0 0 0 0 0 0 0 -0.00120251045009413
"632" "SMPD3" -0.00560554054644661 -0.0278294150622569 -0.0246762741175345 -0.00437731969914129 0 0 0 0 0 -0.0351847962681874 -0.00825499166260236 -0.0482123154689896 0 0 0 0 0 -0.0256810779924005 -0.051657609454084 -0.0448561236698485 -0.0138167731970746
"633" "SIGIRR" -0.060562589437406 -0.0524407682696767 -0.0304205519559451 -0.0545122925058687 -0.0194817036764476 -0.00371331823302059 -0.0364961500858743 -0.0591459431507686 -0.0197357555278491 -0.0374021332594562 -0.0467978248410891 -0.0303620240298836 -0.0279910518259024 -0.0164136532522414 -0.048677544471722 -0.0167987342497036 0 -0.0473631958279396 -0.109165762815654 -0.0695631484428754 -0.0393522072929662
"634" "YTHDF1" 0 0 0 0 0 0 0 0 0 -0.0187191915713721 -0.0298580695073378 0 0 0 0 0 0 -0.00111812453342682 -0.0167574596482363 -0.0219073319645806 -0.00441800886124768
"635" "TBC1D1" 0 0 0 -0.00361775252406624 0 0 0 0 0 0 0 0 0 0 0 0 0 0 0 0 -0.000180887626203312
"636" "GABBR2" 0 0.00815341398007774 0 0 0 0 0 0 0 0 0 0 0 0 0 0 0 0 0.00547356661369461 0.0243039713297063 0.00189654759617393
"637" "NRXN2" 0 0.0149116487862413 0 0 0 0 0 0 0 0 0.00566955509142214 0 0 0 0 0 0 0 0 0 0.00102906019388317
"638" "CADM3" 0 -0.00219580899355482 0 0 0 0 0 0 0 0 -0.00282362657195361 0 0 0 0 0 0 0 0 -0.0385165106271789 -0.00217679730963437
"639" "DDX49" -0.0106892459093591 0 0 0 0 0 0 0 0 0 0 0 0 0 0 0 0 0 0 -0.00617941839472816 -0.000843433215204362
"640" "MKNK2" 0 -0.012173319819755 0 0 0 0 -0.00673750033169718 0 0 -0.0132894836395138 0 0 0 0 0 0 0 0 -0.00624371128302309 -0.00898459100363869 -0.00237143030388139
"641" "B4GALT5" 0 0.00246962540393386 0 0.00308341032356283 0 0 0 0 0 0 0 0 0 0 0 0 0 0 0.0285344611339872 0.025136233947093 0.00296118654042884
"642" "DLL3" 0 0 0 0 0 0 0 0 0 0 0 0 0 0 -0.0103027790066037 0 0 0 0 0 -0.000515138950330186
"643" "GNL1" -0.00486932374695718 0 0 0 0 0 0 0 0 0 0 0 0 0 0 0 0 0 0 0 -0.000243466187347859
"644" "CKAP2" 0 -0.0468439494054425 0 0 0 0 0 0 0 0 0 0 0 0 -0.000615210914569757 0 0 0 -0.014504092258862 -0.0164181130405858 -0.003919068280973
"645" "TMEM184B" -0.0053055561549027 0 0 -0.0180358394061472 0 -0.0111079015429085 -0.00735468428987668 -0.00984992879872485 0 -0.0158552910626744 0 0 0 0 -0.02213452587869 0 0 0 0 0 -0.00448218635669622
"646" "TCEAL8" 0 0.0334594989626919 0 0 0 0 0 0 0 0 0 0 0 0 0 0 0 0 0.00645194202216987 0.0353361770561911 0.00376238090205264
"647" "TMF1" 0 0 -0.000269731118191154 0 0 0 0 0 0 0 -0.00909203640267351 0 0 0 -0.0124341496097797 0 0 0 -0.0179091023954978 -0.0181938113373965 -0.00289494154317694
"648" "RANBP6" 0 -0.00805904495732467 0 0 0 0 0 0 0 0 0 0 0 0 0 0 0 0 -0.00200121078811277 0 -0.000503012787271872
"649" "SIAH3" 0.00397851481924669 0 0 0 0 0 0 0 0 0 0 0 0 0 0 0 0 0 0 0 0.000198925740962334
"650" "NAPB" -0.0348445910927826 -0.0220919394618072 0 -0.0206674914999707 0 0 -0.0300001194299591 -0.0449566402943433 0 -0.0166642929454168 0 -0.000237054430359731 0 0 0 0 0 -0.0311284165440142 0 -0.0101364968305961 -0.0105363521264625
"651" "NPTXR" 0 0.0177875401801402 0 0.0311607219640835 0 0 0.0151809012870772 0.00870428835959621 0 0.00874981580788956 0.049563662585083 0 0 0 0.0160336549233651 0 0 0 0.0235154827053571 0.0171144480021731 0.00939052579073825
"652" "SLC35B2" -0.0025593808582347 -0.0222713408440077 0 -0.016713598885997 0 0 -0.0597400304125772 -0.0348539040106535 -0.00448775332073529 -0.0206332426538965 -0.0638590559369031 0 0 0 0 0 0 -0.0559391480465174 -0.0230500992185136 0 -0.0152053777094018
"653" "SYNCRIP" 0.0583468532715558 0.0646246564401672 0 0.0552138083444129 0 0 0.0112609607049685 0.0830226913444185 0 0.0269648207600747 0.0971977261054066 0.0173480518736996 0 0 0.0681325755715061 0 0 0 0.0750211786890854 0.0681021981567686 0.0312617760631032
"654" "TTC33" -0.0157028174160981 0 0 0 0 0 0 0 0 -0.0071414219037255 -0.00549972678647495 0 0 0 0 0 0 -0.00811623203911107 -0.0100743308752117 0 -0.00232672645103107
"655" "TP53RK" 0 0 0 0 0 0 0 0 0 0 0 0 0 0 0 0 0 0 -0.00506423884922342 0 -0.000253211942461171
"656" "NUDT1" 0 0 -0.00084913025763157 -0.00886384629944475 0 0 -0.00195016122455476 -0.0198859894551435 0 0 0 0 0 0 -0.0360265693509492 0 0 -0.00691044103392741 0 -0.02648716779012 -0.00504866527058856
"657" "NPTN" 0 -0.010047537381125 0 0 0 0 0 0 0 0 0 0 0 0 0 0 0 0 0 0 -0.000502376869056248
"658" "CLDND1" 0.0208841091099356 0 0 0.0171308353870965 0 0 0 0 0 0.020506688137776 0.0517991829885015 0 0 0 0.0304005460523891 0 0 0 0.0323513072264549 0 0.00865363344510769
"659" "PDE2A" 0 -0.00192005329312828 0 0 0 0 0 0 0 0 0 0 0 0 0 0 0 0 0 0 -9.60026646564139e-05
"660" "GRK2" 0 0 0 0 0 0 0 0 0 0 -0.0100129024058632 0 0 0 0 0 0 0 0 -0.000465035786264533 -0.000523896909606389
"661" "LRBA" 0 -0.00433455580729432 0 -0.000567987510543988 0 0 0 0 0 0 0 0 0 0 -0.00552632219121471 0 0 0 -0.00333160229605782 0 -0.000688023390255541
"662" "BAG1" 0 0 0 0 0 0 0 0 0 -0.0219220015264144 0 0 0 0 0 0 0 0 0 0 -0.00109610007632072
"663" "GMEB1" 0 0 0 0 0 0 0 0 0 0 0 0 0 0 0 0 0 0 0 0.00763451683645457 0.000381725841822728
"664" "TMCO1" 0 0 0 0 0 0 0 0 0 0.00653453215803015 0 0 0 0 0 0 0 0 0 0 0.000326726607901508
"665" "TMEM43" 0 0 0 0 0 0 0 0 0 0 0 0 0 0 0 0 0 0 -0.00672401307408861 0 -0.000336200653704431
"666" "CDK11B" 0 0 0 0 0 0 0 0 0 0 0 0 0 0 0 0 0 0 -0.0233315555302139 0 -0.0011665777765107
"667" "THUMPD3" 0 0 0 0 0 0 0 -0.00448489986783296 0 0 -0.0684674147759649 0 0 0 0 0 0 0 0 0 -0.00364761573218989
"668" "PITPNA" 0 0 0 0 0 0 0 0 0 0.0137388195720628 0 0 0 0 0 0 0 0 0 0 0.000686940978603142
"669" "PLAA" 0 -0.010676635573199 0 0 0 0 0 0 0 0 0 0 0 0 0 0 0 0 0 0 -0.00053383177865995
"670" "PSENEN" -0.00815330010737238 0 -0.00370652948095219 -0.0360503680440812 -0.00451389326196213 0 0 -0.000321678932987488 0 -0.00131946061245809 0 0 0 0 -0.0352662789145174 0 0 0 0 -0.0080387493745688 -0.00486851293644498
"671" "CFAP298" 0 0.0114893563319455 0 0 0 0 0 0 0 0 0 0 0 0 0.0187157117379234 0 0 0 0.0177645959313978 0 0.00239848320006334
"672" "ZFP30" 0.00133310194959864 0.0164346034782027 0 0 0 0 0 0 0 0 0 0 0 0 0 0 0 0 0 0.0197620619929254 0.00187648837103634
"673" "RBMX2" -0.0175201228003302 -0.000918832289806917 0 0 0 0 -0.00586172403811848 0 0 -0.00335666902784859 0 0 0 0 0 0 0 0 0 -0.0177585183117558 -0.002270793323393
"674" "KDM3B" 0.02255117698122 0 0 0 0 0 0 0.0108698368370339 0 0.0197727187573902 0.021180024970947 0 0 0 0.0142597594022058 0 0 0.00247786870636557 0.0206367452202242 0.0391551546719393 0.0075451642773663
"675" "LRPAP1" 0 0 0 -0.0197380983432932 0 0 0 0 0 0 0 -0.0199370761274741 0 0 0 0 0 -0.00106251092295038 -0.0267687906558631 0 -0.00337532380247904
"676" "UBAC1" 0 0 0 0 0 0 0 0 0 0 0 0 0 0 0 0 0 0 0 -0.00759112341178455 -0.000379556170589227
"677" "APRT" 0 -0.0128569240825025 0 0 0 0 0 -0.000174490470145883 0 0 0 0 0 0 0 0 0 0 0 0 -0.000651570727632421
"678" "BCAP31" 0 0.0155768776435239 0 0 0 0 0 2.68684458506254e-05 0 0 0.0111994417045113 0 0 0 0 0 0 0 0.000189284372986823 0.0125797787018214 0.00197861254343471
"679" "VPS53" 0 0.0155953621225786 0 0 0 0 0 0 0 0.020242469750709 0.0275790671657105 0 0 0 0.0229309042344401 0 0 0 0 0.010186753398511 0.00482672783359746
"680" "C15orf61" -0.0302045423293617 -0.0615811889464718 -0.0347431665681207 -0.0116154784728838 -0.0270051790702224 -0.0151467095223559 -0.0315935120794129 -0.0687222684234185 -0.0150461996880908 -0.039624416587653 -0.0359517841829459 -0.0216299928248136 -0.0302214448130006 0 0 0 0 -0.051710298609518 -0.0469546055510312 -0.0554584417734532 -0.0288604614721377
"681" "MYO9B" 0 0.0249465226212582 0 0.0039651540895969 0 0 0 0.0168116753061907 0 0.0288464619394655 0.00998865031559124 0 0 0 0.00814000239553537 0 0 0 0.00892987207994165 0.00455485888114175 0.00530915988143606
"682" "NDUFA10" 0 0.00752134799450717 0 0 0 0 0 0 0 0 0 0 0 0 0 0 0 0 0 0.0205481253027607 0.0014034736648634
"683" "TMEM151B" 0 -0.00685284611389511 0 -0.00524904046950517 0 0 0 0 0 -0.000102701307125616 -0.0119358228393233 0 0 0 0 0 0 -0.00202468930996133 -0.00795866932708924 0 -0.00170618846834499
"684" "ZFX" 0 -0.00307972910205107 0 0 0 0 0 0 0 -0.00124999243424943 0 0 -0.000813768245295997 0 0 0 0 -0.00241410564174815 0 0 -0.000377879771167233
"685" "C6orf89" -0.00925313129076879 -0.0181635425074968 0 0 0 0 -0.00139416217808202 -0.00890818875311094 0 -0.0022828231236736 0 0 0 0 0 0 0 0 -0.00895153075361788 -0.0138220546424672 -0.00313877166246086
"686" "NCOA5" 0 0 0 -0.0280873457323936 0 0 0 -0.0122081103427214 0 -0.0171012825024361 0 0 0 0 0 0 0 0 -0.0100198701527975 -0.000116194961010859 -0.00337664018456797
"687" "SNAPC3" 0 0.0189300160420322 0 0 0 0 0.00657911789311856 0 0 0.0287867247069392 0.00445525617986475 0 0 0 0 0 0 0 0.0232582906172695 0 0.00410047027196121
"688" "EIF4A3" 0 0.0202593010365798 0 0 0 0 0 0 0 0.0145353129725831 0 0 0 0 0.012676508011952 0 0 0 0.0245006467359308 0 0.00359858843785228
"689" "SH3GLB2" 0 -0.00879694333281687 0 0 0 -0.00443832049039059 0 -0.0697832258597905 0 -0.00187774285547115 -0.000657797370215299 0 0 0 0 0 0 0 -0.0604909387376897 0 -0.0073022484323187
"690" "PRKCZ" 0 0 -0.000342627025444938 0 0 0 0 0 0 0 0 0 0 0 0 0 0 0 -0.0143341491010543 0 -0.000733838806324961
"691" "TLE2" -0.00406113448544118 -0.0137749941876144 0 0 0 0 0 0 0 -0.0552028166190966 0 -0.0221994238389654 0 0 0 0 0 0 -0.00240665587898882 -0.00376579849636684 -0.00507054117532366
"692" "AAMP" 0 0 0 0 0 0 -0.0473156213761205 -0.0105583187131169 0 -0.000862209156965668 0 0 0 0 -0.0108365343535734 0 0 0 -0.000545604485751879 0 -0.00350591440427641
"693" "SRR" 0 -0.0230476802952111 0 0 0 0 0 0 0 -0.00415445649691826 -0.0180428608025678 0 0 0 -0.00859757670750198 0 0 -0.00906104071685217 -0.0229329746408904 0 -0.00429182948299708
"694" "TTYH3" 0 0 0 0 0 0 0 0 0 0 0.00376563838907708 0 0 0 0.0128408900782021 0 0 0 0.0160738958243117 0.0403901348091618 0.00365352795503763
"695" "NSF" 0 0 -0.00375881285800191 0 0 0 0 0 0 0 -0.010946699296449 -0.00301868743288276 0 0 0 0 0 0 0 0 -0.000886209979366686
"696" "KANSL2" 0 0 0 0 0 0 -0.00228943586079278 -0.0271793401179235 0 0 0 -0.00288743483155243 0 0 0 0 0 0 -0.00193712507544361 0 -0.00171466679428562
"697" "POLR2C" 0 -0.00149469175283331 0 0 0 0 0 0 0 0 0 0 0 0 0 0 0 0 0 0 -7.47345876416657e-05
"698" "ERLEC1" 0 0 0 0 0 0 0 0 0 0 0 0 0 0 0 0 0 0 0 -0.00500602394259653 -0.000250301197129827
"699" "PPP1R9B" 0 0 0 0 0 0 0 0 0 0 0 0 0 0 0 0 0 0 -0.00607266100426875 0 -0.000303633050213437
"700" "CDK16" 0.0147944366869851 0 0 0 0 0 0 0.0258779583719474 0 0.0428066222003215 0.0354358530433247 0 0 0 0.0153395693791138 0 0 0 0.0140903250135959 0.035301395555527 0.00918230801254077
"701" "IRGQ" 0 0 0 0 0 0 0.00570401107996858 0.00780577615921819 0 0.0334365611784332 0.0189948441091603 0 0 0 0 0 0 0 0.0425821940491986 0.0292186459140264 0.00688710162450026
"702" "TBC1D22A" 0 -0.011397719925218 -0.00169554388177924 0 -0.000928450794287736 0 0 0 0 0 -0.0306857179916647 0 0 0 -0.0499998662440469 0 0 -0.00592645088925389 -0.0278865829070349 -0.0189460411658547 -0.007373318689957
"703" "SF3A3" 0 0.0421067600394713 0 0 0 0 0 0 0 0 0 0 0 0 0 0 0 0 0 0 0.00210533800197356
"704" "USF3" 0 0 0 0 -0.014244337389049 0 0 0 0 -0.011488329004928 -0.00627101312235085 -0.00538698622404913 0 0 -0.0255157921615288 0 0 -0.0117504796933274 -0.0286923942001878 -0.0240034641753456 -0.00636763979853833
"705" "DYNC1I1" 0 0 0 0.0178721587971519 0 0 0 0.0400322962363935 0 0 0 0 0 0 0 0 0 0 0.0350763414896258 0 0.00464903982615856
"706" "BBC3" -0.0982996615422266 -0.0687229807373711 -0.0781493294198766 -0.0828700726115704 -0.0159987063064735 -0.043401116809173 -0.03740874731222 -0.0174186145095546 -0.0207298966720063 -0.0680252318265841 -0.0820831582868973 -0.0243977690465869 -0.0597954769255334 -0.0240516625092667 -0.0602759185193703 0 0 -0.0407237484686986 -0.047471956234649 -0.128254189897924 -0.0499039118817991
"707" "GP1BB" -0.0379206826703438 -0.0232913256244684 -0.00181080399214969 -0.0611443317894699 -0.000719239920578695 -0.0224811177051703 -0.0319800722565358 -0.0480422416342903 0 -0.0559285230413396 -0.0467662530526271 0 -0.0507395569524294 0 -0.0112124128307428 0 0 -0.0541519546413491 -0.0286409470741746 -0.0406150802283897 -0.025772227170703
"708" "RLIM" 0 0 0 0 0 0 0 0 0 0 0 0 0 0 0 0 0 0 0.017050403806845 0 0.00085252019034225
"709" "ZNF286A" 0.00488947328144429 0.0279284900716997 0 0 0 0 0 0.0405103592822379 0 0.0341152345028815 0.0739664515359993 0 0 0 0.043391146207132 0 0 0.0166367458876887 0.0280734267606263 0.015110565447079 0.0142310946488394
"710" "CEP250" -0.000796150106811837 -0.0291352421951839 0 -0.0154406921633125 0 0 -0.00335878949173792 -0.00579931500404385 0 -0.0380246135813623 -0.0383813123209175 0 0 0 -0.0073295048585054 0 0 -0.0226841882843147 -0.00259261835852094 -0.0300889623213291 -0.009681569434302
"711" "EBPL" 0 0 0 0 0 0 0 0 0 0 0 0 0 0 0 0 0 0 0 0.0350951724163345 0.00175475862081673
"712" "GOLGA2" 0 0 0 0 0 0 0 0 0 0 0 0 0 0 0 0 0 0 0 -0.00654519558275095 -0.000327259779137547
"713" "NAA50" 0 0.0209849150328445 0 0 0 0 0 0 0 0.0351558817682083 0.037221297719436 0 0 0 0 0 0 0 0.00891220657758294 0.00990888533084482 0.00560915932144583
"714" "CSMD2" 0.0792184932794289 0.0912560942187109 0.050218539747042 0.0549828987857886 0.0525083083192239 0.00184370858857306 0.0681172651232406 0.0872824451957381 0.0152833436806634 0.102077879646379 0.101600162592377 0.0435889862465545 0.0680066220428084 0.00149546597937818 0.094746482741552 0 0.0163237860053448 0.0720017185669521 0.099715183248424 0.0722256846707726 0.0586246534339476
"715" "MAFG" -0.00106793835535342 -0.0129973224051526 0 -0.039836755133847 0 0 -0.000635141755418356 0 0 -0.0151476416656569 -0.00304896818542596 -0.00913211190697552 0 0 0 0 0 0 -0.00150771741513825 -0.00312472297635425 -0.00432491598996611
"716" "NTMT1" 0 0 0 0 0 0 0 0 0 0 0 0 0 0 0 0 0 -0.0179776084633505 0 0 -0.000898880423167525
"717" "FBXO34" 0 0 -0.013873739113229 0 0 0 0 0 0 0 0 0 0 0 -0.00212654574539027 0 0 0 0 0 -0.000800014242930961
"718" "GPSM1" 0 -0.00107987507259181 0 0 0 0 0 -0.00490492337475736 0 0 0 0 0 0 0 0 0 0 0 0 -0.000299239922367458
"719" "ATN1" 0 0.0244258027729966 0 0 0 0 0 0 0 0 0 0 0 0 0 0 0 0 0 0.00744437450977802 0.00159350886413873
"720" "ENSG00000271254" 0.00655633117759073 0.0287991655625027 0 0 0 0 0 0.0269830328523308 0 0.00592090245479761 0.032808105164423 0 0 0 0 0 0 0 0.0334102305860407 0.0469687508985348 0.00907232593481101
"721" "HLA-A" 0 0 0 -0.00984587328087703 0 0 0 -0.00579684393235882 0 -0.0138570319141546 0 0 0 0 0 0 0 0 0 -0.000624128441020161 -0.00150619387842053
"722" "API5" 0 0 0 0 0 0 0 0 0 0.0148419329404187 0 0 0 0 0 0 0 0 0 0 0.000742096647020934
"723" "FGF14" 0.0485043244901859 0.0467286424194302 0 0.021410523772003 0 0.0265334684694167 0.0197371306458117 0.0413822525245679 0 0.0305402094121715 0.0524613293404108 0.0214844030571715 0.0152102452537585 0 0.0181033821605843 0 0 0.0346988608208344 0.0465639313061167 0.0561188326684661 0.0239738768170465
"724" "PHF2" 0 0 0 0 0 0 0 0 0 0 0.00956959913255686 0 0 0 0 0 0 0 0 0 0.000478479956627843
"725" "DBNDD2" 0 -0.0181715209831678 0 -0.0223231645224097 0 -0.0135143361624966 0 -0.00522169239198949 0 0 -0.00761804914349217 -0.00458494632293767 0 0 0 0 0 -0.0255231362642023 -0.025206216886175 -0.0197903990998095 -0.00709767308883401
"726" "TXNDC9" -0.00122009744268351 -0.00914406689299531 0 0 0 0 0 -0.0326010597867938 0 0 -0.0405052945615345 0 -0.00791031087034491 0 0 0 0 0 -0.028413041672496 -0.0060654711195311 -0.00629296711731895
"727" "STX18" 0 0 0 0 0 0 0 0 0 -0.0164774058506748 0 0 0 0 0 0 0 0 0 0 -0.000823870292533742
"728" "TSR3" 0 0 0 0 0 0 0 0 0 0 0 0 0 0 0 0 0 0 0.00655291205069445 0 0.000327645602534723
"729" "RNH1" 0 0 0 0 0 0 0 0 0 0 -0.0211844135182186 0 0 0 0 0 0 0 0 0 -0.00105922067591093
"730" "DMAC1" 0 0 0 0 0 0 0 0 0 0 0 0 0 0 -0.017150177038538 0 0 0 0 0 -0.0008575088519269
"731" "KARS1" 0 0 0 0 0 0 0 0 0 0 0 0 0 0 0 0 0 0 0.000309357566066027 0 1.54678783033014e-05
"732" "SEPTIN6" 0 0 0 0 0 0 0 0 0 0 0 0 0 0 0 0 0 0 0 -0.00358095161478509 -0.000179047580739254
"733" "ZRANB1" 0 0.0255801842069139 0 0 0 0 0 0 0 0.0386647467508395 0.00828226489381719 0 0 0 0 0 0 0.00787326417689816 0 0.00547141525420881 0.00429359376413388
"734" "XRCC1" -0.0524828823264788 0 0 0 0 0 0 0 0 -0.0051038177385488 0 0 0 0 0 0 0 0 -0.0180168672897974 0 -0.00378017836774125
"735" "NAALADL2" 0 -0.0220208149859795 0 0 -0.0221403304572415 -0.000529732512763814 -0.0148573838977188 -0.014502596259894 0 0 0 0 0 0 -0.00514962429694886 0 0 0 -0.011990621395305 -0.0151150376918191 -0.00531530707488353
"736" "PLPPR2" 0 -0.0175574982053592 0 -0.0252527388836378 -4.03348846175627e-05 -0.00678653958790544 0 -0.00427630237081004 0 -0.0247498502915316 0 -0.0299579987851974 0 0 -0.0223852305486416 0 0 0 -0.0153536884357509 -0.00398035612859743 -0.00751702690610245
"737" "CMBL" 0 0 0 -0.0165906339478963 -0.00839634358727182 0 -0.0124810999937656 -0.0138110483902348 0 -0.018782201872981 -0.048057476550974 0 -0.00933873906079052 0 -0.0166883107550095 0 0 -0.0503982447819302 -0.0488567574449587 -0.00831863195268233 -0.0125859744169247
"738" "ITFG2" 0 0 0 0 0 0 0 0 0 -0.00648994168966861 -0.00378862971258475 0 0 0 0 0 0 0 0 0 -0.000513928570112668
"739" "RYR2" 0 0.012449962796041 0 0 0 0 0.0162340072182918 0 0 0 0 0 0 0 0 0 0 0 0.00914019288376476 0 0.00189120814490488
"740" "ZNF3" 0.00149476923033712 0 0 0 0 0 0 0 0 0 0.0105886054798306 0 0 0 0 0 0 0 0.0325068522078021 0 0.00222951134589849
"741" "CHMP1B" 0.0114712360866271 0.0236305522910891 0 0 0 0 0 0 0 0.00345602461903901 0.0295136410487737 0 0 0 0 0 0 0 0 0 0.00340357270227645
"742" "H1-2" -0.0999346507914087 -0.0894129217277653 -0.0394235481630362 -0.0543992740784159 -0.0358994744390444 0 -0.0895803254096161 -0.0658525108588623 -0.0119999819449125 -0.118286228502817 -0.0400211386915729 -0.0803451905088721 -0.0648498861636833 0 -0.0743137356452709 0 0 -0.0847841329458085 -0.0707188567556737 -0.0846510178951542 -0.0552236437260957
"743" "TBC1D10B" -0.0444901735165509 -0.0396102699436996 0 -0.0140486940636782 -0.0329207197451163 -0.0148456870214519 -0.0106126531923008 -0.0552564772575777 0 -0.050446235014944 -0.0294191876772003 -0.0258946675962757 0 0 -0.0306235692353886 0 0 -0.00717313616103513 -0.0519411962493118 -0.0156847072314945 -0.0211483686953013
"744" "ZNF766" 0 0 0 0 0 0 0 0 0 0 -0.00196687507883142 0 0 0 0 0 0 0 0 0 -9.83437539415709e-05
"745" "WDFY1" 0 0 0 0 0 0 0 0 0 0 0 0 0 0 0.00165717304012898 0 0 0 0 0.00913765654588645 0.000539741479300772
"746" "CKS2" 0 0.0055684854399618 0 0.00278966917855958 0 0 0 0.00388707081679763 0 0.0175102908500749 0 0 0 0 0 0 0 0 0 0.0407285444897248 0.00352420303875593
"747" "RAB30" 0 0 0 0 0 0 0 0.0278717086548551 0 0 0 0 0 0 0 0 0 0.00920763882678138 0 0.00273999153122778 0.00199096695064321
"748" "TMEM177" 0 -0.00359808018773858 -0.00995791228799401 0 -0.00910756666256222 0 0 -0.00374403272269556 0 0 0 -0.00807267895882253 0 0 -0.016548129063561 0 0 -0.0029514330617589 -0.0413102479590943 -0.0772702495115176 -0.00862801652078724
"749" "TBC1D7" 0 0 0 0 0 0 0 0 0 0 0 0 0 0 0 0 0 0 0 0.0048183013947677 0.000240915069738385
"750" "LMTK3" 0 0 0 0 0 0 -0.0140344182363039 0 0 0 0 0 0 0 0 0 0 0 0 0 -0.000701720911815197
"751" "RBM42" 0 0 0 0 0 0 0 0 0 0 0 0 0 0 0 0 0 0 -0.023879482786819 -0.0171557717873188 -0.00205176272870689
"752" "TSFM" -0.00469804722711858 0 0 0 0 0 0 0 0 0 0 0 0 0 0 0 0 0 0 0 -0.000234902361355929
"753" "AFG3L2" 0 0 0 0 0 0 0 0 0 0 0 0 0 0 0 0 0 0 0 -0.00802121615653233 -0.000401060807826617
"754" "MCOLN1" 0 -0.0370515864881744 0 -0.0137984115153003 0 0 -0.0112823032267476 -0.0162158455312317 0 0 0 0 0 0 0 0 0 0 0 0 -0.0039174073380727
"755" "PHTF1" 0 0 0 0 0 0 0 0 0 0 0 0 0 0 0 0 0 0 0 -0.00181115917052534 -9.05579585262672e-05
"756" "NEFM" 0 -0.0185194331901105 0 -0.00654194915432743 0 0 -0.0161227156529896 0 0 0 -0.0130971079442881 -0.0222758379699022 0 0 -0.00227804965286051 0 0 0 -0.0113480137687061 -0.016516652393905 -0.00533498798635447
"757" "LYPD1" 0 0 0 0 0 0 -0.011741279608174 0 0 -0.0245434147612085 0 0 0 0 0 0 0 0 0 0 -0.00181423471846912
"758" "DNAJC4" 0 -0.0220795160555717 0 0 -0.00398813009873954 0 0 0 0 0 0 0 0 0 0 0 0 -0.0255842177099634 0 0 -0.00258259319321373
"759" "SH3RF1" 0 0.00212345990537062 0 0 0 0 0 0 0 0 0 0 0 0 0 0 0 0 0 0 0.000106172995268531
"760" "FH" -0.0105213715765036 -0.0223679080598362 0 0 0 0 0 0 0 -0.0015646244500148 -0.00707949235634455 0 0 0 0 0 0 0 0 -0.0524631016983039 -0.00469982490705015
"761" "POU3F4" -0.0926110691632668 -0.0985762531578296 -0.0492365840174672 0 -0.0366757501895588 -0.0304330109862683 -0.0455542549266293 -0.0546154184030736 0 -0.0722927383840082 -0.092752698374839 -0.0125582682323356 -0.028223869205212 0 -0.0296194002181936 0 0 -0.0355964506388482 -0.0424238878679331 -0.104489764314417 -0.041282970903994
"762" "RCC2" 0.0162477017449644 0.00601938572728349 0 0 0 0 0 0 0 0 0 0 0 0 0 0 0 0 0 0 0.00111335437361239
"763" "NOS1AP" 0 0 0 0 0 0 0 0 0 0 0.00828830386974453 0 0 0 0 0 0 0 0 0 0.000414415193487227
"764" "VARS1" 0 0 0 0 0 0 0 -0.00244995130326543 0 0 0 0 0 0 0 0 0 0 0 0 -0.000122497565163271
"765" "AMZ2" 0.0178296904853625 0.0272741596108878 0 0 0 0 0.0140784151668001 0 0 0.00187872553993543 0.0193037797742709 0 0 0 0 0 0 0 0.0404425202311171 0 0.00604036454041869
"766" "LIMK1" 0 0.0153318295912298 0 0 0 0 0 0 0 0.024807954478286 0 0 0 0 0 0 0 0 0 0.00755514624949238 0.00238474651595041
"767" "FAM118A" -0.0080845372482417 -0.0381711047707875 0 -0.0179869437891279 0 0 -0.00937118767599148 -0.00433289499293367 0 -0.0116896013845016 -0.0366090425641629 -0.00152252551291583 0 0 -0.00153025545831456 0 0 0 0 -0.0418209315315357 -0.00855595124642564
"768" "MTRFR" 0 0.0027171212540275 0 0 0 0 0 0 0 0 0 0 0 0 0 0 0 0 0 0 0.000135856062701375
"769" "TMEM199" 0 0 0 0 0 0 0 0 0 0 0 0 0 0 0 0 0 0 0 -0.0031640294924057 -0.000158201474620285
"770" "FARSA" 0 0 0 0 0 0 0 0 0 0 0 0 0 0 0 0 0 -0.00624101193024058 0 0 -0.000312050596512029
"771" "MICOS13" 0 -0.0046596027040675 0 -0.00693722958778006 0 0 0 0 0 0 0 -0.00224013777174762 0 0 0 0 0 0 0 0 -0.000691848503179759
"772" "RFFL" 0 0.0216853768831314 0 0 0 0 0 0 0 0.0185288703259626 0 0 0 0 0 0 0 0 0 0 0.0020107123604547
"773" "RBFA" 0 0 0 0 0 0 0 0 0 0 0 0 0 0 0 0 0 0 -0.00987631119382734 0 -0.000493815559691367
"774" "DPP3" -0.0615996986917508 -0.0318323832397516 0 -0.0557999482091593 -0.0243161722051615 0 0 0 0 -0.0126398470298325 -0.0548631008049481 -0.024591639240126 0 0 -0.0470008449700467 0 0 -0.000970404258476276 -0.0561320505982889 -4.21797105501333e-05 -0.0184894134479046
"775" "SOCS4" 0 0.0227641514159904 0 0 0 0 0 0 0 0 0.00366513866849161 0 0 0 0 0 0 0 0 0.025461569424427 0.00259454297544545
"776" "RTCB" 0 0 0 0 0 0 -0.00503557317482123 0 0 0 0 0 0 0 0 0 0 0 0 -0.0181335156126644 -0.00115845443937428
"777" "NKRF" -0.0375027745675049 -0.0554409706624056 0 0 -0.0220682066870496 0 -0.0164719943145867 -0.0611936083853796 0 -0.0268809968541927 -0.0144489210674672 -0.0161469479118952 -0.0210690989858515 0 -0.0362386405565225 0 0 -0.0194137720422971 -0.0368737274413216 -0.036884020925314 -0.0200316840200894
"778" "GRK6" -0.0254002399353656 -0.0338013801478206 -0.0158642241135025 -0.010481074675508 0 -0.0219742605767937 0 -0.0330877986744985 0 -0.0460537208031901 -0.0174506687840755 0 0 0 -0.000658163870183279 0 0 0 -0.00739508186647005 -0.0222875470115934 -0.0117227080229501
"779" "GPC4" 0 -0.0276051391017356 -0.0250413109873232 0 0 0 -0.0539787804587874 -0.000326515368869024 0 -0.00406901497340045 -0.015511583735394 0 -0.00697429792844802 0 -0.0254205848521889 0 0 -0.0193695535450486 -0.0297955550232766 0 -0.0104046167987236
"780" "ELK4" -0.0448063860015209 -0.0313313017572144 -0.0529089935669662 -0.0168543530722154 -0.0361785547973824 -0.0201367305718188 -0.0823700394829057 -0.0642771187640504 0 -0.0519851023300691 -0.0465554322748743 0 -0.0294306306379048 0 -0.0664206975214987 0 -0.0170745794792898 -0.0295198695088462 -0.0759824335914858 -0.0919907069432895 -0.0378911465150666
"781" "MAP3K12" 0 -0.0130860210209267 0 0 0 0 0 -0.0386742899735129 0 -0.0349924737733008 0 0 0 0 -0.0120727779501723 0 0 0 -0.0131823469414525 -0.00358190160717639 -0.00577949056332708
"782" "QRICH1" 0 0 0 0 0 0 0 0.0207866112601085 0 0 0 0 0 0 0 0 0 0 0 0 0.00103933056300542
"783" "CREM" 0 0 0 0 0 0 -0.013168060376064 0 0 -0.0248653841066898 -0.0211989612728774 0 0 0 -0.00598679611941498 0 0 0 -0.0156192121603795 -0.0359596828795491 -0.00583990484574874
"784" "IGF2BP1" 0 0 0 0 0 0 0 0 0 0.00990127060413604 0.0166418581592763 0 0 0 0.00639817537013802 0 0 0 0 0.00624086527576823 0.00195910847046593
"785" "VPS37D" 0 0 0 0 0 0 0 0 0 0 0 0 0 0 0 0 0 0 -0.00961448431328596 0 -0.000480724215664298
"786" "ZNF235" -0.00997585105419552 -0.0303860846228029 0 -0.0157976225773266 0 0 -0.00844289098570575 -0.0157776547325329 0 -0.0261089038180321 -0.0348801467503883 -0.0311065637981603 -0.000355580602552408 0 -0.00723233566162787 0 0 -0.00222222111453946 -0.0193927303521459 0 -0.0100839293035005
"787" "GRIK1" 0 0 0 0 0 0 0 0 0 0 -0.0042793491246725 0 0 0 0 0 0 0 0 0 -0.000213967456233625
"788" "ZBED1" 0 0 0 0 0 0 0 0 0 0 0 0 0 0 0 0 0 0 0 -2.16875082514767e-05 -1.08437541257383e-06
"789" "DDRGK1" 0 0 0 0 0 0 0 -0.00911366356940364 0 -0.00628968512189356 0 0 0 0 0 0 0 0 0 0 -0.00077016743456486
"790" "LRIF1" -0.00569879844187272 -0.00482797552444011 -0.0372073899349015 0 0 0 0 -0.0267342896322487 0 0 0 0 0 0 -0.0236442975301777 0 0 0 -0.0364348410503064 0 -0.00672737960569736
"791" "RANBP3" 0 0 0 0 0 0 0 0 0 0 -0.00292606967867891 0 0 0 0 0 0 0 -0.00112215275787305 0 -0.000202411121827598
"792" "SRSF1" 0 0 0 0 0 0 0 0.00073892579717041 0 0 0.0440559768357115 0 0 0 0 0 0 0 0 0 0.00223974513164409
"793" "CREBZF" 0 0 0 0 0 0 0 0 0 -0.0195285820530061 0 0 0 0 -0.0163904938544975 0 0 0 -0.00129287450946686 -0.011161474194598 -0.00241867123057842
"794" "FAM78B" 0 0.0298030672606841 0 0.0608264703598436 0.0508430343075852 0 0 0.0226888501572938 0 0.055712703327045 0.0417904121124737 0.0288523617411949 0 0 0.0172808157563395 0 0 0.0640387962009907 0.0299334997400072 0.0271369928847001 0.0214453501924079
"795" "NSDHL" 0 -0.0234361184047692 0 0 0 0 0 -0.00285088273081989 0 0 0 0 0 0 -0.0238373670522117 0 0 0 0 -0.00142793514416803 -0.00257761516659844
"796" "TGFBR1" 0 0 0 -0.013893732764356 0 0 0 0 0 -0.00134932663699354 0 0 0 0 0 0 0 0 0 0 -0.000762152970067478
"797" "GSPT2" 0 0 0 0 0 0 0 0 0 0 0 0 0 0 0 0 0 0 0 -0.0349049377379417 -0.00174524688689709
"798" "B3GALNT2" -0.0133718484229183 0 0 0 0 0 -0.000574415916686375 -0.0306952713511406 0 0 0 -0.00554768520443637 0 0 0 0 0 0 0 -0.014525058469458 -0.00323571396823198
"799" "POLDIP2" 0 -0.00626879476133208 0 0 0 0 0 0 0 0 0 0 0 0 0 0 0 0 0 0 -0.000313439738066604
"800" "B3GAT1" 0 0 0 0 0 0 0 0 0 0 0 0 0 0 0 0 0 0 0.0098884042940924 0 0.00049442021470462
"801" "FLOT2" 0 0 0 0 0 0 0.00344681506474078 0 0 0 0.00637316009956204 0 0 0 0 0 0 0 0 0 0.000490998758215141
"802" "NAXD" 0 -0.00871382281951164 0 0 -0.00209841675481364 0 0 0 0 0 0 0 0 0 0 0 0 0 0 0 -0.000540611978716264
"803" "LCA5" 0 0 0 0 0 0 0 0.0065845346693416 0 0 0 0 0 0 0 0 0 0 0 0.00998150883062927 0.000828302174998544
"804" "RNF2" 0 0 0 0 0 0 0 0 0 0.00220427519914808 0 0 0 0 0 0 0 0 0 0 0.000110213759957404
"805" "SMARCA1" 0 0 0 -6.21662545582231e-06 0 0 0 0 0 0 0 0 0 0 -0.0106595348743333 0 0 0 0 0 -0.000533287574989456
"806" "SLC39A10" 0 0.0292285019061972 0 0.00835352882979328 0 0 0 0.00444178695692948 0 0 0 0 0 0 0 0 0 0 0.0117806665936969 0.0256260644068348 0.00397152743467259
"807" "DIDO1" 0.00464820407582371 0.0102888857664658 0 0 0 0 0 0 0 0 0 0 0 0 0 0 0 0 0 0.00728057052179019 0.00111088301820398
"808" "YES1" 0 0 0 0 0 0 0 0 0 0 0 0 0 0 0 0 0 0 0 0.0140856902098468 0.00070428451049234
"809" "MGRN1" 0 0 0 0 0 0 0 0 0 0 0 0 0 0 0 0 0 0 0 0.000192863500356976 9.64317501784878e-06
"810" "CLUAP1" -0.0195043184230395 -0.0215040782337769 0 0 0 0 0 0 0 -0.00296422052414613 0 0 0 0 0 0 0 0 0 0 -0.00219863085904813
"811" "CLPTM1" 0 -0.00465956123682875 0 0 0 0 0 0 0 -0.00444369551522945 -0.00220979499497365 0 0 0 -0.0189998920203416 0 0 0 0 -0.0239512993259414 -0.00271321215466574
"812" "ZNF426" 0 0 0 0 0 0 0 0 0 0 0 0 0 0 0 0 0 0 0.0099832558526395 0.00281597461288551 0.000639961523276251
"813" "KIF26B" -0.00550896150569867 -0.0399645827861017 -0.0254996502513064 -0.0448926667800758 0 -0.00694683308234713 -0.0162304687128574 -0.0487945377749277 0 -0.0155755338083031 -0.0144671784372554 0 0 -0.00367005128191424 -0.0126463705672742 0 0 -0.0355478178572506 -0.0180374579095684 -0.0474650328073046 -0.0167623571781093
"814" "NRBF2" 0 -0.0202137016466628 -0.00898661551248865 -0.0316879159688311 -0.00620605615091664 0 0 -0.00900145471796783 0 -0.0221297597898368 -0.00623577044855548 -0.0398700115801968 0 0 -0.0493624020220043 0 0 -0.00447642157152207 -0.0802361907677233 -0.0742956194701941 -0.017635095982345
"815" "LRRC23" -0.0417289641636329 -0.0539925153749468 0 0 0 0 0 -0.036068686594102 0 -0.0288084138807677 -0.0459092236967164 -0.0296391159076993 -0.00150639870171463 0 -0.0408719136691413 0 0 -0.0259043972203152 -0.0312957751047373 -0.0506231643646234 -0.0193174284339198
"816" "RPS6KL1" 0 0 0 0 0 0 0 0 0 0 0 0 0 0 0 0 0 0 0 -0.00283506609783531 -0.000141753304891765
"817" "ISLR2" -0.0322594703173123 0 0 0 0 0 0 0 0 0 0 0 0 0 -0.0280926355622229 0 0 0 0 0 -0.00301760529397676
"818" "FLRT3" 0 0.0447752394848878 0 0.0235785586340825 0 0 0 0 0 0 0.019448950337063 0 0 0 0 0 0 0 0.007321871775481 0.0233529017191827 0.00592387609753485
"819" "TANC1" 0 0 0 0 0 0 0 -0.0120863146391515 0 0 0 0 0 0 0 0 0 -0.00593571189278513 -0.00407310473646123 -0.00777410673461981 -0.00149346190015089
"820" "CORO1A" 0 0 0 0 0 0 0 0 0 -0.00101961285572515 0 0 0 0 0 0 0 0 0 0 -5.09806427862573e-05
"821" "CACNB2" 0 0.0193988918410241 0 0.0223661400177742 0 0 0.0113681109078351 0 0 0 0.0096663042072728 0 0.00554551633522675 0 0 0 0 0.0089295273328415 0.0171322922630012 0.0139606033593433 0.00541836931321595
"822" "PI4KB" 0 0 0 0 0 0 -0.0108946377701298 -0.0297099328110471 0 0 0 0 0 0 0 0 0 0 -0.00589531329846088 0 -0.00232499419398188
"823" "FAM193B" 0 0 0 0 0 0 0 0 0 0 0 0 0 0 0 0 0 0 0.0127521346843122 0 0.000637606734215608
"824" "XBP1" 0 0 0 0 0 0 0 0 0 0.00700216311231546 0.00536528839265802 0 0 0 0 0 0 0 0 0 0.000618372575248674
"825" "GRIK5" 0 -0.00904254480461662 0 0 0 0 0 0 0 0 -0.00932539742923058 0 0 0 0 0 0 0 0 -0.0328957186535187 -0.00256318304436829
"826" "AASS" -0.00318526407684544 0 0 0 0 0 0 -0.0140604913600735 0 -0.0210688404438889 -0.0185039619275694 0 0 0 0 0 0 0 -0.0028469521557091 0 -0.00298327549820432
"827" "CYB5R4" 0 0 0 0 0 0 0 0 0 0 0 0 0 0 0 0 0 0 0 -0.018550819358764 -0.000927540967938198
"828" "ZNF782" 0 0 0 0 0 0 0 0 0 0 0 0 0 0 -0.00779654992910945 0 0 0 0 0 -0.000389827496455472
"829" "UCP2" 0.00508381367140957 0 0 0 0 0 0 0 0 0.0139145119484541 0 0 0 0 0 0 0 0 0 0.0105478873577945 0.00147731064888291
"830" "TECPR1" -0.0233429368780198 -0.0162505353051726 0 0 0 0 0 0 0 0 0 0 0 0 0 0 0 0 0 0 -0.00197967360915962
"831" "RNF121" 0 0 0 0 -0.00387001881683983 0 0 0 0 0 0 0 0 0 0 0 0 0 0 0 -0.000193500940841992
"832" "NAB2" 0 0 0 0 0 0 0 0 0 0 0 0 0 0 -0.0060947091822396 0 0 0 0 0 -0.00030473545911198
"833" "AP1B1" 0 0 0 0 0 0 0 0 0 0 -0.000758952747726403 0 0 0 0 0 0 0 0 0 -3.79476373863201e-05
"834" "STPG4" -0.0046172297658701 0 -0.00332792149077857 0 0 0 0 0 0 0 0 0 0 0 0 0 0 0 0 0 -0.000397257562832433
"835" "CDH12" 0.0908350530388654 0.0750104910588123 0.0499541835945619 0.0635263639291356 0.0584518036360444 0.0205936879727644 0.0663901572290188 0.0873767086479453 0.0196907910363821 0.0754682527445673 0.0802885681057934 0.0573339384031556 0.054530968954503 0.0030067570264383 0.0498036757887679 0 0 0.0864707573357181 0.0778718719423449 0.124272666509046 0.0570438348476933
"836" "GALM" 0 -0.0172997891974164 0 0 0 0 0 0 0 0 0 0 0 0 0 0 0 0 0 0 -0.000864989459870819
"837" "RASL11B" 0 0 0 0 0 0 0 0.00780474356805963 0 0 0 0 0 0 0 0 0 0 0 0 0.000390237178402982
"838" "GPC6" 0.0259068608407972 0 0 0.014939511238843 0 0 0 0.00210931418554645 0 0 0 0 0.00704987969054974 0 0.00804073135303779 0 0 0.0161078398928708 0 0 0.00370770686008225
"839" "FAM184A" -0.0656922642980463 -0.0193516459330764 0 0 -0.00456396479498966 0 0 0 0 -0.026663667349008 0 0 0 0 -0.0182778387771396 0 0 -0.0159609898521792 -0.025137158245826 -0.0248648058587773 -0.0100256167554521
"840" "LRRC55" 0 0.00875154621322276 0 0 0 0 0 0.0230120288632903 0 0.0197196825939807 0 0 0 0 0 0 0 0 0 0 0.00257416288352469
"841" "ZNF318" 0 0 0 0 0 0 0 0 0 -0.00742678626309092 0 0 0 0 0 0 0 0 0 0 -0.000371339313154546
"842" "TSEN15" 0 -0.00271684186507613 0 0 0 0 0 0 0 0 0 0 0 0 0 0 0 0 0 -0.0129867393861745 -0.00078517906256253
"843" "PCCA" -0.0267076465175632 -0.0434619587164606 -0.00286093817070651 -0.0462654237267083 -0.0169985120183805 0 -0.0137044481993805 -0.0488317170551065 -0.00293679209047361 -0.0445501905496708 -0.0245596437598993 -0.0279023189144687 -0.0245934501182472 -0.00937931606318655 -0.0146483106172585 0 0 -0.029387637170355 -0.0192177369010803 -0.0318997153076821 -0.0213952877948314
"844" "SRGAP2C" 0.00946197836304626 0.0159262239798656 0 0 0 0 0 0 0 0 0.00417292927303361 0 0 0 0.0373527383549019 0 0 0 0.0629576297186407 0.0158760375799641 0.00728737686347261
"845" "RMC1" -0.00664894496887302 0 0 0 0 0 0 0 0 0 0 0 0 0 0 0 0 0 0 0 -0.000332447248443651
"846" "SRGAP2B" 0.0255572483125549 0.0179492588008564 0 0.0343221542820082 0 0 0 0.00620000347142671 0 0.0164322153885537 0.0229178468220129 0 0 0 0.0216918656170869 0 0 0.0141607406543223 0.0160922070744585 0.0202295824775876 0.00977765614504342
"847" "NTM" 0 0 0 -0.00195318730715498 0 0 0 -0.00638816381194949 0 0 0 0 0 0 0 0 0 0 0 0 -0.000417067555955223
"848" "ZNF567" 0 0 0 0 0 0 0 0 0 -0.0112827848193143 0 0 0 0 0 0 0 0 0 0 -0.000564139240965716
"849" "WDR45" 0 -0.026423013994953 0 -0.000183155143105414 0 0 -0.00342532364225417 -0.00272984838913136 0 -0.0183986031727094 0 0 0 0 -0.00898274998610948 0 0 0 0 0 -0.00300713471641314
"850" "GNAL" 0 0.0205609378490623 0 0 0 0 0.0112775684221878 0.00607941493863818 0 0 0.0100810401273439 0 0 0 0.0356662523239115 0 0 0 0.00121066082415216 0.0236990480979338 0.00542874612916149
"851" "RALYL" 0 0.00986154113093062 0 0 0 0 0 0 0 0 0 0 0 0 0 0 0 0 0 0 0.000493077056546531
